META 123389 246777 6175011 238364135 2548453 22034426 503488729 3986433 559661741 1771 5819562 61795921 40577089466 552007418 408532619
STRATUM 0 92745 2770507 8
STRATUM 1 31374 3795356 8
STRATUM 2 8899 4153378 8
STRATUM 3 1517 2614298 1517
STRATUM 4 175 1299924 175
STRATUM 5 55 1900809 55
ROW 3 64134 1066 41 26 6 0 0 0 0 32 509 718 151 3 496 376 368 15186 223 124 10 8 1 1 864 10 0 1 0 86321 404264 7835 10 8
TRIPLE 64134 0 0 6 10 8 2 2 10 8 4960 4200 3440 65 4160 65 65 948530 97211
ROW 3 64150 1118 43 26 6 0 0 0 0 32 512 736 145 4 496 375 365 13639 185 101 9 8 1 1 779 8 0 1 0 42940 339013 9498 9 8
TRIPLE 64150 0 0 6 9 8 2 2 9 8 4960 4112 3439 64 4096 64 64 559384 143898
ROW 3 64458 1271 41 31 6 20 3606 0 20 26 401 596 91 1 325 163 127 4714 64 64 8 8 1 1 80 0 0 0 0 41237 159518 1653 8 8
TRIPLE 64458 20 3606 6 8 8 2 2 8 8 2600 1651 1421 66 4224 66 66 308676 120315
ROW 3 64464 1107 41 27 4 0 0 0 0 32 512 718 137 4 496 242 192 7038 100 38 5 4 1 1 1084 8 8 1 1 43701 175938 12764 8 5
TRIPLE 64464 0 0 4 8 5 2 2 5 4 4960 3348 2813 65 4160 65 65 506876 116718
ROW 3 132335 1288 23 56 4 0 0 0 0 32 512 754 126 4 496 495 491 30289 466 256 15 13 1 1 2955 24 7 1 1 79278 992071 31669 16 13
TRIPLE 132335 0 0 4 16 13 3 1 15 13 4960 4959 4954 128 8192 128 64 1131581 199503
ROW 0 152655 24 4 6 4 0 0 0 0 25 298 462 63 0 300 234 215 10615 155 51 9 7 1 1 879 9 2 1 0 60814 259524 7384 11 8
TRIPLE 152655 0 0 4 11 8 3 2 9 7 2300 2029 1927 82 5248 82 72 311131 120044
ROW 3 247664 1085 31 35 6 0 0 0 0 32 512 778 125 4 496 404 340 19344 233 149 14 12 1 1 1117 8 1 1 0 71964 471400 9678 15 13
TRIPLE 247664 0 0 6 15 13 2 2 14 12 4960 4620 4028 86 5504 86 86 643431 151402
ROW 3 247665 1085 31 35 6 0 0 0 0 32 512 822 103 4 496 374 286 14884 168 120 14 12 1 1 535 1 1 0 0 45284 348370 5300 14 13
TRIPLE 247665 0 0 6 14 13 2 2 14 12 4960 4308 3711 76 4864 76 76 608355 111608
ROW 3 247666 1116 31 36 4 0 0 0 0 32 512 770 129 4 496 433 356 20238 232 135 14 11 1 1 1255 9 1 1 0 42519 461731 10650 14 12
TRIPLE 247666 0 0 4 14 12 2 2 14 11 4960 4600 4059 95 6080 95 95 627981 137887
ROW 3 247710 1032 43 24 6 16 2492 4 16 32 512 842 91 4 496 220 202 10562 155 127 10 10 1 1 190 1 1 0 0 46857 257620 2585 10 10
TRIPLE 247710 16 2492 6 10 10 1 1 10 10 4960 3405 2949 67 4288 67 67 487539 98033
ROW 0 248432 60 4 15 6 0 0 0 0 32 512 798 113 4 496 440 375 16967 220 119 15 11 1 1 760 3 1 0 0 45144 391620 7103 16 15
TRIPLE 248432 0 0 6 16 15 2 2 15 11 4960 4712 4434 72 4608 72 72 690047 106088
ROW 3 285109 1116 31 36 4 0 0 0 0 32 512 756 135 4 496 475 471 23291 252 170 11 10 1 1 1547 8 5 1 1 66344 576866 12964 11 10
TRIPLE 285109 0 0 4 11 10 2 2 11 10 4960 4916 4904 65 4160 65 65 689977 108152
ROW 3 288657 1278 18 71 4 0 0 0 0 32 512 740 144 4 496 496 496 31744 496 449 16 14 1 1 3541 32 18 1 1 56044 722468 26941 16 16
TRIPLE 288657 0 0 4 16 16 2 2 16 14 4960 4960 4960 91 5824 91 91 710626 137106
ROW 3 288658 2485 35 71 4 0 0 0 0 32 512 728 150 4 496 477 468 30033 468 438 12 12 1 1 2812 24 14 1 1 39704 701670 21761 16 16
TRIPLE 288658 0 0 4 16 16 1 1 12 12 4960 4917 4904 73 4672 73 73 689516 107761
ROW 3 289543 1054 34 31 4 0 0 0 0 32 512 800 114 4 496 387 336 20943 270 168 14 14 1 1 745 7 2 1 0 46918 482781 6973 16 15
TRIPLE 289543 0 0 4 16 15 1 1 14 14 4960 4505 4055 79 5056 79 79 628673 115305
ROW 3 289654 1088 34 32 6 0 0 0 0 32 512 808 110 4 496 365 286 14774 171 137 14 12 1 1 672 6 2 1 0 42750 352217 6212 15 13
TRIPLE 289654 0 0 6 15 13 1 1 14 12 4960 4126 3703 66 4224 66 66 571566 96270
ROW 3 289676 1376 43 32 4 0 0 0 0 32 512 822 103 4 496 323 249 13338 171 137 11 10 1 1 1233 12 5 1 1 42550 325477 10099 12 10
TRIPLE 289676 0 0 4 12 10 1 1 11 10 4960 3817 3472 67 4288 67 67 524488 97743
ROW 0 359240 28 7 4 6 0 0 0 0 27 370 606 69 2 351 72 51 3190 47 28 2 2 0 0 314 3 1 0 0 48821 81152 3266 3 3
TRIPLE 359240 0 0 6 3 3 2 2 2 2 2925 565 379 87 5568 87 83 113762 136555
ROW 3 578212 3604 68 53 4 0 0 0 0 32 512 688 170 4 496 468 440 28216 440 363 16 15 1 1 2084 16 13 1 1 52789 919536 24585 16 16
TRIPLE 578212 0 0 4 16 16 2 2 16 15 4960 4904 4818 67 4288 67 67 968577 153657
ROW 3 578214 2628 36 73 4 0 0 0 0 32 512 716 156 4 496 468 459 28500 436 350 16 16 1 1 2176 16 16 1 1 62487 942088 23925 16 16
TRIPLE 578214 0 0 4 16 16 2 2 16 16 4960 4898 4505 75 4800 75 75 843062 156642
ROW 3 578222 1040 13 80 4 0 0 0 0 32 512 660 184 4 496 455 440 28191 440 368 16 14 1 1 2022 16 6 1 1 43000 667546 16261 16 16
TRIPLE 578222 0 0 4 16 16 3 3 16 14 4960 4881 4848 128 8192 128 128 826852 286585
ROW 3 578223 1925 25 77 6 0 0 0 0 32 512 676 176 4 496 463 440 28183 440 281 16 13 1 1 1811 16 0 1 0 41307 651866 14457 16 16
TRIPLE 578223 0 0 6 16 16 4 4 16 13 4960 4888 4848 104 6656 104 103 913314 155009
ROW 3 578245 1590 30 53 6 0 0 0 0 32 512 690 168 4 496 468 446 27980 413 205 16 13 1 1 1553 12 0 1 0 41547 673296 18003 16 15
TRIPLE 578245 0 0 6 16 15 2 2 16 14 4960 4904 4853 85 5440 85 85 889359 185065
ROW 3 578246 1749 33 53 6 0 0 0 0 32 512 682 173 4 496 469 409 24044 270 86 13 11 1 1 600 0 0 0 0 57677 689225 7985 16 11
TRIPLE 578246 0 0 6 16 11 2 2 13 11 4960 4904 4665 68 4352 68 68 908284 152354
ROW 3 578251 1325 25 53 6 0 0 0 0 32 512 680 168 4 496 469 344 14881 66 64 8 8 1 1 152 0 0 0 0 57438 468564 2224 8 8
TRIPLE 578251 0 0 6 8 8 2 2 8 8 4960 4904 4312 68 4352 68 68 690589 100478
ROW 3 578261 1027 13 79 4 0 0 0 0 32 512 714 155 4 496 348 319 16476 136 64 8 8 1 1 676 7 0 1 0 44112 430794 6442 8 8
TRIPLE 578261 0 0 4 8 8 2 2 8 8 4960 4344 3799 68 4352 68 68 718640 100437
ROW 3 578272 2190 30 73 6 8 7186 0 8 32 512 720 153 4 496 468 464 28029 381 129 16 8 1 1 1750 15 0 1 0 42519 633282 14367 16 8
TRIPLE 578272 8 7186 6 16 8 2 2 16 8 4960 4735 4433 76 4864 76 76 676873 113042
ROW 3 578273 2409 33 73 6 33 28892 0 33 32 512 720 153 4 496 468 430 22696 198 134 11 8 1 1 856 1 0 0 0 40586 535870 7755 11 8
TRIPLE 578273 33 28892 6 11 8 2 2 11 8 4960 4668 4442 85 5440 85 79 654401 149769
ROW 3 578274 1260 30 42 4 0 0 0 0 32 512 726 149 4 496 468 438 25616 337 192 16 9 1 1 2233 19 1 1 0 40456 578038 17543 16 9
TRIPLE 578274 0 0 4 16 9 2 2 16 9 4960 4501 4376 77 4928 77 77 654341 114333
ROW 3 578275 1386 33 42 6 0 0 0 0 32 512 716 155 4 496 468 403 22457 207 192 9 8 1 1 1509 4 0 1 0 39424 527474 12293 9 8
TRIPLE 578275 0 0 6 9 8 1 1 9 8 4960 4473 4423 68 4352 68 68 634414 100027
ROW 3 578287 1050 25 42 6 0 0 0 0 32 512 698 154 4 496 466 278 17557 208 159 9 9 1 1 722 3 0 0 0 39093 430764 6553 9 9
TRIPLE 578287 0 0 6 9 9 1 1 9 9 4960 4496 3934 67 4288 67 67 599989 98604
ROW 4 581146 8463 31 273 4 0 0 0 0 32 512 708 160 4 496 496 492 29982 463 428 12 13 1 1 2718 21 13 1 1 92192 684858 21290 16 16
TRIPLE 581146 0 0 4 16 16 1 1 12 13 4960 4960 4959 78 4992 78 78 732687 115846
ROW 4 581148 5460 20 273 4 0 0 0 0 32 512 712 158 4 496 496 496 30686 476 386 14 14 1 1 3104 27 11 1 1 40326 723058 24085 16 16
TRIPLE 581148 0 0 4 16 16 2 2 14 14 4960 4960 4960 70 4480 70 70 718480 105086
ROW 4 581150 5460 20 273 4 0 0 0 0 32 512 734 147 4 496 496 496 30608 365 314 16 15 1 1 2443 11 1 1 0 41528 679488 19276 16 16
TRIPLE 581150 0 0 4 16 16 1 1 16 15 4960 4960 4960 126 8064 126 126 727978 183482
ROW 3 581151 3549 13 273 4 0 0 0 0 32 512 702 163 4 496 495 477 30746 475 382 16 15 1 1 3226 26 17 1 1 43902 777781 25066 16 16
TRIPLE 581151 0 0 4 16 16 2 2 16 15 4960 4960 4923 83 5312 83 83 755640 124162
ROW 4 581152 4641 17 273 4 0 0 0 0 32 512 710 159 4 496 487 472 29822 461 325 14 15 1 1 2698 23 4 1 1 42018 753646 28433 16 16
TRIPLE 581152 0 0 4 16 16 4 2 14 15 4960 4944 4908 128 8192 128 81 980700 272348
ROW 4 581154 4641 17 273 6 0 0 0 0 32 512 726 151 4 496 475 469 27460 343 188 16 11 1 1 1473 5 1 1 0 43952 647207 12534 16 11
TRIPLE 581154 0 0 6 16 11 1 1 16 11 4960 4925 4904 99 6336 99 99 722958 145141
ROW 3 584283 1170 39 30 4 0 0 0 0 32 512 746 127 4 496 496 493 16123 125 78 8 6 1 1 784 0 0 1 0 51025 365973 7253 8 6
TRIPLE 584283 0 0 4 8 6 3 3 8 6 4960 4960 4958 79 5056 79 79 714904 114724
ROW 3 595936 1245 15 83 4 0 0 0 0 32 512 762 133 4 496 496 496 28530 433 396 12 13 1 1 3133 24 20 1 1 68487 673116 24516 16 16
TRIPLE 595936 0 0 4 16 16 3 3 12 13 4960 4960 4960 66 4224 66 66 695708 122288
ROW 3 595941 1494 18 83 4 0 0 0 0 32 512 768 129 4 496 496 496 28726 430 415 14 12 1 1 2921 22 19 1 1 45505 663177 22973 16 16
TRIPLE 595941 0 0 4 16 16 2 2 14 12 4960 4960 4960 73 4672 73 73 716096 107931
ROW 3 595942 1743 21 83 4 0 0 0 0 32 512 764 124 4 496 487 478 25378 349 209 13 11 1 1 2362 18 9 1 1 44643 600019 18775 15 13
TRIPLE 595942 0 0 4 15 13 2 2 13 11 4960 4946 4912 69 4416 69 68 716276 103903
ROW 3 595952 1470 15 98 4 0 0 0 0 32 511 758 127 3 496 496 496 26529 244 130 10 8 1 1 2185 8 7 1 1 41237 593347 17352 14 9
TRIPLE 595952 0 0 4 14 9 2 0 10 8 4960 4960 4960 128 8000 64 0 714834 179215
ROW 3 595961 1764 18 98 6 0 0 0 0 32 512 740 129 4 496 496 496 27637 286 52 14 6 1 1 1766 6 3 1 1 39484 622191 14568 16 8
TRIPLE 595961 0 0 6 16 8 1 0 14 6 4960 4960 4960 128 8000 64 0 719793 179235
ROW 3 595962 2058 21 98 6 1 967 1 0 32 484 698 116 3 496 473 467 17159 18 0 2 0 0 0 968 3 0 0 0 37780 367325 8446 2 0
TRIPLE 595962 1 967 6 2 0 0 0 2 0 4960 4916 4880 128 6336 0 0 723169 139670
ROW 3 595964 1350 18 75 6 0 0 0 0 32 512 758 128 4 496 496 474 18291 76 55 6 6 1 1 994 5 3 1 1 40966 416187 8465 8 8
TRIPLE 595964 0 0 6 8 8 2 0 8 6 4960 4960 4910 128 6016 64 0 709253 135152
ROW 3 595966 1575 21 75 6 2 2016 2 1 32 512 752 126 4 496 494 489 8022 5 2 1 1 0 0 594 2 0 0 0 41899 197549 8306 1 1
TRIPLE 595966 2 2016 6 1 1 0 0 1 1 4960 4957 4946 128 4512 0 0 896573 140422
ROW 3 596060 2610 15 174 4 0 0 0 0 32 512 774 127 4 496 496 496 28759 410 191 14 9 1 1 2657 20 7 1 1 59972 834086 29615 16 11
TRIPLE 596060 0 0 4 16 11 3 2 14 9 4960 4960 4960 128 8192 128 32 717418 290783
ROW 3 596069 3132 18 174 6 0 0 0 0 32 512 752 131 4 496 496 496 29365 433 103 14 9 1 1 2100 18 3 1 1 59451 942519 23143 16 10
TRIPLE 596069 0 0 6 16 10 3 0 14 9 4960 4960 4960 128 8192 128 0 757453 242052
ROW 3 596070 3654 21 174 6 0 0 0 0 29 512 782 106 4 406 403 400 19755 51 1 3 1 0 0 1614 3 2 0 0 52317 484735 16160 3 1
TRIPLE 596070 0 0 6 3 1 1 0 3 1 3654 3651 3646 128 8000 64 0 589911 252261
ROW 3 596071 2466 18 137 6 0 0 0 0 32 512 760 124 4 496 496 404 19060 81 56 7 7 1 1 1075 7 3 1 1 51656 482229 9538 8 8
TRIPLE 596071 0 0 6 8 8 2 0 7 7 4960 4960 4482 128 6864 64 0 691650 213829
ROW 3 596072 2877 21 137 6 0 0 0 0 30 503 762 104 3 435 431 412 7682 6 0 1 0 0 0 653 3 1 0 0 41347 175938 6072 2 0
TRIPLE 596072 0 0 6 2 0 0 0 1 0 4060 4057 4025 128 5584 0 0 562379 123159
ROW 3 597535 2023 17 119 6 0 0 0 0 32 486 714 126 3 496 496 491 25605 370 38 8 6 1 1 2181 16 0 1 0 69540 584250 17433 16 6
TRIPLE 597535 0 0 6 16 6 2 2 8 6 4960 4960 4953 76 4864 76 76 701499 113391
ROW 3 597539 1666 17 98 4 0 0 0 0 31 500 734 118 3 465 423 419 17539 232 74 8 6 1 1 1980 16 1 1 0 48250 395107 15800 11 6
TRIPLE 597539 0 0 4 11 6 3 0 8 6 4495 4319 3969 69 4416 69 0 611410 101189
ROW 3 597540 2023 17 119 6 197 340826 0 197 30 487 734 101 3 435 377 251 9483 16 0 2 0 0 0 693 0 0 0 0 42229 215763 6212 2 0
TRIPLE 597540 197 340826 6 2 0 0 0 2 0 4060 3388 3388 128 5760 0 0 484303 126907
ROW 3 597548 2329 17 137 4 0 0 0 0 32 512 762 131 4 496 496 491 25864 376 182 8 15 1 1 2469 16 0 1 0 42559 609798 19546 16 15
TRIPLE 597548 0 0 4 16 15 2 2 8 15 4960 4960 4955 74 4736 74 74 685188 110536
ROW 3 597549 2958 17 174 4 0 0 0 0 32 512 754 125 4 496 446 444 19859 248 219 8 8 1 1 2221 16 11 1 1 53219 461882 17814 12 12
TRIPLE 597549 0 0 4 12 12 3 3 8 8 4960 4789 4542 65 4160 65 65 674829 95698
ROW 3 597550 2329 17 137 6 7 12911 0 7 32 512 792 103 4 496 441 380 17291 144 0 11 0 1 0 1205 7 0 1 0 42138 391330 10270 11 0
TRIPLE 597550 7 12911 6 11 0 3 0 11 0 4960 4477 4202 128 6844 78 0 637439 152765
ROW 3 597566 1044 6 174 4 0 0 0 0 32 512 810 109 4 496 342 248 16133 248 132 8 10 1 1 1754 16 7 1 1 46035 381672 14156 12 10
TRIPLE 597566 0 0 4 12 10 2 2 8 10 4960 3952 3785 67 4288 67 67 581154 98975
ROW 3 600259 1743 21 83 4 0 0 0 0 28 512 788 115 4 378 375 367 20301 293 192 8 8 1 1 2208 16 16 1 1 43061 488191 17202 14 10
TRIPLE 600259 0 0 4 14 10 2 2 8 8 3276 3276 3268 69 4416 69 69 447795 101599
ROW 3 600261 1960 20 98 4 0 0 0 0 32 487 738 117 3 496 496 496 28306 316 283 12 13 1 1 2890 21 18 1 1 40375 659400 22672 15 15
TRIPLE 600261 0 0 4 15 15 4 4 12 13 4960 4960 4960 128 8192 128 128 695738 184805
ROW 3 600264 2380 20 119 6 0 0 0 0 32 476 720 115 3 496 496 495 23460 193 153 8 8 1 1 1873 5 2 1 0 37891 524668 15239 8 8
TRIPLE 600264 0 0 6 8 8 3 3 8 8 4960 4960 4960 79 5056 79 75 706278 120645
ROW 3 600266 2646 27 98 4 0 0 0 0 24 479 718 112 3 276 276 268 16118 245 143 8 8 1 1 2132 16 11 1 1 38241 379167 16611 12 11
TRIPLE 600266 0 0 4 12 11 4 4 8 8 2024 2024 2013 128 8192 128 128 265465 183963
ROW 3 600267 3213 27 119 6 15 21763 0 15 24 468 706 107 3 276 276 268 14317 48 0 6 0 1 0 1139 0 0 0 0 36598 319957 9427 6 0
TRIPLE 600267 15 21763 6 6 0 3 0 6 0 2024 2024 2010 83 5312 83 0 268160 118851
ROW 3 600269 2058 21 98 6 7 9264 0 7 27 487 720 120 3 351 351 345 15896 62 4 5 2 1 0 1284 1 0 0 0 36719 341186 10530 5 2
TRIPLE 600269 7 9264 6 5 2 3 0 6 2 2925 2925 2921 114 7182 76 0 412619 159729
ROW 3 600270 1071 9 119 6 0 0 0 0 32 509 728 138 3 496 496 496 22168 163 29 11 4 1 1 1605 9 5 1 1 40205 491056 13285 11 4
TRIPLE 600270 0 0 6 11 4 2 2 11 5 4960 4960 4960 95 6071 92 28 723991 138618
ROW 3 600271 2499 21 119 6 73 90343 5 73 27 469 714 107 3 351 351 231 5475 0 0 0 0 0 0 360 0 0 0 0 35807 125634 3566 0 0
TRIPLE 600271 73 90343 6 0 0 1 0 1 0 2925 2925 2125 112 4779 1 0 372434 105718
ROW 4 600278 5916 34 174 4 0 0 0 0 32 512 734 138 4 496 496 496 29298 440 299 12 13 1 1 2895 21 18 1 1 42479 678816 28173 16 16
TRIPLE 600278 0 0 4 16 16 4 4 12 13 4960 4960 4960 128 8192 128 128 686510 232504
ROW 4 600280 4658 34 137 4 0 0 0 0 32 512 728 141 4 496 496 496 28569 328 149 12 7 1 1 2454 20 3 1 1 43812 742835 19245 16 7
TRIPLE 600280 0 0 4 16 7 2 2 12 7 4960 4960 4960 97 6208 97 97 791116 143517
ROW 4 600282 4698 27 174 4 0 0 0 0 32 512 766 124 4 496 471 446 24891 376 311 8 8 1 1 2211 16 16 1 1 41768 675140 24525 16 15
TRIPLE 600282 0 0 4 16 15 3 3 8 8 4960 4910 4782 76 4864 76 76 962857 169035
ROW 3 600283 3699 27 137 6 0 0 0 0 32 512 768 123 4 496 478 455 23841 248 6 8 2 1 0 1635 15 0 1 0 58279 563481 13335 12 2
TRIPLE 600283 0 0 6 12 2 3 1 8 2 4960 4920 4863 76 4864 76 6 709183 112370
ROW 3 600284 1566 9 174 4 0 0 0 0 32 512 736 141 4 496 496 496 28583 431 182 13 11 1 1 2954 23 4 1 1 40836 649902 33172 16 11
TRIPLE 600284 0 0 4 16 11 4 3 13 11 4960 4960 4960 128 8192 128 64 932950 308806
ROW 3 600285 3654 21 174 6 0 0 0 0 32 512 760 130 4 496 480 469 24605 291 78 9 8 1 1 1638 16 0 1 0 58169 602163 13425 14 8
TRIPLE 600285 0 0 6 14 8 4 1 9 8 4960 4930 4909 128 8192 128 17 725854 185245
ROW 3 600286 1233 9 137 4 0 0 0 0 32 512 726 146 4 496 496 496 24769 197 44 14 6 1 1 1843 9 4 1 1 40475 634524 15168 14 7
TRIPLE 600286 0 0 4 14 7 2 2 14 6 4960 4960 4960 128 8192 128 64 987964 239476
ROW 3 600287 2877 21 137 6 0 0 0 0 32 512 786 117 4 496 486 345 9468 19 0 2 0 0 0 474 0 0 0 0 41888 217526 4689 2 0
TRIPLE 600287 0 0 6 2 0 1 0 2 0 4960 4947 4321 128 7720 14 0 691901 170137
ROW 3 600300 1909 23 83 4 0 0 0 0 26 512 800 110 4 325 302 285 17426 213 65 8 7 1 1 1982 16 6 1 1 41888 405757 15529 12 7
TRIPLE 600300 0 0 4 12 7 3 3 8 7 2600 2539 2495 66 4224 66 66 347438 97171
ROW 3 600302 1568 16 98 6 0 0 0 0 32 504 720 137 3 496 468 462 24777 246 66 9 6 1 1 1824 17 1 1 0 38462 561639 14577 12 6
TRIPLE 600302 0 0 6 12 6 3 1 9 6 4960 4904 4897 128 8192 128 10 701830 184414
ROW 3 600304 1904 16 119 4 0 0 0 0 32 494 700 137 3 496 468 462 14125 43 1 4 1 1 0 599 3 1 1 0 37390 312092 5701 4 1
TRIPLE 600304 0 0 4 4 1 2 2 4 2 4960 4904 4897 128 7552 64 32 737997 168745
ROW 3 600308 1426 23 62 6 2 2651 0 2 26 486 740 112 3 325 306 296 13228 16 0 1 0 0 0 1182 0 0 0 0 38312 285593 9958 1 0
TRIPLE 600308 2 2651 6 1 0 0 0 1 0 2600 2543 2523 68 3060 0 0 358008 67646
ROW 3 600312 1725 23 75 6 44 51805 11 43 25 504 770 112 3 300 293 284 5903 0 0 0 0 0 0 387 0 0 0 0 39734 132707 3747 0 0
TRIPLE 600312 44 51805 6 0 0 0 0 0 0 2300 2289 2263 126 2754 0 0 313886 62046
ROW 4 600323 4524 26 174 6 0 0 0 0 32 512 754 133 4 496 468 455 22074 132 8 11 1 1 0 1576 1 0 0 0 40105 494623 13124 11 1
TRIPLE 600323 0 0 6 11 1 1 0 11 1 4960 4902 4861 70 4273 1 0 700086 95318
ROW 3 600324 3562 26 137 6 0 0 0 0 32 512 742 136 4 496 478 466 12498 0 0 0 0 0 0 596 0 0 0 0 39274 274903 8225 0 0
TRIPLE 600324 0 0 6 0 0 0 0 0 0 4960 4912 4900 112 5800 0 0 814009 185246
ROW 3 600325 4002 23 174 6 0 0 0 0 32 512 762 128 4 496 420 395 18957 60 1 4 1 1 0 1433 0 0 0 0 58629 596964 12203 4 1
TRIPLE 600325 0 0 6 4 1 0 0 4 1 4960 4648 4477 67 4071 0 0 675611 90249
ROW 3 600326 1392 8 174 6 0 0 0 0 30 512 792 113 4 435 360 349 10559 87 1 6 1 1 0 404 0 0 0 0 74008 239426 4117 6 1
TRIPLE 600326 0 0 6 6 1 3 0 6 1 4060 3750 3696 128 5816 64 0 593687 179676
ROW 3 600327 3151 23 137 6 0 0 0 0 32 512 764 127 4 496 454 402 7627 0 0 0 0 0 0 412 0 0 0 0 40586 203329 4268 0 0
TRIPLE 600327 0 0 6 0 0 0 0 0 0 4960 4829 4584 78 2882 0 0 735683 63809
ROW 3 600328 1096 8 137 6 0 0 0 0 30 509 786 108 3 435 350 160 1702 0 0 0 0 0 0 136 0 0 0 0 40816 49463 2074 0 0
TRIPLE 600328 0 0 6 0 0 0 0 0 0 4060 3735 1602 128 640 0 0 410185 15759
ROW 3 600748 1785 51 35 4 0 0 0 0 32 512 766 129 4 496 376 373 19628 264 144 8 9 1 1 1813 16 0 1 0 50734 471599 14667 12 9
TRIPLE 600748 0 0 4 12 9 3 0 8 9 4960 4070 4054 66 4224 66 0 587365 104104
ROW 3 601087 1190 34 35 4 0 0 0 0 32 512 730 130 4 496 408 390 16569 23 0 5 0 1 0 900 0 0 1 0 45135 439931 10841 5 0
TRIPLE 601087 0 0 4 5 0 3 0 5 0 4960 4584 4337 71 4544 71 0 903285 137566
ROW 3 601120 1312 41 32 6 0 0 0 0 31 512 744 124 4 465 465 336 10310 17 0 4 0 1 0 419 1 0 0 0 68769 258262 4849 4 0
TRIPLE 601120 0 0 6 4 0 1 0 4 0 4495 4495 3887 70 2374 1 0 739230 53990
ROW 3 601222 1504 47 32 4 0 0 0 0 32 512 760 132 4 496 496 475 17868 71 22 9 4 1 1 1288 8 3 1 1 46427 432777 10910 10 4
TRIPLE 601222 0 0 4 10 4 4 0 9 4 4960 4960 4925 85 5440 85 0 727448 122960
ROW 3 601244 1248 39 32 6 0 0 0 0 32 512 754 126 4 496 463 425 12817 18 0 2 0 0 0 844 0 0 0 0 42860 311431 7615 2 0
TRIPLE 601244 0 0 6 2 0 2 0 3 0 4960 4737 4422 70 4480 70 0 654501 115204
ROW 3 601252 1365 39 35 6 0 0 0 0 32 512 744 121 4 496 479 471 12718 5 1 2 1 0 0 721 0 0 0 0 38973 291083 6712 2 1
TRIPLE 601252 0 0 6 2 1 1 0 3 1 4960 4921 4851 65 3802 26 0 796086 85179
ROW 3 601634 1190 34 35 6 103 149720 6 103 32 512 728 139 4 496 397 330 14037 32 6 2 1 0 0 859 0 0 0 0 39904 308786 7674 2 1
TRIPLE 601634 103 149720 6 2 1 1 0 2 1 4960 4291 4219 64 4096 64 0 679298 101238
ROW 3 601641 1435 41 35 6 0 0 0 0 27 506 752 113 3 351 280 32 3191 0 0 0 0 0 0 158 0 0 0 0 40776 78316 2033 0 0
TRIPLE 601641 0 0 6 0 0 0 0 0 0 2925 2433 889 79 3201 0 0 297205 70732
ROW 3 601663 1225 35 35 6 3 4031 0 3 32 503 750 121 3 496 374 180 4909 0 0 0 0 0 0 187 0 0 0 0 40155 171249 2545 0 0
TRIPLE 601663 3 4031 6 0 0 0 0 0 0 4960 4381 1959 126 2672 0 0 505213 60052
ROW 3 601664 1365 39 35 6 171 250836 39 171 32 512 714 136 4 496 488 485 10133 3 0 1 0 0 0 864 0 0 0 0 44323 225952 7503 1 0
TRIPLE 601664 171 250836 6 1 0 0 0 1 0 4960 4960 4937 128 4713 0 0 722247 104404
ROW 4 601766 8736 32 273 4 0 0 0 0 32 512 726 151 4 496 487 468 28997 444 243 12 15 1 1 2222 18 0 1 0 41176 685158 17834 16 15
TRIPLE 601766 0 0 4 16 15 2 2 12 15 4960 4946 4904 77 4928 77 77 703242 115285
ROW 4 601767 8736 32 273 6 0 0 0 0 32 512 734 147 4 496 487 457 26439 253 80 14 8 1 1 1265 1 1 0 0 46728 591965 10700 16 8
TRIPLE 601767 0 0 6 16 8 1 1 14 8 4960 4944 4888 77 4928 77 9 696659 113202
ROW 4 601781 7098 26 273 4 0 0 0 0 32 512 702 162 4 496 481 470 26312 370 214 10 14 1 1 2241 17 2 1 0 51366 622361 17784 16 14
TRIPLE 601781 0 0 4 16 14 1 1 10 14 4960 4924 4871 72 4608 72 72 697081 107691
ROW 3 601906 3250 26 125 6 0 0 0 0 32 512 732 139 4 496 496 494 21995 238 103 11 8 1 1 1912 14 0 1 0 45344 517505 19627 13 8
TRIPLE 601906 0 0 6 13 8 3 1 11 8 4960 4960 4959 128 8192 128 64 948069 304759
ROW 3 601909 2625 21 125 6 0 0 0 0 32 512 786 114 4 496 430 422 23176 272 96 10 9 1 1 2037 15 3 1 1 64961 574071 16772 15 9
TRIPLE 601909 0 0 6 15 9 3 1 10 9 4960 4637 4589 128 8192 128 17 827484 227925
ROW 4 601915 9282 34 273 4 0 0 0 0 32 512 702 141 4 496 467 448 25761 338 176 10 13 1 1 2050 12 2 1 0 45976 839336 16591 16 13
TRIPLE 601915 0 0 4 16 13 3 1 11 13 4960 4880 4745 126 8064 126 64 911220 184424
ROW 3 601931 1143 9 127 4 0 0 0 0 32 512 760 134 4 496 376 256 18758 201 90 14 10 1 1 561 0 0 1 0 48711 452965 5330 14 10
TRIPLE 601931 0 0 4 14 10 3 0 14 10 4960 4400 3838 73 4672 73 0 616430 107090
ROW 3 601932 1314 9 146 4 0 0 0 0 32 512 750 138 4 496 316 237 7230 53 0 7 0 1 0 117 0 0 1 0 43802 172903 1993 8 0
TRIPLE 601932 0 0 4 8 0 2 2 7 2 4960 4064 2998 128 7408 64 64 533345 182971
ROW 3 601935 1116 9 124 6 0 0 0 0 32 488 716 128 2 496 212 93 2531 9 8 1 1 0 0 143 1 0 0 0 39273 69580 1934 1 1
TRIPLE 601935 0 0 6 1 1 1 0 1 1 4960 2870 1824 76 4864 76 0 379869 108653
ROW 3 601936 1341 9 149 6 0 0 0 0 32 467 694 114 2 496 196 82 3087 25 11 2 2 0 0 247 1 0 0 0 36689 82854 2865 3 2
TRIPLE 601936 0 0 6 3 2 2 1 2 2 4960 2537 1235 94 5605 51 28 325678 124792
ROW 3 601937 2794 22 127 4 0 0 0 0 32 512 730 149 4 496 461 404 23243 247 181 16 15 1 1 1610 8 4 1 1 42039 525210 13215 16 15
TRIPLE 601937 0 0 4 16 15 1 1 16 15 4960 4747 4624 80 5120 80 47 689376 118412
ROW 3 601938 3212 22 146 4 0 0 0 0 32 493 700 145 3 496 467 320 19682 242 34 15 3 1 1 1122 7 3 1 1 37259 458035 32130 15 3
TRIPLE 601938 0 0 4 15 3 2 2 15 3 4960 4813 4124 114 7296 114 64 653038 164948
ROW 3 601941 2728 22 124 4 0 0 0 0 32 480 678 143 3 496 392 321 15660 137 48 8 5 1 1 830 7 3 1 1 37580 353940 7313 8 7
TRIPLE 601941 0 0 4 8 7 2 2 8 5 4960 4624 3788 78 4992 78 71 636728 113491
ROW 3 601942 3278 22 149 6 0 0 0 0 32 486 692 142 3 496 330 231 11101 65 33 7 5 1 1 447 1 0 0 0 36058 252411 4559 8 6
TRIPLE 601942 0 0 6 8 6 1 0 7 5 4960 3889 2248 73 4489 20 0 464436 114564
ROW 3 601970 3302 26 127 6 0 0 0 0 32 512 730 141 4 496 496 496 19302 138 50 8 4 1 1 1308 2 1 0 0 38812 432517 11201 8 4
TRIPLE 601970 0 0 6 8 4 1 0 8 4 4960 4960 4960 66 4224 66 0 713972 96249
ROW 3 601971 3796 26 146 6 0 0 0 0 32 512 722 144 4 496 496 429 14065 80 8 5 1 1 0 797 3 1 0 0 37610 314957 7203 5 1
TRIPLE 601971 0 0 6 5 1 1 1 5 2 4960 4960 4638 122 7616 58 58 694987 169286
ROW 3 601974 3224 26 124 6 0 0 0 0 32 512 710 149 4 496 467 360 10146 21 7 3 1 0 0 643 3 1 0 0 37239 232163 6091 4 1
TRIPLE 601974 0 0 6 4 1 1 0 3 1 4960 4867 3755 69 4372 65 0 646386 97822
ROW 3 601975 3874 26 149 6 0 0 0 0 32 503 714 139 3 496 371 285 6815 37 23 4 4 1 1 499 2 1 0 0 37840 161030 5019 5 4
TRIPLE 601975 0 0 6 5 4 1 0 4 4 4960 4332 2956 65 3740 13 0 555717 83756
ROW 3 601978 2667 21 127 6 0 0 0 0 32 512 770 119 4 496 432 420 18106 126 31 10 7 1 1 1246 4 4 1 1 40996 405386 10429 10 7
TRIPLE 601978 0 0 6 10 7 1 0 10 7 4960 4690 4603 67 4235 42 0 679107 96210
ROW 3 601979 3066 21 146 6 0 0 0 0 32 510 754 120 3 496 443 295 10265 20 10 3 2 0 0 763 4 4 1 1 38582 237052 6712 4 2
TRIPLE 601979 0 0 6 4 2 1 0 3 2 4960 4737 3897 128 6960 52 0 643781 154619
ROW 3 601982 2604 21 124 6 0 0 0 0 32 503 738 121 3 496 344 319 5656 16 10 2 2 0 0 713 4 4 1 1 37891 136695 6343 4 2
TRIPLE 601982 0 0 6 4 2 0 0 2 2 4960 4280 3199 64 3836 0 0 572688 84779
ROW 3 601983 3129 21 149 6 0 0 0 0 32 495 724 120 3 496 355 174 4131 16 10 3 2 0 0 680 4 4 1 1 37581 105387 6221 4 3
TRIPLE 601983 0 0 6 4 3 1 1 3 2 4960 3329 2423 67 3376 3 3 460339 75049
ROW 3 602048 1209 31 39 4 0 0 0 0 32 512 744 140 4 496 496 496 31332 485 449 16 15 1 1 3502 28 22 1 1 43070 729361 26831 16 16
TRIPLE 602048 0 0 4 16 16 3 3 16 15 4960 4960 4960 128 8192 128 128 670972 186218
ROW 3 602099 1638 6 273 4 0 0 0 0 32 512 748 140 4 496 440 440 25668 388 121 16 13 1 1 1654 16 7 1 1 63629 580874 13335 16 14
TRIPLE 602099 0 0 4 16 14 3 3 16 13 4960 4665 4400 128 8192 128 128 665862 185306
ROW 3 602132 2875 23 125 4 0 0 0 0 32 512 736 145 4 496 481 474 26100 389 113 10 10 1 1 2265 19 1 1 0 46717 664751 18063 16 11
TRIPLE 602132 0 0 4 16 11 2 1 10 10 4960 4928 4918 128 8192 128 64 732768 254545
ROW 3 602136 2921 23 127 6 0 0 0 0 32 512 728 149 4 496 478 473 24694 182 55 14 7 1 1 1891 4 1 1 0 43040 587766 16551 15 7
TRIPLE 602136 0 0 6 15 7 1 1 14 7 4960 4921 4899 64 4096 64 7 716847 95147
ROW 3 602137 3358 23 146 6 0 0 0 0 32 512 730 147 4 496 477 474 20968 90 3 8 1 1 0 1125 3 1 0 0 40465 479705 9788 8 1
TRIPLE 602137 0 0 6 8 1 2 1 8 2 4960 4919 4901 127 8110 118 27 696038 231733
ROW 3 602139 1168 8 146 6 0 0 0 0 32 512 754 132 4 496 431 275 6192 24 0 3 0 0 0 179 0 0 0 0 40665 177962 2585 3 0
TRIPLE 602139 0 0 6 3 0 1 1 4 1 4960 4694 3481 128 5393 60 11 615709 152715
ROW 3 602142 2852 23 124 6 0 0 0 0 32 512 714 149 4 496 484 357 15348 27 5 3 1 0 0 762 3 1 0 0 39454 366775 7043 3 1
TRIPLE 602142 0 0 6 3 1 1 1 3 1 4960 4934 4246 65 4158 64 1 712168 93755
ROW 3 602143 3427 23 149 6 0 0 0 0 32 512 714 138 4 496 372 333 11043 23 8 2 2 0 0 602 3 1 0 0 40355 248053 6211 4 2
TRIPLE 602143 0 0 6 4 2 1 1 2 2 4960 4398 3506 67 4164 11 1 601402 108222
ROW 3 602145 1192 8 149 6 0 0 0 0 32 512 748 116 4 496 184 69 700 0 0 0 0 0 0 115 0 0 0 0 39634 29445 1934 0 0
TRIPLE 602145 0 0 6 0 0 0 0 0 0 4960 2346 1420 76 541 0 0 322672 13425
ROW 4 873827 11501 53 217 4 0 0 0 0 32 512 714 157 4 496 470 468 29954 468 452 12 12 1 1 2956 24 18 1 1 40635 715395 23524 16 16
TRIPLE 873827 0 0 4 16 16 2 2 12 12 4960 4906 4904 69 4416 69 69 693914 103624
ROW 5 873828 16483 53 311 4 0 0 0 0 32 512 710 159 4 496 494 468 30178 468 443 12 12 1 1 2922 24 18 1 1 56686 724732 22632 16 16
TRIPLE 873828 0 0 4 16 16 2 2 12 12 4960 4959 4904 77 4928 77 77 688535 115175
ROW 4 885055 8151 39 209 4 0 0 0 0 32 512 748 140 4 496 417 295 18357 212 150 14 12 1 1 2096 16 16 1 1 74309 426947 16652 16 12
TRIPLE 885055 0 0 4 16 12 2 2 14 12 4960 3974 3700 69 4416 69 69 554013 101189
ROW 3 885056 2926 14 209 4 0 0 0 0 32 512 724 152 4 496 432 281 15108 176 153 14 11 1 1 2116 16 12 1 1 43040 355102 16792 15 14
TRIPLE 885056 0 0 4 15 14 3 3 14 11 4960 3850 3741 66 4224 66 66 556428 97081
ROW 3 885076 1365 5 273 4 0 0 0 0 32 512 724 152 4 496 476 468 29911 466 335 15 13 1 1 2698 24 8 1 1 42640 683295 21029 16 16
TRIPLE 885076 0 0 4 16 16 1 1 15 13 4960 4914 4892 79 5056 79 79 702000 117318
ROW 3 885077 3822 14 273 6 0 0 0 0 32 512 736 146 4 496 441 398 25601 339 147 14 9 1 1 2272 22 3 1 1 39774 591012 17933 14 9
TRIPLE 885077 0 0 6 14 9 3 1 14 9 4960 4568 4287 88 5632 88 24 641858 129171
ROW 3 885078 1365 5 273 4 0 0 0 0 32 512 762 133 4 496 469 454 27494 325 213 15 9 1 1 1646 8 4 1 1 41898 624265 13214 15 9
TRIPLE 885078 0 0 4 15 9 1 1 15 9 4960 4882 4415 65 4160 65 65 670982 97011
ROW 3 885079 3822 14 273 6 0 0 0 0 32 512 752 138 4 496 389 300 14265 163 21 8 3 1 1 1151 7 4 1 1 40326 333051 9688 9 4
TRIPLE 885079 0 0 6 9 4 2 1 8 3 4960 4313 4024 107 6848 107 43 605851 157073
ROW 4 885080 4914 18 273 4 0 0 0 0 32 512 740 144 4 496 465 413 19781 270 132 13 9 1 1 2436 22 6 1 1 41367 466219 19045 14 9
TRIPLE 885080 0 0 4 14 9 3 2 13 9 4960 4467 4385 128 8192 128 64 624465 196697
ROW 4 885082 10647 39 273 6 0 0 0 0 32 512 738 145 4 496 362 277 18050 202 43 13 6 1 1 1713 11 0 1 0 40385 409394 14036 14 6
TRIPLE 885082 0 0 6 14 6 2 0 13 6 4960 4179 3811 67 4288 67 0 584861 97502
ROW 3 885083 3822 14 273 6 0 0 0 0 32 512 730 148 4 496 363 208 11677 64 42 7 6 1 1 1112 0 0 0 0 39603 262369 9317 7 6
TRIPLE 885083 0 0 6 7 6 1 1 7 6 4960 3801 3649 128 8000 64 64 549155 190085
ROW 4 885084 10647 39 273 6 0 0 0 0 32 512 746 141 4 496 281 245 11607 8 7 1 1 0 0 793 0 0 0 0 40656 258142 6953 2 1
TRIPLE 885084 0 0 6 2 1 0 0 1 1 4960 3996 3053 128 5248 0 0 528085 115606
ROW 3 885085 3822 14 273 6 0 0 0 0 32 512 764 130 4 496 238 102 4878 14 4 3 1 0 0 272 0 0 0 0 40345 119253 3116 3 1
TRIPLE 885085 0 0 6 3 1 1 0 4 1 4960 3555 1409 66 4069 25 0 380460 90689
ROW 3 926068 1953 9 217 4 0 0 0 0 32 512 708 160 4 496 468 468 29952 468 449 12 12 1 1 2948 24 18 1 1 51185 705566 22693 16 16
TRIPLE 926068 0 0 4 16 16 1 1 12 12 4960 4904 4904 69 4416 69 69 695197 102872
ROW 3 926072 2799 9 311 4 0 0 0 0 32 512 720 154 4 496 484 468 30024 468 442 12 12 1 1 2937 25 18 1 1 39754 740331 22792 16 16
TRIPLE 926072 0 0 4 16 16 1 1 12 12 4960 4936 4904 64 4096 64 64 704474 96230
ROW 3 926299 1566 9 174 6 0 0 0 0 24 512 808 101 4 276 251 251 10001 46 0 3 0 0 0 752 0 0 0 0 52227 242372 6342 3 0
TRIPLE 926299 0 0 6 3 0 0 0 3 0 2024 1969 1969 69 3257 0 0 251399 72295
ROW 3 926300 1233 9 137 6 0 0 0 0 25 482 730 107 3 300 283 155 1903 0 0 0 0 0 0 136 0 0 0 0 39574 50775 1964 0 0
TRIPLE 926300 0 0 6 0 0 0 0 0 0 2300 2255 1279 128 760 0 0 275895 18755
ROW 3 1058773 1881 9 209 4 0 0 0 0 32 512 736 145 4 496 352 299 14336 184 155 8 9 1 1 2055 16 13 1 1 41658 338661 16310 10 10
TRIPLE 1058773 0 0 4 10 10 2 2 8 9 4960 3928 3614 70 4480 70 70 557529 101970
ROW 3 1058776 2457 9 273 6 23 44058 0 23 32 512 726 149 4 496 355 277 14225 100 96 8 6 1 1 1344 0 0 0 0 39744 320949 11241 8 6
TRIPLE 1058776 23 44058 6 8 6 0 0 8 6 4960 4029 3818 72 3816 0 0 583398 85750
ROW 3 1058777 2457 9 273 6 4 7025 0 4 32 512 744 136 4 496 247 244 5529 0 0 0 0 0 0 320 0 0 0 0 40486 129071 3576 0 0
TRIPLE 1058777 4 7025 6 0 0 0 0 0 0 4960 3684 2081 128 2688 0 0 462684 86261
ROW 3 1058842 1125 9 125 6 2 2208 0 2 32 512 790 114 4 496 376 376 18664 167 120 11 9 1 1 942 0 0 0 0 44534 425494 8155 11 9
TRIPLE 1058842 2 2208 6 11 9 2 2 11 9 4960 4400 4400 128 7488 64 64 687443 170518
ROW 3 1058850 1143 9 127 6 14 14539 5 12 32 512 770 124 4 496 376 265 12943 101 15 10 3 1 1 332 0 0 0 0 41077 296833 3446 10 3
TRIPLE 1058850 14 14539 6 10 3 0 0 10 3 4960 4400 3860 89 5365 0 0 615909 119142
ROW 3 1058851 1314 9 146 6 58 53350 47 49 32 487 740 114 3 496 361 251 3549 0 0 0 0 0 0 120 0 0 0 0 37049 90288 1723 0 0
TRIPLE 1058851 58 53350 6 0 0 1 1 1 1 4960 4349 3360 128 3636 24 1 588909 82905
ROW 3 1058854 1116 9 124 6 38 30724 25 33 32 477 716 113 3 496 224 144 603 0 0 0 0 0 0 64 0 0 0 0 35807 26720 1373 0 0
TRIPLE 1058854 38 30724 6 0 0 0 0 0 0 4960 3110 1773 76 377 0 0 407139 9918
ROW 3 1058894 2336 16 146 4 0 0 0 0 30 444 638 127 3 435 359 340 20813 298 280 11 11 1 1 2115 16 15 1 1 52548 507186 16882 14 13
TRIPLE 1058894 0 0 4 14 13 4 4 11 11 4060 3693 3644 128 8192 128 128 502668 198420
ROW 3 1058897 1984 16 124 4 0 0 0 0 32 454 662 125 3 496 407 386 22950 329 193 12 12 1 1 1768 16 0 1 0 36999 525440 14528 15 13
TRIPLE 1058897 0 0 4 15 13 2 2 12 12 4960 4462 4368 74 4736 74 74 638150 111337
ROW 3 1058898 2384 16 149 6 0 0 0 0 32 468 694 123 3 496 454 430 21343 219 101 13 11 1 1 1367 1 0 0 0 38131 511475 11682 13 11
TRIPLE 1058898 0 0 6 13 11 2 2 13 11 4960 4641 4597 72 4608 72 72 713060 110707
ROW 3 1059182 1120 14 80 4 0 0 0 0 28 443 676 107 3 378 305 255 13198 187 90 10 6 1 1 1646 13 9 1 1 44633 327210 12974 11 8
TRIPLE 1059182 0 0 4 11 8 2 2 10 6 3276 2863 2562 66 4224 66 66 383566 96350
ROW 3 1075780 1078 22 49 6 12 13607 1 12 32 512 778 118 4 496 453 432 16038 61 12 5 2 1 0 907 0 0 0 0 56155 398214 9578 5 3
TRIPLE 1075780 12 13607 6 5 3 0 0 5 2 4960 4782 4678 71 2778 0 0 686161 71653
ROW 3 1075812 1326 34 39 4 0 0 0 0 32 512 776 126 4 496 496 496 26408 408 370 13 13 1 1 2716 22 15 1 1 63889 737706 21400 16 16
TRIPLE 1075812 0 0 4 16 16 2 2 13 13 4960 4960 4960 128 8192 128 127 778443 186277
ROW 3 1075831 1932 42 46 4 0 0 0 0 32 512 784 122 4 496 496 496 24514 379 352 13 12 1 1 2212 17 12 1 1 47288 635575 21981 16 16
TRIPLE 1075831 0 0 4 16 16 2 2 13 12 4960 4960 4960 82 5248 82 82 735061 130724
ROW 3 1075832 1518 33 46 4 0 0 0 0 32 512 818 105 4 496 496 488 24433 378 256 12 16 1 1 1501 17 0 1 0 45765 559424 12293 16 16
TRIPLE 1075832 0 0 4 16 16 3 3 12 16 4960 4960 4949 73 4672 73 73 760309 128430
ROW 3 1075835 1092 28 39 6 0 0 0 0 32 512 806 111 4 496 496 491 18253 270 221 16 15 1 1 501 2 2 0 0 50053 466460 5270 16 15
TRIPLE 1075835 0 0 6 16 15 3 2 16 15 4960 4960 4956 73 4672 73 70 772791 108612
ROW 3 1075837 1638 42 39 6 0 0 0 0 32 512 786 121 4 496 496 484 21184 258 252 16 16 1 1 810 1 1 0 0 42729 481909 7354 16 16
TRIPLE 1075837 0 0 6 16 16 2 2 16 16 4960 4960 4939 73 4672 73 73 734501 108041
ROW 3 1075838 1287 33 39 4 0 0 0 0 32 512 812 108 4 496 496 486 17538 259 253 16 16 1 1 370 2 0 1 0 43251 431625 4068 16 16
TRIPLE 1075838 0 0 4 16 16 2 2 16 16 4960 4960 4941 79 5056 79 79 708381 115465
ROW 3 1075845 1512 42 36 4 0 0 0 0 32 512 838 95 4 496 385 381 24362 380 269 12 16 1 1 1895 17 1 1 0 45245 595350 15259 16 16
TRIPLE 1075845 0 0 4 16 16 3 3 12 16 4960 4419 4405 128 8192 128 97 671713 186288
ROW 3 1075849 1134 42 27 6 0 0 0 0 32 512 834 97 4 496 394 382 18114 199 174 15 13 1 1 1038 6 5 1 1 41908 417459 9026 15 13
TRIPLE 1075849 0 0 6 15 13 2 2 15 13 4960 4543 4448 70 4480 70 70 675210 103032
ROW 3 1075866 1088 34 32 6 0 0 0 0 32 512 834 97 4 496 407 389 21685 247 209 16 15 1 1 908 0 0 0 0 45665 519179 8266 16 15
TRIPLE 1075866 0 0 6 16 15 1 1 16 15 4960 4519 4436 71 4544 71 71 706638 160138
ROW 3 1075872 1127 23 49 6 26 21761 15 26 32 512 784 119 4 496 350 325 1700 0 0 0 0 0 0 90 0 0 0 0 43681 52188 1793 0 0
TRIPLE 1075872 26 21761 6 0 0 1 0 1 0 4960 4301 3865 110 2560 6 0 615167 58519
ROW 3 1075889 1260 42 30 4 0 0 0 0 32 512 782 123 4 496 496 376 19099 284 242 16 16 1 1 615 6 1 1 0 41207 475397 6021 16 16
TRIPLE 1075889 0 0 4 16 16 2 2 16 16 4960 4960 4400 84 5376 84 67 758836 141744
ROW 3 1075892 1344 42 32 6 0 0 0 0 32 512 834 97 4 496 261 256 15614 205 147 14 11 1 1 101 0 0 0 0 43902 363518 1904 15 11
TRIPLE 1075892 0 0 6 15 11 2 2 14 11 4960 3848 3840 128 7552 64 64 584501 170378
ROW 3 1075894 1056 33 32 4 0 0 0 0 32 512 828 100 4 496 375 375 11716 100 59 8 7 1 1 1392 10 9 1 1 47760 273140 11332 9 8
TRIPLE 1075894 0 0 4 9 8 1 1 8 7 4960 4400 3592 100 6298 88 40 599879 142747
ROW 3 1075897 1036 28 37 6 228 153963 212 225 32 509 812 101 3 496 139 46 509 0 0 0 0 0 0 69 0 0 0 0 39824 24676 1603 0 0
TRIPLE 1075897 228 153963 6 0 0 0 0 0 0 4960 1920 1883 70 417 0 0 322862 10570
ROW 3 1075898 1372 28 49 6 30 19875 25 29 32 512 810 108 4 496 342 273 1198 0 0 0 0 0 0 83 0 0 0 0 41237 55924 1763 0 0
TRIPLE 1075898 30 19875 6 0 0 0 0 0 0 4960 2481 2117 76 472 0 0 373277 11682
ROW 3 1075903 1554 42 37 6 0 0 0 0 32 512 822 102 4 496 173 95 5829 84 62 5 5 1 1 1072 8 6 1 1 44994 148788 9157 7 7
TRIPLE 1075903 0 0 6 7 7 0 0 5 5 4960 2397 1715 76 2652 0 0 345244 74339
ROW 3 1075904 2058 42 49 6 0 0 0 0 32 512 828 99 4 496 344 282 1532 0 0 0 0 0 0 79 0 0 0 0 41357 48110 1684 0 0
TRIPLE 1075904 0 0 6 0 0 0 0 0 0 4960 4149 2001 73 2038 0 0 475307 45445
ROW 3 1075905 1221 33 37 4 0 0 0 0 32 512 840 94 4 496 476 460 21258 236 123 15 12 1 1 1840 8 8 1 1 46707 495044 15278 16 13
TRIPLE 1075905 0 0 4 16 13 2 2 15 12 4960 4842 4784 83 5169 70 5 673797 130363
ROW 3 1075906 1617 33 49 4 0 0 0 0 32 512 864 82 4 496 450 424 18060 225 112 13 11 1 1 1842 10 9 1 1 42389 424953 15098 13 11
TRIPLE 1075906 0 0 4 13 11 3 2 13 11 4960 4701 4439 113 7031 91 55 681301 158996
ROW 3 1076056 1166 22 53 6 13 13917 5 13 32 512 762 124 4 496 496 462 3101 0 0 0 0 0 0 205 0 0 0 0 39093 83116 2835 0 0
TRIPLE 1076056 13 13917 6 0 0 0 0 0 0 4960 4960 4864 92 1544 0 0 722097 35326
ROW 3 1076062 1408 22 64 6 7 7527 3 7 32 512 796 113 4 496 394 363 1415 0 0 0 0 0 0 106 0 0 0 0 41096 46176 1883 0 0
TRIPLE 1076062 7 7527 6 0 0 0 0 0 0 4960 4446 2756 94 564 0 0 550236 14016
ROW 3 1076064 1088 17 64 6 12 9181 2 12 32 512 792 114 4 496 298 122 596 0 0 0 0 0 0 94 0 0 0 0 38482 26920 1804 0 0
TRIPLE 1076064 12 9181 6 0 0 0 0 0 0 4960 2480 2439 74 320 0 0 418451 8836
ROW 3 1076090 1232 22 56 4 0 0 0 0 32 512 786 121 4 496 496 468 24750 283 118 13 8 1 1 2353 16 14 1 1 44162 581886 18735 16 8
TRIPLE 1076090 0 0 4 16 8 2 1 13 8 4960 4960 4900 90 5189 62 12 732156 118832
ROW 3 1076103 1056 22 48 6 0 0 0 0 28 512 814 107 4 378 248 186 1098 0 0 0 0 0 0 86 0 0 0 0 43902 35656 1623 0 0
TRIPLE 1076103 0 0 6 0 0 0 0 0 0 3276 2415 1222 107 1114 0 0 309638 26279
ROW 3 1076106 1232 22 56 4 0 0 0 0 32 512 820 104 4 496 380 325 9268 126 118 8 8 1 1 2006 16 14 1 1 53831 241040 16160 8 8
TRIPLE 1076106 0 0 4 8 8 1 1 8 8 4960 3668 2712 65 4160 65 13 528706 95408
ROW 3 1076201 1219 23 53 6 12 6815 11 12 32 512 758 128 4 496 345 154 692 0 0 0 0 0 0 92 0 0 0 0 41487 29265 1834 0 0
TRIPLE 1076201 12 6815 6 0 0 0 0 0 0 4960 2494 2470 98 588 0 0 403663 14737
ROW 3 1076215 1472 23 64 6 18 9154 8 17 32 512 798 109 4 496 120 116 240 0 0 0 0 0 0 94 0 0 0 0 39153 18034 1774 0 0
TRIPLE 1076215 18 9154 6 0 0 0 0 0 0 4960 2219 856 77 154 0 0 307404 4638
ROW 3 1076229 1484 28 53 6 16 4360 14 16 32 512 800 111 4 496 119 108 232 0 0 0 0 0 0 88 0 0 0 0 41537 17132 1603 0 0
TRIPLE 1076229 16 4360 6 0 0 0 0 0 0 4960 2386 1756 82 220 0 0 347348 6212
ROW 3 1076234 1428 42 34 6 0 0 0 0 32 512 820 103 4 496 104 94 5930 90 59 6 5 1 1 1015 7 2 1 0 44393 151553 8737 8 7
TRIPLE 1076234 0 0 6 8 7 2 2 6 5 4960 1407 696 77 4675 71 54 220221 123550
ROW 3 1076235 2226 42 53 6 0 0 0 0 32 512 812 106 4 496 155 98 300 0 0 0 0 0 0 86 0 0 0 0 41948 19757 1743 0 0
TRIPLE 1076235 0 0 6 0 0 0 0 0 0 4960 2474 2220 73 418 0 0 385780 10479
ROW 3 1076236 1122 33 34 4 0 0 0 0 32 512 836 96 4 496 476 457 19411 201 99 14 10 1 1 1934 11 9 1 1 43321 468884 15849 15 11
TRIPLE 1076236 0 0 4 15 11 2 2 14 10 4960 4787 4708 77 4920 76 58 689567 113532
ROW 3 1076237 1749 33 53 4 0 0 0 0 32 512 836 96 4 496 492 487 20881 210 101 14 7 1 1 1927 11 9 1 1 42309 517055 17262 15 9
TRIPLE 1076237 0 0 4 15 9 2 1 14 7 4960 4957 4951 76 4864 76 70 732136 128119
ROW 3 1076240 1064 28 38 6 383 32719 327 366 23 428 770 37 2 253 0 0 0 0 0 0 0 0 0 48 0 0 0 0 34986 6793 1102 0 0
TRIPLE 1076240 383 32719 6 0 0 0 0 0 0 1771 0 0 0 0 0 0 34755 310
ROW 3 1076244 1024 16 64 6 21 3712 16 19 32 512 838 91 4 496 463 425 1016 0 0 0 0 0 0 125 0 0 0 0 39654 37510 2194 0 0
TRIPLE 1076244 21 3712 6 0 0 0 0 0 0 4960 4828 4573 75 158 0 0 736354 4809
ROW 3 1076247 1596 42 38 6 0 0 0 0 32 512 842 93 4 496 411 388 20629 186 130 12 10 1 1 1732 9 2 1 0 45665 475627 14507 12 10
TRIPLE 1076247 0 0 6 12 10 2 0 12 10 4960 4009 3880 72 4430 54 0 603316 101840
ROW 3 1076248 2688 42 64 6 0 0 0 0 32 512 896 65 4 496 120 118 1823 14 5 2 1 0 0 425 3 0 0 0 44183 54322 4288 3 1
TRIPLE 1076248 0 0 6 3 1 1 1 2 1 4960 678 559 76 1194 7 3 168124 28663
ROW 3 1076254 1104 23 48 6 0 0 0 0 32 512 850 84 4 496 195 176 544 0 0 0 0 0 0 107 0 0 0 0 41608 25969 2264 0 0
TRIPLE 1076254 0 0 6 0 0 0 0 0 0 4960 2768 1770 76 396 0 0 430072 10600
ROW 3 1076260 1632 34 48 6 0 0 0 0 32 512 866 81 4 496 109 93 2090 21 4 4 2 1 0 396 3 1 0 0 44223 79669 4098 4 2
TRIPLE 1076260 0 0 6 4 2 3 2 5 3 4960 1963 995 79 2936 39 8 277678 67766
ROW 3 1076274 1904 34 56 6 0 0 0 0 32 512 842 93 4 496 496 496 23416 294 202 15 12 1 1 2449 20 13 1 1 40585 596072 19927 15 13
TRIPLE 1076274 0 0 6 15 13 2 3 15 12 4960 4960 4960 82 5136 74 36 802838 119603
ROW 3 1076278 1156 34 34 6 0 0 0 0 32 512 904 61 4 496 445 385 10745 89 58 12 10 1 1 746 6 3 1 1 58939 265896 7273 12 10
TRIPLE 1076278 0 0 6 12 10 2 1 12 10 4960 4714 4377 77 4278 34 6 714222 98434
ROW 3 1076284 1344 28 48 6 0 0 0 0 32 512 812 100 4 496 465 447 1289 0 0 0 0 0 0 118 0 0 0 0 43040 43982 2264 0 0
TRIPLE 1076284 0 0 6 0 0 0 0 0 0 4960 4893 4764 87 522 0 0 722417 13064
ROW 3 1076288 1344 42 32 4 0 0 0 0 32 512 808 110 4 496 480 449 22645 185 123 11 9 1 1 1998 9 5 1 1 43531 509992 16231 12 9
TRIPLE 1076288 0 0 4 12 9 2 2 11 9 4960 4907 4784 74 4613 62 38 741453 107781
ROW 3 1076289 2016 42 48 4 0 0 0 0 32 512 872 76 4 496 483 464 5934 62 33 4 4 1 1 493 4 2 1 0 42789 161041 5060 4 4
TRIPLE 1076289 0 0 4 4 4 0 0 4 4 4960 4946 4860 82 1260 0 0 718961 30096
ROW 3 1076305 2478 42 59 6 0 0 0 0 32 512 808 109 4 496 480 440 22954 215 119 12 9 1 1 1733 8 5 1 1 41527 533204 14337 14 12
TRIPLE 1076305 0 0 6 14 12 2 2 12 9 4960 4930 4789 80 5071 75 69 733157 116869
ROW 3 1076306 1428 42 34 6 0 0 0 0 30 512 878 70 4 435 423 408 8085 66 34 6 4 1 1 817 6 5 1 1 40336 204291 7253 7 5
TRIPLE 1076306 0 0 6 7 5 1 1 6 4 4060 4029 3971 73 3352 16 10 600401 76654
ROW 3 1076308 1122 33 34 4 0 0 0 0 32 512 820 102 4 496 496 496 23289 244 175 14 11 1 1 2613 18 15 1 1 41607 525841 20488 15 11
TRIPLE 1076308 0 0 4 15 11 2 2 14 11 4960 4960 4960 75 4800 75 75 707710 110086
ROW 3 1078170 1056 33 32 4 0 0 0 0 32 512 808 110 4 496 416 403 24142 376 259 12 14 1 1 1850 16 1 1 0 42941 572588 14908 16 15
TRIPLE 1078170 0 0 4 16 15 2 2 12 14 4960 4562 4498 69 4416 69 68 643430 102842
ROW 3 1078173 1036 28 37 6 0 0 0 0 32 512 782 122 4 496 378 376 23863 363 137 12 10 1 1 1471 12 0 1 0 41207 560165 12132 16 10
TRIPLE 1078173 0 0 6 16 10 2 0 12 10 4960 4400 4400 70 4480 70 0 643461 103293
ROW 3 1078174 1372 28 49 6 0 0 0 0 30 512 792 111 4 435 392 376 19810 253 53 10 4 1 1 1666 16 0 1 0 39784 442656 13255 12 4
TRIPLE 1078174 0 0 6 12 4 2 0 10 4 4060 3902 3830 71 4544 71 0 544386 103563
ROW 3 1078175 1221 33 37 6 0 0 0 0 32 512 810 107 4 496 433 370 13620 34 0 4 0 1 0 272 0 0 0 0 41087 299810 3216 4 0
TRIPLE 1078175 0 0 6 4 0 0 0 4 0 4960 4668 4360 128 3664 0 0 676342 82213
ROW 3 1078176 1617 33 49 6 0 0 0 0 32 512 804 108 4 496 445 423 9356 53 0 4 0 1 0 276 0 0 0 0 41397 214770 3226 4 0
TRIPLE 1078176 0 0 6 4 0 1 0 4 0 4960 4717 4612 127 4500 1 0 683445 100417
ROW 3 1078183 1638 42 39 4 0 0 0 0 32 512 772 128 4 496 496 496 28826 447 408 14 14 1 1 3029 24 22 1 1 40575 681051 23785 16 16
TRIPLE 1078183 0 0 4 16 16 2 2 14 14 4960 4960 4960 67 4288 67 67 722528 117359
ROW 3 1078185 1081 47 23 4 0 0 0 0 32 512 788 120 4 496 465 442 25778 368 261 13 16 1 1 1880 13 4 1 1 42259 592575 15389 16 16
TRIPLE 1078185 0 0 4 16 16 4 3 13 16 4960 4831 4705 128 8192 128 64 733749 187811
ROW 3 1078186 1716 44 39 6 0 0 0 0 32 512 774 127 4 496 496 496 27322 423 256 14 15 1 1 2314 24 4 1 1 41046 660803 18305 16 16
TRIPLE 1078186 0 0 6 16 16 3 2 14 15 4960 4960 4960 128 8192 128 64 766610 188241
ROW 3 1078188 1107 41 27 6 2 2425 0 2 32 512 776 122 4 496 376 376 23998 371 139 12 10 1 1 1605 15 0 1 0 41257 607314 13115 16 11
TRIPLE 1078188 2 2425 6 16 11 1 0 12 10 4960 4400 4400 66 4224 66 0 656345 98754
ROW 3 1078189 1134 42 27 4 0 0 0 0 32 512 796 114 4 496 430 411 25050 382 277 12 12 1 1 2288 17 10 1 1 42229 619425 18113 16 16
TRIPLE 1078189 0 0 4 16 16 2 2 12 12 4960 4642 4545 73 4672 73 73 718370 109204
ROW 3 1078190 1692 47 36 4 0 0 0 0 32 512 788 120 4 496 376 376 24064 376 273 12 14 1 1 1871 16 2 1 0 42349 623844 14998 16 16
TRIPLE 1078190 0 0 4 16 16 2 2 12 14 4960 4400 4400 73 4672 73 26 674358 109294
ROW 3 1078193 1269 47 27 6 24 30073 1 24 32 512 790 118 4 496 378 376 17661 175 98 11 8 1 1 499 0 0 0 0 41688 425394 5240 13 8
TRIPLE 1078193 24 30073 6 13 8 2 2 11 8 4960 4401 4400 128 6425 64 16 636017 173845
ROW 3 1078194 1188 44 27 6 0 0 0 0 32 512 810 108 4 496 412 393 22446 238 108 15 8 1 1 1052 0 0 0 0 41718 523938 9017 16 8
TRIPLE 1078194 0 0 6 16 8 2 1 15 8 4960 4518 4450 82 5092 66 18 674077 117168
ROW 3 1078196 1624 56 29 4 0 0 0 0 32 512 800 114 4 496 416 389 24556 382 275 13 15 1 1 1952 19 3 1 1 41958 580854 41167 16 16
TRIPLE 1078196 0 0 4 16 16 2 2 13 15 4960 4556 4440 96 6144 96 95 682313 141053
ROW 3 1078198 1247 43 29 6 0 0 0 0 32 512 802 113 4 496 405 383 21665 261 256 16 16 1 1 844 2 1 0 0 42549 490655 7714 16 16
TRIPLE 1078198 0 0 6 16 16 3 3 16 16 4960 4528 4418 76 4864 76 76 714873 112821
ROW 3 1078199 1748 38 46 6 0 0 0 0 32 512 786 121 4 496 496 484 24021 340 256 12 16 1 1 1404 8 0 1 0 42830 588658 11842 16 16
TRIPLE 1078199 0 0 6 16 16 3 3 12 16 4960 4960 4935 76 4864 76 76 733789 112420
ROW 3 1078202 2184 56 39 6 0 0 0 0 32 512 788 120 4 496 496 484 17826 259 246 16 16 1 1 367 1 1 0 0 42029 454148 4208 16 16
TRIPLE 1078202 0 0 6 16 16 1 1 16 16 4960 4960 4934 73 4672 73 73 771840 125103
ROW 3 1078203 1677 43 39 6 0 0 0 0 32 512 798 115 4 496 496 376 17326 255 241 16 16 1 1 228 1 0 0 0 43381 402531 3036 16 16
TRIPLE 1078203 0 0 6 16 16 3 3 16 16 4960 4960 4400 85 5440 85 80 761721 126085
ROW 3 1078204 1482 38 39 6 0 0 0 0 32 512 786 121 4 496 496 480 17241 256 256 16 16 1 1 198 0 0 0 0 41888 422598 2985 16 16
TRIPLE 1078204 0 0 6 16 16 3 3 16 16 4960 4960 4935 90 5760 90 87 749498 158405
ROW 3 1078205 2016 56 36 4 0 0 0 0 32 512 798 115 4 496 376 376 24046 374 256 12 16 1 1 1359 15 0 1 0 42339 552039 11431 16 16
TRIPLE 1078205 0 0 4 16 16 2 2 12 16 4960 4400 4400 128 8192 128 64 656374 185817
ROW 3 1078207 1512 56 27 6 21 30173 7 21 32 512 798 115 4 496 376 296 16732 238 188 15 13 1 1 147 0 0 0 0 40816 387823 2384 16 13
TRIPLE 1078207 21 30173 6 16 13 2 2 15 13 4960 4400 3980 74 4736 74 45 619226 109935
ROW 3 1078208 1548 43 36 6 0 0 0 0 32 512 800 114 4 496 376 337 19088 256 256 16 16 1 1 409 0 0 0 0 41156 442505 4388 16 16
TRIPLE 1078208 0 0 6 16 16 3 3 16 16 4960 4400 4254 78 4992 78 78 634864 114624
ROW 3 1078210 1368 38 36 6 0 0 0 0 32 512 826 101 4 496 376 376 23277 314 256 13 16 1 1 913 5 0 1 0 40917 543003 8085 16 16
TRIPLE 1078210 0 0 6 16 16 3 3 13 16 4960 4400 4400 76 4864 76 76 653229 111919
ROW 3 1078212 1161 43 27 6 15 20968 8 15 32 512 796 116 4 496 290 256 16016 239 126 16 11 1 1 88 0 0 0 0 40095 370271 1784 16 11
TRIPLE 1078212 15 20968 6 16 11 2 0 16 11 4960 3979 3840 78 4476 25 0 600761 102711
ROW 3 1078213 1026 38 27 6 0 0 0 0 32 512 832 98 4 496 376 256 16830 249 206 16 15 1 1 128 0 0 0 0 40736 388625 1913 16 15
TRIPLE 1078213 0 0 6 16 15 2 0 16 15 4960 4400 3840 75 4800 75 0 617742 109525
ROW 3 1078218 1140 38 30 4 0 0 0 0 32 512 836 96 4 496 459 428 24941 382 225 14 14 1 1 2288 20 11 1 1 44152 603726 40124 16 16
TRIPLE 1078218 0 0 4 16 16 3 3 14 14 4960 4817 4646 72 4608 72 72 672725 107391
ROW 3 1078219 1230 41 30 4 0 0 0 0 32 512 768 130 4 496 496 496 28876 352 257 16 14 1 1 2032 11 6 1 1 41277 646526 16351 16 15
TRIPLE 1078219 0 0 4 16 15 2 2 16 14 4960 4960 4960 74 4736 74 74 726005 110417
ROW 3 1078220 1260 42 30 4 0 0 0 0 32 512 766 131 4 496 496 496 29244 454 298 14 16 1 1 2536 25 5 1 1 40115 675760 20008 16 16
TRIPLE 1078220 0 0 4 16 16 2 3 14 16 4960 4960 4960 128 8192 128 64 720925 187279
ROW 3 1078222 1312 41 32 6 0 0 0 0 32 512 790 119 4 496 408 392 19565 194 152 13 11 1 1 692 0 0 0 0 41328 441914 6632 13 11
TRIPLE 1078222 0 0 6 13 11 2 2 13 11 4960 4511 4442 128 6528 64 64 685018 148998
ROW 3 1078224 1344 42 32 6 0 0 0 0 32 512 820 104 4 496 406 389 23476 323 177 12 12 1 1 1205 9 0 1 0 42910 568290 10389 15 12
TRIPLE 1078224 0 0 6 15 12 3 2 12 12 4960 4497 4428 128 8192 128 64 679167 213999
ROW 3 1078225 1410 47 30 4 0 0 0 0 32 512 768 130 4 496 496 494 19798 281 209 15 14 1 1 682 5 2 1 0 42148 460309 6321 16 15
TRIPLE 1078225 0 0 4 16 15 2 2 15 14 4960 4960 4960 73 4672 73 55 733519 109183
ROW 3 1078226 1320 44 30 4 0 0 0 0 32 512 766 131 4 496 496 495 23393 297 231 16 14 1 1 1148 5 3 1 1 40645 549786 9878 16 15
TRIPLE 1078226 0 0 4 16 15 2 2 16 14 4960 4960 4959 66 4224 66 66 718570 98784
ROW 3 1078227 1034 47 22 6 180 205880 84 176 32 512 806 110 4 496 356 255 5123 16 0 1 0 0 0 110 0 0 0 0 40475 185936 2154 2 0
TRIPLE 1078227 180 205880 6 2 0 0 0 1 0 4960 4342 3550 68 1336 0 0 591193 30817
ROW 3 1078228 1504 47 32 6 0 0 0 0 32 512 802 113 4 496 393 264 14630 170 75 13 6 1 1 135 0 0 0 0 43220 367696 2193 13 6
TRIPLE 1078228 0 0 6 13 6 2 0 13 6 4960 4466 3855 84 4936 40 0 609937 112560
ROW 3 1078230 1408 44 32 6 0 0 0 0 32 512 822 103 4 496 393 274 16221 221 120 15 11 1 1 169 0 0 0 0 41838 397372 2655 15 11
TRIPLE 1078230 0 0 6 15 11 2 0 15 11 4960 4457 3886 69 4416 69 0 610830 116718
ROW 3 1078233 1517 41 37 6 289 274762 207 287 30 481 772 88 2 435 241 160 1051 0 0 0 0 0 0 81 0 0 0 0 37640 35857 1813 0 0
TRIPLE 1078233 289 274762 6 0 0 0 0 0 0 4060 3173 1868 127 739 0 0 392713 22372
ROW 3 1078234 2009 41 49 6 30 28120 28 28 32 512 792 114 4 496 458 311 2063 0 0 0 0 0 0 100 0 0 0 0 41167 59331 1823 0 0
TRIPLE 1078234 30 28120 6 0 0 1 0 1 0 4960 4796 4103 128 2250 1 0 672665 51306
ROW 3 1078235 1554 42 37 6 0 0 0 0 32 512 806 105 4 496 428 285 6092 0 0 0 0 0 0 513 0 0 0 0 42299 142105 5150 0 0
TRIPLE 1078235 0 0 6 0 0 0 0 0 0 4960 4633 3211 94 1780 0 0 600941 40486
ROW 3 1078236 2058 42 49 6 0 0 0 0 32 512 804 108 4 496 441 294 4508 0 0 0 0 0 0 143 0 0 0 0 42008 109494 2184 0 0
TRIPLE 1078236 0 0 6 0 0 0 0 0 0 4960 4672 4006 66 1004 0 0 631207 23052
ROW 3 1078239 1739 47 37 6 221 172077 197 211 32 512 806 102 4 496 197 98 715 0 0 0 0 0 0 72 0 0 0 0 39914 39814 1744 0 0
TRIPLE 1078239 221 172077 6 0 0 0 0 0 0 4960 2150 1709 71 426 0 0 348460 10861
ROW 3 1078240 2303 47 49 6 24 17799 24 20 32 512 800 111 4 496 327 296 1496 0 0 0 0 0 0 77 0 0 0 0 42319 46457 1833 0 0
TRIPLE 1078240 24 17799 6 0 0 0 0 0 0 4960 4191 2766 67 1714 0 0 544286 38542
ROW 3 1078241 1628 44 37 6 0 0 0 0 32 512 800 112 4 496 311 107 2354 0 0 0 0 0 0 402 0 0 0 0 41678 63568 4247 0 0
TRIPLE 1078241 0 0 6 0 0 0 0 0 0 4960 2948 2172 83 2006 0 0 411578 44714
ROW 3 1078242 2156 44 49 6 0 0 0 0 32 512 808 107 4 496 311 282 1615 0 0 0 0 0 0 76 0 0 0 0 41958 52047 1773 0 0
TRIPLE 1078242 0 0 6 0 0 1 0 1 0 4960 4111 3659 70 3380 24 0 607242 76031
ROW 3 1078243 1680 56 30 4 0 0 0 0 32 512 790 119 4 496 490 376 18716 281 205 16 16 1 1 536 5 1 1 0 41578 430924 5500 16 16
TRIPLE 1078243 0 0 4 16 16 2 2 16 16 4960 4955 4400 74 4736 74 74 723349 111098
ROW 3 1078244 1232 56 22 6 120 147832 67 115 32 512 808 110 4 496 256 254 3906 9 0 3 0 0 0 64 0 0 0 0 40776 98484 1503 3 0
TRIPLE 1078244 120 147832 6 3 0 2 1 5 1 4960 3815 2795 128 3896 45 11 529769 89397
ROW 3 1078245 1792 56 32 6 0 0 0 0 32 512 806 111 4 496 267 256 13824 157 97 12 8 1 1 69 0 0 0 0 42270 329775 1673 12 8
TRIPLE 1078245 0 0 6 12 8 2 2 12 8 4960 3865 3840 105 5680 65 65 590342 142526
ROW 3 1078246 1290 43 30 4 0 0 0 0 32 512 794 117 4 496 376 376 18544 250 111 15 14 1 1 656 6 2 1 0 40506 453927 6182 16 14
TRIPLE 1078246 0 0 4 16 14 2 2 15 14 4960 4400 4400 71 4544 71 71 670330 105537
ROW 3 1078247 1140 38 30 4 0 0 0 0 32 512 802 113 4 496 376 373 17760 263 183 16 15 1 1 375 3 1 1 0 63889 412590 8226 16 15
TRIPLE 1078247 0 0 4 16 15 2 2 16 15 4960 4400 4399 69 4416 69 69 664810 127438
ROW 3 1078249 1376 43 32 6 0 0 0 0 32 512 806 111 4 496 263 256 11350 72 1 9 1 1 0 68 0 0 0 0 54773 299669 1683 9 1
TRIPLE 1078249 0 0 6 9 1 1 1 9 2 4960 3836 2538 69 4416 69 69 509420 99987
ROW 3 1078251 1216 38 32 6 0 0 0 0 32 512 830 99 4 496 261 256 14635 192 58 14 8 1 1 66 0 0 0 0 42961 337470 1472 15 9
TRIPLE 1078251 0 0 6 15 9 2 2 14 8 4960 3848 3647 69 4416 69 69 562670 101720
ROW 3 1078253 2072 56 37 6 144 106983 119 144 32 512 814 103 4 496 153 43 549 0 0 0 0 0 0 68 0 0 0 0 40286 25197 1483 0 0
TRIPLE 1078253 144 106983 6 0 0 0 0 0 0 4960 1920 1882 75 447 0 0 319165 11281
ROW 3 1078254 2744 56 49 6 18 12852 18 17 32 512 816 104 4 496 359 275 1187 0 0 0 0 0 0 83 0 0 0 0 39834 39935 1703 0 0
TRIPLE 1078254 18 12852 6 0 0 0 0 0 0 4960 2784 2175 72 432 0 0 411017 10841
ROW 3 1078257 1591 43 37 6 108 61553 98 106 32 512 812 106 4 496 66 21 256 0 0 0 0 0 0 67 0 0 0 0 40937 17583 1493 0 0
TRIPLE 1078257 108 61553 6 0 0 0 0 0 0 4960 1917 1870 73 434 0 0 317042 10749
ROW 3 1078258 2107 43 49 6 14 7108 13 14 32 512 820 103 4 496 319 129 842 0 0 0 0 0 0 80 0 0 0 0 39714 32471 1914 0 0
TRIPLE 1078258 14 7108 6 0 0 1 0 1 0 4960 2294 2015 76 2012 10 0 366424 45795
ROW 3 1078259 1406 38 37 6 0 0 0 0 32 512 838 95 4 496 125 106 1960 10 7 2 2 0 0 767 4 4 1 1 40946 57097 6833 2 2
TRIPLE 1078259 0 0 6 2 2 1 1 2 2 4960 1575 1011 81 1152 8 7 252841 27803
ROW 3 1078260 1862 38 49 6 0 0 0 0 32 512 830 99 4 496 334 235 1126 0 0 0 0 0 0 80 0 0 0 0 39514 39233 1793 0 0
TRIPLE 1078260 0 0 6 0 0 1 1 1 1 4960 2326 2033 71 3068 24 4 354843 69510
ROW 3 1078327 1247 43 29 4 0 0 0 0 24 446 726 83 3 276 248 248 15384 234 93 12 8 1 1 1975 16 9 1 1 55073 343180 15399 12 8
TRIPLE 1078327 0 0 4 12 8 3 3 12 8 2024 1968 1968 115 7360 115 115 252471 165920
ROW 3 1078328 1102 38 29 4 0 0 0 0 32 483 780 90 3 496 421 410 23732 350 226 13 10 1 1 2251 17 15 1 1 42960 559063 17794 15 14
TRIPLE 1078328 0 0 4 15 14 4 4 13 10 4960 4623 4522 128 8192 128 128 654341 185656
ROW 3 1078331 1247 43 29 4 0 0 0 0 24 440 678 101 3 276 248 216 9020 120 3 8 1 1 0 1676 16 2 1 0 40255 203860 13115 8 1
TRIPLE 1078331 0 0 4 8 1 3 1 8 1 2024 1864 1505 69 4416 69 1 233325 99196
ROW 3 1078332 1102 38 29 4 0 0 0 0 32 484 748 107 3 496 425 355 17316 248 52 8 4 1 1 2011 16 0 1 0 38632 410395 16160 12 4
TRIPLE 1078332 0 0 4 12 4 2 0 8 4 4960 4468 3915 67 4288 67 0 594118 109605
ROW 3 1078347 1419 43 33 4 0 0 0 0 32 512 812 108 4 496 440 362 14453 171 80 8 7 1 1 2006 16 8 1 1 50073 355132 15779 11 8
TRIPLE 1078347 0 0 4 11 8 4 4 8 7 4960 4009 3728 121 7744 121 111 566236 179866
ROW 3 1078387 1024 16 64 6 3 4703 0 3 32 512 816 102 4 496 496 491 13532 0 0 0 0 0 0 874 0 0 0 0 40816 291814 7854 0 0
TRIPLE 1078387 3 4703 6 0 0 0 0 0 0 4960 4960 4956 68 2584 0 0 754358 57136
ROW 3 1078391 1120 32 35 4 0 0 0 0 28 512 792 104 4 378 359 329 18074 245 79 12 7 1 1 1548 13 8 1 1 43161 405998 12613 14 8
TRIPLE 1078391 0 0 4 14 8 3 3 12 7 3276 3200 3196 65 4160 65 65 464797 96240
ROW 3 1078430 1024 32 32 4 0 0 0 0 22 398 634 80 2 231 214 192 11616 151 3 10 1 1 0 1247 12 1 1 0 30808 257861 10108 11 1
TRIPLE 1078430 0 0 4 11 1 2 1 10 1 1540 1507 1382 72 4608 72 3 192720 103673
ROW 3 1078431 1536 32 48 4 0 0 0 0 32 512 794 113 4 496 463 400 15870 180 9 11 2 1 0 1059 11 0 1 0 40676 361905 9257 12 2
TRIPLE 1078431 0 0 4 12 2 3 0 11 2 4960 4809 4669 126 8064 126 0 712760 180066
ROW 3 1078432 1176 21 56 4 0 0 0 0 32 512 794 117 4 496 496 494 27525 371 137 16 9 1 1 2530 16 16 1 1 39604 609778 19826 16 10
TRIPLE 1078432 0 0 4 16 10 2 2 16 9 4960 4960 4958 121 7744 121 57 733128 175818
ROW 3 1078434 1239 21 59 6 0 0 0 0 30 503 822 88 3 435 296 200 8765 80 80 5 5 1 1 358 0 0 0 0 38491 218297 3757 5 5
TRIPLE 1078434 0 0 6 5 5 2 2 5 5 4060 3215 2109 96 5330 65 65 394075 120545
ROW 3 1078438 1792 32 56 4 0 0 0 0 32 512 800 114 4 496 496 490 29836 415 245 16 13 1 1 2772 21 15 1 1 39814 685559 21460 16 14
TRIPLE 1078438 0 0 4 16 14 3 3 16 13 4960 4960 4953 128 8192 128 99 729611 186688
ROW 3 1078439 1888 32 59 6 0 0 0 0 22 420 672 80 2 231 198 70 3612 8 0 2 0 0 0 429 2 0 0 0 32200 84718 3957 3 0
TRIPLE 1078439 0 0 6 3 0 1 0 2 0 1540 1463 462 98 5102 21 0 143007 112760
ROW 3 1078440 1088 32 34 6 0 0 0 0 32 512 790 104 4 496 455 326 4540 18 0 4 0 1 0 259 0 0 0 0 38522 112800 3266 5 0
TRIPLE 1078440 0 0 6 5 0 2 0 4 0 4960 4861 3832 128 7022 59 0 663949 155290
ROW 3 1078466 2000 50 40 4 0 0 0 0 32 512 782 123 4 496 496 496 31026 484 385 16 16 1 1 3371 29 14 1 1 38662 722919 25768 16 16
TRIPLE 1078466 0 0 4 16 16 2 2 16 16 4960 4960 4960 67 4288 67 67 721025 100919
ROW 3 1078467 1700 50 34 6 0 0 0 0 32 511 808 106 3 496 376 376 24064 376 242 12 15 1 1 1704 16 0 1 0 41758 562759 13786 16 16
TRIPLE 1078467 0 0 6 16 16 2 0 12 15 4960 4400 4383 70 4480 70 0 657597 104045
ROW 3 1078468 2650 50 53 4 0 0 0 0 32 512 800 106 4 496 495 491 22813 303 9 12 2 1 0 1769 16 0 1 0 39814 525651 14336 15 3
TRIPLE 1078468 0 0 4 15 3 2 0 12 2 4960 4960 4954 70 4480 70 0 703933 113141
ROW 3 1078472 1900 50 38 6 0 0 0 0 32 512 814 107 4 496 376 376 20855 256 256 16 16 1 1 844 0 0 0 0 40425 471980 7474 16 16
TRIPLE 1078472 0 0 6 16 16 1 1 16 16 4960 4400 4400 128 6528 64 64 649502 148627
ROW 3 1078473 3200 50 64 6 1 1680 0 1 32 512 822 99 4 496 431 422 16846 96 95 6 6 1 1 931 0 0 0 0 40665 432938 8446 6 6
TRIPLE 1078473 1 1680 6 6 6 1 1 6 6 4960 4660 4589 128 6544 64 64 751602 148397
ROW 3 1078478 1484 28 53 6 0 0 0 0 32 512 822 99 4 496 496 493 10741 0 0 0 0 0 0 733 0 0 0 0 42609 287677 8206 0 0
TRIPLE 1078478 0 0 6 0 0 0 0 0 0 4960 4960 4960 128 4800 0 0 767292 146052
ROW 3 1078479 1122 33 34 6 0 0 0 0 32 512 796 115 4 496 307 237 6314 0 0 0 0 0 0 137 0 0 0 0 46276 146223 2444 0 0
TRIPLE 1078479 0 0 6 0 0 2 0 2 0 4960 4032 2008 93 5359 33 0 488281 119844
ROW 3 1078480 1749 33 53 6 0 0 0 0 32 512 808 104 4 496 390 376 1583 0 0 0 0 0 0 110 0 0 0 0 40816 49212 1903 0 0
TRIPLE 1078480 0 0 6 0 0 0 0 0 0 4960 4446 3328 72 432 0 0 616109 11041
ROW 3 1078483 1064 28 38 6 0 0 0 0 32 512 792 118 4 496 348 256 13376 122 10 9 2 1 0 97 0 0 0 0 39494 305950 1803 12 2
TRIPLE 1078483 0 0 6 12 2 0 0 9 2 4960 4344 3840 89 3306 0 0 617742 74148
ROW 3 1078484 1792 28 64 6 0 0 0 0 32 512 818 104 4 496 425 294 8430 75 6 6 2 1 0 144 0 0 0 0 39584 198931 2435 6 2
TRIPLE 1078484 0 0 6 6 2 0 0 6 2 4960 4646 3952 77 2925 0 0 682453 65703
ROW 3 1078485 1254 33 38 6 0 0 0 0 32 512 806 111 4 496 202 36 1334 0 0 0 0 0 0 180 0 0 0 0 40605 43171 2805 0 0
TRIPLE 1078485 0 0 6 0 0 0 0 0 0 4960 2299 2051 75 3356 0 0 382303 74339
ROW 3 1078486 2112 33 64 6 0 0 0 0 32 512 830 97 4 496 310 120 718 0 0 0 0 0 0 107 0 0 0 0 50104 38391 1984 0 0
TRIPLE 1078486 0 0 6 0 0 0 0 0 0 4960 2480 2470 73 558 0 0 397652 13766
ROW 3 1078489 3040 38 80 4 0 0 0 0 32 512 812 108 4 496 376 376 23622 359 256 12 16 1 1 1320 12 0 1 0 40646 569963 10990 16 16
TRIPLE 1078489 0 0 4 16 16 2 3 12 16 4960 4400 4400 90 5760 90 64 642508 148828
ROW 3 1078490 1600 50 32 6 0 0 0 0 32 512 812 108 4 496 376 294 18441 256 242 16 15 1 1 380 0 0 0 0 40586 420815 4068 16 16
TRIPLE 1078490 0 0 6 16 16 3 3 16 15 4960 4400 4020 80 5120 80 75 628353 118031
ROW 3 1078491 2400 50 48 6 0 0 0 0 32 512 842 93 4 496 408 392 16283 160 159 10 10 1 1 411 0 0 0 0 41397 373688 4409 10 10
TRIPLE 1078491 0 0 6 10 10 2 2 10 10 4960 4551 4484 82 5248 82 63 673266 119894
ROW 3 1078494 1488 31 48 4 0 0 0 0 31 512 830 95 4 465 435 412 21163 294 66 12 8 1 1 1669 14 5 1 1 41197 490625 13786 15 8
TRIPLE 1078494 0 0 4 15 8 3 2 12 8 4495 4405 4358 70 4480 70 42 629354 104044
ROW 3 1078495 2128 38 56 4 0 0 0 0 32 512 832 98 4 496 481 479 27050 378 236 15 14 1 1 2337 16 10 1 1 40937 620728 18444 16 16
TRIPLE 1078495 0 0 4 16 16 2 3 15 14 4960 4938 4790 77 4928 77 71 704063 114454
ROW 3 1078496 2800 50 56 4 0 0 0 0 32 512 800 114 4 496 496 394 19181 152 120 10 8 1 1 2246 16 16 1 1 40045 430713 17874 10 8
TRIPLE 1078496 0 0 4 10 8 3 2 10 8 4960 4960 4483 128 6528 64 15 699626 146783
ROW 3 1078497 2242 38 59 6 0 0 0 0 32 512 826 101 4 496 379 361 20642 256 256 16 16 1 1 668 0 0 0 0 39794 476078 6492 16 16
TRIPLE 1078497 0 0 6 16 16 4 4 16 16 4960 4402 4380 82 5248 82 82 645845 131805
ROW 3 1078498 1292 38 34 6 0 0 0 0 32 512 830 99 4 496 377 376 21158 256 256 16 16 1 1 772 0 0 0 0 40686 474284 6963 16 16
TRIPLE 1078498 0 0 6 16 16 3 3 16 16 4960 4400 4400 98 6272 98 98 660702 141945
ROW 3 1078499 2950 50 59 6 0 0 0 0 32 512 832 98 4 496 336 256 16593 255 227 16 14 1 1 94 0 0 0 0 40015 384547 1914 16 16
TRIPLE 1078499 0 0 6 16 16 3 1 16 14 4960 4180 3840 96 6134 95 5 607524 139129
ROW 3 1078500 1700 50 34 6 0 0 0 0 32 512 836 95 4 496 382 261 14764 223 206 14 13 1 1 99 0 0 0 0 40916 347348 1934 14 14
TRIPLE 1078500 0 0 6 14 14 2 2 14 13 4960 4398 3808 74 4736 74 13 621078 108592
ROW 3 1078501 1736 31 56 4 0 0 0 0 32 512 778 125 4 496 496 496 31336 476 298 16 14 1 1 3116 27 15 1 1 38962 721837 23985 16 14
TRIPLE 1078501 0 0 4 16 14 1 2 16 14 4960 4960 4960 128 8192 128 64 733999 186298
ROW 3 1078502 1829 31 59 6 0 0 0 0 27 469 752 90 3 351 295 279 16104 196 91 11 8 1 1 1011 7 0 1 0 36498 366714 8316 12 8
TRIPLE 1078502 0 0 6 12 8 2 2 11 8 2925 2733 2649 72 4608 72 72 388936 105486
ROW 3 1078503 1054 31 34 4 0 0 0 0 32 512 822 88 4 496 403 346 15057 138 73 11 6 1 1 732 5 0 1 0 40746 350233 6883 13 6
TRIPLE 1078503 0 0 4 13 6 3 3 11 6 4960 4505 4253 69 4416 69 69 653238 100448
ROW 3 1078511 1344 28 48 6 0 0 0 0 32 512 836 96 4 496 341 295 6078 22 0 3 0 0 0 94 0 0 0 0 40485 144620 1974 4 0
TRIPLE 1078511 0 0 6 4 0 2 1 3 1 4960 4166 3382 128 5785 38 1 571477 142726
ROW 3 1078512 1056 33 32 6 0 0 0 0 32 512 822 103 4 496 145 32 1857 0 0 0 0 0 0 114 0 0 0 0 40395 52568 1913 0 0
TRIPLE 1078512 0 0 6 0 0 3 2 3 2 4960 1951 1792 72 4608 72 27 315368 102962
ROW 3 1078513 1584 33 48 6 0 0 0 0 32 512 844 92 4 496 211 92 1018 0 0 0 0 0 0 112 0 0 0 0 39644 35757 2104 0 0
TRIPLE 1078513 0 0 6 0 0 1 1 1 1 4960 2340 2221 80 2772 6 5 428319 62526
ROW 3 1078514 1568 28 56 4 0 0 0 0 32 512 816 106 4 496 376 376 9160 120 119 8 8 1 1 1960 16 14 1 1 40505 225110 15529 8 8
TRIPLE 1078514 0 0 4 8 8 2 1 8 8 4960 4400 2587 83 3222 2 1 549185 72385
ROW 3 1078515 1848 33 56 4 0 0 0 0 32 512 864 82 4 496 444 406 16214 209 135 12 10 1 1 2074 16 14 1 1 55273 386712 16772 12 10
TRIPLE 1078515 0 0 4 12 10 2 1 12 10 4960 4750 4280 86 5256 78 35 696710 135873
ROW 3 1078516 1652 28 59 6 0 0 0 0 32 512 822 103 4 496 256 256 10335 42 0 5 0 1 0 64 0 0 0 0 41397 236531 1523 5 0
TRIPLE 1078516 0 0 6 5 0 3 3 6 3 4960 3805 2650 76 4864 76 75 513498 109644
ROW 3 1078518 1947 33 59 6 0 0 0 0 32 512 842 93 4 496 69 30 1282 0 0 0 0 0 0 96 0 0 0 0 40305 53460 1863 0 0
TRIPLE 1078518 0 0 6 0 0 3 2 3 2 4960 1926 1894 91 5598 68 60 329705 152795
ROW 3 1078519 1122 33 34 6 0 0 0 0 32 512 886 68 4 496 140 87 1387 0 0 0 0 0 0 79 0 0 0 0 41908 43311 1733 0 0
TRIPLE 1078519 0 0 6 0 0 2 2 2 2 4960 2171 1700 73 4386 62 62 333523 98664
ROW 3 1078599 1064 19 56 4 0 0 0 0 32 512 780 124 4 496 496 493 28882 402 223 16 12 1 1 2538 20 13 1 1 41076 670261 20278 16 14
TRIPLE 1078599 0 0 4 16 14 4 2 16 12 4960 4960 4959 128 8192 128 74 782380 187500
ROW 3 1078600 1848 33 56 4 0 0 0 0 32 512 786 121 4 496 496 470 28938 415 189 16 12 1 1 2437 20 10 1 1 42499 704524 46606 16 12
TRIPLE 1078600 0 0 4 16 12 3 3 16 12 4960 4960 4874 102 6528 102 83 720144 178322
ROW 3 1078606 1122 33 34 6 0 0 0 0 26 492 754 97 3 325 324 208 2935 3 0 1 0 0 0 284 1 0 0 0 52448 93514 3256 1 0
TRIPLE 1078606 0 0 6 1 0 0 0 1 0 2600 2600 2037 118 3758 0 0 351365 83987
ROW 3 1078616 1904 34 56 4 0 0 0 0 32 512 762 133 4 496 496 496 31708 495 295 16 15 1 1 3016 30 13 1 1 40265 759818 23173 16 16
TRIPLE 1078616 0 0 4 16 16 3 3 16 15 4960 4960 4960 128 8192 128 64 744128 188892
ROW 3 1078617 2006 34 59 4 0 0 0 0 26 454 736 83 3 325 280 232 9481 80 0 6 0 1 0 890 8 0 1 0 36097 215833 7645 9 0
TRIPLE 1078617 0 0 4 9 0 4 2 7 2 2600 2032 2003 128 8192 128 64 282276 195615
ROW 3 1078618 1156 34 34 4 0 0 0 0 26 498 770 95 3 325 325 315 10590 83 0 7 0 1 0 706 6 0 1 0 38291 235950 6242 7 0
TRIPLE 1078618 0 0 4 7 0 3 0 7 0 2600 2600 2589 128 8144 122 0 358168 180838
ROW 3 1078619 1344 24 56 4 0 0 0 0 32 512 768 130 4 496 496 496 30908 477 262 16 15 1 1 2850 30 10 1 1 55844 704655 22011 16 16
TRIPLE 1078619 0 0 4 16 16 3 3 16 15 4960 4960 4960 128 8192 128 64 741334 188451
ROW 3 1078620 1416 24 59 4 0 0 0 0 28 438 694 87 2 378 319 308 9874 93 0 6 0 1 0 865 10 0 1 0 33803 227234 9268 8 0
TRIPLE 1078620 0 0 4 8 0 2 0 6 0 3276 3086 3008 75 4800 75 0 468284 120414
ROW 3 1078628 1960 35 56 4 0 0 0 0 32 512 764 132 4 496 496 496 31024 480 262 16 16 1 1 3100 30 9 1 1 51276 722087 24065 16 16
TRIPLE 1078628 0 0 4 16 16 2 2 16 16 4960 4960 4960 95 6080 95 31 728309 141183
ROW 3 1078629 2065 35 59 4 0 0 0 0 28 467 750 89 3 378 312 311 11537 114 0 8 0 1 0 1186 12 0 1 0 55153 261337 9798 9 0
TRIPLE 1078629 0 0 4 9 0 4 2 8 2 3276 2608 2608 116 7424 116 41 373217 190987
ROW 3 1078630 1190 35 34 4 0 0 0 0 23 484 786 72 3 253 247 246 11361 84 0 7 0 1 0 1008 8 0 1 0 39023 249125 8285 8 0
TRIPLE 1078630 0 0 4 8 0 3 0 8 0 1771 1756 1756 123 7816 116 0 231782 173834
ROW 3 1078633 1394 41 34 6 341 243415 275 336 17 408 674 70 2 136 0 0 0 0 0 0 0 0 0 36 0 0 0 0 32280 4027 871 0 0
TRIPLE 1078633 341 243415 6 0 0 0 0 0 0 680 0 0 0 0 0 0 13616 360
ROW 3 1078634 2173 41 53 6 15 10032 13 15 32 512 768 123 4 496 376 218 752 0 0 0 0 0 0 95 0 0 0 0 38201 29746 1754 0 0
TRIPLE 1078634 15 10032 6 0 0 0 0 0 0 4960 2976 2480 76 452 0 0 437015 11361
ROW 3 1078635 1428 42 34 6 0 0 0 0 29 484 756 104 3 406 182 49 2018 1 0 1 0 0 0 478 2 0 0 0 38412 54842 4799 1 0
TRIPLE 1078635 0 0 6 1 0 0 0 1 0 3654 1433 1140 100 3472 0 0 222936 76142
ROW 3 1078636 2226 42 53 6 0 0 0 0 32 512 798 107 4 496 376 285 1010 0 0 0 0 0 0 93 0 0 0 0 40105 36088 1743 0 0
TRIPLE 1078636 0 0 6 0 0 0 0 0 0 4960 4309 2480 75 450 0 0 529377 11301
ROW 3 1078639 1598 47 34 6 271 132203 253 248 24 455 738 77 2 276 0 0 0 0 0 0 0 0 0 50 0 0 0 0 34084 6883 1092 0 0
TRIPLE 1078639 271 132203 6 0 0 0 0 0 0 2024 0 0 0 0 0 0 39664 201
ROW 3 1078640 2491 47 53 6 13 5676 11 13 32 512 774 119 4 496 184 117 366 0 0 0 0 0 0 93 0 0 0 0 37650 20558 1633 0 0
TRIPLE 1078640 13 5676 6 0 0 0 0 0 0 4960 2480 2291 95 418 0 0 388786 10951
ROW 3 1078641 1496 44 34 6 0 0 0 0 32 509 792 107 3 496 107 74 1431 0 0 0 0 0 0 368 1 0 0 0 51877 42770 3778 0 0
TRIPLE 1078641 0 0 6 0 0 0 0 0 0 4960 1810 826 77 2206 0 0 253613 49412
ROW 3 1078642 2332 44 53 6 0 0 0 0 32 512 798 110 4 496 290 132 577 0 0 0 0 0 0 93 0 0 0 0 39464 26099 1683 0 0
TRIPLE 1078642 0 0 6 0 0 0 0 0 0 4960 2480 2454 72 432 0 0 397241 10780
ROW 3 1078645 1558 41 38 6 328 166306 292 311 17 424 722 63 2 136 0 0 0 0 0 0 0 0 0 34 0 0 0 0 32511 3767 742 0 0
TRIPLE 1078645 328 166306 6 0 0 0 0 0 0 680 0 0 0 0 0 0 13466 200
ROW 3 1078646 1189 41 29 6 17 11113 11 17 32 512 792 115 4 496 120 120 240 0 0 0 0 0 0 95 0 0 0 0 35937 16811 1603 0 0
TRIPLE 1078646 17 11113 6 0 0 0 0 0 0 4960 2408 1051 107 214 0 0 319877 6052
ROW 3 1078647 1435 41 35 6 24 14181 21 15 27 512 810 97 4 351 45 45 100 0 0 0 0 0 0 88 0 0 0 0 37971 10791 1503 0 0
TRIPLE 1078647 24 14181 6 0 0 0 0 0 0 2925 950 309 67 136 0 0 132086 3867
ROW 3 1078648 1596 42 38 6 0 0 0 0 32 487 770 101 3 496 76 41 1351 1 0 1 0 0 0 398 1 0 0 0 35707 40997 4268 1 0
TRIPLE 1078648 0 0 6 1 0 1 0 2 0 4960 1632 948 80 3745 16 0 252552 83115
ROW 3 1078649 2688 42 64 6 0 0 0 0 32 512 836 88 4 496 131 110 262 0 0 0 0 0 0 91 0 0 0 0 37900 17743 1613 0 0
TRIPLE 1078649 0 0 6 0 0 0 0 0 0 4960 2477 1815 107 214 0 0 368127 6101
ROW 3 1078652 1786 47 38 6 317 73180 305 274 21 430 710 67 2 210 0 0 0 0 0 0 0 0 0 42 0 0 0 0 34324 5410 911 0 0
TRIPLE 1078652 317 73180 6 0 0 0 0 0 0 1330 0 0 0 0 0 0 25968 221
ROW 3 1078653 1363 47 29 6 15 5842 14 15 32 512 802 111 4 496 120 119 240 0 0 0 0 0 0 95 0 0 0 0 40064 17092 1593 0 0
TRIPLE 1078653 15 5842 6 0 0 0 0 0 0 4960 799 560 76 152 0 0 174646 4278
ROW 3 1078654 1645 47 35 6 18 5483 13 13 30 512 842 82 4 435 40 34 84 0 0 0 0 0 0 90 0 0 0 0 38712 11973 1583 0 0
TRIPLE 1078654 18 5483 6 0 0 0 0 0 0 4060 643 219 65 136 0 0 139500 3867
ROW 3 1078655 1672 44 38 6 0 0 0 0 32 501 780 107 3 496 74 64 1423 1 0 1 0 0 0 456 1 0 0 0 39564 41888 4568 1 0
TRIPLE 1078655 0 0 6 1 0 0 0 1 0 4960 871 552 74 1956 0 0 194242 44103
ROW 3 1078656 2816 44 64 6 0 0 0 0 32 512 826 97 4 496 120 117 368 0 0 0 0 0 0 124 0 0 0 0 45074 27020 1944 0 0
TRIPLE 1078656 0 0 6 0 0 0 0 0 0 4960 1443 556 74 148 0 0 228457 4468
ROW 3 1078660 2968 56 53 6 10 3292 9 10 32 512 798 111 4 496 118 101 228 0 0 0 0 0 0 87 0 0 0 0 41057 17042 1613 0 0
TRIPLE 1078660 10 3292 6 0 0 0 0 0 0 4960 2449 1906 80 280 0 0 363077 7384
ROW 3 1078665 2279 43 53 6 9 1167 8 9 32 512 834 95 4 496 350 330 695 0 0 0 0 0 0 108 0 0 0 0 61976 33282 2675 0 0
TRIPLE 1078665 9 1167 6 0 0 0 0 0 0 4960 3465 3099 84 168 0 0 516574 7084
ROW 3 1078666 1292 38 34 6 0 0 0 0 30 512 906 59 4 435 324 315 5869 10 0 2 0 0 0 809 4 0 1 0 56314 142276 9588 2 0
TRIPLE 1078666 0 0 6 2 0 2 0 2 0 4060 3414 2889 76 1940 10 0 511865 56125
ROW 3 1078667 2014 38 53 6 0 0 0 0 32 512 866 79 4 496 120 87 232 0 0 0 0 0 0 83 0 0 0 0 53680 17923 1853 0 0
TRIPLE 1078667 0 0 6 0 0 0 0 0 0 4960 2267 1708 77 336 0 0 360192 9157
ROW 3 1078669 1064 28 38 6 217 25500 202 206 26 449 794 47 2 325 0 0 0 0 0 0 0 0 0 54 0 0 0 0 35006 7694 1213 0 0
TRIPLE 1078669 217 25500 6 0 0 0 0 0 0 2600 0 0 0 0 0 0 50775 201
ROW 3 1078670 1064 28 38 6 0 0 0 0 32 499 826 85 3 496 148 114 5421 47 28 5 4 1 1 496 0 0 0 0 39574 161020 5170 7 4
TRIPLE 1078670 0 0 6 7 4 2 1 5 4 4960 959 813 69 3949 24 2 199633 88635
ROW 3 1078671 3584 56 64 6 26 5159 22 20 32 512 854 80 4 496 417 409 878 0 0 0 0 0 0 125 0 0 0 0 47790 43081 2414 0 0
TRIPLE 1078671 26 5159 6 0 0 0 0 0 0 4960 4024 3923 74 152 0 0 632530 4729
ROW 3 1078680 1444 38 38 6 0 0 0 0 32 500 838 76 3 496 406 338 6978 1 0 1 0 0 0 979 1 0 0 0 40325 160559 10309 1 0
TRIPLE 1078680 0 0 6 1 0 0 0 1 0 4960 4233 3753 71 2337 0 0 597124 78155
ROW 3 1078681 2432 38 64 6 0 0 0 0 29 512 912 57 4 406 350 311 3505 0 0 0 0 0 0 603 0 0 0 0 42870 88045 5741 0 0
TRIPLE 1078681 0 0 6 0 0 0 0 0 0 3654 3405 3113 69 1980 0 0 475307 44473
ROW 3 1078684 1312 41 32 6 226 80933 174 212 29 504 842 78 3 406 2 1 4 0 0 0 0 0 0 66 0 0 0 0 38903 9298 1353 0 0
TRIPLE 1078684 226 80933 6 0 0 0 0 0 0 3654 18 0 18 48 0 0 73727 1624
ROW 3 1078685 1968 41 48 6 0 0 0 0 32 512 828 94 4 496 74 51 125 0 0 0 0 0 0 80 0 0 0 0 38702 14517 1844 0 0
TRIPLE 1078685 0 0 6 0 0 0 0 0 0 4960 2227 1355 70 140 0 0 342580 4207
ROW 3 1078686 1344 42 32 6 0 0 0 0 32 512 834 96 4 496 62 18 703 0 0 0 0 0 0 197 0 0 0 0 41006 27080 2694 0 0
TRIPLE 1078686 0 0 6 0 0 0 0 0 0 4960 1710 1495 78 3748 0 0 288077 82273
ROW 3 1078687 2016 42 48 6 0 0 0 0 32 512 822 100 4 496 90 72 466 0 0 0 0 0 0 112 0 0 0 0 38342 22322 1933 0 0
TRIPLE 1078687 0 0 6 0 0 0 0 0 0 4960 2188 1633 69 1773 0 0 344593 40015
ROW 3 1078690 1504 47 32 6 227 21145 169 216 25 487 858 44 3 300 1 0 2 0 0 0 0 0 0 56 0 0 0 0 37170 7324 1163 0 0
TRIPLE 1078690 227 21145 6 0 0 0 0 0 0 2300 0 0 0 0 0 0 45064 210
ROW 3 1078691 2256 47 48 6 0 0 0 0 32 512 832 90 4 496 459 423 1183 0 0 0 0 0 0 120 0 0 0 0 38001 41027 2144 0 0
TRIPLE 1078691 0 0 6 0 0 0 0 0 0 4960 4791 4595 76 442 0 0 705155 11211
ROW 3 1078692 1408 44 32 6 0 0 0 0 32 512 836 93 4 496 45 42 1147 0 0 0 0 0 0 463 0 0 0 0 40265 35887 4849 0 0
TRIPLE 1078692 0 0 6 0 0 0 0 0 0 4960 569 333 74 2243 0 0 152033 49853
ROW 3 1078693 2112 44 48 6 0 0 0 0 32 512 862 80 4 496 170 150 631 0 0 0 0 0 0 96 0 0 0 0 39183 26539 1953 0 0
TRIPLE 1078693 0 0 6 0 0 0 0 0 0 4960 2198 1348 77 370 0 0 309938 9638
ROW 3 1078696 2352 42 56 6 0 0 0 0 32 512 836 96 4 496 496 488 17860 222 140 13 10 1 1 2023 16 12 1 1 39093 428940 16221 13 11
TRIPLE 1078696 0 0 6 13 11 3 1 13 10 4960 4960 4950 89 4676 55 8 732497 122929
ROW 3 1078697 1230 41 30 6 144 38104 123 142 32 512 894 64 4 496 24 24 308 0 0 0 0 0 0 69 0 0 0 0 41547 18134 1523 0 0
TRIPLE 1078697 144 38104 6 0 0 0 0 0 0 4960 485 401 73 869 0 0 150120 20157
ROW 3 1078698 1189 41 29 6 45 11005 39 45 32 512 898 65 4 496 229 202 3378 0 0 0 0 0 0 68 0 0 0 0 37850 84227 1473 0 0
TRIPLE 1078698 45 11005 6 0 0 0 0 0 0 4960 2159 1590 71 2616 0 0 336237 58179
ROW 3 1078699 2478 42 59 6 0 0 0 0 32 512 836 94 4 496 21 3 258 0 0 0 0 0 0 260 0 0 0 0 40736 16691 3206 0 0
TRIPLE 1078699 0 0 6 0 0 2 1 2 1 4960 1774 1356 76 3300 16 4 295081 80200
ROW 3 1078700 1394 41 34 6 29 10079 19 28 32 512 868 74 4 496 425 387 849 0 0 0 0 0 0 107 0 0 0 0 39855 32661 2054 0 0
TRIPLE 1078700 29 10079 6 0 0 0 0 0 0 4960 4525 3985 74 148 0 0 631718 4428
ROW 3 1078701 1428 42 34 6 0 0 0 0 32 512 898 60 4 496 300 266 3336 28 4 5 1 1 0 128 0 0 0 0 56335 89437 2094 5 1
TRIPLE 1078701 0 0 6 5 1 0 0 5 1 4960 3498 2929 75 2414 0 0 501335 54762
ROW 3 1078704 2464 44 56 4 0 0 0 0 32 512 818 105 4 496 496 494 19212 244 154 13 11 1 1 2270 18 9 1 1 38652 456341 18164 14 11
TRIPLE 1078704 0 0 4 14 11 3 2 13 11 4960 4960 4957 80 4532 54 14 725804 120485
ROW 3 1078705 1410 47 30 6 169 17369 127 168 32 512 884 59 4 496 125 79 250 0 0 0 0 0 0 86 0 0 0 0 39824 18625 1914 0 0
TRIPLE 1078705 169 17369 6 0 0 0 0 0 0 4960 1781 1323 70 142 0 0 313234 4899
ROW 3 1078706 1363 47 29 6 58 7068 39 58 32 512 888 61 4 496 144 105 792 0 0 0 0 0 0 79 0 0 0 0 39784 30847 1754 0 0
TRIPLE 1078706 58 7068 6 0 0 0 0 0 0 4960 1878 1502 68 1396 0 0 307103 31679
ROW 3 1078707 1320 44 30 6 0 0 0 0 32 512 872 75 4 496 336 248 5899 3 0 2 0 0 0 704 0 0 0 0 39885 167563 9157 2 0
TRIPLE 1078707 0 0 6 2 0 0 0 2 0 4960 3936 3361 82 3466 0 0 589320 90819
ROW 3 1078708 1276 44 29 6 0 0 0 0 32 512 872 78 4 496 299 230 7431 26 18 4 3 1 1 502 0 0 0 0 41057 242923 5310 4 3
TRIPLE 1078708 0 0 6 4 3 3 1 5 4 4960 3556 2897 75 4252 34 18 602384 96601
ROW 3 1078709 1598 47 34 6 29 3615 15 29 32 512 852 82 4 496 457 419 904 0 0 0 0 0 0 109 0 0 0 0 40956 34204 2154 0 0
TRIPLE 1078709 29 3615 6 0 0 0 0 0 0 4960 4759 4509 76 152 0 0 726305 4829
ROW 3 1078710 1496 44 34 6 0 0 0 0 32 512 888 66 4 496 426 346 3048 0 0 0 0 0 0 101 0 0 0 0 41688 92383 2094 0 0
TRIPLE 1078710 0 0 6 0 0 0 0 0 0 4960 4546 4231 81 1202 0 0 848523 30888
ROW 3 1078714 2688 56 48 6 0 0 0 0 32 512 820 97 4 496 459 441 1115 0 0 0 0 0 0 114 0 0 0 0 43821 39844 2084 0 0
TRIPLE 1078714 0 0 6 0 0 0 0 0 0 4960 4863 4688 79 460 0 0 766880 11712
ROW 3 1078719 1152 24 48 6 0 0 0 0 32 512 802 104 4 496 470 433 1114 0 0 0 0 0 0 104 0 0 0 0 41428 51275 2124 0 0
TRIPLE 1078719 0 0 6 0 0 0 0 0 0 4960 4892 4756 79 462 0 0 849004 12123
ROW 3 1078721 1216 38 32 6 0 0 0 0 32 512 850 79 4 496 455 418 8623 0 0 0 0 0 0 1128 0 0 0 0 42990 194643 10029 0 0
TRIPLE 1078721 0 0 6 0 0 0 0 0 0 4960 4821 4571 68 2486 0 0 751923 55724
ROW 3 1078722 1824 38 48 6 0 0 0 0 32 512 854 81 4 496 477 443 2805 1 0 1 0 0 0 456 0 0 0 0 43461 76583 4849 1 0
TRIPLE 1078722 0 0 6 1 0 0 0 1 0 4960 4910 4793 79 490 0 0 743297 12584
ROW 3 1078727 1624 56 29 6 35 2834 28 33 32 498 834 73 3 496 155 115 842 0 0 0 0 0 0 86 0 0 0 0 38362 32461 1783 0 0
TRIPLE 1078727 35 2834 6 0 0 0 0 0 0 4960 2129 1605 71 1006 0 0 338762 23654
ROW 3 1078728 1904 56 34 6 17 1739 9 17 32 512 818 96 4 496 481 463 958 0 0 0 0 0 0 116 0 0 0 0 38792 34744 1993 0 0
TRIPLE 1078728 17 1739 6 0 0 0 0 0 0 4960 4908 4803 72 144 0 0 743957 4318
ROW 3 1078731 2128 38 56 4 0 0 0 0 32 512 792 118 4 496 496 496 22604 307 157 15 12 1 1 1888 14 9 1 1 40505 576776 15219 15 13
TRIPLE 1078731 0 0 4 15 13 2 2 15 12 4960 4960 4960 73 4662 71 55 731485 125224
ROW 3 1078739 1140 38 30 6 0 0 0 0 32 512 824 88 4 496 474 449 9143 0 0 0 0 0 0 1089 0 0 0 0 55824 211324 18505 0 0
TRIPLE 1078739 0 0 6 0 0 0 0 0 0 4960 4922 4826 68 2363 0 0 781999 61565
ROW 3 1078740 1102 38 29 6 0 0 0 0 32 484 786 81 3 496 491 478 9653 0 0 0 0 0 0 1152 0 0 0 0 52067 288769 12583 0 0
TRIPLE 1078740 0 0 6 0 0 0 0 0 0 4960 4954 4937 69 2169 0 0 1011817 70262
ROW 3 1078741 1292 38 34 6 0 0 0 0 32 512 852 77 4 496 490 475 3336 0 0 0 0 0 0 537 0 0 0 0 42279 96520 5641 0 0
TRIPLE 1078741 0 0 6 0 0 0 0 0 0 4960 4959 4925 76 264 0 0 974949 9908
ROW 3 1079376 1380 12 115 4 0 0 0 0 24 447 742 76 3 276 220 190 12015 174 0 8 0 1 0 1530 16 0 1 0 85129 355954 16360 10 0
TRIPLE 1079376 0 0 4 10 0 3 0 8 0 2024 1872 1202 127 8128 127 0 256247 257620
ROW 3 1079712 1287 33 39 4 0 0 0 0 32 512 812 108 4 496 496 496 31159 482 379 16 16 1 1 3443 28 15 1 1 73568 912542 26820 16 16
TRIPLE 1079712 0 0 4 16 16 3 3 16 16 4960 4960 4960 128 8192 128 123 731585 187409
ROW 3 1079948 1302 42 31 4 0 0 0 0 32 512 812 108 4 496 379 325 20567 275 245 8 8 1 1 2315 16 14 1 1 56325 515722 18214 14 12
TRIPLE 1079948 0 0 4 14 12 3 3 8 8 4960 4224 3962 72 4608 72 72 586313 129301
ROW 3 1079970 1200 30 40 4 0 0 0 0 32 512 820 104 4 496 493 485 30941 477 313 15 15 1 1 3111 27 11 1 1 46577 709955 24105 16 15
TRIPLE 1079970 0 0 4 16 15 2 2 15 15 4960 4960 4954 128 8192 128 64 727948 187340
ROW 3 1079984 1155 33 35 4 0 0 0 0 32 512 790 119 4 496 496 496 31554 491 366 16 16 1 1 3382 29 13 1 1 39924 747074 26369 16 16
TRIPLE 1079984 0 0 4 16 16 2 2 16 16 4960 4960 4960 99 6336 99 71 708161 145692
ROW 3 1079986 1617 33 49 4 0 0 0 0 32 512 790 119 4 496 496 496 31706 495 391 16 16 1 1 3811 31 19 1 1 42539 744889 29014 16 16
TRIPLE 1079986 0 0 4 16 16 2 2 16 16 4960 4960 4960 128 8192 128 108 692802 209932
ROW 3 1080012 1188 33 36 4 0 0 0 0 32 512 802 113 4 496 496 496 31632 493 358 16 16 1 1 3414 30 12 1 1 52117 715415 26429 16 16
TRIPLE 1080012 0 0 4 16 16 3 2 16 16 4960 4960 4960 124 7936 124 64 887005 207467
ROW 3 1080013 1288 28 46 4 0 0 0 0 24 451 756 75 3 276 256 251 16008 248 48 8 5 1 1 2049 16 6 1 1 38391 363278 15960 12 6
TRIPLE 1080013 0 0 4 12 6 3 2 8 5 2024 1984 1969 78 4992 78 53 263532 113762
ROW 3 1080017 1932 42 46 4 0 0 0 0 27 512 842 90 4 351 300 281 18124 280 266 8 8 1 1 2282 16 13 1 1 45254 442546 18054 13 13
TRIPLE 1080017 0 0 4 13 13 3 3 8 8 2925 2763 2753 72 4608 72 72 421947 106809
ROW 3 1080018 1518 33 46 4 0 0 0 0 32 512 796 109 4 496 496 496 31604 486 336 15 13 1 1 3185 27 12 1 1 43141 943149 29274 16 16
TRIPLE 1080018 0 0 4 16 16 2 2 15 13 4960 4960 4960 124 7936 124 124 802287 211274
ROW 3 1080020 1650 33 50 4 0 0 0 0 32 512 818 102 4 496 496 496 31744 496 343 16 16 1 1 3282 29 11 1 1 76352 863431 33252 16 16
TRIPLE 1080020 0 0 4 16 16 2 2 16 16 4960 4960 4960 79 5056 79 79 954270 177321
ROW 3 1081163 1134 42 27 4 0 0 0 0 32 512 832 98 4 496 408 398 24653 376 247 8 9 1 1 2165 16 7 1 1 61885 692742 23704 16 16
TRIPLE 1081163 0 0 4 16 16 3 3 8 9 4960 4621 4507 68 4352 68 68 746272 139831
ROW 3 1081164 1302 42 31 4 0 0 0 0 32 512 826 99 4 496 380 367 24066 370 199 8 10 1 1 2112 16 6 1 1 53630 728549 24767 16 11
TRIPLE 1081164 0 0 4 16 11 2 2 8 10 4960 4423 4374 65 4160 65 65 881785 149488
ROW 3 1081168 2013 33 61 4 0 0 0 0 32 512 806 105 4 496 496 496 31023 457 243 14 12 1 1 3003 20 10 1 1 58729 941747 33402 16 15
TRIPLE 1081168 0 0 4 16 15 2 2 14 12 4960 4960 4960 85 5440 85 85 1008822 192609
ROW 3 1081213 1584 33 48 4 0 0 0 0 32 512 798 108 4 496 300 294 16181 162 29 10 5 1 1 1652 7 4 1 1 77434 535620 13876 10 5
TRIPLE 1081213 0 0 4 10 5 3 2 10 5 4960 4363 3540 128 8192 128 64 806605 259704
ROW 3 1082835 1064 56 19 4 0 0 0 0 24 460 724 100 3 276 241 137 11560 141 115 8 8 1 1 2032 16 13 1 1 46206 267048 17562 9 8
TRIPLE 1082835 0 0 4 9 8 2 2 8 8 2024 1520 1515 69 4416 69 69 248353 147906
ROW 3 1083068 1333 43 31 6 0 0 0 0 24 456 754 81 3 276 207 112 6870 13 0 2 0 0 0 1058 2 0 0 0 40746 154508 8787 2 0
TRIPLE 1083068 0 0 6 2 0 1 0 2 0 2024 1520 839 71 4050 16 0 175207 89958
ROW 3 1083069 1178 38 31 6 0 0 0 0 32 504 812 100 3 496 389 286 14310 133 0 7 0 1 0 1286 8 0 1 0 38161 363668 10871 10 0
TRIPLE 1083069 0 0 6 10 0 3 0 7 0 4960 4218 3582 128 8144 122 0 585773 181598
ROW 3 1083092 1548 43 36 4 0 0 0 0 32 512 820 104 4 496 355 248 14548 165 66 8 6 1 1 1926 16 8 1 1 57557 360924 15439 11 7
TRIPLE 1083092 0 0 4 11 7 3 3 8 6 4960 4176 3728 67 4288 67 67 578099 127218
ROW 3 1083093 1368 38 36 4 0 0 0 0 32 512 832 98 4 496 392 300 18784 277 91 8 7 1 1 2076 16 7 1 1 59390 439871 16521 13 9
TRIPLE 1083093 0 0 4 13 9 3 3 8 7 4960 4559 3974 65 4160 65 65 627130 95909
ROW 3 1083094 1634 43 38 4 0 0 0 0 32 512 828 100 4 496 422 184 10093 136 131 8 8 1 1 2072 16 15 1 1 51556 246910 16180 8 8
TRIPLE 1083094 0 0 4 8 8 2 2 8 8 4960 3809 3728 67 4288 67 67 559765 97251
ROW 3 1083095 1444 38 38 4 0 0 0 0 32 512 828 100 4 496 407 259 19282 242 194 8 8 1 1 2227 16 15 1 1 44103 456362 17543 14 10
TRIPLE 1083095 0 0 4 14 10 2 2 8 8 4960 4196 4047 65 4160 65 65 594550 95468
ROW 3 1083103 2107 43 49 4 0 0 0 0 24 462 764 82 3 276 248 175 10348 120 0 8 0 1 0 1905 16 0 1 0 40686 230861 14878 8 0
TRIPLE 1083103 0 0 4 8 0 3 0 8 0 2024 1523 1520 66 4224 66 0 223487 94777
ROW 3 1083104 1862 38 49 4 0 0 0 0 32 509 834 94 3 496 409 383 22462 301 46 8 5 1 1 2127 16 5 1 1 41457 516143 16842 16 6
TRIPLE 1083104 0 0 4 16 6 2 2 8 5 4960 4573 4171 67 4288 67 50 619015 99084
ROW 3 1083106 2236 43 52 4 0 0 0 0 32 512 840 94 4 496 383 243 16120 246 183 8 8 1 1 2064 16 14 1 1 50805 384247 16491 12 10
TRIPLE 1083106 0 0 4 12 10 2 2 8 8 4960 4157 3913 68 4352 68 68 604909 113261
ROW 3 1083110 2494 43 58 4 0 0 0 0 32 512 842 93 4 496 248 241 14107 185 99 8 8 1 1 2050 16 13 1 1 60372 371643 16159 11 8
TRIPLE 1083110 0 0 4 11 8 2 2 8 8 4960 3973 3381 68 4352 68 68 567909 99836
ROW 3 1083119 1505 43 35 4 0 0 0 0 24 453 752 78 3 276 229 120 7985 120 0 8 0 1 0 1726 16 0 1 0 39684 183142 13465 8 0
TRIPLE 1083119 0 0 4 8 0 2 0 8 0 2024 1520 1407 66 4224 66 0 226964 104876
ROW 3 1083121 1330 38 35 4 0 0 0 0 32 500 832 84 3 496 421 324 18754 264 2 8 1 1 0 1897 16 0 1 0 41768 465158 15679 13 1
TRIPLE 1083121 0 0 4 13 1 2 0 8 1 4960 4479 4328 66 4224 66 0 759717 96580
ROW 3 1083126 1368 38 36 4 0 0 0 0 32 508 848 85 3 496 431 398 23257 287 0 8 0 1 0 1947 16 0 1 0 42149 591995 21470 16 0
TRIPLE 1083126 0 0 4 16 0 2 0 8 0 4960 4686 4362 67 4288 67 0 775046 115776
ROW 3 1083127 2576 56 46 4 0 0 0 0 16 446 752 65 2 120 120 120 7680 120 59 8 6 1 1 1973 16 7 1 1 54181 213980 18965 8 6
TRIPLE 1083127 0 0 4 8 6 3 3 8 6 560 560 560 68 4352 68 68 81463 113142
ROW 3 1083129 1978 43 46 6 0 0 0 0 18 450 742 69 3 153 152 109 6855 15 0 2 0 0 0 1061 2 0 0 0 39664 162003 8636 2 0
TRIPLE 1083129 0 0 6 2 0 1 0 2 0 816 816 635 68 4130 27 0 132307 102461
ROW 3 1083130 1748 38 46 6 0 0 0 0 26 495 800 85 3 325 325 321 14557 110 0 6 0 1 0 1353 5 0 1 0 39544 320257 11331 10 0
TRIPLE 1083130 0 0 6 10 0 3 0 6 0 2600 2600 2597 128 8192 126 0 357417 198110
ROW 3 1083131 2150 43 50 4 0 0 0 0 17 454 762 63 3 136 136 136 8076 90 0 8 0 1 0 1356 11 0 1 0 37069 178063 10610 8 0
TRIPLE 1083131 0 0 4 8 0 2 0 8 0 680 680 680 67 4286 65 0 89627 95949
ROW 3 1083132 1900 38 50 4 0 0 0 0 26 502 824 83 3 325 325 325 17265 227 0 8 0 1 0 1755 14 0 1 0 38772 478362 14187 13 0
TRIPLE 1083132 0 0 4 13 0 2 0 8 0 2600 2600 2600 67 4288 67 0 376322 112310
ROW 3 1083134 2967 43 69 4 0 0 0 0 24 453 746 76 3 276 248 223 15663 229 1 8 1 1 0 1663 16 2 1 0 40376 356394 13004 12 1
TRIPLE 1083134 0 0 4 12 1 2 0 8 1 2024 1706 1520 65 4160 65 0 241820 94606
ROW 3 1083135 2622 38 69 4 0 0 0 0 31 507 822 91 3 465 414 387 23565 350 7 8 1 1 0 1950 16 1 1 0 40836 622201 20839 15 1
TRIPLE 1083135 0 0 4 15 1 2 1 8 1 4495 4325 4087 67 4288 67 1 826311 145361
ROW 3 1083139 2666 43 62 4 0 0 0 0 16 452 756 67 3 120 120 120 7680 120 0 8 0 1 0 1716 16 0 1 0 73818 237303 17383 8 0
TRIPLE 1083139 0 0 4 8 0 2 0 8 0 560 560 560 66 4224 66 0 84879 103593
ROW 3 1083140 2356 38 62 4 0 0 0 0 25 504 826 85 3 300 300 300 17122 245 13 8 3 1 1 2008 16 3 1 1 41588 520571 21731 12 3
TRIPLE 1083140 0 0 4 12 3 2 2 8 3 2300 2300 2300 69 4416 69 19 425855 144860
ROW 3 1085776 1512 56 27 4 0 0 0 0 24 466 768 84 3 276 248 246 15872 248 43 8 5 1 1 1745 16 4 1 1 56506 533105 13897 12 7
TRIPLE 1085776 0 0 4 12 7 3 2 8 5 2024 1968 1781 73 4672 73 46 331839 150361
ROW 3 1085777 1736 56 31 4 0 0 0 0 17 435 714 73 2 136 136 136 8704 136 44 8 5 1 1 1754 16 8 1 1 36859 249305 13384 8 5
TRIPLE 1085777 0 0 4 8 5 3 3 8 5 680 680 680 71 4544 71 71 104335 103332
ROW 3 1085780 1161 43 27 6 0 0 0 0 23 465 766 77 3 253 232 80 7375 5 0 1 0 0 0 599 2 0 0 0 38592 165178 7955 2 0
TRIPLE 1085780 0 0 6 2 0 1 0 2 0 1771 1701 615 117 5762 8 0 195525 182911
ROW 3 1085781 1333 43 31 6 0 0 0 0 22 439 702 79 2 231 216 105 6596 15 0 3 0 0 0 729 5 0 1 0 47839 233545 9107 3 0
TRIPLE 1085781 0 0 6 3 0 2 0 3 0 1540 1516 722 105 5810 20 0 208118 191477
ROW 3 1085782 1026 38 27 6 0 0 0 0 29 512 856 77 4 406 398 347 15614 101 0 6 0 1 0 1054 7 0 1 0 57608 474485 9197 8 0
TRIPLE 1085782 0 0 6 8 0 3 0 6 0 3654 3605 3412 128 8192 128 0 490305 192269
ROW 3 1085783 1178 38 31 6 0 0 0 0 27 489 802 74 3 351 328 254 11236 60 0 3 0 0 0 996 6 0 1 0 37409 291895 12343 6 0
TRIPLE 1085783 0 0 6 6 0 3 0 3 0 2925 2900 2552 128 8192 121 0 510011 272248
ROW 3 1085784 1505 43 35 4 0 0 0 0 22 447 740 69 2 231 216 183 9176 78 0 7 0 1 0 1229 6 0 1 0 76874 282577 9999 8 0
TRIPLE 1085784 0 0 4 8 0 2 0 7 0 1540 1517 1360 65 4160 65 0 227635 93875
ROW 3 1085786 1330 38 35 4 0 0 0 0 25 497 824 72 3 300 300 296 14898 158 0 7 0 1 0 1371 12 0 1 0 38853 363589 15048 11 0
TRIPLE 1085786 0 0 4 11 0 1 0 7 0 2300 2300 2289 128 8192 128 0 310950 188872
ROW 3 1085788 1512 56 27 4 0 0 0 0 27 476 776 83 3 351 309 302 15389 170 44 8 5 1 1 1663 9 7 1 1 51496 398704 13436 9 6
TRIPLE 1085788 0 0 4 9 6 3 2 8 5 2925 2827 2779 66 4224 66 51 445000 121828
ROW 3 1085789 1624 56 29 4 0 0 0 0 26 484 794 82 3 325 303 300 16360 216 73 8 6 1 1 1802 12 8 1 1 39623 397632 14217 12 8
TRIPLE 1085789 0 0 4 12 8 3 3 8 6 2600 2535 2526 67 4288 67 67 336608 98254
ROW 3 1085790 1161 43 27 6 0 0 0 0 30 470 778 72 3 435 361 266 9970 35 0 4 0 1 0 863 8 0 1 0 35065 223076 7705 4 0
TRIPLE 1085790 0 0 6 4 0 2 0 4 0 4060 3788 3240 72 4536 64 0 513228 101068
ROW 3 1085791 1247 43 29 6 0 0 0 0 32 489 804 81 3 496 408 319 12979 59 0 4 0 1 0 907 6 0 1 0 39974 291754 8215 8 0
TRIPLE 1085791 0 0 6 8 0 2 0 4 0 4960 4661 4018 72 4608 65 0 639814 102682
ROW 3 1085792 1026 38 27 6 0 0 0 0 27 511 828 84 3 351 348 325 14055 111 0 5 0 1 0 1186 10 0 1 0 38873 312733 9878 8 0
TRIPLE 1085792 0 0 6 8 0 2 0 5 0 2925 2924 2848 116 7424 116 0 414242 164366
ROW 3 1085793 1102 38 29 6 0 0 0 0 25 512 850 74 4 300 300 297 13194 116 0 7 0 1 0 1312 13 0 1 0 56565 401800 15218 9 0
TRIPLE 1085793 0 0 6 9 0 3 0 7 0 2300 2300 2299 125 8000 125 0 443878 273050
ROW 3 1085796 1548 43 36 4 0 0 0 0 24 460 766 68 2 276 248 243 12174 135 0 8 0 1 0 1456 14 0 1 0 51537 354812 11662 10 0
TRIPLE 1085796 0 0 4 10 0 2 0 8 0 2024 1967 1871 68 4352 68 0 257110 98093
ROW 3 1085797 1247 43 29 4 0 0 0 0 25 444 728 74 3 300 270 268 13886 151 0 8 0 1 0 1423 13 0 1 0 36769 310219 11291 11 0
TRIPLE 1085797 0 0 4 11 0 2 0 8 0 2300 2219 2178 69 4416 69 0 323734 99445
ROW 3 1085798 1368 38 36 4 0 0 0 0 24 493 812 72 3 276 276 276 14728 191 0 8 0 1 0 1547 15 0 1 0 37209 326940 12353 11 0
TRIPLE 1085798 0 0 4 11 0 2 0 8 0 2024 2024 2024 110 7040 110 0 267429 156552
ROW 3 1085799 1102 38 29 4 0 0 0 0 24 491 798 76 2 276 276 275 13778 156 0 8 0 1 0 1490 15 0 1 0 52368 305530 17103 11 0
TRIPLE 1085799 0 0 4 11 0 3 0 8 0 2024 2024 2024 128 8192 128 0 282917 260557
ROW 3 1085814 2021 43 47 4 0 0 0 0 24 445 740 69 3 276 248 248 11387 38 0 6 0 1 0 1145 4 0 1 0 50193 364339 12884 7 0
TRIPLE 1085814 0 0 4 7 0 1 0 6 0 2024 1968 1951 83 5144 5 0 355192 166451
ROW 3 1085815 2150 43 50 4 0 0 0 0 24 454 760 68 3 276 248 248 13714 117 0 7 0 1 0 1324 10 0 1 0 49583 351316 10670 10 0
TRIPLE 1085815 0 0 4 10 0 1 0 7 0 2024 1968 1963 73 4664 69 0 259384 104575
ROW 3 1085816 1786 38 47 4 0 0 0 0 24 489 808 68 3 276 275 274 10359 7 0 2 0 1 0 1254 1 0 1 0 39613 222826 13024 2 0
TRIPLE 1085816 0 0 4 2 0 0 0 2 0 2024 2024 2022 128 6402 0 0 285272 149689
ROW 3 1085820 2064 43 48 4 0 0 0 0 27 469 792 64 3 351 307 303 11454 12 0 2 0 1 0 994 0 0 1 0 37871 250177 10990 3 0
TRIPLE 1085820 0 0 4 3 0 1 0 2 0 2925 2789 2766 128 6816 2 0 420515 158226
ROW 3 1085821 1824 38 48 4 0 0 0 0 24 484 806 64 2 276 274 250 7423 0 0 0 0 1 0 837 1 0 1 0 48881 188772 7203 0 0
TRIPLE 1085821 0 0 4 0 0 0 0 0 0 2024 2022 1985 128 4998 0 0 268071 110436
ROW 3 1085822 2150 43 50 4 0 0 0 0 27 482 816 68 3 351 307 289 13551 13 0 2 0 1 0 1162 2 0 1 0 44813 382874 9878 3 0
TRIPLE 1085822 0 0 4 3 0 1 0 2 0 2925 2795 2749 116 6954 7 0 459968 161492
ROW 3 1085823 1900 38 50 4 0 0 0 0 27 507 848 75 3 351 274 271 9534 5 0 2 0 1 0 1117 2 0 1 0 69500 210543 9427 2 0
TRIPLE 1085823 0 0 4 2 0 1 0 2 0 2925 2478 2056 124 6360 7 0 330858 144750
ROW 3 1085833 1274 98 13 4 0 0 0 0 26 460 770 72 3 325 280 280 17914 277 262 8 8 1 1 2068 16 16 1 1 53449 452234 15779 13 12
TRIPLE 1085833 0 0 4 13 12 1 1 8 8 2600 2480 2480 66 4224 66 66 331248 96971
ROW 3 1085848 2262 174 13 4 0 0 0 0 24 438 722 79 3 276 248 248 15872 248 232 8 8 1 1 2064 16 16 1 1 41708 388184 15920 12 12
TRIPLE 1085848 0 0 4 12 12 1 1 8 8 2024 1968 1968 66 4224 66 66 259344 96159
ROW 3 1085849 1781 137 13 6 0 0 0 0 24 435 726 71 3 276 248 248 14447 128 0 8 0 1 0 1346 0 0 0 0 40626 317332 10811 8 0
TRIPLE 1085849 0 0 6 8 0 3 0 8 0 2024 1968 1834 71 4500 67 0 265205 101640
ROW 0 1228707 18 3 6 6 12 1249 0 12 18 287 462 54 1 153 28 3 228 0 0 0 0 0 0 71 0 0 0 0 34344 10148 1302 0 0
TRIPLE 1228707 12 1249 6 0 0 0 0 0 0 816 128 2 64 587 0 0 27251 14537
ROW 3 1275035 1176 14 84 4 0 0 0 0 32 506 710 151 3 496 462 453 26977 415 384 16 12 1 1 2698 24 16 1 1 63799 644503 21320 16 16
TRIPLE 1275035 0 0 4 16 16 3 3 16 12 4960 4825 4732 128 8192 128 128 671293 185937
ROW 3 1275036 1750 14 125 6 0 0 0 0 32 473 660 144 3 496 428 422 26355 399 224 16 14 1 1 1832 24 0 1 0 38081 620898 14487 16 14
TRIPLE 1275036 0 0 6 16 14 3 3 16 14 4960 4701 4559 84 5376 84 84 669639 125194
ROW 3 1275039 2086 14 149 4 0 0 0 0 32 512 740 144 4 496 467 434 25530 384 297 13 13 1 1 2441 20 11 1 1 55374 615589 31509 16 15
TRIPLE 1275039 0 0 4 16 15 3 3 13 13 4960 4888 4688 128 8192 128 128 817786 245458
ROW 3 1275047 1116 9 124 4 0 0 0 0 32 509 730 145 3 496 429 410 24545 316 87 14 5 1 1 2060 19 2 1 0 55193 686440 22903 16 5
TRIPLE 1275047 0 0 4 16 5 2 2 14 5 4960 4763 4586 67 4288 67 67 741583 111508
ROW 3 1275048 1341 9 149 4 0 0 0 0 32 512 740 143 4 496 451 429 22210 199 80 10 5 1 1 1544 4 3 1 1 62146 629424 17803 13 5
TRIPLE 1275048 0 0 4 13 5 2 2 10 5 4960 4840 4677 74 4736 74 74 778362 155911
ROW 3 1275054 2533 17 149 4 0 0 0 0 32 512 712 158 4 496 496 496 30133 466 415 13 12 1 1 2873 22 16 1 1 53630 721906 22492 16 16
TRIPLE 1275054 0 0 4 16 16 2 2 13 12 4960 4960 4960 72 4608 72 72 715485 132087
ROW 3 1275056 3129 21 149 4 0 0 0 0 32 512 704 162 4 496 496 496 31046 481 461 16 16 1 1 3438 26 25 1 1 44814 710997 26659 16 16
TRIPLE 1275056 0 0 4 16 16 1 1 16 16 4960 4960 4960 66 4224 66 66 715545 99515
ROW 4 1275058 4234 29 146 4 0 0 0 0 32 512 708 160 4 496 496 470 29639 457 342 12 13 1 1 2490 20 6 1 1 42890 709023 19646 16 16
TRIPLE 1275058 0 0 4 16 16 4 4 12 13 4960 4960 4905 128 8192 128 127 702170 186608
ROW 4 1275061 4234 29 146 4 0 0 0 0 32 512 694 167 4 496 496 496 31124 481 332 16 14 1 1 3082 25 9 1 1 41588 733950 24195 16 16
TRIPLE 1275061 0 0 4 16 16 3 3 16 14 4960 4960 4960 128 8192 128 85 682233 214320
ROW 3 1275063 3596 29 124 6 0 0 0 0 32 512 712 158 4 496 496 480 30204 468 266 12 13 1 1 2494 24 3 1 1 41828 702871 19466 16 14
TRIPLE 1275063 0 0 6 16 14 2 2 12 13 4960 4960 4929 71 4544 71 71 726025 106859
ROW 4 1275065 4321 29 149 4 0 0 0 0 32 512 728 150 4 496 496 492 26964 348 285 16 13 1 1 2034 8 4 1 1 40586 686370 22672 16 14
TRIPLE 1275065 0 0 4 16 14 1 1 16 13 4960 4960 4957 97 6208 97 42 893106 178954
ROW 3 1275068 3596 29 124 4 0 0 0 0 32 512 698 165 4 496 496 496 31279 484 347 16 16 1 1 3106 28 7 1 1 54712 780485 34103 16 16
TRIPLE 1275068 0 0 4 16 16 1 1 16 16 4960 4960 4960 70 4480 70 70 726765 149580
ROW 4 1275069 4321 29 149 4 0 0 0 0 32 512 710 159 4 496 496 496 28209 368 332 16 16 1 1 2717 13 9 1 1 54782 817345 21450 16 16
TRIPLE 1275069 0 0 4 16 16 2 2 16 16 4960 4960 4960 128 8192 128 128 749248 211194
ROW 3 1275113 3650 25 146 4 0 0 0 0 32 512 706 161 4 496 496 496 24381 201 60 12 4 1 1 1906 8 6 1 1 42409 543864 21911 13 7
TRIPLE 1275113 0 0 4 13 7 2 1 12 4 4960 4960 4960 128 8192 128 64 892015 266597
ROW 3 1275115 2540 20 127 4 0 0 0 0 32 512 706 161 4 496 496 496 31356 475 231 16 10 1 1 3184 27 7 1 1 60242 1040310 24876 16 10
TRIPLE 1275115 0 0 4 16 10 2 2 16 10 4960 4960 4960 86 5504 86 86 944803 159226
ROW 3 1275117 2920 20 146 4 0 0 0 0 32 512 706 161 4 496 496 496 27971 327 187 16 8 1 1 2266 11 7 1 1 43521 707149 18495 16 8
TRIPLE 1275117 0 0 4 16 8 3 3 16 8 4960 4960 4960 83 5312 83 83 809981 144009
ROW 3 1275119 3100 25 124 4 0 0 0 0 32 512 722 153 4 496 496 449 21153 107 31 6 4 1 1 1674 8 4 1 1 49973 542843 13685 9 6
TRIPLE 1275119 0 0 4 9 6 1 0 7 4 4960 4960 4749 128 6972 64 0 765899 177301
ROW 3 1275121 3725 25 149 6 0 0 0 0 32 512 718 155 4 496 496 376 16585 83 31 4 5 1 1 1145 5 2 1 0 45795 407099 9779 8 6
TRIPLE 1275121 0 0 6 8 6 2 0 6 5 4960 4960 4400 108 6437 83 0 766049 165458
ROW 3 1275123 2480 20 124 4 0 0 0 0 32 512 704 162 4 496 496 376 24983 230 150 11 9 1 1 2141 10 8 1 1 42509 633451 17042 11 9
TRIPLE 1275123 0 0 4 11 9 3 3 11 9 4960 4960 4400 85 5440 85 85 708461 125404
ROW 3 1275125 2980 20 149 4 0 0 0 0 32 512 732 148 4 496 490 376 20362 206 106 9 8 1 1 1451 9 7 1 1 53901 461271 12063 9 8
TRIPLE 1275125 0 0 4 9 8 2 2 9 8 4960 4948 4400 73 4672 73 73 725002 107891
ROW 3 1275128 1778 14 127 6 0 0 0 0 32 492 708 140 3 496 454 288 19964 284 224 16 13 1 1 890 8 0 1 0 50865 543825 11070 16 16
TRIPLE 1275128 0 0 6 16 16 3 2 16 13 4960 4680 4114 128 8192 128 64 681612 223647
ROW 3 1275129 2044 14 146 6 0 0 0 0 32 465 670 132 3 496 461 326 19659 290 32 16 2 1 0 633 7 0 1 0 42660 493802 5881 16 2
TRIPLE 1275129 0 0 6 16 2 2 2 16 2 4960 4766 4106 68 4352 68 68 744749 119754
ROW 3 1275132 1736 14 124 6 0 0 0 0 32 465 668 133 3 496 348 337 13623 145 14 8 3 1 1 514 6 0 1 0 44934 375040 6963 8 4
TRIPLE 1275132 0 0 6 8 4 2 2 8 4 4960 4338 2915 68 4352 68 68 716277 145392
ROW 3 1275133 2086 14 149 6 0 0 0 0 32 478 694 133 3 496 376 248 12213 127 41 8 6 1 1 546 6 0 1 0 85870 377584 7304 8 7
TRIPLE 1275133 0 0 6 8 7 3 3 8 7 4960 3440 2480 70 4480 70 70 578660 149529
ROW 3 1275138 1118 13 86 4 0 0 0 0 30 479 740 110 3 435 402 401 20049 271 218 11 10 1 1 2544 21 11 1 1 66745 504421 26950 12 12
TRIPLE 1275138 0 0 4 12 12 3 3 11 10 4060 3960 3938 128 8192 128 128 760930 282988
ROW 3 1275139 1750 14 125 6 0 0 0 0 28 460 644 136 3 378 313 312 19098 267 16 10 1 1 0 1686 16 0 1 0 50324 539607 13475 13 1
TRIPLE 1275139 0 0 6 13 1 2 0 10 1 3276 3062 3056 80 5120 80 0 417419 116467
ROW 3 1275147 1290 15 86 4 0 0 0 0 32 512 754 134 4 496 426 414 23368 312 92 10 7 1 1 1840 16 0 1 0 70602 689015 15208 14 7
TRIPLE 1275147 0 0 4 14 7 2 0 10 7 4960 4780 4600 66 4224 66 0 918674 98324
ROW 3 1275148 1375 11 125 6 0 0 0 0 32 511 710 157 3 496 496 492 24534 224 35 13 3 1 1 1729 3 0 0 0 38261 571557 14096 13 3
TRIPLE 1275148 0 0 6 13 3 4 1 13 3 4960 4960 4959 128 8090 122 4 706087 182480
ROW 3 1275149 3212 22 146 4 0 0 0 0 29 464 682 125 3 406 338 334 19234 232 200 10 9 1 1 2106 16 16 1 1 41978 438798 16580 12 10
TRIPLE 1275149 0 0 4 12 10 2 2 10 9 3654 3385 3217 73 4672 73 73 482991 106688
ROW 3 1275150 1460 10 146 4 0 0 0 0 32 508 706 157 3 496 402 390 24308 364 242 13 11 1 1 2361 18 15 1 1 41568 582698 18835 16 14
TRIPLE 1275150 0 0 4 16 14 3 3 13 11 4960 4555 4453 128 8192 128 128 636799 215842
ROW 3 1275151 2728 22 124 4 0 0 0 0 32 483 704 133 3 496 394 383 21868 283 144 11 9 1 1 1738 16 0 1 0 49603 524799 14046 14 9
TRIPLE 1275151 0 0 4 14 9 3 2 11 9 4960 4442 4256 128 8192 128 64 654340 198190
ROW 3 1275152 1240 10 124 4 0 0 0 0 32 512 720 154 4 496 407 386 24086 331 121 12 9 1 1 1939 18 2 1 0 49753 553413 15529 15 11
TRIPLE 1275152 0 0 4 15 11 2 2 12 9 4960 4551 4449 76 4864 76 70 678335 113471
ROW 3 1275153 1232 22 56 6 0 0 0 0 32 505 736 139 3 496 431 410 21692 221 77 11 9 1 1 1385 1 0 0 0 41478 568291 16561 16 9
TRIPLE 1275153 0 0 6 16 9 2 2 11 9 4960 4631 4435 68 4352 68 68 901842 153437
ROW 3 1275159 1364 11 124 4 0 0 0 0 32 512 724 152 4 496 468 465 27311 416 262 12 16 1 1 2102 18 2 1 0 61525 767923 23915 16 16
TRIPLE 1275159 0 0 4 16 16 1 1 12 16 4960 4904 4816 79 5056 79 79 791627 171089
ROW 3 1275160 1639 11 149 6 0 0 0 0 32 512 738 145 4 496 485 468 27766 339 255 13 15 1 1 1493 8 2 1 0 62547 903215 12423 16 15
TRIPLE 1275160 0 0 6 16 15 2 2 13 15 4960 4942 4884 128 8192 128 128 887546 201767
ROW 3 1275166 1606 11 146 6 1 1354 0 1 32 465 676 126 3 496 387 385 18334 97 94 6 6 1 1 1422 2 0 0 0 44002 407500 11912 6 6
TRIPLE 1275166 1 1354 6 6 6 1 0 6 6 4960 4414 4174 128 8128 82 0 639934 181479
ROW 3 1275168 1632 16 102 4 0 0 0 0 32 512 770 123 4 496 416 403 22757 279 129 12 8 1 1 1904 18 2 1 0 46366 544235 15269 13 8
TRIPLE 1275168 0 0 4 13 8 3 1 12 8 4960 4648 4535 128 8192 128 64 646987 205743
ROW 3 1275174 1131 13 87 4 0 0 0 0 28 458 700 109 3 378 328 323 17191 237 118 9 8 1 1 1697 14 1 1 0 39955 390810 13596 12 8
TRIPLE 1275174 0 0 4 12 8 3 2 9 8 3276 3099 3079 128 8192 128 64 423401 206356
ROW 3 1275175 1898 13 146 6 5 5950 5 3 32 460 672 126 3 496 370 143 10766 128 79 8 8 1 1 276 0 0 0 0 38212 255898 3236 8 8
TRIPLE 1275175 5 5950 6 8 8 2 0 8 8 4960 3952 2838 73 4672 73 0 486467 129001
ROW 3 1275178 2088 24 87 6 0 0 0 0 32 487 734 120 3 496 376 376 14336 48 48 3 3 0 1 960 0 0 0 0 38111 317272 8165 3 3
TRIPLE 1275178 0 0 6 3 3 1 1 3 3 4960 4418 4400 128 6976 64 64 641938 155851
ROW 3 1275179 2044 14 146 6 0 0 0 0 32 472 680 131 3 496 376 256 14876 128 70 8 6 1 1 300 0 0 0 0 37811 338522 3376 8 7
TRIPLE 1275179 0 0 6 8 7 2 2 8 7 4960 4400 3840 118 6336 54 32 658108 167072
ROW 3 1275182 1364 11 124 6 1 1325 0 1 32 470 684 127 3 496 393 385 15766 113 18 7 4 1 1 901 2 1 0 0 50153 430803 7744 7 4
TRIPLE 1275182 1 1325 6 7 4 2 1 7 4 4960 4433 4168 91 5824 91 16 729191 132828
ROW 3 1275183 1984 16 124 6 4 5068 0 4 32 500 704 147 3 496 415 332 16454 97 7 6 2 1 0 949 2 2 0 0 40906 395408 8305 6 2
TRIPLE 1275183 4 5068 6 6 2 1 1 6 2 4960 4647 4172 90 4544 26 16 817916 137857
ROW 3 1275191 1612 13 124 6 5 5605 4 3 32 461 672 127 3 496 193 132 6767 6 0 2 0 0 0 94 0 0 0 0 37760 199582 1704 2 0
TRIPLE 1275191 5 5605 6 2 0 2 2 3 2 4960 3182 1285 95 4950 65 64 358760 111328
ROW 3 1275194 1736 14 124 6 0 0 0 0 32 472 684 129 3 496 260 254 8768 0 0 0 0 0 0 128 0 0 0 0 62116 195154 1944 0 0
TRIPLE 1275194 0 0 6 0 0 2 0 2 0 4960 3850 2283 128 6464 64 0 462313 144089
ROW 3 1275195 1240 10 124 6 32 35744 30 15 32 458 656 132 3 496 254 140 5160 0 0 0 0 0 0 64 0 0 0 0 35898 141755 1412 0 0
TRIPLE 1275195 32 35744 6 0 0 1 1 1 1 4960 3566 1473 121 6213 64 18 396760 138158
ROW 3 1275201 1479 17 87 4 0 0 0 0 32 512 746 137 4 496 475 429 24602 375 152 12 12 1 1 1934 16 0 1 0 42620 593457 15909 16 14
TRIPLE 1275201 0 0 4 16 14 2 0 12 12 4960 4918 4750 84 5376 84 0 675881 147045
ROW 3 1275204 1122 11 102 4 0 0 0 0 32 512 750 139 4 496 450 419 22193 239 146 15 10 1 1 986 0 0 1 0 41728 496786 12083 16 10
TRIPLE 1275204 0 0 4 16 10 2 2 15 10 4960 4865 4605 128 7104 64 64 723871 247882
ROW 3 1275205 2794 22 127 4 0 0 0 0 32 512 698 165 4 496 496 492 30040 462 265 15 15 1 1 2449 24 0 1 0 60233 960932 19617 16 16
TRIPLE 1275205 0 0 4 16 16 4 2 15 15 4960 4960 4954 128 8192 128 64 713361 187860
ROW 3 1275206 3212 22 146 6 0 0 0 0 32 512 716 156 4 496 496 494 28180 341 182 16 10 1 1 2081 8 0 1 0 43361 820451 16992 16 10
TRIPLE 1275206 0 0 6 16 10 2 2 16 10 4960 4960 4960 73 4672 73 73 954912 110516
ROW 3 1275208 1305 15 87 6 0 0 0 0 32 512 748 137 4 496 450 416 20267 161 64 10 4 1 1 1038 0 0 0 0 43341 452073 13105 12 4
TRIPLE 1275208 0 0 6 12 4 1 1 10 4 4960 4827 4689 128 7104 64 64 933001 265906
ROW 3 1275211 2190 15 146 6 18 23647 15 15 32 512 724 150 4 496 472 325 9100 0 0 0 0 0 0 304 0 0 0 0 57687 235890 3697 0 0
TRIPLE 1275211 18 23647 6 0 0 0 0 0 0 4960 4912 4181 67 3015 0 0 683355 66685
ROW 3 1275212 1606 11 146 6 0 0 0 0 32 512 728 150 4 496 492 365 11610 26 8 5 2 1 0 368 0 0 0 0 40495 276145 5671 5 2
TRIPLE 1275212 0 0 6 5 2 3 0 6 2 4960 4955 4380 128 6976 64 0 756101 200834
ROW 3 1275214 1364 11 124 6 12 14052 12 8 32 512 716 155 4 496 470 348 11791 45 0 5 0 1 0 315 0 0 0 0 41989 270614 4258 5 0
TRIPLE 1275214 12 14052 6 5 0 2 1 5 1 4960 4905 4257 128 6995 65 27 689596 168024
ROW 3 1275217 1581 17 93 4 0 0 0 0 32 512 738 143 4 496 496 351 19644 120 4 9 1 1 0 985 5 2 1 0 50404 460288 8857 10 2
TRIPLE 1275217 0 0 4 10 2 2 2 9 3 4960 4960 4347 120 6616 64 51 676382 164457
ROW 3 1275218 2728 22 124 6 0 0 0 0 32 512 720 154 4 496 496 496 26731 272 106 15 8 1 1 1553 9 0 1 0 40666 593156 12935 15 8
TRIPLE 1275218 0 0 6 15 8 2 2 15 8 4960 4960 4960 128 8192 128 64 711007 186247
ROW 3 1275219 1232 22 56 4 0 0 0 0 32 512 732 148 4 496 496 376 21573 200 105 9 8 1 1 1373 10 3 1 1 39474 495274 26069 9 8
TRIPLE 1275219 0 0 4 9 8 3 2 9 8 4960 4960 4400 81 5184 81 64 672415 118711
ROW 3 1275220 2046 22 93 6 0 0 0 0 32 512 728 150 4 496 496 496 27062 312 115 14 8 1 1 1653 11 2 1 0 38833 665602 19396 15 8
TRIPLE 1275220 0 0 6 15 8 3 2 14 8 4960 4960 4960 128 8192 128 64 924385 285011
ROW 3 1275221 1860 15 124 6 18 21165 15 14 32 512 734 147 4 496 345 301 6519 0 0 0 0 0 0 136 0 0 0 0 83596 200444 3337 0 0
TRIPLE 1275221 18 21165 6 0 0 0 0 0 0 4960 4329 3531 121 4997 0 0 645624 145342
ROW 3 1275222 1364 11 124 6 0 0 0 0 32 512 730 149 4 496 372 319 9625 31 8 5 3 1 1 288 0 0 0 0 41899 220882 3547 5 3
TRIPLE 1275222 0 0 6 5 3 2 1 5 3 4960 4396 3419 71 4373 62 1 562790 99486
ROW 3 1275224 1395 15 93 4 0 0 0 0 32 512 742 143 3 496 360 328 9107 25 3 2 1 1 0 414 3 1 1 0 73366 280123 6031 4 1
TRIPLE 1275224 0 0 4 4 1 2 2 3 3 4960 4364 3803 71 4544 71 71 843774 147826
ROW 3 1275489 1058 23 46 4 0 0 0 0 32 508 784 116 3 496 376 376 24064 376 256 12 16 1 1 1473 15 0 1 0 64200 563121 17432 16 16
TRIPLE 1275489 0 0 4 16 16 3 2 12 16 4960 4240 4038 128 8192 128 64 780266 303477
ROW 3 1275500 1242 23 54 4 0 0 0 0 32 512 802 113 4 496 420 273 17961 257 240 16 15 1 1 441 2 1 1 0 65382 504862 4598 16 15
TRIPLE 1275500 0 0 4 16 15 2 2 16 15 4960 4558 3889 72 4608 72 72 741363 107100
ROW 3 1275502 1032 12 86 6 0 0 0 0 32 512 806 111 4 496 420 279 14966 198 141 14 11 1 1 213 1 0 0 0 42960 352237 4018 14 11
TRIPLE 1275502 0 0 6 14 11 2 0 14 11 4960 4605 3934 69 4416 69 0 690749 115485
ROW 3 1275504 1978 23 86 6 0 0 0 0 32 512 798 115 4 496 295 268 14567 192 144 13 9 1 1 68 0 0 0 0 56075 408031 1533 13 9
TRIPLE 1275504 0 0 6 13 9 2 2 13 9 4960 3987 3858 128 7104 64 64 596804 160509
ROW 3 1275519 2356 19 124 4 0 0 0 0 27 457 670 120 3 351 298 296 18750 264 217 9 9 1 1 2033 16 11 1 1 39984 452895 15789 12 12
TRIPLE 1275519 0 0 4 12 12 3 3 9 9 2925 2761 2759 66 4224 66 66 382674 97923
ROW 3 1275520 1064 19 56 6 0 0 0 0 32 499 726 135 3 496 385 376 23582 341 149 11 12 1 1 1644 14 0 1 0 39634 554915 13345 15 12
TRIPLE 1275520 0 0 6 15 12 4 1 11 12 4960 4421 4400 128 8192 128 64 621760 186688
ROW 3 1275521 1767 19 93 4 0 0 0 0 32 490 740 122 3 496 463 445 24685 378 233 13 16 1 1 1918 17 1 1 0 37551 613044 22261 16 16
TRIPLE 1275521 0 0 4 16 16 3 0 13 16 4960 4845 4708 73 4672 73 0 743507 174496
ROW 3 1275538 1240 10 124 6 67 90073 22 67 29 439 666 99 2 406 328 328 16182 144 48 9 3 1 1 660 0 0 0 0 72996 496707 6232 9 3
TRIPLE 1275538 67 90073 6 9 3 1 0 9 3 3654 3368 3368 123 6257 64 0 606852 141454
ROW 3 1275574 1044 12 87 6 0 0 0 0 32 512 774 127 4 496 325 284 11331 138 22 9 4 1 1 88 0 0 0 0 42829 264484 1874 9 5
TRIPLE 1275574 0 0 6 9 5 1 1 9 4 4960 4170 3902 67 4288 67 67 596903 98124
ROW 3 1275576 2001 23 87 6 0 0 0 0 32 512 786 120 4 496 346 294 9123 51 0 7 0 1 0 151 1 0 0 0 40055 208569 2244 7 0
TRIPLE 1275576 0 0 6 7 0 1 1 7 1 4960 4305 3426 70 4480 70 70 572729 100718
ROW 3 1275578 1224 12 102 6 0 0 0 0 32 512 754 137 4 496 376 345 2452 4 2 2 1 0 0 309 3 0 0 0 39654 68528 3406 2 1
TRIPLE 1275578 0 0 6 2 1 2 2 4 3 4960 4041 3009 73 4672 73 64 514890 104815
ROW 3 1275580 2346 23 102 6 0 0 0 0 32 512 756 136 4 496 375 296 1894 7 1 2 1 0 0 295 3 0 0 0 51616 58319 3255 2 1
TRIPLE 1275580 0 0 6 2 1 2 1 4 2 4960 3400 2480 71 4544 71 19 449699 101679
ROW 3 1275584 1840 23 80 4 0 0 0 0 32 502 750 125 3 496 250 120 4815 67 16 6 2 1 0 843 9 2 1 0 38222 121848 7314 7 2
TRIPLE 1275584 0 0 4 7 2 1 1 6 2 4960 2480 2464 75 2203 22 5 404985 51546
ROW 3 1275586 1116 12 93 6 0 0 0 0 32 457 668 125 3 496 120 120 6319 91 12 7 2 1 0 947 9 2 1 0 35606 151051 8165 8 2
TRIPLE 1275586 0 0 6 8 2 2 1 7 2 4960 2480 2328 66 4150 64 17 374949 93675
ROW 3 1275587 1288 23 56 6 6 647 0 6 24 445 680 80 2 276 28 28 84 0 0 0 0 0 0 76 0 0 0 0 33142 9387 1433 0 0
TRIPLE 1275587 6 647 6 0 0 0 0 0 0 2024 56 56 56 168 0 0 76122 4659
ROW 3 1275588 2139 23 93 4 0 0 0 0 32 473 714 115 3 496 276 276 11203 133 30 7 3 1 1 1305 10 5 1 1 36067 263913 11000 11 5
TRIPLE 1275588 0 0 4 11 5 2 2 7 3 4960 3218 2423 66 4224 66 45 420925 96370
ROW 3 1278370 1360 17 80 4 0 0 0 0 32 512 788 118 4 496 495 470 28204 431 383 15 14 1 1 3383 27 20 1 1 55874 663638 26119 15 15
TRIPLE 1278370 0 0 4 15 15 2 2 15 14 4960 4946 4930 70 4480 70 70 704254 103834
ROW 3 1278926 1298 22 59 4 0 0 0 0 32 512 802 113 4 496 486 457 25689 389 241 13 13 1 1 2775 27 11 1 1 51395 607223 21480 15 13
TRIPLE 1278926 0 0 4 15 13 2 3 13 13 4960 4860 4680 120 7680 120 104 693383 186247
ROW 3 1278930 1593 27 59 4 0 0 0 0 32 512 814 107 4 496 483 439 27885 432 251 15 14 1 1 2933 28 13 1 1 45565 633281 22823 15 14
TRIPLE 1278930 0 0 4 15 14 3 2 15 14 4960 4930 4930 126 8064 126 64 710185 183653
ROW 3 1278936 1232 22 56 4 0 0 0 0 24 454 728 92 3 276 221 121 8157 120 9 8 2 1 0 1423 16 3 1 1 49362 187159 11191 8 2
TRIPLE 1278936 0 0 4 8 2 2 1 8 2 2024 1520 1403 69 4416 69 11 215943 99947
ROW 3 1278937 1064 19 56 4 0 0 0 0 24 449 712 94 3 276 242 139 9454 130 21 8 4 1 1 1584 15 5 1 1 36177 217966 12152 9 4
TRIPLE 1278937 0 0 4 9 4 2 2 8 4 2024 1520 1507 67 4288 67 57 210533 97081
ROW 3 1343866 1200 25 48 6 0 0 0 0 19 431 722 70 2 171 141 38 3995 1 0 1 0 0 0 655 1 0 0 0 53139 89407 5460 1 0
TRIPLE 1343866 0 0 6 1 0 0 0 1 0 969 899 142 69 3144 0 0 100708 70762
ROW 3 1377414 1092 21 52 4 0 0 0 0 32 512 768 129 4 496 464 413 18328 248 128 11 8 1 1 2220 15 1 1 0 57528 428980 17783 12 8
TRIPLE 1377414 0 0 4 12 8 2 3 11 8 4960 4550 4291 128 8192 128 64 657137 184714
ROW 3 1377432 1470 21 70 4 0 0 0 0 32 512 770 129 4 496 465 411 19044 259 194 11 12 1 1 2429 20 7 1 1 49422 441213 19035 12 12
TRIPLE 1377432 0 0 4 12 12 3 3 11 12 4960 4461 4271 128 8192 128 128 625537 184244
ROW 3 1379951 1298 59 22 4 0 0 0 0 32 512 794 117 4 496 496 496 31633 486 296 16 14 1 1 3218 28 11 1 1 43782 828616 35556 16 16
TRIPLE 1379951 0 0 4 16 16 2 3 16 14 4960 4960 4960 128 8192 128 64 965060 283079
ROW 3 1380019 1680 56 30 4 0 0 0 0 24 452 728 88 3 276 245 146 7978 75 0 7 0 1 0 1296 10 0 1 0 77364 254996 14908 8 0
TRIPLE 1380019 0 0 4 8 0 3 0 7 0 2024 1592 1369 67 4288 67 0 283840 145681
ROW 3 1380021 1770 59 30 4 0 0 0 0 32 512 782 123 4 496 496 496 31708 495 297 16 14 1 1 3511 30 12 1 1 60403 973156 26870 16 15
TRIPLE 1380021 0 0 4 16 15 3 2 16 14 4960 4960 4960 128 8192 128 64 808739 188282
ROW 3 1380034 1960 56 35 4 0 0 0 0 20 451 732 80 3 190 177 166 9470 127 14 8 3 1 1 1815 16 3 1 1 40986 279922 14206 9 4
TRIPLE 1380034 0 0 4 9 4 2 2 8 3 1140 1097 1065 66 4224 66 51 146724 106048
ROW 3 1380035 1062 59 18 4 0 0 0 0 32 512 796 116 4 496 496 496 31372 486 208 16 13 1 1 3121 29 7 1 1 46998 794853 24315 16 14
TRIPLE 1380035 0 0 4 16 14 2 2 16 13 4960 4960 4960 128 8192 128 64 715975 214530
ROW 3 1380038 1190 34 35 4 0 0 0 0 32 503 778 110 3 496 424 355 20274 289 116 8 7 1 1 1975 16 7 1 1 40956 468514 16110 14 8
TRIPLE 1380038 0 0 4 14 8 3 3 8 7 4960 4396 4303 67 4288 67 67 638241 99115
ROW 3 1380162 1056 48 22 4 0 0 0 0 28 446 700 95 2 378 309 226 15117 204 0 8 0 1 0 1807 15 0 1 0 36669 338953 14507 11 0
TRIPLE 1380162 0 0 4 11 0 3 0 8 0 3276 2770 2366 70 4480 70 0 372665 101389
ROW 3 1380180 1298 59 22 4 0 0 0 0 32 512 782 123 4 496 496 467 28131 335 94 16 10 1 1 2023 11 3 1 1 41237 669800 16451 16 12
TRIPLE 1380180 0 0 4 16 12 2 1 16 10 4960 4960 4869 98 6272 98 25 745380 143738
ROW 3 1380234 1064 56 19 4 0 0 0 0 24 443 698 89 3 276 248 185 8102 47 0 4 0 1 0 1062 8 0 1 0 34835 211204 8736 6 0
TRIPLE 1380234 0 0 4 6 0 2 0 4 0 2024 1873 1546 65 4160 65 0 240108 93014
ROW 3 1380236 2352 56 42 4 0 0 0 0 23 456 724 88 3 253 232 171 10576 131 17 8 3 1 1 1645 13 5 1 1 35427 241260 12814 9 3
TRIPLE 1380236 0 0 4 9 3 2 2 8 3 1771 1640 1459 65 4160 65 32 227845 94526
ROW 3 1380237 1888 59 32 4 0 0 0 0 32 512 766 131 4 496 496 496 31055 477 223 16 14 1 1 2862 23 3 1 1 38942 703773 25617 16 14
TRIPLE 1380237 0 0 4 16 14 3 2 16 14 4960 4960 4960 128 8192 128 64 711387 187109
ROW 3 1380238 1088 34 32 4 0 0 0 0 32 485 734 109 3 496 411 328 15966 184 2 8 1 1 0 1458 10 0 1 0 37009 378977 12173 12 1
TRIPLE 1380238 0 0 4 12 1 3 0 8 1 4960 4522 4132 119 7616 119 0 615048 181619
ROW 3 1380240 1428 34 42 4 0 0 0 0 32 502 786 102 3 496 417 338 20415 253 54 8 5 1 1 1893 14 7 1 1 38622 467372 15429 14 6
TRIPLE 1380240 0 0 4 14 6 3 3 8 5 4960 4409 4309 65 4160 65 65 618062 95147
ROW 3 1380249 1288 56 23 4 0 0 0 0 24 451 712 89 3 276 248 244 10137 71 0 6 0 1 0 1353 6 0 1 0 32942 221393 10950 7 0
TRIPLE 1380249 0 0 4 7 0 3 0 6 0 2024 1968 1942 66 4224 66 0 261338 94717
ROW 3 1380252 1400 56 25 4 0 0 0 0 27 460 724 93 3 351 301 299 16308 197 0 8 0 1 0 1864 16 0 1 0 34354 373357 14567 12 0
TRIPLE 1380252 0 0 4 12 0 2 0 8 0 2925 2780 2762 67 4288 67 0 382233 96530
ROW 3 1380253 2832 59 48 4 0 0 0 0 32 512 774 127 4 496 496 496 28797 390 110 15 9 1 1 2279 15 1 1 0 38522 655592 18335 16 10
TRIPLE 1380253 0 0 4 16 10 3 3 15 9 4960 4960 4960 128 8192 128 63 712359 185826
ROW 3 1380451 1188 44 27 4 0 0 0 0 25 457 706 98 3 300 292 178 12074 60 1 6 1 1 0 851 1 0 1 0 36588 263972 7454 8 1
TRIPLE 1380451 0 0 4 8 1 1 0 6 1 2300 2294 1753 128 8049 71 0 299369 187580
ROW 3 1380457 1296 48 27 4 0 0 0 0 16 399 654 72 2 120 120 68 7284 56 0 6 0 1 0 1272 11 0 1 0 31068 165399 13755 6 0
TRIPLE 1380457 0 0 4 6 0 2 0 6 0 560 560 374 67 4288 67 0 64360 112891
ROW 3 1380506 1452 44 33 4 0 0 0 0 24 452 704 88 3 276 252 248 15770 236 0 8 0 1 0 1545 15 0 1 0 47669 379168 12363 12 0
TRIPLE 1380506 0 0 4 12 0 2 0 8 0 2024 1971 1968 73 4672 73 0 291414 105296
ROW 3 1380509 1584 48 33 4 0 0 0 0 17 392 618 80 2 136 136 136 8216 122 13 8 2 1 0 1599 14 3 1 1 29675 184785 12313 8 3
TRIPLE 1380509 0 0 4 8 3 2 1 8 2 680 680 680 66 4224 66 40 89547 95768
ROW 3 1380514 1344 56 24 4 0 0 0 0 24 453 702 91 3 276 249 248 11431 66 0 5 0 1 0 1299 4 0 1 0 34836 275764 10559 7 0
TRIPLE 1380514 0 0 4 7 0 3 0 5 0 2024 1968 1968 86 5494 81 0 269963 136855
ROW 3 1380515 1829 59 31 4 0 0 0 0 32 512 778 124 4 496 496 495 25598 269 38 11 5 1 1 1800 9 0 1 0 41147 631979 14748 16 7
TRIPLE 1380515 0 0 4 16 7 3 1 11 5 4960 4960 4959 128 8192 128 11 762313 184203
ROW 3 1380516 1054 34 31 4 0 0 0 0 26 465 700 99 2 325 307 253 8056 0 0 0 0 1 0 1011 0 0 1 0 34895 180246 8686 0 0
TRIPLE 1380516 0 0 4 0 0 0 0 0 0 2600 2580 2257 128 5594 0 0 339985 122919
ROW 3 1380521 1848 56 33 4 0 0 0 0 24 459 714 91 3 276 251 248 12759 129 4 7 2 1 0 1477 7 3 1 1 53790 280944 11862 8 2
TRIPLE 1380521 0 0 4 8 2 3 1 7 2 2024 1970 1968 65 4160 65 4 261688 94066
ROW 3 1380522 1947 59 33 4 0 0 0 0 32 512 772 120 4 496 496 496 24487 188 13 13 2 1 0 1735 1 0 1 0 41327 547732 14326 13 2
TRIPLE 1380522 0 0 4 13 2 1 0 13 2 4960 4960 4960 128 8048 64 0 713641 202298
ROW 3 1380523 1122 34 33 6 0 0 0 0 24 442 656 98 2 276 274 193 6437 5 0 1 0 0 0 685 3 0 0 0 34705 147084 6171 2 0
TRIPLE 1380523 0 0 6 2 0 1 0 1 0 2024 2023 1733 122 5458 35 0 254796 121397
ROW 3 1380524 1947 59 33 4 0 0 0 0 32 512 770 120 4 496 496 496 26393 302 67 10 5 1 1 1997 9 3 1 1 40767 604357 16080 16 7
TRIPLE 1380524 0 0 4 16 7 2 2 10 5 4960 4960 4960 100 6400 100 37 700186 145872
ROW 3 1380525 1122 34 33 4 0 0 0 0 24 455 706 88 2 276 274 263 11047 81 0 6 0 1 0 1453 11 0 1 0 35607 244366 11652 7 0
TRIPLE 1380525 0 0 4 7 0 3 0 6 0 2024 2023 2012 66 4224 66 0 263392 94556
ROW 3 1380688 1056 48 22 4 0 0 0 0 20 427 690 82 2 190 139 29 6741 0 0 0 0 1 0 1038 0 0 1 0 36889 156642 8425 0 0
TRIPLE 1380688 0 0 4 0 0 0 0 0 0 1140 1040 98 70 4250 0 0 89798 93134
ROW 3 1380709 1080 30 36 4 0 0 0 0 32 506 784 105 3 496 490 475 19725 120 0 12 0 1 0 1296 0 0 1 0 40886 432618 11121 13 0
TRIPLE 1380709 0 0 4 13 0 3 0 12 0 4960 4958 4865 128 7166 75 0 715755 160920
ROW 3 1380732 1540 44 35 4 0 0 0 0 29 477 730 102 3 406 380 372 16192 181 0 8 0 1 0 1483 10 0 1 0 36799 373066 11962 12 0
TRIPLE 1380732 0 0 4 12 0 2 0 8 0 3654 3584 3525 75 4796 73 0 481298 107801
ROW 3 1380735 1680 48 35 4 0 0 0 0 20 404 648 80 2 190 184 182 8188 106 9 8 1 1 0 1681 12 2 1 0 31449 184254 13115 8 2
TRIPLE 1380735 0 0 4 8 2 2 1 8 1 1140 1136 1099 64 4096 64 11 159257 92092
ROW 3 1380738 1540 44 35 4 0 0 0 0 32 512 812 100 4 496 463 447 19875 202 5 8 2 1 0 1752 12 1 1 0 44232 475196 14216 13 2
TRIPLE 1380738 0 0 4 13 2 2 0 8 2 4960 4756 4451 65 4160 65 0 702190 94736
ROW 3 1380744 1085 31 35 4 0 0 0 0 29 479 742 99 3 406 374 202 6288 0 0 0 0 1 0 533 0 0 1 0 43802 178744 5370 0 0
TRIPLE 1380744 0 0 4 0 0 0 0 0 0 3654 3562 2315 128 3362 0 0 480587 81352
ROW 3 1380746 2352 56 42 4 0 0 0 0 27 476 758 88 3 351 322 302 14591 151 0 6 0 1 0 1518 12 0 1 0 38422 324686 12413 10 0
TRIPLE 1380746 0 0 4 10 0 2 0 6 0 2925 2848 2780 65 4160 65 0 466200 93895
ROW 3 1380747 2065 59 35 4 0 0 0 0 32 499 764 110 3 496 493 489 22384 111 0 9 0 1 0 1495 0 0 1 0 40346 572818 12633 10 0
TRIPLE 1380747 0 0 4 10 0 1 0 9 0 4960 4960 4945 67 4278 66 0 748667 102141
ROW 3 1380748 1190 34 35 6 0 0 0 0 24 460 704 92 2 276 271 169 4858 0 0 0 0 0 0 606 0 0 0 0 37599 111989 5590 0 0
TRIPLE 1380748 0 0 6 0 0 0 0 0 0 2024 2020 1370 124 3941 0 0 262470 87674
ROW 3 1380749 2478 59 42 4 0 0 0 0 31 500 754 116 3 465 463 457 24550 287 37 8 5 1 1 1916 9 0 1 0 39824 559954 15940 15 5
TRIPLE 1380749 0 0 4 15 5 3 2 9 5 4495 4495 4488 128 8192 128 33 665261 184514
ROW 3 1380750 1428 34 42 4 0 0 0 0 24 472 722 95 2 276 271 267 10218 46 0 4 0 1 0 1323 6 0 1 0 36418 240659 10800 6 0
TRIPLE 1380750 0 0 4 6 0 2 0 4 0 2024 2021 2013 84 4676 64 0 266989 104785
ROW 3 1380751 1085 31 35 4 0 0 0 0 32 512 818 99 4 496 452 349 12867 72 0 4 0 1 0 921 6 0 1 0 43370 291674 8285 8 0
TRIPLE 1380751 0 0 4 8 0 3 0 4 0 4960 4678 4106 128 8175 119 0 646016 180837
ROW 3 1380753 2912 56 52 4 0 0 0 0 32 502 778 106 3 496 443 376 16034 65 0 6 0 1 0 1282 0 0 1 0 41057 366453 10781 8 0
TRIPLE 1380753 0 0 4 8 0 2 0 6 0 4960 4515 4223 100 6270 35 0 675090 139581
ROW 3 1380754 2065 59 35 4 0 0 0 0 28 493 776 98 3 378 378 378 16352 75 2 4 1 1 0 1333 4 0 1 0 41938 394465 11110 6 1
TRIPLE 1380754 0 0 4 6 1 2 0 4 1 3276 3276 3276 128 8012 68 0 447204 182520
ROW 3 1380755 1190 34 35 4 0 0 0 0 24 477 742 89 3 276 258 153 4661 0 0 0 0 1 0 508 0 0 1 0 38632 135964 4779 0 0
TRIPLE 1380755 0 0 4 0 0 0 0 0 0 2024 1967 1262 128 3416 0 0 228997 75992
ROW 3 1380756 3068 59 52 4 0 0 0 0 29 504 776 107 3 406 406 398 21745 164 0 12 0 1 0 1702 2 0 1 0 41938 472922 13906 13 0
TRIPLE 1380756 0 0 4 13 0 2 0 12 0 3654 3654 3653 128 8106 85 0 515492 180717
ROW 3 1380757 1768 34 52 4 0 0 0 0 24 489 756 93 2 276 271 255 7021 0 0 0 0 1 0 792 0 0 1 0 38492 153316 6773 0 0
TRIPLE 1380757 0 0 4 0 0 0 0 0 0 2024 2017 1981 108 4229 0 0 282547 93424
ROW 3 1380770 1960 56 35 4 0 0 0 0 24 454 706 90 3 276 248 248 12933 164 0 8 0 1 0 1404 14 0 1 0 36337 288147 11091 11 0
TRIPLE 1380770 0 0 4 11 0 2 0 8 0 2024 1968 1968 67 4288 67 0 256498 96380
ROW 3 1380773 1190 34 35 4 0 0 0 0 26 487 748 99 2 325 313 303 14061 148 24 8 3 1 1 1726 9 6 1 1 36288 326008 13716 8 4
TRIPLE 1380773 0 0 4 8 4 2 2 8 3 2600 2592 2580 65 4160 65 44 348540 95147
ROW 3 1380776 1848 56 33 4 0 0 0 0 24 463 720 92 3 276 251 249 15505 228 36 8 4 1 1 1968 15 4 1 1 37129 356895 15248 12 6
TRIPLE 1380776 0 0 4 12 6 2 2 8 4 2024 1971 1968 73 4672 73 61 261668 106779
ROW 3 1429243 1056 48 22 6 0 0 0 0 24 445 710 90 3 276 276 164 7881 7 0 1 0 0 0 893 1 1 0 0 50574 174566 7745 2 0
TRIPLE 1429243 0 0 6 2 0 2 0 2 0 2024 2024 1482 123 6748 30 0 240609 161391
ROW 3 1429530 1104 48 23 6 0 0 0 0 24 458 774 71 3 276 92 43 1634 3 0 1 0 0 0 469 3 0 0 0 48601 44413 4548 1 0
TRIPLE 1429530 0 0 6 1 0 1 0 1 0 2024 790 289 104 2733 2 0 104505 61495
ROW 3 1429728 1100 44 25 6 0 0 0 0 32 512 824 101 4 496 428 325 13121 73 16 6 3 1 1 1247 5 3 1 1 47288 292957 10640 6 3
TRIPLE 1429728 0 0 6 6 3 2 0 6 3 4960 4554 3698 120 7436 56 0 609337 165078
ROW 3 1429729 1452 44 33 6 0 0 0 0 24 460 746 86 3 276 276 185 12755 91 14 6 2 1 0 1338 7 4 1 1 44443 279641 10570 7 3
TRIPLE 1429729 0 0 6 7 3 1 1 6 2 2024 2024 1597 77 4928 77 1 258332 110266
ROW 3 1429731 1200 48 25 6 0 0 0 0 24 462 754 85 3 276 152 0 1948 0 0 0 0 0 0 313 0 0 0 0 38503 50143 3266 0 0
TRIPLE 1429731 0 0 6 0 0 0 0 0 0 2024 1285 0 64 1601 0 0 114333 36037
ROW 3 1429732 1056 32 33 6 0 0 0 0 24 445 728 81 3 276 276 156 12593 90 13 7 2 1 0 1240 5 5 1 1 37379 274842 9959 7 3
TRIPLE 1429732 0 0 6 7 3 2 0 7 2 2024 2024 1447 128 8071 64 0 251899 178733
ROW 3 1429733 1584 48 33 6 0 0 0 0 24 462 746 89 3 276 193 5 3287 0 0 0 0 0 0 514 0 0 0 0 37530 77635 4608 0 0
TRIPLE 1429733 0 0 6 0 0 0 0 0 0 2024 1402 27 85 2617 0 0 125184 58288
ROW 3 1429736 1104 48 23 4 0 0 0 0 24 467 750 92 3 276 248 153 7925 64 0 7 0 1 0 1260 8 0 1 0 39053 178903 10279 7 0
TRIPLE 1429736 0 0 4 7 0 2 0 7 0 2024 1714 1411 67 4288 67 0 232254 96139
ROW 3 1429882 1056 48 22 6 0 0 0 0 24 452 740 82 3 276 276 155 8186 7 0 2 0 0 0 995 2 0 0 0 40886 179976 8446 2 0
TRIPLE 1429882 0 0 6 2 0 1 0 2 0 2024 2024 1386 127 6769 19 0 231892 149419
ROW 3 1429893 1085 31 35 6 0 0 0 0 32 512 836 92 4 496 462 424 9206 33 5 4 1 1 0 924 1 1 0 0 48350 225110 8346 6 1
TRIPLE 1429893 0 0 6 6 1 1 0 4 1 4960 4663 4223 97 3962 34 0 631588 89227
ROW 3 1429921 1104 48 23 6 0 0 0 0 24 449 722 88 3 276 276 192 10659 10 0 3 0 0 0 1151 1 0 0 0 39714 242583 9658 3 0
TRIPLE 1429921 0 0 6 3 0 1 0 3 0 2024 2024 1626 128 7762 32 0 241721 170538
ROW 3 1429922 1104 48 23 6 0 0 0 0 24 452 726 89 3 276 276 263 13596 46 0 4 0 1 0 1510 6 0 1 0 38341 294169 12263 6 0
TRIPLE 1429922 0 0 6 6 0 3 0 4 0 2024 2024 2000 128 8192 128 0 276966 181028
ROW 3 1429923 1056 44 24 4 0 0 0 0 29 485 764 100 3 406 399 385 19600 138 14 8 4 1 1 1559 7 3 1 1 39714 428500 12584 10 4
TRIPLE 1429923 0 0 4 10 4 2 1 8 4 3654 3623 3612 117 7488 117 6 522044 167983
ROW 3 1429924 1144 44 26 4 0 0 0 0 31 501 792 100 3 465 450 443 24865 283 55 12 5 1 1 2252 15 5 1 1 41588 588318 18013 15 6
TRIPLE 1429924 0 0 4 15 6 3 1 12 5 4495 4385 4385 76 4864 76 12 640635 111848
ROW 3 1429927 1152 48 24 6 0 0 0 0 24 451 730 86 3 276 224 133 8376 1 0 1 0 0 0 962 0 0 0 0 39083 194873 8306 1 0
TRIPLE 1429927 0 0 6 1 0 0 0 1 0 2024 1739 929 128 7117 0 0 185576 155670
ROW 3 1429928 1248 48 26 6 0 0 0 0 24 459 740 89 3 276 258 202 11015 5 0 1 0 0 0 1249 1 0 0 0 37811 240849 16241 2 0
TRIPLE 1429928 0 0 6 2 0 1 0 1 0 2024 1982 1583 128 7810 6 0 234357 186798
ROW 3 1429978 1330 38 35 4 0 0 0 0 24 443 708 89 3 276 248 149 11944 120 0 8 0 1 0 1897 16 0 1 0 42038 266547 14507 8 0
TRIPLE 1429978 0 0 4 8 0 2 0 8 0 2024 1581 1520 65 4160 65 0 218828 93645
ROW 3 1429984 1225 35 35 4 0 0 0 0 24 473 740 96 3 276 216 128 10088 114 0 7 0 1 0 1385 13 0 1 0 42429 263291 10891 8 0
TRIPLE 1429984 0 0 4 8 0 2 0 7 0 2024 1556 1245 66 4224 66 0 193230 94928
ROW 3 1430010 1330 35 38 4 0 0 0 0 24 474 760 89 3 276 248 175 12234 146 0 9 0 1 0 1521 16 0 1 0 44283 272208 11882 9 0
TRIPLE 1430010 0 0 4 9 0 2 0 9 0 2024 1799 1543 69 4416 69 0 223136 131155
ROW 3 1430018 1496 44 34 6 0 0 0 0 25 461 736 92 3 300 300 198 11757 14 0 3 0 0 0 1068 4 0 1 0 37270 253292 8756 3 0
TRIPLE 1430018 0 0 6 3 0 2 0 3 0 2300 2300 1777 83 5288 71 0 280513 117379
ROW 3 1430019 1540 44 35 6 0 0 0 0 27 477 770 90 3 351 348 346 18167 120 12 9 1 1 0 1771 11 1 1 0 39704 418291 14597 10 1
TRIPLE 1430019 0 0 6 10 1 2 1 9 1 2925 2916 2916 101 6464 101 13 452364 168394
ROW 3 1430020 1088 32 34 6 0 0 0 0 24 443 720 83 3 276 208 77 9522 59 6 5 2 1 0 1248 6 4 1 1 38682 248684 10049 5 2
TRIPLE 1430020 0 0 6 5 2 2 2 5 2 2024 1857 644 115 7338 105 10 183462 163825
ROW 3 1430021 1632 48 34 6 0 0 0 0 24 450 728 86 3 276 169 5 4912 0 0 0 0 0 0 658 0 0 0 0 42208 109724 5871 0 0
TRIPLE 1430021 0 0 6 0 0 0 0 0 0 2024 1239 3 64 3238 0 0 110886 71534
ROW 3 1430022 1120 32 35 6 0 0 0 0 24 445 718 86 3 276 227 81 8402 47 0 4 0 1 0 1238 7 0 1 0 36177 216814 9838 6 0
TRIPLE 1430022 0 0 6 6 0 2 0 4 0 2024 1521 532 66 4224 66 0 160590 94346
ROW 3 1430023 1680 48 35 6 0 0 0 0 24 458 734 91 3 276 207 113 9205 7 0 1 0 0 0 1027 0 0 0 0 39594 197067 8456 1 0
TRIPLE 1430023 0 0 6 1 0 0 0 1 0 2024 1578 621 66 4059 0 0 159137 88996
ROW 3 1430024 1364 44 31 4 0 0 0 0 32 512 804 112 4 496 463 444 24565 334 4 12 1 1 0 2205 19 2 1 0 44152 569362 17643 15 2
TRIPLE 1430024 0 0 4 15 2 2 0 12 1 4960 4829 4652 112 7168 112 0 695227 160560
ROW 3 1430027 1488 48 31 4 0 0 0 0 24 476 780 86 3 276 248 199 11621 85 0 7 0 1 0 1327 10 0 1 0 39554 268791 10700 8 0
TRIPLE 1430027 0 0 4 8 0 3 0 7 0 2024 1963 1524 68 4352 68 0 237022 120013
ROW 3 1430030 1054 31 34 6 0 0 0 0 32 512 860 80 4 496 407 328 6595 0 0 0 0 0 0 620 0 0 0 0 44172 152765 5981 0 0
TRIPLE 1430030 0 0 6 0 0 0 0 0 0 4960 4212 3534 124 3074 0 0 557630 68417
ROW 3 1430032 1085 31 35 6 0 0 0 0 25 480 800 70 3 300 300 180 6051 1 0 1 0 0 0 614 0 0 0 0 40806 149919 5631 1 0
TRIPLE 1430032 0 0 6 1 0 0 0 1 0 2300 2300 1539 122 3290 0 0 266127 72946
ROW 3 1430036 1050 30 35 6 0 0 0 0 32 508 836 83 3 496 182 90 3148 0 0 0 0 0 0 296 0 0 0 0 42700 89026 3496 0 0
TRIPLE 1430036 0 0 6 0 0 0 0 0 0 4960 2790 1559 128 3454 0 0 457243 76914
ROW 3 1430044 1792 56 32 4 0 0 0 0 24 475 766 82 3 276 245 143 7417 0 0 0 0 1 0 751 0 0 1 0 42720 162924 6672 0 0
TRIPLE 1430044 0 0 4 0 0 0 0 0 0 2024 1767 964 128 6928 0 0 191587 151954
ROW 3 1430045 1829 59 31 6 0 0 0 0 24 475 792 76 3 276 248 109 7805 0 0 0 0 0 0 913 0 0 0 0 44603 188622 8025 0 0
TRIPLE 1430045 0 0 6 0 0 0 0 0 0 2024 1739 873 128 5206 0 0 217316 114755
ROW 3 1430046 1888 59 32 4 0 0 0 0 24 471 792 72 3 276 160 56 6070 0 0 0 0 1 0 914 0 0 1 0 40626 132276 7625 0 0
TRIPLE 1430046 0 0 4 0 0 0 0 0 0 2024 1520 232 68 3740 0 0 142034 81852
ROW 3 1430047 1054 34 31 6 0 0 0 0 27 489 788 77 3 351 237 73 4805 15 0 3 0 0 0 143 0 0 0 0 40425 115295 2204 4 0
TRIPLE 1430047 0 0 6 4 0 0 0 3 0 2925 2254 721 115 2801 0 0 253844 63739
ROW 3 1430048 1088 34 32 4 0 0 0 0 27 484 758 88 3 351 167 34 2573 0 0 0 0 1 0 159 0 0 1 0 39503 64771 2034 0 0
TRIPLE 1430048 0 0 4 0 0 1 0 1 0 2925 1863 279 128 3259 9 0 188782 74108
ROW 3 1430050 1672 44 38 4 0 0 0 0 29 501 800 97 3 406 397 394 23481 350 73 12 5 1 1 2416 21 3 1 1 40575 540739 18865 14 5
TRIPLE 1430050 0 0 4 14 5 3 0 12 5 3654 3596 3596 128 8192 128 0 491717 183933
ROW 3 1430052 1152 48 24 4 0 0 0 0 24 464 766 81 3 276 247 147 12297 50 0 5 0 1 0 1214 7 0 1 0 43551 277587 10089 6 0
TRIPLE 1430052 0 0 4 6 0 3 0 5 0 2024 1695 1159 69 4416 69 0 225952 99085
ROW 3 1430053 1216 32 38 4 0 0 0 0 27 487 766 101 3 351 283 195 14453 155 0 8 0 1 0 1642 14 0 1 0 43291 324906 16110 10 0
TRIPLE 1430053 0 0 4 10 0 2 0 8 0 2925 2493 2094 66 4224 66 0 347368 104115
ROW 3 1430054 1824 48 38 4 0 0 0 0 24 462 758 83 3 276 245 162 11324 67 0 5 0 1 0 1305 9 0 1 0 48129 248624 10360 7 0
TRIPLE 1430054 0 0 4 7 0 3 0 5 0 2024 1646 1095 69 4416 69 0 196156 98804
ROW 3 1430058 2304 48 48 4 0 0 0 0 24 455 730 90 3 276 248 173 13301 78 0 7 0 1 0 1305 7 0 1 0 38101 315468 10359 9 0
TRIPLE 1430058 0 0 4 9 0 3 0 7 0 2024 1850 1346 71 4544 71 0 221153 101940
ROW 3 1430063 2128 56 38 6 0 0 0 0 27 493 792 87 3 351 351 298 10538 0 0 0 0 0 0 1028 0 0 0 0 39914 229087 8887 0 0
TRIPLE 1430063 0 0 6 0 0 1 0 1 0 2925 2925 2692 95 4842 6 0 406338 107149
ROW 3 1430064 1416 59 24 4 0 0 0 0 32 512 840 87 4 496 288 127 6006 0 0 0 0 1 0 416 0 0 1 0 43741 138057 4278 0 0
TRIPLE 1430064 0 0 4 0 0 2 0 2 0 4960 3535 1906 127 4583 21 0 430743 102051
ROW 3 1430065 2242 59 38 6 0 0 0 0 32 511 800 106 3 496 409 178 11191 6 0 2 0 0 0 831 0 0 0 0 43741 248233 7353 2 0
TRIPLE 1430065 0 0 6 2 0 2 0 2 0 4960 4252 2611 119 6451 15 0 495264 154699
ROW 3 1430067 1292 34 38 6 0 0 0 0 25 468 742 84 3 300 168 3 1972 0 0 0 0 0 0 252 0 0 0 0 38111 50764 2785 0 0
TRIPLE 1430067 0 0 6 0 0 0 0 0 0 2300 1721 0 64 980 0 0 141534 22722
ROW 3 1430068 2688 56 48 4 0 0 0 0 25 479 792 72 3 300 265 146 6614 0 0 0 0 1 0 646 0 0 1 0 38071 146212 5630 0 0
TRIPLE 1430068 0 0 4 0 0 0 0 0 0 2300 1943 1120 128 5266 0 0 219710 115405
ROW 3 1430069 2856 56 51 4 0 0 0 0 25 485 788 80 3 300 235 118 6937 1 0 1 0 1 0 787 0 0 1 0 39624 165699 6662 1 0
TRIPLE 1430069 0 0 4 1 0 0 0 1 0 2300 1936 1086 122 6751 0 0 218568 147265
ROW 3 1430070 2832 59 48 4 0 0 0 0 24 471 780 78 3 276 166 68 5204 0 0 0 0 1 0 776 0 0 1 0 39414 115927 6623 0 0
TRIPLE 1430070 0 0 4 0 0 0 0 0 0 2024 1520 287 69 3641 0 0 143638 79468
ROW 3 1430071 3009 59 51 4 0 0 0 0 24 470 776 79 3 276 124 39 6153 0 0 0 0 1 0 961 0 0 1 0 35727 145742 7825 0 0
TRIPLE 1430071 0 0 4 0 0 0 0 0 0 2024 1492 133 71 4097 0 0 132788 89607
ROW 3 1430072 1632 34 48 6 0 0 0 0 26 486 780 78 3 325 154 34 1998 0 0 0 0 0 0 158 0 0 0 0 39734 65853 3026 0 0
TRIPLE 1430072 0 0 6 0 0 0 0 0 0 2600 1663 183 128 1728 0 0 172983 43852
ROW 3 1430073 1734 34 51 4 0 0 0 0 24 466 734 92 3 276 184 0 2981 0 0 0 0 1 0 335 0 0 1 0 41297 80300 3627 0 0
TRIPLE 1430073 0 0 4 0 0 0 0 0 0 2024 1447 0 64 1737 0 0 130554 38772
ROW 3 1430137 1152 48 24 4 0 0 0 0 24 456 708 102 3 276 276 274 12067 14 0 3 0 1 0 1180 2 0 1 0 51546 337360 9798 3 0
TRIPLE 1430137 0 0 4 3 0 1 0 3 0 2024 2024 2023 99 6161 20 0 344433 136254
ROW 3 1430145 1344 56 24 4 0 0 0 0 32 512 780 124 4 496 496 489 26441 292 58 16 5 1 1 2150 11 5 1 1 57747 649051 22482 16 6
TRIPLE 1430145 0 0 4 16 6 2 1 16 6 4960 4960 4947 103 6531 90 8 822204 176319
ROW 3 1430146 1512 56 27 4 0 0 0 0 32 512 748 140 4 496 496 461 27455 313 68 16 8 1 1 2295 12 7 1 1 55744 687763 18494 16 8
TRIPLE 1430146 0 0 4 16 8 2 1 16 8 4960 4960 4835 94 6013 91 12 780025 149439
ROW 3 1430149 1593 59 27 4 0 0 0 0 24 413 646 86 2 276 237 170 7896 9 0 3 0 1 0 956 2 0 1 0 54021 191197 11200 3 0
TRIPLE 1430149 0 0 4 3 0 1 0 3 0 2024 1940 1517 115 6907 14 0 244646 190836
ROW 3 1430238 1104 48 23 4 0 0 0 0 24 454 720 93 3 276 276 272 14949 124 0 9 0 1 0 1660 16 0 1 0 41167 360994 13185 9 0
TRIPLE 1430238 0 0 4 9 0 2 0 9 0 2024 2024 2020 70 4480 70 0 282176 100708
ROW 3 1430240 1344 48 28 4 0 0 0 0 24 457 720 96 3 276 275 268 16206 176 0 10 0 1 0 1891 16 0 1 0 40666 418460 14818 12 0
TRIPLE 1430240 0 0 4 12 0 2 0 10 0 2024 2024 2011 65 4160 65 0 264132 94276
ROW 3 1430247 1288 56 23 6 0 0 0 0 32 512 780 113 4 496 496 482 21481 106 0 10 0 1 0 1529 0 0 0 0 41818 482811 13035 10 0
TRIPLE 1430247 0 0 6 10 0 2 0 10 0 4960 4960 4934 110 6950 72 0 727357 154919
ROW 3 1430248 1568 56 28 4 0 0 0 0 32 512 788 108 4 496 496 496 26686 259 8 13 2 1 0 1870 8 0 1 0 41838 598897 15399 15 2
TRIPLE 1430248 0 0 4 15 2 3 0 13 2 4960 4960 4960 128 8192 128 0 724040 182922
ROW 3 1430249 1357 59 23 6 0 0 0 0 32 484 754 101 3 496 280 161 8430 0 0 0 0 0 0 791 0 0 0 0 43871 187931 7614 0 0
TRIPLE 1430249 0 0 6 0 0 0 0 0 0 4960 3903 2354 128 6086 0 0 490635 136495
ROW 3 1430250 1652 59 28 4 0 0 0 0 32 490 760 102 3 496 270 219 13290 41 0 5 0 1 0 1166 2 0 1 0 45375 292606 10540 5 0
TRIPLE 1430250 0 0 4 5 0 2 0 5 0 4960 4074 2553 127 8077 76 0 514670 181739
ROW 3 1430259 1152 32 36 4 0 0 0 0 24 444 708 88 3 276 248 230 14541 189 71 10 5 1 1 1961 16 9 1 1 43541 335977 15419 10 7
TRIPLE 1430259 0 0 4 10 7 2 2 10 5 2024 1861 1563 65 4160 65 65 245638 95237
ROW 3 1430261 2744 56 49 4 0 0 0 0 32 512 758 135 4 496 496 496 29854 386 110 16 9 1 1 2643 19 5 1 1 40546 667095 20809 16 10
TRIPLE 1430261 0 0 4 16 10 3 1 16 9 4960 4960 4960 128 8179 115 11 735392 184805
ROW 3 1430262 1652 59 28 4 0 0 0 0 24 420 670 81 2 276 248 236 10536 33 0 4 0 1 0 1200 4 0 1 0 36719 242994 9768 5 0
TRIPLE 1430262 0 0 4 5 0 2 0 4 0 2024 1972 1941 70 4422 12 0 263952 97802
ROW 3 1430266 2016 56 36 4 0 0 0 0 32 512 760 130 4 496 496 496 29042 397 83 15 8 1 1 2328 18 0 1 0 41718 664259 18534 16 8
TRIPLE 1430266 0 0 4 16 8 2 2 15 8 4960 4960 4960 128 8192 128 38 714293 197799
ROW 3 1430267 2124 59 36 4 0 0 0 0 32 469 738 93 2 496 374 322 16333 117 0 6 0 1 0 1319 8 0 1 0 38171 364691 11111 10 0
TRIPLE 1430267 0 0 4 10 0 2 0 6 0 4960 4285 3822 72 4608 72 0 592676 103503
ROW 3 1430268 1224 34 36 4 0 0 0 0 24 466 716 89 3 276 275 262 8909 7 0 2 0 1 0 994 2 0 1 0 36819 209701 8476 2 0
TRIPLE 1430268 0 0 4 2 0 2 0 2 0 2024 2024 2011 128 7703 15 0 267820 211926
ROW 3 1430272 1770 59 30 4 0 0 0 0 27 460 746 84 3 351 252 200 12223 135 1 8 1 1 0 1496 11 1 1 0 44624 293658 16581 10 1
TRIPLE 1430272 0 0 4 10 1 2 0 8 1 2925 2520 2333 65 4160 65 0 374930 127057
ROW 3 1430274 2128 56 38 4 0 0 0 0 32 512 752 137 4 496 496 496 29645 440 134 16 9 1 1 2976 24 4 1 1 48371 693554 23524 16 9
TRIPLE 1430274 0 0 4 16 9 3 1 16 9 4960 4960 4960 79 5056 79 15 764506 118251
ROW 3 1430275 2242 59 38 4 0 0 0 0 25 487 798 81 3 300 232 232 14151 165 0 8 0 1 0 1633 11 0 1 0 64220 337460 17573 11 0
TRIPLE 1430275 0 0 4 11 0 3 0 8 0 2300 2108 1956 65 4160 65 0 334364 127447
ROW 3 1430276 1292 34 38 4 0 0 0 0 24 486 752 91 3 276 276 275 11246 56 0 5 0 1 0 1267 7 0 1 0 56545 293939 10449 6 0
TRIPLE 1430276 0 0 4 6 0 2 0 5 0 2024 2024 2024 86 5503 85 0 303226 172753
ROW 3 1430286 1344 56 24 4 0 0 0 0 32 512 766 125 4 496 496 496 28773 411 76 16 6 1 1 2289 19 0 1 0 42820 675911 18344 16 6
TRIPLE 1430286 0 0 4 16 6 2 1 16 6 4960 4960 4960 128 8192 128 25 706448 185436
ROW 3 1430287 1416 59 24 6 0 0 0 0 32 492 768 101 3 496 373 269 14454 61 0 5 0 1 0 1185 5 0 1 0 57778 322471 10319 8 0
TRIPLE 1430287 0 0 6 8 0 2 0 5 0 4960 4189 3899 82 5247 81 0 576446 128750
ROW 3 1430289 3752 56 67 4 0 0 0 0 32 512 774 119 4 496 496 496 27236 359 39 12 6 1 1 2207 16 0 1 0 41698 610709 17673 16 6
TRIPLE 1430289 0 0 4 16 6 2 2 12 6 4960 4960 4960 128 8192 128 10 727147 184594
ROW 3 1430290 2006 59 34 4 0 0 0 0 32 482 748 98 3 496 381 285 16265 176 0 8 0 1 0 1526 11 0 1 0 52057 416508 17452 12 0
TRIPLE 1430290 0 0 4 12 0 3 0 8 0 4960 4240 4082 67 4288 67 0 597816 97522
ROW 3 1430292 1156 34 34 4 0 0 0 0 24 470 746 78 3 276 275 270 10279 34 0 4 0 1 0 1232 8 0 1 0 51767 256749 10239 4 0
TRIPLE 1430292 0 0 4 4 0 2 0 4 0 2024 2024 2018 103 6433 64 0 269382 143147
ROW 3 1430298 1947 59 33 4 0 0 0 0 32 479 756 94 3 496 393 345 19416 236 0 8 0 1 0 1832 16 0 1 0 42078 450080 14807 12 0
TRIPLE 1430298 0 0 4 12 0 2 0 8 0 4960 4357 4114 69 4416 69 0 610199 100086
ROW 3 1430299 1122 34 33 4 0 0 0 0 24 470 722 90 3 276 276 275 11661 97 0 8 0 1 0 1369 11 0 1 0 36338 273450 11041 8 0
TRIPLE 1430299 0 0 4 8 0 2 0 8 0 2024 2024 2024 89 5690 87 0 264824 126456
ROW 3 1430301 3835 59 65 4 0 0 0 0 32 479 766 88 3 496 404 338 19828 234 0 8 0 1 0 1729 16 0 1 0 38712 462462 13736 12 0
TRIPLE 1430301 0 0 4 12 0 2 0 8 0 4960 4376 4174 68 4352 68 0 605058 98964
ROW 3 1430302 2210 34 65 4 0 0 0 0 24 466 732 81 3 276 276 273 11418 118 0 7 0 1 0 1450 13 0 1 0 36698 266176 11592 8 0
TRIPLE 1430302 0 0 4 8 0 2 0 7 0 2024 2024 2021 66 4224 66 0 262350 94636
ROW 3 1430316 1026 38 27 4 0 0 0 0 25 459 740 87 3 300 228 165 10836 152 46 9 6 1 1 2048 16 8 1 1 40386 246921 16040 9 6
TRIPLE 1430316 0 0 4 9 6 3 3 9 6 2300 1825 1663 66 4224 66 60 238815 107691
ROW 3 1430317 1178 38 31 4 0 0 0 0 25 453 712 95 3 300 251 189 12466 161 65 9 6 1 1 2052 16 6 1 1 38912 282868 15810 9 6
TRIPLE 1430317 0 0 4 9 6 2 2 9 6 2300 1924 1752 67 4288 67 66 252251 97903
ROW 3 1430321 1085 35 31 4 0 0 0 0 23 471 762 78 3 253 240 219 11032 132 0 8 0 1 0 1832 16 0 1 0 37329 255466 14347 8 0
TRIPLE 1430321 0 0 4 8 0 2 0 8 0 1771 1741 1644 67 4288 67 0 220512 96219
ROW 3 1430325 1330 38 35 4 0 0 0 0 25 455 704 101 3 300 261 227 14073 170 77 10 6 1 1 2045 16 6 1 1 37740 316480 15810 10 6
TRIPLE 1430325 0 0 4 10 6 2 2 10 6 2300 2025 1816 73 4672 73 73 274662 105907
ROW 3 1430328 1225 35 35 4 0 0 0 0 24 469 748 86 3 276 248 186 11564 128 0 8 0 1 0 1620 16 0 1 0 37319 256489 12623 8 0
TRIPLE 1430328 0 0 4 8 0 2 0 8 0 2024 1757 1545 68 4352 68 0 224329 97472
ROW 3 1430344 1188 44 27 4 0 0 0 0 32 512 798 108 4 496 496 496 31316 457 120 15 7 1 1 3128 25 10 1 1 41929 710886 24185 16 8
TRIPLE 1430344 0 0 4 16 8 2 1 15 7 4960 4960 4960 120 7680 120 11 715706 173353
ROW 3 1430345 1364 44 31 4 0 0 0 0 32 512 786 113 4 496 496 496 31232 478 116 15 6 1 1 3153 27 8 1 1 40756 762583 24727 16 7
TRIPLE 1430345 0 0 4 16 7 3 2 15 6 4960 4960 4960 128 8192 128 58 988835 253363
ROW 3 1430347 1296 48 27 6 0 0 0 0 24 459 748 85 3 276 276 276 13773 55 0 4 0 1 0 1538 6 0 1 0 39013 304197 12363 5 0
TRIPLE 1430347 0 0 6 5 0 3 0 4 0 2024 2024 2024 106 6782 104 0 293738 151162
ROW 3 1430349 1488 48 31 4 0 0 0 0 24 455 734 88 3 276 276 273 14389 88 0 6 0 1 0 1622 10 0 1 0 36097 352948 17883 8 0
TRIPLE 1430349 0 0 4 8 0 2 0 6 0 2024 2024 2022 76 4864 76 0 271717 162854
ROW 3 1430350 1540 44 35 4 0 0 0 0 32 512 796 107 4 496 491 487 27889 371 76 13 5 1 1 2684 23 4 1 1 57497 678065 21139 15 7
TRIPLE 1430350 0 0 4 15 7 3 2 13 6 4960 4949 4944 128 8192 128 26 741754 185577
ROW 3 1430352 1120 32 35 4 0 0 0 0 26 468 760 86 3 325 236 188 12458 131 0 8 0 1 0 1489 11 0 1 0 38612 390839 17482 10 0
TRIPLE 1430352 0 0 4 10 0 3 0 8 0 2600 2095 1526 67 4288 67 0 352769 147866
ROW 3 1430353 1680 48 35 4 0 0 0 0 24 454 736 86 3 276 270 265 13837 67 0 6 0 1 0 1503 4 0 1 0 54210 437416 17603 7 0
TRIPLE 1430353 0 0 4 7 0 3 0 6 0 2024 2020 2001 121 7742 119 0 309167 257470
ROW 3 1430358 1736 56 31 6 0 0 0 0 32 512 790 106 4 496 496 486 20137 74 0 7 0 1 0 1447 0 0 0 0 59872 630526 16872 7 0
TRIPLE 1430358 0 0 6 7 0 2 0 7 0 4960 4960 4944 118 7325 51 0 984818 241971
ROW 3 1430361 1829 59 31 6 0 0 0 0 32 492 770 99 3 496 280 145 8880 0 0 0 0 0 0 806 0 0 0 0 56386 232904 7684 0 0
TRIPLE 1430361 0 0 6 0 0 0 0 0 0 4960 4050 2379 128 6003 0 0 480978 131836
ROW 3 1430363 1054 34 31 6 0 0 0 0 24 464 750 72 3 276 248 122 2602 0 0 0 0 0 0 292 0 0 0 0 36568 65021 3176 0 0
TRIPLE 1430363 0 0 6 0 0 0 0 0 0 2024 1935 1171 125 1717 0 0 232884 39714
ROW 3 1430364 1960 56 35 6 0 0 0 0 32 498 792 89 3 496 496 418 14330 24 0 4 0 1 0 1045 0 0 0 0 40866 314737 9277 5 0
TRIPLE 1430364 0 0 6 5 0 1 0 4 0 4960 4960 4583 106 6005 37 0 716758 134190
ROW 3 1430365 1456 56 26 4 0 0 0 0 31 499 800 86 3 465 465 465 20691 78 0 6 0 1 0 1438 1 0 1 0 41998 443877 12213 6 0
TRIPLE 1430365 0 0 4 6 0 2 0 6 0 4495 4495 4495 125 7733 64 0 653529 171730
ROW 3 1430366 2065 59 35 6 0 0 0 0 32 499 784 99 3 496 363 162 8751 3 0 1 0 0 0 636 0 0 0 0 39885 198029 6132 1 0
TRIPLE 1430366 0 0 6 1 0 1 0 2 0 4960 3988 2264 106 4661 7 0 468794 103763
ROW 3 1430367 1534 59 26 4 0 0 0 0 32 502 798 95 3 496 401 282 16246 29 0 4 0 1 0 1117 2 0 1 0 40816 358519 9848 5 0
TRIPLE 1430367 0 0 4 5 0 2 0 4 0 4960 4427 3449 128 7971 41 0 587697 176009
ROW 3 1430368 1190 34 35 6 0 0 0 0 23 457 746 70 3 253 199 49 2148 0 0 0 0 0 0 242 0 0 0 0 37239 54692 2925 0 0
TRIPLE 1430368 0 0 6 0 0 0 0 0 0 1771 1567 312 106 1307 0 0 144510 30637
ROW 3 1430373 1296 48 27 4 0 0 0 0 24 463 764 80 3 276 268 259 14547 122 0 8 0 1 0 1655 14 0 1 0 50655 314197 13194 9 0
TRIPLE 1430373 0 0 4 9 0 2 0 8 0 2024 2008 1989 66 4224 66 0 258622 95128
ROW 3 1430381 1512 56 27 4 0 0 0 0 32 512 808 100 4 496 496 496 24076 117 0 10 0 1 0 1723 1 0 1 0 40105 584982 14618 11 0
TRIPLE 1430381 0 0 4 11 0 3 0 10 0 4960 4960 4960 128 8128 64 0 1017448 230631
ROW 3 1430382 1624 56 29 4 0 0 0 0 32 512 790 110 4 496 496 496 24669 128 0 11 0 1 0 1789 6 0 1 0 43150 650564 14748 11 0
TRIPLE 1430382 0 0 4 11 0 3 0 11 0 4960 4960 4960 128 8148 84 0 729742 181128
ROW 3 1430383 1593 59 27 6 0 0 0 0 32 496 786 95 3 496 360 282 11717 6 0 2 0 0 0 920 0 0 0 0 41367 303807 8306 2 0
TRIPLE 1430383 0 0 6 2 0 0 0 2 0 4960 4300 3419 128 7662 0 0 633872 209430
ROW 3 1430384 1711 59 29 4 0 0 0 0 32 500 794 95 3 496 335 296 16184 58 0 5 0 1 0 1311 3 0 1 0 41587 353910 11021 8 0
TRIPLE 1430384 0 0 4 8 0 2 0 5 0 4960 4200 3390 94 5978 56 0 569453 132798
ROW 3 1430387 2016 56 36 4 0 0 0 0 32 503 794 91 3 496 496 496 22349 114 0 10 0 1 0 1617 5 0 1 0 41387 501115 25507 11 0
TRIPLE 1430387 0 0 4 11 0 2 0 10 0 4960 4960 4960 128 8148 92 0 710826 181369
ROW 3 1430389 2124 59 36 4 0 0 0 0 32 502 798 95 3 496 406 322 16848 26 0 2 0 1 0 1220 3 0 1 0 39804 465719 10700 3 0
TRIPLE 1430389 0 0 4 3 0 2 0 2 0 4960 4443 3804 127 7993 78 0 845828 248353
ROW 3 1430390 1711 59 29 4 0 0 0 0 32 498 786 97 3 496 401 342 19148 95 0 5 0 1 0 1423 4 0 1 0 42138 447655 11853 6 0
TRIPLE 1430390 0 0 4 6 0 2 0 5 0 4960 4424 3767 114 7296 114 0 587386 162543
ROW 3 1430391 1224 34 36 4 0 0 0 0 23 463 742 77 3 253 233 89 5386 0 0 0 0 1 0 678 0 0 1 0 38442 136455 5981 0 0
TRIPLE 1430391 0 0 4 0 0 0 0 0 0 1771 1654 826 128 3977 0 0 172271 88335
ROW 3 1430425 2016 56 36 4 0 0 0 0 26 499 820 77 3 325 308 252 12122 34 0 3 0 1 0 1178 0 0 1 0 44163 265155 9989 3 0
TRIPLE 1430425 0 0 4 3 0 0 0 3 0 2600 2536 2482 128 7650 0 0 339774 179435
ROW 3 1430426 2296 56 41 4 0 0 0 0 28 489 786 83 3 378 364 339 15165 56 0 4 0 1 0 1453 1 0 1 0 40786 330687 12153 4 0
TRIPLE 1430426 0 0 4 4 0 3 0 4 0 3276 3245 3168 128 8148 84 0 456983 180547
ROW 3 1430427 2124 59 36 4 0 0 0 0 32 512 814 100 4 496 462 310 17648 41 0 6 0 1 0 1095 0 0 1 0 41518 383756 9508 7 0
TRIPLE 1430427 0 0 4 7 0 2 0 6 0 4960 4722 3933 128 7788 30 0 630827 171901
ROW 3 1430428 2419 59 41 4 0 0 0 0 32 502 782 104 3 496 456 357 19834 59 0 6 0 1 0 1349 2 0 1 0 40716 443277 11512 8 0
TRIPLE 1430428 0 0 4 8 0 2 0 6 0 4960 4688 4123 128 8112 64 0 660663 179795
ROW 3 1430429 1224 34 36 4 0 0 0 0 25 472 766 82 3 300 245 20 3862 0 0 0 0 1 0 400 0 0 1 0 38561 90178 4088 0 0
TRIPLE 1430429 0 0 4 0 0 0 0 0 0 2300 1851 140 125 2725 0 0 177111 61375
ROW 3 1430430 1394 34 41 4 0 0 0 0 24 463 760 76 3 276 245 57 5592 0 0 0 0 1 0 588 0 0 1 0 36889 127527 5420 0 0
TRIPLE 1430430 0 0 4 0 0 0 0 0 0 2024 1726 477 113 4533 0 0 165709 99856
ROW 3 1430433 3540 59 60 4 0 0 0 0 32 512 804 107 4 496 462 311 19085 46 0 5 0 1 0 1344 2 0 1 0 41538 431445 11361 7 0
TRIPLE 1430433 0 0 4 7 0 3 0 5 0 4960 4548 3763 128 8013 57 0 596223 177120
ROW 3 1430435 2040 34 60 4 0 0 0 0 25 466 742 89 3 300 250 107 8143 15 0 3 0 1 0 890 5 0 1 0 38381 195725 7534 3 0
TRIPLE 1430435 0 0 4 3 0 2 0 3 0 2300 1924 1006 74 4735 73 0 216634 105727
ROW 4 1430441 4424 56 79 4 0 0 0 0 28 489 786 82 3 378 360 330 17385 103 0 8 0 1 0 1623 4 0 1 0 40355 380390 13325 9 0
TRIPLE 1430441 0 0 4 9 0 3 0 8 0 3276 3245 3193 128 8192 128 0 464377 182049
ROW 4 1430443 4661 59 79 4 0 0 0 0 32 505 788 104 3 496 449 309 20075 110 0 6 0 1 0 1439 7 0 1 0 41688 453846 11942 10 0
TRIPLE 1430443 0 0 4 10 0 3 0 6 0 4960 4502 4188 128 8192 128 0 621961 181729
ROW 3 1430444 2686 34 79 4 0 0 0 0 25 461 740 84 3 300 243 139 7855 17 0 3 0 1 0 859 3 0 1 0 37770 186598 7334 3 0
TRIPLE 1430444 0 0 4 3 0 1 0 3 0 2300 1854 1115 80 5009 55 0 217636 110967
ROW 3 1430446 3026 34 89 4 0 0 0 0 25 465 752 83 3 300 264 207 13000 126 0 9 0 1 0 1710 14 0 1 0 40295 282377 13375 9 0
TRIPLE 1430446 0 0 4 9 0 2 0 9 0 2300 2058 1749 67 4288 67 0 273731 96360
ROW 3 1430458 2632 56 47 4 0 0 0 0 32 512 792 105 4 496 496 496 26724 315 28 12 5 1 1 2130 14 0 1 0 41167 595321 17182 16 5
TRIPLE 1430458 0 0 4 16 5 3 2 12 5 4960 4960 4960 128 8192 128 21 731555 184114
ROW 3 1430460 2773 59 47 4 0 0 0 0 32 493 784 93 3 496 350 278 17729 193 0 8 0 1 0 1536 12 0 1 0 39745 411969 12834 12 0
TRIPLE 1430460 0 0 4 12 0 2 0 8 0 4960 4123 3297 70 4480 70 0 531332 101038
ROW 3 1430461 2950 59 50 4 0 0 0 0 32 502 798 95 3 496 390 329 19891 237 0 8 0 1 0 1718 16 0 1 0 42068 461481 13956 12 0
TRIPLE 1430461 0 0 4 12 0 2 0 8 0 4960 4299 3878 66 4224 66 0 568781 95548
ROW 3 1430462 1598 34 47 4 0 0 0 0 23 465 750 74 3 253 253 247 9485 6 0 1 0 1 0 1077 2 0 1 0 50294 203629 8927 2 0
TRIPLE 1430462 0 0 4 2 0 1 0 1 0 1771 1771 1764 127 6247 10 0 233787 137967
ROW 3 1430463 1700 34 50 4 0 0 0 0 23 465 762 69 3 253 235 205 10536 51 0 5 0 1 0 1215 7 0 1 0 37459 233175 9918 6 0
TRIPLE 1430463 0 0 4 6 0 2 0 5 0 1771 1722 1642 86 5339 65 0 235990 118752
ROW 4 1430474 4661 59 79 4 0 0 0 0 32 506 798 99 3 496 421 326 20845 230 0 9 0 1 0 1684 16 0 1 0 41638 467823 13796 12 0
TRIPLE 1430474 0 0 4 12 0 3 0 9 0 4960 4456 4179 72 4608 72 0 630737 103633
ROW 3 1430475 2686 34 79 4 0 0 0 0 24 458 736 78 3 276 241 174 11321 100 0 8 0 1 0 1477 9 0 1 0 38071 245047 11892 8 0
TRIPLE 1430475 0 0 4 8 0 3 0 8 0 2024 1687 1443 66 4224 66 0 223877 95057
ROW 3 1430502 1302 21 62 4 0 0 0 0 32 512 772 128 4 496 468 398 20133 285 159 13 8 1 1 2427 20 8 1 1 49822 463585 27411 13 8
TRIPLE 1430502 0 0 4 13 8 2 2 13 8 4960 4767 4373 69 4416 69 69 706488 155821
ROW 3 1430664 1456 56 26 4 0 0 0 0 32 512 806 104 4 496 385 262 12133 13 0 2 0 1 0 1020 0 0 1 0 65813 372385 9027 4 0
TRIPLE 1430664 0 0 4 4 0 0 0 2 0 4960 4246 3430 128 7235 0 0 716056 159267
ROW 3 1430666 1534 59 26 4 0 0 0 0 27 476 742 99 3 351 351 343 14944 58 0 5 0 1 0 1333 0 0 1 0 40987 355102 11371 5 0
TRIPLE 1430666 0 0 4 5 0 2 0 5 0 2925 2925 2916 128 7855 64 0 400978 185737
ROW 3 1430679 1456 56 26 4 0 0 0 0 32 512 812 101 4 496 427 323 16731 94 0 6 0 1 0 1460 5 0 1 0 46647 407069 12103 10 0
TRIPLE 1430679 0 0 4 10 0 2 0 6 0 4960 4336 4093 121 7736 117 0 631138 202267
ROW 3 1430720 1651 127 13 6 0 0 0 0 23 478 778 69 3 253 232 232 14328 163 26 8 2 1 0 2022 16 0 1 0 51816 318274 15880 9 2
TRIPLE 1430720 0 0 6 9 2 2 0 8 2 1771 1736 1736 74 4736 74 0 249626 107430
ROW 3 1430721 1898 146 13 6 0 0 0 0 24 489 790 69 3 276 248 248 14187 105 0 8 0 1 0 1614 10 0 1 0 40486 334654 12613 9 0
TRIPLE 1430721 0 0 6 9 0 2 0 8 0 2024 1968 1968 70 4480 70 0 262089 101239
ROW 3 1430722 1612 124 13 6 118 622253 0 118 29 463 758 79 3 406 357 328 14987 0 0 0 0 0 0 963 0 0 0 0 37911 336769 8406 0 0
TRIPLE 1430722 118 622253 6 0 0 0 0 0 0 3654 3448 3368 128 6588 0 0 466340 144329
ROW 3 1430724 1209 93 13 6 52 243143 40 52 21 477 748 68 3 210 200 79 2917 0 0 0 0 0 0 299 0 0 0 0 41047 68087 2806 0 0
TRIPLE 1430724 52 243143 6 0 0 0 0 0 0 1330 1320 255 128 2176 0 0 115456 48991
ROW 1 1538108 100 4 25 4 0 0 0 0 32 512 708 160 4 496 468 463 28079 396 287 16 13 1 1 1955 13 8 1 1 83365 641557 15739 16 16
TRIPLE 1538108 0 0 4 16 16 3 3 16 13 4960 4904 4899 76 4864 76 76 697822 113392
ROW 1 1538304 188 4 47 4 0 0 0 0 32 512 762 132 4 496 496 494 27691 401 285 12 11 1 1 3056 24 14 1 1 48741 656104 23534 16 15
TRIPLE 1538304 0 0 4 16 15 3 3 12 11 4960 4960 4960 128 8192 128 128 688695 198921
ROW 3 1539256 1675 67 25 4 0 0 0 0 32 512 728 150 4 496 475 447 29904 463 316 16 16 1 1 2534 22 17 1 1 41858 703533 19907 16 16
TRIPLE 1539256 0 0 4 16 16 2 2 16 16 4960 4914 4861 67 4288 67 67 722287 100968
ROW 3 1539318 1254 38 33 4 0 0 0 0 32 512 760 131 4 496 490 486 27349 406 272 13 10 1 1 2407 17 16 1 1 49091 678125 19035 16 14
TRIPLE 1539318 0 0 4 16 14 2 2 13 10 4960 4956 4938 66 4224 66 66 692572 98794
ROW 3 1539320 1672 38 44 4 0 0 0 0 32 512 772 128 4 496 475 463 26936 395 331 12 8 1 1 2237 16 16 1 1 41748 625658 17572 16 16
TRIPLE 1539320 0 0 4 16 16 2 2 12 8 4960 4925 4887 68 4352 68 68 688634 100818
ROW 3 1539321 1276 29 44 4 0 0 0 0 32 512 778 123 4 496 376 316 17590 211 123 8 8 1 1 2002 16 8 1 1 41608 421427 15749 12 9
TRIPLE 1539321 0 0 4 12 9 3 3 8 8 4960 4282 4206 71 4544 71 71 601171 104185
ROW 3 1539334 1363 29 47 4 0 0 0 0 32 512 746 141 4 496 457 407 25663 395 288 12 8 1 1 2268 18 16 1 1 56895 594089 18003 16 14
TRIPLE 1539334 0 0 4 16 14 2 2 12 8 4960 4518 4232 94 6016 94 94 634174 138087
ROW 3 1539336 1340 67 20 4 0 0 0 0 32 512 726 151 4 496 468 468 29686 461 440 13 16 1 1 2556 21 15 1 1 41297 693864 19977 16 16
TRIPLE 1539336 0 0 4 16 16 3 3 13 16 4960 4904 4904 66 4224 66 66 680490 101720
ROW 3 1539338 1254 38 33 4 0 0 0 0 32 512 776 122 4 496 496 493 28301 417 340 13 12 1 1 3198 24 22 1 1 54561 656905 24655 16 16
TRIPLE 1539338 0 0 4 16 16 1 1 13 12 4960 4960 4959 70 4480 70 70 677974 103453
ROW 3 1539789 1071 21 51 4 0 0 0 0 32 512 758 135 4 496 468 468 26441 377 263 11 10 1 1 2839 21 21 1 1 40455 614596 21771 16 12
TRIPLE 1539789 0 0 4 16 12 2 2 11 10 4960 4904 4904 70 4480 70 70 678796 103042
ROW 3 1539801 1122 22 51 4 0 0 0 0 32 512 750 126 4 496 393 209 14340 183 18 13 3 1 1 2050 16 0 1 0 38963 340696 16240 15 4
TRIPLE 1539801 0 0 4 15 4 2 0 13 3 4960 3777 3620 70 4480 70 0 532754 101369
ROW 3 1542793 1632 32 51 4 0 0 0 0 32 480 702 125 3 496 455 438 25005 278 248 8 8 1 1 2265 16 16 1 1 59310 563040 17993 14 12
TRIPLE 1542793 0 0 4 14 12 2 2 8 8 4960 4880 4793 70 4480 70 70 676893 102061
ROW 3 1542805 1938 38 51 6 0 0 0 0 32 499 740 117 3 496 496 496 23807 243 41 11 4 1 1 2428 19 3 1 1 41688 529769 19407 12 4
TRIPLE 1542805 0 0 6 12 4 2 0 11 4 4960 4960 4960 68 4352 68 0 692181 99145
ROW 3 1542806 1479 29 51 6 36 47292 0 36 17 410 606 87 2 136 136 136 7128 0 0 0 0 0 0 1147 0 0 0 0 30497 151152 8977 0 0
TRIPLE 1542806 36 47292 6 0 0 0 0 0 0 680 680 680 67 3551 0 0 99285 77826
ROW 3 1542809 2040 40 51 4 0 0 0 0 32 512 706 161 4 496 496 490 30428 468 298 12 14 1 1 3088 25 8 1 1 51085 961133 24096 16 16
TRIPLE 1542809 0 0 4 16 16 2 2 12 14 4960 4960 4952 114 7296 114 56 714863 193642
ROW 3 1542810 1785 35 51 6 6 9750 0 6 32 512 732 127 4 496 452 444 22537 160 0 8 0 1 0 1782 8 0 1 0 43291 582937 19747 10 0
TRIPLE 1542810 6 9750 6 10 0 3 0 8 0 4960 4792 4736 84 5376 84 0 908185 171329
ROW 4 1542871 4284 84 51 4 0 0 0 0 32 512 728 150 4 496 447 445 26470 326 165 16 15 1 1 2066 16 12 1 1 67806 850467 16410 16 15
TRIPLE 1542871 0 0 4 16 15 1 1 16 15 4960 4566 4176 72 4608 72 72 731224 108112
ROW 3 1545095 1575 21 75 4 0 0 0 0 32 512 718 155 4 496 496 496 31432 489 395 16 13 1 1 3353 28 10 1 1 44543 753796 25839 16 16
TRIPLE 1545095 0 0 4 16 16 1 1 16 13 4960 4960 4960 73 4672 73 72 708031 110005
ROW 3 1545099 2850 38 75 6 0 0 0 0 32 506 734 131 3 496 480 473 20996 230 17 8 2 1 0 2195 16 0 1 0 39945 539777 17693 12 2
TRIPLE 1545099 0 0 6 12 2 1 0 8 2 4960 4935 4925 66 4224 66 0 775296 96240
ROW 3 1545101 2175 29 75 6 22 33389 0 22 24 449 674 96 3 276 248 248 11652 0 0 0 0 0 0 1424 0 0 0 0 35196 262901 11261 0 0
TRIPLE 1545101 22 33389 6 0 0 0 0 0 0 2024 1968 1713 67 4087 0 0 244696 89387
ROW 3 1545105 3000 40 75 4 0 0 0 0 32 512 724 152 4 496 496 496 29553 420 199 15 12 1 1 3007 24 12 1 1 40927 687573 23304 16 13
TRIPLE 1545105 0 0 4 16 13 2 1 15 12 4960 4960 4960 72 4608 72 16 707710 107600
ROW 3 1545106 2775 37 75 4 0 0 0 0 32 512 744 135 4 496 376 376 23833 281 251 8 8 1 1 2096 16 16 1 1 70161 548093 16490 14 12
TRIPLE 1545106 0 0 4 14 12 2 2 8 8 4960 4401 4400 64 4096 64 64 675320 95238
ROW 3 1545108 2625 35 75 6 3 4697 0 3 31 512 740 119 4 465 436 429 19156 124 0 9 0 1 0 1838 8 0 1 0 39934 437366 14747 10 0
TRIPLE 1545108 3 4697 6 10 0 2 0 9 0 4495 4395 4248 68 4352 68 0 674078 99115
ROW 3 1545133 1596 21 76 4 0 0 0 0 32 512 738 145 4 496 496 496 30519 469 463 13 12 1 1 3299 24 19 1 1 39915 730042 25478 16 16
TRIPLE 1545133 0 0 4 16 16 2 2 13 12 4960 4960 4960 64 4096 64 64 707580 95719
ROW 3 1545137 2052 38 54 4 0 0 0 0 32 512 746 133 4 496 489 477 22182 245 40 8 5 1 1 2228 12 0 1 0 40175 499311 17893 12 5
TRIPLE 1545137 0 0 4 12 5 3 0 8 5 4960 4956 4938 65 4160 65 0 693614 95178
ROW 3 1545139 1566 29 54 6 0 0 0 0 24 464 708 104 3 276 270 262 15994 232 0 8 0 1 0 1774 17 1 1 0 36909 367566 13786 11 0
TRIPLE 1545139 0 0 6 11 0 3 0 8 0 2024 2017 2001 65 4160 65 0 262269 93815
ROW 3 1545174 3040 40 76 4 0 0 0 0 32 512 728 150 4 496 496 496 30198 463 220 15 11 1 1 3085 24 6 1 1 38351 698984 24065 16 11
TRIPLE 1545174 0 0 4 16 11 1 1 15 11 4960 4960 4960 69 4416 69 36 724652 104415
ROW 3 1545176 1890 35 54 6 0 0 0 0 32 512 754 126 4 496 468 467 21858 249 40 9 3 1 1 2035 18 0 1 0 41838 511855 16360 12 3
TRIPLE 1545176 0 0 6 12 3 2 0 9 3 4960 4903 4839 65 4160 65 0 703192 95218
ROW 3 1545236 1824 38 48 4 0 0 0 0 32 512 740 144 4 496 496 468 28287 419 277 14 9 1 1 2472 16 12 1 1 40496 661434 19325 16 15
TRIPLE 1545236 0 0 4 16 15 2 2 14 9 4960 4960 4904 65 4160 65 65 732065 98083
ROW 3 1545238 1392 29 48 4 0 0 0 0 32 512 744 129 4 496 470 440 27339 369 144 15 8 1 1 2029 16 0 1 0 70752 622632 17242 16 8
TRIPLE 1545238 0 0 4 16 8 2 0 15 8 4960 4904 4707 80 5120 80 0 704465 117539
ROW 3 1545240 1680 35 48 4 0 0 0 0 32 512 744 128 4 496 453 448 24540 358 71 8 8 1 1 2144 16 0 1 0 47158 575213 16752 15 8
TRIPLE 1545240 0 0 4 15 8 1 0 8 8 4960 4871 4722 66 4224 66 0 676753 96740
ROW 3 1545245 2268 21 108 4 0 0 0 0 32 512 740 144 4 496 496 496 31629 493 467 16 16 1 1 3655 29 23 1 1 39243 750210 28193 16 16
TRIPLE 1545245 0 0 4 16 16 3 3 16 16 4960 4960 4960 64 4096 64 64 712790 154177
ROW 4 1545246 4104 38 108 4 0 0 0 0 32 512 752 138 4 496 496 468 30171 462 437 12 11 1 1 2938 22 20 1 1 40696 719933 22843 16 16
TRIPLE 1545246 0 0 4 16 16 2 2 12 11 4960 4960 4904 67 4288 67 67 705225 99565
ROW 3 1545247 3132 29 108 4 0 0 0 0 32 512 740 134 4 496 469 468 29422 419 173 12 8 1 1 3040 24 8 1 1 42239 665641 23444 16 8
TRIPLE 1545247 0 0 4 16 8 2 0 12 8 4960 4904 4802 68 4352 68 0 697220 100558
ROW 4 1545259 4320 40 108 4 0 0 0 0 32 512 754 137 4 496 496 496 29221 441 360 15 13 1 1 3384 27 24 1 1 42469 681962 26299 16 15
TRIPLE 1545259 0 0 4 16 15 2 2 15 13 4960 4960 4960 74 4736 74 74 728228 110396
ROW 3 1545260 3780 35 108 6 0 0 0 0 32 512 762 120 4 496 483 474 26986 393 163 12 11 1 1 2513 21 0 1 0 45485 673877 19736 15 11
TRIPLE 1545260 0 0 6 15 11 2 0 12 11 4960 4939 4898 70 4480 70 0 811504 109504
ROW 3 1545281 1260 84 15 4 0 0 0 0 24 512 700 122 4 276 248 248 11877 113 0 8 0 1 0 1812 13 0 1 0 73757 263462 14146 8 0
TRIPLE 1545281 0 0 4 8 0 2 0 8 0 2024 1968 1968 65 4160 65 0 264603 94005
ROW 4 1545282 5925 79 75 6 15 29854 0 15 26 512 710 121 4 325 297 296 15864 120 0 8 0 1 0 1837 16 0 1 0 40195 372735 14297 8 0
TRIPLE 1545282 15 29854 6 8 0 3 0 8 0 2600 2536 2516 66 4224 66 0 339163 95408
ROW 3 1545285 1176 84 14 4 0 0 0 0 25 512 726 117 4 300 272 272 13683 152 116 8 8 1 1 2054 16 11 1 1 39985 311662 15639 9 8
TRIPLE 1545285 0 0 4 9 8 1 1 8 8 2300 2244 2244 71 4544 71 65 331769 103353
ROW 3 1545293 1350 18 75 4 0 0 0 0 16 424 610 87 2 120 120 120 7680 120 0 8 0 1 0 1824 16 0 1 0 32190 171540 13876 8 0
TRIPLE 1545293 0 0 4 8 0 2 0 8 0 560 560 560 66 4224 66 0 71083 108112
ROW 4 1545297 4536 84 54 4 0 0 0 0 32 512 728 138 4 496 468 462 22389 256 116 11 7 1 1 2543 23 3 1 1 51867 587957 27090 12 7
TRIPLE 1545297 0 0 4 12 7 2 0 11 7 4960 4904 4861 66 4224 66 0 906341 134231
ROW 3 1545331 4032 84 48 4 0 0 0 0 25 512 718 124 4 300 272 272 12458 128 1 8 1 1 0 1917 16 1 1 0 59170 345985 19265 8 1
TRIPLE 1545331 0 0 4 8 1 2 2 8 2 2300 2244 2238 65 4160 65 56 357137 100717
ROW 4 1545337 9072 84 108 4 0 0 0 0 25 512 726 118 4 300 300 276 17372 265 96 9 7 1 1 2012 16 3 1 1 59141 504872 19226 12 7
TRIPLE 1545337 0 0 4 12 7 2 2 9 7 2300 2300 2244 70 4480 70 70 438458 154298
ROW 4 1549070 4752 108 44 4 0 0 0 0 32 512 770 112 4 496 467 467 19514 226 124 13 10 1 1 1949 13 8 1 1 87283 558532 22902 14 10
TRIPLE 1549070 0 0 4 14 10 3 2 13 10 4960 4894 4809 65 4160 65 56 842442 148366
ROW 2 1549169 572 13 44 6 0 0 0 0 32 492 714 129 3 496 284 263 14872 214 157 16 14 1 1 486 5 1 1 0 89056 410296 4708 16 15
TRIPLE 1549169 0 0 6 16 15 2 2 16 14 4960 3673 3117 76 4864 76 76 549475 119272
ROW 3 1549900 1564 34 46 4 0 0 0 0 29 485 726 114 3 406 380 365 17892 243 103 12 9 1 1 1287 8 4 1 1 59070 421015 10791 14 10
TRIPLE 1549900 0 0 4 14 10 2 1 12 9 3654 3568 3505 66 4224 66 19 537894 97632
ROW 3 1549912 1066 26 41 6 0 0 0 0 32 447 656 102 3 496 372 348 8003 50 0 6 0 1 0 412 1 0 0 0 45655 230310 5721 8 0
TRIPLE 1549912 0 0 6 8 0 1 0 6 0 4960 4396 4228 64 1968 8 0 635095 61936
ROW 3 1549914 1189 29 41 6 0 0 0 0 32 491 722 114 3 496 353 274 3918 2 0 1 0 0 0 240 1 0 0 0 54832 114133 3556 1 0
TRIPLE 1549914 0 0 6 1 0 0 0 1 0 4960 4349 3622 120 2224 0 0 599549 50744
ROW 3 1549921 1196 26 46 4 0 0 0 0 24 436 668 87 3 276 220 195 3782 8 0 1 0 1 0 172 0 0 1 0 42690 89687 2975 1 0
TRIPLE 1549921 0 0 4 1 0 0 0 1 0 2024 1912 1688 120 2224 0 0 242512 61985
ROW 3 1549922 1334 29 46 6 0 0 0 0 25 477 722 101 3 300 172 136 2437 0 0 0 0 0 0 58 0 0 0 0 45756 60192 1393 0 0
TRIPLE 1549922 0 0 6 0 0 0 0 0 0 2300 1906 1340 103 1765 0 0 257841 40225
ROW 3 1549990 2623 61 43 4 0 0 0 0 32 494 742 92 3 496 475 471 13153 87 20 7 3 1 1 1341 8 5 1 1 40015 319977 11311 8 4
TRIPLE 1549990 0 0 4 8 4 3 2 7 3 4960 4888 4799 71 4544 71 32 712288 103804
ROW 3 1549991 2795 65 43 6 0 0 0 0 24 480 736 86 3 276 276 248 7262 51 0 4 0 1 0 1094 8 0 1 0 37951 166681 9368 6 0
TRIPLE 1549991 0 0 6 6 0 2 0 4 0 2024 2024 1914 72 4304 64 0 287266 128169
ROW 3 1549994 4030 65 62 6 0 0 0 0 32 512 748 140 4 496 470 439 21804 306 194 15 12 1 1 1338 14 1 1 0 43061 508398 15549 16 12
TRIPLE 1549994 0 0 6 16 12 2 1 15 12 4960 4887 4753 68 4200 64 8 730964 139931
ROW 3 1549999 1891 61 31 6 10 5115 0 10 32 512 780 95 4 496 423 387 10407 73 70 8 8 1 1 521 1 0 0 0 52127 329475 7354 8 8
TRIPLE 1549999 10 5115 6 8 8 1 0 8 8 4960 4617 4455 72 2168 8 0 881905 73397
ROW 3 1550000 1220 61 20 6 7 2232 7 4 31 501 746 92 3 465 318 240 5178 0 0 0 0 0 0 150 0 0 0 0 50895 189123 3296 0 0
TRIPLE 1550000 7 2232 6 0 0 0 0 0 0 4495 3763 3092 66 1650 0 0 658298 53610
ROW 3 1550001 2015 65 31 6 8 4004 4 8 31 512 784 100 4 465 389 310 8235 72 44 8 6 1 1 422 0 0 0 0 53931 286995 6141 8 7
TRIPLE 1550001 8 4004 6 8 7 2 0 8 6 4495 4214 3656 120 5362 63 0 766270 195224
ROW 3 1550002 1300 65 20 6 6 1983 6 3 29 490 740 86 3 406 130 110 2036 0 0 0 0 0 0 98 0 0 0 0 50824 73567 2345 0 0
TRIPLE 1550002 6 1983 6 0 0 0 0 0 0 3654 1625 1250 81 1377 0 0 313084 45224
ROW 4 1550009 4644 108 43 6 0 0 0 0 32 503 754 105 3 496 471 426 10113 47 24 4 3 1 1 1013 3 0 0 0 59130 337680 12173 5 3
TRIPLE 1550009 0 0 6 5 3 0 0 4 3 4960 4919 4639 116 3016 0 0 906722 123410
ROW 4 1550010 6696 108 62 6 0 0 0 0 32 512 752 138 4 496 476 426 19803 276 176 14 14 1 1 887 7 1 1 0 54883 630416 10960 15 14
TRIPLE 1550010 0 0 6 15 14 2 2 14 14 4960 4894 4670 105 4592 49 49 924204 154518
ROW 4 1550015 5508 108 51 6 1 412 0 1 32 512 768 111 4 496 464 362 3757 1 0 1 0 0 0 592 0 0 0 0 51426 147806 7855 1 0
TRIPLE 1550015 1 412 6 1 0 0 0 1 0 4960 4893 3867 127 1070 0 0 843945 36057
ROW 3 1550082 2501 61 41 6 0 0 0 0 31 512 752 102 4 465 342 234 3468 0 0 0 0 0 0 172 1 0 0 0 48120 117459 3487 0 0
TRIPLE 1550082 0 0 6 0 0 0 0 0 0 4495 3772 3030 66 1188 0 0 651746 38482
ROW 3 1550083 3835 65 59 6 14 3790 14 10 30 484 722 88 3 435 131 116 1292 0 0 0 0 0 0 92 0 0 0 0 47088 53550 2495 0 0
TRIPLE 1550083 14 3790 6 0 0 0 0 0 0 4060 1862 1454 85 1060 0 0 366654 35546
ROW 3 1550086 2806 61 46 6 0 0 0 0 32 495 744 98 3 496 294 219 3305 0 0 0 0 0 0 168 0 0 0 0 49673 113972 3516 0 0
TRIPLE 1550086 0 0 6 0 0 0 0 0 0 4960 3495 2370 128 2240 0 0 620067 73227
ROW 3 1550087 2990 65 46 6 0 0 0 0 32 499 752 91 3 496 128 30 832 0 0 0 0 0 0 64 0 0 0 0 48671 42079 2093 0 0
TRIPLE 1550087 0 0 6 0 0 0 0 0 0 4960 1942 1352 80 1248 0 0 383767 41217
ROW 4 1550090 6372 108 59 6 5 1662 4 5 25 455 688 82 3 300 158 93 1080 0 0 0 0 0 0 451 0 0 0 0 44463 43291 5840 0 0
TRIPLE 1550090 5 1662 6 0 0 0 0 0 0 2300 884 646 100 1555 0 0 187931 51105
ROW 4 1550096 4968 108 46 6 0 0 0 0 22 471 722 72 3 231 47 15 284 0 0 0 0 0 0 200 0 0 0 0 45555 17863 3306 0 0
TRIPLE 1550096 0 0 6 0 0 0 0 0 0 1540 182 100 70 763 0 0 68919 25828
ROW 3 1550110 2990 65 46 4 0 0 0 0 32 512 760 101 4 496 242 97 4773 47 37 5 3 1 1 1188 10 6 1 1 48180 170117 13215 5 5
TRIPLE 1550110 0 0 4 5 5 1 1 5 3 4960 2998 1762 80 1718 17 9 516764 52418
ROW 4 1550121 4968 108 46 6 0 0 0 0 23 465 714 74 3 253 92 28 1038 6 3 2 1 0 0 595 4 2 1 0 46978 44293 7324 2 1
TRIPLE 1550121 0 0 6 2 1 1 1 2 1 1771 466 280 89 1518 3 1 105016 50654
ROW 4 1550226 9180 153 60 4 0 0 0 0 32 512 746 139 4 496 430 404 16039 170 128 12 8 1 1 1096 5 0 1 0 63398 515903 31318 13 8
TRIPLE 1550226 0 0 4 13 8 2 2 12 8 4960 4680 4479 68 4352 68 68 899818 146954
ROW 4 1550228 6480 108 60 4 0 0 0 0 24 500 734 85 3 276 248 248 12956 194 128 10 8 1 1 952 12 0 1 0 57448 409353 10760 12 8
TRIPLE 1550228 0 0 4 12 8 2 2 10 8 2024 1968 1553 67 4288 67 67 317372 143337
ROW 4 1550242 5187 273 19 4 0 0 0 0 16 464 764 60 3 120 120 120 7680 120 120 8 8 1 1 2048 16 16 1 1 102150 246600 21390 8 8
TRIPLE 1550242 0 0 4 8 8 2 2 8 8 560 560 560 68 4352 68 68 97402 143357
ROW 5 1550404 18009 87 207 4 0 0 0 0 25 512 826 90 4 300 254 241 12875 189 134 10 10 1 1 829 10 0 1 0 64611 435303 9748 12 10
TRIPLE 1550404 0 0 4 12 10 2 2 10 10 2300 2170 2122 64 4096 64 64 378255 136715
ROW 4 1550405 11385 55 207 4 0 0 0 0 19 462 762 79 3 171 140 116 7472 116 72 7 8 1 1 614 8 0 1 0 61064 243103 7114 9 8
TRIPLE 1550405 0 0 4 9 8 3 2 7 8 969 888 880 80 5120 80 64 168735 168354
ROW 5 1550413 17928 108 166 4 0 0 0 0 25 504 794 109 3 300 300 273 17183 258 172 10 12 1 1 1794 16 8 1 1 60092 537502 19576 12 12
TRIPLE 1550413 0 0 4 12 12 2 2 10 12 2300 2300 2244 68 4352 68 68 408532 146583
ROW 5 1550417 28836 108 267 4 0 0 0 0 25 506 818 99 3 300 300 300 13772 200 158 12 8 1 1 1794 16 8 1 1 57989 430053 19377 12 8
TRIPLE 1550417 0 0 4 12 8 2 2 12 8 2300 2300 2300 72 4608 72 72 420604 154237
ROW 4 1550418 8811 33 267 4 0 0 0 0 32 512 792 111 4 496 462 422 20714 276 189 12 12 1 1 1870 16 10 1 1 56976 676172 20638 16 13
TRIPLE 1550418 0 0 4 16 13 2 2 12 12 4960 4854 4689 65 4160 65 65 887095 140402
ROW 4 1550419 14442 87 166 4 0 0 0 0 28 512 808 102 4 378 367 340 14852 196 163 10 10 1 1 1097 8 2 1 0 56035 459768 12934 10 10
TRIPLE 1550419 0 0 4 10 10 2 2 10 10 3276 3266 3120 69 4416 69 69 583640 148506
ROW 4 1550420 9130 55 166 6 0 0 0 0 24 456 728 94 3 276 276 239 11105 156 128 8 8 1 1 837 8 1 1 0 49603 375049 9858 8 8
TRIPLE 1550420 0 0 6 8 8 2 2 8 8 2024 2024 1946 66 4224 66 66 364520 140432
ROW 5 1550422 37914 142 267 4 0 0 0 0 27 512 812 101 4 351 321 256 12903 185 180 11 11 1 1 1174 8 8 1 1 56064 430994 13175 11 11
TRIPLE 1550422 0 0 4 11 11 1 1 11 11 2925 2868 2420 64 4096 64 64 464857 137146
ROW 5 1550439 17080 140 122 4 0 0 0 0 32 512 782 123 4 496 431 404 26039 398 240 13 16 1 1 1835 20 4 1 1 56405 846209 20328 16 16
TRIPLE 1550439 0 0 4 16 16 2 2 13 16 4960 4680 4620 68 4352 68 68 898517 150671
ROW 4 1550440 13720 140 98 4 0 0 0 0 32 512 796 116 4 496 463 415 22559 322 242 14 14 1 1 1789 19 6 1 1 56094 744890 19837 16 16
TRIPLE 1550440 0 0 4 16 16 2 2 14 14 4960 4898 4594 65 4160 65 65 896423 142095
ROW 4 1550441 15372 126 122 4 0 0 0 0 32 512 786 94 4 496 376 376 21569 311 128 11 8 1 1 1067 13 0 1 0 54752 700446 12563 16 8
TRIPLE 1550441 0 0 4 16 8 2 2 11 8 4960 4400 4300 67 4288 67 67 839246 145191
ROW 4 1550442 12348 126 98 4 0 0 0 0 31 512 818 84 4 465 329 292 13732 187 120 14 8 1 1 657 8 0 1 0 54652 437817 8506 14 8
TRIPLE 1550442 0 0 4 14 8 2 2 14 8 4495 3822 3636 64 4096 64 64 703493 137888
ROW 5 1550447 18666 153 122 6 0 0 0 0 32 512 776 126 4 496 468 443 14957 141 128 9 8 1 1 643 1 0 0 0 56045 492289 8416 9 8
TRIPLE 1550447 0 0 6 9 8 1 1 9 8 4960 4877 4680 64 4096 64 64 942137 136705
ROW 4 1550448 14994 153 98 6 0 0 0 0 32 512 800 114 4 496 496 467 18020 200 143 8 8 1 1 797 2 0 0 0 56185 566447 7203 8 8
TRIPLE 1550448 0 0 6 8 8 2 2 8 8 4960 4960 4890 70 4480 70 70 879350 104295
ROW 4 1550449 13176 108 122 6 0 0 0 0 24 512 792 82 4 276 248 248 9392 128 128 8 8 1 1 199 0 0 0 0 40936 245257 2234 8 8
TRIPLE 1550449 0 0 6 8 8 1 1 8 8 2024 1968 1968 67 4288 67 67 261087 97672
ROW 4 1550450 10584 108 98 6 0 0 0 0 24 512 818 72 4 276 261 248 9485 128 128 8 8 1 1 240 0 0 0 0 38903 219310 2515 8 8
TRIPLE 1550450 0 0 6 8 8 1 1 8 8 2024 1998 1968 70 4480 70 70 283259 101820
ROW 5 1550455 28980 140 207 4 0 0 0 0 32 512 786 121 4 496 496 468 24114 350 161 16 12 1 1 1454 10 8 1 1 40025 546570 11892 16 12
TRIPLE 1550455 0 0 4 16 12 1 1 16 12 4960 4960 4904 65 4160 65 65 740962 97091
ROW 5 1550456 26082 126 207 6 1 1401 0 1 32 512 800 97 4 496 401 376 13065 128 128 8 8 1 1 256 0 0 0 0 39133 303106 3337 8 8
TRIPLE 1550456 1 1401 6 8 8 1 1 8 8 4960 4501 4400 66 4224 66 66 660612 97011
ROW 5 1550459 31671 153 207 4 0 0 0 0 32 512 788 120 4 496 496 493 16300 220 199 8 8 1 1 1189 8 2 1 0 43501 410065 10219 8 8
TRIPLE 1550459 0 0 4 8 8 1 1 8 8 4960 4960 4960 66 4224 66 66 693604 119753
ROW 5 1550460 22356 108 207 6 1 1292 0 1 24 512 774 93 4 276 276 162 10224 156 128 8 8 1 1 604 8 0 1 0 37490 235539 5340 8 8
TRIPLE 1550460 1 1292 6 8 8 1 1 8 8 2024 2024 1491 65 4160 65 65 239246 94737
ROW 5 1550464 20916 126 166 4 0 0 0 0 32 512 796 100 4 496 376 284 9689 95 85 8 8 1 1 948 8 5 1 1 38021 224729 8085 8 8
TRIPLE 1550464 0 0 4 8 8 1 1 8 8 4960 4176 3584 65 4160 65 65 556568 94166
ROW 5 1550535 19588 332 59 4 0 0 0 0 26 512 810 109 4 325 280 244 14898 218 137 11 4 1 1 1531 12 6 1 1 50354 342930 12173 13 8
TRIPLE 1550535 0 0 4 13 8 2 2 11 4 2600 2500 2306 100 6400 100 100 346737 143708
ROW 5 1550536 38844 332 117 4 0 0 0 0 32 512 808 110 4 496 413 327 15488 182 72 10 8 1 1 1234 8 0 1 0 40966 365321 10419 12 8
TRIPLE 1550536 0 0 4 12 8 2 3 10 8 4960 4536 4338 116 7424 116 64 639143 167011
ROW 4 1550543 7728 168 46 4 0 0 0 0 32 512 810 109 4 496 404 365 18274 237 122 12 11 1 1 1475 8 4 1 1 43611 438899 12734 16 11
TRIPLE 1550543 0 0 4 16 11 3 3 12 11 4960 4740 3905 74 4736 74 74 608976 108873
ROW 4 1550544 14040 360 39 4 0 0 0 0 32 512 812 108 4 496 468 468 18071 174 128 12 8 1 1 1430 8 0 1 0 44392 426105 11793 12 8
TRIPLE 1550544 0 0 4 12 8 2 2 12 8 4960 4904 4680 69 4416 69 69 666754 101189
ROW 5 1550546 41168 332 124 4 0 0 0 0 32 512 814 107 4 496 465 339 21639 318 219 16 13 1 1 2093 19 9 1 1 38321 493110 16781 16 14
TRIPLE 1550546 0 0 4 16 14 3 3 16 13 4960 4690 4504 86 5504 86 74 654731 126336
ROW 5 1550548 28220 332 85 6 0 0 0 0 28 512 824 102 4 378 339 315 14657 164 102 11 8 1 1 1405 11 0 1 0 39113 335235 11652 11 8
TRIPLE 1550548 0 0 6 11 8 2 2 11 8 3276 3224 2869 75 4800 75 75 414093 109013
ROW 5 1550614 48052 293 164 4 0 0 0 0 32 512 776 126 4 496 468 314 20886 308 73 16 9 1 1 1661 13 2 1 0 40556 470788 13395 16 10
TRIPLE 1550614 0 0 4 16 10 2 2 16 9 4960 4456 4401 72 4608 72 72 624585 106008
ROW 5 1550678 59040 360 164 4 0 0 0 0 30 512 830 94 4 435 435 435 17992 204 175 8 8 1 1 1508 8 1 1 0 43371 423280 12544 8 8
TRIPLE 1550678 0 0 4 8 8 3 3 8 8 4060 4060 4060 69 4416 69 69 531932 101610
ROW 3 1550719 2806 61 46 4 0 0 0 0 28 512 818 73 4 378 268 210 5429 18 0 2 0 1 0 1024 2 1 1 0 40206 126055 8806 2 0
TRIPLE 1550719 0 0 4 2 0 2 0 2 0 3276 2614 1961 68 3050 33 0 347078 69129
ROW 4 1550722 5106 111 46 4 0 0 0 0 24 485 758 93 3 276 248 248 14808 220 81 12 8 1 1 1024 8 0 1 0 35777 330868 8326 12 8
TRIPLE 1550722 0 0 4 12 8 2 0 12 8 2024 1520 1520 65 4160 65 0 203430 114574
ROW 3 1550729 2806 61 46 4 0 0 0 0 32 512 786 101 4 496 277 192 6273 27 0 4 0 1 0 894 4 0 1 0 36417 147786 7854 6 0
TRIPLE 1550729 0 0 4 6 0 1 0 4 0 4960 3604 2841 65 2070 10 0 468975 47288
ROW 4 1550733 5106 111 46 4 0 0 0 0 32 507 772 107 3 496 404 404 18012 214 128 12 8 1 1 1018 7 0 1 0 36188 430563 8797 15 8
TRIPLE 1550733 0 0 4 15 8 3 2 12 8 4960 4110 4008 120 7680 120 56 560716 186268
ROW 3 1550776 3660 61 60 6 0 0 0 0 24 507 800 85 3 276 248 245 9056 128 128 8 8 1 1 184 0 0 0 0 37209 211234 2054 8 8
TRIPLE 1550776 0 0 6 8 8 2 2 8 8 2024 1968 1930 67 4288 67 67 255997 97352
ROW 4 1550777 6344 61 104 4 0 0 0 0 32 512 776 126 4 496 470 431 18228 247 128 14 8 1 1 1082 11 0 1 0 40525 432587 9448 16 8
TRIPLE 1550777 0 0 4 16 8 2 2 14 8 4960 4905 4680 65 4160 65 65 658468 95328
ROW 4 1550780 6660 111 60 6 0 0 0 0 24 486 762 85 3 276 276 238 10785 145 128 8 8 1 1 644 5 0 1 0 33642 263622 5791 8 8
TRIPLE 1550780 0 0 6 8 8 2 2 8 8 2024 2024 1958 75 4800 75 75 256719 108322
ROW 4 1550781 11544 111 104 4 0 0 0 0 32 512 766 131 4 496 496 493 15564 220 186 8 8 1 1 771 8 1 1 0 37831 365141 7023 8 8
TRIPLE 1550781 0 0 4 8 8 2 2 8 8 4960 4960 4957 70 4480 70 70 708462 102692
ROW 3 1550799 1197 63 19 4 0 0 0 0 24 439 718 81 3 276 265 254 12403 170 131 12 12 1 1 1538 13 8 1 1 43301 293888 12203 12 12
TRIPLE 1550799 0 0 4 12 12 2 2 12 12 2024 1996 1924 73 4672 73 73 250798 106489
ROW 3 1550800 1881 99 19 4 0 0 0 0 24 442 732 73 3 276 248 248 11324 156 119 8 8 1 1 1220 8 4 1 1 36357 256038 9879 8 8
TRIPLE 1550800 0 0 4 8 8 2 2 8 8 2024 1968 1752 83 5312 83 80 254746 120264
ROW 5 1550816 64460 293 220 4 0 0 0 0 32 512 802 113 4 496 465 429 18522 211 196 11 8 1 1 2061 12 8 1 1 37439 423550 16691 11 8
TRIPLE 1550816 0 0 4 11 8 2 2 11 8 4960 4779 4662 72 4608 72 72 663207 105447
ROW 4 1550890 4148 34 122 4 0 0 0 0 32 512 762 131 4 496 495 452 21708 274 187 14 8 1 1 1625 15 0 1 0 38803 503540 13705 15 8
TRIPLE 1550890 0 0 4 15 8 2 2 14 8 4960 4960 4855 68 4352 68 68 759777 101460
ROW 4 1550892 7442 61 122 6 0 0 0 0 24 508 786 91 3 276 276 128 9221 135 128 8 8 1 1 253 2 0 0 0 38232 246360 2795 8 8
TRIPLE 1550892 0 0 6 8 8 2 2 8 8 2024 2024 1408 100 6400 100 100 228867 144229
ROW 4 1550893 5978 61 98 4 0 0 0 0 24 507 808 82 3 276 276 156 10224 156 142 8 8 1 1 868 8 4 1 1 39254 235750 7174 8 8
TRIPLE 1550893 0 0 4 8 8 1 1 8 8 2024 2024 1464 65 4160 65 65 248964 95047
ROW 5 1550896 24420 111 220 4 0 0 0 0 24 496 784 83 3 276 274 240 10911 156 156 8 8 1 1 1152 8 7 1 1 35657 249565 9378 8 8
TRIPLE 1550896 0 0 4 8 8 2 2 8 8 2024 2023 1849 74 4736 74 74 253383 107511
ROW 3 1588072 1377 9 153 6 3 4126 0 3 32 417 622 101 2 496 334 240 10162 72 25 6 3 1 1 381 2 1 0 0 53620 251609 4157 7 4
TRIPLE 1588072 3 4126 6 7 4 2 1 6 3 4960 4239 3024 85 5020 69 39 557030 114634
ROW 3 1788298 1166 106 11 4 0 0 0 0 32 512 794 102 4 496 474 407 18422 216 129 10 9 1 1 1250 7 5 1 1 68247 442185 10640 14 13
TRIPLE 1788298 0 0 4 14 13 2 2 10 9 4960 4835 4544 86 5504 86 78 664299 138778
ROW 3 1788461 1378 106 13 6 0 0 0 0 32 512 776 108 4 496 390 311 13998 149 72 10 9 1 1 647 3 2 0 0 49111 336057 6352 12 11
TRIPLE 1788461 0 0 6 12 11 2 2 10 9 4960 4385 3746 69 4416 69 66 611912 101459
ROW 3 1788465 1272 106 12 6 0 0 0 0 32 512 794 101 4 496 474 400 16472 180 102 8 7 1 1 1075 6 3 1 1 46337 384187 9258 12 11
TRIPLE 1788465 0 0 6 12 11 2 2 8 8 4960 4866 4528 85 5440 85 67 680489 124232
ROW 3 1788476 1216 64 19 4 0 0 0 0 32 512 772 122 4 496 380 306 13079 155 99 10 8 1 1 624 3 1 1 0 45394 307073 6361 14 12
TRIPLE 1788476 0 0 4 14 12 2 2 10 8 4960 4267 3698 80 5120 80 78 602975 117208
ROW 3 1788478 2014 106 19 6 0 0 0 0 32 512 766 114 4 496 391 306 12392 113 37 10 5 1 1 596 2 1 0 0 43070 287937 6032 12 5
TRIPLE 1788478 0 0 6 12 5 2 2 10 5 4960 4243 3705 77 4928 77 65 596252 112409
ROW 3 1788482 2968 106 28 4 0 0 0 0 32 512 784 105 4 496 416 356 14517 167 105 11 10 1 1 683 3 2 1 0 42199 374308 6432 12 11
TRIPLE 1788482 0 0 4 12 11 2 2 11 10 4960 4695 3999 73 4672 73 69 626750 107440
ROW 3 1789274 1258 17 74 6 27 9900 19 27 26 393 608 86 2 325 277 163 6027 6 0 2 0 0 0 320 0 0 0 0 37420 138960 3427 2 0
TRIPLE 1789274 27 9900 6 2 0 1 0 2 0 2600 2478 1684 92 4443 33 0 314266 99325
ROW 3 1789275 1343 17 79 6 12 4481 9 12 25 405 634 86 2 300 245 83 5364 9 3 2 2 0 0 358 0 0 0 0 33472 124322 3467 2 2
TRIPLE 1789275 12 4481 6 2 2 1 1 3 2 2300 1967 811 102 4233 21 1 210733 94817
ROW 3 1789400 1034 47 22 6 0 0 0 0 24 426 654 96 3 276 262 227 10185 113 54 9 7 1 1 937 7 0 1 0 43070 248834 8086 10 8
TRIPLE 1789400 0 0 6 10 8 3 2 9 7 2024 1978 1764 103 6592 103 60 246810 147956
ROW 3 1789409 1786 47 38 4 0 0 0 0 32 490 730 125 3 496 477 451 23306 328 216 16 12 1 1 1718 13 6 1 1 46247 546610 27742 16 15
TRIPLE 1789409 0 0 4 16 15 2 2 16 12 4960 4929 4855 87 5568 87 87 695608 128259
ROW 3 1789439 3478 47 74 4 0 0 0 0 31 452 676 110 3 465 428 404 18388 137 88 9 8 1 1 1420 8 6 1 1 36909 402821 11993 9 8
TRIPLE 1789439 0 0 4 9 8 3 3 9 8 4495 4289 4105 74 4736 74 70 606452 107440
ROW 3 1789440 1036 14 74 6 0 0 0 0 29 392 610 84 2 406 328 320 10628 52 13 7 2 1 0 724 4 0 1 0 29966 280653 7974 8 2
TRIPLE 1789440 0 0 6 8 2 2 2 7 3 3654 3368 3291 93 5881 86 22 569523 165820
ROW 3 1789441 3713 47 79 4 0 0 0 0 32 480 716 118 3 496 419 385 20088 183 108 11 10 1 1 1781 12 5 1 1 48581 496577 14597 13 10
TRIPLE 1789441 0 0 4 13 10 2 2 11 10 4960 4557 4343 73 4672 73 73 681462 108633
ROW 3 1789442 1106 14 79 6 1 441 0 1 30 420 660 87 2 435 345 288 10845 64 25 6 3 1 1 745 4 0 1 0 33963 249666 7043 7 3
TRIPLE 1789442 1 441 6 7 3 3 1 6 3 4060 3425 3278 99 6164 83 18 512886 138920
ROW 3 1789445 1501 19 79 6 0 0 0 0 30 456 710 94 2 435 370 363 12029 74 12 7 3 1 1 1274 7 2 1 0 37270 272388 10750 8 3
TRIPLE 1789445 0 0 6 8 3 2 1 7 3 4060 3407 3274 73 4654 71 10 491957 104886
ROW 3 1789448 1692 47 36 4 0 0 0 0 32 512 758 129 4 496 450 377 19176 193 118 11 10 1 1 1520 11 3 1 1 41527 436975 12803 11 11
TRIPLE 1789448 0 0 4 11 11 2 2 11 10 4960 4764 4447 69 4416 69 62 687653 101529
ROW 3 1789996 1484 106 14 6 0 0 0 0 32 512 762 116 4 496 346 315 8611 49 28 7 6 1 1 620 1 1 0 0 43962 216734 6081 7 6
TRIPLE 1789996 0 0 6 7 6 2 2 7 6 4960 3863 3280 71 4544 71 53 531231 103774
ROW 3 1790003 2550 170 15 6 0 0 0 0 32 512 760 116 4 496 334 312 11830 122 68 10 9 1 1 508 0 0 0 0 43751 280162 5150 11 9
TRIPLE 1790003 0 0 6 11 9 2 2 10 9 4960 3717 3107 68 4352 68 63 538585 99565
ROW 3 1790004 3570 170 21 4 0 0 0 0 32 512 750 119 4 496 344 323 11044 114 100 9 9 1 1 602 3 0 1 0 42329 264694 5961 9 9
TRIPLE 1790004 0 0 4 9 9 2 2 9 9 4960 3903 3440 79 5056 79 66 558221 114964
ROW 3 1790062 1360 170 8 6 0 0 0 0 32 512 764 108 4 496 356 276 11677 117 101 10 9 1 1 518 0 0 0 0 41468 272909 5240 11 10
TRIPLE 1790062 0 0 6 11 10 3 3 10 9 4960 3644 3123 72 4608 72 72 559944 104746
ROW 4 1790082 6120 170 36 4 0 0 0 0 32 512 750 126 4 496 343 340 13958 161 71 8 8 1 1 1200 7 0 1 0 44644 321460 10309 10 8
TRIPLE 1790082 0 0 4 10 8 3 3 8 8 4960 4198 3311 76 4864 76 76 575854 110667
ROW 3 1790097 1264 16 79 4 0 0 0 0 31 470 718 105 3 465 404 370 14934 110 33 8 3 1 1 1653 6 4 1 1 40115 351306 13605 10 5
TRIPLE 1790097 0 0 4 10 5 2 1 8 3 4495 4171 3905 73 4672 73 22 586564 105527
ROW 3 1790109 3570 170 21 6 1 472 0 1 32 512 730 124 4 496 313 274 7667 2 0 1 0 0 0 538 0 0 0 0 41127 187440 5350 1 0
TRIPLE 1790109 1 472 6 1 0 2 0 2 0 4960 3316 2619 70 4393 57 0 443919 97862
ROW 3 1790112 2040 170 12 6 0 0 0 0 32 512 730 124 4 496 309 262 7940 0 0 0 0 0 0 578 0 0 0 0 40485 176299 5650 0 0
TRIPLE 1790112 0 0 6 0 0 1 0 1 0 4960 3190 2455 74 4094 12 0 443497 90658
ROW 3 1790114 1776 24 74 6 0 0 0 0 32 512 712 158 4 496 417 358 15363 179 125 12 11 1 1 683 1 0 0 0 40486 356946 6613 12 12
TRIPLE 1790114 0 0 6 12 12 3 3 12 11 4960 4408 4010 120 7680 120 73 638371 180096
ROW 3 1790116 1896 24 79 6 3 3534 0 3 32 512 712 158 4 496 399 358 15395 169 78 11 8 1 1 816 1 1 0 0 39283 359661 7615 12 9
TRIPLE 1790116 3 3534 6 12 9 3 3 11 8 4960 4292 3895 102 6528 102 63 621559 148517
ROW 3 1790124 2072 28 74 6 0 0 0 0 27 449 658 119 3 351 148 137 6427 8 0 1 0 0 0 677 0 0 0 0 36157 143648 6131 1 0
TRIPLE 1790124 0 0 6 1 0 1 0 1 0 2925 1336 1074 70 4414 48 0 207998 97952
ROW 4 1790125 12580 170 74 6 0 0 0 0 32 512 734 125 4 496 328 301 8314 13 1 2 1 0 0 416 0 0 0 0 40376 190085 4709 2 1
TRIPLE 1790125 0 0 6 2 1 2 1 3 1 4960 3504 2884 80 4990 58 7 479014 126907
ROW 3 1790126 2212 28 79 6 0 0 0 0 29 454 672 117 3 406 161 135 6305 0 0 0 0 0 0 664 1 0 0 0 35196 141374 6101 0 0
TRIPLE 1790126 0 0 6 0 0 1 0 1 0 3654 1508 1111 74 4162 8 0 220491 91740
ROW 4 1790127 13430 170 79 6 3 2160 3 0 32 512 732 122 4 496 314 278 7838 4 0 1 0 0 0 493 0 0 0 0 38322 177591 5020 1 0
TRIPLE 1790127 3 2160 6 1 0 3 1 3 1 4960 3331 2474 72 4524 52 6 453366 100969
ROW 4 1790132 6120 170 36 6 0 0 0 0 32 512 742 122 4 496 334 309 10500 13 0 2 0 0 0 561 0 0 0 0 39293 276737 5621 2 0
TRIPLE 1790132 0 0 6 2 0 1 1 3 1 4960 3825 3057 84 5112 36 4 568541 114884
ROW 3 1790135 2838 129 22 4 0 0 0 0 30 481 716 93 3 435 359 279 9129 68 43 6 6 1 1 1320 8 8 1 1 42259 213538 11331 7 6
TRIPLE 1790135 0 0 4 7 6 3 3 6 6 4060 3539 3233 64 4096 64 64 489533 92582
ROW 4 1790152 4644 129 36 4 0 0 0 0 32 512 756 118 4 496 496 470 25212 309 94 14 11 1 1 1663 10 8 1 1 42178 572458 13805 15 12
TRIPLE 1790152 0 0 4 15 12 2 2 14 11 4960 4960 4905 103 6592 103 103 718761 150782
ROW 3 1790191 1548 129 12 6 0 0 0 0 32 512 756 102 4 496 419 371 9431 28 17 5 3 1 1 891 3 3 0 1 40296 237343 8185 5 3
TRIPLE 1790191 0 0 6 5 3 3 3 5 3 4960 4448 3899 79 4969 76 42 619205 112519
ROW 4 1790205 10191 129 79 6 0 0 0 0 32 512 762 104 4 496 438 412 12450 62 44 4 3 1 1 1299 5 4 1 1 39564 305650 11502 6 5
TRIPLE 1790205 0 0 6 6 5 1 1 4 3 4960 4627 4210 65 4160 65 65 646146 93985
ROW 3 1790210 1975 25 79 6 28 6470 27 25 32 426 652 91 2 496 196 92 2836 0 0 0 0 0 0 304 0 0 0 0 32651 73146 3617 0 0
TRIPLE 1790210 28 6470 6 0 0 0 0 0 0 4960 2234 1637 97 1649 0 0 343471 37510
ROW 4 1790212 4644 129 36 6 0 0 0 0 32 512 780 99 4 496 433 370 13852 46 13 6 3 1 1 908 3 2 0 0 40225 310520 8446 7 4
TRIPLE 1790212 0 0 6 7 4 2 2 6 4 4960 4729 4252 80 5120 80 42 728309 117469
ROW 3 1790237 1998 27 74 6 0 0 0 0 32 458 692 113 3 496 188 142 6829 3 0 1 0 0 0 832 0 0 0 0 37490 156522 7614 1 0
TRIPLE 1790237 0 0 6 1 0 2 0 2 0 4960 1891 1365 71 4394 45 0 320999 98554
ROW 3 1790240 2133 27 79 6 0 0 0 0 32 478 720 118 3 496 206 121 9170 0 0 0 0 0 0 1061 0 0 0 0 36608 202298 9207 0 0
TRIPLE 1790240 0 0 6 0 0 1 0 1 0 4960 1628 1237 71 3869 6 0 260827 85379
ROW 3 1790241 1896 24 79 6 29 6984 27 23 31 406 626 81 1 465 30 3 487 0 0 0 0 0 0 112 0 0 0 0 29796 21390 1833 0 0
TRIPLE 1790241 29 6984 6 0 0 0 0 0 0 4495 274 157 75 1279 0 0 120906 28834
ROW 3 1790355 2516 34 74 6 0 0 0 0 32 512 710 159 4 496 460 417 20811 254 208 14 14 1 1 1134 4 3 1 1 40736 486447 9888 16 16
TRIPLE 1790355 0 0 6 16 16 1 1 14 14 4960 4829 4523 84 5376 84 84 708792 123651
ROW 3 1790356 1702 23 74 6 0 0 0 0 32 512 714 157 4 496 471 351 19096 248 220 14 13 1 1 762 4 1 1 0 41848 442986 7274 16 16
TRIPLE 1790356 0 0 6 16 16 1 1 14 13 4960 4851 4336 69 4416 69 69 693544 103002
ROW 3 1790357 2686 34 79 4 0 0 0 0 32 512 730 149 4 496 456 401 21203 253 189 13 14 1 1 1172 4 3 1 1 40546 505313 10280 16 16
TRIPLE 1790357 0 0 4 16 16 1 1 13 14 4960 4813 4461 92 5888 92 92 690588 149509
ROW 3 1790358 1817 23 79 6 0 0 0 0 32 512 720 154 4 496 451 323 19052 239 212 13 13 1 1 734 1 1 0 0 40365 433869 7033 16 16
TRIPLE 1790358 0 0 6 16 16 1 1 13 13 4960 4794 4208 68 4352 68 68 683245 100778
ROW 3 1790360 1224 34 36 4 0 0 0 0 32 512 724 152 4 496 463 408 22325 268 223 13 14 1 1 1328 7 3 1 1 41007 510312 11241 16 16
TRIPLE 1790360 0 0 4 16 16 2 2 13 14 4960 4829 4502 70 4480 70 70 702260 103633
ROW 3 1790365 1924 26 74 6 70 47457 2 70 32 512 742 136 4 496 295 216 4983 0 0 0 0 0 0 119 0 0 0 0 42469 118321 2054 0 0
TRIPLE 1790365 70 47457 6 0 0 0 0 0 0 4960 3218 2485 117 4097 0 0 459337 91030
ROW 3 1790367 2054 26 79 6 42 28029 38 37 32 512 736 139 4 496 285 199 4416 0 0 0 0 0 0 135 0 0 0 0 41548 106358 2254 0 0
TRIPLE 1790367 42 28029 6 0 0 0 0 0 0 4960 3085 2147 77 2494 0 0 427458 55674
ROW 3 1790368 1027 13 79 6 36 44046 20 36 32 505 732 139 3 496 188 151 7872 36 6 5 2 1 0 100 0 0 0 0 40726 182931 1744 6 2
TRIPLE 1790368 36 44046 6 6 2 2 2 5 3 4960 2748 1802 118 7354 96 40 368448 164246
PROOF 1790368 3 56148 88704 27245 57021 89696 28140 63609 115511 27748 65563 116570 29144 5 2 44906 52476 93229 24635 588 68013 97784 28509 2 34255 51826 93456 25502 7968 68723 98255 28007 2 42759 52315 93214 24806 566 69045 98750 28523 2 22431 52671 92430 26625 59734 66439 105806 23568 2 20585 54900 91056 26901 59733 66400 106091 23528
PROOF 1790368 4 56148 88704 27245 57021 89696 28140 63609 115511 27748 65563 116570 29144 3 2 44906 52476 93229 24635 588 68013 97784 28509 2 34255 51826 93456 25502 566 69045 98750 28523 3 42759 52315 93214 24806 22431 52671 92430 26625 7968 68723 98255 28007
ROW 3 1790375 1533 73 21 6 0 0 0 0 32 512 726 151 4 496 405 323 17103 243 217 13 13 1 1 585 3 1 0 0 42709 410235 6011 16 16
TRIPLE 1790375 0 0 6 16 16 2 2 13 13 4960 4519 4163 70 4480 70 67 643511 119072
ROW 3 1790376 1241 73 17 6 0 0 0 0 32 512 744 142 4 496 416 352 16836 230 196 15 12 1 1 402 1 1 0 0 50965 390749 4489 16 15
TRIPLE 1790376 0 0 6 16 15 1 1 15 12 4960 4593 4291 72 4608 72 71 681462 106418
ROW 3 1790384 1365 65 21 6 5 7219 0 5 32 512 736 145 4 496 292 229 9400 33 11 5 2 1 0 269 0 0 0 0 43240 213698 3417 7 2
TRIPLE 1790384 5 7219 6 7 2 2 0 6 2 4960 3894 3268 77 4600 53 0 556989 103282
ROW 3 1790389 2072 28 74 4 0 0 0 0 32 512 738 145 4 496 427 376 20494 270 206 15 14 1 1 1124 4 2 1 0 43040 476039 9899 16 16
TRIPLE 1790389 0 0 4 16 16 1 1 15 14 4960 4677 4390 81 5184 81 76 687242 119583
ROW 4 1790391 5767 73 79 4 0 0 0 0 32 512 744 142 4 496 421 365 20454 268 198 15 14 1 1 961 3 1 1 0 41086 483762 8576 16 16
TRIPLE 1790391 0 0 4 16 16 1 1 15 14 4960 4666 4348 72 4608 72 69 669478 107120
ROW 3 1790392 2368 32 74 6 0 0 0 0 32 512 728 150 4 496 325 249 15443 186 123 11 14 1 1 495 3 0 0 0 42980 376863 5049 16 16
TRIPLE 1790392 0 0 6 16 16 3 3 11 14 4960 4071 3376 72 4608 72 71 542102 106168
ROW 3 1790393 2528 32 79 6 0 0 0 0 32 512 738 145 4 496 313 230 15335 170 89 14 10 1 1 325 0 0 0 0 58259 350243 3647 16 12
TRIPLE 1790393 0 0 6 16 12 3 3 14 10 4960 3948 3234 82 5236 80 61 531482 134611
ROW 3 1790394 2628 73 36 4 0 0 0 0 32 512 734 147 4 496 417 375 22553 316 250 15 15 1 1 1113 9 3 1 1 42048 513898 9648 16 16
TRIPLE 1790394 0 0 4 16 16 2 2 15 15 4960 4596 4417 102 6528 102 85 678135 149989
ROW 3 1790395 1152 32 36 4 0 0 0 0 32 512 740 144 4 496 378 277 18704 227 118 13 11 1 1 732 4 0 1 0 42048 429330 6493 16 14
TRIPLE 1790395 0 0 4 16 14 3 3 13 11 4960 4385 3568 77 4928 77 73 596092 113371
ROW 3 1790396 1036 14 74 4 0 0 0 0 32 512 718 149 4 496 325 263 14964 215 161 10 10 1 1 669 5 2 1 0 40626 369509 6102 16 14
TRIPLE 1790396 0 0 4 16 14 2 2 10 10 4960 4083 3632 84 5376 84 83 564273 122228
ROW 3 1790397 1332 18 74 4 0 0 0 0 32 512 738 144 4 496 370 299 16175 191 113 12 10 1 1 892 8 4 1 1 40906 408502 7694 15 14
TRIPLE 1790397 0 0 4 15 14 2 2 12 10 4960 4325 3917 97 6208 97 80 607673 140912
ROW 3 1790398 1106 14 79 4 2 2600 0 2 32 512 712 152 4 496 330 246 16379 235 193 12 11 1 1 531 5 0 1 0 55874 381692 5110 16 16
TRIPLE 1790398 2 2600 4 16 16 2 2 12 11 4960 4095 3655 87 5568 87 87 580623 141364
ROW 3 1790399 1422 18 79 4 0 0 0 0 32 512 724 151 4 496 361 273 18403 218 127 14 14 1 1 779 4 1 1 0 39584 423069 6953 16 15
TRIPLE 1790399 0 0 4 16 15 2 2 14 14 4960 4339 3852 104 6656 104 88 632209 151974
ROW 3 1790400 2812 38 74 6 2 2769 0 2 32 512 722 149 4 496 292 223 11982 91 42 10 6 1 1 309 2 0 0 0 41648 273861 4959 12 8
TRIPLE 1790400 2 2769 6 12 8 2 2 10 6 4960 3864 3163 72 4608 72 25 536561 145682
ROW 4 1790401 4810 65 74 6 0 0 0 0 32 512 746 136 4 496 345 219 8938 24 6 5 2 1 0 455 3 0 0 0 52729 205704 4749 6 2
TRIPLE 1790401 0 0 6 6 2 3 1 5 2 4960 4136 3331 98 5881 61 8 576055 132377
ROW 3 1790402 3002 38 79 6 13 18964 3 13 32 512 740 140 4 496 278 210 11499 68 27 8 4 1 1 282 0 0 0 0 42449 260856 4679 8 5
TRIPLE 1790402 13 18964 6 8 5 3 1 8 4 4960 3745 2971 79 5050 76 15 607092 164948
ROW 4 1790403 5135 65 79 6 9 14138 2 9 32 512 760 130 4 496 305 202 9016 19 6 4 2 1 0 393 0 0 0 0 58129 283038 6231 4 2
TRIPLE 1790403 9 14138 6 4 2 3 1 4 2 4960 4033 2949 72 4223 37 1 711547 129271
ROW 3 1790404 1152 32 36 4 0 0 0 0 32 512 708 157 4 496 376 286 18074 211 102 13 12 1 1 902 6 0 1 0 57126 586074 8035 15 13
TRIPLE 1790404 0 0 4 15 13 2 2 13 12 4960 4386 3886 98 6272 98 72 647919 170789
ROW 3 1790406 1368 38 36 6 0 0 0 0 32 512 746 139 4 496 359 264 14471 120 37 12 7 1 1 787 8 0 1 0 43993 336939 7423 15 8
TRIPLE 1790406 0 0 6 15 8 3 2 12 7 4960 4209 3400 81 5184 81 33 634343 119593
ROW 3 1790407 2340 65 36 4 0 0 0 0 32 512 734 146 4 496 414 251 11874 65 14 8 4 1 1 870 7 0 1 0 42709 274703 7675 8 5
TRIPLE 1790407 0 0 4 8 5 2 0 8 4 4960 4525 3432 120 7295 85 0 640045 163164
ROW 3 1790465 1064 28 38 6 0 0 0 0 32 512 724 152 4 496 331 267 15697 137 34 9 5 1 1 1309 6 0 1 0 45765 372154 11121 12 5
TRIPLE 1790465 0 0 6 12 5 2 0 9 5 4960 3847 2963 101 6464 101 0 548213 145702
ROW 3 1790553 1292 34 38 4 0 0 0 0 32 512 732 148 4 496 482 457 24588 307 232 13 14 1 1 1927 12 8 1 1 41748 621660 15830 16 16
TRIPLE 1790553 0 0 4 16 16 1 1 13 14 4960 4934 4788 68 4352 68 68 719142 124903
ROW 0 2619368 24 6 4 4 0 0 0 0 28 467 740 99 3 378 260 202 13960 184 115 11 9 1 1 1198 10 6 1 1 59361 324305 15659 14 12
TRIPLE 2619368 0 0 4 14 12 2 2 11 9 3276 2610 2117 100 6400 100 74 351486 159408
ROW 3 2683239 1330 19 70 4 0 0 0 0 26 453 698 97 3 325 280 280 17878 274 149 9 9 1 1 1997 16 9 1 1 61966 406118 16100 13 11
TRIPLE 2683239 0 0 4 13 11 3 2 9 9 2600 2480 2480 75 4800 75 55 339914 110336
ROW 3 2683241 1539 19 81 6 247 593806 0 247 21 445 686 88 3 210 200 200 10514 56 0 6 0 1 0 1190 8 0 1 0 73667 252141 9437 6 0
TRIPLE 2683241 247 593806 6 6 0 2 0 6 0 1330 1320 1320 74 4691 29 0 174425 104636
ROW 3 2683242 1701 21 81 4 0 0 0 0 32 483 714 125 3 496 496 493 28082 419 387 15 13 1 1 2778 20 16 1 1 48941 681391 21921 16 16
TRIPLE 2683242 0 0 4 16 16 3 3 15 13 4960 4960 4958 90 5760 90 90 724261 133919
ROW 3 2683244 2380 34 70 4 0 0 0 0 32 512 716 148 4 496 441 412 22563 234 134 11 8 1 1 2169 16 15 1 1 46597 516523 17383 14 8
TRIPLE 2683244 0 0 4 14 8 2 2 11 8 4960 4700 4626 74 4736 74 74 695527 108222
ROW 3 2683245 1944 24 81 4 2 4806 0 2 32 491 700 129 3 496 383 378 21546 271 26 12 4 1 1 1720 16 0 1 0 37259 508599 13906 13 5
TRIPLE 2683245 2 4806 4 13 5 2 0 12 4 4960 4416 4303 72 4608 72 0 632019 104986
ROW 3 2683246 2754 34 81 6 41 94974 0 41 32 512 724 142 4 496 442 413 19059 139 0 9 0 1 0 1712 16 0 1 0 40025 448237 13936 9 0
TRIPLE 2683246 41 94974 6 9 0 3 0 9 0 4960 4713 4599 85 5440 85 0 673146 121667
ROW 4 2683249 4374 54 81 4 0 0 0 0 32 512 746 135 4 496 426 395 24462 372 225 12 10 1 1 2128 16 16 1 1 50544 566417 17071 16 12
TRIPLE 2683249 0 0 4 16 12 2 2 12 10 4960 4634 4462 67 4288 67 67 663949 99726
ROW 3 2683250 1190 17 70 4 0 0 0 0 32 512 780 121 4 496 400 397 21475 217 60 9 6 1 1 1941 16 5 1 1 43080 508288 15438 12 6
TRIPLE 2683250 0 0 4 12 6 2 1 9 6 4960 4551 4492 80 5120 80 12 656445 116558
ROW 3 2683252 1377 17 81 6 73 165769 0 73 32 512 774 123 4 496 412 399 16705 23 0 3 0 0 0 1416 2 0 0 0 39564 388736 11912 3 0
TRIPLE 2683252 73 165769 6 3 0 1 0 3 0 4960 4594 4463 69 3260 1 0 680148 72375
ROW 3 2683257 1273 19 67 6 257 591332 0 257 32 502 778 104 3 496 360 360 12486 0 0 0 0 0 0 976 0 0 0 0 40165 272238 8667 0 0
TRIPLE 2683257 257 591332 6 0 0 0 0 0 0 4960 4228 4093 67 3149 0 0 617392 69660
ROW 3 2683258 1064 19 56 6 204 451758 0 204 30 486 754 98 3 435 302 297 9996 0 0 0 0 0 0 974 0 0 0 0 38663 222094 8285 0 0
TRIPLE 2683258 204 451758 6 0 0 0 0 0 0 4060 3409 3240 70 3150 0 0 484023 69330
ROW 3 2683272 1452 33 44 4 0 0 0 0 32 457 688 115 3 496 376 376 24064 376 355 12 12 1 1 2080 16 16 1 1 80711 559544 16731 16 16
TRIPLE 2683272 0 0 4 16 16 3 3 12 12 4960 4400 4400 77 4928 77 77 646276 114674
ROW 3 2683275 1608 24 67 4 10 22996 0 10 32 512 740 134 4 496 379 376 21661 250 26 12 3 1 1 1696 16 0 1 0 40345 479394 13745 12 3
TRIPLE 2683275 10 22996 4 12 3 2 0 12 3 4960 4407 4233 68 4352 68 0 651486 99485
ROW 3 2683276 2278 34 67 6 47 98074 0 47 32 512 724 148 4 496 444 432 20360 136 0 8 0 1 0 1736 16 0 1 0 39945 458075 29375 8 0
TRIPLE 2683276 47 98074 6 8 0 2 0 8 0 4960 4769 4653 74 4736 74 0 673156 106078
ROW 3 2683277 1344 24 56 4 9 20321 0 9 32 508 740 132 3 496 379 376 21771 232 4 11 1 1 0 1696 16 0 1 0 37900 483502 13826 12 1
TRIPLE 2683277 9 20321 4 12 1 2 0 11 1 4960 4424 4275 71 4544 71 0 644303 102632
ROW 3 2683278 1904 34 56 6 48 93691 0 48 32 512 746 138 4 496 441 430 19331 118 0 8 0 1 0 1607 13 0 1 0 38542 423540 13224 8 0
TRIPLE 2683278 48 93691 6 8 0 2 0 8 0 4960 4743 4605 76 4864 76 0 683124 108964
ROW 3 2683283 3618 54 67 4 0 0 0 0 32 512 758 131 4 496 436 404 24487 349 175 12 9 1 1 2164 16 12 1 1 47669 594830 44252 16 11
TRIPLE 2683283 0 0 4 16 11 2 2 12 9 4960 4657 4532 75 4800 75 46 645354 111809
ROW 3 2683284 3024 54 56 4 0 0 0 0 32 512 762 131 4 496 428 404 24356 328 89 12 9 1 1 1973 16 5 1 1 46647 552120 15989 16 10
TRIPLE 2683284 0 0 4 16 10 3 1 12 9 4960 4596 4519 76 4864 76 10 671743 112160
ROW 3 2683285 1139 17 67 6 120 240607 0 120 32 512 776 122 4 496 399 384 16271 0 0 0 0 0 0 1286 0 0 0 0 49974 405216 10891 0 0
TRIPLE 2683285 120 240607 6 0 0 0 0 0 0 4960 4471 4279 70 3290 0 0 699886 72916
ROW 3 2683289 2596 59 44 4 0 0 0 0 32 512 766 130 4 496 468 452 24976 376 342 12 12 1 1 2224 16 10 1 1 49422 616780 17823 16 16
TRIPLE 2683289 0 0 4 16 16 3 3 12 12 4960 4900 4680 128 8192 128 79 706468 186158
ROW 3 2683292 2552 58 44 6 134 385028 9 129 32 476 690 125 3 496 380 376 15434 46 0 7 0 1 0 856 0 0 0 0 42840 338401 7724 7 0
TRIPLE 2683292 134 385028 6 7 0 3 0 7 0 4960 4417 4175 67 4288 67 0 635035 96831
ROW 3 2683296 2376 54 44 6 0 0 0 0 32 512 736 142 4 496 381 376 22795 266 128 10 8 1 1 1645 13 0 1 0 48260 519669 15799 13 8
TRIPLE 2683296 0 0 6 13 8 3 3 10 8 4960 4401 4400 72 4608 72 72 650354 116667
ROW 3 2845817 1107 27 41 4 0 0 0 0 32 470 742 100 3 496 415 337 23789 350 140 12 10 1 1 1952 16 9 1 1 84287 601192 16020 15 11
TRIPLE 2845817 0 0 4 15 11 3 3 12 10 4960 4423 4121 66 4224 66 66 675300 99736
ROW 1 2927097 70 10 7 4 0 0 0 0 32 470 726 109 3 496 362 280 18349 272 250 14 14 1 1 894 8 2 1 0 54622 425333 8265 16 16
TRIPLE 2927097 0 0 4 16 16 3 3 14 14 4960 4228 3836 76 4864 76 76 643050 114093
ROW 3 2937950 1215 81 15 4 0 0 0 0 32 512 774 127 4 496 440 388 24255 376 376 12 12 1 1 2080 16 16 1 1 69560 603706 16320 16 16
TRIPLE 2937950 0 0 4 16 16 2 2 12 12 4960 4748 4431 66 4224 66 66 671363 98123
ROW 3 2937953 1944 81 24 4 0 0 0 0 32 512 770 129 4 496 471 453 24128 361 279 12 10 1 1 2072 16 13 1 1 45946 592786 16581 16 14
TRIPLE 2937953 0 0 4 16 14 2 2 12 10 4960 4928 4830 71 4544 71 69 755390 105276
ROW 3 2937957 2590 70 37 4 0 0 0 0 32 512 760 134 4 496 493 483 26497 384 337 12 11 1 1 2326 19 16 1 1 44072 656314 18585 15 14
TRIPLE 2937957 0 0 4 15 14 2 2 12 11 4960 4959 4934 66 4224 66 66 685880 98804
ROW 3 2937958 2916 81 36 4 0 0 0 0 32 512 748 140 4 496 493 493 24965 377 329 12 11 1 1 2136 17 14 1 1 58829 587256 16952 16 14
TRIPLE 2937958 0 0 4 16 14 3 3 12 11 4960 4959 4949 128 8192 128 128 731224 185997
ROW 3 2937959 2997 81 37 6 0 0 0 0 32 512 770 129 4 496 481 478 23310 305 144 11 8 1 1 1883 18 1 1 0 42439 554093 21921 14 8
TRIPLE 2937959 0 0 6 14 8 3 1 11 8 4960 4940 4916 128 8192 128 64 697090 306803
ROW 3 2937964 1330 70 19 6 10 22545 0 10 30 470 712 112 3 435 403 359 20960 271 88 9 8 1 1 1657 16 0 1 0 57186 685369 19456 13 8
TRIPLE 2937964 10 22545 6 13 8 2 2 9 8 4060 3954 3738 127 8128 127 63 724812 282788
ROW 3 2937966 1539 81 19 6 84 177426 28 84 27 460 686 111 3 351 348 325 13368 109 8 8 3 1 1 721 0 0 0 0 68017 423330 8857 8 3
TRIPLE 2937966 84 177426 6 8 3 3 0 8 3 2925 2924 2854 77 4928 77 0 525981 185637
ROW 3 2937968 1260 70 18 4 0 0 0 0 32 476 738 107 3 496 482 474 26220 367 140 14 8 1 1 2118 22 1 1 0 52629 889429 25007 15 8
TRIPLE 2937968 0 0 4 15 8 3 1 14 8 4960 4928 4900 128 8192 128 64 943901 271847
ROW 3 2937970 1458 81 18 4 0 0 0 0 29 460 708 103 3 406 406 402 20038 179 144 8 8 1 1 1247 6 2 1 0 52889 672084 15248 8 8
TRIPLE 2937970 0 0 4 8 8 2 2 8 8 3654 3654 3651 128 8192 128 64 677113 308115
ROW 3 2937976 2430 81 30 6 0 0 0 0 28 461 730 95 3 378 316 313 17932 213 6 8 1 1 0 1653 16 0 1 0 61345 586144 18825 11 1
TRIPLE 2937976 0 0 6 11 1 2 0 8 1 3276 3058 3056 68 4352 68 0 593958 149880
ROW 3 2937978 1540 70 22 4 0 0 0 0 32 512 780 124 4 496 420 408 23870 327 240 11 8 1 1 2094 16 16 1 1 62787 838214 24405 15 12
TRIPLE 2937978 0 0 4 15 12 2 2 11 8 4960 4634 4531 71 4544 71 71 910027 165037
ROW 3 2937979 1782 81 22 6 0 0 0 0 32 512 782 123 4 496 413 395 21398 248 122 8 8 1 1 1674 16 0 1 0 61124 725543 20027 12 8
TRIPLE 2937979 0 0 6 12 8 2 0 8 8 4960 4623 4511 70 4480 70 0 896493 157694
ROW 3 2937983 1540 70 22 6 0 0 0 0 32 507 778 118 3 496 460 438 14473 128 19 8 2 1 0 775 0 0 0 0 58298 473504 9998 8 2
TRIPLE 2937983 0 0 6 8 2 2 0 8 2 4960 4743 4626 125 6336 61 0 922040 232724
ROW 3 2937985 1782 81 22 6 0 0 0 0 32 495 752 116 3 496 468 425 7285 17 0 2 0 0 0 233 0 0 0 0 53390 241310 4087 2 0
TRIPLE 2937985 0 0 6 2 0 0 0 2 0 4960 4757 4515 73 2774 0 0 903445 87463
ROW 3 2938005 1728 48 36 4 0 0 0 0 24 473 764 93 3 276 270 263 17280 270 256 10 10 1 1 2558 20 19 1 1 58018 580302 27811 12 12
TRIPLE 2938005 0 0 4 12 12 2 2 10 10 2024 2012 1996 74 4736 74 74 350274 158265
ROW 3 2938012 2928 48 61 4 0 0 0 0 27 479 760 101 3 351 323 321 20014 302 181 10 12 1 1 1954 16 7 1 1 58509 669970 22782 13 13
TRIPLE 2938012 0 0 4 13 13 3 3 10 12 2925 2868 2817 72 4608 72 46 383696 126295
ROW 3 2938015 1220 20 61 4 0 0 0 0 32 512 782 119 4 496 413 407 23833 322 212 14 13 1 1 1528 11 0 1 0 62997 602374 12574 16 13
TRIPLE 2938015 0 0 4 16 13 3 3 14 13 4960 4626 4546 128 8122 121 64 670361 235309
ROW 3 2938016 1050 70 15 4 0 0 0 0 32 512 800 114 4 496 483 438 24266 356 213 11 14 1 1 2184 19 0 1 0 43771 591133 17192 15 14
TRIPLE 2938016 0 0 4 15 14 1 0 11 14 4960 4930 4787 68 4352 68 0 671223 101018
ROW 3 2938017 2754 81 34 4 0 0 0 0 32 512 774 127 4 496 492 479 25414 385 204 12 13 1 1 2312 20 4 1 1 43291 654110 18444 16 14
TRIPLE 2938017 0 0 4 16 14 3 1 12 13 4960 4957 4937 128 8192 128 64 693314 186308
ROW 3 2938018 1215 81 15 6 0 0 0 0 32 512 788 120 4 496 485 475 23164 242 134 14 9 1 1 1556 3 1 0 0 42108 535108 12955 14 9
TRIPLE 2938018 0 0 6 14 9 1 1 14 9 4960 4936 4903 128 7552 64 64 769786 217516
ROW 3 2938020 2310 70 33 6 0 0 0 0 32 512 766 131 4 496 428 388 24119 376 151 12 9 1 1 1664 16 0 1 0 45074 565324 13515 16 10
TRIPLE 2938020 0 0 6 16 10 2 0 12 9 4960 4692 4433 68 4352 68 0 670812 101329
ROW 3 2938022 2673 81 33 6 142 237095 0 142 32 512 758 135 4 496 440 399 19568 128 39 8 4 1 1 736 0 0 0 0 45665 556488 6432 8 4
TRIPLE 2938022 142 237095 6 8 4 1 0 8 4 4960 4847 4432 128 6528 64 0 684217 147375
ROW 3 2938023 1701 81 21 4 0 0 0 0 32 512 760 134 4 496 496 496 26258 407 317 15 13 1 1 2414 20 11 1 1 46617 665151 19086 16 16
TRIPLE 2938023 0 0 4 16 16 3 2 15 13 4960 4960 4960 128 8192 128 69 787769 187490
ROW 3 2938026 2450 70 35 4 0 0 0 0 32 512 760 134 4 496 428 389 24159 376 376 12 12 1 1 2080 16 16 1 1 42479 575894 16671 16 16
TRIPLE 2938026 0 0 4 16 16 2 2 12 12 4960 4684 4440 68 4352 68 68 642309 117098
ROW 3 2938027 2835 81 35 6 6 10243 0 6 32 512 758 135 4 496 440 401 24256 376 161 12 10 1 1 1773 16 0 1 0 44092 556458 14196 16 11
TRIPLE 2938027 6 10243 6 16 11 3 1 12 10 4960 4843 4444 123 7872 123 59 699305 178513
ROW 3 2938028 1540 70 22 4 0 0 0 0 32 512 768 130 4 496 468 468 24840 376 224 12 14 1 1 1930 16 0 1 0 41587 594099 15318 16 14
TRIPLE 2938028 0 0 4 16 14 2 0 12 14 4960 4904 4859 68 4352 68 0 684437 101238
ROW 3 2938029 1782 81 22 6 0 0 0 0 32 512 766 131 4 496 468 468 23600 196 105 12 8 1 1 1263 0 0 0 0 57337 526463 17403 12 8
TRIPLE 2938029 0 0 6 12 8 1 0 12 8 4960 4904 4904 128 7552 64 0 785205 239867
ROW 3 2938031 1120 70 16 6 0 0 0 0 32 488 764 107 3 496 455 442 21731 156 99 8 7 1 1 2242 8 7 1 1 54271 566166 18113 8 7
TRIPLE 2938031 0 0 6 8 7 2 0 8 7 4960 4857 4785 112 6528 48 0 675109 176600
ROW 3 2938033 1296 81 16 4 0 0 0 0 29 475 730 108 3 406 398 395 13076 108 26 6 3 1 1 1307 7 7 1 1 47379 304669 10981 6 4
TRIPLE 2938033 0 0 4 6 4 1 1 6 3 3654 3645 3644 87 4928 23 23 529598 140081
ROW 3 2938034 2520 70 36 4 0 0 0 0 27 472 746 99 3 351 345 344 11870 41 22 4 3 1 1 1312 7 7 1 1 39584 267008 13926 4 4
TRIPLE 2938034 0 0 4 4 4 2 0 4 3 2925 2915 2896 128 6528 64 0 421847 179304
ROW 3 2938035 2916 81 36 6 0 0 0 0 24 463 734 93 3 276 266 143 3866 7 3 1 1 0 0 442 3 3 0 1 43942 97883 5811 2 1
TRIPLE 2938035 0 0 6 2 1 0 0 1 1 2024 2010 1420 100 2152 0 0 310880 69610
ROW 3 2938042 1134 81 14 6 33 45634 16 30 31 481 738 108 3 465 412 263 5989 0 0 0 0 0 0 150 0 0 0 0 52087 179986 3467 0 0
TRIPLE 2938042 33 45634 6 0 0 0 0 0 0 4495 4256 3591 127 2058 0 0 743577 67415
ROW 3 2938043 1053 81 13 6 19 29405 0 19 32 512 760 134 4 496 468 468 19668 93 39 6 7 1 1 640 3 0 0 0 59211 615018 8075 8 8
TRIPLE 2938043 19 29405 6 8 8 1 1 6 7 4960 4904 4903 102 4864 38 20 928974 146644
ROW 3 2938044 1820 70 26 6 31 52276 0 31 32 512 780 124 4 496 472 468 20678 112 38 10 5 1 1 752 0 0 0 0 60542 632740 8956 10 5
TRIPLE 2938044 31 52276 6 10 5 0 0 10 5 4960 4906 4904 128 5888 0 0 956775 191437
ROW 3 2938045 2106 81 26 6 147 225051 19 147 32 512 774 127 4 496 468 468 11296 24 5 5 2 1 0 173 0 0 0 0 58609 334254 3226 6 2
TRIPLE 2938045 147 225051 6 6 2 0 0 5 2 4960 4904 4904 126 3380 0 0 954390 105237
ROW 3 2938046 2590 70 37 6 0 0 0 0 28 482 762 101 3 378 324 322 14014 86 3 6 1 1 0 569 0 0 0 0 54161 428900 7183 6 1
TRIPLE 2938046 0 0 6 6 1 0 0 6 1 3276 3108 3108 76 4099 0 0 566798 131957
ROW 3 2938047 1680 70 24 6 37 62518 1 37 30 488 772 101 3 435 376 356 12480 79 0 7 0 1 0 447 0 0 0 0 76142 363478 5931 7 0
TRIPLE 2938047 37 62518 6 7 0 0 0 7 0 4060 3857 3771 75 4045 0 0 721115 125785
ROW 3 2938048 2997 81 37 6 2 2797 0 2 25 463 720 100 3 300 272 152 5836 8 8 1 1 0 0 115 0 0 0 0 49282 163815 2425 1 1
TRIPLE 2938048 2 2797 6 1 1 0 0 1 1 2300 2244 1503 77 3651 0 0 346306 113371
ROW 3 2938049 1944 81 24 6 124 182428 22 121 27 479 754 98 3 351 332 164 5047 4 2 1 1 0 0 69 0 0 0 0 78496 156552 2114 1 1
TRIPLE 2938049 124 182428 6 1 1 0 0 1 1 2925 2889 1687 128 3859 0 0 429992 120515
ROW 3 2938051 1400 56 25 4 0 0 0 0 32 512 774 123 4 496 423 420 24153 376 376 12 12 1 1 2093 16 16 1 1 73598 784694 21991 16 16
TRIPLE 2938051 0 0 4 16 16 2 2 12 12 4960 4565 4523 69 4416 69 69 894659 142697
ROW 3 2938055 1100 44 25 6 2 4228 0 2 32 512 752 134 4 496 468 422 24206 376 221 12 14 1 1 1670 16 0 1 0 64560 762723 18054 16 14
TRIPLE 2938055 2 4228 6 16 14 3 3 12 14 4960 4892 4629 65 4160 65 65 924445 136194
ROW 3 2938056 1320 44 30 4 0 0 0 0 32 512 760 134 4 496 496 496 24304 376 376 12 12 1 1 2108 16 16 1 1 65833 787048 16862 16 16
TRIPLE 2938056 0 0 4 16 16 2 2 12 12 4960 4960 4960 69 4416 69 69 949361 142456
ROW 3 2938058 1672 44 38 6 0 0 0 0 32 512 760 134 4 496 496 475 23857 338 140 12 10 1 1 1539 11 0 1 0 48040 580132 18254 16 10
TRIPLE 2938058 0 0 6 16 10 2 2 12 10 4960 4960 4924 70 4480 70 70 951435 159949
ROW 3 2938061 1100 44 25 4 0 0 0 0 32 512 772 128 4 496 496 495 24312 376 376 12 12 1 1 2172 17 16 1 1 70882 705136 17252 16 16
TRIPLE 2938061 0 0 4 16 16 2 2 12 12 4960 4960 4960 65 4160 65 65 799161 123801
ROW 3 2938062 1848 44 42 4 0 0 0 0 32 512 754 137 4 496 496 496 27714 431 258 16 16 1 1 2385 27 0 1 0 47328 826091 48310 16 16
TRIPLE 2938062 0 0 4 16 16 2 2 16 16 4960 4960 4960 69 4416 69 69 939042 104335
ROW 3 2938071 2068 44 47 4 0 0 0 0 32 512 776 126 4 496 461 407 24293 377 274 13 13 1 1 2120 18 5 1 1 52969 673196 23854 16 16
TRIPLE 2938071 0 0 4 16 16 1 1 13 13 4960 4863 4635 69 4416 69 69 919265 152184
ROW 3 2938072 1232 44 28 4 0 0 0 0 32 512 774 127 4 496 481 460 26644 398 257 13 16 1 1 1605 14 2 1 0 68799 871867 18745 16 16
TRIPLE 2938072 0 0 4 16 16 1 1 13 16 4960 4940 4755 70 4480 70 70 959971 159878
ROW 3 2938075 1110 30 37 4 0 0 0 0 32 512 778 125 4 496 494 489 27428 416 337 14 13 1 1 2370 18 18 1 1 105076 874381 26249 16 15
TRIPLE 2938075 0 0 4 16 15 2 2 14 13 4960 4960 4958 79 5056 79 79 958258 190706
ROW 3 2938116 1050 30 35 4 0 0 0 0 30 512 810 105 4 435 342 312 20001 312 296 12 12 1 1 2078 16 16 1 1 64971 630917 22792 14 13
TRIPLE 2938116 0 0 4 14 13 2 2 12 12 4060 3682 3546 69 4416 69 69 708402 149940
ROW 3 2938152 1110 30 37 6 7 9014 0 7 32 512 790 117 4 496 338 256 9787 0 0 0 0 0 0 708 0 0 0 0 78206 322662 9438 0 0
TRIPLE 2938152 7 9014 6 0 0 0 0 0 0 4960 3968 3531 128 4737 0 0 709954 180958
ROW 3 2938160 1608 67 24 4 0 0 0 0 32 512 764 132 4 496 420 414 23724 330 156 12 12 1 1 1968 16 4 1 1 74870 760409 21330 16 12
TRIPLE 2938160 0 0 4 16 12 2 0 12 12 4960 4820 4681 66 4224 66 0 933602 143487
ROW 3 2938161 1344 56 24 4 0 0 0 0 32 512 754 137 4 496 428 401 23268 307 140 11 10 1 1 1858 17 0 1 0 95027 744940 20078 15 10
TRIPLE 2938161 0 0 4 15 10 2 0 11 10 4960 4734 4648 67 4288 67 0 925627 143638
ROW 3 2938166 2412 67 36 4 0 0 0 0 32 512 766 131 4 496 496 496 25616 397 247 12 16 1 1 2024 17 0 1 0 91320 840868 23013 16 16
TRIPLE 2938166 0 0 4 16 16 3 2 12 16 4960 4960 4960 128 8192 128 64 964239 306582
ROW 3 2938167 2016 56 36 4 0 0 0 0 32 512 758 135 4 496 496 492 24583 369 198 12 15 1 1 1748 17 0 1 0 60162 826672 14357 16 15
TRIPLE 2938167 0 0 4 16 15 2 2 12 15 4960 4960 4960 75 4800 75 75 754538 120265
ROW 3 2938168 2479 67 37 6 0 0 0 0 32 512 766 131 4 496 490 479 23540 324 153 12 8 1 1 1857 18 1 1 0 73307 547421 15129 14 8
TRIPLE 2938168 0 0 6 14 8 3 1 12 8 4960 4938 4932 128 8192 128 64 742946 185786
ROW 3 2938169 2072 56 37 6 0 0 0 0 32 512 766 131 4 496 490 481 21056 190 152 12 8 1 1 1499 1 0 0 0 42820 506735 12423 12 8
TRIPLE 2938169 0 0 6 12 8 2 2 12 8 4960 4944 4942 70 4480 70 70 712609 104034
ROW 3 2938170 1230 123 10 4 0 0 0 0 30 491 776 105 3 435 420 417 18731 186 80 8 5 1 1 1040 5 0 1 0 51146 445321 8706 8 5
TRIPLE 2938170 0 0 4 8 5 1 0 8 5 4060 4040 4037 65 4160 65 0 546781 111448
ROW 3 2938173 1273 67 19 6 96 182669 14 96 30 472 716 113 3 435 420 411 15304 122 5 8 1 1 0 694 0 0 0 0 39303 338301 6191 8 1
TRIPLE 2938173 96 182669 6 8 1 2 0 8 1 4060 4039 3998 67 4288 67 0 559625 97132
ROW 3 2938174 1064 56 19 6 70 120230 0 70 27 458 698 106 3 351 348 347 13548 124 11 8 3 1 1 671 0 0 0 0 36478 297235 5791 8 3
TRIPLE 2938174 70 120230 6 8 3 1 1 8 3 2925 2924 2923 81 5184 81 17 396179 117269
ROW 3 2938181 1276 44 29 6 0 0 0 0 32 512 756 136 4 496 481 456 12602 128 127 8 8 1 1 467 0 0 0 0 58610 296363 4709 8 8
TRIPLE 2938181 0 0 6 8 8 3 3 8 8 4960 4940 4878 68 4352 68 68 707981 99255
ROW 3 2938186 2010 67 30 6 19 32336 0 19 30 468 724 98 3 435 344 344 18448 209 35 8 5 1 1 1644 16 0 1 0 42790 410857 13315 11 5
TRIPLE 2938186 19 32336 6 11 5 2 0 8 5 4060 3696 3507 72 4608 72 0 519990 104134
ROW 3 2938188 1680 56 30 6 42 65208 0 42 27 457 692 103 3 351 296 296 16960 219 27 8 5 1 1 1630 15 0 1 0 41809 387002 12985 12 5
TRIPLE 2938188 42 65208 6 12 5 2 0 8 5 2925 2760 2596 77 4928 77 0 388896 111789
ROW 3 2938191 1072 67 16 6 0 0 0 0 32 512 764 132 4 496 469 447 21175 255 128 10 8 1 1 1768 17 1 1 0 41828 483031 14387 13 8
TRIPLE 2938191 0 0 6 13 8 3 1 10 8 4960 4906 4868 128 8192 128 64 701168 184404
ROW 3 2938198 1474 67 22 6 0 0 0 0 32 499 760 120 3 496 478 436 8364 0 0 0 0 0 0 467 0 0 0 0 39223 193581 4759 0 0
TRIPLE 2938198 0 0 6 0 0 0 0 0 0 4960 4850 4747 64 2432 0 0 689367 53480
ROW 3 2938199 1232 56 22 6 0 0 0 0 31 484 748 110 3 465 453 431 6180 0 0 0 0 0 0 227 0 0 0 0 38963 142355 2976 0 0
TRIPLE 2938199 0 0 6 0 0 1 1 1 1 4495 4432 4388 71 2880 7 7 631979 69099
ROW 3 2938204 1584 44 36 6 103 197856 18 103 27 447 686 105 3 351 296 176 9071 124 33 8 5 1 1 158 0 0 0 0 43712 211134 2144 8 5
TRIPLE 2938204 103 197856 6 8 5 3 0 8 5 2925 2760 2200 69 4416 69 0 362186 100157
ROW 3 2938231 2278 67 34 4 0 0 0 0 32 512 770 129 4 496 496 478 25508 391 241 12 15 1 1 2107 21 1 1 0 42580 589921 17052 16 15
TRIPLE 2938231 0 0 4 16 15 3 1 12 15 4960 4960 4924 128 8192 128 64 716156 186668
ROW 3 2938232 1904 56 34 6 0 0 0 0 32 512 762 133 4 496 496 486 25164 376 240 12 15 1 1 2053 21 1 1 0 40947 620017 16430 16 15
TRIPLE 2938232 0 0 6 16 15 3 1 12 15 4960 4960 4945 128 8192 128 64 716337 186899
ROW 3 2938237 2211 67 33 6 235 343416 6 235 32 512 782 115 4 496 403 377 16847 114 0 8 0 1 0 720 0 0 0 0 43822 372996 6422 8 0
TRIPLE 2938237 235 343416 6 8 0 0 0 8 0 4960 4488 4414 67 2479 0 0 648410 55624
ROW 3 2938239 1176 56 21 6 224 278548 44 222 30 512 784 112 4 435 296 296 12882 61 0 4 0 1 0 674 0 0 0 0 43511 282868 6252 4 0
TRIPLE 2938239 224 278548 6 4 0 0 0 4 0 4060 3494 2993 128 5632 0 0 506826 131666
ROW 3 2938240 1407 67 21 4 0 0 0 0 32 512 750 139 4 496 496 489 25932 402 261 15 16 1 1 2228 20 2 1 0 44012 635305 18154 16 16
TRIPLE 2938240 0 0 4 16 16 3 1 15 16 4960 4960 4951 128 8192 128 64 696670 212637
ROW 3 2938241 1176 56 21 6 0 0 0 0 32 512 742 143 4 496 496 486 25994 403 262 15 16 1 1 2130 21 2 1 0 41607 627010 23964 16 16
TRIPLE 2938241 0 0 6 16 16 3 2 15 16 4960 4960 4945 128 8192 128 64 836400 272448
ROW 3 2938244 2345 67 35 6 22 32739 0 22 32 512 782 122 4 496 400 378 23728 341 128 12 8 1 1 1671 16 0 1 0 62457 774044 18074 15 8
TRIPLE 2938244 22 32739 6 15 8 2 0 12 8 4960 4482 4408 68 4352 68 0 879451 147465
ROW 3 2938245 1960 56 35 6 50 63801 0 50 32 512 774 122 4 496 402 384 20910 161 114 11 8 1 1 1468 0 0 0 0 56255 671843 12163 11 8
TRIPLE 2938245 50 63801 6 11 8 2 2 11 8 4960 4471 4413 128 7552 64 64 727718 170468
ROW 3 2938246 1474 67 22 6 2 3125 0 2 32 512 796 116 4 496 490 475 19285 176 51 11 5 1 1 1010 0 0 0 0 59892 613374 11942 11 5
TRIPLE 2938246 2 3125 6 11 5 1 0 11 5 4960 4956 4910 128 6528 64 0 959600 213267
ROW 3 2938250 1072 67 16 6 0 0 0 0 31 484 746 113 3 465 444 440 13949 86 28 6 4 1 1 1622 8 8 1 1 53520 432587 18525 6 4
TRIPLE 2938250 0 0 6 6 4 1 1 6 4 4495 4450 4430 80 3456 16 16 844396 114784
ROW 3 2938264 1407 67 21 6 193 256589 34 193 32 512 788 113 4 496 301 300 3161 0 0 0 0 0 0 175 0 0 0 0 60043 116979 3386 0 0
TRIPLE 2938264 193 256589 6 0 0 0 0 0 0 4960 4288 3765 89 2438 0 0 805042 79208
ROW 3 2938266 1176 56 21 6 290 322420 215 281 32 512 772 121 4 496 308 178 1766 0 0 0 0 0 0 138 0 0 0 0 57286 91070 2995 0 0
TRIPLE 2938266 290 322420 6 0 0 0 0 0 0 4960 4323 3148 128 816 0 0 746302 28904
ROW 3 2938268 2479 67 37 6 19 24602 0 19 27 474 758 97 3 351 239 98 3214 2 1 1 1 0 0 120 0 0 0 0 55624 101229 2715 1 1
TRIPLE 2938268 19 24602 6 1 1 0 0 1 1 2925 2150 830 119 3482 0 0 321971 111057
ROW 3 2938269 1608 67 24 6 179 229644 20 179 29 487 768 103 3 406 219 49 1313 0 0 0 0 0 0 74 0 0 0 0 60433 54582 2335 0 0
TRIPLE 2938269 179 229644 6 0 0 0 0 0 0 3654 2398 370 128 3565 0 0 322441 114244
ROW 3 2938270 2072 56 37 6 34 37736 1 34 25 461 728 98 3 300 67 24 524 3 1 1 1 0 0 67 0 0 0 0 72836 30296 1953 1 1
TRIPLE 2938270 34 37736 6 1 1 0 0 1 1 2300 893 91 81 550 0 0 141274 19617
ROW 3 2938271 1344 56 24 6 363 381701 246 351 27 480 740 109 3 351 32 0 64 0 0 0 0 0 0 54 0 0 0 0 56054 15780 1874 0 0
TRIPLE 2938271 363 381701 6 0 0 0 0 0 0 2925 911 67 86 560 0 0 155491 22171
ROW 3 2938272 1496 44 34 6 0 0 0 0 32 512 786 121 4 496 495 347 21938 311 208 15 13 1 1 862 8 0 1 0 45635 531141 7654 16 13
TRIPLE 2938272 0 0 6 16 13 2 1 15 13 4960 4946 4370 80 5120 80 64 686591 119092
ROW 3 2938279 1540 44 35 6 8 9477 1 8 32 512 756 136 4 496 404 271 11495 121 0 8 0 1 0 129 0 0 0 0 46757 289320 2104 8 0
TRIPLE 2938279 8 9477 6 8 0 3 3 8 3 4960 4544 3643 69 4416 69 69 592997 100798
PROOF 2938279 3 77575 88456 27669 78002 88948 28008 71124 90798 26762 71601 91298 27087 8 2 77006 75010 89254 25499 9688 76441 90924 27833 2 77024 74219 89594 25357 7880 76386 90982 27913 2 77021 74283 89658 25351 9686 76552 90781 27832 2 77023 74229 89611 25355 6034 76485 90873 27970 2 77022 74253 89642 25351 7879 76405 91051 27914 2 77025 74188 89576 25358 9685 76576 90835 27833 2 77026 74165 89546 25361 9684 76593 90839 27833 2 77027 74140 89522 25363 7878 76442 91056 27915
PROOF 2938279 4 77575 88456 27669 78002 88948 28008 71124 90798 26762 71601 91298 27087 3 3 77006 75010 89254 25499 9818 71588 90104 27823 9688 76441 90924 27833 3 77024 74219 89594 25357 9820 71563 90003 27823 7880 76386 90982 27913 3 77025 74188 89576 25358 9819 71562 90072 27823 9686 76552 90781 27832
ROW 3 2938291 1628 44 37 6 6 4774 2 6 24 426 656 100 3 276 0 0 0 0 0 0 0 0 0 48 0 0 0 0 35426 23555 1022 0 0
TRIPLE 2938291 6 4774 6 0 0 0 0 0 0 2024 5 0 5 27 0 0 40997 1072
ROW 3 2938292 1056 44 24 6 32 22512 5 32 26 444 696 96 3 325 28 15 451 4 0 1 0 0 0 52 0 0 0 0 34714 19336 1122 1 0
TRIPLE 2938292 32 22512 6 1 0 0 0 1 0 2600 490 34 78 978 0 0 85470 22572
ROW 3 2938802 2870 70 41 4 0 0 0 0 32 512 790 119 4 496 476 441 24979 376 376 12 12 1 1 2112 16 16 1 1 41918 594970 16831 16 16
TRIPLE 2938802 0 0 4 16 16 2 2 12 12 4960 4927 4848 68 4352 68 68 716436 100948
ROW 3 2938803 3321 81 41 6 0 0 0 0 32 512 802 113 4 496 439 337 23524 350 192 12 12 1 1 1926 16 0 1 0 43291 566597 15349 16 12
TRIPLE 2938803 0 0 6 16 12 4 2 12 12 4960 4626 4323 128 8192 128 64 655643 212817
ROW 3 2938804 3570 70 51 4 0 0 0 0 32 512 788 120 4 496 458 403 25399 382 218 12 14 1 1 1931 16 0 1 0 42098 637890 15499 16 14
TRIPLE 2938804 0 0 4 16 14 2 0 12 14 4960 4788 4568 67 4288 67 0 703793 100077
ROW 4 2938805 4131 81 51 6 1 2201 0 1 32 512 782 123 4 496 412 286 18929 157 45 9 7 1 1 1264 0 0 0 0 53600 446703 11131 11 7
TRIPLE 2938805 1 2201 6 11 7 2 0 9 7 4960 4344 4198 128 7552 64 0 656525 198921
ROW 3 2938808 1820 70 26 4 0 0 0 0 32 512 766 131 4 496 468 427 28216 440 378 16 9 1 1 2079 16 15 1 1 44793 669259 16591 16 16
TRIPLE 2938808 0 0 4 16 16 2 2 16 9 4960 4517 4176 68 4352 68 68 636497 102432
ROW 3 2938809 2106 81 26 6 0 0 0 0 32 512 754 137 4 496 468 441 28216 440 249 16 11 1 1 1662 16 0 1 0 42129 670621 13486 16 16
TRIPLE 2938809 0 0 6 16 16 5 2 16 11 4960 4566 4176 128 8192 128 64 624435 200124
ROW 3 2938812 1120 70 16 6 0 0 0 0 32 512 788 120 4 496 448 323 20657 279 96 12 8 1 1 1677 16 0 1 0 41318 475938 13535 15 8
TRIPLE 2938812 0 0 6 15 8 4 2 12 8 4960 4232 4232 128 8192 128 64 621279 184464
ROW 3 2938813 1296 81 16 6 0 0 0 0 32 512 776 126 4 496 464 276 13556 125 0 8 0 1 0 750 0 0 0 0 40606 305219 6933 8 0
TRIPLE 2938813 0 0 6 8 0 2 0 8 0 4960 4232 4232 80 5120 80 0 623283 140232
ROW 3 2938814 1190 70 17 6 0 0 0 0 32 512 750 139 4 496 443 440 28166 440 173 16 13 1 1 1651 16 0 1 0 43481 673196 13334 16 14
TRIPLE 2938814 0 0 6 16 14 5 3 16 13 4960 4692 4176 128 8192 128 64 634113 204050
ROW 3 2938815 1377 81 17 6 0 0 0 0 32 512 736 146 4 496 448 440 24889 304 64 16 8 1 1 730 0 0 0 0 42148 553322 6432 16 8
TRIPLE 2938815 0 0 6 16 8 3 3 16 8 4960 4798 4176 128 8192 128 64 659942 186237
ROW 3 2938823 3564 81 44 4 0 0 0 0 32 512 766 131 4 496 468 447 28216 440 314 16 16 1 1 1951 16 0 1 0 44152 657226 15709 16 16
TRIPLE 2938823 0 0 4 16 16 5 3 16 16 4960 4904 4869 128 8192 128 64 705076 186898
ROW 4 2938824 5134 151 34 4 0 0 0 0 32 512 756 136 4 496 468 450 28288 440 440 16 16 1 1 2147 16 16 1 1 44362 693023 16992 16 16
TRIPLE 2938824 0 0 4 16 16 4 4 16 16 4960 4904 4864 97 6208 97 97 721175 142666
ROW 3 2938834 2184 56 39 4 0 0 0 0 32 512 788 120 4 496 379 365 24070 376 313 12 12 1 1 2085 16 16 1 1 45445 578549 16621 16 16
TRIPLE 2938834 0 0 4 16 16 2 2 12 12 4960 3962 3953 64 4096 64 64 564924 95228
ROW 3 2938837 1056 44 24 4 0 0 0 0 32 512 768 130 4 496 458 440 27775 433 357 12 12 1 1 2098 17 7 1 1 43050 792258 17032 16 16
TRIPLE 2938837 0 0 4 16 16 2 2 12 12 4960 4885 4829 82 5248 82 82 859063 192609
ROW 3 2938840 1716 44 39 6 0 0 0 0 32 512 750 139 4 496 461 432 24993 278 225 16 16 1 1 1082 2 0 0 0 44724 597906 9488 16 16
TRIPLE 2938840 0 0 6 16 16 6 6 16 16 4960 4886 4759 128 8192 128 128 725634 225831
ROW 3 2938851 1056 44 24 4 0 0 0 0 32 512 766 131 4 496 487 468 29984 468 458 16 16 1 1 3029 24 23 1 1 62667 716768 23433 16 16
TRIPLE 2938851 0 0 4 16 16 3 3 16 16 4960 4935 4904 69 4416 69 69 703092 103503
ROW 3 2938880 2112 48 44 4 0 0 0 0 32 512 758 135 4 496 458 445 28196 440 334 16 12 1 1 2087 16 16 1 1 44153 648971 16441 16 16
TRIPLE 2938880 0 0 4 16 16 4 4 16 12 4960 4894 4863 128 8192 128 128 704184 186167
ROW 3 2938903 1474 67 22 4 0 0 0 0 32 512 776 126 4 496 389 330 23996 373 176 12 11 1 1 1664 16 0 1 0 42239 583258 18184 16 11
TRIPLE 2938903 0 0 4 16 11 4 2 12 11 4960 4423 4240 128 8192 128 64 653780 196998
ROW 3 2938904 1273 67 19 4 0 0 0 0 32 512 780 124 4 496 383 383 24078 376 172 12 8 1 1 1746 16 0 1 0 61004 579261 14177 16 16
TRIPLE 2938904 0 0 4 16 16 2 0 12 8 4960 4197 4029 66 4224 66 0 642659 99435
ROW 3 2938905 1232 56 22 6 1 1696 0 1 32 512 788 120 4 496 378 335 23545 357 160 12 10 1 1 1656 16 0 1 0 42049 575524 13345 16 10
TRIPLE 2938905 1 1696 6 16 10 4 2 12 10 4960 4329 4160 128 8192 128 64 628432 185566
ROW 3 2938906 1064 56 19 6 0 0 0 0 32 512 770 129 4 496 389 381 24090 376 147 12 10 1 1 1668 16 0 1 0 44222 565175 17212 16 15
TRIPLE 2938906 0 0 6 16 15 4 2 12 10 4960 4212 4069 128 8192 128 64 654702 194944
ROW 3 2938907 3417 67 51 6 1 1804 0 1 32 512 768 130 4 496 411 277 18479 163 16 10 1 1 0 1005 0 0 0 0 41618 437296 8756 13 1
TRIPLE 2938907 1 1804 6 13 1 3 0 10 1 4960 4348 4263 128 6528 64 0 640245 171490
ROW 3 2938908 1848 56 33 6 71 109612 0 71 32 512 774 127 4 496 381 279 17087 94 0 12 0 1 0 730 0 0 0 0 40436 386881 6672 12 0
TRIPLE 2938908 71 109612 6 12 0 2 0 12 0 4960 4182 4176 68 4322 65 0 624795 98454
ROW 3 2938912 1476 123 12 6 0 0 0 0 32 512 766 131 4 496 452 379 24867 386 237 12 13 1 1 2007 17 0 1 0 43070 677685 24085 16 16
TRIPLE 2938912 0 0 6 16 16 2 0 12 13 4960 4508 4153 67 4288 67 0 831060 146783
ROW 3 2938913 1742 67 26 6 0 0 0 0 32 512 760 134 4 496 461 440 27002 320 179 16 13 1 1 1495 0 0 0 0 84969 798209 12374 16 16
TRIPLE 2938913 0 0 6 16 16 3 3 16 13 4960 4571 4176 128 7552 64 64 678747 181670
ROW 3 2938914 1456 56 26 6 0 0 0 0 32 512 772 128 4 496 447 440 25044 319 91 16 10 1 1 1126 0 0 0 0 43561 586975 9538 16 11
TRIPLE 2938914 0 0 6 16 11 3 0 16 10 4960 4601 4176 82 4988 72 0 643521 139931
ROW 3 2938916 1072 67 16 6 2 3194 0 2 32 512 748 140 4 496 468 282 14978 33 0 4 0 1 0 632 0 0 0 0 41658 326479 6071 4 0
TRIPLE 2938916 2 3194 6 4 0 0 0 4 0 4960 4232 4214 70 3780 0 0 685740 88555
ROW 3 2938918 1139 67 17 6 0 0 0 0 32 512 734 147 4 496 440 437 22856 198 64 11 8 1 1 655 0 0 0 0 41899 528125 6061 11 8
TRIPLE 2938918 0 0 6 11 8 5 3 11 8 4960 4775 4176 128 8192 128 64 758355 185025
ROW 3 2938924 1452 44 33 6 0 0 0 0 32 512 730 149 4 496 351 321 14080 181 28 8 4 1 1 135 1 0 0 0 45335 352488 2284 8 4
TRIPLE 2938924 0 0 6 8 4 3 3 8 4 4960 4345 2836 70 4480 70 70 554565 104154
ROW 3 2938929 1144 44 26 4 0 0 0 0 32 512 734 147 4 496 376 358 18860 227 190 10 8 1 1 849 8 4 1 1 62507 482691 7715 10 8
TRIPLE 2938929 0 0 4 10 8 3 3 10 8 4960 4400 4373 113 7232 113 113 657627 166089
ROW 3 2938932 1496 44 34 4 0 0 0 0 32 512 730 149 4 496 441 411 20461 236 160 13 8 1 1 1954 17 12 1 1 43461 470909 15619 13 10
TRIPLE 2938932 0 0 4 13 10 2 2 13 8 4960 4795 3624 66 4224 66 66 621981 97262
ROW 4 2938941 4920 123 40 4 0 0 0 0 32 512 760 134 4 496 465 450 28210 440 313 16 15 1 1 2010 16 8 1 1 42059 679918 16090 16 16
TRIPLE 2938941 0 0 4 16 16 2 1 16 15 4960 4903 4867 69 4416 69 1 697782 125524
ROW 4 2938942 5412 123 44 6 0 0 0 0 32 512 754 137 4 496 461 448 27734 386 192 16 8 1 1 1615 10 0 1 0 43381 630145 13225 16 8
TRIPLE 2938942 0 0 6 16 8 5 2 16 9 4960 4896 4864 128 7872 96 17 770468 179735
ROW 3 2938943 2706 123 22 4 0 0 0 0 32 512 748 140 4 496 468 468 28280 440 440 16 16 1 1 2135 16 16 1 1 65743 809170 16982 16 16
TRIPLE 2938943 0 0 4 16 16 3 3 16 16 4960 4904 4904 127 8128 127 127 740842 205073
ROW 4 2938944 4182 123 34 6 0 0 0 0 32 512 752 138 4 496 468 461 28288 440 262 16 14 1 1 1913 16 0 1 0 45084 719371 15368 16 14
TRIPLE 2938944 0 0 6 16 14 4 4 16 14 4960 4904 4883 110 7040 110 110 722598 176198
ROW 3 2938946 1107 123 9 6 0 0 0 0 32 512 754 137 4 496 447 440 26381 303 208 16 9 1 1 1296 1 0 0 0 42590 593717 10991 16 9
TRIPLE 2938946 0 0 6 16 9 4 4 16 9 4960 4869 4848 121 7744 121 121 750050 176559
ROW 3 2938953 1510 151 10 4 0 0 0 0 32 512 770 129 4 496 450 440 28180 440 440 16 16 1 1 2085 16 16 1 1 44733 687363 16451 16 16
TRIPLE 2938953 0 0 4 16 16 4 4 16 16 4960 4858 4848 77 4928 77 77 720384 114554
ROW 3 2938954 1230 123 10 4 0 0 0 0 32 512 742 143 4 496 446 440 28165 439 273 16 14 1 1 1939 16 3 1 1 42689 673196 15368 16 16
TRIPLE 2938954 0 0 4 16 16 3 3 16 14 4960 4855 4848 73 4672 73 73 696850 109014
ROW 3 2939087 2718 151 18 4 0 0 0 0 32 512 742 143 4 496 496 468 31161 483 440 16 16 1 1 2958 28 16 1 1 41888 768924 23203 16 16
TRIPLE 2939087 0 0 4 16 16 4 4 16 16 4960 4960 4904 75 4800 75 75 733789 111769
ROW 3 2939122 1200 48 25 4 0 0 0 0 32 512 738 145 4 496 496 470 30801 477 412 14 16 1 1 2853 27 11 1 1 43531 736053 22111 16 16
TRIPLE 2939122 0 0 4 16 16 3 3 14 16 4960 4960 4906 128 8192 128 128 739289 187269
ROW 3 2939148 2214 123 18 4 0 0 0 0 32 512 734 147 4 496 496 468 30448 468 308 16 16 1 1 2552 24 0 1 0 41087 726715 20037 16 16
TRIPLE 2939148 0 0 4 16 16 3 3 16 16 4960 4960 4904 128 8192 128 128 696350 202718
ROW 3 2939242 2736 38 72 4 0 0 0 0 32 496 752 122 3 496 496 496 29128 448 282 16 15 1 1 2619 24 1 1 0 74179 777410 20618 16 16
TRIPLE 2939242 0 0 4 16 16 3 3 16 15 4960 4960 4960 67 4288 67 67 752795 101850
ROW 3 2939243 1368 19 72 4 0 0 0 0 24 442 690 93 3 276 171 170 10489 150 40 9 5 1 1 634 8 0 1 0 40956 291443 5561 9 5
TRIPLE 2939243 0 0 4 9 5 2 2 9 5 2024 1569 1464 64 4096 64 64 209030 94065
ROW 3 2939250 1122 33 34 6 3 6144 0 3 28 472 742 100 3 378 340 312 16296 152 142 11 10 1 1 976 0 0 0 0 44283 365633 8515 11 10
TRIPLE 2939250 3 6144 6 11 10 3 3 11 10 3276 3112 3056 70 4480 70 70 535599 104315
ROW 3 2939251 1254 33 38 6 1 2095 0 1 30 478 758 98 3 435 380 370 20117 192 151 12 10 1 1 1405 0 0 0 0 42560 474685 11993 12 10
TRIPLE 2939251 1 2095 6 12 10 3 3 12 10 4060 3813 3766 70 4480 70 70 543605 103333
ROW 3 2939257 1156 34 34 4 0 0 0 0 32 512 774 115 4 496 439 225 13330 189 102 8 8 1 1 989 8 5 1 1 44583 340155 8696 8 8
TRIPLE 2939257 0 0 4 8 8 2 2 8 8 4960 4786 3160 65 4160 65 65 571376 109765
ROW 3 2939266 1836 54 34 6 0 0 0 0 32 512 800 101 4 496 468 416 16684 156 128 8 8 1 1 820 8 0 1 0 44173 409955 9087 8 8
TRIPLE 2939266 0 0 6 8 8 2 2 8 8 4960 4786 4607 70 4480 70 70 692643 140473
ROW 3 2939267 2052 54 38 4 0 0 0 0 32 512 826 87 4 496 469 344 16749 157 128 8 8 1 1 826 8 0 1 0 59431 424022 12053 8 8
TRIPLE 2939267 0 0 4 8 8 2 2 8 8 4960 4854 4224 67 4288 67 67 836921 162894
ROW 3 2939611 1281 21 61 6 0 0 0 0 32 512 748 121 4 496 492 467 17392 24 0 4 0 1 0 1042 0 0 0 0 72605 607984 9227 4 0
TRIPLE 2939611 0 0 6 4 0 3 0 4 0 4960 4959 4887 72 4608 72 0 952227 104866
ROW 3 2939613 1748 38 46 4 0 0 0 0 32 492 756 116 3 496 496 493 25144 376 375 12 12 1 1 2230 16 15 1 1 45415 618303 17984 16 16
TRIPLE 2939613 0 0 4 16 16 3 3 12 12 4960 4960 4956 66 4224 66 66 687092 99275
ROW 3 2939625 1197 21 57 4 0 0 0 0 32 512 752 121 4 496 496 492 25210 276 105 14 9 1 1 1208 1 1 1 0 45835 592916 10369 14 9
TRIPLE 2939625 0 0 4 14 9 3 2 14 9 4960 4960 4959 66 4224 66 40 708642 98694
ROW 3 2939626 1176 21 56 4 0 0 0 0 32 512 754 137 4 496 468 468 28400 428 312 12 16 1 1 2200 16 16 1 1 50615 679718 17503 16 16
TRIPLE 2939626 0 0 4 16 16 4 4 12 16 4960 4904 4904 128 8192 128 128 707249 186629
ROW 3 2939634 1089 33 33 4 0 0 0 0 27 466 718 109 3 351 296 296 18944 296 226 10 11 1 1 2061 16 7 1 1 65792 437937 16140 13 13
TRIPLE 2939634 0 0 4 13 13 3 1 10 11 2925 2760 2760 80 5120 80 16 373337 117108
ROW 3 2939635 3294 54 61 4 0 0 0 0 32 512 778 123 4 496 394 379 24181 377 366 12 12 1 1 2185 17 16 1 1 43231 563281 17413 16 16
TRIPLE 2939635 0 0 4 16 16 2 2 12 12 4960 4432 4420 95 6080 95 95 702952 139140
ROW 3 2939637 1947 59 33 4 0 0 0 0 32 512 768 130 4 496 469 468 25076 379 251 12 16 1 1 2104 16 0 1 0 47258 597384 16762 16 16
TRIPLE 2939637 0 0 4 16 16 3 3 12 16 4960 4904 4718 68 4352 68 68 676713 101990
ROW 3 2939639 3599 59 61 4 0 0 0 0 32 512 760 134 4 496 489 468 25005 377 259 12 15 1 1 2160 16 1 1 0 42520 631208 17513 16 16
TRIPLE 2939639 0 0 4 16 16 3 3 12 15 4960 4947 4856 69 4416 69 69 701018 103333
ROW 3 2939643 1914 58 33 6 86 234124 1 86 32 486 716 122 3 496 378 376 15587 91 0 7 0 1 0 808 0 0 0 0 40596 343802 7164 7 0
TRIPLE 2939643 86 234124 6 7 0 3 0 7 0 4960 4483 4400 72 4608 72 0 664209 103974
ROW 3 2939644 3538 58 61 6 0 0 0 0 32 512 742 138 4 496 425 389 17070 101 0 8 0 1 0 862 0 0 0 0 41637 396911 7834 8 0
TRIPLE 2939644 0 0 6 8 0 3 0 8 0 4960 4661 4579 73 4672 73 0 662516 105467
ROW 3 2939657 1782 54 33 6 0 0 0 0 32 512 742 135 4 496 382 376 20112 134 128 9 8 1 1 1304 0 0 0 0 40926 463194 10780 9 8
TRIPLE 2939657 0 0 6 9 8 3 3 9 8 4960 4416 4400 66 4224 66 66 615879 119994
ROW 3 2939658 3294 54 61 6 0 0 0 0 32 512 764 123 4 496 432 381 22625 171 128 14 8 1 1 1500 0 0 0 0 39985 500984 13695 14 8
TRIPLE 2939658 0 0 6 14 8 3 3 14 8 4960 4682 4409 65 4160 65 65 696449 139541
ROW 3 2939661 1037 17 61 6 0 0 0 0 32 512 742 138 4 496 443 327 13455 128 4 8 1 1 0 494 0 0 0 0 42620 340305 5039 8 1
TRIPLE 2939661 0 0 6 8 1 3 0 8 1 4960 4833 4150 69 4416 69 0 722007 100027
ROW 3 2939680 1836 54 34 4 0 0 0 0 32 512 760 127 4 496 452 440 25068 342 248 13 8 1 1 2104 16 16 1 1 45645 601462 21771 16 12
TRIPLE 2939680 0 0 4 16 12 2 2 13 8 4960 4876 4843 65 4160 65 65 690168 100828
ROW 3 2939689 1104 24 46 6 0 0 0 0 32 492 728 120 3 496 468 461 16235 171 127 8 8 1 1 648 5 0 1 0 54141 517696 6372 8 8
TRIPLE 2939689 0 0 6 8 8 3 3 8 8 4960 4904 4891 67 4288 67 67 922711 99415
ROW 3 2939690 1564 34 46 6 0 0 0 0 32 512 762 126 4 496 470 406 12536 158 64 8 8 1 1 768 8 0 1 0 43361 326498 9929 8 8
TRIPLE 2939690 0 0 6 8 8 2 2 8 8 4960 4905 4624 66 4224 66 66 733338 173323
ROW 3 2939691 1044 58 18 4 0 0 0 0 32 512 776 121 4 496 496 473 21223 239 168 11 9 1 1 1385 13 2 1 0 63799 674609 11912 12 9
TRIPLE 2939691 0 0 4 12 9 2 2 11 9 4960 4960 4909 64 4096 64 64 782470 95648
ROW 3 2939698 1972 58 34 6 0 0 0 0 32 512 750 139 4 496 468 444 24650 192 192 8 8 1 1 1480 0 0 0 0 59361 781569 12584 8 8
TRIPLE 2939698 0 0 6 8 8 3 3 8 8 4960 4904 4854 66 4224 66 66 867017 97983
ROW 3 2939718 1134 54 21 6 0 0 0 0 32 512 778 113 4 496 468 413 17968 128 128 8 8 1 1 768 0 0 0 0 43581 401519 6993 8 8
TRIPLE 2939718 0 0 6 8 8 3 3 8 8 4960 4692 4655 66 4224 66 66 679107 96700
ROW 3 2939719 1350 54 25 6 0 0 0 0 32 512 788 108 4 496 468 432 18926 128 128 8 8 1 1 877 0 0 0 0 41808 440622 7965 8 8
TRIPLE 2939719 0 0 6 8 8 2 2 8 8 4960 4745 4680 79 5056 79 79 660452 127037
ROW 3 2939735 1836 54 34 6 0 0 0 0 32 512 764 120 4 496 468 467 24524 292 127 15 8 1 1 1824 16 0 1 0 41859 552411 21210 16 8
TRIPLE 2939735 0 0 6 16 8 3 3 15 8 4960 4904 4904 68 4352 68 68 855526 150801
ROW 3 2939753 3078 54 57 4 0 0 0 0 32 512 776 126 4 496 468 468 29862 466 389 12 12 1 1 2643 23 16 1 1 61495 851128 27061 16 16
TRIPLE 2939753 0 0 4 16 16 3 3 12 12 4960 4904 4884 92 5888 92 92 714784 184654
ROW 3 2939756 3363 59 57 4 0 0 0 0 32 512 744 142 4 496 496 481 29657 453 403 14 12 1 1 2858 23 19 1 1 61525 990959 22682 16 16
TRIPLE 2939756 0 0 4 16 16 3 3 14 12 4960 4960 4936 66 4224 66 66 762042 99586
ROW 3 2939761 3306 58 57 4 0 0 0 0 32 512 742 143 4 496 477 465 26814 309 176 15 9 1 1 1584 3 3 1 1 44734 647699 17543 15 9
TRIPLE 2939761 0 0 4 15 9 3 3 15 9 4960 4916 4904 70 4480 70 70 974548 153467
ROW 3 2939767 3420 60 57 6 0 0 0 0 32 512 782 123 4 496 488 467 28910 438 217 12 12 1 1 2128 20 0 1 0 60223 960412 17343 16 12
TRIPLE 2939767 0 0 6 16 12 2 2 12 12 4960 4946 4904 65 4160 65 65 975690 98043
ROW 3 2939774 3248 58 56 4 0 0 0 0 32 512 762 133 4 496 468 440 25779 319 289 16 16 1 1 2131 16 11 1 1 47730 761632 23344 16 16
TRIPLE 2939774 0 0 4 16 16 3 3 16 16 4960 4904 4848 91 5824 91 61 965621 196196
ROW 3 2939779 3360 60 56 4 0 0 0 0 32 512 786 121 4 496 447 440 21643 280 277 11 11 1 1 2112 16 16 1 1 59100 588929 16801 13 13
TRIPLE 2939779 0 0 4 13 13 2 2 11 11 4960 4859 4420 80 5120 80 80 704755 117680
ROW 3 2939861 1512 54 28 4 0 0 0 0 32 512 776 126 4 496 496 496 31195 486 341 15 16 1 1 2979 28 5 1 1 70141 757363 23063 16 16
TRIPLE 2939861 0 0 4 16 16 1 1 15 16 4960 4960 4960 65 4160 65 65 835288 98634
ROW 2 2944731 280 14 20 6 0 0 0 0 27 454 706 103 3 351 342 279 17943 243 156 11 13 1 1 1586 13 2 1 0 48480 438117 12764 13 13
TRIPLE 2944731 0 0 6 13 13 3 3 11 13 2925 2898 2645 81 5184 81 81 380250 119403
ROW 3 2947234 1325 53 25 4 0 0 0 0 26 470 744 98 3 325 325 295 10562 116 18 7 3 1 1 1008 10 3 1 1 57257 252681 12113 8 3
TRIPLE 2947234 0 0 4 8 3 2 2 7 4 2600 2600 2490 98 4410 49 33 428529 154208
ROW 3 2947277 1425 57 25 4 0 0 0 0 24 469 802 68 3 276 243 231 7960 43 0 5 0 1 0 983 9 0 1 0 65312 239347 11371 5 0
TRIPLE 2947277 0 0 4 5 0 1 0 5 0 2024 1925 1904 68 4190 21 0 384007 131335
ROW 3 2947279 1375 55 25 4 0 0 0 0 24 463 760 83 3 276 248 236 8308 54 0 6 0 1 0 1072 8 0 1 0 59862 196317 8636 7 0
TRIPLE 2947279 0 0 4 7 0 0 0 6 0 2024 1968 1531 68 1832 0 0 268932 41688
ROW 3 2947283 1155 55 21 4 0 0 0 0 32 512 834 95 4 496 468 415 19134 258 145 10 11 1 1 1939 17 6 1 1 47478 445671 15339 12 11
TRIPLE 2947283 0 0 4 12 11 3 1 10 11 4960 4824 4578 116 7414 111 14 684416 167763
ROW 3 3513119 1140 30 38 4 0 0 0 0 32 512 768 130 4 496 496 495 27836 379 267 16 16 1 1 1979 8 3 1 1 49422 640364 16000 16 16
TRIPLE 3513119 0 0 4 16 16 1 1 16 16 4960 4960 4960 66 4224 66 66 705285 99506
ROW 3 3513136 1292 38 34 4 0 0 0 0 32 512 806 111 4 496 387 335 17329 236 115 12 8 1 1 727 5 4 1 1 58208 430032 6863 12 8
TRIPLE 3513136 0 0 4 12 8 2 2 12 8 4960 4426 3982 65 4160 65 65 628793 97712
ROW 3 3513137 1444 38 38 4 0 0 0 0 32 512 814 107 4 496 437 408 21503 253 126 15 11 1 1 880 4 3 1 1 44594 483963 8276 15 11
TRIPLE 3513137 0 0 4 15 11 3 3 15 11 4960 4777 4506 84 5376 84 84 684187 124001
ROW 3 3513214 1190 35 34 4 0 0 0 0 32 512 754 137 4 496 440 340 19192 283 216 16 16 1 1 496 4 0 1 0 47458 451883 5059 16 16
TRIPLE 3513214 0 0 4 16 16 2 2 16 16 4960 4663 4270 66 4224 66 66 666544 98523
ROW 3 3513216 1330 35 38 6 0 0 0 0 32 512 752 138 4 496 376 370 19247 260 222 15 16 1 1 554 4 0 1 0 41798 467322 5781 16 16
TRIPLE 3513216 0 0 6 16 16 2 2 15 16 4960 4400 4389 69 4416 69 69 636538 114113
ROW 3 3514810 1140 30 38 4 0 0 0 0 28 465 768 81 3 378 203 182 10243 148 36 8 6 1 1 555 7 0 1 0 39844 234507 5080 8 6
TRIPLE 3514810 0 0 4 8 6 2 2 8 6 3276 2210 2125 70 4480 70 70 312694 102050
ROW 3 3517054 1525 25 61 6 0 0 0 0 32 512 770 126 4 496 495 437 24838 375 218 12 14 1 1 1800 16 0 1 0 44813 580944 20889 16 14
TRIPLE 3517054 0 0 6 16 14 3 3 12 14 4960 4959 4688 71 4544 71 71 756011 163916
ROW 3 3517057 1830 30 61 4 0 0 0 0 32 512 758 135 4 496 496 491 25133 376 352 12 12 1 1 2276 16 14 1 1 62597 831020 18164 16 16
TRIPLE 3517057 0 0 4 16 16 3 3 12 12 4960 4960 4955 64 4096 64 64 701329 128400
ROW 3 3517059 1254 38 33 6 0 0 0 0 32 512 758 135 4 496 489 453 24756 165 128 13 8 1 1 1651 1 0 0 0 43952 547481 13615 13 8
TRIPLE 3517059 0 0 6 13 8 3 3 13 8 4960 4952 4877 65 4160 65 65 694736 95969
ROW 3 3517060 3233 53 61 6 0 0 0 0 32 512 748 140 4 496 496 491 25095 327 145 11 10 1 1 1878 16 0 1 0 40716 768073 15268 15 10
TRIPLE 3517060 0 0 6 15 10 3 3 11 10 4960 4960 4957 67 4288 67 67 909647 100388
ROW 3 3517109 1292 38 34 4 0 0 0 0 32 512 786 121 4 496 471 454 25768 299 147 13 9 1 1 1913 12 1 1 0 44774 612262 15630 16 9
TRIPLE 3517109 0 0 4 16 9 2 2 14 9 4960 4906 4840 67 4288 67 67 778372 100818
ROW 3 3517160 1425 25 57 4 0 0 0 0 32 512 756 136 4 496 496 494 29836 458 313 15 16 1 1 2241 21 0 1 0 51546 736163 25317 16 16
TRIPLE 3517160 0 0 4 16 16 2 2 15 16 4960 4960 4960 67 4288 67 67 873630 155971
ROW 3 3517164 3021 53 57 4 0 0 0 0 32 512 788 120 4 496 496 491 29705 455 244 16 13 1 1 2572 24 4 1 1 63488 799782 27982 16 13
TRIPLE 3517164 0 0 4 16 13 3 3 16 13 4960 4960 4956 66 4224 66 66 718972 139089
ROW 3 3517210 1386 42 33 4 0 0 0 0 32 512 772 128 4 496 496 493 29090 362 268 16 16 1 1 2396 13 1 1 0 46166 760759 19116 16 16
TRIPLE 3517210 0 0 4 16 16 2 2 16 16 4960 4960 4959 88 5632 88 88 729821 130153
ROW 3 3517211 1525 25 61 4 0 0 0 0 32 512 770 129 4 496 496 496 26299 397 340 14 12 1 1 2430 18 7 1 1 42940 612943 19145 16 16
TRIPLE 3517211 0 0 4 16 16 2 2 14 12 4960 4960 4960 82 5248 82 82 723610 122157
ROW 3 3517212 2562 42 61 4 0 0 0 0 32 512 774 127 4 496 496 496 31221 475 271 16 16 1 1 2702 26 1 1 0 40485 717658 21240 16 16
TRIPLE 3517212 0 0 4 16 16 2 2 16 16 4960 4960 4960 78 4992 78 78 717949 116708
ROW 3 3517326 1551 47 33 4 0 0 0 0 32 512 778 125 4 496 461 404 25011 377 256 13 16 1 1 1861 15 0 1 0 41227 570314 15168 16 16
TRIPLE 3517326 0 0 4 16 16 3 3 13 16 4960 4816 4551 128 8192 128 64 680779 186197
ROW 3 3517328 2867 47 61 4 0 0 0 0 32 512 764 132 4 496 477 441 26348 405 272 12 14 1 1 1953 17 4 1 1 40536 623002 15560 16 16
TRIPLE 3517328 0 0 4 16 16 4 3 12 14 4960 4912 4797 128 8192 128 80 697751 186538
ROW 3 3517329 1708 28 61 4 0 0 0 0 32 512 764 132 4 496 495 447 26350 321 266 16 16 1 1 1230 2 0 1 0 40125 600932 10550 16 16
TRIPLE 3517329 0 0 4 16 16 4 4 16 16 4960 4960 4865 98 6272 98 98 698884 143387
ROW 3 3517667 1122 33 34 4 0 0 0 0 32 512 744 140 4 496 415 404 25565 374 158 16 11 1 1 2506 24 2 1 0 57036 580814 27822 16 11
TRIPLE 3517667 0 0 4 16 11 3 3 16 11 4960 4678 4415 66 4224 66 66 672595 139300
ROW 3 3517672 1190 35 34 4 0 0 0 0 32 512 742 143 4 496 422 412 22763 313 267 14 11 1 1 2748 24 16 1 1 60112 763675 26550 14 13
TRIPLE 3517672 0 0 4 14 13 3 3 14 11 4960 4724 4466 67 4288 67 67 773272 110657
ROW 3 3517676 1586 61 26 4 0 0 0 0 32 512 734 147 4 496 404 404 25705 399 225 16 15 1 1 2612 22 8 1 1 55614 850808 20719 16 16
TRIPLE 3517676 0 0 4 16 16 3 3 16 15 4960 4680 4431 69 4416 69 69 760949 104305
ROW 3 3517697 1769 29 61 6 0 0 0 0 32 512 756 136 4 496 492 490 18394 128 128 8 8 1 1 900 0 0 0 0 70392 414894 11361 8 8
TRIPLE 3517697 0 0 6 8 8 3 3 8 8 4960 4955 4944 89 5696 89 89 922151 194132
ROW 3 3517778 1188 36 33 6 112 183256 14 111 27 457 690 113 3 351 296 296 11288 128 44 8 6 1 1 380 0 0 0 0 54391 384608 3868 8 7
TRIPLE 3517778 112 183256 6 8 7 3 0 8 6 2925 2760 2760 68 4352 68 0 379839 99576
ROW 3 3517779 2196 36 61 6 0 0 0 0 32 512 772 127 4 496 437 401 13960 127 48 8 7 1 1 534 0 0 0 0 42650 318895 7274 8 7
TRIPLE 3517779 0 0 6 8 7 3 0 8 7 4960 4773 4569 66 4224 66 0 849716 132097
ROW 3 3517783 1342 22 61 6 0 0 0 0 32 512 770 129 4 496 463 430 14562 99 88 7 6 1 1 606 0 0 0 0 61545 493030 6111 7 6
TRIPLE 3517783 0 0 6 7 6 3 0 7 6 4960 4896 4749 69 4416 69 0 753015 100788
ROW 3 3517808 1224 36 34 6 0 0 0 0 32 512 776 126 4 496 468 468 15266 138 103 8 8 1 1 805 3 0 0 0 43922 350975 10209 8 8
TRIPLE 3517808 0 0 6 8 8 2 1 8 8 4960 4904 4845 81 5184 81 37 730843 172342
ROW 3 3517869 1653 29 57 4 0 0 0 0 32 512 774 127 4 496 496 496 25910 236 160 11 8 1 1 1536 6 0 1 0 62987 833275 12704 11 8
TRIPLE 3517869 0 0 4 11 8 3 3 11 8 4960 4960 4960 80 5120 80 80 794282 118892
ROW 3 3517885 2052 36 57 6 0 0 0 0 32 512 730 149 4 496 496 487 24625 221 170 9 8 1 1 1237 7 0 1 0 43942 565886 10490 9 8
TRIPLE 3517885 0 0 6 9 8 3 0 9 8 4960 4960 4947 70 4480 70 0 686351 103012
ROW 3 3517894 1624 29 56 4 0 0 0 0 32 512 768 130 4 496 468 468 27566 414 192 14 14 1 1 2245 19 0 1 0 43030 649422 18104 16 14
TRIPLE 3517894 0 0 4 16 14 3 3 14 14 4960 4904 4904 128 8192 128 64 703121 186658
ROW 3 3517946 2016 36 56 4 0 0 0 0 32 512 738 145 4 496 468 463 29211 451 132 16 9 1 1 2106 22 0 1 0 41407 667165 16912 16 9
TRIPLE 3517946 0 0 4 16 9 1 2 16 9 4960 4904 4819 128 8192 128 64 669579 198000
ROW 3 3517949 1232 22 56 4 0 0 0 0 32 512 718 155 4 496 468 468 26684 314 134 13 8 1 1 2295 14 3 1 1 40255 592606 18033 16 8
TRIPLE 3517949 0 0 4 16 8 4 2 13 8 4960 4904 4680 128 8191 127 64 684066 185085
ROW 3 3518008 1122 34 33 4 0 0 0 0 32 512 780 124 4 496 496 376 21089 302 239 16 14 1 1 890 5 3 1 1 43221 510613 8125 16 14
TRIPLE 3518008 0 0 4 16 14 2 1 16 14 4960 4960 4400 108 6912 108 64 687593 170849
ROW 3 3518010 2074 34 61 4 0 0 0 0 32 512 780 124 4 496 471 348 21891 320 168 16 8 1 1 479 1 0 1 0 41678 513488 4849 16 14
TRIPLE 3518010 0 0 4 16 14 2 1 16 8 4960 4906 4310 124 7936 124 64 686441 180466
ROW 3 3518019 1122 33 34 6 0 0 0 0 32 512 726 145 4 496 443 320 10875 0 0 0 0 0 0 112 0 0 0 0 40907 239156 1894 0 0
TRIPLE 3518019 0 0 6 0 0 3 3 3 3 4960 4830 4267 128 7949 119 47 675541 177100
ROW 3 3518034 1190 35 34 6 0 0 0 0 32 512 742 143 4 496 434 320 15001 125 22 9 4 1 1 199 1 0 0 0 40235 337851 2625 9 5
TRIPLE 3518034 0 0 6 9 5 3 3 9 4 4960 4776 4259 128 8192 128 125 669880 184154
ROW 3 3518040 1700 50 34 6 0 0 0 0 32 512 768 128 4 496 320 275 6096 47 1 4 1 1 0 489 3 0 0 0 42780 160069 4880 6 1
TRIPLE 3518040 0 0 6 6 1 2 1 5 1 4960 4104 2360 113 5732 35 4 496035 128190
ROW 3 3518045 1224 36 34 6 0 0 0 0 32 471 722 112 3 496 194 44 2438 20 0 4 0 1 0 126 0 0 0 0 38051 67877 2003 5 0
TRIPLE 3518045 0 0 6 5 0 2 1 4 1 4960 1908 806 127 3914 53 6 271567 88586
ROW 3 3518073 1258 37 34 6 0 0 0 0 32 473 714 118 3 496 195 66 5406 71 22 8 4 1 1 434 5 0 1 0 35135 133268 4519 8 5
TRIPLE 3518073 0 0 6 8 5 1 1 8 4 4960 1981 1165 97 4488 33 20 291314 101078
ROW 3 3518294 1050 50 21 4 0 0 0 0 32 499 762 117 3 496 405 329 18062 187 75 13 8 1 1 868 8 0 1 0 41266 434120 7865 13 8
TRIPLE 3518294 0 0 4 13 8 3 3 13 8 4960 4605 3176 97 6208 97 97 586514 140843
ROW 3 3518350 1064 38 28 4 0 0 0 0 32 512 760 134 4 496 496 474 28921 415 292 16 15 1 1 2085 17 6 1 1 44192 697952 23283 16 16
TRIPLE 3518350 0 0 4 16 16 3 3 16 15 4960 4960 4907 72 4608 72 72 971532 162133
ROW 3 3518520 1316 47 28 6 0 0 0 0 32 512 780 124 4 496 496 478 25012 350 240 12 16 1 1 1494 6 0 1 0 64871 857530 12733 16 16
TRIPLE 3518520 0 0 6 16 16 3 3 12 16 4960 4960 4922 77 4928 77 77 989737 161291
ROW 3 3523589 1464 24 61 4 0 0 0 0 32 512 764 132 4 496 492 474 29550 457 300 16 14 1 1 2583 24 1 1 0 45344 796707 20498 16 16
TRIPLE 3523589 0 0 4 16 16 3 3 16 14 4960 4954 4905 120 7680 120 120 848413 177130
ROW 3 3523590 1403 23 61 4 0 0 0 0 32 512 758 135 4 496 495 485 28698 365 291 16 16 1 1 2019 13 2 1 0 44022 722858 16461 16 16
TRIPLE 3523590 0 0 4 16 16 3 3 16 16 4960 4960 4946 128 8192 128 128 840307 232464
ROW 3 3523592 1287 39 33 6 12 15658 0 12 32 512 754 137 4 496 458 419 23342 236 193 16 11 1 1 784 0 0 0 0 43681 588017 7133 16 11
TRIPLE 3523592 12 15658 6 16 11 4 4 16 11 4960 4878 4736 128 8192 128 128 717599 197218
ROW 3 3523594 1326 39 34 4 0 0 0 0 32 512 756 136 4 496 473 469 26326 323 246 16 15 1 1 1704 8 4 1 1 42229 590671 13876 16 15
TRIPLE 3523594 0 0 4 16 15 3 3 16 15 4960 4916 4858 76 4864 76 76 720734 112941
ROW 3 3524434 1144 44 26 4 0 0 0 0 32 512 736 146 4 496 496 469 29177 441 349 16 14 1 1 2656 22 16 1 1 45255 696339 20859 16 16
TRIPLE 3524434 0 0 4 16 16 2 2 16 14 4960 4960 4870 69 4416 69 69 712899 103352
ROW 3 3524435 1360 40 34 4 0 0 0 0 32 512 728 150 4 496 496 496 31358 486 391 16 15 1 1 3280 30 18 1 1 52027 780957 25278 16 16
TRIPLE 3524435 0 0 4 16 16 2 2 16 15 4960 4960 4960 74 4736 74 74 746353 135463
ROW 3 3524513 1122 33 34 4 0 0 0 0 32 512 738 145 4 496 376 357 18520 220 74 8 7 1 1 908 8 4 1 1 42279 419242 8166 8 8
TRIPLE 3524513 0 0 4 8 8 2 2 8 7 4960 4400 3800 71 4544 71 71 632811 145631
ROW 3 3525009 1092 39 28 6 19 11070 3 19 32 512 760 134 4 496 479 334 15955 162 52 13 8 1 1 274 0 0 0 0 47418 374248 3447 14 10
TRIPLE 3525009 19 11070 6 14 10 2 1 13 8 4960 4924 4210 108 6912 108 44 685650 156212
ROW 3 3530389 1944 27 72 4 0 0 0 0 32 512 816 98 4 496 422 321 14772 195 105 10 8 1 1 1592 12 4 1 1 66895 366945 13445 12 10
TRIPLE 3530389 0 0 4 12 10 2 1 10 8 4960 4616 4274 69 4416 69 17 650814 101099
ROW 3 3530390 1584 22 72 6 0 0 0 0 32 512 792 106 4 496 462 404 13613 163 26 8 5 1 1 1251 12 1 1 0 50805 384718 11121 10 5
TRIPLE 3530390 0 0 6 10 5 2 0 8 5 4960 4680 4231 69 4416 68 0 646896 126065
ROW 3 3530391 2088 29 72 6 0 0 0 0 29 512 804 89 4 406 219 105 2973 13 2 2 1 0 0 366 0 0 0 0 44884 78456 3927 2 1
TRIPLE 3530391 0 0 6 2 1 2 0 2 1 3654 2594 1472 112 4135 20 0 315519 93324
ROW 3 3530713 1296 18 72 4 0 0 0 0 32 512 772 104 4 496 490 454 16065 142 31 10 2 1 0 701 2 2 1 0 46918 387253 6653 13 3
TRIPLE 3530713 0 0 4 13 3 3 2 10 3 4960 4949 4864 85 5440 85 59 689877 124472
ROW 0 3556107 25 5 5 4 0 0 0 0 32 478 718 121 2 496 318 230 11575 149 82 12 10 1 1 729 6 4 1 1 49282 290983 6473 13 10
TRIPLE 3556107 0 0 4 13 10 3 3 12 10 4960 3216 2611 89 5696 89 89 456031 130674
ROW 3 3653888 1449 69 21 4 0 0 0 0 32 512 712 158 4 496 358 315 19492 219 143 14 14 1 1 779 4 1 1 0 70081 463405 7234 16 15
TRIPLE 3653888 0 0 4 16 15 3 2 14 14 4960 4317 3931 108 6912 108 67 609657 169827
ROW 3 3653889 1173 69 17 6 0 0 0 0 32 512 748 140 4 496 370 270 13618 139 56 11 8 1 1 360 0 0 0 0 45204 320939 4118 13 9
TRIPLE 3653889 0 0 6 13 9 3 3 11 8 4960 4402 3622 85 5183 66 65 606712 118330
ROW 4 3653899 5451 69 79 4 0 0 0 0 32 512 744 142 4 496 375 271 19467 214 69 14 8 1 1 907 4 0 1 0 41808 432647 8276 15 9
TRIPLE 3653899 0 0 4 15 9 3 3 14 8 4960 4417 3615 90 5760 90 68 618655 132097
ROW 3 3653900 2484 69 36 4 0 0 0 0 32 512 746 141 4 496 424 375 21607 271 119 12 10 1 1 1355 12 3 1 1 45175 575825 11441 16 12
TRIPLE 3653900 0 0 4 16 12 3 2 12 10 4960 4688 4198 105 6720 105 68 683555 152935
ROW 3 3654172 1106 14 79 4 0 0 0 0 25 365 528 103 2 300 256 193 12179 143 92 9 7 1 1 1774 15 6 1 1 31489 317151 20178 10 9
TRIPLE 3654172 0 0 4 10 9 3 3 9 7 2300 1993 1805 85 5440 85 85 351666 189043
ROW 3 3659746 1638 42 39 4 0 0 0 0 32 438 620 126 2 496 495 484 25361 376 267 8 12 1 1 2239 16 6 1 1 56325 826091 17733 16 16
TRIPLE 3659746 0 0 4 16 16 3 3 8 12 4960 4959 4936 115 7360 115 106 797979 167903
ROW 3 3659748 1680 42 40 4 0 0 0 0 32 461 634 130 2 496 496 487 25721 375 223 8 16 1 1 2170 16 0 1 0 37099 623433 23824 16 16
TRIPLE 3659748 0 0 4 16 16 1 0 8 16 4960 4960 4949 68 4352 68 0 868981 140282
ROW 3 3659759 1092 42 26 4 0 0 0 0 32 512 696 166 4 496 493 484 26891 407 314 12 12 1 1 2731 20 15 1 1 68929 795905 21359 16 16
TRIPLE 3659759 0 0 4 16 16 2 2 12 12 4960 4960 4938 69 4416 69 67 680379 119253
ROW 3 3659776 3570 102 35 4 0 0 0 0 28 512 702 137 4 378 378 378 21834 318 225 10 8 1 1 2404 17 13 1 1 45875 497849 18855 14 13
TRIPLE 3659776 0 0 4 14 13 2 2 10 8 3276 3276 3276 70 4480 70 70 453576 103974
ROW 3 3708679 1034 47 22 6 0 0 0 0 24 414 626 98 2 276 187 153 5955 67 21 8 3 1 1 546 1 0 0 0 48230 141854 5150 8 3
TRIPLE 3708679 0 0 6 8 3 2 2 8 3 2024 1564 1106 74 4360 66 42 190225 98564
ROW 3 3708692 1034 47 22 6 0 0 0 0 31 461 696 112 3 465 359 279 11790 95 48 9 6 1 1 1141 4 2 1 0 37680 286644 9968 10 6
TRIPLE 3708692 0 0 6 10 6 3 2 9 6 4495 3641 3206 85 5431 84 44 503519 123771
ROW 4 3709185 4356 198 22 4 0 0 0 0 32 463 672 128 3 496 381 363 21120 256 161 15 13 1 1 1362 4 0 1 0 43561 493701 11511 16 15
TRIPLE 3709185 0 0 4 16 15 2 2 15 13 4960 4297 3593 75 4800 75 75 585944 110987
ROW 4 3709200 4356 198 22 6 0 0 0 0 29 454 664 121 3 406 230 180 6615 24 24 3 3 0 1 488 0 0 0 0 38682 177821 4729 3 3
TRIPLE 3709200 0 0 6 3 3 2 0 3 3 3654 2056 1534 102 5929 41 0 279502 131696
ROW 3 3709203 2838 129 22 4 0 0 0 0 30 476 728 84 3 435 392 346 9363 61 42 7 5 1 1 1350 8 8 1 1 44724 216794 15388 8 5
TRIPLE 3709203 0 0 4 8 5 2 2 7 5 4060 3850 3440 66 4224 66 66 621920 140312
ROW 3 3709222 2838 129 22 6 0 0 0 0 32 512 772 95 4 496 413 378 9984 21 8 3 2 0 0 778 2 2 0 0 59451 350474 7714 4 2
TRIPLE 3709222 0 0 6 4 2 2 2 3 3 4960 4577 3928 77 4862 71 26 736524 160700
ROW 3 3709402 1606 73 22 4 0 0 0 0 32 512 720 154 4 496 404 354 19170 268 236 14 14 1 1 864 6 1 1 0 66925 507377 10960 16 16
TRIPLE 3709402 0 0 4 16 16 2 2 14 14 4960 4634 4261 104 6656 104 98 819348 179285
ROW 3 3709405 2266 103 22 6 0 0 0 0 32 512 740 142 4 496 289 185 8219 7 1 1 1 0 0 268 0 0 0 0 62647 185827 3336 2 1
TRIPLE 3709405 0 0 6 2 1 1 0 2 1 4960 4010 2922 75 4162 17 0 533195 93023
ROW 3 3709644 1524 381 4 4 0 0 0 0 32 512 724 147 4 496 496 495 27200 353 189 16 13 1 1 2276 13 3 1 1 50154 625197 18365 16 16
TRIPLE 3709644 0 0 4 16 16 2 2 16 13 4960 4960 4960 82 5248 82 82 713992 121887
ROW 3 3710256 3978 102 39 4 0 0 0 0 26 483 670 136 3 325 321 300 18260 279 209 8 8 1 1 2112 16 13 1 1 56466 436234 16440 13 12
TRIPLE 3710256 0 0 4 13 12 3 3 8 8 2600 2600 2545 66 4224 66 66 350013 97623
ROW 3 3710258 1716 52 33 4 0 0 0 0 27 479 670 141 3 351 351 351 20937 304 272 12 9 1 1 2734 23 17 1 1 40756 498399 21380 13 13
TRIPLE 3710258 0 0 4 13 13 2 2 12 9 2925 2925 2925 72 4608 72 72 398373 105357
ROW 3 3710260 2028 52 39 4 0 0 0 0 25 461 656 132 3 300 296 287 17330 267 114 9 11 1 1 2098 18 0 1 0 37811 390689 16261 12 11
TRIPLE 3710260 0 0 4 12 11 2 2 9 11 2300 2295 2269 74 4736 74 42 309578 109254
ROW 3 3791460 1440 36 40 4 0 0 0 0 24 458 708 95 3 276 248 248 15872 248 144 8 8 1 1 2064 16 16 1 1 60253 371714 15859 12 9
TRIPLE 3791460 0 0 4 12 9 2 2 8 8 2024 1968 1968 70 4480 70 70 260015 102081
ROW 3 3791461 1120 28 40 4 0 0 0 0 17 461 702 80 3 136 136 136 8208 120 120 8 8 1 1 2050 16 16 1 1 35616 189624 15449 8 8
TRIPLE 3791461 0 0 4 8 8 3 3 8 8 680 680 680 71 4544 71 71 100247 102531
ROW 3 3791466 1760 44 40 6 6 7463 0 6 24 454 710 87 3 276 248 248 13640 124 15 9 1 1 0 1468 9 0 1 0 35737 300411 11722 10 1
TRIPLE 3791466 6 7463 6 10 1 2 0 9 1 2024 1968 1968 72 4608 72 0 258973 103373
ROW 3 3791468 1680 42 40 6 6 4125 0 6 18 475 746 79 3 153 152 152 9728 152 13 8 1 1 0 1511 16 0 1 0 35226 232213 11602 9 1
TRIPLE 3791468 6 4125 6 9 1 2 0 8 1 816 816 816 76 4864 76 0 105367 108783
ROW 3 3791470 1320 33 40 6 78 51723 0 78 20 450 682 80 3 190 184 184 4541 0 0 0 0 0 0 593 0 0 0 0 31850 100297 4969 0 0
TRIPLE 3791470 78 51723 6 0 0 0 0 0 0 1140 1136 1136 128 2816 0 0 148056 62987
ROW 3 3791496 2240 56 40 4 0 0 0 0 32 497 764 115 3 496 463 431 24296 313 217 12 10 1 1 2610 23 13 1 1 38742 636998 20519 15 12
TRIPLE 3791496 0 0 4 15 12 2 2 12 10 4960 4869 4735 75 4800 75 75 694366 110837
ROW 3 3791498 3240 81 40 6 0 0 0 0 32 490 750 114 3 496 483 477 19248 234 51 12 4 1 1 1786 17 2 1 0 41878 444710 14407 12 5
TRIPLE 3791498 0 0 6 12 5 2 0 12 4 4960 4945 4910 75 4800 75 0 703373 109594
ROW 3 3791503 1232 56 22 4 0 0 0 0 32 512 768 130 4 496 496 488 28523 434 254 15 13 1 1 2670 23 14 1 1 40806 658077 20960 16 14
TRIPLE 3791503 0 0 4 16 14 3 3 15 13 4960 4960 4954 82 5248 82 82 689145 137337
ROW 3 3791504 1782 81 22 6 0 0 0 0 32 512 766 130 4 496 496 495 23437 249 57 12 5 1 1 1928 17 2 1 0 39403 523787 15629 13 5
TRIPLE 3791504 0 0 6 13 5 3 0 12 5 4960 4960 4959 85 5440 85 0 737596 123621
ROW 1 3797495 220 22 10 6 0 0 0 0 32 512 834 97 4 496 490 378 20070 86 32 8 5 1 1 1307 8 6 1 1 61905 465759 10991 8 5
TRIPLE 3797495 0 0 6 8 5 2 2 8 5 4960 4956 4399 128 7808 64 44 663839 174586
ROW 3 3798813 1050 30 35 6 0 0 0 0 32 512 844 92 4 496 226 139 11299 167 130 8 8 1 1 180 0 0 0 0 52438 283408 2625 8 8
TRIPLE 3798813 0 0 6 8 8 3 3 8 8 4960 3012 2494 67 4288 67 67 418311 98654
ROW 3 3798820 1092 42 26 4 0 0 0 0 32 512 814 107 4 496 431 402 26543 398 250 13 14 1 1 2001 16 6 1 1 50915 614216 20108 16 15
TRIPLE 3798820 0 0 4 16 15 2 2 13 14 4960 4729 4511 90 5760 90 90 675410 174876
ROW 3 3798847 1155 33 35 4 0 0 0 0 32 512 810 109 4 496 279 32 10536 71 4 8 2 1 0 887 0 0 1 0 59451 239397 7905 8 2
TRIPLE 3798847 0 0 4 8 2 3 3 8 3 4960 3605 2181 68 4352 68 68 466200 98985
ROW 3 3803224 1333 43 31 4 0 0 0 0 32 511 786 104 3 496 496 482 28665 355 155 14 10 1 1 2361 19 7 1 1 48069 646596 18965 16 12
TRIPLE 3803224 0 0 4 16 12 3 3 14 10 4960 4960 4935 115 7360 115 102 733628 167913
ROW 3 3803335 1505 43 35 6 0 0 0 0 32 512 848 90 4 496 468 322 15580 158 130 8 8 1 1 518 0 0 0 0 42590 376192 5420 8 8
TRIPLE 3803335 0 0 6 8 8 3 3 8 8 4960 4680 4095 74 4736 74 74 631478 107661
ROW 3 3803339 1400 56 25 4 0 0 0 0 32 512 808 110 4 496 468 464 23665 255 122 12 8 1 1 1619 8 0 1 0 55754 529969 13395 16 8
TRIPLE 3803339 0 0 4 16 8 2 2 12 8 4960 4820 4718 86 5504 86 67 694867 125895
ROW 3 3803341 1075 43 25 4 0 0 0 0 32 512 828 100 4 496 468 468 24383 219 155 12 8 1 1 1334 2 0 1 0 41808 611481 11482 12 8
TRIPLE 3803341 0 0 4 12 8 3 3 12 8 4960 4904 4825 71 4544 71 71 695377 105827
ROW 3 3803343 1118 43 26 4 0 0 0 0 32 512 834 97 4 496 478 464 24085 242 192 11 8 1 1 1352 4 0 1 0 42209 570916 11461 12 8
TRIPLE 3803343 0 0 4 12 8 2 2 11 8 4960 4914 4898 67 4288 67 67 709734 98654
ROW 3 3803740 1050 14 75 4 0 0 0 0 32 512 824 102 4 496 376 376 21793 257 36 9 4 1 1 1664 16 0 1 0 67777 490876 13826 12 4
TRIPLE 3803740 0 0 4 12 4 1 0 9 4 4960 4400 4085 72 4608 72 0 616300 104925
ROW 3 3803742 1260 14 90 6 227 1313001 11 227 32 512 818 105 4 496 376 376 16840 96 5 6 1 1 0 1160 0 0 0 0 56094 385800 10048 6 1
TRIPLE 3803742 227 1313001 6 6 1 0 0 6 1 4960 4400 4013 69 2553 0 0 609818 57347
ROW 3 3803743 1176 14 84 6 137 900594 4 137 32 512 824 102 4 496 376 376 15916 80 8 5 2 1 0 1160 0 0 0 0 54832 374598 9748 5 3
TRIPLE 3803743 137 900594 6 5 3 0 0 5 2 4960 4391 3952 68 2516 0 0 597214 56555
ROW 3 3803745 1106 14 79 6 76 540724 1 76 32 512 826 101 4 496 376 376 16164 96 70 6 6 1 1 1180 0 0 0 0 47338 375550 9748 6 6
TRIPLE 3803745 76 540724 6 6 6 0 0 6 6 4960 3952 3952 66 2442 0 0 559744 55193
ROW 3 3803749 1575 21 75 6 783 3678467 544 761 32 512 874 67 4 496 376 209 2830 0 0 0 0 0 0 128 0 0 0 0 50734 89857 2084 0 0
TRIPLE 3803749 783 3678467 6 0 0 0 0 0 0 4960 4376 3250 117 1937 0 0 562379 43681
ROW 3 3803750 1449 21 69 6 676 3806667 376 676 32 512 870 76 4 496 376 154 5150 0 0 0 0 0 0 128 0 0 0 0 48431 123511 2084 0 0
TRIPLE 3803750 676 3806667 6 0 0 0 0 0 0 4960 4054 2776 65 1863 0 0 520872 41367
ROW 3 3803753 1890 21 90 6 1367 5160700 1018 1337 32 512 882 73 4 496 168 0 750 0 0 0 0 0 0 64 0 0 0 0 48180 29164 1443 0 0
TRIPLE 3803753 1367 5160700 6 0 0 0 0 0 0 4960 2718 1268 79 2217 0 0 329625 49092
ROW 3 3803754 1764 21 84 6 872 3985473 487 866 32 512 874 75 4 496 177 0 773 0 0 0 0 0 0 64 0 0 0 0 40786 29686 1352 0 0
TRIPLE 3803754 872 3985473 6 0 0 0 0 0 0 4960 2164 1126 77 1771 0 0 301693 39354
ROW 3 3803758 1302 21 62 6 555 3474333 255 544 32 512 864 78 4 496 376 145 5172 0 0 0 0 0 0 128 0 0 0 0 44453 121908 1974 0 0
TRIPLE 3803758 555 3474333 6 0 0 0 0 0 0 4960 3952 2712 103 1323 0 0 493070 30447
ROW 3 3803759 1659 21 79 6 661 3463621 362 661 32 512 862 82 4 496 130 0 630 0 0 0 0 0 0 64 0 0 0 0 55364 26129 1342 0 0
TRIPLE 3803759 661 3463621 6 0 0 0 0 0 0 4960 1927 922 128 3280 0 0 259223 72495
ROW 3 3803762 1190 14 85 6 10 76242 0 10 32 512 810 109 4 496 376 376 20376 248 80 8 5 1 1 1648 16 0 1 0 43762 462182 13195 12 5
TRIPLE 3803762 10 76242 6 12 5 2 0 8 5 4960 3952 3952 70 4480 70 0 573940 102742
ROW 3 3803767 1512 21 72 6 252 1761770 41 252 32 512 848 90 4 496 344 160 6116 0 0 0 0 0 0 168 0 0 0 0 45415 141935 2635 0 0
TRIPLE 3803767 252 1761770 6 0 0 0 0 0 0 4960 3952 2772 66 2442 0 0 529989 53821
ROW 3 3803768 1785 21 85 6 290 1825382 93 290 32 512 862 83 4 496 200 32 966 0 0 0 0 0 0 64 0 0 0 0 44263 34273 1423 0 0
TRIPLE 3803768 290 1825382 6 0 0 0 0 0 0 4960 3195 1063 128 1870 0 0 350915 42590
ROW 3 3803904 1176 28 42 4 0 0 0 0 29 512 862 83 4 406 396 387 20128 205 13 12 4 1 1 1783 12 1 1 0 50324 473062 14527 13 4
TRIPLE 3803904 0 0 4 13 4 2 1 12 4 3654 3601 3596 123 7872 123 1 485596 193672
ROW 3 3803916 1260 30 42 6 0 0 0 0 32 512 864 82 4 496 494 373 15877 99 2 10 1 1 0 1183 3 2 0 0 42870 360753 10329 12 1
TRIPLE 3803916 0 0 6 12 1 3 2 10 3 4960 4959 4240 128 8162 113 19 682102 182561
ROW 3 3803925 1410 30 47 4 0 0 0 0 32 503 844 81 3 496 495 385 20704 177 9 13 2 1 0 1541 5 4 1 1 42670 467563 12804 15 2
TRIPLE 3803925 0 0 4 15 2 2 1 13 3 4960 4960 4343 111 6832 87 21 684537 153366
ROW 3 3803927 1260 28 45 4 0 0 0 0 29 512 872 78 4 406 395 379 20940 246 12 11 4 1 1 1846 12 0 1 0 41618 471089 14627 14 5
TRIPLE 3803927 0 0 4 14 5 3 1 11 4 3654 3584 3564 100 6400 100 1 474335 143849
ROW 3 3803937 1350 30 45 4 0 0 0 0 32 512 862 83 4 496 421 263 17325 140 5 14 1 1 0 966 1 0 1 0 50184 444028 8926 14 1
TRIPLE 3803937 0 0 4 14 1 3 3 14 4 4960 4280 3712 68 4352 68 68 588347 127668
ROW 3 3804047 1056 33 32 4 0 0 0 0 32 512 850 89 4 496 473 348 17984 146 128 9 8 1 1 753 0 0 1 0 43842 408322 7163 9 8
TRIPLE 3804047 0 0 4 9 8 3 3 9 8 4960 4906 4322 75 4800 75 75 676242 110326
ROW 3 3804053 1508 29 52 4 0 0 0 0 30 512 854 87 4 435 360 347 19024 188 128 11 8 1 1 1538 5 0 1 0 43151 422959 12664 12 8
TRIPLE 3804053 0 0 4 12 8 3 3 11 8 4060 3818 3668 73 4672 73 73 540839 107080
ROW 3 3804055 1716 33 52 4 0 0 0 0 32 512 824 102 4 496 468 355 19728 172 128 15 8 1 1 1050 3 0 1 0 39924 438327 9287 15 8
TRIPLE 3804055 0 0 4 15 8 3 3 15 8 4960 4853 4127 70 4480 70 70 659310 102471
ROW 3 3804061 1386 42 33 4 0 0 0 0 32 512 862 83 4 496 443 417 22123 313 205 15 11 1 1 2009 16 8 1 1 45294 525551 15789 16 13
TRIPLE 3804061 0 0 4 16 13 3 3 15 11 4960 4741 4410 80 5120 80 80 655463 132587
ROW 3 3804063 1089 33 33 4 0 0 0 0 32 512 846 90 4 496 496 350 23503 230 136 14 8 1 1 1004 1 0 1 0 41117 525531 8957 15 8
TRIPLE 3804063 0 0 4 15 8 3 3 14 8 4960 4960 4347 88 5632 88 88 681171 128800
ROW 3 3804095 1287 33 39 4 0 0 0 0 32 512 832 98 4 496 468 468 25068 307 123 11 10 1 1 1789 9 2 1 0 41728 579621 14598 16 14
TRIPLE 3804095 0 0 4 16 14 3 3 11 10 4960 4894 4680 67 4288 67 67 682814 99135
ROW 3 3804123 1353 33 41 4 0 0 0 0 32 512 826 101 4 496 496 464 27747 389 180 14 15 1 1 2069 12 2 1 0 41598 691009 16722 16 15
TRIPLE 3804123 0 0 4 16 15 3 3 14 15 4960 4960 4901 73 4672 73 73 721275 109514
ROW 3 3804187 1036 28 37 4 0 0 0 0 25 476 796 80 3 300 300 300 18285 277 265 10 9 1 1 2578 18 18 1 1 41879 417760 19937 12 12
TRIPLE 3804187 0 0 4 12 12 3 3 10 9 2300 2300 2300 78 4992 78 78 329535 113932
ROW 3 3805074 1140 30 38 4 0 0 0 0 32 505 832 89 3 496 439 395 17813 248 184 12 12 1 1 1959 16 9 1 1 46637 409854 15630 12 12
TRIPLE 3805074 0 0 4 12 12 3 3 12 12 4960 4589 4390 68 4352 68 68 660753 100468
ROW 3 3805077 1110 30 37 4 0 0 0 0 32 512 846 91 4 496 440 399 17745 248 247 12 12 1 1 2080 16 16 1 1 44674 421937 16501 12 12
TRIPLE 3805077 0 0 4 12 12 3 3 12 12 4960 4606 4325 71 4544 71 71 684256 105277
ROW 3 3805103 1081 23 47 4 0 0 0 0 24 484 844 61 3 276 249 203 13367 200 200 10 10 1 1 2049 16 15 1 1 71424 307514 15749 10 10
TRIPLE 3805103 0 0 4 10 10 3 3 10 10 2024 1921 1693 78 4992 78 78 240238 113482
ROW 3 3805104 1269 27 47 4 0 0 0 0 25 478 814 71 3 300 267 264 16645 248 248 12 12 1 1 2066 16 16 1 1 39083 386872 15839 12 12
TRIPLE 3805104 0 0 4 12 12 2 2 12 12 2300 2219 2216 70 4480 70 70 300972 102702
ROW 3 3805267 2021 43 47 6 0 0 0 0 28 496 848 65 3 378 303 228 7667 9 0 2 0 0 0 629 0 0 0 0 42148 186056 6021 2 0
TRIPLE 3805267 0 0 6 2 0 0 0 2 0 3276 3084 2486 128 4976 0 0 417719 110236
ROW 3 3805268 1118 43 26 4 0 0 0 0 32 490 822 71 3 496 443 380 11970 12 0 3 0 1 0 1009 0 0 1 0 42640 265326 8997 4 0
TRIPLE 3805268 0 0 4 4 0 1 0 3 0 4960 4734 4201 128 7106 4 0 652708 156172
ROW 3 3805269 1786 38 47 6 0 0 0 0 24 497 834 63 3 276 267 137 3926 0 0 0 0 0 0 374 0 0 0 0 45515 95278 3928 0 0
TRIPLE 3805269 0 0 6 0 0 0 0 0 0 2024 2010 1183 114 2474 0 0 224198 55794
ROW 3 3805274 1680 56 30 4 0 0 0 0 32 512 886 71 4 496 376 294 14467 193 0 8 0 1 0 1422 15 0 1 0 40485 356815 11672 12 0
TRIPLE 3805274 0 0 4 12 0 3 0 8 0 4960 3538 3504 65 4160 65 0 513057 94296
ROW 3 3805276 1032 43 24 4 0 0 0 0 31 512 896 65 4 465 404 197 10675 34 10 3 2 1 0 734 0 0 1 0 41568 252692 6803 3 2
TRIPLE 3805276 0 0 4 3 2 2 2 3 2 4495 3924 2521 65 4160 65 65 474235 94236
ROW 3 3805277 1290 43 30 6 0 0 0 0 32 512 886 70 4 496 384 242 11930 61 0 8 0 1 0 1016 0 0 0 0 40165 280864 8936 8 0
TRIPLE 3805277 0 0 6 8 0 3 3 8 3 4960 3818 3104 109 6709 64 64 519149 149890
ROW 3 3805280 1140 38 30 6 0 0 0 0 32 509 852 79 3 496 394 291 11492 81 0 8 0 1 0 665 0 0 0 0 38582 274792 6322 8 0
TRIPLE 3805280 0 0 6 8 0 3 3 8 3 4960 3991 3514 70 4480 70 70 545628 101059
ROW 3 3805315 1056 44 24 4 0 0 0 0 27 512 870 79 4 351 306 304 17865 178 144 13 9 1 1 1414 4 0 1 0 43311 415034 11371 13 9
TRIPLE 3805315 0 0 4 13 9 2 2 13 9 2925 2785 2771 73 4672 73 70 389457 107711
ROW 3 3805350 1075 43 25 6 0 0 0 0 32 512 862 79 4 496 456 211 7072 1 0 1 0 0 0 631 0 0 0 0 42640 166411 6142 1 0
TRIPLE 3805350 0 0 6 1 0 1 0 2 0 4960 4437 2723 114 4470 16 0 531742 100347
ROW 3 3805363 1792 56 32 4 0 0 0 0 29 512 860 84 4 406 368 339 16231 161 133 11 8 1 1 993 4 0 1 0 42038 384297 8496 11 8
TRIPLE 3805363 0 0 4 11 8 2 2 11 8 3654 3527 3285 85 5440 85 85 472611 123681
ROW 3 3805364 1118 43 26 6 0 0 0 0 26 512 864 79 4 325 295 171 7277 32 32 2 2 0 0 506 0 0 0 0 42239 166400 4880 2 2
TRIPLE 3805364 0 0 6 2 2 2 2 2 2 2600 2540 1856 88 5632 88 88 320348 125855
ROW 3 3805365 1032 43 24 6 0 0 0 0 31 512 880 74 4 465 360 240 16911 240 240 15 15 1 1 279 0 0 0 0 42529 387493 3155 15 15
TRIPLE 3805365 0 0 6 15 15 3 3 15 15 4495 4040 3480 76 4864 76 76 553453 111798
ROW 3 3805373 1376 43 32 6 0 0 0 0 31 512 862 83 4 465 416 204 15630 179 141 8 8 1 1 525 0 0 0 0 41778 374097 5300 8 8
TRIPLE 3805373 0 0 6 8 8 2 2 8 8 4495 4167 2629 74 4736 74 74 533946 108693
ROW 3 3805374 1216 38 32 6 0 0 0 0 30 512 878 72 4 435 315 176 12490 169 130 8 8 1 1 262 0 0 0 0 41848 292666 4849 8 8
TRIPLE 3805374 0 0 6 8 8 3 3 8 8 4060 3652 2319 73 4672 73 73 438959 134271
ROW 3 3805375 2912 56 52 4 0 0 0 0 29 512 872 78 4 406 322 289 15519 165 128 12 8 1 1 1108 6 0 1 0 56185 353689 9357 12 8
TRIPLE 3805375 0 0 4 12 8 3 3 12 8 3654 3087 2721 128 8184 124 64 439680 184214
ROW 3 3805377 2236 43 52 4 0 0 0 0 31 512 886 71 4 465 316 168 12218 128 128 8 8 1 1 547 0 0 1 0 41167 279792 5420 8 8
TRIPLE 3805377 0 0 4 8 8 3 3 8 8 4495 3849 2163 71 4544 71 71 457253 103523
ROW 3 3805378 1204 43 28 4 0 0 0 0 32 512 858 85 4 496 409 306 19307 193 162 10 8 1 1 1109 3 0 1 0 42309 445862 9558 10 8
TRIPLE 3805378 0 0 4 10 8 3 3 10 8 4960 4185 3662 71 4544 71 71 575955 104144
ROW 3 3805379 1976 38 52 6 0 0 0 0 30 512 864 76 4 435 353 211 11298 128 128 8 8 1 1 390 0 0 0 0 41096 261288 4308 8 8
TRIPLE 3805379 0 0 6 8 8 2 2 8 8 4060 3734 2619 73 4672 73 73 477812 106218
ROW 3 3805380 1064 38 28 4 0 0 0 0 30 512 874 72 4 435 369 337 15385 133 128 10 8 1 1 986 2 0 1 0 42129 343751 8637 10 8
TRIPLE 3805380 0 0 4 10 8 2 2 10 8 4060 3830 3771 70 4480 70 70 538184 101810
ROW 3 3805383 1419 43 33 4 0 0 0 0 32 512 880 74 4 496 433 331 19864 203 187 11 8 1 1 1059 4 0 1 0 41677 451101 9047 11 8
TRIPLE 3805383 0 0 4 11 8 3 3 11 8 4960 4666 4204 81 5184 81 81 649882 118461
ROW 3 3805385 1254 38 33 6 0 0 0 0 29 512 876 71 4 406 368 295 18090 217 162 13 9 1 1 1254 7 2 1 0 41738 419763 10219 14 9
TRIPLE 3805385 0 0 6 14 9 3 3 13 9 3654 3447 3230 73 4672 73 73 459568 107550
ROW 3 3805407 1806 43 42 4 0 0 0 0 32 512 872 71 4 496 437 346 12769 10 0 2 0 1 0 1090 1 0 1 0 43912 301353 9668 3 0
TRIPLE 3805407 0 0 4 3 0 1 0 2 0 4960 4413 4045 128 7527 5 0 648340 166060
ROW 3 3805408 1462 43 34 4 0 0 0 0 30 485 802 86 3 435 314 216 9542 61 0 7 0 1 0 1393 10 0 1 0 42319 243434 11381 7 0
TRIPLE 3805408 0 0 4 7 0 2 0 7 0 4060 3240 2821 64 4096 64 0 440592 91992
ROW 3 3805409 1596 38 42 4 0 0 0 0 32 512 862 73 4 496 312 257 7688 0 0 0 0 1 0 937 0 0 1 0 41177 173563 8325 0 0
TRIPLE 3805409 0 0 4 0 0 2 0 2 0 4960 4000 3492 128 6517 35 0 559083 144639
ROW 3 3805410 1292 38 34 4 0 0 0 0 32 512 834 92 4 496 399 302 13395 67 0 6 0 1 0 1501 7 0 1 0 40676 310799 12303 8 0
TRIPLE 3805410 0 0 4 8 0 3 1 6 1 4960 4001 3989 69 4416 69 3 569222 99296
ROW 3 3805413 1677 43 39 4 0 0 0 0 32 512 854 87 4 496 350 268 16624 124 20 8 5 1 1 1246 0 0 1 0 43661 382263 10219 8 5
TRIPLE 3805413 0 0 4 8 5 3 3 8 5 4960 3731 3129 113 7089 64 64 505363 158706
ROW 3 3805414 1677 43 39 4 0 0 0 0 32 512 850 89 4 496 411 293 18614 191 123 13 9 1 1 1416 5 2 1 0 42029 442656 11652 13 9
TRIPLE 3805414 0 0 4 13 9 1 2 13 9 4960 4305 3749 78 4992 78 64 571136 129702
ROW 3 3805415 1482 38 39 4 0 0 0 0 32 512 850 83 4 496 397 391 16362 128 60 8 7 1 1 951 0 0 1 0 39744 367095 8345 8 8
TRIPLE 3805415 0 0 4 8 8 3 3 8 7 4960 4385 3982 67 4288 67 67 612383 97432
ROW 3 3805416 1482 38 39 4 0 0 0 0 32 512 848 84 4 496 393 383 18866 173 128 11 8 1 1 1380 6 0 1 0 40666 425003 11622 12 8
TRIPLE 3805416 0 0 4 12 8 3 3 11 8 4960 4653 4584 65 4160 65 65 679889 95889
ROW 3 3805436 1763 43 41 4 0 0 0 0 32 512 860 84 4 496 429 343 20844 213 152 11 8 1 1 1308 5 0 1 0 41798 474295 10760 12 8
TRIPLE 3805436 0 0 4 12 8 3 3 11 8 4960 4404 4021 66 4224 66 66 603426 97281
ROW 3 3805437 2365 43 55 4 0 0 0 0 32 512 844 92 4 496 440 429 21966 316 212 16 12 1 1 1963 16 7 1 1 45124 525891 15378 16 12
TRIPLE 3805437 0 0 4 16 12 3 3 16 12 4960 4747 4264 69 4416 69 69 632149 102091
ROW 3 3805438 1558 38 41 4 0 0 0 0 29 512 856 81 4 406 377 338 17795 180 128 11 8 1 1 1406 7 0 1 0 54152 397602 11642 12 8
TRIPLE 3805438 0 0 4 12 8 3 3 11 8 3654 3511 3455 70 4480 70 70 479404 115105
ROW 3 3805439 2090 38 55 4 0 0 0 0 32 512 846 85 4 496 455 442 21088 259 128 9 8 1 1 1875 16 0 1 0 40956 482189 14988 12 8
TRIPLE 3805439 0 0 4 12 8 3 3 9 8 4960 4876 4637 65 4160 65 65 678075 95729
ROW 3 3806273 1066 41 26 6 14 3376 0 14 28 512 878 72 4 378 65 54 1023 0 0 0 0 0 0 366 0 0 0 0 42480 31178 3968 0 0
TRIPLE 3806273 14 3376 6 0 0 0 0 0 0 3276 1050 1040 72 1390 0 0 193762 31899
ROW 3 3806274 1025 41 25 6 0 0 0 0 31 512 884 70 4 465 122 97 1940 0 0 0 0 0 0 436 0 0 0 0 40336 52969 6282 0 0
TRIPLE 3806274 0 0 6 0 0 0 0 0 0 4495 1872 1355 82 1684 0 0 296764 50234
ROW 3 3806277 1050 42 25 6 0 0 0 0 32 512 894 59 4 496 100 82 1666 18 5 3 2 0 0 342 1 1 0 0 57758 63228 5270 4 2
TRIPLE 3806277 0 0 6 4 2 2 1 3 2 4960 784 412 80 4096 56 6 169586 127067
ROW 3 3806287 1175 47 25 6 0 0 0 0 32 512 916 54 4 496 239 221 4425 0 0 0 0 0 0 616 0 0 0 0 49963 106670 6201 0 0
TRIPLE 3806287 0 0 6 0 0 0 0 0 0 4960 2022 1858 74 1854 0 0 344704 41397
ROW 3 3806296 1394 41 34 4 0 0 0 0 26 512 898 63 4 325 181 54 2584 27 24 3 3 1 1 882 6 6 1 1 43210 69520 7253 4 4
TRIPLE 3806296 0 0 4 4 4 1 1 3 3 2600 817 804 87 3744 15 15 139981 83916
ROW 3 3806303 1598 47 34 4 0 0 0 0 28 512 902 62 4 378 157 134 7508 105 85 8 7 1 1 1437 11 8 1 1 40486 179325 16741 8 8
TRIPLE 3806303 0 0 4 8 8 3 3 8 7 3276 2277 1743 77 4928 77 76 384607 171160
ROW 3 3806306 1148 41 28 6 10 874 8 10 32 512 920 52 4 496 162 117 2352 0 0 0 0 0 0 540 0 0 0 0 61825 83686 7434 0 0
TRIPLE 3806306 10 874 6 0 0 0 0 0 0 4960 2580 1623 74 1826 0 0 471680 62076
ROW 3 3806318 1128 47 24 6 0 0 0 0 30 512 916 48 4 435 166 140 2702 0 0 0 0 0 0 552 0 0 0 0 81011 95689 5269 0 0
TRIPLE 3806318 0 0 6 0 0 0 0 0 0 4060 1336 1156 71 1809 0 0 225541 40696
ROW 3 3806448 1457 47 31 4 0 0 0 0 28 512 860 81 4 378 247 241 13454 193 150 9 9 1 1 1937 15 12 1 1 41617 316150 19597 11 11
TRIPLE 3806448 0 0 4 11 11 2 2 9 9 3276 2805 2082 74 4736 74 74 380079 121226
ROW 3 3806463 1333 43 31 4 0 0 0 0 18 461 784 65 2 153 152 152 7884 120 110 8 8 1 1 1987 16 13 1 1 49352 254164 18675 8 8
TRIPLE 3806463 0 0 4 8 8 2 2 8 8 816 816 816 69 4416 69 69 144961 147344
ROW 3 3806496 1120 32 35 4 0 0 0 0 32 512 864 82 4 496 473 456 25453 365 346 13 13 1 1 3203 26 23 1 1 86522 826312 24906 15 15
TRIPLE 3806496 0 0 4 15 15 3 3 13 13 4960 4873 4747 123 7872 123 123 974077 282547
ROW 3 3806697 1736 56 31 4 0 0 0 0 30 512 860 84 4 435 403 366 18890 172 141 8 8 1 1 960 1 0 1 0 45114 443938 8626 8 8
TRIPLE 3806697 0 0 4 8 8 2 2 8 8 4060 3983 3846 84 5376 84 84 569643 123230
ROW 3 3806970 1032 86 12 4 0 0 0 0 32 512 806 104 4 496 376 376 23088 268 109 11 8 1 1 1888 16 0 1 0 46787 523487 15098 14 8
TRIPLE 3806970 0 0 4 14 8 1 0 11 8 4960 4400 3957 67 4288 67 0 605008 115415
ROW 3 3807005 1292 34 38 4 0 0 0 0 19 494 800 76 3 171 171 171 10686 139 0 9 0 1 0 1750 16 0 1 0 59171 240478 13605 9 0
TRIPLE 3807005 0 0 4 9 0 2 0 9 0 969 969 969 67 4288 67 0 143558 96801
ROW 3 3807016 1836 102 18 4 0 0 0 0 32 512 808 105 4 496 376 376 23442 300 100 11 7 1 1 1784 16 0 1 0 43221 531522 14237 14 7
TRIPLE 3807016 0 0 4 14 7 2 0 11 7 4960 4400 4076 70 4480 70 0 612453 102661
ROW 3 3807019 1736 56 31 4 0 0 0 0 32 512 802 113 4 496 460 404 25752 372 152 15 10 1 1 2717 23 8 1 1 47098 599790 21119 16 10
TRIPLE 3807019 0 0 4 16 10 2 1 15 10 4960 4680 4617 67 4288 67 4 645624 99536
ROW 3 3807020 2883 93 31 4 0 0 0 0 24 504 796 88 3 276 248 248 12811 131 0 9 0 1 0 1648 16 0 1 0 41668 293588 12844 9 0
TRIPLE 3807020 0 0 4 9 0 2 0 9 0 2024 1968 1967 71 4544 71 0 256909 101980
ROW 3 3807021 2232 124 18 6 91 522488 0 91 32 512 818 95 4 496 436 399 16867 9 0 2 0 0 0 1056 0 0 0 0 44724 376432 8987 2 0
TRIPLE 3807021 91 522488 6 2 0 0 0 2 0 4960 4680 4547 70 3150 0 0 657988 69610
ROW 3 3807023 1674 93 18 6 135 747318 41 133 32 512 848 90 4 496 376 376 12089 97 26 6 4 1 1 352 0 0 0 0 42960 286755 3557 7 4
TRIPLE 3807023 135 747318 6 7 4 2 0 6 4 4960 4400 4232 109 4067 34 0 613835 92934
ROW 3 3807025 1044 87 12 6 65 346871 0 65 28 512 800 93 4 378 312 312 12698 0 0 0 0 0 0 1044 0 0 0 0 41868 312724 12543 0 0
TRIPLE 3807025 65 346871 6 0 0 0 0 0 0 3276 3056 2608 67 3975 0 0 532504 118031
ROW 3 3807027 1224 102 12 6 349 1819146 62 347 29 493 830 74 3 406 328 303 5112 0 0 0 0 0 0 332 0 0 0 0 56355 191858 3537 0 0
TRIPLE 3807027 349 1819146 6 0 0 0 0 0 0 3654 3301 2916 77 2503 0 0 559504 55914
ROW 3 3807032 1488 124 12 6 360 1819834 223 356 32 512 840 80 4 496 404 274 5388 0 0 0 0 0 0 268 0 0 0 0 43371 127879 3056 0 0
TRIPLE 3807032 360 1819834 6 0 0 0 0 0 0 4960 4680 3575 65 2193 0 0 629294 48510
ROW 3 3807034 1116 93 12 6 268 1221389 232 264 32 512 866 67 4 496 256 196 2388 0 0 0 0 0 0 72 0 0 0 0 42379 63669 1563 0 0
TRIPLE 3807034 268 1221389 6 0 0 0 0 0 0 4960 3825 2196 128 2574 0 0 469716 57758
ROW 3 3807035 1240 124 10 6 317 1259284 264 310 31 512 846 76 4 465 276 219 2966 0 0 0 0 0 0 174 0 0 0 0 42680 75611 2184 0 0
TRIPLE 3807035 317 1259284 6 0 0 0 0 0 0 4495 3727 2098 98 2246 0 0 424822 49974
ROW 1 3808458 80 40 2 4 0 0 0 0 32 512 856 86 4 496 404 334 20127 269 167 12 11 1 1 1744 16 4 1 1 48270 482290 13976 14 11
TRIPLE 3808458 0 0 4 14 11 3 2 12 11 4960 4434 3778 69 4416 69 67 594349 114644
ROW 3 3808533 2925 39 75 4 0 0 0 0 32 512 812 108 4 496 404 404 21717 251 128 9 8 1 1 2150 18 0 1 0 47669 492809 17393 12 8
TRIPLE 3808533 0 0 4 12 8 3 0 9 8 4960 4680 4073 70 4480 70 0 648400 102571
ROW 4 3808534 6450 86 75 6 4 23274 0 4 32 512 816 98 4 496 376 376 18627 247 32 8 5 1 1 1710 16 0 1 0 42619 423420 13716 12 5
TRIPLE 3808534 4 23274 6 12 5 1 0 8 5 4960 4400 3962 74 4736 74 0 608816 107340
ROW 3 3808535 2691 39 69 4 0 0 0 0 32 512 786 121 4 496 404 404 19656 248 248 8 8 1 1 2256 16 16 1 1 44854 465939 17854 12 12
TRIPLE 3808535 0 0 4 12 12 2 2 8 8 4960 4680 4008 71 4544 71 71 610279 103854
ROW 4 3808536 5934 86 69 4 0 0 0 0 32 512 814 99 4 496 376 376 18164 248 55 8 7 1 1 1776 16 0 1 0 42399 427197 14256 12 7
TRIPLE 3808536 0 0 4 12 7 2 0 8 7 4960 4176 3952 70 4480 70 0 582536 116968
ROW 3 3808537 2700 30 90 4 0 0 0 0 32 512 810 109 4 496 399 385 22343 248 128 8 8 1 1 1934 16 0 1 0 42188 496456 21931 12 8
TRIPLE 3808537 0 0 4 12 8 3 1 8 9 4960 4675 3978 68 4352 68 2 635917 136374
ROW 4 3808538 4860 54 90 6 0 0 0 0 32 512 826 101 4 496 376 376 18708 248 113 8 8 1 1 1646 16 0 1 0 62316 632100 18886 12 8
TRIPLE 3808538 0 0 6 12 8 1 0 8 8 4960 4400 3969 67 4288 67 0 817855 170798
ROW 3 3808539 2520 30 84 4 0 0 0 0 32 512 796 116 4 496 396 380 19224 248 164 8 11 1 1 1990 16 7 1 1 61305 626659 15989 12 12
TRIPLE 3808539 0 0 4 12 12 3 3 8 11 4960 4348 3968 68 4352 68 68 808168 100998
ROW 4 3808540 4536 54 84 6 0 0 0 0 32 512 812 108 4 496 376 374 18088 248 113 8 8 1 1 1616 16 0 1 0 56906 460730 16371 12 8
TRIPLE 3808540 0 0 6 12 8 3 0 8 8 4960 4260 3952 70 4480 70 0 631238 169105
ROW 3 3808541 3510 39 90 6 0 0 0 0 32 512 818 105 4 496 405 404 16343 128 81 8 6 1 1 1196 2 2 0 0 59892 426686 10649 8 6
TRIPLE 3808541 0 0 6 8 6 2 0 8 6 4960 4680 4179 128 6976 64 0 672835 181389
ROW 4 3808542 7740 86 90 6 1499 8666698 197 1474 32 512 842 89 4 496 376 376 13708 0 0 0 0 0 0 676 0 0 0 0 43842 295362 6121 0 0
TRIPLE 3808542 1499 8666698 6 0 0 0 0 0 0 4960 4398 3952 101 3469 0 0 623464 76583
ROW 3 3808543 3276 39 84 6 0 0 0 0 32 512 806 111 4 496 404 400 15084 123 80 8 5 1 1 1142 2 0 0 0 42179 342620 9778 8 5
TRIPLE 3808543 0 0 6 8 5 2 0 8 5 4960 4232 4008 128 6976 64 0 603055 157113
ROW 4 3808544 7224 86 84 6 1195 7714068 42 1195 32 512 858 81 4 496 376 334 13419 1 0 1 0 0 0 692 0 0 0 0 42238 293217 6251 1 0
TRIPLE 3808544 1195 7714068 6 1 0 0 0 1 0 4960 3952 3952 128 3854 0 0 577608 85239
ROW 3 3808548 2418 39 62 4 0 0 0 0 32 512 802 113 4 496 404 384 18248 248 225 8 8 1 1 2225 16 11 1 1 43891 440011 17462 12 12
TRIPLE 3808548 0 0 4 12 12 2 2 8 8 4960 4008 4008 67 4288 67 67 561287 98323
ROW 4 3808549 5332 86 62 4 0 0 0 0 32 512 820 97 4 496 376 374 17944 248 99 8 8 1 1 1776 16 0 1 0 42891 425083 14176 12 8
TRIPLE 3808549 0 0 4 12 8 2 0 8 8 4960 3952 3952 66 4224 66 0 553583 96350
ROW 3 3808550 2370 30 79 4 0 0 0 0 32 512 814 107 4 496 390 334 18174 248 213 8 10 1 1 2007 16 7 1 1 55704 418521 15900 12 12
TRIPLE 3808550 0 0 4 12 12 1 1 8 10 4960 3985 3954 65 4160 65 65 549275 108131
ROW 4 3808551 4266 54 79 4 0 0 0 0 32 512 818 105 4 496 376 368 17908 248 127 8 8 1 1 1752 16 0 1 0 42530 408141 13946 12 8
TRIPLE 3808551 0 0 4 12 8 2 0 8 8 4960 3952 3952 69 4416 69 0 573770 100247
ROW 3 3808554 3081 39 79 6 0 0 0 0 32 512 810 109 4 496 404 335 14859 128 80 8 5 1 1 1144 2 0 0 0 42720 339854 9558 8 5
TRIPLE 3808554 0 0 6 8 5 1 1 8 5 4960 4032 4006 128 6976 64 56 579491 156983
ROW 4 3808555 6794 86 79 6 918 6305576 55 918 32 512 862 80 4 496 376 255 13142 14 0 3 0 0 0 744 0 0 0 0 41778 286114 6622 3 0
TRIPLE 3808555 918 6305576 6 3 0 0 0 3 0 4960 3952 3952 123 5967 0 0 614767 132017
ROW 3 3808557 1290 86 15 6 208 1467739 0 208 32 512 860 84 4 496 366 256 14052 92 0 8 0 1 0 952 0 0 0 0 42850 310128 8196 8 0
TRIPLE 3808557 208 1467739 6 8 0 2 0 8 0 4960 3952 3921 121 6330 19 0 570424 141173
ROW 3 3808568 1360 34 40 4 0 0 0 0 24 479 766 79 3 276 276 276 14501 125 0 8 0 1 0 1746 16 0 1 0 45515 317212 13815 8 0
TRIPLE 3808568 0 0 4 8 0 2 0 8 0 2024 2024 2024 64 4096 64 0 270084 91692
ROW 4 3808581 5208 93 56 4 0 0 0 0 29 512 834 84 4 406 328 328 16174 200 80 8 5 1 1 1806 16 0 1 0 42529 360442 14397 10 5
TRIPLE 3808581 0 0 4 10 5 2 0 8 5 3654 3368 3141 67 4288 67 0 459007 97212
ROW 3 3808585 1116 124 9 6 49 285554 0 49 32 512 814 97 4 496 404 401 15868 0 0 0 0 0 0 1042 0 0 0 0 43110 341457 8866 0 0
TRIPLE 3808585 49 285554 6 0 0 2 0 2 0 4960 4680 4135 128 6976 64 0 648009 154659
ROW 3 3808596 3000 40 75 6 0 0 0 0 32 512 802 113 4 496 404 404 15696 86 0 5 0 1 0 1402 2 0 0 0 41788 345355 11601 5 0
TRIPLE 3808596 0 0 6 5 0 0 0 5 0 4960 4680 4188 73 3285 0 0 640855 73648
ROW 4 3808597 6525 87 75 6 806 4525994 38 806 28 512 810 91 4 378 312 312 9640 0 0 0 0 0 0 742 0 0 0 0 40996 209731 6642 0 0
TRIPLE 3808597 806 4525994 6 0 0 0 0 0 0 3276 3056 2608 69 3017 0 0 430353 74118
ROW 3 3808598 2760 40 69 6 0 0 0 0 32 512 782 123 4 496 404 404 16443 111 16 8 1 1 0 1652 4 0 1 0 43271 368267 13715 9 1
TRIPLE 3808598 0 0 6 9 1 1 0 8 1 4960 4225 4008 66 4182 24 0 620658 94115
ROW 4 3808599 6003 87 69 6 676 4244023 1 676 28 512 816 89 4 378 312 261 9830 0 0 0 0 0 0 960 0 0 0 0 42590 214250 7905 0 0
TRIPLE 3808599 676 4244023 6 0 0 0 0 0 0 3276 2756 2608 69 3105 0 0 389867 68628
ROW 3 3808600 3300 44 75 6 0 0 0 0 32 512 808 110 4 496 404 397 9608 14 0 3 0 0 0 743 1 0 0 0 42549 215832 6742 4 0
TRIPLE 3808600 0 0 6 4 0 0 0 3 0 4960 4666 4211 107 2623 0 0 655433 58660
ROW 4 3808601 7650 102 75 6 1735 9117582 964 1706 25 498 832 69 3 300 264 216 1584 0 0 0 0 0 0 180 0 0 0 0 39203 43280 2104 0 0
TRIPLE 3808601 1735 9117582 6 0 0 0 0 0 0 2300 1984 1768 79 1055 0 0 254646 24126
ROW 3 3808602 3036 44 69 6 0 0 0 0 32 512 798 115 4 496 404 315 11722 16 16 1 1 0 0 884 0 0 0 0 42359 260085 7695 1 1
TRIPLE 3808602 0 0 6 1 1 1 0 1 1 4960 4209 4008 128 6464 64 0 613925 143839
ROW 4 3808603 7038 102 69 6 1790 10944073 750 1763 25 499 832 75 3 300 264 135 2536 0 0 0 0 0 0 306 0 0 0 0 40585 62687 3006 0 0
TRIPLE 3808603 1790 10944073 6 0 0 0 0 0 0 2300 1768 1643 128 1664 0 0 246930 38161
ROW 3 3808604 3600 40 90 6 0 0 0 0 32 512 820 104 4 496 404 267 8392 14 6 2 1 0 0 750 4 2 1 0 42158 191737 6762 3 2
TRIPLE 3808604 0 0 6 3 2 0 0 2 1 4960 4530 3655 64 2324 0 0 590291 51786
ROW 4 3808605 7830 87 90 6 2383 12509513 1345 2310 31 512 868 68 4 465 360 182 4742 0 0 0 0 0 0 176 0 0 0 0 42189 125033 2274 0 0
TRIPLE 3808605 2383 12509513 6 0 0 0 0 0 0 4495 3853 3029 70 1050 0 0 490365 23975
ROW 3 3808606 3360 40 84 6 0 0 0 0 32 512 830 99 4 496 404 252 7599 7 0 2 0 0 0 622 3 1 0 0 41468 175869 5861 2 0
TRIPLE 3808606 0 0 6 2 0 1 0 3 0 4960 4202 3884 128 4978 6 0 600190 110717
ROW 4 3808607 7308 87 84 6 2113 12736393 967 2099 32 512 852 76 4 496 376 128 5198 0 0 0 0 0 0 192 0 0 0 0 42379 124072 2745 0 0
TRIPLE 3808607 2113 12736393 6 0 0 0 0 0 0 4960 3952 3070 128 2316 0 0 573860 52498
ROW 3 3808608 3960 44 90 4 0 0 0 0 32 512 852 88 4 496 397 231 5306 15 3 3 1 1 0 708 5 1 1 0 42820 130543 6502 3 1
TRIPLE 3808608 0 0 4 3 1 1 1 4 2 4960 4565 3224 128 4496 16 14 600470 101359
ROW 4 3808609 9180 102 90 6 3080 14025286 2716 2944 24 475 816 62 3 276 103 21 717 0 0 0 0 0 0 50 0 0 0 0 39053 23554 1092 0 0
TRIPLE 3808609 3080 14025286 6 0 0 0 0 0 0 2024 983 223 66 462 0 0 107841 11141
ROW 3 3808610 3696 44 84 6 0 0 0 0 32 512 848 90 4 496 398 151 5309 1 0 1 0 0 0 334 2 0 0 0 39844 126065 3656 1 0
TRIPLE 3808610 0 0 6 1 0 1 1 2 1 4960 4085 3194 128 5792 64 64 547993 129211
ROW 4 3808611 8568 102 84 6 2639 14117761 2053 2557 24 483 808 71 3 276 55 0 357 0 0 0 0 0 0 48 0 0 0 0 38482 15438 1111 0 0
TRIPLE 3808611 2639 14117761 6 0 0 0 0 0 0 2024 880 0 64 410 0 0 86812 10219
ROW 4 3808612 9300 124 75 6 1511 7490722 1134 1460 32 512 838 81 4 496 404 270 3648 0 0 0 0 0 0 234 0 0 0 0 40244 91801 3015 0 0
TRIPLE 3808612 1511 7490722 6 0 0 0 0 0 0 4960 4658 3497 66 1074 0 0 645495 25107
ROW 4 3808613 8556 124 69 6 1612 9475323 1068 1611 32 512 832 85 4 496 404 198 3756 0 0 0 0 0 0 224 0 0 0 0 44413 94166 2845 0 0
TRIPLE 3808613 1612 9475323 6 0 0 0 0 0 0 4960 4156 3446 128 2420 0 0 555747 82845
ROW 4 3808614 4200 56 75 6 0 0 0 0 32 512 840 83 4 496 382 242 4525 21 3 2 1 0 0 820 5 1 1 0 41608 114003 7544 4 1
TRIPLE 3808614 0 0 6 4 1 0 0 2 1 4960 4565 2904 128 2350 0 0 573911 53850
ROW 4 3808615 6975 93 75 6 1106 4774676 990 1054 28 512 872 60 4 378 192 124 1042 0 0 0 0 0 0 56 0 0 0 0 42129 33633 1362 0 0
TRIPLE 3808615 1106 4774676 6 0 0 0 0 0 0 3276 2429 1184 117 691 0 0 304798 17393
ROW 3 3808616 3864 56 69 6 0 0 0 0 32 512 848 81 4 496 284 164 4023 15 0 2 0 0 0 860 4 0 1 0 41377 102170 7444 3 0
TRIPLE 3808616 0 0 6 3 0 0 0 2 0 4960 3672 2368 128 2304 0 0 456412 52247
ROW 4 3808617 6417 93 69 6 1130 5842452 952 1129 29 512 864 65 4 406 200 80 1100 0 0 0 0 0 0 58 0 0 0 0 41507 48069 1313 0 0
TRIPLE 3808617 1130 5842452 6 0 0 1 0 1 0 3654 2392 1113 128 1946 2 0 277108 44974
ROW 4 3808618 11160 124 90 6 2589 10684029 1940 2502 30 512 866 68 4 435 253 169 2013 0 0 0 0 0 0 164 0 0 0 0 42799 54962 2154 0 0
TRIPLE 3808618 2589 10684029 6 0 0 0 0 0 0 4060 3336 1456 119 1587 0 0 353790 36538
ROW 4 3808619 10416 124 84 6 2178 10622206 1251 2141 32 512 848 76 4 496 284 156 2040 0 0 0 0 0 0 184 0 0 0 0 41046 56506 2314 0 0
TRIPLE 3808619 2178 10622206 6 0 0 0 0 0 0 4960 3644 1528 66 622 0 0 414484 14908
ROW 4 3808620 5040 56 90 6 0 0 0 0 29 512 838 82 4 406 202 28 2154 3 0 1 0 0 0 757 1 0 0 0 41458 58379 6582 1 0
TRIPLE 3808620 0 0 6 1 0 1 0 1 0 3654 1483 1260 117 3369 2 0 226283 75181
ROW 4 3808621 8370 93 90 6 2096 6806317 1816 1997 21 512 870 52 4 210 24 0 72 0 0 0 0 0 0 42 0 0 0 0 39423 7404 941 0 0
TRIPLE 3808621 2096 6806317 6 0 0 0 0 0 0 1330 23 0 23 69 0 0 29444 2013
ROW 4 3808622 4704 56 84 6 0 0 0 0 32 512 826 82 4 496 129 28 2040 0 0 0 0 0 0 754 1 0 0 0 37470 55203 6632 0 0
TRIPLE 3808622 0 0 6 0 0 0 0 0 0 4960 1752 527 117 3915 0 0 241771 86732
ROW 4 3808623 7812 93 84 6 1583 6155296 1097 1579 22 512 858 54 4 231 0 0 0 0 0 0 0 0 0 44 0 0 0 0 39644 5751 1532 0 0
TRIPLE 3808623 1583 6155296 6 0 0 0 0 0 0 1540 0 0 0 0 0 0 41647 510
ROW 3 3808624 2480 40 62 6 0 0 0 0 32 512 792 118 4 496 404 340 15832 112 10 9 1 1 0 1341 3 0 0 0 57908 472282 11401 11 1
TRIPLE 3808624 0 0 6 11 1 1 0 9 1 4960 4008 4008 66 4176 50 0 732025 95028
ROW 4 3808625 5394 87 62 6 594 3972078 0 594 27 512 850 76 4 351 296 180 8662 0 0 0 0 0 0 974 0 0 0 0 43541 225591 8156 0 0
TRIPLE 3808625 594 3972078 6 0 0 0 0 0 0 2925 2312 2312 66 2970 0 0 325617 65762
ROW 3 3808626 2728 44 62 6 0 0 0 0 32 512 804 112 4 496 404 314 11050 16 8 1 1 0 0 736 0 0 0 0 42970 264353 6932 1 1
TRIPLE 3808626 0 0 6 1 1 1 0 1 1 4960 4008 4004 128 6460 60 0 615869 144540
ROW 4 3808627 6324 102 62 6 1759 11548322 583 1739 25 512 846 77 4 300 208 136 2082 0 0 0 0 0 0 306 0 0 0 0 42850 53149 4368 0 0
TRIPLE 3808627 1759 11548322 6 0 0 0 0 0 0 2300 1768 1279 128 1664 0 0 218698 44483
ROW 3 3808628 3160 40 79 6 0 0 0 0 32 512 840 94 4 496 368 292 7612 0 0 0 0 0 0 534 1 0 0 0 58339 202037 5421 0 0
TRIPLE 3808628 0 0 6 0 0 0 0 0 0 4960 4008 3670 89 3667 0 0 595090 80651
ROW 4 3808629 6873 87 79 6 1993 13058020 668 1952 32 512 856 74 4 496 376 128 5108 0 0 0 0 0 0 208 0 0 0 0 51175 175007 4148 0 0
TRIPLE 3808629 1993 13058020 6 0 0 0 0 0 0 4960 3952 2990 128 2176 0 0 544085 67907
ROW 3 3808631 1305 87 15 6 309 2030173 142 302 31 512 856 78 4 465 320 112 6076 0 0 0 0 0 0 254 0 0 0 0 61664 196847 3977 0 0
TRIPLE 3808631 309 2030173 6 0 0 0 0 0 0 4495 3592 2329 128 4868 0 0 628953 159498
ROW 3 3808632 3476 44 79 6 0 0 0 0 32 512 842 93 4 496 390 156 5985 1 0 1 0 0 0 350 2 0 0 0 59481 163725 3838 1 0
TRIPLE 3808632 0 0 6 1 0 2 2 3 2 4960 4004 3213 128 6266 64 64 566307 140051
ROW 4 3808633 8058 102 79 6 2400 14315169 1890 2342 24 491 806 78 3 276 53 0 327 0 0 0 0 0 0 68 0 0 0 0 39564 14727 1162 0 0
TRIPLE 3808633 2400 14315169 6 0 0 0 0 0 0 2024 890 126 66 462 0 0 96049 11251
ROW 3 3808635 1530 102 15 6 405 2419961 303 400 30 512 850 74 4 435 96 96 3716 0 0 0 0 0 0 60 0 0 0 0 42409 105606 1333 0 0
TRIPLE 3808635 405 2419961 6 0 0 0 0 0 0 4060 1952 240 68 3894 0 0 207847 85169
ROW 4 3808636 7688 124 62 6 1555 9946925 902 1502 32 512 842 84 4 496 402 195 3542 0 0 0 0 0 0 232 0 0 0 0 42409 89377 3136 0 0
TRIPLE 3808636 1555 9946925 6 0 0 0 0 0 0 4960 4008 3364 68 1972 0 0 521803 58910
ROW 3 3808637 3472 56 62 6 0 0 0 0 32 512 838 84 4 496 353 161 3911 3 0 1 0 0 0 792 2 0 0 0 42088 98955 7044 1 0
TRIPLE 3808637 0 0 6 1 0 0 0 1 0 4960 3900 2199 128 2290 0 0 458515 51526
ROW 4 3808638 5766 93 62 6 1138 6471840 858 1093 25 512 844 72 4 300 144 16 464 0 0 0 0 0 0 50 0 0 0 0 41267 18946 1073 0 0
TRIPLE 3808638 1138 6471840 6 0 0 0 0 0 0 2300 1208 248 128 760 0 0 127507 18684
ROW 4 3808639 9796 124 79 6 1826 10175766 1181 1808 32 512 840 83 4 496 220 156 1724 0 0 0 0 0 0 184 0 0 0 0 39624 63358 2445 0 0
TRIPLE 3808639 1826 10175766 6 0 0 0 0 0 0 4960 3448 1477 65 705 0 0 385659 16591
ROW 3 3808640 1860 124 15 6 276 1539453 184 275 32 512 826 91 4 496 156 156 1404 0 0 0 0 0 0 184 0 0 0 0 42159 42059 2324 0 0
TRIPLE 3808640 276 1539453 6 0 0 0 0 0 0 4960 2488 504 65 593 0 0 267740 14157
ROW 4 3808641 4424 56 79 6 0 0 0 0 32 512 814 88 4 496 137 28 1804 0 0 0 0 0 0 704 0 0 0 0 38683 49783 6342 0 0
TRIPLE 3808641 0 0 6 0 0 0 0 0 0 4960 1657 504 119 3601 0 0 236481 80090
ROW 4 3808642 7347 93 79 6 1390 6279027 1039 1363 24 512 846 64 4 276 0 0 0 0 0 0 0 0 0 48 0 0 0 0 40616 6842 1102 0 0
TRIPLE 3808642 1390 6279027 6 0 0 0 0 0 0 2024 0 0 0 0 0 0 39503 210
ROW 3 3808644 1395 93 15 6 236 1041914 183 234 24 512 836 68 4 276 0 0 0 0 0 0 0 0 0 48 0 0 0 0 36968 6512 1002 0 0
TRIPLE 3808644 236 1041914 6 0 0 0 0 0 0 2024 0 0 0 0 0 0 39574 170
ROW 4 3808646 6192 86 72 4 0 0 0 0 32 512 810 103 4 496 376 342 18144 248 236 8 8 1 1 2078 16 14 1 1 41718 426545 23614 12 12
TRIPLE 3808646 0 0 4 12 12 1 2 8 8 4960 3952 3952 72 4608 72 71 736875 160148
ROW 3 3808647 2550 30 85 4 0 0 0 0 32 512 802 113 4 496 386 325 18474 248 248 8 8 1 1 2112 16 16 1 1 62657 578980 16822 12 12
TRIPLE 3808647 0 0 4 12 12 3 3 8 8 4960 3968 3952 72 4608 72 72 559343 139861
ROW 4 3808648 4590 54 85 4 0 0 0 0 32 512 808 110 4 496 376 371 18160 248 227 8 9 1 1 2054 16 10 1 1 44533 501115 22412 12 12
TRIPLE 3808648 0 0 4 12 12 2 2 8 9 4960 3952 3952 68 4352 68 32 800683 153066
ROW 3 3808649 3315 39 85 6 0 0 0 0 32 512 818 105 4 496 403 334 16795 248 108 8 7 1 1 1774 16 0 1 0 59531 446713 14257 12 7
TRIPLE 3808649 0 0 6 12 7 2 1 8 7 4960 4012 3999 71 4544 71 1 559674 104325
ROW 4 3808650 7310 86 85 6 186 1341902 0 186 32 512 842 90 4 496 376 312 15080 120 0 8 0 1 0 1048 0 0 0 0 43441 449489 12713 8 0
TRIPLE 3808650 186 1341902 6 8 0 0 0 8 0 4960 3952 3952 65 3905 0 0 777831 132147
ROW 3 3808652 1134 54 21 4 0 0 0 0 32 512 810 109 4 496 376 260 18060 248 248 8 8 1 1 2080 16 16 1 1 61325 457343 16661 12 12
TRIPLE 3808652 0 0 4 12 12 2 2 8 8 4960 3952 3952 72 4608 72 72 585011 106318
ROW 3 3808653 2625 125 21 6 40 292421 0 40 32 512 832 94 4 496 404 275 18087 217 0 8 0 1 0 1776 16 0 1 0 44173 468634 14107 11 0
TRIPLE 3808653 40 292421 6 11 0 3 0 8 0 4960 4008 4008 68 4352 68 0 568831 98574
ROW 3 3808654 3066 146 21 4 0 0 0 0 24 512 814 87 4 276 248 200 10708 120 120 8 8 1 1 2064 16 16 1 1 42921 269834 15920 8 8
TRIPLE 3808654 0 0 4 8 8 2 2 8 8 2024 1520 1520 73 4672 73 73 210933 105487
ROW 3 3808656 2604 124 21 4 0 0 0 0 32 512 824 97 4 496 403 283 17356 189 0 8 0 1 0 1848 16 0 1 0 42700 390599 15178 11 0
TRIPLE 3808656 0 0 4 11 0 2 0 8 0 4960 4008 3988 72 4608 72 0 605810 148116
ROW 3 3808657 1176 56 21 6 0 0 0 0 32 512 854 85 4 496 404 279 17034 97 0 8 0 1 0 1724 10 0 1 0 44573 400948 13956 8 0
TRIPLE 3808657 0 0 6 8 0 2 0 8 0 4960 4008 4008 67 4288 67 0 560556 96480
ROW 3 3808658 1953 93 21 6 80 617721 0 80 30 512 862 79 4 435 344 216 12431 77 48 5 3 1 1 996 0 0 0 0 44534 292736 8426 5 3
TRIPLE 3808658 80 617721 6 5 3 0 0 5 3 4060 3248 3236 73 4373 0 0 453606 97191
ROW 3 3808659 2880 40 72 4 0 0 0 0 32 512 802 113 4 496 404 276 16779 239 1 8 1 1 0 1793 16 0 1 0 42409 393714 17253 12 1
TRIPLE 3808659 0 0 4 12 1 2 0 8 1 4960 4008 3984 72 4608 72 0 559334 129411
ROW 4 3808660 6264 87 72 6 82 567135 0 82 28 512 834 83 4 378 312 230 12970 98 0 8 0 1 0 1596 12 0 1 0 57778 325999 13034 8 0
TRIPLE 3808660 82 567135 6 8 0 3 0 8 0 3276 2608 2570 68 4352 68 0 364359 97822
ROW 3 3808661 3168 44 72 6 0 0 0 0 32 512 836 96 4 496 383 281 13608 49 32 4 2 1 0 964 0 0 0 0 43271 301873 8295 5 2
TRIPLE 3808661 0 0 6 5 2 2 0 4 2 4960 4008 3882 128 6976 64 0 571647 155480
ROW 4 3808662 7344 102 72 6 812 5679817 68 810 32 512 854 82 4 496 312 248 7026 16 15 1 1 0 0 680 0 0 0 0 44343 163084 6071 1 1
TRIPLE 3808662 812 5679817 6 1 1 1 0 1 1 4960 3854 2803 128 6464 64 0 504131 143958
ROW 3 3808663 3400 40 85 6 0 0 0 0 32 512 838 95 4 496 390 284 11182 8 0 1 0 0 0 838 0 0 0 0 41918 243895 7444 1 0
TRIPLE 3808663 0 0 6 1 0 0 0 1 0 4960 4008 3905 128 5294 0 0 575815 116427
ROW 4 3808664 7395 87 85 6 921 6423963 83 920 27 512 848 78 4 351 292 168 4118 0 0 0 0 0 0 342 0 0 0 0 41768 96931 3316 0 0
TRIPLE 3808664 921 6423963 6 0 0 0 0 0 0 2925 2312 2240 128 2468 0 0 331248 55453
ROW 3 3808665 3740 44 85 6 0 0 0 0 32 512 838 95 4 496 374 163 7831 19 0 3 0 0 0 335 2 0 0 0 42068 179204 3506 4 0
TRIPLE 3808665 0 0 6 4 0 1 1 3 1 4960 4004 2902 128 6638 64 64 503169 147786
ROW 4 3808666 8670 102 85 6 1296 8565665 590 1281 32 512 852 84 4 496 298 51 1522 0 0 0 0 0 0 128 0 0 0 0 58600 47389 1943 0 0
TRIPLE 3808666 1296 8565665 6 0 0 0 0 0 0 4960 3735 1080 80 1232 0 0 382944 27992
ROW 4 3808667 8928 124 72 6 885 6193200 278 885 32 512 844 79 4 496 380 173 4324 0 0 0 0 0 0 328 0 0 0 0 42489 105958 5170 0 0
TRIPLE 3808667 885 6193200 6 0 0 0 0 0 0 4960 4008 3093 128 3660 0 0 617532 122900
ROW 3 3808668 4032 56 72 6 0 0 0 0 32 512 832 83 4 496 244 156 3527 1 0 1 0 0 0 722 2 0 0 0 58539 121096 6683 1 0
TRIPLE 3808668 0 0 6 1 0 0 0 1 0 4960 3533 1222 128 3522 0 0 552942 113652
ROW 4 3808669 6696 93 72 6 650 4168938 296 639 27 512 846 74 4 351 113 48 1337 0 0 0 0 0 0 118 0 0 0 0 43051 37690 1673 0 0
TRIPLE 3808669 650 4168938 6 0 0 1 1 1 1 2925 1752 478 128 3603 35 7 185225 81853
ROW 4 3808670 10540 124 85 6 1048 6673012 404 1045 32 512 848 77 4 496 220 156 1936 0 0 0 0 0 0 184 0 0 0 0 40264 54522 2545 0 0
TRIPLE 3808670 1048 6673012 6 0 0 0 0 0 0 4960 3448 2572 66 718 0 0 482159 17162
ROW 4 3808671 4760 56 85 6 0 0 0 0 32 512 828 84 4 496 156 28 1789 0 0 0 0 0 0 610 0 0 0 0 41578 50484 8565 0 0
TRIPLE 3808671 0 0 6 0 0 0 0 0 0 4960 1757 620 93 2089 0 0 289881 70712
ROW 4 3808672 7905 93 85 6 770 4296024 345 757 27 512 848 72 4 351 32 0 160 0 0 0 0 0 0 54 0 0 0 0 59531 18465 1994 0 0
TRIPLE 3808672 770 4296024 6 0 0 0 0 0 0 2925 350 48 96 456 0 0 119653 16541
ROW 3 3808674 1736 124 14 4 0 0 0 0 32 512 830 95 4 496 403 285 17697 216 0 8 0 1 0 1848 16 0 1 0 59952 579882 15048 11 0
TRIPLE 3808674 0 0 4 11 0 2 0 8 0 4960 4008 3988 73 4672 73 0 677314 106158
ROW 3 3808676 1302 93 14 6 0 0 0 0 32 512 862 82 4 496 376 248 16160 128 65 8 4 1 1 1219 1 0 0 0 45244 368066 14106 8 5
TRIPLE 3808676 0 0 6 8 5 0 0 8 4 4960 3952 3952 75 4575 0 0 687462 146684
ROW 3 3808678 1914 87 22 4 0 0 0 0 27 512 804 93 4 351 296 170 12228 162 0 8 0 1 0 1782 16 0 1 0 60182 418210 14226 9 0
TRIPLE 3808678 0 0 4 9 0 2 0 8 0 2925 2312 2288 73 4672 73 0 386682 105526
ROW 3 3808679 3212 146 22 6 133 949273 0 133 28 512 828 84 4 378 312 184 11032 36 0 3 0 0 0 952 0 0 0 0 44323 242032 7915 4 0
TRIPLE 3808679 133 949273 6 4 0 0 0 3 0 3276 2608 2608 69 3105 0 0 394836 68949
ROW 3 3808681 1827 87 21 6 358 2538592 31 357 29 512 848 77 4 406 279 200 8029 0 0 0 0 0 0 682 0 0 0 0 42629 234598 9177 0 0
TRIPLE 3808681 358 2538592 6 0 0 0 0 0 0 3654 2920 2461 128 5240 0 0 549525 168334
ROW 3 3808682 3066 146 21 6 570 3855450 308 563 31 512 844 78 4 465 311 230 6361 0 0 0 0 0 0 198 0 0 0 0 60122 205573 3757 0 0
TRIPLE 3808682 570 3855450 6 0 0 0 0 0 0 4495 3592 3146 68 1780 0 0 679378 56095
ROW 3 3808683 2728 124 22 6 276 2021578 50 275 32 512 836 87 4 496 364 269 6142 0 0 0 0 0 0 424 0 0 0 0 59551 200874 4368 0 0
TRIPLE 3808683 276 2021578 6 0 0 0 0 0 0 4960 4008 3911 116 2404 0 0 669599 54452
ROW 3 3808684 1232 56 22 6 0 0 0 0 32 512 850 75 4 496 380 276 5006 0 0 0 0 0 0 749 1 0 0 0 42479 119493 6933 0 0
TRIPLE 3808684 0 0 6 0 0 0 0 0 0 4960 4008 3705 128 1350 0 0 561628 31859
ROW 3 3808685 2046 93 22 6 423 2979557 93 422 29 512 840 74 4 406 280 117 4163 25 0 3 0 0 0 186 0 0 0 0 41277 103413 2264 3 0
TRIPLE 3808685 423 2979557 6 3 0 0 0 3 0 3654 2920 1800 72 1744 0 0 347238 39484
ROW 3 3808686 2604 124 21 6 455 2980589 227 446 32 512 834 87 4 496 305 156 2417 0 0 0 0 0 0 248 0 0 0 0 41398 65382 3046 0 0
TRIPLE 3808686 455 2980589 6 0 0 0 0 0 0 4960 4008 2420 128 1516 0 0 484314 35296
ROW 3 3808687 1176 56 21 6 0 0 0 0 32 512 824 83 4 496 156 67 1764 0 0 0 0 0 0 586 0 0 0 0 39965 49502 5580 0 0
TRIPLE 3808687 0 0 6 0 0 0 0 0 0 4960 2725 504 66 858 0 0 286024 19647
ROW 3 3808688 1953 93 21 6 362 2091805 177 348 28 512 826 77 4 378 64 47 320 0 0 0 0 0 0 56 0 0 0 0 39233 16220 1152 0 0
TRIPLE 3808688 362 2091805 6 0 0 0 0 0 0 3276 466 96 65 325 0 0 100167 8095
ROW 3 3808884 1026 27 38 4 0 0 0 0 25 468 790 73 3 300 244 136 8154 120 110 8 8 1 1 2001 16 11 1 1 40896 205443 15378 8 8
TRIPLE 3808884 0 0 4 8 8 2 2 8 8 2300 1768 1709 67 4288 67 67 240038 97361
ROW 3 3808885 1482 39 38 4 0 0 0 0 24 452 778 63 3 276 152 152 8492 120 120 8 8 1 1 2080 16 16 1 1 37701 196096 16050 8 8
TRIPLE 3808885 0 0 4 8 8 2 2 8 8 2024 1536 1100 72 4608 72 72 185035 127739
ROW 3 3808889 1443 39 37 4 0 0 0 0 25 465 788 71 3 300 272 271 14658 198 132 12 9 1 1 2025 16 15 1 1 41738 328082 15539 12 9
TRIPLE 3808889 0 0 4 12 9 3 3 12 9 2300 2218 2216 74 4736 74 74 304358 107932
ROW 3 3808944 1209 39 31 4 0 0 0 0 27 482 814 75 3 351 301 299 16355 248 128 12 9 1 1 2070 16 16 1 1 41307 384828 15880 12 9
TRIPLE 3808944 0 0 4 12 9 2 2 12 9 2925 2784 2784 65 4160 65 65 378306 95789
ROW 3 3809065 1444 38 38 4 0 0 0 0 27 508 880 65 3 351 285 243 11840 109 12 8 3 1 1 1261 8 3 1 1 49292 277739 10420 8 3
TRIPLE 3809065 0 0 4 8 3 3 1 8 3 2925 2597 2307 67 4288 67 1 340525 97061
ROW 3 3809074 1406 38 37 4 0 0 0 0 26 499 850 69 3 325 288 259 10870 98 0 8 0 1 0 1355 11 0 1 0 40776 242212 11231 8 0
TRIPLE 3809074 0 0 4 8 0 2 0 8 0 2600 2454 2219 66 4224 66 0 339834 94837
ROW 3 3809078 1887 51 37 4 0 0 0 0 30 512 870 73 4 435 385 366 15985 180 2 8 1 1 0 1547 15 0 1 0 43882 356976 16761 10 1
TRIPLE 3809078 0 0 4 10 1 2 0 8 1 4060 3763 3564 68 4352 68 0 527955 130814
ROW 3 3809093 1426 46 31 4 0 0 0 0 20 463 814 56 3 190 184 157 8068 100 33 8 4 1 1 1599 10 7 1 1 54762 260306 16701 8 4
TRIPLE 3809093 0 0 4 8 4 3 3 8 4 1140 1112 1062 68 4352 68 68 194783 163966
ROW 3 3809119 1178 38 31 4 0 0 0 0 21 476 840 56 3 210 200 200 9284 72 0 6 0 1 0 1179 7 0 1 0 56406 293407 9658 8 0
TRIPLE 3809119 0 0 4 8 0 2 0 6 0 1330 1320 1312 68 4347 63 0 237583 97692
ROW 3 3809123 1581 51 31 4 0 0 0 0 26 493 842 67 3 325 286 280 11333 97 0 8 0 1 0 1370 10 0 1 0 42980 282417 15729 8 0
TRIPLE 3809123 0 0 4 8 0 2 0 8 0 2600 2482 2168 66 4224 66 0 413691 145711
ROW 3 3812892 1054 34 31 4 0 0 0 0 29 495 850 69 3 406 346 318 16738 248 82 12 11 1 1 1512 16 6 1 1 59020 558722 12222 12 11
TRIPLE 3812892 0 0 4 12 11 3 3 12 11 3654 3433 3198 103 6592 103 101 526092 179385
ROW 3 3814154 2280 60 38 4 0 0 0 0 29 512 878 75 4 406 365 313 15229 200 27 8 3 1 1 1553 15 0 1 0 45916 342158 18083 10 3
TRIPLE 3814154 0 0 4 10 3 3 0 8 3 3654 3357 2985 66 4224 66 0 576125 147505
ROW 3 3814156 1100 55 20 4 0 0 0 0 32 512 864 82 4 496 413 316 17557 224 13 8 3 1 1 1408 16 0 1 0 64200 560776 11431 12 3
TRIPLE 3814156 0 0 4 12 3 2 0 8 3 4960 4287 4104 66 4224 66 0 699054 96510
ROW 3 3814169 1080 60 18 4 0 0 0 0 32 512 878 74 4 496 419 376 18227 216 27 8 3 1 1 1608 12 0 1 0 44233 535158 19156 12 3
TRIPLE 3814169 0 0 4 12 3 3 0 8 3 4960 4502 4122 67 4288 67 0 884691 144780
ROW 3 3814170 1140 60 19 4 0 0 0 0 24 490 846 67 3 276 245 218 10521 120 0 8 0 1 0 1638 16 0 1 0 58238 334374 18285 8 0
TRIPLE 3814170 0 0 4 8 0 2 0 8 0 2024 1827 1514 66 4224 66 0 329154 136615
ROW 3 3814172 1045 55 19 4 0 0 0 0 24 488 836 70 3 276 234 190 9877 99 0 8 0 1 0 1272 12 0 1 0 59340 314758 14076 8 0
TRIPLE 3814172 0 0 4 8 0 2 0 8 0 2024 1729 1416 65 4160 65 0 306552 155901
ROW 3 3814173 1092 39 28 4 0 0 0 0 29 506 886 63 3 406 351 287 14679 200 162 8 8 1 1 2048 16 14 1 1 53279 382293 16170 10 10
TRIPLE 3814173 0 0 4 10 10 3 3 8 8 3654 3091 2853 71 4544 71 71 478694 136174
ROW 3 3814175 1120 40 28 4 0 0 0 0 27 501 860 71 3 351 298 240 12115 153 43 8 3 1 1 1502 10 4 1 1 49352 367896 12093 9 6
TRIPLE 3814175 0 0 4 9 6 2 2 8 3 2925 2461 2130 68 4352 68 67 323824 99215
ROW 3 3814192 1040 40 26 4 0 0 0 0 24 479 792 79 3 276 226 155 8957 103 0 8 0 1 0 1287 13 0 1 0 39023 202688 10239 8 0
TRIPLE 3814192 0 0 4 8 0 2 0 8 0 2024 1602 1288 66 4224 66 0 202558 94817
ROW 3 3814247 1680 35 48 4 0 0 0 0 20 440 748 66 2 190 184 184 9052 120 11 8 2 1 0 1668 16 4 1 1 34024 259394 18665 8 3
TRIPLE 3814247 0 0 4 8 3 2 1 8 2 1140 1136 1136 68 4352 68 20 233666 150481
ROW 3 3814250 1085 35 31 4 0 0 0 0 18 461 800 61 3 153 152 119 5239 21 0 4 0 1 0 705 5 0 1 0 51697 153566 8717 4 0
TRIPLE 3814250 0 0 4 4 0 2 0 4 0 816 804 730 70 4380 50 0 142837 149279
ROW 3 3814324 1116 36 31 4 0 0 0 0 24 482 824 70 3 276 247 225 8097 72 0 6 0 1 0 851 9 0 1 0 55684 268230 7194 7 0
TRIPLE 3814324 0 0 4 7 0 2 0 6 0 2024 1914 1758 66 4220 62 0 247322 94347
ROW 3 3814329 1860 60 31 4 0 0 0 0 26 498 864 60 3 325 283 244 10005 48 0 4 0 1 0 1222 6 0 1 0 43121 222135 9958 6 0
TRIPLE 3814329 0 0 4 6 0 1 0 4 0 2600 2289 2032 68 4199 19 0 327471 93645
ROW 3 3814330 1705 55 31 4 0 0 0 0 25 491 842 63 3 300 262 186 7764 22 0 3 0 1 0 974 4 0 1 0 41117 173764 8025 3 0
TRIPLE 3814330 0 0 4 3 0 2 0 3 0 2300 1917 1679 69 4292 41 0 248163 95629
ROW 3 3814341 1040 40 26 4 0 0 0 0 24 458 762 77 3 276 235 131 8687 98 0 8 0 1 0 1123 11 0 1 0 37249 196056 9057 8 0
TRIPLE 3814341 0 0 4 8 0 3 0 8 0 2024 1554 1195 70 4480 70 0 208690 100387
ROW 3 3814572 1040 40 26 4 0 0 0 0 32 512 860 84 4 496 434 378 17261 205 22 8 4 1 1 1261 8 3 1 1 49473 399665 10379 12 4
TRIPLE 3814572 0 0 4 12 4 2 1 8 4 4960 4460 4062 66 4224 66 16 630506 96440
ROW 3 3814661 1092 39 28 4 0 0 0 0 27 498 856 70 3 351 279 203 11310 137 0 8 0 1 0 1046 8 0 1 0 42189 258222 8696 9 0
TRIPLE 3814661 0 0 4 9 0 3 0 8 0 2925 2382 1857 66 4224 66 0 316471 95528
ROW 3 3814663 1120 40 28 6 0 0 0 0 25 493 848 69 3 300 230 141 7022 52 0 6 0 1 0 696 6 0 1 0 41597 160559 6012 6 0
TRIPLE 3814663 0 0 6 6 0 2 0 6 0 2300 1869 1152 66 4224 66 0 221002 94145
ROW 3 3814670 1204 43 28 4 0 0 0 0 32 512 858 85 4 496 438 403 19617 255 104 11 8 1 1 1605 15 0 1 0 41478 464056 12944 13 8
TRIPLE 3814670 0 0 4 13 8 2 0 11 8 4960 4597 3934 69 4416 69 0 611881 100427
ROW 3 3814672 1032 43 24 4 0 0 0 0 32 512 856 86 4 496 421 327 17469 248 85 8 8 1 1 1365 15 0 1 0 54271 404595 11271 12 8
TRIPLE 3814672 0 0 4 12 8 2 0 8 8 4960 4412 3951 67 4288 67 0 627480 97762
ROW 2 3814679 840 40 21 6 0 0 0 0 25 473 802 72 3 300 232 67 5524 14 0 2 0 0 0 567 1 0 0 0 37089 129451 5069 2 0
TRIPLE 3814679 0 0 6 2 0 2 0 2 0 2300 1777 524 83 4898 21 0 177421 107992
ROW 3 3814680 1040 40 26 6 0 0 0 0 24 478 804 72 3 276 190 28 2584 0 0 0 0 0 0 354 0 0 0 0 35045 63689 3507 0 0
TRIPLE 3814680 0 0 6 0 0 0 0 0 0 2024 1522 114 66 1878 0 0 135423 41888
ROW 3 3814688 1118 43 26 4 0 0 0 0 24 497 832 76 3 276 237 152 9078 117 13 8 3 1 1 1627 13 2 1 0 38883 219530 12734 8 3
TRIPLE 3814688 0 0 4 8 3 2 2 8 3 2024 1581 1381 71 4544 71 30 202278 102632
ROW 3 3814693 1120 40 28 6 0 0 0 0 26 504 904 54 3 325 221 131 7772 73 6 10 2 1 0 276 2 0 0 0 47689 178283 3156 10 2
TRIPLE 3814693 0 0 6 10 2 3 0 10 2 2600 2091 1328 119 7260 99 0 254505 173724
ROW 3 3814694 1148 41 28 6 0 0 0 0 25 481 850 58 3 300 230 124 7101 79 28 8 6 1 1 183 1 0 0 0 42579 165909 2284 8 6
TRIPLE 3814694 0 0 6 8 6 3 2 8 6 2300 1942 1324 123 6662 73 42 234608 149148
ROW 3 3814699 1260 45 28 4 0 0 0 0 30 512 906 61 4 435 332 313 16106 214 102 14 14 1 1 937 9 0 1 0 44733 499172 10239 15 14
TRIPLE 3814699 0 0 4 15 14 2 2 14 14 4060 3609 3206 99 6336 99 43 664990 234257
ROW 3 3814700 1148 41 28 4 0 0 0 0 31 512 902 63 4 465 359 337 17717 237 145 15 15 1 1 1114 13 0 1 0 63598 429020 9428 15 15
TRIPLE 3814700 0 0 4 15 15 4 3 15 15 4495 4003 3568 107 6848 107 71 567749 156432
ROW 3 3814701 1080 45 24 4 0 0 0 0 31 512 898 65 4 465 326 253 12579 145 43 13 7 1 1 722 6 0 1 0 45064 285493 6462 13 8
TRIPLE 3814701 0 0 4 13 8 3 1 13 7 4495 3630 2841 110 7034 104 12 498160 158786
ROW 3 3814716 1040 40 26 6 0 0 0 0 24 484 824 68 3 276 122 0 914 0 0 0 0 0 0 192 0 0 0 0 39263 28072 2325 0 0
TRIPLE 3814716 0 0 6 0 0 0 0 0 0 2024 846 0 64 640 0 0 87714 15279
ROW 3 3814717 1066 41 26 6 0 0 0 0 23 469 844 46 3 253 96 0 982 0 0 0 0 0 0 166 0 0 0 0 41037 28904 1933 0 0
TRIPLE 3814717 0 0 6 0 0 0 0 0 0 1771 804 21 85 1021 0 0 84818 23694
ROW 3 3814720 1170 45 26 4 0 0 0 0 24 487 848 60 3 276 172 79 5688 42 3 6 1 1 0 714 4 2 1 0 39704 146133 6002 7 1
TRIPLE 3814720 0 0 4 7 1 3 1 6 2 2024 1330 624 93 5885 74 2 155701 131595
ROW 3 3814721 1066 41 26 6 0 0 0 0 25 490 826 74 3 300 222 91 7958 76 9 7 3 1 1 606 2 2 0 0 40605 181148 5250 7 3
TRIPLE 3814721 0 0 6 7 3 2 2 7 4 2300 1724 865 114 7288 110 29 198981 163015
ROW 3 3814848 1075 43 25 4 0 0 0 0 32 512 848 81 3 496 404 331 18078 246 24 8 5 1 1 1734 16 3 1 1 41658 421857 14136 12 6
TRIPLE 3814848 0 0 4 12 6 3 2 8 5 4960 4330 4037 71 4544 71 19 598316 115345
ROW 3 3814873 1125 45 25 4 0 0 0 0 32 508 830 88 3 496 422 362 16878 146 14 7 3 1 1 1334 7 2 1 0 41347 381071 11131 11 4
TRIPLE 3814873 0 0 4 11 4 2 1 7 3 4960 4475 4060 67 4288 67 3 624735 97011
ROW 3 3814875 1025 41 25 4 0 0 0 0 31 506 834 84 3 465 379 302 12353 70 13 5 1 1 0 1017 3 2 1 0 41407 273961 8606 8 2
TRIPLE 3814875 0 0 4 8 2 1 1 5 1 4495 3966 3382 71 4532 59 5 533986 101269
ROW 3 3814879 1040 40 26 6 0 0 0 0 24 460 776 72 3 276 180 37 3993 11 0 3 0 0 0 509 5 0 1 0 35907 96370 4699 3 0
TRIPLE 3814879 0 0 6 3 0 2 0 3 0 2024 1433 159 81 4336 35 0 135423 96730
ROW 3 3814885 1118 43 26 4 0 0 0 0 24 476 806 73 3 276 230 194 11010 124 0 8 0 1 0 1410 15 0 1 0 37811 244747 11200 8 0
TRIPLE 3814885 0 0 4 8 0 2 0 8 0 2024 1785 1460 70 4480 70 0 240629 100117
ROW 3 3814887 1118 43 26 4 0 0 0 0 24 472 802 71 3 276 213 157 9385 114 0 7 0 1 0 1354 13 0 1 0 36288 228466 14688 8 0
TRIPLE 3814887 0 0 4 8 0 3 0 7 0 2024 1650 1148 69 4416 69 0 252320 139821
ROW 3 3814901 1040 40 26 6 0 0 0 0 24 451 768 67 2 276 106 6 2225 3 0 1 0 0 0 339 3 0 0 0 49533 99846 4448 1 0
TRIPLE 3814901 0 0 6 1 0 1 0 1 0 2024 696 4 67 2819 6 0 108413 87593
ROW 3 3814903 1066 41 26 6 0 0 0 0 24 454 810 51 3 276 66 0 558 0 0 0 0 0 0 98 0 0 0 0 50113 25047 1603 0 0
TRIPLE 3814903 0 0 6 0 0 0 0 0 0 2024 589 0 64 880 0 0 85048 20608
ROW 3 3814909 1170 45 26 6 0 0 0 0 24 462 816 56 3 276 166 73 6378 48 0 6 0 1 0 701 5 0 1 0 46176 151012 6271 7 0
TRIPLE 3814909 0 0 6 7 0 2 0 6 0 2024 1387 594 99 6203 50 0 194022 187380
ROW 3 3814911 1066 41 26 6 0 0 0 0 24 465 790 72 3 276 159 75 6559 46 4 6 2 1 0 551 3 0 0 0 39743 151383 4839 6 2
TRIPLE 3814911 0 0 6 6 2 3 1 6 2 2024 1464 538 99 6187 78 12 159077 138429
ROW 3 3814931 1330 38 35 4 0 0 0 0 32 512 862 83 4 496 476 451 24230 376 314 12 12 1 1 2112 16 16 1 1 45966 590823 42860 16 16
TRIPLE 3814931 0 0 4 16 16 2 2 12 12 4960 4914 4695 65 4160 65 65 675019 113823
ROW 3 3814942 1120 40 28 4 0 0 0 0 27 484 838 65 3 351 308 285 15141 213 142 11 10 1 1 1989 16 13 1 1 58218 397352 38803 11 10
TRIPLE 3814942 0 0 4 11 10 3 3 11 10 2925 2672 2417 66 4224 66 66 385158 118862
ROW 3 3814958 1288 46 28 4 0 0 0 0 22 458 774 71 3 231 219 219 12955 200 157 10 10 1 1 2060 16 16 1 1 37931 298588 15869 10 10
TRIPLE 3814958 0 0 4 10 10 3 3 10 10 1540 1520 1500 67 4288 67 67 206725 98263
ROW 3 3815609 1680 60 28 4 0 0 0 0 24 464 776 75 3 276 248 191 10280 120 1 8 1 1 0 1641 16 1 1 0 41046 230710 17613 8 1
TRIPLE 3815609 0 0 4 8 1 1 1 8 1 2024 1680 1526 65 4160 65 3 247943 116978
ROW 3 3815611 1540 55 28 4 0 0 0 0 24 455 792 59 3 276 248 211 10990 120 4 8 1 1 0 1700 16 1 1 0 52088 343942 19156 8 1
TRIPLE 3815611 0 0 4 8 1 3 1 8 1 2024 1826 1625 70 4480 70 4 342670 154117
ROW 3 3815615 1400 40 35 4 0 0 0 0 24 452 758 72 3 276 245 192 9567 122 0 8 0 1 0 1334 15 1 1 0 54792 302344 10710 8 0
TRIPLE 3815615 0 0 4 8 0 2 0 8 0 2024 1771 1552 70 4480 70 0 243525 101249
ROW 3 3815622 1092 39 28 4 0 0 0 0 18 456 788 62 3 153 152 124 8532 114 0 8 0 1 0 1226 10 0 1 0 43091 191828 9688 8 0
TRIPLE 3815622 0 0 4 8 0 3 0 8 0 816 812 712 67 4288 67 0 101079 96340
ROW 3 3815623 1120 40 28 4 0 0 0 0 18 449 768 65 2 153 138 24 5279 31 0 2 0 1 0 668 2 0 1 0 34875 117479 5611 2 0
TRIPLE 3815623 0 0 4 2 0 2 0 2 0 816 802 125 76 4782 66 0 70151 106609
ROW 3 3815626 1316 47 28 4 0 0 0 0 22 457 790 62 3 231 212 183 10208 120 8 8 2 1 0 1724 16 4 1 1 35426 295361 18825 8 2
TRIPLE 3815626 0 0 4 8 2 2 1 8 2 1540 1433 1311 68 4352 68 9 187300 130353
ROW 3 3815627 1176 42 28 4 0 0 0 0 24 456 766 73 3 276 241 197 11447 114 11 8 2 1 0 1487 13 2 1 0 49813 255356 11962 8 2
TRIPLE 3815627 0 0 4 8 2 2 1 8 2 2024 1893 1554 65 4160 65 13 306362 94757
ROW 3 3815809 1365 39 35 4 0 0 0 0 22 450 760 69 2 231 216 196 9279 111 0 8 0 1 0 1145 13 0 1 0 37621 208068 9147 8 0
TRIPLE 3815809 0 0 4 8 0 2 0 8 0 1540 1515 1383 71 4544 71 0 193321 101710
ROW 3 3815810 1400 40 35 6 0 0 0 0 22 454 772 67 2 231 216 175 7414 30 0 4 0 1 0 946 8 0 1 0 34414 164516 10740 4 0
TRIPLE 3815810 0 0 6 4 0 2 0 4 0 1540 1504 1233 76 4623 27 0 215061 134621
ROW 3 3815813 1505 43 35 4 0 0 0 0 24 456 762 74 3 276 246 235 11962 112 5 8 2 1 0 1380 13 3 1 1 51075 375481 15949 9 2
TRIPLE 3815813 0 0 4 9 2 2 1 8 2 2024 1937 1816 70 4480 70 23 366033 156712
ROW 3 3815814 1505 43 35 4 0 0 0 0 24 451 752 74 3 276 235 193 9885 86 0 8 0 1 0 1258 10 0 1 0 52558 301623 10470 8 0
TRIPLE 3815814 0 0 4 8 0 2 0 8 0 2024 1797 1445 77 4925 74 0 283149 162323
ROW 3 3815817 1092 39 28 6 0 0 0 0 17 443 778 54 2 136 136 1 3724 0 0 0 0 0 0 432 0 0 0 0 46887 90489 3947 0 0
TRIPLE 3815817 0 0 6 0 0 0 0 0 0 680 680 0 64 3432 0 0 68508 75310
ROW 3 3815818 1120 40 28 6 0 0 0 0 20 447 768 63 2 190 169 1 2744 7 0 1 0 0 0 312 0 0 0 0 35056 92272 4188 1 0
TRIPLE 3815818 0 0 6 1 0 1 0 1 0 1140 1068 17 81 2029 2 0 117028 66284
ROW 3 3815821 1204 43 28 4 0 0 0 0 24 458 782 67 3 276 248 106 9308 50 0 4 0 1 0 822 4 0 1 0 52427 292316 7203 4 0
TRIPLE 3815821 0 0 4 4 0 2 0 4 0 2024 1965 820 106 6783 105 0 218658 173063
ROW 3 3815822 1204 43 28 6 0 0 0 0 25 454 760 74 3 300 259 51 8824 27 1 3 1 0 0 749 3 0 0 0 36979 224178 6572 3 1
TRIPLE 3815822 0 0 6 3 1 2 1 3 1 2300 2100 449 128 7633 61 2 225160 207768
ROW 3 3815837 1120 40 28 6 0 0 0 0 18 428 758 51 2 153 73 0 1840 5 0 1 0 0 0 222 0 0 0 0 36629 55404 2455 1 0
TRIPLE 3815837 0 0 6 1 0 1 0 1 0 816 431 4 68 2343 7 0 43361 62817
ROW 3 3815838 1148 41 28 6 0 0 0 0 24 445 800 47 2 276 79 4 1768 9 0 3 0 0 0 318 2 0 0 0 38792 52418 3316 3 0
TRIPLE 3815838 0 0 6 3 0 2 0 3 0 2024 554 22 80 3125 11 0 84447 82544
ROW 3 3815841 1260 45 28 6 0 0 0 0 25 452 786 61 3 300 161 51 5024 9 3 2 1 0 0 460 1 0 0 0 41458 139100 4699 2 1
TRIPLE 3815841 0 0 6 2 1 1 1 2 1 2300 1542 397 113 6198 33 3 195464 157273
ROW 3 3815842 1148 41 28 6 0 0 0 0 25 450 810 47 3 300 139 40 5060 21 2 4 1 1 0 374 2 0 0 0 43331 127278 3776 5 1
TRIPLE 3815842 0 0 6 5 1 2 1 4 1 2300 1287 325 108 5812 32 9 144118 138688
ROW 2 3816044 403 31 13 4 0 0 0 0 22 459 784 67 3 231 216 192 10778 140 0 9 0 1 0 1256 16 0 1 0 52688 294780 10179 9 0
TRIPLE 3816044 0 0 4 9 0 2 0 9 0 1540 1460 1346 66 4224 66 0 221894 114113
ROW 3 3816256 1519 49 31 4 0 0 0 0 32 512 832 89 4 496 435 423 17645 248 224 8 8 1 1 2080 16 16 1 1 65893 435602 21961 12 11
TRIPLE 3816256 0 0 4 12 11 2 2 8 8 4960 4657 4404 65 4160 65 65 787129 107941
ROW 5 3816532 21726 153 142 4 0 0 0 0 32 509 812 58 3 496 480 461 19836 252 147 8 5 1 1 1837 9 8 1 1 77254 529237 15469 14 9
TRIPLE 3816532 0 0 4 14 9 3 3 8 5 4960 4924 4823 120 7680 120 120 833164 195124
ROW 4 3816533 15336 108 142 4 0 0 0 0 27 499 786 77 3 351 350 325 16919 229 115 10 8 1 1 1480 12 0 1 0 59861 434711 12323 12 8
TRIPLE 3816533 0 0 4 12 8 2 2 10 8 2925 2924 2859 65 4160 65 65 461291 126717
ROW 5 3816534 21708 108 201 4 0 0 0 0 32 512 810 108 4 496 496 491 31469 491 221 15 12 1 1 2739 29 8 1 1 54552 810823 29395 16 12
TRIPLE 3816534 0 0 4 16 12 2 2 15 12 4960 4960 4952 67 4288 67 67 768023 123290
ROW 5 3816537 16524 153 108 6 0 0 0 0 26 512 808 71 4 325 325 325 17980 257 128 11 8 1 1 1615 13 0 1 0 63979 451533 18435 12 8
TRIPLE 3816537 0 0 6 12 8 3 3 11 8 2600 2600 2600 68 4352 68 68 452844 152444
ROW 5 3816543 33507 153 219 4 0 0 0 0 28 512 832 66 4 378 378 378 23194 352 147 13 10 1 1 2151 19 4 1 1 66484 745200 24305 14 10
TRIPLE 3816543 0 0 4 14 10 2 2 13 10 3276 3276 3276 67 4288 67 67 604919 181549
ROW 5 3816548 20336 164 124 4 0 0 0 0 32 512 792 115 4 496 496 496 31744 496 451 16 13 1 1 3711 32 25 1 1 69861 1052814 34865 16 16
TRIPLE 3816548 0 0 4 16 16 3 3 16 13 4960 4960 4960 70 4480 70 70 824719 156222
ROW 5 3816556 18972 153 124 4 0 0 0 0 28 512 812 64 4 378 378 378 15653 185 151 12 8 1 1 1995 16 5 1 1 61955 439030 18565 12 8
TRIPLE 3816556 0 0 4 12 8 2 2 12 8 3276 3276 3276 67 4288 67 67 584821 142336
ROW 4 3816594 6588 61 108 6 0 0 0 0 24 509 814 64 3 276 264 248 14772 220 128 8 8 1 1 912 8 0 1 0 70622 465799 7614 12 8
TRIPLE 3816594 0 0 6 12 8 2 2 10 8 2024 2003 1968 67 4288 67 67 251289 99085
ROW 4 3816596 4216 34 124 4 0 0 0 0 32 489 762 99 3 496 496 468 25672 378 347 9 8 1 1 2601 17 16 1 1 51596 647227 26589 16 15
TRIPLE 3816596 0 0 4 16 15 2 2 9 8 4960 4960 4892 69 4416 69 69 780817 160530
ROW 4 3816597 7564 61 124 6 0 0 0 0 25 512 816 69 4 300 300 290 13181 159 128 12 8 1 1 1246 10 0 1 0 62907 350003 10419 12 8
TRIPLE 3816597 0 0 6 12 8 3 3 12 8 2300 2300 2276 99 6336 99 99 329455 168775
ROW 4 3816599 13764 111 124 4 0 0 0 0 22 463 736 54 2 231 189 171 9936 153 94 7 5 1 1 1084 8 8 1 1 41017 254656 8887 11 8
TRIPLE 3816599 0 0 4 11 8 2 2 7 5 1540 1419 1313 64 4096 64 64 185937 93364
ROW 5 3817319 37848 114 332 4 0 0 0 0 30 512 826 101 4 435 420 386 21081 318 264 14 15 1 1 2053 18 12 1 1 56996 537052 39133 15 15
TRIPLE 3817319 0 0 4 15 15 2 2 14 15 4060 3963 3793 99 6336 99 99 548002 158184
ROW 5 3817325 19588 59 332 4 0 0 0 0 24 512 830 99 4 276 276 273 17029 261 139 12 9 1 1 1992 20 6 1 1 49753 392462 15599 12 10
TRIPLE 3817325 0 0 4 12 10 2 2 12 9 2024 2024 2022 66 4224 66 66 257270 110466
ROW 5 3817326 38844 117 332 4 0 0 0 0 28 512 828 100 4 378 340 308 16186 240 153 12 8 1 1 1632 16 6 1 1 48721 411498 13145 12 8
TRIPLE 3817326 0 0 4 12 8 2 2 12 8 3276 3176 3058 67 4288 67 67 420906 98844
ROW 5 3817526 28836 267 108 4 0 0 0 0 16 512 944 42 4 120 110 110 7040 110 67 6 8 1 1 1002 11 3 1 1 51356 189614 7735 8 8
TRIPLE 3817526 0 0 4 8 8 3 3 6 8 560 550 520 65 4160 65 65 68718 93896
ROW 5 3817530 63279 267 237 2 0 0 0 0 30 512 886 71 4 435 324 295 11276 164 154 12 11 1 1 924 8 3 1 1 48070 281586 8276 12 11
TRIPLE 3817530 0 0 2 12 11 3 3 12 11 4060 3092 2889 69 4416 69 69 472542 101289
ROW 3 3817709 2831 19 149 2 0 0 0 0 29 512 878 75 4 406 378 355 17604 258 147 12 12 1 1 1725 17 5 1 1 54141 415384 17854 14 12
TRIPLE 3817709 0 0 2 14 12 2 2 13 12 3654 3500 3484 70 4480 70 70 496517 120355
ROW 5 3817753 55444 166 334 2 0 0 0 0 29 512 906 61 4 406 322 306 10734 156 145 12 11 1 1 938 8 3 1 1 54151 266468 10189 12 11
TRIPLE 3817753 0 0 2 12 11 2 2 12 11 3654 3052 2833 69 4416 69 69 419894 107931
ROW 3 3817764 1121 19 59 2 0 0 0 0 17 382 716 23 1 136 116 98 6571 99 70 7 8 1 1 822 7 3 1 1 36979 169386 6703 8 8
TRIPLE 3817764 0 0 2 8 8 2 2 7 8 680 630 522 64 4096 64 64 83325 93184
ROW 3 3817765 1577 19 83 2 0 0 0 0 25 497 878 42 3 300 244 230 7760 109 106 8 8 1 1 619 3 3 0 1 42149 203840 6452 8 8
TRIPLE 3817765 0 0 2 8 8 2 2 8 8 2300 2029 1965 71 4544 71 71 354662 103914
ROW 3 3817767 1501 19 79 2 0 0 0 0 32 486 828 74 3 496 387 322 16222 238 161 14 11 1 1 532 3 3 0 1 59942 396549 5690 16 12
TRIPLE 3817767 0 0 2 16 12 2 2 14 11 4960 4405 3784 65 4160 65 65 631598 108693
ROW 3 3817769 1254 19 66 2 0 0 0 0 17 366 638 31 0 136 98 75 5027 77 57 7 6 1 1 544 5 3 1 1 25157 138559 4669 8 8
TRIPLE 3817769 0 0 2 8 8 1 1 7 6 680 568 557 77 4928 77 77 93154 129502
ROW 4 3819019 13734 126 109 4 0 0 0 0 24 512 824 68 4 276 276 276 16536 248 232 12 11 1 1 2274 16 14 1 1 44573 455880 17733 12 12
TRIPLE 3819019 0 0 4 12 12 3 3 12 11 2024 2024 2024 80 5120 80 80 290142 136695
ROW 5 3819020 28449 261 109 4 0 0 0 0 24 512 828 50 4 276 276 263 9316 92 92 4 4 1 1 1379 8 8 1 1 41748 254935 11261 8 8
TRIPLE 3819020 0 0 4 8 8 2 2 4 4 2024 2024 1997 67 4288 67 67 255526 115906
ROW 5 3819023 39933 261 153 6 0 0 0 0 23 512 816 47 4 253 253 253 12633 176 92 11 4 1 1 1813 16 7 1 1 52668 321730 17102 11 8
TRIPLE 3819023 0 0 6 11 8 3 3 11 4 1771 1771 1771 83 5312 83 83 304308 150351
ROW 5 3819024 44109 261 169 4 0 0 0 0 24 512 814 49 4 276 276 276 13834 184 92 12 4 1 1 1883 16 8 1 1 42750 330426 14768 12 8
TRIPLE 3819024 0 0 4 12 8 3 3 12 4 2024 2024 2024 84 5376 84 84 286685 121637
ROW 5 3819032 57159 261 219 4 0 0 0 0 22 512 840 47 4 231 231 231 11823 168 140 11 7 1 1 1876 16 8 1 1 42379 290802 14497 11 8
TRIPLE 3819032 0 0 4 11 8 2 2 11 7 1540 1540 1540 97 6208 97 97 191297 149769
ROW 5 3819035 40716 261 156 4 0 0 0 0 24 512 864 48 4 276 276 276 13436 184 184 12 12 1 1 2320 16 16 1 1 45184 355964 17603 12 12
TRIPLE 3819035 0 0 4 12 12 2 2 12 12 2024 2024 2024 70 4480 70 70 251459 101891
ROW 5 3819059 46816 266 176 4 0 0 0 0 32 512 834 74 4 496 496 496 26806 376 363 16 16 1 1 2674 16 16 1 1 48551 638521 21200 16 16
TRIPLE 3819059 0 0 4 16 16 3 3 16 16 4960 4960 4960 83 5312 83 83 744459 123210
ROW 5 3819061 45936 261 176 4 0 0 0 0 24 512 844 49 4 276 276 276 14073 187 92 12 4 1 1 1880 16 8 1 1 39163 317352 18955 12 8
TRIPLE 3819061 0 0 4 12 8 3 3 12 4 2024 2024 2024 79 5056 79 79 266747 154027
ROW 5 3819137 45152 332 136 4 0 0 0 0 25 512 902 51 4 300 230 181 10233 130 107 8 7 1 1 1580 11 11 1 1 53640 277537 12453 10 9
TRIPLE 3819137 0 0 4 10 9 3 3 8 7 2300 1760 1550 64 4096 64 64 221243 92993
ROW 3 3819145 2223 13 171 4 0 0 0 0 18 440 762 41 1 153 108 98 2766 30 12 4 2 1 0 854 8 3 1 1 41608 68257 6963 4 3
TRIPLE 3819145 0 0 4 4 3 2 2 4 3 816 528 528 67 4288 67 31 73838 126226
ROW 3 3819146 1378 13 106 6 27 14403 0 27 16 424 754 35 1 120 92 92 5888 92 58 5 8 1 1 640 8 0 1 0 36939 137928 5130 8 8
TRIPLE 3819146 27 14403 6 8 8 2 2 5 8 560 280 280 84 5376 84 64 44954 120415
ROW 3 3819147 1664 13 128 6 70 31723 6 70 16 443 796 37 3 120 92 92 4456 64 64 8 8 1 1 181 0 0 0 0 54321 115415 1963 8 8
TRIPLE 3819147 70 31723 6 8 8 2 2 8 8 560 503 280 65 4160 65 65 53630 93515
ROW 3 3819149 1131 13 87 6 95 34080 94 74 22 448 798 39 2 231 130 112 7186 112 112 8 8 1 1 44 0 0 0 0 37089 168725 1223 8 8
TRIPLE 3819149 95 34080 6 8 8 2 2 8 8 1540 1155 1120 67 4288 67 67 176339 108893
ROW 3 3819150 1365 13 105 6 0 0 0 0 27 512 892 56 4 351 194 141 6431 88 88 8 8 1 1 131 0 0 0 0 44063 154168 2264 8 8
TRIPLE 3819150 0 0 6 8 8 2 2 8 8 2925 1988 1707 66 4224 66 66 288408 95738
ROW 3 3819151 1339 13 103 6 0 0 0 0 30 512 884 62 4 435 232 191 9770 140 115 12 9 1 1 830 8 3 1 1 44493 257240 7414 12 9
TRIPLE 3819151 0 0 6 12 9 2 2 12 9 4060 2746 2331 65 4160 65 65 359200 94476
ROW 5 3819333 55080 360 153 4 0 0 0 0 18 512 892 43 4 153 152 136 8579 133 120 9 8 1 1 2052 16 16 1 1 60382 205894 15620 9 8
TRIPLE 3819333 0 0 4 9 8 3 3 9 8 816 808 800 74 4736 74 74 99686 134502
ROW 5 3819489 18810 95 198 4 0 0 0 0 31 512 874 70 4 465 465 437 18435 240 224 15 15 1 1 2338 16 16 1 1 44703 420855 18445 15 15
TRIPLE 3819489 0 0 4 15 15 3 3 15 15 4495 4495 4439 128 8192 128 128 622842 184013
ROW 3 3819496 1183 13 91 4 0 0 0 0 23 388 646 53 1 253 110 89 5056 74 50 8 5 1 1 694 5 5 1 1 28553 120986 5800 8 6
TRIPLE 3819496 0 0 4 8 6 2 2 8 5 1771 1071 965 74 4736 74 64 142396 106548
ROW 3 3819498 1274 13 98 6 75 21460 18 73 24 417 718 46 1 276 147 122 6681 97 88 8 8 1 1 128 0 0 0 0 30897 182831 1813 8 8
TRIPLE 3819498 75 21460 6 8 8 2 2 8 8 2024 1270 1170 67 4288 67 67 171921 97642
ROW 3 3819499 1222 13 94 4 0 0 0 0 30 435 722 65 2 435 213 177 8363 114 114 8 8 1 1 722 5 5 1 1 31178 198650 6412 8 8
TRIPLE 3819499 0 0 4 8 8 2 2 8 8 4060 2434 1977 73 4672 73 73 317752 105668
ROW 3 3819501 1482 13 114 6 90 32601 87 71 24 437 758 48 2 276 118 112 7060 109 79 8 8 1 1 48 0 0 0 0 31589 189273 1102 8 8
TRIPLE 3819501 90 32601 6 8 8 2 2 8 8 2024 1352 1336 68 4352 68 68 186518 98624
ROW 3 3819502 1365 13 105 6 0 0 0 0 30 457 774 59 2 435 168 114 7820 106 74 8 8 1 1 158 0 0 0 0 34694 185836 2535 8 8
TRIPLE 3819502 0 0 6 8 8 2 2 8 8 4060 2196 1929 66 4224 66 66 298878 116057
ROW 3 3819503 1326 13 102 6 0 0 0 0 30 497 852 62 3 435 269 166 10255 140 140 12 12 1 1 1071 8 8 1 1 40015 244045 8937 12 12
TRIPLE 3819503 0 0 6 12 12 2 2 12 12 4060 2996 2627 68 4352 68 68 387913 98644
ROW 3 3819505 1066 13 82 6 0 0 0 0 31 480 794 74 3 465 281 235 15450 227 177 15 12 1 1 1465 13 8 1 1 38642 378155 15740 15 15
TRIPLE 3819505 0 0 6 15 15 2 2 15 12 4495 3527 2866 66 4224 66 66 461511 126917
ROW 3 3819681 1378 13 106 4 0 0 0 0 31 512 842 80 4 465 348 348 14395 215 86 12 7 1 1 1510 12 10 1 1 77154 385640 12333 12 8
TRIPLE 3819681 0 0 4 12 8 2 2 12 7 4495 3284 3284 65 4160 65 65 469917 95789
ROW 3 3820422 1034 11 94 6 167 60026 106 153 16 345 570 53 2 120 3 1 27 0 0 0 0 0 0 58 0 0 0 0 59391 4819 1092 0 0
TRIPLE 3820422 167 60026 6 0 0 0 0 0 0 560 2 0 2 11 0 0 11612 671
ROW 3 3820424 1166 11 106 6 102 54682 26 101 10 315 550 35 1 45 0 0 0 0 0 0 0 0 0 20 0 0 0 0 22312 1873 471 0 0
TRIPLE 3820424 102 54682 6 0 0 0 0 0 0 120 0 0 0 0 0 0 2505 210
ROW 4 3820881 13392 124 108 4 0 0 0 0 32 507 826 92 3 496 496 435 21332 284 98 8 5 1 1 1547 8 7 1 1 50814 493250 12553 16 8
TRIPLE 3820881 0 0 4 16 8 2 2 10 5 4960 4960 4680 69 4416 69 69 676482 101330
ROW 4 3820882 9180 85 108 6 0 0 0 0 32 474 784 84 3 496 352 288 12496 156 98 4 8 1 1 888 8 0 1 0 39704 295090 7835 8 8
TRIPLE 3820882 0 0 6 8 8 2 2 4 8 4960 4064 3474 69 4416 69 69 530800 100106
ROW 5 3820886 25038 117 214 4 0 0 0 0 27 512 822 97 4 351 282 208 9424 116 91 4 6 1 1 1042 8 4 1 1 44613 218968 8756 8 8
TRIPLE 3820886 0 0 4 8 8 2 2 4 6 2925 2544 2320 71 4544 71 71 338612 102261
ROW 5 3820889 26536 124 214 6 0 0 0 0 32 505 824 91 3 496 496 468 16672 152 64 11 8 1 1 1218 6 0 1 0 39664 374378 10249 12 8
TRIPLE 3820889 0 0 6 12 8 2 2 11 8 4960 4960 4680 68 4352 68 68 670752 99054
ROW 5 3820890 18190 85 214 6 5 27559 0 5 27 473 792 76 3 351 300 212 6918 64 64 8 8 1 1 438 0 0 0 0 43451 161893 4128 8 8
TRIPLE 3820890 5 27559 6 8 8 2 2 8 8 2925 2600 2320 71 4544 71 71 329686 102150
ROW 4 3820918 6480 60 108 6 0 0 0 0 24 422 716 66 2 276 248 238 13988 212 128 8 8 1 1 709 9 0 1 0 52999 322262 6142 12 8
TRIPLE 3820918 0 0 6 12 8 2 2 8 8 2024 1968 1945 67 4288 67 67 242542 98063
ROW 4 3820924 6720 60 112 4 0 0 0 0 24 419 704 69 2 276 248 248 14937 231 125 10 8 1 1 1349 11 8 1 1 32100 352828 10730 12 11
TRIPLE 3820924 0 0 4 12 11 2 2 10 8 2024 1968 1968 67 4288 67 67 246470 98374
ROW 4 3820925 6120 60 102 4 0 0 0 0 24 402 664 72 2 276 248 248 15798 246 130 12 8 1 1 1679 16 9 1 1 30276 349472 13195 12 8
TRIPLE 3820925 0 0 4 12 8 3 3 12 8 2024 1968 1953 70 4480 70 70 258171 102781
ROW 4 3820937 6431 59 109 4 0 0 0 0 16 379 646 55 2 120 92 92 5888 92 80 4 6 1 1 929 8 5 1 1 30818 138078 7284 8 8
TRIPLE 3820937 0 0 4 8 8 2 2 4 6 560 504 504 69 4416 69 69 58048 98955
ROW 4 3820938 12753 117 109 6 7 35054 0 7 24 490 802 76 3 276 276 248 6512 64 64 8 8 1 1 526 0 0 0 0 38833 150440 4819 8 8
TRIPLE 3820938 7 35054 6 8 8 1 1 8 8 2024 2024 1968 71 4544 71 71 239136 116377
ROW 4 3820939 9027 59 153 6 0 0 0 0 16 384 664 47 1 120 120 92 5080 64 64 8 8 1 1 357 1 0 0 0 32461 115876 3196 8 8
TRIPLE 3820939 0 0 6 8 8 1 1 8 8 560 560 504 64 4096 64 64 63759 91431
ROW 5 3820940 17901 117 153 6 0 0 0 0 25 512 826 88 4 300 284 284 7610 92 64 8 8 1 1 800 8 0 1 0 38071 174386 6973 8 8
TRIPLE 3820940 0 0 6 8 8 1 1 8 8 2300 2182 2180 104 6656 104 104 282217 159748
ROW 4 3820941 9971 59 169 6 0 0 0 0 24 400 680 59 1 276 266 214 12914 184 64 12 8 1 1 1192 16 0 1 0 29355 285513 9488 12 8
TRIPLE 3820941 0 0 6 12 8 1 1 12 8 2024 2002 1713 65 4160 65 65 224519 94276
ROW 5 3820942 19773 117 169 4 0 0 0 0 24 503 808 82 3 276 276 276 7600 92 64 8 8 1 1 866 8 0 1 0 36037 173163 7344 8 8
TRIPLE 3820942 0 0 4 8 8 1 1 8 8 2024 2024 2024 104 6656 104 104 253233 148136
ROW 4 3820943 13516 124 109 4 0 0 0 0 32 503 812 95 3 496 496 496 19706 220 128 8 8 1 1 1160 8 0 1 0 40295 443026 10039 8 8
TRIPLE 3820943 0 0 4 8 8 1 1 8 8 4960 4960 4960 67 4288 67 67 678095 98403
ROW 4 3820944 5014 46 109 6 0 0 0 0 24 457 760 66 2 276 276 276 7440 92 64 8 8 1 1 724 8 0 1 0 33493 169897 6142 8 8
TRIPLE 3820944 0 0 6 8 8 2 2 8 8 2024 2024 2024 79 5056 79 79 264734 113622
ROW 4 3820945 4251 39 109 4 0 0 0 0 28 478 800 80 3 378 276 247 10712 156 156 8 8 1 1 1206 8 8 1 1 39494 247301 9718 8 8
TRIPLE 3820945 0 0 4 8 8 2 2 8 8 3276 2648 2185 79 5056 79 79 323814 115035
ROW 4 3820946 7038 46 153 4 0 0 0 0 25 430 726 63 2 300 270 192 10418 156 64 8 8 1 1 740 8 0 1 0 47158 234688 6182 8 8
TRIPLE 3820946 0 0 4 8 8 2 2 8 8 2300 2188 1722 65 4160 65 65 246350 94706
ROW 4 3820948 6726 59 114 4 0 0 0 0 24 392 622 83 2 276 276 238 14784 228 164 9 8 1 1 1342 11 9 1 1 33983 338341 10780 12 12
TRIPLE 3820948 0 0 4 12 12 2 2 9 8 2024 2024 1938 64 4096 64 64 300210 94617
ROW 4 3820959 12803 59 217 4 0 0 0 0 27 457 742 70 2 351 296 217 9984 136 106 6 4 1 1 1062 8 8 1 1 36829 234707 8766 8 8
TRIPLE 3820959 0 0 4 8 8 2 2 6 4 2925 2668 2274 74 4736 74 74 334624 143588
ROW 5 3820960 25389 117 217 4 0 0 0 0 27 512 822 86 4 351 348 296 8545 93 64 4 8 1 1 825 7 0 1 0 39414 223627 7323 8 8
TRIPLE 3820960 0 0 4 8 8 1 1 4 8 2925 2903 2760 68 4352 68 68 371683 98194
ROW 5 3820963 26908 124 217 4 0 0 0 0 32 512 836 92 4 496 496 496 20366 220 128 8 8 1 1 1400 8 0 1 0 40446 490115 11812 8 8
TRIPLE 3820963 0 0 4 8 8 1 1 8 8 4960 4960 4960 68 4352 68 68 690308 99696
ROW 5 3820964 18445 85 217 4 0 0 0 0 28 500 830 80 3 378 372 340 10460 118 64 8 8 1 1 800 8 0 1 0 37780 238905 6932 8 8
TRIPLE 3820964 0 0 4 8 8 2 2 8 8 3276 3272 3066 69 4416 69 69 414053 114924
ROW 3 3820977 1102 19 58 4 0 0 0 0 16 304 528 37 1 120 74 62 3244 50 45 3 3 1 1 588 5 3 1 1 23544 80260 4879 5 5
TRIPLE 3820977 0 0 4 5 5 2 2 3 3 560 464 444 66 4224 66 61 61264 94617
ROW 3 3820978 2128 19 112 6 187 60371 92 185 16 308 528 42 1 120 50 43 2590 40 40 5 5 1 1 42 0 0 0 0 20448 63839 891 5 5
TRIPLE 3820978 187 60371 6 5 5 2 2 5 5 560 312 290 65 4160 65 21 45375 93484
ROW 3 3820980 1273 19 67 4 0 0 0 0 23 390 624 76 2 253 167 93 4210 57 42 8 6 1 1 72 0 0 1 0 29165 102211 1313 8 6
TRIPLE 3820980 0 0 4 8 6 2 0 8 6 1771 1228 1046 65 4160 65 0 162202 93053
ROW 4 3821002 13176 122 108 4 0 0 0 0 24 422 708 70 2 276 238 183 12262 184 104 9 8 1 1 844 11 1 1 0 39223 294349 7053 12 8
TRIPLE 3821002 0 0 4 12 8 3 3 9 8 2024 1958 1633 70 4480 70 70 231481 102191
ROW 3 3821022 1034 11 94 6 0 0 0 0 24 346 620 33 1 276 14 10 16 0 0 0 0 0 0 56 0 0 0 0 27471 7514 1192 0 0
TRIPLE 3821022 0 0 6 0 0 0 0 0 0 2024 39 18 39 41 0 0 46126 1673
ROW 3 3821024 1425 19 75 6 0 0 0 0 24 436 694 86 3 276 170 153 7278 104 67 9 8 1 1 677 6 1 1 0 34835 171951 6021 10 8
TRIPLE 3821024 0 0 6 10 8 3 3 9 8 2024 1169 1041 70 4480 70 70 179455 101790
ROW 3 3821042 1140 19 60 4 0 0 0 0 22 386 660 54 1 231 146 116 3981 55 37 8 6 1 1 80 0 0 1 0 30678 96761 1483 8 6
TRIPLE 3821042 0 0 4 8 6 3 3 8 7 1540 1094 909 66 4224 66 65 145701 95528
ROW 3 3828072 1160 29 40 4 0 0 0 0 32 477 764 91 3 496 446 430 19829 159 1 9 1 1 0 1855 16 1 1 0 59712 448667 15008 10 1
TRIPLE 3828072 0 0 4 10 1 2 0 9 1 4960 4738 4673 75 4800 75 0 675891 108453
ROW 3 3828073 2332 44 53 4 0 0 0 0 31 464 770 78 3 465 412 391 20348 240 20 10 2 1 0 1798 16 0 1 0 40756 497017 14568 12 2
TRIPLE 3828073 0 0 4 12 2 2 0 10 2 4495 4237 4147 76 4864 76 0 620908 110506
ROW 3 3828755 2772 44 63 4 0 0 0 0 29 474 716 115 3 406 396 392 22977 355 150 14 9 1 1 2343 22 5 1 1 60203 524629 18444 14 9
TRIPLE 3828755 0 0 4 14 9 2 2 14 9 3654 3642 3614 90 5760 90 90 497608 132637
ROW 3 3828756 2024 44 46 4 0 0 0 0 32 512 756 133 4 496 468 463 28600 444 275 16 16 1 1 2621 22 5 1 1 49733 671833 20448 16 16
TRIPLE 3828756 0 0 4 16 16 2 2 16 16 4960 4904 4863 68 4352 68 68 683475 102762
ROW 3 3828759 2244 44 51 4 0 0 0 0 24 438 670 103 3 276 276 251 13597 151 127 8 7 1 1 1318 7 4 1 1 37049 319977 10550 8 7
TRIPLE 3828759 0 0 4 8 7 2 2 8 7 2024 2024 1934 68 4352 68 68 262820 99175
ROW 3 3828766 3740 44 85 4 0 0 0 0 32 512 764 128 4 496 459 432 26702 413 363 14 14 1 1 2588 21 15 1 1 59050 690728 20328 16 16
TRIPLE 3828766 0 0 4 16 16 1 1 14 14 4960 4879 4776 67 4288 67 67 694546 100648
ROW 3 3828768 2552 44 58 4 0 0 0 0 24 440 688 96 3 276 276 269 16423 149 127 8 7 1 1 1837 7 4 1 1 38552 362286 14317 8 8
TRIPLE 3828768 0 0 4 8 8 2 2 8 7 2024 2024 2022 108 6912 108 108 276616 180387
ROW 3 3835086 1360 34 40 4 0 0 0 0 32 512 792 109 4 496 451 429 20104 175 0 9 0 1 0 1736 16 0 1 0 47559 449609 13856 11 0
TRIPLE 3835086 0 0 4 11 0 2 0 9 0 4960 4787 4696 72 4608 72 0 686150 103704
ROW 3 3835087 1080 27 40 4 0 0 0 0 32 512 790 119 4 496 461 441 23475 303 48 11 5 1 1 1900 16 0 1 0 48020 593246 15639 15 6
TRIPLE 3835087 0 0 4 15 6 2 0 11 5 4960 4805 4733 73 4672 73 0 688455 109324
ROW 3 3835091 1802 34 53 4 0 0 0 0 32 512 790 112 4 496 454 429 21334 226 2 10 1 1 0 1795 16 1 1 0 46567 552231 14417 14 1
TRIPLE 3835091 0 0 4 14 1 2 0 10 1 4960 4793 4698 74 4736 74 0 700487 107311
ROW 3 3835092 1431 27 53 4 0 0 0 0 32 512 786 121 4 496 457 439 24390 355 130 12 10 1 1 2039 16 7 1 1 41567 560005 16460 16 12
TRIPLE 3835092 0 0 4 16 12 2 2 12 10 4960 4794 4718 74 4736 74 66 690027 110116
ROW 3 3835143 1040 26 40 6 11 23039 0 11 32 510 800 92 3 496 384 380 15495 119 3 8 1 1 0 1462 10 0 1 0 41878 363909 12213 10 1
TRIPLE 3835143 11 23039 6 10 1 2 0 8 1 4960 4479 4285 84 5376 84 0 636397 120375
ROW 3 3835144 1240 31 40 6 4 7816 0 4 32 512 788 102 4 496 425 409 17887 136 28 7 4 1 1 1195 7 0 1 0 41087 412610 10339 12 4
TRIPLE 3835144 4 7816 6 12 4 2 0 7 4 4960 4660 4545 80 5103 79 0 666233 117750
ROW 3 3835145 1113 21 53 4 0 0 0 0 32 469 734 102 3 496 486 456 22191 281 17 10 3 1 1 1805 16 3 1 1 36428 501195 14537 14 4
TRIPLE 3835145 0 0 4 14 4 2 1 10 3 4960 4946 4806 67 4288 67 4 697962 97602
ROW 3 3835146 1378 26 53 4 0 0 0 0 32 512 794 115 4 496 440 429 20690 224 7 10 2 1 0 1677 12 0 1 0 40436 487620 13835 12 2
TRIPLE 3835146 0 0 4 12 2 2 0 10 2 4960 4656 4587 65 4160 65 0 670742 93896
ROW 3 3835147 1643 31 53 4 0 0 0 0 32 512 792 113 4 496 425 409 20537 221 31 9 4 1 1 1444 10 0 1 0 39925 475447 12173 13 4
TRIPLE 3835147 0 0 4 13 4 3 0 9 4 4960 4665 4561 74 4736 74 0 670631 107050
ROW 3 3835159 2014 38 53 4 0 0 0 0 32 512 778 124 4 496 492 479 24354 352 248 12 11 1 1 1971 16 6 1 1 43121 560005 15959 16 15
TRIPLE 3835159 0 0 4 16 15 4 4 12 11 4960 4957 4932 121 7744 121 121 705617 175697
ROW 3 3835160 1378 26 53 4 0 0 0 0 32 512 802 111 4 496 496 490 24014 324 116 11 9 1 1 1519 16 1 1 0 40034 559083 15639 14 10
TRIPLE 3835160 0 0 4 14 10 3 2 11 9 4960 4960 4948 128 8192 128 64 691540 210593
ROW 3 3835167 1200 30 40 4 0 0 0 0 32 512 786 113 4 496 485 428 24843 376 264 12 14 1 1 1984 16 6 1 1 57107 579722 16020 16 14
TRIPLE 3835167 0 0 4 16 14 2 2 12 14 4960 4940 4676 69 4416 69 69 730944 104195
ROW 3 3835174 1166 22 53 4 0 0 0 0 32 512 794 113 4 496 472 422 25337 385 255 14 13 1 1 2203 18 9 1 1 43000 624585 17803 16 15
TRIPLE 3835174 0 0 4 16 15 3 3 14 13 4960 4879 4618 75 4800 75 75 757624 112209
ROW 3 3835891 1484 28 53 4 0 0 0 0 32 512 794 117 4 496 496 496 25144 376 210 8 14 1 1 2121 16 5 1 1 46477 581505 16891 16 15
TRIPLE 3835891 0 0 4 16 15 1 1 8 14 4960 4960 4960 66 4224 66 56 679999 98063
ROW 3 3836192 1160 40 29 4 0 0 0 0 32 512 748 136 4 496 471 468 24088 279 133 11 7 1 1 1802 9 7 1 1 67716 562489 14677 16 11
TRIPLE 3836192 0 0 4 16 11 2 2 11 7 4960 4906 4904 79 5056 79 79 668317 128300
ROW 3 3836256 1044 36 29 4 0 0 0 0 32 512 778 124 4 496 468 468 27846 406 294 12 12 1 1 2439 19 16 1 1 54822 639213 19266 16 15
TRIPLE 3836256 0 0 4 16 15 2 2 12 12 4960 4904 4903 68 4352 68 68 699215 101289
ROW 3 3836261 2378 82 29 4 0 0 0 0 31 512 764 108 4 465 458 436 21895 247 65 11 7 1 1 1650 9 1 1 0 41508 500123 13655 15 9
TRIPLE 3836261 0 0 4 15 9 2 2 11 7 4495 4481 4422 81 5184 81 81 613475 117940
ROW 3 3836262 1804 82 22 6 2 4091 0 2 29 512 774 101 4 406 384 328 15606 62 0 4 0 1 0 1011 1 0 0 0 41248 362476 8837 6 0
TRIPLE 3836262 2 4091 6 6 0 2 0 4 0 3654 3583 3338 66 4224 66 0 473343 94796
ROW 3 3836269 1131 39 29 4 0 0 0 0 32 512 754 122 4 496 494 466 25543 373 256 12 12 1 1 2141 16 15 1 1 43662 631288 17112 16 14
TRIPLE 3836269 0 0 4 16 14 1 1 12 12 4960 4958 4899 71 4544 71 71 768314 106769
ROW 3 3836375 2805 51 55 4 0 0 0 0 32 512 792 118 4 496 468 468 26678 378 322 12 11 1 1 2912 24 18 1 1 51146 640215 37841 16 16
TRIPLE 3836375 0 0 4 16 16 2 2 12 11 4960 4904 4785 82 5248 82 82 674339 121456
ROW 3 3836391 1980 36 55 4 0 0 0 0 32 512 782 123 4 496 468 468 26636 370 281 12 12 1 1 2347 19 12 1 1 43110 618183 18484 16 16
TRIPLE 3836391 0 0 4 16 16 2 2 12 12 4960 4904 4846 78 4992 78 78 687012 115766
ROW 3 3836392 1155 21 55 4 0 0 0 0 32 512 788 120 4 496 471 440 27002 373 217 12 12 1 1 2025 16 5 1 1 44242 630817 16270 16 15
TRIPLE 3836392 0 0 4 16 15 3 3 12 12 4960 4907 4848 101 6464 101 101 686470 160800
ROW 4 3836437 4131 81 51 4 0 0 0 0 32 512 786 111 4 496 496 496 30151 455 354 15 13 1 1 3035 23 16 1 1 46035 690758 23654 16 15
TRIPLE 3836437 0 0 4 16 15 3 3 15 13 4960 4960 4960 89 5696 89 89 708282 131465
ROW 3 3836476 1224 24 51 4 0 0 0 0 32 512 758 135 4 496 495 462 26042 365 180 12 8 1 1 2191 16 9 1 1 42128 606070 17342 16 12
TRIPLE 3836476 0 0 4 16 12 3 3 12 9 4960 4960 4894 90 5760 90 90 696840 132627
ROW 3 3836477 2040 40 51 4 0 0 0 0 32 512 758 131 4 496 495 465 24106 295 40 12 4 1 1 2044 16 8 1 1 39784 539977 16481 16 6
TRIPLE 3836477 0 0 4 16 6 3 3 12 4 4960 4960 4901 88 5632 88 81 748096 129201
ROW 3 3836487 1701 81 21 6 0 0 0 0 32 512 772 123 4 496 468 466 24938 258 7 12 2 1 0 1851 15 0 1 0 43191 647588 15048 15 2
TRIPLE 3836487 0 0 6 15 2 3 2 12 3 4960 4904 4904 74 4736 74 64 691951 108653
ROW 3 3836488 2145 39 55 4 0 0 0 0 32 512 774 127 4 496 494 468 28595 438 371 13 14 1 1 2322 17 13 1 1 43651 654381 18465 16 16
TRIPLE 3836488 0 0 4 16 16 3 3 13 14 4960 4960 4904 112 7168 112 112 705736 163986
ROW 3 3836491 2106 81 26 4 0 0 0 0 32 512 782 123 4 496 460 440 25358 304 5 12 2 1 0 1930 16 0 1 0 41016 576816 15469 16 2
TRIPLE 3836491 0 0 4 16 2 3 2 12 3 4960 4883 4848 99 6336 99 63 703943 143107
ROW 3 3836492 2349 81 29 6 0 0 0 0 32 512 768 130 4 496 445 440 23814 257 19 11 4 1 1 1916 16 0 1 0 40736 538004 15219 14 4
TRIPLE 3836492 0 0 6 14 4 4 1 11 5 4960 4850 4792 128 8192 128 22 734210 183953
ROW 3 3836521 1040 40 26 6 0 0 0 0 32 512 766 126 4 496 427 357 17019 146 0 8 0 1 0 1732 12 0 1 0 44072 411457 14207 9 0
TRIPLE 3836521 0 0 6 9 0 2 0 8 0 4960 4343 4186 69 4416 69 0 603757 99445
ROW 3 3836522 1160 40 29 6 0 0 0 0 32 512 788 119 4 496 376 300 14916 80 0 5 0 1 0 1474 6 0 1 0 44964 344683 12223 8 0
TRIPLE 3836522 0 0 6 8 0 3 0 5 0 4960 4211 4055 126 8062 124 0 592595 193872
ROW 4 3836561 4182 82 51 4 0 0 0 0 32 512 754 120 4 496 443 410 23627 298 114 11 9 1 1 2077 16 13 1 1 41367 530740 16762 15 10
TRIPLE 3836561 0 0 4 15 10 2 2 11 9 4960 4807 4709 65 4160 65 65 685248 96159
ROW 3 3836584 1722 82 21 6 12 20618 0 12 32 512 768 119 4 496 425 391 13488 87 0 8 0 1 0 1415 3 0 0 0 41868 302845 11903 9 0
TRIPLE 3836584 12 20618 6 9 0 1 0 8 0 4960 4648 4300 64 4041 9 0 640064 89707
ROW 3 3836587 1044 36 29 4 0 0 0 0 32 512 748 140 4 496 377 288 18666 233 171 8 7 1 1 2154 16 14 1 1 44243 445872 17052 12 11
TRIPLE 3836587 0 0 4 12 11 2 2 8 7 4960 4177 4134 70 4480 70 70 598857 102010
ROW 3 3836589 1044 36 29 4 0 0 0 0 32 512 746 141 4 496 385 333 18029 230 128 7 6 1 1 2008 13 11 1 1 42950 435632 27472 12 10
TRIPLE 3836589 0 0 4 12 10 3 3 7 6 4960 4333 4125 82 5248 82 82 594880 119173
ROW 3 3836591 2132 82 26 6 54 74160 0 54 31 512 766 107 4 465 352 250 13493 59 0 5 0 1 0 1408 6 0 1 0 39744 297506 11642 7 0
TRIPLE 3836591 54 74160 6 7 0 2 0 5 0 4495 3593 3504 65 4151 56 0 511084 92723
ROW 3 3836592 2378 82 29 6 23 30454 0 23 30 512 784 101 4 435 288 236 11831 27 0 4 0 1 0 1322 6 0 1 0 54271 259885 10810 5 0
TRIPLE 3836592 23 30454 6 5 0 2 0 4 0 4060 3254 2876 68 4303 25 0 443177 95248
ROW 3 3836610 1131 39 29 4 0 0 0 0 32 496 752 107 3 496 396 374 19501 209 21 8 3 1 1 1846 13 2 1 0 40345 458806 15208 12 3
TRIPLE 3836610 0 0 4 12 3 3 2 8 3 4960 4093 3866 68 4352 68 38 567308 125554
ROW 3 3851571 1092 52 21 4 0 0 0 0 32 512 716 147 4 496 496 496 30193 466 281 16 16 1 1 2905 24 3 1 1 54952 684027 22883 16 16
TRIPLE 3851571 0 0 4 16 16 2 2 16 16 4960 4960 4960 80 5120 80 80 705396 119974
ROW 3 3852561 3024 48 63 4 0 0 0 0 32 512 742 138 4 496 410 379 24282 376 359 12 12 1 1 2112 16 16 1 1 48610 578619 16812 16 16
TRIPLE 3852561 0 0 4 16 16 4 4 12 12 4960 4590 4412 128 8192 128 128 624514 197148
ROW 3 3852567 1292 34 38 4 0 0 0 0 32 512 734 147 4 496 481 424 27107 414 230 12 15 1 1 1879 17 0 1 0 43861 619967 15238 16 15
TRIPLE 3852567 0 0 4 16 15 2 2 12 15 4960 4939 4635 66 4224 66 66 673126 98824
ROW 3 3852570 1050 42 25 4 0 0 0 0 32 512 758 134 4 496 455 404 24543 376 372 12 12 1 1 2128 16 16 1 1 43330 615348 18565 16 16
TRIPLE 3852570 0 0 4 16 16 2 2 12 12 4960 4812 4499 64 4096 64 64 647548 124202
ROW 3 3852571 1248 48 26 4 0 0 0 0 32 512 742 141 4 496 439 387 24431 376 361 12 12 1 1 2104 16 16 1 1 45555 615198 26439 16 16
TRIPLE 3852571 0 0 4 16 16 2 2 12 12 4960 4765 4445 66 4224 66 66 677734 113983
ROW 3 3852572 1200 48 25 6 0 0 0 0 32 512 732 146 4 496 468 405 24668 368 240 12 15 1 1 1784 16 0 1 0 44072 608335 14637 16 15
TRIPLE 3852572 0 0 6 16 15 2 2 12 15 4960 4893 4528 64 4096 64 64 669850 95678
ROW 4 3852575 8235 61 135 4 0 0 0 0 28 512 774 116 4 378 362 341 21068 320 284 12 10 1 1 2466 19 19 1 1 64670 539677 19206 14 13
TRIPLE 3852575 0 0 4 14 13 4 4 12 10 3276 3238 3165 128 8192 128 128 485796 185176
ROW 4 3852626 4332 57 76 4 0 0 0 0 28 512 758 126 4 378 319 312 19159 296 160 10 10 1 1 1776 16 0 1 0 43792 435743 14176 13 10
TRIPLE 3852626 0 0 4 13 10 2 2 10 10 3276 3064 3056 65 4160 65 65 429642 96680
ROW 3 3852627 3363 57 59 4 0 0 0 0 32 512 760 132 4 496 376 376 24064 376 256 12 16 1 1 1888 16 0 1 0 43752 568441 15229 16 16
TRIPLE 3852627 0 0 4 16 16 2 2 12 16 4960 4400 4400 65 4160 65 65 626889 97030
ROW 3 3852655 2888 38 76 4 0 0 0 0 32 512 720 152 4 496 496 471 26192 394 297 12 14 1 1 2148 17 7 1 1 43681 643511 17162 16 16
TRIPLE 3852655 0 0 4 16 16 2 2 12 14 4960 4960 4909 72 4608 72 72 700076 107601
ROW 3 3852656 2242 38 59 4 0 0 0 0 32 512 706 159 4 496 496 471 27919 421 370 12 12 1 1 2361 17 12 1 1 41046 645144 18585 16 16
TRIPLE 3852656 0 0 4 16 16 2 2 12 12 4960 4960 4906 69 4416 69 69 695127 102822
ROW 3 3852661 1748 23 76 6 0 0 0 0 32 512 746 132 3 496 443 414 22232 233 176 15 11 1 1 1080 0 0 0 0 41578 528596 9468 15 11
TRIPLE 3852661 0 0 6 15 11 2 2 15 11 4960 4752 4510 69 4416 69 69 685268 141614
ROW 3 3852662 1357 23 59 6 0 0 0 0 32 512 718 153 4 496 442 414 24430 372 207 12 13 1 1 1730 16 0 1 0 44232 563181 14046 16 13
TRIPLE 3852662 0 0 6 16 13 2 2 12 13 4960 4782 4490 79 5056 79 79 650494 117399
ROW 3 3852663 3952 52 76 6 0 0 0 0 32 512 724 147 4 496 460 424 21072 152 144 11 9 1 1 1181 3 0 0 0 42830 487720 9998 11 9
TRIPLE 3852663 0 0 6 11 9 3 3 11 9 4960 4842 4692 68 4352 68 68 640725 99326
ROW 3 3852664 3068 52 59 4 0 0 0 0 32 512 722 152 4 496 468 432 22999 271 128 9 8 1 1 1680 16 0 1 0 41557 534978 13565 13 8
TRIPLE 3852664 0 0 4 13 8 3 3 9 8 4960 4904 4793 68 4352 68 68 668047 99927
ROW 3 3852710 3528 56 63 6 0 0 0 0 32 512 722 153 4 496 466 377 24650 376 256 12 16 1 1 1704 16 0 1 0 40455 557359 13915 16 16
TRIPLE 3852710 0 0 6 16 16 2 2 12 16 4960 4901 4400 66 4224 66 66 646987 98534
ROW 3 3852711 2576 56 46 4 0 0 0 0 32 512 738 145 4 496 460 391 25262 376 243 12 15 1 1 1967 16 3 1 1 39975 596924 15860 16 15
TRIPLE 3852711 0 0 4 16 15 3 3 12 15 4960 4879 4467 65 4160 65 65 630135 96851
ROW 3 3852712 1197 19 63 4 0 0 0 0 28 463 652 139 3 378 312 312 19968 312 219 10 14 1 1 1859 16 3 1 1 35406 464767 14487 14 14
TRIPLE 3852712 0 0 4 14 14 2 2 10 14 3276 3056 3056 72 4608 72 72 402791 106729
ROW 3 3852713 1827 29 63 6 0 0 0 0 32 512 694 153 4 496 474 442 23070 292 256 12 16 1 1 1098 8 0 1 0 39624 541049 9407 16 16
TRIPLE 3852713 0 0 6 16 16 2 2 12 16 4960 4916 4847 66 4224 66 66 683495 97712
ROW 3 3852714 2208 48 46 4 0 0 0 0 32 512 728 148 4 496 376 376 24056 368 193 12 15 1 1 1702 16 0 1 0 41186 546619 13545 16 15
TRIPLE 3852714 0 0 4 16 15 3 3 12 15 4960 4400 4400 69 4416 69 69 612422 101990
ROW 3 3852715 1638 26 63 6 0 0 0 0 32 512 708 160 4 496 467 409 24666 361 256 12 16 1 1 1666 12 0 1 0 40375 578178 13736 16 16
TRIPLE 3852715 0 0 6 16 16 2 2 12 16 4960 4894 4545 72 4608 72 72 643561 106469
ROW 3 3852718 2128 56 38 4 0 0 0 0 32 512 710 159 4 496 494 449 26350 336 267 16 16 1 1 1172 4 0 1 0 39805 589520 10019 16 16
TRIPLE 3852718 0 0 4 16 16 2 2 16 16 4960 4959 4861 65 4160 65 65 689166 96500
ROW 3 3852721 1102 29 38 6 1 1463 0 1 32 512 700 153 4 496 492 385 22043 329 161 16 10 1 1 516 4 0 1 0 39354 499432 4990 16 13
TRIPLE 3852721 1 1463 6 16 13 1 1 16 10 4960 4957 4486 69 4416 69 69 671894 102681
ROW 3 3852725 2856 56 51 6 0 0 0 0 32 512 734 147 4 496 482 434 23430 276 217 15 15 1 1 1242 0 0 0 0 39794 547471 10510 15 15
TRIPLE 3852725 0 0 6 15 15 2 2 15 15 4960 4942 4712 65 4160 65 65 679167 96811
ROW 3 3852726 1248 48 26 6 3 5681 0 3 25 447 636 131 3 300 267 264 14643 144 139 9 9 1 1 1266 0 0 0 0 34605 326559 10129 9 9
TRIPLE 3852726 3 5681 6 9 9 2 2 9 9 2300 2216 2216 67 4288 67 67 290602 97662
ROW 3 3852727 1200 48 25 6 3 5644 0 3 26 462 662 132 3 325 292 280 13930 144 91 9 8 1 1 714 0 0 0 0 34715 325548 6292 9 9
TRIPLE 3852727 3 5644 6 9 9 2 2 9 8 2600 2520 2480 69 4416 69 66 330287 100317
ROW 3 3852728 1326 26 51 4 0 0 0 0 32 512 708 160 4 496 480 442 25447 319 208 16 15 1 1 1013 3 0 1 0 38472 582016 8636 16 15
TRIPLE 3852728 0 0 4 16 15 2 2 16 15 4960 4927 4849 71 4544 71 71 684537 108953
ROW 3 3852729 2394 38 63 4 0 0 0 0 32 512 714 155 4 496 496 496 23812 320 224 16 15 1 1 977 2 1 1 0 39703 536902 8767 16 15
TRIPLE 3852729 0 0 4 16 15 2 2 16 15 4960 4960 4960 84 5376 84 84 699074 124052
ROW 3 3852731 1748 38 46 4 0 0 0 0 32 512 708 159 4 496 496 493 27395 333 251 16 16 1 1 1612 5 1 1 0 38512 644122 13235 16 16
TRIPLE 3852731 0 0 4 16 16 2 2 16 16 4960 4960 4959 71 4544 71 71 721356 134130
ROW 3 3852745 1449 23 63 6 0 0 0 0 32 472 676 132 3 496 483 295 11223 108 1 8 1 1 0 216 0 0 0 0 37620 275935 3026 8 1
TRIPLE 3852745 0 0 6 8 1 2 1 8 1 4960 4889 4154 70 4480 70 3 677384 101881
ROW 3 3852746 1058 23 46 6 0 0 0 0 32 512 708 156 4 496 485 411 15489 128 63 8 8 1 1 360 0 0 0 0 41006 360232 4288 8 8
TRIPLE 3852746 0 0 6 8 8 2 1 8 8 4960 4922 4676 68 4352 68 2 677534 99907
ROW 3 3852747 1890 30 63 6 0 0 0 0 32 496 702 145 3 496 475 474 19401 200 130 9 8 1 1 511 3 0 0 0 39163 440241 5120 9 8
TRIPLE 3852747 0 0 6 9 8 2 2 9 8 4960 4921 4906 72 4608 72 72 678085 106379
ROW 3 3852748 1386 22 63 6 0 0 0 0 32 462 658 134 3 496 468 316 12128 154 119 8 8 1 1 357 3 0 0 0 35747 298867 4018 8 8
TRIPLE 3852748 0 0 6 8 8 2 2 8 8 4960 4860 4108 65 4160 65 65 623403 95318
ROW 3 3852750 2392 52 46 4 0 0 0 0 32 512 722 152 4 496 470 468 14120 134 128 8 8 1 1 567 3 0 1 0 39604 337630 5400 8 8
TRIPLE 3852750 0 0 4 8 8 2 2 8 8 4960 4905 4904 65 4160 65 65 661304 94927
ROW 3 3852761 1352 52 26 6 0 0 0 0 32 486 674 150 3 496 365 345 12120 143 47 8 6 1 1 289 1 0 0 0 36719 298487 3286 8 6
TRIPLE 3852761 0 0 6 8 6 2 2 8 6 4960 4380 4210 92 5888 92 92 611080 133659
ROW 3 3852762 1300 52 25 6 0 0 0 0 32 504 704 150 3 496 364 351 13041 155 3 8 1 1 0 416 4 0 1 0 52938 302384 4488 8 1
TRIPLE 3852762 0 0 6 8 1 1 1 8 2 4960 4378 3912 68 4352 68 63 581064 114965
ROW 3 3852805 1394 34 41 4 0 0 0 0 32 512 734 147 4 496 409 388 24658 383 342 12 12 1 1 2085 16 9 1 1 41577 584771 16601 16 16
TRIPLE 3852805 0 0 4 16 16 3 3 12 12 4960 4572 4429 64 4096 64 64 640074 95569
ROW 3 3852828 1872 48 39 6 0 0 0 0 32 512 730 142 4 496 468 398 24566 286 256 14 16 1 1 1428 4 0 1 0 39213 608215 15859 16 16
TRIPLE 3852828 0 0 6 16 16 2 2 14 16 4960 4903 4487 65 4160 65 65 641917 123451
ROW 3 3852865 1083 57 19 4 0 0 0 0 32 512 776 125 4 496 380 376 24068 376 224 12 14 1 1 1572 16 0 1 0 60553 598356 12664 16 14
TRIPLE 3852865 0 0 4 16 14 2 2 12 14 4960 4412 4400 67 4288 67 67 619977 100648
ROW 3 3852977 1025 25 41 6 0 0 0 0 32 512 720 154 4 496 471 384 25410 389 256 12 16 1 1 1632 16 0 1 0 40937 582597 13495 16 16
TRIPLE 3852977 0 0 6 16 16 3 3 12 16 4960 4907 4403 64 4096 64 64 663318 96079
ROW 3 3852982 1189 29 41 6 4 5336 0 4 32 512 692 155 4 496 473 453 19262 259 249 16 16 1 1 470 0 0 0 0 39463 452604 4889 16 16
TRIPLE 3852982 4 5336 6 16 16 2 2 16 16 4960 4909 4862 73 4672 73 73 674238 107932
ROW 3 3853014 2184 56 39 4 0 0 0 0 32 512 710 159 4 496 493 455 27001 348 284 16 16 1 1 1384 8 0 1 0 38852 623353 11601 16 16
TRIPLE 3853014 0 0 4 16 16 2 2 16 16 4960 4959 4875 65 4160 65 65 682524 97021
ROW 3 3853016 1131 29 39 6 0 0 0 0 32 512 702 152 4 496 492 361 23088 348 196 16 12 1 1 760 8 0 1 0 39183 524518 6853 16 12
TRIPLE 3853016 0 0 6 16 12 1 1 16 12 4960 4955 4370 69 4416 69 69 665823 102792
ROW 3 3853051 1230 30 41 4 0 0 0 0 32 484 654 157 3 496 362 356 16868 220 147 8 8 1 1 666 8 0 1 0 37210 402832 6272 8 8
TRIPLE 3853051 0 0 4 8 8 2 2 8 8 4960 4368 4108 68 4352 68 68 601663 100307
ROW 3 3853132 2128 28 76 6 0 0 0 0 32 512 714 154 4 496 496 496 21422 150 128 9 8 1 1 1261 3 0 0 0 40074 488110 10731 9 8
TRIPLE 3853132 0 0 6 9 8 3 3 9 8 4960 4960 4960 70 4480 70 70 692572 102311
ROW 3 3853158 1764 28 63 6 0 0 0 0 32 512 710 156 4 496 493 374 16371 210 115 8 8 1 1 812 8 0 1 0 40094 376112 7384 8 8
TRIPLE 3853158 0 0 6 8 8 2 2 8 8 4960 4960 4398 66 4224 66 66 658088 96760
ROW 4 3853285 4902 57 86 4 0 0 0 0 32 512 758 135 4 496 403 376 24091 376 372 12 12 1 1 2055 16 13 1 1 42769 568671 16200 16 16
TRIPLE 3853285 0 0 4 16 16 2 2 12 12 4960 4522 4400 115 7360 115 115 622271 166210
ROW 4 3853339 4845 57 85 4 0 0 0 0 32 512 748 135 4 496 488 426 22102 246 205 16 13 1 1 1023 1 0 1 0 43491 507678 8876 16 13
TRIPLE 3853339 0 0 4 16 13 2 2 16 13 4960 4944 4650 68 4352 68 68 670471 100256
ROW 3 3853368 1955 23 85 4 0 0 0 0 32 512 734 143 4 496 496 467 19118 250 150 15 10 1 1 423 1 0 1 0 41938 436484 4428 15 12
TRIPLE 3853368 0 0 4 15 12 2 2 15 10 4960 4960 4903 70 4480 70 65 690959 104044
ROW 1 3854139 147 7 21 4 0 0 0 0 29 492 746 116 3 406 406 406 25408 372 148 12 9 1 1 2554 25 2 1 0 47999 580252 19777 14 10
TRIPLE 3854139 0 0 4 14 10 2 2 12 9 3654 3654 3654 74 4736 74 74 502137 108893
ROW 3 3882636 2244 34 66 2 0 0 0 0 32 481 696 132 3 496 436 403 18366 213 140 12 11 1 1 1780 11 3 1 1 59701 445391 14868 15 13
TRIPLE 3882636 0 0 2 15 13 3 3 12 11 4960 4711 4337 79 5056 79 78 665502 130754
ROW 3 3883012 1702 23 74 4 0 0 0 0 32 512 692 168 4 496 443 307 18926 275 264 14 14 1 1 832 7 3 1 1 45956 443307 7594 16 16
TRIPLE 3883012 0 0 4 16 16 2 2 14 14 4960 4776 4067 69 4416 69 69 636547 102441
ROW 2 4163028 260 10 26 4 0 0 0 0 32 512 808 110 4 496 341 209 13122 179 80 13 9 1 1 1114 8 8 1 1 66945 312684 9527 14 10
TRIPLE 4163028 0 0 4 14 10 3 3 13 9 4960 4047 2761 73 4672 73 64 521763 106719
ROW 3 4218990 1260 45 28 6 0 0 0 0 29 512 910 59 4 406 322 272 15498 191 87 13 11 1 1 900 6 0 1 0 66114 350554 7754 14 11
TRIPLE 4218990 0 0 6 14 11 4 3 13 11 3654 3260 2878 88 5632 88 37 462123 128831
ROW 1 4270673 126 42 3 6 33 10848 29 27 25 434 660 92 2 300 48 28 536 0 0 0 0 0 0 170 0 0 0 0 47779 19396 2034 0 0
TRIPLE 4270673 33 10848 6 0 0 0 0 0 0 2300 541 293 125 1767 0 0 95068 40897
ROW 2 4271638 270 18 15 4 0 0 0 0 24 447 714 89 3 276 242 202 12783 175 65 8 7 1 1 1075 8 7 1 1 49973 290752 8836 12 9
TRIPLE 4271638 0 0 4 12 9 3 2 9 7 2024 1830 1633 82 5248 82 56 250748 119222
ROW 3 4271773 1104 48 23 4 0 0 0 0 26 468 736 99 3 325 299 258 13945 174 96 9 8 1 1 1361 7 4 1 1 43521 318715 11091 13 8
TRIPLE 4271773 0 0 4 13 8 2 2 9 8 2600 2533 2339 73 4672 73 39 330296 121607
ROW 3 4272128 1056 48 22 4 0 0 0 0 32 492 782 98 3 496 370 318 15586 198 74 9 6 1 1 1321 11 6 1 1 43721 361164 11090 11 9
TRIPLE 4272128 0 0 4 11 9 3 3 9 6 4960 4281 3914 70 4480 70 70 609797 102932
ROW 2 4272669 272 16 17 6 0 0 0 0 32 512 756 136 4 496 294 196 12925 146 120 10 8 1 1 250 2 0 0 0 48221 303095 3126 13 8
TRIPLE 4272669 0 0 6 13 8 2 2 11 8 4960 3865 2817 71 4544 71 68 539808 104245
ROW 3 4273122 1034 22 47 4 0 0 0 0 32 512 744 142 4 496 468 448 23753 305 156 13 11 1 1 2367 19 8 1 1 47939 540940 18725 13 11
TRIPLE 4273122 0 0 4 13 11 3 3 13 11 4960 4877 4384 103 6592 103 67 677784 150271
ROW 3 4273123 2688 48 56 4 0 0 0 0 32 512 748 140 4 496 468 444 24072 280 185 12 10 1 1 2617 23 11 1 1 42700 559284 20498 12 12
TRIPLE 4273123 0 0 4 12 12 3 3 12 10 4960 4880 4617 85 5440 85 85 662456 136294
ROW 3 4273126 1736 31 56 4 0 0 0 0 32 512 788 120 4 496 468 430 21828 270 122 12 9 1 1 2082 19 0 1 0 41447 493140 16531 13 9
TRIPLE 4273126 0 0 4 13 9 2 2 12 9 4960 4785 4392 96 6144 96 37 665682 140322
ROW 3 4273231 1292 38 34 4 0 0 0 0 32 512 816 106 4 496 421 346 22058 304 184 14 10 1 1 1472 16 4 1 1 44163 525951 11852 16 13
TRIPLE 4273231 0 0 4 16 13 3 3 14 10 4960 4636 4243 88 5632 88 88 630236 128210
ROW 3 4273255 1330 38 35 4 0 0 0 0 32 512 864 82 4 496 343 303 17506 232 135 13 10 1 1 728 5 5 1 1 45364 434450 6692 15 13
TRIPLE 4273255 0 0 4 15 13 2 2 13 10 4960 4216 3847 98 6272 98 98 581094 159187
ROW 3 4273268 1184 37 32 4 0 0 0 0 32 512 786 121 4 496 429 394 18114 249 228 9 8 1 1 2104 16 16 1 1 43551 424001 16691 12 12
TRIPLE 4273268 0 0 4 12 12 2 2 9 8 4960 4322 3986 75 4800 75 75 603626 108763
ROW 3 4273335 1332 37 36 4 0 0 0 0 32 512 764 132 4 496 439 399 23216 322 163 13 13 1 1 1529 10 5 1 1 42289 527384 12924 15 14
TRIPLE 4273335 0 0 4 15 14 2 2 13 13 4960 4728 4514 73 4672 73 73 706698 139490
ROW 3 4273339 1961 37 53 4 0 0 0 0 32 512 762 133 4 496 468 409 25675 365 281 13 14 1 1 2317 19 12 1 1 44403 612633 18394 16 15
TRIPLE 4273339 0 0 4 16 15 2 2 13 14 4960 4793 4601 82 5248 82 82 680269 121477
ROW 3 4273340 1813 37 49 4 0 0 0 0 32 512 780 124 4 496 468 434 24927 327 298 15 14 1 1 2285 18 13 1 1 40405 558592 17983 16 16
TRIPLE 4273340 0 0 4 16 16 3 3 15 14 4960 4889 4477 128 8192 128 128 677654 185116
ROW 3 4273351 1258 37 34 4 0 0 0 0 32 512 774 127 4 496 436 411 24273 333 264 14 15 1 1 1801 16 9 1 1 42609 570004 14347 16 15
TRIPLE 4273351 0 0 4 16 15 3 3 14 15 4960 4787 4575 127 8128 127 125 645725 195545
ROW 3 4273414 1054 31 34 6 0 0 0 0 32 512 788 119 4 496 400 281 10559 76 36 8 5 1 1 553 1 0 0 0 40356 244867 5901 8 6
TRIPLE 4273414 0 0 6 8 6 2 0 8 5 4960 4404 3649 90 5396 70 0 590391 134271
ROW 3 4273428 1680 48 35 4 0 0 0 0 32 512 778 123 4 496 361 332 17314 247 173 8 9 1 1 1915 16 9 1 1 40015 405617 15659 12 12
TRIPLE 4273428 0 0 4 12 12 3 2 8 9 4960 4333 4169 73 4672 73 42 621970 106969
ROW 3 4273429 1536 48 32 4 0 0 0 0 32 512 772 127 4 496 420 377 17402 248 211 8 8 1 1 2126 16 10 1 1 40847 402792 17032 12 12
TRIPLE 4273429 0 0 4 12 12 2 2 8 8 4960 4414 4285 78 4992 78 64 630677 113813
ROW 3 4273430 1085 31 35 4 0 0 0 0 32 512 796 113 4 496 347 310 16558 233 103 9 8 1 1 1822 15 3 1 1 39053 382083 14597 12 8
TRIPLE 4273430 0 0 4 12 8 2 0 9 8 4960 4221 3772 83 5312 83 0 588829 120184
ROW 3 4273432 1104 48 23 4 0 0 0 0 32 512 750 138 4 496 440 419 18890 248 188 10 9 1 1 1678 15 5 1 1 40115 448276 13575 12 12
TRIPLE 4273432 0 0 4 12 12 2 2 10 9 4960 4720 4530 75 4800 75 38 651225 109615
ROW 3 4273471 1728 48 36 4 0 0 0 0 32 512 766 131 4 496 460 422 19513 239 163 9 9 1 1 1826 15 2 1 0 52077 446042 14728 12 11
TRIPLE 4273471 0 0 4 12 11 2 3 9 9 4960 4718 4308 76 4864 76 56 649632 111167
ROW 3 4273472 1054 31 34 6 0 0 0 0 32 512 786 121 4 496 425 367 18411 208 93 11 9 1 1 1376 7 0 1 0 41077 442205 11792 12 9
TRIPLE 4273472 0 0 6 12 9 2 2 11 9 4960 4509 4251 78 4992 78 13 673858 114965
ROW 3 4273473 1116 31 36 6 0 0 0 0 32 512 782 123 4 496 416 360 17641 223 75 9 8 1 1 1380 13 0 1 0 40345 410986 11571 12 8
TRIPLE 4273473 0 0 6 12 8 2 1 9 8 4960 4418 4084 88 5632 88 24 612823 127618
ROW 3 4273474 2544 48 53 4 0 0 0 0 32 512 756 136 4 496 457 415 22380 284 161 12 12 1 1 2438 22 5 1 1 41297 522053 19085 13 12
TRIPLE 4273474 0 0 4 13 12 3 3 12 12 4960 4702 4392 124 7936 124 114 641968 194122
ROW 3 4273476 1643 31 53 4 0 0 0 0 32 512 768 130 4 496 448 385 19925 253 128 10 8 1 1 1884 19 0 1 0 39464 455110 14958 12 8
TRIPLE 4273476 0 0 4 12 8 3 2 10 8 4960 4612 4096 128 8192 128 64 625427 184864
ROW 3 4273477 1519 31 49 4 0 0 0 0 32 512 768 130 4 496 461 344 18966 251 129 9 9 1 1 2029 18 0 1 0 40887 462713 16280 12 9
TRIPLE 4273477 0 0 4 12 9 3 3 9 9 4960 4317 4177 127 8128 127 63 646496 183903
ROW 3 4273489 1632 48 34 4 0 0 0 0 32 512 760 134 4 496 466 431 20344 257 187 10 9 1 1 2008 15 12 1 1 39464 510933 16291 12 12
TRIPLE 4273489 0 0 4 12 12 2 2 10 9 4960 4758 4336 73 4672 73 73 651005 107019
ROW 3 4273491 1054 31 34 4 0 0 0 0 32 512 756 136 4 496 431 393 18747 239 112 9 10 1 1 1767 12 2 1 0 39794 430123 14356 12 10
TRIPLE 4273491 0 0 4 12 10 2 0 9 10 4960 4457 4177 73 4672 73 0 623533 106008
ROW 3 4273492 1178 31 38 4 0 0 0 0 32 512 758 135 4 496 436 384 19453 247 215 8 9 1 1 2007 14 13 1 1 41237 458114 16020 12 12
TRIPLE 4273492 0 0 4 12 12 2 2 8 9 4960 4460 4171 80 5120 80 75 621530 116337
ROW 3 4273495 1271 31 41 4 0 0 0 0 32 512 764 132 4 496 458 407 20041 249 169 9 10 1 1 2166 17 2 1 0 40896 478002 17152 12 12
TRIPLE 4273495 0 0 4 12 12 3 1 9 10 4960 4604 4189 69 4416 69 19 627702 101749
ROW 3 4273850 1054 31 34 4 0 0 0 0 24 448 672 106 2 276 249 227 13862 189 94 8 7 1 1 1548 10 10 1 1 37140 330206 12293 12 9
TRIPLE 4273850 0 0 4 12 9 1 2 8 7 2024 1925 1823 69 4416 69 63 244496 126837
ROW 3 4275776 1128 24 47 4 0 0 0 0 32 512 726 150 4 496 468 460 25764 367 172 12 8 1 1 2048 16 8 1 1 42589 616591 16501 15 12
TRIPLE 4275776 0 0 4 15 12 2 2 12 8 4960 4904 4732 67 4288 67 67 697782 98844
ROW 3 4275788 1260 35 36 6 0 0 0 0 28 491 778 90 3 378 291 143 3873 3 0 1 0 0 0 431 2 0 0 0 41918 97241 4458 1 0
TRIPLE 4275788 0 0 6 1 0 0 0 1 0 3276 2623 1932 99 2219 0 0 339083 50013
ROW 3 4275792 1435 35 41 6 0 0 0 0 29 470 728 94 2 406 350 255 7622 7 0 2 0 0 0 667 2 0 0 0 36328 173835 6292 2 0
TRIPLE 4275792 0 0 6 2 0 2 0 2 0 3654 3224 2812 128 5002 19 0 444759 111928
ROW 3 4275795 1148 28 41 6 0 0 0 0 32 472 714 109 3 496 432 383 16226 166 59 8 6 1 1 1469 11 7 1 1 34635 404315 15589 11 8
TRIPLE 4275795 0 0 6 11 8 2 1 8 6 4960 4575 4299 89 4890 65 8 665852 130273
ROW 3 4275800 1148 28 41 6 0 0 0 0 32 444 694 90 2 496 369 261 9125 51 3 5 2 1 0 836 3 1 0 0 36267 267409 10008 7 2
TRIPLE 4275800 0 0 6 7 2 2 0 5 2 4960 4201 3531 85 3205 23 0 630867 99997
ROW 3 4275818 1645 35 47 6 0 0 0 0 28 497 736 115 3 378 328 242 13515 128 0 6 0 1 0 1358 9 0 1 0 56525 390619 14618 10 0
TRIPLE 4275818 0 0 6 10 0 3 0 6 0 3276 2973 2666 66 4224 66 0 517095 128469
ROW 3 4275824 1316 28 47 6 0 0 0 0 32 474 732 101 2 496 382 278 9290 26 0 5 0 1 0 722 2 0 0 0 48160 287637 8305 6 0
TRIPLE 4275824 0 0 6 6 0 3 0 5 0 4960 4312 3841 128 6876 58 0 777370 216264
ROW 3 4275826 1568 28 56 6 0 0 0 0 32 486 734 112 3 496 411 229 15147 101 4 7 1 1 0 1005 4 0 1 0 53731 441063 8877 11 1
TRIPLE 4275826 0 0 6 11 1 2 0 7 1 4960 4217 3512 118 7542 108 0 628242 167843
ROW 3 4275842 1056 32 33 4 0 0 0 0 31 486 732 109 3 465 385 331 16093 202 96 11 7 1 1 1552 10 8 1 1 39764 369620 12964 14 9
TRIPLE 4275842 0 0 4 14 9 2 2 11 7 4495 4112 3805 70 4480 70 69 645705 103292
ROW 3 4275890 1155 35 33 6 0 0 0 0 27 470 734 95 3 351 280 253 11305 125 24 8 3 1 1 1231 10 3 1 1 37851 291263 10189 11 3
TRIPLE 4275890 0 0 6 11 3 2 2 8 3 2925 2627 2340 69 4416 69 46 352408 100618
ROW 3 4275914 1225 35 35 4 0 0 0 0 25 447 686 94 2 300 267 248 12827 176 82 10 7 1 1 1717 12 7 1 1 34775 294298 13505 11 8
TRIPLE 4275914 0 0 4 11 8 2 2 10 7 2300 2206 2103 72 4608 72 51 316731 105848
ROW 3 4275999 1372 28 49 4 0 0 0 0 32 479 732 105 3 496 362 297 17350 240 7 8 1 1 0 1574 15 0 1 0 40125 391310 12984 12 1
TRIPLE 4275999 0 0 4 12 1 2 0 8 1 4960 4180 3437 84 5376 84 0 586975 121737
ROW 3 4276001 1190 35 34 4 0 0 0 0 28 485 730 107 3 378 314 249 13186 184 77 8 8 1 1 1946 16 6 1 1 38842 300841 15279 10 8
TRIPLE 4276001 0 0 4 10 8 2 2 8 8 3276 2775 2634 104 6656 104 57 400507 150040
ROW 3 4276007 1064 28 38 4 0 0 0 0 32 478 712 115 3 496 381 281 17003 248 10 8 2 1 0 1915 16 0 1 0 40516 388806 18234 12 2
TRIPLE 4276007 0 0 4 12 2 3 0 8 2 4960 4129 4034 80 5120 80 0 623282 125494
ROW 3 4276013 1148 28 41 4 0 0 0 0 32 481 726 110 3 496 385 308 18785 264 10 9 1 1 0 1694 16 0 1 0 54281 457803 13987 13 1
TRIPLE 4276013 0 0 4 13 1 2 0 9 1 4960 4320 3931 78 4992 78 0 614075 128160
ROW 3 4278786 2832 48 59 4 0 0 0 0 28 489 746 115 3 378 376 376 21647 307 236 12 12 1 1 3135 24 15 1 1 41848 518267 45064 13 13
TRIPLE 4278786 0 0 4 13 13 2 2 12 12 3276 3276 3276 82 5248 82 82 450712 126006
ROW 3 4278787 1829 31 59 4 0 0 0 0 25 471 722 110 3 300 300 300 18814 284 126 12 8 1 1 2714 24 8 1 1 36358 422788 20628 12 8
TRIPLE 4278787 0 0 4 12 8 2 3 12 8 2300 2300 2300 110 7040 110 64 320277 159668
ROW 3 4278789 1860 31 60 4 0 0 0 0 32 512 774 127 4 496 468 430 24031 291 139 12 10 1 1 2448 21 5 1 1 45345 546439 19386 13 10
TRIPLE 4278789 0 0 4 13 10 2 1 12 10 4960 4838 4454 68 4352 68 19 676543 100899
ROW 3 4278802 1035 15 69 4 0 0 0 0 32 480 744 105 3 496 428 337 16662 160 13 8 3 1 1 1891 16 3 1 1 43862 381212 15108 11 3
TRIPLE 4278802 0 0 4 11 3 3 2 8 3 4960 4468 4074 69 4416 69 25 643350 101700
ROW 3 4278883 1652 28 59 4 0 0 0 0 32 486 736 111 3 496 440 331 20306 250 8 9 1 1 0 1573 17 0 1 0 41608 479275 12884 12 1
TRIPLE 4278883 0 0 4 12 1 3 0 9 1 4960 4600 4203 84 5376 84 0 636998 121697
ROW 3 4278889 1680 28 60 4 0 0 0 0 32 480 724 110 3 496 423 361 21137 256 12 9 2 1 0 1859 17 0 1 0 39814 498069 17984 12 2
TRIPLE 4278889 0 0 4 12 2 2 0 9 2 4960 4627 4175 71 4544 71 0 680600 143127
ROW 3 4396954 1300 10 130 4 0 0 0 0 24 452 696 102 3 276 248 248 15872 248 114 8 6 1 1 1963 16 9 1 1 71534 506705 20959 12 9
TRIPLE 4396954 0 0 4 12 9 2 2 8 6 2024 1968 1968 65 4160 65 65 384328 145371
ROW 5 4397214 18720 144 130 4 0 0 0 0 26 475 738 104 3 325 281 280 17449 248 189 8 8 1 1 2084 16 16 1 1 64670 455060 16530 12 11
TRIPLE 4397214 0 0 4 12 11 2 2 8 8 2600 2481 2480 68 4352 68 68 462883 100368
ROW 5 4397215 22620 174 130 6 0 0 0 0 24 468 716 105 3 276 248 248 13792 136 0 8 0 1 0 1632 16 0 1 0 42459 302684 12894 8 0
TRIPLE 4397215 0 0 6 8 0 2 0 8 0 2024 1968 1968 65 4160 65 0 289379 93655
ROW 4 4397216 16182 174 93 4 0 0 0 0 32 512 736 146 4 496 468 463 26199 387 178 12 11 1 1 2175 16 9 1 1 45065 617833 17342 16 12
TRIPLE 4397216 0 0 4 16 12 2 2 12 11 4960 4820 4699 73 4672 73 35 759777 109544
ROW 4 4397217 10512 144 73 6 90 652985 0 90 30 503 788 105 3 435 347 344 19307 200 0 8 0 1 0 1660 16 0 1 0 45104 453537 13375 10 0
TRIPLE 4397217 90 652985 6 10 0 2 0 8 0 4060 3701 3697 68 4352 68 0 511604 98244
ROW 4 4397218 12702 174 73 6 2130 14967534 210 2130 25 490 746 102 3 300 264 264 9904 0 0 0 0 0 0 690 0 0 0 0 65222 214530 5912 0 0
TRIPLE 4397218 2130 14967534 6 0 0 0 0 0 0 2300 2216 2216 73 2701 0 0 300852 59330
ROW 4 4397219 8060 62 130 4 0 0 0 0 27 464 704 111 3 351 301 299 18917 258 146 9 8 1 1 2126 16 16 1 1 42129 443888 16471 12 9
TRIPLE 4397219 0 0 4 12 9 2 2 9 8 2925 2772 2761 66 4224 66 66 375190 96921
ROW 4 4397220 12220 94 130 6 14 95167 0 14 25 470 714 110 3 300 267 264 13965 38 0 5 0 1 0 1598 7 0 1 0 37951 297284 12624 5 0
TRIPLE 4397220 14 95167 6 5 0 0 0 5 0 2300 2218 2216 74 4662 0 0 323643 102762
ROW 4 4397221 8742 94 93 4 0 0 0 0 32 512 748 140 4 496 468 466 25227 301 43 12 4 1 1 2046 16 0 1 0 44153 561457 16431 15 4
TRIPLE 4397221 0 0 4 15 4 2 0 12 4 4960 4904 4868 72 4608 72 0 689286 114935
ROW 4 4397222 4526 62 73 6 14 95839 0 14 32 492 772 104 3 496 376 376 19574 148 0 9 0 1 0 1659 13 0 1 0 56446 460238 13486 9 0
TRIPLE 4397222 14 95839 6 9 0 2 0 9 0 4960 4400 4400 66 4224 66 0 631117 118250
ROW 4 4397223 6862 94 73 6 689 4491202 207 681 25 486 744 103 3 300 264 264 7228 0 0 0 0 0 0 428 0 0 0 0 38712 156692 3867 0 0
TRIPLE 4397223 689 4491202 6 0 0 0 0 0 0 2300 2216 2216 109 3131 0 0 299639 69801
ROW 4 4397225 11050 85 130 6 28 184372 0 28 23 457 708 80 3 253 232 232 12344 120 0 8 0 1 0 1630 16 0 1 0 35035 273339 12664 8 0
TRIPLE 4397225 28 184372 6 8 0 2 0 8 0 1771 1736 1736 69 4416 69 0 253092 99125
ROW 4 4397226 7905 85 93 4 0 0 0 0 32 512 762 118 4 496 449 432 24606 349 172 12 11 1 1 2092 16 6 1 1 43010 566266 16631 15 12
TRIPLE 4397226 0 0 4 15 12 2 1 12 11 4960 4661 4616 74 4736 74 28 685880 110596
ROW 4 4397227 5256 72 73 6 174 1188086 0 174 29 498 780 84 3 406 328 328 20230 248 0 9 0 1 0 1642 16 0 1 0 40546 468454 13024 12 0
TRIPLE 4397227 174 1188086 6 12 0 2 0 9 0 3654 3368 3368 68 4352 68 0 471330 98544
ROW 4 4397228 6205 85 73 6 1332 8601164 376 1329 24 460 706 80 3 276 248 248 8856 0 0 0 0 0 0 664 0 0 0 0 36779 247642 5670 0 0
TRIPLE 4397228 1332 8601164 6 0 0 0 0 0 0 2024 1968 1968 68 2516 0 0 261228 55623
ROW 3 4397229 2730 21 130 6 11 73807 0 11 24 425 664 81 2 276 248 248 12416 120 0 8 0 1 0 1640 16 0 1 0 36087 276265 12954 8 0
TRIPLE 4397229 11 73807 6 8 0 2 0 8 0 2024 1968 1968 65 4160 65 0 269583 93595
ROW 3 4397230 1953 21 93 4 0 0 0 0 27 462 696 110 3 351 324 306 19026 296 263 12 12 1 1 2086 16 16 1 1 49343 517896 16400 13 13
TRIPLE 4397230 0 0 4 13 13 2 2 12 12 2925 2816 2780 68 4352 68 68 440111 100558
ROW 3 4397231 1606 22 73 4 25 171326 0 25 31 470 704 101 3 465 360 360 20991 273 48 10 3 1 1 1654 16 0 1 0 38602 587376 13435 13 3
TRIPLE 4397231 25 171326 4 13 3 2 0 10 3 4495 4040 4040 69 4416 69 0 599699 101159
ROW 3 4397232 1533 21 73 6 350 2257745 112 348 24 454 694 82 3 276 248 248 8728 0 0 0 0 0 0 712 0 0 0 0 38001 201116 6322 0 0
TRIPLE 4397232 350 2257745 6 0 0 0 0 0 0 2024 1968 1968 65 2405 0 0 328472 53259
ROW 3 4400165 1054 34 31 4 0 0 0 0 24 397 612 85 2 276 260 254 15947 249 209 9 8 1 1 2069 17 14 1 1 48381 369439 16040 12 12
TRIPLE 4400165 0 0 4 12 12 2 2 9 8 2024 1990 1975 68 4352 68 68 259284 127188
ROW 3 4400169 1240 40 31 4 0 0 0 0 24 395 594 90 2 276 267 258 16025 250 228 9 9 1 1 2253 18 17 1 1 34354 373276 17262 12 12
TRIPLE 4400169 0 0 4 12 12 2 2 9 9 2024 2006 1986 65 4160 65 65 261829 95448
ROW 3 4400724 1643 53 31 4 0 0 0 0 32 486 722 112 3 496 443 399 19299 272 104 12 7 1 1 2187 22 3 1 1 55754 462042 17613 12 7
TRIPLE 4400724 0 0 4 12 7 2 0 12 7 4960 4558 4356 66 4224 66 0 650183 97192
ROW 3 4400725 1085 35 31 4 0 0 0 0 32 477 704 112 3 496 378 282 16925 233 73 11 7 1 1 1639 15 4 1 1 51867 391100 13666 12 7
TRIPLE 4400725 0 0 4 12 7 2 1 11 7 4960 4229 3802 105 6720 105 8 588599 151913
ROW 3 4400732 1147 37 31 4 0 0 0 0 32 480 718 108 3 496 450 412 20000 272 76 11 7 1 1 2200 22 4 1 1 44002 454377 17703 12 7
TRIPLE 4400732 0 0 4 12 7 2 0 11 7 4960 4586 4296 70 4480 70 0 643270 102050
ROW 3 4400733 1581 51 31 4 0 0 0 0 31 473 698 111 3 465 371 283 18231 268 67 12 7 1 1 2209 21 4 1 1 41497 426506 17483 12 7
TRIPLE 4400733 0 0 4 12 7 3 1 12 7 4495 3950 3802 125 8000 125 2 540087 179575
ROW 3 4400779 1333 43 31 4 0 0 0 0 31 484 716 109 3 465 400 314 17634 252 74 11 8 1 1 2270 21 7 1 1 42099 415195 32260 11 8
TRIPLE 4400779 0 0 4 11 8 2 0 11 8 4495 3991 3802 73 4672 73 0 546379 105988
ROW 1 4504164 100 10 10 4 0 0 0 0 23 373 588 79 2 253 234 128 10978 112 0 9 0 1 0 775 5 0 1 0 39082 246510 6533 10 0
TRIPLE 4504164 0 0 4 10 0 2 0 9 0 1771 1741 1047 125 7937 110 0 195414 175748
ROW 3 4554226 1147 31 37 4 0 0 0 0 30 495 738 108 3 435 383 291 15769 230 65 11 7 1 1 2396 21 6 1 1 48290 373567 18635 11 7
TRIPLE 4554226 0 0 4 11 7 2 0 11 7 4060 3543 3374 74 4736 74 0 481138 107230
ROW 3 4554761 1147 31 37 4 0 0 0 0 31 472 734 95 3 465 413 350 21130 309 63 9 6 1 1 2254 18 7 1 1 55033 510162 44974 14 7
TRIPLE 4554761 0 0 4 14 7 2 2 9 6 4495 4051 3895 66 4224 66 66 599368 98774
ROW 4 4916363 4473 63 71 6 5 2850 5 2 18 418 578 84 3 153 153 119 1409 0 0 0 0 0 0 258 0 0 0 0 50535 36008 2735 0 0
TRIPLE 4916363 5 2850 6 0 0 0 0 0 0 816 816 733 128 1194 0 0 101539 28403
ROW 3 4916367 3654 63 58 6 0 0 0 0 30 443 636 111 3 435 279 253 6511 72 54 7 5 1 1 497 2 2 0 0 39985 161352 5671 8 6
TRIPLE 4916367 0 0 6 8 6 1 1 7 5 4060 2993 2097 111 6609 102 47 394416 175588
ROW 3 4916369 3195 45 71 6 42 23606 40 39 22 352 514 86 2 231 175 147 1575 0 0 0 0 0 0 222 0 0 0 0 34875 41597 2384 0 0
TRIPLE 4916369 42 23606 6 0 0 0 0 0 0 1540 1120 1064 128 1152 0 0 151162 27041
ROW 4 4916370 5254 74 71 6 72 35439 0 72 24 439 626 87 3 276 97 82 855 0 0 0 0 0 0 141 0 0 0 0 37631 26239 2675 0 0
TRIPLE 4916370 72 35439 6 0 0 0 0 0 0 2024 510 480 120 1080 0 0 96721 36097
ROW 3 4916375 2610 45 58 6 0 0 0 0 30 437 608 125 3 435 283 218 6180 75 65 9 7 1 1 364 2 1 0 0 37079 161391 3857 9 8
TRIPLE 4916375 0 0 6 9 8 3 1 9 7 4060 2851 2025 116 7424 116 54 389075 165658
ROW 4 4916376 4292 74 58 6 0 0 0 0 30 464 650 113 3 435 297 244 8772 114 64 10 8 1 1 673 7 0 1 0 39003 204331 6071 10 8
TRIPLE 4916376 0 0 6 10 8 2 2 10 8 4060 3138 2326 94 6016 94 92 396260 152193
ROW 3 4916435 1334 23 58 6 0 0 0 0 30 436 608 121 3 435 290 184 4664 54 12 7 4 1 1 218 2 0 0 0 34755 127608 2725 8 4
TRIPLE 4916435 0 0 6 8 4 2 2 7 4 4060 3012 1944 97 6094 91 66 385860 146684
ROW 3 4916450 1496 44 34 6 30 6127 23 25 16 392 548 85 2 120 7 0 49 0 0 0 0 0 0 50 0 0 0 0 28353 5229 942 0 0
TRIPLE 4916450 30 6127 6 0 0 0 0 0 0 560 9 0 9 46 0 0 12253 1463
ROW 3 4916451 1628 44 37 6 0 0 0 0 24 414 562 104 3 276 115 62 3472 39 12 3 2 0 0 615 5 4 1 1 38292 87694 5180 5 3
TRIPLE 4916451 0 0 6 5 3 2 2 3 2 2024 813 428 73 4360 65 62 138007 97983
ROW 3 4916452 2210 65 34 6 311 54634 311 244 16 318 462 80 2 120 0 0 0 0 0 0 0 0 0 32 0 0 0 0 22462 3817 742 0 0
TRIPLE 4916452 311 54634 6 0 0 0 0 0 0 560 0 0 0 0 0 0 11101 290
ROW 3 4916453 2405 65 37 6 0 0 0 0 24 378 536 111 2 276 100 56 4134 56 16 3 2 0 0 523 4 3 1 1 26088 102100 4648 5 3
TRIPLE 4916453 0 0 6 5 3 2 2 3 2 2024 650 372 68 4352 68 68 97743 97542
ROW 3 4916459 1716 44 39 6 0 0 0 0 32 490 672 128 3 496 370 278 15409 201 114 12 9 1 1 737 5 4 1 1 33713 376232 6883 15 11
TRIPLE 4916459 0 0 6 15 11 2 2 12 9 4960 4285 3261 105 6720 105 88 615217 152474
ROW 3 4916461 1235 65 19 6 0 0 0 0 25 424 572 140 3 300 171 117 6924 99 69 8 8 1 1 371 3 0 0 0 30577 166981 3667 11 8
TRIPLE 4916461 0 0 6 11 8 2 2 8 8 2300 1411 979 107 6848 107 107 206816 153507
ROW 3 4916462 2535 65 39 4 0 0 0 0 32 470 632 156 3 496 297 237 15039 196 137 13 12 1 1 704 6 2 1 0 34124 354732 6472 15 13
TRIPLE 4916462 0 0 4 15 13 2 2 13 12 4960 3535 2697 95 6080 95 95 489544 138538
ROW 3 4916553 1080 36 30 6 18 2895 18 0 16 288 412 63 1 120 40 10 326 2 0 1 0 0 0 103 1 0 0 0 19808 13125 1302 1 0
TRIPLE 4916553 18 2895 6 1 0 1 0 1 0 560 152 43 68 908 8 0 28453 22101
ROW 3 4916554 1332 36 37 4 0 0 0 0 23 338 474 83 1 253 140 89 6964 94 48 7 4 1 1 776 8 2 1 0 23363 165719 6462 9 5
TRIPLE 4916554 0 0 4 9 5 2 2 7 4 1771 965 637 108 6912 108 83 126466 154548
ROW 3 4916804 1072 8 134 6 50 49558 48 41 25 275 386 75 1 300 208 179 3118 0 0 0 0 0 0 346 0 0 0 0 28584 89817 3557 0 0
TRIPLE 4916804 50 49558 6 0 0 0 0 0 0 2300 1661 1159 71 1799 0 0 204963 40385
ROW 5 4925897 63568 464 137 4 0 0 0 0 17 512 940 42 4 136 126 126 6815 98 98 6 6 1 1 1399 11 10 1 1 73307 160740 10710 8 8
TRIPLE 4925897 0 0 4 8 8 3 3 6 6 680 670 640 72 4608 72 72 82714 103463
ROW 5 4925908 113724 486 234 4 0 0 0 0 22 512 918 47 4 231 231 221 10535 132 106 9 8 1 1 1582 11 9 1 1 47419 264073 12373 10 9
TRIPLE 4925908 0 0 4 10 9 3 3 9 8 1540 1540 1530 64 4096 64 64 195184 92793
ROW 4 4925939 14796 108 137 2 0 0 0 0 32 512 870 79 4 496 340 330 13980 172 113 12 9 1 1 1006 3 3 0 1 64590 328413 9368 12 9
TRIPLE 4925939 0 0 2 12 9 2 2 12 9 4960 3717 3308 65 4160 65 65 523066 95698
ROW 4 4925991 12960 120 108 4 0 0 0 0 23 512 866 55 4 253 239 202 13557 202 174 9 10 1 1 1931 17 12 1 1 53289 318444 14807 11 11
TRIPLE 4925991 0 0 4 11 11 2 2 9 10 1771 1703 1625 68 4352 68 68 215121 114703
ROW 3 4926048 3672 34 108 4 0 0 0 0 24 438 720 74 2 276 276 276 17502 273 251 12 12 1 1 2650 23 18 1 1 37120 411057 20058 12 12
TRIPLE 4926048 0 0 4 12 12 2 2 12 12 2024 2024 2024 70 4480 70 70 262469 102601
ROW 3 4926499 1750 35 50 4 0 0 0 0 21 357 564 77 2 210 24 0 24 0 0 0 0 1 0 42 0 0 1 0 64270 6963 1082 0 0
TRIPLE 4926499 0 0 4 0 0 1 0 1 0 1330 600 598 67 1468 7 0 89436 33743
ROW 3 4926503 1295 35 37 6 0 0 0 0 21 367 588 75 2 210 157 42 3060 27 0 4 0 1 0 176 0 0 0 0 30426 74118 2014 5 0
TRIPLE 4926503 0 0 6 5 0 2 0 4 0 1330 1087 153 128 5654 74 0 98254 125764
ROW 3 4926574 2550 51 50 6 208 171204 119 191 16 343 540 74 2 120 0 0 0 0 0 0 0 0 0 32 0 0 0 0 22623 3757 741 0 0
TRIPLE 4926574 208 171204 6 0 0 0 0 0 0 560 0 0 0 0 0 0 11241 300
ROW 3 4926575 2650 53 50 6 16 14065 0 16 15 316 522 52 1 105 73 7 897 0 0 0 0 0 0 294 0 0 0 0 21671 22542 2935 0 0
TRIPLE 4926575 16 14065 6 0 0 0 0 0 0 455 297 3 67 627 0 0 26830 14698
ROW 3 4926578 1071 51 21 6 4 3398 0 4 16 356 570 72 2 120 86 5 86 0 0 0 0 0 0 32 0 0 0 0 23775 6322 771 0 0
TRIPLE 4926578 4 3398 6 0 0 0 0 0 0 560 362 8 64 64 0 0 33352 2194
ROW 3 4926579 1887 51 37 6 0 0 0 0 21 367 584 76 2 210 75 34 2183 22 0 4 0 1 0 159 0 0 0 0 24706 54001 1964 4 0
TRIPLE 4926579 0 0 6 4 0 2 0 4 0 1330 608 91 128 5372 68 0 68748 119422
ROW 3 4926583 1961 53 37 4 0 0 0 0 21 361 574 75 2 210 172 96 8904 137 68 10 6 1 1 1070 8 8 1 1 54091 205323 8546 10 6
TRIPLE 4926583 0 0 4 10 6 3 3 10 6 1330 1219 876 72 4608 72 64 134952 104485
ROW 3 4926586 1224 51 24 4 0 0 0 0 24 389 620 80 2 276 248 178 8815 108 80 9 8 1 1 893 8 4 1 1 30527 214029 7705 9 8
TRIPLE 4926586 0 0 4 9 8 3 2 9 8 2024 1964 1490 85 5440 85 54 248393 152755
ROW 5 4926787 96512 464 208 4 0 0 0 0 16 512 940 44 4 120 120 110 7050 110 94 6 5 1 1 1342 11 9 1 1 50364 165368 10380 8 8
TRIPLE 4926787 0 0 4 8 8 2 2 6 5 560 560 523 71 4544 71 71 80440 115735
ROW 2 4935028 390 15 26 4 0 0 0 0 30 451 670 103 2 435 434 422 26241 400 307 13 12 1 1 2745 22 15 1 1 47018 638731 27180 15 15
TRIPLE 4935028 0 0 4 15 15 3 3 13 12 4060 4060 4040 82 5248 82 82 546029 135262
ROW 3 5319688 1325 53 25 4 0 0 0 0 32 512 786 107 4 496 438 410 24689 340 80 10 7 1 1 2074 17 0 1 0 115435 800864 23664 15 7
TRIPLE 5319688 0 0 4 15 7 2 0 10 7 4960 4712 4574 69 4416 69 0 941977 177912
ROW 3 5321444 1176 56 21 4 0 0 0 0 32 512 748 138 4 496 494 463 25580 376 372 8 8 1 1 2322 16 16 1 1 81712 888087 44082 16 16
TRIPLE 5321444 0 0 4 16 16 3 3 8 8 4960 4959 4850 68 4352 68 68 810182 143087
ROW 3 5321446 1113 53 21 4 9 11388 0 9 24 504 722 107 3 276 276 276 15660 172 0 9 0 1 0 1841 11 0 1 0 54031 469326 21660 10 0
TRIPLE 5321446 9 11388 4 10 0 2 0 9 0 2024 2024 2024 124 7936 124 0 366534 293998
ROW 3 5321810 1080 40 27 4 0 0 0 0 24 488 728 107 3 276 257 248 13911 98 0 5 0 1 0 1577 9 0 1 0 78917 340205 12544 9 0
TRIPLE 5321810 0 0 4 9 0 2 0 5 0 2024 1978 1968 67 4288 67 0 278750 122829
ROW 3 5321814 1431 53 27 4 0 0 0 0 27 512 760 104 4 351 306 297 17436 186 24 9 3 1 1 1709 14 0 1 0 45315 487449 15198 11 3
TRIPLE 5321814 0 0 4 11 3 2 0 9 3 2925 2772 2760 69 4416 69 0 558893 145181
ROW 3 5321815 1219 53 23 4 0 0 0 0 27 512 764 101 4 351 304 297 17757 212 62 8 5 1 1 1803 16 1 1 0 43100 444600 14458 12 6
TRIPLE 5321815 0 0 4 12 6 2 1 8 5 2925 2772 2760 70 4480 70 34 410105 102692
ROW 3 5321818 1634 43 38 4 0 0 0 0 24 465 742 92 3 276 275 259 16279 248 182 8 12 1 1 1954 16 6 1 1 46788 397322 21670 12 12
TRIPLE 5321818 0 0 4 12 12 2 2 8 12 2024 2024 1985 69 4416 69 69 387072 155851
ROW 3 5321820 1520 40 38 6 26 24097 0 26 24 486 750 93 3 276 248 248 7816 0 0 0 0 0 0 720 0 0 0 0 59631 232884 8847 0 0
TRIPLE 5321820 26 24097 6 0 0 0 0 0 0 2024 1968 1968 65 2405 0 0 379628 77624
ROW 3 5321825 1075 43 25 4 0 0 0 0 25 449 704 99 3 300 300 279 17025 247 158 9 10 1 1 2084 15 9 1 1 52738 387994 16511 12 12
TRIPLE 5321825 0 0 4 12 12 3 3 9 10 2300 2300 2254 71 4544 71 71 300921 131375
ROW 3 5321837 2014 53 38 6 70 67529 0 70 32 512 764 120 4 496 442 409 13189 1 0 1 0 0 0 842 0 0 0 0 41608 285241 11070 1 0
TRIPLE 5321837 70 67529 6 1 0 0 0 1 0 4960 4736 4557 66 2442 0 0 687502 53650
ROW 3 5321842 1350 54 25 4 0 0 0 0 32 512 764 126 4 496 496 453 25441 373 232 8 15 1 1 2051 15 0 1 0 50785 736424 23253 16 15
TRIPLE 5321842 0 0 4 16 15 2 1 8 15 4960 4960 4798 70 4480 70 1 851789 139701
ROW 3 5321846 1113 53 21 6 61 51059 0 61 28 512 736 111 4 378 337 318 16761 124 13 9 3 1 1 1420 8 0 1 0 72375 486107 15178 10 3
TRIPLE 5321846 61 51059 6 10 3 2 0 9 3 3276 3143 3067 65 4160 65 0 538425 126736
ROW 3 5321847 1325 53 25 6 71 57065 19 67 24 512 736 107 4 276 263 250 8288 0 0 0 0 0 0 611 0 0 0 0 48270 223767 7805 0 0
TRIPLE 5321847 71 57065 6 0 0 0 0 0 0 2024 2002 1971 103 3555 0 0 328954 114664
ROW 3 5322396 1113 53 21 4 0 0 0 0 32 512 768 125 4 496 391 383 22284 264 86 8 6 1 1 1788 16 1 1 0 62486 552511 18554 14 6
TRIPLE 5322396 0 0 4 14 6 2 1 8 6 4960 4490 4410 70 4480 70 12 681782 143077
ROW 3 5322432 1166 53 22 6 4 5070 0 4 32 512 764 126 4 496 472 444 18511 78 8 7 2 1 0 867 1 0 0 0 54862 407921 7654 8 3
TRIPLE 5322432 4 5070 6 8 3 1 0 7 2 4960 4914 4799 128 6023 45 0 725693 135854
ROW 3 5322693 1320 40 33 4 0 0 0 0 32 512 756 125 4 496 412 383 24094 318 117 8 10 1 1 2026 15 1 1 0 42660 580082 16451 15 10
TRIPLE 5322693 0 0 4 15 10 3 2 8 10 4960 4595 4452 78 4992 78 22 662045 115195
ROW 3 5322694 1200 40 30 4 0 0 0 0 32 512 748 139 4 496 447 401 24812 351 218 8 9 1 1 2089 16 9 1 1 42760 578750 16701 16 14
TRIPLE 5322694 0 0 4 16 14 3 3 8 9 4960 4730 4593 69 4416 69 69 709093 102932
ROW 3 5322697 1749 53 33 4 0 0 0 0 27 512 762 105 4 351 296 296 18185 255 116 8 10 1 1 1729 11 6 1 1 41318 448968 13676 13 11
TRIPLE 5322697 0 0 4 13 11 2 2 8 10 2925 2760 2760 79 5056 79 54 368768 116057
ROW 3 5322698 1590 53 30 4 0 0 0 0 24 512 756 102 4 276 248 248 15645 236 139 8 8 1 1 1745 12 9 1 1 40396 373567 13796 12 10
TRIPLE 5322698 0 0 4 12 10 2 2 8 8 2024 1968 1968 64 4096 64 64 253814 93424
ROW 3 5322700 1204 43 28 4 0 0 0 0 24 458 718 101 3 276 276 275 16348 248 215 8 11 1 1 2192 16 10 1 1 40376 371484 16891 12 12
TRIPLE 5322700 0 0 4 12 12 2 2 8 11 2024 2024 2024 86 5504 86 86 276336 124542
ROW 3 5322703 1120 40 28 6 80 74889 10 79 24 482 708 111 3 276 276 256 10196 0 0 0 0 0 0 1034 0 0 0 0 36699 218067 8546 0 0
TRIPLE 5322703 80 74889 6 0 0 0 0 0 0 2024 2024 1972 128 5248 0 0 265816 114724
ROW 3 5322706 1400 40 35 4 0 0 0 0 32 512 752 133 4 496 462 446 24896 306 107 9 8 1 1 2007 11 0 1 0 39032 588919 16210 16 8
TRIPLE 5322706 0 0 4 16 8 2 0 9 8 4960 4865 4756 67 4288 67 0 686921 98654
ROW 3 5322707 2280 40 57 6 0 0 0 0 32 512 734 144 4 496 478 458 22153 125 12 9 2 1 0 1638 4 0 1 0 40606 484013 13555 9 4
TRIPLE 5322707 0 0 6 9 4 1 0 9 2 4960 4908 4864 65 3980 5 0 692692 88996
ROW 3 5322710 1512 54 28 4 0 0 0 0 32 512 794 114 4 496 481 478 24346 279 231 8 9 1 1 2152 15 9 1 1 44483 572769 20318 13 12
TRIPLE 5322710 0 0 4 13 12 3 3 8 9 4960 4935 4837 98 6272 98 98 668798 156372
ROW 3 5322713 1166 53 22 6 20 16003 0 20 24 512 736 104 3 276 254 247 12077 49 0 6 0 1 0 1374 8 0 1 0 37821 262149 11081 6 0
TRIPLE 5322713 20 16003 6 6 0 3 0 6 0 2024 1975 1965 82 5245 81 0 260997 116868
ROW 3 5322715 1484 53 28 6 135 119866 16 135 24 512 744 100 4 276 251 229 8617 0 0 0 0 0 0 732 0 0 0 0 35797 199071 6262 0 0
TRIPLE 5322715 135 119866 6 0 0 0 0 0 0 2024 1971 1919 128 4736 0 0 256840 103834
ROW 3 5322719 1855 53 35 4 0 0 0 0 24 512 762 96 4 276 254 251 15764 242 100 8 8 1 1 1620 12 0 1 0 37570 356014 12824 12 8
TRIPLE 5322719 0 0 4 12 8 2 0 8 8 2024 1978 1971 66 4224 66 0 270605 96369
ROW 3 5322720 3021 53 57 6 0 0 0 0 24 512 738 109 4 276 263 262 13118 97 0 8 0 1 0 1282 2 0 0 0 37390 281546 10419 8 0
TRIPLE 5322720 0 0 6 8 0 0 0 8 0 2024 1995 1988 68 4020 0 0 255737 89066
ROW 3 5360946 1900 25 76 6 0 0 0 0 30 474 670 138 3 435 379 347 16305 208 208 13 13 1 1 378 0 0 0 0 56185 380379 3978 13 13
TRIPLE 5360946 0 0 6 13 13 3 3 13 13 4060 3859 3697 68 4352 68 68 503719 99777
ROW 0 5905064 16 4 4 6 9 921 0 9 24 317 506 64 1 276 177 71 7518 68 49 5 5 1 1 481 1 0 0 0 37610 189222 4679 5 5
TRIPLE 5905064 9 921 6 5 5 3 3 5 5 2024 1624 853 78 4992 78 74 187419 112801
ROW 0 5999254 18 3 6 6 2 247 0 2 23 328 502 77 1 253 26 5 882 6 5 1 1 0 0 172 1 1 0 0 38061 27642 2023 1 1
TRIPLE 5999254 2 247 6 1 1 2 2 2 2 1771 197 65 88 5498 82 16 56896 122779
