{
  "backtraceGraph" : 
  {
    "commands" : 
    [
      "add_test",
      "mhgp7_gate"
    ],
    "files" : 
    [
      "/workspaces/E-HGP/morsehgp3D_v7/CMakeLists.txt"
    ],
    "nodes" : 
    [
      {
        "file" : 0
      },
      {
        "command" : 1,
        "file" : 0,
        "line" : 54,
        "parent" : 0
      },
      {
        "command" : 0,
        "file" : 0,
        "line" : 34,
        "parent" : 1
      },
      {
        "file" : 0
      },
      {
        "command" : 1,
        "file" : 0,
        "line" : 55,
        "parent" : 3
      },
      {
        "command" : 0,
        "file" : 0,
        "line" : 34,
        "parent" : 4
      },
      {
        "file" : 0
      },
      {
        "command" : 1,
        "file" : 0,
        "line" : 56,
        "parent" : 6
      },
      {
        "command" : 0,
        "file" : 0,
        "line" : 34,
        "parent" : 7
      },
      {
        "file" : 0
      },
      {
        "command" : 1,
        "file" : 0,
        "line" : 61,
        "parent" : 9
      },
      {
        "command" : 0,
        "file" : 0,
        "line" : 34,
        "parent" : 10
      },
      {
        "file" : 0
      },
      {
        "command" : 1,
        "file" : 0,
        "line" : 62,
        "parent" : 12
      },
      {
        "command" : 0,
        "file" : 0,
        "line" : 34,
        "parent" : 13
      },
      {
        "file" : 0
      },
      {
        "command" : 1,
        "file" : 0,
        "line" : 63,
        "parent" : 15
      },
      {
        "command" : 0,
        "file" : 0,
        "line" : 34,
        "parent" : 16
      },
      {
        "file" : 0
      },
      {
        "command" : 1,
        "file" : 0,
        "line" : 68,
        "parent" : 18
      },
      {
        "command" : 0,
        "file" : 0,
        "line" : 34,
        "parent" : 19
      },
      {
        "file" : 0
      },
      {
        "command" : 1,
        "file" : 0,
        "line" : 69,
        "parent" : 21
      },
      {
        "command" : 0,
        "file" : 0,
        "line" : 34,
        "parent" : 22
      },
      {
        "file" : 0
      },
      {
        "command" : 1,
        "file" : 0,
        "line" : 70,
        "parent" : 24
      },
      {
        "command" : 0,
        "file" : 0,
        "line" : 34,
        "parent" : 25
      },
      {
        "file" : 0
      },
      {
        "command" : 1,
        "file" : 0,
        "line" : 75,
        "parent" : 27
      },
      {
        "command" : 0,
        "file" : 0,
        "line" : 34,
        "parent" : 28
      },
      {
        "file" : 0
      },
      {
        "command" : 1,
        "file" : 0,
        "line" : 76,
        "parent" : 30
      },
      {
        "command" : 0,
        "file" : 0,
        "line" : 34,
        "parent" : 31
      },
      {
        "file" : 0
      },
      {
        "command" : 1,
        "file" : 0,
        "line" : 77,
        "parent" : 33
      },
      {
        "command" : 0,
        "file" : 0,
        "line" : 34,
        "parent" : 34
      },
      {
        "file" : 0
      },
      {
        "command" : 1,
        "file" : 0,
        "line" : 85,
        "parent" : 36
      },
      {
        "command" : 0,
        "file" : 0,
        "line" : 34,
        "parent" : 37
      },
      {
        "file" : 0
      },
      {
        "command" : 1,
        "file" : 0,
        "line" : 94,
        "parent" : 39
      },
      {
        "command" : 0,
        "file" : 0,
        "line" : 34,
        "parent" : 40
      },
      {
        "file" : 0
      },
      {
        "command" : 1,
        "file" : 0,
        "line" : 95,
        "parent" : 42
      },
      {
        "command" : 0,
        "file" : 0,
        "line" : 34,
        "parent" : 43
      },
      {
        "file" : 0
      },
      {
        "command" : 1,
        "file" : 0,
        "line" : 98,
        "parent" : 45
      },
      {
        "command" : 0,
        "file" : 0,
        "line" : 34,
        "parent" : 46
      },
      {
        "file" : 0
      },
      {
        "command" : 1,
        "file" : 0,
        "line" : 101,
        "parent" : 48
      },
      {
        "command" : 0,
        "file" : 0,
        "line" : 34,
        "parent" : 49
      },
      {
        "file" : 0
      },
      {
        "command" : 1,
        "file" : 0,
        "line" : 106,
        "parent" : 51
      },
      {
        "command" : 0,
        "file" : 0,
        "line" : 34,
        "parent" : 52
      },
      {
        "file" : 0
      },
      {
        "command" : 1,
        "file" : 0,
        "line" : 107,
        "parent" : 54
      },
      {
        "command" : 0,
        "file" : 0,
        "line" : 34,
        "parent" : 55
      },
      {
        "file" : 0
      },
      {
        "command" : 1,
        "file" : 0,
        "line" : 108,
        "parent" : 57
      },
      {
        "command" : 0,
        "file" : 0,
        "line" : 34,
        "parent" : 58
      },
      {
        "file" : 0
      },
      {
        "command" : 1,
        "file" : 0,
        "line" : 112,
        "parent" : 60
      },
      {
        "command" : 0,
        "file" : 0,
        "line" : 34,
        "parent" : 61
      },
      {
        "file" : 0
      },
      {
        "command" : 1,
        "file" : 0,
        "line" : 113,
        "parent" : 63
      },
      {
        "command" : 0,
        "file" : 0,
        "line" : 34,
        "parent" : 64
      },
      {
        "file" : 0
      },
      {
        "command" : 1,
        "file" : 0,
        "line" : 114,
        "parent" : 66
      },
      {
        "command" : 0,
        "file" : 0,
        "line" : 34,
        "parent" : 67
      },
      {
        "file" : 0
      },
      {
        "command" : 1,
        "file" : 0,
        "line" : 118,
        "parent" : 69
      },
      {
        "command" : 0,
        "file" : 0,
        "line" : 34,
        "parent" : 70
      },
      {
        "file" : 0
      },
      {
        "command" : 1,
        "file" : 0,
        "line" : 125,
        "parent" : 72
      },
      {
        "command" : 0,
        "file" : 0,
        "line" : 34,
        "parent" : 73
      },
      {
        "file" : 0
      },
      {
        "command" : 1,
        "file" : 0,
        "line" : 126,
        "parent" : 75
      },
      {
        "command" : 0,
        "file" : 0,
        "line" : 34,
        "parent" : 76
      },
      {
        "file" : 0
      },
      {
        "command" : 1,
        "file" : 0,
        "line" : 127,
        "parent" : 78
      },
      {
        "command" : 0,
        "file" : 0,
        "line" : 34,
        "parent" : 79
      },
      {
        "file" : 0
      },
      {
        "command" : 1,
        "file" : 0,
        "line" : 128,
        "parent" : 81
      },
      {
        "command" : 0,
        "file" : 0,
        "line" : 34,
        "parent" : 82
      },
      {
        "file" : 0
      },
      {
        "command" : 1,
        "file" : 0,
        "line" : 129,
        "parent" : 84
      },
      {
        "command" : 0,
        "file" : 0,
        "line" : 34,
        "parent" : 85
      },
      {
        "file" : 0
      },
      {
        "command" : 1,
        "file" : 0,
        "line" : 134,
        "parent" : 87
      },
      {
        "command" : 0,
        "file" : 0,
        "line" : 34,
        "parent" : 88
      },
      {
        "file" : 0
      },
      {
        "command" : 1,
        "file" : 0,
        "line" : 135,
        "parent" : 90
      },
      {
        "command" : 0,
        "file" : 0,
        "line" : 34,
        "parent" : 91
      },
      {
        "file" : 0
      },
      {
        "command" : 1,
        "file" : 0,
        "line" : 136,
        "parent" : 93
      },
      {
        "command" : 0,
        "file" : 0,
        "line" : 34,
        "parent" : 94
      },
      {
        "file" : 0
      },
      {
        "command" : 1,
        "file" : 0,
        "line" : 142,
        "parent" : 96
      },
      {
        "command" : 0,
        "file" : 0,
        "line" : 34,
        "parent" : 97
      },
      {
        "file" : 0
      },
      {
        "command" : 1,
        "file" : 0,
        "line" : 143,
        "parent" : 99
      },
      {
        "command" : 0,
        "file" : 0,
        "line" : 34,
        "parent" : 100
      },
      {
        "file" : 0
      },
      {
        "command" : 1,
        "file" : 0,
        "line" : 144,
        "parent" : 102
      },
      {
        "command" : 0,
        "file" : 0,
        "line" : 34,
        "parent" : 103
      },
      {
        "file" : 0
      },
      {
        "command" : 1,
        "file" : 0,
        "line" : 145,
        "parent" : 105
      },
      {
        "command" : 0,
        "file" : 0,
        "line" : 34,
        "parent" : 106
      },
      {
        "file" : 0
      },
      {
        "command" : 1,
        "file" : 0,
        "line" : 146,
        "parent" : 108
      },
      {
        "command" : 0,
        "file" : 0,
        "line" : 34,
        "parent" : 109
      },
      {
        "file" : 0
      },
      {
        "command" : 1,
        "file" : 0,
        "line" : 147,
        "parent" : 111
      },
      {
        "command" : 0,
        "file" : 0,
        "line" : 34,
        "parent" : 112
      },
      {
        "file" : 0
      },
      {
        "command" : 1,
        "file" : 0,
        "line" : 148,
        "parent" : 114
      },
      {
        "command" : 0,
        "file" : 0,
        "line" : 34,
        "parent" : 115
      },
      {
        "file" : 0
      },
      {
        "command" : 1,
        "file" : 0,
        "line" : 149,
        "parent" : 117
      },
      {
        "command" : 0,
        "file" : 0,
        "line" : 34,
        "parent" : 118
      },
      {
        "file" : 0
      },
      {
        "command" : 1,
        "file" : 0,
        "line" : 154,
        "parent" : 120
      },
      {
        "command" : 0,
        "file" : 0,
        "line" : 34,
        "parent" : 121
      },
      {
        "file" : 0
      },
      {
        "command" : 1,
        "file" : 0,
        "line" : 158,
        "parent" : 123
      },
      {
        "command" : 0,
        "file" : 0,
        "line" : 34,
        "parent" : 124
      },
      {
        "file" : 0
      },
      {
        "command" : 1,
        "file" : 0,
        "line" : 159,
        "parent" : 126
      },
      {
        "command" : 0,
        "file" : 0,
        "line" : 34,
        "parent" : 127
      },
      {
        "file" : 0
      },
      {
        "command" : 1,
        "file" : 0,
        "line" : 163,
        "parent" : 129
      },
      {
        "command" : 0,
        "file" : 0,
        "line" : 34,
        "parent" : 130
      },
      {
        "file" : 0
      },
      {
        "command" : 1,
        "file" : 0,
        "line" : 165,
        "parent" : 132
      },
      {
        "command" : 0,
        "file" : 0,
        "line" : 34,
        "parent" : 133
      },
      {
        "file" : 0
      },
      {
        "command" : 0,
        "file" : 0,
        "line" : 173,
        "parent" : 135
      },
      {
        "file" : 0
      },
      {
        "command" : 0,
        "file" : 0,
        "line" : 178,
        "parent" : 137
      },
      {
        "file" : 0
      },
      {
        "command" : 0,
        "file" : 0,
        "line" : 183,
        "parent" : 139
      },
      {
        "file" : 0
      },
      {
        "command" : 1,
        "file" : 0,
        "line" : 188,
        "parent" : 141
      },
      {
        "command" : 0,
        "file" : 0,
        "line" : 34,
        "parent" : 142
      },
      {
        "file" : 0
      },
      {
        "command" : 1,
        "file" : 0,
        "line" : 189,
        "parent" : 144
      },
      {
        "command" : 0,
        "file" : 0,
        "line" : 34,
        "parent" : 145
      },
      {
        "file" : 0
      },
      {
        "command" : 1,
        "file" : 0,
        "line" : 192,
        "parent" : 147
      },
      {
        "command" : 0,
        "file" : 0,
        "line" : 34,
        "parent" : 148
      },
      {
        "file" : 0
      },
      {
        "command" : 1,
        "file" : 0,
        "line" : 193,
        "parent" : 150
      },
      {
        "command" : 0,
        "file" : 0,
        "line" : 34,
        "parent" : 151
      },
      {
        "file" : 0
      },
      {
        "command" : 1,
        "file" : 0,
        "line" : 194,
        "parent" : 153
      },
      {
        "command" : 0,
        "file" : 0,
        "line" : 34,
        "parent" : 154
      },
      {
        "file" : 0
      },
      {
        "command" : 1,
        "file" : 0,
        "line" : 200,
        "parent" : 156
      },
      {
        "command" : 0,
        "file" : 0,
        "line" : 34,
        "parent" : 157
      },
      {
        "file" : 0
      },
      {
        "command" : 1,
        "file" : 0,
        "line" : 201,
        "parent" : 159
      },
      {
        "command" : 0,
        "file" : 0,
        "line" : 34,
        "parent" : 160
      },
      {
        "file" : 0
      },
      {
        "command" : 1,
        "file" : 0,
        "line" : 202,
        "parent" : 162
      },
      {
        "command" : 0,
        "file" : 0,
        "line" : 34,
        "parent" : 163
      },
      {
        "file" : 0
      },
      {
        "command" : 1,
        "file" : 0,
        "line" : 203,
        "parent" : 165
      },
      {
        "command" : 0,
        "file" : 0,
        "line" : 34,
        "parent" : 166
      },
      {
        "file" : 0
      },
      {
        "command" : 1,
        "file" : 0,
        "line" : 206,
        "parent" : 168
      },
      {
        "command" : 0,
        "file" : 0,
        "line" : 34,
        "parent" : 169
      },
      {
        "file" : 0
      },
      {
        "command" : 1,
        "file" : 0,
        "line" : 207,
        "parent" : 171
      },
      {
        "command" : 0,
        "file" : 0,
        "line" : 34,
        "parent" : 172
      },
      {
        "file" : 0
      },
      {
        "command" : 1,
        "file" : 0,
        "line" : 208,
        "parent" : 174
      },
      {
        "command" : 0,
        "file" : 0,
        "line" : 34,
        "parent" : 175
      },
      {
        "file" : 0
      },
      {
        "command" : 1,
        "file" : 0,
        "line" : 217,
        "parent" : 177
      },
      {
        "command" : 0,
        "file" : 0,
        "line" : 34,
        "parent" : 178
      },
      {
        "file" : 0
      },
      {
        "command" : 1,
        "file" : 0,
        "line" : 217,
        "parent" : 180
      },
      {
        "command" : 0,
        "file" : 0,
        "line" : 34,
        "parent" : 181
      },
      {
        "file" : 0
      },
      {
        "command" : 1,
        "file" : 0,
        "line" : 217,
        "parent" : 183
      },
      {
        "command" : 0,
        "file" : 0,
        "line" : 34,
        "parent" : 184
      },
      {
        "file" : 0
      },
      {
        "command" : 1,
        "file" : 0,
        "line" : 217,
        "parent" : 186
      },
      {
        "command" : 0,
        "file" : 0,
        "line" : 34,
        "parent" : 187
      },
      {
        "file" : 0
      },
      {
        "command" : 1,
        "file" : 0,
        "line" : 217,
        "parent" : 189
      },
      {
        "command" : 0,
        "file" : 0,
        "line" : 34,
        "parent" : 190
      },
      {
        "file" : 0
      },
      {
        "command" : 1,
        "file" : 0,
        "line" : 217,
        "parent" : 192
      },
      {
        "command" : 0,
        "file" : 0,
        "line" : 34,
        "parent" : 193
      },
      {
        "file" : 0
      },
      {
        "command" : 1,
        "file" : 0,
        "line" : 217,
        "parent" : 195
      },
      {
        "command" : 0,
        "file" : 0,
        "line" : 34,
        "parent" : 196
      },
      {
        "file" : 0
      },
      {
        "command" : 1,
        "file" : 0,
        "line" : 217,
        "parent" : 198
      },
      {
        "command" : 0,
        "file" : 0,
        "line" : 34,
        "parent" : 199
      },
      {
        "file" : 0
      },
      {
        "command" : 1,
        "file" : 0,
        "line" : 221,
        "parent" : 201
      },
      {
        "command" : 0,
        "file" : 0,
        "line" : 34,
        "parent" : 202
      },
      {
        "file" : 0
      },
      {
        "command" : 1,
        "file" : 0,
        "line" : 225,
        "parent" : 204
      },
      {
        "command" : 0,
        "file" : 0,
        "line" : 34,
        "parent" : 205
      },
      {
        "file" : 0
      },
      {
        "command" : 1,
        "file" : 0,
        "line" : 230,
        "parent" : 207
      },
      {
        "command" : 0,
        "file" : 0,
        "line" : 34,
        "parent" : 208
      },
      {
        "file" : 0
      },
      {
        "command" : 1,
        "file" : 0,
        "line" : 231,
        "parent" : 210
      },
      {
        "command" : 0,
        "file" : 0,
        "line" : 34,
        "parent" : 211
      },
      {
        "file" : 0
      },
      {
        "command" : 1,
        "file" : 0,
        "line" : 232,
        "parent" : 213
      },
      {
        "command" : 0,
        "file" : 0,
        "line" : 34,
        "parent" : 214
      },
      {
        "file" : 0
      },
      {
        "command" : 1,
        "file" : 0,
        "line" : 233,
        "parent" : 216
      },
      {
        "command" : 0,
        "file" : 0,
        "line" : 34,
        "parent" : 217
      },
      {
        "file" : 0
      },
      {
        "command" : 1,
        "file" : 0,
        "line" : 239,
        "parent" : 219
      },
      {
        "command" : 0,
        "file" : 0,
        "line" : 34,
        "parent" : 220
      },
      {
        "file" : 0
      },
      {
        "command" : 1,
        "file" : 0,
        "line" : 280,
        "parent" : 222
      },
      {
        "command" : 0,
        "file" : 0,
        "line" : 34,
        "parent" : 223
      },
      {
        "file" : 0
      },
      {
        "command" : 1,
        "file" : 0,
        "line" : 280,
        "parent" : 225
      },
      {
        "command" : 0,
        "file" : 0,
        "line" : 34,
        "parent" : 226
      },
      {
        "file" : 0
      },
      {
        "command" : 1,
        "file" : 0,
        "line" : 280,
        "parent" : 228
      },
      {
        "command" : 0,
        "file" : 0,
        "line" : 34,
        "parent" : 229
      },
      {
        "file" : 0
      },
      {
        "command" : 1,
        "file" : 0,
        "line" : 280,
        "parent" : 231
      },
      {
        "command" : 0,
        "file" : 0,
        "line" : 34,
        "parent" : 232
      },
      {
        "file" : 0
      },
      {
        "command" : 1,
        "file" : 0,
        "line" : 280,
        "parent" : 234
      },
      {
        "command" : 0,
        "file" : 0,
        "line" : 34,
        "parent" : 235
      },
      {
        "file" : 0
      },
      {
        "command" : 1,
        "file" : 0,
        "line" : 280,
        "parent" : 237
      },
      {
        "command" : 0,
        "file" : 0,
        "line" : 34,
        "parent" : 238
      },
      {
        "file" : 0
      },
      {
        "command" : 1,
        "file" : 0,
        "line" : 280,
        "parent" : 240
      },
      {
        "command" : 0,
        "file" : 0,
        "line" : 34,
        "parent" : 241
      },
      {
        "file" : 0
      },
      {
        "command" : 1,
        "file" : 0,
        "line" : 280,
        "parent" : 243
      },
      {
        "command" : 0,
        "file" : 0,
        "line" : 34,
        "parent" : 244
      },
      {
        "file" : 0
      },
      {
        "command" : 1,
        "file" : 0,
        "line" : 319,
        "parent" : 246
      },
      {
        "command" : 0,
        "file" : 0,
        "line" : 34,
        "parent" : 247
      },
      {
        "file" : 0
      },
      {
        "command" : 1,
        "file" : 0,
        "line" : 323,
        "parent" : 249
      },
      {
        "command" : 0,
        "file" : 0,
        "line" : 34,
        "parent" : 250
      },
      {
        "file" : 0
      },
      {
        "command" : 1,
        "file" : 0,
        "line" : 326,
        "parent" : 252
      },
      {
        "command" : 0,
        "file" : 0,
        "line" : 34,
        "parent" : 253
      },
      {
        "file" : 0
      },
      {
        "command" : 1,
        "file" : 0,
        "line" : 332,
        "parent" : 255
      },
      {
        "command" : 0,
        "file" : 0,
        "line" : 34,
        "parent" : 256
      },
      {
        "file" : 0
      },
      {
        "command" : 1,
        "file" : 0,
        "line" : 337,
        "parent" : 258
      },
      {
        "command" : 0,
        "file" : 0,
        "line" : 34,
        "parent" : 259
      },
      {
        "file" : 0
      },
      {
        "command" : 1,
        "file" : 0,
        "line" : 341,
        "parent" : 261
      },
      {
        "command" : 0,
        "file" : 0,
        "line" : 34,
        "parent" : 262
      },
      {
        "file" : 0
      },
      {
        "command" : 1,
        "file" : 0,
        "line" : 343,
        "parent" : 264
      },
      {
        "command" : 0,
        "file" : 0,
        "line" : 34,
        "parent" : 265
      },
      {
        "file" : 0
      },
      {
        "command" : 1,
        "file" : 0,
        "line" : 347,
        "parent" : 267
      },
      {
        "command" : 0,
        "file" : 0,
        "line" : 34,
        "parent" : 268
      },
      {
        "file" : 0
      },
      {
        "command" : 1,
        "file" : 0,
        "line" : 351,
        "parent" : 270
      },
      {
        "command" : 0,
        "file" : 0,
        "line" : 34,
        "parent" : 271
      },
      {
        "file" : 0
      },
      {
        "command" : 1,
        "file" : 0,
        "line" : 383,
        "parent" : 273
      },
      {
        "command" : 0,
        "file" : 0,
        "line" : 34,
        "parent" : 274
      },
      {
        "file" : 0
      },
      {
        "command" : 1,
        "file" : 0,
        "line" : 392,
        "parent" : 276
      },
      {
        "command" : 0,
        "file" : 0,
        "line" : 34,
        "parent" : 277
      },
      {
        "file" : 0
      },
      {
        "command" : 1,
        "file" : 0,
        "line" : 397,
        "parent" : 279
      },
      {
        "command" : 0,
        "file" : 0,
        "line" : 34,
        "parent" : 280
      },
      {
        "file" : 0
      },
      {
        "command" : 1,
        "file" : 0,
        "line" : 403,
        "parent" : 282
      },
      {
        "command" : 0,
        "file" : 0,
        "line" : 34,
        "parent" : 283
      },
      {
        "file" : 0
      },
      {
        "command" : 1,
        "file" : 0,
        "line" : 408,
        "parent" : 285
      },
      {
        "command" : 0,
        "file" : 0,
        "line" : 34,
        "parent" : 286
      },
      {
        "file" : 0
      },
      {
        "command" : 1,
        "file" : 0,
        "line" : 412,
        "parent" : 288
      },
      {
        "command" : 0,
        "file" : 0,
        "line" : 34,
        "parent" : 289
      },
      {
        "file" : 0
      },
      {
        "command" : 1,
        "file" : 0,
        "line" : 415,
        "parent" : 291
      },
      {
        "command" : 0,
        "file" : 0,
        "line" : 34,
        "parent" : 292
      },
      {
        "file" : 0
      },
      {
        "command" : 1,
        "file" : 0,
        "line" : 418,
        "parent" : 294
      },
      {
        "command" : 0,
        "file" : 0,
        "line" : 34,
        "parent" : 295
      },
      {
        "file" : 0
      },
      {
        "command" : 1,
        "file" : 0,
        "line" : 428,
        "parent" : 297
      },
      {
        "command" : 0,
        "file" : 0,
        "line" : 34,
        "parent" : 298
      },
      {
        "file" : 0
      },
      {
        "command" : 1,
        "file" : 0,
        "line" : 429,
        "parent" : 300
      },
      {
        "command" : 0,
        "file" : 0,
        "line" : 34,
        "parent" : 301
      },
      {
        "file" : 0
      },
      {
        "command" : 1,
        "file" : 0,
        "line" : 436,
        "parent" : 303
      },
      {
        "command" : 0,
        "file" : 0,
        "line" : 34,
        "parent" : 304
      },
      {
        "file" : 0
      },
      {
        "command" : 1,
        "file" : 0,
        "line" : 437,
        "parent" : 306
      },
      {
        "command" : 0,
        "file" : 0,
        "line" : 34,
        "parent" : 307
      },
      {
        "file" : 0
      },
      {
        "command" : 1,
        "file" : 0,
        "line" : 438,
        "parent" : 309
      },
      {
        "command" : 0,
        "file" : 0,
        "line" : 34,
        "parent" : 310
      },
      {
        "file" : 0
      },
      {
        "command" : 1,
        "file" : 0,
        "line" : 439,
        "parent" : 312
      },
      {
        "command" : 0,
        "file" : 0,
        "line" : 34,
        "parent" : 313
      },
      {
        "file" : 0
      },
      {
        "command" : 1,
        "file" : 0,
        "line" : 446,
        "parent" : 315
      },
      {
        "command" : 0,
        "file" : 0,
        "line" : 34,
        "parent" : 316
      },
      {
        "file" : 0
      },
      {
        "command" : 1,
        "file" : 0,
        "line" : 447,
        "parent" : 318
      },
      {
        "command" : 0,
        "file" : 0,
        "line" : 34,
        "parent" : 319
      },
      {
        "file" : 0
      },
      {
        "command" : 1,
        "file" : 0,
        "line" : 448,
        "parent" : 321
      },
      {
        "command" : 0,
        "file" : 0,
        "line" : 34,
        "parent" : 322
      },
      {
        "file" : 0
      },
      {
        "command" : 1,
        "file" : 0,
        "line" : 454,
        "parent" : 324
      },
      {
        "command" : 0,
        "file" : 0,
        "line" : 34,
        "parent" : 325
      },
      {
        "file" : 0
      },
      {
        "command" : 1,
        "file" : 0,
        "line" : 455,
        "parent" : 327
      },
      {
        "command" : 0,
        "file" : 0,
        "line" : 34,
        "parent" : 328
      },
      {
        "file" : 0
      },
      {
        "command" : 1,
        "file" : 0,
        "line" : 459,
        "parent" : 330
      },
      {
        "command" : 0,
        "file" : 0,
        "line" : 34,
        "parent" : 331
      },
      {
        "file" : 0
      },
      {
        "command" : 1,
        "file" : 0,
        "line" : 475,
        "parent" : 333
      },
      {
        "command" : 0,
        "file" : 0,
        "line" : 34,
        "parent" : 334
      },
      {
        "file" : 0
      },
      {
        "command" : 1,
        "file" : 0,
        "line" : 475,
        "parent" : 336
      },
      {
        "command" : 0,
        "file" : 0,
        "line" : 34,
        "parent" : 337
      },
      {
        "file" : 0
      },
      {
        "command" : 1,
        "file" : 0,
        "line" : 475,
        "parent" : 339
      },
      {
        "command" : 0,
        "file" : 0,
        "line" : 34,
        "parent" : 340
      },
      {
        "file" : 0
      },
      {
        "command" : 1,
        "file" : 0,
        "line" : 475,
        "parent" : 342
      },
      {
        "command" : 0,
        "file" : 0,
        "line" : 34,
        "parent" : 343
      },
      {
        "file" : 0
      },
      {
        "command" : 1,
        "file" : 0,
        "line" : 475,
        "parent" : 345
      },
      {
        "command" : 0,
        "file" : 0,
        "line" : 34,
        "parent" : 346
      },
      {
        "file" : 0
      },
      {
        "command" : 1,
        "file" : 0,
        "line" : 475,
        "parent" : 348
      },
      {
        "command" : 0,
        "file" : 0,
        "line" : 34,
        "parent" : 349
      },
      {
        "file" : 0
      },
      {
        "command" : 1,
        "file" : 0,
        "line" : 475,
        "parent" : 351
      },
      {
        "command" : 0,
        "file" : 0,
        "line" : 34,
        "parent" : 352
      },
      {
        "file" : 0
      },
      {
        "command" : 1,
        "file" : 0,
        "line" : 475,
        "parent" : 354
      },
      {
        "command" : 0,
        "file" : 0,
        "line" : 34,
        "parent" : 355
      },
      {
        "file" : 0
      },
      {
        "command" : 1,
        "file" : 0,
        "line" : 475,
        "parent" : 357
      },
      {
        "command" : 0,
        "file" : 0,
        "line" : 34,
        "parent" : 358
      },
      {
        "file" : 0
      },
      {
        "command" : 1,
        "file" : 0,
        "line" : 475,
        "parent" : 360
      },
      {
        "command" : 0,
        "file" : 0,
        "line" : 34,
        "parent" : 361
      },
      {
        "file" : 0
      },
      {
        "command" : 1,
        "file" : 0,
        "line" : 475,
        "parent" : 363
      },
      {
        "command" : 0,
        "file" : 0,
        "line" : 34,
        "parent" : 364
      },
      {
        "file" : 0
      },
      {
        "command" : 1,
        "file" : 0,
        "line" : 475,
        "parent" : 366
      },
      {
        "command" : 0,
        "file" : 0,
        "line" : 34,
        "parent" : 367
      },
      {
        "file" : 0
      },
      {
        "command" : 1,
        "file" : 0,
        "line" : 475,
        "parent" : 369
      },
      {
        "command" : 0,
        "file" : 0,
        "line" : 34,
        "parent" : 370
      },
      {
        "file" : 0
      },
      {
        "command" : 1,
        "file" : 0,
        "line" : 475,
        "parent" : 372
      },
      {
        "command" : 0,
        "file" : 0,
        "line" : 34,
        "parent" : 373
      },
      {
        "file" : 0
      },
      {
        "command" : 1,
        "file" : 0,
        "line" : 475,
        "parent" : 375
      },
      {
        "command" : 0,
        "file" : 0,
        "line" : 34,
        "parent" : 376
      },
      {
        "file" : 0
      },
      {
        "command" : 1,
        "file" : 0,
        "line" : 475,
        "parent" : 378
      },
      {
        "command" : 0,
        "file" : 0,
        "line" : 34,
        "parent" : 379
      },
      {
        "file" : 0
      },
      {
        "command" : 1,
        "file" : 0,
        "line" : 475,
        "parent" : 381
      },
      {
        "command" : 0,
        "file" : 0,
        "line" : 34,
        "parent" : 382
      },
      {
        "file" : 0
      },
      {
        "command" : 1,
        "file" : 0,
        "line" : 475,
        "parent" : 384
      },
      {
        "command" : 0,
        "file" : 0,
        "line" : 34,
        "parent" : 385
      },
      {
        "file" : 0
      },
      {
        "command" : 1,
        "file" : 0,
        "line" : 475,
        "parent" : 387
      },
      {
        "command" : 0,
        "file" : 0,
        "line" : 34,
        "parent" : 388
      },
      {
        "file" : 0
      },
      {
        "command" : 1,
        "file" : 0,
        "line" : 475,
        "parent" : 390
      },
      {
        "command" : 0,
        "file" : 0,
        "line" : 34,
        "parent" : 391
      },
      {
        "file" : 0
      },
      {
        "command" : 1,
        "file" : 0,
        "line" : 475,
        "parent" : 393
      },
      {
        "command" : 0,
        "file" : 0,
        "line" : 34,
        "parent" : 394
      },
      {
        "file" : 0
      },
      {
        "command" : 1,
        "file" : 0,
        "line" : 475,
        "parent" : 396
      },
      {
        "command" : 0,
        "file" : 0,
        "line" : 34,
        "parent" : 397
      },
      {
        "file" : 0
      },
      {
        "command" : 1,
        "file" : 0,
        "line" : 475,
        "parent" : 399
      },
      {
        "command" : 0,
        "file" : 0,
        "line" : 34,
        "parent" : 400
      },
      {
        "file" : 0
      },
      {
        "command" : 1,
        "file" : 0,
        "line" : 475,
        "parent" : 402
      },
      {
        "command" : 0,
        "file" : 0,
        "line" : 34,
        "parent" : 403
      },
      {
        "file" : 0
      },
      {
        "command" : 1,
        "file" : 0,
        "line" : 484,
        "parent" : 405
      },
      {
        "command" : 0,
        "file" : 0,
        "line" : 34,
        "parent" : 406
      },
      {
        "file" : 0
      },
      {
        "command" : 1,
        "file" : 0,
        "line" : 486,
        "parent" : 408
      },
      {
        "command" : 0,
        "file" : 0,
        "line" : 34,
        "parent" : 409
      },
      {
        "file" : 0
      },
      {
        "command" : 1,
        "file" : 0,
        "line" : 492,
        "parent" : 411
      },
      {
        "command" : 0,
        "file" : 0,
        "line" : 34,
        "parent" : 412
      },
      {
        "file" : 0
      },
      {
        "command" : 1,
        "file" : 0,
        "line" : 497,
        "parent" : 414
      },
      {
        "command" : 0,
        "file" : 0,
        "line" : 34,
        "parent" : 415
      },
      {
        "file" : 0
      },
      {
        "command" : 1,
        "file" : 0,
        "line" : 500,
        "parent" : 417
      },
      {
        "command" : 0,
        "file" : 0,
        "line" : 34,
        "parent" : 418
      },
      {
        "file" : 0
      },
      {
        "command" : 1,
        "file" : 0,
        "line" : 501,
        "parent" : 420
      },
      {
        "command" : 0,
        "file" : 0,
        "line" : 34,
        "parent" : 421
      },
      {
        "file" : 0
      },
      {
        "command" : 1,
        "file" : 0,
        "line" : 502,
        "parent" : 423
      },
      {
        "command" : 0,
        "file" : 0,
        "line" : 34,
        "parent" : 424
      },
      {
        "file" : 0
      },
      {
        "command" : 0,
        "file" : 0,
        "line" : 503,
        "parent" : 426
      },
      {
        "file" : 0
      },
      {
        "command" : 0,
        "file" : 0,
        "line" : 511,
        "parent" : 428
      },
      {
        "file" : 0
      },
      {
        "command" : 0,
        "file" : 0,
        "line" : 518,
        "parent" : 430
      },
      {
        "file" : 0
      },
      {
        "command" : 1,
        "file" : 0,
        "line" : 548,
        "parent" : 432
      },
      {
        "command" : 0,
        "file" : 0,
        "line" : 34,
        "parent" : 433
      },
      {
        "file" : 0
      },
      {
        "command" : 1,
        "file" : 0,
        "line" : 549,
        "parent" : 435
      },
      {
        "command" : 0,
        "file" : 0,
        "line" : 34,
        "parent" : 436
      },
      {
        "file" : 0
      },
      {
        "command" : 1,
        "file" : 0,
        "line" : 550,
        "parent" : 438
      },
      {
        "command" : 0,
        "file" : 0,
        "line" : 34,
        "parent" : 439
      },
      {
        "file" : 0
      },
      {
        "command" : 1,
        "file" : 0,
        "line" : 553,
        "parent" : 441
      },
      {
        "command" : 0,
        "file" : 0,
        "line" : 34,
        "parent" : 442
      },
      {
        "file" : 0
      },
      {
        "command" : 1,
        "file" : 0,
        "line" : 555,
        "parent" : 444
      },
      {
        "command" : 0,
        "file" : 0,
        "line" : 34,
        "parent" : 445
      },
      {
        "file" : 0
      },
      {
        "command" : 1,
        "file" : 0,
        "line" : 556,
        "parent" : 447
      },
      {
        "command" : 0,
        "file" : 0,
        "line" : 34,
        "parent" : 448
      },
      {
        "file" : 0
      },
      {
        "command" : 1,
        "file" : 0,
        "line" : 565,
        "parent" : 450
      },
      {
        "command" : 0,
        "file" : 0,
        "line" : 34,
        "parent" : 451
      },
      {
        "file" : 0
      },
      {
        "command" : 1,
        "file" : 0,
        "line" : 568,
        "parent" : 453
      },
      {
        "command" : 0,
        "file" : 0,
        "line" : 34,
        "parent" : 454
      },
      {
        "file" : 0
      },
      {
        "command" : 1,
        "file" : 0,
        "line" : 569,
        "parent" : 456
      },
      {
        "command" : 0,
        "file" : 0,
        "line" : 34,
        "parent" : 457
      },
      {
        "file" : 0
      },
      {
        "command" : 1,
        "file" : 0,
        "line" : 570,
        "parent" : 459
      },
      {
        "command" : 0,
        "file" : 0,
        "line" : 34,
        "parent" : 460
      },
      {
        "file" : 0
      },
      {
        "command" : 1,
        "file" : 0,
        "line" : 571,
        "parent" : 462
      },
      {
        "command" : 0,
        "file" : 0,
        "line" : 34,
        "parent" : 463
      },
      {
        "file" : 0
      },
      {
        "command" : 1,
        "file" : 0,
        "line" : 572,
        "parent" : 465
      },
      {
        "command" : 0,
        "file" : 0,
        "line" : 34,
        "parent" : 466
      },
      {
        "file" : 0
      },
      {
        "command" : 1,
        "file" : 0,
        "line" : 573,
        "parent" : 468
      },
      {
        "command" : 0,
        "file" : 0,
        "line" : 34,
        "parent" : 469
      },
      {
        "file" : 0
      },
      {
        "command" : 1,
        "file" : 0,
        "line" : 574,
        "parent" : 471
      },
      {
        "command" : 0,
        "file" : 0,
        "line" : 34,
        "parent" : 472
      },
      {
        "file" : 0
      },
      {
        "command" : 1,
        "file" : 0,
        "line" : 575,
        "parent" : 474
      },
      {
        "command" : 0,
        "file" : 0,
        "line" : 34,
        "parent" : 475
      },
      {
        "file" : 0
      },
      {
        "command" : 1,
        "file" : 0,
        "line" : 584,
        "parent" : 477
      },
      {
        "command" : 0,
        "file" : 0,
        "line" : 34,
        "parent" : 478
      },
      {
        "file" : 0
      },
      {
        "command" : 1,
        "file" : 0,
        "line" : 586,
        "parent" : 480
      },
      {
        "command" : 0,
        "file" : 0,
        "line" : 34,
        "parent" : 481
      },
      {
        "file" : 0
      },
      {
        "command" : 1,
        "file" : 0,
        "line" : 588,
        "parent" : 483
      },
      {
        "command" : 0,
        "file" : 0,
        "line" : 34,
        "parent" : 484
      },
      {
        "file" : 0
      },
      {
        "command" : 1,
        "file" : 0,
        "line" : 590,
        "parent" : 486
      },
      {
        "command" : 0,
        "file" : 0,
        "line" : 34,
        "parent" : 487
      },
      {
        "file" : 0
      },
      {
        "command" : 1,
        "file" : 0,
        "line" : 592,
        "parent" : 489
      },
      {
        "command" : 0,
        "file" : 0,
        "line" : 34,
        "parent" : 490
      },
      {
        "file" : 0
      },
      {
        "command" : 1,
        "file" : 0,
        "line" : 594,
        "parent" : 492
      },
      {
        "command" : 0,
        "file" : 0,
        "line" : 34,
        "parent" : 493
      },
      {
        "file" : 0
      },
      {
        "command" : 1,
        "file" : 0,
        "line" : 598,
        "parent" : 495
      },
      {
        "command" : 0,
        "file" : 0,
        "line" : 34,
        "parent" : 496
      },
      {
        "file" : 0
      },
      {
        "command" : 1,
        "file" : 0,
        "line" : 600,
        "parent" : 498
      },
      {
        "command" : 0,
        "file" : 0,
        "line" : 34,
        "parent" : 499
      },
      {
        "file" : 0
      },
      {
        "command" : 1,
        "file" : 0,
        "line" : 604,
        "parent" : 501
      },
      {
        "command" : 0,
        "file" : 0,
        "line" : 34,
        "parent" : 502
      },
      {
        "file" : 0
      },
      {
        "command" : 1,
        "file" : 0,
        "line" : 605,
        "parent" : 504
      },
      {
        "command" : 0,
        "file" : 0,
        "line" : 34,
        "parent" : 505
      },
      {
        "file" : 0
      },
      {
        "command" : 1,
        "file" : 0,
        "line" : 606,
        "parent" : 507
      },
      {
        "command" : 0,
        "file" : 0,
        "line" : 34,
        "parent" : 508
      },
      {
        "file" : 0
      },
      {
        "command" : 0,
        "file" : 0,
        "line" : 608,
        "parent" : 510
      },
      {
        "file" : 0
      },
      {
        "command" : 0,
        "file" : 0,
        "line" : 617,
        "parent" : 512
      },
      {
        "file" : 0
      },
      {
        "command" : 0,
        "file" : 0,
        "line" : 624,
        "parent" : 514
      },
      {
        "file" : 0
      },
      {
        "command" : 0,
        "file" : 0,
        "line" : 633,
        "parent" : 516
      },
      {
        "file" : 0
      },
      {
        "command" : 1,
        "file" : 0,
        "line" : 643,
        "parent" : 518
      },
      {
        "command" : 0,
        "file" : 0,
        "line" : 34,
        "parent" : 519
      },
      {
        "file" : 0
      },
      {
        "command" : 1,
        "file" : 0,
        "line" : 646,
        "parent" : 521
      },
      {
        "command" : 0,
        "file" : 0,
        "line" : 34,
        "parent" : 522
      },
      {
        "file" : 0
      },
      {
        "command" : 1,
        "file" : 0,
        "line" : 655,
        "parent" : 524
      },
      {
        "command" : 0,
        "file" : 0,
        "line" : 34,
        "parent" : 525
      },
      {
        "file" : 0
      },
      {
        "command" : 1,
        "file" : 0,
        "line" : 658,
        "parent" : 527
      },
      {
        "command" : 0,
        "file" : 0,
        "line" : 34,
        "parent" : 528
      },
      {
        "file" : 0
      },
      {
        "command" : 1,
        "file" : 0,
        "line" : 659,
        "parent" : 530
      },
      {
        "command" : 0,
        "file" : 0,
        "line" : 34,
        "parent" : 531
      },
      {
        "file" : 0
      },
      {
        "command" : 1,
        "file" : 0,
        "line" : 660,
        "parent" : 533
      },
      {
        "command" : 0,
        "file" : 0,
        "line" : 34,
        "parent" : 534
      },
      {
        "file" : 0
      },
      {
        "command" : 1,
        "file" : 0,
        "line" : 664,
        "parent" : 536
      },
      {
        "command" : 0,
        "file" : 0,
        "line" : 34,
        "parent" : 537
      },
      {
        "file" : 0
      },
      {
        "command" : 1,
        "file" : 0,
        "line" : 672,
        "parent" : 539
      },
      {
        "command" : 0,
        "file" : 0,
        "line" : 34,
        "parent" : 540
      },
      {
        "file" : 0
      },
      {
        "command" : 1,
        "file" : 0,
        "line" : 673,
        "parent" : 542
      },
      {
        "command" : 0,
        "file" : 0,
        "line" : 34,
        "parent" : 543
      },
      {
        "file" : 0
      },
      {
        "command" : 1,
        "file" : 0,
        "line" : 674,
        "parent" : 545
      },
      {
        "command" : 0,
        "file" : 0,
        "line" : 34,
        "parent" : 546
      },
      {
        "file" : 0
      },
      {
        "command" : 1,
        "file" : 0,
        "line" : 675,
        "parent" : 548
      },
      {
        "command" : 0,
        "file" : 0,
        "line" : 34,
        "parent" : 549
      },
      {
        "file" : 0
      },
      {
        "command" : 1,
        "file" : 0,
        "line" : 686,
        "parent" : 551
      },
      {
        "command" : 0,
        "file" : 0,
        "line" : 34,
        "parent" : 552
      },
      {
        "file" : 0
      },
      {
        "command" : 1,
        "file" : 0,
        "line" : 686,
        "parent" : 554
      },
      {
        "command" : 0,
        "file" : 0,
        "line" : 34,
        "parent" : 555
      },
      {
        "file" : 0
      },
      {
        "command" : 1,
        "file" : 0,
        "line" : 686,
        "parent" : 557
      },
      {
        "command" : 0,
        "file" : 0,
        "line" : 34,
        "parent" : 558
      },
      {
        "file" : 0
      },
      {
        "command" : 1,
        "file" : 0,
        "line" : 686,
        "parent" : 560
      },
      {
        "command" : 0,
        "file" : 0,
        "line" : 34,
        "parent" : 561
      },
      {
        "file" : 0
      },
      {
        "command" : 1,
        "file" : 0,
        "line" : 686,
        "parent" : 563
      },
      {
        "command" : 0,
        "file" : 0,
        "line" : 34,
        "parent" : 564
      },
      {
        "file" : 0
      },
      {
        "command" : 1,
        "file" : 0,
        "line" : 686,
        "parent" : 566
      },
      {
        "command" : 0,
        "file" : 0,
        "line" : 34,
        "parent" : 567
      },
      {
        "file" : 0
      },
      {
        "command" : 1,
        "file" : 0,
        "line" : 686,
        "parent" : 569
      },
      {
        "command" : 0,
        "file" : 0,
        "line" : 34,
        "parent" : 570
      },
      {
        "file" : 0
      },
      {
        "command" : 1,
        "file" : 0,
        "line" : 686,
        "parent" : 572
      },
      {
        "command" : 0,
        "file" : 0,
        "line" : 34,
        "parent" : 573
      },
      {
        "file" : 0
      },
      {
        "command" : 1,
        "file" : 0,
        "line" : 686,
        "parent" : 575
      },
      {
        "command" : 0,
        "file" : 0,
        "line" : 34,
        "parent" : 576
      },
      {
        "file" : 0
      },
      {
        "command" : 1,
        "file" : 0,
        "line" : 686,
        "parent" : 578
      },
      {
        "command" : 0,
        "file" : 0,
        "line" : 34,
        "parent" : 579
      },
      {
        "file" : 0
      },
      {
        "command" : 1,
        "file" : 0,
        "line" : 686,
        "parent" : 581
      },
      {
        "command" : 0,
        "file" : 0,
        "line" : 34,
        "parent" : 582
      },
      {
        "file" : 0
      },
      {
        "command" : 1,
        "file" : 0,
        "line" : 686,
        "parent" : 584
      },
      {
        "command" : 0,
        "file" : 0,
        "line" : 34,
        "parent" : 585
      },
      {
        "file" : 0
      },
      {
        "command" : 1,
        "file" : 0,
        "line" : 686,
        "parent" : 587
      },
      {
        "command" : 0,
        "file" : 0,
        "line" : 34,
        "parent" : 588
      },
      {
        "file" : 0
      },
      {
        "command" : 1,
        "file" : 0,
        "line" : 690,
        "parent" : 590
      },
      {
        "command" : 0,
        "file" : 0,
        "line" : 34,
        "parent" : 591
      },
      {
        "file" : 0
      },
      {
        "command" : 1,
        "file" : 0,
        "line" : 690,
        "parent" : 593
      },
      {
        "command" : 0,
        "file" : 0,
        "line" : 34,
        "parent" : 594
      },
      {
        "file" : 0
      },
      {
        "command" : 1,
        "file" : 0,
        "line" : 690,
        "parent" : 596
      },
      {
        "command" : 0,
        "file" : 0,
        "line" : 34,
        "parent" : 597
      },
      {
        "file" : 0
      },
      {
        "command" : 1,
        "file" : 0,
        "line" : 690,
        "parent" : 599
      },
      {
        "command" : 0,
        "file" : 0,
        "line" : 34,
        "parent" : 600
      },
      {
        "file" : 0
      },
      {
        "command" : 1,
        "file" : 0,
        "line" : 692,
        "parent" : 602
      },
      {
        "command" : 0,
        "file" : 0,
        "line" : 34,
        "parent" : 603
      },
      {
        "file" : 0
      },
      {
        "command" : 1,
        "file" : 0,
        "line" : 697,
        "parent" : 605
      },
      {
        "command" : 0,
        "file" : 0,
        "line" : 34,
        "parent" : 606
      },
      {
        "file" : 0
      },
      {
        "command" : 1,
        "file" : 0,
        "line" : 705,
        "parent" : 608
      },
      {
        "command" : 0,
        "file" : 0,
        "line" : 34,
        "parent" : 609
      },
      {
        "file" : 0
      },
      {
        "command" : 1,
        "file" : 0,
        "line" : 705,
        "parent" : 611
      },
      {
        "command" : 0,
        "file" : 0,
        "line" : 34,
        "parent" : 612
      },
      {
        "file" : 0
      },
      {
        "command" : 1,
        "file" : 0,
        "line" : 705,
        "parent" : 614
      },
      {
        "command" : 0,
        "file" : 0,
        "line" : 34,
        "parent" : 615
      },
      {
        "file" : 0
      },
      {
        "command" : 1,
        "file" : 0,
        "line" : 705,
        "parent" : 617
      },
      {
        "command" : 0,
        "file" : 0,
        "line" : 34,
        "parent" : 618
      },
      {
        "file" : 0
      },
      {
        "command" : 1,
        "file" : 0,
        "line" : 705,
        "parent" : 620
      },
      {
        "command" : 0,
        "file" : 0,
        "line" : 34,
        "parent" : 621
      },
      {
        "file" : 0
      },
      {
        "command" : 1,
        "file" : 0,
        "line" : 705,
        "parent" : 623
      },
      {
        "command" : 0,
        "file" : 0,
        "line" : 34,
        "parent" : 624
      },
      {
        "file" : 0
      },
      {
        "command" : 1,
        "file" : 0,
        "line" : 705,
        "parent" : 626
      },
      {
        "command" : 0,
        "file" : 0,
        "line" : 34,
        "parent" : 627
      },
      {
        "file" : 0
      },
      {
        "command" : 1,
        "file" : 0,
        "line" : 705,
        "parent" : 629
      },
      {
        "command" : 0,
        "file" : 0,
        "line" : 34,
        "parent" : 630
      },
      {
        "file" : 0
      },
      {
        "command" : 1,
        "file" : 0,
        "line" : 715,
        "parent" : 632
      },
      {
        "command" : 0,
        "file" : 0,
        "line" : 34,
        "parent" : 633
      },
      {
        "file" : 0
      },
      {
        "command" : 1,
        "file" : 0,
        "line" : 729,
        "parent" : 635
      },
      {
        "command" : 0,
        "file" : 0,
        "line" : 34,
        "parent" : 636
      },
      {
        "file" : 0
      },
      {
        "command" : 1,
        "file" : 0,
        "line" : 729,
        "parent" : 638
      },
      {
        "command" : 0,
        "file" : 0,
        "line" : 34,
        "parent" : 639
      },
      {
        "file" : 0
      },
      {
        "command" : 1,
        "file" : 0,
        "line" : 729,
        "parent" : 641
      },
      {
        "command" : 0,
        "file" : 0,
        "line" : 34,
        "parent" : 642
      },
      {
        "file" : 0
      },
      {
        "command" : 1,
        "file" : 0,
        "line" : 729,
        "parent" : 644
      },
      {
        "command" : 0,
        "file" : 0,
        "line" : 34,
        "parent" : 645
      },
      {
        "file" : 0
      },
      {
        "command" : 1,
        "file" : 0,
        "line" : 729,
        "parent" : 647
      },
      {
        "command" : 0,
        "file" : 0,
        "line" : 34,
        "parent" : 648
      },
      {
        "file" : 0
      },
      {
        "command" : 1,
        "file" : 0,
        "line" : 729,
        "parent" : 650
      },
      {
        "command" : 0,
        "file" : 0,
        "line" : 34,
        "parent" : 651
      },
      {
        "file" : 0
      },
      {
        "command" : 1,
        "file" : 0,
        "line" : 729,
        "parent" : 653
      },
      {
        "command" : 0,
        "file" : 0,
        "line" : 34,
        "parent" : 654
      },
      {
        "file" : 0
      },
      {
        "command" : 1,
        "file" : 0,
        "line" : 729,
        "parent" : 656
      },
      {
        "command" : 0,
        "file" : 0,
        "line" : 34,
        "parent" : 657
      },
      {
        "file" : 0
      },
      {
        "command" : 1,
        "file" : 0,
        "line" : 729,
        "parent" : 659
      },
      {
        "command" : 0,
        "file" : 0,
        "line" : 34,
        "parent" : 660
      },
      {
        "file" : 0
      },
      {
        "command" : 1,
        "file" : 0,
        "line" : 729,
        "parent" : 662
      },
      {
        "command" : 0,
        "file" : 0,
        "line" : 34,
        "parent" : 663
      },
      {
        "file" : 0
      },
      {
        "command" : 1,
        "file" : 0,
        "line" : 729,
        "parent" : 665
      },
      {
        "command" : 0,
        "file" : 0,
        "line" : 34,
        "parent" : 666
      },
      {
        "file" : 0
      },
      {
        "command" : 1,
        "file" : 0,
        "line" : 729,
        "parent" : 668
      },
      {
        "command" : 0,
        "file" : 0,
        "line" : 34,
        "parent" : 669
      },
      {
        "file" : 0
      },
      {
        "command" : 1,
        "file" : 0,
        "line" : 729,
        "parent" : 671
      },
      {
        "command" : 0,
        "file" : 0,
        "line" : 34,
        "parent" : 672
      },
      {
        "file" : 0
      },
      {
        "command" : 1,
        "file" : 0,
        "line" : 729,
        "parent" : 674
      },
      {
        "command" : 0,
        "file" : 0,
        "line" : 34,
        "parent" : 675
      },
      {
        "file" : 0
      },
      {
        "command" : 1,
        "file" : 0,
        "line" : 729,
        "parent" : 677
      },
      {
        "command" : 0,
        "file" : 0,
        "line" : 34,
        "parent" : 678
      },
      {
        "file" : 0
      },
      {
        "command" : 1,
        "file" : 0,
        "line" : 729,
        "parent" : 680
      },
      {
        "command" : 0,
        "file" : 0,
        "line" : 34,
        "parent" : 681
      },
      {
        "file" : 0
      },
      {
        "command" : 1,
        "file" : 0,
        "line" : 729,
        "parent" : 683
      },
      {
        "command" : 0,
        "file" : 0,
        "line" : 34,
        "parent" : 684
      },
      {
        "file" : 0
      },
      {
        "command" : 1,
        "file" : 0,
        "line" : 735,
        "parent" : 686
      },
      {
        "command" : 0,
        "file" : 0,
        "line" : 34,
        "parent" : 687
      },
      {
        "file" : 0
      },
      {
        "command" : 1,
        "file" : 0,
        "line" : 737,
        "parent" : 689
      },
      {
        "command" : 0,
        "file" : 0,
        "line" : 34,
        "parent" : 690
      },
      {
        "file" : 0
      },
      {
        "command" : 1,
        "file" : 0,
        "line" : 739,
        "parent" : 692
      },
      {
        "command" : 0,
        "file" : 0,
        "line" : 34,
        "parent" : 693
      },
      {
        "file" : 0
      },
      {
        "command" : 1,
        "file" : 0,
        "line" : 740,
        "parent" : 695
      },
      {
        "command" : 0,
        "file" : 0,
        "line" : 34,
        "parent" : 696
      },
      {
        "file" : 0
      },
      {
        "command" : 1,
        "file" : 0,
        "line" : 745,
        "parent" : 698
      },
      {
        "command" : 0,
        "file" : 0,
        "line" : 34,
        "parent" : 699
      },
      {
        "file" : 0
      },
      {
        "command" : 1,
        "file" : 0,
        "line" : 747,
        "parent" : 701
      },
      {
        "command" : 0,
        "file" : 0,
        "line" : 34,
        "parent" : 702
      },
      {
        "file" : 0
      },
      {
        "command" : 1,
        "file" : 0,
        "line" : 747,
        "parent" : 704
      },
      {
        "command" : 0,
        "file" : 0,
        "line" : 34,
        "parent" : 705
      },
      {
        "file" : 0
      },
      {
        "command" : 1,
        "file" : 0,
        "line" : 747,
        "parent" : 707
      },
      {
        "command" : 0,
        "file" : 0,
        "line" : 34,
        "parent" : 708
      },
      {
        "file" : 0
      },
      {
        "command" : 1,
        "file" : 0,
        "line" : 750,
        "parent" : 710
      },
      {
        "command" : 0,
        "file" : 0,
        "line" : 34,
        "parent" : 711
      },
      {
        "file" : 0
      },
      {
        "command" : 1,
        "file" : 0,
        "line" : 751,
        "parent" : 713
      },
      {
        "command" : 0,
        "file" : 0,
        "line" : 34,
        "parent" : 714
      },
      {
        "file" : 0
      },
      {
        "command" : 1,
        "file" : 0,
        "line" : 753,
        "parent" : 716
      },
      {
        "command" : 0,
        "file" : 0,
        "line" : 34,
        "parent" : 717
      },
      {
        "file" : 0
      },
      {
        "command" : 1,
        "file" : 0,
        "line" : 755,
        "parent" : 719
      },
      {
        "command" : 0,
        "file" : 0,
        "line" : 34,
        "parent" : 720
      },
      {
        "file" : 0
      },
      {
        "command" : 1,
        "file" : 0,
        "line" : 755,
        "parent" : 722
      },
      {
        "command" : 0,
        "file" : 0,
        "line" : 34,
        "parent" : 723
      },
      {
        "file" : 0
      },
      {
        "command" : 1,
        "file" : 0,
        "line" : 755,
        "parent" : 725
      },
      {
        "command" : 0,
        "file" : 0,
        "line" : 34,
        "parent" : 726
      },
      {
        "file" : 0
      },
      {
        "command" : 1,
        "file" : 0,
        "line" : 755,
        "parent" : 728
      },
      {
        "command" : 0,
        "file" : 0,
        "line" : 34,
        "parent" : 729
      },
      {
        "file" : 0
      },
      {
        "command" : 1,
        "file" : 0,
        "line" : 755,
        "parent" : 731
      },
      {
        "command" : 0,
        "file" : 0,
        "line" : 34,
        "parent" : 732
      },
      {
        "file" : 0
      },
      {
        "command" : 1,
        "file" : 0,
        "line" : 761,
        "parent" : 734
      },
      {
        "command" : 0,
        "file" : 0,
        "line" : 34,
        "parent" : 735
      },
      {
        "file" : 0
      },
      {
        "command" : 1,
        "file" : 0,
        "line" : 762,
        "parent" : 737
      },
      {
        "command" : 0,
        "file" : 0,
        "line" : 34,
        "parent" : 738
      },
      {
        "file" : 0
      },
      {
        "command" : 1,
        "file" : 0,
        "line" : 764,
        "parent" : 740
      },
      {
        "command" : 0,
        "file" : 0,
        "line" : 34,
        "parent" : 741
      },
      {
        "file" : 0
      },
      {
        "command" : 1,
        "file" : 0,
        "line" : 768,
        "parent" : 743
      },
      {
        "command" : 0,
        "file" : 0,
        "line" : 34,
        "parent" : 744
      },
      {
        "file" : 0
      },
      {
        "command" : 1,
        "file" : 0,
        "line" : 768,
        "parent" : 746
      },
      {
        "command" : 0,
        "file" : 0,
        "line" : 34,
        "parent" : 747
      },
      {
        "file" : 0
      },
      {
        "command" : 1,
        "file" : 0,
        "line" : 768,
        "parent" : 749
      },
      {
        "command" : 0,
        "file" : 0,
        "line" : 34,
        "parent" : 750
      },
      {
        "file" : 0
      },
      {
        "command" : 1,
        "file" : 0,
        "line" : 768,
        "parent" : 752
      },
      {
        "command" : 0,
        "file" : 0,
        "line" : 34,
        "parent" : 753
      },
      {
        "file" : 0
      },
      {
        "command" : 1,
        "file" : 0,
        "line" : 768,
        "parent" : 755
      },
      {
        "command" : 0,
        "file" : 0,
        "line" : 34,
        "parent" : 756
      },
      {
        "file" : 0
      },
      {
        "command" : 1,
        "file" : 0,
        "line" : 768,
        "parent" : 758
      },
      {
        "command" : 0,
        "file" : 0,
        "line" : 34,
        "parent" : 759
      },
      {
        "file" : 0
      },
      {
        "command" : 1,
        "file" : 0,
        "line" : 768,
        "parent" : 761
      },
      {
        "command" : 0,
        "file" : 0,
        "line" : 34,
        "parent" : 762
      },
      {
        "file" : 0
      },
      {
        "command" : 1,
        "file" : 0,
        "line" : 768,
        "parent" : 764
      },
      {
        "command" : 0,
        "file" : 0,
        "line" : 34,
        "parent" : 765
      },
      {
        "file" : 0
      },
      {
        "command" : 1,
        "file" : 0,
        "line" : 768,
        "parent" : 767
      },
      {
        "command" : 0,
        "file" : 0,
        "line" : 34,
        "parent" : 768
      },
      {
        "file" : 0
      },
      {
        "command" : 1,
        "file" : 0,
        "line" : 773,
        "parent" : 770
      },
      {
        "command" : 0,
        "file" : 0,
        "line" : 34,
        "parent" : 771
      },
      {
        "file" : 0
      },
      {
        "command" : 1,
        "file" : 0,
        "line" : 774,
        "parent" : 773
      },
      {
        "command" : 0,
        "file" : 0,
        "line" : 34,
        "parent" : 774
      },
      {
        "file" : 0
      },
      {
        "command" : 1,
        "file" : 0,
        "line" : 776,
        "parent" : 776
      },
      {
        "command" : 0,
        "file" : 0,
        "line" : 34,
        "parent" : 777
      },
      {
        "file" : 0
      },
      {
        "command" : 1,
        "file" : 0,
        "line" : 779,
        "parent" : 779
      },
      {
        "command" : 0,
        "file" : 0,
        "line" : 34,
        "parent" : 780
      },
      {
        "file" : 0
      },
      {
        "command" : 1,
        "file" : 0,
        "line" : 780,
        "parent" : 782
      },
      {
        "command" : 0,
        "file" : 0,
        "line" : 34,
        "parent" : 783
      },
      {
        "file" : 0
      },
      {
        "command" : 1,
        "file" : 0,
        "line" : 781,
        "parent" : 785
      },
      {
        "command" : 0,
        "file" : 0,
        "line" : 34,
        "parent" : 786
      },
      {
        "file" : 0
      },
      {
        "command" : 1,
        "file" : 0,
        "line" : 783,
        "parent" : 788
      },
      {
        "command" : 0,
        "file" : 0,
        "line" : 34,
        "parent" : 789
      },
      {
        "file" : 0
      },
      {
        "command" : 1,
        "file" : 0,
        "line" : 786,
        "parent" : 791
      },
      {
        "command" : 0,
        "file" : 0,
        "line" : 34,
        "parent" : 792
      },
      {
        "file" : 0
      },
      {
        "command" : 1,
        "file" : 0,
        "line" : 787,
        "parent" : 794
      },
      {
        "command" : 0,
        "file" : 0,
        "line" : 34,
        "parent" : 795
      },
      {
        "file" : 0
      },
      {
        "command" : 1,
        "file" : 0,
        "line" : 789,
        "parent" : 797
      },
      {
        "command" : 0,
        "file" : 0,
        "line" : 34,
        "parent" : 798
      },
      {
        "file" : 0
      },
      {
        "command" : 1,
        "file" : 0,
        "line" : 791,
        "parent" : 800
      },
      {
        "command" : 0,
        "file" : 0,
        "line" : 34,
        "parent" : 801
      },
      {
        "file" : 0
      },
      {
        "command" : 1,
        "file" : 0,
        "line" : 793,
        "parent" : 803
      },
      {
        "command" : 0,
        "file" : 0,
        "line" : 34,
        "parent" : 804
      },
      {
        "file" : 0
      },
      {
        "command" : 1,
        "file" : 0,
        "line" : 795,
        "parent" : 806
      },
      {
        "command" : 0,
        "file" : 0,
        "line" : 34,
        "parent" : 807
      },
      {
        "file" : 0
      },
      {
        "command" : 0,
        "file" : 0,
        "line" : 798,
        "parent" : 809
      },
      {
        "file" : 0
      },
      {
        "command" : 0,
        "file" : 0,
        "line" : 800,
        "parent" : 811
      },
      {
        "file" : 0
      },
      {
        "command" : 0,
        "file" : 0,
        "line" : 803,
        "parent" : 813
      },
      {
        "file" : 0
      },
      {
        "command" : 0,
        "file" : 0,
        "line" : 805,
        "parent" : 815
      },
      {
        "file" : 0
      },
      {
        "command" : 1,
        "file" : 0,
        "line" : 810,
        "parent" : 817
      },
      {
        "command" : 0,
        "file" : 0,
        "line" : 34,
        "parent" : 818
      },
      {
        "file" : 0
      },
      {
        "command" : 1,
        "file" : 0,
        "line" : 813,
        "parent" : 820
      },
      {
        "command" : 0,
        "file" : 0,
        "line" : 34,
        "parent" : 821
      },
      {
        "file" : 0
      },
      {
        "command" : 0,
        "file" : 0,
        "line" : 814,
        "parent" : 823
      },
      {
        "file" : 0
      },
      {
        "command" : 0,
        "file" : 0,
        "line" : 816,
        "parent" : 825
      },
      {
        "file" : 0
      },
      {
        "command" : 0,
        "file" : 0,
        "line" : 820,
        "parent" : 827
      },
      {
        "file" : 0
      },
      {
        "command" : 1,
        "file" : 0,
        "line" : 829,
        "parent" : 829
      },
      {
        "command" : 0,
        "file" : 0,
        "line" : 34,
        "parent" : 830
      },
      {
        "file" : 0
      },
      {
        "command" : 1,
        "file" : 0,
        "line" : 831,
        "parent" : 832
      },
      {
        "command" : 0,
        "file" : 0,
        "line" : 34,
        "parent" : 833
      },
      {
        "file" : 0
      },
      {
        "command" : 1,
        "file" : 0,
        "line" : 833,
        "parent" : 835
      },
      {
        "command" : 0,
        "file" : 0,
        "line" : 34,
        "parent" : 836
      },
      {
        "file" : 0
      },
      {
        "command" : 1,
        "file" : 0,
        "line" : 835,
        "parent" : 838
      },
      {
        "command" : 0,
        "file" : 0,
        "line" : 34,
        "parent" : 839
      },
      {
        "file" : 0
      },
      {
        "command" : 1,
        "file" : 0,
        "line" : 841,
        "parent" : 841
      },
      {
        "command" : 0,
        "file" : 0,
        "line" : 34,
        "parent" : 842
      },
      {
        "file" : 0
      },
      {
        "command" : 1,
        "file" : 0,
        "line" : 845,
        "parent" : 844
      },
      {
        "command" : 0,
        "file" : 0,
        "line" : 34,
        "parent" : 845
      },
      {
        "file" : 0
      },
      {
        "command" : 1,
        "file" : 0,
        "line" : 845,
        "parent" : 847
      },
      {
        "command" : 0,
        "file" : 0,
        "line" : 34,
        "parent" : 848
      },
      {
        "file" : 0
      },
      {
        "command" : 1,
        "file" : 0,
        "line" : 845,
        "parent" : 850
      },
      {
        "command" : 0,
        "file" : 0,
        "line" : 34,
        "parent" : 851
      },
      {
        "file" : 0
      },
      {
        "command" : 1,
        "file" : 0,
        "line" : 845,
        "parent" : 853
      },
      {
        "command" : 0,
        "file" : 0,
        "line" : 34,
        "parent" : 854
      },
      {
        "file" : 0
      },
      {
        "command" : 1,
        "file" : 0,
        "line" : 845,
        "parent" : 856
      },
      {
        "command" : 0,
        "file" : 0,
        "line" : 34,
        "parent" : 857
      },
      {
        "file" : 0
      },
      {
        "command" : 1,
        "file" : 0,
        "line" : 925,
        "parent" : 859
      },
      {
        "command" : 0,
        "file" : 0,
        "line" : 34,
        "parent" : 860
      },
      {
        "file" : 0
      },
      {
        "command" : 1,
        "file" : 0,
        "line" : 927,
        "parent" : 862
      },
      {
        "command" : 0,
        "file" : 0,
        "line" : 34,
        "parent" : 863
      },
      {
        "file" : 0
      },
      {
        "command" : 1,
        "file" : 0,
        "line" : 930,
        "parent" : 865
      },
      {
        "command" : 0,
        "file" : 0,
        "line" : 34,
        "parent" : 866
      },
      {
        "file" : 0
      },
      {
        "command" : 1,
        "file" : 0,
        "line" : 933,
        "parent" : 868
      },
      {
        "command" : 0,
        "file" : 0,
        "line" : 34,
        "parent" : 869
      },
      {
        "file" : 0
      },
      {
        "command" : 1,
        "file" : 0,
        "line" : 936,
        "parent" : 871
      },
      {
        "command" : 0,
        "file" : 0,
        "line" : 34,
        "parent" : 872
      },
      {
        "file" : 0
      },
      {
        "command" : 1,
        "file" : 0,
        "line" : 939,
        "parent" : 874
      },
      {
        "command" : 0,
        "file" : 0,
        "line" : 34,
        "parent" : 875
      },
      {
        "file" : 0
      },
      {
        "command" : 1,
        "file" : 0,
        "line" : 941,
        "parent" : 877
      },
      {
        "command" : 0,
        "file" : 0,
        "line" : 34,
        "parent" : 878
      },
      {
        "file" : 0
      },
      {
        "command" : 1,
        "file" : 0,
        "line" : 943,
        "parent" : 880
      },
      {
        "command" : 0,
        "file" : 0,
        "line" : 34,
        "parent" : 881
      },
      {
        "file" : 0
      },
      {
        "command" : 1,
        "file" : 0,
        "line" : 947,
        "parent" : 883
      },
      {
        "command" : 0,
        "file" : 0,
        "line" : 34,
        "parent" : 884
      },
      {
        "file" : 0
      },
      {
        "command" : 1,
        "file" : 0,
        "line" : 949,
        "parent" : 886
      },
      {
        "command" : 0,
        "file" : 0,
        "line" : 34,
        "parent" : 887
      },
      {
        "file" : 0
      },
      {
        "command" : 1,
        "file" : 0,
        "line" : 952,
        "parent" : 889
      },
      {
        "command" : 0,
        "file" : 0,
        "line" : 34,
        "parent" : 890
      },
      {
        "file" : 0
      },
      {
        "command" : 1,
        "file" : 0,
        "line" : 955,
        "parent" : 892
      },
      {
        "command" : 0,
        "file" : 0,
        "line" : 34,
        "parent" : 893
      },
      {
        "file" : 0
      },
      {
        "command" : 1,
        "file" : 0,
        "line" : 958,
        "parent" : 895
      },
      {
        "command" : 0,
        "file" : 0,
        "line" : 34,
        "parent" : 896
      },
      {
        "file" : 0
      },
      {
        "command" : 1,
        "file" : 0,
        "line" : 961,
        "parent" : 898
      },
      {
        "command" : 0,
        "file" : 0,
        "line" : 34,
        "parent" : 899
      },
      {
        "file" : 0
      },
      {
        "command" : 1,
        "file" : 0,
        "line" : 964,
        "parent" : 901
      },
      {
        "command" : 0,
        "file" : 0,
        "line" : 34,
        "parent" : 902
      },
      {
        "file" : 0
      },
      {
        "command" : 1,
        "file" : 0,
        "line" : 967,
        "parent" : 904
      },
      {
        "command" : 0,
        "file" : 0,
        "line" : 34,
        "parent" : 905
      },
      {
        "file" : 0
      },
      {
        "command" : 1,
        "file" : 0,
        "line" : 970,
        "parent" : 907
      },
      {
        "command" : 0,
        "file" : 0,
        "line" : 34,
        "parent" : 908
      },
      {
        "file" : 0
      },
      {
        "command" : 1,
        "file" : 0,
        "line" : 973,
        "parent" : 910
      },
      {
        "command" : 0,
        "file" : 0,
        "line" : 34,
        "parent" : 911
      },
      {
        "file" : 0
      },
      {
        "command" : 1,
        "file" : 0,
        "line" : 975,
        "parent" : 913
      },
      {
        "command" : 0,
        "file" : 0,
        "line" : 34,
        "parent" : 914
      },
      {
        "file" : 0
      },
      {
        "command" : 1,
        "file" : 0,
        "line" : 977,
        "parent" : 916
      },
      {
        "command" : 0,
        "file" : 0,
        "line" : 34,
        "parent" : 917
      },
      {
        "file" : 0
      },
      {
        "command" : 1,
        "file" : 0,
        "line" : 979,
        "parent" : 919
      },
      {
        "command" : 0,
        "file" : 0,
        "line" : 34,
        "parent" : 920
      },
      {
        "file" : 0
      },
      {
        "command" : 1,
        "file" : 0,
        "line" : 981,
        "parent" : 922
      },
      {
        "command" : 0,
        "file" : 0,
        "line" : 34,
        "parent" : 923
      },
      {
        "file" : 0
      },
      {
        "command" : 1,
        "file" : 0,
        "line" : 983,
        "parent" : 925
      },
      {
        "command" : 0,
        "file" : 0,
        "line" : 34,
        "parent" : 926
      },
      {
        "file" : 0
      },
      {
        "command" : 1,
        "file" : 0,
        "line" : 985,
        "parent" : 928
      },
      {
        "command" : 0,
        "file" : 0,
        "line" : 34,
        "parent" : 929
      },
      {
        "file" : 0
      },
      {
        "command" : 1,
        "file" : 0,
        "line" : 991,
        "parent" : 931
      },
      {
        "command" : 0,
        "file" : 0,
        "line" : 34,
        "parent" : 932
      },
      {
        "file" : 0
      },
      {
        "command" : 1,
        "file" : 0,
        "line" : 993,
        "parent" : 934
      },
      {
        "command" : 0,
        "file" : 0,
        "line" : 34,
        "parent" : 935
      },
      {
        "file" : 0
      },
      {
        "command" : 1,
        "file" : 0,
        "line" : 996,
        "parent" : 937
      },
      {
        "command" : 0,
        "file" : 0,
        "line" : 34,
        "parent" : 938
      },
      {
        "file" : 0
      },
      {
        "command" : 1,
        "file" : 0,
        "line" : 999,
        "parent" : 940
      },
      {
        "command" : 0,
        "file" : 0,
        "line" : 34,
        "parent" : 941
      },
      {
        "file" : 0
      },
      {
        "command" : 1,
        "file" : 0,
        "line" : 1002,
        "parent" : 943
      },
      {
        "command" : 0,
        "file" : 0,
        "line" : 34,
        "parent" : 944
      },
      {
        "file" : 0
      },
      {
        "command" : 1,
        "file" : 0,
        "line" : 1005,
        "parent" : 946
      },
      {
        "command" : 0,
        "file" : 0,
        "line" : 34,
        "parent" : 947
      },
      {
        "file" : 0
      },
      {
        "command" : 1,
        "file" : 0,
        "line" : 1007,
        "parent" : 949
      },
      {
        "command" : 0,
        "file" : 0,
        "line" : 34,
        "parent" : 950
      },
      {
        "file" : 0
      },
      {
        "command" : 1,
        "file" : 0,
        "line" : 1009,
        "parent" : 952
      },
      {
        "command" : 0,
        "file" : 0,
        "line" : 34,
        "parent" : 953
      }
    ]
  },
  "kind" : "ctestInfo",
  "tests" : 
  [
    {
      "backtrace" : 2,
      "command" : 
      [
        "/usr/bin/cmake",
        "-DEXPECTED=0",
        "-DCMD=/workspaces/E-HGP/build/v7_next_q2_qualification/mhgp7_selftest",
        "-DARGS=--arith",
        "-DEXPECT_LINE=",
        "-DEXPECT_PREFIX=",
        "-P",
        "/workspaces/E-HGP/morsehgp3D_v7/cmake/run_expect.cmake"
      ],
      "name" : "mhgp7_arith_selftest",
      "properties" : 
      [
        {
          "name" : "LABELS",
          "value" : 
          [
            "gate"
          ]
        },
        {
          "name" : "WORKING_DIRECTORY",
          "value" : "/workspaces/E-HGP/build/v7_next_q2_qualification"
        }
      ]
    },
    {
      "backtrace" : 5,
      "command" : 
      [
        "/usr/bin/cmake",
        "-DEXPECTED=0",
        "-DCMD=/workspaces/E-HGP/build/v7_next_q2_qualification/mhgp7_selftest",
        "-DARGS=--sha256",
        "-DEXPECT_LINE=",
        "-DEXPECT_PREFIX=",
        "-P",
        "/workspaces/E-HGP/morsehgp3D_v7/cmake/run_expect.cmake"
      ],
      "name" : "mhgp7_sha256_selftest",
      "properties" : 
      [
        {
          "name" : "LABELS",
          "value" : 
          [
            "gate"
          ]
        },
        {
          "name" : "WORKING_DIRECTORY",
          "value" : "/workspaces/E-HGP/build/v7_next_q2_qualification"
        }
      ]
    },
    {
      "backtrace" : 8,
      "command" : 
      [
        "/usr/bin/cmake",
        "-DEXPECTED=0",
        "-DCMD=/workspaces/E-HGP/build/v7_next_q2_qualification/mhgp7_selftest",
        "-DARGS=--families",
        "-DEXPECT_LINE=",
        "-DEXPECT_PREFIX=",
        "-P",
        "/workspaces/E-HGP/morsehgp3D_v7/cmake/run_expect.cmake"
      ],
      "name" : "mhgp7_families_fixture",
      "properties" : 
      [
        {
          "name" : "LABELS",
          "value" : 
          [
            "gate"
          ]
        },
        {
          "name" : "WORKING_DIRECTORY",
          "value" : "/workspaces/E-HGP/build/v7_next_q2_qualification"
        }
      ]
    },
    {
      "backtrace" : 11,
      "command" : 
      [
        "/usr/bin/cmake",
        "-DEXPECTED=4",
        "-DCMD=/workspaces/E-HGP/build/v7_next_q2_qualification/mhgp7_selftest",
        "-DARGS=--families --inject=family-scanline-overshoot",
        "-DEXPECT_LINE=",
        "-DEXPECT_PREFIX=",
        "-P",
        "/workspaces/E-HGP/morsehgp3D_v7/cmake/run_expect.cmake"
      ],
      "name" : "mhgp7_families_mutant_overshoot",
      "properties" : 
      [
        {
          "name" : "LABELS",
          "value" : 
          [
            "gate"
          ]
        },
        {
          "name" : "WORKING_DIRECTORY",
          "value" : "/workspaces/E-HGP/build/v7_next_q2_qualification"
        }
      ]
    },
    {
      "backtrace" : 14,
      "command" : 
      [
        "/usr/bin/cmake",
        "-DEXPECTED=0",
        "-DCMD=/workspaces/E-HGP/build/v7_next_q2_qualification/mhgp7_selftest",
        "-DARGS=--tree",
        "-DEXPECT_LINE=",
        "-DEXPECT_PREFIX=",
        "-P",
        "/workspaces/E-HGP/morsehgp3D_v7/cmake/run_expect.cmake"
      ],
      "name" : "mhgp7_tree_selftest",
      "properties" : 
      [
        {
          "name" : "LABELS",
          "value" : 
          [
            "gate"
          ]
        },
        {
          "name" : "WORKING_DIRECTORY",
          "value" : "/workspaces/E-HGP/build/v7_next_q2_qualification"
        }
      ]
    },
    {
      "backtrace" : 17,
      "command" : 
      [
        "/usr/bin/cmake",
        "-DEXPECTED=0",
        "-DCMD=/workspaces/E-HGP/build/v7_next_q2_qualification/mhgp7_selftest",
        "-DARGS=--wspd-ledger",
        "-DEXPECT_LINE=",
        "-DEXPECT_PREFIX=",
        "-P",
        "/workspaces/E-HGP/morsehgp3D_v7/cmake/run_expect.cmake"
      ],
      "name" : "mhgp7_wspd_ledger",
      "properties" : 
      [
        {
          "name" : "LABELS",
          "value" : 
          [
            "gate"
          ]
        },
        {
          "name" : "WORKING_DIRECTORY",
          "value" : "/workspaces/E-HGP/build/v7_next_q2_qualification"
        }
      ]
    },
    {
      "backtrace" : 20,
      "command" : 
      [
        "/usr/bin/cmake",
        "-DEXPECTED=0",
        "-DCMD=/workspaces/E-HGP/build/v7_next_q2_qualification/mhgp7_selftest",
        "-DARGS=--wspd-ownership",
        "-DEXPECT_LINE=",
        "-DEXPECT_PREFIX=",
        "-P",
        "/workspaces/E-HGP/morsehgp3D_v7/cmake/run_expect.cmake"
      ],
      "name" : "mhgp7_wspd_ownership",
      "properties" : 
      [
        {
          "name" : "LABELS",
          "value" : 
          [
            "gate"
          ]
        },
        {
          "name" : "WORKING_DIRECTORY",
          "value" : "/workspaces/E-HGP/build/v7_next_q2_qualification"
        }
      ]
    },
    {
      "backtrace" : 23,
      "command" : 
      [
        "/usr/bin/cmake",
        "-DEXPECTED=4",
        "-DCMD=/workspaces/E-HGP/build/v7_next_q2_qualification/mhgp7_selftest",
        "-DARGS=--wspd-ownership --inject=wspd-cap-terminal",
        "-DEXPECT_LINE=",
        "-DEXPECT_PREFIX=",
        "-P",
        "/workspaces/E-HGP/morsehgp3D_v7/cmake/run_expect.cmake"
      ],
      "name" : "mhgp7_wspd_mutant_cap",
      "properties" : 
      [
        {
          "name" : "LABELS",
          "value" : 
          [
            "gate"
          ]
        },
        {
          "name" : "WORKING_DIRECTORY",
          "value" : "/workspaces/E-HGP/build/v7_next_q2_qualification"
        }
      ]
    },
    {
      "backtrace" : 26,
      "command" : 
      [
        "/usr/bin/cmake",
        "-DEXPECTED=4",
        "-DCMD=/workspaces/E-HGP/build/v7_next_q2_qualification/mhgp7_selftest",
        "-DARGS=--wspd-ownership --inject=wspd-split-heaviest",
        "-DEXPECT_LINE=",
        "-DEXPECT_PREFIX=",
        "-P",
        "/workspaces/E-HGP/morsehgp3D_v7/cmake/run_expect.cmake"
      ],
      "name" : "mhgp7_wspd_mutant_split",
      "properties" : 
      [
        {
          "name" : "LABELS",
          "value" : 
          [
            "gate"
          ]
        },
        {
          "name" : "WORKING_DIRECTORY",
          "value" : "/workspaces/E-HGP/build/v7_next_q2_qualification"
        }
      ]
    },
    {
      "backtrace" : 29,
      "command" : 
      [
        "/usr/bin/cmake",
        "-DEXPECTED=0",
        "-DCMD=/workspaces/E-HGP/build/v7_next_q2_qualification/mhgp7_selftest",
        "-DARGS=--failure-contract",
        "-DEXPECT_LINE=",
        "-DEXPECT_PREFIX=",
        "-P",
        "/workspaces/E-HGP/morsehgp3D_v7/cmake/run_expect.cmake"
      ],
      "name" : "mhgp7_contrat_echec",
      "properties" : 
      [
        {
          "name" : "LABELS",
          "value" : 
          [
            "gate"
          ]
        },
        {
          "name" : "TIMEOUT",
          "value" : 600.0
        },
        {
          "name" : "WORKING_DIRECTORY",
          "value" : "/workspaces/E-HGP/build/v7_next_q2_qualification"
        }
      ]
    },
    {
      "backtrace" : 32,
      "command" : 
      [
        "/usr/bin/cmake",
        "-DEXPECTED=4",
        "-DCMD=/workspaces/E-HGP/build/v7_next_q2_qualification/mhgp7_selftest",
        "-DARGS=--failure-contract --inject=census-nonstrict",
        "-DEXPECT_LINE=",
        "-DEXPECT_PREFIX=",
        "-P",
        "/workspaces/E-HGP/morsehgp3D_v7/cmake/run_expect.cmake"
      ],
      "name" : "mhgp7_contrat_echec_census",
      "properties" : 
      [
        {
          "name" : "LABELS",
          "value" : 
          [
            "gate"
          ]
        },
        {
          "name" : "TIMEOUT",
          "value" : 600.0
        },
        {
          "name" : "WORKING_DIRECTORY",
          "value" : "/workspaces/E-HGP/build/v7_next_q2_qualification"
        }
      ]
    },
    {
      "backtrace" : 35,
      "command" : 
      [
        "/usr/bin/cmake",
        "-DEXPECTED=4",
        "-DCMD=/workspaces/E-HGP/build/v7_next_q2_qualification/mhgp7_selftest",
        "-DARGS=--failure-contract --inject=fold-inject-a-failure-k2",
        "-DEXPECT_LINE=",
        "-DEXPECT_PREFIX=",
        "-P",
        "/workspaces/E-HGP/morsehgp3D_v7/cmake/run_expect.cmake"
      ],
      "name" : "mhgp7_contrat_echec_fold_k2",
      "properties" : 
      [
        {
          "name" : "LABELS",
          "value" : 
          [
            "gate"
          ]
        },
        {
          "name" : "TIMEOUT",
          "value" : 600.0
        },
        {
          "name" : "WORKING_DIRECTORY",
          "value" : "/workspaces/E-HGP/build/v7_next_q2_qualification"
        }
      ]
    },
    {
      "backtrace" : 38,
      "command" : 
      [
        "/usr/bin/cmake",
        "-DEXPECTED=4",
        "-DCMD=/workspaces/E-HGP/build/v7_next_q2_qualification/mhgp7_selftest",
        "-DARGS=--failure-contract --inject=fold-inject-a-failure-k2,provisional-keep-sum-parents",
        "-DEXPECT_LINE=",
        "-DEXPECT_PREFIX=",
        "-P",
        "/workspaces/E-HGP/morsehgp3D_v7/cmake/run_expect.cmake"
      ],
      "name" : "mhgp7_contrat_echec_fuite_sum_parents",
      "properties" : 
      [
        {
          "name" : "LABELS",
          "value" : 
          [
            "gate"
          ]
        },
        {
          "name" : "TIMEOUT",
          "value" : 600.0
        },
        {
          "name" : "WORKING_DIRECTORY",
          "value" : "/workspaces/E-HGP/build/v7_next_q2_qualification"
        }
      ]
    },
    {
      "backtrace" : 41,
      "command" : 
      [
        "/usr/bin/cmake",
        "-DEXPECTED=0",
        "-DCMD=/workspaces/E-HGP/build/v7_next_q2_qualification/mhgp7_bad_alloc_gate",
        "-DARGS=--threads=4",
        "-DEXPECT_LINE=",
        "-DEXPECT_PREFIX=",
        "-P",
        "/workspaces/E-HGP/morsehgp3D_v7/cmake/run_expect.cmake"
      ],
      "name" : "mhgp7_bad_alloc_temoin",
      "properties" : 
      [
        {
          "name" : "LABELS",
          "value" : 
          [
            "gate"
          ]
        },
        {
          "name" : "TIMEOUT",
          "value" : 600.0
        },
        {
          "name" : "WORKING_DIRECTORY",
          "value" : "/workspaces/E-HGP/build/v7_next_q2_qualification"
        }
      ]
    },
    {
      "backtrace" : 44,
      "command" : 
      [
        "/usr/bin/cmake",
        "-DEXPECTED=2",
        "-DCMD=/workspaces/E-HGP/build/v7_next_q2_qualification/mhgp7_bad_alloc_gate",
        "-DARGS=--inject=caps-throw-bad-alloc-provision --etage=entree --threads=4",
        "-DEXPECT_LINE=",
        "-DEXPECT_PREFIX=caps-throw-bad-alloc-provision inflight=1 : resource_exhausted : allocation impossible a l'etage entree (rss_mb apres_generation=",
        "-P",
        "/workspaces/E-HGP/morsehgp3D_v7/cmake/run_expect.cmake"
      ],
      "name" : "mhgp7_bad_alloc_etage_provision",
      "properties" : 
      [
        {
          "name" : "LABELS",
          "value" : 
          [
            "gate"
          ]
        },
        {
          "name" : "TIMEOUT",
          "value" : 600.0
        },
        {
          "name" : "WORKING_DIRECTORY",
          "value" : "/workspaces/E-HGP/build/v7_next_q2_qualification"
        }
      ]
    },
    {
      "backtrace" : 47,
      "command" : 
      [
        "/usr/bin/cmake",
        "-DEXPECTED=2",
        "-DCMD=/workspaces/E-HGP/build/v7_next_q2_qualification/mhgp7_bad_alloc_gate",
        "-DARGS=--threads=4 --inject=caps-throw-bad-alloc-census --etage=census",
        "-DEXPECT_LINE=",
        "-DEXPECT_PREFIX=caps-throw-bad-alloc-census inflight=1 : resource_exhausted : allocation impossible a l'etage census (rss_mb apres_generation=",
        "-P",
        "/workspaces/E-HGP/morsehgp3D_v7/cmake/run_expect.cmake"
      ],
      "name" : "mhgp7_bad_alloc_etage_census",
      "properties" : 
      [
        {
          "name" : "LABELS",
          "value" : 
          [
            "gate"
          ]
        },
        {
          "name" : "TIMEOUT",
          "value" : 600.0
        },
        {
          "name" : "WORKING_DIRECTORY",
          "value" : "/workspaces/E-HGP/build/v7_next_q2_qualification"
        }
      ]
    },
    {
      "backtrace" : 50,
      "command" : 
      [
        "/usr/bin/cmake",
        "-DEXPECTED=2",
        "-DCMD=/workspaces/E-HGP/build/v7_next_q2_qualification/mhgp7_bad_alloc_gate",
        "-DARGS=--threads=4 --inject=caps-throw-bad-alloc-fold --etage=fold",
        "-DEXPECT_LINE=",
        "-DEXPECT_PREFIX=caps-throw-bad-alloc-fold inflight=1 : resource_exhausted : allocation impossible a l'etage fold (rss_mb apres_generation=",
        "-P",
        "/workspaces/E-HGP/morsehgp3D_v7/cmake/run_expect.cmake"
      ],
      "name" : "mhgp7_bad_alloc_etage_fold",
      "properties" : 
      [
        {
          "name" : "LABELS",
          "value" : 
          [
            "gate"
          ]
        },
        {
          "name" : "TIMEOUT",
          "value" : 600.0
        },
        {
          "name" : "WORKING_DIRECTORY",
          "value" : "/workspaces/E-HGP/build/v7_next_q2_qualification"
        }
      ]
    },
    {
      "backtrace" : 53,
      "command" : 
      [
        "/usr/bin/cmake",
        "-DEXPECTED=0",
        "-DCMD=/workspaces/E-HGP/build/v7_next_q2_qualification/mhgp7_selftest",
        "-DARGS=--e6-equal",
        "-DEXPECT_LINE=",
        "-DEXPECT_PREFIX=",
        "-P",
        "/workspaces/E-HGP/morsehgp3D_v7/cmake/run_expect.cmake"
      ],
      "name" : "mhgp7_e6_grille_objet",
      "properties" : 
      [
        {
          "name" : "LABELS",
          "value" : 
          [
            "gate"
          ]
        },
        {
          "name" : "TIMEOUT",
          "value" : 600.0
        },
        {
          "name" : "WORKING_DIRECTORY",
          "value" : "/workspaces/E-HGP/build/v7_next_q2_qualification"
        }
      ]
    },
    {
      "backtrace" : 56,
      "command" : 
      [
        "/usr/bin/cmake",
        "-DEXPECTED=0",
        "-DCMD=/workspaces/E-HGP/build/v7_next_q2_qualification/mhgp7_selftest",
        "-DARGS=--fused-descent",
        "-DEXPECT_LINE=",
        "-DEXPECT_PREFIX=",
        "-P",
        "/workspaces/E-HGP/morsehgp3D_v7/cmake/run_expect.cmake"
      ],
      "name" : "mhgp7_fused_descent",
      "properties" : 
      [
        {
          "name" : "LABELS",
          "value" : 
          [
            "gate"
          ]
        },
        {
          "name" : "WORKING_DIRECTORY",
          "value" : "/workspaces/E-HGP/build/v7_next_q2_qualification"
        }
      ]
    },
    {
      "backtrace" : 59,
      "command" : 
      [
        "/usr/bin/cmake",
        "-DEXPECTED=0",
        "-DCMD=/workspaces/E-HGP/build/v7_next_q2_qualification/mhgp7_selftest",
        "-DARGS=--sweep-oracle",
        "-DEXPECT_LINE=",
        "-DEXPECT_PREFIX=",
        "-P",
        "/workspaces/E-HGP/morsehgp3D_v7/cmake/run_expect.cmake"
      ],
      "name" : "mhgp7_sweep_oracle",
      "properties" : 
      [
        {
          "name" : "LABELS",
          "value" : 
          [
            "gate",
            "oracle"
          ]
        },
        {
          "name" : "WORKING_DIRECTORY",
          "value" : "/workspaces/E-HGP/build/v7_next_q2_qualification"
        }
      ]
    },
    {
      "backtrace" : 62,
      "command" : 
      [
        "/usr/bin/cmake",
        "-DEXPECTED=0",
        "-DCMD=/workspaces/E-HGP/build/v7_next_q2_qualification/mhgp7_selftest",
        "-DARGS=--caps-refus",
        "-DEXPECT_LINE=",
        "-DEXPECT_PREFIX=",
        "-P",
        "/workspaces/E-HGP/morsehgp3D_v7/cmake/run_expect.cmake"
      ],
      "name" : "mhgp7_caps_refus",
      "properties" : 
      [
        {
          "name" : "LABELS",
          "value" : 
          [
            "gate"
          ]
        },
        {
          "name" : "TIMEOUT",
          "value" : 600.0
        },
        {
          "name" : "WORKING_DIRECTORY",
          "value" : "/workspaces/E-HGP/build/v7_next_q2_qualification"
        }
      ]
    },
    {
      "backtrace" : 65,
      "command" : 
      [
        "/usr/bin/cmake",
        "-DEXPECTED=4",
        "-DCMD=/workspaces/E-HGP/build/v7_next_q2_qualification/mhgp7_selftest",
        "-DARGS=--caps-refus --inject=caps-drop-emission",
        "-DEXPECT_LINE=",
        "-DEXPECT_PREFIX=",
        "-P",
        "/workspaces/E-HGP/morsehgp3D_v7/cmake/run_expect.cmake"
      ],
      "name" : "mhgp7_caps_mutant_emission",
      "properties" : 
      [
        {
          "name" : "LABELS",
          "value" : 
          [
            "gate"
          ]
        },
        {
          "name" : "TIMEOUT",
          "value" : 600.0
        },
        {
          "name" : "WORKING_DIRECTORY",
          "value" : "/workspaces/E-HGP/build/v7_next_q2_qualification"
        }
      ]
    },
    {
      "backtrace" : 68,
      "command" : 
      [
        "/usr/bin/cmake",
        "-DEXPECTED=4",
        "-DCMD=/workspaces/E-HGP/build/v7_next_q2_qualification/mhgp7_selftest",
        "-DARGS=--caps-refus --inject=caps-late-wave-check",
        "-DEXPECT_LINE=",
        "-DEXPECT_PREFIX=",
        "-P",
        "/workspaces/E-HGP/morsehgp3D_v7/cmake/run_expect.cmake"
      ],
      "name" : "mhgp7_caps_mutant_late_wave",
      "properties" : 
      [
        {
          "name" : "LABELS",
          "value" : 
          [
            "gate"
          ]
        },
        {
          "name" : "TIMEOUT",
          "value" : 600.0
        },
        {
          "name" : "WORKING_DIRECTORY",
          "value" : "/workspaces/E-HGP/build/v7_next_q2_qualification"
        }
      ]
    },
    {
      "backtrace" : 71,
      "command" : 
      [
        "/usr/bin/cmake",
        "-DEXPECTED=4",
        "-DCMD=/workspaces/E-HGP/build/v7_next_q2_qualification/mhgp7_selftest",
        "-DARGS=--caps-refus --inject=caps-skip-prefusion-budget",
        "-DEXPECT_LINE=",
        "-DEXPECT_PREFIX=",
        "-P",
        "/workspaces/E-HGP/morsehgp3D_v7/cmake/run_expect.cmake"
      ],
      "name" : "mhgp7_caps_mutant_prefusion",
      "properties" : 
      [
        {
          "name" : "LABELS",
          "value" : 
          [
            "gate"
          ]
        },
        {
          "name" : "TIMEOUT",
          "value" : 600.0
        },
        {
          "name" : "WORKING_DIRECTORY",
          "value" : "/workspaces/E-HGP/build/v7_next_q2_qualification"
        }
      ]
    },
    {
      "backtrace" : 74,
      "command" : 
      [
        "/usr/bin/cmake",
        "-DEXPECTED=0",
        "-DCMD=/workspaces/E-HGP/build/v7_next_q2_qualification/mhgp7_executor_pool_gate",
        "-DARGS=",
        "-DEXPECT_LINE=",
        "-DEXPECT_PREFIX=",
        "-P",
        "/workspaces/E-HGP/morsehgp3D_v7/cmake/run_expect.cmake"
      ],
      "name" : "mhgp7_executor_pool",
      "properties" : 
      [
        {
          "name" : "LABELS",
          "value" : 
          [
            "gate"
          ]
        },
        {
          "name" : "TIMEOUT",
          "value" : 180.0
        },
        {
          "name" : "WORKING_DIRECTORY",
          "value" : "/workspaces/E-HGP/build/v7_next_q2_qualification"
        }
      ]
    },
    {
      "backtrace" : 77,
      "command" : 
      [
        "/usr/bin/cmake",
        "-DEXPECTED=4",
        "-DCMD=/workspaces/E-HGP/build/v7_next_q2_qualification/mhgp7_executor_pool_gate",
        "-DARGS=--inject=pool-serial",
        "-DEXPECT_LINE=",
        "-DEXPECT_PREFIX=",
        "-P",
        "/workspaces/E-HGP/morsehgp3D_v7/cmake/run_expect.cmake"
      ],
      "name" : "mhgp7_executor_pool_mutant_serial",
      "properties" : 
      [
        {
          "name" : "LABELS",
          "value" : 
          [
            "gate"
          ]
        },
        {
          "name" : "TIMEOUT",
          "value" : 180.0
        },
        {
          "name" : "WORKING_DIRECTORY",
          "value" : "/workspaces/E-HGP/build/v7_next_q2_qualification"
        }
      ]
    },
    {
      "backtrace" : 80,
      "command" : 
      [
        "/usr/bin/cmake",
        "-DEXPECTED=4",
        "-DCMD=/workspaces/E-HGP/build/v7_next_q2_qualification/mhgp7_executor_pool_gate",
        "-DARGS=--inject=pool-drop-exception",
        "-DEXPECT_LINE=",
        "-DEXPECT_PREFIX=",
        "-P",
        "/workspaces/E-HGP/morsehgp3D_v7/cmake/run_expect.cmake"
      ],
      "name" : "mhgp7_executor_pool_mutant_drop_exception",
      "properties" : 
      [
        {
          "name" : "LABELS",
          "value" : 
          [
            "gate"
          ]
        },
        {
          "name" : "TIMEOUT",
          "value" : 180.0
        },
        {
          "name" : "WORKING_DIRECTORY",
          "value" : "/workspaces/E-HGP/build/v7_next_q2_qualification"
        }
      ]
    },
    {
      "backtrace" : 83,
      "command" : 
      [
        "/usr/bin/cmake",
        "-DEXPECTED=4",
        "-DCMD=/workspaces/E-HGP/build/v7_next_q2_qualification/mhgp7_executor_pool_gate",
        "-DARGS=--inject=pool-worker-resume-after-fatal",
        "-DEXPECT_LINE=",
        "-DEXPECT_PREFIX=",
        "-P",
        "/workspaces/E-HGP/morsehgp3D_v7/cmake/run_expect.cmake"
      ],
      "name" : "mhgp7_executor_pool_mutant_worker_resume",
      "properties" : 
      [
        {
          "name" : "LABELS",
          "value" : 
          [
            "gate"
          ]
        },
        {
          "name" : "TIMEOUT",
          "value" : 180.0
        },
        {
          "name" : "WORKING_DIRECTORY",
          "value" : "/workspaces/E-HGP/build/v7_next_q2_qualification"
        }
      ]
    },
    {
      "backtrace" : 86,
      "command" : 
      [
        "/usr/bin/cmake",
        "-DEXPECTED=4",
        "-DCMD=/workspaces/E-HGP/build/v7_next_q2_qualification/mhgp7_executor_pool_gate",
        "-DARGS=--inject=pool-activate-after-unlock",
        "-DEXPECT_LINE=",
        "-DEXPECT_PREFIX=",
        "-P",
        "/workspaces/E-HGP/morsehgp3D_v7/cmake/run_expect.cmake"
      ],
      "name" : "mhgp7_executor_pool_mutant_activate_late",
      "properties" : 
      [
        {
          "name" : "LABELS",
          "value" : 
          [
            "gate"
          ]
        },
        {
          "name" : "TIMEOUT",
          "value" : 180.0
        },
        {
          "name" : "WORKING_DIRECTORY",
          "value" : "/workspaces/E-HGP/build/v7_next_q2_qualification"
        }
      ]
    },
    {
      "backtrace" : 89,
      "command" : 
      [
        "/usr/bin/cmake",
        "-DEXPECTED=0",
        "-DCMD=/workspaces/E-HGP/build/v7_next_q2_qualification/mhgp7_wire_gate",
        "-DARGS=",
        "-DEXPECT_LINE=",
        "-DEXPECT_PREFIX=",
        "-P",
        "/workspaces/E-HGP/morsehgp3D_v7/cmake/run_expect.cmake"
      ],
      "name" : "mhgp7_wire",
      "properties" : 
      [
        {
          "name" : "LABELS",
          "value" : 
          [
            "gate"
          ]
        },
        {
          "name" : "TIMEOUT",
          "value" : 180.0
        },
        {
          "name" : "WORKING_DIRECTORY",
          "value" : "/workspaces/E-HGP/build/v7_next_q2_qualification"
        }
      ]
    },
    {
      "backtrace" : 92,
      "command" : 
      [
        "/usr/bin/cmake",
        "-DEXPECTED=4",
        "-DCMD=/workspaces/E-HGP/build/v7_next_q2_qualification/mhgp7_wire_gate",
        "-DARGS=--inject=gpu-index-drop-node",
        "-DEXPECT_LINE=",
        "-DEXPECT_PREFIX=",
        "-P",
        "/workspaces/E-HGP/morsehgp3D_v7/cmake/run_expect.cmake"
      ],
      "name" : "mhgp7_wire_mutant_drop_node",
      "properties" : 
      [
        {
          "name" : "LABELS",
          "value" : 
          [
            "gate"
          ]
        },
        {
          "name" : "TIMEOUT",
          "value" : 180.0
        },
        {
          "name" : "WORKING_DIRECTORY",
          "value" : "/workspaces/E-HGP/build/v7_next_q2_qualification"
        }
      ]
    },
    {
      "backtrace" : 95,
      "command" : 
      [
        "/usr/bin/cmake",
        "-DEXPECTED=4",
        "-DCMD=/workspaces/E-HGP/build/v7_next_q2_qualification/mhgp7_wire_gate",
        "-DARGS=--inject=wire-t1-plus-one",
        "-DEXPECT_LINE=",
        "-DEXPECT_PREFIX=",
        "-P",
        "/workspaces/E-HGP/morsehgp3D_v7/cmake/run_expect.cmake"
      ],
      "name" : "mhgp7_wire_mutant_t1",
      "properties" : 
      [
        {
          "name" : "LABELS",
          "value" : 
          [
            "gate"
          ]
        },
        {
          "name" : "TIMEOUT",
          "value" : 180.0
        },
        {
          "name" : "WORKING_DIRECTORY",
          "value" : "/workspaces/E-HGP/build/v7_next_q2_qualification"
        }
      ]
    },
    {
      "backtrace" : 98,
      "command" : 
      [
        "/usr/bin/cmake",
        "-DEXPECTED=0",
        "-DCMD=/workspaces/E-HGP/build/v7_next_q2_qualification/mhgp7_census_device_stub_gate",
        "-DARGS=",
        "-DEXPECT_LINE=",
        "-DEXPECT_PREFIX=",
        "-P",
        "/workspaces/E-HGP/morsehgp3D_v7/cmake/run_expect.cmake"
      ],
      "name" : "mhgp7_census_device_stub",
      "properties" : 
      [
        {
          "name" : "LABELS",
          "value" : 
          [
            "gate"
          ]
        },
        {
          "name" : "TIMEOUT",
          "value" : 600.0
        },
        {
          "name" : "WORKING_DIRECTORY",
          "value" : "/workspaces/E-HGP/build/v7_next_q2_qualification"
        }
      ]
    },
    {
      "backtrace" : 101,
      "command" : 
      [
        "/usr/bin/cmake",
        "-DEXPECTED=4",
        "-DCMD=/workspaces/E-HGP/build/v7_next_q2_qualification/mhgp7_census_device_stub_gate",
        "-DARGS=--inject=gpu-range-add-le",
        "-DEXPECT_LINE=",
        "-DEXPECT_PREFIX=",
        "-P",
        "/workspaces/E-HGP/morsehgp3D_v7/cmake/run_expect.cmake"
      ],
      "name" : "mhgp7_census_stub_mutant_range_le",
      "properties" : 
      [
        {
          "name" : "LABELS",
          "value" : 
          [
            "gate"
          ]
        },
        {
          "name" : "TIMEOUT",
          "value" : 600.0
        },
        {
          "name" : "WORKING_DIRECTORY",
          "value" : "/workspaces/E-HGP/build/v7_next_q2_qualification"
        }
      ]
    },
    {
      "backtrace" : 104,
      "command" : 
      [
        "/usr/bin/cmake",
        "-DEXPECTED=4",
        "-DCMD=/workspaces/E-HGP/build/v7_next_q2_qualification/mhgp7_census_device_stub_gate",
        "-DARGS=--inject=gpu-stack-shallow",
        "-DEXPECT_LINE=",
        "-DEXPECT_PREFIX=",
        "-P",
        "/workspaces/E-HGP/morsehgp3D_v7/cmake/run_expect.cmake"
      ],
      "name" : "mhgp7_census_stub_mutant_stack",
      "properties" : 
      [
        {
          "name" : "LABELS",
          "value" : 
          [
            "gate"
          ]
        },
        {
          "name" : "TIMEOUT",
          "value" : 600.0
        },
        {
          "name" : "WORKING_DIRECTORY",
          "value" : "/workspaces/E-HGP/build/v7_next_q2_qualification"
        }
      ]
    },
    {
      "backtrace" : 107,
      "command" : 
      [
        "/usr/bin/cmake",
        "-DEXPECTED=4",
        "-DCMD=/workspaces/E-HGP/build/v7_next_q2_qualification/mhgp7_census_device_stub_gate",
        "-DARGS=--inject=gpu-swap-push-order",
        "-DEXPECT_LINE=",
        "-DEXPECT_PREFIX=",
        "-P",
        "/workspaces/E-HGP/morsehgp3D_v7/cmake/run_expect.cmake"
      ],
      "name" : "mhgp7_census_stub_mutant_swap_push",
      "properties" : 
      [
        {
          "name" : "LABELS",
          "value" : 
          [
            "gate"
          ]
        },
        {
          "name" : "TIMEOUT",
          "value" : 600.0
        },
        {
          "name" : "WORKING_DIRECTORY",
          "value" : "/workspaces/E-HGP/build/v7_next_q2_qualification"
        }
      ]
    },
    {
      "backtrace" : 110,
      "command" : 
      [
        "/usr/bin/cmake",
        "-DEXPECTED=4",
        "-DCMD=/workspaces/E-HGP/build/v7_next_q2_qualification/mhgp7_census_device_stub_gate",
        "-DARGS=--inject=gpu-census-nonstrict",
        "-DEXPECT_LINE=",
        "-DEXPECT_PREFIX=",
        "-P",
        "/workspaces/E-HGP/morsehgp3D_v7/cmake/run_expect.cmake"
      ],
      "name" : "mhgp7_census_stub_mutant_nonstrict",
      "properties" : 
      [
        {
          "name" : "LABELS",
          "value" : 
          [
            "gate"
          ]
        },
        {
          "name" : "TIMEOUT",
          "value" : 600.0
        },
        {
          "name" : "WORKING_DIRECTORY",
          "value" : "/workspaces/E-HGP/build/v7_next_q2_qualification"
        }
      ]
    },
    {
      "backtrace" : 113,
      "command" : 
      [
        "/usr/bin/cmake",
        "-DEXPECTED=4",
        "-DCMD=/workspaces/E-HGP/build/v7_next_q2_qualification/mhgp7_census_device_stub_gate",
        "-DARGS=--inject=gpu-skip-ball-write",
        "-DEXPECT_LINE=",
        "-DEXPECT_PREFIX=",
        "-P",
        "/workspaces/E-HGP/morsehgp3D_v7/cmake/run_expect.cmake"
      ],
      "name" : "mhgp7_census_stub_mutant_skip_write",
      "properties" : 
      [
        {
          "name" : "LABELS",
          "value" : 
          [
            "gate"
          ]
        },
        {
          "name" : "TIMEOUT",
          "value" : 600.0
        },
        {
          "name" : "WORKING_DIRECTORY",
          "value" : "/workspaces/E-HGP/build/v7_next_q2_qualification"
        }
      ]
    },
    {
      "backtrace" : 116,
      "command" : 
      [
        "/usr/bin/cmake",
        "-DEXPECTED=4",
        "-DCMD=/workspaces/E-HGP/build/v7_next_q2_qualification/mhgp7_census_device_stub_gate",
        "-DARGS=--inject=gpu-nshell-overdomain",
        "-DEXPECT_LINE=",
        "-DEXPECT_PREFIX=",
        "-P",
        "/workspaces/E-HGP/morsehgp3D_v7/cmake/run_expect.cmake"
      ],
      "name" : "mhgp7_census_stub_mutant_nshell",
      "properties" : 
      [
        {
          "name" : "LABELS",
          "value" : 
          [
            "gate"
          ]
        },
        {
          "name" : "TIMEOUT",
          "value" : 600.0
        },
        {
          "name" : "WORKING_DIRECTORY",
          "value" : "/workspaces/E-HGP/build/v7_next_q2_qualification"
        }
      ]
    },
    {
      "backtrace" : 119,
      "command" : 
      [
        "/usr/bin/cmake",
        "-DEXPECTED=4",
        "-DCMD=/workspaces/E-HGP/build/v7_next_q2_qualification/mhgp7_census_device_stub_gate",
        "-DARGS=--inject=gpu-skip-count-write",
        "-DEXPECT_LINE=",
        "-DEXPECT_PREFIX=",
        "-P",
        "/workspaces/E-HGP/morsehgp3D_v7/cmake/run_expect.cmake"
      ],
      "name" : "mhgp7_census_stub_mutant_skip_count",
      "properties" : 
      [
        {
          "name" : "LABELS",
          "value" : 
          [
            "gate"
          ]
        },
        {
          "name" : "TIMEOUT",
          "value" : 600.0
        },
        {
          "name" : "WORKING_DIRECTORY",
          "value" : "/workspaces/E-HGP/build/v7_next_q2_qualification"
        }
      ]
    },
    {
      "backtrace" : 122,
      "command" : 
      [
        "/usr/bin/cmake",
        "-DEXPECTED=0",
        "-DCMD=/workspaces/E-HGP/build/v7_next_q2_qualification/mhgp7_pilot_stub_gate",
        "-DARGS=",
        "-DEXPECT_LINE=",
        "-DEXPECT_PREFIX=",
        "-P",
        "/workspaces/E-HGP/morsehgp3D_v7/cmake/run_expect.cmake"
      ],
      "name" : "mhgp7_pilot_stub",
      "properties" : 
      [
        {
          "name" : "LABELS",
          "value" : 
          [
            "gate"
          ]
        },
        {
          "name" : "TIMEOUT",
          "value" : 600.0
        },
        {
          "name" : "WORKING_DIRECTORY",
          "value" : "/workspaces/E-HGP/build/v7_next_q2_qualification"
        }
      ]
    },
    {
      "backtrace" : 125,
      "command" : 
      [
        "/usr/bin/cmake",
        "-DEXPECTED=2",
        "-DCMD=/workspaces/E-HGP/build/v7_next_q2_qualification/mhgp7_pilote_stub_check",
        "-DARGS=--n=200x",
        "-DEXPECT_LINE=",
        "-DEXPECT_PREFIX=",
        "-P",
        "/workspaces/E-HGP/morsehgp3D_v7/cmake/run_expect.cmake"
      ],
      "name" : "mhgp7_pilote_stub_refus_n",
      "properties" : 
      [
        {
          "name" : "LABELS",
          "value" : 
          [
            "gate"
          ]
        },
        {
          "name" : "TIMEOUT",
          "value" : 120.0
        },
        {
          "name" : "WORKING_DIRECTORY",
          "value" : "/workspaces/E-HGP/build/v7_next_q2_qualification"
        }
      ]
    },
    {
      "backtrace" : 128,
      "command" : 
      [
        "/usr/bin/cmake",
        "-DEXPECTED=0",
        "-DCMD=/workspaces/E-HGP/build/v7_next_q2_qualification/mhgp7_pilote_stub_check",
        "-DARGS=--family=uniform --n=200 --seed=3 --threads=4",
        "-DEXPECT_LINE=",
        "-DEXPECT_PREFIX=",
        "-P",
        "/workspaces/E-HGP/morsehgp3D_v7/cmake/run_expect.cmake"
      ],
      "name" : "mhgp7_pilote_stub_parite_200",
      "properties" : 
      [
        {
          "name" : "LABELS",
          "value" : 
          [
            "gate"
          ]
        },
        {
          "name" : "TIMEOUT",
          "value" : 600.0
        },
        {
          "name" : "WORKING_DIRECTORY",
          "value" : "/workspaces/E-HGP/build/v7_next_q2_qualification"
        }
      ]
    },
    {
      "backtrace" : 131,
      "command" : 
      [
        "/usr/bin/cmake",
        "-DEXPECTED=0",
        "-DCMD=/workspaces/E-HGP/build/v7_next_q2_qualification/mhgp7_pilote_stub_check",
        "-DARGS=--family=uniform --n=200 --seed=3 --threads=4 --lot=17 --min-lots=2",
        "-DEXPECT_LINE=",
        "-DEXPECT_PREFIX=",
        "-P",
        "/workspaces/E-HGP/morsehgp3D_v7/cmake/run_expect.cmake"
      ],
      "name" : "mhgp7_pilote_stub_lot17",
      "properties" : 
      [
        {
          "name" : "LABELS",
          "value" : 
          [
            "gate"
          ]
        },
        {
          "name" : "TIMEOUT",
          "value" : 600.0
        },
        {
          "name" : "WORKING_DIRECTORY",
          "value" : "/workspaces/E-HGP/build/v7_next_q2_qualification"
        }
      ]
    },
    {
      "backtrace" : 134,
      "command" : 
      [
        "/usr/bin/cmake",
        "-DEXPECTED=4",
        "-DCMD=/workspaces/E-HGP/build/v7_next_q2_qualification/mhgp7_pilote_stub_check_test",
        "-DARGS=--family=uniform --n=200 --seed=3 --threads=4 --lot=17 --min-lots=2 --inject=gpu-lot-base-reset",
        "-DEXPECT_LINE=",
        "-DEXPECT_PREFIX=",
        "-P",
        "/workspaces/E-HGP/morsehgp3D_v7/cmake/run_expect.cmake"
      ],
      "name" : "mhgp7_pilote_stub_mutant_base",
      "properties" : 
      [
        {
          "name" : "LABELS",
          "value" : 
          [
            "gate"
          ]
        },
        {
          "name" : "TIMEOUT",
          "value" : 600.0
        },
        {
          "name" : "WORKING_DIRECTORY",
          "value" : "/workspaces/E-HGP/build/v7_next_q2_qualification"
        }
      ]
    },
    {
      "backtrace" : 136,
      "command" : 
      [
        "/usr/bin/cmake",
        "-DEXPECTED=0",
        "-DCMD=python3",
        "-DARGS=/workspaces/E-HGP/morsehgp3D_v7/tests/pilote_juge.py --contre-fixtures",
        "-P",
        "/workspaces/E-HGP/morsehgp3D_v7/cmake/run_expect.cmake"
      ],
      "name" : "mhgp7_pilote_juge_contre_fixtures",
      "properties" : 
      [
        {
          "name" : "LABELS",
          "value" : 
          [
            "gate"
          ]
        },
        {
          "name" : "TIMEOUT",
          "value" : 120.0
        },
        {
          "name" : "WORKING_DIRECTORY",
          "value" : "/workspaces/E-HGP/build/v7_next_q2_qualification"
        }
      ]
    },
    {
      "backtrace" : 138,
      "command" : 
      [
        "/usr/bin/cmake",
        "-DEXPECTED=0",
        "-DCMD=python3",
        "-DARGS=/workspaces/E-HGP/morsehgp3D_v7/tests/pilote_juge.py --binaire /workspaces/E-HGP/build/v7_next_q2_qualification/mhgp7_pilote_stub_check --family=uniform --n=200 --seed=3 --threads=4 --lot=17 --min-lots=2 --repeat=4 --ordre=cpu-device",
        "-P",
        "/workspaces/E-HGP/morsehgp3D_v7/cmake/run_expect.cmake"
      ],
      "name" : "mhgp7_pilote_stub_juge",
      "properties" : 
      [
        {
          "name" : "LABELS",
          "value" : 
          [
            "gate"
          ]
        },
        {
          "name" : "TIMEOUT",
          "value" : 600.0
        },
        {
          "name" : "WORKING_DIRECTORY",
          "value" : "/workspaces/E-HGP/build/v7_next_q2_qualification"
        }
      ]
    },
    {
      "backtrace" : 140,
      "command" : 
      [
        "/usr/bin/cmake",
        "-DEXPECTED=0",
        "-DCMD=python3",
        "-DARGS=/workspaces/E-HGP/morsehgp3D_v7/tests/pilote_juge.py --binaire /workspaces/E-HGP/build/v7_next_q2_qualification/mhgp7_pilote_stub_check --family=uniform --n=200 --seed=3 --threads=4 --lot=17 --min-lots=2 --repeat=4 --ordre=device-cpu",
        "-P",
        "/workspaces/E-HGP/morsehgp3D_v7/cmake/run_expect.cmake"
      ],
      "name" : "mhgp7_pilote_stub_juge_ordre_inverse",
      "properties" : 
      [
        {
          "name" : "LABELS",
          "value" : 
          [
            "gate"
          ]
        },
        {
          "name" : "TIMEOUT",
          "value" : 600.0
        },
        {
          "name" : "WORKING_DIRECTORY",
          "value" : "/workspaces/E-HGP/build/v7_next_q2_qualification"
        }
      ]
    },
    {
      "backtrace" : 143,
      "command" : 
      [
        "/usr/bin/cmake",
        "-DEXPECTED=4",
        "-DCMD=/workspaces/E-HGP/build/v7_next_q2_qualification/mhgp7_pilot_stub_gate",
        "-DARGS=--inject=gpu-stack-shallow",
        "-DEXPECT_LINE=",
        "-DEXPECT_PREFIX=",
        "-P",
        "/workspaces/E-HGP/morsehgp3D_v7/cmake/run_expect.cmake"
      ],
      "name" : "mhgp7_pilot_stub_mutant_stack",
      "properties" : 
      [
        {
          "name" : "LABELS",
          "value" : 
          [
            "gate"
          ]
        },
        {
          "name" : "TIMEOUT",
          "value" : 600.0
        },
        {
          "name" : "WORKING_DIRECTORY",
          "value" : "/workspaces/E-HGP/build/v7_next_q2_qualification"
        }
      ]
    },
    {
      "backtrace" : 146,
      "command" : 
      [
        "/usr/bin/cmake",
        "-DEXPECTED=4",
        "-DCMD=/workspaces/E-HGP/build/v7_next_q2_qualification/mhgp7_pilot_stub_gate",
        "-DARGS=--inject=gpu-census-nonstrict",
        "-DEXPECT_LINE=",
        "-DEXPECT_PREFIX=",
        "-P",
        "/workspaces/E-HGP/morsehgp3D_v7/cmake/run_expect.cmake"
      ],
      "name" : "mhgp7_pilot_stub_mutant_nonstrict",
      "properties" : 
      [
        {
          "name" : "LABELS",
          "value" : 
          [
            "gate"
          ]
        },
        {
          "name" : "TIMEOUT",
          "value" : 600.0
        },
        {
          "name" : "WORKING_DIRECTORY",
          "value" : "/workspaces/E-HGP/build/v7_next_q2_qualification"
        }
      ]
    },
    {
      "backtrace" : 149,
      "command" : 
      [
        "/usr/bin/cmake",
        "-DEXPECTED=4",
        "-DCMD=/workspaces/E-HGP/build/v7_next_q2_qualification/mhgp7_pilot_stub_gate",
        "-DARGS=--inject=gpu-skip-ball-write",
        "-DEXPECT_LINE=",
        "-DEXPECT_PREFIX=",
        "-P",
        "/workspaces/E-HGP/morsehgp3D_v7/cmake/run_expect.cmake"
      ],
      "name" : "mhgp7_pilot_stub_mutant_skip_write",
      "properties" : 
      [
        {
          "name" : "LABELS",
          "value" : 
          [
            "gate"
          ]
        },
        {
          "name" : "TIMEOUT",
          "value" : 600.0
        },
        {
          "name" : "WORKING_DIRECTORY",
          "value" : "/workspaces/E-HGP/build/v7_next_q2_qualification"
        }
      ]
    },
    {
      "backtrace" : 152,
      "command" : 
      [
        "/usr/bin/cmake",
        "-DEXPECTED=4",
        "-DCMD=/workspaces/E-HGP/build/v7_next_q2_qualification/mhgp7_pilot_stub_gate",
        "-DARGS=--inject=gpu-nshell-overdomain",
        "-DEXPECT_LINE=",
        "-DEXPECT_PREFIX=",
        "-P",
        "/workspaces/E-HGP/morsehgp3D_v7/cmake/run_expect.cmake"
      ],
      "name" : "mhgp7_pilot_stub_mutant_nshell",
      "properties" : 
      [
        {
          "name" : "LABELS",
          "value" : 
          [
            "gate"
          ]
        },
        {
          "name" : "TIMEOUT",
          "value" : 600.0
        },
        {
          "name" : "WORKING_DIRECTORY",
          "value" : "/workspaces/E-HGP/build/v7_next_q2_qualification"
        }
      ]
    },
    {
      "backtrace" : 155,
      "command" : 
      [
        "/usr/bin/cmake",
        "-DEXPECTED=4",
        "-DCMD=/workspaces/E-HGP/build/v7_next_q2_qualification/mhgp7_pilot_stub_gate",
        "-DARGS=--inject=gpu-skip-count-write",
        "-DEXPECT_LINE=",
        "-DEXPECT_PREFIX=",
        "-P",
        "/workspaces/E-HGP/morsehgp3D_v7/cmake/run_expect.cmake"
      ],
      "name" : "mhgp7_pilot_stub_mutant_skip_count",
      "properties" : 
      [
        {
          "name" : "LABELS",
          "value" : 
          [
            "gate"
          ]
        },
        {
          "name" : "TIMEOUT",
          "value" : 600.0
        },
        {
          "name" : "WORKING_DIRECTORY",
          "value" : "/workspaces/E-HGP/build/v7_next_q2_qualification"
        }
      ]
    },
    {
      "backtrace" : 158,
      "command" : 
      [
        "/usr/bin/cmake",
        "-DEXPECTED=0",
        "-DCMD=/workspaces/E-HGP/build/v7_next_q2_qualification/mhgp7_device_witness_stub",
        "-DARGS=",
        "-DEXPECT_LINE=",
        "-DEXPECT_PREFIX=",
        "-P",
        "/workspaces/E-HGP/morsehgp3D_v7/cmake/run_expect.cmake"
      ],
      "name" : "mhgp7_device_witness_stub",
      "properties" : 
      [
        {
          "name" : "LABELS",
          "value" : 
          [
            "gate"
          ]
        },
        {
          "name" : "TIMEOUT",
          "value" : 180.0
        },
        {
          "name" : "WORKING_DIRECTORY",
          "value" : "/workspaces/E-HGP/build/v7_next_q2_qualification"
        }
      ]
    },
    {
      "backtrace" : 161,
      "command" : 
      [
        "/usr/bin/cmake",
        "-DEXPECTED=4",
        "-DCMD=/workspaces/E-HGP/build/v7_next_q2_qualification/mhgp7_device_witness_stub",
        "-DARGS=--inject=witness-di128-lost-carry",
        "-DEXPECT_LINE=",
        "-DEXPECT_PREFIX=",
        "-P",
        "/workspaces/E-HGP/morsehgp3D_v7/cmake/run_expect.cmake"
      ],
      "name" : "mhgp7_device_witness_stub_mutant_carry",
      "properties" : 
      [
        {
          "name" : "LABELS",
          "value" : 
          [
            "gate"
          ]
        },
        {
          "name" : "TIMEOUT",
          "value" : 180.0
        },
        {
          "name" : "WORKING_DIRECTORY",
          "value" : "/workspaces/E-HGP/build/v7_next_q2_qualification"
        }
      ]
    },
    {
      "backtrace" : 164,
      "command" : 
      [
        "/usr/bin/cmake",
        "-DEXPECTED=4",
        "-DCMD=/workspaces/E-HGP/build/v7_next_q2_qualification/mhgp7_device_witness_stub",
        "-DARGS=--inject=witness-skip-write",
        "-DEXPECT_LINE=",
        "-DEXPECT_PREFIX=",
        "-P",
        "/workspaces/E-HGP/morsehgp3D_v7/cmake/run_expect.cmake"
      ],
      "name" : "mhgp7_device_witness_stub_mutant_skip_write",
      "properties" : 
      [
        {
          "name" : "LABELS",
          "value" : 
          [
            "gate"
          ]
        },
        {
          "name" : "TIMEOUT",
          "value" : 180.0
        },
        {
          "name" : "WORKING_DIRECTORY",
          "value" : "/workspaces/E-HGP/build/v7_next_q2_qualification"
        }
      ]
    },
    {
      "backtrace" : 167,
      "command" : 
      [
        "/usr/bin/cmake",
        "-DEXPECTED=4",
        "-DCMD=/workspaces/E-HGP/build/v7_next_q2_qualification/mhgp7_device_witness_stub",
        "-DARGS=--inject=witness-skip-native-write",
        "-DEXPECT_LINE=",
        "-DEXPECT_PREFIX=",
        "-P",
        "/workspaces/E-HGP/morsehgp3D_v7/cmake/run_expect.cmake"
      ],
      "name" : "mhgp7_device_witness_stub_mutant_skip_native",
      "properties" : 
      [
        {
          "name" : "LABELS",
          "value" : 
          [
            "gate"
          ]
        },
        {
          "name" : "TIMEOUT",
          "value" : 180.0
        },
        {
          "name" : "WORKING_DIRECTORY",
          "value" : "/workspaces/E-HGP/build/v7_next_q2_qualification"
        }
      ]
    },
    {
      "backtrace" : 170,
      "command" : 
      [
        "/usr/bin/cmake",
        "-DEXPECTED=1",
        "-DCMD=/workspaces/E-HGP/build/v7_next_q2_qualification/mhgp7_device_witness_stub",
        "-DARGS=--inject=witness-skip-write,witness-di128-lost-carry",
        "-DEXPECT_LINE=",
        "-DEXPECT_PREFIX=",
        "-P",
        "/workspaces/E-HGP/morsehgp3D_v7/cmake/run_expect.cmake"
      ],
      "name" : "mhgp7_device_witness_stub_contre_double",
      "properties" : 
      [
        {
          "name" : "LABELS",
          "value" : 
          [
            "gate"
          ]
        },
        {
          "name" : "TIMEOUT",
          "value" : 180.0
        },
        {
          "name" : "WORKING_DIRECTORY",
          "value" : "/workspaces/E-HGP/build/v7_next_q2_qualification"
        }
      ]
    },
    {
      "backtrace" : 173,
      "command" : 
      [
        "/usr/bin/cmake",
        "-DEXPECTED=4",
        "-DCMD=/workspaces/E-HGP/build/v7_next_q2_qualification/mhgp7_selftest",
        "-DARGS=--sweep-oracle --inject=sweep-nonstrict-depth",
        "-DEXPECT_LINE=",
        "-DEXPECT_PREFIX=",
        "-P",
        "/workspaces/E-HGP/morsehgp3D_v7/cmake/run_expect.cmake"
      ],
      "name" : "mhgp7_sweep_mutant_depth",
      "properties" : 
      [
        {
          "name" : "LABELS",
          "value" : 
          [
            "gate"
          ]
        },
        {
          "name" : "WORKING_DIRECTORY",
          "value" : "/workspaces/E-HGP/build/v7_next_q2_qualification"
        }
      ]
    },
    {
      "backtrace" : 176,
      "command" : 
      [
        "/usr/bin/cmake",
        "-DEXPECTED=4",
        "-DCMD=/workspaces/E-HGP/build/v7_next_q2_qualification/mhgp7_selftest",
        "-DARGS=--fused-descent --inject=fused-mask-stuck",
        "-DEXPECT_LINE=",
        "-DEXPECT_PREFIX=",
        "-P",
        "/workspaces/E-HGP/morsehgp3D_v7/cmake/run_expect.cmake"
      ],
      "name" : "mhgp7_fused_mutant_mask",
      "properties" : 
      [
        {
          "name" : "LABELS",
          "value" : 
          [
            "gate"
          ]
        },
        {
          "name" : "WORKING_DIRECTORY",
          "value" : "/workspaces/E-HGP/build/v7_next_q2_qualification"
        }
      ]
    },
    {
      "backtrace" : 179,
      "command" : 
      [
        "/usr/bin/cmake",
        "-DEXPECTED=0",
        "-DCMD=/workspaces/E-HGP/build/v7_next_q2_qualification/mhgp7_conformity",
        "-DARGS=--family=uniform --n=400 --threads=4 --expected=/workspaces/E-HGP/morsehgp3D_v7/receipts/conformite_v5/uniform_400.txt",
        "-DEXPECT_LINE=",
        "-DEXPECT_PREFIX=",
        "-P",
        "/workspaces/E-HGP/morsehgp3D_v7/cmake/run_expect.cmake"
      ],
      "name" : "mhgp7_conformity_uniform_400",
      "properties" : 
      [
        {
          "name" : "LABELS",
          "value" : 
          [
            "gate"
          ]
        },
        {
          "name" : "TIMEOUT",
          "value" : 600.0
        },
        {
          "name" : "WORKING_DIRECTORY",
          "value" : "/workspaces/E-HGP/build/v7_next_q2_qualification"
        }
      ]
    },
    {
      "backtrace" : 182,
      "command" : 
      [
        "/usr/bin/cmake",
        "-DEXPECTED=0",
        "-DCMD=/workspaces/E-HGP/build/v7_next_q2_qualification/mhgp7_conformity",
        "-DARGS=--family=terrain --n=400 --threads=4 --expected=/workspaces/E-HGP/morsehgp3D_v7/receipts/conformite_v5/terrain_400.txt",
        "-DEXPECT_LINE=",
        "-DEXPECT_PREFIX=",
        "-P",
        "/workspaces/E-HGP/morsehgp3D_v7/cmake/run_expect.cmake"
      ],
      "name" : "mhgp7_conformity_terrain_400",
      "properties" : 
      [
        {
          "name" : "LABELS",
          "value" : 
          [
            "gate"
          ]
        },
        {
          "name" : "TIMEOUT",
          "value" : 600.0
        },
        {
          "name" : "WORKING_DIRECTORY",
          "value" : "/workspaces/E-HGP/build/v7_next_q2_qualification"
        }
      ]
    },
    {
      "backtrace" : 185,
      "command" : 
      [
        "/usr/bin/cmake",
        "-DEXPECTED=0",
        "-DCMD=/workspaces/E-HGP/build/v7_next_q2_qualification/mhgp7_conformity",
        "-DARGS=--family=eight_clusters --n=400 --threads=4 --expected=/workspaces/E-HGP/morsehgp3D_v7/receipts/conformite_v5/eight_clusters_400.txt",
        "-DEXPECT_LINE=",
        "-DEXPECT_PREFIX=",
        "-P",
        "/workspaces/E-HGP/morsehgp3D_v7/cmake/run_expect.cmake"
      ],
      "name" : "mhgp7_conformity_eight_clusters_400",
      "properties" : 
      [
        {
          "name" : "LABELS",
          "value" : 
          [
            "gate"
          ]
        },
        {
          "name" : "TIMEOUT",
          "value" : 600.0
        },
        {
          "name" : "WORKING_DIRECTORY",
          "value" : "/workspaces/E-HGP/build/v7_next_q2_qualification"
        }
      ]
    },
    {
      "backtrace" : 188,
      "command" : 
      [
        "/usr/bin/cmake",
        "-DEXPECTED=0",
        "-DCMD=/workspaces/E-HGP/build/v7_next_q2_qualification/mhgp7_conformity",
        "-DARGS=--family=scanline_single_pass --n=400 --threads=4 --expected=/workspaces/E-HGP/morsehgp3D_v7/receipts/conformite_v5/scanline_single_pass_400.txt",
        "-DEXPECT_LINE=",
        "-DEXPECT_PREFIX=",
        "-P",
        "/workspaces/E-HGP/morsehgp3D_v7/cmake/run_expect.cmake"
      ],
      "name" : "mhgp7_conformity_scanline_single_pass_400",
      "properties" : 
      [
        {
          "name" : "LABELS",
          "value" : 
          [
            "gate"
          ]
        },
        {
          "name" : "TIMEOUT",
          "value" : 600.0
        },
        {
          "name" : "WORKING_DIRECTORY",
          "value" : "/workspaces/E-HGP/build/v7_next_q2_qualification"
        }
      ]
    },
    {
      "backtrace" : 191,
      "command" : 
      [
        "/usr/bin/cmake",
        "-DEXPECTED=0",
        "-DCMD=/workspaces/E-HGP/build/v7_next_q2_qualification/mhgp7_conformity",
        "-DARGS=--family=collinear_seven --n=600 --threads=4 --expected=/workspaces/E-HGP/morsehgp3D_v7/receipts/conformite_v5/collinear_seven_600.txt",
        "-DEXPECT_LINE=",
        "-DEXPECT_PREFIX=",
        "-P",
        "/workspaces/E-HGP/morsehgp3D_v7/cmake/run_expect.cmake"
      ],
      "name" : "mhgp7_conformity_collinear_seven_600",
      "properties" : 
      [
        {
          "name" : "LABELS",
          "value" : 
          [
            "gate"
          ]
        },
        {
          "name" : "TIMEOUT",
          "value" : 600.0
        },
        {
          "name" : "WORKING_DIRECTORY",
          "value" : "/workspaces/E-HGP/build/v7_next_q2_qualification"
        }
      ]
    },
    {
      "backtrace" : 194,
      "command" : 
      [
        "/usr/bin/cmake",
        "-DEXPECTED=0",
        "-DCMD=/workspaces/E-HGP/build/v7_next_q2_qualification/mhgp7_conformity",
        "-DARGS=--family=two_lines --n=200 --threads=4 --expected=/workspaces/E-HGP/morsehgp3D_v7/receipts/conformite_v5/two_lines_200.txt",
        "-DEXPECT_LINE=",
        "-DEXPECT_PREFIX=",
        "-P",
        "/workspaces/E-HGP/morsehgp3D_v7/cmake/run_expect.cmake"
      ],
      "name" : "mhgp7_conformity_two_lines_200",
      "properties" : 
      [
        {
          "name" : "LABELS",
          "value" : 
          [
            "gate"
          ]
        },
        {
          "name" : "TIMEOUT",
          "value" : 600.0
        },
        {
          "name" : "WORKING_DIRECTORY",
          "value" : "/workspaces/E-HGP/build/v7_next_q2_qualification"
        }
      ]
    },
    {
      "backtrace" : 197,
      "command" : 
      [
        "/usr/bin/cmake",
        "-DEXPECTED=0",
        "-DCMD=/workspaces/E-HGP/build/v7_next_q2_qualification/mhgp7_conformity",
        "-DARGS=--family=uniform --n=2000 --threads=4 --expected=/workspaces/E-HGP/morsehgp3D_v7/receipts/conformite_v5/uniform_2000.txt",
        "-DEXPECT_LINE=",
        "-DEXPECT_PREFIX=",
        "-P",
        "/workspaces/E-HGP/morsehgp3D_v7/cmake/run_expect.cmake"
      ],
      "name" : "mhgp7_conformity_uniform_2000",
      "properties" : 
      [
        {
          "name" : "LABELS",
          "value" : 
          [
            "gate"
          ]
        },
        {
          "name" : "TIMEOUT",
          "value" : 600.0
        },
        {
          "name" : "WORKING_DIRECTORY",
          "value" : "/workspaces/E-HGP/build/v7_next_q2_qualification"
        }
      ]
    },
    {
      "backtrace" : 200,
      "command" : 
      [
        "/usr/bin/cmake",
        "-DEXPECTED=0",
        "-DCMD=/workspaces/E-HGP/build/v7_next_q2_qualification/mhgp7_conformity",
        "-DARGS=--family=terrain --n=2000 --threads=4 --expected=/workspaces/E-HGP/morsehgp3D_v7/receipts/conformite_v5/terrain_2000.txt",
        "-DEXPECT_LINE=",
        "-DEXPECT_PREFIX=",
        "-P",
        "/workspaces/E-HGP/morsehgp3D_v7/cmake/run_expect.cmake"
      ],
      "name" : "mhgp7_conformity_terrain_2000",
      "properties" : 
      [
        {
          "name" : "LABELS",
          "value" : 
          [
            "gate"
          ]
        },
        {
          "name" : "TIMEOUT",
          "value" : 600.0
        },
        {
          "name" : "WORKING_DIRECTORY",
          "value" : "/workspaces/E-HGP/build/v7_next_q2_qualification"
        }
      ]
    },
    {
      "backtrace" : 203,
      "command" : 
      [
        "/usr/bin/cmake",
        "-DEXPECTED=4",
        "-DCMD=/workspaces/E-HGP/build/v7_next_q2_qualification/mhgp7_conformity",
        "-DARGS=--family=terrain --n=400 --inject=sweep-drop-exit-root --expected=/workspaces/E-HGP/morsehgp3D_v7/receipts/conformite_v5/terrain_400.txt",
        "-DEXPECT_LINE=",
        "-DEXPECT_PREFIX=",
        "-P",
        "/workspaces/E-HGP/morsehgp3D_v7/cmake/run_expect.cmake"
      ],
      "name" : "mhgp7_sweep_mutant_exit",
      "properties" : 
      [
        {
          "name" : "LABELS",
          "value" : 
          [
            "gate"
          ]
        },
        {
          "name" : "WORKING_DIRECTORY",
          "value" : "/workspaces/E-HGP/build/v7_next_q2_qualification"
        }
      ]
    },
    {
      "backtrace" : 206,
      "command" : 
      [
        "/usr/bin/cmake",
        "-DEXPECTED=4",
        "-DCMD=/workspaces/E-HGP/build/v7_next_q2_qualification/mhgp7_conformity",
        "-DARGS=--family=uniform --n=400 --inject=rle-drop --expected=/workspaces/E-HGP/morsehgp3D_v7/receipts/conformite_v5/uniform_400.txt --postprefilter=97be65b6e0c66e3b3b2262510bd7274f8e557ae4bdb78024467c1f9ee05c4d72",
        "-DEXPECT_LINE=",
        "-DEXPECT_PREFIX=",
        "-P",
        "/workspaces/E-HGP/morsehgp3D_v7/cmake/run_expect.cmake"
      ],
      "name" : "mhgp7_conformity_mutant_rle",
      "properties" : 
      [
        {
          "name" : "LABELS",
          "value" : 
          [
            "gate"
          ]
        },
        {
          "name" : "WORKING_DIRECTORY",
          "value" : "/workspaces/E-HGP/build/v7_next_q2_qualification"
        }
      ]
    },
    {
      "backtrace" : 209,
      "command" : 
      [
        "/usr/bin/cmake",
        "-DEXPECTED=2",
        "-DCMD=/workspaces/E-HGP/build/v7_next_q2_qualification/mhgp7",
        "-DARGS=--family=uniform --n=200 --s=7",
        "-DEXPECT_LINE=",
        "-DEXPECT_PREFIX=",
        "-P",
        "/workspaces/E-HGP/morsehgp3D_v7/cmake/run_expect.cmake"
      ],
      "name" : "mhgp7_cli_refus_s7",
      "properties" : 
      [
        {
          "name" : "LABELS",
          "value" : 
          [
            "gate"
          ]
        },
        {
          "name" : "WORKING_DIRECTORY",
          "value" : "/workspaces/E-HGP/build/v7_next_q2_qualification"
        }
      ]
    },
    {
      "backtrace" : 212,
      "command" : 
      [
        "/usr/bin/cmake",
        "-DEXPECTED=2",
        "-DCMD=/workspaces/E-HGP/build/v7_next_q2_qualification/mhgp7",
        "-DARGS=--family=uniform --n=200 --s=8junk",
        "-DEXPECT_LINE=",
        "-DEXPECT_PREFIX=",
        "-P",
        "/workspaces/E-HGP/morsehgp3D_v7/cmake/run_expect.cmake"
      ],
      "name" : "mhgp7_cli_refus_s_suffix",
      "properties" : 
      [
        {
          "name" : "LABELS",
          "value" : 
          [
            "gate"
          ]
        },
        {
          "name" : "WORKING_DIRECTORY",
          "value" : "/workspaces/E-HGP/build/v7_next_q2_qualification"
        }
      ]
    },
    {
      "backtrace" : 215,
      "command" : 
      [
        "/usr/bin/cmake",
        "-DEXPECTED=2",
        "-DCMD=/workspaces/E-HGP/build/v7_next_q2_qualification/mhgp7",
        "-DARGS=--family=uniform --n=200x",
        "-DEXPECT_LINE=",
        "-DEXPECT_PREFIX=",
        "-P",
        "/workspaces/E-HGP/morsehgp3D_v7/cmake/run_expect.cmake"
      ],
      "name" : "mhgp7_cli_refus_n_suffix",
      "properties" : 
      [
        {
          "name" : "LABELS",
          "value" : 
          [
            "gate"
          ]
        },
        {
          "name" : "WORKING_DIRECTORY",
          "value" : "/workspaces/E-HGP/build/v7_next_q2_qualification"
        }
      ]
    },
    {
      "backtrace" : 218,
      "command" : 
      [
        "/usr/bin/cmake",
        "-DEXPECTED=0",
        "-DCMD=/workspaces/E-HGP/build/v7_next_q2_qualification/mhgp7",
        "-DARGS=--family=uniform --n=200 --s=8",
        "-DEXPECT_LINE=",
        "-DEXPECT_PREFIX=",
        "-P",
        "/workspaces/E-HGP/morsehgp3D_v7/cmake/run_expect.cmake"
      ],
      "name" : "mhgp7_cli_ok_s8",
      "properties" : 
      [
        {
          "name" : "LABELS",
          "value" : 
          [
            "gate"
          ]
        },
        {
          "name" : "TIMEOUT",
          "value" : 120.0
        },
        {
          "name" : "WORKING_DIRECTORY",
          "value" : "/workspaces/E-HGP/build/v7_next_q2_qualification"
        }
      ]
    },
    {
      "backtrace" : 221,
      "command" : 
      [
        "/usr/bin/cmake",
        "-DEXPECTED=0",
        "-DCMD=/workspaces/E-HGP/build/v7_next_q2_qualification/mhgp7",
        "-DARGS=--family=uniform --n=200 --s=8 --mem-budget=1073741824",
        "-DEXPECT_LINE=memory_budget_scope=partial_named_payload_proxy_v1 budget=1073741824 cap_brut_demande=4294967295 cap_brut_effectif=7456540 cap_fusion_budgetaire=3728270",
        "-DEXPECT_PREFIX=",
        "-P",
        "/workspaces/E-HGP/morsehgp3D_v7/cmake/run_expect.cmake"
      ],
      "name" : "mhgp7_cli_budget_signature",
      "properties" : 
      [
        {
          "name" : "LABELS",
          "value" : 
          [
            "gate"
          ]
        },
        {
          "name" : "TIMEOUT",
          "value" : 120.0
        },
        {
          "name" : "WORKING_DIRECTORY",
          "value" : "/workspaces/E-HGP/build/v7_next_q2_qualification"
        }
      ]
    },
    {
      "backtrace" : 224,
      "command" : 
      [
        "/usr/bin/cmake",
        "-DEXPECTED=0",
        "-DCMD=/workspaces/E-HGP/build/v7_next_q2_qualification/mhgp7_conformity",
        "-DARGS=--family=uniform --n=400 --threads=4 --smax=6 --prefix --expected=/workspaces/E-HGP/morsehgp3D_v7/receipts/conformite_v5/uniform_400.txt --min-orders=5 --min-deltas=9200 --min-facets=30000 --min-events=11000",
        "-DEXPECT_LINE=",
        "-DEXPECT_PREFIX=",
        "-P",
        "/workspaces/E-HGP/morsehgp3D_v7/cmake/run_expect.cmake"
      ],
      "name" : "mhgp7_prefix_uniform_400",
      "properties" : 
      [
        {
          "name" : "LABELS",
          "value" : 
          [
            "gate"
          ]
        },
        {
          "name" : "TIMEOUT",
          "value" : 600.0
        },
        {
          "name" : "WORKING_DIRECTORY",
          "value" : "/workspaces/E-HGP/build/v7_next_q2_qualification"
        }
      ]
    },
    {
      "backtrace" : 227,
      "command" : 
      [
        "/usr/bin/cmake",
        "-DEXPECTED=0",
        "-DCMD=/workspaces/E-HGP/build/v7_next_q2_qualification/mhgp7_conformity",
        "-DARGS=--family=terrain --n=400 --threads=4 --smax=6 --prefix --expected=/workspaces/E-HGP/morsehgp3D_v7/receipts/conformite_v5/terrain_400.txt --min-orders=5 --min-deltas=3000 --min-facets=11000 --min-events=4100",
        "-DEXPECT_LINE=",
        "-DEXPECT_PREFIX=",
        "-P",
        "/workspaces/E-HGP/morsehgp3D_v7/cmake/run_expect.cmake"
      ],
      "name" : "mhgp7_prefix_terrain_400",
      "properties" : 
      [
        {
          "name" : "LABELS",
          "value" : 
          [
            "gate"
          ]
        },
        {
          "name" : "TIMEOUT",
          "value" : 600.0
        },
        {
          "name" : "WORKING_DIRECTORY",
          "value" : "/workspaces/E-HGP/build/v7_next_q2_qualification"
        }
      ]
    },
    {
      "backtrace" : 230,
      "command" : 
      [
        "/usr/bin/cmake",
        "-DEXPECTED=0",
        "-DCMD=/workspaces/E-HGP/build/v7_next_q2_qualification/mhgp7_conformity",
        "-DARGS=--family=eight_clusters --n=400 --threads=4 --smax=6 --prefix --expected=/workspaces/E-HGP/morsehgp3D_v7/receipts/conformite_v5/eight_clusters_400.txt --min-orders=5 --min-deltas=7400 --min-facets=21900 --min-events=8200",
        "-DEXPECT_LINE=",
        "-DEXPECT_PREFIX=",
        "-P",
        "/workspaces/E-HGP/morsehgp3D_v7/cmake/run_expect.cmake"
      ],
      "name" : "mhgp7_prefix_eight_clusters_400",
      "properties" : 
      [
        {
          "name" : "LABELS",
          "value" : 
          [
            "gate"
          ]
        },
        {
          "name" : "TIMEOUT",
          "value" : 600.0
        },
        {
          "name" : "WORKING_DIRECTORY",
          "value" : "/workspaces/E-HGP/build/v7_next_q2_qualification"
        }
      ]
    },
    {
      "backtrace" : 233,
      "command" : 
      [
        "/usr/bin/cmake",
        "-DEXPECTED=0",
        "-DCMD=/workspaces/E-HGP/build/v7_next_q2_qualification/mhgp7_conformity",
        "-DARGS=--family=scanline_single_pass --n=400 --threads=4 --smax=6 --prefix --expected=/workspaces/E-HGP/morsehgp3D_v7/receipts/conformite_v5/scanline_single_pass_400.txt --min-orders=5 --min-deltas=1900 --min-facets=12300 --min-events=4600",
        "-DEXPECT_LINE=",
        "-DEXPECT_PREFIX=",
        "-P",
        "/workspaces/E-HGP/morsehgp3D_v7/cmake/run_expect.cmake"
      ],
      "name" : "mhgp7_prefix_scanline_single_pass_400",
      "properties" : 
      [
        {
          "name" : "LABELS",
          "value" : 
          [
            "gate"
          ]
        },
        {
          "name" : "TIMEOUT",
          "value" : 600.0
        },
        {
          "name" : "WORKING_DIRECTORY",
          "value" : "/workspaces/E-HGP/build/v7_next_q2_qualification"
        }
      ]
    },
    {
      "backtrace" : 236,
      "command" : 
      [
        "/usr/bin/cmake",
        "-DEXPECTED=0",
        "-DCMD=/workspaces/E-HGP/build/v7_next_q2_qualification/mhgp7_conformity",
        "-DARGS=--family=collinear_seven --n=600 --threads=4 --smax=6 --prefix --expected=/workspaces/E-HGP/morsehgp3D_v7/receipts/conformite_v5/collinear_seven_600.txt --min-orders=5 --min-deltas=5 --min-facets=42 --min-events=15",
        "-DEXPECT_LINE=",
        "-DEXPECT_PREFIX=",
        "-P",
        "/workspaces/E-HGP/morsehgp3D_v7/cmake/run_expect.cmake"
      ],
      "name" : "mhgp7_prefix_collinear_seven_600",
      "properties" : 
      [
        {
          "name" : "LABELS",
          "value" : 
          [
            "gate"
          ]
        },
        {
          "name" : "TIMEOUT",
          "value" : 600.0
        },
        {
          "name" : "WORKING_DIRECTORY",
          "value" : "/workspaces/E-HGP/build/v7_next_q2_qualification"
        }
      ]
    },
    {
      "backtrace" : 239,
      "command" : 
      [
        "/usr/bin/cmake",
        "-DEXPECTED=0",
        "-DCMD=/workspaces/E-HGP/build/v7_next_q2_qualification/mhgp7_conformity",
        "-DARGS=--family=two_lines --n=200 --threads=4 --smax=6 --prefix --expected=/workspaces/E-HGP/morsehgp3D_v7/receipts/conformite_v5/two_lines_200.txt --min-orders=5 --min-deltas=9 --min-facets=1475 --min-events=490",
        "-DEXPECT_LINE=",
        "-DEXPECT_PREFIX=",
        "-P",
        "/workspaces/E-HGP/morsehgp3D_v7/cmake/run_expect.cmake"
      ],
      "name" : "mhgp7_prefix_two_lines_200",
      "properties" : 
      [
        {
          "name" : "LABELS",
          "value" : 
          [
            "gate"
          ]
        },
        {
          "name" : "TIMEOUT",
          "value" : 600.0
        },
        {
          "name" : "WORKING_DIRECTORY",
          "value" : "/workspaces/E-HGP/build/v7_next_q2_qualification"
        }
      ]
    },
    {
      "backtrace" : 242,
      "command" : 
      [
        "/usr/bin/cmake",
        "-DEXPECTED=0",
        "-DCMD=/workspaces/E-HGP/build/v7_next_q2_qualification/mhgp7_conformity",
        "-DARGS=--family=uniform --n=2000 --threads=4 --smax=6 --prefix --expected=/workspaces/E-HGP/morsehgp3D_v7/receipts/conformite_v5/uniform_2000.txt --min-orders=5 --min-deltas=52000 --min-facets=181000 --min-events=68000",
        "-DEXPECT_LINE=",
        "-DEXPECT_PREFIX=",
        "-P",
        "/workspaces/E-HGP/morsehgp3D_v7/cmake/run_expect.cmake"
      ],
      "name" : "mhgp7_prefix_uniform_2000",
      "properties" : 
      [
        {
          "name" : "LABELS",
          "value" : 
          [
            "gate"
          ]
        },
        {
          "name" : "TIMEOUT",
          "value" : 600.0
        },
        {
          "name" : "WORKING_DIRECTORY",
          "value" : "/workspaces/E-HGP/build/v7_next_q2_qualification"
        }
      ]
    },
    {
      "backtrace" : 245,
      "command" : 
      [
        "/usr/bin/cmake",
        "-DEXPECTED=0",
        "-DCMD=/workspaces/E-HGP/build/v7_next_q2_qualification/mhgp7_conformity",
        "-DARGS=--family=terrain --n=2000 --threads=4 --smax=6 --prefix --expected=/workspaces/E-HGP/morsehgp3D_v7/receipts/conformite_v5/terrain_2000.txt --min-orders=5 --min-deltas=15000 --min-facets=60000 --min-events=22000",
        "-DEXPECT_LINE=",
        "-DEXPECT_PREFIX=",
        "-P",
        "/workspaces/E-HGP/morsehgp3D_v7/cmake/run_expect.cmake"
      ],
      "name" : "mhgp7_prefix_terrain_2000",
      "properties" : 
      [
        {
          "name" : "LABELS",
          "value" : 
          [
            "gate"
          ]
        },
        {
          "name" : "TIMEOUT",
          "value" : 600.0
        },
        {
          "name" : "WORKING_DIRECTORY",
          "value" : "/workspaces/E-HGP/build/v7_next_q2_qualification"
        }
      ]
    },
    {
      "backtrace" : 248,
      "command" : 
      [
        "/usr/bin/cmake",
        "-DEXPECTED=0",
        "-DCMD=/workspaces/E-HGP/build/v7_next_q2_qualification/mhgp7_conformity",
        "-DARGS=--family=uniform --n=400 --threads=4 --smax=6 --prefix-witness --expected=/workspaces/E-HGP/morsehgp3D_v7/receipts/conformite_v5/uniform_400.txt --min-orders=5 --min-deltas=9200 --min-facets=30000 --min-events=11000",
        "-DEXPECT_LINE=",
        "-DEXPECT_PREFIX=",
        "-P",
        "/workspaces/E-HGP/morsehgp3D_v7/cmake/run_expect.cmake"
      ],
      "name" : "mhgp7_prefix_temoin_evenements",
      "properties" : 
      [
        {
          "name" : "LABELS",
          "value" : 
          [
            "gate"
          ]
        },
        {
          "name" : "TIMEOUT",
          "value" : 600.0
        },
        {
          "name" : "WORKING_DIRECTORY",
          "value" : "/workspaces/E-HGP/build/v7_next_q2_qualification"
        }
      ]
    },
    {
      "backtrace" : 251,
      "command" : 
      [
        "/usr/bin/cmake",
        "-DEXPECTED=4",
        "-DCMD=/workspaces/E-HGP/build/v7_next_q2_qualification/mhgp7_conformity",
        "-DARGS=--family=uniform --n=400 --threads=4 --smax=6 --prefix-witness --expected=/workspaces/E-HGP/morsehgp3D_v7/receipts/conformite_v5/uniform_400.txt --inject=prefix-tamper-event-order",
        "-DEXPECT_LINE=",
        "-DEXPECT_PREFIX=",
        "-P",
        "/workspaces/E-HGP/morsehgp3D_v7/cmake/run_expect.cmake"
      ],
      "name" : "mhgp7_prefix_mutant_event_order",
      "properties" : 
      [
        {
          "name" : "LABELS",
          "value" : 
          [
            "gate"
          ]
        },
        {
          "name" : "TIMEOUT",
          "value" : 600.0
        },
        {
          "name" : "WORKING_DIRECTORY",
          "value" : "/workspaces/E-HGP/build/v7_next_q2_qualification"
        }
      ]
    },
    {
      "backtrace" : 254,
      "command" : 
      [
        "/usr/bin/cmake",
        "-DEXPECTED=3",
        "-DCMD=/workspaces/E-HGP/build/v7_next_q2_qualification/mhgp7_conformity",
        "-DARGS=--family=uniform --n=400 --threads=4 --smax=6 --prefix --expected=/workspaces/E-HGP/morsehgp3D_v7/receipts/conformite_v5/uniform_400.txt --inject=prefix-tamper-event-order",
        "-DEXPECT_LINE=",
        "-DEXPECT_PREFIX=",
        "-P",
        "/workspaces/E-HGP/morsehgp3D_v7/cmake/run_expect.cmake"
      ],
      "name" : "mhgp7_prefix_contre_event_order_sans_temoin",
      "properties" : 
      [
        {
          "name" : "LABELS",
          "value" : 
          [
            "gate"
          ]
        },
        {
          "name" : "TIMEOUT",
          "value" : 600.0
        },
        {
          "name" : "WORKING_DIRECTORY",
          "value" : "/workspaces/E-HGP/build/v7_next_q2_qualification"
        }
      ]
    },
    {
      "backtrace" : 257,
      "command" : 
      [
        "/usr/bin/cmake",
        "-DEXPECTED=4",
        "-DCMD=/workspaces/E-HGP/build/v7_next_q2_qualification/mhgp7_conformity",
        "-DARGS=--family=uniform --n=400 --threads=4 --smax=6 --prefix --expected=/workspaces/E-HGP/morsehgp3D_v7/receipts/conformite_v5/uniform_400.txt --inject=prefix-tamper-batch-levels",
        "-DEXPECT_LINE=",
        "-DEXPECT_PREFIX=",
        "-P",
        "/workspaces/E-HGP/morsehgp3D_v7/cmake/run_expect.cmake"
      ],
      "name" : "mhgp7_prefix_mutant_batch_levels",
      "properties" : 
      [
        {
          "name" : "LABELS",
          "value" : 
          [
            "gate"
          ]
        },
        {
          "name" : "TIMEOUT",
          "value" : 600.0
        },
        {
          "name" : "WORKING_DIRECTORY",
          "value" : "/workspaces/E-HGP/build/v7_next_q2_qualification"
        }
      ]
    },
    {
      "backtrace" : 260,
      "command" : 
      [
        "/usr/bin/cmake",
        "-DEXPECTED=4",
        "-DCMD=/workspaces/E-HGP/build/v7_next_q2_qualification/mhgp7_conformity",
        "-DARGS=--family=uniform --n=400 --threads=4 --smax=6 --prefix --expected=/workspaces/E-HGP/morsehgp3D_v7/receipts/conformite_v5/uniform_400.txt --inject=depth-threshold-minus-one",
        "-DEXPECT_LINE=",
        "-DEXPECT_PREFIX=",
        "-P",
        "/workspaces/E-HGP/morsehgp3D_v7/cmake/run_expect.cmake"
      ],
      "name" : "mhgp7_prefix_mutant_depth_smax6",
      "properties" : 
      [
        {
          "name" : "LABELS",
          "value" : 
          [
            "gate"
          ]
        },
        {
          "name" : "TIMEOUT",
          "value" : 600.0
        },
        {
          "name" : "WORKING_DIRECTORY",
          "value" : "/workspaces/E-HGP/build/v7_next_q2_qualification"
        }
      ]
    },
    {
      "backtrace" : 263,
      "command" : 
      [
        "/usr/bin/cmake",
        "-DEXPECTED=2",
        "-DCMD=/workspaces/E-HGP/build/v7_next_q2_qualification/mhgp7_conformity",
        "-DARGS=--family=uniform --n=400 --threads=4 --smax=11 --prefix --expected=/workspaces/E-HGP/morsehgp3D_v7/receipts/conformite_v5/uniform_400.txt",
        "-DEXPECT_LINE=",
        "-DEXPECT_PREFIX=",
        "-P",
        "/workspaces/E-HGP/morsehgp3D_v7/cmake/run_expect.cmake"
      ],
      "name" : "mhgp7_prefix_refus_smax11",
      "properties" : 
      [
        {
          "name" : "LABELS",
          "value" : 
          [
            "gate"
          ]
        },
        {
          "name" : "WORKING_DIRECTORY",
          "value" : "/workspaces/E-HGP/build/v7_next_q2_qualification"
        }
      ]
    },
    {
      "backtrace" : 266,
      "command" : 
      [
        "/usr/bin/cmake",
        "-DEXPECTED=2",
        "-DCMD=/workspaces/E-HGP/build/v7_next_q2_qualification/mhgp7_conformity",
        "-DARGS=--family=uniform --n=400 --threads=4 --smax=6 --prefix",
        "-DEXPECT_LINE=",
        "-DEXPECT_PREFIX=",
        "-P",
        "/workspaces/E-HGP/morsehgp3D_v7/cmake/run_expect.cmake"
      ],
      "name" : "mhgp7_prefix_refus_sans_reference",
      "properties" : 
      [
        {
          "name" : "LABELS",
          "value" : 
          [
            "gate"
          ]
        },
        {
          "name" : "WORKING_DIRECTORY",
          "value" : "/workspaces/E-HGP/build/v7_next_q2_qualification"
        }
      ]
    },
    {
      "backtrace" : 269,
      "command" : 
      [
        "/usr/bin/cmake",
        "-DEXPECTED=2",
        "-DCMD=/workspaces/E-HGP/build/v7_next_q2_qualification/mhgp7_conformity",
        "-DARGS=--family=uniform --n=400 --threads=4 --smax=6 --prefix --expected=/workspaces/E-HGP/morsehgp3D_v7/tests/refs/uniform_400_cinq_ordres.txt",
        "-DEXPECT_LINE=",
        "-DEXPECT_PREFIX=",
        "-P",
        "/workspaces/E-HGP/morsehgp3D_v7/cmake/run_expect.cmake"
      ],
      "name" : "mhgp7_prefix_refus_reference_courte",
      "properties" : 
      [
        {
          "name" : "LABELS",
          "value" : 
          [
            "gate"
          ]
        },
        {
          "name" : "WORKING_DIRECTORY",
          "value" : "/workspaces/E-HGP/build/v7_next_q2_qualification"
        }
      ]
    },
    {
      "backtrace" : 272,
      "command" : 
      [
        "/usr/bin/cmake",
        "-DEXPECTED=3",
        "-DCMD=/workspaces/E-HGP/build/v7_next_q2_qualification/mhgp7_conformity",
        "-DARGS=--family=uniform --n=400 --threads=4 --smax=6 --prefix --expected=/workspaces/E-HGP/morsehgp3D_v7/receipts/conformite_v5/uniform_400.txt --min-orders=99",
        "-DEXPECT_LINE=",
        "-DEXPECT_PREFIX=",
        "-P",
        "/workspaces/E-HGP/morsehgp3D_v7/cmake/run_expect.cmake"
      ],
      "name" : "mhgp7_prefix_plancher_cable",
      "properties" : 
      [
        {
          "name" : "LABELS",
          "value" : 
          [
            "gate"
          ]
        },
        {
          "name" : "WORKING_DIRECTORY",
          "value" : "/workspaces/E-HGP/build/v7_next_q2_qualification"
        }
      ]
    },
    {
      "backtrace" : 275,
      "command" : 
      [
        "/usr/bin/cmake",
        "-DEXPECTED=0",
        "-DCMD=/workspaces/E-HGP/build/v7_next_q2_qualification/mhgp7_residence_gate",
        "-DARGS=--family=uniform --n=2000 --threads=4 --smax=11 --min-jalons=6 --max-coexistence-census-pct=110 --min-census-balls=337000 --min-plateau-balls=2600 --min-sum-parents=668000",
        "-DEXPECT_LINE=",
        "-DEXPECT_PREFIX=",
        "-P",
        "/workspaces/E-HGP/morsehgp3D_v7/cmake/run_expect.cmake"
      ],
      "name" : "mhgp7_residence_jalons",
      "properties" : 
      [
        {
          "name" : "LABELS",
          "value" : 
          [
            "gate",
            "residence"
          ]
        },
        {
          "name" : "TIMEOUT",
          "value" : 900.0
        },
        {
          "name" : "WORKING_DIRECTORY",
          "value" : "/workspaces/E-HGP/build/v7_next_q2_qualification"
        }
      ]
    },
    {
      "backtrace" : 278,
      "command" : 
      [
        "/usr/bin/cmake",
        "-DEXPECTED=4",
        "-DCMD=/workspaces/E-HGP/build/v7_next_q2_qualification/mhgp7_residence_gate",
        "-DARGS=--family=uniform --n=2000 --threads=4 --smax=11 --min-jalons=6 --max-coexistence-census-pct=110 --inject=hwm-instant-rss",
        "-DEXPECT_LINE=",
        "-DEXPECT_PREFIX=",
        "-P",
        "/workspaces/E-HGP/morsehgp3D_v7/cmake/run_expect.cmake"
      ],
      "name" : "mhgp7_residence_mutant_hwm_instantane",
      "properties" : 
      [
        {
          "name" : "LABELS",
          "value" : 
          [
            "gate",
            "residence"
          ]
        },
        {
          "name" : "TIMEOUT",
          "value" : 900.0
        },
        {
          "name" : "WORKING_DIRECTORY",
          "value" : "/workspaces/E-HGP/build/v7_next_q2_qualification"
        }
      ]
    },
    {
      "backtrace" : 281,
      "command" : 
      [
        "/usr/bin/cmake",
        "-DEXPECTED=4",
        "-DCMD=/workspaces/E-HGP/build/v7_next_q2_qualification/mhgp7_residence_gate",
        "-DARGS=--family=uniform --n=2000 --threads=4 --smax=11 --min-jalons=6 --max-coexistence-census-pct=110 --inject=drop-stage-milestone",
        "-DEXPECT_LINE=",
        "-DEXPECT_PREFIX=",
        "-P",
        "/workspaces/E-HGP/morsehgp3D_v7/cmake/run_expect.cmake"
      ],
      "name" : "mhgp7_residence_mutant_jalon_manquant",
      "properties" : 
      [
        {
          "name" : "LABELS",
          "value" : 
          [
            "gate",
            "residence"
          ]
        },
        {
          "name" : "TIMEOUT",
          "value" : 900.0
        },
        {
          "name" : "WORKING_DIRECTORY",
          "value" : "/workspaces/E-HGP/build/v7_next_q2_qualification"
        }
      ]
    },
    {
      "backtrace" : 284,
      "command" : 
      [
        "/usr/bin/cmake",
        "-DEXPECTED=4",
        "-DCMD=/workspaces/E-HGP/build/v7_next_q2_qualification/mhgp7_residence_gate",
        "-DARGS=--family=uniform --n=2000 --threads=4 --smax=11 --min-jalons=6 --max-coexistence-census-pct=110 --inject=keep-ball-chunks",
        "-DEXPECT_LINE=",
        "-DEXPECT_PREFIX=",
        "-P",
        "/workspaces/E-HGP/morsehgp3D_v7/cmake/run_expect.cmake"
      ],
      "name" : "mhgp7_residence_mutant_tranches_gardees",
      "properties" : 
      [
        {
          "name" : "LABELS",
          "value" : 
          [
            "gate",
            "residence"
          ]
        },
        {
          "name" : "TIMEOUT",
          "value" : 900.0
        },
        {
          "name" : "WORKING_DIRECTORY",
          "value" : "/workspaces/E-HGP/build/v7_next_q2_qualification"
        }
      ]
    },
    {
      "backtrace" : 287,
      "command" : 
      [
        "/usr/bin/cmake",
        "-DEXPECTED=3",
        "-DCMD=/workspaces/E-HGP/build/v7_next_q2_qualification/mhgp7_residence_gate",
        "-DARGS=--family=uniform --n=2000 --threads=4 --smax=11 --min-jalons=6 --max-coexistence-census-pct=0",
        "-DEXPECT_LINE=",
        "-DEXPECT_PREFIX=",
        "-P",
        "/workspaces/E-HGP/morsehgp3D_v7/cmake/run_expect.cmake"
      ],
      "name" : "mhgp7_residence_plafond_cable",
      "properties" : 
      [
        {
          "name" : "LABELS",
          "value" : 
          [
            "gate",
            "residence"
          ]
        },
        {
          "name" : "TIMEOUT",
          "value" : 900.0
        },
        {
          "name" : "WORKING_DIRECTORY",
          "value" : "/workspaces/E-HGP/build/v7_next_q2_qualification"
        }
      ]
    },
    {
      "backtrace" : 290,
      "command" : 
      [
        "/usr/bin/cmake",
        "-DEXPECTED=3",
        "-DCMD=/workspaces/E-HGP/build/v7_next_q2_qualification/mhgp7_residence_gate",
        "-DARGS=--family=uniform --n=2000 --threads=4 --smax=11 --min-census-balls=999999999",
        "-DEXPECT_LINE=",
        "-DEXPECT_PREFIX=",
        "-P",
        "/workspaces/E-HGP/morsehgp3D_v7/cmake/run_expect.cmake"
      ],
      "name" : "mhgp7_residence_plancher_cable",
      "properties" : 
      [
        {
          "name" : "LABELS",
          "value" : 
          [
            "gate",
            "residence"
          ]
        },
        {
          "name" : "TIMEOUT",
          "value" : 900.0
        },
        {
          "name" : "WORKING_DIRECTORY",
          "value" : "/workspaces/E-HGP/build/v7_next_q2_qualification"
        }
      ]
    },
    {
      "backtrace" : 293,
      "command" : 
      [
        "/usr/bin/cmake",
        "-DEXPECTED=2",
        "-DCMD=/workspaces/E-HGP/build/v7_next_q2_qualification/mhgp7_residence_gate",
        "-DARGS=--smax=12",
        "-DEXPECT_LINE=",
        "-DEXPECT_PREFIX=",
        "-P",
        "/workspaces/E-HGP/morsehgp3D_v7/cmake/run_expect.cmake"
      ],
      "name" : "mhgp7_residence_refus_smax",
      "properties" : 
      [
        {
          "name" : "LABELS",
          "value" : 
          [
            "gate",
            "residence"
          ]
        },
        {
          "name" : "WORKING_DIRECTORY",
          "value" : "/workspaces/E-HGP/build/v7_next_q2_qualification"
        }
      ]
    },
    {
      "backtrace" : 296,
      "command" : 
      [
        "/usr/bin/cmake",
        "-DEXPECTED=0",
        "-DCMD=/workspaces/E-HGP/build/v7_next_q2_qualification/mhgp7_residence_gate",
        "-DARGS=--family=uniform --n=2000 --threads=4 --smax=6 --min-jalons=6 --max-coexistence-census-pct=110 --min-census-balls=67000 --min-plateau-balls=1090 --min-sum-parents=105000",
        "-DEXPECT_LINE=",
        "-DEXPECT_PREFIX=",
        "-P",
        "/workspaces/E-HGP/morsehgp3D_v7/cmake/run_expect.cmake"
      ],
      "name" : "mhgp7_residence_jalons_prefixe",
      "properties" : 
      [
        {
          "name" : "LABELS",
          "value" : 
          [
            "gate",
            "residence"
          ]
        },
        {
          "name" : "TIMEOUT",
          "value" : 900.0
        },
        {
          "name" : "WORKING_DIRECTORY",
          "value" : "/workspaces/E-HGP/build/v7_next_q2_qualification"
        }
      ]
    },
    {
      "backtrace" : 299,
      "command" : 
      [
        "/usr/bin/cmake",
        "-DEXPECTED=0",
        "-DCMD=/workspaces/E-HGP/build/v7_next_q2_qualification/mhgp7_linked_arcs",
        "-DARGS=",
        "-DEXPECT_LINE=",
        "-DEXPECT_PREFIX=",
        "-P",
        "/workspaces/E-HGP/morsehgp3D_v7/cmake/run_expect.cmake"
      ],
      "name" : "mhgp7_linked_arcs_u16",
      "properties" : 
      [
        {
          "name" : "LABELS",
          "value" : 
          [
            "gate",
            "oracle"
          ]
        },
        {
          "name" : "WORKING_DIRECTORY",
          "value" : "/workspaces/E-HGP/build/v7_next_q2_qualification"
        }
      ]
    },
    {
      "backtrace" : 302,
      "command" : 
      [
        "/usr/bin/cmake",
        "-DEXPECTED=4",
        "-DCMD=/workspaces/E-HGP/build/v7_next_q2_qualification/mhgp7_linked_arcs",
        "-DARGS=--oracle-i64",
        "-DEXPECT_LINE=",
        "-DEXPECT_PREFIX=",
        "-P",
        "/workspaces/E-HGP/morsehgp3D_v7/cmake/run_expect.cmake"
      ],
      "name" : "mhgp7_linked_arcs_oracle_i64",
      "properties" : 
      [
        {
          "name" : "LABELS",
          "value" : 
          [
            "gate"
          ]
        },
        {
          "name" : "WORKING_DIRECTORY",
          "value" : "/workspaces/E-HGP/build/v7_next_q2_qualification"
        }
      ]
    },
    {
      "backtrace" : 305,
      "command" : 
      [
        "/usr/bin/cmake",
        "-DEXPECTED=0",
        "-DCMD=/workspaces/E-HGP/build/v7_next_q2_qualification/mhgp7_cell_grid_oracle",
        "-DARGS=",
        "-DEXPECT_LINE=",
        "-DEXPECT_PREFIX=",
        "-P",
        "/workspaces/E-HGP/morsehgp3D_v7/cmake/run_expect.cmake"
      ],
      "name" : "mhgp7_cell_grid_oracle",
      "properties" : 
      [
        {
          "name" : "LABELS",
          "value" : 
          [
            "gate",
            "oracle"
          ]
        },
        {
          "name" : "TIMEOUT",
          "value" : 900.0
        },
        {
          "name" : "WORKING_DIRECTORY",
          "value" : "/workspaces/E-HGP/build/v7_next_q2_qualification"
        }
      ]
    },
    {
      "backtrace" : 308,
      "command" : 
      [
        "/usr/bin/cmake",
        "-DEXPECTED=4",
        "-DCMD=/workspaces/E-HGP/build/v7_next_q2_qualification/mhgp7_cell_grid_oracle",
        "-DARGS=--inject=cell-kill-nonstrict",
        "-DEXPECT_LINE=",
        "-DEXPECT_PREFIX=",
        "-P",
        "/workspaces/E-HGP/morsehgp3D_v7/cmake/run_expect.cmake"
      ],
      "name" : "mhgp7_cell_grid_oracle_mutant_ns",
      "properties" : 
      [
        {
          "name" : "LABELS",
          "value" : 
          [
            "gate"
          ]
        },
        {
          "name" : "TIMEOUT",
          "value" : 900.0
        },
        {
          "name" : "WORKING_DIRECTORY",
          "value" : "/workspaces/E-HGP/build/v7_next_q2_qualification"
        }
      ]
    },
    {
      "backtrace" : 311,
      "command" : 
      [
        "/usr/bin/cmake",
        "-DEXPECTED=4",
        "-DCMD=/workspaces/E-HGP/build/v7_next_q2_qualification/mhgp7_cell_grid_oracle",
        "-DARGS=--inject=cell-locate-eps-zero",
        "-DEXPECT_LINE=",
        "-DEXPECT_PREFIX=",
        "-P",
        "/workspaces/E-HGP/morsehgp3D_v7/cmake/run_expect.cmake"
      ],
      "name" : "mhgp7_cell_grid_oracle_mutant_eps",
      "properties" : 
      [
        {
          "name" : "LABELS",
          "value" : 
          [
            "gate"
          ]
        },
        {
          "name" : "TIMEOUT",
          "value" : 900.0
        },
        {
          "name" : "WORKING_DIRECTORY",
          "value" : "/workspaces/E-HGP/build/v7_next_q2_qualification"
        }
      ]
    },
    {
      "backtrace" : 314,
      "command" : 
      [
        "/usr/bin/cmake",
        "-DEXPECTED=4",
        "-DCMD=/workspaces/E-HGP/build/v7_next_q2_qualification/mhgp7_cell_grid_oracle",
        "-DARGS=--inject=cell-kill-h-minus-one",
        "-DEXPECT_LINE=",
        "-DEXPECT_PREFIX=",
        "-P",
        "/workspaces/E-HGP/morsehgp3D_v7/cmake/run_expect.cmake"
      ],
      "name" : "mhgp7_cell_grid_oracle_mutant_h1",
      "properties" : 
      [
        {
          "name" : "LABELS",
          "value" : 
          [
            "gate"
          ]
        },
        {
          "name" : "TIMEOUT",
          "value" : 900.0
        },
        {
          "name" : "WORKING_DIRECTORY",
          "value" : "/workspaces/E-HGP/build/v7_next_q2_qualification"
        }
      ]
    },
    {
      "backtrace" : 317,
      "command" : 
      [
        "/usr/bin/cmake",
        "-DEXPECTED=0",
        "-DCMD=/workspaces/E-HGP/build/v7_next_q2_qualification/mhgp7_sweep_fixtures",
        "-DARGS=",
        "-DEXPECT_LINE=",
        "-DEXPECT_PREFIX=",
        "-P",
        "/workspaces/E-HGP/morsehgp3D_v7/cmake/run_expect.cmake"
      ],
      "name" : "mhgp7_sweep_frontieres",
      "properties" : 
      [
        {
          "name" : "LABELS",
          "value" : 
          [
            "gate"
          ]
        },
        {
          "name" : "WORKING_DIRECTORY",
          "value" : "/workspaces/E-HGP/build/v7_next_q2_qualification"
        }
      ]
    },
    {
      "backtrace" : 320,
      "command" : 
      [
        "/usr/bin/cmake",
        "-DEXPECTED=4",
        "-DCMD=/workspaces/E-HGP/build/v7_next_q2_qualification/mhgp7_sweep_fixtures",
        "-DARGS=--inject=sweep-nonstrict-depth",
        "-DEXPECT_LINE=",
        "-DEXPECT_PREFIX=",
        "-P",
        "/workspaces/E-HGP/morsehgp3D_v7/cmake/run_expect.cmake"
      ],
      "name" : "mhgp7_sweep_frontieres_mutant_depth",
      "properties" : 
      [
        {
          "name" : "LABELS",
          "value" : 
          [
            "gate"
          ]
        },
        {
          "name" : "WORKING_DIRECTORY",
          "value" : "/workspaces/E-HGP/build/v7_next_q2_qualification"
        }
      ]
    },
    {
      "backtrace" : 323,
      "command" : 
      [
        "/usr/bin/cmake",
        "-DEXPECTED=4",
        "-DCMD=/workspaces/E-HGP/build/v7_next_q2_qualification/mhgp7_sweep_fixtures",
        "-DARGS=--inject=sweep-drop-exit-root",
        "-DEXPECT_LINE=",
        "-DEXPECT_PREFIX=",
        "-P",
        "/workspaces/E-HGP/morsehgp3D_v7/cmake/run_expect.cmake"
      ],
      "name" : "mhgp7_sweep_frontieres_mutant_exit",
      "properties" : 
      [
        {
          "name" : "LABELS",
          "value" : 
          [
            "gate"
          ]
        },
        {
          "name" : "WORKING_DIRECTORY",
          "value" : "/workspaces/E-HGP/build/v7_next_q2_qualification"
        }
      ]
    },
    {
      "backtrace" : 326,
      "command" : 
      [
        "/usr/bin/cmake",
        "-DEXPECTED=0",
        "-DCMD=/workspaces/E-HGP/build/v7_next_q2_qualification/mhgp7_cover_fixture",
        "-DARGS=",
        "-DEXPECT_LINE=",
        "-DEXPECT_PREFIX=",
        "-P",
        "/workspaces/E-HGP/morsehgp3D_v7/cmake/run_expect.cmake"
      ],
      "name" : "mhgp7_cover_coef4",
      "properties" : 
      [
        {
          "name" : "LABELS",
          "value" : 
          [
            "gate"
          ]
        },
        {
          "name" : "WORKING_DIRECTORY",
          "value" : "/workspaces/E-HGP/build/v7_next_q2_qualification"
        }
      ]
    },
    {
      "backtrace" : 329,
      "command" : 
      [
        "/usr/bin/cmake",
        "-DEXPECTED=4",
        "-DCMD=/workspaces/E-HGP/build/v7_next_q2_qualification/mhgp7_cover_fixture",
        "-DARGS=--inject=q4-cover-coef3",
        "-DEXPECT_LINE=",
        "-DEXPECT_PREFIX=",
        "-P",
        "/workspaces/E-HGP/morsehgp3D_v7/cmake/run_expect.cmake"
      ],
      "name" : "mhgp7_cover_coef3_mutant",
      "properties" : 
      [
        {
          "name" : "LABELS",
          "value" : 
          [
            "gate"
          ]
        },
        {
          "name" : "WORKING_DIRECTORY",
          "value" : "/workspaces/E-HGP/build/v7_next_q2_qualification"
        }
      ]
    },
    {
      "backtrace" : 332,
      "command" : 
      [
        "/usr/bin/cmake",
        "-DEXPECTED=0",
        "-DCMD=/workspaces/E-HGP/build/v7_next_q2_qualification/mhgp7_conformity",
        "-DARGS=--family=uniform --n=400 --threads=4 --expected=/workspaces/E-HGP/morsehgp3D_v7/receipts/conformite_v5/uniform_400.txt --postprefilter=97be65b6e0c66e3b3b2262510bd7274f8e557ae4bdb78024467c1f9ee05c4d72 --expect-compat=2b50f878e2ddb641f07358dc82c9d52e9db7482ae55a94d0e033b13c71f1e6f4 --expect-counts=105076/1134/103942",
        "-DEXPECT_LINE=",
        "-DEXPECT_PREFIX=",
        "-P",
        "/workspaces/E-HGP/morsehgp3D_v7/cmake/run_expect.cmake"
      ],
      "name" : "mhgp7_postprefilter_uniform_400",
      "properties" : 
      [
        {
          "name" : "LABELS",
          "value" : 
          [
            "gate"
          ]
        },
        {
          "name" : "WORKING_DIRECTORY",
          "value" : "/workspaces/E-HGP/build/v7_next_q2_qualification"
        }
      ]
    },
    {
      "backtrace" : 335,
      "command" : 
      [
        "/usr/bin/cmake",
        "-DEXPECTED=4",
        "-DCMD=/workspaces/E-HGP/build/v7_next_q2_qualification/mhgp7_conformity",
        "-DARGS=--family=eight_clusters --n=400 --threads=4 --inject=wspd-drop-rect --expected=/workspaces/E-HGP/morsehgp3D_v7/receipts/conformite_v5/eight_clusters_400.txt",
        "-DEXPECT_LINE=",
        "-DEXPECT_PREFIX=",
        "-P",
        "/workspaces/E-HGP/morsehgp3D_v7/cmake/run_expect.cmake"
      ],
      "name" : "mhgp7_mutant_wspd-drop-rect",
      "properties" : 
      [
        {
          "name" : "LABELS",
          "value" : 
          [
            "gate"
          ]
        },
        {
          "name" : "WORKING_DIRECTORY",
          "value" : "/workspaces/E-HGP/build/v7_next_q2_qualification"
        }
      ]
    },
    {
      "backtrace" : 338,
      "command" : 
      [
        "/usr/bin/cmake",
        "-DEXPECTED=4",
        "-DCMD=/workspaces/E-HGP/build/v7_next_q2_qualification/mhgp7_conformity",
        "-DARGS=--family=eight_clusters --n=400 --threads=4 --inject=census-nonstrict --expected=/workspaces/E-HGP/morsehgp3D_v7/receipts/conformite_v5/eight_clusters_400.txt",
        "-DEXPECT_LINE=",
        "-DEXPECT_PREFIX=",
        "-P",
        "/workspaces/E-HGP/morsehgp3D_v7/cmake/run_expect.cmake"
      ],
      "name" : "mhgp7_mutant_census-nonstrict",
      "properties" : 
      [
        {
          "name" : "LABELS",
          "value" : 
          [
            "gate"
          ]
        },
        {
          "name" : "WORKING_DIRECTORY",
          "value" : "/workspaces/E-HGP/build/v7_next_q2_qualification"
        }
      ]
    },
    {
      "backtrace" : 341,
      "command" : 
      [
        "/usr/bin/cmake",
        "-DEXPECTED=4",
        "-DCMD=/workspaces/E-HGP/build/v7_next_q2_qualification/mhgp7_conformity",
        "-DARGS=--family=eight_clusters --n=400 --threads=4 --inject=genfilter-nonstrict --expected=/workspaces/E-HGP/morsehgp3D_v7/receipts/conformite_v5/eight_clusters_400.txt",
        "-DEXPECT_LINE=",
        "-DEXPECT_PREFIX=",
        "-P",
        "/workspaces/E-HGP/morsehgp3D_v7/cmake/run_expect.cmake"
      ],
      "name" : "mhgp7_mutant_genfilter-nonstrict",
      "properties" : 
      [
        {
          "name" : "LABELS",
          "value" : 
          [
            "gate"
          ]
        },
        {
          "name" : "WORKING_DIRECTORY",
          "value" : "/workspaces/E-HGP/build/v7_next_q2_qualification"
        }
      ]
    },
    {
      "backtrace" : 344,
      "command" : 
      [
        "/usr/bin/cmake",
        "-DEXPECTED=4",
        "-DCMD=/workspaces/E-HGP/build/v7_next_q2_qualification/mhgp7_conformity",
        "-DARGS=--family=eight_clusters --n=400 --threads=4 --inject=depth-threshold-minus-one --expected=/workspaces/E-HGP/morsehgp3D_v7/receipts/conformite_v5/eight_clusters_400.txt",
        "-DEXPECT_LINE=",
        "-DEXPECT_PREFIX=",
        "-P",
        "/workspaces/E-HGP/morsehgp3D_v7/cmake/run_expect.cmake"
      ],
      "name" : "mhgp7_mutant_depth-threshold-minus-one",
      "properties" : 
      [
        {
          "name" : "LABELS",
          "value" : 
          [
            "gate"
          ]
        },
        {
          "name" : "WORKING_DIRECTORY",
          "value" : "/workspaces/E-HGP/build/v7_next_q2_qualification"
        }
      ]
    },
    {
      "backtrace" : 347,
      "command" : 
      [
        "/usr/bin/cmake",
        "-DEXPECTED=4",
        "-DCMD=/workspaces/E-HGP/build/v7_next_q2_qualification/mhgp7_conformity",
        "-DARGS=--family=eight_clusters --n=400 --threads=4 --inject=range-add-max-le-zero --expected=/workspaces/E-HGP/morsehgp3D_v7/receipts/conformite_v5/eight_clusters_400.txt",
        "-DEXPECT_LINE=",
        "-DEXPECT_PREFIX=",
        "-P",
        "/workspaces/E-HGP/morsehgp3D_v7/cmake/run_expect.cmake"
      ],
      "name" : "mhgp7_mutant_range-add-max-le-zero",
      "properties" : 
      [
        {
          "name" : "LABELS",
          "value" : 
          [
            "gate"
          ]
        },
        {
          "name" : "WORKING_DIRECTORY",
          "value" : "/workspaces/E-HGP/build/v7_next_q2_qualification"
        }
      ]
    },
    {
      "backtrace" : 350,
      "command" : 
      [
        "/usr/bin/cmake",
        "-DEXPECTED=4",
        "-DCMD=/workspaces/E-HGP/build/v7_next_q2_qualification/mhgp7_conformity",
        "-DARGS=--family=eight_clusters --n=400 --threads=4 --inject=skip-full-census --expected=/workspaces/E-HGP/morsehgp3D_v7/receipts/conformite_v5/eight_clusters_400.txt",
        "-DEXPECT_LINE=",
        "-DEXPECT_PREFIX=",
        "-P",
        "/workspaces/E-HGP/morsehgp3D_v7/cmake/run_expect.cmake"
      ],
      "name" : "mhgp7_mutant_skip-full-census",
      "properties" : 
      [
        {
          "name" : "LABELS",
          "value" : 
          [
            "gate"
          ]
        },
        {
          "name" : "WORKING_DIRECTORY",
          "value" : "/workspaces/E-HGP/build/v7_next_q2_qualification"
        }
      ]
    },
    {
      "backtrace" : 353,
      "command" : 
      [
        "/usr/bin/cmake",
        "-DEXPECTED=4",
        "-DCMD=/workspaces/E-HGP/build/v7_next_q2_qualification/mhgp7_conformity",
        "-DARGS=--family=eight_clusters --n=400 --threads=4 --inject=binary-ties --expected=/workspaces/E-HGP/morsehgp3D_v7/receipts/conformite_v5/eight_clusters_400.txt",
        "-DEXPECT_LINE=",
        "-DEXPECT_PREFIX=",
        "-P",
        "/workspaces/E-HGP/morsehgp3D_v7/cmake/run_expect.cmake"
      ],
      "name" : "mhgp7_mutant_binary-ties",
      "properties" : 
      [
        {
          "name" : "LABELS",
          "value" : 
          [
            "gate"
          ]
        },
        {
          "name" : "WORKING_DIRECTORY",
          "value" : "/workspaces/E-HGP/build/v7_next_q2_qualification"
        }
      ]
    },
    {
      "backtrace" : 356,
      "command" : 
      [
        "/usr/bin/cmake",
        "-DEXPECTED=4",
        "-DCMD=/workspaces/E-HGP/build/v7_next_q2_qualification/mhgp7_conformity",
        "-DARGS=--family=eight_clusters --n=400 --threads=4 --inject=repr-ties --expected=/workspaces/E-HGP/morsehgp3D_v7/receipts/conformite_v5/eight_clusters_400.txt",
        "-DEXPECT_LINE=",
        "-DEXPECT_PREFIX=",
        "-P",
        "/workspaces/E-HGP/morsehgp3D_v7/cmake/run_expect.cmake"
      ],
      "name" : "mhgp7_mutant_repr-ties",
      "properties" : 
      [
        {
          "name" : "LABELS",
          "value" : 
          [
            "gate"
          ]
        },
        {
          "name" : "WORKING_DIRECTORY",
          "value" : "/workspaces/E-HGP/build/v7_next_q2_qualification"
        }
      ]
    },
    {
      "backtrace" : 359,
      "command" : 
      [
        "/usr/bin/cmake",
        "-DEXPECTED=4",
        "-DCMD=/workspaces/E-HGP/build/v7_next_q2_qualification/mhgp7_conformity",
        "-DARGS=--family=eight_clusters --n=400 --threads=4 --inject=attach-prebatch --expected=/workspaces/E-HGP/morsehgp3D_v7/receipts/conformite_v5/eight_clusters_400.txt",
        "-DEXPECT_LINE=",
        "-DEXPECT_PREFIX=",
        "-P",
        "/workspaces/E-HGP/morsehgp3D_v7/cmake/run_expect.cmake"
      ],
      "name" : "mhgp7_mutant_attach-prebatch",
      "properties" : 
      [
        {
          "name" : "LABELS",
          "value" : 
          [
            "gate"
          ]
        },
        {
          "name" : "WORKING_DIRECTORY",
          "value" : "/workspaces/E-HGP/build/v7_next_q2_qualification"
        }
      ]
    },
    {
      "backtrace" : 362,
      "command" : 
      [
        "/usr/bin/cmake",
        "-DEXPECTED=4",
        "-DCMD=/workspaces/E-HGP/build/v7_next_q2_qualification/mhgp7_conformity",
        "-DARGS=--family=eight_clusters --n=400 --threads=4 --inject=drop-nonmerge --expected=/workspaces/E-HGP/morsehgp3D_v7/receipts/conformite_v5/eight_clusters_400.txt",
        "-DEXPECT_LINE=",
        "-DEXPECT_PREFIX=",
        "-P",
        "/workspaces/E-HGP/morsehgp3D_v7/cmake/run_expect.cmake"
      ],
      "name" : "mhgp7_mutant_drop-nonmerge",
      "properties" : 
      [
        {
          "name" : "LABELS",
          "value" : 
          [
            "gate"
          ]
        },
        {
          "name" : "WORKING_DIRECTORY",
          "value" : "/workspaces/E-HGP/build/v7_next_q2_qualification"
        }
      ]
    },
    {
      "backtrace" : 365,
      "command" : 
      [
        "/usr/bin/cmake",
        "-DEXPECTED=4",
        "-DCMD=/workspaces/E-HGP/build/v7_next_q2_qualification/mhgp7_conformity",
        "-DARGS=--family=eight_clusters --n=400 --threads=4 --inject=dense-pointid --expected=/workspaces/E-HGP/morsehgp3D_v7/receipts/conformite_v5/eight_clusters_400.txt",
        "-DEXPECT_LINE=",
        "-DEXPECT_PREFIX=",
        "-P",
        "/workspaces/E-HGP/morsehgp3D_v7/cmake/run_expect.cmake"
      ],
      "name" : "mhgp7_mutant_dense-pointid",
      "properties" : 
      [
        {
          "name" : "LABELS",
          "value" : 
          [
            "gate"
          ]
        },
        {
          "name" : "WORKING_DIRECTORY",
          "value" : "/workspaces/E-HGP/build/v7_next_q2_qualification"
        }
      ]
    },
    {
      "backtrace" : 368,
      "command" : 
      [
        "/usr/bin/cmake",
        "-DEXPECTED=4",
        "-DCMD=/workspaces/E-HGP/build/v7_next_q2_qualification/mhgp7_conformity",
        "-DARGS=--family=eight_clusters --n=400 --threads=4 --inject=canonical-is-uf-root --expected=/workspaces/E-HGP/morsehgp3D_v7/receipts/conformite_v5/eight_clusters_400.txt",
        "-DEXPECT_LINE=",
        "-DEXPECT_PREFIX=",
        "-P",
        "/workspaces/E-HGP/morsehgp3D_v7/cmake/run_expect.cmake"
      ],
      "name" : "mhgp7_mutant_canonical-is-uf-root",
      "properties" : 
      [
        {
          "name" : "LABELS",
          "value" : 
          [
            "gate"
          ]
        },
        {
          "name" : "WORKING_DIRECTORY",
          "value" : "/workspaces/E-HGP/build/v7_next_q2_qualification"
        }
      ]
    },
    {
      "backtrace" : 371,
      "command" : 
      [
        "/usr/bin/cmake",
        "-DEXPECTED=4",
        "-DCMD=/workspaces/E-HGP/build/v7_next_q2_qualification/mhgp7_conformity",
        "-DARGS=--family=eight_clusters --n=400 --threads=4 --inject=q3-level-4g --expected=/workspaces/E-HGP/morsehgp3D_v7/receipts/conformite_v5/eight_clusters_400.txt",
        "-DEXPECT_LINE=",
        "-DEXPECT_PREFIX=",
        "-P",
        "/workspaces/E-HGP/morsehgp3D_v7/cmake/run_expect.cmake"
      ],
      "name" : "mhgp7_mutant_q3-level-4g",
      "properties" : 
      [
        {
          "name" : "LABELS",
          "value" : 
          [
            "gate"
          ]
        },
        {
          "name" : "WORKING_DIRECTORY",
          "value" : "/workspaces/E-HGP/build/v7_next_q2_qualification"
        }
      ]
    },
    {
      "backtrace" : 374,
      "command" : 
      [
        "/usr/bin/cmake",
        "-DEXPECTED=4",
        "-DCMD=/workspaces/E-HGP/build/v7_next_q2_qualification/mhgp7_conformity",
        "-DARGS=--family=eight_clusters --n=400 --threads=4 --inject=q4-center-parity --expected=/workspaces/E-HGP/morsehgp3D_v7/receipts/conformite_v5/eight_clusters_400.txt",
        "-DEXPECT_LINE=",
        "-DEXPECT_PREFIX=",
        "-P",
        "/workspaces/E-HGP/morsehgp3D_v7/cmake/run_expect.cmake"
      ],
      "name" : "mhgp7_mutant_q4-center-parity",
      "properties" : 
      [
        {
          "name" : "LABELS",
          "value" : 
          [
            "gate"
          ]
        },
        {
          "name" : "WORKING_DIRECTORY",
          "value" : "/workspaces/E-HGP/build/v7_next_q2_qualification"
        }
      ]
    },
    {
      "backtrace" : 377,
      "command" : 
      [
        "/usr/bin/cmake",
        "-DEXPECTED=4",
        "-DCMD=/workspaces/E-HGP/build/v7_next_q2_qualification/mhgp7_conformity",
        "-DARGS=--family=eight_clusters --n=400 --threads=4 --inject=q4-eq-sign --expected=/workspaces/E-HGP/morsehgp3D_v7/receipts/conformite_v5/eight_clusters_400.txt",
        "-DEXPECT_LINE=",
        "-DEXPECT_PREFIX=",
        "-P",
        "/workspaces/E-HGP/morsehgp3D_v7/cmake/run_expect.cmake"
      ],
      "name" : "mhgp7_mutant_q4-eq-sign",
      "properties" : 
      [
        {
          "name" : "LABELS",
          "value" : 
          [
            "gate"
          ]
        },
        {
          "name" : "WORKING_DIRECTORY",
          "value" : "/workspaces/E-HGP/build/v7_next_q2_qualification"
        }
      ]
    },
    {
      "backtrace" : 380,
      "command" : 
      [
        "/usr/bin/cmake",
        "-DEXPECTED=4",
        "-DCMD=/workspaces/E-HGP/build/v7_next_q2_qualification/mhgp7_conformity",
        "-DARGS=--family=eight_clusters --n=400 --threads=4 --inject=q4-i64-drop-factor --expected=/workspaces/E-HGP/morsehgp3D_v7/receipts/conformite_v5/eight_clusters_400.txt",
        "-DEXPECT_LINE=",
        "-DEXPECT_PREFIX=",
        "-P",
        "/workspaces/E-HGP/morsehgp3D_v7/cmake/run_expect.cmake"
      ],
      "name" : "mhgp7_mutant_q4-i64-drop-factor",
      "properties" : 
      [
        {
          "name" : "LABELS",
          "value" : 
          [
            "gate"
          ]
        },
        {
          "name" : "WORKING_DIRECTORY",
          "value" : "/workspaces/E-HGP/build/v7_next_q2_qualification"
        }
      ]
    },
    {
      "backtrace" : 383,
      "command" : 
      [
        "/usr/bin/cmake",
        "-DEXPECTED=4",
        "-DCMD=/workspaces/E-HGP/build/v7_next_q2_qualification/mhgp7_conformity",
        "-DARGS=--family=eight_clusters --n=400 --threads=4 --inject=q4-i64-pair-min --expected=/workspaces/E-HGP/morsehgp3D_v7/receipts/conformite_v5/eight_clusters_400.txt",
        "-DEXPECT_LINE=",
        "-DEXPECT_PREFIX=",
        "-P",
        "/workspaces/E-HGP/morsehgp3D_v7/cmake/run_expect.cmake"
      ],
      "name" : "mhgp7_mutant_q4-i64-pair-min",
      "properties" : 
      [
        {
          "name" : "LABELS",
          "value" : 
          [
            "gate"
          ]
        },
        {
          "name" : "WORKING_DIRECTORY",
          "value" : "/workspaces/E-HGP/build/v7_next_q2_qualification"
        }
      ]
    },
    {
      "backtrace" : 386,
      "command" : 
      [
        "/usr/bin/cmake",
        "-DEXPECTED=4",
        "-DCMD=/workspaces/E-HGP/build/v7_next_q2_qualification/mhgp7_conformity",
        "-DARGS=--family=eight_clusters --n=400 --threads=4 --inject=witness-no-lane-mask --expected=/workspaces/E-HGP/morsehgp3D_v7/receipts/conformite_v5/eight_clusters_400.txt",
        "-DEXPECT_LINE=",
        "-DEXPECT_PREFIX=",
        "-P",
        "/workspaces/E-HGP/morsehgp3D_v7/cmake/run_expect.cmake"
      ],
      "name" : "mhgp7_mutant_witness-no-lane-mask",
      "properties" : 
      [
        {
          "name" : "LABELS",
          "value" : 
          [
            "gate"
          ]
        },
        {
          "name" : "WORKING_DIRECTORY",
          "value" : "/workspaces/E-HGP/build/v7_next_q2_qualification"
        }
      ]
    },
    {
      "backtrace" : 389,
      "command" : 
      [
        "/usr/bin/cmake",
        "-DEXPECTED=4",
        "-DCMD=/workspaces/E-HGP/build/v7_next_q2_qualification/mhgp7_conformity",
        "-DARGS=--family=eight_clusters --n=400 --threads=4 --inject=par-drop-shard --expected=/workspaces/E-HGP/morsehgp3D_v7/receipts/conformite_v5/eight_clusters_400.txt",
        "-DEXPECT_LINE=",
        "-DEXPECT_PREFIX=",
        "-P",
        "/workspaces/E-HGP/morsehgp3D_v7/cmake/run_expect.cmake"
      ],
      "name" : "mhgp7_mutant_par-drop-shard",
      "properties" : 
      [
        {
          "name" : "LABELS",
          "value" : 
          [
            "gate"
          ]
        },
        {
          "name" : "WORKING_DIRECTORY",
          "value" : "/workspaces/E-HGP/build/v7_next_q2_qualification"
        }
      ]
    },
    {
      "backtrace" : 392,
      "command" : 
      [
        "/usr/bin/cmake",
        "-DEXPECTED=4",
        "-DCMD=/workspaces/E-HGP/build/v7_next_q2_qualification/mhgp7_conformity",
        "-DARGS=--family=eight_clusters --n=400 --threads=4 --inject=par-drop-ball-chunk --expected=/workspaces/E-HGP/morsehgp3D_v7/receipts/conformite_v5/eight_clusters_400.txt",
        "-DEXPECT_LINE=",
        "-DEXPECT_PREFIX=",
        "-P",
        "/workspaces/E-HGP/morsehgp3D_v7/cmake/run_expect.cmake"
      ],
      "name" : "mhgp7_mutant_par-drop-ball-chunk",
      "properties" : 
      [
        {
          "name" : "LABELS",
          "value" : 
          [
            "gate"
          ]
        },
        {
          "name" : "WORKING_DIRECTORY",
          "value" : "/workspaces/E-HGP/build/v7_next_q2_qualification"
        }
      ]
    },
    {
      "backtrace" : 395,
      "command" : 
      [
        "/usr/bin/cmake",
        "-DEXPECTED=4",
        "-DCMD=/workspaces/E-HGP/build/v7_next_q2_qualification/mhgp7_conformity",
        "-DARGS=--family=eight_clusters --n=400 --threads=4 --inject=fold-inject-a-failure-k2 --expected=/workspaces/E-HGP/morsehgp3D_v7/receipts/conformite_v5/eight_clusters_400.txt",
        "-DEXPECT_LINE=",
        "-DEXPECT_PREFIX=",
        "-P",
        "/workspaces/E-HGP/morsehgp3D_v7/cmake/run_expect.cmake"
      ],
      "name" : "mhgp7_mutant_fold-inject-a-failure-k2",
      "properties" : 
      [
        {
          "name" : "LABELS",
          "value" : 
          [
            "gate"
          ]
        },
        {
          "name" : "WORKING_DIRECTORY",
          "value" : "/workspaces/E-HGP/build/v7_next_q2_qualification"
        }
      ]
    },
    {
      "backtrace" : 398,
      "command" : 
      [
        "/usr/bin/cmake",
        "-DEXPECTED=4",
        "-DCMD=/workspaces/E-HGP/build/v7_next_q2_qualification/mhgp7_conformity",
        "-DARGS=--family=eight_clusters --n=400 --threads=4 --inject=ablation-mat-sans-copie --expected=/workspaces/E-HGP/morsehgp3D_v7/receipts/conformite_v5/eight_clusters_400.txt",
        "-DEXPECT_LINE=",
        "-DEXPECT_PREFIX=",
        "-P",
        "/workspaces/E-HGP/morsehgp3D_v7/cmake/run_expect.cmake"
      ],
      "name" : "mhgp7_mutant_ablation-mat-sans-copie",
      "properties" : 
      [
        {
          "name" : "LABELS",
          "value" : 
          [
            "gate"
          ]
        },
        {
          "name" : "WORKING_DIRECTORY",
          "value" : "/workspaces/E-HGP/build/v7_next_q2_qualification"
        }
      ]
    },
    {
      "backtrace" : 401,
      "command" : 
      [
        "/usr/bin/cmake",
        "-DEXPECTED=4",
        "-DCMD=/workspaces/E-HGP/build/v7_next_q2_qualification/mhgp7_conformity",
        "-DARGS=--family=eight_clusters --n=400 --threads=4 --inject=ablation-mat-sans-tris --expected=/workspaces/E-HGP/morsehgp3D_v7/receipts/conformite_v5/eight_clusters_400.txt",
        "-DEXPECT_LINE=",
        "-DEXPECT_PREFIX=",
        "-P",
        "/workspaces/E-HGP/morsehgp3D_v7/cmake/run_expect.cmake"
      ],
      "name" : "mhgp7_mutant_ablation-mat-sans-tris",
      "properties" : 
      [
        {
          "name" : "LABELS",
          "value" : 
          [
            "gate"
          ]
        },
        {
          "name" : "WORKING_DIRECTORY",
          "value" : "/workspaces/E-HGP/build/v7_next_q2_qualification"
        }
      ]
    },
    {
      "backtrace" : 404,
      "command" : 
      [
        "/usr/bin/cmake",
        "-DEXPECTED=4",
        "-DCMD=/workspaces/E-HGP/build/v7_next_q2_qualification/mhgp7_conformity",
        "-DARGS=--family=eight_clusters --n=400 --threads=4 --inject=ablation-post-cle-factice --expected=/workspaces/E-HGP/morsehgp3D_v7/receipts/conformite_v5/eight_clusters_400.txt",
        "-DEXPECT_LINE=",
        "-DEXPECT_PREFIX=",
        "-P",
        "/workspaces/E-HGP/morsehgp3D_v7/cmake/run_expect.cmake"
      ],
      "name" : "mhgp7_mutant_ablation-post-cle-factice",
      "properties" : 
      [
        {
          "name" : "LABELS",
          "value" : 
          [
            "gate"
          ]
        },
        {
          "name" : "WORKING_DIRECTORY",
          "value" : "/workspaces/E-HGP/build/v7_next_q2_qualification"
        }
      ]
    },
    {
      "backtrace" : 407,
      "command" : 
      [
        "/usr/bin/cmake",
        "-DEXPECTED=2",
        "-DCMD=/workspaces/E-HGP/build/v7_next_q2_qualification/mhgp7_conformity",
        "-DARGS=--family=uniform --n=4294967696 --threads=4 --expected=/workspaces/E-HGP/morsehgp3D_v7/receipts/conformite_v5/uniform_400.txt",
        "-DEXPECT_LINE=",
        "-DEXPECT_PREFIX=",
        "-P",
        "/workspaces/E-HGP/morsehgp3D_v7/cmake/run_expect.cmake"
      ],
      "name" : "mhgp7_juge_refus_narrowing",
      "properties" : 
      [
        {
          "name" : "LABELS",
          "value" : 
          [
            "gate"
          ]
        },
        {
          "name" : "WORKING_DIRECTORY",
          "value" : "/workspaces/E-HGP/build/v7_next_q2_qualification"
        }
      ]
    },
    {
      "backtrace" : 410,
      "command" : 
      [
        "/usr/bin/cmake",
        "-DEXPECTED=2",
        "-DCMD=/workspaces/E-HGP/build/v7_next_q2_qualification/mhgp7_conformity",
        "-DARGS=--family=uniform --n=400 --threads=4 --expected=/workspaces/E-HGP/morsehgp3D_v7/tests/refs/uniform_400_tronque_k1_absent.txt",
        "-DEXPECT_LINE=",
        "-DEXPECT_PREFIX=",
        "-P",
        "/workspaces/E-HGP/morsehgp3D_v7/cmake/run_expect.cmake"
      ],
      "name" : "mhgp7_juge_refus_reference_tronquee",
      "properties" : 
      [
        {
          "name" : "LABELS",
          "value" : 
          [
            "gate"
          ]
        },
        {
          "name" : "WORKING_DIRECTORY",
          "value" : "/workspaces/E-HGP/build/v7_next_q2_qualification"
        }
      ]
    },
    {
      "backtrace" : 413,
      "command" : 
      [
        "/usr/bin/cmake",
        "-DEXPECTED=2",
        "-DCMD=/workspaces/E-HGP/build/v7_next_q2_qualification/mhgp7_conformity",
        "-DARGS=--family=uniform --n=2 --threads=1 --expected=/workspaces/E-HGP/morsehgp3D_v7/tests/refs/uniform_2_k10_en_trop.txt",
        "-DEXPECT_LINE=",
        "-DEXPECT_PREFIX=",
        "-P",
        "/workspaces/E-HGP/morsehgp3D_v7/cmake/run_expect.cmake"
      ],
      "name" : "mhgp7_juge_refus_k_en_trop",
      "properties" : 
      [
        {
          "name" : "LABELS",
          "value" : 
          [
            "gate"
          ]
        },
        {
          "name" : "WORKING_DIRECTORY",
          "value" : "/workspaces/E-HGP/build/v7_next_q2_qualification"
        }
      ]
    },
    {
      "backtrace" : 416,
      "command" : 
      [
        "/usr/bin/cmake",
        "-DEXPECTED=2",
        "-DCMD=/workspaces/E-HGP/build/v7_next_q2_qualification/mhgp7_conformity",
        "-DARGS=--family=uniform --n=400 --threads=4 --expected=/workspaces/E-HGP/morsehgp3D_v7/tests/refs/uniform_400_k11_en_trop.txt",
        "-DEXPECT_LINE=",
        "-DEXPECT_PREFIX=",
        "-P",
        "/workspaces/E-HGP/morsehgp3D_v7/cmake/run_expect.cmake"
      ],
      "name" : "mhgp7_juge_refus_k11",
      "properties" : 
      [
        {
          "name" : "LABELS",
          "value" : 
          [
            "gate"
          ]
        },
        {
          "name" : "WORKING_DIRECTORY",
          "value" : "/workspaces/E-HGP/build/v7_next_q2_qualification"
        }
      ]
    },
    {
      "backtrace" : 419,
      "command" : 
      [
        "/usr/bin/cmake",
        "-DEXPECTED=2",
        "-DCMD=/workspaces/E-HGP/build/v7_next_q2_qualification/mhgp7_cover_fixture",
        "-DARGS=--inject=rle-drop",
        "-DEXPECT_LINE=",
        "-DEXPECT_PREFIX=",
        "-P",
        "/workspaces/E-HGP/morsehgp3D_v7/cmake/run_expect.cmake"
      ],
      "name" : "mhgp7_cover_refus_mutant_hors_cible",
      "properties" : 
      [
        {
          "name" : "LABELS",
          "value" : 
          [
            "gate"
          ]
        },
        {
          "name" : "WORKING_DIRECTORY",
          "value" : "/workspaces/E-HGP/build/v7_next_q2_qualification"
        }
      ]
    },
    {
      "backtrace" : 422,
      "command" : 
      [
        "/usr/bin/cmake",
        "-DEXPECTED=2",
        "-DCMD=/workspaces/E-HGP/build/v7_next_q2_qualification/mhgp7_sweep_fixtures",
        "-DARGS=--inject=",
        "-DEXPECT_LINE=",
        "-DEXPECT_PREFIX=",
        "-P",
        "/workspaces/E-HGP/morsehgp3D_v7/cmake/run_expect.cmake"
      ],
      "name" : "mhgp7_sweep_refus_inject_vide",
      "properties" : 
      [
        {
          "name" : "LABELS",
          "value" : 
          [
            "gate"
          ]
        },
        {
          "name" : "WORKING_DIRECTORY",
          "value" : "/workspaces/E-HGP/build/v7_next_q2_qualification"
        }
      ]
    },
    {
      "backtrace" : 425,
      "command" : 
      [
        "/usr/bin/cmake",
        "-DEXPECTED=4",
        "-DCMD=/workspaces/E-HGP/build/v7_next_q2_qualification/mhgp7_selftest",
        "-DARGS=--fused-descent --inject=wspd-drop-rect",
        "-DEXPECT_LINE=",
        "-DEXPECT_PREFIX=",
        "-P",
        "/workspaces/E-HGP/morsehgp3D_v7/cmake/run_expect.cmake"
      ],
      "name" : "mhgp7_fused_mutant_droprect",
      "properties" : 
      [
        {
          "name" : "LABELS",
          "value" : 
          [
            "gate"
          ]
        },
        {
          "name" : "WORKING_DIRECTORY",
          "value" : "/workspaces/E-HGP/build/v7_next_q2_qualification"
        }
      ]
    },
    {
      "backtrace" : 427,
      "command" : 
      [
        "/usr/bin/cmake",
        "-DEXPECTED=0",
        "-DCMD=python3",
        "-DARGS=/workspaces/E-HGP/morsehgp3D_v7/tests/pentes_gate.py",
        "-P",
        "/workspaces/E-HGP/morsehgp3D_v7/cmake/run_expect.cmake"
      ],
      "name" : "mhgp7_pentes_validateur",
      "properties" : 
      [
        {
          "name" : "LABELS",
          "value" : 
          [
            "gate"
          ]
        },
        {
          "name" : "WORKING_DIRECTORY",
          "value" : "/workspaces/E-HGP/build/v7_next_q2_qualification"
        }
      ]
    },
    {
      "backtrace" : 429,
      "command" : 
      [
        "/usr/bin/cmake",
        "-DEXPECTED=0",
        "-DCMD=python3",
        "-DARGS=/workspaces/E-HGP/morsehgp3D_v7/tests/campagne_gate.py",
        "-P",
        "/workspaces/E-HGP/morsehgp3D_v7/cmake/run_expect.cmake"
      ],
      "name" : "mhgp7_campagne_provenance",
      "properties" : 
      [
        {
          "name" : "LABELS",
          "value" : 
          [
            "gate"
          ]
        },
        {
          "name" : "WORKING_DIRECTORY",
          "value" : "/workspaces/E-HGP/build/v7_next_q2_qualification"
        }
      ]
    },
    {
      "backtrace" : 431,
      "command" : 
      [
        "/usr/bin/cmake",
        "-DEXPECTED=0",
        "-DCMD=python3",
        "-DARGS=/workspaces/E-HGP/morsehgp3D_v7/tests/agregateur_gate.py",
        "-P",
        "/workspaces/E-HGP/morsehgp3D_v7/cmake/run_expect.cmake"
      ],
      "name" : "mhgp7_agregateur_intergraines",
      "properties" : 
      [
        {
          "name" : "LABELS",
          "value" : 
          [
            "gate"
          ]
        },
        {
          "name" : "WORKING_DIRECTORY",
          "value" : "/workspaces/E-HGP/build/v7_next_q2_qualification"
        }
      ]
    },
    {
      "backtrace" : 434,
      "command" : 
      [
        "/usr/bin/cmake",
        "-DEXPECTED=0",
        "-DCMD=/workspaces/E-HGP/build/v7_next_q2_qualification/mhgp7_wire_pack_gate",
        "-DARGS=",
        "-DEXPECT_LINE=",
        "-DEXPECT_PREFIX=",
        "-P",
        "/workspaces/E-HGP/morsehgp3D_v7/cmake/run_expect.cmake"
      ],
      "name" : "mhgp7_wire_pack",
      "properties" : 
      [
        {
          "name" : "LABELS",
          "value" : 
          [
            "gate"
          ]
        },
        {
          "name" : "TIMEOUT",
          "value" : 180.0
        },
        {
          "name" : "WORKING_DIRECTORY",
          "value" : "/workspaces/E-HGP/build/v7_next_q2_qualification"
        }
      ]
    },
    {
      "backtrace" : 437,
      "command" : 
      [
        "/usr/bin/cmake",
        "-DEXPECTED=4",
        "-DCMD=/workspaces/E-HGP/build/v7_next_q2_qualification/mhgp7_wire_pack_gate",
        "-DARGS=--inject=wire-pack-stride-short",
        "-DEXPECT_LINE=",
        "-DEXPECT_PREFIX=",
        "-P",
        "/workspaces/E-HGP/morsehgp3D_v7/cmake/run_expect.cmake"
      ],
      "name" : "mhgp7_wire_pack_mutant_stride",
      "properties" : 
      [
        {
          "name" : "LABELS",
          "value" : 
          [
            "gate"
          ]
        },
        {
          "name" : "TIMEOUT",
          "value" : 180.0
        },
        {
          "name" : "WORKING_DIRECTORY",
          "value" : "/workspaces/E-HGP/build/v7_next_q2_qualification"
        }
      ]
    },
    {
      "backtrace" : 440,
      "command" : 
      [
        "/usr/bin/cmake",
        "-DEXPECTED=4",
        "-DCMD=/workspaces/E-HGP/build/v7_next_q2_qualification/mhgp7_wire_pack_gate",
        "-DARGS=--inject=wire-pack-slack-size",
        "-DEXPECT_LINE=",
        "-DEXPECT_PREFIX=",
        "-P",
        "/workspaces/E-HGP/morsehgp3D_v7/cmake/run_expect.cmake"
      ],
      "name" : "mhgp7_wire_pack_mutant_slack",
      "properties" : 
      [
        {
          "name" : "LABELS",
          "value" : 
          [
            "gate"
          ]
        },
        {
          "name" : "TIMEOUT",
          "value" : 180.0
        },
        {
          "name" : "WORKING_DIRECTORY",
          "value" : "/workspaces/E-HGP/build/v7_next_q2_qualification"
        }
      ]
    },
    {
      "backtrace" : 443,
      "command" : 
      [
        "/usr/bin/cmake",
        "-DEXPECTED=1",
        "-DCMD=/workspaces/E-HGP/build/v7_next_q2_qualification/mhgp7_wire_pack_gate",
        "-DARGS=--inject=wire-pack-stride-short,wire-pack-slack-size",
        "-DEXPECT_LINE=",
        "-DEXPECT_PREFIX=",
        "-P",
        "/workspaces/E-HGP/morsehgp3D_v7/cmake/run_expect.cmake"
      ],
      "name" : "mhgp7_wire_pack_contre_double",
      "properties" : 
      [
        {
          "name" : "LABELS",
          "value" : 
          [
            "gate"
          ]
        },
        {
          "name" : "TIMEOUT",
          "value" : 180.0
        },
        {
          "name" : "WORKING_DIRECTORY",
          "value" : "/workspaces/E-HGP/build/v7_next_q2_qualification"
        }
      ]
    },
    {
      "backtrace" : 446,
      "command" : 
      [
        "/usr/bin/cmake",
        "-DEXPECTED=2",
        "-DCMD=/workspaces/E-HGP/build/v7_next_q2_qualification/mhgp7_wire_pack_gate",
        "-DARGS=--min-balls=1x",
        "-DEXPECT_LINE=",
        "-DEXPECT_PREFIX=",
        "-P",
        "/workspaces/E-HGP/morsehgp3D_v7/cmake/run_expect.cmake"
      ],
      "name" : "mhgp7_wire_pack_refus_arg",
      "properties" : 
      [
        {
          "name" : "LABELS",
          "value" : 
          [
            "gate"
          ]
        },
        {
          "name" : "TIMEOUT",
          "value" : 60.0
        },
        {
          "name" : "WORKING_DIRECTORY",
          "value" : "/workspaces/E-HGP/build/v7_next_q2_qualification"
        }
      ]
    },
    {
      "backtrace" : 449,
      "command" : 
      [
        "/usr/bin/cmake",
        "-DEXPECTED=3",
        "-DCMD=/workspaces/E-HGP/build/v7_next_q2_qualification/mhgp7_wire_pack_gate",
        "-DARGS=--min-tails=99999",
        "-DEXPECT_LINE=",
        "-DEXPECT_PREFIX=",
        "-P",
        "/workspaces/E-HGP/morsehgp3D_v7/cmake/run_expect.cmake"
      ],
      "name" : "mhgp7_wire_pack_plancher",
      "properties" : 
      [
        {
          "name" : "LABELS",
          "value" : 
          [
            "gate"
          ]
        },
        {
          "name" : "TIMEOUT",
          "value" : 180.0
        },
        {
          "name" : "WORKING_DIRECTORY",
          "value" : "/workspaces/E-HGP/build/v7_next_q2_qualification"
        }
      ]
    },
    {
      "backtrace" : 452,
      "command" : 
      [
        "/usr/bin/cmake",
        "-DEXPECTED=0",
        "-DCMD=/workspaces/E-HGP/build/v7_next_q2_qualification/mhgp7_lot_ring_gate",
        "-DARGS=--min-lots=30 --min-rotations=40 --min-tails=2 --min-inversions=36 --min-erreurs=2 --min-blocages=4 --min-triples=2",
        "-DEXPECT_LINE=",
        "-DEXPECT_PREFIX=",
        "-P",
        "/workspaces/E-HGP/morsehgp3D_v7/cmake/run_expect.cmake"
      ],
      "name" : "mhgp7_lot_ring",
      "properties" : 
      [
        {
          "name" : "LABELS",
          "value" : 
          [
            "gate"
          ]
        },
        {
          "name" : "TIMEOUT",
          "value" : 180.0
        },
        {
          "name" : "WORKING_DIRECTORY",
          "value" : "/workspaces/E-HGP/build/v7_next_q2_qualification"
        }
      ]
    },
    {
      "backtrace" : 455,
      "command" : 
      [
        "/usr/bin/cmake",
        "-DEXPECTED=3",
        "-DCMD=/workspaces/E-HGP/build/v7_next_q2_qualification/mhgp7_lot_ring_gate",
        "-DARGS=--min-tails=9",
        "-DEXPECT_LINE=",
        "-DEXPECT_PREFIX=",
        "-P",
        "/workspaces/E-HGP/morsehgp3D_v7/cmake/run_expect.cmake"
      ],
      "name" : "mhgp7_lot_ring_plancher",
      "properties" : 
      [
        {
          "name" : "LABELS",
          "value" : 
          [
            "gate"
          ]
        },
        {
          "name" : "TIMEOUT",
          "value" : 180.0
        },
        {
          "name" : "WORKING_DIRECTORY",
          "value" : "/workspaces/E-HGP/build/v7_next_q2_qualification"
        }
      ]
    },
    {
      "backtrace" : 458,
      "command" : 
      [
        "/usr/bin/cmake",
        "-DEXPECTED=2",
        "-DCMD=/workspaces/E-HGP/build/v7_next_q2_qualification/mhgp7_lot_ring_gate",
        "-DARGS=--min-tails=2x",
        "-DEXPECT_LINE=",
        "-DEXPECT_PREFIX=",
        "-P",
        "/workspaces/E-HGP/morsehgp3D_v7/cmake/run_expect.cmake"
      ],
      "name" : "mhgp7_lot_ring_refus_arg",
      "properties" : 
      [
        {
          "name" : "LABELS",
          "value" : 
          [
            "gate"
          ]
        },
        {
          "name" : "TIMEOUT",
          "value" : 180.0
        },
        {
          "name" : "WORKING_DIRECTORY",
          "value" : "/workspaces/E-HGP/build/v7_next_q2_qualification"
        }
      ]
    },
    {
      "backtrace" : 461,
      "command" : 
      [
        "/usr/bin/cmake",
        "-DEXPECTED=2",
        "-DCMD=/workspaces/E-HGP/build/v7_next_q2_qualification/mhgp7_lot_ring_gate",
        "-DARGS=--inject=c6-inconnu",
        "-DEXPECT_LINE=",
        "-DEXPECT_PREFIX=",
        "-P",
        "/workspaces/E-HGP/morsehgp3D_v7/cmake/run_expect.cmake"
      ],
      "name" : "mhgp7_lot_ring_refus_mutant",
      "properties" : 
      [
        {
          "name" : "LABELS",
          "value" : 
          [
            "gate"
          ]
        },
        {
          "name" : "TIMEOUT",
          "value" : 180.0
        },
        {
          "name" : "WORKING_DIRECTORY",
          "value" : "/workspaces/E-HGP/build/v7_next_q2_qualification"
        }
      ]
    },
    {
      "backtrace" : 464,
      "command" : 
      [
        "/usr/bin/cmake",
        "-DEXPECTED=4",
        "-DCMD=/workspaces/E-HGP/build/v7_next_q2_qualification/mhgp7_lot_ring_gate",
        "-DARGS=--inject=c6-reuse-before-lease",
        "-DEXPECT_LINE=",
        "-DEXPECT_PREFIX=",
        "-P",
        "/workspaces/E-HGP/morsehgp3D_v7/cmake/run_expect.cmake"
      ],
      "name" : "mhgp7_lot_ring_mutant_reuse",
      "properties" : 
      [
        {
          "name" : "LABELS",
          "value" : 
          [
            "gate"
          ]
        },
        {
          "name" : "TIMEOUT",
          "value" : 180.0
        },
        {
          "name" : "WORKING_DIRECTORY",
          "value" : "/workspaces/E-HGP/build/v7_next_q2_qualification"
        }
      ]
    },
    {
      "backtrace" : 467,
      "command" : 
      [
        "/usr/bin/cmake",
        "-DEXPECTED=4",
        "-DCMD=/workspaces/E-HGP/build/v7_next_q2_qualification/mhgp7_lot_ring_gate",
        "-DARGS=--inject=c6-merge-by-completion",
        "-DEXPECT_LINE=",
        "-DEXPECT_PREFIX=",
        "-P",
        "/workspaces/E-HGP/morsehgp3D_v7/cmake/run_expect.cmake"
      ],
      "name" : "mhgp7_lot_ring_mutant_merge",
      "properties" : 
      [
        {
          "name" : "LABELS",
          "value" : 
          [
            "gate"
          ]
        },
        {
          "name" : "TIMEOUT",
          "value" : 180.0
        },
        {
          "name" : "WORKING_DIRECTORY",
          "value" : "/workspaces/E-HGP/build/v7_next_q2_qualification"
        }
      ]
    },
    {
      "backtrace" : 470,
      "command" : 
      [
        "/usr/bin/cmake",
        "-DEXPECTED=4",
        "-DCMD=/workspaces/E-HGP/build/v7_next_q2_qualification/mhgp7_lot_ring_gate",
        "-DARGS=--inject=c6-wrong-epoch",
        "-DEXPECT_LINE=",
        "-DEXPECT_PREFIX=",
        "-P",
        "/workspaces/E-HGP/morsehgp3D_v7/cmake/run_expect.cmake"
      ],
      "name" : "mhgp7_lot_ring_mutant_epoch",
      "properties" : 
      [
        {
          "name" : "LABELS",
          "value" : 
          [
            "gate"
          ]
        },
        {
          "name" : "TIMEOUT",
          "value" : 180.0
        },
        {
          "name" : "WORKING_DIRECTORY",
          "value" : "/workspaces/E-HGP/build/v7_next_q2_qualification"
        }
      ]
    },
    {
      "backtrace" : 473,
      "command" : 
      [
        "/usr/bin/cmake",
        "-DEXPECTED=4",
        "-DCMD=/workspaces/E-HGP/build/v7_next_q2_qualification/mhgp7_lot_ring_gate",
        "-DARGS=--inject=c6-publish-prefix",
        "-DEXPECT_LINE=",
        "-DEXPECT_PREFIX=",
        "-P",
        "/workspaces/E-HGP/morsehgp3D_v7/cmake/run_expect.cmake"
      ],
      "name" : "mhgp7_lot_ring_mutant_prefixe",
      "properties" : 
      [
        {
          "name" : "LABELS",
          "value" : 
          [
            "gate"
          ]
        },
        {
          "name" : "TIMEOUT",
          "value" : 180.0
        },
        {
          "name" : "WORKING_DIRECTORY",
          "value" : "/workspaces/E-HGP/build/v7_next_q2_qualification"
        }
      ]
    },
    {
      "backtrace" : 476,
      "command" : 
      [
        "/usr/bin/cmake",
        "-DEXPECTED=4",
        "-DCMD=/workspaces/E-HGP/build/v7_next_q2_qualification/mhgp7_lot_ring_gate",
        "-DARGS=--inject=c6-rebuild-before-validate",
        "-DEXPECT_LINE=",
        "-DEXPECT_PREFIX=",
        "-P",
        "/workspaces/E-HGP/morsehgp3D_v7/cmake/run_expect.cmake"
      ],
      "name" : "mhgp7_lot_ring_mutant_rebuild_tot",
      "properties" : 
      [
        {
          "name" : "LABELS",
          "value" : 
          [
            "gate"
          ]
        },
        {
          "name" : "TIMEOUT",
          "value" : 180.0
        },
        {
          "name" : "WORKING_DIRECTORY",
          "value" : "/workspaces/E-HGP/build/v7_next_q2_qualification"
        }
      ]
    },
    {
      "backtrace" : 479,
      "command" : 
      [
        "/usr/bin/cmake",
        "-DEXPECTED=0",
        "-DCMD=/workspaces/E-HGP/build/v7_next_q2_qualification/mhgp7_fold_caps_gate",
        "-DARGS=--garde=evenements --threads=4 --min-evenements=10000 --min-incidences=100000",
        "-DEXPECT_LINE=",
        "-DEXPECT_PREFIX=",
        "-P",
        "/workspaces/E-HGP/morsehgp3D_v7/cmake/run_expect.cmake"
      ],
      "name" : "mhgp7_fold_cap_evenements",
      "properties" : 
      [
        {
          "name" : "LABELS",
          "value" : 
          [
            "gate"
          ]
        },
        {
          "name" : "TIMEOUT",
          "value" : 300.0
        },
        {
          "name" : "WORKING_DIRECTORY",
          "value" : "/workspaces/E-HGP/build/v7_next_q2_qualification"
        }
      ]
    },
    {
      "backtrace" : 482,
      "command" : 
      [
        "/usr/bin/cmake",
        "-DEXPECTED=0",
        "-DCMD=/workspaces/E-HGP/build/v7_next_q2_qualification/mhgp7_fold_caps_gate",
        "-DARGS=--garde=incidences --threads=4 --min-evenements=10000 --min-incidences=100000",
        "-DEXPECT_LINE=",
        "-DEXPECT_PREFIX=",
        "-P",
        "/workspaces/E-HGP/morsehgp3D_v7/cmake/run_expect.cmake"
      ],
      "name" : "mhgp7_fold_cap_incidences",
      "properties" : 
      [
        {
          "name" : "LABELS",
          "value" : 
          [
            "gate"
          ]
        },
        {
          "name" : "TIMEOUT",
          "value" : 300.0
        },
        {
          "name" : "WORKING_DIRECTORY",
          "value" : "/workspaces/E-HGP/build/v7_next_q2_qualification"
        }
      ]
    },
    {
      "backtrace" : 485,
      "command" : 
      [
        "/usr/bin/cmake",
        "-DEXPECTED=4",
        "-DCMD=/workspaces/E-HGP/build/v7_next_q2_qualification/mhgp7_fold_caps_gate",
        "-DARGS=--garde=evenements --threads=4 --inject=caps-fold-guard-skip",
        "-DEXPECT_LINE=",
        "-DEXPECT_PREFIX=",
        "-P",
        "/workspaces/E-HGP/morsehgp3D_v7/cmake/run_expect.cmake"
      ],
      "name" : "mhgp7_fold_cap_mutant_evenements",
      "properties" : 
      [
        {
          "name" : "LABELS",
          "value" : 
          [
            "gate"
          ]
        },
        {
          "name" : "TIMEOUT",
          "value" : 300.0
        },
        {
          "name" : "WORKING_DIRECTORY",
          "value" : "/workspaces/E-HGP/build/v7_next_q2_qualification"
        }
      ]
    },
    {
      "backtrace" : 488,
      "command" : 
      [
        "/usr/bin/cmake",
        "-DEXPECTED=4",
        "-DCMD=/workspaces/E-HGP/build/v7_next_q2_qualification/mhgp7_fold_caps_gate",
        "-DARGS=--garde=incidences --threads=4 --inject=caps-fold-guard-skip",
        "-DEXPECT_LINE=",
        "-DEXPECT_PREFIX=",
        "-P",
        "/workspaces/E-HGP/morsehgp3D_v7/cmake/run_expect.cmake"
      ],
      "name" : "mhgp7_fold_cap_mutant_incidences",
      "properties" : 
      [
        {
          "name" : "LABELS",
          "value" : 
          [
            "gate"
          ]
        },
        {
          "name" : "TIMEOUT",
          "value" : 300.0
        },
        {
          "name" : "WORKING_DIRECTORY",
          "value" : "/workspaces/E-HGP/build/v7_next_q2_qualification"
        }
      ]
    },
    {
      "backtrace" : 491,
      "command" : 
      [
        "/usr/bin/cmake",
        "-DEXPECTED=3",
        "-DCMD=/workspaces/E-HGP/build/v7_next_q2_qualification/mhgp7_fold_caps_gate",
        "-DARGS=--garde=evenements --threads=4 --min-evenements=99999999",
        "-DEXPECT_LINE=",
        "-DEXPECT_PREFIX=",
        "-P",
        "/workspaces/E-HGP/morsehgp3D_v7/cmake/run_expect.cmake"
      ],
      "name" : "mhgp7_fold_cap_plancher",
      "properties" : 
      [
        {
          "name" : "LABELS",
          "value" : 
          [
            "gate"
          ]
        },
        {
          "name" : "TIMEOUT",
          "value" : 300.0
        },
        {
          "name" : "WORKING_DIRECTORY",
          "value" : "/workspaces/E-HGP/build/v7_next_q2_qualification"
        }
      ]
    },
    {
      "backtrace" : 494,
      "command" : 
      [
        "/usr/bin/cmake",
        "-DEXPECTED=2",
        "-DCMD=/workspaces/E-HGP/build/v7_next_q2_qualification/mhgp7_fold_caps_gate",
        "-DARGS=--garde=bidon",
        "-DEXPECT_LINE=",
        "-DEXPECT_PREFIX=",
        "-P",
        "/workspaces/E-HGP/morsehgp3D_v7/cmake/run_expect.cmake"
      ],
      "name" : "mhgp7_fold_cap_refus_arg",
      "properties" : 
      [
        {
          "name" : "LABELS",
          "value" : 
          [
            "gate"
          ]
        },
        {
          "name" : "TIMEOUT",
          "value" : 60.0
        },
        {
          "name" : "WORKING_DIRECTORY",
          "value" : "/workspaces/E-HGP/build/v7_next_q2_qualification"
        }
      ]
    },
    {
      "backtrace" : 497,
      "command" : 
      [
        "/usr/bin/cmake",
        "-DEXPECTED=2",
        "-DCMD=/workspaces/E-HGP/build/v7_next_q2_qualification/mhgp7_profile",
        "-DARGS=--family=uniform --n=400 --inject=ablation-mat-sans-copie",
        "-DEXPECT_LINE=",
        "-DEXPECT_PREFIX=",
        "-P",
        "/workspaces/E-HGP/morsehgp3D_v7/cmake/run_expect.cmake"
      ],
      "name" : "mhgp7_profile_refuse_inject",
      "properties" : 
      [
        {
          "name" : "LABELS",
          "value" : 
          [
            "gate"
          ]
        },
        {
          "name" : "WORKING_DIRECTORY",
          "value" : "/workspaces/E-HGP/build/v7_next_q2_qualification"
        }
      ]
    },
    {
      "backtrace" : 500,
      "command" : 
      [
        "/usr/bin/cmake",
        "-DEXPECTED=2",
        "-DCMD=/workspaces/E-HGP/build/v7_next_q2_qualification/mhgp7_profile_sonde",
        "-DARGS=--family=uniform --n=400 --inject=ablation-inconnue",
        "-DEXPECT_LINE=",
        "-DEXPECT_PREFIX=",
        "-P",
        "/workspaces/E-HGP/morsehgp3D_v7/cmake/run_expect.cmake"
      ],
      "name" : "mhgp7_profile_sonde_refuse_inconnu",
      "properties" : 
      [
        {
          "name" : "LABELS",
          "value" : 
          [
            "gate"
          ]
        },
        {
          "name" : "WORKING_DIRECTORY",
          "value" : "/workspaces/E-HGP/build/v7_next_q2_qualification"
        }
      ]
    },
    {
      "backtrace" : 503,
      "command" : 
      [
        "/usr/bin/cmake",
        "-DEXPECTED=2",
        "-DCMD=/workspaces/E-HGP/build/v7_next_q2_qualification/mhgp7_profile_sonde",
        "-DARGS=--family=uniform --n=400 --inject=",
        "-DEXPECT_LINE=",
        "-DEXPECT_PREFIX=",
        "-P",
        "/workspaces/E-HGP/morsehgp3D_v7/cmake/run_expect.cmake"
      ],
      "name" : "mhgp7_profile_sonde_refuse_inject_vide",
      "properties" : 
      [
        {
          "name" : "LABELS",
          "value" : 
          [
            "gate"
          ]
        },
        {
          "name" : "WORKING_DIRECTORY",
          "value" : "/workspaces/E-HGP/build/v7_next_q2_qualification"
        }
      ]
    },
    {
      "backtrace" : 506,
      "command" : 
      [
        "/usr/bin/cmake",
        "-DEXPECTED=2",
        "-DCMD=/workspaces/E-HGP/build/v7_next_q2_qualification/mhgp7_profile_sonde",
        "-DARGS=--family=uniform --n=400 --inject=,",
        "-DEXPECT_LINE=",
        "-DEXPECT_PREFIX=",
        "-P",
        "/workspaces/E-HGP/morsehgp3D_v7/cmake/run_expect.cmake"
      ],
      "name" : "mhgp7_profile_sonde_refuse_inject_virgule",
      "properties" : 
      [
        {
          "name" : "LABELS",
          "value" : 
          [
            "gate"
          ]
        },
        {
          "name" : "WORKING_DIRECTORY",
          "value" : "/workspaces/E-HGP/build/v7_next_q2_qualification"
        }
      ]
    },
    {
      "backtrace" : 509,
      "command" : 
      [
        "/usr/bin/cmake",
        "-DEXPECTED=2",
        "-DCMD=/workspaces/E-HGP/build/v7_next_q2_qualification/mhgp7_profile_sonde",
        "-DARGS=--family=uniform --n=400 --inject=render-active-only",
        "-DEXPECT_LINE=",
        "-DEXPECT_PREFIX=",
        "-P",
        "/workspaces/E-HGP/morsehgp3D_v7/cmake/run_expect.cmake"
      ],
      "name" : "mhgp7_profile_sonde_refuse_mutant_production",
      "properties" : 
      [
        {
          "name" : "LABELS",
          "value" : 
          [
            "gate"
          ]
        },
        {
          "name" : "WORKING_DIRECTORY",
          "value" : "/workspaces/E-HGP/build/v7_next_q2_qualification"
        }
      ]
    },
    {
      "backtrace" : 511,
      "command" : 
      [
        "/usr/bin/cmake",
        "-DEXPECTED=0",
        "-DCMD=python3",
        "-DARGS=/workspaces/E-HGP/morsehgp3D_v7/tests/profil_gate.py /workspaces/E-HGP/build/v7_next_q2_qualification/mhgp7 /workspaces/E-HGP/build/v7_next_q2_qualification/mhgp7_profile /workspaces/E-HGP/build/v7_next_q2_qualification/mhgp7_profile_liveness",
        "-P",
        "/workspaces/E-HGP/morsehgp3D_v7/cmake/run_expect.cmake"
      ],
      "name" : "mhgp7_profil_identite",
      "properties" : 
      [
        {
          "name" : "LABELS",
          "value" : 
          [
            "gate"
          ]
        },
        {
          "name" : "TIMEOUT",
          "value" : 600.0
        },
        {
          "name" : "WORKING_DIRECTORY",
          "value" : "/workspaces/E-HGP/build/v7_next_q2_qualification"
        }
      ]
    },
    {
      "backtrace" : 513,
      "command" : 
      [
        "/usr/bin/cmake",
        "-DEXPECTED=0",
        "-DCMD=python3",
        "-DARGS=/workspaces/E-HGP/morsehgp3D_v7/tests/profil_contre_fixture.py",
        "-P",
        "/workspaces/E-HGP/morsehgp3D_v7/cmake/run_expect.cmake"
      ],
      "name" : "mhgp7_profil_contre_fixture",
      "properties" : 
      [
        {
          "name" : "LABELS",
          "value" : 
          [
            "gate"
          ]
        },
        {
          "name" : "TIMEOUT",
          "value" : 120.0
        },
        {
          "name" : "WORKING_DIRECTORY",
          "value" : "/workspaces/E-HGP/build/v7_next_q2_qualification"
        }
      ]
    },
    {
      "backtrace" : 515,
      "command" : 
      [
        "/usr/bin/cmake",
        "-DEXPECTED=0",
        "-DCMD=python3",
        "-DARGS=/workspaces/E-HGP/morsehgp3D_v7/tests/plan_keycsr_gate.py",
        "-P",
        "/workspaces/E-HGP/morsehgp3D_v7/cmake/run_expect.cmake"
      ],
      "name" : "mhgp7_plan_keycsr_gate",
      "properties" : 
      [
        {
          "name" : "LABELS",
          "value" : 
          [
            "gate"
          ]
        },
        {
          "name" : "TIMEOUT",
          "value" : 120.0
        },
        {
          "name" : "WORKING_DIRECTORY",
          "value" : "/workspaces/E-HGP/build/v7_next_q2_qualification"
        }
      ]
    },
    {
      "backtrace" : 517,
      "command" : 
      [
        "/usr/bin/cmake",
        "-DEXPECTED=0",
        "-DCMD=python3",
        "-DARGS=/workspaces/E-HGP/morsehgp3D_v7/tests/sonde_ablation_gate.py /workspaces/E-HGP/morsehgp3D_v7/bench",
        "-P",
        "/workspaces/E-HGP/morsehgp3D_v7/cmake/run_expect.cmake"
      ],
      "name" : "mhgp7_sonde_ablation_gate",
      "properties" : 
      [
        {
          "name" : "LABELS",
          "value" : 
          [
            "gate"
          ]
        },
        {
          "name" : "TIMEOUT",
          "value" : 300.0
        },
        {
          "name" : "WORKING_DIRECTORY",
          "value" : "/workspaces/E-HGP/build/v7_next_q2_qualification"
        }
      ]
    },
    {
      "backtrace" : 520,
      "command" : 
      [
        "/usr/bin/cmake",
        "-DEXPECTED=0",
        "-DCMD=/workspaces/E-HGP/build/v7_next_q2_qualification/mhgp7_profil_contrat",
        "-DARGS=",
        "-DEXPECT_LINE=",
        "-DEXPECT_PREFIX=",
        "-P",
        "/workspaces/E-HGP/morsehgp3D_v7/cmake/run_expect.cmake"
      ],
      "name" : "mhgp7_profil_contrat_echec",
      "properties" : 
      [
        {
          "name" : "LABELS",
          "value" : 
          [
            "gate"
          ]
        },
        {
          "name" : "TIMEOUT",
          "value" : 600.0
        },
        {
          "name" : "WORKING_DIRECTORY",
          "value" : "/workspaces/E-HGP/build/v7_next_q2_qualification"
        }
      ]
    },
    {
      "backtrace" : 523,
      "command" : 
      [
        "/usr/bin/cmake",
        "-DEXPECTED=4",
        "-DCMD=/workspaces/E-HGP/build/v7_next_q2_qualification/mhgp7_profil_contrat",
        "-DARGS=--inject=fold-inject-a-failure-k2",
        "-DEXPECT_LINE=",
        "-DEXPECT_PREFIX=",
        "-P",
        "/workspaces/E-HGP/morsehgp3D_v7/cmake/run_expect.cmake"
      ],
      "name" : "mhgp7_profil_contrat_echec_k2",
      "properties" : 
      [
        {
          "name" : "LABELS",
          "value" : 
          [
            "gate"
          ]
        },
        {
          "name" : "TIMEOUT",
          "value" : 600.0
        },
        {
          "name" : "WORKING_DIRECTORY",
          "value" : "/workspaces/E-HGP/build/v7_next_q2_qualification"
        }
      ]
    },
    {
      "backtrace" : 526,
      "command" : 
      [
        "/usr/bin/cmake",
        "-DEXPECTED=0",
        "-DCMD=/workspaces/E-HGP/build/v7_next_q2_qualification/mhgp7_fold_csr_gate",
        "-DARGS=--fixtures --min-fixtures=13 --min-deltas=25 --min-continuations=1 --min-multi-root-lots=3 --min-vides=1 --min-refus=1",
        "-DEXPECT_LINE=",
        "-DEXPECT_PREFIX=",
        "-P",
        "/workspaces/E-HGP/morsehgp3D_v7/cmake/run_expect.cmake"
      ],
      "name" : "mhgp7_fold_csr_fixtures",
      "properties" : 
      [
        {
          "name" : "LABELS",
          "value" : 
          [
            "gate"
          ]
        },
        {
          "name" : "TIMEOUT",
          "value" : 120.0
        },
        {
          "name" : "WORKING_DIRECTORY",
          "value" : "/workspaces/E-HGP/build/v7_next_q2_qualification"
        }
      ]
    },
    {
      "backtrace" : 529,
      "command" : 
      [
        "/usr/bin/cmake",
        "-DEXPECTED=0",
        "-DCMD=/workspaces/E-HGP/build/v7_next_q2_qualification/mhgp7_fold_csr_gate",
        "-DARGS=--offsets",
        "-DEXPECT_LINE=",
        "-DEXPECT_PREFIX=",
        "-P",
        "/workspaces/E-HGP/morsehgp3D_v7/cmake/run_expect.cmake"
      ],
      "name" : "mhgp7_fold_csr_offsets",
      "properties" : 
      [
        {
          "name" : "LABELS",
          "value" : 
          [
            "gate"
          ]
        },
        {
          "name" : "TIMEOUT",
          "value" : 60.0
        },
        {
          "name" : "WORKING_DIRECTORY",
          "value" : "/workspaces/E-HGP/build/v7_next_q2_qualification"
        }
      ]
    },
    {
      "backtrace" : 532,
      "command" : 
      [
        "/usr/bin/cmake",
        "-DEXPECTED=0",
        "-DCMD=/workspaces/E-HGP/build/v7_next_q2_qualification/mhgp7_fold_csr_gate",
        "-DARGS=--overflow --threads=4",
        "-DEXPECT_LINE=",
        "-DEXPECT_PREFIX=",
        "-P",
        "/workspaces/E-HGP/morsehgp3D_v7/cmake/run_expect.cmake"
      ],
      "name" : "mhgp7_fold_csr_overflow",
      "properties" : 
      [
        {
          "name" : "LABELS",
          "value" : 
          [
            "gate"
          ]
        },
        {
          "name" : "TIMEOUT",
          "value" : 300.0
        },
        {
          "name" : "WORKING_DIRECTORY",
          "value" : "/workspaces/E-HGP/build/v7_next_q2_qualification"
        }
      ]
    },
    {
      "backtrace" : 535,
      "command" : 
      [
        "/usr/bin/cmake",
        "-DEXPECTED=0",
        "-DCMD=/workspaces/E-HGP/build/v7_next_q2_qualification/mhgp7_fold_csr_gate",
        "-DARGS=--copy-alias --threads=4",
        "-DEXPECT_LINE=",
        "-DEXPECT_PREFIX=",
        "-P",
        "/workspaces/E-HGP/morsehgp3D_v7/cmake/run_expect.cmake"
      ],
      "name" : "mhgp7_fold_csr_copie",
      "properties" : 
      [
        {
          "name" : "LABELS",
          "value" : 
          [
            "gate"
          ]
        },
        {
          "name" : "TIMEOUT",
          "value" : 300.0
        },
        {
          "name" : "WORKING_DIRECTORY",
          "value" : "/workspaces/E-HGP/build/v7_next_q2_qualification"
        }
      ]
    },
    {
      "backtrace" : 538,
      "command" : 
      [
        "/usr/bin/cmake",
        "-DEXPECTED=0",
        "-DCMD=/workspaces/E-HGP/build/v7_next_q2_qualification/mhgp7_fold_csr_gate",
        "-DARGS=--pipeline --threads=8 --min-orders=60 --min-deltas=400000 --min-keys=3000000",
        "-DEXPECT_LINE=",
        "-DEXPECT_PREFIX=",
        "-P",
        "/workspaces/E-HGP/morsehgp3D_v7/cmake/run_expect.cmake"
      ],
      "name" : "mhgp7_fold_csr_pipeline",
      "properties" : 
      [
        {
          "name" : "LABELS",
          "value" : 
          [
            "gate"
          ]
        },
        {
          "name" : "TIMEOUT",
          "value" : 1800.0
        },
        {
          "name" : "WORKING_DIRECTORY",
          "value" : "/workspaces/E-HGP/build/v7_next_q2_qualification"
        }
      ]
    },
    {
      "backtrace" : 541,
      "command" : 
      [
        "/usr/bin/cmake",
        "-DEXPECTED=2",
        "-DCMD=/workspaces/E-HGP/build/v7_next_q2_qualification/mhgp7_fold_csr_gate",
        "-DARGS=--fixtures --inject=",
        "-DEXPECT_LINE=",
        "-DEXPECT_PREFIX=",
        "-P",
        "/workspaces/E-HGP/morsehgp3D_v7/cmake/run_expect.cmake"
      ],
      "name" : "mhgp7_fold_csr_refus_inject_vide",
      "properties" : 
      [
        {
          "name" : "LABELS",
          "value" : 
          [
            "gate"
          ]
        },
        {
          "name" : "WORKING_DIRECTORY",
          "value" : "/workspaces/E-HGP/build/v7_next_q2_qualification"
        }
      ]
    },
    {
      "backtrace" : 544,
      "command" : 
      [
        "/usr/bin/cmake",
        "-DEXPECTED=2",
        "-DCMD=/workspaces/E-HGP/build/v7_next_q2_qualification/mhgp7_fold_csr_gate",
        "-DARGS=--fixtures --inject=csr-inconnu",
        "-DEXPECT_LINE=",
        "-DEXPECT_PREFIX=",
        "-P",
        "/workspaces/E-HGP/morsehgp3D_v7/cmake/run_expect.cmake"
      ],
      "name" : "mhgp7_fold_csr_refus_mutant_inconnu",
      "properties" : 
      [
        {
          "name" : "LABELS",
          "value" : 
          [
            "gate"
          ]
        },
        {
          "name" : "WORKING_DIRECTORY",
          "value" : "/workspaces/E-HGP/build/v7_next_q2_qualification"
        }
      ]
    },
    {
      "backtrace" : 547,
      "command" : 
      [
        "/usr/bin/cmake",
        "-DEXPECTED=2",
        "-DCMD=/workspaces/E-HGP/build/v7_next_q2_qualification/mhgp7_fold_csr_gate",
        "-DARGS=--fixtures --inject=drop-nonmerge",
        "-DEXPECT_LINE=",
        "-DEXPECT_PREFIX=",
        "-P",
        "/workspaces/E-HGP/morsehgp3D_v7/cmake/run_expect.cmake"
      ],
      "name" : "mhgp7_fold_csr_refus_mutant_hors_cible",
      "properties" : 
      [
        {
          "name" : "LABELS",
          "value" : 
          [
            "gate"
          ]
        },
        {
          "name" : "WORKING_DIRECTORY",
          "value" : "/workspaces/E-HGP/build/v7_next_q2_qualification"
        }
      ]
    },
    {
      "backtrace" : 550,
      "command" : 
      [
        "/usr/bin/cmake",
        "-DEXPECTED=2",
        "-DCMD=/workspaces/E-HGP/build/v7_next_q2_qualification/mhgp7_fold_csr_gate",
        "-DARGS=--pipeline-refus",
        "-DEXPECT_LINE=",
        "-DEXPECT_PREFIX=",
        "-P",
        "/workspaces/E-HGP/morsehgp3D_v7/cmake/run_expect.cmake"
      ],
      "name" : "mhgp7_fold_csr_refus_pipeline_sans_inject",
      "properties" : 
      [
        {
          "name" : "LABELS",
          "value" : 
          [
            "gate"
          ]
        },
        {
          "name" : "WORKING_DIRECTORY",
          "value" : "/workspaces/E-HGP/build/v7_next_q2_qualification"
        }
      ]
    },
    {
      "backtrace" : 553,
      "command" : 
      [
        "/usr/bin/cmake",
        "-DEXPECTED=4",
        "-DCMD=/workspaces/E-HGP/build/v7_next_q2_qualification/mhgp7_fold_csr_gate",
        "-DARGS=--fixtures --inject=csr-order-by-output --expect-divergence=delta[0].output",
        "-DEXPECT_LINE=",
        "-DEXPECT_PREFIX=",
        "-P",
        "/workspaces/E-HGP/morsehgp3D_v7/cmake/run_expect.cmake"
      ],
      "name" : "mhgp7_fold_csr_mutant_csr-order-by-output",
      "properties" : 
      [
        {
          "name" : "LABELS",
          "value" : 
          [
            "gate"
          ]
        },
        {
          "name" : "TIMEOUT",
          "value" : 120.0
        },
        {
          "name" : "WORKING_DIRECTORY",
          "value" : "/workspaces/E-HGP/build/v7_next_q2_qualification"
        }
      ]
    },
    {
      "backtrace" : 556,
      "command" : 
      [
        "/usr/bin/cmake",
        "-DEXPECTED=4",
        "-DCMD=/workspaces/E-HGP/build/v7_next_q2_qualification/mhgp7_fold_csr_gate",
        "-DARGS=--fixtures --inject=csr-keep-continuation --expect-divergence=delta_count",
        "-DEXPECT_LINE=",
        "-DEXPECT_PREFIX=",
        "-P",
        "/workspaces/E-HGP/morsehgp3D_v7/cmake/run_expect.cmake"
      ],
      "name" : "mhgp7_fold_csr_mutant_csr-keep-continuation",
      "properties" : 
      [
        {
          "name" : "LABELS",
          "value" : 
          [
            "gate"
          ]
        },
        {
          "name" : "TIMEOUT",
          "value" : 120.0
        },
        {
          "name" : "WORKING_DIRECTORY",
          "value" : "/workspaces/E-HGP/build/v7_next_q2_qualification"
        }
      ]
    },
    {
      "backtrace" : 559,
      "command" : 
      [
        "/usr/bin/cmake",
        "-DEXPECTED=4",
        "-DCMD=/workspaces/E-HGP/build/v7_next_q2_qualification/mhgp7_fold_csr_gate",
        "-DARGS=--fixtures --inject=csr-stale-level --expect-divergence=delta[2].level",
        "-DEXPECT_LINE=",
        "-DEXPECT_PREFIX=",
        "-P",
        "/workspaces/E-HGP/morsehgp3D_v7/cmake/run_expect.cmake"
      ],
      "name" : "mhgp7_fold_csr_mutant_csr-stale-level",
      "properties" : 
      [
        {
          "name" : "LABELS",
          "value" : 
          [
            "gate"
          ]
        },
        {
          "name" : "TIMEOUT",
          "value" : 120.0
        },
        {
          "name" : "WORKING_DIRECTORY",
          "value" : "/workspaces/E-HGP/build/v7_next_q2_qualification"
        }
      ]
    },
    {
      "backtrace" : 562,
      "command" : 
      [
        "/usr/bin/cmake",
        "-DEXPECTED=4",
        "-DCMD=/workspaces/E-HGP/build/v7_next_q2_qualification/mhgp7_fold_csr_gate",
        "-DARGS=--fixtures --inject=csr-stale-output --expect-divergence=delta[0].output",
        "-DEXPECT_LINE=",
        "-DEXPECT_PREFIX=",
        "-P",
        "/workspaces/E-HGP/morsehgp3D_v7/cmake/run_expect.cmake"
      ],
      "name" : "mhgp7_fold_csr_mutant_csr-stale-output",
      "properties" : 
      [
        {
          "name" : "LABELS",
          "value" : 
          [
            "gate"
          ]
        },
        {
          "name" : "TIMEOUT",
          "value" : 120.0
        },
        {
          "name" : "WORKING_DIRECTORY",
          "value" : "/workspaces/E-HGP/build/v7_next_q2_qualification"
        }
      ]
    },
    {
      "backtrace" : 565,
      "command" : 
      [
        "/usr/bin/cmake",
        "-DEXPECTED=4",
        "-DCMD=/workspaces/E-HGP/build/v7_next_q2_qualification/mhgp7_fold_csr_gate",
        "-DARGS=--fixtures --inject=csr-unsorted-born --expect-divergence=delta[0].born[0]",
        "-DEXPECT_LINE=",
        "-DEXPECT_PREFIX=",
        "-P",
        "/workspaces/E-HGP/morsehgp3D_v7/cmake/run_expect.cmake"
      ],
      "name" : "mhgp7_fold_csr_mutant_csr-unsorted-born",
      "properties" : 
      [
        {
          "name" : "LABELS",
          "value" : 
          [
            "gate"
          ]
        },
        {
          "name" : "TIMEOUT",
          "value" : 120.0
        },
        {
          "name" : "WORKING_DIRECTORY",
          "value" : "/workspaces/E-HGP/build/v7_next_q2_qualification"
        }
      ]
    },
    {
      "backtrace" : 568,
      "command" : 
      [
        "/usr/bin/cmake",
        "-DEXPECTED=4",
        "-DCMD=/workspaces/E-HGP/build/v7_next_q2_qualification/mhgp7_fold_csr_gate",
        "-DARGS=--fixtures --inject=csr-unsorted-parents --expect-divergence=delta[2].parents[0]",
        "-DEXPECT_LINE=",
        "-DEXPECT_PREFIX=",
        "-P",
        "/workspaces/E-HGP/morsehgp3D_v7/cmake/run_expect.cmake"
      ],
      "name" : "mhgp7_fold_csr_mutant_csr-unsorted-parents",
      "properties" : 
      [
        {
          "name" : "LABELS",
          "value" : 
          [
            "gate"
          ]
        },
        {
          "name" : "TIMEOUT",
          "value" : 120.0
        },
        {
          "name" : "WORKING_DIRECTORY",
          "value" : "/workspaces/E-HGP/build/v7_next_q2_qualification"
        }
      ]
    },
    {
      "backtrace" : 571,
      "command" : 
      [
        "/usr/bin/cmake",
        "-DEXPECTED=4",
        "-DCMD=/workspaces/E-HGP/build/v7_next_q2_qualification/mhgp7_fold_csr_gate",
        "-DARGS=--fixtures --inject=csr-drop-delta --expect-divergence=delta_count",
        "-DEXPECT_LINE=",
        "-DEXPECT_PREFIX=",
        "-P",
        "/workspaces/E-HGP/morsehgp3D_v7/cmake/run_expect.cmake"
      ],
      "name" : "mhgp7_fold_csr_mutant_csr-drop-delta",
      "properties" : 
      [
        {
          "name" : "LABELS",
          "value" : 
          [
            "gate"
          ]
        },
        {
          "name" : "TIMEOUT",
          "value" : 120.0
        },
        {
          "name" : "WORKING_DIRECTORY",
          "value" : "/workspaces/E-HGP/build/v7_next_q2_qualification"
        }
      ]
    },
    {
      "backtrace" : 574,
      "command" : 
      [
        "/usr/bin/cmake",
        "-DEXPECTED=4",
        "-DCMD=/workspaces/E-HGP/build/v7_next_q2_qualification/mhgp7_fold_csr_gate",
        "-DARGS=--fixtures --inject=csr-dup-delta --expect-divergence=delta_count",
        "-DEXPECT_LINE=",
        "-DEXPECT_PREFIX=",
        "-P",
        "/workspaces/E-HGP/morsehgp3D_v7/cmake/run_expect.cmake"
      ],
      "name" : "mhgp7_fold_csr_mutant_csr-dup-delta",
      "properties" : 
      [
        {
          "name" : "LABELS",
          "value" : 
          [
            "gate"
          ]
        },
        {
          "name" : "TIMEOUT",
          "value" : 120.0
        },
        {
          "name" : "WORKING_DIRECTORY",
          "value" : "/workspaces/E-HGP/build/v7_next_q2_qualification"
        }
      ]
    },
    {
      "backtrace" : 577,
      "command" : 
      [
        "/usr/bin/cmake",
        "-DEXPECTED=4",
        "-DCMD=/workspaces/E-HGP/build/v7_next_q2_qualification/mhgp7_fold_csr_gate",
        "-DARGS=--fixtures --inject=csr-shift-offset --expect-divergence=delta[0].born.size",
        "-DEXPECT_LINE=",
        "-DEXPECT_PREFIX=",
        "-P",
        "/workspaces/E-HGP/morsehgp3D_v7/cmake/run_expect.cmake"
      ],
      "name" : "mhgp7_fold_csr_mutant_csr-shift-offset",
      "properties" : 
      [
        {
          "name" : "LABELS",
          "value" : 
          [
            "gate"
          ]
        },
        {
          "name" : "TIMEOUT",
          "value" : 120.0
        },
        {
          "name" : "WORKING_DIRECTORY",
          "value" : "/workspaces/E-HGP/build/v7_next_q2_qualification"
        }
      ]
    },
    {
      "backtrace" : 580,
      "command" : 
      [
        "/usr/bin/cmake",
        "-DEXPECTED=4",
        "-DCMD=/workspaces/E-HGP/build/v7_next_q2_qualification/mhgp7_fold_csr_gate",
        "-DARGS=--fixtures --inject=csr-offset-hole --expect-divergence=storage_violations",
        "-DEXPECT_LINE=",
        "-DEXPECT_PREFIX=",
        "-P",
        "/workspaces/E-HGP/morsehgp3D_v7/cmake/run_expect.cmake"
      ],
      "name" : "mhgp7_fold_csr_mutant_csr-offset-hole",
      "properties" : 
      [
        {
          "name" : "LABELS",
          "value" : 
          [
            "gate"
          ]
        },
        {
          "name" : "TIMEOUT",
          "value" : 120.0
        },
        {
          "name" : "WORKING_DIRECTORY",
          "value" : "/workspaces/E-HGP/build/v7_next_q2_qualification"
        }
      ]
    },
    {
      "backtrace" : 583,
      "command" : 
      [
        "/usr/bin/cmake",
        "-DEXPECTED=4",
        "-DCMD=/workspaces/E-HGP/build/v7_next_q2_qualification/mhgp7_fold_csr_gate",
        "-DARGS=--fixtures --inject=csr-offset-overlap --expect-divergence=storage_violations",
        "-DEXPECT_LINE=",
        "-DEXPECT_PREFIX=",
        "-P",
        "/workspaces/E-HGP/morsehgp3D_v7/cmake/run_expect.cmake"
      ],
      "name" : "mhgp7_fold_csr_mutant_csr-offset-overlap",
      "properties" : 
      [
        {
          "name" : "LABELS",
          "value" : 
          [
            "gate"
          ]
        },
        {
          "name" : "TIMEOUT",
          "value" : 120.0
        },
        {
          "name" : "WORKING_DIRECTORY",
          "value" : "/workspaces/E-HGP/build/v7_next_q2_qualification"
        }
      ]
    },
    {
      "backtrace" : 586,
      "command" : 
      [
        "/usr/bin/cmake",
        "-DEXPECTED=4",
        "-DCMD=/workspaces/E-HGP/build/v7_next_q2_qualification/mhgp7_fold_csr_gate",
        "-DARGS=--fixtures --inject=csr-offset-end --expect-divergence=storage_violations",
        "-DEXPECT_LINE=",
        "-DEXPECT_PREFIX=",
        "-P",
        "/workspaces/E-HGP/morsehgp3D_v7/cmake/run_expect.cmake"
      ],
      "name" : "mhgp7_fold_csr_mutant_csr-offset-end",
      "properties" : 
      [
        {
          "name" : "LABELS",
          "value" : 
          [
            "gate"
          ]
        },
        {
          "name" : "TIMEOUT",
          "value" : 120.0
        },
        {
          "name" : "WORKING_DIRECTORY",
          "value" : "/workspaces/E-HGP/build/v7_next_q2_qualification"
        }
      ]
    },
    {
      "backtrace" : 589,
      "command" : 
      [
        "/usr/bin/cmake",
        "-DEXPECTED=4",
        "-DCMD=/workspaces/E-HGP/build/v7_next_q2_qualification/mhgp7_fold_csr_gate",
        "-DARGS=--fixtures --inject=csr-offset-domain --expect-divergence=storage_violations",
        "-DEXPECT_LINE=",
        "-DEXPECT_PREFIX=",
        "-P",
        "/workspaces/E-HGP/morsehgp3D_v7/cmake/run_expect.cmake"
      ],
      "name" : "mhgp7_fold_csr_mutant_csr-offset-domain",
      "properties" : 
      [
        {
          "name" : "LABELS",
          "value" : 
          [
            "gate"
          ]
        },
        {
          "name" : "TIMEOUT",
          "value" : 120.0
        },
        {
          "name" : "WORKING_DIRECTORY",
          "value" : "/workspaces/E-HGP/build/v7_next_q2_qualification"
        }
      ]
    },
    {
      "backtrace" : 592,
      "command" : 
      [
        "/usr/bin/cmake",
        "-DEXPECTED=4",
        "-DCMD=/workspaces/E-HGP/build/v7_next_q2_qualification/mhgp7_fold_csr_gate",
        "-DARGS=--pipeline-refus --threads=4 --inject=csr-offset-hole",
        "-DEXPECT_LINE=",
        "-DEXPECT_PREFIX=",
        "-P",
        "/workspaces/E-HGP/morsehgp3D_v7/cmake/run_expect.cmake"
      ],
      "name" : "mhgp7_fold_csr_refus_csr-offset-hole",
      "properties" : 
      [
        {
          "name" : "LABELS",
          "value" : 
          [
            "gate"
          ]
        },
        {
          "name" : "TIMEOUT",
          "value" : 300.0
        },
        {
          "name" : "WORKING_DIRECTORY",
          "value" : "/workspaces/E-HGP/build/v7_next_q2_qualification"
        }
      ]
    },
    {
      "backtrace" : 595,
      "command" : 
      [
        "/usr/bin/cmake",
        "-DEXPECTED=4",
        "-DCMD=/workspaces/E-HGP/build/v7_next_q2_qualification/mhgp7_fold_csr_gate",
        "-DARGS=--pipeline-refus --threads=4 --inject=csr-offset-overlap",
        "-DEXPECT_LINE=",
        "-DEXPECT_PREFIX=",
        "-P",
        "/workspaces/E-HGP/morsehgp3D_v7/cmake/run_expect.cmake"
      ],
      "name" : "mhgp7_fold_csr_refus_csr-offset-overlap",
      "properties" : 
      [
        {
          "name" : "LABELS",
          "value" : 
          [
            "gate"
          ]
        },
        {
          "name" : "TIMEOUT",
          "value" : 300.0
        },
        {
          "name" : "WORKING_DIRECTORY",
          "value" : "/workspaces/E-HGP/build/v7_next_q2_qualification"
        }
      ]
    },
    {
      "backtrace" : 598,
      "command" : 
      [
        "/usr/bin/cmake",
        "-DEXPECTED=4",
        "-DCMD=/workspaces/E-HGP/build/v7_next_q2_qualification/mhgp7_fold_csr_gate",
        "-DARGS=--pipeline-refus --threads=4 --inject=csr-offset-end",
        "-DEXPECT_LINE=",
        "-DEXPECT_PREFIX=",
        "-P",
        "/workspaces/E-HGP/morsehgp3D_v7/cmake/run_expect.cmake"
      ],
      "name" : "mhgp7_fold_csr_refus_csr-offset-end",
      "properties" : 
      [
        {
          "name" : "LABELS",
          "value" : 
          [
            "gate"
          ]
        },
        {
          "name" : "TIMEOUT",
          "value" : 300.0
        },
        {
          "name" : "WORKING_DIRECTORY",
          "value" : "/workspaces/E-HGP/build/v7_next_q2_qualification"
        }
      ]
    },
    {
      "backtrace" : 601,
      "command" : 
      [
        "/usr/bin/cmake",
        "-DEXPECTED=4",
        "-DCMD=/workspaces/E-HGP/build/v7_next_q2_qualification/mhgp7_fold_csr_gate",
        "-DARGS=--pipeline-refus --threads=4 --inject=csr-offset-domain",
        "-DEXPECT_LINE=",
        "-DEXPECT_PREFIX=",
        "-P",
        "/workspaces/E-HGP/morsehgp3D_v7/cmake/run_expect.cmake"
      ],
      "name" : "mhgp7_fold_csr_refus_csr-offset-domain",
      "properties" : 
      [
        {
          "name" : "LABELS",
          "value" : 
          [
            "gate"
          ]
        },
        {
          "name" : "TIMEOUT",
          "value" : 300.0
        },
        {
          "name" : "WORKING_DIRECTORY",
          "value" : "/workspaces/E-HGP/build/v7_next_q2_qualification"
        }
      ]
    },
    {
      "backtrace" : 604,
      "command" : 
      [
        "/usr/bin/cmake",
        "-DEXPECTED=4",
        "-DCMD=/workspaces/E-HGP/build/v7_next_q2_qualification/mhgp7_fold_csr_gate",
        "-DARGS=--overflow --threads=4 --inject=csr-guard-skip --expect-divergence=storage_message",
        "-DEXPECT_LINE=",
        "-DEXPECT_PREFIX=",
        "-P",
        "/workspaces/E-HGP/morsehgp3D_v7/cmake/run_expect.cmake"
      ],
      "name" : "mhgp7_fold_csr_mutant_csr-guard-skip",
      "properties" : 
      [
        {
          "name" : "LABELS",
          "value" : 
          [
            "gate"
          ]
        },
        {
          "name" : "TIMEOUT",
          "value" : 300.0
        },
        {
          "name" : "WORKING_DIRECTORY",
          "value" : "/workspaces/E-HGP/build/v7_next_q2_qualification"
        }
      ]
    },
    {
      "backtrace" : 607,
      "command" : 
      [
        "/usr/bin/cmake",
        "-DEXPECTED=4",
        "-DCMD=/workspaces/E-HGP/build/v7_next_q2_qualification/mhgp7_fold_csr_gate",
        "-DARGS=--overflow --threads=4 --inject=csr-inject-bad-alloc --expect-divergence=storage_message",
        "-DEXPECT_LINE=",
        "-DEXPECT_PREFIX=",
        "-P",
        "/workspaces/E-HGP/morsehgp3D_v7/cmake/run_expect.cmake"
      ],
      "name" : "mhgp7_fold_csr_mutant_csr-inject-bad-alloc",
      "properties" : 
      [
        {
          "name" : "LABELS",
          "value" : 
          [
            "gate"
          ]
        },
        {
          "name" : "TIMEOUT",
          "value" : 300.0
        },
        {
          "name" : "WORKING_DIRECTORY",
          "value" : "/workspaces/E-HGP/build/v7_next_q2_qualification"
        }
      ]
    },
    {
      "backtrace" : 610,
      "command" : 
      [
        "/usr/bin/cmake",
        "-DEXPECTED=0",
        "-DCMD=/workspaces/E-HGP/build/v7_next_q2_qualification/mhgp7_conformity",
        "-DARGS=--family=uniform --n=400 --threads=4 --layout=csr --expected=/workspaces/E-HGP/morsehgp3D_v7/receipts/conformite_v5/uniform_400.txt",
        "-DEXPECT_LINE=",
        "-DEXPECT_PREFIX=",
        "-P",
        "/workspaces/E-HGP/morsehgp3D_v7/cmake/run_expect.cmake"
      ],
      "name" : "mhgp7_conformity_csr_uniform_400",
      "properties" : 
      [
        {
          "name" : "LABELS",
          "value" : 
          [
            "gate"
          ]
        },
        {
          "name" : "TIMEOUT",
          "value" : 600.0
        },
        {
          "name" : "WORKING_DIRECTORY",
          "value" : "/workspaces/E-HGP/build/v7_next_q2_qualification"
        }
      ]
    },
    {
      "backtrace" : 613,
      "command" : 
      [
        "/usr/bin/cmake",
        "-DEXPECTED=0",
        "-DCMD=/workspaces/E-HGP/build/v7_next_q2_qualification/mhgp7_conformity",
        "-DARGS=--family=terrain --n=400 --threads=4 --layout=csr --expected=/workspaces/E-HGP/morsehgp3D_v7/receipts/conformite_v5/terrain_400.txt",
        "-DEXPECT_LINE=",
        "-DEXPECT_PREFIX=",
        "-P",
        "/workspaces/E-HGP/morsehgp3D_v7/cmake/run_expect.cmake"
      ],
      "name" : "mhgp7_conformity_csr_terrain_400",
      "properties" : 
      [
        {
          "name" : "LABELS",
          "value" : 
          [
            "gate"
          ]
        },
        {
          "name" : "TIMEOUT",
          "value" : 600.0
        },
        {
          "name" : "WORKING_DIRECTORY",
          "value" : "/workspaces/E-HGP/build/v7_next_q2_qualification"
        }
      ]
    },
    {
      "backtrace" : 616,
      "command" : 
      [
        "/usr/bin/cmake",
        "-DEXPECTED=0",
        "-DCMD=/workspaces/E-HGP/build/v7_next_q2_qualification/mhgp7_conformity",
        "-DARGS=--family=eight_clusters --n=400 --threads=4 --layout=csr --expected=/workspaces/E-HGP/morsehgp3D_v7/receipts/conformite_v5/eight_clusters_400.txt",
        "-DEXPECT_LINE=",
        "-DEXPECT_PREFIX=",
        "-P",
        "/workspaces/E-HGP/morsehgp3D_v7/cmake/run_expect.cmake"
      ],
      "name" : "mhgp7_conformity_csr_eight_clusters_400",
      "properties" : 
      [
        {
          "name" : "LABELS",
          "value" : 
          [
            "gate"
          ]
        },
        {
          "name" : "TIMEOUT",
          "value" : 600.0
        },
        {
          "name" : "WORKING_DIRECTORY",
          "value" : "/workspaces/E-HGP/build/v7_next_q2_qualification"
        }
      ]
    },
    {
      "backtrace" : 619,
      "command" : 
      [
        "/usr/bin/cmake",
        "-DEXPECTED=0",
        "-DCMD=/workspaces/E-HGP/build/v7_next_q2_qualification/mhgp7_conformity",
        "-DARGS=--family=scanline_single_pass --n=400 --threads=4 --layout=csr --expected=/workspaces/E-HGP/morsehgp3D_v7/receipts/conformite_v5/scanline_single_pass_400.txt",
        "-DEXPECT_LINE=",
        "-DEXPECT_PREFIX=",
        "-P",
        "/workspaces/E-HGP/morsehgp3D_v7/cmake/run_expect.cmake"
      ],
      "name" : "mhgp7_conformity_csr_scanline_single_pass_400",
      "properties" : 
      [
        {
          "name" : "LABELS",
          "value" : 
          [
            "gate"
          ]
        },
        {
          "name" : "TIMEOUT",
          "value" : 600.0
        },
        {
          "name" : "WORKING_DIRECTORY",
          "value" : "/workspaces/E-HGP/build/v7_next_q2_qualification"
        }
      ]
    },
    {
      "backtrace" : 622,
      "command" : 
      [
        "/usr/bin/cmake",
        "-DEXPECTED=0",
        "-DCMD=/workspaces/E-HGP/build/v7_next_q2_qualification/mhgp7_conformity",
        "-DARGS=--family=collinear_seven --n=600 --threads=4 --layout=csr --expected=/workspaces/E-HGP/morsehgp3D_v7/receipts/conformite_v5/collinear_seven_600.txt",
        "-DEXPECT_LINE=",
        "-DEXPECT_PREFIX=",
        "-P",
        "/workspaces/E-HGP/morsehgp3D_v7/cmake/run_expect.cmake"
      ],
      "name" : "mhgp7_conformity_csr_collinear_seven_600",
      "properties" : 
      [
        {
          "name" : "LABELS",
          "value" : 
          [
            "gate"
          ]
        },
        {
          "name" : "TIMEOUT",
          "value" : 600.0
        },
        {
          "name" : "WORKING_DIRECTORY",
          "value" : "/workspaces/E-HGP/build/v7_next_q2_qualification"
        }
      ]
    },
    {
      "backtrace" : 625,
      "command" : 
      [
        "/usr/bin/cmake",
        "-DEXPECTED=0",
        "-DCMD=/workspaces/E-HGP/build/v7_next_q2_qualification/mhgp7_conformity",
        "-DARGS=--family=two_lines --n=200 --threads=4 --layout=csr --expected=/workspaces/E-HGP/morsehgp3D_v7/receipts/conformite_v5/two_lines_200.txt",
        "-DEXPECT_LINE=",
        "-DEXPECT_PREFIX=",
        "-P",
        "/workspaces/E-HGP/morsehgp3D_v7/cmake/run_expect.cmake"
      ],
      "name" : "mhgp7_conformity_csr_two_lines_200",
      "properties" : 
      [
        {
          "name" : "LABELS",
          "value" : 
          [
            "gate"
          ]
        },
        {
          "name" : "TIMEOUT",
          "value" : 600.0
        },
        {
          "name" : "WORKING_DIRECTORY",
          "value" : "/workspaces/E-HGP/build/v7_next_q2_qualification"
        }
      ]
    },
    {
      "backtrace" : 628,
      "command" : 
      [
        "/usr/bin/cmake",
        "-DEXPECTED=0",
        "-DCMD=/workspaces/E-HGP/build/v7_next_q2_qualification/mhgp7_conformity",
        "-DARGS=--family=uniform --n=2000 --threads=4 --layout=csr --expected=/workspaces/E-HGP/morsehgp3D_v7/receipts/conformite_v5/uniform_2000.txt",
        "-DEXPECT_LINE=",
        "-DEXPECT_PREFIX=",
        "-P",
        "/workspaces/E-HGP/morsehgp3D_v7/cmake/run_expect.cmake"
      ],
      "name" : "mhgp7_conformity_csr_uniform_2000",
      "properties" : 
      [
        {
          "name" : "LABELS",
          "value" : 
          [
            "gate"
          ]
        },
        {
          "name" : "TIMEOUT",
          "value" : 600.0
        },
        {
          "name" : "WORKING_DIRECTORY",
          "value" : "/workspaces/E-HGP/build/v7_next_q2_qualification"
        }
      ]
    },
    {
      "backtrace" : 631,
      "command" : 
      [
        "/usr/bin/cmake",
        "-DEXPECTED=0",
        "-DCMD=/workspaces/E-HGP/build/v7_next_q2_qualification/mhgp7_conformity",
        "-DARGS=--family=terrain --n=2000 --threads=4 --layout=csr --expected=/workspaces/E-HGP/morsehgp3D_v7/receipts/conformite_v5/terrain_2000.txt",
        "-DEXPECT_LINE=",
        "-DEXPECT_PREFIX=",
        "-P",
        "/workspaces/E-HGP/morsehgp3D_v7/cmake/run_expect.cmake"
      ],
      "name" : "mhgp7_conformity_csr_terrain_2000",
      "properties" : 
      [
        {
          "name" : "LABELS",
          "value" : 
          [
            "gate"
          ]
        },
        {
          "name" : "TIMEOUT",
          "value" : 600.0
        },
        {
          "name" : "WORKING_DIRECTORY",
          "value" : "/workspaces/E-HGP/build/v7_next_q2_qualification"
        }
      ]
    },
    {
      "backtrace" : 634,
      "command" : 
      [
        "/usr/bin/cmake",
        "-DEXPECTED=2",
        "-DCMD=/workspaces/E-HGP/build/v7_next_q2_qualification/mhgp7_conformity",
        "-DARGS=--family=uniform --n=400 --layout=fid --expected=/workspaces/E-HGP/morsehgp3D_v7/receipts/conformite_v5/uniform_400.txt",
        "-DEXPECT_LINE=",
        "-DEXPECT_PREFIX=",
        "-P",
        "/workspaces/E-HGP/morsehgp3D_v7/cmake/run_expect.cmake"
      ],
      "name" : "mhgp7_conformity_refus_layout_inconnu",
      "properties" : 
      [
        {
          "name" : "LABELS",
          "value" : 
          [
            "gate"
          ]
        },
        {
          "name" : "WORKING_DIRECTORY",
          "value" : "/workspaces/E-HGP/build/v7_next_q2_qualification"
        }
      ]
    },
    {
      "backtrace" : 637,
      "command" : 
      [
        "/usr/bin/cmake",
        "-DEXPECTED=4",
        "-DCMD=/workspaces/E-HGP/build/v7_next_q2_qualification/mhgp7_conformity",
        "-DARGS=--family=eight_clusters --n=400 --threads=4 --layout=csr --inject=csr-order-by-output --expected=/workspaces/E-HGP/morsehgp3D_v7/receipts/conformite_v5/eight_clusters_400.txt",
        "-DEXPECT_LINE=",
        "-DEXPECT_PREFIX=",
        "-P",
        "/workspaces/E-HGP/morsehgp3D_v7/cmake/run_expect.cmake"
      ],
      "name" : "mhgp7_mutant_csr_csr-order-by-output",
      "properties" : 
      [
        {
          "name" : "LABELS",
          "value" : 
          [
            "gate"
          ]
        },
        {
          "name" : "WORKING_DIRECTORY",
          "value" : "/workspaces/E-HGP/build/v7_next_q2_qualification"
        }
      ]
    },
    {
      "backtrace" : 640,
      "command" : 
      [
        "/usr/bin/cmake",
        "-DEXPECTED=4",
        "-DCMD=/workspaces/E-HGP/build/v7_next_q2_qualification/mhgp7_conformity",
        "-DARGS=--family=eight_clusters --n=400 --threads=4 --layout=csr --inject=csr-keep-continuation --expected=/workspaces/E-HGP/morsehgp3D_v7/receipts/conformite_v5/eight_clusters_400.txt",
        "-DEXPECT_LINE=",
        "-DEXPECT_PREFIX=",
        "-P",
        "/workspaces/E-HGP/morsehgp3D_v7/cmake/run_expect.cmake"
      ],
      "name" : "mhgp7_mutant_csr_csr-keep-continuation",
      "properties" : 
      [
        {
          "name" : "LABELS",
          "value" : 
          [
            "gate"
          ]
        },
        {
          "name" : "WORKING_DIRECTORY",
          "value" : "/workspaces/E-HGP/build/v7_next_q2_qualification"
        }
      ]
    },
    {
      "backtrace" : 643,
      "command" : 
      [
        "/usr/bin/cmake",
        "-DEXPECTED=4",
        "-DCMD=/workspaces/E-HGP/build/v7_next_q2_qualification/mhgp7_conformity",
        "-DARGS=--family=eight_clusters --n=400 --threads=4 --layout=csr --inject=csr-stale-level --expected=/workspaces/E-HGP/morsehgp3D_v7/receipts/conformite_v5/eight_clusters_400.txt",
        "-DEXPECT_LINE=",
        "-DEXPECT_PREFIX=",
        "-P",
        "/workspaces/E-HGP/morsehgp3D_v7/cmake/run_expect.cmake"
      ],
      "name" : "mhgp7_mutant_csr_csr-stale-level",
      "properties" : 
      [
        {
          "name" : "LABELS",
          "value" : 
          [
            "gate"
          ]
        },
        {
          "name" : "WORKING_DIRECTORY",
          "value" : "/workspaces/E-HGP/build/v7_next_q2_qualification"
        }
      ]
    },
    {
      "backtrace" : 646,
      "command" : 
      [
        "/usr/bin/cmake",
        "-DEXPECTED=4",
        "-DCMD=/workspaces/E-HGP/build/v7_next_q2_qualification/mhgp7_conformity",
        "-DARGS=--family=eight_clusters --n=400 --threads=4 --layout=csr --inject=csr-stale-output --expected=/workspaces/E-HGP/morsehgp3D_v7/receipts/conformite_v5/eight_clusters_400.txt",
        "-DEXPECT_LINE=",
        "-DEXPECT_PREFIX=",
        "-P",
        "/workspaces/E-HGP/morsehgp3D_v7/cmake/run_expect.cmake"
      ],
      "name" : "mhgp7_mutant_csr_csr-stale-output",
      "properties" : 
      [
        {
          "name" : "LABELS",
          "value" : 
          [
            "gate"
          ]
        },
        {
          "name" : "WORKING_DIRECTORY",
          "value" : "/workspaces/E-HGP/build/v7_next_q2_qualification"
        }
      ]
    },
    {
      "backtrace" : 649,
      "command" : 
      [
        "/usr/bin/cmake",
        "-DEXPECTED=4",
        "-DCMD=/workspaces/E-HGP/build/v7_next_q2_qualification/mhgp7_conformity",
        "-DARGS=--family=eight_clusters --n=400 --threads=4 --layout=csr --inject=csr-unsorted-born --expected=/workspaces/E-HGP/morsehgp3D_v7/receipts/conformite_v5/eight_clusters_400.txt",
        "-DEXPECT_LINE=",
        "-DEXPECT_PREFIX=",
        "-P",
        "/workspaces/E-HGP/morsehgp3D_v7/cmake/run_expect.cmake"
      ],
      "name" : "mhgp7_mutant_csr_csr-unsorted-born",
      "properties" : 
      [
        {
          "name" : "LABELS",
          "value" : 
          [
            "gate"
          ]
        },
        {
          "name" : "WORKING_DIRECTORY",
          "value" : "/workspaces/E-HGP/build/v7_next_q2_qualification"
        }
      ]
    },
    {
      "backtrace" : 652,
      "command" : 
      [
        "/usr/bin/cmake",
        "-DEXPECTED=4",
        "-DCMD=/workspaces/E-HGP/build/v7_next_q2_qualification/mhgp7_conformity",
        "-DARGS=--family=eight_clusters --n=400 --threads=4 --layout=csr --inject=csr-unsorted-parents --expected=/workspaces/E-HGP/morsehgp3D_v7/receipts/conformite_v5/eight_clusters_400.txt",
        "-DEXPECT_LINE=",
        "-DEXPECT_PREFIX=",
        "-P",
        "/workspaces/E-HGP/morsehgp3D_v7/cmake/run_expect.cmake"
      ],
      "name" : "mhgp7_mutant_csr_csr-unsorted-parents",
      "properties" : 
      [
        {
          "name" : "LABELS",
          "value" : 
          [
            "gate"
          ]
        },
        {
          "name" : "WORKING_DIRECTORY",
          "value" : "/workspaces/E-HGP/build/v7_next_q2_qualification"
        }
      ]
    },
    {
      "backtrace" : 655,
      "command" : 
      [
        "/usr/bin/cmake",
        "-DEXPECTED=4",
        "-DCMD=/workspaces/E-HGP/build/v7_next_q2_qualification/mhgp7_conformity",
        "-DARGS=--family=eight_clusters --n=400 --threads=4 --layout=csr --inject=csr-drop-delta --expected=/workspaces/E-HGP/morsehgp3D_v7/receipts/conformite_v5/eight_clusters_400.txt",
        "-DEXPECT_LINE=",
        "-DEXPECT_PREFIX=",
        "-P",
        "/workspaces/E-HGP/morsehgp3D_v7/cmake/run_expect.cmake"
      ],
      "name" : "mhgp7_mutant_csr_csr-drop-delta",
      "properties" : 
      [
        {
          "name" : "LABELS",
          "value" : 
          [
            "gate"
          ]
        },
        {
          "name" : "WORKING_DIRECTORY",
          "value" : "/workspaces/E-HGP/build/v7_next_q2_qualification"
        }
      ]
    },
    {
      "backtrace" : 658,
      "command" : 
      [
        "/usr/bin/cmake",
        "-DEXPECTED=4",
        "-DCMD=/workspaces/E-HGP/build/v7_next_q2_qualification/mhgp7_conformity",
        "-DARGS=--family=eight_clusters --n=400 --threads=4 --layout=csr --inject=csr-dup-delta --expected=/workspaces/E-HGP/morsehgp3D_v7/receipts/conformite_v5/eight_clusters_400.txt",
        "-DEXPECT_LINE=",
        "-DEXPECT_PREFIX=",
        "-P",
        "/workspaces/E-HGP/morsehgp3D_v7/cmake/run_expect.cmake"
      ],
      "name" : "mhgp7_mutant_csr_csr-dup-delta",
      "properties" : 
      [
        {
          "name" : "LABELS",
          "value" : 
          [
            "gate"
          ]
        },
        {
          "name" : "WORKING_DIRECTORY",
          "value" : "/workspaces/E-HGP/build/v7_next_q2_qualification"
        }
      ]
    },
    {
      "backtrace" : 661,
      "command" : 
      [
        "/usr/bin/cmake",
        "-DEXPECTED=4",
        "-DCMD=/workspaces/E-HGP/build/v7_next_q2_qualification/mhgp7_conformity",
        "-DARGS=--family=eight_clusters --n=400 --threads=4 --layout=csr --inject=csr-shift-offset --expected=/workspaces/E-HGP/morsehgp3D_v7/receipts/conformite_v5/eight_clusters_400.txt",
        "-DEXPECT_LINE=",
        "-DEXPECT_PREFIX=",
        "-P",
        "/workspaces/E-HGP/morsehgp3D_v7/cmake/run_expect.cmake"
      ],
      "name" : "mhgp7_mutant_csr_csr-shift-offset",
      "properties" : 
      [
        {
          "name" : "LABELS",
          "value" : 
          [
            "gate"
          ]
        },
        {
          "name" : "WORKING_DIRECTORY",
          "value" : "/workspaces/E-HGP/build/v7_next_q2_qualification"
        }
      ]
    },
    {
      "backtrace" : 664,
      "command" : 
      [
        "/usr/bin/cmake",
        "-DEXPECTED=4",
        "-DCMD=/workspaces/E-HGP/build/v7_next_q2_qualification/mhgp7_conformity",
        "-DARGS=--family=eight_clusters --n=400 --threads=4 --layout=csr --inject=ablation-mat-sans-copie --expected=/workspaces/E-HGP/morsehgp3D_v7/receipts/conformite_v5/eight_clusters_400.txt",
        "-DEXPECT_LINE=",
        "-DEXPECT_PREFIX=",
        "-P",
        "/workspaces/E-HGP/morsehgp3D_v7/cmake/run_expect.cmake"
      ],
      "name" : "mhgp7_mutant_csr_ablation-mat-sans-copie",
      "properties" : 
      [
        {
          "name" : "LABELS",
          "value" : 
          [
            "gate"
          ]
        },
        {
          "name" : "WORKING_DIRECTORY",
          "value" : "/workspaces/E-HGP/build/v7_next_q2_qualification"
        }
      ]
    },
    {
      "backtrace" : 667,
      "command" : 
      [
        "/usr/bin/cmake",
        "-DEXPECTED=4",
        "-DCMD=/workspaces/E-HGP/build/v7_next_q2_qualification/mhgp7_conformity",
        "-DARGS=--family=eight_clusters --n=400 --threads=4 --layout=csr --inject=ablation-mat-sans-tris --expected=/workspaces/E-HGP/morsehgp3D_v7/receipts/conformite_v5/eight_clusters_400.txt",
        "-DEXPECT_LINE=",
        "-DEXPECT_PREFIX=",
        "-P",
        "/workspaces/E-HGP/morsehgp3D_v7/cmake/run_expect.cmake"
      ],
      "name" : "mhgp7_mutant_csr_ablation-mat-sans-tris",
      "properties" : 
      [
        {
          "name" : "LABELS",
          "value" : 
          [
            "gate"
          ]
        },
        {
          "name" : "WORKING_DIRECTORY",
          "value" : "/workspaces/E-HGP/build/v7_next_q2_qualification"
        }
      ]
    },
    {
      "backtrace" : 670,
      "command" : 
      [
        "/usr/bin/cmake",
        "-DEXPECTED=4",
        "-DCMD=/workspaces/E-HGP/build/v7_next_q2_qualification/mhgp7_conformity",
        "-DARGS=--family=eight_clusters --n=400 --threads=4 --layout=csr --inject=ablation-post-cle-factice --expected=/workspaces/E-HGP/morsehgp3D_v7/receipts/conformite_v5/eight_clusters_400.txt",
        "-DEXPECT_LINE=",
        "-DEXPECT_PREFIX=",
        "-P",
        "/workspaces/E-HGP/morsehgp3D_v7/cmake/run_expect.cmake"
      ],
      "name" : "mhgp7_mutant_csr_ablation-post-cle-factice",
      "properties" : 
      [
        {
          "name" : "LABELS",
          "value" : 
          [
            "gate"
          ]
        },
        {
          "name" : "WORKING_DIRECTORY",
          "value" : "/workspaces/E-HGP/build/v7_next_q2_qualification"
        }
      ]
    },
    {
      "backtrace" : 673,
      "command" : 
      [
        "/usr/bin/cmake",
        "-DEXPECTED=4",
        "-DCMD=/workspaces/E-HGP/build/v7_next_q2_qualification/mhgp7_conformity",
        "-DARGS=--family=eight_clusters --n=400 --threads=4 --layout=csr --inject=binary-ties --expected=/workspaces/E-HGP/morsehgp3D_v7/receipts/conformite_v5/eight_clusters_400.txt",
        "-DEXPECT_LINE=",
        "-DEXPECT_PREFIX=",
        "-P",
        "/workspaces/E-HGP/morsehgp3D_v7/cmake/run_expect.cmake"
      ],
      "name" : "mhgp7_mutant_csr_binary-ties",
      "properties" : 
      [
        {
          "name" : "LABELS",
          "value" : 
          [
            "gate"
          ]
        },
        {
          "name" : "WORKING_DIRECTORY",
          "value" : "/workspaces/E-HGP/build/v7_next_q2_qualification"
        }
      ]
    },
    {
      "backtrace" : 676,
      "command" : 
      [
        "/usr/bin/cmake",
        "-DEXPECTED=4",
        "-DCMD=/workspaces/E-HGP/build/v7_next_q2_qualification/mhgp7_conformity",
        "-DARGS=--family=eight_clusters --n=400 --threads=4 --layout=csr --inject=repr-ties --expected=/workspaces/E-HGP/morsehgp3D_v7/receipts/conformite_v5/eight_clusters_400.txt",
        "-DEXPECT_LINE=",
        "-DEXPECT_PREFIX=",
        "-P",
        "/workspaces/E-HGP/morsehgp3D_v7/cmake/run_expect.cmake"
      ],
      "name" : "mhgp7_mutant_csr_repr-ties",
      "properties" : 
      [
        {
          "name" : "LABELS",
          "value" : 
          [
            "gate"
          ]
        },
        {
          "name" : "WORKING_DIRECTORY",
          "value" : "/workspaces/E-HGP/build/v7_next_q2_qualification"
        }
      ]
    },
    {
      "backtrace" : 679,
      "command" : 
      [
        "/usr/bin/cmake",
        "-DEXPECTED=4",
        "-DCMD=/workspaces/E-HGP/build/v7_next_q2_qualification/mhgp7_conformity",
        "-DARGS=--family=eight_clusters --n=400 --threads=4 --layout=csr --inject=attach-prebatch --expected=/workspaces/E-HGP/morsehgp3D_v7/receipts/conformite_v5/eight_clusters_400.txt",
        "-DEXPECT_LINE=",
        "-DEXPECT_PREFIX=",
        "-P",
        "/workspaces/E-HGP/morsehgp3D_v7/cmake/run_expect.cmake"
      ],
      "name" : "mhgp7_mutant_csr_attach-prebatch",
      "properties" : 
      [
        {
          "name" : "LABELS",
          "value" : 
          [
            "gate"
          ]
        },
        {
          "name" : "WORKING_DIRECTORY",
          "value" : "/workspaces/E-HGP/build/v7_next_q2_qualification"
        }
      ]
    },
    {
      "backtrace" : 682,
      "command" : 
      [
        "/usr/bin/cmake",
        "-DEXPECTED=4",
        "-DCMD=/workspaces/E-HGP/build/v7_next_q2_qualification/mhgp7_conformity",
        "-DARGS=--family=eight_clusters --n=400 --threads=4 --layout=csr --inject=drop-nonmerge --expected=/workspaces/E-HGP/morsehgp3D_v7/receipts/conformite_v5/eight_clusters_400.txt",
        "-DEXPECT_LINE=",
        "-DEXPECT_PREFIX=",
        "-P",
        "/workspaces/E-HGP/morsehgp3D_v7/cmake/run_expect.cmake"
      ],
      "name" : "mhgp7_mutant_csr_drop-nonmerge",
      "properties" : 
      [
        {
          "name" : "LABELS",
          "value" : 
          [
            "gate"
          ]
        },
        {
          "name" : "WORKING_DIRECTORY",
          "value" : "/workspaces/E-HGP/build/v7_next_q2_qualification"
        }
      ]
    },
    {
      "backtrace" : 685,
      "command" : 
      [
        "/usr/bin/cmake",
        "-DEXPECTED=4",
        "-DCMD=/workspaces/E-HGP/build/v7_next_q2_qualification/mhgp7_conformity",
        "-DARGS=--family=eight_clusters --n=400 --threads=4 --layout=csr --inject=canonical-is-uf-root --expected=/workspaces/E-HGP/morsehgp3D_v7/receipts/conformite_v5/eight_clusters_400.txt",
        "-DEXPECT_LINE=",
        "-DEXPECT_PREFIX=",
        "-P",
        "/workspaces/E-HGP/morsehgp3D_v7/cmake/run_expect.cmake"
      ],
      "name" : "mhgp7_mutant_csr_canonical-is-uf-root",
      "properties" : 
      [
        {
          "name" : "LABELS",
          "value" : 
          [
            "gate"
          ]
        },
        {
          "name" : "WORKING_DIRECTORY",
          "value" : "/workspaces/E-HGP/build/v7_next_q2_qualification"
        }
      ]
    },
    {
      "backtrace" : 688,
      "command" : 
      [
        "/usr/bin/cmake",
        "-DEXPECTED=0",
        "-DCMD=/workspaces/E-HGP/build/v7_next_q2_qualification/mhgp7",
        "-DARGS=--family=uniform --n=200 --s=8",
        "-DEXPECT_LINE=forest_layout=classic forest_storage_kind=vector_component_delta_v1 csr_fallback=0 ordres_publies=10 ordres_storage_conformes=10",
        "-DEXPECT_PREFIX=",
        "-P",
        "/workspaces/E-HGP/morsehgp3D_v7/cmake/run_expect.cmake"
      ],
      "name" : "mhgp7_cli_layout_classic_signature",
      "properties" : 
      [
        {
          "name" : "LABELS",
          "value" : 
          [
            "gate"
          ]
        },
        {
          "name" : "TIMEOUT",
          "value" : 120.0
        },
        {
          "name" : "WORKING_DIRECTORY",
          "value" : "/workspaces/E-HGP/build/v7_next_q2_qualification"
        }
      ]
    },
    {
      "backtrace" : 691,
      "command" : 
      [
        "/usr/bin/cmake",
        "-DEXPECTED=0",
        "-DCMD=/workspaces/E-HGP/build/v7_next_q2_qualification/mhgp7",
        "-DARGS=--family=uniform --n=200 --s=8 --layout=csr",
        "-DEXPECT_LINE=forest_layout=csr forest_storage_kind=csr_facet_keys_v1 csr_fallback=0 ordres_publies=10 ordres_storage_conformes=10",
        "-DEXPECT_PREFIX=",
        "-P",
        "/workspaces/E-HGP/morsehgp3D_v7/cmake/run_expect.cmake"
      ],
      "name" : "mhgp7_cli_layout_csr_signature",
      "properties" : 
      [
        {
          "name" : "LABELS",
          "value" : 
          [
            "gate"
          ]
        },
        {
          "name" : "TIMEOUT",
          "value" : 120.0
        },
        {
          "name" : "WORKING_DIRECTORY",
          "value" : "/workspaces/E-HGP/build/v7_next_q2_qualification"
        }
      ]
    },
    {
      "backtrace" : 694,
      "command" : 
      [
        "/usr/bin/cmake",
        "-DEXPECTED=2",
        "-DCMD=/workspaces/E-HGP/build/v7_next_q2_qualification/mhgp7",
        "-DARGS=--family=uniform --n=200 --layout=fid",
        "-DEXPECT_LINE=",
        "-DEXPECT_PREFIX=",
        "-P",
        "/workspaces/E-HGP/morsehgp3D_v7/cmake/run_expect.cmake"
      ],
      "name" : "mhgp7_cli_refus_layout_inconnu",
      "properties" : 
      [
        {
          "name" : "LABELS",
          "value" : 
          [
            "gate"
          ]
        },
        {
          "name" : "WORKING_DIRECTORY",
          "value" : "/workspaces/E-HGP/build/v7_next_q2_qualification"
        }
      ]
    },
    {
      "backtrace" : 697,
      "command" : 
      [
        "/usr/bin/cmake",
        "-DEXPECTED=2",
        "-DCMD=/workspaces/E-HGP/build/v7_next_q2_qualification/mhgp7",
        "-DARGS=--family=uniform --n=200 --layout=",
        "-DEXPECT_LINE=",
        "-DEXPECT_PREFIX=",
        "-P",
        "/workspaces/E-HGP/morsehgp3D_v7/cmake/run_expect.cmake"
      ],
      "name" : "mhgp7_cli_refus_layout_vide",
      "properties" : 
      [
        {
          "name" : "LABELS",
          "value" : 
          [
            "gate"
          ]
        },
        {
          "name" : "WORKING_DIRECTORY",
          "value" : "/workspaces/E-HGP/build/v7_next_q2_qualification"
        }
      ]
    },
    {
      "backtrace" : 700,
      "command" : 
      [
        "/usr/bin/cmake",
        "-DEXPECTED=0",
        "-DCMD=/workspaces/E-HGP/build/v7_next_q2_qualification/mhgp7_perm_residence_gate",
        "-DARGS=",
        "-DEXPECT_LINE=",
        "-DEXPECT_PREFIX=",
        "-P",
        "/workspaces/E-HGP/morsehgp3D_v7/cmake/run_expect.cmake"
      ],
      "name" : "mhgp7_perm_residence",
      "properties" : 
      [
        {
          "name" : "LABELS",
          "value" : 
          [
            "gate"
          ]
        },
        {
          "name" : "TIMEOUT",
          "value" : 120.0
        },
        {
          "name" : "WORKING_DIRECTORY",
          "value" : "/workspaces/E-HGP/build/v7_next_q2_qualification"
        }
      ]
    },
    {
      "backtrace" : 703,
      "command" : 
      [
        "/usr/bin/cmake",
        "-DEXPECTED=4",
        "-DCMD=/workspaces/E-HGP/build/v7_next_q2_qualification/mhgp7_perm_residence_gate",
        "-DARGS=--inject=perm-apply-scatter",
        "-DEXPECT_LINE=",
        "-DEXPECT_PREFIX=",
        "-P",
        "/workspaces/E-HGP/morsehgp3D_v7/cmake/run_expect.cmake"
      ],
      "name" : "mhgp7_perm_residence_perm-apply-scatter",
      "properties" : 
      [
        {
          "name" : "LABELS",
          "value" : 
          [
            "gate"
          ]
        },
        {
          "name" : "TIMEOUT",
          "value" : 120.0
        },
        {
          "name" : "WORKING_DIRECTORY",
          "value" : "/workspaces/E-HGP/build/v7_next_q2_qualification"
        }
      ]
    },
    {
      "backtrace" : 706,
      "command" : 
      [
        "/usr/bin/cmake",
        "-DEXPECTED=4",
        "-DCMD=/workspaces/E-HGP/build/v7_next_q2_qualification/mhgp7_perm_residence_gate",
        "-DARGS=--inject=perm-apply-partial",
        "-DEXPECT_LINE=",
        "-DEXPECT_PREFIX=",
        "-P",
        "/workspaces/E-HGP/morsehgp3D_v7/cmake/run_expect.cmake"
      ],
      "name" : "mhgp7_perm_residence_perm-apply-partial",
      "properties" : 
      [
        {
          "name" : "LABELS",
          "value" : 
          [
            "gate"
          ]
        },
        {
          "name" : "TIMEOUT",
          "value" : 120.0
        },
        {
          "name" : "WORKING_DIRECTORY",
          "value" : "/workspaces/E-HGP/build/v7_next_q2_qualification"
        }
      ]
    },
    {
      "backtrace" : 709,
      "command" : 
      [
        "/usr/bin/cmake",
        "-DEXPECTED=4",
        "-DCMD=/workspaces/E-HGP/build/v7_next_q2_qualification/mhgp7_perm_residence_gate",
        "-DARGS=--inject=perm-tie-desc",
        "-DEXPECT_LINE=",
        "-DEXPECT_PREFIX=",
        "-P",
        "/workspaces/E-HGP/morsehgp3D_v7/cmake/run_expect.cmake"
      ],
      "name" : "mhgp7_perm_residence_perm-tie-desc",
      "properties" : 
      [
        {
          "name" : "LABELS",
          "value" : 
          [
            "gate"
          ]
        },
        {
          "name" : "TIMEOUT",
          "value" : 120.0
        },
        {
          "name" : "WORKING_DIRECTORY",
          "value" : "/workspaces/E-HGP/build/v7_next_q2_qualification"
        }
      ]
    },
    {
      "backtrace" : 712,
      "command" : 
      [
        "/usr/bin/cmake",
        "-DEXPECTED=0",
        "-DCMD=/workspaces/E-HGP/build/v7_next_q2_qualification/mhgp7_perm_sort_gate",
        "-DARGS=",
        "-DEXPECT_LINE=",
        "-DEXPECT_PREFIX=",
        "-P",
        "/workspaces/E-HGP/morsehgp3D_v7/cmake/run_expect.cmake"
      ],
      "name" : "mhgp7_perm_sort",
      "properties" : 
      [
        {
          "name" : "LABELS",
          "value" : 
          [
            "gate"
          ]
        },
        {
          "name" : "TIMEOUT",
          "value" : 600.0
        },
        {
          "name" : "WORKING_DIRECTORY",
          "value" : "/workspaces/E-HGP/build/v7_next_q2_qualification"
        }
      ]
    },
    {
      "backtrace" : 715,
      "command" : 
      [
        "/usr/bin/cmake",
        "-DEXPECTED=3",
        "-DCMD=/workspaces/E-HGP/build/v7_next_q2_qualification/mhgp7_perm_sort_gate",
        "-DARGS=--min-candidats=999999999",
        "-DEXPECT_LINE=",
        "-DEXPECT_PREFIX=",
        "-P",
        "/workspaces/E-HGP/morsehgp3D_v7/cmake/run_expect.cmake"
      ],
      "name" : "mhgp7_perm_sort_plancher",
      "properties" : 
      [
        {
          "name" : "LABELS",
          "value" : 
          [
            "gate"
          ]
        },
        {
          "name" : "TIMEOUT",
          "value" : 600.0
        },
        {
          "name" : "WORKING_DIRECTORY",
          "value" : "/workspaces/E-HGP/build/v7_next_q2_qualification"
        }
      ]
    },
    {
      "backtrace" : 718,
      "command" : 
      [
        "/usr/bin/cmake",
        "-DEXPECTED=2",
        "-DCMD=/workspaces/E-HGP/build/v7_next_q2_qualification/mhgp7_perm_sort_gate",
        "-DARGS=--min-candidats=1x",
        "-DEXPECT_LINE=",
        "-DEXPECT_PREFIX=",
        "-P",
        "/workspaces/E-HGP/morsehgp3D_v7/cmake/run_expect.cmake"
      ],
      "name" : "mhgp7_perm_sort_refus_arg",
      "properties" : 
      [
        {
          "name" : "LABELS",
          "value" : 
          [
            "gate"
          ]
        },
        {
          "name" : "WORKING_DIRECTORY",
          "value" : "/workspaces/E-HGP/build/v7_next_q2_qualification"
        }
      ]
    },
    {
      "backtrace" : 721,
      "command" : 
      [
        "/usr/bin/cmake",
        "-DEXPECTED=4",
        "-DCMD=/workspaces/E-HGP/build/v7_next_q2_qualification/mhgp7_perm_sort_gate",
        "-DARGS=--inject=perm-apply-scatter",
        "-DEXPECT_LINE=",
        "-DEXPECT_PREFIX=",
        "-P",
        "/workspaces/E-HGP/morsehgp3D_v7/cmake/run_expect.cmake"
      ],
      "name" : "mhgp7_perm_sort_mutant_perm-apply-scatter",
      "properties" : 
      [
        {
          "name" : "LABELS",
          "value" : 
          [
            "gate"
          ]
        },
        {
          "name" : "TIMEOUT",
          "value" : 600.0
        },
        {
          "name" : "WORKING_DIRECTORY",
          "value" : "/workspaces/E-HGP/build/v7_next_q2_qualification"
        }
      ]
    },
    {
      "backtrace" : 724,
      "command" : 
      [
        "/usr/bin/cmake",
        "-DEXPECTED=4",
        "-DCMD=/workspaces/E-HGP/build/v7_next_q2_qualification/mhgp7_perm_sort_gate",
        "-DARGS=--inject=perm-apply-partial",
        "-DEXPECT_LINE=",
        "-DEXPECT_PREFIX=",
        "-P",
        "/workspaces/E-HGP/morsehgp3D_v7/cmake/run_expect.cmake"
      ],
      "name" : "mhgp7_perm_sort_mutant_perm-apply-partial",
      "properties" : 
      [
        {
          "name" : "LABELS",
          "value" : 
          [
            "gate"
          ]
        },
        {
          "name" : "TIMEOUT",
          "value" : 600.0
        },
        {
          "name" : "WORKING_DIRECTORY",
          "value" : "/workspaces/E-HGP/build/v7_next_q2_qualification"
        }
      ]
    },
    {
      "backtrace" : 727,
      "command" : 
      [
        "/usr/bin/cmake",
        "-DEXPECTED=4",
        "-DCMD=/workspaces/E-HGP/build/v7_next_q2_qualification/mhgp7_perm_sort_gate",
        "-DARGS=--inject=perm-tie-desc",
        "-DEXPECT_LINE=",
        "-DEXPECT_PREFIX=",
        "-P",
        "/workspaces/E-HGP/morsehgp3D_v7/cmake/run_expect.cmake"
      ],
      "name" : "mhgp7_perm_sort_mutant_perm-tie-desc",
      "properties" : 
      [
        {
          "name" : "LABELS",
          "value" : 
          [
            "gate"
          ]
        },
        {
          "name" : "TIMEOUT",
          "value" : 600.0
        },
        {
          "name" : "WORKING_DIRECTORY",
          "value" : "/workspaces/E-HGP/build/v7_next_q2_qualification"
        }
      ]
    },
    {
      "backtrace" : 730,
      "command" : 
      [
        "/usr/bin/cmake",
        "-DEXPECTED=4",
        "-DCMD=/workspaces/E-HGP/build/v7_next_q2_qualification/mhgp7_perm_sort_gate",
        "-DARGS=--inject=census-stack-per-ball",
        "-DEXPECT_LINE=",
        "-DEXPECT_PREFIX=",
        "-P",
        "/workspaces/E-HGP/morsehgp3D_v7/cmake/run_expect.cmake"
      ],
      "name" : "mhgp7_perm_sort_mutant_census-stack-per-ball",
      "properties" : 
      [
        {
          "name" : "LABELS",
          "value" : 
          [
            "gate"
          ]
        },
        {
          "name" : "TIMEOUT",
          "value" : 600.0
        },
        {
          "name" : "WORKING_DIRECTORY",
          "value" : "/workspaces/E-HGP/build/v7_next_q2_qualification"
        }
      ]
    },
    {
      "backtrace" : 733,
      "command" : 
      [
        "/usr/bin/cmake",
        "-DEXPECTED=4",
        "-DCMD=/workspaces/E-HGP/build/v7_next_q2_qualification/mhgp7_perm_sort_gate",
        "-DARGS=--inject=parallel-sort-unstable",
        "-DEXPECT_LINE=",
        "-DEXPECT_PREFIX=",
        "-P",
        "/workspaces/E-HGP/morsehgp3D_v7/cmake/run_expect.cmake"
      ],
      "name" : "mhgp7_perm_sort_mutant_parallel-sort-unstable",
      "properties" : 
      [
        {
          "name" : "LABELS",
          "value" : 
          [
            "gate"
          ]
        },
        {
          "name" : "TIMEOUT",
          "value" : 600.0
        },
        {
          "name" : "WORKING_DIRECTORY",
          "value" : "/workspaces/E-HGP/build/v7_next_q2_qualification"
        }
      ]
    },
    {
      "backtrace" : 736,
      "command" : 
      [
        "/usr/bin/cmake",
        "-DEXPECTED=0",
        "-DCMD=/workspaces/E-HGP/build/v7_next_q2_qualification/mhgp7_route_c6_gate",
        "-DARGS=",
        "-DEXPECT_LINE=",
        "-DEXPECT_PREFIX=",
        "-P",
        "/workspaces/E-HGP/morsehgp3D_v7/cmake/run_expect.cmake"
      ],
      "name" : "mhgp7_route_c6_stub",
      "properties" : 
      [
        {
          "name" : "LABELS",
          "value" : 
          [
            "gate"
          ]
        },
        {
          "name" : "TIMEOUT",
          "value" : 600.0
        },
        {
          "name" : "WORKING_DIRECTORY",
          "value" : "/workspaces/E-HGP/build/v7_next_q2_qualification"
        }
      ]
    },
    {
      "backtrace" : 739,
      "command" : 
      [
        "/usr/bin/cmake",
        "-DEXPECTED=3",
        "-DCMD=/workspaces/E-HGP/build/v7_next_q2_qualification/mhgp7_route_c6_gate",
        "-DARGS=--min-scenes=999999",
        "-DEXPECT_LINE=",
        "-DEXPECT_PREFIX=",
        "-P",
        "/workspaces/E-HGP/morsehgp3D_v7/cmake/run_expect.cmake"
      ],
      "name" : "mhgp7_route_c6_stub_plancher",
      "properties" : 
      [
        {
          "name" : "LABELS",
          "value" : 
          [
            "gate"
          ]
        },
        {
          "name" : "TIMEOUT",
          "value" : 600.0
        },
        {
          "name" : "WORKING_DIRECTORY",
          "value" : "/workspaces/E-HGP/build/v7_next_q2_qualification"
        }
      ]
    },
    {
      "backtrace" : 742,
      "command" : 
      [
        "/usr/bin/cmake",
        "-DEXPECTED=2",
        "-DCMD=/workspaces/E-HGP/build/v7_next_q2_qualification/mhgp7_route_c6_gate",
        "-DARGS=--min-scenes=1x",
        "-DEXPECT_LINE=",
        "-DEXPECT_PREFIX=",
        "-P",
        "/workspaces/E-HGP/morsehgp3D_v7/cmake/run_expect.cmake"
      ],
      "name" : "mhgp7_route_c6_stub_refus_arg",
      "properties" : 
      [
        {
          "name" : "LABELS",
          "value" : 
          [
            "gate"
          ]
        },
        {
          "name" : "WORKING_DIRECTORY",
          "value" : "/workspaces/E-HGP/build/v7_next_q2_qualification"
        }
      ]
    },
    {
      "backtrace" : 745,
      "command" : 
      [
        "/usr/bin/cmake",
        "-DEXPECTED=4",
        "-DCMD=/workspaces/E-HGP/build/v7_next_q2_qualification/mhgp7_route_c6_gate",
        "-DARGS=--inject=gpu-lot-base-reset",
        "-DEXPECT_LINE=",
        "-DEXPECT_PREFIX=",
        "-P",
        "/workspaces/E-HGP/morsehgp3D_v7/cmake/run_expect.cmake"
      ],
      "name" : "mhgp7_route_c6_stub_mutant_gpu-lot-base-reset",
      "properties" : 
      [
        {
          "name" : "LABELS",
          "value" : 
          [
            "gate"
          ]
        },
        {
          "name" : "TIMEOUT",
          "value" : 600.0
        },
        {
          "name" : "WORKING_DIRECTORY",
          "value" : "/workspaces/E-HGP/build/v7_next_q2_qualification"
        }
      ]
    },
    {
      "backtrace" : 748,
      "command" : 
      [
        "/usr/bin/cmake",
        "-DEXPECTED=4",
        "-DCMD=/workspaces/E-HGP/build/v7_next_q2_qualification/mhgp7_route_c6_gate",
        "-DARGS=--inject=c6-wrong-epoch",
        "-DEXPECT_LINE=",
        "-DEXPECT_PREFIX=",
        "-P",
        "/workspaces/E-HGP/morsehgp3D_v7/cmake/run_expect.cmake"
      ],
      "name" : "mhgp7_route_c6_stub_mutant_c6-wrong-epoch",
      "properties" : 
      [
        {
          "name" : "LABELS",
          "value" : 
          [
            "gate"
          ]
        },
        {
          "name" : "TIMEOUT",
          "value" : 600.0
        },
        {
          "name" : "WORKING_DIRECTORY",
          "value" : "/workspaces/E-HGP/build/v7_next_q2_qualification"
        }
      ]
    },
    {
      "backtrace" : 751,
      "command" : 
      [
        "/usr/bin/cmake",
        "-DEXPECTED=4",
        "-DCMD=/workspaces/E-HGP/build/v7_next_q2_qualification/mhgp7_route_c6_gate",
        "-DARGS=--inject=c6-reuse-before-lease",
        "-DEXPECT_LINE=",
        "-DEXPECT_PREFIX=",
        "-P",
        "/workspaces/E-HGP/morsehgp3D_v7/cmake/run_expect.cmake"
      ],
      "name" : "mhgp7_route_c6_stub_mutant_c6-reuse-before-lease",
      "properties" : 
      [
        {
          "name" : "LABELS",
          "value" : 
          [
            "gate"
          ]
        },
        {
          "name" : "TIMEOUT",
          "value" : 600.0
        },
        {
          "name" : "WORKING_DIRECTORY",
          "value" : "/workspaces/E-HGP/build/v7_next_q2_qualification"
        }
      ]
    },
    {
      "backtrace" : 754,
      "command" : 
      [
        "/usr/bin/cmake",
        "-DEXPECTED=4",
        "-DCMD=/workspaces/E-HGP/build/v7_next_q2_qualification/mhgp7_route_c6_gate",
        "-DARGS=--inject=c6-publish-prefix",
        "-DEXPECT_LINE=",
        "-DEXPECT_PREFIX=",
        "-P",
        "/workspaces/E-HGP/morsehgp3D_v7/cmake/run_expect.cmake"
      ],
      "name" : "mhgp7_route_c6_stub_mutant_c6-publish-prefix",
      "properties" : 
      [
        {
          "name" : "LABELS",
          "value" : 
          [
            "gate"
          ]
        },
        {
          "name" : "TIMEOUT",
          "value" : 600.0
        },
        {
          "name" : "WORKING_DIRECTORY",
          "value" : "/workspaces/E-HGP/build/v7_next_q2_qualification"
        }
      ]
    },
    {
      "backtrace" : 757,
      "command" : 
      [
        "/usr/bin/cmake",
        "-DEXPECTED=4",
        "-DCMD=/workspaces/E-HGP/build/v7_next_q2_qualification/mhgp7_route_c6_gate",
        "-DARGS=--inject=gpu-stack-shallow",
        "-DEXPECT_LINE=",
        "-DEXPECT_PREFIX=",
        "-P",
        "/workspaces/E-HGP/morsehgp3D_v7/cmake/run_expect.cmake"
      ],
      "name" : "mhgp7_route_c6_stub_mutant_gpu-stack-shallow",
      "properties" : 
      [
        {
          "name" : "LABELS",
          "value" : 
          [
            "gate"
          ]
        },
        {
          "name" : "TIMEOUT",
          "value" : 600.0
        },
        {
          "name" : "WORKING_DIRECTORY",
          "value" : "/workspaces/E-HGP/build/v7_next_q2_qualification"
        }
      ]
    },
    {
      "backtrace" : 760,
      "command" : 
      [
        "/usr/bin/cmake",
        "-DEXPECTED=4",
        "-DCMD=/workspaces/E-HGP/build/v7_next_q2_qualification/mhgp7_route_c6_gate",
        "-DARGS=--inject=gpu-census-nonstrict",
        "-DEXPECT_LINE=",
        "-DEXPECT_PREFIX=",
        "-P",
        "/workspaces/E-HGP/morsehgp3D_v7/cmake/run_expect.cmake"
      ],
      "name" : "mhgp7_route_c6_stub_mutant_gpu-census-nonstrict",
      "properties" : 
      [
        {
          "name" : "LABELS",
          "value" : 
          [
            "gate"
          ]
        },
        {
          "name" : "TIMEOUT",
          "value" : 600.0
        },
        {
          "name" : "WORKING_DIRECTORY",
          "value" : "/workspaces/E-HGP/build/v7_next_q2_qualification"
        }
      ]
    },
    {
      "backtrace" : 763,
      "command" : 
      [
        "/usr/bin/cmake",
        "-DEXPECTED=4",
        "-DCMD=/workspaces/E-HGP/build/v7_next_q2_qualification/mhgp7_route_c6_gate",
        "-DARGS=--inject=gpu-skip-ball-write",
        "-DEXPECT_LINE=",
        "-DEXPECT_PREFIX=",
        "-P",
        "/workspaces/E-HGP/morsehgp3D_v7/cmake/run_expect.cmake"
      ],
      "name" : "mhgp7_route_c6_stub_mutant_gpu-skip-ball-write",
      "properties" : 
      [
        {
          "name" : "LABELS",
          "value" : 
          [
            "gate"
          ]
        },
        {
          "name" : "TIMEOUT",
          "value" : 600.0
        },
        {
          "name" : "WORKING_DIRECTORY",
          "value" : "/workspaces/E-HGP/build/v7_next_q2_qualification"
        }
      ]
    },
    {
      "backtrace" : 766,
      "command" : 
      [
        "/usr/bin/cmake",
        "-DEXPECTED=4",
        "-DCMD=/workspaces/E-HGP/build/v7_next_q2_qualification/mhgp7_route_c6_gate",
        "-DARGS=--inject=gpu-nshell-overdomain",
        "-DEXPECT_LINE=",
        "-DEXPECT_PREFIX=",
        "-P",
        "/workspaces/E-HGP/morsehgp3D_v7/cmake/run_expect.cmake"
      ],
      "name" : "mhgp7_route_c6_stub_mutant_gpu-nshell-overdomain",
      "properties" : 
      [
        {
          "name" : "LABELS",
          "value" : 
          [
            "gate"
          ]
        },
        {
          "name" : "TIMEOUT",
          "value" : 600.0
        },
        {
          "name" : "WORKING_DIRECTORY",
          "value" : "/workspaces/E-HGP/build/v7_next_q2_qualification"
        }
      ]
    },
    {
      "backtrace" : 769,
      "command" : 
      [
        "/usr/bin/cmake",
        "-DEXPECTED=4",
        "-DCMD=/workspaces/E-HGP/build/v7_next_q2_qualification/mhgp7_route_c6_gate",
        "-DARGS=--inject=gpu-skip-count-write",
        "-DEXPECT_LINE=",
        "-DEXPECT_PREFIX=",
        "-P",
        "/workspaces/E-HGP/morsehgp3D_v7/cmake/run_expect.cmake"
      ],
      "name" : "mhgp7_route_c6_stub_mutant_gpu-skip-count-write",
      "properties" : 
      [
        {
          "name" : "LABELS",
          "value" : 
          [
            "gate"
          ]
        },
        {
          "name" : "TIMEOUT",
          "value" : 600.0
        },
        {
          "name" : "WORKING_DIRECTORY",
          "value" : "/workspaces/E-HGP/build/v7_next_q2_qualification"
        }
      ]
    },
    {
      "backtrace" : 772,
      "command" : 
      [
        "/usr/bin/cmake",
        "-DEXPECTED=0",
        "-DCMD=/workspaces/E-HGP/build/v7_next_q2_qualification/mhgp7_thread_failure_gate",
        "-DARGS=",
        "-DEXPECT_LINE=",
        "-DEXPECT_PREFIX=",
        "-P",
        "/workspaces/E-HGP/morsehgp3D_v7/cmake/run_expect.cmake"
      ],
      "name" : "mhgp7_thread_failure",
      "properties" : 
      [
        {
          "name" : "LABELS",
          "value" : 
          [
            "gate"
          ]
        },
        {
          "name" : "TIMEOUT",
          "value" : 30.0
        },
        {
          "name" : "WORKING_DIRECTORY",
          "value" : "/workspaces/E-HGP/build/v7_next_q2_qualification"
        }
      ]
    },
    {
      "backtrace" : 775,
      "command" : 
      [
        "/usr/bin/cmake",
        "-DEXPECTED=4",
        "-DCMD=/workspaces/E-HGP/build/v7_next_q2_qualification/mhgp7_thread_failure_gate",
        "-DARGS=--inject=parallel-admit-partial-launch",
        "-DEXPECT_LINE=",
        "-DEXPECT_PREFIX=",
        "-P",
        "/workspaces/E-HGP/morsehgp3D_v7/cmake/run_expect.cmake"
      ],
      "name" : "mhgp7_thread_failure_mutant_admission",
      "properties" : 
      [
        {
          "name" : "LABELS",
          "value" : 
          [
            "gate"
          ]
        },
        {
          "name" : "TIMEOUT",
          "value" : 30.0
        },
        {
          "name" : "WORKING_DIRECTORY",
          "value" : "/workspaces/E-HGP/build/v7_next_q2_qualification"
        }
      ]
    },
    {
      "backtrace" : 778,
      "command" : 
      [
        "/usr/bin/cmake",
        "-DEXPECTED=2",
        "-DCMD=/workspaces/E-HGP/build/v7_next_q2_qualification/mhgp7_thread_failure_gate",
        "-DARGS=--unknown",
        "-DEXPECT_LINE=",
        "-DEXPECT_PREFIX=",
        "-P",
        "/workspaces/E-HGP/morsehgp3D_v7/cmake/run_expect.cmake"
      ],
      "name" : "mhgp7_thread_failure_refus_arg",
      "properties" : 
      [
        {
          "name" : "LABELS",
          "value" : 
          [
            "gate"
          ]
        },
        {
          "name" : "TIMEOUT",
          "value" : 30.0
        },
        {
          "name" : "WORKING_DIRECTORY",
          "value" : "/workspaces/E-HGP/build/v7_next_q2_qualification"
        }
      ]
    },
    {
      "backtrace" : 781,
      "command" : 
      [
        "/usr/bin/cmake",
        "-DEXPECTED=0",
        "-DCMD=/workspaces/E-HGP/build/v7_next_q2_qualification/mhgp7_census_direct_gate",
        "-DARGS=",
        "-DEXPECT_LINE=",
        "-DEXPECT_PREFIX=",
        "-P",
        "/workspaces/E-HGP/morsehgp3D_v7/cmake/run_expect.cmake"
      ],
      "name" : "mhgp7_census_direct",
      "properties" : 
      [
        {
          "name" : "LABELS",
          "value" : 
          [
            "gate"
          ]
        },
        {
          "name" : "TIMEOUT",
          "value" : 120.0
        },
        {
          "name" : "WORKING_DIRECTORY",
          "value" : "/workspaces/E-HGP/build/v7_next_q2_qualification"
        }
      ]
    },
    {
      "backtrace" : 784,
      "command" : 
      [
        "/usr/bin/cmake",
        "-DEXPECTED=4",
        "-DCMD=/workspaces/E-HGP/build/v7_next_q2_qualification/mhgp7_census_direct_gate",
        "-DARGS=--inject=census-direct-offset",
        "-DEXPECT_LINE=",
        "-DEXPECT_PREFIX=",
        "-P",
        "/workspaces/E-HGP/morsehgp3D_v7/cmake/run_expect.cmake"
      ],
      "name" : "mhgp7_census_direct_offset",
      "properties" : 
      [
        {
          "name" : "LABELS",
          "value" : 
          [
            "gate"
          ]
        },
        {
          "name" : "TIMEOUT",
          "value" : 120.0
        },
        {
          "name" : "WORKING_DIRECTORY",
          "value" : "/workspaces/E-HGP/build/v7_next_q2_qualification"
        }
      ]
    },
    {
      "backtrace" : 787,
      "command" : 
      [
        "/usr/bin/cmake",
        "-DEXPECTED=4",
        "-DCMD=/workspaces/E-HGP/build/v7_next_q2_qualification/mhgp7_census_direct_gate",
        "-DARGS=--inject=census-direct-publish-prefix",
        "-DEXPECT_LINE=",
        "-DEXPECT_PREFIX=",
        "-P",
        "/workspaces/E-HGP/morsehgp3D_v7/cmake/run_expect.cmake"
      ],
      "name" : "mhgp7_census_direct_transaction",
      "properties" : 
      [
        {
          "name" : "LABELS",
          "value" : 
          [
            "gate"
          ]
        },
        {
          "name" : "TIMEOUT",
          "value" : 120.0
        },
        {
          "name" : "WORKING_DIRECTORY",
          "value" : "/workspaces/E-HGP/build/v7_next_q2_qualification"
        }
      ]
    },
    {
      "backtrace" : 790,
      "command" : 
      [
        "/usr/bin/cmake",
        "-DEXPECTED=4",
        "-DCMD=/workspaces/E-HGP/build/v7_next_q2_qualification/mhgp7_census_direct_gate",
        "-DARGS=--inject=keep-ball-chunks",
        "-DEXPECT_LINE=",
        "-DEXPECT_PREFIX=",
        "-P",
        "/workspaces/E-HGP/morsehgp3D_v7/cmake/run_expect.cmake"
      ],
      "name" : "mhgp7_census_direct_residence",
      "properties" : 
      [
        {
          "name" : "LABELS",
          "value" : 
          [
            "gate"
          ]
        },
        {
          "name" : "TIMEOUT",
          "value" : 120.0
        },
        {
          "name" : "WORKING_DIRECTORY",
          "value" : "/workspaces/E-HGP/build/v7_next_q2_qualification"
        }
      ]
    },
    {
      "backtrace" : 793,
      "command" : 
      [
        "/usr/bin/cmake",
        "-DEXPECTED=0",
        "-DCMD=/workspaces/E-HGP/build/v7_next_q2_qualification/mhgp7_silent_incidence_gate",
        "-DARGS=",
        "-DEXPECT_LINE=",
        "-DEXPECT_PREFIX=",
        "-P",
        "/workspaces/E-HGP/morsehgp3D_v7/cmake/run_expect.cmake"
      ],
      "name" : "mhgp7_silent_incidence",
      "properties" : 
      [
        {
          "name" : "LABELS",
          "value" : 
          [
            "gate"
          ]
        },
        {
          "name" : "TIMEOUT",
          "value" : 120.0
        },
        {
          "name" : "WORKING_DIRECTORY",
          "value" : "/workspaces/E-HGP/build/v7_next_q2_qualification"
        }
      ]
    },
    {
      "backtrace" : 796,
      "command" : 
      [
        "/usr/bin/cmake",
        "-DEXPECTED=4",
        "-DCMD=/workspaces/E-HGP/build/v7_next_q2_qualification/mhgp7_silent_incidence_gate",
        "-DARGS=--mutant=silent-drop-coface",
        "-DEXPECT_LINE=",
        "-DEXPECT_PREFIX=",
        "-P",
        "/workspaces/E-HGP/morsehgp3D_v7/cmake/run_expect.cmake"
      ],
      "name" : "mhgp7_silent_incidence_mutant",
      "properties" : 
      [
        {
          "name" : "LABELS",
          "value" : 
          [
            "gate"
          ]
        },
        {
          "name" : "TIMEOUT",
          "value" : 120.0
        },
        {
          "name" : "WORKING_DIRECTORY",
          "value" : "/workspaces/E-HGP/build/v7_next_q2_qualification"
        }
      ]
    },
    {
      "backtrace" : 799,
      "command" : 
      [
        "/usr/bin/cmake",
        "-DEXPECTED=4",
        "-DCMD=/workspaces/E-HGP/build/v7_next_q2_qualification/mhgp7_silent_incidence_gate",
        "-DARGS=--mutant=reduced-latent-parent",
        "-DEXPECT_LINE=",
        "-DEXPECT_PREFIX=",
        "-P",
        "/workspaces/E-HGP/morsehgp3D_v7/cmake/run_expect.cmake"
      ],
      "name" : "mhgp7_reduced_latent_parent_mutant",
      "properties" : 
      [
        {
          "name" : "LABELS",
          "value" : 
          [
            "gate"
          ]
        },
        {
          "name" : "TIMEOUT",
          "value" : 120.0
        },
        {
          "name" : "WORKING_DIRECTORY",
          "value" : "/workspaces/E-HGP/build/v7_next_q2_qualification"
        }
      ]
    },
    {
      "backtrace" : 802,
      "command" : 
      [
        "/usr/bin/cmake",
        "-DEXPECTED=4",
        "-DCMD=/workspaces/E-HGP/build/v7_next_q2_qualification/mhgp7_silent_incidence_gate",
        "-DARGS=--mutant=reduced-drop-materialization",
        "-DEXPECT_LINE=",
        "-DEXPECT_PREFIX=",
        "-P",
        "/workspaces/E-HGP/morsehgp3D_v7/cmake/run_expect.cmake"
      ],
      "name" : "mhgp7_reduced_drop_materialization_mutant",
      "properties" : 
      [
        {
          "name" : "LABELS",
          "value" : 
          [
            "gate"
          ]
        },
        {
          "name" : "TIMEOUT",
          "value" : 120.0
        },
        {
          "name" : "WORKING_DIRECTORY",
          "value" : "/workspaces/E-HGP/build/v7_next_q2_qualification"
        }
      ]
    },
    {
      "backtrace" : 805,
      "command" : 
      [
        "/usr/bin/cmake",
        "-DEXPECTED=4",
        "-DCMD=/workspaces/E-HGP/build/v7_next_q2_qualification/mhgp7_silent_incidence_gate",
        "-DARGS=--mutant=drop-nonmerge",
        "-DEXPECT_LINE=",
        "-DEXPECT_PREFIX=",
        "-P",
        "/workspaces/E-HGP/morsehgp3D_v7/cmake/run_expect.cmake"
      ],
      "name" : "mhgp7_silent_drop_nonmerge_mutant",
      "properties" : 
      [
        {
          "name" : "LABELS",
          "value" : 
          [
            "gate"
          ]
        },
        {
          "name" : "TIMEOUT",
          "value" : 120.0
        },
        {
          "name" : "WORKING_DIRECTORY",
          "value" : "/workspaces/E-HGP/build/v7_next_q2_qualification"
        }
      ]
    },
    {
      "backtrace" : 808,
      "command" : 
      [
        "/usr/bin/cmake",
        "-DEXPECTED=4",
        "-DCMD=/workspaces/E-HGP/build/v7_next_q2_qualification/mhgp7_silent_incidence_gate",
        "-DARGS=--mutant=csr-stale-level",
        "-DEXPECT_LINE=",
        "-DEXPECT_PREFIX=",
        "-P",
        "/workspaces/E-HGP/morsehgp3D_v7/cmake/run_expect.cmake"
      ],
      "name" : "mhgp7_silent_csr_stale_level_mutant",
      "properties" : 
      [
        {
          "name" : "LABELS",
          "value" : 
          [
            "gate"
          ]
        },
        {
          "name" : "TIMEOUT",
          "value" : 120.0
        },
        {
          "name" : "WORKING_DIRECTORY",
          "value" : "/workspaces/E-HGP/build/v7_next_q2_qualification"
        }
      ]
    },
    {
      "backtrace" : 810,
      "command" : 
      [
        "/home/codespace/.python/current/bin/python3",
        "/workspaces/E-HGP/morsehgp3D_v7/tests/archive_gate.py",
        "--binary",
        "/workspaces/E-HGP/build/v7_next_q2_qualification/mhgp7"
      ],
      "name" : "mhgp7_archive",
      "properties" : 
      [
        {
          "name" : "LABELS",
          "value" : 
          [
            "gate"
          ]
        },
        {
          "name" : "TIMEOUT",
          "value" : 120.0
        },
        {
          "name" : "WORKING_DIRECTORY",
          "value" : "/workspaces/E-HGP/build/v7_next_q2_qualification"
        }
      ]
    },
    {
      "backtrace" : 812,
      "command" : 
      [
        "/home/codespace/.python/current/bin/python3",
        "-O",
        "/workspaces/E-HGP/morsehgp3D_v7/tests/archive_gate.py",
        "--binary",
        "/workspaces/E-HGP/build/v7_next_q2_qualification/mhgp7"
      ],
      "name" : "mhgp7_archive_optimized",
      "properties" : 
      [
        {
          "name" : "LABELS",
          "value" : 
          [
            "gate"
          ]
        },
        {
          "name" : "TIMEOUT",
          "value" : 120.0
        },
        {
          "name" : "WORKING_DIRECTORY",
          "value" : "/workspaces/E-HGP/build/v7_next_q2_qualification"
        }
      ]
    },
    {
      "backtrace" : 814,
      "command" : 
      [
        "/home/codespace/.python/current/bin/python3",
        "/workspaces/E-HGP/morsehgp3D_v7/tests/compare_campaign_gate.py"
      ],
      "name" : "mhgp7_compare_campaign",
      "properties" : 
      [
        {
          "name" : "LABELS",
          "value" : 
          [
            "gate"
          ]
        },
        {
          "name" : "TIMEOUT",
          "value" : 120.0
        },
        {
          "name" : "WORKING_DIRECTORY",
          "value" : "/workspaces/E-HGP/build/v7_next_q2_qualification"
        }
      ]
    },
    {
      "backtrace" : 816,
      "command" : 
      [
        "/home/codespace/.python/current/bin/python3",
        "-O",
        "/workspaces/E-HGP/morsehgp3D_v7/tests/compare_campaign_gate.py"
      ],
      "name" : "mhgp7_compare_campaign_optimized",
      "properties" : 
      [
        {
          "name" : "LABELS",
          "value" : 
          [
            "gate"
          ]
        },
        {
          "name" : "TIMEOUT",
          "value" : 120.0
        },
        {
          "name" : "WORKING_DIRECTORY",
          "value" : "/workspaces/E-HGP/build/v7_next_q2_qualification"
        }
      ]
    },
    {
      "backtrace" : 819,
      "command" : 
      [
        "/usr/bin/cmake",
        "-DEXPECTED=0",
        "-DCMD=/workspaces/E-HGP/build/v7_next_q2_qualification/mhgp7_archive_api_gate",
        "-DARGS=",
        "-DEXPECT_LINE=",
        "-DEXPECT_PREFIX=",
        "-P",
        "/workspaces/E-HGP/morsehgp3D_v7/cmake/run_expect.cmake"
      ],
      "name" : "mhgp7_archive_api",
      "properties" : 
      [
        {
          "name" : "LABELS",
          "value" : 
          [
            "gate"
          ]
        },
        {
          "name" : "TIMEOUT",
          "value" : 120.0
        },
        {
          "name" : "WORKING_DIRECTORY",
          "value" : "/workspaces/E-HGP/build/v7_next_q2_qualification"
        }
      ]
    },
    {
      "backtrace" : 822,
      "command" : 
      [
        "/usr/bin/cmake",
        "-DEXPECTED=0",
        "-DCMD=/workspaces/E-HGP/build/v7_next_q2_qualification/mhgp7_archive_cleanup_gate",
        "-DARGS=",
        "-DEXPECT_LINE=",
        "-DEXPECT_PREFIX=archive_cleanup_gate=passed persistent=1 all_order_files=10 ",
        "-P",
        "/workspaces/E-HGP/morsehgp3D_v7/cmake/run_expect.cmake"
      ],
      "name" : "mhgp7_archive_cleanup",
      "properties" : 
      [
        {
          "name" : "LABELS",
          "value" : 
          [
            "gate"
          ]
        },
        {
          "name" : "TIMEOUT",
          "value" : 120.0
        },
        {
          "name" : "WORKING_DIRECTORY",
          "value" : "/workspaces/E-HGP/build/v7_next_q2_qualification"
        }
      ]
    },
    {
      "backtrace" : 824,
      "command" : 
      [
        "/home/codespace/.python/current/bin/python3",
        "/workspaces/E-HGP/morsehgp3D_v7/tests/incidence_campaign_gate.py"
      ],
      "name" : "mhgp7_incidence_campaign",
      "properties" : 
      [
        {
          "name" : "LABELS",
          "value" : 
          [
            "gate"
          ]
        },
        {
          "name" : "TIMEOUT",
          "value" : 120.0
        },
        {
          "name" : "WORKING_DIRECTORY",
          "value" : "/workspaces/E-HGP/build/v7_next_q2_qualification"
        }
      ]
    },
    {
      "backtrace" : 826,
      "command" : 
      [
        "/home/codespace/.python/current/bin/python3",
        "-O",
        "/workspaces/E-HGP/morsehgp3D_v7/tests/incidence_campaign_gate.py"
      ],
      "name" : "mhgp7_incidence_campaign_optimized",
      "properties" : 
      [
        {
          "name" : "LABELS",
          "value" : 
          [
            "gate"
          ]
        },
        {
          "name" : "TIMEOUT",
          "value" : 120.0
        },
        {
          "name" : "WORKING_DIRECTORY",
          "value" : "/workspaces/E-HGP/build/v7_next_q2_qualification"
        }
      ]
    },
    {
      "backtrace" : 828,
      "command" : 
      [
        "/home/codespace/.python/current/bin/python3",
        "/workspaces/E-HGP/morsehgp3D_v7/tests/expect_line_gate.py",
        "/workspaces/E-HGP/morsehgp3D_v7/cmake/run_expect.cmake"
      ],
      "name" : "mhgp7_expect_line",
      "properties" : 
      [
        {
          "name" : "LABELS",
          "value" : 
          [
            "gate"
          ]
        },
        {
          "name" : "TIMEOUT",
          "value" : 30.0
        },
        {
          "name" : "WORKING_DIRECTORY",
          "value" : "/workspaces/E-HGP/build/v7_next_q2_qualification"
        }
      ]
    },
    {
      "backtrace" : 831,
      "command" : 
      [
        "/usr/bin/cmake",
        "-DEXPECTED=0",
        "-DCMD=/workspaces/E-HGP/build/v7_next_q2_qualification/mhgp7_mono_inline_gate",
        "-DARGS=",
        "-DEXPECT_LINE=",
        "-DEXPECT_PREFIX=mono_inline_gate=passed successful=4 rejected=8 reference_threads=30 failures=0",
        "-P",
        "/workspaces/E-HGP/morsehgp3D_v7/cmake/run_expect.cmake"
      ],
      "name" : "mhgp7_mono_inline",
      "properties" : 
      [
        {
          "name" : "LABELS",
          "value" : 
          [
            "gate"
          ]
        },
        {
          "name" : "TIMEOUT",
          "value" : 120.0
        },
        {
          "name" : "WORKING_DIRECTORY",
          "value" : "/workspaces/E-HGP/build/v7_next_q2_qualification"
        }
      ]
    },
    {
      "backtrace" : 834,
      "command" : 
      [
        "/usr/bin/cmake",
        "-DEXPECTED=0",
        "-DCMD=/workspaces/E-HGP/build/v7_next_q2_qualification/mhgp7_mono_inline_gate",
        "-DARGS=--inject=fold-inject-a-failure-k2",
        "-DEXPECT_LINE=",
        "-DEXPECT_PREFIX=mono_inline_injected=passed cases=2 failures=0",
        "-P",
        "/workspaces/E-HGP/morsehgp3D_v7/cmake/run_expect.cmake"
      ],
      "name" : "mhgp7_mono_inline_late_a",
      "properties" : 
      [
        {
          "name" : "LABELS",
          "value" : 
          [
            "gate"
          ]
        },
        {
          "name" : "TIMEOUT",
          "value" : 120.0
        },
        {
          "name" : "WORKING_DIRECTORY",
          "value" : "/workspaces/E-HGP/build/v7_next_q2_qualification"
        }
      ]
    },
    {
      "backtrace" : 837,
      "command" : 
      [
        "/usr/bin/cmake",
        "-DEXPECTED=0",
        "-DCMD=/workspaces/E-HGP/build/v7_next_q2_qualification/mhgp7_mono_inline_gate",
        "-DARGS=--inject=fold-inject-b-exception-k3",
        "-DEXPECT_LINE=",
        "-DEXPECT_PREFIX=mono_inline_injected=passed cases=2 failures=0",
        "-P",
        "/workspaces/E-HGP/morsehgp3D_v7/cmake/run_expect.cmake"
      ],
      "name" : "mhgp7_mono_inline_late_b",
      "properties" : 
      [
        {
          "name" : "LABELS",
          "value" : 
          [
            "gate"
          ]
        },
        {
          "name" : "TIMEOUT",
          "value" : 120.0
        },
        {
          "name" : "WORKING_DIRECTORY",
          "value" : "/workspaces/E-HGP/build/v7_next_q2_qualification"
        }
      ]
    },
    {
      "backtrace" : 840,
      "command" : 
      [
        "/usr/bin/cmake",
        "-DEXPECTED=0",
        "-DCMD=/workspaces/E-HGP/build/v7_next_q2_qualification/mhgp7_mono_inline_gate",
        "-DARGS=--inject=caps-throw-bad-alloc-fold",
        "-DEXPECT_LINE=",
        "-DEXPECT_PREFIX=mono_inline_injected=passed cases=2 failures=0",
        "-P",
        "/workspaces/E-HGP/morsehgp3D_v7/cmake/run_expect.cmake"
      ],
      "name" : "mhgp7_mono_inline_early_alloc",
      "properties" : 
      [
        {
          "name" : "LABELS",
          "value" : 
          [
            "gate"
          ]
        },
        {
          "name" : "TIMEOUT",
          "value" : 120.0
        },
        {
          "name" : "WORKING_DIRECTORY",
          "value" : "/workspaces/E-HGP/build/v7_next_q2_qualification"
        }
      ]
    },
    {
      "backtrace" : 843,
      "command" : 
      [
        "/usr/bin/cmake",
        "-DEXPECTED=0",
        "-DCMD=/workspaces/E-HGP/build/v7_next_q2_qualification/mhgp7_axis_bounds_gate",
        "-DARGS=",
        "-DEXPECT_LINE=",
        "-DEXPECT_PREFIX=OK axis_bounds boxes=",
        "-P",
        "/workspaces/E-HGP/morsehgp3D_v7/cmake/run_expect.cmake"
      ],
      "name" : "mhgp7_axis_bounds",
      "properties" : 
      [
        {
          "name" : "LABELS",
          "value" : 
          [
            "gate"
          ]
        },
        {
          "name" : "TIMEOUT",
          "value" : 30.0
        },
        {
          "name" : "WORKING_DIRECTORY",
          "value" : "/workspaces/E-HGP/build/v7_next_q2_qualification"
        }
      ]
    },
    {
      "backtrace" : 846,
      "command" : 
      [
        "/usr/bin/cmake",
        "-DEXPECTED=4",
        "-DCMD=/workspaces/E-HGP/build/v7_next_q2_qualification/mhgp7_axis_bounds_gate",
        "-DARGS=axis-argmin-floor-only",
        "-DEXPECT_LINE=",
        "-DEXPECT_PREFIX=DIVERGENCE axis_bounds",
        "-P",
        "/workspaces/E-HGP/morsehgp3D_v7/cmake/run_expect.cmake"
      ],
      "name" : "mhgp7_axis_bounds_axis-argmin-floor-only",
      "properties" : 
      [
        {
          "name" : "LABELS",
          "value" : 
          [
            "gate"
          ]
        },
        {
          "name" : "TIMEOUT",
          "value" : 30.0
        },
        {
          "name" : "WORKING_DIRECTORY",
          "value" : "/workspaces/E-HGP/build/v7_next_q2_qualification"
        }
      ]
    },
    {
      "backtrace" : 849,
      "command" : 
      [
        "/usr/bin/cmake",
        "-DEXPECTED=4",
        "-DCMD=/workspaces/E-HGP/build/v7_next_q2_qualification/mhgp7_axis_bounds_gate",
        "-DARGS=axis-argmin-ceil-always",
        "-DEXPECT_LINE=",
        "-DEXPECT_PREFIX=DIVERGENCE axis_bounds",
        "-P",
        "/workspaces/E-HGP/morsehgp3D_v7/cmake/run_expect.cmake"
      ],
      "name" : "mhgp7_axis_bounds_axis-argmin-ceil-always",
      "properties" : 
      [
        {
          "name" : "LABELS",
          "value" : 
          [
            "gate"
          ]
        },
        {
          "name" : "TIMEOUT",
          "value" : 30.0
        },
        {
          "name" : "WORKING_DIRECTORY",
          "value" : "/workspaces/E-HGP/build/v7_next_q2_qualification"
        }
      ]
    },
    {
      "backtrace" : 852,
      "command" : 
      [
        "/usr/bin/cmake",
        "-DEXPECTED=4",
        "-DCMD=/workspaces/E-HGP/build/v7_next_q2_qualification/mhgp7_axis_bounds_gate",
        "-DARGS=axis-argmin-no-clip",
        "-DEXPECT_LINE=",
        "-DEXPECT_PREFIX=DIVERGENCE axis_bounds",
        "-P",
        "/workspaces/E-HGP/morsehgp3D_v7/cmake/run_expect.cmake"
      ],
      "name" : "mhgp7_axis_bounds_axis-argmin-no-clip",
      "properties" : 
      [
        {
          "name" : "LABELS",
          "value" : 
          [
            "gate"
          ]
        },
        {
          "name" : "TIMEOUT",
          "value" : 30.0
        },
        {
          "name" : "WORKING_DIRECTORY",
          "value" : "/workspaces/E-HGP/build/v7_next_q2_qualification"
        }
      ]
    },
    {
      "backtrace" : 855,
      "command" : 
      [
        "/usr/bin/cmake",
        "-DEXPECTED=4",
        "-DCMD=/workspaces/E-HGP/build/v7_next_q2_qualification/mhgp7_axis_bounds_gate",
        "-DARGS=axis-argmin-narrow-coefficient",
        "-DEXPECT_LINE=",
        "-DEXPECT_PREFIX=DIVERGENCE axis_bounds",
        "-P",
        "/workspaces/E-HGP/morsehgp3D_v7/cmake/run_expect.cmake"
      ],
      "name" : "mhgp7_axis_bounds_axis-argmin-narrow-coefficient",
      "properties" : 
      [
        {
          "name" : "LABELS",
          "value" : 
          [
            "gate"
          ]
        },
        {
          "name" : "TIMEOUT",
          "value" : 30.0
        },
        {
          "name" : "WORKING_DIRECTORY",
          "value" : "/workspaces/E-HGP/build/v7_next_q2_qualification"
        }
      ]
    },
    {
      "backtrace" : 858,
      "command" : 
      [
        "/usr/bin/cmake",
        "-DEXPECTED=4",
        "-DCMD=/workspaces/E-HGP/build/v7_next_q2_qualification/mhgp7_axis_bounds_gate",
        "-DARGS=axis-argmin-max-min",
        "-DEXPECT_LINE=",
        "-DEXPECT_PREFIX=DIVERGENCE axis_bounds",
        "-P",
        "/workspaces/E-HGP/morsehgp3D_v7/cmake/run_expect.cmake"
      ],
      "name" : "mhgp7_axis_bounds_axis-argmin-max-min",
      "properties" : 
      [
        {
          "name" : "LABELS",
          "value" : 
          [
            "gate"
          ]
        },
        {
          "name" : "TIMEOUT",
          "value" : 30.0
        },
        {
          "name" : "WORKING_DIRECTORY",
          "value" : "/workspaces/E-HGP/build/v7_next_q2_qualification"
        }
      ]
    },
    {
      "backtrace" : 861,
      "command" : 
      [
        "/usr/bin/cmake",
        "-DEXPECTED=0",
        "-DCMD=/workspaces/E-HGP/build/v7_next_q2_qualification/mhgp7_arithmetic_integer_gate",
        "-DARGS=",
        "-DEXPECT_LINE=",
        "-DEXPECT_PREFIX=arithmetic_integer_gate=passed case=all mutant=none",
        "-P",
        "/workspaces/E-HGP/morsehgp3D_v7/cmake/run_expect.cmake"
      ],
      "name" : "mhgp7_arithmetic_integer",
      "properties" : 
      [
        {
          "name" : "LABELS",
          "value" : 
          [
            "gate"
          ]
        },
        {
          "name" : "TIMEOUT",
          "value" : 30.0
        },
        {
          "name" : "WORKING_DIRECTORY",
          "value" : "/workspaces/E-HGP/build/v7_next_q2_qualification"
        }
      ]
    },
    {
      "backtrace" : 864,
      "command" : 
      [
        "/usr/bin/cmake",
        "-DEXPECTED=0",
        "-DCMD=/workspaces/E-HGP/build/v7_next_q2_qualification/mhgp7_arithmetic_integer_gate",
        "-DARGS=--case=u320-only",
        "-DEXPECT_LINE=",
        "-DEXPECT_PREFIX=arithmetic_integer_gate=passed case=u320-only mutant=none",
        "-P",
        "/workspaces/E-HGP/morsehgp3D_v7/cmake/run_expect.cmake"
      ],
      "name" : "mhgp7_arithmetic_integer_u320",
      "properties" : 
      [
        {
          "name" : "LABELS",
          "value" : 
          [
            "gate"
          ]
        },
        {
          "name" : "TIMEOUT",
          "value" : 30.0
        },
        {
          "name" : "WORKING_DIRECTORY",
          "value" : "/workspaces/E-HGP/build/v7_next_q2_qualification"
        }
      ]
    },
    {
      "backtrace" : 867,
      "command" : 
      [
        "/usr/bin/cmake",
        "-DEXPECTED=0",
        "-DCMD=/workspaces/E-HGP/build/v7_next_q2_qualification/mhgp7_arithmetic_integer_gate",
        "-DARGS=--case=oracle-only",
        "-DEXPECT_LINE=",
        "-DEXPECT_PREFIX=arithmetic_integer_gate=passed case=oracle-only mutant=none",
        "-P",
        "/workspaces/E-HGP/morsehgp3D_v7/cmake/run_expect.cmake"
      ],
      "name" : "mhgp7_arithmetic_integer_oracle",
      "properties" : 
      [
        {
          "name" : "LABELS",
          "value" : 
          [
            "gate"
          ]
        },
        {
          "name" : "TIMEOUT",
          "value" : 30.0
        },
        {
          "name" : "WORKING_DIRECTORY",
          "value" : "/workspaces/E-HGP/build/v7_next_q2_qualification"
        }
      ]
    },
    {
      "backtrace" : 870,
      "command" : 
      [
        "/usr/bin/cmake",
        "-DEXPECTED=4",
        "-DCMD=/workspaces/E-HGP/build/v7_next_q2_qualification/mhgp7_arithmetic_integer_gate",
        "-DARGS=--case=u320-only --mutant=level-trunc-hi",
        "-DEXPECT_LINE=",
        "-DEXPECT_PREFIX=arithmetic_integer_gate=mutant_killed case=u320-only mutant=level-trunc-hi divergence=W2.u320_word4",
        "-P",
        "/workspaces/E-HGP/morsehgp3D_v7/cmake/run_expect.cmake"
      ],
      "name" : "mhgp7_arithmetic_u320_word4",
      "properties" : 
      [
        {
          "name" : "LABELS",
          "value" : 
          [
            "gate"
          ]
        },
        {
          "name" : "TIMEOUT",
          "value" : 30.0
        },
        {
          "name" : "WORKING_DIRECTORY",
          "value" : "/workspaces/E-HGP/build/v7_next_q2_qualification"
        }
      ]
    },
    {
      "backtrace" : 873,
      "command" : 
      [
        "/usr/bin/cmake",
        "-DEXPECTED=4",
        "-DCMD=/workspaces/E-HGP/build/v7_next_q2_qualification/mhgp7_arithmetic_integer_gate",
        "-DARGS=--case=oracle-only --mutant=obig-carry-lost",
        "-DEXPECT_LINE=",
        "-DEXPECT_PREFIX=arithmetic_integer_gate=mutant_killed case=oracle-only mutant=obig-carry-lost divergence=oracle.W2_carry",
        "-P",
        "/workspaces/E-HGP/morsehgp3D_v7/cmake/run_expect.cmake"
      ],
      "name" : "mhgp7_arithmetic_integer_oracle_carry",
      "properties" : 
      [
        {
          "name" : "LABELS",
          "value" : 
          [
            "gate"
          ]
        },
        {
          "name" : "TIMEOUT",
          "value" : 30.0
        },
        {
          "name" : "WORKING_DIRECTORY",
          "value" : "/workspaces/E-HGP/build/v7_next_q2_qualification"
        }
      ]
    },
    {
      "backtrace" : 876,
      "command" : 
      [
        "/usr/bin/cmake",
        "-DEXPECTED=2",
        "-DCMD=/workspaces/E-HGP/build/v7_next_q2_qualification/mhgp7_arithmetic_integer_gate",
        "-DARGS=--case=unknown",
        "-DEXPECT_LINE=",
        "-DEXPECT_PREFIX=",
        "-P",
        "/workspaces/E-HGP/morsehgp3D_v7/cmake/run_expect.cmake"
      ],
      "name" : "mhgp7_arithmetic_integer_bad_case",
      "properties" : 
      [
        {
          "name" : "LABELS",
          "value" : 
          [
            "gate"
          ]
        },
        {
          "name" : "TIMEOUT",
          "value" : 30.0
        },
        {
          "name" : "WORKING_DIRECTORY",
          "value" : "/workspaces/E-HGP/build/v7_next_q2_qualification"
        }
      ]
    },
    {
      "backtrace" : 879,
      "command" : 
      [
        "/usr/bin/cmake",
        "-DEXPECTED=2",
        "-DCMD=/workspaces/E-HGP/build/v7_next_q2_qualification/mhgp7_arithmetic_integer_gate",
        "-DARGS=--case=u320-only --mutant=missing",
        "-DEXPECT_LINE=",
        "-DEXPECT_PREFIX=",
        "-P",
        "/workspaces/E-HGP/morsehgp3D_v7/cmake/run_expect.cmake"
      ],
      "name" : "mhgp7_arithmetic_integer_bad_mutant",
      "properties" : 
      [
        {
          "name" : "LABELS",
          "value" : 
          [
            "gate"
          ]
        },
        {
          "name" : "TIMEOUT",
          "value" : 30.0
        },
        {
          "name" : "WORKING_DIRECTORY",
          "value" : "/workspaces/E-HGP/build/v7_next_q2_qualification"
        }
      ]
    },
    {
      "backtrace" : 882,
      "command" : 
      [
        "/usr/bin/cmake",
        "-DEXPECTED=2",
        "-DCMD=/workspaces/E-HGP/build/v7_next_q2_qualification/mhgp7_arithmetic_integer_gate",
        "-DARGS=--case=all --mutant=level-trunc-hi",
        "-DEXPECT_LINE=",
        "-DEXPECT_PREFIX=",
        "-P",
        "/workspaces/E-HGP/morsehgp3D_v7/cmake/run_expect.cmake"
      ],
      "name" : "mhgp7_arithmetic_integer_case_mismatch",
      "properties" : 
      [
        {
          "name" : "LABELS",
          "value" : 
          [
            "gate"
          ]
        },
        {
          "name" : "TIMEOUT",
          "value" : 30.0
        },
        {
          "name" : "WORKING_DIRECTORY",
          "value" : "/workspaces/E-HGP/build/v7_next_q2_qualification"
        }
      ]
    },
    {
      "backtrace" : 885,
      "command" : 
      [
        "/usr/bin/cmake",
        "-DEXPECTED=0",
        "-DCMD=/workspaces/E-HGP/build/v7_next_q2_qualification/mhgp7_arithmetic_lanes_gate",
        "-DARGS=",
        "-DEXPECT_LINE=",
        "-DEXPECT_PREFIX=arithmetic_lanes_gate PASS",
        "-P",
        "/workspaces/E-HGP/morsehgp3D_v7/cmake/run_expect.cmake"
      ],
      "name" : "mhgp7_arithmetic_lanes",
      "properties" : 
      [
        {
          "name" : "LABELS",
          "value" : 
          [
            "gate"
          ]
        },
        {
          "name" : "TIMEOUT",
          "value" : 30.0
        },
        {
          "name" : "WORKING_DIRECTORY",
          "value" : "/workspaces/E-HGP/build/v7_next_q2_qualification"
        }
      ]
    },
    {
      "backtrace" : 888,
      "command" : 
      [
        "/usr/bin/cmake",
        "-DEXPECTED=0",
        "-DCMD=/workspaces/E-HGP/build/v7_next_q2_qualification/mhgp7_arithmetic_lanes_gate",
        "-DARGS=--case=q4-level-only",
        "-DEXPECT_LINE=",
        "-DEXPECT_PREFIX=arithmetic_lanes_gate PASS",
        "-P",
        "/workspaces/E-HGP/morsehgp3D_v7/cmake/run_expect.cmake"
      ],
      "name" : "mhgp7_arithmetic_lanes_q4_level",
      "properties" : 
      [
        {
          "name" : "LABELS",
          "value" : 
          [
            "gate"
          ]
        },
        {
          "name" : "TIMEOUT",
          "value" : 30.0
        },
        {
          "name" : "WORKING_DIRECTORY",
          "value" : "/workspaces/E-HGP/build/v7_next_q2_qualification"
        }
      ]
    },
    {
      "backtrace" : 891,
      "command" : 
      [
        "/usr/bin/cmake",
        "-DEXPECTED=0",
        "-DCMD=/workspaces/E-HGP/build/v7_next_q2_qualification/mhgp7_arithmetic_lanes_gate",
        "-DARGS=--case=oracle-only",
        "-DEXPECT_LINE=",
        "-DEXPECT_PREFIX=arithmetic_lanes_gate PASS",
        "-P",
        "/workspaces/E-HGP/morsehgp3D_v7/cmake/run_expect.cmake"
      ],
      "name" : "mhgp7_arithmetic_lanes_oracle",
      "properties" : 
      [
        {
          "name" : "LABELS",
          "value" : 
          [
            "gate"
          ]
        },
        {
          "name" : "TIMEOUT",
          "value" : 30.0
        },
        {
          "name" : "WORKING_DIRECTORY",
          "value" : "/workspaces/E-HGP/build/v7_next_q2_qualification"
        }
      ]
    },
    {
      "backtrace" : 894,
      "command" : 
      [
        "/usr/bin/cmake",
        "-DEXPECTED=3",
        "-DCMD=/workspaces/E-HGP/build/v7_next_q2_qualification/mhgp7_arithmetic_lanes_gate",
        "-DARGS=--case=oracle-overflow",
        "-DEXPECT_LINE=",
        "-DEXPECT_PREFIX=first_divergence=oracle.overflow inject=",
        "-P",
        "/workspaces/E-HGP/morsehgp3D_v7/cmake/run_expect.cmake"
      ],
      "name" : "mhgp7_arithmetic_lanes_oracle_overflow",
      "properties" : 
      [
        {
          "name" : "LABELS",
          "value" : 
          [
            "gate"
          ]
        },
        {
          "name" : "TIMEOUT",
          "value" : 30.0
        },
        {
          "name" : "WORKING_DIRECTORY",
          "value" : "/workspaces/E-HGP/build/v7_next_q2_qualification"
        }
      ]
    },
    {
      "backtrace" : 897,
      "command" : 
      [
        "/usr/bin/cmake",
        "-DEXPECTED=4",
        "-DCMD=/workspaces/E-HGP/build/v7_next_q2_qualification/mhgp7_arithmetic_lanes_gate",
        "-DARGS=--inject=q3-level-4g",
        "-DEXPECT_LINE=",
        "-DEXPECT_PREFIX=first_divergence=q3.level inject=q3-level-4g",
        "-P",
        "/workspaces/E-HGP/morsehgp3D_v7/cmake/run_expect.cmake"
      ],
      "name" : "mhgp7_arithmetic_q3_factor",
      "properties" : 
      [
        {
          "name" : "LABELS",
          "value" : 
          [
            "gate"
          ]
        },
        {
          "name" : "TIMEOUT",
          "value" : 30.0
        },
        {
          "name" : "WORKING_DIRECTORY",
          "value" : "/workspaces/E-HGP/build/v7_next_q2_qualification"
        }
      ]
    },
    {
      "backtrace" : 900,
      "command" : 
      [
        "/usr/bin/cmake",
        "-DEXPECTED=4",
        "-DCMD=/workspaces/E-HGP/build/v7_next_q2_qualification/mhgp7_arithmetic_lanes_gate",
        "-DARGS=--inject=q4-center-parity",
        "-DEXPECT_LINE=",
        "-DEXPECT_PREFIX=first_divergence=q4.center inject=q4-center-parity",
        "-P",
        "/workspaces/E-HGP/morsehgp3D_v7/cmake/run_expect.cmake"
      ],
      "name" : "mhgp7_arithmetic_q4_parity",
      "properties" : 
      [
        {
          "name" : "LABELS",
          "value" : 
          [
            "gate"
          ]
        },
        {
          "name" : "TIMEOUT",
          "value" : 30.0
        },
        {
          "name" : "WORKING_DIRECTORY",
          "value" : "/workspaces/E-HGP/build/v7_next_q2_qualification"
        }
      ]
    },
    {
      "backtrace" : 903,
      "command" : 
      [
        "/usr/bin/cmake",
        "-DEXPECTED=4",
        "-DCMD=/workspaces/E-HGP/build/v7_next_q2_qualification/mhgp7_arithmetic_lanes_gate",
        "-DARGS=--inject=q4-eq-nonstrict",
        "-DEXPECT_LINE=",
        "-DEXPECT_PREFIX=first_divergence=q4.face_power inject=q4-eq-nonstrict",
        "-P",
        "/workspaces/E-HGP/morsehgp3D_v7/cmake/run_expect.cmake"
      ],
      "name" : "mhgp7_arithmetic_q4_face_boundary",
      "properties" : 
      [
        {
          "name" : "LABELS",
          "value" : 
          [
            "gate"
          ]
        },
        {
          "name" : "TIMEOUT",
          "value" : 30.0
        },
        {
          "name" : "WORKING_DIRECTORY",
          "value" : "/workspaces/E-HGP/build/v7_next_q2_qualification"
        }
      ]
    },
    {
      "backtrace" : 906,
      "command" : 
      [
        "/usr/bin/cmake",
        "-DEXPECTED=4",
        "-DCMD=/workspaces/E-HGP/build/v7_next_q2_qualification/mhgp7_arithmetic_lanes_gate",
        "-DARGS=--case=q4-level-only --inject=level-trunc-hi",
        "-DEXPECT_LINE=",
        "-DEXPECT_PREFIX=first_divergence=q4.level.num inject=level-trunc-hi",
        "-P",
        "/workspaces/E-HGP/morsehgp3D_v7/cmake/run_expect.cmake"
      ],
      "name" : "mhgp7_arithmetic_q4_u192_word2",
      "properties" : 
      [
        {
          "name" : "LABELS",
          "value" : 
          [
            "gate"
          ]
        },
        {
          "name" : "TIMEOUT",
          "value" : 30.0
        },
        {
          "name" : "WORKING_DIRECTORY",
          "value" : "/workspaces/E-HGP/build/v7_next_q2_qualification"
        }
      ]
    },
    {
      "backtrace" : 909,
      "command" : 
      [
        "/usr/bin/cmake",
        "-DEXPECTED=4",
        "-DCMD=/workspaces/E-HGP/build/v7_next_q2_qualification/mhgp7_arithmetic_lanes_gate",
        "-DARGS=--case=oracle-only --inject=obig-carry-lost",
        "-DEXPECT_LINE=",
        "-DEXPECT_PREFIX=first_divergence=oracle.literal-carry inject=obig-carry-lost",
        "-P",
        "/workspaces/E-HGP/morsehgp3D_v7/cmake/run_expect.cmake"
      ],
      "name" : "mhgp7_arithmetic_lanes_oracle_carry",
      "properties" : 
      [
        {
          "name" : "LABELS",
          "value" : 
          [
            "gate"
          ]
        },
        {
          "name" : "TIMEOUT",
          "value" : 30.0
        },
        {
          "name" : "WORKING_DIRECTORY",
          "value" : "/workspaces/E-HGP/build/v7_next_q2_qualification"
        }
      ]
    },
    {
      "backtrace" : 912,
      "command" : 
      [
        "/usr/bin/cmake",
        "-DEXPECTED=2",
        "-DCMD=/workspaces/E-HGP/build/v7_next_q2_qualification/mhgp7_arithmetic_lanes_gate",
        "-DARGS=--case=unknown",
        "-DEXPECT_LINE=",
        "-DEXPECT_PREFIX=",
        "-P",
        "/workspaces/E-HGP/morsehgp3D_v7/cmake/run_expect.cmake"
      ],
      "name" : "mhgp7_arithmetic_lanes_bad_case",
      "properties" : 
      [
        {
          "name" : "LABELS",
          "value" : 
          [
            "gate"
          ]
        },
        {
          "name" : "TIMEOUT",
          "value" : 30.0
        },
        {
          "name" : "WORKING_DIRECTORY",
          "value" : "/workspaces/E-HGP/build/v7_next_q2_qualification"
        }
      ]
    },
    {
      "backtrace" : 915,
      "command" : 
      [
        "/usr/bin/cmake",
        "-DEXPECTED=2",
        "-DCMD=/workspaces/E-HGP/build/v7_next_q2_qualification/mhgp7_arithmetic_lanes_gate",
        "-DARGS=--inject=missing",
        "-DEXPECT_LINE=",
        "-DEXPECT_PREFIX=",
        "-P",
        "/workspaces/E-HGP/morsehgp3D_v7/cmake/run_expect.cmake"
      ],
      "name" : "mhgp7_arithmetic_lanes_bad_inject",
      "properties" : 
      [
        {
          "name" : "LABELS",
          "value" : 
          [
            "gate"
          ]
        },
        {
          "name" : "TIMEOUT",
          "value" : 30.0
        },
        {
          "name" : "WORKING_DIRECTORY",
          "value" : "/workspaces/E-HGP/build/v7_next_q2_qualification"
        }
      ]
    },
    {
      "backtrace" : 918,
      "command" : 
      [
        "/usr/bin/cmake",
        "-DEXPECTED=2",
        "-DCMD=/workspaces/E-HGP/build/v7_next_q2_qualification/mhgp7_arithmetic_lanes_gate",
        "-DARGS=--case=all --case=all",
        "-DEXPECT_LINE=",
        "-DEXPECT_PREFIX=",
        "-P",
        "/workspaces/E-HGP/morsehgp3D_v7/cmake/run_expect.cmake"
      ],
      "name" : "mhgp7_arithmetic_lanes_duplicate_case",
      "properties" : 
      [
        {
          "name" : "LABELS",
          "value" : 
          [
            "gate"
          ]
        },
        {
          "name" : "TIMEOUT",
          "value" : 30.0
        },
        {
          "name" : "WORKING_DIRECTORY",
          "value" : "/workspaces/E-HGP/build/v7_next_q2_qualification"
        }
      ]
    },
    {
      "backtrace" : 921,
      "command" : 
      [
        "/usr/bin/cmake",
        "-DEXPECTED=2",
        "-DCMD=/workspaces/E-HGP/build/v7_next_q2_qualification/mhgp7_arithmetic_lanes_gate",
        "-DARGS=--inject=q3-level-4g --inject=q3-level-4g",
        "-DEXPECT_LINE=",
        "-DEXPECT_PREFIX=",
        "-P",
        "/workspaces/E-HGP/morsehgp3D_v7/cmake/run_expect.cmake"
      ],
      "name" : "mhgp7_arithmetic_lanes_duplicate_inject",
      "properties" : 
      [
        {
          "name" : "LABELS",
          "value" : 
          [
            "gate"
          ]
        },
        {
          "name" : "TIMEOUT",
          "value" : 30.0
        },
        {
          "name" : "WORKING_DIRECTORY",
          "value" : "/workspaces/E-HGP/build/v7_next_q2_qualification"
        }
      ]
    },
    {
      "backtrace" : 924,
      "command" : 
      [
        "/usr/bin/cmake",
        "-DEXPECTED=2",
        "-DCMD=/workspaces/E-HGP/build/v7_next_q2_qualification/mhgp7_arithmetic_lanes_gate",
        "-DARGS=--inject=",
        "-DEXPECT_LINE=",
        "-DEXPECT_PREFIX=",
        "-P",
        "/workspaces/E-HGP/morsehgp3D_v7/cmake/run_expect.cmake"
      ],
      "name" : "mhgp7_arithmetic_lanes_empty_inject",
      "properties" : 
      [
        {
          "name" : "LABELS",
          "value" : 
          [
            "gate"
          ]
        },
        {
          "name" : "TIMEOUT",
          "value" : 30.0
        },
        {
          "name" : "WORKING_DIRECTORY",
          "value" : "/workspaces/E-HGP/build/v7_next_q2_qualification"
        }
      ]
    },
    {
      "backtrace" : 927,
      "command" : 
      [
        "/usr/bin/cmake",
        "-DEXPECTED=2",
        "-DCMD=/workspaces/E-HGP/build/v7_next_q2_qualification/mhgp7_arithmetic_lanes_gate",
        "-DARGS=--case=all --inject=level-trunc-hi",
        "-DEXPECT_LINE=",
        "-DEXPECT_PREFIX=",
        "-P",
        "/workspaces/E-HGP/morsehgp3D_v7/cmake/run_expect.cmake"
      ],
      "name" : "mhgp7_arithmetic_lanes_u192_case_mismatch",
      "properties" : 
      [
        {
          "name" : "LABELS",
          "value" : 
          [
            "gate"
          ]
        },
        {
          "name" : "TIMEOUT",
          "value" : 30.0
        },
        {
          "name" : "WORKING_DIRECTORY",
          "value" : "/workspaces/E-HGP/build/v7_next_q2_qualification"
        }
      ]
    },
    {
      "backtrace" : 930,
      "command" : 
      [
        "/usr/bin/cmake",
        "-DEXPECTED=2",
        "-DCMD=/workspaces/E-HGP/build/v7_next_q2_qualification/mhgp7_arithmetic_lanes_gate",
        "-DARGS=--case=all --inject=obig-carry-lost",
        "-DEXPECT_LINE=",
        "-DEXPECT_PREFIX=",
        "-P",
        "/workspaces/E-HGP/morsehgp3D_v7/cmake/run_expect.cmake"
      ],
      "name" : "mhgp7_arithmetic_lanes_oracle_case_mismatch",
      "properties" : 
      [
        {
          "name" : "LABELS",
          "value" : 
          [
            "gate"
          ]
        },
        {
          "name" : "TIMEOUT",
          "value" : 30.0
        },
        {
          "name" : "WORKING_DIRECTORY",
          "value" : "/workspaces/E-HGP/build/v7_next_q2_qualification"
        }
      ]
    },
    {
      "backtrace" : 933,
      "command" : 
      [
        "/usr/bin/cmake",
        "-DEXPECTED=0",
        "-DCMD=/workspaces/E-HGP/build/v7_next_q2_qualification/mhgp7_meb_lazy_gate",
        "-DARGS=",
        "-DEXPECT_LINE=",
        "-DEXPECT_PREFIX=meb_lazy_gate=passed mutant=none divergence=none",
        "-P",
        "/workspaces/E-HGP/morsehgp3D_v7/cmake/run_expect.cmake"
      ],
      "name" : "mhgp7_meb_lazy",
      "properties" : 
      [
        {
          "name" : "LABELS",
          "value" : 
          [
            "gate"
          ]
        },
        {
          "name" : "TIMEOUT",
          "value" : 30.0
        },
        {
          "name" : "WORKING_DIRECTORY",
          "value" : "/workspaces/E-HGP/build/v7_next_q2_qualification"
        }
      ]
    },
    {
      "backtrace" : 936,
      "command" : 
      [
        "/usr/bin/cmake",
        "-DEXPECTED=4",
        "-DCMD=/workspaces/E-HGP/build/v7_next_q2_qualification/mhgp7_meb_lazy_gate",
        "-DARGS=--mutant=silent-meb-q2-reject-shell",
        "-DEXPECT_LINE=",
        "-DEXPECT_PREFIX=meb_lazy_gate=mutant_killed mutant=silent-meb-q2-reject-shell divergence=differential.status_reason",
        "-P",
        "/workspaces/E-HGP/morsehgp3D_v7/cmake/run_expect.cmake"
      ],
      "name" : "mhgp7_meb_lazy_q2_reject_shell",
      "properties" : 
      [
        {
          "name" : "LABELS",
          "value" : 
          [
            "gate"
          ]
        },
        {
          "name" : "TIMEOUT",
          "value" : 30.0
        },
        {
          "name" : "WORKING_DIRECTORY",
          "value" : "/workspaces/E-HGP/build/v7_next_q2_qualification"
        }
      ]
    },
    {
      "backtrace" : 939,
      "command" : 
      [
        "/usr/bin/cmake",
        "-DEXPECTED=4",
        "-DCMD=/workspaces/E-HGP/build/v7_next_q2_qualification/mhgp7_meb_lazy_gate",
        "-DARGS=--mutant=silent-meb-q3-reject-shell",
        "-DEXPECT_LINE=",
        "-DEXPECT_PREFIX=meb_lazy_gate=mutant_killed mutant=silent-meb-q3-reject-shell divergence=differential.status_reason",
        "-P",
        "/workspaces/E-HGP/morsehgp3D_v7/cmake/run_expect.cmake"
      ],
      "name" : "mhgp7_meb_lazy_q3_reject_shell",
      "properties" : 
      [
        {
          "name" : "LABELS",
          "value" : 
          [
            "gate"
          ]
        },
        {
          "name" : "TIMEOUT",
          "value" : 30.0
        },
        {
          "name" : "WORKING_DIRECTORY",
          "value" : "/workspaces/E-HGP/build/v7_next_q2_qualification"
        }
      ]
    },
    {
      "backtrace" : 942,
      "command" : 
      [
        "/usr/bin/cmake",
        "-DEXPECTED=4",
        "-DCMD=/workspaces/E-HGP/build/v7_next_q2_qualification/mhgp7_meb_lazy_gate",
        "-DARGS=--mutant=silent-meb-q4-reject-shell",
        "-DEXPECT_LINE=",
        "-DEXPECT_PREFIX=meb_lazy_gate=mutant_killed mutant=silent-meb-q4-reject-shell divergence=differential.status_reason",
        "-P",
        "/workspaces/E-HGP/morsehgp3D_v7/cmake/run_expect.cmake"
      ],
      "name" : "mhgp7_meb_lazy_q4_reject_shell",
      "properties" : 
      [
        {
          "name" : "LABELS",
          "value" : 
          [
            "gate"
          ]
        },
        {
          "name" : "TIMEOUT",
          "value" : 30.0
        },
        {
          "name" : "WORKING_DIRECTORY",
          "value" : "/workspaces/E-HGP/build/v7_next_q2_qualification"
        }
      ]
    },
    {
      "backtrace" : 945,
      "command" : 
      [
        "/usr/bin/cmake",
        "-DEXPECTED=4",
        "-DCMD=/workspaces/E-HGP/build/v7_next_q2_qualification/mhgp7_meb_lazy_gate",
        "-DARGS=--mutant=silent-meb-eager-materialization",
        "-DEXPECT_LINE=",
        "-DEXPECT_PREFIX=meb_lazy_gate=mutant_killed mutant=silent-meb-eager-materialization divergence=logical_rejected_materialization",
        "-P",
        "/workspaces/E-HGP/morsehgp3D_v7/cmake/run_expect.cmake"
      ],
      "name" : "mhgp7_meb_lazy_eager_materialization",
      "properties" : 
      [
        {
          "name" : "LABELS",
          "value" : 
          [
            "gate"
          ]
        },
        {
          "name" : "TIMEOUT",
          "value" : 30.0
        },
        {
          "name" : "WORKING_DIRECTORY",
          "value" : "/workspaces/E-HGP/build/v7_next_q2_qualification"
        }
      ]
    },
    {
      "backtrace" : 948,
      "command" : 
      [
        "/usr/bin/cmake",
        "-DEXPECTED=2",
        "-DCMD=/workspaces/E-HGP/build/v7_next_q2_qualification/mhgp7_meb_lazy_gate",
        "-DARGS=--mutant=unknown",
        "-DEXPECT_LINE=",
        "-DEXPECT_PREFIX=",
        "-P",
        "/workspaces/E-HGP/morsehgp3D_v7/cmake/run_expect.cmake"
      ],
      "name" : "mhgp7_meb_lazy_unknown_mutant",
      "properties" : 
      [
        {
          "name" : "LABELS",
          "value" : 
          [
            "gate"
          ]
        },
        {
          "name" : "TIMEOUT",
          "value" : 30.0
        },
        {
          "name" : "WORKING_DIRECTORY",
          "value" : "/workspaces/E-HGP/build/v7_next_q2_qualification"
        }
      ]
    },
    {
      "backtrace" : 951,
      "command" : 
      [
        "/usr/bin/cmake",
        "-DEXPECTED=2",
        "-DCMD=/workspaces/E-HGP/build/v7_next_q2_qualification/mhgp7_meb_lazy_gate",
        "-DARGS=--mutant=",
        "-DEXPECT_LINE=",
        "-DEXPECT_PREFIX=",
        "-P",
        "/workspaces/E-HGP/morsehgp3D_v7/cmake/run_expect.cmake"
      ],
      "name" : "mhgp7_meb_lazy_empty_mutant",
      "properties" : 
      [
        {
          "name" : "LABELS",
          "value" : 
          [
            "gate"
          ]
        },
        {
          "name" : "TIMEOUT",
          "value" : 30.0
        },
        {
          "name" : "WORKING_DIRECTORY",
          "value" : "/workspaces/E-HGP/build/v7_next_q2_qualification"
        }
      ]
    },
    {
      "backtrace" : 954,
      "command" : 
      [
        "/usr/bin/cmake",
        "-DEXPECTED=2",
        "-DCMD=/workspaces/E-HGP/build/v7_next_q2_qualification/mhgp7_meb_lazy_gate",
        "-DARGS=--mutant=silent-meb-q3-reject-shell --mutant=silent-meb-q3-reject-shell",
        "-DEXPECT_LINE=",
        "-DEXPECT_PREFIX=",
        "-P",
        "/workspaces/E-HGP/morsehgp3D_v7/cmake/run_expect.cmake"
      ],
      "name" : "mhgp7_meb_lazy_duplicate_mutant",
      "properties" : 
      [
        {
          "name" : "LABELS",
          "value" : 
          [
            "gate"
          ]
        },
        {
          "name" : "TIMEOUT",
          "value" : 30.0
        },
        {
          "name" : "WORKING_DIRECTORY",
          "value" : "/workspaces/E-HGP/build/v7_next_q2_qualification"
        }
      ]
    }
  ],
  "version" : 
  {
    "major" : 1,
    "minor" : 0
  }
}