rectangle_ordinal	begin	end	s2_rectangle_mask
0	0	0	0
1	0	0	0
2	0	0	0
3	0	0	0
4	0	0	0
5	0	0	0
6	0	0	2
7	0	0	0
8	0	0	0
9	0	0	0
10	0	0	0
11	0	0	0
12	0	0	0
13	0	0	0
14	0	2	6
15	2	2	0
16	2	3	6
17	3	3	2
18	3	4	6
19	4	5	6
20	5	5	0
21	5	5	0
22	5	6	6
23	6	6	0
24	6	6	0
25	6	6	0
26	6	6	0
27	6	6	0
28	6	6	6
29	6	6	0
30	6	6	0
31	6	6	0
32	6	6	2
33	6	7	6
34	7	8	6
35	8	8	6
36	8	10	6
37	10	11	6
38	11	11	0
39	11	12	6
40	12	12	0
41	12	12	0
42	12	12	0
43	12	12	0
44	12	12	0
45	12	13	6
46	13	13	0
47	13	13	0
48	13	13	0
49	13	15	6
50	15	15	0
51	15	16	6
52	16	16	0
53	16	16	0
54	16	16	0
55	16	16	0
56	16	16	0
57	16	16	0
58	16	16	0
59	16	16	0
60	16	16	0
61	16	17	6
62	17	18	6
63	18	19	6
64	19	20	6
65	20	22	6
66	22	24	6
67	24	26	6
68	26	28	6
69	28	30	6
70	30	32	6
71	32	33	6
72	33	33	0
73	33	35	6
74	35	35	0
75	35	35	0
76	35	35	0
77	35	35	0
78	35	36	6
79	36	37	6
80	37	38	6
81	38	39	6
82	39	41	6
83	41	42	2
84	42	42	0
85	42	42	4
86	42	44	6
87	44	46	6
88	46	50	6
89	50	54	6
90	54	56	6
91	56	57	6
92	57	59	6
93	59	61	6
94	61	61	0
95	61	61	0
96	61	63	6
97	63	65	6
98	65	65	0
99	65	65	0
100	65	65	0
101	65	65	0
102	65	65	0
103	65	67	6
104	67	67	0
105	67	68	6
106	68	68	0
107	68	69	2
108	69	71	6
109	71	73	6
110	73	75	6
111	75	76	6
112	76	77	2
113	77	79	6
114	79	79	0
115	79	79	0
116	79	81	6
117	81	81	0
118	81	81	0
119	81	83	6
120	83	85	6
121	85	85	0
122	85	89	6
123	89	89	0
124	89	89	0
125	89	89	0
126	89	89	0
127	89	89	0
128	89	89	0
129	89	89	0
130	89	89	4
131	89	89	0
132	89	89	0
133	89	89	0
134	89	89	0
135	89	89	0
136	89	89	0
137	89	89	0
138	89	89	0
139	89	89	0
140	89	89	0
141	89	89	0
142	89	89	0
143	89	89	0
144	89	89	0
145	89	89	0
146	89	89	0
147	89	89	0
148	89	89	0
149	89	89	0
150	89	89	0
151	89	89	0
152	89	89	0
153	89	89	0
154	89	89	0
155	89	89	0
156	89	89	0
157	89	89	0
158	89	89	0
159	89	89	0
160	89	89	0
161	89	89	0
162	89	89	0
163	89	89	0
164	89	89	0
165	89	89	0
166	89	89	0
167	89	89	0
168	89	95	2
169	95	101	2
170	101	101	0
171	101	101	0
172	101	101	0
173	101	103	2
174	103	105	6
175	105	107	6
176	107	107	0
177	107	107	0
178	107	109	6
179	109	109	0
180	109	109	0
181	109	109	2
182	109	109	0
183	109	109	0
184	109	109	0
185	109	109	0
186	109	115	6
187	115	118	2
188	118	120	2
189	120	121	2
190	121	122	6
191	122	123	6
192	123	123	0
193	123	123	2
194	123	123	0
195	123	123	0
196	123	127	6
197	127	131	6
198	131	131	4
199	131	132	6
200	132	135	6
201	135	141	6
202	141	142	6
203	142	143	6
204	143	144	6
205	144	145	6
206	145	146	6
207	146	147	6
208	147	149	6
209	149	151	6
210	151	153	6
211	153	154	6
212	154	154	0
213	154	156	6
214	156	157	6
215	157	159	6
216	159	161	6
217	161	162	6
218	162	166	6
219	166	168	6
220	168	168	0
221	168	168	0
222	168	168	0
223	168	168	0
224	168	168	0
225	168	168	0
226	168	168	0
227	168	171	6
228	171	173	6
229	173	174	2
230	174	174	0
231	174	174	0
232	174	175	2
233	175	176	6
234	176	178	6
235	178	178	0
236	178	179	6
237	179	181	6
238	181	181	0
239	181	181	0
240	181	181	0
241	181	181	0
242	181	181	0
243	181	181	0
244	181	181	0
245	181	181	0
246	181	181	0
247	181	181	2
248	181	181	0
249	181	181	0
250	181	181	0
251	181	181	0
252	181	181	0
253	181	181	0
254	181	181	0
255	181	181	0
256	181	181	0
257	181	182	4
258	182	183	2
259	183	183	0
260	183	183	0
261	183	183	0
262	183	183	0
263	183	183	0
264	183	183	0
265	183	183	0
266	183	183	6
267	183	183	0
268	183	184	2
269	184	185	6
270	185	186	6
271	186	186	0
272	186	189	6
273	189	193	6
274	193	194	6
275	194	195	6
276	195	199	6
277	199	199	0
278	199	199	0
279	199	199	0
280	199	199	0
281	199	199	0
282	199	199	0
283	199	199	0
284	199	199	0
285	199	199	0
286	199	199	0
287	199	199	0
288	199	199	0
289	199	199	0
290	199	201	6
291	201	202	6
292	202	203	6
293	203	204	6
294	204	206	6
295	206	208	6
296	208	208	0
297	208	208	0
298	208	208	0
299	208	208	0
300	208	208	0
301	208	208	0
302	208	208	0
303	208	208	0
304	208	208	0
305	208	208	0
306	208	208	0
307	208	208	0
308	208	208	0
309	208	208	0
310	208	208	0
311	208	208	0
312	208	208	0
313	208	208	0
314	208	216	6
315	216	219	6
316	219	219	0
317	219	230	6
318	230	234	6
319	234	234	0
320	234	234	0
321	234	234	0
322	234	234	0
323	234	234	0
324	234	234	0
325	234	234	0
326	234	234	0
327	234	234	0
328	234	234	0
329	234	234	0
330	234	234	0
331	234	234	0
332	234	234	0
333	234	234	0
334	234	234	0
335	234	234	0
336	234	234	0
337	234	234	0
338	234	234	0
339	234	234	0
340	234	234	0
341	234	234	0
342	234	234	0
343	234	234	0
344	234	234	0
345	234	234	0
346	234	234	6
347	234	234	0
348	234	234	6
349	234	234	0
350	234	234	0
351	234	234	0
352	234	234	0
353	234	234	0
354	234	234	0
355	234	234	0
356	234	234	0
357	234	234	0
358	234	234	0
359	234	234	0
360	234	234	0
361	234	235	6
362	235	235	0
363	235	235	0
364	235	235	0
365	235	235	0
366	235	235	0
367	235	237	6
368	237	243	6
369	243	243	0
370	243	243	4
371	243	243	6
372	243	243	0
373	243	243	6
374	243	243	6
375	243	243	0
376	243	243	0
377	243	243	0
378	243	254	6
379	254	256	6
380	256	256	0
381	256	262	6
382	262	265	6
383	265	271	6
384	271	271	6
385	271	271	0
386	271	275	6
387	275	277	6
388	277	277	6
389	277	277	0
390	277	277	0
391	277	277	0
392	277	279	6
393	279	285	6
394	285	285	0
395	285	285	6
396	285	285	0
397	285	285	4
398	285	285	0
399	285	285	0
400	285	285	0
401	285	295	6
402	295	299	6
403	299	303	6
404	303	303	0
405	303	305	6
406	305	309	6
407	309	313	6
408	313	317	6
409	317	323	6
410	323	323	0
411	323	323	4
412	323	323	0
413	323	323	0
414	323	323	0
415	323	323	0
416	323	323	0
417	323	323	0
418	323	323	0
419	323	323	0
420	323	323	0
421	323	323	0
422	323	323	0
423	323	323	0
424	323	323	0
425	323	323	0
426	323	323	0
427	323	323	0
428	323	323	0
429	323	323	0
430	323	323	0
431	323	323	0
432	323	323	6
433	323	323	6
434	323	323	6
435	323	323	0
436	323	323	6
437	323	323	0
438	323	323	0
439	323	323	0
440	323	323	0
441	323	323	0
442	323	323	0
443	323	323	0
444	323	323	0
445	323	323	0
446	323	323	6
447	323	323	6
448	323	323	0
449	323	323	0
450	323	323	0
451	323	323	0
452	323	323	0
453	323	323	0
454	323	323	0
455	323	329	6
456	329	335	6
457	335	335	6
458	335	335	0
459	335	335	6
460	335	335	0
461	335	337	6
462	337	340	6
463	340	343	6
464	343	347	6
465	347	347	0
466	347	347	0
467	347	347	0
468	347	347	0
469	347	347	0
470	347	347	0
471	347	347	0
472	347	347	0
473	347	347	0
474	347	359	6
475	359	359	6
476	359	359	6
477	359	361	6
478	361	368	6
479	368	381	6
480	381	381	0
481	381	381	0
482	381	381	0
483	381	381	0
484	381	381	0
485	381	381	0
486	381	381	0
487	381	381	0
488	381	381	0
489	381	381	0
490	381	381	0
491	381	381	0
492	381	381	0
493	381	381	0
494	381	381	0
495	381	381	0
496	381	381	0
497	381	381	0
498	381	381	0
499	381	381	0
500	381	381	0
501	381	381	0
502	381	381	0
503	381	381	0
504	381	381	0
505	381	381	0
506	381	381	0
507	381	381	0
508	381	385	6
509	385	385	6
510	385	385	6
511	385	389	6
512	389	389	0
513	389	389	0
514	389	389	0
515	389	391	6
516	391	393	6
517	393	393	4
518	393	393	4
519	393	393	4
520	393	393	0
521	393	393	6
522	393	396	6
523	396	396	0
524	396	396	0
525	396	402	6
526	402	409	6
527	409	413	6
528	413	416	6
529	416	422	6
530	422	422	4
531	422	422	6
532	422	422	0
533	422	422	4
534	422	422	6
535	422	425	6
536	425	425	0
537	425	425	0
538	425	425	0
539	425	425	0
540	425	425	0
541	425	425	0
542	425	425	0
543	425	425	0
544	425	425	0
545	425	425	0
546	425	425	0
547	425	425	0
548	425	425	0
549	425	425	0
550	425	425	0
551	425	427	6
552	427	429	6
553	429	435	6
554	435	439	6
555	439	440	2
556	440	445	6
557	445	449	6
558	449	449	4
559	449	449	4
560	449	449	2
561	449	449	0
562	449	451	6
563	451	451	2
564	451	451	0
565	451	451	0
566	451	451	0
567	451	451	0
568	451	451	0
569	451	451	0
570	451	468	6
571	468	474	6
572	474	484	6
573	484	491	6
574	491	491	6
575	491	495	6
576	495	495	4
577	495	495	2
578	495	496	6
579	496	496	2
580	496	496	0
581	496	500	6
582	500	500	6
583	500	500	0
584	500	503	6
585	503	503	0
586	503	503	2
587	503	503	0
588	503	503	0
589	503	509	6
590	509	517	6
591	517	517	6
592	517	519	6
593	519	522	6
594	522	522	0
595	522	522	0
596	522	522	0
597	522	522	0
598	522	522	0
599	522	522	0
600	522	522	0
601	522	522	0
602	522	522	0
603	522	522	0
604	522	522	0
605	522	522	0
606	522	522	0
607	522	522	0
608	522	522	0
609	522	522	0
610	522	522	0
611	522	523	6
612	523	524	6
613	524	525	6
614	525	527	6
615	527	528	6
616	528	529	6
617	529	530	6
618	530	531	6
619	531	533	6
620	533	535	6
621	535	536	6
622	536	538	6
623	538	539	6
624	539	539	0
625	539	539	0
626	539	539	0
627	539	540	6
628	540	541	6
629	541	542	6
630	542	542	0
631	542	542	0
632	542	542	0
633	542	544	6
634	544	547	6
635	547	549	6
636	549	550	6
637	550	550	0
638	550	551	6
639	551	551	0
640	551	552	6
641	552	553	6
642	553	554	6
643	554	555	6
644	555	557	6
645	557	557	4
646	557	557	0
647	557	557	6
648	557	557	0
649	557	557	0
650	557	557	0
651	557	557	6
652	557	558	6
653	558	559	6
654	559	559	0
655	559	559	0
656	559	559	0
657	559	559	0
658	559	559	0
659	559	559	0
660	559	559	0
661	559	559	0
662	559	559	0
663	559	559	0
664	559	559	0
665	559	559	0
666	559	559	0
667	559	559	0
668	559	559	0
669	559	559	0
670	559	559	0
671	559	559	0
672	559	559	0
673	559	559	0
674	559	559	0
675	559	559	0
676	559	559	0
677	559	559	0
678	559	559	0
679	559	559	0
680	559	561	6
681	561	561	0
682	561	561	0
683	561	561	4
684	561	561	4
685	561	562	6
686	562	562	0
687	562	562	0
688	562	562	0
689	562	562	0
690	562	562	0
691	562	562	4
692	562	562	0
693	562	562	2
694	562	562	0
695	562	562	0
696	562	562	6
697	562	565	6
698	565	565	0
699	565	565	6
700	565	569	6
701	569	569	6
702	569	569	0
703	569	569	0
704	569	571	6
705	571	573	6
706	573	573	0
707	573	574	2
708	574	574	4
709	574	576	6
710	576	576	0
711	576	580	6
712	580	580	2
713	580	581	6
714	581	583	6
715	583	584	6
716	584	584	6
717	584	586	6
718	586	590	6
719	590	595	6
720	595	598	6
721	598	599	6
722	599	602	6
723	602	602	0
724	602	602	0
725	602	602	0
726	602	602	0
727	602	602	0
728	602	602	0
729	602	602	0
730	602	602	0
731	602	602	0
732	602	602	0
733	602	602	0
734	602	602	0
735	602	602	0
736	602	602	0
737	602	602	0
738	602	604	6
739	604	606	6
740	606	606	0
741	606	609	6
742	609	609	0
743	609	612	6
744	612	614	6
745	614	615	6
746	615	615	0
747	615	618	6
748	618	618	0
749	618	618	0
750	618	619	6
751	619	620	6
752	620	620	0
753	620	620	6
754	620	620	0
755	620	621	6
756	621	622	6
757	622	623	6
758	623	624	6
759	624	624	0
760	624	626	6
761	626	626	0
762	626	626	0
763	626	626	0
764	626	626	0
765	626	627	6
766	627	629	6
767	629	630	6
768	630	631	2
769	631	633	6
770	633	637	6
771	637	637	4
772	637	638	6
773	638	638	6
774	638	638	0
775	638	638	0
776	638	638	0
777	638	638	0
778	638	639	6
779	639	641	6
780	641	643	6
781	643	643	0
782	643	645	6
783	645	646	6
784	646	647	6
785	647	647	6
786	647	647	0
787	647	647	0
788	647	647	0
789	647	647	0
790	647	647	0
791	647	648	6
792	648	649	4
793	649	651	6
794	651	651	2
795	651	651	0
796	651	655	6
797	655	655	0
798	655	655	0
799	655	655	0
800	655	657	6
801	657	658	6
802	658	658	0
803	658	658	0
804	658	658	0
805	658	658	0
806	658	658	0
807	658	659	6
808	659	660	6
809	660	661	6
810	661	664	6
811	664	665	6
812	665	665	0
813	665	667	6
814	667	668	6
815	668	668	2
816	668	669	6
817	669	669	0
818	669	669	0
819	669	669	0
820	669	669	0
821	669	669	0
822	669	669	0
823	669	669	0
824	669	669	4
825	669	669	0
826	669	669	0
827	669	669	0
828	669	669	0
829	669	669	0
830	669	669	0
831	669	669	0
832	669	670	6
833	670	670	0
834	670	670	0
835	670	670	0
836	670	670	0
837	670	670	0
838	670	670	0
839	670	670	0
840	670	670	0
841	670	670	0
842	670	670	0
843	670	670	0
844	670	670	0
845	670	670	0
846	670	670	0
847	670	670	0
848	670	671	6
849	671	673	6
850	673	675	6
851	675	675	0
852	675	677	6
853	677	679	6
854	679	679	0
855	679	679	0
856	679	679	0
857	679	679	0
858	679	679	0
859	679	681	6
860	681	681	0
861	681	681	0
862	681	681	0
863	681	681	0
864	681	681	2
865	681	681	0
866	681	681	0
867	681	681	0
868	681	681	0
869	681	682	2
870	682	682	0
871	682	682	0
872	682	682	0
873	682	684	6
874	684	686	6
875	686	686	0
876	686	687	6
877	687	687	4
878	687	691	6
879	691	691	6
880	691	691	6
881	691	696	6
882	696	697	6
883	697	698	4
884	698	698	0
885	698	698	0
886	698	698	0
887	698	698	0
888	698	698	0
889	698	698	0
890	698	698	0
891	698	698	0
892	698	698	0
893	698	698	0
894	698	698	0
895	698	698	0
896	698	698	0
897	698	698	0
898	698	698	0
899	698	698	0
900	698	698	0
901	698	698	0
902	698	698	0
903	698	698	0
904	698	698	0
905	698	698	0
906	698	698	0
907	698	698	0
908	698	698	0
909	698	698	0
910	698	698	0
911	698	698	0
912	698	699	6
913	699	699	0
914	699	699	2
915	699	699	0
916	699	699	0
917	699	699	0
918	699	699	6
919	699	699	6
920	699	699	6
921	699	699	0
922	699	699	0
923	699	699	0
924	699	699	0
925	699	699	0
926	699	699	0
927	699	699	0
928	699	699	0
929	699	699	0
930	699	699	0
931	699	700	6
932	700	701	6
933	701	702	6
934	702	705	6
935	705	705	0
936	705	708	6
937	708	709	6
938	709	709	0
939	709	709	0
940	709	709	0
941	709	709	6
942	709	709	0
943	709	709	0
944	709	709	0
945	709	709	0
946	709	709	0
947	709	709	0
948	709	709	0
949	709	709	0
950	709	709	0
951	709	709	0
952	709	709	0
953	709	709	0
954	709	709	4
955	709	710	6
956	710	711	6
957	711	712	6
958	712	712	0
959	712	712	0
960	712	713	4
961	713	713	0
962	713	716	6
963	716	717	6
964	717	717	4
965	717	717	0
966	717	717	0
967	717	717	0
968	717	717	0
969	717	718	6
970	718	718	0
971	718	720	6
972	720	721	6
973	721	721	0
974	721	721	0
975	721	721	0
976	721	721	0
977	721	721	0
978	721	721	0
979	721	721	0
980	721	721	0
981	721	721	0
982	721	721	0
983	721	721	0
984	721	721	0
985	721	722	6
986	722	723	6
987	723	724	6
988	724	725	6
989	725	726	6
990	726	727	6
991	727	728	6
992	728	728	0
993	728	728	0
994	728	729	6
995	729	730	6
996	730	731	6
997	731	732	6
998	732	733	6
999	733	734	6
1000	734	735	4
1001	735	736	6
1002	736	737	6
1003	737	738	6
1004	738	739	6
1005	739	740	6
1006	740	741	6
1007	741	742	2
1008	742	743	6
1009	743	744	6
1010	744	745	6
1011	745	746	6
1012	746	747	6
1013	747	747	0
1014	747	747	0
1015	747	747	0
1016	747	747	0
1017	747	747	0
1018	747	747	0
1019	747	748	6
1020	748	749	2
1021	749	749	0
1022	749	749	0
1023	749	750	2
1024	750	750	0
1025	750	750	0
1026	750	751	6
1027	751	752	2
1028	752	752	0
1029	752	752	0
1030	752	752	0
1031	752	752	0
1032	752	752	0
1033	752	752	0
1034	752	752	0
1035	752	752	0
1036	752	752	0
1037	752	754	2
1038	754	755	2
1039	755	755	0
1040	755	755	0
1041	755	755	0
1042	755	755	0
1043	755	755	0
1044	755	755	0
1045	755	755	0
1046	755	756	2
1047	756	757	6
1048	757	758	6
1049	758	759	6
1050	759	759	0
1051	759	759	0
1052	759	759	0
1053	759	759	0
1054	759	759	0
1055	759	760	6
1056	760	760	0
1057	760	760	0
1058	760	761	4
1059	761	762	6
1060	762	763	6
1061	763	764	6
1062	764	765	6
1063	765	765	0
1064	765	765	0
1065	765	767	6
1066	767	767	0
1067	767	767	0
1068	767	767	0
1069	767	767	0
1070	767	768	2
1071	768	769	6
1072	769	770	6
1073	770	771	6
1074	771	771	0
1075	771	771	0
1076	771	771	0
1077	771	771	0
1078	771	771	0
1079	771	771	0
1080	771	772	6
1081	772	774	6
1082	774	775	6
1083	775	776	6
1084	776	777	6
1085	777	779	6
1086	779	780	6
1087	780	781	6
1088	781	782	6
1089	782	782	0
1090	782	784	6
1091	784	784	0
1092	784	784	0
1093	784	784	0
1094	784	784	0
1095	784	784	0
1096	784	784	0
1097	784	784	0
1098	784	784	0
1099	784	784	0
1100	784	784	0
1101	784	784	0
1102	784	784	0
1103	784	784	0
1104	784	784	0
1105	784	784	0
1106	784	784	0
1107	784	784	0
1108	784	784	0
1109	784	784	0
1110	784	785	6
1111	785	785	0
1112	785	785	0
1113	785	785	0
1114	785	785	0
1115	785	785	0
1116	785	785	0
1117	785	785	0
1118	785	785	0
1119	785	785	0
1120	785	785	0
1121	785	785	0
1122	785	785	0
1123	785	785	0
1124	785	785	0
1125	785	785	0
1126	785	785	0
1127	785	785	0
1128	785	785	0
1129	785	785	0
1130	785	785	0
1131	785	785	0
1132	785	785	0
1133	785	785	0
1134	785	785	0
1135	785	785	0
1136	785	785	0
1137	785	785	0
1138	785	785	0
1139	785	785	0
1140	785	785	0
1141	785	785	0
1142	785	785	0
1143	785	785	0
1144	785	785	0
1145	785	785	0
1146	785	785	0
1147	785	785	0
1148	785	785	0
1149	785	785	0
1150	785	785	0
1151	785	785	0
1152	785	785	0
1153	785	785	0
1154	785	785	0
1155	785	785	0
1156	785	785	0
1157	785	785	0
1158	785	785	0
1159	785	785	0
1160	785	785	0
1161	785	785	0
1162	785	785	0
1163	785	785	0
1164	785	785	0
1165	785	785	0
1166	785	785	0
1167	785	785	0
1168	785	785	0
1169	785	785	0
1170	785	785	0
1171	785	785	0
1172	785	785	0
1173	785	785	0
1174	785	785	0
1175	785	785	0
1176	785	785	0
1177	785	785	0
1178	785	785	0
1179	785	785	0
1180	785	785	0
1181	785	785	0
1182	785	785	0
1183	785	785	0
1184	785	785	0
1185	785	785	0
1186	785	785	0
1187	785	785	0
1188	785	785	0
1189	785	786	6
1190	786	787	6
1191	787	788	2
1192	788	789	6
1193	789	791	6
1194	791	792	6
1195	792	793	6
1196	793	794	6
1197	794	795	6
1198	795	796	6
1199	796	797	6
1200	797	798	6
1201	798	799	6
1202	799	800	6
1203	800	801	6
1204	801	802	6
1205	802	803	6
1206	803	804	6
1207	804	805	6
1208	805	806	2
1209	806	807	6
1210	807	808	6
1211	808	809	6
1212	809	810	6
1213	810	811	6
1214	811	812	6
1215	812	812	0
1216	812	813	2
1217	813	813	0
1218	813	814	6
1219	814	815	2
1220	815	816	6
1221	816	817	6
1222	817	818	6
1223	818	819	6
1224	819	819	0
1225	819	820	2
1226	820	820	0
1227	820	820	0
1228	820	820	0
1229	820	820	0
1230	820	822	6
1231	822	823	2
1232	823	823	0
1233	823	823	0
1234	823	823	0
1235	823	823	0
1236	823	823	0
1237	823	825	6
1238	825	825	0
1239	825	825	0
1240	825	825	0
1241	825	825	0
1242	825	825	0
1243	825	825	0
1244	825	825	0
1245	825	825	0
1246	825	826	6
1247	826	827	6
1248	827	829	6
1249	829	831	6
1250	831	832	6
1251	832	833	6
1252	833	835	6
1253	835	837	6
1254	837	837	0
1255	837	837	0
1256	837	837	0
1257	837	837	0
1258	837	839	6
1259	839	839	0
1260	839	840	6
1261	840	842	6
1262	842	844	6
1263	844	846	6
1264	846	848	6
1265	848	848	0
1266	848	848	0
1267	848	849	2
1268	849	851	2
1269	851	852	4
1270	852	853	6
1271	853	853	0
1272	853	854	2
1273	854	854	0
1274	854	854	2
1275	854	856	6
1276	856	856	2
1277	856	858	6
1278	858	858	0
1279	858	860	6
1280	860	860	0
1281	860	864	6
1282	864	864	0
1283	864	865	6
1284	865	865	0
1285	865	866	2
1286	866	866	0
1287	866	866	0
1288	866	866	0
1289	866	866	0
1290	866	870	6
1291	870	872	6
1292	872	874	6
1293	874	874	0
1294	874	874	2
1295	874	874	0
1296	874	874	0
1297	874	874	0
1298	874	874	0
1299	874	875	6
1300	875	877	6
1301	877	877	0
1302	877	878	2
1303	878	878	0
1304	878	878	0
1305	878	878	0
1306	878	878	0
1307	878	878	0
1308	878	878	0
1309	878	881	6
1310	881	883	6
1311	883	884	6
1312	884	885	6
1313	885	886	6
1314	886	887	6
1315	887	889	6
1316	889	893	6
1317	893	895	6
1318	895	895	0
1319	895	896	6
1320	896	896	0
1321	896	896	6
1322	896	899	6
1323	899	902	6
1324	902	908	6
1325	908	909	2
1326	909	911	6
1327	911	912	4
1328	912	912	6
1329	912	912	0
1330	912	913	6
1331	913	913	6
1332	913	913	0
1333	913	913	0
1334	913	913	6
1335	913	913	6
1336	913	914	4
1337	914	915	4
1338	915	916	6
1339	916	917	6
1340	917	917	4
1341	917	917	0
1342	917	917	0
1343	917	917	0
1344	917	918	2
1345	918	920	6
1346	920	921	6
1347	921	923	6
1348	923	923	0
1349	923	923	0
1350	923	923	0
1351	923	923	0
1352	923	923	4
1353	923	924	4
1354	924	925	6
1355	925	925	0
1356	925	926	4
1357	926	926	0
1358	926	927	6
1359	927	927	6
1360	927	928	6
1361	928	928	0
1362	928	930	6
1363	930	930	0
1364	930	930	0
1365	930	930	0
1366	930	930	0
1367	930	930	0
1368	930	933	6
1369	933	933	0
1370	933	933	0
1371	933	933	0
1372	933	933	0
1373	933	933	0
1374	933	933	0
1375	933	934	6
1376	934	935	6
1377	935	936	6
1378	936	937	6
1379	937	938	6
1380	938	939	6
1381	939	940	6
1382	940	941	6
1383	941	942	6
1384	942	943	6
1385	943	944	6
1386	944	945	6
1387	945	946	6
1388	946	947	6
1389	947	948	6
1390	948	949	6
1391	949	950	6
1392	950	951	6
1393	951	952	6
1394	952	953	6
1395	953	954	6
1396	954	956	6
1397	956	958	6
1398	958	960	6
1399	960	962	6
1400	962	963	6
1401	963	964	6
1402	964	965	6
1403	965	965	6
1404	965	966	6
1405	966	967	2
1406	967	968	6
1407	968	970	6
1408	970	972	6
1409	972	973	6
1410	973	974	6
1411	974	974	0
1412	974	974	0
1413	974	974	0
1414	974	974	0
1415	974	974	0
1416	974	975	6
1417	975	976	6
1418	976	978	6
1419	978	980	6
1420	980	982	6
1421	982	984	6
1422	984	986	6
1423	986	987	2
1424	987	989	6
1425	989	990	6
1426	990	991	6
1427	991	992	6
1428	992	993	6
1429	993	994	6
1430	994	996	6
1431	996	997	2
1432	997	997	0
1433	997	998	6
1434	998	999	6
1435	999	1000	6
1436	1000	1000	0
1437	1000	1000	0
1438	1000	1000	0
1439	1000	1000	0
1440	1000	1000	0
1441	1000	1000	0
1442	1000	1001	6
1443	1001	1002	6
1444	1002	1003	6
1445	1003	1004	6
1446	1004	1005	6
1447	1005	1006	6
1448	1006	1008	6
1449	1008	1009	6
1450	1009	1010	6
1451	1010	1011	6
1452	1011	1012	6
1453	1012	1013	6
1454	1013	1014	6
1455	1014	1014	0
1456	1014	1015	6
1457	1015	1016	2
1458	1016	1016	0
1459	1016	1020	6
1460	1020	1022	6
1461	1022	1022	0
1462	1022	1024	6
1463	1024	1028	6
1464	1028	1028	0
1465	1028	1028	0
1466	1028	1031	6
1467	1031	1033	6
1468	1033	1033	0
1469	1033	1034	6
1470	1034	1034	0
1471	1034	1035	6
1472	1035	1037	6
1473	1037	1039	6
1474	1039	1039	6
1475	1039	1039	6
1476	1039	1039	0
1477	1039	1039	0
1478	1039	1039	0
1479	1039	1039	0
1480	1039	1039	0
1481	1039	1039	0
1482	1039	1039	0
1483	1039	1039	0
1484	1039	1039	0
1485	1039	1040	6
1486	1040	1040	0
1487	1040	1041	6
1488	1041	1043	6
1489	1043	1043	0
1490	1043	1043	0
1491	1043	1043	6
1492	1043	1045	6
1493	1045	1047	6
1494	1047	1047	6
1495	1047	1047	0
1496	1047	1047	0
1497	1047	1047	0
1498	1047	1048	6
1499	1048	1049	6
1500	1049	1049	4
1501	1049	1050	6
1502	1050	1051	6
1503	1051	1052	6
1504	1052	1053	6
1505	1053	1054	6
1506	1054	1055	6
1507	1055	1056	6
1508	1056	1057	6
1509	1057	1058	6
1510	1058	1059	6
1511	1059	1060	6
1512	1060	1062	6
1513	1062	1063	6
1514	1063	1064	2
1515	1064	1065	6
1516	1065	1066	6
1517	1066	1067	6
1518	1067	1068	6
1519	1068	1069	6
1520	1069	1071	6
1521	1071	1072	6
1522	1072	1073	6
1523	1073	1074	6
1524	1074	1075	6
1525	1075	1076	4
1526	1076	1077	6
1527	1077	1078	6
1528	1078	1079	6
1529	1079	1080	2
1530	1080	1081	2
1531	1081	1081	0
1532	1081	1082	6
1533	1082	1083	6
1534	1083	1084	6
1535	1084	1085	6
1536	1085	1086	6
1537	1086	1087	6
1538	1087	1088	6
1539	1088	1089	6
1540	1089	1090	6
1541	1090	1091	6
1542	1091	1092	6
1543	1092	1093	6
1544	1093	1094	6
1545	1094	1096	6
1546	1096	1097	6
1547	1097	1098	6
1548	1098	1099	6
1549	1099	1099	0
1550	1099	1100	6
1551	1100	1101	6
1552	1101	1102	6
1553	1102	1103	6
1554	1103	1104	6
1555	1104	1105	6
1556	1105	1106	2
1557	1106	1106	0
1558	1106	1107	6
1559	1107	1109	6
1560	1109	1110	6
1561	1110	1111	6
1562	1111	1112	6
1563	1112	1113	6
1564	1113	1114	6
1565	1114	1115	6
1566	1115	1115	0
1567	1115	1116	6
1568	1116	1117	6
1569	1117	1118	6
1570	1118	1119	6
1571	1119	1120	6
1572	1120	1121	2
1573	1121	1122	6
1574	1122	1123	6
1575	1123	1124	6
1576	1124	1125	6
1577	1125	1125	0
1578	1125	1126	6
1579	1126	1127	6
1580	1127	1128	6
1581	1128	1129	6
1582	1129	1130	6
1583	1130	1131	6
1584	1131	1133	6
1585	1133	1135	6
1586	1135	1137	6
1587	1137	1138	6
1588	1138	1139	6
1589	1139	1140	6
1590	1140	1141	6
1591	1141	1143	6
1592	1143	1144	6
1593	1144	1145	6
1594	1145	1146	6
1595	1146	1147	6
1596	1147	1148	6
1597	1148	1149	6
1598	1149	1150	6
1599	1150	1151	6
1600	1151	1152	6
1601	1152	1153	6
1602	1153	1154	6
1603	1154	1155	6
1604	1155	1156	6
1605	1156	1157	6
1606	1157	1158	6
1607	1158	1159	6
1608	1159	1160	6
1609	1160	1161	6
1610	1161	1163	6
1611	1163	1165	6
1612	1165	1167	6
1613	1167	1168	2
1614	1168	1170	6
1615	1170	1171	6
1616	1171	1173	6
1617	1173	1174	6
1618	1174	1178	6
1619	1178	1180	6
1620	1180	1180	0
1621	1180	1180	0
1622	1180	1180	2
1623	1180	1180	0
1624	1180	1181	6
1625	1181	1182	6
1626	1182	1183	6
1627	1183	1184	6
1628	1184	1185	6
1629	1185	1186	6
1630	1186	1186	0
1631	1186	1186	0
1632	1186	1186	0
1633	1186	1186	0
1634	1186	1186	0
1635	1186	1186	0
1636	1186	1186	0
1637	1186	1186	0
1638	1186	1186	0
1639	1186	1186	0
1640	1186	1186	0
1641	1186	1186	0
1642	1186	1187	6
1643	1187	1188	6
1644	1188	1189	6
1645	1189	1190	6
1646	1190	1191	4
1647	1191	1191	0
1648	1191	1192	2
1649	1192	1193	6
1650	1193	1193	0
1651	1193	1193	0
1652	1193	1194	6
1653	1194	1195	6
1654	1195	1196	2
1655	1196	1197	6
1656	1197	1197	0
1657	1197	1198	4
1658	1198	1199	6
1659	1199	1200	6
1660	1200	1201	2
1661	1201	1202	2
1662	1202	1202	0
1663	1202	1202	0
1664	1202	1202	0
1665	1202	1202	0
1666	1202	1203	6
1667	1203	1204	6
1668	1204	1204	0
1669	1204	1204	0
1670	1204	1204	0
1671	1204	1205	2
1672	1205	1206	6
1673	1206	1207	6
1674	1207	1208	4
1675	1208	1209	4
1676	1209	1210	4
1677	1210	1211	6
1678	1211	1211	0
1679	1211	1211	0
1680	1211	1211	0
1681	1211	1211	0
1682	1211	1211	0
1683	1211	1211	0
1684	1211	1212	2
1685	1212	1214	6
1686	1214	1214	4
1687	1214	1214	0
1688	1214	1214	0
1689	1214	1214	0
1690	1214	1214	0
1691	1214	1214	0
1692	1214	1214	0
1693	1214	1214	0
1694	1214	1214	0
1695	1214	1214	0
1696	1214	1214	0
1697	1214	1214	0
1698	1214	1215	6
1699	1215	1216	6
1700	1216	1217	6
1701	1217	1218	6
1702	1218	1219	6
1703	1219	1220	2
1704	1220	1221	6
1705	1221	1222	6
1706	1222	1223	6
1707	1223	1224	6
1708	1224	1225	6
1709	1225	1226	6
1710	1226	1227	6
1711	1227	1228	6
1712	1228	1229	6
1713	1229	1230	6
1714	1230	1230	0
1715	1230	1230	0
1716	1230	1231	6
1717	1231	1232	6
1718	1232	1233	2
1719	1233	1233	0
1720	1233	1233	0
1721	1233	1233	0
1722	1233	1234	6
1723	1234	1235	6
1724	1235	1235	0
1725	1235	1236	4
1726	1236	1237	6
1727	1237	1238	6
1728	1238	1240	6
1729	1240	1241	6
1730	1241	1242	2
1731	1242	1243	6
1732	1243	1244	6
1733	1244	1245	6
1734	1245	1245	0
1735	1245	1245	0
1736	1245	1245	0
1737	1245	1245	0
1738	1245	1245	0
1739	1245	1246	6
1740	1246	1247	6
1741	1247	1247	0
1742	1247	1248	2
1743	1248	1249	6
1744	1249	1250	6
1745	1250	1251	6
1746	1251	1252	6
1747	1252	1253	6
1748	1253	1254	6
1749	1254	1256	6
1750	1256	1257	6
1751	1257	1258	6
1752	1258	1259	6
1753	1259	1260	6
1754	1260	1261	6
1755	1261	1262	6
1756	1262	1263	6
1757	1263	1264	6
1758	1264	1264	0
1759	1264	1264	0
1760	1264	1264	0
1761	1264	1264	0
1762	1264	1264	0
1763	1264	1265	6
1764	1265	1267	6
1765	1267	1269	6
1766	1269	1271	6
1767	1271	1271	0
1768	1271	1271	0
1769	1271	1271	0
1770	1271	1271	0
1771	1271	1271	0
1772	1271	1271	0
1773	1271	1271	0
1774	1271	1271	0
1775	1271	1272	2
1776	1272	1272	0
1777	1272	1272	0
1778	1272	1272	0
1779	1272	1273	4
1780	1273	1274	6
1781	1274	1274	0
1782	1274	1275	6
1783	1275	1276	6
1784	1276	1277	6
1785	1277	1278	6
1786	1278	1279	6
1787	1279	1280	6
1788	1280	1281	6
1789	1281	1281	0
1790	1281	1281	0
1791	1281	1281	0
1792	1281	1281	0
1793	1281	1281	0
1794	1281	1281	0
1795	1281	1281	0
1796	1281	1283	6
1797	1283	1283	0
1798	1283	1285	6
1799	1285	1285	0
1800	1285	1285	0
1801	1285	1285	0
1802	1285	1286	6
1803	1286	1287	6
1804	1287	1288	6
1805	1288	1289	6
1806	1289	1290	6
1807	1290	1291	6
1808	1291	1292	6
1809	1292	1293	6
1810	1293	1294	6
1811	1294	1295	6
1812	1295	1296	6
1813	1296	1297	6
1814	1297	1298	6
1815	1298	1299	6
1816	1299	1300	6
1817	1300	1301	6
1818	1301	1302	6
1819	1302	1303	6
1820	1303	1304	6
1821	1304	1305	6
1822	1305	1306	6
1823	1306	1307	6
1824	1307	1308	6
1825	1308	1309	6
1826	1309	1310	6
1827	1310	1311	6
1828	1311	1312	6
1829	1312	1313	6
1830	1313	1314	6
1831	1314	1315	6
1832	1315	1316	2
1833	1316	1317	2
1834	1317	1317	0
1835	1317	1317	0
1836	1317	1318	6
1837	1318	1319	6
1838	1319	1320	6
1839	1320	1321	6
1840	1321	1322	6
1841	1322	1323	6
1842	1323	1324	6
1843	1324	1325	6
1844	1325	1326	6
1845	1326	1327	6
1846	1327	1328	6
1847	1328	1329	6
1848	1329	1330	6
1849	1330	1331	6
1850	1331	1332	6
1851	1332	1333	6
1852	1333	1334	6
1853	1334	1335	6
1854	1335	1336	6
1855	1336	1337	6
1856	1337	1338	6
1857	1338	1339	6
1858	1339	1340	6
1859	1340	1341	4
1860	1341	1342	6
1861	1342	1343	6
1862	1343	1344	6
1863	1344	1345	2
1864	1345	1346	6
1865	1346	1347	6
1866	1347	1348	6
1867	1348	1349	6
1868	1349	1350	6
1869	1350	1351	6
1870	1351	1352	6
1871	1352	1353	6
1872	1353	1353	0
1873	1353	1354	6
1874	1354	1355	2
1875	1355	1356	6
1876	1356	1357	6
1877	1357	1358	6
1878	1358	1359	6
1879	1359	1359	0
1880	1359	1360	2
1881	1360	1361	6
1882	1361	1361	0
1883	1361	1361	0
1884	1361	1362	6
1885	1362	1363	6
1886	1363	1364	6
1887	1364	1365	6
1888	1365	1366	6
1889	1366	1367	6
1890	1367	1368	6
1891	1368	1369	6
1892	1369	1370	6
1893	1370	1371	2
1894	1371	1371	0
1895	1371	1371	0
1896	1371	1372	6
1897	1372	1373	6
1898	1373	1374	4
1899	1374	1374	0
1900	1374	1375	6
1901	1375	1376	6
1902	1376	1377	6
1903	1377	1378	6
1904	1378	1379	6
1905	1379	1380	6
1906	1380	1381	6
1907	1381	1382	6
1908	1382	1383	6
1909	1383	1384	6
1910	1384	1385	6
1911	1385	1386	6
1912	1386	1387	6
1913	1387	1388	6
1914	1388	1389	6
1915	1389	1390	6
1916	1390	1391	6
1917	1391	1392	6
1918	1392	1393	6
1919	1393	1394	6
1920	1394	1395	6
1921	1395	1395	0
1922	1395	1395	0
1923	1395	1395	0
1924	1395	1396	4
1925	1396	1396	0
1926	1396	1396	0
1927	1396	1397	6
1928	1397	1397	0
1929	1397	1397	0
1930	1397	1397	0
1931	1397	1397	0
1932	1397	1397	0
1933	1397	1397	0
1934	1397	1397	0
1935	1397	1397	0
1936	1397	1397	0
1937	1397	1397	0
1938	1397	1397	0
1939	1397	1399	6
1940	1399	1399	0
1941	1399	1399	0
1942	1399	1401	2
1943	1401	1403	6
1944	1403	1405	6
1945	1405	1405	0
1946	1405	1405	0
1947	1405	1405	0
1948	1405	1405	4
1949	1405	1406	6
1950	1406	1407	6
1951	1407	1408	6
1952	1408	1409	6
1953	1409	1410	6
1954	1410	1411	6
1955	1411	1412	6
1956	1412	1413	6
1957	1413	1413	0
1958	1413	1413	0
1959	1413	1415	2
1960	1415	1417	6
1961	1417	1417	0
1962	1417	1417	0
1963	1417	1418	6
1964	1418	1420	6
1965	1420	1422	6
1966	1422	1423	6
1967	1423	1424	6
1968	1424	1425	6
1969	1425	1426	6
1970	1426	1426	0
1971	1426	1426	0
1972	1426	1426	0
1973	1426	1426	0
1974	1426	1426	0
1975	1426	1426	0
1976	1426	1426	0
1977	1426	1426	0
1978	1426	1426	0
1979	1426	1427	2
1980	1427	1428	6
1981	1428	1429	6
1982	1429	1430	6
1983	1430	1430	0
1984	1430	1431	6
1985	1431	1432	6
1986	1432	1433	6
1987	1433	1433	0
1988	1433	1433	0
1989	1433	1433	0
1990	1433	1434	2
1991	1434	1435	6
1992	1435	1436	6
1993	1436	1437	6
1994	1437	1437	0
1995	1437	1438	6
1996	1438	1439	6
1997	1439	1440	6
1998	1440	1440	0
1999	1440	1440	0
2000	1440	1440	0
2001	1440	1440	0
2002	1440	1440	0
2003	1440	1441	6
2004	1441	1441	0
2005	1441	1441	0
2006	1441	1442	2
2007	1442	1442	0
2008	1442	1442	0
2009	1442	1442	0
2010	1442	1442	0
2011	1442	1442	0
2012	1442	1442	0
2013	1442	1442	0
2014	1442	1442	0
2015	1442	1442	0
2016	1442	1442	0
2017	1442	1442	0
2018	1442	1442	0
2019	1442	1442	0
2020	1442	1443	6
2021	1443	1444	6
2022	1444	1445	6
2023	1445	1445	0
2024	1445	1445	0
2025	1445	1445	0
2026	1445	1445	0
2027	1445	1445	0
2028	1445	1446	6
2029	1446	1447	2
2030	1447	1447	0
2031	1447	1448	6
2032	1448	1449	6
2033	1449	1450	6
2034	1450	1451	6
2035	1451	1452	6
2036	1452	1453	6
2037	1453	1454	6
2038	1454	1455	6
2039	1455	1456	6
2040	1456	1457	6
2041	1457	1458	6
2042	1458	1459	6
2043	1459	1460	6
2044	1460	1461	6
2045	1461	1462	4
2046	1462	1463	6
2047	1463	1465	6
2048	1465	1466	6
2049	1466	1467	2
2050	1467	1468	2
2051	1468	1468	0
2052	1468	1468	0
2053	1468	1469	6
2054	1469	1470	6
2055	1470	1471	2
2056	1471	1472	6
2057	1472	1473	2
2058	1473	1474	6
2059	1474	1475	6
2060	1475	1476	6
2061	1476	1478	6
2062	1478	1479	2
2063	1479	1479	0
2064	1479	1480	6
2065	1480	1481	6
2066	1481	1482	6
2067	1482	1484	6
2068	1484	1485	6
2069	1485	1486	6
2070	1486	1487	6
2071	1487	1488	6
2072	1488	1488	0
2073	1488	1489	6
2074	1489	1489	2
2075	1489	1490	6
2076	1490	1492	6
2077	1492	1492	0
2078	1492	1493	2
2079	1493	1494	6
2080	1494	1495	6
2081	1495	1496	6
2082	1496	1497	6
2083	1497	1498	6
2084	1498	1499	6
2085	1499	1500	6
2086	1500	1501	2
2087	1501	1502	6
2088	1502	1503	6
2089	1503	1504	6
2090	1504	1505	6
2091	1505	1506	6
2092	1506	1507	6
2093	1507	1508	6
2094	1508	1509	6
2095	1509	1510	6
2096	1510	1511	6
2097	1511	1512	6
2098	1512	1513	6
2099	1513	1514	6
2100	1514	1515	6
2101	1515	1516	6
2102	1516	1517	6
2103	1517	1518	6
2104	1518	1519	6
2105	1519	1520	6
2106	1520	1521	6
2107	1521	1522	6
2108	1522	1523	6
2109	1523	1524	6
2110	1524	1525	6
2111	1525	1526	6
2112	1526	1527	6
2113	1527	1528	6
2114	1528	1529	6
2115	1529	1530	6
2116	1530	1532	6
2117	1532	1535	6
2118	1535	1537	6
2119	1537	1541	6
2120	1541	1543	6
2121	1543	1547	6
2122	1547	1547	0
2123	1547	1549	6
2124	1549	1549	0
2125	1549	1550	6
2126	1550	1554	6
2127	1554	1556	6
2128	1556	1556	0
2129	1556	1556	6
2130	1556	1561	6
2131	1561	1568	6
2132	1568	1568	6
2133	1568	1568	0
2134	1568	1570	6
2135	1570	1570	4
2136	1570	1570	0
2137	1570	1575	6
2138	1575	1579	6
2139	1579	1581	6
2140	1581	1582	6
2141	1582	1583	6
2142	1583	1584	6
2143	1584	1585	6
2144	1585	1586	6
2145	1586	1591	6
2146	1591	1591	4
2147	1591	1593	6
2148	1593	1593	4
2149	1593	1595	6
2150	1595	1597	6
2151	1597	1606	6
2152	1606	1608	6
2153	1608	1609	6
2154	1609	1610	6
2155	1610	1611	6
2156	1611	1612	6
2157	1612	1613	6
2158	1613	1614	6
2159	1614	1615	6
2160	1615	1616	6
2161	1616	1617	6
2162	1617	1618	6
2163	1618	1619	6
2164	1619	1620	6
2165	1620	1621	6
2166	1621	1622	6
2167	1622	1623	6
2168	1623	1624	6
2169	1624	1625	6
2170	1625	1626	6
2171	1626	1627	6
2172	1627	1628	6
2173	1628	1629	6
2174	1629	1630	6
2175	1630	1631	6
2176	1631	1632	6
2177	1632	1633	6
2178	1633	1634	6
2179	1634	1635	6
2180	1635	1636	6
2181	1636	1637	6
2182	1637	1638	6
2183	1638	1639	6
2184	1639	1640	6
2185	1640	1641	6
2186	1641	1642	6
2187	1642	1643	6
2188	1643	1644	6
2189	1644	1645	6
2190	1645	1646	6
2191	1646	1647	6
2192	1647	1648	6
2193	1648	1649	6
2194	1649	1650	6
2195	1650	1651	6
2196	1651	1652	6
2197	1652	1653	6
2198	1653	1654	6
2199	1654	1654	0
2200	1654	1655	4
2201	1655	1655	0
2202	1655	1656	6
2203	1656	1657	6
2204	1657	1658	4
2205	1658	1659	6
2206	1659	1659	0
2207	1659	1659	0
2208	1659	1660	2
2209	1660	1661	6
2210	1661	1661	0
2211	1661	1662	6
2212	1662	1662	0
2213	1662	1663	2
2214	1663	1664	6
2215	1664	1665	6
2216	1665	1666	6
2217	1666	1666	0
2218	1666	1667	6
2219	1667	1667	0
2220	1667	1668	6
2221	1668	1669	6
2222	1669	1670	6
2223	1670	1671	2
2224	1671	1671	0
2225	1671	1672	6
2226	1672	1673	6
2227	1673	1674	6
2228	1674	1675	6
2229	1675	1676	6
2230	1676	1677	6
2231	1677	1678	6
2232	1678	1679	6
2233	1679	1680	6
2234	1680	1680	0
2235	1680	1680	0
2236	1680	1680	0
2237	1680	1681	6
2238	1681	1682	6
2239	1682	1683	6
2240	1683	1684	6
2241	1684	1684	0
2242	1684	1685	2
2243	1685	1686	6
2244	1686	1687	6
2245	1687	1688	6
2246	1688	1689	6
2247	1689	1690	6
2248	1690	1691	6
2249	1691	1692	6
2250	1692	1693	6
2251	1693	1693	0
2252	1693	1694	6
2253	1694	1695	6
2254	1695	1696	6
2255	1696	1697	6
2256	1697	1698	6
2257	1698	1699	6
2258	1699	1700	6
2259	1700	1701	6
2260	1701	1702	6
2261	1702	1703	6
2262	1703	1704	6
2263	1704	1705	6
2264	1705	1706	6
2265	1706	1707	6
2266	1707	1708	6
2267	1708	1710	6
2268	1710	1711	4
2269	1711	1713	6
2270	1713	1714	6
2271	1714	1714	0
2272	1714	1714	0
2273	1714	1715	2
2274	1715	1715	0
2275	1715	1715	0
2276	1715	1717	6
2277	1717	1719	6
2278	1719	1719	0
2279	1719	1719	0
2280	1719	1720	6
2281	1720	1721	6
2282	1721	1721	0
2283	1721	1722	6
2284	1722	1723	6
2285	1723	1724	2
2286	1724	1725	2
2287	1725	1726	6
2288	1726	1727	6
2289	1727	1728	6
2290	1728	1729	6
2291	1729	1730	6
2292	1730	1731	6
2293	1731	1732	6
2294	1732	1733	6
2295	1733	1734	6
2296	1734	1735	6
2297	1735	1736	6
2298	1736	1737	6
2299	1737	1738	6
2300	1738	1739	6
2301	1739	1740	6
2302	1740	1741	6
2303	1741	1742	6
2304	1742	1743	6
2305	1743	1744	6
2306	1744	1745	6
2307	1745	1745	0
2308	1745	1745	0
2309	1745	1745	0
2310	1745	1745	0
2311	1745	1746	6
2312	1746	1747	2
2313	1747	1747	0
2314	1747	1747	0
2315	1747	1750	6
2316	1750	1750	0
2317	1750	1751	6
2318	1751	1751	0
2319	1751	1752	6
2320	1752	1753	6
2321	1753	1754	6
2322	1754	1754	0
2323	1754	1754	0
2324	1754	1754	0
2325	1754	1754	0
2326	1754	1755	2
2327	1755	1756	2
2328	1756	1757	6
2329	1757	1759	6
2330	1759	1760	6
2331	1760	1761	6
2332	1761	1761	0
2333	1761	1763	6
2334	1763	1765	6
2335	1765	1766	6
2336	1766	1767	6
2337	1767	1767	0
2338	1767	1767	0
2339	1767	1767	0
2340	1767	1768	2
2341	1768	1769	6
2342	1769	1770	2
2343	1770	1771	6
2344	1771	1772	6
2345	1772	1773	6
2346	1773	1774	6
2347	1774	1775	6
2348	1775	1776	6
2349	1776	1777	6
2350	1777	1778	6
2351	1778	1779	6
2352	1779	1779	0
2353	1779	1779	0
2354	1779	1781	6
2355	1781	1783	6
2356	1783	1784	6
2357	1784	1785	6
2358	1785	1786	6
2359	1786	1787	6
2360	1787	1788	6
2361	1788	1789	6
2362	1789	1790	2
2363	1790	1791	6
2364	1791	1792	6
2365	1792	1793	6
2366	1793	1794	2
2367	1794	1794	0
2368	1794	1794	0
2369	1794	1794	0
2370	1794	1794	0
2371	1794	1795	6
2372	1795	1796	6
2373	1796	1797	6
2374	1797	1798	6
2375	1798	1799	6
2376	1799	1800	6
2377	1800	1801	4
2378	1801	1802	6
2379	1802	1803	6
2380	1803	1803	0
2381	1803	1803	0
2382	1803	1803	0
2383	1803	1804	6
2384	1804	1805	4
2385	1805	1806	6
2386	1806	1807	6
2387	1807	1809	6
2388	1809	1810	6
2389	1810	1810	0
2390	1810	1811	6
2391	1811	1812	6
2392	1812	1813	6
2393	1813	1815	6
2394	1815	1816	6
2395	1816	1817	6
2396	1817	1818	6
2397	1818	1819	6
2398	1819	1820	6
2399	1820	1821	6
2400	1821	1822	6
2401	1822	1823	6
2402	1823	1824	6
2403	1824	1825	6
2404	1825	1826	6
2405	1826	1827	6
2406	1827	1828	6
2407	1828	1829	6
2408	1829	1830	6
2409	1830	1831	6
2410	1831	1832	6
2411	1832	1833	6
2412	1833	1833	0
2413	1833	1834	6
2414	1834	1835	6
2415	1835	1836	6
2416	1836	1838	6
2417	1838	1839	6
2418	1839	1840	6
2419	1840	1841	6
2420	1841	1841	0
2421	1841	1841	0
2422	1841	1842	6
2423	1842	1843	6
2424	1843	1844	6
2425	1844	1845	2
2426	1845	1846	6
2427	1846	1847	6
2428	1847	1848	6
2429	1848	1849	2
2430	1849	1850	6
2431	1850	1851	6
2432	1851	1851	0
2433	1851	1852	6
2434	1852	1853	2
2435	1853	1854	2
2436	1854	1855	6
2437	1855	1856	6
2438	1856	1857	6
2439	1857	1858	6
2440	1858	1859	6
2441	1859	1860	6
2442	1860	1861	6
2443	1861	1862	6
2444	1862	1863	6
2445	1863	1864	6
2446	1864	1866	6
2447	1866	1867	6
2448	1867	1868	2
2449	1868	1870	6
2450	1870	1871	6
2451	1871	1872	6
2452	1872	1873	6
2453	1873	1874	6
2454	1874	1875	6
2455	1875	1876	6
2456	1876	1877	6
2457	1877	1877	0
2458	1877	1877	0
2459	1877	1877	0
2460	1877	1877	0
2461	1877	1878	2
2462	1878	1879	2
2463	1879	1880	6
2464	1880	1880	0
2465	1880	1880	0
2466	1880	1881	6
2467	1881	1881	0
2468	1881	1881	0
2469	1881	1882	6
2470	1882	1882	0
2471	1882	1882	0
2472	1882	1883	6
2473	1883	1884	6
2474	1884	1885	6
2475	1885	1886	6
2476	1886	1887	6
2477	1887	1887	0
2478	1887	1888	2
2479	1888	1889	6
2480	1889	1890	6
2481	1890	1891	6
2482	1891	1892	6
2483	1892	1893	6
2484	1893	1894	6
2485	1894	1895	6
2486	1895	1896	2
2487	1896	1897	6
2488	1897	1898	6
2489	1898	1899	6
2490	1899	1900	6
2491	1900	1900	0
2492	1900	1901	6
2493	1901	1902	6
2494	1902	1903	6
2495	1903	1904	6
2496	1904	1905	6
2497	1905	1906	6
2498	1906	1907	6
2499	1907	1908	6
2500	1908	1909	6
2501	1909	1910	6
2502	1910	1911	6
2503	1911	1912	6
2504	1912	1913	6
2505	1913	1914	6
2506	1914	1914	0
2507	1914	1915	2
2508	1915	1915	0
2509	1915	1915	0
2510	1915	1916	6
2511	1916	1917	6
2512	1917	1918	6
2513	1918	1919	6
2514	1919	1920	6
2515	1920	1921	6
2516	1921	1922	6
2517	1922	1923	6
2518	1923	1924	6
2519	1924	1924	0
2520	1924	1924	0
2521	1924	1924	0
2522	1924	1924	0
2523	1924	1924	0
2524	1924	1924	0
2525	1924	1924	0
2526	1924	1924	0
2527	1924	1925	2
2528	1925	1926	6
2529	1926	1927	6
2530	1927	1928	6
2531	1928	1928	0
2532	1928	1928	0
2533	1928	1928	0
2534	1928	1930	6
2535	1930	1930	0
2536	1930	1930	6
2537	1930	1931	6
2538	1931	1932	6
2539	1932	1932	0
2540	1932	1933	6
2541	1933	1934	6
2542	1934	1935	6
2543	1935	1936	6
2544	1936	1937	6
2545	1937	1938	6
2546	1938	1938	0
2547	1938	1938	0
2548	1938	1939	2
2549	1939	1939	0
2550	1939	1939	0
2551	1939	1939	0
2552	1939	1939	0
2553	1939	1940	6
2554	1940	1941	6
2555	1941	1942	6
2556	1942	1943	6
2557	1943	1943	0
2558	1943	1943	0
2559	1943	1944	6
2560	1944	1945	6
2561	1945	1946	6
2562	1946	1947	6
2563	1947	1947	0
2564	1947	1947	0
2565	1947	1948	2
2566	1948	1949	6
2567	1949	1950	6
2568	1950	1951	6
2569	1951	1952	6
2570	1952	1953	6
2571	1953	1954	6
2572	1954	1955	6
2573	1955	1955	0
2574	1955	1955	0
2575	1955	1955	0
2576	1955	1955	0
2577	1955	1955	0
2578	1955	1955	0
2579	1955	1955	0
2580	1955	1955	0
2581	1955	1955	0
2582	1955	1955	0
2583	1955	1955	0
2584	1955	1955	0
2585	1955	1956	6
2586	1956	1956	0
2587	1956	1956	0
2588	1956	1956	0
2589	1956	1956	0
2590	1956	1956	0
2591	1956	1956	0
2592	1956	1957	6
2593	1957	1958	6
2594	1958	1959	6
2595	1959	1959	0
2596	1959	1959	0
2597	1959	1960	6
2598	1960	1961	6
2599	1961	1962	6
2600	1962	1962	0
2601	1962	1962	0
2602	1962	1963	6
2603	1963	1964	6
2604	1964	1964	0
2605	1964	1965	6
2606	1965	1965	0
2607	1965	1965	0
2608	1965	1965	0
2609	1965	1965	0
2610	1965	1965	0
2611	1965	1965	0
2612	1965	1965	0
2613	1965	1965	0
2614	1965	1965	0
2615	1965	1965	0
2616	1965	1966	6
2617	1966	1967	6
2618	1967	1969	6
2619	1969	1970	6
2620	1970	1971	6
2621	1971	1971	0
2622	1971	1971	0
2623	1971	1971	0
2624	1971	1971	0
2625	1971	1971	0
2626	1971	1971	0
2627	1971	1971	0
2628	1971	1971	2
2629	1971	1971	0
2630	1971	1971	0
2631	1971	1971	0
2632	1971	1972	4
2633	1972	1973	2
2634	1973	1973	0
2635	1973	1974	2
2636	1974	1974	0
2637	1974	1974	0
2638	1974	1975	6
2639	1975	1976	6
2640	1976	1977	6
2641	1977	1977	0
2642	1977	1978	6
2643	1978	1979	6
2644	1979	1979	0
2645	1979	1979	0
2646	1979	1979	0
2647	1979	1979	0
2648	1979	1979	0
2649	1979	1979	0
2650	1979	1980	6
2651	1980	1980	0
2652	1980	1980	0
2653	1980	1980	0
2654	1980	1981	2
2655	1981	1981	0
2656	1981	1982	6
2657	1982	1983	6
2658	1983	1984	6
2659	1984	1985	6
2660	1985	1985	0
2661	1985	1986	6
2662	1986	1987	2
2663	1987	1988	6
2664	1988	1988	0
2665	1988	1989	6
2666	1989	1990	6
2667	1990	1991	6
2668	1991	1992	6
2669	1992	1993	6
2670	1993	1994	6
2671	1994	1995	6
2672	1995	1996	6
2673	1996	1997	6
2674	1997	1998	6
2675	1998	1999	6
2676	1999	2000	6
2677	2000	2001	2
2678	2001	2002	6
2679	2002	2003	6
2680	2003	2004	6
2681	2004	2005	6
2682	2005	2006	6
2683	2006	2008	6
2684	2008	2009	6
2685	2009	2010	6
2686	2010	2011	6
2687	2011	2012	6
2688	2012	2013	6
2689	2013	2013	0
2690	2013	2014	6
2691	2014	2015	4
2692	2015	2015	6
2693	2015	2015	0
2694	2015	2015	0
2695	2015	2015	0
2696	2015	2015	0
2697	2015	2015	0
2698	2015	2016	2
2699	2016	2017	6
2700	2017	2018	6
2701	2018	2020	6
2702	2020	2021	6
2703	2021	2022	6
2704	2022	2023	6
2705	2023	2024	6
2706	2024	2025	6
2707	2025	2027	6
2708	2027	2028	6
2709	2028	2029	6
2710	2029	2030	6
2711	2030	2031	6
2712	2031	2032	6
2713	2032	2033	6
2714	2033	2034	6
2715	2034	2035	6
2716	2035	2036	6
2717	2036	2037	6
2718	2037	2037	0
2719	2037	2038	6
2720	2038	2039	6
2721	2039	2040	6
2722	2040	2041	2
2723	2041	2042	6
2724	2042	2043	6
2725	2043	2044	6
2726	2044	2045	4
2727	2045	2046	6
2728	2046	2047	6
2729	2047	2048	6
2730	2048	2049	6
2731	2049	2050	6
2732	2050	2051	6
2733	2051	2052	2
2734	2052	2053	2
2735	2053	2055	6
2736	2055	2056	2
2737	2056	2058	6
2738	2058	2059	6
2739	2059	2060	6
2740	2060	2061	4
2741	2061	2063	6
2742	2063	2064	6
2743	2064	2065	4
2744	2065	2067	6
2745	2067	2068	6
2746	2068	2069	6
2747	2069	2070	6
2748	2070	2071	6
2749	2071	2072	6
2750	2072	2073	6
2751	2073	2074	6
2752	2074	2074	0
2753	2074	2074	0
2754	2074	2075	6
2755	2075	2075	0
2756	2075	2075	0
2757	2075	2075	0
2758	2075	2075	0
2759	2075	2075	0
2760	2075	2075	0
2761	2075	2076	6
2762	2076	2077	6
2763	2077	2078	6
2764	2078	2078	0
2765	2078	2078	0
2766	2078	2078	0
2767	2078	2078	0
2768	2078	2079	6
2769	2079	2080	6
2770	2080	2081	6
2771	2081	2082	6
2772	2082	2082	0
2773	2082	2082	0
2774	2082	2083	6
2775	2083	2084	6
2776	2084	2085	6
2777	2085	2086	6
2778	2086	2087	6
2779	2087	2088	6
2780	2088	2088	0
2781	2088	2088	0
2782	2088	2089	6
2783	2089	2090	6
2784	2090	2091	6
2785	2091	2091	0
2786	2091	2091	0
2787	2091	2092	6
2788	2092	2093	6
2789	2093	2094	6
2790	2094	2095	6
2791	2095	2096	6
2792	2096	2097	6
2793	2097	2098	6
2794	2098	2099	6
2795	2099	2100	6
2796	2100	2101	6
2797	2101	2102	6
2798	2102	2102	0
2799	2102	2103	2
2800	2103	2104	4
2801	2104	2105	6
2802	2105	2106	6
2803	2106	2107	6
2804	2107	2107	0
2805	2107	2108	4
2806	2108	2109	6
2807	2109	2110	6
2808	2110	2111	6
2809	2111	2112	6
2810	2112	2113	6
2811	2113	2114	6
2812	2114	2115	6
2813	2115	2116	6
2814	2116	2117	6
2815	2117	2118	6
2816	2118	2119	6
2817	2119	2120	6
2818	2120	2121	6
2819	2121	2122	6
2820	2122	2123	6
2821	2123	2124	6
2822	2124	2125	6
2823	2125	2126	6
2824	2126	2126	0
2825	2126	2126	0
2826	2126	2126	0
2827	2126	2126	0
2828	2126	2126	0
2829	2126	2126	0
2830	2126	2126	0
2831	2126	2126	0
2832	2126	2126	0
2833	2126	2126	0
2834	2126	2126	0
2835	2126	2126	0
2836	2126	2126	0
2837	2126	2126	0
2838	2126	2126	0
2839	2126	2126	0
2840	2126	2126	0
2841	2126	2126	0
2842	2126	2126	0
2843	2126	2126	0
2844	2126	2126	0
2845	2126	2126	0
2846	2126	2126	0
2847	2126	2126	0
2848	2126	2126	0
2849	2126	2126	0
2850	2126	2126	0
2851	2126	2126	0
2852	2126	2126	0
2853	2126	2126	0
2854	2126	2126	0
2855	2126	2126	0
2856	2126	2126	0
2857	2126	2126	4
2858	2126	2126	0
2859	2126	2126	0
2860	2126	2126	0
2861	2126	2126	0
2862	2126	2126	0
2863	2126	2126	0
2864	2126	2126	0
2865	2126	2126	0
2866	2126	2126	0
2867	2126	2126	0
2868	2126	2126	0
2869	2126	2126	0
2870	2126	2126	0
2871	2126	2126	0
2872	2126	2126	0
2873	2126	2126	0
2874	2126	2126	0
2875	2126	2126	0
2876	2126	2126	0
2877	2126	2126	0
2878	2126	2126	0
2879	2126	2126	0
2880	2126	2126	0
2881	2126	2126	0
2882	2126	2126	0
2883	2126	2126	0
2884	2126	2126	0
2885	2126	2126	0
2886	2126	2126	0
2887	2126	2126	0
2888	2126	2126	0
2889	2126	2126	0
2890	2126	2127	6
2891	2127	2128	6
2892	2128	2129	2
2893	2129	2130	6
2894	2130	2131	6
2895	2131	2132	6
2896	2132	2132	0
2897	2132	2132	0
2898	2132	2132	0
2899	2132	2132	0
2900	2132	2132	0
2901	2132	2132	0
2902	2132	2132	0
2903	2132	2132	0
2904	2132	2132	0
2905	2132	2132	0
2906	2132	2133	6
2907	2133	2133	0
2908	2133	2133	0
2909	2133	2133	0
2910	2133	2133	0
2911	2133	2133	0
2912	2133	2133	0
2913	2133	2133	0
2914	2133	2133	0
2915	2133	2133	0
2916	2133	2133	0
2917	2133	2133	0
2918	2133	2133	0
2919	2133	2134	2
2920	2134	2135	2
2921	2135	2136	6
2922	2136	2138	6
2923	2138	2140	6
2924	2140	2141	6
2925	2141	2142	6
2926	2142	2143	2
2927	2143	2144	6
2928	2144	2145	6
2929	2145	2146	6
2930	2146	2146	0
2931	2146	2146	2
2932	2146	2146	0
2933	2146	2146	0
2934	2146	2147	6
2935	2147	2148	6
2936	2148	2149	6
2937	2149	2150	6
2938	2150	2151	6
2939	2151	2152	6
2940	2152	2153	6
2941	2153	2154	6
2942	2154	2155	6
2943	2155	2156	6
2944	2156	2157	6
2945	2157	2158	6
2946	2158	2159	6
2947	2159	2160	6
2948	2160	2160	0
2949	2160	2161	6
2950	2161	2161	0
2951	2161	2161	2
2952	2161	2162	6
2953	2162	2164	6
2954	2164	2165	6
2955	2165	2166	6
2956	2166	2167	6
2957	2167	2168	6
2958	2168	2169	6
2959	2169	2171	6
2960	2171	2172	6
2961	2172	2173	6
2962	2173	2174	2
2963	2174	2176	2
2964	2176	2177	6
2965	2177	2179	6
2966	2179	2180	2
2967	2180	2181	6
2968	2181	2182	2
2969	2182	2182	0
2970	2182	2183	2
2971	2183	2184	6
2972	2184	2185	6
2973	2185	2186	6
2974	2186	2186	0
2975	2186	2186	0
2976	2186	2186	0
2977	2186	2187	4
2978	2187	2187	0
2979	2187	2188	2
2980	2188	2189	6
2981	2189	2190	6
2982	2190	2191	6
2983	2191	2191	0
2984	2191	2191	0
2985	2191	2192	6
2986	2192	2193	6
2987	2193	2194	6
2988	2194	2195	6
2989	2195	2197	6
2990	2197	2198	6
2991	2198	2199	6
2992	2199	2200	6
2993	2200	2201	6
2994	2201	2202	6
2995	2202	2204	6
2996	2204	2205	6
2997	2205	2206	6
2998	2206	2206	0
2999	2206	2208	2
3000	2208	2208	0
3001	2208	2209	6
3002	2209	2210	6
3003	2210	2211	6
3004	2211	2212	6
3005	2212	2213	6
3006	2213	2214	6
3007	2214	2216	6
3008	2216	2218	6
3009	2218	2219	6
3010	2219	2220	6
3011	2220	2222	6
3012	2222	2224	6
3013	2224	2224	0
3014	2224	2224	0
3015	2224	2224	0
3016	2224	2225	6
3017	2225	2225	0
3018	2225	2225	0
3019	2225	2225	0
3020	2225	2225	0
3021	2225	2225	0
3022	2225	2225	0
3023	2225	2225	0
3024	2225	2225	0
3025	2225	2225	0
3026	2225	2225	0
3027	2225	2226	6
3028	2226	2226	2
3029	2226	2227	6
3030	2227	2229	6
3031	2229	2230	6
3032	2230	2231	6
3033	2231	2234	6
3034	2234	2236	6
3035	2236	2237	2
3036	2237	2237	0
3037	2237	2238	4
3038	2238	2240	6
3039	2240	2241	6
3040	2241	2242	6
3041	2242	2242	0
3042	2242	2242	0
3043	2242	2242	0
3044	2242	2242	0
3045	2242	2242	0
3046	2242	2242	0
3047	2242	2242	0
3048	2242	2242	0
3049	2242	2242	0
3050	2242	2242	0
3051	2242	2242	0
3052	2242	2242	0
3053	2242	2242	0
3054	2242	2242	0
3055	2242	2242	0
3056	2242	2242	0
3057	2242	2242	0
3058	2242	2242	0
3059	2242	2242	0
3060	2242	2242	0
3061	2242	2242	0
3062	2242	2242	0
3063	2242	2242	0
3064	2242	2242	0
3065	2242	2242	0
3066	2242	2242	0
3067	2242	2242	0
3068	2242	2242	0
3069	2242	2242	0
3070	2242	2242	0
3071	2242	2242	0
3072	2242	2242	0
3073	2242	2242	0
3074	2242	2242	0
3075	2242	2242	0
3076	2242	2242	0
3077	2242	2242	0
3078	2242	2242	0
3079	2242	2242	0
3080	2242	2242	0
3081	2242	2242	0
3082	2242	2244	6
3083	2244	2245	4
3084	2245	2245	0
3085	2245	2245	0
3086	2245	2245	0
3087	2245	2245	0
3088	2245	2245	0
3089	2245	2245	0
3090	2245	2245	0
3091	2245	2245	0
3092	2245	2245	0
3093	2245	2245	0
3094	2245	2245	0
3095	2245	2245	0
3096	2245	2245	0
3097	2245	2245	0
3098	2245	2245	0
3099	2245	2245	0
3100	2245	2245	0
3101	2245	2246	6
3102	2246	2247	6
3103	2247	2247	2
3104	2247	2247	0
3105	2247	2248	2
3106	2248	2248	0
3107	2248	2248	0
3108	2248	2248	0
3109	2248	2248	0
3110	2248	2248	0
3111	2248	2248	0
3112	2248	2249	6
3113	2249	2249	0
3114	2249	2250	6
3115	2250	2251	2
3116	2251	2252	6
3117	2252	2253	6
3118	2253	2253	0
3119	2253	2253	0
3120	2253	2253	0
3121	2253	2253	0
3122	2253	2254	6
3123	2254	2254	0
3124	2254	2255	6
3125	2255	2255	6
3126	2255	2255	0
3127	2255	2255	0
3128	2255	2255	0
3129	2255	2255	0
3130	2255	2255	0
3131	2255	2256	6
3132	2256	2257	6
3133	2257	2258	6
3134	2258	2259	6
3135	2259	2260	6
3136	2260	2261	2
3137	2261	2262	6
3138	2262	2263	6
3139	2263	2264	6
3140	2264	2265	2
3141	2265	2266	2
3142	2266	2267	2
3143	2267	2268	4
3144	2268	2269	6
3145	2269	2270	6
3146	2270	2271	6
3147	2271	2272	6
3148	2272	2273	6
3149	2273	2274	6
3150	2274	2275	6
3151	2275	2276	6
3152	2276	2277	6
3153	2277	2278	6
3154	2278	2279	6
3155	2279	2280	6
3156	2280	2281	6
3157	2281	2282	6
3158	2282	2283	6
3159	2283	2284	6
3160	2284	2285	6
3161	2285	2286	6
3162	2286	2286	0
3163	2286	2287	6
3164	2287	2288	6
3165	2288	2289	6
3166	2289	2290	6
3167	2290	2291	6
3168	2291	2292	6
3169	2292	2293	6
3170	2293	2294	6
3171	2294	2295	6
3172	2295	2296	6
3173	2296	2297	6
3174	2297	2298	6
3175	2298	2299	6
3176	2299	2299	0
3177	2299	2299	0
3178	2299	2299	0
3179	2299	2299	0
3180	2299	2299	0
3181	2299	2299	0
3182	2299	2299	0
3183	2299	2300	6
3184	2300	2301	6
3185	2301	2302	6
3186	2302	2303	6
3187	2303	2303	0
3188	2303	2303	0
3189	2303	2303	0
3190	2303	2304	4
3191	2304	2305	6
3192	2305	2306	6
3193	2306	2307	6
3194	2307	2309	6
3195	2309	2311	6
3196	2311	2313	6
3197	2313	2314	6
3198	2314	2316	6
3199	2316	2316	0
3200	2316	2316	0
3201	2316	2317	6
3202	2317	2317	0
3203	2317	2317	0
3204	2317	2317	0
3205	2317	2317	0
3206	2317	2317	0
3207	2317	2317	0
3208	2317	2318	6
3209	2318	2320	6
3210	2320	2321	6
3211	2321	2322	6
3212	2322	2323	6
3213	2323	2324	6
3214	2324	2325	6
3215	2325	2326	6
3216	2326	2327	6
3217	2327	2328	6
3218	2328	2329	6
3219	2329	2330	6
3220	2330	2331	6
3221	2331	2332	6
3222	2332	2333	6
3223	2333	2334	6
3224	2334	2335	6
3225	2335	2335	0
3226	2335	2335	0
3227	2335	2336	6
3228	2336	2337	6
3229	2337	2338	6
3230	2338	2339	6
3231	2339	2340	2
3232	2340	2340	0
3233	2340	2341	6
3234	2341	2342	6
3235	2342	2343	6
3236	2343	2344	6
3237	2344	2345	6
3238	2345	2346	6
3239	2346	2347	6
3240	2347	2348	6
3241	2348	2349	6
3242	2349	2350	6
3243	2350	2350	0
3244	2350	2351	6
3245	2351	2352	6
3246	2352	2353	6
3247	2353	2354	6
3248	2354	2355	6
3249	2355	2356	2
3250	2356	2357	6
3251	2357	2357	0
3252	2357	2357	0
3253	2357	2357	0
3254	2357	2357	0
3255	2357	2357	0
3256	2357	2357	0
3257	2357	2357	0
3258	2357	2357	0
3259	2357	2357	0
3260	2357	2357	0
3261	2357	2357	0
3262	2357	2357	0
3263	2357	2357	0
3264	2357	2357	0
3265	2357	2357	0
3266	2357	2358	6
3267	2358	2358	0
3268	2358	2360	6
3269	2360	2361	6
3270	2361	2361	0
3271	2361	2361	0
3272	2361	2361	0
3273	2361	2361	0
3274	2361	2361	0
3275	2361	2362	6
3276	2362	2362	0
3277	2362	2363	6
3278	2363	2364	6
3279	2364	2365	6
3280	2365	2365	0
3281	2365	2366	6
3282	2366	2367	6
3283	2367	2367	0
3284	2367	2367	0
3285	2367	2367	0
3286	2367	2368	6
3287	2368	2369	6
3288	2369	2369	0
3289	2369	2369	0
3290	2369	2369	0
3291	2369	2369	0
3292	2369	2370	6
3293	2370	2371	6
3294	2371	2372	6
3295	2372	2373	6
3296	2373	2374	6
3297	2374	2375	6
3298	2375	2376	6
3299	2376	2377	6
3300	2377	2378	6
3301	2378	2379	6
3302	2379	2380	6
3303	2380	2381	6
3304	2381	2382	6
3305	2382	2383	6
3306	2383	2384	6
3307	2384	2385	6
3308	2385	2385	0
3309	2385	2386	6
3310	2386	2387	6
3311	2387	2388	6
3312	2388	2389	6
3313	2389	2390	2
3314	2390	2391	6
3315	2391	2391	0
3316	2391	2392	6
3317	2392	2393	2
3318	2393	2394	6
3319	2394	2395	6
3320	2395	2396	6
3321	2396	2397	6
3322	2397	2398	6
3323	2398	2400	6
3324	2400	2401	6
3325	2401	2402	6
3326	2402	2403	6
3327	2403	2404	6
3328	2404	2406	6
3329	2406	2408	6
3330	2408	2410	6
3331	2410	2412	6
3332	2412	2412	0
3333	2412	2412	0
3334	2412	2413	6
3335	2413	2414	6
3336	2414	2414	0
3337	2414	2415	2
3338	2415	2416	6
3339	2416	2417	6
3340	2417	2418	6
3341	2418	2419	6
3342	2419	2420	6
3343	2420	2420	0
3344	2420	2421	4
3345	2421	2422	6
3346	2422	2423	6
3347	2423	2424	6
3348	2424	2425	6
3349	2425	2426	6
3350	2426	2427	6
3351	2427	2428	6
3352	2428	2429	6
3353	2429	2430	6
3354	2430	2432	6
3355	2432	2433	6
3356	2433	2434	6
3357	2434	2436	6
3358	2436	2438	6
3359	2438	2439	6
3360	2439	2441	6
3361	2441	2442	6
3362	2442	2443	6
3363	2443	2444	6
3364	2444	2445	6
3365	2445	2446	6
3366	2446	2447	6
3367	2447	2448	6
3368	2448	2449	2
3369	2449	2450	6
3370	2450	2451	6
3371	2451	2452	6
3372	2452	2453	6
3373	2453	2454	6
3374	2454	2455	6
3375	2455	2456	6
3376	2456	2457	6
3377	2457	2458	6
3378	2458	2459	6
3379	2459	2460	6
3380	2460	2461	6
3381	2461	2462	6
3382	2462	2463	6
3383	2463	2465	6
3384	2465	2466	6
3385	2466	2467	6
3386	2467	2468	6
3387	2468	2469	6
3388	2469	2469	0
3389	2469	2470	6
3390	2470	2471	6
3391	2471	2472	6
3392	2472	2472	0
3393	2472	2472	0
3394	2472	2472	0
3395	2472	2473	2
3396	2473	2474	6
3397	2474	2475	6
3398	2475	2476	6
3399	2476	2476	0
3400	2476	2476	0
3401	2476	2476	0
3402	2476	2476	0
3403	2476	2476	0
3404	2476	2476	0
3405	2476	2477	6
3406	2477	2478	6
3407	2478	2479	2
3408	2479	2480	2
3409	2480	2480	0
3410	2480	2480	0
3411	2480	2480	0
3412	2480	2480	0
3413	2480	2480	0
3414	2480	2480	0
3415	2480	2484	6
3416	2484	2484	0
3417	2484	2485	6
3418	2485	2486	2
3419	2486	2487	6
3420	2487	2488	6
3421	2488	2489	6
3422	2489	2490	2
3423	2490	2490	0
3424	2490	2490	0
3425	2490	2491	6
3426	2491	2492	6
3427	2492	2493	2
3428	2493	2493	0
3429	2493	2494	6
3430	2494	2495	6
3431	2495	2495	0
3432	2495	2495	2
3433	2495	2496	6
3434	2496	2497	6
3435	2497	2498	6
3436	2498	2499	6
3437	2499	2500	6
3438	2500	2501	6
3439	2501	2503	6
3440	2503	2504	6
3441	2504	2505	6
3442	2505	2505	0
3443	2505	2505	0
3444	2505	2507	6
3445	2507	2507	0
3446	2507	2508	6
3447	2508	2510	6
3448	2510	2511	6
3449	2511	2513	6
3450	2513	2514	6
3451	2514	2514	0
3452	2514	2516	6
3453	2516	2518	6
3454	2518	2518	0
3455	2518	2519	6
3456	2519	2520	6
3457	2520	2521	6
3458	2521	2522	6
3459	2522	2523	6
3460	2523	2524	6
3461	2524	2525	6
3462	2525	2526	6
3463	2526	2526	0
3464	2526	2527	2
3465	2527	2528	6
3466	2528	2529	6
3467	2529	2530	6
3468	2530	2531	6
3469	2531	2532	6
3470	2532	2533	6
3471	2533	2534	6
3472	2534	2535	6
3473	2535	2536	6
3474	2536	2536	0
3475	2536	2536	0
3476	2536	2537	6
3477	2537	2538	6
3478	2538	2540	6
3479	2540	2540	0
3480	2540	2541	6
3481	2541	2543	6
3482	2543	2544	6
3483	2544	2545	6
3484	2545	2546	6
3485	2546	2547	6
3486	2547	2548	6
3487	2548	2549	6
3488	2549	2550	6
3489	2550	2551	6
3490	2551	2552	6
3491	2552	2553	6
3492	2553	2554	6
3493	2554	2555	6
3494	2555	2556	6
3495	2556	2557	6
3496	2557	2558	6
3497	2558	2560	6
3498	2560	2560	0
3499	2560	2562	6
3500	2562	2563	6
3501	2563	2564	6
3502	2564	2565	6
3503	2565	2566	6
3504	2566	2567	6
3505	2567	2568	6
3506	2568	2569	6
3507	2569	2570	6
3508	2570	2571	6
3509	2571	2572	6
3510	2572	2573	6
3511	2573	2574	6
3512	2574	2575	6
3513	2575	2576	6
3514	2576	2577	6
3515	2577	2578	6
3516	2578	2578	0
3517	2578	2578	0
3518	2578	2578	0
3519	2578	2578	0
3520	2578	2578	0
3521	2578	2578	0
3522	2578	2578	0
3523	2578	2578	0
3524	2578	2578	0
3525	2578	2578	0
3526	2578	2578	0
3527	2578	2578	0
3528	2578	2580	6
3529	2580	2589	6
3530	2589	2595	6
3531	2595	2600	6
3532	2600	2607	6
3533	2607	2609	6
3534	2609	2610	4
3535	2610	2610	0
3536	2610	2618	6
3537	2618	2627	6
3538	2627	2636	6
3539	2636	2647	6
3540	2647	2653	6
3541	2653	2662	6
3542	2662	2665	6
3543	2665	2667	6
3544	2667	2670	6
3545	2670	2670	6
3546	2670	2677	6
3547	2677	2679	6
3548	2679	2684	6
3549	2684	2692	6
3550	2692	2694	6
3551	2694	2699	6
3552	2699	2699	4
3553	2699	2704	6
3554	2704	2704	6
3555	2704	2715	6
3556	2715	2717	6
3557	2717	2723	6
3558	2723	2723	0
3559	2723	2723	0
3560	2723	2727	2
3561	2727	2738	2
3562	2738	2743	2
3563	2743	2746	2
3564	2746	2747	4
3565	2747	2747	0
3566	2747	2750	6
3567	2750	2765	6
3568	2765	2765	6
3569	2765	2767	6
3570	2767	2785	6
3571	2785	2802	6
3572	2802	2802	6
3573	2802	2802	4
3574	2802	2818	6
3575	2818	2828	6
3576	2828	2829	6
3577	2829	2829	6
3578	2829	2854	6
3579	2854	2855	4
3580	2855	2864	6
3581	2864	2864	0
3582	2864	2864	0
3583	2864	2864	0
3584	2864	2864	0
3585	2864	2870	6
3586	2870	2877	6
3587	2877	2889	6
3588	2889	2914	6
3589	2914	2914	0
3590	2914	2914	0
3591	2914	2914	0
3592	2914	2914	0
3593	2914	2914	0
3594	2914	2914	0
3595	2914	2914	0
3596	2914	2914	0
3597	2914	2914	0
3598	2914	2914	0
3599	2914	2914	0
3600	2914	2914	0
3601	2914	2914	4
3602	2914	2914	0
3603	2914	2914	0
3604	2914	2914	4
3605	2914	2914	0
3606	2914	2914	6
3607	2914	2915	6
3608	2915	2916	6
3609	2916	2921	6
3610	2921	2924	6
3611	2924	2924	0
3612	2924	2924	0
3613	2924	2924	6
3614	2924	2924	6
3615	2924	2924	0
3616	2924	2924	0
3617	2924	2924	0
3618	2924	2924	0
3619	2924	2924	6
3620	2924	2924	4
3621	2924	2924	0
3622	2924	2924	0
3623	2924	2924	0
3624	2924	2924	0
3625	2924	2924	0
3626	2924	2924	0
3627	2924	2924	4
3628	2924	2924	6
3629	2924	2924	0
3630	2924	2924	0
3631	2924	2925	4
3632	2925	2926	6
3633	2926	2927	6
3634	2927	2928	6
3635	2928	2929	6
3636	2929	2929	0
3637	2929	2929	0
3638	2929	2930	4
3639	2930	2931	4
3640	2931	2932	6
3641	2932	2932	0
3642	2932	2933	6
3643	2933	2935	6
3644	2935	2937	6
3645	2937	2937	0
3646	2937	2937	0
3647	2937	2937	0
3648	2937	2937	0
3649	2937	2937	0
3650	2937	2937	0
3651	2937	2937	0
3652	2937	2937	0
3653	2937	2937	0
3654	2937	2937	0
3655	2937	2937	0
3656	2937	2937	0
3657	2937	2937	0
3658	2937	2939	6
3659	2939	2941	6
3660	2941	2941	0
3661	2941	2941	0
3662	2941	2942	6
3663	2942	2943	2
3664	2943	2943	4
3665	2943	2943	0
3666	2943	2944	6
3667	2944	2945	6
3668	2945	2945	0
3669	2945	2945	0
3670	2945	2946	6
3671	2946	2947	6
3672	2947	2947	0
3673	2947	2947	0
3674	2947	2947	0
3675	2947	2947	0
3676	2947	2947	0
3677	2947	2947	0
3678	2947	2947	0
3679	2947	2947	0
3680	2947	2947	0
3681	2947	2947	0
3682	2947	2947	0
3683	2947	2947	0
3684	2947	2947	0
3685	2947	2947	0
3686	2947	2947	0
3687	2947	2947	0
3688	2947	2947	0
3689	2947	2947	0
3690	2947	2947	0
3691	2947	2947	0
3692	2947	2947	0
3693	2947	2947	0
3694	2947	2947	0
3695	2947	2947	0
3696	2947	2947	0
3697	2947	2947	0
3698	2947	2947	0
3699	2947	2947	0
3700	2947	2947	0
3701	2947	2947	0
3702	2947	2947	0
3703	2947	2947	0
3704	2947	2947	0
3705	2947	2947	0
3706	2947	2947	0
3707	2947	2947	0
3708	2947	2947	0
3709	2947	2947	0
3710	2947	2947	0
3711	2947	2947	0
3712	2947	2947	0
3713	2947	2947	0
3714	2947	2947	0
3715	2947	2947	0
3716	2947	2947	0
3717	2947	2947	0
3718	2947	2947	0
3719	2947	2947	0
3720	2947	2947	0
3721	2947	2947	0
3722	2947	2947	0
3723	2947	2947	0
3724	2947	2947	0
3725	2947	2947	0
3726	2947	2947	0
3727	2947	2947	0
3728	2947	2947	0
3729	2947	2947	0
3730	2947	2947	0
3731	2947	2947	0
3732	2947	2947	0
3733	2947	2947	0
3734	2947	2947	0
3735	2947	2947	0
3736	2947	2947	0
3737	2947	2947	0
3738	2947	2947	0
3739	2947	2947	0
3740	2947	2947	0
3741	2947	2947	0
3742	2947	2947	0
3743	2947	2947	0
3744	2947	2947	0
3745	2947	2947	0
3746	2947	2947	0
3747	2947	2947	0
3748	2947	2947	0
3749	2947	2947	0
3750	2947	2947	0
3751	2947	2947	0
3752	2947	2947	0
3753	2947	2947	0
3754	2947	2947	0
3755	2947	2947	0
3756	2947	2947	0
3757	2947	2947	0
3758	2947	2947	0
3759	2947	2947	0
3760	2947	2947	0
3761	2947	2947	0
3762	2947	2947	0
3763	2947	2947	0
3764	2947	2947	0
3765	2947	2947	0
3766	2947	2947	0
3767	2947	2947	0
3768	2947	2947	0
3769	2947	2947	0
3770	2947	2947	0
3771	2947	2947	0
3772	2947	2947	0
3773	2947	2947	0
3774	2947	2947	0
3775	2947	2947	0
3776	2947	2947	0
3777	2947	2947	0
3778	2947	2947	0
3779	2947	2947	0
3780	2947	2947	0
3781	2947	2947	0
3782	2947	2947	0
3783	2947	2947	0
3784	2947	2947	0
3785	2947	2947	0
3786	2947	2947	0
3787	2947	2947	0
3788	2947	2947	0
3789	2947	2947	0
3790	2947	2947	0
3791	2947	2947	0
3792	2947	2947	0
3793	2947	2947	0
3794	2947	2947	0
3795	2947	2947	0
3796	2947	2947	0
3797	2947	2947	0
3798	2947	2947	0
3799	2947	2947	0
3800	2947	2947	0
3801	2947	2947	0
3802	2947	2947	0
3803	2947	2947	2
3804	2947	2947	0
3805	2947	2947	0
3806	2947	2947	0
3807	2947	2947	0
3808	2947	2948	6
3809	2948	2949	6
3810	2949	2951	6
3811	2951	2953	6
3812	2953	2954	6
3813	2954	2955	6
3814	2955	2956	6
3815	2956	2957	6
3816	2957	2959	6
3817	2959	2961	6
3818	2961	2962	6
3819	2962	2963	6
3820	2963	2965	6
3821	2965	2967	6
3822	2967	2967	0
3823	2967	2968	6
3824	2968	2969	6
3825	2969	2970	6
3826	2970	2971	6
3827	2971	2972	6
3828	2972	2973	6
3829	2973	2974	6
3830	2974	2974	0
3831	2974	2974	0
3832	2974	2974	0
3833	2974	2974	0
3834	2974	2974	0
3835	2974	2974	0
3836	2974	2974	0
3837	2974	2974	0
3838	2974	2974	0
3839	2974	2974	2
3840	2974	2974	0
3841	2974	2976	6
3842	2976	2976	0
3843	2976	2977	2
3844	2977	2977	0
3845	2977	2977	6
3846	2977	2977	0
3847	2977	2977	0
3848	2977	2977	0
3849	2977	2977	0
3850	2977	2977	0
3851	2977	2977	0
3852	2977	2977	0
3853	2977	2977	0
3854	2977	2977	0
3855	2977	2977	0
3856	2977	2977	0
3857	2977	2977	0
3858	2977	2977	0
3859	2977	2977	0
3860	2977	2977	0
3861	2977	2977	0
3862	2977	2977	0
3863	2977	2977	0
3864	2977	2979	6
3865	2979	2979	0
3866	2979	2980	2
3867	2980	2984	6
3868	2984	2986	6
3869	2986	2988	6
3870	2988	2988	0
3871	2988	2989	6
3872	2989	2990	6
3873	2990	2992	6
3874	2992	2995	6
3875	2995	2996	2
3876	2996	2996	0
3877	2996	2998	6
3878	2998	2998	0
3879	2998	2999	4
3880	2999	2999	0
3881	2999	2999	0
3882	2999	2999	0
3883	2999	3001	6
3884	3001	3003	6
3885	3003	3003	0
3886	3003	3004	6
3887	3004	3004	0
3888	3004	3005	6
3889	3005	3005	0
3890	3005	3005	2
3891	3005	3005	0
3892	3005	3005	0
3893	3005	3005	0
3894	3005	3005	0
3895	3005	3005	0
3896	3005	3005	0
3897	3005	3005	6
3898	3005	3005	0
3899	3005	3005	0
3900	3005	3005	0
3901	3005	3005	0
3902	3005	3005	0
3903	3005	3005	0
3904	3005	3005	0
3905	3005	3005	0
3906	3005	3005	0
3907	3005	3005	0
3908	3005	3005	0
3909	3005	3005	0
3910	3005	3006	6
3911	3006	3006	0
3912	3006	3006	0
3913	3006	3006	0
3914	3006	3006	0
3915	3006	3006	0
3916	3006	3006	0
3917	3006	3006	0
3918	3006	3006	0
3919	3006	3006	0
3920	3006	3006	0
3921	3006	3007	6
3922	3007	3008	6
3923	3008	3009	6
3924	3009	3011	6
3925	3011	3011	0
3926	3011	3011	0
3927	3011	3013	6
3928	3013	3015	6
3929	3015	3016	6
3930	3016	3017	6
3931	3017	3018	6
3932	3018	3019	6
3933	3019	3019	0
3934	3019	3019	0
3935	3019	3019	0
3936	3019	3019	0
3937	3019	3019	0
3938	3019	3019	0
3939	3019	3019	0
3940	3019	3019	0
3941	3019	3019	2
3942	3019	3020	6
3943	3020	3020	0
3944	3020	3020	0
3945	3020	3020	0
3946	3020	3020	0
3947	3020	3021	6
3948	3021	3023	6
3949	3023	3024	6
3950	3024	3026	6
3951	3026	3027	6
3952	3027	3028	6
3953	3028	3029	4
3954	3029	3029	6
3955	3029	3030	6
3956	3030	3031	6
3957	3031	3033	6
3958	3033	3034	6
3959	3034	3035	6
3960	3035	3036	4
3961	3036	3037	6
3962	3037	3038	6
3963	3038	3038	0
3964	3038	3038	0
3965	3038	3038	0
3966	3038	3038	0
3967	3038	3038	0
3968	3038	3038	0
3969	3038	3038	0
3970	3038	3038	0
3971	3038	3038	0
3972	3038	3038	0
3973	3038	3038	0
3974	3038	3038	0
3975	3038	3038	0
3976	3038	3038	0
3977	3038	3038	0
3978	3038	3038	0
3979	3038	3038	0
3980	3038	3038	0
3981	3038	3038	0
3982	3038	3038	0
3983	3038	3038	0
3984	3038	3038	0
3985	3038	3038	0
3986	3038	3038	0
3987	3038	3038	0
3988	3038	3038	0
3989	3038	3038	0
3990	3038	3038	0
3991	3038	3038	0
3992	3038	3038	0
3993	3038	3038	0
3994	3038	3038	0
3995	3038	3038	0
3996	3038	3038	0
3997	3038	3038	0
3998	3038	3038	6
3999	3038	3038	0
4000	3038	3038	0
4001	3038	3038	0
4002	3038	3038	0
4003	3038	3038	0
4004	3038	3038	0
4005	3038	3040	6
4006	3040	3040	0
4007	3040	3040	6
4008	3040	3040	0
4009	3040	3040	2
4010	3040	3040	0
4011	3040	3040	0
4012	3040	3040	0
4013	3040	3040	0
4014	3040	3042	2
4015	3042	3042	0
4016	3042	3043	2
4017	3043	3044	2
4018	3044	3045	6
4019	3045	3045	0
4020	3045	3045	0
4021	3045	3045	0
4022	3045	3045	0
4023	3045	3045	0
4024	3045	3045	0
4025	3045	3045	0
4026	3045	3045	0
4027	3045	3045	0
4028	3045	3045	0
4029	3045	3046	2
4030	3046	3048	6
4031	3048	3048	0
4032	3048	3048	0
4033	3048	3048	0
4034	3048	3048	0
4035	3048	3048	2
4036	3048	3048	0
4037	3048	3049	6
4038	3049	3051	6
4039	3051	3053	6
4040	3053	3053	0
4041	3053	3053	0
4042	3053	3053	0
4043	3053	3054	6
4044	3054	3054	0
4045	3054	3054	0
4046	3054	3054	4
4047	3054	3064	6
4048	3064	3064	0
4049	3064	3067	6
4050	3067	3067	0
4051	3067	3067	0
4052	3067	3068	4
4053	3068	3068	0
4054	3068	3068	0
4055	3068	3068	0
4056	3068	3068	0
4057	3068	3068	0
4058	3068	3068	0
4059	3068	3068	0
4060	3068	3068	0
4061	3068	3068	0
4062	3068	3068	0
4063	3068	3068	0
4064	3068	3068	0
4065	3068	3068	0
4066	3068	3068	0
4067	3068	3068	0
4068	3068	3068	0
4069	3068	3068	0
4070	3068	3068	0
4071	3068	3068	0
4072	3068	3068	0
4073	3068	3068	0
4074	3068	3068	0
4075	3068	3068	0
4076	3068	3068	0
4077	3068	3068	0
4078	3068	3068	0
4079	3068	3068	0
4080	3068	3068	0
4081	3068	3070	6
4082	3070	3071	6
4083	3071	3071	6
4084	3071	3071	6
4085	3071	3071	0
4086	3071	3071	0
4087	3071	3071	0
4088	3071	3071	0
4089	3071	3071	0
4090	3071	3071	0
4091	3071	3071	0
4092	3071	3071	0
4093	3071	3071	0
4094	3071	3071	0
4095	3071	3071	0
4096	3071	3071	0
4097	3071	3071	0
4098	3071	3071	0
4099	3071	3071	0
4100	3071	3071	0
4101	3071	3071	0
4102	3071	3071	0
4103	3071	3071	0
4104	3071	3071	0
4105	3071	3071	0
4106	3071	3071	0
4107	3071	3071	0
4108	3071	3071	0
4109	3071	3071	0
4110	3071	3071	0
4111	3071	3071	0
4112	3071	3071	6
4113	3071	3071	0
4114	3071	3071	0
4115	3071	3072	6
4116	3072	3073	6
4117	3073	3073	0
4118	3073	3073	0
4119	3073	3075	6
4120	3075	3076	6
4121	3076	3077	6
4122	3077	3078	4
4123	3078	3078	4
4124	3078	3079	6
4125	3079	3080	6
4126	3080	3080	4
4127	3080	3083	6
4128	3083	3087	6
4129	3087	3091	6
4130	3091	3093	6
4131	3093	3093	4
4132	3093	3093	0
4133	3093	3093	0
4134	3093	3095	6
4135	3095	3097	6
4136	3097	3098	4
4137	3098	3098	0
4138	3098	3098	0
4139	3098	3098	0
4140	3098	3098	0
4141	3098	3098	0
4142	3098	3098	0
4143	3098	3098	0
4144	3098	3098	6
4145	3098	3098	0
4146	3098	3098	0
4147	3098	3098	0
4148	3098	3098	0
4149	3098	3099	6
4150	3099	3100	2
4151	3100	3100	0
4152	3100	3101	6
4153	3101	3102	6
4154	3102	3102	4
4155	3102	3102	0
4156	3102	3102	0
4157	3102	3102	0
4158	3102	3103	2
4159	3103	3104	2
4160	3104	3104	0
4161	3104	3104	0
4162	3104	3105	2
4163	3105	3105	0
4164	3105	3106	6
4165	3106	3106	0
4166	3106	3107	6
4167	3107	3107	0
4168	3107	3109	6
4169	3109	3111	6
4170	3111	3113	6
4171	3113	3114	6
4172	3114	3116	6
4173	3116	3118	6
4174	3118	3119	6
4175	3119	3119	0
4176	3119	3119	0
4177	3119	3119	0
4178	3119	3122	6
4179	3122	3123	6
4180	3123	3124	6
4181	3124	3125	6
4182	3125	3126	6
4183	3126	3127	6
4184	3127	3128	6
4185	3128	3129	6
4186	3129	3130	6
4187	3130	3132	6
4188	3132	3134	6
4189	3134	3134	0
4190	3134	3134	0
4191	3134	3134	0
4192	3134	3134	0
4193	3134	3134	0
4194	3134	3134	0
4195	3134	3134	0
4196	3134	3134	0
4197	3134	3134	0
4198	3134	3134	0
4199	3134	3134	0
4200	3134	3134	0
4201	3134	3134	0
4202	3134	3134	0
4203	3134	3134	0
4204	3134	3134	4
4205	3134	3134	0
4206	3134	3134	0
4207	3134	3134	0
4208	3134	3134	0
4209	3134	3134	0
4210	3134	3134	0
4211	3134	3134	0
4212	3134	3134	0
4213	3134	3134	0
4214	3134	3134	0
4215	3134	3134	0
4216	3134	3134	0
4217	3134	3134	0
4218	3134	3134	0
4219	3134	3134	0
4220	3134	3134	0
4221	3134	3134	0
4222	3134	3134	0
4223	3134	3134	0
4224	3134	3134	0
4225	3134	3134	0
4226	3134	3134	0
4227	3134	3134	0
4228	3134	3134	0
4229	3134	3134	0
4230	3134	3134	0
4231	3134	3134	0
4232	3134	3134	0
4233	3134	3134	0
4234	3134	3134	0
4235	3134	3134	0
4236	3134	3134	0
4237	3134	3134	0
4238	3134	3134	0
4239	3134	3135	6
4240	3135	3135	2
4241	3135	3137	6
4242	3137	3137	0
4243	3137	3137	4
4244	3137	3138	6
4245	3138	3140	6
4246	3140	3140	0
4247	3140	3140	0
4248	3140	3141	4
4249	3141	3141	6
4250	3141	3141	0
4251	3141	3141	0
4252	3141	3141	0
4253	3141	3141	0
4254	3141	3141	0
4255	3141	3141	4
4256	3141	3141	0
4257	3141	3141	0
4258	3141	3141	0
4259	3141	3145	6
4260	3145	3150	6
4261	3150	3150	6
4262	3150	3150	0
4263	3150	3151	6
4264	3151	3151	4
4265	3151	3152	6
4266	3152	3152	0
4267	3152	3156	6
4268	3156	3156	0
4269	3156	3162	6
4270	3162	3163	6
4271	3163	3163	0
4272	3163	3164	6
4273	3164	3164	0
4274	3164	3165	6
4275	3165	3165	2
4276	3165	3166	6
4277	3166	3167	6
4278	3167	3169	6
4279	3169	3171	6
4280	3171	3171	6
4281	3171	3171	6
4282	3171	3173	6
4283	3173	3175	6
4284	3175	3177	6
4285	3177	3177	6
4286	3177	3177	0
4287	3177	3177	0
4288	3177	3177	0
4289	3177	3177	0
4290	3177	3177	0
4291	3177	3177	0
4292	3177	3177	0
4293	3177	3177	0
4294	3177	3177	0
4295	3177	3177	0
4296	3177	3178	6
4297	3178	3178	0
4298	3178	3178	4
4299	3178	3178	0
4300	3178	3178	0
4301	3178	3178	0
4302	3178	3178	0
4303	3178	3178	0
4304	3178	3178	0
4305	3178	3178	0
4306	3178	3178	0
4307	3178	3178	0
4308	3178	3178	0
4309	3178	3178	0
4310	3178	3178	0
4311	3178	3178	0
4312	3178	3178	0
4313	3178	3178	0
4314	3178	3178	0
4315	3178	3178	0
4316	3178	3178	0
4317	3178	3178	0
4318	3178	3178	0
4319	3178	3178	0
4320	3178	3178	0
4321	3178	3178	0
4322	3178	3178	0
4323	3178	3178	0
4324	3178	3178	0
4325	3178	3178	0
4326	3178	3178	0
4327	3178	3178	0
4328	3178	3178	0
4329	3178	3178	0
4330	3178	3178	0
4331	3178	3178	0
4332	3178	3178	0
4333	3178	3178	0
4334	3178	3178	0
4335	3178	3178	0
4336	3178	3178	0
4337	3178	3178	0
4338	3178	3178	0
4339	3178	3178	0
4340	3178	3178	0
4341	3178	3178	0
4342	3178	3178	0
4343	3178	3178	0
4344	3178	3178	0
4345	3178	3178	0
4346	3178	3178	0
4347	3178	3178	0
4348	3178	3178	0
4349	3178	3178	0
4350	3178	3178	0
4351	3178	3178	0
4352	3178	3178	0
4353	3178	3178	0
4354	3178	3178	0
4355	3178	3178	0
4356	3178	3178	0
4357	3178	3178	0
4358	3178	3178	0
4359	3178	3178	0
4360	3178	3178	0
4361	3178	3178	0
4362	3178	3178	0
4363	3178	3178	0
4364	3178	3178	0
4365	3178	3178	0
4366	3178	3178	0
4367	3178	3178	0
4368	3178	3178	0
4369	3178	3178	0
4370	3178	3178	0
4371	3178	3178	0
4372	3178	3178	0
4373	3178	3178	0
4374	3178	3178	0
4375	3178	3178	0
4376	3178	3178	0
4377	3178	3178	4
4378	3178	3178	6
4379	3178	3178	0
4380	3178	3178	0
4381	3178	3178	0
4382	3178	3178	0
4383	3178	3178	0
4384	3178	3178	0
4385	3178	3178	0
4386	3178	3178	2
4387	3178	3178	0
4388	3178	3180	6
4389	3180	3180	0
4390	3180	3182	6
4391	3182	3182	0
4392	3182	3182	0
4393	3182	3182	0
4394	3182	3182	0
4395	3182	3182	0
4396	3182	3182	0
4397	3182	3182	0
4398	3182	3182	0
4399	3182	3182	0
4400	3182	3182	0
4401	3182	3182	0
4402	3182	3182	0
4403	3182	3182	0
4404	3182	3182	0
4405	3182	3182	0
4406	3182	3182	0
4407	3182	3182	0
4408	3182	3182	0
4409	3182	3182	0
4410	3182	3182	0
4411	3182	3182	0
4412	3182	3182	0
4413	3182	3182	0
4414	3182	3182	0
4415	3182	3182	0
4416	3182	3182	0
4417	3182	3182	0
4418	3182	3182	0
4419	3182	3182	0
4420	3182	3182	0
4421	3182	3182	0
4422	3182	3182	0
4423	3182	3182	0
4424	3182	3182	0
4425	3182	3182	0
4426	3182	3183	6
4427	3183	3183	0
4428	3183	3183	0
4429	3183	3183	0
4430	3183	3183	0
4431	3183	3183	0
4432	3183	3183	0
4433	3183	3184	6
4434	3184	3185	6
4435	3185	3185	0
4436	3185	3185	0
4437	3185	3185	0
4438	3185	3185	0
4439	3185	3186	2
4440	3186	3187	6
4441	3187	3188	6
4442	3188	3188	0
4443	3188	3189	2
4444	3189	3189	0
4445	3189	3190	4
4446	3190	3190	0
4447	3190	3190	0
4448	3190	3190	0
4449	3190	3190	0
4450	3190	3190	0
4451	3190	3190	0
4452	3190	3190	0
4453	3190	3190	0
4454	3190	3190	0
4455	3190	3190	0
4456	3190	3190	0
4457	3190	3190	0
4458	3190	3190	0
4459	3190	3190	0
4460	3190	3190	0
4461	3190	3190	0
4462	3190	3190	0
4463	3190	3190	0
4464	3190	3190	0
4465	3190	3190	0
4466	3190	3190	0
4467	3190	3190	0
4468	3190	3190	0
4469	3190	3190	0
4470	3190	3190	0
4471	3190	3190	0
4472	3190	3190	0
4473	3190	3190	0
4474	3190	3190	0
4475	3190	3190	0
4476	3190	3190	0
4477	3190	3190	0
4478	3190	3190	0
4479	3190	3190	0
4480	3190	3190	0
4481	3190	3190	0
4482	3190	3190	0
4483	3190	3190	0
4484	3190	3190	0
4485	3190	3190	0
4486	3190	3190	0
4487	3190	3190	0
4488	3190	3190	0
4489	3190	3190	0
4490	3190	3190	0
4491	3190	3190	0
4492	3190	3190	0
4493	3190	3190	0
4494	3190	3190	0
4495	3190	3190	0
4496	3190	3190	0
4497	3190	3190	0
4498	3190	3190	6
4499	3190	3190	0
4500	3190	3190	4
4501	3190	3190	0
4502	3190	3192	6
4503	3192	3192	0
4504	3192	3192	0
4505	3192	3192	0
4506	3192	3192	0
4507	3192	3192	0
4508	3192	3192	2
4509	3192	3194	6
4510	3194	3196	6
4511	3196	3197	6
4512	3197	3197	0
4513	3197	3197	0
4514	3197	3197	4
4515	3197	3197	0
4516	3197	3197	0
4517	3197	3197	0
4518	3197	3197	0
4519	3197	3197	0
4520	3197	3197	0
4521	3197	3197	0
4522	3197	3197	0
4523	3197	3197	0
4524	3197	3197	0
4525	3197	3197	0
4526	3197	3197	0
4527	3197	3197	0
4528	3197	3198	4
4529	3198	3199	6
4530	3199	3199	0
4531	3199	3199	2
4532	3199	3199	0
4533	3199	3200	6
4534	3200	3201	6
4535	3201	3205	6
4536	3205	3205	0
4537	3205	3205	0
4538	3205	3205	0
4539	3205	3205	0
4540	3205	3205	0
4541	3205	3205	0
4542	3205	3205	0
4543	3205	3205	4
4544	3205	3205	6
4545	3205	3205	0
4546	3205	3205	0
4547	3205	3205	0
4548	3205	3205	0
4549	3205	3205	0
4550	3205	3205	0
4551	3205	3205	0
4552	3205	3205	0
4553	3205	3205	0
4554	3205	3205	0
4555	3205	3205	0
4556	3205	3205	0
4557	3205	3205	0
4558	3205	3205	0
4559	3205	3205	0
4560	3205	3205	0
4561	3205	3205	0
4562	3205	3205	0
4563	3205	3205	0
4564	3205	3205	0
4565	3205	3205	0
4566	3205	3205	0
4567	3205	3205	0
4568	3205	3205	0
4569	3205	3205	0
4570	3205	3205	0
4571	3205	3205	4
4572	3205	3205	0
4573	3205	3205	0
4574	3205	3205	0
4575	3205	3205	0
4576	3205	3205	0
4577	3205	3205	0
4578	3205	3205	0
4579	3205	3205	0
4580	3205	3205	0
4581	3205	3205	0
4582	3205	3205	0
4583	3205	3205	0
4584	3205	3205	0
4585	3205	3205	0
4586	3205	3205	0
4587	3205	3205	0
4588	3205	3205	0
4589	3205	3205	0
4590	3205	3205	0
4591	3205	3205	0
4592	3205	3205	0
4593	3205	3205	0
4594	3205	3205	0
4595	3205	3205	0
4596	3205	3205	0
4597	3205	3205	0
4598	3205	3205	0
4599	3205	3205	0
4600	3205	3205	0
4601	3205	3205	0
4602	3205	3205	0
4603	3205	3205	0
4604	3205	3205	0
4605	3205	3205	0
4606	3205	3205	0
4607	3205	3205	0
4608	3205	3205	0
4609	3205	3205	0
4610	3205	3205	0
4611	3205	3205	0
4612	3205	3205	0
4613	3205	3205	0
4614	3205	3205	0
4615	3205	3205	0
4616	3205	3205	0
4617	3205	3205	0
4618	3205	3205	0
4619	3205	3205	0
4620	3205	3205	0
4621	3205	3205	0
4622	3205	3205	0
4623	3205	3205	0
4624	3205	3205	0
4625	3205	3205	0
4626	3205	3205	0
4627	3205	3205	0
4628	3205	3205	0
4629	3205	3205	0
4630	3205	3205	0
4631	3205	3205	0
4632	3205	3205	0
4633	3205	3205	0
4634	3205	3205	0
4635	3205	3205	0
4636	3205	3205	0
4637	3205	3205	0
4638	3205	3205	0
4639	3205	3205	0
4640	3205	3205	0
4641	3205	3205	0
4642	3205	3205	0
4643	3205	3205	0
4644	3205	3205	0
4645	3205	3205	0
4646	3205	3205	0
4647	3205	3206	6
4648	3206	3206	0
4649	3206	3206	0
4650	3206	3206	0
4651	3206	3206	0
4652	3206	3206	0
4653	3206	3206	0
4654	3206	3206	0
4655	3206	3206	0
4656	3206	3206	0
4657	3206	3206	0
4658	3206	3206	0
4659	3206	3206	0
4660	3206	3206	0
4661	3206	3206	0
4662	3206	3206	0
4663	3206	3206	0
4664	3206	3206	0
4665	3206	3206	0
4666	3206	3207	6
4667	3207	3208	6
4668	3208	3209	6
4669	3209	3210	6
4670	3210	3211	2
4671	3211	3212	2
4672	3212	3212	0
4673	3212	3212	0
4674	3212	3212	0
4675	3212	3212	0
4676	3212	3212	0
4677	3212	3212	0
4678	3212	3212	0
4679	3212	3212	0
4680	3212	3212	0
4681	3212	3212	0
4682	3212	3212	0
4683	3212	3212	0
4684	3212	3212	0
4685	3212	3212	0
4686	3212	3212	0
4687	3212	3212	0
4688	3212	3212	0
4689	3212	3212	0
4690	3212	3212	0
4691	3212	3212	0
4692	3212	3213	6
4693	3213	3214	6
4694	3214	3215	6
4695	3215	3216	4
4696	3216	3217	6
4697	3217	3217	4
4698	3217	3218	6
4699	3218	3218	0
4700	3218	3218	0
4701	3218	3218	0
4702	3218	3219	6
4703	3219	3220	6
4704	3220	3221	6
4705	3221	3222	6
4706	3222	3222	0
4707	3222	3222	0
4708	3222	3223	6
4709	3223	3224	6
4710	3224	3225	6
4711	3225	3226	6
4712	3226	3226	0
4713	3226	3226	0
4714	3226	3227	6
4715	3227	3228	6
4716	3228	3229	6
4717	3229	3230	6
4718	3230	3231	6
4719	3231	3232	6
4720	3232	3232	0
4721	3232	3233	6
4722	3233	3233	0
4723	3233	3233	0
4724	3233	3234	6
4725	3234	3235	6
4726	3235	3236	6
4727	3236	3237	6
4728	3237	3238	6
4729	3238	3238	0
4730	3238	3239	2
4731	3239	3240	6
4732	3240	3241	6
4733	3241	3242	6
4734	3242	3243	6
4735	3243	3244	4
4736	3244	3245	6
4737	3245	3246	6
4738	3246	3247	6
4739	3247	3247	0
4740	3247	3248	6
4741	3248	3249	2
4742	3249	3250	4
4743	3250	3250	0
4744	3250	3251	6
4745	3251	3252	6
4746	3252	3253	6
4747	3253	3253	0
4748	3253	3253	6
4749	3253	3253	0
4750	3253	3253	0
4751	3253	3254	6
4752	3254	3255	6
4753	3255	3256	2
4754	3256	3257	6
4755	3257	3257	4
4756	3257	3258	6
4757	3258	3259	6
4758	3259	3260	6
4759	3260	3261	6
4760	3261	3262	6
4761	3262	3263	6
4762	3263	3265	6
4763	3265	3266	6
4764	3266	3267	6
4765	3267	3267	0
4766	3267	3267	0
4767	3267	3268	6
4768	3268	3269	6
4769	3269	3270	6
4770	3270	3271	6
4771	3271	3272	6
4772	3272	3273	6
4773	3273	3274	4
4774	3274	3275	4
4775	3275	3275	0
4776	3275	3275	0
4777	3275	3275	0
4778	3275	3275	0
4779	3275	3275	0
4780	3275	3275	0
4781	3275	3275	0
4782	3275	3275	0
4783	3275	3275	0
4784	3275	3275	0
4785	3275	3275	0
4786	3275	3275	0
4787	3275	3275	0
4788	3275	3276	6
4789	3276	3277	6
4790	3277	3278	6
4791	3278	3279	2
4792	3279	3280	4
4793	3280	3281	2
4794	3281	3282	4
4795	3282	3282	0
4796	3282	3282	0
4797	3282	3283	6
4798	3283	3283	4
4799	3283	3284	2
4800	3284	3284	0
4801	3284	3284	0
4802	3284	3285	6
4803	3285	3286	6
4804	3286	3286	0
4805	3286	3286	0
4806	3286	3287	6
4807	3287	3288	4
4808	3288	3288	0
4809	3288	3288	0
4810	3288	3288	0
4811	3288	3289	6
4812	3289	3290	6
4813	3290	3291	6
4814	3291	3292	6
4815	3292	3293	6
4816	3293	3294	6
4817	3294	3294	0
4818	3294	3294	0
4819	3294	3294	0
4820	3294	3294	0
4821	3294	3294	0
4822	3294	3294	0
4823	3294	3294	0
4824	3294	3294	0
4825	3294	3294	0
4826	3294	3294	0
4827	3294	3294	0
4828	3294	3294	0
4829	3294	3294	0
4830	3294	3294	0
4831	3294	3294	0
4832	3294	3294	0
4833	3294	3294	0
4834	3294	3294	0
4835	3294	3294	0
4836	3294	3294	0
4837	3294	3295	6
4838	3295	3296	6
4839	3296	3296	0
4840	3296	3296	0
4841	3296	3296	0
4842	3296	3296	0
4843	3296	3296	4
4844	3296	3296	6
4845	3296	3296	0
4846	3296	3296	0
4847	3296	3296	0
4848	3296	3297	6
4849	3297	3298	6
4850	3298	3298	6
4851	3298	3300	6
4852	3300	3300	0
4853	3300	3300	4
4854	3300	3301	6
4855	3301	3301	0
4856	3301	3301	0
4857	3301	3301	0
4858	3301	3301	0
4859	3301	3301	0
4860	3301	3301	0
4861	3301	3301	0
4862	3301	3302	6
4863	3302	3302	0
4864	3302	3302	0
4865	3302	3303	6
4866	3303	3303	0
4867	3303	3304	6
4868	3304	3305	6
4869	3305	3306	2
4870	3306	3306	0
4871	3306	3307	6
4872	3307	3307	0
4873	3307	3307	4
4874	3307	3307	0
4875	3307	3307	0
4876	3307	3307	0
4877	3307	3307	0
4878	3307	3308	6
4879	3308	3308	0
4880	3308	3308	0
4881	3308	3309	6
4882	3309	3310	6
4883	3310	3311	6
4884	3311	3312	2
4885	3312	3312	0
4886	3312	3312	0
4887	3312	3314	6
4888	3314	3315	6
4889	3315	3316	6
4890	3316	3317	6
4891	3317	3317	0
4892	3317	3318	2
4893	3318	3319	2
4894	3319	3319	0
4895	3319	3319	0
4896	3319	3319	0
4897	3319	3319	0
4898	3319	3321	6
4899	3321	3321	0
4900	3321	3323	6
4901	3323	3323	0
4902	3323	3324	6
4903	3324	3325	6
4904	3325	3326	6
4905	3326	3326	0
4906	3326	3326	0
4907	3326	3326	0
4908	3326	3327	2
4909	3327	3327	6
4910	3327	3327	0
4911	3327	3328	6
4912	3328	3329	6
4913	3329	3329	0
4914	3329	3329	0
4915	3329	3330	6
4916	3330	3331	6
4917	3331	3332	6
4918	3332	3333	6
4919	3333	3334	6
4920	3334	3336	6
4921	3336	3337	6
4922	3337	3338	6
4923	3338	3339	6
4924	3339	3340	6
4925	3340	3340	0
4926	3340	3341	6
4927	3341	3341	0
4928	3341	3341	6
4929	3341	3341	0
4930	3341	3342	6
4931	3342	3343	6
4932	3343	3344	6
4933	3344	3345	6
4934	3345	3347	6
4935	3347	3347	0
4936	3347	3347	0
4937	3347	3347	0
4938	3347	3347	0
4939	3347	3347	0
4940	3347	3347	0
4941	3347	3347	0
4942	3347	3347	0
4943	3347	3347	0
4944	3347	3347	0
4945	3347	3348	4
4946	3348	3348	0
4947	3348	3348	0
4948	3348	3348	0
4949	3348	3348	0
4950	3348	3348	0
4951	3348	3348	0
4952	3348	3348	0
4953	3348	3348	0
4954	3348	3348	0
4955	3348	3348	0
4956	3348	3349	6
4957	3349	3349	0
4958	3349	3349	0
4959	3349	3350	6
4960	3350	3350	0
4961	3350	3350	0
4962	3350	3350	0
4963	3350	3350	0
4964	3350	3350	0
4965	3350	3351	2
4966	3351	3352	6
4967	3352	3353	6
4968	3353	3354	6
4969	3354	3355	6
4970	3355	3356	6
4971	3356	3356	0
4972	3356	3357	6
4973	3357	3358	6
4974	3358	3359	6
4975	3359	3360	6
4976	3360	3361	2
4977	3361	3361	0
4978	3361	3361	0
4979	3361	3361	0
4980	3361	3362	4
4981	3362	3362	0
4982	3362	3362	0
4983	3362	3362	0
4984	3362	3364	6
4985	3364	3364	0
4986	3364	3366	6
4987	3366	3366	0
4988	3366	3366	0
4989	3366	3366	0
4990	3366	3366	0
4991	3366	3366	0
4992	3366	3366	0
4993	3366	3366	0
4994	3366	3366	0
4995	3366	3366	0
4996	3366	3366	0
4997	3366	3366	0
4998	3366	3366	0
4999	3366	3366	0
5000	3366	3366	0
5001	3366	3366	0
5002	3366	3366	0
5003	3366	3366	0
5004	3366	3366	0
5005	3366	3366	0
5006	3366	3366	0
5007	3366	3367	2
5008	3367	3367	0
5009	3367	3367	0
5010	3367	3368	6
5011	3368	3369	6
5012	3369	3369	0
5013	3369	3369	0
5014	3369	3369	0
5015	3369	3369	0
5016	3369	3369	0
5017	3369	3369	0
5018	3369	3369	0
5019	3369	3369	0
5020	3369	3369	0
5021	3369	3369	0
5022	3369	3369	0
5023	3369	3369	0
5024	3369	3369	0
5025	3369	3369	0
5026	3369	3369	0
5027	3369	3369	0
5028	3369	3369	0
5029	3369	3369	4
5030	3369	3369	0
5031	3369	3369	0
5032	3369	3369	0
5033	3369	3370	6
5034	3370	3371	6
5035	3371	3371	0
5036	3371	3371	0
5037	3371	3372	2
5038	3372	3372	0
5039	3372	3372	0
5040	3372	3372	0
5041	3372	3372	0
5042	3372	3372	0
5043	3372	3372	0
5044	3372	3372	0
5045	3372	3373	6
5046	3373	3373	6
5047	3373	3373	0
5048	3373	3373	0
5049	3373	3373	0
5050	3373	3373	0
5051	3373	3373	0
5052	3373	3373	0
5053	3373	3373	0
5054	3373	3373	0
5055	3373	3373	0
5056	3373	3373	0
5057	3373	3373	0
5058	3373	3373	0
5059	3373	3373	0
5060	3373	3373	0
5061	3373	3373	0
5062	3373	3373	0
5063	3373	3373	0
5064	3373	3374	6
5065	3374	3374	0
5066	3374	3374	0
5067	3374	3374	0
5068	3374	3374	0
5069	3374	3374	0
5070	3374	3374	0
5071	3374	3375	2
5072	3375	3375	0
5073	3375	3375	0
5074	3375	3375	0
5075	3375	3375	0
5076	3375	3375	0
5077	3375	3375	0
5078	3375	3375	0
5079	3375	3375	0
5080	3375	3375	0
5081	3375	3375	0
5082	3375	3375	0
5083	3375	3375	0
5084	3375	3375	0
5085	3375	3375	0
5086	3375	3375	0
5087	3375	3375	0
5088	3375	3375	0
5089	3375	3375	0
5090	3375	3375	0
5091	3375	3375	0
5092	3375	3375	0
5093	3375	3377	6
5094	3377	3377	0
5095	3377	3377	0
5096	3377	3377	0
5097	3377	3377	0
5098	3377	3377	0
5099	3377	3377	0
5100	3377	3377	0
5101	3377	3377	0
5102	3377	3377	0
5103	3377	3377	0
5104	3377	3377	0
5105	3377	3377	0
5106	3377	3377	0
5107	3377	3377	0
5108	3377	3377	0
5109	3377	3377	0
5110	3377	3377	4
5111	3377	3377	0
5112	3377	3377	0
5113	3377	3377	0
5114	3377	3377	0
5115	3377	3377	0
5116	3377	3377	0
5117	3377	3378	6
5118	3378	3379	4
5119	3379	3379	0
5120	3379	3379	0
5121	3379	3380	6
5122	3380	3380	0
5123	3380	3380	0
5124	3380	3381	6
5125	3381	3381	0
5126	3381	3381	0
5127	3381	3381	4
5128	3381	3381	0
5129	3381	3381	0
5130	3381	3382	6
5131	3382	3383	4
5132	3383	3383	0
5133	3383	3386	6
5134	3386	3386	2
5135	3386	3386	0
5136	3386	3386	0
5137	3386	3387	6
5138	3387	3387	0
5139	3387	3387	0
5140	3387	3387	0
5141	3387	3387	0
5142	3387	3387	0
5143	3387	3387	0
5144	3387	3387	0
5145	3387	3387	0
5146	3387	3387	0
5147	3387	3387	0
5148	3387	3387	0
5149	3387	3387	0
5150	3387	3387	0
5151	3387	3387	0
5152	3387	3387	0
5153	3387	3388	6
5154	3388	3388	0
5155	3388	3389	6
5156	3389	3389	0
5157	3389	3389	0
5158	3389	3390	6
5159	3390	3392	6
5160	3392	3392	0
5161	3392	3392	0
5162	3392	3393	2
5163	3393	3394	2
5164	3394	3394	0
5165	3394	3394	0
5166	3394	3394	0
5167	3394	3394	0
5168	3394	3394	0
5169	3394	3394	0
5170	3394	3394	0
5171	3394	3394	0
5172	3394	3394	0
5173	3394	3394	0
5174	3394	3394	0
5175	3394	3394	0
5176	3394	3394	0
5177	3394	3394	0
5178	3394	3394	0
5179	3394	3394	0
5180	3394	3394	0
5181	3394	3394	0
5182	3394	3395	6
5183	3395	3395	4
5184	3395	3396	4
5185	3396	3396	4
5186	3396	3396	0
5187	3396	3396	0
5188	3396	3396	0
5189	3396	3396	0
5190	3396	3396	0
5191	3396	3396	0
5192	3396	3396	0
5193	3396	3396	0
5194	3396	3396	0
5195	3396	3396	0
5196	3396	3396	0
5197	3396	3396	0
5198	3396	3396	0
5199	3396	3396	0
5200	3396	3396	0
5201	3396	3396	0
5202	3396	3396	0
5203	3396	3396	0
5204	3396	3396	0
5205	3396	3396	0
5206	3396	3396	0
5207	3396	3396	0
5208	3396	3396	0
5209	3396	3396	0
5210	3396	3396	0
5211	3396	3396	0
5212	3396	3396	0
5213	3396	3396	0
5214	3396	3396	0
5215	3396	3396	0
5216	3396	3396	0
5217	3396	3396	0
5218	3396	3396	0
5219	3396	3396	0
5220	3396	3396	0
5221	3396	3396	0
5222	3396	3396	0
5223	3396	3396	0
5224	3396	3396	0
5225	3396	3396	0
5226	3396	3397	2
5227	3397	3397	0
5228	3397	3397	0
5229	3397	3397	0
5230	3397	3397	0
5231	3397	3397	0
5232	3397	3397	0
5233	3397	3397	2
5234	3397	3397	0
5235	3397	3397	0
5236	3397	3397	0
5237	3397	3397	0
5238	3397	3397	0
5239	3397	3397	0
5240	3397	3397	0
5241	3397	3397	0
5242	3397	3397	0
5243	3397	3397	0
5244	3397	3397	0
5245	3397	3397	0
5246	3397	3397	0
5247	3397	3397	0
5248	3397	3397	0
5249	3397	3397	0
5250	3397	3397	0
5251	3397	3397	0
5252	3397	3397	0
5253	3397	3397	0
5254	3397	3397	0
5255	3397	3397	0
5256	3397	3397	0
5257	3397	3397	0
5258	3397	3397	0
5259	3397	3397	0
5260	3397	3397	0
5261	3397	3397	0
5262	3397	3397	0
5263	3397	3397	0
5264	3397	3397	0
5265	3397	3397	0
5266	3397	3397	0
5267	3397	3397	0
5268	3397	3398	4
5269	3398	3398	0
5270	3398	3398	0
5271	3398	3398	0
5272	3398	3398	0
5273	3398	3398	0
5274	3398	3398	0
5275	3398	3398	0
5276	3398	3398	0
5277	3398	3398	0
5278	3398	3398	0
5279	3398	3398	0
5280	3398	3398	0
5281	3398	3398	0
5282	3398	3398	0
5283	3398	3398	0
5284	3398	3398	0
5285	3398	3398	0
5286	3398	3398	0
5287	3398	3398	0
5288	3398	3398	0
5289	3398	3398	0
5290	3398	3398	0
5291	3398	3398	0
5292	3398	3398	0
5293	3398	3398	0
5294	3398	3398	0
5295	3398	3398	0
5296	3398	3398	0
5297	3398	3398	0
5298	3398	3398	0
5299	3398	3398	0
5300	3398	3398	0
5301	3398	3398	0
5302	3398	3398	0
5303	3398	3398	0
5304	3398	3398	0
5305	3398	3398	0
5306	3398	3398	0
5307	3398	3398	0
5308	3398	3398	2
5309	3398	3398	0
5310	3398	3398	0
5311	3398	3398	0
5312	3398	3398	0
5313	3398	3398	0
5314	3398	3398	0
5315	3398	3398	0
5316	3398	3398	0
5317	3398	3398	0
5318	3398	3398	0
5319	3398	3398	0
5320	3398	3398	0
5321	3398	3398	0
5322	3398	3398	0
5323	3398	3398	0
5324	3398	3398	0
5325	3398	3398	0
5326	3398	3398	0
5327	3398	3398	0
5328	3398	3398	0
5329	3398	3398	0
5330	3398	3398	0
5331	3398	3398	4
5332	3398	3401	6
5333	3401	3402	6
5334	3402	3404	6
5335	3404	3404	0
5336	3404	3404	0
5337	3404	3404	0
5338	3404	3404	0
5339	3404	3404	0
5340	3404	3404	0
5341	3404	3404	0
5342	3404	3404	0
5343	3404	3404	0
5344	3404	3404	0
5345	3404	3404	0
5346	3404	3404	0
5347	3404	3404	0
5348	3404	3404	0
5349	3404	3404	0
5350	3404	3404	0
5351	3404	3404	0
5352	3404	3404	0
5353	3404	3404	4
5354	3404	3405	4
5355	3405	3405	6
5356	3405	3407	6
5357	3407	3407	0
5358	3407	3407	0
5359	3407	3407	0
5360	3407	3407	0
5361	3407	3407	0
5362	3407	3407	0
5363	3407	3407	0
5364	3407	3408	6
5365	3408	3410	6
5366	3410	3410	0
5367	3410	3410	0
5368	3410	3410	0
5369	3410	3410	0
5370	3410	3411	6
5371	3411	3412	6
5372	3412	3413	4
5373	3413	3416	6
5374	3416	3418	6
5375	3418	3419	6
5376	3419	3420	2
5377	3420	3421	6
5378	3421	3422	6
5379	3422	3422	0
5380	3422	3423	6
5381	3423	3424	6
5382	3424	3426	6
5383	3426	3428	6
5384	3428	3429	6
5385	3429	3430	6
5386	3430	3431	6
5387	3431	3433	6
5388	3433	3433	0
5389	3433	3433	0
5390	3433	3433	0
5391	3433	3433	0
5392	3433	3433	0
5393	3433	3433	0
5394	3433	3434	6
5395	3434	3435	6
5396	3435	3436	6
5397	3436	3437	2
5398	3437	3437	0
5399	3437	3438	6
5400	3438	3439	6
5401	3439	3440	6
5402	3440	3441	6
5403	3441	3442	6
5404	3442	3442	0
5405	3442	3442	0
5406	3442	3442	0
5407	3442	3442	0
5408	3442	3442	0
5409	3442	3442	0
5410	3442	3442	0
5411	3442	3442	0
5412	3442	3442	0
5413	3442	3442	0
5414	3442	3442	0
5415	3442	3442	0
5416	3442	3442	0
5417	3442	3442	0
5418	3442	3442	0
5419	3442	3442	0
5420	3442	3442	0
5421	3442	3442	0
5422	3442	3442	0
5423	3442	3443	6
5424	3443	3444	6
5425	3444	3444	0
5426	3444	3444	0
5427	3444	3444	0
5428	3444	3444	0
5429	3444	3444	0
5430	3444	3444	0
5431	3444	3444	0
5432	3444	3444	6
5433	3444	3444	6
5434	3444	3444	4
5435	3444	3444	0
5436	3444	3444	0
5437	3444	3444	0
5438	3444	3444	0
5439	3444	3444	0
5440	3444	3444	0
5441	3444	3457	6
5442	3457	3461	6
5443	3461	3462	6
5444	3462	3471	6
5445	3471	3480	6
5446	3480	3485	6
5447	3485	3485	0
5448	3485	3485	0
5449	3485	3485	0
5450	3485	3494	6
5451	3494	3505	6
5452	3505	3511	6
5453	3511	3511	0
5454	3511	3511	0
5455	3511	3517	6
5456	3517	3523	6
5457	3523	3527	6
5458	3527	3533	6
5459	3533	3536	6
5460	3536	3539	6
5461	3539	3542	6
5462	3542	3545	6
5463	3545	3547	6
5464	3547	3550	6
5465	3550	3553	6
5466	3553	3555	6
5467	3555	3558	6
5468	3558	3561	6
5469	3561	3563	6
5470	3563	3566	6
5471	3566	3569	6
5472	3569	3571	6
5473	3571	3571	0
5474	3571	3571	0
5475	3571	3571	0
5476	3571	3571	0
5477	3571	3571	0
5478	3571	3571	0
5479	3571	3571	0
5480	3571	3571	0
5481	3571	3571	0
5482	3571	3571	6
5483	3571	3571	0
5484	3571	3571	0
5485	3571	3571	6
5486	3571	3575	6
5487	3575	3575	0
5488	3575	3581	6
5489	3581	3581	0
5490	3581	3581	0
5491	3581	3581	0
5492	3581	3587	6
5493	3587	3591	6
5494	3591	3595	6
5495	3595	3597	6
5496	3597	3599	6
5497	3599	3601	6
5498	3601	3603	6
5499	3603	3603	0
5500	3603	3604	4
5501	3604	3604	0
5502	3604	3604	0
5503	3604	3604	0
5504	3604	3604	0
5505	3604	3604	0
5506	3604	3604	0
5507	3604	3604	0
5508	3604	3604	0
5509	3604	3604	0
5510	3604	3604	0
5511	3604	3604	0
5512	3604	3604	0
5513	3604	3604	0
5514	3604	3604	0
5515	3604	3604	6
5516	3604	3604	0
5517	3604	3604	6
5518	3604	3604	2
5519	3604	3604	0
5520	3604	3604	0
5521	3604	3604	6
5522	3604	3604	0
5523	3604	3609	6
5524	3609	3609	6
5525	3609	3609	2
5526	3609	3631	6
5527	3631	3631	6
5528	3631	3631	2
5529	3631	3632	6
5530	3632	3632	0
5531	3632	3635	6
5532	3635	3635	0
5533	3635	3635	0
5534	3635	3635	0
5535	3635	3635	0
5536	3635	3635	0
5537	3635	3635	0
5538	3635	3635	0
5539	3635	3635	0
5540	3635	3635	0
5541	3635	3635	0
5542	3635	3635	0
5543	3635	3635	0
5544	3635	3635	0
5545	3635	3635	0
5546	3635	3635	0
5547	3635	3635	0
5548	3635	3643	2
5549	3643	3643	2
5550	3643	3643	0
5551	3643	3643	0
5552	3643	3643	0
5553	3643	3646	2
5554	3646	3646	0
5555	3646	3646	0
5556	3646	3646	0
5557	3646	3646	0
5558	3646	3646	0
5559	3646	3646	0
5560	3646	3646	0
5561	3646	3646	0
5562	3646	3646	0
5563	3646	3646	0
5564	3646	3646	0
5565	3646	3646	0
5566	3646	3646	0
5567	3646	3646	0
5568	3646	3646	0
5569	3646	3646	0
5570	3646	3646	0
5571	3646	3646	0
5572	3646	3646	0
5573	3646	3646	0
5574	3646	3646	0
5575	3646	3646	0
5576	3646	3646	0
5577	3646	3646	0
5578	3646	3646	0
5579	3646	3646	0
5580	3646	3646	0
5581	3646	3646	0
5582	3646	3646	0
5583	3646	3646	0
5584	3646	3646	0
5585	3646	3646	0
5586	3646	3646	0
5587	3646	3646	0
5588	3646	3646	0
5589	3646	3646	4
5590	3646	3646	0
5591	3646	3646	0
5592	3646	3646	0
5593	3646	3646	0
5594	3646	3646	0
5595	3646	3646	0
5596	3646	3646	4
5597	3646	3646	0
5598	3646	3646	0
5599	3646	3646	0
5600	3646	3646	0
5601	3646	3646	0
5602	3646	3648	2
5603	3648	3649	6
5604	3649	3650	6
5605	3650	3652	6
5606	3652	3654	6
5607	3654	3656	6
5608	3656	3658	6
5609	3658	3658	0
5610	3658	3658	0
5611	3658	3659	6
5612	3659	3660	6
5613	3660	3660	0
5614	3660	3660	0
5615	3660	3661	2
5616	3661	3662	2
5617	3662	3662	0
5618	3662	3663	4
5619	3663	3664	6
5620	3664	3665	6
5621	3665	3666	6
5622	3666	3667	2
5623	3667	3668	2
5624	3668	3669	6
5625	3669	3669	0
5626	3669	3669	0
5627	3669	3669	0
5628	3669	3669	0
5629	3669	3669	0
5630	3669	3669	0
5631	3669	3669	0
5632	3669	3669	0
5633	3669	3669	0
5634	3669	3669	0
5635	3669	3669	0
5636	3669	3670	6
5637	3670	3671	6
5638	3671	3673	6
5639	3673	3674	6
5640	3674	3675	6
5641	3675	3676	6
5642	3676	3677	6
5643	3677	3678	6
5644	3678	3679	6
5645	3679	3680	6
5646	3680	3680	0
5647	3680	3681	6
5648	3681	3682	6
5649	3682	3683	6
5650	3683	3684	6
5651	3684	3685	6
5652	3685	3686	6
5653	3686	3687	6
5654	3687	3688	6
5655	3688	3689	6
5656	3689	3690	2
5657	3690	3690	0
5658	3690	3691	6
5659	3691	3692	6
5660	3692	3694	6
5661	3694	3695	6
5662	3695	3696	6
5663	3696	3697	6
5664	3697	3698	6
5665	3698	3699	6
5666	3699	3700	6
5667	3700	3701	6
5668	3701	3702	6
5669	3702	3703	6
5670	3703	3704	6
5671	3704	3705	6
5672	3705	3706	6
5673	3706	3707	6
5674	3707	3708	6
5675	3708	3709	6
5676	3709	3709	0
5677	3709	3709	0
5678	3709	3709	0
5679	3709	3710	2
5680	3710	3711	6
5681	3711	3712	6
5682	3712	3713	6
5683	3713	3714	6
5684	3714	3715	6
5685	3715	3716	6
5686	3716	3717	6
5687	3717	3718	6
5688	3718	3719	6
5689	3719	3720	6
5690	3720	3720	0
5691	3720	3720	0
5692	3720	3720	0
5693	3720	3720	0
5694	3720	3720	0
5695	3720	3721	6
5696	3721	3722	6
5697	3722	3723	6
5698	3723	3724	6
5699	3724	3725	2
5700	3725	3727	6
5701	3727	3728	6
5702	3728	3728	0
5703	3728	3729	4
5704	3729	3730	6
5705	3730	3731	6
5706	3731	3732	6
5707	3732	3733	6
5708	3733	3734	6
5709	3734	3735	6
5710	3735	3736	6
5711	3736	3737	6
5712	3737	3738	6
5713	3738	3739	6
5714	3739	3739	0
5715	3739	3741	6
5716	3741	3743	6
5717	3743	3743	0
5718	3743	3743	0
5719	3743	3744	6
5720	3744	3745	6
5721	3745	3746	6
5722	3746	3747	6
5723	3747	3748	6
5724	3748	3749	6
5725	3749	3750	2
5726	3750	3751	6
5727	3751	3752	6
5728	3752	3752	0
5729	3752	3752	0
5730	3752	3752	0
5731	3752	3752	0
5732	3752	3752	0
5733	3752	3752	0
5734	3752	3753	6
5735	3753	3754	6
5736	3754	3755	6
5737	3755	3756	6
5738	3756	3757	6
5739	3757	3757	0
5740	3757	3757	0
5741	3757	3757	0
5742	3757	3757	0
5743	3757	3757	0
5744	3757	3758	2
5745	3758	3758	0
5746	3758	3758	2
5747	3758	3758	0
5748	3758	3758	0
5749	3758	3759	2
5750	3759	3760	2
5751	3760	3760	0
5752	3760	3760	0
5753	3760	3760	0
5754	3760	3760	0
5755	3760	3760	0
5756	3760	3760	0
5757	3760	3760	0
5758	3760	3760	0
5759	3760	3760	0
5760	3760	3761	4
5761	3761	3761	0
5762	3761	3762	4
5763	3762	3762	0
5764	3762	3762	0
5765	3762	3762	0
5766	3762	3763	6
5767	3763	3763	0
5768	3763	3764	6
5769	3764	3765	6
5770	3765	3765	0
5771	3765	3766	2
5772	3766	3766	0
5773	3766	3767	2
5774	3767	3768	2
5775	3768	3768	0
5776	3768	3770	6
5777	3770	3770	0
5778	3770	3772	6
5779	3772	3772	0
5780	3772	3773	6
5781	3773	3773	0
5782	3773	3774	6
5783	3774	3775	6
5784	3775	3776	6
5785	3776	3777	6
5786	3777	3778	6
5787	3778	3779	6
5788	3779	3780	6
5789	3780	3781	6
5790	3781	3781	0
5791	3781	3781	0
5792	3781	3781	0
5793	3781	3781	0
5794	3781	3781	0
5795	3781	3782	6
5796	3782	3783	6
5797	3783	3783	0
5798	3783	3783	0
5799	3783	3783	0
5800	3783	3783	0
5801	3783	3784	6
5802	3784	3785	2
5803	3785	3786	6
5804	3786	3787	6
5805	3787	3787	0
5806	3787	3789	6
5807	3789	3790	6
5808	3790	3791	6
5809	3791	3792	6
5810	3792	3792	0
5811	3792	3792	0
5812	3792	3794	6
5813	3794	3794	0
5814	3794	3794	0
5815	3794	3794	4
5816	3794	3794	0
5817	3794	3798	6
5818	3798	3799	4
5819	3799	3800	4
5820	3800	3801	6
5821	3801	3802	6
5822	3802	3802	4
5823	3802	3803	6
5824	3803	3804	4
5825	3804	3804	0
5826	3804	3804	0
5827	3804	3804	0
5828	3804	3804	0
5829	3804	3806	6
5830	3806	3807	6
5831	3807	3809	6
5832	3809	3810	6
5833	3810	3811	6
5834	3811	3812	6
5835	3812	3813	6
5836	3813	3813	0
5837	3813	3813	0
5838	3813	3813	0
5839	3813	3813	0
5840	3813	3813	0
5841	3813	3813	0
5842	3813	3813	0
5843	3813	3813	0
5844	3813	3813	0
5845	3813	3813	0
5846	3813	3813	0
5847	3813	3814	6
5848	3814	3815	6
5849	3815	3816	6
5850	3816	3817	2
5851	3817	3818	6
5852	3818	3819	6
5853	3819	3821	6
5854	3821	3822	2
5855	3822	3822	0
5856	3822	3823	6
5857	3823	3824	6
5858	3824	3826	6
5859	3826	3827	6
5860	3827	3828	6
5861	3828	3829	6
5862	3829	3830	6
5863	3830	3831	6
5864	3831	3833	6
5865	3833	3834	6
5866	3834	3835	6
5867	3835	3836	6
5868	3836	3837	2
5869	3837	3837	0
5870	3837	3838	6
5871	3838	3839	6
5872	3839	3839	0
5873	3839	3840	6
5874	3840	3841	6
5875	3841	3841	0
5876	3841	3841	0
5877	3841	3841	0
5878	3841	3843	6
5879	3843	3844	6
5880	3844	3845	6
5881	3845	3846	2
5882	3846	3846	0
5883	3846	3846	0
5884	3846	3846	0
5885	3846	3846	0
5886	3846	3846	0
5887	3846	3846	0
5888	3846	3846	0
5889	3846	3846	0
5890	3846	3846	0
5891	3846	3846	0
5892	3846	3846	0
5893	3846	3846	0
5894	3846	3846	0
5895	3846	3846	0
5896	3846	3846	0
5897	3846	3846	0
5898	3846	3847	2
5899	3847	3847	0
5900	3847	3847	0
5901	3847	3848	6
5902	3848	3848	0
5903	3848	3848	0
5904	3848	3849	6
5905	3849	3850	4
5906	3850	3850	0
5907	3850	3853	6
5908	3853	3855	6
5909	3855	3855	0
5910	3855	3855	0
5911	3855	3855	0
5912	3855	3855	0
5913	3855	3856	2
5914	3856	3856	2
5915	3856	3856	0
5916	3856	3858	6
5917	3858	3858	0
5918	3858	3858	0
5919	3858	3858	6
5920	3858	3860	6
5921	3860	3862	6
5922	3862	3864	6
5923	3864	3864	0
5924	3864	3864	0
5925	3864	3864	0
5926	3864	3864	0
5927	3864	3864	6
5928	3864	3865	6
5929	3865	3865	0
5930	3865	3865	0
5931	3865	3865	0
5932	3865	3865	0
5933	3865	3868	6
5934	3868	3870	6
5935	3870	3870	0
5936	3870	3871	6
5937	3871	3871	0
5938	3871	3877	6
5939	3877	3881	6
5940	3881	3883	6
5941	3883	3886	6
5942	3886	3886	0
5943	3886	3887	6
5944	3887	3887	0
5945	3887	3887	0
5946	3887	3887	0
5947	3887	3887	0
5948	3887	3887	0
5949	3887	3887	0
5950	3887	3887	0
5951	3887	3887	0
5952	3887	3887	0
5953	3887	3887	0
5954	3887	3888	2
5955	3888	3888	0
5956	3888	3888	0
5957	3888	3888	0
5958	3888	3890	6
5959	3890	3891	6
5960	3891	3891	0
5961	3891	3891	0
5962	3891	3891	0
5963	3891	3892	6
5964	3892	3893	4
5965	3893	3893	0
5966	3893	3893	0
5967	3893	3893	0
5968	3893	3893	0
5969	3893	3895	6
5970	3895	3895	0
5971	3895	3895	0
5972	3895	3895	0
5973	3895	3896	2
5974	3896	3896	0
5975	3896	3897	2
5976	3897	3897	0
5977	3897	3898	2
5978	3898	3898	0
5979	3898	3899	6
5980	3899	3900	6
5981	3900	3901	6
5982	3901	3902	2
5983	3902	3902	0
5984	3902	3902	0
5985	3902	3902	0
5986	3902	3902	0
5987	3902	3902	0
5988	3902	3902	0
5989	3902	3902	0
5990	3902	3903	6
5991	3903	3903	0
5992	3903	3903	0
5993	3903	3903	0
5994	3903	3903	0
5995	3903	3903	0
5996	3903	3903	0
5997	3903	3903	0
5998	3903	3903	0
5999	3903	3903	0
6000	3903	3903	0
6001	3903	3903	0
6002	3903	3903	0
6003	3903	3903	0
6004	3903	3903	0
6005	3903	3903	0
6006	3903	3903	0
6007	3903	3903	0
6008	3903	3903	0
6009	3903	3903	0
6010	3903	3903	0
6011	3903	3903	0
6012	3903	3903	0
6013	3903	3903	0
6014	3903	3903	0
6015	3903	3903	0
6016	3903	3903	0
6017	3903	3903	0
6018	3903	3903	0
6019	3903	3903	0
6020	3903	3903	0
6021	3903	3903	0
6022	3903	3903	0
6023	3903	3903	0
6024	3903	3903	0
6025	3903	3903	0
6026	3903	3903	0
6027	3903	3903	2
6028	3903	3903	0
6029	3903	3903	0
6030	3903	3903	0
6031	3903	3903	0
6032	3903	3903	0
6033	3903	3903	0
6034	3903	3903	0
6035	3903	3903	0
6036	3903	3903	0
6037	3903	3903	0
6038	3903	3903	0
6039	3903	3905	6
6040	3905	3905	0
6041	3905	3905	0
6042	3905	3905	0
6043	3905	3905	0
6044	3905	3907	6
6045	3907	3909	6
6046	3909	3909	0
6047	3909	3910	4
6048	3910	3912	6
6049	3912	3913	6
6050	3913	3913	0
6051	3913	3913	0
6052	3913	3913	0
6053	3913	3913	0
6054	3913	3914	2
6055	3914	3914	0
6056	3914	3914	0
6057	3914	3914	0
6058	3914	3916	6
6059	3916	3918	6
6060	3918	3918	2
6061	3918	3920	6
6062	3920	3922	6
6063	3922	3924	6
6064	3924	3926	6
6065	3926	3928	6
6066	3928	3928	0
6067	3928	3928	0
6068	3928	3928	0
6069	3928	3928	0
6070	3928	3928	0
6071	3928	3928	0
6072	3928	3928	0
6073	3928	3928	4
6074	3928	3928	0
6075	3928	3928	0
6076	3928	3930	6
6077	3930	3930	0
6078	3930	3930	0
6079	3930	3930	0
6080	3930	3930	0
6081	3930	3930	0
6082	3930	3930	0
6083	3930	3930	0
6084	3930	3930	0
6085	3930	3930	0
6086	3930	3930	0
6087	3930	3930	0
6088	3930	3938	6
6089	3938	3940	6
6090	3940	3943	6
6091	3943	3944	6
6092	3944	3945	6
6093	3945	3945	0
6094	3945	3945	0
6095	3945	3945	0
6096	3945	3945	0
6097	3945	3945	0
6098	3945	3947	6
6099	3947	3951	6
6100	3951	3953	6
6101	3953	3953	0
6102	3953	3953	0
6103	3953	3953	0
6104	3953	3953	0
6105	3953	3953	0
6106	3953	3953	0
6107	3953	3953	0
6108	3953	3955	2
6109	3955	3956	2
6110	3956	3956	0
6111	3956	3956	0
6112	3956	3956	0
6113	3956	3956	0
6114	3956	3956	0
6115	3956	3956	0
6116	3956	3956	4
6117	3956	3956	0
6118	3956	3956	0
6119	3956	3956	0
6120	3956	3956	0
6121	3956	3956	0
6122	3956	3956	0
6123	3956	3956	0
6124	3956	3956	0
6125	3956	3956	0
6126	3956	3956	0
6127	3956	3956	0
6128	3956	3956	0
6129	3956	3956	0
6130	3956	3957	6
6131	3957	3958	6
6132	3958	3959	6
6133	3959	3960	6
6134	3960	3960	0
6135	3960	3960	0
6136	3960	3961	6
6137	3961	3962	6
6138	3962	3963	2
6139	3963	3964	2
6140	3964	3965	2
6141	3965	3965	0
6142	3965	3965	0
6143	3965	3965	2
6144	3965	3965	0
6145	3965	3965	0
6146	3965	3965	0
6147	3965	3965	0
6148	3965	3966	6
6149	3966	3967	6
6150	3967	3967	0
6151	3967	3969	6
6152	3969	3970	6
6153	3970	3971	6
6154	3971	3972	6
6155	3972	3972	0
6156	3972	3972	0
6157	3972	3972	0
6158	3972	3972	0
6159	3972	3972	0
6160	3972	3972	0
6161	3972	3972	0
6162	3972	3972	0
6163	3972	3973	4
6164	3973	3974	6
6165	3974	3974	0
6166	3974	3976	6
6167	3976	3977	4
6168	3977	3977	0
6169	3977	3977	0
6170	3977	3977	0
6171	3977	3979	6
6172	3979	3980	6
6173	3980	3981	6
6174	3981	3983	6
6175	3983	3983	0
6176	3983	3984	6
6177	3984	3985	6
6178	3985	3985	0
6179	3985	3985	0
6180	3985	3985	0
6181	3985	3985	0
6182	3985	3985	0
6183	3985	3986	6
6184	3986	3987	6
6185	3987	3987	0
6186	3987	3989	6
6187	3989	3990	6
6188	3990	3990	0
6189	3990	3990	0
6190	3990	3990	0
6191	3990	3990	4
6192	3990	3991	6
6193	3991	3991	2
6194	3991	3991	0
6195	3991	3991	0
6196	3991	3991	0
6197	3991	3991	0
6198	3991	3991	0
6199	3991	3991	0
6200	3991	3991	0
6201	3991	3991	0
6202	3991	3991	0
6203	3991	3991	2
6204	3991	3992	2
6205	3992	3992	0
6206	3992	3992	0
6207	3992	3992	0
6208	3992	3993	6
6209	3993	3993	0
6210	3993	3993	0
6211	3993	3994	6
6212	3994	3994	0
6213	3994	3994	0
6214	3994	3994	0
6215	3994	3994	0
6216	3994	3994	0
6217	3994	3995	4
6218	3995	3996	6
6219	3996	3997	6
6220	3997	3997	0
6221	3997	3998	6
6222	3998	3999	6
6223	3999	3999	0
6224	3999	4001	6
6225	4001	4001	0
6226	4001	4003	6
6227	4003	4004	6
6228	4004	4004	0
6229	4004	4004	2
6230	4004	4004	0
6231	4004	4007	6
6232	4007	4009	6
6233	4009	4010	6
6234	4010	4012	6
6235	4012	4013	6
6236	4013	4015	6
6237	4015	4016	4
6238	4016	4019	6
6239	4019	4022	6
6240	4022	4023	6
6241	4023	4025	6
6242	4025	4025	0
6243	4025	4025	0
6244	4025	4025	0
6245	4025	4025	0
6246	4025	4025	0
6247	4025	4026	6
6248	4026	4027	6
6249	4027	4027	0
6250	4027	4029	6
6251	4029	4030	2
6252	4030	4032	6
6253	4032	4033	6
6254	4033	4036	6
6255	4036	4039	6
6256	4039	4040	6
6257	4040	4042	6
6258	4042	4042	0
6259	4042	4042	0
6260	4042	4042	0
6261	4042	4042	0
6262	4042	4043	6
6263	4043	4044	6
6264	4044	4045	6
6265	4045	4045	0
6266	4045	4046	6
6267	4046	4047	6
6268	4047	4049	6
6269	4049	4049	0
6270	4049	4050	6
6271	4050	4051	6
6272	4051	4052	6
6273	4052	4053	6
6274	4053	4054	6
6275	4054	4055	6
6276	4055	4056	6
6277	4056	4057	6
6278	4057	4058	6
6279	4058	4059	6
6280	4059	4059	0
6281	4059	4059	0
6282	4059	4059	0
6283	4059	4060	4
6284	4060	4060	0
6285	4060	4060	0
6286	4060	4061	6
6287	4061	4062	6
6288	4062	4063	4
6289	4063	4063	0
6290	4063	4064	2
6291	4064	4064	0
6292	4064	4064	0
6293	4064	4064	0
6294	4064	4064	0
6295	4064	4065	6
6296	4065	4065	0
6297	4065	4067	6
6298	4067	4068	6
6299	4068	4069	6
6300	4069	4069	0
6301	4069	4069	0
6302	4069	4069	0
6303	4069	4069	4
6304	4069	4070	6
6305	4070	4070	0
6306	4070	4070	0
6307	4070	4070	0
6308	4070	4070	0
6309	4070	4070	0
6310	4070	4070	0
6311	4070	4071	6
6312	4071	4072	6
6313	4072	4072	0
6314	4072	4072	0
6315	4072	4072	0
6316	4072	4072	0
6317	4072	4073	6
6318	4073	4074	6
6319	4074	4075	6
6320	4075	4076	6
6321	4076	4076	6
6322	4076	4077	6
6323	4077	4078	6
6324	4078	4078	0
6325	4078	4079	6
6326	4079	4080	6
6327	4080	4082	6
6328	4082	4083	6
6329	4083	4084	6
6330	4084	4085	6
6331	4085	4086	6
6332	4086	4087	6
6333	4087	4088	6
6334	4088	4089	6
6335	4089	4090	6
6336	4090	4091	6
6337	4091	4093	6
6338	4093	4093	0
6339	4093	4094	6
6340	4094	4095	2
6341	4095	4097	6
6342	4097	4097	0
6343	4097	4098	6
6344	4098	4099	6
6345	4099	4100	6
6346	4100	4101	6
6347	4101	4102	6
6348	4102	4103	6
6349	4103	4104	6
6350	4104	4104	0
6351	4104	4105	6
6352	4105	4106	6
6353	4106	4107	6
6354	4107	4108	6
6355	4108	4109	6
6356	4109	4110	6
6357	4110	4111	6
6358	4111	4111	0
6359	4111	4111	6
6360	4111	4111	6
6361	4111	4112	6
6362	4112	4115	6
6363	4115	4116	2
6364	4116	4117	6
6365	4117	4118	6
6366	4118	4119	2
6367	4119	4120	6
6368	4120	4121	6
6369	4121	4122	6
6370	4122	4123	6
6371	4123	4123	0
6372	4123	4124	6
6373	4124	4125	6
6374	4125	4125	0
6375	4125	4126	6
6376	4126	4127	6
6377	4127	4128	6
6378	4128	4129	6
6379	4129	4130	6
6380	4130	4130	0
6381	4130	4131	6
6382	4131	4132	6
6383	4132	4132	0
6384	4132	4133	6
6385	4133	4134	6
6386	4134	4135	6
6387	4135	4136	6
6388	4136	4137	6
6389	4137	4137	0
6390	4137	4137	0
6391	4137	4137	0
6392	4137	4137	0
6393	4137	4137	0
6394	4137	4137	0
6395	4137	4137	0
6396	4137	4137	0
6397	4137	4137	0
6398	4137	4137	0
6399	4137	4137	6
6400	4137	4137	0
6401	4137	4138	2
6402	4138	4138	0
6403	4138	4139	2
6404	4139	4141	6
6405	4141	4142	6
6406	4142	4143	6
6407	4143	4143	0
6408	4143	4144	6
6409	4144	4144	0
6410	4144	4146	6
6411	4146	4146	0
6412	4146	4147	6
6413	4147	4147	4
6414	4147	4148	6
6415	4148	4148	6
6416	4148	4149	6
6417	4149	4150	6
6418	4150	4150	0
6419	4150	4151	4
6420	4151	4151	0
6421	4151	4152	6
6422	4152	4154	6
6423	4154	4155	6
6424	4155	4157	6
6425	4157	4158	6
6426	4158	4160	6
6427	4160	4160	0
6428	4160	4165	6
6429	4165	4166	6
6430	4166	4168	6
6431	4168	4168	0
6432	4168	4169	2
6433	4169	4170	6
6434	4170	4170	0
6435	4170	4171	6
6436	4171	4174	6
6437	4174	4175	6
6438	4175	4177	6
6439	4177	4178	6
6440	4178	4179	6
6441	4179	4180	6
6442	4180	4180	0
6443	4180	4181	6
6444	4181	4183	6
6445	4183	4184	6
6446	4184	4185	6
6447	4185	4186	6
6448	4186	4188	6
6449	4188	4189	6
6450	4189	4189	0
6451	4189	4191	6
6452	4191	4193	6
6453	4193	4195	6
6454	4195	4196	6
6455	4196	4197	6
6456	4197	4198	6
6457	4198	4199	6
6458	4199	4201	6
6459	4201	4202	6
6460	4202	4202	0
6461	4202	4202	0
6462	4202	4202	0
6463	4202	4202	0
6464	4202	4202	0
6465	4202	4202	0
6466	4202	4202	0
6467	4202	4202	0
6468	4202	4202	0
6469	4202	4202	0
6470	4202	4202	0
6471	4202	4202	0
6472	4202	4202	0
6473	4202	4202	0
6474	4202	4202	0
6475	4202	4202	0
6476	4202	4202	0
6477	4202	4208	6
6478	4208	4210	6
6479	4210	4211	6
6480	4211	4211	0
6481	4211	4212	6
6482	4212	4212	0
6483	4212	4213	6
6484	4213	4213	0
6485	4213	4213	0
6486	4213	4213	0
6487	4213	4213	0
6488	4213	4213	0
6489	4213	4213	0
6490	4213	4213	0
6491	4213	4213	0
6492	4213	4213	0
6493	4213	4213	0
6494	4213	4213	0
6495	4213	4213	0
6496	4213	4213	0
6497	4213	4213	0
6498	4213	4213	0
6499	4213	4213	0
6500	4213	4213	0
6501	4213	4213	4
6502	4213	4213	0
6503	4213	4213	0
6504	4213	4213	0
6505	4213	4213	0
6506	4213	4213	0
6507	4213	4213	0
6508	4213	4213	0
6509	4213	4214	6
6510	4214	4214	0
6511	4214	4214	0
6512	4214	4214	2
6513	4214	4214	6
6514	4214	4214	0
6515	4214	4214	6
6516	4214	4214	0
6517	4214	4214	0
6518	4214	4214	0
6519	4214	4222	6
6520	4222	4224	6
6521	4224	4227	6
6522	4227	4229	6
6523	4229	4230	6
6524	4230	4230	6
6525	4230	4230	0
6526	4230	4230	6
6527	4230	4230	0
6528	4230	4230	4
6529	4230	4230	6
6530	4230	4230	0
6531	4230	4230	0
6532	4230	4230	0
6533	4230	4232	6
6534	4232	4233	6
6535	4233	4233	6
6536	4233	4233	6
6537	4233	4233	0
6538	4233	4233	0
6539	4233	4233	0
6540	4233	4233	6
6541	4233	4233	0
6542	4233	4233	0
6543	4233	4233	0
6544	4233	4235	6
6545	4235	4236	6
6546	4236	4236	6
6547	4236	4241	6
6548	4241	4249	6
6549	4249	4251	6
6550	4251	4251	0
6551	4251	4254	6
6552	4254	4255	6
6553	4255	4261	6
6554	4261	4264	6
6555	4264	4266	6
6556	4266	4267	6
6557	4267	4270	6
6558	4270	4270	0
6559	4270	4270	0
6560	4270	4270	4
6561	4270	4270	6
6562	4270	4270	0
6563	4270	4270	6
6564	4270	4270	0
6565	4270	4270	0
6566	4270	4270	6
6567	4270	4274	6
6568	4274	4279	6
6569	4279	4281	6
6570	4281	4282	6
6571	4282	4290	6
6572	4290	4293	6
6573	4293	4296	6
6574	4296	4296	0
6575	4296	4297	6
6576	4297	4298	6
6577	4298	4300	6
6578	4300	4300	0
6579	4300	4306	6
6580	4306	4308	6
6581	4308	4313	6
6582	4313	4313	6
6583	4313	4315	6
6584	4315	4321	6
6585	4321	4324	6
6586	4324	4326	6
6587	4326	4327	4
6588	4327	4333	6
6589	4333	4336	6
6590	4336	4336	0
6591	4336	4336	0
6592	4336	4336	0
6593	4336	4336	0
6594	4336	4336	0
6595	4336	4336	0
6596	4336	4336	0
6597	4336	4336	0
6598	4336	4336	0
6599	4336	4336	0
6600	4336	4336	0
6601	4336	4336	0
6602	4336	4336	0
6603	4336	4336	0
6604	4336	4336	0
6605	4336	4336	6
6606	4336	4336	6
6607	4336	4336	0
6608	4336	4336	2
6609	4336	4336	0
6610	4336	4336	6
6611	4336	4336	0
6612	4336	4336	0
6613	4336	4336	0
6614	4336	4336	0
6615	4336	4336	0
6616	4336	4336	0
6617	4336	4336	0
6618	4336	4336	0
6619	4336	4336	0
6620	4336	4336	0
6621	4336	4336	0
6622	4336	4336	0
6623	4336	4336	0
6624	4336	4336	0
6625	4336	4336	0
6626	4336	4336	0
6627	4336	4336	0
6628	4336	4336	0
6629	4336	4336	0
6630	4336	4336	0
6631	4336	4336	0
6632	4336	4336	0
6633	4336	4336	0
6634	4336	4336	0
6635	4336	4336	0
6636	4336	4336	0
6637	4336	4336	0
6638	4336	4336	0
6639	4336	4336	0
6640	4336	4336	0
6641	4336	4336	0
6642	4336	4336	0
6643	4336	4336	0
6644	4336	4336	0
6645	4336	4336	0
6646	4336	4336	0
6647	4336	4336	0
6648	4336	4336	0
6649	4336	4336	0
6650	4336	4336	0
6651	4336	4336	6
6652	4336	4336	0
6653	4336	4336	0
6654	4336	4336	0
6655	4336	4336	0
6656	4336	4336	0
6657	4336	4336	0
6658	4336	4336	0
6659	4336	4336	0
6660	4336	4336	0
6661	4336	4336	0
6662	4336	4336	0
6663	4336	4336	0
6664	4336	4336	0
6665	4336	4336	0
6666	4336	4338	6
6667	4338	4338	0
6668	4338	4338	0
6669	4338	4340	6
6670	4340	4340	0
6671	4340	4340	0
6672	4340	4342	2
6673	4342	4342	0
6674	4342	4342	0
6675	4342	4342	0
6676	4342	4342	0
6677	4342	4342	0
6678	4342	4343	6
6679	4343	4343	0
6680	4343	4344	6
6681	4344	4344	0
6682	4344	4344	4
6683	4344	4345	6
6684	4345	4345	0
6685	4345	4345	4
6686	4345	4347	6
6687	4347	4347	0
6688	4347	4347	0
6689	4347	4347	0
6690	4347	4351	6
6691	4351	4351	2
6692	4351	4351	0
6693	4351	4351	0
6694	4351	4351	0
6695	4351	4351	0
6696	4351	4351	0
6697	4351	4351	0
6698	4351	4351	0
6699	4351	4351	0
6700	4351	4352	6
6701	4352	4352	0
6702	4352	4352	0
6703	4352	4355	6
6704	4355	4355	6
6705	4355	4355	0
6706	4355	4355	0
6707	4355	4356	6
6708	4356	4356	0
6709	4356	4356	0
6710	4356	4356	0
6711	4356	4356	0
6712	4356	4356	0
6713	4356	4356	0
6714	4356	4356	0
6715	4356	4356	0
6716	4356	4356	0
6717	4356	4356	4
6718	4356	4356	0
6719	4356	4356	0
6720	4356	4357	4
6721	4357	4357	0
6722	4357	4359	6
6723	4359	4359	0
6724	4359	4359	0
6725	4359	4360	6
6726	4360	4360	0
6727	4360	4361	6
6728	4361	4363	6
6729	4363	4363	0
6730	4363	4363	0
6731	4363	4363	0
6732	4363	4363	0
6733	4363	4363	0
6734	4363	4363	0
6735	4363	4363	0
6736	4363	4363	0
6737	4363	4363	4
6738	4363	4363	0
6739	4363	4363	0
6740	4363	4363	0
6741	4363	4363	0
6742	4363	4363	0
6743	4363	4363	0
6744	4363	4363	2
6745	4363	4363	0
6746	4363	4363	0
6747	4363	4364	6
6748	4364	4365	2
6749	4365	4365	0
6750	4365	4365	0
6751	4365	4366	6
6752	4366	4366	0
6753	4366	4366	0
6754	4366	4366	0
6755	4366	4366	0
6756	4366	4366	0
6757	4366	4366	0
6758	4366	4366	0
6759	4366	4366	0
6760	4366	4366	6
6761	4366	4366	0
6762	4366	4366	0
6763	4366	4366	0
6764	4366	4366	0
6765	4366	4366	0
6766	4366	4366	0
6767	4366	4367	6
6768	4367	4367	0
6769	4367	4368	2
6770	4368	4368	2
6771	4368	4368	0
6772	4368	4368	0
6773	4368	4368	0
6774	4368	4368	0
6775	4368	4368	0
6776	4368	4368	0
6777	4368	4368	0
6778	4368	4368	0
6779	4368	4368	0
6780	4368	4368	0
6781	4368	4368	0
6782	4368	4368	0
6783	4368	4368	0
6784	4368	4368	0
6785	4368	4368	0
6786	4368	4368	0
6787	4368	4368	0
6788	4368	4368	0
6789	4368	4368	0
6790	4368	4368	0
6791	4368	4368	0
6792	4368	4368	0
6793	4368	4368	0
6794	4368	4368	0
6795	4368	4368	0
6796	4368	4368	0
6797	4368	4368	0
6798	4368	4368	0
6799	4368	4368	0
6800	4368	4368	0
6801	4368	4368	0
6802	4368	4368	0
6803	4368	4368	0
6804	4368	4368	0
6805	4368	4368	0
6806	4368	4369	4
6807	4369	4369	0
6808	4369	4369	0
6809	4369	4369	0
6810	4369	4369	0
6811	4369	4369	0
6812	4369	4369	0
6813	4369	4369	0
6814	4369	4369	0
6815	4369	4371	6
6816	4371	4371	0
6817	4371	4371	4
6818	4371	4371	4
6819	4371	4371	6
6820	4371	4371	4
6821	4371	4373	6
6822	4373	4378	6
6823	4378	4379	6
6824	4379	4380	4
6825	4380	4380	6
6826	4380	4380	0
6827	4380	4380	0
6828	4380	4380	0
6829	4380	4380	0
6830	4380	4380	0
6831	4380	4380	0
6832	4380	4380	0
6833	4380	4380	0
6834	4380	4386	6
6835	4386	4388	6
6836	4388	4388	6
6837	4388	4388	6
6838	4388	4394	6
6839	4394	4397	6
6840	4397	4397	6
6841	4397	4397	6
6842	4397	4397	6
6843	4397	4397	0
6844	4397	4397	6
6845	4397	4397	6
6846	4397	4399	6
6847	4399	4400	6
6848	4400	4402	6
6849	4402	4404	6
6850	4404	4405	6
6851	4405	4406	6
6852	4406	4410	6
6853	4410	4411	6
6854	4411	4413	6
6855	4413	4414	6
6856	4414	4416	6
6857	4416	4418	6
6858	4418	4419	6
6859	4419	4420	6
6860	4420	4424	6
6861	4424	4427	6
6862	4427	4427	0
6863	4427	4427	0
6864	4427	4427	0
6865	4427	4427	0
6866	4427	4427	0
6867	4427	4427	0
6868	4427	4427	0
6869	4427	4427	0
6870	4427	4428	6
6871	4428	4434	6
6872	4434	4434	0
6873	4434	4434	0
6874	4434	4434	0
6875	4434	4434	0
6876	4434	4434	0
6877	4434	4434	0
6878	4434	4434	0
6879	4434	4434	0
6880	4434	4434	0
6881	4434	4434	0
6882	4434	4434	0
6883	4434	4434	0
6884	4434	4434	0
6885	4434	4434	0
6886	4434	4434	0
6887	4434	4434	0
6888	4434	4434	0
6889	4434	4434	4
6890	4434	4434	0
6891	4434	4434	0
6892	4434	4434	0
6893	4434	4434	0
6894	4434	4435	6
6895	4435	4436	6
6896	4436	4438	6
6897	4438	4442	6
6898	4442	4442	0
6899	4442	4442	0
6900	4442	4442	0
6901	4442	4443	2
6902	4443	4443	0
6903	4443	4444	6
6904	4444	4446	6
6905	4446	4447	6
6906	4447	4448	6
6907	4448	4452	6
6908	4452	4453	2
6909	4453	4454	6
6910	4454	4454	0
6911	4454	4454	0
6912	4454	4455	6
6913	4455	4457	6
6914	4457	4459	6
6915	4459	4461	6
6916	4461	4463	6
6917	4463	4466	6
6918	4466	4466	0
6919	4466	4468	6
6920	4468	4470	6
6921	4470	4470	0
6922	4470	4470	0
6923	4470	4470	4
6924	4470	4470	0
6925	4470	4470	6
6926	4470	4473	6
6927	4473	4473	0
6928	4473	4473	0
6929	4473	4474	6
6930	4474	4474	0
6931	4474	4477	6
6932	4477	4477	0
6933	4477	4477	0
6934	4477	4477	0
6935	4477	4478	2
6936	4478	4478	0
6937	4478	4478	0
6938	4478	4478	0
6939	4478	4484	6
6940	4484	4488	6
6941	4488	4490	6
6942	4490	4490	4
6943	4490	4490	0
6944	4490	4490	0
6945	4490	4490	0
6946	4490	4490	0
6947	4490	4490	0
6948	4490	4490	0
6949	4490	4490	0
6950	4490	4497	6
6951	4497	4502	6
6952	4502	4502	0
6953	4502	4502	0
6954	4502	4508	6
6955	4508	4514	6
6956	4514	4514	0
6957	4514	4514	0
6958	4514	4518	6
6959	4518	4518	0
6960	4518	4518	4
6961	4518	4518	0
6962	4518	4518	0
6963	4518	4518	0
6964	4518	4518	0
6965	4518	4518	0
6966	4518	4521	6
6967	4521	4521	0
6968	4521	4534	6
6969	4534	4534	0
6970	4534	4534	0
6971	4534	4534	0
6972	4534	4534	0
6973	4534	4534	0
6974	4534	4534	0
6975	4534	4534	0
6976	4534	4534	0
6977	4534	4534	6
6978	4534	4534	4
6979	4534	4534	0
6980	4534	4534	2
6981	4534	4534	0
6982	4534	4534	0
6983	4534	4534	0
6984	4534	4534	0
6985	4534	4534	0
6986	4534	4537	6
6987	4537	4538	2
6988	4538	4538	0
6989	4538	4538	0
6990	4538	4538	0
6991	4538	4538	2
6992	4538	4539	6
6993	4539	4540	2
6994	4540	4541	2
6995	4541	4543	6
6996	4543	4545	2
6997	4545	4547	6
6998	4547	4548	2
6999	4548	4548	2
7000	4548	4548	2
7001	4548	4548	0
7002	4548	4548	0
7003	4548	4548	0
7004	4548	4548	0
7005	4548	4548	0
7006	4548	4549	2
7007	4549	4551	6
7008	4551	4551	6
7009	4551	4551	6
7010	4551	4551	0
7011	4551	4552	2
7012	4552	4552	4
7013	4552	4552	0
7014	4552	4552	6
7015	4552	4552	0
7016	4552	4554	6
7017	4554	4556	6
7018	4556	4558	6
7019	4558	4560	6
7020	4560	4562	6
7021	4562	4563	6
7022	4563	4564	6
7023	4564	4565	6
7024	4565	4567	6
7025	4567	4568	6
7026	4568	4570	6
7027	4570	4571	2
7028	4571	4572	6
7029	4572	4573	6
7030	4573	4574	6
7031	4574	4576	6
7032	4576	4578	6
7033	4578	4579	6
7034	4579	4580	6
7035	4580	4583	6
7036	4583	4586	6
7037	4586	4586	0
7038	4586	4586	0
7039	4586	4586	0
7040	4586	4586	0
7041	4586	4586	0
7042	4586	4586	0
7043	4586	4586	0
7044	4586	4586	0
7045	4586	4586	0
7046	4586	4586	0
7047	4586	4586	0
7048	4586	4586	0
7049	4586	4586	0
7050	4586	4586	0
7051	4586	4586	0
7052	4586	4586	0
7053	4586	4586	0
7054	4586	4586	0
7055	4586	4586	0
7056	4586	4586	0
7057	4586	4586	0
7058	4586	4586	0
7059	4586	4586	0
7060	4586	4586	0
7061	4586	4586	0
7062	4586	4586	0
7063	4586	4586	0
7064	4586	4586	0
7065	4586	4586	0
7066	4586	4586	0
7067	4586	4586	0
7068	4586	4586	0
7069	4586	4586	0
7070	4586	4586	0
7071	4586	4586	0
7072	4586	4586	0
7073	4586	4586	0
7074	4586	4586	0
7075	4586	4586	0
7076	4586	4586	0
7077	4586	4586	0
7078	4586	4586	0
7079	4586	4586	0
7080	4586	4586	0
7081	4586	4586	0
7082	4586	4586	0
7083	4586	4586	0
7084	4586	4586	0
7085	4586	4586	0
7086	4586	4586	0
7087	4586	4586	0
7088	4586	4586	0
7089	4586	4586	0
7090	4586	4586	0
7091	4586	4586	0
7092	4586	4586	0
7093	4586	4586	0
7094	4586	4586	0
7095	4586	4586	0
7096	4586	4586	0
7097	4586	4586	0
7098	4586	4586	0
7099	4586	4586	0
7100	4586	4586	0
7101	4586	4586	0
7102	4586	4586	0
7103	4586	4586	0
7104	4586	4586	0
7105	4586	4586	0
7106	4586	4586	0
7107	4586	4586	0
7108	4586	4586	0
7109	4586	4586	0
7110	4586	4586	0
7111	4586	4586	0
7112	4586	4586	0
7113	4586	4586	0
7114	4586	4587	2
7115	4587	4587	0
7116	4587	4587	0
7117	4587	4587	0
7118	4587	4587	0
7119	4587	4588	2
7120	4588	4588	0
7121	4588	4588	2
7122	4588	4590	2
7123	4590	4590	0
7124	4590	4590	0
7125	4590	4590	2
7126	4590	4590	2
7127	4590	4590	2
7128	4590	4591	2
7129	4591	4591	0
7130	4591	4592	2
7131	4592	4595	6
7132	4595	4596	2
7133	4596	4600	6
7134	4600	4600	0
7135	4600	4600	0
7136	4600	4600	0
7137	4600	4600	0
7138	4600	4600	0
7139	4600	4600	2
7140	4600	4600	2
7141	4600	4600	0
7142	4600	4600	6
7143	4600	4600	0
7144	4600	4602	2
7145	4602	4604	2
7146	4604	4605	2
7147	4605	4605	2
7148	4605	4607	2
7149	4607	4609	6
7150	4609	4610	6
7151	4610	4613	6
7152	4613	4613	2
7153	4613	4613	0
7154	4613	4613	0
7155	4613	4615	2
7156	4615	4617	6
7157	4617	4618	2
7158	4618	4621	6
7159	4621	4622	6
7160	4622	4625	6
7161	4625	4625	0
7162	4625	4625	0
7163	4625	4625	0
7164	4625	4625	0
7165	4625	4625	0
7166	4625	4625	0
7167	4625	4625	0
7168	4625	4625	0
7169	4625	4625	0
7170	4625	4625	0
7171	4625	4625	0
7172	4625	4625	0
7173	4625	4625	0
7174	4625	4625	0
7175	4625	4625	0
7176	4625	4625	0
7177	4625	4625	0
7178	4625	4627	6
7179	4627	4629	6
7180	4629	4629	6
7181	4629	4632	6
7182	4632	4632	0
7183	4632	4632	0
7184	4632	4634	6
7185	4634	4635	6
7186	4635	4638	6
7187	4638	4639	6
7188	4639	4639	0
7189	4639	4640	4
7190	4640	4640	4
7191	4640	4640	0
7192	4640	4640	0
7193	4640	4642	6
7194	4642	4642	0
7195	4642	4642	0
7196	4642	4644	6
7197	4644	4644	0
7198	4644	4644	0
7199	4644	4644	0
7200	4644	4644	0
7201	4644	4645	6
7202	4645	4646	6
7203	4646	4647	6
7204	4647	4648	6
7205	4648	4649	6
7206	4649	4650	6
7207	4650	4651	6
7208	4651	4652	6
7209	4652	4653	6
7210	4653	4654	6
7211	4654	4655	6
7212	4655	4656	6
7213	4656	4657	6
7214	4657	4658	6
7215	4658	4659	6
7216	4659	4660	6
7217	4660	4661	6
7218	4661	4662	6
7219	4662	4663	6
7220	4663	4664	6
7221	4664	4665	6
7222	4665	4666	6
7223	4666	4667	6
7224	4667	4668	6
7225	4668	4669	6
7226	4669	4670	6
7227	4670	4671	6
7228	4671	4672	6
7229	4672	4673	6
7230	4673	4674	6
7231	4674	4675	6
7232	4675	4676	6
7233	4676	4677	6
7234	4677	4678	6
7235	4678	4679	6
7236	4679	4680	6
7237	4680	4681	6
7238	4681	4682	6
7239	4682	4683	6
7240	4683	4684	6
7241	4684	4685	6
7242	4685	4686	6
7243	4686	4687	6
7244	4687	4688	6
7245	4688	4689	6
7246	4689	4690	6
7247	4690	4691	4
7248	4691	4692	6
7249	4692	4693	6
7250	4693	4694	6
7251	4694	4695	6
7252	4695	4696	6
7253	4696	4697	6
7254	4697	4698	6
7255	4698	4699	6
7256	4699	4700	6
7257	4700	4701	6
7258	4701	4702	6
7259	4702	4703	6
7260	4703	4704	6
7261	4704	4705	6
7262	4705	4706	6
7263	4706	4707	6
7264	4707	4708	6
7265	4708	4709	6
7266	4709	4710	6
7267	4710	4711	6
7268	4711	4712	6
7269	4712	4712	0
7270	4712	4713	6
7271	4713	4714	4
7272	4714	4715	6
7273	4715	4716	6
7274	4716	4717	6
7275	4717	4718	6
7276	4718	4719	6
7277	4719	4720	6
7278	4720	4721	6
7279	4721	4722	6
7280	4722	4723	6
7281	4723	4724	6
7282	4724	4725	6
7283	4725	4726	6
7284	4726	4727	6
7285	4727	4728	2
7286	4728	4729	6
7287	4729	4730	6
7288	4730	4730	0
7289	4730	4731	6
7290	4731	4732	6
7291	4732	4733	6
7292	4733	4734	6
7293	4734	4735	6
7294	4735	4736	6
7295	4736	4737	6
7296	4737	4738	6
7297	4738	4740	6
7298	4740	4741	6
7299	4741	4743	6
7300	4743	4744	6
7301	4744	4745	6
7302	4745	4746	6
7303	4746	4747	6
7304	4747	4748	6
7305	4748	4749	6
7306	4749	4749	0
7307	4749	4749	0
7308	4749	4751	6
7309	4751	4753	6
7310	4753	4753	0
7311	4753	4753	0
7312	4753	4754	2
7313	4754	4755	2
7314	4755	4755	0
7315	4755	4755	0
7316	4755	4756	6
7317	4756	4757	6
7318	4757	4757	0
7319	4757	4757	0
7320	4757	4759	6
7321	4759	4761	6
7322	4761	4761	0
7323	4761	4761	0
7324	4761	4762	6
7325	4762	4763	2
7326	4763	4765	6
7327	4765	4766	6
7328	4766	4766	0
7329	4766	4766	0
7330	4766	4767	6
7331	4767	4767	0
7332	4767	4767	0
7333	4767	4767	0
7334	4767	4767	0
7335	4767	4767	0
7336	4767	4768	6
7337	4768	4769	6
7338	4769	4770	6
7339	4770	4771	6
7340	4771	4772	6
7341	4772	4773	6
7342	4773	4774	6
7343	4774	4775	6
7344	4775	4776	6
7345	4776	4777	6
7346	4777	4778	6
7347	4778	4779	6
7348	4779	4780	6
7349	4780	4781	6
7350	4781	4782	6
7351	4782	4783	6
7352	4783	4784	6
7353	4784	4784	0
7354	4784	4784	0
7355	4784	4784	0
7356	4784	4785	6
7357	4785	4786	6
7358	4786	4787	6
7359	4787	4788	6
7360	4788	4789	6
7361	4789	4791	6
7362	4791	4793	6
7363	4793	4794	6
7364	4794	4795	6
7365	4795	4796	6
7366	4796	4797	6
7367	4797	4798	6
7368	4798	4799	6
7369	4799	4800	6
7370	4800	4801	6
7371	4801	4802	6
7372	4802	4803	6
7373	4803	4803	0
7374	4803	4803	0
7375	4803	4803	0
7376	4803	4803	0
7377	4803	4804	6
7378	4804	4805	2
7379	4805	4806	6
7380	4806	4807	6
7381	4807	4807	0
7382	4807	4807	0
7383	4807	4807	0
7384	4807	4808	6
7385	4808	4809	6
7386	4809	4810	6
7387	4810	4811	6
7388	4811	4812	6
7389	4812	4813	6
7390	4813	4814	6
7391	4814	4815	6
7392	4815	4816	6
7393	4816	4817	6
7394	4817	4818	6
7395	4818	4819	6
7396	4819	4820	6
7397	4820	4821	6
7398	4821	4822	6
7399	4822	4824	6
7400	4824	4825	6
7401	4825	4825	0
7402	4825	4825	0
7403	4825	4825	0
7404	4825	4825	0
7405	4825	4825	2
7406	4825	4825	0
7407	4825	4826	6
7408	4826	4826	0
7409	4826	4828	6
7410	4828	4829	6
7411	4829	4829	0
7412	4829	4829	0
7413	4829	4829	0
7414	4829	4829	0
7415	4829	4829	0
7416	4829	4830	4
7417	4830	4830	0
7418	4830	4831	6
7419	4831	4832	6
7420	4832	4833	6
7421	4833	4834	6
7422	4834	4835	6
7423	4835	4836	6
7424	4836	4837	6
7425	4837	4838	6
7426	4838	4839	6
7427	4839	4840	6
7428	4840	4841	6
7429	4841	4842	6
7430	4842	4843	6
7431	4843	4844	6
7432	4844	4845	6
7433	4845	4846	6
7434	4846	4847	6
7435	4847	4848	6
7436	4848	4849	6
7437	4849	4850	2
7438	4850	4851	6
7439	4851	4852	6
7440	4852	4853	6
7441	4853	4854	6
7442	4854	4855	6
7443	4855	4856	6
7444	4856	4857	2
7445	4857	4858	6
7446	4858	4859	2
7447	4859	4860	6
7448	4860	4861	6
7449	4861	4862	6
7450	4862	4863	6
7451	4863	4864	6
7452	4864	4865	6
7453	4865	4866	2
7454	4866	4867	6
7455	4867	4868	6
7456	4868	4869	6
7457	4869	4870	6
7458	4870	4871	6
7459	4871	4872	6
7460	4872	4873	6
7461	4873	4874	6
7462	4874	4875	6
7463	4875	4876	6
7464	4876	4877	6
7465	4877	4878	6
7466	4878	4879	6
7467	4879	4880	6
7468	4880	4881	6
7469	4881	4882	6
7470	4882	4883	6
7471	4883	4884	6
7472	4884	4885	6
7473	4885	4886	6
7474	4886	4887	6
7475	4887	4888	6
7476	4888	4889	6
7477	4889	4890	6
7478	4890	4891	6
7479	4891	4892	6
7480	4892	4893	6
7481	4893	4894	6
7482	4894	4895	6
7483	4895	4896	6
7484	4896	4897	6
7485	4897	4898	6
7486	4898	4900	6
7487	4900	4901	6
7488	4901	4902	6
7489	4902	4903	6
7490	4903	4904	6
7491	4904	4906	2
7492	4906	4907	6
7493	4907	4908	6
7494	4908	4909	6
7495	4909	4910	6
7496	4910	4910	0
7497	4910	4910	0
7498	4910	4910	0
7499	4910	4910	0
7500	4910	4910	0
7501	4910	4910	0
7502	4910	4910	0
7503	4910	4910	0
7504	4910	4910	0
7505	4910	4910	0
7506	4910	4910	0
7507	4910	4910	0
7508	4910	4910	0
7509	4910	4910	0
7510	4910	4910	0
7511	4910	4910	0
7512	4910	4910	0
7513	4910	4910	0
7514	4910	4910	0
7515	4910	4910	0
7516	4910	4910	0
7517	4910	4910	0
7518	4910	4910	0
7519	4910	4911	2
7520	4911	4911	0
7521	4911	4911	0
7522	4911	4912	2
7523	4912	4912	0
7524	4912	4913	6
7525	4913	4913	0
7526	4913	4913	0
7527	4913	4913	0
7528	4913	4913	0
7529	4913	4913	0
7530	4913	4913	0
7531	4913	4913	0
7532	4913	4913	0
7533	4913	4913	0
7534	4913	4913	0
7535	4913	4914	6
7536	4914	4915	6
7537	4915	4915	0
7538	4915	4915	0
7539	4915	4915	0
7540	4915	4915	0
7541	4915	4915	0
7542	4915	4915	4
7543	4915	4915	0
7544	4915	4915	0
7545	4915	4915	0
7546	4915	4915	0
7547	4915	4915	0
7548	4915	4915	0
7549	4915	4916	4
7550	4916	4916	0
7551	4916	4916	0
7552	4916	4916	0
7553	4916	4916	0
7554	4916	4916	0
7555	4916	4916	0
7556	4916	4916	0
7557	4916	4916	0
7558	4916	4918	6
7559	4918	4918	0
7560	4918	4918	0
7561	4918	4918	0
7562	4918	4918	0
7563	4918	4918	0
7564	4918	4922	6
7565	4922	4924	6
7566	4924	4924	0
7567	4924	4926	6
7568	4926	4927	6
7569	4927	4927	0
7570	4927	4927	0
7571	4927	4927	0
7572	4927	4927	0
7573	4927	4927	0
7574	4927	4927	0
7575	4927	4927	0
7576	4927	4927	0
7577	4927	4927	0
7578	4927	4927	4
7579	4927	4927	0
7580	4927	4927	0
7581	4927	4927	0
7582	4927	4928	6
7583	4928	4929	4
7584	4929	4929	0
7585	4929	4929	0
7586	4929	4929	0
7587	4929	4929	0
7588	4929	4929	0
7589	4929	4930	6
7590	4930	4931	6
7591	4931	4932	4
7592	4932	4933	6
7593	4933	4933	0
7594	4933	4933	0
7595	4933	4934	2
7596	4934	4935	2
7597	4935	4936	6
7598	4936	4937	6
7599	4937	4937	0
7600	4937	4937	0
7601	4937	4937	0
7602	4937	4938	6
7603	4938	4939	6
7604	4939	4940	6
7605	4940	4941	4
7606	4941	4942	6
7607	4942	4944	6
7608	4944	4945	4
7609	4945	4946	2
7610	4946	4946	0
7611	4946	4947	6
7612	4947	4948	6
7613	4948	4949	6
7614	4949	4949	0
7615	4949	4950	6
7616	4950	4951	6
7617	4951	4951	0
7618	4951	4952	6
7619	4952	4953	6
7620	4953	4954	6
7621	4954	4955	6
7622	4955	4955	0
7623	4955	4955	0
7624	4955	4956	6
7625	4956	4956	0
7626	4956	4956	0
7627	4956	4956	0
7628	4956	4957	6
7629	4957	4958	6
7630	4958	4959	6
7631	4959	4960	6
7632	4960	4961	6
7633	4961	4962	6
7634	4962	4963	6
7635	4963	4964	6
7636	4964	4965	6
7637	4965	4966	6
7638	4966	4967	6
7639	4967	4968	6
7640	4968	4969	6
7641	4969	4970	6
7642	4970	4971	6
7643	4971	4972	6
7644	4972	4973	6
7645	4973	4974	6
7646	4974	4975	6
7647	4975	4976	6
7648	4976	4976	0
7649	4976	4976	0
7650	4976	4976	0
7651	4976	4976	0
7652	4976	4977	6
7653	4977	4978	6
7654	4978	4978	0
7655	4978	4978	0
7656	4978	4979	6
7657	4979	4980	6
7658	4980	4981	6
7659	4981	4982	6
7660	4982	4983	6
7661	4983	4984	6
7662	4984	4985	6
7663	4985	4986	6
7664	4986	4987	6
7665	4987	4988	6
7666	4988	4989	6
7667	4989	4989	0
7668	4989	4989	0
7669	4989	4989	0
7670	4989	4989	0
7671	4989	4989	0
7672	4989	4989	0
7673	4989	4989	0
7674	4989	4990	2
7675	4990	4990	0
7676	4990	4991	2
7677	4991	4991	0
7678	4991	4992	6
7679	4992	4992	2
7680	4992	4992	0
7681	4992	4992	0
7682	4992	4992	0
7683	4992	4994	6
7684	4994	4995	6
7685	4995	4995	0
7686	4995	4995	0
7687	4995	4995	0
7688	4995	4996	6
7689	4996	4997	6
7690	4997	4998	6
7691	4998	4998	0
7692	4998	4998	0
7693	4998	4998	0
7694	4998	5000	6
7695	5000	5001	6
7696	5001	5001	0
7697	5001	5001	0
7698	5001	5001	0
7699	5001	5001	0
7700	5001	5001	0
7701	5001	5001	0
7702	5001	5001	0
7703	5001	5001	0
7704	5001	5001	0
7705	5001	5002	6
7706	5002	5003	6
7707	5003	5004	6
7708	5004	5004	0
7709	5004	5004	0
7710	5004	5004	0
7711	5004	5004	0
7712	5004	5004	0
7713	5004	5005	4
7714	5005	5006	2
7715	5006	5006	2
7716	5006	5006	0
7717	5006	5007	6
7718	5007	5008	6
7719	5008	5009	6
7720	5009	5010	6
7721	5010	5011	6
7722	5011	5012	6
7723	5012	5013	6
7724	5013	5014	6
7725	5014	5015	6
7726	5015	5016	6
7727	5016	5016	0
7728	5016	5016	0
7729	5016	5016	0
7730	5016	5016	0
7731	5016	5016	0
7732	5016	5016	0
7733	5016	5016	0
7734	5016	5016	0
7735	5016	5016	0
7736	5016	5016	0
7737	5016	5016	0
7738	5016	5016	0
7739	5016	5016	0
7740	5016	5016	0
7741	5016	5016	0
7742	5016	5016	0
7743	5016	5016	0
7744	5016	5016	0
7745	5016	5016	0
7746	5016	5016	0
7747	5016	5016	0
7748	5016	5016	0
7749	5016	5016	0
7750	5016	5016	0
7751	5016	5016	0
7752	5016	5016	0
7753	5016	5016	0
7754	5016	5016	0
7755	5016	5016	0
7756	5016	5016	0
7757	5016	5016	0
7758	5016	5016	0
7759	5016	5016	0
7760	5016	5016	0
7761	5016	5016	0
7762	5016	5016	0
7763	5016	5016	0
7764	5016	5017	4
7765	5017	5017	0
7766	5017	5017	0
7767	5017	5018	6
7768	5018	5019	6
7769	5019	5020	6
7770	5020	5021	6
7771	5021	5022	6
7772	5022	5023	2
7773	5023	5024	6
7774	5024	5025	6
7775	5025	5026	6
7776	5026	5027	6
7777	5027	5028	6
7778	5028	5029	6
7779	5029	5030	6
7780	5030	5031	6
7781	5031	5032	6
7782	5032	5033	6
7783	5033	5034	6
7784	5034	5035	6
7785	5035	5036	6
7786	5036	5037	6
7787	5037	5038	6
7788	5038	5042	6
7789	5042	5044	6
7790	5044	5044	4
7791	5044	5046	6
7792	5046	5047	2
7793	5047	5048	6
7794	5048	5049	6
7795	5049	5050	6
7796	5050	5051	6
7797	5051	5053	6
7798	5053	5054	6
7799	5054	5056	6
7800	5056	5057	6
7801	5057	5058	6
7802	5058	5059	6
7803	5059	5060	6
7804	5060	5061	6
7805	5061	5062	6
7806	5062	5063	6
7807	5063	5064	6
7808	5064	5065	6
7809	5065	5066	6
7810	5066	5067	6
7811	5067	5068	6
7812	5068	5068	0
7813	5068	5068	0
7814	5068	5068	0
7815	5068	5068	0
7816	5068	5068	0
7817	5068	5068	0
7818	5068	5068	0
7819	5068	5068	0
7820	5068	5069	6
7821	5069	5070	6
7822	5070	5071	6
7823	5071	5072	6
7824	5072	5073	6
7825	5073	5074	6
7826	5074	5074	0
7827	5074	5075	6
7828	5075	5076	6
7829	5076	5077	6
7830	5077	5078	6
7831	5078	5079	6
7832	5079	5080	6
7833	5080	5081	6
7834	5081	5082	6
7835	5082	5083	6
7836	5083	5084	4
7837	5084	5085	6
7838	5085	5086	6
7839	5086	5087	6
7840	5087	5088	6
7841	5088	5089	6
7842	5089	5089	0
7843	5089	5090	6
7844	5090	5091	6
7845	5091	5092	6
7846	5092	5093	6
7847	5093	5094	6
7848	5094	5095	6
7849	5095	5096	6
7850	5096	5097	6
7851	5097	5098	6
7852	5098	5099	6
7853	5099	5100	6
7854	5100	5102	6
7855	5102	5102	0
7856	5102	5103	2
7857	5103	5103	0
7858	5103	5104	6
7859	5104	5105	6
7860	5105	5106	6
7861	5106	5107	6
7862	5107	5108	6
7863	5108	5109	6
7864	5109	5110	6
7865	5110	5111	6
7866	5111	5112	6
7867	5112	5113	6
7868	5113	5114	6
7869	5114	5115	6
7870	5115	5116	6
7871	5116	5117	6
7872	5117	5118	6
7873	5118	5119	6
7874	5119	5120	6
7875	5120	5121	6
7876	5121	5122	6
7877	5122	5123	6
7878	5123	5124	6
7879	5124	5125	6
7880	5125	5126	6
7881	5126	5127	6
7882	5127	5128	6
7883	5128	5129	6
7884	5129	5130	6
7885	5130	5131	6
7886	5131	5132	2
7887	5132	5133	6
7888	5133	5134	6
7889	5134	5135	6
7890	5135	5136	6
7891	5136	5137	6
7892	5137	5138	6
7893	5138	5139	6
7894	5139	5140	6
7895	5140	5141	6
7896	5141	5142	6
7897	5142	5143	6
7898	5143	5144	6
7899	5144	5145	6
7900	5145	5146	6
7901	5146	5147	6
7902	5147	5148	6
7903	5148	5149	6
7904	5149	5150	6
7905	5150	5151	6
7906	5151	5152	6
7907	5152	5153	6
7908	5153	5154	6
7909	5154	5155	6
7910	5155	5156	6
7911	5156	5157	6
7912	5157	5158	6
7913	5158	5159	6
7914	5159	5160	6
7915	5160	5161	6
7916	5161	5162	6
7917	5162	5163	6
7918	5163	5164	6
7919	5164	5165	6
7920	5165	5166	6
7921	5166	5167	6
7922	5167	5168	6
7923	5168	5169	6
7924	5169	5170	6
7925	5170	5171	6
7926	5171	5172	6
7927	5172	5173	6
7928	5173	5174	6
7929	5174	5175	6
7930	5175	5176	6
7931	5176	5177	6
7932	5177	5178	6
7933	5178	5179	6
7934	5179	5180	6
7935	5180	5181	6
7936	5181	5182	6
7937	5182	5183	6
7938	5183	5184	4
7939	5184	5185	6
7940	5185	5186	6
7941	5186	5187	6
7942	5187	5188	6
7943	5188	5189	6
7944	5189	5190	6
7945	5190	5191	6
7946	5191	5192	6
7947	5192	5193	6
7948	5193	5194	6
7949	5194	5194	0
7950	5194	5195	6
7951	5195	5196	6
7952	5196	5197	6
7953	5197	5198	6
7954	5198	5199	6
7955	5199	5200	6
7956	5200	5201	6
7957	5201	5202	6
7958	5202	5203	6
7959	5203	5204	6
7960	5204	5205	6
7961	5205	5206	6
7962	5206	5207	2
7963	5207	5208	6
7964	5208	5209	6
7965	5209	5210	6
7966	5210	5211	6
7967	5211	5212	6
7968	5212	5213	6
7969	5213	5214	6
7970	5214	5215	6
7971	5215	5216	6
7972	5216	5220	6
7973	5220	5222	6
7974	5222	5224	6
7975	5224	5225	6
7976	5225	5226	6
7977	5226	5226	0
7978	5226	5227	6
7979	5227	5227	0
7980	5227	5228	6
7981	5228	5229	6
7982	5229	5230	6
7983	5230	5231	6
7984	5231	5233	6
7985	5233	5235	6
7986	5235	5236	6
7987	5236	5237	6
7988	5237	5238	6
7989	5238	5239	6
7990	5239	5241	6
7991	5241	5243	6
7992	5243	5243	0
7993	5243	5244	6
7994	5244	5244	0
7995	5244	5244	0
7996	5244	5245	6
7997	5245	5246	6
7998	5246	5247	6
7999	5247	5248	6
8000	5248	5249	6
8001	5249	5251	6
8002	5251	5252	6
8003	5252	5253	6
8004	5253	5257	6
8005	5257	5259	6
8006	5259	5261	6
8007	5261	5262	4
8008	5262	5263	6
8009	5263	5264	6
8010	5264	5265	6
8011	5265	5266	6
8012	5266	5267	6
8013	5267	5268	6
8014	5268	5270	6
8015	5270	5272	6
8016	5272	5273	6
8017	5273	5274	6
8018	5274	5276	6
8019	5276	5277	6
8020	5277	5278	6
8021	5278	5279	6
8022	5279	5280	2
8023	5280	5280	0
8024	5280	5280	0
8025	5280	5281	2
8026	5281	5283	6
8027	5283	5283	0
8028	5283	5284	2
8029	5284	5285	2
8030	5285	5286	6
8031	5286	5288	6
8032	5288	5289	4
8033	5289	5290	2
8034	5290	5291	6
8035	5291	5291	0
8036	5291	5292	6
8037	5292	5293	6
8038	5293	5294	6
8039	5294	5295	6
8040	5295	5296	6
8041	5296	5296	0
8042	5296	5296	0
8043	5296	5296	0
8044	5296	5297	2
8045	5297	5297	0
8046	5297	5297	0
8047	5297	5297	0
8048	5297	5297	0
8049	5297	5297	0
8050	5297	5297	0
8051	5297	5297	0
8052	5297	5297	0
8053	5297	5297	0
8054	5297	5297	0
8055	5297	5298	6
8056	5298	5299	6
8057	5299	5300	6
8058	5300	5301	6
8059	5301	5302	6
8060	5302	5303	6
8061	5303	5304	2
8062	5304	5305	6
8063	5305	5306	6
8064	5306	5307	6
8065	5307	5308	6
8066	5308	5309	6
8067	5309	5310	6
8068	5310	5311	6
8069	5311	5312	6
8070	5312	5313	6
8071	5313	5314	2
8072	5314	5318	6
8073	5318	5320	6
8074	5320	5320	4
8075	5320	5321	6
8076	5321	5321	0
8077	5321	5321	0
8078	5321	5321	0
8079	5321	5321	0
8080	5321	5321	0
8081	5321	5322	2
8082	5322	5322	0
8083	5322	5322	0
8084	5322	5322	0
8085	5322	5322	0
8086	5322	5323	2
8087	5323	5323	0
8088	5323	5323	0
8089	5323	5323	0
8090	5323	5323	0
8091	5323	5323	0
8092	5323	5323	0
8093	5323	5323	0
8094	5323	5323	0
8095	5323	5324	6
8096	5324	5325	6
8097	5325	5326	6
8098	5326	5327	6
8099	5327	5328	6
8100	5328	5329	6
8101	5329	5330	6
8102	5330	5331	6
8103	5331	5332	4
8104	5332	5333	6
8105	5333	5334	6
8106	5334	5334	0
8107	5334	5334	0
8108	5334	5338	6
8109	5338	5340	6
8110	5340	5342	6
8111	5342	5343	6
8112	5343	5343	0
8113	5343	5343	0
8114	5343	5344	6
8115	5344	5345	6
8116	5345	5345	0
8117	5345	5345	0
8118	5345	5345	0
8119	5345	5345	0
8120	5345	5345	0
8121	5345	5346	6
8122	5346	5346	0
8123	5346	5346	0
8124	5346	5346	0
8125	5346	5346	0
8126	5346	5346	0
8127	5346	5346	0
8128	5346	5346	0
8129	5346	5346	0
8130	5346	5347	6
8131	5347	5348	6
8132	5348	5349	6
8133	5349	5350	6
8134	5350	5351	6
8135	5351	5352	6
8136	5352	5353	6
8137	5353	5354	6
8138	5354	5355	6
8139	5355	5355	0
8140	5355	5355	0
8141	5355	5355	0
8142	5355	5355	0
8143	5355	5356	6
8144	5356	5357	6
8145	5357	5358	6
8146	5358	5359	6
8147	5359	5360	6
8148	5360	5361	6
8149	5361	5362	6
8150	5362	5363	6
8151	5363	5364	6
8152	5364	5365	6
8153	5365	5366	6
8154	5366	5367	6
8155	5367	5368	6
8156	5368	5369	6
8157	5369	5370	6
8158	5370	5371	6
8159	5371	5372	6
8160	5372	5373	6
8161	5373	5374	6
8162	5374	5375	6
8163	5375	5376	6
8164	5376	5377	6
8165	5377	5378	6
8166	5378	5379	6
8167	5379	5380	2
8168	5380	5381	6
8169	5381	5382	2
8170	5382	5383	6
8171	5383	5383	0
8172	5383	5384	6
8173	5384	5385	6
8174	5385	5386	6
8175	5386	5387	6
8176	5387	5388	6
8177	5388	5389	6
8178	5389	5391	6
8179	5391	5392	6
8180	5392	5393	6
8181	5393	5394	6
8182	5394	5396	6
8183	5396	5398	6
8184	5398	5399	6
8185	5399	5400	6
8186	5400	5401	6
8187	5401	5402	6
8188	5402	5403	6
8189	5403	5404	6
8190	5404	5405	6
8191	5405	5407	6
8192	5407	5408	6
8193	5408	5409	6
8194	5409	5410	6
8195	5410	5411	6
8196	5411	5412	6
8197	5412	5413	6
8198	5413	5414	6
8199	5414	5415	2
8200	5415	5416	6
8201	5416	5417	6
8202	5417	5418	6
8203	5418	5419	6
8204	5419	5420	6
8205	5420	5421	6
8206	5421	5422	6
8207	5422	5423	6
8208	5423	5424	6
8209	5424	5425	6
8210	5425	5426	6
8211	5426	5428	6
8212	5428	5429	6
8213	5429	5430	6
8214	5430	5431	6
8215	5431	5432	6
8216	5432	5433	6
8217	5433	5434	6
8218	5434	5435	6
8219	5435	5436	6
8220	5436	5437	6
8221	5437	5438	6
8222	5438	5439	6
8223	5439	5441	6
8224	5441	5442	6
8225	5442	5444	6
8226	5444	5445	2
8227	5445	5447	6
8228	5447	5448	6
8229	5448	5449	6
8230	5449	5450	6
8231	5450	5451	6
8232	5451	5452	6
8233	5452	5453	6
8234	5453	5454	6
8235	5454	5456	6
8236	5456	5457	6
8237	5457	5458	6
8238	5458	5459	6
8239	5459	5460	6
8240	5460	5461	6
8241	5461	5462	6
8242	5462	5463	6
8243	5463	5464	6
8244	5464	5465	6
8245	5465	5466	6
8246	5466	5467	6
8247	5467	5468	6
8248	5468	5470	6
8249	5470	5471	6
8250	5471	5473	6
8251	5473	5474	6
8252	5474	5476	6
8253	5476	5478	6
8254	5478	5479	6
8255	5479	5480	6
8256	5480	5481	6
8257	5481	5482	6
8258	5482	5483	6
8259	5483	5484	6
8260	5484	5485	6
8261	5485	5486	6
8262	5486	5486	0
8263	5486	5486	0
8264	5486	5488	6
8265	5488	5492	6
8266	5492	5493	6
8267	5493	5495	6
8268	5495	5497	2
8269	5497	5501	6
8270	5501	5502	6
8271	5502	5504	6
8272	5504	5505	6
8273	5505	5507	6
8274	5507	5509	6
8275	5509	5513	6
8276	5513	5514	6
8277	5514	5515	6
8278	5515	5516	6
8279	5516	5519	6
8280	5519	5521	6
8281	5521	5526	6
8282	5526	5526	2
8283	5526	5527	6
8284	5527	5528	6
8285	5528	5530	6
8286	5530	5531	2
8287	5531	5532	6
8288	5532	5534	6
8289	5534	5535	2
8290	5535	5535	0
8291	5535	5537	6
8292	5537	5540	6
8293	5540	5540	0
8294	5540	5540	0
8295	5540	5544	6
8296	5544	5546	6
8297	5546	5550	6
8298	5550	5552	6
8299	5552	5553	6
8300	5553	5554	6
8301	5554	5555	6
8302	5555	5556	6
8303	5556	5557	6
8304	5557	5558	6
8305	5558	5559	6
8306	5559	5560	6
8307	5560	5561	6
8308	5561	5562	6
8309	5562	5562	0
8310	5562	5564	6
8311	5564	5567	6
8312	5567	5568	6
8313	5568	5569	6
8314	5569	5569	0
8315	5569	5571	6
8316	5571	5573	6
8317	5573	5574	6
8318	5574	5575	2
8319	5575	5576	2
8320	5576	5577	2
8321	5577	5578	2
8322	5578	5578	0
8323	5578	5579	2
8324	5579	5580	6
8325	5580	5581	6
8326	5581	5583	6
8327	5583	5585	6
8328	5585	5589	6
8329	5589	5590	6
8330	5590	5592	6
8331	5592	5593	6
8332	5593	5595	6
8333	5595	5595	2
8334	5595	5595	0
8335	5595	5595	0
8336	5595	5597	6
8337	5597	5603	6
8338	5603	5603	0
8339	5603	5603	0
8340	5603	5603	0
8341	5603	5604	6
8342	5604	5606	6
8343	5606	5608	6
8344	5608	5612	6
8345	5612	5613	6
8346	5613	5615	6
8347	5615	5616	6
8348	5616	5618	6
8349	5618	5620	6
8350	5620	5624	6
8351	5624	5625	6
8352	5625	5627	6
8353	5627	5629	6
8354	5629	5633	6
8355	5633	5634	6
8356	5634	5636	6
8357	5636	5640	6
8358	5640	5642	6
8359	5642	5645	6
8360	5645	5649	6
8361	5649	5651	6
8362	5651	5651	0
8363	5651	5654	6
8364	5654	5655	6
8365	5655	5656	6
8366	5656	5657	6
8367	5657	5658	6
8368	5658	5659	2
8369	5659	5660	6
8370	5660	5661	6
8371	5661	5662	6
8372	5662	5663	6
8373	5663	5664	6
8374	5664	5664	0
8375	5664	5668	6
8376	5668	5670	6
8377	5670	5672	6
8378	5672	5673	6
8379	5673	5675	6
8380	5675	5676	6
8381	5676	5677	6
8382	5677	5678	6
8383	5678	5680	6
8384	5680	5680	0
8385	5680	5680	0
8386	5680	5680	0
8387	5680	5682	6
8388	5682	5682	6
8389	5682	5683	6
8390	5683	5683	6
8391	5683	5683	0
8392	5683	5683	6
8393	5683	5685	6
8394	5685	5687	6
8395	5687	5687	0
8396	5687	5689	6
8397	5689	5690	6
8398	5690	5694	6
8399	5694	5696	6
8400	5696	5699	6
8401	5699	5702	6
8402	5702	5709	6
8403	5709	5710	2
8404	5710	5710	0
8405	5710	5715	6
8406	5715	5724	6
8407	5724	5730	6
8408	5730	5730	0
8409	5730	5736	6
8410	5736	5741	6
8411	5741	5746	6
8412	5746	5748	6
8413	5748	5760	6
8414	5760	5760	0
8415	5760	5760	0
8416	5760	5760	0
8417	5760	5760	0
8418	5760	5761	6
8419	5761	5762	6
8420	5762	5763	6
8421	5763	5764	6
8422	5764	5765	6
8423	5765	5766	2
8424	5766	5767	6
8425	5767	5767	0
8426	5767	5768	6
8427	5768	5769	4
8428	5769	5770	6
8429	5770	5770	0
8430	5770	5771	2
8431	5771	5773	4
8432	5773	5775	6
8433	5775	5775	0
8434	5775	5775	0
8435	5775	5775	0
8436	5775	5775	0
8437	5775	5777	6
8438	5777	5779	6
8439	5779	5781	6
8440	5781	5783	6
8441	5783	5787	6
8442	5787	5788	6
8443	5788	5789	6
8444	5789	5790	6
8445	5790	5791	4
8446	5791	5792	6
8447	5792	5792	0
8448	5792	5793	4
8449	5793	5795	6
8450	5795	5797	6
8451	5797	5798	6
8452	5798	5799	6
8453	5799	5800	2
8454	5800	5800	0
8455	5800	5801	6
8456	5801	5801	0
8457	5801	5802	6
8458	5802	5803	6
8459	5803	5804	6
8460	5804	5805	6
8461	5805	5807	6
8462	5807	5807	2
8463	5807	5808	6
8464	5808	5808	0
8465	5808	5810	6
8466	5810	5812	6
8467	5812	5813	6
8468	5813	5814	6
8469	5814	5815	6
8470	5815	5816	6
8471	5816	5818	6
8472	5818	5820	6
8473	5820	5821	6
8474	5821	5821	6
8475	5821	5823	6
8476	5823	5824	6
8477	5824	5824	4
8478	5824	5826	6
8479	5826	5826	0
8480	5826	5826	0
8481	5826	5826	0
8482	5826	5826	0
8483	5826	5826	0
8484	5826	5826	0
8485	5826	5826	0
8486	5826	5826	0
8487	5826	5826	0
8488	5826	5826	0
8489	5826	5828	6
8490	5828	5828	0
8491	5828	5828	0
8492	5828	5834	6
8493	5834	5834	0
8494	5834	5836	6
8495	5836	5840	6
8496	5840	5843	6
8497	5843	5843	0
8498	5843	5843	0
8499	5843	5843	0
8500	5843	5843	0
8501	5843	5843	0
8502	5843	5844	6
8503	5844	5846	6
8504	5846	5847	6
8505	5847	5851	6
8506	5851	5852	6
8507	5852	5853	4
8508	5853	5853	2
8509	5853	5854	2
8510	5854	5854	4
8511	5854	5854	0
8512	5854	5854	0
8513	5854	5858	6
8514	5858	5864	6
8515	5864	5868	6
8516	5868	5874	6
8517	5874	5878	6
8518	5878	5882	6
8519	5882	5882	0
8520	5882	5882	0
8521	5882	5886	6
8522	5886	5889	6
8523	5889	5893	6
8524	5893	5897	6
8525	5897	5901	6
8526	5901	5908	6
8527	5908	5912	6
8528	5912	5920	6
8529	5920	5920	0
8530	5920	5920	0
8531	5920	5921	6
8532	5921	5927	6
8533	5927	5931	6
8534	5931	5931	0
8535	5931	5933	6
8536	5933	5933	6
8537	5933	5937	6
8538	5937	5939	6
8539	5939	5943	6
8540	5943	5943	0
8541	5943	5951	6
8542	5951	5952	6
8543	5952	5953	6
8544	5953	5953	6
8545	5953	5953	0
8546	5953	5953	0
8547	5953	5957	6
8548	5957	5957	0
8549	5957	5957	0
8550	5957	5961	6
8551	5961	5963	6
8552	5963	5964	6
8553	5964	5965	6
8554	5965	5967	6
8555	5967	5968	6
8556	5968	5969	6
8557	5969	5970	6
8558	5970	5972	6
8559	5972	5974	6
8560	5974	5975	6
8561	5975	5976	6
8562	5976	5977	6
8563	5977	5977	0
8564	5977	5977	0
8565	5977	5977	0
8566	5977	5979	6
8567	5979	5983	6
8568	5983	5987	6
8569	5987	5988	6
8570	5988	5989	6
8571	5989	5990	6
8572	5990	5991	6
8573	5991	5993	6
8574	5993	5994	6
8575	5994	5995	6
8576	5995	5996	2
8577	5996	5997	2
8578	5997	5998	6
8579	5998	6000	6
8580	6000	6002	6
8581	6002	6003	6
8582	6003	6004	6
8583	6004	6005	6
8584	6005	6006	6
8585	6006	6007	6
8586	6007	6008	6
8587	6008	6009	6
8588	6009	6010	6
8589	6010	6011	6
8590	6011	6012	6
8591	6012	6014	6
8592	6014	6016	6
8593	6016	6018	6
8594	6018	6019	6
8595	6019	6020	6
8596	6020	6021	6
8597	6021	6023	6
8598	6023	6025	6
8599	6025	6026	6
8600	6026	6027	6
8601	6027	6028	6
8602	6028	6029	6
8603	6029	6030	6
8604	6030	6031	6
8605	6031	6032	6
8606	6032	6033	6
8607	6033	6034	6
8608	6034	6035	6
8609	6035	6037	6
8610	6037	6038	6
8611	6038	6040	6
8612	6040	6041	6
8613	6041	6042	6
8614	6042	6043	4
8615	6043	6043	0
8616	6043	6044	6
8617	6044	6045	4
8618	6045	6046	6
8619	6046	6046	0
8620	6046	6047	6
8621	6047	6048	2
8622	6048	6049	6
8623	6049	6049	0
8624	6049	6050	2
8625	6050	6050	0
8626	6050	6050	0
8627	6050	6050	2
8628	6050	6050	0
8629	6050	6050	0
8630	6050	6050	0
8631	6050	6052	6
8632	6052	6052	0
8633	6052	6052	0
8634	6052	6052	0
8635	6052	6052	0
8636	6052	6052	0
8637	6052	6054	2
8638	6054	6054	0
8639	6054	6054	0
8640	6054	6054	0
8641	6054	6055	6
8642	6055	6056	6
8643	6056	6057	2
8644	6057	6058	6
8645	6058	6059	6
8646	6059	6060	6
8647	6060	6061	2
8648	6061	6062	6
8649	6062	6062	0
8650	6062	6062	0
8651	6062	6063	6
8652	6063	6064	6
8653	6064	6065	6
8654	6065	6066	6
8655	6066	6067	6
8656	6067	6068	6
8657	6068	6069	6
8658	6069	6070	6
8659	6070	6071	6
8660	6071	6071	0
8661	6071	6071	0
8662	6071	6071	0
8663	6071	6071	0
8664	6071	6071	0
8665	6071	6071	0
8666	6071	6071	0
8667	6071	6072	6
8668	6072	6073	6
8669	6073	6074	2
8670	6074	6075	6
8671	6075	6076	6
8672	6076	6076	0
8673	6076	6077	2
8674	6077	6078	6
8675	6078	6078	0
8676	6078	6079	6
8677	6079	6080	6
8678	6080	6081	6
8679	6081	6081	0
8680	6081	6082	6
8681	6082	6083	6
8682	6083	6083	6
8683	6083	6084	6
8684	6084	6085	6
8685	6085	6086	6
8686	6086	6087	6
8687	6087	6088	6
8688	6088	6089	6
8689	6089	6090	6
8690	6090	6091	6
8691	6091	6092	6
8692	6092	6093	6
8693	6093	6094	6
8694	6094	6095	6
8695	6095	6095	0
8696	6095	6095	0
8697	6095	6095	0
8698	6095	6097	2
8699	6097	6097	0
8700	6097	6099	6
8701	6099	6100	6
8702	6100	6101	6
8703	6101	6102	6
8704	6102	6103	6
8705	6103	6104	6
8706	6104	6105	6
8707	6105	6106	6
8708	6106	6107	6
8709	6107	6108	6
8710	6108	6109	6
8711	6109	6110	6
8712	6110	6111	6
8713	6111	6112	6
8714	6112	6113	6
8715	6113	6114	6
8716	6114	6115	6
8717	6115	6116	6
8718	6116	6117	6
8719	6117	6118	6
8720	6118	6119	6
8721	6119	6120	6
8722	6120	6121	6
8723	6121	6122	6
8724	6122	6123	6
8725	6123	6124	6
8726	6124	6125	6
8727	6125	6126	6
8728	6126	6127	6
8729	6127	6128	6
8730	6128	6129	6
8731	6129	6130	6
8732	6130	6131	6
8733	6131	6132	6
8734	6132	6133	6
8735	6133	6134	6
8736	6134	6135	6
8737	6135	6136	6
8738	6136	6137	6
8739	6137	6138	6
8740	6138	6139	6
8741	6139	6140	6
8742	6140	6141	6
8743	6141	6142	6
8744	6142	6143	6
8745	6143	6144	2
8746	6144	6145	6
8747	6145	6146	6
8748	6146	6146	0
8749	6146	6146	0
8750	6146	6147	6
8751	6147	6148	6
8752	6148	6150	6
8753	6150	6152	6
8754	6152	6154	6
8755	6154	6155	6
8756	6155	6157	6
8757	6157	6158	6
8758	6158	6159	6
8759	6159	6159	0
8760	6159	6160	2
8761	6160	6163	6
8762	6163	6169	6
8763	6169	6171	6
8764	6171	6175	6
8765	6175	6176	6
8766	6176	6177	6
8767	6177	6179	6
8768	6179	6180	6
8769	6180	6181	6
8770	6181	6182	6
8771	6182	6183	6
8772	6183	6185	6
8773	6185	6186	6
8774	6186	6188	6
8775	6188	6189	6
8776	6189	6193	6
8777	6193	6195	6
8778	6195	6196	6
8779	6196	6199	6
8780	6199	6201	6
8781	6201	6207	6
8782	6207	6208	6
8783	6208	6210	6
8784	6210	6211	6
8785	6211	6212	6
8786	6212	6213	6
8787	6213	6213	0
8788	6213	6213	0
8789	6213	6219	6
8790	6219	6223	6
8791	6223	6223	0
8792	6223	6225	6
8793	6225	6226	6
8794	6226	6226	0
8795	6226	6230	6
8796	6230	6232	6
8797	6232	6236	6
8798	6236	6236	6
8799	6236	6244	6
8800	6244	6246	6
8801	6246	6247	6
8802	6247	6249	6
8803	6249	6253	6
8804	6253	6255	6
8805	6255	6259	6
8806	6259	6262	6
8807	6262	6264	6
8808	6264	6269	6
8809	6269	6274	6
8810	6274	6278	6
8811	6278	6280	6
8812	6280	6281	6
8813	6281	6283	6
8814	6283	6285	6
8815	6285	6287	6
8816	6287	6289	6
8817	6289	6291	6
8818	6291	6297	6
8819	6297	6301	6
8820	6301	6304	6
8821	6304	6308	6
8822	6308	6310	6
8823	6310	6314	6
8824	6314	6317	6
8825	6317	6327	6
8826	6327	6335	6
8827	6335	6335	0
8828	6335	6336	6
8829	6336	6337	4
8830	6337	6341	6
8831	6341	6342	6
8832	6342	6344	6
8833	6344	6345	6
8834	6345	6345	0
8835	6345	6347	6
8836	6347	6349	6
8837	6349	6351	6
8838	6351	6353	6
8839	6353	6353	0
8840	6353	6357	6
8841	6357	6361	6
8842	6361	6362	6
8843	6362	6363	6
8844	6363	6364	6
8845	6364	6365	6
8846	6365	6366	6
8847	6366	6367	6
8848	6367	6371	6
8849	6371	6375	6
8850	6375	6377	6
8851	6377	6379	6
8852	6379	6380	6
8853	6380	6381	6
8854	6381	6382	6
8855	6382	6383	6
8856	6383	6384	6
8857	6384	6385	6
8858	6385	6386	6
8859	6386	6387	6
8860	6387	6388	6
8861	6388	6389	6
8862	6389	6389	0
8863	6389	6389	0
8864	6389	6389	0
8865	6389	6389	0
8866	6389	6389	0
8867	6389	6389	0
8868	6389	6389	0
8869	6389	6389	0
8870	6389	6389	0
8871	6389	6389	0
8872	6389	6389	0
8873	6389	6389	2
8874	6389	6395	6
8875	6395	6395	0
8876	6395	6395	6
8877	6395	6401	6
8878	6401	6403	6
8879	6403	6405	4
8880	6405	6405	0
8881	6405	6405	0
8882	6405	6405	0
8883	6405	6405	0
8884	6405	6405	0
8885	6405	6405	0
8886	6405	6405	0
8887	6405	6405	0
8888	6405	6405	0
8889	6405	6407	6
8890	6407	6408	6
8891	6408	6408	0
8892	6408	6412	6
8893	6412	6414	6
8894	6414	6418	6
8895	6418	6418	2
8896	6418	6418	0
8897	6418	6419	2
8898	6419	6419	0
8899	6419	6419	0
8900	6419	6420	6
8901	6420	6420	4
8902	6420	6420	6
8903	6420	6420	4
8904	6420	6420	0
8905	6420	6420	0
8906	6420	6420	0
8907	6420	6420	0
8908	6420	6420	0
8909	6420	6420	0
8910	6420	6420	0
8911	6420	6420	0
8912	6420	6420	0
8913	6420	6420	0
8914	6420	6420	0
8915	6420	6420	0
8916	6420	6420	0
8917	6420	6420	0
8918	6420	6421	6
8919	6421	6421	6
8920	6421	6421	6
8921	6421	6421	4
8922	6421	6421	0
8923	6421	6424	6
8924	6424	6426	6
8925	6426	6426	6
8926	6426	6426	0
8927	6426	6426	0
8928	6426	6426	0
8929	6426	6426	0
8930	6426	6426	0
8931	6426	6426	0
8932	6426	6426	0
8933	6426	6426	0
8934	6426	6427	6
8935	6427	6429	6
8936	6429	6429	0
8937	6429	6429	0
8938	6429	6432	6
8939	6432	6432	0
8940	6432	6432	0
8941	6432	6434	6
8942	6434	6434	0
8943	6434	6434	0
8944	6434	6437	4
8945	6437	6437	0
8946	6437	6437	0
8947	6437	6437	0
8948	6437	6437	0
8949	6437	6437	0
8950	6437	6437	0
8951	6437	6437	0
8952	6437	6437	0
8953	6437	6437	0
8954	6437	6437	6
8955	6437	6437	0
8956	6437	6437	0
8957	6437	6437	0
8958	6437	6437	0
8959	6437	6437	4
8960	6437	6437	0
8961	6437	6437	0
8962	6437	6437	0
8963	6437	6437	0
8964	6437	6437	0
8965	6437	6437	0
8966	6437	6437	0
8967	6437	6437	0
8968	6437	6439	6
8969	6439	6439	0
8970	6439	6439	6
8971	6439	6445	6
8972	6445	6447	6
8973	6447	6448	6
8974	6448	6448	6
8975	6448	6448	0
8976	6448	6448	2
8977	6448	6448	0
8978	6448	6448	0
8979	6448	6451	6
8980	6451	6453	6
8981	6453	6456	6
8982	6456	6456	6
8983	6456	6456	0
8984	6456	6456	0
8985	6456	6456	0
8986	6456	6456	0
8987	6456	6456	0
8988	6456	6456	0
8989	6456	6456	0
8990	6456	6456	0
8991	6456	6456	0
8992	6456	6456	4
8993	6456	6456	0
8994	6456	6456	0
8995	6456	6456	0
8996	6456	6456	0
8997	6456	6456	0
8998	6456	6456	0
8999	6456	6456	0
9000	6456	6456	0
9001	6456	6456	0
9002	6456	6456	0
9003	6456	6456	0
9004	6456	6456	0
9005	6456	6456	0
9006	6456	6456	6
9007	6456	6456	0
9008	6456	6456	0
9009	6456	6456	0
9010	6456	6456	0
9011	6456	6458	6
9012	6458	6459	6
9013	6459	6461	6
9014	6461	6463	6
9015	6463	6468	6
9016	6468	6471	6
9017	6471	6475	6
9018	6475	6476	6
9019	6476	6478	6
9020	6478	6478	0
9021	6478	6481	6
9022	6481	6484	6
9023	6484	6484	0
9024	6484	6486	6
9025	6486	6489	6
9026	6489	6491	6
9027	6491	6492	6
9028	6492	6495	6
9029	6495	6495	6
9030	6495	6495	4
9031	6495	6495	0
9032	6495	6495	0
9033	6495	6495	0
9034	6495	6495	0
9035	6495	6495	0
9036	6495	6495	0
9037	6495	6495	0
9038	6495	6495	0
9039	6495	6495	0
9040	6495	6495	0
9041	6495	6495	0
9042	6495	6495	4
9043	6495	6495	6
9044	6495	6495	4
9045	6495	6495	0
9046	6495	6495	0
9047	6495	6495	0
9048	6495	6495	0
9049	6495	6495	0
9050	6495	6496	6
9051	6496	6496	0
9052	6496	6496	0
9053	6496	6498	6
9054	6498	6498	0
9055	6498	6498	0
9056	6498	6498	0
9057	6498	6498	0
9058	6498	6498	0
9059	6498	6498	0
9060	6498	6498	0
9061	6498	6498	0
9062	6498	6498	0
9063	6498	6498	0
9064	6498	6498	0
9065	6498	6498	0
9066	6498	6498	0
9067	6498	6498	0
9068	6498	6498	0
9069	6498	6498	0
9070	6498	6498	0
9071	6498	6498	0
9072	6498	6498	0
9073	6498	6498	0
9074	6498	6498	0
9075	6498	6498	0
9076	6498	6498	0
9077	6498	6498	0
9078	6498	6498	0
9079	6498	6498	0
9080	6498	6498	0
9081	6498	6498	0
9082	6498	6498	0
9083	6498	6498	0
9084	6498	6498	0
9085	6498	6498	0
9086	6498	6498	0
9087	6498	6498	0
9088	6498	6498	0
9089	6498	6498	0
9090	6498	6498	0
9091	6498	6498	0
9092	6498	6498	0
9093	6498	6498	0
9094	6498	6498	0
9095	6498	6498	0
9096	6498	6498	0
9097	6498	6498	0
9098	6498	6498	0
9099	6498	6498	0
9100	6498	6498	0
9101	6498	6498	0
9102	6498	6498	0
9103	6498	6498	0
9104	6498	6498	0
9105	6498	6498	0
9106	6498	6498	0
9107	6498	6498	0
9108	6498	6498	0
9109	6498	6498	0
9110	6498	6498	0
9111	6498	6498	0
9112	6498	6498	0
9113	6498	6498	0
9114	6498	6498	0
9115	6498	6498	0
9116	6498	6498	0
9117	6498	6498	0
9118	6498	6498	0
9119	6498	6498	0
9120	6498	6498	0
9121	6498	6498	0
9122	6498	6498	0
9123	6498	6498	0
9124	6498	6498	0
9125	6498	6498	0
9126	6498	6498	0
9127	6498	6498	0
9128	6498	6498	0
9129	6498	6498	0
9130	6498	6498	0
9131	6498	6498	0
9132	6498	6498	0
9133	6498	6498	0
9134	6498	6498	0
9135	6498	6498	0
9136	6498	6498	0
9137	6498	6498	0
9138	6498	6498	0
9139	6498	6498	0
9140	6498	6498	0
9141	6498	6498	0
9142	6498	6498	0
9143	6498	6498	0
9144	6498	6498	0
9145	6498	6498	0
9146	6498	6498	0
9147	6498	6498	0
9148	6498	6498	0
9149	6498	6498	0
9150	6498	6498	0
9151	6498	6498	0
9152	6498	6498	0
9153	6498	6498	0
9154	6498	6498	0
9155	6498	6498	0
9156	6498	6498	0
9157	6498	6499	2
9158	6499	6499	2
9159	6499	6499	0
9160	6499	6499	2
9161	6499	6501	2
9162	6501	6501	0
9163	6501	6501	2
9164	6501	6504	2
9165	6504	6504	4
9166	6504	6504	6
9167	6504	6504	6
9168	6504	6504	0
9169	6504	6504	0
9170	6504	6505	6
9171	6505	6507	6
9172	6507	6507	0
9173	6507	6507	0
9174	6507	6507	4
9175	6507	6507	0
9176	6507	6507	0
9177	6507	6507	2
9178	6507	6507	0
9179	6507	6511	6
9180	6511	6511	0
9181	6511	6511	2
9182	6511	6514	2
9183	6514	6514	2
9184	6514	6515	2
9185	6515	6515	0
9186	6515	6520	6
9187	6520	6520	0
9188	6520	6523	6
9189	6523	6525	6
9190	6525	6529	6
9191	6529	6530	6
9192	6530	6530	4
9193	6530	6539	6
9194	6539	6539	0
9195	6539	6544	6
9196	6544	6546	6
9197	6546	6546	6
9198	6546	6546	4
9199	6546	6549	6
9200	6549	6549	4
9201	6549	6553	6
9202	6553	6553	0
9203	6553	6555	6
9204	6555	6555	0
9205	6555	6561	6
9206	6561	6561	4
9207	6561	6565	6
9208	6565	6565	0
9209	6565	6577	6
9210	6577	6577	4
9211	6577	6578	6
9212	6578	6580	6
9213	6580	6583	6
9214	6583	6586	6
9215	6586	6592	6
9216	6592	6604	6
9217	6604	6608	6
9218	6608	6610	6
9219	6610	6610	0
9220	6610	6610	0
9221	6610	6618	6
9222	6618	6622	6
9223	6622	6626	6
9224	6626	6626	4
9225	6626	6626	0
9226	6626	6626	4
9227	6626	6626	0
9228	6626	6626	6
9229	6626	6626	0
9230	6626	6627	6
9231	6627	6628	6
9232	6628	6628	0
9233	6628	6632	6
9234	6632	6644	6
9235	6644	6650	6
9236	6650	6654	6
9237	6654	6654	6
9238	6654	6655	2
9239	6655	6656	6
9240	6656	6658	6
9241	6658	6660	2
9242	6660	6660	0
9243	6660	6660	0
9244	6660	6660	0
9245	6660	6663	6
9246	6663	6663	0
9247	6663	6663	0
9248	6663	6669	6
9249	6669	6673	6
9250	6673	6674	4
9251	6674	6677	6
9252	6677	6679	6
9253	6679	6687	6
9254	6687	6688	6
9255	6688	6689	6
9256	6689	6695	6
9257	6695	6699	6
9258	6699	6701	6
9259	6701	6703	6
9260	6703	6708	6
9261	6708	6708	0
9262	6708	6708	0
9263	6708	6708	0
9264	6708	6708	0
9265	6708	6708	0
9266	6708	6708	0
9267	6708	6708	0
9268	6708	6708	0
9269	6708	6708	0
9270	6708	6708	0
9271	6708	6708	0
9272	6708	6708	0
9273	6708	6708	0
9274	6708	6708	0
9275	6708	6708	0
9276	6708	6708	0
9277	6708	6708	0
9278	6708	6708	0
9279	6708	6708	0
9280	6708	6708	4
9281	6708	6708	0
9282	6708	6708	0
9283	6708	6708	0
9284	6708	6708	0
9285	6708	6708	4
9286	6708	6708	4
9287	6708	6718	6
9288	6718	6726	6
9289	6726	6726	4
9290	6726	6728	6
9291	6728	6731	6
9292	6731	6743	6
9293	6743	6744	2
9294	6744	6744	0
9295	6744	6744	6
9296	6744	6745	6
9297	6745	6745	6
9298	6745	6745	2
9299	6745	6746	2
9300	6746	6748	6
9301	6748	6748	0
9302	6748	6748	0
9303	6748	6748	0
9304	6748	6748	0
9305	6748	6748	0
9306	6748	6748	0
9307	6748	6748	0
9308	6748	6748	0
9309	6748	6748	0
9310	6748	6748	0
9311	6748	6748	0
9312	6748	6748	0
9313	6748	6748	0
9314	6748	6748	0
9315	6748	6748	0
9316	6748	6748	0
9317	6748	6748	0
9318	6748	6748	0
9319	6748	6748	0
9320	6748	6748	0
9321	6748	6748	0
9322	6748	6748	0
9323	6748	6748	0
9324	6748	6748	0
9325	6748	6748	0
9326	6748	6748	0
9327	6748	6748	0
9328	6748	6748	0
9329	6748	6748	0
9330	6748	6748	0
9331	6748	6748	0
9332	6748	6748	0
9333	6748	6748	0
9334	6748	6748	0
9335	6748	6748	0
9336	6748	6748	0
9337	6748	6748	0
9338	6748	6748	4
9339	6748	6748	0
9340	6748	6748	6
9341	6748	6748	0
9342	6748	6750	6
9343	6750	6750	0
9344	6750	6750	0
9345	6750	6750	0
9346	6750	6750	6
9347	6750	6751	2
9348	6751	6751	2
9349	6751	6751	0
9350	6751	6751	0
9351	6751	6751	0
9352	6751	6751	0
9353	6751	6751	0
9354	6751	6751	0
9355	6751	6751	6
9356	6751	6752	2
9357	6752	6753	6
9358	6753	6754	6
9359	6754	6758	6
9360	6758	6760	6
9361	6760	6762	6
9362	6762	6764	6
9363	6764	6766	6
9364	6766	6767	6
9365	6767	6768	6
9366	6768	6769	6
9367	6769	6771	6
9368	6771	6772	6
9369	6772	6774	6
9370	6774	6775	6
9371	6775	6777	6
9372	6777	6778	6
9373	6778	6779	6
9374	6779	6780	6
9375	6780	6780	0
9376	6780	6780	0
9377	6780	6781	6
9378	6781	6782	6
9379	6782	6783	6
9380	6783	6784	6
9381	6784	6785	6
9382	6785	6786	6
9383	6786	6786	6
9384	6786	6786	2
9385	6786	6787	6
9386	6787	6787	0
9387	6787	6787	0
9388	6787	6787	0
9389	6787	6787	0
9390	6787	6787	0
9391	6787	6789	6
9392	6789	6789	0
9393	6789	6789	0
9394	6789	6789	0
9395	6789	6789	0
9396	6789	6789	0
9397	6789	6789	0
9398	6789	6789	0
9399	6789	6789	2
9400	6789	6790	2
9401	6790	6791	6
9402	6791	6791	0
9403	6791	6791	4
9404	6791	6793	4
9405	6793	6793	0
9406	6793	6793	0
9407	6793	6793	0
9408	6793	6793	0
9409	6793	6793	0
9410	6793	6793	0
9411	6793	6793	4
9412	6793	6795	6
9413	6795	6797	6
9414	6797	6800	6
9415	6800	6802	6
9416	6802	6804	6
9417	6804	6805	6
9418	6805	6806	6
9419	6806	6807	6
9420	6807	6807	0
9421	6807	6808	6
9422	6808	6810	6
9423	6810	6812	6
9424	6812	6814	6
9425	6814	6816	6
9426	6816	6818	6
9427	6818	6819	2
9428	6819	6820	2
9429	6820	6823	6
9430	6823	6826	6
9431	6826	6826	6
9432	6826	6826	6
9433	6826	6828	6
9434	6828	6831	6
9435	6831	6833	6
9436	6833	6835	6
9437	6835	6835	0
9438	6835	6835	0
9439	6835	6835	6
9440	6835	6835	0
9441	6835	6836	6
9442	6836	6836	0
9443	6836	6836	0
9444	6836	6836	0
9445	6836	6836	0
9446	6836	6837	6
9447	6837	6837	0
9448	6837	6837	0
9449	6837	6837	0
9450	6837	6837	0
9451	6837	6838	4
9452	6838	6838	0
9453	6838	6838	0
9454	6838	6838	0
9455	6838	6838	0
9456	6838	6838	0
9457	6838	6839	6
9458	6839	6839	0
9459	6839	6840	2
9460	6840	6840	0
9461	6840	6840	0
9462	6840	6840	0
9463	6840	6840	0
9464	6840	6840	0
9465	6840	6840	0
9466	6840	6840	6
9467	6840	6840	0
9468	6840	6840	0
9469	6840	6840	0
9470	6840	6840	0
9471	6840	6840	0
9472	6840	6840	0
9473	6840	6840	0
9474	6840	6841	4
9475	6841	6841	0
9476	6841	6841	0
9477	6841	6841	0
9478	6841	6841	0
9479	6841	6841	0
9480	6841	6841	0
9481	6841	6841	0
9482	6841	6841	4
9483	6841	6843	6
9484	6843	6843	0
9485	6843	6843	0
9486	6843	6843	0
9487	6843	6843	0
9488	6843	6843	0
9489	6843	6843	0
9490	6843	6843	0
9491	6843	6843	2
9492	6843	6843	0
9493	6843	6843	0
9494	6843	6843	0
9495	6843	6843	0
9496	6843	6843	0
9497	6843	6843	0
9498	6843	6843	0
9499	6843	6843	0
9500	6843	6843	0
9501	6843	6843	0
9502	6843	6843	0
9503	6843	6843	0
9504	6843	6843	0
9505	6843	6843	0
9506	6843	6846	6
9507	6846	6846	0
9508	6846	6846	0
9509	6846	6846	0
9510	6846	6846	0
9511	6846	6846	0
9512	6846	6846	0
9513	6846	6846	0
9514	6846	6846	0
9515	6846	6847	6
9516	6847	6847	0
9517	6847	6847	0
9518	6847	6848	6
9519	6848	6848	0
9520	6848	6848	0
9521	6848	6848	0
9522	6848	6848	0
9523	6848	6848	0
9524	6848	6848	0
9525	6848	6848	0
9526	6848	6848	0
9527	6848	6848	0
9528	6848	6848	0
9529	6848	6848	0
9530	6848	6848	0
9531	6848	6848	0
9532	6848	6848	2
9533	6848	6848	0
9534	6848	6849	2
9535	6849	6849	0
9536	6849	6849	0
9537	6849	6850	6
9538	6850	6850	4
9539	6850	6851	6
9540	6851	6851	0
9541	6851	6852	6
9542	6852	6852	0
9543	6852	6852	0
9544	6852	6854	6
9545	6854	6854	0
9546	6854	6854	0
9547	6854	6854	0
9548	6854	6855	2
9549	6855	6855	0
9550	6855	6855	0
9551	6855	6855	0
9552	6855	6855	0
9553	6855	6855	0
9554	6855	6855	0
9555	6855	6857	6
9556	6857	6859	2
9557	6859	6861	6
9558	6861	6862	6
9559	6862	6863	6
9560	6863	6865	2
9561	6865	6867	6
9562	6867	6868	6
9563	6868	6870	4
9564	6870	6872	6
9565	6872	6872	0
9566	6872	6872	0
9567	6872	6873	2
9568	6873	6875	6
9569	6875	6877	6
9570	6877	6877	0
9571	6877	6877	0
9572	6877	6877	0
9573	6877	6877	0
9574	6877	6877	0
9575	6877	6877	0
9576	6877	6877	0
9577	6877	6877	6
9578	6877	6877	4
9579	6877	6877	0
9580	6877	6877	0
9581	6877	6877	0
9582	6877	6877	2
9583	6877	6877	0
9584	6877	6879	2
9585	6879	6879	0
9586	6879	6879	0
9587	6879	6879	0
9588	6879	6879	0
9589	6879	6883	6
9590	6883	6887	6
9591	6887	6887	0
9592	6887	6888	4
9593	6888	6892	6
9594	6892	6892	4
9595	6892	6892	0
9596	6892	6892	2
9597	6892	6892	0
9598	6892	6892	0
9599	6892	6894	6
9600	6894	6898	6
9601	6898	6902	6
9602	6902	6904	2
9603	6904	6906	6
9604	6906	6907	6
9605	6907	6907	6
9606	6907	6909	6
9607	6909	6911	6
9608	6911	6913	6
9609	6913	6915	6
9610	6915	6916	2
9611	6916	6916	0
9612	6916	6917	6
9613	6917	6918	4
9614	6918	6918	0
9615	6918	6918	0
9616	6918	6920	6
9617	6920	6921	6
9618	6921	6921	0
9619	6921	6921	0
9620	6921	6921	0
9621	6921	6921	0
9622	6921	6923	6
9623	6923	6923	0
9624	6923	6924	6
9625	6924	6924	0
9626	6924	6924	0
9627	6924	6924	0
9628	6924	6924	0
9629	6924	6924	0
9630	6924	6924	0
9631	6924	6924	0
9632	6924	6925	2
9633	6925	6925	0
9634	6925	6925	0
9635	6925	6925	0
9636	6925	6927	6
9637	6927	6929	6
9638	6929	6931	6
9639	6931	6932	6
9640	6932	6933	6
9641	6933	6934	6
9642	6934	6936	6
9643	6936	6938	6
9644	6938	6938	0
9645	6938	6938	0
9646	6938	6942	6
9647	6942	6944	6
9648	6944	6945	6
9649	6945	6946	6
9650	6946	6947	6
9651	6947	6948	6
9652	6948	6949	6
9653	6949	6950	6
9654	6950	6950	4
9655	6950	6950	0
9656	6950	6950	0
9657	6950	6950	0
9658	6950	6950	0
9659	6950	6950	0
9660	6950	6950	0
9661	6950	6950	0
9662	6950	6950	0
9663	6950	6950	0
9664	6950	6950	0
9665	6950	6950	0
9666	6950	6952	6
9667	6952	6953	6
9668	6953	6954	6
9669	6954	6954	2
9670	6954	6956	2
9671	6956	6956	0
9672	6956	6956	0
9673	6956	6956	0
9674	6956	6956	0
9675	6956	6956	0
9676	6956	6956	0
9677	6956	6956	0
9678	6956	6956	0
9679	6956	6956	0
9680	6956	6956	0
9681	6956	6956	0
9682	6956	6956	0
9683	6956	6956	0
9684	6956	6956	0
9685	6956	6956	0
9686	6956	6956	0
9687	6956	6956	0
9688	6956	6956	0
9689	6956	6956	0
9690	6956	6956	0
9691	6956	6956	0
9692	6956	6957	6
9693	6957	6958	6
9694	6958	6959	6
9695	6959	6960	6
9696	6960	6961	6
9697	6961	6962	6
9698	6962	6963	6
9699	6963	6964	6
9700	6964	6965	6
9701	6965	6966	2
9702	6966	6967	6
9703	6967	6969	6
9704	6969	6970	6
9705	6970	6971	6
9706	6971	6972	6
9707	6972	6973	6
9708	6973	6975	6
9709	6975	6975	0
9710	6975	6975	0
9711	6975	6976	2
9712	6976	6977	6
9713	6977	6978	6
9714	6978	6979	6
9715	6979	6979	0
9716	6979	6980	6
9717	6980	6981	6
9718	6981	6982	6
9719	6982	6983	6
9720	6983	6984	6
9721	6984	6985	6
9722	6985	6986	6
9723	6986	6987	6
9724	6987	6988	6
9725	6988	6989	6
9726	6989	6990	6
9727	6990	6991	6
9728	6991	6992	6
9729	6992	6993	6
9730	6993	6995	6
9731	6995	6996	6
9732	6996	6997	6
9733	6997	6998	6
9734	6998	6999	6
9735	6999	7000	6
9736	7000	7001	6
9737	7001	7002	6
9738	7002	7003	6
9739	7003	7004	6
9740	7004	7005	6
9741	7005	7006	6
9742	7006	7006	0
9743	7006	7006	0
9744	7006	7007	6
9745	7007	7008	6
9746	7008	7009	6
9747	7009	7010	6
9748	7010	7010	0
9749	7010	7010	0
9750	7010	7011	6
9751	7011	7012	6
9752	7012	7012	0
9753	7012	7012	0
9754	7012	7013	2
9755	7013	7014	6
9756	7014	7015	6
9757	7015	7016	6
9758	7016	7017	6
9759	7017	7018	6
9760	7018	7019	6
9761	7019	7021	6
9762	7021	7022	6
9763	7022	7024	6
9764	7024	7024	0
9765	7024	7024	0
9766	7024	7025	6
9767	7025	7026	6
9768	7026	7027	6
9769	7027	7028	2
9770	7028	7028	0
9771	7028	7028	0
9772	7028	7028	0
9773	7028	7028	0
9774	7028	7028	0
9775	7028	7029	2
9776	7029	7029	0
9777	7029	7029	0
9778	7029	7029	0
9779	7029	7029	0
9780	7029	7029	0
9781	7029	7029	0
9782	7029	7029	0
9783	7029	7030	6
9784	7030	7031	6
9785	7031	7031	0
9786	7031	7031	0
9787	7031	7032	6
9788	7032	7033	6
9789	7033	7034	6
9790	7034	7035	6
9791	7035	7036	6
9792	7036	7037	4
9793	7037	7038	6
9794	7038	7039	6
9795	7039	7040	6
9796	7040	7041	6
9797	7041	7042	6
9798	7042	7043	6
9799	7043	7044	6
9800	7044	7044	0
9801	7044	7044	0
9802	7044	7044	0
9803	7044	7045	6
9804	7045	7046	6
9805	7046	7048	6
9806	7048	7049	6
9807	7049	7050	6
9808	7050	7050	0
9809	7050	7050	0
9810	7050	7051	6
9811	7051	7052	6
9812	7052	7054	6
9813	7054	7055	6
9814	7055	7057	6
9815	7057	7058	6
9816	7058	7060	6
9817	7060	7061	6
9818	7061	7063	6
9819	7063	7064	6
9820	7064	7065	6
9821	7065	7066	6
9822	7066	7068	6
9823	7068	7070	6
9824	7070	7071	6
9825	7071	7073	6
9826	7073	7074	6
9827	7074	7075	6
9828	7075	7076	6
9829	7076	7077	6
9830	7077	7078	6
9831	7078	7079	6
9832	7079	7080	6
9833	7080	7081	6
9834	7081	7082	6
9835	7082	7082	0
9836	7082	7082	0
9837	7082	7083	6
9838	7083	7085	6
9839	7085	7085	0
9840	7085	7086	2
9841	7086	7086	0
9842	7086	7088	2
9843	7088	7091	6
9844	7091	7092	4
9845	7092	7092	0
9846	7092	7092	0
9847	7092	7092	0
9848	7092	7092	0
9849	7092	7093	2
9850	7093	7094	6
9851	7094	7095	6
9852	7095	7096	6
9853	7096	7097	6
9854	7097	7097	0
9855	7097	7097	0
9856	7097	7098	6
9857	7098	7099	6
9858	7099	7101	6
9859	7101	7102	6
9860	7102	7104	6
9861	7104	7105	6
9862	7105	7106	6
9863	7106	7107	6
9864	7107	7108	6
9865	7108	7109	6
9866	7109	7110	6
9867	7110	7111	6
9868	7111	7112	6
9869	7112	7113	6
9870	7113	7114	6
9871	7114	7115	6
9872	7115	7116	6
9873	7116	7117	6
9874	7117	7118	6
9875	7118	7119	6
9876	7119	7120	6
9877	7120	7121	6
9878	7121	7122	6
9879	7122	7123	6
9880	7123	7124	6
9881	7124	7125	6
9882	7125	7126	6
9883	7126	7127	6
9884	7127	7128	6
9885	7128	7129	6
9886	7129	7130	6
9887	7130	7131	6
9888	7131	7132	6
9889	7132	7133	6
9890	7133	7134	6
9891	7134	7134	0
9892	7134	7135	6
9893	7135	7136	6
9894	7136	7137	6
9895	7137	7138	6
9896	7138	7139	6
9897	7139	7140	6
9898	7140	7141	6
9899	7141	7142	6
9900	7142	7142	0
9901	7142	7143	6
9902	7143	7144	6
9903	7144	7145	6
9904	7145	7146	6
9905	7146	7147	6
9906	7147	7149	6
9907	7149	7151	6
9908	7151	7152	6
9909	7152	7152	0
9910	7152	7152	0
9911	7152	7152	0
9912	7152	7154	6
9913	7154	7155	6
9914	7155	7157	6
9915	7157	7158	6
9916	7158	7159	6
9917	7159	7161	6
9918	7161	7161	0
9919	7161	7162	6
9920	7162	7163	6
9921	7163	7164	6
9922	7164	7165	6
9923	7165	7167	2
9924	7167	7168	6
9925	7168	7169	6
9926	7169	7170	6
9927	7170	7171	6
9928	7171	7172	6
9929	7172	7173	6
9930	7173	7174	6
9931	7174	7175	6
9932	7175	7176	6
9933	7176	7177	6
9934	7177	7178	6
9935	7178	7179	6
9936	7179	7180	6
9937	7180	7181	6
9938	7181	7183	6
9939	7183	7183	0
9940	7183	7184	6
9941	7184	7186	6
9942	7186	7186	0
9943	7186	7187	6
9944	7187	7189	6
9945	7189	7190	6
9946	7190	7191	6
9947	7191	7192	6
9948	7192	7193	6
9949	7193	7194	6
9950	7194	7195	6
9951	7195	7196	6
9952	7196	7197	6
9953	7197	7198	6
9954	7198	7199	6
9955	7199	7200	6
9956	7200	7201	6
9957	7201	7202	6
9958	7202	7203	6
9959	7203	7204	2
9960	7204	7205	2
9961	7205	7206	6
9962	7206	7207	6
9963	7207	7208	6
9964	7208	7209	6
9965	7209	7210	6
9966	7210	7211	6
9967	7211	7213	6
9968	7213	7215	6
9969	7215	7216	6
9970	7216	7217	6
9971	7217	7219	6
9972	7219	7220	6
9973	7220	7221	6
9974	7221	7222	6
9975	7222	7223	6
9976	7223	7224	6
9977	7224	7225	6
9978	7225	7226	6
9979	7226	7227	6
9980	7227	7228	6
9981	7228	7229	6
9982	7229	7230	6
9983	7230	7231	6
9984	7231	7232	6
9985	7232	7233	6
9986	7233	7234	6
9987	7234	7235	6
9988	7235	7236	6
9989	7236	7237	6
9990	7237	7238	6
9991	7238	7239	6
9992	7239	7241	6
9993	7241	7243	6
9994	7243	7244	6
9995	7244	7245	6
9996	7245	7246	6
9997	7246	7247	6
9998	7247	7248	6
9999	7248	7249	6
10000	7249	7250	6
10001	7250	7251	6
10002	7251	7252	2
10003	7252	7252	0
10004	7252	7253	6
10005	7253	7254	4
10006	7254	7255	6
10007	7255	7256	6
10008	7256	7258	6
10009	7258	7259	6
10010	7259	7260	6
10011	7260	7261	6
10012	7261	7261	0
10013	7261	7261	2
10014	7261	7263	6
10015	7263	7264	6
10016	7264	7265	6
10017	7265	7266	6
10018	7266	7267	6
10019	7267	7267	0
10020	7267	7267	0
10021	7267	7267	0
10022	7267	7267	0
10023	7267	7267	0
10024	7267	7267	0
10025	7267	7267	0
10026	7267	7267	0
10027	7267	7267	0
10028	7267	7267	0
10029	7267	7267	0
10030	7267	7267	0
10031	7267	7267	0
10032	7267	7267	0
10033	7267	7267	0
10034	7267	7267	0
10035	7267	7267	0
10036	7267	7267	0
10037	7267	7267	0
10038	7267	7267	0
10039	7267	7267	0
10040	7267	7269	6
10041	7269	7269	0
10042	7269	7270	6
10043	7270	7271	6
10044	7271	7272	6
10045	7272	7272	0
10046	7272	7272	0
10047	7272	7273	6
10048	7273	7274	6
10049	7274	7275	6
10050	7275	7276	6
10051	7276	7277	6
10052	7277	7278	6
10053	7278	7279	6
10054	7279	7279	0
10055	7279	7279	2
10056	7279	7279	0
10057	7279	7279	6
10058	7279	7279	0
10059	7279	7279	0
10060	7279	7280	6
10061	7280	7282	6
10062	7282	7283	6
10063	7283	7284	6
10064	7284	7285	6
10065	7285	7286	6
10066	7286	7287	4
10067	7287	7288	6
10068	7288	7289	6
10069	7289	7290	6
10070	7290	7291	6
10071	7291	7293	6
10072	7293	7295	6
10073	7295	7295	0
10074	7295	7295	0
10075	7295	7295	0
10076	7295	7295	0
10077	7295	7295	0
10078	7295	7295	0
10079	7295	7295	0
10080	7295	7295	0
10081	7295	7296	6
10082	7296	7297	6
10083	7297	7298	6
10084	7298	7298	0
10085	7298	7299	6
10086	7299	7301	6
10087	7301	7303	6
10088	7303	7304	6
10089	7304	7304	0
10090	7304	7304	0
10091	7304	7305	4
10092	7305	7305	0
10093	7305	7306	6
10094	7306	7307	6
10095	7307	7307	0
10096	7307	7307	0
10097	7307	7309	6
10098	7309	7311	6
10099	7311	7312	6
10100	7312	7313	6
10101	7313	7314	6
10102	7314	7315	6
10103	7315	7317	6
10104	7317	7318	6
10105	7318	7319	6
10106	7319	7320	6
10107	7320	7320	0
10108	7320	7320	0
10109	7320	7320	0
10110	7320	7320	0
10111	7320	7320	0
10112	7320	7320	0
10113	7320	7320	0
10114	7320	7320	0
10115	7320	7320	0
10116	7320	7320	0
10117	7320	7320	0
10118	7320	7320	0
10119	7320	7320	0
10120	7320	7320	0
10121	7320	7321	6
10122	7321	7322	6
10123	7322	7323	6
10124	7323	7324	6
10125	7324	7324	0
10126	7324	7325	2
10127	7325	7325	0
10128	7325	7327	6
10129	7327	7329	6
10130	7329	7331	2
10131	7331	7333	6
10132	7333	7333	0
10133	7333	7333	0
10134	7333	7335	6
10135	7335	7335	0
10136	7335	7336	6
10137	7336	7336	0
10138	7336	7336	0
10139	7336	7336	0
10140	7336	7337	6
10141	7337	7338	6
10142	7338	7339	6
10143	7339	7341	6
10144	7341	7342	6
10145	7342	7344	6
10146	7344	7345	6
10147	7345	7347	6
10148	7347	7348	6
10149	7348	7349	6
10150	7349	7351	6
10151	7351	7353	6
10152	7353	7357	6
10153	7357	7359	6
10154	7359	7363	6
10155	7363	7365	6
10156	7365	7367	6
10157	7367	7369	6
10158	7369	7371	6
10159	7371	7375	6
10160	7375	7375	0
10161	7375	7376	6
10162	7376	7376	0
10163	7376	7377	6
10164	7377	7378	6
10165	7378	7378	0
10166	7378	7380	6
10167	7380	7381	6
10168	7381	7382	6
10169	7382	7383	6
10170	7383	7384	6
10171	7384	7385	6
10172	7385	7386	6
10173	7386	7387	6
10174	7387	7388	6
10175	7388	7389	6
10176	7389	7390	6
10177	7390	7392	6
10178	7392	7393	6
10179	7393	7395	6
10180	7395	7396	6
10181	7396	7397	6
10182	7397	7398	6
10183	7398	7399	6
10184	7399	7400	6
10185	7400	7401	6
10186	7401	7402	6
10187	7402	7403	6
10188	7403	7404	6
10189	7404	7405	6
10190	7405	7406	6
10191	7406	7407	6
10192	7407	7408	6
10193	7408	7409	6
10194	7409	7410	6
10195	7410	7411	6
10196	7411	7412	6
10197	7412	7413	6
10198	7413	7414	6
10199	7414	7415	6
10200	7415	7416	6
10201	7416	7417	2
10202	7417	7418	6
10203	7418	7419	6
10204	7419	7420	6
10205	7420	7421	6
10206	7421	7422	6
10207	7422	7422	0
10208	7422	7422	0
10209	7422	7423	6
10210	7423	7424	6
10211	7424	7425	6
10212	7425	7426	2
10213	7426	7426	0
10214	7426	7427	6
10215	7427	7428	6
10216	7428	7429	6
10217	7429	7430	6
10218	7430	7431	6
10219	7431	7432	6
10220	7432	7433	6
10221	7433	7434	6
10222	7434	7435	6
10223	7435	7436	6
10224	7436	7437	6
10225	7437	7438	6
10226	7438	7439	6
10227	7439	7440	6
10228	7440	7441	6
10229	7441	7441	0
10230	7441	7441	0
10231	7441	7441	0
10232	7441	7441	0
10233	7441	7442	6
10234	7442	7442	0
10235	7442	7443	2
10236	7443	7444	6
10237	7444	7444	0
10238	7444	7444	0
10239	7444	7445	6
10240	7445	7446	6
10241	7446	7447	2
10242	7447	7448	6
10243	7448	7448	0
10244	7448	7449	6
10245	7449	7449	0
10246	7449	7449	0
10247	7449	7449	0
10248	7449	7449	0
10249	7449	7449	2
10250	7449	7450	6
10251	7450	7451	6
10252	7451	7452	6
10253	7452	7453	4
10254	7453	7453	0
10255	7453	7454	2
10256	7454	7455	6
10257	7455	7455	0
10258	7455	7456	6
10259	7456	7456	0
10260	7456	7456	0
10261	7456	7456	0
10262	7456	7456	0
10263	7456	7456	0
10264	7456	7456	0
10265	7456	7456	0
10266	7456	7456	0
10267	7456	7456	0
10268	7456	7456	0
10269	7456	7456	0
10270	7456	7456	0
10271	7456	7456	0
10272	7456	7456	0
10273	7456	7456	0
10274	7456	7456	0
10275	7456	7456	0
10276	7456	7456	0
10277	7456	7456	0
10278	7456	7456	0
10279	7456	7456	0
10280	7456	7456	0
10281	7456	7456	0
10282	7456	7456	0
10283	7456	7456	0
10284	7456	7457	2
10285	7457	7457	0
10286	7457	7457	0
10287	7457	7457	0
10288	7457	7459	6
10289	7459	7459	0
10290	7459	7459	0
10291	7459	7459	0
10292	7459	7459	0
10293	7459	7459	0
10294	7459	7459	0
10295	7459	7459	0
10296	7459	7459	0
10297	7459	7459	0
10298	7459	7460	6
10299	7460	7461	6
10300	7461	7462	6
10301	7462	7464	6
10302	7464	7465	6
10303	7465	7466	6
10304	7466	7467	4
10305	7467	7468	6
10306	7468	7469	6
10307	7469	7470	6
10308	7470	7471	6
10309	7471	7472	6
10310	7472	7473	6
10311	7473	7474	6
10312	7474	7475	6
10313	7475	7476	6
10314	7476	7477	6
10315	7477	7478	6
10316	7478	7479	6
10317	7479	7480	6
10318	7480	7481	6
10319	7481	7482	6
10320	7482	7483	6
10321	7483	7484	6
10322	7484	7485	6
10323	7485	7486	6
10324	7486	7487	6
10325	7487	7488	6
10326	7488	7489	6
10327	7489	7490	6
10328	7490	7491	6
10329	7491	7492	6
10330	7492	7493	6
10331	7493	7493	0
10332	7493	7493	0
10333	7493	7493	0
10334	7493	7494	6
10335	7494	7495	6
10336	7495	7496	6
10337	7496	7496	0
10338	7496	7496	0
10339	7496	7496	0
10340	7496	7496	0
10341	7496	7496	0
10342	7496	7496	0
10343	7496	7496	0
10344	7496	7496	0
10345	7496	7497	6
10346	7497	7497	0
10347	7497	7498	6
10348	7498	7499	6
10349	7499	7500	6
10350	7500	7501	6
10351	7501	7502	6
10352	7502	7503	6
10353	7503	7504	6
10354	7504	7505	6
10355	7505	7506	6
10356	7506	7507	6
10357	7507	7507	0
10358	7507	7509	2
10359	7509	7510	6
10360	7510	7511	6
10361	7511	7513	6
10362	7513	7515	6
10363	7515	7515	0
10364	7515	7515	0
10365	7515	7516	6
10366	7516	7517	2
10367	7517	7517	4
10368	7517	7517	0
10369	7517	7518	2
10370	7518	7519	2
10371	7519	7519	0
10372	7519	7520	2
10373	7520	7521	4
10374	7521	7521	0
10375	7521	7521	0
10376	7521	7521	0
10377	7521	7522	6
10378	7522	7522	0
10379	7522	7522	0
10380	7522	7522	0
10381	7522	7522	0
10382	7522	7522	0
10383	7522	7523	6
10384	7523	7524	6
10385	7524	7525	6
10386	7525	7525	0
10387	7525	7527	6
10388	7527	7527	0
10389	7527	7527	0
10390	7527	7529	6
10391	7529	7531	2
10392	7531	7532	6
10393	7532	7533	6
10394	7533	7534	6
10395	7534	7534	0
10396	7534	7534	0
10397	7534	7536	6
10398	7536	7537	6
10399	7537	7538	6
10400	7538	7540	6
10401	7540	7540	0
10402	7540	7544	6
10403	7544	7545	2
10404	7545	7547	6
10405	7547	7547	0
10406	7547	7548	6
10407	7548	7549	6
10408	7549	7550	6
10409	7550	7550	0
10410	7550	7551	6
10411	7551	7552	2
10412	7552	7553	6
10413	7553	7554	4
10414	7554	7555	6
10415	7555	7556	2
10416	7556	7556	0
10417	7556	7557	6
10418	7557	7558	6
10419	7558	7558	0
10420	7558	7560	6
10421	7560	7560	0
10422	7560	7560	0
10423	7560	7560	0
10424	7560	7561	6
10425	7561	7562	6
10426	7562	7563	6
10427	7563	7564	6
10428	7564	7565	6
10429	7565	7566	6
10430	7566	7567	6
10431	7567	7568	6
10432	7568	7569	6
10433	7569	7570	6
10434	7570	7571	6
10435	7571	7573	6
10436	7573	7575	6
10437	7575	7576	6
10438	7576	7577	6
10439	7577	7579	6
10440	7579	7581	6
10441	7581	7583	6
10442	7583	7584	6
10443	7584	7585	6
10444	7585	7586	6
10445	7586	7587	6
10446	7587	7588	6
10447	7588	7588	4
10448	7588	7589	6
10449	7589	7590	6
10450	7590	7591	6
10451	7591	7592	6
10452	7592	7593	6
10453	7593	7594	6
10454	7594	7595	6
10455	7595	7596	6
10456	7596	7597	6
10457	7597	7598	6
10458	7598	7599	6
10459	7599	7600	6
10460	7600	7601	6
10461	7601	7602	6
10462	7602	7603	6
10463	7603	7604	6
10464	7604	7605	6
10465	7605	7606	6
10466	7606	7607	6
10467	7607	7609	6
10468	7609	7610	6
10469	7610	7611	6
10470	7611	7612	6
10471	7612	7614	6
10472	7614	7615	6
10473	7615	7616	2
10474	7616	7616	0
10475	7616	7616	0
10476	7616	7616	0
10477	7616	7616	0
10478	7616	7616	0
10479	7616	7616	0
10480	7616	7616	0
10481	7616	7616	0
10482	7616	7616	0
10483	7616	7616	0
10484	7616	7616	0
10485	7616	7618	2
10486	7618	7618	0
10487	7618	7618	0
10488	7618	7618	0
10489	7618	7618	0
10490	7618	7618	0
10491	7618	7618	0
10492	7618	7618	0
10493	7618	7618	0
10494	7618	7618	0
10495	7618	7618	0
10496	7618	7619	4
10497	7619	7619	0
10498	7619	7619	6
10499	7619	7619	6
10500	7619	7619	0
10501	7619	7619	0
10502	7619	7619	0
10503	7619	7619	0
10504	7619	7619	0
10505	7619	7620	6
10506	7620	7620	0
10507	7620	7620	6
10508	7620	7620	0
10509	7620	7621	2
10510	7621	7623	6
10511	7623	7623	0
10512	7623	7625	6
10513	7625	7625	0
10514	7625	7626	2
10515	7626	7626	0
10516	7626	7627	2
10517	7627	7627	0
10518	7627	7627	0
10519	7627	7631	6
10520	7631	7632	6
10521	7632	7632	0
10522	7632	7632	0
10523	7632	7632	0
10524	7632	7632	0
10525	7632	7632	0
10526	7632	7633	6
10527	7633	7633	0
10528	7633	7635	6
10529	7635	7635	6
10530	7635	7635	0
10531	7635	7635	0
10532	7635	7637	6
10533	7637	7639	6
10534	7639	7640	6
10535	7640	7641	2
10536	7641	7643	6
10537	7643	7644	2
10538	7644	7644	0
10539	7644	7644	0
10540	7644	7644	0
10541	7644	7644	0
10542	7644	7646	6
10543	7646	7648	6
10544	7648	7648	0
10545	7648	7648	0
10546	7648	7648	0
10547	7648	7648	0
10548	7648	7648	0
10549	7648	7648	0
10550	7648	7650	6
10551	7650	7650	4
10552	7650	7650	0
10553	7650	7650	0
10554	7650	7651	6
10555	7651	7651	0
10556	7651	7651	0
10557	7651	7651	0
10558	7651	7651	0
10559	7651	7651	0
10560	7651	7651	0
10561	7651	7651	0
10562	7651	7651	0
10563	7651	7653	6
10564	7653	7657	6
10565	7657	7661	6
10566	7661	7661	0
10567	7661	7661	0
10568	7661	7661	0
10569	7661	7663	6
10570	7663	7665	6
10571	7665	7667	6
10572	7667	7671	6
10573	7671	7672	6
10574	7672	7674	6
10575	7674	7674	4
10576	7674	7674	6
10577	7674	7676	6
10578	7676	7680	6
10579	7680	7680	0
10580	7680	7680	0
10581	7680	7680	0
10582	7680	7680	0
10583	7680	7680	0
10584	7680	7680	0
10585	7680	7680	0
10586	7680	7680	4
10587	7680	7680	0
10588	7680	7681	4
10589	7681	7683	6
10590	7683	7685	6
10591	7685	7686	6
10592	7686	7688	6
10593	7688	7690	6
10594	7690	7690	0
10595	7690	7690	0
10596	7690	7691	6
10597	7691	7692	6
10598	7692	7693	6
10599	7693	7694	6
10600	7694	7696	6
10601	7696	7698	6
10602	7698	7698	0
10603	7698	7698	0
10604	7698	7698	0
10605	7698	7698	0
10606	7698	7698	0
10607	7698	7698	0
10608	7698	7699	6
10609	7699	7701	6
10610	7701	7702	6
10611	7702	7703	6
10612	7703	7704	6
10613	7704	7705	2
10614	7705	7706	6
10615	7706	7707	6
10616	7707	7708	6
10617	7708	7709	6
10618	7709	7710	6
10619	7710	7710	0
10620	7710	7710	0
10621	7710	7712	6
10622	7712	7713	6
10623	7713	7713	6
10624	7713	7715	6
10625	7715	7717	6
10626	7717	7718	6
10627	7718	7719	6
10628	7719	7720	6
10629	7720	7721	6
10630	7721	7722	6
10631	7722	7723	6
10632	7723	7724	6
10633	7724	7725	6
10634	7725	7726	6
10635	7726	7727	6
10636	7727	7728	6
10637	7728	7729	6
10638	7729	7730	6
10639	7730	7731	6
10640	7731	7732	6
10641	7732	7733	6
10642	7733	7734	6
10643	7734	7736	6
10644	7736	7737	6
10645	7737	7740	6
10646	7740	7741	6
10647	7741	7742	6
10648	7742	7743	6
10649	7743	7744	6
10650	7744	7745	6
10651	7745	7747	6
10652	7747	7748	6
10653	7748	7749	6
10654	7749	7750	6
10655	7750	7751	6
10656	7751	7753	6
10657	7753	7755	6
10658	7755	7759	6
10659	7759	7760	6
10660	7760	7762	6
10661	7762	7763	6
10662	7763	7764	6
10663	7764	7765	6
10664	7765	7766	6
10665	7766	7767	6
10666	7767	7768	6
10667	7768	7769	6
10668	7769	7770	6
10669	7770	7771	6
10670	7771	7772	6
10671	7772	7773	6
10672	7773	7774	6
10673	7774	7775	6
10674	7775	7776	6
10675	7776	7777	6
10676	7777	7778	6
10677	7778	7779	6
10678	7779	7780	6
10679	7780	7781	6
10680	7781	7782	6
10681	7782	7783	6
10682	7783	7784	6
10683	7784	7785	6
10684	7785	7786	6
10685	7786	7787	6
10686	7787	7788	6
10687	7788	7789	6
10688	7789	7790	6
10689	7790	7791	6
10690	7791	7792	6
10691	7792	7793	6
10692	7793	7794	6
10693	7794	7794	0
10694	7794	7796	6
10695	7796	7798	6
10696	7798	7799	6
10697	7799	7800	6
10698	7800	7801	6
10699	7801	7802	2
10700	7802	7803	2
10701	7803	7804	2
10702	7804	7805	6
10703	7805	7806	2
10704	7806	7807	2
10705	7807	7808	6
10706	7808	7809	2
10707	7809	7810	6
10708	7810	7811	6
10709	7811	7812	6
10710	7812	7813	6
10711	7813	7814	6
10712	7814	7815	6
10713	7815	7816	6
10714	7816	7818	6
10715	7818	7819	6
10716	7819	7820	6
10717	7820	7821	6
10718	7821	7822	4
10719	7822	7822	0
10720	7822	7824	6
10721	7824	7824	6
10722	7824	7826	6
10723	7826	7826	0
10724	7826	7828	6
10725	7828	7829	6
10726	7829	7831	6
10727	7831	7832	6
10728	7832	7834	6
10729	7834	7838	6
10730	7838	7838	0
10731	7838	7842	6
10732	7842	7844	6
10733	7844	7848	6
10734	7848	7849	6
10735	7849	7850	6
10736	7850	7851	6
10737	7851	7852	6
10738	7852	7853	6
10739	7853	7854	6
10740	7854	7856	6
10741	7856	7858	6
10742	7858	7859	6
10743	7859	7860	6
10744	7860	7861	6
10745	7861	7862	6
10746	7862	7863	6
10747	7863	7864	6
10748	7864	7865	6
10749	7865	7866	6
10750	7866	7866	0
10751	7866	7866	0
10752	7866	7866	0
10753	7866	7866	0
10754	7866	7866	0
10755	7866	7866	0
10756	7866	7866	0
10757	7866	7866	0
10758	7866	7866	0
10759	7866	7866	0
10760	7866	7866	0
10761	7866	7866	0
10762	7866	7866	0
10763	7866	7866	0
10764	7866	7866	0
10765	7866	7866	0
10766	7866	7866	0
10767	7866	7866	0
10768	7866	7866	0
10769	7866	7866	0
10770	7866	7866	0
10771	7866	7866	0
10772	7866	7866	0
10773	7866	7866	0
10774	7866	7866	0
10775	7866	7866	0
10776	7866	7866	0
10777	7866	7866	0
10778	7866	7866	0
10779	7866	7866	0
10780	7866	7866	0
10781	7866	7866	0
10782	7866	7866	0
10783	7866	7866	0
10784	7866	7866	0
10785	7866	7866	0
10786	7866	7866	0
10787	7866	7866	0
10788	7866	7866	0
10789	7866	7866	0
10790	7866	7866	0
10791	7866	7866	0
10792	7866	7866	0
10793	7866	7866	0
10794	7866	7866	0
10795	7866	7866	0
10796	7866	7866	0
10797	7866	7866	0
10798	7866	7866	0
10799	7866	7866	0
10800	7866	7866	0
10801	7866	7866	0
10802	7866	7866	0
10803	7866	7866	0
10804	7866	7866	0
10805	7866	7866	0
10806	7866	7866	0
10807	7866	7866	0
10808	7866	7866	0
10809	7866	7866	0
10810	7866	7866	0
10811	7866	7866	0
10812	7866	7866	0
10813	7866	7866	0
10814	7866	7866	0
10815	7866	7866	0
10816	7866	7866	0
10817	7866	7866	0
10818	7866	7866	0
10819	7866	7866	0
10820	7866	7866	0
10821	7866	7866	0
10822	7866	7866	0
10823	7866	7866	0
10824	7866	7866	0
10825	7866	7866	0
10826	7866	7866	0
10827	7866	7866	0
10828	7866	7866	0
10829	7866	7866	0
10830	7866	7866	0
10831	7866	7866	0
10832	7866	7866	0
10833	7866	7866	0
10834	7866	7866	2
10835	7866	7866	0
10836	7866	7868	6
10837	7868	7869	6
10838	7869	7869	0
10839	7869	7869	0
10840	7869	7869	0
10841	7869	7869	0
10842	7869	7869	0
10843	7869	7869	0
10844	7869	7869	0
10845	7869	7869	0
10846	7869	7869	0
10847	7869	7869	0
10848	7869	7869	0
10849	7869	7869	0
10850	7869	7869	0
10851	7869	7869	0
10852	7869	7869	0
10853	7869	7869	0
10854	7869	7869	0
10855	7869	7869	0
10856	7869	7869	0
10857	7869	7869	0
10858	7869	7869	0
10859	7869	7869	0
10860	7869	7869	0
10861	7869	7869	0
10862	7869	7869	0
10863	7869	7869	0
10864	7869	7869	0
10865	7869	7869	0
10866	7869	7869	0
10867	7869	7869	0
10868	7869	7869	0
10869	7869	7869	0
10870	7869	7869	0
10871	7869	7871	6
10872	7871	7873	6
10873	7873	7873	0
10874	7873	7873	6
10875	7873	7873	0
10876	7873	7873	0
10877	7873	7873	0
10878	7873	7873	0
10879	7873	7873	0
10880	7873	7881	6
10881	7881	7886	6
10882	7886	7887	4
10883	7887	7889	6
10884	7889	7893	6
10885	7893	7895	6
10886	7895	7895	0
10887	7895	7895	0
10888	7895	7895	0
10889	7895	7895	0
10890	7895	7895	0
10891	7895	7896	6
10892	7896	7896	4
10893	7896	7908	6
10894	7908	7913	6
10895	7913	7913	6
10896	7913	7913	2
10897	7913	7913	4
10898	7913	7915	6
10899	7915	7916	6
10900	7916	7916	0
10901	7916	7916	0
10902	7916	7916	0
10903	7916	7919	6
10904	7919	7920	6
10905	7920	7920	0
10906	7920	7920	0
10907	7920	7920	0
10908	7920	7922	6
10909	7922	7922	0
10910	7922	7922	0
10911	7922	7922	0
10912	7922	7922	0
10913	7922	7922	0
10914	7922	7922	0
10915	7922	7922	0
10916	7922	7922	0
10917	7922	7922	0
10918	7922	7922	0
10919	7922	7922	0
10920	7922	7925	6
10921	7925	7928	6
10922	7928	7930	6
10923	7930	7931	6
10924	7931	7935	6
10925	7935	7937	6
10926	7937	7939	6
10927	7939	7945	6
10928	7945	7949	6
10929	7949	7957	6
10930	7957	7965	6
10931	7965	7969	6
10932	7969	7973	6
10933	7973	7973	6
10934	7973	7976	6
10935	7976	7978	6
10936	7978	7978	0
10937	7978	7978	0
10938	7978	7978	0
10939	7978	7978	0
10940	7978	7978	0
10941	7978	7980	6
10942	7980	7982	6
10943	7982	7988	6
10944	7988	7990	6
10945	7990	7990	0
10946	7990	7990	0
10947	7990	7991	6
10948	7991	7992	6
10949	7992	7994	6
10950	7994	7995	6
10951	7995	7996	6
10952	7996	7997	2
10953	7997	7998	6
10954	7998	8010	6
10955	8010	8025	6
10956	8025	8031	6
10957	8031	8037	6
10958	8037	8042	6
10959	8042	8051	6
10960	8051	8053	6
10961	8053	8057	6
10962	8057	8058	6
10963	8058	8058	0
10964	8058	8078	6
10965	8078	8086	6
10966	8086	8086	6
10967	8086	8086	6
10968	8086	8096	6
10969	8096	8100	6
10970	8100	8100	0
10971	8100	8100	0
10972	8100	8106	6
10973	8106	8109	6
10974	8109	8109	0
10975	8109	8109	0
10976	8109	8119	6
10977	8119	8123	6
10978	8123	8123	0
10979	8123	8123	0
10980	8123	8129	6
10981	8129	8133	6
10982	8133	8135	6
10983	8135	8137	6
10984	8137	8137	0
10985	8137	8137	6
10986	8137	8137	0
10987	8137	8138	4
10988	8138	8138	0
10989	8138	8142	6
10990	8142	8142	0
10991	8142	8142	0
10992	8142	8142	0
10993	8142	8142	0
10994	8142	8142	0
10995	8142	8143	6
10996	8143	8144	6
10997	8144	8145	6
10998	8145	8146	6
10999	8146	8147	6
11000	8147	8148	6
11001	8148	8149	6
11002	8149	8150	6
11003	8150	8151	6
11004	8151	8152	6
11005	8152	8152	0
11006	8152	8152	0
11007	8152	8152	0
11008	8152	8152	0
11009	8152	8153	6
11010	8153	8153	0
11011	8153	8154	2
11012	8154	8155	6
11013	8155	8156	6
11014	8156	8156	0
11015	8156	8157	6
11016	8157	8158	6
11017	8158	8159	2
11018	8159	8159	0
11019	8159	8159	0
11020	8159	8159	0
11021	8159	8159	4
11022	8159	8159	0
11023	8159	8159	0
11024	8159	8159	0
11025	8159	8159	0
11026	8159	8159	0
11027	8159	8159	0
11028	8159	8159	0
11029	8159	8159	0
11030	8159	8159	0
11031	8159	8159	0
11032	8159	8159	0
11033	8159	8159	0
11034	8159	8159	0
11035	8159	8159	0
11036	8159	8159	0
11037	8159	8159	0
11038	8159	8159	0
11039	8159	8159	0
11040	8159	8159	0
11041	8159	8159	0
11042	8159	8159	0
11043	8159	8159	0
11044	8159	8159	0
11045	8159	8159	0
11046	8159	8159	0
11047	8159	8159	0
11048	8159	8159	0
11049	8159	8159	0
11050	8159	8159	0
11051	8159	8159	0
11052	8159	8159	0
11053	8159	8159	0
11054	8159	8159	0
11055	8159	8159	0
11056	8159	8159	0
11057	8159	8159	0
11058	8159	8159	0
11059	8159	8159	0
11060	8159	8159	0
11061	8159	8159	0
11062	8159	8159	0
11063	8159	8159	0
11064	8159	8159	0
11065	8159	8159	0
11066	8159	8159	0
11067	8159	8159	0
11068	8159	8159	0
11069	8159	8159	0
11070	8159	8159	0
11071	8159	8159	0
11072	8159	8159	0
11073	8159	8159	0
11074	8159	8159	0
11075	8159	8159	0
11076	8159	8159	4
11077	8159	8159	0
11078	8159	8159	0
11079	8159	8159	0
11080	8159	8159	0
11081	8159	8159	0
11082	8159	8159	0
11083	8159	8159	0
11084	8159	8159	0
11085	8159	8159	0
11086	8159	8159	0
11087	8159	8159	0
11088	8159	8159	0
11089	8159	8159	0
11090	8159	8159	0
11091	8159	8159	0
11092	8159	8159	0
11093	8159	8159	0
11094	8159	8159	0
11095	8159	8159	0
11096	8159	8159	0
11097	8159	8159	0
11098	8159	8159	0
11099	8159	8159	0
11100	8159	8159	0
11101	8159	8159	0
11102	8159	8159	0
11103	8159	8159	0
11104	8159	8159	0
11105	8159	8159	0
11106	8159	8159	0
11107	8159	8159	0
11108	8159	8159	0
11109	8159	8159	0
11110	8159	8159	0
11111	8159	8159	0
11112	8159	8159	0
11113	8159	8159	0
11114	8159	8159	0
11115	8159	8159	0
11116	8159	8159	0
11117	8159	8159	0
11118	8159	8159	0
11119	8159	8159	2
11120	8159	8159	6
11121	8159	8159	0
11122	8159	8159	6
11123	8159	8159	2
11124	8159	8159	0
11125	8159	8159	0
11126	8159	8159	0
11127	8159	8161	6
11128	8161	8167	6
11129	8167	8167	0
11130	8167	8169	6
11131	8169	8172	6
11132	8172	8174	6
11133	8174	8176	6
11134	8176	8180	6
11135	8180	8183	6
11136	8183	8183	0
11137	8183	8183	0
11138	8183	8185	6
11139	8185	8188	6
11140	8188	8188	0
11141	8188	8188	0
11142	8188	8188	0
11143	8188	8188	0
11144	8188	8188	0
11145	8188	8188	0
11146	8188	8188	0
11147	8188	8188	0
11148	8188	8188	0
11149	8188	8188	0
11150	8188	8188	0
11151	8188	8190	6
11152	8190	8192	6
11153	8192	8194	6
11154	8194	8194	0
11155	8194	8194	0
11156	8194	8194	0
11157	8194	8194	0
11158	8194	8194	0
11159	8194	8194	0
11160	8194	8194	0
11161	8194	8194	0
11162	8194	8194	0
11163	8194	8194	0
11164	8194	8194	0
11165	8194	8194	0
11166	8194	8194	0
11167	8194	8194	0
11168	8194	8195	4
11169	8195	8195	0
11170	8195	8195	0
11171	8195	8195	0
11172	8195	8197	6
11173	8197	8201	6
11174	8201	8201	0
11175	8201	8201	0
11176	8201	8204	2
11177	8204	8204	0
11178	8204	8206	2
11179	8206	8206	0
11180	8206	8206	0
11181	8206	8206	0
11182	8206	8214	6
11183	8214	8214	0
11184	8214	8214	0
11185	8214	8214	0
11186	8214	8218	6
11187	8218	8218	6
11188	8218	8218	6
11189	8218	8218	6
11190	8218	8223	6
11191	8223	8228	6
11192	8228	8230	6
11193	8230	8238	6
11194	8238	8240	6
11195	8240	8240	0
11196	8240	8241	6
11197	8241	8242	6
11198	8242	8243	6
11199	8243	8244	4
11200	8244	8245	6
11201	8245	8247	6
11202	8247	8249	6
11203	8249	8251	6
11204	8251	8253	6
11205	8253	8254	6
11206	8254	8255	6
11207	8255	8257	6
11208	8257	8257	0
11209	8257	8261	6
11210	8261	8263	6
11211	8263	8264	2
11212	8264	8265	2
11213	8265	8266	6
11214	8266	8267	6
11215	8267	8271	6
11216	8271	8275	6
11217	8275	8277	6
11218	8277	8279	6
11219	8279	8279	0
11220	8279	8279	0
11221	8279	8279	0
11222	8279	8279	0
11223	8279	8279	0
11224	8279	8279	0
11225	8279	8279	0
11226	8279	8279	0
11227	8279	8279	0
11228	8279	8279	0
11229	8279	8279	0
11230	8279	8279	0
11231	8279	8279	0
11232	8279	8279	0
11233	8279	8279	0
11234	8279	8279	0
11235	8279	8279	0
11236	8279	8279	0
11237	8279	8279	0
11238	8279	8279	0
11239	8279	8279	0
11240	8279	8279	0
11241	8279	8279	0
11242	8279	8279	0
11243	8279	8279	0
11244	8279	8279	0
11245	8279	8279	0
11246	8279	8279	0
11247	8279	8279	0
11248	8279	8279	0
11249	8279	8279	0
11250	8279	8279	0
11251	8279	8279	0
11252	8279	8279	0
11253	8279	8279	0
11254	8279	8279	0
11255	8279	8279	0
11256	8279	8279	0
11257	8279	8279	0
11258	8279	8279	0
11259	8279	8279	0
11260	8279	8279	0
11261	8279	8279	0
11262	8279	8279	0
11263	8279	8279	0
11264	8279	8279	6
11265	8279	8279	4
11266	8279	8279	4
11267	8279	8279	0
11268	8279	8279	0
11269	8279	8279	0
11270	8279	8279	0
11271	8279	8279	6
11272	8279	8279	0
11273	8279	8280	4
11274	8280	8280	0
11275	8280	8280	0
11276	8280	8280	0
11277	8280	8280	0
11278	8280	8280	0
11279	8280	8280	0
11280	8280	8280	0
11281	8280	8280	0
11282	8280	8280	0
11283	8280	8280	0
11284	8280	8280	0
11285	8280	8280	0
11286	8280	8280	0
11287	8280	8280	0
11288	8280	8280	0
11289	8280	8280	0
11290	8280	8280	4
11291	8280	8280	0
11292	8280	8280	0
11293	8280	8280	0
11294	8280	8280	6
11295	8280	8280	6
11296	8280	8280	4
11297	8280	8280	0
11298	8280	8280	0
11299	8280	8280	0
11300	8280	8280	0
11301	8280	8282	6
11302	8282	8284	6
11303	8284	8284	4
11304	8284	8287	6
11305	8287	8289	6
11306	8289	8289	0
11307	8289	8289	0
11308	8289	8291	6
11309	8291	8293	4
11310	8293	8294	6
11311	8294	8294	0
11312	8294	8294	0
11313	8294	8294	0
11314	8294	8294	0
11315	8294	8294	0
11316	8294	8294	0
11317	8294	8294	0
11318	8294	8294	0
11319	8294	8294	0
11320	8294	8294	0
11321	8294	8294	4
11322	8294	8294	0
11323	8294	8295	2
11324	8295	8297	6
11325	8297	8298	6
11326	8298	8298	0
11327	8298	8298	0
11328	8298	8298	0
11329	8298	8298	0
11330	8298	8298	0
11331	8298	8298	0
11332	8298	8298	0
11333	8298	8298	0
11334	8298	8298	0
11335	8298	8298	0
11336	8298	8298	0
11337	8298	8298	0
11338	8298	8298	0
11339	8298	8298	0
11340	8298	8298	0
11341	8298	8298	0
11342	8298	8298	0
11343	8298	8298	0
11344	8298	8298	0
11345	8298	8298	0
11346	8298	8298	0
11347	8298	8298	0
11348	8298	8298	0
11349	8298	8298	0
11350	8298	8298	0
11351	8298	8298	0
11352	8298	8298	0
11353	8298	8298	0
11354	8298	8298	0
11355	8298	8298	0
11356	8298	8298	0
11357	8298	8298	0
11358	8298	8298	0
11359	8298	8298	0
11360	8298	8298	0
11361	8298	8298	0
11362	8298	8298	0
11363	8298	8298	0
11364	8298	8298	0
11365	8298	8298	0
11366	8298	8298	0
11367	8298	8298	0
11368	8298	8298	0
11369	8298	8298	0
11370	8298	8298	0
11371	8298	8298	0
11372	8298	8298	0
11373	8298	8298	0
11374	8298	8298	0
11375	8298	8298	0
11376	8298	8298	0
11377	8298	8298	0
11378	8298	8298	0
11379	8298	8298	0
11380	8298	8298	0
11381	8298	8298	0
11382	8298	8298	0
11383	8298	8298	0
11384	8298	8298	0
11385	8298	8298	0
11386	8298	8298	0
11387	8298	8298	0
11388	8298	8298	0
11389	8298	8298	0
11390	8298	8298	0
11391	8298	8298	0
11392	8298	8298	0
11393	8298	8300	6
11394	8300	8303	6
11395	8303	8307	6
11396	8307	8309	6
11397	8309	8309	0
11398	8309	8309	0
11399	8309	8309	0
11400	8309	8309	0
11401	8309	8313	6
11402	8313	8313	0
11403	8313	8313	6
11404	8313	8313	2
11405	8313	8313	6
11406	8313	8313	0
11407	8313	8313	0
11408	8313	8313	6
11409	8313	8313	0
11410	8313	8313	6
11411	8313	8313	0
11412	8313	8313	0
11413	8313	8313	0
11414	8313	8313	0
11415	8313	8313	0
11416	8313	8313	0
11417	8313	8313	0
11418	8313	8313	0
11419	8313	8313	0
11420	8313	8313	0
11421	8313	8313	0
11422	8313	8313	0
11423	8313	8313	0
11424	8313	8314	6
11425	8314	8315	6
11426	8315	8315	0
11427	8315	8315	0
11428	8315	8317	6
11429	8317	8318	6
11430	8318	8319	6
11431	8319	8319	0
11432	8319	8319	0
11433	8319	8319	0
11434	8319	8319	0
11435	8319	8319	0
11436	8319	8319	0
11437	8319	8319	0
11438	8319	8320	6
11439	8320	8322	6
11440	8322	8323	6
11441	8323	8324	6
11442	8324	8328	6
11443	8328	8328	0
11444	8328	8328	0
11445	8328	8328	0
11446	8328	8328	0
11447	8328	8331	6
11448	8331	8333	6
11449	8333	8333	0
11450	8333	8333	0
11451	8333	8335	6
11452	8335	8337	6
11453	8337	8338	6
11454	8338	8338	0
11455	8338	8338	0
11456	8338	8338	0
11457	8338	8338	0
11458	8338	8338	0
11459	8338	8338	0
11460	8338	8338	0
11461	8338	8338	0
11462	8338	8338	0
11463	8338	8338	0
11464	8338	8338	0
11465	8338	8338	0
11466	8338	8338	0
11467	8338	8338	0
11468	8338	8338	0
11469	8338	8338	0
11470	8338	8338	0
11471	8338	8338	0
11472	8338	8338	0
11473	8338	8338	0
11474	8338	8338	0
11475	8338	8338	0
11476	8338	8338	0
11477	8338	8338	0
11478	8338	8338	0
11479	8338	8338	0
11480	8338	8338	0
11481	8338	8338	0
11482	8338	8338	0
11483	8338	8338	0
11484	8338	8338	0
11485	8338	8338	0
11486	8338	8338	0
11487	8338	8338	0
11488	8338	8338	0
11489	8338	8338	0
11490	8338	8338	0
11491	8338	8338	0
11492	8338	8338	0
11493	8338	8338	0
11494	8338	8338	0
11495	8338	8338	0
11496	8338	8338	0
11497	8338	8338	0
11498	8338	8338	0
11499	8338	8338	0
11500	8338	8338	0
11501	8338	8338	0
11502	8338	8339	6
11503	8339	8341	6
11504	8341	8342	6
11505	8342	8343	6
11506	8343	8344	6
11507	8344	8345	6
11508	8345	8346	6
11509	8346	8347	6
11510	8347	8348	6
11511	8348	8349	6
11512	8349	8349	0
11513	8349	8349	0
11514	8349	8349	0
11515	8349	8349	0
11516	8349	8349	0
11517	8349	8351	6
11518	8351	8352	6
11519	8352	8352	0
11520	8352	8354	6
11521	8354	8355	6
11522	8355	8356	6
11523	8356	8357	6
11524	8357	8357	0
11525	8357	8357	0
11526	8357	8357	0
11527	8357	8357	0
11528	8357	8357	0
11529	8357	8357	0
11530	8357	8357	0
11531	8357	8357	0
11532	8357	8357	0
11533	8357	8357	0
11534	8357	8357	0
11535	8357	8357	0
11536	8357	8357	0
11537	8357	8357	0
11538	8357	8357	0
11539	8357	8357	0
11540	8357	8357	0
11541	8357	8357	0
11542	8357	8357	0
11543	8357	8357	0
11544	8357	8357	0
11545	8357	8357	0
11546	8357	8357	0
11547	8357	8357	0
11548	8357	8357	0
11549	8357	8357	0
11550	8357	8357	0
11551	8357	8357	0
11552	8357	8357	0
11553	8357	8357	0
11554	8357	8357	0
11555	8357	8357	0
11556	8357	8357	0
11557	8357	8357	0
11558	8357	8357	0
11559	8357	8357	0
11560	8357	8357	0
11561	8357	8357	0
11562	8357	8357	0
11563	8357	8357	0
11564	8357	8357	0
11565	8357	8357	0
11566	8357	8357	0
11567	8357	8357	0
11568	8357	8357	0
11569	8357	8357	0
11570	8357	8357	0
11571	8357	8357	0
11572	8357	8357	0
11573	8357	8357	4
11574	8357	8357	0
11575	8357	8357	6
11576	8357	8357	6
11577	8357	8357	6
11578	8357	8358	6
11579	8358	8360	6
11580	8360	8360	0
11581	8360	8360	6
11582	8360	8360	6
11583	8360	8360	0
11584	8360	8360	0
11585	8360	8360	0
11586	8360	8360	0
11587	8360	8360	0
11588	8360	8360	0
11589	8360	8360	0
11590	8360	8360	0
11591	8360	8360	0
11592	8360	8360	0
11593	8360	8361	2
11594	8361	8361	0
11595	8361	8361	0
11596	8361	8361	0
11597	8361	8361	0
11598	8361	8361	0
11599	8361	8362	6
11600	8362	8362	0
11601	8362	8362	0
11602	8362	8362	0
11603	8362	8362	0
11604	8362	8362	0
11605	8362	8362	0
11606	8362	8362	0
11607	8362	8362	0
11608	8362	8362	4
11609	8362	8362	0
11610	8362	8362	0
11611	8362	8362	6
11612	8362	8362	0
11613	8362	8363	6
11614	8363	8369	6
11615	8369	8370	6
11616	8370	8372	6
11617	8372	8372	0
11618	8372	8373	2
11619	8373	8374	6
11620	8374	8377	6
11621	8377	8378	6
11622	8378	8380	6
11623	8380	8381	6
11624	8381	8382	6
11625	8382	8385	6
11626	8385	8385	0
11627	8385	8385	0
11628	8385	8385	0
11629	8385	8385	0
11630	8385	8385	0
11631	8385	8385	0
11632	8385	8385	0
11633	8385	8385	0
11634	8385	8385	0
11635	8385	8385	0
11636	8385	8385	0
11637	8385	8385	0
11638	8385	8385	0
11639	8385	8385	0
11640	8385	8385	0
11641	8385	8385	0
11642	8385	8385	0
11643	8385	8385	0
11644	8385	8385	0
11645	8385	8385	0
11646	8385	8385	0
11647	8385	8385	0
11648	8385	8385	0
11649	8385	8385	0
11650	8385	8385	0
11651	8385	8385	0
11652	8385	8385	0
11653	8385	8385	0
11654	8385	8385	0
11655	8385	8385	0
11656	8385	8385	0
11657	8385	8385	4
11658	8385	8386	4
11659	8386	8386	0
11660	8386	8386	0
11661	8386	8387	4
11662	8387	8387	0
11663	8387	8388	6
11664	8388	8389	6
11665	8389	8389	0
11666	8389	8389	0
11667	8389	8389	6
11668	8389	8390	6
11669	8390	8392	6
11670	8392	8392	0
11671	8392	8392	0
11672	8392	8392	0
11673	8392	8392	0
11674	8392	8392	0
11675	8392	8392	0
11676	8392	8392	0
11677	8392	8392	0
11678	8392	8392	4
11679	8392	8393	4
11680	8393	8393	0
11681	8393	8393	0
11682	8393	8393	0
11683	8393	8393	0
11684	8393	8393	0
11685	8393	8394	4
11686	8394	8394	0
11687	8394	8394	0
11688	8394	8394	0
11689	8394	8394	0
11690	8394	8395	6
11691	8395	8395	0
11692	8395	8395	0
11693	8395	8399	6
11694	8399	8401	6
11695	8401	8401	0
11696	8401	8402	6
11697	8402	8404	6
11698	8404	8406	6
11699	8406	8406	0
11700	8406	8406	0
11701	8406	8406	0
11702	8406	8406	0
11703	8406	8406	0
11704	8406	8406	0
11705	8406	8406	0
11706	8406	8406	0
11707	8406	8406	0
11708	8406	8406	0
11709	8406	8406	0
11710	8406	8407	6
11711	8407	8410	6
11712	8410	8414	6
11713	8414	8414	0
11714	8414	8414	0
11715	8414	8416	6
11716	8416	8418	6
11717	8418	8419	6
11718	8419	8419	0
11719	8419	8421	2
11720	8421	8421	0
11721	8421	8421	0
11722	8421	8421	0
11723	8421	8423	6
11724	8423	8424	4
11725	8424	8426	6
11726	8426	8427	2
11727	8427	8428	6
11728	8428	8431	6
11729	8431	8433	6
11730	8433	8435	6
11731	8435	8435	0
11732	8435	8435	0
11733	8435	8437	6
11734	8437	8439	2
11735	8439	8441	6
11736	8441	8442	2
11737	8442	8444	6
11738	8444	8444	0
11739	8444	8444	0
11740	8444	8444	0
11741	8444	8444	0
11742	8444	8444	0
11743	8444	8447	6
11744	8447	8447	0
11745	8447	8447	0
11746	8447	8447	0
11747	8447	8447	0
11748	8447	8447	0
11749	8447	8447	0
11750	8447	8447	0
11751	8447	8447	0
11752	8447	8447	0
11753	8447	8447	0
11754	8447	8447	0
11755	8447	8447	0
11756	8447	8447	0
11757	8447	8447	0
11758	8447	8449	6
11759	8449	8449	0
11760	8449	8449	0
11761	8449	8449	0
11762	8449	8449	0
11763	8449	8449	0
11764	8449	8449	0
11765	8449	8449	0
11766	8449	8449	0
11767	8449	8449	0
11768	8449	8449	0
11769	8449	8449	0
11770	8449	8449	0
11771	8449	8449	0
11772	8449	8449	0
11773	8449	8449	0
11774	8449	8449	0
11775	8449	8449	0
11776	8449	8449	0
11777	8449	8449	0
11778	8449	8449	0
11779	8449	8449	0
11780	8449	8449	0
11781	8449	8449	0
11782	8449	8449	0
11783	8449	8449	0
11784	8449	8449	0
11785	8449	8449	0
11786	8449	8449	0
11787	8449	8449	0
11788	8449	8449	0
11789	8449	8449	0
11790	8449	8449	0
11791	8449	8449	0
11792	8449	8449	0
11793	8449	8449	0
11794	8449	8449	0
11795	8449	8449	0
11796	8449	8449	0
11797	8449	8449	0
11798	8449	8449	0
11799	8449	8449	0
11800	8449	8449	0
11801	8449	8449	0
11802	8449	8449	0
11803	8449	8449	0
11804	8449	8449	0
11805	8449	8449	0
11806	8449	8449	0
11807	8449	8449	0
11808	8449	8449	0
11809	8449	8449	0
11810	8449	8449	0
11811	8449	8449	0
11812	8449	8449	0
11813	8449	8449	0
11814	8449	8449	0
11815	8449	8450	2
11816	8450	8450	0
11817	8450	8450	0
11818	8450	8450	0
11819	8450	8450	0
11820	8450	8454	6
11821	8454	8454	0
11822	8454	8466	6
11823	8466	8478	6
11824	8478	8480	6
11825	8480	8482	6
11826	8482	8484	6
11827	8484	8484	0
11828	8484	8486	6
11829	8486	8486	6
11830	8486	8487	6
11831	8487	8489	6
11832	8489	8491	6
11833	8491	8493	6
11834	8493	8493	0
11835	8493	8493	0
11836	8493	8493	0
11837	8493	8493	0
11838	8493	8493	0
11839	8493	8493	0
11840	8493	8493	0
11841	8493	8493	0
11842	8493	8493	0
11843	8493	8498	6
11844	8498	8498	0
11845	8498	8498	0
11846	8498	8517	6
11847	8517	8532	6
11848	8532	8532	0
11849	8532	8533	6
11850	8533	8537	6
11851	8537	8537	0
11852	8537	8544	6
11853	8544	8544	0
11854	8544	8548	6
11855	8548	8548	0
11856	8548	8569	6
11857	8569	8584	6
11858	8584	8586	6
11859	8586	8601	6
11860	8601	8613	6
11861	8613	8620	6
11862	8620	8620	4
11863	8620	8624	6
11864	8624	8624	0
11865	8624	8624	0
11866	8624	8624	0
11867	8624	8624	0
11868	8624	8624	0
11869	8624	8624	0
11870	8624	8627	6
11871	8627	8627	6
11872	8627	8631	6
11873	8631	8631	0
11874	8631	8633	6
11875	8633	8638	6
11876	8638	8639	6
11877	8639	8640	6
11878	8640	8643	6
11879	8643	8643	0
11880	8643	8643	0
11881	8643	8656	6
11882	8656	8656	0
11883	8656	8656	6
11884	8656	8664	6
11885	8664	8671	6
11886	8671	8671	4
11887	8671	8671	0
11888	8671	8671	0
11889	8671	8671	0
11890	8671	8671	0
11891	8671	8671	0
11892	8671	8671	0
11893	8671	8671	0
11894	8671	8671	0
11895	8671	8671	0
11896	8671	8671	0
11897	8671	8671	0
11898	8671	8671	0
11899	8671	8671	6
11900	8671	8671	6
11901	8671	8675	6
11902	8675	8685	6
11903	8685	8685	0
11904	8685	8685	0
11905	8685	8685	6
11906	8685	8685	0
11907	8685	8695	6
11908	8695	8695	0
11909	8695	8695	0
11910	8695	8712	6
11911	8712	8712	0
11912	8712	8712	0
11913	8712	8712	0
11914	8712	8712	0
11915	8712	8712	0
11916	8712	8712	0
11917	8712	8712	0
11918	8712	8712	0
11919	8712	8712	0
11920	8712	8712	0
11921	8712	8712	0
11922	8712	8712	0
11923	8712	8712	0
11924	8712	8712	0
11925	8712	8712	0
11926	8712	8712	0
11927	8712	8712	0
11928	8712	8712	0
11929	8712	8712	0
11930	8712	8712	0
11931	8712	8712	0
11932	8712	8712	0
11933	8712	8712	0
11934	8712	8712	0
11935	8712	8712	0
11936	8712	8712	0
11937	8712	8712	0
11938	8712	8712	0
11939	8712	8712	0
11940	8712	8712	0
11941	8712	8712	0
11942	8712	8712	0
11943	8712	8712	0
11944	8712	8712	0
11945	8712	8712	0
11946	8712	8712	0
11947	8712	8712	0
11948	8712	8712	0
11949	8712	8712	0
11950	8712	8712	0
11951	8712	8712	0
11952	8712	8712	0
11953	8712	8712	0
11954	8712	8712	0
11955	8712	8712	0
11956	8712	8712	0
11957	8712	8712	0
11958	8712	8712	0
11959	8712	8712	0
11960	8712	8712	0
11961	8712	8712	0
11962	8712	8712	0
11963	8712	8712	0
11964	8712	8712	0
11965	8712	8712	0
11966	8712	8712	0
11967	8712	8712	0
11968	8712	8712	0
11969	8712	8712	0
11970	8712	8712	0
11971	8712	8712	0
11972	8712	8712	0
11973	8712	8712	0
11974	8712	8712	0
11975	8712	8712	0
11976	8712	8712	0
11977	8712	8712	0
11978	8712	8712	0
11979	8712	8712	0
11980	8712	8712	0
11981	8712	8712	0
11982	8712	8712	0
11983	8712	8712	0
11984	8712	8712	0
11985	8712	8712	0
11986	8712	8712	0
11987	8712	8712	0
11988	8712	8712	0
11989	8712	8712	0
11990	8712	8712	0
11991	8712	8712	0
11992	8712	8712	0
11993	8712	8712	0
11994	8712	8712	0
11995	8712	8712	0
11996	8712	8712	0
11997	8712	8712	0
11998	8712	8712	0
11999	8712	8712	0
12000	8712	8712	0
12001	8712	8712	0
12002	8712	8712	0
12003	8712	8712	0
12004	8712	8712	0
12005	8712	8712	0
12006	8712	8712	0
12007	8712	8712	0
12008	8712	8712	0
12009	8712	8712	0
12010	8712	8712	0
12011	8712	8712	0
12012	8712	8712	0
12013	8712	8712	0
12014	8712	8712	0
12015	8712	8712	0
12016	8712	8712	4
12017	8712	8712	0
12018	8712	8712	0
12019	8712	8712	0
12020	8712	8712	0
12021	8712	8712	0
12022	8712	8712	0
12023	8712	8713	4
12024	8713	8714	4
12025	8714	8714	4
12026	8714	8714	4
12027	8714	8714	0
12028	8714	8714	0
12029	8714	8714	0
12030	8714	8714	0
12031	8714	8714	0
12032	8714	8714	0
12033	8714	8714	0
12034	8714	8714	0
12035	8714	8714	0
12036	8714	8714	0
12037	8714	8714	0
12038	8714	8714	0
12039	8714	8714	0
12040	8714	8714	0
12041	8714	8714	0
12042	8714	8714	0
12043	8714	8714	0
12044	8714	8714	0
12045	8714	8714	0
12046	8714	8714	0
12047	8714	8714	0
12048	8714	8714	0
12049	8714	8714	0
12050	8714	8714	0
12051	8714	8714	0
12052	8714	8714	0
12053	8714	8714	0
12054	8714	8714	0
12055	8714	8714	0
12056	8714	8714	6
12057	8714	8714	4
12058	8714	8714	0
12059	8714	8714	0
12060	8714	8714	0
12061	8714	8714	0
12062	8714	8717	6
12063	8717	8717	0
12064	8717	8717	0
12065	8717	8719	6
12066	8719	8719	0
12067	8719	8719	0
12068	8719	8719	0
12069	8719	8719	0
12070	8719	8719	0
12071	8719	8719	0
12072	8719	8719	0
12073	8719	8719	0
12074	8719	8719	0
12075	8719	8719	0
12076	8719	8719	0
12077	8719	8719	0
12078	8719	8719	0
12079	8719	8719	0
12080	8719	8719	0
12081	8719	8719	0
12082	8719	8719	0
12083	8719	8719	0
12084	8719	8719	0
12085	8719	8719	0
12086	8719	8719	0
12087	8719	8719	0
12088	8719	8719	0
12089	8719	8719	0
12090	8719	8719	0
12091	8719	8719	0
12092	8719	8719	0
12093	8719	8719	0
12094	8719	8719	0
12095	8719	8719	0
12096	8719	8719	0
12097	8719	8719	0
12098	8719	8719	0
12099	8719	8719	0
12100	8719	8719	0
12101	8719	8719	0
12102	8719	8719	0
12103	8719	8719	0
12104	8719	8719	0
12105	8719	8719	0
12106	8719	8719	0
12107	8719	8719	0
12108	8719	8719	0
12109	8719	8719	4
12110	8719	8719	0
12111	8719	8719	0
12112	8719	8719	0
12113	8719	8719	0
12114	8719	8719	0
12115	8719	8719	0
12116	8719	8719	0
12117	8719	8719	0
12118	8719	8719	0
12119	8719	8719	0
12120	8719	8719	0
12121	8719	8719	0
12122	8719	8719	0
12123	8719	8719	0
12124	8719	8719	0
12125	8719	8719	0
12126	8719	8719	0
12127	8719	8719	0
12128	8719	8719	0
12129	8719	8719	0
12130	8719	8719	0
12131	8719	8719	0
12132	8719	8719	0
12133	8719	8719	0
12134	8719	8719	0
12135	8719	8719	0
12136	8719	8719	0
12137	8719	8719	0
12138	8719	8719	0
12139	8719	8719	0
12140	8719	8719	0
12141	8719	8719	4
12142	8719	8719	0
12143	8719	8719	0
12144	8719	8719	0
12145	8719	8719	0
12146	8719	8719	0
12147	8719	8719	0
12148	8719	8719	0
12149	8719	8719	0
12150	8719	8719	0
12151	8719	8719	0
12152	8719	8719	0
12153	8719	8719	0
12154	8719	8719	0
12155	8719	8719	0
12156	8719	8719	0
12157	8719	8719	0
12158	8719	8719	0
12159	8719	8719	0
12160	8719	8719	0
12161	8719	8719	0
12162	8719	8719	0
12163	8719	8719	0
12164	8719	8719	0
12165	8719	8719	0
12166	8719	8719	0
12167	8719	8719	0
12168	8719	8719	0
12169	8719	8719	0
12170	8719	8719	0
12171	8719	8720	6
12172	8720	8720	0
12173	8720	8720	0
12174	8720	8721	2
12175	8721	8721	0
12176	8721	8721	0
12177	8721	8721	0
12178	8721	8721	0
12179	8721	8721	0
12180	8721	8721	0
12181	8721	8721	0
12182	8721	8721	0
12183	8721	8721	0
12184	8721	8721	0
12185	8721	8721	0
12186	8721	8721	0
12187	8721	8721	0
12188	8721	8721	0
12189	8721	8721	0
12190	8721	8721	0
12191	8721	8721	0
12192	8721	8721	0
12193	8721	8721	0
12194	8721	8721	0
12195	8721	8721	0
12196	8721	8721	0
12197	8721	8721	0
12198	8721	8721	0
12199	8721	8721	0
12200	8721	8721	0
12201	8721	8721	0
12202	8721	8721	0
12203	8721	8721	0
12204	8721	8721	0
12205	8721	8721	0
12206	8721	8721	0
12207	8721	8721	0
12208	8721	8722	6
12209	8722	8723	4
12210	8723	8724	2
12211	8724	8725	6
12212	8725	8726	6
12213	8726	8728	6
12214	8728	8730	6
12215	8730	8730	0
12216	8730	8730	0
12217	8730	8730	0
12218	8730	8730	0
12219	8730	8731	6
12220	8731	8732	6
12221	8732	8733	6
12222	8733	8734	6
12223	8734	8735	2
12224	8735	8736	6
12225	8736	8738	2
12226	8738	8740	6
12227	8740	8740	0
12228	8740	8740	0
12229	8740	8741	2
12230	8741	8741	0
12231	8741	8741	0
12232	8741	8741	0
12233	8741	8741	0
12234	8741	8741	0
12235	8741	8741	0
12236	8741	8742	6
12237	8742	8742	0
12238	8742	8742	2
12239	8742	8742	0
12240	8742	8742	0
12241	8742	8742	0
12242	8742	8742	0
12243	8742	8742	0
12244	8742	8742	0
12245	8742	8742	0
12246	8742	8742	0
12247	8742	8742	0
12248	8742	8742	0
12249	8742	8742	0
12250	8742	8742	0
12251	8742	8742	0
12252	8742	8742	0
12253	8742	8742	0
12254	8742	8742	0
12255	8742	8742	0
12256	8742	8742	0
12257	8742	8742	0
12258	8742	8743	4
12259	8743	8743	0
12260	8743	8743	0
12261	8743	8743	0
12262	8743	8743	0
12263	8743	8743	0
12264	8743	8743	0
12265	8743	8743	0
12266	8743	8743	0
12267	8743	8743	0
12268	8743	8744	4
12269	8744	8744	0
12270	8744	8744	0
12271	8744	8744	0
12272	8744	8744	0
12273	8744	8744	0
12274	8744	8744	0
12275	8744	8744	0
12276	8744	8744	0
12277	8744	8744	0
12278	8744	8744	0
12279	8744	8744	0
12280	8744	8744	0
12281	8744	8744	0
12282	8744	8744	0
12283	8744	8744	0
12284	8744	8744	0
12285	8744	8744	0
12286	8744	8744	0
12287	8744	8744	0
12288	8744	8744	0
12289	8744	8744	0
12290	8744	8745	6
12291	8745	8745	0
12292	8745	8745	0
12293	8745	8746	2
12294	8746	8747	6
12295	8747	8747	0
12296	8747	8748	6
12297	8748	8749	6
12298	8749	8750	6
12299	8750	8750	0
12300	8750	8750	0
12301	8750	8750	0
12302	8750	8750	0
12303	8750	8750	4
12304	8750	8750	0
12305	8750	8751	6
12306	8751	8752	4
12307	8752	8752	0
12308	8752	8752	0
12309	8752	8752	0
12310	8752	8752	0
12311	8752	8752	0
12312	8752	8752	0
12313	8752	8752	0
12314	8752	8752	0
12315	8752	8752	0
12316	8752	8752	0
12317	8752	8752	0
12318	8752	8752	0
12319	8752	8753	6
12320	8753	8754	6
12321	8754	8754	0
12322	8754	8754	0
12323	8754	8754	0
12324	8754	8755	6
12325	8755	8755	0
12326	8755	8756	6
12327	8756	8756	0
12328	8756	8756	0
12329	8756	8756	0
12330	8756	8756	0
12331	8756	8756	0
12332	8756	8756	0
12333	8756	8756	0
12334	8756	8756	0
12335	8756	8756	0
12336	8756	8756	0
12337	8756	8756	0
12338	8756	8756	0
12339	8756	8756	0
12340	8756	8756	0
12341	8756	8756	0
12342	8756	8756	0
12343	8756	8757	6
12344	8757	8758	6
12345	8758	8759	6
12346	8759	8760	6
12347	8760	8760	0
12348	8760	8760	0
12349	8760	8761	6
12350	8761	8762	6
12351	8762	8763	6
12352	8763	8764	6
12353	8764	8765	6
12354	8765	8766	6
12355	8766	8767	6
12356	8767	8768	6
12357	8768	8769	6
12358	8769	8770	6
12359	8770	8771	6
12360	8771	8772	6
12361	8772	8773	2
12362	8773	8774	6
12363	8774	8775	6
12364	8775	8776	6
12365	8776	8777	6
12366	8777	8778	6
12367	8778	8779	6
12368	8779	8780	6
12369	8780	8780	0
12370	8780	8781	6
12371	8781	8781	0
12372	8781	8782	6
12373	8782	8783	6
12374	8783	8784	6
12375	8784	8785	6
12376	8785	8786	6
12377	8786	8787	6
12378	8787	8788	6
12379	8788	8789	6
12380	8789	8790	6
12381	8790	8791	6
12382	8791	8792	6
12383	8792	8793	6
12384	8793	8794	6
12385	8794	8795	6
12386	8795	8796	6
12387	8796	8796	0
12388	8796	8797	6
12389	8797	8798	6
12390	8798	8799	6
12391	8799	8800	6
12392	8800	8801	6
12393	8801	8802	2
12394	8802	8803	6
12395	8803	8804	6
12396	8804	8805	6
12397	8805	8806	6
12398	8806	8807	6
12399	8807	8808	6
12400	8808	8809	6
12401	8809	8809	0
12402	8809	8811	6
12403	8811	8813	6
12404	8813	8813	0
12405	8813	8814	2
12406	8814	8814	0
12407	8814	8814	0
12408	8814	8814	0
12409	8814	8815	6
12410	8815	8816	6
12411	8816	8817	6
12412	8817	8818	6
12413	8818	8819	6
12414	8819	8819	0
12415	8819	8820	6
12416	8820	8821	2
12417	8821	8821	0
12418	8821	8821	0
12419	8821	8821	0
12420	8821	8821	0
12421	8821	8821	0
12422	8821	8822	6
12423	8822	8823	6
12424	8823	8824	6
12425	8824	8825	2
12426	8825	8826	6
12427	8826	8827	6
12428	8827	8827	0
12429	8827	8828	6
12430	8828	8829	6
12431	8829	8830	6
12432	8830	8830	0
12433	8830	8830	0
12434	8830	8830	0
12435	8830	8831	6
12436	8831	8832	6
12437	8832	8832	0
12438	8832	8833	6
12439	8833	8834	6
12440	8834	8835	6
12441	8835	8836	6
12442	8836	8837	6
12443	8837	8838	6
12444	8838	8839	6
12445	8839	8840	6
12446	8840	8841	4
12447	8841	8841	0
12448	8841	8841	0
12449	8841	8841	0
12450	8841	8841	0
12451	8841	8842	6
12452	8842	8842	0
12453	8842	8842	0
12454	8842	8842	0
12455	8842	8842	0
12456	8842	8842	0
12457	8842	8842	0
12458	8842	8842	0
12459	8842	8842	0
12460	8842	8843	2
12461	8843	8844	2
12462	8844	8844	0
12463	8844	8845	6
12464	8845	8846	6
12465	8846	8847	6
12466	8847	8848	6
12467	8848	8849	6
12468	8849	8850	6
12469	8850	8851	6
12470	8851	8852	6
12471	8852	8853	6
12472	8853	8853	0
12473	8853	8853	0
12474	8853	8853	0
12475	8853	8854	2
12476	8854	8854	0
12477	8854	8854	0
12478	8854	8855	6
12479	8855	8856	6
12480	8856	8856	0
12481	8856	8857	2
12482	8857	8858	4
12483	8858	8859	6
12484	8859	8859	0
12485	8859	8859	0
12486	8859	8859	0
12487	8859	8859	0
12488	8859	8859	0
12489	8859	8859	0
12490	8859	8859	0
12491	8859	8859	0
12492	8859	8859	0
12493	8859	8859	0
12494	8859	8860	4
12495	8860	8861	2
12496	8861	8862	2
12497	8862	8863	6
12498	8863	8864	6
12499	8864	8865	6
12500	8865	8866	6
12501	8866	8867	6
12502	8867	8868	6
12503	8868	8869	6
12504	8869	8870	6
12505	8870	8871	6
12506	8871	8872	6
12507	8872	8872	0
12508	8872	8873	6
12509	8873	8874	6
12510	8874	8875	6
12511	8875	8876	6
12512	8876	8877	6
12513	8877	8878	6
12514	8878	8879	6
12515	8879	8880	6
12516	8880	8881	6
12517	8881	8882	6
12518	8882	8883	6
12519	8883	8883	0
12520	8883	8883	0
12521	8883	8883	0
12522	8883	8883	0
12523	8883	8883	0
12524	8883	8883	0
12525	8883	8883	0
12526	8883	8883	0
12527	8883	8883	0
12528	8883	8883	0
12529	8883	8883	0
12530	8883	8883	0
12531	8883	8883	0
12532	8883	8883	0
12533	8883	8883	0
12534	8883	8883	0
12535	8883	8883	0
12536	8883	8883	0
12537	8883	8883	0
12538	8883	8883	0
12539	8883	8883	0
12540	8883	8883	0
12541	8883	8883	0
12542	8883	8883	0
12543	8883	8883	0
12544	8883	8883	0
12545	8883	8883	0
12546	8883	8883	0
12547	8883	8884	2
12548	8884	8884	0
12549	8884	8884	0
12550	8884	8884	0
12551	8884	8884	0
12552	8884	8884	0
12553	8884	8884	0
12554	8884	8884	0
12555	8884	8884	0
12556	8884	8884	0
12557	8884	8884	0
12558	8884	8884	0
12559	8884	8884	0
12560	8884	8884	0
12561	8884	8884	0
12562	8884	8884	0
12563	8884	8884	0
12564	8884	8884	0
12565	8884	8884	0
12566	8884	8884	0
12567	8884	8884	0
12568	8884	8884	0
12569	8884	8885	6
12570	8885	8885	0
12571	8885	8885	0
12572	8885	8886	6
12573	8886	8886	0
12574	8886	8886	0
12575	8886	8886	0
12576	8886	8886	0
12577	8886	8887	6
12578	8887	8888	6
12579	8888	8888	0
12580	8888	8889	6
12581	8889	8889	0
12582	8889	8889	0
12583	8889	8889	0
12584	8889	8889	0
12585	8889	8889	0
12586	8889	8889	0
12587	8889	8889	0
12588	8889	8889	0
12589	8889	8889	0
12590	8889	8889	0
12591	8889	8889	0
12592	8889	8889	0
12593	8889	8889	0
12594	8889	8889	0
12595	8889	8889	0
12596	8889	8889	0
12597	8889	8889	0
12598	8889	8889	0
12599	8889	8889	0
12600	8889	8889	0
12601	8889	8889	0
12602	8889	8889	0
12603	8889	8890	6
12604	8890	8891	6
12605	8891	8892	6
12606	8892	8892	0
12607	8892	8892	0
12608	8892	8892	0
12609	8892	8892	0
12610	8892	8892	0
12611	8892	8892	0
12612	8892	8892	0
12613	8892	8892	0
12614	8892	8893	6
12615	8893	8893	0
12616	8893	8893	0
12617	8893	8894	6
12618	8894	8895	6
12619	8895	8896	6
12620	8896	8897	6
12621	8897	8897	0
12622	8897	8897	0
12623	8897	8897	0
12624	8897	8898	4
12625	8898	8899	2
12626	8899	8899	0
12627	8899	8899	0
12628	8899	8899	0
12629	8899	8899	0
12630	8899	8899	0
12631	8899	8899	0
12632	8899	8899	0
12633	8899	8899	0
12634	8899	8899	0
12635	8899	8899	0
12636	8899	8899	0
12637	8899	8899	0
12638	8899	8899	0
12639	8899	8899	0
12640	8899	8899	0
12641	8899	8899	0
12642	8899	8899	0
12643	8899	8899	0
12644	8899	8899	0
12645	8899	8899	0
12646	8899	8899	0
12647	8899	8899	0
12648	8899	8899	0
12649	8899	8899	0
12650	8899	8899	0
12651	8899	8899	0
12652	8899	8899	0
12653	8899	8899	0
12654	8899	8900	6
12655	8900	8901	6
12656	8901	8901	0
12657	8901	8901	0
12658	8901	8901	0
12659	8901	8902	6
12660	8902	8903	6
12661	8903	8904	6
12662	8904	8905	6
12663	8905	8905	0
12664	8905	8905	0
12665	8905	8905	0
12666	8905	8905	0
12667	8905	8905	0
12668	8905	8905	0
12669	8905	8906	2
12670	8906	8907	6
12671	8907	8908	6
12672	8908	8909	6
12673	8909	8909	0
12674	8909	8910	6
12675	8910	8911	6
12676	8911	8912	6
12677	8912	8912	0
12678	8912	8913	6
12679	8913	8913	0
12680	8913	8913	0
12681	8913	8913	0
12682	8913	8913	0
12683	8913	8914	4
12684	8914	8914	0
12685	8914	8914	0
12686	8914	8914	0
12687	8914	8915	6
12688	8915	8916	6
12689	8916	8917	6
12690	8917	8918	6
12691	8918	8919	6
12692	8919	8920	6
12693	8920	8920	0
12694	8920	8920	0
12695	8920	8920	4
12696	8920	8921	4
12697	8921	8922	6
12698	8922	8923	6
12699	8923	8923	0
12700	8923	8923	0
12701	8923	8923	0
12702	8923	8924	6
12703	8924	8924	0
12704	8924	8924	0
12705	8924	8924	0
12706	8924	8924	0
12707	8924	8924	0
12708	8924	8924	0
12709	8924	8924	0
12710	8924	8924	0
12711	8924	8925	2
12712	8925	8925	0
12713	8925	8925	0
12714	8925	8926	6
12715	8926	8927	4
12716	8927	8927	0
12717	8927	8927	0
12718	8927	8927	0
12719	8927	8927	0
12720	8927	8927	0
12721	8927	8928	6
12722	8928	8929	6
12723	8929	8930	6
12724	8930	8931	6
12725	8931	8932	6
12726	8932	8933	6
12727	8933	8933	0
12728	8933	8933	0
12729	8933	8933	0
12730	8933	8934	2
12731	8934	8934	0
12732	8934	8934	0
12733	8934	8935	4
12734	8935	8935	0
12735	8935	8936	6
12736	8936	8937	2
12737	8937	8938	4
12738	8938	8939	6
12739	8939	8939	4
12740	8939	8940	6
12741	8940	8940	0
12742	8940	8940	0
12743	8940	8940	0
12744	8940	8940	0
12745	8940	8941	2
12746	8941	8942	6
12747	8942	8943	6
12748	8943	8944	6
12749	8944	8945	6
12750	8945	8946	6
12751	8946	8947	6
12752	8947	8948	6
12753	8948	8950	6
12754	8950	8951	6
12755	8951	8952	2
12756	8952	8953	6
12757	8953	8954	6
12758	8954	8954	0
12759	8954	8955	6
12760	8955	8956	6
12761	8956	8956	0
12762	8956	8956	0
12763	8956	8956	0
12764	8956	8957	6
12765	8957	8958	6
12766	8958	8959	6
12767	8959	8960	6
12768	8960	8961	6
12769	8961	8962	6
12770	8962	8962	0
12771	8962	8963	6
12772	8963	8963	0
12773	8963	8963	0
12774	8963	8964	2
12775	8964	8964	0
12776	8964	8964	0
12777	8964	8964	0
12778	8964	8964	0
12779	8964	8964	4
12780	8964	8964	0
12781	8964	8964	0
12782	8964	8964	0
12783	8964	8964	0
12784	8964	8964	0
12785	8964	8964	0
12786	8964	8964	0
12787	8964	8964	0
12788	8964	8965	6
12789	8965	8966	4
12790	8966	8967	6
12791	8967	8967	0
12792	8967	8968	6
12793	8968	8968	0
12794	8968	8968	0
12795	8968	8968	0
12796	8968	8968	0
12797	8968	8968	0
12798	8968	8968	0
12799	8968	8968	0
12800	8968	8968	0
12801	8968	8968	0
12802	8968	8968	0
12803	8968	8968	0
12804	8968	8968	0
12805	8968	8968	0
12806	8968	8968	0
12807	8968	8968	0
12808	8968	8968	0
12809	8968	8970	6
12810	8970	8971	6
12811	8971	8972	6
12812	8972	8972	0
12813	8972	8974	6
12814	8974	8976	6
12815	8976	8976	0
12816	8976	8976	0
12817	8976	8976	0
12818	8976	8976	0
12819	8976	8976	0
12820	8976	8976	0
12821	8976	8976	0
12822	8976	8977	2
12823	8977	8978	4
12824	8978	8978	0
12825	8978	8978	0
12826	8978	8978	0
12827	8978	8979	6
12828	8979	8979	0
12829	8979	8979	0
12830	8979	8979	0
12831	8979	8980	4
12832	8980	8981	6
12833	8981	8982	6
12834	8982	8982	0
12835	8982	8982	0
12836	8982	8982	0
12837	8982	8982	0
12838	8982	8982	0
12839	8982	8982	0
12840	8982	8983	6
12841	8983	8984	6
12842	8984	8984	0
12843	8984	8985	2
12844	8985	8986	2
12845	8986	8986	0
12846	8986	8986	0
12847	8986	8987	6
12848	8987	8987	4
12849	8987	8987	0
12850	8987	8988	6
12851	8988	8989	6
12852	8989	8990	6
12853	8990	8991	6
12854	8991	8992	6
12855	8992	8994	6
12856	8994	8995	6
12857	8995	8997	6
12858	8997	8999	6
12859	8999	8999	0
12860	8999	9000	6
12861	9000	9000	0
12862	9000	9002	6
12863	9002	9002	0
12864	9002	9002	0
12865	9002	9002	0
12866	9002	9002	0
12867	9002	9002	0
12868	9002	9002	0
12869	9002	9002	0
12870	9002	9004	6
12871	9004	9006	6
12872	9006	9007	6
12873	9007	9008	6
12874	9008	9008	0
12875	9008	9008	0
12876	9008	9009	2
12877	9009	9009	0
12878	9009	9010	6
12879	9010	9011	6
12880	9011	9011	6
12881	9011	9011	0
12882	9011	9011	6
12883	9011	9011	0
12884	9011	9011	0
12885	9011	9011	0
12886	9011	9011	0
12887	9011	9011	0
12888	9011	9011	0
12889	9011	9011	0
12890	9011	9011	0
12891	9011	9011	0
12892	9011	9011	0
12893	9011	9011	4
12894	9011	9013	6
12895	9013	9013	0
12896	9013	9013	0
12897	9013	9014	6
12898	9014	9015	6
12899	9015	9016	6
12900	9016	9018	6
12901	9018	9019	6
12902	9019	9019	0
12903	9019	9020	6
12904	9020	9021	6
12905	9021	9022	6
12906	9022	9022	4
12907	9022	9022	0
12908	9022	9023	4
12909	9023	9024	6
12910	9024	9025	6
12911	9025	9026	6
12912	9026	9027	6
12913	9027	9028	6
12914	9028	9029	6
12915	9029	9030	6
12916	9030	9031	6
12917	9031	9032	6
12918	9032	9033	6
12919	9033	9034	6
12920	9034	9035	6
12921	9035	9036	6
12922	9036	9037	6
12923	9037	9038	6
12924	9038	9039	6
12925	9039	9040	6
12926	9040	9041	6
12927	9041	9042	6
12928	9042	9043	6
12929	9043	9044	6
12930	9044	9045	6
12931	9045	9046	6
12932	9046	9046	0
12933	9046	9046	4
12934	9046	9048	6
12935	9048	9048	0
12936	9048	9048	0
12937	9048	9048	0
12938	9048	9048	0
12939	9048	9048	0
12940	9048	9050	6
12941	9050	9050	0
12942	9050	9050	0
12943	9050	9051	6
12944	9051	9052	6
12945	9052	9054	6
12946	9054	9054	0
12947	9054	9054	0
12948	9054	9056	6
12949	9056	9056	0
12950	9056	9056	0
12951	9056	9057	6
12952	9057	9057	0
12953	9057	9058	2
12954	9058	9059	6
12955	9059	9061	6
12956	9061	9061	0
12957	9061	9061	0
12958	9061	9062	6
12959	9062	9063	6
12960	9063	9065	6
12961	9065	9065	0
12962	9065	9065	0
12963	9065	9065	0
12964	9065	9067	6
12965	9067	9069	6
12966	9069	9071	6
12967	9071	9072	6
12968	9072	9073	6
12969	9073	9074	4
12970	9074	9075	6
12971	9075	9076	6
12972	9076	9077	6
12973	9077	9078	6
12974	9078	9079	6
12975	9079	9080	6
12976	9080	9081	6
12977	9081	9082	6
12978	9082	9083	6
12979	9083	9084	6
12980	9084	9085	6
12981	9085	9085	0
12982	9085	9085	0
12983	9085	9085	0
12984	9085	9085	0
12985	9085	9085	0
12986	9085	9085	0
12987	9085	9085	0
12988	9085	9085	0
12989	9085	9086	6
12990	9086	9087	6
12991	9087	9089	6
12992	9089	9089	0
12993	9089	9089	0
12994	9089	9090	6
12995	9090	9091	6
12996	9091	9093	6
12997	9093	9094	6
12998	9094	9095	6
12999	9095	9095	0
13000	9095	9096	6
13001	9096	9097	6
13002	9097	9098	6
13003	9098	9098	0
13004	9098	9099	2
13005	9099	9099	0
13006	9099	9100	6
13007	9100	9101	6
13008	9101	9102	6
13009	9102	9103	6
13010	9103	9103	0
13011	9103	9104	6
13012	9104	9105	6
13013	9105	9107	6
13014	9107	9108	6
13015	9108	9108	0
13016	9108	9109	6
13017	9109	9110	4
13018	9110	9110	0
13019	9110	9110	0
13020	9110	9110	0
13021	9110	9110	0
13022	9110	9110	0
13023	9110	9110	0
13024	9110	9110	0
13025	9110	9110	0
13026	9110	9110	0
13027	9110	9110	0
13028	9110	9112	6
13029	9112	9112	0
13030	9112	9114	6
13031	9114	9116	6
13032	9116	9117	6
13033	9117	9117	0
13034	9117	9119	6
13035	9119	9120	6
13036	9120	9120	0
13037	9120	9121	6
13038	9121	9122	6
13039	9122	9123	6
13040	9123	9124	6
13041	9124	9126	6
13042	9126	9127	6
13043	9127	9129	6
13044	9129	9130	6
13045	9130	9130	0
13046	9130	9132	6
13047	9132	9133	6
13048	9133	9134	2
13049	9134	9134	0
13050	9134	9135	6
13051	9135	9136	6
13052	9136	9137	6
13053	9137	9138	6
13054	9138	9139	6
13055	9139	9140	6
13056	9140	9141	6
13057	9141	9142	6
13058	9142	9143	6
13059	9143	9144	6
13060	9144	9145	6
13061	9145	9146	6
13062	9146	9147	6
13063	9147	9148	6
13064	9148	9149	6
13065	9149	9151	6
13066	9151	9153	6
13067	9153	9155	6
13068	9155	9157	6
13069	9157	9159	6
13070	9159	9161	6
13071	9161	9162	6
13072	9162	9163	6
13073	9163	9164	6
13074	9164	9165	6
13075	9165	9166	6
13076	9166	9167	6
13077	9167	9168	6
13078	9168	9169	6
13079	9169	9170	6
13080	9170	9171	6
13081	9171	9172	6
13082	9172	9173	6
13083	9173	9174	6
13084	9174	9175	6
13085	9175	9176	6
13086	9176	9177	6
13087	9177	9178	6
13088	9178	9179	6
13089	9179	9180	6
13090	9180	9180	0
13091	9180	9181	6
13092	9181	9181	0
13093	9181	9182	6
13094	9182	9183	6
13095	9183	9184	6
13096	9184	9185	6
13097	9185	9185	0
13098	9185	9186	6
13099	9186	9187	6
13100	9187	9188	6
13101	9188	9189	2
13102	9189	9189	0
13103	9189	9190	6
13104	9190	9190	4
13105	9190	9191	4
13106	9191	9191	0
13107	9191	9193	6
13108	9193	9194	6
13109	9194	9195	6
13110	9195	9196	6
13111	9196	9197	6
13112	9197	9199	6
13113	9199	9201	6
13114	9201	9202	6
13115	9202	9203	6
13116	9203	9205	6
13117	9205	9205	0
13118	9205	9205	0
13119	9205	9205	0
13120	9205	9205	0
13121	9205	9205	0
13122	9205	9205	0
13123	9205	9205	0
13124	9205	9205	0
13125	9205	9205	0
13126	9205	9206	6
13127	9206	9207	6
13128	9207	9208	6
13129	9208	9209	6
13130	9209	9210	6
13131	9210	9211	6
13132	9211	9212	6
13133	9212	9213	6
13134	9213	9214	6
13135	9214	9215	6
13136	9215	9216	6
13137	9216	9217	6
13138	9217	9218	6
13139	9218	9219	6
13140	9219	9220	6
13141	9220	9221	6
13142	9221	9221	0
13143	9221	9221	0
13144	9221	9221	0
13145	9221	9221	0
13146	9221	9222	4
13147	9222	9222	0
13148	9222	9223	6
13149	9223	9224	6
13150	9224	9225	6
13151	9225	9226	6
13152	9226	9228	6
13153	9228	9229	6
13154	9229	9230	6
13155	9230	9232	6
13156	9232	9232	0
13157	9232	9232	0
13158	9232	9232	0
13159	9232	9232	0
13160	9232	9233	6
13161	9233	9234	6
13162	9234	9234	0
13163	9234	9234	0
13164	9234	9235	6
13165	9235	9236	2
13166	9236	9237	2
13167	9237	9238	6
13168	9238	9239	4
13169	9239	9240	6
13170	9240	9241	2
13171	9241	9241	0
13172	9241	9241	0
13173	9241	9242	2
13174	9242	9242	0
13175	9242	9242	0
13176	9242	9242	0
13177	9242	9242	0
13178	9242	9242	0
13179	9242	9242	0
13180	9242	9242	0
13181	9242	9243	2
13182	9243	9244	6
13183	9244	9244	0
13184	9244	9245	2
13185	9245	9246	6
13186	9246	9247	6
13187	9247	9248	6
13188	9248	9249	6
13189	9249	9251	6
13190	9251	9253	6
13191	9253	9255	6
13192	9255	9256	6
13193	9256	9257	6
13194	9257	9258	6
13195	9258	9259	6
13196	9259	9260	6
13197	9260	9261	6
13198	9261	9263	6
13199	9263	9264	6
13200	9264	9266	6
13201	9266	9267	6
13202	9267	9267	0
13203	9267	9268	6
13204	9268	9269	2
13205	9269	9270	6
13206	9270	9271	6
13207	9271	9272	6
13208	9272	9273	6
13209	9273	9274	6
13210	9274	9275	6
13211	9275	9276	6
13212	9276	9277	6
13213	9277	9278	6
13214	9278	9279	6
13215	9279	9280	6
13216	9280	9281	6
13217	9281	9282	6
13218	9282	9283	6
13219	9283	9284	6
13220	9284	9285	6
13221	9285	9286	6
13222	9286	9287	6
13223	9287	9288	6
13224	9288	9289	6
13225	9289	9290	6
13226	9290	9291	6
13227	9291	9292	6
13228	9292	9293	6
13229	9293	9294	6
13230	9294	9295	6
13231	9295	9296	6
13232	9296	9296	0
13233	9296	9297	6
13234	9297	9298	6
13235	9298	9299	6
13236	9299	9299	0
13237	9299	9300	6
13238	9300	9301	6
13239	9301	9302	6
13240	9302	9303	6
13241	9303	9304	6
13242	9304	9305	6
13243	9305	9306	6
13244	9306	9307	6
13245	9307	9308	6
13246	9308	9309	6
13247	9309	9310	6
13248	9310	9310	0
13249	9310	9310	0
13250	9310	9310	0
13251	9310	9311	6
13252	9311	9312	6
13253	9312	9313	6
13254	9313	9314	6
13255	9314	9315	6
13256	9315	9316	6
13257	9316	9317	6
13258	9317	9317	0
13259	9317	9317	0
13260	9317	9317	0
13261	9317	9317	0
13262	9317	9317	0
13263	9317	9317	0
13264	9317	9317	0
13265	9317	9318	4
13266	9318	9319	2
13267	9319	9320	6
13268	9320	9320	0
13269	9320	9320	0
13270	9320	9320	0
13271	9320	9320	0
13272	9320	9320	0
13273	9320	9320	0
13274	9320	9320	0
13275	9320	9320	0
13276	9320	9321	6
13277	9321	9322	2
13278	9322	9323	6
13279	9323	9324	6
13280	9324	9325	2
13281	9325	9326	6
13282	9326	9327	6
13283	9327	9328	6
13284	9328	9328	0
13285	9328	9328	0
13286	9328	9329	6
13287	9329	9330	6
13288	9330	9331	6
13289	9331	9332	6
13290	9332	9333	6
13291	9333	9334	6
13292	9334	9335	6
13293	9335	9336	6
13294	9336	9337	6
13295	9337	9338	6
13296	9338	9339	6
13297	9339	9340	6
13298	9340	9341	6
13299	9341	9342	6
13300	9342	9343	6
13301	9343	9344	6
13302	9344	9345	6
13303	9345	9346	6
13304	9346	9347	6
13305	9347	9348	6
13306	9348	9349	6
13307	9349	9350	2
13308	9350	9351	6
13309	9351	9352	6
13310	9352	9353	6
13311	9353	9354	6
13312	9354	9355	6
13313	9355	9356	6
13314	9356	9357	6
13315	9357	9358	2
13316	9358	9359	2
13317	9359	9359	0
13318	9359	9360	6
13319	9360	9361	2
13320	9361	9362	6
13321	9362	9363	6
13322	9363	9364	6
13323	9364	9365	6
13324	9365	9366	6
13325	9366	9367	6
13326	9367	9368	6
13327	9368	9369	6
13328	9369	9370	6
13329	9370	9372	6
13330	9372	9374	6
13331	9374	9376	6
13332	9376	9377	6
13333	9377	9378	6
13334	9378	9380	6
13335	9380	9381	6
13336	9381	9382	6
13337	9382	9382	0
13338	9382	9382	0
13339	9382	9382	0
13340	9382	9383	2
13341	9383	9384	2
13342	9384	9384	0
13343	9384	9384	0
13344	9384	9385	6
13345	9385	9387	6
13346	9387	9389	6
13347	9389	9393	6
13348	9393	9394	6
13349	9394	9396	6
13350	9396	9396	0
13351	9396	9396	0
13352	9396	9397	6
13353	9397	9399	6
13354	9399	9401	6
13355	9401	9404	6
13356	9404	9406	6
13357	9406	9406	0
13358	9406	9406	0
13359	9406	9407	2
13360	9407	9407	0
13361	9407	9408	2
13362	9408	9410	2
13363	9410	9410	0
13364	9410	9410	0
13365	9410	9411	6
13366	9411	9412	6
13367	9412	9413	6
13368	9413	9414	6
13369	9414	9415	6
13370	9415	9416	6
13371	9416	9417	6
13372	9417	9418	6
13373	9418	9419	6
13374	9419	9420	6
13375	9420	9421	6
13376	9421	9422	6
13377	9422	9423	6
13378	9423	9424	6
13379	9424	9425	6
13380	9425	9426	6
13381	9426	9427	6
13382	9427	9428	6
13383	9428	9428	0
13384	9428	9428	0
13385	9428	9429	6
13386	9429	9431	6
13387	9431	9431	0
13388	9431	9431	0
13389	9431	9431	4
13390	9431	9431	4
13391	9431	9432	6
13392	9432	9432	0
13393	9432	9433	6
13394	9433	9434	6
13395	9434	9435	2
13396	9435	9437	6
13397	9437	9439	6
13398	9439	9441	6
13399	9441	9445	6
13400	9445	9446	6
13401	9446	9447	6
13402	9447	9449	6
13403	9449	9450	2
13404	9450	9452	6
13405	9452	9454	6
13406	9454	9454	0
13407	9454	9454	0
13408	9454	9454	0
13409	9454	9454	0
13410	9454	9454	0
13411	9454	9454	0
13412	9454	9454	0
13413	9454	9454	0
13414	9454	9454	0
13415	9454	9455	6
13416	9455	9457	6
13417	9457	9458	6
13418	9458	9460	6
13419	9460	9461	6
13420	9461	9463	6
13421	9463	9466	6
13422	9466	9468	6
13423	9468	9468	0
13424	9468	9468	0
13425	9468	9468	0
13426	9468	9468	0
13427	9468	9468	0
13428	9468	9468	0
13429	9468	9468	0
13430	9468	9468	0
13431	9468	9468	0
13432	9468	9469	6
13433	9469	9470	6
13434	9470	9471	6
13435	9471	9472	6
13436	9472	9473	6
13437	9473	9474	2
13438	9474	9475	6
13439	9475	9476	6
13440	9476	9477	6
13441	9477	9478	6
13442	9478	9479	6
13443	9479	9480	6
13444	9480	9481	6
13445	9481	9482	6
13446	9482	9483	6
13447	9483	9484	6
13448	9484	9485	6
13449	9485	9486	6
13450	9486	9487	6
13451	9487	9488	6
13452	9488	9489	6
13453	9489	9490	6
13454	9490	9491	6
13455	9491	9492	6
13456	9492	9493	6
13457	9493	9494	6
13458	9494	9495	6
13459	9495	9496	6
13460	9496	9496	0
13461	9496	9496	0
13462	9496	9496	0
13463	9496	9496	0
13464	9496	9496	0
13465	9496	9496	0
13466	9496	9496	0
13467	9496	9498	6
13468	9498	9500	6
13469	9500	9500	0
13470	9500	9501	6
13471	9501	9502	6
13472	9502	9503	6
13473	9503	9504	6
13474	9504	9505	6
13475	9505	9505	0
13476	9505	9506	6
13477	9506	9506	0
13478	9506	9507	6
13479	9507	9507	0
13480	9507	9507	0
13481	9507	9508	2
13482	9508	9508	0
13483	9508	9509	6
13484	9509	9509	0
13485	9509	9510	6
13486	9510	9511	6
13487	9511	9511	0
13488	9511	9512	6
13489	9512	9512	0
13490	9512	9512	0
13491	9512	9513	6
13492	9513	9515	6
13493	9515	9516	6
13494	9516	9517	6
13495	9517	9518	6
13496	9518	9520	6
13497	9520	9521	6
13498	9521	9523	6
13499	9523	9525	6
13500	9525	9526	6
13501	9526	9527	6
13502	9527	9527	0
13503	9527	9527	0
13504	9527	9527	0
13505	9527	9528	4
13506	9528	9528	0
13507	9528	9528	6
13508	9528	9528	0
13509	9528	9528	0
13510	9528	9528	4
13511	9528	9528	0
13512	9528	9530	6
13513	9530	9530	0
13514	9530	9531	6
13515	9531	9533	6
13516	9533	9533	0
13517	9533	9533	0
13518	9533	9533	0
13519	9533	9535	6
13520	9535	9537	6
13521	9537	9537	0
13522	9537	9537	0
13523	9537	9537	0
13524	9537	9537	0
13525	9537	9537	6
13526	9537	9537	6
13527	9537	9539	6
13528	9539	9539	0
13529	9539	9539	0
13530	9539	9539	0
13531	9539	9540	4
13532	9540	9541	6
13533	9541	9543	6
13534	9543	9544	6
13535	9544	9546	6
13536	9546	9548	6
13537	9548	9550	2
13538	9550	9550	0
13539	9550	9551	2
13540	9551	9551	0
13541	9551	9551	0
13542	9551	9551	0
13543	9551	9551	0
13544	9551	9551	0
13545	9551	9551	0
13546	9551	9551	0
13547	9551	9551	0
13548	9551	9551	0
13549	9551	9551	0
13550	9551	9551	0
13551	9551	9551	0
13552	9551	9551	0
13553	9551	9551	0
13554	9551	9553	2
13555	9553	9553	0
13556	9553	9553	0
13557	9553	9553	6
13558	9553	9555	6
13559	9555	9557	6
13560	9557	9561	6
13561	9561	9561	0
13562	9561	9561	0
13563	9561	9561	0
13564	9561	9561	0
13565	9561	9561	0
13566	9561	9561	6
13567	9561	9561	0
13568	9561	9561	0
13569	9561	9561	0
13570	9561	9561	0
13571	9561	9562	2
13572	9562	9563	2
13573	9563	9564	6
13574	9564	9565	6
13575	9565	9567	6
13576	9567	9569	6
13577	9569	9571	6
13578	9571	9571	0
13579	9571	9571	0
13580	9571	9571	0
13581	9571	9571	0
13582	9571	9571	0
13583	9571	9571	0
13584	9571	9571	0
13585	9571	9572	6
13586	9572	9572	0
13587	9572	9574	6
13588	9574	9576	6
13589	9576	9576	4
13590	9576	9576	0
13591	9576	9576	0
13592	9576	9577	6
13593	9577	9577	0
13594	9577	9577	0
13595	9577	9577	0
13596	9577	9577	0
13597	9577	9577	0
13598	9577	9577	0
13599	9577	9577	0
13600	9577	9577	0
13601	9577	9577	0
13602	9577	9577	0
13603	9577	9577	0
13604	9577	9577	0
13605	9577	9577	0
13606	9577	9577	0
13607	9577	9577	0
13608	9577	9577	0
13609	9577	9577	0
13610	9577	9577	0
13611	9577	9577	0
13612	9577	9577	0
13613	9577	9577	0
13614	9577	9577	0
13615	9577	9577	0
13616	9577	9579	6
13617	9579	9583	6
13618	9583	9587	6
13619	9587	9587	6
13620	9587	9589	6
13621	9589	9590	6
13622	9590	9591	2
13623	9591	9593	6
13624	9593	9593	6
13625	9593	9593	0
13626	9593	9594	6
13627	9594	9595	6
13628	9595	9595	0
13629	9595	9596	4
13630	9596	9596	0
13631	9596	9596	0
13632	9596	9597	4
13633	9597	9597	0
13634	9597	9598	4
13635	9598	9598	0
13636	9598	9598	0
13637	9598	9598	0
13638	9598	9598	0
13639	9598	9598	0
13640	9598	9598	0
13641	9598	9598	0
13642	9598	9598	0
13643	9598	9598	0
13644	9598	9598	0
13645	9598	9606	6
13646	9606	9606	0
13647	9606	9606	4
13648	9606	9606	0
13649	9606	9606	0
13650	9606	9606	0
13651	9606	9606	0
13652	9606	9606	0
13653	9606	9606	0
13654	9606	9606	0
13655	9606	9606	0
13656	9606	9606	0
13657	9606	9607	2
13658	9607	9607	0
13659	9607	9608	6
13660	9608	9609	6
13661	9609	9610	6
13662	9610	9611	6
13663	9611	9612	6
13664	9612	9613	6
13665	9613	9614	6
13666	9614	9615	6
13667	9615	9616	6
13668	9616	9616	0
13669	9616	9617	6
13670	9617	9618	6
13671	9618	9620	6
13672	9620	9621	6
13673	9621	9622	6
13674	9622	9623	6
13675	9623	9624	6
13676	9624	9625	6
13677	9625	9626	6
13678	9626	9627	6
13679	9627	9628	6
13680	9628	9629	6
13681	9629	9631	6
13682	9631	9631	0
13683	9631	9631	6
13684	9631	9632	6
13685	9632	9633	6
13686	9633	9634	6
13687	9634	9635	6
13688	9635	9636	6
13689	9636	9637	6
13690	9637	9638	6
13691	9638	9639	6
13692	9639	9640	6
13693	9640	9641	6
13694	9641	9642	6
13695	9642	9644	6
13696	9644	9645	6
13697	9645	9647	6
13698	9647	9648	6
13699	9648	9649	6
13700	9649	9650	6
13701	9650	9651	6
13702	9651	9653	6
13703	9653	9657	6
13704	9657	9658	6
13705	9658	9660	6
13706	9660	9662	6
13707	9662	9664	6
13708	9664	9666	6
13709	9666	9667	6
13710	9667	9668	6
13711	9668	9670	6
13712	9670	9671	6
13713	9671	9672	6
13714	9672	9673	6
13715	9673	9674	2
13716	9674	9674	0
13717	9674	9674	0
13718	9674	9674	0
13719	9674	9676	6
13720	9676	9680	6
13721	9680	9682	4
13722	9682	9683	6
13723	9683	9685	6
13724	9685	9686	6
13725	9686	9688	6
13726	9688	9689	6
13727	9689	9689	0
13728	9689	9690	2
13729	9690	9690	0
13730	9690	9692	6
13731	9692	9696	6
13732	9696	9698	6
13733	9698	9700	6
13734	9700	9701	4
13735	9701	9701	0
13736	9701	9701	0
13737	9701	9701	0
13738	9701	9701	0
13739	9701	9702	6
13740	9702	9703	6
13741	9703	9704	6
13742	9704	9705	6
13743	9705	9706	6
13744	9706	9706	0
13745	9706	9707	2
13746	9707	9708	6
13747	9708	9709	6
13748	9709	9710	6
13749	9710	9711	6
13750	9711	9712	6
13751	9712	9713	6
13752	9713	9714	6
13753	9714	9715	6
13754	9715	9716	6
13755	9716	9717	6
13756	9717	9718	6
13757	9718	9719	6
13758	9719	9720	6
13759	9720	9721	6
13760	9721	9722	6
13761	9722	9723	6
13762	9723	9724	6
13763	9724	9725	6
13764	9725	9727	6
13765	9727	9728	6
13766	9728	9729	6
13767	9729	9730	6
13768	9730	9731	6
13769	9731	9732	6
13770	9732	9733	6
13771	9733	9734	6
13772	9734	9735	6
13773	9735	9735	0
13774	9735	9736	6
13775	9736	9737	6
13776	9737	9738	6
13777	9738	9739	6
13778	9739	9740	6
13779	9740	9741	6
13780	9741	9742	6
13781	9742	9743	6
13782	9743	9744	6
13783	9744	9746	6
13784	9746	9748	6
13785	9748	9749	6
13786	9749	9750	6
13787	9750	9751	6
13788	9751	9752	6
13789	9752	9753	6
13790	9753	9755	6
13791	9755	9757	6
13792	9757	9758	6
13793	9758	9759	6
13794	9759	9760	6
13795	9760	9762	6
13796	9762	9763	6
13797	9763	9764	6
13798	9764	9768	6
13799	9768	9769	6
13800	9769	9770	6
13801	9770	9772	6
13802	9772	9772	4
13803	9772	9773	6
13804	9773	9774	6
13805	9774	9776	6
13806	9776	9778	6
13807	9778	9778	0
13808	9778	9778	0
13809	9778	9778	0
13810	9778	9778	0
13811	9778	9779	6
13812	9779	9780	6
13813	9780	9781	6
13814	9781	9782	6
13815	9782	9783	6
13816	9783	9784	6
13817	9784	9785	6
13818	9785	9786	6
13819	9786	9790	6
13820	9790	9792	2
13821	9792	9793	6
13822	9793	9794	6
13823	9794	9795	6
13824	9795	9796	6
13825	9796	9797	6
13826	9797	9798	6
13827	9798	9799	6
13828	9799	9800	6
13829	9800	9801	6
13830	9801	9803	6
13831	9803	9805	6
13832	9805	9806	6
13833	9806	9807	6
13834	9807	9808	6
13835	9808	9809	6
13836	9809	9810	6
13837	9810	9812	6
13838	9812	9814	6
13839	9814	9815	6
13840	9815	9816	6
13841	9816	9818	6
13842	9818	9820	6
13843	9820	9821	6
13844	9821	9822	6
13845	9822	9823	6
13846	9823	9824	6
13847	9824	9825	6
13848	9825	9826	6
13849	9826	9827	6
13850	9827	9828	6
13851	9828	9829	6
13852	9829	9830	6
13853	9830	9831	6
13854	9831	9832	6
13855	9832	9833	6
13856	9833	9834	6
13857	9834	9835	6
13858	9835	9836	6
13859	9836	9837	6
13860	9837	9838	6
13861	9838	9839	6
13862	9839	9840	6
13863	9840	9841	6
13864	9841	9842	6
13865	9842	9843	6
13866	9843	9844	6
13867	9844	9845	4
13868	9845	9846	6
13869	9846	9846	0
13870	9846	9846	0
13871	9846	9846	0
13872	9846	9847	6
13873	9847	9848	6
13874	9848	9849	6
13875	9849	9850	6
13876	9850	9850	0
13877	9850	9850	0
13878	9850	9851	6
13879	9851	9852	2
13880	9852	9853	4
13881	9853	9853	0
13882	9853	9853	0
13883	9853	9853	0
13884	9853	9854	6
13885	9854	9855	4
13886	9855	9855	0
13887	9855	9856	2
13888	9856	9858	6
13889	9858	9859	6
13890	9859	9860	6
13891	9860	9861	6
13892	9861	9861	0
13893	9861	9862	6
13894	9862	9862	0
13895	9862	9863	6
13896	9863	9864	6
13897	9864	9865	6
13898	9865	9866	6
13899	9866	9867	6
13900	9867	9868	6
13901	9868	9869	2
13902	9869	9870	6
13903	9870	9872	6
13904	9872	9873	6
13905	9873	9874	6
13906	9874	9875	6
13907	9875	9876	6
13908	9876	9876	0
13909	9876	9877	6
13910	9877	9878	6
13911	9878	9878	0
13912	9878	9879	6
13913	9879	9880	6
13914	9880	9881	6
13915	9881	9881	0
13916	9881	9881	0
13917	9881	9881	0
13918	9881	9881	0
13919	9881	9881	0
13920	9881	9881	0
13921	9881	9882	6
13922	9882	9883	6
13923	9883	9884	6
13924	9884	9885	6
13925	9885	9886	6
13926	9886	9887	6
13927	9887	9888	6
13928	9888	9889	6
13929	9889	9890	6
13930	9890	9891	6
13931	9891	9892	6
13932	9892	9893	6
13933	9893	9894	6
13934	9894	9895	6
13935	9895	9896	6
13936	9896	9897	6
13937	9897	9898	6
13938	9898	9899	6
13939	9899	9900	6
13940	9900	9901	6
13941	9901	9902	6
13942	9902	9903	6
13943	9903	9904	6
13944	9904	9905	6
13945	9905	9906	6
13946	9906	9907	6
13947	9907	9908	6
13948	9908	9909	6
13949	9909	9910	6
13950	9910	9911	6
13951	9911	9912	6
13952	9912	9914	6
13953	9914	9916	6
13954	9916	9917	6
13955	9917	9918	6
13956	9918	9919	6
13957	9919	9920	6
13958	9920	9921	2
13959	9921	9922	6
13960	9922	9923	6
13961	9923	9924	6
13962	9924	9925	6
13963	9925	9926	6
13964	9926	9927	6
13965	9927	9928	6
13966	9928	9929	6
13967	9929	9930	2
13968	9930	9931	6
13969	9931	9932	6
13970	9932	9933	6
13971	9933	9934	6
13972	9934	9935	6
13973	9935	9936	6
13974	9936	9937	6
13975	9937	9938	6
13976	9938	9939	6
13977	9939	9940	6
13978	9940	9941	6
13979	9941	9942	6
13980	9942	9943	6
13981	9943	9944	6
13982	9944	9945	6
13983	9945	9946	6
13984	9946	9947	6
13985	9947	9948	6
13986	9948	9949	6
13987	9949	9950	6
13988	9950	9951	6
13989	9951	9952	6
13990	9952	9953	6
13991	9953	9954	6
13992	9954	9955	2
13993	9955	9956	6
13994	9956	9957	6
13995	9957	9958	6
13996	9958	9960	6
13997	9960	9961	6
13998	9961	9962	6
13999	9962	9963	6
14000	9963	9964	6
14001	9964	9965	6
14002	9965	9966	6
14003	9966	9967	6
14004	9967	9968	6
14005	9968	9969	6
14006	9969	9970	6
14007	9970	9971	6
14008	9971	9972	6
14009	9972	9973	6
14010	9973	9974	6
14011	9974	9975	6
14012	9975	9976	6
14013	9976	9977	6
14014	9977	9978	6
14015	9978	9979	6
14016	9979	9979	0
14017	9979	9980	6
14018	9980	9981	6
14019	9981	9982	6
14020	9982	9983	6
14021	9983	9984	6
14022	9984	9985	6
14023	9985	9985	0
14024	9985	9985	0
14025	9985	9985	0
14026	9985	9986	6
14027	9986	9987	6
14028	9987	9988	2
14029	9988	9989	6
14030	9989	9990	6
14031	9990	9991	6
14032	9991	9992	6
14033	9992	9993	6
14034	9993	9994	6
14035	9994	9994	0
14036	9994	9994	0
14037	9994	9994	0
14038	9994	9994	0
14039	9994	9994	0
14040	9994	9994	0
14041	9994	9994	0
14042	9994	9995	6
14043	9995	9996	6
14044	9996	9996	0
14045	9996	9996	0
14046	9996	9996	0
14047	9996	9996	0
14048	9996	9996	0
14049	9996	9997	4
14050	9997	9998	6
14051	9998	9998	0
14052	9998	9998	0
14053	9998	10000	6
14054	10000	10001	6
14055	10001	10002	6
14056	10002	10004	6
14057	10004	10006	6
14058	10006	10007	6
14059	10007	10008	6
14060	10008	10009	6
14061	10009	10010	6
14062	10010	10011	6
14063	10011	10012	6
14064	10012	10013	6
14065	10013	10014	6
14066	10014	10015	6
14067	10015	10016	6
14068	10016	10017	6
14069	10017	10017	0
14070	10017	10018	2
14071	10018	10019	2
14072	10019	10019	0
14073	10019	10020	4
14074	10020	10020	0
14075	10020	10020	0
14076	10020	10020	0
14077	10020	10020	0
14078	10020	10021	4
14079	10021	10021	0
14080	10021	10022	6
14081	10022	10023	4
14082	10023	10024	6
14083	10024	10025	6
14084	10025	10026	6
14085	10026	10027	2
14086	10027	10028	6
14087	10028	10029	6
14088	10029	10030	6
14089	10030	10031	2
14090	10031	10032	6
14091	10032	10032	0
14092	10032	10034	6
14093	10034	10036	6
14094	10036	10037	6
14095	10037	10038	6
14096	10038	10039	6
14097	10039	10041	6
14098	10041	10041	6
14099	10041	10041	0
14100	10041	10041	0
14101	10041	10041	0
14102	10041	10042	6
14103	10042	10042	6
14104	10042	10042	0
14105	10042	10044	6
14106	10044	10046	6
14107	10046	10046	0
14108	10046	10047	6
14109	10047	10048	6
14110	10048	10048	0
14111	10048	10048	0
14112	10048	10048	0
14113	10048	10048	0
14114	10048	10048	0
14115	10048	10048	0
14116	10048	10048	0
14117	10048	10048	0
14118	10048	10048	0
14119	10048	10048	0
14120	10048	10049	6
14121	10049	10049	0
14122	10049	10049	0
14123	10049	10049	0
14124	10049	10050	6
14125	10050	10051	6
14126	10051	10051	0
14127	10051	10052	6
14128	10052	10053	6
14129	10053	10054	6
14130	10054	10054	0
14131	10054	10055	6
14132	10055	10056	6
14133	10056	10057	6
14134	10057	10058	6
14135	10058	10059	4
14136	10059	10059	0
14137	10059	10060	6
14138	10060	10061	6
14139	10061	10062	6
14140	10062	10063	6
14141	10063	10064	6
14142	10064	10065	6
14143	10065	10066	6
14144	10066	10067	6
14145	10067	10067	0
14146	10067	10067	0
14147	10067	10067	0
14148	10067	10067	0
14149	10067	10067	0
14150	10067	10067	0
14151	10067	10067	0
14152	10067	10067	0
14153	10067	10068	6
14154	10068	10069	6
14155	10069	10070	6
14156	10070	10071	6
14157	10071	10072	4
14158	10072	10073	6
14159	10073	10074	6
14160	10074	10075	6
14161	10075	10077	6
14162	10077	10078	6
14163	10078	10079	6
14164	10079	10079	4
14165	10079	10080	4
14166	10080	10081	6
14167	10081	10081	0
14168	10081	10082	2
14169	10082	10083	6
14170	10083	10084	6
14171	10084	10085	6
14172	10085	10086	6
14173	10086	10086	0
14174	10086	10087	6
14175	10087	10088	6
14176	10088	10088	0
14177	10088	10088	0
14178	10088	10088	0
14179	10088	10088	0
14180	10088	10089	6
14181	10089	10089	0
14182	10089	10089	0
14183	10089	10089	0
14184	10089	10089	0
14185	10089	10089	0
14186	10089	10089	0
14187	10089	10089	0
14188	10089	10089	0
14189	10089	10090	6
14190	10090	10091	6
14191	10091	10092	6
14192	10092	10093	6
14193	10093	10095	6
14194	10095	10096	6
14195	10096	10097	6
14196	10097	10097	0
14197	10097	10097	0
14198	10097	10097	0
14199	10097	10099	6
14200	10099	10100	6
14201	10100	10101	4
14202	10101	10101	4
14203	10101	10101	0
14204	10101	10102	6
14205	10102	10103	4
14206	10103	10104	2
14207	10104	10105	6
14208	10105	10105	0
14209	10105	10105	0
14210	10105	10106	6
14211	10106	10106	0
14212	10106	10107	6
14213	10107	10108	2
14214	10108	10109	6
14215	10109	10110	6
14216	10110	10111	6
14217	10111	10112	6
14218	10112	10113	2
14219	10113	10114	6
14220	10114	10115	6
14221	10115	10116	6
14222	10116	10117	6
14223	10117	10118	6
14224	10118	10118	0
14225	10118	10119	6
14226	10119	10119	0
14227	10119	10120	6
14228	10120	10121	6
14229	10121	10122	2
14230	10122	10122	0
14231	10122	10123	6
14232	10123	10124	6
14233	10124	10124	2
14234	10124	10125	2
14235	10125	10126	6
14236	10126	10127	6
14237	10127	10128	6
14238	10128	10129	6
14239	10129	10130	6
14240	10130	10131	6
14241	10131	10132	6
14242	10132	10133	6
14243	10133	10134	6
14244	10134	10135	6
14245	10135	10136	6
14246	10136	10137	6
14247	10137	10138	6
14248	10138	10139	2
14249	10139	10140	6
14250	10140	10141	6
14251	10141	10142	6
14252	10142	10143	6
14253	10143	10144	6
14254	10144	10145	6
14255	10145	10146	6
14256	10146	10147	6
14257	10147	10148	6
14258	10148	10149	6
14259	10149	10150	6
14260	10150	10151	6
14261	10151	10152	6
14262	10152	10153	6
14263	10153	10154	6
14264	10154	10155	6
14265	10155	10156	6
14266	10156	10157	6
14267	10157	10158	6
14268	10158	10159	6
14269	10159	10160	2
14270	10160	10160	0
14271	10160	10162	6
14272	10162	10163	2
14273	10163	10165	6
14274	10165	10165	0
14275	10165	10167	6
14276	10167	10168	6
14277	10168	10169	6
14278	10169	10170	6
14279	10170	10170	0
14280	10170	10170	0
14281	10170	10171	6
14282	10171	10172	6
14283	10172	10173	6
14284	10173	10174	6
14285	10174	10175	6
14286	10175	10176	2
14287	10176	10177	6
14288	10177	10178	6
14289	10178	10179	6
14290	10179	10181	6
14291	10181	10183	6
14292	10183	10184	6
14293	10184	10186	6
14294	10186	10187	6
14295	10187	10188	6
14296	10188	10189	6
14297	10189	10190	6
14298	10190	10190	0
14299	10190	10191	6
14300	10191	10192	6
14301	10192	10193	6
14302	10193	10194	6
14303	10194	10195	6
14304	10195	10196	2
14305	10196	10196	0
14306	10196	10196	0
14307	10196	10196	0
14308	10196	10197	6
14309	10197	10198	6
14310	10198	10199	6
14311	10199	10200	6
14312	10200	10201	6
14313	10201	10202	6
14314	10202	10203	6
14315	10203	10204	2
14316	10204	10205	6
14317	10205	10206	6
14318	10206	10207	6
14319	10207	10208	6
14320	10208	10209	6
14321	10209	10210	6
14322	10210	10211	6
14323	10211	10212	6
14324	10212	10212	0
14325	10212	10213	6
14326	10213	10214	6
14327	10214	10215	6
14328	10215	10216	6
14329	10216	10217	6
14330	10217	10218	6
14331	10218	10219	6
14332	10219	10220	2
14333	10220	10221	6
14334	10221	10222	6
14335	10222	10223	6
14336	10223	10224	6
14337	10224	10225	6
14338	10225	10226	6
14339	10226	10227	6
14340	10227	10228	6
14341	10228	10229	6
14342	10229	10230	6
14343	10230	10231	6
14344	10231	10232	6
14345	10232	10233	6
14346	10233	10234	6
14347	10234	10235	6
14348	10235	10236	6
14349	10236	10237	6
14350	10237	10238	6
14351	10238	10239	6
14352	10239	10240	6
14353	10240	10241	6
14354	10241	10242	6
14355	10242	10243	6
14356	10243	10244	6
14357	10244	10245	6
14358	10245	10246	6
14359	10246	10247	6
14360	10247	10248	6
14361	10248	10249	6
14362	10249	10251	6
14363	10251	10252	6
14364	10252	10254	6
14365	10254	10256	6
14366	10256	10258	6
14367	10258	10259	6
14368	10259	10260	6
14369	10260	10262	6
14370	10262	10264	6
14371	10264	10265	4
14372	10265	10266	6
14373	10266	10267	6
14374	10267	10268	6
14375	10268	10269	6
14376	10269	10270	6
14377	10270	10270	0
14378	10270	10272	6
14379	10272	10273	6
14380	10273	10274	6
14381	10274	10275	6
14382	10275	10276	6
14383	10276	10277	6
14384	10277	10278	6
14385	10278	10279	6
14386	10279	10280	2
14387	10280	10280	0
14388	10280	10280	6
14389	10280	10281	6
14390	10281	10281	0
14391	10281	10281	4
14392	10281	10282	6
14393	10282	10283	6
14394	10283	10285	6
14395	10285	10286	6
14396	10286	10286	0
14397	10286	10286	0
14398	10286	10286	6
14399	10286	10288	6
14400	10288	10288	4
14401	10288	10288	0
14402	10288	10288	0
14403	10288	10288	0
14404	10288	10288	4
14405	10288	10288	0
14406	10288	10289	4
14407	10289	10289	0
14408	10289	10289	0
14409	10289	10289	0
14410	10289	10289	0
14411	10289	10289	0
14412	10289	10289	0
14413	10289	10290	2
14414	10290	10290	0
14415	10290	10290	6
14416	10290	10290	0
14417	10290	10290	0
14418	10290	10290	0
14419	10290	10290	0
14420	10290	10291	6
14421	10291	10291	0
14422	10291	10291	0
14423	10291	10291	0
14424	10291	10293	6
14425	10293	10294	6
14426	10294	10294	0
14427	10294	10294	0
14428	10294	10294	0
14429	10294	10294	0
14430	10294	10294	0
14431	10294	10294	6
14432	10294	10295	6
14433	10295	10296	6
14434	10296	10296	0
14435	10296	10296	6
14436	10296	10296	0
14437	10296	10297	4
14438	10297	10297	4
14439	10297	10297	0
14440	10297	10297	4
14441	10297	10297	0
14442	10297	10297	0
14443	10297	10297	0
14444	10297	10297	0
14445	10297	10297	0
14446	10297	10297	0
14447	10297	10297	0
14448	10297	10297	0
14449	10297	10297	0
14450	10297	10297	0
14451	10297	10297	0
14452	10297	10297	0
14453	10297	10297	0
14454	10297	10297	0
14455	10297	10297	0
14456	10297	10297	0
14457	10297	10297	0
14458	10297	10297	0
14459	10297	10297	0
14460	10297	10297	0
14461	10297	10297	0
14462	10297	10297	0
14463	10297	10297	0
14464	10297	10297	0
14465	10297	10297	0
14466	10297	10297	0
14467	10297	10297	0
14468	10297	10297	0
14469	10297	10297	0
14470	10297	10297	0
14471	10297	10297	0
14472	10297	10297	0
14473	10297	10298	6
14474	10298	10299	6
14475	10299	10299	4
14476	10299	10299	0
14477	10299	10299	0
14478	10299	10299	0
14479	10299	10300	6
14480	10300	10300	0
14481	10300	10300	0
14482	10300	10300	0
14483	10300	10300	0
14484	10300	10300	0
14485	10300	10300	0
14486	10300	10300	0
14487	10300	10300	0
14488	10300	10300	0
14489	10300	10301	4
14490	10301	10302	2
14491	10302	10303	6
14492	10303	10303	0
14493	10303	10303	0
14494	10303	10303	0
14495	10303	10303	2
14496	10303	10304	6
14497	10304	10305	6
14498	10305	10306	6
14499	10306	10308	6
14500	10308	10309	6
14501	10309	10311	6
14502	10311	10312	6
14503	10312	10314	6
14504	10314	10315	6
14505	10315	10316	6
14506	10316	10317	6
14507	10317	10319	6
14508	10319	10320	6
14509	10320	10322	6
14510	10322	10323	6
14511	10323	10324	6
14512	10324	10325	6
14513	10325	10326	6
14514	10326	10327	6
14515	10327	10329	6
14516	10329	10331	6
14517	10331	10331	0
14518	10331	10332	6
14519	10332	10333	6
14520	10333	10333	0
14521	10333	10333	0
14522	10333	10334	6
14523	10334	10335	6
14524	10335	10336	6
14525	10336	10337	6
14526	10337	10338	6
14527	10338	10340	6
14528	10340	10341	6
14529	10341	10343	6
14530	10343	10343	0
14531	10343	10344	6
14532	10344	10345	6
14533	10345	10347	6
14534	10347	10348	6
14535	10348	10350	6
14536	10350	10351	6
14537	10351	10352	6
14538	10352	10353	6
14539	10353	10354	6
14540	10354	10355	6
14541	10355	10355	0
14542	10355	10356	6
14543	10356	10358	6
14544	10358	10359	6
14545	10359	10360	6
14546	10360	10360	0
14547	10360	10364	6
14548	10364	10365	6
14549	10365	10367	6
14550	10367	10367	0
14551	10367	10368	4
14552	10368	10369	6
14553	10369	10371	6
14554	10371	10372	6
14555	10372	10373	2
14556	10373	10377	6
14557	10377	10379	6
14558	10379	10380	4
14559	10380	10381	6
14560	10381	10382	6
14561	10382	10383	6
14562	10383	10384	6
14563	10384	10385	6
14564	10385	10386	6
14565	10386	10387	6
14566	10387	10388	6
14567	10388	10389	6
14568	10389	10390	6
14569	10390	10391	6
14570	10391	10392	2
14571	10392	10392	0
14572	10392	10393	6
14573	10393	10393	0
14574	10393	10394	2
14575	10394	10394	0
14576	10394	10395	6
14577	10395	10396	6
14578	10396	10396	0
14579	10396	10397	6
14580	10397	10398	6
14581	10398	10399	6
14582	10399	10399	0
14583	10399	10400	6
14584	10400	10401	2
14585	10401	10402	6
14586	10402	10402	0
14587	10402	10403	2
14588	10403	10404	2
14589	10404	10405	6
14590	10405	10406	6
14591	10406	10407	2
14592	10407	10407	0
14593	10407	10408	6
14594	10408	10409	6
14595	10409	10410	6
14596	10410	10411	6
14597	10411	10412	6
14598	10412	10413	6
14599	10413	10414	6
14600	10414	10415	6
14601	10415	10416	6
14602	10416	10417	6
14603	10417	10418	6
14604	10418	10419	6
14605	10419	10420	6
14606	10420	10421	6
14607	10421	10422	6
14608	10422	10423	6
14609	10423	10425	6
14610	10425	10428	6
14611	10428	10429	6
14612	10429	10433	6
14613	10433	10433	0
14614	10433	10433	0
14615	10433	10434	2
14616	10434	10435	2
14617	10435	10436	2
14618	10436	10436	0
14619	10436	10437	2
14620	10437	10438	2
14621	10438	10439	2
14622	10439	10439	0
14623	10439	10439	0
14624	10439	10440	6
14625	10440	10441	4
14626	10441	10442	6
14627	10442	10442	0
14628	10442	10442	0
14629	10442	10442	0
14630	10442	10444	6
14631	10444	10446	6
14632	10446	10446	0
14633	10446	10447	2
14634	10447	10447	2
14635	10447	10447	0
14636	10447	10448	6
14637	10448	10449	6
14638	10449	10450	6
14639	10450	10451	6
14640	10451	10453	6
14641	10453	10454	6
14642	10454	10454	0
14643	10454	10455	4
14644	10455	10455	0
14645	10455	10455	0
14646	10455	10455	0
14647	10455	10455	0
14648	10455	10456	2
14649	10456	10456	0
14650	10456	10456	0
14651	10456	10456	0
14652	10456	10457	6
14653	10457	10457	0
14654	10457	10457	2
14655	10457	10457	0
14656	10457	10457	0
14657	10457	10457	0
14658	10457	10457	0
14659	10457	10457	6
14660	10457	10457	0
14661	10457	10457	0
14662	10457	10457	0
14663	10457	10457	0
14664	10457	10457	0
14665	10457	10459	6
14666	10459	10459	0
14667	10459	10459	0
14668	10459	10460	4
14669	10460	10460	0
14670	10460	10460	0
14671	10460	10460	0
14672	10460	10461	6
14673	10461	10462	6
14674	10462	10463	6
14675	10463	10464	6
14676	10464	10465	6
14677	10465	10466	6
14678	10466	10467	6
14679	10467	10468	6
14680	10468	10468	0
14681	10468	10468	0
14682	10468	10469	6
14683	10469	10470	6
14684	10470	10471	6
14685	10471	10473	6
14686	10473	10474	6
14687	10474	10475	6
14688	10475	10478	6
14689	10478	10479	6
14690	10479	10480	6
14691	10480	10481	6
14692	10481	10483	6
14693	10483	10483	0
14694	10483	10486	6
14695	10486	10486	0
14696	10486	10486	0
14697	10486	10488	6
14698	10488	10489	2
14699	10489	10491	6
14700	10491	10492	6
14701	10492	10493	6
14702	10493	10493	0
14703	10493	10495	6
14704	10495	10496	6
14705	10496	10497	6
14706	10497	10498	6
14707	10498	10499	6
14708	10499	10500	6
14709	10500	10501	6
14710	10501	10502	6
14711	10502	10503	6
14712	10503	10504	6
14713	10504	10505	6
14714	10505	10506	6
14715	10506	10507	6
14716	10507	10509	6
14717	10509	10511	6
14718	10511	10513	6
14719	10513	10514	6
14720	10514	10515	6
14721	10515	10516	6
14722	10516	10519	2
14723	10519	10520	6
14724	10520	10520	0
14725	10520	10520	0
14726	10520	10521	6
14727	10521	10522	6
14728	10522	10523	6
14729	10523	10524	6
14730	10524	10525	6
14731	10525	10526	6
14732	10526	10527	6
14733	10527	10528	6
14734	10528	10529	6
14735	10529	10529	0
14736	10529	10530	6
14737	10530	10531	6
14738	10531	10532	6
14739	10532	10533	6
14740	10533	10534	6
14741	10534	10535	6
14742	10535	10536	6
14743	10536	10537	6
14744	10537	10538	6
14745	10538	10539	6
14746	10539	10540	6
14747	10540	10541	6
14748	10541	10543	6
14749	10543	10544	6
14750	10544	10545	6
14751	10545	10546	6
14752	10546	10547	6
14753	10547	10548	6
14754	10548	10549	6
14755	10549	10550	6
14756	10550	10552	6
14757	10552	10553	6
14758	10553	10555	6
14759	10555	10556	6
14760	10556	10557	6
14761	10557	10558	6
14762	10558	10559	6
14763	10559	10561	6
14764	10561	10562	6
14765	10562	10562	0
14766	10562	10563	6
14767	10563	10563	0
14768	10563	10564	6
14769	10564	10565	6
14770	10565	10566	6
14771	10566	10567	6
14772	10567	10568	6
14773	10568	10569	6
14774	10569	10571	6
14775	10571	10573	6
14776	10573	10574	6
14777	10574	10575	6
14778	10575	10576	6
14779	10576	10577	6
14780	10577	10579	6
14781	10579	10580	6
14782	10580	10582	6
14783	10582	10583	6
14784	10583	10584	6
14785	10584	10585	2
14786	10585	10587	6
14787	10587	10587	0
14788	10587	10588	6
14789	10588	10589	6
14790	10589	10590	6
14791	10590	10591	6
14792	10591	10592	6
14793	10592	10593	6
14794	10593	10594	6
14795	10594	10595	6
14796	10595	10597	6
14797	10597	10599	6
14798	10599	10600	6
14799	10600	10601	6
14800	10601	10602	6
14801	10602	10604	6
14802	10604	10605	6
14803	10605	10607	6
14804	10607	10609	6
14805	10609	10610	6
14806	10610	10612	6
14807	10612	10613	6
14808	10613	10614	6
14809	10614	10615	2
14810	10615	10617	6
14811	10617	10619	6
14812	10619	10621	6
14813	10621	10622	6
14814	10622	10624	6
14815	10624	10625	6
14816	10625	10626	6
14817	10626	10627	6
14818	10627	10628	6
14819	10628	10629	6
14820	10629	10630	6
14821	10630	10631	6
14822	10631	10632	6
14823	10632	10632	0
14824	10632	10632	0
14825	10632	10633	6
14826	10633	10634	6
14827	10634	10635	6
14828	10635	10636	6
14829	10636	10637	6
14830	10637	10638	6
14831	10638	10639	6
14832	10639	10640	4
14833	10640	10641	6
14834	10641	10642	6
14835	10642	10643	6
14836	10643	10644	6
14837	10644	10645	6
14838	10645	10646	6
14839	10646	10647	6
14840	10647	10648	6
14841	10648	10649	6
14842	10649	10650	6
14843	10650	10651	6
14844	10651	10652	6
14845	10652	10653	6
14846	10653	10654	6
14847	10654	10655	6
14848	10655	10656	6
14849	10656	10657	6
14850	10657	10658	6
14851	10658	10659	6
14852	10659	10660	6
14853	10660	10661	6
14854	10661	10662	6
14855	10662	10663	6
14856	10663	10664	6
14857	10664	10665	6
14858	10665	10666	6
14859	10666	10667	6
14860	10667	10667	0
14861	10667	10667	0
14862	10667	10667	0
14863	10667	10667	0
14864	10667	10667	0
14865	10667	10667	0
14866	10667	10667	0
14867	10667	10667	6
14868	10667	10667	6
14869	10667	10678	6
14870	10678	10689	6
14871	10689	10695	6
14872	10695	10701	6
14873	10701	10725	6
14874	10725	10725	0
14875	10725	10726	4
14876	10726	10726	0
14877	10726	10726	0
14878	10726	10726	0
14879	10726	10727	6
14880	10727	10730	6
14881	10730	10730	0
14882	10730	10730	0
14883	10730	10730	0
14884	10730	10730	4
14885	10730	10732	2
14886	10732	10733	6
14887	10733	10735	6
14888	10735	10737	6
14889	10737	10738	6
14890	10738	10739	6
14891	10739	10739	0
14892	10739	10739	0
14893	10739	10740	6
14894	10740	10741	6
14895	10741	10742	6
14896	10742	10743	6
14897	10743	10744	6
14898	10744	10745	6
14899	10745	10745	0
14900	10745	10746	6
14901	10746	10747	6
14902	10747	10748	6
14903	10748	10749	6
14904	10749	10750	6
14905	10750	10751	6
14906	10751	10752	6
14907	10752	10753	2
14908	10753	10754	6
14909	10754	10754	0
14910	10754	10754	0
14911	10754	10754	0
14912	10754	10754	0
14913	10754	10754	0
14914	10754	10754	0
14915	10754	10754	0
14916	10754	10756	6
14917	10756	10756	0
14918	10756	10756	2
14919	10756	10756	0
14920	10756	10756	0
14921	10756	10756	0
14922	10756	10756	0
14923	10756	10757	2
14924	10757	10758	2
14925	10758	10759	6
14926	10759	10763	6
14927	10763	10763	0
14928	10763	10763	0
14929	10763	10769	6
14930	10769	10773	6
14931	10773	10774	6
14932	10774	10775	6
14933	10775	10777	6
14934	10777	10781	6
14935	10781	10784	6
14936	10784	10784	0
14937	10784	10784	0
14938	10784	10788	6
14939	10788	10790	2
14940	10790	10790	0
14941	10790	10792	6
14942	10792	10793	6
14943	10793	10793	0
14944	10793	10793	0
14945	10793	10793	0
14946	10793	10797	6
14947	10797	10803	6
14948	10803	10803	0
14949	10803	10804	2
14950	10804	10807	6
14951	10807	10812	6
14952	10812	10818	6
14953	10818	10819	6
14954	10819	10821	6
14955	10821	10821	0
14956	10821	10821	0
14957	10821	10821	0
14958	10821	10821	0
14959	10821	10821	0
14960	10821	10821	0
14961	10821	10825	6
14962	10825	10829	6
14963	10829	10829	0
14964	10829	10829	0
14965	10829	10832	6
14966	10832	10835	6
14967	10835	10838	6
14968	10838	10842	6
14969	10842	10843	6
14970	10843	10845	6
14971	10845	10845	0
14972	10845	10845	0
14973	10845	10845	0
14974	10845	10845	0
14975	10845	10845	0
14976	10845	10845	0
14977	10845	10845	6
14978	10845	10846	6
14979	10846	10846	4
14980	10846	10846	4
14981	10846	10847	6
14982	10847	10847	0
14983	10847	10847	6
14984	10847	10850	6
14985	10850	10851	6
14986	10851	10851	0
14987	10851	10852	6
14988	10852	10854	6
14989	10854	10854	0
14990	10854	10854	0
14991	10854	10854	4
14992	10854	10854	0
14993	10854	10854	0
14994	10854	10854	0
14995	10854	10854	0
14996	10854	10854	6
14997	10854	10854	6
14998	10854	10854	4
14999	10854	10854	4
15000	10854	10854	0
15001	10854	10854	0
15002	10854	10854	6
15003	10854	10854	0
15004	10854	10854	6
15005	10854	10854	0
15006	10854	10854	0
15007	10854	10854	4
15008	10854	10854	0
15009	10854	10854	4
15010	10854	10854	4
15011	10854	10854	0
15012	10854	10854	6
15013	10854	10854	0
15014	10854	10855	6
15015	10855	10855	0
15016	10855	10855	4
15017	10855	10855	4
15018	10855	10855	0
15019	10855	10855	0
15020	10855	10855	6
15021	10855	10855	0
15022	10855	10855	0
15023	10855	10855	0
15024	10855	10855	0
15025	10855	10855	0
15026	10855	10855	0
15027	10855	10855	0
15028	10855	10855	0
15029	10855	10855	0
15030	10855	10855	0
15031	10855	10855	0
15032	10855	10859	6
15033	10859	10860	6
15034	10860	10864	6
15035	10864	10865	6
15036	10865	10868	6
15037	10868	10868	0
15038	10868	10871	6
15039	10871	10871	0
15040	10871	10875	6
15041	10875	10877	6
15042	10877	10881	6
15043	10881	10882	6
15044	10882	10883	6
15045	10883	10885	6
15046	10885	10886	4
15047	10886	10888	6
15048	10888	10889	6
15049	10889	10889	0
15050	10889	10889	0
15051	10889	10889	0
15052	10889	10889	0
15053	10889	10889	6
15054	10889	10889	6
15055	10889	10889	0
15056	10889	10889	0
15057	10889	10889	0
15058	10889	10889	0
15059	10889	10889	0
15060	10889	10889	0
15061	10889	10889	0
15062	10889	10893	6
15063	10893	10894	6
15064	10894	10897	6
15065	10897	10897	0
15066	10897	10900	6
15067	10900	10902	6
15068	10902	10904	6
15069	10904	10905	6
15070	10905	10905	0
15071	10905	10905	0
15072	10905	10905	6
15073	10905	10905	0
15074	10905	10907	6
15075	10907	10909	6
15076	10909	10910	6
15077	10910	10911	6
15078	10911	10913	6
15079	10913	10913	0
15080	10913	10917	6
15081	10917	10919	6
15082	10919	10920	6
15083	10920	10921	6
15084	10921	10922	6
15085	10922	10924	6
15086	10924	10925	6
15087	10925	10926	6
15088	10926	10926	0
15089	10926	10926	0
15090	10926	10926	0
15091	10926	10929	6
15092	10929	10929	0
15093	10929	10929	0
15094	10929	10929	0
15095	10929	10929	0
15096	10929	10929	0
15097	10929	10929	0
15098	10929	10929	0
15099	10929	10932	6
15100	10932	10932	0
15101	10932	10932	0
15102	10932	10932	0
15103	10932	10932	0
15104	10932	10932	0
15105	10932	10932	0
15106	10932	10932	0
15107	10932	10932	0
15108	10932	10932	0
15109	10932	10932	0
15110	10932	10932	0
15111	10932	10932	0
15112	10932	10932	0
15113	10932	10932	0
15114	10932	10932	0
15115	10932	10932	0
15116	10932	10932	0
15117	10932	10932	0
15118	10932	10932	0
15119	10932	10932	0
15120	10932	10932	0
15121	10932	10946	6
15122	10946	10946	0
15123	10946	10961	6
15124	10961	10961	0
15125	10961	10976	6
15126	10976	10976	0
15127	10976	10993	6
15128	10993	10993	0
15129	10993	11016	6
15130	11016	11036	6
15131	11036	11036	0
15132	11036	11036	0
15133	11036	11052	6
15134	11052	11055	6
15135	11055	11055	0
15136	11055	11055	0
15137	11055	11055	6
15138	11055	11083	6
15139	11083	11083	0
15140	11083	11092	6
15141	11092	11092	0
15142	11092	11107	6
15143	11107	11112	6
15144	11112	11112	0
15145	11112	11112	0
15146	11112	11112	6
15147	11112	11143	6
15148	11143	11152	6
15149	11152	11152	0
15150	11152	11152	0
15151	11152	11152	0
15152	11152	11152	0
15153	11152	11152	0
15154	11152	11152	0
15155	11152	11152	0
15156	11152	11152	0
15157	11152	11152	0
15158	11152	11152	0
15159	11152	11152	0
15160	11152	11152	0
15161	11152	11152	0
15162	11152	11152	0
15163	11152	11152	0
15164	11152	11152	0
15165	11152	11152	0
15166	11152	11152	0
15167	11152	11152	0
15168	11152	11152	4
15169	11152	11152	0
15170	11152	11152	0
15171	11152	11152	0
15172	11152	11152	0
15173	11152	11152	0
15174	11152	11152	0
15175	11152	11153	6
15176	11153	11153	6
15177	11153	11153	0
15178	11153	11153	0
15179	11153	11153	0
15180	11153	11153	0
15181	11153	11153	2
15182	11153	11153	0
15183	11153	11153	0
15184	11153	11153	0
15185	11153	11153	6
15186	11153	11153	0
15187	11153	11153	0
15188	11153	11153	0
15189	11153	11153	4
15190	11153	11155	6
15191	11155	11155	0
15192	11155	11155	0
15193	11155	11155	0
15194	11155	11155	0
15195	11155	11155	0
15196	11155	11155	0
15197	11155	11155	0
15198	11155	11155	0
15199	11155	11155	0
15200	11155	11155	0
15201	11155	11155	0
15202	11155	11155	0
15203	11155	11155	0
15204	11155	11155	0
15205	11155	11155	0
15206	11155	11155	0
15207	11155	11155	0
15208	11155	11155	0
15209	11155	11155	0
15210	11155	11155	0
15211	11155	11155	0
15212	11155	11155	0
15213	11155	11155	0
15214	11155	11155	0
15215	11155	11155	0
15216	11155	11155	0
15217	11155	11155	0
15218	11155	11155	0
15219	11155	11155	0
15220	11155	11155	0
15221	11155	11155	0
15222	11155	11155	0
15223	11155	11155	0
15224	11155	11155	0
15225	11155	11155	0
15226	11155	11155	0
15227	11155	11155	0
15228	11155	11155	0
15229	11155	11155	0
15230	11155	11155	0
15231	11155	11155	0
15232	11155	11155	0
15233	11155	11155	0
15234	11155	11155	0
15235	11155	11155	0
15236	11155	11155	0
15237	11155	11155	0
15238	11155	11155	4
15239	11155	11155	6
15240	11155	11155	0
15241	11155	11155	0
15242	11155	11155	0
15243	11155	11155	0
15244	11155	11155	0
15245	11155	11155	0
15246	11155	11155	0
15247	11155	11155	0
15248	11155	11155	0
15249	11155	11155	0
15250	11155	11155	0
15251	11155	11155	0
15252	11155	11155	4
15253	11155	11155	0
15254	11155	11155	0
15255	11155	11155	0
15256	11155	11155	0
15257	11155	11155	0
15258	11155	11155	0
15259	11155	11155	0
15260	11155	11155	0
15261	11155	11155	0
15262	11155	11155	0
15263	11155	11155	0
15264	11155	11155	0
15265	11155	11155	0
15266	11155	11155	0
15267	11155	11155	6
15268	11155	11155	0
15269	11155	11155	0
15270	11155	11155	0
15271	11155	11155	0
15272	11155	11155	0
15273	11155	11155	0
15274	11155	11155	0
15275	11155	11155	0
15276	11155	11157	6
15277	11157	11157	0
15278	11157	11157	0
15279	11157	11157	0
15280	11157	11157	0
15281	11157	11157	0
15282	11157	11157	0
15283	11157	11157	0
15284	11157	11157	0
15285	11157	11157	0
15286	11157	11157	0
15287	11157	11157	0
15288	11157	11157	0
15289	11157	11157	0
15290	11157	11157	0
15291	11157	11157	0
15292	11157	11157	0
15293	11157	11157	0
15294	11157	11157	0
15295	11157	11157	0
15296	11157	11157	0
15297	11157	11157	0
15298	11157	11157	0
15299	11157	11157	0
15300	11157	11157	0
15301	11157	11157	0
15302	11157	11157	0
15303	11157	11157	0
15304	11157	11157	0
15305	11157	11157	0
15306	11157	11157	0
15307	11157	11157	0
15308	11157	11157	0
15309	11157	11157	0
15310	11157	11157	0
15311	11157	11157	0
15312	11157	11157	0
15313	11157	11157	0
15314	11157	11157	0
15315	11157	11157	0
15316	11157	11157	0
15317	11157	11157	0
15318	11157	11157	0
15319	11157	11157	0
15320	11157	11157	0
15321	11157	11157	0
15322	11157	11157	0
15323	11157	11157	0
15324	11157	11157	0
15325	11157	11157	0
15326	11157	11157	0
15327	11157	11157	0
15328	11157	11157	0
15329	11157	11157	0
15330	11157	11157	0
15331	11157	11157	0
15332	11157	11157	0
15333	11157	11157	0
15334	11157	11157	0
15335	11157	11157	0
15336	11157	11157	0
15337	11157	11157	0
15338	11157	11157	0
15339	11157	11157	0
15340	11157	11157	0
15341	11157	11157	0
15342	11157	11157	0
15343	11157	11157	0
15344	11157	11157	0
15345	11157	11157	0
15346	11157	11157	0
15347	11157	11157	0
15348	11157	11157	0
15349	11157	11157	0
15350	11157	11157	0
15351	11157	11157	0
15352	11157	11157	0
15353	11157	11157	0
15354	11157	11157	0
15355	11157	11157	2
15356	11157	11157	2
15357	11157	11157	4
15358	11157	11157	2
15359	11157	11157	0
15360	11157	11157	0
15361	11157	11158	2
15362	11158	11161	6
15363	11161	11162	2
15364	11162	11163	6
15365	11163	11164	2
15366	11164	11165	6
15367	11165	11167	6
15368	11167	11169	6
15369	11169	11170	2
15370	11170	11170	2
15371	11170	11172	2
15372	11172	11172	0
15373	11172	11172	0
15374	11172	11172	0
15375	11172	11173	2
15376	11173	11175	6
15377	11175	11175	6
15378	11175	11176	2
15379	11176	11176	0
15380	11176	11176	0
15381	11176	11176	2
15382	11176	11176	0
15383	11176	11176	0
15384	11176	11176	0
15385	11176	11177	2
15386	11177	11181	6
15387	11181	11183	6
15388	11183	11185	6
15389	11185	11189	6
15390	11189	11191	6
15391	11191	11195	6
15392	11195	11195	6
15393	11195	11197	6
15394	11197	11199	6
15395	11199	11199	0
15396	11199	11199	0
15397	11199	11199	0
15398	11199	11199	0
15399	11199	11199	0
15400	11199	11199	0
15401	11199	11199	0
15402	11199	11199	0
15403	11199	11199	0
15404	11199	11199	2
15405	11199	11200	2
15406	11200	11200	0
15407	11200	11200	2
15408	11200	11200	2
15409	11200	11201	2
15410	11201	11203	2
15411	11203	11203	2
15412	11203	11205	2
15413	11205	11205	0
15414	11205	11205	0
15415	11205	11205	0
15416	11205	11205	0
15417	11205	11205	0
15418	11205	11205	4
15419	11205	11205	0
15420	11205	11205	0
15421	11205	11205	0
15422	11205	11205	0
15423	11205	11205	0
15424	11205	11205	0
15425	11205	11205	0
15426	11205	11205	0
15427	11205	11205	2
15428	11205	11205	0
15429	11205	11207	6
15430	11207	11207	0
15431	11207	11207	2
15432	11207	11208	2
15433	11208	11208	0
15434	11208	11208	0
15435	11208	11208	0
15436	11208	11208	0
15437	11208	11211	6
15438	11211	11211	0
15439	11211	11211	4
15440	11211	11211	0
15441	11211	11211	0
15442	11211	11211	0
15443	11211	11211	0
15444	11211	11211	0
15445	11211	11211	0
15446	11211	11211	0
15447	11211	11211	0
15448	11211	11211	0
15449	11211	11211	0
15450	11211	11211	0
15451	11211	11211	0
15452	11211	11211	2
15453	11211	11211	0
15454	11211	11211	6
15455	11211	11211	0
15456	11211	11211	0
15457	11211	11211	0
15458	11211	11211	0
15459	11211	11211	0
15460	11211	11211	0
15461	11211	11211	0
15462	11211	11212	4
15463	11212	11212	0
15464	11212	11212	0
15465	11212	11212	0
15466	11212	11212	0
15467	11212	11212	0
15468	11212	11212	0
15469	11212	11212	0
15470	11212	11212	0
15471	11212	11212	0
15472	11212	11213	4
15473	11213	11214	6
15474	11214	11214	0
15475	11214	11214	0
15476	11214	11214	0
15477	11214	11215	4
15478	11215	11217	6
15479	11217	11219	6
15480	11219	11220	6
15481	11220	11221	6
15482	11221	11222	6
15483	11222	11224	6
15484	11224	11225	6
15485	11225	11226	4
15486	11226	11228	6
15487	11228	11229	6
15488	11229	11232	6
15489	11232	11232	0
15490	11232	11232	0
15491	11232	11232	0
15492	11232	11232	0
15493	11232	11232	0
15494	11232	11232	0
15495	11232	11232	0
15496	11232	11232	0
15497	11232	11232	0
15498	11232	11232	0
15499	11232	11232	0
15500	11232	11232	0
15501	11232	11232	0
15502	11232	11232	0
15503	11232	11232	0
15504	11232	11232	0
15505	11232	11232	0
15506	11232	11232	0
15507	11232	11232	0
15508	11232	11232	0
15509	11232	11232	0
15510	11232	11232	0
15511	11232	11232	0
15512	11232	11232	0
15513	11232	11232	0
15514	11232	11232	0
15515	11232	11232	0
15516	11232	11232	0
15517	11232	11232	0
15518	11232	11232	0
15519	11232	11232	0
15520	11232	11232	0
15521	11232	11232	0
15522	11232	11232	0
15523	11232	11232	0
15524	11232	11232	4
15525	11232	11232	0
15526	11232	11232	0
15527	11232	11232	0
15528	11232	11232	0
15529	11232	11232	0
15530	11232	11232	0
15531	11232	11232	0
15532	11232	11232	0
15533	11232	11232	0
15534	11232	11232	0
15535	11232	11232	0
15536	11232	11232	0
15537	11232	11232	0
15538	11232	11232	0
15539	11232	11232	0
15540	11232	11232	0
15541	11232	11232	0
15542	11232	11232	0
15543	11232	11232	0
15544	11232	11232	0
15545	11232	11232	0
15546	11232	11232	0
15547	11232	11232	0
15548	11232	11232	0
15549	11232	11232	0
15550	11232	11232	0
15551	11232	11232	0
15552	11232	11232	0
15553	11232	11232	0
15554	11232	11232	0
15555	11232	11232	0
15556	11232	11232	0
15557	11232	11232	0
15558	11232	11232	0
15559	11232	11232	0
15560	11232	11232	0
15561	11232	11232	0
15562	11232	11232	0
15563	11232	11232	0
15564	11232	11232	0
15565	11232	11232	0
15566	11232	11232	0
15567	11232	11232	0
15568	11232	11232	0
15569	11232	11232	0
15570	11232	11232	0
15571	11232	11232	0
15572	11232	11232	0
15573	11232	11232	0
15574	11232	11232	0
15575	11232	11232	0
15576	11232	11232	0
15577	11232	11232	0
15578	11232	11232	0
15579	11232	11232	0
15580	11232	11232	0
15581	11232	11232	0
15582	11232	11232	0
15583	11232	11232	0
15584	11232	11232	0
15585	11232	11232	0
15586	11232	11232	0
15587	11232	11232	0
15588	11232	11232	0
15589	11232	11232	0
15590	11232	11232	0
15591	11232	11232	0
15592	11232	11232	0
15593	11232	11232	0
15594	11232	11232	0
15595	11232	11232	0
15596	11232	11232	0
15597	11232	11232	0
15598	11232	11232	0
15599	11232	11232	0
15600	11232	11232	0
15601	11232	11232	0
15602	11232	11234	6
15603	11234	11235	2
15604	11235	11235	0
15605	11235	11235	0
15606	11235	11235	0
15607	11235	11236	2
15608	11236	11236	0
15609	11236	11237	6
15610	11237	11237	4
15611	11237	11238	6
15612	11238	11239	6
15613	11239	11239	0
15614	11239	11239	0
15615	11239	11239	0
15616	11239	11239	0
15617	11239	11239	0
15618	11239	11239	0
15619	11239	11240	2
15620	11240	11241	6
15621	11241	11241	6
15622	11241	11242	2
15623	11242	11242	0
15624	11242	11242	6
15625	11242	11242	0
15626	11242	11243	6
15627	11243	11243	0
15628	11243	11244	6
15629	11244	11244	0
15630	11244	11244	0
15631	11244	11244	0
15632	11244	11244	0
15633	11244	11244	0
15634	11244	11244	0
15635	11244	11244	0
15636	11244	11244	0
15637	11244	11244	0
15638	11244	11244	0
15639	11244	11244	0
15640	11244	11244	0
15641	11244	11244	0
15642	11244	11244	0
15643	11244	11244	0
15644	11244	11244	0
15645	11244	11244	0
15646	11244	11244	0
15647	11244	11244	0
15648	11244	11244	0
15649	11244	11244	0
15650	11244	11244	0
15651	11244	11244	0
15652	11244	11244	0
15653	11244	11244	0
15654	11244	11244	0
15655	11244	11244	0
15656	11244	11244	0
15657	11244	11244	0
15658	11244	11244	0
15659	11244	11244	0
15660	11244	11244	0
15661	11244	11244	0
15662	11244	11244	0
15663	11244	11244	0
15664	11244	11244	0
15665	11244	11244	0
15666	11244	11244	0
15667	11244	11244	0
15668	11244	11244	0
15669	11244	11244	6
15670	11244	11244	0
15671	11244	11244	0
15672	11244	11244	0
15673	11244	11244	0
15674	11244	11244	4
15675	11244	11245	6
15676	11245	11245	0
15677	11245	11245	0
15678	11245	11245	0
15679	11245	11245	0
15680	11245	11245	0
15681	11245	11245	0
15682	11245	11245	0
15683	11245	11245	0
15684	11245	11245	0
15685	11245	11246	6
15686	11246	11247	6
15687	11247	11247	0
15688	11247	11247	0
15689	11247	11247	0
15690	11247	11247	0
15691	11247	11247	0
15692	11247	11247	0
15693	11247	11247	0
15694	11247	11247	0
15695	11247	11247	0
15696	11247	11247	0
15697	11247	11247	0
15698	11247	11247	0
15699	11247	11247	0
15700	11247	11247	0
15701	11247	11247	0
15702	11247	11247	0
15703	11247	11247	0
15704	11247	11247	0
15705	11247	11247	0
15706	11247	11247	0
15707	11247	11247	0
15708	11247	11247	0
15709	11247	11247	0
15710	11247	11247	0
15711	11247	11247	0
15712	11247	11247	0
15713	11247	11248	6
15714	11248	11248	0
15715	11248	11248	0
15716	11248	11248	0
15717	11248	11248	0
15718	11248	11248	0
15719	11248	11248	0
15720	11248	11248	0
15721	11248	11248	0
15722	11248	11250	6
15723	11250	11251	6
15724	11251	11251	0
15725	11251	11254	6
15726	11254	11256	6
15727	11256	11257	6
15728	11257	11258	6
15729	11258	11259	6
15730	11259	11259	0
15731	11259	11260	6
15732	11260	11261	6
15733	11261	11261	0
15734	11261	11262	2
15735	11262	11263	6
15736	11263	11264	6
15737	11264	11266	6
15738	11266	11267	6
15739	11267	11268	6
15740	11268	11269	6
15741	11269	11270	6
15742	11270	11270	0
15743	11270	11270	0
15744	11270	11270	0
15745	11270	11270	0
15746	11270	11271	6
15747	11271	11272	6
15748	11272	11274	6
15749	11274	11276	6
15750	11276	11278	6
15751	11278	11280	6
15752	11280	11281	6
15753	11281	11282	6
15754	11282	11283	6
15755	11283	11284	6
15756	11284	11285	6
15757	11285	11286	6
15758	11286	11287	6
15759	11287	11288	6
15760	11288	11289	6
15761	11289	11290	6
15762	11290	11291	6
15763	11291	11292	6
15764	11292	11293	6
15765	11293	11294	6
15766	11294	11295	6
15767	11295	11296	6
15768	11296	11297	6
15769	11297	11298	6
15770	11298	11299	6
15771	11299	11300	6
15772	11300	11301	6
15773	11301	11302	6
15774	11302	11303	6
15775	11303	11304	2
15776	11304	11305	2
15777	11305	11306	6
15778	11306	11307	2
15779	11307	11307	0
15780	11307	11307	0
15781	11307	11307	2
15782	11307	11309	6
15783	11309	11311	6
15784	11311	11311	2
15785	11311	11311	0
15786	11311	11311	4
15787	11311	11313	6
15788	11313	11315	6
15789	11315	11316	6
15790	11316	11316	6
15791	11316	11317	6
15792	11317	11318	6
15793	11318	11319	6
15794	11319	11320	6
15795	11320	11321	6
15796	11321	11322	6
15797	11322	11323	6
15798	11323	11324	6
15799	11324	11325	2
15800	11325	11325	0
15801	11325	11326	6
15802	11326	11327	6
15803	11327	11328	6
15804	11328	11329	6
15805	11329	11330	6
15806	11330	11331	6
15807	11331	11332	6
15808	11332	11333	6
15809	11333	11334	6
15810	11334	11335	6
15811	11335	11336	6
15812	11336	11338	6
15813	11338	11339	6
15814	11339	11340	6
15815	11340	11341	6
15816	11341	11342	6
15817	11342	11343	6
15818	11343	11344	6
15819	11344	11345	6
15820	11345	11346	6
15821	11346	11347	6
15822	11347	11348	2
15823	11348	11349	6
15824	11349	11349	0
15825	11349	11349	0
15826	11349	11349	0
15827	11349	11349	0
15828	11349	11350	4
15829	11350	11351	6
15830	11351	11352	2
15831	11352	11352	4
15832	11352	11352	0
15833	11352	11352	0
15834	11352	11352	0
15835	11352	11352	4
15836	11352	11352	0
15837	11352	11353	6
15838	11353	11354	6
15839	11354	11356	6
15840	11356	11358	6
15841	11358	11358	2
15842	11358	11360	6
15843	11360	11360	6
15844	11360	11361	6
15845	11361	11362	6
15846	11362	11362	0
15847	11362	11362	0
15848	11362	11362	0
15849	11362	11363	2
15850	11363	11363	0
15851	11363	11363	0
15852	11363	11363	0
15853	11363	11363	0
15854	11363	11364	6
15855	11364	11365	6
15856	11365	11366	6
15857	11366	11367	6
15858	11367	11368	6
15859	11368	11369	6
15860	11369	11370	2
15861	11370	11371	6
15862	11371	11372	6
15863	11372	11373	6
15864	11373	11374	6
15865	11374	11376	6
15866	11376	11377	6
15867	11377	11379	6
15868	11379	11381	6
15869	11381	11382	6
15870	11382	11384	6
15871	11384	11385	6
15872	11385	11387	6
15873	11387	11387	0
15874	11387	11389	6
15875	11389	11390	6
15876	11390	11392	6
15877	11392	11392	0
15878	11392	11392	0
15879	11392	11393	6
15880	11393	11396	6
15881	11396	11398	6
15882	11398	11398	0
15883	11398	11398	0
15884	11398	11398	0
15885	11398	11398	0
15886	11398	11398	0
15887	11398	11398	0
15888	11398	11398	0
15889	11398	11398	0
15890	11398	11398	0
15891	11398	11399	2
15892	11399	11399	0
15893	11399	11401	6
15894	11401	11401	0
15895	11401	11401	0
15896	11401	11401	0
15897	11401	11401	0
15898	11401	11401	0
15899	11401	11401	0
15900	11401	11401	0
15901	11401	11401	0
15902	11401	11401	0
15903	11401	11401	0
15904	11401	11401	0
15905	11401	11401	0
15906	11401	11401	0
15907	11401	11401	0
15908	11401	11402	6
15909	11402	11402	0
15910	11402	11402	0
15911	11402	11403	2
15912	11403	11403	0
15913	11403	11403	0
15914	11403	11403	0
15915	11403	11403	0
15916	11403	11403	0
15917	11403	11403	0
15918	11403	11403	0
15919	11403	11403	0
15920	11403	11403	0
15921	11403	11403	0
15922	11403	11403	0
15923	11403	11403	0
15924	11403	11403	0
15925	11403	11405	6
15926	11405	11405	0
15927	11405	11405	0
15928	11405	11405	6
15929	11405	11405	0
15930	11405	11405	0
15931	11405	11405	0
15932	11405	11405	0
15933	11405	11405	0
15934	11405	11405	0
15935	11405	11405	0
15936	11405	11405	0
15937	11405	11405	0
15938	11405	11405	0
15939	11405	11405	0
15940	11405	11405	0
15941	11405	11405	0
15942	11405	11405	0
15943	11405	11405	0
15944	11405	11405	0
15945	11405	11407	6
15946	11407	11408	4
15947	11408	11409	6
15948	11409	11409	0
15949	11409	11409	0
15950	11409	11410	4
15951	11410	11410	0
15952	11410	11410	0
15953	11410	11411	2
15954	11411	11412	4
15955	11412	11412	0
15956	11412	11412	0
15957	11412	11412	2
15958	11412	11412	0
15959	11412	11413	6
15960	11413	11414	6
15961	11414	11415	6
15962	11415	11416	6
15963	11416	11416	0
15964	11416	11417	6
15965	11417	11418	2
15966	11418	11419	6
15967	11419	11420	6
15968	11420	11421	6
15969	11421	11422	6
15970	11422	11423	6
15971	11423	11424	6
15972	11424	11425	6
15973	11425	11426	6
15974	11426	11426	0
15975	11426	11426	0
15976	11426	11426	0
15977	11426	11426	0
15978	11426	11426	0
15979	11426	11427	6
15980	11427	11428	6
15981	11428	11429	6
15982	11429	11429	0
15983	11429	11430	2
15984	11430	11430	0
15985	11430	11430	0
15986	11430	11430	0
15987	11430	11430	0
15988	11430	11431	6
15989	11431	11432	6
15990	11432	11433	6
15991	11433	11434	6
15992	11434	11435	6
15993	11435	11436	6
15994	11436	11437	6
15995	11437	11438	6
15996	11438	11439	6
15997	11439	11440	6
15998	11440	11441	6
15999	11441	11442	6
16000	11442	11443	6
16001	11443	11444	6
16002	11444	11445	6
16003	11445	11446	6
16004	11446	11447	6
16005	11447	11448	6
16006	11448	11449	2
16007	11449	11449	0
16008	11449	11450	6
16009	11450	11451	6
16010	11451	11452	6
16011	11452	11453	6
16012	11453	11453	0
16013	11453	11454	2
16014	11454	11456	6
16015	11456	11456	0
16016	11456	11456	0
16017	11456	11456	0
16018	11456	11456	0
16019	11456	11456	0
16020	11456	11456	0
16021	11456	11456	0
16022	11456	11456	0
16023	11456	11456	0
16024	11456	11456	0
16025	11456	11456	0
16026	11456	11456	0
16027	11456	11456	0
16028	11456	11456	0
16029	11456	11456	0
16030	11456	11456	0
16031	11456	11456	0
16032	11456	11456	0
16033	11456	11456	0
16034	11456	11456	0
16035	11456	11456	0
16036	11456	11456	0
16037	11456	11456	0
16038	11456	11456	0
16039	11456	11456	0
16040	11456	11456	0
16041	11456	11456	0
16042	11456	11456	0
16043	11456	11456	0
16044	11456	11456	0
16045	11456	11456	0
16046	11456	11456	0
16047	11456	11456	0
16048	11456	11456	0
16049	11456	11456	0
16050	11456	11456	0
16051	11456	11456	0
16052	11456	11456	0
16053	11456	11456	0
16054	11456	11456	0
16055	11456	11456	0
16056	11456	11456	0
16057	11456	11456	0
16058	11456	11456	0
16059	11456	11456	0
16060	11456	11456	0
16061	11456	11457	6
16062	11457	11457	0
16063	11457	11459	6
16064	11459	11459	0
16065	11459	11459	0
16066	11459	11459	0
16067	11459	11460	6
16068	11460	11461	6
16069	11461	11463	6
16070	11463	11464	6
16071	11464	11465	6
16072	11465	11467	6
16073	11467	11469	6
16074	11469	11471	6
16075	11471	11473	6
16076	11473	11475	6
16077	11475	11479	6
16078	11479	11483	6
16079	11483	11483	0
16080	11483	11483	0
16081	11483	11483	0
16082	11483	11483	0
16083	11483	11483	0
16084	11483	11483	0
16085	11483	11483	0
16086	11483	11483	0
16087	11483	11483	0
16088	11483	11483	0
16089	11483	11483	0
16090	11483	11483	0
16091	11483	11483	0
16092	11483	11483	0
16093	11483	11483	0
16094	11483	11483	0
16095	11483	11483	0
16096	11483	11483	0
16097	11483	11483	0
16098	11483	11483	0
16099	11483	11483	0
16100	11483	11483	0
16101	11483	11483	0
16102	11483	11483	0
16103	11483	11483	0
16104	11483	11483	0
16105	11483	11483	0
16106	11483	11485	6
16107	11485	11487	6
16108	11487	11488	6
16109	11488	11488	0
16110	11488	11489	6
16111	11489	11490	6
16112	11490	11490	0
16113	11490	11490	6
16114	11490	11491	6
16115	11491	11491	0
16116	11491	11491	0
16117	11491	11491	0
16118	11491	11491	0
16119	11491	11491	0
16120	11491	11492	6
16121	11492	11493	6
16122	11493	11493	0
16123	11493	11495	2
16124	11495	11496	6
16125	11496	11498	6
16126	11498	11499	2
16127	11499	11500	6
16128	11500	11500	0
16129	11500	11500	0
16130	11500	11501	6
16131	11501	11502	6
16132	11502	11503	6
16133	11503	11504	6
16134	11504	11505	6
16135	11505	11507	6
16136	11507	11508	6
16137	11508	11509	6
16138	11509	11509	0
16139	11509	11509	4
16140	11509	11509	0
16141	11509	11509	0
16142	11509	11509	0
16143	11509	11509	0
16144	11509	11509	4
16145	11509	11509	0
16146	11509	11509	0
16147	11509	11509	0
16148	11509	11509	0
16149	11509	11512	6
16150	11512	11512	0
16151	11512	11512	0
16152	11512	11512	0
16153	11512	11512	0
16154	11512	11512	0
16155	11512	11512	0
16156	11512	11514	6
16157	11514	11514	6
16158	11514	11519	6
16159	11519	11519	0
16160	11519	11519	0
16161	11519	11519	0
16162	11519	11519	0
16163	11519	11519	0
16164	11519	11519	0
16165	11519	11519	0
16166	11519	11519	0
16167	11519	11520	6
16168	11520	11522	6
16169	11522	11522	2
16170	11522	11523	6
16171	11523	11524	2
16172	11524	11525	6
16173	11525	11526	6
16174	11526	11527	6
16175	11527	11528	6
16176	11528	11529	6
16177	11529	11529	0
16178	11529	11529	0
16179	11529	11529	0
16180	11529	11529	0
16181	11529	11529	0
16182	11529	11530	6
16183	11530	11532	2
16184	11532	11532	0
16185	11532	11532	0
16186	11532	11532	0
16187	11532	11532	0
16188	11532	11532	0
16189	11532	11532	2
16190	11532	11535	6
16191	11535	11535	0
16192	11535	11535	0
16193	11535	11535	0
16194	11535	11535	0
16195	11535	11535	0
16196	11535	11535	0
16197	11535	11535	0
16198	11535	11535	0
16199	11535	11535	0
16200	11535	11535	0
16201	11535	11535	0
16202	11535	11535	0
16203	11535	11535	0
16204	11535	11535	0
16205	11535	11535	0
16206	11535	11535	0
16207	11535	11535	0
16208	11535	11535	0
16209	11535	11535	0
16210	11535	11535	0
16211	11535	11536	2
16212	11536	11536	0
16213	11536	11536	0
16214	11536	11536	0
16215	11536	11536	0
16216	11536	11536	0
16217	11536	11536	0
16218	11536	11536	0
16219	11536	11536	0
16220	11536	11536	0
16221	11536	11536	0
16222	11536	11536	0
16223	11536	11536	0
16224	11536	11537	6
16225	11537	11539	6
16226	11539	11539	0
16227	11539	11539	0
16228	11539	11541	2
16229	11541	11541	0
16230	11541	11541	0
16231	11541	11541	0
16232	11541	11541	0
16233	11541	11543	2
16234	11543	11543	0
16235	11543	11543	0
16236	11543	11543	0
16237	11543	11544	6
16238	11544	11544	0
16239	11544	11544	0
16240	11544	11544	0
16241	11544	11544	0
16242	11544	11544	0
16243	11544	11544	0
16244	11544	11544	0
16245	11544	11545	6
16246	11545	11545	0
16247	11545	11547	6
16248	11547	11547	0
16249	11547	11547	0
16250	11547	11547	0
16251	11547	11547	0
16252	11547	11547	0
16253	11547	11549	6
16254	11549	11550	6
16255	11550	11550	0
16256	11550	11551	6
16257	11551	11552	6
16258	11552	11553	6
16259	11553	11554	6
16260	11554	11555	6
16261	11555	11556	6
16262	11556	11557	6
16263	11557	11558	6
16264	11558	11559	6
16265	11559	11560	6
16266	11560	11562	6
16267	11562	11563	6
16268	11563	11564	6
16269	11564	11565	6
16270	11565	11566	6
16271	11566	11567	6
16272	11567	11567	4
16273	11567	11567	0
16274	11567	11567	0
16275	11567	11567	0
16276	11567	11568	6
16277	11568	11570	6
16278	11570	11571	6
16279	11571	11573	6
16280	11573	11574	6
16281	11574	11575	6
16282	11575	11576	6
16283	11576	11578	6
16284	11578	11580	6
16285	11580	11582	6
16286	11582	11582	0
16287	11582	11582	0
16288	11582	11583	6
16289	11583	11584	6
16290	11584	11584	0
16291	11584	11584	0
16292	11584	11584	0
16293	11584	11584	0
16294	11584	11584	0
16295	11584	11584	0
16296	11584	11585	2
16297	11585	11585	6
16298	11585	11585	0
16299	11585	11585	0
16300	11585	11585	0
16301	11585	11585	0
16302	11585	11585	0
16303	11585	11585	0
16304	11585	11585	0
16305	11585	11585	0
16306	11585	11585	0
16307	11585	11585	0
16308	11585	11585	0
16309	11585	11585	0
16310	11585	11585	0
16311	11585	11585	0
16312	11585	11585	0
16313	11585	11585	0
16314	11585	11585	0
16315	11585	11585	0
16316	11585	11585	0
16317	11585	11585	0
16318	11585	11585	0
16319	11585	11585	0
16320	11585	11585	0
16321	11585	11585	0
16322	11585	11585	0
16323	11585	11585	0
16324	11585	11585	0
16325	11585	11585	0
16326	11585	11585	0
16327	11585	11585	0
16328	11585	11585	0
16329	11585	11585	0
16330	11585	11585	0
16331	11585	11585	0
16332	11585	11585	0
16333	11585	11585	0
16334	11585	11585	0
16335	11585	11585	0
16336	11585	11585	0
16337	11585	11585	0
16338	11585	11585	0
16339	11585	11585	0
16340	11585	11585	0
16341	11585	11585	0
16342	11585	11585	0
16343	11585	11585	0
16344	11585	11585	0
16345	11585	11585	0
16346	11585	11585	0
16347	11585	11585	4
16348	11585	11585	0
16349	11585	11585	0
16350	11585	11585	0
16351	11585	11587	6
16352	11587	11590	6
16353	11590	11590	2
16354	11590	11590	0
16355	11590	11590	0
16356	11590	11590	0
16357	11590	11590	0
16358	11590	11590	0
16359	11590	11590	0
16360	11590	11590	0
16361	11590	11590	0
16362	11590	11590	0
16363	11590	11590	0
16364	11590	11590	0
16365	11590	11590	0
16366	11590	11590	0
16367	11590	11590	0
16368	11590	11590	0
16369	11590	11590	0
16370	11590	11590	0
16371	11590	11590	0
16372	11590	11590	0
16373	11590	11590	0
16374	11590	11590	0
16375	11590	11590	0
16376	11590	11590	0
16377	11590	11590	0
16378	11590	11590	0
16379	11590	11590	0
16380	11590	11590	0
16381	11590	11590	0
16382	11590	11590	0
16383	11590	11590	0
16384	11590	11590	0
16385	11590	11590	0
16386	11590	11590	0
16387	11590	11590	0
16388	11590	11590	0
16389	11590	11590	0
16390	11590	11590	0
16391	11590	11590	0
16392	11590	11590	0
16393	11590	11590	0
16394	11590	11590	0
16395	11590	11590	0
16396	11590	11590	0
16397	11590	11590	0
16398	11590	11590	0
16399	11590	11590	0
16400	11590	11590	0
16401	11590	11590	0
16402	11590	11590	0
16403	11590	11590	0
16404	11590	11590	0
16405	11590	11590	0
16406	11590	11590	0
16407	11590	11590	0
16408	11590	11590	0
16409	11590	11590	0
16410	11590	11590	0
16411	11590	11590	0
16412	11590	11590	0
16413	11590	11590	0
16414	11590	11590	0
16415	11590	11590	0
16416	11590	11590	0
16417	11590	11590	0
16418	11590	11590	0
16419	11590	11590	0
16420	11590	11590	0
16421	11590	11590	0
16422	11590	11590	0
16423	11590	11590	0
16424	11590	11590	0
16425	11590	11590	0
16426	11590	11590	0
16427	11590	11590	0
16428	11590	11590	0
16429	11590	11590	0
16430	11590	11590	0
16431	11590	11590	0
16432	11590	11590	0
16433	11590	11596	6
16434	11596	11599	6
16435	11599	11600	6
16436	11600	11600	6
16437	11600	11610	6
16438	11610	11616	6
16439	11616	11620	6
16440	11620	11620	6
16441	11620	11621	6
16442	11621	11621	6
16443	11621	11627	6
16444	11627	11627	6
16445	11627	11627	6
16446	11627	11627	0
16447	11627	11629	6
16448	11629	11629	0
16449	11629	11629	0
16450	11629	11629	4
16451	11629	11629	0
16452	11629	11631	6
16453	11631	11631	6
16454	11631	11631	0
16455	11631	11632	6
16456	11632	11632	0
16457	11632	11632	0
16458	11632	11632	0
16459	11632	11632	0
16460	11632	11632	0
16461	11632	11632	0
16462	11632	11632	6
16463	11632	11632	0
16464	11632	11632	6
16465	11632	11632	0
16466	11632	11632	4
16467	11632	11634	6
16468	11634	11634	6
16469	11634	11634	6
16470	11634	11634	0
16471	11634	11634	0
16472	11634	11634	0
16473	11634	11634	0
16474	11634	11634	0
16475	11634	11634	0
16476	11634	11642	6
16477	11642	11642	0
16478	11642	11648	6
16479	11648	11648	0
16480	11648	11648	0
16481	11648	11648	0
16482	11648	11654	6
16483	11654	11654	6
16484	11654	11656	6
16485	11656	11656	0
16486	11656	11661	6
16487	11661	11661	0
16488	11661	11661	0
16489	11661	11663	6
16490	11663	11663	0
16491	11663	11663	6
16492	11663	11663	6
16493	11663	11665	2
16494	11665	11667	6
16495	11667	11667	6
16496	11667	11669	6
16497	11669	11669	0
16498	11669	11669	0
16499	11669	11669	0
16500	11669	11671	6
16501	11671	11673	6
16502	11673	11673	0
16503	11673	11673	6
16504	11673	11673	6
16505	11673	11673	0
16506	11673	11673	0
16507	11673	11673	0
16508	11673	11673	0
16509	11673	11673	0
16510	11673	11673	0
16511	11673	11673	0
16512	11673	11673	0
16513	11673	11673	0
16514	11673	11673	0
16515	11673	11673	0
16516	11673	11673	0
16517	11673	11673	0
16518	11673	11673	0
16519	11673	11673	0
16520	11673	11673	0
16521	11673	11673	0
16522	11673	11673	0
16523	11673	11673	0
16524	11673	11673	0
16525	11673	11673	0
16526	11673	11673	0
16527	11673	11673	0
16528	11673	11673	0
16529	11673	11673	0
16530	11673	11673	0
16531	11673	11673	0
16532	11673	11673	0
16533	11673	11673	0
16534	11673	11673	0
16535	11673	11673	0
16536	11673	11673	0
16537	11673	11673	0
16538	11673	11673	0
16539	11673	11673	0
16540	11673	11673	0
16541	11673	11673	0
16542	11673	11673	0
16543	11673	11673	0
16544	11673	11673	0
16545	11673	11673	0
16546	11673	11673	0
16547	11673	11673	0
16548	11673	11673	0
16549	11673	11673	0
16550	11673	11673	0
16551	11673	11673	0
16552	11673	11673	0
16553	11673	11673	0
16554	11673	11673	0
16555	11673	11673	0
16556	11673	11673	0
16557	11673	11673	0
16558	11673	11673	0
16559	11673	11673	0
16560	11673	11673	0
16561	11673	11673	0
16562	11673	11673	0
16563	11673	11673	0
16564	11673	11673	0
16565	11673	11673	0
16566	11673	11673	0
16567	11673	11675	2
16568	11675	11675	0
16569	11675	11675	2
16570	11675	11675	0
16571	11675	11675	0
16572	11675	11675	0
16573	11675	11675	0
16574	11675	11675	0
16575	11675	11675	0
16576	11675	11675	0
16577	11675	11675	0
16578	11675	11676	6
16579	11676	11678	6
16580	11678	11680	6
16581	11680	11681	4
16582	11681	11681	0
16583	11681	11681	0
16584	11681	11681	0
16585	11681	11681	0
16586	11681	11681	0
16587	11681	11681	0
16588	11681	11681	0
16589	11681	11681	0
16590	11681	11681	0
16591	11681	11681	0
16592	11681	11681	0
16593	11681	11681	0
16594	11681	11681	0
16595	11681	11682	6
16596	11682	11682	0
16597	11682	11682	0
16598	11682	11682	0
16599	11682	11682	0
16600	11682	11682	0
16601	11682	11682	0
16602	11682	11682	0
16603	11682	11682	0
16604	11682	11682	0
16605	11682	11682	0
16606	11682	11682	0
16607	11682	11683	2
16608	11683	11683	0
16609	11683	11683	0
16610	11683	11683	0
16611	11683	11683	0
16612	11683	11683	0
16613	11683	11683	0
16614	11683	11683	0
16615	11683	11683	0
16616	11683	11683	0
16617	11683	11683	0
16618	11683	11683	0
16619	11683	11683	0
16620	11683	11683	0
16621	11683	11683	0
16622	11683	11683	0
16623	11683	11683	0
16624	11683	11683	0
16625	11683	11683	0
16626	11683	11683	4
16627	11683	11684	6
16628	11684	11685	6
16629	11685	11686	6
16630	11686	11687	2
16631	11687	11688	2
16632	11688	11690	6
16633	11690	11690	0
16634	11690	11692	6
16635	11692	11692	0
16636	11692	11695	6
16637	11695	11698	6
16638	11698	11698	0
16639	11698	11698	0
16640	11698	11698	6
16641	11698	11698	0
16642	11698	11698	4
16643	11698	11698	0
16644	11698	11698	0
16645	11698	11698	0
16646	11698	11698	0
16647	11698	11698	0
16648	11698	11698	0
16649	11698	11698	0
16650	11698	11698	0
16651	11698	11698	0
16652	11698	11698	0
16653	11698	11698	0
16654	11698	11698	0
16655	11698	11698	0
16656	11698	11698	0
16657	11698	11698	0
16658	11698	11698	0
16659	11698	11698	0
16660	11698	11698	0
16661	11698	11698	0
16662	11698	11698	0
16663	11698	11698	0
16664	11698	11698	0
16665	11698	11698	0
16666	11698	11698	0
16667	11698	11698	0
16668	11698	11698	0
16669	11698	11698	0
16670	11698	11698	0
16671	11698	11698	0
16672	11698	11698	0
16673	11698	11698	0
16674	11698	11698	0
16675	11698	11698	0
16676	11698	11699	2
16677	11699	11699	0
16678	11699	11701	6
16679	11701	11703	6
16680	11703	11703	0
16681	11703	11704	4
16682	11704	11704	0
16683	11704	11704	0
16684	11704	11704	0
16685	11704	11704	0
16686	11704	11704	2
16687	11704	11705	6
16688	11705	11706	6
16689	11706	11711	6
16690	11711	11716	6
16691	11716	11717	4
16692	11717	11719	6
16693	11719	11719	0
16694	11719	11720	6
16695	11720	11721	6
16696	11721	11723	6
16697	11723	11725	4
16698	11725	11727	6
16699	11727	11727	0
16700	11727	11727	0
16701	11727	11727	0
16702	11727	11727	0
16703	11727	11727	0
16704	11727	11727	0
16705	11727	11727	0
16706	11727	11727	0
16707	11727	11727	0
16708	11727	11727	0
16709	11727	11731	6
16710	11731	11731	0
16711	11731	11731	0
16712	11731	11731	0
16713	11731	11731	4
16714	11731	11731	0
16715	11731	11731	0
16716	11731	11731	0
16717	11731	11733	6
16718	11733	11733	6
16719	11733	11733	0
16720	11733	11733	0
16721	11733	11733	0
16722	11733	11733	0
16723	11733	11733	0
16724	11733	11733	0
16725	11733	11733	0
16726	11733	11737	6
16727	11737	11738	6
16728	11738	11751	6
16729	11751	11755	6
16730	11755	11756	6
16731	11756	11757	6
16732	11757	11762	6
16733	11762	11762	0
16734	11762	11762	0
16735	11762	11762	0
16736	11762	11762	0
16737	11762	11772	6
16738	11772	11790	6
16739	11790	11794	6
16740	11794	11798	6
16741	11798	11798	6
16742	11798	11803	6
16743	11803	11803	6
16744	11803	11805	6
16745	11805	11823	6
16746	11823	11847	6
16747	11847	11852	6
16748	11852	11858	6
16749	11858	11858	0
16750	11858	11858	0
16751	11858	11864	6
16752	11864	11864	6
16753	11864	11870	6
16754	11870	11881	6
16755	11881	11888	6
16756	11888	11891	6
16757	11891	11893	6
16758	11893	11924	6
16759	11924	11932	6
16760	11932	11935	2
16761	11935	11941	2
16762	11941	11941	0
16763	11941	11941	0
16764	11941	11946	6
16765	11946	11950	6
16766	11950	11950	0
16767	11950	11952	6
16768	11952	11955	6
16769	11955	11961	6
16770	11961	11964	6
16771	11964	11966	6
16772	11966	11967	6
16773	11967	11972	6
16774	11972	11972	0
16775	11972	11976	6
16776	11976	11977	6
16777	11977	11978	6
16778	11978	11984	6
16779	11984	11986	6
16780	11986	11987	6
16781	11987	11988	6
16782	11988	11990	6
16783	11990	11990	0
16784	11990	11990	0
16785	11990	11990	0
16786	11990	11990	0
16787	11990	11990	0
16788	11990	11990	0
16789	11990	11990	0
16790	11990	11990	0
16791	11990	11990	0
16792	11990	11990	0
16793	11990	11990	0
16794	11990	11990	0
16795	11990	11990	0
16796	11990	11990	4
16797	11990	11990	0
16798	11990	11990	0
16799	11990	11990	0
16800	11990	11990	0
16801	11990	11990	0
16802	11990	11990	0
16803	11990	11991	4
16804	11991	11991	0
16805	11991	11991	0
16806	11991	11991	0
16807	11991	11995	6
16808	11995	11997	6
16809	11997	11997	0
16810	11997	11997	0
16811	11997	11997	0
16812	11997	11997	0
16813	11997	11997	0
16814	11997	11997	0
16815	11997	11999	6
16816	11999	12001	6
16817	12001	12001	0
16818	12001	12001	0
16819	12001	12001	0
16820	12001	12001	0
16821	12001	12001	0
16822	12001	12001	0
16823	12001	12001	0
16824	12001	12001	0
16825	12001	12001	0
16826	12001	12001	0
16827	12001	12001	0
16828	12001	12001	0
16829	12001	12001	0
16830	12001	12001	0
16831	12001	12001	0
16832	12001	12001	0
16833	12001	12001	0
16834	12001	12001	0
16835	12001	12001	0
16836	12001	12001	0
16837	12001	12001	0
16838	12001	12001	0
16839	12001	12001	0
16840	12001	12001	0
16841	12001	12001	0
16842	12001	12001	0
16843	12001	12001	0
16844	12001	12001	0
16845	12001	12001	0
16846	12001	12001	0
16847	12001	12001	0
16848	12001	12001	0
16849	12001	12001	2
16850	12001	12001	0
16851	12001	12001	6
16852	12001	12001	6
16853	12001	12001	0
16854	12001	12001	0
16855	12001	12001	0
16856	12001	12001	0
16857	12001	12001	0
16858	12001	12005	6
16859	12005	12005	0
16860	12005	12019	6
16861	12019	12028	6
16862	12028	12034	6
16863	12034	12034	0
16864	12034	12034	2
16865	12034	12034	0
16866	12034	12034	0
16867	12034	12034	0
16868	12034	12034	0
16869	12034	12034	0
16870	12034	12034	0
16871	12034	12034	0
16872	12034	12034	0
16873	12034	12034	0
16874	12034	12034	0
16875	12034	12034	0
16876	12034	12034	0
16877	12034	12034	0
16878	12034	12034	0
16879	12034	12034	0
16880	12034	12034	0
16881	12034	12034	0
16882	12034	12034	0
16883	12034	12034	0
16884	12034	12034	0
16885	12034	12034	0
16886	12034	12034	0
16887	12034	12034	0
16888	12034	12034	0
16889	12034	12034	0
16890	12034	12034	0
16891	12034	12034	0
16892	12034	12034	0
16893	12034	12034	0
16894	12034	12034	0
16895	12034	12034	0
16896	12034	12034	0
16897	12034	12034	0
16898	12034	12034	0
16899	12034	12034	0
16900	12034	12034	0
16901	12034	12034	0
16902	12034	12034	0
16903	12034	12040	6
16904	12040	12040	0
16905	12040	12040	0
16906	12040	12040	0
16907	12040	12040	0
16908	12040	12040	0
16909	12040	12040	0
16910	12040	12040	0
16911	12040	12040	0
16912	12040	12040	0
16913	12040	12040	0
16914	12040	12040	0
16915	12040	12040	0
16916	12040	12040	0
16917	12040	12040	0
16918	12040	12040	0
16919	12040	12040	0
16920	12040	12043	6
16921	12043	12043	6
16922	12043	12043	0
16923	12043	12043	0
16924	12043	12043	0
16925	12043	12043	0
16926	12043	12043	0
16927	12043	12043	0
16928	12043	12043	0
16929	12043	12043	0
16930	12043	12043	0
16931	12043	12043	0
16932	12043	12043	0
16933	12043	12043	0
16934	12043	12043	0
16935	12043	12043	0
16936	12043	12043	0
16937	12043	12043	0
16938	12043	12043	0
16939	12043	12043	0
16940	12043	12043	0
16941	12043	12043	0
16942	12043	12043	0
16943	12043	12043	0
16944	12043	12043	0
16945	12043	12043	0
16946	12043	12043	0
16947	12043	12043	0
16948	12043	12043	0
16949	12043	12043	0
16950	12043	12043	0
16951	12043	12043	0
16952	12043	12043	0
16953	12043	12043	0
16954	12043	12043	0
16955	12043	12043	0
16956	12043	12043	0
16957	12043	12043	0
16958	12043	12043	0
16959	12043	12043	0
16960	12043	12047	6
16961	12047	12048	6
16962	12048	12054	6
16963	12054	12057	6
16964	12057	12060	6
16965	12060	12065	6
16966	12065	12065	2
16967	12065	12065	0
16968	12065	12065	6
16969	12065	12065	6
16970	12065	12065	0
16971	12065	12065	0
16972	12065	12065	0
16973	12065	12065	0
16974	12065	12065	0
16975	12065	12065	0
16976	12065	12065	0
16977	12065	12065	0
16978	12065	12065	0
16979	12065	12065	0
16980	12065	12065	0
16981	12065	12065	0
16982	12065	12065	0
16983	12065	12065	0
16984	12065	12067	6
16985	12067	12067	0
16986	12067	12069	6
16987	12069	12069	0
16988	12069	12069	0
16989	12069	12069	0
16990	12069	12069	0
16991	12069	12069	0
16992	12069	12069	0
16993	12069	12069	0
16994	12069	12069	0
16995	12069	12069	0
16996	12069	12069	0
16997	12069	12069	0
16998	12069	12069	0
16999	12069	12069	0
17000	12069	12069	0
17001	12069	12069	0
17002	12069	12069	0
17003	12069	12069	0
17004	12069	12069	0
17005	12069	12069	0
17006	12069	12069	0
17007	12069	12069	0
17008	12069	12069	0
17009	12069	12069	0
17010	12069	12069	0
17011	12069	12069	0
17012	12069	12071	6
17013	12071	12076	6
17014	12076	12079	6
17015	12079	12079	0
17016	12079	12083	6
17017	12083	12086	6
17018	12086	12086	6
17019	12086	12086	6
17020	12086	12086	0
17021	12086	12086	0
17022	12086	12086	0
17023	12086	12086	0
17024	12086	12086	0
17025	12086	12086	0
17026	12086	12086	0
17027	12086	12086	0
17028	12086	12086	0
17029	12086	12086	0
17030	12086	12088	6
17031	12088	12088	4
17032	12088	12088	0
17033	12088	12088	0
17034	12088	12088	0
17035	12088	12088	0
17036	12088	12088	0
17037	12088	12088	0
17038	12088	12088	0
17039	12088	12088	0
17040	12088	12088	0
17041	12088	12088	0
17042	12088	12088	0
17043	12088	12088	0
17044	12088	12088	0
17045	12088	12088	0
17046	12088	12088	0
17047	12088	12088	0
17048	12088	12089	6
17049	12089	12091	6
17050	12091	12091	0
17051	12091	12091	0
17052	12091	12091	0
17053	12091	12091	0
17054	12091	12091	0
17055	12091	12092	2
17056	12092	12092	0
17057	12092	12092	0
17058	12092	12094	6
17059	12094	12096	6
17060	12096	12096	0
17061	12096	12100	6
17062	12100	12104	6
17063	12104	12104	0
17064	12104	12104	0
17065	12104	12104	0
17066	12104	12104	0
17067	12104	12104	0
17068	12104	12104	0
17069	12104	12104	0
17070	12104	12104	0
17071	12104	12105	6
17072	12105	12105	0
17073	12105	12105	0
17074	12105	12105	0
17075	12105	12105	0
17076	12105	12105	0
17077	12105	12107	6
17078	12107	12107	0
17079	12107	12107	0
17080	12107	12107	0
17081	12107	12107	0
17082	12107	12107	0
17083	12107	12107	0
17084	12107	12107	0
17085	12107	12107	0
17086	12107	12107	0
17087	12107	12107	0
17088	12107	12107	0
17089	12107	12107	0
17090	12107	12107	0
17091	12107	12107	0
17092	12107	12107	0
17093	12107	12107	0
17094	12107	12107	0
17095	12107	12108	6
17096	12108	12108	0
17097	12108	12108	0
17098	12108	12108	0
17099	12108	12108	0
17100	12108	12108	0
17101	12108	12108	0
17102	12108	12108	0
17103	12108	12108	0
17104	12108	12108	0
17105	12108	12108	0
17106	12108	12108	0
17107	12108	12109	6
17108	12109	12109	0
17109	12109	12109	0
17110	12109	12109	0
17111	12109	12109	0
17112	12109	12109	0
17113	12109	12109	0
17114	12109	12109	0
17115	12109	12109	0
17116	12109	12109	0
17117	12109	12109	0
17118	12109	12109	0
17119	12109	12109	0
17120	12109	12109	0
17121	12109	12109	0
17122	12109	12109	0
17123	12109	12109	0
17124	12109	12109	0
17125	12109	12109	0
17126	12109	12109	0
17127	12109	12109	0
17128	12109	12109	0
17129	12109	12109	0
17130	12109	12109	0
17131	12109	12109	0
17132	12109	12111	6
17133	12111	12111	0
17134	12111	12111	0
17135	12111	12111	0
17136	12111	12111	0
17137	12111	12111	0
17138	12111	12111	0
17139	12111	12111	0
17140	12111	12111	0
17141	12111	12111	0
17142	12111	12111	0
17143	12111	12111	0
17144	12111	12111	0
17145	12111	12111	0
17146	12111	12111	0
17147	12111	12111	0
17148	12111	12111	0
17149	12111	12111	0
17150	12111	12111	0
17151	12111	12111	0
17152	12111	12111	0
17153	12111	12112	6
17154	12112	12112	0
17155	12112	12112	0
17156	12112	12114	6
17157	12114	12114	6
17158	12114	12119	6
17159	12119	12121	6
17160	12121	12121	0
17161	12121	12121	0
17162	12121	12121	0
17163	12121	12121	0
17164	12121	12121	0
17165	12121	12121	0
17166	12121	12121	0
17167	12121	12121	0
17168	12121	12121	0
17169	12121	12121	0
17170	12121	12129	6
17171	12129	12133	6
17172	12133	12135	6
17173	12135	12137	6
17174	12137	12139	6
17175	12139	12143	6
17176	12143	12145	6
17177	12145	12147	6
17178	12147	12147	0
17179	12147	12147	0
17180	12147	12147	0
17181	12147	12147	0
17182	12147	12147	0
17183	12147	12147	0
17184	12147	12147	0
17185	12147	12147	0
17186	12147	12147	2
17187	12147	12147	0
17188	12147	12147	0
17189	12147	12147	0
17190	12147	12147	2
17191	12147	12147	0
17192	12147	12147	2
17193	12147	12147	0
17194	12147	12147	0
17195	12147	12147	0
17196	12147	12147	4
17197	12147	12148	6
17198	12148	12148	0
17199	12148	12148	4
17200	12148	12149	6
17201	12149	12149	0
17202	12149	12152	6
17203	12152	12154	6
17204	12154	12158	6
17205	12158	12158	0
17206	12158	12160	6
17207	12160	12160	0
17208	12160	12160	0
17209	12160	12160	0
17210	12160	12160	0
17211	12160	12169	6
17212	12169	12169	0
17213	12169	12174	6
17214	12174	12178	6
17215	12178	12178	0
17216	12178	12193	6
17217	12193	12202	2
17218	12202	12210	6
17219	12210	12211	6
17220	12211	12215	6
17221	12215	12219	6
17222	12219	12220	6
17223	12220	12224	6
17224	12224	12224	4
17225	12224	12232	6
17226	12232	12233	6
17227	12233	12237	6
17228	12237	12237	0
17229	12237	12237	0
17230	12237	12237	0
17231	12237	12237	0
17232	12237	12237	0
17233	12237	12242	6
17234	12242	12244	6
17235	12244	12244	0
17236	12244	12244	0
17237	12244	12245	2
17238	12245	12245	0
17239	12245	12245	0
17240	12245	12249	6
17241	12249	12257	6
17242	12257	12257	0
17243	12257	12257	0
17244	12257	12257	0
17245	12257	12257	0
17246	12257	12257	0
17247	12257	12257	0
17248	12257	12257	0
17249	12257	12257	0
17250	12257	12257	0
17251	12257	12257	0
17252	12257	12257	0
17253	12257	12257	0
17254	12257	12257	0
17255	12257	12257	0
17256	12257	12257	0
17257	12257	12257	0
17258	12257	12257	0
17259	12257	12257	0
17260	12257	12257	0
17261	12257	12257	0
17262	12257	12257	0
17263	12257	12257	0
17264	12257	12257	0
17265	12257	12257	0
17266	12257	12257	0
17267	12257	12257	0
17268	12257	12257	0
17269	12257	12257	0
17270	12257	12257	0
17271	12257	12257	0
17272	12257	12257	0
17273	12257	12257	0
17274	12257	12257	0
17275	12257	12257	0
17276	12257	12257	0
17277	12257	12259	6
17278	12259	12261	6
17279	12261	12261	6
17280	12261	12264	6
17281	12264	12265	6
17282	12265	12268	6
17283	12268	12269	6
17284	12269	12270	6
17285	12270	12270	0
17286	12270	12273	6
17287	12273	12273	0
17288	12273	12273	0
17289	12273	12274	6
17290	12274	12274	6
17291	12274	12274	6
17292	12274	12274	0
17293	12274	12274	6
17294	12274	12275	6
17295	12275	12276	6
17296	12276	12277	6
17297	12277	12277	4
17298	12277	12279	6
17299	12279	12279	0
17300	12279	12279	0
17301	12279	12279	0
17302	12279	12279	0
17303	12279	12280	6
17304	12280	12282	6
17305	12282	12283	6
17306	12283	12283	0
17307	12283	12285	6
17308	12285	12285	0
17309	12285	12289	6
17310	12289	12289	0
17311	12289	12289	4
17312	12289	12289	6
17313	12289	12289	0
17314	12289	12289	0
17315	12289	12294	6
17316	12294	12297	6
17317	12297	12299	6
17318	12299	12301	6
17319	12301	12301	0
17320	12301	12301	0
17321	12301	12301	0
17322	12301	12301	0
17323	12301	12301	0
17324	12301	12301	0
17325	12301	12301	0
17326	12301	12301	0
17327	12301	12304	6
17328	12304	12304	0
17329	12304	12304	0
17330	12304	12304	0
17331	12304	12304	0
17332	12304	12304	0
17333	12304	12304	6
17334	12304	12304	6
17335	12304	12304	0
17336	12304	12304	0
17337	12304	12304	0
17338	12304	12304	0
17339	12304	12304	0
17340	12304	12304	0
17341	12304	12304	0
17342	12304	12304	0
17343	12304	12304	0
17344	12304	12304	0
17345	12304	12304	0
17346	12304	12304	0
17347	12304	12304	0
17348	12304	12304	0
17349	12304	12304	0
17350	12304	12304	0
17351	12304	12305	6
17352	12305	12305	0
17353	12305	12305	0
17354	12305	12305	0
17355	12305	12305	0
17356	12305	12305	0
17357	12305	12306	6
17358	12306	12307	6
17359	12307	12307	0
17360	12307	12308	6
17361	12308	12309	2
17362	12309	12310	6
17363	12310	12311	6
17364	12311	12312	6
17365	12312	12313	6
17366	12313	12315	6
17367	12315	12315	6
17368	12315	12315	0
17369	12315	12315	0
17370	12315	12315	0
17371	12315	12316	6
17372	12316	12317	6
17373	12317	12318	2
17374	12318	12318	0
17375	12318	12319	6
17376	12319	12320	6
17377	12320	12320	0
17378	12320	12321	6
17379	12321	12322	6
17380	12322	12323	2
17381	12323	12325	6
17382	12325	12327	6
17383	12327	12327	0
17384	12327	12327	0
17385	12327	12327	0
17386	12327	12327	0
17387	12327	12328	6
17388	12328	12329	6
17389	12329	12330	6
17390	12330	12331	6
17391	12331	12332	6
17392	12332	12332	0
17393	12332	12332	0
17394	12332	12333	6
17395	12333	12333	0
17396	12333	12333	0
17397	12333	12333	0
17398	12333	12333	0
17399	12333	12334	6
17400	12334	12335	6
17401	12335	12336	6
17402	12336	12337	6
17403	12337	12338	6
17404	12338	12338	0
17405	12338	12339	6
17406	12339	12340	6
17407	12340	12340	0
17408	12340	12340	0
17409	12340	12341	6
17410	12341	12341	0
17411	12341	12341	0
17412	12341	12341	0
17413	12341	12341	0
17414	12341	12341	0
17415	12341	12341	0
17416	12341	12341	0
17417	12341	12342	6
17418	12342	12343	6
17419	12343	12344	6
17420	12344	12345	6
17421	12345	12346	6
17422	12346	12347	6
17423	12347	12348	6
17424	12348	12349	6
17425	12349	12350	6
17426	12350	12351	6
17427	12351	12352	6
17428	12352	12353	6
17429	12353	12354	6
17430	12354	12355	6
17431	12355	12356	6
17432	12356	12357	6
17433	12357	12358	6
17434	12358	12359	6
17435	12359	12360	4
17436	12360	12361	6
17437	12361	12362	6
17438	12362	12362	0
17439	12362	12362	0
17440	12362	12362	0
17441	12362	12362	0
17442	12362	12363	4
17443	12363	12364	6
17444	12364	12364	0
17445	12364	12364	0
17446	12364	12364	0
17447	12364	12364	0
17448	12364	12365	6
17449	12365	12365	0
17450	12365	12365	0
17451	12365	12365	0
17452	12365	12365	0
17453	12365	12365	0
17454	12365	12365	0
17455	12365	12365	0
17456	12365	12365	0
17457	12365	12365	0
17458	12365	12365	0
17459	12365	12366	6
17460	12366	12366	0
17461	12366	12366	0
17462	12366	12366	0
17463	12366	12366	0
17464	12366	12366	0
17465	12366	12366	0
17466	12366	12366	0
17467	12366	12366	0
17468	12366	12366	0
17469	12366	12367	6
17470	12367	12368	6
17471	12368	12369	6
17472	12369	12370	6
17473	12370	12371	6
17474	12371	12371	0
17475	12371	12371	0
17476	12371	12372	2
17477	12372	12372	0
17478	12372	12372	0
17479	12372	12372	0
17480	12372	12372	0
17481	12372	12372	0
17482	12372	12372	0
17483	12372	12372	0
17484	12372	12372	0
17485	12372	12372	0
17486	12372	12372	0
17487	12372	12372	0
17488	12372	12372	0
17489	12372	12372	0
17490	12372	12372	0
17491	12372	12372	0
17492	12372	12372	0
17493	12372	12372	0
17494	12372	12372	0
17495	12372	12372	0
17496	12372	12372	0
17497	12372	12372	0
17498	12372	12372	0
17499	12372	12372	0
17500	12372	12372	0
17501	12372	12372	0
17502	12372	12372	0
17503	12372	12372	0
17504	12372	12372	0
17505	12372	12372	0
17506	12372	12372	0
17507	12372	12372	0
17508	12372	12372	0
17509	12372	12372	0
17510	12372	12372	0
17511	12372	12372	0
17512	12372	12372	0
17513	12372	12373	6
17514	12373	12375	6
17515	12375	12376	6
17516	12376	12377	6
17517	12377	12378	6
17518	12378	12379	6
17519	12379	12379	0
17520	12379	12381	6
17521	12381	12381	0
17522	12381	12382	6
17523	12382	12383	6
17524	12383	12384	6
17525	12384	12385	6
17526	12385	12385	0
17527	12385	12386	6
17528	12386	12386	0
17529	12386	12386	0
17530	12386	12386	0
17531	12386	12386	0
17532	12386	12386	0
17533	12386	12386	0
17534	12386	12386	0
17535	12386	12386	0
17536	12386	12386	0
17537	12386	12386	0
17538	12386	12386	0
17539	12386	12386	0
17540	12386	12386	0
17541	12386	12386	0
17542	12386	12386	0
17543	12386	12386	0
17544	12386	12386	0
17545	12386	12386	0
17546	12386	12386	0
17547	12386	12386	0
17548	12386	12386	0
17549	12386	12386	0
17550	12386	12386	0
17551	12386	12386	0
17552	12386	12386	0
17553	12386	12386	0
17554	12386	12386	0
17555	12386	12386	0
17556	12386	12386	0
17557	12386	12386	0
17558	12386	12386	0
17559	12386	12386	0
17560	12386	12394	6
17561	12394	12394	0
17562	12394	12394	0
17563	12394	12394	0
17564	12394	12398	6
17565	12398	12398	4
17566	12398	12398	0
17567	12398	12398	0
17568	12398	12399	4
17569	12399	12399	0
17570	12399	12399	0
17571	12399	12399	0
17572	12399	12399	0
17573	12399	12399	4
17574	12399	12399	0
17575	12399	12399	6
17576	12399	12399	0
17577	12399	12405	6
17578	12405	12405	0
17579	12405	12405	0
17580	12405	12407	6
17581	12407	12409	2
17582	12409	12412	2
17583	12412	12412	6
17584	12412	12412	0
17585	12412	12412	0
17586	12412	12412	0
17587	12412	12412	0
17588	12412	12412	0
17589	12412	12412	6
17590	12412	12412	4
17591	12412	12412	0
17592	12412	12412	0
17593	12412	12416	6
17594	12416	12418	2
17595	12418	12418	2
17596	12418	12422	6
17597	12422	12422	0
17598	12422	12422	4
17599	12422	12422	0
17600	12422	12422	0
17601	12422	12422	0
17602	12422	12422	4
17603	12422	12422	0
17604	12422	12422	0
17605	12422	12422	0
17606	12422	12422	0
17607	12422	12422	0
17608	12422	12422	0
17609	12422	12422	0
17610	12422	12422	0
17611	12422	12422	0
17612	12422	12422	0
17613	12422	12422	0
17614	12422	12422	0
17615	12422	12424	6
17616	12424	12424	6
17617	12424	12424	0
17618	12424	12425	6
17619	12425	12427	6
17620	12427	12428	6
17621	12428	12428	0
17622	12428	12428	0
17623	12428	12428	0
17624	12428	12428	0
17625	12428	12428	0
17626	12428	12428	0
17627	12428	12428	4
17628	12428	12428	0
17629	12428	12428	4
17630	12428	12428	0
17631	12428	12428	0
17632	12428	12428	0
17633	12428	12428	0
17634	12428	12428	0
17635	12428	12428	0
17636	12428	12428	0
17637	12428	12428	0
17638	12428	12428	0
17639	12428	12428	0
17640	12428	12428	0
17641	12428	12428	0
17642	12428	12428	0
17643	12428	12428	0
17644	12428	12428	0
17645	12428	12428	0
17646	12428	12428	0
17647	12428	12428	0
17648	12428	12428	0
17649	12428	12428	0
17650	12428	12428	0
17651	12428	12428	0
17652	12428	12428	0
17653	12428	12428	0
17654	12428	12428	0
17655	12428	12428	0
17656	12428	12428	0
17657	12428	12428	0
17658	12428	12428	0
17659	12428	12429	6
17660	12429	12429	0
17661	12429	12429	0
17662	12429	12431	2
17663	12431	12432	6
17664	12432	12432	0
17665	12432	12432	0
17666	12432	12432	0
17667	12432	12432	0
17668	12432	12432	0
17669	12432	12432	4
17670	12432	12432	0
17671	12432	12432	0
17672	12432	12432	0
17673	12432	12432	0
17674	12432	12432	0
17675	12432	12432	0
17676	12432	12432	0
17677	12432	12432	0
17678	12432	12432	0
17679	12432	12432	0
17680	12432	12432	0
17681	12432	12432	0
17682	12432	12434	6
17683	12434	12435	6
17684	12435	12435	0
17685	12435	12435	0
17686	12435	12435	0
17687	12435	12436	2
17688	12436	12437	2
17689	12437	12437	2
17690	12437	12438	2
17691	12438	12438	0
17692	12438	12438	4
17693	12438	12438	0
17694	12438	12438	0
17695	12438	12439	6
17696	12439	12440	6
17697	12440	12441	6
17698	12441	12441	0
17699	12441	12441	0
17700	12441	12441	0
17701	12441	12441	0
17702	12441	12441	0
17703	12441	12441	0
17704	12441	12441	0
17705	12441	12442	6
17706	12442	12443	2
17707	12443	12444	2
17708	12444	12444	0
17709	12444	12445	6
17710	12445	12445	0
17711	12445	12445	0
17712	12445	12445	0
17713	12445	12445	0
17714	12445	12445	0
17715	12445	12445	0
17716	12445	12445	0
17717	12445	12446	4
17718	12446	12447	4
17719	12447	12447	2
17720	12447	12447	0
17721	12447	12447	0
17722	12447	12447	0
17723	12447	12447	0
17724	12447	12448	6
17725	12448	12449	2
17726	12449	12449	6
17727	12449	12449	0
17728	12449	12450	6
17729	12450	12450	0
17730	12450	12450	0
17731	12450	12450	0
17732	12450	12450	0
17733	12450	12450	0
17734	12450	12450	0
17735	12450	12450	0
17736	12450	12450	0
17737	12450	12450	0
17738	12450	12450	0
17739	12450	12450	0
17740	12450	12451	2
17741	12451	12451	0
17742	12451	12451	0
17743	12451	12451	0
17744	12451	12451	0
17745	12451	12451	0
17746	12451	12451	0
17747	12451	12451	0
17748	12451	12451	0
17749	12451	12451	0
17750	12451	12451	0
17751	12451	12451	0
17752	12451	12451	0
17753	12451	12451	0
17754	12451	12451	0
17755	12451	12451	0
17756	12451	12451	0
17757	12451	12451	0
17758	12451	12451	0
17759	12451	12451	0
17760	12451	12451	0
17761	12451	12451	0
17762	12451	12451	0
17763	12451	12452	4
17764	12452	12452	0
17765	12452	12452	0
17766	12452	12452	0
17767	12452	12453	6
17768	12453	12453	0
17769	12453	12453	0
17770	12453	12454	6
17771	12454	12455	2
17772	12455	12456	4
17773	12456	12456	0
17774	12456	12456	0
17775	12456	12456	0
17776	12456	12456	0
17777	12456	12456	0
17778	12456	12456	0
17779	12456	12456	0
17780	12456	12456	0
17781	12456	12457	2
17782	12457	12458	4
17783	12458	12459	2
17784	12459	12460	6
17785	12460	12460	0
17786	12460	12461	6
17787	12461	12462	6
17788	12462	12462	0
17789	12462	12464	6
17790	12464	12464	6
17791	12464	12465	6
17792	12465	12466	6
17793	12466	12467	2
17794	12467	12468	6
17795	12468	12469	6
17796	12469	12470	6
17797	12470	12472	6
17798	12472	12474	6
17799	12474	12474	0
17800	12474	12476	6
17801	12476	12478	6
17802	12478	12478	0
17803	12478	12479	2
17804	12479	12480	6
17805	12480	12481	6
17806	12481	12482	6
17807	12482	12482	0
17808	12482	12483	6
17809	12483	12484	2
17810	12484	12485	6
17811	12485	12486	6
17812	12486	12487	6
17813	12487	12488	6
17814	12488	12489	6
17815	12489	12490	6
17816	12490	12491	6
17817	12491	12492	6
17818	12492	12493	2
17819	12493	12493	0
17820	12493	12493	0
17821	12493	12494	6
17822	12494	12495	6
17823	12495	12496	2
17824	12496	12497	6
17825	12497	12497	0
17826	12497	12497	0
17827	12497	12497	0
17828	12497	12497	0
17829	12497	12498	6
17830	12498	12499	6
17831	12499	12500	6
17832	12500	12501	6
17833	12501	12502	6
17834	12502	12503	2
17835	12503	12504	6
17836	12504	12505	6
17837	12505	12506	6
17838	12506	12507	6
17839	12507	12507	0
17840	12507	12507	0
17841	12507	12508	6
17842	12508	12509	6
17843	12509	12510	6
17844	12510	12511	6
17845	12511	12512	6
17846	12512	12513	6
17847	12513	12514	6
17848	12514	12515	6
17849	12515	12516	6
17850	12516	12517	6
17851	12517	12518	6
17852	12518	12519	6
17853	12519	12521	6
17854	12521	12522	6
17855	12522	12523	6
17856	12523	12524	6
17857	12524	12524	0
17858	12524	12525	6
17859	12525	12526	6
17860	12526	12527	6
17861	12527	12529	6
17862	12529	12531	6
17863	12531	12532	6
17864	12532	12533	6
17865	12533	12534	6
17866	12534	12535	6
17867	12535	12536	6
17868	12536	12537	6
17869	12537	12538	6
17870	12538	12539	6
17871	12539	12540	6
17872	12540	12541	6
17873	12541	12542	6
17874	12542	12543	6
17875	12543	12544	6
17876	12544	12545	6
17877	12545	12546	6
17878	12546	12547	6
17879	12547	12548	6
17880	12548	12549	6
17881	12549	12550	6
17882	12550	12551	6
17883	12551	12552	6
17884	12552	12553	6
17885	12553	12554	6
17886	12554	12555	6
17887	12555	12556	6
17888	12556	12557	6
17889	12557	12558	6
17890	12558	12559	6
17891	12559	12560	6
17892	12560	12561	6
17893	12561	12562	6
17894	12562	12563	6
17895	12563	12564	6
17896	12564	12565	6
17897	12565	12566	6
17898	12566	12567	6
17899	12567	12568	6
17900	12568	12569	6
17901	12569	12569	0
17902	12569	12569	0
17903	12569	12569	0
17904	12569	12569	0
17905	12569	12569	0
17906	12569	12569	0
17907	12569	12569	0
17908	12569	12569	0
17909	12569	12569	0
17910	12569	12569	0
17911	12569	12569	0
17912	12569	12569	0
17913	12569	12569	0
17914	12569	12569	0
17915	12569	12569	0
17916	12569	12569	0
17917	12569	12569	0
17918	12569	12569	0
17919	12569	12569	0
17920	12569	12569	0
17921	12569	12569	0
17922	12569	12569	0
17923	12569	12569	0
17924	12569	12569	0
17925	12569	12569	0
17926	12569	12569	0
17927	12569	12569	0
17928	12569	12569	0
17929	12569	12569	6
17930	12569	12569	6
17931	12569	12569	0
17932	12569	12570	6
17933	12570	12570	2
17934	12570	12570	0
17935	12570	12570	0
17936	12570	12571	6
17937	12571	12571	0
17938	12571	12572	4
17939	12572	12572	0
17940	12572	12573	6
17941	12573	12573	0
17942	12573	12573	0
17943	12573	12573	0
17944	12573	12573	0
17945	12573	12574	6
17946	12574	12575	6
17947	12575	12576	2
17948	12576	12576	0
17949	12576	12576	0
17950	12576	12576	0
17951	12576	12576	0
17952	12576	12576	0
17953	12576	12576	0
17954	12576	12576	0
17955	12576	12576	0
17956	12576	12576	0
17957	12576	12576	0
17958	12576	12577	6
17959	12577	12578	2
17960	12578	12579	6
17961	12579	12580	6
17962	12580	12580	0
17963	12580	12580	0
17964	12580	12580	0
17965	12580	12580	0
17966	12580	12580	0
17967	12580	12580	0
17968	12580	12580	0
17969	12580	12580	0
17970	12580	12580	0
17971	12580	12580	0
17972	12580	12580	0
17973	12580	12580	0
17974	12580	12580	0
17975	12580	12580	0
17976	12580	12580	0
17977	12580	12580	0
17978	12580	12580	0
17979	12580	12580	0
17980	12580	12580	0
17981	12580	12580	0
17982	12580	12580	0
17983	12580	12580	0
17984	12580	12580	0
17985	12580	12580	0
17986	12580	12580	0
17987	12580	12580	0
17988	12580	12580	0
17989	12580	12580	0
17990	12580	12580	0
17991	12580	12580	0
17992	12580	12580	0
17993	12580	12580	0
17994	12580	12580	0
17995	12580	12580	0
17996	12580	12580	0
17997	12580	12580	0
17998	12580	12580	0
17999	12580	12580	0
18000	12580	12580	0
18001	12580	12580	0
18002	12580	12580	0
18003	12580	12580	0
18004	12580	12580	0
18005	12580	12580	0
18006	12580	12580	0
18007	12580	12580	0
18008	12580	12580	0
18009	12580	12580	6
18010	12580	12580	0
18011	12580	12580	0
18012	12580	12580	0
18013	12580	12580	0
18014	12580	12580	0
18015	12580	12580	0
18016	12580	12580	0
18017	12580	12581	6
18018	12581	12581	0
18019	12581	12582	6
18020	12582	12582	0
18021	12582	12583	6
18022	12583	12584	6
18023	12584	12585	6
18024	12585	12586	2
18025	12586	12586	0
18026	12586	12586	0
18027	12586	12587	4
18028	12587	12587	0
18029	12587	12587	0
18030	12587	12587	0
18031	12587	12588	6
18032	12588	12588	0
18033	12588	12589	6
18034	12589	12590	6
18035	12590	12590	0
18036	12590	12590	0
18037	12590	12591	6
18038	12591	12591	0
18039	12591	12591	0
18040	12591	12591	0
18041	12591	12591	0
18042	12591	12592	6
18043	12592	12593	6
18044	12593	12593	0
18045	12593	12594	6
18046	12594	12595	6
18047	12595	12595	6
18048	12595	12595	0
18049	12595	12595	0
18050	12595	12595	0
18051	12595	12596	6
18052	12596	12597	6
18053	12597	12597	6
18054	12597	12598	6
18055	12598	12599	6
18056	12599	12600	6
18057	12600	12601	6
18058	12601	12602	6
18059	12602	12602	0
18060	12602	12603	6
18061	12603	12604	6
18062	12604	12604	0
18063	12604	12605	2
18064	12605	12606	6
18065	12606	12607	6
18066	12607	12608	6
18067	12608	12609	6
18068	12609	12609	6
18069	12609	12610	6
18070	12610	12611	6
18071	12611	12611	0
18072	12611	12611	0
18073	12611	12611	0
18074	12611	12611	0
18075	12611	12611	0
18076	12611	12611	0
18077	12611	12613	6
18078	12613	12613	0
18079	12613	12613	0
18080	12613	12613	0
18081	12613	12613	0
18082	12613	12613	0
18083	12613	12613	0
18084	12613	12613	0
18085	12613	12613	0
18086	12613	12614	4
18087	12614	12614	0
18088	12614	12615	6
18089	12615	12615	0
18090	12615	12615	4
18091	12615	12615	0
18092	12615	12615	0
18093	12615	12615	0
18094	12615	12615	0
18095	12615	12615	0
18096	12615	12615	6
18097	12615	12615	0
18098	12615	12616	4
18099	12616	12617	6
18100	12617	12618	6
18101	12618	12619	2
18102	12619	12620	6
18103	12620	12621	4
18104	12621	12622	6
18105	12622	12624	6
18106	12624	12624	0
18107	12624	12624	0
18108	12624	12624	0
18109	12624	12624	0
18110	12624	12624	0
18111	12624	12624	0
18112	12624	12624	0
18113	12624	12624	0
18114	12624	12624	0
18115	12624	12624	0
18116	12624	12624	0
18117	12624	12624	0
18118	12624	12626	6
18119	12626	12626	4
18120	12626	12627	6
18121	12627	12628	6
18122	12628	12629	6
18123	12629	12630	2
18124	12630	12631	6
18125	12631	12631	0
18126	12631	12631	0
18127	12631	12631	0
18128	12631	12631	0
18129	12631	12631	0
18130	12631	12631	0
18131	12631	12631	0
18132	12631	12631	0
18133	12631	12631	0
18134	12631	12631	0
18135	12631	12631	0
18136	12631	12631	0
18137	12631	12631	0
18138	12631	12631	0
18139	12631	12631	0
18140	12631	12631	0
18141	12631	12631	0
18142	12631	12631	0
18143	12631	12631	0
18144	12631	12631	0
18145	12631	12631	0
18146	12631	12631	0
18147	12631	12631	0
18148	12631	12631	0
18149	12631	12631	0
18150	12631	12631	0
18151	12631	12631	0
18152	12631	12631	0
18153	12631	12631	0
18154	12631	12631	0
18155	12631	12631	0
18156	12631	12631	0
18157	12631	12631	0
18158	12631	12631	0
18159	12631	12631	0
18160	12631	12631	0
18161	12631	12631	0
18162	12631	12631	0
18163	12631	12631	0
18164	12631	12631	0
18165	12631	12631	0
18166	12631	12631	0
18167	12631	12631	0
18168	12631	12631	0
18169	12631	12631	0
18170	12631	12631	0
18171	12631	12631	0
18172	12631	12631	0
18173	12631	12631	0
18174	12631	12631	0
18175	12631	12631	0
18176	12631	12631	0
18177	12631	12631	0
18178	12631	12631	0
18179	12631	12631	6
18180	12631	12631	0
18181	12631	12631	6
18182	12631	12633	6
18183	12633	12633	4
18184	12633	12636	6
18185	12636	12637	6
18186	12637	12637	0
18187	12637	12637	0
18188	12637	12637	0
18189	12637	12637	0
18190	12637	12637	0
18191	12637	12638	6
18192	12638	12638	0
18193	12638	12638	0
18194	12638	12639	2
18195	12639	12640	6
18196	12640	12640	0
18197	12640	12640	0
18198	12640	12640	0
18199	12640	12640	0
18200	12640	12640	0
18201	12640	12640	0
18202	12640	12640	0
18203	12640	12642	6
18204	12642	12644	6
18205	12644	12644	0
18206	12644	12644	0
18207	12644	12644	4
18208	12644	12645	6
18209	12645	12645	0
18210	12645	12646	4
18211	12646	12646	0
18212	12646	12647	6
18213	12647	12647	0
18214	12647	12648	4
18215	12648	12648	0
18216	12648	12649	2
18217	12649	12649	0
18218	12649	12649	0
18219	12649	12649	0
18220	12649	12649	0
18221	12649	12649	0
18222	12649	12649	0
18223	12649	12649	0
18224	12649	12649	0
18225	12649	12649	0
18226	12649	12650	6
18227	12650	12650	0
18228	12650	12650	0
18229	12650	12650	0
18230	12650	12650	0
18231	12650	12650	0
18232	12650	12650	0
18233	12650	12651	6
18234	12651	12652	6
18235	12652	12652	0
18236	12652	12653	6
18237	12653	12653	0
18238	12653	12653	0
18239	12653	12654	6
18240	12654	12656	6
18241	12656	12656	0
18242	12656	12656	0
18243	12656	12656	0
18244	12656	12656	0
18245	12656	12656	0
18246	12656	12656	0
18247	12656	12657	6
18248	12657	12657	0
18249	12657	12657	0
18250	12657	12657	0
18251	12657	12658	6
18252	12658	12658	0
18253	12658	12659	4
18254	12659	12659	0
18255	12659	12660	6
18256	12660	12661	6
18257	12661	12662	6
18258	12662	12663	6
18259	12663	12663	0
18260	12663	12664	6
18261	12664	12665	6
18262	12665	12666	6
18263	12666	12666	4
18264	12666	12666	0
18265	12666	12666	0
18266	12666	12666	0
18267	12666	12666	0
18268	12666	12666	0
18269	12666	12666	0
18270	12666	12666	0
18271	12666	12666	0
18272	12666	12666	0
18273	12666	12666	0
18274	12666	12667	4
18275	12667	12667	0
18276	12667	12667	0
18277	12667	12669	6
18278	12669	12669	0
18279	12669	12669	0
18280	12669	12669	0
18281	12669	12669	0
18282	12669	12669	0
18283	12669	12669	0
18284	12669	12670	4
18285	12670	12670	0
18286	12670	12670	0
18287	12670	12670	0
18288	12670	12671	4
18289	12671	12671	0
18290	12671	12671	0
18291	12671	12671	0
18292	12671	12671	0
18293	12671	12671	0
18294	12671	12671	0
18295	12671	12671	0
18296	12671	12671	0
18297	12671	12671	0
18298	12671	12672	6
18299	12672	12673	6
18300	12673	12674	6
18301	12674	12674	0
18302	12674	12674	0
18303	12674	12674	0
18304	12674	12674	0
18305	12674	12675	6
18306	12675	12676	6
18307	12676	12676	0
18308	12676	12676	0
18309	12676	12676	4
18310	12676	12676	0
18311	12676	12676	0
18312	12676	12676	0
18313	12676	12676	0
18314	12676	12676	0
18315	12676	12676	0
18316	12676	12676	0
18317	12676	12676	0
18318	12676	12676	0
18319	12676	12678	6
18320	12678	12679	6
18321	12679	12680	6
18322	12680	12680	0
18323	12680	12680	0
18324	12680	12680	0
18325	12680	12680	0
18326	12680	12680	0
18327	12680	12680	0
18328	12680	12680	0
18329	12680	12680	0
18330	12680	12680	0
18331	12680	12680	0
18332	12680	12680	0
18333	12680	12680	0
18334	12680	12680	0
18335	12680	12680	0
18336	12680	12680	0
18337	12680	12680	0
18338	12680	12680	0
18339	12680	12680	0
18340	12680	12680	0
18341	12680	12680	0
18342	12680	12680	0
18343	12680	12680	0
18344	12680	12680	0
18345	12680	12680	0
18346	12680	12680	0
18347	12680	12680	0
18348	12680	12680	0
18349	12680	12680	0
18350	12680	12680	0
18351	12680	12680	0
18352	12680	12680	0
18353	12680	12680	0
18354	12680	12680	0
18355	12680	12680	0
18356	12680	12681	6
18357	12681	12681	0
18358	12681	12681	0
18359	12681	12681	0
18360	12681	12681	0
18361	12681	12681	0
18362	12681	12681	0
18363	12681	12681	0
18364	12681	12681	0
18365	12681	12681	0
18366	12681	12681	0
18367	12681	12681	0
18368	12681	12681	0
18369	12681	12681	0
18370	12681	12681	0
18371	12681	12681	0
18372	12681	12681	0
18373	12681	12681	0
18374	12681	12681	0
18375	12681	12681	0
18376	12681	12681	0
18377	12681	12681	0
18378	12681	12681	0
18379	12681	12681	0
18380	12681	12681	0
18381	12681	12681	0
18382	12681	12681	0
18383	12681	12681	0
18384	12681	12681	0
18385	12681	12681	0
18386	12681	12681	0
18387	12681	12681	0
18388	12681	12682	4
18389	12682	12682	0
18390	12682	12683	6
18391	12683	12683	0
18392	12683	12683	0
18393	12683	12683	0
18394	12683	12683	0
18395	12683	12683	0
18396	12683	12683	0
18397	12683	12684	6
18398	12684	12684	0
18399	12684	12684	0
18400	12684	12684	0
18401	12684	12685	4
18402	12685	12685	0
18403	12685	12685	0
18404	12685	12685	0
18405	12685	12685	0
18406	12685	12685	0
18407	12685	12685	0
18408	12685	12685	0
18409	12685	12685	0
18410	12685	12685	0
18411	12685	12685	0
18412	12685	12685	0
18413	12685	12685	0
18414	12685	12685	0
18415	12685	12685	0
18416	12685	12685	0
18417	12685	12685	0
18418	12685	12685	0
18419	12685	12685	0
18420	12685	12685	0
18421	12685	12685	0
18422	12685	12686	2
18423	12686	12687	2
18424	12687	12688	6
18425	12688	12688	0
18426	12688	12688	0
18427	12688	12688	0
18428	12688	12688	0
18429	12688	12689	6
18430	12689	12690	6
18431	12690	12691	6
18432	12691	12692	6
18433	12692	12693	6
18434	12693	12694	6
18435	12694	12695	6
18436	12695	12696	6
18437	12696	12697	6
18438	12697	12698	6
18439	12698	12699	6
18440	12699	12700	6
18441	12700	12701	6
18442	12701	12703	6
18443	12703	12703	0
18444	12703	12703	0
18445	12703	12705	6
18446	12705	12706	6
18447	12706	12707	6
18448	12707	12708	6
18449	12708	12709	6
18450	12709	12711	6
18451	12711	12712	6
18452	12712	12713	6
18453	12713	12714	6
18454	12714	12715	6
18455	12715	12715	0
18456	12715	12715	0
18457	12715	12716	6
18458	12716	12717	6
18459	12717	12717	0
18460	12717	12718	6
18461	12718	12719	6
18462	12719	12720	6
18463	12720	12721	6
18464	12721	12722	6
18465	12722	12723	6
18466	12723	12724	6
18467	12724	12725	6
18468	12725	12726	6
18469	12726	12726	0
18470	12726	12727	6
18471	12727	12728	6
18472	12728	12728	0
18473	12728	12729	4
18474	12729	12729	0
18475	12729	12730	2
18476	12730	12731	6
18477	12731	12732	6
18478	12732	12733	6
18479	12733	12734	6
18480	12734	12735	6
18481	12735	12736	2
18482	12736	12737	6
18483	12737	12738	4
18484	12738	12739	6
18485	12739	12739	0
18486	12739	12740	6
18487	12740	12741	6
18488	12741	12742	6
18489	12742	12743	6
18490	12743	12744	6
18491	12744	12745	6
18492	12745	12747	6
18493	12747	12748	6
18494	12748	12750	6
18495	12750	12752	6
18496	12752	12753	6
18497	12753	12754	6
18498	12754	12755	6
18499	12755	12756	6
18500	12756	12757	6
18501	12757	12758	6
18502	12758	12759	4
18503	12759	12760	6
18504	12760	12761	6
18505	12761	12762	6
18506	12762	12763	6
18507	12763	12764	6
18508	12764	12765	6
18509	12765	12766	6
18510	12766	12766	0
18511	12766	12766	0
18512	12766	12766	0
18513	12766	12767	6
18514	12767	12767	0
18515	12767	12768	6
18516	12768	12769	6
18517	12769	12770	6
18518	12770	12771	6
18519	12771	12772	6
18520	12772	12773	6
18521	12773	12774	6
18522	12774	12775	6
18523	12775	12776	6
18524	12776	12777	6
18525	12777	12777	0
18526	12777	12778	6
18527	12778	12779	6
18528	12779	12779	0
18529	12779	12779	0
18530	12779	12780	6
18531	12780	12780	0
18532	12780	12781	6
18533	12781	12782	6
18534	12782	12782	0
18535	12782	12783	6
18536	12783	12784	6
18537	12784	12784	0
18538	12784	12785	6
18539	12785	12786	6
18540	12786	12786	0
18541	12786	12787	6
18542	12787	12787	0
18543	12787	12787	0
18544	12787	12787	2
18545	12787	12787	0
18546	12787	12787	0
18547	12787	12787	0
18548	12787	12789	6
18549	12789	12789	0
18550	12789	12789	0
18551	12789	12789	0
18552	12789	12789	0
18553	12789	12789	0
18554	12789	12789	4
18555	12789	12789	0
18556	12789	12789	0
18557	12789	12789	0
18558	12789	12791	6
18559	12791	12791	0
18560	12791	12791	0
18561	12791	12792	6
18562	12792	12794	6
18563	12794	12794	0
18564	12794	12794	0
18565	12794	12794	0
18566	12794	12794	0
18567	12794	12794	0
18568	12794	12794	0
18569	12794	12794	2
18570	12794	12794	0
18571	12794	12794	0
18572	12794	12794	0
18573	12794	12796	6
18574	12796	12796	0
18575	12796	12796	6
18576	12796	12796	0
18577	12796	12796	0
18578	12796	12796	0
18579	12796	12796	0
18580	12796	12796	0
18581	12796	12796	0
18582	12796	12798	6
18583	12798	12800	6
18584	12800	12801	6
18585	12801	12801	0
18586	12801	12801	0
18587	12801	12803	6
18588	12803	12803	2
18589	12803	12803	0
18590	12803	12803	0
18591	12803	12803	0
18592	12803	12804	4
18593	12804	12805	4
18594	12805	12806	6
18595	12806	12806	0
18596	12806	12806	0
18597	12806	12806	0
18598	12806	12808	6
18599	12808	12808	0
18600	12808	12808	0
18601	12808	12808	0
18602	12808	12808	4
18603	12808	12808	0
18604	12808	12809	6
18605	12809	12810	6
18606	12810	12811	2
18607	12811	12813	6
18608	12813	12813	0
18609	12813	12813	0
18610	12813	12813	0
18611	12813	12813	0
18612	12813	12815	6
18613	12815	12816	6
18614	12816	12816	0
18615	12816	12816	0
18616	12816	12818	6
18617	12818	12818	0
18618	12818	12818	0
18619	12818	12818	0
18620	12818	12818	0
18621	12818	12818	0
18622	12818	12818	0
18623	12818	12819	6
18624	12819	12821	6
18625	12821	12822	6
18626	12822	12823	6
18627	12823	12824	2
18628	12824	12825	6
18629	12825	12827	6
18630	12827	12828	2
18631	12828	12829	2
18632	12829	12830	2
18633	12830	12831	6
18634	12831	12832	6
18635	12832	12833	6
18636	12833	12833	0
18637	12833	12833	0
18638	12833	12834	6
18639	12834	12834	0
18640	12834	12834	0
18641	12834	12834	0
18642	12834	12834	0
18643	12834	12835	4
18644	12835	12836	6
18645	12836	12837	6
18646	12837	12838	6
18647	12838	12839	6
18648	12839	12839	0
18649	12839	12839	0
18650	12839	12840	2
18651	12840	12841	2
18652	12841	12841	0
18653	12841	12841	0
18654	12841	12841	0
18655	12841	12841	0
18656	12841	12841	0
18657	12841	12841	0
18658	12841	12842	6
18659	12842	12842	0
18660	12842	12842	0
18661	12842	12842	0
18662	12842	12842	0
18663	12842	12842	0
18664	12842	12843	6
18665	12843	12843	0
18666	12843	12843	0
18667	12843	12843	0
18668	12843	12843	0
18669	12843	12844	6
18670	12844	12845	2
18671	12845	12845	0
18672	12845	12845	0
18673	12845	12846	2
18674	12846	12847	6
18675	12847	12848	6
18676	12848	12849	6
18677	12849	12849	0
18678	12849	12849	0
18679	12849	12849	0
18680	12849	12849	0
18681	12849	12850	2
18682	12850	12851	6
18683	12851	12852	6
18684	12852	12853	6
18685	12853	12853	0
18686	12853	12853	0
18687	12853	12853	0
18688	12853	12853	0
18689	12853	12853	0
18690	12853	12853	0
18691	12853	12853	0
18692	12853	12853	0
18693	12853	12853	0
18694	12853	12853	0
18695	12853	12853	0
18696	12853	12853	0
18697	12853	12853	0
18698	12853	12853	0
18699	12853	12853	0
18700	12853	12853	0
18701	12853	12853	0
18702	12853	12853	0
18703	12853	12854	6
18704	12854	12854	0
18705	12854	12854	0
18706	12854	12856	6
18707	12856	12856	0
18708	12856	12856	0
18709	12856	12857	2
18710	12857	12857	0
18711	12857	12857	0
18712	12857	12857	0
18713	12857	12857	0
18714	12857	12857	0
18715	12857	12857	0
18716	12857	12857	0
18717	12857	12857	0
18718	12857	12857	0
18719	12857	12857	0
18720	12857	12857	0
18721	12857	12857	0
18722	12857	12858	6
18723	12858	12858	0
18724	12858	12858	0
18725	12858	12858	0
18726	12858	12859	6
18727	12859	12860	6
18728	12860	12860	0
18729	12860	12860	0
18730	12860	12860	0
18731	12860	12861	4
18732	12861	12861	0
18733	12861	12861	0
18734	12861	12862	2
18735	12862	12863	6
18736	12863	12864	2
18737	12864	12864	0
18738	12864	12864	0
18739	12864	12865	6
18740	12865	12866	6
18741	12866	12867	6
18742	12867	12868	6
18743	12868	12868	0
18744	12868	12869	6
18745	12869	12870	2
18746	12870	12871	2
18747	12871	12871	0
18748	12871	12871	0
18749	12871	12871	0
18750	12871	12871	0
18751	12871	12871	0
18752	12871	12871	0
18753	12871	12871	0
18754	12871	12871	0
18755	12871	12872	4
18756	12872	12872	0
18757	12872	12872	0
18758	12872	12873	6
18759	12873	12873	0
18760	12873	12873	0
18761	12873	12874	6
18762	12874	12874	0
18763	12874	12874	0
18764	12874	12875	6
18765	12875	12876	6
18766	12876	12877	6
18767	12877	12878	6
18768	12878	12879	6
18769	12879	12880	6
18770	12880	12881	6
18771	12881	12881	0
18772	12881	12882	2
18773	12882	12883	6
18774	12883	12884	6
18775	12884	12885	6
18776	12885	12886	2
18777	12886	12887	6
18778	12887	12888	6
18779	12888	12889	6
18780	12889	12890	6
18781	12890	12891	6
18782	12891	12892	6
18783	12892	12893	6
18784	12893	12894	6
18785	12894	12895	6
18786	12895	12896	6
18787	12896	12897	6
18788	12897	12898	6
18789	12898	12899	6
18790	12899	12900	6
18791	12900	12901	6
18792	12901	12902	6
18793	12902	12904	6
18794	12904	12905	6
18795	12905	12906	6
18796	12906	12906	0
18797	12906	12906	4
18798	12906	12906	0
18799	12906	12907	6
18800	12907	12908	6
18801	12908	12909	6
18802	12909	12910	2
18803	12910	12911	6
18804	12911	12911	0
18805	12911	12912	2
18806	12912	12913	6
18807	12913	12914	4
18808	12914	12915	6
18809	12915	12916	2
18810	12916	12917	6
18811	12917	12917	0
18812	12917	12917	0
18813	12917	12917	0
18814	12917	12917	0
18815	12917	12917	0
18816	12917	12918	6
18817	12918	12919	6
18818	12919	12919	0
18819	12919	12919	0
18820	12919	12919	0
18821	12919	12919	0
18822	12919	12919	0
18823	12919	12919	0
18824	12919	12919	0
18825	12919	12919	0
18826	12919	12919	0
18827	12919	12919	0
18828	12919	12919	0
18829	12919	12919	0
18830	12919	12919	0
18831	12919	12919	0
18832	12919	12919	0
18833	12919	12920	6
18834	12920	12921	6
18835	12921	12921	0
18836	12921	12921	0
18837	12921	12921	0
18838	12921	12921	0
18839	12921	12921	0
18840	12921	12921	0
18841	12921	12921	0
18842	12921	12921	0
18843	12921	12921	0
18844	12921	12921	0
18845	12921	12921	0
18846	12921	12921	0
18847	12921	12922	6
18848	12922	12922	0
18849	12922	12923	6
18850	12923	12923	0
18851	12923	12924	4
18852	12924	12925	4
18853	12925	12925	0
18854	12925	12926	6
18855	12926	12926	0
18856	12926	12926	0
18857	12926	12927	6
18858	12927	12928	6
18859	12928	12929	6
18860	12929	12929	0
18861	12929	12930	6
18862	12930	12931	6
18863	12931	12931	0
18864	12931	12931	0
18865	12931	12931	0
18866	12931	12931	0
18867	12931	12931	0
18868	12931	12932	2
18869	12932	12932	0
18870	12932	12933	6
18871	12933	12934	6
18872	12934	12935	6
18873	12935	12936	6
18874	12936	12937	6
18875	12937	12938	6
18876	12938	12939	6
18877	12939	12940	2
18878	12940	12940	0
18879	12940	12940	0
18880	12940	12940	0
18881	12940	12941	6
18882	12941	12942	6
18883	12942	12943	6
18884	12943	12944	6
18885	12944	12944	0
18886	12944	12945	6
18887	12945	12946	2
18888	12946	12947	6
18889	12947	12948	6
18890	12948	12949	6
18891	12949	12950	2
18892	12950	12950	0
18893	12950	12951	6
18894	12951	12952	6
18895	12952	12953	2
18896	12953	12954	6
18897	12954	12955	6
18898	12955	12956	6
18899	12956	12957	6
18900	12957	12957	0
18901	12957	12957	0
18902	12957	12958	2
18903	12958	12959	6
18904	12959	12960	6
18905	12960	12960	0
18906	12960	12960	0
18907	12960	12960	0
18908	12960	12960	0
18909	12960	12960	0
18910	12960	12960	0
18911	12960	12960	0
18912	12960	12960	0
18913	12960	12960	0
18914	12960	12960	0
18915	12960	12960	0
18916	12960	12960	0
18917	12960	12960	0
18918	12960	12960	0
18919	12960	12960	0
18920	12960	12960	0
18921	12960	12960	0
18922	12960	12960	0
18923	12960	12960	0
18924	12960	12960	0
18925	12960	12960	0
18926	12960	12960	0
18927	12960	12960	0
18928	12960	12960	0
18929	12960	12960	0
18930	12960	12960	0
18931	12960	12960	0
18932	12960	12960	0
18933	12960	12960	0
18934	12960	12960	0
18935	12960	12960	0
18936	12960	12960	0
18937	12960	12960	0
18938	12960	12960	0
18939	12960	12960	0
18940	12960	12960	0
18941	12960	12960	0
18942	12960	12961	6
18943	12961	12962	2
18944	12962	12962	0
18945	12962	12963	4
18946	12963	12963	0
18947	12963	12963	0
18948	12963	12963	0
18949	12963	12963	0
18950	12963	12963	0
18951	12963	12963	0
18952	12963	12963	0
18953	12963	12964	2
18954	12964	12965	6
18955	12965	12966	6
18956	12966	12966	0
18957	12966	12966	0
18958	12966	12966	0
18959	12966	12968	6
18960	12968	12969	6
18961	12969	12970	6
18962	12970	12971	6
18963	12971	12972	6
18964	12972	12974	2
18965	12974	12978	6
18966	12978	12980	6
18967	12980	12980	0
18968	12980	12980	0
18969	12980	12980	0
18970	12980	12992	6
18971	12992	12995	6
18972	12995	12998	6
18973	12998	12999	6
18974	12999	12999	0
18975	12999	12999	0
18976	12999	12999	0
18977	12999	13007	6
18978	13007	13013	6
18979	13013	13013	6
18980	13013	13017	6
18981	13017	13017	0
18982	13017	13022	2
18983	13022	13022	0
18984	13022	13023	2
18985	13023	13025	2
18986	13025	13027	2
18987	13027	13045	6
18988	13045	13049	6
18989	13049	13055	6
18990	13055	13062	6
18991	13062	13064	6
18992	13064	13072	6
18993	13072	13072	0
18994	13072	13073	6
18995	13073	13079	6
18996	13079	13081	6
18997	13081	13083	6
18998	13083	13085	6
18999	13085	13085	0
19000	13085	13086	6
19001	13086	13087	6
19002	13087	13088	6
19003	13088	13089	6
19004	13089	13090	6
19005	13090	13091	6
19006	13091	13092	6
19007	13092	13093	6
19008	13093	13094	6
19009	13094	13095	6
19010	13095	13096	6
19011	13096	13097	6
19012	13097	13098	6
19013	13098	13099	6
19014	13099	13100	6
19015	13100	13101	6
19016	13101	13102	6
19017	13102	13104	6
19018	13104	13105	6
19019	13105	13106	6
19020	13106	13107	6
19021	13107	13108	6
19022	13108	13110	6
19023	13110	13111	6
19024	13111	13112	6
19025	13112	13113	4
19026	13113	13114	4
19027	13114	13115	6
19028	13115	13116	6
19029	13116	13117	6
19030	13117	13118	6
19031	13118	13119	6
19032	13119	13120	6
19033	13120	13121	6
19034	13121	13125	6
19035	13125	13127	6
19036	13127	13131	6
19037	13131	13131	0
19038	13131	13133	6
19039	13133	13133	0
19040	13133	13133	0
19041	13133	13133	6
19042	13133	13133	0
19043	13133	13139	6
19044	13139	13143	6
19045	13143	13145	6
19046	13145	13145	0
19047	13145	13145	0
19048	13145	13149	6
19049	13149	13151	6
19050	13151	13151	0
19051	13151	13151	6
19052	13151	13151	0
19053	13151	13153	6
19054	13153	13155	6
19055	13155	13157	6
19056	13157	13159	6
19057	13159	13160	6
19058	13160	13161	6
19059	13161	13162	6
19060	13162	13163	6
19061	13163	13165	6
19062	13165	13166	6
19063	13166	13167	6
19064	13167	13168	6
19065	13168	13169	6
19066	13169	13169	0
19067	13169	13169	0
19068	13169	13169	0
19069	13169	13169	0
19070	13169	13169	0
19071	13169	13169	0
19072	13169	13169	0
19073	13169	13169	0
19074	13169	13169	0
19075	13169	13169	0
19076	13169	13170	2
19077	13170	13170	0
19078	13170	13170	0
19079	13170	13170	0
19080	13170	13171	6
19081	13171	13172	6
19082	13172	13173	2
19083	13173	13175	6
19084	13175	13176	6
19085	13176	13177	6
19086	13177	13178	6
19087	13178	13179	6
19088	13179	13180	6
19089	13180	13180	0
19090	13180	13180	0
19091	13180	13180	0
19092	13180	13184	6
19093	13184	13186	6
19094	13186	13188	6
19095	13188	13192	6
19096	13192	13194	6
19097	13194	13194	0
19098	13194	13194	0
19099	13194	13196	6
19100	13196	13196	0
19101	13196	13198	6
19102	13198	13199	6
19103	13199	13200	6
19104	13200	13202	6
19105	13202	13204	6
19106	13204	13204	0
19107	13204	13205	6
19108	13205	13206	6
19109	13206	13207	6
19110	13207	13208	6
19111	13208	13209	6
19112	13209	13209	0
19113	13209	13210	6
19114	13210	13212	6
19115	13212	13214	6
19116	13214	13216	6
19117	13216	13218	6
19118	13218	13220	2
19119	13220	13221	6
19120	13221	13222	6
19121	13222	13223	6
19122	13223	13224	6
19123	13224	13225	6
19124	13225	13226	6
19125	13226	13227	6
19126	13227	13228	6
19127	13228	13228	0
19128	13228	13228	0
19129	13228	13228	0
19130	13228	13228	0
19131	13228	13228	0
19132	13228	13228	0
19133	13228	13228	0
19134	13228	13228	0
19135	13228	13228	0
19136	13228	13228	0
19137	13228	13228	0
19138	13228	13228	0
19139	13228	13228	0
19140	13228	13228	0
19141	13228	13228	0
19142	13228	13228	0
19143	13228	13228	0
19144	13228	13228	0
19145	13228	13228	0
19146	13228	13228	0
19147	13228	13228	0
19148	13228	13228	0
19149	13228	13229	6
19150	13229	13230	6
19151	13230	13231	6
19152	13231	13232	6
19153	13232	13233	6
19154	13233	13234	6
19155	13234	13235	6
19156	13235	13236	6
19157	13236	13237	6
19158	13237	13238	6
19159	13238	13239	6
19160	13239	13240	6
19161	13240	13241	6
19162	13241	13242	6
19163	13242	13243	6
19164	13243	13244	6
19165	13244	13245	6
19166	13245	13246	6
19167	13246	13247	6
19168	13247	13248	6
19169	13248	13249	6
19170	13249	13250	6
19171	13250	13251	6
19172	13251	13252	6
19173	13252	13253	6
19174	13253	13254	6
19175	13254	13255	6
19176	13255	13256	6
19177	13256	13257	6
19178	13257	13258	6
19179	13258	13259	6
19180	13259	13260	6
19181	13260	13261	6
19182	13261	13262	6
19183	13262	13263	2
19184	13263	13263	0
19185	13263	13264	2
19186	13264	13265	4
19187	13265	13266	2
19188	13266	13266	0
19189	13266	13267	6
19190	13267	13268	2
19191	13268	13269	6
19192	13269	13269	0
19193	13269	13270	6
19194	13270	13271	6
19195	13271	13272	6
19196	13272	13273	6
19197	13273	13274	6
19198	13274	13274	0
19199	13274	13275	6
19200	13275	13276	2
19201	13276	13277	6
19202	13277	13278	6
19203	13278	13279	6
19204	13279	13280	6
19205	13280	13281	6
19206	13281	13282	6
19207	13282	13283	6
19208	13283	13283	0
19209	13283	13283	0
19210	13283	13285	6
19211	13285	13285	6
19212	13285	13286	6
19213	13286	13287	6
19214	13287	13288	6
19215	13288	13289	6
19216	13289	13289	0
19217	13289	13290	6
19218	13290	13291	6
19219	13291	13292	6
19220	13292	13293	6
19221	13293	13294	6
19222	13294	13295	6
19223	13295	13296	6
19224	13296	13297	6
19225	13297	13298	6
19226	13298	13299	6
19227	13299	13300	6
19228	13300	13301	6
19229	13301	13302	6
19230	13302	13303	6
19231	13303	13304	6
19232	13304	13305	6
19233	13305	13305	6
19234	13305	13305	0
19235	13305	13305	0
19236	13305	13305	0
19237	13305	13305	0
19238	13305	13305	0
19239	13305	13305	0
19240	13305	13305	0
19241	13305	13305	0
19242	13305	13305	0
19243	13305	13306	6
19244	13306	13307	6
19245	13307	13308	6
19246	13308	13309	6
19247	13309	13310	6
19248	13310	13311	6
19249	13311	13312	6
19250	13312	13313	6
19251	13313	13314	6
19252	13314	13315	6
19253	13315	13315	0
19254	13315	13316	2
19255	13316	13316	0
19256	13316	13316	0
19257	13316	13316	0
19258	13316	13318	6
19259	13318	13319	4
19260	13319	13319	0
19261	13319	13320	6
19262	13320	13321	6
19263	13321	13322	6
19264	13322	13322	0
19265	13322	13322	0
19266	13322	13322	0
19267	13322	13322	0
19268	13322	13322	0
19269	13322	13324	6
19270	13324	13325	2
19271	13325	13326	6
19272	13326	13327	6
19273	13327	13328	6
19274	13328	13329	6
19275	13329	13330	6
19276	13330	13331	6
19277	13331	13332	6
19278	13332	13333	6
19279	13333	13334	6
19280	13334	13334	0
19281	13334	13334	0
19282	13334	13334	4
19283	13334	13334	0
19284	13334	13334	0
19285	13334	13334	0
19286	13334	13335	6
19287	13335	13336	6
19288	13336	13337	2
19289	13337	13338	6
19290	13338	13339	6
19291	13339	13340	6
19292	13340	13341	6
19293	13341	13342	6
19294	13342	13343	6
19295	13343	13344	6
19296	13344	13345	6
19297	13345	13346	6
19298	13346	13347	6
19299	13347	13348	6
19300	13348	13349	6
19301	13349	13350	6
19302	13350	13351	6
19303	13351	13352	6
19304	13352	13353	6
19305	13353	13354	6
19306	13354	13355	6
19307	13355	13355	0
19308	13355	13355	0
19309	13355	13356	6
19310	13356	13357	6
19311	13357	13358	6
19312	13358	13358	0
19313	13358	13358	0
19314	13358	13359	2
19315	13359	13360	6
19316	13360	13361	6
19317	13361	13361	0
19318	13361	13362	2
19319	13362	13362	0
19320	13362	13362	0
19321	13362	13362	0
19322	13362	13362	0
19323	13362	13362	0
19324	13362	13362	0
19325	13362	13362	0
19326	13362	13363	6
19327	13363	13363	0
19328	13363	13363	0
19329	13363	13363	0
19330	13363	13363	0
19331	13363	13363	0
19332	13363	13363	0
19333	13363	13363	0
19334	13363	13364	6
19335	13364	13364	2
19336	13364	13364	0
19337	13364	13366	6
19338	13366	13368	6
19339	13368	13370	6
19340	13370	13371	6
19341	13371	13372	6
19342	13372	13373	6
19343	13373	13373	0
19344	13373	13374	6
19345	13374	13374	0
19346	13374	13374	0
19347	13374	13374	0
19348	13374	13374	0
19349	13374	13374	0
19350	13374	13374	0
19351	13374	13374	0
19352	13374	13375	6
19353	13375	13375	0
19354	13375	13376	6
19355	13376	13377	6
19356	13377	13378	6
19357	13378	13379	6
19358	13379	13380	6
19359	13380	13381	6
19360	13381	13382	6
19361	13382	13383	6
19362	13383	13384	6
19363	13384	13385	6
19364	13385	13386	6
19365	13386	13387	6
19366	13387	13388	6
19367	13388	13389	6
19368	13389	13390	6
19369	13390	13391	6
19370	13391	13392	6
19371	13392	13393	6
19372	13393	13394	6
19373	13394	13395	6
19374	13395	13396	6
19375	13396	13396	0
19376	13396	13396	0
19377	13396	13396	0
19378	13396	13397	6
19379	13397	13398	6
19380	13398	13399	6
19381	13399	13399	0
19382	13399	13400	6
19383	13400	13401	6
19384	13401	13402	6
19385	13402	13402	0
19386	13402	13402	0
19387	13402	13402	0
19388	13402	13402	0
19389	13402	13402	0
19390	13402	13403	6
19391	13403	13404	6
19392	13404	13404	0
19393	13404	13404	0
19394	13404	13404	0
19395	13404	13404	0
19396	13404	13404	0
19397	13404	13404	0
19398	13404	13404	0
19399	13404	13404	0
19400	13404	13404	0
19401	13404	13404	0
19402	13404	13405	6
19403	13405	13406	6
19404	13406	13407	6
19405	13407	13407	0
19406	13407	13408	2
19407	13408	13409	6
19408	13409	13411	6
19409	13411	13413	6
19410	13413	13414	6
19411	13414	13415	6
19412	13415	13417	6
19413	13417	13419	6
19414	13419	13420	6
19415	13420	13421	6
19416	13421	13421	0
19417	13421	13421	0
19418	13421	13422	6
19419	13422	13423	6
19420	13423	13424	6
19421	13424	13425	6
19422	13425	13426	6
19423	13426	13427	6
19424	13427	13428	6
19425	13428	13429	6
19426	13429	13430	6
19427	13430	13431	6
19428	13431	13432	6
19429	13432	13433	6
19430	13433	13434	6
19431	13434	13434	0
19432	13434	13434	0
19433	13434	13434	0
19434	13434	13434	0
19435	13434	13435	6
19436	13435	13436	2
19437	13436	13437	6
19438	13437	13438	6
19439	13438	13439	6
19440	13439	13440	6
19441	13440	13441	6
19442	13441	13442	6
19443	13442	13443	6
19444	13443	13444	6
19445	13444	13445	6
19446	13445	13446	6
19447	13446	13447	6
19448	13447	13448	6
19449	13448	13449	6
19450	13449	13450	6
19451	13450	13451	6
19452	13451	13452	6
19453	13452	13453	6
19454	13453	13454	6
19455	13454	13455	6
19456	13455	13456	6
19457	13456	13457	6
19458	13457	13458	6
19459	13458	13459	6
19460	13459	13460	6
19461	13460	13461	6
19462	13461	13462	6
19463	13462	13463	6
19464	13463	13464	6
19465	13464	13464	0
19466	13464	13465	6
19467	13465	13466	6
19468	13466	13467	6
19469	13467	13468	6
19470	13468	13469	6
19471	13469	13470	6
19472	13470	13471	6
19473	13471	13472	6
19474	13472	13473	6
19475	13473	13474	6
19476	13474	13474	0
19477	13474	13474	0
19478	13474	13475	6
19479	13475	13476	6
19480	13476	13477	6
19481	13477	13478	6
19482	13478	13479	6
19483	13479	13480	6
19484	13480	13481	6
19485	13481	13482	6
19486	13482	13483	6
19487	13483	13484	6
19488	13484	13485	6
19489	13485	13486	6
19490	13486	13487	6
19491	13487	13488	6
19492	13488	13489	6
19493	13489	13490	6
19494	13490	13491	6
19495	13491	13491	0
19496	13491	13492	6
19497	13492	13493	6
19498	13493	13494	6
19499	13494	13495	6
19500	13495	13496	6
19501	13496	13497	6
19502	13497	13498	6
19503	13498	13499	6
19504	13499	13500	6
19505	13500	13501	6
19506	13501	13502	6
19507	13502	13503	6
19508	13503	13504	6
19509	13504	13505	6
19510	13505	13506	6
19511	13506	13507	6
19512	13507	13508	6
19513	13508	13509	6
19514	13509	13510	6
19515	13510	13511	6
19516	13511	13512	6
19517	13512	13513	6
19518	13513	13514	2
19519	13514	13514	0
19520	13514	13514	0
19521	13514	13514	0
19522	13514	13514	0
19523	13514	13515	6
19524	13515	13516	6
19525	13516	13517	6
19526	13517	13518	6
19527	13518	13519	6
19528	13519	13520	6
19529	13520	13520	0
19530	13520	13521	6
19531	13521	13521	0
19532	13521	13521	0
19533	13521	13522	6
19534	13522	13522	0
19535	13522	13523	6
19536	13523	13524	6
19537	13524	13525	6
19538	13525	13526	6
19539	13526	13527	6
19540	13527	13528	6
19541	13528	13529	6
19542	13529	13530	6
19543	13530	13530	0
19544	13530	13530	0
19545	13530	13530	0
19546	13530	13530	0
19547	13530	13531	6
19548	13531	13532	6
19549	13532	13533	6
19550	13533	13534	6
19551	13534	13535	6
19552	13535	13536	4
19553	13536	13537	6
19554	13537	13538	6
19555	13538	13539	6
19556	13539	13540	6
19557	13540	13541	6
19558	13541	13542	6
19559	13542	13543	6
19560	13543	13544	6
19561	13544	13545	6
19562	13545	13546	6
19563	13546	13547	6
19564	13547	13548	6
19565	13548	13550	6
19566	13550	13551	6
19567	13551	13552	6
19568	13552	13552	0
19569	13552	13552	0
19570	13552	13553	6
19571	13553	13554	6
19572	13554	13555	6
19573	13555	13556	4
19574	13556	13557	6
19575	13557	13558	6
19576	13558	13559	6
19577	13559	13560	6
19578	13560	13561	6
19579	13561	13562	6
19580	13562	13563	6
19581	13563	13564	6
19582	13564	13565	2
19583	13565	13566	6
19584	13566	13567	6
19585	13567	13568	6
19586	13568	13569	6
19587	13569	13570	6
19588	13570	13571	6
19589	13571	13571	0
19590	13571	13571	0
19591	13571	13572	4
19592	13572	13572	0
19593	13572	13572	0
19594	13572	13573	6
19595	13573	13573	0
19596	13573	13573	0
19597	13573	13574	4
19598	13574	13575	6
19599	13575	13576	6
19600	13576	13577	6
19601	13577	13578	2
19602	13578	13578	0
19603	13578	13578	0
19604	13578	13579	2
19605	13579	13579	4
19606	13579	13580	6
19607	13580	13581	6
19608	13581	13582	2
19609	13582	13583	4
19610	13583	13583	0
19611	13583	13584	2
19612	13584	13585	4
19613	13585	13586	6
19614	13586	13587	6
19615	13587	13588	6
19616	13588	13588	0
19617	13588	13588	0
19618	13588	13588	0
19619	13588	13589	2
19620	13589	13590	2
19621	13590	13590	0
19622	13590	13590	0
19623	13590	13590	0
19624	13590	13590	0
19625	13590	13591	2
19626	13591	13592	6
19627	13592	13593	2
19628	13593	13594	6
19629	13594	13595	6
19630	13595	13596	6
19631	13596	13597	6
19632	13597	13598	6
19633	13598	13599	6
19634	13599	13600	6
19635	13600	13601	6
19636	13601	13602	6
19637	13602	13603	6
19638	13603	13604	6
19639	13604	13605	6
19640	13605	13606	6
19641	13606	13607	6
19642	13607	13608	6
19643	13608	13609	6
19644	13609	13610	6
19645	13610	13611	6
19646	13611	13612	6
19647	13612	13613	6
19648	13613	13614	6
19649	13614	13615	4
19650	13615	13616	6
19651	13616	13616	0
19652	13616	13617	6
19653	13617	13618	6
19654	13618	13619	6
19655	13619	13620	6
19656	13620	13621	6
19657	13621	13622	6
19658	13622	13623	6
19659	13623	13624	6
19660	13624	13625	6
19661	13625	13626	6
19662	13626	13627	6
19663	13627	13628	6
19664	13628	13628	0
19665	13628	13628	0
19666	13628	13628	0
19667	13628	13628	0
19668	13628	13628	0
19669	13628	13628	0
19670	13628	13628	0
19671	13628	13628	0
19672	13628	13628	0
19673	13628	13628	0
19674	13628	13628	0
19675	13628	13628	0
19676	13628	13628	0
19677	13628	13628	0
19678	13628	13628	0
19679	13628	13628	0
19680	13628	13628	0
19681	13628	13628	0
19682	13628	13629	6
19683	13629	13629	6
19684	13629	13629	0
19685	13629	13629	0
19686	13629	13629	0
19687	13629	13629	0
19688	13629	13629	0
19689	13629	13629	0
19690	13629	13629	0
19691	13629	13629	0
19692	13629	13629	0
19693	13629	13629	0
19694	13629	13629	0
19695	13629	13629	0
19696	13629	13629	0
19697	13629	13629	0
19698	13629	13629	0
19699	13629	13629	0
19700	13629	13629	0
19701	13629	13629	0
19702	13629	13629	0
19703	13629	13629	0
19704	13629	13629	0
19705	13629	13629	0
19706	13629	13629	0
19707	13629	13629	0
19708	13629	13629	0
19709	13629	13629	0
19710	13629	13629	0
19711	13629	13629	0
19712	13629	13629	0
19713	13629	13629	0
19714	13629	13629	0
19715	13629	13629	0
19716	13629	13629	0
19717	13629	13629	0
19718	13629	13629	0
19719	13629	13629	0
19720	13629	13630	2
19721	13630	13632	6
19722	13632	13634	6
19723	13634	13635	6
19724	13635	13635	0
19725	13635	13643	6
19726	13643	13654	6
19727	13654	13654	0
19728	13654	13654	4
19729	13654	13657	6
19730	13657	13657	0
19731	13657	13657	0
19732	13657	13657	0
19733	13657	13659	6
19734	13659	13661	6
19735	13661	13662	2
19736	13662	13662	0
19737	13662	13662	0
19738	13662	13662	0
19739	13662	13662	0
19740	13662	13662	0
19741	13662	13662	0
19742	13662	13666	6
19743	13666	13671	6
19744	13671	13671	0
19745	13671	13671	0
19746	13671	13674	6
19747	13674	13675	2
19748	13675	13675	4
19749	13675	13675	0
19750	13675	13675	6
19751	13675	13675	0
19752	13675	13675	0
19753	13675	13676	6
19754	13676	13676	0
19755	13676	13676	0
19756	13676	13676	0
19757	13676	13677	2
19758	13677	13677	0
19759	13677	13678	6
19760	13678	13679	6
19761	13679	13680	6
19762	13680	13681	6
19763	13681	13681	0
19764	13681	13682	6
19765	13682	13682	0
19766	13682	13682	0
19767	13682	13682	0
19768	13682	13682	0
19769	13682	13689	6
19770	13689	13689	0
19771	13689	13692	6
19772	13692	13694	6
19773	13694	13694	0
19774	13694	13695	6
19775	13695	13696	6
19776	13696	13697	6
19777	13697	13698	6
19778	13698	13699	6
19779	13699	13700	6
19780	13700	13701	6
19781	13701	13701	0
19782	13701	13702	2
19783	13702	13702	0
19784	13702	13702	0
19785	13702	13704	6
19786	13704	13704	0
19787	13704	13706	6
19788	13706	13709	6
19789	13709	13713	6
19790	13713	13714	2
19791	13714	13715	6
19792	13715	13716	6
19793	13716	13718	6
19794	13718	13720	6
19795	13720	13720	0
19796	13720	13721	6
19797	13721	13722	6
19798	13722	13723	6
19799	13723	13725	6
19800	13725	13727	6
19801	13727	13727	0
19802	13727	13727	0
19803	13727	13727	0
19804	13727	13728	6
19805	13728	13728	0
19806	13728	13728	0
19807	13728	13728	0
19808	13728	13728	0
19809	13728	13728	0
19810	13728	13728	0
19811	13728	13728	0
19812	13728	13728	0
19813	13728	13728	0
19814	13728	13728	0
19815	13728	13728	0
19816	13728	13728	0
19817	13728	13728	0
19818	13728	13728	0
19819	13728	13728	0
19820	13728	13728	0
19821	13728	13728	0
19822	13728	13728	0
19823	13728	13730	6
19824	13730	13732	6
19825	13732	13732	6
19826	13732	13732	0
19827	13732	13732	0
19828	13732	13732	0
19829	13732	13732	0
19830	13732	13733	2
19831	13733	13737	6
19832	13737	13737	0
19833	13737	13737	0
19834	13737	13737	0
19835	13737	13737	0
19836	13737	13737	0
19837	13737	13737	0
19838	13737	13737	0
19839	13737	13737	0
19840	13737	13737	0
19841	13737	13737	0
19842	13737	13737	0
19843	13737	13737	0
19844	13737	13737	0
19845	13737	13737	0
19846	13737	13737	0
19847	13737	13737	0
19848	13737	13737	0
19849	13737	13737	0
19850	13737	13737	0
19851	13737	13737	0
19852	13737	13737	0
19853	13737	13737	0
19854	13737	13737	0
19855	13737	13737	0
19856	13737	13737	0
19857	13737	13737	0
19858	13737	13737	0
19859	13737	13737	0
19860	13737	13737	0
19861	13737	13737	0
19862	13737	13737	0
19863	13737	13737	0
19864	13737	13737	0
19865	13737	13737	4
19866	13737	13737	0
19867	13737	13737	0
19868	13737	13737	0
19869	13737	13737	0
19870	13737	13737	0
19871	13737	13737	0
19872	13737	13737	0
19873	13737	13737	0
19874	13737	13737	0
19875	13737	13737	0
19876	13737	13737	0
19877	13737	13737	0
19878	13737	13737	0
19879	13737	13737	0
19880	13737	13737	0
19881	13737	13737	0
19882	13737	13737	0
19883	13737	13737	0
19884	13737	13737	0
19885	13737	13737	0
19886	13737	13737	0
19887	13737	13737	0
19888	13737	13737	0
19889	13737	13737	0
19890	13737	13737	4
19891	13737	13737	2
19892	13737	13737	0
19893	13737	13737	0
19894	13737	13737	0
19895	13737	13737	0
19896	13737	13737	0
19897	13737	13737	0
19898	13737	13737	0
19899	13737	13737	0
19900	13737	13737	0
19901	13737	13737	0
19902	13737	13737	0
19903	13737	13737	0
19904	13737	13737	0
19905	13737	13737	0
19906	13737	13737	0
19907	13737	13737	0
19908	13737	13737	0
19909	13737	13737	0
19910	13737	13737	0
19911	13737	13737	4
19912	13737	13737	0
19913	13737	13737	0
19914	13737	13737	0
19915	13737	13737	0
19916	13737	13737	0
19917	13737	13737	0
19918	13737	13737	0
19919	13737	13737	6
19920	13737	13741	6
19921	13741	13741	0
19922	13741	13741	0
19923	13741	13741	0
19924	13741	13741	0
19925	13741	13741	0
19926	13741	13741	0
19927	13741	13742	6
19928	13742	13744	6
19929	13744	13746	6
19930	13746	13748	6
19931	13748	13748	0
19932	13748	13748	0
19933	13748	13748	6
19934	13748	13750	6
19935	13750	13752	6
19936	13752	13752	0
19937	13752	13752	0
19938	13752	13753	6
19939	13753	13755	6
19940	13755	13757	6
19941	13757	13759	6
19942	13759	13761	6
19943	13761	13762	6
19944	13762	13763	6
19945	13763	13763	0
19946	13763	13763	0
19947	13763	13763	0
19948	13763	13763	0
19949	13763	13763	0
19950	13763	13763	0
19951	13763	13763	0
19952	13763	13763	0
19953	13763	13763	0
19954	13763	13763	0
19955	13763	13763	0
19956	13763	13763	0
19957	13763	13763	0
19958	13763	13763	6
19959	13763	13763	0
19960	13763	13763	0
19961	13763	13763	0
19962	13763	13763	0
19963	13763	13764	6
19964	13764	13764	0
19965	13764	13764	0
19966	13764	13764	0
19967	13764	13764	0
19968	13764	13764	6
19969	13764	13766	6
19970	13766	13766	4
19971	13766	13766	0
19972	13766	13768	6
19973	13768	13769	6
19974	13769	13769	2
19975	13769	13769	0
19976	13769	13769	0
19977	13769	13770	6
19978	13770	13771	6
19979	13771	13772	6
19980	13772	13773	6
19981	13773	13774	6
19982	13774	13775	6
19983	13775	13776	6
19984	13776	13776	4
19985	13776	13776	4
19986	13776	13776	0
19987	13776	13776	0
19988	13776	13776	0
19989	13776	13776	0
19990	13776	13776	0
19991	13776	13776	0
19992	13776	13776	0
19993	13776	13777	4
19994	13777	13778	6
19995	13778	13779	4
19996	13779	13780	6
19997	13780	13780	6
19998	13780	13780	0
19999	13780	13780	0
20000	13780	13781	6
20001	13781	13781	0
20002	13781	13781	0
20003	13781	13781	0
20004	13781	13781	0
20005	13781	13781	0
20006	13781	13781	0
20007	13781	13782	6
20008	13782	13784	6
20009	13784	13786	6
20010	13786	13786	0
20011	13786	13786	0
20012	13786	13786	0
20013	13786	13786	0
20014	13786	13786	0
20015	13786	13786	0
20016	13786	13786	0
20017	13786	13786	0
20018	13786	13786	0
20019	13786	13786	0
20020	13786	13786	0
20021	13786	13786	0
20022	13786	13786	0
20023	13786	13786	0
20024	13786	13786	0
20025	13786	13786	0
20026	13786	13786	0
20027	13786	13786	0
20028	13786	13786	0
20029	13786	13786	0
20030	13786	13786	0
20031	13786	13786	0
20032	13786	13786	0
20033	13786	13786	0
20034	13786	13786	0
20035	13786	13786	0
20036	13786	13786	0
20037	13786	13786	0
20038	13786	13786	0
20039	13786	13786	0
20040	13786	13786	0
20041	13786	13786	0
20042	13786	13786	0
20043	13786	13786	0
20044	13786	13786	0
20045	13786	13786	0
20046	13786	13786	0
20047	13786	13786	0
20048	13786	13786	0
20049	13786	13786	0
20050	13786	13786	0
20051	13786	13786	6
20052	13786	13786	0
20053	13786	13786	0
20054	13786	13786	6
20055	13786	13786	0
20056	13786	13786	0
20057	13786	13786	0
20058	13786	13786	0
20059	13786	13786	0
20060	13786	13786	0
20061	13786	13788	6
20062	13788	13788	4
20063	13788	13788	0
20064	13788	13788	0
20065	13788	13788	0
20066	13788	13788	0
20067	13788	13788	0
20068	13788	13788	0
20069	13788	13789	6
20070	13789	13789	0
20071	13789	13789	0
20072	13789	13789	0
20073	13789	13789	0
20074	13789	13789	0
20075	13789	13789	0
20076	13789	13789	0
20077	13789	13791	6
20078	13791	13792	6
20079	13792	13792	0
20080	13792	13792	0
20081	13792	13793	6
20082	13793	13794	6
20083	13794	13794	0
20084	13794	13794	0
20085	13794	13794	0
20086	13794	13794	0
20087	13794	13794	0
20088	13794	13794	0
20089	13794	13795	2
20090	13795	13796	6
20091	13796	13797	2
20092	13797	13797	0
20093	13797	13797	0
20094	13797	13797	0
20095	13797	13797	0
20096	13797	13798	6
20097	13798	13800	6
20098	13800	13802	6
20099	13802	13803	6
20100	13803	13804	6
20101	13804	13805	6
20102	13805	13805	0
20103	13805	13806	6
20104	13806	13807	6
20105	13807	13807	0
20106	13807	13807	0
20107	13807	13807	0
20108	13807	13807	0
20109	13807	13807	0
20110	13807	13807	0
20111	13807	13807	0
20112	13807	13807	0
20113	13807	13807	0
20114	13807	13807	0
20115	13807	13807	0
20116	13807	13808	4
20117	13808	13808	0
20118	13808	13808	0
20119	13808	13808	0
20120	13808	13808	0
20121	13808	13808	0
20122	13808	13808	0
20123	13808	13808	0
20124	13808	13808	0
20125	13808	13808	0
20126	13808	13808	0
20127	13808	13808	0
20128	13808	13808	0
20129	13808	13808	0
20130	13808	13808	0
20131	13808	13808	0
20132	13808	13808	0
20133	13808	13808	0
20134	13808	13808	0
20135	13808	13808	0
20136	13808	13808	0
20137	13808	13808	0
20138	13808	13808	0
20139	13808	13808	0
20140	13808	13808	0
20141	13808	13808	0
20142	13808	13808	0
20143	13808	13808	0
20144	13808	13808	0
20145	13808	13808	0
20146	13808	13808	0
20147	13808	13808	0
20148	13808	13808	0
20149	13808	13808	0
20150	13808	13808	0
20151	13808	13808	0
20152	13808	13808	0
20153	13808	13808	0
20154	13808	13808	0
20155	13808	13808	0
20156	13808	13808	0
20157	13808	13808	0
20158	13808	13808	0
20159	13808	13808	0
20160	13808	13808	0
20161	13808	13808	0
20162	13808	13808	0
20163	13808	13808	0
20164	13808	13810	2
20165	13810	13811	6
20166	13811	13811	0
20167	13811	13811	0
20168	13811	13811	0
20169	13811	13811	0
20170	13811	13811	0
20171	13811	13811	0
20172	13811	13811	0
20173	13811	13811	0
20174	13811	13811	0
20175	13811	13811	0
20176	13811	13811	0
20177	13811	13811	0
20178	13811	13811	0
20179	13811	13811	0
20180	13811	13811	0
20181	13811	13811	0
20182	13811	13811	0
20183	13811	13812	2
20184	13812	13812	0
20185	13812	13813	6
20186	13813	13813	4
20187	13813	13813	0
20188	13813	13813	0
20189	13813	13813	0
20190	13813	13813	0
20191	13813	13813	0
20192	13813	13813	0
20193	13813	13813	0
20194	13813	13813	0
20195	13813	13813	0
20196	13813	13813	0
20197	13813	13813	0
20198	13813	13813	0
20199	13813	13814	6
20200	13814	13815	6
20201	13815	13816	6
20202	13816	13817	6
20203	13817	13817	0
20204	13817	13818	6
20205	13818	13819	6
20206	13819	13820	2
20207	13820	13821	6
20208	13821	13822	6
20209	13822	13823	6
20210	13823	13824	6
20211	13824	13825	6
20212	13825	13826	6
20213	13826	13826	0
20214	13826	13827	6
20215	13827	13829	6
20216	13829	13830	6
20217	13830	13831	6
20218	13831	13832	6
20219	13832	13833	6
20220	13833	13833	0
20221	13833	13834	6
20222	13834	13834	0
20223	13834	13834	0
20224	13834	13834	0
20225	13834	13834	0
20226	13834	13834	0
20227	13834	13834	0
20228	13834	13834	0
20229	13834	13834	0
20230	13834	13834	0
20231	13834	13834	0
20232	13834	13834	0
20233	13834	13834	0
20234	13834	13834	0
20235	13834	13834	0
20236	13834	13835	2
20237	13835	13837	6
20238	13837	13839	6
20239	13839	13840	6
20240	13840	13841	6
20241	13841	13843	6
20242	13843	13845	6
20243	13845	13846	6
20244	13846	13846	0
20245	13846	13848	6
20246	13848	13848	0
20247	13848	13848	0
20248	13848	13848	0
20249	13848	13848	0
20250	13848	13848	0
20251	13848	13848	0
20252	13848	13848	0
20253	13848	13848	0
20254	13848	13848	0
20255	13848	13848	0
20256	13848	13848	0
20257	13848	13848	0
20258	13848	13848	0
20259	13848	13848	0
20260	13848	13848	0
20261	13848	13848	0
20262	13848	13848	0
20263	13848	13848	0
20264	13848	13849	4
20265	13849	13849	0
20266	13849	13850	2
20267	13850	13852	6
20268	13852	13852	0
20269	13852	13852	0
20270	13852	13852	0
20271	13852	13852	0
20272	13852	13852	0
20273	13852	13852	0
20274	13852	13852	0
20275	13852	13852	0
20276	13852	13852	0
20277	13852	13852	0
20278	13852	13852	0
20279	13852	13852	0
20280	13852	13852	0
20281	13852	13853	2
20282	13853	13854	6
20283	13854	13854	0
20284	13854	13854	0
20285	13854	13856	6
20286	13856	13858	6
20287	13858	13859	6
20288	13859	13860	6
20289	13860	13861	6
20290	13861	13862	2
20291	13862	13862	0
20292	13862	13862	0
20293	13862	13862	0
20294	13862	13862	0
20295	13862	13862	0
20296	13862	13862	0
20297	13862	13862	0
20298	13862	13862	0
20299	13862	13862	0
20300	13862	13862	0
20301	13862	13862	0
20302	13862	13862	0
20303	13862	13862	0
20304	13862	13862	0
20305	13862	13862	0
20306	13862	13862	0
20307	13862	13862	0
20308	13862	13862	0
20309	13862	13862	0
20310	13862	13862	0
20311	13862	13862	0
20312	13862	13862	0
20313	13862	13862	0
20314	13862	13863	6
20315	13863	13864	6
20316	13864	13866	6
20317	13866	13868	6
20318	13868	13869	6
20319	13869	13870	2
20320	13870	13871	6
20321	13871	13872	6
20322	13872	13874	6
20323	13874	13875	4
20324	13875	13876	2
20325	13876	13878	6
20326	13878	13878	0
20327	13878	13878	0
20328	13878	13878	0
20329	13878	13878	0
20330	13878	13878	0
20331	13878	13878	0
20332	13878	13878	0
20333	13878	13878	0
20334	13878	13878	0
20335	13878	13878	0
20336	13878	13878	0
20337	13878	13881	6
20338	13881	13881	0
20339	13881	13881	0
20340	13881	13882	2
20341	13882	13882	0
20342	13882	13882	0
20343	13882	13882	0
20344	13882	13882	0
20345	13882	13882	0
20346	13882	13882	0
20347	13882	13882	0
20348	13882	13882	0
20349	13882	13882	0
20350	13882	13882	0
20351	13882	13882	0
20352	13882	13882	0
20353	13882	13882	0
20354	13882	13882	0
20355	13882	13882	4
20356	13882	13882	0
20357	13882	13882	0
20358	13882	13882	0
20359	13882	13882	0
20360	13882	13882	0
20361	13882	13885	6
20362	13885	13886	6
20363	13886	13886	0
20364	13886	13886	0
20365	13886	13886	0
20366	13886	13886	0
20367	13886	13886	0
20368	13886	13886	0
20369	13886	13886	0
20370	13886	13887	2
20371	13887	13887	0
20372	13887	13887	0
20373	13887	13888	6
20374	13888	13889	6
20375	13889	13890	6
20376	13890	13891	6
20377	13891	13891	0
20378	13891	13891	0
20379	13891	13891	0
20380	13891	13891	0
20381	13891	13891	0
20382	13891	13891	0
20383	13891	13891	0
20384	13891	13891	0
20385	13891	13891	0
20386	13891	13891	0
20387	13891	13891	0
20388	13891	13891	0
20389	13891	13892	6
20390	13892	13892	0
20391	13892	13894	6
20392	13894	13894	0
20393	13894	13895	2
20394	13895	13896	4
20395	13896	13896	4
20396	13896	13896	0
20397	13896	13896	0
20398	13896	13896	0
20399	13896	13896	0
20400	13896	13896	0
20401	13896	13896	0
20402	13896	13896	0
20403	13896	13896	0
20404	13896	13896	0
20405	13896	13896	0
20406	13896	13896	0
20407	13896	13896	0
20408	13896	13896	0
20409	13896	13896	0
20410	13896	13896	0
20411	13896	13896	0
20412	13896	13896	0
20413	13896	13896	0
20414	13896	13896	0
20415	13896	13896	0
20416	13896	13896	0
20417	13896	13896	4
20418	13896	13897	6
20419	13897	13899	6
20420	13899	13899	0
20421	13899	13902	6
20422	13902	13903	6
20423	13903	13904	6
20424	13904	13905	6
20425	13905	13907	6
20426	13907	13908	6
20427	13908	13909	6
20428	13909	13910	6
20429	13910	13910	0
20430	13910	13910	0
20431	13910	13910	0
20432	13910	13910	0
20433	13910	13910	0
20434	13910	13913	6
20435	13913	13913	0
20436	13913	13913	0
20437	13913	13915	2
20438	13915	13915	0
20439	13915	13915	0
20440	13915	13915	0
20441	13915	13915	0
20442	13915	13915	0
20443	13915	13915	0
20444	13915	13915	0
20445	13915	13915	0
20446	13915	13915	0
20447	13915	13915	0
20448	13915	13915	0
20449	13915	13915	0
20450	13915	13915	0
20451	13915	13915	0
20452	13915	13915	0
20453	13915	13916	6
20454	13916	13917	6
20455	13917	13918	6
20456	13918	13918	0
20457	13918	13918	0
20458	13918	13919	6
20459	13919	13920	2
20460	13920	13921	6
20461	13921	13922	6
20462	13922	13923	6
20463	13923	13924	6
20464	13924	13924	0
20465	13924	13925	6
20466	13925	13926	2
20467	13926	13928	6
20468	13928	13929	6
20469	13929	13930	2
20470	13930	13931	6
20471	13931	13932	6
20472	13932	13933	6
20473	13933	13933	0
20474	13933	13933	0
20475	13933	13933	0
20476	13933	13933	0
20477	13933	13933	0
20478	13933	13933	2
20479	13933	13933	0
20480	13933	13933	0
20481	13933	13935	6
20482	13935	13936	6
20483	13936	13937	6
20484	13937	13939	2
20485	13939	13940	6
20486	13940	13940	0
20487	13940	13940	0
20488	13940	13940	0
20489	13940	13940	0
20490	13940	13940	0
20491	13940	13940	0
20492	13940	13940	0
20493	13940	13940	0
20494	13940	13940	0
20495	13940	13941	6
20496	13941	13942	6
20497	13942	13949	6
20498	13949	13949	0
20499	13949	13950	2
20500	13950	13950	0
20501	13950	13950	0
20502	13950	13954	6
20503	13954	13956	6
20504	13956	13957	6
20505	13957	13959	6
20506	13959	13959	6
20507	13959	13959	0
20508	13959	13959	4
20509	13959	13961	6
20510	13961	13963	6
20511	13963	13964	2
20512	13964	13964	0
20513	13964	13964	0
20514	13964	13965	6
20515	13965	13966	6
20516	13966	13966	0
20517	13966	13968	6
20518	13968	13968	6
20519	13968	13968	0
20520	13968	13968	0
20521	13968	13968	0
20522	13968	13969	2
20523	13969	13969	0
20524	13969	13969	0
20525	13969	13970	2
20526	13970	13970	0
20527	13970	13971	6
20528	13971	13974	6
20529	13974	13978	6
20530	13978	13981	6
20531	13981	13985	6
20532	13985	13989	6
20533	13989	13993	6
20534	13993	13993	0
20535	13993	13993	0
20536	13993	13993	0
20537	13993	13993	0
20538	13993	13993	0
20539	13993	13993	0
20540	13993	13993	0
20541	13993	13993	0
20542	13993	13993	0
20543	13993	13993	0
20544	13993	13993	0
20545	13993	13993	0
20546	13993	13993	0
20547	13993	13993	0
20548	13993	13993	0
20549	13993	13993	0
20550	13993	13993	0
20551	13993	13993	0
20552	13993	13993	0
20553	13993	13993	0
20554	13993	13993	4
20555	13993	13993	0
20556	13993	13993	2
20557	13993	13993	6
20558	13993	13993	4
20559	13993	13993	4
20560	13993	13995	6
20561	13995	13995	6
20562	13995	13996	6
20563	13996	13997	6
20564	13997	13997	0
20565	13997	13997	0
20566	13997	13997	0
20567	13997	13998	6
20568	13998	13999	6
20569	13999	14000	6
20570	14000	14001	6
20571	14001	14001	6
20572	14001	14001	4
20573	14001	14002	6
20574	14002	14004	6
20575	14004	14006	6
20576	14006	14008	6
20577	14008	14010	6
20578	14010	14012	6
20579	14012	14012	0
20580	14012	14012	4
20581	14012	14012	6
20582	14012	14012	4
20583	14012	14012	6
20584	14012	14012	0
20585	14012	14012	6
20586	14012	14012	6
20587	14012	14013	6
20588	14013	14015	6
20589	14015	14023	6
20590	14023	14023	6
20591	14023	14023	2
20592	14023	14025	6
20593	14025	14027	6
20594	14027	14027	6
20595	14027	14028	6
20596	14028	14030	6
20597	14030	14030	4
20598	14030	14030	2
20599	14030	14030	4
20600	14030	14031	6
20601	14031	14031	0
20602	14031	14031	6
20603	14031	14033	6
20604	14033	14034	4
20605	14034	14034	0
20606	14034	14036	6
20607	14036	14036	0
20608	14036	14036	6
20609	14036	14036	0
20610	14036	14036	0
20611	14036	14036	0
20612	14036	14038	6
20613	14038	14038	0
20614	14038	14038	0
20615	14038	14041	6
20616	14041	14045	6
20617	14045	14053	6
20618	14053	14055	6
20619	14055	14055	0
20620	14055	14059	6
20621	14059	14062	6
20622	14062	14067	6
20623	14067	14069	6
20624	14069	14072	6
20625	14072	14072	6
20626	14072	14072	0
20627	14072	14078	6
20628	14078	14082	6
20629	14082	14082	6
20630	14082	14082	0
20631	14082	14088	6
20632	14088	14091	6
20633	14091	14091	0
20634	14091	14092	6
20635	14092	14093	6
20636	14093	14097	6
20637	14097	14101	6
20638	14101	14103	6
20639	14103	14105	6
20640	14105	14109	6
20641	14109	14109	6
20642	14109	14111	6
20643	14111	14113	4
20644	14113	14115	6
20645	14115	14117	6
20646	14117	14117	6
20647	14117	14125	6
20648	14125	14127	6
20649	14127	14127	0
20650	14127	14130	6
20651	14130	14132	2
20652	14132	14142	6
20653	14142	14144	6
20654	14144	14146	6
20655	14146	14147	6
20656	14147	14151	6
20657	14151	14151	0
20658	14151	14152	6
20659	14152	14154	6
20660	14154	14154	0
20661	14154	14157	6
20662	14157	14157	2
20663	14157	14157	0
20664	14157	14160	6
20665	14160	14162	6
20666	14162	14163	6
20667	14163	14163	0
20668	14163	14165	6
20669	14165	14167	6
20670	14167	14169	6
20671	14169	14171	6
20672	14171	14173	6
20673	14173	14174	2
20674	14174	14175	6
20675	14175	14176	6
20676	14176	14177	6
20677	14177	14178	6
20678	14178	14179	6
20679	14179	14180	6
20680	14180	14181	6
20681	14181	14182	6
20682	14182	14183	6
20683	14183	14184	6
20684	14184	14185	6
20685	14185	14186	6
20686	14186	14187	6
20687	14187	14188	6
20688	14188	14189	6
20689	14189	14190	6
20690	14190	14191	6
20691	14191	14192	6
20692	14192	14193	6
20693	14193	14194	6
20694	14194	14195	6
20695	14195	14196	6
20696	14196	14197	6
20697	14197	14198	6
20698	14198	14199	6
20699	14199	14200	6
20700	14200	14201	6
20701	14201	14202	6
20702	14202	14203	6
20703	14203	14204	2
20704	14204	14205	6
20705	14205	14206	6
20706	14206	14207	6
20707	14207	14208	6
20708	14208	14209	6
20709	14209	14210	6
20710	14210	14211	6
20711	14211	14212	6
20712	14212	14213	6
20713	14213	14214	6
20714	14214	14215	6
20715	14215	14216	6
20716	14216	14217	6
20717	14217	14218	6
20718	14218	14219	6
20719	14219	14220	6
20720	14220	14221	6
20721	14221	14222	6
20722	14222	14223	2
20723	14223	14224	6
20724	14224	14225	6
20725	14225	14226	2
20726	14226	14227	6
20727	14227	14228	6
20728	14228	14229	6
20729	14229	14230	6
20730	14230	14231	6
20731	14231	14232	6
20732	14232	14233	6
20733	14233	14234	6
20734	14234	14235	6
20735	14235	14236	6
20736	14236	14237	6
20737	14237	14238	6
20738	14238	14239	6
20739	14239	14240	6
20740	14240	14241	2
20741	14241	14241	0
20742	14241	14242	6
20743	14242	14243	6
20744	14243	14243	0
20745	14243	14243	0
20746	14243	14244	6
20747	14244	14245	6
20748	14245	14246	6
20749	14246	14247	6
20750	14247	14248	6
20751	14248	14248	0
20752	14248	14249	4
20753	14249	14250	6
20754	14250	14251	6
20755	14251	14252	6
20756	14252	14253	6
20757	14253	14254	6
20758	14254	14255	6
20759	14255	14256	6
20760	14256	14257	6
20761	14257	14258	6
20762	14258	14259	6
20763	14259	14260	6
20764	14260	14261	6
20765	14261	14262	6
20766	14262	14263	6
20767	14263	14264	6
20768	14264	14264	0
20769	14264	14265	2
20770	14265	14266	6
20771	14266	14267	6
20772	14267	14268	6
20773	14268	14269	6
20774	14269	14270	6
20775	14270	14271	6
20776	14271	14272	6
20777	14272	14273	6
20778	14273	14274	6
20779	14274	14275	6
20780	14275	14276	6
20781	14276	14277	6
20782	14277	14278	6
20783	14278	14279	6
20784	14279	14280	6
20785	14280	14281	6
20786	14281	14282	6
20787	14282	14283	6
20788	14283	14283	0
20789	14283	14284	6
20790	14284	14285	6
20791	14285	14286	6
20792	14286	14287	6
20793	14287	14288	6
20794	14288	14289	6
20795	14289	14290	6
20796	14290	14291	2
20797	14291	14292	6
20798	14292	14293	6
20799	14293	14294	6
20800	14294	14295	6
20801	14295	14296	6
20802	14296	14297	6
20803	14297	14298	6
20804	14298	14299	6
20805	14299	14300	6
20806	14300	14301	6
20807	14301	14302	6
20808	14302	14303	6
20809	14303	14304	6
20810	14304	14305	6
20811	14305	14306	6
20812	14306	14308	6
20813	14308	14309	6
20814	14309	14310	6
20815	14310	14310	6
20816	14310	14310	0
20817	14310	14310	0
20818	14310	14310	0
20819	14310	14310	0
20820	14310	14310	0
20821	14310	14311	6
20822	14311	14312	6
20823	14312	14313	6
20824	14313	14314	6
20825	14314	14315	6
20826	14315	14316	6
20827	14316	14317	6
20828	14317	14318	6
20829	14318	14319	6
20830	14319	14320	6
20831	14320	14321	6
20832	14321	14322	6
20833	14322	14323	6
20834	14323	14324	6
20835	14324	14325	6
20836	14325	14326	6
20837	14326	14327	6
20838	14327	14328	6
20839	14328	14329	6
20840	14329	14329	0
20841	14329	14329	0
20842	14329	14330	4
20843	14330	14330	0
20844	14330	14331	6
20845	14331	14332	6
20846	14332	14332	0
20847	14332	14332	0
20848	14332	14333	6
20849	14333	14334	6
20850	14334	14335	6
20851	14335	14336	2
20852	14336	14337	6
20853	14337	14338	4
20854	14338	14339	6
20855	14339	14340	6
20856	14340	14341	6
20857	14341	14342	6
20858	14342	14343	6
20859	14343	14344	2
20860	14344	14345	6
20861	14345	14346	6
20862	14346	14347	6
20863	14347	14348	6
20864	14348	14349	6
20865	14349	14349	0
20866	14349	14350	4
20867	14350	14351	6
20868	14351	14352	6
20869	14352	14353	6
20870	14353	14354	6
20871	14354	14355	6
20872	14355	14356	6
20873	14356	14357	4
20874	14357	14358	6
20875	14358	14359	6
20876	14359	14359	0
20877	14359	14360	6
20878	14360	14361	6
20879	14361	14362	6
20880	14362	14363	6
20881	14363	14364	6
20882	14364	14365	6
20883	14365	14366	6
20884	14366	14367	6
20885	14367	14368	6
20886	14368	14369	6
20887	14369	14370	6
20888	14370	14371	6
20889	14371	14372	6
20890	14372	14373	6
20891	14373	14374	6
20892	14374	14375	6
20893	14375	14376	6
20894	14376	14377	6
20895	14377	14378	6
20896	14378	14379	6
20897	14379	14380	6
20898	14380	14381	6
20899	14381	14382	6
20900	14382	14383	6
20901	14383	14384	6
20902	14384	14385	6
20903	14385	14386	2
20904	14386	14387	6
20905	14387	14388	6
20906	14388	14389	6
20907	14389	14390	6
20908	14390	14391	6
20909	14391	14392	6
20910	14392	14393	6
20911	14393	14394	6
20912	14394	14395	6
20913	14395	14396	6
20914	14396	14397	6
20915	14397	14398	6
20916	14398	14399	6
20917	14399	14400	6
20918	14400	14401	6
20919	14401	14402	6
20920	14402	14403	6
20921	14403	14404	6
20922	14404	14405	6
20923	14405	14406	6
20924	14406	14407	6
20925	14407	14408	6
20926	14408	14409	6
20927	14409	14410	6
20928	14410	14411	6
20929	14411	14412	6
20930	14412	14413	6
20931	14413	14414	6
20932	14414	14415	6
20933	14415	14416	6
20934	14416	14417	6
20935	14417	14418	6
20936	14418	14419	6
20937	14419	14420	6
20938	14420	14421	6
20939	14421	14422	6
20940	14422	14422	0
20941	14422	14423	6
20942	14423	14423	0
20943	14423	14424	6
20944	14424	14425	2
20945	14425	14426	6
20946	14426	14427	4
20947	14427	14428	6
20948	14428	14429	6
20949	14429	14430	6
20950	14430	14431	6
20951	14431	14432	6
20952	14432	14433	6
20953	14433	14434	6
20954	14434	14435	6
20955	14435	14436	6
20956	14436	14437	6
20957	14437	14438	6
20958	14438	14439	6
20959	14439	14440	6
20960	14440	14440	0
20961	14440	14441	2
20962	14441	14441	0
20963	14441	14442	6
20964	14442	14442	0
20965	14442	14443	6
20966	14443	14444	6
20967	14444	14445	6
20968	14445	14446	6
20969	14446	14447	6
20970	14447	14448	6
20971	14448	14449	6
20972	14449	14450	6
20973	14450	14451	6
20974	14451	14452	6
20975	14452	14453	6
20976	14453	14454	6
20977	14454	14455	6
20978	14455	14456	6
20979	14456	14457	6
20980	14457	14458	6
20981	14458	14459	6
20982	14459	14460	6
20983	14460	14461	6
20984	14461	14462	6
20985	14462	14463	6
20986	14463	14464	6
20987	14464	14465	6
20988	14465	14466	6
20989	14466	14467	6
20990	14467	14468	6
20991	14468	14469	6
20992	14469	14470	6
20993	14470	14471	6
20994	14471	14472	6
20995	14472	14473	6
20996	14473	14473	4
20997	14473	14473	2
20998	14473	14473	6
20999	14473	14474	6
21000	14474	14474	0
21001	14474	14475	2
21002	14475	14476	4
21003	14476	14477	6
21004	14477	14477	0
21005	14477	14477	0
21006	14477	14478	6
21007	14478	14479	6
21008	14479	14480	6
21009	14480	14480	0
21010	14480	14480	0
21011	14480	14480	0
21012	14480	14480	0
21013	14480	14481	6
21014	14481	14481	0
21015	14481	14481	0
21016	14481	14482	6
21017	14482	14483	6
21018	14483	14484	6
21019	14484	14485	2
21020	14485	14486	6
21021	14486	14487	6
21022	14487	14487	0
21023	14487	14487	0
21024	14487	14487	0
21025	14487	14487	0
21026	14487	14488	6
21027	14488	14489	6
21028	14489	14490	6
21029	14490	14491	6
21030	14491	14492	4
21031	14492	14492	0
21032	14492	14493	6
21033	14493	14494	6
21034	14494	14495	6
21035	14495	14496	6
21036	14496	14497	6
21037	14497	14498	4
21038	14498	14499	6
21039	14499	14500	6
21040	14500	14501	6
21041	14501	14502	6
21042	14502	14502	0
21043	14502	14502	0
21044	14502	14502	0
21045	14502	14502	0
21046	14502	14502	0
21047	14502	14502	0
21048	14502	14502	0
21049	14502	14502	0
21050	14502	14503	6
21051	14503	14504	6
21052	14504	14505	6
21053	14505	14506	6
21054	14506	14506	0
21055	14506	14506	0
21056	14506	14506	0
21057	14506	14507	6
21058	14507	14507	0
21059	14507	14508	2
21060	14508	14509	6
21061	14509	14510	2
21062	14510	14511	4
21063	14511	14511	0
21064	14511	14511	0
21065	14511	14512	6
21066	14512	14513	6
21067	14513	14514	6
21068	14514	14515	6
21069	14515	14516	6
21070	14516	14517	6
21071	14517	14517	0
21072	14517	14518	2
21073	14518	14519	6
21074	14519	14520	6
21075	14520	14521	6
21076	14521	14522	6
21077	14522	14523	6
21078	14523	14524	6
21079	14524	14524	4
21080	14524	14524	6
21081	14524	14524	0
21082	14524	14524	0
21083	14524	14524	0
21084	14524	14524	0
21085	14524	14524	0
21086	14524	14524	0
21087	14524	14524	0
21088	14524	14524	0
21089	14524	14524	0
21090	14524	14524	0
21091	14524	14525	6
21092	14525	14526	6
21093	14526	14527	6
21094	14527	14527	0
21095	14527	14528	6
21096	14528	14528	0
21097	14528	14528	0
21098	14528	14529	6
21099	14529	14530	4
21100	14530	14531	2
21101	14531	14531	0
21102	14531	14531	0
21103	14531	14531	0
21104	14531	14531	0
21105	14531	14532	2
21106	14532	14533	2
21107	14533	14533	0
21108	14533	14533	2
21109	14533	14533	0
21110	14533	14533	0
21111	14533	14533	0
21112	14533	14533	0
21113	14533	14533	0
21114	14533	14533	0
21115	14533	14533	0
21116	14533	14533	0
21117	14533	14533	0
21118	14533	14533	0
21119	14533	14533	0
21120	14533	14533	0
21121	14533	14533	0
21122	14533	14533	0
21123	14533	14533	0
21124	14533	14533	0
21125	14533	14533	0
21126	14533	14533	0
21127	14533	14533	0
21128	14533	14533	0
21129	14533	14533	0
21130	14533	14533	0
21131	14533	14533	0
21132	14533	14533	0
21133	14533	14534	2
21134	14534	14535	6
21135	14535	14536	2
21136	14536	14536	0
21137	14536	14537	6
21138	14537	14538	4
21139	14538	14540	6
21140	14540	14541	6
21141	14541	14542	6
21142	14542	14543	6
21143	14543	14544	6
21144	14544	14544	0
21145	14544	14545	6
21146	14545	14545	0
21147	14545	14545	0
21148	14545	14547	6
21149	14547	14547	0
21150	14547	14547	0
21151	14547	14547	0
21152	14547	14547	2
21153	14547	14547	0
21154	14547	14547	0
21155	14547	14547	0
21156	14547	14547	2
21157	14547	14547	0
21158	14547	14547	0
21159	14547	14547	0
21160	14547	14547	0
21161	14547	14547	0
21162	14547	14547	0
21163	14547	14547	0
21164	14547	14547	0
21165	14547	14547	0
21166	14547	14547	0
21167	14547	14547	0
21168	14547	14547	0
21169	14547	14547	0
21170	14547	14547	6
21171	14547	14547	0
21172	14547	14549	6
21173	14549	14549	0
21174	14549	14551	6
21175	14551	14551	0
21176	14551	14551	0
21177	14551	14551	0
21178	14551	14551	0
21179	14551	14551	0
21180	14551	14551	0
21181	14551	14551	0
21182	14551	14551	0
21183	14551	14551	0
21184	14551	14552	4
21185	14552	14552	0
21186	14552	14552	0
21187	14552	14552	0
21188	14552	14552	0
21189	14552	14552	0
21190	14552	14552	0
21191	14552	14552	0
21192	14552	14552	0
21193	14552	14552	0
21194	14552	14552	0
21195	14552	14553	4
21196	14553	14554	6
21197	14554	14555	6
21198	14555	14555	0
21199	14555	14555	0
21200	14555	14555	0
21201	14555	14555	0
21202	14555	14555	0
21203	14555	14556	6
21204	14556	14556	0
21205	14556	14556	0
21206	14556	14557	2
21207	14557	14557	4
21208	14557	14557	0
21209	14557	14559	2
21210	14559	14559	0
21211	14559	14560	6
21212	14560	14561	6
21213	14561	14562	6
21214	14562	14563	6
21215	14563	14564	6
21216	14564	14565	6
21217	14565	14565	0
21218	14565	14567	6
21219	14567	14568	6
21220	14568	14569	6
21221	14569	14570	6
21222	14570	14571	6
21223	14571	14572	6
21224	14572	14573	6
21225	14573	14574	6
21226	14574	14574	0
21227	14574	14575	6
21228	14575	14576	6
21229	14576	14577	2
21230	14577	14577	0
21231	14577	14579	6
21232	14579	14581	6
21233	14581	14582	2
21234	14582	14582	0
21235	14582	14584	6
21236	14584	14585	2
21237	14585	14585	0
21238	14585	14585	0
21239	14585	14585	0
21240	14585	14585	0
21241	14585	14585	0
21242	14585	14585	0
21243	14585	14585	0
21244	14585	14585	0
21245	14585	14585	0
21246	14585	14585	0
21247	14585	14585	0
21248	14585	14587	6
21249	14587	14587	0
21250	14587	14588	6
21251	14588	14589	6
21252	14589	14590	2
21253	14590	14590	0
21254	14590	14590	0
21255	14590	14590	0
21256	14590	14590	0
21257	14590	14591	2
21258	14591	14591	0
21259	14591	14591	0
21260	14591	14591	0
21261	14591	14591	0
21262	14591	14591	0
21263	14591	14591	0
21264	14591	14592	6
21265	14592	14592	0
21266	14592	14592	0
21267	14592	14592	0
21268	14592	14593	6
21269	14593	14594	6
21270	14594	14595	6
21271	14595	14595	0
21272	14595	14595	0
21273	14595	14595	0
21274	14595	14595	0
21275	14595	14595	0
21276	14595	14595	0
21277	14595	14595	0
21278	14595	14595	0
21279	14595	14595	0
21280	14595	14595	0
21281	14595	14596	4
21282	14596	14596	0
21283	14596	14596	0
21284	14596	14596	0
21285	14596	14597	2
21286	14597	14597	0
21287	14597	14597	0
21288	14597	14598	6
21289	14598	14599	6
21290	14599	14600	6
21291	14600	14601	6
21292	14601	14601	0
21293	14601	14601	0
21294	14601	14601	0
21295	14601	14602	4
21296	14602	14602	0
21297	14602	14602	0
21298	14602	14602	0
21299	14602	14602	0
21300	14602	14602	0
21301	14602	14603	2
21302	14603	14604	6
21303	14604	14605	6
21304	14605	14606	2
21305	14606	14607	6
21306	14607	14607	0
21307	14607	14607	0
21308	14607	14607	0
21309	14607	14608	6
21310	14608	14609	6
21311	14609	14610	6
21312	14610	14610	0
21313	14610	14610	0
21314	14610	14610	0
21315	14610	14611	6
21316	14611	14612	6
21317	14612	14612	0
21318	14612	14612	0
21319	14612	14613	6
21320	14613	14613	0
21321	14613	14614	6
21322	14614	14614	0
21323	14614	14614	0
21324	14614	14614	0
21325	14614	14615	6
21326	14615	14616	6
21327	14616	14617	6
21328	14617	14618	6
21329	14618	14619	2
21330	14619	14620	6
21331	14620	14621	6
21332	14621	14622	6
21333	14622	14623	6
21334	14623	14624	6
21335	14624	14626	6
21336	14626	14626	0
21337	14626	14628	6
21338	14628	14629	6
21339	14629	14631	6
21340	14631	14632	6
21341	14632	14633	6
21342	14633	14634	6
21343	14634	14635	6
21344	14635	14636	6
21345	14636	14637	6
21346	14637	14638	6
21347	14638	14639	6
21348	14639	14640	6
21349	14640	14641	6
21350	14641	14642	6
21351	14642	14643	6
21352	14643	14644	6
21353	14644	14645	6
21354	14645	14646	6
21355	14646	14647	6
21356	14647	14648	6
21357	14648	14649	6
21358	14649	14650	2
21359	14650	14651	6
21360	14651	14652	6
21361	14652	14653	6
21362	14653	14654	6
21363	14654	14655	6
21364	14655	14656	6
21365	14656	14656	0
21366	14656	14656	0
21367	14656	14656	0
21368	14656	14656	0
21369	14656	14656	0
21370	14656	14656	0
21371	14656	14656	0
21372	14656	14656	0
21373	14656	14656	0
21374	14656	14656	0
21375	14656	14657	2
21376	14657	14658	2
21377	14658	14658	0
21378	14658	14658	0
21379	14658	14659	6
21380	14659	14660	6
21381	14660	14661	6
21382	14661	14661	0
21383	14661	14661	0
21384	14661	14661	0
21385	14661	14662	6
21386	14662	14663	6
21387	14663	14664	6
21388	14664	14665	6
21389	14665	14666	6
21390	14666	14667	6
21391	14667	14668	6
21392	14668	14669	6
21393	14669	14670	6
21394	14670	14671	6
21395	14671	14672	6
21396	14672	14673	2
21397	14673	14674	6
21398	14674	14675	6
21399	14675	14676	6
21400	14676	14677	6
21401	14677	14678	6
21402	14678	14679	6
21403	14679	14680	6
21404	14680	14681	6
21405	14681	14682	6
21406	14682	14683	6
21407	14683	14684	6
21408	14684	14685	6
21409	14685	14685	0
21410	14685	14686	6
21411	14686	14687	6
21412	14687	14688	6
21413	14688	14689	6
21414	14689	14690	6
21415	14690	14690	0
21416	14690	14691	6
21417	14691	14692	6
21418	14692	14693	6
21419	14693	14694	6
21420	14694	14695	6
21421	14695	14696	6
21422	14696	14697	6
21423	14697	14698	6
21424	14698	14699	6
21425	14699	14700	6
21426	14700	14701	6
21427	14701	14702	6
21428	14702	14703	6
21429	14703	14704	6
21430	14704	14705	4
21431	14705	14706	6
21432	14706	14707	6
21433	14707	14708	6
21434	14708	14709	6
21435	14709	14710	6
21436	14710	14711	6
21437	14711	14711	0
21438	14711	14712	6
21439	14712	14713	6
21440	14713	14714	6
21441	14714	14715	2
21442	14715	14715	0
21443	14715	14716	6
21444	14716	14717	6
21445	14717	14718	6
21446	14718	14719	6
21447	14719	14720	6
21448	14720	14721	6
21449	14721	14722	6
21450	14722	14723	6
21451	14723	14724	6
21452	14724	14724	0
21453	14724	14725	2
21454	14725	14726	6
21455	14726	14727	6
21456	14727	14728	6
21457	14728	14729	6
21458	14729	14729	0
21459	14729	14730	6
21460	14730	14731	6
21461	14731	14731	0
21462	14731	14731	0
21463	14731	14732	6
21464	14732	14733	6
21465	14733	14733	0
21466	14733	14733	0
21467	14733	14733	0
21468	14733	14734	6
21469	14734	14735	6
21470	14735	14735	0
21471	14735	14735	0
21472	14735	14736	6
21473	14736	14737	6
21474	14737	14738	6
21475	14738	14739	2
21476	14739	14739	0
21477	14739	14739	0
21478	14739	14739	0
21479	14739	14739	0
21480	14739	14741	6
21481	14741	14741	0
21482	14741	14741	0
21483	14741	14741	0
21484	14741	14741	0
21485	14741	14741	0
21486	14741	14742	2
21487	14742	14743	4
21488	14743	14745	6
21489	14745	14746	6
21490	14746	14747	6
21491	14747	14748	6
21492	14748	14749	6
21493	14749	14749	0
21494	14749	14749	0
21495	14749	14749	0
21496	14749	14749	0
21497	14749	14749	0
21498	14749	14749	0
21499	14749	14749	4
21500	14749	14749	0
21501	14749	14749	4
21502	14749	14749	0
21503	14749	14749	0
21504	14749	14749	0
21505	14749	14751	6
21506	14751	14751	0
21507	14751	14751	0
21508	14751	14751	0
21509	14751	14751	0
21510	14751	14751	0
21511	14751	14751	0
21512	14751	14752	6
21513	14752	14753	6
21514	14753	14753	0
21515	14753	14753	0
21516	14753	14753	0
21517	14753	14753	0
21518	14753	14754	2
21519	14754	14754	0
21520	14754	14756	6
21521	14756	14756	0
21522	14756	14757	6
21523	14757	14758	6
21524	14758	14759	2
21525	14759	14761	6
21526	14761	14762	6
21527	14762	14762	0
21528	14762	14762	0
21529	14762	14762	0
21530	14762	14762	0
21531	14762	14762	0
21532	14762	14762	0
21533	14762	14763	4
21534	14763	14764	2
21535	14764	14765	6
21536	14765	14765	0
21537	14765	14766	6
21538	14766	14767	6
21539	14767	14768	6
21540	14768	14769	6
21541	14769	14770	6
21542	14770	14771	6
21543	14771	14773	6
21544	14773	14773	0
21545	14773	14774	6
21546	14774	14775	6
21547	14775	14776	6
21548	14776	14778	6
21549	14778	14778	0
21550	14778	14779	6
21551	14779	14780	6
21552	14780	14781	6
21553	14781	14781	0
21554	14781	14783	6
21555	14783	14784	6
21556	14784	14786	6
21557	14786	14787	6
21558	14787	14788	6
21559	14788	14789	6
21560	14789	14789	0
21561	14789	14789	0
21562	14789	14789	0
21563	14789	14790	6
21564	14790	14792	6
21565	14792	14793	6
21566	14793	14794	6
21567	14794	14795	6
21568	14795	14796	6
21569	14796	14797	6
21570	14797	14798	6
21571	14798	14798	0
21572	14798	14799	2
21573	14799	14800	6
21574	14800	14801	6
21575	14801	14802	6
21576	14802	14803	6
21577	14803	14804	6
21578	14804	14804	0
21579	14804	14805	6
21580	14805	14806	4
21581	14806	14806	0
21582	14806	14807	6
21583	14807	14808	6
21584	14808	14809	6
21585	14809	14809	0
21586	14809	14809	0
21587	14809	14810	2
21588	14810	14811	6
21589	14811	14811	0
21590	14811	14812	6
21591	14812	14812	0
21592	14812	14812	0
21593	14812	14812	0
21594	14812	14813	6
21595	14813	14814	6
21596	14814	14815	6
21597	14815	14816	6
21598	14816	14817	6
21599	14817	14818	6
21600	14818	14819	6
21601	14819	14820	6
21602	14820	14821	6
21603	14821	14822	6
21604	14822	14823	6
21605	14823	14824	6
21606	14824	14825	6
21607	14825	14826	6
21608	14826	14827	6
21609	14827	14828	6
21610	14828	14829	6
21611	14829	14830	6
21612	14830	14831	6
21613	14831	14832	6
21614	14832	14833	6
21615	14833	14834	6
21616	14834	14835	6
21617	14835	14836	6
21618	14836	14837	6
21619	14837	14838	6
21620	14838	14839	6
21621	14839	14840	6
21622	14840	14841	6
21623	14841	14842	6
21624	14842	14843	6
21625	14843	14844	6
21626	14844	14845	6
21627	14845	14846	6
21628	14846	14847	6
21629	14847	14848	6
21630	14848	14849	2
21631	14849	14850	6
21632	14850	14851	6
21633	14851	14852	6
21634	14852	14853	6
21635	14853	14854	6
21636	14854	14855	6
21637	14855	14856	6
21638	14856	14857	6
21639	14857	14858	6
21640	14858	14859	6
21641	14859	14860	6
21642	14860	14861	6
21643	14861	14862	2
21644	14862	14862	0
21645	14862	14862	0
21646	14862	14863	6
21647	14863	14864	6
21648	14864	14865	6
21649	14865	14866	6
21650	14866	14867	6
21651	14867	14868	6
21652	14868	14869	6
21653	14869	14870	6
21654	14870	14871	6
21655	14871	14872	6
21656	14872	14873	6
21657	14873	14874	6
21658	14874	14875	6
21659	14875	14876	6
21660	14876	14877	6
21661	14877	14878	6
21662	14878	14879	6
21663	14879	14880	6
21664	14880	14881	6
21665	14881	14881	0
21666	14881	14882	2
21667	14882	14883	6
21668	14883	14884	6
21669	14884	14884	0
21670	14884	14885	4
21671	14885	14886	6
21672	14886	14887	6
21673	14887	14888	6
21674	14888	14889	6
21675	14889	14890	6
21676	14890	14891	6
21677	14891	14892	6
21678	14892	14894	6
21679	14894	14895	6
21680	14895	14896	6
21681	14896	14897	6
21682	14897	14898	6
21683	14898	14899	6
21684	14899	14900	6
21685	14900	14901	6
21686	14901	14902	6
21687	14902	14903	6
21688	14903	14904	6
21689	14904	14905	6
21690	14905	14906	6
21691	14906	14907	6
21692	14907	14908	6
21693	14908	14909	6
21694	14909	14910	6
21695	14910	14911	6
21696	14911	14912	6
21697	14912	14912	0
21698	14912	14912	0
21699	14912	14912	0
21700	14912	14912	0
21701	14912	14912	0
21702	14912	14912	0
21703	14912	14912	0
21704	14912	14912	0
21705	14912	14912	0
21706	14912	14912	0
21707	14912	14912	0
21708	14912	14912	0
21709	14912	14912	0
21710	14912	14912	0
21711	14912	14912	0
21712	14912	14912	0
21713	14912	14912	0
21714	14912	14912	0
21715	14912	14912	0
21716	14912	14912	0
21717	14912	14912	0
21718	14912	14912	0
21719	14912	14912	0
21720	14912	14912	0
21721	14912	14912	0
21722	14912	14912	0
21723	14912	14912	0
21724	14912	14912	0
21725	14912	14912	0
21726	14912	14912	0
21727	14912	14912	0
21728	14912	14912	0
21729	14912	14912	0
21730	14912	14912	0
21731	14912	14912	0
21732	14912	14912	0
21733	14912	14912	0
21734	14912	14912	0
21735	14912	14913	4
21736	14913	14913	0
21737	14913	14913	0
21738	14913	14913	0
21739	14913	14913	0
21740	14913	14913	0
21741	14913	14913	0
21742	14913	14913	0
21743	14913	14913	0
21744	14913	14913	0
21745	14913	14913	0
21746	14913	14913	0
21747	14913	14913	0
21748	14913	14913	0
21749	14913	14913	0
21750	14913	14913	0
21751	14913	14913	0
21752	14913	14913	0
21753	14913	14913	0
21754	14913	14913	0
21755	14913	14913	0
21756	14913	14913	0
21757	14913	14914	6
21758	14914	14915	6
21759	14915	14916	6
21760	14916	14917	6
21761	14917	14918	6
21762	14918	14918	0
21763	14918	14918	4
21764	14918	14918	0
21765	14918	14918	0
21766	14918	14918	0
21767	14918	14918	0
21768	14918	14918	0
21769	14918	14918	0
21770	14918	14918	0
21771	14918	14918	0
21772	14918	14919	6
21773	14919	14920	6
21774	14920	14920	0
21775	14920	14920	0
21776	14920	14921	2
21777	14921	14921	0
21778	14921	14922	6
21779	14922	14922	0
21780	14922	14922	0
21781	14922	14922	0
21782	14922	14922	0
21783	14922	14922	0
21784	14922	14922	0
21785	14922	14922	0
21786	14922	14922	0
21787	14922	14922	0
21788	14922	14923	6
21789	14923	14923	0
21790	14923	14924	6
21791	14924	14924	0
21792	14924	14925	6
21793	14925	14926	6
21794	14926	14926	0
21795	14926	14927	6
21796	14927	14927	0
21797	14927	14928	2
21798	14928	14929	2
21799	14929	14930	6
21800	14930	14931	6
21801	14931	14932	2
21802	14932	14933	6
21803	14933	14934	6
21804	14934	14935	6
21805	14935	14936	2
21806	14936	14936	0
21807	14936	14936	0
21808	14936	14937	6
21809	14937	14938	6
21810	14938	14939	6
21811	14939	14940	6
21812	14940	14941	6
21813	14941	14941	0
21814	14941	14941	0
21815	14941	14941	0
21816	14941	14941	0
21817	14941	14941	0
21818	14941	14941	0
21819	14941	14941	0
21820	14941	14941	0
21821	14941	14941	0
21822	14941	14942	6
21823	14942	14943	6
21824	14943	14943	0
21825	14943	14944	6
21826	14944	14945	6
21827	14945	14945	0
21828	14945	14946	2
21829	14946	14946	0
21830	14946	14946	0
21831	14946	14946	0
21832	14946	14946	0
21833	14946	14947	6
21834	14947	14947	0
21835	14947	14947	0
21836	14947	14947	0
21837	14947	14948	6
21838	14948	14949	6
21839	14949	14950	6
21840	14950	14950	0
21841	14950	14951	6
21842	14951	14952	6
21843	14952	14952	0
21844	14952	14952	0
21845	14952	14953	6
21846	14953	14953	0
21847	14953	14954	2
21848	14954	14955	6
21849	14955	14955	0
21850	14955	14956	6
21851	14956	14956	0
21852	14956	14958	6
21853	14958	14958	0
21854	14958	14958	0
21855	14958	14958	0
21856	14958	14959	2
21857	14959	14960	6
21858	14960	14961	6
21859	14961	14962	6
21860	14962	14962	0
21861	14962	14962	0
21862	14962	14962	0
21863	14962	14963	6
21864	14963	14964	6
21865	14964	14965	6
21866	14965	14966	6
21867	14966	14967	6
21868	14967	14968	6
21869	14968	14969	6
21870	14969	14970	6
21871	14970	14971	6
21872	14971	14971	0
21873	14971	14972	6
21874	14972	14973	2
21875	14973	14974	2
21876	14974	14975	6
21877	14975	14976	2
21878	14976	14977	2
21879	14977	14978	6
21880	14978	14978	0
21881	14978	14978	0
21882	14978	14978	0
21883	14978	14978	0
21884	14978	14978	0
21885	14978	14978	0
21886	14978	14978	0
21887	14978	14979	6
21888	14979	14979	0
21889	14979	14979	0
21890	14979	14980	6
21891	14980	14980	0
21892	14980	14981	6
21893	14981	14982	6
21894	14982	14983	6
21895	14983	14983	0
21896	14983	14983	0
21897	14983	14984	2
21898	14984	14984	0
21899	14984	14984	0
21900	14984	14985	6
21901	14985	14985	0
21902	14985	14985	0
21903	14985	14985	0
21904	14985	14985	0
21905	14985	14985	0
21906	14985	14985	0
21907	14985	14985	0
21908	14985	14986	6
21909	14986	14986	0
21910	14986	14986	0
21911	14986	14987	6
21912	14987	14988	6
21913	14988	14989	6
21914	14989	14989	0
21915	14989	14990	6
21916	14990	14991	6
21917	14991	14992	6
21918	14992	14993	6
21919	14993	14994	6
21920	14994	14994	0
21921	14994	14994	0
21922	14994	14994	0
21923	14994	14995	6
21924	14995	14996	6
21925	14996	14997	6
21926	14997	14998	6
21927	14998	14999	6
21928	14999	15000	6
21929	15000	15001	6
21930	15001	15002	6
21931	15002	15003	6
21932	15003	15004	6
21933	15004	15005	6
21934	15005	15006	6
21935	15006	15007	6
21936	15007	15008	2
21937	15008	15009	6
21938	15009	15010	6
21939	15010	15011	6
21940	15011	15012	6
21941	15012	15013	6
21942	15013	15014	6
21943	15014	15015	6
21944	15015	15016	6
21945	15016	15017	6
21946	15017	15018	6
21947	15018	15018	0
21948	15018	15019	6
21949	15019	15019	0
21950	15019	15020	6
21951	15020	15021	6
21952	15021	15022	6
21953	15022	15023	6
21954	15023	15024	6
21955	15024	15025	6
21956	15025	15026	6
21957	15026	15027	6
21958	15027	15028	6
21959	15028	15029	6
21960	15029	15030	6
21961	15030	15031	6
21962	15031	15032	2
21963	15032	15033	6
21964	15033	15034	6
21965	15034	15035	6
21966	15035	15036	6
21967	15036	15037	6
21968	15037	15038	6
21969	15038	15038	0
21970	15038	15038	0
21971	15038	15038	0
21972	15038	15039	4
21973	15039	15039	0
21974	15039	15040	6
21975	15040	15041	6
21976	15041	15041	0
21977	15041	15041	0
21978	15041	15041	0
21979	15041	15041	0
21980	15041	15041	0
21981	15041	15042	6
21982	15042	15042	0
21983	15042	15042	0
21984	15042	15042	0
21985	15042	15042	0
21986	15042	15042	0
21987	15042	15042	0
21988	15042	15043	6
21989	15043	15043	0
21990	15043	15043	0
21991	15043	15043	0
21992	15043	15043	0
21993	15043	15043	0
21994	15043	15044	6
21995	15044	15045	6
21996	15045	15045	0
21997	15045	15045	0
21998	15045	15045	0
21999	15045	15045	0
22000	15045	15045	0
22001	15045	15045	0
22002	15045	15045	0
22003	15045	15045	0
22004	15045	15046	6
22005	15046	15047	6
22006	15047	15047	0
22007	15047	15047	0
22008	15047	15048	6
22009	15048	15048	0
22010	15048	15048	0
22011	15048	15048	0
22012	15048	15048	0
22013	15048	15048	0
22014	15048	15048	0
22015	15048	15048	0
22016	15048	15048	0
22017	15048	15048	0
22018	15048	15048	0
22019	15048	15048	0
22020	15048	15048	0
22021	15048	15048	0
22022	15048	15048	0
22023	15048	15048	0
22024	15048	15048	0
22025	15048	15048	0
22026	15048	15048	0
22027	15048	15048	0
22028	15048	15048	0
22029	15048	15048	0
22030	15048	15049	6
22031	15049	15049	0
22032	15049	15049	0
22033	15049	15049	0
22034	15049	15049	0
22035	15049	15049	0
22036	15049	15049	0
22037	15049	15049	0
22038	15049	15049	0
22039	15049	15049	0
22040	15049	15049	0
22041	15049	15049	0
22042	15049	15049	2
22043	15049	15049	0
22044	15049	15049	0
22045	15049	15050	6
22046	15050	15051	6
22047	15051	15052	6
22048	15052	15053	6
22049	15053	15054	6
22050	15054	15055	6
22051	15055	15055	0
22052	15055	15055	0
22053	15055	15055	0
22054	15055	15055	0
22055	15055	15056	6
22056	15056	15056	0
22057	15056	15056	0
22058	15056	15056	0
22059	15056	15056	0
22060	15056	15056	0
22061	15056	15056	0
22062	15056	15056	0
22063	15056	15056	0
22064	15056	15056	0
22065	15056	15056	0
22066	15056	15056	0
22067	15056	15057	4
22068	15057	15057	0
22069	15057	15057	0
22070	15057	15057	0
22071	15057	15057	0
22072	15057	15058	6
22073	15058	15058	0
22074	15058	15058	4
22075	15058	15058	0
22076	15058	15059	6
22077	15059	15059	0
22078	15059	15059	0
22079	15059	15059	0
22080	15059	15059	0
22081	15059	15059	0
22082	15059	15059	0
22083	15059	15059	0
22084	15059	15059	0
22085	15059	15059	0
22086	15059	15059	0
22087	15059	15060	6
22088	15060	15060	0
22089	15060	15062	6
22090	15062	15062	0
22091	15062	15063	6
22092	15063	15064	6
22093	15064	15064	6
22094	15064	15065	6
22095	15065	15066	4
22096	15066	15066	0
22097	15066	15067	6
22098	15067	15068	4
22099	15068	15068	0
22100	15068	15068	0
22101	15068	15068	0
22102	15068	15068	0
22103	15068	15068	0
22104	15068	15068	0
22105	15068	15069	6
22106	15069	15069	0
22107	15069	15069	0
22108	15069	15069	0
22109	15069	15070	2
22110	15070	15070	0
22111	15070	15070	0
22112	15070	15070	0
22113	15070	15070	0
22114	15070	15070	0
22115	15070	15070	0
22116	15070	15070	0
22117	15070	15070	0
22118	15070	15070	0
22119	15070	15070	0
22120	15070	15070	0
22121	15070	15070	0
22122	15070	15070	0
22123	15070	15070	0
22124	15070	15070	0
22125	15070	15070	4
22126	15070	15070	0
22127	15070	15071	4
22128	15071	15071	4
22129	15071	15072	6
22130	15072	15072	0
22131	15072	15073	4
22132	15073	15073	0
22133	15073	15074	6
22134	15074	15074	0
22135	15074	15076	6
22136	15076	15077	6
22137	15077	15079	6
22138	15079	15080	2
22139	15080	15080	0
22140	15080	15082	6
22141	15082	15082	0
22142	15082	15082	0
22143	15082	15082	0
22144	15082	15082	0
22145	15082	15082	0
22146	15082	15082	0
22147	15082	15082	0
22148	15082	15082	0
22149	15082	15082	0
22150	15082	15083	6
22151	15083	15083	0
22152	15083	15083	0
22153	15083	15083	0
22154	15083	15083	0
22155	15083	15083	0
22156	15083	15083	0
22157	15083	15083	0
22158	15083	15084	6
22159	15084	15085	2
22160	15085	15086	6
22161	15086	15086	0
22162	15086	15086	0
22163	15086	15086	0
22164	15086	15086	0
22165	15086	15086	0
22166	15086	15087	4
22167	15087	15088	4
22168	15088	15089	6
22169	15089	15090	6
22170	15090	15091	6
22171	15091	15092	6
22172	15092	15092	0
22173	15092	15093	6
22174	15093	15093	0
22175	15093	15093	0
22176	15093	15093	0
22177	15093	15093	0
22178	15093	15093	0
22179	15093	15093	0
22180	15093	15093	0
22181	15093	15093	0
22182	15093	15093	0
22183	15093	15093	0
22184	15093	15094	6
22185	15094	15095	6
22186	15095	15095	0
22187	15095	15095	0
22188	15095	15096	6
22189	15096	15096	0
22190	15096	15097	4
22191	15097	15097	0
22192	15097	15097	0
22193	15097	15097	0
22194	15097	15097	0
22195	15097	15097	0
22196	15097	15097	0
22197	15097	15097	0
22198	15097	15097	0
22199	15097	15097	0
22200	15097	15097	0
22201	15097	15097	0
22202	15097	15097	0
22203	15097	15097	0
22204	15097	15097	0
22205	15097	15097	0
22206	15097	15097	0
22207	15097	15097	0
22208	15097	15097	0
22209	15097	15097	0
22210	15097	15097	0
22211	15097	15097	0
22212	15097	15097	0
22213	15097	15097	0
22214	15097	15097	0
22215	15097	15097	0
22216	15097	15098	6
22217	15098	15098	0
22218	15098	15098	0
22219	15098	15098	0
22220	15098	15098	0
22221	15098	15098	0
22222	15098	15098	0
22223	15098	15098	0
22224	15098	15098	0
22225	15098	15098	0
22226	15098	15098	0
22227	15098	15098	0
22228	15098	15098	0
22229	15098	15098	0
22230	15098	15098	0
22231	15098	15098	0
22232	15098	15098	0
22233	15098	15098	0
22234	15098	15098	0
22235	15098	15098	0
22236	15098	15098	0
22237	15098	15098	0
22238	15098	15098	0
22239	15098	15099	4
22240	15099	15100	6
22241	15100	15101	6
22242	15101	15102	6
22243	15102	15102	0
22244	15102	15103	6
22245	15103	15103	0
22246	15103	15103	0
22247	15103	15104	6
22248	15104	15105	6
22249	15105	15105	0
22250	15105	15105	0
22251	15105	15105	0
22252	15105	15106	6
22253	15106	15107	6
22254	15107	15108	6
22255	15108	15109	6
22256	15109	15110	6
22257	15110	15110	0
22258	15110	15110	0
22259	15110	15110	0
22260	15110	15110	0
22261	15110	15111	6
22262	15111	15112	6
22263	15112	15112	0
22264	15112	15112	0
22265	15112	15112	0
22266	15112	15112	0
22267	15112	15112	0
22268	15112	15112	0
22269	15112	15112	0
22270	15112	15112	0
22271	15112	15112	0
22272	15112	15112	0
22273	15112	15112	0
22274	15112	15112	0
22275	15112	15112	0
22276	15112	15112	0
22277	15112	15113	4
22278	15113	15113	4
22279	15113	15113	0
22280	15113	15113	0
22281	15113	15113	0
22282	15113	15114	2
22283	15114	15114	0
22284	15114	15114	0
22285	15114	15114	2
22286	15114	15115	2
22287	15115	15116	6
22288	15116	15118	6
22289	15118	15118	0
22290	15118	15118	0
22291	15118	15118	0
22292	15118	15118	0
22293	15118	15118	0
22294	15118	15119	2
22295	15119	15119	0
22296	15119	15119	4
22297	15119	15120	4
22298	15120	15122	6
22299	15122	15123	2
22300	15123	15124	2
22301	15124	15125	6
22302	15125	15126	6
22303	15126	15127	6
22304	15127	15128	6
22305	15128	15129	6
22306	15129	15129	0
22307	15129	15130	6
22308	15130	15130	0
22309	15130	15130	0
22310	15130	15130	0
22311	15130	15131	6
22312	15131	15132	6
22313	15132	15133	6
22314	15133	15134	6
22315	15134	15135	6
22316	15135	15136	6
22317	15136	15137	6
22318	15137	15138	6
22319	15138	15139	6
22320	15139	15140	6
22321	15140	15141	6
22322	15141	15142	6
22323	15142	15143	6
22324	15143	15143	0
22325	15143	15144	6
22326	15144	15144	0
22327	15144	15145	6
22328	15145	15146	6
22329	15146	15147	6
22330	15147	15148	6
22331	15148	15149	6
22332	15149	15150	6
22333	15150	15151	6
22334	15151	15152	6
22335	15152	15153	6
22336	15153	15154	6
22337	15154	15155	6
22338	15155	15156	6
22339	15156	15157	6
22340	15157	15158	6
22341	15158	15159	6
22342	15159	15160	6
22343	15160	15160	0
22344	15160	15160	0
22345	15160	15160	0
22346	15160	15160	0
22347	15160	15160	0
22348	15160	15160	0
22349	15160	15161	2
22350	15161	15161	0
22351	15161	15162	6
22352	15162	15163	2
22353	15163	15164	2
22354	15164	15165	6
22355	15165	15166	6
22356	15166	15167	6
22357	15167	15167	0
22358	15167	15167	0
22359	15167	15167	0
22360	15167	15167	0
22361	15167	15168	6
22362	15168	15168	0
22363	15168	15169	2
22364	15169	15169	0
22365	15169	15170	6
22366	15170	15170	0
22367	15170	15170	0
22368	15170	15170	0
22369	15170	15170	0
22370	15170	15170	0
22371	15170	15170	0
22372	15170	15170	0
22373	15170	15170	0
22374	15170	15170	0
22375	15170	15170	0
22376	15170	15170	0
22377	15170	15170	0
22378	15170	15170	0
22379	15170	15170	0
22380	15170	15171	6
22381	15171	15172	6
22382	15172	15173	6
22383	15173	15174	2
22384	15174	15175	6
22385	15175	15175	0
22386	15175	15175	0
22387	15175	15176	2
22388	15176	15177	6
22389	15177	15177	0
22390	15177	15177	0
22391	15177	15177	0
22392	15177	15178	6
22393	15178	15179	6
22394	15179	15180	6
22395	15180	15181	6
22396	15181	15182	2
22397	15182	15183	6
22398	15183	15184	6
22399	15184	15185	6
22400	15185	15186	6
22401	15186	15186	0
22402	15186	15186	0
22403	15186	15186	0
22404	15186	15186	0
22405	15186	15186	0
22406	15186	15186	0
22407	15186	15187	6
22408	15187	15188	6
22409	15188	15188	0
22410	15188	15189	6
22411	15189	15190	2
22412	15190	15191	6
22413	15191	15191	0
22414	15191	15191	0
22415	15191	15192	6
22416	15192	15193	6
22417	15193	15193	0
22418	15193	15193	0
22419	15193	15194	6
22420	15194	15195	6
22421	15195	15196	6
22422	15196	15197	6
22423	15197	15198	6
22424	15198	15199	6
22425	15199	15200	6
22426	15200	15201	6
22427	15201	15202	6
22428	15202	15202	0
22429	15202	15202	0
22430	15202	15203	6
22431	15203	15204	6
22432	15204	15204	0
22433	15204	15205	6
22434	15205	15205	0
22435	15205	15205	0
22436	15205	15205	0
22437	15205	15205	0
22438	15205	15205	0
22439	15205	15205	0
22440	15205	15205	0
22441	15205	15205	0
22442	15205	15205	0
22443	15205	15206	6
22444	15206	15207	2
22445	15207	15207	0
22446	15207	15208	6
22447	15208	15208	0
22448	15208	15209	6
22449	15209	15210	6
22450	15210	15211	6
22451	15211	15212	6
22452	15212	15213	6
22453	15213	15214	6
22454	15214	15215	6
22455	15215	15216	6
22456	15216	15217	6
22457	15217	15218	6
22458	15218	15219	6
22459	15219	15220	6
22460	15220	15220	0
22461	15220	15221	6
22462	15221	15222	6
22463	15222	15223	6
22464	15223	15224	4
22465	15224	15225	6
22466	15225	15225	0
22467	15225	15225	0
22468	15225	15226	6
22469	15226	15227	6
22470	15227	15227	0
22471	15227	15228	6
22472	15228	15229	6
22473	15229	15230	6
22474	15230	15231	6
22475	15231	15232	6
22476	15232	15233	6
22477	15233	15234	6
22478	15234	15235	6
22479	15235	15236	6
22480	15236	15237	6
22481	15237	15238	6
22482	15238	15239	6
22483	15239	15239	0
22484	15239	15239	0
22485	15239	15239	0
22486	15239	15240	6
22487	15240	15241	6
22488	15241	15242	6
22489	15242	15243	6
22490	15243	15244	6
22491	15244	15245	2
22492	15245	15246	2
22493	15246	15247	6
22494	15247	15248	6
22495	15248	15249	2
22496	15249	15250	6
22497	15250	15251	6
22498	15251	15252	6
22499	15252	15253	6
22500	15253	15253	0
22501	15253	15253	0
22502	15253	15254	6
22503	15254	15255	6
22504	15255	15255	0
22505	15255	15255	0
22506	15255	15255	0
22507	15255	15255	0
22508	15255	15255	0
22509	15255	15255	0
22510	15255	15255	0
22511	15255	15255	0
22512	15255	15255	0
22513	15255	15255	0
22514	15255	15255	0
22515	15255	15255	0
22516	15255	15256	6
22517	15256	15257	6
22518	15257	15258	4
22519	15258	15258	0
22520	15258	15258	0
22521	15258	15258	0
22522	15258	15259	2
22523	15259	15259	0
22524	15259	15260	6
22525	15260	15261	6
22526	15261	15262	6
22527	15262	15263	6
22528	15263	15263	0
22529	15263	15264	2
22530	15264	15265	6
22531	15265	15266	6
22532	15266	15266	0
22533	15266	15266	0
22534	15266	15266	0
22535	15266	15267	2
22536	15267	15268	6
22537	15268	15269	6
22538	15269	15270	2
22539	15270	15271	6
22540	15271	15272	6
22541	15272	15273	6
22542	15273	15273	0
22543	15273	15273	0
22544	15273	15273	0
22545	15273	15273	0
22546	15273	15274	6
22547	15274	15274	0
22548	15274	15275	6
22549	15275	15276	6
22550	15276	15277	6
22551	15277	15278	6
22552	15278	15279	6
22553	15279	15280	6
22554	15280	15281	6
22555	15281	15281	0
22556	15281	15281	0
22557	15281	15281	0
22558	15281	15281	0
22559	15281	15281	0
22560	15281	15281	0
22561	15281	15281	0
22562	15281	15281	0
22563	15281	15281	0
22564	15281	15282	2
22565	15282	15282	0
22566	15282	15282	0
22567	15282	15282	0
22568	15282	15282	0
22569	15282	15283	2
22570	15283	15286	2
22571	15286	15286	0
22572	15286	15286	0
22573	15286	15286	0
22574	15286	15286	0
22575	15286	15286	0
22576	15286	15286	0
22577	15286	15286	0
22578	15286	15286	0
22579	15286	15286	0
22580	15286	15286	0
22581	15286	15286	0
22582	15286	15286	0
22583	15286	15286	0
22584	15286	15286	0
22585	15286	15286	4
22586	15286	15286	0
22587	15286	15286	0
22588	15286	15286	0
22589	15286	15286	0
22590	15286	15286	0
22591	15286	15286	0
22592	15286	15286	0
22593	15286	15286	0
22594	15286	15286	0
22595	15286	15286	0
22596	15286	15286	0
22597	15286	15286	0
22598	15286	15286	0
22599	15286	15286	0
22600	15286	15286	0
22601	15286	15290	6
22602	15290	15291	6
22603	15291	15291	0
22604	15291	15291	0
22605	15291	15292	6
22606	15292	15293	6
22607	15293	15293	0
22608	15293	15293	0
22609	15293	15293	0
22610	15293	15294	6
22611	15294	15294	4
22612	15294	15294	0
22613	15294	15294	0
22614	15294	15297	6
22615	15297	15300	6
22616	15300	15300	6
22617	15300	15300	0
22618	15300	15300	0
22619	15300	15300	0
22620	15300	15301	4
22621	15301	15301	2
22622	15301	15301	0
22623	15301	15301	0
22624	15301	15301	2
22625	15301	15301	0
22626	15301	15301	0
22627	15301	15301	0
22628	15301	15301	0
22629	15301	15301	0
22630	15301	15301	0
22631	15301	15301	0
22632	15301	15301	0
22633	15301	15301	0
22634	15301	15301	0
22635	15301	15301	0
22636	15301	15301	0
22637	15301	15301	0
22638	15301	15301	2
22639	15301	15301	2
22640	15301	15301	0
22641	15301	15302	4
22642	15302	15302	6
22643	15302	15302	0
22644	15302	15302	0
22645	15302	15302	0
22646	15302	15302	0
22647	15302	15302	0
22648	15302	15302	0
22649	15302	15302	0
22650	15302	15302	0
22651	15302	15302	0
22652	15302	15302	0
22653	15302	15302	0
22654	15302	15302	0
22655	15302	15302	4
22656	15302	15302	0
22657	15302	15302	0
22658	15302	15302	0
22659	15302	15302	0
22660	15302	15302	0
22661	15302	15302	0
22662	15302	15302	0
22663	15302	15302	0
22664	15302	15302	0
22665	15302	15302	0
22666	15302	15302	0
22667	15302	15302	0
22668	15302	15302	0
22669	15302	15302	0
22670	15302	15302	0
22671	15302	15302	0
22672	15302	15302	0
22673	15302	15304	6
22674	15304	15305	6
22675	15305	15305	0
22676	15305	15305	0
22677	15305	15305	4
22678	15305	15305	6
22679	15305	15308	6
22680	15308	15309	6
22681	15309	15310	6
22682	15310	15311	6
22683	15311	15314	6
22684	15314	15316	6
22685	15316	15317	6
22686	15317	15319	6
22687	15319	15320	6
22688	15320	15321	4
22689	15321	15321	4
22690	15321	15321	0
22691	15321	15321	0
22692	15321	15321	6
22693	15321	15323	6
22694	15323	15323	0
22695	15323	15323	0
22696	15323	15323	0
22697	15323	15323	0
22698	15323	15323	0
22699	15323	15323	0
22700	15323	15325	6
22701	15325	15326	6
22702	15326	15326	0
22703	15326	15327	6
22704	15327	15327	0
22705	15327	15327	0
22706	15327	15327	0
22707	15327	15327	0
22708	15327	15327	0
22709	15327	15327	0
22710	15327	15327	0
22711	15327	15327	0
22712	15327	15327	0
22713	15327	15327	0
22714	15327	15327	0
22715	15327	15327	0
22716	15327	15327	0
22717	15327	15327	0
22718	15327	15327	0
22719	15327	15327	0
22720	15327	15327	0
22721	15327	15327	0
22722	15327	15327	0
22723	15327	15327	0
22724	15327	15327	0
22725	15327	15327	0
22726	15327	15327	0
22727	15327	15327	0
22728	15327	15327	0
22729	15327	15327	0
22730	15327	15327	0
22731	15327	15327	0
22732	15327	15327	0
22733	15327	15327	0
22734	15327	15327	0
22735	15327	15327	0
22736	15327	15327	0
22737	15327	15327	0
22738	15327	15327	0
22739	15327	15327	0
22740	15327	15327	0
22741	15327	15327	0
22742	15327	15327	0
22743	15327	15327	0
22744	15327	15327	0
22745	15327	15327	0
22746	15327	15327	0
22747	15327	15327	0
22748	15327	15327	0
22749	15327	15327	0
22750	15327	15327	0
22751	15327	15327	0
22752	15327	15328	6
22753	15328	15329	6
22754	15329	15330	6
22755	15330	15331	6
22756	15331	15331	0
22757	15331	15333	6
22758	15333	15335	6
22759	15335	15336	6
22760	15336	15336	2
22761	15336	15338	6
22762	15338	15340	6
22763	15340	15341	2
22764	15341	15342	6
22765	15342	15343	6
22766	15343	15343	4
22767	15343	15344	2
22768	15344	15344	0
22769	15344	15344	0
22770	15344	15346	6
22771	15346	15347	2
22772	15347	15348	2
22773	15348	15348	0
22774	15348	15348	2
22775	15348	15349	2
22776	15349	15349	0
22777	15349	15349	0
22778	15349	15350	4
22779	15350	15352	6
22780	15352	15352	0
22781	15352	15352	0
22782	15352	15352	0
22783	15352	15352	0
22784	15352	15352	0
22785	15352	15354	6
22786	15354	15356	6
22787	15356	15356	0
22788	15356	15356	0
22789	15356	15356	0
22790	15356	15356	0
22791	15356	15356	0
22792	15356	15357	6
22793	15357	15357	0
22794	15357	15357	0
22795	15357	15357	6
22796	15357	15358	2
22797	15358	15359	2
22798	15359	15359	4
22799	15359	15361	6
22800	15361	15362	6
22801	15362	15362	0
22802	15362	15364	2
22803	15364	15366	2
22804	15366	15366	0
22805	15366	15368	6
22806	15368	15368	4
22807	15368	15368	0
22808	15368	15368	0
22809	15368	15370	6
22810	15370	15373	6
22811	15373	15374	6
22812	15374	15375	6
22813	15375	15377	6
22814	15377	15379	6
22815	15379	15381	6
22816	15381	15383	6
22817	15383	15387	6
22818	15387	15388	6
22819	15388	15389	6
22820	15389	15390	6
22821	15390	15391	6
22822	15391	15392	6
22823	15392	15393	6
22824	15393	15394	6
22825	15394	15395	6
22826	15395	15396	6
22827	15396	15396	0
22828	15396	15397	6
22829	15397	15398	6
22830	15398	15399	6
22831	15399	15400	6
22832	15400	15401	6
22833	15401	15402	2
22834	15402	15403	6
22835	15403	15405	6
22836	15405	15406	6
22837	15406	15407	6
22838	15407	15409	6
22839	15409	15411	6
22840	15411	15412	6
22841	15412	15413	6
22842	15413	15414	6
22843	15414	15414	0
22844	15414	15414	0
22845	15414	15414	0
22846	15414	15414	0
22847	15414	15414	0
22848	15414	15414	0
22849	15414	15414	0
22850	15414	15414	0
22851	15414	15414	0
22852	15414	15414	0
22853	15414	15414	0
22854	15414	15414	0
22855	15414	15414	0
22856	15414	15414	0
22857	15414	15414	0
22858	15414	15414	0
22859	15414	15414	0
22860	15414	15414	0
22861	15414	15414	0
22862	15414	15414	0
22863	15414	15420	6
22864	15420	15420	4
22865	15420	15423	6
22866	15423	15423	0
22867	15423	15423	0
22868	15423	15423	0
22869	15423	15425	6
22870	15425	15426	6
22871	15426	15426	6
22872	15426	15426	6
22873	15426	15428	6
22874	15428	15428	6
22875	15428	15428	6
22876	15428	15428	6
22877	15428	15428	2
22878	15428	15428	0
22879	15428	15428	0
22880	15428	15428	0
22881	15428	15428	0
22882	15428	15428	0
22883	15428	15428	0
22884	15428	15428	4
22885	15428	15428	0
22886	15428	15428	0
22887	15428	15428	6
22888	15428	15428	0
22889	15428	15428	6
22890	15428	15429	6
22891	15429	15429	0
22892	15429	15430	6
22893	15430	15430	0
22894	15430	15430	2
22895	15430	15430	0
22896	15430	15430	2
22897	15430	15430	6
22898	15430	15430	0
22899	15430	15431	4
22900	15431	15431	0
22901	15431	15431	0
22902	15431	15431	0
22903	15431	15431	0
22904	15431	15431	0
22905	15431	15431	0
22906	15431	15431	0
22907	15431	15431	0
22908	15431	15431	0
22909	15431	15431	0
22910	15431	15431	0
22911	15431	15431	0
22912	15431	15431	0
22913	15431	15431	0
22914	15431	15431	0
22915	15431	15431	0
22916	15431	15431	0
22917	15431	15431	0
22918	15431	15431	0
22919	15431	15431	0
22920	15431	15431	0
22921	15431	15431	0
22922	15431	15431	0
22923	15431	15431	0
22924	15431	15431	0
22925	15431	15431	0
22926	15431	15432	6
22927	15432	15432	0
22928	15432	15432	0
22929	15432	15433	4
22930	15433	15433	4
22931	15433	15433	0
22932	15433	15433	0
22933	15433	15434	4
22934	15434	15434	0
22935	15434	15434	0
22936	15434	15434	0
22937	15434	15434	0
22938	15434	15434	0
22939	15434	15434	0
22940	15434	15434	0
22941	15434	15434	6
22942	15434	15434	0
22943	15434	15434	0
22944	15434	15434	0
22945	15434	15434	0
22946	15434	15434	0
22947	15434	15434	0
22948	15434	15436	6
22949	15436	15436	0
22950	15436	15442	6
22951	15442	15443	4
22952	15443	15445	2
22953	15445	15449	6
22954	15449	15449	2
22955	15449	15449	0
22956	15449	15453	6
22957	15453	15455	4
22958	15455	15457	6
22959	15457	15457	0
22960	15457	15457	0
22961	15457	15458	4
22962	15458	15458	0
22963	15458	15458	0
22964	15458	15458	0
22965	15458	15459	6
22966	15459	15459	0
22967	15459	15463	6
22968	15463	15463	0
22969	15463	15464	6
22970	15464	15465	6
22971	15465	15466	6
22972	15466	15466	2
22973	15466	15468	6
22974	15468	15470	6
22975	15470	15472	6
22976	15472	15472	6
22977	15472	15472	2
22978	15472	15472	0
22979	15472	15474	6
22980	15474	15476	6
22981	15476	15476	0
22982	15476	15477	6
22983	15477	15478	6
22984	15478	15478	0
22985	15478	15478	0
22986	15478	15478	0
22987	15478	15478	0
22988	15478	15478	0
22989	15478	15478	0
22990	15478	15478	0
22991	15478	15478	0
22992	15478	15478	0
22993	15478	15478	0
22994	15478	15478	0
22995	15478	15478	0
22996	15478	15478	0
22997	15478	15479	6
22998	15479	15481	6
22999	15481	15481	0
23000	15481	15481	0
23001	15481	15481	0
23002	15481	15482	6
23003	15482	15483	6
23004	15483	15484	6
23005	15484	15484	0
23006	15484	15484	0
23007	15484	15486	6
23008	15486	15486	0
23009	15486	15490	6
23010	15490	15492	6
23011	15492	15494	6
23012	15494	15497	6
23013	15497	15499	6
23014	15499	15501	6
23015	15501	15505	6
23016	15505	15507	6
23017	15507	15509	6
23018	15509	15509	0
23019	15509	15513	6
23020	15513	15517	6
23021	15517	15518	4
23022	15518	15520	6
23023	15520	15522	6
23024	15522	15522	4
23025	15522	15524	6
23026	15524	15528	6
23027	15528	15530	6
23028	15530	15534	6
23029	15534	15536	6
23030	15536	15538	6
23031	15538	15540	6
23032	15540	15544	6
23033	15544	15546	6
23034	15546	15548	6
23035	15548	15550	6
23036	15550	15554	6
23037	15554	15558	6
23038	15558	15558	0
23039	15558	15558	0
23040	15558	15558	0
23041	15558	15560	6
23042	15560	15564	6
23043	15564	15566	6
23044	15566	15566	4
23045	15566	15568	6
23046	15568	15570	6
23047	15570	15570	0
23048	15570	15575	6
23049	15575	15575	0
23050	15575	15576	6
23051	15576	15576	0
23052	15576	15576	0
23053	15576	15576	0
23054	15576	15576	0
23055	15576	15576	0
23056	15576	15576	0
23057	15576	15576	0
23058	15576	15576	0
23059	15576	15576	0
23060	15576	15576	0
23061	15576	15576	0
23062	15576	15576	0
23063	15576	15576	0
23064	15576	15576	0
23065	15576	15576	0
23066	15576	15576	0
23067	15576	15576	0
23068	15576	15576	6
23069	15576	15576	6
23070	15576	15576	0
23071	15576	15576	0
23072	15576	15576	0
23073	15576	15576	0
23074	15576	15576	0
23075	15576	15576	0
23076	15576	15576	0
23077	15576	15576	0
23078	15576	15576	0
23079	15576	15576	4
23080	15576	15576	6
23081	15576	15576	2
23082	15576	15576	0
23083	15576	15576	0
23084	15576	15576	0
23085	15576	15576	0
23086	15576	15576	0
23087	15576	15576	0
23088	15576	15576	0
23089	15576	15576	0
23090	15576	15576	0
23091	15576	15576	0
23092	15576	15576	0
23093	15576	15576	0
23094	15576	15576	0
23095	15576	15576	0
23096	15576	15576	0
23097	15576	15576	0
23098	15576	15576	0
23099	15576	15576	0
23100	15576	15576	0
23101	15576	15576	0
23102	15576	15576	0
23103	15576	15576	0
23104	15576	15576	0
23105	15576	15576	0
23106	15576	15576	0
23107	15576	15576	0
23108	15576	15576	0
23109	15576	15576	0
23110	15576	15576	0
23111	15576	15576	0
23112	15576	15576	0
23113	15576	15576	0
23114	15576	15576	0
23115	15576	15576	0
23116	15576	15576	0
23117	15576	15576	0
23118	15576	15576	0
23119	15576	15576	0
23120	15576	15576	0
23121	15576	15576	0
23122	15576	15576	0
23123	15576	15576	0
23124	15576	15576	0
23125	15576	15576	0
23126	15576	15576	0
23127	15576	15576	0
23128	15576	15576	0
23129	15576	15578	6
23130	15578	15578	4
23131	15578	15579	6
23132	15579	15579	0
23133	15579	15579	0
23134	15579	15579	0
23135	15579	15579	0
23136	15579	15579	0
23137	15579	15579	0
23138	15579	15581	6
23139	15581	15581	4
23140	15581	15581	0
23141	15581	15581	0
23142	15581	15582	6
23143	15582	15582	0
23144	15582	15584	6
23145	15584	15585	6
23146	15585	15586	6
23147	15586	15587	6
23148	15587	15588	2
23149	15588	15589	6
23150	15589	15589	0
23151	15589	15589	0
23152	15589	15589	0
23153	15589	15589	0
23154	15589	15589	0
23155	15589	15589	0
23156	15589	15589	0
23157	15589	15589	0
23158	15589	15589	0
23159	15589	15589	0
23160	15589	15589	0
23161	15589	15589	0
23162	15589	15589	0
23163	15589	15589	0
23164	15589	15589	0
23165	15589	15589	0
23166	15589	15589	0
23167	15589	15589	0
23168	15589	15589	0
23169	15589	15589	0
23170	15589	15589	0
23171	15589	15589	0
23172	15589	15589	0
23173	15589	15589	0
23174	15589	15589	0
23175	15589	15589	0
23176	15589	15589	6
23177	15589	15589	0
23178	15589	15589	0
23179	15589	15589	0
23180	15589	15590	6
23181	15590	15591	6
23182	15591	15591	0
23183	15591	15592	2
23184	15592	15593	2
23185	15593	15594	6
23186	15594	15594	0
23187	15594	15594	0
23188	15594	15594	0
23189	15594	15594	6
23190	15594	15594	0
23191	15594	15594	0
23192	15594	15595	6
23193	15595	15596	6
23194	15596	15596	0
23195	15596	15596	0
23196	15596	15596	0
23197	15596	15596	0
23198	15596	15596	0
23199	15596	15596	0
23200	15596	15596	0
23201	15596	15596	0
23202	15596	15596	0
23203	15596	15596	0
23204	15596	15596	0
23205	15596	15596	0
23206	15596	15596	0
23207	15596	15596	0
23208	15596	15597	6
23209	15597	15598	6
23210	15598	15598	0
23211	15598	15598	0
23212	15598	15598	0
23213	15598	15598	0
23214	15598	15598	0
23215	15598	15598	0
23216	15598	15598	0
23217	15598	15598	0
23218	15598	15598	0
23219	15598	15599	6
23220	15599	15599	4
23221	15599	15600	6
23222	15600	15601	6
23223	15601	15602	6
23224	15602	15602	0
23225	15602	15602	0
23226	15602	15602	0
23227	15602	15603	6
23228	15603	15605	6
23229	15605	15606	6
23230	15606	15606	0
23231	15606	15606	0
23232	15606	15606	0
23233	15606	15606	0
23234	15606	15606	0
23235	15606	15607	6
23236	15607	15607	0
23237	15607	15607	0
23238	15607	15607	0
23239	15607	15607	0
23240	15607	15607	0
23241	15607	15607	0
23242	15607	15607	0
23243	15607	15607	0
23244	15607	15607	0
23245	15607	15607	0
23246	15607	15608	4
23247	15608	15608	0
23248	15608	15608	0
23249	15608	15608	0
23250	15608	15608	2
23251	15608	15608	4
23252	15608	15608	0
23253	15608	15609	4
23254	15609	15609	0
23255	15609	15611	6
23256	15611	15611	0
23257	15611	15611	0
23258	15611	15611	0
23259	15611	15612	6
23260	15612	15612	0
23261	15612	15612	0
23262	15612	15612	0
23263	15612	15612	0
23264	15612	15612	0
23265	15612	15612	0
23266	15612	15612	0
23267	15612	15613	2
23268	15613	15613	0
23269	15613	15614	6
23270	15614	15615	6
23271	15615	15615	0
23272	15615	15615	0
23273	15615	15615	0
23274	15615	15615	0
23275	15615	15615	0
23276	15615	15615	0
23277	15615	15616	6
23278	15616	15617	2
23279	15617	15617	0
23280	15617	15618	2
23281	15618	15619	4
23282	15619	15619	0
23283	15619	15619	0
23284	15619	15619	0
23285	15619	15619	0
23286	15619	15619	0
23287	15619	15619	0
23288	15619	15620	6
23289	15620	15621	6
23290	15621	15622	6
23291	15622	15623	2
23292	15623	15623	0
23293	15623	15623	0
23294	15623	15625	6
23295	15625	15627	6
23296	15627	15628	6
23297	15628	15629	6
23298	15629	15630	6
23299	15630	15631	6
23300	15631	15631	0
23301	15631	15631	0
23302	15631	15631	0
23303	15631	15633	6
23304	15633	15635	6
23305	15635	15635	2
23306	15635	15636	2
23307	15636	15636	0
23308	15636	15637	6
23309	15637	15638	2
23310	15638	15640	6
23311	15640	15640	0
23312	15640	15640	0
23313	15640	15640	0
23314	15640	15642	6
23315	15642	15644	6
23316	15644	15645	6
23317	15645	15646	6
23318	15646	15647	2
23319	15647	15648	2
23320	15648	15648	0
23321	15648	15649	6
23322	15649	15650	6
23323	15650	15651	2
23324	15651	15652	2
23325	15652	15653	6
23326	15653	15653	0
23327	15653	15653	0
23328	15653	15653	0
23329	15653	15654	6
23330	15654	15655	6
23331	15655	15656	2
23332	15656	15656	0
23333	15656	15658	6
23334	15658	15658	0
23335	15658	15658	0
23336	15658	15659	6
23337	15659	15661	6
23338	15661	15661	0
23339	15661	15662	6
23340	15662	15663	6
23341	15663	15664	6
23342	15664	15665	6
23343	15665	15665	0
23344	15665	15666	6
23345	15666	15666	0
23346	15666	15666	0
23347	15666	15666	0
23348	15666	15667	2
23349	15667	15667	0
23350	15667	15667	0
23351	15667	15667	0
23352	15667	15667	0
23353	15667	15667	0
23354	15667	15667	0
23355	15667	15667	0
23356	15667	15667	0
23357	15667	15667	0
23358	15667	15667	0
23359	15667	15667	0
23360	15667	15667	0
23361	15667	15667	0
23362	15667	15667	0
23363	15667	15667	0
23364	15667	15668	2
23365	15668	15668	0
23366	15668	15670	6
23367	15670	15672	6
23368	15672	15673	4
23369	15673	15673	0
23370	15673	15673	0
23371	15673	15673	0
23372	15673	15674	6
23373	15674	15675	6
23374	15675	15675	0
23375	15675	15675	0
23376	15675	15675	0
23377	15675	15675	0
23378	15675	15675	0
23379	15675	15675	0
23380	15675	15675	0
23381	15675	15675	0
23382	15675	15676	6
23383	15676	15676	0
23384	15676	15676	0
23385	15676	15676	0
23386	15676	15676	0
23387	15676	15676	0
23388	15676	15677	6
23389	15677	15678	6
23390	15678	15679	2
23391	15679	15680	6
23392	15680	15681	6
23393	15681	15682	6
23394	15682	15683	6
23395	15683	15683	0
23396	15683	15684	6
23397	15684	15685	6
23398	15685	15686	6
23399	15686	15687	6
23400	15687	15688	6
23401	15688	15690	6
23402	15690	15691	6
23403	15691	15692	6
23404	15692	15693	6
23405	15693	15693	0
23406	15693	15693	0
23407	15693	15694	6
23408	15694	15695	6
23409	15695	15696	6
23410	15696	15697	6
23411	15697	15699	6
23412	15699	15701	6
23413	15701	15702	2
23414	15702	15704	6
23415	15704	15705	6
23416	15705	15706	6
23417	15706	15707	2
23418	15707	15707	0
23419	15707	15707	0
23420	15707	15707	0
23421	15707	15708	6
23422	15708	15710	6
23423	15710	15710	0
23424	15710	15710	0
23425	15710	15710	6
23426	15710	15712	6
23427	15712	15713	6
23428	15713	15716	6
23429	15716	15718	6
23430	15718	15719	6
23431	15719	15721	6
23432	15721	15724	6
23433	15724	15725	6
23434	15725	15727	6
23435	15727	15727	0
23436	15727	15727	0
23437	15727	15727	0
23438	15727	15727	0
23439	15727	15727	0
23440	15727	15727	0
23441	15727	15727	0
23442	15727	15727	0
23443	15727	15727	0
23444	15727	15727	0
23445	15727	15727	0
23446	15727	15727	0
23447	15727	15727	0
23448	15727	15727	0
23449	15727	15727	0
23450	15727	15727	0
23451	15727	15727	0
23452	15727	15727	0
23453	15727	15728	6
23454	15728	15728	0
23455	15728	15728	0
23456	15728	15728	0
23457	15728	15728	0
23458	15728	15728	0
23459	15728	15728	0
23460	15728	15728	0
23461	15728	15728	0
23462	15728	15728	0
23463	15728	15728	0
23464	15728	15728	0
23465	15728	15728	0
23466	15728	15728	0
23467	15728	15728	0
23468	15728	15728	0
23469	15728	15728	0
23470	15728	15728	0
23471	15728	15729	6
23472	15729	15730	6
23473	15730	15731	6
23474	15731	15733	6
23475	15733	15735	6
23476	15735	15737	6
23477	15737	15738	6
23478	15738	15739	6
23479	15739	15740	6
23480	15740	15741	2
23481	15741	15743	6
23482	15743	15745	6
23483	15745	15746	6
23484	15746	15747	6
23485	15747	15748	6
23486	15748	15749	6
23487	15749	15750	6
23488	15750	15751	4
23489	15751	15752	4
23490	15752	15753	6
23491	15753	15754	6
23492	15754	15755	6
23493	15755	15756	6
23494	15756	15757	6
23495	15757	15759	6
23496	15759	15760	2
23497	15760	15761	6
23498	15761	15763	6
23499	15763	15765	6
23500	15765	15768	6
23501	15768	15769	6
23502	15769	15770	6
23503	15770	15772	6
23504	15772	15774	6
23505	15774	15776	6
23506	15776	15778	6
23507	15778	15780	6
23508	15780	15781	6
23509	15781	15782	6
23510	15782	15783	6
23511	15783	15784	6
23512	15784	15785	6
23513	15785	15786	6
23514	15786	15786	0
23515	15786	15786	0
23516	15786	15786	0
23517	15786	15786	0
23518	15786	15786	0
23519	15786	15786	0
23520	15786	15786	0
23521	15786	15786	0
23522	15786	15786	0
23523	15786	15786	0
23524	15786	15786	0
23525	15786	15786	0
23526	15786	15786	0
23527	15786	15787	6
23528	15787	15787	0
23529	15787	15787	0
23530	15787	15788	6
23531	15788	15789	6
23532	15789	15791	6
23533	15791	15793	6
23534	15793	15794	6
23535	15794	15795	4
23536	15795	15796	6
23537	15796	15797	6
23538	15797	15797	6
23539	15797	15799	6
23540	15799	15800	6
23541	15800	15801	6
23542	15801	15802	6
23543	15802	15803	6
23544	15803	15804	6
23545	15804	15805	6
23546	15805	15805	0
23547	15805	15806	6
23548	15806	15807	6
23549	15807	15808	6
23550	15808	15810	6
23551	15810	15814	6
23552	15814	15814	0
23553	15814	15814	0
23554	15814	15814	0
23555	15814	15815	6
23556	15815	15815	0
23557	15815	15816	6
23558	15816	15816	0
23559	15816	15816	0
23560	15816	15816	0
23561	15816	15817	6
23562	15817	15818	2
23563	15818	15819	6
23564	15819	15820	6
23565	15820	15821	6
23566	15821	15822	6
23567	15822	15822	2
23568	15822	15823	2
23569	15823	15823	0
23570	15823	15823	0
23571	15823	15823	0
23572	15823	15823	0
23573	15823	15823	2
23574	15823	15823	0
23575	15823	15824	6
23576	15824	15826	6
23577	15826	15827	6
23578	15827	15828	6
23579	15828	15830	6
23580	15830	15832	6
23581	15832	15833	6
23582	15833	15835	6
23583	15835	15837	6
23584	15837	15841	6
23585	15841	15842	6
23586	15842	15843	6
23587	15843	15844	6
23588	15844	15845	6
23589	15845	15846	6
23590	15846	15847	6
23591	15847	15848	6
23592	15848	15849	6
23593	15849	15850	6
23594	15850	15851	6
23595	15851	15853	6
23596	15853	15854	2
23597	15854	15855	6
23598	15855	15857	6
23599	15857	15859	6
23600	15859	15859	0
23601	15859	15859	0
23602	15859	15859	0
23603	15859	15859	0
23604	15859	15859	0
23605	15859	15860	2
23606	15860	15860	6
23607	15860	15860	2
23608	15860	15861	6
23609	15861	15863	6
23610	15863	15865	6
23611	15865	15865	0
23612	15865	15866	6
23613	15866	15867	6
23614	15867	15867	0
23615	15867	15868	2
23616	15868	15869	2
23617	15869	15871	2
23618	15871	15872	6
23619	15872	15873	6
23620	15873	15874	6
23621	15874	15876	6
23622	15876	15878	6
23623	15878	15879	6
23624	15879	15880	6
23625	15880	15881	6
23626	15881	15882	6
23627	15882	15883	6
23628	15883	15884	6
23629	15884	15885	6
23630	15885	15886	6
23631	15886	15886	6
23632	15886	15887	4
23633	15887	15888	6
23634	15888	15888	4
23635	15888	15890	6
23636	15890	15891	6
23637	15891	15892	2
23638	15892	15893	2
23639	15893	15893	0
23640	15893	15893	0
23641	15893	15893	0
23642	15893	15893	0
23643	15893	15894	2
23644	15894	15894	0
23645	15894	15895	2
23646	15895	15895	0
23647	15895	15896	6
23648	15896	15898	6
23649	15898	15899	2
23650	15899	15901	6
23651	15901	15901	6
23652	15901	15901	0
23653	15901	15902	6
23654	15902	15903	6
23655	15903	15904	6
23656	15904	15906	6
23657	15906	15907	6
23658	15907	15907	0
23659	15907	15908	6
23660	15908	15908	0
23661	15908	15908	0
23662	15908	15908	0
23663	15908	15908	0
23664	15908	15908	0
23665	15908	15908	0
23666	15908	15908	0
23667	15908	15908	0
23668	15908	15910	6
23669	15910	15916	6
23670	15916	15916	0
23671	15916	15916	0
23672	15916	15916	0
23673	15916	15916	0
23674	15916	15916	0
23675	15916	15916	0
23676	15916	15916	0
23677	15916	15916	0
23678	15916	15916	0
23679	15916	15916	0
23680	15916	15916	0
23681	15916	15916	0
23682	15916	15916	0
23683	15916	15916	0
23684	15916	15916	0
23685	15916	15916	0
23686	15916	15916	0
23687	15916	15916	0
23688	15916	15916	0
23689	15916	15916	0
23690	15916	15916	0
23691	15916	15916	0
23692	15916	15916	0
23693	15916	15918	6
23694	15918	15918	0
23695	15918	15918	0
23696	15918	15919	6
23697	15919	15921	6
23698	15921	15922	6
23699	15922	15922	0
23700	15922	15922	0
23701	15922	15922	0
23702	15922	15922	0
23703	15922	15922	0
23704	15922	15923	6
23705	15923	15924	2
23706	15924	15925	2
23707	15925	15927	6
23708	15927	15931	6
23709	15931	15934	6
23710	15934	15934	0
23711	15934	15936	6
23712	15936	15936	0
23713	15936	15936	0
23714	15936	15936	0
23715	15936	15936	0
23716	15936	15936	0
23717	15936	15936	0
23718	15936	15936	0
23719	15936	15936	0
23720	15936	15936	0
23721	15936	15936	0
23722	15936	15936	0
23723	15936	15936	0
23724	15936	15936	0
23725	15936	15936	0
23726	15936	15936	0
23727	15936	15936	0
23728	15936	15936	0
23729	15936	15937	4
23730	15937	15938	4
23731	15938	15938	0
23732	15938	15938	0
23733	15938	15940	6
23734	15940	15943	6
23735	15943	15943	0
23736	15943	15943	0
23737	15943	15943	0
23738	15943	15943	0
23739	15943	15943	0
23740	15943	15943	0
23741	15943	15943	0
23742	15943	15943	0
23743	15943	15943	0
23744	15943	15943	4
23745	15943	15943	4
23746	15943	15943	0
23747	15943	15943	0
23748	15943	15943	0
23749	15943	15943	0
23750	15943	15946	6
23751	15946	15947	6
23752	15947	15947	0
23753	15947	15948	6
23754	15948	15948	0
23755	15948	15948	0
23756	15948	15948	0
23757	15948	15951	6
23758	15951	15951	0
23759	15951	15952	6
23760	15952	15952	0
23761	15952	15952	0
23762	15952	15952	0
23763	15952	15952	0
23764	15952	15952	0
23765	15952	15952	4
23766	15952	15953	2
23767	15953	15954	6
23768	15954	15954	0
23769	15954	15956	6
23770	15956	15957	2
23771	15957	15957	2
23772	15957	15957	0
23773	15957	15958	6
23774	15958	15958	0
23775	15958	15958	0
23776	15958	15960	6
23777	15960	15960	4
23778	15960	15961	6
23779	15961	15963	6
23780	15963	15964	6
23781	15964	15966	6
23782	15966	15967	6
23783	15967	15969	6
23784	15969	15971	6
23785	15971	15972	6
23786	15972	15972	0
23787	15972	15973	2
23788	15973	15974	6
23789	15974	15975	6
23790	15975	15976	6
23791	15976	15977	6
23792	15977	15979	2
23793	15979	15979	0
23794	15979	15979	0
23795	15979	15979	0
23796	15979	15981	6
23797	15981	15985	6
23798	15985	15986	6
23799	15986	15988	6
23800	15988	15992	6
23801	15992	15993	6
23802	15993	15995	6
23803	15995	15996	6
23804	15996	15996	0
23805	15996	15996	0
23806	15996	15996	0
23807	15996	15996	0
23808	15996	15996	0
23809	15996	15996	0
23810	15996	15996	0
23811	15996	15996	0
23812	15996	15996	6
23813	15996	15996	0
23814	15996	15996	0
23815	15996	15996	0
23816	15996	15996	0
23817	15996	15997	2
23818	15997	15998	6
23819	15998	15998	0
23820	15998	15998	0
23821	15998	15999	6
23822	15999	16000	6
23823	16000	16000	0
23824	16000	16000	0
23825	16000	16001	6
23826	16001	16002	6
23827	16002	16003	6
23828	16003	16004	6
23829	16004	16005	6
23830	16005	16005	0
23831	16005	16005	0
23832	16005	16005	0
23833	16005	16006	6
23834	16006	16007	6
23835	16007	16008	6
23836	16008	16009	6
23837	16009	16010	6
23838	16010	16011	6
23839	16011	16012	6
23840	16012	16012	0
23841	16012	16012	0
23842	16012	16014	6
23843	16014	16016	6
23844	16016	16018	6
23845	16018	16020	6
23846	16020	16021	6
23847	16021	16022	6
23848	16022	16023	6
23849	16023	16024	6
23850	16024	16025	6
23851	16025	16026	6
23852	16026	16027	6
23853	16027	16028	6
23854	16028	16029	6
23855	16029	16029	0
23856	16029	16031	6
23857	16031	16033	6
23858	16033	16035	6
23859	16035	16036	6
23860	16036	16037	6
23861	16037	16038	6
23862	16038	16039	6
23863	16039	16040	6
23864	16040	16041	6
23865	16041	16043	6
23866	16043	16043	0
23867	16043	16043	0
23868	16043	16044	6
23869	16044	16045	6
23870	16045	16046	6
23871	16046	16047	6
23872	16047	16047	0
23873	16047	16049	6
23874	16049	16049	0
23875	16049	16049	0
23876	16049	16051	6
23877	16051	16052	4
23878	16052	16053	6
23879	16053	16054	6
23880	16054	16054	0
23881	16054	16054	0
23882	16054	16054	0
23883	16054	16054	2
23884	16054	16054	0
23885	16054	16054	0
23886	16054	16054	0
23887	16054	16054	0
23888	16054	16054	0
23889	16054	16054	0
23890	16054	16054	0
23891	16054	16054	0
23892	16054	16054	0
23893	16054	16054	0
23894	16054	16054	0
23895	16054	16054	0
23896	16054	16054	0
23897	16054	16054	0
23898	16054	16055	6
23899	16055	16056	6
23900	16056	16057	2
23901	16057	16058	2
23902	16058	16058	0
23903	16058	16058	6
23904	16058	16058	0
23905	16058	16058	0
23906	16058	16058	0
23907	16058	16058	0
23908	16058	16058	6
23909	16058	16059	6
23910	16059	16060	6
23911	16060	16062	6
23912	16062	16063	6
23913	16063	16063	0
23914	16063	16063	0
23915	16063	16063	0
23916	16063	16063	0
23917	16063	16063	0
23918	16063	16063	0
23919	16063	16063	0
23920	16063	16063	0
23921	16063	16063	4
23922	16063	16064	6
23923	16064	16065	6
23924	16065	16065	0
23925	16065	16065	0
23926	16065	16065	0
23927	16065	16065	0
23928	16065	16065	0
23929	16065	16065	0
23930	16065	16065	0
23931	16065	16065	0
23932	16065	16065	0
23933	16065	16065	0
23934	16065	16065	0
23935	16065	16065	0
23936	16065	16065	0
23937	16065	16065	0
23938	16065	16065	0
23939	16065	16065	0
23940	16065	16065	0
23941	16065	16065	0
23942	16065	16065	0
23943	16065	16065	0
23944	16065	16065	0
23945	16065	16065	0
23946	16065	16065	0
23947	16065	16065	0
23948	16065	16065	0
23949	16065	16065	0
23950	16065	16065	0
23951	16065	16065	0
23952	16065	16065	0
23953	16065	16065	0
23954	16065	16065	0
23955	16065	16065	0
23956	16065	16065	0
23957	16065	16065	0
23958	16065	16065	0
23959	16065	16065	0
23960	16065	16065	0
23961	16065	16065	0
23962	16065	16065	0
23963	16065	16065	0
23964	16065	16065	0
23965	16065	16065	0
23966	16065	16065	0
23967	16065	16065	0
23968	16065	16065	0
23969	16065	16065	0
23970	16065	16065	0
23971	16065	16065	6
23972	16065	16065	0
23973	16065	16065	2
23974	16065	16065	0
23975	16065	16065	0
23976	16065	16065	0
23977	16065	16073	6
23978	16073	16077	6
23979	16077	16077	2
23980	16077	16078	6
23981	16078	16078	4
23982	16078	16080	6
23983	16080	16080	0
23984	16080	16080	4
23985	16080	16080	4
23986	16080	16080	0
23987	16080	16080	0
23988	16080	16080	0
23989	16080	16080	0
23990	16080	16080	0
23991	16080	16080	0
23992	16080	16080	0
23993	16080	16080	0
23994	16080	16080	0
23995	16080	16080	0
23996	16080	16080	0
23997	16080	16080	0
23998	16080	16080	0
23999	16080	16080	0
24000	16080	16080	0
24001	16080	16080	0
24002	16080	16082	6
24003	16082	16086	6
24004	16086	16086	0
24005	16086	16086	0
24006	16086	16086	0
24007	16086	16086	0
24008	16086	16086	0
24009	16086	16086	0
24010	16086	16086	0
24011	16086	16086	0
24012	16086	16098	6
24013	16098	16098	6
24014	16098	16109	6
24015	16109	16109	0
24016	16109	16109	0
24017	16109	16109	0
24018	16109	16109	0
24019	16109	16115	6
24020	16115	16127	6
24021	16127	16127	0
24022	16127	16127	0
24023	16127	16127	0
24024	16127	16127	0
24025	16127	16127	0
24026	16127	16127	0
24027	16127	16127	0
24028	16127	16127	0
24029	16127	16127	0
24030	16127	16127	0
24031	16127	16127	0
24032	16127	16127	0
24033	16127	16127	0
24034	16127	16127	0
24035	16127	16127	0
24036	16127	16127	0
24037	16127	16129	6
24038	16129	16130	2
24039	16130	16134	6
24040	16134	16134	4
24041	16134	16136	6
24042	16136	16138	6
24043	16138	16142	6
24044	16142	16144	6
24045	16144	16146	2
24046	16146	16146	0
24047	16146	16146	0
24048	16146	16146	0
24049	16146	16146	0
24050	16146	16146	0
24051	16146	16146	0
24052	16146	16146	0
24053	16146	16146	0
24054	16146	16146	0
24055	16146	16146	0
24056	16146	16146	0
24057	16146	16146	0
24058	16146	16146	0
24059	16146	16146	0
24060	16146	16146	0
24061	16146	16146	0
24062	16146	16146	0
24063	16146	16146	0
24064	16146	16146	0
24065	16146	16146	0
24066	16146	16147	2
24067	16147	16150	6
24068	16150	16150	0
24069	16150	16151	2
24070	16151	16151	0
24071	16151	16155	6
24072	16155	16155	0
24073	16155	16155	0
24074	16155	16161	6
24075	16161	16164	6
24076	16164	16166	6
24077	16166	16168	2
24078	16168	16168	0
24079	16168	16171	6
24080	16171	16172	6
24081	16172	16176	6
24082	16176	16178	6
24083	16178	16185	6
24084	16185	16188	6
24085	16188	16190	6
24086	16190	16191	6
24087	16191	16197	6
24088	16197	16200	6
24089	16200	16204	6
24090	16204	16206	6
24091	16206	16206	2
24092	16206	16210	6
24093	16210	16212	6
24094	16212	16212	0
24095	16212	16213	6
24096	16213	16213	6
24097	16213	16214	6
24098	16214	16218	6
24099	16218	16220	6
24100	16220	16220	0
24101	16220	16220	0
24102	16220	16221	6
24103	16221	16221	0
24104	16221	16221	4
24105	16221	16232	6
24106	16232	16232	0
24107	16232	16233	6
24108	16233	16239	6
24109	16239	16241	6
24110	16241	16242	6
24111	16242	16242	0
24112	16242	16242	0
24113	16242	16242	0
24114	16242	16242	0
24115	16242	16242	0
24116	16242	16242	0
24117	16242	16242	0
24118	16242	16242	0
24119	16242	16242	0
24120	16242	16242	0
24121	16242	16244	6
24122	16244	16246	6
24123	16246	16247	6
24124	16247	16248	6
24125	16248	16250	6
24126	16250	16252	6
24127	16252	16253	6
24128	16253	16254	6
24129	16254	16255	6
24130	16255	16256	6
24131	16256	16257	6
24132	16257	16258	6
24133	16258	16259	6
24134	16259	16260	6
24135	16260	16262	6
24136	16262	16264	6
24137	16264	16265	6
24138	16265	16266	6
24139	16266	16267	2
24140	16267	16267	2
24141	16267	16267	0
24142	16267	16267	0
24143	16267	16267	0
24144	16267	16267	0
24145	16267	16268	4
24146	16268	16268	0
24147	16268	16268	0
24148	16268	16268	0
24149	16268	16268	0
24150	16268	16268	0
24151	16268	16269	2
24152	16269	16269	0
24153	16269	16269	0
24154	16269	16269	0
24155	16269	16269	0
24156	16269	16269	0
24157	16269	16270	2
24158	16270	16271	6
24159	16271	16271	0
24160	16271	16273	6
24161	16273	16275	6
24162	16275	16276	2
24163	16276	16277	6
24164	16277	16278	2
24165	16278	16279	2
24166	16279	16280	6
24167	16280	16281	6
24168	16281	16282	6
24169	16282	16283	6
24170	16283	16284	2
24171	16284	16285	2
24172	16285	16286	6
24173	16286	16286	0
24174	16286	16286	0
24175	16286	16287	6
24176	16287	16288	2
24177	16288	16288	0
24178	16288	16289	2
24179	16289	16289	0
24180	16289	16290	6
24181	16290	16291	6
24182	16291	16292	2
24183	16292	16292	4
24184	16292	16293	6
24185	16293	16293	0
24186	16293	16293	0
24187	16293	16295	6
24188	16295	16297	6
24189	16297	16297	0
24190	16297	16297	0
24191	16297	16297	0
24192	16297	16297	0
24193	16297	16297	0
24194	16297	16297	0
24195	16297	16297	0
24196	16297	16297	0
24197	16297	16297	0
24198	16297	16297	0
24199	16297	16297	0
24200	16297	16297	0
24201	16297	16297	0
24202	16297	16301	6
24203	16301	16303	6
24204	16303	16305	6
24205	16305	16306	2
24206	16306	16307	6
24207	16307	16308	6
24208	16308	16309	6
24209	16309	16310	6
24210	16310	16311	4
24211	16311	16312	6
24212	16312	16312	0
24213	16312	16312	0
24214	16312	16312	0
24215	16312	16314	6
24216	16314	16315	6
24217	16315	16317	6
24218	16317	16317	2
24219	16317	16317	0
24220	16317	16317	0
24221	16317	16317	0
24222	16317	16318	2
24223	16318	16319	2
24224	16319	16319	0
24225	16319	16319	0
24226	16319	16320	6
24227	16320	16320	0
24228	16320	16321	6
24229	16321	16322	6
24230	16322	16323	6
24231	16323	16324	6
24232	16324	16325	6
24233	16325	16326	6
24234	16326	16326	0
24235	16326	16327	2
24236	16327	16328	6
24237	16328	16329	6
24238	16329	16330	6
24239	16330	16330	0
24240	16330	16330	0
24241	16330	16331	6
24242	16331	16332	6
24243	16332	16333	6
24244	16333	16334	6
24245	16334	16335	6
24246	16335	16335	0
24247	16335	16335	0
24248	16335	16335	0
24249	16335	16335	0
24250	16335	16335	0
24251	16335	16335	0
24252	16335	16335	0
24253	16335	16335	0
24254	16335	16335	0
24255	16335	16335	0
24256	16335	16335	0
24257	16335	16335	0
24258	16335	16335	0
24259	16335	16335	0
24260	16335	16335	0
24261	16335	16335	0
24262	16335	16335	0
24263	16335	16335	0
24264	16335	16335	0
24265	16335	16335	0
24266	16335	16335	0
24267	16335	16335	0
24268	16335	16335	0
24269	16335	16335	0
24270	16335	16335	0
24271	16335	16335	0
24272	16335	16335	0
24273	16335	16335	0
24274	16335	16335	0
24275	16335	16335	0
24276	16335	16335	0
24277	16335	16335	0
24278	16335	16335	0
24279	16335	16335	0
24280	16335	16335	0
24281	16335	16335	0
24282	16335	16335	0
24283	16335	16335	0
24284	16335	16335	0
24285	16335	16335	4
24286	16335	16337	6
24287	16337	16337	0
24288	16337	16337	0
24289	16337	16338	6
24290	16338	16338	0
24291	16338	16338	0
24292	16338	16338	0
24293	16338	16338	0
24294	16338	16339	2
24295	16339	16340	6
24296	16340	16341	6
24297	16341	16341	0
24298	16341	16341	0
24299	16341	16343	6
24300	16343	16344	4
24301	16344	16346	6
24302	16346	16348	6
24303	16348	16348	2
24304	16348	16349	6
24305	16349	16350	6
24306	16350	16351	6
24307	16351	16351	0
24308	16351	16351	6
24309	16351	16351	0
24310	16351	16351	0
24311	16351	16352	6
24312	16352	16353	6
24313	16353	16354	6
24314	16354	16355	6
24315	16355	16355	0
24316	16355	16356	6
24317	16356	16356	0
24318	16356	16357	6
24319	16357	16357	0
24320	16357	16357	0
24321	16357	16357	0
24322	16357	16357	0
24323	16357	16357	0
24324	16357	16357	0
24325	16357	16357	0
24326	16357	16357	0
24327	16357	16357	0
24328	16357	16357	0
24329	16357	16358	6
24330	16358	16359	2
24331	16359	16359	0
24332	16359	16359	0
24333	16359	16359	0
24334	16359	16361	6
24335	16361	16362	6
24336	16362	16362	0
24337	16362	16362	0
24338	16362	16363	6
24339	16363	16363	0
24340	16363	16363	0
24341	16363	16363	0
24342	16363	16363	0
24343	16363	16363	0
24344	16363	16363	0
24345	16363	16363	0
24346	16363	16363	0
24347	16363	16363	0
24348	16363	16363	0
24349	16363	16363	0
24350	16363	16363	0
24351	16363	16363	0
24352	16363	16363	0
24353	16363	16363	0
24354	16363	16363	0
24355	16363	16363	0
24356	16363	16363	0
24357	16363	16363	0
24358	16363	16363	0
24359	16363	16363	0
24360	16363	16363	0
24361	16363	16363	0
24362	16363	16364	6
24363	16364	16365	6
24364	16365	16366	6
24365	16366	16367	6
24366	16367	16369	6
24367	16369	16370	6
24368	16370	16371	6
24369	16371	16372	6
24370	16372	16373	6
24371	16373	16375	6
24372	16375	16376	6
24373	16376	16378	6
24374	16378	16379	6
24375	16379	16383	6
24376	16383	16385	6
24377	16385	16386	6
24378	16386	16387	6
24379	16387	16387	0
24380	16387	16389	6
24381	16389	16391	6
24382	16391	16392	2
24383	16392	16393	6
24384	16393	16394	6
24385	16394	16396	6
24386	16396	16397	6
24387	16397	16398	6
24388	16398	16399	6
24389	16399	16400	6
24390	16400	16400	0
24391	16400	16400	0
24392	16400	16400	0
24393	16400	16400	0
24394	16400	16400	0
24395	16400	16400	0
24396	16400	16400	0
24397	16400	16400	0
24398	16400	16400	0
24399	16400	16400	0
24400	16400	16400	0
24401	16400	16400	0
24402	16400	16400	0
24403	16400	16400	0
24404	16400	16400	0
24405	16400	16400	0
24406	16400	16400	0
24407	16400	16400	0
24408	16400	16400	0
24409	16400	16400	0
24410	16400	16400	0
24411	16400	16400	0
24412	16400	16400	0
24413	16400	16400	0
24414	16400	16400	0
24415	16400	16400	0
24416	16400	16400	0
24417	16400	16400	0
24418	16400	16400	0
24419	16400	16400	0
24420	16400	16400	0
24421	16400	16400	0
24422	16400	16400	0
24423	16400	16400	0
24424	16400	16400	0
24425	16400	16400	0
24426	16400	16404	6
24427	16404	16404	0
24428	16404	16404	0
24429	16404	16407	6
24430	16407	16410	6
24431	16410	16410	6
24432	16410	16411	6
24433	16411	16411	0
24434	16411	16411	0
24435	16411	16411	0
24436	16411	16411	0
24437	16411	16411	0
24438	16411	16411	0
24439	16411	16411	0
24440	16411	16411	0
24441	16411	16411	0
24442	16411	16411	0
24443	16411	16411	0
24444	16411	16411	0
24445	16411	16411	0
24446	16411	16411	0
24447	16411	16411	0
24448	16411	16411	0
24449	16411	16411	0
24450	16411	16411	0
24451	16411	16411	0
24452	16411	16411	0
24453	16411	16411	0
24454	16411	16411	0
24455	16411	16411	0
24456	16411	16411	0
24457	16411	16411	0
24458	16411	16411	0
24459	16411	16411	0
24460	16411	16411	0
24461	16411	16411	0
24462	16411	16411	0
24463	16411	16411	0
24464	16411	16411	0
24465	16411	16412	6
24466	16412	16413	6
24467	16413	16414	6
24468	16414	16415	6
24469	16415	16416	6
24470	16416	16417	6
24471	16417	16418	6
24472	16418	16420	6
24473	16420	16422	6
24474	16422	16423	6
24475	16423	16424	6
24476	16424	16425	6
24477	16425	16426	6
24478	16426	16427	6
24479	16427	16428	6
24480	16428	16428	0
24481	16428	16428	0
24482	16428	16429	6
24483	16429	16430	6
24484	16430	16431	6
24485	16431	16432	6
24486	16432	16433	6
24487	16433	16434	2
24488	16434	16435	6
24489	16435	16435	0
24490	16435	16436	6
24491	16436	16437	6
24492	16437	16438	6
24493	16438	16439	6
24494	16439	16441	6
24495	16441	16442	6
24496	16442	16442	0
24497	16442	16442	0
24498	16442	16444	6
24499	16444	16445	6
24500	16445	16446	2
24501	16446	16448	6
24502	16448	16450	6
24503	16450	16451	6
24504	16451	16452	6
24505	16452	16452	0
24506	16452	16452	0
24507	16452	16453	6
24508	16453	16454	6
24509	16454	16456	6
24510	16456	16459	6
24511	16459	16460	6
24512	16460	16462	6
24513	16462	16465	6
24514	16465	16467	6
24515	16467	16469	6
24516	16469	16470	6
24517	16470	16472	6
24518	16472	16473	6
24519	16473	16474	2
24520	16474	16475	6
24521	16475	16476	6
24522	16476	16476	0
24523	16476	16476	0
24524	16476	16477	2
24525	16477	16477	0
24526	16477	16478	6
24527	16478	16478	0
24528	16478	16478	0
24529	16478	16478	0
24530	16478	16478	0
24531	16478	16479	6
24532	16479	16480	6
24533	16480	16481	6
24534	16481	16482	6
24535	16482	16483	6
24536	16483	16485	6
24537	16485	16487	6
24538	16487	16488	6
24539	16488	16489	6
24540	16489	16490	6
24541	16490	16491	6
24542	16491	16493	6
24543	16493	16494	6
24544	16494	16495	6
24545	16495	16496	6
24546	16496	16497	6
24547	16497	16498	6
24548	16498	16499	6
24549	16499	16500	6
24550	16500	16501	6
24551	16501	16502	6
24552	16502	16503	6
24553	16503	16504	6
24554	16504	16505	6
24555	16505	16507	6
24556	16507	16508	6
24557	16508	16509	6
24558	16509	16510	6
24559	16510	16511	6
24560	16511	16513	6
24561	16513	16514	6
24562	16514	16515	6
24563	16515	16516	6
24564	16516	16517	6
24565	16517	16518	6
24566	16518	16519	6
24567	16519	16520	6
24568	16520	16521	6
24569	16521	16522	6
24570	16522	16523	6
24571	16523	16524	6
24572	16524	16525	6
24573	16525	16526	6
24574	16526	16527	2
24575	16527	16528	2
24576	16528	16528	0
24577	16528	16528	0
24578	16528	16528	0
24579	16528	16528	0
24580	16528	16528	0
24581	16528	16528	0
24582	16528	16528	0
24583	16528	16529	6
24584	16529	16530	6
24585	16530	16532	6
24586	16532	16533	6
24587	16533	16534	6
24588	16534	16534	0
24589	16534	16535	6
24590	16535	16535	0
24591	16535	16536	6
24592	16536	16537	6
24593	16537	16538	6
24594	16538	16539	6
24595	16539	16539	0
24596	16539	16540	6
24597	16540	16540	0
24598	16540	16540	0
24599	16540	16540	0
24600	16540	16540	0
24601	16540	16540	0
24602	16540	16540	0
24603	16540	16540	0
24604	16540	16540	0
24605	16540	16540	0
24606	16540	16540	0
24607	16540	16541	6
24608	16541	16542	6
24609	16542	16543	6
24610	16543	16544	6
24611	16544	16545	6
24612	16545	16546	6
24613	16546	16547	6
24614	16547	16547	0
24615	16547	16549	6
24616	16549	16550	6
24617	16550	16551	6
24618	16551	16552	4
24619	16552	16553	2
24620	16553	16555	6
24621	16555	16556	6
24622	16556	16557	6
24623	16557	16558	6
24624	16558	16558	0
24625	16558	16560	6
24626	16560	16561	6
24627	16561	16561	0
24628	16561	16562	6
24629	16562	16562	0
24630	16562	16562	0
24631	16562	16563	2
24632	16563	16564	2
24633	16564	16564	0
24634	16564	16564	0
24635	16564	16564	0
24636	16564	16564	0
24637	16564	16564	0
24638	16564	16566	6
24639	16566	16568	6
24640	16568	16569	6
24641	16569	16570	6
24642	16570	16572	6
24643	16572	16574	6
24644	16574	16576	6
24645	16576	16577	6
24646	16577	16578	6
24647	16578	16579	6
24648	16579	16579	0
24649	16579	16579	0
24650	16579	16580	6
24651	16580	16581	6
24652	16581	16581	0
24653	16581	16582	6
24654	16582	16582	0
24655	16582	16582	0
24656	16582	16582	0
24657	16582	16583	4
24658	16583	16583	0
24659	16583	16583	0
24660	16583	16584	6
24661	16584	16584	0
24662	16584	16585	6
24663	16585	16586	6
24664	16586	16586	0
24665	16586	16587	6
24666	16587	16587	0
24667	16587	16588	6
24668	16588	16589	6
24669	16589	16589	0
24670	16589	16590	2
24671	16590	16591	6
24672	16591	16591	0
24673	16591	16591	0
24674	16591	16591	0
24675	16591	16592	4
24676	16592	16593	6
24677	16593	16594	6
24678	16594	16595	6
24679	16595	16596	6
24680	16596	16596	0
24681	16596	16597	6
24682	16597	16598	6
24683	16598	16599	6
24684	16599	16600	6
24685	16600	16601	6
24686	16601	16601	0
24687	16601	16603	6
24688	16603	16603	0
24689	16603	16603	0
24690	16603	16604	6
24691	16604	16604	0
24692	16604	16604	0
24693	16604	16605	2
24694	16605	16605	0
24695	16605	16606	2
24696	16606	16607	4
24697	16607	16607	6
24698	16607	16608	6
24699	16608	16609	2
24700	16609	16610	6
24701	16610	16612	6
24702	16612	16613	6
24703	16613	16614	6
24704	16614	16615	6
24705	16615	16616	2
24706	16616	16617	6
24707	16617	16618	6
24708	16618	16619	6
24709	16619	16620	6
24710	16620	16621	6
24711	16621	16622	6
24712	16622	16623	6
24713	16623	16624	6
24714	16624	16625	6
24715	16625	16626	6
24716	16626	16627	6
24717	16627	16628	6
24718	16628	16629	6
24719	16629	16630	6
24720	16630	16631	6
24721	16631	16632	6
24722	16632	16633	6
24723	16633	16634	6
24724	16634	16635	6
24725	16635	16636	6
24726	16636	16637	6
24727	16637	16638	6
24728	16638	16639	6
24729	16639	16640	6
24730	16640	16641	6
24731	16641	16642	6
24732	16642	16643	6
24733	16643	16644	6
24734	16644	16645	6
24735	16645	16646	6
24736	16646	16647	6
24737	16647	16648	6
24738	16648	16649	6
24739	16649	16650	6
24740	16650	16651	6
24741	16651	16652	6
24742	16652	16653	6
24743	16653	16654	6
24744	16654	16655	6
24745	16655	16656	6
24746	16656	16657	6
24747	16657	16658	6
24748	16658	16659	6
24749	16659	16659	0
24750	16659	16660	6
24751	16660	16661	6
24752	16661	16662	6
24753	16662	16663	6
24754	16663	16664	6
24755	16664	16665	6
24756	16665	16666	6
24757	16666	16667	6
24758	16667	16668	6
24759	16668	16669	6
24760	16669	16670	2
24761	16670	16671	2
24762	16671	16672	6
24763	16672	16673	6
24764	16673	16673	0
24765	16673	16674	2
24766	16674	16675	6
24767	16675	16676	6
24768	16676	16677	6
24769	16677	16678	6
24770	16678	16679	6
24771	16679	16680	6
24772	16680	16681	6
24773	16681	16682	6
24774	16682	16683	6
24775	16683	16684	6
24776	16684	16685	6
24777	16685	16686	6
24778	16686	16687	6
24779	16687	16687	0
24780	16687	16687	0
24781	16687	16688	2
24782	16688	16689	6
24783	16689	16690	6
24784	16690	16691	6
24785	16691	16692	6
24786	16692	16693	6
24787	16693	16693	2
24788	16693	16694	6
24789	16694	16695	6
24790	16695	16695	0
24791	16695	16696	2
24792	16696	16696	0
24793	16696	16697	2
24794	16697	16698	6
24795	16698	16699	6
24796	16699	16700	6
24797	16700	16701	6
24798	16701	16702	6
24799	16702	16703	6
24800	16703	16704	6
24801	16704	16705	6
24802	16705	16706	6
24803	16706	16707	6
24804	16707	16708	6
24805	16708	16709	6
24806	16709	16710	6
24807	16710	16711	6
24808	16711	16712	6
24809	16712	16713	6
24810	16713	16714	6
24811	16714	16715	6
24812	16715	16716	6
24813	16716	16717	6
24814	16717	16718	6
24815	16718	16719	6
24816	16719	16720	6
24817	16720	16721	6
24818	16721	16722	6
24819	16722	16723	6
24820	16723	16724	6
24821	16724	16725	6
24822	16725	16726	6
24823	16726	16727	6
24824	16727	16728	6
24825	16728	16729	6
24826	16729	16730	6
24827	16730	16731	6
24828	16731	16732	6
24829	16732	16733	6
24830	16733	16735	6
24831	16735	16736	6
24832	16736	16737	6
24833	16737	16738	6
24834	16738	16739	6
24835	16739	16740	6
24836	16740	16742	6
24837	16742	16742	0
24838	16742	16743	6
24839	16743	16744	6
24840	16744	16745	6
24841	16745	16746	6
24842	16746	16747	6
24843	16747	16748	6
24844	16748	16749	6
24845	16749	16750	6
24846	16750	16752	6
24847	16752	16752	0
24848	16752	16752	0
24849	16752	16753	6
24850	16753	16754	6
24851	16754	16754	0
24852	16754	16754	0
24853	16754	16754	0
24854	16754	16755	6
24855	16755	16756	6
24856	16756	16757	6
24857	16757	16759	6
24858	16759	16759	0
24859	16759	16759	0
24860	16759	16760	6
24861	16760	16761	6
24862	16761	16762	6
24863	16762	16763	6
24864	16763	16764	2
24865	16764	16765	6
24866	16765	16767	6
24867	16767	16769	6
24868	16769	16769	0
24869	16769	16769	2
24870	16769	16770	6
24871	16770	16771	6
24872	16771	16772	6
24873	16772	16773	6
24874	16773	16774	6
24875	16774	16774	0
24876	16774	16774	0
24877	16774	16774	0
24878	16774	16774	0
24879	16774	16774	0
24880	16774	16774	0
24881	16774	16774	0
24882	16774	16774	0
24883	16774	16774	0
24884	16774	16775	6
24885	16775	16776	6
24886	16776	16777	6
24887	16777	16778	6
24888	16778	16780	6
24889	16780	16781	2
24890	16781	16782	6
24891	16782	16783	6
24892	16783	16784	6
24893	16784	16784	0
24894	16784	16784	0
24895	16784	16785	6
24896	16785	16786	6
24897	16786	16787	6
24898	16787	16787	0
24899	16787	16787	0
24900	16787	16787	0
24901	16787	16788	6
24902	16788	16788	0
24903	16788	16789	6
24904	16789	16790	6
24905	16790	16791	6
24906	16791	16792	6
24907	16792	16793	6
24908	16793	16794	6
24909	16794	16795	6
24910	16795	16796	6
24911	16796	16797	6
24912	16797	16798	6
24913	16798	16799	6
24914	16799	16799	0
24915	16799	16801	6
24916	16801	16802	6
24917	16802	16803	6
24918	16803	16804	6
24919	16804	16805	6
24920	16805	16806	6
24921	16806	16806	0
24922	16806	16806	0
24923	16806	16806	0
24924	16806	16806	0
24925	16806	16806	0
24926	16806	16806	0
24927	16806	16806	0
24928	16806	16806	0
24929	16806	16806	0
24930	16806	16806	0
24931	16806	16807	6
24932	16807	16807	0
24933	16807	16807	0
24934	16807	16807	0
24935	16807	16807	0
24936	16807	16808	6
24937	16808	16809	2
24938	16809	16811	6
24939	16811	16812	6
24940	16812	16813	6
24941	16813	16813	0
24942	16813	16813	0
24943	16813	16813	0
24944	16813	16814	6
24945	16814	16814	0
24946	16814	16815	6
24947	16815	16816	6
24948	16816	16817	6
24949	16817	16817	0
24950	16817	16817	0
24951	16817	16817	0
24952	16817	16817	0
24953	16817	16818	6
24954	16818	16818	0
24955	16818	16818	0
24956	16818	16818	0
24957	16818	16819	2
24958	16819	16819	0
24959	16819	16820	6
24960	16820	16821	6
24961	16821	16822	2
24962	16822	16822	0
24963	16822	16822	0
24964	16822	16822	0
24965	16822	16822	0
24966	16822	16822	0
24967	16822	16822	0
24968	16822	16822	0
24969	16822	16822	0
24970	16822	16822	0
24971	16822	16822	0
24972	16822	16822	0
24973	16822	16822	0
24974	16822	16822	0
24975	16822	16822	0
24976	16822	16822	0
24977	16822	16822	0
24978	16822	16822	0
24979	16822	16823	6
24980	16823	16824	6
24981	16824	16824	0
24982	16824	16824	0
24983	16824	16824	0
24984	16824	16825	6
24985	16825	16826	6
24986	16826	16826	0
24987	16826	16826	0
24988	16826	16826	0
24989	16826	16826	0
24990	16826	16827	4
24991	16827	16828	2
24992	16828	16829	6
24993	16829	16829	0
24994	16829	16829	0
24995	16829	16829	0
24996	16829	16829	0
24997	16829	16829	0
24998	16829	16829	0
24999	16829	16829	0
25000	16829	16829	0
25001	16829	16829	0
25002	16829	16829	0
25003	16829	16829	0
25004	16829	16829	0
25005	16829	16829	0
25006	16829	16829	0
25007	16829	16829	0
25008	16829	16829	0
25009	16829	16830	6
25010	16830	16831	6
25011	16831	16832	6
25012	16832	16834	6
25013	16834	16834	0
25014	16834	16835	2
25015	16835	16836	6
25016	16836	16837	6
25017	16837	16837	0
25018	16837	16838	4
25019	16838	16838	0
25020	16838	16838	0
25021	16838	16838	0
25022	16838	16839	2
25023	16839	16840	4
25024	16840	16840	0
25025	16840	16840	0
25026	16840	16840	0
25027	16840	16840	0
25028	16840	16840	0
25029	16840	16840	0
25030	16840	16840	0
25031	16840	16840	0
25032	16840	16840	0
25033	16840	16840	0
25034	16840	16840	0
25035	16840	16840	0
25036	16840	16840	0
25037	16840	16840	0
25038	16840	16840	0
25039	16840	16842	6
25040	16842	16843	6
25041	16843	16843	0
25042	16843	16843	0
25043	16843	16845	6
25044	16845	16845	2
25045	16845	16847	6
25046	16847	16847	0
25047	16847	16848	6
25048	16848	16848	0
25049	16848	16848	0
25050	16848	16848	0
25051	16848	16849	2
25052	16849	16849	0
25053	16849	16849	0
25054	16849	16850	6
25055	16850	16851	2
25056	16851	16852	6
25057	16852	16853	4
25058	16853	16853	0
25059	16853	16853	0
25060	16853	16853	0
25061	16853	16853	0
25062	16853	16853	0
25063	16853	16853	0
25064	16853	16853	0
25065	16853	16853	0
25066	16853	16853	0
25067	16853	16853	0
25068	16853	16854	6
25069	16854	16855	6
25070	16855	16856	6
25071	16856	16857	6
25072	16857	16858	6
25073	16858	16859	6
25074	16859	16860	6
25075	16860	16861	6
25076	16861	16862	6
25077	16862	16863	6
25078	16863	16865	6
25079	16865	16869	6
25080	16869	16870	6
25081	16870	16872	6
25082	16872	16872	0
25083	16872	16872	0
25084	16872	16873	6
25085	16873	16875	6
25086	16875	16876	6
25087	16876	16877	6
25088	16877	16878	6
25089	16878	16879	6
25090	16879	16879	0
25091	16879	16879	0
25092	16879	16879	0
25093	16879	16879	0
25094	16879	16879	2
25095	16879	16879	0
25096	16879	16879	0
25097	16879	16879	0
25098	16879	16879	0
25099	16879	16879	0
25100	16879	16880	6
25101	16880	16881	6
25102	16881	16881	0
25103	16881	16881	0
25104	16881	16881	0
25105	16881	16881	0
25106	16881	16882	6
25107	16882	16882	0
25108	16882	16883	6
25109	16883	16884	6
25110	16884	16884	0
25111	16884	16885	6
25112	16885	16886	6
25113	16886	16886	0
25114	16886	16886	0
25115	16886	16886	0
25116	16886	16887	6
25117	16887	16888	6
25118	16888	16889	6
25119	16889	16890	6
25120	16890	16891	6
25121	16891	16892	6
25122	16892	16893	6
25123	16893	16894	6
25124	16894	16895	6
25125	16895	16897	6
25126	16897	16898	6
25127	16898	16899	6
25128	16899	16900	6
25129	16900	16901	6
25130	16901	16902	6
25131	16902	16903	6
25132	16903	16904	6
25133	16904	16905	6
25134	16905	16905	0
25135	16905	16905	0
25136	16905	16905	0
25137	16905	16905	0
25138	16905	16905	0
25139	16905	16906	6
25140	16906	16906	0
25141	16906	16906	4
25142	16906	16907	6
25143	16907	16907	0
25144	16907	16908	6
25145	16908	16909	6
25146	16909	16910	6
25147	16910	16911	6
25148	16911	16913	6
25149	16913	16915	6
25150	16915	16916	2
25151	16916	16916	0
25152	16916	16916	2
25153	16916	16916	0
25154	16916	16916	0
25155	16916	16916	0
25156	16916	16917	6
25157	16917	16918	6
25158	16918	16919	6
25159	16919	16920	6
25160	16920	16921	6
25161	16921	16922	6
25162	16922	16923	6
25163	16923	16924	6
25164	16924	16925	6
25165	16925	16926	6
25166	16926	16927	6
25167	16927	16928	6
25168	16928	16929	6
25169	16929	16930	6
25170	16930	16931	6
25171	16931	16932	6
25172	16932	16933	6
25173	16933	16934	6
25174	16934	16935	6
25175	16935	16936	6
25176	16936	16937	6
25177	16937	16938	6
25178	16938	16939	6
25179	16939	16940	6
25180	16940	16941	6
25181	16941	16942	6
25182	16942	16943	6
25183	16943	16944	6
25184	16944	16945	6
25185	16945	16946	6
25186	16946	16947	6
25187	16947	16948	6
25188	16948	16949	6
25189	16949	16950	6
25190	16950	16951	6
25191	16951	16952	6
25192	16952	16953	6
25193	16953	16954	6
25194	16954	16955	6
25195	16955	16956	6
25196	16956	16957	6
25197	16957	16958	6
25198	16958	16959	6
25199	16959	16960	6
25200	16960	16961	6
25201	16961	16962	6
25202	16962	16963	6
25203	16963	16964	6
25204	16964	16965	6
25205	16965	16966	6
25206	16966	16967	6
25207	16967	16968	6
25208	16968	16969	6
25209	16969	16970	6
25210	16970	16971	6
25211	16971	16972	6
25212	16972	16973	6
25213	16973	16974	6
25214	16974	16975	6
25215	16975	16976	6
25216	16976	16977	6
25217	16977	16978	6
25218	16978	16979	6
25219	16979	16980	6
25220	16980	16981	6
25221	16981	16982	2
25222	16982	16983	6
25223	16983	16984	6
25224	16984	16985	6
25225	16985	16986	6
25226	16986	16986	0
25227	16986	16986	0
25228	16986	16987	2
25229	16987	16988	6
25230	16988	16989	6
25231	16989	16990	6
25232	16990	16991	6
25233	16991	16992	6
25234	16992	16993	6
25235	16993	16994	6
25236	16994	16995	6
25237	16995	16996	6
25238	16996	16997	6
25239	16997	16998	6
25240	16998	16999	6
25241	16999	17000	6
25242	17000	17001	6
25243	17001	17002	6
25244	17002	17003	6
25245	17003	17004	6
25246	17004	17005	6
25247	17005	17006	6
25248	17006	17007	6
25249	17007	17008	6
25250	17008	17009	6
25251	17009	17010	6
25252	17010	17011	6
25253	17011	17012	6
25254	17012	17013	6
25255	17013	17013	0
25256	17013	17014	6
25257	17014	17014	0
25258	17014	17015	6
25259	17015	17016	6
25260	17016	17017	6
25261	17017	17018	6
25262	17018	17019	6
25263	17019	17020	6
25264	17020	17021	6
25265	17021	17022	6
25266	17022	17023	6
25267	17023	17024	6
25268	17024	17025	6
25269	17025	17026	6
25270	17026	17027	6
25271	17027	17028	2
25272	17028	17029	6
25273	17029	17029	0
25274	17029	17030	2
25275	17030	17030	0
25276	17030	17030	0
25277	17030	17030	0
25278	17030	17030	0
25279	17030	17031	6
25280	17031	17032	2
25281	17032	17032	0
25282	17032	17032	0
25283	17032	17032	0
25284	17032	17032	0
25285	17032	17033	6
25286	17033	17034	6
25287	17034	17035	6
25288	17035	17036	6
25289	17036	17037	2
25290	17037	17038	6
25291	17038	17039	6
25292	17039	17041	6
25293	17041	17043	6
25294	17043	17044	6
25295	17044	17046	6
25296	17046	17047	6
25297	17047	17048	6
25298	17048	17049	6
25299	17049	17050	6
25300	17050	17051	2
25301	17051	17052	6
25302	17052	17053	6
25303	17053	17054	6
25304	17054	17055	2
25305	17055	17056	6
25306	17056	17057	6
25307	17057	17058	6
25308	17058	17059	6
25309	17059	17060	6
25310	17060	17061	6
25311	17061	17062	6
25312	17062	17063	6
25313	17063	17064	6
25314	17064	17065	6
25315	17065	17065	0
25316	17065	17065	0
25317	17065	17065	0
25318	17065	17065	0
25319	17065	17065	0
25320	17065	17065	0
25321	17065	17065	0
25322	17065	17065	0
25323	17065	17065	0
25324	17065	17065	0
25325	17065	17065	0
25326	17065	17065	0
25327	17065	17065	0
25328	17065	17065	0
25329	17065	17065	0
25330	17065	17065	0
25331	17065	17065	0
25332	17065	17065	0
25333	17065	17065	0
25334	17065	17065	0
25335	17065	17065	0
25336	17065	17065	0
25337	17065	17065	0
25338	17065	17065	0
25339	17065	17065	0
25340	17065	17065	0
25341	17065	17065	0
25342	17065	17065	0
25343	17065	17065	0
25344	17065	17065	0
25345	17065	17065	0
25346	17065	17065	0
25347	17065	17065	0
25348	17065	17065	0
25349	17065	17065	0
25350	17065	17065	0
25351	17065	17065	0
25352	17065	17065	0
25353	17065	17065	0
25354	17065	17065	0
25355	17065	17065	0
25356	17065	17065	0
25357	17065	17065	0
25358	17065	17065	0
25359	17065	17065	0
25360	17065	17065	0
25361	17065	17065	0
25362	17065	17065	0
25363	17065	17065	0
25364	17065	17065	0
25365	17065	17065	0
25366	17065	17065	0
25367	17065	17065	0
25368	17065	17066	6
25369	17066	17067	6
25370	17067	17068	6
25371	17068	17070	6
25372	17070	17071	6
25373	17071	17073	6
25374	17073	17074	6
25375	17074	17076	6
25376	17076	17077	6
25377	17077	17079	6
25378	17079	17080	6
25379	17080	17081	6
25380	17081	17082	6
25381	17082	17083	6
25382	17083	17084	6
25383	17084	17085	6
25384	17085	17086	6
25385	17086	17088	2
25386	17088	17089	6
25387	17089	17090	6
25388	17090	17091	6
25389	17091	17092	6
25390	17092	17092	0
25391	17092	17093	6
25392	17093	17095	6
25393	17095	17096	6
25394	17096	17097	6
25395	17097	17103	6
25396	17103	17106	6
25397	17106	17107	6
25398	17107	17107	0
25399	17107	17109	6
25400	17109	17111	6
25401	17111	17113	6
25402	17113	17115	6
25403	17115	17116	6
25404	17116	17119	6
25405	17119	17120	2
25406	17120	17122	6
25407	17122	17123	6
25408	17123	17126	6
25409	17126	17126	0
25410	17126	17128	6
25411	17128	17129	6
25412	17129	17131	6
25413	17131	17132	6
25414	17132	17134	6
25415	17134	17135	6
25416	17135	17136	6
25417	17136	17137	6
25418	17137	17138	6
25419	17138	17139	6
25420	17139	17140	6
25421	17140	17141	6
25422	17141	17142	6
25423	17142	17143	6
25424	17143	17144	6
25425	17144	17145	6
25426	17145	17147	6
25427	17147	17148	6
25428	17148	17149	6
25429	17149	17149	0
25430	17149	17150	6
25431	17150	17151	6
25432	17151	17153	6
25433	17153	17155	6
25434	17155	17156	6
25435	17156	17157	6
25436	17157	17157	0
25437	17157	17157	0
25438	17157	17159	2
25439	17159	17159	0
25440	17159	17159	0
25441	17159	17159	0
25442	17159	17160	6
25443	17160	17161	6
25444	17161	17162	6
25445	17162	17163	6
25446	17163	17163	0
25447	17163	17163	0
25448	17163	17166	6
25449	17166	17168	6
25450	17168	17169	6
25451	17169	17169	0
25452	17169	17171	6
25453	17171	17171	0
25454	17171	17171	0
25455	17171	17171	2
25456	17171	17173	6
25457	17173	17175	6
25458	17175	17178	6
25459	17178	17180	6
25460	17180	17181	6
25461	17181	17182	6
25462	17182	17184	6
25463	17184	17185	6
25464	17185	17187	6
25465	17187	17189	6
25466	17189	17191	6
25467	17191	17192	6
25468	17192	17193	6
25469	17193	17194	6
25470	17194	17196	6
25471	17196	17200	6
25472	17200	17201	6
25473	17201	17204	2
25474	17204	17204	0
25475	17204	17204	0
25476	17204	17204	0
25477	17204	17204	0
25478	17204	17204	0
25479	17204	17204	0
25480	17204	17205	6
25481	17205	17206	2
25482	17206	17206	4
25483	17206	17206	0
25484	17206	17207	6
25485	17207	17207	0
25486	17207	17208	6
25487	17208	17209	6
25488	17209	17210	6
25489	17210	17211	6
25490	17211	17212	6
25491	17212	17214	6
25492	17214	17215	6
25493	17215	17217	6
25494	17217	17218	6
25495	17218	17219	6
25496	17219	17220	6
25497	17220	17225	6
25498	17225	17225	2
25499	17225	17229	6
25500	17229	17229	6
25501	17229	17229	0
25502	17229	17229	0
25503	17229	17230	2
25504	17230	17231	4
25505	17231	17234	6
25506	17234	17235	6
25507	17235	17237	6
25508	17237	17238	2
25509	17238	17239	6
25510	17239	17240	6
25511	17240	17241	6
25512	17241	17245	6
25513	17245	17248	6
25514	17248	17251	6
25515	17251	17252	6
25516	17252	17254	6
25517	17254	17255	6
25518	17255	17256	6
25519	17256	17257	6
25520	17257	17257	0
25521	17257	17257	0
25522	17257	17257	0
25523	17257	17257	0
25524	17257	17260	6
25525	17260	17260	0
25526	17260	17260	0
25527	17260	17264	6
25528	17264	17266	6
25529	17266	17271	6
25530	17271	17271	0
25531	17271	17271	0
25532	17271	17271	0
25533	17271	17271	0
25534	17271	17271	0
25535	17271	17271	2
25536	17271	17272	2
25537	17272	17272	2
25538	17272	17275	6
25539	17275	17277	6
25540	17277	17278	6
25541	17278	17280	6
25542	17280	17280	0
25543	17280	17280	0
25544	17280	17280	0
25545	17280	17288	6
25546	17288	17289	6
25547	17289	17291	6
25548	17291	17292	6
25549	17292	17293	6
25550	17293	17295	6
25551	17295	17296	6
25552	17296	17298	6
25553	17298	17299	6
25554	17299	17300	6
25555	17300	17301	6
25556	17301	17302	6
25557	17302	17303	6
25558	17303	17303	0
25559	17303	17304	6
25560	17304	17305	6
25561	17305	17306	6
25562	17306	17307	6
25563	17307	17308	6
25564	17308	17309	6
25565	17309	17310	6
25566	17310	17311	6
25567	17311	17312	6
25568	17312	17313	6
25569	17313	17314	6
25570	17314	17315	6
25571	17315	17316	6
25572	17316	17317	6
25573	17317	17318	6
25574	17318	17319	6
25575	17319	17320	6
25576	17320	17321	6
25577	17321	17322	6
25578	17322	17323	6
25579	17323	17324	6
25580	17324	17325	6
25581	17325	17326	6
25582	17326	17328	6
25583	17328	17330	6
25584	17330	17330	0
25585	17330	17332	6
25586	17332	17332	0
25587	17332	17333	6
25588	17333	17334	6
25589	17334	17335	2
25590	17335	17336	6
25591	17336	17337	6
25592	17337	17338	6
25593	17338	17339	6
25594	17339	17340	6
25595	17340	17341	6
25596	17341	17342	6
25597	17342	17343	6
25598	17343	17344	6
25599	17344	17345	6
25600	17345	17346	6
25601	17346	17347	6
25602	17347	17348	6
25603	17348	17349	6
25604	17349	17350	6
25605	17350	17351	6
25606	17351	17352	6
25607	17352	17353	6
25608	17353	17355	6
25609	17355	17356	6
25610	17356	17357	6
25611	17357	17357	0
25612	17357	17358	6
25613	17358	17361	6
25614	17361	17364	6
25615	17364	17365	6
25616	17365	17365	0
25617	17365	17365	6
25618	17365	17365	0
25619	17365	17373	6
25620	17373	17381	6
25621	17381	17385	6
25622	17385	17389	6
25623	17389	17389	0
25624	17389	17389	0
25625	17389	17389	0
25626	17389	17389	0
25627	17389	17389	0
25628	17389	17389	6
25629	17389	17389	6
25630	17389	17391	6
25631	17391	17391	4
25632	17391	17394	6
25633	17394	17397	6
25634	17397	17397	6
25635	17397	17397	6
25636	17397	17398	6
25637	17398	17399	6
25638	17399	17399	6
25639	17399	17401	6
25640	17401	17410	6
25641	17410	17413	6
25642	17413	17416	6
25643	17416	17417	6
25644	17417	17418	6
25645	17418	17421	6
25646	17421	17422	6
25647	17422	17423	6
25648	17423	17427	6
25649	17427	17428	6
25650	17428	17429	6
25651	17429	17432	6
25652	17432	17433	6
25653	17433	17434	6
25654	17434	17435	6
25655	17435	17436	6
25656	17436	17437	6
25657	17437	17438	6
25658	17438	17439	6
25659	17439	17440	6
25660	17440	17441	6
25661	17441	17444	6
25662	17444	17448	6
25663	17448	17456	6
25664	17456	17460	6
25665	17460	17460	0
25666	17460	17461	6
25667	17461	17462	6
25668	17462	17463	6
25669	17463	17464	6
25670	17464	17465	6
25671	17465	17466	6
25672	17466	17467	6
25673	17467	17468	6
25674	17468	17469	6
25675	17469	17470	6
25676	17470	17471	6
25677	17471	17472	6
25678	17472	17473	6
25679	17473	17474	6
25680	17474	17475	6
25681	17475	17476	6
25682	17476	17477	6
25683	17477	17478	6
25684	17478	17479	6
25685	17479	17480	6
25686	17480	17480	0
25687	17480	17480	0
25688	17480	17480	0
25689	17480	17480	0
25690	17480	17480	0
25691	17480	17480	0
25692	17480	17480	0
25693	17480	17480	0
25694	17480	17480	0
25695	17480	17480	0
25696	17480	17480	0
25697	17480	17480	0
25698	17480	17480	0
25699	17480	17480	0
25700	17480	17480	0
25701	17480	17480	0
25702	17480	17480	0
25703	17480	17480	0
25704	17480	17480	0
25705	17480	17480	0
25706	17480	17480	0
25707	17480	17480	0
25708	17480	17480	0
25709	17480	17480	0
25710	17480	17480	0
25711	17480	17485	6
25712	17485	17485	0
25713	17485	17485	6
25714	17485	17486	6
25715	17486	17489	6
25716	17489	17495	6
25717	17495	17495	0
25718	17495	17495	0
25719	17495	17495	0
25720	17495	17495	0
25721	17495	17495	0
25722	17495	17495	0
25723	17495	17495	0
25724	17495	17495	0
25725	17495	17495	4
25726	17495	17495	0
25727	17495	17495	0
25728	17495	17495	0
25729	17495	17496	4
25730	17496	17496	0
25731	17496	17496	0
25732	17496	17496	0
25733	17496	17496	0
25734	17496	17496	6
25735	17496	17496	6
25736	17496	17496	0
25737	17496	17496	0
25738	17496	17496	0
25739	17496	17496	0
25740	17496	17496	0
25741	17496	17496	0
25742	17496	17496	0
25743	17496	17496	0
25744	17496	17496	0
25745	17496	17496	0
25746	17496	17496	0
25747	17496	17496	0
25748	17496	17496	0
25749	17496	17496	0
25750	17496	17496	0
25751	17496	17496	0
25752	17496	17496	0
25753	17496	17496	0
25754	17496	17496	0
25755	17496	17496	0
25756	17496	17496	0
25757	17496	17499	6
25758	17499	17504	6
25759	17504	17506	6
25760	17506	17511	6
25761	17511	17515	6
25762	17515	17515	0
25763	17515	17517	6
25764	17517	17517	0
25765	17517	17517	6
25766	17517	17522	6
25767	17522	17525	6
25768	17525	17526	6
25769	17526	17526	6
25770	17526	17526	6
25771	17526	17528	6
25772	17528	17530	6
25773	17530	17531	6
25774	17531	17531	6
25775	17531	17532	6
25776	17532	17532	0
25777	17532	17532	0
25778	17532	17534	6
25779	17534	17534	6
25780	17534	17534	0
25781	17534	17534	6
25782	17534	17536	6
25783	17536	17539	6
25784	17539	17543	6
25785	17543	17543	0
25786	17543	17548	6
25787	17548	17548	0
25788	17548	17549	6
25789	17549	17550	6
25790	17550	17550	0
25791	17550	17550	0
25792	17550	17550	0
25793	17550	17550	6
25794	17550	17552	6
25795	17552	17552	0
25796	17552	17552	6
25797	17552	17553	6
25798	17553	17555	6
25799	17555	17557	6
25800	17557	17558	6
25801	17558	17560	6
25802	17560	17561	6
25803	17561	17561	0
25804	17561	17563	6
25805	17563	17563	0
25806	17563	17572	6
25807	17572	17574	6
25808	17574	17578	6
25809	17578	17580	6
25810	17580	17580	2
25811	17580	17581	6
25812	17581	17582	6
25813	17582	17583	6
25814	17583	17587	6
25815	17587	17589	6
25816	17589	17590	6
25817	17590	17591	6
25818	17591	17595	6
25819	17595	17600	6
25820	17600	17600	0
25821	17600	17600	6
25822	17600	17600	0
25823	17600	17600	0
25824	17600	17600	0
25825	17600	17602	6
25826	17602	17604	6
25827	17604	17606	6
25828	17606	17607	6
25829	17607	17610	6
25830	17610	17612	6
25831	17612	17613	6
25832	17613	17613	0
25833	17613	17613	0
25834	17613	17614	6
25835	17614	17614	0
25836	17614	17615	2
25837	17615	17615	0
25838	17615	17616	2
25839	17616	17618	6
25840	17618	17618	2
25841	17618	17618	0
25842	17618	17618	2
25843	17618	17618	2
25844	17618	17618	0
25845	17618	17618	6
25846	17618	17618	0
25847	17618	17618	2
25848	17618	17620	6
25849	17620	17620	6
25850	17620	17620	6
25851	17620	17625	6
25852	17625	17625	0
25853	17625	17633	6
25854	17633	17635	6
25855	17635	17635	0
25856	17635	17635	4
25857	17635	17635	0
25858	17635	17635	0
25859	17635	17635	0
25860	17635	17635	0
25861	17635	17635	0
25862	17635	17636	6
25863	17636	17637	6
25864	17637	17638	6
25865	17638	17639	6
25866	17639	17640	6
25867	17640	17641	6
25868	17641	17642	6
25869	17642	17643	6
25870	17643	17644	6
25871	17644	17645	6
25872	17645	17646	6
25873	17646	17646	0
25874	17646	17646	0
25875	17646	17646	0
25876	17646	17646	0
25877	17646	17646	0
25878	17646	17646	0
25879	17646	17647	6
25880	17647	17647	0
25881	17647	17648	4
25882	17648	17649	6
25883	17649	17650	2
25884	17650	17650	0
25885	17650	17651	6
25886	17651	17652	6
25887	17652	17653	6
25888	17653	17654	6
25889	17654	17655	6
25890	17655	17656	6
25891	17656	17657	6
25892	17657	17658	6
25893	17658	17659	6
25894	17659	17660	6
25895	17660	17661	6
25896	17661	17662	6
25897	17662	17662	0
25898	17662	17663	6
25899	17663	17664	6
25900	17664	17665	6
25901	17665	17665	0
25902	17665	17665	0
25903	17665	17665	0
25904	17665	17665	0
25905	17665	17665	0
25906	17665	17665	0
25907	17665	17665	0
25908	17665	17666	6
25909	17666	17667	2
25910	17667	17667	0
25911	17667	17667	0
25912	17667	17667	0
25913	17667	17668	4
25914	17668	17668	0
25915	17668	17668	0
25916	17668	17669	2
25917	17669	17669	0
25918	17669	17669	0
25919	17669	17670	6
25920	17670	17670	0
25921	17670	17670	0
25922	17670	17671	2
25923	17671	17671	0
25924	17671	17671	0
25925	17671	17672	6
25926	17672	17673	6
25927	17673	17674	6
25928	17674	17675	6
25929	17675	17676	6
25930	17676	17677	6
25931	17677	17677	0
25932	17677	17677	0
25933	17677	17678	6
25934	17678	17678	0
25935	17678	17678	0
25936	17678	17679	6
25937	17679	17679	0
25938	17679	17679	0
25939	17679	17679	0
25940	17679	17680	4
25941	17680	17680	0
25942	17680	17680	0
25943	17680	17681	6
25944	17681	17681	0
25945	17681	17681	0
25946	17681	17683	6
25947	17683	17685	6
25948	17685	17685	0
25949	17685	17685	0
25950	17685	17686	6
25951	17686	17687	6
25952	17687	17687	0
25953	17687	17687	0
25954	17687	17687	0
25955	17687	17687	0
25956	17687	17687	0
25957	17687	17687	0
25958	17687	17687	0
25959	17687	17688	2
25960	17688	17689	2
25961	17689	17689	0
25962	17689	17689	0
25963	17689	17689	0
25964	17689	17690	6
25965	17690	17690	0
25966	17690	17690	0
25967	17690	17692	6
25968	17692	17694	6
25969	17694	17696	6
25970	17696	17697	6
25971	17697	17698	6
25972	17698	17699	6
25973	17699	17700	4
25974	17700	17701	6
25975	17701	17702	6
25976	17702	17702	0
25977	17702	17702	0
25978	17702	17702	0
25979	17702	17702	0
25980	17702	17702	0
25981	17702	17702	0
25982	17702	17702	0
25983	17702	17702	0
25984	17702	17702	0
25985	17702	17702	0
25986	17702	17702	0
25987	17702	17702	0
25988	17702	17702	0
25989	17702	17702	0
25990	17702	17702	0
25991	17702	17702	0
25992	17702	17702	0
25993	17702	17702	0
25994	17702	17702	0
25995	17702	17702	0
25996	17702	17702	0
25997	17702	17702	0
25998	17702	17702	0
25999	17702	17702	0
26000	17702	17702	0
26001	17702	17702	0
26002	17702	17702	0
26003	17702	17703	6
26004	17703	17703	0
26005	17703	17704	2
26006	17704	17705	6
26007	17705	17705	0
26008	17705	17705	0
26009	17705	17705	0
26010	17705	17705	0
26011	17705	17705	0
26012	17705	17705	0
26013	17705	17705	0
26014	17705	17705	0
26015	17705	17705	0
26016	17705	17705	0
26017	17705	17705	0
26018	17705	17705	0
26019	17705	17706	6
26020	17706	17706	0
26021	17706	17706	0
26022	17706	17706	0
26023	17706	17707	6
26024	17707	17708	6
26025	17708	17709	6
26026	17709	17710	6
26027	17710	17711	6
26028	17711	17712	6
26029	17712	17713	6
26030	17713	17713	0
26031	17713	17713	0
26032	17713	17714	6
26033	17714	17715	6
26034	17715	17716	2
26035	17716	17717	6
26036	17717	17718	6
26037	17718	17718	0
26038	17718	17718	0
26039	17718	17718	0
26040	17718	17719	2
26041	17719	17720	6
26042	17720	17721	2
26043	17721	17721	0
26044	17721	17721	0
26045	17721	17721	0
26046	17721	17721	0
26047	17721	17722	6
26048	17722	17723	6
26049	17723	17724	6
26050	17724	17725	6
26051	17725	17726	6
26052	17726	17727	6
26053	17727	17728	6
26054	17728	17729	6
26055	17729	17730	6
26056	17730	17731	6
26057	17731	17732	6
26058	17732	17733	6
26059	17733	17734	6
26060	17734	17734	0
26061	17734	17735	6
26062	17735	17736	6
26063	17736	17737	6
26064	17737	17738	6
26065	17738	17739	2
26066	17739	17740	6
26067	17740	17742	6
26068	17742	17743	6
26069	17743	17744	6
26070	17744	17746	6
26071	17746	17747	6
26072	17747	17748	2
26073	17748	17749	4
26074	17749	17751	2
26075	17751	17751	0
26076	17751	17752	2
26077	17752	17752	0
26078	17752	17753	6
26079	17753	17753	0
26080	17753	17753	0
26081	17753	17753	0
26082	17753	17753	0
26083	17753	17753	0
26084	17753	17753	0
26085	17753	17753	0
26086	17753	17753	0
26087	17753	17754	2
26088	17754	17754	0
26089	17754	17754	0
26090	17754	17755	6
26091	17755	17755	0
26092	17755	17756	6
26093	17756	17757	6
26094	17757	17757	0
26095	17757	17758	2
26096	17758	17758	0
26097	17758	17758	0
26098	17758	17758	0
26099	17758	17758	0
26100	17758	17758	0
26101	17758	17758	0
26102	17758	17758	0
26103	17758	17758	0
26104	17758	17758	0
26105	17758	17759	6
26106	17759	17759	0
26107	17759	17760	6
26108	17760	17760	0
26109	17760	17760	0
26110	17760	17760	0
26111	17760	17760	0
26112	17760	17760	0
26113	17760	17760	0
26114	17760	17760	0
26115	17760	17761	6
26116	17761	17762	6
26117	17762	17762	0
26118	17762	17762	6
26119	17762	17762	0
26120	17762	17763	6
26121	17763	17764	6
26122	17764	17765	6
26123	17765	17766	6
26124	17766	17766	0
26125	17766	17766	0
26126	17766	17767	6
26127	17767	17768	6
26128	17768	17769	6
26129	17769	17770	6
26130	17770	17772	6
26131	17772	17772	0
26132	17772	17772	0
26133	17772	17775	6
26134	17775	17778	6
26135	17778	17778	0
26136	17778	17778	0
26137	17778	17778	0
26138	17778	17778	0
26139	17778	17778	0
26140	17778	17778	0
26141	17778	17778	0
26142	17778	17781	6
26143	17781	17784	6
26144	17784	17784	0
26145	17784	17784	0
26146	17784	17784	0
26147	17784	17784	0
26148	17784	17784	0
26149	17784	17784	0
26150	17784	17784	0
26151	17784	17784	0
26152	17784	17784	0
26153	17784	17784	0
26154	17784	17784	0
26155	17784	17784	0
26156	17784	17784	0
26157	17784	17784	0
26158	17784	17784	0
26159	17784	17784	0
26160	17784	17784	0
26161	17784	17784	0
26162	17784	17784	0
26163	17784	17784	0
26164	17784	17784	0
26165	17784	17784	0
26166	17784	17784	0
26167	17784	17784	0
26168	17784	17785	6
26169	17785	17786	4
26170	17786	17786	0
26171	17786	17786	0
26172	17786	17786	0
26173	17786	17786	0
26174	17786	17786	0
26175	17786	17786	0
26176	17786	17787	6
26177	17787	17788	6
26178	17788	17788	4
26179	17788	17788	0
26180	17788	17791	6
26181	17791	17791	0
26182	17791	17791	0
26183	17791	17791	0
26184	17791	17791	0
26185	17791	17791	0
26186	17791	17791	0
26187	17791	17791	0
26188	17791	17791	6
26189	17791	17791	0
26190	17791	17792	6
26191	17792	17793	6
26192	17793	17794	6
26193	17794	17795	6
26194	17795	17795	6
26195	17795	17795	0
26196	17795	17795	0
26197	17795	17797	6
26198	17797	17797	4
26199	17797	17798	6
26200	17798	17798	4
26201	17798	17800	6
26202	17800	17800	6
26203	17800	17800	0
26204	17800	17800	6
26205	17800	17800	4
26206	17800	17800	0
26207	17800	17800	0
26208	17800	17800	0
26209	17800	17800	0
26210	17800	17800	0
26211	17800	17800	0
26212	17800	17800	0
26213	17800	17800	0
26214	17800	17801	6
26215	17801	17802	6
26216	17802	17803	6
26217	17803	17803	4
26218	17803	17803	0
26219	17803	17803	0
26220	17803	17803	0
26221	17803	17803	0
26222	17803	17803	0
26223	17803	17803	0
26224	17803	17805	6
26225	17805	17805	0
26226	17805	17806	6
26227	17806	17806	0
26228	17806	17806	2
26229	17806	17806	4
26230	17806	17806	0
26231	17806	17806	6
26232	17806	17806	6
26233	17806	17806	0
26234	17806	17806	0
26235	17806	17806	0
26236	17806	17806	0
26237	17806	17806	0
26238	17806	17806	0
26239	17806	17806	0
26240	17806	17806	0
26241	17806	17806	0
26242	17806	17806	0
26243	17806	17806	0
26244	17806	17806	0
26245	17806	17806	0
26246	17806	17806	0
26247	17806	17806	0
26248	17806	17806	0
26249	17806	17806	0
26250	17806	17806	0
26251	17806	17806	0
26252	17806	17806	0
26253	17806	17806	0
26254	17806	17806	0
26255	17806	17806	0
26256	17806	17806	0
26257	17806	17806	0
26258	17806	17806	0
26259	17806	17806	0
26260	17806	17806	0
26261	17806	17806	0
26262	17806	17806	0
26263	17806	17806	0
26264	17806	17806	0
26265	17806	17808	6
26266	17808	17810	2
26267	17810	17812	6
26268	17812	17816	2
26269	17816	17816	0
26270	17816	17816	0
26271	17816	17816	0
26272	17816	17816	0
26273	17816	17816	0
26274	17816	17816	0
26275	17816	17816	0
26276	17816	17816	0
26277	17816	17820	2
26278	17820	17820	0
26279	17820	17822	2
26280	17822	17824	6
26281	17824	17824	0
26282	17824	17824	0
26283	17824	17825	6
26284	17825	17825	0
26285	17825	17826	6
26286	17826	17827	6
26287	17827	17828	6
26288	17828	17829	6
26289	17829	17830	6
26290	17830	17831	6
26291	17831	17832	6
26292	17832	17833	2
26293	17833	17833	0
26294	17833	17834	6
26295	17834	17835	6
26296	17835	17837	6
26297	17837	17839	6
26298	17839	17839	0
26299	17839	17841	6
26300	17841	17843	6
26301	17843	17845	6
26302	17845	17847	6
26303	17847	17848	6
26304	17848	17849	6
26305	17849	17850	6
26306	17850	17851	6
26307	17851	17852	6
26308	17852	17853	6
26309	17853	17853	0
26310	17853	17854	6
26311	17854	17855	6
26312	17855	17855	0
26313	17855	17855	0
26314	17855	17855	0
26315	17855	17855	0
26316	17855	17855	0
26317	17855	17855	0
26318	17855	17855	0
26319	17855	17855	0
26320	17855	17855	0
26321	17855	17855	0
26322	17855	17855	0
26323	17855	17856	6
26324	17856	17856	0
26325	17856	17856	0
26326	17856	17856	6
26327	17856	17856	0
26328	17856	17856	0
26329	17856	17858	6
26330	17858	17860	6
26331	17860	17860	0
26332	17860	17860	0
26333	17860	17860	0
26334	17860	17860	0
26335	17860	17860	0
26336	17860	17860	0
26337	17860	17860	0
26338	17860	17860	0
26339	17860	17860	6
26340	17860	17860	0
26341	17860	17860	0
26342	17860	17860	0
26343	17860	17860	0
26344	17860	17860	0
26345	17860	17860	0
26346	17860	17860	0
26347	17860	17860	0
26348	17860	17860	0
26349	17860	17860	0
26350	17860	17860	0
26351	17860	17860	0
26352	17860	17860	0
26353	17860	17860	0
26354	17860	17860	4
26355	17860	17860	0
26356	17860	17860	0
26357	17860	17860	0
26358	17860	17860	0
26359	17860	17860	0
26360	17860	17860	0
26361	17860	17860	0
26362	17860	17860	0
26363	17860	17860	0
26364	17860	17860	0
26365	17860	17860	0
26366	17860	17860	0
26367	17860	17860	0
26368	17860	17860	0
26369	17860	17861	6
26370	17861	17861	6
26371	17861	17861	0
26372	17861	17861	0
26373	17861	17861	0
26374	17861	17861	0
26375	17861	17861	0
26376	17861	17861	0
26377	17861	17861	0
26378	17861	17861	0
26379	17861	17861	0
26380	17861	17861	0
26381	17861	17861	0
26382	17861	17861	0
26383	17861	17861	0
26384	17861	17861	0
26385	17861	17861	0
26386	17861	17861	6
26387	17861	17863	6
26388	17863	17863	4
26389	17863	17863	0
26390	17863	17863	0
26391	17863	17867	6
26392	17867	17869	6
26393	17869	17869	0
26394	17869	17878	6
26395	17878	17880	6
26396	17880	17883	6
26397	17883	17883	0
26398	17883	17883	6
26399	17883	17885	6
26400	17885	17885	2
26401	17885	17885	0
26402	17885	17885	0
26403	17885	17885	0
26404	17885	17885	0
26405	17885	17885	0
26406	17885	17885	0
26407	17885	17889	6
26408	17889	17889	6
26409	17889	17889	2
26410	17889	17894	6
26411	17894	17896	6
26412	17896	17899	6
26413	17899	17902	6
26414	17902	17905	6
26415	17905	17907	6
26416	17907	17911	6
26417	17911	17913	6
26418	17913	17916	6
26419	17916	17918	6
26420	17918	17920	6
26421	17920	17921	6
26422	17921	17923	6
26423	17923	17924	6
26424	17924	17930	6
26425	17930	17932	6
26426	17932	17936	6
26427	17936	17940	6
26428	17940	17940	0
26429	17940	17940	0
26430	17940	17940	0
26431	17940	17940	0
26432	17940	17940	0
26433	17940	17940	0
26434	17940	17940	0
26435	17940	17940	0
26436	17940	17940	0
26437	17940	17941	4
26438	17941	17941	0
26439	17941	17941	6
26440	17941	17960	6
26441	17960	17960	0
26442	17960	17960	0
26443	17960	17979	6
26444	17979	18003	6
26445	18003	18003	0
26446	18003	18003	0
26447	18003	18003	0
26448	18003	18003	0
26449	18003	18023	6
26450	18023	18028	6
26451	18028	18028	0
26452	18028	18028	0
26453	18028	18028	0
26454	18028	18028	0
26455	18028	18036	6
26456	18036	18056	6
26457	18056	18070	6
26458	18070	18070	6
26459	18070	18070	0
26460	18070	18070	0
26461	18070	18070	6
26462	18070	18070	0
26463	18070	18070	0
26464	18070	18070	0
26465	18070	18070	0
26466	18070	18070	0
26467	18070	18070	0
26468	18070	18070	0
26469	18070	18070	0
26470	18070	18070	0
26471	18070	18070	0
26472	18070	18070	0
26473	18070	18070	0
26474	18070	18070	0
26475	18070	18070	0
26476	18070	18070	0
26477	18070	18070	0
26478	18070	18070	0
26479	18070	18070	0
26480	18070	18070	0
26481	18070	18070	0
26482	18070	18070	0
26483	18070	18070	0
26484	18070	18070	0
26485	18070	18070	0
26486	18070	18070	0
26487	18070	18070	0
26488	18070	18070	0
26489	18070	18070	0
26490	18070	18070	0
26491	18070	18070	0
26492	18070	18070	0
26493	18070	18070	0
26494	18070	18070	0
26495	18070	18070	0
26496	18070	18070	0
26497	18070	18070	0
26498	18070	18070	0
26499	18070	18070	0
26500	18070	18070	0
26501	18070	18070	0
26502	18070	18070	0
26503	18070	18070	0
26504	18070	18070	0
26505	18070	18070	0
26506	18070	18070	0
26507	18070	18070	0
26508	18070	18070	0
26509	18070	18070	0
26510	18070	18070	0
26511	18070	18070	0
26512	18070	18070	0
26513	18070	18070	0
26514	18070	18070	0
26515	18070	18070	0
26516	18070	18070	0
26517	18070	18070	0
26518	18070	18070	0
26519	18070	18070	0
26520	18070	18070	0
26521	18070	18070	0
26522	18070	18070	0
26523	18070	18070	0
26524	18070	18070	0
26525	18070	18070	0
26526	18070	18070	0
26527	18070	18071	4
26528	18071	18071	0
26529	18071	18072	6
26530	18072	18073	6
26531	18073	18074	4
26532	18074	18075	4
26533	18075	18075	0
26534	18075	18075	0
26535	18075	18075	0
26536	18075	18076	2
26537	18076	18077	4
26538	18077	18077	0
26539	18077	18077	0
26540	18077	18077	0
26541	18077	18077	0
26542	18077	18077	0
26543	18077	18077	2
26544	18077	18077	0
26545	18077	18078	2
26546	18078	18078	0
26547	18078	18078	0
26548	18078	18078	0
26549	18078	18079	4
26550	18079	18079	0
26551	18079	18079	0
26552	18079	18079	0
26553	18079	18079	0
26554	18079	18079	0
26555	18079	18079	0
26556	18079	18079	0
26557	18079	18079	0
26558	18079	18079	0
26559	18079	18079	0
26560	18079	18079	0
26561	18079	18079	0
26562	18079	18079	0
26563	18079	18079	0
26564	18079	18080	6
26565	18080	18081	6
26566	18081	18082	6
26567	18082	18083	6
26568	18083	18083	0
26569	18083	18084	6
26570	18084	18084	0
26571	18084	18085	6
26572	18085	18086	6
26573	18086	18087	6
26574	18087	18088	6
26575	18088	18089	6
26576	18089	18090	6
26577	18090	18091	6
26578	18091	18092	6
26579	18092	18093	6
26580	18093	18094	6
26581	18094	18095	6
26582	18095	18096	6
26583	18096	18097	6
26584	18097	18097	0
26585	18097	18097	0
26586	18097	18098	6
26587	18098	18099	6
26588	18099	18100	6
26589	18100	18101	6
26590	18101	18101	0
26591	18101	18102	6
26592	18102	18103	6
26593	18103	18104	6
26594	18104	18105	6
26595	18105	18106	6
26596	18106	18107	6
26597	18107	18108	6
26598	18108	18109	6
26599	18109	18110	6
26600	18110	18111	6
26601	18111	18112	6
26602	18112	18113	2
26603	18113	18114	6
26604	18114	18115	4
26605	18115	18116	6
26606	18116	18117	6
26607	18117	18118	6
26608	18118	18119	6
26609	18119	18119	0
26610	18119	18119	0
26611	18119	18120	4
26612	18120	18120	0
26613	18120	18121	2
26614	18121	18122	6
26615	18122	18123	6
26616	18123	18124	6
26617	18124	18124	0
26618	18124	18124	0
26619	18124	18124	0
26620	18124	18124	0
26621	18124	18125	6
26622	18125	18126	6
26623	18126	18127	6
26624	18127	18128	6
26625	18128	18128	0
26626	18128	18128	0
26627	18128	18128	0
26628	18128	18128	0
26629	18128	18129	6
26630	18129	18130	6
26631	18130	18131	6
26632	18131	18132	6
26633	18132	18133	6
26634	18133	18134	6
26635	18134	18135	6
26636	18135	18136	6
26637	18136	18137	6
26638	18137	18138	6
26639	18138	18139	6
26640	18139	18140	6
26641	18140	18140	0
26642	18140	18141	6
26643	18141	18142	6
26644	18142	18142	0
26645	18142	18143	4
26646	18143	18144	6
26647	18144	18145	6
26648	18145	18146	6
26649	18146	18146	0
26650	18146	18146	0
26651	18146	18146	0
26652	18146	18146	0
26653	18146	18146	0
26654	18146	18147	6
26655	18147	18148	6
26656	18148	18149	6
26657	18149	18150	2
26658	18150	18150	0
26659	18150	18150	0
26660	18150	18150	0
26661	18150	18150	0
26662	18150	18150	0
26663	18150	18152	6
26664	18152	18154	6
26665	18154	18154	0
26666	18154	18155	6
26667	18155	18156	6
26668	18156	18156	0
26669	18156	18157	6
26670	18157	18158	6
26671	18158	18159	2
26672	18159	18159	0
26673	18159	18159	0
26674	18159	18160	6
26675	18160	18161	2
26676	18161	18161	0
26677	18161	18163	6
26678	18163	18163	0
26679	18163	18165	6
26680	18165	18167	6
26681	18167	18167	0
26682	18167	18167	0
26683	18167	18168	6
26684	18168	18169	6
26685	18169	18170	6
26686	18170	18171	6
26687	18171	18172	6
26688	18172	18173	6
26689	18173	18174	6
26690	18174	18175	2
26691	18175	18176	6
26692	18176	18177	6
26693	18177	18178	6
26694	18178	18179	6
26695	18179	18180	6
26696	18180	18181	6
26697	18181	18182	6
26698	18182	18183	6
26699	18183	18184	6
26700	18184	18185	6
26701	18185	18186	6
26702	18186	18187	2
26703	18187	18187	0
26704	18187	18188	6
26705	18188	18189	6
26706	18189	18190	2
26707	18190	18190	0
26708	18190	18191	4
26709	18191	18192	6
26710	18192	18193	6
26711	18193	18194	6
26712	18194	18195	6
26713	18195	18196	4
26714	18196	18197	6
26715	18197	18197	0
26716	18197	18198	4
26717	18198	18199	6
26718	18199	18200	6
26719	18200	18201	6
26720	18201	18202	6
26721	18202	18203	6
26722	18203	18204	6
26723	18204	18205	6
26724	18205	18206	6
26725	18206	18207	6
26726	18207	18208	6
26727	18208	18209	2
26728	18209	18210	6
26729	18210	18211	6
26730	18211	18211	0
26731	18211	18211	0
26732	18211	18211	0
26733	18211	18211	0
26734	18211	18211	0
26735	18211	18211	0
26736	18211	18211	0
26737	18211	18211	0
26738	18211	18211	0
26739	18211	18212	6
26740	18212	18212	0
26741	18212	18213	6
26742	18213	18213	0
26743	18213	18213	0
26744	18213	18213	0
26745	18213	18214	2
26746	18214	18214	0
26747	18214	18215	6
26748	18215	18215	0
26749	18215	18215	0
26750	18215	18215	0
26751	18215	18216	6
26752	18216	18217	6
26753	18217	18217	0
26754	18217	18217	0
26755	18217	18218	4
26756	18218	18219	6
26757	18219	18220	6
26758	18220	18220	0
26759	18220	18220	0
26760	18220	18220	0
26761	18220	18220	0
26762	18220	18220	0
26763	18220	18221	6
26764	18221	18222	2
26765	18222	18222	0
26766	18222	18223	6
26767	18223	18224	6
26768	18224	18225	6
26769	18225	18226	6
26770	18226	18227	6
26771	18227	18228	6
26772	18228	18229	6
26773	18229	18230	6
26774	18230	18231	6
26775	18231	18232	6
26776	18232	18233	6
26777	18233	18234	6
26778	18234	18235	6
26779	18235	18236	6
26780	18236	18236	0
26781	18236	18237	2
26782	18237	18238	6
26783	18238	18239	2
26784	18239	18240	6
26785	18240	18241	6
26786	18241	18241	0
26787	18241	18241	0
26788	18241	18242	6
26789	18242	18243	6
26790	18243	18244	6
26791	18244	18245	6
26792	18245	18245	0
26793	18245	18246	6
26794	18246	18247	6
26795	18247	18247	0
26796	18247	18247	0
26797	18247	18247	0
26798	18247	18249	6
26799	18249	18251	6
26800	18251	18251	0
26801	18251	18251	6
26802	18251	18252	6
26803	18252	18252	4
26804	18252	18254	6
26805	18254	18255	6
26806	18255	18256	6
26807	18256	18257	6
26808	18257	18258	6
26809	18258	18259	6
26810	18259	18260	6
26811	18260	18261	6
26812	18261	18262	6
26813	18262	18263	6
26814	18263	18263	0
26815	18263	18264	6
26816	18264	18265	6
26817	18265	18266	6
26818	18266	18267	6
26819	18267	18268	6
26820	18268	18269	6
26821	18269	18270	6
26822	18270	18271	6
26823	18271	18272	6
26824	18272	18273	6
26825	18273	18274	6
26826	18274	18275	6
26827	18275	18275	0
26828	18275	18276	2
26829	18276	18277	6
26830	18277	18278	6
26831	18278	18279	6
26832	18279	18280	6
26833	18280	18280	0
26834	18280	18280	0
26835	18280	18280	0
26836	18280	18280	0
26837	18280	18280	0
26838	18280	18280	0
26839	18280	18280	0
26840	18280	18280	0
26841	18280	18280	0
26842	18280	18280	0
26843	18280	18280	0
26844	18280	18280	0
26845	18280	18280	0
26846	18280	18280	0
26847	18280	18280	0
26848	18280	18280	0
26849	18280	18280	0
26850	18280	18280	0
26851	18280	18280	0
26852	18280	18280	0
26853	18280	18280	0
26854	18280	18280	0
26855	18280	18280	0
26856	18280	18280	0
26857	18280	18280	0
26858	18280	18280	0
26859	18280	18280	0
26860	18280	18280	0
26861	18280	18280	0
26862	18280	18280	0
26863	18280	18280	0
26864	18280	18280	0
26865	18280	18280	0
26866	18280	18280	0
26867	18280	18280	0
26868	18280	18280	0
26869	18280	18280	0
26870	18280	18280	0
26871	18280	18280	0
26872	18280	18280	0
26873	18280	18280	0
26874	18280	18280	0
26875	18280	18280	0
26876	18280	18280	0
26877	18280	18280	0
26878	18280	18280	0
26879	18280	18281	6
26880	18281	18281	0
26881	18281	18281	0
26882	18281	18281	0
26883	18281	18281	0
26884	18281	18281	0
26885	18281	18281	0
26886	18281	18281	0
26887	18281	18281	0
26888	18281	18281	0
26889	18281	18281	0
26890	18281	18281	0
26891	18281	18281	0
26892	18281	18281	0
26893	18281	18281	0
26894	18281	18281	0
26895	18281	18281	0
26896	18281	18281	0
26897	18281	18281	0
26898	18281	18281	0
26899	18281	18281	0
26900	18281	18281	0
26901	18281	18283	6
26902	18283	18283	0
26903	18283	18284	6
26904	18284	18285	6
26905	18285	18286	6
26906	18286	18286	0
26907	18286	18286	0
26908	18286	18286	0
26909	18286	18286	0
26910	18286	18286	0
26911	18286	18286	0
26912	18286	18286	0
26913	18286	18286	0
26914	18286	18286	0
26915	18286	18286	0
26916	18286	18286	0
26917	18286	18286	0
26918	18286	18286	0
26919	18286	18286	0
26920	18286	18286	0
26921	18286	18286	0
26922	18286	18286	0
26923	18286	18286	0
26924	18286	18286	0
26925	18286	18286	0
26926	18286	18286	0
26927	18286	18286	0
26928	18286	18286	0
26929	18286	18286	0
26930	18286	18287	2
26931	18287	18287	0
26932	18287	18287	0
26933	18287	18287	0
26934	18287	18287	0
26935	18287	18287	0
26936	18287	18287	0
26937	18287	18287	0
26938	18287	18287	6
26939	18287	18287	0
26940	18287	18287	0
26941	18287	18287	0
26942	18287	18287	0
26943	18287	18287	0
26944	18287	18287	0
26945	18287	18287	0
26946	18287	18287	0
26947	18287	18287	0
26948	18287	18287	0
26949	18287	18287	0
26950	18287	18287	0
26951	18287	18287	0
26952	18287	18287	0
26953	18287	18287	0
26954	18287	18287	0
26955	18287	18287	0
26956	18287	18287	0
26957	18287	18287	0
26958	18287	18287	0
26959	18287	18287	0
26960	18287	18287	0
26961	18287	18287	0
26962	18287	18287	0
26963	18287	18287	0
26964	18287	18287	0
26965	18287	18287	0
26966	18287	18287	6
26967	18287	18287	6
26968	18287	18287	0
26969	18287	18287	0
26970	18287	18287	4
26971	18287	18287	0
26972	18287	18287	0
26973	18287	18287	0
26974	18287	18287	0
26975	18287	18287	0
26976	18287	18287	2
26977	18287	18287	0
26978	18287	18287	0
26979	18287	18287	4
26980	18287	18287	4
26981	18287	18287	0
26982	18287	18287	0
26983	18287	18287	0
26984	18287	18287	0
26985	18287	18287	6
26986	18287	18287	0
26987	18287	18287	0
26988	18287	18287	0
26989	18287	18287	0
26990	18287	18287	0
26991	18287	18287	0
26992	18287	18287	0
26993	18287	18287	0
26994	18287	18287	0
26995	18287	18287	0
26996	18287	18287	0
26997	18287	18287	0
26998	18287	18287	0
26999	18287	18287	4
27000	18287	18287	0
27001	18287	18287	0
27002	18287	18287	0
27003	18287	18287	0
27004	18287	18287	0
27005	18287	18287	0
27006	18287	18287	0
27007	18287	18287	0
27008	18287	18287	0
27009	18287	18287	0
27010	18287	18287	0
27011	18287	18287	0
27012	18287	18287	0
27013	18287	18287	0
27014	18287	18287	0
27015	18287	18287	0
27016	18287	18287	0
27017	18287	18287	0
27018	18287	18287	0
27019	18287	18287	0
27020	18287	18287	0
27021	18287	18288	6
27022	18288	18290	6
27023	18290	18292	6
27024	18292	18293	6
27025	18293	18294	6
27026	18294	18295	6
27027	18295	18296	6
27028	18296	18298	6
27029	18298	18300	6
27030	18300	18301	4
27031	18301	18302	6
27032	18302	18303	6
27033	18303	18305	6
27034	18305	18308	6
27035	18308	18308	0
27036	18308	18308	0
27037	18308	18309	6
27038	18309	18310	6
27039	18310	18311	6
27040	18311	18312	6
27041	18312	18313	6
27042	18313	18314	6
27043	18314	18315	6
27044	18315	18316	6
27045	18316	18317	6
27046	18317	18318	6
27047	18318	18319	6
27048	18319	18320	6
27049	18320	18321	6
27050	18321	18322	6
27051	18322	18323	6
27052	18323	18324	6
27053	18324	18325	6
27054	18325	18326	2
27055	18326	18326	0
27056	18326	18327	6
27057	18327	18328	6
27058	18328	18329	2
27059	18329	18330	2
27060	18330	18332	6
27061	18332	18332	0
27062	18332	18333	6
27063	18333	18334	6
27064	18334	18335	6
27065	18335	18336	6
27066	18336	18337	6
27067	18337	18338	6
27068	18338	18339	6
27069	18339	18340	6
27070	18340	18341	6
27071	18341	18342	6
27072	18342	18343	6
27073	18343	18344	6
27074	18344	18346	6
27075	18346	18348	6
27076	18348	18349	2
27077	18349	18350	6
27078	18350	18350	0
27079	18350	18350	0
27080	18350	18350	0
27081	18350	18350	0
27082	18350	18350	0
27083	18350	18351	2
27084	18351	18352	6
27085	18352	18353	6
27086	18353	18354	6
27087	18354	18355	6
27088	18355	18356	6
27089	18356	18357	6
27090	18357	18359	6
27091	18359	18360	6
27092	18360	18362	6
27093	18362	18363	6
27094	18363	18364	6
27095	18364	18365	6
27096	18365	18366	6
27097	18366	18367	6
27098	18367	18368	6
27099	18368	18369	6
27100	18369	18371	6
27101	18371	18372	6
27102	18372	18373	6
27103	18373	18374	6
27104	18374	18375	6
27105	18375	18376	6
27106	18376	18377	6
27107	18377	18378	6
27108	18378	18380	6
27109	18380	18381	6
27110	18381	18383	6
27111	18383	18384	6
27112	18384	18385	6
27113	18385	18386	6
27114	18386	18387	6
27115	18387	18387	0
27116	18387	18397	6
27117	18397	18403	6
27118	18403	18409	6
27119	18409	18411	6
27120	18411	18417	6
27121	18417	18422	6
27122	18422	18425	6
27123	18425	18426	6
27124	18426	18428	6
27125	18428	18432	6
27126	18432	18436	6
27127	18436	18441	6
27128	18441	18453	6
27129	18453	18459	6
27130	18459	18463	6
27131	18463	18465	6
27132	18465	18475	6
27133	18475	18476	6
27134	18476	18486	6
27135	18486	18488	6
27136	18488	18488	0
27137	18488	18488	0
27138	18488	18489	6
27139	18489	18489	6
27140	18489	18489	0
27141	18489	18489	0
27142	18489	18489	0
27143	18489	18489	0
27144	18489	18491	6
27145	18491	18495	6
27146	18495	18497	6
27147	18497	18501	6
27148	18501	18504	6
27149	18504	18506	6
27150	18506	18515	6
27151	18515	18520	6
27152	18520	18528	6
27153	18528	18533	6
27154	18533	18537	6
27155	18537	18540	6
27156	18540	18544	6
27157	18544	18544	0
27158	18544	18544	0
27159	18544	18544	0
27160	18544	18544	0
27161	18544	18546	6
27162	18546	18550	6
27163	18550	18552	6
27164	18552	18553	6
27165	18553	18554	6
27166	18554	18554	0
27167	18554	18555	6
27168	18555	18555	0
27169	18555	18556	2
27170	18556	18557	6
27171	18557	18557	0
27172	18557	18557	0
27173	18557	18557	0
27174	18557	18557	0
27175	18557	18557	0
27176	18557	18558	6
27177	18558	18559	6
27178	18559	18560	6
27179	18560	18561	6
27180	18561	18562	6
27181	18562	18563	6
27182	18563	18564	6
27183	18564	18566	6
27184	18566	18568	6
27185	18568	18569	6
27186	18569	18570	6
27187	18570	18571	6
27188	18571	18572	6
27189	18572	18573	6
27190	18573	18574	6
27191	18574	18575	6
27192	18575	18576	6
27193	18576	18577	6
27194	18577	18578	6
27195	18578	18580	6
27196	18580	18581	6
27197	18581	18582	6
27198	18582	18583	6
27199	18583	18584	6
27200	18584	18586	6
27201	18586	18587	6
27202	18587	18588	6
27203	18588	18589	6
27204	18589	18590	6
27205	18590	18591	6
27206	18591	18592	6
27207	18592	18593	4
27208	18593	18594	6
27209	18594	18595	6
27210	18595	18596	6
27211	18596	18596	4
27212	18596	18597	6
27213	18597	18598	6
27214	18598	18598	0
27215	18598	18598	0
27216	18598	18599	6
27217	18599	18600	6
27218	18600	18601	6
27219	18601	18602	6
27220	18602	18604	6
27221	18604	18605	6
27222	18605	18606	6
27223	18606	18608	6
27224	18608	18610	6
27225	18610	18611	6
27226	18611	18612	2
27227	18612	18612	0
27228	18612	18614	6
27229	18614	18615	6
27230	18615	18616	6
27231	18616	18617	6
27232	18617	18618	6
27233	18618	18619	6
27234	18619	18620	6
27235	18620	18621	6
27236	18621	18622	6
27237	18622	18623	6
27238	18623	18624	6
27239	18624	18625	6
27240	18625	18626	6
27241	18626	18627	6
27242	18627	18628	6
27243	18628	18629	6
27244	18629	18629	0
27245	18629	18630	6
27246	18630	18631	6
27247	18631	18632	6
27248	18632	18633	2
27249	18633	18634	6
27250	18634	18635	6
27251	18635	18635	0
27252	18635	18635	0
27253	18635	18636	6
27254	18636	18637	6
27255	18637	18638	6
27256	18638	18639	6
27257	18639	18640	6
27258	18640	18641	6
27259	18641	18641	0
27260	18641	18641	0
27261	18641	18641	0
27262	18641	18641	0
27263	18641	18643	6
27264	18643	18644	6
27265	18644	18644	0
27266	18644	18644	0
27267	18644	18645	2
27268	18645	18646	2
27269	18646	18646	0
27270	18646	18646	0
27271	18646	18646	0
27272	18646	18646	0
27273	18646	18646	0
27274	18646	18646	0
27275	18646	18646	0
27276	18646	18647	6
27277	18647	18648	6
27278	18648	18649	6
27279	18649	18650	6
27280	18650	18651	6
27281	18651	18652	6
27282	18652	18653	6
27283	18653	18654	6
27284	18654	18655	6
27285	18655	18656	6
27286	18656	18657	6
27287	18657	18658	6
27288	18658	18659	6
27289	18659	18660	6
27290	18660	18661	6
27291	18661	18662	6
27292	18662	18663	6
27293	18663	18664	6
27294	18664	18665	6
27295	18665	18666	6
27296	18666	18667	6
27297	18667	18668	6
27298	18668	18669	6
27299	18669	18670	6
27300	18670	18671	6
27301	18671	18672	6
27302	18672	18673	6
27303	18673	18674	6
27304	18674	18674	0
27305	18674	18675	6
27306	18675	18675	0
27307	18675	18676	6
27308	18676	18680	6
27309	18680	18682	6
27310	18682	18684	6
27311	18684	18686	6
27312	18686	18687	6
27313	18687	18688	6
27314	18688	18688	4
27315	18688	18689	4
27316	18689	18691	6
27317	18691	18692	6
27318	18692	18693	2
27319	18693	18694	6
27320	18694	18694	0
27321	18694	18695	6
27322	18695	18697	6
27323	18697	18699	6
27324	18699	18700	6
27325	18700	18701	6
27326	18701	18702	6
27327	18702	18703	6
27328	18703	18704	2
27329	18704	18704	0
27330	18704	18705	6
27331	18705	18706	6
27332	18706	18707	6
27333	18707	18708	6
27334	18708	18709	6
27335	18709	18710	6
27336	18710	18711	6
27337	18711	18712	6
27338	18712	18713	6
27339	18713	18714	6
27340	18714	18715	6
27341	18715	18716	6
27342	18716	18717	6
27343	18717	18718	6
27344	18718	18719	6
27345	18719	18721	6
27346	18721	18722	2
27347	18722	18723	6
27348	18723	18724	6
27349	18724	18726	6
27350	18726	18728	6
27351	18728	18730	6
27352	18730	18731	2
27353	18731	18732	2
27354	18732	18734	6
27355	18734	18736	6
27356	18736	18736	0
27357	18736	18738	6
27358	18738	18738	0
27359	18738	18738	0
27360	18738	18739	6
27361	18739	18740	6
27362	18740	18741	6
27363	18741	18742	6
27364	18742	18742	0
27365	18742	18743	6
27366	18743	18744	6
27367	18744	18745	2
27368	18745	18745	0
27369	18745	18745	0
27370	18745	18745	0
27371	18745	18746	2
27372	18746	18747	6
27373	18747	18747	2
27374	18747	18747	2
27375	18747	18747	0
27376	18747	18747	0
27377	18747	18747	0
27378	18747	18747	2
27379	18747	18747	0
27380	18747	18747	0
27381	18747	18748	2
27382	18748	18749	6
27383	18749	18749	0
27384	18749	18749	0
27385	18749	18749	0
27386	18749	18749	0
27387	18749	18750	2
27388	18750	18750	2
27389	18750	18750	0
27390	18750	18751	6
27391	18751	18752	6
27392	18752	18753	6
27393	18753	18754	6
27394	18754	18755	6
27395	18755	18756	6
27396	18756	18757	6
27397	18757	18758	6
27398	18758	18759	6
27399	18759	18761	6
27400	18761	18762	6
27401	18762	18763	6
27402	18763	18764	6
27403	18764	18766	6
27404	18766	18767	6
27405	18767	18769	6
27406	18769	18770	6
27407	18770	18771	2
27408	18771	18772	2
27409	18772	18772	0
27410	18772	18772	0
27411	18772	18773	6
27412	18773	18774	6
27413	18774	18775	6
27414	18775	18777	6
27415	18777	18778	6
27416	18778	18780	6
27417	18780	18782	6
27418	18782	18783	6
27419	18783	18784	6
27420	18784	18785	6
27421	18785	18786	6
27422	18786	18787	6
27423	18787	18788	6
27424	18788	18789	6
27425	18789	18789	2
27426	18789	18790	6
27427	18790	18791	6
27428	18791	18792	6
27429	18792	18793	6
27430	18793	18794	6
27431	18794	18795	6
27432	18795	18796	6
27433	18796	18797	2
27434	18797	18798	2
27435	18798	18798	0
27436	18798	18799	6
27437	18799	18800	6
27438	18800	18800	0
27439	18800	18801	6
27440	18801	18802	4
27441	18802	18805	6
27442	18805	18807	6
27443	18807	18808	6
27444	18808	18808	4
27445	18808	18810	6
27446	18810	18813	6
27447	18813	18818	6
27448	18818	18819	6
27449	18819	18820	6
27450	18820	18822	6
27451	18822	18823	6
27452	18823	18824	2
27453	18824	18825	6
27454	18825	18826	6
27455	18826	18831	6
27456	18831	18831	0
27457	18831	18835	6
27458	18835	18836	6
27459	18836	18837	6
27460	18837	18838	6
27461	18838	18839	6
27462	18839	18840	6
27463	18840	18841	6
27464	18841	18842	6
27465	18842	18843	6
27466	18843	18844	6
27467	18844	18845	6
27468	18845	18846	6
27469	18846	18847	6
27470	18847	18848	6
27471	18848	18849	6
27472	18849	18850	2
27473	18850	18851	2
27474	18851	18851	0
27475	18851	18852	6
27476	18852	18853	6
27477	18853	18854	6
27478	18854	18855	6
27479	18855	18856	6
27480	18856	18857	6
27481	18857	18858	6
27482	18858	18859	6
27483	18859	18860	6
27484	18860	18861	6
27485	18861	18862	6
27486	18862	18862	0
27487	18862	18862	0
27488	18862	18864	6
27489	18864	18865	6
27490	18865	18866	6
27491	18866	18867	6
27492	18867	18868	6
27493	18868	18869	2
27494	18869	18869	0
27495	18869	18870	6
27496	18870	18871	6
27497	18871	18872	6
27498	18872	18873	2
27499	18873	18875	6
27500	18875	18875	0
27501	18875	18875	0
27502	18875	18876	6
27503	18876	18877	6
27504	18877	18878	6
27505	18878	18878	0
27506	18878	18878	0
27507	18878	18878	0
27508	18878	18879	6
27509	18879	18879	0
27510	18879	18879	0
27511	18879	18882	6
27512	18882	18885	6
27513	18885	18886	6
27514	18886	18886	0
27515	18886	18888	6
27516	18888	18888	0
27517	18888	18888	0
27518	18888	18890	6
27519	18890	18892	6
27520	18892	18893	6
27521	18893	18893	0
27522	18893	18893	0
27523	18893	18895	6
27524	18895	18895	0
27525	18895	18896	6
27526	18896	18897	6
27527	18897	18899	6
27528	18899	18900	4
27529	18900	18901	6
27530	18901	18901	0
27531	18901	18901	0
27532	18901	18902	6
27533	18902	18902	0
27534	18902	18903	6
27535	18903	18905	6
27536	18905	18906	6
27537	18906	18907	6
27538	18907	18909	6
27539	18909	18909	0
27540	18909	18909	0
27541	18909	18910	6
27542	18910	18910	0
27543	18910	18910	0
27544	18910	18911	6
27545	18911	18911	0
27546	18911	18911	0
27547	18911	18913	6
27548	18913	18914	2
27549	18914	18916	6
27550	18916	18916	0
27551	18916	18916	0
27552	18916	18917	6
27553	18917	18917	0
27554	18917	18917	6
27555	18917	18917	0
27556	18917	18918	6
27557	18918	18919	6
27558	18919	18920	6
27559	18920	18921	6
27560	18921	18922	6
27561	18922	18923	6
27562	18923	18924	6
27563	18924	18926	6
27564	18926	18927	6
27565	18927	18928	6
27566	18928	18930	6
27567	18930	18930	0
27568	18930	18931	6
27569	18931	18932	6
27570	18932	18933	6
27571	18933	18934	6
27572	18934	18935	6
27573	18935	18936	6
27574	18936	18937	6
27575	18937	18938	6
27576	18938	18939	6
27577	18939	18940	6
27578	18940	18941	6
27579	18941	18942	6
27580	18942	18943	6
27581	18943	18944	6
27582	18944	18945	6
27583	18945	18946	6
27584	18946	18947	6
27585	18947	18948	6
27586	18948	18949	6
27587	18949	18950	6
27588	18950	18951	6
27589	18951	18952	6
27590	18952	18953	6
27591	18953	18954	6
27592	18954	18955	6
27593	18955	18956	6
27594	18956	18957	6
27595	18957	18958	6
27596	18958	18958	0
27597	18958	18958	0
27598	18958	18958	0
27599	18958	18958	0
27600	18958	18958	0
27601	18958	18958	0
27602	18958	18959	6
27603	18959	18959	0
27604	18959	18960	2
27605	18960	18960	0
27606	18960	18962	6
27607	18962	18963	2
27608	18963	18965	6
27609	18965	18966	6
27610	18966	18968	6
27611	18968	18969	6
27612	18969	18969	0
27613	18969	18970	2
27614	18970	18970	0
27615	18970	18970	0
27616	18970	18972	6
27617	18972	18974	6
27618	18974	18975	6
27619	18975	18976	6
27620	18976	18977	6
27621	18977	18977	0
27622	18977	18977	0
27623	18977	18978	6
27624	18978	18979	6
27625	18979	18979	0
27626	18979	18979	0
27627	18979	18979	0
27628	18979	18979	0
27629	18979	18979	0
27630	18979	18979	0
27631	18979	18979	0
27632	18979	18982	6
27633	18982	18982	0
27634	18982	18984	6
27635	18984	18984	0
27636	18984	18984	0
27637	18984	18984	0
27638	18984	18984	0
27639	18984	18984	2
27640	18984	18984	0
27641	18984	18984	0
27642	18984	18984	0
27643	18984	18984	0
27644	18984	18984	0
27645	18984	18984	0
27646	18984	18984	0
27647	18984	18984	0
27648	18984	18984	0
27649	18984	18984	0
27650	18984	18984	0
27651	18984	18984	0
27652	18984	18985	6
27653	18985	18985	0
27654	18985	18985	0
27655	18985	18986	2
27656	18986	18987	6
27657	18987	18988	6
27658	18988	18988	0
27659	18988	18990	6
27660	18990	18990	0
27661	18990	18990	0
27662	18990	18990	0
27663	18990	18991	6
27664	18991	18992	2
27665	18992	18993	6
27666	18993	18994	6
27667	18994	18996	6
27668	18996	18997	2
27669	18997	18997	0
27670	18997	18997	0
27671	18997	18997	0
27672	18997	18997	0
27673	18997	18997	0
27674	18997	18998	2
27675	18998	18998	0
27676	18998	18998	0
27677	18998	18998	4
27678	18998	18998	0
27679	18998	18998	0
27680	18998	18998	0
27681	18998	18998	0
27682	18998	18998	0
27683	18998	18998	0
27684	18998	18998	0
27685	18998	19000	6
27686	19000	19001	2
27687	19001	19001	0
27688	19001	19004	6
27689	19004	19004	0
27690	19004	19004	0
27691	19004	19004	0
27692	19004	19004	0
27693	19004	19004	0
27694	19004	19004	0
27695	19004	19004	0
27696	19004	19004	0
27697	19004	19004	0
27698	19004	19004	0
27699	19004	19007	6
27700	19007	19009	6
27701	19009	19012	6
27702	19012	19015	6
27703	19015	19017	6
27704	19017	19019	6
27705	19019	19019	0
27706	19019	19019	0
27707	19019	19019	0
27708	19019	19020	2
27709	19020	19021	2
27710	19021	19022	6
27711	19022	19023	6
27712	19023	19023	0
27713	19023	19024	6
27714	19024	19027	6
27715	19027	19027	0
27716	19027	19028	6
27717	19028	19028	0
27718	19028	19029	2
27719	19029	19030	6
27720	19030	19030	0
27721	19030	19031	6
27722	19031	19032	6
27723	19032	19033	6
27724	19033	19034	6
27725	19034	19035	6
27726	19035	19036	6
27727	19036	19037	6
27728	19037	19038	6
27729	19038	19039	6
27730	19039	19040	6
27731	19040	19041	6
27732	19041	19042	2
27733	19042	19042	0
27734	19042	19042	0
27735	19042	19043	6
27736	19043	19044	6
27737	19044	19044	0
27738	19044	19044	0
27739	19044	19044	0
27740	19044	19044	0
27741	19044	19044	0
27742	19044	19044	0
27743	19044	19045	6
27744	19045	19046	6
27745	19046	19046	0
27746	19046	19047	6
27747	19047	19048	6
27748	19048	19048	0
27749	19048	19049	6
27750	19049	19051	6
27751	19051	19052	6
27752	19052	19053	6
27753	19053	19053	0
27754	19053	19054	2
27755	19054	19055	6
27756	19055	19056	6
27757	19056	19057	6
27758	19057	19058	6
27759	19058	19058	0
27760	19058	19059	6
27761	19059	19059	0
27762	19059	19060	6
27763	19060	19061	6
27764	19061	19062	6
27765	19062	19063	6
27766	19063	19064	6
27767	19064	19065	6
27768	19065	19066	6
27769	19066	19067	6
27770	19067	19068	6
27771	19068	19069	6
27772	19069	19070	6
27773	19070	19071	6
27774	19071	19072	6
27775	19072	19073	6
27776	19073	19075	2
27777	19075	19078	2
27778	19078	19080	6
27779	19080	19082	6
27780	19082	19084	6
27781	19084	19085	6
27782	19085	19087	6
27783	19087	19088	6
27784	19088	19089	6
27785	19089	19090	6
27786	19090	19092	6
27787	19092	19093	6
27788	19093	19094	6
27789	19094	19095	6
27790	19095	19096	6
27791	19096	19097	6
27792	19097	19098	6
27793	19098	19099	6
27794	19099	19100	6
27795	19100	19101	6
27796	19101	19102	6
27797	19102	19103	6
27798	19103	19106	6
27799	19106	19108	6
27800	19108	19111	6
27801	19111	19113	6
27802	19113	19113	0
27803	19113	19115	6
27804	19115	19116	6
27805	19116	19116	0
27806	19116	19118	6
27807	19118	19119	6
27808	19119	19119	0
27809	19119	19122	6
27810	19122	19123	6
27811	19123	19125	6
27812	19125	19128	6
27813	19128	19130	6
27814	19130	19131	6
27815	19131	19133	6
27816	19133	19133	0
27817	19133	19133	0
27818	19133	19133	0
27819	19133	19133	0
27820	19133	19133	0
27821	19133	19133	0
27822	19133	19134	6
27823	19134	19136	2
27824	19136	19139	6
27825	19139	19140	6
27826	19140	19140	0
27827	19140	19143	6
27828	19143	19145	6
27829	19145	19149	6
27830	19149	19153	6
27831	19153	19155	6
27832	19155	19156	6
27833	19156	19156	0
27834	19156	19156	0
27835	19156	19157	6
27836	19157	19157	0
27837	19157	19157	0
27838	19157	19158	6
27839	19158	19159	6
27840	19159	19160	6
27841	19160	19161	6
27842	19161	19162	6
27843	19162	19163	6
27844	19163	19164	6
27845	19164	19165	6
27846	19165	19166	6
27847	19166	19168	6
27848	19168	19170	6
27849	19170	19171	2
27850	19171	19172	6
27851	19172	19173	6
27852	19173	19174	6
27853	19174	19176	6
27854	19176	19177	6
27855	19177	19178	2
27856	19178	19179	6
27857	19179	19181	6
27858	19181	19183	6
27859	19183	19184	6
27860	19184	19185	6
27861	19185	19186	6
27862	19186	19187	6
27863	19187	19188	6
27864	19188	19190	6
27865	19190	19192	6
27866	19192	19193	6
27867	19193	19195	6
27868	19195	19197	6
27869	19197	19198	6
27870	19198	19199	6
27871	19199	19201	6
27872	19201	19205	6
27873	19205	19205	0
27874	19205	19205	6
27875	19205	19206	6
27876	19206	19207	6
27877	19207	19208	6
27878	19208	19208	0
27879	19208	19209	4
27880	19209	19210	6
27881	19210	19211	6
27882	19211	19212	6
27883	19212	19213	6
27884	19213	19213	0
27885	19213	19213	0
27886	19213	19213	0
27887	19213	19214	6
27888	19214	19215	6
27889	19215	19216	6
27890	19216	19216	2
27891	19216	19218	6
27892	19218	19220	6
27893	19220	19221	6
27894	19221	19222	6
27895	19222	19223	6
27896	19223	19224	6
27897	19224	19224	6
27898	19224	19224	0
27899	19224	19224	0
27900	19224	19224	0
27901	19224	19224	0
27902	19224	19224	0
27903	19224	19224	2
27904	19224	19224	0
27905	19224	19224	0
27906	19224	19225	4
27907	19225	19225	0
27908	19225	19226	6
27909	19226	19230	6
27910	19230	19232	6
27911	19232	19232	2
27912	19232	19232	6
27913	19232	19234	6
27914	19234	19235	6
27915	19235	19237	6
27916	19237	19238	6
27917	19238	19239	6
27918	19239	19239	0
27919	19239	19240	6
27920	19240	19241	4
27921	19241	19242	6
27922	19242	19242	4
27923	19242	19243	6
27924	19243	19244	6
27925	19244	19245	2
27926	19245	19245	0
27927	19245	19246	6
27928	19246	19247	6
27929	19247	19248	6
27930	19248	19248	6
27931	19248	19248	0
27932	19248	19249	6
27933	19249	19250	6
27934	19250	19251	6
27935	19251	19252	6
27936	19252	19254	6
27937	19254	19255	6
27938	19255	19256	6
27939	19256	19256	0
27940	19256	19257	6
27941	19257	19258	6
27942	19258	19260	6
27943	19260	19260	0
27944	19260	19260	0
27945	19260	19261	6
27946	19261	19262	6
27947	19262	19264	6
27948	19264	19265	6
27949	19265	19266	6
27950	19266	19267	6
27951	19267	19268	6
27952	19268	19269	6
27953	19269	19270	6
27954	19270	19271	6
27955	19271	19272	6
27956	19272	19272	0
27957	19272	19274	6
27958	19274	19275	6
27959	19275	19276	6
27960	19276	19276	0
27961	19276	19276	0
27962	19276	19276	0
27963	19276	19276	0
27964	19276	19277	6
27965	19277	19279	6
27966	19279	19280	6
27967	19280	19280	0
27968	19280	19280	0
27969	19280	19280	0
27970	19280	19280	0
27971	19280	19280	0
27972	19280	19280	0
27973	19280	19280	0
27974	19280	19281	6
27975	19281	19281	0
27976	19281	19281	0
27977	19281	19281	0
27978	19281	19283	6
27979	19283	19283	0
27980	19283	19284	6
27981	19284	19284	0
27982	19284	19285	6
27983	19285	19285	0
27984	19285	19286	6
27985	19286	19291	6
27986	19291	19292	6
27987	19292	19293	6
27988	19293	19295	6
27989	19295	19297	6
27990	19297	19298	6
27991	19298	19300	6
27992	19300	19300	0
27993	19300	19302	6
27994	19302	19302	0
27995	19302	19303	6
27996	19303	19303	0
27997	19303	19304	2
27998	19304	19306	6
27999	19306	19307	6
28000	19307	19307	0
28001	19307	19307	0
28002	19307	19307	0
28003	19307	19307	0
28004	19307	19307	0
28005	19307	19307	0
28006	19307	19307	0
28007	19307	19307	0
28008	19307	19307	0
28009	19307	19307	0
28010	19307	19307	0
28011	19307	19307	0
28012	19307	19307	0
28013	19307	19307	0
28014	19307	19307	0
28015	19307	19309	6
28016	19309	19309	4
28017	19309	19309	0
28018	19309	19309	0
28019	19309	19309	0
28020	19309	19309	0
28021	19309	19309	0
28022	19309	19309	0
28023	19309	19311	6
28024	19311	19311	0
28025	19311	19312	6
28026	19312	19312	0
28027	19312	19313	6
28028	19313	19314	2
28029	19314	19315	6
28030	19315	19315	0
28031	19315	19315	0
28032	19315	19315	0
28033	19315	19316	4
28034	19316	19318	6
28035	19318	19320	6
28036	19320	19321	6
28037	19321	19322	6
28038	19322	19322	0
28039	19322	19322	0
28040	19322	19322	0
28041	19322	19322	0
28042	19322	19322	0
28043	19322	19322	0
28044	19322	19324	6
28045	19324	19324	0
28046	19324	19325	6
28047	19325	19325	0
28048	19325	19327	6
28049	19327	19328	6
28050	19328	19328	6
28051	19328	19332	6
28052	19332	19334	6
28053	19334	19334	6
28054	19334	19335	4
28055	19335	19335	0
28056	19335	19339	6
28057	19339	19339	0
28058	19339	19341	6
28059	19341	19343	6
28060	19343	19344	6
28061	19344	19344	0
28062	19344	19344	0
28063	19344	19344	0
28064	19344	19345	6
28065	19345	19345	0
28066	19345	19345	0
28067	19345	19346	6
28068	19346	19346	0
28069	19346	19346	0
28070	19346	19346	0
28071	19346	19346	0
28072	19346	19347	4
28073	19347	19347	0
28074	19347	19348	6
28075	19348	19348	0
28076	19348	19348	0
28077	19348	19348	0
28078	19348	19348	6
28079	19348	19348	0
28080	19348	19349	6
28081	19349	19349	0
28082	19349	19350	6
28083	19350	19351	6
28084	19351	19352	6
28085	19352	19352	0
28086	19352	19353	6
28087	19353	19354	6
28088	19354	19355	6
28089	19355	19355	0
28090	19355	19355	0
28091	19355	19355	0
28092	19355	19357	6
28093	19357	19358	6
28094	19358	19358	0
28095	19358	19360	6
28096	19360	19360	0
28097	19360	19360	0
28098	19360	19360	0
28099	19360	19360	0
28100	19360	19360	0
28101	19360	19362	6
28102	19362	19363	4
28103	19363	19363	0
28104	19363	19366	6
28105	19366	19366	0
28106	19366	19366	0
28107	19366	19367	6
28108	19367	19368	6
28109	19368	19368	0
28110	19368	19371	6
28111	19371	19374	6
28112	19374	19377	6
28113	19377	19380	6
28114	19380	19381	6
28115	19381	19384	6
28116	19384	19384	6
28117	19384	19386	6
28118	19386	19386	6
28119	19386	19388	6
28120	19388	19389	6
28121	19389	19392	6
28122	19392	19394	6
28123	19394	19395	6
28124	19395	19395	0
28125	19395	19395	0
28126	19395	19395	0
28127	19395	19395	0
28128	19395	19396	2
28129	19396	19396	0
28130	19396	19398	6
28131	19398	19400	6
28132	19400	19404	6
28133	19404	19405	6
28134	19405	19406	6
28135	19406	19407	6
28136	19407	19408	6
28137	19408	19410	6
28138	19410	19411	6
28139	19411	19412	6
28140	19412	19413	6
28141	19413	19414	6
28142	19414	19414	6
28143	19414	19416	6
28144	19416	19418	6
28145	19418	19419	6
28146	19419	19420	6
28147	19420	19421	6
28148	19421	19422	6
28149	19422	19423	6
28150	19423	19424	6
28151	19424	19425	6
28152	19425	19426	6
28153	19426	19429	6
28154	19429	19431	6
28155	19431	19432	6
28156	19432	19433	6
28157	19433	19434	6
28158	19434	19435	6
28159	19435	19435	0
28160	19435	19437	6
28161	19437	19438	6
28162	19438	19440	6
28163	19440	19440	0
28164	19440	19440	0
28165	19440	19442	6
28166	19442	19444	6
28167	19444	19445	6
28168	19445	19445	0
28169	19445	19445	0
28170	19445	19451	6
28171	19451	19451	4
28172	19451	19455	6
28173	19455	19457	6
28174	19457	19457	4
28175	19457	19457	0
28176	19457	19458	6
28177	19458	19459	6
28178	19459	19460	6
28179	19460	19461	6
28180	19461	19461	2
28181	19461	19462	2
28182	19462	19463	6
28183	19463	19464	6
28184	19464	19466	6
28185	19466	19468	6
28186	19468	19469	6
28187	19469	19470	2
28188	19470	19470	0
28189	19470	19471	6
28190	19471	19472	6
28191	19472	19473	6
28192	19473	19474	6
28193	19474	19476	6
28194	19476	19478	6
28195	19478	19478	0
28196	19478	19479	2
28197	19479	19480	6
28198	19480	19481	6
28199	19481	19482	6
28200	19482	19483	6
28201	19483	19484	6
28202	19484	19485	6
28203	19485	19486	6
28204	19486	19487	6
28205	19487	19489	6
28206	19489	19490	6
28207	19490	19491	6
28208	19491	19492	6
28209	19492	19495	6
28210	19495	19495	0
28211	19495	19497	6
28212	19497	19499	6
28213	19499	19502	6
28214	19502	19502	0
28215	19502	19503	6
28216	19503	19504	6
28217	19504	19506	6
28218	19506	19507	6
28219	19507	19508	2
28220	19508	19509	2
28221	19509	19509	0
28222	19509	19510	6
28223	19510	19511	6
28224	19511	19512	6
28225	19512	19512	0
28226	19512	19513	6
28227	19513	19514	6
28228	19514	19515	6
28229	19515	19515	0
28230	19515	19515	0
28231	19515	19515	0
28232	19515	19515	0
28233	19515	19515	0
28234	19515	19515	0
28235	19515	19515	0
28236	19515	19515	0
28237	19515	19515	0
28238	19515	19515	0
28239	19515	19515	0
28240	19515	19515	0
28241	19515	19515	0
28242	19515	19515	0
28243	19515	19515	0
28244	19515	19515	0
28245	19515	19515	0
28246	19515	19515	0
28247	19515	19515	0
28248	19515	19515	0
28249	19515	19515	0
28250	19515	19515	0
28251	19515	19515	0
28252	19515	19515	0
28253	19515	19515	0
28254	19515	19515	0
28255	19515	19515	0
28256	19515	19515	0
28257	19515	19515	0
28258	19515	19515	4
28259	19515	19518	4
28260	19518	19518	0
28261	19518	19518	4
28262	19518	19518	0
28263	19518	19519	2
28264	19519	19519	0
28265	19519	19519	0
28266	19519	19519	0
28267	19519	19520	2
28268	19520	19521	2
28269	19521	19522	2
28270	19522	19523	6
28271	19523	19523	0
28272	19523	19523	0
28273	19523	19523	0
28274	19523	19523	0
28275	19523	19523	0
28276	19523	19523	0
28277	19523	19523	0
28278	19523	19523	0
28279	19523	19523	0
28280	19523	19523	0
28281	19523	19523	0
28282	19523	19523	0
28283	19523	19523	0
28284	19523	19523	0
28285	19523	19523	0
28286	19523	19523	0
28287	19523	19523	0
28288	19523	19523	0
28289	19523	19523	0
28290	19523	19523	0
28291	19523	19523	0
28292	19523	19523	0
28293	19523	19523	0
28294	19523	19523	0
28295	19523	19523	0
28296	19523	19523	0
28297	19523	19523	0
28298	19523	19523	0
28299	19523	19523	0
28300	19523	19524	6
28301	19524	19524	0
28302	19524	19524	0
28303	19524	19524	0
28304	19524	19524	0
28305	19524	19524	0
28306	19524	19524	0
28307	19524	19524	0
28308	19524	19524	0
28309	19524	19524	0
28310	19524	19524	0
28311	19524	19524	0
28312	19524	19524	0
28313	19524	19524	0
28314	19524	19524	0
28315	19524	19524	0
28316	19524	19524	0
28317	19524	19524	0
28318	19524	19524	0
28319	19524	19524	0
28320	19524	19524	0
28321	19524	19524	0
28322	19524	19524	0
28323	19524	19524	0
28324	19524	19524	0
28325	19524	19524	0
28326	19524	19524	0
28327	19524	19524	0
28328	19524	19524	0
28329	19524	19524	0
28330	19524	19524	0
28331	19524	19524	0
28332	19524	19524	0
28333	19524	19524	0
28334	19524	19524	0
28335	19524	19524	0
28336	19524	19524	0
28337	19524	19524	0
28338	19524	19524	0
28339	19524	19524	0
28340	19524	19524	0
28341	19524	19524	0
28342	19524	19524	0
28343	19524	19524	6
28344	19524	19524	0
28345	19524	19524	6
28346	19524	19524	0
28347	19524	19524	0
28348	19524	19524	0
28349	19524	19524	0
28350	19524	19524	0
28351	19524	19524	0
28352	19524	19524	0
28353	19524	19524	0
28354	19524	19524	0
28355	19524	19524	0
28356	19524	19524	0
28357	19524	19524	0
28358	19524	19524	0
28359	19524	19524	0
28360	19524	19524	0
28361	19524	19524	0
28362	19524	19524	0
28363	19524	19525	6
28364	19525	19526	6
28365	19526	19527	2
28366	19527	19528	6
28367	19528	19528	0
28368	19528	19528	0
28369	19528	19528	0
28370	19528	19528	0
28371	19528	19528	0
28372	19528	19528	0
28373	19528	19528	0
28374	19528	19529	6
28375	19529	19530	6
28376	19530	19531	6
28377	19531	19532	6
28378	19532	19534	6
28379	19534	19536	6
28380	19536	19537	6
28381	19537	19538	6
28382	19538	19539	6
28383	19539	19539	0
28384	19539	19541	6
28385	19541	19543	6
28386	19543	19543	0
28387	19543	19544	4
28388	19544	19545	6
28389	19545	19546	6
28390	19546	19547	6
28391	19547	19548	6
28392	19548	19549	6
28393	19549	19551	6
28394	19551	19552	6
28395	19552	19553	6
28396	19553	19554	6
28397	19554	19556	6
28398	19556	19557	6
28399	19557	19559	6
28400	19559	19560	6
28401	19560	19561	6
28402	19561	19562	6
28403	19562	19564	6
28404	19564	19565	6
28405	19565	19565	0
28406	19565	19566	2
28407	19566	19567	6
28408	19567	19568	4
28409	19568	19569	6
28410	19569	19570	6
28411	19570	19571	6
28412	19571	19572	6
28413	19572	19573	6
28414	19573	19574	6
28415	19574	19574	0
28416	19574	19575	6
28417	19575	19576	6
28418	19576	19577	6
28419	19577	19577	0
28420	19577	19577	0
28421	19577	19577	0
28422	19577	19577	0
28423	19577	19577	0
28424	19577	19577	4
28425	19577	19577	0
28426	19577	19577	0
28427	19577	19577	0
28428	19577	19577	0
28429	19577	19577	0
28430	19577	19577	0
28431	19577	19577	0
28432	19577	19577	0
28433	19577	19577	0
28434	19577	19577	0
28435	19577	19577	0
28436	19577	19577	0
28437	19577	19577	0
28438	19577	19577	0
28439	19577	19577	0
28440	19577	19577	0
28441	19577	19577	0
28442	19577	19577	0
28443	19577	19577	0
28444	19577	19577	0
28445	19577	19577	0
28446	19577	19577	0
28447	19577	19577	0
28448	19577	19577	6
28449	19577	19578	6
28450	19578	19578	4
28451	19578	19578	0
28452	19578	19578	0
28453	19578	19578	0
28454	19578	19581	6
28455	19581	19584	6
28456	19584	19586	6
28457	19586	19588	6
28458	19588	19588	0
28459	19588	19588	0
28460	19588	19588	0
28461	19588	19588	4
28462	19588	19588	0
28463	19588	19589	6
28464	19589	19589	0
28465	19589	19589	0
28466	19589	19591	6
28467	19591	19594	6
28468	19594	19595	6
28469	19595	19596	6
28470	19596	19597	6
28471	19597	19598	6
28472	19598	19598	0
28473	19598	19599	2
28474	19599	19601	6
28475	19601	19603	6
28476	19603	19603	2
28477	19603	19603	4
28478	19603	19603	0
28479	19603	19604	6
28480	19604	19605	2
28481	19605	19605	0
28482	19605	19605	0
28483	19605	19605	0
28484	19605	19606	6
28485	19606	19607	6
28486	19607	19607	6
28487	19607	19607	0
28488	19607	19607	0
28489	19607	19607	0
28490	19607	19607	0
28491	19607	19607	0
28492	19607	19607	0
28493	19607	19607	0
28494	19607	19607	0
28495	19607	19607	0
28496	19607	19607	0
28497	19607	19607	0
28498	19607	19607	0
28499	19607	19608	6
28500	19608	19608	0
28501	19608	19608	0
28502	19608	19608	0
28503	19608	19610	6
28504	19610	19610	6
28505	19610	19611	6
28506	19611	19612	6
28507	19612	19612	0
28508	19612	19613	6
28509	19613	19613	0
28510	19613	19613	0
28511	19613	19613	0
28512	19613	19613	0
28513	19613	19613	6
28514	19613	19616	6
28515	19616	19617	6
28516	19617	19617	0
28517	19617	19617	0
28518	19617	19617	0
28519	19617	19617	0
28520	19617	19617	0
28521	19617	19617	0
28522	19617	19617	4
28523	19617	19617	0
28524	19617	19617	0
28525	19617	19617	0
28526	19617	19617	0
28527	19617	19617	0
28528	19617	19617	0
28529	19617	19617	0
28530	19617	19617	0
28531	19617	19619	6
28532	19619	19620	6
28533	19620	19622	6
28534	19622	19623	6
28535	19623	19623	0
28536	19623	19623	0
28537	19623	19624	6
28538	19624	19625	6
28539	19625	19626	6
28540	19626	19627	6
28541	19627	19628	6
28542	19628	19629	6
28543	19629	19630	6
28544	19630	19631	6
28545	19631	19632	6
28546	19632	19633	6
28547	19633	19634	2
28548	19634	19635	6
28549	19635	19636	6
28550	19636	19637	6
28551	19637	19637	0
28552	19637	19637	0
28553	19637	19637	0
28554	19637	19637	0
28555	19637	19637	0
28556	19637	19637	0
28557	19637	19637	0
28558	19637	19637	0
28559	19637	19637	0
28560	19637	19637	0
28561	19637	19637	0
28562	19637	19637	0
28563	19637	19637	0
28564	19637	19637	0
28565	19637	19637	0
28566	19637	19637	0
28567	19637	19638	2
28568	19638	19639	6
28569	19639	19640	2
28570	19640	19640	0
28571	19640	19640	0
28572	19640	19640	0
28573	19640	19640	0
28574	19640	19640	0
28575	19640	19640	0
28576	19640	19640	0
28577	19640	19640	0
28578	19640	19640	0
28579	19640	19640	6
28580	19640	19640	6
28581	19640	19640	0
28582	19640	19640	0
28583	19640	19640	0
28584	19640	19640	0
28585	19640	19641	2
28586	19641	19642	6
28587	19642	19643	6
28588	19643	19644	6
28589	19644	19644	0
28590	19644	19644	0
28591	19644	19647	6
28592	19647	19647	2
28593	19647	19647	0
28594	19647	19647	6
28595	19647	19647	0
28596	19647	19647	0
28597	19647	19647	0
28598	19647	19647	0
28599	19647	19647	0
28600	19647	19647	0
28601	19647	19647	0
28602	19647	19647	0
28603	19647	19647	0
28604	19647	19647	0
28605	19647	19647	0
28606	19647	19647	6
28607	19647	19647	0
28608	19647	19647	4
28609	19647	19647	0
28610	19647	19647	0
28611	19647	19647	0
28612	19647	19647	0
28613	19647	19647	0
28614	19647	19650	6
28615	19650	19650	4
28616	19650	19650	0
28617	19650	19650	0
28618	19650	19650	0
28619	19650	19650	0
28620	19650	19650	0
28621	19650	19651	6
28622	19651	19651	4
28623	19651	19651	0
28624	19651	19651	0
28625	19651	19651	0
28626	19651	19651	0
28627	19651	19653	6
28628	19653	19653	0
28629	19653	19653	0
28630	19653	19653	0
28631	19653	19653	0
28632	19653	19653	0
28633	19653	19653	0
28634	19653	19653	0
28635	19653	19653	0
28636	19653	19653	0
28637	19653	19654	6
28638	19654	19655	4
28639	19655	19656	2
28640	19656	19656	0
28641	19656	19656	0
28642	19656	19656	0
28643	19656	19656	0
28644	19656	19656	0
28645	19656	19656	6
28646	19656	19657	6
28647	19657	19659	6
28648	19659	19660	6
28649	19660	19660	0
28650	19660	19660	0
28651	19660	19660	0
28652	19660	19660	0
28653	19660	19660	0
28654	19660	19660	0
28655	19660	19660	0
28656	19660	19660	0
28657	19660	19662	6
28658	19662	19662	0
28659	19662	19662	0
28660	19662	19664	6
28661	19664	19664	0
28662	19664	19666	6
28663	19666	19666	0
28664	19666	19667	6
28665	19667	19669	6
28666	19669	19670	2
28667	19670	19671	6
28668	19671	19671	0
28669	19671	19671	0
28670	19671	19671	0
28671	19671	19671	0
28672	19671	19672	2
28673	19672	19673	6
28674	19673	19674	2
28675	19674	19675	6
28676	19675	19677	6
28677	19677	19679	6
28678	19679	19680	6
28679	19680	19681	6
28680	19681	19681	0
28681	19681	19681	0
28682	19681	19681	0
28683	19681	19682	6
28684	19682	19684	6
28685	19684	19686	6
28686	19686	19687	6
28687	19687	19688	6
28688	19688	19689	2
28689	19689	19691	6
28690	19691	19691	0
28691	19691	19691	0
28692	19691	19692	2
28693	19692	19694	6
28694	19694	19694	2
28695	19694	19695	6
28696	19695	19697	6
28697	19697	19699	6
28698	19699	19699	0
28699	19699	19700	4
28700	19700	19702	6
28701	19702	19704	6
28702	19704	19705	2
28703	19705	19705	0
28704	19705	19706	6
28705	19706	19707	2
28706	19707	19707	0
28707	19707	19707	0
28708	19707	19707	0
28709	19707	19707	0
28710	19707	19707	0
28711	19707	19707	0
28712	19707	19707	0
28713	19707	19707	0
28714	19707	19707	0
28715	19707	19707	0
28716	19707	19707	0
28717	19707	19707	0
28718	19707	19707	0
28719	19707	19707	0
28720	19707	19707	0
28721	19707	19707	0
28722	19707	19707	0
28723	19707	19707	0
28724	19707	19707	0
28725	19707	19707	0
28726	19707	19707	0
28727	19707	19707	0
28728	19707	19707	0
28729	19707	19707	0
28730	19707	19707	0
28731	19707	19707	0
28732	19707	19707	0
28733	19707	19707	0
28734	19707	19707	0
28735	19707	19707	0
28736	19707	19707	0
28737	19707	19707	0
28738	19707	19707	0
28739	19707	19707	0
28740	19707	19707	0
28741	19707	19707	0
28742	19707	19707	0
28743	19707	19707	0
28744	19707	19707	0
28745	19707	19707	0
28746	19707	19707	0
28747	19707	19707	0
28748	19707	19707	0
28749	19707	19707	0
28750	19707	19707	0
28751	19707	19707	0
28752	19707	19707	0
28753	19707	19707	0
28754	19707	19707	0
28755	19707	19707	0
28756	19707	19707	0
28757	19707	19707	0
28758	19707	19707	0
28759	19707	19707	0
28760	19707	19707	0
28761	19707	19707	0
28762	19707	19707	0
28763	19707	19708	6
28764	19708	19708	0
28765	19708	19708	0
28766	19708	19708	0
28767	19708	19708	0
28768	19708	19709	4
28769	19709	19709	0
28770	19709	19709	0
28771	19709	19709	0
28772	19709	19709	0
28773	19709	19709	0
28774	19709	19709	0
28775	19709	19709	0
28776	19709	19709	0
28777	19709	19709	0
28778	19709	19709	0
28779	19709	19709	0
28780	19709	19709	0
28781	19709	19709	0
28782	19709	19709	0
28783	19709	19709	0
28784	19709	19709	0
28785	19709	19709	0
28786	19709	19709	0
28787	19709	19709	0
28788	19709	19709	0
28789	19709	19709	0
28790	19709	19709	0
28791	19709	19709	0
28792	19709	19709	0
28793	19709	19709	0
28794	19709	19709	0
28795	19709	19709	0
28796	19709	19709	0
28797	19709	19709	0
28798	19709	19709	0
28799	19709	19709	0
28800	19709	19709	0
28801	19709	19709	0
28802	19709	19709	0
28803	19709	19710	6
28804	19710	19711	2
28805	19711	19711	0
28806	19711	19711	0
28807	19711	19711	0
28808	19711	19711	0
28809	19711	19711	0
28810	19711	19711	0
28811	19711	19711	0
28812	19711	19712	2
28813	19712	19713	2
28814	19713	19714	6
28815	19714	19715	6
28816	19715	19715	0
28817	19715	19715	4
28818	19715	19715	0
28819	19715	19716	6
28820	19716	19716	0
28821	19716	19716	0
28822	19716	19716	0
28823	19716	19716	0
28824	19716	19716	0
28825	19716	19716	0
28826	19716	19716	0
28827	19716	19716	0
28828	19716	19716	0
28829	19716	19716	0
28830	19716	19716	0
28831	19716	19716	0
28832	19716	19716	0
28833	19716	19716	0
28834	19716	19716	0
28835	19716	19716	0
28836	19716	19716	0
28837	19716	19716	0
28838	19716	19716	0
28839	19716	19717	2
28840	19717	19718	6
28841	19718	19719	6
28842	19719	19719	0
28843	19719	19719	0
28844	19719	19721	6
28845	19721	19722	6
28846	19722	19722	0
28847	19722	19722	0
28848	19722	19722	0
28849	19722	19722	0
28850	19722	19722	0
28851	19722	19722	0
28852	19722	19723	6
28853	19723	19724	2
28854	19724	19725	2
28855	19725	19725	0
28856	19725	19725	0
28857	19725	19725	0
28858	19725	19725	0
28859	19725	19725	0
28860	19725	19725	0
28861	19725	19726	6
28862	19726	19727	6
28863	19727	19728	6
28864	19728	19729	6
28865	19729	19729	0
28866	19729	19729	0
28867	19729	19729	0
28868	19729	19729	0
28869	19729	19729	0
28870	19729	19729	0
28871	19729	19729	0
28872	19729	19729	0
28873	19729	19729	0
28874	19729	19729	0
28875	19729	19729	0
28876	19729	19729	0
28877	19729	19729	0
28878	19729	19729	0
28879	19729	19729	0
28880	19729	19729	0
28881	19729	19729	0
28882	19729	19729	0
28883	19729	19729	0
28884	19729	19729	0
28885	19729	19729	0
28886	19729	19729	0
28887	19729	19729	0
28888	19729	19729	0
28889	19729	19729	0
28890	19729	19729	0
28891	19729	19729	0
28892	19729	19729	0
28893	19729	19729	0
28894	19729	19729	0
28895	19729	19729	0
28896	19729	19729	0
28897	19729	19729	0
28898	19729	19729	0
28899	19729	19729	0
28900	19729	19729	0
28901	19729	19729	0
28902	19729	19729	0
28903	19729	19729	0
28904	19729	19729	0
28905	19729	19729	0
28906	19729	19729	0
28907	19729	19729	0
28908	19729	19729	0
28909	19729	19729	0
28910	19729	19729	0
28911	19729	19729	0
28912	19729	19729	0
28913	19729	19730	2
28914	19730	19731	2
28915	19731	19731	0
28916	19731	19731	0
28917	19731	19731	0
28918	19731	19731	0
28919	19731	19731	0
28920	19731	19731	0
28921	19731	19731	0
28922	19731	19731	0
28923	19731	19731	0
28924	19731	19731	0
28925	19731	19731	0
28926	19731	19731	0
28927	19731	19731	0
28928	19731	19731	0
28929	19731	19732	2
28930	19732	19733	6
28931	19733	19734	6
28932	19734	19735	6
28933	19735	19735	0
28934	19735	19736	6
28935	19736	19738	6
28936	19738	19739	6
28937	19739	19739	0
28938	19739	19739	0
28939	19739	19739	0
28940	19739	19739	0
28941	19739	19739	0
28942	19739	19739	0
28943	19739	19739	0
28944	19739	19740	2
28945	19740	19741	6
28946	19741	19742	6
28947	19742	19743	6
28948	19743	19744	6
28949	19744	19744	0
28950	19744	19744	0
28951	19744	19744	0
28952	19744	19744	0
28953	19744	19744	0
28954	19744	19744	0
28955	19744	19744	0
28956	19744	19744	0
28957	19744	19744	2
28958	19744	19745	6
28959	19745	19745	0
28960	19745	19746	6
28961	19746	19747	4
28962	19747	19748	6
28963	19748	19748	0
28964	19748	19749	6
28965	19749	19749	0
28966	19749	19749	0
28967	19749	19749	0
28968	19749	19749	0
28969	19749	19749	0
28970	19749	19749	0
28971	19749	19749	0
28972	19749	19749	0
28973	19749	19749	0
28974	19749	19749	0
28975	19749	19749	0
28976	19749	19749	0
28977	19749	19749	0
28978	19749	19749	0
28979	19749	19749	0
28980	19749	19749	0
28981	19749	19749	0
28982	19749	19749	0
28983	19749	19749	0
28984	19749	19749	0
28985	19749	19749	0
28986	19749	19749	0
28987	19749	19749	2
28988	19749	19749	0
28989	19749	19749	0
28990	19749	19749	0
28991	19749	19749	0
28992	19749	19749	0
28993	19749	19749	0
28994	19749	19749	0
28995	19749	19749	0
28996	19749	19749	0
28997	19749	19749	0
28998	19749	19749	0
28999	19749	19749	0
29000	19749	19749	0
29001	19749	19749	0
29002	19749	19749	0
29003	19749	19749	0
29004	19749	19749	0
29005	19749	19749	0
29006	19749	19749	0
29007	19749	19749	0
29008	19749	19749	0
29009	19749	19749	0
29010	19749	19749	0
29011	19749	19749	0
29012	19749	19749	0
29013	19749	19749	0
29014	19749	19749	0
29015	19749	19749	0
29016	19749	19749	0
29017	19749	19749	0
29018	19749	19749	0
29019	19749	19749	0
29020	19749	19749	0
29021	19749	19749	0
29022	19749	19749	0
29023	19749	19749	0
29024	19749	19749	0
29025	19749	19749	0
29026	19749	19749	0
29027	19749	19749	0
29028	19749	19749	0
29029	19749	19749	6
29030	19749	19750	6
29031	19750	19750	0
29032	19750	19750	0
29033	19750	19750	0
29034	19750	19750	4
29035	19750	19750	0
29036	19750	19750	0
29037	19750	19750	0
29038	19750	19750	0
29039	19750	19750	0
29040	19750	19750	4
29041	19750	19750	0
29042	19750	19750	0
29043	19750	19750	0
29044	19750	19750	0
29045	19750	19750	0
29046	19750	19750	0
29047	19750	19750	0
29048	19750	19750	0
29049	19750	19750	0
29050	19750	19750	0
29051	19750	19751	6
29052	19751	19753	6
29053	19753	19754	6
29054	19754	19756	6
29055	19756	19756	0
29056	19756	19756	0
29057	19756	19756	0
29058	19756	19756	0
29059	19756	19756	0
29060	19756	19756	0
29061	19756	19756	0
29062	19756	19756	0
29063	19756	19756	0
29064	19756	19756	0
29065	19756	19756	0
29066	19756	19756	0
29067	19756	19756	0
29068	19756	19756	0
29069	19756	19756	0
29070	19756	19756	0
29071	19756	19756	0
29072	19756	19756	0
29073	19756	19756	0
29074	19756	19756	0
29075	19756	19756	0
29076	19756	19756	0
29077	19756	19756	0
29078	19756	19756	0
29079	19756	19756	0
29080	19756	19756	0
29081	19756	19756	0
29082	19756	19756	0
29083	19756	19756	0
29084	19756	19756	0
29085	19756	19756	0
29086	19756	19756	0
29087	19756	19756	0
29088	19756	19756	0
29089	19756	19756	0
29090	19756	19756	0
29091	19756	19756	0
29092	19756	19756	0
29093	19756	19756	0
29094	19756	19756	0
29095	19756	19756	0
29096	19756	19756	0
29097	19756	19756	0
29098	19756	19756	0
29099	19756	19756	0
29100	19756	19756	0
29101	19756	19756	0
29102	19756	19756	0
29103	19756	19756	0
29104	19756	19756	0
29105	19756	19756	0
29106	19756	19756	0
29107	19756	19756	0
29108	19756	19756	0
29109	19756	19756	0
29110	19756	19756	0
29111	19756	19756	0
29112	19756	19756	0
29113	19756	19756	0
29114	19756	19756	0
29115	19756	19756	0
29116	19756	19756	0
29117	19756	19756	0
29118	19756	19756	0
29119	19756	19756	0
29120	19756	19756	0
29121	19756	19756	0
29122	19756	19756	0
29123	19756	19756	0
29124	19756	19756	0
29125	19756	19756	0
29126	19756	19756	0
29127	19756	19756	0
29128	19756	19756	0
29129	19756	19756	0
29130	19756	19756	0
29131	19756	19756	0
29132	19756	19756	0
29133	19756	19756	0
29134	19756	19756	0
29135	19756	19756	0
29136	19756	19756	0
29137	19756	19756	0
29138	19756	19756	6
29139	19756	19756	0
29140	19756	19756	0
29141	19756	19756	0
29142	19756	19757	6
29143	19757	19757	6
29144	19757	19757	0
29145	19757	19757	6
29146	19757	19757	0
29147	19757	19757	0
29148	19757	19759	6
29149	19759	19760	6
29150	19760	19761	2
29151	19761	19761	0
29152	19761	19761	0
29153	19761	19761	0
29154	19761	19761	0
29155	19761	19761	0
29156	19761	19761	0
29157	19761	19761	0
29158	19761	19761	0
29159	19761	19761	0
29160	19761	19761	0
29161	19761	19761	0
29162	19761	19762	6
29163	19762	19763	6
29164	19763	19764	6
29165	19764	19765	6
29166	19765	19767	6
29167	19767	19767	0
29168	19767	19769	6
29169	19769	19770	6
29170	19770	19771	6
29171	19771	19771	0
29172	19771	19772	6
29173	19772	19773	6
29174	19773	19774	6
29175	19774	19775	6
29176	19775	19776	6
29177	19776	19777	6
29178	19777	19779	6
29179	19779	19780	6
29180	19780	19781	6
29181	19781	19781	0
29182	19781	19781	6
29183	19781	19782	6
29184	19782	19783	6
29185	19783	19784	6
29186	19784	19785	6
29187	19785	19787	6
29188	19787	19788	6
29189	19788	19789	6
29190	19789	19789	6
29191	19789	19790	6
29192	19790	19791	2
29193	19791	19791	0
29194	19791	19791	0
29195	19791	19791	0
29196	19791	19791	0
29197	19791	19791	0
29198	19791	19792	6
29199	19792	19792	0
29200	19792	19792	0
29201	19792	19792	0
29202	19792	19792	0
29203	19792	19792	0
29204	19792	19792	0
29205	19792	19792	0
29206	19792	19793	2
29207	19793	19793	0
29208	19793	19794	6
29209	19794	19794	0
29210	19794	19794	0
29211	19794	19794	0
29212	19794	19795	6
29213	19795	19795	0
29214	19795	19796	6
29215	19796	19796	0
29216	19796	19798	6
29217	19798	19799	6
29218	19799	19800	4
29219	19800	19800	0
29220	19800	19801	6
29221	19801	19802	6
29222	19802	19803	6
29223	19803	19804	6
29224	19804	19807	6
29225	19807	19807	0
29226	19807	19807	0
29227	19807	19808	6
29228	19808	19809	6
29229	19809	19810	6
29230	19810	19811	6
29231	19811	19813	6
29232	19813	19814	6
29233	19814	19815	6
29234	19815	19816	6
29235	19816	19817	6
29236	19817	19818	6
29237	19818	19819	6
29238	19819	19820	6
29239	19820	19822	6
29240	19822	19823	6
29241	19823	19825	6
29242	19825	19826	6
29243	19826	19828	6
29244	19828	19829	6
29245	19829	19831	6
29246	19831	19832	6
29247	19832	19834	6
29248	19834	19835	6
29249	19835	19837	6
29250	19837	19838	6
29251	19838	19840	6
29252	19840	19841	6
29253	19841	19843	6
29254	19843	19844	6
29255	19844	19844	0
29256	19844	19844	0
29257	19844	19844	0
29258	19844	19845	6
29259	19845	19845	0
29260	19845	19845	0
29261	19845	19846	6
29262	19846	19846	0
29263	19846	19846	0
29264	19846	19846	0
29265	19846	19846	0
29266	19846	19846	0
29267	19846	19846	0
29268	19846	19846	0
29269	19846	19846	0
29270	19846	19849	6
29271	19849	19855	6
29272	19855	19858	6
29273	19858	19863	6
29274	19863	19865	6
29275	19865	19869	6
29276	19869	19871	6
29277	19871	19875	6
29278	19875	19878	6
29279	19878	19881	6
29280	19881	19882	6
29281	19882	19882	6
29282	19882	19884	6
29283	19884	19885	6
29284	19885	19889	6
29285	19889	19890	6
29286	19890	19892	6
29287	19892	19895	6
29288	19895	19899	6
29289	19899	19905	6
29290	19905	19906	6
29291	19906	19908	6
29292	19908	19909	6
29293	19909	19910	6
29294	19910	19911	6
29295	19911	19912	6
29296	19912	19913	6
29297	19913	19914	6
29298	19914	19916	6
29299	19916	19918	6
29300	19918	19920	6
29301	19920	19924	6
29302	19924	19928	6
29303	19928	19931	6
29304	19931	19932	6
29305	19932	19933	6
29306	19933	19934	6
29307	19934	19935	6
29308	19935	19937	6
29309	19937	19939	6
29310	19939	19939	6
29311	19939	19941	6
29312	19941	19942	6
29313	19942	19944	6
29314	19944	19945	6
29315	19945	19946	4
29316	19946	19948	6
29317	19948	19949	6
29318	19949	19951	6
29319	19951	19954	6
29320	19954	19955	6
29321	19955	19957	6
29322	19957	19958	4
29323	19958	19958	0
29324	19958	19959	6
29325	19959	19961	6
29326	19961	19962	6
29327	19962	19964	6
29328	19964	19964	0
29329	19964	19964	0
29330	19964	19967	6
29331	19967	19969	6
29332	19969	19969	0
29333	19969	19969	0
29334	19969	19969	0
29335	19969	19969	6
29336	19969	19969	0
29337	19969	19969	0
29338	19969	19969	0
29339	19969	19969	0
29340	19969	19969	4
29341	19969	19970	6
29342	19970	19971	6
29343	19971	19972	6
29344	19972	19972	0
29345	19972	19972	0
29346	19972	19973	2
29347	19973	19973	0
29348	19973	19973	0
29349	19973	19973	0
29350	19973	19973	0
29351	19973	19973	0
29352	19973	19973	0
29353	19973	19973	0
29354	19973	19973	0
29355	19973	19973	0
29356	19973	19973	0
29357	19973	19975	6
29358	19975	19976	6
29359	19976	19977	6
29360	19977	19979	6
29361	19979	19980	6
29362	19980	19981	6
29363	19981	19983	6
29364	19983	19983	4
29365	19983	19984	6
29366	19984	19985	6
29367	19985	19985	0
29368	19985	19985	0
29369	19985	19986	6
29370	19986	19987	6
29371	19987	19987	0
29372	19987	19988	4
29373	19988	19988	6
29374	19988	19989	6
29375	19989	19990	6
29376	19990	19991	6
29377	19991	19992	6
29378	19992	19993	6
29379	19993	19994	6
29380	19994	19994	0
29381	19994	19994	0
29382	19994	19995	4
29383	19995	19995	0
29384	19995	19995	0
29385	19995	19995	0
29386	19995	19995	0
29387	19995	19996	6
29388	19996	19996	0
29389	19996	19997	6
29390	19997	19997	0
29391	19997	19997	0
29392	19997	19997	0
29393	19997	19998	6
29394	19998	19999	6
29395	19999	20000	6
29396	20000	20001	6
29397	20001	20002	6
29398	20002	20003	6
29399	20003	20005	6
29400	20005	20006	6
29401	20006	20007	6
29402	20007	20008	6
29403	20008	20009	6
29404	20009	20010	6
29405	20010	20011	6
29406	20011	20012	6
29407	20012	20012	0
29408	20012	20012	0
29409	20012	20013	6
29410	20013	20013	0
29411	20013	20014	2
29412	20014	20015	6
29413	20015	20015	0
29414	20015	20016	6
29415	20016	20017	6
29416	20017	20018	6
29417	20018	20019	6
29418	20019	20020	6
29419	20020	20021	6
29420	20021	20022	6
29421	20022	20023	6
29422	20023	20024	6
29423	20024	20025	6
29424	20025	20025	0
29425	20025	20026	6
29426	20026	20026	2
29427	20026	20027	6
29428	20027	20027	2
29429	20027	20027	0
29430	20027	20027	0
29431	20027	20027	0
29432	20027	20027	0
29433	20027	20027	0
29434	20027	20030	6
29435	20030	20030	2
29436	20030	20030	4
29437	20030	20030	0
29438	20030	20030	0
29439	20030	20030	0
29440	20030	20030	0
29441	20030	20030	0
29442	20030	20030	0
29443	20030	20030	0
29444	20030	20030	0
29445	20030	20030	0
29446	20030	20030	0
29447	20030	20030	0
29448	20030	20030	0
29449	20030	20030	0
29450	20030	20030	0
29451	20030	20030	0
29452	20030	20030	0
29453	20030	20030	0
29454	20030	20030	0
29455	20030	20030	4
29456	20030	20030	0
29457	20030	20030	0
29458	20030	20030	0
29459	20030	20030	4
29460	20030	20030	0
29461	20030	20030	0
29462	20030	20030	0
29463	20030	20030	0
29464	20030	20030	0
29465	20030	20030	0
29466	20030	20030	0
29467	20030	20030	0
29468	20030	20030	0
29469	20030	20030	0
29470	20030	20030	0
29471	20030	20030	0
29472	20030	20030	0
29473	20030	20030	0
29474	20030	20030	0
29475	20030	20030	0
29476	20030	20030	0
29477	20030	20030	0
29478	20030	20030	0
29479	20030	20030	0
29480	20030	20030	0
29481	20030	20030	0
29482	20030	20030	0
29483	20030	20030	0
29484	20030	20030	0
29485	20030	20030	0
29486	20030	20030	0
29487	20030	20030	0
29488	20030	20030	0
29489	20030	20030	0
29490	20030	20030	2
29491	20030	20030	0
29492	20030	20030	0
29493	20030	20030	0
29494	20030	20032	6
29495	20032	20033	6
29496	20033	20033	0
29497	20033	20034	6
29498	20034	20038	6
29499	20038	20040	6
29500	20040	20040	0
29501	20040	20040	0
29502	20040	20040	0
29503	20040	20040	0
29504	20040	20040	0
29505	20040	20040	0
29506	20040	20040	0
29507	20040	20040	0
29508	20040	20040	0
29509	20040	20040	0
29510	20040	20040	0
29511	20040	20040	0
29512	20040	20040	0
29513	20040	20040	0
29514	20040	20040	0
29515	20040	20040	0
29516	20040	20040	0
29517	20040	20040	0
29518	20040	20040	0
29519	20040	20040	0
29520	20040	20040	0
29521	20040	20040	0
29522	20040	20040	0
29523	20040	20040	0
29524	20040	20040	0
29525	20040	20040	0
29526	20040	20040	0
29527	20040	20040	0
29528	20040	20040	0
29529	20040	20040	0
29530	20040	20040	0
29531	20040	20040	0
29532	20040	20040	0
29533	20040	20040	0
29534	20040	20040	0
29535	20040	20040	0
29536	20040	20040	0
29537	20040	20040	0
29538	20040	20040	0
29539	20040	20040	0
29540	20040	20040	0
29541	20040	20040	0
29542	20040	20040	0
29543	20040	20040	0
29544	20040	20040	0
29545	20040	20040	0
29546	20040	20040	0
29547	20040	20040	0
29548	20040	20040	0
29549	20040	20040	0
29550	20040	20042	6
29551	20042	20042	0
29552	20042	20042	0
29553	20042	20042	0
29554	20042	20042	0
29555	20042	20042	0
29556	20042	20042	0
29557	20042	20042	6
29558	20042	20042	0
29559	20042	20042	0
29560	20042	20042	0
29561	20042	20042	0
29562	20042	20044	6
29563	20044	20046	6
29564	20046	20046	0
29565	20046	20046	0
29566	20046	20046	0
29567	20046	20047	6
29568	20047	20047	0
29569	20047	20057	6
29570	20057	20059	6
29571	20059	20061	6
29572	20061	20063	6
29573	20063	20064	6
29574	20064	20065	6
29575	20065	20067	6
29576	20067	20068	6
29577	20068	20076	6
29578	20076	20078	6
29579	20078	20083	6
29580	20083	20084	6
29581	20084	20084	0
29582	20084	20084	0
29583	20084	20084	0
29584	20084	20084	4
29585	20084	20084	6
29586	20084	20084	0
29587	20084	20085	6
29588	20085	20086	4
29589	20086	20086	4
29590	20086	20086	0
29591	20086	20086	0
29592	20086	20086	0
29593	20086	20086	0
29594	20086	20086	0
29595	20086	20086	0
29596	20086	20086	0
29597	20086	20086	0
29598	20086	20086	0
29599	20086	20086	0
29600	20086	20086	0
29601	20086	20086	0
29602	20086	20086	0
29603	20086	20086	0
29604	20086	20086	0
29605	20086	20086	0
29606	20086	20086	0
29607	20086	20086	0
29608	20086	20086	0
29609	20086	20086	0
29610	20086	20086	0
29611	20086	20086	0
29612	20086	20086	0
29613	20086	20086	0
29614	20086	20086	0
29615	20086	20086	0
29616	20086	20086	0
29617	20086	20086	0
29618	20086	20086	0
29619	20086	20086	0
29620	20086	20086	0
29621	20086	20086	0
29622	20086	20086	0
29623	20086	20086	0
29624	20086	20086	0
29625	20086	20086	0
29626	20086	20086	0
29627	20086	20086	0
29628	20086	20086	0
29629	20086	20086	0
29630	20086	20086	0
29631	20086	20086	0
29632	20086	20086	0
29633	20086	20086	0
29634	20086	20086	0
29635	20086	20086	0
29636	20086	20086	0
29637	20086	20086	0
29638	20086	20086	0
29639	20086	20086	0
29640	20086	20086	0
29641	20086	20086	0
29642	20086	20086	0
29643	20086	20086	0
29644	20086	20086	0
29645	20086	20086	0
29646	20086	20086	0
29647	20086	20086	0
29648	20086	20086	0
29649	20086	20086	0
29650	20086	20086	2
29651	20086	20086	0
29652	20086	20086	0
29653	20086	20086	0
29654	20086	20086	0
29655	20086	20086	0
29656	20086	20086	2
29657	20086	20086	2
29658	20086	20087	2
29659	20087	20087	0
29660	20087	20087	0
29661	20087	20087	0
29662	20087	20087	0
29663	20087	20087	0
29664	20087	20087	0
29665	20087	20087	2
29666	20087	20087	0
29667	20087	20087	0
29668	20087	20087	0
29669	20087	20087	6
29670	20087	20087	0
29671	20087	20087	0
29672	20087	20087	0
29673	20087	20087	0
29674	20087	20087	0
29675	20087	20087	0
29676	20087	20087	0
29677	20087	20087	0
29678	20087	20088	6
29679	20088	20088	0
29680	20088	20088	0
29681	20088	20088	0
29682	20088	20088	0
29683	20088	20088	0
29684	20088	20088	0
29685	20088	20088	0
29686	20088	20088	0
29687	20088	20088	0
29688	20088	20088	0
29689	20088	20088	0
29690	20088	20088	0
29691	20088	20088	6
29692	20088	20088	0
29693	20088	20088	0
29694	20088	20088	0
29695	20088	20088	0
29696	20088	20088	0
29697	20088	20088	0
29698	20088	20088	0
29699	20088	20088	0
29700	20088	20088	0
29701	20088	20088	0
29702	20088	20088	0
29703	20088	20092	6
29704	20092	20100	6
29705	20100	20104	6
29706	20104	20106	6
29707	20106	20108	6
29708	20108	20112	6
29709	20112	20121	6
29710	20121	20126	6
29711	20126	20135	6
29712	20135	20145	6
29713	20145	20163	6
29714	20163	20163	0
29715	20163	20167	6
29716	20167	20171	6
29717	20171	20179	6
29718	20179	20179	0
29719	20179	20179	0
29720	20179	20179	0
29721	20179	20179	0
29722	20179	20181	2
29723	20181	20181	0
29724	20181	20182	2
29725	20182	20182	2
29726	20182	20186	6
29727	20186	20188	6
29728	20188	20197	6
29729	20197	20202	6
29730	20202	20203	2
29731	20203	20204	2
29732	20204	20209	6
29733	20209	20217	6
29734	20217	20218	2
29735	20218	20222	6
29736	20222	20227	6
29737	20227	20229	6
29738	20229	20231	6
29739	20231	20236	6
29740	20236	20240	6
29741	20240	20240	0
29742	20240	20240	0
29743	20240	20240	0
29744	20240	20242	6
29745	20242	20246	6
29746	20246	20248	6
29747	20248	20248	0
29748	20248	20250	6
29749	20250	20251	6
29750	20251	20251	0
29751	20251	20251	0
29752	20251	20251	0
29753	20251	20251	0
29754	20251	20251	0
29755	20251	20251	0
29756	20251	20251	0
29757	20251	20251	0
29758	20251	20251	0
29759	20251	20251	0
29760	20251	20251	0
29761	20251	20251	0
29762	20251	20251	0
29763	20251	20251	0
29764	20251	20251	0
29765	20251	20251	0
29766	20251	20251	0
29767	20251	20251	0
29768	20251	20251	0
29769	20251	20251	0
29770	20251	20251	0
29771	20251	20251	0
29772	20251	20251	0
29773	20251	20251	0
29774	20251	20251	0
29775	20251	20251	0
29776	20251	20251	0
29777	20251	20251	0
29778	20251	20251	0
29779	20251	20251	0
29780	20251	20251	0
29781	20251	20251	0
29782	20251	20251	0
29783	20251	20251	0
29784	20251	20251	0
29785	20251	20251	0
29786	20251	20251	0
29787	20251	20251	0
29788	20251	20251	0
29789	20251	20251	0
29790	20251	20251	0
29791	20251	20251	0
29792	20251	20251	0
29793	20251	20251	0
29794	20251	20251	0
29795	20251	20252	6
29796	20252	20252	0
29797	20252	20252	0
29798	20252	20252	0
29799	20252	20252	0
29800	20252	20252	0
29801	20252	20252	0
29802	20252	20255	6
29803	20255	20256	6
29804	20256	20256	0
29805	20256	20259	6
29806	20259	20260	6
29807	20260	20260	0
29808	20260	20266	6
29809	20266	20268	6
29810	20268	20268	0
29811	20268	20268	0
29812	20268	20268	0
29813	20268	20268	0
29814	20268	20268	0
29815	20268	20268	0
29816	20268	20268	0
29817	20268	20268	2
29818	20268	20268	0
29819	20268	20268	0
29820	20268	20268	0
29821	20268	20268	0
29822	20268	20268	0
29823	20268	20268	0
29824	20268	20268	0
29825	20268	20268	0
29826	20268	20268	0
29827	20268	20268	0
29828	20268	20269	2
29829	20269	20269	0
29830	20269	20269	0
29831	20269	20271	2
29832	20271	20275	2
29833	20275	20275	0
29834	20275	20275	0
29835	20275	20275	0
29836	20275	20275	0
29837	20275	20275	0
29838	20275	20275	0
29839	20275	20275	0
29840	20275	20275	0
29841	20275	20275	0
29842	20275	20275	0
29843	20275	20275	0
29844	20275	20275	0
29845	20275	20275	0
29846	20275	20275	0
29847	20275	20275	0
29848	20275	20275	0
29849	20275	20277	6
29850	20277	20279	6
29851	20279	20283	6
29852	20283	20283	0
29853	20283	20283	6
29854	20283	20285	6
29855	20285	20287	6
29856	20287	20289	6
29857	20289	20291	6
29858	20291	20293	6
29859	20293	20295	6
29860	20295	20297	2
29861	20297	20299	6
29862	20299	20300	6
29863	20300	20301	6
29864	20301	20305	6
29865	20305	20307	6
29866	20307	20309	6
29867	20309	20310	6
29868	20310	20311	6
29869	20311	20311	0
29870	20311	20311	0
29871	20311	20311	0
29872	20311	20311	0
29873	20311	20314	6
29874	20314	20317	6
29875	20317	20317	0
29876	20317	20317	0
29877	20317	20317	0
29878	20317	20317	0
29879	20317	20318	6
29880	20318	20319	2
29881	20319	20319	0
29882	20319	20319	0
29883	20319	20319	0
29884	20319	20319	0
29885	20319	20319	0
29886	20319	20319	0
29887	20319	20319	0
29888	20319	20319	0
29889	20319	20319	0
29890	20319	20319	0
29891	20319	20319	0
29892	20319	20319	0
29893	20319	20319	0
29894	20319	20319	0
29895	20319	20319	0
29896	20319	20319	0
29897	20319	20319	0
29898	20319	20319	0
29899	20319	20319	0
29900	20319	20320	2
29901	20320	20320	0
29902	20320	20320	0
29903	20320	20320	0
29904	20320	20320	0
29905	20320	20320	0
29906	20320	20320	0
29907	20320	20321	2
29908	20321	20321	0
29909	20321	20322	6
29910	20322	20323	2
29911	20323	20324	6
29912	20324	20324	0
29913	20324	20324	0
29914	20324	20324	0
29915	20324	20324	0
29916	20324	20326	6
29917	20326	20327	6
29918	20327	20328	6
29919	20328	20328	0
29920	20328	20329	2
29921	20329	20329	6
29922	20329	20331	6
29923	20331	20333	6
29924	20333	20334	4
29925	20334	20335	6
29926	20335	20335	0
29927	20335	20335	0
29928	20335	20335	0
29929	20335	20336	6
29930	20336	20337	6
29931	20337	20338	6
29932	20338	20339	6
29933	20339	20340	6
29934	20340	20341	6
29935	20341	20342	6
29936	20342	20343	6
29937	20343	20344	6
29938	20344	20345	6
29939	20345	20347	6
29940	20347	20348	6
29941	20348	20348	0
29942	20348	20348	0
29943	20348	20349	6
29944	20349	20352	6
29945	20352	20353	6
29946	20353	20354	6
29947	20354	20358	6
29948	20358	20360	6
29949	20360	20361	6
29950	20361	20362	6
29951	20362	20365	6
29952	20365	20367	6
29953	20367	20368	6
29954	20368	20369	6
29955	20369	20370	6
29956	20370	20371	6
29957	20371	20371	0
29958	20371	20371	0
29959	20371	20371	0
29960	20371	20371	4
29961	20371	20381	6
29962	20381	20383	6
29963	20383	20396	6
29964	20396	20396	0
29965	20396	20396	4
29966	20396	20396	0
29967	20396	20398	6
29968	20398	20400	6
29969	20400	20402	6
29970	20402	20404	6
29971	20404	20410	6
29972	20410	20414	6
29973	20414	20414	0
29974	20414	20414	6
29975	20414	20415	6
29976	20415	20420	6
29977	20420	20420	0
29978	20420	20424	6
29979	20424	20426	6
29980	20426	20426	0
29981	20426	20429	2
29982	20429	20429	0
29983	20429	20429	0
29984	20429	20429	0
29985	20429	20429	0
29986	20429	20429	0
29987	20429	20429	0
29988	20429	20429	0
29989	20429	20429	0
29990	20429	20429	0
29991	20429	20429	0
29992	20429	20429	0
29993	20429	20429	0
29994	20429	20429	0
29995	20429	20429	0
29996	20429	20429	0
29997	20429	20429	0
29998	20429	20429	0
29999	20429	20429	0
30000	20429	20429	0
30001	20429	20429	0
30002	20429	20430	6
30003	20430	20431	6
30004	20431	20432	6
30005	20432	20433	6
30006	20433	20434	6
30007	20434	20435	6
30008	20435	20436	6
30009	20436	20437	6
30010	20437	20438	6
30011	20438	20439	6
30012	20439	20440	6
30013	20440	20441	6
30014	20441	20442	6
30015	20442	20443	6
30016	20443	20444	6
30017	20444	20445	6
30018	20445	20446	6
30019	20446	20447	6
30020	20447	20448	6
30021	20448	20449	6
30022	20449	20450	6
30023	20450	20450	0
30024	20450	20451	6
30025	20451	20452	6
30026	20452	20453	6
30027	20453	20454	6
30028	20454	20455	6
30029	20455	20456	6
30030	20456	20457	6
30031	20457	20458	6
30032	20458	20459	6
30033	20459	20460	6
30034	20460	20461	6
30035	20461	20462	6
30036	20462	20463	6
30037	20463	20464	6
30038	20464	20465	6
30039	20465	20466	6
30040	20466	20467	6
30041	20467	20468	6
30042	20468	20469	6
30043	20469	20469	0
30044	20469	20470	6
30045	20470	20471	6
30046	20471	20471	0
30047	20471	20472	6
30048	20472	20473	6
30049	20473	20473	0
30050	20473	20474	6
30051	20474	20475	6
30052	20475	20476	6
30053	20476	20476	0
30054	20476	20477	6
30055	20477	20478	6
30056	20478	20478	0
30057	20478	20478	0
30058	20478	20478	0
30059	20478	20479	6
30060	20479	20480	6
30061	20480	20480	0
30062	20480	20481	6
30063	20481	20482	6
30064	20482	20483	6
30065	20483	20484	6
30066	20484	20485	6
30067	20485	20486	6
30068	20486	20487	6
30069	20487	20488	6
30070	20488	20489	6
30071	20489	20490	6
30072	20490	20491	6
30073	20491	20492	6
30074	20492	20493	6
30075	20493	20494	6
30076	20494	20495	6
30077	20495	20496	6
30078	20496	20497	6
30079	20497	20498	6
30080	20498	20499	6
30081	20499	20500	6
30082	20500	20501	6
30083	20501	20502	6
30084	20502	20503	6
30085	20503	20504	6
30086	20504	20505	6
30087	20505	20506	6
30088	20506	20507	6
30089	20507	20508	6
30090	20508	20509	6
30091	20509	20510	6
30092	20510	20511	6
30093	20511	20512	6
30094	20512	20513	6
30095	20513	20514	6
30096	20514	20515	2
30097	20515	20516	6
30098	20516	20517	6
30099	20517	20518	6
30100	20518	20519	6
30101	20519	20520	6
30102	20520	20521	6
30103	20521	20522	6
30104	20522	20523	6
30105	20523	20524	6
30106	20524	20525	6
30107	20525	20525	0
30108	20525	20526	4
30109	20526	20527	6
30110	20527	20528	2
30111	20528	20528	0
30112	20528	20529	6
30113	20529	20530	6
30114	20530	20531	6
30115	20531	20532	6
30116	20532	20533	6
30117	20533	20533	4
30118	20533	20533	0
30119	20533	20533	0
30120	20533	20533	0
30121	20533	20533	0
30122	20533	20533	0
30123	20533	20534	6
30124	20534	20535	6
30125	20535	20536	6
30126	20536	20537	6
30127	20537	20538	6
30128	20538	20538	0
30129	20538	20538	0
30130	20538	20538	0
30131	20538	20538	0
30132	20538	20538	0
30133	20538	20538	0
30134	20538	20538	0
30135	20538	20538	0
30136	20538	20538	0
30137	20538	20538	0
30138	20538	20539	6
30139	20539	20540	6
30140	20540	20540	0
30141	20540	20540	0
30142	20540	20541	6
30143	20541	20542	6
30144	20542	20543	6
30145	20543	20543	0
30146	20543	20544	6
30147	20544	20545	6
30148	20545	20546	6
30149	20546	20547	6
30150	20547	20548	6
30151	20548	20549	6
30152	20549	20550	6
30153	20550	20551	6
30154	20551	20552	2
30155	20552	20552	0
30156	20552	20552	6
30157	20552	20553	6
30158	20553	20554	6
30159	20554	20555	6
30160	20555	20556	6
30161	20556	20557	6
30162	20557	20558	6
30163	20558	20559	6
30164	20559	20560	6
30165	20560	20561	6
30166	20561	20562	4
30167	20562	20562	0
30168	20562	20563	4
30169	20563	20563	0
30170	20563	20564	6
30171	20564	20565	2
30172	20565	20565	0
30173	20565	20565	0
30174	20565	20565	0
30175	20565	20565	0
30176	20565	20565	0
30177	20565	20565	0
30178	20565	20565	0
30179	20565	20565	0
30180	20565	20565	0
30181	20565	20565	0
30182	20565	20565	0
30183	20565	20566	6
30184	20566	20567	6
30185	20567	20568	6
30186	20568	20569	6
30187	20569	20570	6
30188	20570	20571	6
30189	20571	20571	0
30190	20571	20572	6
30191	20572	20573	2
30192	20573	20574	2
30193	20574	20575	6
30194	20575	20576	6
30195	20576	20577	6
30196	20577	20578	6
30197	20578	20579	6
30198	20579	20580	6
30199	20580	20581	6
30200	20581	20582	6
30201	20582	20583	6
30202	20583	20584	6
30203	20584	20585	6
30204	20585	20586	6
30205	20586	20587	6
30206	20587	20588	6
30207	20588	20589	6
30208	20589	20590	6
30209	20590	20591	6
30210	20591	20592	6
30211	20592	20593	6
30212	20593	20594	6
30213	20594	20595	6
30214	20595	20596	6
30215	20596	20597	6
30216	20597	20598	6
30217	20598	20598	0
30218	20598	20598	0
30219	20598	20599	6
30220	20599	20600	6
30221	20600	20600	0
30222	20600	20600	0
30223	20600	20600	0
30224	20600	20601	4
30225	20601	20601	2
30226	20601	20602	6
30227	20602	20603	6
30228	20603	20604	6
30229	20604	20605	6
30230	20605	20606	6
30231	20606	20607	6
30232	20607	20608	6
30233	20608	20608	0
30234	20608	20609	6
30235	20609	20610	6
30236	20610	20611	6
30237	20611	20612	6
30238	20612	20614	6
30239	20614	20615	6
30240	20615	20616	6
30241	20616	20617	6
30242	20617	20618	6
30243	20618	20619	6
30244	20619	20620	6
30245	20620	20621	6
30246	20621	20622	6
30247	20622	20623	6
30248	20623	20624	6
30249	20624	20625	6
30250	20625	20626	6
30251	20626	20627	6
30252	20627	20628	6
30253	20628	20629	6
30254	20629	20630	6
30255	20630	20631	6
30256	20631	20632	6
30257	20632	20633	6
30258	20633	20634	6
30259	20634	20635	6
30260	20635	20635	0
30261	20635	20635	0
30262	20635	20635	0
30263	20635	20635	0
30264	20635	20636	6
30265	20636	20637	6
30266	20637	20638	6
30267	20638	20639	6
30268	20639	20640	6
30269	20640	20641	6
30270	20641	20642	6
30271	20642	20643	6
30272	20643	20644	6
30273	20644	20645	6
30274	20645	20646	6
30275	20646	20647	6
30276	20647	20648	6
30277	20648	20649	6
30278	20649	20650	6
30279	20650	20651	6
30280	20651	20652	6
30281	20652	20653	6
30282	20653	20654	6
30283	20654	20655	6
30284	20655	20656	6
30285	20656	20657	6
30286	20657	20658	6
30287	20658	20659	6
30288	20659	20660	6
30289	20660	20661	6
30290	20661	20662	6
30291	20662	20663	6
30292	20663	20664	6
30293	20664	20665	6
30294	20665	20666	6
30295	20666	20667	6
30296	20667	20668	6
30297	20668	20669	6
30298	20669	20670	6
30299	20670	20671	6
30300	20671	20673	6
30301	20673	20675	6
30302	20675	20676	6
30303	20676	20677	6
30304	20677	20679	6
30305	20679	20680	6
30306	20680	20682	6
30307	20682	20683	6
30308	20683	20685	6
30309	20685	20685	0
30310	20685	20686	6
30311	20686	20686	0
30312	20686	20687	6
30313	20687	20688	6
30314	20688	20689	6
30315	20689	20690	6
30316	20690	20691	6
30317	20691	20691	0
30318	20691	20692	6
30319	20692	20692	0
30320	20692	20693	6
30321	20693	20694	6
30322	20694	20695	6
30323	20695	20696	2
30324	20696	20697	6
30325	20697	20698	6
30326	20698	20699	6
30327	20699	20700	6
30328	20700	20701	6
30329	20701	20702	6
30330	20702	20703	6
30331	20703	20704	6
30332	20704	20705	6
30333	20705	20706	6
30334	20706	20707	6
30335	20707	20708	6
30336	20708	20709	6
30337	20709	20710	6
30338	20710	20711	6
30339	20711	20712	6
30340	20712	20713	6
30341	20713	20714	6
30342	20714	20715	6
30343	20715	20716	6
30344	20716	20717	6
30345	20717	20719	6
30346	20719	20720	6
30347	20720	20721	6
30348	20721	20722	6
30349	20722	20723	6
30350	20723	20724	6
30351	20724	20725	6
30352	20725	20726	6
30353	20726	20727	6
30354	20727	20728	6
30355	20728	20729	6
30356	20729	20729	0
30357	20729	20729	0
30358	20729	20729	0
30359	20729	20729	0
30360	20729	20729	0
30361	20729	20729	0
30362	20729	20729	0
30363	20729	20729	0
30364	20729	20730	6
30365	20730	20731	6
30366	20731	20732	6
30367	20732	20733	2
30368	20733	20734	6
30369	20734	20735	6
30370	20735	20735	0
30371	20735	20735	0
30372	20735	20735	0
30373	20735	20735	0
30374	20735	20735	0
30375	20735	20735	0
30376	20735	20735	0
30377	20735	20735	0
30378	20735	20735	0
30379	20735	20736	6
30380	20736	20736	0
30381	20736	20737	6
30382	20737	20738	6
30383	20738	20738	0
30384	20738	20738	0
30385	20738	20738	0
30386	20738	20738	0
30387	20738	20738	0
30388	20738	20738	4
30389	20738	20738	0
30390	20738	20738	0
30391	20738	20738	0
30392	20738	20739	6
30393	20739	20739	0
30394	20739	20739	0
30395	20739	20739	0
30396	20739	20740	6
30397	20740	20741	6
30398	20741	20741	0
30399	20741	20741	0
30400	20741	20741	0
30401	20741	20741	0
30402	20741	20741	0
30403	20741	20741	0
30404	20741	20741	0
30405	20741	20741	0
30406	20741	20741	0
30407	20741	20741	0
30408	20741	20741	0
30409	20741	20741	0
30410	20741	20741	0
30411	20741	20742	6
30412	20742	20743	6
30413	20743	20744	6
30414	20744	20745	6
30415	20745	20746	6
30416	20746	20747	6
30417	20747	20748	6
30418	20748	20749	6
30419	20749	20750	6
30420	20750	20751	6
30421	20751	20752	6
30422	20752	20753	6
30423	20753	20754	6
30424	20754	20755	6
30425	20755	20756	2
30426	20756	20757	6
30427	20757	20758	6
30428	20758	20759	6
30429	20759	20760	6
30430	20760	20761	6
30431	20761	20762	6
30432	20762	20762	0
30433	20762	20762	0
30434	20762	20762	0
30435	20762	20762	0
30436	20762	20763	6
30437	20763	20764	6
30438	20764	20765	6
30439	20765	20766	6
30440	20766	20767	6
30441	20767	20768	6
30442	20768	20769	6
30443	20769	20770	6
30444	20770	20771	6
30445	20771	20772	6
30446	20772	20773	6
30447	20773	20774	6
30448	20774	20775	6
30449	20775	20776	6
30450	20776	20777	6
30451	20777	20778	6
30452	20778	20779	6
30453	20779	20780	6
30454	20780	20781	2
30455	20781	20782	2
30456	20782	20783	6
30457	20783	20783	0
30458	20783	20783	0
30459	20783	20784	6
30460	20784	20784	0
30461	20784	20785	6
30462	20785	20786	6
30463	20786	20786	0
30464	20786	20787	6
30465	20787	20787	0
30466	20787	20788	6
30467	20788	20789	6
30468	20789	20790	6
30469	20790	20791	6
30470	20791	20792	6
30471	20792	20793	6
30472	20793	20794	6
30473	20794	20795	6
30474	20795	20796	6
30475	20796	20796	6
30476	20796	20797	6
30477	20797	20798	6
30478	20798	20799	6
30479	20799	20800	6
30480	20800	20800	0
30481	20800	20801	6
30482	20801	20802	6
30483	20802	20803	6
30484	20803	20804	6
30485	20804	20805	6
30486	20805	20806	6
30487	20806	20806	0
30488	20806	20807	2
30489	20807	20808	6
30490	20808	20809	6
30491	20809	20810	6
30492	20810	20811	6
30493	20811	20812	6
30494	20812	20813	4
30495	20813	20814	6
30496	20814	20815	6
30497	20815	20816	6
30498	20816	20817	2
30499	20817	20817	0
30500	20817	20818	6
30501	20818	20819	6
30502	20819	20820	6
30503	20820	20821	6
30504	20821	20822	6
30505	20822	20823	6
30506	20823	20824	6
30507	20824	20825	6
30508	20825	20826	6
30509	20826	20827	6
30510	20827	20828	6
30511	20828	20829	6
30512	20829	20829	0
30513	20829	20829	0
30514	20829	20829	0
30515	20829	20829	0
30516	20829	20829	0
30517	20829	20829	0
30518	20829	20829	0
30519	20829	20829	0
30520	20829	20829	0
30521	20829	20830	2
30522	20830	20830	0
30523	20830	20831	2
30524	20831	20832	2
30525	20832	20833	6
30526	20833	20834	6
30527	20834	20834	0
30528	20834	20835	6
30529	20835	20836	6
30530	20836	20837	6
30531	20837	20838	6
30532	20838	20839	6
30533	20839	20840	6
30534	20840	20841	6
30535	20841	20842	6
30536	20842	20843	6
30537	20843	20844	6
30538	20844	20845	4
30539	20845	20846	4
30540	20846	20847	6
30541	20847	20849	6
30542	20849	20851	6
30543	20851	20852	6
30544	20852	20853	6
30545	20853	20854	6
30546	20854	20855	6
30547	20855	20856	6
30548	20856	20857	6
30549	20857	20858	6
30550	20858	20859	6
30551	20859	20860	6
30552	20860	20861	6
30553	20861	20861	0
30554	20861	20862	2
30555	20862	20862	0
30556	20862	20863	4
30557	20863	20864	6
30558	20864	20865	6
30559	20865	20867	2
30560	20867	20868	6
30561	20868	20869	6
30562	20869	20869	0
30563	20869	20869	0
30564	20869	20870	6
30565	20870	20871	6
30566	20871	20872	6
30567	20872	20873	6
30568	20873	20874	2
30569	20874	20875	6
30570	20875	20876	6
30571	20876	20876	0
30572	20876	20876	0
30573	20876	20877	6
30574	20877	20877	0
30575	20877	20878	2
30576	20878	20879	6
30577	20879	20880	2
30578	20880	20880	0
30579	20880	20881	4
30580	20881	20881	0
30581	20881	20881	0
30582	20881	20882	6
30583	20882	20883	6
30584	20883	20883	0
30585	20883	20883	0
30586	20883	20883	6
30587	20883	20884	6
30588	20884	20885	6
30589	20885	20886	6
30590	20886	20887	6
30591	20887	20888	6
30592	20888	20889	6
30593	20889	20890	6
30594	20890	20891	6
30595	20891	20892	6
30596	20892	20893	6
30597	20893	20894	6
30598	20894	20895	6
30599	20895	20896	6
30600	20896	20897	6
30601	20897	20898	6
30602	20898	20899	6
30603	20899	20900	6
30604	20900	20901	6
30605	20901	20902	6
30606	20902	20903	6
30607	20903	20904	6
30608	20904	20905	6
30609	20905	20906	6
30610	20906	20907	6
30611	20907	20908	6
30612	20908	20909	6
30613	20909	20910	6
30614	20910	20911	6
30615	20911	20912	6
30616	20912	20913	6
30617	20913	20914	6
30618	20914	20915	6
30619	20915	20916	2
30620	20916	20917	6
30621	20917	20918	6
30622	20918	20918	0
30623	20918	20919	6
30624	20919	20920	6
30625	20920	20921	6
30626	20921	20922	6
30627	20922	20923	6
30628	20923	20924	6
30629	20924	20925	6
30630	20925	20926	6
30631	20926	20927	6
30632	20927	20928	6
30633	20928	20929	6
30634	20929	20930	6
30635	20930	20931	6
30636	20931	20932	6
30637	20932	20933	6
30638	20933	20934	6
30639	20934	20935	6
30640	20935	20936	6
30641	20936	20937	6
30642	20937	20938	6
30643	20938	20939	6
30644	20939	20940	6
30645	20940	20941	6
30646	20941	20942	6
30647	20942	20943	6
30648	20943	20944	6
30649	20944	20945	6
30650	20945	20946	6
30651	20946	20947	6
30652	20947	20948	6
30653	20948	20949	6
30654	20949	20950	6
30655	20950	20951	6
30656	20951	20952	6
30657	20952	20953	6
30658	20953	20954	6
30659	20954	20955	6
30660	20955	20956	6
30661	20956	20957	6
30662	20957	20958	6
30663	20958	20959	6
30664	20959	20960	6
30665	20960	20961	6
30666	20961	20962	6
30667	20962	20963	6
30668	20963	20964	6
30669	20964	20965	6
30670	20965	20966	6
30671	20966	20967	6
30672	20967	20968	6
30673	20968	20969	6
30674	20969	20970	6
30675	20970	20971	6
30676	20971	20972	2
30677	20972	20973	6
30678	20973	20974	6
30679	20974	20975	6
30680	20975	20976	6
30681	20976	20977	6
30682	20977	20978	6
30683	20978	20979	6
30684	20979	20980	6
30685	20980	20981	6
30686	20981	20982	6
30687	20982	20983	6
30688	20983	20984	6
30689	20984	20985	6
30690	20985	20986	6
30691	20986	20987	6
30692	20987	20988	6
30693	20988	20989	6
30694	20989	20990	6
30695	20990	20991	6
30696	20991	20992	6
30697	20992	20993	6
30698	20993	20994	6
30699	20994	20995	2
30700	20995	20996	6
30701	20996	20997	6
30702	20997	20998	6
30703	20998	21000	6
30704	21000	21001	6
30705	21001	21002	6
30706	21002	21003	6
30707	21003	21003	0
30708	21003	21004	4
30709	21004	21004	0
30710	21004	21004	0
30711	21004	21004	0
30712	21004	21006	6
30713	21006	21007	6
30714	21007	21008	6
30715	21008	21008	0
30716	21008	21009	4
30717	21009	21010	6
30718	21010	21011	6
30719	21011	21012	6
30720	21012	21013	6
30721	21013	21014	6
30722	21014	21015	6
30723	21015	21016	6
30724	21016	21017	6
30725	21017	21018	6
30726	21018	21019	6
30727	21019	21020	6
30728	21020	21021	6
30729	21021	21022	6
30730	21022	21023	6
30731	21023	21024	6
30732	21024	21025	6
30733	21025	21026	6
30734	21026	21027	6
30735	21027	21028	6
30736	21028	21029	6
30737	21029	21030	6
30738	21030	21031	6
30739	21031	21031	0
30740	21031	21032	2
30741	21032	21032	0
30742	21032	21032	0
30743	21032	21032	0
30744	21032	21033	6
30745	21033	21033	0
30746	21033	21033	0
30747	21033	21033	0
30748	21033	21033	0
30749	21033	21034	4
30750	21034	21034	0
30751	21034	21035	6
30752	21035	21036	6
30753	21036	21037	6
30754	21037	21038	6
30755	21038	21038	0
30756	21038	21038	0
30757	21038	21039	6
30758	21039	21040	6
30759	21040	21041	6
30760	21041	21042	6
30761	21042	21043	6
30762	21043	21044	6
30763	21044	21045	6
30764	21045	21046	6
30765	21046	21047	6
30766	21047	21048	6
30767	21048	21049	6
30768	21049	21050	6
30769	21050	21051	6
30770	21051	21052	6
30771	21052	21053	2
30772	21053	21054	6
30773	21054	21055	6
30774	21055	21056	6
30775	21056	21057	6
30776	21057	21058	6
30777	21058	21059	6
30778	21059	21060	6
30779	21060	21061	6
30780	21061	21061	0
30781	21061	21062	4
30782	21062	21062	0
30783	21062	21063	6
30784	21063	21063	0
30785	21063	21064	6
30786	21064	21064	0
30787	21064	21064	0
30788	21064	21064	0
30789	21064	21064	0
30790	21064	21064	0
30791	21064	21065	6
30792	21065	21066	6
30793	21066	21067	6
30794	21067	21068	6
30795	21068	21069	6
30796	21069	21070	6
30797	21070	21071	4
30798	21071	21071	0
30799	21071	21071	0
30800	21071	21071	0
30801	21071	21071	0
30802	21071	21072	2
30803	21072	21073	6
30804	21073	21074	2
30805	21074	21075	6
30806	21075	21076	6
30807	21076	21076	0
30808	21076	21076	6
30809	21076	21076	0
30810	21076	21076	0
30811	21076	21076	0
30812	21076	21076	0
30813	21076	21077	6
30814	21077	21078	4
30815	21078	21079	6
30816	21079	21080	6
30817	21080	21081	6
30818	21081	21081	0
30819	21081	21081	0
30820	21081	21081	0
30821	21081	21081	0
30822	21081	21081	0
30823	21081	21082	6
30824	21082	21083	6
30825	21083	21084	6
30826	21084	21085	6
30827	21085	21086	6
30828	21086	21087	6
30829	21087	21088	6
30830	21088	21089	6
30831	21089	21089	0
30832	21089	21090	6
30833	21090	21091	6
30834	21091	21092	6
30835	21092	21092	0
30836	21092	21092	6
30837	21092	21093	6
30838	21093	21094	6
30839	21094	21095	6
30840	21095	21096	6
30841	21096	21097	6
30842	21097	21098	6
30843	21098	21099	6
30844	21099	21100	6
30845	21100	21101	6
30846	21101	21102	6
30847	21102	21103	6
30848	21103	21104	6
30849	21104	21105	6
30850	21105	21106	6
30851	21106	21107	6
30852	21107	21108	6
30853	21108	21109	6
30854	21109	21110	6
30855	21110	21111	6
30856	21111	21112	6
30857	21112	21113	6
30858	21113	21114	6
30859	21114	21114	0
30860	21114	21115	6
30861	21115	21116	4
30862	21116	21117	6
30863	21117	21118	6
30864	21118	21119	6
30865	21119	21120	6
30866	21120	21121	6
30867	21121	21122	6
30868	21122	21123	2
30869	21123	21123	2
30870	21123	21123	0
30871	21123	21124	2
30872	21124	21125	6
30873	21125	21126	6
30874	21126	21127	6
30875	21127	21128	6
30876	21128	21129	6
30877	21129	21130	6
30878	21130	21131	6
30879	21131	21132	6
30880	21132	21133	6
30881	21133	21134	6
30882	21134	21134	0
30883	21134	21135	6
30884	21135	21136	6
30885	21136	21137	6
30886	21137	21137	0
30887	21137	21137	0
30888	21137	21137	0
30889	21137	21137	0
30890	21137	21137	0
30891	21137	21137	0
30892	21137	21137	0
30893	21137	21137	0
30894	21137	21137	0
30895	21137	21137	0
30896	21137	21137	0
30897	21137	21137	0
30898	21137	21137	0
30899	21137	21137	0
30900	21137	21137	0
30901	21137	21137	0
30902	21137	21138	6
30903	21138	21138	0
30904	21138	21140	6
30905	21140	21140	0
30906	21140	21141	6
30907	21141	21142	2
30908	21142	21142	0
30909	21142	21142	0
30910	21142	21142	0
30911	21142	21144	6
30912	21144	21144	0
30913	21144	21146	6
30914	21146	21147	4
30915	21147	21148	6
30916	21148	21149	6
30917	21149	21149	0
30918	21149	21149	0
30919	21149	21149	0
30920	21149	21149	0
30921	21149	21149	0
30922	21149	21149	0
30923	21149	21149	0
30924	21149	21150	2
30925	21150	21150	0
30926	21150	21150	0
30927	21150	21150	0
30928	21150	21150	0
30929	21150	21151	6
30930	21151	21152	6
30931	21152	21153	6
30932	21153	21156	6
30933	21156	21158	6
30934	21158	21159	6
30935	21159	21160	6
30936	21160	21161	6
30937	21161	21163	6
30938	21163	21164	6
30939	21164	21165	6
30940	21165	21165	0
30941	21165	21165	0
30942	21165	21165	0
30943	21165	21165	0
30944	21165	21165	0
30945	21165	21165	0
30946	21165	21165	0
30947	21165	21165	0
30948	21165	21165	0
30949	21165	21165	0
30950	21165	21165	0
30951	21165	21165	0
30952	21165	21166	6
30953	21166	21167	6
30954	21167	21168	6
30955	21168	21169	6
30956	21169	21170	6
30957	21170	21171	6
30958	21171	21172	6
30959	21172	21173	6
30960	21173	21173	2
30961	21173	21174	6
30962	21174	21176	6
30963	21176	21177	6
30964	21177	21178	6
30965	21178	21179	6
30966	21179	21180	6
30967	21180	21181	6
30968	21181	21182	6
30969	21182	21183	6
30970	21183	21184	6
30971	21184	21185	6
30972	21185	21186	6
30973	21186	21187	6
30974	21187	21188	6
30975	21188	21189	6
30976	21189	21190	6
30977	21190	21191	6
30978	21191	21192	6
30979	21192	21193	6
30980	21193	21194	6
30981	21194	21195	6
30982	21195	21196	6
30983	21196	21197	6
30984	21197	21198	6
30985	21198	21199	6
30986	21199	21200	6
30987	21200	21201	6
30988	21201	21202	6
30989	21202	21203	6
30990	21203	21204	6
30991	21204	21205	6
30992	21205	21206	6
30993	21206	21207	6
30994	21207	21208	6
30995	21208	21209	2
30996	21209	21210	6
30997	21210	21211	6
30998	21211	21211	0
30999	21211	21212	6
31000	21212	21213	6
31001	21213	21214	6
31002	21214	21215	6
31003	21215	21215	0
31004	21215	21215	0
31005	21215	21215	0
31006	21215	21215	0
31007	21215	21216	6
31008	21216	21217	6
31009	21217	21218	6
31010	21218	21219	6
31011	21219	21220	6
31012	21220	21221	6
31013	21221	21222	6
31014	21222	21223	6
31015	21223	21224	6
31016	21224	21225	6
31017	21225	21226	2
31018	21226	21227	6
31019	21227	21229	6
31020	21229	21230	6
31021	21230	21230	0
31022	21230	21231	4
31023	21231	21232	6
31024	21232	21233	6
31025	21233	21233	0
31026	21233	21235	6
31027	21235	21236	2
31028	21236	21237	2
31029	21237	21238	6
31030	21238	21239	6
31031	21239	21240	6
31032	21240	21241	6
31033	21241	21242	6
31034	21242	21243	6
31035	21243	21244	6
31036	21244	21245	6
31037	21245	21246	6
31038	21246	21247	6
31039	21247	21248	6
31040	21248	21249	6
31041	21249	21249	0
31042	21249	21249	0
31043	21249	21249	0
31044	21249	21251	6
31045	21251	21253	6
31046	21253	21254	6
31047	21254	21255	6
31048	21255	21257	6
31049	21257	21258	6
31050	21258	21259	6
31051	21259	21260	6
31052	21260	21260	0
31053	21260	21260	0
31054	21260	21261	2
31055	21261	21262	6
31056	21262	21262	0
31057	21262	21263	4
31058	21263	21264	6
31059	21264	21264	0
31060	21264	21265	2
31061	21265	21266	6
31062	21266	21267	6
31063	21267	21268	6
31064	21268	21269	6
31065	21269	21270	6
31066	21270	21271	6
31067	21271	21272	6
31068	21272	21273	6
31069	21273	21274	6
31070	21274	21275	6
31071	21275	21275	0
31072	21275	21275	0
31073	21275	21275	0
31074	21275	21275	4
31075	21275	21275	0
31076	21275	21275	0
31077	21275	21275	0
31078	21275	21275	0
31079	21275	21276	6
31080	21276	21277	6
31081	21277	21278	6
31082	21278	21279	6
31083	21279	21280	6
31084	21280	21282	6
31085	21282	21286	6
31086	21286	21288	6
31087	21288	21289	6
31088	21289	21290	6
31089	21290	21292	6
31090	21292	21292	0
31091	21292	21292	0
31092	21292	21292	0
31093	21292	21292	0
31094	21292	21292	0
31095	21292	21292	0
31096	21292	21292	0
31097	21292	21292	0
31098	21292	21292	0
31099	21292	21292	0
31100	21292	21292	0
31101	21292	21293	2
31102	21293	21293	0
31103	21293	21293	0
31104	21293	21293	0
31105	21293	21293	0
31106	21293	21293	0
31107	21293	21293	0
31108	21293	21293	0
31109	21293	21293	0
31110	21293	21297	6
31111	21297	21297	4
31112	21297	21299	6
31113	21299	21299	0
31114	21299	21300	6
31115	21300	21301	6
31116	21301	21303	6
31117	21303	21305	6
31118	21305	21305	0
31119	21305	21305	0
31120	21305	21305	0
31121	21305	21305	0
31122	21305	21305	0
31123	21305	21306	4
31124	21306	21306	0
31125	21306	21306	0
31126	21306	21306	0
31127	21306	21307	6
31128	21307	21308	6
31129	21308	21309	6
31130	21309	21310	6
31131	21310	21312	6
31132	21312	21312	0
31133	21312	21313	6
31134	21313	21313	0
31135	21313	21313	0
31136	21313	21315	6
31137	21315	21317	6
31138	21317	21317	0
31139	21317	21317	0
31140	21317	21317	0
31141	21317	21317	0
31142	21317	21317	0
31143	21317	21317	0
31144	21317	21319	6
31145	21319	21319	0
31146	21319	21319	0
31147	21319	21319	0
31148	21319	21319	0
31149	21319	21319	0
31150	21319	21319	0
31151	21319	21319	0
31152	21319	21319	0
31153	21319	21319	0
31154	21319	21319	0
31155	21319	21319	0
31156	21319	21319	0
31157	21319	21319	0
31158	21319	21319	0
31159	21319	21319	0
31160	21319	21319	0
31161	21319	21319	0
31162	21319	21319	0
31163	21319	21319	6
31164	21319	21320	6
31165	21320	21320	0
31166	21320	21320	4
31167	21320	21320	0
31168	21320	21320	4
31169	21320	21320	0
31170	21320	21320	0
31171	21320	21320	0
31172	21320	21320	0
31173	21320	21320	0
31174	21320	21320	0
31175	21320	21320	0
31176	21320	21320	0
31177	21320	21320	0
31178	21320	21320	0
31179	21320	21320	0
31180	21320	21320	0
31181	21320	21320	0
31182	21320	21320	0
31183	21320	21320	0
31184	21320	21320	0
31185	21320	21320	0
31186	21320	21320	0
31187	21320	21320	0
31188	21320	21320	0
31189	21320	21320	0
31190	21320	21320	0
31191	21320	21320	0
31192	21320	21320	0
31193	21320	21320	0
31194	21320	21320	0
31195	21320	21320	0
31196	21320	21320	0
31197	21320	21320	0
31198	21320	21320	0
31199	21320	21320	0
31200	21320	21320	0
31201	21320	21320	0
31202	21320	21320	0
31203	21320	21320	0
31204	21320	21320	0
31205	21320	21320	0
31206	21320	21320	0
31207	21320	21320	0
31208	21320	21320	0
31209	21320	21320	0
31210	21320	21320	0
31211	21320	21320	0
31212	21320	21320	0
31213	21320	21320	0
31214	21320	21320	0
31215	21320	21320	0
31216	21320	21320	0
31217	21320	21320	0
31218	21320	21320	0
31219	21320	21320	0
31220	21320	21320	0
31221	21320	21320	0
31222	21320	21320	0
31223	21320	21320	0
31224	21320	21320	0
31225	21320	21320	0
31226	21320	21320	0
31227	21320	21320	0
31228	21320	21320	0
31229	21320	21320	0
31230	21320	21320	0
31231	21320	21320	0
31232	21320	21320	0
31233	21320	21320	6
31234	21320	21320	0
31235	21320	21321	6
31236	21321	21321	6
31237	21321	21321	0
31238	21321	21322	6
31239	21322	21328	6
31240	21328	21331	6
31241	21331	21333	6
31242	21333	21333	0
31243	21333	21334	6
31244	21334	21334	0
31245	21334	21334	0
31246	21334	21334	0
31247	21334	21334	0
31248	21334	21334	0
31249	21334	21334	0
31250	21334	21334	0
31251	21334	21334	0
31252	21334	21334	0
31253	21334	21334	0
31254	21334	21334	0
31255	21334	21334	0
31256	21334	21334	0
31257	21334	21334	0
31258	21334	21334	0
31259	21334	21334	0
31260	21334	21334	0
31261	21334	21334	0
31262	21334	21334	0
31263	21334	21334	0
31264	21334	21334	0
31265	21334	21334	0
31266	21334	21334	0
31267	21334	21334	0
31268	21334	21334	0
31269	21334	21334	0
31270	21334	21334	0
31271	21334	21334	0
31272	21334	21334	0
31273	21334	21334	0
31274	21334	21334	0
31275	21334	21334	0
31276	21334	21334	0
31277	21334	21334	0
31278	21334	21334	0
31279	21334	21334	0
31280	21334	21334	0
31281	21334	21334	0
31282	21334	21334	0
31283	21334	21334	0
31284	21334	21334	0
31285	21334	21334	0
31286	21334	21334	0
31287	21334	21334	0
31288	21334	21334	0
31289	21334	21334	0
31290	21334	21334	0
31291	21334	21334	0
31292	21334	21334	4
31293	21334	21334	0
31294	21334	21334	0
31295	21334	21334	0
31296	21334	21334	0
31297	21334	21334	0
31298	21334	21334	0
31299	21334	21335	6
31300	21335	21335	0
31301	21335	21337	6
31302	21337	21338	6
31303	21338	21339	4
31304	21339	21339	0
31305	21339	21340	4
31306	21340	21340	0
31307	21340	21340	0
31308	21340	21340	0
31309	21340	21341	6
31310	21341	21343	6
31311	21343	21345	2
31312	21345	21345	0
31313	21345	21345	0
31314	21345	21346	6
31315	21346	21346	0
31316	21346	21346	2
31317	21346	21346	0
31318	21346	21346	0
31319	21346	21346	4
31320	21346	21347	6
31321	21347	21348	6
31322	21348	21349	6
31323	21349	21350	6
31324	21350	21351	6
31325	21351	21352	6
31326	21352	21353	6
31327	21353	21354	6
31328	21354	21355	6
31329	21355	21356	6
31330	21356	21357	6
31331	21357	21358	6
31332	21358	21359	6
31333	21359	21360	6
31334	21360	21361	6
31335	21361	21362	6
31336	21362	21363	2
31337	21363	21364	6
31338	21364	21364	0
31339	21364	21365	4
31340	21365	21366	2
31341	21366	21367	2
31342	21367	21367	0
31343	21367	21368	6
31344	21368	21369	6
31345	21369	21369	0
31346	21369	21369	0
31347	21369	21370	6
31348	21370	21371	6
31349	21371	21372	6
31350	21372	21373	6
31351	21373	21374	6
31352	21374	21375	6
31353	21375	21376	6
31354	21376	21376	0
31355	21376	21376	0
31356	21376	21376	0
31357	21376	21377	6
31358	21377	21378	6
31359	21378	21379	6
31360	21379	21380	6
31361	21380	21381	6
31362	21381	21382	6
31363	21382	21383	6
31364	21383	21384	6
31365	21384	21385	6
31366	21385	21386	6
31367	21386	21387	6
31368	21387	21388	6
31369	21388	21389	6
31370	21389	21390	6
31371	21390	21391	6
31372	21391	21392	6
31373	21392	21393	6
31374	21393	21394	2
31375	21394	21395	6
31376	21395	21396	6
31377	21396	21397	6
31378	21397	21398	6
31379	21398	21399	6
31380	21399	21400	6
31381	21400	21400	0
31382	21400	21400	0
31383	21400	21400	0
31384	21400	21400	0
31385	21400	21400	0
31386	21400	21400	0
31387	21400	21400	0
31388	21400	21400	0
31389	21400	21400	0
31390	21400	21400	0
31391	21400	21402	6
31392	21402	21402	0
31393	21402	21402	0
31394	21402	21403	6
31395	21403	21403	0
31396	21403	21407	2
31397	21407	21407	0
31398	21407	21408	6
31399	21408	21408	0
31400	21408	21408	0
31401	21408	21408	0
31402	21408	21408	0
31403	21408	21408	0
31404	21408	21408	0
31405	21408	21408	0
31406	21408	21408	0
31407	21408	21408	0
31408	21408	21408	0
31409	21408	21408	0
31410	21408	21408	0
31411	21408	21408	0
31412	21408	21408	0
31413	21408	21408	0
31414	21408	21408	2
31415	21408	21408	0
31416	21408	21408	0
31417	21408	21408	4
31418	21408	21408	0
31419	21408	21408	0
31420	21408	21408	0
31421	21408	21408	0
31422	21408	21408	0
31423	21408	21408	0
31424	21408	21408	0
31425	21408	21408	0
31426	21408	21408	0
31427	21408	21408	0
31428	21408	21408	0
31429	21408	21408	0
31430	21408	21408	0
31431	21408	21408	0
31432	21408	21408	0
31433	21408	21408	0
31434	21408	21408	0
31435	21408	21408	0
31436	21408	21408	0
31437	21408	21408	0
31438	21408	21408	0
31439	21408	21408	0
31440	21408	21408	0
31441	21408	21408	0
31442	21408	21408	4
31443	21408	21408	0
31444	21408	21413	6
31445	21413	21417	6
31446	21417	21417	6
31447	21417	21418	6
31448	21418	21419	6
31449	21419	21428	6
31450	21428	21431	6
31451	21431	21435	6
31452	21435	21440	6
31453	21440	21453	6
31454	21453	21457	6
31455	21457	21462	6
31456	21462	21462	0
31457	21462	21462	0
31458	21462	21462	0
31459	21462	21462	0
31460	21462	21462	0
31461	21462	21462	0
31462	21462	21462	0
31463	21462	21462	0
31464	21462	21462	0
31465	21462	21462	0
31466	21462	21462	0
31467	21462	21462	0
31468	21462	21462	0
31469	21462	21462	0
31470	21462	21462	0
31471	21462	21468	6
31472	21468	21468	0
31473	21468	21468	0
31474	21468	21470	6
31475	21470	21476	6
31476	21476	21478	6
31477	21478	21479	6
31478	21479	21479	6
31479	21479	21481	6
31480	21481	21485	6
31481	21485	21485	6
31482	21485	21487	6
31483	21487	21489	6
31484	21489	21489	0
31485	21489	21489	0
31486	21489	21489	0
31487	21489	21489	0
31488	21489	21489	0
31489	21489	21489	0
31490	21489	21489	0
31491	21489	21489	0
31492	21489	21489	0
31493	21489	21489	0
31494	21489	21489	0
31495	21489	21489	0
31496	21489	21492	6
31497	21492	21496	6
31498	21496	21497	6
31499	21497	21497	0
31500	21497	21498	6
31501	21498	21500	6
31502	21500	21501	6
31503	21501	21501	0
31504	21501	21501	0
31505	21501	21501	0
31506	21501	21501	0
31507	21501	21501	0
31508	21501	21501	0
31509	21501	21501	0
31510	21501	21501	2
31511	21501	21501	0
31512	21501	21501	6
31513	21501	21501	0
31514	21501	21502	2
31515	21502	21502	0
31516	21502	21507	6
31517	21507	21508	6
31518	21508	21509	2
31519	21509	21511	2
31520	21511	21511	6
31521	21511	21512	6
31522	21512	21512	0
31523	21512	21512	0
31524	21512	21512	0
31525	21512	21512	0
31526	21512	21512	0
31527	21512	21512	0
31528	21512	21512	0
31529	21512	21512	0
31530	21512	21512	0
31531	21512	21512	0
31532	21512	21512	0
31533	21512	21512	6
31534	21512	21512	4
31535	21512	21512	0
31536	21512	21512	0
31537	21512	21512	0
31538	21512	21512	0
31539	21512	21512	0
31540	21512	21512	0
31541	21512	21512	0
31542	21512	21512	0
31543	21512	21512	0
31544	21512	21512	0
31545	21512	21512	0
31546	21512	21512	0
31547	21512	21512	0
31548	21512	21513	6
31549	21513	21514	6
31550	21514	21515	6
31551	21515	21516	6
31552	21516	21517	6
31553	21517	21518	6
31554	21518	21519	6
31555	21519	21520	6
31556	21520	21521	6
31557	21521	21522	6
31558	21522	21522	0
31559	21522	21523	6
31560	21523	21524	6
31561	21524	21525	6
31562	21525	21526	6
31563	21526	21527	6
31564	21527	21528	6
31565	21528	21529	6
31566	21529	21530	6
31567	21530	21531	6
31568	21531	21532	6
31569	21532	21533	6
31570	21533	21534	6
31571	21534	21535	6
31572	21535	21536	6
31573	21536	21537	6
31574	21537	21538	6
31575	21538	21539	6
31576	21539	21540	6
31577	21540	21541	6
31578	21541	21542	2
31579	21542	21543	6
31580	21543	21544	6
31581	21544	21545	6
31582	21545	21546	6
31583	21546	21547	2
31584	21547	21547	0
31585	21547	21548	2
31586	21548	21549	6
31587	21549	21550	6
31588	21550	21551	6
31589	21551	21552	6
31590	21552	21553	6
31591	21553	21554	6
31592	21554	21554	0
31593	21554	21556	6
31594	21556	21556	0
31595	21556	21556	0
31596	21556	21558	6
31597	21558	21559	2
31598	21559	21560	6
31599	21560	21560	0
31600	21560	21562	6
31601	21562	21565	6
31602	21565	21565	0
31603	21565	21567	6
31604	21567	21568	6
31605	21568	21568	0
31606	21568	21568	4
31607	21568	21571	6
31608	21571	21572	6
31609	21572	21573	6
31610	21573	21574	6
31611	21574	21574	0
31612	21574	21576	2
31613	21576	21577	6
31614	21577	21577	0
31615	21577	21580	6
31616	21580	21580	4
31617	21580	21580	6
31618	21580	21582	6
31619	21582	21583	2
31620	21583	21584	6
31621	21584	21590	6
31622	21590	21592	6
31623	21592	21592	0
31624	21592	21592	0
31625	21592	21595	6
31626	21595	21598	6
31627	21598	21599	6
31628	21599	21600	6
31629	21600	21601	6
31630	21601	21602	6
31631	21602	21604	6
31632	21604	21605	6
31633	21605	21606	6
31634	21606	21608	6
31635	21608	21609	6
31636	21609	21611	6
31637	21611	21612	6
31638	21612	21613	6
31639	21613	21614	6
31640	21614	21615	6
31641	21615	21616	6
31642	21616	21618	6
31643	21618	21619	6
31644	21619	21620	6
31645	21620	21622	6
31646	21622	21623	6
31647	21623	21624	6
31648	21624	21625	6
31649	21625	21626	6
31650	21626	21627	6
31651	21627	21628	6
31652	21628	21630	6
31653	21630	21631	6
31654	21631	21631	0
31655	21631	21632	2
31656	21632	21632	0
31657	21632	21634	2
31658	21634	21634	0
31659	21634	21635	6
31660	21635	21636	6
31661	21636	21637	6
31662	21637	21638	6
31663	21638	21639	6
31664	21639	21640	6
31665	21640	21641	6
31666	21641	21642	4
31667	21642	21644	6
31668	21644	21646	6
31669	21646	21647	6
31670	21647	21648	6
31671	21648	21650	6
31672	21650	21650	0
31673	21650	21652	6
31674	21652	21653	4
31675	21653	21653	0
31676	21653	21653	0
31677	21653	21653	0
31678	21653	21654	6
31679	21654	21654	0
31680	21654	21654	0
31681	21654	21661	6
31682	21661	21673	6
31683	21673	21675	6
31684	21675	21677	6
31685	21677	21678	6
31686	21678	21679	6
31687	21679	21680	6
31688	21680	21681	6
31689	21681	21682	6
31690	21682	21683	6
31691	21683	21684	6
31692	21684	21685	2
31693	21685	21686	6
31694	21686	21688	6
31695	21688	21690	6
31696	21690	21691	6
31697	21691	21692	6
31698	21692	21693	6
31699	21693	21694	6
31700	21694	21695	6
31701	21695	21696	6
31702	21696	21697	6
31703	21697	21698	6
31704	21698	21699	6
31705	21699	21701	6
31706	21701	21702	2
31707	21702	21703	2
31708	21703	21704	6
31709	21704	21705	6
31710	21705	21706	6
31711	21706	21707	6
31712	21707	21708	6
31713	21708	21709	4
31714	21709	21713	6
31715	21713	21717	6
31716	21717	21721	6
31717	21721	21725	6
31718	21725	21727	6
31719	21727	21729	6
31720	21729	21731	6
31721	21731	21733	6
31722	21733	21735	6
31723	21735	21737	6
31724	21737	21739	6
31725	21739	21741	6
31726	21741	21742	6
31727	21742	21743	6
31728	21743	21744	6
31729	21744	21746	6
31730	21746	21746	0
31731	21746	21746	0
31732	21746	21746	0
31733	21746	21746	0
31734	21746	21746	0
31735	21746	21746	0
31736	21746	21747	2
31737	21747	21749	6
31738	21749	21749	0
31739	21749	21749	0
31740	21749	21749	0
31741	21749	21753	6
31742	21753	21755	6
31743	21755	21757	6
31744	21757	21761	6
31745	21761	21763	6
31746	21763	21765	6
31747	21765	21766	6
31748	21766	21767	6
31749	21767	21768	6
31750	21768	21768	0
31751	21768	21768	0
31752	21768	21770	6
31753	21770	21771	4
31754	21771	21773	6
31755	21773	21775	6
31756	21775	21776	6
31757	21776	21777	6
31758	21777	21778	6
31759	21778	21779	6
31760	21779	21780	6
31761	21780	21781	6
31762	21781	21782	6
31763	21782	21783	6
31764	21783	21784	6
31765	21784	21786	6
31766	21786	21787	6
31767	21787	21788	6
31768	21788	21790	6
31769	21790	21792	6
31770	21792	21794	6
31771	21794	21796	6
31772	21796	21798	6
31773	21798	21802	6
31774	21802	21803	6
31775	21803	21804	6
31776	21804	21805	6
31777	21805	21805	0
31778	21805	21811	6
31779	21811	21816	6
31780	21816	21816	0
31781	21816	21819	6
31782	21819	21823	6
31783	21823	21823	0
31784	21823	21826	6
31785	21826	21833	6
31786	21833	21835	6
31787	21835	21837	6
31788	21837	21841	6
31789	21841	21845	6
31790	21845	21849	6
31791	21849	21850	4
31792	21850	21852	6
31793	21852	21853	6
31794	21853	21853	0
31795	21853	21855	6
31796	21855	21857	6
31797	21857	21858	6
31798	21858	21858	0
31799	21858	21863	6
31800	21863	21863	4
31801	21863	21863	0
31802	21863	21863	0
31803	21863	21863	0
31804	21863	21864	6
31805	21864	21866	6
31806	21866	21866	0
31807	21866	21868	6
31808	21868	21876	6
31809	21876	21876	6
31810	21876	21877	4
31811	21877	21877	0
31812	21877	21877	0
31813	21877	21881	6
31814	21881	21888	6
31815	21888	21888	0
31816	21888	21888	0
31817	21888	21889	6
31818	21889	21891	6
31819	21891	21893	6
31820	21893	21894	6
31821	21894	21896	6
31822	21896	21898	6
31823	21898	21900	6
31824	21900	21901	6
31825	21901	21902	6
31826	21902	21903	6
31827	21903	21903	0
31828	21903	21903	0
31829	21903	21903	0
31830	21903	21903	0
31831	21903	21903	0
31832	21903	21903	0
31833	21903	21903	0
31834	21903	21903	0
31835	21903	21903	0
31836	21903	21903	0
31837	21903	21903	0
31838	21903	21903	0
31839	21903	21903	0
31840	21903	21903	0
31841	21903	21903	0
31842	21903	21903	0
31843	21903	21903	0
31844	21903	21903	0
31845	21903	21903	0
31846	21903	21903	0
31847	21903	21903	0
31848	21903	21903	0
31849	21903	21903	0
31850	21903	21903	0
31851	21903	21903	0
31852	21903	21903	0
31853	21903	21904	6
31854	21904	21904	6
31855	21904	21907	6
31856	21907	21910	6
31857	21910	21911	6
31858	21911	21912	6
31859	21912	21912	6
31860	21912	21912	6
31861	21912	21912	0
31862	21912	21912	0
31863	21912	21915	6
31864	21915	21917	6
31865	21917	21919	6
31866	21919	21920	6
31867	21920	21920	6
31868	21920	21920	4
31869	21920	21920	0
31870	21920	21923	6
31871	21923	21924	6
31872	21924	21924	6
31873	21924	21924	0
31874	21924	21924	0
31875	21924	21926	6
31876	21926	21928	6
31877	21928	21930	6
31878	21930	21932	6
31879	21932	21932	6
31880	21932	21932	6
31881	21932	21934	6
31882	21934	21936	6
31883	21936	21936	0
31884	21936	21936	0
31885	21936	21940	6
31886	21940	21943	6
31887	21943	21946	6
31888	21946	21948	6
31889	21948	21948	0
31890	21948	21950	6
31891	21950	21952	6
31892	21952	21952	2
31893	21952	21952	0
31894	21952	21954	2
31895	21954	21956	6
31896	21956	21956	6
31897	21956	21958	6
31898	21958	21958	0
31899	21958	21958	0
31900	21958	21958	0
31901	21958	21958	0
31902	21958	21958	0
31903	21958	21958	0
31904	21958	21958	0
31905	21958	21958	0
31906	21958	21958	0
31907	21958	21958	0
31908	21958	21958	0
31909	21958	21958	0
31910	21958	21958	0
31911	21958	21958	0
31912	21958	21958	0
31913	21958	21958	0
31914	21958	21960	6
31915	21960	21961	4
31916	21961	21961	0
31917	21961	21961	0
31918	21961	21962	6
31919	21962	21963	2
31920	21963	21963	0
31921	21963	21963	0
31922	21963	21965	6
31923	21965	21967	6
31924	21967	21967	0
31925	21967	21969	6
31926	21969	21971	6
31927	21971	21971	0
31928	21971	21973	6
31929	21973	21973	0
31930	21973	21974	6
31931	21974	21974	0
31932	21974	21974	0
31933	21974	21974	0
31934	21974	21974	0
31935	21974	21974	0
31936	21974	21974	0
31937	21974	21976	6
31938	21976	21978	6
31939	21978	21981	6
31940	21981	21984	6
31941	21984	21986	6
31942	21986	21988	6
31943	21988	21990	6
31944	21990	21990	0
31945	21990	21990	0
31946	21990	21990	6
31947	21990	21992	6
31948	21992	21992	0
31949	21992	21992	0
31950	21992	21992	0
31951	21992	21992	0
31952	21992	21994	6
31953	21994	21994	0
31954	21994	21994	0
31955	21994	21994	2
31956	21994	21994	0
31957	21994	21994	0
31958	21994	21996	6
31959	21996	21996	0
31960	21996	21996	6
31961	21996	21997	6
31962	21997	21998	2
31963	21998	21999	6
31964	21999	22000	6
31965	22000	22002	6
31966	22002	22004	6
31967	22004	22005	6
31968	22005	22007	6
31969	22007	22009	6
31970	22009	22010	6
31971	22010	22011	6
31972	22011	22015	6
31973	22015	22019	6
31974	22019	22021	6
31975	22021	22023	6
31976	22023	22024	6
31977	22024	22025	2
31978	22025	22026	6
31979	22026	22028	6
31980	22028	22029	6
31981	22029	22033	6
31982	22033	22033	0
31983	22033	22035	6
31984	22035	22036	6
31985	22036	22037	6
31986	22037	22039	6
31987	22039	22039	0
31988	22039	22041	6
31989	22041	22042	4
31990	22042	22042	0
31991	22042	22042	4
31992	22042	22043	4
31993	22043	22045	6
31994	22045	22048	6
31995	22048	22052	6
31996	22052	22055	6
31997	22055	22058	6
31998	22058	22058	6
31999	22058	22058	6
32000	22058	22065	6
32001	22065	22072	6
32002	22072	22075	6
32003	22075	22076	6
32004	22076	22080	6
32005	22080	22084	6
32006	22084	22084	6
32007	22084	22087	6
32008	22087	22087	6
32009	22087	22091	6
32010	22091	22095	6
32011	22095	22095	0
32012	22095	22095	0
32013	22095	22103	6
32014	22103	22111	6
32015	22111	22111	0
32016	22111	22114	6
32017	22114	22115	6
32018	22115	22115	0
32019	22115	22115	0
32020	22115	22115	0
32021	22115	22116	6
32022	22116	22117	6
32023	22117	22117	0
32024	22117	22117	0
32025	22117	22117	6
32026	22117	22117	6
32027	22117	22118	6
32028	22118	22119	2
32029	22119	22121	6
32030	22121	22123	6
32031	22123	22125	6
32032	22125	22126	6
32033	22126	22126	0
32034	22126	22126	6
32035	22126	22126	6
32036	22126	22126	0
32037	22126	22126	6
32038	22126	22129	6
32039	22129	22130	6
32040	22130	22133	6
32041	22133	22133	0
32042	22133	22137	6
32043	22137	22140	6
32044	22140	22140	6
32045	22140	22143	6
32046	22143	22144	6
32047	22144	22144	0
32048	22144	22148	6
32049	22148	22148	0
32050	22148	22149	6
32051	22149	22150	6
32052	22150	22151	6
32053	22151	22152	6
32054	22152	22152	0
32055	22152	22152	0
32056	22152	22153	6
32057	22153	22154	6
32058	22154	22154	6
32059	22154	22154	0
32060	22154	22154	0
32061	22154	22154	0
32062	22154	22154	0
32063	22154	22154	0
32064	22154	22154	0
32065	22154	22154	0
32066	22154	22154	0
32067	22154	22154	0
32068	22154	22154	0
32069	22154	22154	0
32070	22154	22156	6
32071	22156	22156	0
32072	22156	22156	0
32073	22156	22156	0
32074	22156	22156	0
32075	22156	22156	0
32076	22156	22156	6
32077	22156	22156	0
32078	22156	22161	6
32079	22161	22161	2
32080	22161	22161	0
32081	22161	22161	0
32082	22161	22161	0
32083	22161	22161	0
32084	22161	22161	0
32085	22161	22162	4
32086	22162	22162	0
32087	22162	22163	2
32088	22163	22163	0
32089	22163	22163	0
32090	22163	22163	0
32091	22163	22163	4
32092	22163	22163	4
32093	22163	22164	6
32094	22164	22165	4
32095	22165	22165	6
32096	22165	22167	6
32097	22167	22169	6
32098	22169	22171	6
32099	22171	22173	6
32100	22173	22174	6
32101	22174	22176	6
32102	22176	22177	6
32103	22177	22178	6
32104	22178	22179	6
32105	22179	22179	0
32106	22179	22179	0
32107	22179	22179	0
32108	22179	22179	0
32109	22179	22179	0
32110	22179	22179	0
32111	22179	22179	0
32112	22179	22179	0
32113	22179	22179	0
32114	22179	22179	0
32115	22179	22179	0
32116	22179	22179	0
32117	22179	22179	0
32118	22179	22179	6
32119	22179	22179	0
32120	22179	22179	0
32121	22179	22179	0
32122	22179	22179	0
32123	22179	22179	6
32124	22179	22179	0
32125	22179	22179	0
32126	22179	22179	0
32127	22179	22179	0
32128	22179	22179	0
32129	22179	22179	0
32130	22179	22179	0
32131	22179	22179	0
32132	22179	22179	0
32133	22179	22179	0
32134	22179	22179	0
32135	22179	22179	0
32136	22179	22184	6
32137	22184	22185	4
32138	22185	22189	6
32139	22189	22192	6
32140	22192	22194	6
32141	22194	22198	6
32142	22198	22200	6
32143	22200	22202	6
32144	22202	22203	6
32145	22203	22204	2
32146	22204	22206	6
32147	22206	22206	0
32148	22206	22206	0
32149	22206	22206	0
32150	22206	22206	0
32151	22206	22206	0
32152	22206	22206	4
32153	22206	22206	0
32154	22206	22206	6
32155	22206	22209	6
32156	22209	22217	6
32157	22217	22217	0
32158	22217	22219	6
32159	22219	22225	6
32160	22225	22225	0
32161	22225	22228	6
32162	22228	22228	4
32163	22228	22230	6
32164	22230	22230	0
32165	22230	22233	6
32166	22233	22236	6
32167	22236	22239	6
32168	22239	22242	6
32169	22242	22244	6
32170	22244	22244	0
32171	22244	22245	6
32172	22245	22248	6
32173	22248	22248	6
32174	22248	22248	6
32175	22248	22250	6
32176	22250	22256	6
32177	22256	22258	6
32178	22258	22264	6
32179	22264	22267	6
32180	22267	22268	6
32181	22268	22274	6
32182	22274	22276	6
32183	22276	22276	6
32184	22276	22278	6
32185	22278	22278	6
32186	22278	22281	6
32187	22281	22281	6
32188	22281	22281	2
32189	22281	22287	6
32190	22287	22289	6
32191	22289	22290	6
32192	22290	22292	6
32193	22292	22294	6
32194	22294	22294	0
32195	22294	22294	0
32196	22294	22294	0
32197	22294	22294	0
32198	22294	22294	0
32199	22294	22294	0
32200	22294	22295	2
32201	22295	22295	0
32202	22295	22295	0
32203	22295	22295	0
32204	22295	22295	0
32205	22295	22295	0
32206	22295	22295	0
32207	22295	22295	0
32208	22295	22295	0
32209	22295	22295	0
32210	22295	22296	6
32211	22296	22297	6
32212	22297	22298	6
32213	22298	22299	6
32214	22299	22300	6
32215	22300	22301	6
32216	22301	22302	6
32217	22302	22303	6
32218	22303	22304	6
32219	22304	22305	6
32220	22305	22306	6
32221	22306	22307	6
32222	22307	22308	6
32223	22308	22309	6
32224	22309	22310	6
32225	22310	22311	6
32226	22311	22312	6
32227	22312	22313	6
32228	22313	22314	6
32229	22314	22315	6
32230	22315	22316	6
32231	22316	22318	6
32232	22318	22319	6
32233	22319	22320	6
32234	22320	22321	6
32235	22321	22322	6
32236	22322	22323	6
32237	22323	22324	6
32238	22324	22325	4
32239	22325	22325	0
32240	22325	22327	6
32241	22327	22328	6
32242	22328	22329	6
32243	22329	22330	6
32244	22330	22330	0
32245	22330	22332	6
32246	22332	22333	6
32247	22333	22335	6
32248	22335	22336	6
32249	22336	22336	0
32250	22336	22336	0
32251	22336	22337	6
32252	22337	22338	6
32253	22338	22339	6
32254	22339	22340	6
32255	22340	22341	6
32256	22341	22342	6
32257	22342	22343	6
32258	22343	22344	6
32259	22344	22345	6
32260	22345	22346	2
32261	22346	22347	6
32262	22347	22348	6
32263	22348	22348	0
32264	22348	22349	6
32265	22349	22349	0
32266	22349	22350	6
32267	22350	22351	6
32268	22351	22353	6
32269	22353	22354	6
32270	22354	22355	6
32271	22355	22356	6
32272	22356	22357	6
32273	22357	22358	6
32274	22358	22359	6
32275	22359	22360	6
32276	22360	22361	6
32277	22361	22361	0
32278	22361	22361	0
32279	22361	22362	6
32280	22362	22363	6
32281	22363	22364	2
32282	22364	22365	6
32283	22365	22366	6
32284	22366	22367	6
32285	22367	22367	0
32286	22367	22368	4
32287	22368	22368	0
32288	22368	22368	0
32289	22368	22368	0
32290	22368	22368	0
32291	22368	22368	0
32292	22368	22368	0
32293	22368	22368	0
32294	22368	22368	0
32295	22368	22368	0
32296	22368	22369	6
32297	22369	22369	0
32298	22369	22369	0
32299	22369	22369	0
32300	22369	22369	0
32301	22369	22369	0
32302	22369	22369	0
32303	22369	22369	0
32304	22369	22369	0
32305	22369	22369	0
32306	22369	22369	0
32307	22369	22369	0
32308	22369	22369	0
32309	22369	22370	6
32310	22370	22371	6
32311	22371	22372	6
32312	22372	22373	6
32313	22373	22374	6
32314	22374	22375	6
32315	22375	22376	6
32316	22376	22377	6
32317	22377	22378	2
32318	22378	22378	0
32319	22378	22379	2
32320	22379	22380	2
32321	22380	22380	0
32322	22380	22382	6
32323	22382	22383	6
32324	22383	22384	6
32325	22384	22384	0
32326	22384	22385	4
32327	22385	22386	6
32328	22386	22387	6
32329	22387	22388	6
32330	22388	22389	6
32331	22389	22389	0
32332	22389	22390	6
32333	22390	22390	0
32334	22390	22390	0
32335	22390	22390	0
32336	22390	22390	0
32337	22390	22390	0
32338	22390	22390	2
32339	22390	22390	0
32340	22390	22391	6
32341	22391	22392	6
32342	22392	22393	6
32343	22393	22394	6
32344	22394	22396	6
32345	22396	22396	0
32346	22396	22397	6
32347	22397	22399	6
32348	22399	22400	6
32349	22400	22401	6
32350	22401	22402	6
32351	22402	22403	6
32352	22403	22404	6
32353	22404	22405	6
32354	22405	22406	6
32355	22406	22407	6
32356	22407	22408	6
32357	22408	22410	6
32358	22410	22411	6
32359	22411	22412	6
32360	22412	22414	6
32361	22414	22415	6
32362	22415	22416	6
32363	22416	22417	6
32364	22417	22418	6
32365	22418	22419	6
32366	22419	22420	6
32367	22420	22421	6
32368	22421	22422	6
32369	22422	22423	6
32370	22423	22424	6
32371	22424	22425	6
32372	22425	22426	6
32373	22426	22427	6
32374	22427	22428	6
32375	22428	22429	6
32376	22429	22430	6
32377	22430	22432	6
32378	22432	22433	6
32379	22433	22434	6
32380	22434	22435	6
32381	22435	22436	6
32382	22436	22437	6
32383	22437	22438	2
32384	22438	22439	6
32385	22439	22440	6
32386	22440	22442	6
32387	22442	22444	6
32388	22444	22445	6
32389	22445	22446	6
32390	22446	22447	6
32391	22447	22448	6
32392	22448	22449	6
32393	22449	22450	6
32394	22450	22451	6
32395	22451	22452	6
32396	22452	22453	6
32397	22453	22454	6
32398	22454	22455	6
32399	22455	22456	6
32400	22456	22457	6
32401	22457	22458	6
32402	22458	22459	6
32403	22459	22460	6
32404	22460	22461	6
32405	22461	22462	6
32406	22462	22463	6
32407	22463	22464	6
32408	22464	22465	6
32409	22465	22467	6
32410	22467	22468	6
32411	22468	22469	6
32412	22469	22469	0
32413	22469	22470	6
32414	22470	22470	0
32415	22470	22471	6
32416	22471	22472	2
32417	22472	22472	0
32418	22472	22472	0
32419	22472	22472	0
32420	22472	22472	0
32421	22472	22472	0
32422	22472	22473	6
32423	22473	22473	0
32424	22473	22474	4
32425	22474	22475	6
32426	22475	22476	6
32427	22476	22477	6
32428	22477	22478	6
32429	22478	22479	6
32430	22479	22480	6
32431	22480	22481	6
32432	22481	22482	6
32433	22482	22483	6
32434	22483	22484	6
32435	22484	22484	0
32436	22484	22485	2
32437	22485	22486	6
32438	22486	22487	6
32439	22487	22488	6
32440	22488	22489	6
32441	22489	22490	6
32442	22490	22491	6
32443	22491	22492	6
32444	22492	22493	6
32445	22493	22494	6
32446	22494	22495	6
32447	22495	22496	6
32448	22496	22497	6
32449	22497	22498	6
32450	22498	22498	0
32451	22498	22499	6
32452	22499	22500	6
32453	22500	22501	6
32454	22501	22502	6
32455	22502	22503	6
32456	22503	22504	6
32457	22504	22505	6
32458	22505	22506	6
32459	22506	22507	6
32460	22507	22508	6
32461	22508	22509	6
32462	22509	22510	6
32463	22510	22511	6
32464	22511	22512	6
32465	22512	22513	6
32466	22513	22514	6
32467	22514	22515	6
32468	22515	22516	6
32469	22516	22517	6
32470	22517	22518	6
32471	22518	22519	6
32472	22519	22520	6
32473	22520	22521	6
32474	22521	22522	6
32475	22522	22523	6
32476	22523	22524	6
32477	22524	22525	6
32478	22525	22526	6
32479	22526	22527	2
32480	22527	22528	6
32481	22528	22529	6
32482	22529	22530	6
32483	22530	22531	6
32484	22531	22532	6
32485	22532	22533	6
32486	22533	22534	6
32487	22534	22535	2
32488	22535	22535	0
32489	22535	22536	6
32490	22536	22538	6
32491	22538	22540	6
32492	22540	22542	6
32493	22542	22543	6
32494	22543	22544	6
32495	22544	22545	2
32496	22545	22545	0
32497	22545	22546	6
32498	22546	22547	4
32499	22547	22548	6
32500	22548	22549	6
32501	22549	22550	6
32502	22550	22551	6
32503	22551	22552	6
32504	22552	22552	0
32505	22552	22553	2
32506	22553	22554	6
32507	22554	22554	0
32508	22554	22555	6
32509	22555	22555	0
32510	22555	22555	0
32511	22555	22556	6
32512	22556	22558	6
32513	22558	22560	6
32514	22560	22562	6
32515	22562	22563	6
32516	22563	22564	6
32517	22564	22565	6
32518	22565	22566	6
32519	22566	22567	6
32520	22567	22568	6
32521	22568	22570	6
32522	22570	22572	6
32523	22572	22574	6
32524	22574	22575	6
32525	22575	22576	6
32526	22576	22577	6
32527	22577	22578	6
32528	22578	22579	6
32529	22579	22580	6
32530	22580	22580	0
32531	22580	22580	0
32532	22580	22580	0
32533	22580	22581	6
32534	22581	22582	6
32535	22582	22582	0
32536	22582	22582	0
32537	22582	22583	2
32538	22583	22584	6
32539	22584	22584	0
32540	22584	22584	0
32541	22584	22585	6
32542	22585	22588	6
32543	22588	22590	6
32544	22590	22591	6
32545	22591	22592	4
32546	22592	22593	6
32547	22593	22594	6
32548	22594	22595	6
32549	22595	22596	6
32550	22596	22597	6
32551	22597	22598	6
32552	22598	22599	6
32553	22599	22600	6
32554	22600	22601	6
32555	22601	22602	6
32556	22602	22604	6
32557	22604	22605	6
32558	22605	22606	6
32559	22606	22607	6
32560	22607	22608	6
32561	22608	22610	6
32562	22610	22611	6
32563	22611	22612	2
32564	22612	22613	6
32565	22613	22614	6
32566	22614	22615	6
32567	22615	22616	6
32568	22616	22617	2
32569	22617	22619	6
32570	22619	22620	6
32571	22620	22621	6
32572	22621	22622	6
32573	22622	22623	6
32574	22623	22624	6
32575	22624	22626	6
32576	22626	22627	6
32577	22627	22627	0
32578	22627	22628	2
32579	22628	22628	0
32580	22628	22629	6
32581	22629	22630	6
32582	22630	22631	6
32583	22631	22632	6
32584	22632	22633	6
32585	22633	22633	0
32586	22633	22633	0
32587	22633	22633	0
32588	22633	22634	2
32589	22634	22634	0
32590	22634	22634	0
32591	22634	22634	0
32592	22634	22634	0
32593	22634	22635	6
32594	22635	22637	6
32595	22637	22637	0
32596	22637	22638	6
32597	22638	22639	6
32598	22639	22641	6
32599	22641	22641	0
32600	22641	22642	6
32601	22642	22644	6
32602	22644	22645	6
32603	22645	22647	6
32604	22647	22648	2
32605	22648	22649	6
32606	22649	22651	6
32607	22651	22652	2
32608	22652	22653	6
32609	22653	22654	6
32610	22654	22655	6
32611	22655	22657	6
32612	22657	22661	6
32613	22661	22662	6
32614	22662	22664	6
32615	22664	22666	6
32616	22666	22667	6
32617	22667	22668	6
32618	22668	22669	6
32619	22669	22670	6
32620	22670	22671	6
32621	22671	22672	6
32622	22672	22674	6
32623	22674	22675	6
32624	22675	22676	6
32625	22676	22678	6
32626	22678	22679	6
32627	22679	22680	6
32628	22680	22681	6
32629	22681	22681	0
32630	22681	22681	0
32631	22681	22681	0
32632	22681	22683	6
32633	22683	22684	6
32634	22684	22685	6
32635	22685	22685	0
32636	22685	22685	0
32637	22685	22686	6
32638	22686	22686	0
32639	22686	22686	0
32640	22686	22686	0
32641	22686	22686	0
32642	22686	22687	2
32643	22687	22689	6
32644	22689	22690	6
32645	22690	22692	6
32646	22692	22693	6
32647	22693	22694	6
32648	22694	22695	6
32649	22695	22697	6
32650	22697	22698	2
32651	22698	22699	6
32652	22699	22700	6
32653	22700	22701	6
32654	22701	22702	6
32655	22702	22703	6
32656	22703	22704	6
32657	22704	22704	0
32658	22704	22704	0
32659	22704	22704	0
32660	22704	22704	0
32661	22704	22704	0
32662	22704	22704	0
32663	22704	22704	0
32664	22704	22704	0
32665	22704	22704	0
32666	22704	22704	0
32667	22704	22704	0
32668	22704	22704	0
32669	22704	22704	0
32670	22704	22704	0
32671	22704	22704	0
32672	22704	22704	0
32673	22704	22704	0
32674	22704	22704	0
32675	22704	22704	0
32676	22704	22704	0
32677	22704	22704	0
32678	22704	22704	0
32679	22704	22704	0
32680	22704	22705	2
32681	22705	22705	0
32682	22705	22706	2
32683	22706	22707	6
32684	22707	22707	0
32685	22707	22708	6
32686	22708	22710	2
32687	22710	22711	6
32688	22711	22712	6
32689	22712	22712	0
32690	22712	22713	6
32691	22713	22714	6
32692	22714	22714	0
32693	22714	22714	0
32694	22714	22714	0
32695	22714	22714	0
32696	22714	22714	0
32697	22714	22714	0
32698	22714	22714	0
32699	22714	22714	6
32700	22714	22714	0
32701	22714	22715	2
32702	22715	22715	0
32703	22715	22715	0
32704	22715	22715	0
32705	22715	22717	6
32706	22717	22718	2
32707	22718	22718	0
32708	22718	22718	0
32709	22718	22718	0
32710	22718	22718	0
32711	22718	22718	0
32712	22718	22718	0
32713	22718	22718	0
32714	22718	22718	0
32715	22718	22718	0
32716	22718	22718	0
32717	22718	22718	0
32718	22718	22718	6
32719	22718	22718	0
32720	22718	22718	0
32721	22718	22718	0
32722	22718	22718	0
32723	22718	22718	0
32724	22718	22718	0
32725	22718	22718	0
32726	22718	22718	0
32727	22718	22718	0
32728	22718	22718	0
32729	22718	22718	0
32730	22718	22718	0
32731	22718	22718	0
32732	22718	22718	0
32733	22718	22718	0
32734	22718	22718	0
32735	22718	22718	0
32736	22718	22718	0
32737	22718	22718	0
32738	22718	22718	0
32739	22718	22718	0
32740	22718	22718	0
32741	22718	22718	0
32742	22718	22718	0
32743	22718	22718	0
32744	22718	22722	6
32745	22722	22726	6
32746	22726	22734	6
32747	22734	22741	6
32748	22741	22741	0
32749	22741	22741	0
32750	22741	22741	0
32751	22741	22741	0
32752	22741	22741	0
32753	22741	22741	6
32754	22741	22741	6
32755	22741	22741	6
32756	22741	22743	6
32757	22743	22745	6
32758	22745	22745	6
32759	22745	22746	6
32760	22746	22748	6
32761	22748	22750	6
32762	22750	22750	0
32763	22750	22750	0
32764	22750	22750	0
32765	22750	22750	0
32766	22750	22750	0
32767	22750	22750	0
32768	22750	22750	6
32769	22750	22750	4
32770	22750	22750	6
32771	22750	22750	0
32772	22750	22750	0
32773	22750	22750	0
32774	22750	22750	0
32775	22750	22750	0
32776	22750	22750	0
32777	22750	22750	0
32778	22750	22750	0
32779	22750	22750	0
32780	22750	22750	0
32781	22750	22750	0
32782	22750	22750	0
32783	22750	22750	0
32784	22750	22752	6
32785	22752	22752	6
32786	22752	22752	6
32787	22752	22752	0
32788	22752	22753	2
32789	22753	22753	4
32790	22753	22753	0
32791	22753	22753	0
32792	22753	22753	0
32793	22753	22753	0
32794	22753	22753	0
32795	22753	22753	0
32796	22753	22753	0
32797	22753	22753	0
32798	22753	22754	6
32799	22754	22756	6
32800	22756	22758	6
32801	22758	22758	6
32802	22758	22760	6
32803	22760	22761	6
32804	22761	22763	6
32805	22763	22768	6
32806	22768	22774	6
32807	22774	22778	6
32808	22778	22782	6
32809	22782	22786	6
32810	22786	22789	6
32811	22789	22789	0
32812	22789	22790	2
32813	22790	22790	0
32814	22790	22790	0
32815	22790	22790	0
32816	22790	22791	4
32817	22791	22792	6
32818	22792	22792	2
32819	22792	22793	6
32820	22793	22793	0
32821	22793	22793	0
32822	22793	22793	0
32823	22793	22793	0
32824	22793	22793	0
32825	22793	22793	0
32826	22793	22793	0
32827	22793	22793	0
32828	22793	22793	0
32829	22793	22793	0
32830	22793	22793	0
32831	22793	22793	0
32832	22793	22793	0
32833	22793	22793	0
32834	22793	22793	0
32835	22793	22793	0
32836	22793	22793	0
32837	22793	22793	0
32838	22793	22793	0
32839	22793	22793	0
32840	22793	22793	0
32841	22793	22793	0
32842	22793	22793	0
32843	22793	22793	0
32844	22793	22793	0
32845	22793	22793	0
32846	22793	22793	0
32847	22793	22793	4
32848	22793	22794	6
32849	22794	22794	0
32850	22794	22795	6
32851	22795	22795	0
32852	22795	22795	0
32853	22795	22795	0
32854	22795	22795	0
32855	22795	22795	0
32856	22795	22795	0
32857	22795	22795	0
32858	22795	22795	0
32859	22795	22795	0
32860	22795	22795	0
32861	22795	22795	6
32862	22795	22795	0
32863	22795	22795	6
32864	22795	22795	0
32865	22795	22795	0
32866	22795	22795	0
32867	22795	22795	0
32868	22795	22795	0
32869	22795	22795	0
32870	22795	22795	0
32871	22795	22795	4
32872	22795	22795	0
32873	22795	22795	0
32874	22795	22795	0
32875	22795	22795	0
32876	22795	22796	6
32877	22796	22797	6
32878	22797	22797	0
32879	22797	22797	0
32880	22797	22797	0
32881	22797	22798	6
32882	22798	22798	0
32883	22798	22799	6
32884	22799	22799	0
32885	22799	22800	4
32886	22800	22801	6
32887	22801	22801	0
32888	22801	22801	0
32889	22801	22801	0
32890	22801	22802	6
32891	22802	22803	6
32892	22803	22803	4
32893	22803	22804	6
32894	22804	22806	6
32895	22806	22807	6
32896	22807	22809	6
32897	22809	22810	6
32898	22810	22811	2
32899	22811	22813	6
32900	22813	22814	6
32901	22814	22815	6
32902	22815	22816	6
32903	22816	22817	6
32904	22817	22817	0
32905	22817	22818	6
32906	22818	22818	6
32907	22818	22819	6
32908	22819	22820	6
32909	22820	22820	0
32910	22820	22820	0
32911	22820	22820	0
32912	22820	22820	4
32913	22820	22820	0
32914	22820	22821	6
32915	22821	22822	6
32916	22822	22823	6
32917	22823	22824	6
32918	22824	22824	0
32919	22824	22825	6
32920	22825	22826	6
32921	22826	22827	6
32922	22827	22828	6
32923	22828	22829	6
32924	22829	22830	6
32925	22830	22831	6
32926	22831	22832	6
32927	22832	22833	6
32928	22833	22834	6
32929	22834	22835	2
32930	22835	22836	6
32931	22836	22837	6
32932	22837	22838	6
32933	22838	22839	6
32934	22839	22840	6
32935	22840	22841	6
32936	22841	22842	6
32937	22842	22843	6
32938	22843	22844	6
32939	22844	22845	6
32940	22845	22846	6
32941	22846	22847	6
32942	22847	22848	6
32943	22848	22849	6
32944	22849	22850	6
32945	22850	22851	6
32946	22851	22852	6
32947	22852	22853	2
32948	22853	22854	6
32949	22854	22855	2
32950	22855	22856	6
32951	22856	22857	6
32952	22857	22858	6
32953	22858	22859	6
32954	22859	22860	6
32955	22860	22861	6
32956	22861	22861	0
32957	22861	22862	6
32958	22862	22863	6
32959	22863	22864	6
32960	22864	22866	6
32961	22866	22867	6
32962	22867	22868	6
32963	22868	22869	6
32964	22869	22870	6
32965	22870	22871	6
32966	22871	22873	6
32967	22873	22875	6
32968	22875	22877	6
32969	22877	22878	2
32970	22878	22880	6
32971	22880	22882	6
32972	22882	22882	0
32973	22882	22883	2
32974	22883	22885	6
32975	22885	22885	0
32976	22885	22887	6
32977	22887	22887	0
32978	22887	22889	6
32979	22889	22891	6
32980	22891	22892	6
32981	22892	22892	0
32982	22892	22894	6
32983	22894	22896	6
32984	22896	22897	6
32985	22897	22899	6
32986	22899	22900	2
32987	22900	22901	6
32988	22901	22902	6
32989	22902	22904	6
32990	22904	22905	6
32991	22905	22906	6
32992	22906	22907	6
32993	22907	22909	6
32994	22909	22910	6
32995	22910	22911	6
32996	22911	22912	6
32997	22912	22913	6
32998	22913	22913	0
32999	22913	22914	6
33000	22914	22914	0
33001	22914	22914	4
33002	22914	22915	6
33003	22915	22915	0
33004	22915	22915	0
33005	22915	22915	0
33006	22915	22916	6
33007	22916	22917	6
33008	22917	22918	6
33009	22918	22920	6
33010	22920	22921	6
33011	22921	22922	6
33012	22922	22923	6
33013	22923	22925	6
33014	22925	22929	6
33015	22929	22931	6
33016	22931	22932	2
33017	22932	22932	0
33018	22932	22933	6
33019	22933	22934	6
33020	22934	22934	0
33021	22934	22936	6
33022	22936	22936	0
33023	22936	22937	6
33024	22937	22938	2
33025	22938	22939	6
33026	22939	22939	0
33027	22939	22939	0
33028	22939	22939	0
33029	22939	22939	0
33030	22939	22940	6
33031	22940	22941	6
33032	22941	22942	6
33033	22942	22943	6
33034	22943	22943	0
33035	22943	22945	6
33036	22945	22946	6
33037	22946	22947	6
33038	22947	22948	6
33039	22948	22949	6
33040	22949	22950	6
33041	22950	22951	6
33042	22951	22952	6
33043	22952	22954	6
33044	22954	22956	6
33045	22956	22957	6
33046	22957	22958	6
33047	22958	22959	6
33048	22959	22960	6
33049	22960	22961	6
33050	22961	22962	6
33051	22962	22963	6
33052	22963	22965	6
33053	22965	22966	6
33054	22966	22966	0
33055	22966	22968	6
33056	22968	22969	6
33057	22969	22971	6
33058	22971	22972	4
33059	22972	22974	6
33060	22974	22976	6
33061	22976	22977	6
33062	22977	22978	6
33063	22978	22978	0
33064	22978	22978	0
33065	22978	22979	6
33066	22979	22981	6
33067	22981	22982	6
33068	22982	22983	6
33069	22983	22984	2
33070	22984	22985	6
33071	22985	22986	6
33072	22986	22987	6
33073	22987	22988	2
33074	22988	22989	6
33075	22989	22990	6
33076	22990	22991	6
33077	22991	22992	6
33078	22992	22993	6
33079	22993	22994	6
33080	22994	22995	6
33081	22995	22996	6
33082	22996	22997	6
33083	22997	22998	6
33084	22998	22998	0
33085	22998	22999	6
33086	22999	23000	6
33087	23000	23001	6
33088	23001	23002	4
33089	23002	23003	2
33090	23003	23003	0
33091	23003	23004	6
33092	23004	23006	6
33093	23006	23008	6
33094	23008	23010	6
33095	23010	23012	6
33096	23012	23013	6
33097	23013	23014	6
33098	23014	23015	6
33099	23015	23016	6
33100	23016	23019	6
33101	23019	23023	6
33102	23023	23025	6
33103	23025	23027	6
33104	23027	23028	2
33105	23028	23030	6
33106	23030	23031	6
33107	23031	23032	6
33108	23032	23033	6
33109	23033	23034	6
33110	23034	23035	2
33111	23035	23036	2
33112	23036	23036	0
33113	23036	23040	6
33114	23040	23042	6
33115	23042	23044	6
33116	23044	23046	4
33117	23046	23048	6
33118	23048	23050	6
33119	23050	23051	6
33120	23051	23053	6
33121	23053	23054	6
33122	23054	23055	6
33123	23055	23056	6
33124	23056	23056	0
33125	23056	23056	0
33126	23056	23057	2
33127	23057	23058	6
33128	23058	23058	0
33129	23058	23058	0
33130	23058	23060	6
33131	23060	23062	6
33132	23062	23063	6
33133	23063	23064	6
33134	23064	23065	6
33135	23065	23066	6
33136	23066	23067	6
33137	23067	23068	6
33138	23068	23069	6
33139	23069	23070	6
33140	23070	23071	6
33141	23071	23071	0
33142	23071	23071	0
33143	23071	23071	0
33144	23071	23073	6
33145	23073	23074	6
33146	23074	23076	6
33147	23076	23078	6
33148	23078	23079	6
33149	23079	23080	6
33150	23080	23081	6
33151	23081	23082	2
33152	23082	23083	2
33153	23083	23084	6
33154	23084	23085	6
33155	23085	23086	6
33156	23086	23087	6
33157	23087	23088	6
33158	23088	23089	6
33159	23089	23091	6
33160	23091	23092	6
33161	23092	23093	6
33162	23093	23094	6
33163	23094	23098	6
33164	23098	23102	6
33165	23102	23103	2
33166	23103	23105	6
33167	23105	23107	6
33168	23107	23109	6
33169	23109	23111	6
33170	23111	23113	6
33171	23113	23114	6
33172	23114	23115	6
33173	23115	23116	6
33174	23116	23117	6
33175	23117	23118	6
33176	23118	23119	6
33177	23119	23120	6
33178	23120	23121	6
33179	23121	23121	6
33180	23121	23122	6
33181	23122	23124	6
33182	23124	23125	6
33183	23125	23126	6
33184	23126	23127	6
33185	23127	23128	6
33186	23128	23129	6
33187	23129	23130	6
33188	23130	23131	6
33189	23131	23132	6
33190	23132	23133	6
33191	23133	23134	6
33192	23134	23135	6
33193	23135	23136	6
33194	23136	23137	6
33195	23137	23138	6
33196	23138	23139	2
33197	23139	23140	6
33198	23140	23141	6
33199	23141	23142	6
33200	23142	23143	6
33201	23143	23144	6
33202	23144	23145	6
33203	23145	23146	6
33204	23146	23147	6
33205	23147	23148	6
33206	23148	23149	6
33207	23149	23150	6
33208	23150	23151	6
33209	23151	23152	6
33210	23152	23153	6
33211	23153	23154	6
33212	23154	23155	6
33213	23155	23156	6
33214	23156	23157	6
33215	23157	23158	6
33216	23158	23159	6
33217	23159	23160	6
33218	23160	23161	6
33219	23161	23162	6
33220	23162	23163	6
33221	23163	23164	6
33222	23164	23165	6
33223	23165	23166	6
33224	23166	23167	6
33225	23167	23168	6
33226	23168	23169	6
33227	23169	23170	6
33228	23170	23171	6
33229	23171	23172	6
33230	23172	23173	6
33231	23173	23174	6
33232	23174	23175	6
33233	23175	23176	6
33234	23176	23177	6
33235	23177	23178	6
33236	23178	23179	6
33237	23179	23180	6
33238	23180	23181	6
33239	23181	23182	6
33240	23182	23183	6
33241	23183	23184	6
33242	23184	23185	6
33243	23185	23186	6
33244	23186	23187	6
33245	23187	23188	6
33246	23188	23188	4
33247	23188	23188	0
33248	23188	23188	0
33249	23188	23188	0
33250	23188	23188	0
33251	23188	23188	0
33252	23188	23188	0
33253	23188	23188	0
33254	23188	23189	6
33255	23189	23190	6
33256	23190	23191	6
33257	23191	23192	6
33258	23192	23193	6
33259	23193	23194	6
33260	23194	23195	6
33261	23195	23196	6
33262	23196	23197	6
33263	23197	23198	6
33264	23198	23199	4
33265	23199	23200	6
33266	23200	23201	2
33267	23201	23202	6
33268	23202	23203	6
33269	23203	23204	6
33270	23204	23205	6
33271	23205	23206	6
33272	23206	23207	6
33273	23207	23208	6
33274	23208	23209	6
33275	23209	23210	6
33276	23210	23211	6
33277	23211	23212	6
33278	23212	23212	0
33279	23212	23212	0
33280	23212	23212	0
33281	23212	23212	0
33282	23212	23213	6
33283	23213	23214	6
33284	23214	23214	0
33285	23214	23215	6
33286	23215	23216	6
33287	23216	23217	6
33288	23217	23218	6
33289	23218	23218	0
33290	23218	23219	6
33291	23219	23220	2
33292	23220	23221	6
33293	23221	23222	6
33294	23222	23224	6
33295	23224	23225	6
33296	23225	23226	6
33297	23226	23227	6
33298	23227	23228	6
33299	23228	23229	6
33300	23229	23230	6
33301	23230	23231	6
33302	23231	23232	2
33303	23232	23233	6
33304	23233	23234	6
33305	23234	23235	6
33306	23235	23236	6
33307	23236	23237	6
33308	23237	23237	2
33309	23237	23237	2
33310	23237	23237	0
33311	23237	23237	0
33312	23237	23238	6
33313	23238	23239	4
33314	23239	23240	2
33315	23240	23240	0
33316	23240	23241	6
33317	23241	23242	6
33318	23242	23243	6
33319	23243	23244	6
33320	23244	23245	6
33321	23245	23246	6
33322	23246	23247	6
33323	23247	23248	6
33324	23248	23248	0
33325	23248	23249	6
33326	23249	23250	6
33327	23250	23251	6
33328	23251	23252	6
33329	23252	23253	6
33330	23253	23254	6
33331	23254	23255	6
33332	23255	23256	6
33333	23256	23257	6
33334	23257	23258	6
33335	23258	23259	6
33336	23259	23260	6
33337	23260	23261	6
33338	23261	23262	6
33339	23262	23263	6
33340	23263	23264	6
33341	23264	23265	6
33342	23265	23266	6
33343	23266	23267	6
33344	23267	23268	6
33345	23268	23269	6
33346	23269	23270	6
33347	23270	23271	6
33348	23271	23272	6
33349	23272	23273	6
33350	23273	23274	6
33351	23274	23275	6
33352	23275	23276	6
33353	23276	23277	6
33354	23277	23278	6
33355	23278	23279	6
33356	23279	23280	6
33357	23280	23281	6
33358	23281	23282	6
33359	23282	23283	6
33360	23283	23284	6
33361	23284	23285	6
33362	23285	23286	6
33363	23286	23287	6
33364	23287	23288	6
33365	23288	23289	6
33366	23289	23290	6
33367	23290	23291	6
33368	23291	23292	6
33369	23292	23293	6
33370	23293	23294	2
33371	23294	23295	6
33372	23295	23296	6
33373	23296	23296	0
33374	23296	23297	6
33375	23297	23298	6
33376	23298	23299	6
33377	23299	23300	6
33378	23300	23301	6
33379	23301	23302	6
33380	23302	23303	6
33381	23303	23304	6
33382	23304	23305	6
33383	23305	23305	0
33384	23305	23306	6
33385	23306	23307	6
33386	23307	23308	6
33387	23308	23309	6
33388	23309	23310	6
33389	23310	23311	6
33390	23311	23312	6
33391	23312	23313	6
33392	23313	23314	6
33393	23314	23315	6
33394	23315	23316	6
33395	23316	23317	6
33396	23317	23318	6
33397	23318	23319	6
33398	23319	23320	6
33399	23320	23321	6
33400	23321	23322	6
33401	23322	23323	6
33402	23323	23324	6
33403	23324	23325	6
33404	23325	23326	6
33405	23326	23327	6
33406	23327	23328	6
33407	23328	23329	6
33408	23329	23330	6
33409	23330	23331	6
33410	23331	23332	6
33411	23332	23333	6
33412	23333	23334	6
33413	23334	23335	6
33414	23335	23336	6
33415	23336	23337	6
33416	23337	23338	6
33417	23338	23339	2
33418	23339	23340	6
33419	23340	23341	6
33420	23341	23342	6
33421	23342	23343	6
33422	23343	23344	6
33423	23344	23345	6
33424	23345	23346	6
33425	23346	23347	6
33426	23347	23348	6
33427	23348	23349	6
33428	23349	23350	6
33429	23350	23351	6
33430	23351	23352	6
33431	23352	23353	6
33432	23353	23354	6
33433	23354	23355	6
33434	23355	23356	6
33435	23356	23358	6
33436	23358	23359	6
33437	23359	23361	4
33438	23361	23363	6
33439	23363	23364	4
33440	23364	23365	6
33441	23365	23366	6
33442	23366	23366	0
33443	23366	23366	0
33444	23366	23366	0
33445	23366	23367	2
33446	23367	23367	0
33447	23367	23368	6
33448	23368	23369	6
33449	23369	23370	6
33450	23370	23372	6
33451	23372	23372	4
33452	23372	23374	6
33453	23374	23375	6
33454	23375	23376	6
33455	23376	23377	6
33456	23377	23378	2
33457	23378	23379	6
33458	23379	23380	6
33459	23380	23382	6
33460	23382	23384	6
33461	23384	23384	0
33462	23384	23384	0
33463	23384	23384	0
33464	23384	23385	6
33465	23385	23386	6
33466	23386	23387	6
33467	23387	23388	6
33468	23388	23389	6
33469	23389	23390	6
33470	23390	23390	0
33471	23390	23391	6
33472	23391	23391	0
33473	23391	23392	6
33474	23392	23392	0
33475	23392	23393	2
33476	23393	23393	0
33477	23393	23394	2
33478	23394	23395	6
33479	23395	23396	6
33480	23396	23398	6
33481	23398	23400	6
33482	23400	23401	6
33483	23401	23402	6
33484	23402	23404	6
33485	23404	23406	6
33486	23406	23407	6
33487	23407	23408	6
33488	23408	23410	6
33489	23410	23412	6
33490	23412	23413	6
33491	23413	23414	6
33492	23414	23415	6
33493	23415	23416	6
33494	23416	23418	6
33495	23418	23422	6
33496	23422	23424	6
33497	23424	23425	2
33498	23425	23426	2
33499	23426	23427	6
33500	23427	23428	6
33501	23428	23429	6
33502	23429	23430	6
33503	23430	23432	6
33504	23432	23433	6
33505	23433	23434	6
33506	23434	23436	6
33507	23436	23438	6
33508	23438	23439	6
33509	23439	23440	6
33510	23440	23441	6
33511	23441	23441	0
33512	23441	23442	6
33513	23442	23442	0
33514	23442	23443	6
33515	23443	23443	0
33516	23443	23444	6
33517	23444	23445	6
33518	23445	23446	6
33519	23446	23447	6
33520	23447	23447	0
33521	23447	23447	0
33522	23447	23448	6
33523	23448	23449	6
33524	23449	23449	0
33525	23449	23449	0
33526	23449	23449	0
33527	23449	23450	6
33528	23450	23451	6
33529	23451	23452	6
33530	23452	23453	6
33531	23453	23454	6
33532	23454	23455	6
33533	23455	23456	6
33534	23456	23457	6
33535	23457	23457	0
33536	23457	23457	0
33537	23457	23459	6
33538	23459	23460	6
33539	23460	23461	6
33540	23461	23462	6
33541	23462	23463	6
33542	23463	23464	6
33543	23464	23465	6
33544	23465	23466	6
33545	23466	23467	6
33546	23467	23467	0
33547	23467	23467	0
33548	23467	23467	0
33549	23467	23467	0
33550	23467	23467	0
33551	23467	23469	6
33552	23469	23469	0
33553	23469	23469	0
33554	23469	23469	0
33555	23469	23469	0
33556	23469	23469	0
33557	23469	23469	0
33558	23469	23469	0
33559	23469	23469	0
33560	23469	23469	0
33561	23469	23470	6
33562	23470	23471	2
33563	23471	23472	6
33564	23472	23473	6
33565	23473	23474	6
33566	23474	23475	2
33567	23475	23476	2
33568	23476	23477	6
33569	23477	23478	6
33570	23478	23479	6
33571	23479	23480	6
33572	23480	23481	6
33573	23481	23482	6
33574	23482	23484	6
33575	23484	23485	6
33576	23485	23486	6
33577	23486	23486	0
33578	23486	23487	6
33579	23487	23488	6
33580	23488	23489	6
33581	23489	23490	6
33582	23490	23491	6
33583	23491	23492	2
33584	23492	23494	6
33585	23494	23495	6
33586	23495	23495	0
33587	23495	23496	6
33588	23496	23496	0
33589	23496	23497	6
33590	23497	23498	6
33591	23498	23499	6
33592	23499	23501	6
33593	23501	23502	6
33594	23502	23503	6
33595	23503	23504	6
33596	23504	23505	6
33597	23505	23506	6
33598	23506	23506	0
33599	23506	23506	0
33600	23506	23506	0
33601	23506	23506	0
33602	23506	23507	2
33603	23507	23508	6
33604	23508	23508	0
33605	23508	23509	6
33606	23509	23509	0
33607	23509	23510	6
33608	23510	23510	0
33609	23510	23513	6
33610	23513	23515	6
33611	23515	23516	2
33612	23516	23517	2
33613	23517	23518	6
33614	23518	23519	6
33615	23519	23519	4
33616	23519	23520	6
33617	23520	23521	6
33618	23521	23522	6
33619	23522	23523	6
33620	23523	23524	6
33621	23524	23525	6
33622	23525	23527	6
33623	23527	23529	6
33624	23529	23529	0
33625	23529	23530	6
33626	23530	23530	0
33627	23530	23532	6
33628	23532	23533	6
33629	23533	23533	0
33630	23533	23534	6
33631	23534	23535	6
33632	23535	23536	6
33633	23536	23537	6
33634	23537	23538	6
33635	23538	23539	6
33636	23539	23540	6
33637	23540	23541	6
33638	23541	23542	6
33639	23542	23543	6
33640	23543	23544	6
33641	23544	23545	6
33642	23545	23546	6
33643	23546	23546	0
33644	23546	23546	0
33645	23546	23546	0
33646	23546	23546	0
33647	23546	23546	0
33648	23546	23546	0
33649	23546	23546	0
33650	23546	23546	0
33651	23546	23546	0
33652	23546	23546	0
33653	23546	23546	0
33654	23546	23546	0
33655	23546	23546	0
33656	23546	23546	0
33657	23546	23546	0
33658	23546	23546	0
33659	23546	23546	0
33660	23546	23546	0
33661	23546	23546	0
33662	23546	23546	0
33663	23546	23546	0
33664	23546	23546	0
33665	23546	23546	0
33666	23546	23546	0
33667	23546	23546	0
33668	23546	23546	0
33669	23546	23546	0
33670	23546	23546	0
33671	23546	23546	0
33672	23546	23546	0
33673	23546	23546	0
33674	23546	23546	0
33675	23546	23546	0
33676	23546	23546	0
33677	23546	23546	0
33678	23546	23546	0
33679	23546	23546	0
33680	23546	23546	0
33681	23546	23546	0
33682	23546	23546	0
33683	23546	23546	0
33684	23546	23546	0
33685	23546	23546	0
33686	23546	23546	0
33687	23546	23546	0
33688	23546	23546	0
33689	23546	23546	0
33690	23546	23546	0
33691	23546	23546	0
33692	23546	23546	0
33693	23546	23546	0
33694	23546	23546	0
33695	23546	23546	0
33696	23546	23546	0
33697	23546	23546	0
33698	23546	23546	0
33699	23546	23546	0
33700	23546	23546	0
33701	23546	23546	0
33702	23546	23546	0
33703	23546	23546	0
33704	23546	23546	0
33705	23546	23546	0
33706	23546	23546	0
33707	23546	23546	0
33708	23546	23546	4
33709	23546	23546	0
33710	23546	23546	2
33711	23546	23546	0
33712	23546	23546	0
33713	23546	23546	0
33714	23546	23546	0
33715	23546	23546	0
33716	23546	23547	6
33717	23547	23548	6
33718	23548	23549	6
33719	23549	23551	2
33720	23551	23555	6
33721	23555	23555	0
33722	23555	23555	0
33723	23555	23555	0
33724	23555	23555	0
33725	23555	23555	0
33726	23555	23555	0
33727	23555	23555	0
33728	23555	23555	0
33729	23555	23556	6
33730	23556	23557	6
33731	23557	23559	6
33732	23559	23561	6
33733	23561	23563	6
33734	23563	23565	6
33735	23565	23567	6
33736	23567	23569	6
33737	23569	23571	6
33738	23571	23575	6
33739	23575	23579	6
33740	23579	23579	6
33741	23579	23579	0
33742	23579	23579	0
33743	23579	23579	0
33744	23579	23579	6
33745	23579	23580	2
33746	23580	23580	0
33747	23580	23580	0
33748	23580	23580	0
33749	23580	23580	0
33750	23580	23580	0
33751	23580	23580	0
33752	23580	23580	0
33753	23580	23580	0
33754	23580	23580	0
33755	23580	23580	0
33756	23580	23580	0
33757	23580	23580	0
33758	23580	23580	0
33759	23580	23580	0
33760	23580	23580	0
33761	23580	23580	0
33762	23580	23583	6
33763	23583	23584	6
33764	23584	23584	4
33765	23584	23584	4
33766	23584	23588	6
33767	23588	23588	0
33768	23588	23588	6
33769	23588	23590	6
33770	23590	23590	0
33771	23590	23593	6
33772	23593	23598	6
33773	23598	23598	0
33774	23598	23598	6
33775	23598	23600	6
33776	23600	23604	6
33777	23604	23607	6
33778	23607	23609	6
33779	23609	23609	0
33780	23609	23609	0
33781	23609	23609	0
33782	23609	23609	0
33783	23609	23609	6
33784	23609	23610	6
33785	23610	23610	0
33786	23610	23610	0
33787	23610	23610	0
33788	23610	23611	2
33789	23611	23612	6
33790	23612	23613	6
33791	23613	23614	6
33792	23614	23615	6
33793	23615	23616	6
33794	23616	23616	0
33795	23616	23617	6
33796	23617	23617	0
33797	23617	23618	2
33798	23618	23619	2
33799	23619	23619	0
33800	23619	23620	6
33801	23620	23621	6
33802	23621	23623	6
33803	23623	23623	0
33804	23623	23625	2
33805	23625	23626	2
33806	23626	23627	6
33807	23627	23628	6
33808	23628	23629	6
33809	23629	23630	6
33810	23630	23631	6
33811	23631	23632	6
33812	23632	23633	6
33813	23633	23633	0
33814	23633	23634	6
33815	23634	23634	0
33816	23634	23635	6
33817	23635	23636	6
33818	23636	23637	6
33819	23637	23637	0
33820	23637	23637	0
33821	23637	23638	2
33822	23638	23638	0
33823	23638	23639	2
33824	23639	23639	6
33825	23639	23640	2
33826	23640	23642	6
33827	23642	23643	6
33828	23643	23644	6
33829	23644	23644	0
33830	23644	23644	0
33831	23644	23644	0
33832	23644	23652	6
33833	23652	23652	0
33834	23652	23652	0
33835	23652	23652	6
33836	23652	23655	6
33837	23655	23655	0
33838	23655	23656	6
33839	23656	23656	0
33840	23656	23656	0
33841	23656	23656	0
33842	23656	23656	0
33843	23656	23656	0
33844	23656	23656	0
33845	23656	23656	0
33846	23656	23656	0
33847	23656	23656	0
33848	23656	23656	0
33849	23656	23656	0
33850	23656	23656	0
33851	23656	23656	0
33852	23656	23656	0
33853	23656	23656	0
33854	23656	23656	0
33855	23656	23656	0
33856	23656	23656	0
33857	23656	23656	0
33858	23656	23656	0
33859	23656	23656	0
33860	23656	23656	0
33861	23656	23656	0
33862	23656	23656	0
33863	23656	23656	0
33864	23656	23656	0
33865	23656	23656	0
33866	23656	23656	0
33867	23656	23658	6
33868	23658	23658	0
33869	23658	23658	0
33870	23658	23658	0
33871	23658	23658	0
33872	23658	23658	0
33873	23658	23658	0
33874	23658	23658	0
33875	23658	23658	0
33876	23658	23658	0
33877	23658	23658	0
33878	23658	23658	0
33879	23658	23658	0
33880	23658	23658	0
33881	23658	23658	0
33882	23658	23660	6
33883	23660	23660	0
33884	23660	23662	6
33885	23662	23662	0
33886	23662	23664	6
33887	23664	23666	6
33888	23666	23668	6
33889	23668	23669	6
33890	23669	23671	6
33891	23671	23671	0
33892	23671	23671	0
33893	23671	23671	0
33894	23671	23671	0
33895	23671	23671	0
33896	23671	23673	6
33897	23673	23674	6
33898	23674	23674	0
33899	23674	23674	0
33900	23674	23674	0
33901	23674	23674	0
33902	23674	23674	0
33903	23674	23674	6
33904	23674	23674	0
33905	23674	23674	0
33906	23674	23674	0
33907	23674	23674	0
33908	23674	23674	0
33909	23674	23674	0
33910	23674	23674	0
33911	23674	23674	0
33912	23674	23674	0
33913	23674	23674	0
33914	23674	23674	0
33915	23674	23674	0
33916	23674	23674	0
33917	23674	23674	0
33918	23674	23674	0
33919	23674	23674	0
33920	23674	23674	0
33921	23674	23674	0
33922	23674	23674	0
33923	23674	23674	0
33924	23674	23674	0
33925	23674	23674	0
33926	23674	23674	0
33927	23674	23674	0
33928	23674	23674	0
33929	23674	23674	0
33930	23674	23674	0
33931	23674	23674	0
33932	23674	23674	0
33933	23674	23674	0
33934	23674	23674	0
33935	23674	23674	0
33936	23674	23674	0
33937	23674	23674	0
33938	23674	23674	0
33939	23674	23674	0
33940	23674	23675	6
33941	23675	23675	0
33942	23675	23675	0
33943	23675	23675	0
33944	23675	23675	0
33945	23675	23675	0
33946	23675	23675	0
33947	23675	23675	0
33948	23675	23676	6
33949	23676	23676	0
33950	23676	23688	6
33951	23688	23692	6
33952	23692	23692	0
33953	23692	23692	0
33954	23692	23693	6
33955	23693	23693	0
33956	23693	23699	6
33957	23699	23702	6
33958	23702	23706	6
33959	23706	23706	0
33960	23706	23706	2
33961	23706	23706	0
33962	23706	23706	0
33963	23706	23706	0
33964	23706	23706	0
33965	23706	23706	0
33966	23706	23706	0
33967	23706	23708	6
33968	23708	23710	2
33969	23710	23716	6
33970	23716	23718	6
33971	23718	23720	6
33972	23720	23720	0
33973	23720	23720	0
33974	23720	23721	2
33975	23721	23721	0
33976	23721	23723	6
33977	23723	23727	6
33978	23727	23729	6
33979	23729	23731	2
33980	23731	23733	2
33981	23733	23734	6
33982	23734	23735	6
33983	23735	23737	6
33984	23737	23739	6
33985	23739	23741	6
33986	23741	23741	0
33987	23741	23742	2
33988	23742	23742	2
33989	23742	23742	0
33990	23742	23744	6
33991	23744	23745	6
33992	23745	23746	2
33993	23746	23748	6
33994	23748	23749	6
33995	23749	23750	2
33996	23750	23750	0
33997	23750	23750	0
33998	23750	23750	0
33999	23750	23752	6
34000	23752	23752	0
34001	23752	23752	0
34002	23752	23752	0
34003	23752	23752	0
34004	23752	23756	6
34005	23756	23756	0
34006	23756	23756	0
34007	23756	23756	0
34008	23756	23756	0
34009	23756	23756	0
34010	23756	23756	0
34011	23756	23756	0
34012	23756	23756	0
34013	23756	23756	0
34014	23756	23756	0
34015	23756	23758	6
34016	23758	23759	6
34017	23759	23760	6
34018	23760	23761	6
34019	23761	23762	6
34020	23762	23762	0
34021	23762	23763	6
34022	23763	23764	6
34023	23764	23764	0
34024	23764	23764	0
34025	23764	23764	0
34026	23764	23765	2
34027	23765	23766	6
34028	23766	23767	6
34029	23767	23768	6
34030	23768	23769	6
34031	23769	23770	6
34032	23770	23771	6
34033	23771	23772	6
34034	23772	23773	6
34035	23773	23773	0
34036	23773	23773	0
34037	23773	23775	6
34038	23775	23775	0
34039	23775	23775	0
34040	23775	23775	0
34041	23775	23777	6
34042	23777	23777	0
34043	23777	23777	0
34044	23777	23777	0
34045	23777	23777	0
34046	23777	23777	0
34047	23777	23777	0
34048	23777	23777	0
34049	23777	23777	0
34050	23777	23777	0
34051	23777	23777	0
34052	23777	23777	0
34053	23777	23777	0
34054	23777	23777	0
34055	23777	23778	6
34056	23778	23778	0
34057	23778	23779	2
34058	23779	23779	0
34059	23779	23780	6
34060	23780	23781	6
34061	23781	23781	0
34062	23781	23781	0
34063	23781	23782	6
34064	23782	23783	6
34065	23783	23784	6
34066	23784	23785	6
34067	23785	23786	6
34068	23786	23786	0
34069	23786	23787	2
34070	23787	23787	0
34071	23787	23787	0
34072	23787	23787	0
34073	23787	23788	6
34074	23788	23789	6
34075	23789	23790	6
34076	23790	23791	6
34077	23791	23792	6
34078	23792	23792	0
34079	23792	23792	0
34080	23792	23792	0
34081	23792	23792	0
34082	23792	23792	0
34083	23792	23792	0
34084	23792	23792	0
34085	23792	23792	0
34086	23792	23792	0
34087	23792	23792	0
34088	23792	23793	6
34089	23793	23794	2
34090	23794	23795	6
34091	23795	23796	6
34092	23796	23796	0
34093	23796	23796	0
34094	23796	23796	0
34095	23796	23796	4
34096	23796	23797	6
34097	23797	23798	6
34098	23798	23798	0
34099	23798	23799	6
34100	23799	23800	6
34101	23800	23800	0
34102	23800	23800	0
34103	23800	23802	6
34104	23802	23802	0
34105	23802	23802	0
34106	23802	23802	0
34107	23802	23802	2
34108	23802	23802	0
34109	23802	23802	0
34110	23802	23802	0
34111	23802	23802	0
34112	23802	23803	6
34113	23803	23804	6
34114	23804	23804	0
34115	23804	23805	6
34116	23805	23806	6
34117	23806	23807	6
34118	23807	23808	6
34119	23808	23809	6
34120	23809	23810	6
34121	23810	23810	0
34122	23810	23810	0
34123	23810	23811	2
34124	23811	23812	6
34125	23812	23813	6
34126	23813	23814	6
34127	23814	23815	6
34128	23815	23816	2
34129	23816	23817	6
34130	23817	23818	6
34131	23818	23818	0
34132	23818	23819	6
34133	23819	23820	2
34134	23820	23821	6
34135	23821	23822	6
34136	23822	23824	2
34137	23824	23825	6
34138	23825	23826	6
34139	23826	23827	6
34140	23827	23829	6
34141	23829	23829	0
34142	23829	23831	6
34143	23831	23833	6
34144	23833	23833	0
34145	23833	23833	0
34146	23833	23833	0
34147	23833	23833	0
34148	23833	23833	0
34149	23833	23833	0
34150	23833	23833	0
34151	23833	23833	0
34152	23833	23833	0
34153	23833	23833	0
34154	23833	23833	0
34155	23833	23833	0
34156	23833	23833	0
34157	23833	23833	0
34158	23833	23834	6
34159	23834	23835	6
34160	23835	23836	6
34161	23836	23837	6
34162	23837	23838	6
34163	23838	23839	6
34164	23839	23840	6
34165	23840	23840	0
34166	23840	23841	6
34167	23841	23842	6
34168	23842	23842	0
34169	23842	23843	6
34170	23843	23844	6
34171	23844	23845	6
34172	23845	23846	6
34173	23846	23847	6
34174	23847	23848	6
34175	23848	23849	6
34176	23849	23850	6
34177	23850	23851	6
34178	23851	23852	6
34179	23852	23853	6
34180	23853	23854	6
34181	23854	23855	6
34182	23855	23856	6
34183	23856	23857	6
34184	23857	23858	6
34185	23858	23859	6
34186	23859	23860	6
34187	23860	23860	0
34188	23860	23861	6
34189	23861	23861	0
34190	23861	23861	0
34191	23861	23861	0
34192	23861	23861	0
34193	23861	23861	0
34194	23861	23861	0
34195	23861	23861	0
34196	23861	23861	0
34197	23861	23861	0
34198	23861	23861	0
34199	23861	23861	0
34200	23861	23861	0
34201	23861	23862	6
34202	23862	23863	6
34203	23863	23864	6
34204	23864	23865	6
34205	23865	23866	6
34206	23866	23866	0
34207	23866	23868	6
34208	23868	23869	6
34209	23869	23870	6
34210	23870	23870	0
34211	23870	23871	6
34212	23871	23873	6
34213	23873	23874	6
34214	23874	23875	6
34215	23875	23875	0
34216	23875	23876	6
34217	23876	23877	6
34218	23877	23877	0
34219	23877	23877	0
34220	23877	23877	0
34221	23877	23878	6
34222	23878	23879	6
34223	23879	23880	6
34224	23880	23881	6
34225	23881	23882	6
34226	23882	23882	0
34227	23882	23883	6
34228	23883	23884	6
34229	23884	23885	6
34230	23885	23886	6
34231	23886	23887	6
34232	23887	23888	6
34233	23888	23889	6
34234	23889	23890	6
34235	23890	23891	6
34236	23891	23891	0
34237	23891	23891	0
34238	23891	23892	2
34239	23892	23893	6
34240	23893	23893	0
34241	23893	23894	6
34242	23894	23894	0
34243	23894	23894	0
34244	23894	23894	0
34245	23894	23895	6
34246	23895	23896	6
34247	23896	23897	6
34248	23897	23898	6
34249	23898	23899	6
34250	23899	23900	6
34251	23900	23901	6
34252	23901	23902	6
34253	23902	23903	6
34254	23903	23904	6
34255	23904	23905	6
34256	23905	23906	6
34257	23906	23907	6
34258	23907	23908	6
34259	23908	23909	4
34260	23909	23911	6
34261	23911	23912	6
34262	23912	23913	6
34263	23913	23914	6
34264	23914	23915	6
34265	23915	23916	6
34266	23916	23917	6
34267	23917	23918	6
34268	23918	23919	6
34269	23919	23920	6
34270	23920	23921	6
34271	23921	23922	6
34272	23922	23923	6
34273	23923	23924	6
34274	23924	23925	6
34275	23925	23926	6
34276	23926	23927	6
34277	23927	23928	6
34278	23928	23929	6
34279	23929	23930	6
34280	23930	23931	6
34281	23931	23932	6
34282	23932	23933	6
34283	23933	23934	6
34284	23934	23935	6
34285	23935	23936	6
34286	23936	23937	6
34287	23937	23938	6
34288	23938	23939	6
34289	23939	23940	6
34290	23940	23941	6
34291	23941	23942	6
34292	23942	23943	6
34293	23943	23944	6
34294	23944	23946	6
34295	23946	23947	6
34296	23947	23948	6
34297	23948	23949	6
34298	23949	23950	6
34299	23950	23951	6
34300	23951	23952	6
34301	23952	23953	6
34302	23953	23954	6
34303	23954	23955	6
34304	23955	23956	6
34305	23956	23957	6
34306	23957	23958	6
34307	23958	23959	6
34308	23959	23960	6
34309	23960	23961	6
34310	23961	23962	6
34311	23962	23963	6
34312	23963	23964	6
34313	23964	23965	6
34314	23965	23966	6
34315	23966	23967	6
34316	23967	23968	6
34317	23968	23969	6
34318	23969	23970	6
34319	23970	23971	6
34320	23971	23972	6
34321	23972	23973	6
34322	23973	23974	6
34323	23974	23975	2
34324	23975	23976	6
34325	23976	23977	6
34326	23977	23978	6
34327	23978	23979	6
34328	23979	23980	6
34329	23980	23981	6
34330	23981	23982	2
34331	23982	23983	6
34332	23983	23983	0
34333	23983	23984	4
34334	23984	23985	6
34335	23985	23985	0
34336	23985	23986	6
34337	23986	23987	6
34338	23987	23988	6
34339	23988	23989	6
34340	23989	23990	6
34341	23990	23991	6
34342	23991	23992	6
34343	23992	23993	6
34344	23993	23994	6
34345	23994	23995	6
34346	23995	23996	6
34347	23996	23997	6
34348	23997	23998	6
34349	23998	23999	6
34350	23999	24000	6
34351	24000	24001	6
34352	24001	24002	6
34353	24002	24003	6
34354	24003	24004	6
34355	24004	24004	0
34356	24004	24004	0
34357	24004	24005	6
34358	24005	24006	6
34359	24006	24007	6
34360	24007	24008	6
34361	24008	24008	0
34362	24008	24008	0
34363	24008	24008	0
34364	24008	24008	0
34365	24008	24008	0
34366	24008	24008	0
34367	24008	24008	0
34368	24008	24008	0
34369	24008	24008	0
34370	24008	24008	0
34371	24008	24008	0
34372	24008	24009	2
34373	24009	24010	4
34374	24010	24011	6
34375	24011	24013	6
34376	24013	24015	6
34377	24015	24016	6
34378	24016	24017	6
34379	24017	24018	4
34380	24018	24018	0
34381	24018	24020	6
34382	24020	24021	6
34383	24021	24022	4
34384	24022	24023	2
34385	24023	24023	0
34386	24023	24024	6
34387	24024	24025	6
34388	24025	24026	6
34389	24026	24027	2
34390	24027	24028	6
34391	24028	24029	6
34392	24029	24030	6
34393	24030	24031	6
34394	24031	24032	6
34395	24032	24033	6
34396	24033	24034	6
34397	24034	24034	0
34398	24034	24034	0
34399	24034	24034	0
34400	24034	24034	0
34401	24034	24034	0
34402	24034	24035	6
34403	24035	24036	6
34404	24036	24037	6
34405	24037	24038	6
34406	24038	24039	6
34407	24039	24040	6
34408	24040	24041	6
34409	24041	24042	6
34410	24042	24043	6
34411	24043	24043	0
34412	24043	24043	0
34413	24043	24044	6
34414	24044	24044	0
34415	24044	24044	0
34416	24044	24045	2
34417	24045	24046	6
34418	24046	24047	6
34419	24047	24047	0
34420	24047	24047	0
34421	24047	24049	2
34422	24049	24050	6
34423	24050	24050	0
34424	24050	24050	0
34425	24050	24050	0
34426	24050	24050	0
34427	24050	24050	0
34428	24050	24050	0
34429	24050	24051	6
34430	24051	24051	0
34431	24051	24051	0
34432	24051	24051	0
34433	24051	24051	0
34434	24051	24051	0
34435	24051	24051	0
34436	24051	24052	6
34437	24052	24053	6
34438	24053	24054	6
34439	24054	24055	6
34440	24055	24056	6
34441	24056	24057	6
34442	24057	24058	6
34443	24058	24059	6
34444	24059	24060	6
34445	24060	24061	6
34446	24061	24061	0
34447	24061	24061	0
34448	24061	24061	0
34449	24061	24061	0
34450	24061	24062	6
34451	24062	24063	4
34452	24063	24063	0
34453	24063	24063	0
34454	24063	24064	6
34455	24064	24064	0
34456	24064	24065	6
34457	24065	24065	0
34458	24065	24066	6
34459	24066	24067	6
34460	24067	24068	6
34461	24068	24069	6
34462	24069	24070	6
34463	24070	24071	6
34464	24071	24073	6
34465	24073	24074	6
34466	24074	24074	0
34467	24074	24074	0
34468	24074	24075	2
34469	24075	24076	2
34470	24076	24077	6
34471	24077	24078	6
34472	24078	24079	6
34473	24079	24080	6
34474	24080	24081	6
34475	24081	24082	6
34476	24082	24083	6
34477	24083	24084	6
34478	24084	24084	0
34479	24084	24084	0
34480	24084	24085	6
34481	24085	24086	6
34482	24086	24087	6
34483	24087	24088	6
34484	24088	24089	4
34485	24089	24090	6
34486	24090	24091	2
34487	24091	24092	6
34488	24092	24093	6
34489	24093	24094	6
34490	24094	24095	6
34491	24095	24096	6
34492	24096	24098	6
34493	24098	24100	6
34494	24100	24101	6
34495	24101	24102	2
34496	24102	24103	6
34497	24103	24104	2
34498	24104	24104	0
34499	24104	24104	0
34500	24104	24105	4
34501	24105	24106	6
34502	24106	24107	6
34503	24107	24108	6
34504	24108	24109	6
34505	24109	24110	6
34506	24110	24111	6
34507	24111	24112	6
34508	24112	24113	6
34509	24113	24114	6
34510	24114	24115	6
34511	24115	24116	6
34512	24116	24117	6
34513	24117	24118	6
34514	24118	24119	6
34515	24119	24120	6
34516	24120	24121	6
34517	24121	24122	6
34518	24122	24123	6
34519	24123	24124	6
34520	24124	24125	6
34521	24125	24126	6
34522	24126	24127	6
34523	24127	24128	6
34524	24128	24129	6
34525	24129	24130	6
34526	24130	24131	6
34527	24131	24132	6
34528	24132	24133	6
34529	24133	24134	6
34530	24134	24135	6
34531	24135	24135	0
34532	24135	24135	0
34533	24135	24136	2
34534	24136	24136	0
34535	24136	24137	6
34536	24137	24138	6
34537	24138	24139	6
34538	24139	24140	6
34539	24140	24141	6
34540	24141	24142	6
34541	24142	24143	6
34542	24143	24144	6
34543	24144	24145	6
34544	24145	24146	6
34545	24146	24147	6
34546	24147	24148	6
34547	24148	24148	0
34548	24148	24149	6
34549	24149	24150	6
34550	24150	24150	0
34551	24150	24151	6
34552	24151	24152	6
34553	24152	24153	6
34554	24153	24154	6
34555	24154	24155	6
34556	24155	24156	6
34557	24156	24157	6
34558	24157	24158	6
34559	24158	24159	6
34560	24159	24160	6
34561	24160	24161	6
34562	24161	24162	6
34563	24162	24163	6
34564	24163	24164	6
34565	24164	24165	6
34566	24165	24166	6
34567	24166	24167	6
34568	24167	24168	6
34569	24168	24169	6
34570	24169	24170	6
34571	24170	24171	6
34572	24171	24172	6
34573	24172	24173	6
34574	24173	24174	6
34575	24174	24175	6
34576	24175	24176	6
34577	24176	24177	6
34578	24177	24178	6
34579	24178	24179	6
34580	24179	24180	6
34581	24180	24181	6
34582	24181	24181	0
34583	24181	24181	0
34584	24181	24181	0
34585	24181	24182	6
34586	24182	24182	0
34587	24182	24182	0
34588	24182	24182	0
34589	24182	24183	6
34590	24183	24183	0
34591	24183	24184	6
34592	24184	24185	6
34593	24185	24186	6
34594	24186	24187	6
34595	24187	24188	6
34596	24188	24189	6
34597	24189	24191	6
34598	24191	24193	6
34599	24193	24194	2
34600	24194	24195	2
34601	24195	24195	0
34602	24195	24195	0
34603	24195	24196	6
34604	24196	24197	6
34605	24197	24197	0
34606	24197	24197	0
34607	24197	24197	0
34608	24197	24197	0
34609	24197	24197	0
34610	24197	24197	0
34611	24197	24197	0
34612	24197	24197	0
34613	24197	24197	0
34614	24197	24197	0
34615	24197	24197	0
34616	24197	24197	0
34617	24197	24197	0
34618	24197	24197	0
34619	24197	24197	0
34620	24197	24197	0
34621	24197	24197	0
34622	24197	24197	0
34623	24197	24197	0
34624	24197	24197	0
34625	24197	24197	0
34626	24197	24197	0
34627	24197	24197	0
34628	24197	24197	0
34629	24197	24197	0
34630	24197	24197	0
34631	24197	24198	2
34632	24198	24198	0
34633	24198	24198	0
34634	24198	24198	0
34635	24198	24201	6
34636	24201	24204	6
34637	24204	24210	6
34638	24210	24216	6
34639	24216	24218	6
34640	24218	24222	6
34641	24222	24226	6
34642	24226	24226	0
34643	24226	24226	0
34644	24226	24226	0
34645	24226	24226	0
34646	24226	24226	2
34647	24226	24228	6
34648	24228	24228	0
34649	24228	24228	0
34650	24228	24228	0
34651	24228	24228	0
34652	24228	24230	6
34653	24230	24236	6
34654	24236	24236	0
34655	24236	24238	2
34656	24238	24238	0
34657	24238	24238	4
34658	24238	24238	0
34659	24238	24238	0
34660	24238	24238	0
34661	24238	24238	0
34662	24238	24238	0
34663	24238	24239	4
34664	24239	24242	6
34665	24242	24243	6
34666	24243	24245	6
34667	24245	24245	6
34668	24245	24247	6
34669	24247	24249	6
34670	24249	24252	6
34671	24252	24253	6
34672	24253	24256	6
34673	24256	24256	0
34674	24256	24257	6
34675	24257	24258	6
34676	24258	24260	6
34677	24260	24260	0
34678	24260	24261	6
34679	24261	24262	6
34680	24262	24262	0
34681	24262	24262	0
34682	24262	24264	6
34683	24264	24267	6
34684	24267	24267	0
34685	24267	24267	0
34686	24267	24267	0
34687	24267	24269	6
34688	24269	24270	6
34689	24270	24272	6
34690	24272	24275	6
34691	24275	24278	6
34692	24278	24281	6
34693	24281	24282	6
34694	24282	24282	0
34695	24282	24286	6
34696	24286	24289	6
34697	24289	24290	6
34698	24290	24290	0
34699	24290	24290	0
34700	24290	24291	2
34701	24291	24293	6
34702	24293	24295	6
34703	24295	24299	6
34704	24299	24303	6
34705	24303	24305	6
34706	24305	24306	6
34707	24306	24307	6
34708	24307	24308	6
34709	24308	24309	6
34710	24309	24310	6
34711	24310	24310	0
34712	24310	24310	0
34713	24310	24310	0
34714	24310	24310	0
34715	24310	24310	0
34716	24310	24310	0
34717	24310	24310	0
34718	24310	24310	0
34719	24310	24311	6
34720	24311	24312	6
34721	24312	24313	6
34722	24313	24314	6
34723	24314	24315	6
34724	24315	24316	6
34725	24316	24318	6
34726	24318	24322	6
34727	24322	24323	6
34728	24323	24324	6
34729	24324	24325	6
34730	24325	24327	6
34731	24327	24328	6
34732	24328	24329	6
34733	24329	24330	6
34734	24330	24331	6
34735	24331	24333	2
34736	24333	24333	0
34737	24333	24339	6
34738	24339	24339	0
34739	24339	24340	2
34740	24340	24340	0
34741	24340	24342	6
34742	24342	24345	6
34743	24345	24347	6
34744	24347	24348	6
34745	24348	24349	2
34746	24349	24350	6
34747	24350	24353	6
34748	24353	24356	6
34749	24356	24358	6
34750	24358	24363	6
34751	24363	24366	6
34752	24366	24366	0
34753	24366	24367	6
34754	24367	24370	6
34755	24370	24370	0
34756	24370	24370	0
34757	24370	24370	0
34758	24370	24370	0
34759	24370	24370	0
34760	24370	24370	0
34761	24370	24372	6
34762	24372	24373	6
34763	24373	24374	6
34764	24374	24375	6
34765	24375	24376	6
34766	24376	24377	6
34767	24377	24378	6
34768	24378	24379	6
34769	24379	24380	6
34770	24380	24381	6
34771	24381	24382	6
34772	24382	24383	6
34773	24383	24385	6
34774	24385	24386	6
34775	24386	24386	0
34776	24386	24388	6
34777	24388	24390	6
34778	24390	24392	2
34779	24392	24393	6
34780	24393	24394	6
34781	24394	24395	6
34782	24395	24397	6
34783	24397	24398	6
34784	24398	24399	6
34785	24399	24400	6
34786	24400	24401	6
34787	24401	24403	6
34788	24403	24404	6
34789	24404	24405	6
34790	24405	24406	6
34791	24406	24407	6
34792	24407	24410	6
34793	24410	24410	0
34794	24410	24412	6
34795	24412	24412	0
34796	24412	24414	6
34797	24414	24416	6
34798	24416	24418	6
34799	24418	24420	6
34800	24420	24421	6
34801	24421	24423	6
34802	24423	24423	0
34803	24423	24429	6
34804	24429	24431	6
34805	24431	24432	2
34806	24432	24435	6
34807	24435	24435	0
34808	24435	24435	0
34809	24435	24437	2
34810	24437	24438	2
34811	24438	24438	0
34812	24438	24438	2
34813	24438	24438	0
34814	24438	24439	4
34815	24439	24442	6
34816	24442	24444	2
34817	24444	24446	6
34818	24446	24447	6
34819	24447	24450	6
34820	24450	24451	6
34821	24451	24452	6
34822	24452	24453	6
34823	24453	24454	6
34824	24454	24455	6
34825	24455	24456	6
34826	24456	24458	6
34827	24458	24461	6
34828	24461	24462	6
34829	24462	24463	6
34830	24463	24464	6
34831	24464	24466	6
34832	24466	24467	6
34833	24467	24467	4
34834	24467	24467	6
34835	24467	24468	6
34836	24468	24470	6
34837	24470	24471	6
34838	24471	24473	6
34839	24473	24477	6
34840	24477	24478	6
34841	24478	24479	6
34842	24479	24481	6
34843	24481	24482	6
34844	24482	24483	6
34845	24483	24484	6
34846	24484	24485	6
34847	24485	24486	6
34848	24486	24487	6
34849	24487	24488	6
34850	24488	24489	6
34851	24489	24490	6
34852	24490	24491	6
34853	24491	24492	6
34854	24492	24493	6
34855	24493	24494	6
34856	24494	24495	6
34857	24495	24496	6
34858	24496	24497	6
34859	24497	24498	6
34860	24498	24499	6
34861	24499	24500	6
34862	24500	24501	6
34863	24501	24502	6
34864	24502	24503	6
34865	24503	24504	6
34866	24504	24506	6
34867	24506	24507	6
34868	24507	24508	6
34869	24508	24509	6
34870	24509	24510	6
34871	24510	24511	6
34872	24511	24512	6
34873	24512	24513	6
34874	24513	24514	6
34875	24514	24515	6
34876	24515	24516	6
34877	24516	24517	6
34878	24517	24518	6
34879	24518	24521	6
34880	24521	24522	6
34881	24522	24523	6
34882	24523	24524	6
34883	24524	24524	0
34884	24524	24526	6
34885	24526	24527	6
34886	24527	24527	0
34887	24527	24527	0
34888	24527	24527	0
34889	24527	24527	0
34890	24527	24527	0
34891	24527	24527	0
34892	24527	24527	0
34893	24527	24527	0
34894	24527	24527	0
34895	24527	24527	0
34896	24527	24527	0
34897	24527	24527	0
34898	24527	24527	0
34899	24527	24527	0
34900	24527	24527	0
34901	24527	24527	0
34902	24527	24527	0
34903	24527	24527	0
34904	24527	24527	0
34905	24527	24527	0
34906	24527	24527	0
34907	24527	24527	0
34908	24527	24527	0
34909	24527	24527	0
34910	24527	24527	0
34911	24527	24527	0
34912	24527	24527	0
34913	24527	24527	0
34914	24527	24527	0
34915	24527	24527	0
34916	24527	24527	0
34917	24527	24527	0
34918	24527	24527	0
34919	24527	24527	0
34920	24527	24527	0
34921	24527	24527	0
34922	24527	24529	2
34923	24529	24529	0
34924	24529	24530	6
34925	24530	24531	6
34926	24531	24532	6
34927	24532	24533	6
34928	24533	24534	6
34929	24534	24535	6
34930	24535	24535	0
34931	24535	24535	0
34932	24535	24535	0
34933	24535	24535	0
34934	24535	24539	6
34935	24539	24541	6
34936	24541	24541	0
34937	24541	24541	0
34938	24541	24541	0
34939	24541	24541	0
34940	24541	24541	0
34941	24541	24541	0
34942	24541	24541	0
34943	24541	24541	0
34944	24541	24541	0
34945	24541	24541	0
34946	24541	24541	0
34947	24541	24541	0
34948	24541	24541	0
34949	24541	24541	0
34950	24541	24541	0
34951	24541	24541	0
34952	24541	24541	0
34953	24541	24541	0
34954	24541	24541	0
34955	24541	24541	0
34956	24541	24541	0
34957	24541	24541	0
34958	24541	24541	0
34959	24541	24541	0
34960	24541	24541	0
34961	24541	24541	0
34962	24541	24541	0
34963	24541	24541	0
34964	24541	24541	0
34965	24541	24541	0
34966	24541	24541	0
34967	24541	24542	6
34968	24542	24543	6
34969	24543	24543	0
34970	24543	24543	0
34971	24543	24546	6
34972	24546	24546	0
34973	24546	24546	0
34974	24546	24546	0
34975	24546	24550	6
34976	24550	24551	6
34977	24551	24552	6
34978	24552	24553	6
34979	24553	24554	6
34980	24554	24555	6
34981	24555	24556	6
34982	24556	24557	6
34983	24557	24558	6
34984	24558	24561	6
34985	24561	24562	6
34986	24562	24564	6
34987	24564	24565	6
34988	24565	24566	6
34989	24566	24568	6
34990	24568	24569	6
34991	24569	24573	6
34992	24573	24574	6
34993	24574	24575	6
34994	24575	24578	6
34995	24578	24582	6
34996	24582	24586	6
34997	24586	24588	6
34998	24588	24590	6
34999	24590	24590	4
35000	24590	24591	6
35001	24591	24592	6
35002	24592	24593	6
35003	24593	24593	0
35004	24593	24595	6
35005	24595	24597	6
35006	24597	24598	6
35007	24598	24599	6
35008	24599	24601	6
35009	24601	24603	6
35010	24603	24604	6
35011	24604	24605	6
35012	24605	24606	6
35013	24606	24607	6
35014	24607	24608	2
35015	24608	24609	6
35016	24609	24610	6
35017	24610	24611	6
35018	24611	24612	6
35019	24612	24612	0
35020	24612	24612	0
35021	24612	24613	2
35022	24613	24614	6
35023	24614	24615	6
35024	24615	24616	6
35025	24616	24617	6
35026	24617	24618	6
35027	24618	24619	6
35028	24619	24620	6
35029	24620	24621	6
35030	24621	24622	6
35031	24622	24623	6
35032	24623	24624	6
35033	24624	24625	6
35034	24625	24626	6
35035	24626	24627	6
35036	24627	24628	6
35037	24628	24635	6
35038	24635	24637	6
35039	24637	24643	6
35040	24643	24644	6
35041	24644	24646	6
35042	24646	24648	2
35043	24648	24650	6
35044	24650	24654	6
35045	24654	24654	0
35046	24654	24655	6
35047	24655	24656	6
35048	24656	24656	0
35049	24656	24656	0
35050	24656	24658	6
35051	24658	24659	2
35052	24659	24659	0
35053	24659	24659	0
35054	24659	24659	0
35055	24659	24661	6
35056	24661	24663	6
35057	24663	24663	0
35058	24663	24663	0
35059	24663	24663	0
35060	24663	24663	0
35061	24663	24663	0
35062	24663	24665	6
35063	24665	24666	6
35064	24666	24669	6
35065	24669	24670	6
35066	24670	24673	6
35067	24673	24674	6
35068	24674	24675	6
35069	24675	24675	0
35070	24675	24677	6
35071	24677	24677	2
35072	24677	24678	6
35073	24678	24680	6
35074	24680	24681	6
35075	24681	24682	6
35076	24682	24683	6
35077	24683	24684	6
35078	24684	24684	0
35079	24684	24685	2
35080	24685	24685	0
35081	24685	24685	0
35082	24685	24685	0
35083	24685	24687	6
35084	24687	24687	0
35085	24687	24687	0
35086	24687	24689	6
35087	24689	24691	6
35088	24691	24693	6
35089	24693	24695	6
35090	24695	24699	6
35091	24699	24701	6
35092	24701	24703	6
35093	24703	24705	6
35094	24705	24705	0
35095	24705	24707	6
35096	24707	24708	6
35097	24708	24709	6
35098	24709	24713	6
35099	24713	24714	6
35100	24714	24718	6
35101	24718	24720	6
35102	24720	24722	6
35103	24722	24726	6
35104	24726	24728	6
35105	24728	24730	6
35106	24730	24731	6
35107	24731	24732	6
35108	24732	24733	6
35109	24733	24734	6
35110	24734	24735	6
35111	24735	24736	6
35112	24736	24739	6
35113	24739	24741	6
35114	24741	24743	6
35115	24743	24747	6
35116	24747	24749	6
35117	24749	24751	2
35118	24751	24752	6
35119	24752	24753	6
35120	24753	24754	6
35121	24754	24755	6
35122	24755	24759	6
35123	24759	24761	6
35124	24761	24763	6
35125	24763	24763	0
35126	24763	24765	6
35127	24765	24767	6
35128	24767	24768	6
35129	24768	24769	6
35130	24769	24770	6
35131	24770	24772	6
35132	24772	24774	6
35133	24774	24775	6
35134	24775	24776	6
35135	24776	24777	6
35136	24777	24779	6
35137	24779	24780	6
35138	24780	24781	6
35139	24781	24782	6
35140	24782	24783	6
35141	24783	24784	6
35142	24784	24785	6
35143	24785	24786	6
35144	24786	24787	2
35145	24787	24788	2
35146	24788	24789	6
35147	24789	24790	6
35148	24790	24791	6
35149	24791	24792	6
35150	24792	24793	6
35151	24793	24794	6
35152	24794	24795	6
35153	24795	24796	6
35154	24796	24798	6
35155	24798	24799	6
35156	24799	24800	6
35157	24800	24801	6
35158	24801	24802	6
35159	24802	24803	6
35160	24803	24804	6
35161	24804	24805	6
35162	24805	24806	6
35163	24806	24807	6
35164	24807	24810	6
35165	24810	24811	6
35166	24811	24818	6
35167	24818	24822	6
35168	24822	24825	6
35169	24825	24825	6
35170	24825	24837	6
35171	24837	24841	6
35172	24841	24845	6
35173	24845	24847	6
35174	24847	24849	6
35175	24849	24851	6
35176	24851	24853	6
35177	24853	24859	6
35178	24859	24861	6
35179	24861	24862	6
35180	24862	24862	0
35181	24862	24864	6
35182	24864	24865	6
35183	24865	24867	6
35184	24867	24871	6
35185	24871	24873	6
35186	24873	24873	0
35187	24873	24874	6
35188	24874	24875	6
35189	24875	24876	6
35190	24876	24877	6
35191	24877	24879	6
35192	24879	24881	6
35193	24881	24883	2
35194	24883	24884	6
35195	24884	24885	6
35196	24885	24886	6
35197	24886	24887	6
35198	24887	24888	6
35199	24888	24889	6
35200	24889	24890	6
35201	24890	24891	6
35202	24891	24892	6
35203	24892	24893	6
35204	24893	24894	6
35205	24894	24895	6
35206	24895	24896	6
35207	24896	24897	6
35208	24897	24898	6
35209	24898	24899	6
35210	24899	24900	6
35211	24900	24901	6
35212	24901	24902	6
35213	24902	24903	6
35214	24903	24904	6
35215	24904	24905	6
35216	24905	24906	6
35217	24906	24907	6
35218	24907	24907	0
35219	24907	24910	6
35220	24910	24910	0
35221	24910	24911	6
35222	24911	24913	6
35223	24913	24913	0
35224	24913	24913	0
35225	24913	24921	6
35226	24921	24921	0
35227	24921	24929	6
35228	24929	24929	0
35229	24929	24929	0
35230	24929	24929	6
35231	24929	24929	0
35232	24929	24933	6
35233	24933	24933	0
35234	24933	24933	0
35235	24933	24934	6
35236	24934	24936	6
35237	24936	24937	6
35238	24937	24938	6
35239	24938	24939	6
35240	24939	24940	6
35241	24940	24941	6
35242	24941	24942	6
35243	24942	24943	6
35244	24943	24944	6
35245	24944	24945	6
35246	24945	24946	6
35247	24946	24947	6
35248	24947	24948	6
35249	24948	24948	0
35250	24948	24948	0
35251	24948	24948	0
35252	24948	24948	0
35253	24948	24948	0
35254	24948	24948	0
35255	24948	24948	0
35256	24948	24950	6
35257	24950	24951	6
35258	24951	24953	6
35259	24953	24954	6
35260	24954	24955	2
35261	24955	24956	6
35262	24956	24956	0
35263	24956	24956	0
35264	24956	24957	6
35265	24957	24958	6
35266	24958	24960	6
35267	24960	24962	6
35268	24962	24965	6
35269	24965	24966	6
35270	24966	24967	2
35271	24967	24969	6
35272	24969	24970	2
35273	24970	24971	6
35274	24971	24973	6
35275	24973	24974	6
35276	24974	24974	0
35277	24974	24974	0
35278	24974	24974	0
35279	24974	24974	0
35280	24974	24975	4
35281	24975	24976	6
35282	24976	24976	0
35283	24976	24976	0
35284	24976	24976	0
35285	24976	24976	0
35286	24976	24977	6
35287	24977	24978	6
35288	24978	24979	6
35289	24979	24980	6
35290	24980	24981	6
35291	24981	24983	6
35292	24983	24984	6
35293	24984	24986	6
35294	24986	24987	6
35295	24987	24988	6
35296	24988	24989	6
35297	24989	24989	0
35298	24989	24990	2
35299	24990	24990	0
35300	24990	24991	6
35301	24991	24992	6
35302	24992	24993	6
35303	24993	24994	6
35304	24994	24995	6
35305	24995	24996	6
35306	24996	24997	6
35307	24997	24998	6
35308	24998	24999	6
35309	24999	25000	6
35310	25000	25001	6
35311	25001	25002	6
35312	25002	25003	6
35313	25003	25004	6
35314	25004	25005	6
35315	25005	25006	6
35316	25006	25007	6
35317	25007	25008	6
35318	25008	25009	6
35319	25009	25010	6
35320	25010	25011	6
35321	25011	25012	6
35322	25012	25013	6
35323	25013	25014	6
35324	25014	25015	6
35325	25015	25016	6
35326	25016	25017	6
35327	25017	25018	6
35328	25018	25018	0
35329	25018	25018	0
35330	25018	25018	0
35331	25018	25018	0
35332	25018	25018	0
35333	25018	25018	0
35334	25018	25018	0
35335	25018	25018	0
35336	25018	25018	0
35337	25018	25018	0
35338	25018	25018	0
35339	25018	25018	0
35340	25018	25018	0
35341	25018	25018	0
35342	25018	25021	6
35343	25021	25023	6
35344	25023	25026	6
35345	25026	25028	6
35346	25028	25030	6
35347	25030	25031	6
35348	25031	25033	6
35349	25033	25034	6
35350	25034	25039	6
35351	25039	25042	6
35352	25042	25043	6
35353	25043	25044	6
35354	25044	25045	6
35355	25045	25045	6
35356	25045	25046	6
35357	25046	25049	6
35358	25049	25051	6
35359	25051	25053	6
35360	25053	25054	6
35361	25054	25056	6
35362	25056	25057	6
35363	25057	25057	0
35364	25057	25057	0
35365	25057	25057	0
35366	25057	25057	0
35367	25057	25057	0
35368	25057	25057	0
35369	25057	25057	0
35370	25057	25057	0
35371	25057	25057	0
35372	25057	25057	4
35373	25057	25058	6
35374	25058	25058	0
35375	25058	25059	4
35376	25059	25059	0
35377	25059	25061	6
35378	25061	25062	6
35379	25062	25064	6
35380	25064	25065	6
35381	25065	25066	6
35382	25066	25067	6
35383	25067	25068	6
35384	25068	25070	6
35385	25070	25071	6
35386	25071	25073	6
35387	25073	25073	0
35388	25073	25073	0
35389	25073	25075	6
35390	25075	25076	6
35391	25076	25078	6
35392	25078	25079	6
35393	25079	25080	6
35394	25080	25081	6
35395	25081	25083	6
35396	25083	25084	6
35397	25084	25086	6
35398	25086	25086	0
35399	25086	25086	0
35400	25086	25086	0
35401	25086	25086	2
35402	25086	25086	0
35403	25086	25086	0
35404	25086	25086	0
35405	25086	25086	6
35406	25086	25086	0
35407	25086	25086	0
35408	25086	25086	0
35409	25086	25086	0
35410	25086	25086	0
35411	25086	25086	0
35412	25086	25086	0
35413	25086	25086	0
35414	25086	25086	0
35415	25086	25086	0
35416	25086	25086	0
35417	25086	25086	0
35418	25086	25086	0
35419	25086	25086	0
35420	25086	25086	0
35421	25086	25086	0
35422	25086	25086	0
35423	25086	25086	0
35424	25086	25086	0
35425	25086	25086	0
35426	25086	25086	0
35427	25086	25086	0
35428	25086	25086	0
35429	25086	25086	0
35430	25086	25086	0
35431	25086	25086	0
35432	25086	25086	0
35433	25086	25086	0
35434	25086	25086	0
35435	25086	25086	0
35436	25086	25086	0
35437	25086	25086	0
35438	25086	25086	0
35439	25086	25086	0
35440	25086	25086	0
35441	25086	25086	0
35442	25086	25097	6
35443	25097	25097	0
35444	25097	25097	0
35445	25097	25097	0
35446	25097	25097	0
35447	25097	25097	0
35448	25097	25097	0
35449	25097	25097	0
35450	25097	25097	0
35451	25097	25097	0
35452	25097	25097	0
35453	25097	25097	0
35454	25097	25097	0
35455	25097	25097	0
35456	25097	25097	0
35457	25097	25097	0
35458	25097	25097	0
35459	25097	25097	0
35460	25097	25097	0
35461	25097	25097	0
35462	25097	25097	0
35463	25097	25097	0
35464	25097	25097	0
35465	25097	25097	0
35466	25097	25097	0
35467	25097	25097	4
35468	25097	25097	0
35469	25097	25098	4
35470	25098	25098	0
35471	25098	25098	0
35472	25098	25098	0
35473	25098	25098	0
35474	25098	25098	0
35475	25098	25098	0
35476	25098	25098	0
35477	25098	25098	0
35478	25098	25098	0
35479	25098	25098	0
35480	25098	25098	0
35481	25098	25098	0
35482	25098	25098	0
35483	25098	25098	0
35484	25098	25099	6
35485	25099	25099	0
35486	25099	25100	4
35487	25100	25101	6
35488	25101	25101	0
35489	25101	25101	0
35490	25101	25101	0
35491	25101	25101	0
35492	25101	25101	0
35493	25101	25101	0
35494	25101	25101	0
35495	25101	25101	0
35496	25101	25101	0
35497	25101	25101	0
35498	25101	25101	6
35499	25101	25101	0
35500	25101	25101	0
35501	25101	25102	6
35502	25102	25102	0
35503	25102	25102	0
35504	25102	25103	6
35505	25103	25103	0
35506	25103	25104	2
35507	25104	25104	0
35508	25104	25105	6
35509	25105	25105	0
35510	25105	25106	6
35511	25106	25107	6
35512	25107	25108	6
35513	25108	25109	6
35514	25109	25110	6
35515	25110	25111	6
35516	25111	25111	0
35517	25111	25112	6
35518	25112	25112	0
35519	25112	25112	4
35520	25112	25112	0
35521	25112	25114	6
35522	25114	25114	0
35523	25114	25114	0
35524	25114	25114	0
35525	25114	25114	0
35526	25114	25114	0
35527	25114	25114	0
35528	25114	25114	0
35529	25114	25115	6
35530	25115	25116	6
35531	25116	25118	6
35532	25118	25118	0
35533	25118	25118	0
35534	25118	25118	0
35535	25118	25118	0
35536	25118	25119	6
35537	25119	25120	6
35538	25120	25120	0
35539	25120	25121	6
35540	25121	25121	0
35541	25121	25121	0
35542	25121	25121	0
35543	25121	25122	6
35544	25122	25123	6
35545	25123	25125	6
35546	25125	25125	0
35547	25125	25125	0
35548	25125	25126	2
35549	25126	25126	0
35550	25126	25126	0
35551	25126	25127	2
35552	25127	25127	0
35553	25127	25129	6
35554	25129	25129	0
35555	25129	25129	0
35556	25129	25129	0
35557	25129	25131	6
35558	25131	25132	6
35559	25132	25133	6
35560	25133	25134	6
35561	25134	25135	6
35562	25135	25136	6
35563	25136	25137	6
35564	25137	25138	6
35565	25138	25139	6
35566	25139	25140	6
35567	25140	25141	6
35568	25141	25143	6
35569	25143	25145	6
35570	25145	25146	6
35571	25146	25147	6
35572	25147	25149	6
35573	25149	25150	6
35574	25150	25151	6
35575	25151	25152	6
35576	25152	25153	6
35577	25153	25154	6
35578	25154	25155	6
35579	25155	25156	6
35580	25156	25157	6
35581	25157	25158	6
35582	25158	25159	6
35583	25159	25160	6
35584	25160	25162	6
35585	25162	25163	6
35586	25163	25164	6
35587	25164	25164	0
35588	25164	25165	6
35589	25165	25166	6
35590	25166	25167	6
35591	25167	25168	6
35592	25168	25169	6
35593	25169	25170	6
35594	25170	25171	6
35595	25171	25172	6
35596	25172	25173	6
35597	25173	25174	6
35598	25174	25175	6
35599	25175	25176	6
35600	25176	25177	6
35601	25177	25178	6
35602	25178	25179	6
35603	25179	25180	6
35604	25180	25181	6
35605	25181	25182	6
35606	25182	25183	6
35607	25183	25185	6
35608	25185	25186	6
35609	25186	25187	6
35610	25187	25189	6
35611	25189	25191	6
35612	25191	25192	6
35613	25192	25193	6
35614	25193	25193	0
35615	25193	25193	0
35616	25193	25194	6
35617	25194	25195	6
35618	25195	25196	6
35619	25196	25197	6
35620	25197	25198	6
35621	25198	25199	6
35622	25199	25200	6
35623	25200	25201	6
35624	25201	25202	6
35625	25202	25203	6
35626	25203	25204	6
35627	25204	25205	2
35628	25205	25205	0
35629	25205	25206	6
35630	25206	25207	6
35631	25207	25207	0
35632	25207	25209	6
35633	25209	25211	6
35634	25211	25212	6
35635	25212	25212	0
35636	25212	25214	6
35637	25214	25214	0
35638	25214	25214	0
35639	25214	25216	6
35640	25216	25217	6
35641	25217	25218	6
35642	25218	25219	6
35643	25219	25220	6
35644	25220	25221	6
35645	25221	25222	6
35646	25222	25223	6
35647	25223	25224	6
35648	25224	25225	6
35649	25225	25226	6
35650	25226	25227	6
35651	25227	25228	6
35652	25228	25229	6
35653	25229	25230	6
35654	25230	25231	6
35655	25231	25232	6
35656	25232	25233	6
35657	25233	25234	6
35658	25234	25235	6
35659	25235	25236	6
35660	25236	25236	0
35661	25236	25237	2
35662	25237	25238	6
35663	25238	25239	6
35664	25239	25240	6
35665	25240	25241	6
35666	25241	25242	6
35667	25242	25243	6
35668	25243	25244	6
35669	25244	25245	6
35670	25245	25246	6
35671	25246	25246	0
35672	25246	25246	0
35673	25246	25247	6
35674	25247	25248	6
35675	25248	25248	0
35676	25248	25249	6
35677	25249	25250	2
35678	25250	25251	6
35679	25251	25252	6
35680	25252	25253	6
35681	25253	25254	6
35682	25254	25255	6
35683	25255	25256	6
35684	25256	25257	6
35685	25257	25258	6
35686	25258	25259	6
35687	25259	25260	6
35688	25260	25261	6
35689	25261	25262	6
35690	25262	25263	6
35691	25263	25264	6
35692	25264	25265	6
35693	25265	25266	6
35694	25266	25267	6
35695	25267	25268	6
35696	25268	25269	6
35697	25269	25270	6
35698	25270	25271	6
35699	25271	25272	6
35700	25272	25273	6
35701	25273	25274	6
35702	25274	25275	6
35703	25275	25276	6
35704	25276	25277	6
35705	25277	25277	0
35706	25277	25277	6
35707	25277	25277	0
35708	25277	25278	6
35709	25278	25279	6
35710	25279	25280	6
35711	25280	25281	4
35712	25281	25283	6
35713	25283	25284	6
35714	25284	25285	6
35715	25285	25286	6
35716	25286	25286	6
35717	25286	25286	0
35718	25286	25286	4
35719	25286	25287	6
35720	25287	25288	6
35721	25288	25288	0
35722	25288	25290	6
35723	25290	25291	6
35724	25291	25292	6
35725	25292	25293	6
35726	25293	25293	0
35727	25293	25293	0
35728	25293	25293	0
35729	25293	25293	2
35730	25293	25293	0
35731	25293	25293	6
35732	25293	25294	6
35733	25294	25296	6
35734	25296	25296	0
35735	25296	25296	0
35736	25296	25296	2
35737	25296	25298	6
35738	25298	25298	0
35739	25298	25300	6
35740	25300	25300	0
35741	25300	25304	6
35742	25304	25305	6
35743	25305	25306	6
35744	25306	25308	6
35745	25308	25310	6
35746	25310	25311	6
35747	25311	25312	6
35748	25312	25313	6
35749	25313	25313	0
35750	25313	25317	6
35751	25317	25319	6
35752	25319	25321	6
35753	25321	25323	6
35754	25323	25324	6
35755	25324	25325	6
35756	25325	25326	6
35757	25326	25327	6
35758	25327	25329	6
35759	25329	25330	6
35760	25330	25331	6
35761	25331	25332	6
35762	25332	25334	6
35763	25334	25335	6
35764	25335	25336	6
35765	25336	25337	6
35766	25337	25339	6
35767	25339	25341	6
35768	25341	25343	6
35769	25343	25344	6
35770	25344	25344	0
35771	25344	25344	0
35772	25344	25348	6
35773	25348	25350	6
35774	25350	25350	0
35775	25350	25350	0
35776	25350	25350	0
35777	25350	25350	0
35778	25350	25350	2
35779	25350	25350	0
35780	25350	25350	0
35781	25350	25350	0
35782	25350	25350	0
35783	25350	25350	0
35784	25350	25350	0
35785	25350	25350	0
35786	25350	25350	4
35787	25350	25350	0
35788	25350	25352	6
35789	25352	25352	0
35790	25352	25352	4
35791	25352	25355	6
35792	25355	25357	6
35793	25357	25359	6
35794	25359	25362	6
35795	25362	25366	6
35796	25366	25366	0
35797	25366	25366	0
35798	25366	25367	2
35799	25367	25368	6
35800	25368	25372	6
35801	25372	25373	6
35802	25373	25375	2
35803	25375	25375	0
35804	25375	25375	0
35805	25375	25375	0
35806	25375	25375	0
35807	25375	25376	2
35808	25376	25376	0
35809	25376	25376	0
35810	25376	25376	0
35811	25376	25376	0
35812	25376	25376	0
35813	25376	25376	0
35814	25376	25376	6
35815	25376	25376	0
35816	25376	25376	0
35817	25376	25376	0
35818	25376	25376	0
35819	25376	25376	0
35820	25376	25376	0
35821	25376	25376	0
35822	25376	25377	6
35823	25377	25378	6
35824	25378	25379	6
35825	25379	25380	6
35826	25380	25382	6
35827	25382	25382	0
35828	25382	25382	0
35829	25382	25382	0
35830	25382	25382	0
35831	25382	25382	0
35832	25382	25382	0
35833	25382	25384	6
35834	25384	25386	6
35835	25386	25386	0
35836	25386	25387	6
35837	25387	25389	6
35838	25389	25391	6
35839	25391	25394	6
35840	25394	25394	0
35841	25394	25395	6
35842	25395	25395	0
35843	25395	25395	0
35844	25395	25395	0
35845	25395	25395	0
35846	25395	25396	6
35847	25396	25398	6
35848	25398	25400	6
35849	25400	25402	6
35850	25402	25404	6
35851	25404	25404	0
35852	25404	25404	0
35853	25404	25404	0
35854	25404	25405	6
35855	25405	25407	6
35856	25407	25408	6
35857	25408	25410	6
35858	25410	25411	6
35859	25411	25412	6
35860	25412	25412	0
35861	25412	25412	0
35862	25412	25412	0
35863	25412	25412	0
35864	25412	25412	0
35865	25412	25412	0
35866	25412	25412	0
35867	25412	25412	0
35868	25412	25412	0
35869	25412	25412	0
35870	25412	25412	0
35871	25412	25412	0
35872	25412	25412	0
35873	25412	25412	0
35874	25412	25412	0
35875	25412	25412	0
35876	25412	25413	2
35877	25413	25414	2
35878	25414	25414	0
35879	25414	25414	0
35880	25414	25414	0
35881	25414	25414	0
35882	25414	25414	0
35883	25414	25414	0
35884	25414	25414	0
35885	25414	25416	2
35886	25416	25418	6
35887	25418	25420	6
35888	25420	25420	0
35889	25420	25420	0
35890	25420	25424	6
35891	25424	25428	6
35892	25428	25428	0
35893	25428	25428	0
35894	25428	25428	0
35895	25428	25428	0
35896	25428	25428	0
35897	25428	25428	0
35898	25428	25428	0
35899	25428	25432	6
35900	25432	25432	0
35901	25432	25432	0
35902	25432	25433	6
35903	25433	25434	6
35904	25434	25435	6
35905	25435	25437	6
35906	25437	25439	6
35907	25439	25441	6
35908	25441	25442	6
35909	25442	25443	6
35910	25443	25444	6
35911	25444	25446	6
35912	25446	25447	6
35913	25447	25448	6
35914	25448	25450	6
35915	25450	25454	6
35916	25454	25455	6
35917	25455	25456	6
35918	25456	25458	6
35919	25458	25460	6
35920	25460	25462	6
35921	25462	25466	6
35922	25466	25467	6
35923	25467	25468	6
35924	25468	25469	6
35925	25469	25471	6
35926	25471	25472	6
35927	25472	25473	6
35928	25473	25474	6
35929	25474	25475	6
35930	25475	25476	6
35931	25476	25478	6
35932	25478	25478	0
35933	25478	25480	6
35934	25480	25481	6
35935	25481	25482	6
35936	25482	25483	2
35937	25483	25485	6
35938	25485	25485	0
35939	25485	25485	0
35940	25485	25486	2
35941	25486	25486	0
35942	25486	25486	0
35943	25486	25487	2
35944	25487	25488	6
35945	25488	25488	0
35946	25488	25489	6
35947	25489	25490	6
35948	25490	25491	6
35949	25491	25492	6
35950	25492	25493	6
35951	25493	25495	6
35952	25495	25495	0
35953	25495	25495	0
35954	25495	25495	0
35955	25495	25496	2
35956	25496	25496	0
35957	25496	25498	6
35958	25498	25499	6
35959	25499	25500	4
35960	25500	25502	6
35961	25502	25504	6
35962	25504	25508	6
35963	25508	25508	0
35964	25508	25510	6
35965	25510	25510	0
35966	25510	25510	0
35967	25510	25510	0
35968	25510	25512	6
35969	25512	25514	6
35970	25514	25518	6
35971	25518	25518	0
35972	25518	25518	0
35973	25518	25518	0
35974	25518	25519	6
35975	25519	25520	6
35976	25520	25521	6
35977	25521	25522	6
35978	25522	25522	0
35979	25522	25523	2
35980	25523	25523	0
35981	25523	25525	2
35982	25525	25525	0
35983	25525	25527	2
35984	25527	25529	6
35985	25529	25533	6
35986	25533	25533	0
35987	25533	25533	0
35988	25533	25533	0
35989	25533	25534	6
35990	25534	25534	0
35991	25534	25534	0
35992	25534	25534	0
35993	25534	25534	4
35994	25534	25535	6
35995	25535	25535	0
35996	25535	25535	0
35997	25535	25535	0
35998	25535	25536	6
35999	25536	25537	6
36000	25537	25538	6
36001	25538	25539	6
36002	25539	25540	6
36003	25540	25541	6
36004	25541	25543	6
36005	25543	25544	6
36006	25544	25546	6
36007	25546	25547	6
36008	25547	25548	6
36009	25548	25549	6
36010	25549	25551	6
36011	25551	25553	6
36012	25553	25554	6
36013	25554	25555	6
36014	25555	25556	6
36015	25556	25557	6
36016	25557	25558	6
36017	25558	25559	6
36018	25559	25559	0
36019	25559	25561	6
36020	25561	25563	6
36021	25563	25564	6
36022	25564	25565	6
36023	25565	25567	6
36024	25567	25569	2
36025	25569	25570	6
36026	25570	25572	6
36027	25572	25574	6
36028	25574	25578	6
36029	25578	25579	6
36030	25579	25580	2
36031	25580	25583	6
36032	25583	25584	6
36033	25584	25585	6
36034	25585	25587	6
36035	25587	25589	6
36036	25589	25590	6
36037	25590	25592	6
36038	25592	25594	6
36039	25594	25595	6
36040	25595	25597	6
36041	25597	25598	6
36042	25598	25599	2
36043	25599	25601	6
36044	25601	25603	6
36045	25603	25604	6
36046	25604	25605	6
36047	25605	25607	6
36048	25607	25609	6
36049	25609	25609	0
36050	25609	25609	0
36051	25609	25610	6
36052	25610	25611	6
36053	25611	25612	6
36054	25612	25613	6
36055	25613	25613	0
36056	25613	25615	6
36057	25615	25616	6
36058	25616	25617	6
36059	25617	25618	6
36060	25618	25619	6
36061	25619	25620	6
36062	25620	25621	6
36063	25621	25622	6
36064	25622	25623	6
36065	25623	25624	6
36066	25624	25625	6
36067	25625	25626	6
36068	25626	25627	6
36069	25627	25628	6
36070	25628	25629	6
36071	25629	25630	6
36072	25630	25631	6
36073	25631	25632	6
36074	25632	25633	6
36075	25633	25634	6
36076	25634	25635	6
36077	25635	25636	6
36078	25636	25637	6
36079	25637	25638	6
36080	25638	25639	2
36081	25639	25639	0
36082	25639	25640	6
36083	25640	25641	6
36084	25641	25642	6
36085	25642	25643	6
36086	25643	25644	6
36087	25644	25645	6
36088	25645	25645	0
36089	25645	25645	0
36090	25645	25646	2
36091	25646	25646	0
36092	25646	25646	0
36093	25646	25646	0
36094	25646	25646	0
36095	25646	25646	0
36096	25646	25646	0
36097	25646	25648	2
36098	25648	25648	0
36099	25648	25648	4
36100	25648	25649	6
36101	25649	25650	6
36102	25650	25651	6
36103	25651	25652	6
36104	25652	25653	6
36105	25653	25654	6
36106	25654	25654	0
36107	25654	25654	0
36108	25654	25655	6
36109	25655	25656	6
36110	25656	25657	6
36111	25657	25658	6
36112	25658	25659	6
36113	25659	25660	6
36114	25660	25662	6
36115	25662	25663	6
36116	25663	25664	6
36117	25664	25665	6
36118	25665	25666	6
36119	25666	25667	6
36120	25667	25668	6
36121	25668	25669	2
36122	25669	25670	2
36123	25670	25671	2
36124	25671	25672	2
36125	25672	25673	6
36126	25673	25674	6
36127	25674	25675	6
36128	25675	25676	6
36129	25676	25677	6
36130	25677	25678	6
36131	25678	25679	6
36132	25679	25680	6
36133	25680	25681	6
36134	25681	25682	6
36135	25682	25683	6
36136	25683	25684	6
36137	25684	25685	6
36138	25685	25686	6
36139	25686	25687	6
36140	25687	25688	6
36141	25688	25689	6
36142	25689	25690	6
36143	25690	25691	6
36144	25691	25691	0
36145	25691	25692	6
36146	25692	25693	6
36147	25693	25694	2
36148	25694	25695	6
36149	25695	25695	0
36150	25695	25695	0
36151	25695	25695	0
36152	25695	25695	0
36153	25695	25695	0
36154	25695	25695	0
36155	25695	25696	6
36156	25696	25697	6
36157	25697	25698	6
36158	25698	25699	6
36159	25699	25700	6
36160	25700	25701	6
36161	25701	25701	0
36162	25701	25702	6
36163	25702	25703	6
36164	25703	25703	0
36165	25703	25704	6
36166	25704	25705	6
36167	25705	25706	2
36168	25706	25706	0
36169	25706	25707	6
36170	25707	25708	6
36171	25708	25709	6
36172	25709	25710	6
36173	25710	25711	6
36174	25711	25713	6
36175	25713	25714	6
36176	25714	25715	6
36177	25715	25717	6
36178	25717	25718	6
36179	25718	25719	6
36180	25719	25720	6
36181	25720	25721	6
36182	25721	25722	6
36183	25722	25723	6
36184	25723	25724	6
36185	25724	25725	6
36186	25725	25726	6
36187	25726	25727	6
36188	25727	25728	6
36189	25728	25729	2
36190	25729	25730	6
36191	25730	25731	6
36192	25731	25732	6
36193	25732	25733	6
36194	25733	25734	6
36195	25734	25735	6
36196	25735	25736	6
36197	25736	25737	6
36198	25737	25738	6
36199	25738	25738	0
36200	25738	25738	0
36201	25738	25739	6
36202	25739	25740	6
36203	25740	25741	4
36204	25741	25742	6
36205	25742	25742	0
36206	25742	25743	6
36207	25743	25745	6
36208	25745	25745	0
36209	25745	25746	6
36210	25746	25747	6
36211	25747	25748	6
36212	25748	25749	6
36213	25749	25750	6
36214	25750	25751	6
36215	25751	25753	6
36216	25753	25754	2
36217	25754	25755	2
36218	25755	25756	6
36219	25756	25757	6
36220	25757	25758	6
36221	25758	25759	6
36222	25759	25761	6
36223	25761	25762	6
36224	25762	25763	6
36225	25763	25765	6
36226	25765	25766	6
36227	25766	25766	0
36228	25766	25767	6
36229	25767	25768	6
36230	25768	25769	2
36231	25769	25770	6
36232	25770	25770	0
36233	25770	25770	0
36234	25770	25770	0
36235	25770	25770	6
36236	25770	25770	0
36237	25770	25771	6
36238	25771	25772	6
36239	25772	25773	6
36240	25773	25774	6
36241	25774	25775	6
36242	25775	25775	0
36243	25775	25775	0
36244	25775	25775	0
36245	25775	25775	0
36246	25775	25775	0
36247	25775	25775	0
36248	25775	25775	0
36249	25775	25775	0
36250	25775	25775	0
36251	25775	25775	0
36252	25775	25775	0
36253	25775	25775	0
36254	25775	25775	0
36255	25775	25775	0
36256	25775	25775	0
36257	25775	25775	0
36258	25775	25775	0
36259	25775	25775	0
36260	25775	25776	6
36261	25776	25777	6
36262	25777	25779	6
36263	25779	25779	0
36264	25779	25781	6
36265	25781	25782	2
36266	25782	25782	0
36267	25782	25783	6
36268	25783	25784	6
36269	25784	25785	6
36270	25785	25786	6
36271	25786	25787	6
36272	25787	25788	2
36273	25788	25789	2
36274	25789	25790	6
36275	25790	25791	6
36276	25791	25791	0
36277	25791	25791	0
36278	25791	25791	2
36279	25791	25791	0
36280	25791	25792	2
36281	25792	25792	0
36282	25792	25794	2
36283	25794	25794	0
36284	25794	25796	2
36285	25796	25797	6
36286	25797	25797	0
36287	25797	25797	0
36288	25797	25797	0
36289	25797	25797	0
36290	25797	25797	0
36291	25797	25797	0
36292	25797	25798	6
36293	25798	25798	0
36294	25798	25798	0
36295	25798	25798	0
36296	25798	25798	0
36297	25798	25798	4
36298	25798	25799	6
36299	25799	25799	0
36300	25799	25800	2
36301	25800	25800	0
36302	25800	25801	6
36303	25801	25802	2
36304	25802	25803	6
36305	25803	25804	2
36306	25804	25804	0
36307	25804	25804	0
36308	25804	25805	6
36309	25805	25805	0
36310	25805	25806	6
36311	25806	25806	0
36312	25806	25806	6
36313	25806	25806	0
36314	25806	25807	6
36315	25807	25808	6
36316	25808	25809	6
36317	25809	25810	6
36318	25810	25811	6
36319	25811	25812	6
36320	25812	25815	6
36321	25815	25816	6
36322	25816	25818	6
36323	25818	25818	0
36324	25818	25820	6
36325	25820	25821	6
36326	25821	25823	6
36327	25823	25825	6
36328	25825	25827	6
36329	25827	25829	6
36330	25829	25830	6
36331	25830	25831	6
36332	25831	25832	6
36333	25832	25833	6
36334	25833	25833	0
36335	25833	25833	0
36336	25833	25833	0
36337	25833	25833	0
36338	25833	25834	6
36339	25834	25836	6
36340	25836	25836	0
36341	25836	25836	0
36342	25836	25837	6
36343	25837	25838	6
36344	25838	25839	6
36345	25839	25839	0
36346	25839	25839	2
36347	25839	25839	2
36348	25839	25839	0
36349	25839	25839	0
36350	25839	25843	6
36351	25843	25846	6
36352	25846	25846	6
36353	25846	25846	0
36354	25846	25846	4
36355	25846	25846	2
36356	25846	25846	2
36357	25846	25846	6
36358	25846	25846	6
36359	25846	25846	6
36360	25846	25849	6
36361	25849	25851	6
36362	25851	25860	6
36363	25860	25865	6
36364	25865	25865	0
36365	25865	25865	2
36366	25865	25865	4
36367	25865	25865	0
36368	25865	25865	6
36369	25865	25865	0
36370	25865	25865	0
36371	25865	25865	6
36372	25865	25865	6
36373	25865	25865	0
36374	25865	25865	0
36375	25865	25865	4
36376	25865	25865	0
36377	25865	25865	0
36378	25865	25867	6
36379	25867	25873	6
36380	25873	25875	4
36381	25875	25875	6
36382	25875	25881	6
36383	25881	25882	6
36384	25882	25891	6
36385	25891	25893	6
36386	25893	25911	6
36387	25911	25919	6
36388	25919	25919	0
36389	25919	25925	6
36390	25925	25934	6
36391	25934	25938	6
36392	25938	25940	6
36393	25940	25945	6
36394	25945	25947	6
36395	25947	25951	6
36396	25951	25953	6
36397	25953	25965	6
36398	25965	25965	0
36399	25965	25965	0
36400	25965	25965	0
36401	25965	25965	0
36402	25965	25965	0
36403	25965	25965	0
36404	25965	25965	0
36405	25965	25965	0
36406	25965	25965	0
36407	25965	25965	0
36408	25965	25965	0
36409	25965	25965	0
36410	25965	25966	6
36411	25966	25966	0
36412	25966	25966	0
36413	25966	25966	0
36414	25966	25966	0
36415	25966	25966	0
36416	25966	25966	0
36417	25966	25966	0
36418	25966	25966	0
36419	25966	25966	0
36420	25966	25966	0
36421	25966	25966	0
36422	25966	25966	0
36423	25966	25966	0
36424	25966	25966	0
36425	25966	25966	0
36426	25966	25966	0
36427	25966	25966	0
36428	25966	25968	6
36429	25968	25970	6
36430	25970	25972	2
36431	25972	25972	0
36432	25972	25972	0
36433	25972	25972	0
36434	25972	25974	6
36435	25974	25974	0
36436	25974	25975	2
36437	25975	25977	6
36438	25977	25979	6
36439	25979	25980	6
36440	25980	25981	6
36441	25981	25982	6
36442	25982	25983	2
36443	25983	25985	6
36444	25985	25985	0
36445	25985	25985	0
36446	25985	25985	0
36447	25985	25985	0
36448	25985	25986	6
36449	25986	25987	6
36450	25987	25988	6
36451	25988	25989	6
36452	25989	25990	6
36453	25990	25991	6
36454	25991	25992	6
36455	25992	25993	6
36456	25993	25994	6
36457	25994	25995	6
36458	25995	25996	6
36459	25996	25997	6
36460	25997	25998	6
36461	25998	25999	6
36462	25999	26000	6
36463	26000	26001	2
36464	26001	26002	6
36465	26002	26004	6
36466	26004	26006	6
36467	26006	26007	6
36468	26007	26008	6
36469	26008	26009	6
36470	26009	26010	6
36471	26010	26011	6
36472	26011	26012	6
36473	26012	26013	6
36474	26013	26014	6
36475	26014	26016	6
36476	26016	26017	6
36477	26017	26018	6
36478	26018	26019	6
36479	26019	26020	6
36480	26020	26021	6
36481	26021	26021	0
36482	26021	26023	6
36483	26023	26023	0
36484	26023	26024	6
36485	26024	26025	6
36486	26025	26027	6
36487	26027	26028	6
36488	26028	26029	6
36489	26029	26031	6
36490	26031	26034	6
36491	26034	26035	6
36492	26035	26036	6
36493	26036	26037	6
36494	26037	26039	6
36495	26039	26043	6
36496	26043	26045	2
36497	26045	26047	6
36498	26047	26049	6
36499	26049	26050	6
36500	26050	26051	6
36501	26051	26052	6
36502	26052	26053	6
36503	26053	26054	6
36504	26054	26055	6
36505	26055	26056	6
36506	26056	26057	6
36507	26057	26058	6
36508	26058	26060	6
36509	26060	26061	6
36510	26061	26062	6
36511	26062	26063	6
36512	26063	26063	0
36513	26063	26063	0
36514	26063	26063	0
36515	26063	26063	0
36516	26063	26063	0
36517	26063	26063	0
36518	26063	26064	6
36519	26064	26065	6
36520	26065	26066	6
36521	26066	26067	6
36522	26067	26068	6
36523	26068	26068	0
36524	26068	26068	0
36525	26068	26068	4
36526	26068	26070	6
36527	26070	26071	6
36528	26071	26071	0
36529	26071	26071	0
36530	26071	26071	0
36531	26071	26071	0
36532	26071	26073	6
36533	26073	26075	6
36534	26075	26075	0
36535	26075	26075	0
36536	26075	26077	6
36537	26077	26078	6
36538	26078	26080	6
36539	26080	26080	0
36540	26080	26081	6
36541	26081	26083	6
36542	26083	26083	0
36543	26083	26085	6
36544	26085	26087	6
36545	26087	26089	6
36546	26089	26090	6
36547	26090	26091	6
36548	26091	26092	4
36549	26092	26093	2
36550	26093	26096	6
36551	26096	26098	6
36552	26098	26099	6
36553	26099	26100	6
36554	26100	26101	6
36555	26101	26102	2
36556	26102	26104	6
36557	26104	26105	6
36558	26105	26106	6
36559	26106	26107	6
36560	26107	26108	6
36561	26108	26109	6
36562	26109	26111	6
36563	26111	26112	6
36564	26112	26113	6
36565	26113	26114	6
36566	26114	26115	6
36567	26115	26116	6
36568	26116	26117	6
36569	26117	26118	6
36570	26118	26119	6
36571	26119	26120	6
36572	26120	26121	6
36573	26121	26122	6
36574	26122	26123	6
36575	26123	26124	6
36576	26124	26125	6
36577	26125	26126	6
36578	26126	26127	6
36579	26127	26128	6
36580	26128	26129	6
36581	26129	26130	6
36582	26130	26131	6
36583	26131	26132	6
36584	26132	26133	6
36585	26133	26134	6
36586	26134	26135	6
36587	26135	26136	6
36588	26136	26137	6
36589	26137	26138	6
36590	26138	26139	6
36591	26139	26140	6
36592	26140	26141	6
36593	26141	26142	6
36594	26142	26143	6
36595	26143	26144	6
36596	26144	26145	6
36597	26145	26146	6
36598	26146	26147	6
36599	26147	26148	6
36600	26148	26149	6
36601	26149	26150	6
36602	26150	26151	6
36603	26151	26152	6
36604	26152	26153	6
36605	26153	26154	6
36606	26154	26155	6
36607	26155	26156	6
36608	26156	26157	6
36609	26157	26158	6
36610	26158	26159	6
36611	26159	26160	6
36612	26160	26161	6
36613	26161	26162	6
36614	26162	26163	6
36615	26163	26164	6
36616	26164	26165	6
36617	26165	26166	6
36618	26166	26167	6
36619	26167	26168	6
36620	26168	26169	6
36621	26169	26170	6
36622	26170	26171	6
36623	26171	26172	6
36624	26172	26173	6
36625	26173	26174	6
36626	26174	26175	6
36627	26175	26176	6
36628	26176	26177	6
36629	26177	26178	6
36630	26178	26179	6
36631	26179	26180	6
36632	26180	26181	6
36633	26181	26182	6
36634	26182	26183	6
36635	26183	26184	6
36636	26184	26184	0
36637	26184	26185	6
36638	26185	26186	6
36639	26186	26187	2
36640	26187	26188	6
36641	26188	26188	0
36642	26188	26188	0
36643	26188	26189	2
36644	26189	26189	0
36645	26189	26189	0
36646	26189	26189	0
36647	26189	26190	6
36648	26190	26191	2
36649	26191	26191	0
36650	26191	26192	6
36651	26192	26193	6
36652	26193	26194	6
36653	26194	26195	6
36654	26195	26196	6
36655	26196	26197	6
36656	26197	26198	6
36657	26198	26199	6
36658	26199	26200	6
36659	26200	26201	6
36660	26201	26202	6
36661	26202	26203	6
36662	26203	26204	6
36663	26204	26205	6
36664	26205	26206	6
36665	26206	26207	6
36666	26207	26208	6
36667	26208	26209	6
36668	26209	26210	6
36669	26210	26211	2
36670	26211	26212	6
36671	26212	26213	6
36672	26213	26213	0
36673	26213	26214	6
36674	26214	26215	6
36675	26215	26216	6
36676	26216	26217	6
36677	26217	26218	6
36678	26218	26219	6
36679	26219	26220	6
36680	26220	26221	6
36681	26221	26222	6
36682	26222	26223	6
36683	26223	26224	6
36684	26224	26225	6
36685	26225	26226	6
36686	26226	26227	6
36687	26227	26227	0
36688	26227	26228	6
36689	26228	26229	6
36690	26229	26230	6
36691	26230	26231	6
36692	26231	26232	6
36693	26232	26233	2
36694	26233	26234	6
36695	26234	26235	2
36696	26235	26236	6
36697	26236	26237	6
36698	26237	26238	6
36699	26238	26239	6
36700	26239	26240	6
36701	26240	26241	6
36702	26241	26242	2
36703	26242	26243	6
36704	26243	26244	6
36705	26244	26245	6
36706	26245	26246	6
36707	26246	26247	6
36708	26247	26248	6
36709	26248	26249	6
36710	26249	26250	6
36711	26250	26251	6
36712	26251	26252	6
36713	26252	26253	6
36714	26253	26254	6
36715	26254	26255	6
36716	26255	26256	6
36717	26256	26257	6
36718	26257	26258	6
36719	26258	26259	6
36720	26259	26260	6
36721	26260	26261	6
36722	26261	26262	6
36723	26262	26263	6
36724	26263	26264	6
36725	26264	26265	6
36726	26265	26266	6
36727	26266	26267	6
36728	26267	26268	6
36729	26268	26268	0
36730	26268	26269	6
36731	26269	26271	6
36732	26271	26272	6
36733	26272	26273	6
36734	26273	26275	6
36735	26275	26276	6
36736	26276	26278	6
36737	26278	26279	6
36738	26279	26280	6
36739	26280	26281	6
36740	26281	26282	6
36741	26282	26283	6
36742	26283	26284	6
36743	26284	26285	6
36744	26285	26286	6
36745	26286	26287	6
36746	26287	26288	6
36747	26288	26289	6
36748	26289	26290	6
36749	26290	26291	6
36750	26291	26292	6
36751	26292	26293	6
36752	26293	26294	6
36753	26294	26295	6
36754	26295	26296	6
36755	26296	26298	6
36756	26298	26300	6
36757	26300	26300	0
36758	26300	26302	6
36759	26302	26304	6
36760	26304	26305	6
36761	26305	26306	6
36762	26306	26307	6
36763	26307	26308	6
36764	26308	26309	6
36765	26309	26310	6
36766	26310	26311	6
36767	26311	26312	2
36768	26312	26312	0
36769	26312	26313	6
36770	26313	26314	2
36771	26314	26314	0
36772	26314	26314	0
36773	26314	26314	0
36774	26314	26315	6
36775	26315	26316	6
36776	26316	26317	6
36777	26317	26318	6
36778	26318	26319	6
36779	26319	26320	6
36780	26320	26321	6
36781	26321	26323	6
36782	26323	26324	6
36783	26324	26326	6
36784	26326	26327	6
36785	26327	26329	6
36786	26329	26331	6
36787	26331	26332	6
36788	26332	26333	6
36789	26333	26334	6
36790	26334	26335	6
36791	26335	26336	6
36792	26336	26337	6
36793	26337	26338	6
36794	26338	26339	6
36795	26339	26343	6
36796	26343	26345	6
36797	26345	26349	6
36798	26349	26353	6
36799	26353	26357	6
36800	26357	26362	6
36801	26362	26364	6
36802	26364	26364	0
36803	26364	26366	6
36804	26366	26369	6
36805	26369	26375	6
36806	26375	26375	6
36807	26375	26379	6
36808	26379	26382	6
36809	26382	26388	6
36810	26388	26391	6
36811	26391	26392	6
36812	26392	26394	6
36813	26394	26395	6
36814	26395	26397	6
36815	26397	26399	6
36816	26399	26401	6
36817	26401	26402	6
36818	26402	26403	6
36819	26403	26404	6
36820	26404	26406	6
36821	26406	26407	6
36822	26407	26408	6
36823	26408	26409	6
36824	26409	26410	6
36825	26410	26411	6
36826	26411	26412	6
36827	26412	26413	6
36828	26413	26414	6
36829	26414	26415	6
36830	26415	26416	6
36831	26416	26417	6
36832	26417	26418	6
36833	26418	26419	6
36834	26419	26420	2
36835	26420	26421	6
36836	26421	26422	6
36837	26422	26423	6
36838	26423	26424	6
36839	26424	26425	6
36840	26425	26428	6
36841	26428	26429	2
36842	26429	26430	6
36843	26430	26432	6
36844	26432	26433	2
36845	26433	26435	6
36846	26435	26436	6
36847	26436	26436	2
36848	26436	26436	0
36849	26436	26439	6
36850	26439	26440	6
36851	26440	26445	6
36852	26445	26445	0
36853	26445	26445	0
36854	26445	26447	6
36855	26447	26447	0
36856	26447	26451	6
36857	26451	26455	6
36858	26455	26456	6
36859	26456	26457	6
36860	26457	26457	0
36861	26457	26457	0
36862	26457	26457	0
36863	26457	26457	0
36864	26457	26461	6
36865	26461	26462	6
36866	26462	26469	6
36867	26469	26471	6
36868	26471	26471	0
36869	26471	26471	0
36870	26471	26472	6
36871	26472	26474	6
36872	26474	26475	6
36873	26475	26476	6
36874	26476	26477	6
36875	26477	26478	6
36876	26478	26479	6
36877	26479	26480	6
36878	26480	26481	6
36879	26481	26483	6
36880	26483	26484	6
36881	26484	26485	2
36882	26485	26486	2
36883	26486	26488	6
36884	26488	26490	6
36885	26490	26492	6
36886	26492	26494	6
36887	26494	26496	6
36888	26496	26498	6
36889	26498	26498	0
36890	26498	26498	0
36891	26498	26498	0
36892	26498	26499	6
36893	26499	26501	6
36894	26501	26502	6
36895	26502	26504	6
36896	26504	26506	6
36897	26506	26507	6
36898	26507	26508	6
36899	26508	26509	6
36900	26509	26510	6
36901	26510	26511	6
36902	26511	26512	6
36903	26512	26513	6
36904	26513	26514	6
36905	26514	26515	6
36906	26515	26516	6
36907	26516	26517	6
36908	26517	26518	6
36909	26518	26519	6
36910	26519	26521	6
36911	26521	26523	6
36912	26523	26524	6
36913	26524	26526	6
36914	26526	26528	6
36915	26528	26529	6
36916	26529	26530	6
36917	26530	26531	6
36918	26531	26535	6
36919	26535	26537	6
36920	26537	26539	6
36921	26539	26541	6
36922	26541	26546	6
36923	26546	26548	6
36924	26548	26550	6
36925	26550	26552	6
36926	26552	26554	6
36927	26554	26556	6
36928	26556	26556	0
36929	26556	26557	6
36930	26557	26558	6
36931	26558	26559	6
36932	26559	26560	6
36933	26560	26561	6
36934	26561	26562	6
36935	26562	26563	6
36936	26563	26564	6
36937	26564	26565	6
36938	26565	26566	6
36939	26566	26567	6
36940	26567	26568	6
36941	26568	26569	6
36942	26569	26570	6
36943	26570	26571	6
36944	26571	26572	6
36945	26572	26573	6
36946	26573	26574	6
36947	26574	26575	6
36948	26575	26576	6
36949	26576	26577	6
36950	26577	26578	6
36951	26578	26579	6
36952	26579	26580	6
36953	26580	26581	6
36954	26581	26582	6
36955	26582	26583	6
36956	26583	26584	6
36957	26584	26585	6
36958	26585	26585	0
36959	26585	26585	0
36960	26585	26586	2
36961	26586	26587	6
36962	26587	26588	6
36963	26588	26589	6
36964	26589	26590	6
36965	26590	26591	6
36966	26591	26592	6
36967	26592	26593	2
36968	26593	26593	0
36969	26593	26594	6
36970	26594	26595	6
36971	26595	26596	6
36972	26596	26597	6
36973	26597	26598	6
36974	26598	26599	6
36975	26599	26600	2
36976	26600	26601	6
36977	26601	26602	6
36978	26602	26603	6
36979	26603	26604	6
36980	26604	26605	6
36981	26605	26606	6
36982	26606	26607	6
36983	26607	26608	6
36984	26608	26609	6
36985	26609	26610	6
36986	26610	26611	6
36987	26611	26612	6
36988	26612	26613	6
36989	26613	26614	6
36990	26614	26614	0
36991	26614	26615	6
36992	26615	26615	0
36993	26615	26615	0
36994	26615	26615	0
36995	26615	26615	0
36996	26615	26615	0
36997	26615	26616	6
36998	26616	26617	6
36999	26617	26618	6
37000	26618	26619	6
37001	26619	26620	6
37002	26620	26621	6
37003	26621	26622	6
37004	26622	26623	6
37005	26623	26623	0
37006	26623	26624	6
37007	26624	26625	6
37008	26625	26626	2
37009	26626	26627	6
37010	26627	26628	6
37011	26628	26628	0
37012	26628	26629	6
37013	26629	26630	6
37014	26630	26631	6
37015	26631	26632	6
37016	26632	26633	2
37017	26633	26634	6
37018	26634	26635	2
37019	26635	26636	6
37020	26636	26637	6
37021	26637	26638	6
37022	26638	26639	6
37023	26639	26640	6
37024	26640	26641	6
37025	26641	26642	6
37026	26642	26643	6
37027	26643	26644	6
37028	26644	26645	6
37029	26645	26647	6
37030	26647	26648	6
37031	26648	26649	6
37032	26649	26650	6
37033	26650	26651	6
37034	26651	26652	6
37035	26652	26653	6
37036	26653	26654	6
37037	26654	26655	6
37038	26655	26656	6
37039	26656	26657	6
37040	26657	26658	6
37041	26658	26659	6
37042	26659	26660	6
37043	26660	26661	6
37044	26661	26662	6
37045	26662	26663	6
37046	26663	26664	6
37047	26664	26665	6
37048	26665	26665	0
37049	26665	26666	6
37050	26666	26667	6
37051	26667	26668	6
37052	26668	26669	6
37053	26669	26670	6
37054	26670	26671	6
37055	26671	26677	6
37056	26677	26681	6
37057	26681	26683	6
37058	26683	26684	6
37059	26684	26691	6
37060	26691	26693	6
37061	26693	26698	6
37062	26698	26700	6
37063	26700	26702	6
37064	26702	26704	6
37065	26704	26706	6
37066	26706	26707	6
37067	26707	26709	6
37068	26709	26710	6
37069	26710	26711	6
37070	26711	26712	6
37071	26712	26713	6
37072	26713	26714	6
37073	26714	26715	6
37074	26715	26716	6
37075	26716	26717	2
37076	26717	26718	6
37077	26718	26719	6
37078	26719	26720	6
37079	26720	26721	6
37080	26721	26722	6
37081	26722	26723	6
37082	26723	26724	6
37083	26724	26725	6
37084	26725	26726	6
37085	26726	26727	6
37086	26727	26728	6
37087	26728	26729	6
37088	26729	26730	6
37089	26730	26731	6
37090	26731	26732	6
37091	26732	26733	6
37092	26733	26734	6
37093	26734	26735	6
37094	26735	26736	6
37095	26736	26737	6
37096	26737	26738	6
37097	26738	26739	6
37098	26739	26740	6
37099	26740	26741	6
37100	26741	26742	6
37101	26742	26743	6
37102	26743	26744	6
37103	26744	26745	6
37104	26745	26746	6
37105	26746	26747	6
37106	26747	26748	6
37107	26748	26749	6
37108	26749	26750	6
37109	26750	26751	6
37110	26751	26752	6
37111	26752	26753	6
37112	26753	26754	6
37113	26754	26755	6
37114	26755	26757	6
37115	26757	26763	6
37116	26763	26764	6
37117	26764	26768	6
37118	26768	26768	6
37119	26768	26773	6
37120	26773	26775	6
37121	26775	26776	6
37122	26776	26778	6
37123	26778	26779	6
37124	26779	26780	6
37125	26780	26781	6
37126	26781	26782	6
37127	26782	26783	6
37128	26783	26784	6
37129	26784	26785	6
37130	26785	26786	6
37131	26786	26787	6
37132	26787	26788	6
37133	26788	26789	6
37134	26789	26790	6
37135	26790	26791	6
37136	26791	26792	6
37137	26792	26793	6
37138	26793	26793	0
37139	26793	26794	6
37140	26794	26795	6
37141	26795	26796	6
37142	26796	26797	6
37143	26797	26798	6
37144	26798	26800	6
37145	26800	26801	2
37146	26801	26802	6
37147	26802	26804	6
37148	26804	26806	6
37149	26806	26807	6
37150	26807	26808	6
37151	26808	26810	6
37152	26810	26811	6
37153	26811	26812	6
37154	26812	26812	0
37155	26812	26813	6
37156	26813	26814	6
37157	26814	26815	6
37158	26815	26816	6
37159	26816	26817	6
37160	26817	26818	6
37161	26818	26819	6
37162	26819	26820	6
37163	26820	26821	6
37164	26821	26822	6
37165	26822	26824	6
37166	26824	26825	6
37167	26825	26826	6
37168	26826	26827	6
37169	26827	26828	6
37170	26828	26829	6
37171	26829	26830	6
37172	26830	26832	6
37173	26832	26833	6
37174	26833	26835	6
37175	26835	26836	6
37176	26836	26837	6
37177	26837	26839	6
37178	26839	26840	6
37179	26840	26844	6
37180	26844	26846	6
37181	26846	26848	6
37182	26848	26850	6
37183	26850	26852	6
37184	26852	26854	6
37185	26854	26855	6
37186	26855	26856	6
37187	26856	26857	4
37188	26857	26858	6
37189	26858	26859	6
37190	26859	26861	6
37191	26861	26862	6
37192	26862	26863	6
37193	26863	26864	6
37194	26864	26865	6
37195	26865	26866	6
37196	26866	26867	4
37197	26867	26867	0
37198	26867	26867	0
37199	26867	26867	0
37200	26867	26867	0
37201	26867	26867	0
37202	26867	26867	0
37203	26867	26868	6
37204	26868	26869	6
37205	26869	26870	6
37206	26870	26871	6
37207	26871	26872	6
37208	26872	26873	6
37209	26873	26875	6
37210	26875	26876	6
37211	26876	26878	6
37212	26878	26879	6
37213	26879	26880	6
37214	26880	26881	6
37215	26881	26882	6
37216	26882	26883	6
37217	26883	26884	6
37218	26884	26885	6
37219	26885	26886	6
37220	26886	26887	6
37221	26887	26888	6
37222	26888	26890	6
37223	26890	26891	6
37224	26891	26892	6
37225	26892	26893	6
37226	26893	26893	0
37227	26893	26893	0
37228	26893	26893	0
37229	26893	26893	0
37230	26893	26893	0
37231	26893	26893	0
37232	26893	26893	0
37233	26893	26893	0
37234	26893	26893	0
37235	26893	26893	0
37236	26893	26893	0
37237	26893	26893	0
37238	26893	26893	0
37239	26893	26893	0
37240	26893	26894	6
37241	26894	26894	0
37242	26894	26896	6
37243	26896	26897	6
37244	26897	26898	6
37245	26898	26898	0
37246	26898	26898	0
37247	26898	26900	6
37248	26900	26901	6
37249	26901	26901	4
37250	26901	26902	6
37251	26902	26902	0
37252	26902	26902	0
37253	26902	26902	0
37254	26902	26902	0
37255	26902	26902	0
37256	26902	26902	0
37257	26902	26902	0
37258	26902	26902	0
37259	26902	26902	0
37260	26902	26903	6
37261	26903	26903	0
37262	26903	26904	6
37263	26904	26904	0
37264	26904	26904	0
37265	26904	26904	0
37266	26904	26905	6
37267	26905	26906	6
37268	26906	26907	6
37269	26907	26908	6
37270	26908	26909	6
37271	26909	26911	6
37272	26911	26912	2
37273	26912	26912	0
37274	26912	26912	0
37275	26912	26912	0
37276	26912	26912	0
37277	26912	26912	0
37278	26912	26912	0
37279	26912	26913	6
37280	26913	26914	6
37281	26914	26915	2
37282	26915	26915	0
37283	26915	26915	0
37284	26915	26915	0
37285	26915	26915	0
37286	26915	26915	0
37287	26915	26915	0
37288	26915	26915	0
37289	26915	26915	0
37290	26915	26915	0
37291	26915	26915	0
37292	26915	26915	0
37293	26915	26915	0
37294	26915	26915	0
37295	26915	26915	0
37296	26915	26916	6
37297	26916	26917	6
37298	26917	26918	6
37299	26918	26919	6
37300	26919	26920	6
37301	26920	26921	6
37302	26921	26922	6
37303	26922	26923	6
37304	26923	26924	6
37305	26924	26925	6
37306	26925	26926	6
37307	26926	26927	6
37308	26927	26928	6
37309	26928	26929	6
37310	26929	26930	6
37311	26930	26931	6
37312	26931	26932	6
37313	26932	26933	6
37314	26933	26933	0
37315	26933	26934	2
37316	26934	26935	6
37317	26935	26936	6
37318	26936	26938	6
37319	26938	26938	0
37320	26938	26938	0
37321	26938	26940	2
37322	26940	26940	0
37323	26940	26942	6
37324	26942	26943	2
37325	26943	26943	0
37326	26943	26943	0
37327	26943	26945	6
37328	26945	26946	6
37329	26946	26946	0
37330	26946	26946	0
37331	26946	26947	6
37332	26947	26948	6
37333	26948	26950	6
37334	26950	26950	0
37335	26950	26950	0
37336	26950	26951	6
37337	26951	26952	6
37338	26952	26953	6
37339	26953	26955	6
37340	26955	26956	6
37341	26956	26958	6
37342	26958	26959	6
37343	26959	26960	6
37344	26960	26961	6
37345	26961	26963	6
37346	26963	26964	6
37347	26964	26965	6
37348	26965	26966	6
37349	26966	26966	0
37350	26966	26967	6
37351	26967	26967	0
37352	26967	26968	2
37353	26968	26969	6
37354	26969	26972	6
37355	26972	26973	6
37356	26973	26975	6
37357	26975	26976	6
37358	26976	26977	6
37359	26977	26980	6
37360	26980	26981	6
37361	26981	26982	6
37362	26982	26983	6
37363	26983	26984	6
37364	26984	26985	6
37365	26985	26986	6
37366	26986	26987	2
37367	26987	26988	6
37368	26988	26989	6
37369	26989	26990	6
37370	26990	26991	6
37371	26991	26992	6
37372	26992	26993	6
37373	26993	26994	6
37374	26994	26995	6
37375	26995	26996	6
37376	26996	26998	6
37377	26998	26999	6
37378	26999	27001	6
37379	27001	27002	2
37380	27002	27004	6
37381	27004	27005	6
37382	27005	27009	6
37383	27009	27010	6
37384	27010	27012	6
37385	27012	27013	6
37386	27013	27015	6
37387	27015	27015	0
37388	27015	27017	6
37389	27017	27017	0
37390	27017	27021	6
37391	27021	27022	6
37392	27022	27023	6
37393	27023	27024	6
37394	27024	27025	6
37395	27025	27026	6
37396	27026	27027	6
37397	27027	27028	6
37398	27028	27029	6
37399	27029	27030	6
37400	27030	27031	6
37401	27031	27037	6
37402	27037	27040	6
37403	27040	27042	6
37404	27042	27044	6
37405	27044	27044	4
37406	27044	27044	0
37407	27044	27044	6
37408	27044	27044	0
37409	27044	27044	0
37410	27044	27044	2
37411	27044	27046	2
37412	27046	27048	6
37413	27048	27048	0
37414	27048	27049	6
37415	27049	27051	6
37416	27051	27053	6
37417	27053	27054	6
37418	27054	27055	6
37419	27055	27057	6
37420	27057	27058	6
37421	27058	27059	6
37422	27059	27060	6
37423	27060	27061	6
37424	27061	27062	6
37425	27062	27063	6
37426	27063	27064	6
37427	27064	27065	6
37428	27065	27066	6
37429	27066	27067	6
37430	27067	27069	6
37431	27069	27070	6
37432	27070	27071	6
37433	27071	27072	6
37434	27072	27074	6
37435	27074	27076	6
37436	27076	27077	6
37437	27077	27078	6
37438	27078	27079	6
37439	27079	27080	6
37440	27080	27081	6
37441	27081	27082	6
37442	27082	27083	6
37443	27083	27084	6
37444	27084	27085	6
37445	27085	27086	6
37446	27086	27087	6
37447	27087	27088	6
37448	27088	27089	6
37449	27089	27090	6
37450	27090	27091	6
37451	27091	27092	6
37452	27092	27093	6
37453	27093	27094	6
37454	27094	27095	2
37455	27095	27096	6
37456	27096	27097	6
37457	27097	27098	6
37458	27098	27099	6
