 M morsehgp3D_v7/CMakeLists.txt
 M morsehgp3D_v7/PASSATION.md
 M morsehgp3D_v7/README.md
 M morsehgp3D_v7/audits/ADDENDUM_MEB_Q2_E_20260905.md
 M morsehgp3D_v7/audits/ARITHMETIQUE_LANES_COURANTE.md
 M morsehgp3D_v7/audits/ARITHMETIQUE_SPINDLE_COURANTE.md
 M morsehgp3D_v7/audits/AUDIT_INDEX_20260905.md
 M morsehgp3D_v7/audits/AUDIT_QUALIFICATION_20260905.md
 M morsehgp3D_v7/audits/AUTORITE_VOTE_P3_COURANTE.md
 M morsehgp3D_v7/audits/CACHE_FULL_COURANT.md
 M morsehgp3D_v7/audits/CELLULES_COURANT.md
 M morsehgp3D_v7/audits/CERTIFICAT_FULL_CPP_COURANT.md
 M morsehgp3D_v7/audits/CERTIFICAT_HORIZONTAL_COURANT.md
 M morsehgp3D_v7/audits/CONTRAT_MASSES_VOTE_COURANT.md
 M morsehgp3D_v7/audits/CONTRAT_VERTICAL_COURANT.md
 M morsehgp3D_v7/audits/DIALOGUE_COURANT.md
 M morsehgp3D_v7/audits/DOMAINE_CPU_COURANT.md
 M morsehgp3D_v7/audits/ETAT_COURANT.md
 M morsehgp3D_v7/audits/FILTRES_FLOTTANTS_COURANTS.md
 M morsehgp3D_v7/audits/FRONT_ET_TEMOINS_COURANT.md
 M morsehgp3D_v7/audits/MEB_DOUBLE_BUDGET_COURANT.md
 M morsehgp3D_v7/audits/MONO_FULL_COURANT.md
 M morsehgp3D_v7/audits/NIVEAUX_ET_CERTIFICAT_HGP_COURANT.md
 M morsehgp3D_v7/audits/PREUVE_CHORD_SECTOR_COURANTE.md
 M morsehgp3D_v7/audits/PRODUCTEUR_FULL_GABRIEL_COURANT.md
 M morsehgp3D_v7/audits/README.md
 M morsehgp3D_v7/audits/S1_COURANT.md
 M morsehgp3D_v7/bench/COMPARE_MONO.md
 M morsehgp3D_v7/docs/CONTRAT_PRODUCTEUR_FULL_GABRIEL.md
 M morsehgp3D_v7/docs/LECTURE_ET_CONTRATS.md
 M morsehgp3D_v7/docs/RESIDENCE_MASSIVE.md
 M morsehgp3D_v7/src/forest/full_gabriel.hpp
?? morsehgp3D_v7/audits/QUESTIONS_SECONDAIRES.md
?? morsehgp3D_v7/bench/full_gabriel_cache_policy_audit.py
?? morsehgp3D_v7/bench/full_gabriel_lazy_probe.cpp
?? morsehgp3D_v7/bench/full_gabriel_lazy_probe_audit.py
?? morsehgp3D_v7/bench/full_gabriel_semantic_digest.hpp
?? morsehgp3D_v7/docs/CONTRAT_CACHE_FULL_PARESSEUX.md
?? morsehgp3D_v7/docs/CONTRAT_DIGEST_FULL.md
?? morsehgp3D_v7/docs/FAUSSES_PISTES.md
?? morsehgp3D_v7/docs/RESULTATS_MONO_FULL_LAZY_20260905.md
?? morsehgp3D_v7/receipts/full_gabriel_first_c_qualification_20260905/README.md
?? morsehgp3D_v7/receipts/full_gabriel_first_c_qualification_20260905/SHA256SUMS
?? morsehgp3D_v7/receipts/full_gabriel_first_c_qualification_20260905/commands/argv_empty_normal.command.json
?? morsehgp3D_v7/receipts/full_gabriel_first_c_qualification_20260905/commands/argv_empty_normal.intent.json
?? morsehgp3D_v7/receipts/full_gabriel_first_c_qualification_20260905/commands/argv_empty_normal.stderr
?? morsehgp3D_v7/receipts/full_gabriel_first_c_qualification_20260905/commands/argv_empty_normal.stdout
?? morsehgp3D_v7/receipts/full_gabriel_first_c_qualification_20260905/commands/argv_empty_optimized.command.json
?? morsehgp3D_v7/receipts/full_gabriel_first_c_qualification_20260905/commands/argv_empty_optimized.intent.json
?? morsehgp3D_v7/receipts/full_gabriel_first_c_qualification_20260905/commands/argv_empty_optimized.stderr
?? morsehgp3D_v7/receipts/full_gabriel_first_c_qualification_20260905/commands/argv_empty_optimized.stdout
?? morsehgp3D_v7/receipts/full_gabriel_first_c_qualification_20260905/commands/argv_selftest_without_path_normal.command.json
?? morsehgp3D_v7/receipts/full_gabriel_first_c_qualification_20260905/commands/argv_selftest_without_path_normal.intent.json
?? morsehgp3D_v7/receipts/full_gabriel_first_c_qualification_20260905/commands/argv_selftest_without_path_normal.stderr
?? morsehgp3D_v7/receipts/full_gabriel_first_c_qualification_20260905/commands/argv_selftest_without_path_normal.stdout
?? morsehgp3D_v7/receipts/full_gabriel_first_c_qualification_20260905/commands/argv_selftest_without_path_optimized.command.json
?? morsehgp3D_v7/receipts/full_gabriel_first_c_qualification_20260905/commands/argv_selftest_without_path_optimized.intent.json
?? morsehgp3D_v7/receipts/full_gabriel_first_c_qualification_20260905/commands/argv_selftest_without_path_optimized.stderr
?? morsehgp3D_v7/receipts/full_gabriel_first_c_qualification_20260905/commands/argv_selftest_without_path_optimized.stdout
?? morsehgp3D_v7/receipts/full_gabriel_first_c_qualification_20260905/commands/argv_unknown_normal.command.json
?? morsehgp3D_v7/receipts/full_gabriel_first_c_qualification_20260905/commands/argv_unknown_normal.intent.json
?? morsehgp3D_v7/receipts/full_gabriel_first_c_qualification_20260905/commands/argv_unknown_normal.stderr
?? morsehgp3D_v7/receipts/full_gabriel_first_c_qualification_20260905/commands/argv_unknown_normal.stdout
?? morsehgp3D_v7/receipts/full_gabriel_first_c_qualification_20260905/commands/argv_unknown_optimized.command.json
?? morsehgp3D_v7/receipts/full_gabriel_first_c_qualification_20260905/commands/argv_unknown_optimized.intent.json
?? morsehgp3D_v7/receipts/full_gabriel_first_c_qualification_20260905/commands/argv_unknown_optimized.stderr
?? morsehgp3D_v7/receipts/full_gabriel_first_c_qualification_20260905/commands/argv_unknown_optimized.stdout
?? morsehgp3D_v7/receipts/full_gabriel_first_c_qualification_20260905/commands/argv_unknown_with_path_normal.command.json
?? morsehgp3D_v7/receipts/full_gabriel_first_c_qualification_20260905/commands/argv_unknown_with_path_normal.intent.json
?? morsehgp3D_v7/receipts/full_gabriel_first_c_qualification_20260905/commands/argv_unknown_with_path_normal.stderr
?? morsehgp3D_v7/receipts/full_gabriel_first_c_qualification_20260905/commands/argv_unknown_with_path_normal.stdout
?? morsehgp3D_v7/receipts/full_gabriel_first_c_qualification_20260905/commands/argv_unknown_with_path_optimized.command.json
?? morsehgp3D_v7/receipts/full_gabriel_first_c_qualification_20260905/commands/argv_unknown_with_path_optimized.intent.json
?? morsehgp3D_v7/receipts/full_gabriel_first_c_qualification_20260905/commands/argv_unknown_with_path_optimized.stderr
?? morsehgp3D_v7/receipts/full_gabriel_first_c_qualification_20260905/commands/argv_unknown_with_path_optimized.stdout
?? morsehgp3D_v7/receipts/full_gabriel_first_c_qualification_20260905/commands/n8_s10_k10_eager_c0_normal.command.json
?? morsehgp3D_v7/receipts/full_gabriel_first_c_qualification_20260905/commands/n8_s10_k10_eager_c0_normal.intent.json
?? morsehgp3D_v7/receipts/full_gabriel_first_c_qualification_20260905/commands/n8_s10_k10_eager_c0_normal.stderr
?? morsehgp3D_v7/receipts/full_gabriel_first_c_qualification_20260905/commands/n8_s10_k10_eager_c0_normal.stdout
?? morsehgp3D_v7/receipts/full_gabriel_first_c_qualification_20260905/commands/n8_s10_k10_eager_c0_optimized.command.json
?? morsehgp3D_v7/receipts/full_gabriel_first_c_qualification_20260905/commands/n8_s10_k10_eager_c0_optimized.intent.json
?? morsehgp3D_v7/receipts/full_gabriel_first_c_qualification_20260905/commands/n8_s10_k10_eager_c0_optimized.stderr
?? morsehgp3D_v7/receipts/full_gabriel_first_c_qualification_20260905/commands/n8_s10_k10_eager_c0_optimized.stdout
?? morsehgp3D_v7/receipts/full_gabriel_first_c_qualification_20260905/commands/n8_s10_k10_lazy_c0_normal.command.json
?? morsehgp3D_v7/receipts/full_gabriel_first_c_qualification_20260905/commands/n8_s10_k10_lazy_c0_normal.intent.json
?? morsehgp3D_v7/receipts/full_gabriel_first_c_qualification_20260905/commands/n8_s10_k10_lazy_c0_normal.stderr
?? morsehgp3D_v7/receipts/full_gabriel_first_c_qualification_20260905/commands/n8_s10_k10_lazy_c0_normal.stdout
?? morsehgp3D_v7/receipts/full_gabriel_first_c_qualification_20260905/commands/n8_s10_k10_lazy_c0_optimized.command.json
?? morsehgp3D_v7/receipts/full_gabriel_first_c_qualification_20260905/commands/n8_s10_k10_lazy_c0_optimized.intent.json
?? morsehgp3D_v7/receipts/full_gabriel_first_c_qualification_20260905/commands/n8_s10_k10_lazy_c0_optimized.stderr
?? morsehgp3D_v7/receipts/full_gabriel_first_c_qualification_20260905/commands/n8_s10_k10_lazy_c0_optimized.stdout
?? morsehgp3D_v7/receipts/full_gabriel_first_c_qualification_20260905/commands/n8_s10_k10_lazy_c1000000_normal.command.json
?? morsehgp3D_v7/receipts/full_gabriel_first_c_qualification_20260905/commands/n8_s10_k10_lazy_c1000000_normal.intent.json
?? morsehgp3D_v7/receipts/full_gabriel_first_c_qualification_20260905/commands/n8_s10_k10_lazy_c1000000_normal.stderr
?? morsehgp3D_v7/receipts/full_gabriel_first_c_qualification_20260905/commands/n8_s10_k10_lazy_c1000000_normal.stdout
?? morsehgp3D_v7/receipts/full_gabriel_first_c_qualification_20260905/commands/n8_s10_k10_lazy_c1000000_optimized.command.json
?? morsehgp3D_v7/receipts/full_gabriel_first_c_qualification_20260905/commands/n8_s10_k10_lazy_c1000000_optimized.intent.json
?? morsehgp3D_v7/receipts/full_gabriel_first_c_qualification_20260905/commands/n8_s10_k10_lazy_c1000000_optimized.stderr
?? morsehgp3D_v7/receipts/full_gabriel_first_c_qualification_20260905/commands/n8_s10_k10_lazy_c1000000_optimized.stdout
?? morsehgp3D_v7/receipts/full_gabriel_first_c_qualification_20260905/commands/n8_s10_k10_lazy_c1_normal.command.json
?? morsehgp3D_v7/receipts/full_gabriel_first_c_qualification_20260905/commands/n8_s10_k10_lazy_c1_normal.intent.json
?? morsehgp3D_v7/receipts/full_gabriel_first_c_qualification_20260905/commands/n8_s10_k10_lazy_c1_normal.stderr
?? morsehgp3D_v7/receipts/full_gabriel_first_c_qualification_20260905/commands/n8_s10_k10_lazy_c1_normal.stdout
?? morsehgp3D_v7/receipts/full_gabriel_first_c_qualification_20260905/commands/n8_s10_k10_lazy_c1_optimized.command.json
?? morsehgp3D_v7/receipts/full_gabriel_first_c_qualification_20260905/commands/n8_s10_k10_lazy_c1_optimized.intent.json
?? morsehgp3D_v7/receipts/full_gabriel_first_c_qualification_20260905/commands/n8_s10_k10_lazy_c1_optimized.stderr
?? morsehgp3D_v7/receipts/full_gabriel_first_c_qualification_20260905/commands/n8_s10_k10_lazy_c1_optimized.stdout
?? morsehgp3D_v7/receipts/full_gabriel_first_c_qualification_20260905/commands/n8_s10_k5_eager_c0_normal.command.json
?? morsehgp3D_v7/receipts/full_gabriel_first_c_qualification_20260905/commands/n8_s10_k5_eager_c0_normal.intent.json
?? morsehgp3D_v7/receipts/full_gabriel_first_c_qualification_20260905/commands/n8_s10_k5_eager_c0_normal.stderr
?? morsehgp3D_v7/receipts/full_gabriel_first_c_qualification_20260905/commands/n8_s10_k5_eager_c0_normal.stdout
?? morsehgp3D_v7/receipts/full_gabriel_first_c_qualification_20260905/commands/n8_s10_k5_eager_c0_optimized.command.json
?? morsehgp3D_v7/receipts/full_gabriel_first_c_qualification_20260905/commands/n8_s10_k5_eager_c0_optimized.intent.json
?? morsehgp3D_v7/receipts/full_gabriel_first_c_qualification_20260905/commands/n8_s10_k5_eager_c0_optimized.stderr
?? morsehgp3D_v7/receipts/full_gabriel_first_c_qualification_20260905/commands/n8_s10_k5_eager_c0_optimized.stdout
?? morsehgp3D_v7/receipts/full_gabriel_first_c_qualification_20260905/commands/n8_s10_k5_lazy_c0_normal.command.json
?? morsehgp3D_v7/receipts/full_gabriel_first_c_qualification_20260905/commands/n8_s10_k5_lazy_c0_normal.intent.json
?? morsehgp3D_v7/receipts/full_gabriel_first_c_qualification_20260905/commands/n8_s10_k5_lazy_c0_normal.stderr
?? morsehgp3D_v7/receipts/full_gabriel_first_c_qualification_20260905/commands/n8_s10_k5_lazy_c0_normal.stdout
?? morsehgp3D_v7/receipts/full_gabriel_first_c_qualification_20260905/commands/n8_s10_k5_lazy_c0_optimized.command.json
?? morsehgp3D_v7/receipts/full_gabriel_first_c_qualification_20260905/commands/n8_s10_k5_lazy_c0_optimized.intent.json
?? morsehgp3D_v7/receipts/full_gabriel_first_c_qualification_20260905/commands/n8_s10_k5_lazy_c0_optimized.stderr
?? morsehgp3D_v7/receipts/full_gabriel_first_c_qualification_20260905/commands/n8_s10_k5_lazy_c0_optimized.stdout
?? morsehgp3D_v7/receipts/full_gabriel_first_c_qualification_20260905/commands/n8_s10_k5_lazy_c1000000_normal.command.json
?? morsehgp3D_v7/receipts/full_gabriel_first_c_qualification_20260905/commands/n8_s10_k5_lazy_c1000000_normal.intent.json
?? morsehgp3D_v7/receipts/full_gabriel_first_c_qualification_20260905/commands/n8_s10_k5_lazy_c1000000_normal.stderr
?? morsehgp3D_v7/receipts/full_gabriel_first_c_qualification_20260905/commands/n8_s10_k5_lazy_c1000000_normal.stdout
?? morsehgp3D_v7/receipts/full_gabriel_first_c_qualification_20260905/commands/n8_s10_k5_lazy_c1000000_optimized.command.json
?? morsehgp3D_v7/receipts/full_gabriel_first_c_qualification_20260905/commands/n8_s10_k5_lazy_c1000000_optimized.intent.json
?? morsehgp3D_v7/receipts/full_gabriel_first_c_qualification_20260905/commands/n8_s10_k5_lazy_c1000000_optimized.stderr
?? morsehgp3D_v7/receipts/full_gabriel_first_c_qualification_20260905/commands/n8_s10_k5_lazy_c1000000_optimized.stdout
?? morsehgp3D_v7/receipts/full_gabriel_first_c_qualification_20260905/commands/n8_s10_k5_lazy_c1_normal.command.json
?? morsehgp3D_v7/receipts/full_gabriel_first_c_qualification_20260905/commands/n8_s10_k5_lazy_c1_normal.intent.json
?? morsehgp3D_v7/receipts/full_gabriel_first_c_qualification_20260905/commands/n8_s10_k5_lazy_c1_normal.stderr
?? morsehgp3D_v7/receipts/full_gabriel_first_c_qualification_20260905/commands/n8_s10_k5_lazy_c1_normal.stdout
?? morsehgp3D_v7/receipts/full_gabriel_first_c_qualification_20260905/commands/n8_s10_k5_lazy_c1_optimized.command.json
?? morsehgp3D_v7/receipts/full_gabriel_first_c_qualification_20260905/commands/n8_s10_k5_lazy_c1_optimized.intent.json
?? morsehgp3D_v7/receipts/full_gabriel_first_c_qualification_20260905/commands/n8_s10_k5_lazy_c1_optimized.stderr
?? morsehgp3D_v7/receipts/full_gabriel_first_c_qualification_20260905/commands/n8_s10_k5_lazy_c1_optimized.stdout
?? morsehgp3D_v7/receipts/full_gabriel_first_c_qualification_20260905/commands/n8_s12_k10_eager_c0_normal.command.json
?? morsehgp3D_v7/receipts/full_gabriel_first_c_qualification_20260905/commands/n8_s12_k10_eager_c0_normal.intent.json
?? morsehgp3D_v7/receipts/full_gabriel_first_c_qualification_20260905/commands/n8_s12_k10_eager_c0_normal.stderr
?? morsehgp3D_v7/receipts/full_gabriel_first_c_qualification_20260905/commands/n8_s12_k10_eager_c0_normal.stdout
?? morsehgp3D_v7/receipts/full_gabriel_first_c_qualification_20260905/commands/n8_s12_k10_eager_c0_optimized.command.json
?? morsehgp3D_v7/receipts/full_gabriel_first_c_qualification_20260905/commands/n8_s12_k10_eager_c0_optimized.intent.json
?? morsehgp3D_v7/receipts/full_gabriel_first_c_qualification_20260905/commands/n8_s12_k10_eager_c0_optimized.stderr
?? morsehgp3D_v7/receipts/full_gabriel_first_c_qualification_20260905/commands/n8_s12_k10_eager_c0_optimized.stdout
?? morsehgp3D_v7/receipts/full_gabriel_first_c_qualification_20260905/commands/n8_s12_k10_lazy_c0_normal.command.json
?? morsehgp3D_v7/receipts/full_gabriel_first_c_qualification_20260905/commands/n8_s12_k10_lazy_c0_normal.intent.json
?? morsehgp3D_v7/receipts/full_gabriel_first_c_qualification_20260905/commands/n8_s12_k10_lazy_c0_normal.stderr
?? morsehgp3D_v7/receipts/full_gabriel_first_c_qualification_20260905/commands/n8_s12_k10_lazy_c0_normal.stdout
?? morsehgp3D_v7/receipts/full_gabriel_first_c_qualification_20260905/commands/n8_s12_k10_lazy_c0_optimized.command.json
?? morsehgp3D_v7/receipts/full_gabriel_first_c_qualification_20260905/commands/n8_s12_k10_lazy_c0_optimized.intent.json
?? morsehgp3D_v7/receipts/full_gabriel_first_c_qualification_20260905/commands/n8_s12_k10_lazy_c0_optimized.stderr
?? morsehgp3D_v7/receipts/full_gabriel_first_c_qualification_20260905/commands/n8_s12_k10_lazy_c0_optimized.stdout
?? morsehgp3D_v7/receipts/full_gabriel_first_c_qualification_20260905/commands/n8_s12_k10_lazy_c1000000_normal.command.json
?? morsehgp3D_v7/receipts/full_gabriel_first_c_qualification_20260905/commands/n8_s12_k10_lazy_c1000000_normal.intent.json
?? morsehgp3D_v7/receipts/full_gabriel_first_c_qualification_20260905/commands/n8_s12_k10_lazy_c1000000_normal.stderr
?? morsehgp3D_v7/receipts/full_gabriel_first_c_qualification_20260905/commands/n8_s12_k10_lazy_c1000000_normal.stdout
?? morsehgp3D_v7/receipts/full_gabriel_first_c_qualification_20260905/commands/n8_s12_k10_lazy_c1000000_optimized.command.json
?? morsehgp3D_v7/receipts/full_gabriel_first_c_qualification_20260905/commands/n8_s12_k10_lazy_c1000000_optimized.intent.json
?? morsehgp3D_v7/receipts/full_gabriel_first_c_qualification_20260905/commands/n8_s12_k10_lazy_c1000000_optimized.stderr
?? morsehgp3D_v7/receipts/full_gabriel_first_c_qualification_20260905/commands/n8_s12_k10_lazy_c1000000_optimized.stdout
?? morsehgp3D_v7/receipts/full_gabriel_first_c_qualification_20260905/commands/n8_s12_k10_lazy_c1_normal.command.json
?? morsehgp3D_v7/receipts/full_gabriel_first_c_qualification_20260905/commands/n8_s12_k10_lazy_c1_normal.intent.json
?? morsehgp3D_v7/receipts/full_gabriel_first_c_qualification_20260905/commands/n8_s12_k10_lazy_c1_normal.stderr
?? morsehgp3D_v7/receipts/full_gabriel_first_c_qualification_20260905/commands/n8_s12_k10_lazy_c1_normal.stdout
?? morsehgp3D_v7/receipts/full_gabriel_first_c_qualification_20260905/commands/n8_s12_k10_lazy_c1_optimized.command.json
?? morsehgp3D_v7/receipts/full_gabriel_first_c_qualification_20260905/commands/n8_s12_k10_lazy_c1_optimized.intent.json
?? morsehgp3D_v7/receipts/full_gabriel_first_c_qualification_20260905/commands/n8_s12_k10_lazy_c1_optimized.stderr
?? morsehgp3D_v7/receipts/full_gabriel_first_c_qualification_20260905/commands/n8_s12_k10_lazy_c1_optimized.stdout
?? morsehgp3D_v7/receipts/full_gabriel_first_c_qualification_20260905/commands/n8_s12_k5_eager_c0_normal.command.json
?? morsehgp3D_v7/receipts/full_gabriel_first_c_qualification_20260905/commands/n8_s12_k5_eager_c0_normal.intent.json
?? morsehgp3D_v7/receipts/full_gabriel_first_c_qualification_20260905/commands/n8_s12_k5_eager_c0_normal.stderr
?? morsehgp3D_v7/receipts/full_gabriel_first_c_qualification_20260905/commands/n8_s12_k5_eager_c0_normal.stdout
?? morsehgp3D_v7/receipts/full_gabriel_first_c_qualification_20260905/commands/n8_s12_k5_eager_c0_optimized.command.json
?? morsehgp3D_v7/receipts/full_gabriel_first_c_qualification_20260905/commands/n8_s12_k5_eager_c0_optimized.intent.json
?? morsehgp3D_v7/receipts/full_gabriel_first_c_qualification_20260905/commands/n8_s12_k5_eager_c0_optimized.stderr
?? morsehgp3D_v7/receipts/full_gabriel_first_c_qualification_20260905/commands/n8_s12_k5_eager_c0_optimized.stdout
?? morsehgp3D_v7/receipts/full_gabriel_first_c_qualification_20260905/commands/n8_s12_k5_lazy_c0_normal.command.json
?? morsehgp3D_v7/receipts/full_gabriel_first_c_qualification_20260905/commands/n8_s12_k5_lazy_c0_normal.intent.json
?? morsehgp3D_v7/receipts/full_gabriel_first_c_qualification_20260905/commands/n8_s12_k5_lazy_c0_normal.stderr
?? morsehgp3D_v7/receipts/full_gabriel_first_c_qualification_20260905/commands/n8_s12_k5_lazy_c0_normal.stdout
?? morsehgp3D_v7/receipts/full_gabriel_first_c_qualification_20260905/commands/n8_s12_k5_lazy_c0_optimized.command.json
?? morsehgp3D_v7/receipts/full_gabriel_first_c_qualification_20260905/commands/n8_s12_k5_lazy_c0_optimized.intent.json
?? morsehgp3D_v7/receipts/full_gabriel_first_c_qualification_20260905/commands/n8_s12_k5_lazy_c0_optimized.stderr
?? morsehgp3D_v7/receipts/full_gabriel_first_c_qualification_20260905/commands/n8_s12_k5_lazy_c0_optimized.stdout
?? morsehgp3D_v7/receipts/full_gabriel_first_c_qualification_20260905/commands/n8_s12_k5_lazy_c1000000_normal.command.json
?? morsehgp3D_v7/receipts/full_gabriel_first_c_qualification_20260905/commands/n8_s12_k5_lazy_c1000000_normal.intent.json
?? morsehgp3D_v7/receipts/full_gabriel_first_c_qualification_20260905/commands/n8_s12_k5_lazy_c1000000_normal.stderr
?? morsehgp3D_v7/receipts/full_gabriel_first_c_qualification_20260905/commands/n8_s12_k5_lazy_c1000000_normal.stdout
?? morsehgp3D_v7/receipts/full_gabriel_first_c_qualification_20260905/commands/n8_s12_k5_lazy_c1000000_optimized.command.json
?? morsehgp3D_v7/receipts/full_gabriel_first_c_qualification_20260905/commands/n8_s12_k5_lazy_c1000000_optimized.intent.json
?? morsehgp3D_v7/receipts/full_gabriel_first_c_qualification_20260905/commands/n8_s12_k5_lazy_c1000000_optimized.stderr
?? morsehgp3D_v7/receipts/full_gabriel_first_c_qualification_20260905/commands/n8_s12_k5_lazy_c1000000_optimized.stdout
?? morsehgp3D_v7/receipts/full_gabriel_first_c_qualification_20260905/commands/n8_s12_k5_lazy_c1_normal.command.json
?? morsehgp3D_v7/receipts/full_gabriel_first_c_qualification_20260905/commands/n8_s12_k5_lazy_c1_normal.intent.json
?? morsehgp3D_v7/receipts/full_gabriel_first_c_qualification_20260905/commands/n8_s12_k5_lazy_c1_normal.stderr
?? morsehgp3D_v7/receipts/full_gabriel_first_c_qualification_20260905/commands/n8_s12_k5_lazy_c1_normal.stdout
?? morsehgp3D_v7/receipts/full_gabriel_first_c_qualification_20260905/commands/n8_s12_k5_lazy_c1_optimized.command.json
?? morsehgp3D_v7/receipts/full_gabriel_first_c_qualification_20260905/commands/n8_s12_k5_lazy_c1_optimized.intent.json
?? morsehgp3D_v7/receipts/full_gabriel_first_c_qualification_20260905/commands/n8_s12_k5_lazy_c1_optimized.stderr
?? morsehgp3D_v7/receipts/full_gabriel_first_c_qualification_20260905/commands/n8_s12_k5_lazy_c1_optimized.stdout
?? morsehgp3D_v7/receipts/full_gabriel_first_c_qualification_20260905/commands/n8_s8_k10_eager_c0_normal.command.json
?? morsehgp3D_v7/receipts/full_gabriel_first_c_qualification_20260905/commands/n8_s8_k10_eager_c0_normal.intent.json
?? morsehgp3D_v7/receipts/full_gabriel_first_c_qualification_20260905/commands/n8_s8_k10_eager_c0_normal.stderr
?? morsehgp3D_v7/receipts/full_gabriel_first_c_qualification_20260905/commands/n8_s8_k10_eager_c0_normal.stdout
?? morsehgp3D_v7/receipts/full_gabriel_first_c_qualification_20260905/commands/n8_s8_k10_eager_c0_optimized.command.json
?? morsehgp3D_v7/receipts/full_gabriel_first_c_qualification_20260905/commands/n8_s8_k10_eager_c0_optimized.intent.json
?? morsehgp3D_v7/receipts/full_gabriel_first_c_qualification_20260905/commands/n8_s8_k10_eager_c0_optimized.stderr
?? morsehgp3D_v7/receipts/full_gabriel_first_c_qualification_20260905/commands/n8_s8_k10_eager_c0_optimized.stdout
?? morsehgp3D_v7/receipts/full_gabriel_first_c_qualification_20260905/commands/n8_s8_k10_lazy_c0_normal.command.json
?? morsehgp3D_v7/receipts/full_gabriel_first_c_qualification_20260905/commands/n8_s8_k10_lazy_c0_normal.intent.json
?? morsehgp3D_v7/receipts/full_gabriel_first_c_qualification_20260905/commands/n8_s8_k10_lazy_c0_normal.stderr
?? morsehgp3D_v7/receipts/full_gabriel_first_c_qualification_20260905/commands/n8_s8_k10_lazy_c0_normal.stdout
?? morsehgp3D_v7/receipts/full_gabriel_first_c_qualification_20260905/commands/n8_s8_k10_lazy_c0_optimized.command.json
?? morsehgp3D_v7/receipts/full_gabriel_first_c_qualification_20260905/commands/n8_s8_k10_lazy_c0_optimized.intent.json
?? morsehgp3D_v7/receipts/full_gabriel_first_c_qualification_20260905/commands/n8_s8_k10_lazy_c0_optimized.stderr
?? morsehgp3D_v7/receipts/full_gabriel_first_c_qualification_20260905/commands/n8_s8_k10_lazy_c0_optimized.stdout
?? morsehgp3D_v7/receipts/full_gabriel_first_c_qualification_20260905/commands/n8_s8_k10_lazy_c1000000_normal.command.json
?? morsehgp3D_v7/receipts/full_gabriel_first_c_qualification_20260905/commands/n8_s8_k10_lazy_c1000000_normal.intent.json
?? morsehgp3D_v7/receipts/full_gabriel_first_c_qualification_20260905/commands/n8_s8_k10_lazy_c1000000_normal.stderr
?? morsehgp3D_v7/receipts/full_gabriel_first_c_qualification_20260905/commands/n8_s8_k10_lazy_c1000000_normal.stdout
?? morsehgp3D_v7/receipts/full_gabriel_first_c_qualification_20260905/commands/n8_s8_k10_lazy_c1000000_optimized.command.json
?? morsehgp3D_v7/receipts/full_gabriel_first_c_qualification_20260905/commands/n8_s8_k10_lazy_c1000000_optimized.intent.json
?? morsehgp3D_v7/receipts/full_gabriel_first_c_qualification_20260905/commands/n8_s8_k10_lazy_c1000000_optimized.stderr
?? morsehgp3D_v7/receipts/full_gabriel_first_c_qualification_20260905/commands/n8_s8_k10_lazy_c1000000_optimized.stdout
?? morsehgp3D_v7/receipts/full_gabriel_first_c_qualification_20260905/commands/n8_s8_k10_lazy_c1_normal.command.json
?? morsehgp3D_v7/receipts/full_gabriel_first_c_qualification_20260905/commands/n8_s8_k10_lazy_c1_normal.intent.json
?? morsehgp3D_v7/receipts/full_gabriel_first_c_qualification_20260905/commands/n8_s8_k10_lazy_c1_normal.stderr
?? morsehgp3D_v7/receipts/full_gabriel_first_c_qualification_20260905/commands/n8_s8_k10_lazy_c1_normal.stdout
?? morsehgp3D_v7/receipts/full_gabriel_first_c_qualification_20260905/commands/n8_s8_k10_lazy_c1_optimized.command.json
?? morsehgp3D_v7/receipts/full_gabriel_first_c_qualification_20260905/commands/n8_s8_k10_lazy_c1_optimized.intent.json
?? morsehgp3D_v7/receipts/full_gabriel_first_c_qualification_20260905/commands/n8_s8_k10_lazy_c1_optimized.stderr
?? morsehgp3D_v7/receipts/full_gabriel_first_c_qualification_20260905/commands/n8_s8_k10_lazy_c1_optimized.stdout
?? morsehgp3D_v7/receipts/full_gabriel_first_c_qualification_20260905/commands/n8_s8_k5_eager_c0_normal.command.json
?? morsehgp3D_v7/receipts/full_gabriel_first_c_qualification_20260905/commands/n8_s8_k5_eager_c0_normal.intent.json
?? morsehgp3D_v7/receipts/full_gabriel_first_c_qualification_20260905/commands/n8_s8_k5_eager_c0_normal.stderr
?? morsehgp3D_v7/receipts/full_gabriel_first_c_qualification_20260905/commands/n8_s8_k5_eager_c0_normal.stdout
?? morsehgp3D_v7/receipts/full_gabriel_first_c_qualification_20260905/commands/n8_s8_k5_eager_c0_optimized.command.json
?? morsehgp3D_v7/receipts/full_gabriel_first_c_qualification_20260905/commands/n8_s8_k5_eager_c0_optimized.intent.json
?? morsehgp3D_v7/receipts/full_gabriel_first_c_qualification_20260905/commands/n8_s8_k5_eager_c0_optimized.stderr
?? morsehgp3D_v7/receipts/full_gabriel_first_c_qualification_20260905/commands/n8_s8_k5_eager_c0_optimized.stdout
?? morsehgp3D_v7/receipts/full_gabriel_first_c_qualification_20260905/commands/n8_s8_k5_lazy_c0_normal.command.json
?? morsehgp3D_v7/receipts/full_gabriel_first_c_qualification_20260905/commands/n8_s8_k5_lazy_c0_normal.intent.json
?? morsehgp3D_v7/receipts/full_gabriel_first_c_qualification_20260905/commands/n8_s8_k5_lazy_c0_normal.stderr
?? morsehgp3D_v7/receipts/full_gabriel_first_c_qualification_20260905/commands/n8_s8_k5_lazy_c0_normal.stdout
?? morsehgp3D_v7/receipts/full_gabriel_first_c_qualification_20260905/commands/n8_s8_k5_lazy_c0_optimized.command.json
?? morsehgp3D_v7/receipts/full_gabriel_first_c_qualification_20260905/commands/n8_s8_k5_lazy_c0_optimized.intent.json
?? morsehgp3D_v7/receipts/full_gabriel_first_c_qualification_20260905/commands/n8_s8_k5_lazy_c0_optimized.stderr
?? morsehgp3D_v7/receipts/full_gabriel_first_c_qualification_20260905/commands/n8_s8_k5_lazy_c0_optimized.stdout
?? morsehgp3D_v7/receipts/full_gabriel_first_c_qualification_20260905/commands/n8_s8_k5_lazy_c1000000_normal.command.json
?? morsehgp3D_v7/receipts/full_gabriel_first_c_qualification_20260905/commands/n8_s8_k5_lazy_c1000000_normal.intent.json
?? morsehgp3D_v7/receipts/full_gabriel_first_c_qualification_20260905/commands/n8_s8_k5_lazy_c1000000_normal.stderr
?? morsehgp3D_v7/receipts/full_gabriel_first_c_qualification_20260905/commands/n8_s8_k5_lazy_c1000000_normal.stdout
?? morsehgp3D_v7/receipts/full_gabriel_first_c_qualification_20260905/commands/n8_s8_k5_lazy_c1000000_optimized.command.json
?? morsehgp3D_v7/receipts/full_gabriel_first_c_qualification_20260905/commands/n8_s8_k5_lazy_c1000000_optimized.intent.json
?? morsehgp3D_v7/receipts/full_gabriel_first_c_qualification_20260905/commands/n8_s8_k5_lazy_c1000000_optimized.stderr
?? morsehgp3D_v7/receipts/full_gabriel_first_c_qualification_20260905/commands/n8_s8_k5_lazy_c1000000_optimized.stdout
?? morsehgp3D_v7/receipts/full_gabriel_first_c_qualification_20260905/commands/n8_s8_k5_lazy_c1_normal.command.json
?? morsehgp3D_v7/receipts/full_gabriel_first_c_qualification_20260905/commands/n8_s8_k5_lazy_c1_normal.intent.json
?? morsehgp3D_v7/receipts/full_gabriel_first_c_qualification_20260905/commands/n8_s8_k5_lazy_c1_normal.stderr
?? morsehgp3D_v7/receipts/full_gabriel_first_c_qualification_20260905/commands/n8_s8_k5_lazy_c1_normal.stdout
?? morsehgp3D_v7/receipts/full_gabriel_first_c_qualification_20260905/commands/n8_s8_k5_lazy_c1_optimized.command.json
?? morsehgp3D_v7/receipts/full_gabriel_first_c_qualification_20260905/commands/n8_s8_k5_lazy_c1_optimized.intent.json
?? morsehgp3D_v7/receipts/full_gabriel_first_c_qualification_20260905/commands/n8_s8_k5_lazy_c1_optimized.stderr
?? morsehgp3D_v7/receipts/full_gabriel_first_c_qualification_20260905/commands/n8_s8_k5_lazy_c1_optimized.stdout
?? morsehgp3D_v7/receipts/full_gabriel_first_c_qualification_20260905/commands/selftest_normal.command.json
?? morsehgp3D_v7/receipts/full_gabriel_first_c_qualification_20260905/commands/selftest_normal.intent.json
?? morsehgp3D_v7/receipts/full_gabriel_first_c_qualification_20260905/commands/selftest_normal.stderr
?? morsehgp3D_v7/receipts/full_gabriel_first_c_qualification_20260905/commands/selftest_normal.stdout
?? morsehgp3D_v7/receipts/full_gabriel_first_c_qualification_20260905/commands/selftest_optimized.command.json
?? morsehgp3D_v7/receipts/full_gabriel_first_c_qualification_20260905/commands/selftest_optimized.intent.json
?? morsehgp3D_v7/receipts/full_gabriel_first_c_qualification_20260905/commands/selftest_optimized.stderr
?? morsehgp3D_v7/receipts/full_gabriel_first_c_qualification_20260905/commands/selftest_optimized.stdout
?? morsehgp3D_v7/receipts/full_gabriel_first_c_qualification_20260905/inherited_v2/k10/n8_s10_k10_eager_c0.judge_normal.command.json
?? morsehgp3D_v7/receipts/full_gabriel_first_c_qualification_20260905/inherited_v2/k10/n8_s10_k10_eager_c0.judge_normal.stderr
?? morsehgp3D_v7/receipts/full_gabriel_first_c_qualification_20260905/inherited_v2/k10/n8_s10_k10_eager_c0.judge_normal.stdout
?? morsehgp3D_v7/receipts/full_gabriel_first_c_qualification_20260905/inherited_v2/k10/n8_s10_k10_eager_c0.judge_optimized.command.json
?? morsehgp3D_v7/receipts/full_gabriel_first_c_qualification_20260905/inherited_v2/k10/n8_s10_k10_eager_c0.judge_optimized.stderr
?? morsehgp3D_v7/receipts/full_gabriel_first_c_qualification_20260905/inherited_v2/k10/n8_s10_k10_eager_c0.judge_optimized.stdout
?? morsehgp3D_v7/receipts/full_gabriel_first_c_qualification_20260905/inherited_v2/k10/n8_s10_k10_lazy_c0.judge_normal.command.json
?? morsehgp3D_v7/receipts/full_gabriel_first_c_qualification_20260905/inherited_v2/k10/n8_s10_k10_lazy_c0.judge_normal.stderr
?? morsehgp3D_v7/receipts/full_gabriel_first_c_qualification_20260905/inherited_v2/k10/n8_s10_k10_lazy_c0.judge_normal.stdout
?? morsehgp3D_v7/receipts/full_gabriel_first_c_qualification_20260905/inherited_v2/k10/n8_s10_k10_lazy_c0.judge_optimized.command.json
?? morsehgp3D_v7/receipts/full_gabriel_first_c_qualification_20260905/inherited_v2/k10/n8_s10_k10_lazy_c0.judge_optimized.stderr
?? morsehgp3D_v7/receipts/full_gabriel_first_c_qualification_20260905/inherited_v2/k10/n8_s10_k10_lazy_c0.judge_optimized.stdout
?? morsehgp3D_v7/receipts/full_gabriel_first_c_qualification_20260905/inherited_v2/k10/n8_s10_k10_lazy_c1.judge_normal.command.json
?? morsehgp3D_v7/receipts/full_gabriel_first_c_qualification_20260905/inherited_v2/k10/n8_s10_k10_lazy_c1.judge_normal.stderr
?? morsehgp3D_v7/receipts/full_gabriel_first_c_qualification_20260905/inherited_v2/k10/n8_s10_k10_lazy_c1.judge_normal.stdout
?? morsehgp3D_v7/receipts/full_gabriel_first_c_qualification_20260905/inherited_v2/k10/n8_s10_k10_lazy_c1.judge_optimized.command.json
?? morsehgp3D_v7/receipts/full_gabriel_first_c_qualification_20260905/inherited_v2/k10/n8_s10_k10_lazy_c1.judge_optimized.stderr
?? morsehgp3D_v7/receipts/full_gabriel_first_c_qualification_20260905/inherited_v2/k10/n8_s10_k10_lazy_c1.judge_optimized.stdout
?? morsehgp3D_v7/receipts/full_gabriel_first_c_qualification_20260905/inherited_v2/k10/n8_s10_k10_lazy_c1000000.judge_normal.command.json
?? morsehgp3D_v7/receipts/full_gabriel_first_c_qualification_20260905/inherited_v2/k10/n8_s10_k10_lazy_c1000000.judge_normal.stderr
?? morsehgp3D_v7/receipts/full_gabriel_first_c_qualification_20260905/inherited_v2/k10/n8_s10_k10_lazy_c1000000.judge_normal.stdout
?? morsehgp3D_v7/receipts/full_gabriel_first_c_qualification_20260905/inherited_v2/k10/n8_s10_k10_lazy_c1000000.judge_optimized.command.json
?? morsehgp3D_v7/receipts/full_gabriel_first_c_qualification_20260905/inherited_v2/k10/n8_s10_k10_lazy_c1000000.judge_optimized.stderr
?? morsehgp3D_v7/receipts/full_gabriel_first_c_qualification_20260905/inherited_v2/k10/n8_s10_k10_lazy_c1000000.judge_optimized.stdout
?? morsehgp3D_v7/receipts/full_gabriel_first_c_qualification_20260905/inherited_v2/k10/n8_s12_k10_eager_c0.judge_normal.command.json
?? morsehgp3D_v7/receipts/full_gabriel_first_c_qualification_20260905/inherited_v2/k10/n8_s12_k10_eager_c0.judge_normal.stderr
?? morsehgp3D_v7/receipts/full_gabriel_first_c_qualification_20260905/inherited_v2/k10/n8_s12_k10_eager_c0.judge_normal.stdout
?? morsehgp3D_v7/receipts/full_gabriel_first_c_qualification_20260905/inherited_v2/k10/n8_s12_k10_eager_c0.judge_optimized.command.json
?? morsehgp3D_v7/receipts/full_gabriel_first_c_qualification_20260905/inherited_v2/k10/n8_s12_k10_eager_c0.judge_optimized.stderr
?? morsehgp3D_v7/receipts/full_gabriel_first_c_qualification_20260905/inherited_v2/k10/n8_s12_k10_eager_c0.judge_optimized.stdout
?? morsehgp3D_v7/receipts/full_gabriel_first_c_qualification_20260905/inherited_v2/k10/n8_s12_k10_lazy_c0.judge_normal.command.json
?? morsehgp3D_v7/receipts/full_gabriel_first_c_qualification_20260905/inherited_v2/k10/n8_s12_k10_lazy_c0.judge_normal.stderr
?? morsehgp3D_v7/receipts/full_gabriel_first_c_qualification_20260905/inherited_v2/k10/n8_s12_k10_lazy_c0.judge_normal.stdout
?? morsehgp3D_v7/receipts/full_gabriel_first_c_qualification_20260905/inherited_v2/k10/n8_s12_k10_lazy_c0.judge_optimized.command.json
?? morsehgp3D_v7/receipts/full_gabriel_first_c_qualification_20260905/inherited_v2/k10/n8_s12_k10_lazy_c0.judge_optimized.stderr
?? morsehgp3D_v7/receipts/full_gabriel_first_c_qualification_20260905/inherited_v2/k10/n8_s12_k10_lazy_c0.judge_optimized.stdout
?? morsehgp3D_v7/receipts/full_gabriel_first_c_qualification_20260905/inherited_v2/k10/n8_s12_k10_lazy_c1.judge_normal.command.json
?? morsehgp3D_v7/receipts/full_gabriel_first_c_qualification_20260905/inherited_v2/k10/n8_s12_k10_lazy_c1.judge_normal.stderr
?? morsehgp3D_v7/receipts/full_gabriel_first_c_qualification_20260905/inherited_v2/k10/n8_s12_k10_lazy_c1.judge_normal.stdout
?? morsehgp3D_v7/receipts/full_gabriel_first_c_qualification_20260905/inherited_v2/k10/n8_s12_k10_lazy_c1.judge_optimized.command.json
?? morsehgp3D_v7/receipts/full_gabriel_first_c_qualification_20260905/inherited_v2/k10/n8_s12_k10_lazy_c1.judge_optimized.stderr
?? morsehgp3D_v7/receipts/full_gabriel_first_c_qualification_20260905/inherited_v2/k10/n8_s12_k10_lazy_c1.judge_optimized.stdout
?? morsehgp3D_v7/receipts/full_gabriel_first_c_qualification_20260905/inherited_v2/k10/n8_s12_k10_lazy_c1000000.judge_normal.command.json
?? morsehgp3D_v7/receipts/full_gabriel_first_c_qualification_20260905/inherited_v2/k10/n8_s12_k10_lazy_c1000000.judge_normal.stderr
?? morsehgp3D_v7/receipts/full_gabriel_first_c_qualification_20260905/inherited_v2/k10/n8_s12_k10_lazy_c1000000.judge_normal.stdout
?? morsehgp3D_v7/receipts/full_gabriel_first_c_qualification_20260905/inherited_v2/k10/n8_s12_k10_lazy_c1000000.judge_optimized.command.json
?? morsehgp3D_v7/receipts/full_gabriel_first_c_qualification_20260905/inherited_v2/k10/n8_s12_k10_lazy_c1000000.judge_optimized.stderr
?? morsehgp3D_v7/receipts/full_gabriel_first_c_qualification_20260905/inherited_v2/k10/n8_s12_k10_lazy_c1000000.judge_optimized.stdout
?? morsehgp3D_v7/receipts/full_gabriel_first_c_qualification_20260905/inherited_v2/k10/n8_s8_k10_eager_c0.judge_normal.command.json
?? morsehgp3D_v7/receipts/full_gabriel_first_c_qualification_20260905/inherited_v2/k10/n8_s8_k10_eager_c0.judge_normal.stderr
?? morsehgp3D_v7/receipts/full_gabriel_first_c_qualification_20260905/inherited_v2/k10/n8_s8_k10_eager_c0.judge_normal.stdout
?? morsehgp3D_v7/receipts/full_gabriel_first_c_qualification_20260905/inherited_v2/k10/n8_s8_k10_eager_c0.judge_optimized.command.json
?? morsehgp3D_v7/receipts/full_gabriel_first_c_qualification_20260905/inherited_v2/k10/n8_s8_k10_eager_c0.judge_optimized.stderr
?? morsehgp3D_v7/receipts/full_gabriel_first_c_qualification_20260905/inherited_v2/k10/n8_s8_k10_eager_c0.judge_optimized.stdout
?? morsehgp3D_v7/receipts/full_gabriel_first_c_qualification_20260905/inherited_v2/k10/n8_s8_k10_lazy_c0.judge_normal.command.json
?? morsehgp3D_v7/receipts/full_gabriel_first_c_qualification_20260905/inherited_v2/k10/n8_s8_k10_lazy_c0.judge_normal.stderr
?? morsehgp3D_v7/receipts/full_gabriel_first_c_qualification_20260905/inherited_v2/k10/n8_s8_k10_lazy_c0.judge_normal.stdout
?? morsehgp3D_v7/receipts/full_gabriel_first_c_qualification_20260905/inherited_v2/k10/n8_s8_k10_lazy_c0.judge_optimized.command.json
?? morsehgp3D_v7/receipts/full_gabriel_first_c_qualification_20260905/inherited_v2/k10/n8_s8_k10_lazy_c0.judge_optimized.stderr
?? morsehgp3D_v7/receipts/full_gabriel_first_c_qualification_20260905/inherited_v2/k10/n8_s8_k10_lazy_c0.judge_optimized.stdout
?? morsehgp3D_v7/receipts/full_gabriel_first_c_qualification_20260905/inherited_v2/k10/n8_s8_k10_lazy_c1.judge_normal.command.json
?? morsehgp3D_v7/receipts/full_gabriel_first_c_qualification_20260905/inherited_v2/k10/n8_s8_k10_lazy_c1.judge_normal.stderr
?? morsehgp3D_v7/receipts/full_gabriel_first_c_qualification_20260905/inherited_v2/k10/n8_s8_k10_lazy_c1.judge_normal.stdout
?? morsehgp3D_v7/receipts/full_gabriel_first_c_qualification_20260905/inherited_v2/k10/n8_s8_k10_lazy_c1.judge_optimized.command.json
?? morsehgp3D_v7/receipts/full_gabriel_first_c_qualification_20260905/inherited_v2/k10/n8_s8_k10_lazy_c1.judge_optimized.stderr
?? morsehgp3D_v7/receipts/full_gabriel_first_c_qualification_20260905/inherited_v2/k10/n8_s8_k10_lazy_c1.judge_optimized.stdout
?? morsehgp3D_v7/receipts/full_gabriel_first_c_qualification_20260905/inherited_v2/k10/n8_s8_k10_lazy_c1000000.judge_normal.command.json
?? morsehgp3D_v7/receipts/full_gabriel_first_c_qualification_20260905/inherited_v2/k10/n8_s8_k10_lazy_c1000000.judge_normal.stderr
?? morsehgp3D_v7/receipts/full_gabriel_first_c_qualification_20260905/inherited_v2/k10/n8_s8_k10_lazy_c1000000.judge_normal.stdout
?? morsehgp3D_v7/receipts/full_gabriel_first_c_qualification_20260905/inherited_v2/k10/n8_s8_k10_lazy_c1000000.judge_optimized.command.json
?? morsehgp3D_v7/receipts/full_gabriel_first_c_qualification_20260905/inherited_v2/k10/n8_s8_k10_lazy_c1000000.judge_optimized.stderr
?? morsehgp3D_v7/receipts/full_gabriel_first_c_qualification_20260905/inherited_v2/k10/n8_s8_k10_lazy_c1000000.judge_optimized.stdout
?? morsehgp3D_v7/receipts/full_gabriel_first_c_qualification_20260905/inherited_v2/k5/n8_s10_k5_eager_c0.judge_normal.command.json
?? morsehgp3D_v7/receipts/full_gabriel_first_c_qualification_20260905/inherited_v2/k5/n8_s10_k5_eager_c0.judge_normal.stderr
?? morsehgp3D_v7/receipts/full_gabriel_first_c_qualification_20260905/inherited_v2/k5/n8_s10_k5_eager_c0.judge_normal.stdout
?? morsehgp3D_v7/receipts/full_gabriel_first_c_qualification_20260905/inherited_v2/k5/n8_s10_k5_eager_c0.judge_optimized.command.json
?? morsehgp3D_v7/receipts/full_gabriel_first_c_qualification_20260905/inherited_v2/k5/n8_s10_k5_eager_c0.judge_optimized.stderr
?? morsehgp3D_v7/receipts/full_gabriel_first_c_qualification_20260905/inherited_v2/k5/n8_s10_k5_eager_c0.judge_optimized.stdout
?? morsehgp3D_v7/receipts/full_gabriel_first_c_qualification_20260905/inherited_v2/k5/n8_s10_k5_lazy_c0.judge_normal.command.json
?? morsehgp3D_v7/receipts/full_gabriel_first_c_qualification_20260905/inherited_v2/k5/n8_s10_k5_lazy_c0.judge_normal.stderr
?? morsehgp3D_v7/receipts/full_gabriel_first_c_qualification_20260905/inherited_v2/k5/n8_s10_k5_lazy_c0.judge_normal.stdout
?? morsehgp3D_v7/receipts/full_gabriel_first_c_qualification_20260905/inherited_v2/k5/n8_s10_k5_lazy_c0.judge_optimized.command.json
?? morsehgp3D_v7/receipts/full_gabriel_first_c_qualification_20260905/inherited_v2/k5/n8_s10_k5_lazy_c0.judge_optimized.stderr
?? morsehgp3D_v7/receipts/full_gabriel_first_c_qualification_20260905/inherited_v2/k5/n8_s10_k5_lazy_c0.judge_optimized.stdout
?? morsehgp3D_v7/receipts/full_gabriel_first_c_qualification_20260905/inherited_v2/k5/n8_s10_k5_lazy_c1.judge_normal.command.json
?? morsehgp3D_v7/receipts/full_gabriel_first_c_qualification_20260905/inherited_v2/k5/n8_s10_k5_lazy_c1.judge_normal.stderr
?? morsehgp3D_v7/receipts/full_gabriel_first_c_qualification_20260905/inherited_v2/k5/n8_s10_k5_lazy_c1.judge_normal.stdout
?? morsehgp3D_v7/receipts/full_gabriel_first_c_qualification_20260905/inherited_v2/k5/n8_s10_k5_lazy_c1.judge_optimized.command.json
?? morsehgp3D_v7/receipts/full_gabriel_first_c_qualification_20260905/inherited_v2/k5/n8_s10_k5_lazy_c1.judge_optimized.stderr
?? morsehgp3D_v7/receipts/full_gabriel_first_c_qualification_20260905/inherited_v2/k5/n8_s10_k5_lazy_c1.judge_optimized.stdout
?? morsehgp3D_v7/receipts/full_gabriel_first_c_qualification_20260905/inherited_v2/k5/n8_s10_k5_lazy_c1000000.judge_normal.command.json
?? morsehgp3D_v7/receipts/full_gabriel_first_c_qualification_20260905/inherited_v2/k5/n8_s10_k5_lazy_c1000000.judge_normal.stderr
?? morsehgp3D_v7/receipts/full_gabriel_first_c_qualification_20260905/inherited_v2/k5/n8_s10_k5_lazy_c1000000.judge_normal.stdout
?? morsehgp3D_v7/receipts/full_gabriel_first_c_qualification_20260905/inherited_v2/k5/n8_s10_k5_lazy_c1000000.judge_optimized.command.json
?? morsehgp3D_v7/receipts/full_gabriel_first_c_qualification_20260905/inherited_v2/k5/n8_s10_k5_lazy_c1000000.judge_optimized.stderr
?? morsehgp3D_v7/receipts/full_gabriel_first_c_qualification_20260905/inherited_v2/k5/n8_s10_k5_lazy_c1000000.judge_optimized.stdout
?? morsehgp3D_v7/receipts/full_gabriel_first_c_qualification_20260905/inherited_v2/k5/n8_s12_k5_eager_c0.judge_normal.command.json
?? morsehgp3D_v7/receipts/full_gabriel_first_c_qualification_20260905/inherited_v2/k5/n8_s12_k5_eager_c0.judge_normal.stderr
?? morsehgp3D_v7/receipts/full_gabriel_first_c_qualification_20260905/inherited_v2/k5/n8_s12_k5_eager_c0.judge_normal.stdout
?? morsehgp3D_v7/receipts/full_gabriel_first_c_qualification_20260905/inherited_v2/k5/n8_s12_k5_eager_c0.judge_optimized.command.json
?? morsehgp3D_v7/receipts/full_gabriel_first_c_qualification_20260905/inherited_v2/k5/n8_s12_k5_eager_c0.judge_optimized.stderr
?? morsehgp3D_v7/receipts/full_gabriel_first_c_qualification_20260905/inherited_v2/k5/n8_s12_k5_eager_c0.judge_optimized.stdout
?? morsehgp3D_v7/receipts/full_gabriel_first_c_qualification_20260905/inherited_v2/k5/n8_s12_k5_lazy_c0.judge_normal.command.json
?? morsehgp3D_v7/receipts/full_gabriel_first_c_qualification_20260905/inherited_v2/k5/n8_s12_k5_lazy_c0.judge_normal.stderr
?? morsehgp3D_v7/receipts/full_gabriel_first_c_qualification_20260905/inherited_v2/k5/n8_s12_k5_lazy_c0.judge_normal.stdout
?? morsehgp3D_v7/receipts/full_gabriel_first_c_qualification_20260905/inherited_v2/k5/n8_s12_k5_lazy_c0.judge_optimized.command.json
?? morsehgp3D_v7/receipts/full_gabriel_first_c_qualification_20260905/inherited_v2/k5/n8_s12_k5_lazy_c0.judge_optimized.stderr
?? morsehgp3D_v7/receipts/full_gabriel_first_c_qualification_20260905/inherited_v2/k5/n8_s12_k5_lazy_c0.judge_optimized.stdout
?? morsehgp3D_v7/receipts/full_gabriel_first_c_qualification_20260905/inherited_v2/k5/n8_s12_k5_lazy_c1.judge_normal.command.json
?? morsehgp3D_v7/receipts/full_gabriel_first_c_qualification_20260905/inherited_v2/k5/n8_s12_k5_lazy_c1.judge_normal.stderr
?? morsehgp3D_v7/receipts/full_gabriel_first_c_qualification_20260905/inherited_v2/k5/n8_s12_k5_lazy_c1.judge_normal.stdout
?? morsehgp3D_v7/receipts/full_gabriel_first_c_qualification_20260905/inherited_v2/k5/n8_s12_k5_lazy_c1.judge_optimized.command.json
?? morsehgp3D_v7/receipts/full_gabriel_first_c_qualification_20260905/inherited_v2/k5/n8_s12_k5_lazy_c1.judge_optimized.stderr
?? morsehgp3D_v7/receipts/full_gabriel_first_c_qualification_20260905/inherited_v2/k5/n8_s12_k5_lazy_c1.judge_optimized.stdout
?? morsehgp3D_v7/receipts/full_gabriel_first_c_qualification_20260905/inherited_v2/k5/n8_s12_k5_lazy_c1000000.judge_normal.command.json
?? morsehgp3D_v7/receipts/full_gabriel_first_c_qualification_20260905/inherited_v2/k5/n8_s12_k5_lazy_c1000000.judge_normal.stderr
?? morsehgp3D_v7/receipts/full_gabriel_first_c_qualification_20260905/inherited_v2/k5/n8_s12_k5_lazy_c1000000.judge_normal.stdout
?? morsehgp3D_v7/receipts/full_gabriel_first_c_qualification_20260905/inherited_v2/k5/n8_s12_k5_lazy_c1000000.judge_optimized.command.json
?? morsehgp3D_v7/receipts/full_gabriel_first_c_qualification_20260905/inherited_v2/k5/n8_s12_k5_lazy_c1000000.judge_optimized.stderr
?? morsehgp3D_v7/receipts/full_gabriel_first_c_qualification_20260905/inherited_v2/k5/n8_s12_k5_lazy_c1000000.judge_optimized.stdout
?? morsehgp3D_v7/receipts/full_gabriel_first_c_qualification_20260905/inherited_v2/k5/n8_s8_k5_eager_c0.judge_normal.command.json
?? morsehgp3D_v7/receipts/full_gabriel_first_c_qualification_20260905/inherited_v2/k5/n8_s8_k5_eager_c0.judge_normal.stderr
?? morsehgp3D_v7/receipts/full_gabriel_first_c_qualification_20260905/inherited_v2/k5/n8_s8_k5_eager_c0.judge_normal.stdout
?? morsehgp3D_v7/receipts/full_gabriel_first_c_qualification_20260905/inherited_v2/k5/n8_s8_k5_eager_c0.judge_optimized.command.json
?? morsehgp3D_v7/receipts/full_gabriel_first_c_qualification_20260905/inherited_v2/k5/n8_s8_k5_eager_c0.judge_optimized.stderr
?? morsehgp3D_v7/receipts/full_gabriel_first_c_qualification_20260905/inherited_v2/k5/n8_s8_k5_eager_c0.judge_optimized.stdout
?? morsehgp3D_v7/receipts/full_gabriel_first_c_qualification_20260905/inherited_v2/k5/n8_s8_k5_lazy_c0.judge_normal.command.json
?? morsehgp3D_v7/receipts/full_gabriel_first_c_qualification_20260905/inherited_v2/k5/n8_s8_k5_lazy_c0.judge_normal.stderr
?? morsehgp3D_v7/receipts/full_gabriel_first_c_qualification_20260905/inherited_v2/k5/n8_s8_k5_lazy_c0.judge_normal.stdout
?? morsehgp3D_v7/receipts/full_gabriel_first_c_qualification_20260905/inherited_v2/k5/n8_s8_k5_lazy_c0.judge_optimized.command.json
?? morsehgp3D_v7/receipts/full_gabriel_first_c_qualification_20260905/inherited_v2/k5/n8_s8_k5_lazy_c0.judge_optimized.stderr
?? morsehgp3D_v7/receipts/full_gabriel_first_c_qualification_20260905/inherited_v2/k5/n8_s8_k5_lazy_c0.judge_optimized.stdout
?? morsehgp3D_v7/receipts/full_gabriel_first_c_qualification_20260905/inherited_v2/k5/n8_s8_k5_lazy_c1.judge_normal.command.json
?? morsehgp3D_v7/receipts/full_gabriel_first_c_qualification_20260905/inherited_v2/k5/n8_s8_k5_lazy_c1.judge_normal.stderr
?? morsehgp3D_v7/receipts/full_gabriel_first_c_qualification_20260905/inherited_v2/k5/n8_s8_k5_lazy_c1.judge_normal.stdout
?? morsehgp3D_v7/receipts/full_gabriel_first_c_qualification_20260905/inherited_v2/k5/n8_s8_k5_lazy_c1.judge_optimized.command.json
?? morsehgp3D_v7/receipts/full_gabriel_first_c_qualification_20260905/inherited_v2/k5/n8_s8_k5_lazy_c1.judge_optimized.stderr
?? morsehgp3D_v7/receipts/full_gabriel_first_c_qualification_20260905/inherited_v2/k5/n8_s8_k5_lazy_c1.judge_optimized.stdout
?? morsehgp3D_v7/receipts/full_gabriel_first_c_qualification_20260905/inherited_v2/k5/n8_s8_k5_lazy_c1000000.judge_normal.command.json
?? morsehgp3D_v7/receipts/full_gabriel_first_c_qualification_20260905/inherited_v2/k5/n8_s8_k5_lazy_c1000000.judge_normal.stderr
?? morsehgp3D_v7/receipts/full_gabriel_first_c_qualification_20260905/inherited_v2/k5/n8_s8_k5_lazy_c1000000.judge_normal.stdout
?? morsehgp3D_v7/receipts/full_gabriel_first_c_qualification_20260905/inherited_v2/k5/n8_s8_k5_lazy_c1000000.judge_optimized.command.json
?? morsehgp3D_v7/receipts/full_gabriel_first_c_qualification_20260905/inherited_v2/k5/n8_s8_k5_lazy_c1000000.judge_optimized.stderr
?? morsehgp3D_v7/receipts/full_gabriel_first_c_qualification_20260905/inherited_v2/k5/n8_s8_k5_lazy_c1000000.judge_optimized.stdout
?? morsehgp3D_v7/receipts/full_gabriel_first_c_qualification_20260905/inputs.json
?? morsehgp3D_v7/receipts/full_gabriel_first_c_qualification_20260905/inputs/k10/n8_s10_k10_eager_c0/n8_s10_k10_eager_c0.raw.txt
?? morsehgp3D_v7/receipts/full_gabriel_first_c_qualification_20260905/inputs/k10/n8_s10_k10_eager_c0/n8_s10_k10_eager_c0.receipt.json
?? morsehgp3D_v7/receipts/full_gabriel_first_c_qualification_20260905/inputs/k10/n8_s10_k10_lazy_c0/n8_s10_k10_lazy_c0.raw.txt
?? morsehgp3D_v7/receipts/full_gabriel_first_c_qualification_20260905/inputs/k10/n8_s10_k10_lazy_c0/n8_s10_k10_lazy_c0.receipt.json
?? morsehgp3D_v7/receipts/full_gabriel_first_c_qualification_20260905/inputs/k10/n8_s10_k10_lazy_c1/n8_s10_k10_lazy_c1.raw.txt
?? morsehgp3D_v7/receipts/full_gabriel_first_c_qualification_20260905/inputs/k10/n8_s10_k10_lazy_c1/n8_s10_k10_lazy_c1.receipt.json
?? morsehgp3D_v7/receipts/full_gabriel_first_c_qualification_20260905/inputs/k10/n8_s10_k10_lazy_c1000000/n8_s10_k10_lazy_c1000000.raw.txt
?? morsehgp3D_v7/receipts/full_gabriel_first_c_qualification_20260905/inputs/k10/n8_s10_k10_lazy_c1000000/n8_s10_k10_lazy_c1000000.receipt.json
?? morsehgp3D_v7/receipts/full_gabriel_first_c_qualification_20260905/inputs/k10/n8_s12_k10_eager_c0/n8_s12_k10_eager_c0.raw.txt
?? morsehgp3D_v7/receipts/full_gabriel_first_c_qualification_20260905/inputs/k10/n8_s12_k10_eager_c0/n8_s12_k10_eager_c0.receipt.json
?? morsehgp3D_v7/receipts/full_gabriel_first_c_qualification_20260905/inputs/k10/n8_s12_k10_lazy_c0/n8_s12_k10_lazy_c0.raw.txt
?? morsehgp3D_v7/receipts/full_gabriel_first_c_qualification_20260905/inputs/k10/n8_s12_k10_lazy_c0/n8_s12_k10_lazy_c0.receipt.json
?? morsehgp3D_v7/receipts/full_gabriel_first_c_qualification_20260905/inputs/k10/n8_s12_k10_lazy_c1/n8_s12_k10_lazy_c1.raw.txt
?? morsehgp3D_v7/receipts/full_gabriel_first_c_qualification_20260905/inputs/k10/n8_s12_k10_lazy_c1/n8_s12_k10_lazy_c1.receipt.json
?? morsehgp3D_v7/receipts/full_gabriel_first_c_qualification_20260905/inputs/k10/n8_s12_k10_lazy_c1000000/n8_s12_k10_lazy_c1000000.raw.txt
?? morsehgp3D_v7/receipts/full_gabriel_first_c_qualification_20260905/inputs/k10/n8_s12_k10_lazy_c1000000/n8_s12_k10_lazy_c1000000.receipt.json
?? morsehgp3D_v7/receipts/full_gabriel_first_c_qualification_20260905/inputs/k10/n8_s8_k10_eager_c0/n8_s8_k10_eager_c0.raw.txt
?? morsehgp3D_v7/receipts/full_gabriel_first_c_qualification_20260905/inputs/k10/n8_s8_k10_eager_c0/n8_s8_k10_eager_c0.receipt.json
?? morsehgp3D_v7/receipts/full_gabriel_first_c_qualification_20260905/inputs/k10/n8_s8_k10_lazy_c0/n8_s8_k10_lazy_c0.raw.txt
?? morsehgp3D_v7/receipts/full_gabriel_first_c_qualification_20260905/inputs/k10/n8_s8_k10_lazy_c0/n8_s8_k10_lazy_c0.receipt.json
?? morsehgp3D_v7/receipts/full_gabriel_first_c_qualification_20260905/inputs/k10/n8_s8_k10_lazy_c1/n8_s8_k10_lazy_c1.raw.txt
?? morsehgp3D_v7/receipts/full_gabriel_first_c_qualification_20260905/inputs/k10/n8_s8_k10_lazy_c1/n8_s8_k10_lazy_c1.receipt.json
?? morsehgp3D_v7/receipts/full_gabriel_first_c_qualification_20260905/inputs/k10/n8_s8_k10_lazy_c1000000/n8_s8_k10_lazy_c1000000.raw.txt
?? morsehgp3D_v7/receipts/full_gabriel_first_c_qualification_20260905/inputs/k10/n8_s8_k10_lazy_c1000000/n8_s8_k10_lazy_c1000000.receipt.json
?? morsehgp3D_v7/receipts/full_gabriel_first_c_qualification_20260905/inputs/k5/n8_s10_k5_eager_c0/n8_s10_k5_eager_c0.raw.txt
?? morsehgp3D_v7/receipts/full_gabriel_first_c_qualification_20260905/inputs/k5/n8_s10_k5_eager_c0/n8_s10_k5_eager_c0.receipt.json
?? morsehgp3D_v7/receipts/full_gabriel_first_c_qualification_20260905/inputs/k5/n8_s10_k5_lazy_c0/n8_s10_k5_lazy_c0.raw.txt
?? morsehgp3D_v7/receipts/full_gabriel_first_c_qualification_20260905/inputs/k5/n8_s10_k5_lazy_c0/n8_s10_k5_lazy_c0.receipt.json
?? morsehgp3D_v7/receipts/full_gabriel_first_c_qualification_20260905/inputs/k5/n8_s10_k5_lazy_c1/n8_s10_k5_lazy_c1.raw.txt
?? morsehgp3D_v7/receipts/full_gabriel_first_c_qualification_20260905/inputs/k5/n8_s10_k5_lazy_c1/n8_s10_k5_lazy_c1.receipt.json
?? morsehgp3D_v7/receipts/full_gabriel_first_c_qualification_20260905/inputs/k5/n8_s10_k5_lazy_c1000000/n8_s10_k5_lazy_c1000000.raw.txt
?? morsehgp3D_v7/receipts/full_gabriel_first_c_qualification_20260905/inputs/k5/n8_s10_k5_lazy_c1000000/n8_s10_k5_lazy_c1000000.receipt.json
?? morsehgp3D_v7/receipts/full_gabriel_first_c_qualification_20260905/inputs/k5/n8_s12_k5_eager_c0/n8_s12_k5_eager_c0.raw.txt
?? morsehgp3D_v7/receipts/full_gabriel_first_c_qualification_20260905/inputs/k5/n8_s12_k5_eager_c0/n8_s12_k5_eager_c0.receipt.json
?? morsehgp3D_v7/receipts/full_gabriel_first_c_qualification_20260905/inputs/k5/n8_s12_k5_lazy_c0/n8_s12_k5_lazy_c0.raw.txt
?? morsehgp3D_v7/receipts/full_gabriel_first_c_qualification_20260905/inputs/k5/n8_s12_k5_lazy_c0/n8_s12_k5_lazy_c0.receipt.json
?? morsehgp3D_v7/receipts/full_gabriel_first_c_qualification_20260905/inputs/k5/n8_s12_k5_lazy_c1/n8_s12_k5_lazy_c1.raw.txt
?? morsehgp3D_v7/receipts/full_gabriel_first_c_qualification_20260905/inputs/k5/n8_s12_k5_lazy_c1/n8_s12_k5_lazy_c1.receipt.json
?? morsehgp3D_v7/receipts/full_gabriel_first_c_qualification_20260905/inputs/k5/n8_s12_k5_lazy_c1000000/n8_s12_k5_lazy_c1000000.raw.txt
?? morsehgp3D_v7/receipts/full_gabriel_first_c_qualification_20260905/inputs/k5/n8_s12_k5_lazy_c1000000/n8_s12_k5_lazy_c1000000.receipt.json
?? morsehgp3D_v7/receipts/full_gabriel_first_c_qualification_20260905/inputs/k5/n8_s8_k5_eager_c0/n8_s8_k5_eager_c0.raw.txt
?? morsehgp3D_v7/receipts/full_gabriel_first_c_qualification_20260905/inputs/k5/n8_s8_k5_eager_c0/n8_s8_k5_eager_c0.receipt.json
?? morsehgp3D_v7/receipts/full_gabriel_first_c_qualification_20260905/inputs/k5/n8_s8_k5_lazy_c0/n8_s8_k5_lazy_c0.raw.txt
?? morsehgp3D_v7/receipts/full_gabriel_first_c_qualification_20260905/inputs/k5/n8_s8_k5_lazy_c0/n8_s8_k5_lazy_c0.receipt.json
?? morsehgp3D_v7/receipts/full_gabriel_first_c_qualification_20260905/inputs/k5/n8_s8_k5_lazy_c1/n8_s8_k5_lazy_c1.raw.txt
?? morsehgp3D_v7/receipts/full_gabriel_first_c_qualification_20260905/inputs/k5/n8_s8_k5_lazy_c1/n8_s8_k5_lazy_c1.receipt.json
?? morsehgp3D_v7/receipts/full_gabriel_first_c_qualification_20260905/inputs/k5/n8_s8_k5_lazy_c1000000/n8_s8_k5_lazy_c1000000.raw.txt
?? morsehgp3D_v7/receipts/full_gabriel_first_c_qualification_20260905/inputs/k5/n8_s8_k5_lazy_c1000000/n8_s8_k5_lazy_c1000000.receipt.json
?? morsehgp3D_v7/receipts/full_gabriel_first_c_qualification_20260905/intent.json
?? morsehgp3D_v7/receipts/full_gabriel_first_c_qualification_20260905/manifest.json
?? morsehgp3D_v7/receipts/full_gabriel_first_c_qualification_20260905/micro_admission_receipt.json
?? morsehgp3D_v7/receipts/full_gabriel_first_c_qualification_20260905/protocol/check.py
?? morsehgp3D_v7/receipts/full_gabriel_first_c_qualification_20260905/protocol/first_c_audit.py
?? morsehgp3D_v7/receipts/full_gabriel_first_c_qualification_20260905/protocol/v2_audit.py
?? morsehgp3D_v7/receipts/full_gabriel_first_c_qualification_20260905/receipt.json
?? morsehgp3D_v7/receipts/full_gabriel_lazy_20260905/README.md
?? morsehgp3D_v7/receipts/full_gabriel_lazy_20260905/SHA256SUMS
?? morsehgp3D_v7/receipts/full_gabriel_lazy_20260905/capture/SHA256SUMS
?? morsehgp3D_v7/receipts/full_gabriel_lazy_20260905/capture/boost_dependency_binding.json
?? morsehgp3D_v7/receipts/full_gabriel_lazy_20260905/capture/boost_precheck_dependencies.stdout
?? morsehgp3D_v7/receipts/full_gabriel_lazy_20260905/capture/cmake_version.command.json
?? morsehgp3D_v7/receipts/full_gabriel_lazy_20260905/capture/cmake_version.intent.json
?? morsehgp3D_v7/receipts/full_gabriel_lazy_20260905/capture/cmake_version.stderr
?? morsehgp3D_v7/receipts/full_gabriel_lazy_20260905/capture/cmake_version.stdout
?? morsehgp3D_v7/receipts/full_gabriel_lazy_20260905/capture/compiler_cc1plus.command.json
?? morsehgp3D_v7/receipts/full_gabriel_lazy_20260905/capture/compiler_cc1plus.intent.json
?? morsehgp3D_v7/receipts/full_gabriel_lazy_20260905/capture/compiler_cc1plus.stderr
?? morsehgp3D_v7/receipts/full_gabriel_lazy_20260905/capture/compiler_cc1plus.stdout
?? morsehgp3D_v7/receipts/full_gabriel_lazy_20260905/capture/compiler_target.command.json
?? morsehgp3D_v7/receipts/full_gabriel_lazy_20260905/capture/compiler_target.intent.json
?? morsehgp3D_v7/receipts/full_gabriel_lazy_20260905/capture/compiler_target.stderr
?? morsehgp3D_v7/receipts/full_gabriel_lazy_20260905/capture/compiler_target.stdout
?? morsehgp3D_v7/receipts/full_gabriel_lazy_20260905/capture/compiler_version.command.json
?? morsehgp3D_v7/receipts/full_gabriel_lazy_20260905/capture/compiler_version.intent.json
?? morsehgp3D_v7/receipts/full_gabriel_lazy_20260905/capture/compiler_version.stderr
?? morsehgp3D_v7/receipts/full_gabriel_lazy_20260905/capture/compiler_version.stdout
?? morsehgp3D_v7/receipts/full_gabriel_lazy_20260905/capture/controller_binding.json
?? morsehgp3D_v7/receipts/full_gabriel_lazy_20260905/capture/ctest_version.command.json
?? morsehgp3D_v7/receipts/full_gabriel_lazy_20260905/capture/ctest_version.intent.json
?? morsehgp3D_v7/receipts/full_gabriel_lazy_20260905/capture/ctest_version.stderr
?? morsehgp3D_v7/receipts/full_gabriel_lazy_20260905/capture/ctest_version.stdout
?? morsehgp3D_v7/receipts/full_gabriel_lazy_20260905/capture/git_head_after.command.json
?? morsehgp3D_v7/receipts/full_gabriel_lazy_20260905/capture/git_head_after.intent.json
?? morsehgp3D_v7/receipts/full_gabriel_lazy_20260905/capture/git_head_after.stderr
?? morsehgp3D_v7/receipts/full_gabriel_lazy_20260905/capture/git_head_after.stdout
?? morsehgp3D_v7/receipts/full_gabriel_lazy_20260905/capture/git_head_before.command.json
?? morsehgp3D_v7/receipts/full_gabriel_lazy_20260905/capture/git_head_before.intent.json
?? morsehgp3D_v7/receipts/full_gabriel_lazy_20260905/capture/git_head_before.stderr
?? morsehgp3D_v7/receipts/full_gabriel_lazy_20260905/capture/git_head_before.stdout
?? morsehgp3D_v7/receipts/full_gabriel_lazy_20260905/capture/git_status_after.command.json
?? morsehgp3D_v7/receipts/full_gabriel_lazy_20260905/capture/git_status_after.intent.json
?? morsehgp3D_v7/receipts/full_gabriel_lazy_20260905/capture/git_status_after.stderr
?? morsehgp3D_v7/receipts/full_gabriel_lazy_20260905/capture/git_status_after.stdout
?? morsehgp3D_v7/receipts/full_gabriel_lazy_20260905/capture/git_status_before.command.json
?? morsehgp3D_v7/receipts/full_gabriel_lazy_20260905/capture/git_status_before.intent.json
?? morsehgp3D_v7/receipts/full_gabriel_lazy_20260905/capture/git_status_before.stderr
?? morsehgp3D_v7/receipts/full_gabriel_lazy_20260905/capture/git_status_before.stdout
?? morsehgp3D_v7/receipts/full_gabriel_lazy_20260905/capture/host_after.json
?? morsehgp3D_v7/receipts/full_gabriel_lazy_20260905/capture/host_before.json
?? morsehgp3D_v7/receipts/full_gabriel_lazy_20260905/capture/make_version.command.json
?? morsehgp3D_v7/receipts/full_gabriel_lazy_20260905/capture/make_version.intent.json
?? morsehgp3D_v7/receipts/full_gabriel_lazy_20260905/capture/make_version.stderr
?? morsehgp3D_v7/receipts/full_gabriel_lazy_20260905/capture/make_version.stdout
?? morsehgp3D_v7/receipts/full_gabriel_lazy_20260905/capture/manifest.json
?? morsehgp3D_v7/receipts/full_gabriel_lazy_20260905/capture/receipt.json
?? morsehgp3D_v7/receipts/full_gabriel_lazy_20260905/capture/release/JUnit.stdout
?? morsehgp3D_v7/receipts/full_gabriel_lazy_20260905/capture/release/LastTest.preexisting.stdout
?? morsehgp3D_v7/receipts/full_gabriel_lazy_20260905/capture/release/LastTest.prestate.json
?? morsehgp3D_v7/receipts/full_gabriel_lazy_20260905/capture/release/LastTest.stdout
?? morsehgp3D_v7/receipts/full_gabriel_lazy_20260905/capture/release/binaries_after.json
?? morsehgp3D_v7/receipts/full_gabriel_lazy_20260905/capture/release/binaries_after_build.json
?? morsehgp3D_v7/receipts/full_gabriel_lazy_20260905/capture/release/binaries_before_ctest.json
?? morsehgp3D_v7/receipts/full_gabriel_lazy_20260905/capture/release/build.command.json
?? morsehgp3D_v7/receipts/full_gabriel_lazy_20260905/capture/release/build.intent.json
?? morsehgp3D_v7/receipts/full_gabriel_lazy_20260905/capture/release/build.stderr
?? morsehgp3D_v7/receipts/full_gabriel_lazy_20260905/capture/release/build.stdout
?? morsehgp3D_v7/receipts/full_gabriel_lazy_20260905/capture/release/build_artifact_copies.json
?? morsehgp3D_v7/receipts/full_gabriel_lazy_20260905/capture/release/build_artifacts.json
?? morsehgp3D_v7/receipts/full_gabriel_lazy_20260905/capture/release/build_artifacts/CMakeFiles__mhgp7_full_certificate_gate.dir__build.make
?? morsehgp3D_v7/receipts/full_gabriel_lazy_20260905/capture/release/build_artifacts/CMakeFiles__mhgp7_full_certificate_gate.dir__flags.make
?? morsehgp3D_v7/receipts/full_gabriel_lazy_20260905/capture/release/build_artifacts/CMakeFiles__mhgp7_full_certificate_gate.dir__link.txt
?? morsehgp3D_v7/receipts/full_gabriel_lazy_20260905/capture/release/build_artifacts/CMakeFiles__mhgp7_full_certificate_gate.dir__tests__full_certificate_gate.cpp.o.d
?? morsehgp3D_v7/receipts/full_gabriel_lazy_20260905/capture/release/build_artifacts/CMakeFiles__mhgp7_full_gabriel_allocation_gate.dir__build.make
?? morsehgp3D_v7/receipts/full_gabriel_lazy_20260905/capture/release/build_artifacts/CMakeFiles__mhgp7_full_gabriel_allocation_gate.dir__flags.make
?? morsehgp3D_v7/receipts/full_gabriel_lazy_20260905/capture/release/build_artifacts/CMakeFiles__mhgp7_full_gabriel_allocation_gate.dir__link.txt
?? morsehgp3D_v7/receipts/full_gabriel_lazy_20260905/capture/release/build_artifacts/CMakeFiles__mhgp7_full_gabriel_allocation_gate.dir__tests__full_gabriel_allocation_gate.cpp.o.d
?? morsehgp3D_v7/receipts/full_gabriel_lazy_20260905/capture/release/build_artifacts/CMakeFiles__mhgp7_full_gabriel_digest_gate.dir__build.make
?? morsehgp3D_v7/receipts/full_gabriel_lazy_20260905/capture/release/build_artifacts/CMakeFiles__mhgp7_full_gabriel_digest_gate.dir__flags.make
?? morsehgp3D_v7/receipts/full_gabriel_lazy_20260905/capture/release/build_artifacts/CMakeFiles__mhgp7_full_gabriel_digest_gate.dir__link.txt
?? morsehgp3D_v7/receipts/full_gabriel_lazy_20260905/capture/release/build_artifacts/CMakeFiles__mhgp7_full_gabriel_digest_gate.dir__tests__full_gabriel_digest_gate.cpp.o.d
?? morsehgp3D_v7/receipts/full_gabriel_lazy_20260905/capture/release/build_artifacts/CMakeFiles__mhgp7_full_gabriel_gate.dir__build.make
?? morsehgp3D_v7/receipts/full_gabriel_lazy_20260905/capture/release/build_artifacts/CMakeFiles__mhgp7_full_gabriel_gate.dir__flags.make
?? morsehgp3D_v7/receipts/full_gabriel_lazy_20260905/capture/release/build_artifacts/CMakeFiles__mhgp7_full_gabriel_gate.dir__link.txt
?? morsehgp3D_v7/receipts/full_gabriel_lazy_20260905/capture/release/build_artifacts/CMakeFiles__mhgp7_full_gabriel_gate.dir__tests__full_gabriel_gate.cpp.o.d
?? morsehgp3D_v7/receipts/full_gabriel_lazy_20260905/capture/release/build_artifacts/CMakeFiles__mhgp7_full_gabriel_lazy_allocation_gate.dir__build.make
?? morsehgp3D_v7/receipts/full_gabriel_lazy_20260905/capture/release/build_artifacts/CMakeFiles__mhgp7_full_gabriel_lazy_allocation_gate.dir__flags.make
?? morsehgp3D_v7/receipts/full_gabriel_lazy_20260905/capture/release/build_artifacts/CMakeFiles__mhgp7_full_gabriel_lazy_allocation_gate.dir__link.txt
?? morsehgp3D_v7/receipts/full_gabriel_lazy_20260905/capture/release/build_artifacts/CMakeFiles__mhgp7_full_gabriel_lazy_allocation_gate.dir__tests__full_gabriel_lazy_allocation_gate.cpp.o.d
?? morsehgp3D_v7/receipts/full_gabriel_lazy_20260905/capture/release/build_artifacts/CMakeFiles__mhgp7_full_gabriel_lazy_gate.dir__build.make
?? morsehgp3D_v7/receipts/full_gabriel_lazy_20260905/capture/release/build_artifacts/CMakeFiles__mhgp7_full_gabriel_lazy_gate.dir__flags.make
?? morsehgp3D_v7/receipts/full_gabriel_lazy_20260905/capture/release/build_artifacts/CMakeFiles__mhgp7_full_gabriel_lazy_gate.dir__link.txt
?? morsehgp3D_v7/receipts/full_gabriel_lazy_20260905/capture/release/build_artifacts/CMakeFiles__mhgp7_full_gabriel_lazy_gate.dir__tests__full_gabriel_lazy_gate.cpp.o.d
?? morsehgp3D_v7/receipts/full_gabriel_lazy_20260905/capture/release/compile_binding.json
?? morsehgp3D_v7/receipts/full_gabriel_lazy_20260905/capture/release/compile_binding_after.json
?? morsehgp3D_v7/receipts/full_gabriel_lazy_20260905/capture/release/compile_binding_before_ctest.json
?? morsehgp3D_v7/receipts/full_gabriel_lazy_20260905/capture/release/configure.command.json
?? morsehgp3D_v7/receipts/full_gabriel_lazy_20260905/capture/release/configure.intent.json
?? morsehgp3D_v7/receipts/full_gabriel_lazy_20260905/capture/release/configure.stderr
?? morsehgp3D_v7/receipts/full_gabriel_lazy_20260905/capture/release/configure.stdout
?? morsehgp3D_v7/receipts/full_gabriel_lazy_20260905/capture/release/ctest.command.json
?? morsehgp3D_v7/receipts/full_gabriel_lazy_20260905/capture/release/ctest.fence
?? morsehgp3D_v7/receipts/full_gabriel_lazy_20260905/capture/release/ctest.fence.json
?? morsehgp3D_v7/receipts/full_gabriel_lazy_20260905/capture/release/ctest.intent.json
?? morsehgp3D_v7/receipts/full_gabriel_lazy_20260905/capture/release/ctest.junit.xml
?? morsehgp3D_v7/receipts/full_gabriel_lazy_20260905/capture/release/ctest.stderr
?? morsehgp3D_v7/receipts/full_gabriel_lazy_20260905/capture/release/ctest.stdout
?? morsehgp3D_v7/receipts/full_gabriel_lazy_20260905/capture/release/environment.json
?? morsehgp3D_v7/receipts/full_gabriel_lazy_20260905/capture/release/host_after.json
?? morsehgp3D_v7/receipts/full_gabriel_lazy_20260905/capture/release/host_before.json
?? morsehgp3D_v7/receipts/full_gabriel_lazy_20260905/capture/release/inventory.command.json
?? morsehgp3D_v7/receipts/full_gabriel_lazy_20260905/capture/release/inventory.intent.json
?? morsehgp3D_v7/receipts/full_gabriel_lazy_20260905/capture/release/inventory.stderr
?? morsehgp3D_v7/receipts/full_gabriel_lazy_20260905/capture/release/inventory.stdout
?? morsehgp3D_v7/receipts/full_gabriel_lazy_20260905/capture/release/sources_after.json
?? morsehgp3D_v7/receipts/full_gabriel_lazy_20260905/capture/release/sources_before.json
?? morsehgp3D_v7/receipts/full_gabriel_lazy_20260905/capture/release/sources_before_ctest.json
?? morsehgp3D_v7/receipts/full_gabriel_lazy_20260905/capture/release/summary.json
?? morsehgp3D_v7/receipts/full_gabriel_lazy_20260905/capture/release/test_output_copies.json
?? morsehgp3D_v7/receipts/full_gabriel_lazy_20260905/capture/release/test_outputs.json
?? morsehgp3D_v7/receipts/full_gabriel_lazy_20260905/capture/release/toolchain_after.json
?? morsehgp3D_v7/receipts/full_gabriel_lazy_20260905/capture/repository_observation.json
?? morsehgp3D_v7/receipts/full_gabriel_lazy_20260905/capture/san/JUnit.stdout
?? morsehgp3D_v7/receipts/full_gabriel_lazy_20260905/capture/san/LastTest.preexisting.stdout
?? morsehgp3D_v7/receipts/full_gabriel_lazy_20260905/capture/san/LastTest.prestate.json
?? morsehgp3D_v7/receipts/full_gabriel_lazy_20260905/capture/san/LastTest.stdout
?? morsehgp3D_v7/receipts/full_gabriel_lazy_20260905/capture/san/binaries_after.json
?? morsehgp3D_v7/receipts/full_gabriel_lazy_20260905/capture/san/binaries_after_build.json
?? morsehgp3D_v7/receipts/full_gabriel_lazy_20260905/capture/san/binaries_before_ctest.json
?? morsehgp3D_v7/receipts/full_gabriel_lazy_20260905/capture/san/build.command.json
?? morsehgp3D_v7/receipts/full_gabriel_lazy_20260905/capture/san/build.intent.json
?? morsehgp3D_v7/receipts/full_gabriel_lazy_20260905/capture/san/build.stderr
?? morsehgp3D_v7/receipts/full_gabriel_lazy_20260905/capture/san/build.stdout
?? morsehgp3D_v7/receipts/full_gabriel_lazy_20260905/capture/san/build_artifact_copies.json
?? morsehgp3D_v7/receipts/full_gabriel_lazy_20260905/capture/san/build_artifacts.json
?? morsehgp3D_v7/receipts/full_gabriel_lazy_20260905/capture/san/build_artifacts/CMakeFiles__mhgp7_full_certificate_gate.dir__build.make
?? morsehgp3D_v7/receipts/full_gabriel_lazy_20260905/capture/san/build_artifacts/CMakeFiles__mhgp7_full_certificate_gate.dir__flags.make
?? morsehgp3D_v7/receipts/full_gabriel_lazy_20260905/capture/san/build_artifacts/CMakeFiles__mhgp7_full_certificate_gate.dir__link.txt
?? morsehgp3D_v7/receipts/full_gabriel_lazy_20260905/capture/san/build_artifacts/CMakeFiles__mhgp7_full_certificate_gate.dir__tests__full_certificate_gate.cpp.o.d
?? morsehgp3D_v7/receipts/full_gabriel_lazy_20260905/capture/san/build_artifacts/CMakeFiles__mhgp7_full_gabriel_allocation_gate.dir__build.make
?? morsehgp3D_v7/receipts/full_gabriel_lazy_20260905/capture/san/build_artifacts/CMakeFiles__mhgp7_full_gabriel_allocation_gate.dir__flags.make
?? morsehgp3D_v7/receipts/full_gabriel_lazy_20260905/capture/san/build_artifacts/CMakeFiles__mhgp7_full_gabriel_allocation_gate.dir__link.txt
?? morsehgp3D_v7/receipts/full_gabriel_lazy_20260905/capture/san/build_artifacts/CMakeFiles__mhgp7_full_gabriel_allocation_gate.dir__tests__full_gabriel_allocation_gate.cpp.o.d
?? morsehgp3D_v7/receipts/full_gabriel_lazy_20260905/capture/san/build_artifacts/CMakeFiles__mhgp7_full_gabriel_digest_gate.dir__build.make
?? morsehgp3D_v7/receipts/full_gabriel_lazy_20260905/capture/san/build_artifacts/CMakeFiles__mhgp7_full_gabriel_digest_gate.dir__flags.make
?? morsehgp3D_v7/receipts/full_gabriel_lazy_20260905/capture/san/build_artifacts/CMakeFiles__mhgp7_full_gabriel_digest_gate.dir__link.txt
?? morsehgp3D_v7/receipts/full_gabriel_lazy_20260905/capture/san/build_artifacts/CMakeFiles__mhgp7_full_gabriel_digest_gate.dir__tests__full_gabriel_digest_gate.cpp.o.d
?? morsehgp3D_v7/receipts/full_gabriel_lazy_20260905/capture/san/build_artifacts/CMakeFiles__mhgp7_full_gabriel_gate.dir__build.make
?? morsehgp3D_v7/receipts/full_gabriel_lazy_20260905/capture/san/build_artifacts/CMakeFiles__mhgp7_full_gabriel_gate.dir__flags.make
?? morsehgp3D_v7/receipts/full_gabriel_lazy_20260905/capture/san/build_artifacts/CMakeFiles__mhgp7_full_gabriel_gate.dir__link.txt
?? morsehgp3D_v7/receipts/full_gabriel_lazy_20260905/capture/san/build_artifacts/CMakeFiles__mhgp7_full_gabriel_gate.dir__tests__full_gabriel_gate.cpp.o.d
?? morsehgp3D_v7/receipts/full_gabriel_lazy_20260905/capture/san/build_artifacts/CMakeFiles__mhgp7_full_gabriel_lazy_allocation_gate.dir__build.make
?? morsehgp3D_v7/receipts/full_gabriel_lazy_20260905/capture/san/build_artifacts/CMakeFiles__mhgp7_full_gabriel_lazy_allocation_gate.dir__flags.make
?? morsehgp3D_v7/receipts/full_gabriel_lazy_20260905/capture/san/build_artifacts/CMakeFiles__mhgp7_full_gabriel_lazy_allocation_gate.dir__link.txt
?? morsehgp3D_v7/receipts/full_gabriel_lazy_20260905/capture/san/build_artifacts/CMakeFiles__mhgp7_full_gabriel_lazy_allocation_gate.dir__tests__full_gabriel_lazy_allocation_gate.cpp.o.d
?? morsehgp3D_v7/receipts/full_gabriel_lazy_20260905/capture/san/build_artifacts/CMakeFiles__mhgp7_full_gabriel_lazy_gate.dir__build.make
?? morsehgp3D_v7/receipts/full_gabriel_lazy_20260905/capture/san/build_artifacts/CMakeFiles__mhgp7_full_gabriel_lazy_gate.dir__flags.make
?? morsehgp3D_v7/receipts/full_gabriel_lazy_20260905/capture/san/build_artifacts/CMakeFiles__mhgp7_full_gabriel_lazy_gate.dir__link.txt
?? morsehgp3D_v7/receipts/full_gabriel_lazy_20260905/capture/san/build_artifacts/CMakeFiles__mhgp7_full_gabriel_lazy_gate.dir__tests__full_gabriel_lazy_gate.cpp.o.d
?? morsehgp3D_v7/receipts/full_gabriel_lazy_20260905/capture/san/compile_binding.json
?? morsehgp3D_v7/receipts/full_gabriel_lazy_20260905/capture/san/compile_binding_after.json
?? morsehgp3D_v7/receipts/full_gabriel_lazy_20260905/capture/san/compile_binding_before_ctest.json
?? morsehgp3D_v7/receipts/full_gabriel_lazy_20260905/capture/san/configure.command.json
?? morsehgp3D_v7/receipts/full_gabriel_lazy_20260905/capture/san/configure.intent.json
?? morsehgp3D_v7/receipts/full_gabriel_lazy_20260905/capture/san/configure.stderr
?? morsehgp3D_v7/receipts/full_gabriel_lazy_20260905/capture/san/configure.stdout
?? morsehgp3D_v7/receipts/full_gabriel_lazy_20260905/capture/san/ctest.command.json
?? morsehgp3D_v7/receipts/full_gabriel_lazy_20260905/capture/san/ctest.fence
?? morsehgp3D_v7/receipts/full_gabriel_lazy_20260905/capture/san/ctest.fence.json
?? morsehgp3D_v7/receipts/full_gabriel_lazy_20260905/capture/san/ctest.intent.json
?? morsehgp3D_v7/receipts/full_gabriel_lazy_20260905/capture/san/ctest.junit.xml
?? morsehgp3D_v7/receipts/full_gabriel_lazy_20260905/capture/san/ctest.stderr
?? morsehgp3D_v7/receipts/full_gabriel_lazy_20260905/capture/san/ctest.stdout
?? morsehgp3D_v7/receipts/full_gabriel_lazy_20260905/capture/san/environment.json
?? morsehgp3D_v7/receipts/full_gabriel_lazy_20260905/capture/san/host_after.json
?? morsehgp3D_v7/receipts/full_gabriel_lazy_20260905/capture/san/host_before.json
?? morsehgp3D_v7/receipts/full_gabriel_lazy_20260905/capture/san/inventory.command.json
?? morsehgp3D_v7/receipts/full_gabriel_lazy_20260905/capture/san/inventory.intent.json
?? morsehgp3D_v7/receipts/full_gabriel_lazy_20260905/capture/san/inventory.stderr
?? morsehgp3D_v7/receipts/full_gabriel_lazy_20260905/capture/san/inventory.stdout
?? morsehgp3D_v7/receipts/full_gabriel_lazy_20260905/capture/san/sources_after.json
?? morsehgp3D_v7/receipts/full_gabriel_lazy_20260905/capture/san/sources_before.json
?? morsehgp3D_v7/receipts/full_gabriel_lazy_20260905/capture/san/sources_before_ctest.json
?? morsehgp3D_v7/receipts/full_gabriel_lazy_20260905/capture/san/summary.json
?? morsehgp3D_v7/receipts/full_gabriel_lazy_20260905/capture/san/test_output_copies.json
?? morsehgp3D_v7/receipts/full_gabriel_lazy_20260905/capture/san/test_outputs.json
?? morsehgp3D_v7/receipts/full_gabriel_lazy_20260905/capture/san/toolchain_after.json
?? morsehgp3D_v7/receipts/full_gabriel_lazy_20260905/capture/sources_after.json
?? morsehgp3D_v7/receipts/full_gabriel_lazy_20260905/capture/sources_before.json
?? morsehgp3D_v7/receipts/full_gabriel_lazy_20260905/capture/toolchain_after.json
?? morsehgp3D_v7/receipts/full_gabriel_lazy_20260905/capture/toolchain_before.json
?? morsehgp3D_v7/receipts/full_gabriel_lazy_20260905/capture/toolchain_commands.json
?? morsehgp3D_v7/receipts/full_gabriel_lazy_20260905/manifest.json
?? morsehgp3D_v7/receipts/full_gabriel_lazy_20260905/protocol/capture.py
?? morsehgp3D_v7/receipts/full_gabriel_lazy_20260905/protocol/check_v7_receipt_publication.py
?? morsehgp3D_v7/receipts/full_gabriel_lazy_20260905/protocol/publish.py
?? morsehgp3D_v7/receipts/full_gabriel_lazy_20260905/provenance.json
?? morsehgp3D_v7/receipts/full_gabriel_lazy_20260905/qualification.json
?? morsehgp3D_v7/receipts/full_gabriel_lazy_interrupted_20260905/README.md
?? morsehgp3D_v7/receipts/full_gabriel_lazy_interrupted_20260905/SHA256SUMS
?? morsehgp3D_v7/receipts/full_gabriel_lazy_interrupted_20260905/capture/admission.json
?? morsehgp3D_v7/receipts/full_gabriel_lazy_interrupted_20260905/capture/compiler_version.command.json
?? morsehgp3D_v7/receipts/full_gabriel_lazy_interrupted_20260905/capture/compiler_version.intent.json
?? morsehgp3D_v7/receipts/full_gabriel_lazy_interrupted_20260905/capture/compiler_version.stderr
?? morsehgp3D_v7/receipts/full_gabriel_lazy_interrupted_20260905/capture/compiler_version.stdout
?? morsehgp3D_v7/receipts/full_gabriel_lazy_interrupted_20260905/capture/head.command.json
?? morsehgp3D_v7/receipts/full_gabriel_lazy_interrupted_20260905/capture/head.intent.json
?? morsehgp3D_v7/receipts/full_gabriel_lazy_interrupted_20260905/capture/head.stderr
?? morsehgp3D_v7/receipts/full_gabriel_lazy_interrupted_20260905/capture/head.stdout
?? morsehgp3D_v7/receipts/full_gabriel_lazy_interrupted_20260905/capture/host.json
?? morsehgp3D_v7/receipts/full_gabriel_lazy_interrupted_20260905/capture/n8000_s8_k10_eager_c0.command.json
?? morsehgp3D_v7/receipts/full_gabriel_lazy_interrupted_20260905/capture/n8000_s8_k10_eager_c0.intent.json
?? morsehgp3D_v7/receipts/full_gabriel_lazy_interrupted_20260905/capture/n8000_s8_k10_eager_c0.judge_normal.command.json
?? morsehgp3D_v7/receipts/full_gabriel_lazy_interrupted_20260905/capture/n8000_s8_k10_eager_c0.judge_normal.intent.json
?? morsehgp3D_v7/receipts/full_gabriel_lazy_interrupted_20260905/capture/n8000_s8_k10_eager_c0.judge_normal.stderr
?? morsehgp3D_v7/receipts/full_gabriel_lazy_interrupted_20260905/capture/n8000_s8_k10_eager_c0.judge_normal.stdout
?? morsehgp3D_v7/receipts/full_gabriel_lazy_interrupted_20260905/capture/n8000_s8_k10_eager_c0.judge_optimized.command.json
?? morsehgp3D_v7/receipts/full_gabriel_lazy_interrupted_20260905/capture/n8000_s8_k10_eager_c0.judge_optimized.intent.json
?? morsehgp3D_v7/receipts/full_gabriel_lazy_interrupted_20260905/capture/n8000_s8_k10_eager_c0.judge_optimized.stderr
?? morsehgp3D_v7/receipts/full_gabriel_lazy_interrupted_20260905/capture/n8000_s8_k10_eager_c0.judge_optimized.stdout
?? morsehgp3D_v7/receipts/full_gabriel_lazy_interrupted_20260905/capture/n8000_s8_k10_eager_c0.raw.txt
?? morsehgp3D_v7/receipts/full_gabriel_lazy_interrupted_20260905/capture/n8000_s8_k10_eager_c0.receipt.json
?? morsehgp3D_v7/receipts/full_gabriel_lazy_interrupted_20260905/capture/n8000_s8_k10_eager_c0.sources_after.json
?? morsehgp3D_v7/receipts/full_gabriel_lazy_interrupted_20260905/capture/n8000_s8_k10_eager_c0.sources_before.json
?? morsehgp3D_v7/receipts/full_gabriel_lazy_interrupted_20260905/capture/n8000_s8_k10_eager_c0.verdict.json
?? morsehgp3D_v7/receipts/full_gabriel_lazy_interrupted_20260905/capture/n8000_s8_k10_lazy_c1000000.intent.json
?? morsehgp3D_v7/receipts/full_gabriel_lazy_interrupted_20260905/capture/n8000_s8_k10_lazy_c1000000.raw.txt
?? morsehgp3D_v7/receipts/full_gabriel_lazy_interrupted_20260905/capture/n8000_s8_k10_lazy_c1000000.sources_before.json
?? morsehgp3D_v7/receipts/full_gabriel_lazy_interrupted_20260905/capture/protocol.json
?? morsehgp3D_v7/receipts/full_gabriel_lazy_interrupted_20260905/capture/receipt.json
?? morsehgp3D_v7/receipts/full_gabriel_lazy_interrupted_20260905/capture/session.lock
?? morsehgp3D_v7/receipts/full_gabriel_lazy_interrupted_20260905/capture/sources_after.json
?? morsehgp3D_v7/receipts/full_gabriel_lazy_interrupted_20260905/capture/sources_before.json
?? morsehgp3D_v7/receipts/full_gabriel_lazy_interrupted_20260905/capture/worktree.command.json
?? morsehgp3D_v7/receipts/full_gabriel_lazy_interrupted_20260905/capture/worktree.intent.json
?? morsehgp3D_v7/receipts/full_gabriel_lazy_interrupted_20260905/capture/worktree.stderr
?? morsehgp3D_v7/receipts/full_gabriel_lazy_interrupted_20260905/capture/worktree.stdout
?? morsehgp3D_v7/receipts/full_gabriel_lazy_interrupted_20260905/manifest.json
?? morsehgp3D_v7/receipts/full_gabriel_lazy_interrupted_20260905/protocol/capture.py
?? morsehgp3D_v7/receipts/full_gabriel_lazy_interrupted_20260905/protocol/check_v7_receipt_publication.py
?? morsehgp3D_v7/receipts/full_gabriel_lazy_interrupted_20260905/protocol/probe_audit.py
?? morsehgp3D_v7/receipts/full_gabriel_lazy_interrupted_20260905/protocol/publication_common.py
?? morsehgp3D_v7/receipts/full_gabriel_lazy_interrupted_20260905/protocol/publish.py
?? morsehgp3D_v7/receipts/full_gabriel_lazy_interrupted_20260905/publication.json
?? morsehgp3D_v7/receipts/full_gabriel_lazy_probe_20260905/README.md
?? morsehgp3D_v7/receipts/full_gabriel_lazy_probe_20260905/SHA256SUMS
?? morsehgp3D_v7/receipts/full_gabriel_lazy_probe_20260905/manifest.json
?? morsehgp3D_v7/receipts/full_gabriel_lazy_probe_20260905/micro/compiler_version.command.json
?? morsehgp3D_v7/receipts/full_gabriel_lazy_probe_20260905/micro/compiler_version.intent.json
?? morsehgp3D_v7/receipts/full_gabriel_lazy_probe_20260905/micro/compiler_version.stderr
?? morsehgp3D_v7/receipts/full_gabriel_lazy_probe_20260905/micro/compiler_version.stdout
?? morsehgp3D_v7/receipts/full_gabriel_lazy_probe_20260905/micro/digest_selftest.command.json
?? morsehgp3D_v7/receipts/full_gabriel_lazy_probe_20260905/micro/digest_selftest.intent.json
?? morsehgp3D_v7/receipts/full_gabriel_lazy_probe_20260905/micro/digest_selftest.stderr
?? morsehgp3D_v7/receipts/full_gabriel_lazy_probe_20260905/micro/digest_selftest.stdout
?? morsehgp3D_v7/receipts/full_gabriel_lazy_probe_20260905/micro/head.command.json
?? morsehgp3D_v7/receipts/full_gabriel_lazy_probe_20260905/micro/head.intent.json
?? morsehgp3D_v7/receipts/full_gabriel_lazy_probe_20260905/micro/head.stderr
?? morsehgp3D_v7/receipts/full_gabriel_lazy_probe_20260905/micro/head.stdout
?? morsehgp3D_v7/receipts/full_gabriel_lazy_probe_20260905/micro/host.json
?? morsehgp3D_v7/receipts/full_gabriel_lazy_probe_20260905/micro/k10/n8_s10_k10_eager_c0.command.json
?? morsehgp3D_v7/receipts/full_gabriel_lazy_probe_20260905/micro/k10/n8_s10_k10_eager_c0.intent.json
?? morsehgp3D_v7/receipts/full_gabriel_lazy_probe_20260905/micro/k10/n8_s10_k10_eager_c0.judge_normal.command.json
?? morsehgp3D_v7/receipts/full_gabriel_lazy_probe_20260905/micro/k10/n8_s10_k10_eager_c0.judge_normal.intent.json
?? morsehgp3D_v7/receipts/full_gabriel_lazy_probe_20260905/micro/k10/n8_s10_k10_eager_c0.judge_normal.stderr
?? morsehgp3D_v7/receipts/full_gabriel_lazy_probe_20260905/micro/k10/n8_s10_k10_eager_c0.judge_normal.stdout
?? morsehgp3D_v7/receipts/full_gabriel_lazy_probe_20260905/micro/k10/n8_s10_k10_eager_c0.judge_optimized.command.json
?? morsehgp3D_v7/receipts/full_gabriel_lazy_probe_20260905/micro/k10/n8_s10_k10_eager_c0.judge_optimized.intent.json
?? morsehgp3D_v7/receipts/full_gabriel_lazy_probe_20260905/micro/k10/n8_s10_k10_eager_c0.judge_optimized.stderr
?? morsehgp3D_v7/receipts/full_gabriel_lazy_probe_20260905/micro/k10/n8_s10_k10_eager_c0.judge_optimized.stdout
?? morsehgp3D_v7/receipts/full_gabriel_lazy_probe_20260905/micro/k10/n8_s10_k10_eager_c0.raw.txt
?? morsehgp3D_v7/receipts/full_gabriel_lazy_probe_20260905/micro/k10/n8_s10_k10_eager_c0.receipt.json
?? morsehgp3D_v7/receipts/full_gabriel_lazy_probe_20260905/micro/k10/n8_s10_k10_eager_c0.sources_after.json
?? morsehgp3D_v7/receipts/full_gabriel_lazy_probe_20260905/micro/k10/n8_s10_k10_eager_c0.sources_before.json
?? morsehgp3D_v7/receipts/full_gabriel_lazy_probe_20260905/micro/k10/n8_s10_k10_eager_c0.verdict.json
?? morsehgp3D_v7/receipts/full_gabriel_lazy_probe_20260905/micro/k10/n8_s10_k10_lazy_c0.command.json
?? morsehgp3D_v7/receipts/full_gabriel_lazy_probe_20260905/micro/k10/n8_s10_k10_lazy_c0.intent.json
?? morsehgp3D_v7/receipts/full_gabriel_lazy_probe_20260905/micro/k10/n8_s10_k10_lazy_c0.judge_normal.command.json
?? morsehgp3D_v7/receipts/full_gabriel_lazy_probe_20260905/micro/k10/n8_s10_k10_lazy_c0.judge_normal.intent.json
?? morsehgp3D_v7/receipts/full_gabriel_lazy_probe_20260905/micro/k10/n8_s10_k10_lazy_c0.judge_normal.stderr
?? morsehgp3D_v7/receipts/full_gabriel_lazy_probe_20260905/micro/k10/n8_s10_k10_lazy_c0.judge_normal.stdout
?? morsehgp3D_v7/receipts/full_gabriel_lazy_probe_20260905/micro/k10/n8_s10_k10_lazy_c0.judge_optimized.command.json
?? morsehgp3D_v7/receipts/full_gabriel_lazy_probe_20260905/micro/k10/n8_s10_k10_lazy_c0.judge_optimized.intent.json
?? morsehgp3D_v7/receipts/full_gabriel_lazy_probe_20260905/micro/k10/n8_s10_k10_lazy_c0.judge_optimized.stderr
?? morsehgp3D_v7/receipts/full_gabriel_lazy_probe_20260905/micro/k10/n8_s10_k10_lazy_c0.judge_optimized.stdout
?? morsehgp3D_v7/receipts/full_gabriel_lazy_probe_20260905/micro/k10/n8_s10_k10_lazy_c0.raw.txt
?? morsehgp3D_v7/receipts/full_gabriel_lazy_probe_20260905/micro/k10/n8_s10_k10_lazy_c0.receipt.json
?? morsehgp3D_v7/receipts/full_gabriel_lazy_probe_20260905/micro/k10/n8_s10_k10_lazy_c0.sources_after.json
?? morsehgp3D_v7/receipts/full_gabriel_lazy_probe_20260905/micro/k10/n8_s10_k10_lazy_c0.sources_before.json
?? morsehgp3D_v7/receipts/full_gabriel_lazy_probe_20260905/micro/k10/n8_s10_k10_lazy_c0.verdict.json
?? morsehgp3D_v7/receipts/full_gabriel_lazy_probe_20260905/micro/k10/n8_s10_k10_lazy_c1.command.json
?? morsehgp3D_v7/receipts/full_gabriel_lazy_probe_20260905/micro/k10/n8_s10_k10_lazy_c1.intent.json
?? morsehgp3D_v7/receipts/full_gabriel_lazy_probe_20260905/micro/k10/n8_s10_k10_lazy_c1.judge_normal.command.json
?? morsehgp3D_v7/receipts/full_gabriel_lazy_probe_20260905/micro/k10/n8_s10_k10_lazy_c1.judge_normal.intent.json
?? morsehgp3D_v7/receipts/full_gabriel_lazy_probe_20260905/micro/k10/n8_s10_k10_lazy_c1.judge_normal.stderr
?? morsehgp3D_v7/receipts/full_gabriel_lazy_probe_20260905/micro/k10/n8_s10_k10_lazy_c1.judge_normal.stdout
?? morsehgp3D_v7/receipts/full_gabriel_lazy_probe_20260905/micro/k10/n8_s10_k10_lazy_c1.judge_optimized.command.json
?? morsehgp3D_v7/receipts/full_gabriel_lazy_probe_20260905/micro/k10/n8_s10_k10_lazy_c1.judge_optimized.intent.json
?? morsehgp3D_v7/receipts/full_gabriel_lazy_probe_20260905/micro/k10/n8_s10_k10_lazy_c1.judge_optimized.stderr
?? morsehgp3D_v7/receipts/full_gabriel_lazy_probe_20260905/micro/k10/n8_s10_k10_lazy_c1.judge_optimized.stdout
?? morsehgp3D_v7/receipts/full_gabriel_lazy_probe_20260905/micro/k10/n8_s10_k10_lazy_c1.raw.txt
?? morsehgp3D_v7/receipts/full_gabriel_lazy_probe_20260905/micro/k10/n8_s10_k10_lazy_c1.receipt.json
?? morsehgp3D_v7/receipts/full_gabriel_lazy_probe_20260905/micro/k10/n8_s10_k10_lazy_c1.sources_after.json
?? morsehgp3D_v7/receipts/full_gabriel_lazy_probe_20260905/micro/k10/n8_s10_k10_lazy_c1.sources_before.json
?? morsehgp3D_v7/receipts/full_gabriel_lazy_probe_20260905/micro/k10/n8_s10_k10_lazy_c1.verdict.json
?? morsehgp3D_v7/receipts/full_gabriel_lazy_probe_20260905/micro/k10/n8_s10_k10_lazy_c1000000.command.json
?? morsehgp3D_v7/receipts/full_gabriel_lazy_probe_20260905/micro/k10/n8_s10_k10_lazy_c1000000.intent.json
?? morsehgp3D_v7/receipts/full_gabriel_lazy_probe_20260905/micro/k10/n8_s10_k10_lazy_c1000000.judge_normal.command.json
?? morsehgp3D_v7/receipts/full_gabriel_lazy_probe_20260905/micro/k10/n8_s10_k10_lazy_c1000000.judge_normal.intent.json
?? morsehgp3D_v7/receipts/full_gabriel_lazy_probe_20260905/micro/k10/n8_s10_k10_lazy_c1000000.judge_normal.stderr
?? morsehgp3D_v7/receipts/full_gabriel_lazy_probe_20260905/micro/k10/n8_s10_k10_lazy_c1000000.judge_normal.stdout
?? morsehgp3D_v7/receipts/full_gabriel_lazy_probe_20260905/micro/k10/n8_s10_k10_lazy_c1000000.judge_optimized.command.json
?? morsehgp3D_v7/receipts/full_gabriel_lazy_probe_20260905/micro/k10/n8_s10_k10_lazy_c1000000.judge_optimized.intent.json
?? morsehgp3D_v7/receipts/full_gabriel_lazy_probe_20260905/micro/k10/n8_s10_k10_lazy_c1000000.judge_optimized.stderr
?? morsehgp3D_v7/receipts/full_gabriel_lazy_probe_20260905/micro/k10/n8_s10_k10_lazy_c1000000.judge_optimized.stdout
?? morsehgp3D_v7/receipts/full_gabriel_lazy_probe_20260905/micro/k10/n8_s10_k10_lazy_c1000000.raw.txt
?? morsehgp3D_v7/receipts/full_gabriel_lazy_probe_20260905/micro/k10/n8_s10_k10_lazy_c1000000.receipt.json
?? morsehgp3D_v7/receipts/full_gabriel_lazy_probe_20260905/micro/k10/n8_s10_k10_lazy_c1000000.sources_after.json
?? morsehgp3D_v7/receipts/full_gabriel_lazy_probe_20260905/micro/k10/n8_s10_k10_lazy_c1000000.sources_before.json
?? morsehgp3D_v7/receipts/full_gabriel_lazy_probe_20260905/micro/k10/n8_s10_k10_lazy_c1000000.verdict.json
?? morsehgp3D_v7/receipts/full_gabriel_lazy_probe_20260905/micro/k10/n8_s12_k10_eager_c0.command.json
?? morsehgp3D_v7/receipts/full_gabriel_lazy_probe_20260905/micro/k10/n8_s12_k10_eager_c0.intent.json
?? morsehgp3D_v7/receipts/full_gabriel_lazy_probe_20260905/micro/k10/n8_s12_k10_eager_c0.judge_normal.command.json
?? morsehgp3D_v7/receipts/full_gabriel_lazy_probe_20260905/micro/k10/n8_s12_k10_eager_c0.judge_normal.intent.json
?? morsehgp3D_v7/receipts/full_gabriel_lazy_probe_20260905/micro/k10/n8_s12_k10_eager_c0.judge_normal.stderr
?? morsehgp3D_v7/receipts/full_gabriel_lazy_probe_20260905/micro/k10/n8_s12_k10_eager_c0.judge_normal.stdout
?? morsehgp3D_v7/receipts/full_gabriel_lazy_probe_20260905/micro/k10/n8_s12_k10_eager_c0.judge_optimized.command.json
?? morsehgp3D_v7/receipts/full_gabriel_lazy_probe_20260905/micro/k10/n8_s12_k10_eager_c0.judge_optimized.intent.json
?? morsehgp3D_v7/receipts/full_gabriel_lazy_probe_20260905/micro/k10/n8_s12_k10_eager_c0.judge_optimized.stderr
?? morsehgp3D_v7/receipts/full_gabriel_lazy_probe_20260905/micro/k10/n8_s12_k10_eager_c0.judge_optimized.stdout
?? morsehgp3D_v7/receipts/full_gabriel_lazy_probe_20260905/micro/k10/n8_s12_k10_eager_c0.raw.txt
?? morsehgp3D_v7/receipts/full_gabriel_lazy_probe_20260905/micro/k10/n8_s12_k10_eager_c0.receipt.json
?? morsehgp3D_v7/receipts/full_gabriel_lazy_probe_20260905/micro/k10/n8_s12_k10_eager_c0.sources_after.json
?? morsehgp3D_v7/receipts/full_gabriel_lazy_probe_20260905/micro/k10/n8_s12_k10_eager_c0.sources_before.json
?? morsehgp3D_v7/receipts/full_gabriel_lazy_probe_20260905/micro/k10/n8_s12_k10_eager_c0.verdict.json
?? morsehgp3D_v7/receipts/full_gabriel_lazy_probe_20260905/micro/k10/n8_s12_k10_lazy_c0.command.json
?? morsehgp3D_v7/receipts/full_gabriel_lazy_probe_20260905/micro/k10/n8_s12_k10_lazy_c0.intent.json
?? morsehgp3D_v7/receipts/full_gabriel_lazy_probe_20260905/micro/k10/n8_s12_k10_lazy_c0.judge_normal.command.json
?? morsehgp3D_v7/receipts/full_gabriel_lazy_probe_20260905/micro/k10/n8_s12_k10_lazy_c0.judge_normal.intent.json
?? morsehgp3D_v7/receipts/full_gabriel_lazy_probe_20260905/micro/k10/n8_s12_k10_lazy_c0.judge_normal.stderr
?? morsehgp3D_v7/receipts/full_gabriel_lazy_probe_20260905/micro/k10/n8_s12_k10_lazy_c0.judge_normal.stdout
?? morsehgp3D_v7/receipts/full_gabriel_lazy_probe_20260905/micro/k10/n8_s12_k10_lazy_c0.judge_optimized.command.json
?? morsehgp3D_v7/receipts/full_gabriel_lazy_probe_20260905/micro/k10/n8_s12_k10_lazy_c0.judge_optimized.intent.json
?? morsehgp3D_v7/receipts/full_gabriel_lazy_probe_20260905/micro/k10/n8_s12_k10_lazy_c0.judge_optimized.stderr
?? morsehgp3D_v7/receipts/full_gabriel_lazy_probe_20260905/micro/k10/n8_s12_k10_lazy_c0.judge_optimized.stdout
?? morsehgp3D_v7/receipts/full_gabriel_lazy_probe_20260905/micro/k10/n8_s12_k10_lazy_c0.raw.txt
?? morsehgp3D_v7/receipts/full_gabriel_lazy_probe_20260905/micro/k10/n8_s12_k10_lazy_c0.receipt.json
?? morsehgp3D_v7/receipts/full_gabriel_lazy_probe_20260905/micro/k10/n8_s12_k10_lazy_c0.sources_after.json
?? morsehgp3D_v7/receipts/full_gabriel_lazy_probe_20260905/micro/k10/n8_s12_k10_lazy_c0.sources_before.json
?? morsehgp3D_v7/receipts/full_gabriel_lazy_probe_20260905/micro/k10/n8_s12_k10_lazy_c0.verdict.json
?? morsehgp3D_v7/receipts/full_gabriel_lazy_probe_20260905/micro/k10/n8_s12_k10_lazy_c1.command.json
?? morsehgp3D_v7/receipts/full_gabriel_lazy_probe_20260905/micro/k10/n8_s12_k10_lazy_c1.intent.json
?? morsehgp3D_v7/receipts/full_gabriel_lazy_probe_20260905/micro/k10/n8_s12_k10_lazy_c1.judge_normal.command.json
?? morsehgp3D_v7/receipts/full_gabriel_lazy_probe_20260905/micro/k10/n8_s12_k10_lazy_c1.judge_normal.intent.json
?? morsehgp3D_v7/receipts/full_gabriel_lazy_probe_20260905/micro/k10/n8_s12_k10_lazy_c1.judge_normal.stderr
?? morsehgp3D_v7/receipts/full_gabriel_lazy_probe_20260905/micro/k10/n8_s12_k10_lazy_c1.judge_normal.stdout
?? morsehgp3D_v7/receipts/full_gabriel_lazy_probe_20260905/micro/k10/n8_s12_k10_lazy_c1.judge_optimized.command.json
?? morsehgp3D_v7/receipts/full_gabriel_lazy_probe_20260905/micro/k10/n8_s12_k10_lazy_c1.judge_optimized.intent.json
?? morsehgp3D_v7/receipts/full_gabriel_lazy_probe_20260905/micro/k10/n8_s12_k10_lazy_c1.judge_optimized.stderr
?? morsehgp3D_v7/receipts/full_gabriel_lazy_probe_20260905/micro/k10/n8_s12_k10_lazy_c1.judge_optimized.stdout
?? morsehgp3D_v7/receipts/full_gabriel_lazy_probe_20260905/micro/k10/n8_s12_k10_lazy_c1.raw.txt
?? morsehgp3D_v7/receipts/full_gabriel_lazy_probe_20260905/micro/k10/n8_s12_k10_lazy_c1.receipt.json
?? morsehgp3D_v7/receipts/full_gabriel_lazy_probe_20260905/micro/k10/n8_s12_k10_lazy_c1.sources_after.json
?? morsehgp3D_v7/receipts/full_gabriel_lazy_probe_20260905/micro/k10/n8_s12_k10_lazy_c1.sources_before.json
?? morsehgp3D_v7/receipts/full_gabriel_lazy_probe_20260905/micro/k10/n8_s12_k10_lazy_c1.verdict.json
?? morsehgp3D_v7/receipts/full_gabriel_lazy_probe_20260905/micro/k10/n8_s12_k10_lazy_c1000000.command.json
?? morsehgp3D_v7/receipts/full_gabriel_lazy_probe_20260905/micro/k10/n8_s12_k10_lazy_c1000000.intent.json
?? morsehgp3D_v7/receipts/full_gabriel_lazy_probe_20260905/micro/k10/n8_s12_k10_lazy_c1000000.judge_normal.command.json
?? morsehgp3D_v7/receipts/full_gabriel_lazy_probe_20260905/micro/k10/n8_s12_k10_lazy_c1000000.judge_normal.intent.json
?? morsehgp3D_v7/receipts/full_gabriel_lazy_probe_20260905/micro/k10/n8_s12_k10_lazy_c1000000.judge_normal.stderr
?? morsehgp3D_v7/receipts/full_gabriel_lazy_probe_20260905/micro/k10/n8_s12_k10_lazy_c1000000.judge_normal.stdout
?? morsehgp3D_v7/receipts/full_gabriel_lazy_probe_20260905/micro/k10/n8_s12_k10_lazy_c1000000.judge_optimized.command.json
?? morsehgp3D_v7/receipts/full_gabriel_lazy_probe_20260905/micro/k10/n8_s12_k10_lazy_c1000000.judge_optimized.intent.json
?? morsehgp3D_v7/receipts/full_gabriel_lazy_probe_20260905/micro/k10/n8_s12_k10_lazy_c1000000.judge_optimized.stderr
?? morsehgp3D_v7/receipts/full_gabriel_lazy_probe_20260905/micro/k10/n8_s12_k10_lazy_c1000000.judge_optimized.stdout
?? morsehgp3D_v7/receipts/full_gabriel_lazy_probe_20260905/micro/k10/n8_s12_k10_lazy_c1000000.raw.txt
?? morsehgp3D_v7/receipts/full_gabriel_lazy_probe_20260905/micro/k10/n8_s12_k10_lazy_c1000000.receipt.json
?? morsehgp3D_v7/receipts/full_gabriel_lazy_probe_20260905/micro/k10/n8_s12_k10_lazy_c1000000.sources_after.json
?? morsehgp3D_v7/receipts/full_gabriel_lazy_probe_20260905/micro/k10/n8_s12_k10_lazy_c1000000.sources_before.json
?? morsehgp3D_v7/receipts/full_gabriel_lazy_probe_20260905/micro/k10/n8_s12_k10_lazy_c1000000.verdict.json
?? morsehgp3D_v7/receipts/full_gabriel_lazy_probe_20260905/micro/k10/n8_s8_k10_eager_c0.command.json
?? morsehgp3D_v7/receipts/full_gabriel_lazy_probe_20260905/micro/k10/n8_s8_k10_eager_c0.intent.json
?? morsehgp3D_v7/receipts/full_gabriel_lazy_probe_20260905/micro/k10/n8_s8_k10_eager_c0.judge_normal.command.json
?? morsehgp3D_v7/receipts/full_gabriel_lazy_probe_20260905/micro/k10/n8_s8_k10_eager_c0.judge_normal.intent.json
?? morsehgp3D_v7/receipts/full_gabriel_lazy_probe_20260905/micro/k10/n8_s8_k10_eager_c0.judge_normal.stderr
?? morsehgp3D_v7/receipts/full_gabriel_lazy_probe_20260905/micro/k10/n8_s8_k10_eager_c0.judge_normal.stdout
?? morsehgp3D_v7/receipts/full_gabriel_lazy_probe_20260905/micro/k10/n8_s8_k10_eager_c0.judge_optimized.command.json
?? morsehgp3D_v7/receipts/full_gabriel_lazy_probe_20260905/micro/k10/n8_s8_k10_eager_c0.judge_optimized.intent.json
?? morsehgp3D_v7/receipts/full_gabriel_lazy_probe_20260905/micro/k10/n8_s8_k10_eager_c0.judge_optimized.stderr
?? morsehgp3D_v7/receipts/full_gabriel_lazy_probe_20260905/micro/k10/n8_s8_k10_eager_c0.judge_optimized.stdout
?? morsehgp3D_v7/receipts/full_gabriel_lazy_probe_20260905/micro/k10/n8_s8_k10_eager_c0.raw.txt
?? morsehgp3D_v7/receipts/full_gabriel_lazy_probe_20260905/micro/k10/n8_s8_k10_eager_c0.receipt.json
?? morsehgp3D_v7/receipts/full_gabriel_lazy_probe_20260905/micro/k10/n8_s8_k10_eager_c0.selftest_normal.command.json
?? morsehgp3D_v7/receipts/full_gabriel_lazy_probe_20260905/micro/k10/n8_s8_k10_eager_c0.selftest_normal.intent.json
?? morsehgp3D_v7/receipts/full_gabriel_lazy_probe_20260905/micro/k10/n8_s8_k10_eager_c0.selftest_normal.stderr
?? morsehgp3D_v7/receipts/full_gabriel_lazy_probe_20260905/micro/k10/n8_s8_k10_eager_c0.selftest_normal.stdout
?? morsehgp3D_v7/receipts/full_gabriel_lazy_probe_20260905/micro/k10/n8_s8_k10_eager_c0.selftest_optimized.command.json
?? morsehgp3D_v7/receipts/full_gabriel_lazy_probe_20260905/micro/k10/n8_s8_k10_eager_c0.selftest_optimized.intent.json
?? morsehgp3D_v7/receipts/full_gabriel_lazy_probe_20260905/micro/k10/n8_s8_k10_eager_c0.selftest_optimized.stderr
?? morsehgp3D_v7/receipts/full_gabriel_lazy_probe_20260905/micro/k10/n8_s8_k10_eager_c0.selftest_optimized.stdout
?? morsehgp3D_v7/receipts/full_gabriel_lazy_probe_20260905/micro/k10/n8_s8_k10_eager_c0.sources_after.json
?? morsehgp3D_v7/receipts/full_gabriel_lazy_probe_20260905/micro/k10/n8_s8_k10_eager_c0.sources_before.json
?? morsehgp3D_v7/receipts/full_gabriel_lazy_probe_20260905/micro/k10/n8_s8_k10_eager_c0.verdict.json
?? morsehgp3D_v7/receipts/full_gabriel_lazy_probe_20260905/micro/k10/n8_s8_k10_lazy_c0.command.json
?? morsehgp3D_v7/receipts/full_gabriel_lazy_probe_20260905/micro/k10/n8_s8_k10_lazy_c0.intent.json
?? morsehgp3D_v7/receipts/full_gabriel_lazy_probe_20260905/micro/k10/n8_s8_k10_lazy_c0.judge_normal.command.json
?? morsehgp3D_v7/receipts/full_gabriel_lazy_probe_20260905/micro/k10/n8_s8_k10_lazy_c0.judge_normal.intent.json
?? morsehgp3D_v7/receipts/full_gabriel_lazy_probe_20260905/micro/k10/n8_s8_k10_lazy_c0.judge_normal.stderr
?? morsehgp3D_v7/receipts/full_gabriel_lazy_probe_20260905/micro/k10/n8_s8_k10_lazy_c0.judge_normal.stdout
?? morsehgp3D_v7/receipts/full_gabriel_lazy_probe_20260905/micro/k10/n8_s8_k10_lazy_c0.judge_optimized.command.json
?? morsehgp3D_v7/receipts/full_gabriel_lazy_probe_20260905/micro/k10/n8_s8_k10_lazy_c0.judge_optimized.intent.json
?? morsehgp3D_v7/receipts/full_gabriel_lazy_probe_20260905/micro/k10/n8_s8_k10_lazy_c0.judge_optimized.stderr
?? morsehgp3D_v7/receipts/full_gabriel_lazy_probe_20260905/micro/k10/n8_s8_k10_lazy_c0.judge_optimized.stdout
?? morsehgp3D_v7/receipts/full_gabriel_lazy_probe_20260905/micro/k10/n8_s8_k10_lazy_c0.raw.txt
?? morsehgp3D_v7/receipts/full_gabriel_lazy_probe_20260905/micro/k10/n8_s8_k10_lazy_c0.receipt.json
?? morsehgp3D_v7/receipts/full_gabriel_lazy_probe_20260905/micro/k10/n8_s8_k10_lazy_c0.sources_after.json
?? morsehgp3D_v7/receipts/full_gabriel_lazy_probe_20260905/micro/k10/n8_s8_k10_lazy_c0.sources_before.json
?? morsehgp3D_v7/receipts/full_gabriel_lazy_probe_20260905/micro/k10/n8_s8_k10_lazy_c0.verdict.json
?? morsehgp3D_v7/receipts/full_gabriel_lazy_probe_20260905/micro/k10/n8_s8_k10_lazy_c1.command.json
?? morsehgp3D_v7/receipts/full_gabriel_lazy_probe_20260905/micro/k10/n8_s8_k10_lazy_c1.intent.json
?? morsehgp3D_v7/receipts/full_gabriel_lazy_probe_20260905/micro/k10/n8_s8_k10_lazy_c1.judge_normal.command.json
?? morsehgp3D_v7/receipts/full_gabriel_lazy_probe_20260905/micro/k10/n8_s8_k10_lazy_c1.judge_normal.intent.json
?? morsehgp3D_v7/receipts/full_gabriel_lazy_probe_20260905/micro/k10/n8_s8_k10_lazy_c1.judge_normal.stderr
?? morsehgp3D_v7/receipts/full_gabriel_lazy_probe_20260905/micro/k10/n8_s8_k10_lazy_c1.judge_normal.stdout
?? morsehgp3D_v7/receipts/full_gabriel_lazy_probe_20260905/micro/k10/n8_s8_k10_lazy_c1.judge_optimized.command.json
?? morsehgp3D_v7/receipts/full_gabriel_lazy_probe_20260905/micro/k10/n8_s8_k10_lazy_c1.judge_optimized.intent.json
?? morsehgp3D_v7/receipts/full_gabriel_lazy_probe_20260905/micro/k10/n8_s8_k10_lazy_c1.judge_optimized.stderr
?? morsehgp3D_v7/receipts/full_gabriel_lazy_probe_20260905/micro/k10/n8_s8_k10_lazy_c1.judge_optimized.stdout
?? morsehgp3D_v7/receipts/full_gabriel_lazy_probe_20260905/micro/k10/n8_s8_k10_lazy_c1.raw.txt
?? morsehgp3D_v7/receipts/full_gabriel_lazy_probe_20260905/micro/k10/n8_s8_k10_lazy_c1.receipt.json
?? morsehgp3D_v7/receipts/full_gabriel_lazy_probe_20260905/micro/k10/n8_s8_k10_lazy_c1.sources_after.json
?? morsehgp3D_v7/receipts/full_gabriel_lazy_probe_20260905/micro/k10/n8_s8_k10_lazy_c1.sources_before.json
?? morsehgp3D_v7/receipts/full_gabriel_lazy_probe_20260905/micro/k10/n8_s8_k10_lazy_c1.verdict.json
?? morsehgp3D_v7/receipts/full_gabriel_lazy_probe_20260905/micro/k10/n8_s8_k10_lazy_c1000000.command.json
?? morsehgp3D_v7/receipts/full_gabriel_lazy_probe_20260905/micro/k10/n8_s8_k10_lazy_c1000000.intent.json
?? morsehgp3D_v7/receipts/full_gabriel_lazy_probe_20260905/micro/k10/n8_s8_k10_lazy_c1000000.judge_normal.command.json
?? morsehgp3D_v7/receipts/full_gabriel_lazy_probe_20260905/micro/k10/n8_s8_k10_lazy_c1000000.judge_normal.intent.json
?? morsehgp3D_v7/receipts/full_gabriel_lazy_probe_20260905/micro/k10/n8_s8_k10_lazy_c1000000.judge_normal.stderr
?? morsehgp3D_v7/receipts/full_gabriel_lazy_probe_20260905/micro/k10/n8_s8_k10_lazy_c1000000.judge_normal.stdout
?? morsehgp3D_v7/receipts/full_gabriel_lazy_probe_20260905/micro/k10/n8_s8_k10_lazy_c1000000.judge_optimized.command.json
?? morsehgp3D_v7/receipts/full_gabriel_lazy_probe_20260905/micro/k10/n8_s8_k10_lazy_c1000000.judge_optimized.intent.json
?? morsehgp3D_v7/receipts/full_gabriel_lazy_probe_20260905/micro/k10/n8_s8_k10_lazy_c1000000.judge_optimized.stderr
?? morsehgp3D_v7/receipts/full_gabriel_lazy_probe_20260905/micro/k10/n8_s8_k10_lazy_c1000000.judge_optimized.stdout
?? morsehgp3D_v7/receipts/full_gabriel_lazy_probe_20260905/micro/k10/n8_s8_k10_lazy_c1000000.raw.txt
?? morsehgp3D_v7/receipts/full_gabriel_lazy_probe_20260905/micro/k10/n8_s8_k10_lazy_c1000000.receipt.json
?? morsehgp3D_v7/receipts/full_gabriel_lazy_probe_20260905/micro/k10/n8_s8_k10_lazy_c1000000.sources_after.json
?? morsehgp3D_v7/receipts/full_gabriel_lazy_probe_20260905/micro/k10/n8_s8_k10_lazy_c1000000.sources_before.json
?? morsehgp3D_v7/receipts/full_gabriel_lazy_probe_20260905/micro/k10/n8_s8_k10_lazy_c1000000.verdict.json
?? morsehgp3D_v7/receipts/full_gabriel_lazy_probe_20260905/micro/k10/protocol.json
?? morsehgp3D_v7/receipts/full_gabriel_lazy_probe_20260905/micro/k10/sources_before.json
?? morsehgp3D_v7/receipts/full_gabriel_lazy_probe_20260905/micro/k5/n8_s10_k5_eager_c0.command.json
?? morsehgp3D_v7/receipts/full_gabriel_lazy_probe_20260905/micro/k5/n8_s10_k5_eager_c0.intent.json
?? morsehgp3D_v7/receipts/full_gabriel_lazy_probe_20260905/micro/k5/n8_s10_k5_eager_c0.judge_normal.command.json
?? morsehgp3D_v7/receipts/full_gabriel_lazy_probe_20260905/micro/k5/n8_s10_k5_eager_c0.judge_normal.intent.json
?? morsehgp3D_v7/receipts/full_gabriel_lazy_probe_20260905/micro/k5/n8_s10_k5_eager_c0.judge_normal.stderr
?? morsehgp3D_v7/receipts/full_gabriel_lazy_probe_20260905/micro/k5/n8_s10_k5_eager_c0.judge_normal.stdout
?? morsehgp3D_v7/receipts/full_gabriel_lazy_probe_20260905/micro/k5/n8_s10_k5_eager_c0.judge_optimized.command.json
?? morsehgp3D_v7/receipts/full_gabriel_lazy_probe_20260905/micro/k5/n8_s10_k5_eager_c0.judge_optimized.intent.json
?? morsehgp3D_v7/receipts/full_gabriel_lazy_probe_20260905/micro/k5/n8_s10_k5_eager_c0.judge_optimized.stderr
?? morsehgp3D_v7/receipts/full_gabriel_lazy_probe_20260905/micro/k5/n8_s10_k5_eager_c0.judge_optimized.stdout
?? morsehgp3D_v7/receipts/full_gabriel_lazy_probe_20260905/micro/k5/n8_s10_k5_eager_c0.raw.txt
?? morsehgp3D_v7/receipts/full_gabriel_lazy_probe_20260905/micro/k5/n8_s10_k5_eager_c0.receipt.json
?? morsehgp3D_v7/receipts/full_gabriel_lazy_probe_20260905/micro/k5/n8_s10_k5_eager_c0.sources_after.json
?? morsehgp3D_v7/receipts/full_gabriel_lazy_probe_20260905/micro/k5/n8_s10_k5_eager_c0.sources_before.json
?? morsehgp3D_v7/receipts/full_gabriel_lazy_probe_20260905/micro/k5/n8_s10_k5_eager_c0.verdict.json
?? morsehgp3D_v7/receipts/full_gabriel_lazy_probe_20260905/micro/k5/n8_s10_k5_lazy_c0.command.json
?? morsehgp3D_v7/receipts/full_gabriel_lazy_probe_20260905/micro/k5/n8_s10_k5_lazy_c0.intent.json
?? morsehgp3D_v7/receipts/full_gabriel_lazy_probe_20260905/micro/k5/n8_s10_k5_lazy_c0.judge_normal.command.json
?? morsehgp3D_v7/receipts/full_gabriel_lazy_probe_20260905/micro/k5/n8_s10_k5_lazy_c0.judge_normal.intent.json
?? morsehgp3D_v7/receipts/full_gabriel_lazy_probe_20260905/micro/k5/n8_s10_k5_lazy_c0.judge_normal.stderr
?? morsehgp3D_v7/receipts/full_gabriel_lazy_probe_20260905/micro/k5/n8_s10_k5_lazy_c0.judge_normal.stdout
?? morsehgp3D_v7/receipts/full_gabriel_lazy_probe_20260905/micro/k5/n8_s10_k5_lazy_c0.judge_optimized.command.json
?? morsehgp3D_v7/receipts/full_gabriel_lazy_probe_20260905/micro/k5/n8_s10_k5_lazy_c0.judge_optimized.intent.json
?? morsehgp3D_v7/receipts/full_gabriel_lazy_probe_20260905/micro/k5/n8_s10_k5_lazy_c0.judge_optimized.stderr
?? morsehgp3D_v7/receipts/full_gabriel_lazy_probe_20260905/micro/k5/n8_s10_k5_lazy_c0.judge_optimized.stdout
?? morsehgp3D_v7/receipts/full_gabriel_lazy_probe_20260905/micro/k5/n8_s10_k5_lazy_c0.raw.txt
?? morsehgp3D_v7/receipts/full_gabriel_lazy_probe_20260905/micro/k5/n8_s10_k5_lazy_c0.receipt.json
?? morsehgp3D_v7/receipts/full_gabriel_lazy_probe_20260905/micro/k5/n8_s10_k5_lazy_c0.sources_after.json
?? morsehgp3D_v7/receipts/full_gabriel_lazy_probe_20260905/micro/k5/n8_s10_k5_lazy_c0.sources_before.json
?? morsehgp3D_v7/receipts/full_gabriel_lazy_probe_20260905/micro/k5/n8_s10_k5_lazy_c0.verdict.json
?? morsehgp3D_v7/receipts/full_gabriel_lazy_probe_20260905/micro/k5/n8_s10_k5_lazy_c1.command.json
?? morsehgp3D_v7/receipts/full_gabriel_lazy_probe_20260905/micro/k5/n8_s10_k5_lazy_c1.intent.json
?? morsehgp3D_v7/receipts/full_gabriel_lazy_probe_20260905/micro/k5/n8_s10_k5_lazy_c1.judge_normal.command.json
?? morsehgp3D_v7/receipts/full_gabriel_lazy_probe_20260905/micro/k5/n8_s10_k5_lazy_c1.judge_normal.intent.json
?? morsehgp3D_v7/receipts/full_gabriel_lazy_probe_20260905/micro/k5/n8_s10_k5_lazy_c1.judge_normal.stderr
?? morsehgp3D_v7/receipts/full_gabriel_lazy_probe_20260905/micro/k5/n8_s10_k5_lazy_c1.judge_normal.stdout
?? morsehgp3D_v7/receipts/full_gabriel_lazy_probe_20260905/micro/k5/n8_s10_k5_lazy_c1.judge_optimized.command.json
?? morsehgp3D_v7/receipts/full_gabriel_lazy_probe_20260905/micro/k5/n8_s10_k5_lazy_c1.judge_optimized.intent.json
?? morsehgp3D_v7/receipts/full_gabriel_lazy_probe_20260905/micro/k5/n8_s10_k5_lazy_c1.judge_optimized.stderr
?? morsehgp3D_v7/receipts/full_gabriel_lazy_probe_20260905/micro/k5/n8_s10_k5_lazy_c1.judge_optimized.stdout
?? morsehgp3D_v7/receipts/full_gabriel_lazy_probe_20260905/micro/k5/n8_s10_k5_lazy_c1.raw.txt
?? morsehgp3D_v7/receipts/full_gabriel_lazy_probe_20260905/micro/k5/n8_s10_k5_lazy_c1.receipt.json
?? morsehgp3D_v7/receipts/full_gabriel_lazy_probe_20260905/micro/k5/n8_s10_k5_lazy_c1.sources_after.json
?? morsehgp3D_v7/receipts/full_gabriel_lazy_probe_20260905/micro/k5/n8_s10_k5_lazy_c1.sources_before.json
?? morsehgp3D_v7/receipts/full_gabriel_lazy_probe_20260905/micro/k5/n8_s10_k5_lazy_c1.verdict.json
?? morsehgp3D_v7/receipts/full_gabriel_lazy_probe_20260905/micro/k5/n8_s10_k5_lazy_c1000000.command.json
?? morsehgp3D_v7/receipts/full_gabriel_lazy_probe_20260905/micro/k5/n8_s10_k5_lazy_c1000000.intent.json
?? morsehgp3D_v7/receipts/full_gabriel_lazy_probe_20260905/micro/k5/n8_s10_k5_lazy_c1000000.judge_normal.command.json
?? morsehgp3D_v7/receipts/full_gabriel_lazy_probe_20260905/micro/k5/n8_s10_k5_lazy_c1000000.judge_normal.intent.json
?? morsehgp3D_v7/receipts/full_gabriel_lazy_probe_20260905/micro/k5/n8_s10_k5_lazy_c1000000.judge_normal.stderr
?? morsehgp3D_v7/receipts/full_gabriel_lazy_probe_20260905/micro/k5/n8_s10_k5_lazy_c1000000.judge_normal.stdout
?? morsehgp3D_v7/receipts/full_gabriel_lazy_probe_20260905/micro/k5/n8_s10_k5_lazy_c1000000.judge_optimized.command.json
?? morsehgp3D_v7/receipts/full_gabriel_lazy_probe_20260905/micro/k5/n8_s10_k5_lazy_c1000000.judge_optimized.intent.json
?? morsehgp3D_v7/receipts/full_gabriel_lazy_probe_20260905/micro/k5/n8_s10_k5_lazy_c1000000.judge_optimized.stderr
?? morsehgp3D_v7/receipts/full_gabriel_lazy_probe_20260905/micro/k5/n8_s10_k5_lazy_c1000000.judge_optimized.stdout
?? morsehgp3D_v7/receipts/full_gabriel_lazy_probe_20260905/micro/k5/n8_s10_k5_lazy_c1000000.raw.txt
?? morsehgp3D_v7/receipts/full_gabriel_lazy_probe_20260905/micro/k5/n8_s10_k5_lazy_c1000000.receipt.json
?? morsehgp3D_v7/receipts/full_gabriel_lazy_probe_20260905/micro/k5/n8_s10_k5_lazy_c1000000.sources_after.json
?? morsehgp3D_v7/receipts/full_gabriel_lazy_probe_20260905/micro/k5/n8_s10_k5_lazy_c1000000.sources_before.json
?? morsehgp3D_v7/receipts/full_gabriel_lazy_probe_20260905/micro/k5/n8_s10_k5_lazy_c1000000.verdict.json
?? morsehgp3D_v7/receipts/full_gabriel_lazy_probe_20260905/micro/k5/n8_s12_k5_eager_c0.command.json
?? morsehgp3D_v7/receipts/full_gabriel_lazy_probe_20260905/micro/k5/n8_s12_k5_eager_c0.intent.json
?? morsehgp3D_v7/receipts/full_gabriel_lazy_probe_20260905/micro/k5/n8_s12_k5_eager_c0.judge_normal.command.json
?? morsehgp3D_v7/receipts/full_gabriel_lazy_probe_20260905/micro/k5/n8_s12_k5_eager_c0.judge_normal.intent.json
?? morsehgp3D_v7/receipts/full_gabriel_lazy_probe_20260905/micro/k5/n8_s12_k5_eager_c0.judge_normal.stderr
?? morsehgp3D_v7/receipts/full_gabriel_lazy_probe_20260905/micro/k5/n8_s12_k5_eager_c0.judge_normal.stdout
?? morsehgp3D_v7/receipts/full_gabriel_lazy_probe_20260905/micro/k5/n8_s12_k5_eager_c0.judge_optimized.command.json
?? morsehgp3D_v7/receipts/full_gabriel_lazy_probe_20260905/micro/k5/n8_s12_k5_eager_c0.judge_optimized.intent.json
?? morsehgp3D_v7/receipts/full_gabriel_lazy_probe_20260905/micro/k5/n8_s12_k5_eager_c0.judge_optimized.stderr
?? morsehgp3D_v7/receipts/full_gabriel_lazy_probe_20260905/micro/k5/n8_s12_k5_eager_c0.judge_optimized.stdout
?? morsehgp3D_v7/receipts/full_gabriel_lazy_probe_20260905/micro/k5/n8_s12_k5_eager_c0.raw.txt
?? morsehgp3D_v7/receipts/full_gabriel_lazy_probe_20260905/micro/k5/n8_s12_k5_eager_c0.receipt.json
?? morsehgp3D_v7/receipts/full_gabriel_lazy_probe_20260905/micro/k5/n8_s12_k5_eager_c0.sources_after.json
?? morsehgp3D_v7/receipts/full_gabriel_lazy_probe_20260905/micro/k5/n8_s12_k5_eager_c0.sources_before.json
?? morsehgp3D_v7/receipts/full_gabriel_lazy_probe_20260905/micro/k5/n8_s12_k5_eager_c0.verdict.json
?? morsehgp3D_v7/receipts/full_gabriel_lazy_probe_20260905/micro/k5/n8_s12_k5_lazy_c0.command.json
?? morsehgp3D_v7/receipts/full_gabriel_lazy_probe_20260905/micro/k5/n8_s12_k5_lazy_c0.intent.json
?? morsehgp3D_v7/receipts/full_gabriel_lazy_probe_20260905/micro/k5/n8_s12_k5_lazy_c0.judge_normal.command.json
?? morsehgp3D_v7/receipts/full_gabriel_lazy_probe_20260905/micro/k5/n8_s12_k5_lazy_c0.judge_normal.intent.json
?? morsehgp3D_v7/receipts/full_gabriel_lazy_probe_20260905/micro/k5/n8_s12_k5_lazy_c0.judge_normal.stderr
?? morsehgp3D_v7/receipts/full_gabriel_lazy_probe_20260905/micro/k5/n8_s12_k5_lazy_c0.judge_normal.stdout
?? morsehgp3D_v7/receipts/full_gabriel_lazy_probe_20260905/micro/k5/n8_s12_k5_lazy_c0.judge_optimized.command.json
?? morsehgp3D_v7/receipts/full_gabriel_lazy_probe_20260905/micro/k5/n8_s12_k5_lazy_c0.judge_optimized.intent.json
?? morsehgp3D_v7/receipts/full_gabriel_lazy_probe_20260905/micro/k5/n8_s12_k5_lazy_c0.judge_optimized.stderr
?? morsehgp3D_v7/receipts/full_gabriel_lazy_probe_20260905/micro/k5/n8_s12_k5_lazy_c0.judge_optimized.stdout
?? morsehgp3D_v7/receipts/full_gabriel_lazy_probe_20260905/micro/k5/n8_s12_k5_lazy_c0.raw.txt
?? morsehgp3D_v7/receipts/full_gabriel_lazy_probe_20260905/micro/k5/n8_s12_k5_lazy_c0.receipt.json
?? morsehgp3D_v7/receipts/full_gabriel_lazy_probe_20260905/micro/k5/n8_s12_k5_lazy_c0.sources_after.json
?? morsehgp3D_v7/receipts/full_gabriel_lazy_probe_20260905/micro/k5/n8_s12_k5_lazy_c0.sources_before.json
?? morsehgp3D_v7/receipts/full_gabriel_lazy_probe_20260905/micro/k5/n8_s12_k5_lazy_c0.verdict.json
?? morsehgp3D_v7/receipts/full_gabriel_lazy_probe_20260905/micro/k5/n8_s12_k5_lazy_c1.command.json
?? morsehgp3D_v7/receipts/full_gabriel_lazy_probe_20260905/micro/k5/n8_s12_k5_lazy_c1.intent.json
?? morsehgp3D_v7/receipts/full_gabriel_lazy_probe_20260905/micro/k5/n8_s12_k5_lazy_c1.judge_normal.command.json
?? morsehgp3D_v7/receipts/full_gabriel_lazy_probe_20260905/micro/k5/n8_s12_k5_lazy_c1.judge_normal.intent.json
?? morsehgp3D_v7/receipts/full_gabriel_lazy_probe_20260905/micro/k5/n8_s12_k5_lazy_c1.judge_normal.stderr
?? morsehgp3D_v7/receipts/full_gabriel_lazy_probe_20260905/micro/k5/n8_s12_k5_lazy_c1.judge_normal.stdout
?? morsehgp3D_v7/receipts/full_gabriel_lazy_probe_20260905/micro/k5/n8_s12_k5_lazy_c1.judge_optimized.command.json
?? morsehgp3D_v7/receipts/full_gabriel_lazy_probe_20260905/micro/k5/n8_s12_k5_lazy_c1.judge_optimized.intent.json
?? morsehgp3D_v7/receipts/full_gabriel_lazy_probe_20260905/micro/k5/n8_s12_k5_lazy_c1.judge_optimized.stderr
?? morsehgp3D_v7/receipts/full_gabriel_lazy_probe_20260905/micro/k5/n8_s12_k5_lazy_c1.judge_optimized.stdout
?? morsehgp3D_v7/receipts/full_gabriel_lazy_probe_20260905/micro/k5/n8_s12_k5_lazy_c1.raw.txt
?? morsehgp3D_v7/receipts/full_gabriel_lazy_probe_20260905/micro/k5/n8_s12_k5_lazy_c1.receipt.json
?? morsehgp3D_v7/receipts/full_gabriel_lazy_probe_20260905/micro/k5/n8_s12_k5_lazy_c1.sources_after.json
?? morsehgp3D_v7/receipts/full_gabriel_lazy_probe_20260905/micro/k5/n8_s12_k5_lazy_c1.sources_before.json
?? morsehgp3D_v7/receipts/full_gabriel_lazy_probe_20260905/micro/k5/n8_s12_k5_lazy_c1.verdict.json
?? morsehgp3D_v7/receipts/full_gabriel_lazy_probe_20260905/micro/k5/n8_s12_k5_lazy_c1000000.command.json
?? morsehgp3D_v7/receipts/full_gabriel_lazy_probe_20260905/micro/k5/n8_s12_k5_lazy_c1000000.intent.json
?? morsehgp3D_v7/receipts/full_gabriel_lazy_probe_20260905/micro/k5/n8_s12_k5_lazy_c1000000.judge_normal.command.json
?? morsehgp3D_v7/receipts/full_gabriel_lazy_probe_20260905/micro/k5/n8_s12_k5_lazy_c1000000.judge_normal.intent.json
?? morsehgp3D_v7/receipts/full_gabriel_lazy_probe_20260905/micro/k5/n8_s12_k5_lazy_c1000000.judge_normal.stderr
?? morsehgp3D_v7/receipts/full_gabriel_lazy_probe_20260905/micro/k5/n8_s12_k5_lazy_c1000000.judge_normal.stdout
?? morsehgp3D_v7/receipts/full_gabriel_lazy_probe_20260905/micro/k5/n8_s12_k5_lazy_c1000000.judge_optimized.command.json
?? morsehgp3D_v7/receipts/full_gabriel_lazy_probe_20260905/micro/k5/n8_s12_k5_lazy_c1000000.judge_optimized.intent.json
?? morsehgp3D_v7/receipts/full_gabriel_lazy_probe_20260905/micro/k5/n8_s12_k5_lazy_c1000000.judge_optimized.stderr
?? morsehgp3D_v7/receipts/full_gabriel_lazy_probe_20260905/micro/k5/n8_s12_k5_lazy_c1000000.judge_optimized.stdout
?? morsehgp3D_v7/receipts/full_gabriel_lazy_probe_20260905/micro/k5/n8_s12_k5_lazy_c1000000.raw.txt
?? morsehgp3D_v7/receipts/full_gabriel_lazy_probe_20260905/micro/k5/n8_s12_k5_lazy_c1000000.receipt.json
?? morsehgp3D_v7/receipts/full_gabriel_lazy_probe_20260905/micro/k5/n8_s12_k5_lazy_c1000000.sources_after.json
?? morsehgp3D_v7/receipts/full_gabriel_lazy_probe_20260905/micro/k5/n8_s12_k5_lazy_c1000000.sources_before.json
?? morsehgp3D_v7/receipts/full_gabriel_lazy_probe_20260905/micro/k5/n8_s12_k5_lazy_c1000000.verdict.json
?? morsehgp3D_v7/receipts/full_gabriel_lazy_probe_20260905/micro/k5/n8_s8_k5_eager_c0.command.json
?? morsehgp3D_v7/receipts/full_gabriel_lazy_probe_20260905/micro/k5/n8_s8_k5_eager_c0.intent.json
?? morsehgp3D_v7/receipts/full_gabriel_lazy_probe_20260905/micro/k5/n8_s8_k5_eager_c0.judge_normal.command.json
?? morsehgp3D_v7/receipts/full_gabriel_lazy_probe_20260905/micro/k5/n8_s8_k5_eager_c0.judge_normal.intent.json
?? morsehgp3D_v7/receipts/full_gabriel_lazy_probe_20260905/micro/k5/n8_s8_k5_eager_c0.judge_normal.stderr
?? morsehgp3D_v7/receipts/full_gabriel_lazy_probe_20260905/micro/k5/n8_s8_k5_eager_c0.judge_normal.stdout
?? morsehgp3D_v7/receipts/full_gabriel_lazy_probe_20260905/micro/k5/n8_s8_k5_eager_c0.judge_optimized.command.json
?? morsehgp3D_v7/receipts/full_gabriel_lazy_probe_20260905/micro/k5/n8_s8_k5_eager_c0.judge_optimized.intent.json
?? morsehgp3D_v7/receipts/full_gabriel_lazy_probe_20260905/micro/k5/n8_s8_k5_eager_c0.judge_optimized.stderr
?? morsehgp3D_v7/receipts/full_gabriel_lazy_probe_20260905/micro/k5/n8_s8_k5_eager_c0.judge_optimized.stdout
?? morsehgp3D_v7/receipts/full_gabriel_lazy_probe_20260905/micro/k5/n8_s8_k5_eager_c0.raw.txt
?? morsehgp3D_v7/receipts/full_gabriel_lazy_probe_20260905/micro/k5/n8_s8_k5_eager_c0.receipt.json
?? morsehgp3D_v7/receipts/full_gabriel_lazy_probe_20260905/micro/k5/n8_s8_k5_eager_c0.sources_after.json
?? morsehgp3D_v7/receipts/full_gabriel_lazy_probe_20260905/micro/k5/n8_s8_k5_eager_c0.sources_before.json
?? morsehgp3D_v7/receipts/full_gabriel_lazy_probe_20260905/micro/k5/n8_s8_k5_eager_c0.verdict.json
?? morsehgp3D_v7/receipts/full_gabriel_lazy_probe_20260905/micro/k5/n8_s8_k5_lazy_c0.command.json
?? morsehgp3D_v7/receipts/full_gabriel_lazy_probe_20260905/micro/k5/n8_s8_k5_lazy_c0.intent.json
?? morsehgp3D_v7/receipts/full_gabriel_lazy_probe_20260905/micro/k5/n8_s8_k5_lazy_c0.judge_normal.command.json
?? morsehgp3D_v7/receipts/full_gabriel_lazy_probe_20260905/micro/k5/n8_s8_k5_lazy_c0.judge_normal.intent.json
?? morsehgp3D_v7/receipts/full_gabriel_lazy_probe_20260905/micro/k5/n8_s8_k5_lazy_c0.judge_normal.stderr
?? morsehgp3D_v7/receipts/full_gabriel_lazy_probe_20260905/micro/k5/n8_s8_k5_lazy_c0.judge_normal.stdout
?? morsehgp3D_v7/receipts/full_gabriel_lazy_probe_20260905/micro/k5/n8_s8_k5_lazy_c0.judge_optimized.command.json
?? morsehgp3D_v7/receipts/full_gabriel_lazy_probe_20260905/micro/k5/n8_s8_k5_lazy_c0.judge_optimized.intent.json
?? morsehgp3D_v7/receipts/full_gabriel_lazy_probe_20260905/micro/k5/n8_s8_k5_lazy_c0.judge_optimized.stderr
?? morsehgp3D_v7/receipts/full_gabriel_lazy_probe_20260905/micro/k5/n8_s8_k5_lazy_c0.judge_optimized.stdout
?? morsehgp3D_v7/receipts/full_gabriel_lazy_probe_20260905/micro/k5/n8_s8_k5_lazy_c0.raw.txt
?? morsehgp3D_v7/receipts/full_gabriel_lazy_probe_20260905/micro/k5/n8_s8_k5_lazy_c0.receipt.json
?? morsehgp3D_v7/receipts/full_gabriel_lazy_probe_20260905/micro/k5/n8_s8_k5_lazy_c0.sources_after.json
?? morsehgp3D_v7/receipts/full_gabriel_lazy_probe_20260905/micro/k5/n8_s8_k5_lazy_c0.sources_before.json
?? morsehgp3D_v7/receipts/full_gabriel_lazy_probe_20260905/micro/k5/n8_s8_k5_lazy_c0.verdict.json
?? morsehgp3D_v7/receipts/full_gabriel_lazy_probe_20260905/micro/k5/n8_s8_k5_lazy_c1.command.json
?? morsehgp3D_v7/receipts/full_gabriel_lazy_probe_20260905/micro/k5/n8_s8_k5_lazy_c1.intent.json
?? morsehgp3D_v7/receipts/full_gabriel_lazy_probe_20260905/micro/k5/n8_s8_k5_lazy_c1.judge_normal.command.json
?? morsehgp3D_v7/receipts/full_gabriel_lazy_probe_20260905/micro/k5/n8_s8_k5_lazy_c1.judge_normal.intent.json
?? morsehgp3D_v7/receipts/full_gabriel_lazy_probe_20260905/micro/k5/n8_s8_k5_lazy_c1.judge_normal.stderr
?? morsehgp3D_v7/receipts/full_gabriel_lazy_probe_20260905/micro/k5/n8_s8_k5_lazy_c1.judge_normal.stdout
?? morsehgp3D_v7/receipts/full_gabriel_lazy_probe_20260905/micro/k5/n8_s8_k5_lazy_c1.judge_optimized.command.json
?? morsehgp3D_v7/receipts/full_gabriel_lazy_probe_20260905/micro/k5/n8_s8_k5_lazy_c1.judge_optimized.intent.json
?? morsehgp3D_v7/receipts/full_gabriel_lazy_probe_20260905/micro/k5/n8_s8_k5_lazy_c1.judge_optimized.stderr
?? morsehgp3D_v7/receipts/full_gabriel_lazy_probe_20260905/micro/k5/n8_s8_k5_lazy_c1.judge_optimized.stdout
?? morsehgp3D_v7/receipts/full_gabriel_lazy_probe_20260905/micro/k5/n8_s8_k5_lazy_c1.raw.txt
?? morsehgp3D_v7/receipts/full_gabriel_lazy_probe_20260905/micro/k5/n8_s8_k5_lazy_c1.receipt.json
?? morsehgp3D_v7/receipts/full_gabriel_lazy_probe_20260905/micro/k5/n8_s8_k5_lazy_c1.sources_after.json
?? morsehgp3D_v7/receipts/full_gabriel_lazy_probe_20260905/micro/k5/n8_s8_k5_lazy_c1.sources_before.json
?? morsehgp3D_v7/receipts/full_gabriel_lazy_probe_20260905/micro/k5/n8_s8_k5_lazy_c1.verdict.json
?? morsehgp3D_v7/receipts/full_gabriel_lazy_probe_20260905/micro/k5/n8_s8_k5_lazy_c1000000.command.json
?? morsehgp3D_v7/receipts/full_gabriel_lazy_probe_20260905/micro/k5/n8_s8_k5_lazy_c1000000.intent.json
?? morsehgp3D_v7/receipts/full_gabriel_lazy_probe_20260905/micro/k5/n8_s8_k5_lazy_c1000000.judge_normal.command.json
?? morsehgp3D_v7/receipts/full_gabriel_lazy_probe_20260905/micro/k5/n8_s8_k5_lazy_c1000000.judge_normal.intent.json
?? morsehgp3D_v7/receipts/full_gabriel_lazy_probe_20260905/micro/k5/n8_s8_k5_lazy_c1000000.judge_normal.stderr
?? morsehgp3D_v7/receipts/full_gabriel_lazy_probe_20260905/micro/k5/n8_s8_k5_lazy_c1000000.judge_normal.stdout
?? morsehgp3D_v7/receipts/full_gabriel_lazy_probe_20260905/micro/k5/n8_s8_k5_lazy_c1000000.judge_optimized.command.json
?? morsehgp3D_v7/receipts/full_gabriel_lazy_probe_20260905/micro/k5/n8_s8_k5_lazy_c1000000.judge_optimized.intent.json
?? morsehgp3D_v7/receipts/full_gabriel_lazy_probe_20260905/micro/k5/n8_s8_k5_lazy_c1000000.judge_optimized.stderr
?? morsehgp3D_v7/receipts/full_gabriel_lazy_probe_20260905/micro/k5/n8_s8_k5_lazy_c1000000.judge_optimized.stdout
?? morsehgp3D_v7/receipts/full_gabriel_lazy_probe_20260905/micro/k5/n8_s8_k5_lazy_c1000000.raw.txt
?? morsehgp3D_v7/receipts/full_gabriel_lazy_probe_20260905/micro/k5/n8_s8_k5_lazy_c1000000.receipt.json
?? morsehgp3D_v7/receipts/full_gabriel_lazy_probe_20260905/micro/k5/n8_s8_k5_lazy_c1000000.sources_after.json
?? morsehgp3D_v7/receipts/full_gabriel_lazy_probe_20260905/micro/k5/n8_s8_k5_lazy_c1000000.sources_before.json
?? morsehgp3D_v7/receipts/full_gabriel_lazy_probe_20260905/micro/k5/n8_s8_k5_lazy_c1000000.verdict.json
?? morsehgp3D_v7/receipts/full_gabriel_lazy_probe_20260905/micro/k5/protocol.json
?? morsehgp3D_v7/receipts/full_gabriel_lazy_probe_20260905/micro/k5/sources_before.json
?? morsehgp3D_v7/receipts/full_gabriel_lazy_probe_20260905/micro/receipt.json
?? morsehgp3D_v7/receipts/full_gabriel_lazy_probe_20260905/micro/reject_cache_eager.command.json
?? morsehgp3D_v7/receipts/full_gabriel_lazy_probe_20260905/micro/reject_cache_eager.intent.json
?? morsehgp3D_v7/receipts/full_gabriel_lazy_probe_20260905/micro/reject_cache_eager.stderr
?? morsehgp3D_v7/receipts/full_gabriel_lazy_probe_20260905/micro/reject_cache_eager.stdout
?? morsehgp3D_v7/receipts/full_gabriel_lazy_probe_20260905/micro/reject_cache_overflow.command.json
?? morsehgp3D_v7/receipts/full_gabriel_lazy_probe_20260905/micro/reject_cache_overflow.intent.json
?? morsehgp3D_v7/receipts/full_gabriel_lazy_probe_20260905/micro/reject_cache_overflow.stderr
?? morsehgp3D_v7/receipts/full_gabriel_lazy_probe_20260905/micro/reject_cache_overflow.stdout
?? morsehgp3D_v7/receipts/full_gabriel_lazy_probe_20260905/micro/reject_duplicate.command.json
?? morsehgp3D_v7/receipts/full_gabriel_lazy_probe_20260905/micro/reject_duplicate.intent.json
?? morsehgp3D_v7/receipts/full_gabriel_lazy_probe_20260905/micro/reject_duplicate.stderr
?? morsehgp3D_v7/receipts/full_gabriel_lazy_probe_20260905/micro/reject_duplicate.stdout
?? morsehgp3D_v7/receipts/full_gabriel_lazy_probe_20260905/micro/reject_k0.command.json
?? morsehgp3D_v7/receipts/full_gabriel_lazy_probe_20260905/micro/reject_k0.intent.json
?? morsehgp3D_v7/receipts/full_gabriel_lazy_probe_20260905/micro/reject_k0.stderr
?? morsehgp3D_v7/receipts/full_gabriel_lazy_probe_20260905/micro/reject_k0.stdout
?? morsehgp3D_v7/receipts/full_gabriel_lazy_probe_20260905/micro/reject_lazy_no_cache.command.json
?? morsehgp3D_v7/receipts/full_gabriel_lazy_probe_20260905/micro/reject_lazy_no_cache.intent.json
?? morsehgp3D_v7/receipts/full_gabriel_lazy_probe_20260905/micro/reject_lazy_no_cache.stderr
?? morsehgp3D_v7/receipts/full_gabriel_lazy_probe_20260905/micro/reject_lazy_no_cache.stdout
?? morsehgp3D_v7/receipts/full_gabriel_lazy_probe_20260905/micro/reject_missing.command.json
?? morsehgp3D_v7/receipts/full_gabriel_lazy_probe_20260905/micro/reject_missing.intent.json
?? morsehgp3D_v7/receipts/full_gabriel_lazy_probe_20260905/micro/reject_missing.stderr
?? morsehgp3D_v7/receipts/full_gabriel_lazy_probe_20260905/micro/reject_missing.stdout
?? morsehgp3D_v7/receipts/full_gabriel_lazy_probe_20260905/micro/reject_n9.command.json
?? morsehgp3D_v7/receipts/full_gabriel_lazy_probe_20260905/micro/reject_n9.intent.json
?? morsehgp3D_v7/receipts/full_gabriel_lazy_probe_20260905/micro/reject_n9.stderr
?? morsehgp3D_v7/receipts/full_gabriel_lazy_probe_20260905/micro/reject_n9.stdout
?? morsehgp3D_v7/receipts/full_gabriel_lazy_probe_20260905/micro/reject_policy_duplicate.command.json
?? morsehgp3D_v7/receipts/full_gabriel_lazy_probe_20260905/micro/reject_policy_duplicate.intent.json
?? morsehgp3D_v7/receipts/full_gabriel_lazy_probe_20260905/micro/reject_policy_duplicate.stderr
?? morsehgp3D_v7/receipts/full_gabriel_lazy_probe_20260905/micro/reject_policy_duplicate.stdout
?? morsehgp3D_v7/receipts/full_gabriel_lazy_probe_20260905/micro/reject_policy_missing.command.json
?? morsehgp3D_v7/receipts/full_gabriel_lazy_probe_20260905/micro/reject_policy_missing.intent.json
?? morsehgp3D_v7/receipts/full_gabriel_lazy_probe_20260905/micro/reject_policy_missing.stderr
?? morsehgp3D_v7/receipts/full_gabriel_lazy_probe_20260905/micro/reject_policy_missing.stdout
?? morsehgp3D_v7/receipts/full_gabriel_lazy_probe_20260905/micro/reject_s9.command.json
?? morsehgp3D_v7/receipts/full_gabriel_lazy_probe_20260905/micro/reject_s9.intent.json
?? morsehgp3D_v7/receipts/full_gabriel_lazy_probe_20260905/micro/reject_s9.stderr
?? morsehgp3D_v7/receipts/full_gabriel_lazy_probe_20260905/micro/reject_s9.stdout
?? morsehgp3D_v7/receipts/full_gabriel_lazy_probe_20260905/micro/reject_unknown.command.json
?? morsehgp3D_v7/receipts/full_gabriel_lazy_probe_20260905/micro/reject_unknown.intent.json
?? morsehgp3D_v7/receipts/full_gabriel_lazy_probe_20260905/micro/reject_unknown.stderr
?? morsehgp3D_v7/receipts/full_gabriel_lazy_probe_20260905/micro/reject_unknown.stdout
?? morsehgp3D_v7/receipts/full_gabriel_lazy_probe_20260905/micro/sources_after.json
?? morsehgp3D_v7/receipts/full_gabriel_lazy_probe_20260905/micro/sources_before.json
?? morsehgp3D_v7/receipts/full_gabriel_lazy_probe_20260905/micro/worktree.command.json
?? morsehgp3D_v7/receipts/full_gabriel_lazy_probe_20260905/micro/worktree.intent.json
?? morsehgp3D_v7/receipts/full_gabriel_lazy_probe_20260905/micro/worktree.stderr
?? morsehgp3D_v7/receipts/full_gabriel_lazy_probe_20260905/micro/worktree.stdout
?? morsehgp3D_v7/receipts/full_gabriel_lazy_probe_20260905/protocol/capture.py
?? morsehgp3D_v7/receipts/full_gabriel_lazy_probe_20260905/protocol/check_v7_receipt_publication.py
?? morsehgp3D_v7/receipts/full_gabriel_lazy_probe_20260905/protocol/probe_audit.py
?? morsehgp3D_v7/receipts/full_gabriel_lazy_probe_20260905/protocol/publication_common.py
?? morsehgp3D_v7/receipts/full_gabriel_lazy_probe_20260905/protocol/publish.py
?? morsehgp3D_v7/receipts/full_gabriel_lazy_probe_20260905/protocol/semantic_digest.hpp
?? morsehgp3D_v7/receipts/full_gabriel_lazy_probe_20260905/protocol/source_probe.cpp
?? morsehgp3D_v7/receipts/full_gabriel_lazy_probe_20260905/publication.json
?? morsehgp3D_v7/receipts/full_lazy_development_20260905/README.md
?? morsehgp3D_v7/receipts/full_lazy_development_20260905/SHA256SUMS
?? morsehgp3D_v7/receipts/full_lazy_development_20260905/commands.json
?? morsehgp3D_v7/receipts/full_lazy_development_20260905/full_gabriel_lazy_gate.failed.cpp
?? morsehgp3D_v7/tests/full_gabriel_digest_gate.cpp
?? morsehgp3D_v7/tests/full_gabriel_lazy_allocation_gate.cpp
?? morsehgp3D_v7/tests/full_gabriel_lazy_gate.cpp
