bf800000 00000000 00000000 3f800000 00000000 00000000 00000000 00000000 00000000
bf800000 00000000 00000000 3f800000 00000000 00000000 00000000 3f800000 00000000
bf800000 00000000 00000000 3f800000 00000000 00000000 00000000 40000000 00000000
00000000 00000000 00000000 00000000 00000000 00000000 00000000 00000000 00000000
00000000 00000000 00000000 00000002 00000000 00000000 00000001 00000000 00000000
00000000 00000000 00000000 00000001 00000000 00000000 80000001 00000000 00000000
7f7fffff 3f800000 00000000 ff7fffff bf800000 00000000 7f7fffff 00000000 00000000
80000000 00000000 00000000 00000000 80000000 00000000 00000000 00000000 80000000
83800000 00000000 00000000 03800000 00000000 00000000 00000000 037fffff 00000000
83800000 00000000 00000000 03800000 00000000 00000000 00000000 03800000 00000000
83800000 00000000 00000000 03800000 00000000 00000000 00000000 03800001 00000000
a1800000 00000000 00000000 21800000 00000000 00000000 00000000 217fffff 00000000
a1800000 00000000 00000000 21800000 00000000 00000000 00000000 21800000 00000000
a1800000 00000000 00000000 21800000 00000000 00000000 00000000 21800001 00000000
bf800000 00000000 00000000 3f800000 00000000 00000000 00000000 3f7fffff 00000000
bf800000 00000000 00000000 3f800000 00000000 00000000 00000000 3f800000 00000000
bf800000 00000000 00000000 3f800000 00000000 00000000 00000000 3f800001 00000000
dd800000 00000000 00000000 5d800000 00000000 00000000 00000000 5d7fffff 00000000
dd800000 00000000 00000000 5d800000 00000000 00000000 00000000 5d800000 00000000
dd800000 00000000 00000000 5d800000 00000000 00000000 00000000 5d800001 00000000
fb800000 00000000 00000000 7b800000 00000000 00000000 00000000 7b7fffff 00000000
fb800000 00000000 00000000 7b800000 00000000 00000000 00000000 7b800000 00000000
fb800000 00000000 00000000 7b800000 00000000 00000000 00000000 7b800001 00000000
76dd603b dcf85cc9 8b20dfa9 9e26c9ed b779249d 3874569b 35ba3790 52684261 4075679b
9e26c9ed b779249d 3874569b 76dd603b dcf85cc9 8b20dfa9 35ba3790 52684261 4075679b
76dd603b dcf85cc9 8b20dfa9 9e26c9ed b779249d 3874569b 76dd603b dcf85cc9 8b20dfa9
94d3aa20 6e97ba19 799a57cc 330a5ba6 d101c627 48961a2a 0681a7c8 84cf0a1c ff0ebc09
330a5ba6 d101c627 48961a2a 94d3aa20 6e97ba19 799a57cc 0681a7c8 84cf0a1c ff0ebc09
94d3aa20 6e97ba19 799a57cc 330a5ba6 d101c627 48961a2a 94d3aa20 6e97ba19 799a57cc
0d07d9ac a9b198ac 2991450a 43c87d7d 515e650d fa518500 c1fd56de a0eb0452 7615ca7d
43c87d7d 515e650d fa518500 0d07d9ac a9b198ac 2991450a c1fd56de a0eb0452 7615ca7d
0d07d9ac a9b198ac 2991450a 43c87d7d 515e650d fa518500 0d07d9ac a9b198ac 2991450a
6cc900b0 c29bad29 20d8af82 1d1de751 60740de7 3b741dcd c3e05f2d 0a4c7af0 034acf74
1d1de751 60740de7 3b741dcd 6cc900b0 c29bad29 20d8af82 c3e05f2d 0a4c7af0 034acf74
6cc900b0 c29bad29 20d8af82 1d1de751 60740de7 3b741dcd 6cc900b0 c29bad29 20d8af82
dfbf5335 dd713d72 5ca874b5 719ea62e 95d19132 f705e45a 8cf8498c fe6ee820 e2ccf13e
719ea62e 95d19132 f705e45a dfbf5335 dd713d72 5ca874b5 8cf8498c fe6ee820 e2ccf13e
dfbf5335 dd713d72 5ca874b5 719ea62e 95d19132 f705e45a dfbf5335 dd713d72 5ca874b5
0077906d d7dfe795 0f369bea 94c9cbef 69436201 e920ba92 5f0fa754 ff666a1e 5e9c8cfe
94c9cbef 69436201 e920ba92 0077906d d7dfe795 0f369bea 5f0fa754 ff666a1e 5e9c8cfe
0077906d d7dfe795 0f369bea 94c9cbef 69436201 e920ba92 0077906d d7dfe795 0f369bea
83cb7a96 4f66f495 8fc5ed17 48e90023 d41a5a91 8ae4c9da 1825d23e 4270c618 1bf9bc0d
48e90023 d41a5a91 8ae4c9da 83cb7a96 4f66f495 8fc5ed17 1825d23e 4270c618 1bf9bc0d
83cb7a96 4f66f495 8fc5ed17 48e90023 d41a5a91 8ae4c9da 83cb7a96 4f66f495 8fc5ed17
b8de0cbd b5e1eb13 1d9394b1 e43a65b6 fe4afc5e 02b59644 90519042 21468e45 b934a6f8
e43a65b6 fe4afc5e 02b59644 b8de0cbd b5e1eb13 1d9394b1 90519042 21468e45 b934a6f8
b8de0cbd b5e1eb13 1d9394b1 e43a65b6 fe4afc5e 02b59644 b8de0cbd b5e1eb13 1d9394b1
5eccbd18 ae457c7e d17640d1 5a119c87 c121a63f dd6b8e28 96f7c7e4 eb6d8b49 218561f6
5a119c87 c121a63f dd6b8e28 5eccbd18 ae457c7e d17640d1 96f7c7e4 eb6d8b49 218561f6
5eccbd18 ae457c7e d17640d1 5a119c87 c121a63f dd6b8e28 5eccbd18 ae457c7e d17640d1
623f6495 5fd65ba6 84e25eeb ca371219 abc1bb67 ab93da60 24e03abe 9e66f04c 2d0cbba1
ca371219 abc1bb67 ab93da60 623f6495 5fd65ba6 84e25eeb 24e03abe 9e66f04c 2d0cbba1
623f6495 5fd65ba6 84e25eeb ca371219 abc1bb67 ab93da60 623f6495 5fd65ba6 84e25eeb
7e439c51 6e6be8f6 bb9bdcdc e94e727f f23d5558 11d7f379 d9678321 2f5e18b8 8316f48d
e94e727f f23d5558 11d7f379 7e439c51 6e6be8f6 bb9bdcdc d9678321 2f5e18b8 8316f48d
7e439c51 6e6be8f6 bb9bdcdc e94e727f f23d5558 11d7f379 7e439c51 6e6be8f6 bb9bdcdc
2bff9e40 5521e0db 666cafbf 26ff8bd4 657dcbb9 f5b95790 b6359ac7 3b8a2566 b79923bc
26ff8bd4 657dcbb9 f5b95790 2bff9e40 5521e0db 666cafbf b6359ac7 3b8a2566 b79923bc
2bff9e40 5521e0db 666cafbf 26ff8bd4 657dcbb9 f5b95790 2bff9e40 5521e0db 666cafbf
23e1db6a 81a69be0 78dc581a 80c270ce 52406a25 f2288344 87f1b2b6 310f2239 2a1ba7e9
80c270ce 52406a25 f2288344 23e1db6a 81a69be0 78dc581a 87f1b2b6 310f2239 2a1ba7e9
23e1db6a 81a69be0 78dc581a 80c270ce 52406a25 f2288344 23e1db6a 81a69be0 78dc581a
893708c0 ec6773d7 98c8b5fe 7d7aa604 0d178367 c475f7a3 df7e643c b0287569 3ea2ffa9
7d7aa604 0d178367 c475f7a3 893708c0 ec6773d7 98c8b5fe df7e643c b0287569 3ea2ffa9
893708c0 ec6773d7 98c8b5fe 7d7aa604 0d178367 c475f7a3 893708c0 ec6773d7 98c8b5fe
ded649f7 e18978a3 14c33fb2 c378d9db f7362077 89d200cf 678752b2 72bdd1b4 36685c1d
c378d9db f7362077 89d200cf ded649f7 e18978a3 14c33fb2 678752b2 72bdd1b4 36685c1d
ded649f7 e18978a3 14c33fb2 c378d9db f7362077 89d200cf ded649f7 e18978a3 14c33fb2
a9066623 2edceb51 e117eefe 8a0306dd 5b399357 5f03c023 193da512 1e0498df 4617a912
8a0306dd 5b399357 5f03c023 a9066623 2edceb51 e117eefe 193da512 1e0498df 4617a912
a9066623 2edceb51 e117eefe 8a0306dd 5b399357 5f03c023 a9066623 2edceb51 e117eefe
d516ec21 49f116f1 4af3293b 0960d39f 584ec801 a2ed2923 15609c5b 226c1bc6 f2462265
0960d39f 584ec801 a2ed2923 d516ec21 49f116f1 4af3293b 15609c5b 226c1bc6 f2462265
d516ec21 49f116f1 4af3293b 0960d39f 584ec801 a2ed2923 d516ec21 49f116f1 4af3293b
e0a961bc 21c4edba f759818b 64f8c367 7ac999ed f45dab61 8a170677 91096d24 8b2c28e3
64f8c367 7ac999ed f45dab61 e0a961bc 21c4edba f759818b 8a170677 91096d24 8b2c28e3
e0a961bc 21c4edba f759818b 64f8c367 7ac999ed f45dab61 e0a961bc 21c4edba f759818b
09392b9f fd6967b1 9457d9d4 b8129fec 3a731015 3f7074bf 512bfa95 3f0a4f2e 1e8e0920
b8129fec 3a731015 3f7074bf 09392b9f fd6967b1 9457d9d4 512bfa95 3f0a4f2e 1e8e0920
09392b9f fd6967b1 9457d9d4 b8129fec 3a731015 3f7074bf 09392b9f fd6967b1 9457d9d4
40e92400 72bb5fd3 afffef60 f6a79997 1899f53d 82ed8935 e177c4fd 92c31ccc dd9aa485
f6a79997 1899f53d 82ed8935 40e92400 72bb5fd3 afffef60 e177c4fd 92c31ccc dd9aa485
40e92400 72bb5fd3 afffef60 f6a79997 1899f53d 82ed8935 40e92400 72bb5fd3 afffef60
19d5c1af a4347b04 bdd604f8 0077661b 5d60080d 7bcc6ac4 fae379e9 b2481f39 f5c31cb9
0077661b 5d60080d 7bcc6ac4 19d5c1af a4347b04 bdd604f8 fae379e9 b2481f39 f5c31cb9
19d5c1af a4347b04 bdd604f8 0077661b 5d60080d 7bcc6ac4 19d5c1af a4347b04 bdd604f8
133ab688 0dc7a1ef e989591c 6ba15c6f 0d431445 05e7a500 f3c6b387 fd842d4d 1f9c38b4
6ba15c6f 0d431445 05e7a500 133ab688 0dc7a1ef e989591c f3c6b387 fd842d4d 1f9c38b4
133ab688 0dc7a1ef e989591c 6ba15c6f 0d431445 05e7a500 133ab688 0dc7a1ef e989591c
91824485 40d51df8 c0489fbe c33fd283 eb046b9f 5046d91d 43b099a3 fbdc9574 4593a44c
c33fd283 eb046b9f 5046d91d 91824485 40d51df8 c0489fbe 43b099a3 fbdc9574 4593a44c
91824485 40d51df8 c0489fbe c33fd283 eb046b9f 5046d91d 91824485 40d51df8 c0489fbe
0379521e 101fce24 0a0f2c1c c785f563 1c6571f9 f8b31e9f 3dfeebb8 57126cee 7a14f89d
c785f563 1c6571f9 f8b31e9f 0379521e 101fce24 0a0f2c1c 3dfeebb8 57126cee 7a14f89d
0379521e 101fce24 0a0f2c1c c785f563 1c6571f9 f8b31e9f 0379521e 101fce24 0a0f2c1c
dd246bb9 1687b91b 439bad98 c0ac7c1a f9a0dc30 dbbe8829 9fc5aed1 d5281814 0f58a782
c0ac7c1a f9a0dc30 dbbe8829 dd246bb9 1687b91b 439bad98 9fc5aed1 d5281814 0f58a782
dd246bb9 1687b91b 439bad98 c0ac7c1a f9a0dc30 dbbe8829 dd246bb9 1687b91b 439bad98
482c95c2 545318a1 55efacaf 7e141ca7 8ca7ad1d 7434237e 9d0a0859 e9bbdb8b fc35f97c
7e141ca7 8ca7ad1d 7434237e 482c95c2 545318a1 55efacaf 9d0a0859 e9bbdb8b fc35f97c
482c95c2 545318a1 55efacaf 7e141ca7 8ca7ad1d 7434237e 482c95c2 545318a1 55efacaf
bc1faa14 353fb6a0 44c77425 879c09eb 0376dd79 2af301ca 09cb3445 3e90aa2b 08242a83
879c09eb 0376dd79 2af301ca bc1faa14 353fb6a0 44c77425 09cb3445 3e90aa2b 08242a83
bc1faa14 353fb6a0 44c77425 879c09eb 0376dd79 2af301ca bc1faa14 353fb6a0 44c77425
688cff49 413bf0a5 24cde6a3 b2d1e47b e5034544 70be13f0 1dea34ca 51eb21f3 e24dad58
b2d1e47b e5034544 70be13f0 688cff49 413bf0a5 24cde6a3 1dea34ca 51eb21f3 e24dad58
688cff49 413bf0a5 24cde6a3 b2d1e47b e5034544 70be13f0 688cff49 413bf0a5 24cde6a3
129fd693 8981281a bdcf8aa7 bd956179 258f8bfe 07451a4a 3da9489f 3bb5ddf9 b4515ebd
bd956179 258f8bfe 07451a4a 129fd693 8981281a bdcf8aa7 3da9489f 3bb5ddf9 b4515ebd
129fd693 8981281a bdcf8aa7 bd956179 258f8bfe 07451a4a 129fd693 8981281a bdcf8aa7
8a8add51 6ceb7305 5302b617 0d9797dc b2ad6fb8 918fddf6 9259b320 fd51ddde 64c48798
0d9797dc b2ad6fb8 918fddf6 8a8add51 6ceb7305 5302b617 9259b320 fd51ddde 64c48798
8a8add51 6ceb7305 5302b617 0d9797dc b2ad6fb8 918fddf6 8a8add51 6ceb7305 5302b617
28586d66 12d14b32 4152682a 1adfb58b 83f08456 b79607d4 73c88a1e 6e44430d aed51747
1adfb58b 83f08456 b79607d4 28586d66 12d14b32 4152682a 73c88a1e 6e44430d aed51747
28586d66 12d14b32 4152682a 1adfb58b 83f08456 b79607d4 28586d66 12d14b32 4152682a
37c4729d 83a0a171 c06d0f38 d7970221 f784e234 7bd19b92 822de40f aac277b4 276d0054
d7970221 f784e234 7bd19b92 37c4729d 83a0a171 c06d0f38 822de40f aac277b4 276d0054
37c4729d 83a0a171 c06d0f38 d7970221 f784e234 7bd19b92 37c4729d 83a0a171 c06d0f38
ecdcc5c3 4e24fc9b 8ebcb5bb dc91ffd1 2520b658 494d71d4 f36a6a47 21d7e833 0af69fd3
dc91ffd1 2520b658 494d71d4 ecdcc5c3 4e24fc9b 8ebcb5bb f36a6a47 21d7e833 0af69fd3
ecdcc5c3 4e24fc9b 8ebcb5bb dc91ffd1 2520b658 494d71d4 ecdcc5c3 4e24fc9b 8ebcb5bb
59ac8c15 d82e66b8 777de15f 32f198cb 0d49b218 17bb0039 51aa364e 551da649 68ddc4f0
32f198cb 0d49b218 17bb0039 59ac8c15 d82e66b8 777de15f 51aa364e 551da649 68ddc4f0
59ac8c15 d82e66b8 777de15f 32f198cb 0d49b218 17bb0039 59ac8c15 d82e66b8 777de15f
5ad5ef5a 145fc080 78effb5a 19922430 f6fdff03 abbd4280 6080e231 6154f9f1 d7d277a6
19922430 f6fdff03 abbd4280 5ad5ef5a 145fc080 78effb5a 6080e231 6154f9f1 d7d277a6
5ad5ef5a 145fc080 78effb5a 19922430 f6fdff03 abbd4280 5ad5ef5a 145fc080 78effb5a
aac054d5 2eac4fd4 873b0812 8aa118f0 69844292 cae07de4 eefc8ca4 e548ff9f 36573e43
8aa118f0 69844292 cae07de4 aac054d5 2eac4fd4 873b0812 eefc8ca4 e548ff9f 36573e43
aac054d5 2eac4fd4 873b0812 8aa118f0 69844292 cae07de4 aac054d5 2eac4fd4 873b0812
72c5a65b 73cbd972 08d9ca46 65a3e1ba c9b5b4ee 105c509e f0d6d1ce 0285bdcd 2bad9384
65a3e1ba c9b5b4ee 105c509e 72c5a65b 73cbd972 08d9ca46 f0d6d1ce 0285bdcd 2bad9384
72c5a65b 73cbd972 08d9ca46 65a3e1ba c9b5b4ee 105c509e 72c5a65b 73cbd972 08d9ca46
9a8b5841 281f5da9 1bc5b763 6024f972 16fca3ee bdc074c7 94bf01db eec1458f 2515b684
6024f972 16fca3ee bdc074c7 9a8b5841 281f5da9 1bc5b763 94bf01db eec1458f 2515b684
9a8b5841 281f5da9 1bc5b763 6024f972 16fca3ee bdc074c7 9a8b5841 281f5da9 1bc5b763
9c97a1c0 ea2f38f3 a0d877ce 87e96056 c0af9318 64efb3d7 a8a90ba9 8f783ffc 0f00ea61
87e96056 c0af9318 64efb3d7 9c97a1c0 ea2f38f3 a0d877ce a8a90ba9 8f783ffc 0f00ea61
9c97a1c0 ea2f38f3 a0d877ce 87e96056 c0af9318 64efb3d7 9c97a1c0 ea2f38f3 a0d877ce
ebcb22b3 a772f8a6 6d3318bb 2d970d35 d4cd4c86 49c65669 d861c208 455fc9f8 2fb3ab18
2d970d35 d4cd4c86 49c65669 ebcb22b3 a772f8a6 6d3318bb d861c208 455fc9f8 2fb3ab18
ebcb22b3 a772f8a6 6d3318bb 2d970d35 d4cd4c86 49c65669 ebcb22b3 a772f8a6 6d3318bb
22a82977 eff30257 524340c5 8274d7b2 1c2f160d 85b43d17 d0eb8a65 02765a3d 7973dc5b
8274d7b2 1c2f160d 85b43d17 22a82977 eff30257 524340c5 d0eb8a65 02765a3d 7973dc5b
22a82977 eff30257 524340c5 8274d7b2 1c2f160d 85b43d17 22a82977 eff30257 524340c5
78dc89b4 69884414 ac1b365b 29777c0a 4a856bac 1f425065 9455b996 4b1b58e7 d67de233
29777c0a 4a856bac 1f425065 78dc89b4 69884414 ac1b365b 9455b996 4b1b58e7 d67de233
78dc89b4 69884414 ac1b365b 29777c0a 4a856bac 1f425065 78dc89b4 69884414 ac1b365b
9a31747f c55a23f3 30ecb5d9 fe7b10ee 7c9b0636 7536648e b1ff2952 f095668b 0def6b47
fe7b10ee 7c9b0636 7536648e 9a31747f c55a23f3 30ecb5d9 b1ff2952 f095668b 0def6b47
9a31747f c55a23f3 30ecb5d9 fe7b10ee 7c9b0636 7536648e 9a31747f c55a23f3 30ecb5d9
0fdfa065 20307377 390e34f4 cf1acf6e b69f22ee 0f9a9275 3e510a15 7afcc7c6 c62de77b
cf1acf6e b69f22ee 0f9a9275 0fdfa065 20307377 390e34f4 3e510a15 7afcc7c6 c62de77b
0fdfa065 20307377 390e34f4 cf1acf6e b69f22ee 0f9a9275 0fdfa065 20307377 390e34f4
6b05c905 d860ad77 f65a2ee2 f571a60d b1cc2234 3b264983 1684bc5f 85491bdd e4e66659
f571a60d b1cc2234 3b264983 6b05c905 d860ad77 f65a2ee2 1684bc5f 85491bdd e4e66659
6b05c905 d860ad77 f65a2ee2 f571a60d b1cc2234 3b264983 6b05c905 d860ad77 f65a2ee2
d4e80756 24887e4b 12ac6286 b9ce2dc5 47240927 bfe46f70 100ac0da df77ad96 320905d9
b9ce2dc5 47240927 bfe46f70 d4e80756 24887e4b 12ac6286 100ac0da df77ad96 320905d9
d4e80756 24887e4b 12ac6286 b9ce2dc5 47240927 bfe46f70 d4e80756 24887e4b 12ac6286
9ccbc271 a4be0b49 04d4dbfc 173485a1 0723f7a5 1943b835 9de778cf 0e15b47f b57c9a11
173485a1 0723f7a5 1943b835 9ccbc271 a4be0b49 04d4dbfc 9de778cf 0e15b47f b57c9a11
9ccbc271 a4be0b49 04d4dbfc 173485a1 0723f7a5 1943b835 9ccbc271 a4be0b49 04d4dbfc
423229a5 bc8fbf23 def14be7 af466033 c51c941d 29e0ba45 7aadd7d0 13904a16 e3e9c0cf
af466033 c51c941d 29e0ba45 423229a5 bc8fbf23 def14be7 7aadd7d0 13904a16 e3e9c0cf
423229a5 bc8fbf23 def14be7 af466033 c51c941d 29e0ba45 423229a5 bc8fbf23 def14be7
d564dd64 11797ad8 2642d1f7 c98fb873 df1891f6 f8bbf510 ff2779d6 f6fd9d8a 7c82528a
c98fb873 df1891f6 f8bbf510 d564dd64 11797ad8 2642d1f7 ff2779d6 f6fd9d8a 7c82528a
d564dd64 11797ad8 2642d1f7 c98fb873 df1891f6 f8bbf510 d564dd64 11797ad8 2642d1f7
ead664b8 096d9c50 7c5bd734 3eb5f81c 5245bc21 200917f0 3795df95 9de2f32f a6ed6d1a
3eb5f81c 5245bc21 200917f0 ead664b8 096d9c50 7c5bd734 3795df95 9de2f32f a6ed6d1a
ead664b8 096d9c50 7c5bd734 3eb5f81c 5245bc21 200917f0 ead664b8 096d9c50 7c5bd734
3c8c11f1 0d14a9ca 975cc23a af3c0c9d 1c598bc5 51ba0635 783b0019 23193157 6436ecb1
af3c0c9d 1c598bc5 51ba0635 3c8c11f1 0d14a9ca 975cc23a 783b0019 23193157 6436ecb1
3c8c11f1 0d14a9ca 975cc23a af3c0c9d 1c598bc5 51ba0635 3c8c11f1 0d14a9ca 975cc23a
ca2484a9 a3f020f5 50b39f28 4ef0c54a cf28161e 87c57ee5 603ef98d ea49bd0f 6cc92118
4ef0c54a cf28161e 87c57ee5 ca2484a9 a3f020f5 50b39f28 603ef98d ea49bd0f 6cc92118
ca2484a9 a3f020f5 50b39f28 4ef0c54a cf28161e 87c57ee5 ca2484a9 a3f020f5 50b39f28
a9dcdcc2 6e2e401d f0de7a43 4aa0f6e3 f9e8c40d 3aab8a51 cb072225 0d25deb4 f7885973
4aa0f6e3 f9e8c40d 3aab8a51 a9dcdcc2 6e2e401d f0de7a43 cb072225 0d25deb4 f7885973
a9dcdcc2 6e2e401d f0de7a43 4aa0f6e3 f9e8c40d 3aab8a51 a9dcdcc2 6e2e401d f0de7a43
d9c2db09 36491192 f2808b4f 5bfcd9e9 37d604b5 b702fc57 5a25f3ad 6826676b 23a55381
5bfcd9e9 37d604b5 b702fc57 d9c2db09 36491192 f2808b4f 5a25f3ad 6826676b 23a55381
d9c2db09 36491192 f2808b4f 5bfcd9e9 37d604b5 b702fc57 d9c2db09 36491192 f2808b4f
8a4bb93d 87bf4dca 5cc93d74 9a5ce3d2 35477c90 17fe1bf8 cdf10f97 a0e49491 037b8332
9a5ce3d2 35477c90 17fe1bf8 8a4bb93d 87bf4dca 5cc93d74 cdf10f97 a0e49491 037b8332
8a4bb93d 87bf4dca 5cc93d74 9a5ce3d2 35477c90 17fe1bf8 8a4bb93d 87bf4dca 5cc93d74
835a524f cd71fc63 641bd10f 06b7d8fc 3384e6e8 ba610907 44f46f03 b8a5541c 4ac590f6
06b7d8fc 3384e6e8 ba610907 835a524f cd71fc63 641bd10f 44f46f03 b8a5541c 4ac590f6
835a524f cd71fc63 641bd10f 06b7d8fc 3384e6e8 ba610907 835a524f cd71fc63 641bd10f
ef5f8972 1dce124d 138d1817 f09b37a1 58858fdb c20df867 34e2f8f4 a1df37d9 ab3da9a7
f09b37a1 58858fdb c20df867 ef5f8972 1dce124d 138d1817 34e2f8f4 a1df37d9 ab3da9a7
ef5f8972 1dce124d 138d1817 f09b37a1 58858fdb c20df867 ef5f8972 1dce124d 138d1817
f5595196 7b4a6cac 05a12f52 2464e92a b07f0358 e6ba761c 90f3cdf2 283cac08 31e8efa3
2464e92a b07f0358 e6ba761c f5595196 7b4a6cac 05a12f52 90f3cdf2 283cac08 31e8efa3
f5595196 7b4a6cac 05a12f52 2464e92a b07f0358 e6ba761c f5595196 7b4a6cac 05a12f52
0e3e5d47 4d4ad01b 4dddb402 d21df113 6ad255b6 4876e451 6374ec87 6ed6dc2e 0191ebb9
d21df113 6ad255b6 4876e451 0e3e5d47 4d4ad01b 4dddb402 6374ec87 6ed6dc2e 0191ebb9
0e3e5d47 4d4ad01b 4dddb402 d21df113 6ad255b6 4876e451 0e3e5d47 4d4ad01b 4dddb402
3d17f5d8 4f5e27f7 e9b46600 8ba1bb59 1d4a291b 9c2f9331 feb4aeb4 21d28491 7641453b
8ba1bb59 1d4a291b 9c2f9331 3d17f5d8 4f5e27f7 e9b46600 feb4aeb4 21d28491 7641453b
3d17f5d8 4f5e27f7 e9b46600 8ba1bb59 1d4a291b 9c2f9331 3d17f5d8 4f5e27f7 e9b46600
fa8fdbe2 31aeb66d 9c605606 8cfc8264 9ab35fdb 4cfb962d cf2021c7 ed97de01 d5da9fd2
8cfc8264 9ab35fdb 4cfb962d fa8fdbe2 31aeb66d 9c605606 cf2021c7 ed97de01 d5da9fd2
fa8fdbe2 31aeb66d 9c605606 8cfc8264 9ab35fdb 4cfb962d fa8fdbe2 31aeb66d 9c605606
6967af07 d104de67 f3bdbef9 5446dcc2 d63b3f48 f78ffd8a 14dd574e 37d93f4d 90ffbd25
5446dcc2 d63b3f48 f78ffd8a 6967af07 d104de67 f3bdbef9 14dd574e 37d93f4d 90ffbd25
6967af07 d104de67 f3bdbef9 5446dcc2 d63b3f48 f78ffd8a 6967af07 d104de67 f3bdbef9
bd877180 a427ba21 f448e2ca e6054778 5062ce2f 3eb4a373 43ebe891 8520be43 e18b1e86
e6054778 5062ce2f 3eb4a373 bd877180 a427ba21 f448e2ca 43ebe891 8520be43 e18b1e86
bd877180 a427ba21 f448e2ca e6054778 5062ce2f 3eb4a373 bd877180 a427ba21 f448e2ca
bfe2265f 9503a4c8 cd02c36c 62388b33 55703a0f b540d97f 6afcd41b e983ef80 c4aaa9bb
62388b33 55703a0f b540d97f bfe2265f 9503a4c8 cd02c36c 6afcd41b e983ef80 c4aaa9bb
bfe2265f 9503a4c8 cd02c36c 62388b33 55703a0f b540d97f bfe2265f 9503a4c8 cd02c36c
77c08732 aa558f71 e268b4e8 127aae0b 3f6351c5 7a2310ad 4fe80837 c28dfce6 5d2e0bbe
127aae0b 3f6351c5 7a2310ad 77c08732 aa558f71 e268b4e8 4fe80837 c28dfce6 5d2e0bbe
77c08732 aa558f71 e268b4e8 127aae0b 3f6351c5 7a2310ad 77c08732 aa558f71 e268b4e8
4869096c 2a06b84c 1fadf7ee 8ee483a3 0576e475 f0a17b33 3a7d6563 e33e7047 58bf1725
8ee483a3 0576e475 f0a17b33 4869096c 2a06b84c 1fadf7ee 3a7d6563 e33e7047 58bf1725
4869096c 2a06b84c 1fadf7ee 8ee483a3 0576e475 f0a17b33 4869096c 2a06b84c 1fadf7ee
3c830430 dc80ee10 62d607a6 90ac8175 3bdf8c54 75e4e723 7439aa0e 18b86063 017752b1
90ac8175 3bdf8c54 75e4e723 3c830430 dc80ee10 62d607a6 7439aa0e 18b86063 017752b1
3c830430 dc80ee10 62d607a6 90ac8175 3bdf8c54 75e4e723 3c830430 dc80ee10 62d607a6
f31f8c00 2e189822 d985b755 be0ed28d 0aaeeb68 20498481 2bb27c69 bf5fe19f c7c6eff7
be0ed28d 0aaeeb68 20498481 f31f8c00 2e189822 d985b755 2bb27c69 bf5fe19f c7c6eff7
f31f8c00 2e189822 d985b755 be0ed28d 0aaeeb68 20498481 f31f8c00 2e189822 d985b755
7ef36e54 ca5a9ea7 40bc0233 1a82c210 6f0d44de b360cb30 ee0ecc22 e1bd76b2 56bad1be
1a82c210 6f0d44de b360cb30 7ef36e54 ca5a9ea7 40bc0233 ee0ecc22 e1bd76b2 56bad1be
7ef36e54 ca5a9ea7 40bc0233 1a82c210 6f0d44de b360cb30 7ef36e54 ca5a9ea7 40bc0233
bd7980dd 13dfddbc 456be20e 82e8353e 124e24b9 abbd0580 0be89d3a 5cae8e2a 4b96ca9e
82e8353e 124e24b9 abbd0580 bd7980dd 13dfddbc 456be20e 0be89d3a 5cae8e2a 4b96ca9e
bd7980dd 13dfddbc 456be20e 82e8353e 124e24b9 abbd0580 bd7980dd 13dfddbc 456be20e
6d26abaf 51c90b8c ce8b19da 9eda56b2 41521d00 de7452d3 54621af4 5a54a5c0 8dc1ce07
9eda56b2 41521d00 de7452d3 6d26abaf 51c90b8c ce8b19da 54621af4 5a54a5c0 8dc1ce07
6d26abaf 51c90b8c ce8b19da 9eda56b2 41521d00 de7452d3 6d26abaf 51c90b8c ce8b19da
2d44cf6d 58e10877 90d8d581 8cabd441 73c753f8 b3e3ff1e 9eb61642 4ee22a76 5aede340
8cabd441 73c753f8 b3e3ff1e 2d44cf6d 58e10877 90d8d581 9eb61642 4ee22a76 5aede340
2d44cf6d 58e10877 90d8d581 8cabd441 73c753f8 b3e3ff1e 2d44cf6d 58e10877 90d8d581
ebb33bcd 1396ceab e0807aa1 7cbda146 1f5ad4f1 7bc9360e e86291c9 6e6b84d0 29182969
7cbda146 1f5ad4f1 7bc9360e ebb33bcd 1396ceab e0807aa1 e86291c9 6e6b84d0 29182969
ebb33bcd 1396ceab e0807aa1 7cbda146 1f5ad4f1 7bc9360e ebb33bcd 1396ceab e0807aa1
c4c08aa9 ed8ac973 e5639530 74f2fa48 3d06b79b d8f08046 5caa9da5 87817381 3aff6693
74f2fa48 3d06b79b d8f08046 c4c08aa9 ed8ac973 e5639530 5caa9da5 87817381 3aff6693
c4c08aa9 ed8ac973 e5639530 74f2fa48 3d06b79b d8f08046 c4c08aa9 ed8ac973 e5639530
cbde6d8b 97ed9f08 bf33823d 20c61dae 5df5e2ec b5529302 c3df3f0c 673763f0 269d74ea
20c61dae 5df5e2ec b5529302 cbde6d8b 97ed9f08 bf33823d c3df3f0c 673763f0 269d74ea
cbde6d8b 97ed9f08 bf33823d 20c61dae 5df5e2ec b5529302 cbde6d8b 97ed9f08 bf33823d
b6f2875c f4896042 b462c14f 9c54ad0b 613c33de 0c35c96e dddb3bf3 902057db a88c1e26
9c54ad0b 613c33de 0c35c96e b6f2875c f4896042 b462c14f dddb3bf3 902057db a88c1e26
b6f2875c f4896042 b462c14f 9c54ad0b 613c33de 0c35c96e b6f2875c f4896042 b462c14f
1cb380c9 3268df66 22f71f13 3c43dbba 4b8c27d1 da9fba87 c2e4cbd9 d3d0202a 1ecba1cb
3c43dbba 4b8c27d1 da9fba87 1cb380c9 3268df66 22f71f13 c2e4cbd9 d3d0202a 1ecba1cb
1cb380c9 3268df66 22f71f13 3c43dbba 4b8c27d1 da9fba87 1cb380c9 3268df66 22f71f13
4bf0b9dc 3fe27310 42cc4d81 a6da283c 6d92c2a1 a5f82dbc 82d0f53c d7c75445 b3a26c3b
a6da283c 6d92c2a1 a5f82dbc 4bf0b9dc 3fe27310 42cc4d81 82d0f53c d7c75445 b3a26c3b
4bf0b9dc 3fe27310 42cc4d81 a6da283c 6d92c2a1 a5f82dbc 4bf0b9dc 3fe27310 42cc4d81
899ca0da 6df3c0dc c507ed87 1fc5a8e4 bce47e3b 92ddf92b a624b4ee a017be84 d8e4d8e9
1fc5a8e4 bce47e3b 92ddf92b 899ca0da 6df3c0dc c507ed87 a624b4ee a017be84 d8e4d8e9
899ca0da 6df3c0dc c507ed87 1fc5a8e4 bce47e3b 92ddf92b 899ca0da 6df3c0dc c507ed87
637dc799 edac22b1 18f0d9e7 8af59e47 39a2ff4f 6982046e f77e702d 648f55bf 3fd7c979
8af59e47 39a2ff4f 6982046e 637dc799 edac22b1 18f0d9e7 f77e702d 648f55bf 3fd7c979
637dc799 edac22b1 18f0d9e7 8af59e47 39a2ff4f 6982046e 637dc799 edac22b1 18f0d9e7
e8deab0d 4196dcf5 9ff96f9a 2f9c3a1b af402272 cb3f5039 83138c7e a682235c 15b839bf
2f9c3a1b af402272 cb3f5039 e8deab0d 4196dcf5 9ff96f9a 83138c7e a682235c 15b839bf
e8deab0d 4196dcf5 9ff96f9a 2f9c3a1b af402272 cb3f5039 e8deab0d 4196dcf5 9ff96f9a
af7924d0 ee9941ce 25a11600 08010b0b 028c393e d5c282ed 800aa48a 953c8e77 d42185d1
08010b0b 028c393e d5c282ed af7924d0 ee9941ce 25a11600 800aa48a 953c8e77 d42185d1
af7924d0 ee9941ce 25a11600 08010b0b 028c393e d5c282ed af7924d0 ee9941ce 25a11600
4c92d103 641e3569 da377c15 cdfa1569 e10710e3 8208c11a 0862e9d2 b3ad9154 93520fda
cdfa1569 e10710e3 8208c11a 4c92d103 641e3569 da377c15 0862e9d2 b3ad9154 93520fda
4c92d103 641e3569 da377c15 cdfa1569 e10710e3 8208c11a 4c92d103 641e3569 da377c15
dc59fb6e 34cae3da 3246a750 f9dd5989 1e70a055 59489184 01732779 2f447dc6 fb044510
f9dd5989 1e70a055 59489184 dc59fb6e 34cae3da 3246a750 01732779 2f447dc6 fb044510
dc59fb6e 34cae3da 3246a750 f9dd5989 1e70a055 59489184 dc59fb6e 34cae3da 3246a750
b5572d70 7f30aca2 7901cdfd 15b72b27 d7392af3 de1baafe 8e1be61b a64677ee 20898805
15b72b27 d7392af3 de1baafe b5572d70 7f30aca2 7901cdfd 8e1be61b a64677ee 20898805
b5572d70 7f30aca2 7901cdfd 15b72b27 d7392af3 de1baafe b5572d70 7f30aca2 7901cdfd
dae68ee9 65c9aa7c bb3448c8 dc16aa71 a22de259 6bf18747 8fa65ff2 a00b46e3 24940b72
dc16aa71 a22de259 6bf18747 dae68ee9 65c9aa7c bb3448c8 8fa65ff2 a00b46e3 24940b72
dae68ee9 65c9aa7c bb3448c8 dc16aa71 a22de259 6bf18747 dae68ee9 65c9aa7c bb3448c8
02e16357 774a5fe0 8208f483 3178026d d0574ba9 0bef0bcf dde78ca0 5b956ce6 4dd2f992
3178026d d0574ba9 0bef0bcf 02e16357 774a5fe0 8208f483 dde78ca0 5b956ce6 4dd2f992
02e16357 774a5fe0 8208f483 3178026d d0574ba9 0bef0bcf 02e16357 774a5fe0 8208f483
5fd29b0f d949dc06 bc96522d e74613b4 3d96fe98 500f5e0c 2c619020 6f582f82 a21a6545
e74613b4 3d96fe98 500f5e0c 5fd29b0f d949dc06 bc96522d 2c619020 6f582f82 a21a6545
5fd29b0f d949dc06 bc96522d e74613b4 3d96fe98 500f5e0c 5fd29b0f d949dc06 bc96522d
e62c5cbb c3a530f9 28b6b963 feb4101e eb8fe15a c5c27e2d 63eeefcd b51262de 798edab2
feb4101e eb8fe15a c5c27e2d e62c5cbb c3a530f9 28b6b963 63eeefcd b51262de 798edab2
e62c5cbb c3a530f9 28b6b963 feb4101e eb8fe15a c5c27e2d e62c5cbb c3a530f9 28b6b963
360c027f cd45759e 991dd725 9115cffd ff423ae6 cbc07b36 add6f2b8 07339e5d e753e07c
9115cffd ff423ae6 cbc07b36 360c027f cd45759e 991dd725 add6f2b8 07339e5d e753e07c
360c027f cd45759e 991dd725 9115cffd ff423ae6 cbc07b36 360c027f cd45759e 991dd725
d45a6140 005fefae a99f7495 ae047907 7cd851e6 13390f9a b5a57049 c4b65ac7 ceae104a
ae047907 7cd851e6 13390f9a d45a6140 005fefae a99f7495 b5a57049 c4b65ac7 ceae104a
d45a6140 005fefae a99f7495 ae047907 7cd851e6 13390f9a d45a6140 005fefae a99f7495
56c73d89 75cac1c4 2a203827 d5f8ca4b 9973fe2d f64798b4 7c4fd02e e7959be4 17d9f12f
d5f8ca4b 9973fe2d f64798b4 56c73d89 75cac1c4 2a203827 7c4fd02e e7959be4 17d9f12f
56c73d89 75cac1c4 2a203827 d5f8ca4b 9973fe2d f64798b4 56c73d89 75cac1c4 2a203827
98ebedb6 6ff266ea c86fe679 419886da 211c7639 ee134ede 13f83e87 867ef646 9c619e5c
419886da 211c7639 ee134ede 98ebedb6 6ff266ea c86fe679 13f83e87 867ef646 9c619e5c
98ebedb6 6ff266ea c86fe679 419886da 211c7639 ee134ede 98ebedb6 6ff266ea c86fe679
237ac4a0 aa6ea9ae 71efe63c f2e424fd 756ebcc7 1209357c 0aa069d0 5a427757 cca3ef96
f2e424fd 756ebcc7 1209357c 237ac4a0 aa6ea9ae 71efe63c 0aa069d0 5a427757 cca3ef96
237ac4a0 aa6ea9ae 71efe63c f2e424fd 756ebcc7 1209357c 237ac4a0 aa6ea9ae 71efe63c
cca4e49d 32f768a4 e1289da2 d9298c0f fe8b3575 ee0a3851 c9ee6e59 5fa4219b 01079371
d9298c0f fe8b3575 ee0a3851 cca4e49d 32f768a4 e1289da2 c9ee6e59 5fa4219b 01079371
cca4e49d 32f768a4 e1289da2 d9298c0f fe8b3575 ee0a3851 cca4e49d 32f768a4 e1289da2
8afa89c5 2c76df40 1a4f94b6 e79be657 4524e9aa 326ca5a4 9d629cd7 38757854 0d023869
e79be657 4524e9aa 326ca5a4 8afa89c5 2c76df40 1a4f94b6 9d629cd7 38757854 0d023869
8afa89c5 2c76df40 1a4f94b6 e79be657 4524e9aa 326ca5a4 8afa89c5 2c76df40 1a4f94b6
da6aaffa 6c8c1ee1 7db39dd1 1dd2ec9c c755aa29 b3845cec 918e1eb2 4c29cf21 7d4f61d0
1dd2ec9c c755aa29 b3845cec da6aaffa 6c8c1ee1 7db39dd1 918e1eb2 4c29cf21 7d4f61d0
da6aaffa 6c8c1ee1 7db39dd1 1dd2ec9c c755aa29 b3845cec da6aaffa 6c8c1ee1 7db39dd1
9218f952 ecfc8230 10c1a2fb e0dc853e e2c2be3f de7940fa 2bb32771 172681bf 75ed9277
e0dc853e e2c2be3f de7940fa 9218f952 ecfc8230 10c1a2fb 2bb32771 172681bf 75ed9277
9218f952 ecfc8230 10c1a2fb e0dc853e e2c2be3f de7940fa 9218f952 ecfc8230 10c1a2fb
70677523 ef355474 3b84f1d3 b9cd1a7e b3e69091 a83da1b8 94773b9c bf10487b efc2f66b
b9cd1a7e b3e69091 a83da1b8 70677523 ef355474 3b84f1d3 94773b9c bf10487b efc2f66b
70677523 ef355474 3b84f1d3 b9cd1a7e b3e69091 a83da1b8 70677523 ef355474 3b84f1d3
8b26ca59 7c63643e ada855a9 dcb0cc08 b193fb40 37932123 ef08bc25 2dc06921 2854725e
dcb0cc08 b193fb40 37932123 8b26ca59 7c63643e ada855a9 ef08bc25 2dc06921 2854725e
8b26ca59 7c63643e ada855a9 dcb0cc08 b193fb40 37932123 8b26ca59 7c63643e ada855a9
ddc62bfa d0414dd1 9201ac78 16646752 d92035fc a542ed34 1dbc3af5 7ac7bb50 ed0ef2c1
16646752 d92035fc a542ed34 ddc62bfa d0414dd1 9201ac78 1dbc3af5 7ac7bb50 ed0ef2c1
ddc62bfa d0414dd1 9201ac78 16646752 d92035fc a542ed34 ddc62bfa d0414dd1 9201ac78
0cd6e7d5 0b77d098 d8c8ffdd 6fa0e467 23d6d19a 1d0bf6a2 9b13e8b1 3112b48e fa7cd2c8
6fa0e467 23d6d19a 1d0bf6a2 0cd6e7d5 0b77d098 d8c8ffdd 9b13e8b1 3112b48e fa7cd2c8
0cd6e7d5 0b77d098 d8c8ffdd 6fa0e467 23d6d19a 1d0bf6a2 0cd6e7d5 0b77d098 d8c8ffdd
88feb317 f320be28 d6d3959d f8efb528 cb9732bb d5e2e3d9 49ced3a4 671f8502 eae51192
f8efb528 cb9732bb d5e2e3d9 88feb317 f320be28 d6d3959d 49ced3a4 671f8502 eae51192
88feb317 f320be28 d6d3959d f8efb528 cb9732bb d5e2e3d9 88feb317 f320be28 d6d3959d
cbfef67c b2c71e20 944b2d5f 63b7c767 a87c3a87 5f503536 91822c2a 5976d213 798e63e4
63b7c767 a87c3a87 5f503536 cbfef67c b2c71e20 944b2d5f 91822c2a 5976d213 798e63e4
cbfef67c b2c71e20 944b2d5f 63b7c767 a87c3a87 5f503536 cbfef67c b2c71e20 944b2d5f
cae37702 ef601fbe d05f0abf 96656026 9cd31d1f 4592df30 70a8d240 bea096c9 0da8a2f3
96656026 9cd31d1f 4592df30 cae37702 ef601fbe d05f0abf 70a8d240 bea096c9 0da8a2f3
cae37702 ef601fbe d05f0abf 96656026 9cd31d1f 4592df30 cae37702 ef601fbe d05f0abf
662065a8 f0ba7862 e38451e3 f28938db 2e6b807f 4915dcf4 a2f50b22 d1c10479 fdbe26a2
f28938db 2e6b807f 4915dcf4 662065a8 f0ba7862 e38451e3 a2f50b22 d1c10479 fdbe26a2
662065a8 f0ba7862 e38451e3 f28938db 2e6b807f 4915dcf4 662065a8 f0ba7862 e38451e3
d6a24dac 19c12dbf 4bc7a1b6 1470a640 3beb76fa e59e5077 21f94bd0 d27ac495 9a15f8e4
1470a640 3beb76fa e59e5077 d6a24dac 19c12dbf 4bc7a1b6 21f94bd0 d27ac495 9a15f8e4
d6a24dac 19c12dbf 4bc7a1b6 1470a640 3beb76fa e59e5077 d6a24dac 19c12dbf 4bc7a1b6
04f67037 ebba170b 1e4f4301 12cbe10a eb0b184a 44810e08 8f3bdb6d 92f6c3b4 5a67148a
12cbe10a eb0b184a 44810e08 04f67037 ebba170b 1e4f4301 8f3bdb6d 92f6c3b4 5a67148a
04f67037 ebba170b 1e4f4301 12cbe10a eb0b184a 44810e08 04f67037 ebba170b 1e4f4301
6545cdc7 5580df1a d62525ca 2d8d72a3 e017625e 65358df6 04eb8db2 2c34694c 3ca0103e
2d8d72a3 e017625e 65358df6 6545cdc7 5580df1a d62525ca 04eb8db2 2c34694c 3ca0103e
6545cdc7 5580df1a d62525ca 2d8d72a3 e017625e 65358df6 6545cdc7 5580df1a d62525ca
0b353174 e41f96c3 d0fbab71 926385a1 56d70f0b 22b4e113 d72c1550 711d5126 f64b38cc
926385a1 56d70f0b 22b4e113 0b353174 e41f96c3 d0fbab71 d72c1550 711d5126 f64b38cc
0b353174 e41f96c3 d0fbab71 926385a1 56d70f0b 22b4e113 0b353174 e41f96c3 d0fbab71
85ffa148 b78d4a36 62745b23 b4b710c8 a175939e 1b952842 6a451ec2 1bfe1614 5299ea6b
b4b710c8 a175939e 1b952842 85ffa148 b78d4a36 62745b23 6a451ec2 1bfe1614 5299ea6b
85ffa148 b78d4a36 62745b23 b4b710c8 a175939e 1b952842 85ffa148 b78d4a36 62745b23
676fc283 be0ff88f 8652b343 bff9a674 a154e195 578ea2b8 38319a66 b2cea150 948f27e4
bff9a674 a154e195 578ea2b8 676fc283 be0ff88f 8652b343 38319a66 b2cea150 948f27e4
676fc283 be0ff88f 8652b343 bff9a674 a154e195 578ea2b8 676fc283 be0ff88f 8652b343
35a6c223 6f8cb078 e5257060 7446a111 084388fc d24f12ff b801c834 7ac89108 b8ecb732
7446a111 084388fc d24f12ff 35a6c223 6f8cb078 e5257060 b801c834 7ac89108 b8ecb732
35a6c223 6f8cb078 e5257060 7446a111 084388fc d24f12ff 35a6c223 6f8cb078 e5257060
8b445b2e c8c69ecc db1bd205 7ebc731e d49465c1 5fff4b69 9792df22 4f0dc019 3d0f8fc5
7ebc731e d49465c1 5fff4b69 8b445b2e c8c69ecc db1bd205 9792df22 4f0dc019 3d0f8fc5
8b445b2e c8c69ecc db1bd205 7ebc731e d49465c1 5fff4b69 8b445b2e c8c69ecc db1bd205
b6f8b75b 62554af9 19ccc690 f25f1603 e3f4fc68 e04026e5 045c8704 011e612d 1c842e81
f25f1603 e3f4fc68 e04026e5 b6f8b75b 62554af9 19ccc690 045c8704 011e612d 1c842e81
b6f8b75b 62554af9 19ccc690 f25f1603 e3f4fc68 e04026e5 b6f8b75b 62554af9 19ccc690
2bbe171f b4cdfc28 c92a1b38 41eca6f4 05384883 c98953df 3e535656 9cf85e5e 61e59a37
41eca6f4 05384883 c98953df 2bbe171f b4cdfc28 c92a1b38 3e535656 9cf85e5e 61e59a37
2bbe171f b4cdfc28 c92a1b38 41eca6f4 05384883 c98953df 2bbe171f b4cdfc28 c92a1b38
cd3d2c71 5149ffb3 836e5747 a21c7c09 a8c21eb2 5e359de6 5f4b57de b6e19364 fe03f4ae
a21c7c09 a8c21eb2 5e359de6 cd3d2c71 5149ffb3 836e5747 5f4b57de b6e19364 fe03f4ae
cd3d2c71 5149ffb3 836e5747 a21c7c09 a8c21eb2 5e359de6 cd3d2c71 5149ffb3 836e5747
ba9700b3 fc918077 f8be7519 710c7514 a9cfa109 b5a5c683 f6d5104d 8e58ab96 4b5b66fa
710c7514 a9cfa109 b5a5c683 ba9700b3 fc918077 f8be7519 f6d5104d 8e58ab96 4b5b66fa
ba9700b3 fc918077 f8be7519 710c7514 a9cfa109 b5a5c683 ba9700b3 fc918077 f8be7519
0a090e54 b33aaf06 9cad07c4 da280227 6e4cccc5 5b9efdda b59879c2 d0155a10 b27138bd
da280227 6e4cccc5 5b9efdda 0a090e54 b33aaf06 9cad07c4 b59879c2 d0155a10 b27138bd
0a090e54 b33aaf06 9cad07c4 da280227 6e4cccc5 5b9efdda 0a090e54 b33aaf06 9cad07c4
da7a6cb0 edf5660d c98c1a28 002d233b 66426ed1 c4b763cc 4549b14e fa3f309d abefb44e
002d233b 66426ed1 c4b763cc da7a6cb0 edf5660d c98c1a28 4549b14e fa3f309d abefb44e
da7a6cb0 edf5660d c98c1a28 002d233b 66426ed1 c4b763cc da7a6cb0 edf5660d c98c1a28
779e7885 7e7a7da3 3d97f5d5 954ba7f4 77793d58 446e2420 606425f2 5cd2edcc f54c1349
954ba7f4 77793d58 446e2420 779e7885 7e7a7da3 3d97f5d5 606425f2 5cd2edcc f54c1349
779e7885 7e7a7da3 3d97f5d5 954ba7f4 77793d58 446e2420 779e7885 7e7a7da3 3d97f5d5
cf11e6de 9cfa545c d70f47d0 a623bbe6 3abf19a0 df430285 c5f8ceb9 64960fdf e67e3546
a623bbe6 3abf19a0 df430285 cf11e6de 9cfa545c d70f47d0 c5f8ceb9 64960fdf e67e3546
cf11e6de 9cfa545c d70f47d0 a623bbe6 3abf19a0 df430285 cf11e6de 9cfa545c d70f47d0
bef92c20 7769ed59 5e11c867 21759359 77a0ef83 5b8886e0 30e93127 242fcd17 79e41319
21759359 77a0ef83 5b8886e0 bef92c20 7769ed59 5e11c867 30e93127 242fcd17 79e41319
bef92c20 7769ed59 5e11c867 21759359 77a0ef83 5b8886e0 bef92c20 7769ed59 5e11c867
b4c02d51 6ab90af0 cd48decb fbc8e0bd 9d8bcbb2 aa492376 12554377 4ea71eab b788907e
fbc8e0bd 9d8bcbb2 aa492376 b4c02d51 6ab90af0 cd48decb 12554377 4ea71eab b788907e
b4c02d51 6ab90af0 cd48decb fbc8e0bd 9d8bcbb2 aa492376 b4c02d51 6ab90af0 cd48decb
133cdb86 4f4c360d 3366bb5f d8c48953 d655d3be 5c58b976 b959fa34 1ab618f5 2d551ce8
d8c48953 d655d3be 5c58b976 133cdb86 4f4c360d 3366bb5f b959fa34 1ab618f5 2d551ce8
133cdb86 4f4c360d 3366bb5f d8c48953 d655d3be 5c58b976 133cdb86 4f4c360d 3366bb5f
55db87c4 6aed67ab 9d7ba983 45b0dbd7 6738807c 0570d3ea f425e3cf 48b2ddae 14370b89
45b0dbd7 6738807c 0570d3ea 55db87c4 6aed67ab 9d7ba983 f425e3cf 48b2ddae 14370b89
55db87c4 6aed67ab 9d7ba983 45b0dbd7 6738807c 0570d3ea 55db87c4 6aed67ab 9d7ba983
83791c8b fe17a52e 0e31169a 3f76934c 839eb5d1 f76dafed df269607 7ae37747 e66d71b4
3f76934c 839eb5d1 f76dafed 83791c8b fe17a52e 0e31169a df269607 7ae37747 e66d71b4
83791c8b fe17a52e 0e31169a 3f76934c 839eb5d1 f76dafed 83791c8b fe17a52e 0e31169a
74c1ee03 01f380b0 e6fb15a4 e447cbbb 285ce605 978a9ad3 5ab37be9 76ee2e28 7b5ff7f5
e447cbbb 285ce605 978a9ad3 74c1ee03 01f380b0 e6fb15a4 5ab37be9 76ee2e28 7b5ff7f5
74c1ee03 01f380b0 e6fb15a4 e447cbbb 285ce605 978a9ad3 74c1ee03 01f380b0 e6fb15a4
476e17b7 c946318b 9f160222 d80a6b9e c11f1de0 aa87eca4 7ea9c4cd 4ee844c2 f6245d52
d80a6b9e c11f1de0 aa87eca4 476e17b7 c946318b 9f160222 7ea9c4cd 4ee844c2 f6245d52
476e17b7 c946318b 9f160222 d80a6b9e c11f1de0 aa87eca4 476e17b7 c946318b 9f160222
09f62853 6040d460 b69aa186 e2552250 28fb8efa ca5aaef4 9fc4142b b5d248ac 274119aa
e2552250 28fb8efa ca5aaef4 09f62853 6040d460 b69aa186 9fc4142b b5d248ac 274119aa
09f62853 6040d460 b69aa186 e2552250 28fb8efa ca5aaef4 09f62853 6040d460 b69aa186
7369e725 2e4ede69 8c09a3c5 337155f7 4267a003 f393ba3c 0f7f5812 8eea40f1 6a58a292
337155f7 4267a003 f393ba3c 7369e725 2e4ede69 8c09a3c5 0f7f5812 8eea40f1 6a58a292
7369e725 2e4ede69 8c09a3c5 337155f7 4267a003 f393ba3c 7369e725 2e4ede69 8c09a3c5
11587fe2 6419e096 6774fcb7 c564f46b 85311782 f7ee2614 3c1677a9 c11b5cad 8c99ac16
c564f46b 85311782 f7ee2614 11587fe2 6419e096 6774fcb7 3c1677a9 c11b5cad 8c99ac16
11587fe2 6419e096 6774fcb7 c564f46b 85311782 f7ee2614 11587fe2 6419e096 6774fcb7
22079bf3 017004db d08268d3 1a564699 75ba4ef6 f8ca4f6d 5f6393eb 29edb561 ddb24d24
1a564699 75ba4ef6 f8ca4f6d 22079bf3 017004db d08268d3 5f6393eb 29edb561 ddb24d24
22079bf3 017004db d08268d3 1a564699 75ba4ef6 f8ca4f6d 22079bf3 017004db d08268d3
1442afab 937e5bbb 3bd29e37 169745ec cc2c15cc de9dc3ae 6eead3a7 bf8e7409 2093ac16
169745ec cc2c15cc de9dc3ae 1442afab 937e5bbb 3bd29e37 6eead3a7 bf8e7409 2093ac16
1442afab 937e5bbb 3bd29e37 169745ec cc2c15cc de9dc3ae 1442afab 937e5bbb 3bd29e37
a5d3e659 ccbf48b0 0c77a0d2 f3722257 04ff4fdb 675c116d f632c985 a5110d9b fb8ab386
f3722257 04ff4fdb 675c116d a5d3e659 ccbf48b0 0c77a0d2 f632c985 a5110d9b fb8ab386
a5d3e659 ccbf48b0 0c77a0d2 f3722257 04ff4fdb 675c116d a5d3e659 ccbf48b0 0c77a0d2
f1132ddb 221e7d61 8caffafe 4a4f5602 120f25be 9af9f4d0 c9a1874f 8b87f19d 43ec9066
4a4f5602 120f25be 9af9f4d0 f1132ddb 221e7d61 8caffafe c9a1874f 8b87f19d 43ec9066
f1132ddb 221e7d61 8caffafe 4a4f5602 120f25be 9af9f4d0 f1132ddb 221e7d61 8caffafe
fadf09d9 fced11f8 77e8476c 5a316e15 26e3715a 30360744 0ce68e60 e8245947 d3ded797
5a316e15 26e3715a 30360744 fadf09d9 fced11f8 77e8476c 0ce68e60 e8245947 d3ded797
fadf09d9 fced11f8 77e8476c 5a316e15 26e3715a 30360744 fadf09d9 fced11f8 77e8476c
9a56e4a6 71a27c33 cdd794e0 967ff7a7 f4cf4bfd 22f389a4 0ad01748 7f7f9e8c 8121c9fa
967ff7a7 f4cf4bfd 22f389a4 9a56e4a6 71a27c33 cdd794e0 0ad01748 7f7f9e8c 8121c9fa
9a56e4a6 71a27c33 cdd794e0 967ff7a7 f4cf4bfd 22f389a4 9a56e4a6 71a27c33 cdd794e0
09120c4c 11d634a6 3659d888 3e568094 91cc851e 6411a797 c986845e 1d7fd159 31288f6d
3e568094 91cc851e 6411a797 09120c4c 11d634a6 3659d888 c986845e 1d7fd159 31288f6d
09120c4c 11d634a6 3659d888 3e568094 91cc851e 6411a797 09120c4c 11d634a6 3659d888
9f3ad850 2b252496 9c59524c 8690bd32 af34ad92 38da9909 d5bc9df4 7a41333c 59015bc0
8690bd32 af34ad92 38da9909 9f3ad850 2b252496 9c59524c d5bc9df4 7a41333c 59015bc0
9f3ad850 2b252496 9c59524c 8690bd32 af34ad92 38da9909 9f3ad850 2b252496 9c59524c
819c57f5 c7be9648 3871b4a9 c784f8c1 cec6d302 23ce53b3 2cb9fae0 81e9388f a3ede9b5
c784f8c1 cec6d302 23ce53b3 819c57f5 c7be9648 3871b4a9 2cb9fae0 81e9388f a3ede9b5
819c57f5 c7be9648 3871b4a9 c784f8c1 cec6d302 23ce53b3 819c57f5 c7be9648 3871b4a9
c250c1ae 24eb2b9d 3fe645f6 b31e7a5b 5b78a524 018e34b2 df71c180 88f46399 39362fb4
b31e7a5b 5b78a524 018e34b2 c250c1ae 24eb2b9d 3fe645f6 df71c180 88f46399 39362fb4
c250c1ae 24eb2b9d 3fe645f6 b31e7a5b 5b78a524 018e34b2 c250c1ae 24eb2b9d 3fe645f6
f9415860 f4f10aa6 ae6f1cc9 9ca5a22b 155797f1 629afb31 f0264517 30dcb001 eb07f6f8
9ca5a22b 155797f1 629afb31 f9415860 f4f10aa6 ae6f1cc9 f0264517 30dcb001 eb07f6f8
f9415860 f4f10aa6 ae6f1cc9 9ca5a22b 155797f1 629afb31 f9415860 f4f10aa6 ae6f1cc9
9fb7eed7 42716ef4 388a4c53 882d5d15 94398be5 473dad58 d4d094a2 3b91817d 7c01e14b
882d5d15 94398be5 473dad58 9fb7eed7 42716ef4 388a4c53 d4d094a2 3b91817d 7c01e14b
9fb7eed7 42716ef4 388a4c53 882d5d15 94398be5 473dad58 9fb7eed7 42716ef4 388a4c53
143cdec8 3c06ed16 923c5a06 aacd945a dd6054e7 d46dc69b 9ccfa823 ac0f0c1d 965b46ad
aacd945a dd6054e7 d46dc69b 143cdec8 3c06ed16 923c5a06 9ccfa823 ac0f0c1d 965b46ad
143cdec8 3c06ed16 923c5a06 aacd945a dd6054e7 d46dc69b 143cdec8 3c06ed16 923c5a06
482762b7 8746de01 5a4b6051 481d0ae0 deaa77d9 7bfb6861 13142aa7 a1243012 f847fb06
481d0ae0 deaa77d9 7bfb6861 482762b7 8746de01 5a4b6051 13142aa7 a1243012 f847fb06
482762b7 8746de01 5a4b6051 481d0ae0 deaa77d9 7bfb6861 482762b7 8746de01 5a4b6051
6d95da03 11cbccf8 e9369a12 d23f2485 96bed784 dd7ac8ba 03c70745 f398c9e5 f2d8f796
d23f2485 96bed784 dd7ac8ba 6d95da03 11cbccf8 e9369a12 03c70745 f398c9e5 f2d8f796
6d95da03 11cbccf8 e9369a12 d23f2485 96bed784 dd7ac8ba 6d95da03 11cbccf8 e9369a12
b55b1526 683a558e 4a85b2bb b2592c96 6e37e70a b01d6324 1f76c958 cb80388e 67a416f5
b2592c96 6e37e70a b01d6324 b55b1526 683a558e 4a85b2bb 1f76c958 cb80388e 67a416f5
b55b1526 683a558e 4a85b2bb b2592c96 6e37e70a b01d6324 b55b1526 683a558e 4a85b2bb
390f9502 6d0da501 671971f5 7d6ec9ef 0373e927 472c3901 a6d4fb9f 6d93d3b6 fd47b11d
7d6ec9ef 0373e927 472c3901 390f9502 6d0da501 671971f5 a6d4fb9f 6d93d3b6 fd47b11d
390f9502 6d0da501 671971f5 7d6ec9ef 0373e927 472c3901 390f9502 6d0da501 671971f5
b8e251e2 29280457 6d017cd6 718916d6 05a00ebd 98107937 40bde7fd 640e37bc 95400376
718916d6 05a00ebd 98107937 b8e251e2 29280457 6d017cd6 40bde7fd 640e37bc 95400376
b8e251e2 29280457 6d017cd6 718916d6 05a00ebd 98107937 b8e251e2 29280457 6d017cd6
4e38db52 f02468bc 352c0026 dd3ebb6f 61e23686 e3c62d84 388b1753 5d2f7e80 979d26b0
dd3ebb6f 61e23686 e3c62d84 4e38db52 f02468bc 352c0026 388b1753 5d2f7e80 979d26b0
4e38db52 f02468bc 352c0026 dd3ebb6f 61e23686 e3c62d84 4e38db52 f02468bc 352c0026
2b23c860 494eb39c f34c7c86 608c8c79 855e8b0d 29ef239c 2d4c0673 f9097c58 c528d6d2
608c8c79 855e8b0d 29ef239c 2b23c860 494eb39c f34c7c86 2d4c0673 f9097c58 c528d6d2
2b23c860 494eb39c f34c7c86 608c8c79 855e8b0d 29ef239c 2b23c860 494eb39c f34c7c86
cf890e1a 427fa28c 84b94820 385a8b7a a870c879 74e0397f 6cadc152 29aa4f89 845c5299
385a8b7a a870c879 74e0397f cf890e1a 427fa28c 84b94820 6cadc152 29aa4f89 845c5299
cf890e1a 427fa28c 84b94820 385a8b7a a870c879 74e0397f cf890e1a 427fa28c 84b94820
55c59a03 76655de9 1d9f013c 56dbb2f2 2a907daf 1389bba0 bc23455a 8817438e 9cda3be7
56dbb2f2 2a907daf 1389bba0 55c59a03 76655de9 1d9f013c bc23455a 8817438e 9cda3be7
55c59a03 76655de9 1d9f013c 56dbb2f2 2a907daf 1389bba0 55c59a03 76655de9 1d9f013c
644a72f0 cbf91a0d 3cec685b 1a440dea cca979f9 7b05d5ed 3f4d090a 504f92bc 70e4559a
1a440dea cca979f9 7b05d5ed 644a72f0 cbf91a0d 3cec685b 3f4d090a 504f92bc 70e4559a
644a72f0 cbf91a0d 3cec685b 1a440dea cca979f9 7b05d5ed 644a72f0 cbf91a0d 3cec685b
d25ab0ec abd707f1 f08f3f0c 81fd6a8c b97c5008 1e6a5926 f51f4447 38e6014d b8ffe833
81fd6a8c b97c5008 1e6a5926 d25ab0ec abd707f1 f08f3f0c f51f4447 38e6014d b8ffe833
d25ab0ec abd707f1 f08f3f0c 81fd6a8c b97c5008 1e6a5926 d25ab0ec abd707f1 f08f3f0c
0557fba4 c977d0e4 f8cba5ac fb576c88 38d31265 bd32cfc0 bafd9cb6 97f8bf8d 6720bb07
fb576c88 38d31265 bd32cfc0 0557fba4 c977d0e4 f8cba5ac bafd9cb6 97f8bf8d 6720bb07
0557fba4 c977d0e4 f8cba5ac fb576c88 38d31265 bd32cfc0 0557fba4 c977d0e4 f8cba5ac
8573eedf 849bd08e 80d1374e 77c21150 6929c8e9 b09818ff 434bc4ed 5e5f859a 670cdebd
77c21150 6929c8e9 b09818ff 8573eedf 849bd08e 80d1374e 434bc4ed 5e5f859a 670cdebd
8573eedf 849bd08e 80d1374e 77c21150 6929c8e9 b09818ff 8573eedf 849bd08e 80d1374e
1cbece1d 79831ed6 900ee956 a888f577 1a5e0f88 e364e2c2 2a30ac61 b7ede454 62628e44
a888f577 1a5e0f88 e364e2c2 1cbece1d 79831ed6 900ee956 2a30ac61 b7ede454 62628e44
1cbece1d 79831ed6 900ee956 a888f577 1a5e0f88 e364e2c2 1cbece1d 79831ed6 900ee956
06320bfb 7af4506d 9a625229 d496dd43 a68357e5 eaafe201 defb7cb9 730327a3 3383b59c
d496dd43 a68357e5 eaafe201 06320bfb 7af4506d 9a625229 defb7cb9 730327a3 3383b59c
06320bfb 7af4506d 9a625229 d496dd43 a68357e5 eaafe201 06320bfb 7af4506d 9a625229
f7ee5094 c96f2723 a4aeae26 6e6f7eea 75eb033c 77c75c51 56958f4a bdeea282 cdc4a25f
6e6f7eea 75eb033c 77c75c51 f7ee5094 c96f2723 a4aeae26 56958f4a bdeea282 cdc4a25f
f7ee5094 c96f2723 a4aeae26 6e6f7eea 75eb033c 77c75c51 f7ee5094 c96f2723 a4aeae26
2de0e361 c785e0f3 a4f9655b 29bd0354 fca6d6a8 e177b732 a036bec2 174bfaae 4fd27448
29bd0354 fca6d6a8 e177b732 2de0e361 c785e0f3 a4f9655b a036bec2 174bfaae 4fd27448
2de0e361 c785e0f3 a4f9655b 29bd0354 fca6d6a8 e177b732 2de0e361 c785e0f3 a4f9655b
553ffba3 8c94bbfa 7cdcf1de f3214539 aaae901c 805dc7e1 32294a72 692227a5 2d97aaf3
f3214539 aaae901c 805dc7e1 553ffba3 8c94bbfa 7cdcf1de 32294a72 692227a5 2d97aaf3
553ffba3 8c94bbfa 7cdcf1de f3214539 aaae901c 805dc7e1 553ffba3 8c94bbfa 7cdcf1de
9fe96576 7ae9249b 9eedbfff 6acdd5dd dffe0e83 6663d37b de2dc3cf 0634998f a51098c2
6acdd5dd dffe0e83 6663d37b 9fe96576 7ae9249b 9eedbfff de2dc3cf 0634998f a51098c2
9fe96576 7ae9249b 9eedbfff 6acdd5dd dffe0e83 6663d37b 9fe96576 7ae9249b 9eedbfff
fa586d08 f834411e 45acb19b f1b3f261 b09d2fac 1ecf2add 37ea67b3 5ca09c10 4f86301e
f1b3f261 b09d2fac 1ecf2add fa586d08 f834411e 45acb19b 37ea67b3 5ca09c10 4f86301e
fa586d08 f834411e 45acb19b f1b3f261 b09d2fac 1ecf2add fa586d08 f834411e 45acb19b
d4526d6c 0f9e5ad7 f23dec35 a8ea4183 3e856da9 35aea1fc 739a305a 033887ef d8c7012a
a8ea4183 3e856da9 35aea1fc d4526d6c 0f9e5ad7 f23dec35 739a305a 033887ef d8c7012a
d4526d6c 0f9e5ad7 f23dec35 a8ea4183 3e856da9 35aea1fc d4526d6c 0f9e5ad7 f23dec35
a3bc8f9b 01e6dadd b3c235c4 1354309e 4c2db289 3921cf1a 6cca9f33 906f160d dd0f9ea4
1354309e 4c2db289 3921cf1a a3bc8f9b 01e6dadd b3c235c4 6cca9f33 906f160d dd0f9ea4
a3bc8f9b 01e6dadd b3c235c4 1354309e 4c2db289 3921cf1a a3bc8f9b 01e6dadd b3c235c4
8529e668 ecdbe2d2 5d725fb9 29dadbbc ea90b6b0 14f4c60b 4d91dc92 2a036617 42d317b5
29dadbbc ea90b6b0 14f4c60b 8529e668 ecdbe2d2 5d725fb9 4d91dc92 2a036617 42d317b5
8529e668 ecdbe2d2 5d725fb9 29dadbbc ea90b6b0 14f4c60b 8529e668 ecdbe2d2 5d725fb9
b1e3b243 a41ab577 88551f3c 2f408f50 157ea6f5 205dd59b 208cf422 ccf8959a c03c94f1
2f408f50 157ea6f5 205dd59b b1e3b243 a41ab577 88551f3c 208cf422 ccf8959a c03c94f1
b1e3b243 a41ab577 88551f3c 2f408f50 157ea6f5 205dd59b b1e3b243 a41ab577 88551f3c
d26662ac 5508e58c 0b2e35ac e910202f f3e9b69f 88f72547 bfe7e23d 65c590bc fcbbefc7
e910202f f3e9b69f 88f72547 d26662ac 5508e58c 0b2e35ac bfe7e23d 65c590bc fcbbefc7
d26662ac 5508e58c 0b2e35ac e910202f f3e9b69f 88f72547 d26662ac 5508e58c 0b2e35ac
3c422c4f c7b818a5 c63d9953 5379d639 3d5f92da 4a82ca79 883037c6 6fddb712 994764d6
5379d639 3d5f92da 4a82ca79 3c422c4f c7b818a5 c63d9953 883037c6 6fddb712 994764d6
3c422c4f c7b818a5 c63d9953 5379d639 3d5f92da 4a82ca79 3c422c4f c7b818a5 c63d9953
e2e2b641 b40f3dc9 308a617d 251a3998 9f28f395 39398beb 124040e2 3ad71133 d254394a
251a3998 9f28f395 39398beb e2e2b641 b40f3dc9 308a617d 124040e2 3ad71133 d254394a
e2e2b641 b40f3dc9 308a617d 251a3998 9f28f395 39398beb e2e2b641 b40f3dc9 308a617d
c32fedd4 fa604270 5f0b67f3 c61b1e29 989c0978 a05b045a 83eff58d ca81bc6f 05ab6901
c61b1e29 989c0978 a05b045a c32fedd4 fa604270 5f0b67f3 83eff58d ca81bc6f 05ab6901
c32fedd4 fa604270 5f0b67f3 c61b1e29 989c0978 a05b045a c32fedd4 fa604270 5f0b67f3
e12b986e f731fc8d 26614c23 b007f05e 62c14ad5 1542b378 449a5fbe 19958453 5cbee1f5
b007f05e 62c14ad5 1542b378 e12b986e f731fc8d 26614c23 449a5fbe 19958453 5cbee1f5
e12b986e f731fc8d 26614c23 b007f05e 62c14ad5 1542b378 e12b986e f731fc8d 26614c23
124bd8cc 69d27761 1f264b35 1a2fa9de e5c635d2 8b3fb4c9 1fa3366c 59984813 374d4245
1a2fa9de e5c635d2 8b3fb4c9 124bd8cc 69d27761 1f264b35 1fa3366c 59984813 374d4245
124bd8cc 69d27761 1f264b35 1a2fa9de e5c635d2 8b3fb4c9 124bd8cc 69d27761 1f264b35
d9ed902b df15f9a8 e6bb3555 2236f45b 36a6d123 8d591376 55249e76 4253cdb6 185e47a3
2236f45b 36a6d123 8d591376 d9ed902b df15f9a8 e6bb3555 55249e76 4253cdb6 185e47a3
d9ed902b df15f9a8 e6bb3555 2236f45b 36a6d123 8d591376 d9ed902b df15f9a8 e6bb3555
080fbcb8 81a98e71 91ca7c21 978d02e5 05a5dfe0 f42ecd5c f98386e7 9f3f2ff0 88973cc1
978d02e5 05a5dfe0 f42ecd5c 080fbcb8 81a98e71 91ca7c21 f98386e7 9f3f2ff0 88973cc1
080fbcb8 81a98e71 91ca7c21 978d02e5 05a5dfe0 f42ecd5c 080fbcb8 81a98e71 91ca7c21
c7eed628 e6cf11e0 43a081e4 5caac891 f255997b d19728e4 4cae37d3 ca9025ee 91202a18
5caac891 f255997b d19728e4 c7eed628 e6cf11e0 43a081e4 4cae37d3 ca9025ee 91202a18
c7eed628 e6cf11e0 43a081e4 5caac891 f255997b d19728e4 c7eed628 e6cf11e0 43a081e4
ac22f1a9 7be2b8ea d5511cc4 187c2d41 2912b0c3 00d8d2e4 128d6af7 e47b92d1 78afaa89
187c2d41 2912b0c3 00d8d2e4 ac22f1a9 7be2b8ea d5511cc4 128d6af7 e47b92d1 78afaa89
ac22f1a9 7be2b8ea d5511cc4 187c2d41 2912b0c3 00d8d2e4 ac22f1a9 7be2b8ea d5511cc4
34606ef5 cdd8c27c deb1bae4 8aae4607 2c8b7eb9 68b49c77 e19f396e 117b799b 86cde296
8aae4607 2c8b7eb9 68b49c77 34606ef5 cdd8c27c deb1bae4 e19f396e 117b799b 86cde296
34606ef5 cdd8c27c deb1bae4 8aae4607 2c8b7eb9 68b49c77 34606ef5 cdd8c27c deb1bae4
4387ad21 6cedeb34 b9e40085 9aa4824f f7be4fcc 13ca8fa8 cad8b6c5 8f12afcd 04b2661d
9aa4824f f7be4fcc 13ca8fa8 4387ad21 6cedeb34 b9e40085 cad8b6c5 8f12afcd 04b2661d
4387ad21 6cedeb34 b9e40085 9aa4824f f7be4fcc 13ca8fa8 4387ad21 6cedeb34 b9e40085
6d488485 25492d32 314032e5 88ef0c56 9842e38e 0b7a79bc bfe26cd6 b90730d7 5b505ac9
88ef0c56 9842e38e 0b7a79bc 6d488485 25492d32 314032e5 bfe26cd6 b90730d7 5b505ac9
6d488485 25492d32 314032e5 88ef0c56 9842e38e 0b7a79bc 6d488485 25492d32 314032e5
042b62f4 15fdc68f 649f9d9a 2fc618f8 4f26ebe2 2e3ec314 eaa6b688 3c92771e 301e901c
2fc618f8 4f26ebe2 2e3ec314 042b62f4 15fdc68f 649f9d9a eaa6b688 3c92771e 301e901c
042b62f4 15fdc68f 649f9d9a 2fc618f8 4f26ebe2 2e3ec314 042b62f4 15fdc68f 649f9d9a
a9968ce2 777b8e92 df129b89 d6a298e6 df099f94 b4f0402a 65590273 303eb1dd da6ff843
d6a298e6 df099f94 b4f0402a a9968ce2 777b8e92 df129b89 65590273 303eb1dd da6ff843
a9968ce2 777b8e92 df129b89 d6a298e6 df099f94 b4f0402a a9968ce2 777b8e92 df129b89
8795949a cb0bd6e6 7e3099b6 0330d36c 0c4af86d c6a67920 6d7a9885 70f3cdbe f3951352
0330d36c 0c4af86d c6a67920 8795949a cb0bd6e6 7e3099b6 6d7a9885 70f3cdbe f3951352
8795949a cb0bd6e6 7e3099b6 0330d36c 0c4af86d c6a67920 8795949a cb0bd6e6 7e3099b6
210f36ce 8ac58c9b ea50fa4b b275672b 8f5e7a54 70f6438d 9583c6d3 65642cb6 736db913
b275672b 8f5e7a54 70f6438d 210f36ce 8ac58c9b ea50fa4b 9583c6d3 65642cb6 736db913
210f36ce 8ac58c9b ea50fa4b b275672b 8f5e7a54 70f6438d 210f36ce 8ac58c9b ea50fa4b
8e83d707 24d7dfd9 b2d66fc5 779271a4 2c300602 c6b4a1ab c53655b9 41b4a0b7 3030dec3
779271a4 2c300602 c6b4a1ab 8e83d707 24d7dfd9 b2d66fc5 c53655b9 41b4a0b7 3030dec3
8e83d707 24d7dfd9 b2d66fc5 779271a4 2c300602 c6b4a1ab 8e83d707 24d7dfd9 b2d66fc5
c7e0a8db 93a1f0bf 89a52828 52a305c0 8ae9df45 91e5b6ea 38ceac5a 662f2866 0424d5bb
52a305c0 8ae9df45 91e5b6ea c7e0a8db 93a1f0bf 89a52828 38ceac5a 662f2866 0424d5bb
c7e0a8db 93a1f0bf 89a52828 52a305c0 8ae9df45 91e5b6ea c7e0a8db 93a1f0bf 89a52828
240a96bf 8679a49f 430da0f7 197d189b f1f779a1 fb64ba57 30158449 6775d379 996b84de
197d189b f1f779a1 fb64ba57 240a96bf 8679a49f 430da0f7 30158449 6775d379 996b84de
240a96bf 8679a49f 430da0f7 197d189b f1f779a1 fb64ba57 240a96bf 8679a49f 430da0f7
57444fc9 2b07d176 4ee05c78 6c79b555 0bd84ad5 847e5ed1 ee764e4b cf9f58bc 719ae21a
6c79b555 0bd84ad5 847e5ed1 57444fc9 2b07d176 4ee05c78 ee764e4b cf9f58bc 719ae21a
57444fc9 2b07d176 4ee05c78 6c79b555 0bd84ad5 847e5ed1 57444fc9 2b07d176 4ee05c78
fb40a665 597a9bac c260dc98 c14221e0 6ccd1b3e 6ffb4f49 65b1948e 62019a34 a1b2e664
c14221e0 6ccd1b3e 6ffb4f49 fb40a665 597a9bac c260dc98 65b1948e 62019a34 a1b2e664
fb40a665 597a9bac c260dc98 c14221e0 6ccd1b3e 6ffb4f49 fb40a665 597a9bac c260dc98
b9a1bb65 a6cefae7 bec7a50d bd2b9796 515b81e0 437bb029 e581d063 e1d5d7a0 aa604997
bd2b9796 515b81e0 437bb029 b9a1bb65 a6cefae7 bec7a50d e581d063 e1d5d7a0 aa604997
b9a1bb65 a6cefae7 bec7a50d bd2b9796 515b81e0 437bb029 b9a1bb65 a6cefae7 bec7a50d
529f7801 997fb7c8 bf387543 7261f7f0 1662c6d3 66910a06 6818bea9 26b611ea 7497c19b
7261f7f0 1662c6d3 66910a06 529f7801 997fb7c8 bf387543 6818bea9 26b611ea 7497c19b
529f7801 997fb7c8 bf387543 7261f7f0 1662c6d3 66910a06 529f7801 997fb7c8 bf387543
8fd074ad 3667157c 3638f4da 967083ae 105d3e0f 4e0a4cd7 ee78d704 4c16e971 1ece35d7
967083ae 105d3e0f 4e0a4cd7 8fd074ad 3667157c 3638f4da ee78d704 4c16e971 1ece35d7
8fd074ad 3667157c 3638f4da 967083ae 105d3e0f 4e0a4cd7 8fd074ad 3667157c 3638f4da
42e0a5cb 2e054aa6 89068efc d73a172e d337bf7e 6bd220c6 2714c77b bcaef6b2 ba7ce41a
d73a172e d337bf7e 6bd220c6 42e0a5cb 2e054aa6 89068efc 2714c77b bcaef6b2 ba7ce41a
42e0a5cb 2e054aa6 89068efc d73a172e d337bf7e 6bd220c6 42e0a5cb 2e054aa6 89068efc
bf6d0054 d08f9ae9 a81c1984 20e5ee79 5900f494 7753d828 57216757 decefeb8 ade5ca9d
20e5ee79 5900f494 7753d828 bf6d0054 d08f9ae9 a81c1984 57216757 decefeb8 ade5ca9d
bf6d0054 d08f9ae9 a81c1984 20e5ee79 5900f494 7753d828 bf6d0054 d08f9ae9 a81c1984
a25b6d4c 51a50e70 f2e62719 fd67def5 df31c81e 8ff9c2f5 0378a608 9f4291ad 4a9a9136
fd67def5 df31c81e 8ff9c2f5 a25b6d4c 51a50e70 f2e62719 0378a608 9f4291ad 4a9a9136
a25b6d4c 51a50e70 f2e62719 fd67def5 df31c81e 8ff9c2f5 a25b6d4c 51a50e70 f2e62719
90d3b3f2 8709900c 468603c1 74371488 676922d8 4cb1774d fa6f1b9e 5a2e2dcc 83d861f3
74371488 676922d8 4cb1774d 90d3b3f2 8709900c 468603c1 fa6f1b9e 5a2e2dcc 83d861f3
90d3b3f2 8709900c 468603c1 74371488 676922d8 4cb1774d 90d3b3f2 8709900c 468603c1
7e7633a7 fcc573f7 be139337 4a27a9f0 4619cf64 cb0e72be b8258f0e eb85da78 ef0c1836
4a27a9f0 4619cf64 cb0e72be 7e7633a7 fcc573f7 be139337 b8258f0e eb85da78 ef0c1836
7e7633a7 fcc573f7 be139337 4a27a9f0 4619cf64 cb0e72be 7e7633a7 fcc573f7 be139337
70d0d8ee 2ac5bd9f 5fa06b89 c6394ae6 8363bd87 5d4aa91b 8c29d364 93fd90dc a1afe549
c6394ae6 8363bd87 5d4aa91b 70d0d8ee 2ac5bd9f 5fa06b89 8c29d364 93fd90dc a1afe549
70d0d8ee 2ac5bd9f 5fa06b89 c6394ae6 8363bd87 5d4aa91b 70d0d8ee 2ac5bd9f 5fa06b89
3d251059 5b4a0446 d2f9177d c6176720 4deee0fc 1f6f005d 9dd88452 594d7244 028c9eca
c6176720 4deee0fc 1f6f005d 3d251059 5b4a0446 d2f9177d 9dd88452 594d7244 028c9eca
3d251059 5b4a0446 d2f9177d c6176720 4deee0fc 1f6f005d 3d251059 5b4a0446 d2f9177d
d8b390f2 03ab1f8f 36e82638 3bef762a 48eaad99 e4a0ea61 66435f9c ab8697d9 42c646ef
3bef762a 48eaad99 e4a0ea61 d8b390f2 03ab1f8f 36e82638 66435f9c ab8697d9 42c646ef
d8b390f2 03ab1f8f 36e82638 3bef762a 48eaad99 e4a0ea61 d8b390f2 03ab1f8f 36e82638
30a79f1b 8e4bc51b 4101ae0e cde37d99 ee162761 f1f6a6eb c3229785 1c6e1497 05ebb185
cde37d99 ee162761 f1f6a6eb 30a79f1b 8e4bc51b 4101ae0e c3229785 1c6e1497 05ebb185
30a79f1b 8e4bc51b 4101ae0e cde37d99 ee162761 f1f6a6eb 30a79f1b 8e4bc51b 4101ae0e
fab57c92 cd85e3a8 a6ffa881 ccddb863 093c7eb1 a3270c12 0959f3ea 4e9f3ce1 08a3e371
ccddb863 093c7eb1 a3270c12 fab57c92 cd85e3a8 a6ffa881 0959f3ea 4e9f3ce1 08a3e371
fab57c92 cd85e3a8 a6ffa881 ccddb863 093c7eb1 a3270c12 fab57c92 cd85e3a8 a6ffa881
a59e0507 965e5bce 7904b0a3 41a17758 4ce6f292 80aa37c7 318e516f 902687ad 57a172fb
41a17758 4ce6f292 80aa37c7 a59e0507 965e5bce 7904b0a3 318e516f 902687ad 57a172fb
a59e0507 965e5bce 7904b0a3 41a17758 4ce6f292 80aa37c7 a59e0507 965e5bce 7904b0a3
ea0df3f8 59a94508 f2be9611 d0f14392 2fe0f886 c115f9e6 0bba2175 a243d62e 0d8260b6
d0f14392 2fe0f886 c115f9e6 ea0df3f8 59a94508 f2be9611 0bba2175 a243d62e 0d8260b6
ea0df3f8 59a94508 f2be9611 d0f14392 2fe0f886 c115f9e6 ea0df3f8 59a94508 f2be9611
4b59fef8 b27ab756 618fca6d 34cbf8f6 02b17dda 39f31044 76c452c8 d3381e69 11b730bd
34cbf8f6 02b17dda 39f31044 4b59fef8 b27ab756 618fca6d 76c452c8 d3381e69 11b730bd
4b59fef8 b27ab756 618fca6d 34cbf8f6 02b17dda 39f31044 4b59fef8 b27ab756 618fca6d
bf4c852c 768ec9e7 beb79e1e 26651389 6251e66f 7ec8fe32 f7f1ec21 ba070136 4d4b54a2
26651389 6251e66f 7ec8fe32 bf4c852c 768ec9e7 beb79e1e f7f1ec21 ba070136 4d4b54a2
bf4c852c 768ec9e7 beb79e1e 26651389 6251e66f 7ec8fe32 bf4c852c 768ec9e7 beb79e1e
326c6d9a ccc48ff9 e5be08cc ccf5a414 44bdd7aa bc7124ec 19604d11 ec56a5f4 1db29021
ccf5a414 44bdd7aa bc7124ec 326c6d9a ccc48ff9 e5be08cc 19604d11 ec56a5f4 1db29021
326c6d9a ccc48ff9 e5be08cc ccf5a414 44bdd7aa bc7124ec 326c6d9a ccc48ff9 e5be08cc
17cd0deb d6a80ad5 951ddb70 ed076d61 2c5f216e c86260b7 fbdb0bdf 20f0d7c9 bd206ff0
ed076d61 2c5f216e c86260b7 17cd0deb d6a80ad5 951ddb70 fbdb0bdf 20f0d7c9 bd206ff0
17cd0deb d6a80ad5 951ddb70 ed076d61 2c5f216e c86260b7 17cd0deb d6a80ad5 951ddb70
76855678 55c4caa8 6ec6f841 8af733ec 53c08441 43b66c13 639d497f 8199f8b2 923758b0
8af733ec 53c08441 43b66c13 76855678 55c4caa8 6ec6f841 639d497f 8199f8b2 923758b0
76855678 55c4caa8 6ec6f841 8af733ec 53c08441 43b66c13 76855678 55c4caa8 6ec6f841
db5adfa2 80a8bedc f3db1557 ecb2623c 98a0c869 6702f49c 1f24a3c4 7a6dd629 05b5e22c
ecb2623c 98a0c869 6702f49c db5adfa2 80a8bedc f3db1557 1f24a3c4 7a6dd629 05b5e22c
db5adfa2 80a8bedc f3db1557 ecb2623c 98a0c869 6702f49c db5adfa2 80a8bedc f3db1557
941d3d94 435af4a1 f6834ec3 f5f3ff0c d37d0af1 ae20cc8b d6a3a9f9 fcf3a81e f37e5bf7
f5f3ff0c d37d0af1 ae20cc8b 941d3d94 435af4a1 f6834ec3 d6a3a9f9 fcf3a81e f37e5bf7
941d3d94 435af4a1 f6834ec3 f5f3ff0c d37d0af1 ae20cc8b 941d3d94 435af4a1 f6834ec3
ac463046 78d068e3 79081ac1 f9b66414 4f19ca36 d8a5daa3 ac52365a 0adc0973 9db73bc6
f9b66414 4f19ca36 d8a5daa3 ac463046 78d068e3 79081ac1 ac52365a 0adc0973 9db73bc6
ac463046 78d068e3 79081ac1 f9b66414 4f19ca36 d8a5daa3 ac463046 78d068e3 79081ac1
b98251b9 c7252b47 22b50dbb 49a22340 2c8be593 c4deb0a4 18e11230 5b29b9e4 d65b6620
49a22340 2c8be593 c4deb0a4 b98251b9 c7252b47 22b50dbb 18e11230 5b29b9e4 d65b6620
b98251b9 c7252b47 22b50dbb 49a22340 2c8be593 c4deb0a4 b98251b9 c7252b47 22b50dbb
ae5c52a0 36f32c3a 3dca930c 4e994f00 ac95b210 c7edb56a 485a951a 41e77341 d93a7bf2
4e994f00 ac95b210 c7edb56a ae5c52a0 36f32c3a 3dca930c 485a951a 41e77341 d93a7bf2
ae5c52a0 36f32c3a 3dca930c 4e994f00 ac95b210 c7edb56a ae5c52a0 36f32c3a 3dca930c
3decece3 76820895 b171b8c8 55e14b49 cc98deb3 d6048afd ef37546b bea1a0a9 34c12b1b
55e14b49 cc98deb3 d6048afd 3decece3 76820895 b171b8c8 ef37546b bea1a0a9 34c12b1b
3decece3 76820895 b171b8c8 55e14b49 cc98deb3 d6048afd 3decece3 76820895 b171b8c8
c02ac4c2 e2a2e9ee 950cae3c 17f2c7a8 d9539b66 670d72b5 967d12d8 459d0114 dfb1ff42
17f2c7a8 d9539b66 670d72b5 c02ac4c2 e2a2e9ee 950cae3c 967d12d8 459d0114 dfb1ff42
c02ac4c2 e2a2e9ee 950cae3c 17f2c7a8 d9539b66 670d72b5 c02ac4c2 e2a2e9ee 950cae3c
d79f3f7f 59d0df09 62e42212 d04ace44 79831008 d3358936 b14c305f d3fd8245 1b61337a
d04ace44 79831008 d3358936 d79f3f7f 59d0df09 62e42212 b14c305f d3fd8245 1b61337a
d79f3f7f 59d0df09 62e42212 d04ace44 79831008 d3358936 d79f3f7f 59d0df09 62e42212
b0b8d190 69f3fe61 552a7377 be83fceb 0798b85f dda6436c 65a454a1 d6c70bf7 8b5cca22
be83fceb 0798b85f dda6436c b0b8d190 69f3fe61 552a7377 65a454a1 d6c70bf7 8b5cca22
b0b8d190 69f3fe61 552a7377 be83fceb 0798b85f dda6436c b0b8d190 69f3fe61 552a7377
6670f23b 57e3266a 2c7e71bb d8bf10c6 decf8f5e ca4191e9 074f091c f18d006c f7165143
d8bf10c6 decf8f5e ca4191e9 6670f23b 57e3266a 2c7e71bb 074f091c f18d006c f7165143
6670f23b 57e3266a 2c7e71bb d8bf10c6 decf8f5e ca4191e9 6670f23b 57e3266a 2c7e71bb
dce21459 b1a18b4e 6b66fd09 b47616f3 e67416ce 4928a5ea e5d0fb9c 2c007caa a767e595
b47616f3 e67416ce 4928a5ea dce21459 b1a18b4e 6b66fd09 e5d0fb9c 2c007caa a767e595
dce21459 b1a18b4e 6b66fd09 b47616f3 e67416ce 4928a5ea dce21459 b1a18b4e 6b66fd09
f4d5e6e2 06570d6a cfb8eb51 ba025e44 d3646ab7 b3f699f3 9a8818ab 8d3f72aa b2d5e7f7
ba025e44 d3646ab7 b3f699f3 f4d5e6e2 06570d6a cfb8eb51 9a8818ab 8d3f72aa b2d5e7f7
f4d5e6e2 06570d6a cfb8eb51 ba025e44 d3646ab7 b3f699f3 f4d5e6e2 06570d6a cfb8eb51
c21b6bab 072eb5c9 1a5fc2e8 bbea2cb0 44c4067c 97ac9fe9 3b20376a 1538e62c bdfcd038
bbea2cb0 44c4067c 97ac9fe9 c21b6bab 072eb5c9 1a5fc2e8 3b20376a 1538e62c bdfcd038
c21b6bab 072eb5c9 1a5fc2e8 bbea2cb0 44c4067c 97ac9fe9 c21b6bab 072eb5c9 1a5fc2e8
e10c77a7 388e410d 43ad7047 bda16e17 dcb9f5ff 63055a3c bc47464f f4a3e48f 3701e359
bda16e17 dcb9f5ff 63055a3c e10c77a7 388e410d 43ad7047 bc47464f f4a3e48f 3701e359
e10c77a7 388e410d 43ad7047 bda16e17 dcb9f5ff 63055a3c e10c77a7 388e410d 43ad7047
c1f6ca10 ad18d56e 59f22cbd 32dc5272 7731d707 f686a107 f6e8be33 5c964d45 7150dcf3
32dc5272 7731d707 f686a107 c1f6ca10 ad18d56e 59f22cbd f6e8be33 5c964d45 7150dcf3
c1f6ca10 ad18d56e 59f22cbd 32dc5272 7731d707 f686a107 c1f6ca10 ad18d56e 59f22cbd
6055c6db ebd83b29 50f94ec6 77533422 3d238c80 3e2651bb 2fc0d695 460b9051 54184078
77533422 3d238c80 3e2651bb 6055c6db ebd83b29 50f94ec6 2fc0d695 460b9051 54184078
6055c6db ebd83b29 50f94ec6 77533422 3d238c80 3e2651bb 6055c6db ebd83b29 50f94ec6
cb3d5aae 369963c4 5ce08923 f5a990ce a2807cab e87192fe bbbd28fd 053bec35 72cba229
f5a990ce a2807cab e87192fe cb3d5aae 369963c4 5ce08923 bbbd28fd 053bec35 72cba229
cb3d5aae 369963c4 5ce08923 f5a990ce a2807cab e87192fe cb3d5aae 369963c4 5ce08923
3947c0c0 347b77da 544e03fb 8fed4194 0af23112 09f6f0e1 91b2c462 7b70fe6a 56ccdf84
8fed4194 0af23112 09f6f0e1 3947c0c0 347b77da 544e03fb 91b2c462 7b70fe6a 56ccdf84
3947c0c0 347b77da 544e03fb 8fed4194 0af23112 09f6f0e1 3947c0c0 347b77da 544e03fb
095ab7f8 4535a713 30fa7192 377554b0 911a8d8e abd855fe 8ce9fc07 f91062b6 e157814d
377554b0 911a8d8e abd855fe 095ab7f8 4535a713 30fa7192 8ce9fc07 f91062b6 e157814d
095ab7f8 4535a713 30fa7192 377554b0 911a8d8e abd855fe 095ab7f8 4535a713 30fa7192
7bb5ada0 48445e6f cb1fcdac 1356e450 e771a62f 47be0358 f0ca9eaf 81605964 c9516e54
1356e450 e771a62f 47be0358 7bb5ada0 48445e6f cb1fcdac f0ca9eaf 81605964 c9516e54
7bb5ada0 48445e6f cb1fcdac 1356e450 e771a62f 47be0358 7bb5ada0 48445e6f cb1fcdac
53ce29fb a0450a49 97e832d4 cef38e86 54f2d509 31b6f4c9 4e9083e7 de6332d4 a99d923f
cef38e86 54f2d509 31b6f4c9 53ce29fb a0450a49 97e832d4 4e9083e7 de6332d4 a99d923f
53ce29fb a0450a49 97e832d4 cef38e86 54f2d509 31b6f4c9 53ce29fb a0450a49 97e832d4
c63e655d e791135d 2e7fbfc2 edea57eb be708bbb bc29904f 162319b9 49de2888 44004e93
edea57eb be708bbb bc29904f c63e655d e791135d 2e7fbfc2 162319b9 49de2888 44004e93
c63e655d e791135d 2e7fbfc2 edea57eb be708bbb bc29904f c63e655d e791135d 2e7fbfc2
e849f9af 03020b7f f23006c4 0391051d 49cce596 a2d37e98 7e111636 1b99dd3b ad81bcfc
0391051d 49cce596 a2d37e98 e849f9af 03020b7f f23006c4 7e111636 1b99dd3b ad81bcfc
e849f9af 03020b7f f23006c4 0391051d 49cce596 a2d37e98 e849f9af 03020b7f f23006c4
3b70dc02 b90d8932 da038b49 d5651bb2 3bde895c 6e55fcb1 54d8b98d af104235 64e8d28a
d5651bb2 3bde895c 6e55fcb1 3b70dc02 b90d8932 da038b49 54d8b98d af104235 64e8d28a
3b70dc02 b90d8932 da038b49 d5651bb2 3bde895c 6e55fcb1 3b70dc02 b90d8932 da038b49
744f3dab 0bd34cf6 9c62fdda fba2a0ab 713cd55a 692e6e12 712c38d3 636b0664 8ef03be6
fba2a0ab 713cd55a 692e6e12 744f3dab 0bd34cf6 9c62fdda 712c38d3 636b0664 8ef03be6
744f3dab 0bd34cf6 9c62fdda fba2a0ab 713cd55a 692e6e12 744f3dab 0bd34cf6 9c62fdda
654299fe 20dbdf1a 6c23b2c7 b5aa8eae 1afe377b a44ae641 c938255d 2c8d7c04 bb45ec1e
b5aa8eae 1afe377b a44ae641 654299fe 20dbdf1a 6c23b2c7 c938255d 2c8d7c04 bb45ec1e
654299fe 20dbdf1a 6c23b2c7 b5aa8eae 1afe377b a44ae641 654299fe 20dbdf1a 6c23b2c7
eb941197 f525e89c cfae5900 44fdd6d5 e53b286d 1394ffc0 08cf6692 264cb0d0 f8ced830
44fdd6d5 e53b286d 1394ffc0 eb941197 f525e89c cfae5900 08cf6692 264cb0d0 f8ced830
eb941197 f525e89c cfae5900 44fdd6d5 e53b286d 1394ffc0 eb941197 f525e89c cfae5900
702f319f ddc85600 f91cb9be a409e8ef 45da2000 23e67bbb 8d39f0ca 454abf73 37b38504
a409e8ef 45da2000 23e67bbb 702f319f ddc85600 f91cb9be 8d39f0ca 454abf73 37b38504
702f319f ddc85600 f91cb9be a409e8ef 45da2000 23e67bbb 702f319f ddc85600 f91cb9be
bb11d534 f04b44d6 7c0c04bf b12cd7ab edc7139d b68e930d fbc37d24 c5211ff7 ab04f1fb
b12cd7ab edc7139d b68e930d bb11d534 f04b44d6 7c0c04bf fbc37d24 c5211ff7 ab04f1fb
bb11d534 f04b44d6 7c0c04bf b12cd7ab edc7139d b68e930d bb11d534 f04b44d6 7c0c04bf
bce4f5dd 6fa41363 d23c2014 da715475 c6255551 64ffcf3f 840833a5 78067160 c9558e53
da715475 c6255551 64ffcf3f bce4f5dd 6fa41363 d23c2014 840833a5 78067160 c9558e53
bce4f5dd 6fa41363 d23c2014 da715475 c6255551 64ffcf3f bce4f5dd 6fa41363 d23c2014
c3aa00fd 8f42e523 aa611a3d bb1c7ae3 50008bca 38f03262 4a36783e 4099cd28 a8ab4662
bb1c7ae3 50008bca 38f03262 c3aa00fd 8f42e523 aa611a3d 4a36783e 4099cd28 a8ab4662
c3aa00fd 8f42e523 aa611a3d bb1c7ae3 50008bca 38f03262 c3aa00fd 8f42e523 aa611a3d
6cb618d9 08fdfd06 bd059e20 3a71e48e 10e054a8 6e9b4980 70cd375c 01ee6841 5fd2ec28
3a71e48e 10e054a8 6e9b4980 6cb618d9 08fdfd06 bd059e20 70cd375c 01ee6841 5fd2ec28
6cb618d9 08fdfd06 bd059e20 3a71e48e 10e054a8 6e9b4980 6cb618d9 08fdfd06 bd059e20
9799af31 986b151b f66eb180 1be4d4fa 4b448a90 e043ccd7 79f5da96 d8caa742 848f2f55
1be4d4fa 4b448a90 e043ccd7 9799af31 986b151b f66eb180 79f5da96 d8caa742 848f2f55
9799af31 986b151b f66eb180 1be4d4fa 4b448a90 e043ccd7 9799af31 986b151b f66eb180
82a38110 182c21c8 441932ce 3adfa55e 00f62deb 221a9508 e1abc48a 124358ca e577d284
3adfa55e 00f62deb 221a9508 82a38110 182c21c8 441932ce e1abc48a 124358ca e577d284
82a38110 182c21c8 441932ce 3adfa55e 00f62deb 221a9508 82a38110 182c21c8 441932ce
ed4d48cf 280ae423 ead222de 2e5ff5a5 8cf18b9b a7e8355e 49a23227 13dcaf44 8f0782d1
2e5ff5a5 8cf18b9b a7e8355e ed4d48cf 280ae423 ead222de 49a23227 13dcaf44 8f0782d1
ed4d48cf 280ae423 ead222de 2e5ff5a5 8cf18b9b a7e8355e ed4d48cf 280ae423 ead222de
69759020 dfa2a90e 45c447b0 f7589376 9f723658 6f0d8b5a 26827dba 835c6c42 afd0b239
f7589376 9f723658 6f0d8b5a 69759020 dfa2a90e 45c447b0 26827dba 835c6c42 afd0b239
69759020 dfa2a90e 45c447b0 f7589376 9f723658 6f0d8b5a 69759020 dfa2a90e 45c447b0
5509a489 8a735e89 ed5f6240 f956172b 36c19520 4bd7ebfb cd4430d6 d438f763 8a7e98b1
f956172b 36c19520 4bd7ebfb 5509a489 8a735e89 ed5f6240 cd4430d6 d438f763 8a7e98b1
5509a489 8a735e89 ed5f6240 f956172b 36c19520 4bd7ebfb 5509a489 8a735e89 ed5f6240
542f6376 e14b4eef 3318baa7 bec3d85f e93e302f 825bdcd1 fef27f5c ff6cb054 c226e689
bec3d85f e93e302f 825bdcd1 542f6376 e14b4eef 3318baa7 fef27f5c ff6cb054 c226e689
542f6376 e14b4eef 3318baa7 bec3d85f e93e302f 825bdcd1 542f6376 e14b4eef 3318baa7
737f776f 6aad4b0c 5b1b80e5 dfd487ec 2731d7da 67219c2f e9b2e990 181d3a03 7b7c11c5
dfd487ec 2731d7da 67219c2f 737f776f 6aad4b0c 5b1b80e5 e9b2e990 181d3a03 7b7c11c5
737f776f 6aad4b0c 5b1b80e5 dfd487ec 2731d7da 67219c2f 737f776f 6aad4b0c 5b1b80e5
70e94f0c 2eeaff08 bdc58a65 be9fc395 36894c5c cd386ac4 1556aaaf f0311df4 7e9436e7
be9fc395 36894c5c cd386ac4 70e94f0c 2eeaff08 bdc58a65 1556aaaf f0311df4 7e9436e7
70e94f0c 2eeaff08 bdc58a65 be9fc395 36894c5c cd386ac4 70e94f0c 2eeaff08 bdc58a65
0dae8f0c ea3fe31e 11a7475f 4f12dd05 358a3e5e 09227f6b d1750251 c9cf0211 55c82dc3
4f12dd05 358a3e5e 09227f6b 0dae8f0c ea3fe31e 11a7475f d1750251 c9cf0211 55c82dc3
0dae8f0c ea3fe31e 11a7475f 4f12dd05 358a3e5e 09227f6b 0dae8f0c ea3fe31e 11a7475f
1df2ec62 991a21bb b7b60863 5da31e6c adc56704 21ddb131 93a703e9 d359adaf 95740926
5da31e6c adc56704 21ddb131 1df2ec62 991a21bb b7b60863 93a703e9 d359adaf 95740926
1df2ec62 991a21bb b7b60863 5da31e6c adc56704 21ddb131 1df2ec62 991a21bb b7b60863
4b15f99b 69ebd6d7 4473249f 4e0726d8 4b49d0a3 57b8a2b7 928ce640 6c1029fc 1f036f8f
4e0726d8 4b49d0a3 57b8a2b7 4b15f99b 69ebd6d7 4473249f 928ce640 6c1029fc 1f036f8f
4b15f99b 69ebd6d7 4473249f 4e0726d8 4b49d0a3 57b8a2b7 4b15f99b 69ebd6d7 4473249f
444afef6 21778925 13526eef d1d722cd a3304872 04203464 2558360f 49cdd062 20ad4168
d1d722cd a3304872 04203464 444afef6 21778925 13526eef 2558360f 49cdd062 20ad4168
444afef6 21778925 13526eef d1d722cd a3304872 04203464 444afef6 21778925 13526eef
a2bed6b9 aacf6038 b55f4c6c 8624c506 dbd33af6 df92452f 8342f6a0 1e1fcf03 3ad3158d
8624c506 dbd33af6 df92452f a2bed6b9 aacf6038 b55f4c6c 8342f6a0 1e1fcf03 3ad3158d
a2bed6b9 aacf6038 b55f4c6c 8624c506 dbd33af6 df92452f a2bed6b9 aacf6038 b55f4c6c
56211413 a1448549 7cec2891 ec85ac19 d339f354 3bd010f1 a7dbf103 b969bf8a 8f26723c
ec85ac19 d339f354 3bd010f1 56211413 a1448549 7cec2891 a7dbf103 b969bf8a 8f26723c
56211413 a1448549 7cec2891 ec85ac19 d339f354 3bd010f1 56211413 a1448549 7cec2891
e1aaaeb6 f58052ef f33acadc 8f32dc6f d06deb6d 2bbcb190 4393d704 d79f8acd 8d0d2669
8f32dc6f d06deb6d 2bbcb190 e1aaaeb6 f58052ef f33acadc 4393d704 d79f8acd 8d0d2669
e1aaaeb6 f58052ef f33acadc 8f32dc6f d06deb6d 2bbcb190 e1aaaeb6 f58052ef f33acadc
0ff2c941 eeb44d32 e1828e8f a3c7a1e7 ace923de 79a0c209 40877cea a00d3144 6810d2db
a3c7a1e7 ace923de 79a0c209 0ff2c941 eeb44d32 e1828e8f 40877cea a00d3144 6810d2db
0ff2c941 eeb44d32 e1828e8f a3c7a1e7 ace923de 79a0c209 0ff2c941 eeb44d32 e1828e8f
0d746ff7 932ef24d 82841d4f 950ff432 1c16de14 751a92eb a641dce9 a3df71a2 cb52a77c
950ff432 1c16de14 751a92eb 0d746ff7 932ef24d 82841d4f a641dce9 a3df71a2 cb52a77c
0d746ff7 932ef24d 82841d4f 950ff432 1c16de14 751a92eb 0d746ff7 932ef24d 82841d4f
15e4dec5 e59e8c58 320ac5d9 2bb879fb 906817b6 73d225ec 68dbcbd1 268ce9bb 73d99ac4
2bb879fb 906817b6 73d225ec 15e4dec5 e59e8c58 320ac5d9 68dbcbd1 268ce9bb 73d99ac4
15e4dec5 e59e8c58 320ac5d9 2bb879fb 906817b6 73d225ec 15e4dec5 e59e8c58 320ac5d9
1f12493d ab54ad5c b4aff5c7 85eb0f19 b32928b1 977b977f 23510d08 8907b685 14b82fde
85eb0f19 b32928b1 977b977f 1f12493d ab54ad5c b4aff5c7 23510d08 8907b685 14b82fde
1f12493d ab54ad5c b4aff5c7 85eb0f19 b32928b1 977b977f 1f12493d ab54ad5c b4aff5c7
d50981ba d5a9a849 7c04a141 639131d2 6265f8a2 17dd5b11 fdb174a5 82715c3d 86ecf069
639131d2 6265f8a2 17dd5b11 d50981ba d5a9a849 7c04a141 fdb174a5 82715c3d 86ecf069
d50981ba d5a9a849 7c04a141 639131d2 6265f8a2 17dd5b11 d50981ba d5a9a849 7c04a141
00356c35 abcaea88 eefb0a30 ba53c1b1 38ae75eb 03cb9d4f 2ffd2b10 f52b04d7 8a670cd8
ba53c1b1 38ae75eb 03cb9d4f 00356c35 abcaea88 eefb0a30 2ffd2b10 f52b04d7 8a670cd8
00356c35 abcaea88 eefb0a30 ba53c1b1 38ae75eb 03cb9d4f 00356c35 abcaea88 eefb0a30
4e6fd9b8 836e7e34 84843d34 dd2d168e 53d13921 e53e538c efe38cea d4633739 09d190ac
dd2d168e 53d13921 e53e538c 4e6fd9b8 836e7e34 84843d34 efe38cea d4633739 09d190ac
4e6fd9b8 836e7e34 84843d34 dd2d168e 53d13921 e53e538c 4e6fd9b8 836e7e34 84843d34
24daae7b 47c51ca6 952056e0 ccf28b2f d206b9cc d0afddab 2eb9ff33 a51e99ac dc1443dc
ccf28b2f d206b9cc d0afddab 24daae7b 47c51ca6 952056e0 2eb9ff33 a51e99ac dc1443dc
24daae7b 47c51ca6 952056e0 ccf28b2f d206b9cc d0afddab 24daae7b 47c51ca6 952056e0
d740aa30 2fe50d9c 0be84ec3 a181ffa3 1a4626ff 31e2855d 1ec7c742 3a56c109 c3f2362c
a181ffa3 1a4626ff 31e2855d d740aa30 2fe50d9c 0be84ec3 1ec7c742 3a56c109 c3f2362c
d740aa30 2fe50d9c 0be84ec3 a181ffa3 1a4626ff 31e2855d d740aa30 2fe50d9c 0be84ec3
23749411 4a5e6442 b4206c56 76ade542 bfa83f77 1237396e 55758dfa 616f2e77 cf13eca7
76ade542 bfa83f77 1237396e 23749411 4a5e6442 b4206c56 55758dfa 616f2e77 cf13eca7
23749411 4a5e6442 b4206c56 76ade542 bfa83f77 1237396e 23749411 4a5e6442 b4206c56
454d35d3 fcfe920e 840dec8a e2b10ddd 9dff9b99 dc358b28 cbcc109f 712e093b 6f732de6
e2b10ddd 9dff9b99 dc358b28 454d35d3 fcfe920e 840dec8a cbcc109f 712e093b 6f732de6
454d35d3 fcfe920e 840dec8a e2b10ddd 9dff9b99 dc358b28 454d35d3 fcfe920e 840dec8a
0670ebb4 80843096 69bb979c 29a739c2 62a39972 9f6e6178 68b8d5bb 2a405ac5 80484b39
29a739c2 62a39972 9f6e6178 0670ebb4 80843096 69bb979c 68b8d5bb 2a405ac5 80484b39
0670ebb4 80843096 69bb979c 29a739c2 62a39972 9f6e6178 0670ebb4 80843096 69bb979c
5c373c23 a464f166 c30bb5ac 2693478d e59b8924 61e8f159 7b167acf 2bcf6118 0950e5ce
2693478d e59b8924 61e8f159 5c373c23 a464f166 c30bb5ac 7b167acf 2bcf6118 0950e5ce
5c373c23 a464f166 c30bb5ac 2693478d e59b8924 61e8f159 5c373c23 a464f166 c30bb5ac
84fd616a 30b02825 0f57afe5 43de95ff 388fe7d2 9ce0beea 19c9aa74 d1b2535a 48040edd
43de95ff 388fe7d2 9ce0beea 84fd616a 30b02825 0f57afe5 19c9aa74 d1b2535a 48040edd
84fd616a 30b02825 0f57afe5 43de95ff 388fe7d2 9ce0beea 84fd616a 30b02825 0f57afe5
7efb43dd 3858ce4d 3dd3469b d576111e 3316c578 f8a714a8 f5be2352 b67e414f 325f1c7a
d576111e 3316c578 f8a714a8 7efb43dd 3858ce4d 3dd3469b f5be2352 b67e414f 325f1c7a
7efb43dd 3858ce4d 3dd3469b d576111e 3316c578 f8a714a8 7efb43dd 3858ce4d 3dd3469b
dd52a49c 66a478fe 6219b0de 0f9b1aaa ebdc730e 98ff3c8c 12c25c66 d19072ec 73e7b182
0f9b1aaa ebdc730e 98ff3c8c dd52a49c 66a478fe 6219b0de 12c25c66 d19072ec 73e7b182
dd52a49c 66a478fe 6219b0de 0f9b1aaa ebdc730e 98ff3c8c dd52a49c 66a478fe 6219b0de
546f9894 4c4e5d6e 25f393fd 88250b71 0e0a47f6 15c6441e df7e9091 1b10d62e 18cbd258
88250b71 0e0a47f6 15c6441e 546f9894 4c4e5d6e 25f393fd df7e9091 1b10d62e 18cbd258
546f9894 4c4e5d6e 25f393fd 88250b71 0e0a47f6 15c6441e 546f9894 4c4e5d6e 25f393fd
86ae8c8d 96a3d525 0edc1f82 17292b3c f207e6c1 7cf6dddf 21c3df4f 9b3e40ef 53c94e2b
17292b3c f207e6c1 7cf6dddf 86ae8c8d 96a3d525 0edc1f82 21c3df4f 9b3e40ef 53c94e2b
86ae8c8d 96a3d525 0edc1f82 17292b3c f207e6c1 7cf6dddf 86ae8c8d 96a3d525 0edc1f82
22756960 2f58fc93 8ea06e20 969bef98 28642765 b0e60fc5 b5583892 2462e8f9 52bc2b9f
969bef98 28642765 b0e60fc5 22756960 2f58fc93 8ea06e20 b5583892 2462e8f9 52bc2b9f
22756960 2f58fc93 8ea06e20 969bef98 28642765 b0e60fc5 22756960 2f58fc93 8ea06e20
49c1f539 afcc902d c6fd8d6f 7a816b3f cfe9992a 8c8a8d55 ec44aee6 0d8aa4cf edf8f537
7a816b3f cfe9992a 8c8a8d55 49c1f539 afcc902d c6fd8d6f ec44aee6 0d8aa4cf edf8f537
49c1f539 afcc902d c6fd8d6f 7a816b3f cfe9992a 8c8a8d55 49c1f539 afcc902d c6fd8d6f
8a83e174 91f54f2f e2e89668 5292f3fc 6d148d0c 346fb35f dce775be 50f92409 437f109d
5292f3fc 6d148d0c 346fb35f 8a83e174 91f54f2f e2e89668 dce775be 50f92409 437f109d
8a83e174 91f54f2f e2e89668 5292f3fc 6d148d0c 346fb35f 8a83e174 91f54f2f e2e89668
fa208fd2 6aa9d1ab b2839674 11bd63ac a930c01c b243dd7f 62142e16 4c2d35d7 82063bfa
11bd63ac a930c01c b243dd7f fa208fd2 6aa9d1ab b2839674 62142e16 4c2d35d7 82063bfa
fa208fd2 6aa9d1ab b2839674 11bd63ac a930c01c b243dd7f fa208fd2 6aa9d1ab b2839674
7639c793 28acdd87 b3c41481 a51094ef ff7c6691 46a95ac8 24338d20 be765fe2 0ff0d6e8
a51094ef ff7c6691 46a95ac8 7639c793 28acdd87 b3c41481 24338d20 be765fe2 0ff0d6e8
7639c793 28acdd87 b3c41481 a51094ef ff7c6691 46a95ac8 7639c793 28acdd87 b3c41481
f7b6727d b4d6716e 820cc260 89fa01ec e057875c 65cc487e ae37f380 413432d0 496fd5d3
89fa01ec e057875c 65cc487e f7b6727d b4d6716e 820cc260 ae37f380 413432d0 496fd5d3
f7b6727d b4d6716e 820cc260 89fa01ec e057875c 65cc487e f7b6727d b4d6716e 820cc260
e496c60d 31c9378c 27029dad 59d6e2e6 6867f4c6 1ae74937 cea45e13 eb71a21b 425d0e16
59d6e2e6 6867f4c6 1ae74937 e496c60d 31c9378c 27029dad cea45e13 eb71a21b 425d0e16
e496c60d 31c9378c 27029dad 59d6e2e6 6867f4c6 1ae74937 e496c60d 31c9378c 27029dad
28a35cde cd1a471e 9a5dfccf 57956401 2a9ed325 0fad255e 40941d04 65682adc db6d64c2
57956401 2a9ed325 0fad255e 28a35cde cd1a471e 9a5dfccf 40941d04 65682adc db6d64c2
28a35cde cd1a471e 9a5dfccf 57956401 2a9ed325 0fad255e 28a35cde cd1a471e 9a5dfccf
b3d02070 8c8acb9a 64a63eec 40867e70 31285ae8 e86342d3 a97fb6b3 8f5a0160 d52f44cb
40867e70 31285ae8 e86342d3 b3d02070 8c8acb9a 64a63eec a97fb6b3 8f5a0160 d52f44cb
b3d02070 8c8acb9a 64a63eec 40867e70 31285ae8 e86342d3 b3d02070 8c8acb9a 64a63eec
4168ce2c 331ec2b7 06dd061b 6aa73cb8 3cd12a30 25a4dc06 0560efb7 75a312dc 5ce650e1
6aa73cb8 3cd12a30 25a4dc06 4168ce2c 331ec2b7 06dd061b 0560efb7 75a312dc 5ce650e1
4168ce2c 331ec2b7 06dd061b 6aa73cb8 3cd12a30 25a4dc06 4168ce2c 331ec2b7 06dd061b
f2e9015d c018e1d2 24fcb795 5556f5c6 fa30b18c e26ea6f9 2c3584de d936d9f2 180af376
5556f5c6 fa30b18c e26ea6f9 f2e9015d c018e1d2 24fcb795 2c3584de d936d9f2 180af376
f2e9015d c018e1d2 24fcb795 5556f5c6 fa30b18c e26ea6f9 f2e9015d c018e1d2 24fcb795
7d23f86f ab783f6a eff96a6a c4149ad0 0c43428d eeb191ea b3962577 b41469ca a3dba38a
c4149ad0 0c43428d eeb191ea 7d23f86f ab783f6a eff96a6a b3962577 b41469ca a3dba38a
7d23f86f ab783f6a eff96a6a c4149ad0 0c43428d eeb191ea 7d23f86f ab783f6a eff96a6a
e7241a4a 3426726e 549e0213 a574d3c4 2065ab10 7df3a169 0c0e50b5 b0055a0a cc83841e
a574d3c4 2065ab10 7df3a169 e7241a4a 3426726e 549e0213 0c0e50b5 b0055a0a cc83841e
e7241a4a 3426726e 549e0213 a574d3c4 2065ab10 7df3a169 e7241a4a 3426726e 549e0213
d9d6710e 0604f7b1 c06393be 768fc0ad e1d29285 bb3dc62c 312acb75 63af3a5e a5fe9499
768fc0ad e1d29285 bb3dc62c d9d6710e 0604f7b1 c06393be 312acb75 63af3a5e a5fe9499
d9d6710e 0604f7b1 c06393be 768fc0ad e1d29285 bb3dc62c d9d6710e 0604f7b1 c06393be
3ab18bb7 b83be0b3 717c8b1b 531f6087 49ad1b46 2df53010 b4b42234 0759ac3f a0e11ecf
531f6087 49ad1b46 2df53010 3ab18bb7 b83be0b3 717c8b1b b4b42234 0759ac3f a0e11ecf
3ab18bb7 b83be0b3 717c8b1b 531f6087 49ad1b46 2df53010 3ab18bb7 b83be0b3 717c8b1b
c614b27a 51753396 65218492 96f4dd52 80be2bc7 faaf2872 ec677c72 1b99f951 57702bf2
96f4dd52 80be2bc7 faaf2872 c614b27a 51753396 65218492 ec677c72 1b99f951 57702bf2
c614b27a 51753396 65218492 96f4dd52 80be2bc7 faaf2872 c614b27a 51753396 65218492
72eaaf4b b4fa7524 84290d5e f3e2a259 ca070e84 a7db438d 6b14afee b59fc191 1b8319fd
f3e2a259 ca070e84 a7db438d 72eaaf4b b4fa7524 84290d5e 6b14afee b59fc191 1b8319fd
72eaaf4b b4fa7524 84290d5e f3e2a259 ca070e84 a7db438d 72eaaf4b b4fa7524 84290d5e
0f11078d 59e86c08 aff53d92 5765944f bbbb13a9 e58a3979 b630eecf d03b5124 c4722163
5765944f bbbb13a9 e58a3979 0f11078d 59e86c08 aff53d92 b630eecf d03b5124 c4722163
0f11078d 59e86c08 aff53d92 5765944f bbbb13a9 e58a3979 0f11078d 59e86c08 aff53d92
9db75c7a b6a59f43 86e8a168 ecf236b5 6bf6bbcb f0fe1d4f 4a5309cc 660ea9af d026e3f8
ecf236b5 6bf6bbcb f0fe1d4f 9db75c7a b6a59f43 86e8a168 4a5309cc 660ea9af d026e3f8
9db75c7a b6a59f43 86e8a168 ecf236b5 6bf6bbcb f0fe1d4f 9db75c7a b6a59f43 86e8a168
cdc113f0 067a5987 0dcec228 0652738f fc0debec 16ba1a5d 3f42a961 700ee3c1 1a019625
0652738f fc0debec 16ba1a5d cdc113f0 067a5987 0dcec228 3f42a961 700ee3c1 1a019625
cdc113f0 067a5987 0dcec228 0652738f fc0debec 16ba1a5d cdc113f0 067a5987 0dcec228
3569c17f c4396fff 4bce0047 40192adc c0100679 551db52d 45533adb a1c9c539 fbaff9ba
40192adc c0100679 551db52d 3569c17f c4396fff 4bce0047 45533adb a1c9c539 fbaff9ba
3569c17f c4396fff 4bce0047 40192adc c0100679 551db52d 3569c17f c4396fff 4bce0047
74c6a25a 8d59ba26 19447cca 92c18804 db968f0f a0d95ef9 e49e569d 978b14e9 e1c9b50d
92c18804 db968f0f a0d95ef9 74c6a25a 8d59ba26 19447cca e49e569d 978b14e9 e1c9b50d
74c6a25a 8d59ba26 19447cca 92c18804 db968f0f a0d95ef9 74c6a25a 8d59ba26 19447cca
722ebc14 405bbfee 3a582451 83bd391c 11cb696f e5095c75 ca0e3dc2 627e4cee bae21b4f
83bd391c 11cb696f e5095c75 722ebc14 405bbfee 3a582451 ca0e3dc2 627e4cee bae21b4f
722ebc14 405bbfee 3a582451 83bd391c 11cb696f e5095c75 722ebc14 405bbfee 3a582451
f51bcd66 61336d8e b7963011 a680a493 16fcd2f2 a3fc6d0b 10012209 b1b78d19 bf7155b6
a680a493 16fcd2f2 a3fc6d0b f51bcd66 61336d8e b7963011 10012209 b1b78d19 bf7155b6
f51bcd66 61336d8e b7963011 a680a493 16fcd2f2 a3fc6d0b f51bcd66 61336d8e b7963011
52cbe710 2e12ab6c f9fb12bb d343baf8 7dfd7cd3 e25fb785 6b51759e 89e4f3a9 364176d5
d343baf8 7dfd7cd3 e25fb785 52cbe710 2e12ab6c f9fb12bb 6b51759e 89e4f3a9 364176d5
52cbe710 2e12ab6c f9fb12bb d343baf8 7dfd7cd3 e25fb785 52cbe710 2e12ab6c f9fb12bb
41ad8112 33042169 6ed2039f e1eb47fa 53d2a519 574b964c 7c619ebc 9458306d 5d8b48c3
e1eb47fa 53d2a519 574b964c 41ad8112 33042169 6ed2039f 7c619ebc 9458306d 5d8b48c3
41ad8112 33042169 6ed2039f e1eb47fa 53d2a519 574b964c 41ad8112 33042169 6ed2039f
2b124c23 02307a93 ea495921 ba114ce8 93e1a69c 2586d4ee 06f44793 3100f450 90c0f81a
ba114ce8 93e1a69c 2586d4ee 2b124c23 02307a93 ea495921 06f44793 3100f450 90c0f81a
2b124c23 02307a93 ea495921 ba114ce8 93e1a69c 2586d4ee 2b124c23 02307a93 ea495921
a905b8e7 cba68b8c b4e11d87 4b3833a9 11223d4c 0b90fb76 d445d1c8 90c6db47 af14c763
4b3833a9 11223d4c 0b90fb76 a905b8e7 cba68b8c b4e11d87 d445d1c8 90c6db47 af14c763
a905b8e7 cba68b8c b4e11d87 4b3833a9 11223d4c 0b90fb76 a905b8e7 cba68b8c b4e11d87
f3ec80e5 3e1b195d 05c542d8 40a8d51f 99044048 71bc2d1a e87628f7 a9c16b75 93131ab5
40a8d51f 99044048 71bc2d1a f3ec80e5 3e1b195d 05c542d8 e87628f7 a9c16b75 93131ab5
f3ec80e5 3e1b195d 05c542d8 40a8d51f 99044048 71bc2d1a f3ec80e5 3e1b195d 05c542d8
f7764f71 3b7aa31c 94e9a2f8 251fc49c 4ddec73e 3e2090e6 7ef6eedf f3abbfdc 451244d5
251fc49c 4ddec73e 3e2090e6 f7764f71 3b7aa31c 94e9a2f8 7ef6eedf f3abbfdc 451244d5
f7764f71 3b7aa31c 94e9a2f8 251fc49c 4ddec73e 3e2090e6 f7764f71 3b7aa31c 94e9a2f8
20e3415c e039c834 686cbebc 5c326e9a a3203e42 d1be9ff4 868c1ff7 f3fc1dda 72b36df0
5c326e9a a3203e42 d1be9ff4 20e3415c e039c834 686cbebc 868c1ff7 f3fc1dda 72b36df0
20e3415c e039c834 686cbebc 5c326e9a a3203e42 d1be9ff4 20e3415c e039c834 686cbebc
c9c70633 56b153f4 b74b0990 98170bde f16158b9 e4db6b81 42ed02be 4f2cd468 ee3a5f3d
98170bde f16158b9 e4db6b81 c9c70633 56b153f4 b74b0990 42ed02be 4f2cd468 ee3a5f3d
c9c70633 56b153f4 b74b0990 98170bde f16158b9 e4db6b81 c9c70633 56b153f4 b74b0990
fcd3a04d bfba2133 462b050c a0c9f79a 985a2fcd 6a0ab5d7 c8e9c065 c4f473ca 790bd990
a0c9f79a 985a2fcd 6a0ab5d7 fcd3a04d bfba2133 462b050c c8e9c065 c4f473ca 790bd990
fcd3a04d bfba2133 462b050c a0c9f79a 985a2fcd 6a0ab5d7 fcd3a04d bfba2133 462b050c
e78beac0 55703d1d f7f0dbc9 203153b4 9b271bbd b87846f5 3c067759 e7feeae3 f19bc153
203153b4 9b271bbd b87846f5 e78beac0 55703d1d f7f0dbc9 3c067759 e7feeae3 f19bc153
e78beac0 55703d1d f7f0dbc9 203153b4 9b271bbd b87846f5 e78beac0 55703d1d f7f0dbc9
80b0b92e 248a7da4 9098ae0d cc4217ae b8f53749 70e63292 b6de1408 abc8be53 c9f34ea5
cc4217ae b8f53749 70e63292 80b0b92e 248a7da4 9098ae0d b6de1408 abc8be53 c9f34ea5
80b0b92e 248a7da4 9098ae0d cc4217ae b8f53749 70e63292 80b0b92e 248a7da4 9098ae0d
e99fd40c a126533b 413db422 b6b2628f 4d02ff9b 1bac2978 d5cc922f e7148e8b b8c71c29
b6b2628f 4d02ff9b 1bac2978 e99fd40c a126533b 413db422 d5cc922f e7148e8b b8c71c29
e99fd40c a126533b 413db422 b6b2628f 4d02ff9b 1bac2978 e99fd40c a126533b 413db422
b01edc91 cd862d86 ff2e9dfb 616b000f 811b22ba 54246a7e f28cb919 ddc0ff13 820b2bbf
616b000f 811b22ba 54246a7e b01edc91 cd862d86 ff2e9dfb f28cb919 ddc0ff13 820b2bbf
b01edc91 cd862d86 ff2e9dfb 616b000f 811b22ba 54246a7e b01edc91 cd862d86 ff2e9dfb
6181fa89 185a66b4 df8d7c29 2873909c bd6f63e0 01bb8c20 0aac7ace cdf9da65 7528caed
2873909c bd6f63e0 01bb8c20 6181fa89 185a66b4 df8d7c29 0aac7ace cdf9da65 7528caed
6181fa89 185a66b4 df8d7c29 2873909c bd6f63e0 01bb8c20 6181fa89 185a66b4 df8d7c29
40087bf2 94713d37 2fafe96e 1fba57d1 cb826a0a 20a21465 d282ea86 0f80b5dd b2e4bc68
1fba57d1 cb826a0a 20a21465 40087bf2 94713d37 2fafe96e d282ea86 0f80b5dd b2e4bc68
40087bf2 94713d37 2fafe96e 1fba57d1 cb826a0a 20a21465 40087bf2 94713d37 2fafe96e
0cbbf0c6 bb760e09 bd551208 ba1f3305 ac2fee2a a3602d38 652d3558 7ab2aee3 bf25911b
ba1f3305 ac2fee2a a3602d38 0cbbf0c6 bb760e09 bd551208 652d3558 7ab2aee3 bf25911b
0cbbf0c6 bb760e09 bd551208 ba1f3305 ac2fee2a a3602d38 0cbbf0c6 bb760e09 bd551208
7435d0f1 284ddef6 b61de869 0aa6b446 83fba36d a1c5e225 c5459a71 577d78c6 6165c8ff
0aa6b446 83fba36d a1c5e225 7435d0f1 284ddef6 b61de869 c5459a71 577d78c6 6165c8ff
7435d0f1 284ddef6 b61de869 0aa6b446 83fba36d a1c5e225 7435d0f1 284ddef6 b61de869
55d9fb55 140e5e29 f1606a80 74563bba 8602538b f7e18ed4 0334873b e60d2a0f 5d36f217
74563bba 8602538b f7e18ed4 55d9fb55 140e5e29 f1606a80 0334873b e60d2a0f 5d36f217
55d9fb55 140e5e29 f1606a80 74563bba 8602538b f7e18ed4 55d9fb55 140e5e29 f1606a80
4c025fea 18236c2b 6b1da493 7262baec 5a749ee4 1b104c94 bac8aefc f68569d9 0fcb4554
7262baec 5a749ee4 1b104c94 4c025fea 18236c2b 6b1da493 bac8aefc f68569d9 0fcb4554
4c025fea 18236c2b 6b1da493 7262baec 5a749ee4 1b104c94 4c025fea 18236c2b 6b1da493
42e7296d 8d8bbe58 48569af1 ea0c7b4f be1c7085 07451914 2bc480c1 e822f5d7 3938a47e
ea0c7b4f be1c7085 07451914 42e7296d 8d8bbe58 48569af1 2bc480c1 e822f5d7 3938a47e
42e7296d 8d8bbe58 48569af1 ea0c7b4f be1c7085 07451914 42e7296d 8d8bbe58 48569af1
f0c7f0aa 16f6ffcd 7e8e8a66 3f092b88 742186a8 5f0a5dc9 1c80b189 1000cbcd ad21e553
3f092b88 742186a8 5f0a5dc9 f0c7f0aa 16f6ffcd 7e8e8a66 1c80b189 1000cbcd ad21e553
f0c7f0aa 16f6ffcd 7e8e8a66 3f092b88 742186a8 5f0a5dc9 f0c7f0aa 16f6ffcd 7e8e8a66
acd4411e 75fc5345 efbc6768 a4949edc 604bfdef 3e10ca5b 6028cc31 09ab9a47 1bc92eb5
a4949edc 604bfdef 3e10ca5b acd4411e 75fc5345 efbc6768 6028cc31 09ab9a47 1bc92eb5
acd4411e 75fc5345 efbc6768 a4949edc 604bfdef 3e10ca5b acd4411e 75fc5345 efbc6768
c2808083 b4518fc1 f6cc9a50 20be5e3e 5f80d7bb 7b729826 fabad41e b341e85a c9de5e7c
20be5e3e 5f80d7bb 7b729826 c2808083 b4518fc1 f6cc9a50 fabad41e b341e85a c9de5e7c
c2808083 b4518fc1 f6cc9a50 20be5e3e 5f80d7bb 7b729826 c2808083 b4518fc1 f6cc9a50
6e041325 983ac45f e4a4636c 0be6d141 84c3814f e01ae326 d341cf63 fc77af6f 01782c23
0be6d141 84c3814f e01ae326 6e041325 983ac45f e4a4636c d341cf63 fc77af6f 01782c23
6e041325 983ac45f e4a4636c 0be6d141 84c3814f e01ae326 6e041325 983ac45f e4a4636c
ea783cdb 4bbd899a 8ab1863a 677e6ce3 6a789a28 c56923c6 29c36f09 50f57cdb c6cdb144
677e6ce3 6a789a28 c56923c6 ea783cdb 4bbd899a 8ab1863a 29c36f09 50f57cdb c6cdb144
ea783cdb 4bbd899a 8ab1863a 677e6ce3 6a789a28 c56923c6 ea783cdb 4bbd899a 8ab1863a
be7408e9 0bbc7c2e a7275cea f387ae77 d4ff06c5 877f3b2f d83b4cf9 9e65ff92 e2ccd643
f387ae77 d4ff06c5 877f3b2f be7408e9 0bbc7c2e a7275cea d83b4cf9 9e65ff92 e2ccd643
be7408e9 0bbc7c2e a7275cea f387ae77 d4ff06c5 877f3b2f be7408e9 0bbc7c2e a7275cea
67d0d604 2a93a0b4 d5426aaf 2604f6d5 69f1dbbe dea77c18 433e6daa e6a45887 ce1a37d6
2604f6d5 69f1dbbe dea77c18 67d0d604 2a93a0b4 d5426aaf 433e6daa e6a45887 ce1a37d6
67d0d604 2a93a0b4 d5426aaf 2604f6d5 69f1dbbe dea77c18 67d0d604 2a93a0b4 d5426aaf
a134d359 8f99286e 5be322e4 48c7e3b9 d9db169a 063ce347 1647361d 26014a20 5934e39c
48c7e3b9 d9db169a 063ce347 a134d359 8f99286e 5be322e4 1647361d 26014a20 5934e39c
a134d359 8f99286e 5be322e4 48c7e3b9 d9db169a 063ce347 a134d359 8f99286e 5be322e4
c212c850 0e443be6 652ea6b3 0a67f7a8 147cc312 93a40e08 8bb92c5e d60799f2 af5db48f
0a67f7a8 147cc312 93a40e08 c212c850 0e443be6 652ea6b3 8bb92c5e d60799f2 af5db48f
c212c850 0e443be6 652ea6b3 0a67f7a8 147cc312 93a40e08 c212c850 0e443be6 652ea6b3
e2c80bcd 05c79cc8 2927083a bece6aca 7d611762 94698a6a 182eeeb7 e6aa9e70 96caf2c8
bece6aca 7d611762 94698a6a e2c80bcd 05c79cc8 2927083a 182eeeb7 e6aa9e70 96caf2c8
e2c80bcd 05c79cc8 2927083a bece6aca 7d611762 94698a6a e2c80bcd 05c79cc8 2927083a
7cbef359 debdfe2d f7431e77 5fa5a6ac 2394d0ff b2a49caa c8b4c1ed 225cdb9a 0229fce2
5fa5a6ac 2394d0ff b2a49caa 7cbef359 debdfe2d f7431e77 c8b4c1ed 225cdb9a 0229fce2
7cbef359 debdfe2d f7431e77 5fa5a6ac 2394d0ff b2a49caa 7cbef359 debdfe2d f7431e77
d5324d36 332036e4 0b5d34b0 8dbc3ee4 3ab62c90 906f6a6b d635ed25 534bd9d7 deac3a68
8dbc3ee4 3ab62c90 906f6a6b d5324d36 332036e4 0b5d34b0 d635ed25 534bd9d7 deac3a68
d5324d36 332036e4 0b5d34b0 8dbc3ee4 3ab62c90 906f6a6b d5324d36 332036e4 0b5d34b0
4fbe7a4d fd759118 58692e05 1a7658ed 2ddb6b5a d666eaa2 b07e7e1b ba8e9a90 6205d7fe
1a7658ed 2ddb6b5a d666eaa2 4fbe7a4d fd759118 58692e05 b07e7e1b ba8e9a90 6205d7fe
4fbe7a4d fd759118 58692e05 1a7658ed 2ddb6b5a d666eaa2 4fbe7a4d fd759118 58692e05
88e4f515 aa3305cc add868ed d2a332ad 811d2f74 25206959 1e29e67a 7ea44816 506891db
d2a332ad 811d2f74 25206959 88e4f515 aa3305cc add868ed 1e29e67a 7ea44816 506891db
88e4f515 aa3305cc add868ed d2a332ad 811d2f74 25206959 88e4f515 aa3305cc add868ed
f348ed01 a2ece7c3 036ec2a1 38372653 d23062f8 5fdb2653 7d70581b 79dd5860 9a12e923
38372653 d23062f8 5fdb2653 f348ed01 a2ece7c3 036ec2a1 7d70581b 79dd5860 9a12e923
f348ed01 a2ece7c3 036ec2a1 38372653 d23062f8 5fdb2653 f348ed01 a2ece7c3 036ec2a1
f5e56bac 199fda42 50dd24b3 a4d5d019 599b18b1 cff60d73 05fe86c5 0cd29870 a7f563f2
a4d5d019 599b18b1 cff60d73 f5e56bac 199fda42 50dd24b3 05fe86c5 0cd29870 a7f563f2
f5e56bac 199fda42 50dd24b3 a4d5d019 599b18b1 cff60d73 f5e56bac 199fda42 50dd24b3
0dccaa10 f1dc602c a7f300b4 4b057a0d 4fa723c4 4a8217ae 4691cc2d af9da8bc 64553443
4b057a0d 4fa723c4 4a8217ae 0dccaa10 f1dc602c a7f300b4 4691cc2d af9da8bc 64553443
0dccaa10 f1dc602c a7f300b4 4b057a0d 4fa723c4 4a8217ae 0dccaa10 f1dc602c a7f300b4
cd95a3ef 434affd5 0a6bdd19 41373982 e46efe75 54caa045 51241aef 2e825330 b4699cad
41373982 e46efe75 54caa045 cd95a3ef 434affd5 0a6bdd19 51241aef 2e825330 b4699cad
cd95a3ef 434affd5 0a6bdd19 41373982 e46efe75 54caa045 cd95a3ef 434affd5 0a6bdd19
6b9f3009 4ca37770 56b3aed4 18969701 9c5dd76e 72befcea 16ea56ab 0864f2de 11ba9311
18969701 9c5dd76e 72befcea 6b9f3009 4ca37770 56b3aed4 16ea56ab 0864f2de 11ba9311
6b9f3009 4ca37770 56b3aed4 18969701 9c5dd76e 72befcea 6b9f3009 4ca37770 56b3aed4
99820c44 f8bba709 1ee735a1 ab9f9f38 9f462cd1 1df14c30 245f5827 6de951b3 256b2d7f
ab9f9f38 9f462cd1 1df14c30 99820c44 f8bba709 1ee735a1 245f5827 6de951b3 256b2d7f
99820c44 f8bba709 1ee735a1 ab9f9f38 9f462cd1 1df14c30 99820c44 f8bba709 1ee735a1
bf3872eb 60ecc846 ad90e165 782ba530 de55091b 2f0d6468 6ffaff5c df3f742a 4b5efdca
782ba530 de55091b 2f0d6468 bf3872eb 60ecc846 ad90e165 6ffaff5c df3f742a 4b5efdca
bf3872eb 60ecc846 ad90e165 782ba530 de55091b 2f0d6468 bf3872eb 60ecc846 ad90e165
fd09f85c 762b8926 0d5de4e7 3ba86f24 aeeaec56 60f4eb8d 3fc534f3 18c87e4e 34b4d564
3ba86f24 aeeaec56 60f4eb8d fd09f85c 762b8926 0d5de4e7 3fc534f3 18c87e4e 34b4d564
fd09f85c 762b8926 0d5de4e7 3ba86f24 aeeaec56 60f4eb8d fd09f85c 762b8926 0d5de4e7
df01a15f dc97ed96 9f71bda6 2721f96a f4983019 7e152bae 14034dc1 737ec253 c2bdc800
2721f96a f4983019 7e152bae df01a15f dc97ed96 9f71bda6 14034dc1 737ec253 c2bdc800
df01a15f dc97ed96 9f71bda6 2721f96a f4983019 7e152bae df01a15f dc97ed96 9f71bda6
559266b4 38093d56 c8dc5b0d 4c3d30c7 a37e875a ce33b386 3e0876ca 2123c53d 662da93e
4c3d30c7 a37e875a ce33b386 559266b4 38093d56 c8dc5b0d 3e0876ca 2123c53d 662da93e
559266b4 38093d56 c8dc5b0d 4c3d30c7 a37e875a ce33b386 559266b4 38093d56 c8dc5b0d
da04a5ae 10adb178 e9edeb6e 1900c1d3 6a137e96 f09f9dce f45c8fd0 5bafd3d6 5e4afb66
1900c1d3 6a137e96 f09f9dce da04a5ae 10adb178 e9edeb6e f45c8fd0 5bafd3d6 5e4afb66
da04a5ae 10adb178 e9edeb6e 1900c1d3 6a137e96 f09f9dce da04a5ae 10adb178 e9edeb6e
93ead5b7 77cbac3c 0648f8a9 099c5dcf 6e1f7dde e4cdf5e9 9948131f 9e261562 32d6fd8f
099c5dcf 6e1f7dde e4cdf5e9 93ead5b7 77cbac3c 0648f8a9 9948131f 9e261562 32d6fd8f
93ead5b7 77cbac3c 0648f8a9 099c5dcf 6e1f7dde e4cdf5e9 93ead5b7 77cbac3c 0648f8a9
78e98b1e 6d81617b 6e062dfd 43646552 db07c9aa 785159e6 317b99c6 270770c5 d574abba
43646552 db07c9aa 785159e6 78e98b1e 6d81617b 6e062dfd 317b99c6 270770c5 d574abba
78e98b1e 6d81617b 6e062dfd 43646552 db07c9aa 785159e6 78e98b1e 6d81617b 6e062dfd
58758192 f67c3167 3c5066d5 a5a30ab3 efa94e6a fb92fdf6 a3a0ce98 78c47141 627897b4
a5a30ab3 efa94e6a fb92fdf6 58758192 f67c3167 3c5066d5 a3a0ce98 78c47141 627897b4
58758192 f67c3167 3c5066d5 a5a30ab3 efa94e6a fb92fdf6 58758192 f67c3167 3c5066d5
d7358908 ce5da5b8 c8ca77fe c35a9049 ea16eb87 c9212126 5b893ace 739b8cac 512dfb6a
c35a9049 ea16eb87 c9212126 d7358908 ce5da5b8 c8ca77fe 5b893ace 739b8cac 512dfb6a
d7358908 ce5da5b8 c8ca77fe c35a9049 ea16eb87 c9212126 d7358908 ce5da5b8 c8ca77fe
f89d4545 2f24b8c4 5b017940 be885f61 772a67bf 5c144651 c4f99be3 d4ab347d 6accef0d
be885f61 772a67bf 5c144651 f89d4545 2f24b8c4 5b017940 c4f99be3 d4ab347d 6accef0d
f89d4545 2f24b8c4 5b017940 be885f61 772a67bf 5c144651 f89d4545 2f24b8c4 5b017940
03725d05 995b1151 639fa082 4d3895d6 c6c0818e 7211e4a9 9e3f684e 7aca6086 6d645e69
4d3895d6 c6c0818e 7211e4a9 03725d05 995b1151 639fa082 9e3f684e 7aca6086 6d645e69
03725d05 995b1151 639fa082 4d3895d6 c6c0818e 7211e4a9 03725d05 995b1151 639fa082
803c0d50 a894933b db76337f 1cf725ca 08fd4cfd fa8436a2 72274fc0 60bc802d 3e6e1f70
1cf725ca 08fd4cfd fa8436a2 803c0d50 a894933b db76337f 72274fc0 60bc802d 3e6e1f70
803c0d50 a894933b db76337f 1cf725ca 08fd4cfd fa8436a2 803c0d50 a894933b db76337f
d4b9c27b 136a9148 ddbb6da2 d602bc4b 7261b138 647809dd da845d71 a1f3297e 2ff1fd45
d602bc4b 7261b138 647809dd d4b9c27b 136a9148 ddbb6da2 da845d71 a1f3297e 2ff1fd45
d4b9c27b 136a9148 ddbb6da2 d602bc4b 7261b138 647809dd d4b9c27b 136a9148 ddbb6da2
a27106d0 ec87aff3 1a12de03 ac7ea83c 73c7e449 3db7bbdb aa0aae12 2ce6ef5f 965febe5
ac7ea83c 73c7e449 3db7bbdb a27106d0 ec87aff3 1a12de03 aa0aae12 2ce6ef5f 965febe5
a27106d0 ec87aff3 1a12de03 ac7ea83c 73c7e449 3db7bbdb a27106d0 ec87aff3 1a12de03
73a3857b 32ecf9fa 1524f647 a641c139 ee112911 a776e6d4 a4ff4eec ed423d4a 746718aa
a641c139 ee112911 a776e6d4 73a3857b 32ecf9fa 1524f647 a4ff4eec ed423d4a 746718aa
73a3857b 32ecf9fa 1524f647 a641c139 ee112911 a776e6d4 73a3857b 32ecf9fa 1524f647
d7638e1f 887eadfd 8c98efd7 a315be3a 1973915c 432dc712 c9650c53 48c614df c92afee5
a315be3a 1973915c 432dc712 d7638e1f 887eadfd 8c98efd7 c9650c53 48c614df c92afee5
d7638e1f 887eadfd 8c98efd7 a315be3a 1973915c 432dc712 d7638e1f 887eadfd 8c98efd7
199e6ff7 1c155d60 5d2e128b 62f69d88 b4445e2d 7eb717ae 19ff984d 18efb232 f2ae80ac
62f69d88 b4445e2d 7eb717ae 199e6ff7 1c155d60 5d2e128b 19ff984d 18efb232 f2ae80ac
199e6ff7 1c155d60 5d2e128b 62f69d88 b4445e2d 7eb717ae 199e6ff7 1c155d60 5d2e128b
52675238 60002757 24b47fbe 93daec99 69fc252e ce509bb7 be96c5f2 4eadddd6 936aa29d
93daec99 69fc252e ce509bb7 52675238 60002757 24b47fbe be96c5f2 4eadddd6 936aa29d
52675238 60002757 24b47fbe 93daec99 69fc252e ce509bb7 52675238 60002757 24b47fbe
abbfc43b bfdcdba1 47aace6b dc18c339 05ae7d5c 413d4f09 a1210653 c6b3cc33 d1ad5c7c
dc18c339 05ae7d5c 413d4f09 abbfc43b bfdcdba1 47aace6b a1210653 c6b3cc33 d1ad5c7c
abbfc43b bfdcdba1 47aace6b dc18c339 05ae7d5c 413d4f09 abbfc43b bfdcdba1 47aace6b
aa36cae1 1ba0aa5c 64c855fc 90bd5f83 c9777816 299e2dae f3bec1c5 67fc3a5f 23f7baae
90bd5f83 c9777816 299e2dae aa36cae1 1ba0aa5c 64c855fc f3bec1c5 67fc3a5f 23f7baae
aa36cae1 1ba0aa5c 64c855fc 90bd5f83 c9777816 299e2dae aa36cae1 1ba0aa5c 64c855fc
561edc7e 416c170b 4ed94460 172eea70 fefde199 575d03d4 bc7afec7 f4a9e17e c86dc756
172eea70 fefde199 575d03d4 561edc7e 416c170b 4ed94460 bc7afec7 f4a9e17e c86dc756
561edc7e 416c170b 4ed94460 172eea70 fefde199 575d03d4 561edc7e 416c170b 4ed94460
a270dd4b 56b9aee9 3bf3ec4f 66539b96 bba079e8 63283c7d 89324d32 a77a0fce 5853d421
66539b96 bba079e8 63283c7d a270dd4b 56b9aee9 3bf3ec4f 89324d32 a77a0fce 5853d421
a270dd4b 56b9aee9 3bf3ec4f 66539b96 bba079e8 63283c7d a270dd4b 56b9aee9 3bf3ec4f
59a95387 4ecc0d30 138c1f48 10fad7e4 9982d4f1 66d67489 64b12336 e5a21511 e6bace9d
10fad7e4 9982d4f1 66d67489 59a95387 4ecc0d30 138c1f48 64b12336 e5a21511 e6bace9d
59a95387 4ecc0d30 138c1f48 10fad7e4 9982d4f1 66d67489 59a95387 4ecc0d30 138c1f48
1916e4f9 79cfe3da 0f146111 e130f87e 9fd2e035 5c66471c a9c6a465 e26fdc31 1b5f8c65
e130f87e 9fd2e035 5c66471c 1916e4f9 79cfe3da 0f146111 a9c6a465 e26fdc31 1b5f8c65
1916e4f9 79cfe3da 0f146111 e130f87e 9fd2e035 5c66471c 1916e4f9 79cfe3da 0f146111
eddde2e4 f49f2270 7755a59c f75a8768 c647fb83 b8f97f69 75e22a39 89b34cff 5719980e
f75a8768 c647fb83 b8f97f69 eddde2e4 f49f2270 7755a59c 75e22a39 89b34cff 5719980e
eddde2e4 f49f2270 7755a59c f75a8768 c647fb83 b8f97f69 eddde2e4 f49f2270 7755a59c
62b2b6be 4a020a48 e3da26f0 3432e51a a4b15503 9a0bbb15 10787004 8eeb59d2 75bedc61
3432e51a a4b15503 9a0bbb15 62b2b6be 4a020a48 e3da26f0 10787004 8eeb59d2 75bedc61
62b2b6be 4a020a48 e3da26f0 3432e51a a4b15503 9a0bbb15 62b2b6be 4a020a48 e3da26f0
a518ca2d 8da1c82a 14f4b9d0 e32a7408 1eeeae61 c12e9674 83e9654d 42876c7e 3393d1dd
e32a7408 1eeeae61 c12e9674 a518ca2d 8da1c82a 14f4b9d0 83e9654d 42876c7e 3393d1dd
a518ca2d 8da1c82a 14f4b9d0 e32a7408 1eeeae61 c12e9674 a518ca2d 8da1c82a 14f4b9d0
85f4b165 6ec9cb13 14ece8a1 db9ad03c 71938329 de28f3b1 bced78d2 120aa9f4 f083eed6
db9ad03c 71938329 de28f3b1 85f4b165 6ec9cb13 14ece8a1 bced78d2 120aa9f4 f083eed6
85f4b165 6ec9cb13 14ece8a1 db9ad03c 71938329 de28f3b1 85f4b165 6ec9cb13 14ece8a1
b2c54587 92da4818 b35b23e1 3543a322 3c940515 9d96363e 800ee476 9e756dca d92e49ea
3543a322 3c940515 9d96363e b2c54587 92da4818 b35b23e1 800ee476 9e756dca d92e49ea
b2c54587 92da4818 b35b23e1 3543a322 3c940515 9d96363e b2c54587 92da4818 b35b23e1
5cdb5ccf d1640203 b8171835 60fec344 e8a74790 06e2c1e4 d6ecf9a8 c6830501 a982cc1d
60fec344 e8a74790 06e2c1e4 5cdb5ccf d1640203 b8171835 d6ecf9a8 c6830501 a982cc1d
5cdb5ccf d1640203 b8171835 60fec344 e8a74790 06e2c1e4 5cdb5ccf d1640203 b8171835
a11d0df5 fdbb2aef 9a617671 baec076e 9df773fd 801f0d85 afe13143 3ccf563f d5a7ad36
baec076e 9df773fd 801f0d85 a11d0df5 fdbb2aef 9a617671 afe13143 3ccf563f d5a7ad36
a11d0df5 fdbb2aef 9a617671 baec076e 9df773fd 801f0d85 a11d0df5 fdbb2aef 9a617671
620698d4 51b2ddce b845f6db 17159c3b 071573ad f41b8d6c 08853bf3 6e2e3956 81f03f38
17159c3b 071573ad f41b8d6c 620698d4 51b2ddce b845f6db 08853bf3 6e2e3956 81f03f38
620698d4 51b2ddce b845f6db 17159c3b 071573ad f41b8d6c 620698d4 51b2ddce b845f6db
1afa120f 7ef14518 0b3f032f 726036cb 190b9edf 2749700f b2817f0d d771c3af 48655b3e
726036cb 190b9edf 2749700f 1afa120f 7ef14518 0b3f032f b2817f0d d771c3af 48655b3e
1afa120f 7ef14518 0b3f032f 726036cb 190b9edf 2749700f 1afa120f 7ef14518 0b3f032f
f069306c 729ebb7d 78239a06 094501b6 0d04c215 cdd9d330 bfa5b0a4 b655dabb 3b6abb9f
094501b6 0d04c215 cdd9d330 f069306c 729ebb7d 78239a06 bfa5b0a4 b655dabb 3b6abb9f
f069306c 729ebb7d 78239a06 094501b6 0d04c215 cdd9d330 f069306c 729ebb7d 78239a06
b5799542 cf3875bb c039d395 bcb53166 0cc084f7 757cb896 071925c1 97557dc9 92b32f9e
bcb53166 0cc084f7 757cb896 b5799542 cf3875bb c039d395 071925c1 97557dc9 92b32f9e
b5799542 cf3875bb c039d395 bcb53166 0cc084f7 757cb896 b5799542 cf3875bb c039d395
28fc93a2 e28dd0c7 2778c869 c5fc5a49 0b74ed0b 025d4f96 a9c53258 3d7b3517 58334a81
c5fc5a49 0b74ed0b 025d4f96 28fc93a2 e28dd0c7 2778c869 a9c53258 3d7b3517 58334a81
28fc93a2 e28dd0c7 2778c869 c5fc5a49 0b74ed0b 025d4f96 28fc93a2 e28dd0c7 2778c869
98f33760 9db809dd a516352b b6b505da 0761cebc bf540216 384dc48c dead776d c40be4bd
b6b505da 0761cebc bf540216 98f33760 9db809dd a516352b 384dc48c dead776d c40be4bd
98f33760 9db809dd a516352b b6b505da 0761cebc bf540216 98f33760 9db809dd a516352b
b07b7563 982b9534 38dcc5dc 335c0066 e14dd9b9 29593fdc d7cdf52d be72cfd6 ea373874
335c0066 e14dd9b9 29593fdc b07b7563 982b9534 38dcc5dc d7cdf52d be72cfd6 ea373874
b07b7563 982b9534 38dcc5dc 335c0066 e14dd9b9 29593fdc b07b7563 982b9534 38dcc5dc
dd8d5ed4 35cf2c33 291c1abe ee6a1a6a 1d847d5d a634c0c8 8332fb75 342212c0 0032860a
ee6a1a6a 1d847d5d a634c0c8 dd8d5ed4 35cf2c33 291c1abe 8332fb75 342212c0 0032860a
dd8d5ed4 35cf2c33 291c1abe ee6a1a6a 1d847d5d a634c0c8 dd8d5ed4 35cf2c33 291c1abe
80648447 bc5f4b40 d2067604 8b3cffaf bba45590 3ac7575d 930e21b2 7382ad1e bf48ac21
8b3cffaf bba45590 3ac7575d 80648447 bc5f4b40 d2067604 930e21b2 7382ad1e bf48ac21
80648447 bc5f4b40 d2067604 8b3cffaf bba45590 3ac7575d 80648447 bc5f4b40 d2067604
333f64ef 199d83a2 b6e0a90c 4a480cef 1dc4538b 371e8706 5cd0451d e9695583 d577bb89
4a480cef 1dc4538b 371e8706 333f64ef 199d83a2 b6e0a90c 5cd0451d e9695583 d577bb89
333f64ef 199d83a2 b6e0a90c 4a480cef 1dc4538b 371e8706 333f64ef 199d83a2 b6e0a90c
ec13a980 8708f21f beb4c2b3 552e794a 648172cd fe1be2e0 34cbab09 15a61bfd c6078f68
552e794a 648172cd fe1be2e0 ec13a980 8708f21f beb4c2b3 34cbab09 15a61bfd c6078f68
ec13a980 8708f21f beb4c2b3 552e794a 648172cd fe1be2e0 ec13a980 8708f21f beb4c2b3
4532529f 90055e52 78714a9c d4f0b4ab 8d096d8f 16165da4 9a191c47 2156c326 fa49ac20
d4f0b4ab 8d096d8f 16165da4 4532529f 90055e52 78714a9c 9a191c47 2156c326 fa49ac20
4532529f 90055e52 78714a9c d4f0b4ab 8d096d8f 16165da4 4532529f 90055e52 78714a9c
7575ccef 7df958f2 35c871e4 f2f941e0 5aec3e31 9b335ce0 30031cbc 2f46180f 0c8d34ad
f2f941e0 5aec3e31 9b335ce0 7575ccef 7df958f2 35c871e4 30031cbc 2f46180f 0c8d34ad
7575ccef 7df958f2 35c871e4 f2f941e0 5aec3e31 9b335ce0 7575ccef 7df958f2 35c871e4
d1beaef3 e1682627 24fff95f df71a799 9e6af62f da6289bc 461ecad6 6a2c7715 726dec7f
df71a799 9e6af62f da6289bc d1beaef3 e1682627 24fff95f 461ecad6 6a2c7715 726dec7f
d1beaef3 e1682627 24fff95f df71a799 9e6af62f da6289bc d1beaef3 e1682627 24fff95f
89b0bbd5 dbb9c194 5659dfd0 ab09c2fc 1f061834 0e4c1f08 bb304f49 5135d775 c2380a1d
ab09c2fc 1f061834 0e4c1f08 89b0bbd5 dbb9c194 5659dfd0 bb304f49 5135d775 c2380a1d
89b0bbd5 dbb9c194 5659dfd0 ab09c2fc 1f061834 0e4c1f08 89b0bbd5 dbb9c194 5659dfd0
042e3850 aef7d525 39ab07eb 9ffb9873 a7c758dc 4fc329b2 1ae9f415 ea4403e2 8f507a92
9ffb9873 a7c758dc 4fc329b2 042e3850 aef7d525 39ab07eb 1ae9f415 ea4403e2 8f507a92
042e3850 aef7d525 39ab07eb 9ffb9873 a7c758dc 4fc329b2 042e3850 aef7d525 39ab07eb
533afc16 26c5f353 eb1ea582 75ac788d ce8e4be1 198d57fc bc0d424d 318d8821 070a725e
75ac788d ce8e4be1 198d57fc 533afc16 26c5f353 eb1ea582 bc0d424d 318d8821 070a725e
533afc16 26c5f353 eb1ea582 75ac788d ce8e4be1 198d57fc 533afc16 26c5f353 eb1ea582
c8dd6ac3 34466d9a cad8197a 8161070c 72f7572d 33dbbe7e e00bd72e e4a9c622 479319f3
8161070c 72f7572d 33dbbe7e c8dd6ac3 34466d9a cad8197a e00bd72e e4a9c622 479319f3
c8dd6ac3 34466d9a cad8197a 8161070c 72f7572d 33dbbe7e c8dd6ac3 34466d9a cad8197a
a2df54f4 cdd029e6 a41dc25a 6dd64224 02b10973 5f4e8e18 c84a2ece c481a579 b757a7a1
6dd64224 02b10973 5f4e8e18 a2df54f4 cdd029e6 a41dc25a c84a2ece c481a579 b757a7a1
a2df54f4 cdd029e6 a41dc25a 6dd64224 02b10973 5f4e8e18 a2df54f4 cdd029e6 a41dc25a
5f95c300 be5f0070 fc35b29f 765410d5 00910ca1 89a41a66 72c279c9 6e52bf84 88f23933
765410d5 00910ca1 89a41a66 5f95c300 be5f0070 fc35b29f 72c279c9 6e52bf84 88f23933
5f95c300 be5f0070 fc35b29f 765410d5 00910ca1 89a41a66 5f95c300 be5f0070 fc35b29f
eb235807 7dcc8bcc 94a20ce2 91f931e4 160e6e9c 509c7194 e2d85053 60a1f4d6 dbc2f7ab
91f931e4 160e6e9c 509c7194 eb235807 7dcc8bcc 94a20ce2 e2d85053 60a1f4d6 dbc2f7ab
eb235807 7dcc8bcc 94a20ce2 91f931e4 160e6e9c 509c7194 eb235807 7dcc8bcc 94a20ce2
f683a864 7d5d2209 69cc0730 496c4598 6ad38409 72142689 17c86079 1feb1a76 d519c532
496c4598 6ad38409 72142689 f683a864 7d5d2209 69cc0730 17c86079 1feb1a76 d519c532
f683a864 7d5d2209 69cc0730 496c4598 6ad38409 72142689 f683a864 7d5d2209 69cc0730
1370cf3d e1b33919 12daa7cf 042e6185 781a4c8c 0b2a1b63 94ae7aad 210eb87d c9e24ac1
042e6185 781a4c8c 0b2a1b63 1370cf3d e1b33919 12daa7cf 94ae7aad 210eb87d c9e24ac1
1370cf3d e1b33919 12daa7cf 042e6185 781a4c8c 0b2a1b63 1370cf3d e1b33919 12daa7cf
4a5a60ed 1fe7d4de 0d815161 b78b836b 9e6843af df1d69aa 26950b07 62fb285e 7dd48b37
b78b836b 9e6843af df1d69aa 4a5a60ed 1fe7d4de 0d815161 26950b07 62fb285e 7dd48b37
4a5a60ed 1fe7d4de 0d815161 b78b836b 9e6843af df1d69aa 4a5a60ed 1fe7d4de 0d815161
b8bff47e b103a9a0 2f1367fc a9f0445b d4f418aa 503cf44e d62df5ca 5a1fe9f8 b6243ec2
a9f0445b d4f418aa 503cf44e b8bff47e b103a9a0 2f1367fc d62df5ca 5a1fe9f8 b6243ec2
b8bff47e b103a9a0 2f1367fc a9f0445b d4f418aa 503cf44e b8bff47e b103a9a0 2f1367fc
0b4c0248 0f5a2af5 6e334603 1dd72779 1ca2824f 8e9b7f66 149dfc27 a76fe4bb ddf4c4fc
1dd72779 1ca2824f 8e9b7f66 0b4c0248 0f5a2af5 6e334603 149dfc27 a76fe4bb ddf4c4fc
0b4c0248 0f5a2af5 6e334603 1dd72779 1ca2824f 8e9b7f66 0b4c0248 0f5a2af5 6e334603
c6f90d06 b46daf72 76ee0559 6e58c20f 6482982b f2fe4edb 0fc9e183 b2b01b7e f214486a
6e58c20f 6482982b f2fe4edb c6f90d06 b46daf72 76ee0559 0fc9e183 b2b01b7e f214486a
c6f90d06 b46daf72 76ee0559 6e58c20f 6482982b f2fe4edb c6f90d06 b46daf72 76ee0559
2bbd2b78 418a42e8 1868295d 81312ffa 4ed5490c 75122e34 d5df3745 ad9a0ad9 7b496dbd
81312ffa 4ed5490c 75122e34 2bbd2b78 418a42e8 1868295d d5df3745 ad9a0ad9 7b496dbd
2bbd2b78 418a42e8 1868295d 81312ffa 4ed5490c 75122e34 2bbd2b78 418a42e8 1868295d
10b5bc32 030dc474 f113c7f5 ec847532 0178c2bc 3dcf8072 d8cda087 05c9d081 3c599655
ec847532 0178c2bc 3dcf8072 10b5bc32 030dc474 f113c7f5 d8cda087 05c9d081 3c599655
10b5bc32 030dc474 f113c7f5 ec847532 0178c2bc 3dcf8072 10b5bc32 030dc474 f113c7f5
044ca8d2 61d71aa4 89d42306 25d173fb 2be4a59b bfe592a4 edf6f714 e6f87dc6 6bae4090
25d173fb 2be4a59b bfe592a4 044ca8d2 61d71aa4 89d42306 edf6f714 e6f87dc6 6bae4090
044ca8d2 61d71aa4 89d42306 25d173fb 2be4a59b bfe592a4 044ca8d2 61d71aa4 89d42306
718f4aac db9e5952 3d107247 ebf2c25b 0627e0ac d899bdc1 cf0c66d8 2180d27c 7641c5e6
ebf2c25b 0627e0ac d899bdc1 718f4aac db9e5952 3d107247 cf0c66d8 2180d27c 7641c5e6
718f4aac db9e5952 3d107247 ebf2c25b 0627e0ac d899bdc1 718f4aac db9e5952 3d107247
03aaf068 135ca663 12abb68e 6a2868b5 6f53898e ee735132 9dee0178 543ec9e5 e98dc101
6a2868b5 6f53898e ee735132 03aaf068 135ca663 12abb68e 9dee0178 543ec9e5 e98dc101
03aaf068 135ca663 12abb68e 6a2868b5 6f53898e ee735132 03aaf068 135ca663 12abb68e
4bae5a55 0b7454c2 2a80552d 4e14361e 3bed4c61 d7c992c9 c9c9b314 3f6c8dfd 1d561bbe
4e14361e 3bed4c61 d7c992c9 4bae5a55 0b7454c2 2a80552d c9c9b314 3f6c8dfd 1d561bbe
4bae5a55 0b7454c2 2a80552d 4e14361e 3bed4c61 d7c992c9 4bae5a55 0b7454c2 2a80552d
d57593d7 fb6b0d4a cbd9d14a 2ec8846b b62d4053 f6f6fc7f 578a3f15 b6cc8d67 9a39ec5b
2ec8846b b62d4053 f6f6fc7f d57593d7 fb6b0d4a cbd9d14a 578a3f15 b6cc8d67 9a39ec5b
d57593d7 fb6b0d4a cbd9d14a 2ec8846b b62d4053 f6f6fc7f d57593d7 fb6b0d4a cbd9d14a
10f17166 dfe9316f 62ea1485 1d1dc185 0d25fc30 0f6d7d82 5da180b9 b91b990b ec01aa23
1d1dc185 0d25fc30 0f6d7d82 10f17166 dfe9316f 62ea1485 5da180b9 b91b990b ec01aa23
10f17166 dfe9316f 62ea1485 1d1dc185 0d25fc30 0f6d7d82 10f17166 dfe9316f 62ea1485
1986c6b9 3e98911c 8c425eea 1990f2c2 845de2da 03c964bb 2c6f20a4 5e2f661a 050e0154
1990f2c2 845de2da 03c964bb 1986c6b9 3e98911c 8c425eea 2c6f20a4 5e2f661a 050e0154
1986c6b9 3e98911c 8c425eea 1990f2c2 845de2da 03c964bb 1986c6b9 3e98911c 8c425eea
a2ce62d2 abe59582 0f308463 c464df61 51800d28 b904133c 92be8954 efc3aa8a 85bfbefd
c464df61 51800d28 b904133c a2ce62d2 abe59582 0f308463 92be8954 efc3aa8a 85bfbefd
a2ce62d2 abe59582 0f308463 c464df61 51800d28 b904133c a2ce62d2 abe59582 0f308463
8c36a03b dd4b2acf 0e5c97a5 9b1295ee 3ce4427e 9a37eef7 d0c8a7ea 37a43017 cc5076d6
9b1295ee 3ce4427e 9a37eef7 8c36a03b dd4b2acf 0e5c97a5 d0c8a7ea 37a43017 cc5076d6
8c36a03b dd4b2acf 0e5c97a5 9b1295ee 3ce4427e 9a37eef7 8c36a03b dd4b2acf 0e5c97a5
68ac4cb5 62e16b62 8f70d2ce 610b2c63 cbc29841 1d5f6fa0 6cfd0d0d 919b3d4d 940dc84d
610b2c63 cbc29841 1d5f6fa0 68ac4cb5 62e16b62 8f70d2ce 6cfd0d0d 919b3d4d 940dc84d
68ac4cb5 62e16b62 8f70d2ce 610b2c63 cbc29841 1d5f6fa0 68ac4cb5 62e16b62 8f70d2ce
d38ec6a5 f64f5959 a344ab9e d0c7d693 f3f12bbb 6372d1dc 5a76550c f481ef34 e9326f19
d0c7d693 f3f12bbb 6372d1dc d38ec6a5 f64f5959 a344ab9e 5a76550c f481ef34 e9326f19
d38ec6a5 f64f5959 a344ab9e d0c7d693 f3f12bbb 6372d1dc d38ec6a5 f64f5959 a344ab9e
80eb32bf e37707d6 18355409 273a90ca 408778c9 495036d6 335d5d24 7b31bc2f a4e0173d
273a90ca 408778c9 495036d6 80eb32bf e37707d6 18355409 335d5d24 7b31bc2f a4e0173d
80eb32bf e37707d6 18355409 273a90ca 408778c9 495036d6 80eb32bf e37707d6 18355409
a1746933 61e97591 6c06e55b 003c3a68 fe9f190f 989ad83a a095857d ea619e19 e9b02c02
003c3a68 fe9f190f 989ad83a a1746933 61e97591 6c06e55b a095857d ea619e19 e9b02c02
a1746933 61e97591 6c06e55b 003c3a68 fe9f190f 989ad83a a1746933 61e97591 6c06e55b
a256211d a9de7ee2 2708e7bf fc89d71d cf2885ec 608c65e0 b4caf891 9b879d8f 3a3748c6
fc89d71d cf2885ec 608c65e0 a256211d a9de7ee2 2708e7bf b4caf891 9b879d8f 3a3748c6
a256211d a9de7ee2 2708e7bf fc89d71d cf2885ec 608c65e0 a256211d a9de7ee2 2708e7bf
b5741741 e47f76dc bfc30196 9c6f3a2d 9da8a7d1 362d556f 8bb1ca67 af84e4f1 a2ccada2
9c6f3a2d 9da8a7d1 362d556f b5741741 e47f76dc bfc30196 8bb1ca67 af84e4f1 a2ccada2
b5741741 e47f76dc bfc30196 9c6f3a2d 9da8a7d1 362d556f b5741741 e47f76dc bfc30196
b50fbf24 120a21ba c7fc626f 3a1bfe18 8314039b 25d32cff 266853ac 3d406811 f85db45b
3a1bfe18 8314039b 25d32cff b50fbf24 120a21ba c7fc626f 266853ac 3d406811 f85db45b
b50fbf24 120a21ba c7fc626f 3a1bfe18 8314039b 25d32cff b50fbf24 120a21ba c7fc626f
0548c1e2 6dc7c553 0a486fd4 36f9bc08 954663a3 49856c43 bf7feab0 15c26fd6 a1d65afb
36f9bc08 954663a3 49856c43 0548c1e2 6dc7c553 0a486fd4 bf7feab0 15c26fd6 a1d65afb
0548c1e2 6dc7c553 0a486fd4 36f9bc08 954663a3 49856c43 0548c1e2 6dc7c553 0a486fd4
91fe2a56 400e82be e47c2c1d 7ba60bb6 a415e471 16341811 5afe50a7 e6a89c76 e34b6d21
7ba60bb6 a415e471 16341811 91fe2a56 400e82be e47c2c1d 5afe50a7 e6a89c76 e34b6d21
91fe2a56 400e82be e47c2c1d 7ba60bb6 a415e471 16341811 91fe2a56 400e82be e47c2c1d
9cd7d736 d1b313d8 cc4cd053 0ba103e7 81cdfea0 a2558835 c40d43ab 86092f74 69a93f40
0ba103e7 81cdfea0 a2558835 9cd7d736 d1b313d8 cc4cd053 c40d43ab 86092f74 69a93f40
9cd7d736 d1b313d8 cc4cd053 0ba103e7 81cdfea0 a2558835 9cd7d736 d1b313d8 cc4cd053
d57a7f23 3e96926e 0345c0af dd7d64ae 68a29d7f acb1a74c aa9a7c89 f22cd937 43dc713a
dd7d64ae 68a29d7f acb1a74c d57a7f23 3e96926e 0345c0af aa9a7c89 f22cd937 43dc713a
d57a7f23 3e96926e 0345c0af dd7d64ae 68a29d7f acb1a74c d57a7f23 3e96926e 0345c0af
2149f4f4 f397c2f6 49b691ce 9188e32a 960b6d7b 54f477b7 5e57a3ca bb740b60 34c396d2
9188e32a 960b6d7b 54f477b7 2149f4f4 f397c2f6 49b691ce 5e57a3ca bb740b60 34c396d2
2149f4f4 f397c2f6 49b691ce 9188e32a 960b6d7b 54f477b7 2149f4f4 f397c2f6 49b691ce
f17eed69 d05abb3b e618f871 a3ef6a41 eef0abdb 92bb454a 020c90ac 3ce071ad 91a65b4f
a3ef6a41 eef0abdb 92bb454a f17eed69 d05abb3b e618f871 020c90ac 3ce071ad 91a65b4f
f17eed69 d05abb3b e618f871 a3ef6a41 eef0abdb 92bb454a f17eed69 d05abb3b e618f871
3267ea59 e9b17127 613e0da6 6c979c59 0d77392d 155e6fcf 0b9f3d16 37278414 bd419061
6c979c59 0d77392d 155e6fcf 3267ea59 e9b17127 613e0da6 0b9f3d16 37278414 bd419061
3267ea59 e9b17127 613e0da6 6c979c59 0d77392d 155e6fcf 3267ea59 e9b17127 613e0da6
cee60e8b 46f75d55 a28ff520 26a7d729 54e6e8f3 1c253adf 5d923584 eae8db0e 749f0445
26a7d729 54e6e8f3 1c253adf cee60e8b 46f75d55 a28ff520 5d923584 eae8db0e 749f0445
cee60e8b 46f75d55 a28ff520 26a7d729 54e6e8f3 1c253adf cee60e8b 46f75d55 a28ff520
65e0b4e4 a93bb319 27781eb0 8cc23138 3595a81d a30ed97c ba8873c5 93559123 c2141cef
8cc23138 3595a81d a30ed97c 65e0b4e4 a93bb319 27781eb0 ba8873c5 93559123 c2141cef
65e0b4e4 a93bb319 27781eb0 8cc23138 3595a81d a30ed97c 65e0b4e4 a93bb319 27781eb0
a1a8a951 ea5837a7 abf42495 6519344d c7749179 1e50d9da 73fd7004 eb2a7dd3 d85285be
6519344d c7749179 1e50d9da a1a8a951 ea5837a7 abf42495 73fd7004 eb2a7dd3 d85285be
a1a8a951 ea5837a7 abf42495 6519344d c7749179 1e50d9da a1a8a951 ea5837a7 abf42495
a6ec139a 3ef93fae eea152ee e40fde08 4567d2fb a93f7b70 cf8b922c 24e058a1 9c4800ea
e40fde08 4567d2fb a93f7b70 a6ec139a 3ef93fae eea152ee cf8b922c 24e058a1 9c4800ea
a6ec139a 3ef93fae eea152ee e40fde08 4567d2fb a93f7b70 a6ec139a 3ef93fae eea152ee
30d81440 104d6687 3f7a0595 9aa2068a 88bb83d1 887a7b4b b59d0cf0 5b621230 6d77ac95
9aa2068a 88bb83d1 887a7b4b 30d81440 104d6687 3f7a0595 b59d0cf0 5b621230 6d77ac95
30d81440 104d6687 3f7a0595 9aa2068a 88bb83d1 887a7b4b 30d81440 104d6687 3f7a0595
d3948139 3d4a8f6a 9936ac5d a809a8cb 3d661078 28736c23 035fa111 0d07ddaa 89ce4efc
a809a8cb 3d661078 28736c23 d3948139 3d4a8f6a 9936ac5d 035fa111 0d07ddaa 89ce4efc
d3948139 3d4a8f6a 9936ac5d a809a8cb 3d661078 28736c23 d3948139 3d4a8f6a 9936ac5d
c16a5f89 3e7b9194 0c747bfc e1b5e5a9 76dc1898 503e3017 a91bae7b 6d0af4e3 5395b5f4
e1b5e5a9 76dc1898 503e3017 c16a5f89 3e7b9194 0c747bfc a91bae7b 6d0af4e3 5395b5f4
c16a5f89 3e7b9194 0c747bfc e1b5e5a9 76dc1898 503e3017 c16a5f89 3e7b9194 0c747bfc
ad3671fb d41653b3 eb4b6758 46bf03f2 0d2a64f5 f6ece4e2 47fc51f0 3ec3b3a8 352d56c0
46bf03f2 0d2a64f5 f6ece4e2 ad3671fb d41653b3 eb4b6758 47fc51f0 3ec3b3a8 352d56c0
ad3671fb d41653b3 eb4b6758 46bf03f2 0d2a64f5 f6ece4e2 ad3671fb d41653b3 eb4b6758
fcf673c6 8b05bc63 1dbd57eb 8d21a09f 081f02f5 07648ee1 00dc8f3e 318e4256 1d49eefd
8d21a09f 081f02f5 07648ee1 fcf673c6 8b05bc63 1dbd57eb 00dc8f3e 318e4256 1d49eefd
fcf673c6 8b05bc63 1dbd57eb 8d21a09f 081f02f5 07648ee1 fcf673c6 8b05bc63 1dbd57eb
e4b6c1ab 427ba61d 18fe9d7d cb01e122 46de70f1 e9d6dd4f d3cc6fb1 14fbe296 635889bd
cb01e122 46de70f1 e9d6dd4f e4b6c1ab 427ba61d 18fe9d7d d3cc6fb1 14fbe296 635889bd
e4b6c1ab 427ba61d 18fe9d7d cb01e122 46de70f1 e9d6dd4f e4b6c1ab 427ba61d 18fe9d7d
af7312af 152760b0 de398d95 90a69c22 2b817f5b 69237409 748d3b84 6b87b45b c55e146b
90a69c22 2b817f5b 69237409 af7312af 152760b0 de398d95 748d3b84 6b87b45b c55e146b
af7312af 152760b0 de398d95 90a69c22 2b817f5b 69237409 af7312af 152760b0 de398d95
7384a7df f7eb445c 08825a3d d998e17e c56b579f a5564336 b6356cf8 5cb0daef 60db2f03
d998e17e c56b579f a5564336 7384a7df f7eb445c 08825a3d b6356cf8 5cb0daef 60db2f03
7384a7df f7eb445c 08825a3d d998e17e c56b579f a5564336 7384a7df f7eb445c 08825a3d
08e8c72d 59388b68 d8f7834d 0c387125 337a7ab5 c03a793a beef02ae f95189b2 f519fc0b
0c387125 337a7ab5 c03a793a 08e8c72d 59388b68 d8f7834d beef02ae f95189b2 f519fc0b
08e8c72d 59388b68 d8f7834d 0c387125 337a7ab5 c03a793a 08e8c72d 59388b68 d8f7834d
5cc05c61 f2d95cba 894cf7d2 b1e181d7 ce47df73 a1dd2ae7 1e564980 dd25cdb9 bf467f90
b1e181d7 ce47df73 a1dd2ae7 5cc05c61 f2d95cba 894cf7d2 1e564980 dd25cdb9 bf467f90
5cc05c61 f2d95cba 894cf7d2 b1e181d7 ce47df73 a1dd2ae7 5cc05c61 f2d95cba 894cf7d2
4e0c487b 0ff1f767 75916318 2ea6adfb 8cd5013e 18b4956e dfaa9b71 6778a260 5c2f188a
2ea6adfb 8cd5013e 18b4956e 4e0c487b 0ff1f767 75916318 dfaa9b71 6778a260 5c2f188a
4e0c487b 0ff1f767 75916318 2ea6adfb 8cd5013e 18b4956e 4e0c487b 0ff1f767 75916318
3eb25291 efd9f77c b5d9b3e6 cad0a215 867ae836 ced27bec 1ea7260f df65d80a 8b316c58
cad0a215 867ae836 ced27bec 3eb25291 efd9f77c b5d9b3e6 1ea7260f df65d80a 8b316c58
3eb25291 efd9f77c b5d9b3e6 cad0a215 867ae836 ced27bec 3eb25291 efd9f77c b5d9b3e6
cae2a2c6 304280db 9be37999 d9263820 e2989c80 090a0949 e3554e2f a3b3f195 f04d391e
d9263820 e2989c80 090a0949 cae2a2c6 304280db 9be37999 e3554e2f a3b3f195 f04d391e
cae2a2c6 304280db 9be37999 d9263820 e2989c80 090a0949 cae2a2c6 304280db 9be37999
8ca015d7 a2e50d8b 3a1490b3 abfd066b b729cf25 ad897ac8 3ef1ec57 11efc999 c1d26e6c
abfd066b b729cf25 ad897ac8 8ca015d7 a2e50d8b 3a1490b3 3ef1ec57 11efc999 c1d26e6c
8ca015d7 a2e50d8b 3a1490b3 abfd066b b729cf25 ad897ac8 8ca015d7 a2e50d8b 3a1490b3
42b3294f 8b1b7bdb d184a5ca ab7fd944 1eb19e4a d2649968 f0d59369 71fc82cb d2ab363c
ab7fd944 1eb19e4a d2649968 42b3294f 8b1b7bdb d184a5ca f0d59369 71fc82cb d2ab363c
42b3294f 8b1b7bdb d184a5ca ab7fd944 1eb19e4a d2649968 42b3294f 8b1b7bdb d184a5ca
292478f5 c2add99e a2f2d4b1 b9f67f47 b5203530 c6111171 be17d61b e6dd9acd 1732248a
b9f67f47 b5203530 c6111171 292478f5 c2add99e a2f2d4b1 be17d61b e6dd9acd 1732248a
292478f5 c2add99e a2f2d4b1 b9f67f47 b5203530 c6111171 292478f5 c2add99e a2f2d4b1
cfacbdd5 67d09509 dbd90dc6 9cfbb587 59444af4 9f1fe1a2 e3e431c7 d517f36f cab8e908
9cfbb587 59444af4 9f1fe1a2 cfacbdd5 67d09509 dbd90dc6 e3e431c7 d517f36f cab8e908
cfacbdd5 67d09509 dbd90dc6 9cfbb587 59444af4 9f1fe1a2 cfacbdd5 67d09509 dbd90dc6
140117a6 dad81a12 0e9071a2 a1e04de1 8fe49b9c 9017a0d6 b111b99a 17def88a 9cc3c4fe
a1e04de1 8fe49b9c 9017a0d6 140117a6 dad81a12 0e9071a2 b111b99a 17def88a 9cc3c4fe
140117a6 dad81a12 0e9071a2 a1e04de1 8fe49b9c 9017a0d6 140117a6 dad81a12 0e9071a2
c29cad36 57e90e78 ee2acfcb 98ba16ed 6c615a45 ca855c12 3e80f9eb 6b343e66 972e711b
98ba16ed 6c615a45 ca855c12 c29cad36 57e90e78 ee2acfcb 3e80f9eb 6b343e66 972e711b
c29cad36 57e90e78 ee2acfcb 98ba16ed 6c615a45 ca855c12 c29cad36 57e90e78 ee2acfcb
61d47962 b71b113b 7b53cb55 b5aa3658 8724dd0b fc6777bb ea1e2295 2b679178 71af59ab
b5aa3658 8724dd0b fc6777bb 61d47962 b71b113b 7b53cb55 ea1e2295 2b679178 71af59ab
61d47962 b71b113b 7b53cb55 b5aa3658 8724dd0b fc6777bb 61d47962 b71b113b 7b53cb55
dcb6fc54 f819dc1c 0c49c980 fa416032 29940bb0 3916e5c1 6635c6aa 726773e3 d207ffa5
fa416032 29940bb0 3916e5c1 dcb6fc54 f819dc1c 0c49c980 6635c6aa 726773e3 d207ffa5
dcb6fc54 f819dc1c 0c49c980 fa416032 29940bb0 3916e5c1 dcb6fc54 f819dc1c 0c49c980
1784f3d8 39b1f3de 6626b65d 9915ed46 0a3dff0e e39c059e fa3282ba 42722df5 45169814
9915ed46 0a3dff0e e39c059e 1784f3d8 39b1f3de 6626b65d fa3282ba 42722df5 45169814
1784f3d8 39b1f3de 6626b65d 9915ed46 0a3dff0e e39c059e 1784f3d8 39b1f3de 6626b65d
da63271a 7be8cfe8 9e72e359 9ef42d48 fc154731 cb66c7e6 a11b9bc3 1c9476f3 d1e0684b
9ef42d48 fc154731 cb66c7e6 da63271a 7be8cfe8 9e72e359 a11b9bc3 1c9476f3 d1e0684b
da63271a 7be8cfe8 9e72e359 9ef42d48 fc154731 cb66c7e6 da63271a 7be8cfe8 9e72e359
13d752af dcaf3c62 3fafb3db 86c1102f f146d47f 55042e0a e990a33f e4318538 326c9fbd
86c1102f f146d47f 55042e0a 13d752af dcaf3c62 3fafb3db e990a33f e4318538 326c9fbd
13d752af dcaf3c62 3fafb3db 86c1102f f146d47f 55042e0a 13d752af dcaf3c62 3fafb3db
35466002 d04c95c4 2a8945aa 26b5b054 40b9f328 d6ad02e2 f34f9c1e f6b668c2 ad3ad2e9
26b5b054 40b9f328 d6ad02e2 35466002 d04c95c4 2a8945aa f34f9c1e f6b668c2 ad3ad2e9
35466002 d04c95c4 2a8945aa 26b5b054 40b9f328 d6ad02e2 35466002 d04c95c4 2a8945aa
263a9427 2538cb6f 392e9264 5d90b736 c066f4d0 4589da6f 94286579 a7ef11f1 00b651ad
5d90b736 c066f4d0 4589da6f 263a9427 2538cb6f 392e9264 94286579 a7ef11f1 00b651ad
263a9427 2538cb6f 392e9264 5d90b736 c066f4d0 4589da6f 263a9427 2538cb6f 392e9264
a03c5088 e9d7a2b3 a8dcf7a5 ab764dd2 b26693f0 dd804ccb 7c59f0e4 7ce16f95 1af6be93
ab764dd2 b26693f0 dd804ccb a03c5088 e9d7a2b3 a8dcf7a5 7c59f0e4 7ce16f95 1af6be93
a03c5088 e9d7a2b3 a8dcf7a5 ab764dd2 b26693f0 dd804ccb a03c5088 e9d7a2b3 a8dcf7a5
9576a8f9 a3f98503 0d23b94e 66db2081 6823964a 10d1f526 b96fac87 547e3b8a 98b2d393
66db2081 6823964a 10d1f526 9576a8f9 a3f98503 0d23b94e b96fac87 547e3b8a 98b2d393
9576a8f9 a3f98503 0d23b94e 66db2081 6823964a 10d1f526 9576a8f9 a3f98503 0d23b94e
71a45e54 5378790f 08f730e6 a07c40ac fea373eb 65c195ab f6488bfb c6cf654b ef4e5e02
a07c40ac fea373eb 65c195ab 71a45e54 5378790f 08f730e6 f6488bfb c6cf654b ef4e5e02
71a45e54 5378790f 08f730e6 a07c40ac fea373eb 65c195ab 71a45e54 5378790f 08f730e6
032809e2 59d630dd 91ed28ec b2baa2b4 04896f44 280117ed c115c95f eddf5940 d31689a2
b2baa2b4 04896f44 280117ed 032809e2 59d630dd 91ed28ec c115c95f eddf5940 d31689a2
032809e2 59d630dd 91ed28ec b2baa2b4 04896f44 280117ed 032809e2 59d630dd 91ed28ec
a620b51c 4bf672d5 e660852d 7e374cc2 a13e02a2 072bc1cb b3945922 fdab2114 e5ed09e6
7e374cc2 a13e02a2 072bc1cb a620b51c 4bf672d5 e660852d b3945922 fdab2114 e5ed09e6
a620b51c 4bf672d5 e660852d 7e374cc2 a13e02a2 072bc1cb a620b51c 4bf672d5 e660852d
60029565 c74e0173 844943c9 8c2eba72 791024b1 f05c09bd ae295a57 6f4669b5 2080c0a0
8c2eba72 791024b1 f05c09bd 60029565 c74e0173 844943c9 ae295a57 6f4669b5 2080c0a0
60029565 c74e0173 844943c9 8c2eba72 791024b1 f05c09bd 60029565 c74e0173 844943c9
3a6c8b04 0252fd92 95576d59 cc2f849e 80c6da65 dab0b714 6a972e2b 2ed75c11 6ad8153f
cc2f849e 80c6da65 dab0b714 3a6c8b04 0252fd92 95576d59 6a972e2b 2ed75c11 6ad8153f
3a6c8b04 0252fd92 95576d59 cc2f849e 80c6da65 dab0b714 3a6c8b04 0252fd92 95576d59
4fa25d6a eceeb500 fc805a90 9d0c28b3 625cc982 e3b8a488 c1b21648 030037ed 9ab82689
9d0c28b3 625cc982 e3b8a488 4fa25d6a eceeb500 fc805a90 c1b21648 030037ed 9ab82689
4fa25d6a eceeb500 fc805a90 9d0c28b3 625cc982 e3b8a488 4fa25d6a eceeb500 fc805a90
8d4e5f4a f714e8e5 a78f0c19 bb3085ef bb6f5072 96b82669 bda90196 6d4bd08d d455dc4c
bb3085ef bb6f5072 96b82669 8d4e5f4a f714e8e5 a78f0c19 bda90196 6d4bd08d d455dc4c
8d4e5f4a f714e8e5 a78f0c19 bb3085ef bb6f5072 96b82669 8d4e5f4a f714e8e5 a78f0c19
08fcc240 41f7a506 f8a65861 a922f660 0f485052 d8cf54ef cfafcd6c d51437db 751eff9f
a922f660 0f485052 d8cf54ef 08fcc240 41f7a506 f8a65861 cfafcd6c d51437db 751eff9f
08fcc240 41f7a506 f8a65861 a922f660 0f485052 d8cf54ef 08fcc240 41f7a506 f8a65861
7f1af1e7 a6601605 5a5b4e56 01c34ca9 5f8ed57a b508bfae 434bc620 3a57d0bb 6002453e
01c34ca9 5f8ed57a b508bfae 7f1af1e7 a6601605 5a5b4e56 434bc620 3a57d0bb 6002453e
7f1af1e7 a6601605 5a5b4e56 01c34ca9 5f8ed57a b508bfae 7f1af1e7 a6601605 5a5b4e56
a8a0658b d424f475 48135b12 a8c4c943 aa6b1aae 780adbf1 e28dcf8e ccabad08 edf448ae
a8c4c943 aa6b1aae 780adbf1 a8a0658b d424f475 48135b12 e28dcf8e ccabad08 edf448ae
a8a0658b d424f475 48135b12 a8c4c943 aa6b1aae 780adbf1 a8a0658b d424f475 48135b12
fb5365d2 bf9886c7 f3fddbc4 220d84a9 95618120 4700791b e91e3692 676ed611 f212b6a6
220d84a9 95618120 4700791b fb5365d2 bf9886c7 f3fddbc4 e91e3692 676ed611 f212b6a6
fb5365d2 bf9886c7 f3fddbc4 220d84a9 95618120 4700791b fb5365d2 bf9886c7 f3fddbc4
aae259ea 2eafb97a 976e7b2d c915922c 5a9666b6 6a4dc184 779f710d d61d6d0d 35156f61
c915922c 5a9666b6 6a4dc184 aae259ea 2eafb97a 976e7b2d 779f710d d61d6d0d 35156f61
aae259ea 2eafb97a 976e7b2d c915922c 5a9666b6 6a4dc184 aae259ea 2eafb97a 976e7b2d
e2471c05 6fd83ad7 419fb7d0 dd1f02fe 270246e7 c8118965 0174b939 5e1c72ca fdab9e24
dd1f02fe 270246e7 c8118965 e2471c05 6fd83ad7 419fb7d0 0174b939 5e1c72ca fdab9e24
e2471c05 6fd83ad7 419fb7d0 dd1f02fe 270246e7 c8118965 e2471c05 6fd83ad7 419fb7d0
8bf5dc98 4ddff246 0e897453 a50b4a24 b2597377 7cf78e4d 45b8143a 0dddb79b 8a97cdc1
a50b4a24 b2597377 7cf78e4d 8bf5dc98 4ddff246 0e897453 45b8143a 0dddb79b 8a97cdc1
8bf5dc98 4ddff246 0e897453 a50b4a24 b2597377 7cf78e4d 8bf5dc98 4ddff246 0e897453
5530b216 5779a750 70250a0f df005b05 372e03b4 6973c342 ac7c9c4b 804dda67 72d70256
df005b05 372e03b4 6973c342 5530b216 5779a750 70250a0f ac7c9c4b 804dda67 72d70256
5530b216 5779a750 70250a0f df005b05 372e03b4 6973c342 5530b216 5779a750 70250a0f
95213340 f4d2cf07 72aa3b9c ea0e8ed2 0be8a8fa 74905874 6a441757 a1150f8c d5d5583a
ea0e8ed2 0be8a8fa 74905874 95213340 f4d2cf07 72aa3b9c 6a441757 a1150f8c d5d5583a
95213340 f4d2cf07 72aa3b9c ea0e8ed2 0be8a8fa 74905874 95213340 f4d2cf07 72aa3b9c
115c9dbb a7718cb7 965ec908 b5a06dcf f8a73bba 6364c27d 17fef1d9 ef2a3af6 bb39051d
b5a06dcf f8a73bba 6364c27d 115c9dbb a7718cb7 965ec908 17fef1d9 ef2a3af6 bb39051d
115c9dbb a7718cb7 965ec908 b5a06dcf f8a73bba 6364c27d 115c9dbb a7718cb7 965ec908
0ab2cff8 898c17db 7a8edc05 3de6e3ac 01a57134 e7273166 e00ebc1b 29865eb8 40278354
3de6e3ac 01a57134 e7273166 0ab2cff8 898c17db 7a8edc05 e00ebc1b 29865eb8 40278354
0ab2cff8 898c17db 7a8edc05 3de6e3ac 01a57134 e7273166 0ab2cff8 898c17db 7a8edc05
822fd22b 9546f8c0 f56638a5 6ab01ad6 7cc72c3b e677e132 340d326e e1271551 b88f4fe7
6ab01ad6 7cc72c3b e677e132 822fd22b 9546f8c0 f56638a5 340d326e e1271551 b88f4fe7
822fd22b 9546f8c0 f56638a5 6ab01ad6 7cc72c3b e677e132 822fd22b 9546f8c0 f56638a5
58094e01 c9d81890 2aae88fa 034f3a80 a1a52434 4da9e8a2 3149a748 37cf21de 5b3f18b6
034f3a80 a1a52434 4da9e8a2 58094e01 c9d81890 2aae88fa 3149a748 37cf21de 5b3f18b6
58094e01 c9d81890 2aae88fa 034f3a80 a1a52434 4da9e8a2 58094e01 c9d81890 2aae88fa
7d07366a 6b07cdbe d3bd5c7b b5ff067b 78d7a930 f7eeb03a 17e8bcd5 90486556 a09a689a
b5ff067b 78d7a930 f7eeb03a 7d07366a 6b07cdbe d3bd5c7b 17e8bcd5 90486556 a09a689a
7d07366a 6b07cdbe d3bd5c7b b5ff067b 78d7a930 f7eeb03a 7d07366a 6b07cdbe d3bd5c7b
cba1514c 963480e7 085fd5f4 9e586289 c5b1e3a9 b8e444d2 ad307ffb f7414269 40240412
9e586289 c5b1e3a9 b8e444d2 cba1514c 963480e7 085fd5f4 ad307ffb f7414269 40240412
cba1514c 963480e7 085fd5f4 9e586289 c5b1e3a9 b8e444d2 cba1514c 963480e7 085fd5f4
d93b64a0 41cc81c1 ed3232e3 91fb2b81 7df1ae3b 0cc845d1 abf3cc05 d350494b 0b4259a5
91fb2b81 7df1ae3b 0cc845d1 d93b64a0 41cc81c1 ed3232e3 abf3cc05 d350494b 0b4259a5
d93b64a0 41cc81c1 ed3232e3 91fb2b81 7df1ae3b 0cc845d1 d93b64a0 41cc81c1 ed3232e3
9af6255c 2c90a825 29cb5fd9 f98f0ab1 2ff40beb de01d1f1 85d0f364 61f4a55f 92feb047
f98f0ab1 2ff40beb de01d1f1 9af6255c 2c90a825 29cb5fd9 85d0f364 61f4a55f 92feb047
9af6255c 2c90a825 29cb5fd9 f98f0ab1 2ff40beb de01d1f1 9af6255c 2c90a825 29cb5fd9
9914ec05 6d48fe55 0a362d95 60f8925f 9170c4ba af825dc1 44d2c4a6 59772440 be0bed1d
60f8925f 9170c4ba af825dc1 9914ec05 6d48fe55 0a362d95 44d2c4a6 59772440 be0bed1d
9914ec05 6d48fe55 0a362d95 60f8925f 9170c4ba af825dc1 9914ec05 6d48fe55 0a362d95
ea394592 cbef2d8d 278e4e3e 97fcbf26 acd59b4d 5d42d767 cd198d5c a80dbd1a 2917970c
97fcbf26 acd59b4d 5d42d767 ea394592 cbef2d8d 278e4e3e cd198d5c a80dbd1a 2917970c
ea394592 cbef2d8d 278e4e3e 97fcbf26 acd59b4d 5d42d767 ea394592 cbef2d8d 278e4e3e
58b298f6 0354a583 d950fec9 4887a052 34ffa7d6 19e90601 4064a2b3 cce69dc6 6e707ee2
4887a052 34ffa7d6 19e90601 58b298f6 0354a583 d950fec9 4064a2b3 cce69dc6 6e707ee2
58b298f6 0354a583 d950fec9 4887a052 34ffa7d6 19e90601 58b298f6 0354a583 d950fec9
ea8f9573 682e3712 323b96e5 67c3ef3b de1cbd17 4ccb6b4c 69806109 61b69af2 eb1475c5
67c3ef3b de1cbd17 4ccb6b4c ea8f9573 682e3712 323b96e5 69806109 61b69af2 eb1475c5
ea8f9573 682e3712 323b96e5 67c3ef3b de1cbd17 4ccb6b4c ea8f9573 682e3712 323b96e5
daa9409b a7bfbc84 8f83e461 cc63df70 76de47d5 60806e48 a5698982 9934765c f425b9ac
cc63df70 76de47d5 60806e48 daa9409b a7bfbc84 8f83e461 a5698982 9934765c f425b9ac
daa9409b a7bfbc84 8f83e461 cc63df70 76de47d5 60806e48 daa9409b a7bfbc84 8f83e461
40d2fe7c d5859544 a0d38bae 458d14a7 a478960d e70987b9 5b2e903f 38fc1a2a 907f305b
458d14a7 a478960d e70987b9 40d2fe7c d5859544 a0d38bae 5b2e903f 38fc1a2a 907f305b
40d2fe7c d5859544 a0d38bae 458d14a7 a478960d e70987b9 40d2fe7c d5859544 a0d38bae
8dd5f8da 5f0a1518 daf75f17 5ef7152e ae259122 751bd3aa e1bfc6d1 f2ec81e8 ac95d592
5ef7152e ae259122 751bd3aa 8dd5f8da 5f0a1518 daf75f17 e1bfc6d1 f2ec81e8 ac95d592
8dd5f8da 5f0a1518 daf75f17 5ef7152e ae259122 751bd3aa 8dd5f8da 5f0a1518 daf75f17
94b23dcc 2abc8cab c79ea0d9 9a669c2b 10a1052d 6bc50aab 6c95732c aaddf60e 11953d1d
9a669c2b 10a1052d 6bc50aab 94b23dcc 2abc8cab c79ea0d9 6c95732c aaddf60e 11953d1d
94b23dcc 2abc8cab c79ea0d9 9a669c2b 10a1052d 6bc50aab 94b23dcc 2abc8cab c79ea0d9
e793f3cd c9772ae3 2f0c952b 032f926a 373ce5e9 91f08c55 06fd9b33 591eacdd 4d6fab3e
032f926a 373ce5e9 91f08c55 e793f3cd c9772ae3 2f0c952b 06fd9b33 591eacdd 4d6fab3e
e793f3cd c9772ae3 2f0c952b 032f926a 373ce5e9 91f08c55 e793f3cd c9772ae3 2f0c952b
ac8213ed a1bf0b79 bc7edbee a91b5a70 e8d6561d 3bb52f56 d6edac2e bf502eb8 53db004f
a91b5a70 e8d6561d 3bb52f56 ac8213ed a1bf0b79 bc7edbee d6edac2e bf502eb8 53db004f
ac8213ed a1bf0b79 bc7edbee a91b5a70 e8d6561d 3bb52f56 ac8213ed a1bf0b79 bc7edbee
8d42ca81 1dd04a4d 750107f5 9b0866c5 5b30c61a 514f4912 0a18d6b0 dd5b2f94 c3ab241f
9b0866c5 5b30c61a 514f4912 8d42ca81 1dd04a4d 750107f5 0a18d6b0 dd5b2f94 c3ab241f
8d42ca81 1dd04a4d 750107f5 9b0866c5 5b30c61a 514f4912 8d42ca81 1dd04a4d 750107f5
a4d03adf 5c86bc75 dd9165da eea4e1a9 611619b2 fa60eb13 54636178 14f6bd76 2429fcca
eea4e1a9 611619b2 fa60eb13 a4d03adf 5c86bc75 dd9165da 54636178 14f6bd76 2429fcca
a4d03adf 5c86bc75 dd9165da eea4e1a9 611619b2 fa60eb13 a4d03adf 5c86bc75 dd9165da
bc850659 2259b8a4 263d6e3b 99512a16 13fb3a29 8aa3d383 03d31fe6 3c617503 c89e2e4a
99512a16 13fb3a29 8aa3d383 bc850659 2259b8a4 263d6e3b 03d31fe6 3c617503 c89e2e4a
bc850659 2259b8a4 263d6e3b 99512a16 13fb3a29 8aa3d383 bc850659 2259b8a4 263d6e3b
2a1c0e32 7bfa6873 6d967179 4a95ce5a 4ccee9ca 802cb400 f2746c97 439a55bb 116d7ccc
4a95ce5a 4ccee9ca 802cb400 2a1c0e32 7bfa6873 6d967179 f2746c97 439a55bb 116d7ccc
2a1c0e32 7bfa6873 6d967179 4a95ce5a 4ccee9ca 802cb400 2a1c0e32 7bfa6873 6d967179
d7b195da 6d8d0381 36bd55f5 1ce3f7b7 8e7d9cb4 08b7d370 c1ad9404 e7bf6bc8 e32a2b5d
1ce3f7b7 8e7d9cb4 08b7d370 d7b195da 6d8d0381 36bd55f5 c1ad9404 e7bf6bc8 e32a2b5d
d7b195da 6d8d0381 36bd55f5 1ce3f7b7 8e7d9cb4 08b7d370 d7b195da 6d8d0381 36bd55f5
5648210a d80f684d afdc26e8 3add0785 43de8a77 1f8570cc a8208db1 c2fc2d56 facb5643
3add0785 43de8a77 1f8570cc 5648210a d80f684d afdc26e8 a8208db1 c2fc2d56 facb5643
5648210a d80f684d afdc26e8 3add0785 43de8a77 1f8570cc 5648210a d80f684d afdc26e8
f72e127d a2d2dea5 cb3d89bd 8a3635d1 187ef442 de9b14f7 ee556ed3 00cf79db 38ce903f
8a3635d1 187ef442 de9b14f7 f72e127d a2d2dea5 cb3d89bd ee556ed3 00cf79db 38ce903f
f72e127d a2d2dea5 cb3d89bd 8a3635d1 187ef442 de9b14f7 f72e127d a2d2dea5 cb3d89bd
7ccd1d80 907fac48 367a3cbf 2da6075a f23164ba 8b37aa61 b6417b97 b0550d38 4d2b2802
2da6075a f23164ba 8b37aa61 7ccd1d80 907fac48 367a3cbf b6417b97 b0550d38 4d2b2802
7ccd1d80 907fac48 367a3cbf 2da6075a f23164ba 8b37aa61 7ccd1d80 907fac48 367a3cbf
ef1abbf1 69fa2d8d ba128269 0a24546e 76ea204b 9513e680 7adb88c6 027825e5 9c405135
0a24546e 76ea204b 9513e680 ef1abbf1 69fa2d8d ba128269 7adb88c6 027825e5 9c405135
ef1abbf1 69fa2d8d ba128269 0a24546e 76ea204b 9513e680 ef1abbf1 69fa2d8d ba128269
df3b9314 9364b550 5e9105b0 a36e0917 30699382 f7f065a1 86e4ef1a 59a21312 44afd6ea
a36e0917 30699382 f7f065a1 df3b9314 9364b550 5e9105b0 86e4ef1a 59a21312 44afd6ea
df3b9314 9364b550 5e9105b0 a36e0917 30699382 f7f065a1 df3b9314 9364b550 5e9105b0
c0e6307c 4c7d4bc7 e2f35f1c f2080d68 3df3e40a aa276ec5 cb6af322 281ef008 f6864cb7
f2080d68 3df3e40a aa276ec5 c0e6307c 4c7d4bc7 e2f35f1c cb6af322 281ef008 f6864cb7
c0e6307c 4c7d4bc7 e2f35f1c f2080d68 3df3e40a aa276ec5 c0e6307c 4c7d4bc7 e2f35f1c
b6b439cc 3cba3bea 2cd7c5cf 5e679ced 6f68e765 d49b7792 4e43af09 be2d50c7 dda0841d
5e679ced 6f68e765 d49b7792 b6b439cc 3cba3bea 2cd7c5cf 4e43af09 be2d50c7 dda0841d
b6b439cc 3cba3bea 2cd7c5cf 5e679ced 6f68e765 d49b7792 b6b439cc 3cba3bea 2cd7c5cf
66bfe5fc d80a2b7d 9cc34a5c 66a1a1e3 3f089c19 e079c96b 2331305d 3d58189c 9ac5e9d2
66a1a1e3 3f089c19 e079c96b 66bfe5fc d80a2b7d 9cc34a5c 2331305d 3d58189c 9ac5e9d2
66bfe5fc d80a2b7d 9cc34a5c 66a1a1e3 3f089c19 e079c96b 66bfe5fc d80a2b7d 9cc34a5c
399d41ab 9adc079c b31c9095 e4ae5154 2a937fce eb47c333 18ea301d 6fefc78b 07e61cdd
e4ae5154 2a937fce eb47c333 399d41ab 9adc079c b31c9095 18ea301d 6fefc78b 07e61cdd
399d41ab 9adc079c b31c9095 e4ae5154 2a937fce eb47c333 399d41ab 9adc079c b31c9095
b1e5db31 e770a7ff e07f3be4 7c5eb558 b23b56a9 b31c6f7e 4502c9ee 4281fe62 b8451f69
7c5eb558 b23b56a9 b31c6f7e b1e5db31 e770a7ff e07f3be4 4502c9ee 4281fe62 b8451f69
b1e5db31 e770a7ff e07f3be4 7c5eb558 b23b56a9 b31c6f7e b1e5db31 e770a7ff e07f3be4
ad0460b9 b2e7bf0a 28741207 cc0085f6 adf5c0f9 be8da637 386d522e 72f54c1f 182b71eb
cc0085f6 adf5c0f9 be8da637 ad0460b9 b2e7bf0a 28741207 386d522e 72f54c1f 182b71eb
ad0460b9 b2e7bf0a 28741207 cc0085f6 adf5c0f9 be8da637 ad0460b9 b2e7bf0a 28741207
22457e23 41f25642 26db12e5 c4c6d18e 5135cc87 9c8aa643 b9073b71 aa713da8 e18d4701
c4c6d18e 5135cc87 9c8aa643 22457e23 41f25642 26db12e5 b9073b71 aa713da8 e18d4701
22457e23 41f25642 26db12e5 c4c6d18e 5135cc87 9c8aa643 22457e23 41f25642 26db12e5
b826a170 e337f478 bc898a3c 9114f664 4def9c4f 12bd0719 ad426d91 106583a6 e1106ff8
9114f664 4def9c4f 12bd0719 b826a170 e337f478 bc898a3c ad426d91 106583a6 e1106ff8
b826a170 e337f478 bc898a3c 9114f664 4def9c4f 12bd0719 b826a170 e337f478 bc898a3c
2ec4b787 03a62649 75bea133 0b4b11ca 69cc1541 eae315ee f3e38644 46fe45db 7064c459
0b4b11ca 69cc1541 eae315ee 2ec4b787 03a62649 75bea133 f3e38644 46fe45db 7064c459
2ec4b787 03a62649 75bea133 0b4b11ca 69cc1541 eae315ee 2ec4b787 03a62649 75bea133
a3012815 ef17f433 8a4a0206 f95ba984 e88ac2d7 7146abaa d4810a07 434ee146 ca1602a1
f95ba984 e88ac2d7 7146abaa a3012815 ef17f433 8a4a0206 d4810a07 434ee146 ca1602a1
a3012815 ef17f433 8a4a0206 f95ba984 e88ac2d7 7146abaa a3012815 ef17f433 8a4a0206
d70b8615 a518ab5c 9673c084 b07f1be8 8385e578 1f48eaa1 6b4bb0dd b5b6ef6a d584f8ad
b07f1be8 8385e578 1f48eaa1 d70b8615 a518ab5c 9673c084 6b4bb0dd b5b6ef6a d584f8ad
d70b8615 a518ab5c 9673c084 b07f1be8 8385e578 1f48eaa1 d70b8615 a518ab5c 9673c084
5c8b283b 3a5b0baa 7ed70dd4 0780032f 4f0b122c 68f4addd a71199d7 7a5652d7 27c9405f
0780032f 4f0b122c 68f4addd 5c8b283b 3a5b0baa 7ed70dd4 a71199d7 7a5652d7 27c9405f
5c8b283b 3a5b0baa 7ed70dd4 0780032f 4f0b122c 68f4addd 5c8b283b 3a5b0baa 7ed70dd4
b5dbe1a7 88bd1d8f 8bcba3c8 8ff92ff5 c32610a3 346f72dc 638c94dc d909bf57 530824bf
8ff92ff5 c32610a3 346f72dc b5dbe1a7 88bd1d8f 8bcba3c8 638c94dc d909bf57 530824bf
b5dbe1a7 88bd1d8f 8bcba3c8 8ff92ff5 c32610a3 346f72dc b5dbe1a7 88bd1d8f 8bcba3c8
418d8df9 0bbba440 587c8708 1995cf43 1a628825 3bbebb5c 9b85c1fc 914dc565 3a867fb8
1995cf43 1a628825 3bbebb5c 418d8df9 0bbba440 587c8708 9b85c1fc 914dc565 3a867fb8
418d8df9 0bbba440 587c8708 1995cf43 1a628825 3bbebb5c 418d8df9 0bbba440 587c8708
1b01b809 2d89c69d b64aff44 bcae34be e9256d7d 404dd01e fb198447 e0f773a0 02324fae
bcae34be e9256d7d 404dd01e 1b01b809 2d89c69d b64aff44 fb198447 e0f773a0 02324fae
1b01b809 2d89c69d b64aff44 bcae34be e9256d7d 404dd01e 1b01b809 2d89c69d b64aff44
80f8a135 fe04f4f9 f953ef8d 00f2d22c e9b42879 463d8466 c8938c22 e3f0fb11 61ead6d9
00f2d22c e9b42879 463d8466 80f8a135 fe04f4f9 f953ef8d c8938c22 e3f0fb11 61ead6d9
80f8a135 fe04f4f9 f953ef8d 00f2d22c e9b42879 463d8466 80f8a135 fe04f4f9 f953ef8d
e3ffeb1c 1c0446bf 116d41c7 2d28dfd7 d81df0e9 ef7caf3e 735844b9 77361586 2552f8a4
2d28dfd7 d81df0e9 ef7caf3e e3ffeb1c 1c0446bf 116d41c7 735844b9 77361586 2552f8a4
e3ffeb1c 1c0446bf 116d41c7 2d28dfd7 d81df0e9 ef7caf3e e3ffeb1c 1c0446bf 116d41c7
bd1e90a5 f7d4d1c9 99f5fa88 cfa4975b b4e01814 72b64545 27fb23eb 49d2650c 9f3ed3e0
cfa4975b b4e01814 72b64545 bd1e90a5 f7d4d1c9 99f5fa88 27fb23eb 49d2650c 9f3ed3e0
bd1e90a5 f7d4d1c9 99f5fa88 cfa4975b b4e01814 72b64545 bd1e90a5 f7d4d1c9 99f5fa88
5d461491 67ef8783 d98aa08e 7e7e4bf8 5576fa00 dd0e8075 1c169f00 484500c8 d940d5e7
7e7e4bf8 5576fa00 dd0e8075 5d461491 67ef8783 d98aa08e 1c169f00 484500c8 d940d5e7
5d461491 67ef8783 d98aa08e 7e7e4bf8 5576fa00 dd0e8075 5d461491 67ef8783 d98aa08e
8faf565e 5aa4867f f6a664df c4b28fa5 75e05d18 42618444 c12b983e 60b351f3 94151948
c4b28fa5 75e05d18 42618444 8faf565e 5aa4867f f6a664df c12b983e 60b351f3 94151948
8faf565e 5aa4867f f6a664df c4b28fa5 75e05d18 42618444 8faf565e 5aa4867f f6a664df
f296b912 dc824e53 938de59f f1e96565 7b461b88 498d66c6 4a06e564 033b4f8e 2f88aa08
f1e96565 7b461b88 498d66c6 f296b912 dc824e53 938de59f 4a06e564 033b4f8e 2f88aa08
f296b912 dc824e53 938de59f f1e96565 7b461b88 498d66c6 f296b912 dc824e53 938de59f
5634dd3e 3c31f0dd 80d2dfe0 3b13ca18 d5f6dbfa 1013a35b eda7f799 9b2211f6 5758c6ae
3b13ca18 d5f6dbfa 1013a35b 5634dd3e 3c31f0dd 80d2dfe0 eda7f799 9b2211f6 5758c6ae
5634dd3e 3c31f0dd 80d2dfe0 3b13ca18 d5f6dbfa 1013a35b 5634dd3e 3c31f0dd 80d2dfe0
8316b977 67ce5422 c0eeae91 0f13ec44 5ade633f af9a80b8 22d6d445 65f85862 b874e49f
0f13ec44 5ade633f af9a80b8 8316b977 67ce5422 c0eeae91 22d6d445 65f85862 b874e49f
8316b977 67ce5422 c0eeae91 0f13ec44 5ade633f af9a80b8 8316b977 67ce5422 c0eeae91
e93186e8 6fd1c876 6bbdb272 7145f4a2 c760cf72 183aa254 cac7af1c e6eea44f 6705ebee
7145f4a2 c760cf72 183aa254 e93186e8 6fd1c876 6bbdb272 cac7af1c e6eea44f 6705ebee
e93186e8 6fd1c876 6bbdb272 7145f4a2 c760cf72 183aa254 e93186e8 6fd1c876 6bbdb272
92e85456 ceffbf01 28c82556 24819163 2eb43dab 64023b24 aae2dc60 e7da95c5 207cd4b6
24819163 2eb43dab 64023b24 92e85456 ceffbf01 28c82556 aae2dc60 e7da95c5 207cd4b6
92e85456 ceffbf01 28c82556 24819163 2eb43dab 64023b24 92e85456 ceffbf01 28c82556
ba261cec 56ef0b6d 986444f4 367d0da3 acb37415 549bb22d 815d198c 863b06b6 30a15bac
367d0da3 acb37415 549bb22d ba261cec 56ef0b6d 986444f4 815d198c 863b06b6 30a15bac
ba261cec 56ef0b6d 986444f4 367d0da3 acb37415 549bb22d ba261cec 56ef0b6d 986444f4
10924dca ed87d3aa d4e71a0c 3023bb47 4ff34bc2 b7efdd75 bdd4d135 77f0320c 73693c98
3023bb47 4ff34bc2 b7efdd75 10924dca ed87d3aa d4e71a0c bdd4d135 77f0320c 73693c98
10924dca ed87d3aa d4e71a0c 3023bb47 4ff34bc2 b7efdd75 10924dca ed87d3aa d4e71a0c
b35d74e8 5fa7cfd6 b34b3ddc 64355768 a78e49a1 990a4776 d0aab2f8 1aca9ce4 6bbc6588
64355768 a78e49a1 990a4776 b35d74e8 5fa7cfd6 b34b3ddc d0aab2f8 1aca9ce4 6bbc6588
b35d74e8 5fa7cfd6 b34b3ddc 64355768 a78e49a1 990a4776 b35d74e8 5fa7cfd6 b34b3ddc
3b145148 0577f1cc 118a7bfe 77134c0b 5cb59b83 b5969069 fcc5380e df6e2397 104fc74f
77134c0b 5cb59b83 b5969069 3b145148 0577f1cc 118a7bfe fcc5380e df6e2397 104fc74f
3b145148 0577f1cc 118a7bfe 77134c0b 5cb59b83 b5969069 3b145148 0577f1cc 118a7bfe
7ead879b 400adf60 df3fff84 a8401135 7de58208 388acc47 d0e8b788 623935b9 63c0028c
a8401135 7de58208 388acc47 7ead879b 400adf60 df3fff84 d0e8b788 623935b9 63c0028c
7ead879b 400adf60 df3fff84 a8401135 7de58208 388acc47 7ead879b 400adf60 df3fff84
51c7bd37 5e762124 3212f9e8 9e1c3fa5 d8c455d3 9e0b9cbe addd4209 50dd87b1 2a63f132
9e1c3fa5 d8c455d3 9e0b9cbe 51c7bd37 5e762124 3212f9e8 addd4209 50dd87b1 2a63f132
51c7bd37 5e762124 3212f9e8 9e1c3fa5 d8c455d3 9e0b9cbe 51c7bd37 5e762124 3212f9e8
c1679c61 ef9d8303 68f74e1f 5a5e6b9d 9031020e 46cb4619 200880eb 94610e07 b77588c2
5a5e6b9d 9031020e 46cb4619 c1679c61 ef9d8303 68f74e1f 200880eb 94610e07 b77588c2
c1679c61 ef9d8303 68f74e1f 5a5e6b9d 9031020e 46cb4619 c1679c61 ef9d8303 68f74e1f
59ea54eb 6f9e397a ae21028c 8ffccc6e 023d16cc 62988347 352d0611 c72e19b7 eb2a8d8d
8ffccc6e 023d16cc 62988347 59ea54eb 6f9e397a ae21028c 352d0611 c72e19b7 eb2a8d8d
59ea54eb 6f9e397a ae21028c 8ffccc6e 023d16cc 62988347 59ea54eb 6f9e397a ae21028c
50f903a4 03370821 d5dbd3ce cdb65ce4 2be10488 64186f12 56c6bfbc 1782fd4f ab3b76e5
cdb65ce4 2be10488 64186f12 50f903a4 03370821 d5dbd3ce 56c6bfbc 1782fd4f ab3b76e5
50f903a4 03370821 d5dbd3ce cdb65ce4 2be10488 64186f12 50f903a4 03370821 d5dbd3ce
3ebfed9d 3dd16d6c 35263022 4256eb21 01cbd896 ce74e41c fe53f958 04b6f149 4ba13f17
4256eb21 01cbd896 ce74e41c 3ebfed9d 3dd16d6c 35263022 fe53f958 04b6f149 4ba13f17
3ebfed9d 3dd16d6c 35263022 4256eb21 01cbd896 ce74e41c 3ebfed9d 3dd16d6c 35263022
be576660 5064c83e 65fd9678 f28a21e5 3888f0e6 d17418df 9cec1746 09ff296f 19a16e4b
f28a21e5 3888f0e6 d17418df be576660 5064c83e 65fd9678 9cec1746 09ff296f 19a16e4b
be576660 5064c83e 65fd9678 f28a21e5 3888f0e6 d17418df be576660 5064c83e 65fd9678
35ca57ad 5ebe6203 5850e425 939ce669 a2f207e0 8d90e82b a6dd755b d6d10ca1 09753e8b
939ce669 a2f207e0 8d90e82b 35ca57ad 5ebe6203 5850e425 a6dd755b d6d10ca1 09753e8b
35ca57ad 5ebe6203 5850e425 939ce669 a2f207e0 8d90e82b 35ca57ad 5ebe6203 5850e425
bfc5dba1 5d57e9b2 3a27ba88 17bfa454 9de070de abbb68b6 861ca41d c4f64b48 04141b95
17bfa454 9de070de abbb68b6 bfc5dba1 5d57e9b2 3a27ba88 861ca41d c4f64b48 04141b95
bfc5dba1 5d57e9b2 3a27ba88 17bfa454 9de070de abbb68b6 bfc5dba1 5d57e9b2 3a27ba88
c435393f 2c4e2855 c8ce3371 2ccb4a24 3e2076ac 7b832076 6122d704 3167ee40 df7a33b5
2ccb4a24 3e2076ac 7b832076 c435393f 2c4e2855 c8ce3371 6122d704 3167ee40 df7a33b5
c435393f 2c4e2855 c8ce3371 2ccb4a24 3e2076ac 7b832076 c435393f 2c4e2855 c8ce3371
5c2a8dc7 f77a4bea 79e45877 52d253c8 a6660924 ece61a53 bd6bd161 9fc13c1e 7b084479
52d253c8 a6660924 ece61a53 5c2a8dc7 f77a4bea 79e45877 bd6bd161 9fc13c1e 7b084479
5c2a8dc7 f77a4bea 79e45877 52d253c8 a6660924 ece61a53 5c2a8dc7 f77a4bea 79e45877
1176d871 8faae7cc 3075d8cf a99cbf04 f57757a5 9e2ca09b 69e87ec6 21f33fbf 6c3966ac
a99cbf04 f57757a5 9e2ca09b 1176d871 8faae7cc 3075d8cf 69e87ec6 21f33fbf 6c3966ac
1176d871 8faae7cc 3075d8cf a99cbf04 f57757a5 9e2ca09b 1176d871 8faae7cc 3075d8cf
56c6c472 38c0202c 8337595b 4ef4218c cdcc5f7c 229f1a33 433b473b 55ed2740 a7403c21
4ef4218c cdcc5f7c 229f1a33 56c6c472 38c0202c 8337595b 433b473b 55ed2740 a7403c21
56c6c472 38c0202c 8337595b 4ef4218c cdcc5f7c 229f1a33 56c6c472 38c0202c 8337595b
6553057f e52b2e59 fb7322ab b5cd5cd5 5599aab9 81ec9c6e ee075673 061d1e63 3b8c1ada
b5cd5cd5 5599aab9 81ec9c6e 6553057f e52b2e59 fb7322ab ee075673 061d1e63 3b8c1ada
6553057f e52b2e59 fb7322ab b5cd5cd5 5599aab9 81ec9c6e 6553057f e52b2e59 fb7322ab
2f36fbfb 637b3196 b5e1ccfe 61969234 404a4839 f796372f a41b78c6 fd94a0a5 c93c343d
61969234 404a4839 f796372f 2f36fbfb 637b3196 b5e1ccfe a41b78c6 fd94a0a5 c93c343d
2f36fbfb 637b3196 b5e1ccfe 61969234 404a4839 f796372f 2f36fbfb 637b3196 b5e1ccfe
a00e4775 8113da21 41ac7907 14d2fc63 695cd87e 2e25f887 00b71915 e1e10101 9c5004d4
14d2fc63 695cd87e 2e25f887 a00e4775 8113da21 41ac7907 00b71915 e1e10101 9c5004d4
a00e4775 8113da21 41ac7907 14d2fc63 695cd87e 2e25f887 a00e4775 8113da21 41ac7907
761c9ab6 27c77013 29733019 b6747dab 919da9fa bc9490be dcf05539 c51626be 5f99fc4d
b6747dab 919da9fa bc9490be 761c9ab6 27c77013 29733019 dcf05539 c51626be 5f99fc4d
761c9ab6 27c77013 29733019 b6747dab 919da9fa bc9490be 761c9ab6 27c77013 29733019
c2ff4942 a35aedfe 5143e1b4 45ba88c2 d172b7cf 393718e8 5f139d2e f942d53b 9ab4e20f
45ba88c2 d172b7cf 393718e8 c2ff4942 a35aedfe 5143e1b4 5f139d2e f942d53b 9ab4e20f
c2ff4942 a35aedfe 5143e1b4 45ba88c2 d172b7cf 393718e8 c2ff4942 a35aedfe 5143e1b4
09892a9e 1efddbb3 66747015 7a0b1876 e9090ffd 9257f87e 8b196760 5c24f18c b42f1718
7a0b1876 e9090ffd 9257f87e 09892a9e 1efddbb3 66747015 8b196760 5c24f18c b42f1718
09892a9e 1efddbb3 66747015 7a0b1876 e9090ffd 9257f87e 09892a9e 1efddbb3 66747015
a8cd6502 31753c00 ef360cc6 b63fb24e a4e1ba6b 3d48213a 99899809 768c384f 2a7e817a
b63fb24e a4e1ba6b 3d48213a a8cd6502 31753c00 ef360cc6 99899809 768c384f 2a7e817a
a8cd6502 31753c00 ef360cc6 b63fb24e a4e1ba6b 3d48213a a8cd6502 31753c00 ef360cc6
a6e6adea 7ccfcfb6 963aba73 78cab793 f3500cae f04543e4 55d4f148 bc47d780 d3fc2482
78cab793 f3500cae f04543e4 a6e6adea 7ccfcfb6 963aba73 55d4f148 bc47d780 d3fc2482
a6e6adea 7ccfcfb6 963aba73 78cab793 f3500cae f04543e4 a6e6adea 7ccfcfb6 963aba73
beac178d cfba2e4c 0fdfcf1a a3163c86 b28d75b3 566a5bd6 7ad7f465 d72002d7 8a967f18
a3163c86 b28d75b3 566a5bd6 beac178d cfba2e4c 0fdfcf1a 7ad7f465 d72002d7 8a967f18
beac178d cfba2e4c 0fdfcf1a a3163c86 b28d75b3 566a5bd6 beac178d cfba2e4c 0fdfcf1a
0f98ea86 62152286 a1d712dc 6e5055af 6d0b9cbd d006a10b a0476462 95b6aaf8 9044415e
6e5055af 6d0b9cbd d006a10b 0f98ea86 62152286 a1d712dc a0476462 95b6aaf8 9044415e
0f98ea86 62152286 a1d712dc 6e5055af 6d0b9cbd d006a10b 0f98ea86 62152286 a1d712dc
1b939cd0 328cf774 4626bb7a a4a4cdd2 3e937f2d 1896072f 9468e63c 38d4d0ec 94bbe880
a4a4cdd2 3e937f2d 1896072f 1b939cd0 328cf774 4626bb7a 9468e63c 38d4d0ec 94bbe880
1b939cd0 328cf774 4626bb7a a4a4cdd2 3e937f2d 1896072f 1b939cd0 328cf774 4626bb7a
f4db20aa 42c7871c f2d3e0a8 5798aa1d 2d00b25f 14c69b09 ef6dd888 786fd356 7954161b
5798aa1d 2d00b25f 14c69b09 f4db20aa 42c7871c f2d3e0a8 ef6dd888 786fd356 7954161b
f4db20aa 42c7871c f2d3e0a8 5798aa1d 2d00b25f 14c69b09 f4db20aa 42c7871c f2d3e0a8
1a76f989 5b66f5a0 248a7424 0b281f44 6e3868ff 4f703244 1c7d2f9e 695a182b 08e1562f
0b281f44 6e3868ff 4f703244 1a76f989 5b66f5a0 248a7424 1c7d2f9e 695a182b 08e1562f
1a76f989 5b66f5a0 248a7424 0b281f44 6e3868ff 4f703244 1a76f989 5b66f5a0 248a7424
a67624cc d690e3b9 de14cbf5 4c145be7 ac0b483c 28056f4b 14c5be90 a14a44f4 c8e9ee42
4c145be7 ac0b483c 28056f4b a67624cc d690e3b9 de14cbf5 14c5be90 a14a44f4 c8e9ee42
a67624cc d690e3b9 de14cbf5 4c145be7 ac0b483c 28056f4b a67624cc d690e3b9 de14cbf5
568c8deb 79e2e49e efdd6aca a32cf151 c2ef2232 55fa0b31 4b400e7d 9011ed07 2626b963
a32cf151 c2ef2232 55fa0b31 568c8deb 79e2e49e efdd6aca 4b400e7d 9011ed07 2626b963
568c8deb 79e2e49e efdd6aca a32cf151 c2ef2232 55fa0b31 568c8deb 79e2e49e efdd6aca
388981e7 b2457a9a e2bd66df d9eb18fb fb4f804a 8acd104f 8ddf1122 307f5dae 21b98f12
d9eb18fb fb4f804a 8acd104f 388981e7 b2457a9a e2bd66df 8ddf1122 307f5dae 21b98f12
388981e7 b2457a9a e2bd66df d9eb18fb fb4f804a 8acd104f 388981e7 b2457a9a e2bd66df
ae8ce456 3e2dd36c 20ef5df2 81eefa69 54182562 85ae8b62 1bbf2568 89bc563f f9e53107
81eefa69 54182562 85ae8b62 ae8ce456 3e2dd36c 20ef5df2 1bbf2568 89bc563f f9e53107
ae8ce456 3e2dd36c 20ef5df2 81eefa69 54182562 85ae8b62 ae8ce456 3e2dd36c 20ef5df2
cb80f07a 29a8f7e7 621e70bf a70c06fd 9e8977e4 74cec11b 2f2aaa9d 59768f91 32d9b673
a70c06fd 9e8977e4 74cec11b cb80f07a 29a8f7e7 621e70bf 2f2aaa9d 59768f91 32d9b673
cb80f07a 29a8f7e7 621e70bf a70c06fd 9e8977e4 74cec11b cb80f07a 29a8f7e7 621e70bf
3bc0c379 a6172041 32c7d220 ed759e53 31eeaf84 6183cbae 48da5532 6ae18804 552a22c0
ed759e53 31eeaf84 6183cbae 3bc0c379 a6172041 32c7d220 48da5532 6ae18804 552a22c0
3bc0c379 a6172041 32c7d220 ed759e53 31eeaf84 6183cbae 3bc0c379 a6172041 32c7d220
f4197a2c 69616e24 1af4ff1f 067655b2 a8e08fcf 4bbe9cbc 12fa935b 7e386a1f a6a12208
067655b2 a8e08fcf 4bbe9cbc f4197a2c 69616e24 1af4ff1f 12fa935b 7e386a1f a6a12208
f4197a2c 69616e24 1af4ff1f 067655b2 a8e08fcf 4bbe9cbc f4197a2c 69616e24 1af4ff1f
7deee431 c38c214b e9e46b3f 03358780 2e193d1c d142c984 83e158ae 6229e058 96dd86ac
03358780 2e193d1c d142c984 7deee431 c38c214b e9e46b3f 83e158ae 6229e058 96dd86ac
7deee431 c38c214b e9e46b3f 03358780 2e193d1c d142c984 7deee431 c38c214b e9e46b3f
e788ec4b 44fa8689 f2595030 c7f45c25 f8f32504 b9ea584b bf12de36 2beebd78 58025e60
c7f45c25 f8f32504 b9ea584b e788ec4b 44fa8689 f2595030 bf12de36 2beebd78 58025e60
e788ec4b 44fa8689 f2595030 c7f45c25 f8f32504 b9ea584b e788ec4b 44fa8689 f2595030
383aaa8f f83123d6 61cae87a f9fab11b 398c96d7 a5b20f99 1477e4ba 9595683f 51d3e6f7
f9fab11b 398c96d7 a5b20f99 383aaa8f f83123d6 61cae87a 1477e4ba 9595683f 51d3e6f7
383aaa8f f83123d6 61cae87a f9fab11b 398c96d7 a5b20f99 383aaa8f f83123d6 61cae87a
541eb370 566f8ef5 4b1a9264 8402eacd 6b62ad69 4f0c5915 6ca13d56 e5f50ad9 955bac45
8402eacd 6b62ad69 4f0c5915 541eb370 566f8ef5 4b1a9264 6ca13d56 e5f50ad9 955bac45
541eb370 566f8ef5 4b1a9264 8402eacd 6b62ad69 4f0c5915 541eb370 566f8ef5 4b1a9264
969f2f19 a29a21e0 18f91ed6 591c0e9a b097d3e7 de52eaa2 b7d6e618 dbc03bec 2abcae16
591c0e9a b097d3e7 de52eaa2 969f2f19 a29a21e0 18f91ed6 b7d6e618 dbc03bec 2abcae16
969f2f19 a29a21e0 18f91ed6 591c0e9a b097d3e7 de52eaa2 969f2f19 a29a21e0 18f91ed6
0fa5868a 4e669591 79a65d7c cf4aceb5 597befe0 f55152d7 74756c84 3dad0900 bb3d03b4
cf4aceb5 597befe0 f55152d7 0fa5868a 4e669591 79a65d7c 74756c84 3dad0900 bb3d03b4
0fa5868a 4e669591 79a65d7c cf4aceb5 597befe0 f55152d7 0fa5868a 4e669591 79a65d7c
7a13337f 083ea74d 42e790d9 6523ed9c 892ab646 a6be4cf4 a50e26be b05b0076 b0de1b27
6523ed9c 892ab646 a6be4cf4 7a13337f 083ea74d 42e790d9 a50e26be b05b0076 b0de1b27
7a13337f 083ea74d 42e790d9 6523ed9c 892ab646 a6be4cf4 7a13337f 083ea74d 42e790d9
63813ab3 0aca2307 354fd103 2fd45a99 60d6693a 301ce3f5 4d5356ab 237f4cad 348dc9da
2fd45a99 60d6693a 301ce3f5 63813ab3 0aca2307 354fd103 4d5356ab 237f4cad 348dc9da
63813ab3 0aca2307 354fd103 2fd45a99 60d6693a 301ce3f5 63813ab3 0aca2307 354fd103
42676983 96f552eb beef8d44 1d9f24ce 07ead574 1733605b cc6a6af0 b36cca93 be280ec8
1d9f24ce 07ead574 1733605b 42676983 96f552eb beef8d44 cc6a6af0 b36cca93 be280ec8
42676983 96f552eb beef8d44 1d9f24ce 07ead574 1733605b 42676983 96f552eb beef8d44
46251b0b 0fa82974 a4613019 a572addd 016b0633 4b1e4923 e8cfcbbc 60ddb964 a9513810
a572addd 016b0633 4b1e4923 46251b0b 0fa82974 a4613019 e8cfcbbc 60ddb964 a9513810
46251b0b 0fa82974 a4613019 a572addd 016b0633 4b1e4923 46251b0b 0fa82974 a4613019
bcb77f84 bf826c0c 47e4718e de92d365 56f7713a 04f3ef04 3058bb88 2b54abc2 f47a79e0
de92d365 56f7713a 04f3ef04 bcb77f84 bf826c0c 47e4718e 3058bb88 2b54abc2 f47a79e0
bcb77f84 bf826c0c 47e4718e de92d365 56f7713a 04f3ef04 bcb77f84 bf826c0c 47e4718e
7498e08f 55312d65 387d88ba 30e90728 5b5be819 5b0a7d7d bd8b56e8 e2350c94 15d2d76d
30e90728 5b5be819 5b0a7d7d 7498e08f 55312d65 387d88ba bd8b56e8 e2350c94 15d2d76d
7498e08f 55312d65 387d88ba 30e90728 5b5be819 5b0a7d7d 7498e08f 55312d65 387d88ba
62ceccb0 79b3c664 5cf83b71 28ace201 dc01a6b0 12eb2d5c bdc64b9d 96ea3e9b d9bab1ca
28ace201 dc01a6b0 12eb2d5c 62ceccb0 79b3c664 5cf83b71 bdc64b9d 96ea3e9b d9bab1ca
62ceccb0 79b3c664 5cf83b71 28ace201 dc01a6b0 12eb2d5c 62ceccb0 79b3c664 5cf83b71
e517fab5 5d9e26e5 8ff647c6 84c6e997 eeef8f12 2d6d838f 677de0dc ef2b3ead bf3b498f
84c6e997 eeef8f12 2d6d838f e517fab5 5d9e26e5 8ff647c6 677de0dc ef2b3ead bf3b498f
e517fab5 5d9e26e5 8ff647c6 84c6e997 eeef8f12 2d6d838f e517fab5 5d9e26e5 8ff647c6
c403e633 553cb843 02eaae0a fe00fb21 adb79580 64886a41 36af1a8e 38841223 1d413184
fe00fb21 adb79580 64886a41 c403e633 553cb843 02eaae0a 36af1a8e 38841223 1d413184
c403e633 553cb843 02eaae0a fe00fb21 adb79580 64886a41 c403e633 553cb843 02eaae0a
3b6f7af6 356b68ea 8a989090 2604a663 7c25adab 55673144 2dc12d80 a668969c 7371572f
2604a663 7c25adab 55673144 3b6f7af6 356b68ea 8a989090 2dc12d80 a668969c 7371572f
3b6f7af6 356b68ea 8a989090 2604a663 7c25adab 55673144 3b6f7af6 356b68ea 8a989090
cff76428 7d4b3784 54be3deb 7d9e7708 f7605057 2e1344c8 74636be3 07eff3ba e52f782d
7d9e7708 f7605057 2e1344c8 cff76428 7d4b3784 54be3deb 74636be3 07eff3ba e52f782d
cff76428 7d4b3784 54be3deb 7d9e7708 f7605057 2e1344c8 cff76428 7d4b3784 54be3deb
6eb4566e 44648dc8 1823f603 075cda5d 9d75e5e3 3ff15d03 fadd8aa5 5fbc2888 6d81e2d1
075cda5d 9d75e5e3 3ff15d03 6eb4566e 44648dc8 1823f603 fadd8aa5 5fbc2888 6d81e2d1
6eb4566e 44648dc8 1823f603 075cda5d 9d75e5e3 3ff15d03 6eb4566e 44648dc8 1823f603
dcde79f7 848d9d02 8c31e5b6 befffff1 d97e5d4d c96878e4 ddfc6494 33125af3 a639b700
befffff1 d97e5d4d c96878e4 dcde79f7 848d9d02 8c31e5b6 ddfc6494 33125af3 a639b700
dcde79f7 848d9d02 8c31e5b6 befffff1 d97e5d4d c96878e4 dcde79f7 848d9d02 8c31e5b6
36852609 9e12e698 d6d3bcde 88867ba9 0de834c3 745e6441 98499997 994ecac9 438173ae
88867ba9 0de834c3 745e6441 36852609 9e12e698 d6d3bcde 98499997 994ecac9 438173ae
36852609 9e12e698 d6d3bcde 88867ba9 0de834c3 745e6441 36852609 9e12e698 d6d3bcde
84bdbe5b e7c29b7e f66b13cb ab0b3eac 3df037e4 f63fc091 d7896f4c 528faf73 d1627f84
ab0b3eac 3df037e4 f63fc091 84bdbe5b e7c29b7e f66b13cb d7896f4c 528faf73 d1627f84
84bdbe5b e7c29b7e f66b13cb ab0b3eac 3df037e4 f63fc091 84bdbe5b e7c29b7e f66b13cb
e7bdd0e5 6b6489c7 ec4a7a36 6760aa8b 27e112ac 4e092baf c26a7a1d 17eb9c25 beb87bbb
6760aa8b 27e112ac 4e092baf e7bdd0e5 6b6489c7 ec4a7a36 c26a7a1d 17eb9c25 beb87bbb
e7bdd0e5 6b6489c7 ec4a7a36 6760aa8b 27e112ac 4e092baf e7bdd0e5 6b6489c7 ec4a7a36
c14ed3d8 f02a9775 57f25030 d7c151c2 fe1a820c cfbc6863 c0b801f9 0e05cd47 a9ced7c7
d7c151c2 fe1a820c cfbc6863 c14ed3d8 f02a9775 57f25030 c0b801f9 0e05cd47 a9ced7c7
c14ed3d8 f02a9775 57f25030 d7c151c2 fe1a820c cfbc6863 c14ed3d8 f02a9775 57f25030
26292b59 03530a93 f79e5b2d ac1ffa28 2b5c28a0 f8965d64 53caf3d9 ecff78c3 42b4a560
ac1ffa28 2b5c28a0 f8965d64 26292b59 03530a93 f79e5b2d 53caf3d9 ecff78c3 42b4a560
26292b59 03530a93 f79e5b2d ac1ffa28 2b5c28a0 f8965d64 26292b59 03530a93 f79e5b2d
e7f77569 e2fc8caf ad78f4b2 c31a4fbb 1687057a dc15f7f1 f65c0131 b9133f3f fd233b39
c31a4fbb 1687057a dc15f7f1 e7f77569 e2fc8caf ad78f4b2 f65c0131 b9133f3f fd233b39
e7f77569 e2fc8caf ad78f4b2 c31a4fbb 1687057a dc15f7f1 e7f77569 e2fc8caf ad78f4b2
0cf8dba2 3425517c b77a2f85 9e67a178 8457b043 66a94272 43d3a545 ed8baa66 0c4b0c5a
9e67a178 8457b043 66a94272 0cf8dba2 3425517c b77a2f85 43d3a545 ed8baa66 0c4b0c5a
0cf8dba2 3425517c b77a2f85 9e67a178 8457b043 66a94272 0cf8dba2 3425517c b77a2f85
1c4d0caa dc9b46fd c2be2d55 782e9fd4 6bd98840 65561e1e 5dd34523 b6037314 6760a140
782e9fd4 6bd98840 65561e1e 1c4d0caa dc9b46fd c2be2d55 5dd34523 b6037314 6760a140
1c4d0caa dc9b46fd c2be2d55 782e9fd4 6bd98840 65561e1e 1c4d0caa dc9b46fd c2be2d55
85852978 4fc90acd dc1536d9 e6fdbf5b 960d19f4 7916a443 e5223d54 4c740f86 8046d09b
e6fdbf5b 960d19f4 7916a443 85852978 4fc90acd dc1536d9 e5223d54 4c740f86 8046d09b
85852978 4fc90acd dc1536d9 e6fdbf5b 960d19f4 7916a443 85852978 4fc90acd dc1536d9
50429872 1b6f7f0f fef4a6f4 fd32c96d d5698db1 85b8dd80 4d36f2e3 730bb6e1 5ff411da
fd32c96d d5698db1 85b8dd80 50429872 1b6f7f0f fef4a6f4 4d36f2e3 730bb6e1 5ff411da
50429872 1b6f7f0f fef4a6f4 fd32c96d d5698db1 85b8dd80 50429872 1b6f7f0f fef4a6f4
2aac4ba7 48612997 3c94925b 33555f57 114cc9dd 686685f5 99e1697d 2cbd4691 de550b2a
33555f57 114cc9dd 686685f5 2aac4ba7 48612997 3c94925b 99e1697d 2cbd4691 de550b2a
2aac4ba7 48612997 3c94925b 33555f57 114cc9dd 686685f5 2aac4ba7 48612997 3c94925b
1a6082c5 f8fa9ec0 2751640e 8b032654 345708ad cba24819 bc04300c 20256214 6a286a65
8b032654 345708ad cba24819 1a6082c5 f8fa9ec0 2751640e bc04300c 20256214 6a286a65
1a6082c5 f8fa9ec0 2751640e 8b032654 345708ad cba24819 1a6082c5 f8fa9ec0 2751640e
a3921019 9a52455d 2729d8d0 d0258bc8 7a6786eb a1de93cf 9bae1d77 659a1a29 c313ca02
d0258bc8 7a6786eb a1de93cf a3921019 9a52455d 2729d8d0 9bae1d77 659a1a29 c313ca02
a3921019 9a52455d 2729d8d0 d0258bc8 7a6786eb a1de93cf a3921019 9a52455d 2729d8d0
2f4c4811 d04afe7d 94255f0d 6a15f8ec 8e6599c5 0c149a44 c84f9c80 b0f2dc45 2ff11374
6a15f8ec 8e6599c5 0c149a44 2f4c4811 d04afe7d 94255f0d c84f9c80 b0f2dc45 2ff11374
2f4c4811 d04afe7d 94255f0d 6a15f8ec 8e6599c5 0c149a44 2f4c4811 d04afe7d 94255f0d
2af17f22 18feed55 031006f0 77dbcb3f 79d9654e c14f7cda a3b342d3 025830e9 6e1416f9
77dbcb3f 79d9654e c14f7cda 2af17f22 18feed55 031006f0 a3b342d3 025830e9 6e1416f9
2af17f22 18feed55 031006f0 77dbcb3f 79d9654e c14f7cda 2af17f22 18feed55 031006f0
4b583541 acd31638 6a3c8e7f 4fb719d2 d2715007 6f6c3dfa d7e96b38 888b3fb5 e8e17078
4fb719d2 d2715007 6f6c3dfa 4b583541 acd31638 6a3c8e7f d7e96b38 888b3fb5 e8e17078
4b583541 acd31638 6a3c8e7f 4fb719d2 d2715007 6f6c3dfa 4b583541 acd31638 6a3c8e7f
056d8949 4f335b46 6ccfb2bd c68b9d99 0813a8bc 94a52fb7 9f568d3d 9af6a962 31b7aea2
c68b9d99 0813a8bc 94a52fb7 056d8949 4f335b46 6ccfb2bd 9f568d3d 9af6a962 31b7aea2
056d8949 4f335b46 6ccfb2bd c68b9d99 0813a8bc 94a52fb7 056d8949 4f335b46 6ccfb2bd
8c3c6860 8007b01a 273c55fd 2f6a5442 c2063b1f 7ac138fb 851824d2 70e567b8 a18bd4cb
2f6a5442 c2063b1f 7ac138fb 8c3c6860 8007b01a 273c55fd 851824d2 70e567b8 a18bd4cb
8c3c6860 8007b01a 273c55fd 2f6a5442 c2063b1f 7ac138fb 8c3c6860 8007b01a 273c55fd
bd35d901 3962fff7 111d019c 26b198d5 45cd78eb 9d152650 11363dbe c587589b 84d39fc4
26b198d5 45cd78eb 9d152650 bd35d901 3962fff7 111d019c 11363dbe c587589b 84d39fc4
bd35d901 3962fff7 111d019c 26b198d5 45cd78eb 9d152650 bd35d901 3962fff7 111d019c
f73fc39c 5686e5dd 65eaa48f ddce9570 e5f46b1a 325f4d4c e017a9aa ccaa0cb1 21a3012a
ddce9570 e5f46b1a 325f4d4c f73fc39c 5686e5dd 65eaa48f e017a9aa ccaa0cb1 21a3012a
f73fc39c 5686e5dd 65eaa48f ddce9570 e5f46b1a 325f4d4c f73fc39c 5686e5dd 65eaa48f
04411079 3bbf6865 bbe3ca43 a7edea5f 763b73c7 3347cc14 b3304e56 8b7bae97 b9afd603
a7edea5f 763b73c7 3347cc14 04411079 3bbf6865 bbe3ca43 b3304e56 8b7bae97 b9afd603
04411079 3bbf6865 bbe3ca43 a7edea5f 763b73c7 3347cc14 04411079 3bbf6865 bbe3ca43
e6ac98df 6c28f282 8e91f544 7995e0ed e681b59c 6e43157d 45a80316 d2309644 696ac133
7995e0ed e681b59c 6e43157d e6ac98df 6c28f282 8e91f544 45a80316 d2309644 696ac133
e6ac98df 6c28f282 8e91f544 7995e0ed e681b59c 6e43157d e6ac98df 6c28f282 8e91f544
4d0bcc01 08302f8a aaccb8f5 98b20ec1 be03f98d 1f3ebdc6 a48a259f 05335076 d3f7bbbc
98b20ec1 be03f98d 1f3ebdc6 4d0bcc01 08302f8a aaccb8f5 a48a259f 05335076 d3f7bbbc
4d0bcc01 08302f8a aaccb8f5 98b20ec1 be03f98d 1f3ebdc6 4d0bcc01 08302f8a aaccb8f5
d1215493 1f3d35a3 7a2a2c2a 1d23d5fb 4674021e 9d37d9b9 61040b77 6c6bd534 facfb20e
1d23d5fb 4674021e 9d37d9b9 d1215493 1f3d35a3 7a2a2c2a 61040b77 6c6bd534 facfb20e
d1215493 1f3d35a3 7a2a2c2a 1d23d5fb 4674021e 9d37d9b9 d1215493 1f3d35a3 7a2a2c2a
a0dd91cf 4b8dbe0a 6dcec03d a77bd751 329ade7b 882db07a 359e4af6 333a38d2 3db567e7
a77bd751 329ade7b 882db07a a0dd91cf 4b8dbe0a 6dcec03d 359e4af6 333a38d2 3db567e7
a0dd91cf 4b8dbe0a 6dcec03d a77bd751 329ade7b 882db07a a0dd91cf 4b8dbe0a 6dcec03d
896292dc ca0d8304 479ea652 e08bbb6d 9e921be2 054babde 9383c66a 626a4884 448af377
e08bbb6d 9e921be2 054babde 896292dc ca0d8304 479ea652 9383c66a 626a4884 448af377
896292dc ca0d8304 479ea652 e08bbb6d 9e921be2 054babde 896292dc ca0d8304 479ea652
463f687f 66b9ff88 0892ad12 7b5e1c82 d255a00f 99b6d1ec efefd62f 405ad7fd 5f88c423
7b5e1c82 d255a00f 99b6d1ec 463f687f 66b9ff88 0892ad12 efefd62f 405ad7fd 5f88c423
463f687f 66b9ff88 0892ad12 7b5e1c82 d255a00f 99b6d1ec 463f687f 66b9ff88 0892ad12
db386e4d 5356a8c7 5dd65588 4a6d49d2 d66ee9c3 cfa4862e fae504d3 4d64dfa0 4b6a3f4b
4a6d49d2 d66ee9c3 cfa4862e db386e4d 5356a8c7 5dd65588 fae504d3 4d64dfa0 4b6a3f4b
db386e4d 5356a8c7 5dd65588 4a6d49d2 d66ee9c3 cfa4862e db386e4d 5356a8c7 5dd65588
40c7e27d 7bce940f c06f34a8 e5a0ce22 3dc84d36 fc18446a 729cbf45 12c2896d 6e9cc718
e5a0ce22 3dc84d36 fc18446a 40c7e27d 7bce940f c06f34a8 729cbf45 12c2896d 6e9cc718
40c7e27d 7bce940f c06f34a8 e5a0ce22 3dc84d36 fc18446a 40c7e27d 7bce940f c06f34a8
4c62cfd0 44b235d3 de4f2018 9069ecd3 8ffb3c37 e53f1eda 1df690d7 cf2ea77c 02297976
9069ecd3 8ffb3c37 e53f1eda 4c62cfd0 44b235d3 de4f2018 1df690d7 cf2ea77c 02297976
4c62cfd0 44b235d3 de4f2018 9069ecd3 8ffb3c37 e53f1eda 4c62cfd0 44b235d3 de4f2018
9e4df4ec 46708c5b 44e8fa4c 4d2e62a4 50f7a139 abbadcc7 7b502d35 c5429759 357d69bf
4d2e62a4 50f7a139 abbadcc7 9e4df4ec 46708c5b 44e8fa4c 7b502d35 c5429759 357d69bf
9e4df4ec 46708c5b 44e8fa4c 4d2e62a4 50f7a139 abbadcc7 9e4df4ec 46708c5b 44e8fa4c
fe14ff50 aa49634d 8a500f89 af0af805 f8568d11 8465bde6 a2714ca4 a809800a f1cc1205
af0af805 f8568d11 8465bde6 fe14ff50 aa49634d 8a500f89 a2714ca4 a809800a f1cc1205
fe14ff50 aa49634d 8a500f89 af0af805 f8568d11 8465bde6 fe14ff50 aa49634d 8a500f89
5969dd60 7717ae83 098aaf9b f2306822 114d3d8b 369b8ac5 d92704b7 37cb3e45 50a6b02c
f2306822 114d3d8b 369b8ac5 5969dd60 7717ae83 098aaf9b d92704b7 37cb3e45 50a6b02c
5969dd60 7717ae83 098aaf9b f2306822 114d3d8b 369b8ac5 5969dd60 7717ae83 098aaf9b
befe861f 7c306e3e e939d3a3 5b4b41c9 bf6e677b 34742128 2171e567 dc2b5b4a dcbcca0a
5b4b41c9 bf6e677b 34742128 befe861f 7c306e3e e939d3a3 2171e567 dc2b5b4a dcbcca0a
befe861f 7c306e3e e939d3a3 5b4b41c9 bf6e677b 34742128 befe861f 7c306e3e e939d3a3
cec43ce6 c8623d88 0b295ec8 ce167a8c 30007833 e03a7d10 e1641c8b bdb3515a e1f03b21
ce167a8c 30007833 e03a7d10 cec43ce6 c8623d88 0b295ec8 e1641c8b bdb3515a e1f03b21
cec43ce6 c8623d88 0b295ec8 ce167a8c 30007833 e03a7d10 cec43ce6 c8623d88 0b295ec8
d5b1dc4d 5e2bd70b d54665ed 757d573e e3a49dde 4a3ec11b 4f6dfe35 4928e486 24425a3f
757d573e e3a49dde 4a3ec11b d5b1dc4d 5e2bd70b d54665ed 4f6dfe35 4928e486 24425a3f
d5b1dc4d 5e2bd70b d54665ed 757d573e e3a49dde 4a3ec11b d5b1dc4d 5e2bd70b d54665ed
56f2846d 3dbc253e e5f0d36b 495dc2e4 45a51ac9 fee9ddf7 be42ebde 45b812d1 ecaa27de
495dc2e4 45a51ac9 fee9ddf7 56f2846d 3dbc253e e5f0d36b be42ebde 45b812d1 ecaa27de
56f2846d 3dbc253e e5f0d36b 495dc2e4 45a51ac9 fee9ddf7 56f2846d 3dbc253e e5f0d36b
ff417374 2e97f4af 0fb57cb4 33520c3a 9e387af5 5ca0d004 636b5b6a ee453573 ce18f013
33520c3a 9e387af5 5ca0d004 ff417374 2e97f4af 0fb57cb4 636b5b6a ee453573 ce18f013
ff417374 2e97f4af 0fb57cb4 33520c3a 9e387af5 5ca0d004 ff417374 2e97f4af 0fb57cb4
5734895a 3138b0ba b08e09e4 c5ea76bf 4fbbc7a1 5f17b9b8 34463f56 102c1c4f bc9326a4
c5ea76bf 4fbbc7a1 5f17b9b8 5734895a 3138b0ba b08e09e4 34463f56 102c1c4f bc9326a4
5734895a 3138b0ba b08e09e4 c5ea76bf 4fbbc7a1 5f17b9b8 5734895a 3138b0ba b08e09e4
90a98163 f3b8dc64 950710bf 8a50ba9f 3930d280 dfa30360 c784aaab cfd01aac 32a92986
8a50ba9f 3930d280 dfa30360 90a98163 f3b8dc64 950710bf c784aaab cfd01aac 32a92986
90a98163 f3b8dc64 950710bf 8a50ba9f 3930d280 dfa30360 90a98163 f3b8dc64 950710bf
ef92cbfa 82129be3 3ed55c04 7ac53245 e73473f7 2af50ea3 3bb6d596 1295214b 221d9a47
7ac53245 e73473f7 2af50ea3 ef92cbfa 82129be3 3ed55c04 3bb6d596 1295214b 221d9a47
ef92cbfa 82129be3 3ed55c04 7ac53245 e73473f7 2af50ea3 ef92cbfa 82129be3 3ed55c04
ceac476c be18f04b 36edae3f 8dda5c8c 78748b69 15d6ecd1 427f9f68 b25dc4d0 7b1784bd
8dda5c8c 78748b69 15d6ecd1 ceac476c be18f04b 36edae3f 427f9f68 b25dc4d0 7b1784bd
ceac476c be18f04b 36edae3f 8dda5c8c 78748b69 15d6ecd1 ceac476c be18f04b 36edae3f
103b9c4b c52377db 91061e10 92db17c3 56e5da90 0e827cf2 7ed5adfe ea280360 34d0f97e
92db17c3 56e5da90 0e827cf2 103b9c4b c52377db 91061e10 7ed5adfe ea280360 34d0f97e
103b9c4b c52377db 91061e10 92db17c3 56e5da90 0e827cf2 103b9c4b c52377db 91061e10
f6b166a4 fdc7523a bec1696e 7d7d0675 4b617fbe e197b3d8 bf75bb58 62efebd2 2dc590b7
7d7d0675 4b617fbe e197b3d8 f6b166a4 fdc7523a bec1696e bf75bb58 62efebd2 2dc590b7
f6b166a4 fdc7523a bec1696e 7d7d0675 4b617fbe e197b3d8 f6b166a4 fdc7523a bec1696e
d8200195 209267cd 056d34f9 d73a8076 428eeeed a94d939a 93dc623a 997d33b1 31fe8658
d73a8076 428eeeed a94d939a d8200195 209267cd 056d34f9 93dc623a 997d33b1 31fe8658
d8200195 209267cd 056d34f9 d73a8076 428eeeed a94d939a d8200195 209267cd 056d34f9
f87374b5 1f239d64 e8603ae3 9cbc5494 11c41cd9 7368d6ed 66357522 a02c7b40 f4822fd7
9cbc5494 11c41cd9 7368d6ed f87374b5 1f239d64 e8603ae3 66357522 a02c7b40 f4822fd7
f87374b5 1f239d64 e8603ae3 9cbc5494 11c41cd9 7368d6ed f87374b5 1f239d64 e8603ae3
fa612903 8d76a0d3 fa78f8fb 0c90bc4d d198cbdc 2be4f381 9c7df9f1 966219cc 978d5d14
0c90bc4d d198cbdc 2be4f381 fa612903 8d76a0d3 fa78f8fb 9c7df9f1 966219cc 978d5d14
fa612903 8d76a0d3 fa78f8fb 0c90bc4d d198cbdc 2be4f381 fa612903 8d76a0d3 fa78f8fb
717957b3 cb5b075a dc3ef7dc ac9a3636 cbafa3a5 c3d680ec 16c14f9b 1d35e35f 1d549a4d
ac9a3636 cbafa3a5 c3d680ec 717957b3 cb5b075a dc3ef7dc 16c14f9b 1d35e35f 1d549a4d
717957b3 cb5b075a dc3ef7dc ac9a3636 cbafa3a5 c3d680ec 717957b3 cb5b075a dc3ef7dc
be058644 7e918a9d d2c0edd4 8e665777 dd8e3ca6 e7eb6757 a55c6068 5361e3b0 c1915046
8e665777 dd8e3ca6 e7eb6757 be058644 7e918a9d d2c0edd4 a55c6068 5361e3b0 c1915046
be058644 7e918a9d d2c0edd4 8e665777 dd8e3ca6 e7eb6757 be058644 7e918a9d d2c0edd4
75937acc 6de7d0f6 40227df9 6a34c214 69d13e89 9bbb87da 114651db 64b62034 d350ed18
6a34c214 69d13e89 9bbb87da 75937acc 6de7d0f6 40227df9 114651db 64b62034 d350ed18
75937acc 6de7d0f6 40227df9 6a34c214 69d13e89 9bbb87da 75937acc 6de7d0f6 40227df9
e2b87d01 a40b2c1b af313621 14aad530 526cfd50 f92bdcaf 45e4125e 65d13317 d178d10d
14aad530 526cfd50 f92bdcaf e2b87d01 a40b2c1b af313621 45e4125e 65d13317 d178d10d
e2b87d01 a40b2c1b af313621 14aad530 526cfd50 f92bdcaf e2b87d01 a40b2c1b af313621
1456c5d4 3a18a424 3c69a3a6 a2d91025 b1a1efa1 c22cb349 5a6c302a ed4718cd 4d5e3dc5
a2d91025 b1a1efa1 c22cb349 1456c5d4 3a18a424 3c69a3a6 5a6c302a ed4718cd 4d5e3dc5
1456c5d4 3a18a424 3c69a3a6 a2d91025 b1a1efa1 c22cb349 1456c5d4 3a18a424 3c69a3a6
191d8786 5b5eb439 149c1478 2607a0c7 86b41bbe 5412c766 04d1d8a9 b5ee3075 05cae143
2607a0c7 86b41bbe 5412c766 191d8786 5b5eb439 149c1478 04d1d8a9 b5ee3075 05cae143
191d8786 5b5eb439 149c1478 2607a0c7 86b41bbe 5412c766 191d8786 5b5eb439 149c1478
1c079122 d01b527d b4041a65 146ae046 17234449 1862868d 93f94f79 41813d3d 8d015e4f
146ae046 17234449 1862868d 1c079122 d01b527d b4041a65 93f94f79 41813d3d 8d015e4f
1c079122 d01b527d b4041a65 146ae046 17234449 1862868d 1c079122 d01b527d b4041a65
2f58a269 94d25123 40abb4bf 22967e13 9d5f23f9 f57aadf6 e9e93ef4 f98e957f a06a8b24
22967e13 9d5f23f9 f57aadf6 2f58a269 94d25123 40abb4bf e9e93ef4 f98e957f a06a8b24
2f58a269 94d25123 40abb4bf 22967e13 9d5f23f9 f57aadf6 2f58a269 94d25123 40abb4bf
8074eab6 941c33c3 d74970e0 b7b121a8 ba3117c0 e3cb0d0b 932566cc 1323db24 1741588d
b7b121a8 ba3117c0 e3cb0d0b 8074eab6 941c33c3 d74970e0 932566cc 1323db24 1741588d
8074eab6 941c33c3 d74970e0 b7b121a8 ba3117c0 e3cb0d0b 8074eab6 941c33c3 d74970e0
46056a15 ddebf58e 6e055f27 86db1688 2a3e924e a5520974 d3da27fe afd6c1fd 357d2d96
86db1688 2a3e924e a5520974 46056a15 ddebf58e 6e055f27 d3da27fe afd6c1fd 357d2d96
46056a15 ddebf58e 6e055f27 86db1688 2a3e924e a5520974 46056a15 ddebf58e 6e055f27
bcc771e7 483e51e6 230e41ad 88ee2b3d e89237cd ab051860 5758b8c3 fdd3667a a399e56d
88ee2b3d e89237cd ab051860 bcc771e7 483e51e6 230e41ad 5758b8c3 fdd3667a a399e56d
bcc771e7 483e51e6 230e41ad 88ee2b3d e89237cd ab051860 bcc771e7 483e51e6 230e41ad
5c434b18 aa4eb851 5f157f01 5f5627ac 4d770f81 9a02992b 5234b984 c0606b4e 2177243c
5f5627ac 4d770f81 9a02992b 5c434b18 aa4eb851 5f157f01 5234b984 c0606b4e 2177243c
5c434b18 aa4eb851 5f157f01 5f5627ac 4d770f81 9a02992b 5c434b18 aa4eb851 5f157f01
6bd44211 d5670ac1 13df32ee e38ff3a8 d73bc7b3 bb2c0e0a 52133dd4 a47ea9a4 cd8d003e
e38ff3a8 d73bc7b3 bb2c0e0a 6bd44211 d5670ac1 13df32ee 52133dd4 a47ea9a4 cd8d003e
6bd44211 d5670ac1 13df32ee e38ff3a8 d73bc7b3 bb2c0e0a 6bd44211 d5670ac1 13df32ee
7b1bbd8f db46524f 3c9cc25d 7a972c39 fd6013f3 ed636573 3d47e28a 61bac0cb e8f8d30d
7a972c39 fd6013f3 ed636573 7b1bbd8f db46524f 3c9cc25d 3d47e28a 61bac0cb e8f8d30d
7b1bbd8f db46524f 3c9cc25d 7a972c39 fd6013f3 ed636573 7b1bbd8f db46524f 3c9cc25d
0a8bb250 30702999 9e1c128d c8ca192c 3023321c 7c40b9e6 08c63c39 39d3a13f cafd7c4c
c8ca192c 3023321c 7c40b9e6 0a8bb250 30702999 9e1c128d 08c63c39 39d3a13f cafd7c4c
0a8bb250 30702999 9e1c128d c8ca192c 3023321c 7c40b9e6 0a8bb250 30702999 9e1c128d
1c2d513e afbd5e06 ac2726ad bc06f984 95d1540b 8829474b 90e2e862 a513da6d c89ec35e
bc06f984 95d1540b 8829474b 1c2d513e afbd5e06 ac2726ad 90e2e862 a513da6d c89ec35e
1c2d513e afbd5e06 ac2726ad bc06f984 95d1540b 8829474b 1c2d513e afbd5e06 ac2726ad
af80a0c4 7a9c2f38 be078da8 1ab9bbf3 82826038 2f8dfb8f 3e5ce8e2 959d391a 63ae5686
1ab9bbf3 82826038 2f8dfb8f af80a0c4 7a9c2f38 be078da8 3e5ce8e2 959d391a 63ae5686
af80a0c4 7a9c2f38 be078da8 1ab9bbf3 82826038 2f8dfb8f af80a0c4 7a9c2f38 be078da8
52e94f2a 6f8b7c64 83c46e6a a81f75e9 f39fb793 c7a3791c 19fa056d a7136946 814da761
a81f75e9 f39fb793 c7a3791c 52e94f2a 6f8b7c64 83c46e6a 19fa056d a7136946 814da761
52e94f2a 6f8b7c64 83c46e6a a81f75e9 f39fb793 c7a3791c 52e94f2a 6f8b7c64 83c46e6a
6197ae1f 8f830d26 cb33dd30 5b8d6a23 a31020a8 171af8b2 fc21946e d1e9f102 965bf941
5b8d6a23 a31020a8 171af8b2 6197ae1f 8f830d26 cb33dd30 fc21946e d1e9f102 965bf941
6197ae1f 8f830d26 cb33dd30 5b8d6a23 a31020a8 171af8b2 6197ae1f 8f830d26 cb33dd30
c6cc8890 4f6113bd 86fcdb10 19e1a80b 4e111b79 ad719dc7 8284bbf1 4428579d f9132f30
19e1a80b 4e111b79 ad719dc7 c6cc8890 4f6113bd 86fcdb10 8284bbf1 4428579d f9132f30
c6cc8890 4f6113bd 86fcdb10 19e1a80b 4e111b79 ad719dc7 c6cc8890 4f6113bd 86fcdb10
dea00eb8 ba0fecee ec4d700c dd7dd502 4c2ceca1 acf785e2 96175117 f358e8ee 09695e61
dd7dd502 4c2ceca1 acf785e2 dea00eb8 ba0fecee ec4d700c 96175117 f358e8ee 09695e61
dea00eb8 ba0fecee ec4d700c dd7dd502 4c2ceca1 acf785e2 dea00eb8 ba0fecee ec4d700c
fa8208c3 7ec5b2e9 c40446de d3d05ec4 f91c5664 0725b139 0b862d20 0aa645be a1a035c6
d3d05ec4 f91c5664 0725b139 fa8208c3 7ec5b2e9 c40446de 0b862d20 0aa645be a1a035c6
fa8208c3 7ec5b2e9 c40446de d3d05ec4 f91c5664 0725b139 fa8208c3 7ec5b2e9 c40446de
c9bd547d 60940a36 3519fe9a e68440c7 827517f0 5a7e81fa cc621453 7c2ade43 8decd6b2
e68440c7 827517f0 5a7e81fa c9bd547d 60940a36 3519fe9a cc621453 7c2ade43 8decd6b2
c9bd547d 60940a36 3519fe9a e68440c7 827517f0 5a7e81fa c9bd547d 60940a36 3519fe9a
a110e590 46432bfe 4f17ff48 b62cbec7 34ed9385 ebbb4c00 1ac74851 7decda3c 0cadd5c7
b62cbec7 34ed9385 ebbb4c00 a110e590 46432bfe 4f17ff48 1ac74851 7decda3c 0cadd5c7
a110e590 46432bfe 4f17ff48 b62cbec7 34ed9385 ebbb4c00 a110e590 46432bfe 4f17ff48
82b15317 4121de95 21553700 3dbce463 66677e5a b88764cd 9922fbb3 7d4f5892 e5acdf3c
3dbce463 66677e5a b88764cd 82b15317 4121de95 21553700 9922fbb3 7d4f5892 e5acdf3c
82b15317 4121de95 21553700 3dbce463 66677e5a b88764cd 82b15317 4121de95 21553700
f365a062 6f937876 dd0b5128 0515aa46 6f453884 cd52eedc 51e7e94b dd88abaa 0fc22171
0515aa46 6f453884 cd52eedc f365a062 6f937876 dd0b5128 51e7e94b dd88abaa 0fc22171
f365a062 6f937876 dd0b5128 0515aa46 6f453884 cd52eedc f365a062 6f937876 dd0b5128
de2c2f3a 9ce0ef57 7d295cdf 4cb99e54 889d7a32 eedaa4da 23e64d01 ad86bea0 8032dcc2
4cb99e54 889d7a32 eedaa4da de2c2f3a 9ce0ef57 7d295cdf 23e64d01 ad86bea0 8032dcc2
de2c2f3a 9ce0ef57 7d295cdf 4cb99e54 889d7a32 eedaa4da de2c2f3a 9ce0ef57 7d295cdf
1e5a31b7 e156d4bc 51283b45 704130de 947166b2 1c8c739d e8246821 bdb46aa6 e2a5ee7c
704130de 947166b2 1c8c739d 1e5a31b7 e156d4bc 51283b45 e8246821 bdb46aa6 e2a5ee7c
1e5a31b7 e156d4bc 51283b45 704130de 947166b2 1c8c739d 1e5a31b7 e156d4bc 51283b45
a662196c 911537d1 91f3bc04 8b1e12e0 ccd19200 53809e45 5976eb9a fc7013d3 ddef1b97
8b1e12e0 ccd19200 53809e45 a662196c 911537d1 91f3bc04 5976eb9a fc7013d3 ddef1b97
a662196c 911537d1 91f3bc04 8b1e12e0 ccd19200 53809e45 a662196c 911537d1 91f3bc04
e2b9e071 38bbb7bd d360e890 bfd29f58 e4002629 40cabcc9 e87eb486 4c8a9dfc f43988d9
bfd29f58 e4002629 40cabcc9 e2b9e071 38bbb7bd d360e890 e87eb486 4c8a9dfc f43988d9
e2b9e071 38bbb7bd d360e890 bfd29f58 e4002629 40cabcc9 e2b9e071 38bbb7bd d360e890
31f68e34 aefbc093 ed5631e8 0a4bb14b e506ec2d a38dfbf3 2f054e0a 3601b300 59809ce0
0a4bb14b e506ec2d a38dfbf3 31f68e34 aefbc093 ed5631e8 2f054e0a 3601b300 59809ce0
31f68e34 aefbc093 ed5631e8 0a4bb14b e506ec2d a38dfbf3 31f68e34 aefbc093 ed5631e8
aecca465 2caaba57 7c9c3ece 53b4129b aea76722 a38ebeb5 fd2238c6 ea462618 a1035df8
53b4129b aea76722 a38ebeb5 aecca465 2caaba57 7c9c3ece fd2238c6 ea462618 a1035df8
aecca465 2caaba57 7c9c3ece 53b4129b aea76722 a38ebeb5 aecca465 2caaba57 7c9c3ece
1b68b4bb ea61574c a3ec8c43 fe60d889 261e8aa4 dcd8f8e7 1dc33ff3 766fc9cb fbd499a1
fe60d889 261e8aa4 dcd8f8e7 1b68b4bb ea61574c a3ec8c43 1dc33ff3 766fc9cb fbd499a1
1b68b4bb ea61574c a3ec8c43 fe60d889 261e8aa4 dcd8f8e7 1b68b4bb ea61574c a3ec8c43
4f451231 7ae22989 8d26c1d1 66c9d48f dad26d8b 1838d445 614ee608 2ab88384 398cf6fa
66c9d48f dad26d8b 1838d445 4f451231 7ae22989 8d26c1d1 614ee608 2ab88384 398cf6fa
4f451231 7ae22989 8d26c1d1 66c9d48f dad26d8b 1838d445 4f451231 7ae22989 8d26c1d1
e2edef22 fd6ca746 49d88669 c53de2e4 985ec618 06d184ba 3198d38d 0310bbad ef2c92bc
c53de2e4 985ec618 06d184ba e2edef22 fd6ca746 49d88669 3198d38d 0310bbad ef2c92bc
e2edef22 fd6ca746 49d88669 c53de2e4 985ec618 06d184ba e2edef22 fd6ca746 49d88669
9259130b 558b4ab6 75139c04 a4d61cd3 847bff7e 34d07be9 7c05cb19 11c68230 0a1ce239
a4d61cd3 847bff7e 34d07be9 9259130b 558b4ab6 75139c04 7c05cb19 11c68230 0a1ce239
9259130b 558b4ab6 75139c04 a4d61cd3 847bff7e 34d07be9 9259130b 558b4ab6 75139c04
ddc66563 f2ac8004 0bef9ba3 684b8c6f 8061a41b 8a7bb8ca 76ae3e55 f336e4d9 899dd180
684b8c6f 8061a41b 8a7bb8ca ddc66563 f2ac8004 0bef9ba3 76ae3e55 f336e4d9 899dd180
ddc66563 f2ac8004 0bef9ba3 684b8c6f 8061a41b 8a7bb8ca ddc66563 f2ac8004 0bef9ba3
bd49d487 33639b9f db04631c c921c253 5b3aae1b b2191205 2b7996ae b2a66c9b aefe9c27
c921c253 5b3aae1b b2191205 bd49d487 33639b9f db04631c 2b7996ae b2a66c9b aefe9c27
bd49d487 33639b9f db04631c c921c253 5b3aae1b b2191205 bd49d487 33639b9f db04631c
9830e54b 76fd83fc a40b1d24 e7baabbd 0bc69667 cbdf7ef3 715d312b 9ae7a26b 9698f511
e7baabbd 0bc69667 cbdf7ef3 9830e54b 76fd83fc a40b1d24 715d312b 9ae7a26b 9698f511
9830e54b 76fd83fc a40b1d24 e7baabbd 0bc69667 cbdf7ef3 9830e54b 76fd83fc a40b1d24
b3d46bd7 2bf4b1fd 48e0477d a4f2a1c7 f805b296 7a0045f6 a80e3756 71785933 5502bfed
a4f2a1c7 f805b296 7a0045f6 b3d46bd7 2bf4b1fd 48e0477d a80e3756 71785933 5502bfed
b3d46bd7 2bf4b1fd 48e0477d a4f2a1c7 f805b296 7a0045f6 b3d46bd7 2bf4b1fd 48e0477d
a8cfaa2b a94e3e0f 4d701b7d af0ecdc5 d533d143 4f04befd 2b82f08b 486a2ada 3168981d
af0ecdc5 d533d143 4f04befd a8cfaa2b a94e3e0f 4d701b7d 2b82f08b 486a2ada 3168981d
a8cfaa2b a94e3e0f 4d701b7d af0ecdc5 d533d143 4f04befd a8cfaa2b a94e3e0f 4d701b7d
3cf287a2 8b8b62bc 01bcb2b5 85f5bd44 c648f01d c9a94c42 79d8f86b aaadc622 0e060b60
85f5bd44 c648f01d c9a94c42 3cf287a2 8b8b62bc 01bcb2b5 79d8f86b aaadc622 0e060b60
3cf287a2 8b8b62bc 01bcb2b5 85f5bd44 c648f01d c9a94c42 3cf287a2 8b8b62bc 01bcb2b5
6c536b50 0d74ec09 2a53c36b d2b24f29 9bf46d0d a2334355 2c00396e b36861e2 9d53b4a2
d2b24f29 9bf46d0d a2334355 6c536b50 0d74ec09 2a53c36b 2c00396e b36861e2 9d53b4a2
6c536b50 0d74ec09 2a53c36b d2b24f29 9bf46d0d a2334355 6c536b50 0d74ec09 2a53c36b
d0408453 3843ff92 82c3d11b 6607fb77 08c91e60 15854c38 9ca94cf1 ca8668b8 af308058
6607fb77 08c91e60 15854c38 d0408453 3843ff92 82c3d11b 9ca94cf1 ca8668b8 af308058
d0408453 3843ff92 82c3d11b 6607fb77 08c91e60 15854c38 d0408453 3843ff92 82c3d11b
745c29de eb04e2db 74cbf892 5fc4c4c6 7464cbb3 183c5489 ed5ac2af 6fc4f9cb f48cac61
5fc4c4c6 7464cbb3 183c5489 745c29de eb04e2db 74cbf892 ed5ac2af 6fc4f9cb f48cac61
745c29de eb04e2db 74cbf892 5fc4c4c6 7464cbb3 183c5489 745c29de eb04e2db 74cbf892
039addef 724a3b66 9688f2f5 5161347f dfe38c49 1a3946c6 ecf784b1 78bfbfa2 8732668a
5161347f dfe38c49 1a3946c6 039addef 724a3b66 9688f2f5 ecf784b1 78bfbfa2 8732668a
039addef 724a3b66 9688f2f5 5161347f dfe38c49 1a3946c6 039addef 724a3b66 9688f2f5
e5963321 35a35eb7 52d41f44 24654318 82672f32 5535bab3 183ebd0b 048e3f76 f9e7bad4
24654318 82672f32 5535bab3 e5963321 35a35eb7 52d41f44 183ebd0b 048e3f76 f9e7bad4
e5963321 35a35eb7 52d41f44 24654318 82672f32 5535bab3 e5963321 35a35eb7 52d41f44
93f75475 c1bf4752 870c08f5 102d5c62 7ceb2cdb 52017b23 0415b76d 66c116ea b6212f0e
102d5c62 7ceb2cdb 52017b23 93f75475 c1bf4752 870c08f5 0415b76d 66c116ea b6212f0e
93f75475 c1bf4752 870c08f5 102d5c62 7ceb2cdb 52017b23 93f75475 c1bf4752 870c08f5
a6712798 26690bda 916f8c97 890aea5f 4cd98ba4 9d135004 2f95376a bde8a31f 4e788952
890aea5f 4cd98ba4 9d135004 a6712798 26690bda 916f8c97 2f95376a bde8a31f 4e788952
a6712798 26690bda 916f8c97 890aea5f 4cd98ba4 9d135004 a6712798 26690bda 916f8c97
7382da90 81d4650c ad2fcb64 ce5fd1e1 43232018 51319b3f e10242ee a94b6132 6e29dce1
ce5fd1e1 43232018 51319b3f 7382da90 81d4650c ad2fcb64 e10242ee a94b6132 6e29dce1
7382da90 81d4650c ad2fcb64 ce5fd1e1 43232018 51319b3f 7382da90 81d4650c ad2fcb64
ae3b6339 f769bedb 33951619 5dc4c81c aabce489 19614dbc 5fac000e fc7e1221 ef7c3d22
5dc4c81c aabce489 19614dbc ae3b6339 f769bedb 33951619 5fac000e fc7e1221 ef7c3d22
ae3b6339 f769bedb 33951619 5dc4c81c aabce489 19614dbc ae3b6339 f769bedb 33951619
cec60ffa 967eb9ae c3836b10 a6be52ef a48fbf5e 11b4060e c8bd6610 e371506d 92290d88
a6be52ef a48fbf5e 11b4060e cec60ffa 967eb9ae c3836b10 c8bd6610 e371506d 92290d88
cec60ffa 967eb9ae c3836b10 a6be52ef a48fbf5e 11b4060e cec60ffa 967eb9ae c3836b10
2055ccc7 fba157ef 3c6d6edf 4f71d9f5 1756bde2 af681b30 d31aca08 dc3b100c d4ef81df
4f71d9f5 1756bde2 af681b30 2055ccc7 fba157ef 3c6d6edf d31aca08 dc3b100c d4ef81df
2055ccc7 fba157ef 3c6d6edf 4f71d9f5 1756bde2 af681b30 2055ccc7 fba157ef 3c6d6edf
e70d4991 1d3e0f98 2c08d55d d88e7de4 6da5401b 6860bb61 39218e56 17bc5135 6412bde8
d88e7de4 6da5401b 6860bb61 e70d4991 1d3e0f98 2c08d55d 39218e56 17bc5135 6412bde8
e70d4991 1d3e0f98 2c08d55d d88e7de4 6da5401b 6860bb61 e70d4991 1d3e0f98 2c08d55d
553be657 a0572654 adb4af5b de4285e0 7f23ded2 e997241e 5bbf1c1f 250c6e43 4ccee9f4
de4285e0 7f23ded2 e997241e 553be657 a0572654 adb4af5b 5bbf1c1f 250c6e43 4ccee9f4
553be657 a0572654 adb4af5b de4285e0 7f23ded2 e997241e 553be657 a0572654 adb4af5b
da29fba2 5f7125e8 55e4f1d7 4c02efcd 6216be80 f7f0f93e 48aff0c2 8f112bc5 b7d9dcbe
4c02efcd 6216be80 f7f0f93e da29fba2 5f7125e8 55e4f1d7 48aff0c2 8f112bc5 b7d9dcbe
da29fba2 5f7125e8 55e4f1d7 4c02efcd 6216be80 f7f0f93e da29fba2 5f7125e8 55e4f1d7
b845e503 547167f1 f95c78b1 a4720983 91360f14 2863e8a0 acd8b068 c3cbcc7b 9d0557a7
a4720983 91360f14 2863e8a0 b845e503 547167f1 f95c78b1 acd8b068 c3cbcc7b 9d0557a7
b845e503 547167f1 f95c78b1 a4720983 91360f14 2863e8a0 b845e503 547167f1 f95c78b1
974bdf8a c859b5d0 9be15bc3 920a99ad bd143349 ab38a548 a0a9d948 2ca7fe11 bcd40de3
920a99ad bd143349 ab38a548 974bdf8a c859b5d0 9be15bc3 a0a9d948 2ca7fe11 bcd40de3
974bdf8a c859b5d0 9be15bc3 920a99ad bd143349 ab38a548 974bdf8a c859b5d0 9be15bc3
c028003a 2a0ad063 b5730fa2 8a864972 0f6b14fa f3daddc7 3352a894 3c96ec43 0f5830a3
8a864972 0f6b14fa f3daddc7 c028003a 2a0ad063 b5730fa2 3352a894 3c96ec43 0f5830a3
c028003a 2a0ad063 b5730fa2 8a864972 0f6b14fa f3daddc7 c028003a 2a0ad063 b5730fa2
34b5e343 8e36e9ed 14b1bba5 822c3ef8 1b918c53 41c8b1f6 30da4d1f 0e93dbb7 408afa76
822c3ef8 1b918c53 41c8b1f6 34b5e343 8e36e9ed 14b1bba5 30da4d1f 0e93dbb7 408afa76
34b5e343 8e36e9ed 14b1bba5 822c3ef8 1b918c53 41c8b1f6 34b5e343 8e36e9ed 14b1bba5
b48abd54 91287530 1b2f6df5 ed2c264e baf938b5 9b2bb4d7 2df6a8c8 5dc514bc 0cfdd1b7
ed2c264e baf938b5 9b2bb4d7 b48abd54 91287530 1b2f6df5 2df6a8c8 5dc514bc 0cfdd1b7
b48abd54 91287530 1b2f6df5 ed2c264e baf938b5 9b2bb4d7 b48abd54 91287530 1b2f6df5
f40bd69c a03fcbc6 0111f611 1a74588c 518fd0cc 7e265e4b d89a6857 57c4e996 9f54e4e3
1a74588c 518fd0cc 7e265e4b f40bd69c a03fcbc6 0111f611 d89a6857 57c4e996 9f54e4e3
f40bd69c a03fcbc6 0111f611 1a74588c 518fd0cc 7e265e4b f40bd69c a03fcbc6 0111f611
ba83ab46 6f30705f a6a42eb2 ef14daa3 1e96814e 8490338e 8d569486 ff269414 9e9120fe
ef14daa3 1e96814e 8490338e ba83ab46 6f30705f a6a42eb2 8d569486 ff269414 9e9120fe
ba83ab46 6f30705f a6a42eb2 ef14daa3 1e96814e 8490338e ba83ab46 6f30705f a6a42eb2
10ac5158 8f7d7f6f 2efcf702 ec4a337a aa1caebb 036d48aa 34fbdd20 ba820dfb 5a8def7c
ec4a337a aa1caebb 036d48aa 10ac5158 8f7d7f6f 2efcf702 34fbdd20 ba820dfb 5a8def7c
10ac5158 8f7d7f6f 2efcf702 ec4a337a aa1caebb 036d48aa 10ac5158 8f7d7f6f 2efcf702
4a2cb153 dd3bd6d3 00e8eb1f 49e07366 7f63f73a 598ff2f9 9bdb036e 94ce7372 91071803
49e07366 7f63f73a 598ff2f9 4a2cb153 dd3bd6d3 00e8eb1f 9bdb036e 94ce7372 91071803
4a2cb153 dd3bd6d3 00e8eb1f 49e07366 7f63f73a 598ff2f9 4a2cb153 dd3bd6d3 00e8eb1f
e1337c41 6fade084 b2a3795e 8d22db05 86e44442 092ac65c 3ab7aa48 c406b33c dca6513f
8d22db05 86e44442 092ac65c e1337c41 6fade084 b2a3795e 3ab7aa48 c406b33c dca6513f
e1337c41 6fade084 b2a3795e 8d22db05 86e44442 092ac65c e1337c41 6fade084 b2a3795e
506c7f10 05a0fad8 3410337a acb5507b a4871bd9 3b32c97e 93536fdd 75a715b6 89c5e364
acb5507b a4871bd9 3b32c97e 506c7f10 05a0fad8 3410337a 93536fdd 75a715b6 89c5e364
506c7f10 05a0fad8 3410337a acb5507b a4871bd9 3b32c97e 506c7f10 05a0fad8 3410337a
0a7907c7 fa3b20c7 aa177ee8 944c3448 4d35d491 86975ec7 8acb0a98 d502583f 6c4ed297
944c3448 4d35d491 86975ec7 0a7907c7 fa3b20c7 aa177ee8 8acb0a98 d502583f 6c4ed297
0a7907c7 fa3b20c7 aa177ee8 944c3448 4d35d491 86975ec7 0a7907c7 fa3b20c7 aa177ee8
32329b3b fcc1ddef 700fcd14 8de5c231 167f12e7 e0a30583 58268164 829a8179 4cf3cc01
8de5c231 167f12e7 e0a30583 32329b3b fcc1ddef 700fcd14 58268164 829a8179 4cf3cc01
32329b3b fcc1ddef 700fcd14 8de5c231 167f12e7 e0a30583 32329b3b fcc1ddef 700fcd14
bf0084c8 223a49b3 0d9c9a8b 287981b5 a1820843 a3b870e4 3cc4a623 892fb3e4 b4d789c5
287981b5 a1820843 a3b870e4 bf0084c8 223a49b3 0d9c9a8b 3cc4a623 892fb3e4 b4d789c5
bf0084c8 223a49b3 0d9c9a8b 287981b5 a1820843 a3b870e4 bf0084c8 223a49b3 0d9c9a8b
1448dbec d8b99031 b7c65cb0 1e17bbb4 2dfcc633 24a9f1f3 0309b1d3 3b970b6f 3c0af7b5
1e17bbb4 2dfcc633 24a9f1f3 1448dbec d8b99031 b7c65cb0 0309b1d3 3b970b6f 3c0af7b5
1448dbec d8b99031 b7c65cb0 1e17bbb4 2dfcc633 24a9f1f3 1448dbec d8b99031 b7c65cb0
eb058dc0 bef92616 f1a4aa02 5a2e16cf 1daa700d f8095953 c81be215 8d802eb0 a8c3ac62
5a2e16cf 1daa700d f8095953 eb058dc0 bef92616 f1a4aa02 c81be215 8d802eb0 a8c3ac62
eb058dc0 bef92616 f1a4aa02 5a2e16cf 1daa700d f8095953 eb058dc0 bef92616 f1a4aa02
0e5e1f92 1fdb54ee ff00fec4 8186105b a7ce62aa 9ed94e7c 6d31084d bfc55391 8c750250
8186105b a7ce62aa 9ed94e7c 0e5e1f92 1fdb54ee ff00fec4 6d31084d bfc55391 8c750250
0e5e1f92 1fdb54ee ff00fec4 8186105b a7ce62aa 9ed94e7c 0e5e1f92 1fdb54ee ff00fec4
6c238107 d7b18a4c 42b8f6c6 49ea70e7 911c1894 98175817 ae95cc45 86e375c0 e76c1d98
49ea70e7 911c1894 98175817 6c238107 d7b18a4c 42b8f6c6 ae95cc45 86e375c0 e76c1d98
6c238107 d7b18a4c 42b8f6c6 49ea70e7 911c1894 98175817 6c238107 d7b18a4c 42b8f6c6
0307ca67 bc8ed09a 372d3903 5f505e75 656bb42b cf6a5f52 e05d81fc 245c290d 92482d40
5f505e75 656bb42b cf6a5f52 0307ca67 bc8ed09a 372d3903 e05d81fc 245c290d 92482d40
0307ca67 bc8ed09a 372d3903 5f505e75 656bb42b cf6a5f52 0307ca67 bc8ed09a 372d3903
7f3e2a43 c1129873 43420392 451affb9 5f1b2b45 927f35fe 20825adb d9003e6e 44a6eb1d
451affb9 5f1b2b45 927f35fe 7f3e2a43 c1129873 43420392 20825adb d9003e6e 44a6eb1d
7f3e2a43 c1129873 43420392 451affb9 5f1b2b45 927f35fe 7f3e2a43 c1129873 43420392
4f4dd6bc 449886ba 6b53e6b1 f00ec434 4949acd5 31c85359 06dc6e41 211db353 101657e4
f00ec434 4949acd5 31c85359 4f4dd6bc 449886ba 6b53e6b1 06dc6e41 211db353 101657e4
4f4dd6bc 449886ba 6b53e6b1 f00ec434 4949acd5 31c85359 4f4dd6bc 449886ba 6b53e6b1
fa6d55f2 a5d9f54b 95775faf 9e611357 6a634647 4a66a409 37a1d371 9c3f010b e843c168
9e611357 6a634647 4a66a409 fa6d55f2 a5d9f54b 95775faf 37a1d371 9c3f010b e843c168
fa6d55f2 a5d9f54b 95775faf 9e611357 6a634647 4a66a409 fa6d55f2 a5d9f54b 95775faf
da1bdcf8 63326bc8 ae34aa33 1ebe14a9 7a7cc995 73f4328b ce61c78c 053acef2 db1b1ba8
1ebe14a9 7a7cc995 73f4328b da1bdcf8 63326bc8 ae34aa33 ce61c78c 053acef2 db1b1ba8
da1bdcf8 63326bc8 ae34aa33 1ebe14a9 7a7cc995 73f4328b da1bdcf8 63326bc8 ae34aa33
32d90024 238fbef9 102381b4 651e0c61 b2467862 271125d9 249e6410 7304b835 3df3119d
651e0c61 b2467862 271125d9 32d90024 238fbef9 102381b4 249e6410 7304b835 3df3119d
32d90024 238fbef9 102381b4 651e0c61 b2467862 271125d9 32d90024 238fbef9 102381b4
636f677e a716c091 ee0c18a0 1425f561 11ccd619 c16db4bd 9aa0fb94 64a61dd0 f13df023
1425f561 11ccd619 c16db4bd 636f677e a716c091 ee0c18a0 9aa0fb94 64a61dd0 f13df023
636f677e a716c091 ee0c18a0 1425f561 11ccd619 c16db4bd 636f677e a716c091 ee0c18a0
186ab157 f9f45a50 fceae51f dacf447e 4d4c4054 ce1e8acc af723922 ccc9a527 9b96aa74
dacf447e 4d4c4054 ce1e8acc 186ab157 f9f45a50 fceae51f af723922 ccc9a527 9b96aa74
186ab157 f9f45a50 fceae51f dacf447e 4d4c4054 ce1e8acc 186ab157 f9f45a50 fceae51f
9c6434e4 86643878 2791ed29 40b5c577 b69cf2b1 1bd30b80 1891d738 403eae39 6a276d20
40b5c577 b69cf2b1 1bd30b80 9c6434e4 86643878 2791ed29 1891d738 403eae39 6a276d20
9c6434e4 86643878 2791ed29 40b5c577 b69cf2b1 1bd30b80 9c6434e4 86643878 2791ed29
4be1bdc5 e4764bc4 ef2144bb 1077b007 aa9a175c 18021fff 706bb083 165eb7b5 02b44659
1077b007 aa9a175c 18021fff 4be1bdc5 e4764bc4 ef2144bb 706bb083 165eb7b5 02b44659
4be1bdc5 e4764bc4 ef2144bb 1077b007 aa9a175c 18021fff 4be1bdc5 e4764bc4 ef2144bb
983e2abb 92ca7dc5 d9101d55 86bdfc66 1636c9a9 97927f0a 31ed5779 8fbc5bb0 33f110da
86bdfc66 1636c9a9 97927f0a 983e2abb 92ca7dc5 d9101d55 31ed5779 8fbc5bb0 33f110da
983e2abb 92ca7dc5 d9101d55 86bdfc66 1636c9a9 97927f0a 983e2abb 92ca7dc5 d9101d55
e5b7cd63 afe96a40 48f8534d d4df857b e7245c0d aaf584c6 96ad2dd6 bfeea167 8a45862e
d4df857b e7245c0d aaf584c6 e5b7cd63 afe96a40 48f8534d 96ad2dd6 bfeea167 8a45862e
e5b7cd63 afe96a40 48f8534d d4df857b e7245c0d aaf584c6 e5b7cd63 afe96a40 48f8534d
0f512394 b711293b 99fc8012 4a416823 fd38ac52 f3823779 58da88c9 0801847f 8ea0db3a
4a416823 fd38ac52 f3823779 0f512394 b711293b 99fc8012 58da88c9 0801847f 8ea0db3a
0f512394 b711293b 99fc8012 4a416823 fd38ac52 f3823779 0f512394 b711293b 99fc8012
16d2732d f2b871f8 5f975a7c ef95a685 c5406f31 d24bbe01 0a647fd9 e313cb76 b4f7239c
ef95a685 c5406f31 d24bbe01 16d2732d f2b871f8 5f975a7c 0a647fd9 e313cb76 b4f7239c
16d2732d f2b871f8 5f975a7c ef95a685 c5406f31 d24bbe01 16d2732d f2b871f8 5f975a7c
a303f78a f9880788 d11c2d43 ae1e7df3 790f2e1f ce2b1d69 fc186e80 3ba4cb59 4bcacfd3
ae1e7df3 790f2e1f ce2b1d69 a303f78a f9880788 d11c2d43 fc186e80 3ba4cb59 4bcacfd3
a303f78a f9880788 d11c2d43 ae1e7df3 790f2e1f ce2b1d69 a303f78a f9880788 d11c2d43
d77c0382 b01611b4 83709451 488f3111 7c98bf83 cfe7e1b2 4106af37 1a891480 979782d1
488f3111 7c98bf83 cfe7e1b2 d77c0382 b01611b4 83709451 4106af37 1a891480 979782d1
d77c0382 b01611b4 83709451 488f3111 7c98bf83 cfe7e1b2 d77c0382 b01611b4 83709451
d6b10dc2 75f11826 85ff79a3 45b4db33 fd55f84a 05236a07 e2473a3d b0a05fb7 f1366028
45b4db33 fd55f84a 05236a07 d6b10dc2 75f11826 85ff79a3 e2473a3d b0a05fb7 f1366028
d6b10dc2 75f11826 85ff79a3 45b4db33 fd55f84a 05236a07 d6b10dc2 75f11826 85ff79a3
8718fa5c 2528df26 a54fa0ae 1326cd8b 63f945e5 97979b1e a8f6e728 04b5d575 20b1c792
1326cd8b 63f945e5 97979b1e 8718fa5c 2528df26 a54fa0ae a8f6e728 04b5d575 20b1c792
8718fa5c 2528df26 a54fa0ae 1326cd8b 63f945e5 97979b1e 8718fa5c 2528df26 a54fa0ae
e52013d8 befaf60d ebcf083c 32904553 83493e86 c5d3334c 28b38053 5ad319f9 4b204014
32904553 83493e86 c5d3334c e52013d8 befaf60d ebcf083c 28b38053 5ad319f9 4b204014
e52013d8 befaf60d ebcf083c 32904553 83493e86 c5d3334c e52013d8 befaf60d ebcf083c
33342486 4e6eb244 ef214561 ecdf0d54 726ddb3a cb53b60e 9a5fd9a1 bf9cb88a fdcf3519
ecdf0d54 726ddb3a cb53b60e 33342486 4e6eb244 ef214561 9a5fd9a1 bf9cb88a fdcf3519
33342486 4e6eb244 ef214561 ecdf0d54 726ddb3a cb53b60e 33342486 4e6eb244 ef214561
660373fc bfb7600f cc8ea993 0b912911 daa7c366 5454f17f a61fa4dc 0648203e 578e60c6
0b912911 daa7c366 5454f17f 660373fc bfb7600f cc8ea993 a61fa4dc 0648203e 578e60c6
660373fc bfb7600f cc8ea993 0b912911 daa7c366 5454f17f 660373fc bfb7600f cc8ea993
8672ca18 82017734 957f95f6 1a912919 375cab46 ef2eb960 f114f7cc 2030d729 14fa88ac
1a912919 375cab46 ef2eb960 8672ca18 82017734 957f95f6 f114f7cc 2030d729 14fa88ac
8672ca18 82017734 957f95f6 1a912919 375cab46 ef2eb960 8672ca18 82017734 957f95f6
3acd8043 39c0c722 3835750b 0cfd5d03 a29aea74 79a0481b 4ea306dc 305c222e 1c042fab
0cfd5d03 a29aea74 79a0481b 3acd8043 39c0c722 3835750b 4ea306dc 305c222e 1c042fab
3acd8043 39c0c722 3835750b 0cfd5d03 a29aea74 79a0481b 3acd8043 39c0c722 3835750b
efeb842b 9c09eb3b 6b1aad44 dfdabe21 01d2a915 79ae7a11 e482574d 7ce27606 7a594e10
dfdabe21 01d2a915 79ae7a11 efeb842b 9c09eb3b 6b1aad44 e482574d 7ce27606 7a594e10
efeb842b 9c09eb3b 6b1aad44 dfdabe21 01d2a915 79ae7a11 efeb842b 9c09eb3b 6b1aad44
d1795853 4fa1f7c3 45c1df86 d4aab496 6b4932f2 e4a546f6 6685155c a6c4417a 46a834b6
d4aab496 6b4932f2 e4a546f6 d1795853 4fa1f7c3 45c1df86 6685155c a6c4417a 46a834b6
d1795853 4fa1f7c3 45c1df86 d4aab496 6b4932f2 e4a546f6 d1795853 4fa1f7c3 45c1df86
a22d4557 700bdeba 64b0be70 fd17383b bda2cb41 1a9959f2 8f70b014 dd8febc8 61f2df44
fd17383b bda2cb41 1a9959f2 a22d4557 700bdeba 64b0be70 8f70b014 dd8febc8 61f2df44
a22d4557 700bdeba 64b0be70 fd17383b bda2cb41 1a9959f2 a22d4557 700bdeba 64b0be70
1b3fffaa 7558606e 6185aeed 2b746a53 1f38b79a 6eec9036 60f60758 a1387920 428c79fd
2b746a53 1f38b79a 6eec9036 1b3fffaa 7558606e 6185aeed 60f60758 a1387920 428c79fd
1b3fffaa 7558606e 6185aeed 2b746a53 1f38b79a 6eec9036 1b3fffaa 7558606e 6185aeed
7826f29e 14afbe18 51849435 a33b28b3 6774d242 884a0014 7bd46abf 768ca1b6 e98f7987
a33b28b3 6774d242 884a0014 7826f29e 14afbe18 51849435 7bd46abf 768ca1b6 e98f7987
7826f29e 14afbe18 51849435 a33b28b3 6774d242 884a0014 7826f29e 14afbe18 51849435
93fb00c7 88e5c955 8e0da129 e04ed7f7 7182a403 e7bdfb94 41c77fbd dae64565 61ca44b3
e04ed7f7 7182a403 e7bdfb94 93fb00c7 88e5c955 8e0da129 41c77fbd dae64565 61ca44b3
93fb00c7 88e5c955 8e0da129 e04ed7f7 7182a403 e7bdfb94 93fb00c7 88e5c955 8e0da129
fb5579aa a98aafd3 27fcdbee acfafb47 562850c2 327539eb d6463e13 db80eb8f 5da4d312
acfafb47 562850c2 327539eb fb5579aa a98aafd3 27fcdbee d6463e13 db80eb8f 5da4d312
fb5579aa a98aafd3 27fcdbee acfafb47 562850c2 327539eb fb5579aa a98aafd3 27fcdbee
1e71f018 a0f0b40e d41de06e 19a474e5 90dcca76 5878ace1 764242ed 914ac1f3 66ac459f
19a474e5 90dcca76 5878ace1 1e71f018 a0f0b40e d41de06e 764242ed 914ac1f3 66ac459f
1e71f018 a0f0b40e d41de06e 19a474e5 90dcca76 5878ace1 1e71f018 a0f0b40e d41de06e
65798561 1936e144 0a8e1d89 3e4cce71 ceb71bef 22f163e0 d2de0c12 7d3f6240 c91d9e14
3e4cce71 ceb71bef 22f163e0 65798561 1936e144 0a8e1d89 d2de0c12 7d3f6240 c91d9e14
65798561 1936e144 0a8e1d89 3e4cce71 ceb71bef 22f163e0 65798561 1936e144 0a8e1d89
d27d4290 ddddff94 3a9f630e fc6f795d 243e310a 41de9148 c299a574 16992894 c62762b6
fc6f795d 243e310a 41de9148 d27d4290 ddddff94 3a9f630e c299a574 16992894 c62762b6
d27d4290 ddddff94 3a9f630e fc6f795d 243e310a 41de9148 d27d4290 ddddff94 3a9f630e
4205b6b8 40a89044 41daa137 27af82ed 67c96baa b93d3ae7 9d74dcc0 5380a067 841b2168
27af82ed 67c96baa b93d3ae7 4205b6b8 40a89044 41daa137 9d74dcc0 5380a067 841b2168
4205b6b8 40a89044 41daa137 27af82ed 67c96baa b93d3ae7 4205b6b8 40a89044 41daa137
81ff4a56 4198e4b9 3ec125d4 7bfb774f a8bf3b47 10024210 49b75064 baf60b7b 2802a967
7bfb774f a8bf3b47 10024210 81ff4a56 4198e4b9 3ec125d4 49b75064 baf60b7b 2802a967
81ff4a56 4198e4b9 3ec125d4 7bfb774f a8bf3b47 10024210 81ff4a56 4198e4b9 3ec125d4
36098111 530be16f deb41c59 94f708a2 b68f3ebd 13158d14 8c8a80e5 75203da9 6d85d7b8
94f708a2 b68f3ebd 13158d14 36098111 530be16f deb41c59 8c8a80e5 75203da9 6d85d7b8
36098111 530be16f deb41c59 94f708a2 b68f3ebd 13158d14 36098111 530be16f deb41c59
ebe99373 4daa5fc0 80ba5681 e2128db9 d086e630 d6ed0631 4e269ebf 7593dc60 75c9ef85
e2128db9 d086e630 d6ed0631 ebe99373 4daa5fc0 80ba5681 4e269ebf 7593dc60 75c9ef85
ebe99373 4daa5fc0 80ba5681 e2128db9 d086e630 d6ed0631 ebe99373 4daa5fc0 80ba5681
eec0bda5 a6afb0d4 8f6c8eef d2bf1e73 83796e88 6e718837 cc20520d 38a624ad 3651e30a
d2bf1e73 83796e88 6e718837 eec0bda5 a6afb0d4 8f6c8eef cc20520d 38a624ad 3651e30a
eec0bda5 a6afb0d4 8f6c8eef d2bf1e73 83796e88 6e718837 eec0bda5 a6afb0d4 8f6c8eef
2c416bc3 90f437f8 bee97b5e 84bdf61f da597b1a 51f57e78 a68eaa7c 62eb5530 a782053f
84bdf61f da597b1a 51f57e78 2c416bc3 90f437f8 bee97b5e a68eaa7c 62eb5530 a782053f
2c416bc3 90f437f8 bee97b5e 84bdf61f da597b1a 51f57e78 2c416bc3 90f437f8 bee97b5e
ee9488c0 e5ee7ce1 f50700f0 3f6e550a 99fead81 ff342f2d cf2ab5fd eb36736a cec3f8c4
3f6e550a 99fead81 ff342f2d ee9488c0 e5ee7ce1 f50700f0 cf2ab5fd eb36736a cec3f8c4
ee9488c0 e5ee7ce1 f50700f0 3f6e550a 99fead81 ff342f2d ee9488c0 e5ee7ce1 f50700f0
505aa7cd d8cacb4d 06ff85dd 830f05d6 de83a4b6 1fefccd1 c9317181 3a4ec3c6 9e56f4dc
830f05d6 de83a4b6 1fefccd1 505aa7cd d8cacb4d 06ff85dd c9317181 3a4ec3c6 9e56f4dc
505aa7cd d8cacb4d 06ff85dd 830f05d6 de83a4b6 1fefccd1 505aa7cd d8cacb4d 06ff85dd
a4b37237 13fd6529 9d5e7204 632e8f02 1a7166bd 237e060b c5fb705b a6a2355b a7fbc225
632e8f02 1a7166bd 237e060b a4b37237 13fd6529 9d5e7204 c5fb705b a6a2355b a7fbc225
a4b37237 13fd6529 9d5e7204 632e8f02 1a7166bd 237e060b a4b37237 13fd6529 9d5e7204
d3f36b0e 504e43db 323c4e97 c305adc5 efc3d8ea a5dbb759 d8f2445f a5d8374e b1438d82
c305adc5 efc3d8ea a5dbb759 d3f36b0e 504e43db 323c4e97 d8f2445f a5d8374e b1438d82
d3f36b0e 504e43db 323c4e97 c305adc5 efc3d8ea a5dbb759 d3f36b0e 504e43db 323c4e97
e28a711e d2835a59 0f49ea4e bbe55d78 ad355f3a bf58da22 b7e5650f 42ad7a73 bd030c10
bbe55d78 ad355f3a bf58da22 e28a711e d2835a59 0f49ea4e b7e5650f 42ad7a73 bd030c10
e28a711e d2835a59 0f49ea4e bbe55d78 ad355f3a bf58da22 e28a711e d2835a59 0f49ea4e
fbae4e9e a3c624d1 83d50420 102b9c27 209b0fae 69319756 0e07d0f7 726465f3 6ab4aba7
102b9c27 209b0fae 69319756 fbae4e9e a3c624d1 83d50420 0e07d0f7 726465f3 6ab4aba7
fbae4e9e a3c624d1 83d50420 102b9c27 209b0fae 69319756 fbae4e9e a3c624d1 83d50420
91e1cfc7 344ba6b8 20fed23d 46e99de7 f3341da7 429d32e9 4e58b4eb 95a49a1c a51b6f6a
46e99de7 f3341da7 429d32e9 91e1cfc7 344ba6b8 20fed23d 4e58b4eb 95a49a1c a51b6f6a
91e1cfc7 344ba6b8 20fed23d 46e99de7 f3341da7 429d32e9 91e1cfc7 344ba6b8 20fed23d
4c66c919 3690cf90 cc1d097b 1f53e889 f51aaed8 a784eae4 bdd8db71 43a82a59 a9d5e0b4
1f53e889 f51aaed8 a784eae4 4c66c919 3690cf90 cc1d097b bdd8db71 43a82a59 a9d5e0b4
4c66c919 3690cf90 cc1d097b 1f53e889 f51aaed8 a784eae4 4c66c919 3690cf90 cc1d097b
ef563219 14695dcb d7d27ae6 22c5d9fe 13f6db69 d83948c7 8fd4afc0 797d9b2d a34dded5
22c5d9fe 13f6db69 d83948c7 ef563219 14695dcb d7d27ae6 8fd4afc0 797d9b2d a34dded5
ef563219 14695dcb d7d27ae6 22c5d9fe 13f6db69 d83948c7 ef563219 14695dcb d7d27ae6
d48eb7b3 b4ebc172 a780ccde 642a7459 d901a5b2 9ade839c da2f5a65 c6839e7e fb8deeb1
642a7459 d901a5b2 9ade839c d48eb7b3 b4ebc172 a780ccde da2f5a65 c6839e7e fb8deeb1
d48eb7b3 b4ebc172 a780ccde 642a7459 d901a5b2 9ade839c d48eb7b3 b4ebc172 a780ccde
5344356a cc7701b2 c6ce1225 c8bb4674 49a47892 efb709ac 5c288652 4d3b1f11 54317552
c8bb4674 49a47892 efb709ac 5344356a cc7701b2 c6ce1225 5c288652 4d3b1f11 54317552
5344356a cc7701b2 c6ce1225 c8bb4674 49a47892 efb709ac 5344356a cc7701b2 c6ce1225
457d0249 f36f2b0c 690736ce 44b08843 3ebd129c 3f3aafbb da12804c fe5e89f7 09ea35f2
44b08843 3ebd129c 3f3aafbb 457d0249 f36f2b0c 690736ce da12804c fe5e89f7 09ea35f2
457d0249 f36f2b0c 690736ce 44b08843 3ebd129c 3f3aafbb 457d0249 f36f2b0c 690736ce
99cc8735 5fa671d8 5aa99ab0 109f63ec 82ce56f9 c479307c d28d59ab 82e7b31b dd81d601
109f63ec 82ce56f9 c479307c 99cc8735 5fa671d8 5aa99ab0 d28d59ab 82e7b31b dd81d601
99cc8735 5fa671d8 5aa99ab0 109f63ec 82ce56f9 c479307c 99cc8735 5fa671d8 5aa99ab0
944420c5 0f9f8395 72534260 8d8e9f44 367aba9d 0025da3b 85b3ccb0 ee66b9ae 133bc618
8d8e9f44 367aba9d 0025da3b 944420c5 0f9f8395 72534260 85b3ccb0 ee66b9ae 133bc618
944420c5 0f9f8395 72534260 8d8e9f44 367aba9d 0025da3b 944420c5 0f9f8395 72534260
ef93a31a 85977699 33f388bc d7a1727b 532f2201 abe4d3c4 62cbbc09 d423601a 6c7d5ce0
d7a1727b 532f2201 abe4d3c4 ef93a31a 85977699 33f388bc 62cbbc09 d423601a 6c7d5ce0
ef93a31a 85977699 33f388bc d7a1727b 532f2201 abe4d3c4 ef93a31a 85977699 33f388bc
a9573d73 927c43a0 5c6bf81c c347bf2d 2abceb47 0ae2cf13 dcd543bf 8b905f46 c4e1f273
c347bf2d 2abceb47 0ae2cf13 a9573d73 927c43a0 5c6bf81c dcd543bf 8b905f46 c4e1f273
a9573d73 927c43a0 5c6bf81c c347bf2d 2abceb47 0ae2cf13 a9573d73 927c43a0 5c6bf81c
10e56c35 0b049301 6fb99857 a8279b6d 82989a0d 1588dc2b e463ee5e 9d99544a 4e164917
a8279b6d 82989a0d 1588dc2b 10e56c35 0b049301 6fb99857 e463ee5e 9d99544a 4e164917
10e56c35 0b049301 6fb99857 a8279b6d 82989a0d 1588dc2b 10e56c35 0b049301 6fb99857
c7341d28 306ec060 d3f60966 b704d1eb fd2dfe60 96520fe1 22dba5dc 533a6cea c7c89bed
b704d1eb fd2dfe60 96520fe1 c7341d28 306ec060 d3f60966 22dba5dc 533a6cea c7c89bed
c7341d28 306ec060 d3f60966 b704d1eb fd2dfe60 96520fe1 c7341d28 306ec060 d3f60966
a977ae00 541ad76f b00cfe4c 124c7e74 3e644b03 29ec1788 cd91fffd 982e7d54 b41a6d33
124c7e74 3e644b03 29ec1788 a977ae00 541ad76f b00cfe4c cd91fffd 982e7d54 b41a6d33
a977ae00 541ad76f b00cfe4c 124c7e74 3e644b03 29ec1788 a977ae00 541ad76f b00cfe4c
3295f6ba c9aae265 eb02cbe8 8ac9d1c2 af7586a8 b484e939 56ee2ad2 1a2a2ae4 1d7e4ce6
8ac9d1c2 af7586a8 b484e939 3295f6ba c9aae265 eb02cbe8 56ee2ad2 1a2a2ae4 1d7e4ce6
3295f6ba c9aae265 eb02cbe8 8ac9d1c2 af7586a8 b484e939 3295f6ba c9aae265 eb02cbe8
a706e120 eb8eca28 86fffe18 565828d2 4ffb99dc e91f4a4e 72230e64 b05b9cca 4e584aff
565828d2 4ffb99dc e91f4a4e a706e120 eb8eca28 86fffe18 72230e64 b05b9cca 4e584aff
a706e120 eb8eca28 86fffe18 565828d2 4ffb99dc e91f4a4e a706e120 eb8eca28 86fffe18
4a206ca6 3385f989 32bc044b da28c115 ca8e5431 596680b2 62ef6c2e 19c74492 10a31ef8
da28c115 ca8e5431 596680b2 4a206ca6 3385f989 32bc044b 62ef6c2e 19c74492 10a31ef8
4a206ca6 3385f989 32bc044b da28c115 ca8e5431 596680b2 4a206ca6 3385f989 32bc044b
c0ae2641 946669cc 823f98de af7ab082 98286dc7 d87af316 93442cd0 01512353 958decb3
af7ab082 98286dc7 d87af316 c0ae2641 946669cc 823f98de 93442cd0 01512353 958decb3
c0ae2641 946669cc 823f98de af7ab082 98286dc7 d87af316 c0ae2641 946669cc 823f98de
9254605b 0de90761 5f472ea0 11b2db2c bb16ff9c 24bf6054 8a7f5eb1 33d603cb 16662fe3
11b2db2c bb16ff9c 24bf6054 9254605b 0de90761 5f472ea0 8a7f5eb1 33d603cb 16662fe3
9254605b 0de90761 5f472ea0 11b2db2c bb16ff9c 24bf6054 9254605b 0de90761 5f472ea0
c295caaa 1d85efe4 7be34fcd 218943a5 66b438a4 cd91e6a1 287544cd 6fc0964a 560e9373
218943a5 66b438a4 cd91e6a1 c295caaa 1d85efe4 7be34fcd 287544cd 6fc0964a 560e9373
c295caaa 1d85efe4 7be34fcd 218943a5 66b438a4 cd91e6a1 c295caaa 1d85efe4 7be34fcd
18aa1c37 eab7d6bf f2931756 5c336760 857991fa 5be8a1b3 a2ef5a89 db383627 b974297d
5c336760 857991fa 5be8a1b3 18aa1c37 eab7d6bf f2931756 a2ef5a89 db383627 b974297d
18aa1c37 eab7d6bf f2931756 5c336760 857991fa 5be8a1b3 18aa1c37 eab7d6bf f2931756
f4c19aef 623f544d cbeca2a6 e4a98cb5 834256ea bec23d03 7456b366 4ec8b119 de954364
e4a98cb5 834256ea bec23d03 f4c19aef 623f544d cbeca2a6 7456b366 4ec8b119 de954364
f4c19aef 623f544d cbeca2a6 e4a98cb5 834256ea bec23d03 f4c19aef 623f544d cbeca2a6
930b4d45 3e7bb25e a16a4adc 5dc0d01a 25a5099a 2ce679b9 6b000d94 3c053ccc 16b01bbf
5dc0d01a 25a5099a 2ce679b9 930b4d45 3e7bb25e a16a4adc 6b000d94 3c053ccc 16b01bbf
930b4d45 3e7bb25e a16a4adc 5dc0d01a 25a5099a 2ce679b9 930b4d45 3e7bb25e a16a4adc
4ed00264 411d7770 5bf760b7 fc336989 43fb095f ec52c922 0bcca055 c30ae491 13fbfb20
fc336989 43fb095f ec52c922 4ed00264 411d7770 5bf760b7 0bcca055 c30ae491 13fbfb20
4ed00264 411d7770 5bf760b7 fc336989 43fb095f ec52c922 4ed00264 411d7770 5bf760b7
81a96d7f b448d37e e2ef3d76 889e2afc df929b85 07771b6a 3585a62c c5971ae6 264b41ab
889e2afc df929b85 07771b6a 81a96d7f b448d37e e2ef3d76 3585a62c c5971ae6 264b41ab
81a96d7f b448d37e e2ef3d76 889e2afc df929b85 07771b6a 81a96d7f b448d37e e2ef3d76
7e4bf011 76e08b18 52f767b0 1f474f94 ebb7dd71 2313cc41 7a5d17b8 faf22c0e 28a9d660
1f474f94 ebb7dd71 2313cc41 7e4bf011 76e08b18 52f767b0 7a5d17b8 faf22c0e 28a9d660
7e4bf011 76e08b18 52f767b0 1f474f94 ebb7dd71 2313cc41 7e4bf011 76e08b18 52f767b0
d3052b44 f89fac43 d5b512af 3e336a78 4a11d511 c59be0fc 992031bb 1e047822 17df1fd1
3e336a78 4a11d511 c59be0fc d3052b44 f89fac43 d5b512af 992031bb 1e047822 17df1fd1
d3052b44 f89fac43 d5b512af 3e336a78 4a11d511 c59be0fc d3052b44 f89fac43 d5b512af
2edcd6ec e7a0186f b805fe0e ecfd5098 36b43c73 b52b2cc8 ec126733 b9ee97bf e6137287
ecfd5098 36b43c73 b52b2cc8 2edcd6ec e7a0186f b805fe0e ec126733 b9ee97bf e6137287
2edcd6ec e7a0186f b805fe0e ecfd5098 36b43c73 b52b2cc8 2edcd6ec e7a0186f b805fe0e
8b76f0a1 03021f1b 32a300c9 a51c38bb 0f036920 fb519e08 79605ed4 0a421ca7 efea1f34
a51c38bb 0f036920 fb519e08 8b76f0a1 03021f1b 32a300c9 79605ed4 0a421ca7 efea1f34
8b76f0a1 03021f1b 32a300c9 a51c38bb 0f036920 fb519e08 8b76f0a1 03021f1b 32a300c9
a220e378 1b86fcf3 69330e12 0d16ae78 c7f3a2e3 34b49464 cb44bdb9 3a3d68bf 755aa8f6
0d16ae78 c7f3a2e3 34b49464 a220e378 1b86fcf3 69330e12 cb44bdb9 3a3d68bf 755aa8f6
a220e378 1b86fcf3 69330e12 0d16ae78 c7f3a2e3 34b49464 a220e378 1b86fcf3 69330e12
1d00a092 cc67cd2f cb6c7ae3 13806465 f4f3aa96 943bfcbb 073f68d5 0e2028e3 1e609cf7
13806465 f4f3aa96 943bfcbb 1d00a092 cc67cd2f cb6c7ae3 073f68d5 0e2028e3 1e609cf7
1d00a092 cc67cd2f cb6c7ae3 13806465 f4f3aa96 943bfcbb 1d00a092 cc67cd2f cb6c7ae3
1f359101 5ed6f040 97a69e26 3325c072 f8b903bd 535af216 7aca4810 f0ed94cf 216c9444
3325c072 f8b903bd 535af216 1f359101 5ed6f040 97a69e26 7aca4810 f0ed94cf 216c9444
1f359101 5ed6f040 97a69e26 3325c072 f8b903bd 535af216 1f359101 5ed6f040 97a69e26
b06e3175 eb3f80df dcefc011 5de8e60f d7781a56 c0336a23 583d2392 e2d4bbf7 e7353d2e
5de8e60f d7781a56 c0336a23 b06e3175 eb3f80df dcefc011 583d2392 e2d4bbf7 e7353d2e
b06e3175 eb3f80df dcefc011 5de8e60f d7781a56 c0336a23 b06e3175 eb3f80df dcefc011
c3015056 7b544fb1 9d4e4407 ea7dda46 9a2065ed 021c6c3e fd5848ea d3dc5ef9 77cd6c50
ea7dda46 9a2065ed 021c6c3e c3015056 7b544fb1 9d4e4407 fd5848ea d3dc5ef9 77cd6c50
c3015056 7b544fb1 9d4e4407 ea7dda46 9a2065ed 021c6c3e c3015056 7b544fb1 9d4e4407
706bb15b b78b4d79 8141b4d5 9db3a8e8 7612386a 9f5e956b db5f1de6 889b0245 a6cbb793
9db3a8e8 7612386a 9f5e956b 706bb15b b78b4d79 8141b4d5 db5f1de6 889b0245 a6cbb793
706bb15b b78b4d79 8141b4d5 9db3a8e8 7612386a 9f5e956b 706bb15b b78b4d79 8141b4d5
f2dd5012 b362bfcc d5ea238d 8cb8a7c5 20783db9 a99edf78 32462c3b 88445f74 072bfbfb
8cb8a7c5 20783db9 a99edf78 f2dd5012 b362bfcc d5ea238d 32462c3b 88445f74 072bfbfb
f2dd5012 b362bfcc d5ea238d 8cb8a7c5 20783db9 a99edf78 f2dd5012 b362bfcc d5ea238d
6cc323fc b075884c 4534dcf4 ebe8a52c c00317cf 7c0b9b1d 11c96445 44947164 ea614362
ebe8a52c c00317cf 7c0b9b1d 6cc323fc b075884c 4534dcf4 11c96445 44947164 ea614362
6cc323fc b075884c 4534dcf4 ebe8a52c c00317cf 7c0b9b1d 6cc323fc b075884c 4534dcf4
23290731 01d9b32c 28a9ac27 29a88668 2abdfa0b 08dd57d9 32f07476 d539b392 9d2407a4
29a88668 2abdfa0b 08dd57d9 23290731 01d9b32c 28a9ac27 32f07476 d539b392 9d2407a4
23290731 01d9b32c 28a9ac27 29a88668 2abdfa0b 08dd57d9 23290731 01d9b32c 28a9ac27
ef827bba d7eb17c5 62f8ed12 557384ea 0379b800 128f81b0 0ec470e2 684b969b 80fff470
557384ea 0379b800 128f81b0 ef827bba d7eb17c5 62f8ed12 0ec470e2 684b969b 80fff470
ef827bba d7eb17c5 62f8ed12 557384ea 0379b800 128f81b0 ef827bba d7eb17c5 62f8ed12
a5f60324 7c238162 bbb8662a a590ee76 f4c3436e a31ddf4a d47e6d0d 94a7c1d1 22f2f74b
a590ee76 f4c3436e a31ddf4a a5f60324 7c238162 bbb8662a d47e6d0d 94a7c1d1 22f2f74b
a5f60324 7c238162 bbb8662a a590ee76 f4c3436e a31ddf4a a5f60324 7c238162 bbb8662a
a4dd4ce0 7f3450fd 9ba0586c 0d7401e3 b41d4951 62e84b7d d5ec9200 b927bd34 d63d1bc9
0d7401e3 b41d4951 62e84b7d a4dd4ce0 7f3450fd 9ba0586c d5ec9200 b927bd34 d63d1bc9
a4dd4ce0 7f3450fd 9ba0586c 0d7401e3 b41d4951 62e84b7d a4dd4ce0 7f3450fd 9ba0586c
dbd43f62 3103710a 90429d5f 3586a063 c6e74069 f8d49cc0 eef40500 93c22c6a f9d76be4
3586a063 c6e74069 f8d49cc0 dbd43f62 3103710a 90429d5f eef40500 93c22c6a f9d76be4
dbd43f62 3103710a 90429d5f 3586a063 c6e74069 f8d49cc0 dbd43f62 3103710a 90429d5f
b5613ec5 8d0b471e a946ff3a 09c15b49 025784cd beb27295 d0312787 092af467 354ea40b
09c15b49 025784cd beb27295 b5613ec5 8d0b471e a946ff3a d0312787 092af467 354ea40b
b5613ec5 8d0b471e a946ff3a 09c15b49 025784cd beb27295 b5613ec5 8d0b471e a946ff3a
fc23c790 fcf75bea 06705869 91e7b17a 8b1167ae f2ecb5b7 78865aa2 96d9a167 98bb0abf
91e7b17a 8b1167ae f2ecb5b7 fc23c790 fcf75bea 06705869 78865aa2 96d9a167 98bb0abf
fc23c790 fcf75bea 06705869 91e7b17a 8b1167ae f2ecb5b7 fc23c790 fcf75bea 06705869
c04cd34e 1a55d87f 20e030db fede0cdf 403ef839 d4056ad1 23ec2bd3 4dadefa0 64a0732d
fede0cdf 403ef839 d4056ad1 c04cd34e 1a55d87f 20e030db 23ec2bd3 4dadefa0 64a0732d
c04cd34e 1a55d87f 20e030db fede0cdf 403ef839 d4056ad1 c04cd34e 1a55d87f 20e030db
b123370d 45ab7600 1f863482 00424aba 964b480d caf3293f 092d0afe 5c1ed758 b5255476
00424aba 964b480d caf3293f b123370d 45ab7600 1f863482 092d0afe 5c1ed758 b5255476
b123370d 45ab7600 1f863482 00424aba 964b480d caf3293f b123370d 45ab7600 1f863482
13ad8550 f4ec5b6f 7b8d41b2 f14ca953 ef51819c 2b7ffea4 9d957c43 97517b6a 2ffbaf87
f14ca953 ef51819c 2b7ffea4 13ad8550 f4ec5b6f 7b8d41b2 9d957c43 97517b6a 2ffbaf87
13ad8550 f4ec5b6f 7b8d41b2 f14ca953 ef51819c 2b7ffea4 13ad8550 f4ec5b6f 7b8d41b2
0fa18029 7ae4590f 0de58e90 f9bc75a3 5ea972de d8def2e6 3daecd28 613abd74 52a7ede8
f9bc75a3 5ea972de d8def2e6 0fa18029 7ae4590f 0de58e90 3daecd28 613abd74 52a7ede8
0fa18029 7ae4590f 0de58e90 f9bc75a3 5ea972de d8def2e6 0fa18029 7ae4590f 0de58e90
69751545 c6c3a40b d2faef32 36d7848a 99d54114 b5f78241 69f02d60 4898ee66 1962dde1
36d7848a 99d54114 b5f78241 69751545 c6c3a40b d2faef32 69f02d60 4898ee66 1962dde1
69751545 c6c3a40b d2faef32 36d7848a 99d54114 b5f78241 69751545 c6c3a40b d2faef32
ae477601 8fdb9e27 07864368 3578fc80 05b0fc36 24389dc5 72288f8d 17855121 b395a30d
3578fc80 05b0fc36 24389dc5 ae477601 8fdb9e27 07864368 72288f8d 17855121 b395a30d
ae477601 8fdb9e27 07864368 3578fc80 05b0fc36 24389dc5 ae477601 8fdb9e27 07864368
0fce7ffe 9672ae4b 3f5df841 239d98e9 80b98d1c e4a1fe70 a37be0a1 cfbbce8f a9d71086
239d98e9 80b98d1c e4a1fe70 0fce7ffe 9672ae4b 3f5df841 a37be0a1 cfbbce8f a9d71086
0fce7ffe 9672ae4b 3f5df841 239d98e9 80b98d1c e4a1fe70 0fce7ffe 9672ae4b 3f5df841
1520ed2f 97957c5d 41bf7d76 28dbb75d d866001c 3382243e 5e64d48a b3ec5eda 76ed7b7f
28dbb75d d866001c 3382243e 1520ed2f 97957c5d 41bf7d76 5e64d48a b3ec5eda 76ed7b7f
1520ed2f 97957c5d 41bf7d76 28dbb75d d866001c 3382243e 1520ed2f 97957c5d 41bf7d76
b08ae7e7 1b8cba07 cc7d5f1d 004f74be 9c929f1c ac1060ac 92c7d0a5 7006e26f 1d6b2027
004f74be 9c929f1c ac1060ac b08ae7e7 1b8cba07 cc7d5f1d 92c7d0a5 7006e26f 1d6b2027
b08ae7e7 1b8cba07 cc7d5f1d 004f74be 9c929f1c ac1060ac b08ae7e7 1b8cba07 cc7d5f1d
5a17a2fa 3072f943 683f64c5 2acb29f5 0c90d4fe 18277304 1c2e655f d0868752 a0b6244f
2acb29f5 0c90d4fe 18277304 5a17a2fa 3072f943 683f64c5 1c2e655f d0868752 a0b6244f
5a17a2fa 3072f943 683f64c5 2acb29f5 0c90d4fe 18277304 5a17a2fa 3072f943 683f64c5
231528d2 3a0df432 c061f570 cf54848f f2ea7c98 1d12d8dd d713b4a9 c5fa183f 1ae79ea6
cf54848f f2ea7c98 1d12d8dd 231528d2 3a0df432 c061f570 d713b4a9 c5fa183f 1ae79ea6
231528d2 3a0df432 c061f570 cf54848f f2ea7c98 1d12d8dd 231528d2 3a0df432 c061f570
361ce003 c06b1f78 da1ed3cc a2d6913e b708a8f5 235bfa7a 5c80c035 7b0240c2 8d95a5a6
a2d6913e b708a8f5 235bfa7a 361ce003 c06b1f78 da1ed3cc 5c80c035 7b0240c2 8d95a5a6
361ce003 c06b1f78 da1ed3cc a2d6913e b708a8f5 235bfa7a 361ce003 c06b1f78 da1ed3cc
17f6d8c5 c63c9c76 95917525 46cc641a 35c0aece ae2bb6d9 cbdeefca b49edef5 f996b780
46cc641a 35c0aece ae2bb6d9 17f6d8c5 c63c9c76 95917525 cbdeefca b49edef5 f996b780
17f6d8c5 c63c9c76 95917525 46cc641a 35c0aece ae2bb6d9 17f6d8c5 c63c9c76 95917525
10154e18 841327dc c6dad069 a155b998 d396a425 0364ccee c56a338d 21b43962 c6a00b65
a155b998 d396a425 0364ccee 10154e18 841327dc c6dad069 c56a338d 21b43962 c6a00b65
10154e18 841327dc c6dad069 a155b998 d396a425 0364ccee 10154e18 841327dc c6dad069
8995b031 309422d3 6a3c23ae af095246 96e517a7 a412b1b8 ee190ffe f1b1685b 4ed13f8b
af095246 96e517a7 a412b1b8 8995b031 309422d3 6a3c23ae ee190ffe f1b1685b 4ed13f8b
8995b031 309422d3 6a3c23ae af095246 96e517a7 a412b1b8 8995b031 309422d3 6a3c23ae
9c10d4bd 402729b7 17f2c712 fbe8d253 83024cdd 276c56eb 288f08c5 9592c3d5 e3d570a7
fbe8d253 83024cdd 276c56eb 9c10d4bd 402729b7 17f2c712 288f08c5 9592c3d5 e3d570a7
9c10d4bd 402729b7 17f2c712 fbe8d253 83024cdd 276c56eb 9c10d4bd 402729b7 17f2c712
04f4dc64 521e9d66 f0c9e301 ac0fd0ed 7076d9e5 713254a8 696b6a1c 9d12d278 1af62e27
ac0fd0ed 7076d9e5 713254a8 04f4dc64 521e9d66 f0c9e301 696b6a1c 9d12d278 1af62e27
04f4dc64 521e9d66 f0c9e301 ac0fd0ed 7076d9e5 713254a8 04f4dc64 521e9d66 f0c9e301
cf0f69c3 dcdd5982 0afc34a6 3fd19932 a11f0769 ec983cf1 430dce49 c5606b15 5bb1d759
3fd19932 a11f0769 ec983cf1 cf0f69c3 dcdd5982 0afc34a6 430dce49 c5606b15 5bb1d759
cf0f69c3 dcdd5982 0afc34a6 3fd19932 a11f0769 ec983cf1 cf0f69c3 dcdd5982 0afc34a6
54ba449d 4b3c0d7f 998198e4 bc4887d2 90492271 a14316f9 425ab46e 6853cb71 3210400c
bc4887d2 90492271 a14316f9 54ba449d 4b3c0d7f 998198e4 425ab46e 6853cb71 3210400c
54ba449d 4b3c0d7f 998198e4 bc4887d2 90492271 a14316f9 54ba449d 4b3c0d7f 998198e4
aac9abe8 67ef48f6 f24ef122 56bea4e2 d5926750 34eb8e03 5917ef90 b90dbf7f 33c46cae
56bea4e2 d5926750 34eb8e03 aac9abe8 67ef48f6 f24ef122 5917ef90 b90dbf7f 33c46cae
aac9abe8 67ef48f6 f24ef122 56bea4e2 d5926750 34eb8e03 aac9abe8 67ef48f6 f24ef122
97f27f93 68133bf0 e7e555ed 8291b91f bab15f40 382f242f ecf6a05a 78e25227 fd89df2a
8291b91f bab15f40 382f242f 97f27f93 68133bf0 e7e555ed ecf6a05a 78e25227 fd89df2a
97f27f93 68133bf0 e7e555ed 8291b91f bab15f40 382f242f 97f27f93 68133bf0 e7e555ed
5a794adc 138c2370 d6c88653 1b344605 09255e4e 82d0ae01 9a10efc7 ab4989b3 5af37764
1b344605 09255e4e 82d0ae01 5a794adc 138c2370 d6c88653 9a10efc7 ab4989b3 5af37764
5a794adc 138c2370 d6c88653 1b344605 09255e4e 82d0ae01 5a794adc 138c2370 d6c88653
98a4acb0 70aafb21 a74fe52f 54683639 5955b4be b6b618ff 65708faf baa0458f d8dccf7a
54683639 5955b4be b6b618ff 98a4acb0 70aafb21 a74fe52f 65708faf baa0458f d8dccf7a
98a4acb0 70aafb21 a74fe52f 54683639 5955b4be b6b618ff 98a4acb0 70aafb21 a74fe52f
f4e9948d 915f77f6 e1ee7002 00094152 d078bbbe af4312ad 7cd6a8f3 120b584a 16db1521
00094152 d078bbbe af4312ad f4e9948d 915f77f6 e1ee7002 7cd6a8f3 120b584a 16db1521
f4e9948d 915f77f6 e1ee7002 00094152 d078bbbe af4312ad f4e9948d 915f77f6 e1ee7002
b75f7f93 a6a4c92f ab43ac3d 79c33e20 5a2563b5 2ea7cc18 24b84bbe 0fe6c647 98fee3d0
79c33e20 5a2563b5 2ea7cc18 b75f7f93 a6a4c92f ab43ac3d 24b84bbe 0fe6c647 98fee3d0
b75f7f93 a6a4c92f ab43ac3d 79c33e20 5a2563b5 2ea7cc18 b75f7f93 a6a4c92f ab43ac3d
6edc5ace 8a7ede3d 4325fd84 620d940a 6a4ec726 23b40d08 2c5fb465 2cf3e0d7 bf8468fc
620d940a 6a4ec726 23b40d08 6edc5ace 8a7ede3d 4325fd84 2c5fb465 2cf3e0d7 bf8468fc
6edc5ace 8a7ede3d 4325fd84 620d940a 6a4ec726 23b40d08 6edc5ace 8a7ede3d 4325fd84
d29fd069 9407f71b f94b4d0b 912e2ea0 1a5213d0 9f90257b f144d169 1eea32c7 25c0233f
912e2ea0 1a5213d0 9f90257b d29fd069 9407f71b f94b4d0b f144d169 1eea32c7 25c0233f
d29fd069 9407f71b f94b4d0b 912e2ea0 1a5213d0 9f90257b d29fd069 9407f71b f94b4d0b
9b024c89 11a41056 1cd0ea95 e97a097d ec1433f3 46837da6 772d7208 39f2a1c4 9bb0b91a
e97a097d ec1433f3 46837da6 9b024c89 11a41056 1cd0ea95 772d7208 39f2a1c4 9bb0b91a
9b024c89 11a41056 1cd0ea95 e97a097d ec1433f3 46837da6 9b024c89 11a41056 1cd0ea95
dba99d74 4f74170b 5aab2d43 b6d3090b 76e60937 3e579bda 48100d1d f59447a7 44eb9809
b6d3090b 76e60937 3e579bda dba99d74 4f74170b 5aab2d43 48100d1d f59447a7 44eb9809
dba99d74 4f74170b 5aab2d43 b6d3090b 76e60937 3e579bda dba99d74 4f74170b 5aab2d43
437a9a2e 57e35cb8 71baf552 287ea0bb 9121bdad de9cdea8 28425724 dd0b1789 3c669a6a
287ea0bb 9121bdad de9cdea8 437a9a2e 57e35cb8 71baf552 28425724 dd0b1789 3c669a6a
437a9a2e 57e35cb8 71baf552 287ea0bb 9121bdad de9cdea8 437a9a2e 57e35cb8 71baf552
ee2a3b63 223b5a63 7a0206ce 4149d9c8 740ff127 ae4b26b8 8b6ca3a8 65009127 9c6207f0
4149d9c8 740ff127 ae4b26b8 ee2a3b63 223b5a63 7a0206ce 8b6ca3a8 65009127 9c6207f0
ee2a3b63 223b5a63 7a0206ce 4149d9c8 740ff127 ae4b26b8 ee2a3b63 223b5a63 7a0206ce
eec0cadf 9cf9b194 a30b5fad 858de87a b57eefbe 18957472 a70e3cc2 e4a7405c b56b735c
858de87a b57eefbe 18957472 eec0cadf 9cf9b194 a30b5fad a70e3cc2 e4a7405c b56b735c
eec0cadf 9cf9b194 a30b5fad 858de87a b57eefbe 18957472 eec0cadf 9cf9b194 a30b5fad
a2f6ae18 a8cfc4aa 19e8240c 44305f70 6b0894fe 17f3467b 3c85345c 9f492cc1 3ac76cf3
44305f70 6b0894fe 17f3467b a2f6ae18 a8cfc4aa 19e8240c 3c85345c 9f492cc1 3ac76cf3
a2f6ae18 a8cfc4aa 19e8240c 44305f70 6b0894fe 17f3467b a2f6ae18 a8cfc4aa 19e8240c
119b2bfe 13f215d2 fca92856 c79dca30 44410ac1 a38a670e 346181f0 484eda55 740985cd
c79dca30 44410ac1 a38a670e 119b2bfe 13f215d2 fca92856 346181f0 484eda55 740985cd
119b2bfe 13f215d2 fca92856 c79dca30 44410ac1 a38a670e 119b2bfe 13f215d2 fca92856
4bc1ed3c b475fb9f 0ce6b4f1 0bb4f0db 659380a7 2d3356a7 ccd22079 5c1169dd 42e39ce5
0bb4f0db 659380a7 2d3356a7 4bc1ed3c b475fb9f 0ce6b4f1 ccd22079 5c1169dd 42e39ce5
4bc1ed3c b475fb9f 0ce6b4f1 0bb4f0db 659380a7 2d3356a7 4bc1ed3c b475fb9f 0ce6b4f1
265a9193 fb4325e8 806e5e53 bbcb6240 72c2b66f 80954ac2 45417f67 ad186e1a 8ae29a9c
bbcb6240 72c2b66f 80954ac2 265a9193 fb4325e8 806e5e53 45417f67 ad186e1a 8ae29a9c
265a9193 fb4325e8 806e5e53 bbcb6240 72c2b66f 80954ac2 265a9193 fb4325e8 806e5e53
9f860af8 72111ca9 40b3b2d2 efac5f12 c3470986 81e6b9aa 450c8c85 ed551cd6 18e751f2
efac5f12 c3470986 81e6b9aa 9f860af8 72111ca9 40b3b2d2 450c8c85 ed551cd6 18e751f2
9f860af8 72111ca9 40b3b2d2 efac5f12 c3470986 81e6b9aa 9f860af8 72111ca9 40b3b2d2
c2bb6c16 beb07d20 0629f67e 29f6f9e0 f6a5151c 11e95af7 4bac018d 87471cb7 359a5b32
29f6f9e0 f6a5151c 11e95af7 c2bb6c16 beb07d20 0629f67e 4bac018d 87471cb7 359a5b32
c2bb6c16 beb07d20 0629f67e 29f6f9e0 f6a5151c 11e95af7 c2bb6c16 beb07d20 0629f67e
3390726f 1d27c169 feebb4cc 9d8fe20f ac03bc00 6f0ed93a 592ded39 b6b27714 d7a3dcf4
9d8fe20f ac03bc00 6f0ed93a 3390726f 1d27c169 feebb4cc 592ded39 b6b27714 d7a3dcf4
3390726f 1d27c169 feebb4cc 9d8fe20f ac03bc00 6f0ed93a 3390726f 1d27c169 feebb4cc
c685d3a3 063e0f55 3ca5114b 35f344ac f6133ab3 1a9b52b4 82600a99 1950e8d2 4cb02e87
35f344ac f6133ab3 1a9b52b4 c685d3a3 063e0f55 3ca5114b 82600a99 1950e8d2 4cb02e87
c685d3a3 063e0f55 3ca5114b 35f344ac f6133ab3 1a9b52b4 c685d3a3 063e0f55 3ca5114b
ed57be13 e90fa15f 758b82cf cdd5be39 cdff1247 91920574 3d5b3559 733ff347 e22b5f86
cdd5be39 cdff1247 91920574 ed57be13 e90fa15f 758b82cf 3d5b3559 733ff347 e22b5f86
ed57be13 e90fa15f 758b82cf cdd5be39 cdff1247 91920574 ed57be13 e90fa15f 758b82cf
a409828e 690e65ae 537ba04d 3680ec9c be3316e2 ee9278a0 a56f0bfc 00e71c87 48fd5e6b
3680ec9c be3316e2 ee9278a0 a409828e 690e65ae 537ba04d a56f0bfc 00e71c87 48fd5e6b
a409828e 690e65ae 537ba04d 3680ec9c be3316e2 ee9278a0 a409828e 690e65ae 537ba04d
74612637 1f8b6ec8 df7cb102 e7e6174e 27613ef1 140ddde0 8bbfd431 bbfc0036 a3a8e24f
e7e6174e 27613ef1 140ddde0 74612637 1f8b6ec8 df7cb102 8bbfd431 bbfc0036 a3a8e24f
74612637 1f8b6ec8 df7cb102 e7e6174e 27613ef1 140ddde0 74612637 1f8b6ec8 df7cb102
8ef2f1ee 831ad7b8 e89e1026 147d5172 27f06899 31d0c26a eba7b3d7 6e76f57a 76aec573
147d5172 27f06899 31d0c26a 8ef2f1ee 831ad7b8 e89e1026 eba7b3d7 6e76f57a 76aec573
8ef2f1ee 831ad7b8 e89e1026 147d5172 27f06899 31d0c26a 8ef2f1ee 831ad7b8 e89e1026
48318243 968f84b2 f893aaf3 f76ed100 336b181a 994bcfc4 0460c400 b03e2ace b70116cd
f76ed100 336b181a 994bcfc4 48318243 968f84b2 f893aaf3 0460c400 b03e2ace b70116cd
48318243 968f84b2 f893aaf3 f76ed100 336b181a 994bcfc4 48318243 968f84b2 f893aaf3
390e4652 c6c04c1f 60acd0a6 986deb39 0a3c6a66 a67d7397 9a136c70 5c4a9441 29c7d8b7
986deb39 0a3c6a66 a67d7397 390e4652 c6c04c1f 60acd0a6 9a136c70 5c4a9441 29c7d8b7
390e4652 c6c04c1f 60acd0a6 986deb39 0a3c6a66 a67d7397 390e4652 c6c04c1f 60acd0a6
1e3bb4a0 a184e2c2 284750ec dfd11b1a 2fd6a9e9 ea3fb658 169a35a3 caa37737 8333298d
dfd11b1a 2fd6a9e9 ea3fb658 1e3bb4a0 a184e2c2 284750ec 169a35a3 caa37737 8333298d
1e3bb4a0 a184e2c2 284750ec dfd11b1a 2fd6a9e9 ea3fb658 1e3bb4a0 a184e2c2 284750ec
42125116 dc9cc617 7efee877 9c400590 638425ba 52eb2ae8 3b6d22c9 fcfdf766 168ba623
9c400590 638425ba 52eb2ae8 42125116 dc9cc617 7efee877 3b6d22c9 fcfdf766 168ba623
42125116 dc9cc617 7efee877 9c400590 638425ba 52eb2ae8 42125116 dc9cc617 7efee877
92d2f630 3fbddab0 300b54b1 f05a0a83 f8a9d578 d6277eb9 2d0893ed 7061d30d 17fdd297
f05a0a83 f8a9d578 d6277eb9 92d2f630 3fbddab0 300b54b1 2d0893ed 7061d30d 17fdd297
92d2f630 3fbddab0 300b54b1 f05a0a83 f8a9d578 d6277eb9 92d2f630 3fbddab0 300b54b1
d37e7b6e 8284b12f beb3a91c 4a0a9280 1afde30b f65e26db abfb6dd4 9b49c0a4 2f58ce20
4a0a9280 1afde30b f65e26db d37e7b6e 8284b12f beb3a91c abfb6dd4 9b49c0a4 2f58ce20
d37e7b6e 8284b12f beb3a91c 4a0a9280 1afde30b f65e26db d37e7b6e 8284b12f beb3a91c
77c2850a ae2bddf2 f51ea2b5 c4df04bc 5bbada4c cb8facd1 72acfa4c 9ab5a1c1 1376caef
c4df04bc 5bbada4c cb8facd1 77c2850a ae2bddf2 f51ea2b5 72acfa4c 9ab5a1c1 1376caef
77c2850a ae2bddf2 f51ea2b5 c4df04bc 5bbada4c cb8facd1 77c2850a ae2bddf2 f51ea2b5
cd355fbc b7a9d2ef a7e92bd2 9876636c 10051459 9d4f949d e406629a 47b8abef 8305b7e4
9876636c 10051459 9d4f949d cd355fbc b7a9d2ef a7e92bd2 e406629a 47b8abef 8305b7e4
cd355fbc b7a9d2ef a7e92bd2 9876636c 10051459 9d4f949d cd355fbc b7a9d2ef a7e92bd2
b8ec80e7 1d95a208 1e1542b9 6c24ea26 6777d6ed 3dacbfbb 14795c10 d2eb58a2 bf0178d3
6c24ea26 6777d6ed 3dacbfbb b8ec80e7 1d95a208 1e1542b9 14795c10 d2eb58a2 bf0178d3
b8ec80e7 1d95a208 1e1542b9 6c24ea26 6777d6ed 3dacbfbb b8ec80e7 1d95a208 1e1542b9
d97b6ce9 aa382067 48849893 c860b781 e2f7bcb5 72c5854f 40e26119 e581273f 1dfd8a2f
c860b781 e2f7bcb5 72c5854f d97b6ce9 aa382067 48849893 40e26119 e581273f 1dfd8a2f
d97b6ce9 aa382067 48849893 c860b781 e2f7bcb5 72c5854f d97b6ce9 aa382067 48849893
34efa7ef ff6cacd3 b841cb90 c8ee44a8 8742b0aa 07253463 eff4ee16 36ca4f32 db01a913
c8ee44a8 8742b0aa 07253463 34efa7ef ff6cacd3 b841cb90 eff4ee16 36ca4f32 db01a913
34efa7ef ff6cacd3 b841cb90 c8ee44a8 8742b0aa 07253463 34efa7ef ff6cacd3 b841cb90
2853adb7 ac61d9d1 ceff93c9 9caa1778 40b0e8b4 2ba64598 3f56762c 0bb2a6db 844ac400
9caa1778 40b0e8b4 2ba64598 2853adb7 ac61d9d1 ceff93c9 3f56762c 0bb2a6db 844ac400
2853adb7 ac61d9d1 ceff93c9 9caa1778 40b0e8b4 2ba64598 2853adb7 ac61d9d1 ceff93c9
15bec4b9 c5dcef37 7c90727d a5848760 63d6ee38 8cdbee97 a7b818d9 488304f0 e0517d52
a5848760 63d6ee38 8cdbee97 15bec4b9 c5dcef37 7c90727d a7b818d9 488304f0 e0517d52
15bec4b9 c5dcef37 7c90727d a5848760 63d6ee38 8cdbee97 15bec4b9 c5dcef37 7c90727d
0c35e38d 010ad1d0 6969f882 e3f87cd4 cee9783c 901108b5 2329cf9a 2ebeef5c e9d4f50e
e3f87cd4 cee9783c 901108b5 0c35e38d 010ad1d0 6969f882 2329cf9a 2ebeef5c e9d4f50e
0c35e38d 010ad1d0 6969f882 e3f87cd4 cee9783c 901108b5 0c35e38d 010ad1d0 6969f882
5235ec7e c0e95f20 fdde8aa2 290cacdc 9820ecba 8dcfb519 1725a570 37e0d7ce 6afbe67f
290cacdc 9820ecba 8dcfb519 5235ec7e c0e95f20 fdde8aa2 1725a570 37e0d7ce 6afbe67f
5235ec7e c0e95f20 fdde8aa2 290cacdc 9820ecba 8dcfb519 5235ec7e c0e95f20 fdde8aa2
4e00ae17 fed9b3d3 e64c5b9c b0d085b7 f4fe69cb 97f40200 aa090337 21743781 22130be5
b0d085b7 f4fe69cb 97f40200 4e00ae17 fed9b3d3 e64c5b9c aa090337 21743781 22130be5
4e00ae17 fed9b3d3 e64c5b9c b0d085b7 f4fe69cb 97f40200 4e00ae17 fed9b3d3 e64c5b9c
3cabb16e c70716d6 ecc0f9cb 98e99b80 60d70e32 f2001005 942885eb 56924346 37aeda0c
98e99b80 60d70e32 f2001005 3cabb16e c70716d6 ecc0f9cb 942885eb 56924346 37aeda0c
3cabb16e c70716d6 ecc0f9cb 98e99b80 60d70e32 f2001005 3cabb16e c70716d6 ecc0f9cb
a18a2e06 04a7c122 1088cf53 0f02fc38 648f54ff 3a4ca84d 82202b59 074f05db ccd17bdb
0f02fc38 648f54ff 3a4ca84d a18a2e06 04a7c122 1088cf53 82202b59 074f05db ccd17bdb
a18a2e06 04a7c122 1088cf53 0f02fc38 648f54ff 3a4ca84d a18a2e06 04a7c122 1088cf53
d09c0690 8d8a7add 0fac0737 5f4a6251 2f086ffe c93ec5c9 8caad8e8 646c9e3a c2ba00ef
5f4a6251 2f086ffe c93ec5c9 d09c0690 8d8a7add 0fac0737 8caad8e8 646c9e3a c2ba00ef
d09c0690 8d8a7add 0fac0737 5f4a6251 2f086ffe c93ec5c9 d09c0690 8d8a7add 0fac0737
5ffc23af 598f749a 83b0e2b8 975af020 f68f138e 24f3f0f6 fe2fdb8b cd28bcda 6b822796
975af020 f68f138e 24f3f0f6 5ffc23af 598f749a 83b0e2b8 fe2fdb8b cd28bcda 6b822796
5ffc23af 598f749a 83b0e2b8 975af020 f68f138e 24f3f0f6 5ffc23af 598f749a 83b0e2b8
7e2c9ed4 a851372d 4ee9f344 50c10f88 dc190e6d 8f4dc0ac 4f84ae50 f67a4105 36203cbc
50c10f88 dc190e6d 8f4dc0ac 7e2c9ed4 a851372d 4ee9f344 4f84ae50 f67a4105 36203cbc
7e2c9ed4 a851372d 4ee9f344 50c10f88 dc190e6d 8f4dc0ac 7e2c9ed4 a851372d 4ee9f344
91342b84 5c442c86 6ff49ea3 f34c8fa1 c6861b46 7e6593cb 09100c29 f5e266c0 64fda55d
f34c8fa1 c6861b46 7e6593cb 91342b84 5c442c86 6ff49ea3 09100c29 f5e266c0 64fda55d
91342b84 5c442c86 6ff49ea3 f34c8fa1 c6861b46 7e6593cb 91342b84 5c442c86 6ff49ea3
e9ae1c6c 70c58cd1 ed43bc93 dbcd4128 605735c1 b9c38e6d 16c754ab 10efd318 f7271ab6
dbcd4128 605735c1 b9c38e6d e9ae1c6c 70c58cd1 ed43bc93 16c754ab 10efd318 f7271ab6
e9ae1c6c 70c58cd1 ed43bc93 dbcd4128 605735c1 b9c38e6d e9ae1c6c 70c58cd1 ed43bc93
49f747ee e379a4df 67c862ad 07059289 c2fe1d6d 8ebe565a 4b7d0339 aa1c5b46 10f52a58
07059289 c2fe1d6d 8ebe565a 49f747ee e379a4df 67c862ad 4b7d0339 aa1c5b46 10f52a58
49f747ee e379a4df 67c862ad 07059289 c2fe1d6d 8ebe565a 49f747ee e379a4df 67c862ad
513f06a6 d9eb96ca bb1da803 d795b5a5 6aadb4f3 69ad7e88 086bee85 12508ecb c11a99e0
d795b5a5 6aadb4f3 69ad7e88 513f06a6 d9eb96ca bb1da803 086bee85 12508ecb c11a99e0
513f06a6 d9eb96ca bb1da803 d795b5a5 6aadb4f3 69ad7e88 513f06a6 d9eb96ca bb1da803
b6a5f19f a2c6ba42 83958545 0beb02d0 73115ccd f547f279 8e2a46c1 1d7bf9aa 1b65145a
0beb02d0 73115ccd f547f279 b6a5f19f a2c6ba42 83958545 8e2a46c1 1d7bf9aa 1b65145a
b6a5f19f a2c6ba42 83958545 0beb02d0 73115ccd f547f279 b6a5f19f a2c6ba42 83958545
c403f6ef 6e03b8a4 1644cc06 4cf0032d ebb704c0 4ca7b6c1 8e5325cf 1666cfcb b9977c69
4cf0032d ebb704c0 4ca7b6c1 c403f6ef 6e03b8a4 1644cc06 8e5325cf 1666cfcb b9977c69
c403f6ef 6e03b8a4 1644cc06 4cf0032d ebb704c0 4ca7b6c1 c403f6ef 6e03b8a4 1644cc06
d6556b4e dfcf77be a64438da 1b5e83e3 3a53ef5e fa8d5a42 ae319601 75c27ae3 4ae2b95b
1b5e83e3 3a53ef5e fa8d5a42 d6556b4e dfcf77be a64438da ae319601 75c27ae3 4ae2b95b
d6556b4e dfcf77be a64438da 1b5e83e3 3a53ef5e fa8d5a42 d6556b4e dfcf77be a64438da
3ce397d9 8e0d2c4a 356c62df e903996e 4509dc78 a8e8b400 2d43b1aa 60142a0a a7046d78
e903996e 4509dc78 a8e8b400 3ce397d9 8e0d2c4a 356c62df 2d43b1aa 60142a0a a7046d78
3ce397d9 8e0d2c4a 356c62df e903996e 4509dc78 a8e8b400 3ce397d9 8e0d2c4a 356c62df
d53f5542 e8e0bbe8 1cdc0be7 24082da7 5fb0ea89 1ffd7633 214dc8a4 22e12b7e ce4edd1a
24082da7 5fb0ea89 1ffd7633 d53f5542 e8e0bbe8 1cdc0be7 214dc8a4 22e12b7e ce4edd1a
d53f5542 e8e0bbe8 1cdc0be7 24082da7 5fb0ea89 1ffd7633 d53f5542 e8e0bbe8 1cdc0be7
4eefdb52 7315d9dc 85ff91f5 534a9f0d 02337fea d5a98a7b 11ace22d 158e0d60 fd9166e6
534a9f0d 02337fea d5a98a7b 4eefdb52 7315d9dc 85ff91f5 11ace22d 158e0d60 fd9166e6
4eefdb52 7315d9dc 85ff91f5 534a9f0d 02337fea d5a98a7b 4eefdb52 7315d9dc 85ff91f5
dbab3913 9334ac1c 4ac87a81 a0b97e5b 91725e87 96d65ebb aa42b814 e6d359a3 4cb815fb
a0b97e5b 91725e87 96d65ebb dbab3913 9334ac1c 4ac87a81 aa42b814 e6d359a3 4cb815fb
dbab3913 9334ac1c 4ac87a81 a0b97e5b 91725e87 96d65ebb dbab3913 9334ac1c 4ac87a81
ca85b160 25d1a559 aef80677 2fdc74c4 9f33167b 5119a2c1 32f84675 efe7039a 0a4c745d
2fdc74c4 9f33167b 5119a2c1 ca85b160 25d1a559 aef80677 32f84675 efe7039a 0a4c745d
ca85b160 25d1a559 aef80677 2fdc74c4 9f33167b 5119a2c1 ca85b160 25d1a559 aef80677
2331c162 f1f12f90 3a142de6 565c61ed 575d9733 83e5ba6a 431efa37 6bc39816 6a607f3d
565c61ed 575d9733 83e5ba6a 2331c162 f1f12f90 3a142de6 431efa37 6bc39816 6a607f3d
2331c162 f1f12f90 3a142de6 565c61ed 575d9733 83e5ba6a 2331c162 f1f12f90 3a142de6
24a75cf1 dbc5b3fd eb30501d 9df368c1 aafaa039 2d4fb687 71ca9d63 4187c5c6 bdb5c2bf
9df368c1 aafaa039 2d4fb687 24a75cf1 dbc5b3fd eb30501d 71ca9d63 4187c5c6 bdb5c2bf
24a75cf1 dbc5b3fd eb30501d 9df368c1 aafaa039 2d4fb687 24a75cf1 dbc5b3fd eb30501d
5f68995f cefbcf4b 55182aa2 4fd498be 53c27b4f 7d8a4677 c0045443 54d96b30 2a048290
4fd498be 53c27b4f 7d8a4677 5f68995f cefbcf4b 55182aa2 c0045443 54d96b30 2a048290
5f68995f cefbcf4b 55182aa2 4fd498be 53c27b4f 7d8a4677 5f68995f cefbcf4b 55182aa2
39a466fb cd1116a1 f45e8164 dbc4fcb1 ce941b6b 8f5cb725 6b9a99d7 9030539a 2807cd8f
dbc4fcb1 ce941b6b 8f5cb725 39a466fb cd1116a1 f45e8164 6b9a99d7 9030539a 2807cd8f
39a466fb cd1116a1 f45e8164 dbc4fcb1 ce941b6b 8f5cb725 39a466fb cd1116a1 f45e8164
fb3120ef 2b839989 db51fc50 163197d2 df357b69 360c16b5 e4a4d03e f054e23e 3f54cadd
163197d2 df357b69 360c16b5 fb3120ef 2b839989 db51fc50 e4a4d03e f054e23e 3f54cadd
fb3120ef 2b839989 db51fc50 163197d2 df357b69 360c16b5 fb3120ef 2b839989 db51fc50
ef17b960 69253bbd 295da460 2b3ce3cc f1a3e97c 40defd64 23356393 e55a04ca 643b0a5f
2b3ce3cc f1a3e97c 40defd64 ef17b960 69253bbd 295da460 23356393 e55a04ca 643b0a5f
ef17b960 69253bbd 295da460 2b3ce3cc f1a3e97c 40defd64 ef17b960 69253bbd 295da460
1a08d48a 5bed0d31 837148cb 84a4ce70 98b68dc1 bbc73ea7 872fd3e0 3240b830 4befdba6
84a4ce70 98b68dc1 bbc73ea7 1a08d48a 5bed0d31 837148cb 872fd3e0 3240b830 4befdba6
1a08d48a 5bed0d31 837148cb 84a4ce70 98b68dc1 bbc73ea7 1a08d48a 5bed0d31 837148cb
15e449b1 2ee9df28 c7a22df3 abde903a c35e07bb 20d54272 ac5c7dba dec0b8c5 33d0c030
abde903a c35e07bb 20d54272 15e449b1 2ee9df28 c7a22df3 ac5c7dba dec0b8c5 33d0c030
15e449b1 2ee9df28 c7a22df3 abde903a c35e07bb 20d54272 15e449b1 2ee9df28 c7a22df3
d3b94353 a4925823 dd0c71cf dc569453 17ed0e8e 3cf35f53 251c9e38 aa8899c4 fe2c9025
dc569453 17ed0e8e 3cf35f53 d3b94353 a4925823 dd0c71cf 251c9e38 aa8899c4 fe2c9025
d3b94353 a4925823 dd0c71cf dc569453 17ed0e8e 3cf35f53 d3b94353 a4925823 dd0c71cf
95d3990a 1fcdf8b4 813911dc 0cd1f792 6eae005c 1a886fb9 900ce6fd 4a8abb30 02782c68
0cd1f792 6eae005c 1a886fb9 95d3990a 1fcdf8b4 813911dc 900ce6fd 4a8abb30 02782c68
95d3990a 1fcdf8b4 813911dc 0cd1f792 6eae005c 1a886fb9 95d3990a 1fcdf8b4 813911dc
853c7020 de59906b ac059ef4 cb3efcbd 3303ffe8 2f8f9219 94224f38 394e8f36 d02d452e
cb3efcbd 3303ffe8 2f8f9219 853c7020 de59906b ac059ef4 94224f38 394e8f36 d02d452e
853c7020 de59906b ac059ef4 cb3efcbd 3303ffe8 2f8f9219 853c7020 de59906b ac059ef4
8c8adeb4 d63e7dee f6c1034b af0eda2f 5b4e9522 d278b1b7 068c603d d687bfde 1627f941
af0eda2f 5b4e9522 d278b1b7 8c8adeb4 d63e7dee f6c1034b 068c603d d687bfde 1627f941
8c8adeb4 d63e7dee f6c1034b af0eda2f 5b4e9522 d278b1b7 8c8adeb4 d63e7dee f6c1034b
800f99ef 15b4ab5e 4770a476 d22f3b8c 361a7db6 7b521c91 0fa568de 9f8ebb5c 124e8b06
d22f3b8c 361a7db6 7b521c91 800f99ef 15b4ab5e 4770a476 0fa568de 9f8ebb5c 124e8b06
800f99ef 15b4ab5e 4770a476 d22f3b8c 361a7db6 7b521c91 800f99ef 15b4ab5e 4770a476
0b549961 e2cfe383 2361f662 792514d4 3723f4a0 32ec323d dbf1135e 57c5df70 1421caf5
792514d4 3723f4a0 32ec323d 0b549961 e2cfe383 2361f662 dbf1135e 57c5df70 1421caf5
0b549961 e2cfe383 2361f662 792514d4 3723f4a0 32ec323d 0b549961 e2cfe383 2361f662
99d75c1b 5f113ff4 26a9e01b 39369572 255230a6 223ca7ab 9fd0dbba 211d81f2 c1dc7e4f
39369572 255230a6 223ca7ab 99d75c1b 5f113ff4 26a9e01b 9fd0dbba 211d81f2 c1dc7e4f
99d75c1b 5f113ff4 26a9e01b 39369572 255230a6 223ca7ab 99d75c1b 5f113ff4 26a9e01b
b6af3e0d 48118aa2 db695e73 507995d8 1ca4a0d6 1f4c0062 0b11e955 786a573e c2bd2c05
507995d8 1ca4a0d6 1f4c0062 b6af3e0d 48118aa2 db695e73 0b11e955 786a573e c2bd2c05
b6af3e0d 48118aa2 db695e73 507995d8 1ca4a0d6 1f4c0062 b6af3e0d 48118aa2 db695e73
f47997f1 f58820f4 cd19c297 2c1a7a5c 215a278e c6424fc9 1a9b6d1a 06520375 cf32e56f
2c1a7a5c 215a278e c6424fc9 f47997f1 f58820f4 cd19c297 1a9b6d1a 06520375 cf32e56f
f47997f1 f58820f4 cd19c297 2c1a7a5c 215a278e c6424fc9 f47997f1 f58820f4 cd19c297
a4780320 62144355 7e559e2b c62db7b1 a51072dc 15d8c646 55e47764 9972d090 886aca40
c62db7b1 a51072dc 15d8c646 a4780320 62144355 7e559e2b 55e47764 9972d090 886aca40
a4780320 62144355 7e559e2b c62db7b1 a51072dc 15d8c646 a4780320 62144355 7e559e2b
c192cf6a 1f220dcb 41e97ba2 df7b70a2 505d0089 7e2b1b3b 764fdf85 f677ca68 4f65dcef
df7b70a2 505d0089 7e2b1b3b c192cf6a 1f220dcb 41e97ba2 764fdf85 f677ca68 4f65dcef
c192cf6a 1f220dcb 41e97ba2 df7b70a2 505d0089 7e2b1b3b c192cf6a 1f220dcb 41e97ba2
4987b2fb 67277982 55aa2476 0c392bbe 9b5bc128 dd28e4e8 747d976b 58b699db 2441decc
0c392bbe 9b5bc128 dd28e4e8 4987b2fb 67277982 55aa2476 747d976b 58b699db 2441decc
4987b2fb 67277982 55aa2476 0c392bbe 9b5bc128 dd28e4e8 4987b2fb 67277982 55aa2476
a225b481 9d83af7c 62165d9a 0cee4778 a8d172fd 811786b3 d048a7c9 425fd77d b4a0b316
0cee4778 a8d172fd 811786b3 a225b481 9d83af7c 62165d9a d048a7c9 425fd77d b4a0b316
a225b481 9d83af7c 62165d9a 0cee4778 a8d172fd 811786b3 a225b481 9d83af7c 62165d9a
a5679940 6dca97a8 4ed33b7f 53d058df 302d3de9 ec06a5fe e290c9cd 0482f7ae 4c5c28e5
53d058df 302d3de9 ec06a5fe a5679940 6dca97a8 4ed33b7f e290c9cd 0482f7ae 4c5c28e5
a5679940 6dca97a8 4ed33b7f 53d058df 302d3de9 ec06a5fe a5679940 6dca97a8 4ed33b7f
10e25a87 07ba01e9 dd60a745 99dcbca6 f0ad79e1 fcf97c21 685ad8f4 9825e83b 07870895
99dcbca6 f0ad79e1 fcf97c21 10e25a87 07ba01e9 dd60a745 685ad8f4 9825e83b 07870895
10e25a87 07ba01e9 dd60a745 99dcbca6 f0ad79e1 fcf97c21 10e25a87 07ba01e9 dd60a745
30b5b67a 07781919 e4dc312a 7778d994 87212e1f 9df2e22e 96029f74 7124204e 0ebefce3
7778d994 87212e1f 9df2e22e 30b5b67a 07781919 e4dc312a 96029f74 7124204e 0ebefce3
30b5b67a 07781919 e4dc312a 7778d994 87212e1f 9df2e22e 30b5b67a 07781919 e4dc312a
0141f589 aaa3709b a1416b0a e7c48b6f 3a7e4ac1 9681ba6d db5e3360 f73dffa0 0683b8a7
e7c48b6f 3a7e4ac1 9681ba6d 0141f589 aaa3709b a1416b0a db5e3360 f73dffa0 0683b8a7
0141f589 aaa3709b a1416b0a e7c48b6f 3a7e4ac1 9681ba6d 0141f589 aaa3709b a1416b0a
a940866d 1d15a735 983f92c3 fefff5fb 037a7d4b 3ce9507d 3d81f827 9f35b5b0 6a62abc7
fefff5fb 037a7d4b 3ce9507d a940866d 1d15a735 983f92c3 3d81f827 9f35b5b0 6a62abc7
a940866d 1d15a735 983f92c3 fefff5fb 037a7d4b 3ce9507d a940866d 1d15a735 983f92c3
a6b1608b 0a834ce1 3a082fc1 ac59e772 2fcc425e c403065b ba5bda74 ac16b0f6 49cb2b68
ac59e772 2fcc425e c403065b a6b1608b 0a834ce1 3a082fc1 ba5bda74 ac16b0f6 49cb2b68
a6b1608b 0a834ce1 3a082fc1 ac59e772 2fcc425e c403065b a6b1608b 0a834ce1 3a082fc1
0ea81791 fc18fdf0 2ff4dae8 715da00d 29b64c73 deacf372 78530605 f567c2d2 18de3767
715da00d 29b64c73 deacf372 0ea81791 fc18fdf0 2ff4dae8 78530605 f567c2d2 18de3767
0ea81791 fc18fdf0 2ff4dae8 715da00d 29b64c73 deacf372 0ea81791 fc18fdf0 2ff4dae8
b08420eb ee82cfae b2b77d89 fcfb34e7 dfbdb7be 33f1de95 904933bf ae09b938 e78694bc
fcfb34e7 dfbdb7be 33f1de95 b08420eb ee82cfae b2b77d89 904933bf ae09b938 e78694bc
b08420eb ee82cfae b2b77d89 fcfb34e7 dfbdb7be 33f1de95 b08420eb ee82cfae b2b77d89
35cbf8b8 8ae9383b a2bf653f bd7a55f0 46b3977b 0afe3ee7 d1aa28fd 0164dc5c 20f4df00
bd7a55f0 46b3977b 0afe3ee7 35cbf8b8 8ae9383b a2bf653f d1aa28fd 0164dc5c 20f4df00
35cbf8b8 8ae9383b a2bf653f bd7a55f0 46b3977b 0afe3ee7 35cbf8b8 8ae9383b a2bf653f
1d7133bb 66773785 2b8d107d db53ac96 19f423ca 162791b6 17dca493 1d21eb47 4ccc1caa
db53ac96 19f423ca 162791b6 1d7133bb 66773785 2b8d107d 17dca493 1d21eb47 4ccc1caa
1d7133bb 66773785 2b8d107d db53ac96 19f423ca 162791b6 1d7133bb 66773785 2b8d107d
5f60dbc5 bada0e0a 368f9d53 402d0e60 623a4b8b 1f35461d fe0b7467 54bb86f2 a7825897
402d0e60 623a4b8b 1f35461d 5f60dbc5 bada0e0a 368f9d53 fe0b7467 54bb86f2 a7825897
5f60dbc5 bada0e0a 368f9d53 402d0e60 623a4b8b 1f35461d 5f60dbc5 bada0e0a 368f9d53
0795f32f a650bd0e 233d17d8 35284e7e e1462d9f 0d93ed21 3bbf500d b6c8f031 e2d89c9d
35284e7e e1462d9f 0d93ed21 0795f32f a650bd0e 233d17d8 3bbf500d b6c8f031 e2d89c9d
0795f32f a650bd0e 233d17d8 35284e7e e1462d9f 0d93ed21 0795f32f a650bd0e 233d17d8
72d72706 5e7b68a5 ca574ee8 c2ef7c22 9c4171e2 5b8ed527 b6246b26 01e82683 0d7d270a
c2ef7c22 9c4171e2 5b8ed527 72d72706 5e7b68a5 ca574ee8 b6246b26 01e82683 0d7d270a
72d72706 5e7b68a5 ca574ee8 c2ef7c22 9c4171e2 5b8ed527 72d72706 5e7b68a5 ca574ee8
967cb7e7 33a48a1b 88f71d24 24d9ecea af91e9a2 f612e8da 93232499 00546e2a 3e547430
24d9ecea af91e9a2 f612e8da 967cb7e7 33a48a1b 88f71d24 93232499 00546e2a 3e547430
967cb7e7 33a48a1b 88f71d24 24d9ecea af91e9a2 f612e8da 967cb7e7 33a48a1b 88f71d24
bf982e94 7608174b 7be97ad5 de6e0310 99f4da7a d5a99997 5da0b816 4e6fe4d2 e4f30b60
de6e0310 99f4da7a d5a99997 bf982e94 7608174b 7be97ad5 5da0b816 4e6fe4d2 e4f30b60
bf982e94 7608174b 7be97ad5 de6e0310 99f4da7a d5a99997 bf982e94 7608174b 7be97ad5
6cb8b6e5 484902b6 2c0e293e 785f34db 67c49d6a 64f3acd2 40d56001 d5cfa37a 3717909d
785f34db 67c49d6a 64f3acd2 6cb8b6e5 484902b6 2c0e293e 40d56001 d5cfa37a 3717909d
6cb8b6e5 484902b6 2c0e293e 785f34db 67c49d6a 64f3acd2 6cb8b6e5 484902b6 2c0e293e
1e8e8d94 893ca990 c9d53bd6 b9f82e5c 39c342a7 040ba301 b6b4c5e7 a98b1d4e 448fa2f7
b9f82e5c 39c342a7 040ba301 1e8e8d94 893ca990 c9d53bd6 b6b4c5e7 a98b1d4e 448fa2f7
1e8e8d94 893ca990 c9d53bd6 b9f82e5c 39c342a7 040ba301 1e8e8d94 893ca990 c9d53bd6
3b720274 fe4108dd 04c82ab8 f5cb9cfc 50b06bd1 ea6a36e5 4a6007fb 7448c49b b3fafdbc
f5cb9cfc 50b06bd1 ea6a36e5 3b720274 fe4108dd 04c82ab8 4a6007fb 7448c49b b3fafdbc
3b720274 fe4108dd 04c82ab8 f5cb9cfc 50b06bd1 ea6a36e5 3b720274 fe4108dd 04c82ab8
aeb7702c 4753eab1 52286500 59090f32 323d8f53 838d3075 24a2a253 abf380fd ea15574b
59090f32 323d8f53 838d3075 aeb7702c 4753eab1 52286500 24a2a253 abf380fd ea15574b
aeb7702c 4753eab1 52286500 59090f32 323d8f53 838d3075 aeb7702c 4753eab1 52286500
fefdfe48 def833a0 d1c35206 040652e4 6cdc07fe b563904f 62f42f9c bec47f83 d048b97e
040652e4 6cdc07fe b563904f fefdfe48 def833a0 d1c35206 62f42f9c bec47f83 d048b97e
fefdfe48 def833a0 d1c35206 040652e4 6cdc07fe b563904f fefdfe48 def833a0 d1c35206
a36b0a66 0f39e36a c123a0b6 d665688e 7b6270d3 aeb60651 2be81b7e b30c6968 f77a4919
d665688e 7b6270d3 aeb60651 a36b0a66 0f39e36a c123a0b6 2be81b7e b30c6968 f77a4919
a36b0a66 0f39e36a c123a0b6 d665688e 7b6270d3 aeb60651 a36b0a66 0f39e36a c123a0b6
cdf29429 0d9b32f9 a22131cf d20c601f 9242ebff dd93a78e 5d17266e f6a3642e dca13eac
d20c601f 9242ebff dd93a78e cdf29429 0d9b32f9 a22131cf 5d17266e f6a3642e dca13eac
cdf29429 0d9b32f9 a22131cf d20c601f 9242ebff dd93a78e cdf29429 0d9b32f9 a22131cf
c541b8ed 2a957c3d bdf98c2d 3e9d5b5c 05e7f68d f50dd258 3937a697 90c55dc0 6863af95
3e9d5b5c 05e7f68d f50dd258 c541b8ed 2a957c3d bdf98c2d 3937a697 90c55dc0 6863af95
c541b8ed 2a957c3d bdf98c2d 3e9d5b5c 05e7f68d f50dd258 c541b8ed 2a957c3d bdf98c2d
558955b0 990197c9 f69072a0 17c3a1a5 c6afab2f fb6caf4a 353c07b6 38cb6f9c a126b83d
17c3a1a5 c6afab2f fb6caf4a 558955b0 990197c9 f69072a0 353c07b6 38cb6f9c a126b83d
558955b0 990197c9 f69072a0 17c3a1a5 c6afab2f fb6caf4a 558955b0 990197c9 f69072a0
21fc2712 53e80b5b 9639d05f a42072d1 3d5a5d04 e0441864 20200011 bb8032f9 629819d5
a42072d1 3d5a5d04 e0441864 21fc2712 53e80b5b 9639d05f 20200011 bb8032f9 629819d5
21fc2712 53e80b5b 9639d05f a42072d1 3d5a5d04 e0441864 21fc2712 53e80b5b 9639d05f
e620cb41 c1a97299 05472388 a8de4c2d cc01dabf 96a54e9e c510e7da e5c3a6cf 48c1ad39
a8de4c2d cc01dabf 96a54e9e e620cb41 c1a97299 05472388 c510e7da e5c3a6cf 48c1ad39
e620cb41 c1a97299 05472388 a8de4c2d cc01dabf 96a54e9e e620cb41 c1a97299 05472388
84fc99e9 b7e32a67 5aef50f6 8b232e66 f536f51c 3481cc09 9cb0025a 0f42ea5d f81c1fa5
8b232e66 f536f51c 3481cc09 84fc99e9 b7e32a67 5aef50f6 9cb0025a 0f42ea5d f81c1fa5
84fc99e9 b7e32a67 5aef50f6 8b232e66 f536f51c 3481cc09 84fc99e9 b7e32a67 5aef50f6
41a01e78 ed5b4d02 f8fbc685 998849e5 7d31a83e 008f6af9 0637ae48 5f90b897 70ec80a5
998849e5 7d31a83e 008f6af9 41a01e78 ed5b4d02 f8fbc685 0637ae48 5f90b897 70ec80a5
41a01e78 ed5b4d02 f8fbc685 998849e5 7d31a83e 008f6af9 41a01e78 ed5b4d02 f8fbc685
80a11926 166023d4 60f12889 2490accb 0bc150a0 cc75ced2 57d6e603 4602e0f4 fc45f492
2490accb 0bc150a0 cc75ced2 80a11926 166023d4 60f12889 57d6e603 4602e0f4 fc45f492
80a11926 166023d4 60f12889 2490accb 0bc150a0 cc75ced2 80a11926 166023d4 60f12889
a6eede24 8ea969a0 8ebd5571 15d6f38a d561c84d 5c67dba1 90ec85b2 246636c5 9d6e3e3c
15d6f38a d561c84d 5c67dba1 a6eede24 8ea969a0 8ebd5571 90ec85b2 246636c5 9d6e3e3c
a6eede24 8ea969a0 8ebd5571 15d6f38a d561c84d 5c67dba1 a6eede24 8ea969a0 8ebd5571
fbe562c6 36aa96ce dfde6e17 7ba144a8 ddd2014d b91179d7 bf786aa0 4b119a38 7b55c68e
7ba144a8 ddd2014d b91179d7 fbe562c6 36aa96ce dfde6e17 bf786aa0 4b119a38 7b55c68e
fbe562c6 36aa96ce dfde6e17 7ba144a8 ddd2014d b91179d7 fbe562c6 36aa96ce dfde6e17
c977b2c5 ff0225d8 db0b8a0d e2a59d4b cc4e48c5 2fe175e9 33a202c6 c39a3287 4c553937
e2a59d4b cc4e48c5 2fe175e9 c977b2c5 ff0225d8 db0b8a0d 33a202c6 c39a3287 4c553937
c977b2c5 ff0225d8 db0b8a0d e2a59d4b cc4e48c5 2fe175e9 c977b2c5 ff0225d8 db0b8a0d
6d2bfef3 70f238e0 83ee35c9 0f8df411 2957889f 25886454 9b1c2277 18498336 2852a00e
0f8df411 2957889f 25886454 6d2bfef3 70f238e0 83ee35c9 9b1c2277 18498336 2852a00e
6d2bfef3 70f238e0 83ee35c9 0f8df411 2957889f 25886454 6d2bfef3 70f238e0 83ee35c9
5b2a90eb 7f2b06c1 54bf02c2 e3238d01 2a267807 cab38708 a12ca3fd cdf824f6 4af0f302
e3238d01 2a267807 cab38708 5b2a90eb 7f2b06c1 54bf02c2 a12ca3fd cdf824f6 4af0f302
5b2a90eb 7f2b06c1 54bf02c2 e3238d01 2a267807 cab38708 5b2a90eb 7f2b06c1 54bf02c2
c70936a6 8e8759a0 069c416a 511f2d24 5959b29e 817fe331 f953e9e3 c1a5879e bb4519c7
511f2d24 5959b29e 817fe331 c70936a6 8e8759a0 069c416a f953e9e3 c1a5879e bb4519c7
c70936a6 8e8759a0 069c416a 511f2d24 5959b29e 817fe331 c70936a6 8e8759a0 069c416a
b4d5211c 146d3d17 2f590a34 0a1b16af 7ed96b33 25ee9b6f c561a58c fafe45e2 cf1e2db8
0a1b16af 7ed96b33 25ee9b6f b4d5211c 146d3d17 2f590a34 c561a58c fafe45e2 cf1e2db8
b4d5211c 146d3d17 2f590a34 0a1b16af 7ed96b33 25ee9b6f b4d5211c 146d3d17 2f590a34
3ed7f777 a8add9b1 c5d09bb5 d55863aa 5568da3d 3a1f9449 801ae761 4708c1f1 0d77c92a
d55863aa 5568da3d 3a1f9449 3ed7f777 a8add9b1 c5d09bb5 801ae761 4708c1f1 0d77c92a
3ed7f777 a8add9b1 c5d09bb5 d55863aa 5568da3d 3a1f9449 3ed7f777 a8add9b1 c5d09bb5
56d40e87 e3417b71 47a5da2a be8d16f0 2f524dcd eae44083 9b1d857b 8aa6d829 ddbbf290
be8d16f0 2f524dcd eae44083 56d40e87 e3417b71 47a5da2a 9b1d857b 8aa6d829 ddbbf290
56d40e87 e3417b71 47a5da2a be8d16f0 2f524dcd eae44083 56d40e87 e3417b71 47a5da2a
e43924c1 a2ed37ae 4865bb68 9c983cf2 2155aee8 1fc7550d 897b87a2 fcdd1b1a 67157134
9c983cf2 2155aee8 1fc7550d e43924c1 a2ed37ae 4865bb68 897b87a2 fcdd1b1a 67157134
e43924c1 a2ed37ae 4865bb68 9c983cf2 2155aee8 1fc7550d e43924c1 a2ed37ae 4865bb68
e0a22d2c 8c63c989 5df1ea56 4a083f60 d903824f 108926cc 685a4ca0 0d4b5c20 f46037c0
4a083f60 d903824f 108926cc e0a22d2c 8c63c989 5df1ea56 685a4ca0 0d4b5c20 f46037c0
e0a22d2c 8c63c989 5df1ea56 4a083f60 d903824f 108926cc e0a22d2c 8c63c989 5df1ea56
5339ded4 d349305c cc881e19 880c5d3e c2ac4f4a 2a487553 3edd24b8 6ab1386e 61787f59
880c5d3e c2ac4f4a 2a487553 5339ded4 d349305c cc881e19 3edd24b8 6ab1386e 61787f59
5339ded4 d349305c cc881e19 880c5d3e c2ac4f4a 2a487553 5339ded4 d349305c cc881e19
a58ae3a3 bac709de 832e326e b44187c4 bbb10b07 c1b8861a 979f168d d8f623d3 b771b43f
b44187c4 bbb10b07 c1b8861a a58ae3a3 bac709de 832e326e 979f168d d8f623d3 b771b43f
a58ae3a3 bac709de 832e326e b44187c4 bbb10b07 c1b8861a a58ae3a3 bac709de 832e326e
e7d1a6de 32db04cf 9e14ba4b 17334ae4 8055d14c dd2216a3 28cedffe fde679c9 f4ea8a19
17334ae4 8055d14c dd2216a3 e7d1a6de 32db04cf 9e14ba4b 28cedffe fde679c9 f4ea8a19
e7d1a6de 32db04cf 9e14ba4b 17334ae4 8055d14c dd2216a3 e7d1a6de 32db04cf 9e14ba4b
32fbd806 60091d70 280c536f d9594eb8 4d48facf 736c7aff b22fecca ad650f7b 60665eec
d9594eb8 4d48facf 736c7aff 32fbd806 60091d70 280c536f b22fecca ad650f7b 60665eec
32fbd806 60091d70 280c536f d9594eb8 4d48facf 736c7aff 32fbd806 60091d70 280c536f
bc45ab0c 609c31e6 a099dd39 e23fdbb0 dbe64b9d dafd62a8 1703d0ef c407a4e4 53fdc3bd
e23fdbb0 dbe64b9d dafd62a8 bc45ab0c 609c31e6 a099dd39 1703d0ef c407a4e4 53fdc3bd
bc45ab0c 609c31e6 a099dd39 e23fdbb0 dbe64b9d dafd62a8 bc45ab0c 609c31e6 a099dd39
427937a8 eea54af1 165274ad c51e2926 404190c1 5c307961 ba88fb61 b111631b e7f50cb8
c51e2926 404190c1 5c307961 427937a8 eea54af1 165274ad ba88fb61 b111631b e7f50cb8
427937a8 eea54af1 165274ad c51e2926 404190c1 5c307961 427937a8 eea54af1 165274ad
eaaeb341 9a9e5c95 e4f11b08 5926ea46 10ef5e4f 4a4b6fa3 32f2bfd4 4a23ea20 a4b38dcc
5926ea46 10ef5e4f 4a4b6fa3 eaaeb341 9a9e5c95 e4f11b08 32f2bfd4 4a23ea20 a4b38dcc
eaaeb341 9a9e5c95 e4f11b08 5926ea46 10ef5e4f 4a4b6fa3 eaaeb341 9a9e5c95 e4f11b08
c8da7d9a 04eb991e 3705ae63 5fc327cc 54839eb0 bfa2fd03 f09b1ec9 c1c005e8 be31b2f3
5fc327cc 54839eb0 bfa2fd03 c8da7d9a 04eb991e 3705ae63 f09b1ec9 c1c005e8 be31b2f3
c8da7d9a 04eb991e 3705ae63 5fc327cc 54839eb0 bfa2fd03 c8da7d9a 04eb991e 3705ae63
49731a15 fd2c8021 265ac413 0cc8424d f255cfa9 822e772a a0104af2 3ad856ae 1635460c
0cc8424d f255cfa9 822e772a 49731a15 fd2c8021 265ac413 a0104af2 3ad856ae 1635460c
49731a15 fd2c8021 265ac413 0cc8424d f255cfa9 822e772a 49731a15 fd2c8021 265ac413
83fbb9a3 94b81b81 e1941cad 70bc5541 da003730 1a66b7de abe43c28 eaeb646c a87106cd
70bc5541 da003730 1a66b7de 83fbb9a3 94b81b81 e1941cad abe43c28 eaeb646c a87106cd
83fbb9a3 94b81b81 e1941cad 70bc5541 da003730 1a66b7de 83fbb9a3 94b81b81 e1941cad
7e92a0ae 9a04a59b 0a97b66e f7439c19 1cf84315 8cd9a500 d91fa5e7 9fef0506 344af92d
f7439c19 1cf84315 8cd9a500 7e92a0ae 9a04a59b 0a97b66e d91fa5e7 9fef0506 344af92d
7e92a0ae 9a04a59b 0a97b66e f7439c19 1cf84315 8cd9a500 7e92a0ae 9a04a59b 0a97b66e
c6f41081 9bfdf9be 96488d8d a34ae4ff 8aa9d357 2afb7330 870fcc75 3e7bb84e 7556c0b2
a34ae4ff 8aa9d357 2afb7330 c6f41081 9bfdf9be 96488d8d 870fcc75 3e7bb84e 7556c0b2
c6f41081 9bfdf9be 96488d8d a34ae4ff 8aa9d357 2afb7330 c6f41081 9bfdf9be 96488d8d
91a046e7 b6415b3c 396aa79b 6bbd0806 7ecff603 9bf595d5 d0800c00 c159cfde 8e0a9d0c
6bbd0806 7ecff603 9bf595d5 91a046e7 b6415b3c 396aa79b d0800c00 c159cfde 8e0a9d0c
91a046e7 b6415b3c 396aa79b 6bbd0806 7ecff603 9bf595d5 91a046e7 b6415b3c 396aa79b
1c4f3afc b5e94629 24a3f834 2d5015ab 90bf3b08 8f6c9275 83a5dd33 72633677 8f8ce573
2d5015ab 90bf3b08 8f6c9275 1c4f3afc b5e94629 24a3f834 83a5dd33 72633677 8f8ce573
1c4f3afc b5e94629 24a3f834 2d5015ab 90bf3b08 8f6c9275 1c4f3afc b5e94629 24a3f834
208757d2 de53d4b6 7ada802d f4ba5f08 7ed52de9 a4aadc39 eea1ea4b 62de9ced 7304b9d4
f4ba5f08 7ed52de9 a4aadc39 208757d2 de53d4b6 7ada802d eea1ea4b 62de9ced 7304b9d4
208757d2 de53d4b6 7ada802d f4ba5f08 7ed52de9 a4aadc39 208757d2 de53d4b6 7ada802d
755650d9 afa9762a 92aabbb8 339a594b 3cd97c1b afc53d97 7463bcde dfaf21d2 01f0b25d
339a594b 3cd97c1b afc53d97 755650d9 afa9762a 92aabbb8 7463bcde dfaf21d2 01f0b25d
755650d9 afa9762a 92aabbb8 339a594b 3cd97c1b afc53d97 755650d9 afa9762a 92aabbb8
67d17ebb 41214a38 099e7461 69158c57 4d33788c 03f07074 473847ab 7851f1f2 b3cec1eb
69158c57 4d33788c 03f07074 67d17ebb 41214a38 099e7461 473847ab 7851f1f2 b3cec1eb
67d17ebb 41214a38 099e7461 69158c57 4d33788c 03f07074 67d17ebb 41214a38 099e7461
b0b72e7f 8e1837f3 f12d1a4d 25e0768e 03913cd6 11a42048 587811a6 d48a0859 e7c0b4f6
25e0768e 03913cd6 11a42048 b0b72e7f 8e1837f3 f12d1a4d 587811a6 d48a0859 e7c0b4f6
b0b72e7f 8e1837f3 f12d1a4d 25e0768e 03913cd6 11a42048 b0b72e7f 8e1837f3 f12d1a4d
44d2a459 10865089 59621447 0d954199 31b89c39 e2d5238c 4e1fd09d a4aa2cf3 883445ea
0d954199 31b89c39 e2d5238c 44d2a459 10865089 59621447 4e1fd09d a4aa2cf3 883445ea
44d2a459 10865089 59621447 0d954199 31b89c39 e2d5238c 44d2a459 10865089 59621447
acee0541 2378edfb 2a83168f fd125935 5a8efb7f a1e54440 dd73dee6 6cef4c8a 671156cc
fd125935 5a8efb7f a1e54440 acee0541 2378edfb 2a83168f dd73dee6 6cef4c8a 671156cc
acee0541 2378edfb 2a83168f fd125935 5a8efb7f a1e54440 acee0541 2378edfb 2a83168f
37d4f487 c349990d 92c96767 25b13adb 01dff21d 39484ecf c4de9341 befc6330 1e69ea11
25b13adb 01dff21d 39484ecf 37d4f487 c349990d 92c96767 c4de9341 befc6330 1e69ea11
37d4f487 c349990d 92c96767 25b13adb 01dff21d 39484ecf 37d4f487 c349990d 92c96767
e2b62458 a3fd25ae b9747c5f 70b1b079 807223a7 c0dc8ead 118d7527 c7920cd2 fcf80a0d
70b1b079 807223a7 c0dc8ead e2b62458 a3fd25ae b9747c5f 118d7527 c7920cd2 fcf80a0d
e2b62458 a3fd25ae b9747c5f 70b1b079 807223a7 c0dc8ead e2b62458 a3fd25ae b9747c5f
d5e790f9 5beca97e ff503124 4170b64e c1e92976 6492ea0d a9469bb0 1286c8ba d2b892fd
4170b64e c1e92976 6492ea0d d5e790f9 5beca97e ff503124 a9469bb0 1286c8ba d2b892fd
d5e790f9 5beca97e ff503124 4170b64e c1e92976 6492ea0d d5e790f9 5beca97e ff503124
3a43e072 b6080557 17beff29 bde33a1d 1afdac08 1b4aae50 c9d2fa59 9d72e661 a17361e3
bde33a1d 1afdac08 1b4aae50 3a43e072 b6080557 17beff29 c9d2fa59 9d72e661 a17361e3
3a43e072 b6080557 17beff29 bde33a1d 1afdac08 1b4aae50 3a43e072 b6080557 17beff29
1139ca6a 1ed5de06 81d8a1ac 596147da afd96a39 5787174b 0db1ffa7 cfb0bd84 fe55ac9e
596147da afd96a39 5787174b 1139ca6a 1ed5de06 81d8a1ac 0db1ffa7 cfb0bd84 fe55ac9e
1139ca6a 1ed5de06 81d8a1ac 596147da afd96a39 5787174b 1139ca6a 1ed5de06 81d8a1ac
57297c83 db42e455 0a655fff d3ffb49b e9768afd b0021a2d bc0fa813 9a2a19cb b58145c4
d3ffb49b e9768afd b0021a2d 57297c83 db42e455 0a655fff bc0fa813 9a2a19cb b58145c4
57297c83 db42e455 0a655fff d3ffb49b e9768afd b0021a2d 57297c83 db42e455 0a655fff
a1bb2fc4 c52710c6 f4843f8f 6d631d58 4ef6929e d1eabe5e 2809326e 93da265e 6ecf7dae
6d631d58 4ef6929e d1eabe5e a1bb2fc4 c52710c6 f4843f8f 2809326e 93da265e 6ecf7dae
a1bb2fc4 c52710c6 f4843f8f 6d631d58 4ef6929e d1eabe5e a1bb2fc4 c52710c6 f4843f8f
30bc3fd7 e351867a ef176610 df4cf793 0e11f4f4 be3d50a9 2f69fe29 8cd72ec2 2d6a7791
df4cf793 0e11f4f4 be3d50a9 30bc3fd7 e351867a ef176610 2f69fe29 8cd72ec2 2d6a7791
30bc3fd7 e351867a ef176610 df4cf793 0e11f4f4 be3d50a9 30bc3fd7 e351867a ef176610
dfcf1e3e da54f960 d6f02489 915def3d d0e65e36 471a447f 58ad4bbd 4fd81bd3 7482a277
915def3d d0e65e36 471a447f dfcf1e3e da54f960 d6f02489 58ad4bbd 4fd81bd3 7482a277
dfcf1e3e da54f960 d6f02489 915def3d d0e65e36 471a447f dfcf1e3e da54f960 d6f02489
c2c6e192 324274c1 a038a66b c71a407c 370a3561 0a1f4adb c9a6e188 69fc1aed f31826ad
c71a407c 370a3561 0a1f4adb c2c6e192 324274c1 a038a66b c9a6e188 69fc1aed f31826ad
c2c6e192 324274c1 a038a66b c71a407c 370a3561 0a1f4adb c2c6e192 324274c1 a038a66b
ef3a58bc 9cff2296 d13eb19d e9d72602 83f661b4 28e88dc7 83098ae0 126588ab 93ea5575
e9d72602 83f661b4 28e88dc7 ef3a58bc 9cff2296 d13eb19d 83098ae0 126588ab 93ea5575
ef3a58bc 9cff2296 d13eb19d e9d72602 83f661b4 28e88dc7 ef3a58bc 9cff2296 d13eb19d
b22e153d 36836ca1 d4495283 b91ff874 93757f3e 568f48b5 d0d1aa65 ea64e98b 78ead951
b91ff874 93757f3e 568f48b5 b22e153d 36836ca1 d4495283 d0d1aa65 ea64e98b 78ead951
b22e153d 36836ca1 d4495283 b91ff874 93757f3e 568f48b5 b22e153d 36836ca1 d4495283
68c8453d 83f914b7 467c0862 b266af5f 647c55ec bffe4689 b076b519 0446b9ac 5ca02f0e
b266af5f 647c55ec bffe4689 68c8453d 83f914b7 467c0862 b076b519 0446b9ac 5ca02f0e
68c8453d 83f914b7 467c0862 b266af5f 647c55ec bffe4689 68c8453d 83f914b7 467c0862
168b259e ff7b9980 f2824ff2 044bf2b8 fd0c8a1e 8857aaa3 4b8e4e68 76262055 81e85955
044bf2b8 fd0c8a1e 8857aaa3 168b259e ff7b9980 f2824ff2 4b8e4e68 76262055 81e85955
168b259e ff7b9980 f2824ff2 044bf2b8 fd0c8a1e 8857aaa3 168b259e ff7b9980 f2824ff2
d6f15b52 e3e86cf4 087babd1 e457a8f5 2fabbdb6 bcdd4311 a72ca2a8 6409cd22 fcb1a58a
e457a8f5 2fabbdb6 bcdd4311 d6f15b52 e3e86cf4 087babd1 a72ca2a8 6409cd22 fcb1a58a
d6f15b52 e3e86cf4 087babd1 e457a8f5 2fabbdb6 bcdd4311 d6f15b52 e3e86cf4 087babd1
365af94a c60d7d1d d0d23e9c 7840a711 1c836c44 9af64419 af93dbfe 8e3fcd2e da8eab5b
7840a711 1c836c44 9af64419 365af94a c60d7d1d d0d23e9c af93dbfe 8e3fcd2e da8eab5b
365af94a c60d7d1d d0d23e9c 7840a711 1c836c44 9af64419 365af94a c60d7d1d d0d23e9c
353e6091 07c41628 f7459917 3e8a462f 759100e5 96dcf56b be238772 5295eecc 06b486e9
3e8a462f 759100e5 96dcf56b 353e6091 07c41628 f7459917 be238772 5295eecc 06b486e9
353e6091 07c41628 f7459917 3e8a462f 759100e5 96dcf56b 353e6091 07c41628 f7459917
2122f641 fe85d74b 3217f729 8893492d d57ce628 435b2fcd 090cbb47 d12dd2a9 3d5f6ad4
8893492d d57ce628 435b2fcd 2122f641 fe85d74b 3217f729 090cbb47 d12dd2a9 3d5f6ad4
2122f641 fe85d74b 3217f729 8893492d d57ce628 435b2fcd 2122f641 fe85d74b 3217f729
b8559645 ac014015 1d5cff08 261a5055 5f13d49a 0bb79798 38158d3d 07fd20de 2090f50c
261a5055 5f13d49a 0bb79798 b8559645 ac014015 1d5cff08 38158d3d 07fd20de 2090f50c
b8559645 ac014015 1d5cff08 261a5055 5f13d49a 0bb79798 b8559645 ac014015 1d5cff08
48cc972f 378fc417 488bcc5e 86969e0f 1bfed32c 05d6aea2 fa8bca10 c688c9ba 8989cf9f
86969e0f 1bfed32c 05d6aea2 48cc972f 378fc417 488bcc5e fa8bca10 c688c9ba 8989cf9f
48cc972f 378fc417 488bcc5e 86969e0f 1bfed32c 05d6aea2 48cc972f 378fc417 488bcc5e
289f3f00 4e4b42b2 fdd50c78 256b7c03 9b131ff3 e28330ea 7cafcf2f e3560ee2 f191045c
256b7c03 9b131ff3 e28330ea 289f3f00 4e4b42b2 fdd50c78 7cafcf2f e3560ee2 f191045c
289f3f00 4e4b42b2 fdd50c78 256b7c03 9b131ff3 e28330ea 289f3f00 4e4b42b2 fdd50c78
6de4d38d 7054aa43 3c455375 d1a51458 9ddc1369 dd77cb64 3f29bae9 de534b66 451624d6
d1a51458 9ddc1369 dd77cb64 6de4d38d 7054aa43 3c455375 3f29bae9 de534b66 451624d6
6de4d38d 7054aa43 3c455375 d1a51458 9ddc1369 dd77cb64 6de4d38d 7054aa43 3c455375
e065726b 9d32a56b 7409a3c7 725f1414 4681e9b8 4820de99 53580fd8 a1e24ee1 2778fb33
725f1414 4681e9b8 4820de99 e065726b 9d32a56b 7409a3c7 53580fd8 a1e24ee1 2778fb33
e065726b 9d32a56b 7409a3c7 725f1414 4681e9b8 4820de99 e065726b 9d32a56b 7409a3c7
c4d1c8a0 f55ad402 4b3f860a e9dfa3bf 10d58905 cdb629b0 24910c6a be3f33e3 233586f0
e9dfa3bf 10d58905 cdb629b0 c4d1c8a0 f55ad402 4b3f860a 24910c6a be3f33e3 233586f0
c4d1c8a0 f55ad402 4b3f860a e9dfa3bf 10d58905 cdb629b0 c4d1c8a0 f55ad402 4b3f860a
55572bd5 9267d98f c16d742c c886c719 38191958 b4a37d9c cd2e7de0 f40d3169 a32c2a35
c886c719 38191958 b4a37d9c 55572bd5 9267d98f c16d742c cd2e7de0 f40d3169 a32c2a35
55572bd5 9267d98f c16d742c c886c719 38191958 b4a37d9c 55572bd5 9267d98f c16d742c
20551041 aea10c7b 30923030 85c944bc 20ea9637 e2a7b8b5 33bdda0d 0dfff20e 7b9a6e06
85c944bc 20ea9637 e2a7b8b5 20551041 aea10c7b 30923030 33bdda0d 0dfff20e 7b9a6e06
20551041 aea10c7b 30923030 85c944bc 20ea9637 e2a7b8b5 20551041 aea10c7b 30923030
11b13140 7bf5086b 2e8ffdb0 717cb102 a848c957 c4492ab0 510ff94e 9db4eb86 1bbb5b2e
717cb102 a848c957 c4492ab0 11b13140 7bf5086b 2e8ffdb0 510ff94e 9db4eb86 1bbb5b2e
11b13140 7bf5086b 2e8ffdb0 717cb102 a848c957 c4492ab0 11b13140 7bf5086b 2e8ffdb0
0c00d35e 338e0119 e97ace65 610f2aca 40451b10 dae4f10c 29c56bff d23deedb 1f9a960e
610f2aca 40451b10 dae4f10c 0c00d35e 338e0119 e97ace65 29c56bff d23deedb 1f9a960e
0c00d35e 338e0119 e97ace65 610f2aca 40451b10 dae4f10c 0c00d35e 338e0119 e97ace65
86e72ac5 2c04c520 3ee5339d a4a37a0f 3c048575 46a71ae8 032cc47e 5728ce98 ef730221
a4a37a0f 3c048575 46a71ae8 86e72ac5 2c04c520 3ee5339d 032cc47e 5728ce98 ef730221
86e72ac5 2c04c520 3ee5339d a4a37a0f 3c048575 46a71ae8 86e72ac5 2c04c520 3ee5339d
cd7dedd4 7f7bea3f a033ea33 df06cec4 f43aa2d6 528d87ad cd3d197e 264a62fa 30479acf
df06cec4 f43aa2d6 528d87ad cd7dedd4 7f7bea3f a033ea33 cd3d197e 264a62fa 30479acf
cd7dedd4 7f7bea3f a033ea33 df06cec4 f43aa2d6 528d87ad cd7dedd4 7f7bea3f a033ea33
1a63761a 6e19ae67 6e01afc6 a50906a4 1bd98197 0aaa49f0 e4f8ac22 88ce3102 20b5427e
a50906a4 1bd98197 0aaa49f0 1a63761a 6e19ae67 6e01afc6 e4f8ac22 88ce3102 20b5427e
1a63761a 6e19ae67 6e01afc6 a50906a4 1bd98197 0aaa49f0 1a63761a 6e19ae67 6e01afc6
4141cad3 372eecf1 024a4d3d aba7ae0f a3b69cfe d81db6fd c916202b 1aa76c60 125ddc43
aba7ae0f a3b69cfe d81db6fd 4141cad3 372eecf1 024a4d3d c916202b 1aa76c60 125ddc43
4141cad3 372eecf1 024a4d3d aba7ae0f a3b69cfe d81db6fd 4141cad3 372eecf1 024a4d3d
b6fd61d8 b6f00a01 433cbbb3 d79d3882 f243862f 28802622 2a3c243e 4512a217 4aed3e1f
d79d3882 f243862f 28802622 b6fd61d8 b6f00a01 433cbbb3 2a3c243e 4512a217 4aed3e1f
b6fd61d8 b6f00a01 433cbbb3 d79d3882 f243862f 28802622 b6fd61d8 b6f00a01 433cbbb3
d7e96d37 f210fbf0 95114b19 b3544d88 1241b940 31d14b01 551c60b2 457b6684 2e57aa80
b3544d88 1241b940 31d14b01 d7e96d37 f210fbf0 95114b19 551c60b2 457b6684 2e57aa80
d7e96d37 f210fbf0 95114b19 b3544d88 1241b940 31d14b01 d7e96d37 f210fbf0 95114b19
c48ae751 ac664783 0cda2b02 46147d24 b3d23118 041fe1ff d745e60b 1d80569e 49317853
46147d24 b3d23118 041fe1ff c48ae751 ac664783 0cda2b02 d745e60b 1d80569e 49317853
c48ae751 ac664783 0cda2b02 46147d24 b3d23118 041fe1ff c48ae751 ac664783 0cda2b02
8dae85a2 69b96a5a fb09a90d 86540b90 09ea4e65 500108d4 46f5d97b 383b91aa ad840a4b
86540b90 09ea4e65 500108d4 8dae85a2 69b96a5a fb09a90d 46f5d97b 383b91aa ad840a4b
8dae85a2 69b96a5a fb09a90d 86540b90 09ea4e65 500108d4 8dae85a2 69b96a5a fb09a90d
8aa38566 b8896cf7 d228a516 4969d681 65e34872 12dcdeb9 9f80291d da6783b1 2bda6762
4969d681 65e34872 12dcdeb9 8aa38566 b8896cf7 d228a516 9f80291d da6783b1 2bda6762
8aa38566 b8896cf7 d228a516 4969d681 65e34872 12dcdeb9 8aa38566 b8896cf7 d228a516
2c66c43c 486e9a7b 833b54d4 67750b17 c105dbe6 711dff93 67d074f9 25cab5cc 4e3e0e33
67750b17 c105dbe6 711dff93 2c66c43c 486e9a7b 833b54d4 67d074f9 25cab5cc 4e3e0e33
2c66c43c 486e9a7b 833b54d4 67750b17 c105dbe6 711dff93 2c66c43c 486e9a7b 833b54d4
cf95e085 39125eb4 80d7ddcd 9023e4ac b9439379 782eb443 50b65956 4695f289 fcdda2d1
9023e4ac b9439379 782eb443 cf95e085 39125eb4 80d7ddcd 50b65956 4695f289 fcdda2d1
cf95e085 39125eb4 80d7ddcd 9023e4ac b9439379 782eb443 cf95e085 39125eb4 80d7ddcd
85ca0ecb 98988933 4c32c6bb 502ed5ad 912a82f6 d3576d80 f6abfbfa 9eb355b1 2a5ad312
502ed5ad 912a82f6 d3576d80 85ca0ecb 98988933 4c32c6bb f6abfbfa 9eb355b1 2a5ad312
85ca0ecb 98988933 4c32c6bb 502ed5ad 912a82f6 d3576d80 85ca0ecb 98988933 4c32c6bb
1a9e784d f7ca156b 41dc4607 2c477e81 921f00a4 b8e20b5d 3f7bb6a4 7c590335 f65f4ea7
2c477e81 921f00a4 b8e20b5d 1a9e784d f7ca156b 41dc4607 3f7bb6a4 7c590335 f65f4ea7
1a9e784d f7ca156b 41dc4607 2c477e81 921f00a4 b8e20b5d 1a9e784d f7ca156b 41dc4607
878f0287 caf2780c 496896d3 2b58fc20 a6f991d6 a69d9a74 72f13771 38b1f80d dc529cf0
2b58fc20 a6f991d6 a69d9a74 878f0287 caf2780c 496896d3 72f13771 38b1f80d dc529cf0
878f0287 caf2780c 496896d3 2b58fc20 a6f991d6 a69d9a74 878f0287 caf2780c 496896d3
550e2c1e 3e651dd5 6e7321c0 f00e4d0b edf69dfa 3623b864 e59a2e26 8ac8f072 8918d9fb
f00e4d0b edf69dfa 3623b864 550e2c1e 3e651dd5 6e7321c0 e59a2e26 8ac8f072 8918d9fb
550e2c1e 3e651dd5 6e7321c0 f00e4d0b edf69dfa 3623b864 550e2c1e 3e651dd5 6e7321c0
b2da9387 a1940d75 a176726e 930938ec 8da698de cdca9d52 3f5ce9f0 6b821fe3 5d853d02
930938ec 8da698de cdca9d52 b2da9387 a1940d75 a176726e 3f5ce9f0 6b821fe3 5d853d02
b2da9387 a1940d75 a176726e 930938ec 8da698de cdca9d52 b2da9387 a1940d75 a176726e
577793e8 9bf13ee6 cc530291 7481b441 9f54f634 e43b759e 6f734b61 9aec4fae e8d8f0d1
7481b441 9f54f634 e43b759e 577793e8 9bf13ee6 cc530291 6f734b61 9aec4fae e8d8f0d1
577793e8 9bf13ee6 cc530291 7481b441 9f54f634 e43b759e 577793e8 9bf13ee6 cc530291
7eb7ebf8 ac1a5625 2da91f6a 8e5406e6 d823886b 1bc7c321 a0f8ef4e 31d04de0 179d3e62
8e5406e6 d823886b 1bc7c321 7eb7ebf8 ac1a5625 2da91f6a a0f8ef4e 31d04de0 179d3e62
7eb7ebf8 ac1a5625 2da91f6a 8e5406e6 d823886b 1bc7c321 7eb7ebf8 ac1a5625 2da91f6a
2cbd720e 10ebf017 414bc66c 85559558 4180371d 63f81d7d 547b80b0 70f0f45f a1dc1eb3
85559558 4180371d 63f81d7d 2cbd720e 10ebf017 414bc66c 547b80b0 70f0f45f a1dc1eb3
2cbd720e 10ebf017 414bc66c 85559558 4180371d 63f81d7d 2cbd720e 10ebf017 414bc66c
b1fe1382 b99b5b97 37a1f27e 8172e673 946726cd 93cf4895 eb0059af 712fbc13 ecc920da
8172e673 946726cd 93cf4895 b1fe1382 b99b5b97 37a1f27e eb0059af 712fbc13 ecc920da
b1fe1382 b99b5b97 37a1f27e 8172e673 946726cd 93cf4895 b1fe1382 b99b5b97 37a1f27e
b1a09507 5d761fc1 37d852b7 5b41ec64 f4388a48 737fec51 2d7e1759 0beaf48d 70aee462
5b41ec64 f4388a48 737fec51 b1a09507 5d761fc1 37d852b7 2d7e1759 0beaf48d 70aee462
b1a09507 5d761fc1 37d852b7 5b41ec64 f4388a48 737fec51 b1a09507 5d761fc1 37d852b7
2040b2e9 fb8aa3a5 1e7580d6 b86438b0 75755a9c 180f7efd 6e016a3a 92911ea7 eaf06495
b86438b0 75755a9c 180f7efd 2040b2e9 fb8aa3a5 1e7580d6 6e016a3a 92911ea7 eaf06495
2040b2e9 fb8aa3a5 1e7580d6 b86438b0 75755a9c 180f7efd 2040b2e9 fb8aa3a5 1e7580d6
80e482ae 4fe7e1da 789739e4 53321dfb eb719527 4013c833 8ba863c3 f3379958 bb054b81
53321dfb eb719527 4013c833 80e482ae 4fe7e1da 789739e4 8ba863c3 f3379958 bb054b81
80e482ae 4fe7e1da 789739e4 53321dfb eb719527 4013c833 80e482ae 4fe7e1da 789739e4
7818e9f3 a8dd722e cfac1a1a 2d13c78a 117a25ef 3539a63e d220c1c5 7a58fcc3 9d31d8f6
2d13c78a 117a25ef 3539a63e 7818e9f3 a8dd722e cfac1a1a d220c1c5 7a58fcc3 9d31d8f6
7818e9f3 a8dd722e cfac1a1a 2d13c78a 117a25ef 3539a63e 7818e9f3 a8dd722e cfac1a1a
934abf4e d6483bf5 260ca486 a9228ecd 0e75e7c7 26c4cb2d 5ea839fc c12c016c 138d7245
a9228ecd 0e75e7c7 26c4cb2d 934abf4e d6483bf5 260ca486 5ea839fc c12c016c 138d7245
934abf4e d6483bf5 260ca486 a9228ecd 0e75e7c7 26c4cb2d 934abf4e d6483bf5 260ca486
3e1c9512 bdbaab49 4f8066d2 e9c30ee5 d6373032 82587dc9 dcae602c ed398e74 8e95110a
e9c30ee5 d6373032 82587dc9 3e1c9512 bdbaab49 4f8066d2 dcae602c ed398e74 8e95110a
3e1c9512 bdbaab49 4f8066d2 e9c30ee5 d6373032 82587dc9 3e1c9512 bdbaab49 4f8066d2
4e3b21a9 5fd6b6c8 4c2ee544 0bb5fa89 8821b3a6 6391b1cb eff2c3a2 a2a1a822 38c2a49b
0bb5fa89 8821b3a6 6391b1cb 4e3b21a9 5fd6b6c8 4c2ee544 eff2c3a2 a2a1a822 38c2a49b
4e3b21a9 5fd6b6c8 4c2ee544 0bb5fa89 8821b3a6 6391b1cb 4e3b21a9 5fd6b6c8 4c2ee544
f16da809 3af3f20e dd71dcdd a5e1b6a4 2de58b89 d8eca99c 8d636210 369021ac 0ae4d375
a5e1b6a4 2de58b89 d8eca99c f16da809 3af3f20e dd71dcdd 8d636210 369021ac 0ae4d375
f16da809 3af3f20e dd71dcdd a5e1b6a4 2de58b89 d8eca99c f16da809 3af3f20e dd71dcdd
109f1bb6 6d63967a 48b91fd6 767838b0 f5bff8c9 b1b12421 04c26d92 efc0e246 50e1adc1
767838b0 f5bff8c9 b1b12421 109f1bb6 6d63967a 48b91fd6 04c26d92 efc0e246 50e1adc1
109f1bb6 6d63967a 48b91fd6 767838b0 f5bff8c9 b1b12421 109f1bb6 6d63967a 48b91fd6
9196ba7e d24634ae ee15cd86 3a156237 50eccd14 0272f52c f14e3aee af38791d 4b3852cd
3a156237 50eccd14 0272f52c 9196ba7e d24634ae ee15cd86 f14e3aee af38791d 4b3852cd
9196ba7e d24634ae ee15cd86 3a156237 50eccd14 0272f52c 9196ba7e d24634ae ee15cd86
7d498441 e87d0a46 ea83fc83 94f7fdf1 e883ae93 19f2ef97 e1d430a2 c602c65d 2e4fb605
94f7fdf1 e883ae93 19f2ef97 7d498441 e87d0a46 ea83fc83 e1d430a2 c602c65d 2e4fb605
7d498441 e87d0a46 ea83fc83 94f7fdf1 e883ae93 19f2ef97 7d498441 e87d0a46 ea83fc83
81318454 13091814 08d83b41 87e60318 e88a4d51 92524de1 77daa479 408d9426 fc60e631
87e60318 e88a4d51 92524de1 81318454 13091814 08d83b41 77daa479 408d9426 fc60e631
81318454 13091814 08d83b41 87e60318 e88a4d51 92524de1 81318454 13091814 08d83b41
d27a1428 60621a57 8228caa1 9f4815a3 d555175e 24a2de6c eda08854 808ddfd6 fd9a9045
9f4815a3 d555175e 24a2de6c d27a1428 60621a57 8228caa1 eda08854 808ddfd6 fd9a9045
d27a1428 60621a57 8228caa1 9f4815a3 d555175e 24a2de6c d27a1428 60621a57 8228caa1
6b8da99f 359cae09 577fc63e 295ed65a 462c918d ba36bede 70e58cba 805e502d 37a37ff7
295ed65a 462c918d ba36bede 6b8da99f 359cae09 577fc63e 70e58cba 805e502d 37a37ff7
6b8da99f 359cae09 577fc63e 295ed65a 462c918d ba36bede 6b8da99f 359cae09 577fc63e
eaff430b 4382624b 10a19ef7 2db79924 0e9a203b e19959ac cacf5dd0 9b8dd9ef e5e8a3b4
2db79924 0e9a203b e19959ac eaff430b 4382624b 10a19ef7 cacf5dd0 9b8dd9ef e5e8a3b4
eaff430b 4382624b 10a19ef7 2db79924 0e9a203b e19959ac eaff430b 4382624b 10a19ef7
b5705cb8 703e84e2 1f966f86 152fa1d4 02050b25 62431588 2b3a2362 7896b1dd 37027c63
152fa1d4 02050b25 62431588 b5705cb8 703e84e2 1f966f86 2b3a2362 7896b1dd 37027c63
b5705cb8 703e84e2 1f966f86 152fa1d4 02050b25 62431588 b5705cb8 703e84e2 1f966f86
c22b738c 91eed582 e6e4f53a fd573a34 241a8f5a 8bc2252f 86830ae0 ae639c98 4c12a37e
fd573a34 241a8f5a 8bc2252f c22b738c 91eed582 e6e4f53a 86830ae0 ae639c98 4c12a37e
c22b738c 91eed582 e6e4f53a fd573a34 241a8f5a 8bc2252f c22b738c 91eed582 e6e4f53a
af439625 c3807489 062ce69b c2e7a329 b29f4173 9115c75d 4d166d1a cf22b83e ebceb379
c2e7a329 b29f4173 9115c75d af439625 c3807489 062ce69b 4d166d1a cf22b83e ebceb379
af439625 c3807489 062ce69b c2e7a329 b29f4173 9115c75d af439625 c3807489 062ce69b
83d1b1f7 f0588df1 51fac9fc bd71ec05 560d0c6c 6df1ccc8 ec0eeaad f47a11d0 eb69ef0d
bd71ec05 560d0c6c 6df1ccc8 83d1b1f7 f0588df1 51fac9fc ec0eeaad f47a11d0 eb69ef0d
83d1b1f7 f0588df1 51fac9fc bd71ec05 560d0c6c 6df1ccc8 83d1b1f7 f0588df1 51fac9fc
2a2e7672 2e62160a 0a1d59fc 024d926d cced76a6 fa0d3d09 59daf536 c2f14dcf cb71eba1
024d926d cced76a6 fa0d3d09 2a2e7672 2e62160a 0a1d59fc 59daf536 c2f14dcf cb71eba1
2a2e7672 2e62160a 0a1d59fc 024d926d cced76a6 fa0d3d09 2a2e7672 2e62160a 0a1d59fc
7085fc4e e7402136 310ef362 a4074e8a dbc92932 aac5de13 a522ca7c 8600f576 968f126d
a4074e8a dbc92932 aac5de13 7085fc4e e7402136 310ef362 a522ca7c 8600f576 968f126d
7085fc4e e7402136 310ef362 a4074e8a dbc92932 aac5de13 7085fc4e e7402136 310ef362
a011225e 529413bf 14373cf4 20e6eda7 4c018e9d ec521ab2 2f2edea9 e37e4fe5 eb8ae5f2
20e6eda7 4c018e9d ec521ab2 a011225e 529413bf 14373cf4 2f2edea9 e37e4fe5 eb8ae5f2
a011225e 529413bf 14373cf4 20e6eda7 4c018e9d ec521ab2 a011225e 529413bf 14373cf4
79b312f8 a9c8f986 0d6782b2 12c6f3db d1168962 c98c2284 e61015f6 166144ba b7f81a33
12c6f3db d1168962 c98c2284 79b312f8 a9c8f986 0d6782b2 e61015f6 166144ba b7f81a33
79b312f8 a9c8f986 0d6782b2 12c6f3db d1168962 c98c2284 79b312f8 a9c8f986 0d6782b2
10fe8d7a ad484cf1 9ce23d24 410044be 55a26ce3 30f6efdd 284cda69 8edef4d4 e34f6210
410044be 55a26ce3 30f6efdd 10fe8d7a ad484cf1 9ce23d24 284cda69 8edef4d4 e34f6210
10fe8d7a ad484cf1 9ce23d24 410044be 55a26ce3 30f6efdd 10fe8d7a ad484cf1 9ce23d24
91a80816 014aebcc 328f35b1 d1c93816 82433e24 2887a87d 4f12e7bd c01c5eb6 11694d1d
d1c93816 82433e24 2887a87d 91a80816 014aebcc 328f35b1 4f12e7bd c01c5eb6 11694d1d
91a80816 014aebcc 328f35b1 d1c93816 82433e24 2887a87d 91a80816 014aebcc 328f35b1
0bf9224d 4c940a53 30c630c0 69088d42 c94bec88 779cd63d 496ad938 fe1ba9fd 86b07e9e
69088d42 c94bec88 779cd63d 0bf9224d 4c940a53 30c630c0 496ad938 fe1ba9fd 86b07e9e
0bf9224d 4c940a53 30c630c0 69088d42 c94bec88 779cd63d 0bf9224d 4c940a53 30c630c0
ed3807e3 65ef1ec9 56e37fcc 10b48f1d 414776a8 5a72b642 67ace69d c6862ffb 0372a78d
10b48f1d 414776a8 5a72b642 ed3807e3 65ef1ec9 56e37fcc 67ace69d c6862ffb 0372a78d
ed3807e3 65ef1ec9 56e37fcc 10b48f1d 414776a8 5a72b642 ed3807e3 65ef1ec9 56e37fcc
75427d65 9a9e5537 5d4318ed a4395886 47b1308a 9627c660 28838268 87f54980 8cdd10ec
a4395886 47b1308a 9627c660 75427d65 9a9e5537 5d4318ed 28838268 87f54980 8cdd10ec
75427d65 9a9e5537 5d4318ed a4395886 47b1308a 9627c660 75427d65 9a9e5537 5d4318ed
6df8ce8b 3b7cdab4 497664a7 d1a5b8f1 5c277c7f 0ea80141 a846f211 38ac205d 7c17d3f5
d1a5b8f1 5c277c7f 0ea80141 6df8ce8b 3b7cdab4 497664a7 a846f211 38ac205d 7c17d3f5
6df8ce8b 3b7cdab4 497664a7 d1a5b8f1 5c277c7f 0ea80141 6df8ce8b 3b7cdab4 497664a7
55752f41 4277b1bb 8f2d4876 43d000c4 760d7888 798d7bf8 40443f00 eaac002c c11e347a
43d000c4 760d7888 798d7bf8 55752f41 4277b1bb 8f2d4876 40443f00 eaac002c c11e347a
55752f41 4277b1bb 8f2d4876 43d000c4 760d7888 798d7bf8 55752f41 4277b1bb 8f2d4876
81a7111f f1bd97e8 6333fc2b 0d4c0660 f17088b6 cfc46303 1b7c32d0 b3da5560 2b70682e
0d4c0660 f17088b6 cfc46303 81a7111f f1bd97e8 6333fc2b 1b7c32d0 b3da5560 2b70682e
81a7111f f1bd97e8 6333fc2b 0d4c0660 f17088b6 cfc46303 81a7111f f1bd97e8 6333fc2b
a870f21f 1ed52ac7 e1e7e97e 0b7dc550 2555affe 8a5b1105 ba58b7e0 3acd6d05 e5616d48
0b7dc550 2555affe 8a5b1105 a870f21f 1ed52ac7 e1e7e97e ba58b7e0 3acd6d05 e5616d48
a870f21f 1ed52ac7 e1e7e97e 0b7dc550 2555affe 8a5b1105 a870f21f 1ed52ac7 e1e7e97e
0341f101 e1949747 d9ea80e9 cd0fdd61 6cb1059c 06eea025 622cb65a f6355a6a 9cf67d00
cd0fdd61 6cb1059c 06eea025 0341f101 e1949747 d9ea80e9 622cb65a f6355a6a 9cf67d00
0341f101 e1949747 d9ea80e9 cd0fdd61 6cb1059c 06eea025 0341f101 e1949747 d9ea80e9
dc20800e 5e086c2a 5e86598e 99899b23 e4f10e7d cf587fc3 db2ffeef f8156756 5d46bb29
99899b23 e4f10e7d cf587fc3 dc20800e 5e086c2a 5e86598e db2ffeef f8156756 5d46bb29
dc20800e 5e086c2a 5e86598e 99899b23 e4f10e7d cf587fc3 dc20800e 5e086c2a 5e86598e
6b085e6a 842e8b14 9c03d432 6fab8a80 4c391faa c076603d 0a4e2070 08de9c69 a56eaff8
6fab8a80 4c391faa c076603d 6b085e6a 842e8b14 9c03d432 0a4e2070 08de9c69 a56eaff8
6b085e6a 842e8b14 9c03d432 6fab8a80 4c391faa c076603d 6b085e6a 842e8b14 9c03d432
e8b43340 0102be8d 5bbf08db 77c69d58 fefb37b3 86c246ef 1767ac1b bdc6248a 4ed7ffb1
77c69d58 fefb37b3 86c246ef e8b43340 0102be8d 5bbf08db 1767ac1b bdc6248a 4ed7ffb1
e8b43340 0102be8d 5bbf08db 77c69d58 fefb37b3 86c246ef e8b43340 0102be8d 5bbf08db
cea28b1b c8260c50 917d785a ae8cdefc 8f952369 15343ffe a6bfa251 a7406afc e70bb2b1
ae8cdefc 8f952369 15343ffe cea28b1b c8260c50 917d785a a6bfa251 a7406afc e70bb2b1
cea28b1b c8260c50 917d785a ae8cdefc 8f952369 15343ffe cea28b1b c8260c50 917d785a
6d394882 2881c975 2303ba40 b555dcb7 8e234c97 9a92ec52 9cca3502 47dbb068 8ebe831e
b555dcb7 8e234c97 9a92ec52 6d394882 2881c975 2303ba40 9cca3502 47dbb068 8ebe831e
6d394882 2881c975 2303ba40 b555dcb7 8e234c97 9a92ec52 6d394882 2881c975 2303ba40
419a73b0 9f0d0069 c95f44fd d0a4f3b3 0cbaf127 14164dc8 a97fa4b4 ef2d8c00 88529a06
d0a4f3b3 0cbaf127 14164dc8 419a73b0 9f0d0069 c95f44fd a97fa4b4 ef2d8c00 88529a06
419a73b0 9f0d0069 c95f44fd d0a4f3b3 0cbaf127 14164dc8 419a73b0 9f0d0069 c95f44fd
daac947e 99a9c378 81e6ffb2 84dd0fc7 fd46cfab 76b4b3ac 1f7f9ec5 982aaab4 7551309f
84dd0fc7 fd46cfab 76b4b3ac daac947e 99a9c378 81e6ffb2 1f7f9ec5 982aaab4 7551309f
daac947e 99a9c378 81e6ffb2 84dd0fc7 fd46cfab 76b4b3ac daac947e 99a9c378 81e6ffb2
54a0161c b3157a56 caa79d11 132287cb b50b8bf6 09130a70 65aeb936 f37e6b84 799f9785
132287cb b50b8bf6 09130a70 54a0161c b3157a56 caa79d11 65aeb936 f37e6b84 799f9785
54a0161c b3157a56 caa79d11 132287cb b50b8bf6 09130a70 54a0161c b3157a56 caa79d11
cc287770 02d0bb74 a0d71720 44b22cf4 3a434a1d 0bfc6da1 e5b40869 4ed27da1 be0914b1
44b22cf4 3a434a1d 0bfc6da1 cc287770 02d0bb74 a0d71720 e5b40869 4ed27da1 be0914b1
cc287770 02d0bb74 a0d71720 44b22cf4 3a434a1d 0bfc6da1 cc287770 02d0bb74 a0d71720
9bc20d68 fd72359b 5cd13a4c ac1806d0 196d92de 3de405b5 934d907b 127924c8 b74e1f9c
ac1806d0 196d92de 3de405b5 9bc20d68 fd72359b 5cd13a4c 934d907b 127924c8 b74e1f9c
9bc20d68 fd72359b 5cd13a4c ac1806d0 196d92de 3de405b5 9bc20d68 fd72359b 5cd13a4c
5d31235c 56499ffa cf9d0681 501be4c1 a0e85c22 4bea4712 dc2302f9 1234605c 918a442f
501be4c1 a0e85c22 4bea4712 5d31235c 56499ffa cf9d0681 dc2302f9 1234605c 918a442f
5d31235c 56499ffa cf9d0681 501be4c1 a0e85c22 4bea4712 5d31235c 56499ffa cf9d0681
b473d961 5630b257 0d88775d f259ed75 83a67f70 f3ecaa41 540654f4 8d772a43 5c770067
f259ed75 83a67f70 f3ecaa41 b473d961 5630b257 0d88775d 540654f4 8d772a43 5c770067
b473d961 5630b257 0d88775d f259ed75 83a67f70 f3ecaa41 b473d961 5630b257 0d88775d
aabd48d9 1f767849 fdbf1115 424f319d 426c2703 063be492 a316979b 54561f97 4e2d5e57
424f319d 426c2703 063be492 aabd48d9 1f767849 fdbf1115 a316979b 54561f97 4e2d5e57
aabd48d9 1f767849 fdbf1115 424f319d 426c2703 063be492 aabd48d9 1f767849 fdbf1115
f7bbcd09 8b48e6cb 2319ccbb 6e6e996d 97180556 e000a325 4f01b69e aed42bee 82a78405
6e6e996d 97180556 e000a325 f7bbcd09 8b48e6cb 2319ccbb 4f01b69e aed42bee 82a78405
f7bbcd09 8b48e6cb 2319ccbb 6e6e996d 97180556 e000a325 f7bbcd09 8b48e6cb 2319ccbb
530d6518 4f8715f5 1ad623e6 bf62aed1 e907fd33 46323b6d b69396bf 0667f30b c9140ec8
bf62aed1 e907fd33 46323b6d 530d6518 4f8715f5 1ad623e6 b69396bf 0667f30b c9140ec8
530d6518 4f8715f5 1ad623e6 bf62aed1 e907fd33 46323b6d 530d6518 4f8715f5 1ad623e6
55c158c0 2da7d4f1 016ffefc 32452604 23f8a7d3 f9299686 f940f0d3 e6860c66 742212d5
32452604 23f8a7d3 f9299686 55c158c0 2da7d4f1 016ffefc f940f0d3 e6860c66 742212d5
55c158c0 2da7d4f1 016ffefc 32452604 23f8a7d3 f9299686 55c158c0 2da7d4f1 016ffefc
236f1d48 16d9bed8 9d45d9d5 1a35b2ec 9e00de04 40c8619c 46f25f80 9a0c1344 73f89dca
1a35b2ec 9e00de04 40c8619c 236f1d48 16d9bed8 9d45d9d5 46f25f80 9a0c1344 73f89dca
236f1d48 16d9bed8 9d45d9d5 1a35b2ec 9e00de04 40c8619c 236f1d48 16d9bed8 9d45d9d5
22d3360a f0920501 9db423d9 34450a0c 602f070c e5c35ef2 4023b666 999c13ea a9c224ca
34450a0c 602f070c e5c35ef2 22d3360a f0920501 9db423d9 4023b666 999c13ea a9c224ca
22d3360a f0920501 9db423d9 34450a0c 602f070c e5c35ef2 22d3360a f0920501 9db423d9
c3bced6d 5c59e018 0618e847 673fc84b 97a80abe be89939c ef89fee4 69b874f1 b17cdf84
673fc84b 97a80abe be89939c c3bced6d 5c59e018 0618e847 ef89fee4 69b874f1 b17cdf84
c3bced6d 5c59e018 0618e847 673fc84b 97a80abe be89939c c3bced6d 5c59e018 0618e847
621183c8 40941f07 2a0357aa 7bf3bac1 6cfc4303 6bf32b2d 64598a92 c135b426 aa570852
7bf3bac1 6cfc4303 6bf32b2d 621183c8 40941f07 2a0357aa 64598a92 c135b426 aa570852
621183c8 40941f07 2a0357aa 7bf3bac1 6cfc4303 6bf32b2d 621183c8 40941f07 2a0357aa
841f990b d5de3d75 b8a905b3 ba9088c1 f63072dc ad888e45 324af659 fb948cfe 4b6b818a
ba9088c1 f63072dc ad888e45 841f990b d5de3d75 b8a905b3 324af659 fb948cfe 4b6b818a
841f990b d5de3d75 b8a905b3 ba9088c1 f63072dc ad888e45 841f990b d5de3d75 b8a905b3
fd22cd02 4df2ab0e 39d0eabc 5984027d b9621a64 46e8aa4b 763e1fae 1115e439 02328fc1
5984027d b9621a64 46e8aa4b fd22cd02 4df2ab0e 39d0eabc 763e1fae 1115e439 02328fc1
fd22cd02 4df2ab0e 39d0eabc 5984027d b9621a64 46e8aa4b fd22cd02 4df2ab0e 39d0eabc
412896c7 36e5fb4b e85f888a b094239b c681962c cb649f06 1c22ca97 444ea52a 4d0dfa1a
b094239b c681962c cb649f06 412896c7 36e5fb4b e85f888a 1c22ca97 444ea52a 4d0dfa1a
412896c7 36e5fb4b e85f888a b094239b c681962c cb649f06 412896c7 36e5fb4b e85f888a
3f2f2e1d 44b97c37 9a1091d1 4441211c 31d81d7f 106a19db 0ff530c4 51d62bd1 02473b32
4441211c 31d81d7f 106a19db 3f2f2e1d 44b97c37 9a1091d1 0ff530c4 51d62bd1 02473b32
3f2f2e1d 44b97c37 9a1091d1 4441211c 31d81d7f 106a19db 3f2f2e1d 44b97c37 9a1091d1
6b7639e3 93386135 050256e5 da9da3d0 e6b1eac2 20a47a1e 6b9e740e 4928fb46 64e0f85c
da9da3d0 e6b1eac2 20a47a1e 6b7639e3 93386135 050256e5 6b9e740e 4928fb46 64e0f85c
6b7639e3 93386135 050256e5 da9da3d0 e6b1eac2 20a47a1e 6b7639e3 93386135 050256e5
92f1a51a 24b5e21b c041f535 a344df1b e9c7ee6a 87ed4719 aa2ce411 bf8a4150 aeb51120
a344df1b e9c7ee6a 87ed4719 92f1a51a 24b5e21b c041f535 aa2ce411 bf8a4150 aeb51120
92f1a51a 24b5e21b c041f535 a344df1b e9c7ee6a 87ed4719 92f1a51a 24b5e21b c041f535
87bc3c27 07b28475 0954ffff 680cf52a f127cebe 0d139f8d d1e33e25 173d9fba e674c5f9
680cf52a f127cebe 0d139f8d 87bc3c27 07b28475 0954ffff d1e33e25 173d9fba e674c5f9
87bc3c27 07b28475 0954ffff 680cf52a f127cebe 0d139f8d 87bc3c27 07b28475 0954ffff
cd2dee74 c9cf09d4 c5c6a8a7 a8fee811 1a512d2a 814024fe 212b983d 3b2cee0e a3f7fb8d
a8fee811 1a512d2a 814024fe cd2dee74 c9cf09d4 c5c6a8a7 212b983d 3b2cee0e a3f7fb8d
cd2dee74 c9cf09d4 c5c6a8a7 a8fee811 1a512d2a 814024fe cd2dee74 c9cf09d4 c5c6a8a7
c472daed f9e196c7 df43ebf8 fef2bd71 90c4bef6 657d7221 3e67b517 f156c433 4b6c7126
fef2bd71 90c4bef6 657d7221 c472daed f9e196c7 df43ebf8 3e67b517 f156c433 4b6c7126
c472daed f9e196c7 df43ebf8 fef2bd71 90c4bef6 657d7221 c472daed f9e196c7 df43ebf8
01454390 35b51616 741ad987 e960bff6 a25d5e23 515f689c 97708e65 e07df4f0 6beff170
e960bff6 a25d5e23 515f689c 01454390 35b51616 741ad987 97708e65 e07df4f0 6beff170
01454390 35b51616 741ad987 e960bff6 a25d5e23 515f689c 01454390 35b51616 741ad987
4acbdac2 751af098 e224d371 1f9258ca 8cf2d25c 00bbb10b 52ffbd16 897233f1 ff7b54e2
1f9258ca 8cf2d25c 00bbb10b 4acbdac2 751af098 e224d371 52ffbd16 897233f1 ff7b54e2
4acbdac2 751af098 e224d371 1f9258ca 8cf2d25c 00bbb10b 4acbdac2 751af098 e224d371
b1617d02 779cf37d b2465ad4 a8f99df2 43650a40 fb9a4f06 6b89b0cb 593a0f47 73ef2810
a8f99df2 43650a40 fb9a4f06 b1617d02 779cf37d b2465ad4 6b89b0cb 593a0f47 73ef2810
b1617d02 779cf37d b2465ad4 a8f99df2 43650a40 fb9a4f06 b1617d02 779cf37d b2465ad4
a6244b6d e8ef9f7d a2bf2750 ea67c0fa c2827ae1 6491186f ef98ed05 d2fdb808 c899eec8
ea67c0fa c2827ae1 6491186f a6244b6d e8ef9f7d a2bf2750 ef98ed05 d2fdb808 c899eec8
a6244b6d e8ef9f7d a2bf2750 ea67c0fa c2827ae1 6491186f a6244b6d e8ef9f7d a2bf2750
231f45bf 1450daa7 1afcc8c5 34aed892 8d34fba9 b6dd8687 3e94a1d9 a13102d8 68c622fe
34aed892 8d34fba9 b6dd8687 231f45bf 1450daa7 1afcc8c5 3e94a1d9 a13102d8 68c622fe
231f45bf 1450daa7 1afcc8c5 34aed892 8d34fba9 b6dd8687 231f45bf 1450daa7 1afcc8c5
228eb266 39d5e610 c005284f e1e9c9fb a393be2b 0113bada 948112f2 b869bd6e 829abe6c
e1e9c9fb a393be2b 0113bada 228eb266 39d5e610 c005284f 948112f2 b869bd6e 829abe6c
228eb266 39d5e610 c005284f e1e9c9fb a393be2b 0113bada 228eb266 39d5e610 c005284f
ab214820 8b37f63a afae85b0 d519f5f9 ee1bfa0a 5d27483d 18beef09 b7d9bc32 3ae21bf4
d519f5f9 ee1bfa0a 5d27483d ab214820 8b37f63a afae85b0 18beef09 b7d9bc32 3ae21bf4
ab214820 8b37f63a afae85b0 d519f5f9 ee1bfa0a 5d27483d ab214820 8b37f63a afae85b0
ee9f7a01 021194ce 3c0271d4 da08944a 13f57ae1 57271ded 01d2506e b6fcfdfe f9f333ed
da08944a 13f57ae1 57271ded ee9f7a01 021194ce 3c0271d4 01d2506e b6fcfdfe f9f333ed
ee9f7a01 021194ce 3c0271d4 da08944a 13f57ae1 57271ded ee9f7a01 021194ce 3c0271d4
db597ef4 0c492b0b ddf7e66e 79f3b7b5 c4aa39b9 4ba7b218 24973fa9 842979d7 28f3677f
79f3b7b5 c4aa39b9 4ba7b218 db597ef4 0c492b0b ddf7e66e 24973fa9 842979d7 28f3677f
db597ef4 0c492b0b ddf7e66e 79f3b7b5 c4aa39b9 4ba7b218 db597ef4 0c492b0b ddf7e66e
25f6823d 603e8402 be501cd3 4706bc83 36e742f9 1d88444f 9d539a59 a61e2528 639b5f18
4706bc83 36e742f9 1d88444f 25f6823d 603e8402 be501cd3 9d539a59 a61e2528 639b5f18
25f6823d 603e8402 be501cd3 4706bc83 36e742f9 1d88444f 25f6823d 603e8402 be501cd3
f2cd1a52 2b58f37f 3c62e332 91cdf580 4250bc16 384fd3eb c9a12bb5 7b337047 56453dd7
91cdf580 4250bc16 384fd3eb f2cd1a52 2b58f37f 3c62e332 c9a12bb5 7b337047 56453dd7
f2cd1a52 2b58f37f 3c62e332 91cdf580 4250bc16 384fd3eb f2cd1a52 2b58f37f 3c62e332
57ca1ae7 c1f4e74a acfc514d e5b7b5f7 e17373f1 8d9c3a16 6697f2c6 a9a55547 8c10499d
e5b7b5f7 e17373f1 8d9c3a16 57ca1ae7 c1f4e74a acfc514d 6697f2c6 a9a55547 8c10499d
57ca1ae7 c1f4e74a acfc514d e5b7b5f7 e17373f1 8d9c3a16 57ca1ae7 c1f4e74a acfc514d
9ab654f0 87bcb371 47d4bafc 0b4dcfa4 df9e8320 01c37b0e cbfc455d 21c9e6d6 990afe63
0b4dcfa4 df9e8320 01c37b0e 9ab654f0 87bcb371 47d4bafc cbfc455d 21c9e6d6 990afe63
9ab654f0 87bcb371 47d4bafc 0b4dcfa4 df9e8320 01c37b0e 9ab654f0 87bcb371 47d4bafc
85278419 64abfd84 b58d2e03 f8fb98b5 72c2287f 7b936de7 16cd0b9e 7eb48c4f 0b376ad5
f8fb98b5 72c2287f 7b936de7 85278419 64abfd84 b58d2e03 16cd0b9e 7eb48c4f 0b376ad5
85278419 64abfd84 b58d2e03 f8fb98b5 72c2287f 7b936de7 85278419 64abfd84 b58d2e03
b08f2979 bb94f4f7 0bfb4070 8660a7fe 78d133c8 99950f22 eb37a31e 025c06dc 52c363c9
8660a7fe 78d133c8 99950f22 b08f2979 bb94f4f7 0bfb4070 eb37a31e 025c06dc 52c363c9
b08f2979 bb94f4f7 0bfb4070 8660a7fe 78d133c8 99950f22 b08f2979 bb94f4f7 0bfb4070
7502f05a 63420d8d dafec361 12e1d7cc 1a7afcb9 f83fd355 8ce7d970 da69710c cf4b3705
12e1d7cc 1a7afcb9 f83fd355 7502f05a 63420d8d dafec361 8ce7d970 da69710c cf4b3705
7502f05a 63420d8d dafec361 12e1d7cc 1a7afcb9 f83fd355 7502f05a 63420d8d dafec361
e76270d2 3de19aab 072b0740 a9cd9b33 8b1254bf 09855be9 ad1d5537 efa2fc8a f2df5b24
a9cd9b33 8b1254bf 09855be9 e76270d2 3de19aab 072b0740 ad1d5537 efa2fc8a f2df5b24
e76270d2 3de19aab 072b0740 a9cd9b33 8b1254bf 09855be9 e76270d2 3de19aab 072b0740
b82ec15b df0869e4 50c4b2db 96bfc948 3f09dd47 474909db f86d9441 30aa20a5 9672abe2
96bfc948 3f09dd47 474909db b82ec15b df0869e4 50c4b2db f86d9441 30aa20a5 9672abe2
b82ec15b df0869e4 50c4b2db 96bfc948 3f09dd47 474909db b82ec15b df0869e4 50c4b2db
89867b20 d3db0990 39414c90 569b7b42 4a828f2e d4b00e13 1842b6c8 c5cacae6 a4c34c94
569b7b42 4a828f2e d4b00e13 89867b20 d3db0990 39414c90 1842b6c8 c5cacae6 a4c34c94
89867b20 d3db0990 39414c90 569b7b42 4a828f2e d4b00e13 89867b20 d3db0990 39414c90
aacdfe31 56cf0482 9dcf17bf 05a09345 72bb9d67 9d300ce7 cd9f3a38 953b6184 42e1104d
05a09345 72bb9d67 9d300ce7 aacdfe31 56cf0482 9dcf17bf cd9f3a38 953b6184 42e1104d
aacdfe31 56cf0482 9dcf17bf 05a09345 72bb9d67 9d300ce7 aacdfe31 56cf0482 9dcf17bf
53acabf6 d1d91f7f 7d883e60 6a91d70e baeafa4e 48c168fe a10947bd 5df29841 71abbce0
6a91d70e baeafa4e 48c168fe 53acabf6 d1d91f7f 7d883e60 a10947bd 5df29841 71abbce0
53acabf6 d1d91f7f 7d883e60 6a91d70e baeafa4e 48c168fe 53acabf6 d1d91f7f 7d883e60
17afe01c bac09e83 4a35f45d a6b5c0a5 19aca52f 04f4c00a fcdf43ed a44e8c46 bfb2e8f0
a6b5c0a5 19aca52f 04f4c00a 17afe01c bac09e83 4a35f45d fcdf43ed a44e8c46 bfb2e8f0
17afe01c bac09e83 4a35f45d a6b5c0a5 19aca52f 04f4c00a 17afe01c bac09e83 4a35f45d
042c7a74 1abf9b18 1eb38ec4 db0e1ce6 1b350536 76882dd9 a03dc910 9c3e06ae 2044e275
db0e1ce6 1b350536 76882dd9 042c7a74 1abf9b18 1eb38ec4 a03dc910 9c3e06ae 2044e275
042c7a74 1abf9b18 1eb38ec4 db0e1ce6 1b350536 76882dd9 042c7a74 1abf9b18 1eb38ec4
31b81009 cfd11f3e aaef779d c0f5531b 375e99d7 8ac28a68 59140202 3225d237 9ec183c8
c0f5531b 375e99d7 8ac28a68 31b81009 cfd11f3e aaef779d 59140202 3225d237 9ec183c8
31b81009 cfd11f3e aaef779d c0f5531b 375e99d7 8ac28a68 31b81009 cfd11f3e aaef779d
93d9743c 402d34c7 c7c3aec7 dbac470b 871260e3 e27217d7 d239551f a029aaff 59f41f17
dbac470b 871260e3 e27217d7 93d9743c 402d34c7 c7c3aec7 d239551f a029aaff 59f41f17
93d9743c 402d34c7 c7c3aec7 dbac470b 871260e3 e27217d7 93d9743c 402d34c7 c7c3aec7
f8f4f581 25bf9ed4 d21df4f4 0186510c 43929534 e2a0c8c6 bb068614 91217d5f 950383cd
0186510c 43929534 e2a0c8c6 f8f4f581 25bf9ed4 d21df4f4 bb068614 91217d5f 950383cd
f8f4f581 25bf9ed4 d21df4f4 0186510c 43929534 e2a0c8c6 f8f4f581 25bf9ed4 d21df4f4
01d91c88 429b67d6 c95a0ef5 ab5f35d0 f7465038 fd13fa28 307949d2 ae56950c 3c7a5a04
ab5f35d0 f7465038 fd13fa28 01d91c88 429b67d6 c95a0ef5 307949d2 ae56950c 3c7a5a04
01d91c88 429b67d6 c95a0ef5 ab5f35d0 f7465038 fd13fa28 01d91c88 429b67d6 c95a0ef5
efc74c73 752dacab 11b1fd26 8cb5a66d 12b899cb 0b4fca9b d1be7915 5c533f8f d81b1021
8cb5a66d 12b899cb 0b4fca9b efc74c73 752dacab 11b1fd26 d1be7915 5c533f8f d81b1021
efc74c73 752dacab 11b1fd26 8cb5a66d 12b899cb 0b4fca9b efc74c73 752dacab 11b1fd26
973655c2 ed2a1ea3 afc59b42 08011ab0 42f7b419 de5a0484 88fe1145 8c6c57ac aa1958f0
08011ab0 42f7b419 de5a0484 973655c2 ed2a1ea3 afc59b42 88fe1145 8c6c57ac aa1958f0
973655c2 ed2a1ea3 afc59b42 08011ab0 42f7b419 de5a0484 973655c2 ed2a1ea3 afc59b42
27f77659 8bfe7b7d 06bc9360 0df83b78 b0decedd 329bc5f1 3e0c7b43 6d63887c a17b9d25
0df83b78 b0decedd 329bc5f1 27f77659 8bfe7b7d 06bc9360 3e0c7b43 6d63887c a17b9d25
27f77659 8bfe7b7d 06bc9360 0df83b78 b0decedd 329bc5f1 27f77659 8bfe7b7d 06bc9360
a49df143 72cd082e 632bf8a1 1177dea5 9f557f18 0c609c27 e7d6229f 38062aa2 913c0a9a
1177dea5 9f557f18 0c609c27 a49df143 72cd082e 632bf8a1 e7d6229f 38062aa2 913c0a9a
a49df143 72cd082e 632bf8a1 1177dea5 9f557f18 0c609c27 a49df143 72cd082e 632bf8a1
32d64c08 29d4ad9b 0629d83d da4907fb 6910ade8 fcfd3a9d 1395c8a4 48191571 aeb1ba42
da4907fb 6910ade8 fcfd3a9d 32d64c08 29d4ad9b 0629d83d 1395c8a4 48191571 aeb1ba42
32d64c08 29d4ad9b 0629d83d da4907fb 6910ade8 fcfd3a9d 32d64c08 29d4ad9b 0629d83d
4bed4e67 9c0de2d7 5cdc8145 ecae4e7f 5ef4bbd1 c5755e2c da68038f 49b460c3 7c657908
ecae4e7f 5ef4bbd1 c5755e2c 4bed4e67 9c0de2d7 5cdc8145 da68038f 49b460c3 7c657908
4bed4e67 9c0de2d7 5cdc8145 ecae4e7f 5ef4bbd1 c5755e2c 4bed4e67 9c0de2d7 5cdc8145
2bdbc538 ca5295ef e2a7b88a 0b140f07 b773fe60 6a4e77ef 36915a27 3085f449 772c62fe
0b140f07 b773fe60 6a4e77ef 2bdbc538 ca5295ef e2a7b88a 36915a27 3085f449 772c62fe
2bdbc538 ca5295ef e2a7b88a 0b140f07 b773fe60 6a4e77ef 2bdbc538 ca5295ef e2a7b88a
5edf67ae bd822ca1 ea386c1d 069f65d6 1f64e12d 3ffc4dbf 2531e876 38831aeb d3ed91f6
069f65d6 1f64e12d 3ffc4dbf 5edf67ae bd822ca1 ea386c1d 2531e876 38831aeb d3ed91f6
5edf67ae bd822ca1 ea386c1d 069f65d6 1f64e12d 3ffc4dbf 5edf67ae bd822ca1 ea386c1d
e51b4d52 590fe817 87a62f8f 719ef0e6 dc6c822c ead68b4d 2d2fcd64 09beb69c a5f09934
719ef0e6 dc6c822c ead68b4d e51b4d52 590fe817 87a62f8f 2d2fcd64 09beb69c a5f09934
e51b4d52 590fe817 87a62f8f 719ef0e6 dc6c822c ead68b4d e51b4d52 590fe817 87a62f8f
73875fae 17caff12 a5878242 1a6e8d0d 71c1a1d0 ed3f84bf f53d1fe6 b520a871 ef069463
1a6e8d0d 71c1a1d0 ed3f84bf 73875fae 17caff12 a5878242 f53d1fe6 b520a871 ef069463
73875fae 17caff12 a5878242 1a6e8d0d 71c1a1d0 ed3f84bf 73875fae 17caff12 a5878242
e6b40aba b4f45410 f22ef9db f2a5932b 6718b9f8 942465b0 9769de7a a01dcb5a 74cf5c9a
f2a5932b 6718b9f8 942465b0 e6b40aba b4f45410 f22ef9db 9769de7a a01dcb5a 74cf5c9a
e6b40aba b4f45410 f22ef9db f2a5932b 6718b9f8 942465b0 e6b40aba b4f45410 f22ef9db
be0340e9 77b97003 f8fd4a11 de869ff6 a79c1568 5bd874ce 199f786c 5afe63d3 3597e766
de869ff6 a79c1568 5bd874ce be0340e9 77b97003 f8fd4a11 199f786c 5afe63d3 3597e766
be0340e9 77b97003 f8fd4a11 de869ff6 a79c1568 5bd874ce be0340e9 77b97003 f8fd4a11
6f08b982 2c298490 3b76fe17 ae9dca71 2dcab85b a3569348 01fec30b 1c5c4bd3 022d1cc3
ae9dca71 2dcab85b a3569348 6f08b982 2c298490 3b76fe17 01fec30b 1c5c4bd3 022d1cc3
6f08b982 2c298490 3b76fe17 ae9dca71 2dcab85b a3569348 6f08b982 2c298490 3b76fe17
93ed0656 0d82e0ad cebc8812 5a9e0899 0add07c0 5dc9d50e f87b0b2d b7ea9d8f 10529c9f
5a9e0899 0add07c0 5dc9d50e 93ed0656 0d82e0ad cebc8812 f87b0b2d b7ea9d8f 10529c9f
93ed0656 0d82e0ad cebc8812 5a9e0899 0add07c0 5dc9d50e 93ed0656 0d82e0ad cebc8812
80ab5432 179ff9f4 61dc1d91 300ca5db f2f178a5 754ab7d1 920527a6 00f5e095 74eba7ae
300ca5db f2f178a5 754ab7d1 80ab5432 179ff9f4 61dc1d91 920527a6 00f5e095 74eba7ae
80ab5432 179ff9f4 61dc1d91 300ca5db f2f178a5 754ab7d1 80ab5432 179ff9f4 61dc1d91
9e42db6c 2be9b2f9 58f4d546 43bdc60a b613870c aeff8812 b0446d25 93b579b5 b2aa85f5
43bdc60a b613870c aeff8812 9e42db6c 2be9b2f9 58f4d546 b0446d25 93b579b5 b2aa85f5
9e42db6c 2be9b2f9 58f4d546 43bdc60a b613870c aeff8812 9e42db6c 2be9b2f9 58f4d546
b7f788ef 7ba41da3 8867c559 902d12c4 bcf8850a a2020d71 5a9e9047 403919af 2edf9e5f
902d12c4 bcf8850a a2020d71 b7f788ef 7ba41da3 8867c559 5a9e9047 403919af 2edf9e5f
b7f788ef 7ba41da3 8867c559 902d12c4 bcf8850a a2020d71 b7f788ef 7ba41da3 8867c559
85e94971 be37baac a74914ea f6258d34 387e4e7d b63df4bd fd4ec4a9 43a7acf9 8de83ba8
f6258d34 387e4e7d b63df4bd 85e94971 be37baac a74914ea fd4ec4a9 43a7acf9 8de83ba8
85e94971 be37baac a74914ea f6258d34 387e4e7d b63df4bd 85e94971 be37baac a74914ea
bc56bec2 dec5a6b0 af969339 4d01e046 0bf3435b 47c5256a 15b4a016 a2dfcc6d c035e7b9
4d01e046 0bf3435b 47c5256a bc56bec2 dec5a6b0 af969339 15b4a016 a2dfcc6d c035e7b9
bc56bec2 dec5a6b0 af969339 4d01e046 0bf3435b 47c5256a bc56bec2 dec5a6b0 af969339
49f8f6de a3077b3f c5e9be6c 74fa85df 4edabe43 6accceb7 38ad4711 261d1e82 3a846dd1
74fa85df 4edabe43 6accceb7 49f8f6de a3077b3f c5e9be6c 38ad4711 261d1e82 3a846dd1
49f8f6de a3077b3f c5e9be6c 74fa85df 4edabe43 6accceb7 49f8f6de a3077b3f c5e9be6c
31e787ff 5cd2c3c2 c27216f7 cd4d4e33 a5892854 a4ac7683 be7dafc3 774ea3a1 582b8bda
cd4d4e33 a5892854 a4ac7683 31e787ff 5cd2c3c2 c27216f7 be7dafc3 774ea3a1 582b8bda
31e787ff 5cd2c3c2 c27216f7 cd4d4e33 a5892854 a4ac7683 31e787ff 5cd2c3c2 c27216f7
d904e298 2d5def99 99b22525 f80809c8 32f219d5 d3ffc2d0 5311e59e cb65e19d 807f0ff8
f80809c8 32f219d5 d3ffc2d0 d904e298 2d5def99 99b22525 5311e59e cb65e19d 807f0ff8
d904e298 2d5def99 99b22525 f80809c8 32f219d5 d3ffc2d0 d904e298 2d5def99 99b22525
0301003d a08b6c4b da4bd8e2 a4b8d572 6c84748a ae448b99 e5cce46c 31d73d06 2f5fa1c5
a4b8d572 6c84748a ae448b99 0301003d a08b6c4b da4bd8e2 e5cce46c 31d73d06 2f5fa1c5
0301003d a08b6c4b da4bd8e2 a4b8d572 6c84748a ae448b99 0301003d a08b6c4b da4bd8e2
fb68a9b8 0ff21574 e5386dc6 bec10660 2479b336 9dcff057 be151953 f528b3b7 74fa9006
bec10660 2479b336 9dcff057 fb68a9b8 0ff21574 e5386dc6 be151953 f528b3b7 74fa9006
fb68a9b8 0ff21574 e5386dc6 bec10660 2479b336 9dcff057 fb68a9b8 0ff21574 e5386dc6
489773d6 1d851cb2 e38d8d05 f0b165f7 f5ad9ca9 ceec398f bead977d 410d9480 403eace2
f0b165f7 f5ad9ca9 ceec398f 489773d6 1d851cb2 e38d8d05 bead977d 410d9480 403eace2
489773d6 1d851cb2 e38d8d05 f0b165f7 f5ad9ca9 ceec398f 489773d6 1d851cb2 e38d8d05
3a71f73d 2644f190 f6a3d2bc 74c8e036 c7bfcb63 281820ed 85bc3641 c1f88d8c 9262dfed
74c8e036 c7bfcb63 281820ed 3a71f73d 2644f190 f6a3d2bc 85bc3641 c1f88d8c 9262dfed
3a71f73d 2644f190 f6a3d2bc 74c8e036 c7bfcb63 281820ed 3a71f73d 2644f190 f6a3d2bc
2117cfd1 d7be03ac d91c1999 5727d981 212ef1fa d3ccb485 5ab7a290 45c016e7 693940e6
5727d981 212ef1fa d3ccb485 2117cfd1 d7be03ac d91c1999 5ab7a290 45c016e7 693940e6
2117cfd1 d7be03ac d91c1999 5727d981 212ef1fa d3ccb485 2117cfd1 d7be03ac d91c1999
61e38623 47b9e840 754922b9 68bda824 048f861c 3ef2352f 412c6051 60fbb137 ec55627e
68bda824 048f861c 3ef2352f 61e38623 47b9e840 754922b9 412c6051 60fbb137 ec55627e
61e38623 47b9e840 754922b9 68bda824 048f861c 3ef2352f 61e38623 47b9e840 754922b9
c4229be2 d3c8675a a8a9c824 70266c68 022731ee 35d2b0df a59ad1d8 a77c7996 0627a2cd
70266c68 022731ee 35d2b0df c4229be2 d3c8675a a8a9c824 a59ad1d8 a77c7996 0627a2cd
c4229be2 d3c8675a a8a9c824 70266c68 022731ee 35d2b0df c4229be2 d3c8675a a8a9c824
ddf802eb 0fd1c77e c3ea9c1f f09cd2a9 ba4a0239 f215da7e 9b130978 ebf2bd9e b957f1f1
f09cd2a9 ba4a0239 f215da7e ddf802eb 0fd1c77e c3ea9c1f 9b130978 ebf2bd9e b957f1f1
ddf802eb 0fd1c77e c3ea9c1f f09cd2a9 ba4a0239 f215da7e ddf802eb 0fd1c77e c3ea9c1f
0fb0f594 5a373fc3 3975319a 74eb6d86 7862850f 10f57b10 6685bc67 ea875432 e33cb4f5
74eb6d86 7862850f 10f57b10 0fb0f594 5a373fc3 3975319a 6685bc67 ea875432 e33cb4f5
0fb0f594 5a373fc3 3975319a 74eb6d86 7862850f 10f57b10 0fb0f594 5a373fc3 3975319a
7df9772e 96118504 d0db62a4 ce2eef23 5f588df7 9ec7f2db ebf3f483 f0ad8c6e a4f02930
ce2eef23 5f588df7 9ec7f2db 7df9772e 96118504 d0db62a4 ebf3f483 f0ad8c6e a4f02930
7df9772e 96118504 d0db62a4 ce2eef23 5f588df7 9ec7f2db 7df9772e 96118504 d0db62a4
9290127e 6640f3d1 e6ce092e 8a7c8b52 c89a2df2 ed5d46c7 8d596d60 6f81761c 4f64a709
8a7c8b52 c89a2df2 ed5d46c7 9290127e 6640f3d1 e6ce092e 8d596d60 6f81761c 4f64a709
9290127e 6640f3d1 e6ce092e 8a7c8b52 c89a2df2 ed5d46c7 9290127e 6640f3d1 e6ce092e
c9b82eea 6fc8ba7e 3ff67f2c 7ce95e55 3d37a7ca b1bc2ef4 919bfcf4 a5ff3003 c8a1bce6
7ce95e55 3d37a7ca b1bc2ef4 c9b82eea 6fc8ba7e 3ff67f2c 919bfcf4 a5ff3003 c8a1bce6
c9b82eea 6fc8ba7e 3ff67f2c 7ce95e55 3d37a7ca b1bc2ef4 c9b82eea 6fc8ba7e 3ff67f2c
a4d7f463 14e7f5c8 fa6f3fb0 7f05ea2f d82c5f7f 981cac29 f5d17ccd 35805fae 9c97336a
7f05ea2f d82c5f7f 981cac29 a4d7f463 14e7f5c8 fa6f3fb0 f5d17ccd 35805fae 9c97336a
a4d7f463 14e7f5c8 fa6f3fb0 7f05ea2f d82c5f7f 981cac29 a4d7f463 14e7f5c8 fa6f3fb0
c6b5f692 e7305197 628922f2 d9c92500 92e88665 7050b0b9 71414a28 aeb71d48 84c95a7e
d9c92500 92e88665 7050b0b9 c6b5f692 e7305197 628922f2 71414a28 aeb71d48 84c95a7e
c6b5f692 e7305197 628922f2 d9c92500 92e88665 7050b0b9 c6b5f692 e7305197 628922f2
b0e0ff47 aa95b9c0 ada1bfa2 340f2ca1 d50929a8 bf11d933 1e7acecd 6517d8e6 705eb70d
340f2ca1 d50929a8 bf11d933 b0e0ff47 aa95b9c0 ada1bfa2 1e7acecd 6517d8e6 705eb70d
b0e0ff47 aa95b9c0 ada1bfa2 340f2ca1 d50929a8 bf11d933 b0e0ff47 aa95b9c0 ada1bfa2
6917e67f 137f90e1 c938f29c 168de80b 31574ca8 df151781 6720509c 87667a8b 6f282445
168de80b 31574ca8 df151781 6917e67f 137f90e1 c938f29c 6720509c 87667a8b 6f282445
6917e67f 137f90e1 c938f29c 168de80b 31574ca8 df151781 6917e67f 137f90e1 c938f29c
3375e94a 529f65bd 95ec8c04 6e68f332 feb34adc 0c0096cf 1e8d4119 cde2eadd 4a9d6edb
6e68f332 feb34adc 0c0096cf 3375e94a 529f65bd 95ec8c04 1e8d4119 cde2eadd 4a9d6edb
3375e94a 529f65bd 95ec8c04 6e68f332 feb34adc 0c0096cf 3375e94a 529f65bd 95ec8c04
8d06edd0 a00fb604 c3d487f1 deb3d46b 5a9af7fb 96988713 3a082fbc 32e35641 25046d54
deb3d46b 5a9af7fb 96988713 8d06edd0 a00fb604 c3d487f1 3a082fbc 32e35641 25046d54
8d06edd0 a00fb604 c3d487f1 deb3d46b 5a9af7fb 96988713 8d06edd0 a00fb604 c3d487f1
53047736 3ee7613e 6ae10a66 c5f034a1 c33cdea2 046cfc29 50ec9e01 b070ee93 34942ce0
c5f034a1 c33cdea2 046cfc29 53047736 3ee7613e 6ae10a66 50ec9e01 b070ee93 34942ce0
53047736 3ee7613e 6ae10a66 c5f034a1 c33cdea2 046cfc29 53047736 3ee7613e 6ae10a66
441265e4 061d7147 5ce4543f 33cb8ad7 0e4eb870 01c4de81 9687a61b 9e5267d6 b38a13f5
33cb8ad7 0e4eb870 01c4de81 441265e4 061d7147 5ce4543f 9687a61b 9e5267d6 b38a13f5
441265e4 061d7147 5ce4543f 33cb8ad7 0e4eb870 01c4de81 441265e4 061d7147 5ce4543f
873c0c87 1b536241 fd743556 edd68503 2f42a0b2 8b783cc6 dfc86e0c 9b500051 f76b7325
edd68503 2f42a0b2 8b783cc6 873c0c87 1b536241 fd743556 dfc86e0c 9b500051 f76b7325
873c0c87 1b536241 fd743556 edd68503 2f42a0b2 8b783cc6 873c0c87 1b536241 fd743556
29744e75 13a21f55 6c42833b 1b48248d f3c071d5 d97aa1c3 0b0edff0 984a8656 c4966cc0
1b48248d f3c071d5 d97aa1c3 29744e75 13a21f55 6c42833b 0b0edff0 984a8656 c4966cc0
29744e75 13a21f55 6c42833b 1b48248d f3c071d5 d97aa1c3 29744e75 13a21f55 6c42833b
29a4c7d7 b6bda9d6 5352fa16 d662cc80 21750e47 d108391a f7246d68 a2cb9072 3d2d118d
d662cc80 21750e47 d108391a 29a4c7d7 b6bda9d6 5352fa16 f7246d68 a2cb9072 3d2d118d
29a4c7d7 b6bda9d6 5352fa16 d662cc80 21750e47 d108391a 29a4c7d7 b6bda9d6 5352fa16
8cb1e912 478524fb a5c0ad80 9794e1ab feb90ca5 28c2527c dc154582 0b9596d6 947272b7
9794e1ab feb90ca5 28c2527c 8cb1e912 478524fb a5c0ad80 dc154582 0b9596d6 947272b7
8cb1e912 478524fb a5c0ad80 9794e1ab feb90ca5 28c2527c 8cb1e912 478524fb a5c0ad80
27c09877 a555979c 9b0c89a7 539ed6b5 532b42f1 5d48b900 12088e9c 1c504171 2091f4d9
539ed6b5 532b42f1 5d48b900 27c09877 a555979c 9b0c89a7 12088e9c 1c504171 2091f4d9
27c09877 a555979c 9b0c89a7 539ed6b5 532b42f1 5d48b900 27c09877 a555979c 9b0c89a7
b0366622 e4290ed6 56d75da6 56f03c1c d44b01c5 f8e63aaa 282f5f80 f4cadcc9 785bbcec
56f03c1c d44b01c5 f8e63aaa b0366622 e4290ed6 56d75da6 282f5f80 f4cadcc9 785bbcec
b0366622 e4290ed6 56d75da6 56f03c1c d44b01c5 f8e63aaa b0366622 e4290ed6 56d75da6
59f07b32 611945ef 2949fedd e22bc39d cf2333cf 945a2b35 ae4279e2 ee32554a 6672a1a5
e22bc39d cf2333cf 945a2b35 59f07b32 611945ef 2949fedd ae4279e2 ee32554a 6672a1a5
59f07b32 611945ef 2949fedd e22bc39d cf2333cf 945a2b35 59f07b32 611945ef 2949fedd
d911a4a3 3a9a593b 97394e57 1906a9bf 23680732 e336394d 8a077a87 58ba447a a5fa5320
1906a9bf 23680732 e336394d d911a4a3 3a9a593b 97394e57 8a077a87 58ba447a a5fa5320
d911a4a3 3a9a593b 97394e57 1906a9bf 23680732 e336394d d911a4a3 3a9a593b 97394e57
adfb032c a093f1cc b16659b1 fe3f432a 009f311b b5d2b8f7 1aa44025 4a9016a2 6fa9b3b8
fe3f432a 009f311b b5d2b8f7 adfb032c a093f1cc b16659b1 1aa44025 4a9016a2 6fa9b3b8
adfb032c a093f1cc b16659b1 fe3f432a 009f311b b5d2b8f7 adfb032c a093f1cc b16659b1
67c68dc2 086eadec ee48deb9 2ef5d3c3 5275454a 6bab89d4 6bb74045 ba089189 87197828
2ef5d3c3 5275454a 6bab89d4 67c68dc2 086eadec ee48deb9 6bb74045 ba089189 87197828
67c68dc2 086eadec ee48deb9 2ef5d3c3 5275454a 6bab89d4 67c68dc2 086eadec ee48deb9
828f4e9f 3128ec84 8c9cbbf9 e7a4a58a f78bc85c 26ef8263 3506551e 3a45fb28 841e3f8d
e7a4a58a f78bc85c 26ef8263 828f4e9f 3128ec84 8c9cbbf9 3506551e 3a45fb28 841e3f8d
828f4e9f 3128ec84 8c9cbbf9 e7a4a58a f78bc85c 26ef8263 828f4e9f 3128ec84 8c9cbbf9
ebca65c2 d602bed3 b2c59dd4 eea33530 5afe1626 438eacf5 e2cca646 13331837 c43db861
eea33530 5afe1626 438eacf5 ebca65c2 d602bed3 b2c59dd4 e2cca646 13331837 c43db861
ebca65c2 d602bed3 b2c59dd4 eea33530 5afe1626 438eacf5 ebca65c2 d602bed3 b2c59dd4
e93b208c b9bffb77 1e8f8d1b b9e4c93f 92aa2a1b e0dc47cd 0565ecb9 043c6ae3 cec5327b
b9e4c93f 92aa2a1b e0dc47cd e93b208c b9bffb77 1e8f8d1b 0565ecb9 043c6ae3 cec5327b
e93b208c b9bffb77 1e8f8d1b b9e4c93f 92aa2a1b e0dc47cd e93b208c b9bffb77 1e8f8d1b
bc54fe2f 3c7e20d7 d3151b47 fd6ade73 cd7d4feb c680ef9f 341f0935 5a185778 0a150953
fd6ade73 cd7d4feb c680ef9f bc54fe2f 3c7e20d7 d3151b47 341f0935 5a185778 0a150953
bc54fe2f 3c7e20d7 d3151b47 fd6ade73 cd7d4feb c680ef9f bc54fe2f 3c7e20d7 d3151b47
d3bf6ef8 4ed2c724 000d2044 f31de5af 2ce6e926 b3c953b0 2d0d9349 f485c0bb 7e406829
f31de5af 2ce6e926 b3c953b0 d3bf6ef8 4ed2c724 000d2044 2d0d9349 f485c0bb 7e406829
d3bf6ef8 4ed2c724 000d2044 f31de5af 2ce6e926 b3c953b0 d3bf6ef8 4ed2c724 000d2044
1e10e0cc 9eac6e9f 39f2eb52 3f1c5ea9 b63d05d8 3bec664b 921b413b 50089c7f fa5e1189
3f1c5ea9 b63d05d8 3bec664b 1e10e0cc 9eac6e9f 39f2eb52 921b413b 50089c7f fa5e1189
1e10e0cc 9eac6e9f 39f2eb52 3f1c5ea9 b63d05d8 3bec664b 1e10e0cc 9eac6e9f 39f2eb52
1c07d7d4 85937680 413ac74e a0a70511 543386d7 5ad772f6 8dbb5784 18bae58d 9bfb1dc2
a0a70511 543386d7 5ad772f6 1c07d7d4 85937680 413ac74e 8dbb5784 18bae58d 9bfb1dc2
1c07d7d4 85937680 413ac74e a0a70511 543386d7 5ad772f6 1c07d7d4 85937680 413ac74e
1e977f8a a69f072b bed5b4b1 0f74380c 209015c8 d50d253a f14c77d0 cdf0b00b 225e00e6
0f74380c 209015c8 d50d253a 1e977f8a a69f072b bed5b4b1 f14c77d0 cdf0b00b 225e00e6
1e977f8a a69f072b bed5b4b1 0f74380c 209015c8 d50d253a 1e977f8a a69f072b bed5b4b1
26de4118 d8933628 e3b0c1d7 4867a63b ce5b0fa3 12e7d639 bdedefba d6bcae54 0677ecaa
4867a63b ce5b0fa3 12e7d639 26de4118 d8933628 e3b0c1d7 bdedefba d6bcae54 0677ecaa
26de4118 d8933628 e3b0c1d7 4867a63b ce5b0fa3 12e7d639 26de4118 d8933628 e3b0c1d7
c0ef81b6 ee130c23 e0c30233 94d704e0 32dabdb0 1f64936f b0092b9a e598b799 f6d5b465
94d704e0 32dabdb0 1f64936f c0ef81b6 ee130c23 e0c30233 b0092b9a e598b799 f6d5b465
c0ef81b6 ee130c23 e0c30233 94d704e0 32dabdb0 1f64936f c0ef81b6 ee130c23 e0c30233
f6bfac7b 817efce8 03fbc4c1 da32780b 577daf0d 79cb0721 17791aec 47f1a73f 9ef45963
da32780b 577daf0d 79cb0721 f6bfac7b 817efce8 03fbc4c1 17791aec 47f1a73f 9ef45963
f6bfac7b 817efce8 03fbc4c1 da32780b 577daf0d 79cb0721 f6bfac7b 817efce8 03fbc4c1
472a817e b461bc56 8e1640be 811be8f4 c59fd96d 19ac7e40 df16fdae fd175e15 a18ed748
811be8f4 c59fd96d 19ac7e40 472a817e b461bc56 8e1640be df16fdae fd175e15 a18ed748
472a817e b461bc56 8e1640be 811be8f4 c59fd96d 19ac7e40 472a817e b461bc56 8e1640be
b9cc1270 0e019b43 7b6bc920 66c092e6 6f4d2529 5e1d076e 8474c3ae cdb74ac3 a4fa1ff5
66c092e6 6f4d2529 5e1d076e b9cc1270 0e019b43 7b6bc920 8474c3ae cdb74ac3 a4fa1ff5
b9cc1270 0e019b43 7b6bc920 66c092e6 6f4d2529 5e1d076e b9cc1270 0e019b43 7b6bc920
328b5f44 ce0923d9 094b8bc6 5b552b51 b168b6ce 3a5455dd dd2024d0 8ab16a49 50a3cdd2
5b552b51 b168b6ce 3a5455dd 328b5f44 ce0923d9 094b8bc6 dd2024d0 8ab16a49 50a3cdd2
328b5f44 ce0923d9 094b8bc6 5b552b51 b168b6ce 3a5455dd 328b5f44 ce0923d9 094b8bc6
e0108124 8ca221e7 ac9c2cf5 288ddc9c 7814043a 75321483 84ec0b43 589649a5 89e23e0f
288ddc9c 7814043a 75321483 e0108124 8ca221e7 ac9c2cf5 84ec0b43 589649a5 89e23e0f
e0108124 8ca221e7 ac9c2cf5 288ddc9c 7814043a 75321483 e0108124 8ca221e7 ac9c2cf5
8460c398 a52f831e 13ae69ce 3ba9805e cc146ed2 0b6bc80f fae3b4c3 261f9932 4858e695
3ba9805e cc146ed2 0b6bc80f 8460c398 a52f831e 13ae69ce fae3b4c3 261f9932 4858e695
8460c398 a52f831e 13ae69ce 3ba9805e cc146ed2 0b6bc80f 8460c398 a52f831e 13ae69ce
416f3812 bca58cb9 78e51315 b3a18fc9 9359683d 72f8ea2d fe6f7be0 91a3a257 1b341dcd
b3a18fc9 9359683d 72f8ea2d 416f3812 bca58cb9 78e51315 fe6f7be0 91a3a257 1b341dcd
416f3812 bca58cb9 78e51315 b3a18fc9 9359683d 72f8ea2d 416f3812 bca58cb9 78e51315
489d9483 deb58faa 3288f1b7 bc285368 7405d3eb 2f60f9e6 7896bc09 57ebd5d6 b880f97a
bc285368 7405d3eb 2f60f9e6 489d9483 deb58faa 3288f1b7 7896bc09 57ebd5d6 b880f97a
489d9483 deb58faa 3288f1b7 bc285368 7405d3eb 2f60f9e6 489d9483 deb58faa 3288f1b7
16e0d7f0 8b84a26b 21bc3ca5 b6f60915 b9761141 55cfae38 26e6c181 7dc18f25 4ac42239
b6f60915 b9761141 55cfae38 16e0d7f0 8b84a26b 21bc3ca5 26e6c181 7dc18f25 4ac42239
16e0d7f0 8b84a26b 21bc3ca5 b6f60915 b9761141 55cfae38 16e0d7f0 8b84a26b 21bc3ca5
01bd545f ac4a239d fa42d8fe 04bbb3c9 db31bd6b f381fbb0 f9f94f05 aa87f564 3d19ef5e
04bbb3c9 db31bd6b f381fbb0 01bd545f ac4a239d fa42d8fe f9f94f05 aa87f564 3d19ef5e
01bd545f ac4a239d fa42d8fe 04bbb3c9 db31bd6b f381fbb0 01bd545f ac4a239d fa42d8fe
1673d91a f1ea2c12 7acb34d2 3b7542fb 0269941c 1a9bc567 f6cf6c15 2fcc44e9 56e42321
3b7542fb 0269941c 1a9bc567 1673d91a f1ea2c12 7acb34d2 f6cf6c15 2fcc44e9 56e42321
1673d91a f1ea2c12 7acb34d2 3b7542fb 0269941c 1a9bc567 1673d91a f1ea2c12 7acb34d2
0b125869 6f4b5ceb bdc5068a f37528a6 112518c1 5025fe5f c5b2e92f 1e847ee1 3aac0453
f37528a6 112518c1 5025fe5f 0b125869 6f4b5ceb bdc5068a c5b2e92f 1e847ee1 3aac0453
0b125869 6f4b5ceb bdc5068a f37528a6 112518c1 5025fe5f 0b125869 6f4b5ceb bdc5068a
2e34edb3 0085d065 3707d8ac 52f3108f e157d89d 5f430689 741f634d d82bab92 e98cff7f
52f3108f e157d89d 5f430689 2e34edb3 0085d065 3707d8ac 741f634d d82bab92 e98cff7f
2e34edb3 0085d065 3707d8ac 52f3108f e157d89d 5f430689 2e34edb3 0085d065 3707d8ac
304b3562 7d2e1864 68a7fe59 cc9e30ae 560bedf9 ed376a27 79a7c454 0235a473 dd3d2319
cc9e30ae 560bedf9 ed376a27 304b3562 7d2e1864 68a7fe59 79a7c454 0235a473 dd3d2319
304b3562 7d2e1864 68a7fe59 cc9e30ae 560bedf9 ed376a27 304b3562 7d2e1864 68a7fe59
6b7b8294 c9c8cb80 50aeaf91 09fed724 c41c8f1d b042ba14 7c04aabf 044f2e30 2c16cb08
09fed724 c41c8f1d b042ba14 6b7b8294 c9c8cb80 50aeaf91 7c04aabf 044f2e30 2c16cb08
6b7b8294 c9c8cb80 50aeaf91 09fed724 c41c8f1d b042ba14 6b7b8294 c9c8cb80 50aeaf91
69c716bc 6b01fc24 c22061d7 82af0b9f 04563a82 f4ef9603 e47ce85d 1e0693c7 601d06e1
82af0b9f 04563a82 f4ef9603 69c716bc 6b01fc24 c22061d7 e47ce85d 1e0693c7 601d06e1
69c716bc 6b01fc24 c22061d7 82af0b9f 04563a82 f4ef9603 69c716bc 6b01fc24 c22061d7
c5025994 bf833444 4932dd45 6a3b2c8c a1b26c0b 81c64d70 1cf7a45c 61303d4e a3ff4d9f
6a3b2c8c a1b26c0b 81c64d70 c5025994 bf833444 4932dd45 1cf7a45c 61303d4e a3ff4d9f
c5025994 bf833444 4932dd45 6a3b2c8c a1b26c0b 81c64d70 c5025994 bf833444 4932dd45
9a6a0530 24a52945 e4d5a368 391cedf7 5b8f2b1a c10d8a9a 9884048c aefd14dc 1bd1bab3
391cedf7 5b8f2b1a c10d8a9a 9a6a0530 24a52945 e4d5a368 9884048c aefd14dc 1bd1bab3
9a6a0530 24a52945 e4d5a368 391cedf7 5b8f2b1a c10d8a9a 9a6a0530 24a52945 e4d5a368
347c5b2e 274ec7ed 992ccd8e f0ce7525 3ea941c3 c95819b1 d512a1a5 9385651b c16e8296
f0ce7525 3ea941c3 c95819b1 347c5b2e 274ec7ed 992ccd8e d512a1a5 9385651b c16e8296
347c5b2e 274ec7ed 992ccd8e f0ce7525 3ea941c3 c95819b1 347c5b2e 274ec7ed 992ccd8e
9839b231 bfb96518 35fdf425 41a18c1d 8c915341 1a40ee2c d4c2cfa1 261c9f36 c39f6ac6
41a18c1d 8c915341 1a40ee2c 9839b231 bfb96518 35fdf425 d4c2cfa1 261c9f36 c39f6ac6
9839b231 bfb96518 35fdf425 41a18c1d 8c915341 1a40ee2c 9839b231 bfb96518 35fdf425
0206b676 85081ba4 7d40d8be 7e62937b afed1903 812f8e5e a97b2b7e 7f058128 595b1691
7e62937b afed1903 812f8e5e 0206b676 85081ba4 7d40d8be a97b2b7e 7f058128 595b1691
0206b676 85081ba4 7d40d8be 7e62937b afed1903 812f8e5e 0206b676 85081ba4 7d40d8be
deebf342 e197a977 8d262955 dc041b96 6822ede4 dadb9dc2 e154fe0f 8e1b7adf d7c1994e
dc041b96 6822ede4 dadb9dc2 deebf342 e197a977 8d262955 e154fe0f 8e1b7adf d7c1994e
deebf342 e197a977 8d262955 dc041b96 6822ede4 dadb9dc2 deebf342 e197a977 8d262955
d3cffa53 78cab339 68864b86 a2891b53 14126c32 4ce7ddac 21f9584d d2a59c03 7b1f7aa1
a2891b53 14126c32 4ce7ddac d3cffa53 78cab339 68864b86 21f9584d d2a59c03 7b1f7aa1
d3cffa53 78cab339 68864b86 a2891b53 14126c32 4ce7ddac d3cffa53 78cab339 68864b86
345aaf0e 78d65504 b34c3559 438f6606 bbcf5d6f cd3cdf77 2ffe7972 5caf6b92 124cdd8b
438f6606 bbcf5d6f cd3cdf77 345aaf0e 78d65504 b34c3559 2ffe7972 5caf6b92 124cdd8b
345aaf0e 78d65504 b34c3559 438f6606 bbcf5d6f cd3cdf77 345aaf0e 78d65504 b34c3559
6b4b33dd b45681ae 84d3e720 c1b9d555 c5dcde6a bbafe2c6 672ddd9d 6a9a5a24 a3eb2023
c1b9d555 c5dcde6a bbafe2c6 6b4b33dd b45681ae 84d3e720 672ddd9d 6a9a5a24 a3eb2023
6b4b33dd b45681ae 84d3e720 c1b9d555 c5dcde6a bbafe2c6 6b4b33dd b45681ae 84d3e720
528577fe 3ba44f5b 6ee522ad 072ab413 df024bfc d7ad4736 c264c18f 2df2e91b 96dafc69
072ab413 df024bfc d7ad4736 528577fe 3ba44f5b 6ee522ad c264c18f 2df2e91b 96dafc69
528577fe 3ba44f5b 6ee522ad 072ab413 df024bfc d7ad4736 528577fe 3ba44f5b 6ee522ad
ba71cbcc 22082c0c 02d39136 e3fa2bbb 7be929f1 c5f1f274 8b577494 cc3b7671 939ed107
e3fa2bbb 7be929f1 c5f1f274 ba71cbcc 22082c0c 02d39136 8b577494 cc3b7671 939ed107
ba71cbcc 22082c0c 02d39136 e3fa2bbb 7be929f1 c5f1f274 ba71cbcc 22082c0c 02d39136
154909ba 673997ef 4d6878a2 bce89c0c fbd70fbf d64973df da394fa0 e3992868 6b3dbbc5
bce89c0c fbd70fbf d64973df 154909ba 673997ef 4d6878a2 da394fa0 e3992868 6b3dbbc5
154909ba 673997ef 4d6878a2 bce89c0c fbd70fbf d64973df 154909ba 673997ef 4d6878a2
de3cf4c9 006c48fc 72648c98 d1df8081 7aa02910 fbb4719d 92766cde e2a0cfcd 693c643c
d1df8081 7aa02910 fbb4719d de3cf4c9 006c48fc 72648c98 92766cde e2a0cfcd 693c643c
de3cf4c9 006c48fc 72648c98 d1df8081 7aa02910 fbb4719d de3cf4c9 006c48fc 72648c98
2e658d4f 4c0657c5 1342f2cd 2231e17b 5268ad2f 4b2a6e29 49898d10 da24e140 2bdbc4f7
2231e17b 5268ad2f 4b2a6e29 2e658d4f 4c0657c5 1342f2cd 49898d10 da24e140 2bdbc4f7
2e658d4f 4c0657c5 1342f2cd 2231e17b 5268ad2f 4b2a6e29 2e658d4f 4c0657c5 1342f2cd
53df9afe 70a9c625 4029d9ce ac0c5e5b 11675cdd 77bf464f dbd51cf9 3b8bbf95 20e70d35
ac0c5e5b 11675cdd 77bf464f 53df9afe 70a9c625 4029d9ce dbd51cf9 3b8bbf95 20e70d35
53df9afe 70a9c625 4029d9ce ac0c5e5b 11675cdd 77bf464f 53df9afe 70a9c625 4029d9ce
2ecc919a cde72bc3 cd54177c c0a5e583 d65c15df 00b0d625 e2287c7b 41a186b2 d8a02268
c0a5e583 d65c15df 00b0d625 2ecc919a cde72bc3 cd54177c e2287c7b 41a186b2 d8a02268
2ecc919a cde72bc3 cd54177c c0a5e583 d65c15df 00b0d625 2ecc919a cde72bc3 cd54177c
ff1e9057 6b0a156f 64c4c6f5 61d7dae2 1274a4b9 8efc35a9 4ff7a3d4 03a355f4 07e21467
61d7dae2 1274a4b9 8efc35a9 ff1e9057 6b0a156f 64c4c6f5 4ff7a3d4 03a355f4 07e21467
ff1e9057 6b0a156f 64c4c6f5 61d7dae2 1274a4b9 8efc35a9 ff1e9057 6b0a156f 64c4c6f5
b111a89d 06782d7e 9675c778 29021de7 b060ed61 756aaab4 88bebb73 98f47d47 4f7f06de
29021de7 b060ed61 756aaab4 b111a89d 06782d7e 9675c778 88bebb73 98f47d47 4f7f06de
b111a89d 06782d7e 9675c778 29021de7 b060ed61 756aaab4 b111a89d 06782d7e 9675c778
985c383b 4822d36f 3084c39b 3cfbc5dc 1e9ece56 cda6a147 cd43c88d 89a1329e 0f78dd27
3cfbc5dc 1e9ece56 cda6a147 985c383b 4822d36f 3084c39b cd43c88d 89a1329e 0f78dd27
985c383b 4822d36f 3084c39b 3cfbc5dc 1e9ece56 cda6a147 985c383b 4822d36f 3084c39b
8ddaae9b c8b7af7f 7acffe5c 2dcff42a 61286056 70429e83 04999338 6d71529e cd76fce5
2dcff42a 61286056 70429e83 8ddaae9b c8b7af7f 7acffe5c 04999338 6d71529e cd76fce5
8ddaae9b c8b7af7f 7acffe5c 2dcff42a 61286056 70429e83 8ddaae9b c8b7af7f 7acffe5c
a8aa9671 19b29e04 4b351ac6 8ac85d8e 26b20342 687be92b 651b09ce b03c3a34 083b28d5
8ac85d8e 26b20342 687be92b a8aa9671 19b29e04 4b351ac6 651b09ce b03c3a34 083b28d5
a8aa9671 19b29e04 4b351ac6 8ac85d8e 26b20342 687be92b a8aa9671 19b29e04 4b351ac6
2a486756 187bf04e 3a5c10f0 54d75506 e1a2c159 3ab1edfb 27c76e82 753505c7 1044065d
54d75506 e1a2c159 3ab1edfb 2a486756 187bf04e 3a5c10f0 27c76e82 753505c7 1044065d
2a486756 187bf04e 3a5c10f0 54d75506 e1a2c159 3ab1edfb 2a486756 187bf04e 3a5c10f0
966e40af 1dcc1b0a 07a7890f c8329028 8a979135 4f078cc6 2eb65571 7a57f883 3bd37e45
c8329028 8a979135 4f078cc6 966e40af 1dcc1b0a 07a7890f 2eb65571 7a57f883 3bd37e45
966e40af 1dcc1b0a 07a7890f c8329028 8a979135 4f078cc6 966e40af 1dcc1b0a 07a7890f
3b9ee015 23ee0098 ce950210 3293b2b8 96048a30 f2038d1b b1b910f1 efeb45ba 62e159f3
3293b2b8 96048a30 f2038d1b 3b9ee015 23ee0098 ce950210 b1b910f1 efeb45ba 62e159f3
3b9ee015 23ee0098 ce950210 3293b2b8 96048a30 f2038d1b 3b9ee015 23ee0098 ce950210
59f9f931 31323147 9bd13971 11158c6d 3a682564 08e43c23 7bec7d0a 8f0c233f 260d6b22
11158c6d 3a682564 08e43c23 59f9f931 31323147 9bd13971 7bec7d0a 8f0c233f 260d6b22
59f9f931 31323147 9bd13971 11158c6d 3a682564 08e43c23 59f9f931 31323147 9bd13971
9a81836d e67a603b f26ccf6a 2c6e922c 4aad985a d240e929 708d48f7 33c1623f 1f354c61
2c6e922c 4aad985a d240e929 9a81836d e67a603b f26ccf6a 708d48f7 33c1623f 1f354c61
9a81836d e67a603b f26ccf6a 2c6e922c 4aad985a d240e929 9a81836d e67a603b f26ccf6a
8a571ce3 3bbc2da8 28787613 4ae28895 cbba40b8 2dac6984 882efaa7 9a768602 088ad1e7
4ae28895 cbba40b8 2dac6984 8a571ce3 3bbc2da8 28787613 882efaa7 9a768602 088ad1e7
8a571ce3 3bbc2da8 28787613 4ae28895 cbba40b8 2dac6984 8a571ce3 3bbc2da8 28787613
a8cc820b f6980e2c 1051e586 c44cf7ce 0030ffef a77c810d 5114fa82 40492ce2 564c4564
c44cf7ce 0030ffef a77c810d a8cc820b f6980e2c 1051e586 5114fa82 40492ce2 564c4564
a8cc820b f6980e2c 1051e586 c44cf7ce 0030ffef a77c810d a8cc820b f6980e2c 1051e586
50848138 6df6d02b 57b97260 bf20dbca e212c9c3 ec50774b 537c0920 9fef1f98 159d4f9d
bf20dbca e212c9c3 ec50774b 50848138 6df6d02b 57b97260 537c0920 9fef1f98 159d4f9d
50848138 6df6d02b 57b97260 bf20dbca e212c9c3 ec50774b 50848138 6df6d02b 57b97260
c21ef657 6ce155cb b3af46b0 d2ac1d74 7292e825 ba190a34 71c3f4ee a3d99e70 0a1728be
d2ac1d74 7292e825 ba190a34 c21ef657 6ce155cb b3af46b0 71c3f4ee a3d99e70 0a1728be
c21ef657 6ce155cb b3af46b0 d2ac1d74 7292e825 ba190a34 c21ef657 6ce155cb b3af46b0
c1cb6eab 46aebb94 fa7bc2ae 796bb5ac a892dc4f e6934ec2 3d0b9418 df36f748 d04f4c30
796bb5ac a892dc4f e6934ec2 c1cb6eab 46aebb94 fa7bc2ae 3d0b9418 df36f748 d04f4c30
c1cb6eab 46aebb94 fa7bc2ae 796bb5ac a892dc4f e6934ec2 c1cb6eab 46aebb94 fa7bc2ae
04cf11d7 9bc4f5b1 5234690a ba5a75b9 77ff9af7 1607e07c 39c6e779 e3298b95 48ebed0b
ba5a75b9 77ff9af7 1607e07c 04cf11d7 9bc4f5b1 5234690a 39c6e779 e3298b95 48ebed0b
04cf11d7 9bc4f5b1 5234690a ba5a75b9 77ff9af7 1607e07c 04cf11d7 9bc4f5b1 5234690a
4d6aed21 fa10cd5c 266a7a4e dbbcc342 4c3c8723 d690a2c1 6abd1c5d 884768e4 c2c87bfe
dbbcc342 4c3c8723 d690a2c1 4d6aed21 fa10cd5c 266a7a4e 6abd1c5d 884768e4 c2c87bfe
4d6aed21 fa10cd5c 266a7a4e dbbcc342 4c3c8723 d690a2c1 4d6aed21 fa10cd5c 266a7a4e
6121447f 64d79d9a a1f2c076 9266c088 16bb4db5 58331511 0fd8f9cb cbdec573 576ce353
9266c088 16bb4db5 58331511 6121447f 64d79d9a a1f2c076 0fd8f9cb cbdec573 576ce353
6121447f 64d79d9a a1f2c076 9266c088 16bb4db5 58331511 6121447f 64d79d9a a1f2c076
63e8e8d4 321c117c 275e2695 eead9c50 22c47835 26776ce0 1d9d47fb e347ea51 118cca06
eead9c50 22c47835 26776ce0 63e8e8d4 321c117c 275e2695 1d9d47fb e347ea51 118cca06
63e8e8d4 321c117c 275e2695 eead9c50 22c47835 26776ce0 63e8e8d4 321c117c 275e2695
60f4ae1b 4554b85b db9b7767 41f4a093 7b53fdcc 21376725 ced6c829 bf26e7ff 5ec7c554
41f4a093 7b53fdcc 21376725 60f4ae1b 4554b85b db9b7767 ced6c829 bf26e7ff 5ec7c554
60f4ae1b 4554b85b db9b7767 41f4a093 7b53fdcc 21376725 60f4ae1b 4554b85b db9b7767
f9cdce2a dadb2ee9 d47baa24 a12d2427 333af200 6610533a 26cfaf61 e0034540 0f9c0f85
a12d2427 333af200 6610533a f9cdce2a dadb2ee9 d47baa24 26cfaf61 e0034540 0f9c0f85
f9cdce2a dadb2ee9 d47baa24 a12d2427 333af200 6610533a f9cdce2a dadb2ee9 d47baa24
575686c9 4657f43d 9711c3a6 c56a454b 0c40d9a6 925f76a6 4a60d38a 66e46b1d 91db9907
c56a454b 0c40d9a6 925f76a6 575686c9 4657f43d 9711c3a6 4a60d38a 66e46b1d 91db9907
575686c9 4657f43d 9711c3a6 c56a454b 0c40d9a6 925f76a6 575686c9 4657f43d 9711c3a6
45fde800 c734e600 47470100 c7076a00 c71c0300 c76f2c00 c64f5a00 c7287480 c5a0ac00
44e44000 46d27400 479ccf00 478f0e00 473a1b00 c68b9a00 47129f00 4711aa80 46f3d100
474cc800 46930000 c7bbe780 c752fe00 46457800 c7475400 c446c000 4675bc00 c78fc8c0
47c1e400 c7828900 47457700 477a2500 47205100 c7b11600 479f7b40 c6498200 c69cb500
474c8900 47aed180 c6910e00 47849a80 c7938d00 c5ae8000 476adf00 45da2400 c63cae00
47232000 4718c800 452c1000 c7023400 47b83100 47aeed00 4583b000 47824a80 47344d80
c7a50700 473b1200 4734ea00 c7a17b00 471df600 472def00 c7a34100 472c8400 47316c80
463c9c00 c78a1a00 c4c76000 47048400 c6e1e600 c790f500 46b3ab00 c7429380 c7141280
442c8000 47c10c80 46ec3600 47975580 c6c0e800 47974200 4718ae80 4710d280 47524f80
474cc400 c688d400 c778d700 c6bafa00 479b5900 c7707400 465e8e00 46f24800 c774a580
45191000 c7188d00 474c1300 47a8f280 46f96200 c6de2600 472dbb00 c55ee000 463a0000
47ad3080 460c9c00 47933480 46432000 47934680 c79c4b80 47459480 4724da00 c5117000
479ab600 c7805100 c7a93280 c7724400 c610d000 47048000 46065000 c7126b00 c6cde500
47446e00 47ab3c80 46e6b600 47433400 c63af800 c7bb1480 4743d100 4713dd80 c7016700
47440300 475bb200 4798c080 47a4c400 479b1880 474e6600 478362c0 478478c0 477ff380
47860200 c7a4d480 478c2880 47156300 4766dc00 471cbe00 4750b380 c6459a00 475a8780
47a65700 465fa400 45cd2000 c71f0f00 47bbc600 c6e70e00 46ad9f00 4757ba80 c633c600
c738c300 c5d79000 47bd0280 473c9700 c7012c00 4619b400 43f50000 c69c1e00 47503900
47852680 478a4a80 47bbba00 474e3000 c7ab8000 470d7200 476c3e80 c604d600 47813980
47331a00 c6b29600 c6b0b400 46688800 c6adf000 c71f9c00 46ed3c00 c6b04300 c6f7f600
47b2a080 c78c7c80 47056f00 474bc100 47add300 c790c380 478c4080 46055a00 c69c1800
c7906e00 c7b8c480 47249300 c6f69200 47a2f280 466dd400 c74e1280 c5ae9000 46e00800
474a5400 46c18000 c6c14a00 c533e000 c7b67b00 c7a34100 46bf1600 c7061b00 c7539380
c6193000 460ef800 4508a000 47b28300 c5128000 c6428c00 471f5d00 4554b000 c5a06400
46ae8600 4752d500 c627ac00 c71f7900 c73a4500 c7487d00 c6106c00 45448000 c6f26800
47096d00 47a4c280 473a0d00 c772a800 c7668500 46d1fa00 c6527600 46460000 47118500
47a8a380 47a47080 47511c00 472e6900 4738ce00 c7bbcb80 477fd800 47806bc0 c6a67b00
473d1500 475caa00 4740fe00 46eaf400 47af1800 c7034a00 47194780 478eb680 45f6d000
c61ed000 c78b8300 c7b05480 c7878d80 c7865e80 47a35280 c71b6780 c788f0c0 c5502000
c7ba6b80 c642c400 c6c39a00 c7498400 c776af00 c6b25800 c78f96c0 c713b000 c6baf900
45f9f000 474a0f00 c680f400 468ea000 4749cd00 47132300 464d1c00 4749ee00 46255200
47894700 c7006f00 c7bb8b00 4768aa00 c6ed8400 45973800 477d9c00 c6f73100 c7321780
4717e500 c72caf00 c71eb600 c7abc900 46db9600 47851480 c6bfad00 c5fb9000 4656e600
c704a000 c7a75a80 47956300 47bcaf80 47353400 4680aa00 46f4bf00 c6998100 47358d80
47616b00 46a12400 c745e500 c732e000 c7afa280 c6f2fc00 45ba2c00 c7075980 c71fb180
c7558200 c6bf9c00 472c8200 46a15a00 c68e5a00 45bea800 c684d500 c6a6fb00 46c45700
c7b8e280 46b8fc00 c7beaf00 c7892780 c748c600 4764e000 c7a10500 c6589000 c6987e00
47a08500 c6969400 c7546700 478a6080 c7abd700 47b86780 479572c0 c7517c00 469c6800
c7636100 c5d69800 4744d000 c69a1a00 c7b19c00 474a5100 c7183700 c73f0580 47479080
45b57000 47939900 c6842600 c7067700 c6c7a800 44e14000 c65f9200 46c35e00 c5ec2400
468e4000 c7394f00 c7aa8000 c71e0e00 47095000 c69cba00 c62ddc00 c5bffc00 c751ae80
47c16300 47136600 479b4080 47872f00 468b6e00 c6f9ae00 47a44900 46d91d00 46b9aa00
477dd100 c6881600 453e0000 477bd400 4768eb00 47110400 477cd280 46a4e000 469ce400
c794be80 47badc00 c7b2d080 46d92a00 474e6000 c7919f00 c6bce800 47910600 c7a237c0
47be0100 47116c00 c7958b00 c73fad00 c7bf7580 478fc000 46bc5500 c6ed7f00 c4b96000
459d0800 45fb7800 44de6000 469a6e00 45f64000 479c3f00 4641b000 45f8dc00 471fb880
46dd9000 c6a2d800 474ae400 47acc480 477ee300 47808b00 47642880 46ad7700 4765fd00
46d15400 c75ef900 45b13800 473f3c00 c7bc8700 4758b200 4713f300 c79601c0 46eed900
47724b00 c7737300 4713ca00 c7c01300 4778eb00 c5c78000 c68ddb00 442f0000 4675b400
46ffec00 c73d9900 c7906580 c7c04c80 c72cbe00 476f7700 c7005180 c7352b80 c5c55000
4780d980 c6dc4200 c5226000 46c6ae00 c79d2980 47a1de80 47328500 c7543a00 471ccb80
c71ca300 c6694400 c7b8ca80 47ba6100 c75c9500 c78bf680 46d81f00 c70b7300 c7a26080
c6d18000 c7897b00 47b2de80 c792b600 47a30e80 47a57380 c7471600 45cc9c00 47ac2900
46044c00 c7445d00 4609ec00 c7be3c00 c7b49c00 c7b43100 c72db280 c78b6540 c722f380
c7b22f00 c73c2300 470bd900 c7911a80 4781b680 c4850000 c7a1a4c0 460e9400 4687b100
c6cefa00 c663d400 c6bf3600 476b9200 4709e700 4704cf00 46841500 4621e400 4594d000
47b67180 c7187a00 c5602000 c765e200 46a9d200 c799bd80 46870100 c6072200 c720be80
478dc000 4743cb00 c7acbc00 c489e000 c620e400 478eb200 470b9880 469b9200 c5f05000
c7506300 c6be2600 46639000 c7272200 4688be00 c76de800 c73bc280 c555a000 c6b50400
c6e0f400 473a6900 c787be80 c6bbca00 4792de00 c7099300 c6ce5f00 47701280 c74c8800
46194000 46ffd600 c7893900 47910180 c6f68000 c7b3bc00 47242980 44156000 c79e7a80
c7463200 47ae6880 c6951000 c7b6b880 47375500 c7169600 c78ce8c0 47850980 c6e11e00
c7b10280 4688da00 c79dc380 45fba000 c76b7100 47b9f100 c7214880 c6a70400 45e16c00
4743a600 c7c2e780 c789a300 479f3580 c7b61a00 c7948180 47808440 c7bc80c0 c78f1240
c741c400 47bd0500 4724ac00 c6e54e00 474a3d00 c74cff00 c71a3580 479111c0 c5a14c00
46c6f600 47ae6980 47a71480 c6d82c00 c7000800 47914500 c489b000 46dccb00 479c2cc0
c6c47a00 c76fa100 c608e000 c786c700 47912e80 45c04000 c737e580 45caf000 c4a30000
47074100 47362800 c6d54600 4796ac00 c6b0dc00 467fdc00 475a4c80 463b7400 c5aab000
c79db700 c742b700 46a6da00 c6d34200 c7ba0b00 c5249000 c7528780 c78db340 46124800
4723dd00 479c8a80 c7c26200 c73d3000 c738a100 47948b00 c54a9800 46807400 c6375c00
46de3800 46fb4a00 c6e9e000 47be7200 47b7a480 c6962600 47760000 47767700 c6c00300
c6f52200 4754b000 c719d100 47512400 c60f3c00 c7755600 462d2600 46b0e100 c7479380
c7155a00 47b7a200 c7825d80 471a5200 47154300 c782ac80 441f0000 478121c0 c7828500
c70a6400 4723b600 c569f000 473cfe00 46f7fe00 c7a10400 45ca6800 470fda80 c7285380
478fe280 47afe680 4759ee00 47bff080 478a8180 c6b17200 47a7e980 479d3400 46813500
4780c280 c7257400 c7beee80 c7439700 c7a24000 c722c500 45f7b800 c774fa00 c7882880
478acf00 4718f800 476ea000 4706c700 c743a200 c68a4a00 474e3280 c5aaa800 46a97b00
c6cf1a00 c6f68a00 47a93a80 c6f07600 46bc9c00 47977400 c6dfc800 c567b800 47a05740
c6a39800 46fc5600 c6cc4400 c65dc400 47975300 468a5000 c6893d00 47566880 c583e800
c6643c00 47963f80 47807800 c7955700 478d7800 c6cfb400 c731de80 4791dbc0 46991600
478e5f80 47665f00 c7c16280 47bc5380 47384500 c7710400 47a55980 474f5200 c79cf240
c72a8f00 4755de00 c784c200 c7396900 c77afe00 4686e200 c731fc00 c5948000 c6c61300
c7acc880 478bc700 c7922a00 477c4100 4694fe00 c7949100 c63aa000 47310680 c7935d80
c7a43980 c7890e00 c79df880 c719c300 46e03c00 466ccc00 c7711b00 c6a1fe00 c7005f00
47825000 47b09080 45e95800 4777d000 c6176000 477f1400 477e3800 471da480 470e1f80
c7c1a100 479a6580 c5f37000 c7953180 c7862380 45561000 c7ab6940 45a21000 c5086800
c7916780 47b82e00 c6867e00 c7489900 c6045c00 4641c800 c775b400 4727a280 c5166800
c7117f00 47ba6880 46f81a00 c7bd6480 47269700 46534800 c7831200 4786da00 46b0df00
c7ba4980 46330400 c7918f00 c7bd9580 46dba800 46dbae00 c7bbef80 469a9500 c6b54700
45330000 c7af0d00 c776dd00 4770fd00 47832480 c77a5200 46fc2d00 c62fa200 c7789780
c784c100 c7697500 472ff400 c703ed00 c5b8c000 c7bf4200 c746b780 c7004680 c6ce9000
47b77980 c6c3cc00 46a7c600 c6bf7c00 45391000 46db6200 47079a80 c62caa00 46c19400
47a1f380 c60e7000 c7ad4880 c7a92900 c53fa000 470c7a00 c4e6b000 c5be5800 c6ce1700
c75f0f00 c7849000 47596600 43090000 c700aa00 c7a75600 c6de8600 c744e500 c66a8c00
47b04200 c724eb00 47835580 c79f1c00 c6946600 c761ca00 45893000 c6ef1e00 45938400
47346000 46906000 45c6a000 c7240f00 c637e400 46e29400 45028800 4551b800 468a1e00
4763ec00 471d0000 c7366f00 c594a000 47179700 44034000 46d15800 471a4b80 c6b46200
46831800 43db8000 4744a600 47078c00 479ec200 46ca9e00 46c91800 471f9d80 4714fa80
c69c5c00 c7b15480 4772b000 47ae1900 467bc000 c4644000 47070200 c711dc80 46ef1f00
c6a82800 c7ba8e80 c7c06a80 c7923880 4798d300 47832280 c73c4280 c606ee00 c6752000
c5732000 47061a00 c77bb200 c7679f00 47b37500 47373c00 c6f6d100 47768200 c608ec00
47a28000 c7b4c480 c791eb00 476ef400 4611ac00 47b2ea00 478cfd00 c7228f00 4603fc00
47bdf200 c5193000 4681f200 477ac600 c787ce00 c75b6e00 479daa80 c70c9780 c69a7500
47120b00 c75ad000 c7447700 46fb0400 479a2800 451cd000 4707c680 46330000 c6baaa00
c796cb80 47afb900 c63eb000 c77e6300 c67ec000 c6e3c800 c78afe80 470fe100 c6a19000
c7898e00 45e4e000 47b0fe00 c6470c00 4782eb80 c6886200 c7226f80 47113980 470ee580
c7465e00 c7acc100 46efd800 c4d76000 47bed780 c59fd000 c6cd1900 4590b400 4647e400
c6333000 47833d00 c6a41600 c724a400 c63dcc00 47ab2b00 c6d17000 46d70700 47022580
c7858480 46e06c00 4799e780 c5ecd000 c796ae80 c7ae0500 c7145180 c6bd2700 c5a0ec00
4784c680 46352800 47aa9600 47312900 c5d67000 4758ff00 475d5b00 4513e000 478b8ac0
c6db8200 c79caf80 47896b00 c68d1200 474cb500 c6365800 c6b44a00 c6595400 46e54000
471b1a00 c6288400 4792e480 c7080c00 43a90000 47853a80 45187000 c5a33c00 478c0f80
c565c000 473efe00 c7790500 c7a92680 c704a300 47834500 c7305480 45e96c00 44d85000
c4e98000 c61ff000 c782fe00 c6952200 c7b1ce80 c7863f00 c623ba00 c745cc80 c7849e80
c78d2500 c6d23800 c7b7fb80 47766d00 c7329800 c71c1b00 c58f7400 c70dda00 c7830480
479c5480 47471400 478f9d00 c726a200 c6beaa00 c7743300 46920700 464f7e00 45ac1c00
c74c3800 46881a00 47ad5800 c68d3c00 c79bf780 47363e00 c7096b00 c6f3e200 47843b80
47782000 46ed4e00 c79ce900 c6d74600 c5663000 c71ffe00 468c7d00 46508800 c76ce800
45111000 45cbb000 47302000 47430700 c7aa7800 46e73c00 46cc1800 c71dbd00 4711df00
c7368000 47004700 c2920000 47808d80 c71ac000 46e11e00 46153600 c553c800 46608c00
c794f680 c7a09780 46a02400 c763b500 475eea00 44580000 c7836880 c6448a00 4626e400
47319a00 47852e00 46b09c00 c65f7400 c7a83200 46c60200 46737a00 c60c1000 46bb4f00
c7be5080 c7155a00 4619cc00 476baa00 c61b9800 46eec600 c690f700 c6bc4000 469dd600
c50f2000 47c02680 47a7c780 c7454800 c79c9a00 c7b25a80 c6ce3a00 460e3200 c5293000
46a0ac00 470a4400 c69b3400 47809880 47c2cb00 c7430f00 4728c380 4783f680 c7085480
c6d00400 c729d200 4788d100 47649200 c60ff000 c65f5800 46792000 c6cdce00 46d9cc00
c788ff00 46ea9000 c64f0000 47b48b00 47533d00 c7b68a80 462e3000 47244280 c7506a80
c6e61c00 47aec980 c6a22a00 c6522400 c65f8400 478db900 c6a79700 4712d900 46ca5d00
c7012a00 c717ad00 c627b000 462e6000 c6624c00 46bd5c00 c62b2400 c6d04000 45d30800
c79df800 c784aa80 c72db100 c5477000 46578800 c7bcf500 c7243380 c6d37300 c789e6c0
47b49700 47be0780 47ba9780 c717b500 47962b00 c78b2100 46d17900 47aa1940 463dda00
c7768100 47941b00 c796d980 c7215f00 c61b0000 c789ec80 c74bf000 4700bb00 c7906300
467a4400 c73c3600 c7a4b500 46c2cc00 c78b7f00 c7b3ae80 469ff700 c7699a00 c7ac31c0
440e4000 c78c3200 45817800 47382400 47bf7a00 475fb500 46ba5d00 464d2000 46efe400
475d0400 c6480400 468c4800 46628400 c6081c00 47b5ca80 470ad280 c6281000 4758dc80
c79b3600 c7a36c80 464d4c00 c6915e00 47a5aa80 47bb4480 c73f8d80 440f8000 4754ee00
c6085c00 4702ea00 47ad0b00 46459400 47949080 477c3b00 44f4e000 47560580 47959440
4727bf00 c78c7700 c7b44980 c6378c00 c76dcb00 c5cad800 4673b800 c781ae40 c740f700
47b4e480 c78ee380 c69e8e00 c4674000 47bd1700 c52ed000 47331600 4638ce00 c6346800
45d81000 479aca00 c7281800 c763bf00 c702fc00 c3f90000 c6c8bd00 46b29800 c6aa0a00
c7934400 463ad800 c79fbb00 473b7500 c7365400 4697d200 c6562600 c6879e00 c6f38d00
c754b800 c7aeaf80 c7a4c180 c74cc600 47a97300 c6fcf200 c750bf00 c4a79000 c763fe00
c780cd00 46288400 c7c05200 4688f600 c7b5ea00 47854700 c6bd1f00 c720d980 c66c2c00
47a2cb00 47801880 47795500 46981a00 479b1000 4710e800 4748d180 478d9440 47451e80
c7297a00 c71ef000 c7bfe880 c74f9200 46d7e200 c752c100 c73c8600 c5cbfc00 c794a480
c7be1080 c77ffa00 c78ee800 46c8c200 4796ad80 c6f75400 c70be000 45b58400 c74cbd00
44f28000 c738ee00 47116900 c6288800 c755d300 47b2c380 c58a3800 c7476080 477b7800
c742b900 47665700 c59e6000 c6c65000 c43ec000 477a3900 c712f080 46e35c00 46e66d00
c7bd4c00 47050e00 461bbc00 c7139c00 c4e4c000 c781c900 c7838d00 467bd000 c6dca300
c7c2a200 c70feb00 47321100 471cad00 4794c000 c6f08e00 c6e89700 46999500 45e72800
462db000 c799ce00 c7ace700 c664e400 47c0b580 c79f8880 c4dcd000 461b9e00 c7a637c0
47adb880 458a0800 46449800 47868380 c7af3280 45c18000 479a1e00 c7269200 4612ac00
c3740000 461c7c00 479dc400 47705200 c700bf00 47bfaf80 46ef5e00 c6334000 47aeb9c0
477af400 47ab7180 c7361a00 470d5700 4784c980 47ad4b80 47442580 47981d80 46a47d00
453f5000 47182a00 477a3d00 47122500 c5b97800 c725d500 469e1a00 4680fb00 4628d000
c69f4200 c7aaa200 c52ee000 4796cc00 c783d300 46dae400 46ddf700 c7973a80 46450800
c6d0be00 c7b5d380 c7aaeb80 c6474000 c7974080 c79a9380 c69a2f00 c7a68a00 c7a2bf80
c6839a00 c5841000 476edd00 479e6e80 c6386000 478c7180 46fb1000 c5fa6800 4781f000
c7ba3e00 4716e600 c6425000 479b4000 c78e2800 47964400 c5f7f000 c6856a00 46fbf400
47812f80 4750f800 47051400 c7978d00 4742e300 c7bb1c00 c5b2ec00 4749ed80 c6f12400
46889e00 c7ad8300 c74f0900 c7627400 47359200 46eee600 c69e2500 c6a57400 c62f2c00
c68c6400 478fc180 476e0000 c7976d00 c724b300 c7a46380 c73a8600 4675a000 c6358e00
c71e9f00 478e1200 c6861400 472ef800 c5764000 4718e200 4502c800 47066000 462bb000
46c92800 45f79800 c5bca000 46419000 47460c00 c7128600 4694f800 46e4ff00 c6aa1a00
c7a41a80 479bc380 c6691000 c688e600 47806b80 c7a5da00 c7465400 478e1780 c742fc00
4770b500 46e19400 c75c8f00 47ab5480 4685e600 479f0400 4791d780 46b3bd00 4642f200
4755b400 4705b800 471fc600 c69cae00 c6b99a00 c6856a00 46875d00 45a3ac00 463a2200
c727ce00 47c14c00 c6fb9200 c77cf900 467bc400 479bb200 c7526380 4760c480 46b99b00
c7b4f880 46d08c00 c71ce200 47870d80 4700a300 c6330000 c637ac00 46e8e900 c6c9a200
46c28000 c727a300 c76d7400 476e6a00 46bda600 446f8000 4727d500 c611a000 c6e9b600
c7411200 471d0d00 47a39480 4754ae00 c7326a00 479aae00 451ce000 c52ae800 479f2140
450d3000 47b12480 c4c58000 c712b100 c51fb000 c6569400 c689de00 472c2700 c5ef4400
46c77c00 c7132e00 c6842e00 c6018400 c78f3300 c7265d00 4606ba00 c758ca00 c6e87400
c6102400 468e2c00 c6cf0800 46a04000 45b33800 c78f0c00 45b05c00 463afa00 c742ce00
c74a5000 c75a4e00 4757b700 c7b0f680 c6a92c00 46174800 c78b0f40 c7177200 46fd8900
46984400 c7b7a600 466fc000 4682c000 c7996800 c727bb00 468d8200 c7a88700 c6579600
477aa100 476a1f00 c757c900 47aae780 47976080 c7b72a00 47941c00 47863800 c7918740
477e1e00 4714c500 c765f700 c7aefa00 c6514400 c6f39000 c63fac00 4640e800 c72fdf80
c6cc6400 4630ac00 47784000 c7b23d00 46c57600 474dc300 c7655600 468ee600 47630180
44d92000 47847c80 c7afc080 c6e37400 479aa980 47211300 c655e200 478f9300 c6be6e00
c796ad80 c7bcdc00 c6718c00 47a71180 4726ec00 c698f400 45832000 c6d2cc00 c688dd00
47118300 47769800 c7ae7900 c6b45000 464ff800 c706d100 45dd6c00 47154b00 c771e180
c7b96600 47280800 c711d700 c798fa00 46cc7600 c782a180 c7a93000 47072180 c74b8d00
c7a71200 c5f98000 c6478c00 471a3c00 c6b33200 c76a1500 c6b3e800 c6719200 c70dfc00
c7ab2080 47ace680 4732f300 c76aa700 477da800 c7c06700 c7903a00 4795dd40 c6cddb00
c6f9a000 c7c15a00 45c51800 c6626c00 c7b79680 c786da00 c6b56b00 c7bc7840 c6f51100
c78c1600 47aa7100 c5827800 c63a9800 475bbe00 c68d3200 c7236900 478c2800 c62dd000
c7962e80 47b1d580 c6deec00 47846980 468dac00 4713de00 c58e2800 47554080 4591a000
45f52000 c6cb9400 c768d900 c7850f80 c5450000 c77eb700 c6eb7b00 c6643400 c773c800
46602c00 476cff00 c7725200 470bc700 4723dc00 c798f480 46c3d200 47486d80 c7890ec0
c7aaf480 c7353e00 c6dc8400 478d9a80 c711ae00 c7b5ea80 c5ead000 c7237600 c76d0b80
47b0b980 472ee000 c79ce300 4788be80 c7ad1580 47081a00 479cbc00 c6ab4b00 c6b1ac00
45ad2800 c76e8600 c782cc00 c7ab5800 c71b5400 4651b800 c7208580 c744ed00 c6d12a00
c7b8ec00 c6980e00 c7793f00 c7073900 4711a800 c7ad3180 c77c8880 460b4200 c794e880
47589600 46a73000 46f7c000 c7a47900 c6a83a00 47725900 c660b800 c2850000 47371c80
c7b4f580 c734e600 466aec00 47b12e80 c7c33780 c6eabc00 c471c000 c78ed540 c5ea8c00
c72a8900 46a84800 c6ee3e00 471c8300 46f2d000 47253500 c4e06000 46cd8c00 45b85800
46d7be00 46b2f000 c5f11000 c783f180 c5010000 c6b7ba00 c69c0400 4622d000 c673fe00
4716f900 46d8d200 c6dbfc00 c7873800 479ffa00 46b4fc00 c66eee00 47562e80 c51c0000
c7722200 c7a64800 c6a47800 467f3c00 479eb600 c7a10680 c6b25300 c4f24000 c74a2480
c7b50980 47b64c00 c7174f00 c73ec000 c4dee000 46e7fe00 c78a34c0 4732d080 c58d4000
c7711d00 c7c33100 c7b3da80 c7268900 c7685700 c65ae800 c74bd300 c79bae40 c74f3780
c72f9100 47a05a00 c682de00 461c6800 47a84280 c7360d00 c6887700 47a44e40 c6f77c00
c6e33400 46f57200 478bcb00 c77a2500 47a3ea00 4781bf00 c735df80 47614680 4786c500
c738f400 c7325a00 c75ea800 4750e600 47bffc00 469d3000 453f9000 46cd9e00 c6901000
c77ad600 c7877780 4625c800 c79e3380 c7b84380 4787f780 c78dcf40 c79fdd80 471cb080
47a5f700 c6d3e800 c5295000 c7a79300 463d6400 c7ae6d00 c3ce0000 c5ea6c00 c733b780
c7b96580 47abf100 c7151500 47b0f700 475b9400 4799d180 c506e800 478cdd80 469e8e00
4752c700 4480c000 c7a94780 46215000 47be6880 c6e33a00 46fb1b00 47406b80 c7621600
47ade180 47070300 47812100 47975980 c798e580 47463800 47a29d80 c6aac800 47643d00
46d72000 479c7900 c7063500 47b7a200 4790b500 47850f80 476d6a00 47969700 4683ea00
c6561000 478a7f80 471e7f00 47645300 c77a5200 c7be0600 46aecf00 45556800 c6dd8d00
c7397600 c72c8100 c7946280 c7605b00 4777fa00 46bcfe00 c74ce880 4616f200 c6ca4600
47864d80 47434400 47bf1d80 47c0c080 47430f00 c6cf8600 47a38700 47432980 470b3c00
c661e800 46e6dc00 c755a500 c7a67780 47bb0c00 c73b1700 c742b480 4774c300 c7485e00
c79b1b00 46ae3c00 47849b80 47209500 46e9e000 c757ea00 c695a100 46cc0e00 45c53400
c76ead00 c735a100 45be7000 47a8f600 4784f780 c7701b00 46467e00 46289c00 c6d84d00
c787b480 47069600 472e3100 47027400 c7874780 c7b95780 c68cf500 c687f900 c6c47e00
c7468d00 c66c1400 46ef9a00 46dbe400 c75dbe00 4740f900 c6313600 c70c6180 471c6300
c56b0000 47b15880 c793b300 c6b35200 47801e80 47237300 c650b200 4798bb80 c683f300
4631f800 4721c000 4610b000 4787d400 46eb4200 47b34200 471e1300 470bb080 47455800
472b7800 47945600 4783f400 c79d0280 c58ee000 c5f8b000 c68e8d00 470b6800 46e8d200
c6baec00 47103100 46576400 c7b03d80 4717ff00 c7905980 c75ef880 47141800 c6eada00
c78eda00 c76cb900 4792f600 45d9f000 c4b4c000 c5ce2800 c7013b00 c6f25f00 47061380
46f90000 46d0ee00 c7299500 c716d400 47683a00 c7af5800 c552a000 47285880 c7821140
478cfe00 c6e68000 c7af4880 4707a800 46f1fa00 c7ae6880 4750d200 4437a000 c7aed880
4789e180 c737fb00 c743ed00 c6901c00 c671c000 452ae000 46cbb500 c6f46b00 c6b93f00
47892d00 47274400 46612400 4703ce00 c7b9d880 475bdf00 474b1400 c6cc6d00 470a1400
c6a03600 474bd000 46934000 47a3b880 c7877e00 c6f64000 46f75600 c6065800 c5c60000
46a60800 c74b9300 c7200000 4583f800 47961700 c735d900 46470600 46413600 c72aec80
47b61780 c7592f00 47b8e880 c715a300 c60c3c00 c7644300 46d68c00 c6fc3e00 468d8e00
c7238100 46fad200 4700ea00 c5a08000 47c15700 c7bdea00 c6b79100 478005c0 c6faea00
46d88a00 c56de000 45b33000 4768ce00 47078800 47189700 472a8980 46715400 46aefd00
c71d7400 c76ea200 47a87800 478cc500 46332c00 45143000 46782c00 c6c1d700 472d1980
c768ab00 4689e800 46d1a200 479b7500 c57c2000 47451200 461c7e00 45d4c800 4716f180
c7208600 47b77300 c7865b80 474fc900 c6d3d600 4714b900 45bd0c00 47027d80 c66ffc00
479eac00 460aec00 c7ba5d00 47ab6500 c6da2e00 c793e700 47a50880 c614b800 c7a72200
c7258f00 475b0a00 4693c400 4767dd00 46984400 47390c00 46049c00 47139600 47017700
c7570900 47770500 c6a1ae00 c7880100 473cc100 c7212200 c7738580 4759e300 c6f1f900
c7a98180 46fc6200 c7b14880 477e8900 46b7c800 477cdd00 c628f400 46da1500 c64b6800
44fec000 4743b300 47b57200 47beb700 469f2400 c6ac7e00 4742b200 4709a280 470a5280
475ed700 c6a53200 46386000 c75b5d00 4728ba00 47803980 43de8000 462c4200 47174580
c70c6c00 c6ab8800 47087200 47aca780 c7bd1580 47aad880 46cce300 c767f780 476f1180
4795ab80 47641000 478d1700 47a12800 478e0a80 c70d3200 479b69c0 47800940 468cfc00
47782600 4748c300 c7aebf80 46a09c00 478a6880 c7350600 47243a00 476eca00 c784a140
c7a15200 c70c9c00 c763d800 c79f4c00 c564a000 469b1800 c7a04f00 c69ae600 c6964c00
4741b000 c6543000 472a2500 c7aa8480 45f29000 45ec7800 c6935900 c535d000 46c7b400
c78fb580 c74d5300 45814800 46d57200 c750a800 47c05100 c6b4b200 c74efd80 47486580
4748f800 46a01e00 47a3c280 47aae900 c540c000 c7a85500 4787b280 46080600 c4925000
47841580 c5372000 c681f000 c75ec300 c7bf7800 47aa6600 45a5a000 c7453100 4709ea00
46805800 c7ada200 47a3ea80 45d27800 c67f2400 c77b9000 4634f600 c74d8680 46188a00
c688d200 47967b80 c6854c00 c79c5580 c7251900 46012400 c73e8a00 4687de00 c5897400
c7115b00 471cb300 47882a80 c7aa7580 c7725e00 c782af00 c7732300 c62b5600 44af7000
c730c400 c79cd580 472f4900 46453800 477e4d00 c74f6100 c67eec00 c5ed7800 c5806000
c6977e00 47c0d500 479f9b80 c72eb300 4772c400 c7a6c680 c6fa7200 479d1b80 c4e56000
c7208e00 c6bf1600 c770ac00 47be4500 c7399000 4719cf00 46dbfc00 c70c8d80 c62dba00
470f1800 475ec100 c6865400 c784fd80 46f22e00 c7602900 c675c600 472bec00 c711a980
47836000 c7a23200 c6f9a400 c700a000 c7299d00 47821680 46862000 c7770080 46875b00
47a8ec80 c61a8c00 46a8bc00 c728e100 45cd1000 470afd00 46a8f800 c4d01000 46df5b00
47372700 c73a0600 c7bc4f00 c74b0700 47415600 c69e7800 c51f0000 446a0000 c763ed00
c7614700 c7bb5a80 c7853200 46901a00 470e1100 4719c500 c6993a00 c6e8a400 c6613e00
c58d8000 4780c380 c787c180 474c5900 c77d2b00 47b44f00 46baa900 440b8000 46323600
c77ebf00 46ec0200 4673e400 467b7000 c6472c00 c7995600 c6bfe300 46086c00 c6f5b300
473e5800 c7490a00 c675cc00 c74dcf00 c75f9c00 c7a37280 c4f77000 c7545300 c7422c00
479c5f00 c7afb000 c74cf400 c677fc00 47932f00 c7ab7200 46fabf00 c5e40800 c788f600
44a06000 c7425900 c70c3500 c7c0e000 47ab8780 4728d800 c73e5e80 4694b600 45651800
c6230c00 c6a9d800 c6ee1400 c6e53600 46506400 c78c5780 c69b5e00 c5834c00 c747dc80
c62a7400 46ed4400 47a2a080 c6d7be00 478ba600 c5d44000 c6967c00 4746f700 47155c80
c6979a00 c7803400 c5cb6000 478ac380 47a75800 c726ff00 46c9ba00 461c9000 c6c06b00
c7823780 c7164f00 47adad80 46619000 c7a70280 c68d7e00 c6cc0b00 c7722a00 470a4e00
c4bbc000 c600b000 c7234800 47a9ef00 c71f7700 c64f1000 47270000 c6bfa300 c6d70c00
476b1c00 475a8c00 c78a7d80 c7c23f00 47085100 c79a7280 c6996200 47316e80 c7927800
47b02800 4717d900 46781000 c5712000 c624a000 47a84500 47289f00 465d6200 47474700
c7783000 475b6b00 47908700 c6da7600 c737eb00 46d63200 c732b580 458e0000 47461380
47564400 c6baf600 c6ce4000 47b87400 47bfa880 47677d00 4791cb00 4710eb00 46805d00
c7427200 c7a55080 c761cb00 c7b8e380 461f8400 c7bc8700 c78d0e40 c7116000 c796b640
47474400 450b6000 47b2e880 4687de00 4514b000 c72ee900 47059980 45100800 46b6e800
47203f00 c6db4a00 470f5a00 46ae9e00 476b3400 c7274400 46f78e00 467b1e00 c53f5000
c55e2000 c69ff600 46c61a00 c7b98880 463ee800 46573c00 c7407980 c5810400 4698dc00
c6921200 c6dce000 47a42900 46aa3600 47414a00 c7b79b00 44c12000 4625b400 c59b9000
474cee00 479f4280 c6a27c00 c6501000 46f8b400 472b3300 4698ea00 475d6f80 4633ea00
47a80d80 475be600 c5a69800 c7b2d500 4764cd00 c7a91b80 c52c7800 47605980 c7338500
42500000 4714a200 c7ab2c00 c70f9900 478ce900 c6c86800 c68f6500 47573a00 c75d4600
c6965000 c66b1400 c60a3000 c4664000 c6b92200 c69d6a00 c61d8200 c6975600 c6628200
c733f200 47983100 47829280 c7b26a80 47bf7280 c7250c00 c78631c0 47abd1c0 46403200
c7ba1e00 c710b200 477d3300 47affe00 4712fd00 c79c4680 c5220000 4392c000 c5ed6800
c62dcc00 4778d600 c7b2a480 c766f400 c72ae400 479ae880 c7093380 461be400 c5bde000
4784f880 478e6f00 c78c6880 c5ffe000 4788b000 46dc9c00 46e9f500 478b8f80 c6aa8300
c6ff9e00 c7a87500 c7241900 45ec9800 c7984480 476ac800 c6447800 c7a05cc0 460d5e00
c72f4100 c78a3280 47894f00 c6b05c00 472d9200 47444d00 c703b780 c64da600 476b7580
c723f300 46d87e00 c698ea00 4784cc00 47223f00 46ca3a00 464b4a00 47073f00 45454000
4768e800 c7868b80 472a8d00 c5e02800 46cd6600 45874800 46cce300 c6a66400 46bb7600
c77f3f00 c79fe200 c77e3f00 469dd400 447ac000 452d0000 c6b05500 c71dec80 c6f36f00
c5278000 c7be3180 c7848e00 c6f71400 c716ff00 c6211800 c6860200 c784d880 c718b100
c6f53600 c72f2700 47059c00 c6029000 47930d00 46682c00 c69b3f00 466de600 46bfa700
c6986400 47c01000 c760e000 46b64e00 44e92000 c7362b00 44ef5000 4743b480 c74b8580
47b39b80 473d7e00 c48f2000 c78cc480 4782f600 c6e40000 461b5c00 4761b500 c66cf200
c6c76c00 47ab0580 47be8800 c7bde080 47aaec00 c6da9c00 c76fbb80 47aaf8c0 4707e100
c6619c00 c6255800 46888400 c7094a00 47655d00 c6d40e00 c6c1b100 46bc0700 c5971400
47489300 c7764500 c69ebc00 c7b94400 c790cd80 4773ce00 c6a9f500 c785f800 46a47000
