axis,scenario,family,n,groups,separation,noise_fraction,k,min_cluster_size,exp_z,method,replicates,true_classes_below_m_min,true_classes_below_m_max,ari_all_count,ari_all_mean,ari_all_min,ari_all_max,nmi_all_count,nmi_all_mean,nmi_all_min,nmi_all_max,ari_true_inliers_count,ari_true_inliers_mean,ari_true_inliers_min,ari_true_inliers_max,ari_inliers_noise_singletons_count,ari_inliers_noise_singletons_mean,ari_inliers_noise_singletons_min,ari_inliers_noise_singletons_max,ari_classified_count,ari_classified_mean,ari_classified_min,ari_classified_max,coverage_count,coverage_mean,coverage_min,coverage_max,clusters_count,clusters_mean,clusters_min,clusters_max,noise_count_count,noise_count_mean,noise_count_min,noise_count_max,noise_precision_count,noise_precision_mean,noise_precision_min,noise_precision_max,noise_recall_count,noise_recall_mean,noise_recall_min,noise_recall_max,noise_f1_count,noise_f1_mean,noise_f1_min,noise_f1_max,matched_macro_precision_count,matched_macro_precision_mean,matched_macro_precision_min,matched_macro_precision_max,matched_macro_recall_count,matched_macro_recall_mean,matched_macro_recall_min,matched_macro_recall_max,matched_macro_f1_count,matched_macro_f1_mean,matched_macro_f1_min,matched_macro_f1_max,matched_micro_precision_count,matched_micro_precision_mean,matched_micro_precision_min,matched_micro_precision_max,matched_micro_recall_count,matched_micro_recall_mean,matched_micro_recall_min,matched_micro_recall_max,matched_micro_f1_count,matched_micro_f1_mean,matched_micro_f1_min,matched_micro_f1_max,exact_classes_count,exact_classes_mean,exact_classes_min,exact_classes_max,exact_class_fraction_count,exact_class_fraction_mean,exact_class_fraction_min,exact_class_fraction_max,matched_correct_points_count,matched_correct_points_mean,matched_correct_points_min,matched_correct_points_max,cluster_count_error_count,cluster_count_error_mean,cluster_count_error_min,cluster_count_error_max,cluster_count_absolute_error_count,cluster_count_absolute_error_mean,cluster_count_absolute_error_min,cluster_count_absolute_error_max,noise_fraction_predicted_count,noise_fraction_predicted_mean,noise_fraction_predicted_min,noise_fraction_predicted_max,selection_ms_count,selection_ms_mean,selection_ms_min,selection_ms_max
difficulty,quality_spherical_n800_g8_d2_noise0,spherical,800,8,2,0,5,20,1,hdbscan_common,2,0,0,2,0.016506596489362806,0.014555226028700248,0.018457966950025367,2,0.07067236367960222,0.05070967624712626,0.09063505111207817,2,0.016506596489362806,0.014555226028700248,0.018457966950025367,2,0.03437587620421967,0.01892646655312433,0.049825285855315,2,0.08776256481741668,0.020071821128144308,0.15545330850668904,2,0.38,0.28625,0.47375,2,2,2,2,2,496,421,571,0,,,,0,,,,0,,,,2,0.10116358455607949,0.08507799671592775,0.11724917239623121,2,0.09375,0.0925,0.095,2,0.0770618777190166,0.0671117767335079,0.08701197870452529,2,0.2618359046444908,0.20052770448548812,0.3231441048034934,2,0.09375,0.0925,0.095,2,0.13637588805060374,0.1289228159457167,0.14382896015549076,2,0,0,0,2,0.0,0.0,0.0,2,75,74,76,2,-6,-6,-6,2,6,6,6,2,0.62,0.52625,0.71375,2,18.627776502398774,17.282603002968244,19.972950001829304
difficulty,quality_spherical_n800_g8_d2_noise0,spherical,800,8,2,0,5,20,1,hdbscan_standard,2,0,0,2,0.016541886245499383,0.014920759699819913,0.018163012791178858,2,0.07046138114254363,0.05120325235770253,0.08971950992738474,2,0.016541886245499383,0.014920759699819913,0.018163012791178858,2,0.03426230866041324,0.01920480540738273,0.04931981191344375,2,0.08695391685802156,0.020072182370632352,0.15383565134541077,2,0.38125,0.2875,0.475,2,2,2,2,2,495,420,570,0,,,,0,,,,0,,,,2,0.101191221599502,0.08484181343770385,0.11754062976130014,2,0.094375,0.0925,0.09625,2,0.07721660797740268,0.06758715727682726,0.08684605867797808,2,0.2621853546910755,0.2026315789473684,0.3217391304347826,2,0.094375,0.0925,0.09625,2,0.13709889748231036,0.13050847457627118,0.1436893203883495,2,0,0,0,2,0.0,0.0,0.0,2,75.5,74,77,2,-6,-6,-6,2,6,6,6,2,0.61875,0.525,0.7125,2,0.0,0.0,0.0
difficulty,quality_spherical_n800_g8_d2_noise0,spherical,800,8,2,0,5,20,1,hgp_exclusive_point_routing,2,0,0,2,0.030713029009706024,0.02169510170568565,0.0397309563137264,2,0.1642041663235136,0.11745666304829294,0.21095166959873424,2,0.030713029009706024,0.02169510170568565,0.0397309563137264,2,0.05853588148845424,0.02212011765356188,0.0949516453233466,2,0.15390914338125508,0.023571284375909232,0.28424700238660094,2,0.6125,0.4425,0.7825,2,6,4,8,2,310,174,446,0,,,,0,,,,0,,,,2,0.3794954446569159,0.26438926431212545,0.4946016250017064,2,0.190625,0.16125,0.22,2,0.20584846456574166,0.12373193685923556,0.28796499227224776,2,0.351622714391437,0.20607028753993611,0.4971751412429379,2,0.190625,0.16125,0.22,2,0.242975831366477,0.18092566619915848,0.3050259965337955,2,0,0,0,2,0.0,0.0,0.0,2,152.5,129,176,2,-2,-4,0,2,2,0,4,2,0.3875,0.2175,0.5575,2,29.769811502774246,29.765218001557514,29.774405003990978
difficulty,quality_spherical_n800_g8_d2_noise0,spherical,800,8,2,0,5,20,1,hgp_first_coverage,2,0,0,2,0.024841991487798844,0.02141701471556625,0.02826696826003144,2,0.154558493155525,0.11428979440197809,0.1948271919090719,2,0.024841991487798844,0.02141701471556625,0.02826696826003144,2,0.05285664412869706,0.021984760835040272,0.08372852742235386,2,0.17744951083775806,0.023576143181043216,0.3313228784944729,2,0.565625,0.36,0.77125,2,5,4,6,2,347.5,183,512,0,,,,0,,,,0,,,,2,0.36722557562177843,0.25917702843653934,0.47527412280701753,2,0.181875,0.16,0.20375,2,0.19697725700672708,0.12217751157112912,0.27177700244232506,2,0.38671382585989555,0.20745542949756887,0.5659722222222222,2,0.181875,0.16,0.20375,2,0.24014786313255013,0.1806633733239238,0.29963235294117646,2,0,0,0,2,0.0,0.0,0.0,2,145.5,128,163,2,-3,-4,-2,2,3,2,4,2,0.434375,0.22875,0.64,2,18.413376496027922,18.02424599736696,18.802506994688883
difficulty,quality_spherical_n800_g8_d2_noise0,spherical,800,8,2,0,5,20,1,hgp_weighted_full_vote,2,0,0,2,0.02736720955721332,0.01899795518950066,0.035736463924925986,2,0.09489563779634212,0.08653568105773629,0.10325559453494795,2,0.02736720955721332,0.01899795518950066,0.035736463924925986,2,0.04903736699735084,0.0403496225749132,0.057725111419788484,2,0.10001257057653704,0.08957539605401314,0.11044974509906091,2,0.326875,0.2575,0.39625,2,2,2,2,2,538.5,483,594,0,,,,0,,,,0,,,,2,0.07761295191072079,0.07550972024656236,0.07971618357487922,2,0.095,0.0775,0.1125,2,0.08266127225361526,0.07637623040466643,0.0889463141025641,2,0.292441272855349,0.28391167192429023,0.30097087378640774,2,0.095,0.0775,0.1125,2,0.14220318198241172,0.12326043737574553,0.1611459265890779,2,0,0,0,2,0.0,0.0,0.0,2,76,62,90,2,-6,-6,-6,2,6,6,6,2,0.673125,0.60375,0.7425,2,953.6007050010085,929.1332900029374,978.0681199990795
difficulty,quality_spherical_n800_g8_d2_noise0,spherical,800,8,2,0,5,20,2,hdbscan_common,2,0,0,2,0.016506596489362806,0.014555226028700248,0.018457966950025367,2,0.07067236367960222,0.05070967624712626,0.09063505111207817,2,0.016506596489362806,0.014555226028700248,0.018457966950025367,2,0.03437587620421967,0.01892646655312433,0.049825285855315,2,0.08776256481741668,0.020071821128144308,0.15545330850668904,2,0.38,0.28625,0.47375,2,2,2,2,2,496,421,571,0,,,,0,,,,0,,,,2,0.10116358455607949,0.08507799671592775,0.11724917239623121,2,0.09375,0.0925,0.095,2,0.0770618777190166,0.0671117767335079,0.08701197870452529,2,0.2618359046444908,0.20052770448548812,0.3231441048034934,2,0.09375,0.0925,0.095,2,0.13637588805060374,0.1289228159457167,0.14382896015549076,2,0,0,0,2,0.0,0.0,0.0,2,75,74,76,2,-6,-6,-6,2,6,6,6,2,0.62,0.52625,0.71375,2,17.53290550186648,16.043914001784287,19.021897001948673
difficulty,quality_spherical_n800_g8_d2_noise0,spherical,800,8,2,0,5,20,2,hgp_exclusive_point_routing,2,0,0,2,0.03070583438587383,0.021680712458021265,0.0397309563137264,2,0.164071978107418,0.11719228661610176,0.21095166959873424,2,0.03070583438587383,0.021680712458021265,0.0397309563137264,2,0.058528148203679145,0.022104651084011693,0.0949516453233466,2,0.15390048472820983,0.023553967069818733,0.28424700238660094,2,0.6125,0.4425,0.7825,2,6,4,8,2,310,174,446,0,,,,0,,,,0,,,,2,0.37918291477358046,0.2637642045454546,0.4946016250017064,2,0.19,0.16,0.22,2,0.2049854481021906,0.12200590393213344,0.28796499227224776,2,0.3508239923467086,0.20447284345047922,0.4971751412429379,2,0.19,0.16,0.22,2,0.24227456909438722,0.17952314165497896,0.3050259965337955,2,0,0,0,2,0.0,0.0,0.0,2,152,128,176,2,-2,-4,0,2,2,0,4,2,0.3875,0.2175,0.5575,2,24.163528498320375,23.79734099667985,24.5297159999609
difficulty,quality_spherical_n800_g8_d2_noise0,spherical,800,8,2,0,5,20,2,hgp_first_coverage,2,0,0,2,0.024841991487798844,0.02141701471556625,0.02826696826003144,2,0.154558493155525,0.11428979440197809,0.1948271919090719,2,0.024841991487798844,0.02141701471556625,0.02826696826003144,2,0.05285664412869706,0.021984760835040272,0.08372852742235386,2,0.17744951083775806,0.023576143181043216,0.3313228784944729,2,0.565625,0.36,0.77125,2,5,4,6,2,347.5,183,512,0,,,,0,,,,0,,,,2,0.36722557562177843,0.25917702843653934,0.47527412280701753,2,0.181875,0.16,0.20375,2,0.19697725700672708,0.12217751157112912,0.27177700244232506,2,0.38671382585989555,0.20745542949756887,0.5659722222222222,2,0.181875,0.16,0.20375,2,0.24014786313255013,0.1806633733239238,0.29963235294117646,2,0,0,0,2,0.0,0.0,0.0,2,145.5,128,163,2,-3,-4,-2,2,3,2,4,2,0.434375,0.22875,0.64,2,16.464583499328,16.16541099792812,16.76375600072788
difficulty,quality_spherical_n800_g8_d2_noise0,spherical,800,8,2,0,5,20,2,hgp_weighted_full_vote,2,0,0,2,0.03167784106605956,0.02761921820719314,0.035736463924925986,2,0.11968564970482584,0.10325559453494795,0.13611570487470373,2,0.03167784106605956,0.02761921820719314,0.035736463924925986,2,0.06115526458950435,0.057725111419788484,0.0645854177592202,2,0.1445072841282389,0.08957539605401314,0.19943917220246468,2,0.365625,0.335,0.39625,2,2.5,2,3,2,507.5,483,532,0,,,,0,,,,0,,,,2,0.10888268318045206,0.07971618357487922,0.1380491827860249,2,0.11499999999999999,0.1125,0.1175,2,0.10717711975524476,0.0889463141025641,0.12540792540792542,2,0.31732897029050333,0.28391167192429023,0.35074626865671643,2,0.11499999999999999,0.1125,0.1175,2,0.16858794456794718,0.1611459265890779,0.1760299625468165,2,0,0,0,2,0.0,0.0,0.0,2,92,90,94,2,-5.5,-6,-5,2,5.5,5,6,2,0.634375,0.60375,0.665,2,1007.7574655006174,982.4434570036829,1033.071473997552
difficulty,quality_spherical_n800_g8_d2_noise0,spherical,800,8,2,0,5,50,1,hdbscan_common,2,0,0,2,0.01660339417930052,0.014748821408575674,0.018457966950025367,2,0.08746182053022769,0.08428858994837722,0.09063505111207817,2,0.01660339417930052,0.014748821408575674,0.018457966950025367,2,0.04497438235590473,0.04012347885649446,0.049825285855315,2,0.14391055315373033,0.13236779780077162,0.15545330850668904,2,0.275,0.26375,0.28625,2,2,2,2,2,580,571,589,0,,,,0,,,,0,,,,2,0.08840399329210774,0.08507799671592775,0.09172998986828773,2,0.09,0.0875,0.0925,2,0.08696156660391019,0.08691115450329509,0.08701197870452529,2,0.32744882965293154,0.3231441048034934,0.33175355450236965,2,0.09,0.0875,0.0925,2,0.14115285792146448,0.13847675568743817,0.14382896015549076,2,0,0,0,2,0.0,0.0,0.0,2,72,70,74,2,-6,-6,-6,2,6,6,6,2,0.725,0.71375,0.73625,2,15.682901001127902,15.596350000123493,15.769452002132311
difficulty,quality_spherical_n800_g8_d2_noise0,spherical,800,8,2,0,5,50,1,hdbscan_standard,2,0,0,2,0.016663276130678025,0.015163539470177193,0.018163012791178858,2,0.08762007660453286,0.08552064328168099,0.08971950992738474,2,0.016663276130678025,0.015163539470177193,0.018163012791178858,2,0.04519758659286982,0.0410753612722959,0.04931981191344375,2,0.1442953694449502,0.13475508754448962,0.15383565134541077,2,0.27625,0.265,0.2875,2,2,2,2,2,579,570,588,0,,,,0,,,,0,,,,2,0.08875119340349881,0.08484181343770385,0.09266057336929377,2,0.090625,0.08875,0.0925,2,0.08746770187787428,0.08684605867797808,0.0880893450777705,2,0.32832239540607056,0.3217391304347826,0.33490566037735847,2,0.090625,0.08875,0.0925,2,0.14200276296097317,0.14031620553359683,0.1436893203883495,2,0,0,0,2,0.0,0.0,0.0,2,72.5,71,74,2,-6,-6,-6,2,6,6,6,2,0.72375,0.7125,0.735,2,0.0,0.0,0.0
difficulty,quality_spherical_n800_g8_d2_noise0,spherical,800,8,2,0,5,50,1,hgp_exclusive_point_routing,2,0,0,2,0.028374342048283558,0.023804850712684122,0.032943833383882994,2,0.11301801936565692,0.10042437222849467,0.12561166650281916,2,0.028374342048283558,0.023804850712684122,0.032943833383882994,2,0.05629020791991528,0.055632865558385265,0.0569475502814453,2,0.138245272918473,0.09059133695783093,0.18589920887911504,2,0.34625,0.32,0.3725,2,2.5,2,3,2,523,502,544,0,,,,0,,,,0,,,,2,0.1103741153476599,0.08396660674402134,0.13678162395129845,2,0.11125,0.11125,0.11125,2,0.10595088070892254,0.09126588372852795,0.12063587768931713,2,0.3231569840604027,0.2986577181208054,0.34765625,2,0.11125,0.11125,0.11125,2,0.16533676933267097,0.1621129326047359,0.16856060606060605,2,0,0,0,2,0.0,0.0,0.0,2,89,89,89,2,-5.5,-6,-5,2,5.5,5,6,2,0.65375,0.6275,0.68,2,22.059816001274157,21.904271001403686,22.21536100114463
difficulty,quality_spherical_n800_g8_d2_noise0,spherical,800,8,2,0,5,50,1,hgp_first_coverage,2,0,0,2,0.02629914523380621,0.022449781264315807,0.030148509203296613,2,0.11197406179213637,0.09733394826075462,0.12661417532351812,2,0.02629914523380621,0.022449781264315807,0.030148509203296613,2,0.05537722377647638,0.05421770727214806,0.0565367402808047,2,0.1463847593002762,0.09544142651363897,0.19732809208691343,2,0.325,0.30875,0.34125,2,2.5,2,3,2,540,527,553,0,,,,0,,,,0,,,,2,0.11436065863931069,0.08863341968911917,0.1400878975895022,2,0.10875000000000001,0.1075,0.11000000000000001,2,0.10689037330710202,0.09266211604095564,0.1211186305732484,2,0.33564680933101987,0.315018315018315,0.3562753036437247,2,0.10875,0.1075,0.11,2,0.16419878034343008,0.1602982292637465,0.16809933142311365,2,0,0,0,2,0.0,0.0,0.0,2,87,86,88,2,-5.5,-6,-5,2,5.5,5,6,2,0.675,0.65875,0.69125,2,14.42212049732916,13.4980570001062,15.34618399455212
difficulty,quality_spherical_n800_g8_d2_noise0,spherical,800,8,2,0,5,50,1,hgp_weighted_full_vote,2,0,0,2,0.0,0.0,0.0,2,0.0,0.0,0.0,2,0.0,0.0,0.0,2,0.0,0.0,0.0,0,,,,2,0.0,0.0,0.0,2,0,0,0,2,800,800,800,0,,,,0,,,,0,,,,2,0.0,0.0,0.0,2,0.0,0.0,0.0,2,0.0,0.0,0.0,2,0.0,0.0,0.0,2,0.0,0.0,0.0,2,0.0,0.0,0.0,2,0,0,0,2,0.0,0.0,0.0,2,0,0,0,2,-8,-8,-8,2,8,8,8,2,1.0,1.0,1.0,2,1339.197734501795,1314.3814180002664,1364.0140510033234
difficulty,quality_spherical_n800_g8_d2_noise0,spherical,800,8,2,0,5,50,2,hdbscan_common,2,0,0,2,0.01660339417930052,0.014748821408575674,0.018457966950025367,2,0.08746182053022769,0.08428858994837722,0.09063505111207817,2,0.01660339417930052,0.014748821408575674,0.018457966950025367,2,0.04497438235590473,0.04012347885649446,0.049825285855315,2,0.14391055315373033,0.13236779780077162,0.15545330850668904,2,0.275,0.26375,0.28625,2,2,2,2,2,580,571,589,0,,,,0,,,,0,,,,2,0.08840399329210774,0.08507799671592775,0.09172998986828773,2,0.09,0.0875,0.0925,2,0.08696156660391019,0.08691115450329509,0.08701197870452529,2,0.32744882965293154,0.3231441048034934,0.33175355450236965,2,0.09,0.0875,0.0925,2,0.14115285792146448,0.13847675568743817,0.14382896015549076,2,0,0,0,2,0.0,0.0,0.0,2,72,70,74,2,-6,-6,-6,2,6,6,6,2,0.725,0.71375,0.73625,2,15.94635200308403,15.78650400188053,16.10620000428753
difficulty,quality_spherical_n800_g8_d2_noise0,spherical,800,8,2,0,5,50,2,hgp_exclusive_point_routing,2,0,0,2,0.028586304753817016,0.023804850712684122,0.03336775879494991,2,0.11330453848262859,0.10099741046243801,0.12561166650281916,2,0.028586304753817016,0.023804850712684122,0.03336775879494991,2,0.05655087527784927,0.056154200274253246,0.0569475502814453,2,0.13844856521453763,0.09099792154996021,0.18589920887911504,2,0.34687500000000004,0.32,0.37375,2,2.5,2,3,2,522.5,501,544,0,,,,0,,,,0,,,,2,0.11030146042500945,0.08382129689872045,0.13678162395129845,2,0.11125,0.11125,0.11125,2,0.10588389249884751,0.09113190730837789,0.12063587768931713,2,0.3226575564381271,0.2976588628762542,0.34765625,2,0.11125,0.11125,0.11125,2,0.16526301458626297,0.16196542311191992,0.16856060606060605,2,0,0,0,2,0.0,0.0,0.0,2,89,89,89,2,-5.5,-6,-5,2,5.5,5,6,2,0.653125,0.62625,0.68,2,23.12997599801747,22.78939099778654,23.470560998248402
difficulty,quality_spherical_n800_g8_d2_noise0,spherical,800,8,2,0,5,50,2,hgp_first_coverage,2,0,0,2,0.02629914523380621,0.022449781264315807,0.030148509203296613,2,0.11197406179213637,0.09733394826075462,0.12661417532351812,2,0.02629914523380621,0.022449781264315807,0.030148509203296613,2,0.05537722377647638,0.05421770727214806,0.0565367402808047,2,0.1463847593002762,0.09544142651363897,0.19732809208691343,2,0.325,0.30875,0.34125,2,2.5,2,3,2,540,527,553,0,,,,0,,,,0,,,,2,0.11436065863931069,0.08863341968911917,0.1400878975895022,2,0.10875000000000001,0.1075,0.11000000000000001,2,0.10689037330710202,0.09266211604095564,0.1211186305732484,2,0.33564680933101987,0.315018315018315,0.3562753036437247,2,0.10875,0.1075,0.11,2,0.16419878034343008,0.1602982292637465,0.16809933142311365,2,0,0,0,2,0.0,0.0,0.0,2,87,86,88,2,-5.5,-6,-5,2,5.5,5,6,2,0.675,0.65875,0.69125,2,14.76948799972888,13.993931999721099,15.545043999736663
difficulty,quality_spherical_n800_g8_d2_noise0,spherical,800,8,2,0,5,50,2,hgp_weighted_full_vote,2,0,0,2,0.0,0.0,0.0,2,0.0,0.0,0.0,2,0.0,0.0,0.0,2,0.0,0.0,0.0,0,,,,2,0.0,0.0,0.0,2,0,0,0,2,800,800,800,0,,,,0,,,,0,,,,2,0.0,0.0,0.0,2,0.0,0.0,0.0,2,0.0,0.0,0.0,2,0.0,0.0,0.0,2,0.0,0.0,0.0,2,0.0,0.0,0.0,2,0,0,0,2,0.0,0.0,0.0,2,0,0,0,2,-8,-8,-8,2,8,8,8,2,1.0,1.0,1.0,2,1369.2272009975568,1337.0991879928624,1401.3552140022512
difficulty,quality_spherical_n800_g8_d8_noise0,spherical,800,8,8,0,5,20,1,hdbscan_common,2,0,0,2,0.9992858406968907,0.9985716813937815,1.0,2,0.9991598190189214,0.9983196380378427,1.0,2,0.9992858406968907,0.9985716813937815,1.0,2,0.9992858406968907,0.9985716813937815,1.0,2,1.0,1.0,1.0,2,0.999375,0.99875,1.0,2,8,8,8,2,0.5,0,1,0,,,,0,,,,0,,,,2,1.0,1.0,1.0,2,0.999375,0.99875,1.0,2,0.9996859296482412,0.9993718592964824,1.0,2,1.0,1.0,1.0,2,0.999375,0.99875,1.0,2,0.9996873045653534,0.9993746091307066,1.0,2,7.5,7,8,2,0.9375,0.875,1.0,2,799.5,799,800,2,0,0,0,2,0,0,0,2,0.000625,0.0,0.00125,2,16.26433500132407,15.859340004681144,16.669329997966997
difficulty,quality_spherical_n800_g8_d8_noise0,spherical,800,8,8,0,5,20,1,hdbscan_standard,2,0,0,2,0.9992858406968907,0.9985716813937815,1.0,2,0.9991598190189214,0.9983196380378427,1.0,2,0.9992858406968907,0.9985716813937815,1.0,2,0.9992858406968907,0.9985716813937815,1.0,2,1.0,1.0,1.0,2,0.999375,0.99875,1.0,2,8,8,8,2,0.5,0,1,0,,,,0,,,,0,,,,2,1.0,1.0,1.0,2,0.999375,0.99875,1.0,2,0.9996859296482412,0.9993718592964824,1.0,2,1.0,1.0,1.0,2,0.999375,0.99875,1.0,2,0.9996873045653534,0.9993746091307066,1.0,2,7.5,7,8,2,0.9375,0.875,1.0,2,799.5,799,800,2,0,0,0,2,0,0,0,2,0.000625,0.0,0.00125,2,0.0,0.0,0.0
difficulty,quality_spherical_n800_g8_d8_noise0,spherical,800,8,8,0,5,20,1,hgp_exclusive_point_routing,2,0,0,2,0.9985660238423462,0.9971320476846923,1.0,2,0.998315301772815,0.99663060354563,1.0,2,0.9985660238423462,0.9971320476846923,1.0,2,0.9985660238423462,0.9971320476846923,1.0,2,0.9985660238423462,0.9971320476846923,1.0,2,1.0,1.0,1.0,2,8,8,8,2,0,0,0,0,,,,0,,,,0,,,,2,0.9993811881188119,0.9987623762376238,1.0,2,0.999375,0.99875,1.0,2,0.9993749843746094,0.9987499687492187,1.0,2,0.999375,0.99875,1.0,2,0.999375,0.99875,1.0,2,0.999375,0.99875,1.0,2,7,6,8,2,0.875,0.75,1.0,2,799.5,799,800,2,0,0,0,2,0,0,0,2,0.0,0.0,0.0,2,31.528560000879224,29.863240000850055,33.19388000090839
difficulty,quality_spherical_n800_g8_d8_noise0,spherical,800,8,8,0,5,20,1,hgp_first_coverage,2,0,0,2,1.0,1.0,1.0,2,1.0,1.0,1.0,2,1.0,1.0,1.0,2,1.0,1.0,1.0,2,1.0,1.0,1.0,2,1.0,1.0,1.0,2,8,8,8,2,0,0,0,0,,,,0,,,,0,,,,2,1.0,1.0,1.0,2,1.0,1.0,1.0,2,1.0,1.0,1.0,2,1.0,1.0,1.0,2,1.0,1.0,1.0,2,1.0,1.0,1.0,2,8,8,8,2,1.0,1.0,1.0,2,800,800,800,2,0,0,0,2,0,0,0,2,0.0,0.0,0.0,2,18.511945501813898,18.31832400057465,18.705567003053147
difficulty,quality_spherical_n800_g8_d8_noise0,spherical,800,8,8,0,5,20,1,hgp_weighted_full_vote,2,0,0,2,0.9985660238423462,0.9971320476846923,1.0,2,0.998315301772815,0.99663060354563,1.0,2,0.9985660238423462,0.9971320476846923,1.0,2,0.9985660238423462,0.9971320476846923,1.0,2,0.9985660238423462,0.9971320476846923,1.0,2,1.0,1.0,1.0,2,8,8,8,2,0,0,0,0,,,,0,,,,0,,,,2,0.9993811881188119,0.9987623762376238,1.0,2,0.999375,0.99875,1.0,2,0.9993749843746094,0.9987499687492187,1.0,2,0.999375,0.99875,1.0,2,0.999375,0.99875,1.0,2,0.999375,0.99875,1.0,2,7,6,8,2,0.875,0.75,1.0,2,799.5,799,800,2,0,0,0,2,0,0,0,2,0.0,0.0,0.0,2,881.2988175013743,855.155527999159,907.4421070035896
difficulty,quality_spherical_n800_g8_d8_noise0,spherical,800,8,8,0,5,20,2,hdbscan_common,2,0,0,2,0.9992858406968907,0.9985716813937815,1.0,2,0.9991598190189214,0.9983196380378427,1.0,2,0.9992858406968907,0.9985716813937815,1.0,2,0.9992858406968907,0.9985716813937815,1.0,2,1.0,1.0,1.0,2,0.999375,0.99875,1.0,2,8,8,8,2,0.5,0,1,0,,,,0,,,,0,,,,2,1.0,1.0,1.0,2,0.999375,0.99875,1.0,2,0.9996859296482412,0.9993718592964824,1.0,2,1.0,1.0,1.0,2,0.999375,0.99875,1.0,2,0.9996873045653534,0.9993746091307066,1.0,2,7.5,7,8,2,0.9375,0.875,1.0,2,799.5,799,800,2,0,0,0,2,0,0,0,2,0.000625,0.0,0.00125,2,18.49532499909401,16.324828000506386,20.665821997681633
difficulty,quality_spherical_n800_g8_d8_noise0,spherical,800,8,8,0,5,20,2,hgp_exclusive_point_routing,2,0,0,2,0.9985660238423462,0.9971320476846923,1.0,2,0.998315301772815,0.99663060354563,1.0,2,0.9985660238423462,0.9971320476846923,1.0,2,0.9985660238423462,0.9971320476846923,1.0,2,0.9985660238423462,0.9971320476846923,1.0,2,1.0,1.0,1.0,2,8,8,8,2,0,0,0,0,,,,0,,,,0,,,,2,0.9993811881188119,0.9987623762376238,1.0,2,0.999375,0.99875,1.0,2,0.9993749843746094,0.9987499687492187,1.0,2,0.999375,0.99875,1.0,2,0.999375,0.99875,1.0,2,0.999375,0.99875,1.0,2,7,6,8,2,0.875,0.75,1.0,2,799.5,799,800,2,0,0,0,2,0,0,0,2,0.0,0.0,0.0,2,23.929887498525204,22.38848299748497,25.471291999565437
difficulty,quality_spherical_n800_g8_d8_noise0,spherical,800,8,8,0,5,20,2,hgp_first_coverage,2,0,0,2,1.0,1.0,1.0,2,1.0,1.0,1.0,2,1.0,1.0,1.0,2,1.0,1.0,1.0,2,1.0,1.0,1.0,2,1.0,1.0,1.0,2,8,8,8,2,0,0,0,0,,,,0,,,,0,,,,2,1.0,1.0,1.0,2,1.0,1.0,1.0,2,1.0,1.0,1.0,2,1.0,1.0,1.0,2,1.0,1.0,1.0,2,1.0,1.0,1.0,2,8,8,8,2,1.0,1.0,1.0,2,800,800,800,2,0,0,0,2,0,0,0,2,0.0,0.0,0.0,2,16.223288501350908,15.186064003501087,17.260512999200728
difficulty,quality_spherical_n800_g8_d8_noise0,spherical,800,8,8,0,5,20,2,hgp_weighted_full_vote,2,0,0,2,0.9985660238423462,0.9971320476846923,1.0,2,0.998315301772815,0.99663060354563,1.0,2,0.9985660238423462,0.9971320476846923,1.0,2,0.9985660238423462,0.9971320476846923,1.0,2,0.9985660238423462,0.9971320476846923,1.0,2,1.0,1.0,1.0,2,8,8,8,2,0,0,0,0,,,,0,,,,0,,,,2,0.9993811881188119,0.9987623762376238,1.0,2,0.999375,0.99875,1.0,2,0.9993749843746094,0.9987499687492187,1.0,2,0.999375,0.99875,1.0,2,0.999375,0.99875,1.0,2,0.999375,0.99875,1.0,2,7,6,8,2,0.875,0.75,1.0,2,799.5,799,800,2,0,0,0,2,0,0,0,2,0.0,0.0,0.0,2,676.8139919986425,670.1232319974224,683.5047519998625
difficulty,quality_spherical_n800_g8_d8_noise0,spherical,800,8,8,0,5,50,1,hdbscan_common,2,0,0,2,0.9992858406968907,0.9985716813937815,1.0,2,0.9991598190189214,0.9983196380378427,1.0,2,0.9992858406968907,0.9985716813937815,1.0,2,0.9992858406968907,0.9985716813937815,1.0,2,1.0,1.0,1.0,2,0.999375,0.99875,1.0,2,8,8,8,2,0.5,0,1,0,,,,0,,,,0,,,,2,1.0,1.0,1.0,2,0.999375,0.99875,1.0,2,0.9996859296482412,0.9993718592964824,1.0,2,1.0,1.0,1.0,2,0.999375,0.99875,1.0,2,0.9996873045653534,0.9993746091307066,1.0,2,7.5,7,8,2,0.9375,0.875,1.0,2,799.5,799,800,2,0,0,0,2,0,0,0,2,0.000625,0.0,0.00125,2,19.762391999393003,16.631079000944737,22.89370499784127
difficulty,quality_spherical_n800_g8_d8_noise0,spherical,800,8,8,0,5,50,1,hdbscan_standard,2,0,0,2,0.9992858406968907,0.9985716813937815,1.0,2,0.9991598190189214,0.9983196380378427,1.0,2,0.9992858406968907,0.9985716813937815,1.0,2,0.9992858406968907,0.9985716813937815,1.0,2,1.0,1.0,1.0,2,0.999375,0.99875,1.0,2,8,8,8,2,0.5,0,1,0,,,,0,,,,0,,,,2,1.0,1.0,1.0,2,0.999375,0.99875,1.0,2,0.9996859296482412,0.9993718592964824,1.0,2,1.0,1.0,1.0,2,0.999375,0.99875,1.0,2,0.9996873045653534,0.9993746091307066,1.0,2,7.5,7,8,2,0.9375,0.875,1.0,2,799.5,799,800,2,0,0,0,2,0,0,0,2,0.000625,0.0,0.00125,2,0.0,0.0,0.0
difficulty,quality_spherical_n800_g8_d8_noise0,spherical,800,8,8,0,5,50,1,hgp_exclusive_point_routing,2,0,0,2,0.9985660238423462,0.9971320476846923,1.0,2,0.998315301772815,0.99663060354563,1.0,2,0.9985660238423462,0.9971320476846923,1.0,2,0.9985660238423462,0.9971320476846923,1.0,2,0.9985660238423462,0.9971320476846923,1.0,2,1.0,1.0,1.0,2,8,8,8,2,0,0,0,0,,,,0,,,,0,,,,2,0.9993811881188119,0.9987623762376238,1.0,2,0.999375,0.99875,1.0,2,0.9993749843746094,0.9987499687492187,1.0,2,0.999375,0.99875,1.0,2,0.999375,0.99875,1.0,2,0.999375,0.99875,1.0,2,7,6,8,2,0.875,0.75,1.0,2,799.5,799,800,2,0,0,0,2,0,0,0,2,0.0,0.0,0.0,2,22.830974001408322,22.712638005032204,22.94930999778444
difficulty,quality_spherical_n800_g8_d8_noise0,spherical,800,8,8,0,5,50,1,hgp_first_coverage,2,0,0,2,1.0,1.0,1.0,2,1.0,1.0,1.0,2,1.0,1.0,1.0,2,1.0,1.0,1.0,2,1.0,1.0,1.0,2,1.0,1.0,1.0,2,8,8,8,2,0,0,0,0,,,,0,,,,0,,,,2,1.0,1.0,1.0,2,1.0,1.0,1.0,2,1.0,1.0,1.0,2,1.0,1.0,1.0,2,1.0,1.0,1.0,2,1.0,1.0,1.0,2,8,8,8,2,1.0,1.0,1.0,2,800,800,800,2,0,0,0,2,0,0,0,2,0.0,0.0,0.0,2,16.73382000080892,14.489215005596634,18.978424996021204
difficulty,quality_spherical_n800_g8_d8_noise0,spherical,800,8,8,0,5,50,1,hgp_weighted_full_vote,2,0,0,2,0.9985660238423462,0.9971320476846923,1.0,2,0.998315301772815,0.99663060354563,1.0,2,0.9985660238423462,0.9971320476846923,1.0,2,0.9985660238423462,0.9971320476846923,1.0,2,0.9985660238423462,0.9971320476846923,1.0,2,1.0,1.0,1.0,2,8,8,8,2,0,0,0,0,,,,0,,,,0,,,,2,0.9993811881188119,0.9987623762376238,1.0,2,0.999375,0.99875,1.0,2,0.9993749843746094,0.9987499687492187,1.0,2,0.999375,0.99875,1.0,2,0.999375,0.99875,1.0,2,0.999375,0.99875,1.0,2,7,6,8,2,0.875,0.75,1.0,2,799.5,799,800,2,0,0,0,2,0,0,0,2,0.0,0.0,0.0,2,658.7314425014483,635.9122260037111,681.5506589991855
difficulty,quality_spherical_n800_g8_d8_noise0,spherical,800,8,8,0,5,50,2,hdbscan_common,2,0,0,2,0.9992858406968907,0.9985716813937815,1.0,2,0.9991598190189214,0.9983196380378427,1.0,2,0.9992858406968907,0.9985716813937815,1.0,2,0.9992858406968907,0.9985716813937815,1.0,2,1.0,1.0,1.0,2,0.999375,0.99875,1.0,2,8,8,8,2,0.5,0,1,0,,,,0,,,,0,,,,2,1.0,1.0,1.0,2,0.999375,0.99875,1.0,2,0.9996859296482412,0.9993718592964824,1.0,2,1.0,1.0,1.0,2,0.999375,0.99875,1.0,2,0.9996873045653534,0.9993746091307066,1.0,2,7.5,7,8,2,0.9375,0.875,1.0,2,799.5,799,800,2,0,0,0,2,0,0,0,2,0.000625,0.0,0.00125,2,17.064522500731982,16.90781499928562,17.221230002178345
difficulty,quality_spherical_n800_g8_d8_noise0,spherical,800,8,8,0,5,50,2,hgp_exclusive_point_routing,2,0,0,2,0.9985660238423462,0.9971320476846923,1.0,2,0.998315301772815,0.99663060354563,1.0,2,0.9985660238423462,0.9971320476846923,1.0,2,0.9985660238423462,0.9971320476846923,1.0,2,0.9985660238423462,0.9971320476846923,1.0,2,1.0,1.0,1.0,2,8,8,8,2,0,0,0,0,,,,0,,,,0,,,,2,0.9993811881188119,0.9987623762376238,1.0,2,0.999375,0.99875,1.0,2,0.9993749843746094,0.9987499687492187,1.0,2,0.999375,0.99875,1.0,2,0.999375,0.99875,1.0,2,0.999375,0.99875,1.0,2,7,6,8,2,0.875,0.75,1.0,2,799.5,799,800,2,0,0,0,2,0,0,0,2,0.0,0.0,0.0,2,23.95224450083333,22.739318003004882,25.16517099866178
difficulty,quality_spherical_n800_g8_d8_noise0,spherical,800,8,8,0,5,50,2,hgp_first_coverage,2,0,0,2,1.0,1.0,1.0,2,1.0,1.0,1.0,2,1.0,1.0,1.0,2,1.0,1.0,1.0,2,1.0,1.0,1.0,2,1.0,1.0,1.0,2,8,8,8,2,0,0,0,0,,,,0,,,,0,,,,2,1.0,1.0,1.0,2,1.0,1.0,1.0,2,1.0,1.0,1.0,2,1.0,1.0,1.0,2,1.0,1.0,1.0,2,1.0,1.0,1.0,2,8,8,8,2,1.0,1.0,1.0,2,800,800,800,2,0,0,0,2,0,0,0,2,0.0,0.0,0.0,2,14.632843503932236,14.599772002839018,14.665915005025454
difficulty,quality_spherical_n800_g8_d8_noise0,spherical,800,8,8,0,5,50,2,hgp_weighted_full_vote,2,0,0,2,0.9985660238423462,0.9971320476846923,1.0,2,0.998315301772815,0.99663060354563,1.0,2,0.9985660238423462,0.9971320476846923,1.0,2,0.9985660238423462,0.9971320476846923,1.0,2,0.9985660238423462,0.9971320476846923,1.0,2,1.0,1.0,1.0,2,8,8,8,2,0,0,0,0,,,,0,,,,0,,,,2,0.9993811881188119,0.9987623762376238,1.0,2,0.999375,0.99875,1.0,2,0.9993749843746094,0.9987499687492187,1.0,2,0.999375,0.99875,1.0,2,0.999375,0.99875,1.0,2,0.999375,0.99875,1.0,2,7,6,8,2,0.875,0.75,1.0,2,799.5,799,800,2,0,0,0,2,0,0,0,2,0.0,0.0,0.0,2,688.8122989985277,671.8303759989794,705.794221998076
groups,quality_spherical_n800_g16_d4_noise0,spherical,800,16,4,0,5,20,1,hdbscan_common,2,0,0,2,0.1969092871646487,0.11139364735162773,0.2824249269776697,2,0.5491236197363272,0.45339627989529496,0.6448509595773594,2,0.1969092871646487,0.11139364735162773,0.2824249269776697,2,0.30479379444816024,0.11792810593597565,0.4916594829603448,2,0.4107864049920459,0.12390322047800045,0.6976695895060913,2,0.768125,0.6975,0.83875,2,9,6,12,2,185.5,129,242,0,,,,0,,,,0,,,,2,0.4868216033155013,0.31749138640337343,0.6561518202276292,2,0.424375,0.31875,0.53,2,0.4309707744497985,0.29404274691746085,0.5678988019821362,2,0.5699432185418436,0.38002980625931443,0.7598566308243727,2,0.424375,0.31875,0.53,2,0.4855753202063658,0.3467029231815092,0.6244477172312224,2,0,0,0,2,0.0,0.0,0.0,2,339.5,255,424,2,-7,-10,-4,2,7,4,10,2,0.231875,0.16125,0.3025,2,18.078211996908067,16.219261000514962,19.937162993301172
groups,quality_spherical_n800_g16_d4_noise0,spherical,800,16,4,0,5,20,1,hdbscan_standard,2,0,0,2,0.19957572753163189,0.11161293648168678,0.287538518581577,2,0.548596859772221,0.4520619093267118,0.6451318102177301,2,0.19957572753163189,0.11161293648168678,0.287538518581577,2,0.30514853228580124,0.11776221545286832,0.49253484911873413,2,0.40847750218680057,0.12353996539112666,0.6934150389824745,2,0.7718750000000001,0.7025,0.84125,2,9,6,12,2,182.5,127,238,0,,,,0,,,,0,,,,2,0.4845102642495222,0.3146445955131043,0.6543759329859401,2,0.425625,0.31875,0.5325,2,0.43078619943945506,0.2928138110221205,0.5687585878567896,2,0.5684537816014763,0.3789004457652303,0.7580071174377224,2,0.425625,0.31875,0.5325,2,0.48589142000951036,0.34623217922606925,0.6255506607929515,2,0,0,0,2,0.0,0.0,0.0,2,340.5,255,426,2,-7,-10,-4,2,7,4,10,2,0.228125,0.15875,0.2975,2,0.0,0.0,0.0
groups,quality_spherical_n800_g16_d4_noise0,spherical,800,16,4,0,5,20,1,hgp_exclusive_point_routing,2,0,0,2,0.7317254489451694,0.718308026237791,0.745142871652548,2,0.8447966337767854,0.8385837545424695,0.8510095130111013,2,0.7317254489451694,0.718308026237791,0.745142871652548,2,0.7682566228670817,0.7474014539034394,0.789111791830724,2,0.8404155625380205,0.8107315579109868,0.8700995671650543,2,0.9156249999999999,0.90875,0.9225,2,15,15,15,2,67.5,62,73,0,,,,0,,,,0,,,,2,0.8619526901497331,0.8440928369352491,0.8798125433642171,2,0.81125,0.79875,0.82375,2,0.8253261064329491,0.8087331015500143,0.8419191113158839,2,0.8861592914416077,0.8658536585365854,0.90646492434663,2,0.81125,0.79875,0.82375,2,0.8470398028380355,0.8309492847854356,0.8631303208906352,2,0.5,0,1,2,0.03125,0.0,0.0625,2,649,639,659,2,-1,-1,-1,2,1,1,1,2,0.084375,0.0775,0.09125,2,35.69640150089981,29.386811998847406,42.005991002952214
groups,quality_spherical_n800_g16_d4_noise0,spherical,800,16,4,0,5,20,1,hgp_first_coverage,2,0,0,2,0.7167859697956749,0.7047267489905679,0.7288451906007819,2,0.8360977968058481,0.8319274275013776,0.8402681661103186,2,0.7167859697956749,0.7047267489905679,0.7288451906007819,2,0.7578497160119628,0.7388592748663276,0.7768401571575981,2,0.8342991542028522,0.8072387688998183,0.861359539505886,2,0.91,0.90375,0.91625,2,15,15,15,2,72,67,77,0,,,,0,,,,0,,,,2,0.8601160549412975,0.8422236386520063,0.8780084712305887,2,0.8031250000000001,0.79,0.81625,2,0.8192954814188814,0.8018491066292514,0.8367418562085115,2,0.8826956424930985,0.8622100954979536,0.9031811894882434,2,0.8031250000000001,0.79,0.81625,2,0.841022563784956,0.8245270711024135,0.8575180564674983,2,0.5,0,1,2,0.03125,0.0,0.0625,2,642.5,632,653,2,-1,-1,-1,2,1,1,1,2,0.09,0.08375,0.09625,2,20.408151500305394,18.457124002452474,22.359178998158313
groups,quality_spherical_n800_g16_d4_noise0,spherical,800,16,4,0,5,20,1,hgp_weighted_full_vote,2,0,0,2,0.18164206874530373,0.016878485370322664,0.3464056521202848,2,0.4470904313315825,0.15521397602717993,0.7389668866359851,2,0.18164206874530373,0.016878485370322664,0.3464056521202848,2,0.18197184863527577,0.016878485370322664,0.3470652119002289,2,0.18450950984378894,0.016881582832956,0.3521374368546219,2,0.984375,0.97,0.99875,2,5.5,2,9,2,12.5,1,24,0,,,,0,,,,0,,,,2,0.26546428799301275,0.06666666666666667,0.4642619093193588,2,0.33625,0.12375,0.54875,2,0.2761259297935879,0.06968118686868688,0.4825706727184889,2,0.3448132652929564,0.12390488110137672,0.5657216494845361,2,0.33625,0.12375,0.54875,2,0.3404669955524233,0.12382739212007504,0.5571065989847716,2,0,0,0,2,0.0,0.0,0.0,2,269,99,439,2,-10.5,-14,-7,2,10.5,7,14,2,0.015625,0.00125,0.03,2,679.2372205018182,670.4407840006752,688.0336570029613
groups,quality_spherical_n800_g16_d4_noise0,spherical,800,16,4,0,5,20,2,hdbscan_common,2,0,0,2,0.19581239369597153,0.11139364735162773,0.28023114004031535,2,0.5606383750532322,0.45339627989529496,0.6678804702111695,2,0.19581239369597153,0.11139364735162773,0.28023114004031535,2,0.32750313903289663,0.11792810593597565,0.5370781721298176,2,0.47139795116363026,0.12390322047800045,0.8188926818492601,2,0.76,0.68125,0.83875,2,10,6,14,2,192,129,255,0,,,,0,,,,0,,,,2,0.5663077727832885,0.31749138640337343,0.8151241591632035,2,0.45625,0.31875,0.59375,2,0.4845298329987764,0.29404274691746085,0.6750169190800919,2,0.6257947196434187,0.38002980625931443,0.8715596330275229,2,0.45625,0.31875,0.59375,2,0.5265113128918699,0.3467029231815092,0.7063197026022305,2,0,0,0,2,0.0,0.0,0.0,2,365,255,475,2,-6,-10,-2,2,6,2,10,2,0.24,0.16125,0.31875,2,16.520978499102057,16.201096997974673,16.84086000022944
groups,quality_spherical_n800_g16_d4_noise0,spherical,800,16,4,0,5,20,2,hgp_exclusive_point_routing,2,0,0,2,0.7488789131030325,0.7180549063266186,0.7797029198794462,2,0.8508123995615545,0.8393109714574076,0.8623138276657014,2,0.7488789131030325,0.7180549063266186,0.7797029198794462,2,0.7920847220569884,0.7470908595437297,0.8370785845702471,2,0.8736100898727753,0.8102857511825139,0.9369344285630368,2,0.911875,0.90125,0.9225,2,15.5,15,16,2,70.5,62,79,0,,,,0,,,,0,,,,2,0.90657578420207,0.843997589425015,0.9691539789791249,2,0.835,0.7975,0.8725,2,0.8611627328214394,0.8076659611372328,0.914659504505646,2,0.9162992531450973,0.8644986449864499,0.9680998613037448,2,0.835,0.7975,0.8725,2,0.8737330600889668,0.8296488946684005,0.9178172255095332,2,0.5,0,1,2,0.03125,0.0,0.0625,2,668,638,698,2,-0.5,-1,0,2,0.5,0,1,2,0.08812500000000001,0.0775,0.09875,2,22.336276499117957,21.993196998664644,22.67935599957127
groups,quality_spherical_n800_g16_d4_noise0,spherical,800,16,4,0,5,20,2,hgp_first_coverage,2,0,0,2,0.731457548533109,0.7047267489905679,0.75818834807565,2,0.8427132528687418,0.8319274275013776,0.8534990782361058,2,0.731457548533109,0.7047267489905679,0.75818834807565,2,0.7831638378197037,0.7388592748663276,0.8274684007730797,2,0.8727493407715253,0.8072387688998183,0.9382599126432324,2,0.90375,0.89125,0.91625,2,15.5,15,16,2,77,67,87,0,,,,0,,,,0,,,,2,0.9061540013698689,0.8422236386520063,0.9700843640877315,2,0.826875,0.79,0.86375,2,0.8560329327893781,0.8018491066292514,0.9102167589495047,2,0.915677277763002,0.8622100954979536,0.9691444600280504,2,0.826875,0.79,0.86375,2,0.8689720616582788,0.8245270711024135,0.913417052214144,2,0.5,0,1,2,0.03125,0.0,0.0625,2,661.5,632,691,2,-0.5,-1,0,2,0.5,0,1,2,0.09625,0.08375,0.10875,2,14.441736997468979,14.338293996843277,14.545179998094682
groups,quality_spherical_n800_g16_d4_noise0,spherical,800,16,4,0,5,20,2,hgp_weighted_full_vote,2,0,0,2,0.7030183946162042,0.6621908197164865,0.7438459695159219,2,0.8404020947116981,0.8340813123048311,0.8467228771185651,2,0.7030183946162042,0.6621908197164865,0.7438459695159219,2,0.7155881476106718,0.6699780094000588,0.7611982858212849,2,0.7537040294698516,0.6983289519302568,0.8090791070094463,2,0.9450000000000001,0.93875,0.95125,2,13,12,14,2,44,39,49,0,,,,0,,,,0,,,,2,0.7071343919553287,0.6295317060678454,0.784737077842812,2,0.75125,0.7025,0.8,2,0.7145906649365683,0.6461737171068828,0.783007612766254,2,0.79534952083162,0.7385019710906702,0.8521970705725699,2,0.75125,0.7025,0.8,2,0.7726626329813049,0.7200512491992312,0.8252740167633784,2,0,0,0,2,0.0,0.0,0.0,2,601,562,640,2,-3,-4,-2,2,3,2,4,2,0.055,0.04875,0.06125,2,697.6912735008227,682.0543480062042,713.3281989954412
groups,quality_spherical_n800_g16_d4_noise0,spherical,800,16,4,0,5,50,1,hdbscan_common,2,0,0,2,0.08016952244686269,0.07343380134462897,0.08690524354909641,2,0.29873920470128934,0.28586197646536504,0.31161643293721364,2,0.08016952244686269,0.07343380134462897,0.08690524354909641,2,0.10394440021238989,0.05895660561449762,0.14893219481028216,2,0.08459899943270704,0.0443900046181324,0.12480799424728169,2,0.5875,0.415,0.76,2,2,2,2,2,330,192,468,0,,,,0,,,,0,,,,2,0.04088938115861623,0.0370722433460076,0.04470651897122485,2,0.108125,0.10375000000000001,0.11249999999999999,2,0.05408785769996662,0.049459438131313135,0.05871627726862011,2,0.19901315789473684,0.14802631578947367,0.25,2,0.108125,0.10375,0.1125,2,0.13724200931577257,0.1278409090909091,0.14664310954063603,2,0,0,0,2,0.0,0.0,0.0,2,86.5,83,90,2,-14,-14,-14,2,14,14,14,2,0.4125,0.24,0.585,2,15.781023999807076,15.687709998019272,15.874338001594879
groups,quality_spherical_n800_g16_d4_noise0,spherical,800,16,4,0,5,50,1,hdbscan_standard,2,0,0,2,0.08023077203477252,0.07296720202270217,0.08749434204684288,2,0.2983806712795951,0.2841405666534977,0.3126207759056926,2,0.08023077203477252,0.07296720202270217,0.08749434204684288,2,0.10368629248765718,0.05833402418503772,0.14903856079027664,2,0.08403773442390078,0.04370270774626199,0.12437276110153955,2,0.58875,0.41625,0.76125,2,2,2,2,2,329,191,467,0,,,,0,,,,0,,,,2,0.04086470892425885,0.037061195445920306,0.0446682224025974,2,0.108125,0.10375000000000001,0.11249999999999999,2,0.05405185640114966,0.049441008875584266,0.05866270392671505,2,0.19851625024038816,0.1477832512315271,0.24924924924924924,2,0.108125,0.10375,0.1125,2,0.1371319289625325,0.127750177430802,0.14651368049426303,2,0,0,0,2,0.0,0.0,0.0,2,86.5,83,90,2,-14,-14,-14,2,14,14,14,2,0.41125,0.23875,0.58375,2,0.0,0.0,0.0
groups,quality_spherical_n800_g16_d4_noise0,spherical,800,16,4,0,5,50,1,hgp_exclusive_point_routing,2,0,0,2,0.03691408812746604,0.01725813877396922,0.05657003748096286,2,0.23523199463104577,0.15798603952418083,0.3124779497379107,2,0.03691408812746604,0.01725813877396922,0.05657003748096286,2,0.02792158546450895,0.017258657215985396,0.03858451371303251,2,0.01988451389034448,0.017265423450201565,0.022503604330487398,2,0.93,0.8625,0.9975,2,2,2,2,2,56,2,110,0,,,,0,,,,0,,,,2,0.06580864046429498,0.06493947344195894,0.06667780748663102,2,0.124375,0.12375,0.125,2,0.07002338105931025,0.06971468191811925,0.07033208020050125,2,0.13439577203879263,0.12531328320802004,0.14347826086956522,2,0.124375,0.12375,0.125,2,0.12902117579860733,0.1251564455569462,0.13288590604026845,2,0.5,0,1,2,0.03125,0.0,0.0625,2,99.5,99,100,2,-14,-14,-14,2,14,14,14,2,0.07,0.0025,0.1375,2,21.611850499539287,21.357751997129526,21.865949001949048
groups,quality_spherical_n800_g16_d4_noise0,spherical,800,16,4,0,5,50,1,hgp_first_coverage,2,0,0,2,0.017073780614704,0.01688942245543878,0.01725813877396922,2,0.1559595633493306,0.15393308717448034,0.15798603952418083,2,0.017073780614704,0.01688942245543878,0.01725813877396922,2,0.0170742984481631,0.016889939680340797,0.017258657215985396,2,0.017080996756121725,0.016896570062041885,0.017265423450201565,2,0.9975,0.9975,0.9975,2,2,2,2,2,2,2,2,0,,,,0,,,,0,,,,2,0.06605280748663102,0.06542780748663102,0.06667780748663102,2,0.124375,0.12375,0.125,2,0.06970708020050125,0.06908208020050124,0.07033208020050125,2,0.12468671679197994,0.12406015037593984,0.12531328320802004,2,0.124375,0.12375,0.125,2,0.12453066332916146,0.12390488110137672,0.1251564455569462,2,0.5,0,1,2,0.03125,0.0,0.0625,2,99.5,99,100,2,-14,-14,-14,2,14,14,14,2,0.0025,0.0025,0.0025,2,14.765330499358242,13.822401997458655,15.70825900125783
groups,quality_spherical_n800_g16_d4_noise0,spherical,800,16,4,0,5,50,1,hgp_weighted_full_vote,2,0,0,2,0.14858602485502365,0.1464479450000481,0.15072410470999922,2,0.42483104650061543,0.41709343670929006,0.4325686562919408,2,0.14858602485502365,0.1464479450000481,0.15072410470999922,2,0.15016095495718335,0.13965618818123665,0.16066572173313007,2,0.10197227820320656,0.0936348893205815,0.11030966708583162,2,0.563125,0.53,0.59625,2,2,2,2,2,349.5,323,376,0,,,,0,,,,0,,,,2,0.039868499122028674,0.03975957564067236,0.039977422603384986,2,0.12,0.1175,0.1225,2,0.05590236232163669,0.05584690293742018,0.0559578217058532,2,0.21357442348008387,0.20545073375262055,0.22169811320754718,2,0.12,0.1175,0.1225,2,0.15353975053869107,0.1534847298355521,0.15359477124183007,2,0,0,0,2,0.0,0.0,0.0,2,96,94,98,2,-14,-14,-14,2,14,14,14,2,0.436875,0.40375,0.47,2,668.5412134993385,652.3379819991533,684.7444449995237
groups,quality_spherical_n800_g16_d4_noise0,spherical,800,16,4,0,5,50,2,hdbscan_common,2,0,0,2,0.07668577015716926,0.07343380134462897,0.07993773896970954,2,0.3259362765126965,0.28586197646536504,0.366010576560028,2,0.07668577015716926,0.07343380134462897,0.07993773896970954,2,0.1521181951792988,0.05895660561449762,0.24527978474409998,2,0.23380182872371533,0.0443900046181324,0.42321365282929824,2,0.551875,0.34375,0.76,2,2.5,2,3,2,358.5,192,525,0,,,,0,,,,0,,,,2,0.059057696871998355,0.0370722433460076,0.08104315039798911,2,0.12874999999999998,0.11249999999999999,0.145,2,0.07651091983085531,0.049459438131313135,0.10356240153039747,2,0.28492224880382777,0.14802631578947367,0.4218181818181818,2,0.12875,0.1125,0.145,2,0.1718274312896406,0.1278409090909091,0.2158139534883721,2,0,0,0,2,0.0,0.0,0.0,2,103,90,116,2,-13.5,-14,-13,2,13.5,13,14,2,0.448125,0.24,0.65625,2,16.020269997170544,15.501261997997062,16.539277996344026
groups,quality_spherical_n800_g16_d4_noise0,spherical,800,16,4,0,5,50,2,hgp_exclusive_point_routing,2,0,0,2,0.03691408812746604,0.01725813877396922,0.05657003748096286,2,0.23523199463104577,0.15798603952418083,0.3124779497379107,2,0.03691408812746604,0.01725813877396922,0.05657003748096286,2,0.02792158546450895,0.017258657215985396,0.03858451371303251,2,0.01988451389034448,0.017265423450201565,0.022503604330487398,2,0.93,0.8625,0.9975,2,2,2,2,2,56,2,110,0,,,,0,,,,0,,,,2,0.06580864046429498,0.06493947344195894,0.06667780748663102,2,0.124375,0.12375,0.125,2,0.07002338105931025,0.06971468191811925,0.07033208020050125,2,0.13439577203879263,0.12531328320802004,0.14347826086956522,2,0.124375,0.12375,0.125,2,0.12902117579860733,0.1251564455569462,0.13288590604026845,2,0.5,0,1,2,0.03125,0.0,0.0625,2,99.5,99,100,2,-14,-14,-14,2,14,14,14,2,0.07,0.0025,0.1375,2,24.012116002268158,22.846598003525287,25.17763400101103
groups,quality_spherical_n800_g16_d4_noise0,spherical,800,16,4,0,5,50,2,hgp_first_coverage,2,0,0,2,0.017073780614704,0.01688942245543878,0.01725813877396922,2,0.1559595633493306,0.15393308717448034,0.15798603952418083,2,0.017073780614704,0.01688942245543878,0.01725813877396922,2,0.0170742984481631,0.016889939680340797,0.017258657215985396,2,0.017080996756121725,0.016896570062041885,0.017265423450201565,2,0.9975,0.9975,0.9975,2,2,2,2,2,2,2,2,0,,,,0,,,,0,,,,2,0.06605280748663102,0.06542780748663102,0.06667780748663102,2,0.124375,0.12375,0.125,2,0.06970708020050125,0.06908208020050124,0.07033208020050125,2,0.12468671679197994,0.12406015037593984,0.12531328320802004,2,0.124375,0.12375,0.125,2,0.12453066332916146,0.12390488110137672,0.1251564455569462,2,0.5,0,1,2,0.03125,0.0,0.0625,2,99.5,99,100,2,-14,-14,-14,2,14,14,14,2,0.0025,0.0025,0.0025,2,14.889981996020651,13.918269996793242,15.86169399524806
groups,quality_spherical_n800_g16_d4_noise0,spherical,800,16,4,0,5,50,2,hgp_weighted_full_vote,2,0,0,2,0.1670814345772562,0.15072410470999922,0.18343876444451315,2,0.4845725653181482,0.4325686562919408,0.5365764743443555,2,0.1670814345772562,0.15072410470999922,0.18343876444451315,2,0.2618116815316457,0.13965618818123665,0.3839671748820547,2,0.3147111915788958,0.0936348893205815,0.5357874938372101,2,0.530625,0.465,0.59625,2,3,2,4,2,375.5,323,428,0,,,,0,,,,0,,,,2,0.08183203501134742,0.03975957564067236,0.12390449438202247,2,0.17625,0.1225,0.22999999999999998,2,0.10840668987798267,0.05584690293742018,0.16096647681854517,2,0.35003719483329954,0.20545073375262055,0.4946236559139785,2,0.17625000000000002,0.1225,0.23,2,0.23373895194849276,0.1534847298355521,0.31399317406143346,2,0,0,0,2,0.0,0.0,0.0,2,141,98,184,2,-13,-14,-12,2,13,12,14,2,0.469375,0.40375,0.535,2,673.1809534976492,641.8420519985375,704.5198549967608
groups,quality_spherical_n800_g2_d4_noise0,spherical,800,2,4,0,5,20,1,hdbscan_common,2,0,0,2,0.32817676177601995,0.3016798774979617,0.3546736460540782,2,0.4093202947506629,0.3924679031275879,0.42617268637373795,2,0.32817676177601995,0.3016798774979617,0.3546736460540782,2,0.3282760250001796,0.30130494998482,0.3552471000155392,2,0.9372131905397088,0.9307547850323488,0.9436715960470687,2,0.59125,0.56875,0.61375,2,2,2,2,2,327,309,345,0,,,,0,,,,0,,,,2,0.9844845474849164,0.9832382172528923,0.9857308777169405,2,0.5818749999999999,0.55875,0.605,2,0.7308013962015831,0.7118007908191789,0.7498020015839872,2,0.9840804816364898,0.9824175824175824,0.9857433808553971,2,0.5818749999999999,0.55875,0.605,2,0.7310784746374688,0.7123505976095618,0.7498063516653757,2,0,0,0,2,0.0,0.0,0.0,2,465.5,447,484,2,0,0,0,2,0,0,0,2,0.40875,0.38625,0.43125,2,17.934599500222248,15.707095997640863,20.162103002803633
groups,quality_spherical_n800_g2_d4_noise0,spherical,800,2,4,0,5,20,1,hdbscan_standard,2,0,0,2,0.32812000369872146,0.3001330518895474,0.3561069555078955,2,0.4076887442933117,0.3883606209908068,0.42701686759581664,2,0.32812000369872146,0.3001330518895474,0.3561069555078955,2,0.32829605120906435,0.29987202875806723,0.35672007366006153,2,0.9331127559367605,0.9224408522612185,0.9437846596123024,2,0.5925,0.57,0.615,2,2,2,2,2,326,308,344,0,,,,0,,,,0,,,,2,0.9835102122672943,0.9812480668110114,0.9857723577235772,2,0.5825,0.55875,0.60625,2,0.7310024314836537,0.7112308691592579,0.7507739938080495,2,0.983017757809157,0.9802631578947368,0.9857723577235772,2,0.5825,0.55875,0.60625,2,0.7312787166492477,0.7117834394904459,0.7507739938080495,2,0,0,0,2,0.0,0.0,0.0,2,466,447,485,2,0,0,0,2,0,0,0,2,0.4075,0.385,0.43,2,0.0,0.0,0.0
groups,quality_spherical_n800_g2_d4_noise0,spherical,800,2,4,0,5,20,1,hgp_exclusive_point_routing,2,0,0,2,0.5237376691741736,0.5061181104017464,0.5413572279466009,2,0.510782371298661,0.4976209796704548,0.5239437629268671,2,0.5237376691741736,0.5061181104017464,0.5413572279466009,2,0.5239157224479742,0.505974569380745,0.5418568755152033,2,0.9217688734504239,0.914370448090214,0.9291672988106338,2,0.75375,0.74375,0.76375,2,2,2,2,2,197,189,205,0,,,,0,,,,0,,,,2,0.9802120930413255,0.9782269727921902,0.9821972132904608,2,0.73875,0.7275,0.75,2,0.8424495569957754,0.8344309604854225,0.8504681535061283,2,0.9800739935908898,0.9781512605042016,0.9819967266775778,2,0.73875,0.7275,0.75,2,0.842434634172363,0.8344086021505376,0.8504606661941885,2,0,0,0,2,0.0,0.0,0.0,2,591,582,600,2,0,0,0,2,0,0,0,2,0.24624999999999997,0.23625,0.25625,2,31.69787600018026,30.997325000498677,32.39842699986184
groups,quality_spherical_n800_g2_d4_noise0,spherical,800,2,4,0,5,20,1,hgp_first_coverage,2,0,0,2,0.5023783821798538,0.4906771042733813,0.5140796600863262,2,0.5023981398868247,0.4884266807910344,0.516369598982615,2,0.5023783821798538,0.4906771042733813,0.5140796600863262,2,0.5024226037295009,0.49024175642710593,0.5146034510318959,2,0.9297450596939043,0.9130829353666495,0.946407184021159,2,0.7350000000000001,0.7325,0.7375,2,2,2,2,2,212,210,214,0,,,,0,,,,0,,,,2,0.9821943573188042,0.9778156996587031,0.9865730149789054,2,0.721875,0.71625,0.7275,2,0.8321064673579948,0.8268398268398268,0.8373731078761628,2,0.9821281888124024,0.9778156996587031,0.9864406779661017,2,0.721875,0.71625,0.7275,2,0.8321249493911365,0.8268398268398268,0.837410071942446,2,0,0,0,2,0.0,0.0,0.0,2,577.5,573,582,2,0,0,0,2,0,0,0,2,0.265,0.2625,0.2675,2,19.22008099973027,19.20983699892531,19.23032500053523
groups,quality_spherical_n800_g2_d4_noise0,spherical,800,2,4,0,5,20,1,hgp_weighted_full_vote,2,0,0,2,0.5273224840188349,0.5077649375674687,0.5468800304702011,2,0.5129536972397042,0.4985805313232924,0.527326863156116,2,0.5273224840188349,0.5077649375674687,0.5468800304702011,2,0.5275494041858391,0.5077101120917027,0.5473886962799756,2,0.9220093974012793,0.9145111501645797,0.9295076446379789,2,0.75625,0.745,0.7675,2,2,2,2,2,195,186,204,0,,,,0,,,,0,,,,2,0.980294516173482,0.9782882882882883,0.9823007440586755,2,0.74125,0.72875,0.75375,2,0.8440859604644847,0.8352709359605912,0.8529009849683782,2,0.9801363050084166,0.9781879194630873,0.9820846905537459,2,0.74125,0.72875,0.75375,2,0.8440715643402245,0.835243553008596,0.8528995756718529,2,0,0,0,2,0.0,0.0,0.0,2,593,583,603,2,0,0,0,2,0,0,0,2,0.24375000000000002,0.2325,0.255,2,1049.024443498638,956.2411430015345,1141.8077439957415
groups,quality_spherical_n800_g2_d4_noise0,spherical,800,2,4,0,5,20,2,hdbscan_common,2,0,0,2,0.32817676177601995,0.3016798774979617,0.3546736460540782,2,0.4093202947506629,0.3924679031275879,0.42617268637373795,2,0.32817676177601995,0.3016798774979617,0.3546736460540782,2,0.3282760250001796,0.30130494998482,0.3552471000155392,2,0.9372131905397088,0.9307547850323488,0.9436715960470687,2,0.59125,0.56875,0.61375,2,2,2,2,2,327,309,345,0,,,,0,,,,0,,,,2,0.9844845474849164,0.9832382172528923,0.9857308777169405,2,0.5818749999999999,0.55875,0.605,2,0.7308013962015831,0.7118007908191789,0.7498020015839872,2,0.9840804816364898,0.9824175824175824,0.9857433808553971,2,0.5818749999999999,0.55875,0.605,2,0.7310784746374688,0.7123505976095618,0.7498063516653757,2,0,0,0,2,0.0,0.0,0.0,2,465.5,447,484,2,0,0,0,2,0,0,0,2,0.40875,0.38625,0.43125,2,18.285183499756386,17.921825998200802,18.64854100131197
groups,quality_spherical_n800_g2_d4_noise0,spherical,800,2,4,0,5,20,2,hgp_exclusive_point_routing,2,0,0,2,0.5237376691741736,0.5061181104017464,0.5413572279466009,2,0.510782371298661,0.4976209796704548,0.5239437629268671,2,0.5237376691741736,0.5061181104017464,0.5413572279466009,2,0.5239157224479742,0.505974569380745,0.5418568755152033,2,0.9217688734504239,0.914370448090214,0.9291672988106338,2,0.75375,0.74375,0.76375,2,2,2,2,2,197,189,205,0,,,,0,,,,0,,,,2,0.9802120930413255,0.9782269727921902,0.9821972132904608,2,0.73875,0.7275,0.75,2,0.8424495569957754,0.8344309604854225,0.8504681535061283,2,0.9800739935908898,0.9781512605042016,0.9819967266775778,2,0.73875,0.7275,0.75,2,0.842434634172363,0.8344086021505376,0.8504606661941885,2,0,0,0,2,0.0,0.0,0.0,2,591,582,600,2,0,0,0,2,0,0,0,2,0.24624999999999997,0.23625,0.25625,2,23.0872564989113,22.153755999170244,24.02075699865236
groups,quality_spherical_n800_g2_d4_noise0,spherical,800,2,4,0,5,20,2,hgp_first_coverage,2,0,0,2,0.5023783821798538,0.4906771042733813,0.5140796600863262,2,0.5023981398868247,0.4884266807910344,0.516369598982615,2,0.5023783821798538,0.4906771042733813,0.5140796600863262,2,0.5024226037295009,0.49024175642710593,0.5146034510318959,2,0.9297450596939043,0.9130829353666495,0.946407184021159,2,0.7350000000000001,0.7325,0.7375,2,2,2,2,2,212,210,214,0,,,,0,,,,0,,,,2,0.9821943573188042,0.9778156996587031,0.9865730149789054,2,0.721875,0.71625,0.7275,2,0.8321064673579948,0.8268398268398268,0.8373731078761628,2,0.9821281888124024,0.9778156996587031,0.9864406779661017,2,0.721875,0.71625,0.7275,2,0.8321249493911365,0.8268398268398268,0.837410071942446,2,0,0,0,2,0.0,0.0,0.0,2,577.5,573,582,2,0,0,0,2,0,0,0,2,0.265,0.2625,0.2675,2,15.660008502891287,14.035039006557781,17.284977999224793
groups,quality_spherical_n800_g2_d4_noise0,spherical,800,2,4,0,5,20,2,hgp_weighted_full_vote,2,0,0,2,0.5273224840188349,0.5077649375674687,0.5468800304702011,2,0.5129536972397042,0.4985805313232924,0.527326863156116,2,0.5273224840188349,0.5077649375674687,0.5468800304702011,2,0.5275494041858391,0.5077101120917027,0.5473886962799756,2,0.9220093974012793,0.9145111501645797,0.9295076446379789,2,0.75625,0.745,0.7675,2,2,2,2,2,195,186,204,0,,,,0,,,,0,,,,2,0.980294516173482,0.9782882882882883,0.9823007440586755,2,0.74125,0.72875,0.75375,2,0.8440859604644847,0.8352709359605912,0.8529009849683782,2,0.9801363050084166,0.9781879194630873,0.9820846905537459,2,0.74125,0.72875,0.75375,2,0.8440715643402245,0.835243553008596,0.8528995756718529,2,0,0,0,2,0.0,0.0,0.0,2,593,583,603,2,0,0,0,2,0,0,0,2,0.24375000000000002,0.2325,0.255,2,1018.973984000695,963.0850140019902,1074.8629539994
groups,quality_spherical_n800_g2_d4_noise0,spherical,800,2,4,0,5,50,1,hdbscan_common,2,0,0,2,0.32817676177601995,0.3016798774979617,0.3546736460540782,2,0.4093202947506629,0.3924679031275879,0.42617268637373795,2,0.32817676177601995,0.3016798774979617,0.3546736460540782,2,0.3282760250001796,0.30130494998482,0.3552471000155392,2,0.9372131905397088,0.9307547850323488,0.9436715960470687,2,0.59125,0.56875,0.61375,2,2,2,2,2,327,309,345,0,,,,0,,,,0,,,,2,0.9844845474849164,0.9832382172528923,0.9857308777169405,2,0.5818749999999999,0.55875,0.605,2,0.7308013962015831,0.7118007908191789,0.7498020015839872,2,0.9840804816364898,0.9824175824175824,0.9857433808553971,2,0.5818749999999999,0.55875,0.605,2,0.7310784746374688,0.7123505976095618,0.7498063516653757,2,0,0,0,2,0.0,0.0,0.0,2,465.5,447,484,2,0,0,0,2,0,0,0,2,0.40875,0.38625,0.43125,2,17.92178050163784,15.983381003024988,19.860180000250693
groups,quality_spherical_n800_g2_d4_noise0,spherical,800,2,4,0,5,50,1,hdbscan_standard,2,0,0,2,0.32812000369872146,0.3001330518895474,0.3561069555078955,2,0.4076887442933117,0.3883606209908068,0.42701686759581664,2,0.32812000369872146,0.3001330518895474,0.3561069555078955,2,0.32829605120906435,0.29987202875806723,0.35672007366006153,2,0.9331127559367605,0.9224408522612185,0.9437846596123024,2,0.5925,0.57,0.615,2,2,2,2,2,326,308,344,0,,,,0,,,,0,,,,2,0.9835102122672943,0.9812480668110114,0.9857723577235772,2,0.5825,0.55875,0.60625,2,0.7310024314836537,0.7112308691592579,0.7507739938080495,2,0.983017757809157,0.9802631578947368,0.9857723577235772,2,0.5825,0.55875,0.60625,2,0.7312787166492477,0.7117834394904459,0.7507739938080495,2,0,0,0,2,0.0,0.0,0.0,2,466,447,485,2,0,0,0,2,0,0,0,2,0.4075,0.385,0.43,2,0.0,0.0,0.0
groups,quality_spherical_n800_g2_d4_noise0,spherical,800,2,4,0,5,50,1,hgp_exclusive_point_routing,2,0,0,2,0.5237376691741736,0.5061181104017464,0.5413572279466009,2,0.510782371298661,0.4976209796704548,0.5239437629268671,2,0.5237376691741736,0.5061181104017464,0.5413572279466009,2,0.5239157224479742,0.505974569380745,0.5418568755152033,2,0.9217688734504239,0.914370448090214,0.9291672988106338,2,0.75375,0.74375,0.76375,2,2,2,2,2,197,189,205,0,,,,0,,,,0,,,,2,0.9802120930413255,0.9782269727921902,0.9821972132904608,2,0.73875,0.7275,0.75,2,0.8424495569957754,0.8344309604854225,0.8504681535061283,2,0.9800739935908898,0.9781512605042016,0.9819967266775778,2,0.73875,0.7275,0.75,2,0.842434634172363,0.8344086021505376,0.8504606661941885,2,0,0,0,2,0.0,0.0,0.0,2,591,582,600,2,0,0,0,2,0,0,0,2,0.24624999999999997,0.23625,0.25625,2,22.71510300124646,22.094605999882333,23.33560000261059
groups,quality_spherical_n800_g2_d4_noise0,spherical,800,2,4,0,5,50,1,hgp_first_coverage,2,0,0,2,0.5023783821798538,0.4906771042733813,0.5140796600863262,2,0.5023981398868247,0.4884266807910344,0.516369598982615,2,0.5023783821798538,0.4906771042733813,0.5140796600863262,2,0.5024226037295009,0.49024175642710593,0.5146034510318959,2,0.9297450596939043,0.9130829353666495,0.946407184021159,2,0.7350000000000001,0.7325,0.7375,2,2,2,2,2,212,210,214,0,,,,0,,,,0,,,,2,0.9821943573188042,0.9778156996587031,0.9865730149789054,2,0.721875,0.71625,0.7275,2,0.8321064673579948,0.8268398268398268,0.8373731078761628,2,0.9821281888124024,0.9778156996587031,0.9864406779661017,2,0.721875,0.71625,0.7275,2,0.8321249493911365,0.8268398268398268,0.837410071942446,2,0,0,0,2,0.0,0.0,0.0,2,577.5,573,582,2,0,0,0,2,0,0,0,2,0.265,0.2625,0.2675,2,15.689698997448431,14.648983997176401,16.73041399772046
groups,quality_spherical_n800_g2_d4_noise0,spherical,800,2,4,0,5,50,1,hgp_weighted_full_vote,2,0,0,2,0.5273224840188349,0.5077649375674687,0.5468800304702011,2,0.5129536972397042,0.4985805313232924,0.527326863156116,2,0.5273224840188349,0.5077649375674687,0.5468800304702011,2,0.5275494041858391,0.5077101120917027,0.5473886962799756,2,0.9220093974012793,0.9145111501645797,0.9295076446379789,2,0.75625,0.745,0.7675,2,2,2,2,2,195,186,204,0,,,,0,,,,0,,,,2,0.980294516173482,0.9782882882882883,0.9823007440586755,2,0.74125,0.72875,0.75375,2,0.8440859604644847,0.8352709359605912,0.8529009849683782,2,0.9801363050084166,0.9781879194630873,0.9820846905537459,2,0.74125,0.72875,0.75375,2,0.8440715643402245,0.835243553008596,0.8528995756718529,2,0,0,0,2,0.0,0.0,0.0,2,593,583,603,2,0,0,0,2,0,0,0,2,0.24375000000000002,0.2325,0.255,2,1292.7867965026962,1281.411667001521,1304.1619260038715
groups,quality_spherical_n800_g2_d4_noise0,spherical,800,2,4,0,5,50,2,hdbscan_common,2,0,0,2,0.32817676177601995,0.3016798774979617,0.3546736460540782,2,0.4093202947506629,0.3924679031275879,0.42617268637373795,2,0.32817676177601995,0.3016798774979617,0.3546736460540782,2,0.3282760250001796,0.30130494998482,0.3552471000155392,2,0.9372131905397088,0.9307547850323488,0.9436715960470687,2,0.59125,0.56875,0.61375,2,2,2,2,2,327,309,345,0,,,,0,,,,0,,,,2,0.9844845474849164,0.9832382172528923,0.9857308777169405,2,0.5818749999999999,0.55875,0.605,2,0.7308013962015831,0.7118007908191789,0.7498020015839872,2,0.9840804816364898,0.9824175824175824,0.9857433808553971,2,0.5818749999999999,0.55875,0.605,2,0.7310784746374688,0.7123505976095618,0.7498063516653757,2,0,0,0,2,0.0,0.0,0.0,2,465.5,447,484,2,0,0,0,2,0,0,0,2,0.40875,0.38625,0.43125,2,16.874983502930263,16.133531004015822,17.616436001844704
groups,quality_spherical_n800_g2_d4_noise0,spherical,800,2,4,0,5,50,2,hgp_exclusive_point_routing,2,0,0,2,0.5237376691741736,0.5061181104017464,0.5413572279466009,2,0.510782371298661,0.4976209796704548,0.5239437629268671,2,0.5237376691741736,0.5061181104017464,0.5413572279466009,2,0.5239157224479742,0.505974569380745,0.5418568755152033,2,0.9217688734504239,0.914370448090214,0.9291672988106338,2,0.75375,0.74375,0.76375,2,2,2,2,2,197,189,205,0,,,,0,,,,0,,,,2,0.9802120930413255,0.9782269727921902,0.9821972132904608,2,0.73875,0.7275,0.75,2,0.8424495569957754,0.8344309604854225,0.8504681535061283,2,0.9800739935908898,0.9781512605042016,0.9819967266775778,2,0.73875,0.7275,0.75,2,0.842434634172363,0.8344086021505376,0.8504606661941885,2,0,0,0,2,0.0,0.0,0.0,2,591,582,600,2,0,0,0,2,0,0,0,2,0.24624999999999997,0.23625,0.25625,2,25.35762949992204,22.951503000513185,27.763755999330897
groups,quality_spherical_n800_g2_d4_noise0,spherical,800,2,4,0,5,50,2,hgp_first_coverage,2,0,0,2,0.5023783821798538,0.4906771042733813,0.5140796600863262,2,0.5023981398868247,0.4884266807910344,0.516369598982615,2,0.5023783821798538,0.4906771042733813,0.5140796600863262,2,0.5024226037295009,0.49024175642710593,0.5146034510318959,2,0.9297450596939043,0.9130829353666495,0.946407184021159,2,0.7350000000000001,0.7325,0.7375,2,2,2,2,2,212,210,214,0,,,,0,,,,0,,,,2,0.9821943573188042,0.9778156996587031,0.9865730149789054,2,0.721875,0.71625,0.7275,2,0.8321064673579948,0.8268398268398268,0.8373731078761628,2,0.9821281888124024,0.9778156996587031,0.9864406779661017,2,0.721875,0.71625,0.7275,2,0.8321249493911365,0.8268398268398268,0.837410071942446,2,0,0,0,2,0.0,0.0,0.0,2,577.5,573,582,2,0,0,0,2,0,0,0,2,0.265,0.2625,0.2675,2,15.263564499036875,14.275656998506747,16.251471999567002
groups,quality_spherical_n800_g2_d4_noise0,spherical,800,2,4,0,5,50,2,hgp_weighted_full_vote,2,0,0,2,0.5273224840188349,0.5077649375674687,0.5468800304702011,2,0.5129536972397042,0.4985805313232924,0.527326863156116,2,0.5273224840188349,0.5077649375674687,0.5468800304702011,2,0.5275494041858391,0.5077101120917027,0.5473886962799756,2,0.9220093974012793,0.9145111501645797,0.9295076446379789,2,0.75625,0.745,0.7675,2,2,2,2,2,195,186,204,0,,,,0,,,,0,,,,2,0.980294516173482,0.9782882882882883,0.9823007440586755,2,0.74125,0.72875,0.75375,2,0.8440859604644847,0.8352709359605912,0.8529009849683782,2,0.9801363050084166,0.9781879194630873,0.9820846905537459,2,0.74125,0.72875,0.75375,2,0.8440715643402245,0.835243553008596,0.8528995756718529,2,0,0,0,2,0.0,0.0,0.0,2,593,583,603,2,0,0,0,2,0,0,0,2,0.24375000000000002,0.2325,0.255,2,997.6953699988371,985.8875389982131,1009.5032009994611
groups,quality_spherical_n800_g32_d4_noise0,spherical,800,32,4,0,5,20,1,hdbscan_common,2,0,0,2,0.029278053433545705,0.02927489797249788,0.029281208894593534,2,0.36513232032337933,0.36059037572518327,0.3696742649215754,2,0.029278053433545705,0.02927489797249788,0.029281208894593534,2,0.02924332573633815,0.029228731448563937,0.029257920024112368,2,0.02925910851284426,0.029248884522753104,0.029269332502935418,2,0.981875,0.975,0.98875,2,6.5,6,7,2,14.5,9,20,0,,,,0,,,,0,,,,2,0.1657762250100366,0.14282983656154427,0.18872261345852895,2,0.195625,0.18375,0.2075,2,0.16546285321244797,0.14708669926303855,0.18383900716185742,2,0.19933061039255728,0.18584070796460178,0.2128205128205128,2,0.195625,0.18375,0.2075,2,0.19745801144093755,0.18478944060339408,0.21012658227848102,2,2.5,2,3,2,0.078125,0.0625,0.09375,2,156.5,147,166,2,-25.5,-26,-25,2,25.5,25,26,2,0.018125000000000002,0.01125,0.025,2,17.37366350062075,16.339475005224813,18.40785199601669
groups,quality_spherical_n800_g32_d4_noise0,spherical,800,32,4,0,5,20,1,hdbscan_standard,2,0,0,2,0.029470548288599584,0.029274896387923452,0.029666200189275717,2,0.3661260267652139,0.36010288426801407,0.3721491692624137,2,0.029470548288599584,0.029274896387923452,0.029666200189275717,2,0.02944601865350055,0.029248242042313563,0.02964379526468754,2,0.02946607287051525,0.02925479768018705,0.029677348060843448,2,0.98375,0.9775,0.99,2,6.5,6,7,2,13,8,18,0,,,,0,,,,0,,,,2,0.16512518334336995,0.14152775322821096,0.18872261345852895,2,0.196875,0.18375,0.21,2,0.16585078156834168,0.14647551729024944,0.18522604584643393,2,0.2002199100984267,0.1856060606060606,0.21483375959079284,2,0.196875,0.18375,0.21,2,0.19853137368257215,0.18467336683417085,0.21238938053097345,2,2.5,2,3,2,0.078125,0.0625,0.09375,2,157.5,147,168,2,-25.5,-26,-25,2,25.5,25,26,2,0.01625,0.01,0.0225,2,0.0,0.0,0.0
groups,quality_spherical_n800_g32_d4_noise0,spherical,800,32,4,0,5,20,1,hgp_exclusive_point_routing,2,0,0,2,0.3618365792514952,0.030491261029443963,0.6931818974735464,2,0.6258052776860477,0.3798056381419452,0.8718049172301502,2,0.3618365792514952,0.030491261029443963,0.6931818974735464,2,0.36928058899888844,0.030491261029443963,0.7080699169683329,2,0.3824696790627388,0.030494773731505446,0.7344445843939722,2,0.97875,0.95875,0.99875,2,17,7,27,2,17,1,33,0,,,,0,,,,0,,,,2,0.4619020918653122,0.18630178656220323,0.7375023971684213,2,0.49312500000000004,0.2175,0.76875,2,0.4639992763321176,0.18795844860975594,0.7400401040544793,2,0.5097987543099017,0.21777221526908636,0.8018252933507171,2,0.49312500000000004,0.2175,0.76875,2,0.50128769855761,0.2176360225140713,0.7849393746011487,2,3.5,3,4,2,0.109375,0.09375,0.125,2,394.5,174,615,2,-15,-25,-5,2,15,5,25,2,0.02125,0.00125,0.04125,2,31.626893502107123,30.511338001815602,32.742449002398644
groups,quality_spherical_n800_g32_d4_noise0,spherical,800,32,4,0,5,20,1,hgp_first_coverage,2,0,0,2,0.3472547765896299,0.030421330590220706,0.6640882225890391,2,0.6216928479879744,0.38164321884396624,0.8617424771319826,2,0.3472547765896299,0.030421330590220706,0.6640882225890391,2,0.3548542280069009,0.030421330590220706,0.6792871254235812,2,0.3676352947595849,0.030424815628562515,0.7048457738906073,2,0.9775,0.95625,0.99875,2,16,7,25,2,18,1,35,0,,,,0,,,,0,,,,2,0.4209939840940282,0.18870192307692307,0.6532860451111333,2,0.4675,0.2175,0.7175,2,0.42897330967304464,0.189177059712774,0.6687695596333153,2,0.48404950632735366,0.21777221526908636,0.7503267973856209,2,0.4675,0.2175,0.7175,2,0.4755911741963328,0.2176360225140713,0.7335463258785943,2,5,5,5,2,0.15625,0.15625,0.15625,2,374,174,574,2,-16,-25,-7,2,16,7,25,2,0.0225,0.00125,0.04375,2,19.51295699836919,18.7608199994429,20.26509399729548
groups,quality_spherical_n800_g32_d4_noise0,spherical,800,32,4,0,5,20,1,hgp_weighted_full_vote,2,0,0,2,0.026438868475846457,0.022947427339069678,0.02993030961262324,2,0.32253033503083817,0.30133745143551743,0.34372321862615896,2,0.026438868475846457,0.022947427339069678,0.02993030961262324,2,0.02417717464634784,0.021164119012859903,0.027190230279835772,2,0.022577112006140734,0.01984762313710873,0.02530660087517274,2,0.97125,0.96875,0.97375,2,4,4,4,2,23,21,25,0,,,,0,,,,0,,,,2,0.07075046624079795,0.06310467117758785,0.07839626130400804,2,0.125,0.125,0.125,2,0.07972912247299771,0.07469723503341631,0.08476100991257911,2,0.1287009814070976,0.12836970474967907,0.12903225806451613,2,0.125,0.125,0.125,2,0.12682328578465374,0.1266624445851805,0.12698412698412698,2,1.5,1,2,2,0.046875,0.03125,0.0625,2,100,100,100,2,-28,-28,-28,2,28,28,28,2,0.028749999999999998,0.02625,0.03125,2,682.4673734954558,671.0865389977698,693.8482079931418
groups,quality_spherical_n800_g32_d4_noise0,spherical,800,32,4,0,5,20,2,hdbscan_common,2,0,0,2,0.029278053433545705,0.02927489797249788,0.029281208894593534,2,0.36513232032337933,0.36059037572518327,0.3696742649215754,2,0.029278053433545705,0.02927489797249788,0.029281208894593534,2,0.02924332573633815,0.029228731448563937,0.029257920024112368,2,0.02925910851284426,0.029248884522753104,0.029269332502935418,2,0.981875,0.975,0.98875,2,6.5,6,7,2,14.5,9,20,0,,,,0,,,,0,,,,2,0.1657762250100366,0.14282983656154427,0.18872261345852895,2,0.195625,0.18375,0.2075,2,0.16546285321244797,0.14708669926303855,0.18383900716185742,2,0.19933061039255728,0.18584070796460178,0.2128205128205128,2,0.195625,0.18375,0.2075,2,0.19745801144093755,0.18478944060339408,0.21012658227848102,2,2.5,2,3,2,0.078125,0.0625,0.09375,2,156.5,147,166,2,-25.5,-26,-25,2,25.5,25,26,2,0.018125000000000002,0.01125,0.025,2,17.117782001150772,17.08873300231062,17.146830999990925
groups,quality_spherical_n800_g32_d4_noise0,spherical,800,32,4,0,5,20,2,hgp_exclusive_point_routing,2,0,0,2,0.36260997415817664,0.030445797705475026,0.6947741506108782,2,0.6256008070951372,0.3787232664271772,0.8724783477630972,2,0.36260997415817664,0.030445797705475026,0.6947741506108782,2,0.36966980268297,0.030445797705475026,0.708893807660465,2,0.38248459985788286,0.030445797705475026,0.7345234020102906,2,0.98,0.96,1.0,2,17,7,27,2,16,0,32,0,,,,0,,,,0,,,,2,0.46204997255035746,0.18629992888467464,0.7378000162160403,2,0.49375,0.2175,0.77,2,0.46443535593962726,0.18795500396004097,0.7409157079192136,2,0.5097916666666666,0.2175,0.8020833333333334,2,0.49375,0.2175,0.77,2,0.5016071428571428,0.2175,0.7857142857142857,2,3.5,3,4,2,0.109375,0.09375,0.125,2,395,174,616,2,-15,-25,-5,2,15,5,25,2,0.02,0.0,0.04,2,22.79886950054788,22.6471970017883,22.95054199930746
groups,quality_spherical_n800_g32_d4_noise0,spherical,800,32,4,0,5,20,2,hgp_first_coverage,2,0,0,2,0.3472547765896299,0.030421330590220706,0.6640882225890391,2,0.6216928479879744,0.38164321884396624,0.8617424771319826,2,0.3472547765896299,0.030421330590220706,0.6640882225890391,2,0.3548542280069009,0.030421330590220706,0.6792871254235812,2,0.3676352947595849,0.030424815628562515,0.7048457738906073,2,0.9775,0.95625,0.99875,2,16,7,25,2,18,1,35,0,,,,0,,,,0,,,,2,0.4209939840940282,0.18870192307692307,0.6532860451111333,2,0.4675,0.2175,0.7175,2,0.42897330967304464,0.189177059712774,0.6687695596333153,2,0.48404950632735366,0.21777221526908636,0.7503267973856209,2,0.4675,0.2175,0.7175,2,0.4755911741963328,0.2176360225140713,0.7335463258785943,2,5,5,5,2,0.15625,0.15625,0.15625,2,374,174,574,2,-16,-25,-7,2,16,7,25,2,0.0225,0.00125,0.04375,2,14.287458998296643,14.081374996749219,14.493542999844067
groups,quality_spherical_n800_g32_d4_noise0,spherical,800,32,4,0,5,20,2,hgp_weighted_full_vote,2,0,0,2,0.03002191729512971,0.029907297568270493,0.03013653702198893,2,0.35385684914880366,0.34495397378629034,0.362759724511317,2,0.03002191729512971,0.029907297568270493,0.03013653702198893,2,0.03002191729512971,0.029907297568270493,0.03013653702198893,2,0.03002191729512971,0.029907297568270493,0.03013653702198893,2,1.0,1.0,1.0,2,5.5,5,6,2,0,0,0,0,,,,0,,,,0,,,,2,0.11809612078949157,0.09467169105107967,0.14152055052790347,2,0.17125,0.15625,0.18625,2,0.12673079607716134,0.10622532191523289,0.14723627023908978,2,0.17125,0.15625,0.18625,2,0.17125,0.15625,0.18625,2,0.17125,0.15625,0.18625,2,2.5,2,3,2,0.078125,0.0625,0.09375,2,137,125,149,2,-26.5,-27,-26,2,26.5,26,27,2,0.0,0.0,0.0,2,702.6327820021834,691.880119004054,713.3854450003128
groups,quality_spherical_n800_g32_d4_noise0,spherical,800,32,4,0,5,50,1,hdbscan_common,2,32,32,2,0.047634253028018686,0.02872860490639425,0.06653990114964312,2,0.31331632750205024,0.28092262433684817,0.3457100306672523,2,0.047634253028018686,0.02872860490639425,0.06653990114964312,2,0.05931269495885426,0.021497791977205926,0.09712759794050259,2,0.04961525668507817,0.01537386116597658,0.08385665220417976,2,0.715625,0.54125,0.89,2,2.5,2,3,2,227.5,88,367,0,,,,0,,,,0,,,,2,0.017102365871558695,0.0119246682530495,0.022280063490067892,2,0.07375,0.0625,0.08499999999999999,2,0.025959815777250685,0.01829704020162282,0.033622591352878546,2,0.11363429950437243,0.0702247191011236,0.15704387990762125,2,0.07375000000000001,0.0625,0.085,2,0.08821882362028347,0.06613756613756613,0.11030008110300081,2,0,0,0,2,0.0,0.0,0.0,2,59,50,68,2,-29.5,-30,-29,2,29.5,29,30,2,0.284375,0.11,0.45875,2,19.78987300026347,16.147476999321952,23.432269001204986
groups,quality_spherical_n800_g32_d4_noise0,spherical,800,32,4,0,5,50,1,hdbscan_standard,2,32,32,2,0.047664979984667316,0.02872860490639425,0.06660135506294039,2,0.31299242541352623,0.28092262433684817,0.34506222649020424,2,0.047664979984667316,0.02872860490639425,0.06660135506294039,2,0.0589072367463511,0.021497791977205926,0.09631668151549627,2,0.04905334940493675,0.01537386116597658,0.08273283764389691,2,0.71625,0.5425,0.89,2,2.5,2,3,2,227,88,366,0,,,,0,,,,0,,,,2,0.017097952653086727,0.0119246682530495,0.022271237053123956,2,0.07375,0.0625,0.08499999999999999,2,0.025952328655100783,0.01829704020162282,0.03360761710857874,2,0.11345337337544659,0.0702247191011236,0.15668202764976957,2,0.07375000000000001,0.0625,0.085,2,0.0881741315290748,0.06613756613756613,0.11021069692058347,2,0,0,0,2,0.0,0.0,0.0,2,59,50,68,2,-29.5,-30,-29,2,29.5,29,30,2,0.28375,0.11,0.4575,2,0.0,0.0,0.0
groups,quality_spherical_n800_g32_d4_noise0,spherical,800,32,4,0,5,50,1,hgp_exclusive_point_routing,2,32,32,2,0.026385051847409698,0.023102086432802194,0.029668017262017204,2,0.29652829672164904,0.2665788795188931,0.326477713924405,2,0.026385051847409698,0.023102086432802194,0.029668017262017204,2,0.020364065952351528,0.016285373504589976,0.02444275840011308,2,0.015375896991072502,0.010237366387313694,0.020514427594831307,2,0.9225,0.9075,0.9375,2,2.5,2,3,2,62,50,74,0,,,,0,,,,0,,,,2,0.02416535301798782,0.0164760348583878,0.03185467117758784,2,0.078125,0.0625,0.09375,2,0.03311929420843748,0.022791353383458647,0.04344723503341631,2,0.08443526170798898,0.06887052341597796,0.1,2,0.078125,0.0625,0.09375,2,0.08115249651207035,0.0655307994757536,0.0967741935483871,2,0,0,0,2,0.0,0.0,0.0,2,62.5,50,75,2,-29.5,-30,-29,2,29.5,29,30,2,0.0775,0.0625,0.0925,2,21.664519004843896,21.23591500276234,22.093123006925453
groups,quality_spherical_n800_g32_d4_noise0,spherical,800,32,4,0,5,50,1,hgp_first_coverage,2,32,32,2,0.09643215085675477,0.029851630289928037,0.1630126714235815,2,0.45363657347662856,0.3314959569400327,0.5757771900132245,2,0.09643215085675477,0.029851630289928037,0.1630126714235815,2,0.14550905299800837,0.02465532789576156,0.26636277810025516,2,0.1506758800459414,0.02072712878887836,0.28062463130300447,2,0.771875,0.60625,0.9375,2,4,3,5,2,182.5,50,315,0,,,,0,,,,0,,,,2,0.039385152619612694,0.03245192307692308,0.04631838216230231,2,0.124375,0.09375,0.155,2,0.056685013186561176,0.04398148148148148,0.06938854489164087,2,0.17783505154639173,0.1,0.2556701030927835,2,0.124375,0.09375,0.155,2,0.14488515124890172,0.0967741935483871,0.19299610894941635,2,0,0,0,2,0.0,0.0,0.0,2,99.5,75,124,2,-28,-29,-27,2,28,27,29,2,0.228125,0.0625,0.39375,2,16.117892002512235,13.41642500483431,18.81935900019016
groups,quality_spherical_n800_g32_d4_noise0,spherical,800,32,4,0,5,50,1,hgp_weighted_full_vote,2,32,32,2,0.10587248320119141,0.09786968347275136,0.11387528292963145,2,0.4582380438146765,0.42444861091562114,0.4920274767137318,2,0.10587248320119141,0.09786968347275136,0.11387528292963145,2,0.09178429256017843,0.08196275741024893,0.10160582771010794,2,0.07894437381655037,0.06959680929652473,0.088291938336576,2,0.7625,0.745,0.78,2,2.5,2,3,2,190,176,204,0,,,,0,,,,0,,,,2,0.010549277772523943,0.005010534970964592,0.016088020574083293,2,0.0775,0.0625,0.0925,2,0.017967902015645562,0.009276999647639183,0.026658804383651945,2,0.10214463947685425,0.08012820512820513,0.12416107382550336,2,0.0775,0.0625,0.0925,2,0.08812095553910049,0.0702247191011236,0.10601719197707736,2,0,0,0,2,0.0,0.0,0.0,2,62,50,74,2,-29.5,-30,-29,2,29.5,29,30,2,0.2375,0.22,0.255,2,660.3402319997258,627.7380350002204,692.9424289992312
groups,quality_spherical_n800_g32_d4_noise0,spherical,800,32,4,0,5,50,2,hdbscan_common,2,32,32,2,0.047634253028018686,0.02872860490639425,0.06653990114964312,2,0.31331632750205024,0.28092262433684817,0.3457100306672523,2,0.047634253028018686,0.02872860490639425,0.06653990114964312,2,0.05931269495885426,0.021497791977205926,0.09712759794050259,2,0.04961525668507817,0.01537386116597658,0.08385665220417976,2,0.715625,0.54125,0.89,2,2.5,2,3,2,227.5,88,367,0,,,,0,,,,0,,,,2,0.017102365871558695,0.0119246682530495,0.022280063490067892,2,0.07375,0.0625,0.08499999999999999,2,0.025959815777250685,0.01829704020162282,0.033622591352878546,2,0.11363429950437243,0.0702247191011236,0.15704387990762125,2,0.07375000000000001,0.0625,0.085,2,0.08821882362028347,0.06613756613756613,0.11030008110300081,2,0,0,0,2,0.0,0.0,0.0,2,59,50,68,2,-29.5,-30,-29,2,29.5,29,30,2,0.284375,0.11,0.45875,2,18.08977850305382,15.948596002999693,20.23096100310795
groups,quality_spherical_n800_g32_d4_noise0,spherical,800,32,4,0,5,50,2,hgp_exclusive_point_routing,2,32,32,2,0.025868288329963046,0.023102086432802194,0.0286344902271239,2,0.2795298371162631,0.2665788795188931,0.2924807947136332,2,0.025868288329963046,0.023102086432802194,0.0286344902271239,2,0.01783137729261032,0.016285373504589976,0.01937738108063066,2,0.010624050351893588,0.010237366387313694,0.011010734316473482,2,0.891875,0.87625,0.9075,2,2,2,2,2,86.5,74,99,0,,,,0,,,,0,,,,2,0.01635192417922353,0.016227813500059262,0.0164760348583878,2,0.0625,0.0625,0.0625,2,0.02270090521691334,0.02261045705036803,0.022791353383458647,2,0.07009859979643407,0.06887052341597796,0.07132667617689016,2,0.0625,0.0625,0.0625,2,0.06607652565393277,0.0655307994757536,0.06662225183211193,2,0,0,0,2,0.0,0.0,0.0,2,50,50,50,2,-30,-30,-30,2,30,30,30,2,0.108125,0.0925,0.12375,2,23.250450500199804,21.87180000328226,24.629100997117348
groups,quality_spherical_n800_g32_d4_noise0,spherical,800,32,4,0,5,50,2,hgp_first_coverage,2,32,32,2,0.09643215085675477,0.029851630289928037,0.1630126714235815,2,0.45363657347662856,0.3314959569400327,0.5757771900132245,2,0.09643215085675477,0.029851630289928037,0.1630126714235815,2,0.14550905299800837,0.02465532789576156,0.26636277810025516,2,0.1506758800459414,0.02072712878887836,0.28062463130300447,2,0.771875,0.60625,0.9375,2,4,3,5,2,182.5,50,315,0,,,,0,,,,0,,,,2,0.039385152619612694,0.03245192307692308,0.04631838216230231,2,0.124375,0.09375,0.155,2,0.056685013186561176,0.04398148148148148,0.06938854489164087,2,0.17783505154639173,0.1,0.2556701030927835,2,0.124375,0.09375,0.155,2,0.14488515124890172,0.0967741935483871,0.19299610894941635,2,0,0,0,2,0.0,0.0,0.0,2,99.5,75,124,2,-28,-29,-27,2,28,27,29,2,0.228125,0.0625,0.39375,2,13.98049700219417,13.938168005552143,14.022825998836197
groups,quality_spherical_n800_g32_d4_noise0,spherical,800,32,4,0,5,50,2,hgp_weighted_full_vote,2,32,32,2,0.10607907225422838,0.09826840223401888,0.11388974227443789,2,0.45985505075986727,0.4259946973177419,0.4937154042019926,2,0.10607907225422838,0.09826840223401888,0.11388974227443789,2,0.09203851061365009,0.08241678369756267,0.10166023752973753,2,0.07920162494539461,0.07006879876260504,0.08833445112818418,2,0.7625,0.745,0.78,2,2.5,2,3,2,190,176,204,0,,,,0,,,,0,,,,2,0.01058562145689548,0.005009865581452707,0.016161377332338252,2,0.0775,0.0625,0.0925,2,0.018012480260238727,0.009275937392652357,0.026749023127825098,2,0.10214463947685425,0.08012820512820513,0.12416107382550336,2,0.0775,0.0625,0.0925,2,0.08812095553910049,0.0702247191011236,0.10601719197707736,2,0,0,0,2,0.0,0.0,0.0,2,62,50,74,2,-29.5,-30,-29,2,29.5,29,30,2,0.2375,0.22,0.255,2,822.1784524976101,693.4307819974492,950.926122997771
groups,quality_spherical_n800_g4_d4_noise0,spherical,800,4,4,0,5,20,1,hdbscan_common,2,0,0,2,0.36936264400218866,0.3289586947520277,0.40976659325234954,2,0.5440020732700528,0.5217541930938995,0.5662499534462062,2,0.36936264400218866,0.3289586947520277,0.40976659325234954,2,0.4504899971013466,0.41851113324151107,0.4824688609611821,2,0.9410573111379277,0.9407631482623895,0.9413514740134659,2,0.609375,0.58625,0.6325,2,4,4,4,2,312.5,294,331,0,,,,0,,,,0,,,,2,0.9757226205029736,0.9756505283967901,0.9757947126091572,2,0.595,0.5725,0.6174999999999999,2,0.7346729963296526,0.7188949334769537,0.7504510591823514,2,0.9764152135988606,0.9762845849802372,0.976545842217484,2,0.595,0.5725,0.6175,2,0.7391683169272691,0.7218282111899134,0.7565084226646248,2,0,0,0,2,0.0,0.0,0.0,2,476,458,494,2,0,0,0,2,0,0,0,2,0.390625,0.3675,0.41375,2,16.50459299889917,16.24997799808625,16.75920799971209
groups,quality_spherical_n800_g4_d4_noise0,spherical,800,4,4,0,5,20,1,hdbscan_standard,2,0,0,2,0.3694339111927003,0.32837264186523113,0.4104951805201695,2,0.5394455498128836,0.5168149003921765,0.5620761992335906,2,0.3694339111927003,0.32837264186523113,0.4104951805201695,2,0.4493298453314085,0.4167057568964342,0.4819539337663828,2,0.9309794876515014,0.9307116486363389,0.9312473266666639,2,0.6125,0.58875,0.63625,2,4,4,4,2,310,291,329,0,,,,0,,,,0,,,,2,0.9719749555948417,0.9718628773823579,0.9720870338073255,2,0.5956250000000001,0.5725,0.61875,2,0.7339983261582981,0.7177441075195391,0.7502525447970572,2,0.9724471195758722,0.9723991507430998,0.9724950884086444,2,0.5956250000000001,0.5725,0.61875,2,0.738497444611204,0.7206923682140047,0.7563025210084033,2,0,0,0,2,0.0,0.0,0.0,2,476.5,458,495,2,0,0,0,2,0,0,0,2,0.3875,0.36375,0.41125,2,0.0,0.0,0.0
groups,quality_spherical_n800_g4_d4_noise0,spherical,800,4,4,0,5,20,1,hgp_exclusive_point_routing,2,0,0,2,0.5321000149710735,0.3033468581093482,0.7608531718327989,2,0.6036596967086638,0.4824899639789073,0.7248294294384204,2,0.5321000149710735,0.3033468581093482,0.7608531718327989,2,0.537442713470479,0.30370924455966025,0.7711761823812977,2,0.6040439162650921,0.31505747097220393,0.8930303615579803,2,0.9293750000000001,0.89875,0.96,2,3,2,4,2,56.5,32,81,0,,,,0,,,,0,,,,2,0.6440769762963054,0.3300623624358034,0.9580915901568076,2,0.6681250000000001,0.475,0.8612500000000001,2,0.6350796465715244,0.36340206185567014,0.9067572312873786,2,0.7265335245711637,0.4947916666666667,0.9582753824756607,2,0.668125,0.475,0.86125,2,0.6959348255431205,0.4846938775510204,0.9071757735352205,2,0,0,0,2,0.0,0.0,0.0,2,534.5,380,689,2,-1,-2,0,2,1,0,2,2,0.07062500000000001,0.04,0.10125,2,32.01599899875873,31.09697999752825,32.93501799998921
groups,quality_spherical_n800_g4_d4_noise0,spherical,800,4,4,0,5,20,1,hgp_first_coverage,2,0,0,2,0.5272176187495402,0.30453161035644777,0.7499036271426326,2,0.6001687866569199,0.47812018232107567,0.722217390992764,2,0.5272176187495402,0.30453161035644777,0.7499036271426326,2,0.5341649405697868,0.3049937823308695,0.7633360988087042,2,0.6114068284021316,0.31756741064571337,0.9052462461585498,2,0.92,0.88375,0.95625,2,3,2,4,2,64,35,93,0,,,,0,,,,0,,,,2,0.6458381336122185,0.3284763558201058,0.9631999114043313,2,0.661875,0.47250000000000003,0.8512500000000001,2,0.6326890780206256,0.36214487318792565,0.9032332828533254,2,0.7286712704883933,0.49411764705882355,0.9632248939179632,2,0.661875,0.4725,0.85125,2,0.6934247208447903,0.4830670926517572,0.9037823490378235,2,0,0,0,2,0.0,0.0,0.0,2,529.5,378,681,2,-1,-2,0,2,1,0,2,2,0.08,0.04375,0.11625,2,18.012098998951842,17.873364999104524,18.15083299879916
groups,quality_spherical_n800_g4_d4_noise0,spherical,800,4,4,0,5,20,1,hgp_weighted_full_vote,2,0,0,2,0.5357412252768528,0.3033468581093482,0.7681355924443574,2,0.6065602655306923,0.4824899639789073,0.7306305670824772,2,0.5357412252768528,0.3033468581093482,0.7681355924443574,2,0.540695152146941,0.30370924455966025,0.7776810597342217,2,0.6043410917289549,0.31505747097220393,0.8936247124857057,2,0.931875,0.90375,0.96,2,3,2,4,2,54.5,32,77,0,,,,0,,,,0,,,,2,0.6441799495180682,0.3300623624358034,0.9582975366003331,2,0.670625,0.475,0.86625,2,0.6365315916482495,0.36340206185567014,0.9096611214408288,2,0.7266489453665284,0.4947916666666667,0.9585062240663901,2,0.670625,0.475,0.86625,2,0.6973699197341444,0.4846938775510204,0.9100459619172685,2,0,0,0,2,0.0,0.0,0.0,2,536.5,380,693,2,-1,-2,0,2,1,0,2,2,0.068125,0.04,0.09625,2,865.631835999011,856.3659349965747,874.8977370014472
groups,quality_spherical_n800_g4_d4_noise0,spherical,800,4,4,0,5,20,2,hdbscan_common,2,0,0,2,0.36936264400218866,0.3289586947520277,0.40976659325234954,2,0.5440020732700528,0.5217541930938995,0.5662499534462062,2,0.36936264400218866,0.3289586947520277,0.40976659325234954,2,0.4504899971013466,0.41851113324151107,0.4824688609611821,2,0.9410573111379277,0.9407631482623895,0.9413514740134659,2,0.609375,0.58625,0.6325,2,4,4,4,2,312.5,294,331,0,,,,0,,,,0,,,,2,0.9757226205029736,0.9756505283967901,0.9757947126091572,2,0.595,0.5725,0.6174999999999999,2,0.7346729963296526,0.7188949334769537,0.7504510591823514,2,0.9764152135988606,0.9762845849802372,0.976545842217484,2,0.595,0.5725,0.6175,2,0.7391683169272691,0.7218282111899134,0.7565084226646248,2,0,0,0,2,0.0,0.0,0.0,2,476,458,494,2,0,0,0,2,0,0,0,2,0.390625,0.3675,0.41375,2,15.88594450004166,15.65827499871375,16.11361400136957
groups,quality_spherical_n800_g4_d4_noise0,spherical,800,4,4,0,5,20,2,hgp_exclusive_point_routing,2,0,0,2,0.7094438045801692,0.6580344373275394,0.7608531718327989,2,0.7060116442770434,0.6871938591156663,0.7248294294384204,2,0.7094438045801692,0.6580344373275394,0.7608531718327989,2,0.7244724464555603,0.6777687105298229,0.7711761823812977,2,0.9003517984840044,0.8930303615579803,0.9076732354100284,2,0.85375,0.80875,0.89875,2,4.5,4,5,2,117,81,153,0,,,,0,,,,0,,,,2,0.9663931044582241,0.9580915901568076,0.9746946187596406,2,0.81,0.75875,0.8612500000000001,2,0.8742936320700244,0.8418300328526702,0.9067572312873786,2,0.9482257901559138,0.9381761978361669,0.9582753824756607,2,0.81,0.75875,0.86125,2,0.8730764838650532,0.8389771941948859,0.9071757735352205,2,0,0,0,2,0.0,0.0,0.0,2,648,607,689,2,0.5,0,1,2,0.5,0,1,2,0.14625,0.10125,0.19125,2,23.61308649960847,23.333254997851327,23.892918001365615
groups,quality_spherical_n800_g4_d4_noise0,spherical,800,4,4,0,5,20,2,hgp_first_coverage,2,0,0,2,0.7009409635100725,0.6519782998775124,0.7499036271426326,2,0.7012870784432467,0.6803567658937293,0.722217390992764,2,0.7009409635100725,0.6519782998775124,0.7499036271426326,2,0.7179696093014913,0.6726031197942784,0.7633360988087042,2,0.9050392253663375,0.9048322045741254,0.9052462461585498,2,0.845,0.80625,0.88375,2,4.5,4,5,2,124,93,155,0,,,,0,,,,0,,,,2,0.9683058863433562,0.9631999114043313,0.9734118612823811,2,0.8043750000000001,0.7575000000000001,0.8512500000000001,2,0.8722090220339251,0.8411847612145248,0.9032332828533254,2,0.9513798888194467,0.9395348837209302,0.9632248939179632,2,0.804375,0.7575,0.85125,2,0.8712683371486696,0.8387543252595155,0.9037823490378235,2,0,0,0,2,0.0,0.0,0.0,2,643.5,606,681,2,0.5,0,1,2,0.5,0,1,2,0.155,0.11625,0.19375,2,15.161258001171518,14.226936000341084,16.095580002001952
groups,quality_spherical_n800_g4_d4_noise0,spherical,800,4,4,0,5,20,2,hgp_weighted_full_vote,2,0,0,2,0.5357412252768528,0.3033468581093482,0.7681355924443574,2,0.6065602655306923,0.4824899639789073,0.7306305670824772,2,0.5357412252768528,0.3033468581093482,0.7681355924443574,2,0.540695152146941,0.30370924455966025,0.7776810597342217,2,0.6043410917289549,0.31505747097220393,0.8936247124857057,2,0.931875,0.90375,0.96,2,3,2,4,2,54.5,32,77,0,,,,0,,,,0,,,,2,0.6441799495180682,0.3300623624358034,0.9582975366003331,2,0.670625,0.475,0.86625,2,0.6365315916482495,0.36340206185567014,0.9096611214408288,2,0.7266489453665284,0.4947916666666667,0.9585062240663901,2,0.670625,0.475,0.86625,2,0.6973699197341444,0.4846938775510204,0.9100459619172685,2,0,0,0,2,0.0,0.0,0.0,2,536.5,380,693,2,-1,-2,0,2,1,0,2,2,0.068125,0.04,0.09625,2,936.802494501535,920.6108400030644,952.9941490000056
groups,quality_spherical_n800_g4_d4_noise0,spherical,800,4,4,0,5,50,1,hdbscan_common,2,0,0,2,0.2928871577976484,0.2568156208432691,0.3289586947520277,2,0.44841368147153143,0.3750731698491634,0.5217541930938995,2,0.2928871577976484,0.2568156208432691,0.3289586947520277,2,0.34213082596319866,0.2657505186848863,0.41851113324151107,2,0.6320514765197466,0.32275147902602735,0.9413514740134659,2,0.7037500000000001,0.58625,0.82125,2,3,2,4,2,237,143,331,0,,,,0,,,,0,,,,2,0.6536734954845163,0.33155227835987533,0.9757947126091572,2,0.495,0.4175,0.5725,2,0.5323318585678521,0.3457687836587507,0.7188949334769537,2,0.7424586136505988,0.5083713850837138,0.976545842217484,2,0.495,0.4175,0.5725,2,0.5901522661989375,0.45847632120796156,0.7218282111899134,2,0,0,0,2,0.0,0.0,0.0,2,396,334,458,2,-1,-2,0,2,1,0,2,2,0.29625,0.17875,0.41375,2,16.572890499446657,15.92141599758179,17.224365001311526
groups,quality_spherical_n800_g4_d4_noise0,spherical,800,4,4,0,5,50,1,hdbscan_standard,2,0,0,2,0.2923142827897619,0.25625592371429273,0.32837264186523113,2,0.4447043124599991,0.37259372452782175,0.5168149003921765,2,0.2923142827897619,0.25625592371429273,0.32837264186523113,2,0.3408986320195448,0.2650915071426554,0.4167057568964342,2,0.6261118968684798,0.3215121451006206,0.9307116486363389,2,0.705625,0.58875,0.8225,2,3,2,4,2,235.5,142,329,0,,,,0,,,,0,,,,2,0.6509771110938278,0.3300913448052978,0.9718628773823579,2,0.495,0.4175,0.5725,2,0.5314549313174693,0.34516575511539965,0.7177441075195391,2,0.7399989674688143,0.5075987841945289,0.9723991507430998,2,0.495,0.4175,0.5725,2,0.5894271168916388,0.45816186556927296,0.7206923682140047,2,0,0,0,2,0.0,0.0,0.0,2,396,334,458,2,-1,-2,0,2,1,0,2,2,0.294375,0.1775,0.41125,2,0.0,0.0,0.0
groups,quality_spherical_n800_g4_d4_noise0,spherical,800,4,4,0,5,50,1,hgp_exclusive_point_routing,2,0,0,2,0.7463584923581571,0.7318638128835153,0.7608531718327989,2,0.7277593577780453,0.7248294294384204,0.7306892861176703,2,0.7463584923581571,0.7318638128835153,0.7608531718327989,2,0.761939975133999,0.7527037678867005,0.7711761823812977,2,0.9162879159001961,0.8930303615579803,0.9395454702424119,2,0.8756250000000001,0.8525,0.89875,2,4,4,4,2,99.5,81,118,0,,,,0,,,,0,,,,2,0.9673517681784893,0.9580915901568076,0.976611946200171,2,0.846875,0.8325,0.8612500000000001,2,0.9023001366852934,0.8978430420832081,0.9067572312873786,2,0.967407485959238,0.9582753824756607,0.9765395894428153,2,0.846875,0.8325,0.86125,2,0.9029805993182176,0.8987854251012146,0.9071757735352205,2,0,0,0,2,0.0,0.0,0.0,2,677.5,666,689,2,0,0,0,2,0,0,0,2,0.124375,0.10125,0.1475,2,25.35605199773272,24.696917993423995,26.015186002041446
groups,quality_spherical_n800_g4_d4_noise0,spherical,800,4,4,0,5,50,1,hgp_first_coverage,2,0,0,2,0.7356156450532074,0.7213276629637823,0.7499036271426326,2,0.7216715576555635,0.721125724318363,0.722217390992764,2,0.7356156450532074,0.7213276629637823,0.7499036271426326,2,0.753217965597798,0.7430998323868916,0.7633360988087042,2,0.9202582035735554,0.9052462461585498,0.9352701609885609,2,0.8656250000000001,0.8475,0.88375,2,4,4,4,2,107.5,93,122,0,,,,0,,,,0,,,,2,0.9691929831175498,0.9631999114043313,0.9751860548307683,2,0.8387500000000001,0.82625,0.8512500000000001,2,0.8982888342404979,0.8933443856276704,0.9032332828533254,2,0.9690755738026394,0.9632248939179632,0.9749262536873157,2,0.83875,0.82625,0.85125,2,0.8991171555743922,0.8944519621109608,0.9037823490378235,2,0,0,0,2,0.0,0.0,0.0,2,671,661,681,2,0,0,0,2,0,0,0,2,0.134375,0.11625,0.1525,2,15.08145900334057,13.679615000000922,16.483303006680217
groups,quality_spherical_n800_g4_d4_noise0,spherical,800,4,4,0,5,50,1,hgp_weighted_full_vote,2,0,0,2,0.5357412252768528,0.3033468581093482,0.7681355924443574,2,0.6065602655306923,0.4824899639789073,0.7306305670824772,2,0.5357412252768528,0.3033468581093482,0.7681355924443574,2,0.540695152146941,0.30370924455966025,0.7776810597342217,2,0.6043410917289549,0.31505747097220393,0.8936247124857057,2,0.931875,0.90375,0.96,2,3,2,4,2,54.5,32,77,0,,,,0,,,,0,,,,2,0.6441799495180682,0.3300623624358034,0.9582975366003331,2,0.670625,0.475,0.86625,2,0.6365315916482495,0.36340206185567014,0.9096611214408288,2,0.7266489453665284,0.4947916666666667,0.9585062240663901,2,0.670625,0.475,0.86625,2,0.6973699197341444,0.4846938775510204,0.9100459619172685,2,0,0,0,2,0.0,0.0,0.0,2,536.5,380,693,2,-1,-2,0,2,1,0,2,2,0.068125,0.04,0.09625,2,924.1162855032599,923.9467090010294,924.2858620054903
groups,quality_spherical_n800_g4_d4_noise0,spherical,800,4,4,0,5,50,2,hdbscan_common,2,0,0,2,0.36936264400218866,0.3289586947520277,0.40976659325234954,2,0.5440020732700528,0.5217541930938995,0.5662499534462062,2,0.36936264400218866,0.3289586947520277,0.40976659325234954,2,0.4504899971013466,0.41851113324151107,0.4824688609611821,2,0.9410573111379277,0.9407631482623895,0.9413514740134659,2,0.609375,0.58625,0.6325,2,4,4,4,2,312.5,294,331,0,,,,0,,,,0,,,,2,0.9757226205029736,0.9756505283967901,0.9757947126091572,2,0.595,0.5725,0.6174999999999999,2,0.7346729963296526,0.7188949334769537,0.7504510591823514,2,0.9764152135988606,0.9762845849802372,0.976545842217484,2,0.595,0.5725,0.6175,2,0.7391683169272691,0.7218282111899134,0.7565084226646248,2,0,0,0,2,0.0,0.0,0.0,2,476,458,494,2,0,0,0,2,0,0,0,2,0.390625,0.3675,0.41375,2,16.838956502397195,15.85707599952002,17.82083700527437
groups,quality_spherical_n800_g4_d4_noise0,spherical,800,4,4,0,5,50,2,hgp_exclusive_point_routing,2,0,0,2,0.7463584923581571,0.7318638128835153,0.7608531718327989,2,0.7277593577780453,0.7248294294384204,0.7306892861176703,2,0.7463584923581571,0.7318638128835153,0.7608531718327989,2,0.761939975133999,0.7527037678867005,0.7711761823812977,2,0.9162879159001961,0.8930303615579803,0.9395454702424119,2,0.8756250000000001,0.8525,0.89875,2,4,4,4,2,99.5,81,118,0,,,,0,,,,0,,,,2,0.9673517681784893,0.9580915901568076,0.976611946200171,2,0.846875,0.8325,0.8612500000000001,2,0.9023001366852934,0.8978430420832081,0.9067572312873786,2,0.967407485959238,0.9582753824756607,0.9765395894428153,2,0.846875,0.8325,0.86125,2,0.9029805993182176,0.8987854251012146,0.9071757735352205,2,0,0,0,2,0.0,0.0,0.0,2,677.5,666,689,2,0,0,0,2,0,0,0,2,0.124375,0.10125,0.1475,2,24.19246199860936,23.33790400007274,25.04701999714598
groups,quality_spherical_n800_g4_d4_noise0,spherical,800,4,4,0,5,50,2,hgp_first_coverage,2,0,0,2,0.7356156450532074,0.7213276629637823,0.7499036271426326,2,0.7216715576555635,0.721125724318363,0.722217390992764,2,0.7356156450532074,0.7213276629637823,0.7499036271426326,2,0.753217965597798,0.7430998323868916,0.7633360988087042,2,0.9202582035735554,0.9052462461585498,0.9352701609885609,2,0.8656250000000001,0.8475,0.88375,2,4,4,4,2,107.5,93,122,0,,,,0,,,,0,,,,2,0.9691929831175498,0.9631999114043313,0.9751860548307683,2,0.8387500000000001,0.82625,0.8512500000000001,2,0.8982888342404979,0.8933443856276704,0.9032332828533254,2,0.9690755738026394,0.9632248939179632,0.9749262536873157,2,0.83875,0.82625,0.85125,2,0.8991171555743922,0.8944519621109608,0.9037823490378235,2,0,0,0,2,0.0,0.0,0.0,2,671,661,681,2,0,0,0,2,0,0,0,2,0.134375,0.11625,0.1525,2,14.88831450296857,13.690126001165481,16.086503004771657
groups,quality_spherical_n800_g4_d4_noise0,spherical,800,4,4,0,5,50,2,hgp_weighted_full_vote,2,0,0,2,0.5357412252768528,0.3033468581093482,0.7681355924443574,2,0.6065602655306923,0.4824899639789073,0.7306305670824772,2,0.5357412252768528,0.3033468581093482,0.7681355924443574,2,0.540695152146941,0.30370924455966025,0.7776810597342217,2,0.6043410917289549,0.31505747097220393,0.8936247124857057,2,0.931875,0.90375,0.96,2,3,2,4,2,54.5,32,77,0,,,,0,,,,0,,,,2,0.6441799495180682,0.3300623624358034,0.9582975366003331,2,0.670625,0.475,0.86625,2,0.6365315916482495,0.36340206185567014,0.9096611214408288,2,0.7266489453665284,0.4947916666666667,0.9585062240663901,2,0.670625,0.475,0.86625,2,0.6973699197341444,0.4846938775510204,0.9100459619172685,2,0,0,0,2,0.0,0.0,0.0,2,536.5,380,693,2,-1,-2,0,2,1,0,2,2,0.068125,0.04,0.09625,2,1091.3710495005944,915.3330190019915,1267.4090799991973
noise,quality_rings_n800_g8_d3_noise0p1,rings,800,8,3,0.1,5,20,1,hdbscan_common,2,0,0,2,0.917521649150218,0.9155159149579074,0.9195273833425287,2,0.9268823044136638,0.9256222875869887,0.9281423212403388,2,1.0,1.0,1.0,2,1.0,1.0,1.0,2,0.9387958455829326,0.9369040980562403,0.9406875931096248,2,0.94375,0.9425,0.945,2,8,8,8,2,45,44,46,2,1.0,1.0,1.0,2,0.5625,0.55,0.575,2,0.7199180747567844,0.7096774193548387,0.7301587301587301,2,0.9543080301771613,0.9530487512027401,0.9555673091515824,2,1.0,1.0,1.0,2,0.9764498948523195,0.9757889725801229,0.9771108171245162,2,0.9536440570923329,0.9523809523809523,0.9549071618037135,2,1.0,1.0,1.0,2,0.976271635172254,0.975609756097561,0.9769335142469471,2,0.5,0,1,2,0.0625,0.0,0.125,2,720,720,720,2,0,0,0,2,0,0,0,2,0.05625,0.055,0.0575,2,16.02484899922274,16.010853003535885,16.038844994909596
noise,quality_rings_n800_g8_d3_noise0p1,rings,800,8,3,0.1,5,20,1,hdbscan_standard,2,0,0,2,0.9155628072320317,0.9115982311215346,0.9195273833425287,2,0.9254046708895882,0.9226670205388378,0.9281423212403388,2,1.0,1.0,1.0,2,1.0,1.0,1.0,2,0.9368964055605042,0.9331052180113838,0.9406875931096248,2,0.9450000000000001,0.9425,0.9475,2,8,8,8,2,44,42,46,2,1.0,1.0,1.0,2,0.55,0.525,0.575,2,0.7093416601613323,0.6885245901639344,0.7301587301587301,2,0.9530613546452463,0.9505554001389103,0.9555673091515824,2,1.0,1.0,1.0,2,0.9757924614722354,0.9744741058199546,0.9771108171245162,2,0.9523876178411708,0.9498680738786279,0.9549071618037135,2,1.0,1.0,1.0,2,0.9756115473805778,0.9742895805142084,0.9769335142469471,2,0.5,0,1,2,0.0625,0.0,0.125,2,720,720,720,2,0,0,0,2,0,0,0,2,0.055,0.0525,0.0575,2,0.0,0.0,0.0
noise,quality_rings_n800_g8_d3_noise0p1,rings,800,8,3,0.1,5,20,1,hgp_exclusive_point_routing,2,0,0,2,0.8950860956353068,0.8832450888001631,0.9069271024704507,2,0.9085330160154322,0.8988966960334388,0.9181693359974257,2,0.9984060193196884,0.9968120386393767,1.0,2,0.9984060193196884,0.9968120386393767,1.0,2,0.9150668870328524,0.9018368237601391,0.9282969503055658,2,0.958125,0.94875,0.9675,2,8,8,8,2,33.5,26,41,2,1.0,1.0,1.0,2,0.41874999999999996,0.325,0.5125,2,0.584125994074536,0.49056603773584906,0.6776859504132231,2,0.9395648020808751,0.930834064854381,0.9482955393073692,2,0.9993055555555556,0.9986111111111111,1.0,2,0.9682772597799804,0.9640244178603483,0.9725301016996124,2,0.9387658179366976,0.9302325581395349,0.9472990777338604,2,0.9993055555555556,0.9986111111111111,1.0,2,0.9680669941429002,0.963855421686747,0.9722785665990534,2,0,0,0,2,0.0,0.0,0.0,2,719.5,719,720,2,0,0,0,2,0,0,0,2,0.041874999999999996,0.0325,0.05125,2,30.189794499165146,28.620903998671565,31.758684999658726
noise,quality_rings_n800_g8_d3_noise0p1,rings,800,8,3,0.1,5,20,1,hgp_first_coverage,2,0,0,2,0.8929596938319206,0.8833128879851642,0.9026064996786772,2,0.9081307861500721,0.8992739625877446,0.9169876097123997,2,1.0,1.0,1.0,2,1.0,1.0,1.0,2,0.9129276761261965,0.9019059696513816,0.9239493826010114,2,0.9606250000000001,0.95375,0.9675,2,8,8,8,2,31.5,26,37,2,1.0,1.0,1.0,2,0.39375000000000004,0.325,0.4625,2,0.5615223351072407,0.49056603773584906,0.6324786324786325,2,0.9379655567626332,0.9309358342855577,0.9449952792397086,2,1.0,1.0,1.0,2,0.9677139267342484,0.9640523937488625,0.9713754597196342,2,0.9369380352951934,0.9302325581395349,0.9436435124508519,2,1.0,1.0,1.0,2,0.9674300709242906,0.963855421686747,0.9710047201618341,2,0,0,0,2,0.0,0.0,0.0,2,720,720,720,2,0,0,0,2,0,0,0,2,0.039375,0.0325,0.04625,2,17.4238969993894,17.32236799580278,17.52542600297602
noise,quality_rings_n800_g8_d3_noise0p1,rings,800,8,3,0.1,5,20,1,hgp_weighted_full_vote,2,0,0,2,0.8835666407968121,0.8722676502598505,0.8948656313337737,2,0.9029303701181565,0.8940454888194203,0.9118152514168927,2,0.9984060193196884,0.9968120386393767,1.0,2,0.9984060193196884,0.9968120386393767,1.0,2,0.9012901256132009,0.8869185919926155,0.9156616592337863,2,0.9675,0.9575,0.9775,2,8,8,8,2,26,18,34,2,1.0,1.0,1.0,2,0.325,0.225,0.425,2,0.48191908342284284,0.3673469387755102,0.5964912280701754,2,0.9318089475264218,0.9228023874844489,0.9408155075683948,2,0.9993055555555556,0.9986111111111111,1.0,2,0.9638011005691804,0.9593201296526438,0.968282071485717,2,0.9296792050910498,0.9207161125319693,0.9386422976501305,2,0.9993055555555556,0.9986111111111111,1.0,2,0.9632101119548095,0.9587217043941412,0.9676985195154778,2,0,0,0,2,0.0,0.0,0.0,2,719.5,719,720,2,0,0,0,2,0,0,0,2,0.0325,0.0225,0.0425,2,238.06284599777428,221.1384559996077,254.98723599594086
noise,quality_rings_n800_g8_d3_noise0p1,rings,800,8,3,0.1,5,20,2,hdbscan_common,2,0,0,2,0.8437332821851651,0.786874360303468,0.9005922040668622,2,0.8967345287413431,0.8721137202357577,0.9213553372469284,2,0.8929140194804959,0.8239540435742659,0.9618739953867259,2,0.8931646653749256,0.824511877446894,0.9618174533029571,2,0.870996492998482,0.8181545764772511,0.923838409519713,2,0.915625,0.90375,0.9275,2,11,9,13,2,67.5,58,77,2,0.8897223466188984,0.8311688311688312,0.9482758620689655,2,0.74375,0.6875,0.8,2,0.806194036739592,0.7971014492753623,0.8152866242038217,2,0.9731079510754481,0.9669309455152189,0.9792849566356773,2,0.8611111111111112,0.775,0.9472222222222222,2,0.8945992128576084,0.8395859318636717,0.9496124938515451,2,0.8454608493362115,0.7717842323651453,0.9191374663072777,2,0.8611111111111112,0.775,0.9472222222222222,2,0.8531786548202417,0.7733887733887734,0.93296853625171,2,0.5,0,1,2,0.0625,0.0,0.125,2,620,558,682,2,3,1,5,2,3,1,5,2,0.084375,0.0725,0.09625,2,16.23785049741855,16.235991999565158,16.23970899527194
noise,quality_rings_n800_g8_d3_noise0p1,rings,800,8,3,0.1,5,20,2,hgp_exclusive_point_routing,2,0,0,2,0.7786119637615453,0.6947373122113906,0.8624866153117,2,0.8602015835556301,0.829364523273388,0.8910386438378722,2,0.8496020817560809,0.745482522996329,0.9537216405158327,2,0.8485076613664562,0.7452991642712723,0.9517161584616399,2,0.8157838176842407,0.7226803006991109,0.9088873346693704,2,0.923125,0.91875,0.9275,2,12.5,9,16,2,61.5,58,65,2,0.7783819628647215,0.7413793103448276,0.8153846153846154,2,0.6,0.5375,0.6625,2,0.6771114442778611,0.6231884057971014,0.7310344827586207,2,0.9574601597349324,0.9520313362725844,0.9628889831972802,2,0.8034722222222223,0.6736111111111112,0.9333333333333333,2,0.8421607390935612,0.7537536942296967,0.9305677839574256,2,0.7827621614683609,0.6598639455782312,0.9056603773584906,2,0.8034722222222223,0.6736111111111112,0.9333333333333333,2,0.7929776561787505,0.6666666666666666,0.9192886456908345,2,0,0,0,2,0.0,0.0,0.0,2,578.5,485,672,2,4.5,1,8,2,4.5,1,8,2,0.076875,0.0725,0.08125,2,20.609361501556123,20.03248100663768,21.186241996474564
noise,quality_rings_n800_g8_d3_noise0p1,rings,800,8,3,0.1,5,20,2,hgp_first_coverage,2,0,0,2,0.7437302444045015,0.6318913610898604,0.8555691277191427,2,0.8472973815871103,0.8077050164646066,0.886889746709614,2,0.8137480742298902,0.6747287705065886,0.9527673779531916,2,0.8118993554072825,0.6736336393262479,0.9501650714883172,2,0.7930259421086516,0.6819499966634381,0.9041018875538651,2,0.909375,0.89,0.92875,2,13,9,17,2,72.5,57,88,2,0.6861044657097288,0.6704545454545454,0.7017543859649122,2,0.61875,0.5,0.7375,2,0.6431612791101842,0.583941605839416,0.7023809523809523,2,0.9614516999529201,0.9485254461203247,0.9743779537855155,2,0.7680555555555555,0.6055555555555555,0.9305555555555556,2,0.81899868817543,0.7119076603902519,0.9260897159606081,2,0.7570546070440214,0.6123595505617978,0.901749663526245,2,0.7680555555555555,0.6055555555555555,0.9305555555555556,2,0.7624323632850536,0.6089385474860335,0.9159261790840738,2,0,0,0,2,0.0,0.0,0.0,2,553,436,670,2,5,1,9,2,5,1,9,2,0.090625,0.07125,0.11,2,13.318757999513764,13.065530998574104,13.571985000453424
noise,quality_rings_n800_g8_d3_noise0p1,rings,800,8,3,0.1,5,20,2,hgp_weighted_full_vote,2,0,0,2,0.813043205061369,0.7716664738967444,0.8544199362259934,2,0.874648230272339,0.8624163217375241,0.8868801388071538,2,0.915370427385272,0.8755141736612236,0.9552266811093203,2,0.914741852860643,0.8755141736612236,0.9539695320600624,2,0.8412715785090666,0.7880081253866555,0.8945350316314777,2,0.953125,0.94,0.96625,2,10.5,9,12,2,37.5,27,48,2,0.875,0.75,1.0,2,0.39375000000000004,0.3375,0.45,2,0.5335864485981308,0.5046728971962616,0.5625,2,0.9391686752896837,0.9337841832200199,0.9445531673593476,2,0.8840277777777779,0.8319444444444445,0.9361111111111111,2,0.8913986104714908,0.853978333099291,0.9288188878436907,2,0.8355897855825604,0.7749029754204398,0.8962765957446809,2,0.8840277777777779,0.8319444444444445,0.9361111111111111,2,0.8590860610384694,0.8024112525117214,0.9157608695652174,2,0,0,0,2,0.0,0.0,0.0,2,636.5,599,674,2,2.5,1,4,2,2.5,1,4,2,0.046875,0.03375,0.06,2,233.9990129985381,218.88568400026998,249.1123419968062
noise,quality_rings_n800_g8_d3_noise0p1,rings,800,8,3,0.1,5,50,1,hdbscan_common,2,0,0,2,0.917521649150218,0.9155159149579074,0.9195273833425287,2,0.9268823044136638,0.9256222875869887,0.9281423212403388,2,1.0,1.0,1.0,2,1.0,1.0,1.0,2,0.9387958455829326,0.9369040980562403,0.9406875931096248,2,0.94375,0.9425,0.945,2,8,8,8,2,45,44,46,2,1.0,1.0,1.0,2,0.5625,0.55,0.575,2,0.7199180747567844,0.7096774193548387,0.7301587301587301,2,0.9543080301771613,0.9530487512027401,0.9555673091515824,2,1.0,1.0,1.0,2,0.9764498948523195,0.9757889725801229,0.9771108171245162,2,0.9536440570923329,0.9523809523809523,0.9549071618037135,2,1.0,1.0,1.0,2,0.976271635172254,0.975609756097561,0.9769335142469471,2,0.5,0,1,2,0.0625,0.0,0.125,2,720,720,720,2,0,0,0,2,0,0,0,2,0.05625,0.055,0.0575,2,17.605215503863292,15.757400004076771,19.453031003649812
noise,quality_rings_n800_g8_d3_noise0p1,rings,800,8,3,0.1,5,50,1,hdbscan_standard,2,0,0,2,0.9155628072320317,0.9115982311215346,0.9195273833425287,2,0.9254046708895882,0.9226670205388378,0.9281423212403388,2,1.0,1.0,1.0,2,1.0,1.0,1.0,2,0.9368964055605042,0.9331052180113838,0.9406875931096248,2,0.9450000000000001,0.9425,0.9475,2,8,8,8,2,44,42,46,2,1.0,1.0,1.0,2,0.55,0.525,0.575,2,0.7093416601613323,0.6885245901639344,0.7301587301587301,2,0.9530613546452463,0.9505554001389103,0.9555673091515824,2,1.0,1.0,1.0,2,0.9757924614722354,0.9744741058199546,0.9771108171245162,2,0.9523876178411708,0.9498680738786279,0.9549071618037135,2,1.0,1.0,1.0,2,0.9756115473805778,0.9742895805142084,0.9769335142469471,2,0.5,0,1,2,0.0625,0.0,0.125,2,720,720,720,2,0,0,0,2,0,0,0,2,0.055,0.0525,0.0575,2,0.0,0.0,0.0
noise,quality_rings_n800_g8_d3_noise0p1,rings,800,8,3,0.1,5,50,1,hgp_exclusive_point_routing,2,0,0,2,0.8950860956353068,0.8832450888001631,0.9069271024704507,2,0.9085330160154322,0.8988966960334388,0.9181693359974257,2,0.9984060193196884,0.9968120386393767,1.0,2,0.9984060193196884,0.9968120386393767,1.0,2,0.9150668870328524,0.9018368237601391,0.9282969503055658,2,0.958125,0.94875,0.9675,2,8,8,8,2,33.5,26,41,2,1.0,1.0,1.0,2,0.41874999999999996,0.325,0.5125,2,0.584125994074536,0.49056603773584906,0.6776859504132231,2,0.9395648020808751,0.930834064854381,0.9482955393073692,2,0.9993055555555556,0.9986111111111111,1.0,2,0.9682772597799804,0.9640244178603483,0.9725301016996124,2,0.9387658179366976,0.9302325581395349,0.9472990777338604,2,0.9993055555555556,0.9986111111111111,1.0,2,0.9680669941429002,0.963855421686747,0.9722785665990534,2,0,0,0,2,0.0,0.0,0.0,2,719.5,719,720,2,0,0,0,2,0,0,0,2,0.041874999999999996,0.0325,0.05125,2,20.438748000742635,20.053710002684966,20.823785998800304
noise,quality_rings_n800_g8_d3_noise0p1,rings,800,8,3,0.1,5,50,1,hgp_first_coverage,2,0,0,2,0.8929596938319206,0.8833128879851642,0.9026064996786772,2,0.9081307861500721,0.8992739625877446,0.9169876097123997,2,1.0,1.0,1.0,2,1.0,1.0,1.0,2,0.9129276761261965,0.9019059696513816,0.9239493826010114,2,0.9606250000000001,0.95375,0.9675,2,8,8,8,2,31.5,26,37,2,1.0,1.0,1.0,2,0.39375000000000004,0.325,0.4625,2,0.5615223351072407,0.49056603773584906,0.6324786324786325,2,0.9379655567626332,0.9309358342855577,0.9449952792397086,2,1.0,1.0,1.0,2,0.9677139267342484,0.9640523937488625,0.9713754597196342,2,0.9369380352951934,0.9302325581395349,0.9436435124508519,2,1.0,1.0,1.0,2,0.9674300709242906,0.963855421686747,0.9710047201618341,2,0,0,0,2,0.0,0.0,0.0,2,720,720,720,2,0,0,0,2,0,0,0,2,0.039375,0.0325,0.04625,2,13.781581001239829,13.064648999716155,14.498513002763502
noise,quality_rings_n800_g8_d3_noise0p1,rings,800,8,3,0.1,5,50,1,hgp_weighted_full_vote,2,0,0,2,0.8835666407968121,0.8722676502598505,0.8948656313337737,2,0.9029303701181565,0.8940454888194203,0.9118152514168927,2,0.9984060193196884,0.9968120386393767,1.0,2,0.9984060193196884,0.9968120386393767,1.0,2,0.9012901256132009,0.8869185919926155,0.9156616592337863,2,0.9675,0.9575,0.9775,2,8,8,8,2,26,18,34,2,1.0,1.0,1.0,2,0.325,0.225,0.425,2,0.48191908342284284,0.3673469387755102,0.5964912280701754,2,0.9318089475264218,0.9228023874844489,0.9408155075683948,2,0.9993055555555556,0.9986111111111111,1.0,2,0.9638011005691804,0.9593201296526438,0.968282071485717,2,0.9296792050910498,0.9207161125319693,0.9386422976501305,2,0.9993055555555556,0.9986111111111111,1.0,2,0.9632101119548095,0.9587217043941412,0.9676985195154778,2,0,0,0,2,0.0,0.0,0.0,2,719.5,719,720,2,0,0,0,2,0,0,0,2,0.0325,0.0225,0.0425,2,229.14896099973703,223.78386800119188,234.51405399828218
noise,quality_rings_n800_g8_d3_noise0p1,rings,800,8,3,0.1,5,50,2,hdbscan_common,2,0,0,2,0.917521649150218,0.9155159149579074,0.9195273833425287,2,0.9268823044136638,0.9256222875869887,0.9281423212403388,2,1.0,1.0,1.0,2,1.0,1.0,1.0,2,0.9387958455829326,0.9369040980562403,0.9406875931096248,2,0.94375,0.9425,0.945,2,8,8,8,2,45,44,46,2,1.0,1.0,1.0,2,0.5625,0.55,0.575,2,0.7199180747567844,0.7096774193548387,0.7301587301587301,2,0.9543080301771613,0.9530487512027401,0.9555673091515824,2,1.0,1.0,1.0,2,0.9764498948523195,0.9757889725801229,0.9771108171245162,2,0.9536440570923329,0.9523809523809523,0.9549071618037135,2,1.0,1.0,1.0,2,0.976271635172254,0.975609756097561,0.9769335142469471,2,0.5,0,1,2,0.0625,0.0,0.125,2,720,720,720,2,0,0,0,2,0,0,0,2,0.05625,0.055,0.0575,2,16.566097998293117,16.03879500180483,17.093400994781405
noise,quality_rings_n800_g8_d3_noise0p1,rings,800,8,3,0.1,5,50,2,hgp_exclusive_point_routing,2,0,0,2,0.8956024572179901,0.8832450888001631,0.9079598256358172,2,0.9095302596751407,0.8988966960334388,0.9201638233168427,2,1.0,1.0,1.0,2,1.0,1.0,1.0,2,0.9156603185008557,0.9018368237601391,0.9294838132415724,2,0.95875,0.95,0.9675,2,8,8,8,2,33,26,40,2,1.0,1.0,1.0,2,0.4125,0.325,0.5,2,0.5786163522012578,0.49056603773584906,0.6666666666666666,2,0.9395967152513652,0.930834064854381,0.9483593656483494,2,1.0,1.0,1.0,2,0.9686332275091715,0.9640244178603483,0.9732420371579946,2,0.9388004895960832,0.9302325581395349,0.9473684210526315,2,1.0,1.0,1.0,2,0.96841419732986,0.963855421686747,0.972972972972973,2,0,0,0,2,0.0,0.0,0.0,2,720,720,720,2,0,0,0,2,0,0,0,2,0.04125,0.0325,0.05,2,22.038987000996713,19.92633299960289,24.151641002390534
noise,quality_rings_n800_g8_d3_noise0p1,rings,800,8,3,0.1,5,50,2,hgp_first_coverage,2,0,0,2,0.8929596938319206,0.8833128879851642,0.9026064996786772,2,0.9081307861500721,0.8992739625877446,0.9169876097123997,2,1.0,1.0,1.0,2,1.0,1.0,1.0,2,0.9129276761261965,0.9019059696513816,0.9239493826010114,2,0.9606250000000001,0.95375,0.9675,2,8,8,8,2,31.5,26,37,2,1.0,1.0,1.0,2,0.39375000000000004,0.325,0.4625,2,0.5615223351072407,0.49056603773584906,0.6324786324786325,2,0.9379655567626332,0.9309358342855577,0.9449952792397086,2,1.0,1.0,1.0,2,0.9677139267342484,0.9640523937488625,0.9713754597196342,2,0.9369380352951934,0.9302325581395349,0.9436435124508519,2,1.0,1.0,1.0,2,0.9674300709242906,0.963855421686747,0.9710047201618341,2,0,0,0,2,0.0,0.0,0.0,2,720,720,720,2,0,0,0,2,0,0,0,2,0.039375,0.0325,0.04625,2,13.816079997923225,12.990670998988207,14.641488996858243
noise,quality_rings_n800_g8_d3_noise0p1,rings,800,8,3,0.1,5,50,2,hgp_weighted_full_vote,2,0,0,2,0.8847973432431068,0.8720473091472712,0.8975473773389423,2,0.9036445314978866,0.8930869542246641,0.9142021087711091,2,1.0,1.0,1.0,2,1.0,1.0,1.0,2,0.9025822895514002,0.8866955569648638,0.9184690221379366,2,0.9675,0.9575,0.9775,2,8,8,8,2,26,18,34,2,1.0,1.0,1.0,2,0.325,0.225,0.425,2,0.48191908342284284,0.3673469387755102,0.5964912280701754,2,0.932138922193156,0.9224956268373877,0.9417822175489241,2,1.0,1.0,1.0,2,0.9643933018211843,0.9592328095998541,0.9695537940425144,2,0.9303319466054103,0.9207161125319693,0.9399477806788512,2,1.0,1.0,1.0,2,0.9638830594649037,0.9587217043941412,0.9690444145356663,2,0,0,0,2,0.0,0.0,0.0,2,720,720,720,2,0,0,0,2,0,0,0,2,0.0325,0.0225,0.0425,2,242.5987790011277,221.61172900086967,263.5858290013857
noise,quality_spherical_n800_g8_d4_noise0p1,spherical,800,8,4,0.1,5,20,1,hdbscan_common,2,0,0,2,0.19217373257676684,0.19151610133878333,0.19283136381475033,2,0.4628803728900506,0.4483380311710155,0.4774227146090857,2,0.16448406269023264,0.16280302830100785,0.16616509707945742,2,0.16658632608891466,0.16592454030629453,0.16724811187153482,2,0.17055841906955646,0.16676260083218516,0.17435423730692776,2,0.8275,0.80125,0.85375,2,3,3,3,2,138,117,159,2,0.5318497016610224,0.46540880503144655,0.5982905982905983,2,0.9,0.875,0.925,2,0.6649533802009218,0.6192468619246861,0.7106598984771574,2,0.26708683099262215,0.26666930428739516,0.26750435769784914,2,0.34375,0.3375,0.35,2,0.27098166926380096,0.26894438690644323,0.27301895162115863,2,0.3740278161638911,0.3689604685212299,0.3790951638065523,2,0.34375,0.3375,0.35,2,0.35816029783978176,0.3570903747244673,0.3592302209550962,2,0,0,0,2,0.0,0.0,0.0,2,247.5,243,252,2,-5,-5,-5,2,5,5,5,2,0.1725,0.14625,0.19875,2,17.579041996214073,15.972440996847581,19.185642995580565
noise,quality_spherical_n800_g8_d4_noise0p1,spherical,800,8,4,0.1,5,20,1,hdbscan_standard,2,0,0,2,0.19285348840050703,0.1928463253793359,0.19286065142167816,2,0.4621960019891498,0.4488625223201657,0.4755294816581338,2,0.16482688179073368,0.1636627208357106,0.16599104274575674,2,0.16678957440042907,0.16655998706841524,0.1670191617324429,2,0.17052438144680943,0.16641710739617271,0.17463165549744614,2,0.8300000000000001,0.805,0.855,2,3,3,3,2,136,116,156,2,0.5389036251105217,0.47435897435897434,0.603448275862069,2,0.9,0.875,0.925,2,0.6707021791767555,0.6271186440677966,0.7142857142857143,2,0.26557666737804797,0.2651991379075902,0.2659541968485058,2,0.34444444444444444,0.3388888888888889,0.35,2,0.27066474554904735,0.26899155734950264,0.27233793374859205,2,0.37365152010460934,0.3684210526315789,0.37888198757763975,2,0.34444444444444444,0.3388888888888889,0.35,2,0.3583728099857132,0.35777126099706746,0.358974358974359,2,0,0,0,2,0.0,0.0,0.0,2,248,244,252,2,-5,-5,-5,2,5,5,5,2,0.16999999999999998,0.145,0.195,2,0.0,0.0,0.0
noise,quality_spherical_n800_g8_d4_noise0p1,spherical,800,8,4,0.1,5,20,1,hgp_exclusive_point_routing,2,0,0,2,0.205885804574802,0.20225664247958244,0.20951496667002154,2,0.56098926050501,0.5608734924922207,0.5611050285177993,2,0.17506802681108966,0.1735840303165734,0.1765520233056059,2,0.17506507006181002,0.17357811681801413,0.1765520233056059,2,0.17044416558437248,0.16932375006719186,0.17156458110155312,2,0.91375,0.90875,0.91875,2,3,3,3,2,69,65,73,2,0.9794520547945205,0.958904109589041,1.0,2,0.84375,0.8125,0.875,2,0.9057922019382465,0.896551724137931,0.9150326797385621,2,0.2618723399647672,0.26128941689136387,0.2624552630381705,2,0.3736111111111111,0.37222222222222223,0.375,2,0.2802757281508482,0.27943120637403684,0.2811202499276596,2,0.3679925890576313,0.3673469387755102,0.3686382393397524,2,0.3736111111111111,0.37222222222222223,0.375,2,0.3707777912353323,0.3704215618521078,0.3711340206185567,2,0,0,0,2,0.0,0.0,0.0,2,269,268,270,2,-5,-5,-5,2,5,5,5,2,0.08625,0.08125,0.09125,2,36.936693999450654,31.195073999697343,42.678313999203965
noise,quality_spherical_n800_g8_d4_noise0p1,spherical,800,8,4,0.1,5,20,1,hgp_first_coverage,2,0,0,2,0.2059263535845035,0.20229165044189085,0.2095610567271162,2,0.5627252288562952,0.5610036417493728,0.5644468159632174,2,0.1752074995188182,0.17380893257701804,0.17660606646061836,2,0.17520842261603198,0.1738107787714456,0.17660606646061836,2,0.17064866539476173,0.16939217772078266,0.1719051530687408,2,0.913125,0.9075,0.91875,2,3,3,3,2,69.5,65,74,2,0.972972972972973,0.9459459459459459,1.0,2,0.84375,0.8125,0.875,2,0.9028213166144201,0.896551724137931,0.9090909090909091,2,0.26315458986860685,0.26260428365153216,0.2637048960856815,2,0.3736111111111111,0.37222222222222223,0.375,2,0.28092010181339205,0.2801067603282793,0.2817334432985048,2,0.36824647214257605,0.3673469387755102,0.3691460055096419,2,0.3736111111111111,0.37222222222222223,0.375,2,0.3709058761460695,0.3706777316735823,0.3711340206185567,2,0,0,0,2,0.0,0.0,0.0,2,269,268,270,2,-5,-5,-5,2,5,5,5,2,0.08687500000000001,0.08125,0.0925,2,19.437776496488368,18.822273996192962,20.053278996783774
noise,quality_spherical_n800_g8_d4_noise0p1,spherical,800,8,4,0.1,5,20,1,hgp_weighted_full_vote,2,0,0,2,0.205885804574802,0.20225664247958244,0.20951496667002154,2,0.56098926050501,0.5608734924922207,0.5611050285177993,2,0.17506802681108966,0.1735840303165734,0.1765520233056059,2,0.17506507006181002,0.17357811681801413,0.1765520233056059,2,0.17044416558437248,0.16932375006719186,0.17156458110155312,2,0.91375,0.90875,0.91875,2,3,3,3,2,69,65,73,2,0.9794520547945205,0.958904109589041,1.0,2,0.84375,0.8125,0.875,2,0.9057922019382465,0.896551724137931,0.9150326797385621,2,0.2618723399647672,0.26128941689136387,0.2624552630381705,2,0.3736111111111111,0.37222222222222223,0.375,2,0.2802757281508482,0.27943120637403684,0.2811202499276596,2,0.3679925890576313,0.3673469387755102,0.3686382393397524,2,0.3736111111111111,0.37222222222222223,0.375,2,0.3707777912353323,0.3704215618521078,0.3711340206185567,2,0,0,0,2,0.0,0.0,0.0,2,269,268,270,2,-5,-5,-5,2,5,5,5,2,0.08625,0.08125,0.09125,2,783.934880997549,777.3618199935299,790.5079420015682
noise,quality_spherical_n800_g8_d4_noise0p1,spherical,800,8,4,0.1,5,20,2,hdbscan_common,2,0,0,2,0.19217373257676684,0.19151610133878333,0.19283136381475033,2,0.4628803728900506,0.4483380311710155,0.4774227146090857,2,0.16448406269023264,0.16280302830100785,0.16616509707945742,2,0.16658632608891466,0.16592454030629453,0.16724811187153482,2,0.17055841906955646,0.16676260083218516,0.17435423730692776,2,0.8275,0.80125,0.85375,2,3,3,3,2,138,117,159,2,0.5318497016610224,0.46540880503144655,0.5982905982905983,2,0.9,0.875,0.925,2,0.6649533802009218,0.6192468619246861,0.7106598984771574,2,0.26708683099262215,0.26666930428739516,0.26750435769784914,2,0.34375,0.3375,0.35,2,0.27098166926380096,0.26894438690644323,0.27301895162115863,2,0.3740278161638911,0.3689604685212299,0.3790951638065523,2,0.34375,0.3375,0.35,2,0.35816029783978176,0.3570903747244673,0.3592302209550962,2,0,0,0,2,0.0,0.0,0.0,2,247.5,243,252,2,-5,-5,-5,2,5,5,5,2,0.1725,0.14625,0.19875,2,17.823161502747098,16.16774500143947,19.478578004054725
noise,quality_spherical_n800_g8_d4_noise0p1,spherical,800,8,4,0.1,5,20,2,hgp_exclusive_point_routing,2,0,0,2,0.7028692022004,0.68070280025612,0.72503560414468,2,0.7802496161553856,0.7692423401447558,0.7912568921660152,2,0.7731287512434974,0.7545464071813804,0.7917110953056145,2,0.8007210077974671,0.7842826874909871,0.8171593281039473,2,0.8973822523431035,0.8846437071378105,0.9101207975483966,2,0.815625,0.81125,0.82,2,8.5,8,9,2,147.5,144,151,2,0.478476821192053,0.45695364238410596,0.5,2,0.8812500000000001,0.8625,0.9,2,0.6201298701298701,0.5974025974025974,0.6428571428571429,2,0.9500790708820248,0.9477392857784029,0.9524188559856467,2,0.8472222222222222,0.8263888888888888,0.8680555555555556,2,0.890447506990971,0.8745828177547543,0.9063121962271876,2,0.9347694858882334,0.9167950693374423,0.9527439024390244,2,0.8472222222222222,0.8263888888888888,0.8680555555555556,2,0.8888389292812611,0.8692476260043828,0.9084302325581395,2,0,0,0,2,0.0,0.0,0.0,2,610,595,625,2,0.5,0,1,2,0.5,0,1,2,0.184375,0.18,0.18875,2,22.967237502598437,22.21468900097534,23.719786004221532
noise,quality_spherical_n800_g8_d4_noise0p1,spherical,800,8,4,0.1,5,20,2,hgp_first_coverage,2,0,0,2,0.6819570655142045,0.658016090233197,0.7058980407952121,2,0.7720755502718968,0.7624378308550943,0.7817132696886993,2,0.7557538543621034,0.7365446013582463,0.7749631073659606,2,0.7893177983027713,0.7738173077062717,0.804818288899271,2,0.8980242817766302,0.8895170644835916,0.9065314990696688,2,0.805625,0.79875,0.8125,2,8.5,8,9,2,155.5,150,161,2,0.4542857142857143,0.42857142857142855,0.48,2,0.8812500000000001,0.8625,0.9,2,0.5993505322027783,0.5726141078838174,0.6260869565217392,2,0.9496343892179245,0.948924431800644,0.9503443466352051,2,0.836111111111111,0.8138888888888889,0.8583333333333333,2,0.8839552489051026,0.8679379523489879,0.8999725454612173,2,0.9339135668713134,0.917057902973396,0.9507692307692308,2,0.836111111111111,0.8138888888888889,0.8583333333333333,2,0.8822943018428107,0.8623988226637234,0.9021897810218978,2,0,0,0,2,0.0,0.0,0.0,2,602,586,618,2,0.5,0,1,2,0.5,0,1,2,0.19437500000000002,0.1875,0.20125,2,14.4502424991515,14.375423001183663,14.525061997119337
noise,quality_spherical_n800_g8_d4_noise0p1,spherical,800,8,4,0.1,5,20,2,hgp_weighted_full_vote,2,0,0,2,0.205885804574802,0.20225664247958244,0.20951496667002154,2,0.56098926050501,0.5608734924922207,0.5611050285177993,2,0.17506802681108966,0.1735840303165734,0.1765520233056059,2,0.17506507006181002,0.17357811681801413,0.1765520233056059,2,0.17044416558437248,0.16932375006719186,0.17156458110155312,2,0.91375,0.90875,0.91875,2,3,3,3,2,69,65,73,2,0.9794520547945205,0.958904109589041,1.0,2,0.84375,0.8125,0.875,2,0.9057922019382465,0.896551724137931,0.9150326797385621,2,0.2618723399647672,0.26128941689136387,0.2624552630381705,2,0.3736111111111111,0.37222222222222223,0.375,2,0.2802757281508482,0.27943120637403684,0.2811202499276596,2,0.3679925890576313,0.3673469387755102,0.3686382393397524,2,0.3736111111111111,0.37222222222222223,0.375,2,0.3707777912353323,0.3704215618521078,0.3711340206185567,2,0,0,0,2,0.0,0.0,0.0,2,269,268,270,2,-5,-5,-5,2,5,5,5,2,0.08625,0.08125,0.09125,2,810.3934534992732,789.6955969990813,831.091309999465
noise,quality_spherical_n800_g8_d4_noise0p1,spherical,800,8,4,0.1,5,50,1,hdbscan_common,2,0,0,2,0.19217373257676684,0.19151610133878333,0.19283136381475033,2,0.4628803728900506,0.4483380311710155,0.4774227146090857,2,0.16448406269023264,0.16280302830100785,0.16616509707945742,2,0.16658632608891466,0.16592454030629453,0.16724811187153482,2,0.17055841906955646,0.16676260083218516,0.17435423730692776,2,0.8275,0.80125,0.85375,2,3,3,3,2,138,117,159,2,0.5318497016610224,0.46540880503144655,0.5982905982905983,2,0.9,0.875,0.925,2,0.6649533802009218,0.6192468619246861,0.7106598984771574,2,0.26708683099262215,0.26666930428739516,0.26750435769784914,2,0.34375,0.3375,0.35,2,0.27098166926380096,0.26894438690644323,0.27301895162115863,2,0.3740278161638911,0.3689604685212299,0.3790951638065523,2,0.34375,0.3375,0.35,2,0.35816029783978176,0.3570903747244673,0.3592302209550962,2,0,0,0,2,0.0,0.0,0.0,2,247.5,243,252,2,-5,-5,-5,2,5,5,5,2,0.1725,0.14625,0.19875,2,19.039839502511313,18.479464000847656,19.60021500417497
noise,quality_spherical_n800_g8_d4_noise0p1,spherical,800,8,4,0.1,5,50,1,hdbscan_standard,2,0,0,2,0.19285348840050703,0.1928463253793359,0.19286065142167816,2,0.4621960019891498,0.4488625223201657,0.4755294816581338,2,0.16482688179073368,0.1636627208357106,0.16599104274575674,2,0.16678957440042907,0.16655998706841524,0.1670191617324429,2,0.17052438144680943,0.16641710739617271,0.17463165549744614,2,0.8300000000000001,0.805,0.855,2,3,3,3,2,136,116,156,2,0.5389036251105217,0.47435897435897434,0.603448275862069,2,0.9,0.875,0.925,2,0.6707021791767555,0.6271186440677966,0.7142857142857143,2,0.26557666737804797,0.2651991379075902,0.2659541968485058,2,0.34444444444444444,0.3388888888888889,0.35,2,0.27066474554904735,0.26899155734950264,0.27233793374859205,2,0.37365152010460934,0.3684210526315789,0.37888198757763975,2,0.34444444444444444,0.3388888888888889,0.35,2,0.3583728099857132,0.35777126099706746,0.358974358974359,2,0,0,0,2,0.0,0.0,0.0,2,248,244,252,2,-5,-5,-5,2,5,5,5,2,0.16999999999999998,0.145,0.195,2,0.0,0.0,0.0
noise,quality_spherical_n800_g8_d4_noise0p1,spherical,800,8,4,0.1,5,50,1,hgp_exclusive_point_routing,2,0,0,2,0.205885804574802,0.20225664247958244,0.20951496667002154,2,0.56098926050501,0.5608734924922207,0.5611050285177993,2,0.17506802681108966,0.1735840303165734,0.1765520233056059,2,0.17506507006181002,0.17357811681801413,0.1765520233056059,2,0.17044416558437248,0.16932375006719186,0.17156458110155312,2,0.91375,0.90875,0.91875,2,3,3,3,2,69,65,73,2,0.9794520547945205,0.958904109589041,1.0,2,0.84375,0.8125,0.875,2,0.9057922019382465,0.896551724137931,0.9150326797385621,2,0.2618723399647672,0.26128941689136387,0.2624552630381705,2,0.3736111111111111,0.37222222222222223,0.375,2,0.2802757281508482,0.27943120637403684,0.2811202499276596,2,0.3679925890576313,0.3673469387755102,0.3686382393397524,2,0.3736111111111111,0.37222222222222223,0.375,2,0.3707777912353323,0.3704215618521078,0.3711340206185567,2,0,0,0,2,0.0,0.0,0.0,2,269,268,270,2,-5,-5,-5,2,5,5,5,2,0.08625,0.08125,0.09125,2,24.201423999329563,22.618322000198532,25.784525998460595
noise,quality_spherical_n800_g8_d4_noise0p1,spherical,800,8,4,0.1,5,50,1,hgp_first_coverage,2,0,0,2,0.2059263535845035,0.20229165044189085,0.2095610567271162,2,0.5627252288562952,0.5610036417493728,0.5644468159632174,2,0.1752074995188182,0.17380893257701804,0.17660606646061836,2,0.17520842261603198,0.1738107787714456,0.17660606646061836,2,0.17064866539476173,0.16939217772078266,0.1719051530687408,2,0.913125,0.9075,0.91875,2,3,3,3,2,69.5,65,74,2,0.972972972972973,0.9459459459459459,1.0,2,0.84375,0.8125,0.875,2,0.9028213166144201,0.896551724137931,0.9090909090909091,2,0.26315458986860685,0.26260428365153216,0.2637048960856815,2,0.3736111111111111,0.37222222222222223,0.375,2,0.28092010181339205,0.2801067603282793,0.2817334432985048,2,0.36824647214257605,0.3673469387755102,0.3691460055096419,2,0.3736111111111111,0.37222222222222223,0.375,2,0.3709058761460695,0.3706777316735823,0.3711340206185567,2,0,0,0,2,0.0,0.0,0.0,2,269,268,270,2,-5,-5,-5,2,5,5,5,2,0.08687500000000001,0.08125,0.0925,2,15.562767002847977,14.100701002462301,17.024833003233653
noise,quality_spherical_n800_g8_d4_noise0p1,spherical,800,8,4,0.1,5,50,1,hgp_weighted_full_vote,2,0,0,2,0.205885804574802,0.20225664247958244,0.20951496667002154,2,0.56098926050501,0.5608734924922207,0.5611050285177993,2,0.17506802681108966,0.1735840303165734,0.1765520233056059,2,0.17506507006181002,0.17357811681801413,0.1765520233056059,2,0.17044416558437248,0.16932375006719186,0.17156458110155312,2,0.91375,0.90875,0.91875,2,3,3,3,2,69,65,73,2,0.9794520547945205,0.958904109589041,1.0,2,0.84375,0.8125,0.875,2,0.9057922019382465,0.896551724137931,0.9150326797385621,2,0.2618723399647672,0.26128941689136387,0.2624552630381705,2,0.3736111111111111,0.37222222222222223,0.375,2,0.2802757281508482,0.27943120637403684,0.2811202499276596,2,0.3679925890576313,0.3673469387755102,0.3686382393397524,2,0.3736111111111111,0.37222222222222223,0.375,2,0.3707777912353323,0.3704215618521078,0.3711340206185567,2,0,0,0,2,0.0,0.0,0.0,2,269,268,270,2,-5,-5,-5,2,5,5,5,2,0.08625,0.08125,0.09125,2,1085.0334640017536,1083.6647350006388,1086.4021930028684
noise,quality_spherical_n800_g8_d4_noise0p1,spherical,800,8,4,0.1,5,50,2,hdbscan_common,2,0,0,2,0.19217373257676684,0.19151610133878333,0.19283136381475033,2,0.4628803728900506,0.4483380311710155,0.4774227146090857,2,0.16448406269023264,0.16280302830100785,0.16616509707945742,2,0.16658632608891466,0.16592454030629453,0.16724811187153482,2,0.17055841906955646,0.16676260083218516,0.17435423730692776,2,0.8275,0.80125,0.85375,2,3,3,3,2,138,117,159,2,0.5318497016610224,0.46540880503144655,0.5982905982905983,2,0.9,0.875,0.925,2,0.6649533802009218,0.6192468619246861,0.7106598984771574,2,0.26708683099262215,0.26666930428739516,0.26750435769784914,2,0.34375,0.3375,0.35,2,0.27098166926380096,0.26894438690644323,0.27301895162115863,2,0.3740278161638911,0.3689604685212299,0.3790951638065523,2,0.34375,0.3375,0.35,2,0.35816029783978176,0.3570903747244673,0.3592302209550962,2,0,0,0,2,0.0,0.0,0.0,2,247.5,243,252,2,-5,-5,-5,2,5,5,5,2,0.1725,0.14625,0.19875,2,16.35788450585096,16.24778400582727,16.467985005874652
noise,quality_spherical_n800_g8_d4_noise0p1,spherical,800,8,4,0.1,5,50,2,hgp_exclusive_point_routing,2,0,0,2,0.205885804574802,0.20225664247958244,0.20951496667002154,2,0.56098926050501,0.5608734924922207,0.5611050285177993,2,0.17506802681108966,0.1735840303165734,0.1765520233056059,2,0.17506507006181002,0.17357811681801413,0.1765520233056059,2,0.17044416558437248,0.16932375006719186,0.17156458110155312,2,0.91375,0.90875,0.91875,2,3,3,3,2,69,65,73,2,0.9794520547945205,0.958904109589041,1.0,2,0.84375,0.8125,0.875,2,0.9057922019382465,0.896551724137931,0.9150326797385621,2,0.2618723399647672,0.26128941689136387,0.2624552630381705,2,0.3736111111111111,0.37222222222222223,0.375,2,0.2802757281508482,0.27943120637403684,0.2811202499276596,2,0.3679925890576313,0.3673469387755102,0.3686382393397524,2,0.3736111111111111,0.37222222222222223,0.375,2,0.3707777912353323,0.3704215618521078,0.3711340206185567,2,0,0,0,2,0.0,0.0,0.0,2,269,268,270,2,-5,-5,-5,2,5,5,5,2,0.08625,0.08125,0.09125,2,23.45399500336498,23.163158002716955,23.744832004013006
noise,quality_spherical_n800_g8_d4_noise0p1,spherical,800,8,4,0.1,5,50,2,hgp_first_coverage,2,0,0,2,0.2059263535845035,0.20229165044189085,0.2095610567271162,2,0.5627252288562952,0.5610036417493728,0.5644468159632174,2,0.1752074995188182,0.17380893257701804,0.17660606646061836,2,0.17520842261603198,0.1738107787714456,0.17660606646061836,2,0.17064866539476173,0.16939217772078266,0.1719051530687408,2,0.913125,0.9075,0.91875,2,3,3,3,2,69.5,65,74,2,0.972972972972973,0.9459459459459459,1.0,2,0.84375,0.8125,0.875,2,0.9028213166144201,0.896551724137931,0.9090909090909091,2,0.26315458986860685,0.26260428365153216,0.2637048960856815,2,0.3736111111111111,0.37222222222222223,0.375,2,0.28092010181339205,0.2801067603282793,0.2817334432985048,2,0.36824647214257605,0.3673469387755102,0.3691460055096419,2,0.3736111111111111,0.37222222222222223,0.375,2,0.3709058761460695,0.3706777316735823,0.3711340206185567,2,0,0,0,2,0.0,0.0,0.0,2,269,268,270,2,-5,-5,-5,2,5,5,5,2,0.08687500000000001,0.08125,0.0925,2,15.390275500976713,15.035494005132932,15.745056996820495
noise,quality_spherical_n800_g8_d4_noise0p1,spherical,800,8,4,0.1,5,50,2,hgp_weighted_full_vote,2,0,0,2,0.205885804574802,0.20225664247958244,0.20951496667002154,2,0.56098926050501,0.5608734924922207,0.5611050285177993,2,0.17506802681108966,0.1735840303165734,0.1765520233056059,2,0.17506507006181002,0.17357811681801413,0.1765520233056059,2,0.17044416558437248,0.16932375006719186,0.17156458110155312,2,0.91375,0.90875,0.91875,2,3,3,3,2,69,65,73,2,0.9794520547945205,0.958904109589041,1.0,2,0.84375,0.8125,0.875,2,0.9057922019382465,0.896551724137931,0.9150326797385621,2,0.2618723399647672,0.26128941689136387,0.2624552630381705,2,0.3736111111111111,0.37222222222222223,0.375,2,0.2802757281508482,0.27943120637403684,0.2811202499276596,2,0.3679925890576313,0.3673469387755102,0.3686382393397524,2,0.3736111111111111,0.37222222222222223,0.375,2,0.3707777912353323,0.3704215618521078,0.3711340206185567,2,0,0,0,2,0.0,0.0,0.0,2,269,268,270,2,-5,-5,-5,2,5,5,5,2,0.08625,0.08125,0.09125,2,797.7082664983755,775.8840649985359,819.532467998215
nonconvex,quality_rings_n800_g8_d1p5_noise0,rings,800,8,1.5,0,5,20,1,hdbscan_common,2,0,0,2,0.2635371810551341,0.07630057803468208,0.4507737840755861,2,0.497378312118664,0.30678964749335624,0.6879669767439718,2,0.2635371810551341,0.07630057803468208,0.4507737840755861,2,0.27481815337803767,0.07630057803468208,0.4733357287213933,2,0.34263257052345414,0.07630057803468208,0.6089645630122262,2,0.910625,0.82125,1.0,2,8,2,14,2,71.5,0,143,0,,,,0,,,,0,,,,2,0.49836742747604423,0.14285714285714285,0.8538777120949457,2,0.375,0.25,0.5,2,0.39070605653378876,0.15625,0.6251621130675775,2,0.42941400304414,0.25,0.60882800608828,2,0.375,0.25,0.5,2,0.39953671928620454,0.25,0.5490734385724091,2,0.5,0,1,2,0.0625,0.0,0.125,2,300,200,400,2,0,-6,6,2,6,6,6,2,0.089375,0.0,0.17875,2,16.21617549972143,15.760786998725962,16.6715640007169
nonconvex,quality_rings_n800_g8_d1p5_noise0,rings,800,8,1.5,0,5,20,1,hdbscan_standard,2,0,0,2,0.2691572295239941,0.07630057803468208,0.46201388101330615,2,0.5022479112345473,0.30678964749335624,0.6977061749757382,2,0.2691572295239941,0.07630057803468208,0.46201388101330615,2,0.2808372315560459,0.07630057803468208,0.48537388507740975,2,0.33713237889628606,0.07630057803468208,0.5979641797578901,2,0.92875,0.8575,1.0,2,8.5,2,15,2,57,0,114,0,,,,0,,,,0,,,,2,0.4972744848934523,0.14285714285714285,0.8516918269297616,2,0.376875,0.25,0.50375,2,0.3920370333904615,0.15625,0.627824066780923,2,0.41873177842565595,0.25,0.5874635568513119,2,0.376875,0.25,0.50375,2,0.3961978465679677,0.25,0.5423956931359354,2,0.5,0,1,2,0.0625,0.0,0.125,2,301.5,200,403,2,0.5,-6,7,2,6.5,6,7,2,0.07125,0.0,0.1425,2,0.0,0.0,0.0
nonconvex,quality_rings_n800_g8_d1p5_noise0,rings,800,8,1.5,0,5,20,1,hgp_exclusive_point_routing,2,0,0,2,0.40510769229490284,0.3130159051247834,0.4971994794650223,2,0.6732930665646619,0.6250375562851397,0.721548576844184,2,0.40510769229490284,0.3130159051247834,0.4971994794650223,2,0.41131008991571494,0.3250013418040343,0.49761883802739565,2,0.4830579134342567,0.417699537334847,0.5484162895336664,2,0.8812500000000001,0.83625,0.92625,2,16.5,15,18,2,95,59,131,0,,,,0,,,,0,,,,2,0.8499429589218803,0.8132874772979518,0.8865984405458089,2,0.44062500000000004,0.3725,0.50875,2,0.5582021808460933,0.5034473437400885,0.6129570179520981,2,0.4973493582178973,0.445440956651719,0.5492577597840755,2,0.44062500000000004,0.3725,0.50875,2,0.46697329936578097,0.40571817562968004,0.5282284231018819,2,0.5,0,1,2,0.0625,0.0,0.125,2,352.5,298,407,2,8.5,7,10,2,8.5,7,10,2,0.11875,0.07375,0.16375,2,27.791663498646813,26.789069001097232,28.794257996196393
nonconvex,quality_rings_n800_g8_d1p5_noise0,rings,800,8,1.5,0,5,20,1,hgp_first_coverage,2,0,0,2,0.4111621379090676,0.30784341830279127,0.5144808575153439,2,0.6882727732012366,0.6357633162547156,0.7407822301477576,2,0.4111621379090676,0.30784341830279127,0.5144808575153439,2,0.4159178510814952,0.32047250456230747,0.5113631976006829,2,0.4751617673655889,0.3972191988251783,0.5531043359059995,2,0.90125,0.86375,0.93875,2,17.5,15,20,2,79,49,109,0,,,,0,,,,0,,,,2,0.8552208226020314,0.8189039699704179,0.8915376752336448,2,0.440625,0.35875,0.5225,2,0.5574323860320385,0.48904549686418525,0.6258192751998917,2,0.48596564927419494,0.4153400868306802,0.5565912117177098,2,0.440625,0.35875,0.5225,2,0.4619918090100889,0.38497652582159625,0.5390070921985816,2,0.5,0,1,2,0.0625,0.0,0.125,2,352.5,287,418,2,9.5,7,12,2,9.5,7,12,2,0.09875,0.06125,0.13625,2,17.955724000785267,16.901663999306038,19.009784002264496
nonconvex,quality_rings_n800_g8_d1p5_noise0,rings,800,8,1.5,0,5,20,1,hgp_weighted_full_vote,2,0,0,2,0.39630765624557895,0.3459094024441965,0.44670591004696136,2,0.6502191221409401,0.6197692390607754,0.680669005221105,2,0.39630765624557895,0.3459094024441965,0.44670591004696136,2,0.39437199829186453,0.3683223494281477,0.42042164715558134,2,0.4618867846793451,0.44740201553078474,0.4763715538279054,2,0.87125,0.81875,0.92375,2,11.5,10,13,2,103,61,145,0,,,,0,,,,0,,,,2,0.7819834911030531,0.7673098772798344,0.7966571049262718,2,0.49625,0.43125,0.56125,2,0.5708155432158442,0.5367694577385109,0.6048616286931774,2,0.5671476825501761,0.5267175572519084,0.6075778078484438,2,0.49625,0.43125,0.56125,2,0.528861290300972,0.4742268041237113,0.5834957764782326,2,0.5,0,1,2,0.0625,0.0,0.125,2,397,345,449,2,3.5,2,5,2,3.5,2,5,2,0.12875,0.07625,0.18125,2,232.46362149802735,215.72547299729194,249.20176999876276
nonconvex,quality_rings_n800_g8_d1p5_noise0,rings,800,8,1.5,0,5,20,2,hdbscan_common,2,0,0,2,0.5061867875323123,0.4507737840755861,0.5615997909890383,2,0.7156018670414068,0.6879669767439718,0.7432367573388419,2,0.5061867875323123,0.4507737840755861,0.5615997909890383,2,0.5260433952959879,0.4733357287213933,0.5787510618705825,2,0.6451616091005468,0.6089645630122262,0.6813586551888674,2,0.8475,0.82125,0.87375,2,13.5,13,14,2,122,101,143,0,,,,0,,,,0,,,,2,0.8865725059796302,0.8538777120949457,0.9192672998643148,2,0.5525,0.5,0.605,2,0.6604840009295225,0.6251621130675775,0.6958058887914675,2,0.65062287285816,0.60882800608828,0.6924177396280401,2,0.5525,0.5,0.605,2,0.5974186405670585,0.5490734385724091,0.6457638425617078,2,0.5,0,1,2,0.0625,0.0,0.125,2,442,400,484,2,5.5,5,6,2,5.5,5,6,2,0.1525,0.12625,0.17875,2,16.422655502537964,15.786234005645383,17.059076999430545
nonconvex,quality_rings_n800_g8_d1p5_noise0,rings,800,8,1.5,0,5,20,2,hgp_exclusive_point_routing,2,0,0,2,0.4052442335057733,0.3109589638867052,0.4995295031248414,2,0.6740079467686941,0.6244398586762492,0.7235760348611391,2,0.4052442335057733,0.3109589638867052,0.4995295031248414,2,0.41153405697967327,0.32327285872044076,0.4997952552389058,2,0.4830598729934745,0.41722169230623724,0.5488980536807118,2,0.88125,0.83375,0.92875,2,16.5,15,18,2,95,57,133,0,,,,0,,,,0,,,,2,0.8499567457747965,0.812399902555741,0.8875135889938521,2,0.44187499999999996,0.37124999999999997,0.5125,2,0.5591927437666431,0.5023843548378886,0.6160011326953976,2,0.49854715979829733,0.4452773613193403,0.5518169582772544,2,0.441875,0.37125,0.5125,2,0.46817012512474704,0.4049079754601227,0.5314322747893714,2,0.5,0,1,2,0.0625,0.0,0.125,2,353.5,297,410,2,8.5,7,10,2,8.5,7,10,2,0.11875,0.07125,0.16625,2,19.69566750267404,19.564428002922796,19.826907002425287
nonconvex,quality_rings_n800_g8_d1p5_noise0,rings,800,8,1.5,0,5,20,2,hgp_first_coverage,2,0,0,2,0.4111621379090676,0.30784341830279127,0.5144808575153439,2,0.6882727732012366,0.6357633162547156,0.7407822301477576,2,0.4111621379090676,0.30784341830279127,0.5144808575153439,2,0.4159178510814952,0.32047250456230747,0.5113631976006829,2,0.4751617673655889,0.3972191988251783,0.5531043359059995,2,0.90125,0.86375,0.93875,2,17.5,15,20,2,79,49,109,0,,,,0,,,,0,,,,2,0.8552208226020314,0.8189039699704179,0.8915376752336448,2,0.440625,0.35875,0.5225,2,0.5574323860320385,0.48904549686418525,0.6258192751998917,2,0.48596564927419494,0.4153400868306802,0.5565912117177098,2,0.440625,0.35875,0.5225,2,0.4619918090100889,0.38497652582159625,0.5390070921985816,2,0.5,0,1,2,0.0625,0.0,0.125,2,352.5,287,418,2,9.5,7,12,2,9.5,7,12,2,0.09875,0.06125,0.13625,2,14.281217994721374,12.602838993188925,15.959596996253822
nonconvex,quality_rings_n800_g8_d1p5_noise0,rings,800,8,1.5,0,5,20,2,hgp_weighted_full_vote,2,0,0,2,0.43910778073270484,0.36065731685126573,0.5175582446141439,2,0.6880679405484025,0.6323666807769578,0.7437692003198472,2,0.43910778073270484,0.36065731685126573,0.5175582446141439,2,0.44472316580963245,0.3768389569479475,0.5126073746713175,2,0.507833218364524,0.468803323938797,0.5468631127902509,2,0.8975,0.84625,0.94875,2,14.5,14,15,2,82,41,123,0,,,,0,,,,0,,,,2,0.8282690955480907,0.7700258375324427,0.8865123535637386,2,0.47625,0.43374999999999997,0.51875,2,0.580598508568485,0.5392380688854073,0.6219589482515628,2,0.5296637299719953,0.5125553914327917,0.546772068511199,2,0.47625000000000006,0.43375,0.51875,2,0.5011319600997637,0.4698713608666215,0.5323925593329057,2,0.5,0,1,2,0.0625,0.0,0.125,2,381,347,415,2,6.5,6,7,2,6.5,6,7,2,0.1025,0.05125,0.15375,2,344.712129997788,322.3317619995214,367.0924979960546
nonconvex,quality_rings_n800_g8_d1p5_noise0,rings,800,8,1.5,0,5,50,1,hdbscan_common,2,0,0,2,0.19162476697863381,0.07630057803468208,0.30694895592258553,2,0.4532789638155479,0.30678964749335624,0.5997682801377395,2,0.19162476697863381,0.07630057803468208,0.30694895592258553,2,0.1908420745566284,0.07630057803468208,0.3053835710785747,2,0.19599178585027496,0.07630057803468208,0.31568299366586783,2,0.97,0.94,1.0,2,3,2,4,2,24,0,48,0,,,,0,,,,0,,,,2,0.25436623292727945,0.14285714285714285,0.36587532299741604,2,0.36125,0.25,0.47250000000000003,2,0.27036365628134107,0.15625,0.3844773125626822,2,0.37632978723404253,0.25,0.5026595744680851,2,0.36124999999999996,0.25,0.4725,2,0.36855670103092786,0.25,0.48711340206185566,2,0.5,0,1,2,0.0625,0.0,0.125,2,289,200,378,2,-5,-6,-4,2,5,4,6,2,0.03,0.0,0.06,2,17.133155000919942,16.945203999057412,17.32110600278247
nonconvex,quality_rings_n800_g8_d1p5_noise0,rings,800,8,1.5,0,5,50,1,hdbscan_standard,2,0,0,2,0.1913770527726998,0.07630057803468208,0.3064535275107175,2,0.4546032131662309,0.30678964749335624,0.6024167788391056,2,0.1913770527726998,0.07630057803468208,0.3064535275107175,2,0.19050332197644343,0.07630057803468208,0.30470606591820476,2,0.19548058152857914,0.07630057803468208,0.3146605850224762,2,0.9706250000000001,0.94125,1.0,2,3,2,4,2,23.5,0,47,0,,,,0,,,,0,,,,2,0.25433250929915663,0.14285714285714285,0.3658078757411704,2,0.36125,0.25,0.47250000000000003,2,0.2703192402631483,0.15625,0.3843884805262966,2,0.375996015936255,0.25,0.50199203187251,2,0.36124999999999996,0.25,0.4725,2,0.36839987121699935,0.25,0.4867997424339987,2,0.5,0,1,2,0.0625,0.0,0.125,2,289,200,378,2,-5,-6,-4,2,5,4,6,2,0.029375,0.0,0.05875,2,0.0,0.0,0.0
nonconvex,quality_rings_n800_g8_d1p5_noise0,rings,800,8,1.5,0,5,50,1,hgp_exclusive_point_routing,2,0,0,2,0.09011846020941408,0.07630057803468208,0.10393634238414609,2,0.3401005819680709,0.30678964749335624,0.37341151644278553,2,0.09011846020941408,0.07630057803468208,0.10393634238414609,2,0.14257462597253004,0.07630057803468208,0.208848673910378,2,0.3153488988411792,0.07630057803468208,0.5543972196476764,2,0.713125,0.42625,1.0,2,3.5,2,5,2,229.5,0,459,0,,,,0,,,,0,,,,2,0.27189207879197896,0.14285714285714285,0.400927014726815,2,0.2625,0.25,0.275,2,0.2391128335466287,0.15625,0.3219756670932574,2,0.4475806451612903,0.25,0.6451612903225806,2,0.2625,0.25,0.275,2,0.3178133216476775,0.25,0.38562664329535495,2,0.5,0,1,2,0.0625,0.0,0.125,2,210,200,220,2,-4.5,-6,-3,2,4.5,3,6,2,0.286875,0.0,0.57375,2,20.82392150259693,20.327130005171057,21.320713000022806
nonconvex,quality_rings_n800_g8_d1p5_noise0,rings,800,8,1.5,0,5,50,1,hgp_first_coverage,2,0,0,2,0.09400395809545511,0.07630057803468208,0.11170733815622814,2,0.3454124754900191,0.30678964749335624,0.3840353034866819,2,0.09400395809545511,0.07630057803468208,0.11170733815622814,2,0.14743891089903852,0.07630057803468208,0.21857724376339496,2,0.3182985255555392,0.07630057803468208,0.5602964730763964,2,0.716875,0.43375,1.0,2,3.5,2,5,2,226.5,0,453,0,,,,0,,,,0,,,,2,0.274224408681195,0.14285714285714285,0.40559167450524725,2,0.26625,0.25,0.28250000000000003,2,0.24212083109657176,0.15625,0.3279916621931435,2,0.4506484149855908,0.25,0.6512968299711815,2,0.26625,0.25,0.2825,2,0.3220357454228422,0.25,0.3940714908456844,2,0.5,0,1,2,0.0625,0.0,0.125,2,213,200,226,2,-4.5,-6,-3,2,4.5,3,6,2,0.283125,0.0,0.56625,2,15.053602499392582,13.827720998961013,16.27948399982415
nonconvex,quality_rings_n800_g8_d1p5_noise0,rings,800,8,1.5,0,5,50,1,hgp_weighted_full_vote,2,0,0,2,0.09578333996891333,0.07630057803468208,0.11526610190314457,2,0.3006798921684762,0.2945701368435961,0.30678964749335624,2,0.09578333996891333,0.07630057803468208,0.11526610190314457,2,0.10589015439592392,0.07630057803468208,0.13547973075716577,2,0.12236141350652277,0.07630057803468208,0.16842224897836347,2,0.818125,0.63625,1.0,2,2.5,2,3,2,145.5,0,291,0,,,,0,,,,0,,,,2,0.16137895183081158,0.14285714285714285,0.1799007608044803,2,0.243125,0.23625000000000002,0.25,2,0.16815808477365696,0.15625,0.18006616954731394,2,0.3106581532416503,0.25,0.3713163064833006,2,0.24312499999999998,0.23625,0.25,2,0.26938502673796794,0.25,0.2887700534759358,2,0.5,0,1,2,0.0625,0.0,0.125,2,194.5,189,200,2,-5.5,-6,-5,2,5.5,5,6,2,0.181875,0.0,0.36375,2,314.94003299667384,241.7413589937496,388.13870699959807
nonconvex,quality_rings_n800_g8_d1p5_noise0,rings,800,8,1.5,0,5,50,2,hdbscan_common,2,0,0,2,0.19162476697863381,0.07630057803468208,0.30694895592258553,2,0.4532789638155479,0.30678964749335624,0.5997682801377395,2,0.19162476697863381,0.07630057803468208,0.30694895592258553,2,0.1908420745566284,0.07630057803468208,0.3053835710785747,2,0.19599178585027496,0.07630057803468208,0.31568299366586783,2,0.97,0.94,1.0,2,3,2,4,2,24,0,48,0,,,,0,,,,0,,,,2,0.25436623292727945,0.14285714285714285,0.36587532299741604,2,0.36125,0.25,0.47250000000000003,2,0.27036365628134107,0.15625,0.3844773125626822,2,0.37632978723404253,0.25,0.5026595744680851,2,0.36124999999999996,0.25,0.4725,2,0.36855670103092786,0.25,0.48711340206185566,2,0.5,0,1,2,0.0625,0.0,0.125,2,289,200,378,2,-5,-6,-4,2,5,4,6,2,0.03,0.0,0.06,2,16.849801999342162,15.822943001694512,17.876660996989813
nonconvex,quality_rings_n800_g8_d1p5_noise0,rings,800,8,1.5,0,5,50,2,hgp_exclusive_point_routing,2,0,0,2,0.23928364573652053,0.10327143814368082,0.3752958533293602,2,0.48169515126835905,0.37230630060196584,0.5910840019347523,2,0.23928364573652053,0.10327143814368082,0.3752958533293602,2,0.2842515053856188,0.2075442692147483,0.36095874155648927,2,0.4753033470720336,0.39857387905889263,0.5520328150851745,2,0.63375,0.425,0.8425,2,4.5,4,5,2,293,126,460,0,,,,0,,,,0,,,,2,0.34291986707086813,0.2856274056205842,0.40021232852115207,2,0.343125,0.27375,0.4125,2,0.32338015041668944,0.3205913321977065,0.3261689686356723,2,0.5668659451911329,0.4896142433234421,0.6441176470588236,2,0.343125,0.27375,0.4125,2,0.41598586017282013,0.38421052631578945,0.44776119402985076,2,0.5,0,1,2,0.0625,0.0,0.125,2,274.5,219,330,2,-3.5,-4,-3,2,3.5,3,4,2,0.36624999999999996,0.1575,0.575,2,19.624014497821918,19.5830329976161,19.664995998027734
nonconvex,quality_rings_n800_g8_d1p5_noise0,rings,800,8,1.5,0,5,50,2,hgp_first_coverage,2,0,0,2,0.2445069535067978,0.11170733815622814,0.37730656885736746,2,0.48955324735252503,0.3840353034866819,0.5950711912183682,2,0.2445069535067978,0.11170733815622814,0.37730656885736746,2,0.2909006877293967,0.21857724376339496,0.36322413169539847,2,0.4806891167237558,0.40108176037111526,0.5602964730763964,2,0.638125,0.43375,0.8425,2,4.5,4,5,2,289.5,126,453,0,,,,0,,,,0,,,,2,0.3462978880084565,0.28700410151166583,0.40559167450524725,2,0.348125,0.28250000000000003,0.41375,2,0.3276240789467744,0.3272564957004053,0.3279916621931435,2,0.5711973764099232,0.4910979228486647,0.6512968299711815,2,0.348125,0.2825,0.41375,2,0.421594768489328,0.3940714908456844,0.4491180461329715,2,0.5,0,1,2,0.0625,0.0,0.125,2,278.5,226,331,2,-3.5,-4,-3,2,3.5,3,4,2,0.361875,0.1575,0.56625,2,12.954203499248251,12.178787997981999,13.729619000514504
nonconvex,quality_rings_n800_g8_d1p5_noise0,rings,800,8,1.5,0,5,50,2,hgp_weighted_full_vote,2,0,0,2,0.2437415985421409,0.11526610190314457,0.3722170951811372,2,0.44017294398894674,0.2945701368435961,0.5857757511342974,2,0.2437415985421409,0.11526610190314457,0.3722170951811372,2,0.24763000588636674,0.13547973075716577,0.35978028101556775,2,0.28120037366699446,0.16842224897836347,0.39397849835562543,2,0.746875,0.63625,0.8575,2,3.5,3,4,2,202.5,114,291,0,,,,0,,,,0,,,,2,0.23052761982451228,0.1799007608044803,0.28115447884454425,2,0.32625000000000004,0.23625000000000002,0.41625,2,0.2523854923736518,0.18006616954731394,0.3247048151999897,2,0.428369523504041,0.3713163064833006,0.48542274052478135,2,0.32625,0.23625,0.41625,2,0.36847654759934073,0.2887700534759358,0.44818304172274565,2,0,0,0,2,0.0,0.0,0.0,2,261,189,333,2,-4.5,-5,-4,2,4.5,4,5,2,0.253125,0.1425,0.36375,2,222.4189929984277,208.28884699585615,236.54913900099928
nonconvex,quality_rings_n800_g8_d3_noise0,rings,800,8,3,0,5,20,1,hdbscan_common,2,0,0,2,1.0,1.0,1.0,2,1.0,1.0,1.0,2,1.0,1.0,1.0,2,1.0,1.0,1.0,2,1.0,1.0,1.0,2,1.0,1.0,1.0,2,8,8,8,2,0,0,0,0,,,,0,,,,0,,,,2,1.0,1.0,1.0,2,1.0,1.0,1.0,2,1.0,1.0,1.0,2,1.0,1.0,1.0,2,1.0,1.0,1.0,2,1.0,1.0,1.0,2,8,8,8,2,1.0,1.0,1.0,2,800,800,800,2,0,0,0,2,0,0,0,2,0.0,0.0,0.0,2,15.888604499195935,15.839662999496795,15.937545998895075
nonconvex,quality_rings_n800_g8_d3_noise0,rings,800,8,3,0,5,20,1,hdbscan_standard,2,0,0,2,1.0,1.0,1.0,2,1.0,1.0,1.0,2,1.0,1.0,1.0,2,1.0,1.0,1.0,2,1.0,1.0,1.0,2,1.0,1.0,1.0,2,8,8,8,2,0,0,0,0,,,,0,,,,0,,,,2,1.0,1.0,1.0,2,1.0,1.0,1.0,2,1.0,1.0,1.0,2,1.0,1.0,1.0,2,1.0,1.0,1.0,2,1.0,1.0,1.0,2,8,8,8,2,1.0,1.0,1.0,2,800,800,800,2,0,0,0,2,0,0,0,2,0.0,0.0,0.0,2,0.0,0.0,0.0
nonconvex,quality_rings_n800_g8_d3_noise0,rings,800,8,3,0,5,20,1,hgp_exclusive_point_routing,2,0,0,2,0.9742978354796035,0.9485956709592068,1.0,2,0.9819997445598794,0.9639994891197589,1.0,2,0.9742978354796035,0.9485956709592068,1.0,2,0.9741345425983226,0.948269085196645,1.0,2,0.9789522822376202,0.9579045644752405,1.0,2,0.995625,0.99125,1.0,2,9,8,10,2,3.5,0,7,0,,,,0,,,,0,,,,2,1.0,1.0,1.0,2,0.963125,0.92625,1.0,2,0.9738475177304964,0.9476950354609929,1.0,2,0.9672131147540983,0.9344262295081968,1.0,2,0.963125,0.92625,1.0,2,0.9651600753295668,0.9303201506591338,1.0,2,7.5,7,8,2,0.9375,0.875,1.0,2,770.5,741,800,2,1,0,2,2,1,0,2,2,0.004375,0.0,0.00875,2,70.24489749892382,27.097063000837807,113.39273199700983
nonconvex,quality_rings_n800_g8_d3_noise0,rings,800,8,3,0,5,20,1,hgp_first_coverage,2,0,0,2,0.9743833390308638,0.9487666780617277,1.0,2,0.9820427604129907,0.9640855208259813,1.0,2,0.9743833390308638,0.9487666780617277,1.0,2,0.9742200865967114,0.9484401731934229,1.0,2,0.9790380978397355,0.9580761956794709,1.0,2,0.995625,0.99125,1.0,2,9,8,10,2,3.5,0,7,0,,,,0,,,,0,,,,2,1.0,1.0,1.0,2,0.96375,0.9275,1.0,2,0.9744718309859155,0.948943661971831,1.0,2,0.967843631778058,0.935687263556116,1.0,2,0.96375,0.9275,1.0,2,0.9657878217200251,0.9315756434400502,1.0,2,7.5,7,8,2,0.9375,0.875,1.0,2,771,742,800,2,1,0,2,2,1,0,2,2,0.004375,0.0,0.00875,2,16.990007999993395,16.847202001372352,17.132813998614438
nonconvex,quality_rings_n800_g8_d3_noise0,rings,800,8,3,0,5,20,1,hgp_weighted_full_vote,2,0,0,2,1.0,1.0,1.0,2,1.0,1.0,1.0,2,1.0,1.0,1.0,2,1.0,1.0,1.0,2,1.0,1.0,1.0,2,1.0,1.0,1.0,2,8,8,8,2,0,0,0,0,,,,0,,,,0,,,,2,1.0,1.0,1.0,2,1.0,1.0,1.0,2,1.0,1.0,1.0,2,1.0,1.0,1.0,2,1.0,1.0,1.0,2,1.0,1.0,1.0,2,8,8,8,2,1.0,1.0,1.0,2,800,800,800,2,0,0,0,2,0,0,0,2,0.0,0.0,0.0,2,161.78002000015113,125.50783999904525,198.052200001257
nonconvex,quality_rings_n800_g8_d3_noise0,rings,800,8,3,0,5,20,2,hdbscan_common,2,0,0,2,0.937894647953974,0.8757892959079482,1.0,2,0.9641998071223519,0.9283996142447039,1.0,2,0.937894647953974,0.8757892959079482,1.0,2,0.9378442058543122,0.8756884117086243,1.0,2,0.9419098643011388,0.8838197286022775,1.0,2,0.9962500000000001,0.9925,1.0,2,10,8,12,2,3,0,6,0,,,,0,,,,0,,,,2,1.0,1.0,1.0,2,0.920625,0.84125,1.0,2,0.9479977573851627,0.8959955147703254,1.0,2,0.9238035264483627,0.8476070528967254,1.0,2,0.920625,0.84125,1.0,2,0.9222082810539523,0.8444165621079046,1.0,2,6.5,5,8,2,0.8125,0.625,1.0,2,736.5,673,800,2,2,0,4,2,2,0,4,2,0.00375,0.0,0.0075,2,16.11182100168662,16.04224100447027,16.181400998902973
nonconvex,quality_rings_n800_g8_d3_noise0,rings,800,8,3,0,5,20,2,hgp_exclusive_point_routing,2,0,0,2,0.6839668325324177,0.6481755774740691,0.7197580875907663,2,0.8448350988872606,0.8347641244448222,0.854906073329699,2,0.6839668325324177,0.6481755774740691,0.7197580875907663,2,0.6838402038698301,0.6478641816472795,0.7198162260923806,2,0.7024936570278909,0.664110285110975,0.7408770289448068,2,0.9806250000000001,0.97875,0.9825,2,18,17,19,2,15.5,14,17,0,,,,0,,,,0,,,,2,1.0,1.0,1.0,2,0.6056250000000001,0.5575,0.65375,2,0.7214472806984233,0.68337393614134,0.7595206252555068,2,0.6176869156600665,0.5674300254452926,0.6679438058748404,2,0.6056250000000001,0.5575,0.65375,2,0.6115959369690095,0.562421185372005,0.660770688566014,2,2.5,2,3,2,0.3125,0.25,0.375,2,484.5,446,523,2,10,9,11,2,10,9,11,2,0.019375000000000003,0.0175,0.02125,2,19.742851003684336,19.451588006631937,20.034114000736736
nonconvex,quality_rings_n800_g8_d3_noise0,rings,800,8,3,0,5,20,2,hgp_first_coverage,2,0,0,2,0.6800530087304102,0.6496037362385882,0.710502281222232,2,0.842637669007126,0.8355901501551178,0.8496851878591342,2,0.6800530087304102,0.6496037362385882,0.710502281222232,2,0.6798490774780653,0.6493385856742812,0.7103595692818495,2,0.697216101407165,0.6644569871781174,0.7299752156362124,2,0.981875,0.98,0.98375,2,18.5,18,19,2,14.5,13,16,0,,,,0,,,,0,,,,2,1.0,1.0,1.0,2,0.59875,0.55875,0.63875,2,0.7145780095735559,0.6852587306422385,0.7438972885048731,2,0.6098826919586131,0.567979669631512,0.6517857142857143,2,0.59875,0.55875,0.63875,2,0.6042645261690631,0.5633270321361059,0.6452020202020202,2,2.5,2,3,2,0.3125,0.25,0.375,2,479,447,511,2,10.5,10,11,2,10.5,10,11,2,0.018125000000000002,0.01625,0.02,2,12.868943998910254,12.706831999821588,13.03105599799892
nonconvex,quality_rings_n800_g8_d3_noise0,rings,800,8,3,0,5,20,2,hgp_weighted_full_vote,2,0,0,2,0.8265144183345169,0.7494098809857876,0.9036189556832461,2,0.9070388493570335,0.8770477581348823,0.9370299405791847,2,0.8265144183345169,0.7494098809857876,0.9036189556832461,2,0.8264918955197228,0.7493895236345308,0.9035942674049148,2,0.83733365961792,0.7519262088967771,0.9227411103390627,2,0.99,0.9825,0.9975,2,13.5,11,16,2,8,2,14,0,,,,0,,,,0,,,,2,1.0,1.0,1.0,2,0.7675000000000001,0.665,0.87,2,0.8381666940452437,0.7643100951012205,0.912023292989267,2,0.7760814249363868,0.6666666666666666,0.8854961832061069,2,0.7675000000000001,0.665,0.87,2,0.771755993857391,0.6658322903629537,0.8776796973518285,2,4.5,3,6,2,0.5625,0.375,0.75,2,614,532,696,2,5.5,3,8,2,5.5,3,8,2,0.01,0.0025,0.0175,2,198.24705899736728,191.27093700080877,205.22318099392578
nonconvex,quality_rings_n800_g8_d3_noise0,rings,800,8,3,0,5,50,1,hdbscan_common,2,0,0,2,1.0,1.0,1.0,2,1.0,1.0,1.0,2,1.0,1.0,1.0,2,1.0,1.0,1.0,2,1.0,1.0,1.0,2,1.0,1.0,1.0,2,8,8,8,2,0,0,0,0,,,,0,,,,0,,,,2,1.0,1.0,1.0,2,1.0,1.0,1.0,2,1.0,1.0,1.0,2,1.0,1.0,1.0,2,1.0,1.0,1.0,2,1.0,1.0,1.0,2,8,8,8,2,1.0,1.0,1.0,2,800,800,800,2,0,0,0,2,0,0,0,2,0.0,0.0,0.0,2,16.594024495134363,15.416152993566357,17.77189599670237
nonconvex,quality_rings_n800_g8_d3_noise0,rings,800,8,3,0,5,50,1,hdbscan_standard,2,0,0,2,1.0,1.0,1.0,2,1.0,1.0,1.0,2,1.0,1.0,1.0,2,1.0,1.0,1.0,2,1.0,1.0,1.0,2,1.0,1.0,1.0,2,8,8,8,2,0,0,0,0,,,,0,,,,0,,,,2,1.0,1.0,1.0,2,1.0,1.0,1.0,2,1.0,1.0,1.0,2,1.0,1.0,1.0,2,1.0,1.0,1.0,2,1.0,1.0,1.0,2,8,8,8,2,1.0,1.0,1.0,2,800,800,800,2,0,0,0,2,0,0,0,2,0.0,0.0,0.0,2,0.0,0.0,0.0
nonconvex,quality_rings_n800_g8_d3_noise0,rings,800,8,3,0,5,50,1,hgp_exclusive_point_routing,2,0,0,2,1.0,1.0,1.0,2,1.0,1.0,1.0,2,1.0,1.0,1.0,2,1.0,1.0,1.0,2,1.0,1.0,1.0,2,1.0,1.0,1.0,2,8,8,8,2,0,0,0,0,,,,0,,,,0,,,,2,1.0,1.0,1.0,2,1.0,1.0,1.0,2,1.0,1.0,1.0,2,1.0,1.0,1.0,2,1.0,1.0,1.0,2,1.0,1.0,1.0,2,8,8,8,2,1.0,1.0,1.0,2,800,800,800,2,0,0,0,2,0,0,0,2,0.0,0.0,0.0,2,19.82058100111317,19.32027300063055,20.320889001595788
nonconvex,quality_rings_n800_g8_d3_noise0,rings,800,8,3,0,5,50,1,hgp_first_coverage,2,0,0,2,1.0,1.0,1.0,2,1.0,1.0,1.0,2,1.0,1.0,1.0,2,1.0,1.0,1.0,2,1.0,1.0,1.0,2,1.0,1.0,1.0,2,8,8,8,2,0,0,0,0,,,,0,,,,0,,,,2,1.0,1.0,1.0,2,1.0,1.0,1.0,2,1.0,1.0,1.0,2,1.0,1.0,1.0,2,1.0,1.0,1.0,2,1.0,1.0,1.0,2,8,8,8,2,1.0,1.0,1.0,2,800,800,800,2,0,0,0,2,0,0,0,2,0.0,0.0,0.0,2,12.43385300040245,12.383118002617266,12.484587998187635
nonconvex,quality_rings_n800_g8_d3_noise0,rings,800,8,3,0,5,50,1,hgp_weighted_full_vote,2,0,0,2,1.0,1.0,1.0,2,1.0,1.0,1.0,2,1.0,1.0,1.0,2,1.0,1.0,1.0,2,1.0,1.0,1.0,2,1.0,1.0,1.0,2,8,8,8,2,0,0,0,0,,,,0,,,,0,,,,2,1.0,1.0,1.0,2,1.0,1.0,1.0,2,1.0,1.0,1.0,2,1.0,1.0,1.0,2,1.0,1.0,1.0,2,1.0,1.0,1.0,2,8,8,8,2,1.0,1.0,1.0,2,800,800,800,2,0,0,0,2,0,0,0,2,0.0,0.0,0.0,2,122.90591450073407,116.39552099950379,129.41630800196435
nonconvex,quality_rings_n800_g8_d3_noise0,rings,800,8,3,0,5,50,2,hdbscan_common,2,0,0,2,1.0,1.0,1.0,2,1.0,1.0,1.0,2,1.0,1.0,1.0,2,1.0,1.0,1.0,2,1.0,1.0,1.0,2,1.0,1.0,1.0,2,8,8,8,2,0,0,0,0,,,,0,,,,0,,,,2,1.0,1.0,1.0,2,1.0,1.0,1.0,2,1.0,1.0,1.0,2,1.0,1.0,1.0,2,1.0,1.0,1.0,2,1.0,1.0,1.0,2,8,8,8,2,1.0,1.0,1.0,2,800,800,800,2,0,0,0,2,0,0,0,2,0.0,0.0,0.0,2,15.741986000648467,15.403270001115743,16.08070200018119
nonconvex,quality_rings_n800_g8_d3_noise0,rings,800,8,3,0,5,50,2,hgp_exclusive_point_routing,2,0,0,2,1.0,1.0,1.0,2,1.0,1.0,1.0,2,1.0,1.0,1.0,2,1.0,1.0,1.0,2,1.0,1.0,1.0,2,1.0,1.0,1.0,2,8,8,8,2,0,0,0,0,,,,0,,,,0,,,,2,1.0,1.0,1.0,2,1.0,1.0,1.0,2,1.0,1.0,1.0,2,1.0,1.0,1.0,2,1.0,1.0,1.0,2,1.0,1.0,1.0,2,8,8,8,2,1.0,1.0,1.0,2,800,800,800,2,0,0,0,2,0,0,0,2,0.0,0.0,0.0,2,19.17234149732394,18.59296600014204,19.75171699450584
nonconvex,quality_rings_n800_g8_d3_noise0,rings,800,8,3,0,5,50,2,hgp_first_coverage,2,0,0,2,1.0,1.0,1.0,2,1.0,1.0,1.0,2,1.0,1.0,1.0,2,1.0,1.0,1.0,2,1.0,1.0,1.0,2,1.0,1.0,1.0,2,8,8,8,2,0,0,0,0,,,,0,,,,0,,,,2,1.0,1.0,1.0,2,1.0,1.0,1.0,2,1.0,1.0,1.0,2,1.0,1.0,1.0,2,1.0,1.0,1.0,2,1.0,1.0,1.0,2,8,8,8,2,1.0,1.0,1.0,2,800,800,800,2,0,0,0,2,0,0,0,2,0.0,0.0,0.0,2,12.508015999628697,12.435616001312155,12.580415997945238
nonconvex,quality_rings_n800_g8_d3_noise0,rings,800,8,3,0,5,50,2,hgp_weighted_full_vote,2,0,0,2,1.0,1.0,1.0,2,1.0,1.0,1.0,2,1.0,1.0,1.0,2,1.0,1.0,1.0,2,1.0,1.0,1.0,2,1.0,1.0,1.0,2,8,8,8,2,0,0,0,0,,,,0,,,,0,,,,2,1.0,1.0,1.0,2,1.0,1.0,1.0,2,1.0,1.0,1.0,2,1.0,1.0,1.0,2,1.0,1.0,1.0,2,1.0,1.0,1.0,2,8,8,8,2,1.0,1.0,1.0,2,800,800,800,2,0,0,0,2,0,0,0,2,0.0,0.0,0.0,2,114.27937600092264,111.65456200251356,116.90418999933172
nonconvex,quality_rings_n800_g8_d6_noise0,rings,800,8,6,0,5,20,1,hdbscan_common,2,0,0,2,1.0,1.0,1.0,2,1.0,1.0,1.0,2,1.0,1.0,1.0,2,1.0,1.0,1.0,2,1.0,1.0,1.0,2,1.0,1.0,1.0,2,8,8,8,2,0,0,0,0,,,,0,,,,0,,,,2,1.0,1.0,1.0,2,1.0,1.0,1.0,2,1.0,1.0,1.0,2,1.0,1.0,1.0,2,1.0,1.0,1.0,2,1.0,1.0,1.0,2,8,8,8,2,1.0,1.0,1.0,2,800,800,800,2,0,0,0,2,0,0,0,2,0.0,0.0,0.0,2,19.50311399923521,19.333667994942516,19.672560003527906
nonconvex,quality_rings_n800_g8_d6_noise0,rings,800,8,6,0,5,20,1,hdbscan_standard,2,0,0,2,1.0,1.0,1.0,2,1.0,1.0,1.0,2,1.0,1.0,1.0,2,1.0,1.0,1.0,2,1.0,1.0,1.0,2,1.0,1.0,1.0,2,8,8,8,2,0,0,0,0,,,,0,,,,0,,,,2,1.0,1.0,1.0,2,1.0,1.0,1.0,2,1.0,1.0,1.0,2,1.0,1.0,1.0,2,1.0,1.0,1.0,2,1.0,1.0,1.0,2,8,8,8,2,1.0,1.0,1.0,2,800,800,800,2,0,0,0,2,0,0,0,2,0.0,0.0,0.0,2,0.0,0.0,0.0
nonconvex,quality_rings_n800_g8_d6_noise0,rings,800,8,6,0,5,20,1,hgp_exclusive_point_routing,2,0,0,2,1.0,1.0,1.0,2,1.0,1.0,1.0,2,1.0,1.0,1.0,2,1.0,1.0,1.0,2,1.0,1.0,1.0,2,1.0,1.0,1.0,2,8,8,8,2,0,0,0,0,,,,0,,,,0,,,,2,1.0,1.0,1.0,2,1.0,1.0,1.0,2,1.0,1.0,1.0,2,1.0,1.0,1.0,2,1.0,1.0,1.0,2,1.0,1.0,1.0,2,8,8,8,2,1.0,1.0,1.0,2,800,800,800,2,0,0,0,2,0,0,0,2,0.0,0.0,0.0,2,27.218870502110803,26.675797998905182,27.761943005316425
nonconvex,quality_rings_n800_g8_d6_noise0,rings,800,8,6,0,5,20,1,hgp_first_coverage,2,0,0,2,1.0,1.0,1.0,2,1.0,1.0,1.0,2,1.0,1.0,1.0,2,1.0,1.0,1.0,2,1.0,1.0,1.0,2,1.0,1.0,1.0,2,8,8,8,2,0,0,0,0,,,,0,,,,0,,,,2,1.0,1.0,1.0,2,1.0,1.0,1.0,2,1.0,1.0,1.0,2,1.0,1.0,1.0,2,1.0,1.0,1.0,2,1.0,1.0,1.0,2,8,8,8,2,1.0,1.0,1.0,2,800,800,800,2,0,0,0,2,0,0,0,2,0.0,0.0,0.0,2,17.969995496969204,17.121703996963333,18.818286996975075
nonconvex,quality_rings_n800_g8_d6_noise0,rings,800,8,6,0,5,20,1,hgp_weighted_full_vote,2,0,0,2,1.0,1.0,1.0,2,1.0,1.0,1.0,2,1.0,1.0,1.0,2,1.0,1.0,1.0,2,1.0,1.0,1.0,2,1.0,1.0,1.0,2,8,8,8,2,0,0,0,0,,,,0,,,,0,,,,2,1.0,1.0,1.0,2,1.0,1.0,1.0,2,1.0,1.0,1.0,2,1.0,1.0,1.0,2,1.0,1.0,1.0,2,1.0,1.0,1.0,2,8,8,8,2,1.0,1.0,1.0,2,800,800,800,2,0,0,0,2,0,0,0,2,0.0,0.0,0.0,2,102.87343399977544,95.39964400028111,110.34722399926977
nonconvex,quality_rings_n800_g8_d6_noise0,rings,800,8,6,0,5,20,2,hdbscan_common,2,0,0,2,0.937894647953974,0.8757892959079482,1.0,2,0.9641998071223519,0.9283996142447039,1.0,2,0.937894647953974,0.8757892959079482,1.0,2,0.9378442058543122,0.8756884117086243,1.0,2,0.9419098643011388,0.8838197286022775,1.0,2,0.9962500000000001,0.9925,1.0,2,10,8,12,2,3,0,6,0,,,,0,,,,0,,,,2,1.0,1.0,1.0,2,0.920625,0.84125,1.0,2,0.9479977573851627,0.8959955147703254,1.0,2,0.9238035264483627,0.8476070528967254,1.0,2,0.920625,0.84125,1.0,2,0.9222082810539523,0.8444165621079046,1.0,2,6.5,5,8,2,0.8125,0.625,1.0,2,736.5,673,800,2,2,0,4,2,2,0,4,2,0.00375,0.0,0.0075,2,16.847272505401634,16.790286004834343,16.904259005968925
nonconvex,quality_rings_n800_g8_d6_noise0,rings,800,8,6,0,5,20,2,hgp_exclusive_point_routing,2,0,0,2,0.7477204995968112,0.6481755774740691,0.8472654217195534,2,0.8703150722205473,0.8347641244448222,0.9058660199962724,2,0.7477204995968112,0.6481755774740691,0.8472654217195534,2,0.7476963372959421,0.6478641816472795,0.8475284929446046,2,0.7672141243497075,0.664110285110975,0.8703179635884398,2,0.9806250000000001,0.97875,0.9825,2,16,13,19,2,15.5,14,17,0,,,,0,,,,0,,,,2,1.0,1.0,1.0,2,0.680625,0.5575,0.80375,2,0.7751646009598613,0.68337393614134,0.8669552657783826,2,0.6943152681504879,0.5674300254452926,0.8212005108556832,2,0.680625,0.5575,0.80375,2,0.6874013696916879,0.562421185372005,0.8123815540113708,2,3.5,2,5,2,0.4375,0.25,0.625,2,544.5,446,643,2,8,5,11,2,8,5,11,2,0.019375000000000003,0.0175,0.02125,2,20.08838500114507,19.825274001050275,20.351496001239866
nonconvex,quality_rings_n800_g8_d6_noise0,rings,800,8,6,0,5,20,2,hgp_first_coverage,2,0,0,2,0.7441701705597876,0.6496037362385882,0.8387366048809869,2,0.8676043464638106,0.8355901501551178,0.8996185427725033,2,0.7441701705597876,0.6496037362385882,0.8387366048809869,2,0.744065421306551,0.6493385856742812,0.8387922569388209,2,0.7622699837969786,0.6644569871781174,0.86008298041584,2,0.981875,0.98,0.98375,2,16.5,14,19,2,14.5,13,16,0,,,,0,,,,0,,,,2,1.0,1.0,1.0,2,0.671875,0.55875,0.785,2,0.7663116226830682,0.6852587306422385,0.847364514723898,2,0.6845000388973886,0.567979669631512,0.8010204081632653,2,0.671875,0.55875,0.785,2,0.6781281625326994,0.5633270321361059,0.7929292929292929,2,3.5,2,5,2,0.4375,0.25,0.625,2,537.5,447,628,2,8.5,6,11,2,8.5,6,11,2,0.018125000000000002,0.01625,0.02,2,13.539520001359051,13.35578200087184,13.723258001846261
nonconvex,quality_rings_n800_g8_d6_noise0,rings,800,8,6,0,5,20,2,hgp_weighted_full_vote,2,0,0,2,0.8265144183345169,0.7494098809857876,0.9036189556832461,2,0.9070388493570335,0.8770477581348823,0.9370299405791847,2,0.8265144183345169,0.7494098809857876,0.9036189556832461,2,0.8264918955197228,0.7493895236345308,0.9035942674049148,2,0.83733365961792,0.7519262088967771,0.9227411103390627,2,0.99,0.9825,0.9975,2,13.5,11,16,2,8,2,14,0,,,,0,,,,0,,,,2,1.0,1.0,1.0,2,0.7675000000000001,0.665,0.87,2,0.8381666940452437,0.7643100951012205,0.912023292989267,2,0.7760814249363868,0.6666666666666666,0.8854961832061069,2,0.7675000000000001,0.665,0.87,2,0.771755993857391,0.6658322903629537,0.8776796973518285,2,4.5,3,6,2,0.5625,0.375,0.75,2,614,532,696,2,5.5,3,8,2,5.5,3,8,2,0.01,0.0025,0.0175,2,112.7988295047544,110.16361100337235,115.43404800613644
nonconvex,quality_rings_n800_g8_d6_noise0,rings,800,8,6,0,5,50,1,hdbscan_common,2,0,0,2,1.0,1.0,1.0,2,1.0,1.0,1.0,2,1.0,1.0,1.0,2,1.0,1.0,1.0,2,1.0,1.0,1.0,2,1.0,1.0,1.0,2,8,8,8,2,0,0,0,0,,,,0,,,,0,,,,2,1.0,1.0,1.0,2,1.0,1.0,1.0,2,1.0,1.0,1.0,2,1.0,1.0,1.0,2,1.0,1.0,1.0,2,1.0,1.0,1.0,2,8,8,8,2,1.0,1.0,1.0,2,800,800,800,2,0,0,0,2,0,0,0,2,0.0,0.0,0.0,2,18.040481500065653,17.458201000408735,18.62276199972257
nonconvex,quality_rings_n800_g8_d6_noise0,rings,800,8,6,0,5,50,1,hdbscan_standard,2,0,0,2,1.0,1.0,1.0,2,1.0,1.0,1.0,2,1.0,1.0,1.0,2,1.0,1.0,1.0,2,1.0,1.0,1.0,2,1.0,1.0,1.0,2,8,8,8,2,0,0,0,0,,,,0,,,,0,,,,2,1.0,1.0,1.0,2,1.0,1.0,1.0,2,1.0,1.0,1.0,2,1.0,1.0,1.0,2,1.0,1.0,1.0,2,1.0,1.0,1.0,2,8,8,8,2,1.0,1.0,1.0,2,800,800,800,2,0,0,0,2,0,0,0,2,0.0,0.0,0.0,2,0.0,0.0,0.0
nonconvex,quality_rings_n800_g8_d6_noise0,rings,800,8,6,0,5,50,1,hgp_exclusive_point_routing,2,0,0,2,1.0,1.0,1.0,2,1.0,1.0,1.0,2,1.0,1.0,1.0,2,1.0,1.0,1.0,2,1.0,1.0,1.0,2,1.0,1.0,1.0,2,8,8,8,2,0,0,0,0,,,,0,,,,0,,,,2,1.0,1.0,1.0,2,1.0,1.0,1.0,2,1.0,1.0,1.0,2,1.0,1.0,1.0,2,1.0,1.0,1.0,2,1.0,1.0,1.0,2,8,8,8,2,1.0,1.0,1.0,2,800,800,800,2,0,0,0,2,0,0,0,2,0.0,0.0,0.0,2,19.58118950278731,19.398859003558755,19.763520002015866
nonconvex,quality_rings_n800_g8_d6_noise0,rings,800,8,6,0,5,50,1,hgp_first_coverage,2,0,0,2,1.0,1.0,1.0,2,1.0,1.0,1.0,2,1.0,1.0,1.0,2,1.0,1.0,1.0,2,1.0,1.0,1.0,2,1.0,1.0,1.0,2,8,8,8,2,0,0,0,0,,,,0,,,,0,,,,2,1.0,1.0,1.0,2,1.0,1.0,1.0,2,1.0,1.0,1.0,2,1.0,1.0,1.0,2,1.0,1.0,1.0,2,1.0,1.0,1.0,2,8,8,8,2,1.0,1.0,1.0,2,800,800,800,2,0,0,0,2,0,0,0,2,0.0,0.0,0.0,2,13.68156999888015,12.897879001684487,14.465260996075813
nonconvex,quality_rings_n800_g8_d6_noise0,rings,800,8,6,0,5,50,1,hgp_weighted_full_vote,2,0,0,2,1.0,1.0,1.0,2,1.0,1.0,1.0,2,1.0,1.0,1.0,2,1.0,1.0,1.0,2,1.0,1.0,1.0,2,1.0,1.0,1.0,2,8,8,8,2,0,0,0,0,,,,0,,,,0,,,,2,1.0,1.0,1.0,2,1.0,1.0,1.0,2,1.0,1.0,1.0,2,1.0,1.0,1.0,2,1.0,1.0,1.0,2,1.0,1.0,1.0,2,8,8,8,2,1.0,1.0,1.0,2,800,800,800,2,0,0,0,2,0,0,0,2,0.0,0.0,0.0,2,100.9869154986518,100.88635300053284,101.08747799677076
nonconvex,quality_rings_n800_g8_d6_noise0,rings,800,8,6,0,5,50,2,hdbscan_common,2,0,0,2,1.0,1.0,1.0,2,1.0,1.0,1.0,2,1.0,1.0,1.0,2,1.0,1.0,1.0,2,1.0,1.0,1.0,2,1.0,1.0,1.0,2,8,8,8,2,0,0,0,0,,,,0,,,,0,,,,2,1.0,1.0,1.0,2,1.0,1.0,1.0,2,1.0,1.0,1.0,2,1.0,1.0,1.0,2,1.0,1.0,1.0,2,1.0,1.0,1.0,2,8,8,8,2,1.0,1.0,1.0,2,800,800,800,2,0,0,0,2,0,0,0,2,0.0,0.0,0.0,2,17.008011498546693,16.606942997896113,17.409079999197274
nonconvex,quality_rings_n800_g8_d6_noise0,rings,800,8,6,0,5,50,2,hgp_exclusive_point_routing,2,0,0,2,1.0,1.0,1.0,2,1.0,1.0,1.0,2,1.0,1.0,1.0,2,1.0,1.0,1.0,2,1.0,1.0,1.0,2,1.0,1.0,1.0,2,8,8,8,2,0,0,0,0,,,,0,,,,0,,,,2,1.0,1.0,1.0,2,1.0,1.0,1.0,2,1.0,1.0,1.0,2,1.0,1.0,1.0,2,1.0,1.0,1.0,2,1.0,1.0,1.0,2,8,8,8,2,1.0,1.0,1.0,2,800,800,800,2,0,0,0,2,0,0,0,2,0.0,0.0,0.0,2,24.24459949907032,22.245005995500833,26.244193002639804
nonconvex,quality_rings_n800_g8_d6_noise0,rings,800,8,6,0,5,50,2,hgp_first_coverage,2,0,0,2,1.0,1.0,1.0,2,1.0,1.0,1.0,2,1.0,1.0,1.0,2,1.0,1.0,1.0,2,1.0,1.0,1.0,2,1.0,1.0,1.0,2,8,8,8,2,0,0,0,0,,,,0,,,,0,,,,2,1.0,1.0,1.0,2,1.0,1.0,1.0,2,1.0,1.0,1.0,2,1.0,1.0,1.0,2,1.0,1.0,1.0,2,1.0,1.0,1.0,2,8,8,8,2,1.0,1.0,1.0,2,800,800,800,2,0,0,0,2,0,0,0,2,0.0,0.0,0.0,2,13.06982400274137,12.455594005587045,13.684053999895696
nonconvex,quality_rings_n800_g8_d6_noise0,rings,800,8,6,0,5,50,2,hgp_weighted_full_vote,2,0,0,2,1.0,1.0,1.0,2,1.0,1.0,1.0,2,1.0,1.0,1.0,2,1.0,1.0,1.0,2,1.0,1.0,1.0,2,1.0,1.0,1.0,2,8,8,8,2,0,0,0,0,,,,0,,,,0,,,,2,1.0,1.0,1.0,2,1.0,1.0,1.0,2,1.0,1.0,1.0,2,1.0,1.0,1.0,2,1.0,1.0,1.0,2,1.0,1.0,1.0,2,8,8,8,2,1.0,1.0,1.0,2,800,800,800,2,0,0,0,2,0,0,0,2,0.0,0.0,0.0,2,131.9543405006698,98.78599800140364,165.12268299993593
shape_density,quality_anisotropic_n800_g8_d4_noise0,anisotropic,800,8,4,0,5,20,1,hdbscan_common,2,0,0,2,0.27699078553017276,0.07651806965862967,0.4774635014017158,2,0.4672935732215645,0.2860461737492906,0.6485409726938385,2,0.27699078553017276,0.07651806965862967,0.4774635014017158,2,0.3158034607833028,0.07641062508366192,0.5551962964829437,2,0.39854220449230754,0.07742212592021182,0.7196622830644033,2,0.869375,0.78125,0.9575,2,4,2,6,2,104.5,34,175,0,,,,0,,,,0,,,,2,0.3758992380698621,0.14349775784753363,0.6083007182921906,2,0.4125,0.245,0.58,2,0.367730674682464,0.1552811020971266,0.5801802472678015,2,0.49913733681462136,0.2558746736292428,0.7424,2,0.4125,0.245,0.58,2,0.450773677488741,0.2503192848020434,0.6512280701754386,2,0,0,0,2,0.0,0.0,0.0,2,330,196,464,2,-4,-6,-2,2,4,2,6,2,0.130625,0.0425,0.21875,2,17.434716999559896,16.054332998464815,18.815101000654977
shape_density,quality_anisotropic_n800_g8_d4_noise0,anisotropic,800,8,4,0,5,20,1,hdbscan_standard,2,0,0,2,0.27757425916002076,0.07651806965862967,0.4786304486614118,2,0.46638879782681775,0.2860461737492906,0.6467314219043448,2,0.27757425916002076,0.07651806965862967,0.4786304486614118,2,0.31555750780815855,0.07641062508366192,0.5547043905326552,2,0.3968917866380979,0.07742212592021182,0.716361447355984,2,0.870625,0.78375,0.9575,2,4,2,6,2,103.5,34,173,0,,,,0,,,,0,,,,2,0.375858083548352,0.14349775784753363,0.6082184092491704,2,0.413125,0.245,0.58125,2,0.3679298634409748,0.1552811020971266,0.580578624784823,2,0.498750733943808,0.2558746736292428,0.7416267942583732,2,0.413125,0.245,0.58125,2,0.4510180866897393,0.2503192848020434,0.6517168885774351,2,0,0,0,2,0.0,0.0,0.0,2,330.5,196,465,2,-4,-6,-2,2,4,2,6,2,0.129375,0.0425,0.21625,2,0.0,0.0,0.0
shape_density,quality_anisotropic_n800_g8_d4_noise0,anisotropic,800,8,4,0,5,20,1,hgp_exclusive_point_routing,2,0,0,2,0.3243128032507307,0.07482527082821601,0.5738003356732454,2,0.4952795415143507,0.2954029749065172,0.6951561081221843,2,0.3243128032507307,0.07482527082821601,0.5738003356732454,2,0.3317184142036537,0.07482449193410508,0.5886123364732023,2,0.3632044885328281,0.07495428962306086,0.6514546874425954,2,0.948125,0.90125,0.995,2,4.5,2,7,2,41.5,4,79,0,,,,0,,,,0,,,,2,0.3658896252966558,0.1417097701149425,0.590069480478369,2,0.43062500000000004,0.24875,0.6125,2,0.3665313195530265,0.1551570351758794,0.5779056039301735,2,0.46480582524271846,0.25,0.6796116504854369,2,0.43062500000000004,0.24875,0.6125,2,0.4468431927946098,0.24937343358395989,0.6443129520052597,2,0,0,0,2,0.0,0.0,0.0,2,344.5,199,490,2,-3.5,-6,-1,2,3.5,1,6,2,0.051875000000000004,0.005,0.09875,2,32.83029200247256,29.13977100251941,36.52081300242571
shape_density,quality_anisotropic_n800_g8_d4_noise0,anisotropic,800,8,4,0,5,20,1,hgp_first_coverage,2,0,0,2,0.32152123734152716,0.07488932316436021,0.568153151518694,2,0.49760212595138287,0.2993589134236564,0.6958453384791093,2,0.32152123734152716,0.07488932316436021,0.568153151518694,2,0.32965958128164635,0.07488854710079282,0.5844306154624999,2,0.36313508102197883,0.07501819452563625,0.6512519675183214,2,0.9450000000000001,0.895,0.995,2,4.5,2,7,2,44,4,84,0,,,,0,,,,0,,,,2,0.36656294100418196,0.14293400286944047,0.5901918791389235,2,0.429375,0.24875,0.61,2,0.3662389920355917,0.1557394879037597,0.5767384961674237,2,0.4657821229050279,0.25,0.6815642458100558,2,0.429375,0.24875,0.61,2,0.4465864529397372,0.24937343358395989,0.6437994722955145,2,0,0,0,2,0.0,0.0,0.0,2,343.5,199,488,2,-3.5,-6,-1,2,3.5,1,6,2,0.055,0.005,0.105,2,18.59230599802686,18.318064001505263,18.866547994548455
shape_density,quality_anisotropic_n800_g8_d4_noise0,anisotropic,800,8,4,0,5,20,1,hgp_weighted_full_vote,2,0,0,2,0.3495711866449545,0.07482527082821601,0.624317102461693,2,0.5145867431813119,0.2954029749065172,0.7337705114561066,2,0.3495711866449545,0.07482527082821601,0.624317102461693,2,0.35360190293208904,0.07482449193410508,0.632379313930073,2,0.377675557139856,0.07495428962306086,0.6803968246566512,2,0.9606250000000001,0.92625,0.995,2,4,2,6,2,31.5,4,59,0,,,,0,,,,0,,,,2,0.36670949912221296,0.1417097701149425,0.5917092281294835,2,0.455,0.24875,0.66125,2,0.38215488509925505,0.1551570351758794,0.6091527350226307,2,0.48195006747638325,0.25,0.7139001349527665,2,0.455,0.24875,0.66125,2,0.4679702988815322,0.24937343358395989,0.6865671641791045,2,0,0,0,2,0.0,0.0,0.0,2,364,199,529,2,-4,-6,-2,2,4,2,6,2,0.039375,0.005,0.07375,2,824.4846659981704,601.3478099994245,1047.6215219969163
shape_density,quality_anisotropic_n800_g8_d4_noise0,anisotropic,800,8,4,0,5,20,2,hdbscan_common,2,0,0,2,0.4452761266870287,0.41308875197234163,0.4774635014017158,2,0.636060546055798,0.6235801194177575,0.6485409726938385,2,0.4452761266870287,0.41308875197234163,0.4774635014017158,2,0.5358179765522646,0.5164396566215855,0.5551962964829437,2,0.7258012034318859,0.7196622830644033,0.7319401237993687,2,0.75625,0.73125,0.78125,2,6.5,6,7,2,195,175,215,0,,,,0,,,,0,,,,2,0.6835889231391439,0.6083007182921906,0.7588771279860973,2,0.584375,0.58,0.58875,2,0.6093776680010027,0.5801802472678015,0.6385750887342039,2,0.7737641025641026,0.7424,0.8051282051282052,2,0.584375,0.58,0.58875,2,0.6656862372537843,0.6512280701754386,0.68014440433213,2,0,0,0,2,0.0,0.0,0.0,2,467.5,464,471,2,-1.5,-2,-1,2,1.5,1,2,2,0.24375,0.21875,0.26875,2,16.911747497942997,16.17494899983285,17.648545996053144
shape_density,quality_anisotropic_n800_g8_d4_noise0,anisotropic,800,8,4,0,5,20,2,hgp_exclusive_point_routing,2,0,0,2,0.5318229612121481,0.4895782540023399,0.5740676684219564,2,0.689143585788947,0.6819199499051011,0.6963672216727927,2,0.5318229612121481,0.4895782540023399,0.5740676684219564,2,0.5432450897548893,0.498290677779767,0.5881995017300117,2,0.5955279914481482,0.5410813747395631,0.6499746081567332,2,0.90625,0.9025,0.91,2,7,7,7,2,75,72,78,0,,,,0,,,,0,,,,2,0.6146823891035271,0.5888021611968106,0.6405626170102438,2,0.608125,0.60375,0.6125,2,0.5823949343620296,0.5772960109580301,0.587493857766029,2,0.6710659492861708,0.6634615384615384,0.6786703601108033,2,0.608125,0.60375,0.6125,2,0.6380442859010258,0.6321989528795812,0.6438896189224704,2,0,0,0,2,0.0,0.0,0.0,2,486.5,483,490,2,-1,-1,-1,2,1,1,1,2,0.09375,0.09,0.0975,2,28.378040999086807,22.033290995750576,34.72279100242304
shape_density,quality_anisotropic_n800_g8_d4_noise0,anisotropic,800,8,4,0,5,20,2,hgp_first_coverage,2,0,0,2,0.5263936560131233,0.4846341605075525,0.568153151518694,2,0.687830418094616,0.6798154977101226,0.6958453384791093,2,0.5263936560131233,0.4846341605075525,0.568153151518694,2,0.5395035081936954,0.4945764009248911,0.5844306154624999,2,0.5957302007615962,0.5402084340048711,0.6512519675183214,2,0.899375,0.895,0.90375,2,7,7,7,2,80.5,77,84,0,,,,0,,,,0,,,,2,0.6163529360773664,0.5901918791389235,0.6425139930158094,2,0.605625,0.60125,0.61,2,0.5820527946764014,0.5767384961674237,0.587367093185379,2,0.6734238933061344,0.665283540802213,0.6815642458100558,2,0.605625,0.60125,0.61,2,0.6377237676645005,0.6316480630334865,0.6437994722955145,2,0,0,0,2,0.0,0.0,0.0,2,484.5,481,488,2,-1,-1,-1,2,1,1,1,2,0.10062499999999999,0.09625,0.105,2,14.096138002059888,13.921778001531493,14.270498002588283
shape_density,quality_anisotropic_n800_g8_d4_noise0,anisotropic,800,8,4,0,5,20,2,hgp_weighted_full_vote,2,0,0,2,0.3504800917527779,0.07482527082821601,0.6261349126773398,2,0.515479063556056,0.2954029749065172,0.7355551522055948,2,0.3504800917527779,0.07482527082821601,0.6261349126773398,2,0.3545332549736664,0.07482449193410508,0.6342420180132277,2,0.3787266929291311,0.07495428962306086,0.6824990962352013,2,0.9606250000000001,0.92625,0.995,2,4,2,6,2,31.5,4,59,0,,,,0,,,,0,,,,2,0.3665221359694639,0.1417097701149425,0.5913345018239854,2,0.455625,0.24875,0.6625,2,0.3825541545485962,0.1551570351758794,0.609951273921313,2,0.4826248313090418,0.25,0.7152496626180836,2,0.455625,0.24875,0.6625,2,0.46861922814824214,0.24937343358395989,0.6878650227125244,2,0,0,0,2,0.0,0.0,0.0,2,364.5,199,530,2,-4,-6,-2,2,4,2,6,2,0.039375,0.005,0.07375,2,675.6535130007251,661.8074479993084,689.4995780021418
shape_density,quality_anisotropic_n800_g8_d4_noise0,anisotropic,800,8,4,0,5,50,1,hdbscan_common,2,0,0,2,0.27699078553017276,0.07651806965862967,0.4774635014017158,2,0.4672935732215645,0.2860461737492906,0.6485409726938385,2,0.27699078553017276,0.07651806965862967,0.4774635014017158,2,0.3158034607833028,0.07641062508366192,0.5551962964829437,2,0.39854220449230754,0.07742212592021182,0.7196622830644033,2,0.869375,0.78125,0.9575,2,4,2,6,2,104.5,34,175,0,,,,0,,,,0,,,,2,0.3758992380698621,0.14349775784753363,0.6083007182921906,2,0.4125,0.245,0.58,2,0.367730674682464,0.1552811020971266,0.5801802472678015,2,0.49913733681462136,0.2558746736292428,0.7424,2,0.4125,0.245,0.58,2,0.450773677488741,0.2503192848020434,0.6512280701754386,2,0,0,0,2,0.0,0.0,0.0,2,330,196,464,2,-4,-6,-2,2,4,2,6,2,0.130625,0.0425,0.21875,2,16.029927995987236,15.775673993630335,16.28418199834414
shape_density,quality_anisotropic_n800_g8_d4_noise0,anisotropic,800,8,4,0,5,50,1,hdbscan_standard,2,0,0,2,0.27757425916002076,0.07651806965862967,0.4786304486614118,2,0.46638879782681775,0.2860461737492906,0.6467314219043448,2,0.27757425916002076,0.07651806965862967,0.4786304486614118,2,0.31555750780815855,0.07641062508366192,0.5547043905326552,2,0.3968917866380979,0.07742212592021182,0.716361447355984,2,0.870625,0.78375,0.9575,2,4,2,6,2,103.5,34,173,0,,,,0,,,,0,,,,2,0.375858083548352,0.14349775784753363,0.6082184092491704,2,0.413125,0.245,0.58125,2,0.3679298634409748,0.1552811020971266,0.580578624784823,2,0.498750733943808,0.2558746736292428,0.7416267942583732,2,0.413125,0.245,0.58125,2,0.4510180866897393,0.2503192848020434,0.6517168885774351,2,0,0,0,2,0.0,0.0,0.0,2,330.5,196,465,2,-4,-6,-2,2,4,2,6,2,0.129375,0.0425,0.21625,2,0.0,0.0,0.0
shape_density,quality_anisotropic_n800_g8_d4_noise0,anisotropic,800,8,4,0,5,50,1,hgp_exclusive_point_routing,2,0,0,2,0.3472047519445218,0.07482527082821601,0.6195842330608275,2,0.510018057277764,0.2954029749065172,0.7246331396490107,2,0.3472047519445218,0.07482527082821601,0.6195842330608275,2,0.3518321320302536,0.07482449193410508,0.6288397721264021,2,0.3772737196826826,0.07495428962306086,0.6795931497423043,2,0.95875,0.9225,0.995,2,4,2,6,2,33,4,62,0,,,,0,,,,0,,,,2,0.3656563292906835,0.1417097701149425,0.5896028884664244,2,0.453125,0.24875,0.6575,2,0.3812236828073439,0.1551570351758794,0.6072903304388084,2,0.48136856368563685,0.25,0.7127371273712737,2,0.453125,0.24875,0.6575,2,0.46668931757221405,0.24937343358395989,0.6840052015604682,2,0,0,0,2,0.0,0.0,0.0,2,362.5,199,526,2,-4,-6,-2,2,4,2,6,2,0.04125,0.005,0.0775,2,23.309866497584153,23.259046996827237,23.36068599834107
shape_density,quality_anisotropic_n800_g8_d4_noise0,anisotropic,800,8,4,0,5,50,1,hgp_first_coverage,2,0,0,2,0.34518687532943276,0.07488932316436021,0.6154844274945053,2,0.5123735244224881,0.2993589134236564,0.7253881354213196,2,0.34518687532943276,0.07488932316436021,0.6154844274945053,2,0.35041792063542077,0.07488854710079282,0.6259472941700487,2,0.37758873769210965,0.07501819452563625,0.680159280858583,2,0.95625,0.9175,0.995,2,4,2,6,2,35,4,66,0,,,,0,,,,0,,,,2,0.3663492251987108,0.14293400286944047,0.5897644475279812,2,0.4525,0.24875,0.65625,2,0.3814468297305428,0.1557394879037597,0.6071541715573259,2,0.4826294277929155,0.25,0.715258855585831,2,0.4525,0.24875,0.65625,2,0.4669292200514324,0.24937343358395989,0.6844850065189049,2,0,0,0,2,0.0,0.0,0.0,2,362,199,525,2,-4,-6,-2,2,4,2,6,2,0.043750000000000004,0.005,0.0825,2,14.101382497756276,13.661341996339615,14.541422999172937
shape_density,quality_anisotropic_n800_g8_d4_noise0,anisotropic,800,8,4,0,5,50,1,hgp_weighted_full_vote,2,0,0,2,0.23413614163533494,0.07482527082821601,0.3934470124424539,2,0.46514404281688804,0.2954029749065172,0.634885110727259,2,0.23413614163533494,0.07482527082821601,0.3934470124424539,2,0.2345404063773032,0.07482449193410508,0.3942563208205013,2,0.23933262534916927,0.07495428962306086,0.40371096107527765,2,0.98,0.965,0.995,2,3,2,4,2,16,4,28,0,,,,0,,,,0,,,,2,0.23728738970853508,0.1417097701149425,0.33286500930212765,2,0.3625,0.24875,0.47625,2,0.2616964136405091,0.1551570351758794,0.36823579210513885,2,0.37176165803108807,0.25,0.49352331606217614,2,0.3625,0.24875,0.47625,2,0.3670531290057204,0.24937343358395989,0.4847328244274809,2,0,0,0,2,0.0,0.0,0.0,2,290,199,381,2,-5,-6,-4,2,5,4,6,2,0.02,0.005,0.035,2,663.6426350014517,650.6125849991804,676.672685003723
shape_density,quality_anisotropic_n800_g8_d4_noise0,anisotropic,800,8,4,0,5,50,2,hdbscan_common,2,0,0,2,0.27699078553017276,0.07651806965862967,0.4774635014017158,2,0.4672935732215645,0.2860461737492906,0.6485409726938385,2,0.27699078553017276,0.07651806965862967,0.4774635014017158,2,0.3158034607833028,0.07641062508366192,0.5551962964829437,2,0.39854220449230754,0.07742212592021182,0.7196622830644033,2,0.869375,0.78125,0.9575,2,4,2,6,2,104.5,34,175,0,,,,0,,,,0,,,,2,0.3758992380698621,0.14349775784753363,0.6083007182921906,2,0.4125,0.245,0.58,2,0.367730674682464,0.1552811020971266,0.5801802472678015,2,0.49913733681462136,0.2558746736292428,0.7424,2,0.4125,0.245,0.58,2,0.450773677488741,0.2503192848020434,0.6512280701754386,2,0,0,0,2,0.0,0.0,0.0,2,330,196,464,2,-4,-6,-2,2,4,2,6,2,0.130625,0.0425,0.21875,2,17.203576000611065,16.04493599734269,18.36221600387944
shape_density,quality_anisotropic_n800_g8_d4_noise0,anisotropic,800,8,4,0,5,50,2,hgp_exclusive_point_routing,2,0,0,2,0.564768781449352,0.5098575034436424,0.6196800594550617,2,0.7093440653275757,0.6929217409269071,0.7257663897282443,2,0.564768781449352,0.5098575034436424,0.6196800594550617,2,0.5732487306376207,0.5181037385956159,0.6283937226796256,2,0.6188090917925705,0.5595004287889935,0.6781177547961474,2,0.919375,0.915,0.92375,2,6,6,6,2,64.5,61,68,0,,,,0,,,,0,,,,2,0.6070317294973955,0.5883355691848658,0.6257278898099251,2,0.6475,0.6375,0.6575,2,0.6078545098749195,0.606680737466665,0.6090282822831742,2,0.7042469886199783,0.6967213114754098,0.7117726657645467,2,0.6475,0.6375,0.6575,2,0.6746785491918559,0.6657963446475196,0.6835607537361923,2,0,0,0,2,0.0,0.0,0.0,2,518,510,526,2,-2,-2,-2,2,2,2,2,2,0.080625,0.07625,0.085,2,23.09641799729434,22.027589999197517,24.16524599539116
shape_density,quality_anisotropic_n800_g8_d4_noise0,anisotropic,800,8,4,0,5,50,2,hgp_first_coverage,2,0,0,2,0.5598406004961689,0.5041967734978325,0.6154844274945053,2,0.7078248073844379,0.6902614793475561,0.7253881354213196,2,0.5598406004961689,0.5041967734978325,0.6154844274945053,2,0.5697368318044265,0.5135263694388041,0.6259472941700487,2,0.6186780666106029,0.5571968523626227,0.680159280858583,2,0.9137500000000001,0.91,0.9175,2,6,6,6,2,69,66,72,0,,,,0,,,,0,,,,2,0.6078864868824925,0.5897644475279812,0.6260085262370036,2,0.644375,0.6325000000000001,0.65625,2,0.6065752754069258,0.6059963792565256,0.6071541715573259,2,0.705156900320388,0.695054945054945,0.715258855585831,2,0.6443749999999999,0.6325,0.65625,2,0.6733943357201855,0.662303664921466,0.6844850065189049,2,0,0,0,2,0.0,0.0,0.0,2,515.5,506,525,2,-2,-2,-2,2,2,2,2,2,0.08625,0.0825,0.09,2,13.976434001961024,13.814095997076947,14.138772006845102
shape_density,quality_anisotropic_n800_g8_d4_noise0,anisotropic,800,8,4,0,5,50,2,hgp_weighted_full_vote,2,0,0,2,0.23142062354136136,0.07482527082821601,0.38801597625450673,2,0.46156696891771987,0.2954029749065172,0.6277309629289226,2,0.23142062354136136,0.07482527082821601,0.38801597625450673,2,0.231816986788846,0.07482449193410508,0.3888094816435869,2,0.23652878774075697,0.07495428962306086,0.39810328585845306,2,0.98,0.965,0.995,2,3,2,4,2,16,4,28,0,,,,0,,,,0,,,,2,0.23702919545504406,0.1417097701149425,0.3323486207951456,2,0.36125,0.24875,0.47375,2,0.26097096950543924,0.1551570351758794,0.3667849038349991,2,0.3704663212435233,0.25,0.49093264248704666,2,0.36125,0.24875,0.47375,2,0.36578086437467716,0.24937343358395989,0.4821882951653944,2,0,0,0,2,0.0,0.0,0.0,2,289,199,379,2,-5,-6,-4,2,5,4,6,2,0.02,0.005,0.035,2,805.7449714979157,649.2366899983608,962.2532529974706
shape_density,quality_heteroscedastic_n800_g8_d4_noise0,heteroscedastic,800,8,4,0,5,20,1,hdbscan_common,2,0,0,2,0.571963102755698,0.5570555497164291,0.5868706557949668,2,0.7435458764514353,0.7268699336655964,0.7602218192372744,2,0.571963102755698,0.5570555497164291,0.5868706557949668,2,0.6558140795516356,0.6329124999442931,0.6787156591589782,2,0.9038868786005242,0.8599717049431184,0.94780205225793,2,0.70625,0.7025,0.71,2,6.5,6,7,2,235,232,238,0,,,,0,,,,0,,,,2,0.7619720503167056,0.6989421174599519,0.8250019831734593,2,0.6575,0.6425,0.6725,2,0.6910556744083548,0.6577677711314557,0.7243435776852539,2,0.9311124755651345,0.9049295774647887,0.9572953736654805,2,0.6575,0.6425,0.6725,2,0.7707383362959528,0.7514619883040936,0.7900146842878121,2,0,0,0,2,0.0,0.0,0.0,2,526,514,538,2,-1.5,-2,-1,2,1.5,1,2,2,0.29374999999999996,0.29,0.2975,2,16.4047770012985,16.13020399963716,16.679350002959836
shape_density,quality_heteroscedastic_n800_g8_d4_noise0,heteroscedastic,800,8,4,0,5,20,1,hdbscan_standard,2,0,0,2,0.5744362530863443,0.561509673256807,0.5873628329158816,2,0.7402257926216083,0.7255436367396495,0.7549079485035669,2,0.5744362530863443,0.561509673256807,0.5873628329158816,2,0.6542492667920063,0.6331977815093913,0.6753007520746213,2,0.8955447140086734,0.8539881332037685,0.9371012948135784,2,0.7112499999999999,0.7075,0.715,2,6.5,6,7,2,231,228,234,0,,,,0,,,,0,,,,2,0.7598002617220979,0.6972349813701315,0.8223655420740643,2,0.659375,0.645,0.67375,2,0.6911757197964694,0.6583602639493091,0.7239911756436296,2,0.927197360942944,0.9020979020979021,0.9522968197879859,2,0.659375,0.645,0.67375,2,0.77067601774029,0.7521865889212828,0.7891654465592972,2,0,0,0,2,0.0,0.0,0.0,2,527.5,516,539,2,-1.5,-2,-1,2,1.5,1,2,2,0.28874999999999995,0.285,0.2925,2,0.0,0.0,0.0
shape_density,quality_heteroscedastic_n800_g8_d4_noise0,heteroscedastic,800,8,4,0,5,20,1,hgp_exclusive_point_routing,2,0,0,2,0.7614326733101157,0.7498148317848703,0.773050514835361,2,0.8086043861806589,0.8026731740607147,0.8145355983006032,2,0.7614326733101157,0.7498148317848703,0.773050514835361,2,0.7620964468627145,0.7585606348246198,0.7656322589008091,2,0.8804874837631607,0.8774449077086325,0.883530059817689,2,0.854375,0.85125,0.8575,2,7.5,7,8,2,116.5,114,119,0,,,,0,,,,0,,,,2,0.8319339851073371,0.7934771610190375,0.8703908091956365,2,0.77875,0.7775,0.78,2,0.7853591059114625,0.7822899388552271,0.7884282729676979,2,0.9114918465813009,0.9096209912536443,0.9133627019089574,2,0.77875,0.7775,0.78,2,0.8399057419098623,0.8398384925975774,0.8399729912221472,2,0,0,0,2,0.0,0.0,0.0,2,623,622,624,2,-0.5,-1,0,2,0.5,0,1,2,0.145625,0.1425,0.14875,2,31.507847001194023,29.896672996983398,33.11902100540465
shape_density,quality_heteroscedastic_n800_g8_d4_noise0,heteroscedastic,800,8,4,0,5,20,1,hgp_first_coverage,2,0,0,2,0.7514946189720982,0.7352402615477913,0.7677489763964052,2,0.8010555337221898,0.7963240682861031,0.8057869991582767,2,0.7514946189720982,0.7352402615477913,0.7677489763964052,2,0.7516441805484831,0.7465122194397537,0.7567761416572126,2,0.87230392017621,0.8635452777598099,0.8810625625926098,2,0.84875,0.8375,0.86,2,7.5,7,8,2,121,112,130,0,,,,0,,,,0,,,,2,0.8279145752207827,0.7967490928778242,0.8590800575637412,2,0.771875,0.7675,0.77625,2,0.7795758108226163,0.7764689410936647,0.7826826805515679,2,0.9095170947587643,0.9026162790697675,0.9164179104477612,2,0.771875,0.7675,0.77625,2,0.8350257845073513,0.8346774193548387,0.8353741496598639,2,0,0,0,2,0.0,0.0,0.0,2,617.5,614,621,2,-0.5,-1,0,2,0.5,0,1,2,0.15125,0.14,0.1625,2,18.509916502807755,18.38088100339519,18.63895200222032
shape_density,quality_heteroscedastic_n800_g8_d4_noise0,heteroscedastic,800,8,4,0,5,20,1,hgp_weighted_full_vote,2,0,0,2,0.7542757315101459,0.7465172750894415,0.7620341879308503,2,0.8098526747687378,0.7991386747781173,0.8205666747593583,2,0.7542757315101459,0.7465172750894415,0.7620341879308503,2,0.7467125342595375,0.7396428235239247,0.7537822449951502,2,0.8665336547060306,0.861650542757369,0.8714167666546923,2,0.835,0.81125,0.85875,2,6.5,6,7,2,132,113,151,0,,,,0,,,,0,,,,2,0.7359841070642396,0.6830615437429758,0.7889066703855033,2,0.7562500000000001,0.73375,0.77875,2,0.743059746114578,0.7057904745343115,0.7803290176948444,2,0.9056548760493695,0.9044684129429892,0.9068413391557496,2,0.7562500000000001,0.73375,0.77875,2,0.8240713280916783,0.8102139406487232,0.8379287155346334,2,0,0,0,2,0.0,0.0,0.0,2,605,587,623,2,-1.5,-2,-1,2,1.5,1,2,2,0.16499999999999998,0.14125,0.18875,2,744.705798002542,730.7477380018099,758.6638580032741
shape_density,quality_heteroscedastic_n800_g8_d4_noise0,heteroscedastic,800,8,4,0,5,20,2,hdbscan_common,2,0,0,2,0.571963102755698,0.5570555497164291,0.5868706557949668,2,0.7435458764514353,0.7268699336655964,0.7602218192372744,2,0.571963102755698,0.5570555497164291,0.5868706557949668,2,0.6558140795516356,0.6329124999442931,0.6787156591589782,2,0.9038868786005242,0.8599717049431184,0.94780205225793,2,0.70625,0.7025,0.71,2,6.5,6,7,2,235,232,238,0,,,,0,,,,0,,,,2,0.7619720503167056,0.6989421174599519,0.8250019831734593,2,0.6575,0.6425,0.6725,2,0.6910556744083548,0.6577677711314557,0.7243435776852539,2,0.9311124755651345,0.9049295774647887,0.9572953736654805,2,0.6575,0.6425,0.6725,2,0.7707383362959528,0.7514619883040936,0.7900146842878121,2,0,0,0,2,0.0,0.0,0.0,2,526,514,538,2,-1.5,-2,-1,2,1.5,1,2,2,0.29374999999999996,0.29,0.2975,2,17.227816002559848,16.196929005673155,18.25870299944654
shape_density,quality_heteroscedastic_n800_g8_d4_noise0,heteroscedastic,800,8,4,0,5,20,2,hgp_exclusive_point_routing,2,0,0,2,0.7611972571259291,0.7523060242058582,0.7700884900459999,2,0.8078913975987387,0.805961870089685,0.8098209251077926,2,0.7611972571259291,0.7523060242058582,0.7700884900459999,2,0.7611868376317925,0.7611191924812284,0.7612544827823567,2,0.878598380432508,0.8705096999694831,0.886687060895533,2,0.855,0.85125,0.85875,2,7.5,7,8,2,116,113,119,0,,,,0,,,,0,,,,2,0.8317018905060636,0.7949626799757841,0.8684411010363432,2,0.77875,0.77875,0.77875,2,0.7851255012235074,0.7835953963372367,0.7866556061097782,2,0.9108362349229555,0.9068413391557496,0.9148311306901615,2,0.77875,0.77875,0.77875,2,0.8396260728247104,0.8379287155346334,0.8413234301147873,2,0,0,0,2,0.0,0.0,0.0,2,623,623,623,2,-0.5,-1,0,2,0.5,0,1,2,0.145,0.14125,0.14875,2,23.930532497615786,22.599543997785076,25.261520997446496
shape_density,quality_heteroscedastic_n800_g8_d4_noise0,heteroscedastic,800,8,4,0,5,20,2,hgp_first_coverage,2,0,0,2,0.7514946189720982,0.7352402615477913,0.7677489763964052,2,0.8010555337221898,0.7963240682861031,0.8057869991582767,2,0.7514946189720982,0.7352402615477913,0.7677489763964052,2,0.7516441805484831,0.7465122194397537,0.7567761416572126,2,0.87230392017621,0.8635452777598099,0.8810625625926098,2,0.84875,0.8375,0.86,2,7.5,7,8,2,121,112,130,0,,,,0,,,,0,,,,2,0.8279145752207827,0.7967490928778242,0.8590800575637412,2,0.771875,0.7675,0.77625,2,0.7795758108226163,0.7764689410936647,0.7826826805515679,2,0.9095170947587643,0.9026162790697675,0.9164179104477612,2,0.771875,0.7675,0.77625,2,0.8350257845073513,0.8346774193548387,0.8353741496598639,2,0,0,0,2,0.0,0.0,0.0,2,617.5,614,621,2,-0.5,-1,0,2,0.5,0,1,2,0.15125,0.14,0.1625,2,15.694708497903775,13.903613995353226,17.485803000454325
shape_density,quality_heteroscedastic_n800_g8_d4_noise0,heteroscedastic,800,8,4,0,5,20,2,hgp_weighted_full_vote,2,0,0,2,0.7542757315101459,0.7465172750894415,0.7620341879308503,2,0.8098526747687378,0.7991386747781173,0.8205666747593583,2,0.7542757315101459,0.7465172750894415,0.7620341879308503,2,0.7467125342595375,0.7396428235239247,0.7537822449951502,2,0.8665336547060306,0.861650542757369,0.8714167666546923,2,0.835,0.81125,0.85875,2,6.5,6,7,2,132,113,151,0,,,,0,,,,0,,,,2,0.7359841070642396,0.6830615437429758,0.7889066703855033,2,0.7562500000000001,0.73375,0.77875,2,0.743059746114578,0.7057904745343115,0.7803290176948444,2,0.9056548760493695,0.9044684129429892,0.9068413391557496,2,0.7562500000000001,0.73375,0.77875,2,0.8240713280916783,0.8102139406487232,0.8379287155346334,2,0,0,0,2,0.0,0.0,0.0,2,605,587,623,2,-1.5,-2,-1,2,1.5,1,2,2,0.16499999999999998,0.14125,0.18875,2,1249.9232390036923,1085.4388830048265,1414.407595002558
shape_density,quality_heteroscedastic_n800_g8_d4_noise0,heteroscedastic,800,8,4,0,5,50,1,hdbscan_common,2,0,0,2,0.5678142609933008,0.5570555497164291,0.5785729722701726,2,0.750121202250855,0.7268699336655964,0.7733724708361136,2,0.5678142609933008,0.5570555497164291,0.5785729722701726,2,0.6530014322989379,0.6329124999442931,0.6730903646535826,2,0.9079312437261957,0.8599717049431184,0.955890782509273,2,0.683125,0.65625,0.71,2,6,6,6,2,253.5,232,275,0,,,,0,,,,0,,,,2,0.7146747530194083,0.6989421174599519,0.7304073885788647,2,0.6399999999999999,0.6375,0.6425,2,0.6655082291528803,0.6577677711314557,0.673248687174305,2,0.93817907444668,0.9049295774647887,0.9714285714285714,2,0.6399999999999999,0.6375,0.6425,2,0.7606366545294053,0.7514619883040936,0.769811320754717,2,0,0,0,2,0.0,0.0,0.0,2,512,510,514,2,-2,-2,-2,2,2,2,2,2,0.316875,0.29,0.34375,2,16.919215999223525,16.421378000814002,17.417053997633047
shape_density,quality_heteroscedastic_n800_g8_d4_noise0,heteroscedastic,800,8,4,0,5,50,1,hdbscan_standard,2,0,0,2,0.5702655549302496,0.561509673256807,0.5790214366036921,2,0.7466712768213128,0.7255436367396495,0.7677989169029761,2,0.5702655549302496,0.561509673256807,0.5790214366036921,2,0.6511900477621377,0.6331977815093913,0.6691823140148841,2,0.8994961821050035,0.8539881332037685,0.9450042310062384,2,0.6875,0.66,0.715,2,6,6,6,2,250,228,272,0,,,,0,,,,0,,,,2,0.7121028933010454,0.6972349813701315,0.7269708052319591,2,0.64125,0.6375,0.645,2,0.6649076038544404,0.6583602639493091,0.6714549437595716,2,0.9340034965034965,0.9020979020979021,0.9659090909090909,2,0.64125,0.6375,0.645,2,0.7601294390389546,0.7521865889212828,0.7680722891566265,2,0,0,0,2,0.0,0.0,0.0,2,513,510,516,2,-2,-2,-2,2,2,2,2,2,0.3125,0.285,0.34,2,0.0,0.0,0.0
shape_density,quality_heteroscedastic_n800_g8_d4_noise0,heteroscedastic,800,8,4,0,5,50,1,hgp_exclusive_point_routing,2,0,0,2,0.7645790492429143,0.7498148317848703,0.7793432667009582,2,0.8239648852558936,0.8026731740607147,0.8452565964510727,2,0.7645790492429143,0.7498148317848703,0.7793432667009582,2,0.7604540005504627,0.7585606348246198,0.7623473662763057,2,0.8936790857445083,0.883530059817689,0.9038281116713277,2,0.82,0.78875,0.85125,2,6.5,6,7,2,144,119,169,0,,,,0,,,,0,,,,2,0.7472191309959312,0.7009611009728248,0.7934771610190375,2,0.755625,0.73375,0.7775,2,0.7490449678531385,0.7157999968510498,0.7822899388552271,2,0.9218160577690587,0.9133627019089574,0.93026941362916,2,0.755625,0.73375,0.7775,2,0.830189151096748,0.8204053109713487,0.8399729912221472,2,0,0,0,2,0.0,0.0,0.0,2,604.5,587,622,2,-1.5,-2,-1,2,1.5,1,2,2,0.18,0.14875,0.21125,2,23.6733234996791,21.973328999592923,25.373317999765277
shape_density,quality_heteroscedastic_n800_g8_d4_noise0,heteroscedastic,800,8,4,0,5,50,1,hgp_first_coverage,2,0,0,2,0.7542625301052144,0.7352402615477913,0.7732847986626376,2,0.8159348524233911,0.7963240682861031,0.8355456365606792,2,0.7542625301052144,0.7352402615477913,0.7732847986626376,2,0.7499381881071971,0.7465122194397537,0.7533641567746407,2,0.8856581081901166,0.8810625625926098,0.8902536537876233,2,0.8143750000000001,0.79125,0.8375,2,6.5,6,7,2,148.5,130,167,0,,,,0,,,,0,,,,2,0.7468469359634883,0.6969447790491523,0.7967490928778242,2,0.7493749999999999,0.73125,0.7675,2,0.7443690924763631,0.7122692438590613,0.7764689410936647,2,0.9202942632807527,0.9164179104477612,0.9241706161137441,2,0.7493749999999999,0.73125,0.7675,2,0.8259215479632187,0.8164689462665736,0.8353741496598639,2,0,0,0,2,0.0,0.0,0.0,2,599.5,585,614,2,-1.5,-2,-1,2,1.5,1,2,2,0.18562499999999998,0.1625,0.20875,2,14.893264000420459,14.461254002526402,15.325273998314515
shape_density,quality_heteroscedastic_n800_g8_d4_noise0,heteroscedastic,800,8,4,0,5,50,1,hgp_weighted_full_vote,2,0,0,2,0.7511952985743535,0.7403564092178568,0.7620341879308503,2,0.8192965471716951,0.8180264195840318,0.8205666747593583,2,0.7511952985743535,0.7403564092178568,0.7620341879308503,2,0.7389750777838577,0.7383073320437906,0.7396428235239247,2,0.8800671800464271,0.861650542757369,0.8984838173354853,2,0.7887500000000001,0.76625,0.81125,2,6,6,6,2,169,151,187,0,,,,0,,,,0,,,,2,0.6930287072009449,0.6830615437429758,0.7029958706589141,2,0.724375,0.715,0.73375,2,0.706276609832621,0.7057904745343115,0.7067627451309304,2,0.9187921183801406,0.9044684129429892,0.933115823817292,2,0.724375,0.715,0.73375,2,0.8099194260922313,0.8096249115357396,0.8102139406487232,2,0,0,0,2,0.0,0.0,0.0,2,579.5,572,587,2,-2,-2,-2,2,2,2,2,2,0.21125,0.18875,0.23375,2,895.2128149976488,762.3549799973262,1028.0706499979715
shape_density,quality_heteroscedastic_n800_g8_d4_noise0,heteroscedastic,800,8,4,0,5,50,2,hdbscan_common,2,0,0,2,0.5678142609933008,0.5570555497164291,0.5785729722701726,2,0.750121202250855,0.7268699336655964,0.7733724708361136,2,0.5678142609933008,0.5570555497164291,0.5785729722701726,2,0.6530014322989379,0.6329124999442931,0.6730903646535826,2,0.9079312437261957,0.8599717049431184,0.955890782509273,2,0.683125,0.65625,0.71,2,6,6,6,2,253.5,232,275,0,,,,0,,,,0,,,,2,0.7146747530194083,0.6989421174599519,0.7304073885788647,2,0.6399999999999999,0.6375,0.6425,2,0.6655082291528803,0.6577677711314557,0.673248687174305,2,0.93817907444668,0.9049295774647887,0.9714285714285714,2,0.6399999999999999,0.6375,0.6425,2,0.7606366545294053,0.7514619883040936,0.769811320754717,2,0,0,0,2,0.0,0.0,0.0,2,512,510,514,2,-2,-2,-2,2,2,2,2,2,0.316875,0.29,0.34375,2,17.843790501501644,15.869980001298245,19.817601001705043
shape_density,quality_heteroscedastic_n800_g8_d4_noise0,heteroscedastic,800,8,4,0,5,50,2,hgp_exclusive_point_routing,2,0,0,2,0.7647514054963745,0.7523060242058582,0.7771967867868909,2,0.8232180036364867,0.805961870089685,0.8404741371832885,2,0.7647514054963745,0.7523060242058582,0.7771967867868909,2,0.7595277854088401,0.7578010880353235,0.7612544827823567,2,0.8915150276104833,0.886687060895533,0.8963429943254337,2,0.8206249999999999,0.79,0.85125,2,6.5,6,7,2,143.5,119,168,0,,,,0,,,,0,,,,2,0.7469870363946578,0.6990113928135315,0.7949626799757841,2,0.755625,0.7325,0.77875,2,0.7488113631651834,0.7140273299931301,0.7835953963372367,2,0.9210231602817895,0.9148311306901615,0.9272151898734177,2,0.755625,0.7325,0.77875,2,0.8298795921523657,0.8184357541899442,0.8413234301147873,2,0,0,0,2,0.0,0.0,0.0,2,604.5,586,623,2,-1.5,-2,-1,2,1.5,1,2,2,0.179375,0.14875,0.21,2,23.232446998008527,22.438517000409774,24.02637699560728
shape_density,quality_heteroscedastic_n800_g8_d4_noise0,heteroscedastic,800,8,4,0,5,50,2,hgp_first_coverage,2,0,0,2,0.7542625301052144,0.7352402615477913,0.7732847986626376,2,0.8159348524233911,0.7963240682861031,0.8355456365606792,2,0.7542625301052144,0.7352402615477913,0.7732847986626376,2,0.7499381881071971,0.7465122194397537,0.7533641567746407,2,0.8856581081901166,0.8810625625926098,0.8902536537876233,2,0.8143750000000001,0.79125,0.8375,2,6.5,6,7,2,148.5,130,167,0,,,,0,,,,0,,,,2,0.7468469359634883,0.6969447790491523,0.7967490928778242,2,0.7493749999999999,0.73125,0.7675,2,0.7443690924763631,0.7122692438590613,0.7764689410936647,2,0.9202942632807527,0.9164179104477612,0.9241706161137441,2,0.7493749999999999,0.73125,0.7675,2,0.8259215479632187,0.8164689462665736,0.8353741496598639,2,0,0,0,2,0.0,0.0,0.0,2,599.5,585,614,2,-1.5,-2,-1,2,1.5,1,2,2,0.18562499999999998,0.1625,0.20875,2,15.013693504442926,13.790353004878853,16.237034004007
shape_density,quality_heteroscedastic_n800_g8_d4_noise0,heteroscedastic,800,8,4,0,5,50,2,hgp_weighted_full_vote,2,0,0,2,0.7511952985743535,0.7403564092178568,0.7620341879308503,2,0.8192965471716951,0.8180264195840318,0.8205666747593583,2,0.7511952985743535,0.7403564092178568,0.7620341879308503,2,0.7389750777838577,0.7383073320437906,0.7396428235239247,2,0.8800671800464271,0.861650542757369,0.8984838173354853,2,0.7887500000000001,0.76625,0.81125,2,6,6,6,2,169,151,187,0,,,,0,,,,0,,,,2,0.6930287072009449,0.6830615437429758,0.7029958706589141,2,0.724375,0.715,0.73375,2,0.706276609832621,0.7057904745343115,0.7067627451309304,2,0.9187921183801406,0.9044684129429892,0.933115823817292,2,0.724375,0.715,0.73375,2,0.8099194260922313,0.8096249115357396,0.8102139406487232,2,0,0,0,2,0.0,0.0,0.0,2,579.5,572,587,2,-2,-2,-2,2,2,2,2,2,0.21125,0.18875,0.23375,2,811.7929830004869,810.7943559953128,812.7916100056609
shape_density,quality_unbalanced_n800_g8_d4_noise0,unbalanced,800,8,4,0,5,20,1,hdbscan_common,2,0,0,2,0.3125716849838577,0.30377753505424854,0.3213658349134668,2,0.5190847426202719,0.5159166478538407,0.5222528373867031,2,0.3125716849838577,0.30377753505424854,0.3213658349134668,2,0.3273798520822241,0.3133627365503324,0.3413969676141157,2,0.32677734535479525,0.31251456227777485,0.34104012843181564,2,0.8474999999999999,0.81875,0.87625,2,4,4,4,2,122,99,145,0,,,,0,,,,0,,,,2,0.4108266446505118,0.40842391304347825,0.4132293762575453,2,0.401953125,0.3921875,0.41171875,2,0.37827812338675737,0.37137096774193545,0.38518527903157934,2,0.5134649519225534,0.5078459343794579,0.5190839694656488,2,0.435,0.425,0.445,2,0.4708521924673357,0.46735395189003437,0.4743504330446369,2,0,0,0,2,0.0,0.0,0.0,2,348,340,356,2,-4,-4,-4,2,4,4,4,2,0.1525,0.12375,0.18125,2,16.489965997607214,16.161352999915835,16.818578995298594
shape_density,quality_unbalanced_n800_g8_d4_noise0,unbalanced,800,8,4,0,5,20,1,hdbscan_standard,2,0,0,2,0.31268897094277065,0.30350163313780315,0.32187630874773815,2,0.5183117373441666,0.513145118136842,0.5234783565514911,2,0.31268897094277065,0.30350163313780315,0.32187630874773815,2,0.327202262678675,0.3128033793966993,0.34160114596065083,2,0.32663397521900506,0.3113818418478513,0.34188610859015883,2,0.8487499999999999,0.82,0.8775,2,4,4,4,2,121,98,144,0,,,,0,,,,0,,,,2,0.410553156877024,0.4087215320910973,0.4123847816629507,2,0.40351562500000004,0.3953125,0.41171875,2,0.3794840673244523,0.3741715141900229,0.3847966204588817,2,0.5134697901466194,0.5071225071225072,0.5198170731707317,2,0.43562500000000004,0.42625,0.445,2,0.4712206069562927,0.4684065934065934,0.474034620505992,2,0,0,0,2,0.0,0.0,0.0,2,348.5,341,356,2,-4,-4,-4,2,4,4,4,2,0.15125,0.1225,0.18,2,0.0,0.0,0.0
shape_density,quality_unbalanced_n800_g8_d4_noise0,unbalanced,800,8,4,0,5,20,1,hgp_exclusive_point_routing,2,0,0,2,0.5451981425137704,0.2842372896780351,0.8061589953495057,2,0.6990458740453445,0.5786828600162566,0.8194088880744322,2,0.5451981425137704,0.2842372896780351,0.8061589953495057,2,0.5567340704621744,0.28424669666052066,0.829221444263828,2,0.6177024317585467,0.28387304665180674,0.9515318168652865,2,0.9412499999999999,0.88625,0.99625,2,6,4,8,2,47,3,91,0,,,,0,,,,0,,,,2,0.6851532630014566,0.4046865674940872,0.965619958508826,2,0.6609375,0.4765625,0.8453125,2,0.6573606916143029,0.4152056764037398,0.899515706824866,2,0.7333061392067928,0.4905897114178168,0.9760225669957687,2,0.676875,0.48875,0.865,2,0.7034159061494112,0.48966812773951157,0.9171636845593109,2,0.5,0,1,2,0.0625,0.0,0.125,2,541.5,391,692,2,-2,-4,0,2,2,0,4,2,0.058750000000000004,0.00375,0.11375,2,30.009398000402143,29.59750500303926,30.421290997765027
shape_density,quality_unbalanced_n800_g8_d4_noise0,unbalanced,800,8,4,0,5,20,1,hgp_first_coverage,2,0,0,2,0.5400977464212493,0.2875993153771008,0.7925961774653978,2,0.6979559403864947,0.5845108264504468,0.8114010543225425,2,0.5400977464212493,0.2875993153771008,0.7925961774653978,2,0.5528306433261518,0.2876347175368493,0.8180265691154545,2,0.6179112148878825,0.28689538283063276,0.9489270469451323,2,0.93625,0.88,0.9925,2,6,4,8,2,51,6,96,0,,,,0,,,,0,,,,2,0.6859340601922117,0.4088750124555751,0.9629931079288483,2,0.65703125,0.4734375,0.840625,2,0.6555997060001811,0.4156232738031123,0.89557613819725,2,0.7328078486375086,0.491183879093199,0.9744318181818182,2,0.6725,0.4875,0.8575,2,0.7007845244133586,0.4893350062735257,0.9122340425531915,2,0,0,0,2,0.0,0.0,0.0,2,538,390,686,2,-2,-4,0,2,2,0,4,2,0.06375,0.0075,0.12,2,19.507426499330904,19.335390999913216,19.679461998748593
shape_density,quality_unbalanced_n800_g8_d4_noise0,unbalanced,800,8,4,0,5,20,1,hgp_weighted_full_vote,2,0,0,2,0.26074868097542847,0.23751909677941266,0.2839782651714443,2,0.5489163470336051,0.5229332245128883,0.574899469554322,2,0.26074868097542847,0.23751909677941266,0.2839782651714443,2,0.2607575193388242,0.23752735017959206,0.28398768849805633,2,0.2606862943407433,0.23775760786241631,0.2836149808190703,2,0.99625,0.99625,0.99625,2,3.5,3,4,2,3,3,3,0,,,,0,,,,0,,,,2,0.3391410003971944,0.2768798144257703,0.4014021863686186,2,0.425,0.37421875,0.47578125,2,0.35627157811992916,0.2991501019625262,0.41339305427733203,2,0.4698870765370138,0.4504391468005019,0.4893350062735257,2,0.468125,0.44875,0.4875,2,0.46900438321853477,0.4495929868503444,0.4884157795867251,2,0,0,0,2,0.0,0.0,0.0,2,374.5,359,390,2,-4.5,-5,-4,2,4.5,4,5,2,0.00375,0.00375,0.00375,2,791.4350249957351,779.0846329953638,803.7854169961065
shape_density,quality_unbalanced_n800_g8_d4_noise0,unbalanced,800,8,4,0,5,20,2,hdbscan_common,2,0,0,2,0.3125716849838577,0.30377753505424854,0.3213658349134668,2,0.5190847426202719,0.5159166478538407,0.5222528373867031,2,0.3125716849838577,0.30377753505424854,0.3213658349134668,2,0.3273798520822241,0.3133627365503324,0.3413969676141157,2,0.32677734535479525,0.31251456227777485,0.34104012843181564,2,0.8474999999999999,0.81875,0.87625,2,4,4,4,2,122,99,145,0,,,,0,,,,0,,,,2,0.4108266446505118,0.40842391304347825,0.4132293762575453,2,0.401953125,0.3921875,0.41171875,2,0.37827812338675737,0.37137096774193545,0.38518527903157934,2,0.5134649519225534,0.5078459343794579,0.5190839694656488,2,0.435,0.425,0.445,2,0.4708521924673357,0.46735395189003437,0.4743504330446369,2,0,0,0,2,0.0,0.0,0.0,2,348,340,356,2,-4,-4,-4,2,4,4,4,2,0.1525,0.12375,0.18125,2,17.163937001896556,15.913830997305922,18.41404300648719
shape_density,quality_unbalanced_n800_g8_d4_noise0,unbalanced,800,8,4,0,5,20,2,hgp_exclusive_point_routing,2,0,0,2,0.7431109495374874,0.6788306119809213,0.8073912870940534,2,0.7874468642488057,0.7555250263456518,0.8193687021519598,2,0.7431109495374874,0.6788306119809213,0.8073912870940534,2,0.7845764829128439,0.7385100272593007,0.8306429385663872,2,0.943196330511445,0.9348732904012185,0.9515193706216715,2,0.8425,0.79875,0.88625,2,7.5,7,8,2,126,91,161,0,,,,0,,,,0,,,,2,0.9068924690818458,0.8481465122068208,0.9656384259568709,2,0.7855468750000001,0.728125,0.84296875,2,0.8395739292479638,0.7811430072151555,0.8980048512807722,2,0.9731443038421723,0.9702660406885759,0.9760225669957687,2,0.8200000000000001,0.775,0.865,2,0.8894366025298291,0.8617095205003474,0.9171636845593109,2,0.5,0,1,2,0.0625,0.0,0.125,2,656,620,692,2,-0.5,-1,0,2,0.5,0,1,2,0.1575,0.11375,0.20125,2,22.149577998789027,22.041757001716178,22.257398995861877
shape_density,quality_unbalanced_n800_g8_d4_noise0,unbalanced,800,8,4,0,5,20,2,hgp_first_coverage,2,0,0,2,0.7269094518583467,0.6612227262512955,0.7925961774653978,2,0.7793420384140858,0.7472830225056291,0.8114010543225425,2,0.7269094518583467,0.6612227262512955,0.7925961774653978,2,0.7719518204290726,0.7258770717426908,0.8180265691154545,2,0.9397061336913506,0.930485220437569,0.9489270469451323,2,0.834375,0.78875,0.88,2,7.5,7,8,2,132.5,96,169,0,,,,0,,,,0,,,,2,0.903532894151736,0.8440726803746236,0.9629931079288483,2,0.778515625,0.71640625,0.840625,2,0.8341086986772036,0.7726412591571572,0.89557613819725,2,0.9713680485520819,0.9683042789223455,0.9744318181818182,2,0.810625,0.76375,0.8575,2,0.8830911652318718,0.8539482879105521,0.9122340425531915,2,0,0,0,2,0.0,0.0,0.0,2,648.5,611,686,2,-0.5,-1,0,2,0.5,0,1,2,0.165625,0.12,0.21125,2,14.8190899999463,14.428271999349818,15.209908000542782
shape_density,quality_unbalanced_n800_g8_d4_noise0,unbalanced,800,8,4,0,5,20,2,hgp_weighted_full_vote,2,0,0,2,0.26087819322872385,0.23751909677941266,0.2842372896780351,2,0.5508080422645725,0.5229332245128883,0.5786828600162566,2,0.26087819322872385,0.23751909677941266,0.2842372896780351,2,0.2608870234200564,0.23752735017959206,0.28424669666052066,2,0.26081532725711154,0.23775760786241631,0.28387304665180674,2,0.99625,0.99625,0.99625,2,3.5,3,4,2,3,3,3,0,,,,0,,,,0,,,,2,0.34078319095992876,0.2768798144257703,0.4046865674940872,2,0.425390625,0.37421875,0.4765625,2,0.357177889183133,0.2991501019625262,0.4152056764037398,2,0.47051442910915936,0.4504391468005019,0.4905897114178168,2,0.46875,0.44875,0.48875,2,0.469630557294928,0.4495929868503444,0.48966812773951157,2,0,0,0,2,0.0,0.0,0.0,2,375,359,391,2,-4.5,-5,-4,2,4.5,4,5,2,0.00375,0.00375,0.00375,2,828.7751759999082,805.1029439957347,852.4474080040818
shape_density,quality_unbalanced_n800_g8_d4_noise0,unbalanced,800,8,4,0,5,50,1,hdbscan_common,2,4,4,2,0.2800698820185693,0.2712401274604371,0.2888996365767015,2,0.4474737929918552,0.4314700286482491,0.4634775573354612,2,0.2800698820185693,0.2712401274604371,0.2888996365767015,2,0.3009531065273883,0.29659575967337576,0.3053104533814009,2,0.25783455407654193,0.25638426325094665,0.2592848449021372,2,0.7918750000000001,0.77875,0.805,2,2,2,2,2,166.5,156,177,0,,,,0,,,,0,,,,2,0.1631364272592074,0.16304347826086957,0.16322937625754527,2,0.22890624999999998,0.22421875,0.23359375,2,0.1756830667106569,0.1738206324520477,0.17754550096926608,2,0.46247993579454255,0.4606741573033708,0.4642857142857143,2,0.36625,0.35875,0.37375,2,0.40875028956420345,0.4033731553056922,0.41412742382271467,2,0,0,0,2,0.0,0.0,0.0,2,293,287,299,2,-6,-6,-6,2,6,6,6,2,0.208125,0.195,0.22125,2,17.483954499766696,16.123893998155836,18.844015001377556
shape_density,quality_unbalanced_n800_g8_d4_noise0,unbalanced,800,8,4,0,5,50,1,hdbscan_standard,2,4,4,2,0.28037230809019764,0.2719097828214689,0.28883483335892646,2,0.44678954390916115,0.43274464617238134,0.4608344416459409,2,0.28037230809019764,0.2719097828214689,0.28883483335892646,2,0.3007837491676269,0.2968129630292844,0.3047545353059694,2,0.25710489169438533,0.2560598648773075,0.2581499185114632,2,0.7931250000000001,0.78,0.80625,2,2,2,2,2,165.5,155,176,0,,,,0,,,,0,,,,2,0.16267482884800427,0.16238478166295067,0.16296487603305784,2,0.22890624999999998,0.22421875,0.23359375,2,0.17544436322726972,0.17373188405797102,0.17715684239656843,2,0.4617508944543828,0.4599358974358974,0.4635658914728682,2,0.36625,0.35875,0.37375,2,0.40846535904513825,0.40308988764044945,0.413840830449827,2,0,0,0,2,0.0,0.0,0.0,2,293,287,299,2,-6,-6,-6,2,6,6,6,2,0.206875,0.19375,0.22,2,0.0,0.0,0.0
shape_density,quality_unbalanced_n800_g8_d4_noise0,unbalanced,800,8,4,0,5,50,1,hgp_exclusive_point_routing,2,4,4,2,0.23274982950560147,0.22942832592076418,0.2360713330904388,2,0.5097360108562394,0.5031007307562331,0.5163712909562457,2,0.23274982950560147,0.22942832592076418,0.2360713330904388,2,0.22655575054475516,0.22311569188900363,0.2299958092005067,2,0.20073091683655725,0.197266560316049,0.2041952733570655,2,0.94625,0.945,0.9475,2,2,2,2,2,43,42,44,0,,,,0,,,,0,,,,2,0.15697372097710996,0.15617164497435415,0.15777579697986577,2,0.248828125,0.2484375,0.24921875,2,0.17651096046604303,0.1758931180220332,0.1771288029100529,2,0.4207413689603663,0.41952506596306066,0.421957671957672,2,0.398125,0.3975,0.39875,2,0.40912068402242674,0.40821566110397944,0.41002570694087404,2,0,0,0,2,0.0,0.0,0.0,2,318.5,318,319,2,-6,-6,-6,2,6,6,6,2,0.05375,0.0525,0.055,2,24.59533350338461,24.183571003959514,25.007096002809703
shape_density,quality_unbalanced_n800_g8_d4_noise0,unbalanced,800,8,4,0,5,50,1,hgp_first_coverage,2,4,4,2,0.23462766323654421,0.23096021031755481,0.23829511615553362,2,0.5100026954992101,0.505704755694183,0.514300635304237,2,0.23462766323654421,0.23096021031755481,0.23829511615553362,2,0.22870002515646715,0.2249864837776555,0.2324135665352788,2,0.20282534033273703,0.2000432048435319,0.20560747582194214,2,0.9456249999999999,0.9425,0.94875,2,2,2,2,2,43.5,41,46,0,,,,0,,,,0,,,,2,0.15739040234624474,0.1568920210224558,0.15788878367003367,2,0.24921875,0.24921875,0.24921875,2,0.17693568606386567,0.17660222424974725,0.1772691478779841,2,0.4216833890746934,0.42028985507246375,0.4230769230769231,2,0.39875,0.39875,0.39875,2,0.40989505036971363,0.40923669018601666,0.41055341055341055,2,0,0,0,2,0.0,0.0,0.0,2,319,319,319,2,-6,-6,-6,2,6,6,6,2,0.054375,0.05125,0.0575,2,14.873206997435773,14.278843998908997,15.467569995962549
shape_density,quality_unbalanced_n800_g8_d4_noise0,unbalanced,800,8,4,0,5,50,1,hgp_weighted_full_vote,2,4,4,2,0.23178338945578647,0.22749544582113415,0.2360713330904388,2,0.5065021632362501,0.4966330355162545,0.5163712909562457,2,0.23178338945578647,0.22749544582113415,0.2360713330904388,2,0.2257535596891281,0.22151131017774953,0.2299958092005067,2,0.2003131169814482,0.19643096060583096,0.2041952733570655,2,0.9468749999999999,0.945,0.94875,2,2,2,2,2,42.5,41,44,0,,,,0,,,,0,,,,2,0.15694571024339682,0.15611562350692784,0.15777579697986577,2,0.248828125,0.2484375,0.24921875,2,0.1764761054802116,0.1758234080503703,0.1771288029100529,2,0.42046500198674114,0.4189723320158103,0.421957671957672,2,0.398125,0.3975,0.39875,2,0.408989761744972,0.4079538165490699,0.41002570694087404,2,0,0,0,2,0.0,0.0,0.0,2,318.5,318,319,2,-6,-6,-6,2,6,6,6,2,0.053125,0.05125,0.055,2,1012.3080060002394,827.1442900004331,1197.4717220000457
shape_density,quality_unbalanced_n800_g8_d4_noise0,unbalanced,800,8,4,0,5,50,2,hdbscan_common,2,4,4,2,0.2800698820185693,0.2712401274604371,0.2888996365767015,2,0.4474737929918552,0.4314700286482491,0.4634775573354612,2,0.2800698820185693,0.2712401274604371,0.2888996365767015,2,0.3009531065273883,0.29659575967337576,0.3053104533814009,2,0.25783455407654193,0.25638426325094665,0.2592848449021372,2,0.7918750000000001,0.77875,0.805,2,2,2,2,2,166.5,156,177,0,,,,0,,,,0,,,,2,0.1631364272592074,0.16304347826086957,0.16322937625754527,2,0.22890624999999998,0.22421875,0.23359375,2,0.1756830667106569,0.1738206324520477,0.17754550096926608,2,0.46247993579454255,0.4606741573033708,0.4642857142857143,2,0.36625,0.35875,0.37375,2,0.40875028956420345,0.4033731553056922,0.41412742382271467,2,0,0,0,2,0.0,0.0,0.0,2,293,287,299,2,-6,-6,-6,2,6,6,6,2,0.208125,0.195,0.22125,2,16.72261449857615,15.762278999318369,17.68294999783393
shape_density,quality_unbalanced_n800_g8_d4_noise0,unbalanced,800,8,4,0,5,50,2,hgp_exclusive_point_routing,2,4,4,2,0.4425019178383799,0.22942832592076418,0.6555755097559955,2,0.6175371047249043,0.5031007307562331,0.7319734786935755,2,0.4425019178383799,0.22942832592076418,0.6555755097559955,2,0.5135543506857556,0.22311569188900363,0.8039930094825075,2,0.5764346586209208,0.197266560316049,0.9556027569257926,2,0.8325,0.7175,0.9475,2,3,2,4,2,134,42,226,0,,,,0,,,,0,,,,2,0.3231599374263968,0.15617164497435415,0.4901482298784395,2,0.344140625,0.2484375,0.43984375,2,0.31948541947656994,0.1758931180220332,0.4630777209311067,2,0.7001806514484293,0.41952506596306066,0.980836236933798,2,0.550625,0.3975,0.70375,2,0.6138603778591222,0.40821566110397944,0.8195050946142649,2,0,0,0,2,0.0,0.0,0.0,2,440.5,318,563,2,-5,-6,-4,2,5,4,6,2,0.16749999999999998,0.0525,0.2825,2,26.591054498567246,22.297534000244923,30.88457499688957
shape_density,quality_unbalanced_n800_g8_d4_noise0,unbalanced,800,8,4,0,5,50,2,hgp_first_coverage,2,4,4,2,0.4328227643484792,0.23096021031755481,0.6346853183794036,2,0.6141723318605553,0.505704755694183,0.7226399080269276,2,0.4328227643484792,0.23096021031755481,0.6346853183794036,2,0.5080327875639581,0.2249864837776555,0.7910790913502608,2,0.576640697003154,0.2000432048435319,0.9532381891627761,2,0.82875,0.70875,0.94875,2,3,2,4,2,137,41,233,0,,,,0,,,,0,,,,2,0.32344153927478425,0.1568920210224558,0.48999105752711264,2,0.341796875,0.24921875,0.434375,2,0.3182360621709456,0.17660222424974725,0.4598699000921439,2,0.7004447511693888,0.42028985507246375,0.9805996472663139,2,0.546875,0.39875,0.695,2,0.6113484109306089,0.40923669018601666,0.8134601316752011,2,0,0,0,2,0.0,0.0,0.0,2,437.5,319,556,2,-5,-6,-4,2,5,4,6,2,0.17125,0.05125,0.29125,2,13.743414998316439,13.644740996824112,13.842088999808766
shape_density,quality_unbalanced_n800_g8_d4_noise0,unbalanced,800,8,4,0,5,50,2,hgp_weighted_full_vote,2,4,4,2,0.23178338945578647,0.22749544582113415,0.2360713330904388,2,0.5065021632362501,0.4966330355162545,0.5163712909562457,2,0.23178338945578647,0.22749544582113415,0.2360713330904388,2,0.2257535596891281,0.22151131017774953,0.2299958092005067,2,0.2003131169814482,0.19643096060583096,0.2041952733570655,2,0.9468749999999999,0.945,0.94875,2,2,2,2,2,42.5,41,44,0,,,,0,,,,0,,,,2,0.15694571024339682,0.15611562350692784,0.15777579697986577,2,0.248828125,0.2484375,0.24921875,2,0.1764761054802116,0.1758234080503703,0.1771288029100529,2,0.42046500198674114,0.4189723320158103,0.421957671957672,2,0.398125,0.3975,0.39875,2,0.408989761744972,0.4079538165490699,0.41002570694087404,2,0,0,0,2,0.0,0.0,0.0,2,318.5,318,319,2,-6,-6,-6,2,6,6,6,2,0.053125,0.05125,0.055,2,872.8703564993339,836.991489995853,908.7492230028147
size,quality_spherical_n1600_g8_d4_noise0,spherical,1600,8,4,0,5,20,1,hdbscan_common,2,0,0,2,0.16500576114670895,0.16289053391878927,0.16712098837462866,2,0.42749108195193664,0.42374674765256237,0.43123541625131084,2,0.16500576114670895,0.16289053391878927,0.16712098837462866,2,0.1678796894410175,0.16584092186540467,0.16991845701663033,2,0.1771825105895693,0.17507332455725122,0.17929169662188738,2,0.8925,0.8925,0.8925,2,3,3,3,2,172,172,172,0,,,,0,,,,0,,,,2,0.27123261720624214,0.2709296538881397,0.27153558052434457,2,0.33843750000000006,0.33687500000000004,0.34,2,0.2717961788374528,0.2705619789321691,0.2730303787427364,2,0.3792016806722689,0.37745098039215685,0.38095238095238093,2,0.3384375,0.336875,0.34,2,0.357661822985469,0.3560105680317041,0.35931307793923384,2,0,0,0,2,0.0,0.0,0.0,2,541.5,539,544,2,-5,-5,-5,2,5,5,5,2,0.1075,0.1075,0.1075,2,227.8481049979746,33.50956999929622,422.18663999665296
size,quality_spherical_n1600_g8_d4_noise0,spherical,1600,8,4,0,5,20,1,hdbscan_standard,2,0,0,2,0.16460876694581894,0.1627837711008821,0.16643376279075578,2,0.42483286836569767,0.42234717422022267,0.4273185625111726,2,0.16460876694581894,0.1627837711008821,0.16643376279075578,2,0.16740270783713795,0.16565866736166618,0.16914674831260976,2,0.17655612108871588,0.17475877519290423,0.1783534669845275,2,0.89375,0.89375,0.89375,2,3,3,3,2,170,170,170,0,,,,0,,,,0,,,,2,0.2705347249031434,0.27021890843733987,0.27085054136894693,2,0.33843750000000006,0.33687500000000004,0.34,2,0.2714564920035638,0.2702225356857131,0.27269044832141454,2,0.3786713286713287,0.3769230769230769,0.3804195804195804,2,0.3384375,0.336875,0.34,2,0.3574257425742574,0.3557755775577558,0.3590759075907591,2,0,0,0,2,0.0,0.0,0.0,2,541.5,539,544,2,-5,-5,-5,2,5,5,5,2,0.10625,0.10625,0.10625,2,0.0,0.0,0.0
size,quality_spherical_n1600_g8_d4_noise0,spherical,1600,8,4,0,5,20,1,hgp_exclusive_point_routing,2,0,0,2,0.5026474898546166,0.17272929396465506,0.8325656857445782,2,0.6685224061386899,0.49293598026408597,0.8441088320132937,2,0.5026474898546166,0.17272929396465506,0.8325656857445782,2,0.5117467161014836,0.1727593486272741,0.850734083575693,2,0.5571627725449837,0.17376276528132545,0.940562779808642,2,0.9521875,0.9175,0.986875,2,5.5,3,8,2,76.5,21,132,0,,,,0,,,,0,,,,2,0.6206608624214369,0.26906049730670306,0.9722612275361707,2,0.6303124999999999,0.368125,0.8925,2,0.6058363717356436,0.2817902782218029,0.9298824652494845,2,0.6728864714500434,0.3730208993033566,0.9727520435967303,2,0.6303124999999999,0.368125,0.8925,2,0.6507281938634939,0.37055677886127714,0.9308996088657105,2,0,0,0,2,0.0,0.0,0.0,2,1008.5,589,1428,2,-2.5,-5,0,2,2.5,0,5,2,0.0478125,0.013125,0.0825,2,53.30513599801634,51.9118609954603,54.69841100057238
size,quality_spherical_n1600_g8_d4_noise0,spherical,1600,8,4,0,5,20,1,hgp_first_coverage,2,0,0,2,0.48946250191961166,0.17288430709963368,0.8060406967395897,2,0.6587042025891205,0.4918684599419191,0.8255399452363219,2,0.48946250191961166,0.17288430709963368,0.8060406967395897,2,0.5016001488683536,0.17292047390458629,0.8302798238321208,2,0.5540378534808457,0.1740225444832136,0.9340531624784778,2,0.9450000000000001,0.904375,0.985625,2,5.5,3,8,2,88,23,153,0,,,,0,,,,0,,,,2,0.6190245425520071,0.26909592612717614,0.968953158976838,2,0.6224999999999999,0.368125,0.876875,2,0.6007575169470828,0.28184214911904953,0.919672884775116,2,0.6715431178757878,0.37349397590361444,0.9695922598479613,2,0.6224999999999999,0.368125,0.876875,2,0.6458479312510259,0.37079005350960026,0.9209058089924516,2,0,0,0,2,0.0,0.0,0.0,2,996,589,1403,2,-2.5,-5,0,2,2.5,0,5,2,0.055,0.014375,0.095625,2,34.7360404975916,34.232175996294245,35.23990499888896
size,quality_spherical_n1600_g8_d4_noise0,spherical,1600,8,4,0,5,20,1,hgp_weighted_full_vote,2,0,0,2,0.17511139230315503,0.1731797640456553,0.1770430205606548,2,0.49786124677011645,0.4940960571071078,0.5016264364331251,2,0.17511139230315503,0.1731797640456553,0.1770430205606548,2,0.1751420422456053,0.1732049122762536,0.17707917221495703,2,0.17601901576198475,0.17416185032609255,0.17787618119787693,2,0.98875,0.9875,0.99,2,3,3,3,2,18,16,20,0,,,,0,,,,0,,,,2,0.26874563747298646,0.26842760521147435,0.2690636697344986,2,0.37031250000000004,0.36875,0.371875,2,0.2828566524799532,0.28210671000477794,0.28360659495512847,2,0.37452451732515024,0.37341772151898733,0.37563131313131315,2,0.37031250000000004,0.36875,0.371875,2,0.37240645049145094,0.3710691823899371,0.37374371859296485,2,0,0,0,2,0.0,0.0,0.0,2,592.5,590,595,2,-5,-5,-5,2,5,5,5,2,0.01125,0.01,0.0125,2,2581.1745570008497,2546.4229960016382,2615.9261180000613
size,quality_spherical_n1600_g8_d4_noise0,spherical,1600,8,4,0,5,20,2,hdbscan_common,2,0,0,2,0.29427682500579844,0.16712098837462866,0.4214326616369682,2,0.5508230060572145,0.43123541625131084,0.6704105958631181,2,0.29427682500579844,0.16712098837462866,0.4214326616369682,2,0.38067335352634274,0.16991845701663033,0.5914282500360551,2,0.5701478226517613,0.17929169662188738,0.9610039486816354,2,0.7865625,0.680625,0.8925,2,5.5,3,8,2,341.5,172,511,0,,,,0,,,,0,,,,2,0.6256865175638293,0.27153558052434457,0.979837454603314,2,0.50375,0.34,0.6675,2,0.5303226833939938,0.2730303787427364,0.7876149880452512,2,0.6808343171979536,0.38095238095238093,0.9807162534435262,2,0.50375,0.34,0.6675,2,0.5768302094791,0.35931307793923384,0.7943473410189662,2,0,0,0,2,0.0,0.0,0.0,2,806,544,1068,2,-2.5,-5,0,2,2.5,0,5,2,0.2134375,0.1075,0.319375,2,233.89168350149703,34.38565200485755,433.3977149981365
size,quality_spherical_n1600_g8_d4_noise0,spherical,1600,8,4,0,5,20,2,hgp_exclusive_point_routing,2,0,0,2,0.5024553795261918,0.17272929396465506,0.8321814650877285,2,0.6682165427705234,0.49293598026408597,0.8434971052769609,2,0.5024553795261918,0.17272929396465506,0.8321814650877285,2,0.5114367167682504,0.1727593486272741,0.8501140849092268,2,0.5564560730947011,0.17376276528132545,0.9391493809080769,2,0.9524999999999999,0.918125,0.986875,2,5.5,3,8,2,76,21,131,0,,,,0,,,,0,,,,2,0.6203297008972695,0.26906049730670306,0.9715989044878358,2,0.6303124999999999,0.368125,0.8925,2,0.6056918711104493,0.2817902782218029,0.9295934639990956,2,0.6725553781744829,0.3730208993033566,0.9720898570456092,2,0.6303124999999999,0.368125,0.8925,2,0.650576532148136,0.37055677886127714,0.9305962854349951,2,0,0,0,2,0.0,0.0,0.0,2,1008.5,589,1428,2,-2.5,-5,0,2,2.5,0,5,2,0.0475,0.013125,0.081875,2,48.45491500236676,45.00137600552989,51.90845399920363
size,quality_spherical_n1600_g8_d4_noise0,spherical,1600,8,4,0,5,20,2,hgp_first_coverage,2,0,0,2,0.48946250191961166,0.17288430709963368,0.8060406967395897,2,0.6587042025891205,0.4918684599419191,0.8255399452363219,2,0.48946250191961166,0.17288430709963368,0.8060406967395897,2,0.5016001488683536,0.17292047390458629,0.8302798238321208,2,0.5540378534808457,0.1740225444832136,0.9340531624784778,2,0.9450000000000001,0.904375,0.985625,2,5.5,3,8,2,88,23,153,0,,,,0,,,,0,,,,2,0.6190245425520071,0.26909592612717614,0.968953158976838,2,0.6224999999999999,0.368125,0.876875,2,0.6007575169470828,0.28184214911904953,0.919672884775116,2,0.6715431178757878,0.37349397590361444,0.9695922598479613,2,0.6224999999999999,0.368125,0.876875,2,0.6458479312510259,0.37079005350960026,0.9209058089924516,2,0,0,0,2,0.0,0.0,0.0,2,996,589,1403,2,-2.5,-5,0,2,2.5,0,5,2,0.055,0.014375,0.095625,2,30.48872600083996,29.267910002090503,31.70954199958942
size,quality_spherical_n1600_g8_d4_noise0,spherical,1600,8,4,0,5,20,2,hgp_weighted_full_vote,2,0,0,2,0.5020437459293265,0.1731797640456553,0.8309077278129978,2,0.6664131055892627,0.4940960571071078,0.8387301540714176,2,0.5020437459293265,0.1731797640456553,0.8309077278129978,2,0.5100458131691769,0.1732049122762536,0.8468867140621,2,0.5522304843481354,0.17416185032609255,0.9302991183701783,2,0.9550000000000001,0.9225,0.9875,2,5.5,3,8,2,72,20,124,0,,,,0,,,,0,,,,2,0.6184644926799603,0.2690636697344986,0.9678653156254221,2,0.6309374999999999,0.36875,0.893125,2,0.6051082884301676,0.28210671000477794,0.9281098668555573,2,0.6707874515454015,0.37341772151898733,0.9681571815718157,2,0.6309374999999999,0.36875,0.893125,2,0.6500989605057618,0.3710691823899371,0.9291287386215865,2,0,0,0,2,0.0,0.0,0.0,2,1009.5,590,1429,2,-2.5,-5,0,2,2.5,0,5,2,0.045,0.0125,0.0775,2,2299.662712499412,2022.547984000994,2576.77744099783
size,quality_spherical_n1600_g8_d4_noise0,spherical,1600,8,4,0,5,50,1,hdbscan_common,2,0,0,2,0.16500576114670895,0.16289053391878927,0.16712098837462866,2,0.42749108195193664,0.42374674765256237,0.43123541625131084,2,0.16500576114670895,0.16289053391878927,0.16712098837462866,2,0.1678796894410175,0.16584092186540467,0.16991845701663033,2,0.1771825105895693,0.17507332455725122,0.17929169662188738,2,0.8925,0.8925,0.8925,2,3,3,3,2,172,172,172,0,,,,0,,,,0,,,,2,0.27123261720624214,0.2709296538881397,0.27153558052434457,2,0.33843750000000006,0.33687500000000004,0.34,2,0.2717961788374528,0.2705619789321691,0.2730303787427364,2,0.3792016806722689,0.37745098039215685,0.38095238095238093,2,0.3384375,0.336875,0.34,2,0.357661822985469,0.3560105680317041,0.35931307793923384,2,0,0,0,2,0.0,0.0,0.0,2,541.5,539,544,2,-5,-5,-5,2,5,5,5,2,0.1075,0.1075,0.1075,2,35.29846950004867,32.480199999554316,38.11673900054302
size,quality_spherical_n1600_g8_d4_noise0,spherical,1600,8,4,0,5,50,1,hdbscan_standard,2,0,0,2,0.16460876694581894,0.1627837711008821,0.16643376279075578,2,0.42483286836569767,0.42234717422022267,0.4273185625111726,2,0.16460876694581894,0.1627837711008821,0.16643376279075578,2,0.16740270783713795,0.16565866736166618,0.16914674831260976,2,0.17655612108871588,0.17475877519290423,0.1783534669845275,2,0.89375,0.89375,0.89375,2,3,3,3,2,170,170,170,0,,,,0,,,,0,,,,2,0.2705347249031434,0.27021890843733987,0.27085054136894693,2,0.33843750000000006,0.33687500000000004,0.34,2,0.2714564920035638,0.2702225356857131,0.27269044832141454,2,0.3786713286713287,0.3769230769230769,0.3804195804195804,2,0.3384375,0.336875,0.34,2,0.3574257425742574,0.3557755775577558,0.3590759075907591,2,0,0,0,2,0.0,0.0,0.0,2,541.5,539,544,2,-5,-5,-5,2,5,5,5,2,0.10625,0.10625,0.10625,2,0.0,0.0,0.0
size,quality_spherical_n1600_g8_d4_noise0,spherical,1600,8,4,0,5,50,1,hgp_exclusive_point_routing,2,0,0,2,0.5026474898546166,0.17272929396465506,0.8325656857445782,2,0.6685224061386899,0.49293598026408597,0.8441088320132937,2,0.5026474898546166,0.17272929396465506,0.8325656857445782,2,0.5117467161014836,0.1727593486272741,0.850734083575693,2,0.5571627725449837,0.17376276528132545,0.940562779808642,2,0.9521875,0.9175,0.986875,2,5.5,3,8,2,76.5,21,132,0,,,,0,,,,0,,,,2,0.6206608624214369,0.26906049730670306,0.9722612275361707,2,0.6303124999999999,0.368125,0.8925,2,0.6058363717356436,0.2817902782218029,0.9298824652494845,2,0.6728864714500434,0.3730208993033566,0.9727520435967303,2,0.6303124999999999,0.368125,0.8925,2,0.6507281938634939,0.37055677886127714,0.9308996088657105,2,0,0,0,2,0.0,0.0,0.0,2,1008.5,589,1428,2,-2.5,-5,0,2,2.5,0,5,2,0.0478125,0.013125,0.0825,2,45.63961050007492,44.116705998021644,47.1625150021282
size,quality_spherical_n1600_g8_d4_noise0,spherical,1600,8,4,0,5,50,1,hgp_first_coverage,2,0,0,2,0.48946250191961166,0.17288430709963368,0.8060406967395897,2,0.6587042025891205,0.4918684599419191,0.8255399452363219,2,0.48946250191961166,0.17288430709963368,0.8060406967395897,2,0.5016001488683536,0.17292047390458629,0.8302798238321208,2,0.5540378534808457,0.1740225444832136,0.9340531624784778,2,0.9450000000000001,0.904375,0.985625,2,5.5,3,8,2,88,23,153,0,,,,0,,,,0,,,,2,0.6190245425520071,0.26909592612717614,0.968953158976838,2,0.6224999999999999,0.368125,0.876875,2,0.6007575169470828,0.28184214911904953,0.919672884775116,2,0.6715431178757878,0.37349397590361444,0.9695922598479613,2,0.6224999999999999,0.368125,0.876875,2,0.6458479312510259,0.37079005350960026,0.9209058089924516,2,0,0,0,2,0.0,0.0,0.0,2,996,589,1403,2,-2.5,-5,0,2,2.5,0,5,2,0.055,0.014375,0.095625,2,28.007500499370508,27.63745099946391,28.377549999277107
size,quality_spherical_n1600_g8_d4_noise0,spherical,1600,8,4,0,5,50,1,hgp_weighted_full_vote,2,0,0,2,0.17511139230315503,0.1731797640456553,0.1770430205606548,2,0.49786124677011645,0.4940960571071078,0.5016264364331251,2,0.17511139230315503,0.1731797640456553,0.1770430205606548,2,0.1751420422456053,0.1732049122762536,0.17707917221495703,2,0.17601901576198475,0.17416185032609255,0.17787618119787693,2,0.98875,0.9875,0.99,2,3,3,3,2,18,16,20,0,,,,0,,,,0,,,,2,0.26874563747298646,0.26842760521147435,0.2690636697344986,2,0.37031250000000004,0.36875,0.371875,2,0.2828566524799532,0.28210671000477794,0.28360659495512847,2,0.37452451732515024,0.37341772151898733,0.37563131313131315,2,0.37031250000000004,0.36875,0.371875,2,0.37240645049145094,0.3710691823899371,0.37374371859296485,2,0,0,0,2,0.0,0.0,0.0,2,592.5,590,595,2,-5,-5,-5,2,5,5,5,2,0.01125,0.01,0.0125,2,1961.652068002877,1932.4556660067174,1990.8484699990368
size,quality_spherical_n1600_g8_d4_noise0,spherical,1600,8,4,0,5,50,2,hdbscan_common,2,0,0,2,0.29427682500579844,0.16712098837462866,0.4214326616369682,2,0.5508230060572145,0.43123541625131084,0.6704105958631181,2,0.29427682500579844,0.16712098837462866,0.4214326616369682,2,0.38067335352634274,0.16991845701663033,0.5914282500360551,2,0.5701478226517613,0.17929169662188738,0.9610039486816354,2,0.7865625,0.680625,0.8925,2,5.5,3,8,2,341.5,172,511,0,,,,0,,,,0,,,,2,0.6256865175638293,0.27153558052434457,0.979837454603314,2,0.50375,0.34,0.6675,2,0.5303226833939938,0.2730303787427364,0.7876149880452512,2,0.6808343171979536,0.38095238095238093,0.9807162534435262,2,0.50375,0.34,0.6675,2,0.5768302094791,0.35931307793923384,0.7943473410189662,2,0,0,0,2,0.0,0.0,0.0,2,806,544,1068,2,-2.5,-5,0,2,2.5,0,5,2,0.2134375,0.1075,0.319375,2,34.368876496955636,33.862186999613186,34.875565994298086
size,quality_spherical_n1600_g8_d4_noise0,spherical,1600,8,4,0,5,50,2,hgp_exclusive_point_routing,2,0,0,2,0.5024553795261918,0.17272929396465506,0.8321814650877285,2,0.6682165427705234,0.49293598026408597,0.8434971052769609,2,0.5024553795261918,0.17272929396465506,0.8321814650877285,2,0.5114367167682504,0.1727593486272741,0.8501140849092268,2,0.5564560730947011,0.17376276528132545,0.9391493809080769,2,0.9524999999999999,0.918125,0.986875,2,5.5,3,8,2,76,21,131,0,,,,0,,,,0,,,,2,0.6203297008972695,0.26906049730670306,0.9715989044878358,2,0.6303124999999999,0.368125,0.8925,2,0.6056918711104493,0.2817902782218029,0.9295934639990956,2,0.6725553781744829,0.3730208993033566,0.9720898570456092,2,0.6303124999999999,0.368125,0.8925,2,0.650576532148136,0.37055677886127714,0.9305962854349951,2,0,0,0,2,0.0,0.0,0.0,2,1008.5,589,1428,2,-2.5,-5,0,2,2.5,0,5,2,0.0475,0.013125,0.081875,2,49.352988999089575,48.97312100001727,49.73285699816188
size,quality_spherical_n1600_g8_d4_noise0,spherical,1600,8,4,0,5,50,2,hgp_first_coverage,2,0,0,2,0.48946250191961166,0.17288430709963368,0.8060406967395897,2,0.6587042025891205,0.4918684599419191,0.8255399452363219,2,0.48946250191961166,0.17288430709963368,0.8060406967395897,2,0.5016001488683536,0.17292047390458629,0.8302798238321208,2,0.5540378534808457,0.1740225444832136,0.9340531624784778,2,0.9450000000000001,0.904375,0.985625,2,5.5,3,8,2,88,23,153,0,,,,0,,,,0,,,,2,0.6190245425520071,0.26909592612717614,0.968953158976838,2,0.6224999999999999,0.368125,0.876875,2,0.6007575169470828,0.28184214911904953,0.919672884775116,2,0.6715431178757878,0.37349397590361444,0.9695922598479613,2,0.6224999999999999,0.368125,0.876875,2,0.6458479312510259,0.37079005350960026,0.9209058089924516,2,0,0,0,2,0.0,0.0,0.0,2,996,589,1403,2,-2.5,-5,0,2,2.5,0,5,2,0.055,0.014375,0.095625,2,27.494469002704136,27.484095000545494,27.504843004862778
size,quality_spherical_n1600_g8_d4_noise0,spherical,1600,8,4,0,5,50,2,hgp_weighted_full_vote,2,0,0,2,0.5020437459293265,0.1731797640456553,0.8309077278129978,2,0.6664131055892627,0.4940960571071078,0.8387301540714176,2,0.5020437459293265,0.1731797640456553,0.8309077278129978,2,0.5100458131691769,0.1732049122762536,0.8468867140621,2,0.5522304843481354,0.17416185032609255,0.9302991183701783,2,0.9550000000000001,0.9225,0.9875,2,5.5,3,8,2,72,20,124,0,,,,0,,,,0,,,,2,0.6184644926799603,0.2690636697344986,0.9678653156254221,2,0.6309374999999999,0.36875,0.893125,2,0.6051082884301676,0.28210671000477794,0.9281098668555573,2,0.6707874515454015,0.37341772151898733,0.9681571815718157,2,0.6309374999999999,0.36875,0.893125,2,0.6500989605057618,0.3710691823899371,0.9291287386215865,2,0,0,0,2,0.0,0.0,0.0,2,1009.5,590,1429,2,-2.5,-5,0,2,2.5,0,5,2,0.045,0.0125,0.0775,2,2021.2275675003184,1934.769330000563,2107.6858050000737
size,quality_spherical_n400_g8_d4_noise0,spherical,400,8,4,0,5,20,1,hdbscan_common,2,0,0,2,0.32955375205235204,0.1643598682382349,0.4947476358664692,2,0.5711801202090907,0.4548375916768306,0.6875226487413509,2,0.32955375205235204,0.1643598682382349,0.4947476358664692,2,0.35032225557485835,0.16573408077823723,0.5349104303714795,2,0.40378895826440425,0.1715827638567343,0.6359951526720742,2,0.8775,0.8275,0.9275,2,4.5,3,6,2,49,29,69,0,,,,0,,,,0,,,,2,0.4644017269736842,0.27232142857142855,0.6564820253759398,2,0.48250000000000004,0.35250000000000004,0.6125,2,0.4435109379905432,0.2760915071770335,0.6109303688040529,2,0.5601175886189852,0.38005390835579517,0.7401812688821753,2,0.48250000000000004,0.3525,0.6125,2,0.5180366961733567,0.3657587548638132,0.6703146374829001,2,0,0,0,2,0.0,0.0,0.0,2,193,141,245,2,-3.5,-5,-2,2,3.5,2,5,2,0.1225,0.0725,0.1725,2,12.540947500383481,8.419368001341354,16.66252699942561
size,quality_spherical_n400_g8_d4_noise0,spherical,400,8,4,0,5,20,1,hdbscan_standard,2,0,0,2,0.33059837101797546,0.16165326507875089,0.4995434769572,2,0.5674685476017944,0.44377239437310806,0.6911647008304809,2,0.33059837101797546,0.16165326507875089,0.4995434769572,2,0.35048538829117715,0.1627988697135382,0.5381719068688161,2,0.40293766297697536,0.16810103520882613,0.6377742907451246,2,0.88125,0.83,0.9325,2,4.5,3,6,2,47.5,27,68,0,,,,0,,,,0,,,,2,0.4630033134770771,0.26952460157821445,0.6564820253759398,2,0.48375,0.35250000000000004,0.615,2,0.44350811993789097,0.27474351711983885,0.612272722755943,2,0.5594899706062857,0.3780160857908847,0.7409638554216867,2,0.48375,0.3525,0.615,2,0.5184717833435837,0.3648124191461837,0.6721311475409836,2,0,0,0,2,0.0,0.0,0.0,2,193.5,141,246,2,-3.5,-5,-2,2,3.5,2,5,2,0.11875000000000001,0.0675,0.17,2,0.0,0.0,0.0
size,quality_spherical_n400_g8_d4_noise0,spherical,400,8,4,0,5,20,1,hgp_exclusive_point_routing,2,0,0,2,0.5082036219332793,0.16716574119836033,0.8492415026681982,2,0.6818428720050705,0.5028905768685704,0.8607951671415707,2,0.5082036219332793,0.16716574119836033,0.8492415026681982,2,0.5132381762310483,0.16716574119836033,0.8593106112637363,2,0.5453199966821899,0.16716574119836033,0.9234742521660194,2,0.97,0.94,1.0,2,5.5,3,8,2,12,0,24,0,,,,0,,,,0,,,,2,0.6183345589684509,0.2706953642384106,0.9659737536984911,2,0.6387499999999999,0.37,0.9075,2,0.6089702981288281,0.28296034322820035,0.9349802530294558,2,0.6677127659574469,0.37,0.9654255319148937,2,0.6387499999999999,0.37,0.9075,2,0.6527835051546391,0.37,0.9355670103092784,2,1,1,1,2,0.125,0.125,0.125,2,255.5,148,363,2,-2.5,-5,0,2,2.5,0,5,2,0.03,0.0,0.06,2,26.915033498880803,20.573520003381418,33.25654699438019
size,quality_spherical_n400_g8_d4_noise0,spherical,400,8,4,0,5,20,1,hgp_first_coverage,2,0,0,2,0.49832850913264304,0.16707915705224113,0.8295778612130449,2,0.6730894484828922,0.49660324352184226,0.8495756534439423,2,0.49832850913264304,0.16707915705224113,0.8295778612130449,2,0.5044158098764123,0.16707915705224113,0.8417524627005836,2,0.5400521206978431,0.16707915705224113,0.9130250843434452,2,0.96625,0.9325,1.0,2,5.5,3,8,2,13.5,0,27,0,,,,0,,,,0,,,,2,0.6141320947036497,0.26821309919316566,0.9600510902141337,2,0.6325000000000001,0.37,0.895,2,0.6035215263072466,0.28182465682465685,0.9252183957898364,2,0.6648927613941018,0.37,0.9597855227882037,2,0.6325000000000001,0.37,0.895,2,0.648130659767141,0.37,0.926261319534282,2,1.5,1,2,2,0.1875,0.125,0.25,2,253,148,358,2,-2.5,-5,0,2,2.5,0,5,2,0.03375,0.0,0.0675,2,12.186482003016863,11.473262005893048,12.899702000140678
size,quality_spherical_n400_g8_d4_noise0,spherical,400,8,4,0,5,20,1,hgp_weighted_full_vote,2,0,0,2,0.17129323312630762,0.16716574119836033,0.17542072505425493,2,0.5095810790553883,0.5028905768685704,0.5162715812422061,2,0.17129323312630762,0.16716574119836033,0.17542072505425493,2,0.17129323312630762,0.16716574119836033,0.17542072505425493,2,0.17129323312630762,0.16716574119836033,0.17542072505425493,2,1.0,1.0,1.0,2,3,3,3,2,0,0,0,0,,,,0,,,,0,,,,2,0.2695736969398493,0.26845202964128795,0.2706953642384106,2,0.3725,0.37,0.375,2,0.28376966918849944,0.28296034322820035,0.28457899514879853,2,0.3725,0.37,0.375,2,0.3725,0.37,0.375,2,0.3725,0.37,0.375,2,1,1,1,2,0.125,0.125,0.125,2,149,148,150,2,-5,-5,-5,2,5,5,5,2,0.0,0.0,0.0,2,489.3632080020325,477.8963830030989,500.83003300096607
size,quality_spherical_n400_g8_d4_noise0,spherical,400,8,4,0,5,20,2,hdbscan_common,2,0,0,2,0.32955375205235204,0.1643598682382349,0.4947476358664692,2,0.5711801202090907,0.4548375916768306,0.6875226487413509,2,0.32955375205235204,0.1643598682382349,0.4947476358664692,2,0.35032225557485835,0.16573408077823723,0.5349104303714795,2,0.40378895826440425,0.1715827638567343,0.6359951526720742,2,0.8775,0.8275,0.9275,2,4.5,3,6,2,49,29,69,0,,,,0,,,,0,,,,2,0.4644017269736842,0.27232142857142855,0.6564820253759398,2,0.48250000000000004,0.35250000000000004,0.6125,2,0.4435109379905432,0.2760915071770335,0.6109303688040529,2,0.5601175886189852,0.38005390835579517,0.7401812688821753,2,0.48250000000000004,0.3525,0.6125,2,0.5180366961733567,0.3657587548638132,0.6703146374829001,2,0,0,0,2,0.0,0.0,0.0,2,193,141,245,2,-3.5,-5,-2,2,3.5,2,5,2,0.1225,0.0725,0.1725,2,8.993763998660143,8.388730995648075,9.59879700167221
size,quality_spherical_n400_g8_d4_noise0,spherical,400,8,4,0,5,20,2,hgp_exclusive_point_routing,2,0,0,2,0.8045428006644573,0.7598440986607162,0.8492415026681982,2,0.8351898144718655,0.8095844618021603,0.8607951671415707,2,0.8045428006644573,0.7598440986607162,0.8492415026681982,2,0.8247613334470157,0.7902120556302952,0.8593106112637363,2,0.919166340570746,0.9148584289754724,0.9234742521660194,2,0.9099999999999999,0.88,0.94,2,8,8,8,2,36,24,48,0,,,,0,,,,0,,,,2,0.9626058194080052,0.9592378851175191,0.9659737536984911,2,0.87625,0.845,0.9075,2,0.914998802745402,0.8950173524613483,0.9349802530294558,2,0.9628264023210832,0.9602272727272727,0.9654255319148937,2,0.87625,0.845,0.9075,2,0.9172515902610221,0.898936170212766,0.9355670103092784,2,1,1,1,2,0.125,0.125,0.125,2,350.5,338,363,2,0,0,0,2,0,0,0,2,0.09,0.06,0.12,2,11.541219000719138,10.852383999008453,12.230054002429824
size,quality_spherical_n400_g8_d4_noise0,spherical,400,8,4,0,5,20,2,hgp_first_coverage,2,0,0,2,0.7954922427245917,0.7614066242361386,0.8295778612130449,2,0.831322167889875,0.8130686823358078,0.8495756534439423,2,0.7954922427245917,0.7614066242361386,0.8295778612130449,2,0.81680995322507,0.7918674437495564,0.8417524627005836,2,0.9159995048149268,0.9130250843434452,0.9189739252864083,2,0.905,0.8775,0.9325,2,8,8,8,2,38,27,49,0,,,,0,,,,0,,,,2,0.9613397471444709,0.9600510902141337,0.9626284040748082,2,0.87,0.845,0.895,2,0.9106872518125899,0.8961561078353434,0.9252183957898364,2,0.9613742428755834,0.9597855227882037,0.9629629629629629,2,0.87,0.845,0.895,2,0.9131972376632795,0.9001331557922769,0.926261319534282,2,1.5,1,2,2,0.1875,0.125,0.25,2,348,338,358,2,0,0,0,2,0,0,0,2,0.095,0.0675,0.1225,2,10.324745500838617,7.225592002214398,13.423898999462835
size,quality_spherical_n400_g8_d4_noise0,spherical,400,8,4,0,5,20,2,hgp_weighted_full_vote,2,0,0,2,0.17129323312630762,0.16716574119836033,0.17542072505425493,2,0.5095810790553883,0.5028905768685704,0.5162715812422061,2,0.17129323312630762,0.16716574119836033,0.17542072505425493,2,0.17129323312630762,0.16716574119836033,0.17542072505425493,2,0.17129323312630762,0.16716574119836033,0.17542072505425493,2,1.0,1.0,1.0,2,3,3,3,2,0,0,0,0,,,,0,,,,0,,,,2,0.2695736969398493,0.26845202964128795,0.2706953642384106,2,0.3725,0.37,0.375,2,0.28376966918849944,0.28296034322820035,0.28457899514879853,2,0.3725,0.37,0.375,2,0.3725,0.37,0.375,2,0.3725,0.37,0.375,2,1,1,1,2,0.125,0.125,0.125,2,149,148,150,2,-5,-5,-5,2,5,5,5,2,0.0,0.0,0.0,2,339.66431799672137,324.1412949973892,355.18734099605354
size,quality_spherical_n400_g8_d4_noise0,spherical,400,8,4,0,5,50,1,hdbscan_common,2,0,0,2,0.13909926498587682,0.0,0.27819852997175365,2,0.22717701607256996,0.0,0.4543540321451399,2,0.13909926498587682,0.0,0.27819852997175365,2,0.12799094061092225,0.0,0.2559818812218445,1,0.2585216060859494,0.2585216060859494,0.2585216060859494,2,0.32,0.0,0.64,2,1,0,2,2,272,144,400,0,,,,0,,,,0,,,,2,0.04827246140243488,0.0,0.09654492280486976,2,0.11249999999999999,0.0,0.22499999999999998,2,0.0660600606606006,0.0,0.1321201213212012,2,0.17578125,0.0,0.3515625,2,0.1125,0.0,0.225,2,0.13719512195121952,0.0,0.27439024390243905,2,0,0,0,2,0.0,0.0,0.0,2,45,0,90,2,-7,-8,-6,2,7,6,8,2,0.6799999999999999,0.36,1.0,2,7.958398498885799,7.95666500198422,7.960131995787378
size,quality_spherical_n400_g8_d4_noise0,spherical,400,8,4,0,5,50,1,hdbscan_standard,2,0,0,2,0.13909926498587682,0.0,0.27819852997175365,2,0.22717701607256996,0.0,0.4543540321451399,2,0.13909926498587682,0.0,0.27819852997175365,2,0.12799094061092225,0.0,0.2559818812218445,1,0.2585216060859494,0.2585216060859494,0.2585216060859494,2,0.32,0.0,0.64,2,1,0,2,2,272,144,400,0,,,,0,,,,0,,,,2,0.04827246140243488,0.0,0.09654492280486976,2,0.11249999999999999,0.0,0.22499999999999998,2,0.0660600606606006,0.0,0.1321201213212012,2,0.17578125,0.0,0.3515625,2,0.1125,0.0,0.225,2,0.13719512195121952,0.0,0.27439024390243905,2,0,0,0,2,0.0,0.0,0.0,2,45,0,90,2,-7,-8,-6,2,7,6,8,2,0.6799999999999999,0.36,1.0,2,0.0,0.0,0.0
size,quality_spherical_n400_g8_d4_noise0,spherical,400,8,4,0,5,50,1,hgp_exclusive_point_routing,2,0,0,2,0.12343629492559098,0.07567567567567568,0.17119691417550628,2,0.4060044597735883,0.3067896474933547,0.5052192720538219,2,0.12343629492559098,0.07567567567567568,0.17119691417550628,2,0.12343629492559098,0.07567567567567568,0.17119691417550628,2,0.12343629492559098,0.07567567567567568,0.17119691417550628,2,1.0,1.0,1.0,2,2.5,2,3,2,0,0,0,0,,,,0,,,,0,,,,2,0.20559523809523808,0.14285714285714285,0.2683333333333333,2,0.31125,0.25,0.3725,2,0.21973214285714285,0.15625,0.2832142857142857,2,0.31125,0.25,0.3725,2,0.31125,0.25,0.3725,2,0.31125,0.25,0.3725,2,1,1,1,2,0.125,0.125,0.125,2,124.5,100,149,2,-5.5,-6,-5,2,5.5,5,6,2,0.0,0.0,0.0,2,12.019780997434282,11.240718995395582,12.798842999472981
size,quality_spherical_n400_g8_d4_noise0,spherical,400,8,4,0,5,50,1,hgp_first_coverage,2,0,0,2,0.12559097187833929,0.07567567567567568,0.1755062680810029,2,0.41471111185498555,0.3067896474933547,0.5226325762166164,2,0.12559097187833929,0.07567567567567568,0.1755062680810029,2,0.12559097187833929,0.07567567567567568,0.1755062680810029,2,0.12559097187833929,0.07567567567567568,0.1755062680810029,2,1.0,1.0,1.0,2,2.5,2,3,2,0,0,0,0,,,,0,,,,0,,,,2,0.20684523809523808,0.14285714285714285,0.2708333333333333,2,0.3125,0.25,0.375,2,0.22098214285714285,0.15625,0.2857142857142857,2,0.3125,0.25,0.375,2,0.3125,0.25,0.375,2,0.3125,0.25,0.375,2,1.5,1,2,2,0.1875,0.125,0.25,2,125,100,150,2,-5.5,-6,-5,2,5.5,5,6,2,0.0,0.0,0.0,2,8.171355500962818,7.025418999546673,9.317292002378963
size,quality_spherical_n400_g8_d4_noise0,spherical,400,8,4,0,5,50,1,hgp_weighted_full_vote,2,0,0,2,0.2027302475732969,0.0,0.4054604951465938,2,0.31822771536250216,0.0,0.6364554307250043,2,0.2027302475732969,0.0,0.4054604951465938,2,0.16553079307245386,0.0,0.3310615861449077,1,0.31632854418336986,0.31632854418336986,0.31632854418336986,2,0.37,0.0,0.74,2,1,0,2,2,252,104,400,0,,,,0,,,,0,,,,2,0.04223165776377665,0.0,0.0844633155275533,2,0.125,0.0,0.25,2,0.06313292350075249,0.0,0.12626584700150498,2,0.16891891891891891,0.0,0.33783783783783783,2,0.125,0.0,0.25,2,0.14367816091954022,0.0,0.28735632183908044,2,0,0,0,2,0.0,0.0,0.0,2,50,0,100,2,-7,-8,-6,2,7,6,8,2,0.63,0.26,1.0,2,323.6719599990465,307.33303599845385,340.0108839996392
size,quality_spherical_n400_g8_d4_noise0,spherical,400,8,4,0,5,50,2,hdbscan_common,2,0,0,2,0.13909926498587682,0.0,0.27819852997175365,2,0.22717701607256996,0.0,0.4543540321451399,2,0.13909926498587682,0.0,0.27819852997175365,2,0.12799094061092225,0.0,0.2559818812218445,1,0.2585216060859494,0.2585216060859494,0.2585216060859494,2,0.32,0.0,0.64,2,1,0,2,2,272,144,400,0,,,,0,,,,0,,,,2,0.04827246140243488,0.0,0.09654492280486976,2,0.11249999999999999,0.0,0.22499999999999998,2,0.0660600606606006,0.0,0.1321201213212012,2,0.17578125,0.0,0.3515625,2,0.1125,0.0,0.225,2,0.13719512195121952,0.0,0.27439024390243905,2,0,0,0,2,0.0,0.0,0.0,2,45,0,90,2,-7,-8,-6,2,7,6,8,2,0.6799999999999999,0.36,1.0,2,8.998738501759362,7.981121001648717,10.016356001870008
size,quality_spherical_n400_g8_d4_noise0,spherical,400,8,4,0,5,50,2,hgp_exclusive_point_routing,2,0,0,2,0.12343629492559098,0.07567567567567568,0.17119691417550628,2,0.4060044597735883,0.3067896474933547,0.5052192720538219,2,0.12343629492559098,0.07567567567567568,0.17119691417550628,2,0.12343629492559098,0.07567567567567568,0.17119691417550628,2,0.12343629492559098,0.07567567567567568,0.17119691417550628,2,1.0,1.0,1.0,2,2.5,2,3,2,0,0,0,0,,,,0,,,,0,,,,2,0.20559523809523808,0.14285714285714285,0.2683333333333333,2,0.31125,0.25,0.3725,2,0.21973214285714285,0.15625,0.2832142857142857,2,0.31125,0.25,0.3725,2,0.31125,0.25,0.3725,2,0.31125,0.25,0.3725,2,1,1,1,2,0.125,0.125,0.125,2,124.5,100,149,2,-5.5,-6,-5,2,5.5,5,6,2,0.0,0.0,0.0,2,11.770070503189345,10.764290000224719,12.775851006153971
size,quality_spherical_n400_g8_d4_noise0,spherical,400,8,4,0,5,50,2,hgp_first_coverage,2,0,0,2,0.12559097187833929,0.07567567567567568,0.1755062680810029,2,0.41471111185498555,0.3067896474933547,0.5226325762166164,2,0.12559097187833929,0.07567567567567568,0.1755062680810029,2,0.12559097187833929,0.07567567567567568,0.1755062680810029,2,0.12559097187833929,0.07567567567567568,0.1755062680810029,2,1.0,1.0,1.0,2,2.5,2,3,2,0,0,0,0,,,,0,,,,0,,,,2,0.20684523809523808,0.14285714285714285,0.2708333333333333,2,0.3125,0.25,0.375,2,0.22098214285714285,0.15625,0.2857142857142857,2,0.3125,0.25,0.375,2,0.3125,0.25,0.375,2,0.3125,0.25,0.375,2,1.5,1,2,2,0.1875,0.125,0.25,2,125,100,150,2,-5.5,-6,-5,2,5.5,5,6,2,0.0,0.0,0.0,2,6.913795999935246,6.882782996399328,6.944809003471164
size,quality_spherical_n400_g8_d4_noise0,spherical,400,8,4,0,5,50,2,hgp_weighted_full_vote,2,0,0,2,0.2027302475732969,0.0,0.4054604951465938,2,0.31822771536250216,0.0,0.6364554307250043,2,0.2027302475732969,0.0,0.4054604951465938,2,0.16553079307245386,0.0,0.3310615861449077,1,0.31632854418336986,0.31632854418336986,0.31632854418336986,2,0.37,0.0,0.74,2,1,0,2,2,252,104,400,0,,,,0,,,,0,,,,2,0.04223165776377665,0.0,0.0844633155275533,2,0.125,0.0,0.25,2,0.06313292350075249,0.0,0.12626584700150498,2,0.16891891891891891,0.0,0.33783783783783783,2,0.125,0.0,0.25,2,0.14367816091954022,0.0,0.28735632183908044,2,0,0,0,2,0.0,0.0,0.0,2,50,0,100,2,-7,-8,-6,2,7,6,8,2,0.63,0.26,1.0,2,311.5682325023954,295.5374430021038,327.599022002687
size,quality_spherical_n800_g8_d4_noise0,spherical,800,8,4,0,5,20,1,hdbscan_common,2,0,0,2,0.1669464800016556,0.1642195374729392,0.16967342253037201,2,0.4543660900017696,0.447430763274458,0.46130141672908115,2,0.1669464800016556,0.1642195374729392,0.16967342253037201,2,0.16807569445184978,0.1654686856481155,0.17068270325558402,2,0.17357600604800136,0.17150566599937714,0.17564634609662558,2,0.931875,0.92375,0.94,2,3,3,3,2,54.5,48,61,0,,,,0,,,,0,,,,2,0.2714647284183197,0.27123893805309734,0.27169051878354206,2,0.35,0.34625,0.35375,2,0.27563261407825057,0.2735746607305114,0.2776905674259898,2,0.37558031986871276,0.37483085250338294,0.37632978723404253,2,0.35,0.34625,0.35375,2,0.3623323653731503,0.3599740090968161,0.3646907216494845,2,0,0,0,2,0.0,0.0,0.0,2,280,277,283,2,-5,-5,-5,2,5,5,5,2,0.06812499999999999,0.06,0.07625,2,17.795028999898932,16.962927002168726,18.627130997629138
size,quality_spherical_n800_g8_d4_noise0,spherical,800,8,4,0,5,20,1,hdbscan_standard,2,0,0,2,0.16675406360595607,0.1639164741311928,0.1695916530807193,2,0.4545941368150525,0.44524302140584326,0.46394525222426175,2,0.16675406360595607,0.1639164741311928,0.1695916530807193,2,0.16775935221913368,0.16507267125482655,0.17044603318344081,2,0.17300433735103032,0.1708795798576981,0.17512909484436254,2,0.934375,0.92625,0.9425,2,3,3,3,2,52.5,46,59,0,,,,0,,,,0,,,,2,0.27096346837592405,0.2703219984802432,0.2716049382716049,2,0.35125,0.34625,0.35625,2,0.27561496076998127,0.27289794549497404,0.27833197604498855,2,0.37590162408674205,0.3738191632928475,0.3779840848806366,2,0.35125,0.34625,0.35625,2,0.36315109027633363,0.3595068137573005,0.3667953667953668,2,0,0,0,2,0.0,0.0,0.0,2,281,277,285,2,-5,-5,-5,2,5,5,5,2,0.065625,0.0575,0.07375,2,0.0,0.0,0.0
size,quality_spherical_n800_g8_d4_noise0,spherical,800,8,4,0,5,20,1,hgp_exclusive_point_routing,2,0,0,2,0.1743040777224924,0.17190038178019587,0.17670777366478893,2,0.5077453478058834,0.5004507487909995,0.5150399468207674,2,0.1743040777224924,0.17190038178019587,0.17670777366478893,2,0.17430168127777068,0.17189558889075246,0.17670777366478893,2,0.17444057359812942,0.1721733735314699,0.17670777366478893,2,0.9981249999999999,0.99625,1.0,2,3,3,3,2,1.5,0,3,0,,,,0,,,,0,,,,2,0.2684090731397555,0.2683903837708186,0.2684277625086923,2,0.373125,0.37124999999999997,0.375,2,0.2836275173086347,0.282682196800622,0.28457283781664744,2,0.37382371392722713,0.3726474278544542,0.375,2,0.37312500000000004,0.37125,0.375,2,0.3734737006887915,0.371947401377583,0.375,2,0,0,0,2,0.0,0.0,0.0,2,298.5,297,300,2,-5,-5,-5,2,5,5,5,2,0.001875,0.0,0.00375,2,29.49815450119786,29.18715000123484,29.80915900116088
size,quality_spherical_n800_g8_d4_noise0,spherical,800,8,4,0,5,20,1,hgp_first_coverage,2,0,0,2,0.17441454236664594,0.17191141670818058,0.17691766802511127,2,0.5101983858962065,0.5016726133963073,0.5187241583961056,2,0.17441454236664594,0.17191141670818058,0.17691766802511127,2,0.17441214599062052,0.17190662395612977,0.17691766802511127,2,0.17459935322673814,0.17218442669425071,0.1770142797592256,2,0.9975,0.99625,0.99875,2,3,3,3,2,2,1,3,0,,,,0,,,,0,,,,2,0.26902788502094355,0.2683903837708186,0.26966538627106856,2,0.373125,0.37124999999999997,0.375,2,0.28393846258226657,0.282682196800622,0.28519472836391113,2,0.37405838226264637,0.3726474278544542,0.37546933667083854,2,0.37312500000000004,0.37125,0.375,2,0.37359096147678394,0.371947401377583,0.37523452157598497,2,0.5,0,1,2,0.0625,0.0,0.125,2,298.5,297,300,2,-5,-5,-5,2,5,5,5,2,0.0025,0.00125,0.00375,2,18.473744499715394,18.281325999851106,18.666162999579683
size,quality_spherical_n800_g8_d4_noise0,spherical,800,8,4,0,5,20,1,hgp_weighted_full_vote,2,0,0,2,0.1741966496805553,0.17168552569632164,0.17670777366478893,2,0.5059086584855025,0.49677737015023765,0.5150399468207674,2,0.1741966496805553,0.17168552569632164,0.17670777366478893,2,0.17419768916594863,0.1716876046671083,0.17670777366478893,2,0.17429187029286686,0.17187596692094476,0.17670777366478893,2,0.99875,0.9975,1.0,2,3,3,3,2,1,0,2,0,,,,0,,,,0,,,,2,0.26779644937737923,0.2671651362460661,0.2684277625086923,2,0.373125,0.37124999999999997,0.375,2,0.28331968148773923,0.28206652515883096,0.28457283781664744,2,0.37359022556390975,0.37218045112781956,0.375,2,0.37312500000000004,0.37125,0.375,2,0.3733573216520651,0.3717146433041302,0.375,2,0,0,0,2,0.0,0.0,0.0,2,298.5,297,300,2,-5,-5,-5,2,5,5,5,2,0.00125,0.0,0.0025,2,755.5394620030711,752.5650259995018,758.5138980066404
size,quality_spherical_n800_g8_d4_noise0,spherical,800,8,4,0,5,20,2,hdbscan_common,2,0,0,2,0.1669464800016556,0.1642195374729392,0.16967342253037201,2,0.4543660900017696,0.447430763274458,0.46130141672908115,2,0.1669464800016556,0.1642195374729392,0.16967342253037201,2,0.16807569445184978,0.1654686856481155,0.17068270325558402,2,0.17357600604800136,0.17150566599937714,0.17564634609662558,2,0.931875,0.92375,0.94,2,3,3,3,2,54.5,48,61,0,,,,0,,,,0,,,,2,0.2714647284183197,0.27123893805309734,0.27169051878354206,2,0.35,0.34625,0.35375,2,0.27563261407825057,0.2735746607305114,0.2776905674259898,2,0.37558031986871276,0.37483085250338294,0.37632978723404253,2,0.35,0.34625,0.35375,2,0.3623323653731503,0.3599740090968161,0.3646907216494845,2,0,0,0,2,0.0,0.0,0.0,2,280,277,283,2,-5,-5,-5,2,5,5,5,2,0.06812499999999999,0.06,0.07625,2,16.314443497321918,15.792435995535925,16.83645099910791
size,quality_spherical_n800_g8_d4_noise0,spherical,800,8,4,0,5,20,2,hgp_exclusive_point_routing,2,0,0,2,0.7672962557308047,0.7524529921479596,0.78213951931365,2,0.8096398821477487,0.7986765779316026,0.8206031863638948,2,0.7672962557308047,0.7524529921479596,0.78213951931365,2,0.7958945999116674,0.789576048792936,0.8022131510303989,2,0.9125573800726403,0.9056451649075401,0.9194695952377404,2,0.889375,0.87875,0.9,2,8.5,8,9,2,88.5,80,97,0,,,,0,,,,0,,,,2,0.9627150139323668,0.9606568174011018,0.964773210463632,2,0.84375,0.8425,0.845,2,0.8937194053923283,0.8904449360987579,0.8969938746858986,2,0.9488521416152995,0.9361111111111111,0.9615931721194879,2,0.84375,0.8425,0.845,2,0.8931881850334419,0.8868421052631579,0.8995342648037259,2,0,0,0,2,0.0,0.0,0.0,2,675,674,676,2,0.5,0,1,2,0.5,0,1,2,0.110625,0.1,0.12125,2,24.3775220005773,24.210461000620853,24.54458300053375
size,quality_spherical_n800_g8_d4_noise0,spherical,800,8,4,0,5,20,2,hgp_first_coverage,2,0,0,2,0.7554079948252703,0.7346410359296486,0.7761749537208922,2,0.8051305042084649,0.7891274433052469,0.8211335651116828,2,0.7554079948252703,0.7346410359296486,0.7761749537208922,2,0.7876915767673158,0.7758938015345043,0.7994893520001273,2,0.9122535277765578,0.9113997738655459,0.9131072816875696,2,0.881875,0.87125,0.8925,2,8.5,8,9,2,94.5,86,103,0,,,,0,,,,0,,,,2,0.962034399026733,0.9574608026801009,0.9666079953733651,2,0.8356250000000001,0.835,0.83625,2,0.8884330613424563,0.8870705671144065,0.8897955555705059,2,0.9476839516294322,0.9369747899159664,0.9583931133428981,2,0.8356250000000001,0.835,0.83625,2,0.8881016105306165,0.8837516512549538,0.8924515698062793,2,0.5,0,1,2,0.0625,0.0,0.125,2,668.5,668,669,2,0.5,0,1,2,0.5,0,1,2,0.11812500000000001,0.1075,0.12875,2,15.69638150249375,14.000444003613666,17.392319001373835
size,quality_spherical_n800_g8_d4_noise0,spherical,800,8,4,0,5,20,2,hgp_weighted_full_vote,2,0,0,2,0.1741713611927892,0.17168552569632164,0.17665719668925678,2,0.5040109126342387,0.49677737015023765,0.5112444551182398,2,0.1741713611927892,0.17168552569632164,0.17665719668925678,2,0.17417240067818254,0.1716876046671083,0.17665719668925678,2,0.17426658180510077,0.17187596692094476,0.17665719668925678,2,0.99875,0.9975,1.0,2,3,3,3,2,1,0,2,0,,,,0,,,,0,,,,2,0.2672072777710596,0.2671651362460661,0.26724941929605317,2,0.373125,0.37124999999999997,0.375,2,0.28303750829403596,0.28206652515883096,0.284008491429241,2,0.37359022556390975,0.37218045112781956,0.375,2,0.37312500000000004,0.37125,0.375,2,0.3733573216520651,0.3717146433041302,0.375,2,0,0,0,2,0.0,0.0,0.0,2,298.5,297,300,2,-5,-5,-5,2,5,5,5,2,0.00125,0.0,0.0025,2,1028.3111030021246,895.2328420018603,1161.389364002389
size,quality_spherical_n800_g8_d4_noise0,spherical,800,8,4,0,5,50,1,hdbscan_common,2,0,0,2,0.1669464800016556,0.1642195374729392,0.16967342253037201,2,0.4543660900017696,0.447430763274458,0.46130141672908115,2,0.1669464800016556,0.1642195374729392,0.16967342253037201,2,0.16807569445184978,0.1654686856481155,0.17068270325558402,2,0.17357600604800136,0.17150566599937714,0.17564634609662558,2,0.931875,0.92375,0.94,2,3,3,3,2,54.5,48,61,0,,,,0,,,,0,,,,2,0.2714647284183197,0.27123893805309734,0.27169051878354206,2,0.35,0.34625,0.35375,2,0.27563261407825057,0.2735746607305114,0.2776905674259898,2,0.37558031986871276,0.37483085250338294,0.37632978723404253,2,0.35,0.34625,0.35375,2,0.3623323653731503,0.3599740090968161,0.3646907216494845,2,0,0,0,2,0.0,0.0,0.0,2,280,277,283,2,-5,-5,-5,2,5,5,5,2,0.06812499999999999,0.06,0.07625,2,16.55757650041778,16.433380002126796,16.681772998708766
size,quality_spherical_n800_g8_d4_noise0,spherical,800,8,4,0,5,50,1,hdbscan_standard,2,0,0,2,0.16675406360595607,0.1639164741311928,0.1695916530807193,2,0.4545941368150525,0.44524302140584326,0.46394525222426175,2,0.16675406360595607,0.1639164741311928,0.1695916530807193,2,0.16775935221913368,0.16507267125482655,0.17044603318344081,2,0.17300433735103032,0.1708795798576981,0.17512909484436254,2,0.934375,0.92625,0.9425,2,3,3,3,2,52.5,46,59,0,,,,0,,,,0,,,,2,0.27096346837592405,0.2703219984802432,0.2716049382716049,2,0.35125,0.34625,0.35625,2,0.27561496076998127,0.27289794549497404,0.27833197604498855,2,0.37590162408674205,0.3738191632928475,0.3779840848806366,2,0.35125,0.34625,0.35625,2,0.36315109027633363,0.3595068137573005,0.3667953667953668,2,0,0,0,2,0.0,0.0,0.0,2,281,277,285,2,-5,-5,-5,2,5,5,5,2,0.065625,0.0575,0.07375,2,0.0,0.0,0.0
size,quality_spherical_n800_g8_d4_noise0,spherical,800,8,4,0,5,50,1,hgp_exclusive_point_routing,2,0,0,2,0.1743040777224924,0.17190038178019587,0.17670777366478893,2,0.5077453478058834,0.5004507487909995,0.5150399468207674,2,0.1743040777224924,0.17190038178019587,0.17670777366478893,2,0.17430168127777068,0.17189558889075246,0.17670777366478893,2,0.17444057359812942,0.1721733735314699,0.17670777366478893,2,0.9981249999999999,0.99625,1.0,2,3,3,3,2,1.5,0,3,0,,,,0,,,,0,,,,2,0.2684090731397555,0.2683903837708186,0.2684277625086923,2,0.373125,0.37124999999999997,0.375,2,0.2836275173086347,0.282682196800622,0.28457283781664744,2,0.37382371392722713,0.3726474278544542,0.375,2,0.37312500000000004,0.37125,0.375,2,0.3734737006887915,0.371947401377583,0.375,2,0,0,0,2,0.0,0.0,0.0,2,298.5,297,300,2,-5,-5,-5,2,5,5,5,2,0.001875,0.0,0.00375,2,22.380844498911756,22.078195001085987,22.683493996737525
size,quality_spherical_n800_g8_d4_noise0,spherical,800,8,4,0,5,50,1,hgp_first_coverage,2,0,0,2,0.17441454236664594,0.17191141670818058,0.17691766802511127,2,0.5101983858962065,0.5016726133963073,0.5187241583961056,2,0.17441454236664594,0.17191141670818058,0.17691766802511127,2,0.17441214599062052,0.17190662395612977,0.17691766802511127,2,0.17459935322673814,0.17218442669425071,0.1770142797592256,2,0.9975,0.99625,0.99875,2,3,3,3,2,2,1,3,0,,,,0,,,,0,,,,2,0.26902788502094355,0.2683903837708186,0.26966538627106856,2,0.373125,0.37124999999999997,0.375,2,0.28393846258226657,0.282682196800622,0.28519472836391113,2,0.37405838226264637,0.3726474278544542,0.37546933667083854,2,0.37312500000000004,0.37125,0.375,2,0.37359096147678394,0.371947401377583,0.37523452157598497,2,0.5,0,1,2,0.0625,0.0,0.125,2,298.5,297,300,2,-5,-5,-5,2,5,5,5,2,0.0025,0.00125,0.00375,2,17.09064600072452,15.911718001007102,18.269574000441935
size,quality_spherical_n800_g8_d4_noise0,spherical,800,8,4,0,5,50,1,hgp_weighted_full_vote,2,0,0,2,0.1741966496805553,0.17168552569632164,0.17670777366478893,2,0.5059086584855025,0.49677737015023765,0.5150399468207674,2,0.1741966496805553,0.17168552569632164,0.17670777366478893,2,0.17419768916594863,0.1716876046671083,0.17670777366478893,2,0.17429187029286686,0.17187596692094476,0.17670777366478893,2,0.99875,0.9975,1.0,2,3,3,3,2,1,0,2,0,,,,0,,,,0,,,,2,0.26779644937737923,0.2671651362460661,0.2684277625086923,2,0.373125,0.37124999999999997,0.375,2,0.28331968148773923,0.28206652515883096,0.28457283781664744,2,0.37359022556390975,0.37218045112781956,0.375,2,0.37312500000000004,0.37125,0.375,2,0.3733573216520651,0.3717146433041302,0.375,2,0,0,0,2,0.0,0.0,0.0,2,298.5,297,300,2,-5,-5,-5,2,5,5,5,2,0.00125,0.0,0.0025,2,772.1885045029921,754.8950310010696,789.4819780049147
size,quality_spherical_n800_g8_d4_noise0,spherical,800,8,4,0,5,50,2,hdbscan_common,2,0,0,2,0.1669464800016556,0.1642195374729392,0.16967342253037201,2,0.4543660900017696,0.447430763274458,0.46130141672908115,2,0.1669464800016556,0.1642195374729392,0.16967342253037201,2,0.16807569445184978,0.1654686856481155,0.17068270325558402,2,0.17357600604800136,0.17150566599937714,0.17564634609662558,2,0.931875,0.92375,0.94,2,3,3,3,2,54.5,48,61,0,,,,0,,,,0,,,,2,0.2714647284183197,0.27123893805309734,0.27169051878354206,2,0.35,0.34625,0.35375,2,0.27563261407825057,0.2735746607305114,0.2776905674259898,2,0.37558031986871276,0.37483085250338294,0.37632978723404253,2,0.35,0.34625,0.35375,2,0.3623323653731503,0.3599740090968161,0.3646907216494845,2,0,0,0,2,0.0,0.0,0.0,2,280,277,283,2,-5,-5,-5,2,5,5,5,2,0.06812499999999999,0.06,0.07625,2,17.927926501215552,17.292212000029394,18.56364100240171
size,quality_spherical_n800_g8_d4_noise0,spherical,800,8,4,0,5,50,2,hgp_exclusive_point_routing,2,0,0,2,0.17427878923472634,0.17190038178019587,0.17665719668925678,2,0.5058476019546196,0.5004507487909995,0.5112444551182398,2,0.17427878923472634,0.17190038178019587,0.17665719668925678,2,0.17427639279000462,0.17189558889075246,0.17665719668925678,2,0.17441528511036333,0.1721733735314699,0.17665719668925678,2,0.9981249999999999,0.99625,1.0,2,3,3,3,2,1.5,0,3,0,,,,0,,,,0,,,,2,0.2678199015334359,0.26724941929605317,0.2683903837708186,2,0.373125,0.37124999999999997,0.375,2,0.2833453441149315,0.282682196800622,0.284008491429241,2,0.37382371392722713,0.3726474278544542,0.375,2,0.37312500000000004,0.37125,0.375,2,0.3734737006887915,0.371947401377583,0.375,2,0,0,0,2,0.0,0.0,0.0,2,298.5,297,300,2,-5,-5,-5,2,5,5,5,2,0.001875,0.0,0.00375,2,22.263801001827233,21.908809001615737,22.61879300203873
size,quality_spherical_n800_g8_d4_noise0,spherical,800,8,4,0,5,50,2,hgp_first_coverage,2,0,0,2,0.17441454236664594,0.17191141670818058,0.17691766802511127,2,0.5101983858962065,0.5016726133963073,0.5187241583961056,2,0.17441454236664594,0.17191141670818058,0.17691766802511127,2,0.17441214599062052,0.17190662395612977,0.17691766802511127,2,0.17459935322673814,0.17218442669425071,0.1770142797592256,2,0.9975,0.99625,0.99875,2,3,3,3,2,2,1,3,0,,,,0,,,,0,,,,2,0.26902788502094355,0.2683903837708186,0.26966538627106856,2,0.373125,0.37124999999999997,0.375,2,0.28393846258226657,0.282682196800622,0.28519472836391113,2,0.37405838226264637,0.3726474278544542,0.37546933667083854,2,0.37312500000000004,0.37125,0.375,2,0.37359096147678394,0.371947401377583,0.37523452157598497,2,0.5,0,1,2,0.0625,0.0,0.125,2,298.5,297,300,2,-5,-5,-5,2,5,5,5,2,0.0025,0.00125,0.00375,2,14.477733999228803,13.614554998639505,15.340912999818102
size,quality_spherical_n800_g8_d4_noise0,spherical,800,8,4,0,5,50,2,hgp_weighted_full_vote,2,0,0,2,0.1741713611927892,0.17168552569632164,0.17665719668925678,2,0.5040109126342387,0.49677737015023765,0.5112444551182398,2,0.1741713611927892,0.17168552569632164,0.17665719668925678,2,0.17417240067818254,0.1716876046671083,0.17665719668925678,2,0.17426658180510077,0.17187596692094476,0.17665719668925678,2,0.99875,0.9975,1.0,2,3,3,3,2,1,0,2,0,,,,0,,,,0,,,,2,0.2672072777710596,0.2671651362460661,0.26724941929605317,2,0.373125,0.37124999999999997,0.375,2,0.28303750829403596,0.28206652515883096,0.284008491429241,2,0.37359022556390975,0.37218045112781956,0.375,2,0.37312500000000004,0.37125,0.375,2,0.3733573216520651,0.3717146433041302,0.375,2,0,0,0,2,0.0,0.0,0.0,2,298.5,297,300,2,-5,-5,-5,2,5,5,5,2,0.00125,0.0,0.0025,2,880.4539974971703,856.523117996403,904.3848769979377
