case,axis,family,n,groups,separation,noise_fraction,seed,replicate,k,min_cluster_size,exp_z,method,threshold_semantics,scenario,true_class_min_size,true_class_max_size,true_noise_count,true_classes_below_m,below_m_is_cardinality_constraint,true_counts_json,labels_payload_sha256,selection_ms,ari_all,nmi_all,ari_true_inliers,ari_inliers_noise_singletons,ari_classified,coverage,clusters,noise_count,noise_precision,noise_recall,noise_f1,matched_macro_precision,matched_macro_recall,matched_macro_f1,matched_micro_precision,matched_micro_recall,matched_micro_f1,exact_classes,exact_class_fraction,matched_correct_points,cluster_count_error,cluster_count_absolute_error,noise_fraction_predicted
quality_anisotropic_n800_g8_d4_noise0_s1,shape_density,anisotropic,800,8,4,0,2026092801,1,5,20,1,hdbscan_common,point_cardinality,quality_anisotropic_n800_g8_d4_noise0,100,100,0,0,True,"{""1"":100,""2"":100,""3"":100,""4"":100,""5"":100,""6"":100,""7"":100,""8"":100}",eb82d717f6f26b10e82578dadbdf1080c4d948ff7d132e8bac4a79ad3a98f720,18.815101000654977,0.4774635014017158,0.6485409726938385,0.4774635014017158,0.5551962964829437,0.7196622830644033,0.78125,6,175,,,,0.6083007182921906,0.58,0.5801802472678015,0.7424,0.58,0.6512280701754386,0,0.0,464,-2,2,0.21875
quality_anisotropic_n800_g8_d4_noise0_s1,shape_density,anisotropic,800,8,4,0,2026092801,1,5,20,1,hdbscan_standard,point_cardinality,quality_anisotropic_n800_g8_d4_noise0,100,100,0,0,True,"{""1"":100,""2"":100,""3"":100,""4"":100,""5"":100,""6"":100,""7"":100,""8"":100}",6b63e0964837085226a81668a42a7b6cdec13e6965651c7aaec4a4b3c901aaa7,0.0,0.4786304486614118,0.6467314219043448,0.4786304486614118,0.5547043905326552,0.716361447355984,0.78375,6,173,,,,0.6082184092491704,0.58125,0.580578624784823,0.7416267942583732,0.58125,0.6517168885774351,0,0.0,465,-2,2,0.21625
quality_anisotropic_n800_g8_d4_noise0_s1,shape_density,anisotropic,800,8,4,0,2026092801,1,5,20,1,hgp_exclusive_point_routing,point_cardinality,quality_anisotropic_n800_g8_d4_noise0,100,100,0,0,True,"{""1"":100,""2"":100,""3"":100,""4"":100,""5"":100,""6"":100,""7"":100,""8"":100}",fab8cbae04822e72fe2ac1c6b7e393e0e8b67592fa2b3d54a99ed2f330df4c60,29.13977100251941,0.5738003356732454,0.6951561081221843,0.5738003356732454,0.5886123364732023,0.6514546874425954,0.90125,7,79,,,,0.590069480478369,0.6125,0.5779056039301735,0.6796116504854369,0.6125,0.6443129520052597,0,0.0,490,-1,1,0.09875
quality_anisotropic_n800_g8_d4_noise0_s1,shape_density,anisotropic,800,8,4,0,2026092801,1,5,20,1,hgp_first_coverage,point_cardinality,quality_anisotropic_n800_g8_d4_noise0,100,100,0,0,True,"{""1"":100,""2"":100,""3"":100,""4"":100,""5"":100,""6"":100,""7"":100,""8"":100}",6a1e73616ea2436985d1fb7b588cddaf549b94ca460c891ab135b4a062242f1a,18.866547994548455,0.568153151518694,0.6958453384791093,0.568153151518694,0.5844306154624999,0.6512519675183214,0.895,7,84,,,,0.5901918791389235,0.61,0.5767384961674237,0.6815642458100558,0.61,0.6437994722955145,0,0.0,488,-1,1,0.105
quality_anisotropic_n800_g8_d4_noise0_s1,shape_density,anisotropic,800,8,4,0,2026092801,1,5,20,1,hgp_weighted_full_vote,facet_mass_before_vote,quality_anisotropic_n800_g8_d4_noise0,100,100,0,0,False,"{""1"":100,""2"":100,""3"":100,""4"":100,""5"":100,""6"":100,""7"":100,""8"":100}",fc00e4dc96ed0c2df073fdaee41face3b98b8a049412870e66c0e3e1e8ee9204,601.3478099994245,0.624317102461693,0.7337705114561066,0.624317102461693,0.632379313930073,0.6803968246566512,0.92625,6,59,,,,0.5917092281294835,0.66125,0.6091527350226307,0.7139001349527665,0.66125,0.6865671641791045,0,0.0,529,-2,2,0.07375
quality_anisotropic_n800_g8_d4_noise0_s1,shape_density,anisotropic,800,8,4,0,2026092801,1,5,20,2,hdbscan_common,point_cardinality,quality_anisotropic_n800_g8_d4_noise0,100,100,0,0,True,"{""1"":100,""2"":100,""3"":100,""4"":100,""5"":100,""6"":100,""7"":100,""8"":100}",ef142694d00b85d83472cf41d1667e5434c35dfd107944791944bbdf52e054bc,17.648545996053144,0.4774635014017158,0.6485409726938385,0.4774635014017158,0.5551962964829437,0.7196622830644033,0.78125,6,175,,,,0.6083007182921906,0.58,0.5801802472678015,0.7424,0.58,0.6512280701754386,0,0.0,464,-2,2,0.21875
quality_anisotropic_n800_g8_d4_noise0_s1,shape_density,anisotropic,800,8,4,0,2026092801,1,5,20,2,hgp_exclusive_point_routing,point_cardinality,quality_anisotropic_n800_g8_d4_noise0,100,100,0,0,True,"{""1"":100,""2"":100,""3"":100,""4"":100,""5"":100,""6"":100,""7"":100,""8"":100}",32fb3610a7f4edf739af0e83ea96bcc7c279821f5143b8c3a6551eeaadb3fc5d,22.033290995750576,0.5740676684219564,0.6963672216727927,0.5740676684219564,0.5881995017300117,0.6499746081567332,0.9025,7,78,,,,0.5888021611968106,0.6125,0.5772960109580301,0.6786703601108033,0.6125,0.6438896189224704,0,0.0,490,-1,1,0.0975
quality_anisotropic_n800_g8_d4_noise0_s1,shape_density,anisotropic,800,8,4,0,2026092801,1,5,20,2,hgp_first_coverage,point_cardinality,quality_anisotropic_n800_g8_d4_noise0,100,100,0,0,True,"{""1"":100,""2"":100,""3"":100,""4"":100,""5"":100,""6"":100,""7"":100,""8"":100}",9a280cde3f31bb492faae0c8cd8559c69f88a1a1e9f564074417902043406a14,14.270498002588283,0.568153151518694,0.6958453384791093,0.568153151518694,0.5844306154624999,0.6512519675183214,0.895,7,84,,,,0.5901918791389235,0.61,0.5767384961674237,0.6815642458100558,0.61,0.6437994722955145,0,0.0,488,-1,1,0.105
quality_anisotropic_n800_g8_d4_noise0_s1,shape_density,anisotropic,800,8,4,0,2026092801,1,5,20,2,hgp_weighted_full_vote,facet_mass_before_vote,quality_anisotropic_n800_g8_d4_noise0,100,100,0,0,False,"{""1"":100,""2"":100,""3"":100,""4"":100,""5"":100,""6"":100,""7"":100,""8"":100}",fa4648d5f940c90b20e11deff312ac76810c5a37c8bd49488a959c3343ca49e8,661.8074479993084,0.6261349126773398,0.7355551522055948,0.6261349126773398,0.6342420180132277,0.6824990962352013,0.92625,6,59,,,,0.5913345018239854,0.6625,0.609951273921313,0.7152496626180836,0.6625,0.6878650227125244,0,0.0,530,-2,2,0.07375
quality_anisotropic_n800_g8_d4_noise0_s1,shape_density,anisotropic,800,8,4,0,2026092801,1,5,50,1,hdbscan_common,point_cardinality,quality_anisotropic_n800_g8_d4_noise0,100,100,0,0,True,"{""1"":100,""2"":100,""3"":100,""4"":100,""5"":100,""6"":100,""7"":100,""8"":100}",498fe3041258b4f9b723aa13fe8aea34ec350628b4b46591dfbbc33fb6d2eaef,15.775673993630335,0.4774635014017158,0.6485409726938385,0.4774635014017158,0.5551962964829437,0.7196622830644033,0.78125,6,175,,,,0.6083007182921906,0.58,0.5801802472678015,0.7424,0.58,0.6512280701754386,0,0.0,464,-2,2,0.21875
quality_anisotropic_n800_g8_d4_noise0_s1,shape_density,anisotropic,800,8,4,0,2026092801,1,5,50,1,hdbscan_standard,point_cardinality,quality_anisotropic_n800_g8_d4_noise0,100,100,0,0,True,"{""1"":100,""2"":100,""3"":100,""4"":100,""5"":100,""6"":100,""7"":100,""8"":100}",597a7a8e2468a8901a70be911fdf26311a3ae52546db499d1f84d3a8d49f3415,0.0,0.4786304486614118,0.6467314219043448,0.4786304486614118,0.5547043905326552,0.716361447355984,0.78375,6,173,,,,0.6082184092491704,0.58125,0.580578624784823,0.7416267942583732,0.58125,0.6517168885774351,0,0.0,465,-2,2,0.21625
quality_anisotropic_n800_g8_d4_noise0_s1,shape_density,anisotropic,800,8,4,0,2026092801,1,5,50,1,hgp_exclusive_point_routing,point_cardinality,quality_anisotropic_n800_g8_d4_noise0,100,100,0,0,True,"{""1"":100,""2"":100,""3"":100,""4"":100,""5"":100,""6"":100,""7"":100,""8"":100}",3104556e5420e4cd81479a69e1642fddfe766e455c943d1d8be766d1a6529119,23.259046996827237,0.6195842330608275,0.7246331396490107,0.6195842330608275,0.6288397721264021,0.6795931497423043,0.9225,6,62,,,,0.5896028884664244,0.6575,0.6072903304388084,0.7127371273712737,0.6575,0.6840052015604682,0,0.0,526,-2,2,0.0775
quality_anisotropic_n800_g8_d4_noise0_s1,shape_density,anisotropic,800,8,4,0,2026092801,1,5,50,1,hgp_first_coverage,point_cardinality,quality_anisotropic_n800_g8_d4_noise0,100,100,0,0,True,"{""1"":100,""2"":100,""3"":100,""4"":100,""5"":100,""6"":100,""7"":100,""8"":100}",cfc4dfdba34e8020b559c089f37f811cc3208a20e83594c09296fb06476fbbc8,14.541422999172937,0.6154844274945053,0.7253881354213196,0.6154844274945053,0.6259472941700487,0.680159280858583,0.9175,6,66,,,,0.5897644475279812,0.65625,0.6071541715573259,0.715258855585831,0.65625,0.6844850065189049,0,0.0,525,-2,2,0.0825
quality_anisotropic_n800_g8_d4_noise0_s1,shape_density,anisotropic,800,8,4,0,2026092801,1,5,50,1,hgp_weighted_full_vote,facet_mass_before_vote,quality_anisotropic_n800_g8_d4_noise0,100,100,0,0,False,"{""1"":100,""2"":100,""3"":100,""4"":100,""5"":100,""6"":100,""7"":100,""8"":100}",15aa00137ab9460d9063566041e41ba2e4961462bca8b59822cfe6b01b5eaec8,650.6125849991804,0.3934470124424539,0.634885110727259,0.3934470124424539,0.3942563208205013,0.40371096107527765,0.965,4,28,,,,0.33286500930212765,0.47625,0.36823579210513885,0.49352331606217614,0.47625,0.4847328244274809,0,0.0,381,-4,4,0.035
quality_anisotropic_n800_g8_d4_noise0_s1,shape_density,anisotropic,800,8,4,0,2026092801,1,5,50,2,hdbscan_common,point_cardinality,quality_anisotropic_n800_g8_d4_noise0,100,100,0,0,True,"{""1"":100,""2"":100,""3"":100,""4"":100,""5"":100,""6"":100,""7"":100,""8"":100}",80837daa59628f1cf654019f881f5ea663e6a5f486c5ccfb778969cdb42a178b,16.04493599734269,0.4774635014017158,0.6485409726938385,0.4774635014017158,0.5551962964829437,0.7196622830644033,0.78125,6,175,,,,0.6083007182921906,0.58,0.5801802472678015,0.7424,0.58,0.6512280701754386,0,0.0,464,-2,2,0.21875
quality_anisotropic_n800_g8_d4_noise0_s1,shape_density,anisotropic,800,8,4,0,2026092801,1,5,50,2,hgp_exclusive_point_routing,point_cardinality,quality_anisotropic_n800_g8_d4_noise0,100,100,0,0,True,"{""1"":100,""2"":100,""3"":100,""4"":100,""5"":100,""6"":100,""7"":100,""8"":100}",549c25174402b69a61dea578a6b9b1018f6d59c17b3a9df2fbbb003c2d8e5b15,24.16524599539116,0.6196800594550617,0.7257663897282443,0.6196800594550617,0.6283937226796256,0.6781177547961474,0.92375,6,61,,,,0.5883355691848658,0.6575,0.606680737466665,0.7117726657645467,0.6575,0.6835607537361923,0,0.0,526,-2,2,0.07625
quality_anisotropic_n800_g8_d4_noise0_s1,shape_density,anisotropic,800,8,4,0,2026092801,1,5,50,2,hgp_first_coverage,point_cardinality,quality_anisotropic_n800_g8_d4_noise0,100,100,0,0,True,"{""1"":100,""2"":100,""3"":100,""4"":100,""5"":100,""6"":100,""7"":100,""8"":100}",d6c44de5c11b87ac62dfdc2f4b9b9a40708ac7e94709a2fb86df7145ead4f1da,13.814095997076947,0.6154844274945053,0.7253881354213196,0.6154844274945053,0.6259472941700487,0.680159280858583,0.9175,6,66,,,,0.5897644475279812,0.65625,0.6071541715573259,0.715258855585831,0.65625,0.6844850065189049,0,0.0,525,-2,2,0.0825
quality_anisotropic_n800_g8_d4_noise0_s1,shape_density,anisotropic,800,8,4,0,2026092801,1,5,50,2,hgp_weighted_full_vote,facet_mass_before_vote,quality_anisotropic_n800_g8_d4_noise0,100,100,0,0,False,"{""1"":100,""2"":100,""3"":100,""4"":100,""5"":100,""6"":100,""7"":100,""8"":100}",9e795513edec76bdbc9430dd49b2effb6d43363b268c0b2e8288c7328fcc775a,649.2366899983608,0.38801597625450673,0.6277309629289226,0.38801597625450673,0.3888094816435869,0.39810328585845306,0.965,4,28,,,,0.3323486207951456,0.47375,0.3667849038349991,0.49093264248704666,0.47375,0.4821882951653944,0,0.0,379,-4,4,0.035
quality_anisotropic_n800_g8_d4_noise0_s2,shape_density,anisotropic,800,8,4,0,2026092802,2,5,20,1,hdbscan_common,point_cardinality,quality_anisotropic_n800_g8_d4_noise0,100,100,0,0,True,"{""1"":100,""2"":100,""3"":100,""4"":100,""5"":100,""6"":100,""7"":100,""8"":100}",c83692ff1450d0736511e75bb904114feda80f4588e01d185a32d0ab9eabf52e,16.054332998464815,0.07651806965862967,0.2860461737492906,0.07651806965862967,0.07641062508366192,0.07742212592021182,0.9575,2,34,,,,0.14349775784753363,0.245,0.1552811020971266,0.2558746736292428,0.245,0.2503192848020434,0,0.0,196,-6,6,0.0425
quality_anisotropic_n800_g8_d4_noise0_s2,shape_density,anisotropic,800,8,4,0,2026092802,2,5,20,1,hdbscan_standard,point_cardinality,quality_anisotropic_n800_g8_d4_noise0,100,100,0,0,True,"{""1"":100,""2"":100,""3"":100,""4"":100,""5"":100,""6"":100,""7"":100,""8"":100}",bcfb0f3f62413f7490a1903421ae172fbf7b4484afaac5b91d9e2af62a5ff4da,0.0,0.07651806965862967,0.2860461737492906,0.07651806965862967,0.07641062508366192,0.07742212592021182,0.9575,2,34,,,,0.14349775784753363,0.245,0.1552811020971266,0.2558746736292428,0.245,0.2503192848020434,0,0.0,196,-6,6,0.0425
quality_anisotropic_n800_g8_d4_noise0_s2,shape_density,anisotropic,800,8,4,0,2026092802,2,5,20,1,hgp_exclusive_point_routing,point_cardinality,quality_anisotropic_n800_g8_d4_noise0,100,100,0,0,True,"{""1"":100,""2"":100,""3"":100,""4"":100,""5"":100,""6"":100,""7"":100,""8"":100}",286404df38dd8e7b9ab159f244d401941feb5278fff51db2e15fb75f295bb133,36.52081300242571,0.07482527082821601,0.2954029749065172,0.07482527082821601,0.07482449193410508,0.07495428962306086,0.995,2,4,,,,0.1417097701149425,0.24875,0.1551570351758794,0.25,0.24875,0.24937343358395989,0,0.0,199,-6,6,0.005
quality_anisotropic_n800_g8_d4_noise0_s2,shape_density,anisotropic,800,8,4,0,2026092802,2,5,20,1,hgp_first_coverage,point_cardinality,quality_anisotropic_n800_g8_d4_noise0,100,100,0,0,True,"{""1"":100,""2"":100,""3"":100,""4"":100,""5"":100,""6"":100,""7"":100,""8"":100}",ce1523b091e99ef4e9807eff96f07aa57de44a8557c0418373edee72d848215d,18.318064001505263,0.07488932316436021,0.2993589134236564,0.07488932316436021,0.07488854710079282,0.07501819452563625,0.995,2,4,,,,0.14293400286944047,0.24875,0.1557394879037597,0.25,0.24875,0.24937343358395989,0,0.0,199,-6,6,0.005
quality_anisotropic_n800_g8_d4_noise0_s2,shape_density,anisotropic,800,8,4,0,2026092802,2,5,20,1,hgp_weighted_full_vote,facet_mass_before_vote,quality_anisotropic_n800_g8_d4_noise0,100,100,0,0,False,"{""1"":100,""2"":100,""3"":100,""4"":100,""5"":100,""6"":100,""7"":100,""8"":100}",878a4e0ad45434e60caf683caf2e0c928c2ecd0e6a1b5b03b6f1c1661ae7ce2f,1047.6215219969163,0.07482527082821601,0.2954029749065172,0.07482527082821601,0.07482449193410508,0.07495428962306086,0.995,2,4,,,,0.1417097701149425,0.24875,0.1551570351758794,0.25,0.24875,0.24937343358395989,0,0.0,199,-6,6,0.005
quality_anisotropic_n800_g8_d4_noise0_s2,shape_density,anisotropic,800,8,4,0,2026092802,2,5,20,2,hdbscan_common,point_cardinality,quality_anisotropic_n800_g8_d4_noise0,100,100,0,0,True,"{""1"":100,""2"":100,""3"":100,""4"":100,""5"":100,""6"":100,""7"":100,""8"":100}",946fbfddb035f9cdf6c2fb702f84c5554be71fac37dd506fe13c9c8cb39a8155,16.17494899983285,0.41308875197234163,0.6235801194177575,0.41308875197234163,0.5164396566215855,0.7319401237993687,0.73125,7,215,,,,0.7588771279860973,0.58875,0.6385750887342039,0.8051282051282052,0.58875,0.68014440433213,0,0.0,471,-1,1,0.26875
quality_anisotropic_n800_g8_d4_noise0_s2,shape_density,anisotropic,800,8,4,0,2026092802,2,5,20,2,hgp_exclusive_point_routing,point_cardinality,quality_anisotropic_n800_g8_d4_noise0,100,100,0,0,True,"{""1"":100,""2"":100,""3"":100,""4"":100,""5"":100,""6"":100,""7"":100,""8"":100}",65eef6aedad6d3988bbc635523f19c383accbc0a2cfa33153ae2d7a4c4f0650a,34.72279100242304,0.4895782540023399,0.6819199499051011,0.4895782540023399,0.498290677779767,0.5410813747395631,0.91,7,72,,,,0.6405626170102438,0.60375,0.587493857766029,0.6634615384615384,0.60375,0.6321989528795812,0,0.0,483,-1,1,0.09
quality_anisotropic_n800_g8_d4_noise0_s2,shape_density,anisotropic,800,8,4,0,2026092802,2,5,20,2,hgp_first_coverage,point_cardinality,quality_anisotropic_n800_g8_d4_noise0,100,100,0,0,True,"{""1"":100,""2"":100,""3"":100,""4"":100,""5"":100,""6"":100,""7"":100,""8"":100}",d32d2106ed1b2150d33242d1e929551eb45cc996aa0b1e110d4825fbea0cbe77,13.921778001531493,0.4846341605075525,0.6798154977101226,0.4846341605075525,0.4945764009248911,0.5402084340048711,0.90375,7,77,,,,0.6425139930158094,0.60125,0.587367093185379,0.665283540802213,0.60125,0.6316480630334865,0,0.0,481,-1,1,0.09625
quality_anisotropic_n800_g8_d4_noise0_s2,shape_density,anisotropic,800,8,4,0,2026092802,2,5,20,2,hgp_weighted_full_vote,facet_mass_before_vote,quality_anisotropic_n800_g8_d4_noise0,100,100,0,0,False,"{""1"":100,""2"":100,""3"":100,""4"":100,""5"":100,""6"":100,""7"":100,""8"":100}",912f624b70cd7aafb59b5d7bf287c4b8636ffa8976414c168a6e9773560ba75d,689.4995780021418,0.07482527082821601,0.2954029749065172,0.07482527082821601,0.07482449193410508,0.07495428962306086,0.995,2,4,,,,0.1417097701149425,0.24875,0.1551570351758794,0.25,0.24875,0.24937343358395989,0,0.0,199,-6,6,0.005
quality_anisotropic_n800_g8_d4_noise0_s2,shape_density,anisotropic,800,8,4,0,2026092802,2,5,50,1,hdbscan_common,point_cardinality,quality_anisotropic_n800_g8_d4_noise0,100,100,0,0,True,"{""1"":100,""2"":100,""3"":100,""4"":100,""5"":100,""6"":100,""7"":100,""8"":100}",1432849ff4fe57178d7c4cebcead20c496b0e9a80d5c0f68e1595bb7e6b52b37,16.28418199834414,0.07651806965862967,0.2860461737492906,0.07651806965862967,0.07641062508366192,0.07742212592021182,0.9575,2,34,,,,0.14349775784753363,0.245,0.1552811020971266,0.2558746736292428,0.245,0.2503192848020434,0,0.0,196,-6,6,0.0425
quality_anisotropic_n800_g8_d4_noise0_s2,shape_density,anisotropic,800,8,4,0,2026092802,2,5,50,1,hdbscan_standard,point_cardinality,quality_anisotropic_n800_g8_d4_noise0,100,100,0,0,True,"{""1"":100,""2"":100,""3"":100,""4"":100,""5"":100,""6"":100,""7"":100,""8"":100}",096707f2c088da750be89fd0c57bca72d3c1510563f980232c44bca8c81a8d5f,0.0,0.07651806965862967,0.2860461737492906,0.07651806965862967,0.07641062508366192,0.07742212592021182,0.9575,2,34,,,,0.14349775784753363,0.245,0.1552811020971266,0.2558746736292428,0.245,0.2503192848020434,0,0.0,196,-6,6,0.0425
quality_anisotropic_n800_g8_d4_noise0_s2,shape_density,anisotropic,800,8,4,0,2026092802,2,5,50,1,hgp_exclusive_point_routing,point_cardinality,quality_anisotropic_n800_g8_d4_noise0,100,100,0,0,True,"{""1"":100,""2"":100,""3"":100,""4"":100,""5"":100,""6"":100,""7"":100,""8"":100}",d612fb47e694ef277af0ae33a5bca93c10285261dcc8bc234c78c529c0ac8bb0,23.36068599834107,0.07482527082821601,0.2954029749065172,0.07482527082821601,0.07482449193410508,0.07495428962306086,0.995,2,4,,,,0.1417097701149425,0.24875,0.1551570351758794,0.25,0.24875,0.24937343358395989,0,0.0,199,-6,6,0.005
quality_anisotropic_n800_g8_d4_noise0_s2,shape_density,anisotropic,800,8,4,0,2026092802,2,5,50,1,hgp_first_coverage,point_cardinality,quality_anisotropic_n800_g8_d4_noise0,100,100,0,0,True,"{""1"":100,""2"":100,""3"":100,""4"":100,""5"":100,""6"":100,""7"":100,""8"":100}",bc32e820d41eb0cae60298aa3b7b43dc880bb41877aa8f74e5d6165fb13e4c71,13.661341996339615,0.07488932316436021,0.2993589134236564,0.07488932316436021,0.07488854710079282,0.07501819452563625,0.995,2,4,,,,0.14293400286944047,0.24875,0.1557394879037597,0.25,0.24875,0.24937343358395989,0,0.0,199,-6,6,0.005
quality_anisotropic_n800_g8_d4_noise0_s2,shape_density,anisotropic,800,8,4,0,2026092802,2,5,50,1,hgp_weighted_full_vote,facet_mass_before_vote,quality_anisotropic_n800_g8_d4_noise0,100,100,0,0,False,"{""1"":100,""2"":100,""3"":100,""4"":100,""5"":100,""6"":100,""7"":100,""8"":100}",13e23d7c50e82f42ff4e134372a27a1b1068b4d3ab6823f9b80859ff144075c4,676.672685003723,0.07482527082821601,0.2954029749065172,0.07482527082821601,0.07482449193410508,0.07495428962306086,0.995,2,4,,,,0.1417097701149425,0.24875,0.1551570351758794,0.25,0.24875,0.24937343358395989,0,0.0,199,-6,6,0.005
quality_anisotropic_n800_g8_d4_noise0_s2,shape_density,anisotropic,800,8,4,0,2026092802,2,5,50,2,hdbscan_common,point_cardinality,quality_anisotropic_n800_g8_d4_noise0,100,100,0,0,True,"{""1"":100,""2"":100,""3"":100,""4"":100,""5"":100,""6"":100,""7"":100,""8"":100}",275a8deec9f01b4b9ad6d1c6a854745e5398d178d08b1b68d610286630453bfa,18.36221600387944,0.07651806965862967,0.2860461737492906,0.07651806965862967,0.07641062508366192,0.07742212592021182,0.9575,2,34,,,,0.14349775784753363,0.245,0.1552811020971266,0.2558746736292428,0.245,0.2503192848020434,0,0.0,196,-6,6,0.0425
quality_anisotropic_n800_g8_d4_noise0_s2,shape_density,anisotropic,800,8,4,0,2026092802,2,5,50,2,hgp_exclusive_point_routing,point_cardinality,quality_anisotropic_n800_g8_d4_noise0,100,100,0,0,True,"{""1"":100,""2"":100,""3"":100,""4"":100,""5"":100,""6"":100,""7"":100,""8"":100}",4e51f0d19400c7fcdca9810ee17c04a04807ae42dbe9bd3b127c11043647399e,22.027589999197517,0.5098575034436424,0.6929217409269071,0.5098575034436424,0.5181037385956159,0.5595004287889935,0.915,6,68,,,,0.6257278898099251,0.6375,0.6090282822831742,0.6967213114754098,0.6375,0.6657963446475196,0,0.0,510,-2,2,0.085
quality_anisotropic_n800_g8_d4_noise0_s2,shape_density,anisotropic,800,8,4,0,2026092802,2,5,50,2,hgp_first_coverage,point_cardinality,quality_anisotropic_n800_g8_d4_noise0,100,100,0,0,True,"{""1"":100,""2"":100,""3"":100,""4"":100,""5"":100,""6"":100,""7"":100,""8"":100}",50c4f8bdd6e818701d71cd70cab3be5090d91a13377067f159b4d2e70787475a,14.138772006845102,0.5041967734978325,0.6902614793475561,0.5041967734978325,0.5135263694388041,0.5571968523626227,0.91,6,72,,,,0.6260085262370036,0.6325000000000001,0.6059963792565256,0.695054945054945,0.6325,0.662303664921466,0,0.0,506,-2,2,0.09
quality_anisotropic_n800_g8_d4_noise0_s2,shape_density,anisotropic,800,8,4,0,2026092802,2,5,50,2,hgp_weighted_full_vote,facet_mass_before_vote,quality_anisotropic_n800_g8_d4_noise0,100,100,0,0,False,"{""1"":100,""2"":100,""3"":100,""4"":100,""5"":100,""6"":100,""7"":100,""8"":100}",ad4d5194eb5a26cadfe6b72152ba8cea33bded56720c09c8f7e75b94512517e5,962.2532529974706,0.07482527082821601,0.2954029749065172,0.07482527082821601,0.07482449193410508,0.07495428962306086,0.995,2,4,,,,0.1417097701149425,0.24875,0.1551570351758794,0.25,0.24875,0.24937343358395989,0,0.0,199,-6,6,0.005
quality_heteroscedastic_n800_g8_d4_noise0_s1,shape_density,heteroscedastic,800,8,4,0,2026092801,1,5,20,1,hdbscan_common,point_cardinality,quality_heteroscedastic_n800_g8_d4_noise0,100,100,0,0,True,"{""1"":100,""2"":100,""3"":100,""4"":100,""5"":100,""6"":100,""7"":100,""8"":100}",6c14d76b615afa147c584f005bb3aebbe90bae6e576150c857fe96872bab9fdf,16.13020399963716,0.5868706557949668,0.7602218192372744,0.5868706557949668,0.6787156591589782,0.94780205225793,0.7025,7,238,,,,0.8250019831734593,0.6725,0.7243435776852539,0.9572953736654805,0.6725,0.7900146842878121,0,0.0,538,-1,1,0.2975
quality_heteroscedastic_n800_g8_d4_noise0_s1,shape_density,heteroscedastic,800,8,4,0,2026092801,1,5,20,1,hdbscan_standard,point_cardinality,quality_heteroscedastic_n800_g8_d4_noise0,100,100,0,0,True,"{""1"":100,""2"":100,""3"":100,""4"":100,""5"":100,""6"":100,""7"":100,""8"":100}",39ad552f44ee733fcf885cec7c7b183c3c93fba843ef5d45dee0e848c4dacf62,0.0,0.5873628329158816,0.7549079485035669,0.5873628329158816,0.6753007520746213,0.9371012948135784,0.7075,7,234,,,,0.8223655420740643,0.67375,0.7239911756436296,0.9522968197879859,0.67375,0.7891654465592972,0,0.0,539,-1,1,0.2925
quality_heteroscedastic_n800_g8_d4_noise0_s1,shape_density,heteroscedastic,800,8,4,0,2026092801,1,5,20,1,hgp_exclusive_point_routing,point_cardinality,quality_heteroscedastic_n800_g8_d4_noise0,100,100,0,0,True,"{""1"":100,""2"":100,""3"":100,""4"":100,""5"":100,""6"":100,""7"":100,""8"":100}",c15416c07144c4ab0defcc0012e97aa2d2864f483130098da8b30583f1edf61b,33.11902100540465,0.7498148317848703,0.8026731740607147,0.7498148317848703,0.7585606348246198,0.883530059817689,0.85125,7,119,,,,0.7934771610190375,0.7775,0.7822899388552271,0.9133627019089574,0.7775,0.8399729912221472,0,0.0,622,-1,1,0.14875
quality_heteroscedastic_n800_g8_d4_noise0_s1,shape_density,heteroscedastic,800,8,4,0,2026092801,1,5,20,1,hgp_first_coverage,point_cardinality,quality_heteroscedastic_n800_g8_d4_noise0,100,100,0,0,True,"{""1"":100,""2"":100,""3"":100,""4"":100,""5"":100,""6"":100,""7"":100,""8"":100}",88373ae3f04598202bfaabc4b66a0437007a86a78527b9e9fdcef12d24b54913,18.38088100339519,0.7352402615477913,0.7963240682861031,0.7352402615477913,0.7465122194397537,0.8810625625926098,0.8375,7,130,,,,0.7967490928778242,0.7675,0.7764689410936647,0.9164179104477612,0.7675,0.8353741496598639,0,0.0,614,-1,1,0.1625
quality_heteroscedastic_n800_g8_d4_noise0_s1,shape_density,heteroscedastic,800,8,4,0,2026092801,1,5,20,1,hgp_weighted_full_vote,facet_mass_before_vote,quality_heteroscedastic_n800_g8_d4_noise0,100,100,0,0,False,"{""1"":100,""2"":100,""3"":100,""4"":100,""5"":100,""6"":100,""7"":100,""8"":100}",4072005065ad2ce7cb5e969629c136c840ce88f72d8b9b71d2f77cb264b3a9ff,758.6638580032741,0.7465172750894415,0.7991386747781173,0.7465172750894415,0.7537822449951502,0.8714167666546923,0.85875,7,113,,,,0.7889066703855033,0.77875,0.7803290176948444,0.9068413391557496,0.77875,0.8379287155346334,0,0.0,623,-1,1,0.14125
quality_heteroscedastic_n800_g8_d4_noise0_s1,shape_density,heteroscedastic,800,8,4,0,2026092801,1,5,20,2,hdbscan_common,point_cardinality,quality_heteroscedastic_n800_g8_d4_noise0,100,100,0,0,True,"{""1"":100,""2"":100,""3"":100,""4"":100,""5"":100,""6"":100,""7"":100,""8"":100}",72b09f40f60c8370a1409018fa423887fbd12b561fc331afad83a9433cb29c0a,16.196929005673155,0.5868706557949668,0.7602218192372744,0.5868706557949668,0.6787156591589782,0.94780205225793,0.7025,7,238,,,,0.8250019831734593,0.6725,0.7243435776852539,0.9572953736654805,0.6725,0.7900146842878121,0,0.0,538,-1,1,0.2975
quality_heteroscedastic_n800_g8_d4_noise0_s1,shape_density,heteroscedastic,800,8,4,0,2026092801,1,5,20,2,hgp_exclusive_point_routing,point_cardinality,quality_heteroscedastic_n800_g8_d4_noise0,100,100,0,0,True,"{""1"":100,""2"":100,""3"":100,""4"":100,""5"":100,""6"":100,""7"":100,""8"":100}",c6081f36c6dd021012657d088d9c1d50e7b2b49e7f97fad82e9a580ec23fc1ad,22.599543997785076,0.7523060242058582,0.805961870089685,0.7523060242058582,0.7612544827823567,0.886687060895533,0.85125,7,119,,,,0.7949626799757841,0.77875,0.7835953963372367,0.9148311306901615,0.77875,0.8413234301147873,0,0.0,623,-1,1,0.14875
quality_heteroscedastic_n800_g8_d4_noise0_s1,shape_density,heteroscedastic,800,8,4,0,2026092801,1,5,20,2,hgp_first_coverage,point_cardinality,quality_heteroscedastic_n800_g8_d4_noise0,100,100,0,0,True,"{""1"":100,""2"":100,""3"":100,""4"":100,""5"":100,""6"":100,""7"":100,""8"":100}",f76465063c20be525bac84d198af8cf60099a3d7c159ac530bbf450e803ab0a1,13.903613995353226,0.7352402615477913,0.7963240682861031,0.7352402615477913,0.7465122194397537,0.8810625625926098,0.8375,7,130,,,,0.7967490928778242,0.7675,0.7764689410936647,0.9164179104477612,0.7675,0.8353741496598639,0,0.0,614,-1,1,0.1625
quality_heteroscedastic_n800_g8_d4_noise0_s1,shape_density,heteroscedastic,800,8,4,0,2026092801,1,5,20,2,hgp_weighted_full_vote,facet_mass_before_vote,quality_heteroscedastic_n800_g8_d4_noise0,100,100,0,0,False,"{""1"":100,""2"":100,""3"":100,""4"":100,""5"":100,""6"":100,""7"":100,""8"":100}",a318b99b8232848f1a17efac81e7ac74eea60c2062c615872df567e1e31fc4b5,1085.4388830048265,0.7465172750894415,0.7991386747781173,0.7465172750894415,0.7537822449951502,0.8714167666546923,0.85875,7,113,,,,0.7889066703855033,0.77875,0.7803290176948444,0.9068413391557496,0.77875,0.8379287155346334,0,0.0,623,-1,1,0.14125
quality_heteroscedastic_n800_g8_d4_noise0_s1,shape_density,heteroscedastic,800,8,4,0,2026092801,1,5,50,1,hdbscan_common,point_cardinality,quality_heteroscedastic_n800_g8_d4_noise0,100,100,0,0,True,"{""1"":100,""2"":100,""3"":100,""4"":100,""5"":100,""6"":100,""7"":100,""8"":100}",fb59dccd37e27a1df4326e96a03758165b553d4eba813dc3bb7a0522c35b3c95,16.421378000814002,0.5785729722701726,0.7733724708361136,0.5785729722701726,0.6730903646535826,0.955890782509273,0.65625,6,275,,,,0.7304073885788647,0.6375,0.673248687174305,0.9714285714285714,0.6375,0.769811320754717,0,0.0,510,-2,2,0.34375
quality_heteroscedastic_n800_g8_d4_noise0_s1,shape_density,heteroscedastic,800,8,4,0,2026092801,1,5,50,1,hdbscan_standard,point_cardinality,quality_heteroscedastic_n800_g8_d4_noise0,100,100,0,0,True,"{""1"":100,""2"":100,""3"":100,""4"":100,""5"":100,""6"":100,""7"":100,""8"":100}",09a5f9d71cec7eb7e8a0f585fd4911af59c6cc9e07baa0d17f43df1d31087fa0,0.0,0.5790214366036921,0.7677989169029761,0.5790214366036921,0.6691823140148841,0.9450042310062384,0.66,6,272,,,,0.7269708052319591,0.6375,0.6714549437595716,0.9659090909090909,0.6375,0.7680722891566265,0,0.0,510,-2,2,0.34
quality_heteroscedastic_n800_g8_d4_noise0_s1,shape_density,heteroscedastic,800,8,4,0,2026092801,1,5,50,1,hgp_exclusive_point_routing,point_cardinality,quality_heteroscedastic_n800_g8_d4_noise0,100,100,0,0,True,"{""1"":100,""2"":100,""3"":100,""4"":100,""5"":100,""6"":100,""7"":100,""8"":100}",a14b108f738ab111f82da34510f062255e67561a7fcb0144520a781d422fe9b1,21.973328999592923,0.7498148317848703,0.8026731740607147,0.7498148317848703,0.7585606348246198,0.883530059817689,0.85125,7,119,,,,0.7934771610190375,0.7775,0.7822899388552271,0.9133627019089574,0.7775,0.8399729912221472,0,0.0,622,-1,1,0.14875
quality_heteroscedastic_n800_g8_d4_noise0_s1,shape_density,heteroscedastic,800,8,4,0,2026092801,1,5,50,1,hgp_first_coverage,point_cardinality,quality_heteroscedastic_n800_g8_d4_noise0,100,100,0,0,True,"{""1"":100,""2"":100,""3"":100,""4"":100,""5"":100,""6"":100,""7"":100,""8"":100}",ad9baf521487ea7884b3298f6f2e2d87074e4ebd1b358f730ff0a5e5c8a43454,15.325273998314515,0.7352402615477913,0.7963240682861031,0.7352402615477913,0.7465122194397537,0.8810625625926098,0.8375,7,130,,,,0.7967490928778242,0.7675,0.7764689410936647,0.9164179104477612,0.7675,0.8353741496598639,0,0.0,614,-1,1,0.1625
quality_heteroscedastic_n800_g8_d4_noise0_s1,shape_density,heteroscedastic,800,8,4,0,2026092801,1,5,50,1,hgp_weighted_full_vote,facet_mass_before_vote,quality_heteroscedastic_n800_g8_d4_noise0,100,100,0,0,False,"{""1"":100,""2"":100,""3"":100,""4"":100,""5"":100,""6"":100,""7"":100,""8"":100}",e92e3cd8aa766d48c68a0a2fbebb97973cbe07bec477d92f1ecc64ae75282ffd,762.3549799973262,0.7403564092178568,0.8180264195840318,0.7403564092178568,0.7383073320437906,0.8984838173354853,0.76625,6,187,,,,0.7029958706589141,0.715,0.7067627451309304,0.933115823817292,0.715,0.8096249115357396,0,0.0,572,-2,2,0.23375
quality_heteroscedastic_n800_g8_d4_noise0_s1,shape_density,heteroscedastic,800,8,4,0,2026092801,1,5,50,2,hdbscan_common,point_cardinality,quality_heteroscedastic_n800_g8_d4_noise0,100,100,0,0,True,"{""1"":100,""2"":100,""3"":100,""4"":100,""5"":100,""6"":100,""7"":100,""8"":100}",2348642ae87d8664800870c405fc8ae1382f0f70404f6fe40b7d95173c9aaefb,15.869980001298245,0.5785729722701726,0.7733724708361136,0.5785729722701726,0.6730903646535826,0.955890782509273,0.65625,6,275,,,,0.7304073885788647,0.6375,0.673248687174305,0.9714285714285714,0.6375,0.769811320754717,0,0.0,510,-2,2,0.34375
quality_heteroscedastic_n800_g8_d4_noise0_s1,shape_density,heteroscedastic,800,8,4,0,2026092801,1,5,50,2,hgp_exclusive_point_routing,point_cardinality,quality_heteroscedastic_n800_g8_d4_noise0,100,100,0,0,True,"{""1"":100,""2"":100,""3"":100,""4"":100,""5"":100,""6"":100,""7"":100,""8"":100}",b6a4b2edf3bdb013b18926900091edd6be8d5228ce631baf0e8514f931a5a0da,22.438517000409774,0.7523060242058582,0.805961870089685,0.7523060242058582,0.7612544827823567,0.886687060895533,0.85125,7,119,,,,0.7949626799757841,0.77875,0.7835953963372367,0.9148311306901615,0.77875,0.8413234301147873,0,0.0,623,-1,1,0.14875
quality_heteroscedastic_n800_g8_d4_noise0_s1,shape_density,heteroscedastic,800,8,4,0,2026092801,1,5,50,2,hgp_first_coverage,point_cardinality,quality_heteroscedastic_n800_g8_d4_noise0,100,100,0,0,True,"{""1"":100,""2"":100,""3"":100,""4"":100,""5"":100,""6"":100,""7"":100,""8"":100}",10cf5e1fa60330caaeef4ce806373cde3d2e5056d07f3bbbb3883278d383fd63,13.790353004878853,0.7352402615477913,0.7963240682861031,0.7352402615477913,0.7465122194397537,0.8810625625926098,0.8375,7,130,,,,0.7967490928778242,0.7675,0.7764689410936647,0.9164179104477612,0.7675,0.8353741496598639,0,0.0,614,-1,1,0.1625
quality_heteroscedastic_n800_g8_d4_noise0_s1,shape_density,heteroscedastic,800,8,4,0,2026092801,1,5,50,2,hgp_weighted_full_vote,facet_mass_before_vote,quality_heteroscedastic_n800_g8_d4_noise0,100,100,0,0,False,"{""1"":100,""2"":100,""3"":100,""4"":100,""5"":100,""6"":100,""7"":100,""8"":100}",a7b315c4f4267de68983bd157c2bd7299b3ddc43b669069b2a0cdabee83abb57,810.7943559953128,0.7403564092178568,0.8180264195840318,0.7403564092178568,0.7383073320437906,0.8984838173354853,0.76625,6,187,,,,0.7029958706589141,0.715,0.7067627451309304,0.933115823817292,0.715,0.8096249115357396,0,0.0,572,-2,2,0.23375
quality_heteroscedastic_n800_g8_d4_noise0_s2,shape_density,heteroscedastic,800,8,4,0,2026092802,2,5,20,1,hdbscan_common,point_cardinality,quality_heteroscedastic_n800_g8_d4_noise0,100,100,0,0,True,"{""1"":100,""2"":100,""3"":100,""4"":100,""5"":100,""6"":100,""7"":100,""8"":100}",beffb40e1f387ee65f5034d7ba1e7292261a1d684bc71f5669497ec14680faef,16.679350002959836,0.5570555497164291,0.7268699336655964,0.5570555497164291,0.6329124999442931,0.8599717049431184,0.71,6,232,,,,0.6989421174599519,0.6425,0.6577677711314557,0.9049295774647887,0.6425,0.7514619883040936,0,0.0,514,-2,2,0.29
quality_heteroscedastic_n800_g8_d4_noise0_s2,shape_density,heteroscedastic,800,8,4,0,2026092802,2,5,20,1,hdbscan_standard,point_cardinality,quality_heteroscedastic_n800_g8_d4_noise0,100,100,0,0,True,"{""1"":100,""2"":100,""3"":100,""4"":100,""5"":100,""6"":100,""7"":100,""8"":100}",0eb3ae2d44157fd86216788bbc5e4e22a06ad6c6eed20e05568d58f46c174375,0.0,0.561509673256807,0.7255436367396495,0.561509673256807,0.6331977815093913,0.8539881332037685,0.715,6,228,,,,0.6972349813701315,0.645,0.6583602639493091,0.9020979020979021,0.645,0.7521865889212828,0,0.0,516,-2,2,0.285
quality_heteroscedastic_n800_g8_d4_noise0_s2,shape_density,heteroscedastic,800,8,4,0,2026092802,2,5,20,1,hgp_exclusive_point_routing,point_cardinality,quality_heteroscedastic_n800_g8_d4_noise0,100,100,0,0,True,"{""1"":100,""2"":100,""3"":100,""4"":100,""5"":100,""6"":100,""7"":100,""8"":100}",9f4e223350c6aa7259c6c4b0b5608ab1d5684d9dc048d3d43ab82c0d0b792c95,29.896672996983398,0.773050514835361,0.8145355983006032,0.773050514835361,0.7656322589008091,0.8774449077086325,0.8575,8,114,,,,0.8703908091956365,0.78,0.7884282729676979,0.9096209912536443,0.78,0.8398384925975774,0,0.0,624,0,0,0.1425
quality_heteroscedastic_n800_g8_d4_noise0_s2,shape_density,heteroscedastic,800,8,4,0,2026092802,2,5,20,1,hgp_first_coverage,point_cardinality,quality_heteroscedastic_n800_g8_d4_noise0,100,100,0,0,True,"{""1"":100,""2"":100,""3"":100,""4"":100,""5"":100,""6"":100,""7"":100,""8"":100}",ece9d3451a9844a1fb6c365846648bafbba9f68d5a6d08b4c97c4ec413991234,18.63895200222032,0.7677489763964052,0.8057869991582767,0.7677489763964052,0.7567761416572126,0.8635452777598099,0.86,8,112,,,,0.8590800575637412,0.77625,0.7826826805515679,0.9026162790697675,0.77625,0.8346774193548387,0,0.0,621,0,0,0.14
quality_heteroscedastic_n800_g8_d4_noise0_s2,shape_density,heteroscedastic,800,8,4,0,2026092802,2,5,20,1,hgp_weighted_full_vote,facet_mass_before_vote,quality_heteroscedastic_n800_g8_d4_noise0,100,100,0,0,False,"{""1"":100,""2"":100,""3"":100,""4"":100,""5"":100,""6"":100,""7"":100,""8"":100}",387cdc7b1df3fd2727bb0a92119677de2f10d70823e51e86cd40d9d0703d77f5,730.7477380018099,0.7620341879308503,0.8205666747593583,0.7620341879308503,0.7396428235239247,0.861650542757369,0.81125,6,151,,,,0.6830615437429758,0.73375,0.7057904745343115,0.9044684129429892,0.73375,0.8102139406487232,0,0.0,587,-2,2,0.18875
quality_heteroscedastic_n800_g8_d4_noise0_s2,shape_density,heteroscedastic,800,8,4,0,2026092802,2,5,20,2,hdbscan_common,point_cardinality,quality_heteroscedastic_n800_g8_d4_noise0,100,100,0,0,True,"{""1"":100,""2"":100,""3"":100,""4"":100,""5"":100,""6"":100,""7"":100,""8"":100}",68f0bee02c531f75be3beec891eec458cfa9ba87c7a9e246527749e41045d9d6,18.25870299944654,0.5570555497164291,0.7268699336655964,0.5570555497164291,0.6329124999442931,0.8599717049431184,0.71,6,232,,,,0.6989421174599519,0.6425,0.6577677711314557,0.9049295774647887,0.6425,0.7514619883040936,0,0.0,514,-2,2,0.29
quality_heteroscedastic_n800_g8_d4_noise0_s2,shape_density,heteroscedastic,800,8,4,0,2026092802,2,5,20,2,hgp_exclusive_point_routing,point_cardinality,quality_heteroscedastic_n800_g8_d4_noise0,100,100,0,0,True,"{""1"":100,""2"":100,""3"":100,""4"":100,""5"":100,""6"":100,""7"":100,""8"":100}",ef73916ba121a82df283870095f476fe16b8d2a8a859fb6924b215a0095d37c2,25.261520997446496,0.7700884900459999,0.8098209251077926,0.7700884900459999,0.7611191924812284,0.8705096999694831,0.85875,8,113,,,,0.8684411010363432,0.77875,0.7866556061097782,0.9068413391557496,0.77875,0.8379287155346334,0,0.0,623,0,0,0.14125
quality_heteroscedastic_n800_g8_d4_noise0_s2,shape_density,heteroscedastic,800,8,4,0,2026092802,2,5,20,2,hgp_first_coverage,point_cardinality,quality_heteroscedastic_n800_g8_d4_noise0,100,100,0,0,True,"{""1"":100,""2"":100,""3"":100,""4"":100,""5"":100,""6"":100,""7"":100,""8"":100}",109d0b1b4c81d77c56255c9436d07ef4f0026d24a7d648f1250ee16aa93b5c85,17.485803000454325,0.7677489763964052,0.8057869991582767,0.7677489763964052,0.7567761416572126,0.8635452777598099,0.86,8,112,,,,0.8590800575637412,0.77625,0.7826826805515679,0.9026162790697675,0.77625,0.8346774193548387,0,0.0,621,0,0,0.14
quality_heteroscedastic_n800_g8_d4_noise0_s2,shape_density,heteroscedastic,800,8,4,0,2026092802,2,5,20,2,hgp_weighted_full_vote,facet_mass_before_vote,quality_heteroscedastic_n800_g8_d4_noise0,100,100,0,0,False,"{""1"":100,""2"":100,""3"":100,""4"":100,""5"":100,""6"":100,""7"":100,""8"":100}",e2920fa3a81144b09620dcc183a4183cc7f9567c96048b70b63db3828b783928,1414.407595002558,0.7620341879308503,0.8205666747593583,0.7620341879308503,0.7396428235239247,0.861650542757369,0.81125,6,151,,,,0.6830615437429758,0.73375,0.7057904745343115,0.9044684129429892,0.73375,0.8102139406487232,0,0.0,587,-2,2,0.18875
quality_heteroscedastic_n800_g8_d4_noise0_s2,shape_density,heteroscedastic,800,8,4,0,2026092802,2,5,50,1,hdbscan_common,point_cardinality,quality_heteroscedastic_n800_g8_d4_noise0,100,100,0,0,True,"{""1"":100,""2"":100,""3"":100,""4"":100,""5"":100,""6"":100,""7"":100,""8"":100}",fd07d7d9f88c7f4fdffb393e6522aa52942f2340ac4e819058c2542ca1abf815,17.417053997633047,0.5570555497164291,0.7268699336655964,0.5570555497164291,0.6329124999442931,0.8599717049431184,0.71,6,232,,,,0.6989421174599519,0.6425,0.6577677711314557,0.9049295774647887,0.6425,0.7514619883040936,0,0.0,514,-2,2,0.29
quality_heteroscedastic_n800_g8_d4_noise0_s2,shape_density,heteroscedastic,800,8,4,0,2026092802,2,5,50,1,hdbscan_standard,point_cardinality,quality_heteroscedastic_n800_g8_d4_noise0,100,100,0,0,True,"{""1"":100,""2"":100,""3"":100,""4"":100,""5"":100,""6"":100,""7"":100,""8"":100}",c81f6de0ca73f8b1f59e8805929529007f535ec3a04a1584c15896f4074b5564,0.0,0.561509673256807,0.7255436367396495,0.561509673256807,0.6331977815093913,0.8539881332037685,0.715,6,228,,,,0.6972349813701315,0.645,0.6583602639493091,0.9020979020979021,0.645,0.7521865889212828,0,0.0,516,-2,2,0.285
quality_heteroscedastic_n800_g8_d4_noise0_s2,shape_density,heteroscedastic,800,8,4,0,2026092802,2,5,50,1,hgp_exclusive_point_routing,point_cardinality,quality_heteroscedastic_n800_g8_d4_noise0,100,100,0,0,True,"{""1"":100,""2"":100,""3"":100,""4"":100,""5"":100,""6"":100,""7"":100,""8"":100}",c26b50dba48fc8b635f60e4296d844d29ae1057465b800274a3dc1c00371b6df,25.373317999765277,0.7793432667009582,0.8452565964510727,0.7793432667009582,0.7623473662763057,0.9038281116713277,0.78875,6,169,,,,0.7009611009728248,0.73375,0.7157999968510498,0.93026941362916,0.73375,0.8204053109713487,0,0.0,587,-2,2,0.21125
quality_heteroscedastic_n800_g8_d4_noise0_s2,shape_density,heteroscedastic,800,8,4,0,2026092802,2,5,50,1,hgp_first_coverage,point_cardinality,quality_heteroscedastic_n800_g8_d4_noise0,100,100,0,0,True,"{""1"":100,""2"":100,""3"":100,""4"":100,""5"":100,""6"":100,""7"":100,""8"":100}",687254d60bc3a80b1f5cc2baf78b1ef0c08272fb3d03b407e7522349c2accff0,14.461254002526402,0.7732847986626376,0.8355456365606792,0.7732847986626376,0.7533641567746407,0.8902536537876233,0.79125,6,167,,,,0.6969447790491523,0.73125,0.7122692438590613,0.9241706161137441,0.73125,0.8164689462665736,0,0.0,585,-2,2,0.20875
quality_heteroscedastic_n800_g8_d4_noise0_s2,shape_density,heteroscedastic,800,8,4,0,2026092802,2,5,50,1,hgp_weighted_full_vote,facet_mass_before_vote,quality_heteroscedastic_n800_g8_d4_noise0,100,100,0,0,False,"{""1"":100,""2"":100,""3"":100,""4"":100,""5"":100,""6"":100,""7"":100,""8"":100}",4b65cd6ee570fef133e724b1bc6ca3329956f2e053a9dde74c7ead2077fa015a,1028.0706499979715,0.7620341879308503,0.8205666747593583,0.7620341879308503,0.7396428235239247,0.861650542757369,0.81125,6,151,,,,0.6830615437429758,0.73375,0.7057904745343115,0.9044684129429892,0.73375,0.8102139406487232,0,0.0,587,-2,2,0.18875
quality_heteroscedastic_n800_g8_d4_noise0_s2,shape_density,heteroscedastic,800,8,4,0,2026092802,2,5,50,2,hdbscan_common,point_cardinality,quality_heteroscedastic_n800_g8_d4_noise0,100,100,0,0,True,"{""1"":100,""2"":100,""3"":100,""4"":100,""5"":100,""6"":100,""7"":100,""8"":100}",2ed462b6d7883db0ef46f3fb8819466896614c342e9518eb7c9b29a88510661a,19.817601001705043,0.5570555497164291,0.7268699336655964,0.5570555497164291,0.6329124999442931,0.8599717049431184,0.71,6,232,,,,0.6989421174599519,0.6425,0.6577677711314557,0.9049295774647887,0.6425,0.7514619883040936,0,0.0,514,-2,2,0.29
quality_heteroscedastic_n800_g8_d4_noise0_s2,shape_density,heteroscedastic,800,8,4,0,2026092802,2,5,50,2,hgp_exclusive_point_routing,point_cardinality,quality_heteroscedastic_n800_g8_d4_noise0,100,100,0,0,True,"{""1"":100,""2"":100,""3"":100,""4"":100,""5"":100,""6"":100,""7"":100,""8"":100}",82902d2f6e919bab8f140529030baff5148e3067c12c4aa81fc08478dedb7efa,24.02637699560728,0.7771967867868909,0.8404741371832885,0.7771967867868909,0.7578010880353235,0.8963429943254337,0.79,6,168,,,,0.6990113928135315,0.7325,0.7140273299931301,0.9272151898734177,0.7325,0.8184357541899442,0,0.0,586,-2,2,0.21
quality_heteroscedastic_n800_g8_d4_noise0_s2,shape_density,heteroscedastic,800,8,4,0,2026092802,2,5,50,2,hgp_first_coverage,point_cardinality,quality_heteroscedastic_n800_g8_d4_noise0,100,100,0,0,True,"{""1"":100,""2"":100,""3"":100,""4"":100,""5"":100,""6"":100,""7"":100,""8"":100}",874e4517123d14615c3f2b18d7e3b3f833a01ea5f0869cb30eca98f712db2c47,16.237034004007,0.7732847986626376,0.8355456365606792,0.7732847986626376,0.7533641567746407,0.8902536537876233,0.79125,6,167,,,,0.6969447790491523,0.73125,0.7122692438590613,0.9241706161137441,0.73125,0.8164689462665736,0,0.0,585,-2,2,0.20875
quality_heteroscedastic_n800_g8_d4_noise0_s2,shape_density,heteroscedastic,800,8,4,0,2026092802,2,5,50,2,hgp_weighted_full_vote,facet_mass_before_vote,quality_heteroscedastic_n800_g8_d4_noise0,100,100,0,0,False,"{""1"":100,""2"":100,""3"":100,""4"":100,""5"":100,""6"":100,""7"":100,""8"":100}",fa409ddefa6b1060ef021eeb4f87736208a50fa4101bb58c267786fdced4dba8,812.7916100056609,0.7620341879308503,0.8205666747593583,0.7620341879308503,0.7396428235239247,0.861650542757369,0.81125,6,151,,,,0.6830615437429758,0.73375,0.7057904745343115,0.9044684129429892,0.73375,0.8102139406487232,0,0.0,587,-2,2,0.18875
quality_rings_n800_g8_d1p5_noise0_s1,nonconvex,rings,800,8,1.5,0,2026092801,1,5,20,1,hdbscan_common,point_cardinality,quality_rings_n800_g8_d1p5_noise0,100,100,0,0,True,"{""1"":100,""2"":100,""3"":100,""4"":100,""5"":100,""6"":100,""7"":100,""8"":100}",f59a6d55d1896950ecafe6eb049c2a735b06ed6a329ba285ef874573004760f8,16.6715640007169,0.4507737840755861,0.6879669767439718,0.4507737840755861,0.4733357287213933,0.6089645630122262,0.82125,14,143,,,,0.8538777120949457,0.5,0.6251621130675775,0.60882800608828,0.5,0.5490734385724091,0,0.0,400,6,6,0.17875
quality_rings_n800_g8_d1p5_noise0_s1,nonconvex,rings,800,8,1.5,0,2026092801,1,5,20,1,hdbscan_standard,point_cardinality,quality_rings_n800_g8_d1p5_noise0,100,100,0,0,True,"{""1"":100,""2"":100,""3"":100,""4"":100,""5"":100,""6"":100,""7"":100,""8"":100}",15f88544b533c2fe1b5919f3ca8622e2ba1e2ae4595d4b7659accf917029108e,0.0,0.46201388101330615,0.6977061749757382,0.46201388101330615,0.48537388507740975,0.5979641797578901,0.8575,15,114,,,,0.8516918269297616,0.50375,0.627824066780923,0.5874635568513119,0.50375,0.5423956931359354,0,0.0,403,7,7,0.1425
quality_rings_n800_g8_d1p5_noise0_s1,nonconvex,rings,800,8,1.5,0,2026092801,1,5,20,1,hgp_exclusive_point_routing,point_cardinality,quality_rings_n800_g8_d1p5_noise0,100,100,0,0,True,"{""1"":100,""2"":100,""3"":100,""4"":100,""5"":100,""6"":100,""7"":100,""8"":100}",33f7fe8c818a384c8403c7fe5bbb3649c7f32c510281176ebb39ac00b4fbecbb,28.794257996196393,0.3130159051247834,0.6250375562851397,0.3130159051247834,0.3250013418040343,0.417699537334847,0.83625,18,131,,,,0.8132874772979518,0.3725,0.5034473437400885,0.445440956651719,0.3725,0.40571817562968004,0,0.0,298,10,10,0.16375
quality_rings_n800_g8_d1p5_noise0_s1,nonconvex,rings,800,8,1.5,0,2026092801,1,5,20,1,hgp_first_coverage,point_cardinality,quality_rings_n800_g8_d1p5_noise0,100,100,0,0,True,"{""1"":100,""2"":100,""3"":100,""4"":100,""5"":100,""6"":100,""7"":100,""8"":100}",e2ed2f1f3e5232ed0da52c43b052a4f45cf710bede726345067116b158619370,19.009784002264496,0.30784341830279127,0.6357633162547156,0.30784341830279127,0.32047250456230747,0.3972191988251783,0.86375,20,109,,,,0.8189039699704179,0.35875,0.48904549686418525,0.4153400868306802,0.35875,0.38497652582159625,0,0.0,287,12,12,0.13625
quality_rings_n800_g8_d1p5_noise0_s1,nonconvex,rings,800,8,1.5,0,2026092801,1,5,20,1,hgp_weighted_full_vote,facet_mass_before_vote,quality_rings_n800_g8_d1p5_noise0,100,100,0,0,False,"{""1"":100,""2"":100,""3"":100,""4"":100,""5"":100,""6"":100,""7"":100,""8"":100}",fbc59a8301ebbb01ca123b1a4c605c80768fb4daa4f142b399795f136229232f,215.72547299729194,0.3459094024441965,0.6197692390607754,0.3459094024441965,0.3683223494281477,0.4763715538279054,0.81875,13,145,,,,0.7673098772798344,0.43125,0.5367694577385109,0.5267175572519084,0.43125,0.4742268041237113,0,0.0,345,5,5,0.18125
quality_rings_n800_g8_d1p5_noise0_s1,nonconvex,rings,800,8,1.5,0,2026092801,1,5,20,2,hdbscan_common,point_cardinality,quality_rings_n800_g8_d1p5_noise0,100,100,0,0,True,"{""1"":100,""2"":100,""3"":100,""4"":100,""5"":100,""6"":100,""7"":100,""8"":100}",a64fc7175730ddd39a3f2e0e800352ae80071e79898fbef01c6b67d05f3d95a3,17.059076999430545,0.4507737840755861,0.6879669767439718,0.4507737840755861,0.4733357287213933,0.6089645630122262,0.82125,14,143,,,,0.8538777120949457,0.5,0.6251621130675775,0.60882800608828,0.5,0.5490734385724091,0,0.0,400,6,6,0.17875
quality_rings_n800_g8_d1p5_noise0_s1,nonconvex,rings,800,8,1.5,0,2026092801,1,5,20,2,hgp_exclusive_point_routing,point_cardinality,quality_rings_n800_g8_d1p5_noise0,100,100,0,0,True,"{""1"":100,""2"":100,""3"":100,""4"":100,""5"":100,""6"":100,""7"":100,""8"":100}",e5601db637bd1b597271f7e70ed6a319829b5072ffbafdd6748a5a2ebdcb7587,19.826907002425287,0.3109589638867052,0.6244398586762492,0.3109589638867052,0.32327285872044076,0.41722169230623724,0.83375,18,133,,,,0.812399902555741,0.37124999999999997,0.5023843548378886,0.4452773613193403,0.37125,0.4049079754601227,0,0.0,297,10,10,0.16625
quality_rings_n800_g8_d1p5_noise0_s1,nonconvex,rings,800,8,1.5,0,2026092801,1,5,20,2,hgp_first_coverage,point_cardinality,quality_rings_n800_g8_d1p5_noise0,100,100,0,0,True,"{""1"":100,""2"":100,""3"":100,""4"":100,""5"":100,""6"":100,""7"":100,""8"":100}",9193391c7c21d778a7dd83810a2421b07a02ac1ca487009ee68f745afc2ab248,15.959596996253822,0.30784341830279127,0.6357633162547156,0.30784341830279127,0.32047250456230747,0.3972191988251783,0.86375,20,109,,,,0.8189039699704179,0.35875,0.48904549686418525,0.4153400868306802,0.35875,0.38497652582159625,0,0.0,287,12,12,0.13625
quality_rings_n800_g8_d1p5_noise0_s1,nonconvex,rings,800,8,1.5,0,2026092801,1,5,20,2,hgp_weighted_full_vote,facet_mass_before_vote,quality_rings_n800_g8_d1p5_noise0,100,100,0,0,False,"{""1"":100,""2"":100,""3"":100,""4"":100,""5"":100,""6"":100,""7"":100,""8"":100}",a5e0f527f983b817a3c1f739c81818f6b4d7d4cc66b4b0d35ac59c43a994cef1,322.3317619995214,0.36065731685126573,0.6323666807769578,0.36065731685126573,0.3768389569479475,0.468803323938797,0.84625,14,123,,,,0.7700258375324427,0.43374999999999997,0.5392380688854073,0.5125553914327917,0.43375,0.4698713608666215,0,0.0,347,6,6,0.15375
quality_rings_n800_g8_d1p5_noise0_s1,nonconvex,rings,800,8,1.5,0,2026092801,1,5,50,1,hdbscan_common,point_cardinality,quality_rings_n800_g8_d1p5_noise0,100,100,0,0,True,"{""1"":100,""2"":100,""3"":100,""4"":100,""5"":100,""6"":100,""7"":100,""8"":100}",7b2f9c399abb0653369ca9310cc3ff56928f45416bd8ce297d454c181628f074,16.945203999057412,0.30694895592258553,0.5997682801377395,0.30694895592258553,0.3053835710785747,0.31568299366586783,0.94,4,48,,,,0.36587532299741604,0.47250000000000003,0.3844773125626822,0.5026595744680851,0.4725,0.48711340206185566,0,0.0,378,-4,4,0.06
quality_rings_n800_g8_d1p5_noise0_s1,nonconvex,rings,800,8,1.5,0,2026092801,1,5,50,1,hdbscan_standard,point_cardinality,quality_rings_n800_g8_d1p5_noise0,100,100,0,0,True,"{""1"":100,""2"":100,""3"":100,""4"":100,""5"":100,""6"":100,""7"":100,""8"":100}",76f80a0e981ed6ab63626b2512ac1880afcd57f9531ee035718b55e3a793af35,0.0,0.3064535275107175,0.6024167788391056,0.3064535275107175,0.30470606591820476,0.3146605850224762,0.94125,4,47,,,,0.3658078757411704,0.47250000000000003,0.3843884805262966,0.50199203187251,0.4725,0.4867997424339987,0,0.0,378,-4,4,0.05875
quality_rings_n800_g8_d1p5_noise0_s1,nonconvex,rings,800,8,1.5,0,2026092801,1,5,50,1,hgp_exclusive_point_routing,point_cardinality,quality_rings_n800_g8_d1p5_noise0,100,100,0,0,True,"{""1"":100,""2"":100,""3"":100,""4"":100,""5"":100,""6"":100,""7"":100,""8"":100}",419353d8e6ff3dd30db299d209a0a83ac952f9c224fc0b1f9a7c6e31cc6b5a7e,21.320713000022806,0.10393634238414609,0.37341151644278553,0.10393634238414609,0.208848673910378,0.5543972196476764,0.42625,5,459,,,,0.400927014726815,0.275,0.3219756670932574,0.6451612903225806,0.275,0.38562664329535495,0,0.0,220,-3,3,0.57375
quality_rings_n800_g8_d1p5_noise0_s1,nonconvex,rings,800,8,1.5,0,2026092801,1,5,50,1,hgp_first_coverage,point_cardinality,quality_rings_n800_g8_d1p5_noise0,100,100,0,0,True,"{""1"":100,""2"":100,""3"":100,""4"":100,""5"":100,""6"":100,""7"":100,""8"":100}",bbf04f71ad6ee341081c5986f2ea29e87e83c2332b00ac154bc28afaadfb5b6a,16.27948399982415,0.11170733815622814,0.3840353034866819,0.11170733815622814,0.21857724376339496,0.5602964730763964,0.43375,5,453,,,,0.40559167450524725,0.28250000000000003,0.3279916621931435,0.6512968299711815,0.2825,0.3940714908456844,0,0.0,226,-3,3,0.56625
quality_rings_n800_g8_d1p5_noise0_s1,nonconvex,rings,800,8,1.5,0,2026092801,1,5,50,1,hgp_weighted_full_vote,facet_mass_before_vote,quality_rings_n800_g8_d1p5_noise0,100,100,0,0,False,"{""1"":100,""2"":100,""3"":100,""4"":100,""5"":100,""6"":100,""7"":100,""8"":100}",64678980d3b1540ad9f410ba598932b5b57f6e9d346d9e204f0db9a5ffabf703,241.7413589937496,0.11526610190314457,0.2945701368435961,0.11526610190314457,0.13547973075716577,0.16842224897836347,0.63625,3,291,,,,0.1799007608044803,0.23625000000000002,0.18006616954731394,0.3713163064833006,0.23625,0.2887700534759358,0,0.0,189,-5,5,0.36375
quality_rings_n800_g8_d1p5_noise0_s1,nonconvex,rings,800,8,1.5,0,2026092801,1,5,50,2,hdbscan_common,point_cardinality,quality_rings_n800_g8_d1p5_noise0,100,100,0,0,True,"{""1"":100,""2"":100,""3"":100,""4"":100,""5"":100,""6"":100,""7"":100,""8"":100}",babc0e4a1843392c52911c6a4f7c3de9493dbfa8947be903187ba435d5373907,15.822943001694512,0.30694895592258553,0.5997682801377395,0.30694895592258553,0.3053835710785747,0.31568299366586783,0.94,4,48,,,,0.36587532299741604,0.47250000000000003,0.3844773125626822,0.5026595744680851,0.4725,0.48711340206185566,0,0.0,378,-4,4,0.06
quality_rings_n800_g8_d1p5_noise0_s1,nonconvex,rings,800,8,1.5,0,2026092801,1,5,50,2,hgp_exclusive_point_routing,point_cardinality,quality_rings_n800_g8_d1p5_noise0,100,100,0,0,True,"{""1"":100,""2"":100,""3"":100,""4"":100,""5"":100,""6"":100,""7"":100,""8"":100}",534c5982726547488459ade8881593fcb325c97ad69d0251908ffd7a4e81675f,19.664995998027734,0.10327143814368082,0.37230630060196584,0.10327143814368082,0.2075442692147483,0.5520328150851745,0.425,5,460,,,,0.40021232852115207,0.27375,0.3205913321977065,0.6441176470588236,0.27375,0.38421052631578945,0,0.0,219,-3,3,0.575
quality_rings_n800_g8_d1p5_noise0_s1,nonconvex,rings,800,8,1.5,0,2026092801,1,5,50,2,hgp_first_coverage,point_cardinality,quality_rings_n800_g8_d1p5_noise0,100,100,0,0,True,"{""1"":100,""2"":100,""3"":100,""4"":100,""5"":100,""6"":100,""7"":100,""8"":100}",13f4c6128ed96a6312e5a44ed7121edc215e9b229f165273db7a4e3dcd0a94f8,13.729619000514504,0.11170733815622814,0.3840353034866819,0.11170733815622814,0.21857724376339496,0.5602964730763964,0.43375,5,453,,,,0.40559167450524725,0.28250000000000003,0.3279916621931435,0.6512968299711815,0.2825,0.3940714908456844,0,0.0,226,-3,3,0.56625
quality_rings_n800_g8_d1p5_noise0_s1,nonconvex,rings,800,8,1.5,0,2026092801,1,5,50,2,hgp_weighted_full_vote,facet_mass_before_vote,quality_rings_n800_g8_d1p5_noise0,100,100,0,0,False,"{""1"":100,""2"":100,""3"":100,""4"":100,""5"":100,""6"":100,""7"":100,""8"":100}",f26c3f5422069ae5bf6155673e6ff08076205568a4d624a3d1c99afa291f0a9f,208.28884699585615,0.11526610190314457,0.2945701368435961,0.11526610190314457,0.13547973075716577,0.16842224897836347,0.63625,3,291,,,,0.1799007608044803,0.23625000000000002,0.18006616954731394,0.3713163064833006,0.23625,0.2887700534759358,0,0.0,189,-5,5,0.36375
quality_rings_n800_g8_d1p5_noise0_s2,nonconvex,rings,800,8,1.5,0,2026092802,2,5,20,1,hdbscan_common,point_cardinality,quality_rings_n800_g8_d1p5_noise0,100,100,0,0,True,"{""1"":100,""2"":100,""3"":100,""4"":100,""5"":100,""6"":100,""7"":100,""8"":100}",5402820224ac16964acc164369a0c04e3ecd0d2ea267b8fbb363629be98f20ab,15.760786998725962,0.07630057803468208,0.30678964749335624,0.07630057803468208,0.07630057803468208,0.07630057803468208,1.0,2,0,,,,0.14285714285714285,0.25,0.15625,0.25,0.25,0.25,1,0.125,200,-6,6,0.0
quality_rings_n800_g8_d1p5_noise0_s2,nonconvex,rings,800,8,1.5,0,2026092802,2,5,20,1,hdbscan_standard,point_cardinality,quality_rings_n800_g8_d1p5_noise0,100,100,0,0,True,"{""1"":100,""2"":100,""3"":100,""4"":100,""5"":100,""6"":100,""7"":100,""8"":100}",0da0b3ac665cf46dd16f98b933de7ca1a7f070eced6bcbdcac9b284dae67de1a,0.0,0.07630057803468208,0.30678964749335624,0.07630057803468208,0.07630057803468208,0.07630057803468208,1.0,2,0,,,,0.14285714285714285,0.25,0.15625,0.25,0.25,0.25,1,0.125,200,-6,6,0.0
quality_rings_n800_g8_d1p5_noise0_s2,nonconvex,rings,800,8,1.5,0,2026092802,2,5,20,1,hgp_exclusive_point_routing,point_cardinality,quality_rings_n800_g8_d1p5_noise0,100,100,0,0,True,"{""1"":100,""2"":100,""3"":100,""4"":100,""5"":100,""6"":100,""7"":100,""8"":100}",7177018a388e134539558f0159e85f49aafcb0f536e380d16b0bbb1244707431,26.789069001097232,0.4971994794650223,0.721548576844184,0.4971994794650223,0.49761883802739565,0.5484162895336664,0.92625,15,59,,,,0.8865984405458089,0.50875,0.6129570179520981,0.5492577597840755,0.50875,0.5282284231018819,1,0.125,407,7,7,0.07375
quality_rings_n800_g8_d1p5_noise0_s2,nonconvex,rings,800,8,1.5,0,2026092802,2,5,20,1,hgp_first_coverage,point_cardinality,quality_rings_n800_g8_d1p5_noise0,100,100,0,0,True,"{""1"":100,""2"":100,""3"":100,""4"":100,""5"":100,""6"":100,""7"":100,""8"":100}",ef246da09544d5a3abaf0755280748b4dc5ebf4ee3ad3ccf02b643e9cdb9fe18,16.901663999306038,0.5144808575153439,0.7407822301477576,0.5144808575153439,0.5113631976006829,0.5531043359059995,0.93875,15,49,,,,0.8915376752336448,0.5225,0.6258192751998917,0.5565912117177098,0.5225,0.5390070921985816,1,0.125,418,7,7,0.06125
quality_rings_n800_g8_d1p5_noise0_s2,nonconvex,rings,800,8,1.5,0,2026092802,2,5,20,1,hgp_weighted_full_vote,facet_mass_before_vote,quality_rings_n800_g8_d1p5_noise0,100,100,0,0,False,"{""1"":100,""2"":100,""3"":100,""4"":100,""5"":100,""6"":100,""7"":100,""8"":100}",18126e922a296a8f5d8e62c45228bee27f078bbf7c5ea834c6f21b8c3506442e,249.20176999876276,0.44670591004696136,0.680669005221105,0.44670591004696136,0.42042164715558134,0.44740201553078474,0.92375,10,61,,,,0.7966571049262718,0.56125,0.6048616286931774,0.6075778078484438,0.56125,0.5834957764782326,1,0.125,449,2,2,0.07625
quality_rings_n800_g8_d1p5_noise0_s2,nonconvex,rings,800,8,1.5,0,2026092802,2,5,20,2,hdbscan_common,point_cardinality,quality_rings_n800_g8_d1p5_noise0,100,100,0,0,True,"{""1"":100,""2"":100,""3"":100,""4"":100,""5"":100,""6"":100,""7"":100,""8"":100}",268bb2e72c29a700b341b6db95e2855af12c76ede1787e5436c495c14d59349a,15.786234005645383,0.5615997909890383,0.7432367573388419,0.5615997909890383,0.5787510618705825,0.6813586551888674,0.87375,13,101,,,,0.9192672998643148,0.605,0.6958058887914675,0.6924177396280401,0.605,0.6457638425617078,1,0.125,484,5,5,0.12625
quality_rings_n800_g8_d1p5_noise0_s2,nonconvex,rings,800,8,1.5,0,2026092802,2,5,20,2,hgp_exclusive_point_routing,point_cardinality,quality_rings_n800_g8_d1p5_noise0,100,100,0,0,True,"{""1"":100,""2"":100,""3"":100,""4"":100,""5"":100,""6"":100,""7"":100,""8"":100}",f3cb499959c6b896aed4f025496c69f42a3a91670435f403204643ef0bae160a,19.564428002922796,0.4995295031248414,0.7235760348611391,0.4995295031248414,0.4997952552389058,0.5488980536807118,0.92875,15,57,,,,0.8875135889938521,0.5125,0.6160011326953976,0.5518169582772544,0.5125,0.5314322747893714,1,0.125,410,7,7,0.07125
quality_rings_n800_g8_d1p5_noise0_s2,nonconvex,rings,800,8,1.5,0,2026092802,2,5,20,2,hgp_first_coverage,point_cardinality,quality_rings_n800_g8_d1p5_noise0,100,100,0,0,True,"{""1"":100,""2"":100,""3"":100,""4"":100,""5"":100,""6"":100,""7"":100,""8"":100}",87f3ec788655571e78881097b9fa456e83b8de205c518a18d3d4ceec8945ce5b,12.602838993188925,0.5144808575153439,0.7407822301477576,0.5144808575153439,0.5113631976006829,0.5531043359059995,0.93875,15,49,,,,0.8915376752336448,0.5225,0.6258192751998917,0.5565912117177098,0.5225,0.5390070921985816,1,0.125,418,7,7,0.06125
quality_rings_n800_g8_d1p5_noise0_s2,nonconvex,rings,800,8,1.5,0,2026092802,2,5,20,2,hgp_weighted_full_vote,facet_mass_before_vote,quality_rings_n800_g8_d1p5_noise0,100,100,0,0,False,"{""1"":100,""2"":100,""3"":100,""4"":100,""5"":100,""6"":100,""7"":100,""8"":100}",7d26d72f08fbb9fd05ceaa025a071604c68bf94429b8ff2c3968a34c8166728e,367.0924979960546,0.5175582446141439,0.7437692003198472,0.5175582446141439,0.5126073746713175,0.5468631127902509,0.94875,15,41,,,,0.8865123535637386,0.51875,0.6219589482515628,0.546772068511199,0.51875,0.5323925593329057,1,0.125,415,7,7,0.05125
quality_rings_n800_g8_d1p5_noise0_s2,nonconvex,rings,800,8,1.5,0,2026092802,2,5,50,1,hdbscan_common,point_cardinality,quality_rings_n800_g8_d1p5_noise0,100,100,0,0,True,"{""1"":100,""2"":100,""3"":100,""4"":100,""5"":100,""6"":100,""7"":100,""8"":100}",dfaa28cfcaf6f8e808cf37bbcd87dc7868817ee99fc8230bb692a5ee52917649,17.32110600278247,0.07630057803468208,0.30678964749335624,0.07630057803468208,0.07630057803468208,0.07630057803468208,1.0,2,0,,,,0.14285714285714285,0.25,0.15625,0.25,0.25,0.25,1,0.125,200,-6,6,0.0
quality_rings_n800_g8_d1p5_noise0_s2,nonconvex,rings,800,8,1.5,0,2026092802,2,5,50,1,hdbscan_standard,point_cardinality,quality_rings_n800_g8_d1p5_noise0,100,100,0,0,True,"{""1"":100,""2"":100,""3"":100,""4"":100,""5"":100,""6"":100,""7"":100,""8"":100}",2d7d26067529009b9f62b81cacee3c4a12dd06f8cac05e4ce75964e8780a6f9d,0.0,0.07630057803468208,0.30678964749335624,0.07630057803468208,0.07630057803468208,0.07630057803468208,1.0,2,0,,,,0.14285714285714285,0.25,0.15625,0.25,0.25,0.25,1,0.125,200,-6,6,0.0
quality_rings_n800_g8_d1p5_noise0_s2,nonconvex,rings,800,8,1.5,0,2026092802,2,5,50,1,hgp_exclusive_point_routing,point_cardinality,quality_rings_n800_g8_d1p5_noise0,100,100,0,0,True,"{""1"":100,""2"":100,""3"":100,""4"":100,""5"":100,""6"":100,""7"":100,""8"":100}",478b001bb901a17ac1998dc8d57eb442a73447ba40042bfdd52e51d036e358f8,20.327130005171057,0.07630057803468208,0.30678964749335624,0.07630057803468208,0.07630057803468208,0.07630057803468208,1.0,2,0,,,,0.14285714285714285,0.25,0.15625,0.25,0.25,0.25,1,0.125,200,-6,6,0.0
quality_rings_n800_g8_d1p5_noise0_s2,nonconvex,rings,800,8,1.5,0,2026092802,2,5,50,1,hgp_first_coverage,point_cardinality,quality_rings_n800_g8_d1p5_noise0,100,100,0,0,True,"{""1"":100,""2"":100,""3"":100,""4"":100,""5"":100,""6"":100,""7"":100,""8"":100}",49e8d4a9afbe5c949321167456b1a248f7205a343c2e170a53cf4bb3a2a06742,13.827720998961013,0.07630057803468208,0.30678964749335624,0.07630057803468208,0.07630057803468208,0.07630057803468208,1.0,2,0,,,,0.14285714285714285,0.25,0.15625,0.25,0.25,0.25,1,0.125,200,-6,6,0.0
quality_rings_n800_g8_d1p5_noise0_s2,nonconvex,rings,800,8,1.5,0,2026092802,2,5,50,1,hgp_weighted_full_vote,facet_mass_before_vote,quality_rings_n800_g8_d1p5_noise0,100,100,0,0,False,"{""1"":100,""2"":100,""3"":100,""4"":100,""5"":100,""6"":100,""7"":100,""8"":100}",7655b3786d5947c24cb205daaa3cbb88a45d2a66c14127bf276ae42b653db67c,388.13870699959807,0.07630057803468208,0.30678964749335624,0.07630057803468208,0.07630057803468208,0.07630057803468208,1.0,2,0,,,,0.14285714285714285,0.25,0.15625,0.25,0.25,0.25,1,0.125,200,-6,6,0.0
quality_rings_n800_g8_d1p5_noise0_s2,nonconvex,rings,800,8,1.5,0,2026092802,2,5,50,2,hdbscan_common,point_cardinality,quality_rings_n800_g8_d1p5_noise0,100,100,0,0,True,"{""1"":100,""2"":100,""3"":100,""4"":100,""5"":100,""6"":100,""7"":100,""8"":100}",19e334170a41ade64caf1d0a46a9851dc9000166e6ac691e37f364ffacae2c46,17.876660996989813,0.07630057803468208,0.30678964749335624,0.07630057803468208,0.07630057803468208,0.07630057803468208,1.0,2,0,,,,0.14285714285714285,0.25,0.15625,0.25,0.25,0.25,1,0.125,200,-6,6,0.0
quality_rings_n800_g8_d1p5_noise0_s2,nonconvex,rings,800,8,1.5,0,2026092802,2,5,50,2,hgp_exclusive_point_routing,point_cardinality,quality_rings_n800_g8_d1p5_noise0,100,100,0,0,True,"{""1"":100,""2"":100,""3"":100,""4"":100,""5"":100,""6"":100,""7"":100,""8"":100}",5e3995235aba475d8698c3dd7b1173c5c1b5439a66a2bee72cb88bfd9eefd261,19.5830329976161,0.3752958533293602,0.5910840019347523,0.3752958533293602,0.36095874155648927,0.39857387905889263,0.8425,4,126,,,,0.2856274056205842,0.4125,0.3261689686356723,0.4896142433234421,0.4125,0.44776119402985076,1,0.125,330,-4,4,0.1575
quality_rings_n800_g8_d1p5_noise0_s2,nonconvex,rings,800,8,1.5,0,2026092802,2,5,50,2,hgp_first_coverage,point_cardinality,quality_rings_n800_g8_d1p5_noise0,100,100,0,0,True,"{""1"":100,""2"":100,""3"":100,""4"":100,""5"":100,""6"":100,""7"":100,""8"":100}",0551abb611d3d4921e3ae892c1ec8d4ab6c9798bb7fbb394f31a0c0d7601bf1e,12.178787997981999,0.37730656885736746,0.5950711912183682,0.37730656885736746,0.36322413169539847,0.40108176037111526,0.8425,4,126,,,,0.28700410151166583,0.41375,0.3272564957004053,0.4910979228486647,0.41375,0.4491180461329715,1,0.125,331,-4,4,0.1575
quality_rings_n800_g8_d1p5_noise0_s2,nonconvex,rings,800,8,1.5,0,2026092802,2,5,50,2,hgp_weighted_full_vote,facet_mass_before_vote,quality_rings_n800_g8_d1p5_noise0,100,100,0,0,False,"{""1"":100,""2"":100,""3"":100,""4"":100,""5"":100,""6"":100,""7"":100,""8"":100}",0881295d09864b3420d77b19903e299ebf27b0d56e0f4b9583f52c315d556ec3,236.54913900099928,0.3722170951811372,0.5857757511342974,0.3722170951811372,0.35978028101556775,0.39397849835562543,0.8575,4,114,,,,0.28115447884454425,0.41625,0.3247048151999897,0.48542274052478135,0.41625,0.44818304172274565,0,0.0,333,-4,4,0.1425
quality_rings_n800_g8_d3_noise0_s1,nonconvex,rings,800,8,3,0,2026092801,1,5,20,1,hdbscan_common,point_cardinality,quality_rings_n800_g8_d3_noise0,100,100,0,0,True,"{""1"":100,""2"":100,""3"":100,""4"":100,""5"":100,""6"":100,""7"":100,""8"":100}",98aafdf4d22f1143d1a5c4b19f7f2cf2db60ab0f3fdd15b5a6ffefc1293b7d91,15.839662999496795,1.0,1.0,1.0,1.0,1.0,1.0,8,0,,,,1.0,1.0,1.0,1.0,1.0,1.0,8,1.0,800,0,0,0.0
quality_rings_n800_g8_d3_noise0_s1,nonconvex,rings,800,8,3,0,2026092801,1,5,20,1,hdbscan_standard,point_cardinality,quality_rings_n800_g8_d3_noise0,100,100,0,0,True,"{""1"":100,""2"":100,""3"":100,""4"":100,""5"":100,""6"":100,""7"":100,""8"":100}",a4d2c85621394176d7fdfefc03936fd8657ad3c52bfc1ee1dca36c74ce339e6a,0.0,1.0,1.0,1.0,1.0,1.0,1.0,8,0,,,,1.0,1.0,1.0,1.0,1.0,1.0,8,1.0,800,0,0,0.0
quality_rings_n800_g8_d3_noise0_s1,nonconvex,rings,800,8,3,0,2026092801,1,5,20,1,hgp_exclusive_point_routing,point_cardinality,quality_rings_n800_g8_d3_noise0,100,100,0,0,True,"{""1"":100,""2"":100,""3"":100,""4"":100,""5"":100,""6"":100,""7"":100,""8"":100}",9bbd127768f1329fca851692ae1a56c654d1ec24fe13b3fbea63547a5683440f,113.39273199700983,1.0,1.0,1.0,1.0,1.0,1.0,8,0,,,,1.0,1.0,1.0,1.0,1.0,1.0,8,1.0,800,0,0,0.0
quality_rings_n800_g8_d3_noise0_s1,nonconvex,rings,800,8,3,0,2026092801,1,5,20,1,hgp_first_coverage,point_cardinality,quality_rings_n800_g8_d3_noise0,100,100,0,0,True,"{""1"":100,""2"":100,""3"":100,""4"":100,""5"":100,""6"":100,""7"":100,""8"":100}",ecf5f7bc202fcaf2b39e6dbc652f45442120de0c7b78a395ddd085bc922b2c5a,16.847202001372352,1.0,1.0,1.0,1.0,1.0,1.0,8,0,,,,1.0,1.0,1.0,1.0,1.0,1.0,8,1.0,800,0,0,0.0
quality_rings_n800_g8_d3_noise0_s1,nonconvex,rings,800,8,3,0,2026092801,1,5,20,1,hgp_weighted_full_vote,facet_mass_before_vote,quality_rings_n800_g8_d3_noise0,100,100,0,0,False,"{""1"":100,""2"":100,""3"":100,""4"":100,""5"":100,""6"":100,""7"":100,""8"":100}",0430a70249f126e0befb8c4ab8582961315f3a323c546f2021c61a777d0606fa,125.50783999904525,1.0,1.0,1.0,1.0,1.0,1.0,8,0,,,,1.0,1.0,1.0,1.0,1.0,1.0,8,1.0,800,0,0,0.0
quality_rings_n800_g8_d3_noise0_s1,nonconvex,rings,800,8,3,0,2026092801,1,5,20,2,hdbscan_common,point_cardinality,quality_rings_n800_g8_d3_noise0,100,100,0,0,True,"{""1"":100,""2"":100,""3"":100,""4"":100,""5"":100,""6"":100,""7"":100,""8"":100}",ddbe050b00f6c286d58e13b804e7fa703dc442eaa852ff634914681dd3308a08,16.04224100447027,1.0,1.0,1.0,1.0,1.0,1.0,8,0,,,,1.0,1.0,1.0,1.0,1.0,1.0,8,1.0,800,0,0,0.0
quality_rings_n800_g8_d3_noise0_s1,nonconvex,rings,800,8,3,0,2026092801,1,5,20,2,hgp_exclusive_point_routing,point_cardinality,quality_rings_n800_g8_d3_noise0,100,100,0,0,True,"{""1"":100,""2"":100,""3"":100,""4"":100,""5"":100,""6"":100,""7"":100,""8"":100}",f6239cdb6a9031df829f123ed51a6b60e7a4f1dfde14b994a5bf029d57bbdc87,19.451588006631937,0.7197580875907663,0.854906073329699,0.7197580875907663,0.7198162260923806,0.7408770289448068,0.97875,17,17,,,,1.0,0.65375,0.7595206252555068,0.6679438058748404,0.65375,0.660770688566014,3,0.375,523,9,9,0.02125
quality_rings_n800_g8_d3_noise0_s1,nonconvex,rings,800,8,3,0,2026092801,1,5,20,2,hgp_first_coverage,point_cardinality,quality_rings_n800_g8_d3_noise0,100,100,0,0,True,"{""1"":100,""2"":100,""3"":100,""4"":100,""5"":100,""6"":100,""7"":100,""8"":100}",d7ef4dcafecd00f9a9e5badf1e329771a4283c17699882e29d770a47058f378b,13.03105599799892,0.710502281222232,0.8496851878591342,0.710502281222232,0.7103595692818495,0.7299752156362124,0.98,18,16,,,,1.0,0.63875,0.7438972885048731,0.6517857142857143,0.63875,0.6452020202020202,3,0.375,511,10,10,0.02
quality_rings_n800_g8_d3_noise0_s1,nonconvex,rings,800,8,3,0,2026092801,1,5,20,2,hgp_weighted_full_vote,facet_mass_before_vote,quality_rings_n800_g8_d3_noise0,100,100,0,0,False,"{""1"":100,""2"":100,""3"":100,""4"":100,""5"":100,""6"":100,""7"":100,""8"":100}",39f47e5e78e387d0c86d9295861375e6469878c652c322b9ad2e19f2ff7ad39e,191.27093700080877,0.9036189556832461,0.9370299405791847,0.9036189556832461,0.9035942674049148,0.9227411103390627,0.9825,11,14,,,,1.0,0.87,0.912023292989267,0.8854961832061069,0.87,0.8776796973518285,6,0.75,696,3,3,0.0175
quality_rings_n800_g8_d3_noise0_s1,nonconvex,rings,800,8,3,0,2026092801,1,5,50,1,hdbscan_common,point_cardinality,quality_rings_n800_g8_d3_noise0,100,100,0,0,True,"{""1"":100,""2"":100,""3"":100,""4"":100,""5"":100,""6"":100,""7"":100,""8"":100}",e576756abb56388f03c62a5eadc9eedaeeb14506cbffd09cb13b037e94644274,15.416152993566357,1.0,1.0,1.0,1.0,1.0,1.0,8,0,,,,1.0,1.0,1.0,1.0,1.0,1.0,8,1.0,800,0,0,0.0
quality_rings_n800_g8_d3_noise0_s1,nonconvex,rings,800,8,3,0,2026092801,1,5,50,1,hdbscan_standard,point_cardinality,quality_rings_n800_g8_d3_noise0,100,100,0,0,True,"{""1"":100,""2"":100,""3"":100,""4"":100,""5"":100,""6"":100,""7"":100,""8"":100}",8d3b4c1859866adf35c03e9c7e26fcae8dccf3bd5c07ba81ff8d8933282b14f4,0.0,1.0,1.0,1.0,1.0,1.0,1.0,8,0,,,,1.0,1.0,1.0,1.0,1.0,1.0,8,1.0,800,0,0,0.0
quality_rings_n800_g8_d3_noise0_s1,nonconvex,rings,800,8,3,0,2026092801,1,5,50,1,hgp_exclusive_point_routing,point_cardinality,quality_rings_n800_g8_d3_noise0,100,100,0,0,True,"{""1"":100,""2"":100,""3"":100,""4"":100,""5"":100,""6"":100,""7"":100,""8"":100}",13a718254fc7f0f062c70a58a7824f1fde82cff6fa9165541cb104639670650e,19.32027300063055,1.0,1.0,1.0,1.0,1.0,1.0,8,0,,,,1.0,1.0,1.0,1.0,1.0,1.0,8,1.0,800,0,0,0.0
quality_rings_n800_g8_d3_noise0_s1,nonconvex,rings,800,8,3,0,2026092801,1,5,50,1,hgp_first_coverage,point_cardinality,quality_rings_n800_g8_d3_noise0,100,100,0,0,True,"{""1"":100,""2"":100,""3"":100,""4"":100,""5"":100,""6"":100,""7"":100,""8"":100}",8c7e427d13901b5b1761d03ce0b2333113d6cb03c8868fb7b9595fd995fd1fa1,12.484587998187635,1.0,1.0,1.0,1.0,1.0,1.0,8,0,,,,1.0,1.0,1.0,1.0,1.0,1.0,8,1.0,800,0,0,0.0
quality_rings_n800_g8_d3_noise0_s1,nonconvex,rings,800,8,3,0,2026092801,1,5,50,1,hgp_weighted_full_vote,facet_mass_before_vote,quality_rings_n800_g8_d3_noise0,100,100,0,0,False,"{""1"":100,""2"":100,""3"":100,""4"":100,""5"":100,""6"":100,""7"":100,""8"":100}",950f32df6c41df1f057dd4e297f650b77bf08a580e1334a03c2286a93827860c,116.39552099950379,1.0,1.0,1.0,1.0,1.0,1.0,8,0,,,,1.0,1.0,1.0,1.0,1.0,1.0,8,1.0,800,0,0,0.0
quality_rings_n800_g8_d3_noise0_s1,nonconvex,rings,800,8,3,0,2026092801,1,5,50,2,hdbscan_common,point_cardinality,quality_rings_n800_g8_d3_noise0,100,100,0,0,True,"{""1"":100,""2"":100,""3"":100,""4"":100,""5"":100,""6"":100,""7"":100,""8"":100}",1c2deb9a95a83acc07afb6f373401db853b2a959e019ac08c9868c4e6eaa22d2,15.403270001115743,1.0,1.0,1.0,1.0,1.0,1.0,8,0,,,,1.0,1.0,1.0,1.0,1.0,1.0,8,1.0,800,0,0,0.0
quality_rings_n800_g8_d3_noise0_s1,nonconvex,rings,800,8,3,0,2026092801,1,5,50,2,hgp_exclusive_point_routing,point_cardinality,quality_rings_n800_g8_d3_noise0,100,100,0,0,True,"{""1"":100,""2"":100,""3"":100,""4"":100,""5"":100,""6"":100,""7"":100,""8"":100}",9d9dc04c247be165fd6e337654ff0894c4e50570d90f1ed88ee4b4fd0619140d,19.75171699450584,1.0,1.0,1.0,1.0,1.0,1.0,8,0,,,,1.0,1.0,1.0,1.0,1.0,1.0,8,1.0,800,0,0,0.0
quality_rings_n800_g8_d3_noise0_s1,nonconvex,rings,800,8,3,0,2026092801,1,5,50,2,hgp_first_coverage,point_cardinality,quality_rings_n800_g8_d3_noise0,100,100,0,0,True,"{""1"":100,""2"":100,""3"":100,""4"":100,""5"":100,""6"":100,""7"":100,""8"":100}",a7e9bcacc0f8a1382701d3ced9c5fda42c829f12b283c4dd813c29e5b118b425,12.580415997945238,1.0,1.0,1.0,1.0,1.0,1.0,8,0,,,,1.0,1.0,1.0,1.0,1.0,1.0,8,1.0,800,0,0,0.0
quality_rings_n800_g8_d3_noise0_s1,nonconvex,rings,800,8,3,0,2026092801,1,5,50,2,hgp_weighted_full_vote,facet_mass_before_vote,quality_rings_n800_g8_d3_noise0,100,100,0,0,False,"{""1"":100,""2"":100,""3"":100,""4"":100,""5"":100,""6"":100,""7"":100,""8"":100}",2811b54cb8d8147d734052cc6f64b4944cf8308af05348f81fafba22e8b05273,111.65456200251356,1.0,1.0,1.0,1.0,1.0,1.0,8,0,,,,1.0,1.0,1.0,1.0,1.0,1.0,8,1.0,800,0,0,0.0
quality_rings_n800_g8_d3_noise0_s2,nonconvex,rings,800,8,3,0,2026092802,2,5,20,1,hdbscan_common,point_cardinality,quality_rings_n800_g8_d3_noise0,100,100,0,0,True,"{""1"":100,""2"":100,""3"":100,""4"":100,""5"":100,""6"":100,""7"":100,""8"":100}",52a4bc984c6603676783587dd5d9169d3243f09402a61686657625e3592d77fa,15.937545998895075,1.0,1.0,1.0,1.0,1.0,1.0,8,0,,,,1.0,1.0,1.0,1.0,1.0,1.0,8,1.0,800,0,0,0.0
quality_rings_n800_g8_d3_noise0_s2,nonconvex,rings,800,8,3,0,2026092802,2,5,20,1,hdbscan_standard,point_cardinality,quality_rings_n800_g8_d3_noise0,100,100,0,0,True,"{""1"":100,""2"":100,""3"":100,""4"":100,""5"":100,""6"":100,""7"":100,""8"":100}",22541200f61d0c02ac1cecae88ea8f1004bfbe994e3db0326a53643504b57b01,0.0,1.0,1.0,1.0,1.0,1.0,1.0,8,0,,,,1.0,1.0,1.0,1.0,1.0,1.0,8,1.0,800,0,0,0.0
quality_rings_n800_g8_d3_noise0_s2,nonconvex,rings,800,8,3,0,2026092802,2,5,20,1,hgp_exclusive_point_routing,point_cardinality,quality_rings_n800_g8_d3_noise0,100,100,0,0,True,"{""1"":100,""2"":100,""3"":100,""4"":100,""5"":100,""6"":100,""7"":100,""8"":100}",674f215298514c592a20187bfa433577727b16412a92197b14425eed4a11e15c,27.097063000837807,0.9485956709592068,0.9639994891197589,0.9485956709592068,0.948269085196645,0.9579045644752405,0.99125,10,7,,,,1.0,0.92625,0.9476950354609929,0.9344262295081968,0.92625,0.9303201506591338,7,0.875,741,2,2,0.00875
quality_rings_n800_g8_d3_noise0_s2,nonconvex,rings,800,8,3,0,2026092802,2,5,20,1,hgp_first_coverage,point_cardinality,quality_rings_n800_g8_d3_noise0,100,100,0,0,True,"{""1"":100,""2"":100,""3"":100,""4"":100,""5"":100,""6"":100,""7"":100,""8"":100}",de4849eddf3348bfdb99fa17ae3185333bd12913e6a624a54db1bac3a6314149,17.132813998614438,0.9487666780617277,0.9640855208259813,0.9487666780617277,0.9484401731934229,0.9580761956794709,0.99125,10,7,,,,1.0,0.9275,0.948943661971831,0.935687263556116,0.9275,0.9315756434400502,7,0.875,742,2,2,0.00875
quality_rings_n800_g8_d3_noise0_s2,nonconvex,rings,800,8,3,0,2026092802,2,5,20,1,hgp_weighted_full_vote,facet_mass_before_vote,quality_rings_n800_g8_d3_noise0,100,100,0,0,False,"{""1"":100,""2"":100,""3"":100,""4"":100,""5"":100,""6"":100,""7"":100,""8"":100}",37d48faa620260b41643f379da49f5c39fa7e62c72f201d0cbf475dce908390c,198.052200001257,1.0,1.0,1.0,1.0,1.0,1.0,8,0,,,,1.0,1.0,1.0,1.0,1.0,1.0,8,1.0,800,0,0,0.0
quality_rings_n800_g8_d3_noise0_s2,nonconvex,rings,800,8,3,0,2026092802,2,5,20,2,hdbscan_common,point_cardinality,quality_rings_n800_g8_d3_noise0,100,100,0,0,True,"{""1"":100,""2"":100,""3"":100,""4"":100,""5"":100,""6"":100,""7"":100,""8"":100}",16025c061144f17ed8c0eb21b2a7b6ea2214f8e3db9ecc4448790b6cc5d4b3fc,16.181400998902973,0.8757892959079482,0.9283996142447039,0.8757892959079482,0.8756884117086243,0.8838197286022775,0.9925,12,6,,,,1.0,0.84125,0.8959955147703254,0.8476070528967254,0.84125,0.8444165621079046,5,0.625,673,4,4,0.0075
quality_rings_n800_g8_d3_noise0_s2,nonconvex,rings,800,8,3,0,2026092802,2,5,20,2,hgp_exclusive_point_routing,point_cardinality,quality_rings_n800_g8_d3_noise0,100,100,0,0,True,"{""1"":100,""2"":100,""3"":100,""4"":100,""5"":100,""6"":100,""7"":100,""8"":100}",66d07ee1213ccbecbc5c36ffbe55fd8e39c1862d71db202facec60214f4ba022,20.034114000736736,0.6481755774740691,0.8347641244448222,0.6481755774740691,0.6478641816472795,0.664110285110975,0.9825,19,14,,,,1.0,0.5575,0.68337393614134,0.5674300254452926,0.5575,0.562421185372005,2,0.25,446,11,11,0.0175
quality_rings_n800_g8_d3_noise0_s2,nonconvex,rings,800,8,3,0,2026092802,2,5,20,2,hgp_first_coverage,point_cardinality,quality_rings_n800_g8_d3_noise0,100,100,0,0,True,"{""1"":100,""2"":100,""3"":100,""4"":100,""5"":100,""6"":100,""7"":100,""8"":100}",50525e679dc98a12d50ea24e722f2a4a076d504e3c4caff77365827d64ab962e,12.706831999821588,0.6496037362385882,0.8355901501551178,0.6496037362385882,0.6493385856742812,0.6644569871781174,0.98375,19,13,,,,1.0,0.55875,0.6852587306422385,0.567979669631512,0.55875,0.5633270321361059,2,0.25,447,11,11,0.01625
quality_rings_n800_g8_d3_noise0_s2,nonconvex,rings,800,8,3,0,2026092802,2,5,20,2,hgp_weighted_full_vote,facet_mass_before_vote,quality_rings_n800_g8_d3_noise0,100,100,0,0,False,"{""1"":100,""2"":100,""3"":100,""4"":100,""5"":100,""6"":100,""7"":100,""8"":100}",75b53c3d717c49c2e85bf484f4304345cc7cbf048495f2c7a11e2aa3c2d296f1,205.22318099392578,0.7494098809857876,0.8770477581348823,0.7494098809857876,0.7493895236345308,0.7519262088967771,0.9975,16,2,,,,1.0,0.665,0.7643100951012205,0.6666666666666666,0.665,0.6658322903629537,3,0.375,532,8,8,0.0025
quality_rings_n800_g8_d3_noise0_s2,nonconvex,rings,800,8,3,0,2026092802,2,5,50,1,hdbscan_common,point_cardinality,quality_rings_n800_g8_d3_noise0,100,100,0,0,True,"{""1"":100,""2"":100,""3"":100,""4"":100,""5"":100,""6"":100,""7"":100,""8"":100}",806391643cb21e0b90b00b7e9a40a48e122d85eb8bd65b1370ebbf11b82eca1a,17.77189599670237,1.0,1.0,1.0,1.0,1.0,1.0,8,0,,,,1.0,1.0,1.0,1.0,1.0,1.0,8,1.0,800,0,0,0.0
quality_rings_n800_g8_d3_noise0_s2,nonconvex,rings,800,8,3,0,2026092802,2,5,50,1,hdbscan_standard,point_cardinality,quality_rings_n800_g8_d3_noise0,100,100,0,0,True,"{""1"":100,""2"":100,""3"":100,""4"":100,""5"":100,""6"":100,""7"":100,""8"":100}",d2ea2106540edd6b64985b84236b8a216551ad3ae2558fbae0622c1ec3178cdd,0.0,1.0,1.0,1.0,1.0,1.0,1.0,8,0,,,,1.0,1.0,1.0,1.0,1.0,1.0,8,1.0,800,0,0,0.0
quality_rings_n800_g8_d3_noise0_s2,nonconvex,rings,800,8,3,0,2026092802,2,5,50,1,hgp_exclusive_point_routing,point_cardinality,quality_rings_n800_g8_d3_noise0,100,100,0,0,True,"{""1"":100,""2"":100,""3"":100,""4"":100,""5"":100,""6"":100,""7"":100,""8"":100}",03b0730a45d10fcbb0515a9fa5a3aff7b86d4068a43ab64232ed1c983eaf86a0,20.320889001595788,1.0,1.0,1.0,1.0,1.0,1.0,8,0,,,,1.0,1.0,1.0,1.0,1.0,1.0,8,1.0,800,0,0,0.0
quality_rings_n800_g8_d3_noise0_s2,nonconvex,rings,800,8,3,0,2026092802,2,5,50,1,hgp_first_coverage,point_cardinality,quality_rings_n800_g8_d3_noise0,100,100,0,0,True,"{""1"":100,""2"":100,""3"":100,""4"":100,""5"":100,""6"":100,""7"":100,""8"":100}",d2a8bf551c403c0f2eea2a2d97cc650f0f48d3c408559899c036b7211a3d4dad,12.383118002617266,1.0,1.0,1.0,1.0,1.0,1.0,8,0,,,,1.0,1.0,1.0,1.0,1.0,1.0,8,1.0,800,0,0,0.0
quality_rings_n800_g8_d3_noise0_s2,nonconvex,rings,800,8,3,0,2026092802,2,5,50,1,hgp_weighted_full_vote,facet_mass_before_vote,quality_rings_n800_g8_d3_noise0,100,100,0,0,False,"{""1"":100,""2"":100,""3"":100,""4"":100,""5"":100,""6"":100,""7"":100,""8"":100}",0645f249edf8882f0c4b2ab231eefaa9c35e05de59da110bed2120180f287261,129.41630800196435,1.0,1.0,1.0,1.0,1.0,1.0,8,0,,,,1.0,1.0,1.0,1.0,1.0,1.0,8,1.0,800,0,0,0.0
quality_rings_n800_g8_d3_noise0_s2,nonconvex,rings,800,8,3,0,2026092802,2,5,50,2,hdbscan_common,point_cardinality,quality_rings_n800_g8_d3_noise0,100,100,0,0,True,"{""1"":100,""2"":100,""3"":100,""4"":100,""5"":100,""6"":100,""7"":100,""8"":100}",073925e08e6a3108e494c56b8611236e78f69d97a253053e284d7f5ebe16197e,16.08070200018119,1.0,1.0,1.0,1.0,1.0,1.0,8,0,,,,1.0,1.0,1.0,1.0,1.0,1.0,8,1.0,800,0,0,0.0
quality_rings_n800_g8_d3_noise0_s2,nonconvex,rings,800,8,3,0,2026092802,2,5,50,2,hgp_exclusive_point_routing,point_cardinality,quality_rings_n800_g8_d3_noise0,100,100,0,0,True,"{""1"":100,""2"":100,""3"":100,""4"":100,""5"":100,""6"":100,""7"":100,""8"":100}",47800fce3c69aa0f786adb7b90b1c17f670cc1fb65e6a20b8df21e1fe9e45cec,18.59296600014204,1.0,1.0,1.0,1.0,1.0,1.0,8,0,,,,1.0,1.0,1.0,1.0,1.0,1.0,8,1.0,800,0,0,0.0
quality_rings_n800_g8_d3_noise0_s2,nonconvex,rings,800,8,3,0,2026092802,2,5,50,2,hgp_first_coverage,point_cardinality,quality_rings_n800_g8_d3_noise0,100,100,0,0,True,"{""1"":100,""2"":100,""3"":100,""4"":100,""5"":100,""6"":100,""7"":100,""8"":100}",e48ca250219f70c85c0bdc0fb124aac99ead2dd885b42dbb2c0f1ec915a2ea78,12.435616001312155,1.0,1.0,1.0,1.0,1.0,1.0,8,0,,,,1.0,1.0,1.0,1.0,1.0,1.0,8,1.0,800,0,0,0.0
quality_rings_n800_g8_d3_noise0_s2,nonconvex,rings,800,8,3,0,2026092802,2,5,50,2,hgp_weighted_full_vote,facet_mass_before_vote,quality_rings_n800_g8_d3_noise0,100,100,0,0,False,"{""1"":100,""2"":100,""3"":100,""4"":100,""5"":100,""6"":100,""7"":100,""8"":100}",a27d28f144c1b2d3f85a2e9a9302b7f41efbfc9b3666c3b3d47792c8c3956b05,116.90418999933172,1.0,1.0,1.0,1.0,1.0,1.0,8,0,,,,1.0,1.0,1.0,1.0,1.0,1.0,8,1.0,800,0,0,0.0
quality_rings_n800_g8_d3_noise0p1_s1,noise,rings,800,8,3,0.1,2026092801,1,5,20,1,hdbscan_common,point_cardinality,quality_rings_n800_g8_d3_noise0p1,90,90,80,0,True,"{""-1"":80,""1"":90,""2"":90,""3"":90,""4"":90,""5"":90,""6"":90,""7"":90,""8"":90}",507e294ecabf40837ceaad1e72d70fdc25c5677ff3382f9ed711ff643e957503,16.038844994909596,0.9195273833425287,0.9281423212403388,1.0,1.0,0.9406875931096248,0.9425,8,46,1.0,0.575,0.7301587301587301,0.9555673091515824,1.0,0.9771108171245162,0.9549071618037135,1.0,0.9769335142469471,0,0.0,720,0,0,0.0575
quality_rings_n800_g8_d3_noise0p1_s1,noise,rings,800,8,3,0.1,2026092801,1,5,20,1,hdbscan_standard,point_cardinality,quality_rings_n800_g8_d3_noise0p1,90,90,80,0,True,"{""-1"":80,""1"":90,""2"":90,""3"":90,""4"":90,""5"":90,""6"":90,""7"":90,""8"":90}",81280ffb0e5d4de82975f692e67667e868a530e296f6d91e0886b5585298c35c,0.0,0.9195273833425287,0.9281423212403388,1.0,1.0,0.9406875931096248,0.9425,8,46,1.0,0.575,0.7301587301587301,0.9555673091515824,1.0,0.9771108171245162,0.9549071618037135,1.0,0.9769335142469471,0,0.0,720,0,0,0.0575
quality_rings_n800_g8_d3_noise0p1_s1,noise,rings,800,8,3,0.1,2026092801,1,5,20,1,hgp_exclusive_point_routing,point_cardinality,quality_rings_n800_g8_d3_noise0p1,90,90,80,0,True,"{""-1"":80,""1"":90,""2"":90,""3"":90,""4"":90,""5"":90,""6"":90,""7"":90,""8"":90}",526be8cc1f61b35d7839ac2777a5c6a50ce74ce3352f8671a345e1a377d40300,31.758684999658726,0.9069271024704507,0.9181693359974257,0.9968120386393767,0.9968120386393767,0.9282969503055658,0.94875,8,41,1.0,0.5125,0.6776859504132231,0.9482955393073692,0.9986111111111111,0.9725301016996124,0.9472990777338604,0.9986111111111111,0.9722785665990534,0,0.0,719,0,0,0.05125
quality_rings_n800_g8_d3_noise0p1_s1,noise,rings,800,8,3,0.1,2026092801,1,5,20,1,hgp_first_coverage,point_cardinality,quality_rings_n800_g8_d3_noise0p1,90,90,80,0,True,"{""-1"":80,""1"":90,""2"":90,""3"":90,""4"":90,""5"":90,""6"":90,""7"":90,""8"":90}",6083a7b70995307a5a247306ac60ed3617eb7a8bf06275a0d6cf1d03aea7aa30,17.52542600297602,0.9026064996786772,0.9169876097123997,1.0,1.0,0.9239493826010114,0.95375,8,37,1.0,0.4625,0.6324786324786325,0.9449952792397086,1.0,0.9713754597196342,0.9436435124508519,1.0,0.9710047201618341,0,0.0,720,0,0,0.04625
quality_rings_n800_g8_d3_noise0p1_s1,noise,rings,800,8,3,0.1,2026092801,1,5,20,1,hgp_weighted_full_vote,facet_mass_before_vote,quality_rings_n800_g8_d3_noise0p1,90,90,80,0,False,"{""-1"":80,""1"":90,""2"":90,""3"":90,""4"":90,""5"":90,""6"":90,""7"":90,""8"":90}",602a2e11f6ece12c7f823c6c07ddced7164febfc69965335a601428cf79d9c7e,221.1384559996077,0.8948656313337737,0.9118152514168927,0.9968120386393767,0.9968120386393767,0.9156616592337863,0.9575,8,34,1.0,0.425,0.5964912280701754,0.9408155075683948,0.9986111111111111,0.968282071485717,0.9386422976501305,0.9986111111111111,0.9676985195154778,0,0.0,719,0,0,0.0425
quality_rings_n800_g8_d3_noise0p1_s1,noise,rings,800,8,3,0.1,2026092801,1,5,20,2,hdbscan_common,point_cardinality,quality_rings_n800_g8_d3_noise0p1,90,90,80,0,True,"{""-1"":80,""1"":90,""2"":90,""3"":90,""4"":90,""5"":90,""6"":90,""7"":90,""8"":90}",f25cd0687edbf44ce052b12aa2992448fbc2268e25193ca1a859ecb663a663aa,16.23970899527194,0.9005922040668622,0.9213553372469284,0.9618739953867259,0.9618174533029571,0.923838409519713,0.9275,9,58,0.9482758620689655,0.6875,0.7971014492753623,0.9669309455152189,0.9472222222222222,0.9496124938515451,0.9191374663072777,0.9472222222222222,0.93296853625171,0,0.0,682,1,1,0.0725
quality_rings_n800_g8_d3_noise0p1_s1,noise,rings,800,8,3,0.1,2026092801,1,5,20,2,hgp_exclusive_point_routing,point_cardinality,quality_rings_n800_g8_d3_noise0p1,90,90,80,0,True,"{""-1"":80,""1"":90,""2"":90,""3"":90,""4"":90,""5"":90,""6"":90,""7"":90,""8"":90}",f326aa64e480e294eebe4b32d78c02aa25f4267ec6f56d9462bc89b77e30e63b,20.03248100663768,0.8624866153117,0.8910386438378722,0.9537216405158327,0.9517161584616399,0.9088873346693704,0.9275,9,58,0.7413793103448276,0.5375,0.6231884057971014,0.9520313362725844,0.9333333333333333,0.9305677839574256,0.9056603773584906,0.9333333333333333,0.9192886456908345,0,0.0,672,1,1,0.0725
quality_rings_n800_g8_d3_noise0p1_s1,noise,rings,800,8,3,0.1,2026092801,1,5,20,2,hgp_first_coverage,point_cardinality,quality_rings_n800_g8_d3_noise0p1,90,90,80,0,True,"{""-1"":80,""1"":90,""2"":90,""3"":90,""4"":90,""5"":90,""6"":90,""7"":90,""8"":90}",6083ad130226bb20df36ab305bab216e4c230c2b827a4a5282365a11985b966f,13.571985000453424,0.8555691277191427,0.886889746709614,0.9527673779531916,0.9501650714883172,0.9041018875538651,0.92875,9,57,0.7017543859649122,0.5,0.583941605839416,0.9485254461203247,0.9305555555555556,0.9260897159606081,0.901749663526245,0.9305555555555556,0.9159261790840738,0,0.0,670,1,1,0.07125
quality_rings_n800_g8_d3_noise0p1_s1,noise,rings,800,8,3,0.1,2026092801,1,5,20,2,hgp_weighted_full_vote,facet_mass_before_vote,quality_rings_n800_g8_d3_noise0p1,90,90,80,0,False,"{""-1"":80,""1"":90,""2"":90,""3"":90,""4"":90,""5"":90,""6"":90,""7"":90,""8"":90}",79a144becca878688b13d4f0b8d2360c8fbda1b0bf380c9cc16ff447c8d34e02,218.88568400026998,0.8544199362259934,0.8868801388071538,0.9552266811093203,0.9539695320600624,0.8945350316314777,0.94,9,48,0.75,0.45,0.5625,0.9445531673593476,0.9361111111111111,0.9288188878436907,0.8962765957446809,0.9361111111111111,0.9157608695652174,0,0.0,674,1,1,0.06
quality_rings_n800_g8_d3_noise0p1_s1,noise,rings,800,8,3,0.1,2026092801,1,5,50,1,hdbscan_common,point_cardinality,quality_rings_n800_g8_d3_noise0p1,90,90,80,0,True,"{""-1"":80,""1"":90,""2"":90,""3"":90,""4"":90,""5"":90,""6"":90,""7"":90,""8"":90}",7b8412c515119d8899e5b5cb449bc9a04bb600c64cb8f06d51d77681cd816f37,19.453031003649812,0.9195273833425287,0.9281423212403388,1.0,1.0,0.9406875931096248,0.9425,8,46,1.0,0.575,0.7301587301587301,0.9555673091515824,1.0,0.9771108171245162,0.9549071618037135,1.0,0.9769335142469471,0,0.0,720,0,0,0.0575
quality_rings_n800_g8_d3_noise0p1_s1,noise,rings,800,8,3,0.1,2026092801,1,5,50,1,hdbscan_standard,point_cardinality,quality_rings_n800_g8_d3_noise0p1,90,90,80,0,True,"{""-1"":80,""1"":90,""2"":90,""3"":90,""4"":90,""5"":90,""6"":90,""7"":90,""8"":90}",707efbdf3477c9ff76f6df2545ed65cbe68b6ce8a9dd075344e825c5eddfb5a0,0.0,0.9195273833425287,0.9281423212403388,1.0,1.0,0.9406875931096248,0.9425,8,46,1.0,0.575,0.7301587301587301,0.9555673091515824,1.0,0.9771108171245162,0.9549071618037135,1.0,0.9769335142469471,0,0.0,720,0,0,0.0575
quality_rings_n800_g8_d3_noise0p1_s1,noise,rings,800,8,3,0.1,2026092801,1,5,50,1,hgp_exclusive_point_routing,point_cardinality,quality_rings_n800_g8_d3_noise0p1,90,90,80,0,True,"{""-1"":80,""1"":90,""2"":90,""3"":90,""4"":90,""5"":90,""6"":90,""7"":90,""8"":90}",ba933dbf14055d5b1bb260a9a7925ae49985628e8e7fe263453323706b25d9b9,20.053710002684966,0.9069271024704507,0.9181693359974257,0.9968120386393767,0.9968120386393767,0.9282969503055658,0.94875,8,41,1.0,0.5125,0.6776859504132231,0.9482955393073692,0.9986111111111111,0.9725301016996124,0.9472990777338604,0.9986111111111111,0.9722785665990534,0,0.0,719,0,0,0.05125
quality_rings_n800_g8_d3_noise0p1_s1,noise,rings,800,8,3,0.1,2026092801,1,5,50,1,hgp_first_coverage,point_cardinality,quality_rings_n800_g8_d3_noise0p1,90,90,80,0,True,"{""-1"":80,""1"":90,""2"":90,""3"":90,""4"":90,""5"":90,""6"":90,""7"":90,""8"":90}",be0d88d2bb8acdfa23d410857cda30057b4484de831c54c70c3610cc567d182f,13.064648999716155,0.9026064996786772,0.9169876097123997,1.0,1.0,0.9239493826010114,0.95375,8,37,1.0,0.4625,0.6324786324786325,0.9449952792397086,1.0,0.9713754597196342,0.9436435124508519,1.0,0.9710047201618341,0,0.0,720,0,0,0.04625
quality_rings_n800_g8_d3_noise0p1_s1,noise,rings,800,8,3,0.1,2026092801,1,5,50,1,hgp_weighted_full_vote,facet_mass_before_vote,quality_rings_n800_g8_d3_noise0p1,90,90,80,0,False,"{""-1"":80,""1"":90,""2"":90,""3"":90,""4"":90,""5"":90,""6"":90,""7"":90,""8"":90}",ec38c19f7f9525bbe338bdc13e90023a823d09d6dd7306257fcc576d56d2fccf,223.78386800119188,0.8948656313337737,0.9118152514168927,0.9968120386393767,0.9968120386393767,0.9156616592337863,0.9575,8,34,1.0,0.425,0.5964912280701754,0.9408155075683948,0.9986111111111111,0.968282071485717,0.9386422976501305,0.9986111111111111,0.9676985195154778,0,0.0,719,0,0,0.0425
quality_rings_n800_g8_d3_noise0p1_s1,noise,rings,800,8,3,0.1,2026092801,1,5,50,2,hdbscan_common,point_cardinality,quality_rings_n800_g8_d3_noise0p1,90,90,80,0,True,"{""-1"":80,""1"":90,""2"":90,""3"":90,""4"":90,""5"":90,""6"":90,""7"":90,""8"":90}",38e0c170a3b1872b7fb734c556e6718d7c85cd1a97c1602af4b6d50c4bd00144,16.03879500180483,0.9195273833425287,0.9281423212403388,1.0,1.0,0.9406875931096248,0.9425,8,46,1.0,0.575,0.7301587301587301,0.9555673091515824,1.0,0.9771108171245162,0.9549071618037135,1.0,0.9769335142469471,0,0.0,720,0,0,0.0575
quality_rings_n800_g8_d3_noise0p1_s1,noise,rings,800,8,3,0.1,2026092801,1,5,50,2,hgp_exclusive_point_routing,point_cardinality,quality_rings_n800_g8_d3_noise0p1,90,90,80,0,True,"{""-1"":80,""1"":90,""2"":90,""3"":90,""4"":90,""5"":90,""6"":90,""7"":90,""8"":90}",c39e1749475fa03076b9fe23fd6c04b10e56eab2ede20f256f6327e160cb9c49,19.92633299960289,0.9079598256358172,0.9201638233168427,1.0,1.0,0.9294838132415724,0.95,8,40,1.0,0.5,0.6666666666666666,0.9483593656483494,1.0,0.9732420371579946,0.9473684210526315,1.0,0.972972972972973,0,0.0,720,0,0,0.05
quality_rings_n800_g8_d3_noise0p1_s1,noise,rings,800,8,3,0.1,2026092801,1,5,50,2,hgp_first_coverage,point_cardinality,quality_rings_n800_g8_d3_noise0p1,90,90,80,0,True,"{""-1"":80,""1"":90,""2"":90,""3"":90,""4"":90,""5"":90,""6"":90,""7"":90,""8"":90}",679374d64fe2c5d8a44594e6bb62559869a9fe8640bde18a276d9abd45dbc443,14.641488996858243,0.9026064996786772,0.9169876097123997,1.0,1.0,0.9239493826010114,0.95375,8,37,1.0,0.4625,0.6324786324786325,0.9449952792397086,1.0,0.9713754597196342,0.9436435124508519,1.0,0.9710047201618341,0,0.0,720,0,0,0.04625
quality_rings_n800_g8_d3_noise0p1_s1,noise,rings,800,8,3,0.1,2026092801,1,5,50,2,hgp_weighted_full_vote,facet_mass_before_vote,quality_rings_n800_g8_d3_noise0p1,90,90,80,0,False,"{""-1"":80,""1"":90,""2"":90,""3"":90,""4"":90,""5"":90,""6"":90,""7"":90,""8"":90}",7ce069454d8faa589f39e2f754a59466f956ea16551e1a17b7d8ce0691c2f15b,221.61172900086967,0.8975473773389423,0.9142021087711091,1.0,1.0,0.9184690221379366,0.9575,8,34,1.0,0.425,0.5964912280701754,0.9417822175489241,1.0,0.9695537940425144,0.9399477806788512,1.0,0.9690444145356663,0,0.0,720,0,0,0.0425
quality_rings_n800_g8_d3_noise0p1_s2,noise,rings,800,8,3,0.1,2026092802,2,5,20,1,hdbscan_common,point_cardinality,quality_rings_n800_g8_d3_noise0p1,90,90,80,0,True,"{""-1"":80,""1"":90,""2"":90,""3"":90,""4"":90,""5"":90,""6"":90,""7"":90,""8"":90}",4e16d71443fa56322db1fddf1ffa3a0dbd03e893355ad47d72452d6249a2a112,16.010853003535885,0.9155159149579074,0.9256222875869887,1.0,1.0,0.9369040980562403,0.945,8,44,1.0,0.55,0.7096774193548387,0.9530487512027401,1.0,0.9757889725801229,0.9523809523809523,1.0,0.975609756097561,1,0.125,720,0,0,0.055
quality_rings_n800_g8_d3_noise0p1_s2,noise,rings,800,8,3,0.1,2026092802,2,5,20,1,hdbscan_standard,point_cardinality,quality_rings_n800_g8_d3_noise0p1,90,90,80,0,True,"{""-1"":80,""1"":90,""2"":90,""3"":90,""4"":90,""5"":90,""6"":90,""7"":90,""8"":90}",c9b55b3ae955edd7ca6411cbebc987c9e3ce7e5b5755a9d82eb7e467a22a10ab,0.0,0.9115982311215346,0.9226670205388378,1.0,1.0,0.9331052180113838,0.9475,8,42,1.0,0.525,0.6885245901639344,0.9505554001389103,1.0,0.9744741058199546,0.9498680738786279,1.0,0.9742895805142084,1,0.125,720,0,0,0.0525
quality_rings_n800_g8_d3_noise0p1_s2,noise,rings,800,8,3,0.1,2026092802,2,5,20,1,hgp_exclusive_point_routing,point_cardinality,quality_rings_n800_g8_d3_noise0p1,90,90,80,0,True,"{""-1"":80,""1"":90,""2"":90,""3"":90,""4"":90,""5"":90,""6"":90,""7"":90,""8"":90}",ad416642eedf12416457934dbaa3ae74ffd90a79b0115754b556a7334f4ff0d8,28.620903998671565,0.8832450888001631,0.8988966960334388,1.0,1.0,0.9018368237601391,0.9675,8,26,1.0,0.325,0.49056603773584906,0.930834064854381,1.0,0.9640244178603483,0.9302325581395349,1.0,0.963855421686747,0,0.0,720,0,0,0.0325
quality_rings_n800_g8_d3_noise0p1_s2,noise,rings,800,8,3,0.1,2026092802,2,5,20,1,hgp_first_coverage,point_cardinality,quality_rings_n800_g8_d3_noise0p1,90,90,80,0,True,"{""-1"":80,""1"":90,""2"":90,""3"":90,""4"":90,""5"":90,""6"":90,""7"":90,""8"":90}",74e69a8a4fb691bc98ae129df3213aede7b953e33a41bad029bc383abcb668aa,17.32236799580278,0.8833128879851642,0.8992739625877446,1.0,1.0,0.9019059696513816,0.9675,8,26,1.0,0.325,0.49056603773584906,0.9309358342855577,1.0,0.9640523937488625,0.9302325581395349,1.0,0.963855421686747,0,0.0,720,0,0,0.0325
quality_rings_n800_g8_d3_noise0p1_s2,noise,rings,800,8,3,0.1,2026092802,2,5,20,1,hgp_weighted_full_vote,facet_mass_before_vote,quality_rings_n800_g8_d3_noise0p1,90,90,80,0,False,"{""-1"":80,""1"":90,""2"":90,""3"":90,""4"":90,""5"":90,""6"":90,""7"":90,""8"":90}",6bea6d1e6921df129fec0c0b99047bf7deff0502cdddb8db6273a311ab1514e0,254.98723599594086,0.8722676502598505,0.8940454888194203,1.0,1.0,0.8869185919926155,0.9775,8,18,1.0,0.225,0.3673469387755102,0.9228023874844489,1.0,0.9593201296526438,0.9207161125319693,1.0,0.9587217043941412,0,0.0,720,0,0,0.0225
quality_rings_n800_g8_d3_noise0p1_s2,noise,rings,800,8,3,0.1,2026092802,2,5,20,2,hdbscan_common,point_cardinality,quality_rings_n800_g8_d3_noise0p1,90,90,80,0,True,"{""-1"":80,""1"":90,""2"":90,""3"":90,""4"":90,""5"":90,""6"":90,""7"":90,""8"":90}",a26824c78a4afa844c72e99bf10e99d3165b80c36a487ce980f9f20b37fe3cf8,16.235991999565158,0.786874360303468,0.8721137202357577,0.8239540435742659,0.824511877446894,0.8181545764772511,0.90375,13,77,0.8311688311688312,0.8,0.8152866242038217,0.9792849566356773,0.775,0.8395859318636717,0.7717842323651453,0.775,0.7733887733887734,1,0.125,558,5,5,0.09625
quality_rings_n800_g8_d3_noise0p1_s2,noise,rings,800,8,3,0.1,2026092802,2,5,20,2,hgp_exclusive_point_routing,point_cardinality,quality_rings_n800_g8_d3_noise0p1,90,90,80,0,True,"{""-1"":80,""1"":90,""2"":90,""3"":90,""4"":90,""5"":90,""6"":90,""7"":90,""8"":90}",9578dd27826ad9ae46c8b09bfebe362336a486163635a913841e0915833ac6af,21.186241996474564,0.6947373122113906,0.829364523273388,0.745482522996329,0.7452991642712723,0.7226803006991109,0.91875,16,65,0.8153846153846154,0.6625,0.7310344827586207,0.9628889831972802,0.6736111111111112,0.7537536942296967,0.6598639455782312,0.6736111111111112,0.6666666666666666,0,0.0,485,8,8,0.08125
quality_rings_n800_g8_d3_noise0p1_s2,noise,rings,800,8,3,0.1,2026092802,2,5,20,2,hgp_first_coverage,point_cardinality,quality_rings_n800_g8_d3_noise0p1,90,90,80,0,True,"{""-1"":80,""1"":90,""2"":90,""3"":90,""4"":90,""5"":90,""6"":90,""7"":90,""8"":90}",714bd22c871a528cbc6eb5f33075552cdfe3e7232b417297ef17336aae4a1f3c,13.065530998574104,0.6318913610898604,0.8077050164646066,0.6747287705065886,0.6736336393262479,0.6819499966634381,0.89,17,88,0.6704545454545454,0.7375,0.7023809523809523,0.9743779537855155,0.6055555555555555,0.7119076603902519,0.6123595505617978,0.6055555555555555,0.6089385474860335,0,0.0,436,9,9,0.11
quality_rings_n800_g8_d3_noise0p1_s2,noise,rings,800,8,3,0.1,2026092802,2,5,20,2,hgp_weighted_full_vote,facet_mass_before_vote,quality_rings_n800_g8_d3_noise0p1,90,90,80,0,False,"{""-1"":80,""1"":90,""2"":90,""3"":90,""4"":90,""5"":90,""6"":90,""7"":90,""8"":90}",289133045ebed4fc8e702594bc2bf7a7b999e135e3062a6458997340c194fad8,249.1123419968062,0.7716664738967444,0.8624163217375241,0.8755141736612236,0.8755141736612236,0.7880081253866555,0.96625,12,27,1.0,0.3375,0.5046728971962616,0.9337841832200199,0.8319444444444445,0.853978333099291,0.7749029754204398,0.8319444444444445,0.8024112525117214,0,0.0,599,4,4,0.03375
quality_rings_n800_g8_d3_noise0p1_s2,noise,rings,800,8,3,0.1,2026092802,2,5,50,1,hdbscan_common,point_cardinality,quality_rings_n800_g8_d3_noise0p1,90,90,80,0,True,"{""-1"":80,""1"":90,""2"":90,""3"":90,""4"":90,""5"":90,""6"":90,""7"":90,""8"":90}",9a57d561778e26eb19cf72101dc17f6a7f57614757319e019361435d6c381a80,15.757400004076771,0.9155159149579074,0.9256222875869887,1.0,1.0,0.9369040980562403,0.945,8,44,1.0,0.55,0.7096774193548387,0.9530487512027401,1.0,0.9757889725801229,0.9523809523809523,1.0,0.975609756097561,1,0.125,720,0,0,0.055
quality_rings_n800_g8_d3_noise0p1_s2,noise,rings,800,8,3,0.1,2026092802,2,5,50,1,hdbscan_standard,point_cardinality,quality_rings_n800_g8_d3_noise0p1,90,90,80,0,True,"{""-1"":80,""1"":90,""2"":90,""3"":90,""4"":90,""5"":90,""6"":90,""7"":90,""8"":90}",0a88878ad3c3b1ec0f4c98569555b2b2a6098b64af50e46b369ba952d16094f7,0.0,0.9115982311215346,0.9226670205388378,1.0,1.0,0.9331052180113838,0.9475,8,42,1.0,0.525,0.6885245901639344,0.9505554001389103,1.0,0.9744741058199546,0.9498680738786279,1.0,0.9742895805142084,1,0.125,720,0,0,0.0525
quality_rings_n800_g8_d3_noise0p1_s2,noise,rings,800,8,3,0.1,2026092802,2,5,50,1,hgp_exclusive_point_routing,point_cardinality,quality_rings_n800_g8_d3_noise0p1,90,90,80,0,True,"{""-1"":80,""1"":90,""2"":90,""3"":90,""4"":90,""5"":90,""6"":90,""7"":90,""8"":90}",4812b141b99ac45ad91dc466dccfee694d32cb0ebfbd5b139dac84aaf27220e2,20.823785998800304,0.8832450888001631,0.8988966960334388,1.0,1.0,0.9018368237601391,0.9675,8,26,1.0,0.325,0.49056603773584906,0.930834064854381,1.0,0.9640244178603483,0.9302325581395349,1.0,0.963855421686747,0,0.0,720,0,0,0.0325
quality_rings_n800_g8_d3_noise0p1_s2,noise,rings,800,8,3,0.1,2026092802,2,5,50,1,hgp_first_coverage,point_cardinality,quality_rings_n800_g8_d3_noise0p1,90,90,80,0,True,"{""-1"":80,""1"":90,""2"":90,""3"":90,""4"":90,""5"":90,""6"":90,""7"":90,""8"":90}",440bca0a5dda4017bbdaa0c74d15bef6a14bb866999390887bf1ba9c6740ab79,14.498513002763502,0.8833128879851642,0.8992739625877446,1.0,1.0,0.9019059696513816,0.9675,8,26,1.0,0.325,0.49056603773584906,0.9309358342855577,1.0,0.9640523937488625,0.9302325581395349,1.0,0.963855421686747,0,0.0,720,0,0,0.0325
quality_rings_n800_g8_d3_noise0p1_s2,noise,rings,800,8,3,0.1,2026092802,2,5,50,1,hgp_weighted_full_vote,facet_mass_before_vote,quality_rings_n800_g8_d3_noise0p1,90,90,80,0,False,"{""-1"":80,""1"":90,""2"":90,""3"":90,""4"":90,""5"":90,""6"":90,""7"":90,""8"":90}",a6daa8bfcce00871bd706b6a06ee5f0055def47b1ef49a5422848ee4e40bb96a,234.51405399828218,0.8722676502598505,0.8940454888194203,1.0,1.0,0.8869185919926155,0.9775,8,18,1.0,0.225,0.3673469387755102,0.9228023874844489,1.0,0.9593201296526438,0.9207161125319693,1.0,0.9587217043941412,0,0.0,720,0,0,0.0225
quality_rings_n800_g8_d3_noise0p1_s2,noise,rings,800,8,3,0.1,2026092802,2,5,50,2,hdbscan_common,point_cardinality,quality_rings_n800_g8_d3_noise0p1,90,90,80,0,True,"{""-1"":80,""1"":90,""2"":90,""3"":90,""4"":90,""5"":90,""6"":90,""7"":90,""8"":90}",12a34e5e478ceeabf68c6a7e4485f00eb186f23ab3e5edbccc2c649a21ce7452,17.093400994781405,0.9155159149579074,0.9256222875869887,1.0,1.0,0.9369040980562403,0.945,8,44,1.0,0.55,0.7096774193548387,0.9530487512027401,1.0,0.9757889725801229,0.9523809523809523,1.0,0.975609756097561,1,0.125,720,0,0,0.055
quality_rings_n800_g8_d3_noise0p1_s2,noise,rings,800,8,3,0.1,2026092802,2,5,50,2,hgp_exclusive_point_routing,point_cardinality,quality_rings_n800_g8_d3_noise0p1,90,90,80,0,True,"{""-1"":80,""1"":90,""2"":90,""3"":90,""4"":90,""5"":90,""6"":90,""7"":90,""8"":90}",ce98ddb6875592af66a8d613d92b389b7d6e8769a65fa7f86b1fe6038c3a7787,24.151641002390534,0.8832450888001631,0.8988966960334388,1.0,1.0,0.9018368237601391,0.9675,8,26,1.0,0.325,0.49056603773584906,0.930834064854381,1.0,0.9640244178603483,0.9302325581395349,1.0,0.963855421686747,0,0.0,720,0,0,0.0325
quality_rings_n800_g8_d3_noise0p1_s2,noise,rings,800,8,3,0.1,2026092802,2,5,50,2,hgp_first_coverage,point_cardinality,quality_rings_n800_g8_d3_noise0p1,90,90,80,0,True,"{""-1"":80,""1"":90,""2"":90,""3"":90,""4"":90,""5"":90,""6"":90,""7"":90,""8"":90}",2f237806b76fb70513ddd448c48ae76b57d49b4ad7d8a349f68f36cb9220ce62,12.990670998988207,0.8833128879851642,0.8992739625877446,1.0,1.0,0.9019059696513816,0.9675,8,26,1.0,0.325,0.49056603773584906,0.9309358342855577,1.0,0.9640523937488625,0.9302325581395349,1.0,0.963855421686747,0,0.0,720,0,0,0.0325
quality_rings_n800_g8_d3_noise0p1_s2,noise,rings,800,8,3,0.1,2026092802,2,5,50,2,hgp_weighted_full_vote,facet_mass_before_vote,quality_rings_n800_g8_d3_noise0p1,90,90,80,0,False,"{""-1"":80,""1"":90,""2"":90,""3"":90,""4"":90,""5"":90,""6"":90,""7"":90,""8"":90}",96644f1ac0996261b32afbdc98f8ccc8e4a9b3a1d88eb42fc24281051760f945,263.5858290013857,0.8720473091472712,0.8930869542246641,1.0,1.0,0.8866955569648638,0.9775,8,18,1.0,0.225,0.3673469387755102,0.9224956268373877,1.0,0.9592328095998541,0.9207161125319693,1.0,0.9587217043941412,0,0.0,720,0,0,0.0225
quality_rings_n800_g8_d6_noise0_s1,nonconvex,rings,800,8,6,0,2026092801,1,5,20,1,hdbscan_common,point_cardinality,quality_rings_n800_g8_d6_noise0,100,100,0,0,True,"{""1"":100,""2"":100,""3"":100,""4"":100,""5"":100,""6"":100,""7"":100,""8"":100}",5da07f3a2d90f889c39f24c776cba1627ec857e0186f7b5e8ebd1d2d7bb853b3,19.333667994942516,1.0,1.0,1.0,1.0,1.0,1.0,8,0,,,,1.0,1.0,1.0,1.0,1.0,1.0,8,1.0,800,0,0,0.0
quality_rings_n800_g8_d6_noise0_s1,nonconvex,rings,800,8,6,0,2026092801,1,5,20,1,hdbscan_standard,point_cardinality,quality_rings_n800_g8_d6_noise0,100,100,0,0,True,"{""1"":100,""2"":100,""3"":100,""4"":100,""5"":100,""6"":100,""7"":100,""8"":100}",be8bd0db222def42c235d0dbfb2b6255a2d8839767791670588b7d3e76750115,0.0,1.0,1.0,1.0,1.0,1.0,1.0,8,0,,,,1.0,1.0,1.0,1.0,1.0,1.0,8,1.0,800,0,0,0.0
quality_rings_n800_g8_d6_noise0_s1,nonconvex,rings,800,8,6,0,2026092801,1,5,20,1,hgp_exclusive_point_routing,point_cardinality,quality_rings_n800_g8_d6_noise0,100,100,0,0,True,"{""1"":100,""2"":100,""3"":100,""4"":100,""5"":100,""6"":100,""7"":100,""8"":100}",c08016eee7325448aeecec18920a0750626fbcec2ac2eb2f4d7ce73e4d8fb31d,26.675797998905182,1.0,1.0,1.0,1.0,1.0,1.0,8,0,,,,1.0,1.0,1.0,1.0,1.0,1.0,8,1.0,800,0,0,0.0
quality_rings_n800_g8_d6_noise0_s1,nonconvex,rings,800,8,6,0,2026092801,1,5,20,1,hgp_first_coverage,point_cardinality,quality_rings_n800_g8_d6_noise0,100,100,0,0,True,"{""1"":100,""2"":100,""3"":100,""4"":100,""5"":100,""6"":100,""7"":100,""8"":100}",a83cdf59c54c427bba0efb4c6007bf0c77ba7d11060d4b7b9cd21c419b2a4c5e,18.818286996975075,1.0,1.0,1.0,1.0,1.0,1.0,8,0,,,,1.0,1.0,1.0,1.0,1.0,1.0,8,1.0,800,0,0,0.0
quality_rings_n800_g8_d6_noise0_s1,nonconvex,rings,800,8,6,0,2026092801,1,5,20,1,hgp_weighted_full_vote,facet_mass_before_vote,quality_rings_n800_g8_d6_noise0,100,100,0,0,False,"{""1"":100,""2"":100,""3"":100,""4"":100,""5"":100,""6"":100,""7"":100,""8"":100}",3bd28c577249a4a75d753074ca8cdceb20ade4f8ff0a6c7d9742da03df5b05b6,95.39964400028111,1.0,1.0,1.0,1.0,1.0,1.0,8,0,,,,1.0,1.0,1.0,1.0,1.0,1.0,8,1.0,800,0,0,0.0
quality_rings_n800_g8_d6_noise0_s1,nonconvex,rings,800,8,6,0,2026092801,1,5,20,2,hdbscan_common,point_cardinality,quality_rings_n800_g8_d6_noise0,100,100,0,0,True,"{""1"":100,""2"":100,""3"":100,""4"":100,""5"":100,""6"":100,""7"":100,""8"":100}",6f6c2520b26ce070632511350cd5365ee3947a1e9debb9bf5672e62266b440d6,16.790286004834343,1.0,1.0,1.0,1.0,1.0,1.0,8,0,,,,1.0,1.0,1.0,1.0,1.0,1.0,8,1.0,800,0,0,0.0
quality_rings_n800_g8_d6_noise0_s1,nonconvex,rings,800,8,6,0,2026092801,1,5,20,2,hgp_exclusive_point_routing,point_cardinality,quality_rings_n800_g8_d6_noise0,100,100,0,0,True,"{""1"":100,""2"":100,""3"":100,""4"":100,""5"":100,""6"":100,""7"":100,""8"":100}",7dfd5274a6901dd7e55563be6a8daa7fedc23f4d642ad8861a0b284db641a1ed,19.825274001050275,0.8472654217195534,0.9058660199962724,0.8472654217195534,0.8475284929446046,0.8703179635884398,0.97875,13,17,,,,1.0,0.80375,0.8669552657783826,0.8212005108556832,0.80375,0.8123815540113708,5,0.625,643,5,5,0.02125
quality_rings_n800_g8_d6_noise0_s1,nonconvex,rings,800,8,6,0,2026092801,1,5,20,2,hgp_first_coverage,point_cardinality,quality_rings_n800_g8_d6_noise0,100,100,0,0,True,"{""1"":100,""2"":100,""3"":100,""4"":100,""5"":100,""6"":100,""7"":100,""8"":100}",31c389e8176a1fcccdc1d84bb036b60466c2cfc46923c3a8bcc11d0eb5e9dc3c,13.35578200087184,0.8387366048809869,0.8996185427725033,0.8387366048809869,0.8387922569388209,0.86008298041584,0.98,14,16,,,,1.0,0.785,0.847364514723898,0.8010204081632653,0.785,0.7929292929292929,5,0.625,628,6,6,0.02
quality_rings_n800_g8_d6_noise0_s1,nonconvex,rings,800,8,6,0,2026092801,1,5,20,2,hgp_weighted_full_vote,facet_mass_before_vote,quality_rings_n800_g8_d6_noise0,100,100,0,0,False,"{""1"":100,""2"":100,""3"":100,""4"":100,""5"":100,""6"":100,""7"":100,""8"":100}",2d8e59cc08f18bf469a964b5e13c14308e74504a0735b41adb2a1e5700e1a81e,115.43404800613644,0.9036189556832461,0.9370299405791847,0.9036189556832461,0.9035942674049148,0.9227411103390627,0.9825,11,14,,,,1.0,0.87,0.912023292989267,0.8854961832061069,0.87,0.8776796973518285,6,0.75,696,3,3,0.0175
quality_rings_n800_g8_d6_noise0_s1,nonconvex,rings,800,8,6,0,2026092801,1,5,50,1,hdbscan_common,point_cardinality,quality_rings_n800_g8_d6_noise0,100,100,0,0,True,"{""1"":100,""2"":100,""3"":100,""4"":100,""5"":100,""6"":100,""7"":100,""8"":100}",13656cedbadf64e9d6a8a1dba3b30d6e18ab0bfdb80af00b4073146918f5802e,18.62276199972257,1.0,1.0,1.0,1.0,1.0,1.0,8,0,,,,1.0,1.0,1.0,1.0,1.0,1.0,8,1.0,800,0,0,0.0
quality_rings_n800_g8_d6_noise0_s1,nonconvex,rings,800,8,6,0,2026092801,1,5,50,1,hdbscan_standard,point_cardinality,quality_rings_n800_g8_d6_noise0,100,100,0,0,True,"{""1"":100,""2"":100,""3"":100,""4"":100,""5"":100,""6"":100,""7"":100,""8"":100}",b716282e146ad4320c7f0090fb8ca2e8c6fbc19e31af197628f9fae5f8517274,0.0,1.0,1.0,1.0,1.0,1.0,1.0,8,0,,,,1.0,1.0,1.0,1.0,1.0,1.0,8,1.0,800,0,0,0.0
quality_rings_n800_g8_d6_noise0_s1,nonconvex,rings,800,8,6,0,2026092801,1,5,50,1,hgp_exclusive_point_routing,point_cardinality,quality_rings_n800_g8_d6_noise0,100,100,0,0,True,"{""1"":100,""2"":100,""3"":100,""4"":100,""5"":100,""6"":100,""7"":100,""8"":100}",dbd5e19552880f7c73f1ef3d9f5342beb67906130fcb11ca1cae89654462b3cc,19.763520002015866,1.0,1.0,1.0,1.0,1.0,1.0,8,0,,,,1.0,1.0,1.0,1.0,1.0,1.0,8,1.0,800,0,0,0.0
quality_rings_n800_g8_d6_noise0_s1,nonconvex,rings,800,8,6,0,2026092801,1,5,50,1,hgp_first_coverage,point_cardinality,quality_rings_n800_g8_d6_noise0,100,100,0,0,True,"{""1"":100,""2"":100,""3"":100,""4"":100,""5"":100,""6"":100,""7"":100,""8"":100}",c26860dbce7980c185ea0d56638e2c360d58abe04582766c4670235055e3f0da,14.465260996075813,1.0,1.0,1.0,1.0,1.0,1.0,8,0,,,,1.0,1.0,1.0,1.0,1.0,1.0,8,1.0,800,0,0,0.0
quality_rings_n800_g8_d6_noise0_s1,nonconvex,rings,800,8,6,0,2026092801,1,5,50,1,hgp_weighted_full_vote,facet_mass_before_vote,quality_rings_n800_g8_d6_noise0,100,100,0,0,False,"{""1"":100,""2"":100,""3"":100,""4"":100,""5"":100,""6"":100,""7"":100,""8"":100}",fd9f437f421db8ca7932e9efaabe9c39589519bb2aaec117d631636626380134,100.88635300053284,1.0,1.0,1.0,1.0,1.0,1.0,8,0,,,,1.0,1.0,1.0,1.0,1.0,1.0,8,1.0,800,0,0,0.0
quality_rings_n800_g8_d6_noise0_s1,nonconvex,rings,800,8,6,0,2026092801,1,5,50,2,hdbscan_common,point_cardinality,quality_rings_n800_g8_d6_noise0,100,100,0,0,True,"{""1"":100,""2"":100,""3"":100,""4"":100,""5"":100,""6"":100,""7"":100,""8"":100}",8066041d54264297f1f1d5523658e15635a63cb9eff1de2ac129f06f08d0fac3,16.606942997896113,1.0,1.0,1.0,1.0,1.0,1.0,8,0,,,,1.0,1.0,1.0,1.0,1.0,1.0,8,1.0,800,0,0,0.0
quality_rings_n800_g8_d6_noise0_s1,nonconvex,rings,800,8,6,0,2026092801,1,5,50,2,hgp_exclusive_point_routing,point_cardinality,quality_rings_n800_g8_d6_noise0,100,100,0,0,True,"{""1"":100,""2"":100,""3"":100,""4"":100,""5"":100,""6"":100,""7"":100,""8"":100}",97ca79b804ed3db3a36b458e78ea535fa1854fe740a157743af4afe425c65793,26.244193002639804,1.0,1.0,1.0,1.0,1.0,1.0,8,0,,,,1.0,1.0,1.0,1.0,1.0,1.0,8,1.0,800,0,0,0.0
quality_rings_n800_g8_d6_noise0_s1,nonconvex,rings,800,8,6,0,2026092801,1,5,50,2,hgp_first_coverage,point_cardinality,quality_rings_n800_g8_d6_noise0,100,100,0,0,True,"{""1"":100,""2"":100,""3"":100,""4"":100,""5"":100,""6"":100,""7"":100,""8"":100}",8ece7f74d54100e54ebc7a69c8514880a92ec6e0c6922b8a3be507075212277f,13.684053999895696,1.0,1.0,1.0,1.0,1.0,1.0,8,0,,,,1.0,1.0,1.0,1.0,1.0,1.0,8,1.0,800,0,0,0.0
quality_rings_n800_g8_d6_noise0_s1,nonconvex,rings,800,8,6,0,2026092801,1,5,50,2,hgp_weighted_full_vote,facet_mass_before_vote,quality_rings_n800_g8_d6_noise0,100,100,0,0,False,"{""1"":100,""2"":100,""3"":100,""4"":100,""5"":100,""6"":100,""7"":100,""8"":100}",c06df213995e6fabc5166496e9e8a531a2970777837138e71d0ff8fffe042722,165.12268299993593,1.0,1.0,1.0,1.0,1.0,1.0,8,0,,,,1.0,1.0,1.0,1.0,1.0,1.0,8,1.0,800,0,0,0.0
quality_rings_n800_g8_d6_noise0_s2,nonconvex,rings,800,8,6,0,2026092802,2,5,20,1,hdbscan_common,point_cardinality,quality_rings_n800_g8_d6_noise0,100,100,0,0,True,"{""1"":100,""2"":100,""3"":100,""4"":100,""5"":100,""6"":100,""7"":100,""8"":100}",a928914c32d1e32d2c224981cdae9c186a0ed9150226ca8a0d701962e7296b8b,19.672560003527906,1.0,1.0,1.0,1.0,1.0,1.0,8,0,,,,1.0,1.0,1.0,1.0,1.0,1.0,8,1.0,800,0,0,0.0
quality_rings_n800_g8_d6_noise0_s2,nonconvex,rings,800,8,6,0,2026092802,2,5,20,1,hdbscan_standard,point_cardinality,quality_rings_n800_g8_d6_noise0,100,100,0,0,True,"{""1"":100,""2"":100,""3"":100,""4"":100,""5"":100,""6"":100,""7"":100,""8"":100}",d1abe374b7ce74548d0f0b843e56029130ab21d1f3b41d2d2211b6f86870970d,0.0,1.0,1.0,1.0,1.0,1.0,1.0,8,0,,,,1.0,1.0,1.0,1.0,1.0,1.0,8,1.0,800,0,0,0.0
quality_rings_n800_g8_d6_noise0_s2,nonconvex,rings,800,8,6,0,2026092802,2,5,20,1,hgp_exclusive_point_routing,point_cardinality,quality_rings_n800_g8_d6_noise0,100,100,0,0,True,"{""1"":100,""2"":100,""3"":100,""4"":100,""5"":100,""6"":100,""7"":100,""8"":100}",e890f55f310b134dc4843bda799bafe1c1eaa67335b05d97ceff74eecd871c4a,27.761943005316425,1.0,1.0,1.0,1.0,1.0,1.0,8,0,,,,1.0,1.0,1.0,1.0,1.0,1.0,8,1.0,800,0,0,0.0
quality_rings_n800_g8_d6_noise0_s2,nonconvex,rings,800,8,6,0,2026092802,2,5,20,1,hgp_first_coverage,point_cardinality,quality_rings_n800_g8_d6_noise0,100,100,0,0,True,"{""1"":100,""2"":100,""3"":100,""4"":100,""5"":100,""6"":100,""7"":100,""8"":100}",4cf7966e270b2a5c46f1fff6522af5b0d1e06bfde1a39b9b4473c4a18d0d9144,17.121703996963333,1.0,1.0,1.0,1.0,1.0,1.0,8,0,,,,1.0,1.0,1.0,1.0,1.0,1.0,8,1.0,800,0,0,0.0
quality_rings_n800_g8_d6_noise0_s2,nonconvex,rings,800,8,6,0,2026092802,2,5,20,1,hgp_weighted_full_vote,facet_mass_before_vote,quality_rings_n800_g8_d6_noise0,100,100,0,0,False,"{""1"":100,""2"":100,""3"":100,""4"":100,""5"":100,""6"":100,""7"":100,""8"":100}",661547dfd5568dd5af1f8eb4e07c17a8c4be2761437d16a9153036e48641e0d9,110.34722399926977,1.0,1.0,1.0,1.0,1.0,1.0,8,0,,,,1.0,1.0,1.0,1.0,1.0,1.0,8,1.0,800,0,0,0.0
quality_rings_n800_g8_d6_noise0_s2,nonconvex,rings,800,8,6,0,2026092802,2,5,20,2,hdbscan_common,point_cardinality,quality_rings_n800_g8_d6_noise0,100,100,0,0,True,"{""1"":100,""2"":100,""3"":100,""4"":100,""5"":100,""6"":100,""7"":100,""8"":100}",4edfbd0113fa35c837af4432b69e00c953cc59d5f9be3bcb0ca4055598749648,16.904259005968925,0.8757892959079482,0.9283996142447039,0.8757892959079482,0.8756884117086243,0.8838197286022775,0.9925,12,6,,,,1.0,0.84125,0.8959955147703254,0.8476070528967254,0.84125,0.8444165621079046,5,0.625,673,4,4,0.0075
quality_rings_n800_g8_d6_noise0_s2,nonconvex,rings,800,8,6,0,2026092802,2,5,20,2,hgp_exclusive_point_routing,point_cardinality,quality_rings_n800_g8_d6_noise0,100,100,0,0,True,"{""1"":100,""2"":100,""3"":100,""4"":100,""5"":100,""6"":100,""7"":100,""8"":100}",da9812fb9f0d502d668fa92964eb6995c38bbb96c31c3415ce6677c9c40010f3,20.351496001239866,0.6481755774740691,0.8347641244448222,0.6481755774740691,0.6478641816472795,0.664110285110975,0.9825,19,14,,,,1.0,0.5575,0.68337393614134,0.5674300254452926,0.5575,0.562421185372005,2,0.25,446,11,11,0.0175
quality_rings_n800_g8_d6_noise0_s2,nonconvex,rings,800,8,6,0,2026092802,2,5,20,2,hgp_first_coverage,point_cardinality,quality_rings_n800_g8_d6_noise0,100,100,0,0,True,"{""1"":100,""2"":100,""3"":100,""4"":100,""5"":100,""6"":100,""7"":100,""8"":100}",8079fb7f34951987fdf7fb2c496316eb6c136b6b749d34d83cac66a0c63aa2cc,13.723258001846261,0.6496037362385882,0.8355901501551178,0.6496037362385882,0.6493385856742812,0.6644569871781174,0.98375,19,13,,,,1.0,0.55875,0.6852587306422385,0.567979669631512,0.55875,0.5633270321361059,2,0.25,447,11,11,0.01625
quality_rings_n800_g8_d6_noise0_s2,nonconvex,rings,800,8,6,0,2026092802,2,5,20,2,hgp_weighted_full_vote,facet_mass_before_vote,quality_rings_n800_g8_d6_noise0,100,100,0,0,False,"{""1"":100,""2"":100,""3"":100,""4"":100,""5"":100,""6"":100,""7"":100,""8"":100}",0046dafd3105cd43c943aa064af6a0f63817417a470950e4b835223123da79e6,110.16361100337235,0.7494098809857876,0.8770477581348823,0.7494098809857876,0.7493895236345308,0.7519262088967771,0.9975,16,2,,,,1.0,0.665,0.7643100951012205,0.6666666666666666,0.665,0.6658322903629537,3,0.375,532,8,8,0.0025
quality_rings_n800_g8_d6_noise0_s2,nonconvex,rings,800,8,6,0,2026092802,2,5,50,1,hdbscan_common,point_cardinality,quality_rings_n800_g8_d6_noise0,100,100,0,0,True,"{""1"":100,""2"":100,""3"":100,""4"":100,""5"":100,""6"":100,""7"":100,""8"":100}",080b4f52563f937ccc400922d9f8f3db7518f6dc11f607d2e0875a968de6d023,17.458201000408735,1.0,1.0,1.0,1.0,1.0,1.0,8,0,,,,1.0,1.0,1.0,1.0,1.0,1.0,8,1.0,800,0,0,0.0
quality_rings_n800_g8_d6_noise0_s2,nonconvex,rings,800,8,6,0,2026092802,2,5,50,1,hdbscan_standard,point_cardinality,quality_rings_n800_g8_d6_noise0,100,100,0,0,True,"{""1"":100,""2"":100,""3"":100,""4"":100,""5"":100,""6"":100,""7"":100,""8"":100}",a25f17a21292f64c11837e23106c8c5af5e54b8159dca46529c005ae22e08fb4,0.0,1.0,1.0,1.0,1.0,1.0,1.0,8,0,,,,1.0,1.0,1.0,1.0,1.0,1.0,8,1.0,800,0,0,0.0
quality_rings_n800_g8_d6_noise0_s2,nonconvex,rings,800,8,6,0,2026092802,2,5,50,1,hgp_exclusive_point_routing,point_cardinality,quality_rings_n800_g8_d6_noise0,100,100,0,0,True,"{""1"":100,""2"":100,""3"":100,""4"":100,""5"":100,""6"":100,""7"":100,""8"":100}",0b1b8feba8f0d0f9ba3e39d0a79fb54cdb36182e5a6b7f3ec29bbeaa4916052a,19.398859003558755,1.0,1.0,1.0,1.0,1.0,1.0,8,0,,,,1.0,1.0,1.0,1.0,1.0,1.0,8,1.0,800,0,0,0.0
quality_rings_n800_g8_d6_noise0_s2,nonconvex,rings,800,8,6,0,2026092802,2,5,50,1,hgp_first_coverage,point_cardinality,quality_rings_n800_g8_d6_noise0,100,100,0,0,True,"{""1"":100,""2"":100,""3"":100,""4"":100,""5"":100,""6"":100,""7"":100,""8"":100}",c70d98ad0d7724f525554d7afe749a06c8a6cf3359d4925fb9bc8df1d5a1e733,12.897879001684487,1.0,1.0,1.0,1.0,1.0,1.0,8,0,,,,1.0,1.0,1.0,1.0,1.0,1.0,8,1.0,800,0,0,0.0
quality_rings_n800_g8_d6_noise0_s2,nonconvex,rings,800,8,6,0,2026092802,2,5,50,1,hgp_weighted_full_vote,facet_mass_before_vote,quality_rings_n800_g8_d6_noise0,100,100,0,0,False,"{""1"":100,""2"":100,""3"":100,""4"":100,""5"":100,""6"":100,""7"":100,""8"":100}",0269c015a0a971d20eeac7703d014f98cb96d56c01f67da4abcf9045872ab7d4,101.08747799677076,1.0,1.0,1.0,1.0,1.0,1.0,8,0,,,,1.0,1.0,1.0,1.0,1.0,1.0,8,1.0,800,0,0,0.0
quality_rings_n800_g8_d6_noise0_s2,nonconvex,rings,800,8,6,0,2026092802,2,5,50,2,hdbscan_common,point_cardinality,quality_rings_n800_g8_d6_noise0,100,100,0,0,True,"{""1"":100,""2"":100,""3"":100,""4"":100,""5"":100,""6"":100,""7"":100,""8"":100}",cd6e242f98ba96551b8eb1cf04bcff82c470d3cd6bbbda8ae138edd08be7c124,17.409079999197274,1.0,1.0,1.0,1.0,1.0,1.0,8,0,,,,1.0,1.0,1.0,1.0,1.0,1.0,8,1.0,800,0,0,0.0
quality_rings_n800_g8_d6_noise0_s2,nonconvex,rings,800,8,6,0,2026092802,2,5,50,2,hgp_exclusive_point_routing,point_cardinality,quality_rings_n800_g8_d6_noise0,100,100,0,0,True,"{""1"":100,""2"":100,""3"":100,""4"":100,""5"":100,""6"":100,""7"":100,""8"":100}",07fdeecedada71001cdb296b7d66e032750348f2274324b95b4b0bdc02892f5c,22.245005995500833,1.0,1.0,1.0,1.0,1.0,1.0,8,0,,,,1.0,1.0,1.0,1.0,1.0,1.0,8,1.0,800,0,0,0.0
quality_rings_n800_g8_d6_noise0_s2,nonconvex,rings,800,8,6,0,2026092802,2,5,50,2,hgp_first_coverage,point_cardinality,quality_rings_n800_g8_d6_noise0,100,100,0,0,True,"{""1"":100,""2"":100,""3"":100,""4"":100,""5"":100,""6"":100,""7"":100,""8"":100}",783b865eaa1c4e297be7e21f17e48f7b309c7dd1f8124cb1d2a5e8a23c20a5d1,12.455594005587045,1.0,1.0,1.0,1.0,1.0,1.0,8,0,,,,1.0,1.0,1.0,1.0,1.0,1.0,8,1.0,800,0,0,0.0
quality_rings_n800_g8_d6_noise0_s2,nonconvex,rings,800,8,6,0,2026092802,2,5,50,2,hgp_weighted_full_vote,facet_mass_before_vote,quality_rings_n800_g8_d6_noise0,100,100,0,0,False,"{""1"":100,""2"":100,""3"":100,""4"":100,""5"":100,""6"":100,""7"":100,""8"":100}",3304d2957e84f38d667e96cfa8a0345f97212bca23d447103c3520b2aa564079,98.78599800140364,1.0,1.0,1.0,1.0,1.0,1.0,8,0,,,,1.0,1.0,1.0,1.0,1.0,1.0,8,1.0,800,0,0,0.0
quality_spherical_n1600_g8_d4_noise0_s1,size,spherical,1600,8,4,0,2026092801,1,5,20,1,hdbscan_common,point_cardinality,quality_spherical_n1600_g8_d4_noise0,200,200,0,0,True,"{""1"":200,""2"":200,""3"":200,""4"":200,""5"":200,""6"":200,""7"":200,""8"":200}",c11857c5c815a36fda2f8b467ac74fbcec148b2d15dc73a07a798eb653fde4fe,33.50956999929622,0.16712098837462866,0.43123541625131084,0.16712098837462866,0.16991845701663033,0.17929169662188738,0.8925,3,172,,,,0.27153558052434457,0.34,0.2730303787427364,0.38095238095238093,0.34,0.35931307793923384,0,0.0,544,-5,5,0.1075
quality_spherical_n1600_g8_d4_noise0_s1,size,spherical,1600,8,4,0,2026092801,1,5,20,1,hdbscan_standard,point_cardinality,quality_spherical_n1600_g8_d4_noise0,200,200,0,0,True,"{""1"":200,""2"":200,""3"":200,""4"":200,""5"":200,""6"":200,""7"":200,""8"":200}",ee0ee2466ef016b9ffd0e13cd8d712e66d9dfb5d8c985a6f6f1f07e64faa6ff9,0.0,0.16643376279075578,0.4273185625111726,0.16643376279075578,0.16914674831260976,0.1783534669845275,0.89375,3,170,,,,0.27085054136894693,0.34,0.27269044832141454,0.3804195804195804,0.34,0.3590759075907591,0,0.0,544,-5,5,0.10625
quality_spherical_n1600_g8_d4_noise0_s1,size,spherical,1600,8,4,0,2026092801,1,5,20,1,hgp_exclusive_point_routing,point_cardinality,quality_spherical_n1600_g8_d4_noise0,200,200,0,0,True,"{""1"":200,""2"":200,""3"":200,""4"":200,""5"":200,""6"":200,""7"":200,""8"":200}",448d3539bb90646d890342ad5192b3b3e3e1bc7758007d723ffaa799d8b1457d,54.69841100057238,0.17272929396465506,0.49293598026408597,0.17272929396465506,0.1727593486272741,0.17376276528132545,0.986875,3,21,,,,0.26906049730670306,0.368125,0.2817902782218029,0.3730208993033566,0.368125,0.37055677886127714,0,0.0,589,-5,5,0.013125
quality_spherical_n1600_g8_d4_noise0_s1,size,spherical,1600,8,4,0,2026092801,1,5,20,1,hgp_first_coverage,point_cardinality,quality_spherical_n1600_g8_d4_noise0,200,200,0,0,True,"{""1"":200,""2"":200,""3"":200,""4"":200,""5"":200,""6"":200,""7"":200,""8"":200}",661b5f3b09fb058780e389340e649eb4f4fca98b1d7fc0dfece4b9d3c73bfa88,35.23990499888896,0.17288430709963368,0.4918684599419191,0.17288430709963368,0.17292047390458629,0.1740225444832136,0.985625,3,23,,,,0.26909592612717614,0.368125,0.28184214911904953,0.37349397590361444,0.368125,0.37079005350960026,0,0.0,589,-5,5,0.014375
quality_spherical_n1600_g8_d4_noise0_s1,size,spherical,1600,8,4,0,2026092801,1,5,20,1,hgp_weighted_full_vote,facet_mass_before_vote,quality_spherical_n1600_g8_d4_noise0,200,200,0,0,False,"{""1"":200,""2"":200,""3"":200,""4"":200,""5"":200,""6"":200,""7"":200,""8"":200}",23a707d21d3364c9c572a0d7556f4feddb0f469b94fe1a294f15095da9a8405f,2546.4229960016382,0.1731797640456553,0.4940960571071078,0.1731797640456553,0.1732049122762536,0.17416185032609255,0.9875,3,20,,,,0.2690636697344986,0.36875,0.28210671000477794,0.37341772151898733,0.36875,0.3710691823899371,0,0.0,590,-5,5,0.0125
quality_spherical_n1600_g8_d4_noise0_s1,size,spherical,1600,8,4,0,2026092801,1,5,20,2,hdbscan_common,point_cardinality,quality_spherical_n1600_g8_d4_noise0,200,200,0,0,True,"{""1"":200,""2"":200,""3"":200,""4"":200,""5"":200,""6"":200,""7"":200,""8"":200}",c82fe0ce5978178f0b4f53bcbf84a505f9ffb291c430294b0ab80079d74a7b14,433.3977149981365,0.16712098837462866,0.43123541625131084,0.16712098837462866,0.16991845701663033,0.17929169662188738,0.8925,3,172,,,,0.27153558052434457,0.34,0.2730303787427364,0.38095238095238093,0.34,0.35931307793923384,0,0.0,544,-5,5,0.1075
quality_spherical_n1600_g8_d4_noise0_s1,size,spherical,1600,8,4,0,2026092801,1,5,20,2,hgp_exclusive_point_routing,point_cardinality,quality_spherical_n1600_g8_d4_noise0,200,200,0,0,True,"{""1"":200,""2"":200,""3"":200,""4"":200,""5"":200,""6"":200,""7"":200,""8"":200}",47209059409a8299385cafcba119e66f62f7921cff2b6c71e531656fc5a3d88d,51.90845399920363,0.17272929396465506,0.49293598026408597,0.17272929396465506,0.1727593486272741,0.17376276528132545,0.986875,3,21,,,,0.26906049730670306,0.368125,0.2817902782218029,0.3730208993033566,0.368125,0.37055677886127714,0,0.0,589,-5,5,0.013125
quality_spherical_n1600_g8_d4_noise0_s1,size,spherical,1600,8,4,0,2026092801,1,5,20,2,hgp_first_coverage,point_cardinality,quality_spherical_n1600_g8_d4_noise0,200,200,0,0,True,"{""1"":200,""2"":200,""3"":200,""4"":200,""5"":200,""6"":200,""7"":200,""8"":200}",d86e913932846b73de428a0c838ce7ad5811d383c25544bc843af3d785fd1767,31.70954199958942,0.17288430709963368,0.4918684599419191,0.17288430709963368,0.17292047390458629,0.1740225444832136,0.985625,3,23,,,,0.26909592612717614,0.368125,0.28184214911904953,0.37349397590361444,0.368125,0.37079005350960026,0,0.0,589,-5,5,0.014375
quality_spherical_n1600_g8_d4_noise0_s1,size,spherical,1600,8,4,0,2026092801,1,5,20,2,hgp_weighted_full_vote,facet_mass_before_vote,quality_spherical_n1600_g8_d4_noise0,200,200,0,0,False,"{""1"":200,""2"":200,""3"":200,""4"":200,""5"":200,""6"":200,""7"":200,""8"":200}",1f32d4b126a7bfdcde11223be85a83c57d9e859d49e648120e312af9d0c29631,2022.547984000994,0.1731797640456553,0.4940960571071078,0.1731797640456553,0.1732049122762536,0.17416185032609255,0.9875,3,20,,,,0.2690636697344986,0.36875,0.28210671000477794,0.37341772151898733,0.36875,0.3710691823899371,0,0.0,590,-5,5,0.0125
quality_spherical_n1600_g8_d4_noise0_s1,size,spherical,1600,8,4,0,2026092801,1,5,50,1,hdbscan_common,point_cardinality,quality_spherical_n1600_g8_d4_noise0,200,200,0,0,True,"{""1"":200,""2"":200,""3"":200,""4"":200,""5"":200,""6"":200,""7"":200,""8"":200}",d9f5fed8c4992a47c30e0f6a52d88e5f82e73b998c987c838548a6d822b51e16,32.480199999554316,0.16712098837462866,0.43123541625131084,0.16712098837462866,0.16991845701663033,0.17929169662188738,0.8925,3,172,,,,0.27153558052434457,0.34,0.2730303787427364,0.38095238095238093,0.34,0.35931307793923384,0,0.0,544,-5,5,0.1075
quality_spherical_n1600_g8_d4_noise0_s1,size,spherical,1600,8,4,0,2026092801,1,5,50,1,hdbscan_standard,point_cardinality,quality_spherical_n1600_g8_d4_noise0,200,200,0,0,True,"{""1"":200,""2"":200,""3"":200,""4"":200,""5"":200,""6"":200,""7"":200,""8"":200}",1efd05dd46fb8016f0ccdefa452fdd6036651ad3921a29650b96880ebbdd2808,0.0,0.16643376279075578,0.4273185625111726,0.16643376279075578,0.16914674831260976,0.1783534669845275,0.89375,3,170,,,,0.27085054136894693,0.34,0.27269044832141454,0.3804195804195804,0.34,0.3590759075907591,0,0.0,544,-5,5,0.10625
quality_spherical_n1600_g8_d4_noise0_s1,size,spherical,1600,8,4,0,2026092801,1,5,50,1,hgp_exclusive_point_routing,point_cardinality,quality_spherical_n1600_g8_d4_noise0,200,200,0,0,True,"{""1"":200,""2"":200,""3"":200,""4"":200,""5"":200,""6"":200,""7"":200,""8"":200}",d46f9e38558b0abce5db4e5dceb23d573b0b1ad7798a340c8246ea29d3ef8021,44.116705998021644,0.17272929396465506,0.49293598026408597,0.17272929396465506,0.1727593486272741,0.17376276528132545,0.986875,3,21,,,,0.26906049730670306,0.368125,0.2817902782218029,0.3730208993033566,0.368125,0.37055677886127714,0,0.0,589,-5,5,0.013125
quality_spherical_n1600_g8_d4_noise0_s1,size,spherical,1600,8,4,0,2026092801,1,5,50,1,hgp_first_coverage,point_cardinality,quality_spherical_n1600_g8_d4_noise0,200,200,0,0,True,"{""1"":200,""2"":200,""3"":200,""4"":200,""5"":200,""6"":200,""7"":200,""8"":200}",c373f94270d87ec5030ec77db45684111bc3532b0167bcceeb2ca132150d2be0,27.63745099946391,0.17288430709963368,0.4918684599419191,0.17288430709963368,0.17292047390458629,0.1740225444832136,0.985625,3,23,,,,0.26909592612717614,0.368125,0.28184214911904953,0.37349397590361444,0.368125,0.37079005350960026,0,0.0,589,-5,5,0.014375
quality_spherical_n1600_g8_d4_noise0_s1,size,spherical,1600,8,4,0,2026092801,1,5,50,1,hgp_weighted_full_vote,facet_mass_before_vote,quality_spherical_n1600_g8_d4_noise0,200,200,0,0,False,"{""1"":200,""2"":200,""3"":200,""4"":200,""5"":200,""6"":200,""7"":200,""8"":200}",5cfd4f30839e58e8fb18954dff1077e9a14864b1f8be0301fb4ee62a7c516a9c,1990.8484699990368,0.1731797640456553,0.4940960571071078,0.1731797640456553,0.1732049122762536,0.17416185032609255,0.9875,3,20,,,,0.2690636697344986,0.36875,0.28210671000477794,0.37341772151898733,0.36875,0.3710691823899371,0,0.0,590,-5,5,0.0125
quality_spherical_n1600_g8_d4_noise0_s1,size,spherical,1600,8,4,0,2026092801,1,5,50,2,hdbscan_common,point_cardinality,quality_spherical_n1600_g8_d4_noise0,200,200,0,0,True,"{""1"":200,""2"":200,""3"":200,""4"":200,""5"":200,""6"":200,""7"":200,""8"":200}",0a5bbb0928da6afb69ed7597a6d0a297ec9c71af0ac88cb61830dd8bf17b2623,33.862186999613186,0.16712098837462866,0.43123541625131084,0.16712098837462866,0.16991845701663033,0.17929169662188738,0.8925,3,172,,,,0.27153558052434457,0.34,0.2730303787427364,0.38095238095238093,0.34,0.35931307793923384,0,0.0,544,-5,5,0.1075
quality_spherical_n1600_g8_d4_noise0_s1,size,spherical,1600,8,4,0,2026092801,1,5,50,2,hgp_exclusive_point_routing,point_cardinality,quality_spherical_n1600_g8_d4_noise0,200,200,0,0,True,"{""1"":200,""2"":200,""3"":200,""4"":200,""5"":200,""6"":200,""7"":200,""8"":200}",92a97d2239d42e7c8083bb62acecfc64eeefab7555d7866c73a2297b7b4af391,48.97312100001727,0.17272929396465506,0.49293598026408597,0.17272929396465506,0.1727593486272741,0.17376276528132545,0.986875,3,21,,,,0.26906049730670306,0.368125,0.2817902782218029,0.3730208993033566,0.368125,0.37055677886127714,0,0.0,589,-5,5,0.013125
quality_spherical_n1600_g8_d4_noise0_s1,size,spherical,1600,8,4,0,2026092801,1,5,50,2,hgp_first_coverage,point_cardinality,quality_spherical_n1600_g8_d4_noise0,200,200,0,0,True,"{""1"":200,""2"":200,""3"":200,""4"":200,""5"":200,""6"":200,""7"":200,""8"":200}",96be67720abc4489533561601e1930ad8774bd094dab29df74386b3315275984,27.484095000545494,0.17288430709963368,0.4918684599419191,0.17288430709963368,0.17292047390458629,0.1740225444832136,0.985625,3,23,,,,0.26909592612717614,0.368125,0.28184214911904953,0.37349397590361444,0.368125,0.37079005350960026,0,0.0,589,-5,5,0.014375
quality_spherical_n1600_g8_d4_noise0_s1,size,spherical,1600,8,4,0,2026092801,1,5,50,2,hgp_weighted_full_vote,facet_mass_before_vote,quality_spherical_n1600_g8_d4_noise0,200,200,0,0,False,"{""1"":200,""2"":200,""3"":200,""4"":200,""5"":200,""6"":200,""7"":200,""8"":200}",64a67cec8691d6eb3e78109c28df5aea9ac3cc9cb993b9efde99fa8c11c5497d,2107.6858050000737,0.1731797640456553,0.4940960571071078,0.1731797640456553,0.1732049122762536,0.17416185032609255,0.9875,3,20,,,,0.2690636697344986,0.36875,0.28210671000477794,0.37341772151898733,0.36875,0.3710691823899371,0,0.0,590,-5,5,0.0125
quality_spherical_n1600_g8_d4_noise0_s2,size,spherical,1600,8,4,0,2026092802,2,5,20,1,hdbscan_common,point_cardinality,quality_spherical_n1600_g8_d4_noise0,200,200,0,0,True,"{""1"":200,""2"":200,""3"":200,""4"":200,""5"":200,""6"":200,""7"":200,""8"":200}",6c7f8a99311ddf135d538cbe30bd2c36e507af088102f155233ca73cc4109d83,422.18663999665296,0.16289053391878927,0.42374674765256237,0.16289053391878927,0.16584092186540467,0.17507332455725122,0.8925,3,172,,,,0.2709296538881397,0.33687500000000004,0.2705619789321691,0.37745098039215685,0.336875,0.3560105680317041,0,0.0,539,-5,5,0.1075
quality_spherical_n1600_g8_d4_noise0_s2,size,spherical,1600,8,4,0,2026092802,2,5,20,1,hdbscan_standard,point_cardinality,quality_spherical_n1600_g8_d4_noise0,200,200,0,0,True,"{""1"":200,""2"":200,""3"":200,""4"":200,""5"":200,""6"":200,""7"":200,""8"":200}",534bc2009ea3edd5edef838f6350fad057790c0d172acc5967a50f2852100858,0.0,0.1627837711008821,0.42234717422022267,0.1627837711008821,0.16565866736166618,0.17475877519290423,0.89375,3,170,,,,0.27021890843733987,0.33687500000000004,0.2702225356857131,0.3769230769230769,0.336875,0.3557755775577558,0,0.0,539,-5,5,0.10625
quality_spherical_n1600_g8_d4_noise0_s2,size,spherical,1600,8,4,0,2026092802,2,5,20,1,hgp_exclusive_point_routing,point_cardinality,quality_spherical_n1600_g8_d4_noise0,200,200,0,0,True,"{""1"":200,""2"":200,""3"":200,""4"":200,""5"":200,""6"":200,""7"":200,""8"":200}",3804a9af5641951771220b6618b4485f21c3b409a27d5accb2dda32dff6ee7e6,51.9118609954603,0.8325656857445782,0.8441088320132937,0.8325656857445782,0.850734083575693,0.940562779808642,0.9175,8,132,,,,0.9722612275361707,0.8925,0.9298824652494845,0.9727520435967303,0.8925,0.9308996088657105,0,0.0,1428,0,0,0.0825
quality_spherical_n1600_g8_d4_noise0_s2,size,spherical,1600,8,4,0,2026092802,2,5,20,1,hgp_first_coverage,point_cardinality,quality_spherical_n1600_g8_d4_noise0,200,200,0,0,True,"{""1"":200,""2"":200,""3"":200,""4"":200,""5"":200,""6"":200,""7"":200,""8"":200}",87ce759ab93edee12aea1c144350b42706538b6851937c45eb64885424fc855c,34.232175996294245,0.8060406967395897,0.8255399452363219,0.8060406967395897,0.8302798238321208,0.9340531624784778,0.904375,8,153,,,,0.968953158976838,0.876875,0.919672884775116,0.9695922598479613,0.876875,0.9209058089924516,0,0.0,1403,0,0,0.095625
quality_spherical_n1600_g8_d4_noise0_s2,size,spherical,1600,8,4,0,2026092802,2,5,20,1,hgp_weighted_full_vote,facet_mass_before_vote,quality_spherical_n1600_g8_d4_noise0,200,200,0,0,False,"{""1"":200,""2"":200,""3"":200,""4"":200,""5"":200,""6"":200,""7"":200,""8"":200}",c977552be4b68f1e4f74b4b68263c7c936f7c430f18a60b216c21851a11fc4fb,2615.9261180000613,0.1770430205606548,0.5016264364331251,0.1770430205606548,0.17707917221495703,0.17787618119787693,0.99,3,16,,,,0.26842760521147435,0.371875,0.28360659495512847,0.37563131313131315,0.371875,0.37374371859296485,0,0.0,595,-5,5,0.01
quality_spherical_n1600_g8_d4_noise0_s2,size,spherical,1600,8,4,0,2026092802,2,5,20,2,hdbscan_common,point_cardinality,quality_spherical_n1600_g8_d4_noise0,200,200,0,0,True,"{""1"":200,""2"":200,""3"":200,""4"":200,""5"":200,""6"":200,""7"":200,""8"":200}",fc7dd42246e3af06f410ac3cc64abac9239dcde03877cf8f69422730819353c6,34.38565200485755,0.4214326616369682,0.6704105958631181,0.4214326616369682,0.5914282500360551,0.9610039486816354,0.680625,8,511,,,,0.979837454603314,0.6675,0.7876149880452512,0.9807162534435262,0.6675,0.7943473410189662,0,0.0,1068,0,0,0.319375
quality_spherical_n1600_g8_d4_noise0_s2,size,spherical,1600,8,4,0,2026092802,2,5,20,2,hgp_exclusive_point_routing,point_cardinality,quality_spherical_n1600_g8_d4_noise0,200,200,0,0,True,"{""1"":200,""2"":200,""3"":200,""4"":200,""5"":200,""6"":200,""7"":200,""8"":200}",d38279eb5add657d6b117211d53cdaa45be6e23e3439ea6c0cb8c3eaac30769f,45.00137600552989,0.8321814650877285,0.8434971052769609,0.8321814650877285,0.8501140849092268,0.9391493809080769,0.918125,8,131,,,,0.9715989044878358,0.8925,0.9295934639990956,0.9720898570456092,0.8925,0.9305962854349951,0,0.0,1428,0,0,0.081875
quality_spherical_n1600_g8_d4_noise0_s2,size,spherical,1600,8,4,0,2026092802,2,5,20,2,hgp_first_coverage,point_cardinality,quality_spherical_n1600_g8_d4_noise0,200,200,0,0,True,"{""1"":200,""2"":200,""3"":200,""4"":200,""5"":200,""6"":200,""7"":200,""8"":200}",141f1e6f9d395553aa33c1c4a4205d28ad280936568ad30bac8ee40d7fbc5ee5,29.267910002090503,0.8060406967395897,0.8255399452363219,0.8060406967395897,0.8302798238321208,0.9340531624784778,0.904375,8,153,,,,0.968953158976838,0.876875,0.919672884775116,0.9695922598479613,0.876875,0.9209058089924516,0,0.0,1403,0,0,0.095625
quality_spherical_n1600_g8_d4_noise0_s2,size,spherical,1600,8,4,0,2026092802,2,5,20,2,hgp_weighted_full_vote,facet_mass_before_vote,quality_spherical_n1600_g8_d4_noise0,200,200,0,0,False,"{""1"":200,""2"":200,""3"":200,""4"":200,""5"":200,""6"":200,""7"":200,""8"":200}",38263e13ec8f39d03565206e62c81abdbb364b2dabfaa6866c4515a85d40ddc3,2576.77744099783,0.8309077278129978,0.8387301540714176,0.8309077278129978,0.8468867140621,0.9302991183701783,0.9225,8,124,,,,0.9678653156254221,0.893125,0.9281098668555573,0.9681571815718157,0.893125,0.9291287386215865,0,0.0,1429,0,0,0.0775
quality_spherical_n1600_g8_d4_noise0_s2,size,spherical,1600,8,4,0,2026092802,2,5,50,1,hdbscan_common,point_cardinality,quality_spherical_n1600_g8_d4_noise0,200,200,0,0,True,"{""1"":200,""2"":200,""3"":200,""4"":200,""5"":200,""6"":200,""7"":200,""8"":200}",420f6cf7e301d55d090d5211e51ae5f02ff36acc39dc50247a2f70f7f0e3e393,38.11673900054302,0.16289053391878927,0.42374674765256237,0.16289053391878927,0.16584092186540467,0.17507332455725122,0.8925,3,172,,,,0.2709296538881397,0.33687500000000004,0.2705619789321691,0.37745098039215685,0.336875,0.3560105680317041,0,0.0,539,-5,5,0.1075
quality_spherical_n1600_g8_d4_noise0_s2,size,spherical,1600,8,4,0,2026092802,2,5,50,1,hdbscan_standard,point_cardinality,quality_spherical_n1600_g8_d4_noise0,200,200,0,0,True,"{""1"":200,""2"":200,""3"":200,""4"":200,""5"":200,""6"":200,""7"":200,""8"":200}",dc353ff2a4c5dac248bbbca333906aa7e031fcbdf6d004b2cf7b47a22e349c94,0.0,0.1627837711008821,0.42234717422022267,0.1627837711008821,0.16565866736166618,0.17475877519290423,0.89375,3,170,,,,0.27021890843733987,0.33687500000000004,0.2702225356857131,0.3769230769230769,0.336875,0.3557755775577558,0,0.0,539,-5,5,0.10625
quality_spherical_n1600_g8_d4_noise0_s2,size,spherical,1600,8,4,0,2026092802,2,5,50,1,hgp_exclusive_point_routing,point_cardinality,quality_spherical_n1600_g8_d4_noise0,200,200,0,0,True,"{""1"":200,""2"":200,""3"":200,""4"":200,""5"":200,""6"":200,""7"":200,""8"":200}",c4dbe8fabdc83e69cae4dc6ae18368649e5f9db2824ad9654ed21b28c6e09564,47.1625150021282,0.8325656857445782,0.8441088320132937,0.8325656857445782,0.850734083575693,0.940562779808642,0.9175,8,132,,,,0.9722612275361707,0.8925,0.9298824652494845,0.9727520435967303,0.8925,0.9308996088657105,0,0.0,1428,0,0,0.0825
quality_spherical_n1600_g8_d4_noise0_s2,size,spherical,1600,8,4,0,2026092802,2,5,50,1,hgp_first_coverage,point_cardinality,quality_spherical_n1600_g8_d4_noise0,200,200,0,0,True,"{""1"":200,""2"":200,""3"":200,""4"":200,""5"":200,""6"":200,""7"":200,""8"":200}",25f54a95a769c02b1e8ada405fbc39a0634ae5d4122b6cff2c66750b201c8d34,28.377549999277107,0.8060406967395897,0.8255399452363219,0.8060406967395897,0.8302798238321208,0.9340531624784778,0.904375,8,153,,,,0.968953158976838,0.876875,0.919672884775116,0.9695922598479613,0.876875,0.9209058089924516,0,0.0,1403,0,0,0.095625
quality_spherical_n1600_g8_d4_noise0_s2,size,spherical,1600,8,4,0,2026092802,2,5,50,1,hgp_weighted_full_vote,facet_mass_before_vote,quality_spherical_n1600_g8_d4_noise0,200,200,0,0,False,"{""1"":200,""2"":200,""3"":200,""4"":200,""5"":200,""6"":200,""7"":200,""8"":200}",37993d5111e888040fec80ed8031e63f05c80bf0931c8580e9239955f77732f6,1932.4556660067174,0.1770430205606548,0.5016264364331251,0.1770430205606548,0.17707917221495703,0.17787618119787693,0.99,3,16,,,,0.26842760521147435,0.371875,0.28360659495512847,0.37563131313131315,0.371875,0.37374371859296485,0,0.0,595,-5,5,0.01
quality_spherical_n1600_g8_d4_noise0_s2,size,spherical,1600,8,4,0,2026092802,2,5,50,2,hdbscan_common,point_cardinality,quality_spherical_n1600_g8_d4_noise0,200,200,0,0,True,"{""1"":200,""2"":200,""3"":200,""4"":200,""5"":200,""6"":200,""7"":200,""8"":200}",a0a9bcd3afbe6bf39a86e7d6c780f4dcb516bf6a51c761379b14ca8e0779d1f1,34.875565994298086,0.4214326616369682,0.6704105958631181,0.4214326616369682,0.5914282500360551,0.9610039486816354,0.680625,8,511,,,,0.979837454603314,0.6675,0.7876149880452512,0.9807162534435262,0.6675,0.7943473410189662,0,0.0,1068,0,0,0.319375
quality_spherical_n1600_g8_d4_noise0_s2,size,spherical,1600,8,4,0,2026092802,2,5,50,2,hgp_exclusive_point_routing,point_cardinality,quality_spherical_n1600_g8_d4_noise0,200,200,0,0,True,"{""1"":200,""2"":200,""3"":200,""4"":200,""5"":200,""6"":200,""7"":200,""8"":200}",b3300b7e10364f1d8705a279f79be590964b4b4aaae2d6d163c35872bc220c46,49.73285699816188,0.8321814650877285,0.8434971052769609,0.8321814650877285,0.8501140849092268,0.9391493809080769,0.918125,8,131,,,,0.9715989044878358,0.8925,0.9295934639990956,0.9720898570456092,0.8925,0.9305962854349951,0,0.0,1428,0,0,0.081875
quality_spherical_n1600_g8_d4_noise0_s2,size,spherical,1600,8,4,0,2026092802,2,5,50,2,hgp_first_coverage,point_cardinality,quality_spherical_n1600_g8_d4_noise0,200,200,0,0,True,"{""1"":200,""2"":200,""3"":200,""4"":200,""5"":200,""6"":200,""7"":200,""8"":200}",4f66765eb8fdcafc96fd9eec7bab78942cdaf54d2a53e28f89272f09695d2a62,27.504843004862778,0.8060406967395897,0.8255399452363219,0.8060406967395897,0.8302798238321208,0.9340531624784778,0.904375,8,153,,,,0.968953158976838,0.876875,0.919672884775116,0.9695922598479613,0.876875,0.9209058089924516,0,0.0,1403,0,0,0.095625
quality_spherical_n1600_g8_d4_noise0_s2,size,spherical,1600,8,4,0,2026092802,2,5,50,2,hgp_weighted_full_vote,facet_mass_before_vote,quality_spherical_n1600_g8_d4_noise0,200,200,0,0,False,"{""1"":200,""2"":200,""3"":200,""4"":200,""5"":200,""6"":200,""7"":200,""8"":200}",cdf7beee031aedc969e7aca798ff93627e20c6ec2883dfaa270c4a31322dd999,1934.769330000563,0.8309077278129978,0.8387301540714176,0.8309077278129978,0.8468867140621,0.9302991183701783,0.9225,8,124,,,,0.9678653156254221,0.893125,0.9281098668555573,0.9681571815718157,0.893125,0.9291287386215865,0,0.0,1429,0,0,0.0775
quality_spherical_n400_g8_d4_noise0_s1,size,spherical,400,8,4,0,2026092801,1,5,20,1,hdbscan_common,point_cardinality,quality_spherical_n400_g8_d4_noise0,50,50,0,0,True,"{""1"":50,""2"":50,""3"":50,""4"":50,""5"":50,""6"":50,""7"":50,""8"":50}",b1cc3ba798e703609fe393b81277e3e6335937f199012e242fb92549f4d640e7,16.66252699942561,0.4947476358664692,0.6875226487413509,0.4947476358664692,0.5349104303714795,0.6359951526720742,0.8275,6,69,,,,0.6564820253759398,0.6125,0.6109303688040529,0.7401812688821753,0.6125,0.6703146374829001,0,0.0,245,-2,2,0.1725
quality_spherical_n400_g8_d4_noise0_s1,size,spherical,400,8,4,0,2026092801,1,5,20,1,hdbscan_standard,point_cardinality,quality_spherical_n400_g8_d4_noise0,50,50,0,0,True,"{""1"":50,""2"":50,""3"":50,""4"":50,""5"":50,""6"":50,""7"":50,""8"":50}",596382b5cf17905fc79a3b0bcceef3db05efedccc7ca3b64a4bb454a86518f66,0.0,0.4995434769572,0.6911647008304809,0.4995434769572,0.5381719068688161,0.6377742907451246,0.83,6,68,,,,0.6564820253759398,0.615,0.612272722755943,0.7409638554216867,0.615,0.6721311475409836,0,0.0,246,-2,2,0.17
quality_spherical_n400_g8_d4_noise0_s1,size,spherical,400,8,4,0,2026092801,1,5,20,1,hgp_exclusive_point_routing,point_cardinality,quality_spherical_n400_g8_d4_noise0,50,50,0,0,True,"{""1"":50,""2"":50,""3"":50,""4"":50,""5"":50,""6"":50,""7"":50,""8"":50}",212d5781d2ec1f71a99464046f59c35cdd04dd808536ebde00e41189647f01eb,20.573520003381418,0.16716574119836033,0.5028905768685704,0.16716574119836033,0.16716574119836033,0.16716574119836033,1.0,3,0,,,,0.2706953642384106,0.37,0.28296034322820035,0.37,0.37,0.37,1,0.125,148,-5,5,0.0
quality_spherical_n400_g8_d4_noise0_s1,size,spherical,400,8,4,0,2026092801,1,5,20,1,hgp_first_coverage,point_cardinality,quality_spherical_n400_g8_d4_noise0,50,50,0,0,True,"{""1"":50,""2"":50,""3"":50,""4"":50,""5"":50,""6"":50,""7"":50,""8"":50}",36e00177ea58208ad4fc750903efee16260d6f037e5af4c208517c44d48eb516,12.899702000140678,0.16707915705224113,0.49660324352184226,0.16707915705224113,0.16707915705224113,0.16707915705224113,1.0,3,0,,,,0.26821309919316566,0.37,0.28182465682465685,0.37,0.37,0.37,1,0.125,148,-5,5,0.0
quality_spherical_n400_g8_d4_noise0_s1,size,spherical,400,8,4,0,2026092801,1,5,20,1,hgp_weighted_full_vote,facet_mass_before_vote,quality_spherical_n400_g8_d4_noise0,50,50,0,0,False,"{""1"":50,""2"":50,""3"":50,""4"":50,""5"":50,""6"":50,""7"":50,""8"":50}",3efec9ac2efc76b4718b3316872e69acd22adad9ea93a9be4b7cdf8aece2ac99,500.83003300096607,0.16716574119836033,0.5028905768685704,0.16716574119836033,0.16716574119836033,0.16716574119836033,1.0,3,0,,,,0.2706953642384106,0.37,0.28296034322820035,0.37,0.37,0.37,1,0.125,148,-5,5,0.0
quality_spherical_n400_g8_d4_noise0_s1,size,spherical,400,8,4,0,2026092801,1,5,20,2,hdbscan_common,point_cardinality,quality_spherical_n400_g8_d4_noise0,50,50,0,0,True,"{""1"":50,""2"":50,""3"":50,""4"":50,""5"":50,""6"":50,""7"":50,""8"":50}",2d410c9c572f5c8af39539528a3a141b3bacadaabe3983d55ba38a303cce0812,9.59879700167221,0.4947476358664692,0.6875226487413509,0.4947476358664692,0.5349104303714795,0.6359951526720742,0.8275,6,69,,,,0.6564820253759398,0.6125,0.6109303688040529,0.7401812688821753,0.6125,0.6703146374829001,0,0.0,245,-2,2,0.1725
quality_spherical_n400_g8_d4_noise0_s1,size,spherical,400,8,4,0,2026092801,1,5,20,2,hgp_exclusive_point_routing,point_cardinality,quality_spherical_n400_g8_d4_noise0,50,50,0,0,True,"{""1"":50,""2"":50,""3"":50,""4"":50,""5"":50,""6"":50,""7"":50,""8"":50}",7df427a544ad033869513490932050fc115c036886ac15f20c34932c50fcfab5,10.852383999008453,0.7598440986607162,0.8095844618021603,0.7598440986607162,0.7902120556302952,0.9148584289754724,0.88,8,48,,,,0.9592378851175191,0.845,0.8950173524613483,0.9602272727272727,0.845,0.898936170212766,1,0.125,338,0,0,0.12
quality_spherical_n400_g8_d4_noise0_s1,size,spherical,400,8,4,0,2026092801,1,5,20,2,hgp_first_coverage,point_cardinality,quality_spherical_n400_g8_d4_noise0,50,50,0,0,True,"{""1"":50,""2"":50,""3"":50,""4"":50,""5"":50,""6"":50,""7"":50,""8"":50}",a5cf5ca36007b8776bf32f38851d683eaef60a9fa81255abac1022afb3b1466f,13.423898999462835,0.7614066242361386,0.8130686823358078,0.7614066242361386,0.7918674437495564,0.9189739252864083,0.8775,8,49,,,,0.9626284040748082,0.845,0.8961561078353434,0.9629629629629629,0.845,0.9001331557922769,1,0.125,338,0,0,0.1225
quality_spherical_n400_g8_d4_noise0_s1,size,spherical,400,8,4,0,2026092801,1,5,20,2,hgp_weighted_full_vote,facet_mass_before_vote,quality_spherical_n400_g8_d4_noise0,50,50,0,0,False,"{""1"":50,""2"":50,""3"":50,""4"":50,""5"":50,""6"":50,""7"":50,""8"":50}",51121dcd8ec5e2f93a005b30fbb57c90d4a0a63f852be0ecaf42c34681c24c87,324.1412949973892,0.16716574119836033,0.5028905768685704,0.16716574119836033,0.16716574119836033,0.16716574119836033,1.0,3,0,,,,0.2706953642384106,0.37,0.28296034322820035,0.37,0.37,0.37,1,0.125,148,-5,5,0.0
quality_spherical_n400_g8_d4_noise0_s1,size,spherical,400,8,4,0,2026092801,1,5,50,1,hdbscan_common,point_cardinality,quality_spherical_n400_g8_d4_noise0,50,50,0,0,True,"{""1"":50,""2"":50,""3"":50,""4"":50,""5"":50,""6"":50,""7"":50,""8"":50}",a57e90f1597262dd3f6d5bbe7af821b611eade2d7642bc4e71169faf3897cadd,7.95666500198422,0.27819852997175365,0.4543540321451399,0.27819852997175365,0.2559818812218445,0.2585216060859494,0.64,2,144,,,,0.09654492280486976,0.22499999999999998,0.1321201213212012,0.3515625,0.225,0.27439024390243905,0,0.0,90,-6,6,0.36
quality_spherical_n400_g8_d4_noise0_s1,size,spherical,400,8,4,0,2026092801,1,5,50,1,hdbscan_standard,point_cardinality,quality_spherical_n400_g8_d4_noise0,50,50,0,0,True,"{""1"":50,""2"":50,""3"":50,""4"":50,""5"":50,""6"":50,""7"":50,""8"":50}",321ca7ba292c1745521b25558274e77c5e1482d440d0fecda678f1ebf7aadbe8,0.0,0.27819852997175365,0.4543540321451399,0.27819852997175365,0.2559818812218445,0.2585216060859494,0.64,2,144,,,,0.09654492280486976,0.22499999999999998,0.1321201213212012,0.3515625,0.225,0.27439024390243905,0,0.0,90,-6,6,0.36
quality_spherical_n400_g8_d4_noise0_s1,size,spherical,400,8,4,0,2026092801,1,5,50,1,hgp_exclusive_point_routing,point_cardinality,quality_spherical_n400_g8_d4_noise0,50,50,0,0,True,"{""1"":50,""2"":50,""3"":50,""4"":50,""5"":50,""6"":50,""7"":50,""8"":50}",39c98e38838a4d7a4bd68c867a0974b0cb2952b84c00d9960fb349226b4e8394,12.798842999472981,0.07567567567567568,0.3067896474933547,0.07567567567567568,0.07567567567567568,0.07567567567567568,1.0,2,0,,,,0.14285714285714285,0.25,0.15625,0.25,0.25,0.25,1,0.125,100,-6,6,0.0
quality_spherical_n400_g8_d4_noise0_s1,size,spherical,400,8,4,0,2026092801,1,5,50,1,hgp_first_coverage,point_cardinality,quality_spherical_n400_g8_d4_noise0,50,50,0,0,True,"{""1"":50,""2"":50,""3"":50,""4"":50,""5"":50,""6"":50,""7"":50,""8"":50}",cabf59e2b1c00782759ca516740b546b7cef529c393e975a42dda7dc28a62513,9.317292002378963,0.07567567567567568,0.3067896474933547,0.07567567567567568,0.07567567567567568,0.07567567567567568,1.0,2,0,,,,0.14285714285714285,0.25,0.15625,0.25,0.25,0.25,1,0.125,100,-6,6,0.0
quality_spherical_n400_g8_d4_noise0_s1,size,spherical,400,8,4,0,2026092801,1,5,50,1,hgp_weighted_full_vote,facet_mass_before_vote,quality_spherical_n400_g8_d4_noise0,50,50,0,0,False,"{""1"":50,""2"":50,""3"":50,""4"":50,""5"":50,""6"":50,""7"":50,""8"":50}",f7abefa1601f4d34ff683a8ec37d123c0b7e14beb3c3d06e3a69a1d9f0c1f1de,307.33303599845385,0.4054604951465938,0.6364554307250043,0.4054604951465938,0.3310615861449077,0.31632854418336986,0.74,2,104,,,,0.0844633155275533,0.25,0.12626584700150498,0.33783783783783783,0.25,0.28735632183908044,0,0.0,100,-6,6,0.26
quality_spherical_n400_g8_d4_noise0_s1,size,spherical,400,8,4,0,2026092801,1,5,50,2,hdbscan_common,point_cardinality,quality_spherical_n400_g8_d4_noise0,50,50,0,0,True,"{""1"":50,""2"":50,""3"":50,""4"":50,""5"":50,""6"":50,""7"":50,""8"":50}",2b2c6b55f280f897d9412d48022ba6621f1728fe52d150a3e6bbbb1671b614e8,10.016356001870008,0.27819852997175365,0.4543540321451399,0.27819852997175365,0.2559818812218445,0.2585216060859494,0.64,2,144,,,,0.09654492280486976,0.22499999999999998,0.1321201213212012,0.3515625,0.225,0.27439024390243905,0,0.0,90,-6,6,0.36
quality_spherical_n400_g8_d4_noise0_s1,size,spherical,400,8,4,0,2026092801,1,5,50,2,hgp_exclusive_point_routing,point_cardinality,quality_spherical_n400_g8_d4_noise0,50,50,0,0,True,"{""1"":50,""2"":50,""3"":50,""4"":50,""5"":50,""6"":50,""7"":50,""8"":50}",f5e24e675e1568322bb67252ad9dd0d7e9bdff71a86b30f33aa14d1274cfc973,10.764290000224719,0.07567567567567568,0.3067896474933547,0.07567567567567568,0.07567567567567568,0.07567567567567568,1.0,2,0,,,,0.14285714285714285,0.25,0.15625,0.25,0.25,0.25,1,0.125,100,-6,6,0.0
quality_spherical_n400_g8_d4_noise0_s1,size,spherical,400,8,4,0,2026092801,1,5,50,2,hgp_first_coverage,point_cardinality,quality_spherical_n400_g8_d4_noise0,50,50,0,0,True,"{""1"":50,""2"":50,""3"":50,""4"":50,""5"":50,""6"":50,""7"":50,""8"":50}",66e30037351576aeacea4b92388aee00486775cca1f6f34894d7350b922fde77,6.944809003471164,0.07567567567567568,0.3067896474933547,0.07567567567567568,0.07567567567567568,0.07567567567567568,1.0,2,0,,,,0.14285714285714285,0.25,0.15625,0.25,0.25,0.25,1,0.125,100,-6,6,0.0
quality_spherical_n400_g8_d4_noise0_s1,size,spherical,400,8,4,0,2026092801,1,5,50,2,hgp_weighted_full_vote,facet_mass_before_vote,quality_spherical_n400_g8_d4_noise0,50,50,0,0,False,"{""1"":50,""2"":50,""3"":50,""4"":50,""5"":50,""6"":50,""7"":50,""8"":50}",556a79beb03f52a00080226c2b8bc631233673a8fb5e3c295197858ef61e749b,327.599022002687,0.4054604951465938,0.6364554307250043,0.4054604951465938,0.3310615861449077,0.31632854418336986,0.74,2,104,,,,0.0844633155275533,0.25,0.12626584700150498,0.33783783783783783,0.25,0.28735632183908044,0,0.0,100,-6,6,0.26
quality_spherical_n400_g8_d4_noise0_s2,size,spherical,400,8,4,0,2026092802,2,5,20,1,hdbscan_common,point_cardinality,quality_spherical_n400_g8_d4_noise0,50,50,0,0,True,"{""1"":50,""2"":50,""3"":50,""4"":50,""5"":50,""6"":50,""7"":50,""8"":50}",50c443f6d4be2702465aef0b9468cbc0971ee9766232d48c1cdf837df31a3f3c,8.419368001341354,0.1643598682382349,0.4548375916768306,0.1643598682382349,0.16573408077823723,0.1715827638567343,0.9275,3,29,,,,0.27232142857142855,0.35250000000000004,0.2760915071770335,0.38005390835579517,0.3525,0.3657587548638132,0,0.0,141,-5,5,0.0725
quality_spherical_n400_g8_d4_noise0_s2,size,spherical,400,8,4,0,2026092802,2,5,20,1,hdbscan_standard,point_cardinality,quality_spherical_n400_g8_d4_noise0,50,50,0,0,True,"{""1"":50,""2"":50,""3"":50,""4"":50,""5"":50,""6"":50,""7"":50,""8"":50}",dd08468ea7e575ff5ebe6175089649916afa60a2b67e083e9c9ff200e5568f5f,0.0,0.16165326507875089,0.44377239437310806,0.16165326507875089,0.1627988697135382,0.16810103520882613,0.9325,3,27,,,,0.26952460157821445,0.35250000000000004,0.27474351711983885,0.3780160857908847,0.3525,0.3648124191461837,0,0.0,141,-5,5,0.0675
quality_spherical_n400_g8_d4_noise0_s2,size,spherical,400,8,4,0,2026092802,2,5,20,1,hgp_exclusive_point_routing,point_cardinality,quality_spherical_n400_g8_d4_noise0,50,50,0,0,True,"{""1"":50,""2"":50,""3"":50,""4"":50,""5"":50,""6"":50,""7"":50,""8"":50}",a9b10f444c94c5a4f86177d02ab4cb44318c68d76b24644638736452dd4a83c6,33.25654699438019,0.8492415026681982,0.8607951671415707,0.8492415026681982,0.8593106112637363,0.9234742521660194,0.94,8,24,,,,0.9659737536984911,0.9075,0.9349802530294558,0.9654255319148937,0.9075,0.9355670103092784,1,0.125,363,0,0,0.06
quality_spherical_n400_g8_d4_noise0_s2,size,spherical,400,8,4,0,2026092802,2,5,20,1,hgp_first_coverage,point_cardinality,quality_spherical_n400_g8_d4_noise0,50,50,0,0,True,"{""1"":50,""2"":50,""3"":50,""4"":50,""5"":50,""6"":50,""7"":50,""8"":50}",fcfd1f320aed65ce240f61ff5031212c2f278ec4bb0161202804248394ac5437,11.473262005893048,0.8295778612130449,0.8495756534439423,0.8295778612130449,0.8417524627005836,0.9130250843434452,0.9325,8,27,,,,0.9600510902141337,0.895,0.9252183957898364,0.9597855227882037,0.895,0.926261319534282,2,0.25,358,0,0,0.0675
quality_spherical_n400_g8_d4_noise0_s2,size,spherical,400,8,4,0,2026092802,2,5,20,1,hgp_weighted_full_vote,facet_mass_before_vote,quality_spherical_n400_g8_d4_noise0,50,50,0,0,False,"{""1"":50,""2"":50,""3"":50,""4"":50,""5"":50,""6"":50,""7"":50,""8"":50}",68f0f787f94297072c45dc31647cf68cf055f849031f7e4f3e65d98f12abc332,477.8963830030989,0.17542072505425493,0.5162715812422061,0.17542072505425493,0.17542072505425493,0.17542072505425493,1.0,3,0,,,,0.26845202964128795,0.375,0.28457899514879853,0.375,0.375,0.375,1,0.125,150,-5,5,0.0
quality_spherical_n400_g8_d4_noise0_s2,size,spherical,400,8,4,0,2026092802,2,5,20,2,hdbscan_common,point_cardinality,quality_spherical_n400_g8_d4_noise0,50,50,0,0,True,"{""1"":50,""2"":50,""3"":50,""4"":50,""5"":50,""6"":50,""7"":50,""8"":50}",9ebda158639ecf00cff1aa142b3f78074368f70b8dcbcc4fed5a5d305e9e7030,8.388730995648075,0.1643598682382349,0.4548375916768306,0.1643598682382349,0.16573408077823723,0.1715827638567343,0.9275,3,29,,,,0.27232142857142855,0.35250000000000004,0.2760915071770335,0.38005390835579517,0.3525,0.3657587548638132,0,0.0,141,-5,5,0.0725
quality_spherical_n400_g8_d4_noise0_s2,size,spherical,400,8,4,0,2026092802,2,5,20,2,hgp_exclusive_point_routing,point_cardinality,quality_spherical_n400_g8_d4_noise0,50,50,0,0,True,"{""1"":50,""2"":50,""3"":50,""4"":50,""5"":50,""6"":50,""7"":50,""8"":50}",d50cc6a0cde83319600378123c67030e3efe44b95375a89dc1f519804c83fa1d,12.230054002429824,0.8492415026681982,0.8607951671415707,0.8492415026681982,0.8593106112637363,0.9234742521660194,0.94,8,24,,,,0.9659737536984911,0.9075,0.9349802530294558,0.9654255319148937,0.9075,0.9355670103092784,1,0.125,363,0,0,0.06
quality_spherical_n400_g8_d4_noise0_s2,size,spherical,400,8,4,0,2026092802,2,5,20,2,hgp_first_coverage,point_cardinality,quality_spherical_n400_g8_d4_noise0,50,50,0,0,True,"{""1"":50,""2"":50,""3"":50,""4"":50,""5"":50,""6"":50,""7"":50,""8"":50}",cbc4b2ad1d794d78383f8094da1204f8cc27e10e5a96f0fc41e1ecf96a4f9baf,7.225592002214398,0.8295778612130449,0.8495756534439423,0.8295778612130449,0.8417524627005836,0.9130250843434452,0.9325,8,27,,,,0.9600510902141337,0.895,0.9252183957898364,0.9597855227882037,0.895,0.926261319534282,2,0.25,358,0,0,0.0675
quality_spherical_n400_g8_d4_noise0_s2,size,spherical,400,8,4,0,2026092802,2,5,20,2,hgp_weighted_full_vote,facet_mass_before_vote,quality_spherical_n400_g8_d4_noise0,50,50,0,0,False,"{""1"":50,""2"":50,""3"":50,""4"":50,""5"":50,""6"":50,""7"":50,""8"":50}",75e5da515f4ac0c5ef868a23ef6f75f0e0ea994b69c2cdce2b80baf23887ddd9,355.18734099605354,0.17542072505425493,0.5162715812422061,0.17542072505425493,0.17542072505425493,0.17542072505425493,1.0,3,0,,,,0.26845202964128795,0.375,0.28457899514879853,0.375,0.375,0.375,1,0.125,150,-5,5,0.0
quality_spherical_n400_g8_d4_noise0_s2,size,spherical,400,8,4,0,2026092802,2,5,50,1,hdbscan_common,point_cardinality,quality_spherical_n400_g8_d4_noise0,50,50,0,0,True,"{""1"":50,""2"":50,""3"":50,""4"":50,""5"":50,""6"":50,""7"":50,""8"":50}",b4ef612ee1a76411a818f42fb9f1a68ca77fdd2ade5c5639b4f492aefaff0d9a,7.960131995787378,0.0,0.0,0.0,0.0,,0.0,0,400,,,,0.0,0.0,0.0,0.0,0.0,0.0,0,0.0,0,-8,8,1.0
quality_spherical_n400_g8_d4_noise0_s2,size,spherical,400,8,4,0,2026092802,2,5,50,1,hdbscan_standard,point_cardinality,quality_spherical_n400_g8_d4_noise0,50,50,0,0,True,"{""1"":50,""2"":50,""3"":50,""4"":50,""5"":50,""6"":50,""7"":50,""8"":50}",aef8551073787af554c9e70b5b26da05e98f8d2affaa2418072c79af7ba34f27,0.0,0.0,0.0,0.0,0.0,,0.0,0,400,,,,0.0,0.0,0.0,0.0,0.0,0.0,0,0.0,0,-8,8,1.0
quality_spherical_n400_g8_d4_noise0_s2,size,spherical,400,8,4,0,2026092802,2,5,50,1,hgp_exclusive_point_routing,point_cardinality,quality_spherical_n400_g8_d4_noise0,50,50,0,0,True,"{""1"":50,""2"":50,""3"":50,""4"":50,""5"":50,""6"":50,""7"":50,""8"":50}",0519876e7b141981d79e22f42f8e2af9de6653fdf5cf0f9be08e25d9449ef38f,11.240718995395582,0.17119691417550628,0.5052192720538219,0.17119691417550628,0.17119691417550628,0.17119691417550628,1.0,3,0,,,,0.2683333333333333,0.3725,0.2832142857142857,0.3725,0.3725,0.3725,1,0.125,149,-5,5,0.0
quality_spherical_n400_g8_d4_noise0_s2,size,spherical,400,8,4,0,2026092802,2,5,50,1,hgp_first_coverage,point_cardinality,quality_spherical_n400_g8_d4_noise0,50,50,0,0,True,"{""1"":50,""2"":50,""3"":50,""4"":50,""5"":50,""6"":50,""7"":50,""8"":50}",e6cb95ffffb633623f0a8961d87a1921f89c56ca5a125b1cd86f77be9e1cdcc8,7.025418999546673,0.1755062680810029,0.5226325762166164,0.1755062680810029,0.1755062680810029,0.1755062680810029,1.0,3,0,,,,0.2708333333333333,0.375,0.2857142857142857,0.375,0.375,0.375,2,0.25,150,-5,5,0.0
quality_spherical_n400_g8_d4_noise0_s2,size,spherical,400,8,4,0,2026092802,2,5,50,1,hgp_weighted_full_vote,facet_mass_before_vote,quality_spherical_n400_g8_d4_noise0,50,50,0,0,False,"{""1"":50,""2"":50,""3"":50,""4"":50,""5"":50,""6"":50,""7"":50,""8"":50}",833980f234956577d8b78fba4c216cfcbcc716aefce65fc5de4a38e3b3d4044a,340.0108839996392,0.0,0.0,0.0,0.0,,0.0,0,400,,,,0.0,0.0,0.0,0.0,0.0,0.0,0,0.0,0,-8,8,1.0
quality_spherical_n400_g8_d4_noise0_s2,size,spherical,400,8,4,0,2026092802,2,5,50,2,hdbscan_common,point_cardinality,quality_spherical_n400_g8_d4_noise0,50,50,0,0,True,"{""1"":50,""2"":50,""3"":50,""4"":50,""5"":50,""6"":50,""7"":50,""8"":50}",ad05c2dc1b5c4da15ac9fc317fcb70001e19f1458a5d3130858e6316c6ed6a16,7.981121001648717,0.0,0.0,0.0,0.0,,0.0,0,400,,,,0.0,0.0,0.0,0.0,0.0,0.0,0,0.0,0,-8,8,1.0
quality_spherical_n400_g8_d4_noise0_s2,size,spherical,400,8,4,0,2026092802,2,5,50,2,hgp_exclusive_point_routing,point_cardinality,quality_spherical_n400_g8_d4_noise0,50,50,0,0,True,"{""1"":50,""2"":50,""3"":50,""4"":50,""5"":50,""6"":50,""7"":50,""8"":50}",960890aaf0b02a88dbd05f714eef79b4febf0f859ef4567afcb9ee8be9f7292d,12.775851006153971,0.17119691417550628,0.5052192720538219,0.17119691417550628,0.17119691417550628,0.17119691417550628,1.0,3,0,,,,0.2683333333333333,0.3725,0.2832142857142857,0.3725,0.3725,0.3725,1,0.125,149,-5,5,0.0
quality_spherical_n400_g8_d4_noise0_s2,size,spherical,400,8,4,0,2026092802,2,5,50,2,hgp_first_coverage,point_cardinality,quality_spherical_n400_g8_d4_noise0,50,50,0,0,True,"{""1"":50,""2"":50,""3"":50,""4"":50,""5"":50,""6"":50,""7"":50,""8"":50}",adbf17393125b5dd93d59e9681589c0db27c349b2bf967dbfb040cd6b8eb0a2e,6.882782996399328,0.1755062680810029,0.5226325762166164,0.1755062680810029,0.1755062680810029,0.1755062680810029,1.0,3,0,,,,0.2708333333333333,0.375,0.2857142857142857,0.375,0.375,0.375,2,0.25,150,-5,5,0.0
quality_spherical_n400_g8_d4_noise0_s2,size,spherical,400,8,4,0,2026092802,2,5,50,2,hgp_weighted_full_vote,facet_mass_before_vote,quality_spherical_n400_g8_d4_noise0,50,50,0,0,False,"{""1"":50,""2"":50,""3"":50,""4"":50,""5"":50,""6"":50,""7"":50,""8"":50}",2a5b895de24727f96d9cbc626cbf1cb12e3a8775192449d153ee96da754b4c26,295.5374430021038,0.0,0.0,0.0,0.0,,0.0,0,400,,,,0.0,0.0,0.0,0.0,0.0,0.0,0,0.0,0,-8,8,1.0
quality_spherical_n800_g16_d4_noise0_s1,groups,spherical,800,16,4,0,2026092801,1,5,20,1,hdbscan_common,point_cardinality,quality_spherical_n800_g16_d4_noise0,50,50,0,0,True,"{""1"":50,""10"":50,""11"":50,""12"":50,""13"":50,""14"":50,""15"":50,""16"":50,""2"":50,""3"":50,""4"":50,""5"":50,""6"":50,""7"":50,""8"":50,""9"":50}",457e9cbdb475052e4be7cbf0e6cdff26ff8fb7e30962f54842b7e26f8a919d34,16.219261000514962,0.2824249269776697,0.6448509595773594,0.2824249269776697,0.4916594829603448,0.6976695895060913,0.6975,12,242,,,,0.6561518202276292,0.53,0.5678988019821362,0.7598566308243727,0.53,0.6244477172312224,0,0.0,424,-4,4,0.3025
quality_spherical_n800_g16_d4_noise0_s1,groups,spherical,800,16,4,0,2026092801,1,5,20,1,hdbscan_standard,point_cardinality,quality_spherical_n800_g16_d4_noise0,50,50,0,0,True,"{""1"":50,""10"":50,""11"":50,""12"":50,""13"":50,""14"":50,""15"":50,""16"":50,""2"":50,""3"":50,""4"":50,""5"":50,""6"":50,""7"":50,""8"":50,""9"":50}",3955b2feaf9791ac8d159feaf5515606aaa2e023c0ba30fd118a3da19bf89865,0.0,0.287538518581577,0.6451318102177301,0.287538518581577,0.49253484911873413,0.6934150389824745,0.7025,12,238,,,,0.6543759329859401,0.5325,0.5687585878567896,0.7580071174377224,0.5325,0.6255506607929515,0,0.0,426,-4,4,0.2975
quality_spherical_n800_g16_d4_noise0_s1,groups,spherical,800,16,4,0,2026092801,1,5,20,1,hgp_exclusive_point_routing,point_cardinality,quality_spherical_n800_g16_d4_noise0,50,50,0,0,True,"{""1"":50,""10"":50,""11"":50,""12"":50,""13"":50,""14"":50,""15"":50,""16"":50,""2"":50,""3"":50,""4"":50,""5"":50,""6"":50,""7"":50,""8"":50,""9"":50}",b9a8f7d36e44a41889de388c7904ca5555da6a2815ccf029974e807a52c1b24c,29.386811998847406,0.718308026237791,0.8385837545424695,0.718308026237791,0.7474014539034394,0.8107315579109868,0.9225,15,62,,,,0.8440928369352491,0.79875,0.8087331015500143,0.8658536585365854,0.79875,0.8309492847854356,1,0.0625,639,-1,1,0.0775
quality_spherical_n800_g16_d4_noise0_s1,groups,spherical,800,16,4,0,2026092801,1,5,20,1,hgp_first_coverage,point_cardinality,quality_spherical_n800_g16_d4_noise0,50,50,0,0,True,"{""1"":50,""10"":50,""11"":50,""12"":50,""13"":50,""14"":50,""15"":50,""16"":50,""2"":50,""3"":50,""4"":50,""5"":50,""6"":50,""7"":50,""8"":50,""9"":50}",ce4369af135d32657a91dac4d208555e4233bc9c7e11d7cd97c375abc0474bae,18.457124002452474,0.7047267489905679,0.8319274275013776,0.7047267489905679,0.7388592748663276,0.8072387688998183,0.91625,15,67,,,,0.8422236386520063,0.79,0.8018491066292514,0.8622100954979536,0.79,0.8245270711024135,1,0.0625,632,-1,1,0.08375
quality_spherical_n800_g16_d4_noise0_s1,groups,spherical,800,16,4,0,2026092801,1,5,20,1,hgp_weighted_full_vote,facet_mass_before_vote,quality_spherical_n800_g16_d4_noise0,50,50,0,0,False,"{""1"":50,""10"":50,""11"":50,""12"":50,""13"":50,""14"":50,""15"":50,""16"":50,""2"":50,""3"":50,""4"":50,""5"":50,""6"":50,""7"":50,""8"":50,""9"":50}",7e1db39c94fb0146c21cc780344495e0960468e41173fe14b0a7e7cae5b6ce31,670.4407840006752,0.3464056521202848,0.7389668866359851,0.3464056521202848,0.3470652119002289,0.3521374368546219,0.97,9,24,,,,0.4642619093193588,0.54875,0.4825706727184889,0.5657216494845361,0.54875,0.5571065989847716,0,0.0,439,-7,7,0.03
quality_spherical_n800_g16_d4_noise0_s1,groups,spherical,800,16,4,0,2026092801,1,5,20,2,hdbscan_common,point_cardinality,quality_spherical_n800_g16_d4_noise0,50,50,0,0,True,"{""1"":50,""10"":50,""11"":50,""12"":50,""13"":50,""14"":50,""15"":50,""16"":50,""2"":50,""3"":50,""4"":50,""5"":50,""6"":50,""7"":50,""8"":50,""9"":50}",a912a8efb7ecd6ce9c7ef945784c6244f91444d942eb9b87e9dc61c7d311ba35,16.201096997974673,0.28023114004031535,0.6678804702111695,0.28023114004031535,0.5370781721298176,0.8188926818492601,0.68125,14,255,,,,0.8151241591632035,0.59375,0.6750169190800919,0.8715596330275229,0.59375,0.7063197026022305,0,0.0,475,-2,2,0.31875
quality_spherical_n800_g16_d4_noise0_s1,groups,spherical,800,16,4,0,2026092801,1,5,20,2,hgp_exclusive_point_routing,point_cardinality,quality_spherical_n800_g16_d4_noise0,50,50,0,0,True,"{""1"":50,""10"":50,""11"":50,""12"":50,""13"":50,""14"":50,""15"":50,""16"":50,""2"":50,""3"":50,""4"":50,""5"":50,""6"":50,""7"":50,""8"":50,""9"":50}",7fe3700e0ce10d22d3ebcd1af247f8b68cdf20724b75a7f971fba31e0aca995d,21.993196998664644,0.7180549063266186,0.8393109714574076,0.7180549063266186,0.7470908595437297,0.8102857511825139,0.9225,15,62,,,,0.843997589425015,0.7975,0.8076659611372328,0.8644986449864499,0.7975,0.8296488946684005,1,0.0625,638,-1,1,0.0775
quality_spherical_n800_g16_d4_noise0_s1,groups,spherical,800,16,4,0,2026092801,1,5,20,2,hgp_first_coverage,point_cardinality,quality_spherical_n800_g16_d4_noise0,50,50,0,0,True,"{""1"":50,""10"":50,""11"":50,""12"":50,""13"":50,""14"":50,""15"":50,""16"":50,""2"":50,""3"":50,""4"":50,""5"":50,""6"":50,""7"":50,""8"":50,""9"":50}",e719b08986c76399008c73aacb2f49ebeaf42a1d32bfb3633a86e38552b25e00,14.338293996843277,0.7047267489905679,0.8319274275013776,0.7047267489905679,0.7388592748663276,0.8072387688998183,0.91625,15,67,,,,0.8422236386520063,0.79,0.8018491066292514,0.8622100954979536,0.79,0.8245270711024135,1,0.0625,632,-1,1,0.08375
quality_spherical_n800_g16_d4_noise0_s1,groups,spherical,800,16,4,0,2026092801,1,5,20,2,hgp_weighted_full_vote,facet_mass_before_vote,quality_spherical_n800_g16_d4_noise0,50,50,0,0,False,"{""1"":50,""10"":50,""11"":50,""12"":50,""13"":50,""14"":50,""15"":50,""16"":50,""2"":50,""3"":50,""4"":50,""5"":50,""6"":50,""7"":50,""8"":50,""9"":50}",696c6a29a051194d97d84ab0f9a79950608bbb71f4ac44684fcafb6bc980f8f8,682.0543480062042,0.6621908197164865,0.8340813123048311,0.6621908197164865,0.6699780094000588,0.6983289519302568,0.95125,12,39,,,,0.6295317060678454,0.7025,0.6461737171068828,0.7385019710906702,0.7025,0.7200512491992312,0,0.0,562,-4,4,0.04875
quality_spherical_n800_g16_d4_noise0_s1,groups,spherical,800,16,4,0,2026092801,1,5,50,1,hdbscan_common,point_cardinality,quality_spherical_n800_g16_d4_noise0,50,50,0,0,True,"{""1"":50,""10"":50,""11"":50,""12"":50,""13"":50,""14"":50,""15"":50,""16"":50,""2"":50,""3"":50,""4"":50,""5"":50,""6"":50,""7"":50,""8"":50,""9"":50}",73b05dc51b0b8b783e04bea8d002d9cf7bd7c23460b9f60d0d9a2972b4a0a231,15.687709998019272,0.08690524354909641,0.31161643293721364,0.08690524354909641,0.14893219481028216,0.12480799424728169,0.415,2,468,,,,0.04470651897122485,0.10375000000000001,0.05871627726862011,0.25,0.10375,0.14664310954063603,0,0.0,83,-14,14,0.585
quality_spherical_n800_g16_d4_noise0_s1,groups,spherical,800,16,4,0,2026092801,1,5,50,1,hdbscan_standard,point_cardinality,quality_spherical_n800_g16_d4_noise0,50,50,0,0,True,"{""1"":50,""10"":50,""11"":50,""12"":50,""13"":50,""14"":50,""15"":50,""16"":50,""2"":50,""3"":50,""4"":50,""5"":50,""6"":50,""7"":50,""8"":50,""9"":50}",a259ed2315f3b12d72ccdbd0aeee6d519725ef6669e71cef99fec9a99b7ae122,0.0,0.08749434204684288,0.3126207759056926,0.08749434204684288,0.14903856079027664,0.12437276110153955,0.41625,2,467,,,,0.0446682224025974,0.10375000000000001,0.05866270392671505,0.24924924924924924,0.10375,0.14651368049426303,0,0.0,83,-14,14,0.58375
quality_spherical_n800_g16_d4_noise0_s1,groups,spherical,800,16,4,0,2026092801,1,5,50,1,hgp_exclusive_point_routing,point_cardinality,quality_spherical_n800_g16_d4_noise0,50,50,0,0,True,"{""1"":50,""10"":50,""11"":50,""12"":50,""13"":50,""14"":50,""15"":50,""16"":50,""2"":50,""3"":50,""4"":50,""5"":50,""6"":50,""7"":50,""8"":50,""9"":50}",62c695dfda10116ae935116dc7c8de64702305c5436ec3b0c8068423d9d554ac,21.865949001949048,0.01725813877396922,0.15798603952418083,0.01725813877396922,0.017258657215985396,0.017265423450201565,0.9975,2,2,,,,0.06667780748663102,0.125,0.07033208020050125,0.12531328320802004,0.125,0.1251564455569462,1,0.0625,100,-14,14,0.0025
quality_spherical_n800_g16_d4_noise0_s1,groups,spherical,800,16,4,0,2026092801,1,5,50,1,hgp_first_coverage,point_cardinality,quality_spherical_n800_g16_d4_noise0,50,50,0,0,True,"{""1"":50,""10"":50,""11"":50,""12"":50,""13"":50,""14"":50,""15"":50,""16"":50,""2"":50,""3"":50,""4"":50,""5"":50,""6"":50,""7"":50,""8"":50,""9"":50}",61bfd2549ba3791cfa81245f9dbba3441d934f4756099ad9b94bfc1088e76412,13.822401997458655,0.01725813877396922,0.15798603952418083,0.01725813877396922,0.017258657215985396,0.017265423450201565,0.9975,2,2,,,,0.06667780748663102,0.125,0.07033208020050125,0.12531328320802004,0.125,0.1251564455569462,1,0.0625,100,-14,14,0.0025
quality_spherical_n800_g16_d4_noise0_s1,groups,spherical,800,16,4,0,2026092801,1,5,50,1,hgp_weighted_full_vote,facet_mass_before_vote,quality_spherical_n800_g16_d4_noise0,50,50,0,0,False,"{""1"":50,""10"":50,""11"":50,""12"":50,""13"":50,""14"":50,""15"":50,""16"":50,""2"":50,""3"":50,""4"":50,""5"":50,""6"":50,""7"":50,""8"":50,""9"":50}",ee38ddce53c02acb2dd145b387c3792d00d5ec88251005ca7262c6a4e41f42c2,684.7444449995237,0.15072410470999922,0.4325686562919408,0.15072410470999922,0.13965618818123665,0.0936348893205815,0.59625,2,323,,,,0.03975957564067236,0.1225,0.05584690293742018,0.20545073375262055,0.1225,0.1534847298355521,0,0.0,98,-14,14,0.40375
quality_spherical_n800_g16_d4_noise0_s1,groups,spherical,800,16,4,0,2026092801,1,5,50,2,hdbscan_common,point_cardinality,quality_spherical_n800_g16_d4_noise0,50,50,0,0,True,"{""1"":50,""10"":50,""11"":50,""12"":50,""13"":50,""14"":50,""15"":50,""16"":50,""2"":50,""3"":50,""4"":50,""5"":50,""6"":50,""7"":50,""8"":50,""9"":50}",891b4ccb7c50ae086b21ce6dc80f164ee724e2a69c1570913379dd1561ed1af2,15.501261997997062,0.07993773896970954,0.366010576560028,0.07993773896970954,0.24527978474409998,0.42321365282929824,0.34375,3,525,,,,0.08104315039798911,0.145,0.10356240153039747,0.4218181818181818,0.145,0.2158139534883721,0,0.0,116,-13,13,0.65625
quality_spherical_n800_g16_d4_noise0_s1,groups,spherical,800,16,4,0,2026092801,1,5,50,2,hgp_exclusive_point_routing,point_cardinality,quality_spherical_n800_g16_d4_noise0,50,50,0,0,True,"{""1"":50,""10"":50,""11"":50,""12"":50,""13"":50,""14"":50,""15"":50,""16"":50,""2"":50,""3"":50,""4"":50,""5"":50,""6"":50,""7"":50,""8"":50,""9"":50}",3e8f49001d54d4870d34e2fcf924aa7d4f555996e100b8d42b4707d1fce28830,25.17763400101103,0.01725813877396922,0.15798603952418083,0.01725813877396922,0.017258657215985396,0.017265423450201565,0.9975,2,2,,,,0.06667780748663102,0.125,0.07033208020050125,0.12531328320802004,0.125,0.1251564455569462,1,0.0625,100,-14,14,0.0025
quality_spherical_n800_g16_d4_noise0_s1,groups,spherical,800,16,4,0,2026092801,1,5,50,2,hgp_first_coverage,point_cardinality,quality_spherical_n800_g16_d4_noise0,50,50,0,0,True,"{""1"":50,""10"":50,""11"":50,""12"":50,""13"":50,""14"":50,""15"":50,""16"":50,""2"":50,""3"":50,""4"":50,""5"":50,""6"":50,""7"":50,""8"":50,""9"":50}",08e1cc9662e87bfa225d538f9ffa4c8d2b0ab96a0c26bd48a8795186ddcf2a8a,13.918269996793242,0.01725813877396922,0.15798603952418083,0.01725813877396922,0.017258657215985396,0.017265423450201565,0.9975,2,2,,,,0.06667780748663102,0.125,0.07033208020050125,0.12531328320802004,0.125,0.1251564455569462,1,0.0625,100,-14,14,0.0025
quality_spherical_n800_g16_d4_noise0_s1,groups,spherical,800,16,4,0,2026092801,1,5,50,2,hgp_weighted_full_vote,facet_mass_before_vote,quality_spherical_n800_g16_d4_noise0,50,50,0,0,False,"{""1"":50,""10"":50,""11"":50,""12"":50,""13"":50,""14"":50,""15"":50,""16"":50,""2"":50,""3"":50,""4"":50,""5"":50,""6"":50,""7"":50,""8"":50,""9"":50}",e2ab642a1bd26907e8fd36da45471f780a650211dee45e149892626c89b6d50b,704.5198549967608,0.15072410470999922,0.4325686562919408,0.15072410470999922,0.13965618818123665,0.0936348893205815,0.59625,2,323,,,,0.03975957564067236,0.1225,0.05584690293742018,0.20545073375262055,0.1225,0.1534847298355521,0,0.0,98,-14,14,0.40375
quality_spherical_n800_g16_d4_noise0_s2,groups,spherical,800,16,4,0,2026092802,2,5,20,1,hdbscan_common,point_cardinality,quality_spherical_n800_g16_d4_noise0,50,50,0,0,True,"{""1"":50,""10"":50,""11"":50,""12"":50,""13"":50,""14"":50,""15"":50,""16"":50,""2"":50,""3"":50,""4"":50,""5"":50,""6"":50,""7"":50,""8"":50,""9"":50}",1de18dd743f1fd9b1767d1a3e6ef1323b574d354debbcc2f926e99ea280f972d,19.937162993301172,0.11139364735162773,0.45339627989529496,0.11139364735162773,0.11792810593597565,0.12390322047800045,0.83875,6,129,,,,0.31749138640337343,0.31875,0.29404274691746085,0.38002980625931443,0.31875,0.3467029231815092,0,0.0,255,-10,10,0.16125
quality_spherical_n800_g16_d4_noise0_s2,groups,spherical,800,16,4,0,2026092802,2,5,20,1,hdbscan_standard,point_cardinality,quality_spherical_n800_g16_d4_noise0,50,50,0,0,True,"{""1"":50,""10"":50,""11"":50,""12"":50,""13"":50,""14"":50,""15"":50,""16"":50,""2"":50,""3"":50,""4"":50,""5"":50,""6"":50,""7"":50,""8"":50,""9"":50}",f0683b547dbcb68bd78ee52655c9cddbd8f30c5161fe0868ff3c074a767ecc0d,0.0,0.11161293648168678,0.4520619093267118,0.11161293648168678,0.11776221545286832,0.12353996539112666,0.84125,6,127,,,,0.3146445955131043,0.31875,0.2928138110221205,0.3789004457652303,0.31875,0.34623217922606925,0,0.0,255,-10,10,0.15875
quality_spherical_n800_g16_d4_noise0_s2,groups,spherical,800,16,4,0,2026092802,2,5,20,1,hgp_exclusive_point_routing,point_cardinality,quality_spherical_n800_g16_d4_noise0,50,50,0,0,True,"{""1"":50,""10"":50,""11"":50,""12"":50,""13"":50,""14"":50,""15"":50,""16"":50,""2"":50,""3"":50,""4"":50,""5"":50,""6"":50,""7"":50,""8"":50,""9"":50}",610f2e1d09bc41e216e21328c66425bfbfffe9e694bf5b6c5090cb5bccd3a500,42.005991002952214,0.745142871652548,0.8510095130111013,0.745142871652548,0.789111791830724,0.8700995671650543,0.90875,15,73,,,,0.8798125433642171,0.82375,0.8419191113158839,0.90646492434663,0.82375,0.8631303208906352,0,0.0,659,-1,1,0.09125
quality_spherical_n800_g16_d4_noise0_s2,groups,spherical,800,16,4,0,2026092802,2,5,20,1,hgp_first_coverage,point_cardinality,quality_spherical_n800_g16_d4_noise0,50,50,0,0,True,"{""1"":50,""10"":50,""11"":50,""12"":50,""13"":50,""14"":50,""15"":50,""16"":50,""2"":50,""3"":50,""4"":50,""5"":50,""6"":50,""7"":50,""8"":50,""9"":50}",3f272116eb67f5c4bd7108b8e685dd0fb113a07154e3939a2288c208609225dd,22.359178998158313,0.7288451906007819,0.8402681661103186,0.7288451906007819,0.7768401571575981,0.861359539505886,0.90375,15,77,,,,0.8780084712305887,0.81625,0.8367418562085115,0.9031811894882434,0.81625,0.8575180564674983,0,0.0,653,-1,1,0.09625
quality_spherical_n800_g16_d4_noise0_s2,groups,spherical,800,16,4,0,2026092802,2,5,20,1,hgp_weighted_full_vote,facet_mass_before_vote,quality_spherical_n800_g16_d4_noise0,50,50,0,0,False,"{""1"":50,""10"":50,""11"":50,""12"":50,""13"":50,""14"":50,""15"":50,""16"":50,""2"":50,""3"":50,""4"":50,""5"":50,""6"":50,""7"":50,""8"":50,""9"":50}",6218d11fc3c7a16e1dc8f10ecc8521ffcf58aabe88869d723208b3e0d99e937d,688.0336570029613,0.016878485370322664,0.15521397602717993,0.016878485370322664,0.016878485370322664,0.016881582832956,0.99875,2,1,,,,0.06666666666666667,0.12375,0.06968118686868688,0.12390488110137672,0.12375,0.12382739212007504,0,0.0,99,-14,14,0.00125
quality_spherical_n800_g16_d4_noise0_s2,groups,spherical,800,16,4,0,2026092802,2,5,20,2,hdbscan_common,point_cardinality,quality_spherical_n800_g16_d4_noise0,50,50,0,0,True,"{""1"":50,""10"":50,""11"":50,""12"":50,""13"":50,""14"":50,""15"":50,""16"":50,""2"":50,""3"":50,""4"":50,""5"":50,""6"":50,""7"":50,""8"":50,""9"":50}",b622789d87228a6632038d0e2c44b5d924c07278cfed1fdd0a02acc38c12d6d1,16.84086000022944,0.11139364735162773,0.45339627989529496,0.11139364735162773,0.11792810593597565,0.12390322047800045,0.83875,6,129,,,,0.31749138640337343,0.31875,0.29404274691746085,0.38002980625931443,0.31875,0.3467029231815092,0,0.0,255,-10,10,0.16125
quality_spherical_n800_g16_d4_noise0_s2,groups,spherical,800,16,4,0,2026092802,2,5,20,2,hgp_exclusive_point_routing,point_cardinality,quality_spherical_n800_g16_d4_noise0,50,50,0,0,True,"{""1"":50,""10"":50,""11"":50,""12"":50,""13"":50,""14"":50,""15"":50,""16"":50,""2"":50,""3"":50,""4"":50,""5"":50,""6"":50,""7"":50,""8"":50,""9"":50}",c285fa4b1538870632e776dc56bfdedbdc1ef796b143a4ab9d6c1e53734599d7,22.67935599957127,0.7797029198794462,0.8623138276657014,0.7797029198794462,0.8370785845702471,0.9369344285630368,0.90125,16,79,,,,0.9691539789791249,0.8725,0.914659504505646,0.9680998613037448,0.8725,0.9178172255095332,0,0.0,698,0,0,0.09875
quality_spherical_n800_g16_d4_noise0_s2,groups,spherical,800,16,4,0,2026092802,2,5,20,2,hgp_first_coverage,point_cardinality,quality_spherical_n800_g16_d4_noise0,50,50,0,0,True,"{""1"":50,""10"":50,""11"":50,""12"":50,""13"":50,""14"":50,""15"":50,""16"":50,""2"":50,""3"":50,""4"":50,""5"":50,""6"":50,""7"":50,""8"":50,""9"":50}",47dcf5f9d46af042d2bccfc9c9545d1a10288b6322f4d6c72c7354e9a547d309,14.545179998094682,0.75818834807565,0.8534990782361058,0.75818834807565,0.8274684007730797,0.9382599126432324,0.89125,16,87,,,,0.9700843640877315,0.86375,0.9102167589495047,0.9691444600280504,0.86375,0.913417052214144,0,0.0,691,0,0,0.10875
quality_spherical_n800_g16_d4_noise0_s2,groups,spherical,800,16,4,0,2026092802,2,5,20,2,hgp_weighted_full_vote,facet_mass_before_vote,quality_spherical_n800_g16_d4_noise0,50,50,0,0,False,"{""1"":50,""10"":50,""11"":50,""12"":50,""13"":50,""14"":50,""15"":50,""16"":50,""2"":50,""3"":50,""4"":50,""5"":50,""6"":50,""7"":50,""8"":50,""9"":50}",ae191a856df4a8da0c1a066679c3d5a284f76729f5686beaa4fb915d63cd5c05,713.3281989954412,0.7438459695159219,0.8467228771185651,0.7438459695159219,0.7611982858212849,0.8090791070094463,0.93875,14,49,,,,0.784737077842812,0.8,0.783007612766254,0.8521970705725699,0.8,0.8252740167633784,0,0.0,640,-2,2,0.06125
quality_spherical_n800_g16_d4_noise0_s2,groups,spherical,800,16,4,0,2026092802,2,5,50,1,hdbscan_common,point_cardinality,quality_spherical_n800_g16_d4_noise0,50,50,0,0,True,"{""1"":50,""10"":50,""11"":50,""12"":50,""13"":50,""14"":50,""15"":50,""16"":50,""2"":50,""3"":50,""4"":50,""5"":50,""6"":50,""7"":50,""8"":50,""9"":50}",eb6771c7c2b4f47eb656956e46d936ed2feceea3fc23d20c572b49b3e9142f31,15.874338001594879,0.07343380134462897,0.28586197646536504,0.07343380134462897,0.05895660561449762,0.0443900046181324,0.76,2,192,,,,0.0370722433460076,0.11249999999999999,0.049459438131313135,0.14802631578947367,0.1125,0.1278409090909091,0,0.0,90,-14,14,0.24
quality_spherical_n800_g16_d4_noise0_s2,groups,spherical,800,16,4,0,2026092802,2,5,50,1,hdbscan_standard,point_cardinality,quality_spherical_n800_g16_d4_noise0,50,50,0,0,True,"{""1"":50,""10"":50,""11"":50,""12"":50,""13"":50,""14"":50,""15"":50,""16"":50,""2"":50,""3"":50,""4"":50,""5"":50,""6"":50,""7"":50,""8"":50,""9"":50}",d40fae32bca6fc085442d528766f181f0049723fc4340e3f042cd07bd39988ba,0.0,0.07296720202270217,0.2841405666534977,0.07296720202270217,0.05833402418503772,0.04370270774626199,0.76125,2,191,,,,0.037061195445920306,0.11249999999999999,0.049441008875584266,0.1477832512315271,0.1125,0.127750177430802,0,0.0,90,-14,14,0.23875
quality_spherical_n800_g16_d4_noise0_s2,groups,spherical,800,16,4,0,2026092802,2,5,50,1,hgp_exclusive_point_routing,point_cardinality,quality_spherical_n800_g16_d4_noise0,50,50,0,0,True,"{""1"":50,""10"":50,""11"":50,""12"":50,""13"":50,""14"":50,""15"":50,""16"":50,""2"":50,""3"":50,""4"":50,""5"":50,""6"":50,""7"":50,""8"":50,""9"":50}",b9d3471d30c278ccc5d13afd2244cb3886610c3ae211774da1775ab8860c1798,21.357751997129526,0.05657003748096286,0.3124779497379107,0.05657003748096286,0.03858451371303251,0.022503604330487398,0.8625,2,110,,,,0.06493947344195894,0.12375,0.06971468191811925,0.14347826086956522,0.12375,0.13288590604026845,0,0.0,99,-14,14,0.1375
quality_spherical_n800_g16_d4_noise0_s2,groups,spherical,800,16,4,0,2026092802,2,5,50,1,hgp_first_coverage,point_cardinality,quality_spherical_n800_g16_d4_noise0,50,50,0,0,True,"{""1"":50,""10"":50,""11"":50,""12"":50,""13"":50,""14"":50,""15"":50,""16"":50,""2"":50,""3"":50,""4"":50,""5"":50,""6"":50,""7"":50,""8"":50,""9"":50}",23ae4431d22b1ef06f6a09a49d3d2980e4294608d7ca4104992e5dd599226d82,15.70825900125783,0.01688942245543878,0.15393308717448034,0.01688942245543878,0.016889939680340797,0.016896570062041885,0.9975,2,2,,,,0.06542780748663102,0.12375,0.06908208020050124,0.12406015037593984,0.12375,0.12390488110137672,0,0.0,99,-14,14,0.0025
quality_spherical_n800_g16_d4_noise0_s2,groups,spherical,800,16,4,0,2026092802,2,5,50,1,hgp_weighted_full_vote,facet_mass_before_vote,quality_spherical_n800_g16_d4_noise0,50,50,0,0,False,"{""1"":50,""10"":50,""11"":50,""12"":50,""13"":50,""14"":50,""15"":50,""16"":50,""2"":50,""3"":50,""4"":50,""5"":50,""6"":50,""7"":50,""8"":50,""9"":50}",e8808ad314dcde57e4bf167a6245e31d9984d7007b55eaa93d35a29175b42d04,652.3379819991533,0.1464479450000481,0.41709343670929006,0.1464479450000481,0.16066572173313007,0.11030966708583162,0.53,2,376,,,,0.039977422603384986,0.1175,0.0559578217058532,0.22169811320754718,0.1175,0.15359477124183007,0,0.0,94,-14,14,0.47
quality_spherical_n800_g16_d4_noise0_s2,groups,spherical,800,16,4,0,2026092802,2,5,50,2,hdbscan_common,point_cardinality,quality_spherical_n800_g16_d4_noise0,50,50,0,0,True,"{""1"":50,""10"":50,""11"":50,""12"":50,""13"":50,""14"":50,""15"":50,""16"":50,""2"":50,""3"":50,""4"":50,""5"":50,""6"":50,""7"":50,""8"":50,""9"":50}",264f9ebab5b5b4d70e8983d6a2271f498b9bed12993595978a8047144cbce2d1,16.539277996344026,0.07343380134462897,0.28586197646536504,0.07343380134462897,0.05895660561449762,0.0443900046181324,0.76,2,192,,,,0.0370722433460076,0.11249999999999999,0.049459438131313135,0.14802631578947367,0.1125,0.1278409090909091,0,0.0,90,-14,14,0.24
quality_spherical_n800_g16_d4_noise0_s2,groups,spherical,800,16,4,0,2026092802,2,5,50,2,hgp_exclusive_point_routing,point_cardinality,quality_spherical_n800_g16_d4_noise0,50,50,0,0,True,"{""1"":50,""10"":50,""11"":50,""12"":50,""13"":50,""14"":50,""15"":50,""16"":50,""2"":50,""3"":50,""4"":50,""5"":50,""6"":50,""7"":50,""8"":50,""9"":50}",61de1d9d78538bb3dd92913d8a51785c9dfa213d2b035586474b4a76629ec5ee,22.846598003525287,0.05657003748096286,0.3124779497379107,0.05657003748096286,0.03858451371303251,0.022503604330487398,0.8625,2,110,,,,0.06493947344195894,0.12375,0.06971468191811925,0.14347826086956522,0.12375,0.13288590604026845,0,0.0,99,-14,14,0.1375
quality_spherical_n800_g16_d4_noise0_s2,groups,spherical,800,16,4,0,2026092802,2,5,50,2,hgp_first_coverage,point_cardinality,quality_spherical_n800_g16_d4_noise0,50,50,0,0,True,"{""1"":50,""10"":50,""11"":50,""12"":50,""13"":50,""14"":50,""15"":50,""16"":50,""2"":50,""3"":50,""4"":50,""5"":50,""6"":50,""7"":50,""8"":50,""9"":50}",62ea0faeb9939531e02d0a58be5841345c9e81ef15c20dcc4890ebb623b17549,15.86169399524806,0.01688942245543878,0.15393308717448034,0.01688942245543878,0.016889939680340797,0.016896570062041885,0.9975,2,2,,,,0.06542780748663102,0.12375,0.06908208020050124,0.12406015037593984,0.12375,0.12390488110137672,0,0.0,99,-14,14,0.0025
quality_spherical_n800_g16_d4_noise0_s2,groups,spherical,800,16,4,0,2026092802,2,5,50,2,hgp_weighted_full_vote,facet_mass_before_vote,quality_spherical_n800_g16_d4_noise0,50,50,0,0,False,"{""1"":50,""10"":50,""11"":50,""12"":50,""13"":50,""14"":50,""15"":50,""16"":50,""2"":50,""3"":50,""4"":50,""5"":50,""6"":50,""7"":50,""8"":50,""9"":50}",511f1d91b8f2bf67c87591d6aa32b8c5a1114518e23eb70f1651ae39927b8552,641.8420519985375,0.18343876444451315,0.5365764743443555,0.18343876444451315,0.3839671748820547,0.5357874938372101,0.465,4,428,,,,0.12390449438202247,0.22999999999999998,0.16096647681854517,0.4946236559139785,0.23,0.31399317406143346,0,0.0,184,-12,12,0.535
quality_spherical_n800_g2_d4_noise0_s1,groups,spherical,800,2,4,0,2026092801,1,5,20,1,hdbscan_common,point_cardinality,quality_spherical_n800_g2_d4_noise0,400,400,0,0,True,"{""1"":400,""2"":400}",d056d4e05734aa6370c114017348d4057f06a2d8bab36a708de96a6dd7ee8267,20.162103002803633,0.3016798774979617,0.3924679031275879,0.3016798774979617,0.30130494998482,0.9307547850323488,0.56875,2,345,,,,0.9832382172528923,0.55875,0.7118007908191789,0.9824175824175824,0.55875,0.7123505976095618,0,0.0,447,0,0,0.43125
quality_spherical_n800_g2_d4_noise0_s1,groups,spherical,800,2,4,0,2026092801,1,5,20,1,hdbscan_standard,point_cardinality,quality_spherical_n800_g2_d4_noise0,400,400,0,0,True,"{""1"":400,""2"":400}",cc699ed2cf84fc4780016194a44d23674e96caa6ba86cf09c946fb44f2e50f8b,0.0,0.3001330518895474,0.3883606209908068,0.3001330518895474,0.29987202875806723,0.9224408522612185,0.57,2,344,,,,0.9812480668110114,0.55875,0.7112308691592579,0.9802631578947368,0.55875,0.7117834394904459,0,0.0,447,0,0,0.43
quality_spherical_n800_g2_d4_noise0_s1,groups,spherical,800,2,4,0,2026092801,1,5,20,1,hgp_exclusive_point_routing,point_cardinality,quality_spherical_n800_g2_d4_noise0,400,400,0,0,True,"{""1"":400,""2"":400}",caa4d023e9467586ec0ba02aa097b933bebcb67b065401bd79b7bc3add36e8de,30.997325000498677,0.5061181104017464,0.4976209796704548,0.5061181104017464,0.505974569380745,0.914370448090214,0.74375,2,205,,,,0.9782269727921902,0.7275,0.8344309604854225,0.9781512605042016,0.7275,0.8344086021505376,0,0.0,582,0,0,0.25625
quality_spherical_n800_g2_d4_noise0_s1,groups,spherical,800,2,4,0,2026092801,1,5,20,1,hgp_first_coverage,point_cardinality,quality_spherical_n800_g2_d4_noise0,400,400,0,0,True,"{""1"":400,""2"":400}",cc25311eece93e15dfbbd535d615e5dd785085f25eb4da739e8352c81265a81e,19.20983699892531,0.4906771042733813,0.4884266807910344,0.4906771042733813,0.49024175642710593,0.9130829353666495,0.7325,2,214,,,,0.9778156996587031,0.71625,0.8268398268398268,0.9778156996587031,0.71625,0.8268398268398268,0,0.0,573,0,0,0.2675
quality_spherical_n800_g2_d4_noise0_s1,groups,spherical,800,2,4,0,2026092801,1,5,20,1,hgp_weighted_full_vote,facet_mass_before_vote,quality_spherical_n800_g2_d4_noise0,400,400,0,0,False,"{""1"":400,""2"":400}",a298accb801d859e62b838754c9bffcaf9d4750e898e346d94dfb7b29a8e4991,956.2411430015345,0.5077649375674687,0.4985805313232924,0.5077649375674687,0.5077101120917027,0.9145111501645797,0.745,2,204,,,,0.9782882882882883,0.72875,0.8352709359605912,0.9781879194630873,0.72875,0.835243553008596,0,0.0,583,0,0,0.255
quality_spherical_n800_g2_d4_noise0_s1,groups,spherical,800,2,4,0,2026092801,1,5,20,2,hdbscan_common,point_cardinality,quality_spherical_n800_g2_d4_noise0,400,400,0,0,True,"{""1"":400,""2"":400}",5f6fd81eb61581aa93b3e2d8c066b7759a7d9af5d41a8a54e58152bfe71f2688,17.921825998200802,0.3016798774979617,0.3924679031275879,0.3016798774979617,0.30130494998482,0.9307547850323488,0.56875,2,345,,,,0.9832382172528923,0.55875,0.7118007908191789,0.9824175824175824,0.55875,0.7123505976095618,0,0.0,447,0,0,0.43125
quality_spherical_n800_g2_d4_noise0_s1,groups,spherical,800,2,4,0,2026092801,1,5,20,2,hgp_exclusive_point_routing,point_cardinality,quality_spherical_n800_g2_d4_noise0,400,400,0,0,True,"{""1"":400,""2"":400}",14842f6608598ae3906652137509c9762cb6a85e8a78647d660409877a96aae7,24.02075699865236,0.5061181104017464,0.4976209796704548,0.5061181104017464,0.505974569380745,0.914370448090214,0.74375,2,205,,,,0.9782269727921902,0.7275,0.8344309604854225,0.9781512605042016,0.7275,0.8344086021505376,0,0.0,582,0,0,0.25625
quality_spherical_n800_g2_d4_noise0_s1,groups,spherical,800,2,4,0,2026092801,1,5,20,2,hgp_first_coverage,point_cardinality,quality_spherical_n800_g2_d4_noise0,400,400,0,0,True,"{""1"":400,""2"":400}",a91dc9b2a9fa8d190199b46feb2094e1a6c82b1e34099965b2dfd616b3bba275,17.284977999224793,0.4906771042733813,0.4884266807910344,0.4906771042733813,0.49024175642710593,0.9130829353666495,0.7325,2,214,,,,0.9778156996587031,0.71625,0.8268398268398268,0.9778156996587031,0.71625,0.8268398268398268,0,0.0,573,0,0,0.2675
quality_spherical_n800_g2_d4_noise0_s1,groups,spherical,800,2,4,0,2026092801,1,5,20,2,hgp_weighted_full_vote,facet_mass_before_vote,quality_spherical_n800_g2_d4_noise0,400,400,0,0,False,"{""1"":400,""2"":400}",01294d049befd0e15311fc76d179f6a7c92fcb79db31aba4a1517ad036cebcc4,1074.8629539994,0.5077649375674687,0.4985805313232924,0.5077649375674687,0.5077101120917027,0.9145111501645797,0.745,2,204,,,,0.9782882882882883,0.72875,0.8352709359605912,0.9781879194630873,0.72875,0.835243553008596,0,0.0,583,0,0,0.255
quality_spherical_n800_g2_d4_noise0_s1,groups,spherical,800,2,4,0,2026092801,1,5,50,1,hdbscan_common,point_cardinality,quality_spherical_n800_g2_d4_noise0,400,400,0,0,True,"{""1"":400,""2"":400}",3b5b17d189a70e1140a30ce427ccfc1456cff4aa5e4accab5814cf996be86a49,19.860180000250693,0.3016798774979617,0.3924679031275879,0.3016798774979617,0.30130494998482,0.9307547850323488,0.56875,2,345,,,,0.9832382172528923,0.55875,0.7118007908191789,0.9824175824175824,0.55875,0.7123505976095618,0,0.0,447,0,0,0.43125
quality_spherical_n800_g2_d4_noise0_s1,groups,spherical,800,2,4,0,2026092801,1,5,50,1,hdbscan_standard,point_cardinality,quality_spherical_n800_g2_d4_noise0,400,400,0,0,True,"{""1"":400,""2"":400}",0a2fa4153dba0d5f79c4fc10e39fa33fc2b14a5a83e7397dc0181a3220b77f41,0.0,0.3001330518895474,0.3883606209908068,0.3001330518895474,0.29987202875806723,0.9224408522612185,0.57,2,344,,,,0.9812480668110114,0.55875,0.7112308691592579,0.9802631578947368,0.55875,0.7117834394904459,0,0.0,447,0,0,0.43
quality_spherical_n800_g2_d4_noise0_s1,groups,spherical,800,2,4,0,2026092801,1,5,50,1,hgp_exclusive_point_routing,point_cardinality,quality_spherical_n800_g2_d4_noise0,400,400,0,0,True,"{""1"":400,""2"":400}",1e65404059ad280320129ab40e90565e7dc9ed56aaf841a965827e5dd744f10b,22.094605999882333,0.5061181104017464,0.4976209796704548,0.5061181104017464,0.505974569380745,0.914370448090214,0.74375,2,205,,,,0.9782269727921902,0.7275,0.8344309604854225,0.9781512605042016,0.7275,0.8344086021505376,0,0.0,582,0,0,0.25625
quality_spherical_n800_g2_d4_noise0_s1,groups,spherical,800,2,4,0,2026092801,1,5,50,1,hgp_first_coverage,point_cardinality,quality_spherical_n800_g2_d4_noise0,400,400,0,0,True,"{""1"":400,""2"":400}",4fa0a4170f826f13e1f70e77cc041c0c6b1fcc74a884a0ad33d911c629c4a0ed,16.73041399772046,0.4906771042733813,0.4884266807910344,0.4906771042733813,0.49024175642710593,0.9130829353666495,0.7325,2,214,,,,0.9778156996587031,0.71625,0.8268398268398268,0.9778156996587031,0.71625,0.8268398268398268,0,0.0,573,0,0,0.2675
quality_spherical_n800_g2_d4_noise0_s1,groups,spherical,800,2,4,0,2026092801,1,5,50,1,hgp_weighted_full_vote,facet_mass_before_vote,quality_spherical_n800_g2_d4_noise0,400,400,0,0,False,"{""1"":400,""2"":400}",8e446bb7c6a4501fc4ae9d62ec257b8d4e288c5f9ae171b9769270ab216d9712,1281.411667001521,0.5077649375674687,0.4985805313232924,0.5077649375674687,0.5077101120917027,0.9145111501645797,0.745,2,204,,,,0.9782882882882883,0.72875,0.8352709359605912,0.9781879194630873,0.72875,0.835243553008596,0,0.0,583,0,0,0.255
quality_spherical_n800_g2_d4_noise0_s1,groups,spherical,800,2,4,0,2026092801,1,5,50,2,hdbscan_common,point_cardinality,quality_spherical_n800_g2_d4_noise0,400,400,0,0,True,"{""1"":400,""2"":400}",944c4b7c7817a8403e00596c01fde1d92fbfe7cc779fd823e72c5677e30b71d4,17.616436001844704,0.3016798774979617,0.3924679031275879,0.3016798774979617,0.30130494998482,0.9307547850323488,0.56875,2,345,,,,0.9832382172528923,0.55875,0.7118007908191789,0.9824175824175824,0.55875,0.7123505976095618,0,0.0,447,0,0,0.43125
quality_spherical_n800_g2_d4_noise0_s1,groups,spherical,800,2,4,0,2026092801,1,5,50,2,hgp_exclusive_point_routing,point_cardinality,quality_spherical_n800_g2_d4_noise0,400,400,0,0,True,"{""1"":400,""2"":400}",8bc3f1d7d58ceca38de6a1475bf85ef261b3445977dfc3e14579dceab64b28dc,27.763755999330897,0.5061181104017464,0.4976209796704548,0.5061181104017464,0.505974569380745,0.914370448090214,0.74375,2,205,,,,0.9782269727921902,0.7275,0.8344309604854225,0.9781512605042016,0.7275,0.8344086021505376,0,0.0,582,0,0,0.25625
quality_spherical_n800_g2_d4_noise0_s1,groups,spherical,800,2,4,0,2026092801,1,5,50,2,hgp_first_coverage,point_cardinality,quality_spherical_n800_g2_d4_noise0,400,400,0,0,True,"{""1"":400,""2"":400}",1ca618fa3ee9b5af400dfc1fe8744355087d0b8010f458ad9c36e22ee43d3460,16.251471999567002,0.4906771042733813,0.4884266807910344,0.4906771042733813,0.49024175642710593,0.9130829353666495,0.7325,2,214,,,,0.9778156996587031,0.71625,0.8268398268398268,0.9778156996587031,0.71625,0.8268398268398268,0,0.0,573,0,0,0.2675
quality_spherical_n800_g2_d4_noise0_s1,groups,spherical,800,2,4,0,2026092801,1,5,50,2,hgp_weighted_full_vote,facet_mass_before_vote,quality_spherical_n800_g2_d4_noise0,400,400,0,0,False,"{""1"":400,""2"":400}",b80fca5d353b2a035cb5687d53e518093d0c634f695c783d2c040cc30fe0328b,1009.5032009994611,0.5077649375674687,0.4985805313232924,0.5077649375674687,0.5077101120917027,0.9145111501645797,0.745,2,204,,,,0.9782882882882883,0.72875,0.8352709359605912,0.9781879194630873,0.72875,0.835243553008596,0,0.0,583,0,0,0.255
quality_spherical_n800_g2_d4_noise0_s2,groups,spherical,800,2,4,0,2026092802,2,5,20,1,hdbscan_common,point_cardinality,quality_spherical_n800_g2_d4_noise0,400,400,0,0,True,"{""1"":400,""2"":400}",1f8ee879ab2b17a8cc8458fb2d0e68e1a879bd743c13509918fcd8dcf599cfa3,15.707095997640863,0.3546736460540782,0.42617268637373795,0.3546736460540782,0.3552471000155392,0.9436715960470687,0.61375,2,309,,,,0.9857308777169405,0.605,0.7498020015839872,0.9857433808553971,0.605,0.7498063516653757,0,0.0,484,0,0,0.38625
quality_spherical_n800_g2_d4_noise0_s2,groups,spherical,800,2,4,0,2026092802,2,5,20,1,hdbscan_standard,point_cardinality,quality_spherical_n800_g2_d4_noise0,400,400,0,0,True,"{""1"":400,""2"":400}",4e726a441b78a3f945b95114b4a4d3fab031e4b6d743d9b6bd6b2df625f4770a,0.0,0.3561069555078955,0.42701686759581664,0.3561069555078955,0.35672007366006153,0.9437846596123024,0.615,2,308,,,,0.9857723577235772,0.60625,0.7507739938080495,0.9857723577235772,0.60625,0.7507739938080495,0,0.0,485,0,0,0.385
quality_spherical_n800_g2_d4_noise0_s2,groups,spherical,800,2,4,0,2026092802,2,5,20,1,hgp_exclusive_point_routing,point_cardinality,quality_spherical_n800_g2_d4_noise0,400,400,0,0,True,"{""1"":400,""2"":400}",2abdde137d988d9cccbd18398b7886f5369c9bebf4e4237569d665f025a4308e,32.39842699986184,0.5413572279466009,0.5239437629268671,0.5413572279466009,0.5418568755152033,0.9291672988106338,0.76375,2,189,,,,0.9821972132904608,0.75,0.8504681535061283,0.9819967266775778,0.75,0.8504606661941885,0,0.0,600,0,0,0.23625
quality_spherical_n800_g2_d4_noise0_s2,groups,spherical,800,2,4,0,2026092802,2,5,20,1,hgp_first_coverage,point_cardinality,quality_spherical_n800_g2_d4_noise0,400,400,0,0,True,"{""1"":400,""2"":400}",2580981b0d7767fa6ae17a80f4acc36a980c170d773e4d9c12396a3316f8d0f4,19.23032500053523,0.5140796600863262,0.516369598982615,0.5140796600863262,0.5146034510318959,0.946407184021159,0.7375,2,210,,,,0.9865730149789054,0.7275,0.8373731078761628,0.9864406779661017,0.7275,0.837410071942446,0,0.0,582,0,0,0.2625
quality_spherical_n800_g2_d4_noise0_s2,groups,spherical,800,2,4,0,2026092802,2,5,20,1,hgp_weighted_full_vote,facet_mass_before_vote,quality_spherical_n800_g2_d4_noise0,400,400,0,0,False,"{""1"":400,""2"":400}",658e481d7686e99c8185408ed4db835ebd169f3fc9180aa4b89137073ddeda9e,1141.8077439957415,0.5468800304702011,0.527326863156116,0.5468800304702011,0.5473886962799756,0.9295076446379789,0.7675,2,186,,,,0.9823007440586755,0.75375,0.8529009849683782,0.9820846905537459,0.75375,0.8528995756718529,0,0.0,603,0,0,0.2325
quality_spherical_n800_g2_d4_noise0_s2,groups,spherical,800,2,4,0,2026092802,2,5,20,2,hdbscan_common,point_cardinality,quality_spherical_n800_g2_d4_noise0,400,400,0,0,True,"{""1"":400,""2"":400}",3603711698e3e5f0c1f0ff983a22ca7c1ccda7c2749f1e71c28a878307ffe058,18.64854100131197,0.3546736460540782,0.42617268637373795,0.3546736460540782,0.3552471000155392,0.9436715960470687,0.61375,2,309,,,,0.9857308777169405,0.605,0.7498020015839872,0.9857433808553971,0.605,0.7498063516653757,0,0.0,484,0,0,0.38625
quality_spherical_n800_g2_d4_noise0_s2,groups,spherical,800,2,4,0,2026092802,2,5,20,2,hgp_exclusive_point_routing,point_cardinality,quality_spherical_n800_g2_d4_noise0,400,400,0,0,True,"{""1"":400,""2"":400}",1280c8b8af86d12eed889bf24b6a356dda01574ea99388734ea729e088a34181,22.153755999170244,0.5413572279466009,0.5239437629268671,0.5413572279466009,0.5418568755152033,0.9291672988106338,0.76375,2,189,,,,0.9821972132904608,0.75,0.8504681535061283,0.9819967266775778,0.75,0.8504606661941885,0,0.0,600,0,0,0.23625
quality_spherical_n800_g2_d4_noise0_s2,groups,spherical,800,2,4,0,2026092802,2,5,20,2,hgp_first_coverage,point_cardinality,quality_spherical_n800_g2_d4_noise0,400,400,0,0,True,"{""1"":400,""2"":400}",b57ae7e47709dc34759d408c67a4dc491f7dce25834a8dbe9efd6e56aff560e0,14.035039006557781,0.5140796600863262,0.516369598982615,0.5140796600863262,0.5146034510318959,0.946407184021159,0.7375,2,210,,,,0.9865730149789054,0.7275,0.8373731078761628,0.9864406779661017,0.7275,0.837410071942446,0,0.0,582,0,0,0.2625
quality_spherical_n800_g2_d4_noise0_s2,groups,spherical,800,2,4,0,2026092802,2,5,20,2,hgp_weighted_full_vote,facet_mass_before_vote,quality_spherical_n800_g2_d4_noise0,400,400,0,0,False,"{""1"":400,""2"":400}",a6be03cd3a36e2a6d0a465e0e5ce879621e47e43e5028b7eb37137b19d31cca3,963.0850140019902,0.5468800304702011,0.527326863156116,0.5468800304702011,0.5473886962799756,0.9295076446379789,0.7675,2,186,,,,0.9823007440586755,0.75375,0.8529009849683782,0.9820846905537459,0.75375,0.8528995756718529,0,0.0,603,0,0,0.2325
quality_spherical_n800_g2_d4_noise0_s2,groups,spherical,800,2,4,0,2026092802,2,5,50,1,hdbscan_common,point_cardinality,quality_spherical_n800_g2_d4_noise0,400,400,0,0,True,"{""1"":400,""2"":400}",51536d7510c662a2f7f85b70d8d1e71e006d33555f51ef8f5986e73dcd32a4ef,15.983381003024988,0.3546736460540782,0.42617268637373795,0.3546736460540782,0.3552471000155392,0.9436715960470687,0.61375,2,309,,,,0.9857308777169405,0.605,0.7498020015839872,0.9857433808553971,0.605,0.7498063516653757,0,0.0,484,0,0,0.38625
quality_spherical_n800_g2_d4_noise0_s2,groups,spherical,800,2,4,0,2026092802,2,5,50,1,hdbscan_standard,point_cardinality,quality_spherical_n800_g2_d4_noise0,400,400,0,0,True,"{""1"":400,""2"":400}",34723b939b2a77e866b2bbc45b736aadfb3156c0f6b5317d248ae0caaf1f482f,0.0,0.3561069555078955,0.42701686759581664,0.3561069555078955,0.35672007366006153,0.9437846596123024,0.615,2,308,,,,0.9857723577235772,0.60625,0.7507739938080495,0.9857723577235772,0.60625,0.7507739938080495,0,0.0,485,0,0,0.385
quality_spherical_n800_g2_d4_noise0_s2,groups,spherical,800,2,4,0,2026092802,2,5,50,1,hgp_exclusive_point_routing,point_cardinality,quality_spherical_n800_g2_d4_noise0,400,400,0,0,True,"{""1"":400,""2"":400}",1d56ff8b0541e1ff2dc78461f912261eda3a3dd29737153143f97dad2dbececb,23.33560000261059,0.5413572279466009,0.5239437629268671,0.5413572279466009,0.5418568755152033,0.9291672988106338,0.76375,2,189,,,,0.9821972132904608,0.75,0.8504681535061283,0.9819967266775778,0.75,0.8504606661941885,0,0.0,600,0,0,0.23625
quality_spherical_n800_g2_d4_noise0_s2,groups,spherical,800,2,4,0,2026092802,2,5,50,1,hgp_first_coverage,point_cardinality,quality_spherical_n800_g2_d4_noise0,400,400,0,0,True,"{""1"":400,""2"":400}",c0c0100ef6ad6de7f541c5af0ffadd1d5717c369949bbcedbd025867c5cbc707,14.648983997176401,0.5140796600863262,0.516369598982615,0.5140796600863262,0.5146034510318959,0.946407184021159,0.7375,2,210,,,,0.9865730149789054,0.7275,0.8373731078761628,0.9864406779661017,0.7275,0.837410071942446,0,0.0,582,0,0,0.2625
quality_spherical_n800_g2_d4_noise0_s2,groups,spherical,800,2,4,0,2026092802,2,5,50,1,hgp_weighted_full_vote,facet_mass_before_vote,quality_spherical_n800_g2_d4_noise0,400,400,0,0,False,"{""1"":400,""2"":400}",50dd30c293ade7e9e7e88ff9ded86a1af1b0d24ece47a22a2e511fc5803ac1e0,1304.1619260038715,0.5468800304702011,0.527326863156116,0.5468800304702011,0.5473886962799756,0.9295076446379789,0.7675,2,186,,,,0.9823007440586755,0.75375,0.8529009849683782,0.9820846905537459,0.75375,0.8528995756718529,0,0.0,603,0,0,0.2325
quality_spherical_n800_g2_d4_noise0_s2,groups,spherical,800,2,4,0,2026092802,2,5,50,2,hdbscan_common,point_cardinality,quality_spherical_n800_g2_d4_noise0,400,400,0,0,True,"{""1"":400,""2"":400}",69bcb81ace7ff2f7f90ec172fba45515e8816132639c0973f42eedb9f8ff9403,16.133531004015822,0.3546736460540782,0.42617268637373795,0.3546736460540782,0.3552471000155392,0.9436715960470687,0.61375,2,309,,,,0.9857308777169405,0.605,0.7498020015839872,0.9857433808553971,0.605,0.7498063516653757,0,0.0,484,0,0,0.38625
quality_spherical_n800_g2_d4_noise0_s2,groups,spherical,800,2,4,0,2026092802,2,5,50,2,hgp_exclusive_point_routing,point_cardinality,quality_spherical_n800_g2_d4_noise0,400,400,0,0,True,"{""1"":400,""2"":400}",89e8ac3d9fc7f6697146297c3784b7c463c1df4f5fda7d5eb8f0917e9e62ed48,22.951503000513185,0.5413572279466009,0.5239437629268671,0.5413572279466009,0.5418568755152033,0.9291672988106338,0.76375,2,189,,,,0.9821972132904608,0.75,0.8504681535061283,0.9819967266775778,0.75,0.8504606661941885,0,0.0,600,0,0,0.23625
quality_spherical_n800_g2_d4_noise0_s2,groups,spherical,800,2,4,0,2026092802,2,5,50,2,hgp_first_coverage,point_cardinality,quality_spherical_n800_g2_d4_noise0,400,400,0,0,True,"{""1"":400,""2"":400}",ed07c73a14bc741ab07cec6d0ffae1a4ba73374d824897a70be11c2e78511862,14.275656998506747,0.5140796600863262,0.516369598982615,0.5140796600863262,0.5146034510318959,0.946407184021159,0.7375,2,210,,,,0.9865730149789054,0.7275,0.8373731078761628,0.9864406779661017,0.7275,0.837410071942446,0,0.0,582,0,0,0.2625
quality_spherical_n800_g2_d4_noise0_s2,groups,spherical,800,2,4,0,2026092802,2,5,50,2,hgp_weighted_full_vote,facet_mass_before_vote,quality_spherical_n800_g2_d4_noise0,400,400,0,0,False,"{""1"":400,""2"":400}",dc3118b47b4931c4161c465dc4ef5d64f9a9cbac0bfbd5fdd5ebad63eecef4ad,985.8875389982131,0.5468800304702011,0.527326863156116,0.5468800304702011,0.5473886962799756,0.9295076446379789,0.7675,2,186,,,,0.9823007440586755,0.75375,0.8529009849683782,0.9820846905537459,0.75375,0.8528995756718529,0,0.0,603,0,0,0.2325
quality_spherical_n800_g32_d4_noise0_s1,groups,spherical,800,32,4,0,2026092801,1,5,20,1,hdbscan_common,point_cardinality,quality_spherical_n800_g32_d4_noise0,25,25,0,0,True,"{""1"":25,""10"":25,""11"":25,""12"":25,""13"":25,""14"":25,""15"":25,""16"":25,""17"":25,""18"":25,""19"":25,""2"":25,""20"":25,""21"":25,""22"":25,""23"":25,""24"":25,""25"":25,""26"":25,""27"":25,""28"":25,""29"":25,""3"":25,""30"":25,""31"":25,""32"":25,""4"":25,""5"":25,""6"":25,""7"":25,""8"":25,""9"":25}",e4ead7adea7b3b26a87e27e1a98b3bea366864581cdf7e439a2ab5cccb923121,16.339475005224813,0.029281208894593534,0.36059037572518327,0.029281208894593534,0.029257920024112368,0.029269332502935418,0.98875,6,9,,,,0.14282983656154427,0.18375,0.14708669926303855,0.18584070796460178,0.18375,0.18478944060339408,2,0.0625,147,-26,26,0.01125
quality_spherical_n800_g32_d4_noise0_s1,groups,spherical,800,32,4,0,2026092801,1,5,20,1,hdbscan_standard,point_cardinality,quality_spherical_n800_g32_d4_noise0,25,25,0,0,True,"{""1"":25,""10"":25,""11"":25,""12"":25,""13"":25,""14"":25,""15"":25,""16"":25,""17"":25,""18"":25,""19"":25,""2"":25,""20"":25,""21"":25,""22"":25,""23"":25,""24"":25,""25"":25,""26"":25,""27"":25,""28"":25,""29"":25,""3"":25,""30"":25,""31"":25,""32"":25,""4"":25,""5"":25,""6"":25,""7"":25,""8"":25,""9"":25}",0091697616ea75463d7037f6c88fe96214e8e54cf756eac1810296814bfaba0c,0.0,0.029274896387923452,0.36010288426801407,0.029274896387923452,0.029248242042313563,0.02925479768018705,0.99,6,8,,,,0.14152775322821096,0.18375,0.14647551729024944,0.1856060606060606,0.18375,0.18467336683417085,2,0.0625,147,-26,26,0.01
quality_spherical_n800_g32_d4_noise0_s1,groups,spherical,800,32,4,0,2026092801,1,5,20,1,hgp_exclusive_point_routing,point_cardinality,quality_spherical_n800_g32_d4_noise0,25,25,0,0,True,"{""1"":25,""10"":25,""11"":25,""12"":25,""13"":25,""14"":25,""15"":25,""16"":25,""17"":25,""18"":25,""19"":25,""2"":25,""20"":25,""21"":25,""22"":25,""23"":25,""24"":25,""25"":25,""26"":25,""27"":25,""28"":25,""29"":25,""3"":25,""30"":25,""31"":25,""32"":25,""4"":25,""5"":25,""6"":25,""7"":25,""8"":25,""9"":25}",73fbccd06aaff3e90bebae3cb2dbcf645b194811c570e3351d54b598852d4ac9,32.742449002398644,0.030491261029443963,0.3798056381419452,0.030491261029443963,0.030491261029443963,0.030494773731505446,0.99875,7,1,,,,0.18630178656220323,0.2175,0.18795844860975594,0.21777221526908636,0.2175,0.2176360225140713,3,0.09375,174,-25,25,0.00125
quality_spherical_n800_g32_d4_noise0_s1,groups,spherical,800,32,4,0,2026092801,1,5,20,1,hgp_first_coverage,point_cardinality,quality_spherical_n800_g32_d4_noise0,25,25,0,0,True,"{""1"":25,""10"":25,""11"":25,""12"":25,""13"":25,""14"":25,""15"":25,""16"":25,""17"":25,""18"":25,""19"":25,""2"":25,""20"":25,""21"":25,""22"":25,""23"":25,""24"":25,""25"":25,""26"":25,""27"":25,""28"":25,""29"":25,""3"":25,""30"":25,""31"":25,""32"":25,""4"":25,""5"":25,""6"":25,""7"":25,""8"":25,""9"":25}",2f98dee2c0bdec3dfe61c15e53f48b1844a52a49b9091b0dae12c0869e49a808,18.7608199994429,0.030421330590220706,0.38164321884396624,0.030421330590220706,0.030421330590220706,0.030424815628562515,0.99875,7,1,,,,0.18870192307692307,0.2175,0.189177059712774,0.21777221526908636,0.2175,0.2176360225140713,5,0.15625,174,-25,25,0.00125
quality_spherical_n800_g32_d4_noise0_s1,groups,spherical,800,32,4,0,2026092801,1,5,20,1,hgp_weighted_full_vote,facet_mass_before_vote,quality_spherical_n800_g32_d4_noise0,25,25,0,0,False,"{""1"":25,""10"":25,""11"":25,""12"":25,""13"":25,""14"":25,""15"":25,""16"":25,""17"":25,""18"":25,""19"":25,""2"":25,""20"":25,""21"":25,""22"":25,""23"":25,""24"":25,""25"":25,""26"":25,""27"":25,""28"":25,""29"":25,""3"":25,""30"":25,""31"":25,""32"":25,""4"":25,""5"":25,""6"":25,""7"":25,""8"":25,""9"":25}",b198236468b244bec74dc5352a7d79a9c5431a06ac1927ca9b1c906643a2059d,671.0865389977698,0.02993030961262324,0.34372321862615896,0.02993030961262324,0.027190230279835772,0.02530660087517274,0.96875,4,25,,,,0.06310467117758785,0.125,0.07469723503341631,0.12903225806451613,0.125,0.12698412698412698,1,0.03125,100,-28,28,0.03125
quality_spherical_n800_g32_d4_noise0_s1,groups,spherical,800,32,4,0,2026092801,1,5,20,2,hdbscan_common,point_cardinality,quality_spherical_n800_g32_d4_noise0,25,25,0,0,True,"{""1"":25,""10"":25,""11"":25,""12"":25,""13"":25,""14"":25,""15"":25,""16"":25,""17"":25,""18"":25,""19"":25,""2"":25,""20"":25,""21"":25,""22"":25,""23"":25,""24"":25,""25"":25,""26"":25,""27"":25,""28"":25,""29"":25,""3"":25,""30"":25,""31"":25,""32"":25,""4"":25,""5"":25,""6"":25,""7"":25,""8"":25,""9"":25}",4d84e7f198cb34b9782678243bdd4d4b35af30a0295b4e3082deb586ab3abd34,17.08873300231062,0.029281208894593534,0.36059037572518327,0.029281208894593534,0.029257920024112368,0.029269332502935418,0.98875,6,9,,,,0.14282983656154427,0.18375,0.14708669926303855,0.18584070796460178,0.18375,0.18478944060339408,2,0.0625,147,-26,26,0.01125
quality_spherical_n800_g32_d4_noise0_s1,groups,spherical,800,32,4,0,2026092801,1,5,20,2,hgp_exclusive_point_routing,point_cardinality,quality_spherical_n800_g32_d4_noise0,25,25,0,0,True,"{""1"":25,""10"":25,""11"":25,""12"":25,""13"":25,""14"":25,""15"":25,""16"":25,""17"":25,""18"":25,""19"":25,""2"":25,""20"":25,""21"":25,""22"":25,""23"":25,""24"":25,""25"":25,""26"":25,""27"":25,""28"":25,""29"":25,""3"":25,""30"":25,""31"":25,""32"":25,""4"":25,""5"":25,""6"":25,""7"":25,""8"":25,""9"":25}",cd35796b8b9061e875afe5e6caaef1a6bf99b5fc687d3c63ef17b5e7ea9c6a1b,22.95054199930746,0.030445797705475026,0.3787232664271772,0.030445797705475026,0.030445797705475026,0.030445797705475026,1.0,7,0,,,,0.18629992888467464,0.2175,0.18795500396004097,0.2175,0.2175,0.2175,3,0.09375,174,-25,25,0.0
quality_spherical_n800_g32_d4_noise0_s1,groups,spherical,800,32,4,0,2026092801,1,5,20,2,hgp_first_coverage,point_cardinality,quality_spherical_n800_g32_d4_noise0,25,25,0,0,True,"{""1"":25,""10"":25,""11"":25,""12"":25,""13"":25,""14"":25,""15"":25,""16"":25,""17"":25,""18"":25,""19"":25,""2"":25,""20"":25,""21"":25,""22"":25,""23"":25,""24"":25,""25"":25,""26"":25,""27"":25,""28"":25,""29"":25,""3"":25,""30"":25,""31"":25,""32"":25,""4"":25,""5"":25,""6"":25,""7"":25,""8"":25,""9"":25}",e1e23007162f054517ec2266415d29f5b0b2ba9cbde9044c57b508114af85d59,14.493542999844067,0.030421330590220706,0.38164321884396624,0.030421330590220706,0.030421330590220706,0.030424815628562515,0.99875,7,1,,,,0.18870192307692307,0.2175,0.189177059712774,0.21777221526908636,0.2175,0.2176360225140713,5,0.15625,174,-25,25,0.00125
quality_spherical_n800_g32_d4_noise0_s1,groups,spherical,800,32,4,0,2026092801,1,5,20,2,hgp_weighted_full_vote,facet_mass_before_vote,quality_spherical_n800_g32_d4_noise0,25,25,0,0,False,"{""1"":25,""10"":25,""11"":25,""12"":25,""13"":25,""14"":25,""15"":25,""16"":25,""17"":25,""18"":25,""19"":25,""2"":25,""20"":25,""21"":25,""22"":25,""23"":25,""24"":25,""25"":25,""26"":25,""27"":25,""28"":25,""29"":25,""3"":25,""30"":25,""31"":25,""32"":25,""4"":25,""5"":25,""6"":25,""7"":25,""8"":25,""9"":25}",2c916918c6ad1a1202711d3e46ab44066eaa0d224acb75c61d871b8eed80cb7b,691.880119004054,0.029907297568270493,0.34495397378629034,0.029907297568270493,0.029907297568270493,0.029907297568270493,1.0,5,0,,,,0.09467169105107967,0.15625,0.10622532191523289,0.15625,0.15625,0.15625,2,0.0625,125,-27,27,0.0
quality_spherical_n800_g32_d4_noise0_s1,groups,spherical,800,32,4,0,2026092801,1,5,50,1,hdbscan_common,point_cardinality,quality_spherical_n800_g32_d4_noise0,25,25,0,32,True,"{""1"":25,""10"":25,""11"":25,""12"":25,""13"":25,""14"":25,""15"":25,""16"":25,""17"":25,""18"":25,""19"":25,""2"":25,""20"":25,""21"":25,""22"":25,""23"":25,""24"":25,""25"":25,""26"":25,""27"":25,""28"":25,""29"":25,""3"":25,""30"":25,""31"":25,""32"":25,""4"":25,""5"":25,""6"":25,""7"":25,""8"":25,""9"":25}",abe87e236ced6c5436e31c33e373919c06fdf44a7cd9f33b6539988664fa5183,23.432269001204986,0.06653990114964312,0.3457100306672523,0.06653990114964312,0.09712759794050259,0.08385665220417976,0.54125,3,367,,,,0.022280063490067892,0.08499999999999999,0.033622591352878546,0.15704387990762125,0.085,0.11030008110300081,0,0.0,68,-29,29,0.45875
quality_spherical_n800_g32_d4_noise0_s1,groups,spherical,800,32,4,0,2026092801,1,5,50,1,hdbscan_standard,point_cardinality,quality_spherical_n800_g32_d4_noise0,25,25,0,32,True,"{""1"":25,""10"":25,""11"":25,""12"":25,""13"":25,""14"":25,""15"":25,""16"":25,""17"":25,""18"":25,""19"":25,""2"":25,""20"":25,""21"":25,""22"":25,""23"":25,""24"":25,""25"":25,""26"":25,""27"":25,""28"":25,""29"":25,""3"":25,""30"":25,""31"":25,""32"":25,""4"":25,""5"":25,""6"":25,""7"":25,""8"":25,""9"":25}",f10a07d083c8b07340e174bfb0dfb3fab0f3ef5e0e244bbaa089621b5f8ed9ff,0.0,0.06660135506294039,0.34506222649020424,0.06660135506294039,0.09631668151549627,0.08273283764389691,0.5425,3,366,,,,0.022271237053123956,0.08499999999999999,0.03360761710857874,0.15668202764976957,0.085,0.11021069692058347,0,0.0,68,-29,29,0.4575
quality_spherical_n800_g32_d4_noise0_s1,groups,spherical,800,32,4,0,2026092801,1,5,50,1,hgp_exclusive_point_routing,point_cardinality,quality_spherical_n800_g32_d4_noise0,25,25,0,32,True,"{""1"":25,""10"":25,""11"":25,""12"":25,""13"":25,""14"":25,""15"":25,""16"":25,""17"":25,""18"":25,""19"":25,""2"":25,""20"":25,""21"":25,""22"":25,""23"":25,""24"":25,""25"":25,""26"":25,""27"":25,""28"":25,""29"":25,""3"":25,""30"":25,""31"":25,""32"":25,""4"":25,""5"":25,""6"":25,""7"":25,""8"":25,""9"":25}",398edd4a73d29c6be8bc7c8adf7fe4f0586c86e7e9b566e364ee18b07805d3c0,22.093123006925453,0.029668017262017204,0.326477713924405,0.029668017262017204,0.02444275840011308,0.020514427594831307,0.9375,3,50,,,,0.03185467117758784,0.09375,0.04344723503341631,0.1,0.09375,0.0967741935483871,0,0.0,75,-29,29,0.0625
quality_spherical_n800_g32_d4_noise0_s1,groups,spherical,800,32,4,0,2026092801,1,5,50,1,hgp_first_coverage,point_cardinality,quality_spherical_n800_g32_d4_noise0,25,25,0,32,True,"{""1"":25,""10"":25,""11"":25,""12"":25,""13"":25,""14"":25,""15"":25,""16"":25,""17"":25,""18"":25,""19"":25,""2"":25,""20"":25,""21"":25,""22"":25,""23"":25,""24"":25,""25"":25,""26"":25,""27"":25,""28"":25,""29"":25,""3"":25,""30"":25,""31"":25,""32"":25,""4"":25,""5"":25,""6"":25,""7"":25,""8"":25,""9"":25}",24ecbaf32a1422fb38ed84a4975938e72dc16cea6a4b9c4d6b3e4e2c62d631b0,18.81935900019016,0.029851630289928037,0.3314959569400327,0.029851630289928037,0.02465532789576156,0.02072712878887836,0.9375,3,50,,,,0.03245192307692308,0.09375,0.04398148148148148,0.1,0.09375,0.0967741935483871,0,0.0,75,-29,29,0.0625
quality_spherical_n800_g32_d4_noise0_s1,groups,spherical,800,32,4,0,2026092801,1,5,50,1,hgp_weighted_full_vote,facet_mass_before_vote,quality_spherical_n800_g32_d4_noise0,25,25,0,32,False,"{""1"":25,""10"":25,""11"":25,""12"":25,""13"":25,""14"":25,""15"":25,""16"":25,""17"":25,""18"":25,""19"":25,""2"":25,""20"":25,""21"":25,""22"":25,""23"":25,""24"":25,""25"":25,""26"":25,""27"":25,""28"":25,""29"":25,""3"":25,""30"":25,""31"":25,""32"":25,""4"":25,""5"":25,""6"":25,""7"":25,""8"":25,""9"":25}",967a1ad1ac731ab1ba17567c33870ba48b30663b61d8724065478b928049c756,627.7380350002204,0.09786968347275136,0.42444861091562114,0.09786968347275136,0.08196275741024893,0.06959680929652473,0.78,2,176,,,,0.005010534970964592,0.0625,0.009276999647639183,0.08012820512820513,0.0625,0.0702247191011236,0,0.0,50,-30,30,0.22
quality_spherical_n800_g32_d4_noise0_s1,groups,spherical,800,32,4,0,2026092801,1,5,50,2,hdbscan_common,point_cardinality,quality_spherical_n800_g32_d4_noise0,25,25,0,32,True,"{""1"":25,""10"":25,""11"":25,""12"":25,""13"":25,""14"":25,""15"":25,""16"":25,""17"":25,""18"":25,""19"":25,""2"":25,""20"":25,""21"":25,""22"":25,""23"":25,""24"":25,""25"":25,""26"":25,""27"":25,""28"":25,""29"":25,""3"":25,""30"":25,""31"":25,""32"":25,""4"":25,""5"":25,""6"":25,""7"":25,""8"":25,""9"":25}",cd28c51934ad07b709aaaa5f84fbc5014d66ead2b70bd25ce2033555c241c136,15.948596002999693,0.06653990114964312,0.3457100306672523,0.06653990114964312,0.09712759794050259,0.08385665220417976,0.54125,3,367,,,,0.022280063490067892,0.08499999999999999,0.033622591352878546,0.15704387990762125,0.085,0.11030008110300081,0,0.0,68,-29,29,0.45875
quality_spherical_n800_g32_d4_noise0_s1,groups,spherical,800,32,4,0,2026092801,1,5,50,2,hgp_exclusive_point_routing,point_cardinality,quality_spherical_n800_g32_d4_noise0,25,25,0,32,True,"{""1"":25,""10"":25,""11"":25,""12"":25,""13"":25,""14"":25,""15"":25,""16"":25,""17"":25,""18"":25,""19"":25,""2"":25,""20"":25,""21"":25,""22"":25,""23"":25,""24"":25,""25"":25,""26"":25,""27"":25,""28"":25,""29"":25,""3"":25,""30"":25,""31"":25,""32"":25,""4"":25,""5"":25,""6"":25,""7"":25,""8"":25,""9"":25}",fabffc21211073f5bfa187d18ff0dd15f11857e39a57e8cc6442e9d7a10042ca,24.629100997117348,0.0286344902271239,0.2924807947136332,0.0286344902271239,0.01937738108063066,0.011010734316473482,0.87625,2,99,,,,0.016227813500059262,0.0625,0.02261045705036803,0.07132667617689016,0.0625,0.06662225183211193,0,0.0,50,-30,30,0.12375
quality_spherical_n800_g32_d4_noise0_s1,groups,spherical,800,32,4,0,2026092801,1,5,50,2,hgp_first_coverage,point_cardinality,quality_spherical_n800_g32_d4_noise0,25,25,0,32,True,"{""1"":25,""10"":25,""11"":25,""12"":25,""13"":25,""14"":25,""15"":25,""16"":25,""17"":25,""18"":25,""19"":25,""2"":25,""20"":25,""21"":25,""22"":25,""23"":25,""24"":25,""25"":25,""26"":25,""27"":25,""28"":25,""29"":25,""3"":25,""30"":25,""31"":25,""32"":25,""4"":25,""5"":25,""6"":25,""7"":25,""8"":25,""9"":25}",025e1f39059d4fc8ad171e35fc5e6f64b625eea417f7b98b24c44241d6202735,14.022825998836197,0.029851630289928037,0.3314959569400327,0.029851630289928037,0.02465532789576156,0.02072712878887836,0.9375,3,50,,,,0.03245192307692308,0.09375,0.04398148148148148,0.1,0.09375,0.0967741935483871,0,0.0,75,-29,29,0.0625
quality_spherical_n800_g32_d4_noise0_s1,groups,spherical,800,32,4,0,2026092801,1,5,50,2,hgp_weighted_full_vote,facet_mass_before_vote,quality_spherical_n800_g32_d4_noise0,25,25,0,32,False,"{""1"":25,""10"":25,""11"":25,""12"":25,""13"":25,""14"":25,""15"":25,""16"":25,""17"":25,""18"":25,""19"":25,""2"":25,""20"":25,""21"":25,""22"":25,""23"":25,""24"":25,""25"":25,""26"":25,""27"":25,""28"":25,""29"":25,""3"":25,""30"":25,""31"":25,""32"":25,""4"":25,""5"":25,""6"":25,""7"":25,""8"":25,""9"":25}",778cfc73ee868f75ff1600843e6a68336c6d502ff4ac43f177bed73276097687,693.4307819974492,0.09826840223401888,0.4259946973177419,0.09826840223401888,0.08241678369756267,0.07006879876260504,0.78,2,176,,,,0.005009865581452707,0.0625,0.009275937392652357,0.08012820512820513,0.0625,0.0702247191011236,0,0.0,50,-30,30,0.22
quality_spherical_n800_g32_d4_noise0_s2,groups,spherical,800,32,4,0,2026092802,2,5,20,1,hdbscan_common,point_cardinality,quality_spherical_n800_g32_d4_noise0,25,25,0,0,True,"{""1"":25,""10"":25,""11"":25,""12"":25,""13"":25,""14"":25,""15"":25,""16"":25,""17"":25,""18"":25,""19"":25,""2"":25,""20"":25,""21"":25,""22"":25,""23"":25,""24"":25,""25"":25,""26"":25,""27"":25,""28"":25,""29"":25,""3"":25,""30"":25,""31"":25,""32"":25,""4"":25,""5"":25,""6"":25,""7"":25,""8"":25,""9"":25}",e0a0ec8f7b13e8bab4080ba24ffb4524f949b88571f5e22951ae53d0d971f663,18.40785199601669,0.02927489797249788,0.3696742649215754,0.02927489797249788,0.029228731448563937,0.029248884522753104,0.975,7,20,,,,0.18872261345852895,0.2075,0.18383900716185742,0.2128205128205128,0.2075,0.21012658227848102,3,0.09375,166,-25,25,0.025
quality_spherical_n800_g32_d4_noise0_s2,groups,spherical,800,32,4,0,2026092802,2,5,20,1,hdbscan_standard,point_cardinality,quality_spherical_n800_g32_d4_noise0,25,25,0,0,True,"{""1"":25,""10"":25,""11"":25,""12"":25,""13"":25,""14"":25,""15"":25,""16"":25,""17"":25,""18"":25,""19"":25,""2"":25,""20"":25,""21"":25,""22"":25,""23"":25,""24"":25,""25"":25,""26"":25,""27"":25,""28"":25,""29"":25,""3"":25,""30"":25,""31"":25,""32"":25,""4"":25,""5"":25,""6"":25,""7"":25,""8"":25,""9"":25}",976e1979085a71403f5ab5d3eb786905c2d9e8fb56135444f814235dcda5c889,0.0,0.029666200189275717,0.3721491692624137,0.029666200189275717,0.02964379526468754,0.029677348060843448,0.9775,7,18,,,,0.18872261345852895,0.21,0.18522604584643393,0.21483375959079284,0.21,0.21238938053097345,3,0.09375,168,-25,25,0.0225
quality_spherical_n800_g32_d4_noise0_s2,groups,spherical,800,32,4,0,2026092802,2,5,20,1,hgp_exclusive_point_routing,point_cardinality,quality_spherical_n800_g32_d4_noise0,25,25,0,0,True,"{""1"":25,""10"":25,""11"":25,""12"":25,""13"":25,""14"":25,""15"":25,""16"":25,""17"":25,""18"":25,""19"":25,""2"":25,""20"":25,""21"":25,""22"":25,""23"":25,""24"":25,""25"":25,""26"":25,""27"":25,""28"":25,""29"":25,""3"":25,""30"":25,""31"":25,""32"":25,""4"":25,""5"":25,""6"":25,""7"":25,""8"":25,""9"":25}",ada8dfc2c84cbd20680482804772bb3a9ce3c067973eda4f9f92f217e44bca62,30.511338001815602,0.6931818974735464,0.8718049172301502,0.6931818974735464,0.7080699169683329,0.7344445843939722,0.95875,27,33,,,,0.7375023971684213,0.76875,0.7400401040544793,0.8018252933507171,0.76875,0.7849393746011487,4,0.125,615,-5,5,0.04125
quality_spherical_n800_g32_d4_noise0_s2,groups,spherical,800,32,4,0,2026092802,2,5,20,1,hgp_first_coverage,point_cardinality,quality_spherical_n800_g32_d4_noise0,25,25,0,0,True,"{""1"":25,""10"":25,""11"":25,""12"":25,""13"":25,""14"":25,""15"":25,""16"":25,""17"":25,""18"":25,""19"":25,""2"":25,""20"":25,""21"":25,""22"":25,""23"":25,""24"":25,""25"":25,""26"":25,""27"":25,""28"":25,""29"":25,""3"":25,""30"":25,""31"":25,""32"":25,""4"":25,""5"":25,""6"":25,""7"":25,""8"":25,""9"":25}",00cc77954312c6f54a47f148db8e2ca3514c207a5109241f41b27815e6a9a68e,20.26509399729548,0.6640882225890391,0.8617424771319826,0.6640882225890391,0.6792871254235812,0.7048457738906073,0.95625,25,35,,,,0.6532860451111333,0.7175,0.6687695596333153,0.7503267973856209,0.7175,0.7335463258785943,5,0.15625,574,-7,7,0.04375
quality_spherical_n800_g32_d4_noise0_s2,groups,spherical,800,32,4,0,2026092802,2,5,20,1,hgp_weighted_full_vote,facet_mass_before_vote,quality_spherical_n800_g32_d4_noise0,25,25,0,0,False,"{""1"":25,""10"":25,""11"":25,""12"":25,""13"":25,""14"":25,""15"":25,""16"":25,""17"":25,""18"":25,""19"":25,""2"":25,""20"":25,""21"":25,""22"":25,""23"":25,""24"":25,""25"":25,""26"":25,""27"":25,""28"":25,""29"":25,""3"":25,""30"":25,""31"":25,""32"":25,""4"":25,""5"":25,""6"":25,""7"":25,""8"":25,""9"":25}",b1be06f37b87721f28af9cb3836156d55177538607ba4781034a6805bb13346c,693.8482079931418,0.022947427339069678,0.30133745143551743,0.022947427339069678,0.021164119012859903,0.01984762313710873,0.97375,4,21,,,,0.07839626130400804,0.125,0.08476100991257911,0.12836970474967907,0.125,0.1266624445851805,2,0.0625,100,-28,28,0.02625
quality_spherical_n800_g32_d4_noise0_s2,groups,spherical,800,32,4,0,2026092802,2,5,20,2,hdbscan_common,point_cardinality,quality_spherical_n800_g32_d4_noise0,25,25,0,0,True,"{""1"":25,""10"":25,""11"":25,""12"":25,""13"":25,""14"":25,""15"":25,""16"":25,""17"":25,""18"":25,""19"":25,""2"":25,""20"":25,""21"":25,""22"":25,""23"":25,""24"":25,""25"":25,""26"":25,""27"":25,""28"":25,""29"":25,""3"":25,""30"":25,""31"":25,""32"":25,""4"":25,""5"":25,""6"":25,""7"":25,""8"":25,""9"":25}",dd64b4c4ecddd7221ff61ec2b899e72715857700e8da1553619c882c0f60a5cb,17.146830999990925,0.02927489797249788,0.3696742649215754,0.02927489797249788,0.029228731448563937,0.029248884522753104,0.975,7,20,,,,0.18872261345852895,0.2075,0.18383900716185742,0.2128205128205128,0.2075,0.21012658227848102,3,0.09375,166,-25,25,0.025
quality_spherical_n800_g32_d4_noise0_s2,groups,spherical,800,32,4,0,2026092802,2,5,20,2,hgp_exclusive_point_routing,point_cardinality,quality_spherical_n800_g32_d4_noise0,25,25,0,0,True,"{""1"":25,""10"":25,""11"":25,""12"":25,""13"":25,""14"":25,""15"":25,""16"":25,""17"":25,""18"":25,""19"":25,""2"":25,""20"":25,""21"":25,""22"":25,""23"":25,""24"":25,""25"":25,""26"":25,""27"":25,""28"":25,""29"":25,""3"":25,""30"":25,""31"":25,""32"":25,""4"":25,""5"":25,""6"":25,""7"":25,""8"":25,""9"":25}",de878e8c4feee55290410678cae5dd81814f58088d8655c0f34b06a134554f5a,22.6471970017883,0.6947741506108782,0.8724783477630972,0.6947741506108782,0.708893807660465,0.7345234020102906,0.96,27,32,,,,0.7378000162160403,0.77,0.7409157079192136,0.8020833333333334,0.77,0.7857142857142857,4,0.125,616,-5,5,0.04
quality_spherical_n800_g32_d4_noise0_s2,groups,spherical,800,32,4,0,2026092802,2,5,20,2,hgp_first_coverage,point_cardinality,quality_spherical_n800_g32_d4_noise0,25,25,0,0,True,"{""1"":25,""10"":25,""11"":25,""12"":25,""13"":25,""14"":25,""15"":25,""16"":25,""17"":25,""18"":25,""19"":25,""2"":25,""20"":25,""21"":25,""22"":25,""23"":25,""24"":25,""25"":25,""26"":25,""27"":25,""28"":25,""29"":25,""3"":25,""30"":25,""31"":25,""32"":25,""4"":25,""5"":25,""6"":25,""7"":25,""8"":25,""9"":25}",f2339642978541d4e713c12c823e6496c7319adbcc2ab96a1e5c578ad8e845ef,14.081374996749219,0.6640882225890391,0.8617424771319826,0.6640882225890391,0.6792871254235812,0.7048457738906073,0.95625,25,35,,,,0.6532860451111333,0.7175,0.6687695596333153,0.7503267973856209,0.7175,0.7335463258785943,5,0.15625,574,-7,7,0.04375
quality_spherical_n800_g32_d4_noise0_s2,groups,spherical,800,32,4,0,2026092802,2,5,20,2,hgp_weighted_full_vote,facet_mass_before_vote,quality_spherical_n800_g32_d4_noise0,25,25,0,0,False,"{""1"":25,""10"":25,""11"":25,""12"":25,""13"":25,""14"":25,""15"":25,""16"":25,""17"":25,""18"":25,""19"":25,""2"":25,""20"":25,""21"":25,""22"":25,""23"":25,""24"":25,""25"":25,""26"":25,""27"":25,""28"":25,""29"":25,""3"":25,""30"":25,""31"":25,""32"":25,""4"":25,""5"":25,""6"":25,""7"":25,""8"":25,""9"":25}",9b864d4366a80ccfaefb4c98f2a9d7fa0726a5046ef70ff4a45d38debef1bb04,713.3854450003128,0.03013653702198893,0.362759724511317,0.03013653702198893,0.03013653702198893,0.03013653702198893,1.0,6,0,,,,0.14152055052790347,0.18625,0.14723627023908978,0.18625,0.18625,0.18625,3,0.09375,149,-26,26,0.0
quality_spherical_n800_g32_d4_noise0_s2,groups,spherical,800,32,4,0,2026092802,2,5,50,1,hdbscan_common,point_cardinality,quality_spherical_n800_g32_d4_noise0,25,25,0,32,True,"{""1"":25,""10"":25,""11"":25,""12"":25,""13"":25,""14"":25,""15"":25,""16"":25,""17"":25,""18"":25,""19"":25,""2"":25,""20"":25,""21"":25,""22"":25,""23"":25,""24"":25,""25"":25,""26"":25,""27"":25,""28"":25,""29"":25,""3"":25,""30"":25,""31"":25,""32"":25,""4"":25,""5"":25,""6"":25,""7"":25,""8"":25,""9"":25}",9ebce4b41159489575a349543e76d63035a85a4c1b8addaf908c5b561223dda5,16.147476999321952,0.02872860490639425,0.28092262433684817,0.02872860490639425,0.021497791977205926,0.01537386116597658,0.89,2,88,,,,0.0119246682530495,0.0625,0.01829704020162282,0.0702247191011236,0.0625,0.06613756613756613,0,0.0,50,-30,30,0.11
quality_spherical_n800_g32_d4_noise0_s2,groups,spherical,800,32,4,0,2026092802,2,5,50,1,hdbscan_standard,point_cardinality,quality_spherical_n800_g32_d4_noise0,25,25,0,32,True,"{""1"":25,""10"":25,""11"":25,""12"":25,""13"":25,""14"":25,""15"":25,""16"":25,""17"":25,""18"":25,""19"":25,""2"":25,""20"":25,""21"":25,""22"":25,""23"":25,""24"":25,""25"":25,""26"":25,""27"":25,""28"":25,""29"":25,""3"":25,""30"":25,""31"":25,""32"":25,""4"":25,""5"":25,""6"":25,""7"":25,""8"":25,""9"":25}",a5ee98d9f56b517be6223675185e8557334f851b36e408dc4e86528f968c4ccb,0.0,0.02872860490639425,0.28092262433684817,0.02872860490639425,0.021497791977205926,0.01537386116597658,0.89,2,88,,,,0.0119246682530495,0.0625,0.01829704020162282,0.0702247191011236,0.0625,0.06613756613756613,0,0.0,50,-30,30,0.11
quality_spherical_n800_g32_d4_noise0_s2,groups,spherical,800,32,4,0,2026092802,2,5,50,1,hgp_exclusive_point_routing,point_cardinality,quality_spherical_n800_g32_d4_noise0,25,25,0,32,True,"{""1"":25,""10"":25,""11"":25,""12"":25,""13"":25,""14"":25,""15"":25,""16"":25,""17"":25,""18"":25,""19"":25,""2"":25,""20"":25,""21"":25,""22"":25,""23"":25,""24"":25,""25"":25,""26"":25,""27"":25,""28"":25,""29"":25,""3"":25,""30"":25,""31"":25,""32"":25,""4"":25,""5"":25,""6"":25,""7"":25,""8"":25,""9"":25}",15b0dd97187500af62f699f36d7f30d53718a83b3e0959b83b4cee9b1b17ea23,21.23591500276234,0.023102086432802194,0.2665788795188931,0.023102086432802194,0.016285373504589976,0.010237366387313694,0.9075,2,74,,,,0.0164760348583878,0.0625,0.022791353383458647,0.06887052341597796,0.0625,0.0655307994757536,0,0.0,50,-30,30,0.0925
quality_spherical_n800_g32_d4_noise0_s2,groups,spherical,800,32,4,0,2026092802,2,5,50,1,hgp_first_coverage,point_cardinality,quality_spherical_n800_g32_d4_noise0,25,25,0,32,True,"{""1"":25,""10"":25,""11"":25,""12"":25,""13"":25,""14"":25,""15"":25,""16"":25,""17"":25,""18"":25,""19"":25,""2"":25,""20"":25,""21"":25,""22"":25,""23"":25,""24"":25,""25"":25,""26"":25,""27"":25,""28"":25,""29"":25,""3"":25,""30"":25,""31"":25,""32"":25,""4"":25,""5"":25,""6"":25,""7"":25,""8"":25,""9"":25}",8a8e8547afdc8e2e29cc6bb311351e75ec2deaef75e7560cc930d8f7a5edb47f,13.41642500483431,0.1630126714235815,0.5757771900132245,0.1630126714235815,0.26636277810025516,0.28062463130300447,0.60625,5,315,,,,0.04631838216230231,0.155,0.06938854489164087,0.2556701030927835,0.155,0.19299610894941635,0,0.0,124,-27,27,0.39375
quality_spherical_n800_g32_d4_noise0_s2,groups,spherical,800,32,4,0,2026092802,2,5,50,1,hgp_weighted_full_vote,facet_mass_before_vote,quality_spherical_n800_g32_d4_noise0,25,25,0,32,False,"{""1"":25,""10"":25,""11"":25,""12"":25,""13"":25,""14"":25,""15"":25,""16"":25,""17"":25,""18"":25,""19"":25,""2"":25,""20"":25,""21"":25,""22"":25,""23"":25,""24"":25,""25"":25,""26"":25,""27"":25,""28"":25,""29"":25,""3"":25,""30"":25,""31"":25,""32"":25,""4"":25,""5"":25,""6"":25,""7"":25,""8"":25,""9"":25}",c17a341c0b124648f70ee7745eefb1f235cc1ae5e8ee3b01e598582c6b97f4bc,692.9424289992312,0.11387528292963145,0.4920274767137318,0.11387528292963145,0.10160582771010794,0.088291938336576,0.745,3,204,,,,0.016088020574083293,0.0925,0.026658804383651945,0.12416107382550336,0.0925,0.10601719197707736,0,0.0,74,-29,29,0.255
quality_spherical_n800_g32_d4_noise0_s2,groups,spherical,800,32,4,0,2026092802,2,5,50,2,hdbscan_common,point_cardinality,quality_spherical_n800_g32_d4_noise0,25,25,0,32,True,"{""1"":25,""10"":25,""11"":25,""12"":25,""13"":25,""14"":25,""15"":25,""16"":25,""17"":25,""18"":25,""19"":25,""2"":25,""20"":25,""21"":25,""22"":25,""23"":25,""24"":25,""25"":25,""26"":25,""27"":25,""28"":25,""29"":25,""3"":25,""30"":25,""31"":25,""32"":25,""4"":25,""5"":25,""6"":25,""7"":25,""8"":25,""9"":25}",ff6de9554339002eb13a921cc41dc7f79a196295775156d49ec94923012aed38,20.23096100310795,0.02872860490639425,0.28092262433684817,0.02872860490639425,0.021497791977205926,0.01537386116597658,0.89,2,88,,,,0.0119246682530495,0.0625,0.01829704020162282,0.0702247191011236,0.0625,0.06613756613756613,0,0.0,50,-30,30,0.11
quality_spherical_n800_g32_d4_noise0_s2,groups,spherical,800,32,4,0,2026092802,2,5,50,2,hgp_exclusive_point_routing,point_cardinality,quality_spherical_n800_g32_d4_noise0,25,25,0,32,True,"{""1"":25,""10"":25,""11"":25,""12"":25,""13"":25,""14"":25,""15"":25,""16"":25,""17"":25,""18"":25,""19"":25,""2"":25,""20"":25,""21"":25,""22"":25,""23"":25,""24"":25,""25"":25,""26"":25,""27"":25,""28"":25,""29"":25,""3"":25,""30"":25,""31"":25,""32"":25,""4"":25,""5"":25,""6"":25,""7"":25,""8"":25,""9"":25}",f16543c53f9e600a88a124364ef3205e29e8c1df19339db225b7b5b9df65db94,21.87180000328226,0.023102086432802194,0.2665788795188931,0.023102086432802194,0.016285373504589976,0.010237366387313694,0.9075,2,74,,,,0.0164760348583878,0.0625,0.022791353383458647,0.06887052341597796,0.0625,0.0655307994757536,0,0.0,50,-30,30,0.0925
quality_spherical_n800_g32_d4_noise0_s2,groups,spherical,800,32,4,0,2026092802,2,5,50,2,hgp_first_coverage,point_cardinality,quality_spherical_n800_g32_d4_noise0,25,25,0,32,True,"{""1"":25,""10"":25,""11"":25,""12"":25,""13"":25,""14"":25,""15"":25,""16"":25,""17"":25,""18"":25,""19"":25,""2"":25,""20"":25,""21"":25,""22"":25,""23"":25,""24"":25,""25"":25,""26"":25,""27"":25,""28"":25,""29"":25,""3"":25,""30"":25,""31"":25,""32"":25,""4"":25,""5"":25,""6"":25,""7"":25,""8"":25,""9"":25}",d97ffbdb623000fe4de9f4bc9adf9545826caff487df93f053dbc192764f3837,13.938168005552143,0.1630126714235815,0.5757771900132245,0.1630126714235815,0.26636277810025516,0.28062463130300447,0.60625,5,315,,,,0.04631838216230231,0.155,0.06938854489164087,0.2556701030927835,0.155,0.19299610894941635,0,0.0,124,-27,27,0.39375
quality_spherical_n800_g32_d4_noise0_s2,groups,spherical,800,32,4,0,2026092802,2,5,50,2,hgp_weighted_full_vote,facet_mass_before_vote,quality_spherical_n800_g32_d4_noise0,25,25,0,32,False,"{""1"":25,""10"":25,""11"":25,""12"":25,""13"":25,""14"":25,""15"":25,""16"":25,""17"":25,""18"":25,""19"":25,""2"":25,""20"":25,""21"":25,""22"":25,""23"":25,""24"":25,""25"":25,""26"":25,""27"":25,""28"":25,""29"":25,""3"":25,""30"":25,""31"":25,""32"":25,""4"":25,""5"":25,""6"":25,""7"":25,""8"":25,""9"":25}",72fb8f4e3839584840b0e507e1278de95471f7069bc63c94e0c5dc5a0ef95d1b,950.926122997771,0.11388974227443789,0.4937154042019926,0.11388974227443789,0.10166023752973753,0.08833445112818418,0.745,3,204,,,,0.016161377332338252,0.0925,0.026749023127825098,0.12416107382550336,0.0925,0.10601719197707736,0,0.0,74,-29,29,0.255
quality_spherical_n800_g4_d4_noise0_s1,groups,spherical,800,4,4,0,2026092801,1,5,20,1,hdbscan_common,point_cardinality,quality_spherical_n800_g4_d4_noise0,200,200,0,0,True,"{""1"":200,""2"":200,""3"":200,""4"":200}",bf73d60e3c4c6b497861c9eb7153475296f3f0d655d65a9f7fc5d43febdb2a85,16.75920799971209,0.40976659325234954,0.5662499534462062,0.40976659325234954,0.4824688609611821,0.9407631482623895,0.6325,4,294,,,,0.9756505283967901,0.6174999999999999,0.7504510591823514,0.9762845849802372,0.6175,0.7565084226646248,0,0.0,494,0,0,0.3675
quality_spherical_n800_g4_d4_noise0_s1,groups,spherical,800,4,4,0,2026092801,1,5,20,1,hdbscan_standard,point_cardinality,quality_spherical_n800_g4_d4_noise0,200,200,0,0,True,"{""1"":200,""2"":200,""3"":200,""4"":200}",2288363fddc455613b3896686898c7b9b054f483e694ef44328ffbb3ac98c887,0.0,0.4104951805201695,0.5620761992335906,0.4104951805201695,0.4819539337663828,0.9312473266666639,0.63625,4,291,,,,0.9720870338073255,0.61875,0.7502525447970572,0.9724950884086444,0.61875,0.7563025210084033,0,0.0,495,0,0,0.36375
quality_spherical_n800_g4_d4_noise0_s1,groups,spherical,800,4,4,0,2026092801,1,5,20,1,hgp_exclusive_point_routing,point_cardinality,quality_spherical_n800_g4_d4_noise0,200,200,0,0,True,"{""1"":200,""2"":200,""3"":200,""4"":200}",bbc0374f7ede253447ee438dd4909d4e677f6b2264501f4d70d00ecce0ee9b49,32.93501799998921,0.3033468581093482,0.4824899639789073,0.3033468581093482,0.30370924455966025,0.31505747097220393,0.96,2,32,,,,0.3300623624358034,0.475,0.36340206185567014,0.4947916666666667,0.475,0.4846938775510204,0,0.0,380,-2,2,0.04
quality_spherical_n800_g4_d4_noise0_s1,groups,spherical,800,4,4,0,2026092801,1,5,20,1,hgp_first_coverage,point_cardinality,quality_spherical_n800_g4_d4_noise0,200,200,0,0,True,"{""1"":200,""2"":200,""3"":200,""4"":200}",af999dd1c136c6ee7f31afce0f1882698e4d57da483f135fe5db854973b5e951,17.873364999104524,0.30453161035644777,0.47812018232107567,0.30453161035644777,0.3049937823308695,0.31756741064571337,0.95625,2,35,,,,0.3284763558201058,0.47250000000000003,0.36214487318792565,0.49411764705882355,0.4725,0.4830670926517572,0,0.0,378,-2,2,0.04375
quality_spherical_n800_g4_d4_noise0_s1,groups,spherical,800,4,4,0,2026092801,1,5,20,1,hgp_weighted_full_vote,facet_mass_before_vote,quality_spherical_n800_g4_d4_noise0,200,200,0,0,False,"{""1"":200,""2"":200,""3"":200,""4"":200}",53643305e7a7064c98744d0525e8526fd25e22e9a295ff6820d0e64f6734e972,874.8977370014472,0.3033468581093482,0.4824899639789073,0.3033468581093482,0.30370924455966025,0.31505747097220393,0.96,2,32,,,,0.3300623624358034,0.475,0.36340206185567014,0.4947916666666667,0.475,0.4846938775510204,0,0.0,380,-2,2,0.04
quality_spherical_n800_g4_d4_noise0_s1,groups,spherical,800,4,4,0,2026092801,1,5,20,2,hdbscan_common,point_cardinality,quality_spherical_n800_g4_d4_noise0,200,200,0,0,True,"{""1"":200,""2"":200,""3"":200,""4"":200}",c696d6fc3f0df515a23925d455433464201409ef494ce4a65548009bcf83a449,15.65827499871375,0.40976659325234954,0.5662499534462062,0.40976659325234954,0.4824688609611821,0.9407631482623895,0.6325,4,294,,,,0.9756505283967901,0.6174999999999999,0.7504510591823514,0.9762845849802372,0.6175,0.7565084226646248,0,0.0,494,0,0,0.3675
quality_spherical_n800_g4_d4_noise0_s1,groups,spherical,800,4,4,0,2026092801,1,5,20,2,hgp_exclusive_point_routing,point_cardinality,quality_spherical_n800_g4_d4_noise0,200,200,0,0,True,"{""1"":200,""2"":200,""3"":200,""4"":200}",3b7ac7a9a4b2afd1db394fbf3f93570c4e47db0acd494a161c2f2472b3b544f5,23.892918001365615,0.6580344373275394,0.6871938591156663,0.6580344373275394,0.6777687105298229,0.9076732354100284,0.80875,5,153,,,,0.9746946187596406,0.75875,0.8418300328526702,0.9381761978361669,0.75875,0.8389771941948859,0,0.0,607,1,1,0.19125
quality_spherical_n800_g4_d4_noise0_s1,groups,spherical,800,4,4,0,2026092801,1,5,20,2,hgp_first_coverage,point_cardinality,quality_spherical_n800_g4_d4_noise0,200,200,0,0,True,"{""1"":200,""2"":200,""3"":200,""4"":200}",d99e4d42ea1969828ccdedf69652fe114dafde170595aad84303d4e7d497fe02,16.095580002001952,0.6519782998775124,0.6803567658937293,0.6519782998775124,0.6726031197942784,0.9048322045741254,0.80625,5,155,,,,0.9734118612823811,0.7575000000000001,0.8411847612145248,0.9395348837209302,0.7575,0.8387543252595155,0,0.0,606,1,1,0.19375
quality_spherical_n800_g4_d4_noise0_s1,groups,spherical,800,4,4,0,2026092801,1,5,20,2,hgp_weighted_full_vote,facet_mass_before_vote,quality_spherical_n800_g4_d4_noise0,200,200,0,0,False,"{""1"":200,""2"":200,""3"":200,""4"":200}",2f43f47277f36a1c6d4babd183b1d72f69d48c1fdd9104263cb2006c073a65ba,952.9941490000056,0.3033468581093482,0.4824899639789073,0.3033468581093482,0.30370924455966025,0.31505747097220393,0.96,2,32,,,,0.3300623624358034,0.475,0.36340206185567014,0.4947916666666667,0.475,0.4846938775510204,0,0.0,380,-2,2,0.04
quality_spherical_n800_g4_d4_noise0_s1,groups,spherical,800,4,4,0,2026092801,1,5,50,1,hdbscan_common,point_cardinality,quality_spherical_n800_g4_d4_noise0,200,200,0,0,True,"{""1"":200,""2"":200,""3"":200,""4"":200}",5d5b57d1ab6f4b63819882f34618370f833aa73c9319ad3d45c09c989c60779d,15.92141599758179,0.2568156208432691,0.3750731698491634,0.2568156208432691,0.2657505186848863,0.32275147902602735,0.82125,2,143,,,,0.33155227835987533,0.4175,0.3457687836587507,0.5083713850837138,0.4175,0.45847632120796156,0,0.0,334,-2,2,0.17875
quality_spherical_n800_g4_d4_noise0_s1,groups,spherical,800,4,4,0,2026092801,1,5,50,1,hdbscan_standard,point_cardinality,quality_spherical_n800_g4_d4_noise0,200,200,0,0,True,"{""1"":200,""2"":200,""3"":200,""4"":200}",da69327ecfdcd69b0c2bf55a5024909cab64169ff610479d098fd2b640f4cdfb,0.0,0.25625592371429273,0.37259372452782175,0.25625592371429273,0.2650915071426554,0.3215121451006206,0.8225,2,142,,,,0.3300913448052978,0.4175,0.34516575511539965,0.5075987841945289,0.4175,0.45816186556927296,0,0.0,334,-2,2,0.1775
quality_spherical_n800_g4_d4_noise0_s1,groups,spherical,800,4,4,0,2026092801,1,5,50,1,hgp_exclusive_point_routing,point_cardinality,quality_spherical_n800_g4_d4_noise0,200,200,0,0,True,"{""1"":200,""2"":200,""3"":200,""4"":200}",c3c0ac329233060869f543fa62213863385447104c97450497228880a12145c5,26.015186002041446,0.7318638128835153,0.7306892861176703,0.7318638128835153,0.7527037678867005,0.9395454702424119,0.8525,4,118,,,,0.976611946200171,0.8325,0.8978430420832081,0.9765395894428153,0.8325,0.8987854251012146,0,0.0,666,0,0,0.1475
quality_spherical_n800_g4_d4_noise0_s1,groups,spherical,800,4,4,0,2026092801,1,5,50,1,hgp_first_coverage,point_cardinality,quality_spherical_n800_g4_d4_noise0,200,200,0,0,True,"{""1"":200,""2"":200,""3"":200,""4"":200}",c254f460afe78d924cc2cbd94c7916bb1891d2255471e1987c5480b565ef4dfe,13.679615000000922,0.7213276629637823,0.721125724318363,0.7213276629637823,0.7430998323868916,0.9352701609885609,0.8475,4,122,,,,0.9751860548307683,0.82625,0.8933443856276704,0.9749262536873157,0.82625,0.8944519621109608,0,0.0,661,0,0,0.1525
quality_spherical_n800_g4_d4_noise0_s1,groups,spherical,800,4,4,0,2026092801,1,5,50,1,hgp_weighted_full_vote,facet_mass_before_vote,quality_spherical_n800_g4_d4_noise0,200,200,0,0,False,"{""1"":200,""2"":200,""3"":200,""4"":200}",e4bd175fdad35bfe644395d802c1d3853a85fdd80e31e8a2ad53d706040e4b47,923.9467090010294,0.3033468581093482,0.4824899639789073,0.3033468581093482,0.30370924455966025,0.31505747097220393,0.96,2,32,,,,0.3300623624358034,0.475,0.36340206185567014,0.4947916666666667,0.475,0.4846938775510204,0,0.0,380,-2,2,0.04
quality_spherical_n800_g4_d4_noise0_s1,groups,spherical,800,4,4,0,2026092801,1,5,50,2,hdbscan_common,point_cardinality,quality_spherical_n800_g4_d4_noise0,200,200,0,0,True,"{""1"":200,""2"":200,""3"":200,""4"":200}",7831e0783df2ee9051f6ca3b8af0c7cd41fb15833b2d19628880aed453e42cf7,15.85707599952002,0.40976659325234954,0.5662499534462062,0.40976659325234954,0.4824688609611821,0.9407631482623895,0.6325,4,294,,,,0.9756505283967901,0.6174999999999999,0.7504510591823514,0.9762845849802372,0.6175,0.7565084226646248,0,0.0,494,0,0,0.3675
quality_spherical_n800_g4_d4_noise0_s1,groups,spherical,800,4,4,0,2026092801,1,5,50,2,hgp_exclusive_point_routing,point_cardinality,quality_spherical_n800_g4_d4_noise0,200,200,0,0,True,"{""1"":200,""2"":200,""3"":200,""4"":200}",1779872ab7feb6d1449b777f3fffa09bc91f130516c34bdb67007bb38958fd6b,23.33790400007274,0.7318638128835153,0.7306892861176703,0.7318638128835153,0.7527037678867005,0.9395454702424119,0.8525,4,118,,,,0.976611946200171,0.8325,0.8978430420832081,0.9765395894428153,0.8325,0.8987854251012146,0,0.0,666,0,0,0.1475
quality_spherical_n800_g4_d4_noise0_s1,groups,spherical,800,4,4,0,2026092801,1,5,50,2,hgp_first_coverage,point_cardinality,quality_spherical_n800_g4_d4_noise0,200,200,0,0,True,"{""1"":200,""2"":200,""3"":200,""4"":200}",ff38c1f2ed0af9c6fb18014edd83bdfa89d5dcc06bda50d17143b8dd6a43549c,13.690126001165481,0.7213276629637823,0.721125724318363,0.7213276629637823,0.7430998323868916,0.9352701609885609,0.8475,4,122,,,,0.9751860548307683,0.82625,0.8933443856276704,0.9749262536873157,0.82625,0.8944519621109608,0,0.0,661,0,0,0.1525
quality_spherical_n800_g4_d4_noise0_s1,groups,spherical,800,4,4,0,2026092801,1,5,50,2,hgp_weighted_full_vote,facet_mass_before_vote,quality_spherical_n800_g4_d4_noise0,200,200,0,0,False,"{""1"":200,""2"":200,""3"":200,""4"":200}",55e02577cd2de6cfd3261d2879c86a56a5fb527c1409cc256453cfbbb4f79db4,915.3330190019915,0.3033468581093482,0.4824899639789073,0.3033468581093482,0.30370924455966025,0.31505747097220393,0.96,2,32,,,,0.3300623624358034,0.475,0.36340206185567014,0.4947916666666667,0.475,0.4846938775510204,0,0.0,380,-2,2,0.04
quality_spherical_n800_g4_d4_noise0_s2,groups,spherical,800,4,4,0,2026092802,2,5,20,1,hdbscan_common,point_cardinality,quality_spherical_n800_g4_d4_noise0,200,200,0,0,True,"{""1"":200,""2"":200,""3"":200,""4"":200}",c48b0710b0e7671135ec0f285d6989ca11ac3ae4e97ff0cd8a97ba66945a70e0,16.24997799808625,0.3289586947520277,0.5217541930938995,0.3289586947520277,0.41851113324151107,0.9413514740134659,0.58625,4,331,,,,0.9757947126091572,0.5725,0.7188949334769537,0.976545842217484,0.5725,0.7218282111899134,0,0.0,458,0,0,0.41375
quality_spherical_n800_g4_d4_noise0_s2,groups,spherical,800,4,4,0,2026092802,2,5,20,1,hdbscan_standard,point_cardinality,quality_spherical_n800_g4_d4_noise0,200,200,0,0,True,"{""1"":200,""2"":200,""3"":200,""4"":200}",3b647031a189db6f37ab8288372749b60c0c6167d14c8e5d6a91bbd93db6d35c,0.0,0.32837264186523113,0.5168149003921765,0.32837264186523113,0.4167057568964342,0.9307116486363389,0.58875,4,329,,,,0.9718628773823579,0.5725,0.7177441075195391,0.9723991507430998,0.5725,0.7206923682140047,0,0.0,458,0,0,0.41125
quality_spherical_n800_g4_d4_noise0_s2,groups,spherical,800,4,4,0,2026092802,2,5,20,1,hgp_exclusive_point_routing,point_cardinality,quality_spherical_n800_g4_d4_noise0,200,200,0,0,True,"{""1"":200,""2"":200,""3"":200,""4"":200}",1370c80bf1eead1dcd32e1bfd9127766c08f2c2bc4ec728cc53472c89a8e9513,31.09697999752825,0.7608531718327989,0.7248294294384204,0.7608531718327989,0.7711761823812977,0.8930303615579803,0.89875,4,81,,,,0.9580915901568076,0.8612500000000001,0.9067572312873786,0.9582753824756607,0.86125,0.9071757735352205,0,0.0,689,0,0,0.10125
quality_spherical_n800_g4_d4_noise0_s2,groups,spherical,800,4,4,0,2026092802,2,5,20,1,hgp_first_coverage,point_cardinality,quality_spherical_n800_g4_d4_noise0,200,200,0,0,True,"{""1"":200,""2"":200,""3"":200,""4"":200}",9d6310e50b01704ad9bb37542ea6c281d15871577b36141349149462137ea253,18.15083299879916,0.7499036271426326,0.722217390992764,0.7499036271426326,0.7633360988087042,0.9052462461585498,0.88375,4,93,,,,0.9631999114043313,0.8512500000000001,0.9032332828533254,0.9632248939179632,0.85125,0.9037823490378235,0,0.0,681,0,0,0.11625
quality_spherical_n800_g4_d4_noise0_s2,groups,spherical,800,4,4,0,2026092802,2,5,20,1,hgp_weighted_full_vote,facet_mass_before_vote,quality_spherical_n800_g4_d4_noise0,200,200,0,0,False,"{""1"":200,""2"":200,""3"":200,""4"":200}",5fac9640bc89465eeb9d1a906a502a5423c07c0fa2afb83b890ae5cf27bc9a30,856.3659349965747,0.7681355924443574,0.7306305670824772,0.7681355924443574,0.7776810597342217,0.8936247124857057,0.90375,4,77,,,,0.9582975366003331,0.86625,0.9096611214408288,0.9585062240663901,0.86625,0.9100459619172685,0,0.0,693,0,0,0.09625
quality_spherical_n800_g4_d4_noise0_s2,groups,spherical,800,4,4,0,2026092802,2,5,20,2,hdbscan_common,point_cardinality,quality_spherical_n800_g4_d4_noise0,200,200,0,0,True,"{""1"":200,""2"":200,""3"":200,""4"":200}",2d2c89c48f45a75583b988085a0b39b59d8a32858aa2bfdfffccb7f44444b071,16.11361400136957,0.3289586947520277,0.5217541930938995,0.3289586947520277,0.41851113324151107,0.9413514740134659,0.58625,4,331,,,,0.9757947126091572,0.5725,0.7188949334769537,0.976545842217484,0.5725,0.7218282111899134,0,0.0,458,0,0,0.41375
quality_spherical_n800_g4_d4_noise0_s2,groups,spherical,800,4,4,0,2026092802,2,5,20,2,hgp_exclusive_point_routing,point_cardinality,quality_spherical_n800_g4_d4_noise0,200,200,0,0,True,"{""1"":200,""2"":200,""3"":200,""4"":200}",14e69500cec486f91075f96598c2f6967b3fcd04c3c04a05eace8cf1c29e23fc,23.333254997851327,0.7608531718327989,0.7248294294384204,0.7608531718327989,0.7711761823812977,0.8930303615579803,0.89875,4,81,,,,0.9580915901568076,0.8612500000000001,0.9067572312873786,0.9582753824756607,0.86125,0.9071757735352205,0,0.0,689,0,0,0.10125
quality_spherical_n800_g4_d4_noise0_s2,groups,spherical,800,4,4,0,2026092802,2,5,20,2,hgp_first_coverage,point_cardinality,quality_spherical_n800_g4_d4_noise0,200,200,0,0,True,"{""1"":200,""2"":200,""3"":200,""4"":200}",1dd709d4428c6b76011886aebd24d8111ed5c5c8e2dc519355bbbef31592b35d,14.226936000341084,0.7499036271426326,0.722217390992764,0.7499036271426326,0.7633360988087042,0.9052462461585498,0.88375,4,93,,,,0.9631999114043313,0.8512500000000001,0.9032332828533254,0.9632248939179632,0.85125,0.9037823490378235,0,0.0,681,0,0,0.11625
quality_spherical_n800_g4_d4_noise0_s2,groups,spherical,800,4,4,0,2026092802,2,5,20,2,hgp_weighted_full_vote,facet_mass_before_vote,quality_spherical_n800_g4_d4_noise0,200,200,0,0,False,"{""1"":200,""2"":200,""3"":200,""4"":200}",27590afdc6de47b1f73764564a40816ed96d29e9fc605c28f9f405a0b73a522a,920.6108400030644,0.7681355924443574,0.7306305670824772,0.7681355924443574,0.7776810597342217,0.8936247124857057,0.90375,4,77,,,,0.9582975366003331,0.86625,0.9096611214408288,0.9585062240663901,0.86625,0.9100459619172685,0,0.0,693,0,0,0.09625
quality_spherical_n800_g4_d4_noise0_s2,groups,spherical,800,4,4,0,2026092802,2,5,50,1,hdbscan_common,point_cardinality,quality_spherical_n800_g4_d4_noise0,200,200,0,0,True,"{""1"":200,""2"":200,""3"":200,""4"":200}",d661ab8f950eb12483078fcc5d05966029a45841d25cd3df3fc1ad4191604460,17.224365001311526,0.3289586947520277,0.5217541930938995,0.3289586947520277,0.41851113324151107,0.9413514740134659,0.58625,4,331,,,,0.9757947126091572,0.5725,0.7188949334769537,0.976545842217484,0.5725,0.7218282111899134,0,0.0,458,0,0,0.41375
quality_spherical_n800_g4_d4_noise0_s2,groups,spherical,800,4,4,0,2026092802,2,5,50,1,hdbscan_standard,point_cardinality,quality_spherical_n800_g4_d4_noise0,200,200,0,0,True,"{""1"":200,""2"":200,""3"":200,""4"":200}",3b3dc470cabcdb4c42f6865dbc1d32599c284ff781d977b2571beffa4f15b6df,0.0,0.32837264186523113,0.5168149003921765,0.32837264186523113,0.4167057568964342,0.9307116486363389,0.58875,4,329,,,,0.9718628773823579,0.5725,0.7177441075195391,0.9723991507430998,0.5725,0.7206923682140047,0,0.0,458,0,0,0.41125
quality_spherical_n800_g4_d4_noise0_s2,groups,spherical,800,4,4,0,2026092802,2,5,50,1,hgp_exclusive_point_routing,point_cardinality,quality_spherical_n800_g4_d4_noise0,200,200,0,0,True,"{""1"":200,""2"":200,""3"":200,""4"":200}",374bc4a61f19f647864e926dc831136a0b92449a58f22b7316422a7a92c4cf8d,24.696917993423995,0.7608531718327989,0.7248294294384204,0.7608531718327989,0.7711761823812977,0.8930303615579803,0.89875,4,81,,,,0.9580915901568076,0.8612500000000001,0.9067572312873786,0.9582753824756607,0.86125,0.9071757735352205,0,0.0,689,0,0,0.10125
quality_spherical_n800_g4_d4_noise0_s2,groups,spherical,800,4,4,0,2026092802,2,5,50,1,hgp_first_coverage,point_cardinality,quality_spherical_n800_g4_d4_noise0,200,200,0,0,True,"{""1"":200,""2"":200,""3"":200,""4"":200}",9099c569de6601b9bde4af695cb98f5fc16f16d1160d69e71138ebad22da0423,16.483303006680217,0.7499036271426326,0.722217390992764,0.7499036271426326,0.7633360988087042,0.9052462461585498,0.88375,4,93,,,,0.9631999114043313,0.8512500000000001,0.9032332828533254,0.9632248939179632,0.85125,0.9037823490378235,0,0.0,681,0,0,0.11625
quality_spherical_n800_g4_d4_noise0_s2,groups,spherical,800,4,4,0,2026092802,2,5,50,1,hgp_weighted_full_vote,facet_mass_before_vote,quality_spherical_n800_g4_d4_noise0,200,200,0,0,False,"{""1"":200,""2"":200,""3"":200,""4"":200}",fbfd5813ac53fbbf81eff0917075b3d2e046b5164436397c6847f5c3ceea2563,924.2858620054903,0.7681355924443574,0.7306305670824772,0.7681355924443574,0.7776810597342217,0.8936247124857057,0.90375,4,77,,,,0.9582975366003331,0.86625,0.9096611214408288,0.9585062240663901,0.86625,0.9100459619172685,0,0.0,693,0,0,0.09625
quality_spherical_n800_g4_d4_noise0_s2,groups,spherical,800,4,4,0,2026092802,2,5,50,2,hdbscan_common,point_cardinality,quality_spherical_n800_g4_d4_noise0,200,200,0,0,True,"{""1"":200,""2"":200,""3"":200,""4"":200}",cb8ce9f0728d8e6be3326344b899731a99ca01c6b791ac26055e973cf2396766,17.82083700527437,0.3289586947520277,0.5217541930938995,0.3289586947520277,0.41851113324151107,0.9413514740134659,0.58625,4,331,,,,0.9757947126091572,0.5725,0.7188949334769537,0.976545842217484,0.5725,0.7218282111899134,0,0.0,458,0,0,0.41375
quality_spherical_n800_g4_d4_noise0_s2,groups,spherical,800,4,4,0,2026092802,2,5,50,2,hgp_exclusive_point_routing,point_cardinality,quality_spherical_n800_g4_d4_noise0,200,200,0,0,True,"{""1"":200,""2"":200,""3"":200,""4"":200}",b2aa5ac4e34ad0ab62464b5f5cc187806e5a784354d870119635eefe14d94ce4,25.04701999714598,0.7608531718327989,0.7248294294384204,0.7608531718327989,0.7711761823812977,0.8930303615579803,0.89875,4,81,,,,0.9580915901568076,0.8612500000000001,0.9067572312873786,0.9582753824756607,0.86125,0.9071757735352205,0,0.0,689,0,0,0.10125
quality_spherical_n800_g4_d4_noise0_s2,groups,spherical,800,4,4,0,2026092802,2,5,50,2,hgp_first_coverage,point_cardinality,quality_spherical_n800_g4_d4_noise0,200,200,0,0,True,"{""1"":200,""2"":200,""3"":200,""4"":200}",08ad0e8793dc00a61cadceb25b660838a0745eb255eb66fb210b1231fd457695,16.086503004771657,0.7499036271426326,0.722217390992764,0.7499036271426326,0.7633360988087042,0.9052462461585498,0.88375,4,93,,,,0.9631999114043313,0.8512500000000001,0.9032332828533254,0.9632248939179632,0.85125,0.9037823490378235,0,0.0,681,0,0,0.11625
quality_spherical_n800_g4_d4_noise0_s2,groups,spherical,800,4,4,0,2026092802,2,5,50,2,hgp_weighted_full_vote,facet_mass_before_vote,quality_spherical_n800_g4_d4_noise0,200,200,0,0,False,"{""1"":200,""2"":200,""3"":200,""4"":200}",31a1123a33d25686e97c0d325caa8cd3751b2edfde0ea1af15398af8d610735b,1267.4090799991973,0.7681355924443574,0.7306305670824772,0.7681355924443574,0.7776810597342217,0.8936247124857057,0.90375,4,77,,,,0.9582975366003331,0.86625,0.9096611214408288,0.9585062240663901,0.86625,0.9100459619172685,0,0.0,693,0,0,0.09625
quality_spherical_n800_g8_d2_noise0_s1,difficulty,spherical,800,8,2,0,2026092801,1,5,20,1,hdbscan_common,point_cardinality,quality_spherical_n800_g8_d2_noise0,100,100,0,0,True,"{""1"":100,""2"":100,""3"":100,""4"":100,""5"":100,""6"":100,""7"":100,""8"":100}",529185c589263e8dc9acb371c26f0a93f9cd7d12a8a1a62a171f7dc2fbb0e7bc,19.972950001829304,0.018457966950025367,0.09063505111207817,0.018457966950025367,0.049825285855315,0.15545330850668904,0.28625,2,571,,,,0.08507799671592775,0.0925,0.08701197870452529,0.3231441048034934,0.0925,0.14382896015549076,0,0.0,74,-6,6,0.71375
quality_spherical_n800_g8_d2_noise0_s1,difficulty,spherical,800,8,2,0,2026092801,1,5,20,1,hdbscan_standard,point_cardinality,quality_spherical_n800_g8_d2_noise0,100,100,0,0,True,"{""1"":100,""2"":100,""3"":100,""4"":100,""5"":100,""6"":100,""7"":100,""8"":100}",5a595fe70af4ca8d8218077e404bf1537b6f2cf5cb15d4198b007bf395e9beac,0.0,0.018163012791178858,0.08971950992738474,0.018163012791178858,0.04931981191344375,0.15383565134541077,0.2875,2,570,,,,0.08484181343770385,0.0925,0.08684605867797808,0.3217391304347826,0.0925,0.1436893203883495,0,0.0,74,-6,6,0.7125
quality_spherical_n800_g8_d2_noise0_s1,difficulty,spherical,800,8,2,0,2026092801,1,5,20,1,hgp_exclusive_point_routing,point_cardinality,quality_spherical_n800_g8_d2_noise0,100,100,0,0,True,"{""1"":100,""2"":100,""3"":100,""4"":100,""5"":100,""6"":100,""7"":100,""8"":100}",7b23a6e8bb6cbd17c57d6f3324c383e11587d357b5e569cfd6b9d32c14754842,29.765218001557514,0.0397309563137264,0.21095166959873424,0.0397309563137264,0.0949516453233466,0.28424700238660094,0.4425,8,446,,,,0.4946016250017064,0.22,0.28796499227224776,0.4971751412429379,0.22,0.3050259965337955,0,0.0,176,0,0,0.5575
quality_spherical_n800_g8_d2_noise0_s1,difficulty,spherical,800,8,2,0,2026092801,1,5,20,1,hgp_first_coverage,point_cardinality,quality_spherical_n800_g8_d2_noise0,100,100,0,0,True,"{""1"":100,""2"":100,""3"":100,""4"":100,""5"":100,""6"":100,""7"":100,""8"":100}",cca73bc3a5d43ed8f9888b08b2211ceea9a81afa68dd4ed96d531a4a1090c656,18.02424599736696,0.02826696826003144,0.1948271919090719,0.02826696826003144,0.08372852742235386,0.3313228784944729,0.36,6,512,,,,0.47527412280701753,0.20375,0.27177700244232506,0.5659722222222222,0.20375,0.29963235294117646,0,0.0,163,-2,2,0.64
quality_spherical_n800_g8_d2_noise0_s1,difficulty,spherical,800,8,2,0,2026092801,1,5,20,1,hgp_weighted_full_vote,facet_mass_before_vote,quality_spherical_n800_g8_d2_noise0,100,100,0,0,False,"{""1"":100,""2"":100,""3"":100,""4"":100,""5"":100,""6"":100,""7"":100,""8"":100}",be5f62cedca74bf1225893230c65de1b5b093df2540df2b838afe4c86500d25d,978.0681199990795,0.035736463924925986,0.10325559453494795,0.035736463924925986,0.057725111419788484,0.08957539605401314,0.39625,2,483,,,,0.07971618357487922,0.1125,0.0889463141025641,0.28391167192429023,0.1125,0.1611459265890779,0,0.0,90,-6,6,0.60375
quality_spherical_n800_g8_d2_noise0_s1,difficulty,spherical,800,8,2,0,2026092801,1,5,20,2,hdbscan_common,point_cardinality,quality_spherical_n800_g8_d2_noise0,100,100,0,0,True,"{""1"":100,""2"":100,""3"":100,""4"":100,""5"":100,""6"":100,""7"":100,""8"":100}",043e22df9ad687ec24ef9ea8628b83d1921bca68e10bf252c62a9c66cb1c4b95,19.021897001948673,0.018457966950025367,0.09063505111207817,0.018457966950025367,0.049825285855315,0.15545330850668904,0.28625,2,571,,,,0.08507799671592775,0.0925,0.08701197870452529,0.3231441048034934,0.0925,0.14382896015549076,0,0.0,74,-6,6,0.71375
quality_spherical_n800_g8_d2_noise0_s1,difficulty,spherical,800,8,2,0,2026092801,1,5,20,2,hgp_exclusive_point_routing,point_cardinality,quality_spherical_n800_g8_d2_noise0,100,100,0,0,True,"{""1"":100,""2"":100,""3"":100,""4"":100,""5"":100,""6"":100,""7"":100,""8"":100}",8fa90bf6d1dbf4e1b819aa61750722b61e31040273d60e54d6ee0c159917935d,23.79734099667985,0.0397309563137264,0.21095166959873424,0.0397309563137264,0.0949516453233466,0.28424700238660094,0.4425,8,446,,,,0.4946016250017064,0.22,0.28796499227224776,0.4971751412429379,0.22,0.3050259965337955,0,0.0,176,0,0,0.5575
quality_spherical_n800_g8_d2_noise0_s1,difficulty,spherical,800,8,2,0,2026092801,1,5,20,2,hgp_first_coverage,point_cardinality,quality_spherical_n800_g8_d2_noise0,100,100,0,0,True,"{""1"":100,""2"":100,""3"":100,""4"":100,""5"":100,""6"":100,""7"":100,""8"":100}",c32a2d8ff12e6f7ecc9e9c3cf95f8a5a4639bbf1be660e2f87aa93d34d35da67,16.16541099792812,0.02826696826003144,0.1948271919090719,0.02826696826003144,0.08372852742235386,0.3313228784944729,0.36,6,512,,,,0.47527412280701753,0.20375,0.27177700244232506,0.5659722222222222,0.20375,0.29963235294117646,0,0.0,163,-2,2,0.64
quality_spherical_n800_g8_d2_noise0_s1,difficulty,spherical,800,8,2,0,2026092801,1,5,20,2,hgp_weighted_full_vote,facet_mass_before_vote,quality_spherical_n800_g8_d2_noise0,100,100,0,0,False,"{""1"":100,""2"":100,""3"":100,""4"":100,""5"":100,""6"":100,""7"":100,""8"":100}",71fb7226cade132579520686afa527f45942bd24fb728c1ed41368b679a48c11,1033.071473997552,0.035736463924925986,0.10325559453494795,0.035736463924925986,0.057725111419788484,0.08957539605401314,0.39625,2,483,,,,0.07971618357487922,0.1125,0.0889463141025641,0.28391167192429023,0.1125,0.1611459265890779,0,0.0,90,-6,6,0.60375
quality_spherical_n800_g8_d2_noise0_s1,difficulty,spherical,800,8,2,0,2026092801,1,5,50,1,hdbscan_common,point_cardinality,quality_spherical_n800_g8_d2_noise0,100,100,0,0,True,"{""1"":100,""2"":100,""3"":100,""4"":100,""5"":100,""6"":100,""7"":100,""8"":100}",e10f421cee90547d59f729a72b6a4234ddd116caa228df1ea39eaa2497f2e86a,15.769452002132311,0.018457966950025367,0.09063505111207817,0.018457966950025367,0.049825285855315,0.15545330850668904,0.28625,2,571,,,,0.08507799671592775,0.0925,0.08701197870452529,0.3231441048034934,0.0925,0.14382896015549076,0,0.0,74,-6,6,0.71375
quality_spherical_n800_g8_d2_noise0_s1,difficulty,spherical,800,8,2,0,2026092801,1,5,50,1,hdbscan_standard,point_cardinality,quality_spherical_n800_g8_d2_noise0,100,100,0,0,True,"{""1"":100,""2"":100,""3"":100,""4"":100,""5"":100,""6"":100,""7"":100,""8"":100}",e007a1638e33b19d02e94ad17a69403726ae982de644c36b2280d5f7a715e66b,0.0,0.018163012791178858,0.08971950992738474,0.018163012791178858,0.04931981191344375,0.15383565134541077,0.2875,2,570,,,,0.08484181343770385,0.0925,0.08684605867797808,0.3217391304347826,0.0925,0.1436893203883495,0,0.0,74,-6,6,0.7125
quality_spherical_n800_g8_d2_noise0_s1,difficulty,spherical,800,8,2,0,2026092801,1,5,50,1,hgp_exclusive_point_routing,point_cardinality,quality_spherical_n800_g8_d2_noise0,100,100,0,0,True,"{""1"":100,""2"":100,""3"":100,""4"":100,""5"":100,""6"":100,""7"":100,""8"":100}",c96c918ad29c4ac84c222db462c3f377cc245739e629074b139a9f32d566a647,22.21536100114463,0.032943833383882994,0.10042437222849467,0.032943833383882994,0.055632865558385265,0.09059133695783093,0.3725,2,502,,,,0.08396660674402134,0.11125,0.09126588372852795,0.2986577181208054,0.11125,0.1621129326047359,0,0.0,89,-6,6,0.6275
quality_spherical_n800_g8_d2_noise0_s1,difficulty,spherical,800,8,2,0,2026092801,1,5,50,1,hgp_first_coverage,point_cardinality,quality_spherical_n800_g8_d2_noise0,100,100,0,0,True,"{""1"":100,""2"":100,""3"":100,""4"":100,""5"":100,""6"":100,""7"":100,""8"":100}",c641c696d4a37698f90b4af18cc16d6b1b296dfd64625067d3e1993d85f5e41e,13.4980570001062,0.030148509203296613,0.09733394826075462,0.030148509203296613,0.05421770727214806,0.09544142651363897,0.34125,2,527,,,,0.08863341968911917,0.1075,0.09266211604095564,0.315018315018315,0.1075,0.1602982292637465,0,0.0,86,-6,6,0.65875
quality_spherical_n800_g8_d2_noise0_s1,difficulty,spherical,800,8,2,0,2026092801,1,5,50,1,hgp_weighted_full_vote,facet_mass_before_vote,quality_spherical_n800_g8_d2_noise0,100,100,0,0,False,"{""1"":100,""2"":100,""3"":100,""4"":100,""5"":100,""6"":100,""7"":100,""8"":100}",177842b8cccc731810af35184753a819abb07d2eba38988e89cd18ce346ef576,1364.0140510033234,0.0,0.0,0.0,0.0,,0.0,0,800,,,,0.0,0.0,0.0,0.0,0.0,0.0,0,0.0,0,-8,8,1.0
quality_spherical_n800_g8_d2_noise0_s1,difficulty,spherical,800,8,2,0,2026092801,1,5,50,2,hdbscan_common,point_cardinality,quality_spherical_n800_g8_d2_noise0,100,100,0,0,True,"{""1"":100,""2"":100,""3"":100,""4"":100,""5"":100,""6"":100,""7"":100,""8"":100}",9740517a1990e28a0112840c70e718c38a444f3b83e6045b43ea8ce9a34b54f1,16.10620000428753,0.018457966950025367,0.09063505111207817,0.018457966950025367,0.049825285855315,0.15545330850668904,0.28625,2,571,,,,0.08507799671592775,0.0925,0.08701197870452529,0.3231441048034934,0.0925,0.14382896015549076,0,0.0,74,-6,6,0.71375
quality_spherical_n800_g8_d2_noise0_s1,difficulty,spherical,800,8,2,0,2026092801,1,5,50,2,hgp_exclusive_point_routing,point_cardinality,quality_spherical_n800_g8_d2_noise0,100,100,0,0,True,"{""1"":100,""2"":100,""3"":100,""4"":100,""5"":100,""6"":100,""7"":100,""8"":100}",882d54fcbe2430080befab6f6382661f782032522d8925968ca0c88ad8d45425,23.470560998248402,0.03336775879494991,0.10099741046243801,0.03336775879494991,0.056154200274253246,0.09099792154996021,0.37375,2,501,,,,0.08382129689872045,0.11125,0.09113190730837789,0.2976588628762542,0.11125,0.16196542311191992,0,0.0,89,-6,6,0.62625
quality_spherical_n800_g8_d2_noise0_s1,difficulty,spherical,800,8,2,0,2026092801,1,5,50,2,hgp_first_coverage,point_cardinality,quality_spherical_n800_g8_d2_noise0,100,100,0,0,True,"{""1"":100,""2"":100,""3"":100,""4"":100,""5"":100,""6"":100,""7"":100,""8"":100}",99c0de8adfbcd23562042afb48c8adfbed1f26543f69f1062aae16edcce73ded,13.993931999721099,0.030148509203296613,0.09733394826075462,0.030148509203296613,0.05421770727214806,0.09544142651363897,0.34125,2,527,,,,0.08863341968911917,0.1075,0.09266211604095564,0.315018315018315,0.1075,0.1602982292637465,0,0.0,86,-6,6,0.65875
quality_spherical_n800_g8_d2_noise0_s1,difficulty,spherical,800,8,2,0,2026092801,1,5,50,2,hgp_weighted_full_vote,facet_mass_before_vote,quality_spherical_n800_g8_d2_noise0,100,100,0,0,False,"{""1"":100,""2"":100,""3"":100,""4"":100,""5"":100,""6"":100,""7"":100,""8"":100}",1b69d95059b8ff8b3d5e2199669542f35504a1d8d4fdf04694e04070a0bdbb94,1401.3552140022512,0.0,0.0,0.0,0.0,,0.0,0,800,,,,0.0,0.0,0.0,0.0,0.0,0.0,0,0.0,0,-8,8,1.0
quality_spherical_n800_g8_d2_noise0_s2,difficulty,spherical,800,8,2,0,2026092802,2,5,20,1,hdbscan_common,point_cardinality,quality_spherical_n800_g8_d2_noise0,100,100,0,0,True,"{""1"":100,""2"":100,""3"":100,""4"":100,""5"":100,""6"":100,""7"":100,""8"":100}",d4640c2b7ed721cbfee98df7aea66177f997f5478470c0c592d8864564e3c632,17.282603002968244,0.014555226028700248,0.05070967624712626,0.014555226028700248,0.01892646655312433,0.020071821128144308,0.47375,2,421,,,,0.11724917239623121,0.095,0.0671117767335079,0.20052770448548812,0.095,0.1289228159457167,0,0.0,76,-6,6,0.52625
quality_spherical_n800_g8_d2_noise0_s2,difficulty,spherical,800,8,2,0,2026092802,2,5,20,1,hdbscan_standard,point_cardinality,quality_spherical_n800_g8_d2_noise0,100,100,0,0,True,"{""1"":100,""2"":100,""3"":100,""4"":100,""5"":100,""6"":100,""7"":100,""8"":100}",ac7b7a06b284dbe7db26d752b0eff3d633658f04b73fd0625ed8566fc044912d,0.0,0.014920759699819913,0.05120325235770253,0.014920759699819913,0.01920480540738273,0.020072182370632352,0.475,2,420,,,,0.11754062976130014,0.09625,0.06758715727682726,0.2026315789473684,0.09625,0.13050847457627118,0,0.0,77,-6,6,0.525
quality_spherical_n800_g8_d2_noise0_s2,difficulty,spherical,800,8,2,0,2026092802,2,5,20,1,hgp_exclusive_point_routing,point_cardinality,quality_spherical_n800_g8_d2_noise0,100,100,0,0,True,"{""1"":100,""2"":100,""3"":100,""4"":100,""5"":100,""6"":100,""7"":100,""8"":100}",ea802a69e1323c1e1d2655587d4cfacdaabd96e2885dc6877c44c81951304971,29.774405003990978,0.02169510170568565,0.11745666304829294,0.02169510170568565,0.02212011765356188,0.023571284375909232,0.7825,4,174,,,,0.26438926431212545,0.16125,0.12373193685923556,0.20607028753993611,0.16125,0.18092566619915848,0,0.0,129,-4,4,0.2175
quality_spherical_n800_g8_d2_noise0_s2,difficulty,spherical,800,8,2,0,2026092802,2,5,20,1,hgp_first_coverage,point_cardinality,quality_spherical_n800_g8_d2_noise0,100,100,0,0,True,"{""1"":100,""2"":100,""3"":100,""4"":100,""5"":100,""6"":100,""7"":100,""8"":100}",d146982a0b67963291bc86a24ad10b892efc5f097b50aec7f8cb36406fac74f2,18.802506994688883,0.02141701471556625,0.11428979440197809,0.02141701471556625,0.021984760835040272,0.023576143181043216,0.77125,4,183,,,,0.25917702843653934,0.16,0.12217751157112912,0.20745542949756887,0.16,0.1806633733239238,0,0.0,128,-4,4,0.22875
quality_spherical_n800_g8_d2_noise0_s2,difficulty,spherical,800,8,2,0,2026092802,2,5,20,1,hgp_weighted_full_vote,facet_mass_before_vote,quality_spherical_n800_g8_d2_noise0,100,100,0,0,False,"{""1"":100,""2"":100,""3"":100,""4"":100,""5"":100,""6"":100,""7"":100,""8"":100}",b24675654a33727d6d14375238bf3653b22edd6e6aca2e704c2eb591e09135f6,929.1332900029374,0.01899795518950066,0.08653568105773629,0.01899795518950066,0.0403496225749132,0.11044974509906091,0.2575,2,594,,,,0.07550972024656236,0.0775,0.07637623040466643,0.30097087378640774,0.0775,0.12326043737574553,0,0.0,62,-6,6,0.7425
quality_spherical_n800_g8_d2_noise0_s2,difficulty,spherical,800,8,2,0,2026092802,2,5,20,2,hdbscan_common,point_cardinality,quality_spherical_n800_g8_d2_noise0,100,100,0,0,True,"{""1"":100,""2"":100,""3"":100,""4"":100,""5"":100,""6"":100,""7"":100,""8"":100}",c54fe1f2d1be453f5833a9a743929e75602a1e8b7975aa8deda28844a0ff3b59,16.043914001784287,0.014555226028700248,0.05070967624712626,0.014555226028700248,0.01892646655312433,0.020071821128144308,0.47375,2,421,,,,0.11724917239623121,0.095,0.0671117767335079,0.20052770448548812,0.095,0.1289228159457167,0,0.0,76,-6,6,0.52625
quality_spherical_n800_g8_d2_noise0_s2,difficulty,spherical,800,8,2,0,2026092802,2,5,20,2,hgp_exclusive_point_routing,point_cardinality,quality_spherical_n800_g8_d2_noise0,100,100,0,0,True,"{""1"":100,""2"":100,""3"":100,""4"":100,""5"":100,""6"":100,""7"":100,""8"":100}",0620b0708f39ab34bd2b27a02d50ca79c735c51a1d872832092a8db3159ef2e8,24.5297159999609,0.021680712458021265,0.11719228661610176,0.021680712458021265,0.022104651084011693,0.023553967069818733,0.7825,4,174,,,,0.2637642045454546,0.16,0.12200590393213344,0.20447284345047922,0.16,0.17952314165497896,0,0.0,128,-4,4,0.2175
quality_spherical_n800_g8_d2_noise0_s2,difficulty,spherical,800,8,2,0,2026092802,2,5,20,2,hgp_first_coverage,point_cardinality,quality_spherical_n800_g8_d2_noise0,100,100,0,0,True,"{""1"":100,""2"":100,""3"":100,""4"":100,""5"":100,""6"":100,""7"":100,""8"":100}",479e30be50700addc6c758048fc748ca564234ec3e950434c2385b49550c8a80,16.76375600072788,0.02141701471556625,0.11428979440197809,0.02141701471556625,0.021984760835040272,0.023576143181043216,0.77125,4,183,,,,0.25917702843653934,0.16,0.12217751157112912,0.20745542949756887,0.16,0.1806633733239238,0,0.0,128,-4,4,0.22875
quality_spherical_n800_g8_d2_noise0_s2,difficulty,spherical,800,8,2,0,2026092802,2,5,20,2,hgp_weighted_full_vote,facet_mass_before_vote,quality_spherical_n800_g8_d2_noise0,100,100,0,0,False,"{""1"":100,""2"":100,""3"":100,""4"":100,""5"":100,""6"":100,""7"":100,""8"":100}",9a4a50b0adfd57f5e54794e44b6c9b4b8acc2c06eb7f02bbe9fc9d77263144f3,982.4434570036829,0.02761921820719314,0.13611570487470373,0.02761921820719314,0.0645854177592202,0.19943917220246468,0.335,3,532,,,,0.1380491827860249,0.1175,0.12540792540792542,0.35074626865671643,0.1175,0.1760299625468165,0,0.0,94,-5,5,0.665
quality_spherical_n800_g8_d2_noise0_s2,difficulty,spherical,800,8,2,0,2026092802,2,5,50,1,hdbscan_common,point_cardinality,quality_spherical_n800_g8_d2_noise0,100,100,0,0,True,"{""1"":100,""2"":100,""3"":100,""4"":100,""5"":100,""6"":100,""7"":100,""8"":100}",62000d7747cf92d4b69798f215e7735e97d7885ea541a80ea74737aaa7643ccf,15.596350000123493,0.014748821408575674,0.08428858994837722,0.014748821408575674,0.04012347885649446,0.13236779780077162,0.26375,2,589,,,,0.09172998986828773,0.0875,0.08691115450329509,0.33175355450236965,0.0875,0.13847675568743817,0,0.0,70,-6,6,0.73625
quality_spherical_n800_g8_d2_noise0_s2,difficulty,spherical,800,8,2,0,2026092802,2,5,50,1,hdbscan_standard,point_cardinality,quality_spherical_n800_g8_d2_noise0,100,100,0,0,True,"{""1"":100,""2"":100,""3"":100,""4"":100,""5"":100,""6"":100,""7"":100,""8"":100}",426bfcf05c491a901c25bbf7611d73ccb7ec98e7b71599a32d9e2f6e23a0ed6e,0.0,0.015163539470177193,0.08552064328168099,0.015163539470177193,0.0410753612722959,0.13475508754448962,0.265,2,588,,,,0.09266057336929377,0.08875,0.0880893450777705,0.33490566037735847,0.08875,0.14031620553359683,0,0.0,71,-6,6,0.735
quality_spherical_n800_g8_d2_noise0_s2,difficulty,spherical,800,8,2,0,2026092802,2,5,50,1,hgp_exclusive_point_routing,point_cardinality,quality_spherical_n800_g8_d2_noise0,100,100,0,0,True,"{""1"":100,""2"":100,""3"":100,""4"":100,""5"":100,""6"":100,""7"":100,""8"":100}",5b6f28a5539e4222abee8f3305c72a5c3f870d922cca25e14d302bb5f51f5318,21.904271001403686,0.023804850712684122,0.12561166650281916,0.023804850712684122,0.0569475502814453,0.18589920887911504,0.32,3,544,,,,0.13678162395129845,0.11125,0.12063587768931713,0.34765625,0.11125,0.16856060606060605,0,0.0,89,-5,5,0.68
quality_spherical_n800_g8_d2_noise0_s2,difficulty,spherical,800,8,2,0,2026092802,2,5,50,1,hgp_first_coverage,point_cardinality,quality_spherical_n800_g8_d2_noise0,100,100,0,0,True,"{""1"":100,""2"":100,""3"":100,""4"":100,""5"":100,""6"":100,""7"":100,""8"":100}",07ef3983ebe6798862d9f858ac7e2051ac59b0738fb37c6a7e08ecdc8b0e14e1,15.34618399455212,0.022449781264315807,0.12661417532351812,0.022449781264315807,0.0565367402808047,0.19732809208691343,0.30875,3,553,,,,0.1400878975895022,0.11000000000000001,0.1211186305732484,0.3562753036437247,0.11,0.16809933142311365,0,0.0,88,-5,5,0.69125
quality_spherical_n800_g8_d2_noise0_s2,difficulty,spherical,800,8,2,0,2026092802,2,5,50,1,hgp_weighted_full_vote,facet_mass_before_vote,quality_spherical_n800_g8_d2_noise0,100,100,0,0,False,"{""1"":100,""2"":100,""3"":100,""4"":100,""5"":100,""6"":100,""7"":100,""8"":100}",bed3aebeaac0498e9be215d090ea325c11897eeb36d3ec84579a09fcb7c8f8d9,1314.3814180002664,0.0,0.0,0.0,0.0,,0.0,0,800,,,,0.0,0.0,0.0,0.0,0.0,0.0,0,0.0,0,-8,8,1.0
quality_spherical_n800_g8_d2_noise0_s2,difficulty,spherical,800,8,2,0,2026092802,2,5,50,2,hdbscan_common,point_cardinality,quality_spherical_n800_g8_d2_noise0,100,100,0,0,True,"{""1"":100,""2"":100,""3"":100,""4"":100,""5"":100,""6"":100,""7"":100,""8"":100}",4e4fbdea6118ae171b5d30b1a9c98c30a9f4e2804f1f13f65fed5e086b40726d,15.78650400188053,0.014748821408575674,0.08428858994837722,0.014748821408575674,0.04012347885649446,0.13236779780077162,0.26375,2,589,,,,0.09172998986828773,0.0875,0.08691115450329509,0.33175355450236965,0.0875,0.13847675568743817,0,0.0,70,-6,6,0.73625
quality_spherical_n800_g8_d2_noise0_s2,difficulty,spherical,800,8,2,0,2026092802,2,5,50,2,hgp_exclusive_point_routing,point_cardinality,quality_spherical_n800_g8_d2_noise0,100,100,0,0,True,"{""1"":100,""2"":100,""3"":100,""4"":100,""5"":100,""6"":100,""7"":100,""8"":100}",46837d381decee77f1bda7a6bbf1c8b0201e61e0069b2aad2c8a61c187196ea7,22.78939099778654,0.023804850712684122,0.12561166650281916,0.023804850712684122,0.0569475502814453,0.18589920887911504,0.32,3,544,,,,0.13678162395129845,0.11125,0.12063587768931713,0.34765625,0.11125,0.16856060606060605,0,0.0,89,-5,5,0.68
quality_spherical_n800_g8_d2_noise0_s2,difficulty,spherical,800,8,2,0,2026092802,2,5,50,2,hgp_first_coverage,point_cardinality,quality_spherical_n800_g8_d2_noise0,100,100,0,0,True,"{""1"":100,""2"":100,""3"":100,""4"":100,""5"":100,""6"":100,""7"":100,""8"":100}",4d1803a9263b7799ed342320b21f830728c96f0823ff94df3db7fd7941463992,15.545043999736663,0.022449781264315807,0.12661417532351812,0.022449781264315807,0.0565367402808047,0.19732809208691343,0.30875,3,553,,,,0.1400878975895022,0.11000000000000001,0.1211186305732484,0.3562753036437247,0.11,0.16809933142311365,0,0.0,88,-5,5,0.69125
quality_spherical_n800_g8_d2_noise0_s2,difficulty,spherical,800,8,2,0,2026092802,2,5,50,2,hgp_weighted_full_vote,facet_mass_before_vote,quality_spherical_n800_g8_d2_noise0,100,100,0,0,False,"{""1"":100,""2"":100,""3"":100,""4"":100,""5"":100,""6"":100,""7"":100,""8"":100}",8728a581a44d1efc16affed69688da4d6eea96913ec03b3a41e4a8b844f404af,1337.0991879928624,0.0,0.0,0.0,0.0,,0.0,0,800,,,,0.0,0.0,0.0,0.0,0.0,0.0,0,0.0,0,-8,8,1.0
quality_spherical_n800_g8_d4_noise0_s1,size,spherical,800,8,4,0,2026092801,1,5,20,1,hdbscan_common,point_cardinality,quality_spherical_n800_g8_d4_noise0,100,100,0,0,True,"{""1"":100,""2"":100,""3"":100,""4"":100,""5"":100,""6"":100,""7"":100,""8"":100}",12a3743196360dc6ff18b298eb9e7e1d69838d8264b2eb93c3338261917103f1,18.627130997629138,0.1642195374729392,0.447430763274458,0.1642195374729392,0.1654686856481155,0.17150566599937714,0.92375,3,61,,,,0.27169051878354206,0.34625,0.2735746607305114,0.37483085250338294,0.34625,0.3599740090968161,0,0.0,277,-5,5,0.07625
quality_spherical_n800_g8_d4_noise0_s1,size,spherical,800,8,4,0,2026092801,1,5,20,1,hdbscan_standard,point_cardinality,quality_spherical_n800_g8_d4_noise0,100,100,0,0,True,"{""1"":100,""2"":100,""3"":100,""4"":100,""5"":100,""6"":100,""7"":100,""8"":100}",979303d4b59ff14515d75c04af4b04ecebee03901641f60b561d96d7fc3cab7f,0.0,0.1639164741311928,0.44524302140584326,0.1639164741311928,0.16507267125482655,0.1708795798576981,0.92625,3,59,,,,0.2703219984802432,0.34625,0.27289794549497404,0.3738191632928475,0.34625,0.3595068137573005,0,0.0,277,-5,5,0.07375
quality_spherical_n800_g8_d4_noise0_s1,size,spherical,800,8,4,0,2026092801,1,5,20,1,hgp_exclusive_point_routing,point_cardinality,quality_spherical_n800_g8_d4_noise0,100,100,0,0,True,"{""1"":100,""2"":100,""3"":100,""4"":100,""5"":100,""6"":100,""7"":100,""8"":100}",6468d54b120a217d6642eb972972851e01d33ea6539d1acb7dd387b8de199a67,29.80915900116088,0.17190038178019587,0.5004507487909995,0.17190038178019587,0.17189558889075246,0.1721733735314699,0.99625,3,3,,,,0.2683903837708186,0.37124999999999997,0.282682196800622,0.3726474278544542,0.37125,0.371947401377583,0,0.0,297,-5,5,0.00375
quality_spherical_n800_g8_d4_noise0_s1,size,spherical,800,8,4,0,2026092801,1,5,20,1,hgp_first_coverage,point_cardinality,quality_spherical_n800_g8_d4_noise0,100,100,0,0,True,"{""1"":100,""2"":100,""3"":100,""4"":100,""5"":100,""6"":100,""7"":100,""8"":100}",7f57fe1ff6dee6740795d5ee73ba360acf065e7b1c5d2e868d1a219befe7f3e0,18.281325999851106,0.17191141670818058,0.5016726133963073,0.17191141670818058,0.17190662395612977,0.17218442669425071,0.99625,3,3,,,,0.2683903837708186,0.37124999999999997,0.282682196800622,0.3726474278544542,0.37125,0.371947401377583,0,0.0,297,-5,5,0.00375
quality_spherical_n800_g8_d4_noise0_s1,size,spherical,800,8,4,0,2026092801,1,5,20,1,hgp_weighted_full_vote,facet_mass_before_vote,quality_spherical_n800_g8_d4_noise0,100,100,0,0,False,"{""1"":100,""2"":100,""3"":100,""4"":100,""5"":100,""6"":100,""7"":100,""8"":100}",3a6cdd92b0e41ed6ac268402681fc9f4a3841f60ffaa94414ded6235ec3e650e,752.5650259995018,0.17168552569632164,0.49677737015023765,0.17168552569632164,0.1716876046671083,0.17187596692094476,0.9975,3,2,,,,0.2671651362460661,0.37124999999999997,0.28206652515883096,0.37218045112781956,0.37125,0.3717146433041302,0,0.0,297,-5,5,0.0025
quality_spherical_n800_g8_d4_noise0_s1,size,spherical,800,8,4,0,2026092801,1,5,20,2,hdbscan_common,point_cardinality,quality_spherical_n800_g8_d4_noise0,100,100,0,0,True,"{""1"":100,""2"":100,""3"":100,""4"":100,""5"":100,""6"":100,""7"":100,""8"":100}",4e8941743b41ff8fb91f7e01fe9adce0e679ea83098ad4cd8fb4e0bf3fa2dd90,16.83645099910791,0.1642195374729392,0.447430763274458,0.1642195374729392,0.1654686856481155,0.17150566599937714,0.92375,3,61,,,,0.27169051878354206,0.34625,0.2735746607305114,0.37483085250338294,0.34625,0.3599740090968161,0,0.0,277,-5,5,0.07625
quality_spherical_n800_g8_d4_noise0_s1,size,spherical,800,8,4,0,2026092801,1,5,20,2,hgp_exclusive_point_routing,point_cardinality,quality_spherical_n800_g8_d4_noise0,100,100,0,0,True,"{""1"":100,""2"":100,""3"":100,""4"":100,""5"":100,""6"":100,""7"":100,""8"":100}",501dc04c4c10f146f0e6cfa712cd08453369f1e3e088db5e4e2bab209127294a,24.54458300053375,0.7524529921479596,0.7986765779316026,0.7524529921479596,0.789576048792936,0.9194695952377404,0.87875,8,97,,,,0.9606568174011018,0.845,0.8969938746858986,0.9615931721194879,0.845,0.8995342648037259,0,0.0,676,0,0,0.12125
quality_spherical_n800_g8_d4_noise0_s1,size,spherical,800,8,4,0,2026092801,1,5,20,2,hgp_first_coverage,point_cardinality,quality_spherical_n800_g8_d4_noise0,100,100,0,0,True,"{""1"":100,""2"":100,""3"":100,""4"":100,""5"":100,""6"":100,""7"":100,""8"":100}",6a5f3259e276285b1245bca739fe3dafd085289a4e7d9aac9658ec5afee3de08,17.392319001373835,0.7346410359296486,0.7891274433052469,0.7346410359296486,0.7758938015345043,0.9131072816875696,0.87125,8,103,,,,0.9574608026801009,0.835,0.8897955555705059,0.9583931133428981,0.835,0.8924515698062793,0,0.0,668,0,0,0.12875
quality_spherical_n800_g8_d4_noise0_s1,size,spherical,800,8,4,0,2026092801,1,5,20,2,hgp_weighted_full_vote,facet_mass_before_vote,quality_spherical_n800_g8_d4_noise0,100,100,0,0,False,"{""1"":100,""2"":100,""3"":100,""4"":100,""5"":100,""6"":100,""7"":100,""8"":100}",41fad6419b081d2f9655661e9a5d0de6d95d30fde8f74d4dbe6f9c6b63be5561,895.2328420018603,0.17168552569632164,0.49677737015023765,0.17168552569632164,0.1716876046671083,0.17187596692094476,0.9975,3,2,,,,0.2671651362460661,0.37124999999999997,0.28206652515883096,0.37218045112781956,0.37125,0.3717146433041302,0,0.0,297,-5,5,0.0025
quality_spherical_n800_g8_d4_noise0_s1,size,spherical,800,8,4,0,2026092801,1,5,50,1,hdbscan_common,point_cardinality,quality_spherical_n800_g8_d4_noise0,100,100,0,0,True,"{""1"":100,""2"":100,""3"":100,""4"":100,""5"":100,""6"":100,""7"":100,""8"":100}",a4c9acb432102d0f3bc5de2d55019d020e0d58756323b65b3f77840d6b669fe0,16.433380002126796,0.1642195374729392,0.447430763274458,0.1642195374729392,0.1654686856481155,0.17150566599937714,0.92375,3,61,,,,0.27169051878354206,0.34625,0.2735746607305114,0.37483085250338294,0.34625,0.3599740090968161,0,0.0,277,-5,5,0.07625
quality_spherical_n800_g8_d4_noise0_s1,size,spherical,800,8,4,0,2026092801,1,5,50,1,hdbscan_standard,point_cardinality,quality_spherical_n800_g8_d4_noise0,100,100,0,0,True,"{""1"":100,""2"":100,""3"":100,""4"":100,""5"":100,""6"":100,""7"":100,""8"":100}",cbb2605678c3c5047d90d2b47edce29f6586c0eaa8779ea684b632a7cb90bd76,0.0,0.1639164741311928,0.44524302140584326,0.1639164741311928,0.16507267125482655,0.1708795798576981,0.92625,3,59,,,,0.2703219984802432,0.34625,0.27289794549497404,0.3738191632928475,0.34625,0.3595068137573005,0,0.0,277,-5,5,0.07375
quality_spherical_n800_g8_d4_noise0_s1,size,spherical,800,8,4,0,2026092801,1,5,50,1,hgp_exclusive_point_routing,point_cardinality,quality_spherical_n800_g8_d4_noise0,100,100,0,0,True,"{""1"":100,""2"":100,""3"":100,""4"":100,""5"":100,""6"":100,""7"":100,""8"":100}",b7fd00eb2f2713169a93315a322c696959af3bba89365740e8eb78fcd03729af,22.078195001085987,0.17190038178019587,0.5004507487909995,0.17190038178019587,0.17189558889075246,0.1721733735314699,0.99625,3,3,,,,0.2683903837708186,0.37124999999999997,0.282682196800622,0.3726474278544542,0.37125,0.371947401377583,0,0.0,297,-5,5,0.00375
quality_spherical_n800_g8_d4_noise0_s1,size,spherical,800,8,4,0,2026092801,1,5,50,1,hgp_first_coverage,point_cardinality,quality_spherical_n800_g8_d4_noise0,100,100,0,0,True,"{""1"":100,""2"":100,""3"":100,""4"":100,""5"":100,""6"":100,""7"":100,""8"":100}",d2b9e376ed5290306166b674b484d107a807787a78e96f8ae12d36cb77ccdd20,18.269574000441935,0.17191141670818058,0.5016726133963073,0.17191141670818058,0.17190662395612977,0.17218442669425071,0.99625,3,3,,,,0.2683903837708186,0.37124999999999997,0.282682196800622,0.3726474278544542,0.37125,0.371947401377583,0,0.0,297,-5,5,0.00375
quality_spherical_n800_g8_d4_noise0_s1,size,spherical,800,8,4,0,2026092801,1,5,50,1,hgp_weighted_full_vote,facet_mass_before_vote,quality_spherical_n800_g8_d4_noise0,100,100,0,0,False,"{""1"":100,""2"":100,""3"":100,""4"":100,""5"":100,""6"":100,""7"":100,""8"":100}",ec9fddf83ec0ab923ffa5d9ae622346721efe4318214f37bd765f283e6459713,754.8950310010696,0.17168552569632164,0.49677737015023765,0.17168552569632164,0.1716876046671083,0.17187596692094476,0.9975,3,2,,,,0.2671651362460661,0.37124999999999997,0.28206652515883096,0.37218045112781956,0.37125,0.3717146433041302,0,0.0,297,-5,5,0.0025
quality_spherical_n800_g8_d4_noise0_s1,size,spherical,800,8,4,0,2026092801,1,5,50,2,hdbscan_common,point_cardinality,quality_spherical_n800_g8_d4_noise0,100,100,0,0,True,"{""1"":100,""2"":100,""3"":100,""4"":100,""5"":100,""6"":100,""7"":100,""8"":100}",fd8bf856d0f682b4193a226689350f89633b25339039cd60c51f8b425d123927,17.292212000029394,0.1642195374729392,0.447430763274458,0.1642195374729392,0.1654686856481155,0.17150566599937714,0.92375,3,61,,,,0.27169051878354206,0.34625,0.2735746607305114,0.37483085250338294,0.34625,0.3599740090968161,0,0.0,277,-5,5,0.07625
quality_spherical_n800_g8_d4_noise0_s1,size,spherical,800,8,4,0,2026092801,1,5,50,2,hgp_exclusive_point_routing,point_cardinality,quality_spherical_n800_g8_d4_noise0,100,100,0,0,True,"{""1"":100,""2"":100,""3"":100,""4"":100,""5"":100,""6"":100,""7"":100,""8"":100}",574e457de6dc89ead2dfe449bbf65b5795a193c304e652049bc5d3974cb780aa,22.61879300203873,0.17190038178019587,0.5004507487909995,0.17190038178019587,0.17189558889075246,0.1721733735314699,0.99625,3,3,,,,0.2683903837708186,0.37124999999999997,0.282682196800622,0.3726474278544542,0.37125,0.371947401377583,0,0.0,297,-5,5,0.00375
quality_spherical_n800_g8_d4_noise0_s1,size,spherical,800,8,4,0,2026092801,1,5,50,2,hgp_first_coverage,point_cardinality,quality_spherical_n800_g8_d4_noise0,100,100,0,0,True,"{""1"":100,""2"":100,""3"":100,""4"":100,""5"":100,""6"":100,""7"":100,""8"":100}",fd605c7f1549f62a334eec4fe9a925fe87625bb4534b87401aa0018a86395772,15.340912999818102,0.17191141670818058,0.5016726133963073,0.17191141670818058,0.17190662395612977,0.17218442669425071,0.99625,3,3,,,,0.2683903837708186,0.37124999999999997,0.282682196800622,0.3726474278544542,0.37125,0.371947401377583,0,0.0,297,-5,5,0.00375
quality_spherical_n800_g8_d4_noise0_s1,size,spherical,800,8,4,0,2026092801,1,5,50,2,hgp_weighted_full_vote,facet_mass_before_vote,quality_spherical_n800_g8_d4_noise0,100,100,0,0,False,"{""1"":100,""2"":100,""3"":100,""4"":100,""5"":100,""6"":100,""7"":100,""8"":100}",5333ec73bfe4cf67a43975bfc2e5a2ad802a3c59a113b39dc1c1d51dac296b1f,904.3848769979377,0.17168552569632164,0.49677737015023765,0.17168552569632164,0.1716876046671083,0.17187596692094476,0.9975,3,2,,,,0.2671651362460661,0.37124999999999997,0.28206652515883096,0.37218045112781956,0.37125,0.3717146433041302,0,0.0,297,-5,5,0.0025
quality_spherical_n800_g8_d4_noise0_s2,size,spherical,800,8,4,0,2026092802,2,5,20,1,hdbscan_common,point_cardinality,quality_spherical_n800_g8_d4_noise0,100,100,0,0,True,"{""1"":100,""2"":100,""3"":100,""4"":100,""5"":100,""6"":100,""7"":100,""8"":100}",a68dee5c6b557fc4af33948b8bf5eb475d4a6bcedb8d87ad23b83015e89d7deb,16.962927002168726,0.16967342253037201,0.46130141672908115,0.16967342253037201,0.17068270325558402,0.17564634609662558,0.94,3,48,,,,0.27123893805309734,0.35375,0.2776905674259898,0.37632978723404253,0.35375,0.3646907216494845,0,0.0,283,-5,5,0.06
quality_spherical_n800_g8_d4_noise0_s2,size,spherical,800,8,4,0,2026092802,2,5,20,1,hdbscan_standard,point_cardinality,quality_spherical_n800_g8_d4_noise0,100,100,0,0,True,"{""1"":100,""2"":100,""3"":100,""4"":100,""5"":100,""6"":100,""7"":100,""8"":100}",96d6bf8b4801efb9f795bfa3637caec5ffb6131ce6d7298c7348389cab61d0ff,0.0,0.1695916530807193,0.46394525222426175,0.1695916530807193,0.17044603318344081,0.17512909484436254,0.9425,3,46,,,,0.2716049382716049,0.35625,0.27833197604498855,0.3779840848806366,0.35625,0.3667953667953668,0,0.0,285,-5,5,0.0575
quality_spherical_n800_g8_d4_noise0_s2,size,spherical,800,8,4,0,2026092802,2,5,20,1,hgp_exclusive_point_routing,point_cardinality,quality_spherical_n800_g8_d4_noise0,100,100,0,0,True,"{""1"":100,""2"":100,""3"":100,""4"":100,""5"":100,""6"":100,""7"":100,""8"":100}",9edb6d983d8ab9b1b5427f636aa57296552e664c15ebed3c3da07d31e123d42f,29.18715000123484,0.17670777366478893,0.5150399468207674,0.17670777366478893,0.17670777366478893,0.17670777366478893,1.0,3,0,,,,0.2684277625086923,0.375,0.28457283781664744,0.375,0.375,0.375,0,0.0,300,-5,5,0.0
quality_spherical_n800_g8_d4_noise0_s2,size,spherical,800,8,4,0,2026092802,2,5,20,1,hgp_first_coverage,point_cardinality,quality_spherical_n800_g8_d4_noise0,100,100,0,0,True,"{""1"":100,""2"":100,""3"":100,""4"":100,""5"":100,""6"":100,""7"":100,""8"":100}",9a32bb71e9f01fbdb4e0e6e9f9915bbe0661a3152fc2a677de8326a6dba82d14,18.666162999579683,0.17691766802511127,0.5187241583961056,0.17691766802511127,0.17691766802511127,0.1770142797592256,0.99875,3,1,,,,0.26966538627106856,0.375,0.28519472836391113,0.37546933667083854,0.375,0.37523452157598497,1,0.125,300,-5,5,0.00125
quality_spherical_n800_g8_d4_noise0_s2,size,spherical,800,8,4,0,2026092802,2,5,20,1,hgp_weighted_full_vote,facet_mass_before_vote,quality_spherical_n800_g8_d4_noise0,100,100,0,0,False,"{""1"":100,""2"":100,""3"":100,""4"":100,""5"":100,""6"":100,""7"":100,""8"":100}",a82f149076d21dae66762550737ae075df12680b748274afbd235f0390d1a45b,758.5138980066404,0.17670777366478893,0.5150399468207674,0.17670777366478893,0.17670777366478893,0.17670777366478893,1.0,3,0,,,,0.2684277625086923,0.375,0.28457283781664744,0.375,0.375,0.375,0,0.0,300,-5,5,0.0
quality_spherical_n800_g8_d4_noise0_s2,size,spherical,800,8,4,0,2026092802,2,5,20,2,hdbscan_common,point_cardinality,quality_spherical_n800_g8_d4_noise0,100,100,0,0,True,"{""1"":100,""2"":100,""3"":100,""4"":100,""5"":100,""6"":100,""7"":100,""8"":100}",4ddb8343c1d5459dea593f33c2759f95fc18933d21ebb53a815bb1fbd76b0a83,15.792435995535925,0.16967342253037201,0.46130141672908115,0.16967342253037201,0.17068270325558402,0.17564634609662558,0.94,3,48,,,,0.27123893805309734,0.35375,0.2776905674259898,0.37632978723404253,0.35375,0.3646907216494845,0,0.0,283,-5,5,0.06
quality_spherical_n800_g8_d4_noise0_s2,size,spherical,800,8,4,0,2026092802,2,5,20,2,hgp_exclusive_point_routing,point_cardinality,quality_spherical_n800_g8_d4_noise0,100,100,0,0,True,"{""1"":100,""2"":100,""3"":100,""4"":100,""5"":100,""6"":100,""7"":100,""8"":100}",c54941f796fdc724ff37cd02e200b60ab02198bfdac741886abd5f6878132733,24.210461000620853,0.78213951931365,0.8206031863638948,0.78213951931365,0.8022131510303989,0.9056451649075401,0.9,9,80,,,,0.964773210463632,0.8425,0.8904449360987579,0.9361111111111111,0.8425,0.8868421052631579,0,0.0,674,1,1,0.1
quality_spherical_n800_g8_d4_noise0_s2,size,spherical,800,8,4,0,2026092802,2,5,20,2,hgp_first_coverage,point_cardinality,quality_spherical_n800_g8_d4_noise0,100,100,0,0,True,"{""1"":100,""2"":100,""3"":100,""4"":100,""5"":100,""6"":100,""7"":100,""8"":100}",b7f5d58d30ffdd727b4563a2c61973d31dc8783dbe287ca91742b8b5d64e3670,14.000444003613666,0.7761749537208922,0.8211335651116828,0.7761749537208922,0.7994893520001273,0.9113997738655459,0.8925,9,86,,,,0.9666079953733651,0.83625,0.8870705671144065,0.9369747899159664,0.83625,0.8837516512549538,1,0.125,669,1,1,0.1075
quality_spherical_n800_g8_d4_noise0_s2,size,spherical,800,8,4,0,2026092802,2,5,20,2,hgp_weighted_full_vote,facet_mass_before_vote,quality_spherical_n800_g8_d4_noise0,100,100,0,0,False,"{""1"":100,""2"":100,""3"":100,""4"":100,""5"":100,""6"":100,""7"":100,""8"":100}",9c60403743964f67c80c7df75a3bb5d097061434a42f704cc293ef106b305926,1161.389364002389,0.17665719668925678,0.5112444551182398,0.17665719668925678,0.17665719668925678,0.17665719668925678,1.0,3,0,,,,0.26724941929605317,0.375,0.284008491429241,0.375,0.375,0.375,0,0.0,300,-5,5,0.0
quality_spherical_n800_g8_d4_noise0_s2,size,spherical,800,8,4,0,2026092802,2,5,50,1,hdbscan_common,point_cardinality,quality_spherical_n800_g8_d4_noise0,100,100,0,0,True,"{""1"":100,""2"":100,""3"":100,""4"":100,""5"":100,""6"":100,""7"":100,""8"":100}",f5491ad70010ef64a532ff099a269007bc645642194c54e38787fd1be0b5cabc,16.681772998708766,0.16967342253037201,0.46130141672908115,0.16967342253037201,0.17068270325558402,0.17564634609662558,0.94,3,48,,,,0.27123893805309734,0.35375,0.2776905674259898,0.37632978723404253,0.35375,0.3646907216494845,0,0.0,283,-5,5,0.06
quality_spherical_n800_g8_d4_noise0_s2,size,spherical,800,8,4,0,2026092802,2,5,50,1,hdbscan_standard,point_cardinality,quality_spherical_n800_g8_d4_noise0,100,100,0,0,True,"{""1"":100,""2"":100,""3"":100,""4"":100,""5"":100,""6"":100,""7"":100,""8"":100}",f18c5b3540c11d2bc2422913e9731b298b18dc93733aaa8efa67ec5728b92b98,0.0,0.1695916530807193,0.46394525222426175,0.1695916530807193,0.17044603318344081,0.17512909484436254,0.9425,3,46,,,,0.2716049382716049,0.35625,0.27833197604498855,0.3779840848806366,0.35625,0.3667953667953668,0,0.0,285,-5,5,0.0575
quality_spherical_n800_g8_d4_noise0_s2,size,spherical,800,8,4,0,2026092802,2,5,50,1,hgp_exclusive_point_routing,point_cardinality,quality_spherical_n800_g8_d4_noise0,100,100,0,0,True,"{""1"":100,""2"":100,""3"":100,""4"":100,""5"":100,""6"":100,""7"":100,""8"":100}",8c7d71113b7c49be5bd26be175388268481c3ecd9f44ed059f6c3908f382c846,22.683493996737525,0.17670777366478893,0.5150399468207674,0.17670777366478893,0.17670777366478893,0.17670777366478893,1.0,3,0,,,,0.2684277625086923,0.375,0.28457283781664744,0.375,0.375,0.375,0,0.0,300,-5,5,0.0
quality_spherical_n800_g8_d4_noise0_s2,size,spherical,800,8,4,0,2026092802,2,5,50,1,hgp_first_coverage,point_cardinality,quality_spherical_n800_g8_d4_noise0,100,100,0,0,True,"{""1"":100,""2"":100,""3"":100,""4"":100,""5"":100,""6"":100,""7"":100,""8"":100}",dc0c00fe67eed21748f657e33355590f750307ffbb72d3c806753a13fa1a6071,15.911718001007102,0.17691766802511127,0.5187241583961056,0.17691766802511127,0.17691766802511127,0.1770142797592256,0.99875,3,1,,,,0.26966538627106856,0.375,0.28519472836391113,0.37546933667083854,0.375,0.37523452157598497,1,0.125,300,-5,5,0.00125
quality_spherical_n800_g8_d4_noise0_s2,size,spherical,800,8,4,0,2026092802,2,5,50,1,hgp_weighted_full_vote,facet_mass_before_vote,quality_spherical_n800_g8_d4_noise0,100,100,0,0,False,"{""1"":100,""2"":100,""3"":100,""4"":100,""5"":100,""6"":100,""7"":100,""8"":100}",458bd883aef7bd4b74528927972d3430f7d171e0535d06b3b2324f977bf9a82e,789.4819780049147,0.17670777366478893,0.5150399468207674,0.17670777366478893,0.17670777366478893,0.17670777366478893,1.0,3,0,,,,0.2684277625086923,0.375,0.28457283781664744,0.375,0.375,0.375,0,0.0,300,-5,5,0.0
quality_spherical_n800_g8_d4_noise0_s2,size,spherical,800,8,4,0,2026092802,2,5,50,2,hdbscan_common,point_cardinality,quality_spherical_n800_g8_d4_noise0,100,100,0,0,True,"{""1"":100,""2"":100,""3"":100,""4"":100,""5"":100,""6"":100,""7"":100,""8"":100}",1776aa855e5f1da5980d11ed8052e61a7e1a9a5b414f9f76045a83b5e6a12345,18.56364100240171,0.16967342253037201,0.46130141672908115,0.16967342253037201,0.17068270325558402,0.17564634609662558,0.94,3,48,,,,0.27123893805309734,0.35375,0.2776905674259898,0.37632978723404253,0.35375,0.3646907216494845,0,0.0,283,-5,5,0.06
quality_spherical_n800_g8_d4_noise0_s2,size,spherical,800,8,4,0,2026092802,2,5,50,2,hgp_exclusive_point_routing,point_cardinality,quality_spherical_n800_g8_d4_noise0,100,100,0,0,True,"{""1"":100,""2"":100,""3"":100,""4"":100,""5"":100,""6"":100,""7"":100,""8"":100}",63cca9bcc3b325ed4eb4be5cd72a8093b22a6b5188f018927b57cfd1063d1c1a,21.908809001615737,0.17665719668925678,0.5112444551182398,0.17665719668925678,0.17665719668925678,0.17665719668925678,1.0,3,0,,,,0.26724941929605317,0.375,0.284008491429241,0.375,0.375,0.375,0,0.0,300,-5,5,0.0
quality_spherical_n800_g8_d4_noise0_s2,size,spherical,800,8,4,0,2026092802,2,5,50,2,hgp_first_coverage,point_cardinality,quality_spherical_n800_g8_d4_noise0,100,100,0,0,True,"{""1"":100,""2"":100,""3"":100,""4"":100,""5"":100,""6"":100,""7"":100,""8"":100}",801d34cc262e97182ef79e564f0e8f2ad7bdb83c6302ab66fdda948b4622d92d,13.614554998639505,0.17691766802511127,0.5187241583961056,0.17691766802511127,0.17691766802511127,0.1770142797592256,0.99875,3,1,,,,0.26966538627106856,0.375,0.28519472836391113,0.37546933667083854,0.375,0.37523452157598497,1,0.125,300,-5,5,0.00125
quality_spherical_n800_g8_d4_noise0_s2,size,spherical,800,8,4,0,2026092802,2,5,50,2,hgp_weighted_full_vote,facet_mass_before_vote,quality_spherical_n800_g8_d4_noise0,100,100,0,0,False,"{""1"":100,""2"":100,""3"":100,""4"":100,""5"":100,""6"":100,""7"":100,""8"":100}",20364c1bcfcd4897a95d5da28f4573ccc630f40dbf5f917a368c9c80a48fc75a,856.523117996403,0.17665719668925678,0.5112444551182398,0.17665719668925678,0.17665719668925678,0.17665719668925678,1.0,3,0,,,,0.26724941929605317,0.375,0.284008491429241,0.375,0.375,0.375,0,0.0,300,-5,5,0.0
quality_spherical_n800_g8_d4_noise0p1_s1,noise,spherical,800,8,4,0.1,2026092801,1,5,20,1,hdbscan_common,point_cardinality,quality_spherical_n800_g8_d4_noise0p1,90,90,80,0,True,"{""-1"":80,""1"":90,""2"":90,""3"":90,""4"":90,""5"":90,""6"":90,""7"":90,""8"":90}",6b6e8311387e2940e2fe456e4be9acc86d9fd9d3dac3abc3ff2c8da8a3548f5b,19.185642995580565,0.19151610133878333,0.4483380311710155,0.16280302830100785,0.16592454030629453,0.17435423730692776,0.80125,3,159,0.46540880503144655,0.925,0.6192468619246861,0.26750435769784914,0.3375,0.26894438690644323,0.3790951638065523,0.3375,0.3570903747244673,0,0.0,243,-5,5,0.19875
quality_spherical_n800_g8_d4_noise0p1_s1,noise,spherical,800,8,4,0.1,2026092801,1,5,20,1,hdbscan_standard,point_cardinality,quality_spherical_n800_g8_d4_noise0p1,90,90,80,0,True,"{""-1"":80,""1"":90,""2"":90,""3"":90,""4"":90,""5"":90,""6"":90,""7"":90,""8"":90}",17b8da7812202c4c9d0454d92ae2ce9028a83676f16e8cf6549fc5a50d79834b,0.0,0.19286065142167816,0.4488625223201657,0.1636627208357106,0.16655998706841524,0.17463165549744614,0.805,3,156,0.47435897435897434,0.925,0.6271186440677966,0.2659541968485058,0.3388888888888889,0.26899155734950264,0.37888198757763975,0.3388888888888889,0.35777126099706746,0,0.0,244,-5,5,0.195
quality_spherical_n800_g8_d4_noise0p1_s1,noise,spherical,800,8,4,0.1,2026092801,1,5,20,1,hgp_exclusive_point_routing,point_cardinality,quality_spherical_n800_g8_d4_noise0p1,90,90,80,0,True,"{""-1"":80,""1"":90,""2"":90,""3"":90,""4"":90,""5"":90,""6"":90,""7"":90,""8"":90}",e26cab68570d8d2f32dec64fe48665b45983d09831e36850bb59543cbd1596f2,42.678313999203965,0.20951496667002154,0.5608734924922207,0.1735840303165734,0.17357811681801413,0.17156458110155312,0.90875,3,73,0.958904109589041,0.875,0.9150326797385621,0.26128941689136387,0.37222222222222223,0.27943120637403684,0.3686382393397524,0.37222222222222223,0.3704215618521078,0,0.0,268,-5,5,0.09125
quality_spherical_n800_g8_d4_noise0p1_s1,noise,spherical,800,8,4,0.1,2026092801,1,5,20,1,hgp_first_coverage,point_cardinality,quality_spherical_n800_g8_d4_noise0p1,90,90,80,0,True,"{""-1"":80,""1"":90,""2"":90,""3"":90,""4"":90,""5"":90,""6"":90,""7"":90,""8"":90}",96482d0fa8ae4a3aa64aea46f24381224e8d6e506699d0e3ef45f2b697802802,20.053278996783774,0.2095610567271162,0.5610036417493728,0.17380893257701804,0.1738107787714456,0.1719051530687408,0.9075,3,74,0.9459459459459459,0.875,0.9090909090909091,0.26260428365153216,0.37222222222222223,0.2801067603282793,0.3691460055096419,0.37222222222222223,0.3706777316735823,0,0.0,268,-5,5,0.0925
quality_spherical_n800_g8_d4_noise0p1_s1,noise,spherical,800,8,4,0.1,2026092801,1,5,20,1,hgp_weighted_full_vote,facet_mass_before_vote,quality_spherical_n800_g8_d4_noise0p1,90,90,80,0,False,"{""-1"":80,""1"":90,""2"":90,""3"":90,""4"":90,""5"":90,""6"":90,""7"":90,""8"":90}",097835186faa0a05faf2c3d38aa39abe4fc32b1712a793983314afc2ba6e15a6,777.3618199935299,0.20951496667002154,0.5608734924922207,0.1735840303165734,0.17357811681801413,0.17156458110155312,0.90875,3,73,0.958904109589041,0.875,0.9150326797385621,0.26128941689136387,0.37222222222222223,0.27943120637403684,0.3686382393397524,0.37222222222222223,0.3704215618521078,0,0.0,268,-5,5,0.09125
quality_spherical_n800_g8_d4_noise0p1_s1,noise,spherical,800,8,4,0.1,2026092801,1,5,20,2,hdbscan_common,point_cardinality,quality_spherical_n800_g8_d4_noise0p1,90,90,80,0,True,"{""-1"":80,""1"":90,""2"":90,""3"":90,""4"":90,""5"":90,""6"":90,""7"":90,""8"":90}",e9a08d31d1300fbb74458768150d59b3d3002a29512ded7232e4e396e3d3b59a,19.478578004054725,0.19151610133878333,0.4483380311710155,0.16280302830100785,0.16592454030629453,0.17435423730692776,0.80125,3,159,0.46540880503144655,0.925,0.6192468619246861,0.26750435769784914,0.3375,0.26894438690644323,0.3790951638065523,0.3375,0.3570903747244673,0,0.0,243,-5,5,0.19875
quality_spherical_n800_g8_d4_noise0p1_s1,noise,spherical,800,8,4,0.1,2026092801,1,5,20,2,hgp_exclusive_point_routing,point_cardinality,quality_spherical_n800_g8_d4_noise0p1,90,90,80,0,True,"{""-1"":80,""1"":90,""2"":90,""3"":90,""4"":90,""5"":90,""6"":90,""7"":90,""8"":90}",e602cfcb072ae135ea23284cc0f11e6196ec99d3eaa0a6df6f480252e4af63d4,23.719786004221532,0.72503560414468,0.7912568921660152,0.7917110953056145,0.8171593281039473,0.9101207975483966,0.82,8,144,0.5,0.9,0.6428571428571429,0.9524188559856467,0.8680555555555556,0.9063121962271876,0.9527439024390244,0.8680555555555556,0.9084302325581395,0,0.0,625,0,0,0.18
quality_spherical_n800_g8_d4_noise0p1_s1,noise,spherical,800,8,4,0.1,2026092801,1,5,20,2,hgp_first_coverage,point_cardinality,quality_spherical_n800_g8_d4_noise0p1,90,90,80,0,True,"{""-1"":80,""1"":90,""2"":90,""3"":90,""4"":90,""5"":90,""6"":90,""7"":90,""8"":90}",47ff09d833711967a455bf736722ea7336076fc2c55eebc1a3180f75cf172f49,14.525061997119337,0.7058980407952121,0.7817132696886993,0.7749631073659606,0.804818288899271,0.9065314990696688,0.8125,8,150,0.48,0.9,0.6260869565217392,0.9503443466352051,0.8583333333333333,0.8999725454612173,0.9507692307692308,0.8583333333333333,0.9021897810218978,0,0.0,618,0,0,0.1875
quality_spherical_n800_g8_d4_noise0p1_s1,noise,spherical,800,8,4,0.1,2026092801,1,5,20,2,hgp_weighted_full_vote,facet_mass_before_vote,quality_spherical_n800_g8_d4_noise0p1,90,90,80,0,False,"{""-1"":80,""1"":90,""2"":90,""3"":90,""4"":90,""5"":90,""6"":90,""7"":90,""8"":90}",b3d61c8314538522ff814887d15bfac118c50987b2c8b208fc2f9d91be7a3325,831.091309999465,0.20951496667002154,0.5608734924922207,0.1735840303165734,0.17357811681801413,0.17156458110155312,0.90875,3,73,0.958904109589041,0.875,0.9150326797385621,0.26128941689136387,0.37222222222222223,0.27943120637403684,0.3686382393397524,0.37222222222222223,0.3704215618521078,0,0.0,268,-5,5,0.09125
quality_spherical_n800_g8_d4_noise0p1_s1,noise,spherical,800,8,4,0.1,2026092801,1,5,50,1,hdbscan_common,point_cardinality,quality_spherical_n800_g8_d4_noise0p1,90,90,80,0,True,"{""-1"":80,""1"":90,""2"":90,""3"":90,""4"":90,""5"":90,""6"":90,""7"":90,""8"":90}",32a68fd86afbdf1bda864087a6200b53714e6ce72527e54bb69c3a69be434e8d,18.479464000847656,0.19151610133878333,0.4483380311710155,0.16280302830100785,0.16592454030629453,0.17435423730692776,0.80125,3,159,0.46540880503144655,0.925,0.6192468619246861,0.26750435769784914,0.3375,0.26894438690644323,0.3790951638065523,0.3375,0.3570903747244673,0,0.0,243,-5,5,0.19875
quality_spherical_n800_g8_d4_noise0p1_s1,noise,spherical,800,8,4,0.1,2026092801,1,5,50,1,hdbscan_standard,point_cardinality,quality_spherical_n800_g8_d4_noise0p1,90,90,80,0,True,"{""-1"":80,""1"":90,""2"":90,""3"":90,""4"":90,""5"":90,""6"":90,""7"":90,""8"":90}",c0640466f96889752ded9d9296a9063ef8b5706b2ee249eb191763536206f1c5,0.0,0.19286065142167816,0.4488625223201657,0.1636627208357106,0.16655998706841524,0.17463165549744614,0.805,3,156,0.47435897435897434,0.925,0.6271186440677966,0.2659541968485058,0.3388888888888889,0.26899155734950264,0.37888198757763975,0.3388888888888889,0.35777126099706746,0,0.0,244,-5,5,0.195
quality_spherical_n800_g8_d4_noise0p1_s1,noise,spherical,800,8,4,0.1,2026092801,1,5,50,1,hgp_exclusive_point_routing,point_cardinality,quality_spherical_n800_g8_d4_noise0p1,90,90,80,0,True,"{""-1"":80,""1"":90,""2"":90,""3"":90,""4"":90,""5"":90,""6"":90,""7"":90,""8"":90}",41eb593cddc7597a04995ed038995c5aa339f720ccd333106eb2023388d23f96,25.784525998460595,0.20951496667002154,0.5608734924922207,0.1735840303165734,0.17357811681801413,0.17156458110155312,0.90875,3,73,0.958904109589041,0.875,0.9150326797385621,0.26128941689136387,0.37222222222222223,0.27943120637403684,0.3686382393397524,0.37222222222222223,0.3704215618521078,0,0.0,268,-5,5,0.09125
quality_spherical_n800_g8_d4_noise0p1_s1,noise,spherical,800,8,4,0.1,2026092801,1,5,50,1,hgp_first_coverage,point_cardinality,quality_spherical_n800_g8_d4_noise0p1,90,90,80,0,True,"{""-1"":80,""1"":90,""2"":90,""3"":90,""4"":90,""5"":90,""6"":90,""7"":90,""8"":90}",245c306d2136e03749bd9f2c94b18e93dd786270f40d38aefd2eb7f9fc97a1a6,17.024833003233653,0.2095610567271162,0.5610036417493728,0.17380893257701804,0.1738107787714456,0.1719051530687408,0.9075,3,74,0.9459459459459459,0.875,0.9090909090909091,0.26260428365153216,0.37222222222222223,0.2801067603282793,0.3691460055096419,0.37222222222222223,0.3706777316735823,0,0.0,268,-5,5,0.0925
quality_spherical_n800_g8_d4_noise0p1_s1,noise,spherical,800,8,4,0.1,2026092801,1,5,50,1,hgp_weighted_full_vote,facet_mass_before_vote,quality_spherical_n800_g8_d4_noise0p1,90,90,80,0,False,"{""-1"":80,""1"":90,""2"":90,""3"":90,""4"":90,""5"":90,""6"":90,""7"":90,""8"":90}",a55735b98895977227456282d3382ee73560a4030f6c804d2678efd45df5ca3f,1086.4021930028684,0.20951496667002154,0.5608734924922207,0.1735840303165734,0.17357811681801413,0.17156458110155312,0.90875,3,73,0.958904109589041,0.875,0.9150326797385621,0.26128941689136387,0.37222222222222223,0.27943120637403684,0.3686382393397524,0.37222222222222223,0.3704215618521078,0,0.0,268,-5,5,0.09125
quality_spherical_n800_g8_d4_noise0p1_s1,noise,spherical,800,8,4,0.1,2026092801,1,5,50,2,hdbscan_common,point_cardinality,quality_spherical_n800_g8_d4_noise0p1,90,90,80,0,True,"{""-1"":80,""1"":90,""2"":90,""3"":90,""4"":90,""5"":90,""6"":90,""7"":90,""8"":90}",54a31f1a83ba7a62b83710592a10f76d6d931fec4b978ca7b6f3e9069b1df28a,16.24778400582727,0.19151610133878333,0.4483380311710155,0.16280302830100785,0.16592454030629453,0.17435423730692776,0.80125,3,159,0.46540880503144655,0.925,0.6192468619246861,0.26750435769784914,0.3375,0.26894438690644323,0.3790951638065523,0.3375,0.3570903747244673,0,0.0,243,-5,5,0.19875
quality_spherical_n800_g8_d4_noise0p1_s1,noise,spherical,800,8,4,0.1,2026092801,1,5,50,2,hgp_exclusive_point_routing,point_cardinality,quality_spherical_n800_g8_d4_noise0p1,90,90,80,0,True,"{""-1"":80,""1"":90,""2"":90,""3"":90,""4"":90,""5"":90,""6"":90,""7"":90,""8"":90}",e0b4846981702e019cf4e57311e5c79e379f9487bee7f5643f6c50015413355d,23.163158002716955,0.20951496667002154,0.5608734924922207,0.1735840303165734,0.17357811681801413,0.17156458110155312,0.90875,3,73,0.958904109589041,0.875,0.9150326797385621,0.26128941689136387,0.37222222222222223,0.27943120637403684,0.3686382393397524,0.37222222222222223,0.3704215618521078,0,0.0,268,-5,5,0.09125
quality_spherical_n800_g8_d4_noise0p1_s1,noise,spherical,800,8,4,0.1,2026092801,1,5,50,2,hgp_first_coverage,point_cardinality,quality_spherical_n800_g8_d4_noise0p1,90,90,80,0,True,"{""-1"":80,""1"":90,""2"":90,""3"":90,""4"":90,""5"":90,""6"":90,""7"":90,""8"":90}",66356429db4d34e7eb4476a8f5017f7c27be6af9eac62056d80bcb5f380e8964,15.745056996820495,0.2095610567271162,0.5610036417493728,0.17380893257701804,0.1738107787714456,0.1719051530687408,0.9075,3,74,0.9459459459459459,0.875,0.9090909090909091,0.26260428365153216,0.37222222222222223,0.2801067603282793,0.3691460055096419,0.37222222222222223,0.3706777316735823,0,0.0,268,-5,5,0.0925
quality_spherical_n800_g8_d4_noise0p1_s1,noise,spherical,800,8,4,0.1,2026092801,1,5,50,2,hgp_weighted_full_vote,facet_mass_before_vote,quality_spherical_n800_g8_d4_noise0p1,90,90,80,0,False,"{""-1"":80,""1"":90,""2"":90,""3"":90,""4"":90,""5"":90,""6"":90,""7"":90,""8"":90}",2e4fd83039ce761a02f310c7a55e85e54bb8fd3b693db6247bdb8e99eb079a10,819.532467998215,0.20951496667002154,0.5608734924922207,0.1735840303165734,0.17357811681801413,0.17156458110155312,0.90875,3,73,0.958904109589041,0.875,0.9150326797385621,0.26128941689136387,0.37222222222222223,0.27943120637403684,0.3686382393397524,0.37222222222222223,0.3704215618521078,0,0.0,268,-5,5,0.09125
quality_spherical_n800_g8_d4_noise0p1_s2,noise,spherical,800,8,4,0.1,2026092802,2,5,20,1,hdbscan_common,point_cardinality,quality_spherical_n800_g8_d4_noise0p1,90,90,80,0,True,"{""-1"":80,""1"":90,""2"":90,""3"":90,""4"":90,""5"":90,""6"":90,""7"":90,""8"":90}",f66472c1e906cb018ad7d8a9fa1f188db69c20131f218fb0c2f3061b2bf866a1,15.972440996847581,0.19283136381475033,0.4774227146090857,0.16616509707945742,0.16724811187153482,0.16676260083218516,0.85375,3,117,0.5982905982905983,0.875,0.7106598984771574,0.26666930428739516,0.35,0.27301895162115863,0.3689604685212299,0.35,0.3592302209550962,0,0.0,252,-5,5,0.14625
quality_spherical_n800_g8_d4_noise0p1_s2,noise,spherical,800,8,4,0.1,2026092802,2,5,20,1,hdbscan_standard,point_cardinality,quality_spherical_n800_g8_d4_noise0p1,90,90,80,0,True,"{""-1"":80,""1"":90,""2"":90,""3"":90,""4"":90,""5"":90,""6"":90,""7"":90,""8"":90}",c1b6fa96eeb3964f7fb7982fbd809891f647ca8a77b9912b63f6eb40ca19fa10,0.0,0.1928463253793359,0.4755294816581338,0.16599104274575674,0.1670191617324429,0.16641710739617271,0.855,3,116,0.603448275862069,0.875,0.7142857142857143,0.2651991379075902,0.35,0.27233793374859205,0.3684210526315789,0.35,0.358974358974359,0,0.0,252,-5,5,0.145
quality_spherical_n800_g8_d4_noise0p1_s2,noise,spherical,800,8,4,0.1,2026092802,2,5,20,1,hgp_exclusive_point_routing,point_cardinality,quality_spherical_n800_g8_d4_noise0p1,90,90,80,0,True,"{""-1"":80,""1"":90,""2"":90,""3"":90,""4"":90,""5"":90,""6"":90,""7"":90,""8"":90}",7d451d56a0d72e8a3d3ab7f884afcc1bb3de510715e979f4e0613009cd18489b,31.195073999697343,0.20225664247958244,0.5611050285177993,0.1765520233056059,0.1765520233056059,0.16932375006719186,0.91875,3,65,1.0,0.8125,0.896551724137931,0.2624552630381705,0.375,0.2811202499276596,0.3673469387755102,0.375,0.3711340206185567,0,0.0,270,-5,5,0.08125
quality_spherical_n800_g8_d4_noise0p1_s2,noise,spherical,800,8,4,0.1,2026092802,2,5,20,1,hgp_first_coverage,point_cardinality,quality_spherical_n800_g8_d4_noise0p1,90,90,80,0,True,"{""-1"":80,""1"":90,""2"":90,""3"":90,""4"":90,""5"":90,""6"":90,""7"":90,""8"":90}",7a930a4d24a06f00146c0e0cb9251870098e37a4c2180cc91bf3284271a9993d,18.822273996192962,0.20229165044189085,0.5644468159632174,0.17660606646061836,0.17660606646061836,0.16939217772078266,0.91875,3,65,1.0,0.8125,0.896551724137931,0.2637048960856815,0.375,0.2817334432985048,0.3673469387755102,0.375,0.3711340206185567,0,0.0,270,-5,5,0.08125
quality_spherical_n800_g8_d4_noise0p1_s2,noise,spherical,800,8,4,0.1,2026092802,2,5,20,1,hgp_weighted_full_vote,facet_mass_before_vote,quality_spherical_n800_g8_d4_noise0p1,90,90,80,0,False,"{""-1"":80,""1"":90,""2"":90,""3"":90,""4"":90,""5"":90,""6"":90,""7"":90,""8"":90}",10f39916696e1ec072fee949e061906f1a65a2442b2150f3ab2bfb32add9cb37,790.5079420015682,0.20225664247958244,0.5611050285177993,0.1765520233056059,0.1765520233056059,0.16932375006719186,0.91875,3,65,1.0,0.8125,0.896551724137931,0.2624552630381705,0.375,0.2811202499276596,0.3673469387755102,0.375,0.3711340206185567,0,0.0,270,-5,5,0.08125
quality_spherical_n800_g8_d4_noise0p1_s2,noise,spherical,800,8,4,0.1,2026092802,2,5,20,2,hdbscan_common,point_cardinality,quality_spherical_n800_g8_d4_noise0p1,90,90,80,0,True,"{""-1"":80,""1"":90,""2"":90,""3"":90,""4"":90,""5"":90,""6"":90,""7"":90,""8"":90}",33ae30e3e34c476cad8e080a3e4f4e234c2dc2613e2ed6ae5f2fdf41e9a7f7da,16.16774500143947,0.19283136381475033,0.4774227146090857,0.16616509707945742,0.16724811187153482,0.16676260083218516,0.85375,3,117,0.5982905982905983,0.875,0.7106598984771574,0.26666930428739516,0.35,0.27301895162115863,0.3689604685212299,0.35,0.3592302209550962,0,0.0,252,-5,5,0.14625
quality_spherical_n800_g8_d4_noise0p1_s2,noise,spherical,800,8,4,0.1,2026092802,2,5,20,2,hgp_exclusive_point_routing,point_cardinality,quality_spherical_n800_g8_d4_noise0p1,90,90,80,0,True,"{""-1"":80,""1"":90,""2"":90,""3"":90,""4"":90,""5"":90,""6"":90,""7"":90,""8"":90}",f3c6a7f29908a065697453b40e2db619619627e7d064eb14e2d7e8597e20b86d,22.21468900097534,0.68070280025612,0.7692423401447558,0.7545464071813804,0.7842826874909871,0.8846437071378105,0.81125,9,151,0.45695364238410596,0.8625,0.5974025974025974,0.9477392857784029,0.8263888888888888,0.8745828177547543,0.9167950693374423,0.8263888888888888,0.8692476260043828,0,0.0,595,1,1,0.18875
quality_spherical_n800_g8_d4_noise0p1_s2,noise,spherical,800,8,4,0.1,2026092802,2,5,20,2,hgp_first_coverage,point_cardinality,quality_spherical_n800_g8_d4_noise0p1,90,90,80,0,True,"{""-1"":80,""1"":90,""2"":90,""3"":90,""4"":90,""5"":90,""6"":90,""7"":90,""8"":90}",7964f18b09e01531140ec578a036f7bb9c7e1b17c12f60ae885238fbcb5cd6b6,14.375423001183663,0.658016090233197,0.7624378308550943,0.7365446013582463,0.7738173077062717,0.8895170644835916,0.79875,9,161,0.42857142857142855,0.8625,0.5726141078838174,0.948924431800644,0.8138888888888889,0.8679379523489879,0.917057902973396,0.8138888888888889,0.8623988226637234,0,0.0,586,1,1,0.20125
quality_spherical_n800_g8_d4_noise0p1_s2,noise,spherical,800,8,4,0.1,2026092802,2,5,20,2,hgp_weighted_full_vote,facet_mass_before_vote,quality_spherical_n800_g8_d4_noise0p1,90,90,80,0,False,"{""-1"":80,""1"":90,""2"":90,""3"":90,""4"":90,""5"":90,""6"":90,""7"":90,""8"":90}",0a46c51c00c0a1aae47b099b169c580314ff1fce552a7e6f6ca1a451ba123708,789.6955969990813,0.20225664247958244,0.5611050285177993,0.1765520233056059,0.1765520233056059,0.16932375006719186,0.91875,3,65,1.0,0.8125,0.896551724137931,0.2624552630381705,0.375,0.2811202499276596,0.3673469387755102,0.375,0.3711340206185567,0,0.0,270,-5,5,0.08125
quality_spherical_n800_g8_d4_noise0p1_s2,noise,spherical,800,8,4,0.1,2026092802,2,5,50,1,hdbscan_common,point_cardinality,quality_spherical_n800_g8_d4_noise0p1,90,90,80,0,True,"{""-1"":80,""1"":90,""2"":90,""3"":90,""4"":90,""5"":90,""6"":90,""7"":90,""8"":90}",939009ca4648dd76c32334d31e1ddb395690671664fceae661c3b35993a8c086,19.60021500417497,0.19283136381475033,0.4774227146090857,0.16616509707945742,0.16724811187153482,0.16676260083218516,0.85375,3,117,0.5982905982905983,0.875,0.7106598984771574,0.26666930428739516,0.35,0.27301895162115863,0.3689604685212299,0.35,0.3592302209550962,0,0.0,252,-5,5,0.14625
quality_spherical_n800_g8_d4_noise0p1_s2,noise,spherical,800,8,4,0.1,2026092802,2,5,50,1,hdbscan_standard,point_cardinality,quality_spherical_n800_g8_d4_noise0p1,90,90,80,0,True,"{""-1"":80,""1"":90,""2"":90,""3"":90,""4"":90,""5"":90,""6"":90,""7"":90,""8"":90}",730d6907271e7cc20f76490498d254b80b4d7a8cf22e57192314c492a7a32225,0.0,0.1928463253793359,0.4755294816581338,0.16599104274575674,0.1670191617324429,0.16641710739617271,0.855,3,116,0.603448275862069,0.875,0.7142857142857143,0.2651991379075902,0.35,0.27233793374859205,0.3684210526315789,0.35,0.358974358974359,0,0.0,252,-5,5,0.145
quality_spherical_n800_g8_d4_noise0p1_s2,noise,spherical,800,8,4,0.1,2026092802,2,5,50,1,hgp_exclusive_point_routing,point_cardinality,quality_spherical_n800_g8_d4_noise0p1,90,90,80,0,True,"{""-1"":80,""1"":90,""2"":90,""3"":90,""4"":90,""5"":90,""6"":90,""7"":90,""8"":90}",87af0a0c5de6890fe6025b7e3889ff67316545e72f9bc68df29b79b7dac4b995,22.618322000198532,0.20225664247958244,0.5611050285177993,0.1765520233056059,0.1765520233056059,0.16932375006719186,0.91875,3,65,1.0,0.8125,0.896551724137931,0.2624552630381705,0.375,0.2811202499276596,0.3673469387755102,0.375,0.3711340206185567,0,0.0,270,-5,5,0.08125
quality_spherical_n800_g8_d4_noise0p1_s2,noise,spherical,800,8,4,0.1,2026092802,2,5,50,1,hgp_first_coverage,point_cardinality,quality_spherical_n800_g8_d4_noise0p1,90,90,80,0,True,"{""-1"":80,""1"":90,""2"":90,""3"":90,""4"":90,""5"":90,""6"":90,""7"":90,""8"":90}",4cc343e4e46d860baa2f86627f1a23811d3c85e37bd3928af7d114497aec7ab8,14.100701002462301,0.20229165044189085,0.5644468159632174,0.17660606646061836,0.17660606646061836,0.16939217772078266,0.91875,3,65,1.0,0.8125,0.896551724137931,0.2637048960856815,0.375,0.2817334432985048,0.3673469387755102,0.375,0.3711340206185567,0,0.0,270,-5,5,0.08125
quality_spherical_n800_g8_d4_noise0p1_s2,noise,spherical,800,8,4,0.1,2026092802,2,5,50,1,hgp_weighted_full_vote,facet_mass_before_vote,quality_spherical_n800_g8_d4_noise0p1,90,90,80,0,False,"{""-1"":80,""1"":90,""2"":90,""3"":90,""4"":90,""5"":90,""6"":90,""7"":90,""8"":90}",9d712e23d32af05bc433484ba3c55566e83803e9aa697908a9de55f12b5413c1,1083.6647350006388,0.20225664247958244,0.5611050285177993,0.1765520233056059,0.1765520233056059,0.16932375006719186,0.91875,3,65,1.0,0.8125,0.896551724137931,0.2624552630381705,0.375,0.2811202499276596,0.3673469387755102,0.375,0.3711340206185567,0,0.0,270,-5,5,0.08125
quality_spherical_n800_g8_d4_noise0p1_s2,noise,spherical,800,8,4,0.1,2026092802,2,5,50,2,hdbscan_common,point_cardinality,quality_spherical_n800_g8_d4_noise0p1,90,90,80,0,True,"{""-1"":80,""1"":90,""2"":90,""3"":90,""4"":90,""5"":90,""6"":90,""7"":90,""8"":90}",4f0c12611abd127af006e328c4153d8d7a4189179d822932f70925cda700e476,16.467985005874652,0.19283136381475033,0.4774227146090857,0.16616509707945742,0.16724811187153482,0.16676260083218516,0.85375,3,117,0.5982905982905983,0.875,0.7106598984771574,0.26666930428739516,0.35,0.27301895162115863,0.3689604685212299,0.35,0.3592302209550962,0,0.0,252,-5,5,0.14625
quality_spherical_n800_g8_d4_noise0p1_s2,noise,spherical,800,8,4,0.1,2026092802,2,5,50,2,hgp_exclusive_point_routing,point_cardinality,quality_spherical_n800_g8_d4_noise0p1,90,90,80,0,True,"{""-1"":80,""1"":90,""2"":90,""3"":90,""4"":90,""5"":90,""6"":90,""7"":90,""8"":90}",82115d7016200398f7bf58849ed5d7c6159499a012963715d60110ece3bdeac5,23.744832004013006,0.20225664247958244,0.5611050285177993,0.1765520233056059,0.1765520233056059,0.16932375006719186,0.91875,3,65,1.0,0.8125,0.896551724137931,0.2624552630381705,0.375,0.2811202499276596,0.3673469387755102,0.375,0.3711340206185567,0,0.0,270,-5,5,0.08125
quality_spherical_n800_g8_d4_noise0p1_s2,noise,spherical,800,8,4,0.1,2026092802,2,5,50,2,hgp_first_coverage,point_cardinality,quality_spherical_n800_g8_d4_noise0p1,90,90,80,0,True,"{""-1"":80,""1"":90,""2"":90,""3"":90,""4"":90,""5"":90,""6"":90,""7"":90,""8"":90}",8f9ff887223936541cd20cf412440c2b728025a88e75faed2dcee6cb5ace104f,15.035494005132932,0.20229165044189085,0.5644468159632174,0.17660606646061836,0.17660606646061836,0.16939217772078266,0.91875,3,65,1.0,0.8125,0.896551724137931,0.2637048960856815,0.375,0.2817334432985048,0.3673469387755102,0.375,0.3711340206185567,0,0.0,270,-5,5,0.08125
quality_spherical_n800_g8_d4_noise0p1_s2,noise,spherical,800,8,4,0.1,2026092802,2,5,50,2,hgp_weighted_full_vote,facet_mass_before_vote,quality_spherical_n800_g8_d4_noise0p1,90,90,80,0,False,"{""-1"":80,""1"":90,""2"":90,""3"":90,""4"":90,""5"":90,""6"":90,""7"":90,""8"":90}",1c02f9747cf204a6f37e1720e5b71e653b8b159d8f474a9c469cda889c0668d3,775.8840649985359,0.20225664247958244,0.5611050285177993,0.1765520233056059,0.1765520233056059,0.16932375006719186,0.91875,3,65,1.0,0.8125,0.896551724137931,0.2624552630381705,0.375,0.2811202499276596,0.3673469387755102,0.375,0.3711340206185567,0,0.0,270,-5,5,0.08125
quality_spherical_n800_g8_d8_noise0_s1,difficulty,spherical,800,8,8,0,2026092801,1,5,20,1,hdbscan_common,point_cardinality,quality_spherical_n800_g8_d8_noise0,100,100,0,0,True,"{""1"":100,""2"":100,""3"":100,""4"":100,""5"":100,""6"":100,""7"":100,""8"":100}",95cfc47a4b916c4937ddea980ba8da37adbd5d303ec231abdddf23c98765ef13,16.669329997966997,1.0,1.0,1.0,1.0,1.0,1.0,8,0,,,,1.0,1.0,1.0,1.0,1.0,1.0,8,1.0,800,0,0,0.0
quality_spherical_n800_g8_d8_noise0_s1,difficulty,spherical,800,8,8,0,2026092801,1,5,20,1,hdbscan_standard,point_cardinality,quality_spherical_n800_g8_d8_noise0,100,100,0,0,True,"{""1"":100,""2"":100,""3"":100,""4"":100,""5"":100,""6"":100,""7"":100,""8"":100}",c5a0502ea19884fc819d520650cd3b70606cb48ec1941782d833fd1ea7a838aa,0.0,1.0,1.0,1.0,1.0,1.0,1.0,8,0,,,,1.0,1.0,1.0,1.0,1.0,1.0,8,1.0,800,0,0,0.0
quality_spherical_n800_g8_d8_noise0_s1,difficulty,spherical,800,8,8,0,2026092801,1,5,20,1,hgp_exclusive_point_routing,point_cardinality,quality_spherical_n800_g8_d8_noise0,100,100,0,0,True,"{""1"":100,""2"":100,""3"":100,""4"":100,""5"":100,""6"":100,""7"":100,""8"":100}",5dcac4d00c21479446337ce3b20173b8705173de08b39fbe044d7b2d5ae148c9,33.19388000090839,1.0,1.0,1.0,1.0,1.0,1.0,8,0,,,,1.0,1.0,1.0,1.0,1.0,1.0,8,1.0,800,0,0,0.0
quality_spherical_n800_g8_d8_noise0_s1,difficulty,spherical,800,8,8,0,2026092801,1,5,20,1,hgp_first_coverage,point_cardinality,quality_spherical_n800_g8_d8_noise0,100,100,0,0,True,"{""1"":100,""2"":100,""3"":100,""4"":100,""5"":100,""6"":100,""7"":100,""8"":100}",f60bb89ddf260a9ea33468fb7d7d84193e3d94b13ede524685bec800c9bf11b8,18.705567003053147,1.0,1.0,1.0,1.0,1.0,1.0,8,0,,,,1.0,1.0,1.0,1.0,1.0,1.0,8,1.0,800,0,0,0.0
quality_spherical_n800_g8_d8_noise0_s1,difficulty,spherical,800,8,8,0,2026092801,1,5,20,1,hgp_weighted_full_vote,facet_mass_before_vote,quality_spherical_n800_g8_d8_noise0,100,100,0,0,False,"{""1"":100,""2"":100,""3"":100,""4"":100,""5"":100,""6"":100,""7"":100,""8"":100}",e9140aec315f16ff01421c3324b818889790fa0c3716c93c01c2901d7d779435,907.4421070035896,1.0,1.0,1.0,1.0,1.0,1.0,8,0,,,,1.0,1.0,1.0,1.0,1.0,1.0,8,1.0,800,0,0,0.0
quality_spherical_n800_g8_d8_noise0_s1,difficulty,spherical,800,8,8,0,2026092801,1,5,20,2,hdbscan_common,point_cardinality,quality_spherical_n800_g8_d8_noise0,100,100,0,0,True,"{""1"":100,""2"":100,""3"":100,""4"":100,""5"":100,""6"":100,""7"":100,""8"":100}",0fe1935b30e6422e856a8282b7a00b67628b5c2a7b42524abb20f4cb1d608d25,20.665821997681633,1.0,1.0,1.0,1.0,1.0,1.0,8,0,,,,1.0,1.0,1.0,1.0,1.0,1.0,8,1.0,800,0,0,0.0
quality_spherical_n800_g8_d8_noise0_s1,difficulty,spherical,800,8,8,0,2026092801,1,5,20,2,hgp_exclusive_point_routing,point_cardinality,quality_spherical_n800_g8_d8_noise0,100,100,0,0,True,"{""1"":100,""2"":100,""3"":100,""4"":100,""5"":100,""6"":100,""7"":100,""8"":100}",68ab61288334e113e8778de6d2f3f2fdc3e6835e1ec44d9422ee825815fa7699,22.38848299748497,1.0,1.0,1.0,1.0,1.0,1.0,8,0,,,,1.0,1.0,1.0,1.0,1.0,1.0,8,1.0,800,0,0,0.0
quality_spherical_n800_g8_d8_noise0_s1,difficulty,spherical,800,8,8,0,2026092801,1,5,20,2,hgp_first_coverage,point_cardinality,quality_spherical_n800_g8_d8_noise0,100,100,0,0,True,"{""1"":100,""2"":100,""3"":100,""4"":100,""5"":100,""6"":100,""7"":100,""8"":100}",32b9b4c950e7b554d2d460f57b0ac63c0756a9693b785d5b861d7bdcca50202e,15.186064003501087,1.0,1.0,1.0,1.0,1.0,1.0,8,0,,,,1.0,1.0,1.0,1.0,1.0,1.0,8,1.0,800,0,0,0.0
quality_spherical_n800_g8_d8_noise0_s1,difficulty,spherical,800,8,8,0,2026092801,1,5,20,2,hgp_weighted_full_vote,facet_mass_before_vote,quality_spherical_n800_g8_d8_noise0,100,100,0,0,False,"{""1"":100,""2"":100,""3"":100,""4"":100,""5"":100,""6"":100,""7"":100,""8"":100}",f44a5836a9915c780aa68b4d4119d2e9475291ce2e46d0881b19bec7714a7609,670.1232319974224,1.0,1.0,1.0,1.0,1.0,1.0,8,0,,,,1.0,1.0,1.0,1.0,1.0,1.0,8,1.0,800,0,0,0.0
quality_spherical_n800_g8_d8_noise0_s1,difficulty,spherical,800,8,8,0,2026092801,1,5,50,1,hdbscan_common,point_cardinality,quality_spherical_n800_g8_d8_noise0,100,100,0,0,True,"{""1"":100,""2"":100,""3"":100,""4"":100,""5"":100,""6"":100,""7"":100,""8"":100}",2b17b485ba29353e989e36ff36e4e3fe2d38ace9bbe043c83133a9a5f44f811a,22.89370499784127,1.0,1.0,1.0,1.0,1.0,1.0,8,0,,,,1.0,1.0,1.0,1.0,1.0,1.0,8,1.0,800,0,0,0.0
quality_spherical_n800_g8_d8_noise0_s1,difficulty,spherical,800,8,8,0,2026092801,1,5,50,1,hdbscan_standard,point_cardinality,quality_spherical_n800_g8_d8_noise0,100,100,0,0,True,"{""1"":100,""2"":100,""3"":100,""4"":100,""5"":100,""6"":100,""7"":100,""8"":100}",7f829045d6d2c35006b222628f481f3be816671301b6d5893a48eeeced3a9f5d,0.0,1.0,1.0,1.0,1.0,1.0,1.0,8,0,,,,1.0,1.0,1.0,1.0,1.0,1.0,8,1.0,800,0,0,0.0
quality_spherical_n800_g8_d8_noise0_s1,difficulty,spherical,800,8,8,0,2026092801,1,5,50,1,hgp_exclusive_point_routing,point_cardinality,quality_spherical_n800_g8_d8_noise0,100,100,0,0,True,"{""1"":100,""2"":100,""3"":100,""4"":100,""5"":100,""6"":100,""7"":100,""8"":100}",829ce717942862c96b33a1d4f1fbd5fecb2596ff529cebde964f64efdd26e2d1,22.94930999778444,1.0,1.0,1.0,1.0,1.0,1.0,8,0,,,,1.0,1.0,1.0,1.0,1.0,1.0,8,1.0,800,0,0,0.0
quality_spherical_n800_g8_d8_noise0_s1,difficulty,spherical,800,8,8,0,2026092801,1,5,50,1,hgp_first_coverage,point_cardinality,quality_spherical_n800_g8_d8_noise0,100,100,0,0,True,"{""1"":100,""2"":100,""3"":100,""4"":100,""5"":100,""6"":100,""7"":100,""8"":100}",507f5113074fc6092c1c0cf8496f6e66c83beadf15be5366215d1a29f0ae56f2,18.978424996021204,1.0,1.0,1.0,1.0,1.0,1.0,8,0,,,,1.0,1.0,1.0,1.0,1.0,1.0,8,1.0,800,0,0,0.0
quality_spherical_n800_g8_d8_noise0_s1,difficulty,spherical,800,8,8,0,2026092801,1,5,50,1,hgp_weighted_full_vote,facet_mass_before_vote,quality_spherical_n800_g8_d8_noise0,100,100,0,0,False,"{""1"":100,""2"":100,""3"":100,""4"":100,""5"":100,""6"":100,""7"":100,""8"":100}",415063f630645b71226b5606290e732f8a0dd668e9c57e147ce2132f24182124,681.5506589991855,1.0,1.0,1.0,1.0,1.0,1.0,8,0,,,,1.0,1.0,1.0,1.0,1.0,1.0,8,1.0,800,0,0,0.0
quality_spherical_n800_g8_d8_noise0_s1,difficulty,spherical,800,8,8,0,2026092801,1,5,50,2,hdbscan_common,point_cardinality,quality_spherical_n800_g8_d8_noise0,100,100,0,0,True,"{""1"":100,""2"":100,""3"":100,""4"":100,""5"":100,""6"":100,""7"":100,""8"":100}",dcffd332c7004a06962a5f4160339a37ac0f0e158094ab0dc0c27dc27161e97d,17.221230002178345,1.0,1.0,1.0,1.0,1.0,1.0,8,0,,,,1.0,1.0,1.0,1.0,1.0,1.0,8,1.0,800,0,0,0.0
quality_spherical_n800_g8_d8_noise0_s1,difficulty,spherical,800,8,8,0,2026092801,1,5,50,2,hgp_exclusive_point_routing,point_cardinality,quality_spherical_n800_g8_d8_noise0,100,100,0,0,True,"{""1"":100,""2"":100,""3"":100,""4"":100,""5"":100,""6"":100,""7"":100,""8"":100}",861f5d20b15a2fb9f6f8347c738d31f1e1f4597431323c78dcdaa5aceb02f436,25.16517099866178,1.0,1.0,1.0,1.0,1.0,1.0,8,0,,,,1.0,1.0,1.0,1.0,1.0,1.0,8,1.0,800,0,0,0.0
quality_spherical_n800_g8_d8_noise0_s1,difficulty,spherical,800,8,8,0,2026092801,1,5,50,2,hgp_first_coverage,point_cardinality,quality_spherical_n800_g8_d8_noise0,100,100,0,0,True,"{""1"":100,""2"":100,""3"":100,""4"":100,""5"":100,""6"":100,""7"":100,""8"":100}",b22b5d7e814c2237e6ae749b7468f51a59c917f4686fdf54a7eddcbb05fc8fd9,14.599772002839018,1.0,1.0,1.0,1.0,1.0,1.0,8,0,,,,1.0,1.0,1.0,1.0,1.0,1.0,8,1.0,800,0,0,0.0
quality_spherical_n800_g8_d8_noise0_s1,difficulty,spherical,800,8,8,0,2026092801,1,5,50,2,hgp_weighted_full_vote,facet_mass_before_vote,quality_spherical_n800_g8_d8_noise0,100,100,0,0,False,"{""1"":100,""2"":100,""3"":100,""4"":100,""5"":100,""6"":100,""7"":100,""8"":100}",5059f3fd6d05cf6babe43c9ff8df4604166350704222f3df7f2ccd7d8d57f906,705.794221998076,1.0,1.0,1.0,1.0,1.0,1.0,8,0,,,,1.0,1.0,1.0,1.0,1.0,1.0,8,1.0,800,0,0,0.0
quality_spherical_n800_g8_d8_noise0_s2,difficulty,spherical,800,8,8,0,2026092802,2,5,20,1,hdbscan_common,point_cardinality,quality_spherical_n800_g8_d8_noise0,100,100,0,0,True,"{""1"":100,""2"":100,""3"":100,""4"":100,""5"":100,""6"":100,""7"":100,""8"":100}",0234bf001a5a4fc02a68863109258c5202e73c6fd48fff6118463712f97b3219,15.859340004681144,0.9985716813937815,0.9983196380378427,0.9985716813937815,0.9985716813937815,1.0,0.99875,8,1,,,,1.0,0.99875,0.9993718592964824,1.0,0.99875,0.9993746091307066,7,0.875,799,0,0,0.00125
quality_spherical_n800_g8_d8_noise0_s2,difficulty,spherical,800,8,8,0,2026092802,2,5,20,1,hdbscan_standard,point_cardinality,quality_spherical_n800_g8_d8_noise0,100,100,0,0,True,"{""1"":100,""2"":100,""3"":100,""4"":100,""5"":100,""6"":100,""7"":100,""8"":100}",633db5c2ae1e0eefee236b5c730f0f7115445880a5e66445fcc45deac7901ea3,0.0,0.9985716813937815,0.9983196380378427,0.9985716813937815,0.9985716813937815,1.0,0.99875,8,1,,,,1.0,0.99875,0.9993718592964824,1.0,0.99875,0.9993746091307066,7,0.875,799,0,0,0.00125
quality_spherical_n800_g8_d8_noise0_s2,difficulty,spherical,800,8,8,0,2026092802,2,5,20,1,hgp_exclusive_point_routing,point_cardinality,quality_spherical_n800_g8_d8_noise0,100,100,0,0,True,"{""1"":100,""2"":100,""3"":100,""4"":100,""5"":100,""6"":100,""7"":100,""8"":100}",52f81f293b7ae7acb87de4ab60067f10b46c27ef36fa00f06bdc3327a3fa9ce4,29.863240000850055,0.9971320476846923,0.99663060354563,0.9971320476846923,0.9971320476846923,0.9971320476846923,1.0,8,0,,,,0.9987623762376238,0.99875,0.9987499687492187,0.99875,0.99875,0.99875,6,0.75,799,0,0,0.0
quality_spherical_n800_g8_d8_noise0_s2,difficulty,spherical,800,8,8,0,2026092802,2,5,20,1,hgp_first_coverage,point_cardinality,quality_spherical_n800_g8_d8_noise0,100,100,0,0,True,"{""1"":100,""2"":100,""3"":100,""4"":100,""5"":100,""6"":100,""7"":100,""8"":100}",a3d20b6e20ee6dc602eaf7813349eec3b91d9afbd6c3900c5b91dc6d71842da6,18.31832400057465,1.0,1.0,1.0,1.0,1.0,1.0,8,0,,,,1.0,1.0,1.0,1.0,1.0,1.0,8,1.0,800,0,0,0.0
quality_spherical_n800_g8_d8_noise0_s2,difficulty,spherical,800,8,8,0,2026092802,2,5,20,1,hgp_weighted_full_vote,facet_mass_before_vote,quality_spherical_n800_g8_d8_noise0,100,100,0,0,False,"{""1"":100,""2"":100,""3"":100,""4"":100,""5"":100,""6"":100,""7"":100,""8"":100}",f826e59eccab501d7eaa32d33a2a404993f66355a0b13aaf0ec79a487a242b73,855.155527999159,0.9971320476846923,0.99663060354563,0.9971320476846923,0.9971320476846923,0.9971320476846923,1.0,8,0,,,,0.9987623762376238,0.99875,0.9987499687492187,0.99875,0.99875,0.99875,6,0.75,799,0,0,0.0
quality_spherical_n800_g8_d8_noise0_s2,difficulty,spherical,800,8,8,0,2026092802,2,5,20,2,hdbscan_common,point_cardinality,quality_spherical_n800_g8_d8_noise0,100,100,0,0,True,"{""1"":100,""2"":100,""3"":100,""4"":100,""5"":100,""6"":100,""7"":100,""8"":100}",6bbd030de0f79b78096344708f96557140f74e24ff1debd6e5c2383baca180d4,16.324828000506386,0.9985716813937815,0.9983196380378427,0.9985716813937815,0.9985716813937815,1.0,0.99875,8,1,,,,1.0,0.99875,0.9993718592964824,1.0,0.99875,0.9993746091307066,7,0.875,799,0,0,0.00125
quality_spherical_n800_g8_d8_noise0_s2,difficulty,spherical,800,8,8,0,2026092802,2,5,20,2,hgp_exclusive_point_routing,point_cardinality,quality_spherical_n800_g8_d8_noise0,100,100,0,0,True,"{""1"":100,""2"":100,""3"":100,""4"":100,""5"":100,""6"":100,""7"":100,""8"":100}",b75125e5e9f38dc70c30348a38d5e85e740f7b98cda3be6883e92bb7e140de8b,25.471291999565437,0.9971320476846923,0.99663060354563,0.9971320476846923,0.9971320476846923,0.9971320476846923,1.0,8,0,,,,0.9987623762376238,0.99875,0.9987499687492187,0.99875,0.99875,0.99875,6,0.75,799,0,0,0.0
quality_spherical_n800_g8_d8_noise0_s2,difficulty,spherical,800,8,8,0,2026092802,2,5,20,2,hgp_first_coverage,point_cardinality,quality_spherical_n800_g8_d8_noise0,100,100,0,0,True,"{""1"":100,""2"":100,""3"":100,""4"":100,""5"":100,""6"":100,""7"":100,""8"":100}",f738ee7c7b82d7b95c039b8e072e65ee8cce9d82ea34fd44bb3ec274b121b15a,17.260512999200728,1.0,1.0,1.0,1.0,1.0,1.0,8,0,,,,1.0,1.0,1.0,1.0,1.0,1.0,8,1.0,800,0,0,0.0
quality_spherical_n800_g8_d8_noise0_s2,difficulty,spherical,800,8,8,0,2026092802,2,5,20,2,hgp_weighted_full_vote,facet_mass_before_vote,quality_spherical_n800_g8_d8_noise0,100,100,0,0,False,"{""1"":100,""2"":100,""3"":100,""4"":100,""5"":100,""6"":100,""7"":100,""8"":100}",7ef1cce0b70df443decd8467a7ab3fd6b55416917dd43322480427439b8a49e1,683.5047519998625,0.9971320476846923,0.99663060354563,0.9971320476846923,0.9971320476846923,0.9971320476846923,1.0,8,0,,,,0.9987623762376238,0.99875,0.9987499687492187,0.99875,0.99875,0.99875,6,0.75,799,0,0,0.0
quality_spherical_n800_g8_d8_noise0_s2,difficulty,spherical,800,8,8,0,2026092802,2,5,50,1,hdbscan_common,point_cardinality,quality_spherical_n800_g8_d8_noise0,100,100,0,0,True,"{""1"":100,""2"":100,""3"":100,""4"":100,""5"":100,""6"":100,""7"":100,""8"":100}",b13ea1c3cc7fc6dc983ed836595bb6abd768dbb30bca2c2daa6e6b0c28f61d35,16.631079000944737,0.9985716813937815,0.9983196380378427,0.9985716813937815,0.9985716813937815,1.0,0.99875,8,1,,,,1.0,0.99875,0.9993718592964824,1.0,0.99875,0.9993746091307066,7,0.875,799,0,0,0.00125
quality_spherical_n800_g8_d8_noise0_s2,difficulty,spherical,800,8,8,0,2026092802,2,5,50,1,hdbscan_standard,point_cardinality,quality_spherical_n800_g8_d8_noise0,100,100,0,0,True,"{""1"":100,""2"":100,""3"":100,""4"":100,""5"":100,""6"":100,""7"":100,""8"":100}",1062fb4f3522511d34d2bc6596ff7b26ddf46abb59c9076b50861047f184fbf0,0.0,0.9985716813937815,0.9983196380378427,0.9985716813937815,0.9985716813937815,1.0,0.99875,8,1,,,,1.0,0.99875,0.9993718592964824,1.0,0.99875,0.9993746091307066,7,0.875,799,0,0,0.00125
quality_spherical_n800_g8_d8_noise0_s2,difficulty,spherical,800,8,8,0,2026092802,2,5,50,1,hgp_exclusive_point_routing,point_cardinality,quality_spherical_n800_g8_d8_noise0,100,100,0,0,True,"{""1"":100,""2"":100,""3"":100,""4"":100,""5"":100,""6"":100,""7"":100,""8"":100}",760bdf5fedd5a0e8cc85a5052a155d49818a8d70cf8cac4f00a2053aa5f9db9c,22.712638005032204,0.9971320476846923,0.99663060354563,0.9971320476846923,0.9971320476846923,0.9971320476846923,1.0,8,0,,,,0.9987623762376238,0.99875,0.9987499687492187,0.99875,0.99875,0.99875,6,0.75,799,0,0,0.0
quality_spherical_n800_g8_d8_noise0_s2,difficulty,spherical,800,8,8,0,2026092802,2,5,50,1,hgp_first_coverage,point_cardinality,quality_spherical_n800_g8_d8_noise0,100,100,0,0,True,"{""1"":100,""2"":100,""3"":100,""4"":100,""5"":100,""6"":100,""7"":100,""8"":100}",2db3d6543333b3aaff54ab0af6632690ebdd6c22cf7ed44913880ddebce47632,14.489215005596634,1.0,1.0,1.0,1.0,1.0,1.0,8,0,,,,1.0,1.0,1.0,1.0,1.0,1.0,8,1.0,800,0,0,0.0
quality_spherical_n800_g8_d8_noise0_s2,difficulty,spherical,800,8,8,0,2026092802,2,5,50,1,hgp_weighted_full_vote,facet_mass_before_vote,quality_spherical_n800_g8_d8_noise0,100,100,0,0,False,"{""1"":100,""2"":100,""3"":100,""4"":100,""5"":100,""6"":100,""7"":100,""8"":100}",e763fd94a8147c528f490fab7c7a580f727561de023bc70802fc7a94845c2a57,635.9122260037111,0.9971320476846923,0.99663060354563,0.9971320476846923,0.9971320476846923,0.9971320476846923,1.0,8,0,,,,0.9987623762376238,0.99875,0.9987499687492187,0.99875,0.99875,0.99875,6,0.75,799,0,0,0.0
quality_spherical_n800_g8_d8_noise0_s2,difficulty,spherical,800,8,8,0,2026092802,2,5,50,2,hdbscan_common,point_cardinality,quality_spherical_n800_g8_d8_noise0,100,100,0,0,True,"{""1"":100,""2"":100,""3"":100,""4"":100,""5"":100,""6"":100,""7"":100,""8"":100}",7c03b7f4f95ee84a4229b43f08ded4ca1b4b3babe66f9a6bfbfa0a7eafd7f330,16.90781499928562,0.9985716813937815,0.9983196380378427,0.9985716813937815,0.9985716813937815,1.0,0.99875,8,1,,,,1.0,0.99875,0.9993718592964824,1.0,0.99875,0.9993746091307066,7,0.875,799,0,0,0.00125
quality_spherical_n800_g8_d8_noise0_s2,difficulty,spherical,800,8,8,0,2026092802,2,5,50,2,hgp_exclusive_point_routing,point_cardinality,quality_spherical_n800_g8_d8_noise0,100,100,0,0,True,"{""1"":100,""2"":100,""3"":100,""4"":100,""5"":100,""6"":100,""7"":100,""8"":100}",24e0b8941fc5a26f7fb85e64e1928fb37688efb5507e1b248c5b40ea620f5293,22.739318003004882,0.9971320476846923,0.99663060354563,0.9971320476846923,0.9971320476846923,0.9971320476846923,1.0,8,0,,,,0.9987623762376238,0.99875,0.9987499687492187,0.99875,0.99875,0.99875,6,0.75,799,0,0,0.0
quality_spherical_n800_g8_d8_noise0_s2,difficulty,spherical,800,8,8,0,2026092802,2,5,50,2,hgp_first_coverage,point_cardinality,quality_spherical_n800_g8_d8_noise0,100,100,0,0,True,"{""1"":100,""2"":100,""3"":100,""4"":100,""5"":100,""6"":100,""7"":100,""8"":100}",da28449338402ed2e55b27874e4916eccd34d2d2fc7fe3b14603f1eba560ab0b,14.665915005025454,1.0,1.0,1.0,1.0,1.0,1.0,8,0,,,,1.0,1.0,1.0,1.0,1.0,1.0,8,1.0,800,0,0,0.0
quality_spherical_n800_g8_d8_noise0_s2,difficulty,spherical,800,8,8,0,2026092802,2,5,50,2,hgp_weighted_full_vote,facet_mass_before_vote,quality_spherical_n800_g8_d8_noise0,100,100,0,0,False,"{""1"":100,""2"":100,""3"":100,""4"":100,""5"":100,""6"":100,""7"":100,""8"":100}",8e7eec6924554ee8b3c5f8d23ffecb3c7d75b8ea07c1bc16338459d8113b9b31,671.8303759989794,0.9971320476846923,0.99663060354563,0.9971320476846923,0.9971320476846923,0.9971320476846923,1.0,8,0,,,,0.9987623762376238,0.99875,0.9987499687492187,0.99875,0.99875,0.99875,6,0.75,799,0,0,0.0
quality_unbalanced_n800_g8_d4_noise0_s1,shape_density,unbalanced,800,8,4,0,2026092801,1,5,20,1,hdbscan_common,point_cardinality,quality_unbalanced_n800_g8_d4_noise0,40,160,0,0,True,"{""1"":160,""2"":40,""3"":160,""4"":40,""5"":160,""6"":40,""7"":160,""8"":40}",066dc1ece074b88d61b4c7626edd9c3e1be0fad4edbaf00d0a9b6e684d3052a3,16.161352999915835,0.30377753505424854,0.5159166478538407,0.30377753505424854,0.3133627365503324,0.31251456227777485,0.87625,4,99,,,,0.4132293762575453,0.41171875,0.38518527903157934,0.5078459343794579,0.445,0.4743504330446369,0,0.0,356,-4,4,0.12375
quality_unbalanced_n800_g8_d4_noise0_s1,shape_density,unbalanced,800,8,4,0,2026092801,1,5,20,1,hdbscan_standard,point_cardinality,quality_unbalanced_n800_g8_d4_noise0,40,160,0,0,True,"{""1"":160,""2"":40,""3"":160,""4"":40,""5"":160,""6"":40,""7"":160,""8"":40}",e877e44c125abc0557559330f072ccc7ec3ed77e9153ba03f427b66f246c8fd9,0.0,0.30350163313780315,0.513145118136842,0.30350163313780315,0.3128033793966993,0.3113818418478513,0.8775,4,98,,,,0.4123847816629507,0.41171875,0.3847966204588817,0.5071225071225072,0.445,0.474034620505992,0,0.0,356,-4,4,0.1225
quality_unbalanced_n800_g8_d4_noise0_s1,shape_density,unbalanced,800,8,4,0,2026092801,1,5,20,1,hgp_exclusive_point_routing,point_cardinality,quality_unbalanced_n800_g8_d4_noise0,40,160,0,0,True,"{""1"":160,""2"":40,""3"":160,""4"":40,""5"":160,""6"":40,""7"":160,""8"":40}",f52a51d351fc5aba545191fe886f18c600e58dbbe0d287e7f0852390139fd25f,30.421290997765027,0.2842372896780351,0.5786828600162566,0.2842372896780351,0.28424669666052066,0.28387304665180674,0.99625,4,3,,,,0.4046865674940872,0.4765625,0.4152056764037398,0.4905897114178168,0.48875,0.48966812773951157,0,0.0,391,-4,4,0.00375
quality_unbalanced_n800_g8_d4_noise0_s1,shape_density,unbalanced,800,8,4,0,2026092801,1,5,20,1,hgp_first_coverage,point_cardinality,quality_unbalanced_n800_g8_d4_noise0,40,160,0,0,True,"{""1"":160,""2"":40,""3"":160,""4"":40,""5"":160,""6"":40,""7"":160,""8"":40}",68930b2482bffcb51dda63523f79c993f571a8a307677453bf5344108583e1fa,19.679461998748593,0.2875993153771008,0.5845108264504468,0.2875993153771008,0.2876347175368493,0.28689538283063276,0.9925,4,6,,,,0.4088750124555751,0.4734375,0.4156232738031123,0.491183879093199,0.4875,0.4893350062735257,0,0.0,390,-4,4,0.0075
quality_unbalanced_n800_g8_d4_noise0_s1,shape_density,unbalanced,800,8,4,0,2026092801,1,5,20,1,hgp_weighted_full_vote,facet_mass_before_vote,quality_unbalanced_n800_g8_d4_noise0,40,160,0,0,False,"{""1"":160,""2"":40,""3"":160,""4"":40,""5"":160,""6"":40,""7"":160,""8"":40}",430e0dce336504404f95e10218df0c53b337147ba3f717a73ae18632b47f8ec2,803.7854169961065,0.2839782651714443,0.574899469554322,0.2839782651714443,0.28398768849805633,0.2836149808190703,0.99625,4,3,,,,0.4014021863686186,0.47578125,0.41339305427733203,0.4893350062735257,0.4875,0.4884157795867251,0,0.0,390,-4,4,0.00375
quality_unbalanced_n800_g8_d4_noise0_s1,shape_density,unbalanced,800,8,4,0,2026092801,1,5,20,2,hdbscan_common,point_cardinality,quality_unbalanced_n800_g8_d4_noise0,40,160,0,0,True,"{""1"":160,""2"":40,""3"":160,""4"":40,""5"":160,""6"":40,""7"":160,""8"":40}",e5a0157bf5da61a86560acf74ce5311b86a5b0819e620e63c2d0b594fb2a080c,18.41404300648719,0.30377753505424854,0.5159166478538407,0.30377753505424854,0.3133627365503324,0.31251456227777485,0.87625,4,99,,,,0.4132293762575453,0.41171875,0.38518527903157934,0.5078459343794579,0.445,0.4743504330446369,0,0.0,356,-4,4,0.12375
quality_unbalanced_n800_g8_d4_noise0_s1,shape_density,unbalanced,800,8,4,0,2026092801,1,5,20,2,hgp_exclusive_point_routing,point_cardinality,quality_unbalanced_n800_g8_d4_noise0,40,160,0,0,True,"{""1"":160,""2"":40,""3"":160,""4"":40,""5"":160,""6"":40,""7"":160,""8"":40}",49d8c1068cc98c726e940f2bfada86de338e2c7a2cc0cf0b0af6367b165a062f,22.257398995861877,0.6788306119809213,0.7555250263456518,0.6788306119809213,0.7385100272593007,0.9348732904012185,0.79875,7,161,,,,0.8481465122068208,0.728125,0.7811430072151555,0.9702660406885759,0.775,0.8617095205003474,0,0.0,620,-1,1,0.20125
quality_unbalanced_n800_g8_d4_noise0_s1,shape_density,unbalanced,800,8,4,0,2026092801,1,5,20,2,hgp_first_coverage,point_cardinality,quality_unbalanced_n800_g8_d4_noise0,40,160,0,0,True,"{""1"":160,""2"":40,""3"":160,""4"":40,""5"":160,""6"":40,""7"":160,""8"":40}",7bb0da897ef6754f27d86445d11c308eb76a8a38894e46166705578a9e142328,15.209908000542782,0.6612227262512955,0.7472830225056291,0.6612227262512955,0.7258770717426908,0.930485220437569,0.78875,7,169,,,,0.8440726803746236,0.71640625,0.7726412591571572,0.9683042789223455,0.76375,0.8539482879105521,0,0.0,611,-1,1,0.21125
quality_unbalanced_n800_g8_d4_noise0_s1,shape_density,unbalanced,800,8,4,0,2026092801,1,5,20,2,hgp_weighted_full_vote,facet_mass_before_vote,quality_unbalanced_n800_g8_d4_noise0,40,160,0,0,False,"{""1"":160,""2"":40,""3"":160,""4"":40,""5"":160,""6"":40,""7"":160,""8"":40}",5308f3e4886be7c44bf5d36e13a1aa7b148dbe4cdf33332a53b2e9250893d67c,852.4474080040818,0.2842372896780351,0.5786828600162566,0.2842372896780351,0.28424669666052066,0.28387304665180674,0.99625,4,3,,,,0.4046865674940872,0.4765625,0.4152056764037398,0.4905897114178168,0.48875,0.48966812773951157,0,0.0,391,-4,4,0.00375
quality_unbalanced_n800_g8_d4_noise0_s1,shape_density,unbalanced,800,8,4,0,2026092801,1,5,50,1,hdbscan_common,point_cardinality,quality_unbalanced_n800_g8_d4_noise0,40,160,0,4,True,"{""1"":160,""2"":40,""3"":160,""4"":40,""5"":160,""6"":40,""7"":160,""8"":40}",3bb928b49bc66de94a784628288e740b41888ab079d2721f572393421109d14c,18.844015001377556,0.2888996365767015,0.4634775573354612,0.2888996365767015,0.3053104533814009,0.2592848449021372,0.805,2,156,,,,0.16322937625754527,0.23359375,0.17754550096926608,0.4642857142857143,0.37375,0.41412742382271467,0,0.0,299,-6,6,0.195
quality_unbalanced_n800_g8_d4_noise0_s1,shape_density,unbalanced,800,8,4,0,2026092801,1,5,50,1,hdbscan_standard,point_cardinality,quality_unbalanced_n800_g8_d4_noise0,40,160,0,4,True,"{""1"":160,""2"":40,""3"":160,""4"":40,""5"":160,""6"":40,""7"":160,""8"":40}",6ebd1d1d996568d624f419bee9ab3352c491f3f1c4ee181124362b9a73c49e4b,0.0,0.28883483335892646,0.4608344416459409,0.28883483335892646,0.3047545353059694,0.2581499185114632,0.80625,2,155,,,,0.16238478166295067,0.23359375,0.17715684239656843,0.4635658914728682,0.37375,0.413840830449827,0,0.0,299,-6,6,0.19375
quality_unbalanced_n800_g8_d4_noise0_s1,shape_density,unbalanced,800,8,4,0,2026092801,1,5,50,1,hgp_exclusive_point_routing,point_cardinality,quality_unbalanced_n800_g8_d4_noise0,40,160,0,4,True,"{""1"":160,""2"":40,""3"":160,""4"":40,""5"":160,""6"":40,""7"":160,""8"":40}",92d2573dd6ac79add618a701ef0562772c59d189f0511f0dee57a0928b6797f0,25.007096002809703,0.22942832592076418,0.5031007307562331,0.22942832592076418,0.22311569188900363,0.197266560316049,0.9475,2,42,,,,0.15617164497435415,0.2484375,0.1758931180220332,0.41952506596306066,0.3975,0.40821566110397944,0,0.0,318,-6,6,0.0525
quality_unbalanced_n800_g8_d4_noise0_s1,shape_density,unbalanced,800,8,4,0,2026092801,1,5,50,1,hgp_first_coverage,point_cardinality,quality_unbalanced_n800_g8_d4_noise0,40,160,0,4,True,"{""1"":160,""2"":40,""3"":160,""4"":40,""5"":160,""6"":40,""7"":160,""8"":40}",3c9495464ce9e6898acf424624c01606e38a57cfa66fe0dc467aadcc0252bf01,15.467569995962549,0.23096021031755481,0.505704755694183,0.23096021031755481,0.2249864837776555,0.2000432048435319,0.94875,2,41,,,,0.1568920210224558,0.24921875,0.17660222424974725,0.42028985507246375,0.39875,0.40923669018601666,0,0.0,319,-6,6,0.05125
quality_unbalanced_n800_g8_d4_noise0_s1,shape_density,unbalanced,800,8,4,0,2026092801,1,5,50,1,hgp_weighted_full_vote,facet_mass_before_vote,quality_unbalanced_n800_g8_d4_noise0,40,160,0,4,False,"{""1"":160,""2"":40,""3"":160,""4"":40,""5"":160,""6"":40,""7"":160,""8"":40}",e39d431c9a68ee954465ac83ba7f83df1fc179d68c8d71b19e8108e66fcbca34,1197.4717220000457,0.22749544582113415,0.4966330355162545,0.22749544582113415,0.22151131017774953,0.19643096060583096,0.94875,2,41,,,,0.15611562350692784,0.2484375,0.1758234080503703,0.4189723320158103,0.3975,0.4079538165490699,0,0.0,318,-6,6,0.05125
quality_unbalanced_n800_g8_d4_noise0_s1,shape_density,unbalanced,800,8,4,0,2026092801,1,5,50,2,hdbscan_common,point_cardinality,quality_unbalanced_n800_g8_d4_noise0,40,160,0,4,True,"{""1"":160,""2"":40,""3"":160,""4"":40,""5"":160,""6"":40,""7"":160,""8"":40}",6e6f43c796122073d1597015fb3d81cff122096562f7ded63ea4b68dd37c1208,17.68294999783393,0.2888996365767015,0.4634775573354612,0.2888996365767015,0.3053104533814009,0.2592848449021372,0.805,2,156,,,,0.16322937625754527,0.23359375,0.17754550096926608,0.4642857142857143,0.37375,0.41412742382271467,0,0.0,299,-6,6,0.195
quality_unbalanced_n800_g8_d4_noise0_s1,shape_density,unbalanced,800,8,4,0,2026092801,1,5,50,2,hgp_exclusive_point_routing,point_cardinality,quality_unbalanced_n800_g8_d4_noise0,40,160,0,4,True,"{""1"":160,""2"":40,""3"":160,""4"":40,""5"":160,""6"":40,""7"":160,""8"":40}",c9b0efb14c93eecf62526fcdf9ef315c1f96323d98af0400fadbfdce6d0b7462,30.88457499688957,0.22942832592076418,0.5031007307562331,0.22942832592076418,0.22311569188900363,0.197266560316049,0.9475,2,42,,,,0.15617164497435415,0.2484375,0.1758931180220332,0.41952506596306066,0.3975,0.40821566110397944,0,0.0,318,-6,6,0.0525
quality_unbalanced_n800_g8_d4_noise0_s1,shape_density,unbalanced,800,8,4,0,2026092801,1,5,50,2,hgp_first_coverage,point_cardinality,quality_unbalanced_n800_g8_d4_noise0,40,160,0,4,True,"{""1"":160,""2"":40,""3"":160,""4"":40,""5"":160,""6"":40,""7"":160,""8"":40}",8a728b6883bf8869e8430f555987115af73cd27bec49d25bb16c51dc09ac84be,13.644740996824112,0.23096021031755481,0.505704755694183,0.23096021031755481,0.2249864837776555,0.2000432048435319,0.94875,2,41,,,,0.1568920210224558,0.24921875,0.17660222424974725,0.42028985507246375,0.39875,0.40923669018601666,0,0.0,319,-6,6,0.05125
quality_unbalanced_n800_g8_d4_noise0_s1,shape_density,unbalanced,800,8,4,0,2026092801,1,5,50,2,hgp_weighted_full_vote,facet_mass_before_vote,quality_unbalanced_n800_g8_d4_noise0,40,160,0,4,False,"{""1"":160,""2"":40,""3"":160,""4"":40,""5"":160,""6"":40,""7"":160,""8"":40}",362641db8cd94154ef8b34a191b52727d40114270d7841fbd23a519b406ecc09,908.7492230028147,0.22749544582113415,0.4966330355162545,0.22749544582113415,0.22151131017774953,0.19643096060583096,0.94875,2,41,,,,0.15611562350692784,0.2484375,0.1758234080503703,0.4189723320158103,0.3975,0.4079538165490699,0,0.0,318,-6,6,0.05125
quality_unbalanced_n800_g8_d4_noise0_s2,shape_density,unbalanced,800,8,4,0,2026092802,2,5,20,1,hdbscan_common,point_cardinality,quality_unbalanced_n800_g8_d4_noise0,40,160,0,0,True,"{""1"":160,""2"":40,""3"":160,""4"":40,""5"":160,""6"":40,""7"":160,""8"":40}",9309018617a118542d83c0731a2b40fa6d224b6da4d679fbe250d381cd030aca,16.818578995298594,0.3213658349134668,0.5222528373867031,0.3213658349134668,0.3413969676141157,0.34104012843181564,0.81875,4,145,,,,0.40842391304347825,0.3921875,0.37137096774193545,0.5190839694656488,0.425,0.46735395189003437,0,0.0,340,-4,4,0.18125
quality_unbalanced_n800_g8_d4_noise0_s2,shape_density,unbalanced,800,8,4,0,2026092802,2,5,20,1,hdbscan_standard,point_cardinality,quality_unbalanced_n800_g8_d4_noise0,40,160,0,0,True,"{""1"":160,""2"":40,""3"":160,""4"":40,""5"":160,""6"":40,""7"":160,""8"":40}",6a1d1ebf1642e067b49df5d5a8a4918eadc744b7e3875bbdd8aeec6477e6a9af,0.0,0.32187630874773815,0.5234783565514911,0.32187630874773815,0.34160114596065083,0.34188610859015883,0.82,4,144,,,,0.4087215320910973,0.3953125,0.3741715141900229,0.5198170731707317,0.42625,0.4684065934065934,0,0.0,341,-4,4,0.18
quality_unbalanced_n800_g8_d4_noise0_s2,shape_density,unbalanced,800,8,4,0,2026092802,2,5,20,1,hgp_exclusive_point_routing,point_cardinality,quality_unbalanced_n800_g8_d4_noise0,40,160,0,0,True,"{""1"":160,""2"":40,""3"":160,""4"":40,""5"":160,""6"":40,""7"":160,""8"":40}",2c26ce0f5fd9b2eaae12d83686a4402a269676451d5172d69e1728b7c18ed3e8,29.59750500303926,0.8061589953495057,0.8194088880744322,0.8061589953495057,0.829221444263828,0.9515318168652865,0.88625,8,91,,,,0.965619958508826,0.8453125,0.899515706824866,0.9760225669957687,0.865,0.9171636845593109,1,0.125,692,0,0,0.11375
quality_unbalanced_n800_g8_d4_noise0_s2,shape_density,unbalanced,800,8,4,0,2026092802,2,5,20,1,hgp_first_coverage,point_cardinality,quality_unbalanced_n800_g8_d4_noise0,40,160,0,0,True,"{""1"":160,""2"":40,""3"":160,""4"":40,""5"":160,""6"":40,""7"":160,""8"":40}",5ab2251f19fdba4874036b415561d2c0fc0bc132d3f0e956642b85d4cca5a6ad,19.335390999913216,0.7925961774653978,0.8114010543225425,0.7925961774653978,0.8180265691154545,0.9489270469451323,0.88,8,96,,,,0.9629931079288483,0.840625,0.89557613819725,0.9744318181818182,0.8575,0.9122340425531915,0,0.0,686,0,0,0.12
quality_unbalanced_n800_g8_d4_noise0_s2,shape_density,unbalanced,800,8,4,0,2026092802,2,5,20,1,hgp_weighted_full_vote,facet_mass_before_vote,quality_unbalanced_n800_g8_d4_noise0,40,160,0,0,False,"{""1"":160,""2"":40,""3"":160,""4"":40,""5"":160,""6"":40,""7"":160,""8"":40}",8948a911cbde1cfe6bd919b2b1a595c7468ec90b00d4ba6e31bf48439a71a8ae,779.0846329953638,0.23751909677941266,0.5229332245128883,0.23751909677941266,0.23752735017959206,0.23775760786241631,0.99625,3,3,,,,0.2768798144257703,0.37421875,0.2991501019625262,0.4504391468005019,0.44875,0.4495929868503444,0,0.0,359,-5,5,0.00375
quality_unbalanced_n800_g8_d4_noise0_s2,shape_density,unbalanced,800,8,4,0,2026092802,2,5,20,2,hdbscan_common,point_cardinality,quality_unbalanced_n800_g8_d4_noise0,40,160,0,0,True,"{""1"":160,""2"":40,""3"":160,""4"":40,""5"":160,""6"":40,""7"":160,""8"":40}",ff230f01c6e50e1a6d079026f328ade4a9e1244354c8e49a2cef52994d869eb7,15.913830997305922,0.3213658349134668,0.5222528373867031,0.3213658349134668,0.3413969676141157,0.34104012843181564,0.81875,4,145,,,,0.40842391304347825,0.3921875,0.37137096774193545,0.5190839694656488,0.425,0.46735395189003437,0,0.0,340,-4,4,0.18125
quality_unbalanced_n800_g8_d4_noise0_s2,shape_density,unbalanced,800,8,4,0,2026092802,2,5,20,2,hgp_exclusive_point_routing,point_cardinality,quality_unbalanced_n800_g8_d4_noise0,40,160,0,0,True,"{""1"":160,""2"":40,""3"":160,""4"":40,""5"":160,""6"":40,""7"":160,""8"":40}",db7e9492a96414c246a07e27379be96658781d6ccf6e23cb3e04e1e07345f3c9,22.041757001716178,0.8073912870940534,0.8193687021519598,0.8073912870940534,0.8306429385663872,0.9515193706216715,0.88625,8,91,,,,0.9656384259568709,0.84296875,0.8980048512807722,0.9760225669957687,0.865,0.9171636845593109,1,0.125,692,0,0,0.11375
quality_unbalanced_n800_g8_d4_noise0_s2,shape_density,unbalanced,800,8,4,0,2026092802,2,5,20,2,hgp_first_coverage,point_cardinality,quality_unbalanced_n800_g8_d4_noise0,40,160,0,0,True,"{""1"":160,""2"":40,""3"":160,""4"":40,""5"":160,""6"":40,""7"":160,""8"":40}",9eafda21caaafe4ed540e0e39643ead3d5005646ed785d13689b73b5c77fe554,14.428271999349818,0.7925961774653978,0.8114010543225425,0.7925961774653978,0.8180265691154545,0.9489270469451323,0.88,8,96,,,,0.9629931079288483,0.840625,0.89557613819725,0.9744318181818182,0.8575,0.9122340425531915,0,0.0,686,0,0,0.12
quality_unbalanced_n800_g8_d4_noise0_s2,shape_density,unbalanced,800,8,4,0,2026092802,2,5,20,2,hgp_weighted_full_vote,facet_mass_before_vote,quality_unbalanced_n800_g8_d4_noise0,40,160,0,0,False,"{""1"":160,""2"":40,""3"":160,""4"":40,""5"":160,""6"":40,""7"":160,""8"":40}",80da11308f811e68b27cdcb702df4e0a4a5b8c178c465ab6bfa77ce4618e3c2d,805.1029439957347,0.23751909677941266,0.5229332245128883,0.23751909677941266,0.23752735017959206,0.23775760786241631,0.99625,3,3,,,,0.2768798144257703,0.37421875,0.2991501019625262,0.4504391468005019,0.44875,0.4495929868503444,0,0.0,359,-5,5,0.00375
quality_unbalanced_n800_g8_d4_noise0_s2,shape_density,unbalanced,800,8,4,0,2026092802,2,5,50,1,hdbscan_common,point_cardinality,quality_unbalanced_n800_g8_d4_noise0,40,160,0,4,True,"{""1"":160,""2"":40,""3"":160,""4"":40,""5"":160,""6"":40,""7"":160,""8"":40}",ee1d1c1e93d67f935a2877a7ef14deaf07cc24fb3499263340e491f124e00f67,16.123893998155836,0.2712401274604371,0.4314700286482491,0.2712401274604371,0.29659575967337576,0.25638426325094665,0.77875,2,177,,,,0.16304347826086957,0.22421875,0.1738206324520477,0.4606741573033708,0.35875,0.4033731553056922,0,0.0,287,-6,6,0.22125
quality_unbalanced_n800_g8_d4_noise0_s2,shape_density,unbalanced,800,8,4,0,2026092802,2,5,50,1,hdbscan_standard,point_cardinality,quality_unbalanced_n800_g8_d4_noise0,40,160,0,4,True,"{""1"":160,""2"":40,""3"":160,""4"":40,""5"":160,""6"":40,""7"":160,""8"":40}",724c0cc3e71b0437e0b86de0e84e1f2ff2d41b4e4f7e4bf977066027cf8949e6,0.0,0.2719097828214689,0.43274464617238134,0.2719097828214689,0.2968129630292844,0.2560598648773075,0.78,2,176,,,,0.16296487603305784,0.22421875,0.17373188405797102,0.4599358974358974,0.35875,0.40308988764044945,0,0.0,287,-6,6,0.22
quality_unbalanced_n800_g8_d4_noise0_s2,shape_density,unbalanced,800,8,4,0,2026092802,2,5,50,1,hgp_exclusive_point_routing,point_cardinality,quality_unbalanced_n800_g8_d4_noise0,40,160,0,4,True,"{""1"":160,""2"":40,""3"":160,""4"":40,""5"":160,""6"":40,""7"":160,""8"":40}",673cd3a9acebd1bae711aed35676c10d62ab8f2d541f8cad38e2995e3086f143,24.183571003959514,0.2360713330904388,0.5163712909562457,0.2360713330904388,0.2299958092005067,0.2041952733570655,0.945,2,44,,,,0.15777579697986577,0.24921875,0.1771288029100529,0.421957671957672,0.39875,0.41002570694087404,0,0.0,319,-6,6,0.055
quality_unbalanced_n800_g8_d4_noise0_s2,shape_density,unbalanced,800,8,4,0,2026092802,2,5,50,1,hgp_first_coverage,point_cardinality,quality_unbalanced_n800_g8_d4_noise0,40,160,0,4,True,"{""1"":160,""2"":40,""3"":160,""4"":40,""5"":160,""6"":40,""7"":160,""8"":40}",94f5c1e3baaa15846825cd688da9202aaa044395755c1e278866c1bfef390ccc,14.278843998908997,0.23829511615553362,0.514300635304237,0.23829511615553362,0.2324135665352788,0.20560747582194214,0.9425,2,46,,,,0.15788878367003367,0.24921875,0.1772691478779841,0.4230769230769231,0.39875,0.41055341055341055,0,0.0,319,-6,6,0.0575
quality_unbalanced_n800_g8_d4_noise0_s2,shape_density,unbalanced,800,8,4,0,2026092802,2,5,50,1,hgp_weighted_full_vote,facet_mass_before_vote,quality_unbalanced_n800_g8_d4_noise0,40,160,0,4,False,"{""1"":160,""2"":40,""3"":160,""4"":40,""5"":160,""6"":40,""7"":160,""8"":40}",403b72b0245bc09df4746704db211ef98ddfc8d26437e700ec96894ef69f986d,827.1442900004331,0.2360713330904388,0.5163712909562457,0.2360713330904388,0.2299958092005067,0.2041952733570655,0.945,2,44,,,,0.15777579697986577,0.24921875,0.1771288029100529,0.421957671957672,0.39875,0.41002570694087404,0,0.0,319,-6,6,0.055
quality_unbalanced_n800_g8_d4_noise0_s2,shape_density,unbalanced,800,8,4,0,2026092802,2,5,50,2,hdbscan_common,point_cardinality,quality_unbalanced_n800_g8_d4_noise0,40,160,0,4,True,"{""1"":160,""2"":40,""3"":160,""4"":40,""5"":160,""6"":40,""7"":160,""8"":40}",32a4c9a00df87879eaf92907914925b2995cd59f3d8163ed3f8d723248cbf515,15.762278999318369,0.2712401274604371,0.4314700286482491,0.2712401274604371,0.29659575967337576,0.25638426325094665,0.77875,2,177,,,,0.16304347826086957,0.22421875,0.1738206324520477,0.4606741573033708,0.35875,0.4033731553056922,0,0.0,287,-6,6,0.22125
quality_unbalanced_n800_g8_d4_noise0_s2,shape_density,unbalanced,800,8,4,0,2026092802,2,5,50,2,hgp_exclusive_point_routing,point_cardinality,quality_unbalanced_n800_g8_d4_noise0,40,160,0,4,True,"{""1"":160,""2"":40,""3"":160,""4"":40,""5"":160,""6"":40,""7"":160,""8"":40}",ff39fc38c2c8529fd33e317fc2973a38214e9a08e8f769cac017ee3212817889,22.297534000244923,0.6555755097559955,0.7319734786935755,0.6555755097559955,0.8039930094825075,0.9556027569257926,0.7175,4,226,,,,0.4901482298784395,0.43984375,0.4630777209311067,0.980836236933798,0.70375,0.8195050946142649,0,0.0,563,-4,4,0.2825
quality_unbalanced_n800_g8_d4_noise0_s2,shape_density,unbalanced,800,8,4,0,2026092802,2,5,50,2,hgp_first_coverage,point_cardinality,quality_unbalanced_n800_g8_d4_noise0,40,160,0,4,True,"{""1"":160,""2"":40,""3"":160,""4"":40,""5"":160,""6"":40,""7"":160,""8"":40}",1a8fad42b9d3e8a710ff9c36747d55575589cee188662748cb3168b7fab2c1b5,13.842088999808766,0.6346853183794036,0.7226399080269276,0.6346853183794036,0.7910790913502608,0.9532381891627761,0.70875,4,233,,,,0.48999105752711264,0.434375,0.4598699000921439,0.9805996472663139,0.695,0.8134601316752011,0,0.0,556,-4,4,0.29125
quality_unbalanced_n800_g8_d4_noise0_s2,shape_density,unbalanced,800,8,4,0,2026092802,2,5,50,2,hgp_weighted_full_vote,facet_mass_before_vote,quality_unbalanced_n800_g8_d4_noise0,40,160,0,4,False,"{""1"":160,""2"":40,""3"":160,""4"":40,""5"":160,""6"":40,""7"":160,""8"":40}",98ad7428443156de07758d6f81a9978279b7d563f74c48c4365405b1f2d4580c,836.991489995853,0.2360713330904388,0.5163712909562457,0.2360713330904388,0.2299958092005067,0.2041952733570655,0.945,2,44,,,,0.15777579697986577,0.24921875,0.1771288029100529,0.421957671957672,0.39875,0.41002570694087404,0,0.0,319,-6,6,0.055
