META 123389 246777 52490590 19244996
ROW 1 64 230923 6149 46785 1494 4 1 0 0 0 256 474 139 91 21 210 16 0 3 68568
ROW 1 64 230923 104310 116428 1468 4 0 0 1 0 228 436 170 129 10 45 45 9 2 51586
ROW 1 64 230923 22260 38211 1458 4 1 0 3 1 256 460 120 84 28 378 363 153 4 131155
ROW 1 64 230923 24606 38950 1033 6 1 4 3 1 256 454 132 84 31 465 180 180 4 75801
ROW 1 64 230923 47537 62756 1243 4 1 0 0 0 256 502 140 99 7 21 21 0 4 41648
ROW 1 64 230923 53985 58442 1076 4 1 0 0 0 256 504 167 114 6 15 15 0 4 32661
ROW 1 64 230923 9807 29906 1043 6 0 1 0 0 248 452 122 88 24 276 2 0 3 40716
ROW 1 64 230923 9805 46781 1354 6 1 3 0 0 256 468 127 89 24 276 51 0 4 41718
ROW 1 64 230923 26063 38205 1221 4 1 0 3 1 256 464 123 80 26 325 221 85 4 45876
ROW 1 64 230923 8437 10452 1497 6 0 1 0 0 256 444 124 86 36 630 23 0 4 59872
ROW 1 64 230923 1156 6748 1119 6 0 0 0 0 235 424 134 88 23 253 0 0 2 37320
ROW 1 64 230923 113998 121290 1680 6 0 0 0 0 207 416 134 80 1 0 0 0 2 26590
ROW 1 64 230923 9805 38218 1476 4 1 0 3 1 256 476 126 87 20 190 83 11 4 41347
ROW 1 64 230923 4918 17654 2802 6 0 0 0 0 256 502 177 125 6 15 0 0 4 37740
ROW 1 64 230923 16841 42488 1236 4 1 0 3 1 256 454 122 85 31 465 182 170 4 56475
ROW 1 64 230923 28630 64907 1185 6 1 0 0 0 256 500 131 89 8 28 0 0 4 31909
ROW 1 64 230923 4896 75610 1001 4 0 0 2 0 238 442 142 99 19 171 58 8 3 40154
ROW 1 64 230923 20476 31935 2252 4 1 0 1 0 255 450 134 91 32 496 376 22 3 62165
ROW 1 64 230923 10419 10600 2607 6 0 0 0 0 249 486 168 128 6 15 0 0 3 31228
ROW 1 64 230923 12335 71250 1187 6 1 0 0 0 256 502 159 98 7 21 0 0 4 32320
ROW 1 64 230923 24998 58299 5460 4 1 0 1 0 256 504 152 113 6 15 5 5 4 50705
ROW 1 64 230923 15905 30634 4555 4 0 0 0 0 256 502 157 118 7 21 0 0 4 42850
ROW 1 64 230923 10601 51832 5552 6 1 2 2 0 256 504 146 111 6 15 8 8 4 31098
ROW 1 64 230923 10421 37075 3822 6 0 0 0 0 256 504 166 116 6 15 0 0 4 29906
ROW 1 64 230923 15710 49931 5764 6 0 0 0 0 256 504 144 117 6 15 0 0 4 32410
ROW 1 64 230923 15712 19410 3435 6 0 0 0 0 256 492 156 112 12 66 0 0 4 29775
ROW 1 64 230923 6773 54237 5520 6 1 0 0 0 256 506 152 120 5 10 0 0 4 28413
ROW 1 64 230923 17657 20999 4150 6 0 0 0 0 256 496 150 118 10 45 0 0 4 29585
ROW 1 64 230923 15909 45393 5834 4 0 0 0 0 256 498 148 115 9 36 12 0 4 29655
ROW 1 64 230923 1239 25008 3816 6 0 0 0 0 256 502 167 124 7 21 0 0 4 29244
ROW 1 64 230923 28625 45642 5810 6 0 2 1 0 256 506 156 117 5 10 4 3 4 29585
ROW 1 64 230923 28627 54232 5796 4 1 0 0 0 256 506 152 112 5 10 9 0 4 30867
ROW 1 64 230923 19411 24769 3952 6 0 0 0 0 256 498 163 116 9 36 0 0 4 28293
ROW 1 64 230923 4920 67164 5325 6 1 0 0 0 256 514 157 118 1 0 0 0 4 28934
ROW 1 64 230923 15707 25014 5324 4 0 0 0 0 256 496 144 116 10 45 3 0 4 29866
ROW 1 64 230923 36829 41350 5771 4 0 0 0 0 256 512 161 116 2 1 0 0 4 29425
ROW 1 64 230923 1231 10610 4020 4 0 0 0 0 248 484 165 125 6 15 0 0 3 30557
ROW 1 64 230923 25010 36832 5816 6 0 0 0 0 256 508 157 124 4 6 0 0 4 30427
ROW 1 64 230923 20994 21249 5760 6 0 0 0 0 256 496 145 117 10 45 0 0 4 30877
ROW 1 64 230923 4917 23115 4130 4 0 0 0 0 256 502 159 121 7 21 0 0 4 29054
ROW 1 64 230923 20999 41360 6300 6 0 0 0 0 256 502 142 117 7 21 0 0 4 28974
ROW 1 64 230923 24772 41360 6325 6 1 0 0 0 256 508 150 119 4 6 0 0 4 27071
ROW 1 64 230923 36836 37097 7107 4 1 0 1 0 256 502 150 103 7 21 11 4 4 30206
ROW 1 64 230923 30634 62867 6895 4 1 0 0 0 256 514 145 109 1 0 0 0 4 28403
ROW 1 64 230923 26928 41104 6321 6 0 1 0 0 256 508 154 118 4 6 1 0 4 29244
ROW 1 64 230923 22875 54243 6809 4 1 0 0 0 256 512 145 109 2 1 0 0 4 26941
ROW 1 64 230923 10906 15916 6413 4 0 0 1 0 243 450 128 95 20 190 112 1 3 45064
ROW 1 64 230923 3600 21259 6399 4 0 0 0 0 241 444 126 107 19 171 14 0 3 36338
ROW 1 64 230923 28624 32929 6209 6 0 0 0 0 256 508 155 123 4 6 0 0 4 29826
ROW 1 64 230923 20994 25017 6219 6 0 1 0 0 256 496 142 118 10 45 1 0 4 30336
ROW 1 64 230923 26683 28881 6151 6 0 0 0 0 256 508 148 119 4 6 0 0 4 28534
ROW 1 64 230923 28622 58559 7043 4 1 0 1 0 256 512 147 111 2 1 1 1 4 53871
ROW 1 64 230923 10414 62866 6287 6 1 0 0 0 256 502 137 117 7 21 0 0 4 27772
ROW 1 64 230923 1755 37092 6720 4 1 0 3 1 256 476 112 90 20 190 148 55 4 46337
ROW 1 64 230923 20996 37091 6539 4 0 0 0 0 256 502 146 117 7 21 0 0 4 31268
ROW 1 64 230923 10906 25010 6827 4 1 0 3 1 250 450 115 87 27 351 265 122 3 52047
ROW 1 64 230923 25024 32675 7024 6 1 0 0 0 256 502 143 110 7 21 0 0 4 29325
ROW 1 64 230923 17439 32931 6202 6 0 0 0 0 256 500 140 117 8 28 0 0 4 29775
ROW 1 64 230923 10906 17658 6978 4 1 0 3 1 242 430 115 91 29 406 271 146 3 70371
ROW 1 64 230923 41105 43501 6220 4 0 0 0 0 256 512 157 121 2 1 0 0 4 28823
ROW 1 64 230924 6610 66901 1350 4 1 0 3 1 256 454 111 81 31 465 198 198 4 61735
ROW 1 64 230924 49833 80141 1014 4 1 0 0 0 256 510 179 147 3 3 3 0 4 31599
ROW 1 64 230924 2930 19191 1463 4 1 0 3 1 256 446 114 76 35 595 153 72 4 68688
ROW 1 64 230924 37074 67075 1177 6 1 0 0 0 256 508 158 136 4 6 0 0 4 29925
ROW 1 64 230924 113994 123241 1068 4 1 0 3 1 205 396 147 126 9 36 21 21 2 31699
ROW 1 64 230924 9669 26148 2967 4 1 0 3 1 238 428 99 83 26 325 289 106 3 54251
ROW 1 64 230924 9802 46783 1429 4 1 0 1 0 256 466 123 87 25 300 51 3 4 42068
ROW 1 64 230924 10549 96766 1203 4 0 0 0 0 249 478 178 106 12 66 43 0 3 33292
ROW 1 64 230924 113995 121272 1695 4 0 0 0 0 210 416 131 84 4 6 0 0 2 28774
ROW 1 64 230924 36834 62754 1149 4 1 0 0 0 256 506 136 92 5 10 0 0 4 32771
ROW 1 64 230924 122196 122907 1452 4 1 0 0 0 246 468 170 113 14 91 1 0 3 36137
ROW 1 64 230924 14977 16901 1990 2 1 4 0 1 242 424 116 87 32 496 210 124 3 58208
ROW 1 64 230924 41345 71407 1027 4 1 0 0 0 256 514 178 126 1 0 0 0 4 29545
ROW 1 64 230924 34721 47371 1256 4 1 0 3 1 254 452 148 92 28 378 363 88 3 58339
ROW 1 64 230924 26664 53814 1302 4 1 0 3 1 248 444 145 94 26 325 319 66 3 47889
ROW 1 64 230924 16903 44649 2572 4 1 0 2 0 245 450 142 95 22 231 228 38 3 44964
ROW 1 64 230924 393 2407 1894 4 1 0 3 1 238 436 143 109 20 190 184 42 3 49151
ROW 1 64 230924 8778 10420 2641 6 0 0 0 0 254 492 174 126 8 28 0 0 3 29996
ROW 1 64 230924 20842 45376 1159 6 1 4 3 1 256 456 124 88 30 435 162 162 4 61705
ROW 1 64 230924 15112 46776 1238 4 1 0 3 1 256 460 117 81 28 378 174 99 4 67266
ROW 1 64 230924 6770 21242 3526 6 0 0 0 0 256 500 163 124 8 28 0 0 4 62166
ROW 1 64 230924 19416 47537 5678 4 1 0 1 0 256 502 140 113 7 21 13 3 4 41688
ROW 1 64 230924 25006 26681 4899 6 0 0 0 0 256 508 164 119 4 6 0 0 4 38451
ROW 1 64 230924 12225 52073 4871 6 1 3 2 0 256 500 154 117 8 28 15 6 4 42770
ROW 1 64 230924 17674 26679 5996 4 0 0 0 0 256 506 150 121 5 10 0 0 4 39924
ROW 1 64 230924 17667 32674 5784 6 0 0 0 0 256 504 142 119 6 15 0 0 4 39244
ROW 1 64 230924 8786 26681 4832 4 0 0 0 0 256 500 153 114 8 28 0 0 4 38482
ROW 1 64 230924 17437 45638 5007 6 1 1 0 0 256 506 154 117 5 10 4 0 4 40977
ROW 1 64 230924 15711 54229 4964 2 1 0 0 0 256 512 154 114 2 1 0 0 4 38201
ROW 1 64 230924 20997 30873 4978 6 0 0 0 0 256 496 150 117 10 45 0 0 4 42489
ROW 1 64 230924 10421 21246 4093 6 0 0 0 0 256 504 162 122 6 15 0 0 4 37850
ROW 1 64 230924 4921 21242 3535 4 0 0 0 0 256 500 161 122 8 28 0 0 4 39724
ROW 1 64 230924 32675 41351 5560 6 1 1 0 0 256 508 144 113 4 6 3 0 4 40787
ROW 1 64 230924 1233 32918 3959 6 0 0 0 0 256 498 162 122 9 36 0 0 4 38071
ROW 1 64 230924 41350 45393 5849 4 1 0 2 0 256 504 154 113 6 15 14 8 4 43441
ROW 1 64 230924 14004 14183 3459 6 0 1 0 0 256 492 152 112 12 66 1 0 4 33893
ROW 1 64 230924 15712 34977 4201 2 1 0 0 0 256 508 163 114 4 6 0 0 4 29505
ROW 1 64 230924 10414 32932 5525 6 0 0 0 0 256 498 153 117 9 36 0 0 4 29685
ROW 1 64 230924 3099 49926 4921 4 1 0 0 0 256 504 157 118 6 15 0 0 4 28603
ROW 1 64 230924 6771 45636 4215 4 0 0 0 0 256 504 160 120 6 15 0 0 4 27601
ROW 1 64 230924 25011 51833 6960 4 1 0 1 0 256 510 144 115 3 3 2 2 4 29485
ROW 1 64 230924 17437 26937 6284 6 0 0 0 0 256 500 146 109 8 28 0 0 4 49102
ROW 1 64 230924 32668 60710 6723 4 1 0 0 0 256 516 149 114 0 0 0 0 4 29374
ROW 1 64 230924 28627 39234 6800 4 1 0 1 0 256 498 146 109 9 36 4 4 4 28373
ROW 1 64 230924 22873 41364 6659 4 1 0 0 0 256 504 144 116 6 15 0 0 4 26870
ROW 1 64 230924 32917 49676 6171 4 1 0 1 0 256 502 144 112 7 21 6 3 4 29685
ROW 1 64 230924 5429 28866 7454 4 1 0 3 1 256 470 124 85 23 253 232 112 4 70833
ROW 1 64 230924 17661 60455 6636 4 1 0 2 0 256 502 143 112 7 21 18 8 4 32520
ROW 1 64 230924 17440 58549 6645 6 1 3 0 0 256 498 138 108 9 36 18 0 4 30867
ROW 1 64 230924 17429 32936 6519 4 0 0 0 0 256 496 149 111 10 45 2 0 4 29084
ROW 1 64 230924 1754 39216 7272 4 1 0 3 1 245 462 115 85 16 120 99 63 3 54742
ROW 1 64 230924 10418 69352 7067 4 1 0 3 1 256 500 147 103 8 28 22 16 4 30878
ROW 1 64 230924 32920 45391 6183 4 0 0 0 0 256 502 150 112 7 21 7 0 4 29515
ROW 1 64 230924 37095 45389 7160 4 1 0 0 0 256 512 144 108 2 1 0 0 4 27040
ROW 1 64 230924 20997 32931 6398 6 0 0 0 0 256 502 146 118 7 21 0 0 4 28904
ROW 1 64 230924 19188 58560 7416 4 1 0 1 0 256 508 142 107 4 6 3 1 4 27131
ROW 1 64 230924 28631 37089 6505 4 1 0 0 0 256 506 145 112 5 10 4 0 4 38451
ROW 1 64 230924 15915 45393 6335 4 1 0 0 0 256 504 143 113 6 15 5 0 4 27792
ROW 1 64 230924 25019 32672 6484 6 1 1 0 0 256 504 150 113 6 15 1 0 4 26259
ROW 1 64 230924 28627 49930 6030 6 0 0 0 0 256 508 151 113 4 6 0 0 4 28684
ROW 1 256 230923 6149 46785 1494 4 1 0 3 1 328 562 142 92 49 1176 124 34 0 86561
ROW 1 256 230923 104310 116428 1468 4 0 0 1 0 266 496 202 137 18 153 152 12 0 46607
ROW 1 256 230923 22260 38211 1458 4 1 0 3 1 366 608 134 87 64 2016 1451 836 0 391451
ROW 1 256 230923 24606 38950 1033 6 1 4 3 1 336 572 170 93 50 1225 389 352 0 121877
ROW 1 256 230923 47537 62756 1243 4 1 0 3 1 408 692 175 111 64 2016 1525 1025 0 236942
ROW 1 256 230923 53985 58442 1076 4 1 0 3 1 383 672 236 123 47 1081 931 268 0 99045
ROW 1 256 230923 9807 29906 1043 6 0 1 0 0 306 514 124 90 51 1275 2 0 0 90188
ROW 1 256 230923 9805 46781 1354 6 1 4 3 1 346 588 150 95 54 1431 254 50 0 110216
ROW 1 256 230923 26063 38205 1221 4 1 0 3 1 359 594 151 90 64 2016 1008 487 0 146884
ROW 1 256 230923 8437 10452 1497 6 0 4 0 0 316 514 146 95 61 1830 228 0 0 114043
ROW 1 256 230923 1156 6748 1119 6 0 0 0 0 276 484 136 88 34 561 0 0 0 51746
ROW 1 256 230923 113998 121290 1680 6 0 0 0 0 301 542 149 81 32 496 0 0 0 77474
ROW 1 256 230923 9805 38218 1476 4 1 0 3 1 356 612 151 92 52 1326 403 40 0 90850
ROW 1 256 230923 4918 17654 2802 6 0 0 0 0 392 688 181 125 48 1128 0 0 0 83836
ROW 1 256 230923 16841 42488 1236 4 1 0 3 1 355 586 141 88 64 2016 850 476 0 138338
ROW 1 256 230923 28630 64907 1185 6 1 4 3 1 411 698 159 96 64 2016 1024 998 0 233876
ROW 1 256 230923 4896 75610 1001 4 0 0 2 0 319 554 169 104 44 946 101 8 0 73317
ROW 1 256 230923 20476 31935 2252 4 1 0 3 1 343 584 178 106 53 1378 916 100 0 99124
ROW 1 256 230923 10419 10600 2607 6 0 0 0 0 400 704 180 128 48 1128 0 0 0 82795
ROW 1 256 230923 12335 71250 1187 6 1 4 3 1 410 696 193 99 64 2016 991 887 0 228626
ROW 1 256 230923 24998 58299 5460 4 1 0 3 1 473 822 173 116 64 2016 1520 802 0 183172
ROW 1 256 230923 15905 30634 4555 4 0 0 0 0 455 786 191 127 64 2016 10 0 0 117419
ROW 1 256 230923 10601 51832 5552 6 1 4 3 1 469 814 167 115 64 2016 959 485 0 203059
ROW 1 256 230923 10421 37075 3822 6 0 0 0 0 477 830 210 127 62 1891 0 0 0 114964
ROW 1 256 230923 15710 49931 5764 6 0 4 0 0 458 792 186 123 64 2016 241 0 0 132447
ROW 1 256 230923 15712 19410 3435 6 0 0 0 0 437 750 189 122 64 2016 0 0 0 127097
ROW 1 256 230923 6773 54237 5520 6 1 4 3 1 471 818 190 124 64 2016 326 89 0 142176
ROW 1 256 230923 17657 20999 4150 6 0 0 0 0 445 766 174 119 64 2016 0 0 0 113832
ROW 1 256 230923 15909 45393 5834 4 0 0 2 0 475 826 207 125 64 2016 416 64 0 126285
ROW 1 256 230923 1239 25008 3816 6 0 0 0 0 420 734 201 128 53 1378 0 0 0 90749
ROW 1 256 230923 28625 45642 5810 6 0 4 1 0 410 722 184 120 49 1176 85 32 0 106910
ROW 1 256 230923 28627 54232 5796 4 1 0 3 1 452 788 212 121 58 1653 1130 110 0 124763
ROW 1 256 230923 19411 24769 3952 6 0 1 0 0 459 802 202 128 58 1653 1 0 0 106269
ROW 1 256 230923 4920 67164 5325 6 1 4 3 1 482 840 176 122 64 2016 1024 765 0 228657
ROW 1 256 230923 15707 25014 5324 4 0 0 0 0 420 716 184 128 62 1891 3 0 0 107251
ROW 1 256 230923 36829 41350 5771 4 0 0 1 0 403 708 189 122 49 1176 311 32 0 89898
ROW 1 256 230923 1231 10610 4020 4 0 0 0 0 376 654 183 125 49 1176 0 0 0 90128
ROW 1 256 230923 25010 36832 5816 6 0 4 2 0 438 770 203 129 53 1378 150 64 0 134611
ROW 1 256 230923 20994 21249 5760 6 0 0 0 0 426 728 180 126 64 2016 0 0 0 114714
ROW 1 256 230923 4917 23115 4130 4 0 0 0 0 424 738 187 129 55 1485 0 0 0 95228
ROW 1 256 230923 20999 41360 6300 6 0 4 1 0 462 800 198 124 64 2016 434 27 0 145873
ROW 1 256 230923 24772 41360 6325 6 1 4 3 1 450 776 204 128 62 1891 544 70 0 159036
ROW 1 256 230923 36836 37097 7107 4 1 0 3 1 436 748 192 110 64 2016 1026 248 0 138939
ROW 1 256 230923 30634 62867 6895 4 1 0 3 1 455 786 181 119 64 2016 1340 560 0 177000
ROW 1 256 230923 26928 41104 6321 6 0 1 0 0 393 684 178 120 51 1275 32 0 0 87483
ROW 1 256 230923 22875 54243 6809 4 1 0 3 1 450 776 181 114 64 2016 720 400 0 144990
ROW 1 256 230923 10906 15916 6413 4 0 0 1 0 313 530 135 95 50 1225 771 1 0 91981
ROW 1 256 230923 3600 21259 6399 4 0 0 0 0 294 500 135 108 44 946 85 0 0 68728
ROW 1 256 230923 28624 32929 6209 6 0 3 0 0 417 732 192 126 51 1275 96 0 0 94536
ROW 1 256 230923 20994 25017 6219 6 0 1 0 0 440 756 184 124 64 2016 10 0 0 115065
ROW 1 256 230923 26683 28881 6151 6 0 4 0 0 453 782 211 129 62 1891 320 0 0 129020
ROW 1 256 230923 28622 58559 7043 4 1 0 3 1 443 768 200 118 59 1711 944 448 0 153286
ROW 1 256 230923 10414 62866 6287 6 1 4 3 1 432 740 165 121 64 2016 512 290 0 168935
ROW 1 256 230923 1755 37092 6720 4 1 0 3 1 353 582 127 94 64 2016 1543 457 0 144490
ROW 1 256 230923 20996 37091 6539 4 0 0 0 0 449 774 190 122 64 2016 441 0 0 117008
ROW 1 256 230923 10906 25010 6827 4 1 0 3 1 317 534 117 87 52 1326 1144 471 0 113883
ROW 1 256 230923 25024 32675 7024 6 1 4 3 1 453 782 177 116 64 2016 510 192 0 153617
ROW 1 256 230923 17439 32931 6202 6 0 2 0 0 424 724 162 121 64 2016 32 0 0 113241
ROW 1 256 230923 10906 17658 6978 4 1 0 3 1 291 486 123 91 50 1225 1073 434 0 105797
ROW 1 256 230923 41105 43501 6220 4 0 0 0 0 384 672 172 121 48 1128 602 0 0 84598
ROW 1 256 230924 6610 66901 1350 4 1 0 3 1 347 570 130 84 64 2016 1024 1020 0 175637
ROW 1 256 230924 49833 80141 1014 4 1 0 3 1 415 742 266 164 44 946 880 381 0 110185
ROW 1 256 230924 2930 19191 1463 4 1 0 3 1 337 550 141 87 64 2016 538 210 0 127498
ROW 1 256 230924 37074 67075 1177 6 1 4 3 1 468 812 199 141 64 2016 1024 1024 0 273079
ROW 1 256 230924 113994 123241 1068 4 1 0 3 1 281 496 168 126 35 595 99 99 0 68137
ROW 1 256 230924 9669 26148 2967 4 1 0 3 1 295 492 106 83 51 1275 1088 235 0 105437
ROW 1 256 230924 9802 46783 1429 4 1 0 3 1 353 606 164 91 52 1326 153 36 0 90399
ROW 1 256 230924 10549 96766 1203 4 0 0 0 0 344 620 206 112 34 561 99 0 0 58910
ROW 1 256 230924 113995 121272 1695 4 0 0 0 0 304 548 149 84 32 496 1 0 0 62256
ROW 1 256 230924 36834 62754 1149 4 1 0 3 1 407 690 169 102 64 2016 993 836 0 168013
ROW 1 256 230924 122196 122907 1452 4 1 0 3 1 354 632 228 125 38 703 218 208 0 84848
ROW 1 256 230924 14977 16901 1990 2 1 4 0 1 291 486 121 91 50 1225 491 181 0 102241
ROW 1 256 230924 41345 71407 1027 4 1 0 3 1 519 922 314 152 58 1653 970 832 0 174054
ROW 1 256 230924 34721 47371 1256 4 1 0 3 1 287 492 165 93 41 820 784 219 0 78076
ROW 1 256 230924 26664 53814 1302 4 1 0 3 1 305 524 177 100 43 903 848 312 0 85089
ROW 1 256 230924 16903 44649 2572 4 1 0 3 1 333 572 148 96 49 1176 1033 441 0 116126
ROW 1 256 230924 393 2407 1894 4 1 0 3 1 299 518 168 112 40 780 748 103 0 79598
ROW 1 256 230924 8778 10420 2641 6 0 0 0 0 382 666 196 126 49 1176 0 0 0 79348
ROW 1 256 230924 20842 45376 1159 6 1 4 3 1 339 568 144 90 55 1485 499 415 0 148897
ROW 1 256 230924 15112 46776 1238 4 1 0 3 1 343 562 131 89 64 2016 613 289 0 123301
ROW 1 256 230924 6770 21242 3526 6 0 0 0 0 426 744 176 128 54 1431 0 0 0 95097
ROW 1 256 230924 19416 47537 5678 4 1 0 3 1 448 772 162 113 64 2016 947 276 0 138629
ROW 1 256 230924 25006 26681 4899 6 0 3 0 0 459 802 215 129 58 1653 24 0 0 104094
ROW 1 256 230924 12225 52073 4871 6 1 4 3 1 481 838 177 120 64 2016 1008 399 0 202417
ROW 1 256 230924 17674 26679 5996 4 0 0 0 0 416 712 190 123 60 1770 39 0 0 103313
ROW 1 256 230924 17667 32674 5784 6 0 4 0 0 446 768 175 126 64 2016 226 0 0 139630
ROW 1 256 230924 8786 26681 4832 4 0 0 0 0 438 752 198 128 64 2016 0 0 0 110706
ROW 1 256 230924 17437 45638 5007 6 1 4 3 1 473 822 209 127 64 2016 376 81 0 145392
ROW 1 256 230924 15711 54229 4964 2 1 4 0 1 484 844 193 123 64 2016 712 173 0 165489
ROW 1 256 230924 20997 30873 4978 6 0 1 0 0 461 798 189 124 64 2016 2 0 0 115585
ROW 1 256 230924 10421 21246 4093 6 0 0 0 0 417 724 183 128 55 1485 0 0 0 92633
ROW 1 256 230924 4921 21242 3535 4 0 0 0 0 414 718 190 129 55 1485 0 0 0 93304
ROW 1 256 230924 32675 41351 5560 6 1 4 3 1 477 830 198 118 64 2016 735 107 0 184595
ROW 1 256 230924 1233 32918 3959 6 0 0 0 0 443 772 184 127 57 1596 0 0 0 100227
ROW 1 256 230924 41350 45393 5849 4 1 0 3 1 455 798 211 122 56 1540 1204 259 0 125464
ROW 1 256 230924 14004 14183 3459 6 0 1 0 0 434 744 177 118 64 2016 1 0 0 111347
ROW 1 256 230924 15712 34977 4201 2 1 4 0 1 491 858 196 122 64 2016 312 0 0 134901
ROW 1 256 230924 10414 32932 5525 6 0 1 0 0 385 662 176 123 54 1431 16 0 0 87763
ROW 1 256 230924 3099 49926 4921 4 1 0 3 1 474 824 204 127 64 2016 343 17 0 120905
ROW 1 256 230924 6771 45636 4215 4 0 0 0 0 484 844 226 128 64 2016 86 0 0 117429
ROW 1 256 230924 25011 51833 6960 4 1 0 3 1 452 780 158 115 64 2016 1512 648 0 164768
ROW 1 256 230924 17437 26937 6284 6 0 0 0 0 403 682 164 111 64 2016 0 0 0 106669
ROW 1 256 230924 32668 60710 6723 4 1 0 3 1 464 804 200 119 64 2016 1316 508 0 155210
ROW 1 256 230924 28627 39234 6800 4 1 0 3 1 442 760 206 118 64 2016 470 271 0 132147
ROW 1 256 230924 22873 41364 6659 4 1 0 3 1 449 774 185 122 64 2016 478 129 0 137647
ROW 1 256 230924 32917 49676 6171 4 1 0 3 1 437 750 172 118 64 2016 1484 541 0 156753
ROW 1 256 230924 5429 28866 7454 4 1 0 3 1 326 552 134 86 52 1326 1137 640 0 134500
ROW 1 256 230924 17661 60455 6636 4 1 0 3 1 464 804 160 116 64 2016 1520 605 0 162824
ROW 1 256 230924 17440 58549 6645 6 1 4 3 1 457 790 170 111 64 2016 806 91 0 168655
ROW 1 256 230924 17429 32936 6519 4 0 0 2 0 408 692 174 120 64 2016 195 12 0 111709
ROW 1 256 230924 1754 39216 7272 4 1 0 3 1 313 534 115 85 48 1128 1008 512 0 106499
ROW 1 256 230924 10418 69352 7067 4 1 0 3 1 428 732 160 107 64 2016 1424 928 0 216995
ROW 1 256 230924 32920 45391 6183 4 0 0 2 0 429 746 195 121 56 1540 940 64 0 106058
ROW 1 256 230924 37095 45389 7160 4 1 0 3 1 441 758 206 119 62 1891 978 448 0 138569
ROW 1 256 230924 20997 32931 6398 6 0 4 0 0 446 768 193 127 64 2016 340 0 0 133398
ROW 1 256 230924 19188 58560 7416 4 1 0 3 1 436 748 164 111 64 2016 1124 447 0 147586
ROW 1 256 230924 28631 37089 6505 4 1 0 3 1 442 760 172 120 64 2016 398 190 0 148808
ROW 1 256 230924 15915 45393 6335 4 1 0 3 1 452 780 187 117 64 2016 570 57 0 122879
ROW 1 256 230924 25019 32672 6484 6 1 4 3 1 448 772 212 122 62 1891 259 160 0 130654
ROW 1 256 230924 28627 49930 6030 6 0 4 1 0 450 792 206 121 54 1431 336 2 0 117590
ROW 1 1024 230923 6149 46785 1494 4 1 0 3 1 328 562 142 92 49 1176 124 34 0 79929
ROW 1 1024 230923 104310 116428 1468 4 0 0 1 0 266 496 202 137 18 153 152 12 0 43922
ROW 1 1024 230923 22260 38211 1458 4 1 0 3 1 366 608 134 87 64 2016 1451 836 0 166681
ROW 1 1024 230923 24606 38950 1033 6 1 4 3 1 336 572 170 93 50 1225 389 352 0 116156
ROW 1 1024 230923 47537 62756 1243 4 1 0 3 1 408 692 175 111 64 2016 1525 1025 0 241881
ROW 1 1024 230923 53985 58442 1076 4 1 0 3 1 383 672 236 123 47 1081 931 268 0 99064
ROW 1 1024 230923 9807 29906 1043 6 0 1 0 0 306 514 124 90 51 1275 2 0 0 74158
ROW 1 1024 230923 9805 46781 1354 6 1 4 3 1 346 588 150 95 54 1431 254 50 0 100277
ROW 1 1024 230923 26063 38205 1221 4 1 0 3 1 359 594 151 90 64 2016 1008 487 0 135232
ROW 1 1024 230923 8437 10452 1497 6 0 4 0 0 316 514 146 95 61 1830 228 0 0 111909
ROW 1 1024 230923 1156 6748 1119 6 0 0 0 0 276 484 136 88 34 561 0 0 0 50905
ROW 1 1024 230923 113998 121290 1680 6 0 0 0 0 301 542 149 81 32 496 0 0 0 56696
ROW 1 1024 230923 9805 38218 1476 4 1 0 3 1 356 612 151 92 52 1326 403 40 0 90790
ROW 1 1024 230923 4918 17654 2802 6 0 0 0 0 392 688 181 125 48 1128 0 0 0 80951
ROW 1 1024 230923 16841 42488 1236 4 1 0 3 1 355 586 141 88 64 2016 850 476 0 138899
ROW 1 1024 230923 28630 64907 1185 6 1 4 3 1 411 698 159 96 64 2016 1024 998 0 247742
ROW 1 1024 230923 4896 75610 1001 4 0 0 2 0 319 554 169 104 44 946 101 8 0 72215
ROW 1 1024 230923 20476 31935 2252 4 1 0 3 1 343 584 178 106 53 1378 916 100 0 123340
ROW 1 1024 230923 10419 10600 2607 6 0 0 0 0 400 704 180 128 48 1128 0 0 0 111318
ROW 1 1024 230923 12335 71250 1187 6 1 4 3 1 410 696 193 99 64 2016 991 887 0 255758
ROW 1 1024 230923 24998 58299 5460 4 1 0 3 1 473 822 173 116 64 2016 1520 802 0 179275
ROW 1 1024 230923 15905 30634 4555 4 0 0 0 0 455 786 191 127 64 2016 10 0 0 115145
ROW 1 1024 230923 10601 51832 5552 6 1 4 3 1 469 814 167 115 64 2016 959 485 0 202357
ROW 1 1024 230923 10421 37075 3822 6 0 0 0 0 477 830 210 127 62 1891 0 0 0 114263
ROW 1 1024 230923 15710 49931 5764 6 0 4 0 0 458 792 186 123 64 2016 241 0 0 129853
ROW 1 1024 230923 15712 19410 3435 6 0 0 0 0 437 750 189 122 64 2016 0 0 0 110777
ROW 1 1024 230923 6773 54237 5520 6 1 4 3 1 471 818 190 124 64 2016 326 89 0 141413
ROW 1 1024 230923 17657 20999 4150 6 0 0 0 0 445 766 174 119 64 2016 0 0 0 113362
ROW 1 1024 230923 15909 45393 5834 4 0 0 2 0 475 826 207 125 64 2016 416 64 0 141154
ROW 1 1024 230923 1239 25008 3816 6 0 0 0 0 420 734 201 128 53 1378 0 0 0 90739
ROW 1 1024 230923 28625 45642 5810 6 0 4 1 0 410 722 184 120 49 1176 85 32 0 89417
ROW 1 1024 230923 28627 54232 5796 4 1 0 3 1 452 788 212 121 58 1653 1130 110 0 121176
ROW 1 1024 230923 19411 24769 3952 6 0 1 0 0 459 802 202 128 58 1653 1 0 0 104094
ROW 1 1024 230923 4920 67164 5325 6 1 4 3 1 482 840 176 122 64 2016 1024 765 0 241621
ROW 1 1024 230923 15707 25014 5324 4 0 0 0 0 420 716 184 128 62 1891 3 0 0 106369
ROW 1 1024 230923 36829 41350 5771 4 0 0 1 0 403 708 189 122 49 1176 311 32 0 89137
ROW 1 1024 230923 1231 10610 4020 4 0 0 0 0 376 654 183 125 49 1176 0 0 0 78366
ROW 1 1024 230923 25010 36832 5816 6 0 4 2 0 438 770 203 129 53 1378 150 64 0 105617
ROW 1 1024 230923 20994 21249 5760 6 0 0 0 0 426 728 180 126 64 2016 0 0 0 136185
ROW 1 1024 230923 4917 23115 4130 4 0 0 0 0 424 738 187 129 55 1485 0 0 0 94706
ROW 1 1024 230923 20999 41360 6300 6 0 4 1 0 462 800 198 124 64 2016 434 27 0 168304
ROW 1 1024 230923 24772 41360 6325 6 1 4 3 1 450 776 204 128 62 1891 544 70 0 186268
ROW 1 1024 230923 36836 37097 7107 4 1 0 3 1 436 748 192 110 64 2016 1026 248 0 136946
ROW 1 1024 230923 30634 62867 6895 4 1 0 3 1 455 786 181 119 64 2016 1340 560 0 164036
ROW 1 1024 230923 26928 41104 6321 6 0 1 0 0 393 684 178 120 51 1275 32 0 0 113492
ROW 1 1024 230923 22875 54243 6809 4 1 0 3 1 450 776 181 114 64 2016 720 400 0 205473
ROW 1 1024 230923 10906 15916 6413 4 0 0 1 0 313 530 135 95 50 1225 771 1 0 118080
ROW 1 1024 230923 3600 21259 6399 4 0 0 0 0 294 500 135 108 44 946 85 0 0 90289
ROW 1 1024 230923 28624 32929 6209 6 0 3 0 0 417 732 192 126 51 1275 96 0 0 139150
ROW 1 1024 230923 20994 25017 6219 6 0 1 0 0 440 756 184 124 64 2016 10 0 0 193231
ROW 1 1024 230923 26683 28881 6151 6 0 4 0 0 453 782 211 129 62 1891 320 0 0 184214
ROW 1 1024 230923 28622 58559 7043 4 1 0 3 1 443 768 200 118 59 1711 944 448 0 174125
ROW 1 1024 230923 10414 62866 6287 6 1 4 3 1 432 740 165 121 64 2016 512 290 0 160069
ROW 1 1024 230923 1755 37092 6720 4 1 0 3 1 353 582 127 94 64 2016 1543 457 0 144199
ROW 1 1024 230923 20996 37091 6539 4 0 0 0 0 449 774 190 122 64 2016 441 0 0 128690
ROW 1 1024 230923 10906 25010 6827 4 1 0 3 1 317 534 117 87 52 1326 1144 471 0 114073
ROW 1 1024 230923 25024 32675 7024 6 1 4 3 1 453 782 177 116 64 2016 510 192 0 154178
ROW 1 1024 230923 17439 32931 6202 6 0 2 0 0 424 724 162 121 64 2016 32 0 0 113813
ROW 1 1024 230923 10906 17658 6978 4 1 0 3 1 291 486 123 91 50 1225 1073 434 0 124102
ROW 1 1024 230923 41105 43501 6220 4 0 0 0 0 384 672 172 121 48 1128 602 0 0 84267
ROW 1 1024 230924 6610 66901 1350 4 1 0 3 1 347 570 130 84 64 2016 1024 1020 0 173223
ROW 1 1024 230924 49833 80141 1014 4 1 0 3 1 415 742 266 164 44 946 880 381 0 107681
ROW 1 1024 230924 2930 19191 1463 4 1 0 3 1 337 550 141 87 64 2016 538 210 0 130033
ROW 1 1024 230924 37074 67075 1177 6 1 4 3 1 468 812 199 141 64 2016 1024 1024 0 246440
ROW 1 1024 230924 113994 123241 1068 4 1 0 3 1 281 496 168 126 35 595 99 99 0 65362
ROW 1 1024 230924 9669 26148 2967 4 1 0 3 1 295 492 106 83 51 1275 1088 235 0 106439
ROW 1 1024 230924 9802 46783 1429 4 1 0 3 1 353 606 164 91 52 1326 153 36 0 89197
ROW 1 1024 230924 10549 96766 1203 4 0 0 0 0 344 620 206 112 34 561 99 0 0 60092
ROW 1 1024 230924 113995 121272 1695 4 0 0 0 0 304 548 149 84 32 496 1 0 0 55865
ROW 1 1024 230924 36834 62754 1149 4 1 0 3 1 407 690 169 102 64 2016 993 836 0 170388
ROW 1 1024 230924 122196 122907 1452 4 1 0 3 1 354 632 228 125 38 703 218 208 0 112901
ROW 1 1024 230924 14977 16901 1990 2 1 4 0 1 291 486 121 91 50 1225 491 181 0 138758
ROW 1 1024 230924 41345 71407 1027 4 1 0 3 1 519 922 314 152 58 1653 970 832 0 256368
ROW 1 1024 230924 34721 47371 1256 4 1 0 3 1 287 492 165 93 41 820 784 219 0 78978
ROW 1 1024 230924 26664 53814 1302 4 1 0 3 1 305 524 177 100 43 903 848 312 0 84808
ROW 1 1024 230924 16903 44649 2572 4 1 0 3 1 333 572 148 96 49 1176 1033 441 0 113612
ROW 1 1024 230924 393 2407 1894 4 1 0 3 1 299 518 168 112 40 780 748 103 0 79939
ROW 1 1024 230924 8778 10420 2641 6 0 0 0 0 382 666 196 126 49 1176 0 0 0 98644
ROW 1 1024 230924 20842 45376 1159 6 1 4 3 1 339 568 144 90 55 1485 499 415 0 138469
ROW 1 1024 230924 15112 46776 1238 4 1 0 3 1 343 562 131 89 64 2016 613 289 0 154148
ROW 1 1024 230924 6770 21242 3526 6 0 0 0 0 426 744 176 128 54 1431 0 0 0 97943
ROW 1 1024 230924 19416 47537 5678 4 1 0 3 1 448 772 162 113 64 2016 947 276 0 169476
ROW 1 1024 230924 25006 26681 4899 6 0 3 0 0 459 802 215 129 58 1653 24 0 0 106539
ROW 1 1024 230924 12225 52073 4871 6 1 4 3 1 481 838 177 120 64 2016 1008 399 0 205694
ROW 1 1024 230924 17674 26679 5996 4 0 0 0 0 416 712 190 123 60 1770 39 0 0 145341
ROW 1 1024 230924 17667 32674 5784 6 0 4 0 0 446 768 175 126 64 2016 226 0 0 129562
ROW 1 1024 230924 8786 26681 4832 4 0 0 0 0 438 752 198 128 64 2016 0 0 0 111878
ROW 1 1024 230924 17437 45638 5007 6 1 4 3 1 473 822 209 127 64 2016 376 81 0 172011
ROW 1 1024 230924 15711 54229 4964 2 1 4 0 1 484 844 193 123 64 2016 712 173 0 207588
ROW 1 1024 230924 20997 30873 4978 6 0 1 0 0 461 798 189 124 64 2016 2 0 0 153326
ROW 1 1024 230924 10421 21246 4093 6 0 0 0 0 417 724 183 128 55 1485 0 0 0 151072
ROW 1 1024 230924 4921 21242 3535 4 0 0 0 0 414 718 190 129 55 1485 0 0 0 109164
ROW 1 1024 230924 32675 41351 5560 6 1 4 3 1 477 830 198 118 64 2016 735 107 0 209200
ROW 1 1024 230924 1233 32918 3959 6 0 0 0 0 443 772 184 127 57 1596 0 0 0 100567
ROW 1 1024 230924 41350 45393 5849 4 1 0 3 1 455 798 211 122 56 1540 1204 259 0 129492
ROW 1 1024 230924 14004 14183 3459 6 0 1 0 0 434 744 177 118 64 2016 1 0 0 162613
ROW 1 1024 230924 15712 34977 4201 2 1 4 0 1 491 858 196 122 64 2016 312 0 0 194783
ROW 1 1024 230924 10414 32932 5525 6 0 1 0 0 385 662 176 123 54 1431 16 0 0 89277
ROW 1 1024 230924 3099 49926 4921 4 1 0 3 1 474 824 204 127 64 2016 343 17 0 122920
ROW 1 1024 230924 6771 45636 4215 4 0 0 0 0 484 844 226 128 64 2016 86 0 0 120264
ROW 1 1024 230924 25011 51833 6960 4 1 0 3 1 452 780 158 115 64 2016 1512 648 0 166440
ROW 1 1024 230924 17437 26937 6284 6 0 0 0 0 403 682 164 111 64 2016 0 0 0 173674
ROW 1 1024 230924 32668 60710 6723 4 1 0 3 1 464 804 200 119 64 2016 1316 508 0 216103
ROW 1 1024 230924 28627 39234 6800 4 1 0 3 1 442 760 206 118 64 2016 470 271 0 199873
ROW 1 1024 230924 22873 41364 6659 4 1 0 3 1 449 774 185 122 64 2016 478 129 0 126967
ROW 1 1024 230924 32917 49676 6171 4 1 0 3 1 437 750 172 118 64 2016 1484 541 0 185847
ROW 1 1024 230924 5429 28866 7454 4 1 0 3 1 326 552 134 86 52 1326 1137 640 0 139530
ROW 1 1024 230924 17661 60455 6636 4 1 0 3 1 464 804 160 116 64 2016 1520 605 0 164076
ROW 1 1024 230924 17440 58549 6645 6 1 4 3 1 457 790 170 111 64 2016 806 91 0 170588
ROW 1 1024 230924 17429 32936 6519 4 0 0 2 0 408 692 174 120 64 2016 195 12 0 113552
ROW 1 1024 230924 1754 39216 7272 4 1 0 3 1 313 534 115 85 48 1128 1008 512 0 109715
ROW 1 1024 230924 10418 69352 7067 4 1 0 3 1 428 732 160 107 64 2016 1424 928 0 185806
ROW 1 1024 230924 32920 45391 6183 4 0 0 2 0 429 746 195 121 56 1540 940 64 0 109855
ROW 1 1024 230924 37095 45389 7160 4 1 0 3 1 441 758 206 119 62 1891 978 448 0 142345
ROW 1 1024 230924 20997 32931 6398 6 0 4 0 0 446 768 193 127 64 2016 340 0 0 162884
ROW 1 1024 230924 19188 58560 7416 4 1 0 3 1 436 748 164 111 64 2016 1124 447 0 170648
ROW 1 1024 230924 28631 37089 6505 4 1 0 3 1 442 760 172 120 64 2016 398 190 0 154678
ROW 1 1024 230924 15915 45393 6335 4 1 0 3 1 452 780 187 117 64 2016 570 57 0 136665
ROW 1 1024 230924 25019 32672 6484 6 1 4 3 1 448 772 212 122 62 1891 259 160 0 145782
ROW 1 1024 230924 28627 49930 6030 6 0 4 1 0 450 792 206 121 54 1431 336 2 0 132828
ROW 1 4096 230923 6149 46785 1494 4 1 0 3 1 328 562 142 92 49 1176 124 34 0 107160
PROOF 1 4096 230923 6149 46785 4 1 36271020 629334762787500 86973:1:73993,88650,25424,73993,88650,25424:79209/73993/88650/25424 100915:1:76943,87587,27195,76943,87587,27195:33983/76943/87587/27195
PROOF 1 4096 230923 6149 46785 4 1 35699832 621236451507792 86981:1:74078,88730,25419,74078,88730,25419:79205/74078/88730/25419 100910:1:76924,87478,27203,76924,87478,27203:33985/76924/87478/27203
PROOF 1 4096 230923 6149 46785 4 1 35661552 624469616351840 86980:1:74053,88709,25419,74053,88709,25419:79206/74053/88709/25419 100913:1:76941,87513,27201,76941,87513,27201:33984/76941/87513/27201
ROW 1 4096 230923 104310 116428 1468 4 0 0 1 0 266 496 202 137 18 153 152 12 0 48611
ROW 1 4096 230923 22260 38211 1458 4 1 0 3 1 366 608 134 87 64 2016 1451 836 0 185907
PROOF 1 4096 230923 22260 38211 4 1 39561348 281774283307884 103594:1:71563,90003,27823,71563,90003,27823:9820/71563/90003/27823 105056:1:74318,88969,25400,74318,88969,25400:79194/74318/88969/25400
PROOF 1 4096 230923 22260 38211 4 1 39282644 278565363427704 103602:1:71588,90104,27823,71588,90104,27823:9818/71588/90104/27823 86996:1:74254,88914,25404,74254,88914,25404:79197/74254/88914/25404
PROOF 1 4096 230923 22260 38211 4 1 38980120 280401583421972 103597:1:71562,90072,27823,71562,90072,27823:9819/71562/90072/27823 86997:1:74277,88942,25401,74277,88942,25401:79196/74277/88942/25401
ROW 1 4096 230923 24606 38950 1033 6 1 4 3 1 336 572 170 93 50 1225 389 352 0 160940
PROOF 1 4096 230923 24606 38950 3 1 12243160 31869064523704 43508:1:75423,74296,28123,75423,74296,28123:3071/75423/74296/28123 38830:1:73802,75063,25972,73802,75063,25972:84114/73802/75063/25972
PROOF 1 4096 230923 24606 38950 3 1 11828656 31621481939384 43509:1:75453,74297,28123,75453,74297,28123:3072/75453/74297/28123 38775:1:73853,75010,25974,73853,75010,25974:84117/73853/75010/25974
PROOF 1 4096 230923 24606 38950 3 1 11985820 35947981685636 43500:1:75435,74250,28090,75435,74250,28090:4893/75435/74250/28090 38772:1:73812,75040,25971,73812,75040,25971:84115/73812/75040/25971
PROOF 1 4096 230923 24606 38950 3 1 11510472 32017601337168 43511:1:75467,74278,28123,75467,74278,28123:3073/75467/74278/28123 38774:1:73857,74998,25973,73857,74998,25973:84118/73857/74998/25973
PROOF 1 4096 230923 24606 38950 4 1 12243160 31869064523704 43508:1:75423,74296,28123,75423,74296,28123:3071/75423/74296/28123 38830:1:73802,75063,25972,73802,75063,25972:84114/73802/75063/25972
PROOF 1 4096 230923 24606 38950 4 1 11828656 31621481939384 43509:1:75453,74297,28123,75453,74297,28123:3072/75453/74297/28123 38775:1:73853,75010,25974,73853,75010,25974:84117/73853/75010/25974
PROOF 1 4096 230923 24606 38950 4 1 11985820 35947981685636 43500:1:75435,74250,28090,75435,74250,28090:4893/75435/74250/28090 38772:1:73812,75040,25971,73812,75040,25971:84115/73812/75040/25971
ROW 1 4096 230923 47537 62756 1243 4 1 0 3 1 408 692 175 111 64 2016 1525 1025 0 221143
PROOF 1 4096 230923 47537 62756 4 1 6849128 4283369452288 33142:1:77361,73397,26212,77361,73397,26212:82138/77361/73397/26212 34870:1:78602,72950,27250,78602,72950,27250:41247/78602/72950/27250
PROOF 1 4096 230923 47537 62756 4 1 6821936 4365031263908 34855:1:78571,72901,27245,78571,72901,27245:41246/78571/72901/27245 33158:1:77447,73512,26187,77447,73512,26187:84300/77447/73512/26187
PROOF 1 4096 230923 47537 62756 4 1 6753744 4192446879812 33141:1:77366,73378,26208,77366,73378,26208:82139/77366/73378/26208 34871:1:78616,72971,27252,78616,72971,27252:41248/78616/72971/27252
ROW 1 4096 230923 53985 58442 1076 4 1 0 3 1 383 672 236 123 47 1081 931 268 0 112720
PROOF 1 4096 230923 53985 58442 4 1 5758936 7496633202464 33142:1:77361,73397,26212,77361,73397,26212:82138/77361/73397/26212 32188:1:78538,72856,27195,78538,72856,27195:43388/78538/72856/27195
PROOF 1 4096 230923 53985 58442 4 1 5788024 8233145852184 33141:1:77366,73378,26208,77366,73378,26208:82139/77366/73378/26208 34851:1:78567,72910,27156,78567,72910,27156:45533/78567/72910/27156
PROOF 1 4096 230923 53985 58442 4 1 5657656 8422650106040 33158:1:77447,73512,26187,77447,73512,26187:84300/77447/73512/26187 32185:1:78544,72851,27151,78544,72851,27151:45532/78544/72851/27151
ROW 1 4096 230923 9807 29906 1043 6 0 1 0 0 306 514 124 90 51 1275 2 0 0 82324
ROW 1 4096 230923 9805 46781 1354 6 1 4 3 1 346 588 150 95 54 1431 254 50 0 127067
PROOF 1 4096 230923 9805 46781 3 1 32508996 431241641628600 103601:1:71515,90152,27913,71515,90152,27913:8012/71515/90152/27913 110299:1:75172,88980,25567,75172,88980,25567:77005/75172/88980/25567
PROOF 1 4096 230923 9805 46781 3 1 33912052 527740636764920 86985:1:74126,88776,25416,74126,88776,25416:79203/74126/88776/25416 100915:1:76943,87587,27195,76943,87587,27195:33983/76943/87587/27195
PROOF 1 4096 230923 9805 46781 3 1 33012260 515372100823340 86981:1:74078,88730,25419,74078,88730,25419:79205/74078/88730/25419 100913:1:76941,87513,27201,76941,87513,27201:33984/76941/87513/27201
PROOF 1 4096 230923 9805 46781 3 1 31788212 488892916274360 103600:1:71483,90126,27913,71483,90126,27913:8013/71483/90126/27913 110302:1:75010,89254,25499,75010,89254,25499:77006/75010/89254/25499
PROOF 1 4096 230923 9805 46781 4 1 32508996 431241641628600 103601:1:71515,90152,27913,71515,90152,27913:8012/71515/90152/27913 110299:1:75172,88980,25567,75172,88980,25567:77005/75172/88980/25567
PROOF 1 4096 230923 9805 46781 4 1 33808020 523831741314668 86981:1:74078,88730,25419,74078,88730,25419:79205/74078/88730/25419 100915:1:76943,87587,27195,76943,87587,27195:33983/76943/87587/27195
PROOF 1 4096 230923 9805 46781 4 1 33116292 517897676274488 86985:1:74126,88776,25416,74126,88776,25416:79203/74126/88776/25416 100913:1:76941,87513,27201,76941,87513,27201:33984/76941/87513/27201
ROW 1 4096 230923 26063 38205 1221 4 1 0 3 1 359 594 151 90 64 2016 1008 487 0 145552
PROOF 1 4096 230923 26063 38205 4 1 33049692 160825798571700 103602:1:71588,90104,27823,71588,90104,27823:9818/71588/90104/27823 110259:1:74884,89008,25452,74884,89008,25452:79177/74884/89008/25452
PROOF 1 4096 230923 26063 38205 4 1 33280796 180723001824564 103594:1:71563,90003,27823,71563,90003,27823:9820/71563/90003/27823 110255:1:74720,89193,25398,74720,89193,25398:79179/74720/89193/25398
PROOF 1 4096 230923 26063 38205 4 1 32893404 182745925979700 103597:1:71562,90072,27823,71562,90072,27823:9819/71562/90072/27823 110249:1:74620,89209,25385,74620,89209,25385:79182/74620/89209/25385
ROW 1 4096 230923 8437 10452 1497 6 0 4 0 0 316 514 146 95 61 1830 228 0 0 116296
ROW 1 4096 230923 1156 6748 1119 6 0 0 0 0 276 484 136 88 34 561 0 0 0 75952
ROW 1 4096 230923 113998 121290 1680 6 0 0 0 0 301 542 149 81 32 496 0 0 0 70882
ROW 1 4096 230923 9805 38218 1476 4 1 0 3 1 356 612 151 92 52 1326 403 40 0 94446
PROOF 1 4096 230923 9805 38218 4 1 16043976 2333282699992 103601:1:71515,90152,27913,71515,90152,27913:8012/71515/90152/27913 100915:1:76943,87587,27195,76943,87587,27195:33983/76943/87587/27195
PROOF 1 4096 230923 9805 38218 4 1 14902856 4045978470232 103600:1:71483,90126,27913,71483,90126,27913:8013/71483/90126/27913 100913:1:76941,87513,27201,76941,87513,27201:33984/76941/87513/27201
PROOF 1 4096 230923 9805 38218 4 1 12779280 6301684675456 104609:1:71463,90257,27982,71463,90257,27982:6164/71463/90257/27982 100910:1:76924,87478,27203,76924,87478,27203:33985/76924/87478/27203
ROW 1 4096 230923 4918 17654 2802 6 0 0 0 0 392 688 181 125 48 1128 0 0 0 84427
ROW 1 4096 230923 16841 42488 1236 4 1 0 3 1 355 586 141 88 64 2016 850 476 0 140001
PROOF 1 4096 230923 16841 42488 4 1 34930332 391979519578980 103594:1:71563,90003,27823,71563,90003,27823:9820/71563/90003/27823 105056:1:74318,88969,25400,74318,88969,25400:79194/74318/88969/25400
PROOF 1 4096 230923 16841 42488 4 1 34601460 387784524970212 103602:1:71588,90104,27823,71588,90104,27823:9818/71588/90104/27823 86997:1:74277,88942,25401,74277,88942,25401:79196/74277/88942/25401
PROOF 1 4096 230923 16841 42488 4 1 34202580 386107958780612 103597:1:71562,90072,27823,71562,90072,27823:9819/71562/90072/27823 105057:1:74339,89000,25396,74339,89000,25396:79193/74339/89000/25396
ROW 1 4096 230923 28630 64907 1185 6 1 4 3 1 411 698 159 96 64 2016 1024 998 0 237363
PROOF 1 4096 230923 28630 64907 3 1 6480848 1433753978228 33142:1:77361,73397,26212,77361,73397,26212:82138/77361/73397/26212 32594:1:78544,72887,27460,78544,72887,27460:30766/78544/72887/27460
PROOF 1 4096 230923 28630 64907 3 1 6395708 1500461511276 32585:1:78518,72826,27406,78518,72826,27406:32810/78518/72826/27406 33158:1:77447,73512,26187,77447,73512,26187:84300/77447/73512/26187
PROOF 1 4096 230923 28630 64907 3 1 6321036 967105164328 33141:1:77366,73378,26208,77366,73378,26208:82139/77366/73378/26208 35025:1:78558,72916,27501,78558,72916,27501:28765/78558/72916/27501
PROOF 1 4096 230923 28630 64907 3 1 6575188 3809296294680 33147:1:77447,73349,26208,77447,73349,26208:82143/77447/73349/26208 34855:1:78571,72901,27245,78571,72901,27245:41246/78571/72901/27245
PROOF 1 4096 230923 28630 64907 4 1 6480848 1433753978228 33142:1:77361,73397,26212,77361,73397,26212:82138/77361/73397/26212 32594:1:78544,72887,27460,78544,72887,27460:30766/78544/72887/27460
PROOF 1 4096 230923 28630 64907 4 1 6243248 339292245396 33158:1:77447,73512,26187,77447,73512,26187:84300/77447/73512/26187 35025:1:78558,72916,27501,78558,72916,27501:28765/78558/72916/27501
PROOF 1 4096 230923 28630 64907 4 1 6317120 1379549930304 32585:1:78518,72826,27406,78518,72826,27406:32810/78518/72826/27406 33213:1:77492,73482,26184,77492,73482,26184:84303/77492/73482/26184
ROW 1 4096 230923 4896 75610 1001 4 0 0 2 0 319 554 169 104 44 946 101 8 0 99376
ROW 1 4096 230923 20476 31935 2252 4 1 0 3 1 343 584 178 106 53 1378 916 100 0 100548
PROOF 1 4096 230923 20476 31935 4 1 37378464 540699068963700 86663:1:73543,87499,25493,73543,87499,25493:81406/73543/87499/25493 84628:1:70402,88375,27517,70402,88375,27517:16901/70402/88375/27517
PROOF 1 4096 230923 20476 31935 4 1 35632112 542914293698352 86669:1:73615,87555,25493,73615,87555,25493:81403/73615/87555/25493 84626:1:70336,88385,27516,70336,88385,27516:16902/70336/88385/27516
PROOF 1 4096 230923 20476 31935 4 1 34553912 544897011199284 86661:1:73513,87491,25490,73513,87491,25490:81407/73513/87491/25490 84625:1:70299,88393,27515,70299,88393,27515:16903/70299/88393/27515
ROW 1 4096 230923 10419 10600 2607 6 0 0 0 0 400 704 180 128 48 1128 0 0 0 82133
ROW 1 4096 230923 12335 71250 1187 6 1 4 3 1 410 696 193 99 64 2016 991 887 0 277117
PROOF 1 4096 230923 12335 71250 3 1 6751948 2222332150180 33142:1:77361,73397,26212,77361,73397,26212:82138/77361/73397/26212 31500:1:76061,74132,27319,76061,74132,27319:38970/76061/74132/27319
PROOF 1 4096 230923 12335 71250 3 1 6662304 2019502337088 33111:1:77210,73395,26199,77210,73395,26199:82131/77210/73395/26199 46038:1:76096,74189,27283,76096,74189,27283:41110/76096/74189/27283
PROOF 1 4096 230923 12335 71250 3 1 6448404 1498428632900 33141:1:77366,73378,26208,77366,73378,26208:82139/77366/73378/26208 31503:1:76012,74071,27399,76012,74071,27399:34741/76012/74071/27399
PROOF 1 4096 230923 12335 71250 3 1 6297200 738214324176 33116:1:77324,73361,26201,77324,73361,26201:82137/77324/73361/26201 46259:1:76046,74143,27439,76046,74143,27439:32676/76046/74143/27439
PROOF 1 4096 230923 12335 71250 4 1 6751948 2222332150180 33142:1:77361,73397,26212,77361,73397,26212:82138/77361/73397/26212 31500:1:76061,74132,27319,76061,74132,27319:38970/76061/74132/27319
PROOF 1 4096 230923 12335 71250 4 1 6662304 2019502337088 33111:1:77210,73395,26199,77210,73395,26199:82131/77210/73395/26199 46038:1:76096,74189,27283,76096,74189,27283:41110/76096/74189/27283
PROOF 1 4096 230923 12335 71250 4 1 6349828 706615015668 33141:1:77366,73378,26208,77366,73378,26208:82139/77366/73378/26208 46259:1:76046,74143,27439,76046,74143,27439:32676/76046/74143/27439
ROW 1 4096 230923 24998 58299 5460 4 1 0 3 1 473 822 173 116 64 2016 1520 802 0 221964
PROOF 1 4096 230923 24998 58299 4 1 14900020 24621558253700 53236:1:78099,74244,26161,78099,74244,26161:92553/78099/74244/26161 46310:1:76083,74255,27531,76083,74255,27531:28629/76083/74255/27531
PROOF 1 4096 230923 24998 58299 4 1 15075312 42223294117800 53291:1:78306,74345,26146,78306,74345,26146:94640/78306/74345/26146 46375:1:76076,74304,27371,76076,74304,27371:36833/76076/74304/27371
PROOF 1 4096 230923 24998 58299 4 1 15096332 43230621722468 53396:1:78422,74369,26161,78422,74369,26161:94646/78422/74369/26161 46276:1:76079,74272,27369,76079,74272,27369:36834/76079/74272/27369
ROW 1 4096 230923 15905 30634 4555 4 0 0 0 0 455 786 191 127 64 2016 10 0 0 134440
ROW 1 4096 230923 10601 51832 5552 6 1 4 3 1 469 814 167 115 64 2016 959 485 0 230179
PROOF 1 4096 230923 10601 51832 3 1 22698172 242714972533796 35341:1:78624,73064,27928,78624,73064,27928:10544/78624/73064/27928 53325:1:78187,74664,26119,78187,74664,26119:98744/78187/74664/26119
PROOF 1 4096 230923 10601 51832 3 1 22589636 250103571976980 35342:1:78646,73060,27928,78646,73060,27928:10545/78646/73060/27928 53330:1:78229,74657,26120,78229,74657,26120:98747/78229/74657/26120
PROOF 1 4096 230923 10601 51832 3 1 22481152 248618389630112 35321:1:78610,73048,27928,78610,73048,27928:10543/78610/73048/27928 53324:1:78164,74646,26112,78164,74646,26112:98743/78164/74646/26112
PROOF 1 4096 230923 10601 51832 3 1 22536640 251180761661128 35348:1:78714,73081,27928,78714,73081,27928:10548/78714/73081/27928 53328:1:78200,74648,26115,78200,74648,26115:98745/78200/74648/26115
PROOF 1 4096 230923 10601 51832 4 1 14728432 53743455738896 53236:1:78099,74244,26161,78099,74244,26161:92553/78099/74244/26161 46453:1:76064,74356,27535,76064,74356,27535:28625/76064/74356/27535
PROOF 1 4096 230923 10601 51832 4 1 14861500 61524984189556 53305:1:78152,74458,26125,78152,74458,26125:96708/78152/74458/26125 46310:1:76083,74255,27531,76083,74255,27531:28629/76083/74255/27531
PROOF 1 4096 230923 10601 51832 4 1 14769240 61960670502016 53291:1:78306,74345,26146,78306,74345,26146:94640/78306/74345/26146 46313:1:76072,74275,27532,76072,74275,27532:28628/76072/74275/27532
ROW 1 4096 230923 10421 37075 3822 6 0 0 0 0 477 830 210 127 62 1891 0 0 0 165639
ROW 1 4096 230923 15710 49931 5764 6 0 4 0 0 458 792 186 123 64 2016 241 0 0 177502
ROW 1 4096 230923 15712 19410 3435 6 0 0 0 0 437 750 189 122 64 2016 0 0 0 144119
ROW 1 4096 230923 6773 54237 5520 6 1 4 3 1 471 818 190 124 64 2016 326 89 0 230991
PROOF 1 4096 230923 6773 54237 3 1 12337836 62058712465012 53367:1:78384,74616,26121,78384,74616,26121:98757/78384/74616/26121 140980:1:80447,75265,27941,80447,75265,27941:8784/80447/75265/27941
PROOF 1 4096 230923 6773 54237 3 1 12270724 65269759368036 53474:1:78397,74455,26143,78397,74455,26143:96723/78397/74455/26143 141231:1:80425,75376,27907,80425,75376,27907:10604/80425/75376/27907
PROOF 1 4096 230923 6773 54237 3 1 12030176 61224942499472 53484:1:78401,74611,26121,78401,74611,26121:98758/78401/74611/26121 140981:1:80459,75283,27941,80459,75283,27941:8785/80459/75283/27941
PROOF 1 4096 230923 6773 54237 3 1 12082252 76941467576788 53737:1:78454,75026,26137,78454,75026,26137:102723/78454/75026/26137 140959:1:80469,75245,27825,80469,75245,27825:15910/80469/75245/27825
PROOF 1 4096 230923 6773 54237 4 1 12337836 62058712465012 53367:1:78384,74616,26121,78384,74616,26121:98757/78384/74616/26121 140980:1:80447,75265,27941,80447,75265,27941:8784/80447/75265/27941
PROOF 1 4096 230923 6773 54237 4 1 12030176 61224942499472 53484:1:78401,74611,26121,78401,74611,26121:98758/78401/74611/26121 140981:1:80459,75283,27941,80459,75283,27941:8785/80459/75283/27941
PROOF 1 4096 230923 6773 54237 4 1 12270724 65269759368036 53474:1:78397,74455,26143,78397,74455,26143:96723/78397/74455/26143 141231:1:80425,75376,27907,80425,75376,27907:10604/80425/75376/27907
ROW 1 4096 230923 17657 20999 4150 6 0 0 0 0 445 766 174 119 64 2016 0 0 0 173184
ROW 1 4096 230923 15909 45393 5834 4 0 0 2 0 475 826 207 125 64 2016 416 64 0 200273
ROW 1 4096 230923 1239 25008 3816 6 0 0 0 0 420 734 201 128 53 1378 0 0 0 121657
ROW 1 4096 230923 28625 45642 5810 6 0 4 1 0 410 722 184 120 49 1176 85 32 0 169907
ROW 1 4096 230923 28627 54232 5796 4 1 0 3 1 452 788 212 121 58 1653 1130 110 0 168324
PROOF 1 4096 230923 28627 54232 4 1 13594448 30081621061800 53474:1:78397,74455,26143,78397,74455,26143:96723/78397/74455/26143 140813:1:80371,75036,27909,80371,75036,27909:10601/80371/75036/27909
PROOF 1 4096 230923 28627 54232 4 1 13446720 73641570426936 53477:1:78413,74451,26143,78413,74451,26143:96724/78413/74451/26143 140712:1:80435,75033,27550,80435,75033,27550:32917/80435/75033/27550
PROOF 1 4096 230923 28627 54232 4 1 13409784 82952370694872 53396:1:78422,74369,26161,78422,74369,26161:94646/78422/74369/26161 140496:1:80442,75028,27493,80442,75028,27493:37080/80442/75028/27493
ROW 1 4096 230923 19411 24769 3952 6 0 1 0 0 459 802 202 128 58 1653 1 0 0 182670
ROW 1 4096 230923 4920 67164 5325 6 1 4 3 1 482 840 176 122 64 2016 1024 765 0 233045
PROOF 1 4096 230923 4920 67164 3 1 23978588 191272400721108 35341:1:78624,73064,27928,78624,73064,27928:10544/78624/73064/27928 53330:1:78229,74657,26120,78229,74657,26120:98747/78229/74657/26120
PROOF 1 4096 230923 4920 67164 3 1 23822160 186007887456744 35348:1:78714,73081,27928,78714,73081,27928:10548/78714/73081/27928 53325:1:78187,74664,26119,78187,74664,26119:98744/78187/74664/26119
PROOF 1 4096 230923 4920 67164 3 1 23863212 192147875534916 35343:1:78668,73065,27928,78668,73065,27928:10546/78668/73065/27928 53353:1:78262,74648,26121,78262,74648,26121:98749/78262/74648/26121
PROOF 1 4096 230923 4920 67164 3 1 23863684 193807594573668 35342:1:78646,73060,27928,78646,73060,27928:10545/78646/73060/27928 53352:1:78244,74648,26119,78244,74648,26119:98748/78244/74648/26119
PROOF 1 4096 230923 4920 67164 4 1 23822160 186007887456744 35348:1:78714,73081,27928,78714,73081,27928:10548/78714/73081/27928 53325:1:78187,74664,26119,78187,74664,26119:98744/78187/74664/26119
PROOF 1 4096 230923 4920 67164 4 1 23978588 191272400721108 35341:1:78624,73064,27928,78624,73064,27928:10544/78624/73064/27928 53330:1:78229,74657,26120,78229,74657,26120:98747/78229/74657/26120
PROOF 1 4096 230923 4920 67164 4 1 23863212 192147875534916 35343:1:78668,73065,27928,78668,73065,27928:10546/78668/73065/27928 53353:1:78262,74648,26121,78262,74648,26121:98749/78262/74648/26121
ROW 1 4096 230923 15707 25014 5324 4 0 0 0 0 420 716 184 128 62 1891 3 0 0 136074
ROW 1 4096 230923 36829 41350 5771 4 0 0 1 0 403 708 189 122 49 1176 311 32 0 90329
ROW 1 4096 230923 1231 10610 4020 4 0 0 0 0 376 654 183 125 49 1176 0 0 0 81161
ROW 1 4096 230923 25010 36832 5816 6 0 4 2 0 438 770 203 129 53 1378 150 64 0 138989
ROW 1 4096 230923 20994 21249 5760 6 0 0 0 0 426 728 180 126 64 2016 0 0 0 113181
ROW 1 4096 230923 4917 23115 4130 4 0 0 0 0 424 738 187 129 55 1485 0 0 0 124292
ROW 1 4096 230923 20999 41360 6300 6 0 4 1 0 462 800 198 124 64 2016 434 27 0 147545
ROW 1 4096 230923 24772 41360 6325 6 1 4 3 1 450 776 204 128 62 1891 544 70 0 176389
PROOF 1 4096 230923 24772 41360 3 1 14027724 81467415652944 53738:1:78493,75019,26138,78493,75019,26138:102726/78493/75019/26138 141237:1:80441,75459,27907,80441,75459,27907:10606/80441/75459/27907
PROOF 1 4096 230923 24772 41360 3 1 21535484 290918453034128 35341:1:78624,73064,27928,78624,73064,27928:10544/78624/73064/27928 53612:1:78224,75070,26129,78224,75070,26129:102707/78224/75070/26129
PROOF 1 4096 230923 24772 41360 3 1 14290092 101758654678368 53353:1:78262,74648,26121,78262,74648,26121:98749/78262/74648/26121 46971:1:76093,74333,27942,76093,74333,27942:10419/76093/74333/27942
PROOF 1 4096 230923 24772 41360 3 1 14156884 101859882208768 53357:1:78278,74641,26120,78278,74641,26120:98750/78278/74641/26120 46972:1:76082,74354,27942,76082,74354,27942:10418/76082/74354/27942
PROOF 1 4096 230923 24772 41360 4 1 14027724 81467415652944 53738:1:78493,75019,26138,78493,75019,26138:102726/78493/75019/26138 141237:1:80441,75459,27907,80441,75459,27907:10606/80441/75459/27907
PROOF 1 4096 230923 24772 41360 4 1 13434312 86993751280512 53353:1:78262,74648,26121,78262,74648,26121:98749/78262/74648/26121 46874:1:76064,74320,28025,76064,74320,28025:6770/76064/74320/28025
PROOF 1 4096 230923 24772 41360 4 1 13400216 87396624270416 53330:1:78229,74657,26120,78229,74657,26120:98747/78229/74657/26120 46871:1:76069,74292,28025,76069,74292,28025:6771/76069/74292/28025
ROW 1 4096 230923 36836 37097 7107 4 1 0 3 1 436 748 192 110 64 2016 1026 248 0 144289
PROOF 1 4096 230923 36836 37097 4 1 16445200 83980859498448 53737:1:78454,75026,26137,78454,75026,26137:102723/78454/75026/26137 141285:1:80481,75782,27905,80481,75782,27905:10611/80481/75782/27905
PROOF 1 4096 230923 36836 37097 4 1 16214592 84142159666152 53738:1:78493,75019,26138,78493,75019,26138:102726/78493/75019/26138 141286:1:80482,75810,27905,80482,75810,27905:10612/80482/75810/27905
PROOF 1 4096 230923 36836 37097 4 1 15909120 85153645580864 53735:1:78437,75020,26133,78437,75020,26133:102722/78437/75020/26133 141290:1:80491,75834,27905,80491,75834,27905:10613/80491/75834/27905
ROW 1 4096 230923 30634 62867 6895 4 1 0 3 1 455 786 181 119 64 2016 1340 560 0 195565
PROOF 1 4096 230923 30634 62867 4 1 16121424 21303602852744 53569:1:78356,74780,26112,78356,74780,26112:100730/78356/74780/26112 141231:1:80425,75376,27907,80425,75376,27907:10604/80425/75376/27907
PROOF 1 4096 230923 30634 62867 4 1 15869384 55456356342248 53738:1:78493,75019,26138,78493,75019,26138:102726/78493/75019/26138 141117:1:80498,75377,27572,80498,75377,27572:32925/80498/75377/27572
PROOF 1 4096 230923 30634 62867 4 1 15865504 63930109446792 53737:1:78454,75026,26137,78454,75026,26137:102723/78454/75026/26137 141068:1:80502,75389,27520,80502,75389,27520:37086/80502/75389/27520
ROW 1 4096 230923 26928 41104 6321 6 0 1 0 0 393 684 178 120 51 1275 32 0 0 105968
ROW 1 4096 230923 22875 54243 6809 4 1 0 3 1 450 776 181 114 64 2016 720 400 0 184774
PROOF 1 4096 230923 22875 54243 4 1 15481688 48295960300836 53738:1:78493,75019,26138,78493,75019,26138:102726/78493/75019/26138 141237:1:80441,75459,27907,80441,75459,27907:10606/80441/75459/27907
PROOF 1 4096 230923 22875 54243 4 1 14781584 83878776971396 53737:1:78454,75026,26137,78454,75026,26137:102723/78454/75026/26137 46871:1:76069,74292,28025,76069,74292,28025:6771/76069/74292/28025
PROOF 1 4096 230923 22875 54243 4 1 14798048 84985291816416 53353:1:78262,74648,26121,78262,74648,26121:98749/78262/74648/26121 46874:1:76064,74320,28025,76064,74320,28025:6770/76064/74320/28025
ROW 1 4096 230923 10906 15916 6413 4 0 0 1 0 313 530 135 95 50 1225 771 1 0 92893
ROW 1 4096 230923 3600 21259 6399 4 0 0 0 0 294 500 135 108 44 946 85 0 0 67466
ROW 1 4096 230923 28624 32929 6209 6 0 3 0 0 417 732 192 126 51 1275 96 0 0 94266
ROW 1 4096 230923 20994 25017 6219 6 0 1 0 0 440 756 184 124 64 2016 10 0 0 114263
ROW 1 4096 230923 26683 28881 6151 6 0 4 0 0 453 782 211 129 62 1891 320 0 0 151352
ROW 1 4096 230923 28622 58559 7043 4 1 0 3 1 443 768 200 118 59 1711 944 448 0 146142
PROOF 1 4096 230923 28622 58559 4 1 16904256 36061756499684 53737:1:78454,75026,26137,78454,75026,26137:102723/78454/75026/26137 141271:1:80472,75673,27905,80472,75673,27905:10609/80472/75673/27905
PROOF 1 4096 230923 28622 58559 4 1 16494448 35454673918688 53738:1:78493,75019,26138,78493,75019,26138:102726/78493/75019/26138 141278:1:80475,75732,27905,80475,75732,27905:10610/80475/75732/27905
PROOF 1 4096 230923 28622 58559 4 1 16128648 36562764527120 53735:1:78437,75020,26133,78437,75020,26133:102722/78437/75020/26133 141285:1:80481,75782,27905,80481,75782,27905:10611/80481/75782/27905
ROW 1 4096 230923 10414 62866 6287 6 1 4 3 1 432 740 165 121 64 2016 512 290 0 157915
PROOF 1 4096 230923 10414 62866 3 1 14995288 38460713076648 53738:1:78493,75019,26138,78493,75019,26138:102726/78493/75019/26138 141231:1:80425,75376,27907,80425,75376,27907:10604/80425/75376/27907
PROOF 1 4096 230923 10414 62866 3 1 14697520 40457966522624 53737:1:78454,75026,26137,78454,75026,26137:102723/78454/75026/26137 141236:1:80432,75430,27907,80432,75430,27907:10605/80432/75430/27907
PROOF 1 4096 230923 10414 62866 3 1 14397796 41717294791140 53735:1:78437,75020,26133,78437,75020,26133:102722/78437/75020/26133 141237:1:80441,75459,27907,80441,75459,27907:10606/80441/75459/27907
PROOF 1 4096 230923 10414 62866 3 1 14086548 53111084505204 53734:1:78419,75015,26130,78419,75015,26130:102721/78419/75015/26130 141213:1:80495,75367,27795,80495,75367,27795:17667/80495/75367/27795
PROOF 1 4096 230923 10414 62866 4 1 14995288 38460713076648 53738:1:78493,75019,26138,78493,75019,26138:102726/78493/75019/26138 141231:1:80425,75376,27907,80425,75376,27907:10604/80425/75376/27907
PROOF 1 4096 230923 10414 62866 4 1 14697520 40457966522624 53737:1:78454,75026,26137,78454,75026,26137:102723/78454/75026/26137 141236:1:80432,75430,27907,80432,75430,27907:10605/80432/75430/27907
PROOF 1 4096 230923 10414 62866 4 1 14314924 40467438174020 53689:1:78479,74994,26129,78479,74994,26129:102725/78479/74994/26129 141237:1:80441,75459,27907,80441,75459,27907:10606/80441/75459/27907
ROW 1 4096 230923 1755 37092 6720 4 1 0 3 1 353 582 127 94 64 2016 1543 457 0 147515
PROOF 1 4096 230923 1755 37092 4 1 27026060 265448838997492 146148:1:83470,75834,26137,83470,75834,26137:97011/83470/75834/26137 141842:1:80593,75630,27884,80593,75630,27884:12401/80593/75630/27884
PROOF 1 4096 230923 1755 37092 4 1 27202936 283557726589312 146144:1:83432,75799,26138,83432,75799,26138:97008/83432/75799/26138 141856:1:80591,75743,27830,80591,75743,27830:15926/80591/75743/27830
PROOF 1 4096 230923 1755 37092 4 1 26931596 287215815575988 146185:1:83496,75845,26134,83496,75845,26134:97013/83496/75845/26134 141855:1:80577,75748,27830,80577,75748,27830:15925/80577/75748/27830
ROW 1 4096 230923 20996 37091 6539 4 0 0 0 0 449 774 190 122 64 2016 441 0 0 118681
ROW 1 4096 230923 10906 25010 6827 4 1 0 3 1 317 534 117 87 52 1326 1144 471 0 155600
PROOF 1 4096 230923 10906 25010 4 1 30132924 310897741504716 146097:1:83460,75667,26144,83460,75667,26144:94967/83460/75667/26144 141842:1:80593,75630,27884,80593,75630,27884:12401/80593/75630/27884
PROOF 1 4096 230923 10906 25010 4 1 29718168 313546554539056 146098:1:83469,75670,26143,83469,75670,26143:94968/83469/75670/26143 141845:1:80573,75665,27884,80573,75665,27884:12400/80573/75665/27884
PROOF 1 4096 230923 10906 25010 4 1 30242112 345466395682016 146162:1:83499,75690,26141,83499,75690,26141:94970/83499/75690/26141 141856:1:80591,75743,27830,80591,75743,27830:15926/80591/75743/27830
ROW 1 4096 230923 25024 32675 7024 6 1 4 3 1 453 782 177 116 64 2016 510 192 0 156843
PROOF 1 4096 230923 25024 32675 3 1 16184300 84031665396968 53737:1:78454,75026,26137,78454,75026,26137:102723/78454/75026/26137 46971:1:76093,74333,27942,76093,74333,27942:10419/76093/74333/27942
PROOF 1 4096 230923 25024 32675 3 1 16060508 84223351712876 53738:1:78493,75019,26138,78493,75019,26138:102726/78493/75019/26138 46972:1:76082,74354,27942,76082,74354,27942:10418/76082/74354/27942
PROOF 1 4096 230923 25024 32675 3 1 15978716 83909050532136 53735:1:78437,75020,26133,78437,75020,26133:102722/78437/75020/26133 46867:1:76094,74297,27942,76094,74297,27942:10420/76094/74297/27942
PROOF 1 4096 230923 25024 32675 3 1 15894312 86717831063472 53734:1:78419,75015,26130,78419,75015,26130:102721/78419/75015/26130 46981:1:76061,74397,27942,76061,74397,27942:10416/76061/74397/27942
PROOF 1 4096 230923 25024 32675 4 1 16184300 84031665396968 53737:1:78454,75026,26137,78454,75026,26137:102723/78454/75026/26137 46971:1:76093,74333,27942,76093,74333,27942:10419/76093/74333/27942
PROOF 1 4096 230923 25024 32675 4 1 16060508 84223351712876 53738:1:78493,75019,26138,78493,75019,26138:102726/78493/75019/26138 46972:1:76082,74354,27942,76082,74354,27942:10418/76082/74354/27942
PROOF 1 4096 230923 25024 32675 4 1 15978716 83909050532136 53735:1:78437,75020,26133,78437,75020,26133:102722/78437/75020/26133 46867:1:76094,74297,27942,76094,74297,27942:10420/76094/74297/27942
ROW 1 4096 230923 17439 32931 6202 6 0 2 0 0 424 724 162 121 64 2016 32 0 0 113582
ROW 1 4096 230923 10906 17658 6978 4 1 0 3 1 291 486 123 91 50 1225 1073 434 0 149008
PROOF 1 4096 230923 10906 17658 4 1 32604912 401779141426600 146072:1:83428,75450,26161,83428,75450,26161:92893/83428/75450/26161 141842:1:80593,75630,27884,80593,75630,27884:12401/80593/75630/27884
PROOF 1 4096 230923 10906 17658 4 1 32164720 407043507425184 146074:1:83445,75457,26160,83445,75457,26160:92894/83445/75457/26160 141845:1:80573,75665,27884,80573,75665,27884:12400/80573/75665/27884
PROOF 1 4096 230923 10906 17658 4 1 32366304 418542296739000 146077:1:83463,75478,26161,83463,75478,26161:92896/83463/75478/26161 141798:1:80588,75477,27827,80588,75477,27827:15922/80588/75477/27827
ROW 1 4096 230923 41105 43501 6220 4 0 0 0 0 384 672 172 121 48 1128 602 0 0 123020
ROW 1 4096 230924 6610 66901 1350 4 1 0 3 1 347 570 130 84 64 2016 1024 1020 0 279972
PROOF 1 4096 230924 6610 66901 4 1 15194348 81986362740 43508:1:75423,74296,28123,75423,74296,28123:3071/75423/74296/28123 38772:1:73812,75040,25971,73812,75040,25971:84115/73812/75040/25971
PROOF 1 4096 230924 6610 66901 4 1 15111796 324459931300 43495:1:75432,74214,28035,75432,74214,28035:6748/75432/74214/28035 38830:1:73802,75063,25972,73802,75063,25972:84114/73802/75063/25972
PROOF 1 4096 230924 6610 66901 4 1 14965440 109614474000 43500:1:75435,74250,28090,75435,74250,28090:4893/75435/74250/28090 38775:1:73853,75010,25974,73853,75010,25974:84117/73853/75010/25974
ROW 1 4096 230924 49833 80141 1014 4 1 0 3 1 415 742 266 164 44 946 880 381 0 164758
PROOF 1 4096 230924 49833 80141 4 1 4209368 4598838787024 131908:1:79539,73631,26242,79539,73631,26242:86474/79539/73631/26242 35008:1:78903,72981,27256,78903,72981,27256:41262/78903/72981/27256
PROOF 1 4096 230924 49833 80141 4 1 4157576 4546373308672 131999:1:79654,73753,26209,79654,73753,26209:88541/79654/73753/26209 35005:1:78874,73003,27257,78874,73003,27257:41260/78874/73003/27257
PROOF 1 4096 230924 49833 80141 4 1 4109936 4636171349144 131897:1:79519,73626,26241,79519,73626,26241:86473/79519/73626/26241 35004:1:78882,72989,27256,78882,72989,27256:41261/78882/72989/27256
ROW 1 4096 230924 2930 19191 1463 4 1 0 3 1 337 550 141 87 64 2016 538 210 0 212487
PROOF 1 4096 230924 2930 19191 4 1 43443308 359817730280800 28655:1:72535,71908,25917,72535,71908,25917:69028/72535/71908/25917 27914:1:71746,69301,28236,71746,69301,28236:4897/71746/69301/28236
PROOF 1 4096 230924 2930 19191 4 1 43316156 717612791588304 28483:1:71883,71977,25847,71883,71977,25847:69012/71883/71977/25847 27935:1:73161,69477,27750,73161,69477,27750:15718/73161/69477/27750
PROOF 1 4096 230924 2930 19191 4 1 34134064 399014580241664 28642:1:72273,71952,25890,72273,71952,25890:69021/72273/71952/25890 18214:1:72669,68934,28128,72669,68934,28128:6776/72669/68934/28128
ROW 1 4096 230924 37074 67075 1177 6 1 4 3 1 468 812 199 141 64 2016 1024 1024 0 250067
PROOF 1 4096 230924 37074 67075 3 1 5145520 743689662976 131908:1:79539,73631,26242,79539,73631,26242:86474/79539/73631/26242 35008:1:78903,72981,27256,78903,72981,27256:41262/78903/72981/27256
PROOF 1 4096 230924 37074 67075 3 1 5097400 526276321280 131897:1:79519,73626,26241,79519,73626,26241:86473/79519/73626/26241 35005:1:78874,73003,27257,78874,73003,27257:41260/78874/73003/27257
PROOF 1 4096 230924 37074 67075 3 1 5006964 355953079648 131874:1:79414,73646,26245,79414,73646,26245:86467/79414/73646/26245 35007:1:78922,72958,27254,78922,72958,27254:41263/78922/72958/27254
PROOF 1 4096 230924 37074 67075 3 1 5002904 418380475072 131896:1:79470,73627,26240,79470,73627,26240:86470/79470/73627/26240 35004:1:78882,72989,27256,78882,72989,27256:41261/78882/72989/27256
PROOF 1 4096 230924 37074 67075 4 1 5124616 590532605488 131908:1:79539,73631,26242,79539,73631,26242:86474/79539/73631/26242 35005:1:78874,73003,27257,78874,73003,27257:41260/78874/73003/27257
PROOF 1 4096 230924 37074 67075 4 1 5118304 656451268400 131897:1:79519,73626,26241,79519,73626,26241:86473/79519/73626/26241 35008:1:78903,72981,27256,78903,72981,27256:41262/78903/72981/27256
PROOF 1 4096 230924 37074 67075 4 1 5006964 355953079648 131874:1:79414,73646,26245,79414,73646,26245:86467/79414/73646/26245 35007:1:78922,72958,27254,78922,72958,27254:41263/78922/72958/27254
ROW 1 4096 230924 113994 123241 1068 4 1 0 3 1 281 496 168 126 35 595 99 99 0 82364
PROOF 1 4096 230924 113994 123241 4 1 17196100 6591127643776 148364:1:82666,77640,26067,82666,77640,26067:122193/82666/77640/26067 142663:1:81213,78811,26916,81213,78811,26916:122196/81213/78811/26916
PROOF 1 4096 230924 113994 123241 4 1 16566724 9598740617024 148861:1:83056,78115,25981,83056,78115,25981:123342/83056/78115/25981 142662:1:81188,78822,26929,81188,78822,26929:122195/81188/78822/26929
PROOF 1 4096 230924 113994 123241 4 1 16230916 10117802087424 148868:1:83072,78153,25982,83072,78153,25982:123346/83072/78153/25982 142664:1:81202,78957,26951,81202,78957,26951:122197/81202/78957/26951
ROW 1 4096 230924 9669 26148 2967 4 1 0 3 1 295 492 106 83 51 1275 1088 235 0 115936
PROOF 1 4096 230924 9669 26148 4 1 60507576 1248036411212896 86893:1:73805,87759,25481,73805,87759,25481:81393/73805/87759/25481 103594:1:71563,90003,27823,71563,90003,27823:9820/71563/90003/27823
PROOF 1 4096 230924 9669 26148 4 1 59485932 1314350301113612 86894:1:73834,87771,25482,73834,87771,25482:81392/73834/87771/25482 103597:1:71562,90072,27823,71562,90072,27823:9819/71562/90072/27823
PROOF 1 4096 230924 9669 26148 4 1 58886100 1312321750139660 86897:1:73855,87793,25482,73855,87793,25482:81391/73855/87793/25482 103596:1:71505,90046,27823,71505,90046,27823:9821/71505/90046/27823
ROW 1 4096 230924 9802 46783 1429 4 1 0 3 1 353 606 164 91 52 1326 153 36 0 100257
PROOF 1 4096 230924 9802 46783 4 1 34219844 451754362363384 103601:1:71515,90152,27913,71515,90152,27913:8012/71515/90152/27913 110299:1:75172,88980,25567,75172,88980,25567:77005/75172/88980/25567
PROOF 1 4096 230924 9802 46783 4 1 35417132 544746377775404 86981:1:74078,88730,25419,74078,88730,25419:79205/74078/88730/25419 100915:1:76943,87587,27195,76943,87587,27195:33983/76943/87587/27195
PROOF 1 4096 230924 9802 46783 4 1 33530452 506684025891064 103600:1:71483,90126,27913,71483,90126,27913:8013/71483/90126/27913 110302:1:75010,89254,25499,75010,89254,25499:77006/75010/89254/25499
ROW 1 4096 230924 10549 96766 1203 4 0 0 0 0 344 620 206 112 34 561 99 0 0 61265
ROW 1 4096 230924 113995 121272 1695 4 0 0 0 0 304 548 149 84 32 496 1 0 0 67937
ROW 1 4096 230924 36834 62754 1149 4 1 0 3 1 407 690 169 102 64 2016 993 836 0 192049
PROOF 1 4096 230924 36834 62754 4 1 5923732 1848092142344 33158:1:77447,73512,26187,77447,73512,26187:84300/77447/73512/26187 32594:1:78544,72887,27460,78544,72887,27460:30766/78544/72887/27460
PROOF 1 4096 230924 36834 62754 4 1 5884560 2966589536384 33213:1:77492,73482,26184,77492,73482,26184:84303/77492/73482/26184 32585:1:78518,72826,27406,78518,72826,27406:32810/78518/72826/27406
PROOF 1 4096 230924 36834 62754 4 1 6003636 4180999670540 33142:1:77361,73397,26212,77361,73397,26212:82138/77361/73397/26212 34876:1:78602,72929,27331,78602,72929,27331:36976/78602/72929/27331
ROW 1 4096 230924 122196 122907 1452 4 1 0 3 1 354 632 228 125 38 703 218 208 0 83656
PROOF 1 4096 230924 122196 122907 4 1 17163760 13123627751700 139072:1:79565,76188,26067,79565,76188,26067:123052/79565/76188/26067 57179:1:78855,78368,27056,78855,78368,27056:116432/78855/78368/27056
PROOF 1 4096 230924 122196 122907 4 1 16975288 13229398750548 139083:1:79576,76186,26066,79576,76186,26066:123053/79576/76186/26066 57184:1:78870,78401,27070,78870,78401,27070:116431/78870/78401/27070
PROOF 1 4096 230924 122196 122907 4 1 16885980 12835078977612 139280:1:79627,76184,26066,79627,76184,26066:123058/79627/76184/26066 57181:1:78840,78391,27060,78840,78391,27060:116427/78840/78391/27060
ROW 1 4096 230924 14977 16901 1990 2 1 4 0 1 291 486 121 91 50 1225 491 181 0 102241
PROOF 1 4096 230924 14977 16901 3 1 52987132 1007878326623056 86953:1:73737,88418,25437,73737,88418,25437:79220/73737/88418/25437 103594:1:71563,90003,27823,71563,90003,27823:9820/71563/90003/27823
PROOF 1 4096 230924 14977 16901 3 1 52357884 1069399836056272 86956:1:73783,88466,25433,73783,88466,25433:79218/73783/88466/25433 103597:1:71562,90072,27823,71562,90072,27823:9819/71562/90072/27823
PROOF 1 4096 230924 14977 16901 3 1 52401252 1082467420417872 86955:1:73752,88455,25431,73752,88455,25431:79219/73752/88455/25431 103602:1:71588,90104,27823,71588,90104,27823:9818/71588/90104/27823
PROOF 1 4096 230924 14977 16901 3 1 51591768 1069236462619696 86958:1:73808,88488,25432,73808,88488,25432:79217/73808/88488/25432 103596:1:71505,90046,27823,71505,90046,27823:9821/71505/90046/27823
ROW 1 4096 230924 41345 71407 1027 4 1 0 3 1 519 922 314 152 58 1653 970 832 0 176319
PROOF 1 4096 230924 41345 71407 4 1 4325404 11298772204 131999:1:79654,73753,26209,79654,73753,26209:88541/79654/73753/26209 35008:1:78903,72981,27256,78903,72981,27256:41262/78903/72981/27256
PROOF 1 4096 230924 41345 71407 4 1 4404764 443465059080 131908:1:79539,73631,26242,79539,73631,26242:86474/79539/73631/26242 34381:1:78916,72938,26997,78916,72938,26997:54142/78916/72938/26997
PROOF 1 4096 230924 41345 71407 4 1 4298052 108407044296 132031:1:79843,73813,26225,79843,73813,26225:88552/79843/73813/26225 35005:1:78874,73003,27257,78874,73003,27257:41260/78874/73003/27257
ROW 1 4096 230924 34721 47371 1256 4 1 0 3 1 287 492 165 93 41 820 784 219 0 79388
PROOF 1 4096 230924 34721 47371 4 1 12427840 13258867573448 43508:1:75423,74296,28123,75423,74296,28123:3071/75423/74296/28123 38830:1:73802,75063,25972,73802,75063,25972:84114/73802/75063/25972
PROOF 1 4096 230924 34721 47371 4 1 12225232 15416932494152 43500:1:75435,74250,28090,75435,74250,28090:4893/75435/74250/28090 38829:1:73760,75092,25969,73760,75092,25969:84112/73760/75092/25969
PROOF 1 4096 230924 34721 47371 4 1 12421880 19394613253408 43495:1:75432,74214,28035,75432,74214,28035:6748/75432/74214/28035 38825:1:73740,75108,25967,73740,75108,25967:84111/73740/75108/25967
ROW 1 4096 230924 26664 53814 1302 4 1 0 3 1 305 524 177 100 43 903 848 312 0 85369
PROOF 1 4096 230924 26664 53814 4 1 12798896 23927930348472 43508:1:75423,74296,28123,75423,74296,28123:3071/75423/74296/28123 38829:1:73760,75092,25969,73760,75092,25969:84112/73760/75092/25969
PROOF 1 4096 230924 26664 53814 4 1 12977640 26363092272296 38749:1:73549,74944,25973,73549,74944,25973:81951/73549/74944/25973 38213:1:71771,75642,27298,71771,75642,27298:32508/71771/75642/27298
PROOF 1 4096 230924 26664 53814 4 1 12365312 24089573632040 43509:1:75453,74297,28123,75453,74297,28123:3072/75453/74297/28123 38825:1:73740,75108,25967,73740,75108,25967:84111/73740/75108/25967
ROW 1 4096 230924 16903 44649 2572 4 1 0 3 1 333 572 148 96 49 1176 1033 441 0 117880
PROOF 1 4096 230924 16903 44649 4 1 39413192 512086233676072 86615:1:73665,87112,25506,73665,87112,25506:83577/73665/87112/25506 95584:1:76790,86845,27193,76790,86845,27193:36094/76790/86845/27193
PROOF 1 4096 230924 16903 44649 4 1 37391312 473002257608016 86651:1:73715,87165,25503,73715,87165,25503:83574/73715/87165/25503 98094:1:76849,86733,27251,76849,86733,27251:33999/76849/86733/27251
PROOF 1 4096 230924 16903 44649 4 1 36886872 464173376145768 86751:1:73782,87222,25502,73782,87222,25502:83571/73782/87222/25502 98007:1:76833,86581,27261,76833,86581,27261:34002/76833/86581/27261
ROW 1 4096 230924 393 2407 1894 4 1 0 3 1 299 518 168 112 40 780 748 103 0 98053
PROOF 1 4096 230924 393 2407 4 1 137094888 8028729562340088 114226:1:77371,96618,24888,77371,96618,24888:66087/77371/96618/24888 110183:1:71718,96646,28420,71718,96646,28420:541/71718/96646/28420
PROOF 1 4096 230924 393 2407 4 1 132995664 7954692287523968 110182:1:71652,96651,28421,71652,96651,28421:542/71652/96651/28421 114227:1:77403,96812,24856,77403,96812,24856:66086/77403/96812/24856
PROOF 1 4096 230924 393 2407 4 1 130711152 7671974734133848 114120:1:77733,95951,25006,77733,95951,25006:66082/77733/95951/25006 109919:1:71570,97114,28436,71570,97114,28436:540/71570/97114/28436
ROW 1 4096 230924 8778 10420 2641 6 0 0 0 0 382 666 196 126 49 1176 0 0 0 80350
ROW 1 4096 230924 20842 45376 1159 6 1 4 3 1 339 568 144 90 55 1485 499 415 0 139019
PROOF 1 4096 230924 20842 45376 3 1 13343872 23818632513736 43508:1:75423,74296,28123,75423,74296,28123:3071/75423/74296/28123 38830:1:73802,75063,25972,73802,75063,25972:84114/73802/75063/25972
PROOF 1 4096 230924 20842 45376 3 1 12931060 23584109476068 43509:1:75453,74297,28123,75453,74297,28123:3072/75453/74297/28123 38775:1:73853,75010,25974,73853,75010,25974:84117/73853/75010/25974
PROOF 1 4096 230924 20842 45376 3 1 13084528 27896062265704 43500:1:75435,74250,28090,75435,74250,28090:4893/75435/74250/28090 38772:1:73812,75040,25971,73812,75040,25971:84115/73812/75040/25971
PROOF 1 4096 230924 20842 45376 3 1 13165384 33539023890384 43495:1:75432,74214,28035,75432,74214,28035:6748/75432/74214/28035 38829:1:73760,75092,25969,73760,75092,25969:84112/73760/75092/25969
PROOF 1 4096 230924 20842 45376 4 1 13343872 23818632513736 43508:1:75423,74296,28123,75423,74296,28123:3071/75423/74296/28123 38830:1:73802,75063,25972,73802,75063,25972:84114/73802/75063/25972
PROOF 1 4096 230924 20842 45376 4 1 12931060 23584109476068 43509:1:75453,74297,28123,75453,74297,28123:3072/75453/74297/28123 38775:1:73853,75010,25974,73853,75010,25974:84117/73853/75010/25974
PROOF 1 4096 230924 20842 45376 4 1 13084528 27896062265704 43500:1:75435,74250,28090,75435,74250,28090:4893/75435/74250/28090 38772:1:73812,75040,25971,73812,75040,25971:84115/73812/75040/25971
ROW 1 4096 230924 15112 46776 1238 4 1 0 3 1 343 562 131 89 64 2016 613 289 0 126977
PROOF 1 4096 230924 15112 46776 4 1 34358336 370860491642112 103602:1:71588,90104,27823,71588,90104,27823:9818/71588/90104/27823 110259:1:74884,89008,25452,74884,89008,25452:79177/74884/89008/25452
PROOF 1 4096 230924 15112 46776 4 1 34679260 428695099460228 103594:1:71563,90003,27823,71563,90003,27823:9820/71563/90003/27823 110249:1:74620,89209,25385,74620,89209,25385:79182/74620/89209/25385
PROOF 1 4096 230924 15112 46776 4 1 34067776 422197126314256 103597:1:71562,90072,27823,71562,90072,27823:9819/71562/90072/27823 110250:1:74632,89224,25383,74632,89224,25383:79181/74632/89224/25383
ROW 1 4096 230924 6770 21242 3526 6 0 0 0 0 426 744 176 128 54 1431 0 0 0 96961
ROW 1 4096 230924 19416 47537 5678 4 1 0 3 1 448 772 162 113 64 2016 947 276 0 141233
PROOF 1 4096 230924 19416 47537 4 1 14431380 70455244085000 53396:1:78422,74369,26161,78422,74369,26161:94646/78422/74369/26161 46453:1:76064,74356,27535,76064,74356,27535:28625/76064/74356/27535
PROOF 1 4096 230924 19416 47537 4 1 14381476 70898767280396 53305:1:78152,74458,26125,78152,74458,26125:96708/78152/74458/26125 46310:1:76083,74255,27531,76083,74255,27531:28629/76083/74255/27531
PROOF 1 4096 230924 19416 47537 4 1 14246872 70585192555860 53306:1:78160,74457,26125,78160,74457,26125:96709/78160/74457/26125 46313:1:76072,74275,27532,76072,74275,27532:28628/76072/74275/27532
ROW 1 4096 230924 25006 26681 4899 6 0 3 0 0 459 802 215 129 58 1653 24 0 0 105898
ROW 1 4096 230924 12225 52073 4871 6 1 4 3 1 481 838 177 120 64 2016 1008 399 0 273831
PROOF 1 4096 230924 12225 52073 3 1 24930136 212938539165848 35341:1:78624,73064,27928,78624,73064,27928:10544/78624/73064/27928 53474:1:78397,74455,26143,78397,74455,26143:96723/78397/74455/26143
PROOF 1 4096 230924 12225 52073 3 1 24756924 210914963727796 35348:1:78714,73081,27928,78714,73081,27928:10548/78714/73081/27928 53477:1:78413,74451,26143,78413,74451,26143:96724/78413/74451/26143
PROOF 1 4096 230924 12225 52073 3 1 24719840 214996620680464 35342:1:78646,73060,27928,78646,73060,27928:10545/78646/73060/27928 53305:1:78152,74458,26125,78152,74458,26125:96708/78152/74458/26125
PROOF 1 4096 230924 12225 52073 3 1 24769408 216937102775168 35343:1:78668,73065,27928,78668,73065,27928:10546/78668/73065/27928 53345:1:78348,74441,26135,78348,74441,26135:96720/78348/74441/26135
PROOF 1 4096 230924 12225 52073 4 1 24930136 212938539165848 35341:1:78624,73064,27928,78624,73064,27928:10544/78624/73064/27928 53474:1:78397,74455,26143,78397,74455,26143:96723/78397/74455/26143
PROOF 1 4096 230924 12225 52073 4 1 24756924 210914963727796 35348:1:78714,73081,27928,78714,73081,27928:10548/78714/73081/27928 53477:1:78413,74451,26143,78413,74451,26143:96724/78413/74451/26143
PROOF 1 4096 230924 12225 52073 4 1 24693764 214076054250292 35343:1:78668,73065,27928,78668,73065,27928:10546/78668/73065/27928 53305:1:78152,74458,26125,78152,74458,26125:96708/78152/74458/26125
ROW 1 4096 230924 17674 26679 5996 4 0 0 0 0 416 712 190 123 60 1770 39 0 0 144760
ROW 1 4096 230924 17667 32674 5784 6 0 4 0 0 446 768 175 126 64 2016 226 0 0 179525
ROW 1 4096 230924 8786 26681 4832 4 0 0 0 0 438 752 198 128 64 2016 0 0 0 163284
ROW 1 4096 230924 17437 45638 5007 6 1 4 3 1 473 822 209 127 64 2016 376 81 0 148827
PROOF 1 4096 230924 17437 45638 3 1 21089712 271110500253072 35341:1:78624,73064,27928,78624,73064,27928:10544/78624/73064/27928 53325:1:78187,74664,26119,78187,74664,26119:98744/78187/74664/26119
PROOF 1 4096 230924 17437 45638 3 1 21007188 271960792235136 35348:1:78714,73081,27928,78714,73081,27928:10548/78714/73081/27928 53330:1:78229,74657,26120,78229,74657,26120:98747/78229/74657/26120
PROOF 1 4096 230924 17437 45638 3 1 12498352 62411932238400 53396:1:78422,74369,26161,78422,74369,26161:94646/78422/74369/26161 140810:1:80360,74997,27909,80360,74997,27909:10600/80360/74997/27909
PROOF 1 4096 230924 17437 45638 3 1 20994256 277476146533152 35343:1:78668,73065,27928,78668,73065,27928:10546/78668/73065/27928 53353:1:78262,74648,26121,78262,74648,26121:98749/78262/74648/26121
PROOF 1 4096 230924 17437 45638 4 1 12498352 62411932238400 53396:1:78422,74369,26161,78422,74369,26161:94646/78422/74369/26161 140810:1:80360,74997,27909,80360,74997,27909:10600/80360/74997/27909
PROOF 1 4096 230924 17437 45638 4 1 12130940 61719579642960 53474:1:78397,74455,26143,78397,74455,26143:96723/78397/74455/26143 140813:1:80371,75036,27909,80371,75036,27909:10601/80371/75036/27909
PROOF 1 4096 230924 17437 45638 4 1 11728972 60797024962128 53477:1:78413,74451,26143,78413,74451,26143:96724/78413/74451/26143 140936:1:80381,75090,27909,80381,75090,27909:10602/80381/75090/27909
ROW 1 4096 230924 15711 54229 4964 2 1 4 0 1 484 844 193 123 64 2016 712 173 0 168785
PROOF 1 4096 230924 15711 54229 3 1 21901552 220221284362824 35341:1:78624,73064,27928,78624,73064,27928:10544/78624/73064/27928 53325:1:78187,74664,26119,78187,74664,26119:98744/78187/74664/26119
PROOF 1 4096 230924 15711 54229 3 1 21807384 219135497812056 35348:1:78714,73081,27928,78714,73081,27928:10548/78714/73081/27928 53330:1:78229,74657,26120,78229,74657,26120:98747/78229/74657/26120
PROOF 1 4096 230924 15711 54229 3 1 21808368 224315055508536 35343:1:78668,73065,27928,78668,73065,27928:10546/78668/73065/27928 53353:1:78262,74648,26121,78262,74648,26121:98749/78262/74648/26121
PROOF 1 4096 230924 15711 54229 3 1 21806448 225319486014344 35342:1:78646,73060,27928,78646,73060,27928:10545/78646/73060/27928 53352:1:78244,74648,26119,78244,74648,26119:98748/78244/74648/26119
ROW 1 4096 230924 20997 30873 4978 6 0 1 0 0 461 798 189 124 64 2016 2 0 0 117148
ROW 1 4096 230924 10421 21246 4093 6 0 0 0 0 417 724 183 128 55 1485 0 0 0 91971
ROW 1 4096 230924 4921 21242 3535 4 0 0 0 0 414 718 190 129 55 1485 0 0 0 94517
ROW 1 4096 230924 32675 41351 5560 6 1 4 3 1 477 830 198 118 64 2016 735 107 0 203359
PROOF 1 4096 230924 32675 41351 3 1 21693528 217820557873712 35341:1:78624,73064,27928,78624,73064,27928:10544/78624/73064/27928 53569:1:78356,74780,26112,78356,74780,26112:100730/78356/74780/26112
PROOF 1 4096 230924 32675 41351 3 1 21822540 236208937658264 35348:1:78714,73081,27928,78714,73081,27928:10548/78714/73081/27928 53325:1:78187,74664,26119,78187,74664,26119:98744/78187/74664/26119
PROOF 1 4096 230924 32675 41351 3 1 21597096 233823311387732 35342:1:78646,73060,27928,78646,73060,27928:10545/78646/73060/27928 51382:1:78072,74666,26109,78072,74666,26109:98737/78072/74666/26109
PROOF 1 4096 230924 32675 41351 3 1 21817752 241373981473652 35343:1:78668,73065,27928,78668,73065,27928:10546/78668/73065/27928 53330:1:78229,74657,26120,78229,74657,26120:98747/78229/74657/26120
PROOF 1 4096 230924 32675 41351 4 1 13298560 49107749533856 53396:1:78422,74369,26161,78422,74369,26161:94646/78422/74369/26161 46971:1:76093,74333,27942,76093,74333,27942:10419/76093/74333/27942
PROOF 1 4096 230924 32675 41351 4 1 13211880 50560113249104 53474:1:78397,74455,26143,78397,74455,26143:96723/78397/74455/26143 46867:1:76094,74297,27942,76094,74297,27942:10420/76094/74297/27942
PROOF 1 4096 230924 32675 41351 4 1 13161188 55378538358488 53477:1:78413,74451,26143,78413,74451,26143:96724/78413/74451/26143 140813:1:80371,75036,27909,80371,75036,27909:10601/80371/75036/27909
ROW 1 4096 230924 1233 32918 3959 6 0 0 0 0 443 772 184 127 57 1596 0 0 0 141574
ROW 1 4096 230924 41350 45393 5849 4 1 0 3 1 455 798 211 122 56 1540 1204 259 0 129592
PROOF 1 4096 230924 41350 45393 4 1 21422328 190482928874512 35341:1:78624,73064,27928,78624,73064,27928:10544/78624/73064/27928 53564:1:78304,74782,26108,78304,74782,26108:100727/78304/74782/26108
PROOF 1 4096 230924 41350 45393 4 1 21328320 191780953340420 35348:1:78714,73081,27928,78714,73081,27928:10548/78714/73081/27928 53565:1:78321,74779,26108,78321,74779,26108:100728/78321/74779/26108
PROOF 1 4096 230924 41350 45393 4 1 14030040 81058314519044 53396:1:78422,74369,26161,78422,74369,26161:94646/78422/74369/26161 46375:1:76076,74304,27371,76076,74304,27371:36833/76076/74304/27371
ROW 1 4096 230924 14004 14183 3459 6 0 1 0 0 434 744 177 118 64 2016 1 0 0 157915
ROW 1 4096 230924 15712 34977 4201 2 1 4 0 1 491 858 196 122 64 2016 312 0 0 137957
PROOF 1 4096 230924 15712 34977 3 1 20566208 251280367480728 35341:1:78624,73064,27928,78624,73064,27928:10544/78624/73064/27928 53325:1:78187,74664,26119,78187,74664,26119:98744/78187/74664/26119
PROOF 1 4096 230924 15712 34977 3 1 20468124 250811419590036 35348:1:78714,73081,27928,78714,73081,27928:10548/78714/73081/27928 53330:1:78229,74657,26120,78229,74657,26120:98747/78229/74657/26120
PROOF 1 4096 230924 15712 34977 3 1 20478972 255478827260052 35343:1:78668,73065,27928,78668,73065,27928:10546/78668/73065/27928 53353:1:78262,74648,26121,78262,74648,26121:98749/78262/74648/26121
PROOF 1 4096 230924 15712 34977 3 1 20477036 256343724571428 35342:1:78646,73060,27928,78646,73060,27928:10545/78646/73060/27928 53352:1:78244,74648,26119,78244,74648,26119:98748/78244/74648/26119
ROW 1 4096 230924 10414 32932 5525 6 0 1 0 0 385 662 176 123 54 1431 16 0 0 94606
ROW 1 4096 230924 3099 49926 4921 4 1 0 3 1 474 824 204 127 64 2016 343 17 0 172301
PROOF 1 4096 230924 3099 49926 4 1 12672900 74810419840332 53396:1:78422,74369,26161,78422,74369,26161:94646/78422/74369/26161 140813:1:80371,75036,27909,80371,75036,27909:10601/80371/75036/27909
PROOF 1 4096 230924 3099 49926 4 1 12076128 71374922576724 53478:1:78493,74446,26146,78493,74446,26146:96729/78493/74446/26146 140936:1:80381,75090,27909,80381,75090,27909:10602/80381/75090/27909
PROOF 1 4096 230924 3099 49926 4 1 11848668 69500586479352 53474:1:78397,74455,26143,78397,74455,26143:96723/78397/74455/26143 140814:1:80414,75020,27944,80414,75020,27944:8780/80414/75020/27944
ROW 1 4096 230924 6771 45636 4215 4 0 0 0 0 484 844 226 128 64 2016 86 0 0 138849
ROW 1 4096 230924 25011 51833 6960 4 1 0 3 1 452 780 158 115 64 2016 1512 648 0 243073
PROOF 1 4096 230924 25011 51833 4 1 17668376 48454143325016 53396:1:78422,74369,26161,78422,74369,26161:94646/78422/74369/26161 46453:1:76064,74356,27535,76064,74356,27535:28625/76064/74356/27535
PROOF 1 4096 230924 25011 51833 4 1 17743320 51304069596000 53474:1:78397,74455,26143,78397,74455,26143:96723/78397/74455/26143 46310:1:76083,74255,27531,76083,74255,27531:28629/76083/74255/27531
PROOF 1 4096 230924 25011 51833 4 1 17859752 74649836808888 53477:1:78413,74451,26143,78413,74451,26143:96724/78413/74451/26143 46375:1:76076,74304,27371,76076,74304,27371:36833/76076/74304/27371
ROW 1 4096 230924 17437 26937 6284 6 0 0 0 0 403 682 164 111 64 2016 0 0 0 173083
ROW 1 4096 230924 32668 60710 6723 4 1 0 3 1 464 804 200 119 64 2016 1316 508 0 217616
PROOF 1 4096 230924 32668 60710 4 1 15590216 53965935654004 53353:1:78262,74648,26121,78262,74648,26121:98749/78262/74648/26121 140869:1:80460,75240,27596,80460,75240,27596:30877/80460/75240/27596
PROOF 1 4096 230924 32668 60710 4 1 15745240 58069058803860 53569:1:78356,74780,26112,78356,74780,26112:100730/78356/74780/26112 140864:1:80456,75221,27562,80456,75221,27562:32920/80456/75221/27562
PROOF 1 4096 230924 32668 60710 4 1 15340628 54021606772140 53330:1:78229,74657,26120,78229,74657,26120:98747/78229/74657/26120 140870:1:80474,75240,27596,80474,75240,27596:30878/80474/75240/27596
ROW 1 4096 230924 28627 39234 6800 4 1 0 3 1 442 760 206 118 64 2016 470 271 0 193010
PROOF 1 4096 230924 28627 39234 4 1 16032680 90475502660664 53737:1:78454,75026,26137,78454,75026,26137:102723/78454/75026/26137 141278:1:80475,75732,27905,80475,75732,27905:10610/80475/75732/27905
PROOF 1 4096 230924 28627 39234 4 1 15594592 90367972998152 53738:1:78493,75019,26138,78493,75019,26138:102726/78493/75019/26138 141285:1:80481,75782,27905,80481,75782,27905:10611/80481/75782/27905
PROOF 1 4096 230924 28627 39234 4 1 15409072 91744163830904 53735:1:78437,75020,26133,78437,75020,26133:102722/78437/75020/26133 141286:1:80482,75810,27905,80482,75810,27905:10612/80482/75810/27905
ROW 1 4096 230924 22873 41364 6659 4 1 0 3 1 449 774 185 122 64 2016 478 129 0 177200
PROOF 1 4096 230924 22873 41364 4 1 14934652 89523448291252 53738:1:78493,75019,26138,78493,75019,26138:102726/78493/75019/26138 141263:1:80455,75599,27907,80455,75599,27907:10607/80455/75599/27907
PROOF 1 4096 230924 22873 41364 4 1 14646040 90998822056768 53737:1:78454,75026,26137,78454,75026,26137:102723/78454/75026/26137 141270:1:80464,75631,27905,80464,75631,27905:10608/80464/75631/27905
PROOF 1 4096 230924 22873 41364 4 1 14562316 100337693855332 53735:1:78437,75020,26133,78437,75020,26133:102722/78437/75020/26133 46874:1:76064,74320,28025,76064,74320,28025:6770/76064/74320/28025
ROW 1 4096 230924 32917 49676 6171 4 1 0 3 1 437 750 172 118 64 2016 1484 541 0 225360
PROOF 1 4096 230924 32917 49676 4 1 15126992 50725341847872 53325:1:78187,74664,26119,78187,74664,26119:98744/78187/74664/26119 46453:1:76064,74356,27535,76064,74356,27535:28625/76064/74356/27535
PROOF 1 4096 230924 32917 49676 4 1 15033664 51122306013768 53330:1:78229,74657,26120,78229,74657,26120:98747/78229/74657/26120 46435:1:76063,74320,27533,76063,74320,27533:28626/76063/74320/27533
PROOF 1 4096 230924 32917 49676 4 1 14655972 51011963376276 53353:1:78262,74648,26121,78262,74648,26121:98749/78262/74648/26121 46452:1:76036,74354,27534,76036,74354,27534:28624/76036/74354/27534
ROW 1 4096 230924 5429 28866 7454 4 1 0 3 1 326 552 134 86 52 1326 1137 640 0 150421
PROOF 1 4096 230924 5429 28866 4 1 35757332 353111714762436 146062:1:83339,75403,26168,83339,75403,26168:92887/83339/75403/26168 141842:1:80593,75630,27884,80593,75630,27884:12401/80593/75630/27884
PROOF 1 4096 230924 5429 28866 4 1 35586404 357812409460164 146065:1:83370,75408,26164,83370,75408,26164:92889/83370/75408/26164 141798:1:80588,75477,27827,80588,75477,27827:15922/80588/75477/27827
PROOF 1 4096 230924 5429 28866 4 1 35285540 368131902691476 146071:1:83417,75434,26160,83417,75434,26160:92892/83417/75434/26160 141845:1:80573,75665,27884,80573,75665,27884:12400/80573/75665/27884
ROW 1 4096 230924 17661 60455 6636 4 1 0 3 1 464 804 160 116 64 2016 1520 605 0 236371
PROOF 1 4096 230924 17661 60455 4 1 16873808 28629282542868 53396:1:78422,74369,26161,78422,74369,26161:94646/78422/74369/26161 46453:1:76064,74356,27535,76064,74356,27535:28625/76064/74356/27535
PROOF 1 4096 230924 17661 60455 4 1 16882988 29300730340824 53337:1:78256,74440,26128,78256,74440,26128:96715/78256/74440/26128 46310:1:76083,74255,27531,76083,74255,27531:28629/76083/74255/27531
PROOF 1 4096 230924 17661 60455 4 1 17112276 48030985582668 53474:1:78397,74455,26143,78397,74455,26143:96723/78397/74455/26143 46375:1:76076,74304,27371,76076,74304,27371:36833/76076/74304/27371
ROW 1 4096 230924 17440 58549 6645 6 1 4 3 1 457 790 170 111 64 2016 806 91 0 259535
PROOF 1 4096 230924 17440 58549 3 1 23465712 265151117216272 35341:1:78624,73064,27928,78624,73064,27928:10544/78624/73064/27928 53636:1:78364,75020,26127,78364,75020,26127:102717/78364/75020/26127
PROOF 1 4096 230924 17440 58549 3 1 23396580 267339752823812 35348:1:78714,73081,27928,78714,73081,27928:10548/78714/73081/27928 53737:1:78454,75026,26137,78454,75026,26137:102723/78454/75026/26137
PROOF 1 4096 230924 17440 58549 3 1 23339220 270069016282852 35343:1:78668,73065,27928,78668,73065,27928:10546/78668/73065/27928 53733:1:78404,75016,26129,78404,75016,26129:102720/78404/75016/26129
PROOF 1 4096 230924 17440 58549 3 1 23343812 270349556966548 35342:1:78646,73060,27928,78646,73060,27928:10545/78646/73060/27928 53591:1:78395,75014,26128,78395,75014,26128:102719/78395/75014/26128
PROOF 1 4096 230924 17440 58549 4 1 15255148 45457772600516 53353:1:78262,74648,26121,78262,74648,26121:98749/78262/74648/26121 141231:1:80425,75376,27907,80425,75376,27907:10604/80425/75376/27907
PROOF 1 4096 230924 17440 58549 4 1 23465712 265151117216272 35341:1:78624,73064,27928,78624,73064,27928:10544/78624/73064/27928 53636:1:78364,75020,26127,78364,75020,26127:102717/78364/75020/26127
PROOF 1 4096 230924 17440 58549 4 1 23396580 267339752823812 35348:1:78714,73081,27928,78714,73081,27928:10548/78714/73081/27928 53737:1:78454,75026,26137,78454,75026,26137:102723/78454/75026/26137
ROW 1 4096 230924 17429 32936 6519 4 0 0 2 0 408 692 174 120 64 2016 195 12 0 115987
ROW 1 4096 230924 1754 39216 7272 4 1 0 3 1 313 534 115 85 48 1128 1008 512 0 110256
PROOF 1 4096 230924 1754 39216 4 1 33519820 254058624496776 146074:1:83445,75457,26160,83445,75457,26160:92894/83445/75457/26160 141842:1:80593,75630,27884,80593,75630,27884:12401/80593/75630/27884
PROOF 1 4096 230924 1754 39216 4 1 33324492 262956425803020 146077:1:83463,75478,26161,83463,75478,26161:92896/83463/75478/26161 141798:1:80588,75477,27827,80588,75477,27827:15922/80588/75477/27827
PROOF 1 4096 230924 1754 39216 4 1 33529296 292494645527172 146076:1:83458,75469,26160,83458,75469,26160:92895/83458/75469/26160 141856:1:80591,75743,27830,80591,75743,27830:15926/80591/75743/27830
ROW 1 4096 230924 10418 69352 7067 4 1 0 3 1 428 732 160 107 64 2016 1424 928 0 261758
PROOF 1 4096 230924 10418 69352 4 1 21506136 57787893033296 140810:1:80360,74997,27909,80360,74997,27909:10600/80360/74997/27909 53652:1:78250,75199,26127,78250,75199,26127:104692/78250/75199/26127
PROOF 1 4096 230924 10418 69352 4 1 21636740 64284933766792 140802:1:80351,74944,27910,80351,74944,27910:10599/80351/74944/27910 53654:1:78278,75189,26127,78278,75189,26127:104694/78278/75189/26127
PROOF 1 4096 230924 10418 69352 4 1 17975504 24694377449332 53737:1:78454,75026,26137,78454,75026,26137:102723/78454/75026/26137 141278:1:80475,75732,27905,80475,75732,27905:10610/80475/75732/27905
ROW 1 4096 230924 32920 45391 6183 4 0 0 2 0 429 746 195 121 56 1540 940 64 0 175578
ROW 1 4096 230924 37095 45389 7160 4 1 0 3 1 441 758 206 119 62 1891 978 448 0 200133
PROOF 1 4096 230924 37095 45389 4 1 17042164 68202307865700 53612:1:78224,75070,26129,78224,75070,26129:102707/78224/75070/26129 141271:1:80472,75673,27905,80472,75673,27905:10609/80472/75673/27905
PROOF 1 4096 230924 37095 45389 4 1 16688596 68967424336500 53737:1:78454,75026,26137,78454,75026,26137:102723/78454/75026/26137 141278:1:80475,75732,27905,80475,75732,27905:10610/80475/75732/27905
PROOF 1 4096 230924 37095 45389 4 1 16855820 76278810662500 53735:1:78437,75020,26133,78437,75020,26133:102722/78437/75020/26133 46453:1:76064,74356,27535,76064,74356,27535:28625/76064/74356/27535
ROW 1 4096 230924 20997 32931 6398 6 0 4 0 0 446 768 193 127 64 2016 340 0 0 217185
ROW 1 4096 230924 19188 58560 7416 4 1 0 3 1 436 748 164 111 64 2016 1124 447 0 216704
PROOF 1 4096 230924 19188 58560 4 1 17276524 50144843253844 53738:1:78493,75019,26138,78493,75019,26138:102726/78493/75019/26138 141278:1:80475,75732,27905,80475,75732,27905:10610/80475/75732/27905
PROOF 1 4096 230924 19188 58560 4 1 16885964 51564307267620 53737:1:78454,75026,26137,78454,75026,26137:102723/78454/75026/26137 141285:1:80481,75782,27905,80481,75782,27905:10611/80481/75782/27905
PROOF 1 4096 230924 19188 58560 4 1 16790292 105239871532388 53693:1:78519,74992,26132,78519,74992,26132:102728/78519/74992/26132 46874:1:76064,74320,28025,76064,74320,28025:6770/76064/74320/28025
ROW 1 4096 230924 28631 37089 6505 4 1 0 3 1 442 760 172 120 64 2016 398 190 0 184254
PROOF 1 4096 230924 28631 37089 4 1 14567552 85024249914968 53353:1:78262,74648,26121,78262,74648,26121:98749/78262/74648/26121 46971:1:76093,74333,27942,76093,74333,27942:10419/76093/74333/27942
PROOF 1 4096 230924 28631 37089 4 1 14428812 85156954977700 53330:1:78229,74657,26120,78229,74657,26120:98747/78229/74657/26120 46867:1:76094,74297,27942,76094,74297,27942:10420/76094/74297/27942
PROOF 1 4096 230924 28631 37089 4 1 14434876 85254005969156 53357:1:78278,74641,26120,78278,74641,26120:98750/78278/74641/26120 46972:1:76082,74354,27942,76082,74354,27942:10418/76082/74354/27942
ROW 1 4096 230924 15915 45393 6335 4 1 0 3 1 452 780 187 117 64 2016 570 57 0 181659
PROOF 1 4096 230924 15915 45393 4 1 13729032 34972820873672 53325:1:78187,74664,26119,78187,74664,26119:98744/78187/74664/26119 46971:1:76093,74333,27942,76093,74333,27942:10419/76093/74333/27942
PROOF 1 4096 230924 15915 45393 4 1 14064848 92743922915104 53330:1:78229,74657,26120,78229,74657,26120:98747/78229/74657/26120 46453:1:76064,74356,27535,76064,74356,27535:28625/76064/74356/27535
PROOF 1 4096 230924 15915 45393 4 1 13913816 94191839177656 53353:1:78262,74648,26121,78262,74648,26121:98749/78262/74648/26121 46435:1:76063,74320,27533,76063,74320,27533:28626/76063/74320/27533
ROW 1 4096 230924 25019 32672 6484 6 1 4 3 1 448 772 212 122 62 1891 259 160 0 177150
PROOF 1 4096 230924 25019 32672 3 1 14378900 80228477687064 53737:1:78454,75026,26137,78454,75026,26137:102723/78454/75026/26137 46971:1:76093,74333,27942,76093,74333,27942:10419/76093/74333/27942
PROOF 1 4096 230924 25019 32672 3 1 14248220 80387911051916 53738:1:78493,75019,26138,78493,75019,26138:102726/78493/75019/26138 46972:1:76082,74354,27942,76082,74354,27942:10418/76082/74354/27942
PROOF 1 4096 230924 25019 32672 3 1 14187180 80428507126344 53735:1:78437,75020,26133,78437,75020,26133:102722/78437/75020/26133 46867:1:76094,74297,27942,76094,74297,27942:10420/76094/74297/27942
PROOF 1 4096 230924 25019 32672 3 1 14080136 82080631213600 53734:1:78419,75015,26130,78419,75015,26130:102721/78419/75015/26130 46981:1:76061,74397,27942,76061,74397,27942:10416/76061/74397/27942
PROOF 1 4096 230924 25019 32672 4 1 14378900 80228477687064 53737:1:78454,75026,26137,78454,75026,26137:102723/78454/75026/26137 46971:1:76093,74333,27942,76093,74333,27942:10419/76093/74333/27942
PROOF 1 4096 230924 25019 32672 4 1 14248220 80387911051916 53738:1:78493,75019,26138,78493,75019,26138:102726/78493/75019/26138 46972:1:76082,74354,27942,76082,74354,27942:10418/76082/74354/27942
PROOF 1 4096 230924 25019 32672 4 1 14187180 80428507126344 53735:1:78437,75020,26133,78437,75020,26133:102722/78437/75020/26133 46867:1:76094,74297,27942,76094,74297,27942:10420/76094/74297/27942
ROW 1 4096 230924 28627 49930 6030 6 0 4 1 0 450 792 206 121 54 1431 336 2 0 132437
ROW 2 64 230923 6149 46785 1494 4 1 0 0 0 256 476 140 91 20 190 13 0 3 54702
ROW 2 64 230923 104310 116428 1468 4 0 0 1 0 228 432 170 129 12 66 66 7 2 39103
ROW 2 64 230923 22260 38211 1458 4 1 0 4 1 256 462 121 84 27 351 296 159 4 58960
ROW 2 64 230923 24606 38950 1033 6 1 4 4 1 256 464 143 86 26 325 108 108 4 71724
ROW 2 64 230923 47537 62756 1243 4 1 0 2 0 256 498 140 99 9 36 36 8 4 45024
ROW 2 64 230923 53985 58442 1076 4 1 0 0 0 256 494 167 114 11 55 52 0 4 46948
ROW 2 64 230923 9807 29906 1043 6 0 0 0 0 246 442 123 88 27 351 0 0 3 50865
ROW 2 64 230923 9805 46781 1354 6 1 3 0 0 256 470 129 89 23 253 27 0 4 57758
ROW 2 64 230923 26063 38205 1221 4 1 0 3 1 256 462 124 80 27 351 243 90 4 47228
ROW 2 64 230923 8437 10452 1497 6 0 1 0 0 256 448 132 88 34 561 24 0 4 60393
ROW 2 64 230923 1156 6748 1119 6 0 0 0 0 235 430 135 88 20 190 0 0 2 48481
ROW 2 64 230923 113998 121290 1680 6 0 0 0 0 207 412 134 80 3 3 0 0 2 38181
ROW 2 64 230923 9805 38218 1476 4 1 0 3 1 256 478 131 89 19 171 58 6 4 39363
ROW 2 64 230923 4918 17654 2802 6 0 0 0 0 256 506 177 125 4 6 0 0 4 42129
ROW 2 64 230923 16841 42488 1236 4 1 0 4 1 256 456 126 86 30 435 180 133 4 54902
ROW 2 64 230923 28630 64907 1185 6 1 2 2 0 256 494 131 89 11 55 10 10 4 33733
ROW 2 64 230923 4896 75610 1001 4 0 0 1 0 238 446 145 101 17 136 20 1 3 59170
ROW 2 64 230923 20476 31935 2252 4 1 0 1 0 253 448 138 91 31 465 375 23 3 55163
ROW 2 64 230923 10419 10600 2607 6 0 0 0 0 249 484 168 128 7 21 0 0 3 29856
ROW 2 64 230923 12335 71250 1187 6 1 2 2 0 256 494 159 98 11 55 10 10 4 45154
ROW 2 64 230923 24998 58299 5460 4 1 0 1 0 256 504 154 114 6 15 5 5 4 43842
ROW 2 64 230923 15905 30634 4555 4 0 0 0 0 256 502 158 118 7 21 0 0 4 37670
ROW 2 64 230923 10601 51832 5552 6 1 4 4 1 256 498 147 111 9 36 20 9 4 39624
ROW 2 64 230923 10421 37075 3822 6 0 0 0 0 256 506 167 116 5 10 0 0 4 36929
ROW 2 64 230923 15710 49931 5764 6 0 0 0 0 256 502 145 117 7 21 0 0 4 38121
ROW 2 64 230923 15712 19410 3435 6 0 0 0 0 256 498 159 115 9 36 0 0 4 35866
ROW 2 64 230923 6773 54237 5520 6 1 0 0 0 256 506 152 120 5 10 0 0 4 35897
ROW 2 64 230923 17657 20999 4150 6 0 0 0 0 256 498 150 119 9 36 0 0 4 36508
ROW 2 64 230923 15909 45393 5834 4 0 0 0 0 256 500 149 115 8 28 4 0 4 35126
ROW 2 64 230923 1239 25008 3816 6 0 0 0 0 256 504 167 124 6 15 0 0 4 36518
ROW 2 64 230923 28625 45642 5810 6 0 1 1 0 256 504 156 117 6 15 2 2 4 41347
ROW 2 64 230923 28627 54232 5796 4 1 0 0 0 256 502 153 112 7 21 11 0 4 36879
ROW 2 64 230923 19411 24769 3952 6 0 0 0 0 256 504 165 118 6 15 0 0 4 34605
ROW 2 64 230923 4920 67164 5325 6 1 0 0 0 256 514 158 118 1 0 0 0 4 34965
ROW 2 64 230923 15707 25014 5324 4 0 0 0 0 256 496 145 116 10 45 0 0 4 37070
ROW 2 64 230923 36829 41350 5771 4 0 0 0 0 256 508 161 116 4 6 0 0 4 55533
ROW 2 64 230923 1231 10610 4020 4 0 0 0 0 248 482 166 125 7 21 0 0 3 35816
ROW 2 64 230923 25010 36832 5816 6 0 0 0 0 256 508 157 124 4 6 0 0 4 37850
ROW 2 64 230923 20994 21249 5760 6 0 0 0 0 256 500 147 117 8 28 0 0 4 36920
ROW 2 64 230923 4917 23115 4130 4 0 0 0 0 256 502 159 121 7 21 0 0 4 36478
ROW 2 64 230923 20999 41360 6300 6 0 2 0 0 256 500 142 117 8 28 3 0 4 40906
ROW 2 64 230923 24772 41360 6325 6 1 4 0 0 256 504 150 119 6 15 7 0 4 55794
ROW 2 64 230923 36836 37097 7107 4 1 0 2 0 256 500 150 103 8 28 10 4 4 40926
ROW 2 64 230923 30634 62867 6895 4 1 0 1 0 256 510 145 109 3 3 3 2 4 42129
ROW 2 64 230923 26928 41104 6321 6 0 1 0 0 256 498 154 118 9 36 4 0 4 44413
ROW 2 64 230923 22875 54243 6809 4 1 0 2 0 256 506 145 109 5 10 6 2 4 42470
ROW 2 64 230923 10906 15916 6413 4 0 0 1 0 243 448 130 95 21 210 128 1 3 64551
ROW 2 64 230923 3600 21259 6399 4 0 0 0 0 239 438 128 107 20 190 15 0 3 52098
ROW 2 64 230923 28624 32929 6209 6 0 0 0 0 256 504 155 123 6 15 0 0 4 49502
ROW 2 64 230923 20994 25017 6219 6 0 1 0 0 256 500 144 118 8 28 1 0 4 39734
ROW 2 64 230923 26683 28881 6151 6 0 0 0 0 256 504 148 119 6 15 0 0 4 29525
ROW 2 64 230923 28622 58559 7043 4 1 0 1 0 256 508 147 111 4 6 6 3 4 44122
ROW 2 64 230923 10414 62866 6287 6 1 3 3 0 256 498 138 117 9 36 6 4 4 44283
ROW 2 64 230923 1755 37092 6720 4 1 0 3 1 256 464 112 90 26 325 273 86 4 73978
ROW 2 64 230923 20996 37091 6539 4 0 0 0 0 256 502 146 117 7 21 0 0 4 41398
ROW 2 64 230923 10906 25010 6827 4 1 0 4 1 250 438 115 87 33 528 378 190 3 87393
ROW 2 64 230923 25024 32675 7024 6 1 0 0 0 256 504 143 110 6 15 0 0 4 67306
ROW 2 64 230923 17439 32931 6202 6 0 1 0 0 256 498 140 117 9 36 2 0 4 41988
ROW 2 64 230923 10906 17658 6978 4 1 0 4 1 242 430 121 93 29 406 287 143 3 74489
ROW 2 64 230923 41105 43501 6220 4 0 0 0 0 256 504 157 121 6 15 1 0 4 43131
ROW 2 64 230924 6610 66901 1350 4 1 0 4 1 256 456 119 82 30 435 176 176 4 86541
ROW 2 64 230924 49833 80141 1014 4 1 0 0 0 256 506 179 147 5 10 10 0 4 72696
ROW 2 64 230924 2930 19191 1463 4 1 0 4 1 256 442 127 79 37 666 156 69 4 97392
ROW 2 64 230924 37074 67075 1177 6 1 2 2 0 256 504 160 136 6 15 5 5 4 43471
ROW 2 64 230924 113994 123241 1068 4 1 0 3 1 203 392 147 126 9 36 15 15 2 46547
ROW 2 64 230924 9669 26148 2967 4 1 0 4 1 238 418 99 83 31 465 420 118 3 94336
ROW 2 64 230924 9802 46783 1429 4 1 0 1 0 256 466 126 87 25 300 35 2 4 67636
ROW 2 64 230924 10549 96766 1203 4 0 0 0 0 249 484 179 106 9 36 15 0 3 45194
ROW 2 64 230924 113995 121272 1695 4 0 0 0 0 210 416 131 84 4 6 0 0 2 46347
ROW 2 64 230924 36834 62754 1149 4 1 0 2 0 256 494 136 92 11 55 10 10 4 55583
ROW 2 64 230924 122196 122907 1452 4 1 0 0 0 246 478 181 114 9 36 1 0 3 55774
ROW 2 64 230924 14977 16901 1990 2 1 4 0 1 242 430 119 91 29 406 170 72 3 74539
ROW 2 64 230924 41345 71407 1027 4 1 0 0 0 256 512 178 126 2 1 0 0 4 47318
ROW 2 64 230924 34721 47371 1256 4 1 0 3 1 254 454 153 92 27 351 336 72 3 78296
ROW 2 64 230924 26664 53814 1302 4 1 0 3 1 248 450 148 94 23 253 247 57 3 65472
ROW 2 64 230924 16903 44649 2572 4 1 0 2 0 245 440 144 95 27 351 350 25 3 98113
ROW 2 64 230924 393 2407 1894 4 1 0 3 1 238 434 150 109 21 210 185 37 3 52518
ROW 2 64 230924 8778 10420 2641 6 0 0 0 0 254 490 175 126 9 36 0 0 3 31108
ROW 2 64 230924 20842 45376 1159 6 1 4 4 1 256 462 126 88 27 351 108 108 4 75761
ROW 2 64 230924 15112 46776 1238 4 1 0 4 1 256 454 120 82 31 465 179 100 4 71413
ROW 2 64 230924 6770 21242 3526 6 0 0 0 0 256 504 165 126 6 15 0 0 4 44924
ROW 2 64 230924 19416 47537 5678 4 1 0 2 0 256 496 140 113 10 45 26 3 4 50013
ROW 2 64 230924 25006 26681 4899 6 0 0 0 0 256 506 164 119 5 10 0 0 4 41508
ROW 2 64 230924 12225 52073 4871 6 1 4 0 0 256 502 156 119 7 21 12 0 4 65893
ROW 2 64 230924 17674 26679 5996 4 0 0 0 0 256 502 151 121 7 21 1 0 4 32661
ROW 2 64 230924 17667 32674 5784 6 0 0 0 0 256 504 142 119 6 15 0 0 4 40436
ROW 2 64 230924 8786 26681 4832 4 0 0 0 0 256 504 155 116 6 15 0 0 4 28533
ROW 2 64 230924 17437 45638 5007 6 1 2 0 0 256 504 154 117 6 15 4 0 4 29796
ROW 2 64 230924 15711 54229 4964 2 1 0 0 0 256 510 154 114 3 3 0 0 4 30467
ROW 2 64 230924 20997 30873 4978 6 0 0 0 0 256 496 151 117 10 45 0 0 4 29305
ROW 2 64 230924 10421 21246 4093 6 0 0 0 0 256 506 162 122 5 10 0 0 4 27642
ROW 2 64 230924 4921 21242 3535 4 0 0 0 0 256 504 165 122 6 15 0 0 4 28514
ROW 2 64 230924 32675 41351 5560 6 1 4 0 0 256 502 144 113 7 21 8 0 4 29234
ROW 2 64 230924 1233 32918 3959 6 0 0 0 0 256 502 163 124 7 21 0 0 4 26480
ROW 2 64 230924 41350 45393 5849 4 1 0 3 1 256 504 154 113 6 15 12 6 4 30817
ROW 2 64 230924 14004 14183 3459 6 0 0 0 0 256 498 154 114 9 36 0 0 4 43200
ROW 2 64 230924 15712 34977 4201 2 1 0 0 0 256 506 163 114 5 10 0 0 4 26940
ROW 2 64 230924 10414 32932 5525 6 0 0 0 0 256 496 154 118 10 45 0 0 4 29876
ROW 2 64 230924 3099 49926 4921 4 1 0 0 0 256 506 159 118 5 10 0 0 4 30827
ROW 2 64 230924 6771 45636 4215 4 0 0 0 0 256 506 162 120 5 10 0 0 4 26179
ROW 2 64 230924 25011 51833 6960 4 1 0 3 1 256 506 145 115 5 10 7 4 4 29415
ROW 2 64 230924 17437 26937 6284 6 0 0 0 0 256 498 146 109 9 36 0 0 4 27291
ROW 2 64 230924 32668 60710 6723 4 1 0 0 0 256 516 149 114 0 0 0 0 4 29224
ROW 2 64 230924 28627 39234 6800 4 1 0 2 0 256 500 147 109 8 28 4 4 4 28032
ROW 2 64 230924 22873 41364 6659 4 1 0 1 0 256 502 144 116 7 21 2 1 4 30297
ROW 2 64 230924 32917 49676 6171 4 1 0 1 0 256 500 146 112 8 28 7 3 4 30907
ROW 2 64 230924 5429 28866 7454 4 1 0 4 1 256 468 125 85 24 276 248 128 4 56115
ROW 2 64 230924 17661 60455 6636 4 1 0 3 1 256 500 144 112 8 28 18 9 4 29495
ROW 2 64 230924 17440 58549 6645 6 1 4 0 0 256 502 140 108 7 21 10 0 4 30406
ROW 2 64 230924 17429 32936 6519 4 0 0 0 0 256 498 151 113 9 36 2 0 4 29155
ROW 2 64 230924 1754 39216 7272 4 1 0 4 1 245 452 115 85 21 210 189 98 3 44353
ROW 2 64 230924 10418 69352 7067 4 1 0 3 1 256 500 147 104 8 28 25 15 4 42559
ROW 2 64 230924 32920 45391 6183 4 0 0 0 0 256 502 152 112 7 21 2 0 4 29125
ROW 2 64 230924 37095 45389 7160 4 1 0 2 0 256 500 144 108 8 28 10 4 4 28863
ROW 2 64 230924 20997 32931 6398 6 0 0 0 0 256 502 147 118 7 21 0 0 4 33863
ROW 2 64 230924 19188 58560 7416 4 1 0 2 0 256 498 142 108 9 36 19 4 4 28674
ROW 2 64 230924 28631 37089 6505 4 1 0 0 0 256 502 145 112 7 21 12 0 4 29515
ROW 2 64 230924 15915 45393 6335 4 1 0 0 0 256 498 143 113 9 36 9 0 4 28944
ROW 2 64 230924 25019 32672 6484 6 1 1 0 0 256 504 152 113 6 15 1 0 4 34274
ROW 2 64 230924 28627 49930 6030 6 0 2 0 0 256 504 151 113 6 15 4 0 4 30066
ROW 2 256 230923 6149 46785 1494 4 1 0 4 1 331 568 147 92 49 1176 147 22 0 108161
ROW 2 256 230923 104310 116428 1468 4 0 0 1 0 264 492 202 137 18 153 152 9 0 48360
ROW 2 256 230923 22260 38211 1458 4 1 0 4 1 374 624 149 93 64 2016 1393 686 0 240599
ROW 2 256 230923 24606 38950 1033 6 1 4 4 1 337 574 175 93 50 1225 278 224 0 115025
ROW 2 256 230923 47537 62756 1243 4 1 0 4 1 417 710 202 116 64 2016 1494 920 0 225260
ROW 2 256 230923 53985 58442 1076 4 1 0 3 1 377 662 238 123 46 1035 839 240 0 126126
ROW 2 256 230923 9807 29906 1043 6 0 0 0 0 306 516 127 90 50 1225 0 0 0 107621
ROW 2 256 230923 9805 46781 1354 6 1 4 4 1 344 586 154 95 53 1378 241 31 0 101309
ROW 2 256 230923 26063 38205 1221 4 1 0 4 1 365 608 169 92 63 1953 1008 410 0 142336
ROW 2 256 230923 8437 10452 1497 6 0 4 0 0 339 564 169 100 57 1596 134 0 0 111027
ROW 2 256 230923 1156 6748 1119 6 0 0 0 0 262 456 136 88 34 561 0 0 0 48450
ROW 2 256 230923 113998 121290 1680 6 0 0 0 0 287 514 149 81 32 496 0 0 0 88946
ROW 2 256 230923 9805 38218 1476 4 1 0 3 1 342 586 151 92 51 1275 305 23 0 85770
ROW 2 256 230923 4918 17654 2802 6 0 0 0 0 382 668 182 125 48 1128 0 0 0 84548
ROW 2 256 230923 16841 42488 1236 4 1 0 4 1 360 600 162 94 62 1891 682 262 0 123019
ROW 2 256 230923 28630 64907 1185 6 1 4 4 1 400 676 165 97 64 2016 1021 967 0 235569
ROW 2 256 230923 4896 75610 1001 4 0 0 1 0 325 570 173 105 42 861 38 1 0 74408
ROW 2 256 230923 20476 31935 2252 4 1 0 3 1 332 564 183 106 52 1326 924 63 0 95278
ROW 2 256 230923 10419 10600 2607 6 0 0 0 0 402 708 181 128 48 1128 0 0 0 106419
ROW 2 256 230923 12335 71250 1187 6 1 4 4 1 431 742 221 103 62 1891 892 809 0 221764
ROW 2 256 230923 24998 58299 5460 4 1 0 4 1 445 766 177 116 64 2016 1520 747 0 207076
ROW 2 256 230923 15905 30634 4555 4 0 0 0 0 461 796 205 127 63 1953 2 0 0 114964
ROW 2 256 230923 10601 51832 5552 6 1 4 4 1 492 860 183 116 64 2016 879 419 0 217024
ROW 2 256 230923 10421 37075 3822 6 0 0 0 0 471 820 211 127 61 1830 0 0 0 119082
ROW 2 256 230923 15710 49931 5764 6 0 4 2 0 465 806 191 123 64 2016 278 37 0 158285
ROW 2 256 230923 15712 19410 3435 6 0 0 0 0 446 772 203 126 60 1770 0 0 0 141253
ROW 2 256 230923 6773 54237 5520 6 1 4 3 1 470 816 193 125 64 2016 237 54 0 184854
ROW 2 256 230923 17657 20999 4150 6 0 0 0 0 472 820 203 124 64 2016 0 0 0 147385
ROW 2 256 230923 15909 45393 5834 4 0 0 3 1 492 860 228 128 62 1891 279 64 0 167192
ROW 2 256 230923 1239 25008 3816 6 0 0 0 0 417 728 203 128 53 1378 0 0 0 107911
ROW 2 256 230923 28625 45642 5810 6 0 4 1 0 400 702 184 120 49 1176 104 32 0 92202
ROW 2 256 230923 28627 54232 5796 4 1 0 3 1 451 788 213 121 57 1596 938 94 0 174686
ROW 2 256 230923 19411 24769 3952 6 0 0 0 0 446 782 205 128 55 1485 0 0 0 98544
ROW 2 256 230923 4920 67164 5325 6 1 4 4 1 456 788 176 122 64 2016 1024 734 0 286985
ROW 2 256 230923 15707 25014 5324 4 0 0 0 0 416 718 185 128 57 1596 0 0 0 118331
ROW 2 256 230923 36829 41350 5771 4 0 0 1 0 407 716 189 122 49 1176 205 32 0 89036
ROW 2 256 230923 1231 10610 4020 4 0 0 0 0 372 646 186 125 49 1176 0 0 0 80951
ROW 2 256 230923 25010 36832 5816 6 0 4 2 0 445 784 209 129 53 1378 103 64 0 104034
ROW 2 256 230923 20994 21249 5760 6 0 0 0 0 418 710 185 127 63 1953 0 0 0 134030
ROW 2 256 230923 4917 23115 4130 4 0 0 0 0 420 734 191 129 53 1378 0 0 0 92643
ROW 2 256 230923 20999 41360 6300 6 0 4 1 0 463 802 206 126 62 1891 296 17 0 131646
ROW 2 256 230923 24772 41360 6325 6 1 4 3 1 441 766 206 128 58 1653 364 55 0 126065
ROW 2 256 230923 36836 37097 7107 4 1 0 4 1 441 762 206 111 60 1770 888 158 0 123961
ROW 2 256 230923 30634 62867 6895 4 1 0 4 1 439 754 185 119 64 2016 1306 476 0 158586
ROW 2 256 230923 26928 41104 6321 6 0 1 0 0 394 686 179 120 51 1275 32 0 0 87443
ROW 2 256 230923 22875 54243 6809 4 1 0 4 1 446 768 195 115 64 2016 665 334 0 166270
ROW 2 256 230923 10906 15916 6413 4 0 0 1 0 314 532 144 99 50 1225 711 1 0 129001
ROW 2 256 230923 3600 21259 6399 4 0 0 0 0 303 522 140 108 42 861 71 0 0 96029
ROW 2 256 230923 28624 32929 6209 6 0 3 0 0 426 750 195 126 51 1275 96 0 0 136856
ROW 2 256 230923 20994 25017 6219 6 0 1 0 0 441 756 201 129 63 1953 7 0 0 163215
ROW 2 256 230923 26683 28881 6151 6 0 4 0 0 451 784 214 129 59 1711 222 0 0 168825
ROW 2 256 230923 28622 58559 7043 4 1 0 4 1 437 758 203 118 58 1653 944 448 0 222204
ROW 2 256 230923 10414 62866 6287 6 1 4 4 1 431 738 168 121 64 2016 512 263 0 232093
ROW 2 256 230923 1755 37092 6720 4 1 0 4 1 340 558 132 94 63 1953 1505 360 0 227515
ROW 2 256 230923 20996 37091 6539 4 0 0 0 0 467 810 213 124 64 2016 298 0 0 178674
ROW 2 256 230923 10906 25010 6827 4 1 0 4 1 301 502 117 87 52 1326 1142 461 0 167492
ROW 2 256 230923 25024 32675 7024 6 1 4 4 1 467 810 187 118 64 2016 517 238 0 233495
ROW 2 256 230923 17439 32931 6202 6 0 1 0 0 419 714 172 123 64 2016 16 0 0 164657
ROW 2 256 230923 10906 17658 6978 4 1 0 4 1 290 484 130 93 50 1225 1073 380 0 142817
ROW 2 256 230923 41105 43501 6220 4 0 0 0 0 381 666 174 121 48 1128 595 0 0 122739
ROW 2 256 230924 6610 66901 1350 4 1 0 4 1 353 582 155 88 64 2016 1024 978 0 281255
ROW 2 256 230924 49833 80141 1014 4 1 0 4 1 394 704 266 164 42 861 812 287 0 146212
ROW 2 256 230924 2930 19191 1463 4 1 0 4 1 336 548 155 96 64 2016 381 118 0 203629
ROW 2 256 230924 37074 67075 1177 6 1 4 4 1 456 788 210 141 64 2016 1024 1023 0 325447
ROW 2 256 230924 113994 123241 1068 4 1 0 3 1 277 490 174 126 34 561 65 65 0 65953
ROW 2 256 230924 9669 26148 2967 4 1 0 4 1 304 510 122 84 51 1275 994 174 0 109945
ROW 2 256 230924 9802 46783 1429 4 1 0 3 1 345 592 166 92 51 1275 146 44 0 96660
ROW 2 256 230924 10549 96766 1203 4 0 0 0 0 340 612 208 112 34 561 35 0 0 59691
ROW 2 256 230924 113995 121272 1695 4 0 0 0 0 283 506 149 84 32 496 1 0 0 67686
ROW 2 256 230924 36834 62754 1149 4 1 0 4 1 404 684 181 102 64 2016 924 722 0 220992
ROW 2 256 230924 122196 122907 1452 4 1 0 4 1 333 602 228 125 32 496 135 128 0 71262
ROW 2 256 230924 14977 16901 1990 2 1 4 0 1 305 514 125 91 50 1225 378 113 0 140642
ROW 2 256 230924 41345 71407 1027 4 1 0 4 1 500 888 322 152 56 1540 872 768 0 230530
ROW 2 256 230924 34721 47371 1256 4 1 0 3 1 297 514 172 93 40 780 751 169 0 110276
ROW 2 256 230924 26664 53814 1302 4 1 0 4 1 311 540 179 100 41 820 784 241 0 80721
ROW 2 256 230924 16903 44649 2572 4 1 0 4 1 327 560 150 96 49 1176 1028 393 0 148637
ROW 2 256 230924 393 2407 1894 4 1 0 3 1 302 526 170 113 39 741 634 53 0 100137
ROW 2 256 230924 8778 10420 2641 6 0 0 0 0 401 704 202 126 49 1176 0 0 0 84749
ROW 2 256 230924 20842 45376 1159 6 1 4 4 1 343 576 149 91 55 1485 430 300 0 184183
ROW 2 256 230924 15112 46776 1238 4 1 0 4 1 344 570 152 97 61 1830 420 153 0 152174
ROW 2 256 230924 6770 21242 3526 6 0 0 0 0 408 712 177 128 52 1326 0 0 0 143598
ROW 2 256 230924 19416 47537 5678 4 1 0 4 1 465 806 176 117 64 2016 874 207 0 147164
ROW 2 256 230924 25006 26681 4899 6 0 1 0 0 461 808 215 129 57 1596 7 0 0 103423
ROW 2 256 230924 12225 52073 4871 6 1 4 4 1 474 824 181 120 64 2016 943 294 0 201145
ROW 2 256 230924 17674 26679 5996 4 0 0 0 0 407 700 190 123 57 1596 8 0 0 98183
ROW 2 256 230924 17667 32674 5784 6 0 4 0 0 447 770 188 126 64 2016 192 0 0 125975
ROW 2 256 230924 8786 26681 4832 4 0 0 0 0 432 746 201 128 59 1711 0 0 0 100879
ROW 2 256 230924 17437 45638 5007 6 1 4 3 1 489 854 217 128 64 2016 282 72 0 159557
ROW 2 256 230924 15711 54229 4964 2 1 4 0 1 475 826 202 123 64 2016 647 99 0 161191
ROW 2 256 230924 20997 30873 4978 6 0 0 0 0 462 800 206 128 64 2016 0 0 0 138379
ROW 2 256 230924 10421 21246 4093 6 0 0 0 0 414 718 190 128 55 1485 0 0 0 103783
ROW 2 256 230924 4921 21242 3535 4 0 0 0 0 408 710 192 129 53 1378 0 0 0 89237
ROW 2 256 230924 32675 41351 5560 6 1 4 4 1 479 834 214 120 64 2016 670 118 0 168905
ROW 2 256 230924 1233 32918 3959 6 0 0 0 0 435 762 185 127 54 1431 0 0 0 93825
ROW 2 256 230924 41350 45393 5849 4 1 0 4 1 443 778 214 122 54 1431 1095 201 0 144630
ROW 2 256 230924 14004 14183 3459 6 0 0 0 0 446 768 192 120 64 2016 0 0 0 125775
ROW 2 256 230924 15712 34977 4201 2 1 4 0 1 482 840 201 125 64 2016 220 0 0 130754
ROW 2 256 230924 10414 32932 5525 6 0 0 0 0 385 666 179 123 52 1326 0 0 0 84227
ROW 2 256 230924 3099 49926 4921 4 1 0 0 0 488 852 209 127 64 2016 214 0 0 121547
ROW 2 256 230924 6771 45636 4215 4 0 0 0 0 496 868 233 128 64 2016 34 0 0 122719
ROW 2 256 230924 25011 51833 6960 4 1 0 4 1 453 782 160 115 64 2016 1487 621 0 191026
ROW 2 256 230924 17437 26937 6284 6 0 2 0 0 434 744 188 119 64 2016 26 0 0 161862
ROW 2 256 230924 32668 60710 6723 4 1 0 4 1 463 800 218 120 63 1953 1260 476 0 210863
ROW 2 256 230924 28627 39234 6800 4 1 0 4 1 454 784 213 118 62 1891 491 240 0 184174
ROW 2 256 230924 22873 41364 6659 4 1 0 4 1 468 812 204 123 64 2016 415 63 0 138388
ROW 2 256 230924 32917 49676 6171 4 1 0 4 1 433 742 182 118 64 2016 1374 511 0 220741
ROW 2 256 230924 5429 28866 7454 4 1 0 4 1 322 544 137 86 52 1326 1136 640 0 146654
ROW 2 256 230924 17661 60455 6636 4 1 0 4 1 458 792 166 116 64 2016 1499 623 0 165619
ROW 2 256 230924 17440 58549 6645 6 1 4 4 1 443 762 174 111 64 2016 659 51 0 158345
ROW 2 256 230924 17429 32936 6519 4 0 0 0 0 414 704 187 121 64 2016 159 0 0 113632
ROW 2 256 230924 1754 39216 7272 4 1 0 4 1 301 510 120 85 48 1128 1008 512 0 109595
ROW 2 256 230924 10418 69352 7067 4 1 0 4 1 407 690 163 109 64 2016 1416 928 0 207437
ROW 2 256 230924 32920 45391 6183 4 0 0 2 0 427 746 196 121 54 1431 817 64 0 103162
ROW 2 256 230924 37095 45389 7160 4 1 0 4 1 441 764 213 119 59 1711 865 350 0 130333
ROW 2 256 230924 20997 32931 6398 6 0 4 0 0 450 774 202 127 63 1953 232 0 0 127197
ROW 2 256 230924 19188 58560 7416 4 1 0 4 1 434 744 171 114 64 2016 1011 335 0 139370
ROW 2 256 230924 28631 37089 6505 4 1 0 4 1 453 782 196 121 64 2016 322 161 0 128150
ROW 2 256 230924 15915 45393 6335 4 1 0 3 1 469 814 213 126 64 2016 389 68 0 124613
ROW 2 256 230924 25019 32672 6484 6 1 4 3 1 452 786 213 122 59 1711 194 128 0 143938
ROW 2 256 230924 28627 49930 6030 6 0 4 0 0 442 776 208 121 54 1431 305 0 0 115876
ROW 2 1024 230923 6149 46785 1494 4 1 0 4 1 331 568 147 92 49 1176 147 22 0 93475
ROW 2 1024 230923 104310 116428 1468 4 0 0 1 0 264 492 202 137 18 153 152 9 0 47969
ROW 2 1024 230923 22260 38211 1458 4 1 0 4 1 374 624 149 93 64 2016 1393 686 0 167242
ROW 2 1024 230923 24606 38950 1033 6 1 4 4 1 337 574 175 93 50 1225 278 224 0 137907
ROW 2 1024 230923 47537 62756 1243 4 1 0 4 1 417 710 202 116 64 2016 1494 920 0 188432
ROW 2 1024 230923 53985 58442 1076 4 1 0 3 1 377 662 238 123 46 1035 839 240 0 93916
ROW 2 1024 230923 9807 29906 1043 6 0 0 0 0 306 516 127 90 50 1225 0 0 0 86270
ROW 2 1024 230923 9805 46781 1354 6 1 4 4 1 344 586 154 95 53 1378 241 31 0 133710
ROW 2 1024 230923 26063 38205 1221 4 1 0 4 1 365 608 169 92 63 1953 1008 410 0 181018
ROW 2 1024 230923 8437 10452 1497 6 0 4 0 0 339 564 169 100 57 1596 134 0 0 131365
ROW 2 1024 230923 1156 6748 1119 6 0 0 0 0 262 456 136 88 34 561 0 0 0 49141
ROW 2 1024 230923 113998 121290 1680 6 0 0 0 0 287 514 149 81 32 496 0 0 0 67165
ROW 2 1024 230923 9805 38218 1476 4 1 0 3 1 342 586 151 92 51 1275 305 23 0 102331
ROW 2 1024 230923 4918 17654 2802 6 0 0 0 0 382 668 182 125 48 1128 0 0 0 95758
ROW 2 1024 230923 16841 42488 1236 4 1 0 4 1 360 600 162 94 62 1891 682 262 0 125324
ROW 2 1024 230923 28630 64907 1185 6 1 4 4 1 400 676 165 97 64 2016 1021 967 0 292196
ROW 2 1024 230923 4896 75610 1001 4 0 0 1 0 325 570 173 105 42 861 38 1 0 101389
ROW 2 1024 230923 20476 31935 2252 4 1 0 3 1 332 564 183 106 52 1326 924 63 0 141444
ROW 2 1024 230923 10419 10600 2607 6 0 0 0 0 402 708 181 128 48 1128 0 0 0 115936
ROW 2 1024 230923 12335 71250 1187 6 1 4 4 1 431 742 221 103 62 1891 892 809 0 292115
ROW 2 1024 230923 24998 58299 5460 4 1 0 4 1 445 766 177 116 64 2016 1520 747 0 272658
ROW 2 1024 230923 15905 30634 4555 4 0 0 0 0 461 796 205 127 63 1953 2 0 0 163255
ROW 2 1024 230923 10601 51832 5552 6 1 4 4 1 492 860 183 116 64 2016 879 419 0 298106
ROW 2 1024 230923 10421 37075 3822 6 0 0 0 0 471 820 211 127 61 1830 0 0 0 166500
ROW 2 1024 230923 15710 49931 5764 6 0 4 2 0 465 806 191 123 64 2016 278 37 0 193851
ROW 2 1024 230923 15712 19410 3435 6 0 0 0 0 446 772 203 126 60 1770 0 0 0 148357
ROW 2 1024 230923 6773 54237 5520 6 1 4 3 1 470 816 193 125 64 2016 237 54 0 189333
ROW 2 1024 230923 17657 20999 4150 6 0 0 0 0 472 820 203 124 64 2016 0 0 0 167281
ROW 2 1024 230923 15909 45393 5834 4 0 0 3 1 492 860 228 128 62 1891 279 64 0 173504
ROW 2 1024 230923 1239 25008 3816 6 0 0 0 0 417 728 203 128 53 1378 0 0 0 127719
ROW 2 1024 230923 28625 45642 5810 6 0 4 1 0 400 702 184 120 49 1176 104 32 0 125383
ROW 2 1024 230923 28627 54232 5796 4 1 0 3 1 451 788 213 121 57 1596 938 94 0 160560
ROW 2 1024 230923 19411 24769 3952 6 0 0 0 0 446 782 205 128 55 1485 0 0 0 136816
ROW 2 1024 230923 4920 67164 5325 6 1 4 4 1 456 788 176 122 64 2016 1024 734 0 308145
ROW 2 1024 230923 15707 25014 5324 4 0 0 0 0 416 718 185 128 57 1596 0 0 0 139079
ROW 2 1024 230923 36829 41350 5771 4 0 0 1 0 407 716 189 122 49 1176 205 32 0 124683
ROW 2 1024 230923 1231 10610 4020 4 0 0 0 0 372 646 186 125 49 1176 0 0 0 113231
ROW 2 1024 230923 25010 36832 5816 6 0 4 2 0 445 784 209 129 53 1378 103 64 0 147055
ROW 2 1024 230923 20994 21249 5760 6 0 0 0 0 418 710 185 127 63 1953 0 0 0 154097
ROW 2 1024 230923 4917 23115 4130 4 0 0 0 0 420 734 191 129 53 1378 0 0 0 129642
ROW 2 1024 230923 20999 41360 6300 6 0 4 1 0 463 802 206 126 62 1891 296 17 0 156643
ROW 2 1024 230923 24772 41360 6325 6 1 4 3 1 441 766 206 128 58 1653 364 55 0 159437
ROW 2 1024 230923 36836 37097 7107 4 1 0 4 1 441 762 206 111 60 1770 888 158 0 124652
ROW 2 1024 230923 30634 62867 6895 4 1 0 4 1 439 754 185 119 64 2016 1306 476 0 191387
ROW 2 1024 230923 26928 41104 6321 6 0 1 0 0 394 686 179 120 51 1275 32 0 0 87423
ROW 2 1024 230923 22875 54243 6809 4 1 0 4 1 446 768 195 115 64 2016 665 334 0 184995
ROW 2 1024 230923 10906 15916 6413 4 0 0 1 0 314 532 144 99 50 1225 711 1 0 118481
ROW 2 1024 230923 3600 21259 6399 4 0 0 0 0 303 522 140 108 42 861 71 0 0 65813
ROW 2 1024 230923 28624 32929 6209 6 0 3 0 0 426 750 195 126 51 1275 96 0 0 95087
ROW 2 1024 230923 20994 25017 6219 6 0 1 0 0 441 756 201 129 63 1953 7 0 0 112410
ROW 2 1024 230923 26683 28881 6151 6 0 4 0 0 451 784 214 129 59 1711 222 0 0 118371
ROW 2 1024 230923 28622 58559 7043 4 1 0 4 1 437 758 203 118 58 1653 944 448 0 162834
ROW 2 1024 230923 10414 62866 6287 6 1 4 4 1 431 738 168 121 64 2016 512 263 0 158946
ROW 2 1024 230923 1755 37092 6720 4 1 0 4 1 340 558 132 94 63 1953 1505 360 0 137997
ROW 2 1024 230923 20996 37091 6539 4 0 0 0 0 467 810 213 124 64 2016 298 0 0 119584
ROW 2 1024 230923 10906 25010 6827 4 1 0 4 1 301 502 117 87 52 1326 1142 461 0 112951
ROW 2 1024 230923 25024 32675 7024 6 1 4 4 1 467 810 187 118 64 2016 517 238 0 162643
ROW 2 1024 230923 17439 32931 6202 6 0 1 0 0 419 714 172 123 64 2016 16 0 0 110796
ROW 2 1024 230923 10906 17658 6978 4 1 0 4 1 290 484 130 93 50 1225 1073 380 0 133880
ROW 2 1024 230923 41105 43501 6220 4 0 0 0 0 381 666 174 121 48 1128 595 0 0 82935
ROW 2 1024 230924 6610 66901 1350 4 1 0 4 1 353 582 155 88 64 2016 1024 978 0 227705
ROW 2 1024 230924 49833 80141 1014 4 1 0 4 1 394 704 266 164 42 861 812 287 0 135032
ROW 2 1024 230924 2930 19191 1463 4 1 0 4 1 336 548 155 96 64 2016 381 118 0 198301
ROW 2 1024 230924 37074 67075 1177 6 1 4 4 1 456 788 210 141 64 2016 1024 1023 0 305941
ROW 2 1024 230924 113994 123241 1068 4 1 0 3 1 277 490 174 126 34 561 65 65 0 86501
ROW 2 1024 230924 9669 26148 2967 4 1 0 4 1 304 510 122 84 51 1275 994 174 0 141604
ROW 2 1024 230924 9802 46783 1429 4 1 0 3 1 345 592 166 92 51 1275 146 44 0 123961
ROW 2 1024 230924 10549 96766 1203 4 0 0 0 0 340 612 208 112 34 561 35 0 0 80971
ROW 2 1024 230924 113995 121272 1695 4 0 0 0 0 283 506 149 84 32 496 1 0 0 104836
ROW 2 1024 230924 36834 62754 1149 4 1 0 4 1 404 684 181 102 64 2016 924 722 0 187179
ROW 2 1024 230924 122196 122907 1452 4 1 0 4 1 333 602 228 125 32 496 135 128 0 91520
ROW 2 1024 230924 14977 16901 1990 2 1 4 0 1 305 514 125 91 50 1225 378 113 0 101720
ROW 2 1024 230924 41345 71407 1027 4 1 0 4 1 500 888 322 152 56 1540 872 768 0 177612
ROW 2 1024 230924 34721 47371 1256 4 1 0 3 1 297 514 172 93 40 780 751 169 0 78937
ROW 2 1024 230924 26664 53814 1302 4 1 0 4 1 311 540 179 100 41 820 784 241 0 78687
ROW 2 1024 230924 16903 44649 2572 4 1 0 4 1 327 560 150 96 49 1176 1028 393 0 147635
ROW 2 1024 230924 393 2407 1894 4 1 0 3 1 302 526 170 113 39 741 634 53 0 101329
ROW 2 1024 230924 8778 10420 2641 6 0 0 0 0 401 704 202 126 49 1176 0 0 0 82985
ROW 2 1024 230924 20842 45376 1159 6 1 4 4 1 343 576 149 91 55 1485 430 300 0 147115
ROW 2 1024 230924 15112 46776 1238 4 1 0 4 1 344 570 152 97 61 1830 420 153 0 111959
ROW 2 1024 230924 6770 21242 3526 6 0 0 0 0 408 712 177 128 52 1326 0 0 0 124933
ROW 2 1024 230924 19416 47537 5678 4 1 0 4 1 465 806 176 117 64 2016 874 207 0 140502
ROW 2 1024 230924 25006 26681 4899 6 0 1 0 0 461 808 215 129 57 1596 7 0 0 127468
ROW 2 1024 230924 12225 52073 4871 6 1 4 4 1 474 824 181 120 64 2016 943 294 0 197489
ROW 2 1024 230924 17674 26679 5996 4 0 0 0 0 407 700 190 123 57 1596 8 0 0 101329
ROW 2 1024 230924 17667 32674 5784 6 0 4 0 0 447 770 188 126 64 2016 192 0 0 127046
ROW 2 1024 230924 8786 26681 4832 4 0 0 0 0 432 746 201 128 59 1711 0 0 0 101009
ROW 2 1024 230924 17437 45638 5007 6 1 4 3 1 489 854 217 128 64 2016 282 72 0 144379
ROW 2 1024 230924 15711 54229 4964 2 1 4 0 1 475 826 202 123 64 2016 647 99 0 162613
ROW 2 1024 230924 20997 30873 4978 6 0 0 0 0 462 800 206 128 64 2016 0 0 0 145571
ROW 2 1024 230924 10421 21246 4093 6 0 0 0 0 414 718 190 128 55 1485 0 0 0 106899
ROW 2 1024 230924 4921 21242 3535 4 0 0 0 0 408 710 192 129 53 1378 0 0 0 89467
ROW 2 1024 230924 32675 41351 5560 6 1 4 4 1 479 834 214 120 64 2016 670 118 0 167773
ROW 2 1024 230924 1233 32918 3959 6 0 0 0 0 435 762 185 127 54 1431 0 0 0 93785
ROW 2 1024 230924 41350 45393 5849 4 1 0 4 1 443 778 214 122 54 1431 1095 201 0 118521
ROW 2 1024 230924 14004 14183 3459 6 0 0 0 0 446 768 192 120 64 2016 0 0 0 112661
ROW 2 1024 230924 15712 34977 4201 2 1 4 0 1 482 840 201 125 64 2016 220 0 0 129601
ROW 2 1024 230924 10414 32932 5525 6 0 0 0 0 385 666 179 123 52 1326 0 0 0 82634
ROW 2 1024 230924 3099 49926 4921 4 1 0 0 0 488 852 209 127 64 2016 214 0 0 120395
ROW 2 1024 230924 6771 45636 4215 4 0 0 0 0 496 868 233 128 64 2016 34 0 0 119022
ROW 2 1024 230924 25011 51833 6960 4 1 0 4 1 453 782 160 115 64 2016 1487 621 0 164828
ROW 2 1024 230924 17437 26937 6284 6 0 2 0 0 434 744 188 119 64 2016 26 0 0 126716
ROW 2 1024 230924 32668 60710 6723 4 1 0 4 1 463 800 218 120 63 1953 1260 476 0 153597
ROW 2 1024 230924 28627 39234 6800 4 1 0 4 1 454 784 213 118 62 1891 491 240 0 128220
ROW 2 1024 230924 22873 41364 6659 4 1 0 4 1 468 812 204 123 64 2016 415 63 0 125194
ROW 2 1024 230924 32917 49676 6171 4 1 0 4 1 433 742 182 118 64 2016 1374 511 0 153726
ROW 2 1024 230924 5429 28866 7454 4 1 0 4 1 322 544 137 86 52 1326 1136 640 0 134171
ROW 2 1024 230924 17661 60455 6636 4 1 0 4 1 458 792 166 116 64 2016 1499 623 0 162864
ROW 2 1024 230924 17440 58549 6645 6 1 4 4 1 443 762 174 111 64 2016 659 51 0 171099
ROW 2 1024 230924 17429 32936 6519 4 0 0 0 0 414 704 187 121 64 2016 159 0 0 112039
ROW 2 1024 230924 1754 39216 7272 4 1 0 4 1 301 510 120 85 48 1128 1008 512 0 109734
ROW 2 1024 230924 10418 69352 7067 4 1 0 4 1 407 690 163 109 64 2016 1416 928 0 179716
ROW 2 1024 230924 32920 45391 6183 4 0 0 2 0 427 746 196 121 54 1431 817 64 0 102040
ROW 2 1024 230924 37095 45389 7160 4 1 0 4 1 441 764 213 119 59 1711 865 350 0 128860
ROW 2 1024 230924 20997 32931 6398 6 0 4 0 0 450 774 202 127 63 1953 232 0 0 125835
ROW 2 1024 230924 19188 58560 7416 4 1 0 4 1 434 744 171 114 64 2016 1011 335 0 150381
ROW 2 1024 230924 28631 37089 6505 4 1 0 4 1 453 782 196 121 64 2016 322 161 0 127217
ROW 2 1024 230924 15915 45393 6335 4 1 0 3 1 469 814 213 126 64 2016 389 68 0 123119
ROW 2 1024 230924 25019 32672 6484 6 1 4 3 1 452 786 213 122 59 1711 194 128 0 120264
ROW 2 1024 230924 28627 49930 6030 6 0 4 0 0 442 776 208 121 54 1431 305 0 0 114664
ROW 2 4096 230923 6149 46785 1494 4 1 0 4 1 331 568 147 92 49 1176 147 22 0 96520
PROOF 2 4096 230923 6149 46785 4 2 34228684 566729855434756 95751:2:74473,88398,25438,74494,88422,25441:81361/74473/88398/25441,81360/74494/88422/25438 100912:2:76941,87513,27201,76975,87514,27241:33984/76941/87513/27201,31923/76975/87514/27241
PROOF 2 4096 230923 6149 46785 4 2 33859400 569591311103796 95757:2:74551,88448,25435,74568,88480,25439:81358/74551/88448/25439,81357/74568/88480/25435 100909:2:76924,87462,27203,76965,87478,27244:33985/76924/87478/27203,31924/76965/87462/27244
ROW 2 4096 230923 104310 116428 1468 4 0 0 1 0 264 492 202 137 18 153 152 9 0 45435
ROW 2 4096 230923 22260 38211 1458 4 1 0 4 1 374 624 149 93 64 2016 1393 686 0 163636
PROOF 2 4096 230923 22260 38211 4 2 37603244 283814003778120 103595:2:71505,90046,27823,71562,90072,27823:9821/71505/90046/27823,9819/71562/90072/27823 105055:2:74318,88969,25396,74339,89000,25400:79194/74318/88969/25400,79193/74339/89000/25396
PROOF 2 4096 230923 22260 38211 4 2 36048976 248549141568692 103599:2:71483,90126,27913,71515,90152,27913:8013/71483/90126/27913,8012/71515/90152/27913 86995:2:74254,88914,25401,74277,88942,25404:79197/74254/88914/25404,79196/74277/88942/25401
ROW 2 4096 230923 24606 38950 1033 6 1 4 4 1 337 574 175 93 50 1225 278 224 0 108332
PROOF 2 4096 230923 24606 38950 3 2 11806912 32196983648208 43507:2:75423,74296,28123,75453,74297,28123:3071/75423/74296/28123,3072/75453/74297/28123 38773:2:73853,74998,25973,73857,75010,25974:84118/73857/74998/25973,84117/73853/75010/25974
PROOF 2 4096 230923 24606 38950 3 2 11183992 32460783396068 43510:2:75467,74268,28123,75486,74278,28123:3073/75467/74278/28123,3074/75486/74268/28123 38770:2:73812,75021,25971,73827,75040,25971:84116/73827/75021/25971,84115/73812/75040/25971
PROOF 2 4096 230923 24606 38950 4 2 11806912 32196983648208 43507:2:75423,74296,28123,75453,74297,28123:3071/75423/74296/28123,3072/75453/74297/28123 38773:2:73853,74998,25973,73857,75010,25974:84118/73857/74998/25973,84117/73853/75010/25974
PROOF 2 4096 230923 24606 38950 4 2 11183992 32460783396068 43510:2:75467,74268,28123,75486,74278,28123:3073/75467/74278/28123,3074/75486/74268/28123 38770:2:73812,75021,25971,73827,75040,25971:84116/73827/75021/25971,84115/73812/75040/25971
ROW 2 4096 230923 47537 62756 1243 4 1 0 4 1 417 710 202 116 64 2016 1494 920 0 184965
PROOF 2 4096 230923 47537 62756 4 2 6653616 4566047642404 33140:2:77361,73378,26208,77366,73397,26212:82139/77366/73378/26208,82138/77361/73397/26212 34869:2:78602,72950,27250,78616,72971,27252:41247/78602/72950/27250,41248/78616/72971/27252
PROOF 2 4096 230923 47537 62756 4 2 6646564 6900304244392 33214:2:77510,73451,26179,77526,73469,26182:84305/77526/73451/26179,84304/77510/73469/26182 34850:2:78567,72910,27156,78592,72925,27158:45533/78567/72910/27156,45534/78592/72925/27158
ROW 2 4096 230923 53985 58442 1076 4 1 0 3 1 377 662 238 123 46 1035 839 240 0 94737
PROOF 2 4096 230923 53985 58442 4 1 5585032 7066486100856 33213:1:77492,73482,26184,77492,73482,26184:84303/77492/73482/26184 32188:1:78538,72856,27195,78538,72856,27195:43388/78538/72856/27195
PROOF 2 4096 230923 53985 58442 4 1 5788024 8279178031764 33140:2:77361,73378,26208,77366,73397,26212:82139/77366/73378/26208,82138/77361/73397/26212 34851:1:78567,72910,27156,78567,72910,27156:45533/78567/72910/27156
PROOF 2 4096 230923 53985 58442 4 1 5619072 8736238933044 33156:2:77420,73499,26182,77447,73512,26187:84299/77420/73499/26182,84300/77447/73512/26187 32185:1:78544,72851,27151,78544,72851,27151:45532/78544/72851/27151
ROW 2 4096 230923 9807 29906 1043 6 0 0 0 0 306 516 127 90 50 1225 0 0 0 72685
ROW 2 4096 230923 9805 46781 1354 6 1 4 4 1 344 586 154 95 53 1378 241 31 0 98764
PROOF 2 4096 230923 9805 46781 3 2 31468044 468301085555508 95757:2:74551,88448,25435,74568,88480,25439:81358/74551/88448/25439,81357/74568/88480/25435 100912:2:76941,87513,27201,76975,87514,27241:33984/76941/87513/27201,31923/76975/87514/27241
PROOF 2 4096 230923 9805 46781 3 2 31081940 464724558867800 95762:2:74619,88486,25437,74638,88514,25440:81355/74619/88486/25440,81354/74638/88514/25437 100909:2:76924,87462,27203,76965,87478,27244:33985/76924/87478/27203,31924/76965/87462/27244
PROOF 2 4096 230923 9805 46781 4 2 31468044 468301085555508 95757:2:74551,88448,25435,74568,88480,25439:81358/74551/88448/25439,81357/74568/88480/25435 100912:2:76941,87513,27201,76975,87514,27241:33984/76941/87513/27201,31923/76975/87514/27241
PROOF 2 4096 230923 9805 46781 4 2 31081940 464724558867800 95762:2:74619,88486,25437,74638,88514,25440:81355/74619/88486/25440,81354/74638/88514/25437 100909:2:76924,87462,27203,76965,87478,27244:33985/76924/87478/27203,31924/76965/87462/27244
ROW 2 4096 230923 26063 38205 1221 4 1 0 4 1 365 608 169 92 63 1953 1008 410 0 130734
PROOF 2 4096 230923 26063 38205 4 2 31280112 173175377872136 103595:2:71505,90046,27823,71562,90072,27823:9821/71505/90046/27823,9819/71562/90072/27823 110258:2:74884,88999,25452,74924,89008,25458:79177/74884/89008/25452,79176/74924/88999/25458
PROOF 2 4096 230923 26063 38205 4 2 29710208 146613737831256 103599:2:71483,90126,27913,71515,90152,27913:8013/71483/90126/27913,8012/71515/90152/27913 110254:2:74720,89193,25398,74754,89201,25401:79179/74720/89193/25398,79178/74754/89201/25401
ROW 2 4096 230923 8437 10452 1497 6 0 4 0 0 339 564 169 100 57 1596 134 0 0 109725
ROW 2 4096 230923 1156 6748 1119 6 0 0 0 0 262 456 136 88 34 561 0 0 0 61164
ROW 2 4096 230923 113998 121290 1680 6 0 0 0 0 287 514 149 81 32 496 0 0 0 61545
ROW 2 4096 230923 9805 38218 1476 4 1 0 3 1 342 586 151 92 51 1275 305 23 0 119082
PROOF 2 4096 230923 9805 38218 4 2 13898152 6374413172744 103599:2:71483,90126,27913,71515,90152,27913:8013/71483/90126/27913,8012/71515/90152/27913 100912:2:76941,87513,27201,76975,87514,27241:33984/76941/87513/27201,31923/76975/87514/27241
PROOF 2 4096 230923 9805 38218 4 1 13492008 5986503072328 104609:1:71463,90257,27982,71463,90257,27982:6164/71463/90257/27982 100915:1:76943,87587,27195,76943,87587,27195:33983/76943/87587/27195
ROW 2 4096 230923 4918 17654 2802 6 0 0 0 0 382 668 182 125 48 1128 0 0 0 78777
ROW 2 4096 230923 16841 42488 1236 4 1 0 4 1 360 600 162 94 62 1891 682 262 0 124011
PROOF 2 4096 230923 16841 42488 4 2 31753316 335347860912948 103595:2:71505,90046,27823,71562,90072,27823:9821/71505/90046/27823,9819/71562/90072/27823 110258:2:74884,88999,25452,74924,89008,25458:79177/74884/89008/25452,79176/74924/88999/25458
PROOF 2 4096 230923 16841 42488 4 2 31114828 342884190231424 103599:2:71483,90126,27913,71515,90152,27913:8013/71483/90126/27913,8012/71515/90152/27913 110232:2:74393,89038,25393,74418,89060,25394:79191/74393/89038/25394,79190/74418/89060/25393
ROW 2 4096 230923 28630 64907 1185 6 1 4 4 1 400 676 165 97 64 2016 1021 967 0 236662
PROOF 2 4096 230923 28630 64907 3 2 6445200 3960919267220 33140:2:77361,73378,26208,77366,73397,26212:82139/77366/73378/26208,82138/77361/73397/26212 34869:2:78602,72950,27250,78616,72971,27252:41247/78602/72950/27250,41248/78616/72971/27252
PROOF 2 4096 230923 28630 64907 3 2 6123020 2869274279592 33137:2:77397,73331,26202,77417,73337,26202:82141/77397/73337/26202,82142/77417/73331/26202 34874:2:78587,72907,27329,78602,72929,27331:36975/78587/72907/27329,36976/78602/72929/27331
PROOF 2 4096 230923 28630 64907 4 2 6051276 1461065638116 33140:2:77361,73378,26208,77366,73397,26212:82139/77366/73378/26208,82138/77361/73397/26212 35015:2:78592,72924,27412,78614,72926,27413:32813/78592/72924/27412,32814/78614/72926/27413
PROOF 2 4096 230923 28630 64907 4 2 6201904 3094663775684 33198:2:77493,73314,26204,77515,73318,26205:82146/77493/73318/26204,82147/77515/73314/26205 34869:2:78602,72950,27250,78616,72971,27252:41247/78602/72950/27250,41248/78616/72971/27252
ROW 2 4096 230923 4896 75610 1001 4 0 0 1 0 325 570 173 105 42 861 38 1 0 72545
ROW 2 4096 230923 20476 31935 2252 4 1 0 3 1 332 564 183 106 52 1326 924 63 0 92443
PROOF 2 4096 230923 20476 31935 4 2 34462524 546659421214284 86657:2:73456,87440,25489,73464,87454,25491:81410/73456/87440/25491,81409/73464/87454/25489 84624:2:70299,88385,27515,70336,88393,27516:16903/70299/88393/27515,16902/70336/88385/27516
PROOF 2 4096 230923 20476 31935 4 1 37378464 540699068963700 86663:1:73543,87499,25493,73543,87499,25493:81406/73543/87499/25493 84628:1:70402,88375,27517,70402,88375,27517:16901/70402/88375/27517
ROW 2 4096 230923 10419 10600 2607 6 0 0 0 0 402 708 181 128 48 1128 0 0 0 81322
ROW 2 4096 230923 12335 71250 1187 6 1 4 4 1 431 742 221 103 62 1891 892 809 0 235830
PROOF 2 4096 230923 12335 71250 3 2 6161016 1557178283960 33140:2:77361,73378,26208,77366,73397,26212:82139/77366/73378/26208,82138/77361/73397/26212 31502:2:76012,74071,27399,76022,74125,27402:34741/76012/74071/27399,34740/76022/74125/27402
PROOF 2 4096 230923 12335 71250 3 2 6195164 2179700558132 33109:2:77207,73362,26192,77210,73395,26199:82132/77207/73362/26192,82131/77210/73395/26199 46054:2:76104,74239,27287,76108,74263,27290:41109/76104/74239/27287,41108/76108/74263/27290
PROOF 2 4096 230923 12335 71250 4 2 6161016 1557178283960 33140:2:77361,73378,26208,77366,73397,26212:82139/77366/73378/26208,82138/77361/73397/26212 31502:2:76012,74071,27399,76022,74125,27402:34741/76012/74071/27399,34740/76022/74125/27402
PROOF 2 4096 230923 12335 71250 4 2 6195164 2179700558132 33109:2:77207,73362,26192,77210,73395,26199:82132/77207/73362/26192,82131/77210/73395/26199 46054:2:76104,74239,27287,76108,74263,27290:41109/76104/74239/27287,41108/76108/74263/27290
ROW 2 4096 230923 24998 58299 5460 4 1 0 4 1 445 766 177 116 64 2016 1520 747 0 176149
PROOF 2 4096 230923 24998 58299 4 2 22735788 157881789923016 35340:2:78624,73060,27928,78646,73064,27928:10544/78624/73064/27928,10545/78646/73060/27928 53327:2:78200,74645,26115,78208,74648,26115:98745/78200/74648/26115,98746/78208/74645/26115
PROOF 2 4096 230923 24998 58299 4 2 14403412 24896185875432 51361:2:78049,74473,26121,78064,74484,26122:96702/78049/74484/26122,96703/78064/74473/26121 46311:2:76064,74275,27532,76072,74283,27532:28627/76064/74283/27532,28628/76072/74275/27532
ROW 2 4096 230923 15905 30634 4555 4 0 0 0 0 461 796 205 127 63 1953 2 0 0 140192
ROW 2 4096 230923 10601 51832 5552 6 1 4 4 1 492 860 183 116 64 2016 879 419 0 199201
PROOF 2 4096 230923 10601 51832 3 2 22296540 233262500934472 35340:2:78624,73060,27928,78646,73064,27928:10544/78624/73064/27928,10545/78646/73060/27928 51377:2:78021,74675,26107,78040,74678,26110:98734/78021/74675/26107,98735/78040/74678/26110
PROOF 2 4096 230923 10601 51832 3 2 21979184 240082642863284 35319:2:78586,73031,27928,78610,73048,27928:10542/78586/73031/27928,10543/78610/73048/27928 53567:2:78336,74771,26107,78356,74780,26112:100729/78336/74771/26107,100730/78356/74780/26112
PROOF 2 4096 230923 10601 51832 4 2 14584644 61780652803688 53304:2:78152,74457,26125,78160,74458,26125:96708/78152/74458/26125,96709/78160/74457/26125 46311:2:76064,74275,27532,76072,74283,27532:28627/76064/74283/27532,28628/76072/74275/27532
PROOF 2 4096 230923 10601 51832 4 2 14175120 61511193820232 53280:2:78237,74320,26135,78252,74329,26136:94636/78237/74329/26136,94637/78252/74320/26135 46451:2:76036,74354,27534,76064,74356,27535:28624/76036/74354/27534,28625/76064/74356/27535
ROW 2 4096 230923 10421 37075 3822 6 0 0 0 0 471 820 211 127 61 1830 0 0 0 111918
ROW 2 4096 230923 15710 49931 5764 6 0 4 2 0 465 806 191 123 64 2016 278 37 0 135593
ROW 2 4096 230923 15712 19410 3435 6 0 0 0 0 446 772 203 126 60 1770 0 0 0 103794
ROW 2 4096 230923 6773 54237 5520 6 1 4 3 1 470 816 193 125 64 2016 237 54 0 133279
PROOF 2 4096 230923 6773 54237 3 2 12011388 63011853845380 53365:2:78366,74613,26118,78384,74616,26121:98756/78366/74613/26118,98757/78384/74616/26121 140979:2:80447,75265,27941,80459,75283,27941:8784/80447/75265/27941,8785/80459/75283/27941
PROOF 2 4096 230923 6773 54237 3 2 11794640 79968577506516 53692:2:78519,74983,26130,78532,74992,26132:102728/78519/74992/26132,102729/78532/74983/26130 140957:2:80469,75241,27792,80477,75245,27825:17664/80477/75241/27792,15910/80469/75245/27825
PROOF 2 4096 230923 6773 54237 4 2 12011388 63011853845380 53365:2:78366,74613,26118,78384,74616,26121:98756/78366/74613/26118,98757/78384/74616/26121 140979:2:80447,75265,27941,80459,75283,27941:8784/80447/75265/27941,8785/80459/75283/27941
PROOF 2 4096 230923 6773 54237 4 1 12270724 65269759368036 53474:1:78397,74455,26143,78397,74455,26143:96723/78397/74455/26143 141231:1:80425,75376,27907,80425,75376,27907:10604/80425/75376/27907
ROW 2 4096 230923 17657 20999 4150 6 0 0 0 0 472 820 203 124 64 2016 0 0 0 116728
ROW 2 4096 230923 15909 45393 5834 4 0 0 3 1 492 860 228 128 62 1891 279 64 0 138659
PROOF 2 4096 230923 15909 45393 4 2 12748720 34723701456728 53351:2:78244,74648,26119,78262,74648,26121:98748/78244/74648/26119,98749/78262/74648/26121 46970:2:76082,74333,27942,76093,74354,27942:10419/76093/74333/27942,10418/76082/74354/27942
PROOF 2 4096 230923 15909 45393 4 1 12851540 34088130166664 53330:1:78229,74657,26120,78229,74657,26120:98747/78229/74657/26120 46867:1:76094,74297,27942,76094,74297,27942:10420/76094/74297/27942
ROW 2 4096 230923 1239 25008 3816 6 0 0 0 0 417 728 203 128 53 1378 0 0 0 90499
ROW 2 4096 230923 28625 45642 5810 6 0 4 1 0 400 702 184 120 49 1176 104 32 0 89777
ROW 2 4096 230923 28627 54232 5796 4 1 0 3 1 451 788 213 121 57 1596 938 94 0 127788
PROOF 2 4096 230923 28627 54232 4 1 13594448 30081621061800 53474:1:78397,74455,26143,78397,74455,26143:96723/78397/74455/26143 140813:1:80371,75036,27909,80371,75036,27909:10601/80371/75036/27909
PROOF 2 4096 230923 28627 54232 4 1 13457888 74132443046088 53396:1:78422,74369,26161,78422,74369,26161:94646/78422/74369/26161 140712:1:80435,75033,27550,80435,75033,27550:32917/80435/75033/27550
PROOF 2 4096 230923 28627 54232 4 1 13430272 83999441479968 53353:1:78262,74648,26121,78262,74648,26121:98749/78262/74648/26121 140496:1:80442,75028,27493,80442,75028,27493:37080/80442/75028/27493
ROW 2 4096 230923 19411 24769 3952 6 0 0 0 0 446 782 205 128 55 1485 0 0 0 97441
ROW 2 4096 230923 4920 67164 5325 6 1 4 4 1 456 788 176 122 64 2016 1024 734 0 242061
PROOF 2 4096 230923 4920 67164 3 2 23860228 195013935081076 35340:2:78624,73060,27928,78646,73064,27928:10544/78624/73064/27928,10545/78646/73060/27928 53351:2:78244,74648,26119,78262,74648,26121:98748/78244/74648/26119,98749/78262/74648/26121
PROOF 2 4096 230923 4920 67164 3 2 23469876 197828160292484 35346:2:78687,73051,27928,78714,73081,27928:10547/78687/73051/27928,10548/78714/73081/27928 53327:2:78200,74645,26115,78208,74648,26115:98745/78200/74648/26115,98746/78208/74645/26115
PROOF 2 4096 230923 4920 67164 4 2 23860228 195013935081076 35340:2:78624,73060,27928,78646,73064,27928:10544/78624/73064/27928,10545/78646/73060/27928 53351:2:78244,74648,26119,78262,74648,26121:98748/78244/74648/26119,98749/78262/74648/26121
PROOF 2 4096 230923 4920 67164 4 2 14441680 23857178937236 53389:2:78398,74333,26151,78422,74347,26153:94645/78398/74347/26153,94647/78422/74333/26151 140673:2:80361,74759,27725,80377,74760,27726:21233/80361/74759/27726,21234/80377/74760/27725
ROW 2 4096 230923 15707 25014 5324 4 0 0 0 0 416 718 185 128 57 1596 0 0 0 97231
ROW 2 4096 230923 36829 41350 5771 4 0 0 1 0 407 716 189 122 49 1176 205 32 0 103784
ROW 2 4096 230923 1231 10610 4020 4 0 0 0 0 372 646 186 125 49 1176 0 0 0 77685
ROW 2 4096 230923 25010 36832 5816 6 0 4 2 0 445 784 209 129 53 1378 103 64 0 102702
ROW 2 4096 230923 20994 21249 5760 6 0 0 0 0 418 710 185 127 63 1953 0 0 0 107240
ROW 2 4096 230923 4917 23115 4130 4 0 0 0 0 420 734 191 129 53 1378 0 0 0 89737
ROW 2 4096 230923 20999 41360 6300 6 0 4 1 0 463 802 206 126 62 1891 296 17 0 130333
ROW 2 4096 230923 24772 41360 6325 6 1 4 3 1 441 766 206 128 58 1653 364 55 0 124944
PROOF 2 4096 230923 24772 41360 3 2 14071008 102291359099424 53351:2:78244,74648,26119,78262,74648,26121:98748/78244/74648/26119,98749/78262/74648/26121 46970:2:76082,74333,27942,76093,74354,27942:10419/76093/74333/27942,10418/76082/74354/27942
PROOF 2 4096 230923 24772 41360 3 2 13770884 101150114982624 53736:2:78454,75019,26137,78493,75026,26138:102723/78454/75026/26137,102726/78493/75019/26138 46864:2:76089,74242,27942,76095,74253,27942:10422/76095/74242/27942,10421/76089/74253/27942
PROOF 2 4096 230923 24772 41360 4 1 14004996 82324493854544 53736:2:78454,75019,26137,78493,75026,26138:102723/78454/75026/26137,102726/78493/75019/26138 141237:1:80441,75459,27907,80441,75459,27907:10606/80441/75459/27907
PROOF 2 4096 230923 24772 41360 4 1 13426220 87260124521184 53330:1:78229,74657,26120,78229,74657,26120:98747/78229/74657/26120 46874:1:76064,74320,28025,76064,74320,28025:6770/76064/74320/28025
PROOF 2 4096 230923 24772 41360 4 1 13381988 87653866529232 53351:2:78244,74648,26119,78262,74648,26121:98748/78244/74648/26119,98749/78262/74648/26121 46871:1:76069,74292,28025,76069,74292,28025:6771/76069/74292/28025
ROW 2 4096 230923 36836 37097 7107 4 1 0 4 1 441 762 206 111 60 1770 888 158 0 119904
PROOF 2 4096 230923 36836 37097 4 2 16202448 84489268805392 53736:2:78454,75019,26137,78493,75026,26138:102723/78454/75026/26137,102726/78493/75019/26138 141284:2:80481,75782,27905,80482,75810,27905:10611/80481/75782/27905,10612/80482/75810/27905
PROOF 2 4096 230923 36836 37097 4 2 15633272 86004710120000 53732:2:78404,75015,26129,78419,75016,26130:102720/78404/75016/26129,102721/78419/75015/26130 141289:2:80491,75834,27905,80503,75840,27905:10613/80491/75834/27905,10614/80503/75840/27905
ROW 2 4096 230923 30634 62867 6895 4 1 0 4 1 439 754 185 119 64 2016 1306 476 0 156833
PROOF 2 4096 230923 30634 62867 4 2 15416776 21889862065236 53351:2:78244,74648,26119,78262,74648,26121:98748/78244/74648/26119,98749/78262/74648/26121 141235:2:80432,75430,27907,80441,75459,27907:10605/80432/75430/27907,10606/80441/75459/27907
PROOF 2 4096 230923 30634 62867 4 2 15783672 72475246844836 53736:2:78454,75019,26137,78493,75026,26138:102723/78454/75026/26137,102726/78493/75019/26138 141061:2:80494,75376,27465,80506,75394,27466:41358/80494/75376/27465,41359/80506/75394/27466
ROW 2 4096 230923 26928 41104 6321 6 0 1 0 0 394 686 179 120 51 1275 32 0 0 87142
ROW 2 4096 230923 22875 54243 6809 4 1 0 4 1 446 768 195 115 64 2016 665 334 0 139872
PROOF 2 4096 230923 22875 54243 4 2 14611148 83991169346880 53736:2:78454,75019,26137,78493,75026,26138:102723/78454/75026/26137,102726/78493/75019/26138 46869:2:76068,74271,28025,76069,74292,28025:6772/76068/74271/28025,6771/76069/74292/28025
PROOF 2 4096 230923 22875 54243 4 2 15476716 100210132523276 53351:2:78244,74648,26119,78262,74648,26121:98748/78244/74648/26119,98749/78262/74648/26121 46970:2:76082,74333,27942,76093,74354,27942:10419/76093/74333/27942,10418/76082/74354/27942
ROW 2 4096 230923 10906 15916 6413 4 0 0 1 0 314 532 144 99 50 1225 711 1 0 83926
ROW 2 4096 230923 3600 21259 6399 4 0 0 0 0 303 522 140 108 42 861 71 0 0 64320
ROW 2 4096 230923 28624 32929 6209 6 0 3 0 0 426 750 195 126 51 1275 96 0 0 93345
ROW 2 4096 230923 20994 25017 6219 6 0 1 0 0 441 756 201 129 63 1953 7 0 0 112049
ROW 2 4096 230923 26683 28881 6151 6 0 4 0 0 451 784 214 129 59 1711 222 0 0 127609
ROW 2 4096 230923 28622 58559 7043 4 1 0 4 1 437 758 203 118 58 1653 944 448 0 134180
PROOF 2 4096 230923 28622 58559 4 2 15907564 36381208412716 53736:2:78454,75019,26137,78493,75026,26138:102723/78454/75026/26137,102726/78493/75019/26138 141284:2:80481,75782,27905,80482,75810,27905:10611/80481/75782/27905,10612/80482/75810/27905
PROOF 2 4096 230923 28622 58559 4 2 20637932 160555113669924 140412:2:80377,74831,27385,80384,74835,27385:43490/80377/74831/27385,43491/80384/74835/27385 53631:2:78217,75199,26123,78237,75208,26128:104690/78217/75199/26123,104691/78237/75208/26128
ROW 2 4096 230923 10414 62866 6287 6 1 4 4 1 431 738 168 121 64 2016 512 263 0 158045
PROOF 2 4096 230923 10414 62866 3 2 14353204 41344762553220 53736:2:78454,75019,26137,78493,75026,26138:102723/78454/75026/26137,102726/78493/75019/26138 141235:2:80432,75430,27907,80441,75459,27907:10605/80432/75430/27907,10606/80441/75459/27907
PROOF 2 4096 230923 10414 62866 3 2 13762244 66055965072036 53692:2:78519,74983,26130,78532,74992,26132:102728/78519/74992/26132,102729/78532/74983/26130 141143:2:80498,75377,27685,80506,75392,27713:25013/80498/75377/27685,23118/80506/75392/27713
PROOF 2 4096 230923 10414 62866 4 2 14353204 41344762553220 53736:2:78454,75019,26137,78493,75026,26138:102723/78454/75026/26137,102726/78493/75019/26138 141235:2:80432,75430,27907,80441,75459,27907:10605/80432/75430/27907,10606/80441/75459/27907
PROOF 2 4096 230923 10414 62866 4 2 13762244 66055965072036 53692:2:78519,74983,26130,78532,74992,26132:102728/78519/74992/26132,102729/78532/74983/26130 141143:2:80498,75377,27685,80506,75392,27713:25013/80498/75377/27685,23118/80506/75392/27713
ROW 2 4096 230923 1755 37092 6720 4 1 0 4 1 340 558 132 94 63 1953 1505 360 0 136655
PROOF 2 4096 230923 1755 37092 4 2 26543348 283068998470964 146142:2:83419,75789,26138,83432,75799,26138:97007/83419/75789/26138,97008/83432/75799/26138 141853:2:80564,75748,27830,80577,75748,27830:15924/80564/75748/27830,15925/80577/75748/27830
PROOF 2 4096 230923 1755 37092 4 2 26490440 303174793412568 146135:2:83383,75766,26139,83398,75774,26141:97004/83383/75766/26141,97005/83398/75774/26139 141827:2:80566,75737,27778,80576,75753,27778:19435/80566/75737/27778,19436/80576/75753/27778
ROW 2 4096 230923 20996 37091 6539 4 0 0 0 0 467 810 213 124 64 2016 298 0 0 120755
ROW 2 4096 230923 10906 25010 6827 4 1 0 4 1 301 502 117 87 52 1326 1142 461 0 113882
PROOF 2 4096 230923 10906 25010 4 2 29427432 313807339600516 146096:2:83460,75667,26143,83469,75670,26144:94967/83460/75667/26144,94968/83469/75670/26143 141843:2:80561,75659,27884,80573,75665,27885:12399/80561/75659/27885,12400/80573/75665/27884
PROOF 2 4096 230923 10906 25010 4 2 29618804 347347377894680 146161:2:83499,75690,26141,83513,75700,26141:94970/83499/75690/26141,94971/83513/75700/26141 141853:2:80564,75748,27830,80577,75748,27830:15924/80564/75748/27830,15925/80577/75748/27830
ROW 2 4096 230923 25024 32675 7024 6 1 4 4 1 467 810 187 118 64 2016 517 238 0 163204
PROOF 2 4096 230923 25024 32675 3 2 20032404 166403098047560 140801:2:80351,74944,27910,80391,74963,27945:10599/80351/74944/27910,8778/80391/74963/27945 53651:2:78250,75189,26125,78263,75199,26127:104692/78250/75199/26127,104693/78263/75189/26125
PROOF 2 4096 230923 25024 32675 3 2 19830432 169366188777784 140809:2:80360,74978,27909,80404,74997,27945:10600/80360/74997/27909,8779/80404/74978/27945 53655:2:78281,75166,26121,78311,75172,26122:104695/78281/75172/26121,104697/78311/75166/26122
PROOF 2 4096 230923 25024 32675 4 2 15937596 84950118225860 53736:2:78454,75019,26137,78493,75026,26138:102723/78454/75026/26137,102726/78493/75019/26138 46970:2:76082,74333,27942,76093,74354,27942:10419/76093/74333/27942,10418/76082/74354/27942
PROOF 2 4096 230923 25024 32675 4 2 15540592 83986877465036 53732:2:78404,75015,26129,78419,75016,26130:102720/78404/75016/26129,102721/78419/75015/26130 46864:2:76089,74242,27942,76095,74253,27942:10422/76095/74242/27942,10421/76089/74253/27942
ROW 2 4096 230923 17439 32931 6202 6 0 1 0 0 419 714 172 123 64 2016 16 0 0 112480
ROW 2 4096 230923 10906 17658 6978 4 1 0 4 1 290 484 130 93 50 1225 1073 380 0 102522
PROOF 2 4096 230923 10906 17658 4 2 31785936 401535094986432 146061:2:83339,75402,26164,83363,75403,26168:92887/83339/75403/26168,92888/83363/75402/26164 141843:2:80561,75659,27884,80573,75665,27885:12399/80561/75659/27885,12400/80573/75665/27884
PROOF 2 4096 230923 10906 17658 4 2 31583816 405815122984036 146075:2:83458,75469,26160,83463,75478,26161:92895/83458/75469/26160,92896/83463/75478/26161 141839:2:80548,75614,27885,80552,75635,27885:12397/80548/75614/27885,12398/80552/75635/27885
ROW 2 4096 230923 41105 43501 6220 4 0 0 0 0 381 666 174 121 48 1128 595 0 0 82965
ROW 2 4096 230924 6610 66901 1350 4 1 0 4 1 353 582 155 88 64 2016 1024 978 0 180637
PROOF 2 4096 230924 6610 66901 4 2 14751728 216954769556 43507:2:75423,74296,28123,75453,74297,28123:3071/75423/74296/28123,3072/75453/74297/28123 38770:2:73812,75021,25971,73827,75040,25971:84116/73827/75021/25971,84115/73812/75040/25971
PROOF 2 4096 230924 6610 66901 4 2 14144600 252169351632 43499:2:75435,74250,28088,75491,74286,28090:4893/75435/74250/28090,4894/75491/74286/28088 38773:2:73853,74998,25973,73857,75010,25974:84118/73857/74998/25973,84117/73853/75010/25974
ROW 2 4096 230924 49833 80141 1014 4 1 0 4 1 394 704 266 164 42 861 812 287 0 96390
PROOF 2 4096 230924 49833 80141 4 2 4027796 4767616945256 132001:2:79692,73744,26207,79711,73744,26207:88543/79692/73744/26207,88544/79711/73744/26207 35003:2:78874,72989,27256,78882,73003,27257:41261/78882/72989/27256,41260/78874/73003/27257
PROOF 2 4096 230924 49833 80141 4 2 3844272 4501092372500 132041:2:79688,73928,26189,79734,73929,26189:90590/79688/73929/26189,90593/79734/73928/26189 35006:2:78903,72958,27254,78922,72981,27256:41263/78922/72958/27254,41262/78903/72981/27256
ROW 2 4096 230924 2930 19191 1463 4 1 0 4 1 336 548 155 96 64 2016 381 118 0 120976
PROOF 2 4096 230924 2930 19191 4 2 41361116 725664707702752 28478:2:71832,71981,25841,71836,72002,25843:69011/71836/71981/25841,69010/71832/72002/25843 27933:2:73161,69418,27750,73215,69477,27750:15720/73215/69418/27750,15718/73161/69477/27750
PROOF 2 4096 230924 2930 19191 4 2 33838780 492695874277584 28641:2:72273,71938,25890,72306,71952,25893:69021/72273/71952/25890,69022/72306/71938/25893 18195:2:72631,68914,27969,72646,68965,27969:10424/72646/68914/27969,10423/72631/68965/27969
ROW 2 4096 230924 37074 67075 1177 6 1 4 4 1 456 788 210 141 64 2016 1024 1023 0 242122
PROOF 2 4096 230924 37074 67075 3 2 4952904 591869488320 131895:2:79470,73626,26240,79519,73627,26241:86470/79470/73627/26240,86473/79519/73626/26241 35003:2:78874,72989,27256,78882,73003,27257:41261/78882/72989/27256,41260/78874/73003/27257
PROOF 2 4096 230924 37074 67075 3 2 4868308 455430962096 131873:2:79414,73635,26243,79432,73646,26245:86467/79414/73646/26245,86468/79432/73635/26243 35006:2:78903,72958,27254,78922,72981,27256:41263/78922/72958/27254,41262/78903/72981/27256
PROOF 2 4096 230924 37074 67075 4 2 4952904 591869488320 131895:2:79470,73626,26240,79519,73627,26241:86470/79470/73627/26240,86473/79519/73626/26241 35003:2:78874,72989,27256,78882,73003,27257:41261/78882/72989/27256,41260/78874/73003/27257
PROOF 2 4096 230924 37074 67075 4 2 4868308 455430962096 131873:2:79414,73635,26243,79432,73646,26245:86467/79414/73646/26245,86468/79432/73635/26243 35006:2:78903,72958,27254,78922,72981,27256:41263/78922/72958/27254,41262/78903/72981/27256
ROW 2 4096 230924 113994 123241 1068 4 1 0 3 1 277 490 174 126 34 561 65 65 0 63218
PROOF 2 4096 230924 113994 123241 4 2 16488500 11084582227008 148860:2:83056,78115,25979,83064,78124,25981:123342/83056/78115/25981,123343/83064/78124/25979 142661:2:81188,78811,26916,81213,78822,26929:122195/81188/78822/26929,122196/81213/78811/26916
PROOF 2 4096 230924 113994 123241 4 1 16638260 6757987409216 148364:1:82666,77640,26067,82666,77640,26067:122193/82666/77640/26067 142664:1:81202,78957,26951,81202,78957,26951:122197/81202/78957/26951
ROW 2 4096 230924 9669 26148 2967 4 1 0 4 1 304 510 122 84 51 1275 994 174 0 96500
PROOF 2 4096 230924 9669 26148 4 2 58109912 1263453212448448 86771:2:73739,87668,25487,73770,87702,25489:81397/73739/87668/25489,81395/73770/87702/25487 103595:2:71505,90046,27823,71562,90072,27823:9821/71505/90046/27823,9819/71562/90072/27823
PROOF 2 4096 230924 9669 26148 4 2 55971508 1274673354725720 86677:2:73713,87652,25482,73734,87700,25489:81398/73713/87652/25489,81396/73734/87700/25482 103599:2:71483,90126,27913,71515,90152,27913:8013/71483/90126/27913,8012/71515/90152/27913
ROW 2 4096 230924 9802 46783 1429 4 1 0 3 1 345 592 166 92 51 1275 146 44 0 100778
PROOF 2 4096 230924 9802 46783 4 2 33064740 490226167880500 95757:2:74551,88448,25435,74568,88480,25439:81358/74551/88448/25439,81357/74568/88480/25435 100912:2:76941,87513,27201,76975,87514,27241:33984/76941/87513/27201,31923/76975/87514/27241
PROOF 2 4096 230924 9802 46783 4 1 33504068 457914004062264 103599:2:71483,90126,27913,71515,90152,27913:8013/71483/90126/27913,8012/71515/90152/27913 110299:1:75172,88980,25567,75172,88980,25567:77005/75172/88980/25567
ROW 2 4096 230924 10549 96766 1203 4 0 0 0 0 340 612 208 112 34 561 35 0 0 57798
ROW 2 4096 230924 113995 121272 1695 4 0 0 0 0 283 506 149 84 32 496 1 0 0 52248
ROW 2 4096 230924 36834 62754 1149 4 1 0 4 1 404 684 181 102 64 2016 924 722 0 163835
PROOF 2 4096 230924 36834 62754 4 2 5611804 2901117772484 33140:2:77361,73378,26208,77366,73397,26212:82139/77366/73378/26208,82138/77361/73397/26212 35015:2:78592,72924,27412,78614,72926,27413:32813/78592/72924/27412,32814/78614/72926/27413
PROOF 2 4096 230924 36834 62754 4 2 5739724 4598034066792 33156:2:77420,73499,26182,77447,73512,26187:84299/77420/73499/26182,84300/77447/73512/26187 34874:2:78587,72907,27329,78602,72929,27331:36975/78587/72907/27329,36976/78602/72929/27331
ROW 2 4096 230924 122196 122907 1452 4 1 0 4 1 333 602 228 125 32 496 135 128 0 67476
PROOF 2 4096 230924 122196 122907 4 2 16796692 13456913357524 139296:2:79684,76182,26066,79689,76184,26067:123063/79684/76184/26067,123064/79689/76182/26066 57182:2:78856,78401,27069,78870,78409,27070:116428/78856/78409/27069,116431/78870/78401/27070
PROOF 2 4096 230924 122196 122907 4 2 15852812 16027385691340 139293:2:79661,76181,26065,79673,76184,26067:123061/79661/76181/26065,123062/79673/76184/26067 57185:2:78914,78486,27109,78960,78548,27141:116429/78914/78486/27109,116430/78960/78548/27141
ROW 2 4096 230924 14977 16901 1990 2 1 4 0 1 305 514 125 91 50 1225 378 113 0 138027
PROOF 2 4096 230924 14977 16901 3 2 50393256 935096524207664 86943:2:74291,88217,25450,74293,88243,25455:81370/74291/88217/25455,81369/74293/88243/25450 103595:2:71505,90046,27823,71562,90072,27823:9821/71505/90046/27823,9819/71562/90072/27823
PROOF 2 4096 230924 14977 16901 3 2 48896904 965964228742576 86843:2:73578,88280,25440,73600,88304,25442:79227/73578/88280/25442,79226/73600/88304/25440 103599:2:71483,90126,27913,71515,90152,27913:8013/71483/90126/27913,8012/71515/90152/27913
ROW 2 4096 230924 41345 71407 1027 4 1 0 4 1 500 888 322 152 56 1540 872 768 0 161691
PROOF 2 4096 230924 41345 71407 4 2 4171084 10797057968 132001:2:79692,73744,26207,79711,73744,26207:88543/79692/73744/26207,88544/79711/73744/26207 35003:2:78874,72989,27256,78882,73003,27257:41261/78882/72989/27256,41260/78874/73003/27257
PROOF 2 4096 230924 41345 71407 4 2 4105396 43971221704 131997:2:79654,73729,26203,79673,73753,26209:88542/79673/73729/26203,88541/79654/73753/26209 35006:2:78903,72958,27254,78922,72981,27256:41263/78922/72958/27254,41262/78903/72981/27256
ROW 2 4096 230924 34721 47371 1256 4 1 0 3 1 297 514 172 93 40 780 751 169 0 74780
PROOF 2 4096 230924 34721 47371 4 2 12071276 69917311059716 38747:2:73549,74923,25973,73563,74944,25973:81952/73563/74923/25973,81951/73549/74944/25973 37995:2:71727,75610,27080,71754,75629,27081:40938/71727/75629/27080,40939/71754/75610/27081
PROOF 2 4096 230924 34721 47371 4 1 12427840 13258867573448 43508:1:75423,74296,28123,75423,74296,28123:3071/75423/74296/28123 38830:1:73802,75063,25972,73802,75063,25972:84114/73802/75063/25972
ROW 2 4096 230924 26664 53814 1302 4 1 0 4 1 311 540 179 100 41 820 784 241 0 82805
PROOF 2 4096 230924 26664 53814 4 2 12286616 23786669279816 43507:2:75423,74296,28123,75453,74297,28123:3071/75423/74296/28123,3072/75453/74297/28123 38820:2:73693,75131,25964,73711,75148,25965:84108/73693/75148/25964,84109/73711/75131/25965
PROOF 2 4096 230924 26664 53814 4 2 12321448 48288551568500 38744:2:73513,74954,25970,73521,74964,25970:81950/73521/74954/25970,81949/73513/74964/25970 37995:2:71727,75610,27080,71754,75629,27081:40938/71727/75629/27080,40939/71754/75610/27081
ROW 2 4096 230924 16903 44649 2572 4 1 0 4 1 327 560 150 96 49 1176 1028 393 0 111408
PROOF 2 4096 230924 16903 44649 4 2 36730472 473129456257764 86613:2:73643,87093,25506,73665,87112,25506:83578/73643/87093/25506,83577/73665/87112/25506 98093:2:76849,86733,27251,76871,86741,27251:33999/76849/86733/27251,33998/76871/86741/27251
PROOF 2 4096 230924 16903 44649 4 2 36260328 465358838389764 86749:2:73759,87205,25502,73782,87222,25502:83572/73759/87205/25502,83571/73782/87222/25502 98006:2:76833,86581,27261,76856,86583,27261:34002/76833/86581/27261,34001/76856/86583/27261
ROW 2 4096 230924 393 2407 1894 4 1 0 3 1 302 526 170 113 39 741 634 53 0 111998
PROOF 2 4096 230924 393 2407 4 2 134156240 8214911957081764 114220:2:77260,96422,24914,77315,96439,24919:66090/77260/96439/24914,66089/77315/96422/24919 110181:2:71652,96646,28420,71718,96651,28421:542/71652/96651/28421,541/71718/96646/28420
PROOF 2 4096 230924 393 2407 4 1 130711152 7671974734133848 114120:1:77733,95951,25006,77733,95951,25006:66082/77733/95951/25006 109919:1:71570,97114,28436,71570,97114,28436:540/71570/97114/28436
ROW 2 4096 230924 8778 10420 2641 6 0 0 0 0 401 704 202 126 49 1176 0 0 0 82283
ROW 2 4096 230924 20842 45376 1159 6 1 4 4 1 343 576 149 91 55 1485 430 300 0 133269
PROOF 2 4096 230924 20842 45376 3 2 12909520 24453592164944 43507:2:75423,74296,28123,75453,74297,28123:3071/75423/74296/28123,3072/75453/74297/28123 38773:2:73853,74998,25973,73857,75010,25974:84118/73857/74998/25973,84117/73853/75010/25974
PROOF 2 4096 230924 20842 45376 3 2 12286948 24727119795732 43510:2:75467,74268,28123,75486,74278,28123:3073/75467/74278/28123,3074/75486/74268/28123 38770:2:73812,75021,25971,73827,75040,25971:84116/73827/75021/25971,84115/73812/75040/25971
PROOF 2 4096 230924 20842 45376 4 2 12909520 24453592164944 43507:2:75423,74296,28123,75453,74297,28123:3071/75423/74296/28123,3072/75453/74297/28123 38773:2:73853,74998,25973,73857,75010,25974:84118/73857/74998/25973,84117/73853/75010/25974
PROOF 2 4096 230924 20842 45376 4 2 12286948 24727119795732 43510:2:75467,74268,28123,75486,74278,28123:3073/75467/74278/28123,3074/75486/74268/28123 38770:2:73812,75021,25971,73827,75040,25971:84116/73827/75021/25971,84115/73812/75040/25971
ROW 2 4096 230924 15112 46776 1238 4 1 0 4 1 344 570 152 97 61 1830 420 153 0 128840
PROOF 2 4096 230924 15112 46776 4 2 32598040 386611365876004 103595:2:71505,90046,27823,71562,90072,27823:9821/71505/90046/27823,9819/71562/90072/27823 110258:2:74884,88999,25452,74924,89008,25458:79177/74884/89008/25452,79176/74924/88999/25458
PROOF 2 4096 230924 15112 46776 4 2 30740064 339889301335696 103599:2:71483,90126,27913,71515,90152,27913:8013/71483/90126/27913,8012/71515/90152/27913 110261:2:74905,89051,25440,74952,89076,25450:79175/74905/89076/25440,79174/74952/89051/25450
ROW 2 4096 230924 6770 21242 3526 6 0 0 0 0 408 712 177 128 52 1326 0 0 0 88576
ROW 2 4096 230924 19416 47537 5678 4 1 0 4 1 465 806 176 117 64 2016 874 207 0 136174
PROOF 2 4096 230924 19416 47537 4 2 14102424 70616695883736 53304:2:78152,74457,26125,78160,74458,26125:96708/78152/74458/26125,96709/78160/74457/26125 46311:2:76064,74275,27532,76072,74283,27532:28627/76064/74283/27532,28628/76072/74275/27532
PROOF 2 4096 230924 19416 47537 4 2 13786524 72150067804420 53335:2:78245,74433,26125,78256,74440,26128:96714/78245/74433/26125,96715/78256/74440/26128 46451:2:76036,74354,27534,76064,74356,27535:28624/76036/74354/27534,28625/76064/74356/27535
ROW 2 4096 230924 25006 26681 4899 6 0 1 0 0 461 808 215 129 57 1596 7 0 0 134000
ROW 2 4096 230924 12225 52073 4871 6 1 4 4 1 474 824 181 120 64 2016 943 294 0 234017
PROOF 2 4096 230924 12225 52073 3 2 24719840 215977672350100 35340:2:78624,73060,27928,78646,73064,27928:10544/78624/73064/27928,10545/78646/73060/27928 53304:2:78152,74457,26125,78160,74458,26125:96708/78152/74458/26125,96709/78160/74457/26125
PROOF 2 4096 230924 12225 52073 3 2 24565136 226809070800292 35319:2:78586,73031,27928,78610,73048,27928:10542/78586/73031/27928,10543/78610/73048/27928 53343:2:78327,74435,26131,78348,74441,26135:96719/78327/74435/26131,96720/78348/74441/26135
PROOF 2 4096 230924 12225 52073 4 2 24719840 215977672350100 35340:2:78624,73060,27928,78646,73064,27928:10544/78624/73064/27928,10545/78646/73060/27928 53304:2:78152,74457,26125,78160,74458,26125:96708/78152/74458/26125,96709/78160/74457/26125
PROOF 2 4096 230924 12225 52073 4 2 24565136 226809070800292 35319:2:78586,73031,27928,78610,73048,27928:10542/78586/73031/27928,10543/78610/73048/27928 53343:2:78327,74435,26131,78348,74441,26135:96719/78327/74435/26131,96720/78348/74441/26135
ROW 2 4096 230924 17674 26679 5996 4 0 0 0 0 407 700 190 123 57 1596 8 0 0 95789
ROW 2 4096 230924 17667 32674 5784 6 0 4 0 0 447 770 188 126 64 2016 192 0 0 157984
ROW 2 4096 230924 8786 26681 4832 4 0 0 0 0 432 746 201 128 59 1711 0 0 0 101299
ROW 2 4096 230924 17437 45638 5007 6 1 4 3 1 489 854 217 128 64 2016 282 72 0 141163
PROOF 2 4096 230924 17437 45638 3 2 20694988 251778114204624 35340:2:78624,73060,27928,78646,73064,27928:10544/78624/73064/27928,10545/78646/73060/27928 53563:2:78304,74779,26108,78321,74782,26108:100727/78304/74782/26108,100728/78321/74779/26108
PROOF 2 4096 230924 17437 45638 3 2 20411672 258949175869440 35319:2:78586,73031,27928,78610,73048,27928:10542/78586/73031/27928,10543/78610/73048/27928 53560:2:78276,74773,26102,78285,74774,26104:100725/78276/74773/26102,100726/78285/74774/26104
PROOF 2 4096 230924 17437 45638 4 1 12498352 62411932238400 53396:1:78422,74369,26161,78422,74369,26161:94646/78422/74369/26161 140810:1:80360,74997,27909,80360,74997,27909:10600/80360/74997/27909
PROOF 2 4096 230924 17437 45638 4 1 12130940 61719579642960 53474:1:78397,74455,26143,78397,74455,26143:96723/78397/74455/26143 140813:1:80371,75036,27909,80371,75036,27909:10601/80371/75036/27909
PROOF 2 4096 230924 17437 45638 4 1 11617388 59563282626576 53478:1:78493,74446,26146,78493,74446,26146:96729/78493/74446/26146 140936:1:80381,75090,27909,80381,75090,27909:10602/80381/75090/27909
ROW 2 4096 230924 15711 54229 4964 2 1 4 0 1 475 826 202 123 64 2016 647 99 0 162112
PROOF 2 4096 230924 15711 54229 3 2 21802920 226284407410200 35340:2:78624,73060,27928,78646,73064,27928:10544/78624/73064/27928,10545/78646/73060/27928 53351:2:78244,74648,26119,78262,74648,26121:98748/78244/74648/26119,98749/78262/74648/26121
PROOF 2 4096 230924 15711 54229 3 2 21531680 232949784688264 35319:2:78586,73031,27928,78610,73048,27928:10542/78586/73031/27928,10543/78610/73048/27928 53327:2:78200,74645,26115,78208,74648,26115:98745/78200/74648/26115,98746/78208/74645/26115
ROW 2 4096 230924 20997 30873 4978 6 0 0 0 0 462 800 206 128 64 2016 0 0 0 116578
ROW 2 4096 230924 10421 21246 4093 6 0 0 0 0 414 718 190 128 55 1485 0 0 0 92863
ROW 2 4096 230924 4921 21242 3535 4 0 0 0 0 408 710 192 129 53 1378 0 0 0 89035
ROW 2 4096 230924 32675 41351 5560 6 1 4 4 1 479 834 214 120 64 2016 670 118 0 181729
PROOF 2 4096 230924 32675 41351 3 2 21557048 218928529884728 35340:2:78624,73060,27928,78646,73064,27928:10544/78624/73064/27928,10545/78646/73060/27928 53563:2:78304,74779,26108,78321,74782,26108:100727/78304/74782/26108,100728/78321/74779/26108
PROOF 2 4096 230924 32675 41351 3 2 21274012 224541446116320 35319:2:78586,73031,27928,78610,73048,27928:10542/78586/73031/27928,10543/78610/73048/27928 53560:2:78276,74773,26102,78285,74774,26104:100725/78276/74773/26102,100726/78285/74774/26104
PROOF 2 4096 230924 32675 41351 4 2 12966836 51117839460236 53475:2:78413,74432,26138,78426,74451,26143:96725/78426/74432/26138,96724/78413/74451/26143 46970:2:76082,74333,27942,76093,74354,27942:10419/76093/74333/27942,10418/76082/74354/27942
PROOF 2 4096 230924 32675 41351 4 2 21557048 218928529884728 35340:2:78624,73060,27928,78646,73064,27928:10544/78624/73064/27928,10545/78646/73060/27928 53563:2:78304,74779,26108,78321,74782,26108:100727/78304/74782/26108,100728/78321/74779/26108
ROW 2 4096 230924 1233 32918 3959 6 0 0 0 0 435 762 185 127 54 1431 0 0 0 93655
ROW 2 4096 230924 41350 45393 5849 4 1 0 4 1 443 778 214 122 54 1431 1095 201 0 120174
PROOF 2 4096 230924 41350 45393 4 2 21216324 190990246413832 35340:2:78624,73060,27928,78646,73064,27928:10544/78624/73064/27928,10545/78646/73060/27928 53550:2:78211,74777,26099,78225,74786,26101:100721/78211/74786/26101,100722/78225/74777/26099
PROOF 2 4096 230924 41350 45393 4 2 21040512 198675479577508 35319:2:78586,73031,27928,78610,73048,27928:10542/78586/73031/27928,10543/78610/73048/27928 53563:2:78304,74779,26108,78321,74782,26108:100727/78304/74782/26108,100728/78321/74779/26108
ROW 2 4096 230924 14004 14183 3459 6 0 0 0 0 446 768 192 120 64 2016 0 0 0 113231
ROW 2 4096 230924 15712 34977 4201 2 1 4 0 1 482 840 201 125 64 2016 220 0 0 133979
PROOF 2 4096 230924 15712 34977 3 2 20473292 257142582911636 35340:2:78624,73060,27928,78646,73064,27928:10544/78624/73064/27928,10545/78646/73060/27928 53351:2:78244,74648,26119,78262,74648,26121:98748/78244/74648/26119,98749/78262/74648/26121
PROOF 2 4096 230924 15712 34977 3 2 20208772 263148515036228 35319:2:78586,73031,27928,78610,73048,27928:10542/78586/73031/27928,10543/78610/73048/27928 53327:2:78200,74645,26115,78208,74648,26115:98745/78200/74648/26115,98746/78208/74645/26115
ROW 2 4096 230924 10414 32932 5525 6 0 0 0 0 385 666 179 123 52 1326 0 0 0 86231
ROW 2 4096 230924 3099 49926 4921 4 1 0 0 0 488 852 209 127 64 2016 214 0 0 121867
ROW 2 4096 230924 6771 45636 4215 4 0 0 0 0 496 868 233 128 64 2016 34 0 0 120013
ROW 2 4096 230924 25011 51833 6960 4 1 0 4 1 453 782 160 115 64 2016 1487 621 0 184164
PROOF 2 4096 230924 25011 51833 4 2 17342848 50576848530292 53335:2:78245,74433,26125,78256,74440,26128:96714/78245/74433/26125,96715/78256/74440/26128 46311:2:76064,74275,27532,76072,74283,27532:28627/76064/74283/27532,28628/76072/74275/27532
PROOF 2 4096 230924 25011 51833 4 2 17102680 51324129750308 53343:2:78327,74435,26131,78348,74441,26135:96719/78327/74435/26131,96720/78348/74441/26135 46451:2:76036,74354,27534,76064,74356,27535:28624/76036/74354/27534,28625/76064/74356/27535
ROW 2 4096 230924 17437 26937 6284 6 0 2 0 0 434 744 188 119 64 2016 26 0 0 114073
ROW 2 4096 230924 32668 60710 6723 4 1 0 4 1 463 800 218 120 63 1953 1260 476 0 156251
PROOF 2 4096 230924 32668 60710 4 2 15322832 54413327459124 53351:2:78244,74648,26119,78262,74648,26121:98748/78244/74648/26119,98749/78262/74648/26121 140868:2:80460,75240,27596,80474,75240,27596:30877/80460/75240/27596,30878/80474/75240/27596
PROOF 2 4096 230924 32668 60710 4 2 15426520 80510014417336 53563:2:78304,74779,26108,78321,74782,26108:100727/78304/74782/26108,100728/78321/74779/26108 140625:2:80461,75217,27421,80481,75229,27450:43500/80461/75229/27421,41356/80481/75217/27450
ROW 2 4096 230924 28627 39234 6800 4 1 0 4 1 454 784 213 118 62 1891 491 240 0 129803
PROOF 2 4096 230924 28627 39234 4 2 19110640 113679695356520 140801:2:80351,74944,27910,80391,74963,27945:10599/80351/74944/27910,8778/80391/74963/27945 53631:2:78217,75199,26123,78237,75208,26128:104690/78217/75199/26123,104691/78237/75208/26128
PROOF 2 4096 230924 28627 39234 4 2 15389032 91029224528268 53736:2:78454,75019,26137,78493,75026,26138:102723/78454/75026/26137,102726/78493/75019/26138 141284:2:80481,75782,27905,80482,75810,27905:10611/80481/75782/27905,10612/80482/75810/27905
ROW 2 4096 230924 22873 41364 6659 4 1 0 4 1 468 812 204 123 64 2016 415 63 0 123741
PROOF 2 4096 230924 22873 41364 4 2 14193940 92043832269392 53736:2:78454,75019,26137,78493,75026,26138:102723/78454/75026/26137,102726/78493/75019/26138 141269:2:80464,75631,27905,80472,75673,27905:10608/80464/75631/27905,10609/80472/75673/27905
PROOF 2 4096 230924 22873 41364 4 2 14372292 100900198190096 53732:2:78404,75015,26129,78419,75016,26130:102720/78404/75016/26129,102721/78419/75015/26130 46869:2:76068,74271,28025,76069,74292,28025:6772/76068/74271/28025,6771/76069/74292/28025
ROW 2 4096 230924 32917 49676 6171 4 1 0 4 1 433 742 182 118 64 2016 1374 511 0 167934
PROOF 2 4096 230924 32917 49676 4 2 14634952 51631119355204 53351:2:78244,74648,26119,78262,74648,26121:98748/78244/74648/26119,98749/78262/74648/26121 46451:2:76036,74354,27534,76064,74356,27535:28624/76036/74354/27534,28625/76064/74356/27535
PROOF 2 4096 230924 32917 49676 4 2 15552320 87395342132616 53327:2:78200,74645,26115,78208,74648,26115:98745/78200/74648/26115,98746/78208/74645/26115 46150:2:76086,74328,27294,76101,74343,27294:41105/76086/74343/27294,41106/76101/74328/27294
ROW 2 4096 230924 5429 28866 7454 4 1 0 4 1 322 544 137 86 52 1326 1136 640 0 138849
PROOF 2 4096 230924 5429 28866 4 2 34889384 359690957013384 145933:2:83296,75372,26168,83326,75392,26169:92884/83296/75372/26169,92886/83326/75392/26168 141843:2:80561,75659,27884,80573,75665,27885:12399/80561/75659/27885,12400/80573/75665/27884
PROOF 2 4096 230924 5429 28866 4 2 34961420 404012909484308 146061:2:83339,75402,26164,83363,75403,26168:92887/83339/75403/26168,92888/83363/75402/26164 141853:2:80564,75748,27830,80577,75748,27830:15924/80564/75748/27830,15925/80577/75748/27830
ROW 2 4096 230924 17661 60455 6636 4 1 0 4 1 458 792 166 116 64 2016 1499 623 0 173484
PROOF 2 4096 230924 17661 60455 4 2 16572200 27037737570528 53304:2:78152,74457,26125,78160,74458,26125:96708/78152/74458/26125,96709/78160/74457/26125 46311:2:76064,74275,27532,76072,74283,27532:28627/76064/74283/27532,28628/76072/74275/27532
PROOF 2 4096 230924 17661 60455 4 2 16275512 28578287580408 53335:2:78245,74433,26125,78256,74440,26128:96714/78245/74433/26125,96715/78256/74440/26128 46451:2:76036,74354,27534,76064,74356,27535:28624/76036/74354/27534,28625/76064/74356/27535
ROW 2 4096 230924 17440 58549 6645 6 1 4 4 1 443 762 174 111 64 2016 659 51 0 172151
PROOF 2 4096 230924 17440 58549 3 2 23323500 271862352542212 35340:2:78624,73060,27928,78646,73064,27928:10544/78624/73064/27928,10545/78646/73060/27928 53732:2:78404,75015,26129,78419,75016,26130:102720/78404/75016/26129,102721/78419/75015/26130
PROOF 2 4096 230924 17440 58549 3 2 22994900 279083065408596 35319:2:78586,73031,27928,78610,73048,27928:10542/78586/73031/27928,10543/78610/73048/27928 53586:2:78329,74999,26118,78341,75011,26121:102715/78329/75011/26121,102716/78341/74999/26118
PROOF 2 4096 230924 17440 58549 4 2 14741848 108020531973184 53365:2:78366,74613,26118,78384,74616,26121:98756/78366/74613/26118,98757/78384/74616/26121 46869:2:76068,74271,28025,76069,74292,28025:6772/76068/74271/28025,6771/76069/74292/28025
PROOF 2 4096 230924 17440 58549 4 2 23323500 271862352542212 35340:2:78624,73060,27928,78646,73064,27928:10544/78624/73064/27928,10545/78646/73060/27928 53732:2:78404,75015,26129,78419,75016,26130:102720/78404/75016/26129,102721/78419/75015/26130
ROW 2 4096 230924 17429 32936 6519 4 0 0 0 0 414 704 187 121 64 2016 159 0 0 112981
ROW 2 4096 230924 1754 39216 7272 4 1 0 4 1 301 510 120 85 48 1128 1008 512 0 110796
PROOF 2 4096 230924 1754 39216 4 2 32894332 295250948760224 146075:2:83458,75469,26160,83463,75478,26161:92895/83458/75469/26160,92896/83463/75478/26161 141853:2:80564,75748,27830,80577,75748,27830:15924/80564/75748/27830,15925/80577/75748/27830
PROOF 2 4096 230924 1754 39216 4 2 32960236 316648837057860 146103:2:83487,75478,26157,83500,75490,26157:92897/83487/75478/26157,92898/83500/75490/26157 141791:2:80579,75431,27713,80605,75494,27716:23126/80605/75431/27713,23125/80579/75494/27716
ROW 2 4096 230924 10418 69352 7067 4 1 0 4 1 407 690 163 109 64 2016 1416 928 0 181780
PROOF 2 4096 230924 10418 69352 4 2 20817268 65800379302584 140801:2:80351,74944,27910,80391,74963,27945:10599/80351/74944/27910,8778/80391/74963/27945 53651:2:78250,75189,26125,78263,75199,26127:104692/78250/75199/26127,104693/78263/75189/26125
PROOF 2 4096 230924 10418 69352 4 2 20570648 61587628465484 140809:2:80360,74978,27909,80404,74997,27945:10600/80360/74997/27909,8779/80404/74978/27945 53631:2:78217,75199,26123,78237,75208,26128:104690/78217/75199/26123,104691/78237/75208/26128
ROW 2 4096 230924 32920 45391 6183 4 0 0 2 0 427 746 196 121 54 1431 817 64 0 102662
ROW 2 4096 230924 37095 45389 7160 4 1 0 4 1 441 764 213 119 59 1711 865 350 0 129952
PROOF 2 4096 230924 37095 45389 4 2 16307068 76543646163300 53736:2:78454,75019,26137,78493,75026,26138:102723/78454/75026/26137,102726/78493/75019/26138 46451:2:76036,74354,27534,76064,74356,27535:28624/76036/74354/27534,28625/76064/74356/27535
PROOF 2 4096 230924 37095 45389 4 2 17026008 121444861356000 53732:2:78404,75015,26129,78419,75016,26130:102720/78404/75016/26129,102721/78419/75015/26130 46160:2:76059,74395,27298,76071,74414,27298:41103/76071/74395/27298,41102/76059/74414/27298
ROW 2 4096 230924 20997 32931 6398 6 0 4 0 0 450 774 202 127 63 1953 232 0 0 127037
ROW 2 4096 230924 19188 58560 7416 4 1 0 4 1 434 744 171 114 64 2016 1011 335 0 150541
PROOF 2 4096 230924 19188 58560 4 2 16621484 52271035991048 53736:2:78454,75019,26137,78493,75026,26138:102723/78454/75026/26137,102726/78493/75019/26138 141284:2:80481,75782,27905,80482,75810,27905:10611/80481/75782/27905,10612/80482/75810/27905
PROOF 2 4096 230924 19188 58560 4 2 16105820 58802949402960 53687:2:78463,74994,26129,78479,74998,26129:102724/78463/74998/26129,102725/78479/74994/26129 141277:2:80475,75732,27858,80527,75761,27905:10610/80475/75732/27905,14199/80527/75761/27858
ROW 2 4096 230924 28631 37089 6505 4 1 0 4 1 453 782 196 121 64 2016 322 161 0 127648
PROOF 2 4096 230924 28631 37089 4 2 14344988 85546059600548 53351:2:78244,74648,26119,78262,74648,26121:98748/78244/74648/26119,98749/78262/74648/26121 46970:2:76082,74333,27942,76093,74354,27942:10419/76093/74333/27942,10418/76082/74354/27942
PROOF 2 4096 230924 28631 37089 4 2 14010184 86267644651096 53327:2:78200,74645,26115,78208,74648,26115:98745/78200/74648/26115,98746/78208/74645/26115 46864:2:76089,74242,27942,76095,74253,27942:10422/76095/74242/27942,10421/76089/74253/27942
ROW 2 4096 230924 15915 45393 6335 4 1 0 3 1 469 814 213 126 64 2016 389 68 0 124152
PROOF 2 4096 230924 15915 45393 4 2 13546632 36610180100612 53351:2:78244,74648,26119,78262,74648,26121:98748/78244/74648/26119,98749/78262/74648/26121 46970:2:76082,74333,27942,76093,74354,27942:10419/76093/74333/27942,10418/76082/74354/27942
PROOF 2 4096 230924 15915 45393 4 1 13625784 36242244555656 53330:1:78229,74657,26120,78229,74657,26120:98747/78229/74657/26120 46867:1:76094,74297,27942,76094,74297,27942:10420/76094/74297/27942
ROW 2 4096 230924 25019 32672 6484 6 1 4 3 1 452 786 213 122 59 1711 194 128 0 123290
PROOF 2 4096 230924 25019 32672 3 2 14136140 81647751406452 53732:2:78404,75015,26129,78419,75016,26130:102720/78404/75016/26129,102721/78419/75015/26130 46970:2:76082,74333,27942,76093,74354,27942:10419/76093/74333/27942,10418/76082/74354/27942
PROOF 2 4096 230924 25019 32672 3 2 14442020 135923949195692 53687:2:78463,74994,26129,78479,74998,26129:102724/78463/74998/26129,102725/78479/74994/26129 141269:2:80464,75631,27905,80472,75673,27905:10608/80464/75631/27905,10609/80472/75673/27905
PROOF 2 4096 230924 25019 32672 4 2 14136140 81647751406452 53732:2:78404,75015,26129,78419,75016,26130:102720/78404/75016/26129,102721/78419/75015/26130 46970:2:76082,74333,27942,76093,74354,27942:10419/76093/74333/27942,10418/76082/74354/27942
PROOF 2 4096 230924 25019 32672 4 1 14210048 79918649425200 53737:1:78454,75026,26137,78454,75026,26137:102723/78454/75026/26137 46867:1:76094,74297,27942,76094,74297,27942:10420/76094/74297/27942
ROW 2 4096 230924 28627 49930 6030 6 0 4 0 0 442 776 208 121 54 1431 305 0 0 116277
ROW 4 64 230923 6149 46785 1494 4 1 0 0 0 256 474 142 91 21 210 11 0 3 41247
ROW 4 64 230923 104310 116428 1468 4 0 0 1 0 228 432 170 129 12 66 64 4 2 34966
ROW 4 64 230923 22260 38211 1458 4 1 0 4 1 256 462 128 86 27 351 271 127 4 52297
PROOF 4 64 230923 22260 38211 4 4 31493088 304419075438020 103585:4:71397,90090,27681,71503,90188,27763:11632/71397/90179/27762,13405/71503/90090/27681,11631/71477/90144/27763,11630/71468/90188/27762 110293:4:75015,88980,25467,75172,89002,25567:79173/75015/88994/25467,79172/75049/88997/25470,79171/75082/89002/25472,77005/75172/88980/25567
ROW 4 64 230923 24606 38950 1033 6 1 4 4 1 256 466 147 86 25 300 68 66 4 49432
PROOF 4 64 230923 24606 38950 3 4 11152672 33414526054352 43506:4:75423,74268,28123,75486,74297,28123:3071/75423/74296/28123,3072/75453/74297/28123,3073/75467/74278/28123,3074/75486/74268/28123 38769:4:73812,74998,25971,73857,75040,25974:84116/73827/75021/25971,84115/73812/75040/25971,84118/73857/74998/25973,84117/73853/75010/25974
PROOF 4 64 230923 24606 38950 4 4 11152672 33414526054352 43506:4:75423,74268,28123,75486,74297,28123:3071/75423/74296/28123,3072/75453/74297/28123,3073/75467/74278/28123,3074/75486/74268/28123 38769:4:73812,74998,25971,73857,75040,25974:84116/73827/75021/25971,84115/73812/75040/25971,84118/73857/74998/25973,84117/73853/75010/25974
ROW 4 64 230923 47537 62756 1243 4 1 0 4 1 256 486 142 99 15 105 99 42 4 38733
PROOF 4 64 230923 47537 62756 4 4 6068880 11231878571020 32183:4:78538,72851,27105,78593,72893,27198:45532/78544/72851/27151,47676/78593/72871/27105,43388/78538/72856/27195,43389/78567/72893/27198 33432:4:77432,73765,26176,77495,73806,26189:86359/77432/73782/26177,86361/77458/73765/26176,86360/77449/73799/26183,86362/77495/73806/26189
ROW 4 64 230923 53985 58442 1076 4 1 0 0 0 256 492 169 114 12 66 64 0 4 30587
ROW 4 64 230923 9807 29906 1043 6 0 0 0 0 246 440 126 89 28 378 0 0 3 39844
ROW 4 64 230923 9805 46781 1354 6 1 3 0 0 256 466 131 89 25 300 29 0 4 40546
ROW 4 64 230923 26063 38205 1221 4 1 0 4 1 256 456 129 83 30 435 290 99 4 50454
PROOF 4 64 230923 26063 38205 4 4 27935120 226357992018024 103585:4:71397,90090,27681,71503,90188,27763:11632/71397/90179/27762,13405/71503/90090/27681,11631/71477/90144/27763,11630/71468/90188/27762 110257:4:74884,88999,25440,74952,89076,25458:79177/74884/89008/25452,79176/74924/88999/25458,79175/74905/89076/25440,79174/74952/89051/25450
ROW 4 64 230923 8437 10452 1497 6 0 1 0 0 256 464 140 91 26 325 17 0 4 45194
ROW 4 64 230923 1156 6748 1119 6 0 0 0 0 235 426 137 88 22 231 0 0 2 33402
ROW 4 64 230923 113998 121290 1680 6 0 0 0 0 207 400 134 81 9 36 0 0 2 29274
ROW 4 64 230923 9805 38218 1476 4 1 0 3 1 256 468 132 89 24 276 78 8 4 40005
PROOF 4 64 230923 9805 38218 4 2 13347352 8765296412396 103599:2:71483,90126,27913,71515,90152,27913:8013/71483/90126/27913,8012/71515/90152/27913 100908:4:76924,87462,27201,76975,87514,27244:33985/76924/87478/27203,31924/76965/87462/27244,33984/76941/87513/27201,31923/76975/87514/27241
PROOF 4 64 230923 9805 38218 4 1 13492008 5986503072328 104609:1:71463,90257,27982,71463,90257,27982:6164/71463/90257/27982 100915:1:76943,87587,27195,76943,87587,27195:33983/76943/87587/27195
ROW 4 64 230923 4918 17654 2802 6 0 0 0 0 256 498 177 125 8 28 0 0 4 29775
ROW 4 64 230923 16841 42488 1236 4 1 0 3 1 256 462 137 88 27 351 136 42 4 45475
PROOF 4 64 230923 16841 42488 4 3 32750076 395261023323060 103593:3:71505,90003,27823,71563,90072,27823:9820/71563/90003/27823,9821/71505/90046/27823,9819/71562/90072/27823 110230:3:74356,89036,25391,74418,89060,25394:79192/74356/89036/25391,79191/74393/89038/25394,79190/74418/89060/25393
ROW 4 64 230923 28630 64907 1185 6 1 4 4 1 256 488 133 89 14 91 24 24 4 34755
PROOF 4 64 230923 28630 64907 3 4 5867036 13710102205712 33105:4:77207,73318,26185,77238,73395,26199:82133/77218/73328/26186,82134/77238/73318/26185,82132/77207/73362/26192,82131/77210/73395/26199 32183:4:78538,72851,27105,78593,72893,27198:45532/78544/72851/27151,47676/78593/72871/27105,43388/78538/72856/27195,43389/78567/72893/27198
PROOF 4 64 230923 28630 64907 4 4 5749456 12960526106092 32183:4:78538,72851,27105,78593,72893,27198:45532/78544/72851/27151,47676/78593/72871/27105,43388/78538/72856/27195,43389/78567/72893/27198 33432:4:77432,73765,26176,77495,73806,26189:86359/77432/73782/26177,86361/77458/73765/26176,86360/77449/73799/26183,86362/77495/73806/26189
ROW 4 64 230923 4896 75610 1001 4 0 0 0 0 238 442 148 102 19 171 1 0 3 34524
ROW 4 64 230923 20476 31935 2252 4 1 0 1 0 249 448 150 94 27 351 278 22 3 45875
ROW 4 64 230923 10419 10600 2607 6 0 0 0 0 249 476 168 128 11 55 0 0 3 29155
ROW 4 64 230923 12335 71250 1187 6 1 5 3 1 256 494 161 98 11 55 18 18 4 33873
PROOF 4 64 230923 12335 71250 3 3 6107852 3506839175440 33112:3:77274,73352,26195,77324,73361,26201:82135/77274/73352/26195,82136/77299/73356/26198,82137/77324/73361/26201 46034:3:76046,74148,27283,76096,74191,27322:38969/76046/74148/27319,38968/76049/74191/27322,41110/76096/74189/27283
PROOF 4 64 230923 12335 71250 3 2 6304236 7299126188288 33140:2:77361,73378,26208,77366,73397,26212:82139/77366/73378/26208,82138/77361/73397/26212 31497:2:76005,74064,27134,76044,74102,27186:47539/76005/74064/27134,45396/76044/74102/27186
PROOF 4 64 230923 12335 71250 4 3 6107852 3506839175440 33112:3:77274,73352,26195,77324,73361,26201:82135/77274/73352/26195,82136/77299/73356/26198,82137/77324/73361/26201 46034:3:76046,74148,27283,76096,74191,27322:38969/76046/74148/27319,38968/76049/74191/27322,41110/76096/74189/27283
ROW 4 64 230923 24998 58299 5460 4 1 0 1 0 256 504 155 115 6 15 5 5 4 30346
ROW 4 64 230923 15905 30634 4555 4 0 0 0 0 256 500 159 119 8 28 0 0 4 28384
ROW 4 64 230923 10601 51832 5552 6 1 6 0 0 256 498 147 111 9 36 20 0 4 29405
ROW 4 64 230923 10421 37075 3822 6 0 0 0 0 256 504 168 116 6 15 0 0 4 27862
ROW 4 64 230923 15710 49931 5764 6 0 0 0 0 256 498 145 117 9 36 0 0 4 29114
ROW 4 64 230923 15712 19410 3435 6 0 0 0 0 256 498 163 118 9 36 0 0 4 26750
ROW 4 64 230923 6773 54237 5520 6 1 0 0 0 256 504 153 120 6 15 0 0 4 26590
ROW 4 64 230923 17657 20999 4150 6 0 0 0 0 256 494 152 119 11 55 0 0 4 28944
ROW 4 64 230923 15909 45393 5834 4 0 0 0 0 256 500 150 115 8 28 0 0 4 27962
ROW 4 64 230923 1239 25008 3816 6 0 0 0 0 256 496 167 124 10 45 0 0 4 28934
ROW 4 64 230923 28625 45642 5810 6 0 1 1 0 256 498 156 117 9 36 2 2 4 29094
ROW 4 64 230923 28627 54232 5796 4 1 0 0 0 256 504 154 112 6 15 6 0 4 27491
ROW 4 64 230923 19411 24769 3952 6 0 0 0 0 256 502 166 119 7 21 0 0 4 27993
ROW 4 64 230923 4920 67164 5325 6 1 2 2 0 256 510 158 118 3 3 2 2 4 27712
ROW 4 64 230923 15707 25014 5324 4 0 0 0 0 256 490 148 118 13 78 0 0 4 29675
ROW 4 64 230923 36829 41350 5771 4 0 0 0 0 256 508 161 116 4 6 0 0 4 29434
ROW 4 64 230923 1231 10610 4020 4 0 0 0 0 248 482 166 125 7 21 0 0 3 27081
ROW 4 64 230923 25010 36832 5816 6 0 0 0 0 256 504 158 124 6 15 0 0 4 28493
ROW 4 64 230923 20994 21249 5760 6 0 0 0 0 256 496 148 117 10 45 0 0 4 28774
ROW 4 64 230923 4917 23115 4130 4 0 0 0 0 256 494 160 121 11 55 0 0 4 30848
ROW 4 64 230923 20999 41360 6300 6 0 6 0 0 256 492 144 118 12 66 11 0 4 31168
ROW 4 64 230923 24772 41360 6325 6 1 3 0 0 256 498 151 119 9 36 1 0 4 27561
ROW 4 64 230923 36836 37097 7107 4 1 0 2 0 256 494 151 103 11 55 20 5 4 31299
ROW 4 64 230923 30634 62867 6895 4 1 0 1 0 256 506 145 109 5 10 10 4 4 28313
ROW 4 64 230923 26928 41104 6321 6 0 1 0 0 256 496 156 118 10 45 6 0 4 30757
ROW 4 64 230923 22875 54243 6809 4 1 0 3 1 256 494 146 110 11 55 21 4 4 28984
PROOF 4 64 230923 22875 54243 4 3 15106836 104191060927316 53731:3:78404,75015,26129,78437,75020,26133:102720/78404/75016/26129,102721/78419/75015/26130,102722/78437/75020/26133 46968:3:76062,74333,27942,76093,74362,27942:10417/76062/74362/27942,10419/76093/74333/27942,10418/76082/74354/27942
ROW 4 64 230923 10906 15916 6413 4 0 0 0 0 243 442 135 97 24 276 164 0 3 40085
ROW 4 64 230923 3600 21259 6399 4 0 0 0 0 239 432 129 107 23 253 21 0 3 35787
ROW 4 64 230923 28624 32929 6209 6 0 0 0 0 256 496 156 123 10 45 0 0 4 29535
ROW 4 64 230923 20994 25017 6219 6 0 0 0 0 256 494 147 119 11 55 0 0 4 29896
ROW 4 64 230923 26683 28881 6151 6 0 3 0 0 256 498 149 119 9 36 3 0 4 28693
ROW 4 64 230923 28622 58559 7043 4 1 0 1 0 256 502 147 111 7 21 21 6 4 29244
ROW 4 64 230923 10414 62866 6287 6 1 5 3 1 256 492 140 117 12 66 15 10 4 43832
PROOF 4 64 230923 10414 62866 3 3 14009176 113631186635984 53731:3:78404,75015,26129,78437,75020,26133:102720/78404/75016/26129,102721/78419/75015/26130,102722/78437/75020/26133 141042:3:80474,75374,27435,80502,75386,27436:43503/80474/75380/27436,43504/80489/75374/27435,43505/80502/75386/27436
PROOF 4 64 230923 10414 62866 3 2 14353204 41344762553220 53736:2:78454,75019,26137,78493,75026,26138:102723/78454/75026/26137,102726/78493/75019/26138 141235:2:80432,75430,27907,80441,75459,27907:10605/80432/75430/27907,10606/80441/75459/27907
PROOF 4 64 230923 10414 62866 4 2 14353204 41344762553220 53736:2:78454,75019,26137,78493,75026,26138:102723/78454/75026/26137,102726/78493/75019/26138 141235:2:80432,75430,27907,80441,75459,27907:10605/80432/75430/27907,10606/80441/75459/27907
PROOF 4 64 230923 10414 62866 4 1 14975576 41536327090560 53731:3:78404,75015,26129,78437,75020,26133:102720/78404/75016/26129,102721/78419/75015/26130,102722/78437/75020/26133 141231:1:80425,75376,27907,80425,75376,27907:10604/80425/75376/27907
ROW 4 64 230923 1755 37092 6720 4 1 0 4 1 256 448 115 92 34 561 427 120 4 58268
PROOF 4 64 230923 1755 37092 4 4 26423812 299578571641268 146139:4:83419,75769,26133,83456,75799,26138:97006/83425/75769/26133,97007/83419/75789/26138,97008/83432/75799/26138,97009/83456/75799/26133 141850:4:80564,75741,27800,80591,75748,27830:17678/80570/75741/27800,15924/80564/75748/27830,15925/80577/75748/27830,15926/80591/75743/27830
ROW 4 64 230923 20996 37091 6539 4 0 0 0 0 256 494 147 117 11 55 9 0 4 28853
ROW 4 64 230923 10906 25010 6827 4 1 0 4 1 244 412 116 87 40 780 590 256 2 72425
PROOF 4 64 230923 10906 25010 4 4 29461412 360294792335316 146015:4:83237,75667,26145,83275,75695,26151:96993/83237/75673/26150,96994/83254/75667/26145,96995/83254/75694/26151,96996/83275/75695/26147 141850:4:80564,75741,27800,80591,75748,27830:17678/80570/75741/27800,15924/80564/75748/27830,15925/80577/75748/27830,15926/80591/75743/27830
ROW 4 64 230923 25024 32675 7024 6 1 0 0 0 256 498 145 110 9 36 0 0 4 29575
ROW 4 64 230923 17439 32931 6202 6 0 1 0 0 256 492 141 118 12 66 3 0 4 29535
ROW 4 64 230923 10906 17658 6978 4 1 0 3 1 242 430 129 93 29 406 316 95 3 61655
PROOF 4 64 230923 10906 17658 4 3 31334160 397564223695596 145931:3:83254,75367,26168,83326,75392,26175:92882/83254/75367/26175,92884/83296/75372/26169,92886/83326/75392/26168 141838:3:80548,75614,27884,80593,75635,27885:12397/80548/75614/27885,12398/80552/75635/27885,12401/80593/75630/27884
ROW 4 64 230923 41105 43501 6220 4 0 0 0 0 256 502 157 121 7 21 6 0 4 29204
ROW 4 64 230924 6610 66901 1350 4 1 0 4 1 256 454 129 82 31 465 210 210 4 61003
PROOF 4 64 230924 6610 66901 4 4 14084124 560521606196 43506:4:75423,74268,28123,75486,74297,28123:3071/75423/74296/28123,3072/75453/74297/28123,3073/75467/74278/28123,3074/75486/74268/28123 38769:4:73812,74998,25971,73857,75040,25974:84116/73827/75021/25971,84115/73812/75040/25971,84118/73857/74998/25973,84117/73853/75010/25974
ROW 4 64 230924 49833 80141 1014 4 1 0 0 0 256 502 179 147 7 21 21 0 4 41898
ROW 4 64 230924 2930 19191 1463 4 1 0 3 1 256 442 129 79 37 666 124 43 4 60242
PROOF 4 64 230924 2930 19191 4 2 41871408 752556919461856 28633:2:72044,71940,25861,72070,71942,25865:69016/72044/71940/25861,69017/72070/71942/25865 27933:2:73161,69418,27750,73215,69477,27750:15720/73215/69418/27750,15718/73161/69477/27750
PROOF 4 64 230924 2930 19191 4 1 42731248 346574868958352 28687:4:72609,71891,25926,72724,71914,25936:69030/72609/71914/25926,69031/72650/71909/25930,69032/72684/71896/25932,69033/72724/71891/25936 27914:1:71746,69301,28236,71746,69301,28236:4897/71746/69301/28236
ROW 4 64 230924 37074 67075 1177 6 1 4 4 1 256 500 160 136 8 28 12 12 4 31128
PROOF 4 64 230924 37074 67075 3 4 4492804 3863430439744 131869:4:79374,73635,26242,79432,73646,26245:86465/79374/73641/26243,86466/79393/73635/26242,86467/79414/73646/26245,86468/79432/73635/26243 34378:4:78894,72902,26992,78955,72944,26997:54141/78894/72944/26997,54142/78916/72938/26997,54143/78934/72915/26994,54144/78955/72902/26992
PROOF 4 64 230924 37074 67075 4 4 4492804 3863430439744 131869:4:79374,73635,26242,79432,73646,26245:86465/79374/73641/26243,86466/79393/73635/26242,86467/79414/73646/26245,86468/79432/73635/26243 34378:4:78894,72902,26992,78955,72944,26997:54141/78894/72944/26997,54142/78916/72938/26997,54143/78934/72915/26994,54144/78955/72902/26992
ROW 4 64 230924 113994 123241 1068 4 1 0 3 1 201 384 147 126 11 55 10 10 2 30216
PROOF 4 64 230924 113994 123241 4 3 15918360 12217877880064 148859:4:83056,78115,25974,83079,78137,25981:123342/83056/78115/25981,123343/83064/78124/25979,123344/83079/78130/25974,123345/83077/78137/25977 142660:3:81188,78811,26916,81213,78957,26951:122195/81188/78822/26929,122196/81213/78811/26916,122197/81202/78957/26951
ROW 4 64 230924 9669 26148 2967 4 1 0 3 1 238 424 110 84 28 378 328 57 3 49232
PROOF 4 64 230924 9669 26148 4 3 57881252 1268970422902600 86675:3:73677,87650,25482,73734,87700,25489:81399/73677/87650/25484,81398/73713/87652/25489,81396/73734/87700/25482 103593:3:71505,90003,27823,71563,90072,27823:9820/71563/90003/27823,9821/71505/90046/27823,9819/71562/90072/27823
ROW 4 64 230924 9802 46783 1429 4 1 0 1 0 256 464 128 87 26 325 30 2 4 42279
ROW 4 64 230924 10549 96766 1203 4 0 0 0 0 249 480 179 106 11 55 0 0 3 31238
ROW 4 64 230924 113995 121272 1695 4 0 0 0 0 210 406 131 84 9 36 0 0 2 27671
ROW 4 64 230924 36834 62754 1149 4 1 0 3 1 256 488 136 92 14 91 24 17 4 34965
PROOF 4 64 230924 36834 62754 4 3 5626664 15132857914800 33152:4:77420,73453,26175,77459,73512,26187:84301/77440/73464/26176,84302/77459/73453/26175,84299/77420/73499/26182,84300/77447/73512/26187 32170:3:78536,72803,27061,78567,72876,27099:47674/78536/72803/27098,47675/78563/72822/27099,49820/78567/72876/27061
ROW 4 64 230924 122196 122907 1452 4 1 0 0 0 246 484 187 117 6 15 0 0 3 32511
ROW 4 64 230924 14977 16901 1990 2 1 4 0 1 242 430 122 91 29 406 100 26 3 60413
PROOF 4 64 230924 14977 16901 3 4 46821420 1087463538862288 86935:4:74196,88138,25453,74262,88206,25460:81374/74196/88138/25458,81373/74223/88153/25460,81372/74234/88192/25453,81371/74262/88206/25454 103585:4:71397,90090,27681,71503,90188,27763:11632/71397/90179/27762,13405/71503/90090/27681,11631/71477/90144/27763,11630/71468/90188/27762
ROW 4 64 230924 41345 71407 1027 4 1 0 0 0 256 510 178 126 3 3 0 0 4 34014
ROW 4 64 230924 34721 47371 1256 4 1 0 3 1 254 460 158 92 24 276 259 57 3 47638
PROOF 4 64 230924 34721 47371 4 2 11989064 70567677770576 38743:4:73513,74923,25970,73563,74964,25973:81950/73521/74954/25970,81949/73513/74964/25970,81952/73563/74923/25973,81951/73549/74944/25973 37995:2:71727,75610,27080,71754,75629,27081:40938/71727/75629/27080,40939/71754/75610/27081
PROOF 4 64 230924 34721 47371 4 1 12357996 13602644808660 43508:1:75423,74296,28123,75423,74296,28123:3071/75423/74296/28123 38826:3:73760,75063,25967,73802,75092,25972:84113/73769/75068/25967,84112/73760/75092/25969,84114/73802/75063/25972
ROW 4 64 230924 26664 53814 1302 4 1 0 3 1 248 450 150 94 23 253 242 57 3 43000
PROOF 4 64 230924 26664 53814 4 2 12306568 50106448809196 38743:4:73513,74923,25970,73563,74964,25973:81950/73521/74954/25970,81949/73513/74964/25970,81952/73563/74923/25973,81951/73549/74944/25973 37995:2:71727,75610,27080,71754,75629,27081:40938/71727/75629/27080,40939/71754/75610/27081
PROOF 4 64 230924 26664 53814 4 1 12949824 29130980102304 38750:3:73575,74872,25972,73619,74901,25977:81953/73575/74901/25972,81955/73619/74872/25976,81954/73609/74895/25977 38213:1:71771,75642,27298,71771,75642,27298:32508/71771/75642/27298
ROW 4 64 230924 16903 44649 2572 4 1 0 2 0 245 446 146 95 24 276 272 22 3 42990
ROW 4 64 230924 393 2407 1894 4 1 0 3 1 238 438 151 109 19 171 143 27 3 46447
PROOF 4 64 230924 393 2407 4 2 132761680 8091774916756616 114126:2:78489,96150,24978,78539,96191,24984:66067/78489/96150/24984,66066/78539/96191/24978 110181:2:71652,96646,28420,71718,96651,28421:542/71652/96651/28421,541/71718/96646/28420
PROOF 4 64 230924 393 2407 4 1 129045480 7542580510194072 114226:1:77371,96618,24888,77371,96618,24888:66087/77371/96618/24888 109919:1:71570,97114,28436,71570,97114,28436:540/71570/97114/28436
ROW 4 64 230924 8778 10420 2641 6 0 0 0 0 254 486 177 126 11 55 0 0 3 30047
ROW 4 64 230924 20842 45376 1159 6 1 4 4 1 256 460 128 88 28 378 90 72 4 53039
PROOF 4 64 230924 20842 45376 3 4 12257428 26184610505204 43506:4:75423,74268,28123,75486,74297,28123:3071/75423/74296/28123,3072/75453/74297/28123,3073/75467/74278/28123,3074/75486/74268/28123 38769:4:73812,74998,25971,73857,75040,25974:84116/73827/75021/25971,84115/73812/75040/25971,84118/73857/74998/25973,84117/73853/75010/25974
PROOF 4 64 230924 20842 45376 4 4 12257428 26184610505204 43506:4:75423,74268,28123,75486,74297,28123:3071/75423/74296/28123,3072/75453/74297/28123,3073/75467/74278/28123,3074/75486/74268/28123 38769:4:73812,74998,25971,73857,75040,25974:84116/73827/75021/25971,84115/73812/75040/25971,84118/73857/74998/25973,84117/73853/75010/25974
ROW 4 64 230924 15112 46776 1238 4 1 0 3 1 256 452 126 86 32 496 133 44 4 50103
PROOF 4 64 230924 15112 46776 4 3 32268872 399668406158644 103593:3:71505,90003,27823,71563,90072,27823:9820/71563/90003/27823,9821/71505/90046/27823,9819/71562/90072/27823 110257:4:74884,88999,25440,74952,89076,25458:79177/74884/89008/25452,79176/74924/88999/25458,79175/74905/89076/25440,79174/74952/89051/25450
ROW 4 64 230924 6770 21242 3526 6 0 0 0 0 256 496 165 126 10 45 0 0 4 29785
ROW 4 64 230924 19416 47537 5678 4 1 0 0 0 256 496 142 113 10 45 22 0 4 49032
ROW 4 64 230924 25006 26681 4899 6 0 0 0 0 256 504 167 119 6 15 0 0 4 34094
ROW 4 64 230924 12225 52073 4871 6 1 6 0 0 256 504 157 119 6 15 6 0 4 36669
ROW 4 64 230924 17674 26679 5996 4 0 0 0 0 256 496 152 121 10 45 0 0 4 29986
ROW 4 64 230924 17667 32674 5784 6 0 3 0 0 256 498 142 119 9 36 2 0 4 28302
ROW 4 64 230924 8786 26681 4832 4 0 0 0 0 256 496 156 116 10 45 0 0 4 27351
ROW 4 64 230924 17437 45638 5007 6 1 5 0 0 256 498 154 117 9 36 4 0 4 30107
ROW 4 64 230924 15711 54229 4964 2 1 0 0 0 256 504 155 114 6 15 0 0 4 28203
ROW 4 64 230924 20997 30873 4978 6 0 0 0 0 256 496 154 118 10 45 0 0 4 27742
ROW 4 64 230924 10421 21246 4093 6 0 0 0 0 256 498 162 122 9 36 0 0 4 30817
ROW 4 64 230924 4921 21242 3535 4 0 0 0 0 256 496 165 122 10 45 0 0 4 28422
ROW 4 64 230924 32675 41351 5560 6 1 6 0 0 256 492 145 113 12 66 25 0 4 31379
ROW 4 64 230924 1233 32918 3959 6 0 0 0 0 256 496 164 124 10 45 0 0 4 27241
ROW 4 64 230924 41350 45393 5849 4 1 0 3 1 256 500 155 113 8 28 22 7 4 30687
PROOF 4 64 230924 41350 45393 4 2 13991092 96960776172652 53351:2:78244,74648,26119,78262,74648,26121:98748/78244/74648/26119,98749/78262/74648/26121 46149:3:76072,74328,27294,76101,74359,27295:41105/76086/74343/27294,41106/76101/74328/27294,41104/76072/74359/27295
PROOF 4 64 230924 41350 45393 4 1 14579308 96038020273132 53357:1:78278,74641,26120,78278,74641,26120:98750/78278/74641/26120 46057:1:76109,74303,27293,76109,74303,27293:41107/76109/74303/27293
ROW 4 64 230924 14004 14183 3459 6 0 0 0 0 256 492 157 117 12 66 0 0 4 32020
ROW 4 64 230924 15712 34977 4201 2 1 0 0 0 256 504 165 115 6 15 0 0 4 28794
ROW 4 64 230924 10414 32932 5525 6 0 0 0 0 256 494 155 118 11 55 0 0 4 29265
ROW 4 64 230924 3099 49926 4921 4 1 0 0 0 256 504 160 118 6 15 0 0 4 27751
ROW 4 64 230924 6771 45636 4215 4 0 0 0 0 256 504 163 120 6 15 0 0 4 42869
ROW 4 64 230924 25011 51833 6960 4 1 0 3 1 256 504 145 115 6 15 9 4 4 30507
PROOF 4 64 230924 25011 51833 4 2 17978112 103990992069100 53567:2:78336,74771,26107,78356,74780,26112:100729/78336/74771/26107,100730/78356/74780/26112 46053:3:76104,74239,27287,76109,74303,27293:41109/76104/74239/27287,41108/76108/74263/27290,41107/76109/74303/27293
PROOF 4 64 230924 25011 51833 4 1 17897280 95629088879620 53325:1:78187,74664,26119,78187,74664,26119:98744/78187/74664/26119 46149:3:76072,74328,27294,76101,74359,27295:41105/76086/74343/27294,41106/76101/74328/27294,41104/76072/74359/27295
ROW 4 64 230924 17437 26937 6284 6 0 0 0 0 256 486 146 109 15 105 0 0 4 31258
ROW 4 64 230924 32668 60710 6723 4 1 0 0 0 256 512 149 114 2 1 1 0 4 27982
ROW 4 64 230924 28627 39234 6800 4 1 0 2 0 256 494 148 109 11 55 5 5 4 29225
ROW 4 64 230924 22873 41364 6659 4 1 0 1 0 256 492 145 116 12 66 12 1 4 28513
ROW 4 64 230924 32917 49676 6171 4 1 0 1 0 256 504 147 112 6 15 5 2 4 29074
ROW 4 64 230924 5429 28866 7454 4 1 0 4 1 256 454 128 85 31 465 374 238 4 65653
PROOF 4 64 230924 5429 28866 4 4 34920308 422632412179168 146060:4:83339,75402,26161,83389,75412,26168:92887/83339/75403/26168,92888/83363/75402/26164,92889/83370/75408/26164,92890/83389/75412/26161 141850:4:80564,75741,27800,80591,75748,27830:17678/80570/75741/27800,15924/80564/75748/27830,15925/80577/75748/27830,15926/80591/75743/27830
ROW 4 64 230924 17661 60455 6636 4 1 0 3 1 256 498 144 112 9 36 26 8 4 29425
PROOF 4 64 230924 17661 60455 4 3 17333624 62625743781984 53326:3:78200,74645,26115,78229,74657,26120:98745/78200/74648/26115,98746/78208/74645/26115,98747/78229/74657/26120 46053:3:76104,74239,27287,76109,74303,27293:41109/76104/74239/27287,41108/76108/74263/27290,41107/76109/74303/27293
ROW 4 64 230924 17440 58549 6645 6 1 4 0 0 256 496 143 108 10 45 12 0 4 29836
ROW 4 64 230924 17429 32936 6519 4 0 0 0 0 256 494 153 114 11 55 0 0 4 28693
ROW 4 64 230924 1754 39216 7272 4 1 0 4 1 245 434 116 85 30 435 390 200 3 55053
PROOF 4 64 230924 1754 39216 4 4 32606380 359490934901516 146015:4:83237,75667,26145,83275,75695,26151:96993/83237/75673/26150,96994/83254/75667/26145,96995/83254/75694/26151,96996/83275/75695/26147 141850:4:80564,75741,27800,80591,75748,27830:17678/80570/75741/27800,15924/80564/75748/27830,15925/80577/75748/27830,15926/80591/75743/27830
ROW 4 64 230924 10418 69352 7067 4 1 0 4 1 256 496 147 104 10 45 42 21 4 31759
PROOF 4 64 230924 10418 69352 4 4 21424356 181322526154964 140408:4:80360,74815,27351,80384,74843,27386:45633/80375/74815/27351,43488/80360/74843/27386,43490/80377/74831/27385,43491/80384/74835/27385 53641:4:78352,75141,26118,78396,75156,26127:104700/78352/75143/26118,104701/78369/75145/26121,104702/78375/75141/26120,104703/78396/75156/26127
ROW 4 64 230924 32920 45391 6183 4 0 0 0 0 256 502 153 112 7 21 5 0 4 29455
ROW 4 64 230924 37095 45389 7160 4 1 0 2 0 256 498 144 108 9 36 15 5 4 28774
ROW 4 64 230924 20997 32931 6398 6 0 4 0 0 256 492 149 118 12 66 11 0 4 31028
ROW 4 64 230924 19188 58560 7416 4 1 0 3 1 256 494 142 108 11 55 20 10 4 28844
PROOF 4 64 230924 19188 58560 4 3 17210256 125739848717992 53731:3:78404,75015,26129,78437,75020,26133:102720/78404/75016/26129,102721/78419/75015/26130,102722/78437/75020/26133 46863:3:76089,74242,27942,76095,74297,27942:10422/76095/74242/27942,10421/76089/74253/27942,10420/76094/74297/27942
ROW 4 64 230924 28631 37089 6505 4 1 0 0 0 256 498 146 112 9 36 5 0 4 29865
ROW 4 64 230924 15915 45393 6335 4 1 0 0 0 256 492 145 113 12 66 3 0 4 28614
ROW 4 64 230924 25019 32672 6484 6 1 2 0 0 256 496 153 113 10 45 4 0 4 27641
ROW 4 64 230924 28627 49930 6030 6 0 2 0 0 256 494 151 113 11 55 1 0 4 30367
ROW 4 256 230923 6149 46785 1494 4 1 0 1 0 320 546 154 93 49 1176 140 13 0 83516
ROW 4 256 230923 104310 116428 1468 4 0 0 1 0 267 498 202 137 18 153 131 4 0 45095
ROW 4 256 230923 22260 38211 1458 4 1 0 4 1 379 640 190 102 61 1830 1155 310 0 141253
ROW 4 256 230923 24606 38950 1033 6 1 4 4 1 323 546 178 93 50 1225 215 173 0 117239
ROW 4 256 230923 47537 62756 1243 4 1 0 4 1 432 740 227 118 64 2016 1389 827 0 199562
ROW 4 256 230923 53985 58442 1076 4 1 0 3 1 380 668 240 123 46 1035 685 202 0 92653
ROW 4 256 230923 9807 29906 1043 6 0 0 0 0 302 508 138 94 50 1225 0 0 0 72847
ROW 4 256 230923 9805 46781 1354 6 1 4 4 1 331 560 159 95 53 1378 245 25 0 99134
ROW 4 256 230923 26063 38205 1221 4 1 0 4 1 352 592 180 93 58 1653 860 222 0 111669
ROW 4 256 230923 8437 10452 1497 6 0 5 0 0 318 534 169 100 51 1275 89 0 0 87383
ROW 4 256 230923 1156 6748 1119 6 0 0 0 0 255 442 138 88 34 561 0 0 0 45795
ROW 4 256 230923 113998 121290 1680 6 0 0 0 0 277 494 156 81 32 496 0 0 0 54862
ROW 4 256 230923 9805 38218 1476 4 1 0 3 1 340 582 160 93 51 1275 207 18 0 84427
ROW 4 256 230923 4918 17654 2802 6 0 0 0 0 367 638 183 125 48 1128 0 0 0 78686
ROW 4 256 230923 16841 42488 1236 4 1 0 3 1 343 576 176 95 57 1596 422 68 0 98022
ROW 4 256 230923 28630 64907 1185 6 1 4 4 1 393 662 181 106 64 2016 964 850 0 230400
ROW 4 256 230923 4896 75610 1001 4 0 0 0 0 313 548 174 107 41 820 4 0 0 65382
ROW 4 256 230923 20476 31935 2252 4 1 0 3 1 333 568 190 106 49 1176 818 52 0 86642
ROW 4 256 230923 10419 10600 2607 6 0 0 0 0 388 680 183 128 48 1128 0 0 0 79809
ROW 4 256 230923 12335 71250 1187 6 1 4 4 1 421 728 223 103 59 1711 769 672 0 201176
ROW 4 256 230923 24998 58299 5460 4 1 0 4 1 432 740 181 117 64 2016 1520 692 0 177501
ROW 4 256 230923 15905 30634 4555 4 0 0 0 0 446 772 212 127 60 1770 0 0 0 121827
ROW 4 256 230923 10601 51832 5552 6 1 4 4 1 469 814 190 119 64 2016 735 334 0 186488
ROW 4 256 230923 10421 37075 3822 6 0 0 0 0 465 810 214 127 60 1770 0 0 0 109374
ROW 4 256 230923 15710 49931 5764 6 0 5 2 0 456 788 196 123 64 2016 211 33 0 144229
ROW 4 256 230923 15712 19410 3435 6 0 0 0 0 428 742 209 126 57 1596 0 0 0 99616
ROW 4 256 230923 6773 54237 5520 6 1 6 3 1 463 802 210 127 64 2016 206 44 0 130614
ROW 4 256 230923 17657 20999 4150 6 0 0 0 0 465 808 214 126 61 1830 0 0 0 109805
ROW 4 256 230923 15909 45393 5834 4 0 0 3 1 467 814 233 128 60 1770 197 64 0 113272
ROW 4 256 230923 1239 25008 3816 6 0 0 0 0 412 718 206 128 53 1378 0 0 0 88845
ROW 4 256 230923 28625 45642 5810 6 0 6 1 0 389 680 186 120 49 1176 45 32 0 84778
ROW 4 256 230923 28627 54232 5796 4 1 0 3 1 436 758 215 121 57 1596 589 81 0 110956
ROW 4 256 230923 19411 24769 3952 6 0 0 0 0 436 766 207 128 53 1378 0 0 0 91090
ROW 4 256 230923 4920 67164 5325 6 1 4 4 1 435 746 178 122 64 2016 986 547 0 255336
ROW 4 256 230923 15707 25014 5324 4 0 0 0 0 412 714 190 128 55 1485 0 0 0 96260
ROW 4 256 230923 36829 41350 5771 4 0 0 3 1 396 694 194 122 49 1176 137 33 0 86301
ROW 4 256 230923 1231 10610 4020 4 0 0 0 0 377 656 186 125 49 1176 0 0 0 79818
ROW 4 256 230923 25010 36832 5816 6 0 2 2 0 420 734 209 129 53 1378 64 64 0 114734
ROW 4 256 230923 20994 21249 5760 6 0 0 0 0 428 732 193 127 62 1891 0 0 0 107209
ROW 4 256 230923 4917 23115 4130 4 0 0 0 0 412 718 198 129 53 1378 0 0 0 89577
ROW 4 256 230923 20999 41360 6300 6 0 6 1 0 448 776 207 126 60 1770 217 10 0 119373
ROW 4 256 230923 24772 41360 6325 6 1 6 3 1 430 750 208 128 55 1485 195 40 0 106379
ROW 4 256 230923 36836 37097 7107 4 1 0 4 1 431 744 210 111 59 1711 939 205 0 139580
ROW 4 256 230923 30634 62867 6895 4 1 0 4 1 431 738 186 119 64 2016 1186 414 0 149589
ROW 4 256 230923 26928 41104 6321 6 0 1 0 0 388 674 180 120 51 1275 32 0 0 85008
ROW 4 256 230923 22875 54243 6809 4 1 0 3 1 456 788 209 116 64 2016 570 222 0 133359
ROW 4 256 230923 10906 15916 6413 4 0 0 0 0 322 548 156 108 48 1128 480 0 0 81352
ROW 4 256 230923 3600 21259 6399 4 0 0 0 0 290 496 140 108 42 861 40 0 0 77775
ROW 4 256 230923 28624 32929 6209 6 0 3 0 0 408 714 195 126 51 1275 96 0 0 90939
ROW 4 256 230923 20994 25017 6219 6 0 0 0 0 430 736 204 129 62 1891 0 0 0 107681
ROW 4 256 230923 26683 28881 6151 6 0 6 0 0 435 758 214 129 56 1540 114 0 0 107069
ROW 4 256 230923 28622 58559 7043 4 1 0 4 1 443 770 213 118 58 1653 976 471 0 141714
ROW 4 256 230923 10414 62866 6287 6 1 4 3 1 427 730 171 121 64 2016 501 285 0 177992
ROW 4 256 230923 1755 37092 6720 4 1 0 4 1 336 552 142 95 62 1891 1463 317 0 147936
ROW 4 256 230923 20996 37091 6539 4 0 0 0 0 446 768 213 124 64 2016 252 0 0 131726
ROW 4 256 230923 10906 25010 6827 4 1 0 4 1 292 484 120 89 52 1326 1136 397 0 111488
ROW 4 256 230923 25024 32675 7024 6 1 4 4 1 443 762 190 118 64 2016 370 119 0 146723
ROW 4 256 230923 17439 32931 6202 6 0 1 0 0 429 734 183 125 64 2016 12 0 0 112049
ROW 4 256 230923 10906 17658 6978 4 1 0 4 1 294 492 135 93 50 1225 1073 222 0 95979
ROW 4 256 230923 41105 43501 6220 4 0 0 0 0 369 642 176 121 48 1128 528 0 0 93234
ROW 4 256 230924 6610 66901 1350 4 1 0 4 1 361 606 176 91 60 1770 864 733 0 155831
ROW 4 256 230924 49833 80141 1014 4 1 0 4 1 397 710 271 164 42 861 770 241 0 97953
ROW 4 256 230924 2930 19191 1463 4 1 0 3 1 353 580 172 98 63 1953 266 77 0 121066
ROW 4 256 230924 37074 67075 1177 6 1 4 4 1 451 778 214 142 64 2016 1012 965 0 251760
ROW 4 256 230924 113994 123241 1068 4 1 0 3 1 274 486 183 127 33 528 32 32 0 60052
ROW 4 256 230924 9669 26148 2967 4 1 0 4 1 313 528 134 84 51 1275 834 114 0 95338
ROW 4 256 230924 9802 46783 1429 4 1 0 4 1 346 594 175 92 51 1275 164 31 0 88966
ROW 4 256 230924 10549 96766 1203 4 0 0 0 0 331 594 210 112 34 561 0 0 0 54702
ROW 4 256 230924 113995 121272 1695 4 0 0 0 0 270 480 153 84 32 496 0 0 0 53100
ROW 4 256 230924 36834 62754 1149 4 1 0 3 1 406 688 193 102 64 2016 838 606 0 174075
ROW 4 256 230924 122196 122907 1452 4 1 0 4 1 327 598 228 125 28 378 65 64 0 59591
ROW 4 256 230924 14977 16901 1990 2 1 4 0 1 314 532 129 91 50 1225 155 34 0 85549
ROW 4 256 230924 41345 71407 1027 4 1 0 4 1 506 900 341 153 56 1540 865 768 0 164758
ROW 4 256 230924 34721 47371 1256 4 1 0 3 1 297 514 179 93 40 780 589 153 0 74368
ROW 4 256 230924 26664 53814 1302 4 1 0 4 1 297 512 179 100 41 820 564 210 0 75621
ROW 4 256 230924 16903 44649 2572 4 1 0 4 1 331 568 153 96 49 1176 996 326 0 108102
ROW 4 256 230924 393 2407 1894 4 1 0 3 1 308 538 173 115 39 741 517 40 0 80430
ROW 4 256 230924 8778 10420 2641 6 0 0 0 0 384 670 202 126 49 1176 0 0 0 79388
ROW 4 256 230924 20842 45376 1159 6 1 4 4 1 316 522 151 91 55 1485 325 216 0 118722
ROW 4 256 230924 15112 46776 1238 4 1 0 3 1 336 562 161 98 57 1596 313 62 0 97632
ROW 4 256 230924 6770 21242 3526 6 0 0 0 0 411 718 185 128 52 1326 0 0 0 89537
ROW 4 256 230924 19416 47537 5678 4 1 0 4 1 446 768 181 117 64 2016 680 183 0 132517
ROW 4 256 230924 25006 26681 4899 6 0 1 0 0 441 770 219 129 56 1540 4 0 0 96961
ROW 4 256 230924 12225 52073 4871 6 1 4 4 1 452 780 183 121 64 2016 794 183 0 180958
ROW 4 256 230924 17674 26679 5996 4 0 0 0 0 405 700 195 123 55 1485 0 0 0 104124
ROW 4 256 230924 17667 32674 5784 6 0 6 0 0 431 740 207 128 61 1830 94 0 0 109273
ROW 4 256 230924 8786 26681 4832 4 0 0 0 0 419 724 205 128 57 1596 0 0 0 94156
ROW 4 256 230924 17437 45638 5007 6 1 4 3 1 473 822 220 128 64 2016 160 60 0 131625
ROW 4 256 230924 15711 54229 4964 2 1 4 0 1 476 828 215 125 64 2016 472 120 0 146664
ROW 4 256 230924 20997 30873 4978 6 0 0 0 0 460 796 214 128 64 2016 0 0 0 124683
ROW 4 256 230924 10421 21246 4093 6 0 0 0 0 418 726 200 128 55 1485 0 0 0 93094
ROW 4 256 230924 4921 21242 3535 4 0 0 0 0 399 692 195 129 53 1378 0 0 0 85249
ROW 4 256 230924 32675 41351 5560 6 1 4 3 1 462 800 220 120 64 2016 507 96 0 151904
ROW 4 256 230924 1233 32918 3959 6 0 0 0 0 429 752 190 127 53 1378 0 0 0 90368
ROW 4 256 230924 41350 45393 5849 4 1 0 3 1 421 736 214 122 53 1378 991 101 0 118912
ROW 4 256 230924 14004 14183 3459 6 0 0 0 0 448 772 209 125 64 2016 0 0 0 111959
ROW 4 256 230924 15712 34977 4201 2 1 4 0 1 477 830 211 126 64 2016 49 0 0 119233
ROW 4 256 230924 10414 32932 5525 6 0 0 0 0 397 690 187 123 52 1326 0 0 0 84278
ROW 4 256 230924 3099 49926 4921 4 1 0 0 0 475 826 213 127 64 2016 114 0 0 157584
ROW 4 256 230924 6771 45636 4215 4 0 0 0 0 492 860 241 128 64 2016 16 0 0 128480
ROW 4 256 230924 25011 51833 6960 4 1 0 4 1 438 752 168 116 64 2016 1433 539 0 163855
ROW 4 256 230924 17437 26937 6284 6 0 4 0 0 433 742 205 123 64 2016 27 0 0 114214
ROW 4 256 230924 32668 60710 6723 4 1 0 3 1 446 768 218 120 62 1891 1137 410 0 161892
ROW 4 256 230924 28627 39234 6800 4 1 0 4 1 444 764 215 118 62 1891 606 240 0 151022
ROW 4 256 230924 22873 41364 6659 4 1 0 4 1 451 778 215 125 64 2016 374 54 0 121286
ROW 4 256 230924 32917 49676 6171 4 1 0 4 1 431 738 190 118 64 2016 1260 460 0 153676
ROW 4 256 230924 5429 28866 7454 4 1 0 4 1 306 512 143 86 52 1326 1136 625 0 130854
ROW 4 256 230924 17661 60455 6636 4 1 0 4 1 435 746 167 116 64 2016 1462 549 0 158216
ROW 4 256 230924 17440 58549 6645 6 1 4 3 1 452 780 198 115 64 2016 432 64 0 147815
ROW 4 256 230924 17429 32936 6519 4 0 0 0 0 408 692 192 121 62 1891 121 0 0 105377
ROW 4 256 230924 1754 39216 7272 4 1 0 4 1 283 474 125 85 48 1128 1008 508 0 116688
ROW 4 256 230924 10418 69352 7067 4 1 0 4 1 404 684 167 111 64 2016 1395 885 0 182551
ROW 4 256 230924 32920 45391 6183 4 0 0 2 0 404 702 199 121 53 1378 685 64 0 97041
ROW 4 256 230924 37095 45389 7160 4 1 0 4 1 438 760 215 119 58 1653 880 365 0 129071
ROW 4 256 230924 20997 32931 6398 6 0 5 0 0 435 746 202 127 62 1891 167 0 0 139009
ROW 4 256 230924 19188 58560 7416 4 1 0 4 1 445 766 187 116 64 2016 823 254 0 138258
ROW 4 256 230924 28631 37089 6505 4 1 0 3 1 446 768 200 121 64 2016 119 60 0 137607
ROW 4 256 230924 15915 45393 6335 4 1 0 3 1 458 790 222 127 63 1953 284 67 0 137076
ROW 4 256 230924 25019 32672 6484 6 1 5 3 1 431 746 214 122 58 1653 152 92 0 115436
ROW 4 256 230924 28627 49930 6030 6 0 4 0 0 429 750 210 121 54 1431 175 0 0 105397
ROW 4 1024 230923 6149 46785 1494 4 1 0 1 0 320 546 154 93 49 1176 140 13 0 105568
ROW 4 1024 230923 104310 116428 1468 4 0 0 1 0 267 498 202 137 18 153 131 4 0 44643
ROW 4 1024 230923 22260 38211 1458 4 1 0 4 1 379 640 190 102 61 1830 1155 310 0 169666
ROW 4 1024 230923 24606 38950 1033 6 1 4 4 1 323 546 178 93 50 1225 215 173 0 127889
ROW 4 1024 230923 47537 62756 1243 4 1 0 4 1 432 740 227 118 64 2016 1389 827 0 184474
ROW 4 1024 230923 53985 58442 1076 4 1 0 3 1 380 668 240 123 46 1035 685 202 0 94266
ROW 4 1024 230923 9807 29906 1043 6 0 0 0 0 302 508 138 94 50 1225 0 0 0 72384
ROW 4 1024 230923 9805 46781 1354 6 1 4 4 1 331 560 159 95 53 1378 245 25 0 99406
ROW 4 1024 230923 26063 38205 1221 4 1 0 4 1 352 592 180 93 58 1653 860 222 0 109995
ROW 4 1024 230923 8437 10452 1497 6 0 5 0 0 318 534 169 100 51 1275 89 0 0 85820
ROW 4 1024 230923 1156 6748 1119 6 0 0 0 0 255 442 138 88 34 561 0 0 0 46847
ROW 4 1024 230923 113998 121290 1680 6 0 0 0 0 277 494 156 81 32 496 0 0 0 52097
ROW 4 1024 230923 9805 38218 1476 4 1 0 3 1 340 582 160 93 51 1275 207 18 0 84107
ROW 4 1024 230923 4918 17654 2802 6 0 0 0 0 367 638 183 125 48 1128 0 0 0 76783
ROW 4 1024 230923 16841 42488 1236 4 1 0 3 1 343 576 176 95 57 1596 422 68 0 98103
ROW 4 1024 230923 28630 64907 1185 6 1 4 4 1 393 662 181 106 64 2016 964 850 0 229738
ROW 4 1024 230923 4896 75610 1001 4 0 0 0 0 313 548 174 107 41 820 4 0 0 64010
ROW 4 1024 230923 20476 31935 2252 4 1 0 3 1 333 568 190 106 49 1176 818 52 0 99686
ROW 4 1024 230923 10419 10600 2607 6 0 0 0 0 388 680 183 128 48 1128 0 0 0 79388
ROW 4 1024 230923 12335 71250 1187 6 1 4 4 1 421 728 223 103 59 1711 769 672 0 199021
ROW 4 1024 230923 24998 58299 5460 4 1 0 4 1 432 740 181 117 64 2016 1520 692 0 173404
ROW 4 1024 230923 15905 30634 4555 4 0 0 0 0 446 772 212 127 60 1770 0 0 0 105096
ROW 4 1024 230923 10601 51832 5552 6 1 4 4 1 469 814 190 119 64 2016 735 334 0 186307
ROW 4 1024 230923 10421 37075 3822 6 0 0 0 0 465 810 214 127 60 1770 0 0 0 107470
ROW 4 1024 230923 15710 49931 5764 6 0 5 2 0 456 788 196 123 64 2016 211 33 0 143568
ROW 4 1024 230923 15712 19410 3435 6 0 0 0 0 428 742 209 126 57 1596 0 0 0 95518
ROW 4 1024 230923 6773 54237 5520 6 1 6 3 1 463 802 210 127 64 2016 206 44 0 130453
ROW 4 1024 230923 17657 20999 4150 6 0 0 0 0 465 808 214 126 61 1830 0 0 0 110035
ROW 4 1024 230923 15909 45393 5834 4 0 0 3 1 467 814 233 128 60 1770 197 64 0 113030
ROW 4 1024 230923 1239 25008 3816 6 0 0 0 0 412 718 206 128 53 1378 0 0 0 90319
ROW 4 1024 230923 28625 45642 5810 6 0 6 1 0 389 680 186 120 49 1176 45 32 0 86121
ROW 4 1024 230923 28627 54232 5796 4 1 0 3 1 436 758 215 121 57 1596 589 81 0 110907
ROW 4 1024 230923 19411 24769 3952 6 0 0 0 0 436 766 207 128 53 1378 0 0 0 92853
ROW 4 1024 230923 4920 67164 5325 6 1 4 4 1 435 746 178 122 64 2016 986 547 0 244246
ROW 4 1024 230923 15707 25014 5324 4 0 0 0 0 412 714 190 128 55 1485 0 0 0 94516
ROW 4 1024 230923 36829 41350 5771 4 0 0 3 1 396 694 194 122 49 1176 137 33 0 86962
ROW 4 1024 230923 1231 10610 4020 4 0 0 0 0 377 656 186 125 49 1176 0 0 0 103403
ROW 4 1024 230923 25010 36832 5816 6 0 2 2 0 420 734 209 129 53 1378 64 64 0 131826
ROW 4 1024 230923 20994 21249 5760 6 0 0 0 0 428 732 193 127 62 1891 0 0 0 152975
ROW 4 1024 230923 4917 23115 4130 4 0 0 0 0 412 718 198 129 53 1378 0 0 0 90679
ROW 4 1024 230923 20999 41360 6300 6 0 6 1 0 448 776 207 126 60 1770 217 10 0 121637
ROW 4 1024 230923 24772 41360 6325 6 1 6 3 1 430 750 208 128 55 1485 195 40 0 109104
ROW 4 1024 230923 36836 37097 7107 4 1 0 4 1 431 744 210 111 59 1711 939 205 0 139571
ROW 4 1024 230923 30634 62867 6895 4 1 0 4 1 431 738 186 119 64 2016 1186 414 0 180006
ROW 4 1024 230923 26928 41104 6321 6 0 1 0 0 388 674 180 120 51 1275 32 0 0 86041
ROW 4 1024 230923 22875 54243 6809 4 1 0 3 1 456 788 209 116 64 2016 570 222 0 134872
ROW 4 1024 230923 10906 15916 6413 4 0 0 0 0 322 548 156 108 48 1128 480 0 0 110266
ROW 4 1024 230923 3600 21259 6399 4 0 0 0 0 290 496 140 108 42 861 40 0 0 91981
ROW 4 1024 230923 28624 32929 6209 6 0 3 0 0 408 714 195 126 51 1275 96 0 0 139300
ROW 4 1024 230923 20994 25017 6219 6 0 0 0 0 430 736 204 129 62 1891 0 0 0 146523
ROW 4 1024 230923 26683 28881 6151 6 0 6 0 0 435 758 214 129 56 1540 114 0 0 105016
ROW 4 1024 230923 28622 58559 7043 4 1 0 4 1 443 770 213 118 58 1653 976 471 0 142997
ROW 4 1024 230923 10414 62866 6287 6 1 4 3 1 427 730 171 121 64 2016 501 285 0 178292
ROW 4 1024 230923 1755 37092 6720 4 1 0 4 1 336 552 142 95 62 1891 1463 317 0 148467
ROW 4 1024 230923 20996 37091 6539 4 0 0 0 0 446 768 213 124 64 2016 252 0 0 116868
ROW 4 1024 230923 10906 25010 6827 4 1 0 4 1 292 484 120 89 52 1326 1136 397 0 113963
ROW 4 1024 230923 25024 32675 7024 6 1 4 4 1 443 762 190 118 64 2016 370 119 0 146603
ROW 4 1024 230923 17439 32931 6202 6 0 1 0 0 429 734 183 125 64 2016 12 0 0 113332
ROW 4 1024 230923 10906 17658 6978 4 1 0 4 1 294 492 135 93 50 1225 1073 222 0 142997
ROW 4 1024 230923 41105 43501 6220 4 0 0 0 0 369 642 176 121 48 1128 528 0 0 126706
ROW 4 1024 230924 6610 66901 1350 4 1 0 4 1 361 606 176 91 60 1770 864 733 0 207317
ROW 4 1024 230924 49833 80141 1014 4 1 0 4 1 397 710 271 164 42 861 770 241 0 135703
ROW 4 1024 230924 2930 19191 1463 4 1 0 3 1 353 580 172 98 63 1953 266 77 0 170939
ROW 4 1024 230924 37074 67075 1177 6 1 4 4 1 451 778 214 142 64 2016 1012 965 0 310369
ROW 4 1024 230924 113994 123241 1068 4 1 0 3 1 274 486 183 127 33 528 32 32 0 75130
ROW 4 1024 230924 9669 26148 2967 4 1 0 4 1 313 528 134 84 51 1275 834 114 0 123650
ROW 4 1024 230924 9802 46783 1429 4 1 0 4 1 346 594 175 92 51 1275 164 31 0 114263
ROW 4 1024 230924 10549 96766 1203 4 0 0 0 0 331 594 210 112 34 561 0 0 0 89517
ROW 4 1024 230924 113995 121272 1695 4 0 0 0 0 270 480 153 84 32 496 0 0 0 69089
ROW 4 1024 230924 36834 62754 1149 4 1 0 3 1 406 688 193 102 64 2016 838 606 0 204150
ROW 4 1024 230924 122196 122907 1452 4 1 0 4 1 327 598 228 125 28 378 65 64 0 74288
ROW 4 1024 230924 14977 16901 1990 2 1 4 0 1 314 532 129 91 50 1225 155 34 0 108843
ROW 4 1024 230924 41345 71407 1027 4 1 0 4 1 506 900 341 153 56 1540 865 768 0 204591
ROW 4 1024 230924 34721 47371 1256 4 1 0 3 1 297 514 179 93 40 780 589 153 0 94967
ROW 4 1024 230924 26664 53814 1302 4 1 0 4 1 297 512 179 100 41 820 564 210 0 96450
ROW 4 1024 230924 16903 44649 2572 4 1 0 4 1 331 568 153 96 49 1176 996 326 0 135704
ROW 4 1024 230924 393 2407 1894 4 1 0 3 1 308 538 173 115 39 741 517 40 0 98193
ROW 4 1024 230924 8778 10420 2641 6 0 0 0 0 384 670 202 126 49 1176 0 0 0 99605
ROW 4 1024 230924 20842 45376 1159 6 1 4 4 1 316 522 151 91 55 1485 325 216 0 145722
ROW 4 1024 230924 15112 46776 1238 4 1 0 3 1 336 562 161 98 57 1596 313 62 0 125744
ROW 4 1024 230924 6770 21242 3526 6 0 0 0 0 411 718 185 128 52 1326 0 0 0 112510
ROW 4 1024 230924 19416 47537 5678 4 1 0 4 1 446 768 181 117 64 2016 680 183 0 166581
ROW 4 1024 230924 25006 26681 4899 6 0 1 0 0 441 770 219 129 56 1540 4 0 0 122679
ROW 4 1024 230924 12225 52073 4871 6 1 4 4 1 452 780 183 121 64 2016 794 183 0 219860
ROW 4 1024 230924 17674 26679 5996 4 0 0 0 0 405 700 195 123 55 1485 0 0 0 112230
ROW 4 1024 230924 17667 32674 5784 6 0 6 0 0 431 740 207 128 61 1830 94 0 0 134712
ROW 4 1024 230924 8786 26681 4832 4 0 0 0 0 419 724 205 128 57 1596 0 0 0 120365
ROW 4 1024 230924 17437 45638 5007 6 1 4 3 1 473 822 220 128 64 2016 160 60 0 182260
ROW 4 1024 230924 15711 54229 4964 2 1 4 0 1 476 828 215 125 64 2016 472 120 0 183342
ROW 4 1024 230924 20997 30873 4978 6 0 0 0 0 460 796 214 128 64 2016 0 0 0 164447
ROW 4 1024 230924 10421 21246 4093 6 0 0 0 0 418 726 200 128 55 1485 0 0 0 114984
ROW 4 1024 230924 4921 21242 3535 4 0 0 0 0 399 692 195 129 53 1378 0 0 0 107110
ROW 4 1024 230924 32675 41351 5560 6 1 4 3 1 462 800 220 120 64 2016 507 96 0 185516
ROW 4 1024 230924 1233 32918 3959 6 0 0 0 0 429 752 190 127 53 1378 0 0 0 131986
ROW 4 1024 230924 41350 45393 5849 4 1 0 3 1 421 736 214 122 53 1378 991 101 0 132658
ROW 4 1024 230924 14004 14183 3459 6 0 0 0 0 448 772 209 125 64 2016 0 0 0 139530
ROW 4 1024 230924 15712 34977 4201 2 1 4 0 1 477 830 211 126 64 2016 49 0 0 150080
ROW 4 1024 230924 10414 32932 5525 6 0 0 0 0 397 690 187 123 52 1326 0 0 0 107110
ROW 4 1024 230924 3099 49926 4921 4 1 0 0 0 475 826 213 127 64 2016 114 0 0 148837
ROW 4 1024 230924 6771 45636 4215 4 0 0 0 0 492 860 241 128 64 2016 16 0 0 147004
ROW 4 1024 230924 25011 51833 6960 4 1 0 4 1 438 752 168 116 64 2016 1433 539 0 219149
ROW 4 1024 230924 17437 26937 6284 6 0 4 0 0 433 742 205 123 64 2016 27 0 0 145591
ROW 4 1024 230924 32668 60710 6723 4 1 0 3 1 446 768 218 120 62 1891 1137 410 0 207417
ROW 4 1024 230924 28627 39234 6800 4 1 0 4 1 444 764 215 118 62 1891 606 240 0 177602
ROW 4 1024 230924 22873 41364 6659 4 1 0 4 1 451 778 215 125 64 2016 374 54 0 172221
ROW 4 1024 230924 32917 49676 6171 4 1 0 4 1 431 738 190 118 64 2016 1260 460 0 192699
ROW 4 1024 230924 5429 28866 7454 4 1 0 4 1 306 512 143 86 52 1326 1136 625 0 181899
ROW 4 1024 230924 17661 60455 6636 4 1 0 4 1 435 746 167 116 64 2016 1462 549 0 199252
ROW 4 1024 230924 17440 58549 6645 6 1 4 3 1 452 780 198 115 64 2016 432 64 0 198710
ROW 4 1024 230924 17429 32936 6519 4 0 0 0 0 408 692 192 121 62 1891 121 0 0 132147
ROW 4 1024 230924 1754 39216 7272 4 1 0 4 1 283 474 125 85 48 1128 1008 508 0 151402
ROW 4 1024 230924 10418 69352 7067 4 1 0 4 1 404 684 167 111 64 2016 1395 885 0 224339
ROW 4 1024 230924 32920 45391 6183 4 0 0 2 0 404 702 199 121 53 1378 685 64 0 155480
ROW 4 1024 230924 37095 45389 7160 4 1 0 4 1 438 760 215 119 58 1653 880 365 0 167453
ROW 4 1024 230924 20997 32931 6398 6 0 5 0 0 435 746 202 127 62 1891 167 0 0 175928
ROW 4 1024 230924 19188 58560 7416 4 1 0 4 1 445 766 187 116 64 2016 823 254 0 168094
ROW 4 1024 230924 28631 37089 6505 4 1 0 3 1 446 768 200 121 64 2016 119 60 0 153246
ROW 4 1024 230924 15915 45393 6335 4 1 0 3 1 458 790 222 127 63 1953 284 67 0 151342
ROW 4 1024 230924 25019 32672 6484 6 1 5 3 1 431 746 214 122 58 1653 152 92 0 143448
ROW 4 1024 230924 28627 49930 6030 6 0 4 0 0 429 750 210 121 54 1431 175 0 0 131937
ROW 4 4096 230923 6149 46785 1494 4 1 0 1 0 320 546 154 93 49 1176 140 13 0 110346
ROW 4 4096 230923 104310 116428 1468 4 0 0 1 0 267 498 202 137 18 153 131 4 0 55614
ROW 4 4096 230923 22260 38211 1458 4 1 0 4 1 379 640 190 102 61 1830 1155 310 0 177161
PROOF 4 4096 230923 22260 38211 4 4 32602876 313273188743436 103585:4:71397,90090,27681,71503,90188,27763:11632/71397/90179/27762,13405/71503/90090/27681,11631/71477/90144/27763,11630/71468/90188/27762 110257:4:74884,88999,25440,74952,89076,25458:79177/74884/89008/25452,79176/74924/88999/25458,79175/74905/89076/25440,79174/74952/89051/25450
ROW 4 4096 230923 24606 38950 1033 6 1 4 4 1 323 546 178 93 50 1225 215 173 0 136645
PROOF 4 4096 230923 24606 38950 3 4 11152672 33414526054352 43506:4:75423,74268,28123,75486,74297,28123:3071/75423/74296/28123,3072/75453/74297/28123,3073/75467/74278/28123,3074/75486/74268/28123 38769:4:73812,74998,25971,73857,75040,25974:84116/73827/75021/25971,84115/73812/75040/25971,84118/73857/74998/25973,84117/73853/75010/25974
PROOF 4 4096 230923 24606 38950 4 4 11152672 33414526054352 43506:4:75423,74268,28123,75486,74297,28123:3071/75423/74296/28123,3072/75453/74297/28123,3073/75467/74278/28123,3074/75486/74268/28123 38769:4:73812,74998,25971,73857,75040,25974:84116/73827/75021/25971,84115/73812/75040/25971,84118/73857/74998/25973,84117/73853/75010/25974
ROW 4 4096 230923 47537 62756 1243 4 1 0 4 1 432 740 227 118 64 2016 1389 827 0 238094
PROOF 4 4096 230923 47537 62756 4 4 5911524 5927506979396 34849:4:78567,72901,27156,78596,72929,27245:45533/78567/72910/27156,45534/78592/72925/27158,43390/78596/72929/27202,41246/78571/72901/27245 33246:4:77704,73433,26192,77766,73462,26199:84314/77704/73449/26192,84315/77724/73443/26192,84317/77766/73433/26193,84316/77753/73462/26199
ROW 4 4096 230923 53985 58442 1076 4 1 0 3 1 380 668 240 123 46 1035 685 202 0 123150
PROOF 4 4096 230923 53985 58442 4 1 5585032 7066486100856 33213:1:77492,73482,26184,77492,73482,26184:84303/77492/73482/26184 32188:1:78538,72856,27195,78538,72856,27195:43388/78538/72856/27195
PROOF 4 4096 230923 53985 58442 4 1 5788024 8279178031764 33140:2:77361,73378,26208,77366,73397,26212:82139/77366/73378/26208,82138/77361/73397/26212 34851:1:78567,72910,27156,78567,72910,27156:45533/78567/72910/27156
PROOF 4 4096 230923 53985 58442 4 1 5619072 8736238933044 33156:2:77420,73499,26182,77447,73512,26187:84299/77420/73499/26182,84300/77447/73512/26187 32185:1:78544,72851,27151,78544,72851,27151:45532/78544/72851/27151
ROW 4 4096 230923 9807 29906 1043 6 0 0 0 0 302 508 138 94 50 1225 0 0 0 97071
ROW 4 4096 230923 9805 46781 1354 6 1 4 4 1 331 560 159 95 53 1378 245 25 0 147736
PROOF 4 4096 230923 9805 46781 3 4 30703308 470138287355204 95747:4:74432,88371,25438,74494,88422,25444:81363/74432/88375/25441,81362/74452/88371/25444,81361/74473/88398/25441,81360/74494/88422/25438 100908:4:76924,87462,27201,76975,87514,27244:33985/76924/87478/27203,31924/76965/87462/27244,33984/76941/87513/27201,31923/76975/87514/27241
PROOF 4 4096 230923 9805 46781 4 4 30703308 470138287355204 95747:4:74432,88371,25438,74494,88422,25444:81363/74432/88375/25441,81362/74452/88371/25444,81361/74473/88398/25441,81360/74494/88422/25438 100908:4:76924,87462,27201,76975,87514,27244:33985/76924/87478/27203,31924/76965/87462/27244,33984/76941/87513/27201,31923/76975/87514/27241
ROW 4 4096 230923 26063 38205 1221 4 1 0 4 1 352 592 180 93 58 1653 860 222 0 166961
PROOF 4 4096 230923 26063 38205 4 4 27935120 226357992018024 103585:4:71397,90090,27681,71503,90188,27763:11632/71397/90179/27762,13405/71503/90090/27681,11631/71477/90144/27763,11630/71468/90188/27762 110257:4:74884,88999,25440,74952,89076,25458:79177/74884/89008/25452,79176/74924/88999/25458,79175/74905/89076/25440,79174/74952/89051/25450
ROW 4 4096 230923 8437 10452 1497 6 0 5 0 0 318 534 169 100 51 1275 89 0 0 156523
ROW 4 4096 230923 1156 6748 1119 6 0 0 0 0 255 442 138 88 34 561 0 0 0 49672
ROW 4 4096 230923 113998 121290 1680 6 0 0 0 0 277 494 156 81 32 496 0 0 0 61054
ROW 4 4096 230923 9805 38218 1476 4 1 0 3 1 340 582 160 93 51 1275 207 18 0 87023
PROOF 4 4096 230923 9805 38218 4 2 13347352 8765296412396 103599:2:71483,90126,27913,71515,90152,27913:8013/71483/90126/27913,8012/71515/90152/27913 100908:4:76924,87462,27201,76975,87514,27244:33985/76924/87478/27203,31924/76965/87462/27244,33984/76941/87513/27201,31923/76975/87514/27241
PROOF 4 4096 230923 9805 38218 4 1 13492008 5986503072328 104609:1:71463,90257,27982,71463,90257,27982:6164/71463/90257/27982 100915:1:76943,87587,27195,76943,87587,27195:33983/76943/87587/27195
ROW 4 4096 230923 4918 17654 2802 6 0 0 0 0 367 638 183 125 48 1128 0 0 0 78567
ROW 4 4096 230923 16841 42488 1236 4 1 0 3 1 343 576 176 95 57 1596 422 68 0 101289
PROOF 4 4096 230923 16841 42488 4 3 31351252 344734308457988 103593:3:71505,90003,27823,71563,90072,27823:9820/71563/90003/27823,9821/71505/90046/27823,9819/71562/90072/27823 110257:4:74884,88999,25440,74952,89076,25458:79177/74884/89008/25452,79176/74924/88999/25458,79175/74905/89076/25440,79174/74952/89051/25450
ROW 4 4096 230923 28630 64907 1185 6 1 4 4 1 393 662 181 106 64 2016 964 850 0 234297
PROOF 4 4096 230923 28630 64907 3 4 5317752 2682390085900 33197:4:77493,73270,26196,77550,73318,26205:82146/77493/73318/26204,82147/77515/73314/26205,82148/77522/73270/26196,82149/77550/73283/26201 34873:4:78587,72907,27329,78650,72964,27334:36975/78587/72907/27329,36976/78602/72929/27331,36977/78630/72964/27334,36978/78650/72952/27334
PROOF 4 4096 230923 28630 64907 4 4 5018932 875160516428 32581:4:78518,72802,27369,78564,72826,27455:34873/78538/72802/27369,32810/78518/72826/27406,34874/78564/72816/27369,30765/78518/72809/27455 33246:4:77704,73433,26192,77766,73462,26199:84314/77704/73449/26192,84315/77724/73443/26192,84317/77766/73433/26193,84316/77753/73462/26199
ROW 4 4096 230923 4896 75610 1001 4 0 0 0 0 313 548 174 107 41 820 4 0 0 87122
ROW 4 4096 230923 20476 31935 2252 4 1 0 3 1 333 568 190 106 49 1176 818 52 0 91180
PROOF 4 4096 230923 20476 31935 4 2 34506896 548740605469068 86662:3:73543,87499,25486,73583,87548,25493:81406/73543/87499/25493,81405/73551/87541/25486,81404/73583/87548/25489 84624:2:70299,88385,27515,70336,88393,27516:16903/70299/88393/27515,16902/70336/88385/27516
PROOF 4 4096 230923 20476 31935 4 1 37216196 544908400576488 86655:4:73456,87440,25488,73513,87491,25491:81410/73456/87440/25491,81409/73464/87454/25489,81408/73481/87482/25488,81407/73513/87491/25490 84628:1:70402,88375,27517,70402,88375,27517:16901/70402/88375/27517
ROW 4 4096 230923 10419 10600 2607 6 0 0 0 0 388 680 183 128 48 1128 0 0 0 79909
ROW 4 4096 230923 12335 71250 1187 6 1 4 4 1 421 728 223 103 59 1711 769 672 0 203179
PROOF 4 4096 230923 12335 71250 3 4 5360392 6962846546840 33105:4:77207,73318,26185,77238,73395,26199:82133/77218/73328/26186,82134/77238/73318/26185,82132/77207/73362/26192,82131/77210/73395/26199 45998:4:76006,74196,27108,76063,74220,27149:47535/76006/74220/27149,47536/76025/74211/27149,49681/76063/74196/27108,47537/76042/74197/27149
PROOF 4 4096 230923 12335 71250 4 4 5360392 6962846546840 33105:4:77207,73318,26185,77238,73395,26199:82133/77218/73328/26186,82134/77238/73318/26185,82132/77207/73362/26192,82131/77210/73395/26199 45998:4:76006,74196,27108,76063,74220,27149:47535/76006/74220/27149,47536/76025/74211/27149,49681/76063/74196/27108,47537/76042/74197/27149
ROW 4 4096 230923 24998 58299 5460 4 1 0 4 1 432 740 181 117 64 2016 1520 692 0 176088
PROOF 4 4096 230923 24998 58299 4 4 14037596 40430972817328 51293:4:78029,74209,26146,78082,74235,26153:92550/78040/74209/26146,92549/78029/74235/26152,92551/78060/74211/26148,92552/78082/74220/26153 46371:4:76038,74301,27370,76076,74346,27447:36832/76056/74313/27370,36833/76076/74304/27371,36831/76054/74346/27372,32671/76038/74301/27447
ROW 4 4096 230923 15905 30634 4555 4 0 0 0 0 446 772 212 127 60 1770 0 0 0 136144
ROW 4 4096 230923 10601 51832 5552 6 1 4 4 1 469 814 190 119 64 2016 735 334 0 188201
PROOF 4 4096 230923 10601 51832 3 4 14113988 64499119668468 51310:4:78025,74343,26127,78073,74371,26133:94623/78025/74371/26130,94624/78040/74360/26129,94626/78073/74343/26127,94625/78062/74369/26133 46307:4:76057,74235,27492,76083,74283,27532:30634/76057/74235/27492,28629/76083/74255/27531,28627/76064/74283/27532,28628/76072/74275/27532
PROOF 4 4096 230923 10601 51832 4 4 14113988 64499119668468 51310:4:78025,74343,26127,78073,74371,26133:94623/78025/74371/26130,94624/78040/74360/26129,94626/78073/74343/26127,94625/78062/74369/26133 46307:4:76057,74235,27492,76083,74283,27532:30634/76057/74235/27492,28629/76083/74255/27531,28627/76064/74283/27532,28628/76072/74275/27532
ROW 4 4096 230923 10421 37075 3822 6 0 0 0 0 465 810 214 127 60 1770 0 0 0 112960
ROW 4 4096 230923 15710 49931 5764 6 0 5 2 0 456 788 196 123 64 2016 211 33 0 134091
ROW 4 4096 230923 15712 19410 3435 6 0 0 0 0 428 742 209 126 57 1596 0 0 0 125153
ROW 4 4096 230923 6773 54237 5520 6 1 6 3 1 463 802 210 127 64 2016 206 44 0 172152
PROOF 4 4096 230923 6773 54237 3 3 11406000 74116428312756 53492:4:78492,74588,26122,78535,74596,26125:98764/78492/74596/26123,98765/78508/74590/26122,98766/78517/74588/26122,98767/78535/74593/26125 140977:3:80447,75256,27855,80482,75283,27941:14192/80482/75256/27855,8784/80447/75265/27941,8785/80459/75283/27941
PROOF 4 4096 230923 6773 54237 3 3 11480624 85183395820760 53481:3:78401,74594,26116,78422,74611,26121:98759/78405/74594/26116,98758/78401/74611/26121,98760/78422/74594/26117 140968:3:80477,75271,27793,80488,75316,27826:17665/80477/75293/27793,15911/80480/75271/27826,15912/80488/75316/27826
PROOF 4 4096 230923 6773 54237 4 1 12031028 63653486813300 53492:4:78492,74588,26122,78535,74596,26125:98764/78492/74596/26123,98765/78508/74590/26122,98766/78517/74588/26122,98767/78535/74593/26125 141231:1:80425,75376,27907,80425,75376,27907:10604/80425/75376/27907
PROOF 4 4096 230923 6773 54237 4 1 11653628 61423698935940 53365:2:78366,74613,26118,78384,74616,26121:98756/78366/74613/26118,98757/78384/74616/26121 141232:1:80464,75342,27940,80464,75342,27940:8786/80464/75342/27940
PROOF 4 4096 230923 6773 54237 4 1 11739524 66116905484936 53481:3:78401,74594,26116,78422,74611,26121:98759/78405/74594/26116,98758/78401/74611/26121,98760/78422/74594/26117 141236:1:80432,75430,27907,80432,75430,27907:10605/80432/75430/27907
ROW 4 4096 230923 17657 20999 4150 6 0 0 0 0 465 808 214 126 61 1830 0 0 0 111809
ROW 4 4096 230923 15909 45393 5834 4 0 0 3 1 467 814 233 128 60 1770 197 64 0 115817
PROOF 4 4096 230923 15909 45393 4 2 12748720 34723701456728 53351:2:78244,74648,26119,78262,74648,26121:98748/78244/74648/26119,98749/78262/74648/26121 46970:2:76082,74333,27942,76093,74354,27942:10419/76093/74333/27942,10418/76082/74354/27942
PROOF 4 4096 230923 15909 45393 4 1 12775752 34686281182508 53326:3:78200,74645,26115,78229,74657,26120:98745/78200/74648/26115,98746/78208/74645/26115,98747/78229/74657/26120 46867:1:76094,74297,27942,76094,74297,27942:10420/76094/74297/27942
ROW 4 4096 230923 1239 25008 3816 6 0 0 0 0 412 718 206 128 53 1378 0 0 0 89176
ROW 4 4096 230923 28625 45642 5810 6 0 6 1 0 389 680 186 120 49 1176 45 32 0 85389
ROW 4 4096 230923 28627 54232 5796 4 1 0 3 1 436 758 215 121 57 1596 589 81 0 115345
PROOF 4 4096 230923 28627 54232 4 1 13600744 30412009660104 53353:1:78262,74648,26121,78262,74648,26121:98749/78262/74648/26121 140813:1:80371,75036,27909,80371,75036,27909:10601/80371/75036/27909
PROOF 4 4096 230923 28627 54232 4 1 13457656 75540868735968 53352:1:78244,74648,26119,78244,74648,26119:98748/78244/74648/26119 140712:1:80435,75033,27550,80435,75033,27550:32917/80435/75033/27550
PROOF 4 4096 230923 28627 54232 4 1 13329080 83595478319496 53365:2:78366,74613,26118,78384,74616,26121:98756/78366/74613/26118,98757/78384/74616/26121 140496:1:80442,75028,27493,80442,75028,27493:37080/80442/75028/27493
ROW 4 4096 230923 19411 24769 3952 6 0 0 0 0 436 766 207 128 53 1378 0 0 0 93023
ROW 4 4096 230923 4920 67164 5325 6 1 4 4 1 435 746 178 122 64 2016 986 547 0 228205
PROOF 4 4096 230923 4920 67164 3 4 22614064 219209316779108 35338:4:78624,73009,27928,78668,73065,28013:10544/78624/73064/27928,10545/78646/73060/27928,10546/78668/73065/27928,6905/78662/73009/28013 53492:4:78492,74588,26122,78535,74596,26125:98764/78492/74596/26123,98765/78508/74590/26122,98766/78517/74588/26122,98767/78535/74593/26125
PROOF 4 4096 230923 4920 67164 4 4 13805592 26083551838052 53472:4:78397,74432,26138,78493,74455,26146:96723/78397/74455/26143,96725/78426/74432/26138,96724/78413/74451/26143,96729/78493/74446/26146 140672:4:80361,74759,27692,80396,74800,27727:21233/80361/74759/27726,21234/80377/74760/27725,23105/80396/74789/27692,21235/80388/74800/27727
ROW 4 4096 230923 15707 25014 5324 4 0 0 0 0 412 714 190 128 55 1485 0 0 0 95338
ROW 4 4096 230923 36829 41350 5771 4 0 0 3 1 396 694 194 122 49 1176 137 33 0 87834
PROOF 4 4096 230923 36829 41350 4 3 19566608 186765404364360 35401:3:78735,73046,27927,78764,73074,27928:10549/78735/73074/27928,10550/78751/73046/27927,10551/78764/73057/27927 53608:3:78208,75027,26116,78225,75070,26129:102708/78225/75027/26116,102706/78208/75048/26121,102707/78224/75070/26129
ROW 4 4096 230923 1231 10610 4020 4 0 0 0 0 377 656 186 125 49 1176 0 0 0 82614
ROW 4 4096 230923 25010 36832 5816 6 0 2 2 0 420 734 209 129 53 1378 64 64 0 147976
ROW 4 4096 230923 20994 21249 5760 6 0 0 0 0 428 732 193 127 62 1891 0 0 0 154048
ROW 4 4096 230923 4917 23115 4130 4 0 0 0 0 412 718 198 129 53 1378 0 0 0 126506
ROW 4 4096 230923 20999 41360 6300 6 0 6 1 0 448 776 207 126 60 1770 217 10 0 123480
ROW 4 4096 230923 24772 41360 6325 6 1 6 3 1 430 750 208 128 55 1485 195 40 0 135192
PROOF 4 4096 230923 24772 41360 3 3 13637644 101850889778688 53691:3:78519,74982,26130,78548,74992,26132:102728/78519/74992/26132,102729/78532/74983/26130,102730/78548/74982/26130 46863:3:76089,74242,27942,76095,74297,27942:10422/76095/74242/27942,10421/76089/74253/27942,10420/76094/74297/27942
PROOF 4 4096 230923 24772 41360 3 3 13648708 103474885131216 53326:3:78200,74645,26115,78229,74657,26120:98745/78200/74648/26115,98746/78208/74645/26115,98747/78229/74657/26120 46968:3:76062,74333,27942,76093,74362,27942:10417/76062/74362/27942,10419/76093/74333/27942,10418/76082/74354/27942
PROOF 4 4096 230923 24772 41360 4 1 14004996 82324493854544 53736:2:78454,75019,26137,78493,75026,26138:102723/78454/75026/26137,102726/78493/75019/26138 141237:1:80441,75459,27907,80441,75459,27907:10606/80441/75459/27907
PROOF 4 4096 230923 24772 41360 4 1 13407992 87430897984832 53351:2:78244,74648,26119,78262,74648,26121:98748/78244/74648/26119,98749/78262/74648/26121 46874:1:76064,74320,28025,76064,74320,28025:6770/76064/74320/28025
PROOF 4 4096 230923 24772 41360 4 1 13362152 89117858451168 53563:2:78304,74779,26108,78321,74782,26108:100727/78304/74782/26108,100728/78321/74779/26108 46871:1:76069,74292,28025,76069,74292,28025:6771/76069/74292/28025
ROW 4 4096 230923 36836 37097 7107 4 1 0 4 1 431 744 210 111 59 1711 939 205 0 123781
PROOF 4 4096 230923 36836 37097 4 4 20399768 181488452369168 140672:4:80361,74759,27692,80396,74800,27727:21233/80361/74759/27726,21234/80377/74760/27725,23105/80396/74789/27692,21235/80388/74800/27727 53641:4:78352,75141,26118,78396,75156,26127:104700/78352/75143/26118,104701/78369/75145/26121,104702/78375/75141/26120,104703/78396/75156/26127
ROW 4 4096 230923 30634 62867 6895 4 1 0 4 1 431 738 186 119 64 2016 1186 414 0 153266
PROOF 4 4096 230923 30634 62867 4 2 15416776 21889862065236 53351:2:78244,74648,26119,78262,74648,26121:98748/78244/74648/26119,98749/78262/74648/26121 141235:2:80432,75430,27907,80441,75459,27907:10605/80432/75430/27907,10606/80441/75459/27907
PROOF 4 4096 230923 30634 62867 4 2 15783672 72475246844836 53736:2:78454,75019,26137,78493,75026,26138:102723/78454/75026/26137,102726/78493/75019/26138 141061:2:80494,75376,27465,80506,75394,27466:41358/80494/75376/27465,41359/80506/75394/27466
ROW 4 4096 230923 26928 41104 6321 6 0 1 0 0 388 674 180 120 51 1275 32 0 0 86281
ROW 4 4096 230923 22875 54243 6809 4 1 0 3 1 456 788 209 116 64 2016 570 222 0 189273
PROOF 4 4096 230923 22875 54243 4 3 15050488 96801810645396 53691:3:78519,74982,26130,78548,74992,26132:102728/78519/74992/26132,102729/78532/74983/26130,102730/78548/74982/26130 46863:3:76089,74242,27942,76095,74297,27942:10422/76095/74242/27942,10421/76089/74253/27942,10420/76094/74297/27942
ROW 4 4096 230923 10906 15916 6413 4 0 0 0 0 322 548 156 108 48 1128 480 0 0 124563
ROW 4 4096 230923 3600 21259 6399 4 0 0 0 0 290 496 140 108 42 861 40 0 0 89237
ROW 4 4096 230923 28624 32929 6209 6 0 3 0 0 408 714 195 126 51 1275 96 0 0 96500
ROW 4 4096 230923 20994 25017 6219 6 0 0 0 0 430 736 204 129 62 1891 0 0 0 123701
ROW 4 4096 230923 26683 28881 6151 6 0 6 0 0 435 758 214 129 56 1540 114 0 0 111909
ROW 4 4096 230923 28622 58559 7043 4 1 0 4 1 443 770 213 118 58 1653 976 471 0 197238
PROOF 4 4096 230923 28622 58559 4 4 19873008 124559569484916 140672:4:80361,74759,27692,80396,74800,27727:21233/80361/74759/27726,21234/80377/74760/27725,23105/80396/74789/27692,21235/80388/74800/27727 53641:4:78352,75141,26118,78396,75156,26127:104700/78352/75143/26118,104701/78369/75145/26121,104702/78375/75141/26120,104703/78396/75156/26127
ROW 4 4096 230923 10414 62866 6287 6 1 4 3 1 427 730 171 121 64 2016 501 285 0 254455
PROOF 4 4096 230923 10414 62866 3 4 13320960 124228147172232 53585:4:78329,74997,26118,78395,75014,26128:102715/78329/75011/26121,102716/78341/74999/26118,102718/78373/74997/26121,102719/78395/75014/26128 141047:4:80508,75404,27409,80517,75461,27442:45647/80508/75404/27409,43506/80510/75416/27438,45648/80517/75438/27412,43507/80517/75461/27442
PROOF 4 4096 230923 10414 62866 4 3 13406140 70476830947680 53691:3:78519,74982,26130,78548,74992,26132:102728/78519/74992/26132,102729/78532/74983/26130,102730/78548/74982/26130 141150:3:80505,75409,27660,80511,75454,27687:26927/80505/75409/27660,25014/80508/75409/27687,26928/80511/75454/27661
ROW 4 4096 230923 1755 37092 6720 4 1 0 4 1 336 552 142 95 62 1891 1463 317 0 215712
PROOF 4 4096 230923 1755 37092 4 4 26284584 294478571107448 146128:4:83337,75714,26139,83367,75757,26142:97000/83337/75714/26139,97001/83346/75730/26140,97002/83360/75740/26139,97003/83367/75757/26142 141850:4:80564,75741,27800,80591,75748,27830:17678/80570/75741/27800,15924/80564/75748/27830,15925/80577/75748/27830,15926/80591/75743/27830
ROW 4 4096 230923 20996 37091 6539 4 0 0 0 0 446 768 213 124 64 2016 252 0 0 119723
ROW 4 4096 230923 10906 25010 6827 4 1 0 4 1 292 484 120 89 52 1326 1136 397 0 115796
PROOF 4 4096 230923 10906 25010 4 4 29461412 360294792335316 146015:4:83237,75667,26145,83275,75695,26151:96993/83237/75673/26150,96994/83254/75667/26145,96995/83254/75694/26151,96996/83275/75695/26147 141850:4:80564,75741,27800,80591,75748,27830:17678/80570/75741/27800,15924/80564/75748/27830,15925/80577/75748/27830,15926/80591/75743/27830
ROW 4 4096 230923 25024 32675 7024 6 1 4 4 1 443 762 190 118 64 2016 370 119 0 161201
PROOF 4 4096 230923 25024 32675 3 4 19618352 177486803292280 140808:4:80360,74978,27909,80414,75036,27945:10600/80360/74997/27909,8779/80404/74978/27945,10601/80371/75036/27909,8780/80414/75020/27944 53641:4:78352,75141,26118,78396,75156,26127:104700/78352/75143/26118,104701/78369/75145/26121,104702/78375/75141/26120,104703/78396/75156/26127
PROOF 4 4096 230923 25024 32675 4 4 19618352 177486803292280 140808:4:80360,74978,27909,80414,75036,27945:10600/80360/74997/27909,8779/80404/74978/27945,10601/80371/75036/27909,8780/80414/75020/27944 53641:4:78352,75141,26118,78396,75156,26127:104700/78352/75143/26118,104701/78369/75145/26121,104702/78375/75141/26120,104703/78396/75156/26127
ROW 4 4096 230923 17439 32931 6202 6 0 1 0 0 429 734 183 125 64 2016 12 0 0 113562
ROW 4 4096 230923 10906 17658 6978 4 1 0 4 1 294 492 135 93 50 1225 1073 222 0 98393
PROOF 4 4096 230923 10906 17658 4 4 31818720 456357421483404 146060:4:83339,75402,26161,83389,75412,26168:92887/83339/75403/26168,92888/83363/75402/26164,92889/83370/75408/26164,92890/83389/75412/26161 141850:4:80564,75741,27800,80591,75748,27830:17678/80570/75741/27800,15924/80564/75748/27830,15925/80577/75748/27830,15926/80591/75743/27830
ROW 4 4096 230923 41105 43501 6220 4 0 0 0 0 369 642 176 121 48 1128 528 0 0 81342
ROW 4 4096 230924 6610 66901 1350 4 1 0 4 1 361 606 176 91 60 1770 864 733 0 161161
PROOF 4 4096 230924 6610 66901 4 4 14084124 560521606196 43506:4:75423,74268,28123,75486,74297,28123:3071/75423/74296/28123,3072/75453/74297/28123,3073/75467/74278/28123,3074/75486/74268/28123 38769:4:73812,74998,25971,73857,75040,25974:84116/73827/75021/25971,84115/73812/75040/25971,84118/73857/74998/25973,84117/73853/75010/25974
ROW 4 4096 230924 49833 80141 1014 4 1 0 4 1 397 710 271 164 42 861 770 241 0 116186
PROOF 4 4096 230924 49833 80141 4 2 4027796 4767616945256 132001:2:79692,73744,26207,79711,73744,26207:88543/79692/73744/26207,88544/79711/73744/26207 35003:2:78874,72989,27256,78882,73003,27257:41261/78882/72989/27256,41260/78874/73003/27257
PROOF 4 4096 230924 49833 80141 4 2 3844272 4501092372500 132041:2:79688,73928,26189,79734,73929,26189:90590/79688/73929/26189,90593/79734/73928/26189 35006:2:78903,72958,27254,78922,72981,27256:41263/78922/72958/27254,41262/78903/72981/27256
ROW 4 4096 230924 2930 19191 1463 4 1 0 3 1 353 580 172 98 63 1953 266 77 0 129992
PROOF 4 4096 230924 2930 19191 4 2 41871408 752556919461856 28633:2:72044,71940,25861,72070,71942,25865:69016/72044/71940/25861,69017/72070/71942/25865 27933:2:73161,69418,27750,73215,69477,27750:15720/73215/69418/27750,15718/73161/69477/27750
PROOF 4 4096 230924 2930 19191 4 1 42731248 346574868958352 28687:4:72609,71891,25926,72724,71914,25936:69030/72609/71914/25926,69031/72650/71909/25930,69032/72684/71896/25932,69033/72724/71891/25936 27914:1:71746,69301,28236,71746,69301,28236:4897/71746/69301/28236
ROW 4 4096 230924 37074 67075 1177 6 1 4 4 1 451 778 214 142 64 2016 1012 965 0 284741
PROOF 4 4096 230924 37074 67075 3 4 4200916 838288503488 131869:4:79374,73635,26242,79432,73646,26245:86465/79374/73641/26243,86466/79393/73635/26242,86467/79414/73646/26245,86468/79432/73635/26243 34974:4:78812,72974,27258,78853,73024,27336:41257/78812/73024/27259,41258/78832/73017/27258,41259/78853/73014/27258,36986/78819/72974/27336
PROOF 4 4096 230924 37074 67075 4 4 4200916 838288503488 131869:4:79374,73635,26242,79432,73646,26245:86465/79374/73641/26243,86466/79393/73635/26242,86467/79414/73646/26245,86468/79432/73635/26243 34974:4:78812,72974,27258,78853,73024,27336:41257/78812/73024/27259,41258/78832/73017/27258,41259/78853/73014/27258,36986/78819/72974/27336
ROW 4 4096 230924 113994 123241 1068 4 1 0 3 1 274 486 183 127 33 528 32 32 0 62737
PROOF 4 4096 230924 113994 123241 4 3 15918360 12217877880064 148859:4:83056,78115,25974,83079,78137,25981:123342/83056/78115/25981,123343/83064/78124/25979,123344/83079/78130/25974,123345/83077/78137/25977 142660:3:81188,78811,26916,81213,78957,26951:122195/81188/78822/26929,122196/81213/78811/26916,122197/81202/78957/26951
ROW 4 4096 230924 9669 26148 2967 4 1 0 4 1 313 528 134 84 51 1275 834 114 0 107100
PROOF 4 4096 230924 9669 26148 4 4 53256040 1290137969465488 86776:4:74017,87445,25489,74069,87498,25494:83559/74017/87445/25493,83558/74037/87468/25491,83557/74067/87475/25494,83556/74069/87498/25489 103585:4:71397,90090,27681,71503,90188,27763:11632/71397/90179/27762,13405/71503/90090/27681,11631/71477/90144/27763,11630/71468/90188/27762
ROW 4 4096 230924 9802 46783 1429 4 1 0 4 1 346 594 175 92 51 1275 164 31 0 96660
PROOF 4 4096 230924 9802 46783 4 4 32257700 489132433048984 95747:4:74432,88371,25438,74494,88422,25444:81363/74432/88375/25441,81362/74452/88371/25444,81361/74473/88398/25441,81360/74494/88422/25438 100908:4:76924,87462,27201,76975,87514,27244:33985/76924/87478/27203,31924/76965/87462/27244,33984/76941/87513/27201,31923/76975/87514/27241
ROW 4 4096 230924 10549 96766 1203 4 0 0 0 0 331 594 210 112 34 561 0 0 0 57327
ROW 4 4096 230924 113995 121272 1695 4 0 0 0 0 270 480 153 84 32 496 0 0 0 60664
ROW 4 4096 230924 36834 62754 1149 4 1 0 3 1 406 688 193 102 64 2016 838 606 0 169216
PROOF 4 4096 230924 36834 62754 4 3 5622188 6741693103784 33135:3:77375,73331,26201,77417,73341,26202:82140/77375/73341/26201,82141/77397/73337/26202,82142/77417/73331/26202 34868:3:78602,72950,27250,78642,72987,27254:41247/78602/72950/27250,41248/78616/72971/27252,41249/78642/72987/27254
ROW 4 4096 230924 122196 122907 1452 4 1 0 4 1 327 598 228 125 28 378 65 64 0 62426
PROOF 4 4096 230924 122196 122907 4 4 16680868 14685397728840 139292:4:79661,76181,26065,79689,76184,26067:123061/79661/76181/26065,123062/79673/76184/26067,123063/79684/76184/26067,123064/79689/76182/26066 57178:4:78840,78368,27056,78870,78409,27070:116432/78855/78368/27056,116427/78840/78391/27060,116428/78856/78409/27069,116431/78870/78401/27070
ROW 4 4096 230924 14977 16901 1990 2 1 4 0 1 314 532 129 91 50 1225 155 34 0 90909
PROOF 4 4096 230924 14977 16901 3 4 46821420 1087463538862288 86935:4:74196,88138,25453,74262,88206,25460:81374/74196/88138/25458,81373/74223/88153/25460,81372/74234/88192/25453,81371/74262/88206/25454 103585:4:71397,90090,27681,71503,90188,27763:11632/71397/90179/27762,13405/71503/90090/27681,11631/71477/90144/27763,11630/71468/90188/27762
ROW 4 4096 230924 41345 71407 1027 4 1 0 4 1 506 900 341 153 56 1540 865 768 0 172592
PROOF 4 4096 230924 41345 71407 4 4 3908460 170192883372 131993:4:79625,73727,26202,79673,73753,26209:88539/79625/73727/26202,88540/79635/73746/26207,88542/79673/73729/26203,88541/79654/73753/26209 35002:4:78874,72958,27254,78922,73003,27257:41261/78882/72989/27256,41260/78874/73003/27257,41263/78922/72958/27254,41262/78903/72981/27256
ROW 4 4096 230924 34721 47371 1256 4 1 0 3 1 297 514 179 93 40 780 589 153 0 84528
PROOF 4 4096 230924 34721 47371 4 2 11989064 70567677770576 38743:4:73513,74923,25970,73563,74964,25973:81950/73521/74954/25970,81949/73513/74964/25970,81952/73563/74923/25973,81951/73549/74944/25973 37995:2:71727,75610,27080,71754,75629,27081:40938/71727/75629/27080,40939/71754/75610/27081
PROOF 4 4096 230924 34721 47371 4 1 12357996 13602644808660 43508:1:75423,74296,28123,75423,74296,28123:3071/75423/74296/28123 38826:3:73760,75063,25967,73802,75092,25972:84113/73769/75068/25967,84112/73760/75092/25969,84114/73802/75063/25972
ROW 4 4096 230924 26664 53814 1302 4 1 0 4 1 297 512 179 100 41 820 564 210 0 78166
PROOF 4 4096 230924 26664 53814 4 2 12349624 25535328106536 43507:2:75423,74296,28123,75453,74297,28123:3071/75423/74296/28123,3072/75453/74297/28123 38826:3:73760,75063,25967,73802,75092,25972:84113/73769/75068/25967,84112/73760/75092/25969,84114/73802/75063/25972
PROOF 4 4096 230924 26664 53814 4 2 12165496 48007975943880 38737:3:73458,74979,25964,73491,75017,25969:81947/73460/74986/25964,81948/73491/74979/25969,81946/73458/75017/25968 37995:2:71727,75610,27080,71754,75629,27081:40938/71727/75629/27080,40939/71754/75610/27081
ROW 4 4096 230924 16903 44649 2572 4 1 0 4 1 331 568 153 96 49 1176 996 326 0 116598
PROOF 4 4096 230924 16903 44649 4 4 35728912 479533564487360 86612:4:73643,87093,25500,73693,87148,25506:83578/73643/87093/25506,83577/73665/87112/25506,83576/73663/87138/25500,83575/73693/87148/25503 98091:4:76849,86733,27251,76905,86792,27287:33999/76849/86733/27251,33998/76871/86741/27251,31936/76894/86754/27287,31935/76905/86792/27285
ROW 4 4096 230924 393 2407 1894 4 1 0 3 1 308 538 173 115 39 741 517 40 0 83826
PROOF 4 4096 230924 393 2407 4 2 132761680 8091774916756616 114126:2:78489,96150,24978,78539,96191,24984:66067/78489/96150/24984,66066/78539/96191/24978 110181:2:71652,96646,28420,71718,96651,28421:542/71652/96651/28421,541/71718/96646/28420
PROOF 4 4096 230924 393 2407 4 1 129045480 7542580510194072 114226:1:77371,96618,24888,77371,96618,24888:66087/77371/96618/24888 109919:1:71570,97114,28436,71570,97114,28436:540/71570/97114/28436
ROW 4 4096 230924 8778 10420 2641 6 0 0 0 0 384 670 202 126 49 1176 0 0 0 100377
ROW 4 4096 230924 20842 45376 1159 6 1 4 4 1 316 522 151 91 55 1485 325 216 0 154499
PROOF 4 4096 230924 20842 45376 3 4 12257428 26184610505204 43506:4:75423,74268,28123,75486,74297,28123:3071/75423/74296/28123,3072/75453/74297/28123,3073/75467/74278/28123,3074/75486/74268/28123 38769:4:73812,74998,25971,73857,75040,25974:84116/73827/75021/25971,84115/73812/75040/25971,84118/73857/74998/25973,84117/73853/75010/25974
PROOF 4 4096 230924 20842 45376 4 4 12257428 26184610505204 43506:4:75423,74268,28123,75486,74297,28123:3071/75423/74296/28123,3072/75453/74297/28123,3073/75467/74278/28123,3074/75486/74268/28123 38769:4:73812,74998,25971,73857,75040,25974:84116/73827/75021/25971,84115/73812/75040/25971,84118/73857/74998/25973,84117/73853/75010/25974
ROW 4 4096 230924 15112 46776 1238 4 1 0 3 1 336 562 161 98 57 1596 313 62 0 105147
PROOF 4 4096 230924 15112 46776 4 3 32268872 399668406158644 103593:3:71505,90003,27823,71563,90072,27823:9820/71563/90003/27823,9821/71505/90046/27823,9819/71562/90072/27823 110257:4:74884,88999,25440,74952,89076,25458:79177/74884/89008/25452,79176/74924/88999/25458,79175/74905/89076/25440,79174/74952/89051/25450
ROW 4 4096 230924 6770 21242 3526 6 0 0 0 0 411 718 185 128 52 1326 0 0 0 120685
ROW 4 4096 230924 19416 47537 5678 4 1 0 4 1 446 768 181 117 64 2016 680 183 0 189524
PROOF 4 4096 230924 19416 47537 4 4 13789440 80327841697284 53307:4:78173,74421,26120,78224,74443,26123:96710/78173/74439/26120,96711/78194/74443/26123,96712/78208/74432/26121,96713/78224/74421/26120 46307:4:76057,74235,27492,76083,74283,27532:30634/76057/74235/27492,28629/76083/74255/27531,28627/76064/74283/27532,28628/76072/74275/27532
ROW 4 4096 230924 25006 26681 4899 6 0 1 0 0 441 770 219 129 56 1540 4 0 0 173053
ROW 4 4096 230924 12225 52073 4871 6 1 4 4 1 452 780 183 121 64 2016 794 183 0 188071
PROOF 4 4096 230924 12225 52073 3 4 23836428 234153199769716 35338:4:78624,73009,27928,78668,73065,28013:10544/78624/73064/27928,10545/78646/73060/27928,10546/78668/73065/27928,6905/78662/73009/28013 53342:4:78327,74431,26131,78373,74441,26135:96719/78327/74435/26131,96720/78348/74441/26135,96721/78363/74431/26133,96722/78373/74436/26135
PROOF 4 4096 230924 12225 52073 4 4 23565732 226561310366452 35338:4:78624,73009,27928,78668,73065,28013:10544/78624/73064/27928,10545/78646/73060/27928,10546/78668/73065/27928,6905/78662/73009/28013 51357:4:78018,74470,26116,78064,74484,26122:96700/78018/74472/26116,96701/78035/74470/26117,96702/78049/74484/26122,96703/78064/74473/26121
ROW 4 4096 230924 17674 26679 5996 4 0 0 0 0 405 700 195 123 55 1485 0 0 0 121136
ROW 4 4096 230924 17667 32674 5784 6 0 6 0 0 431 740 207 128 61 1830 94 0 0 113722
ROW 4 4096 230924 8786 26681 4832 4 0 0 0 0 419 724 205 128 57 1596 0 0 0 135182
ROW 4 4096 230924 17437 45638 5007 6 1 4 3 1 473 822 220 128 64 2016 160 60 0 163394
PROOF 4 4096 230924 17437 45638 3 4 19555504 277835031124560 35338:4:78624,73009,27928,78668,73065,28013:10544/78624/73064/27928,10545/78646/73060/27928,10546/78668/73065/27928,6905/78662/73009/28013 53669:4:78407,74741,26105,78457,74750,26110:100734/78407/74750/26106,100735/78421/74741/26105,100736/78440/74746/26108,100737/78457/74747/26110
PROOF 4 4096 230924 17437 45638 4 1 12284788 64293158376720 53367:1:78384,74616,26121,78384,74616,26121:98757/78384/74616/26121 140810:1:80360,74997,27909,80360,74997,27909:10600/80360/74997/27909
PROOF 4 4096 230924 17437 45638 4 1 11884716 63155416233744 53472:4:78397,74432,26138,78493,74455,26146:96723/78397/74455/26143,96725/78426/74432/26138,96724/78413/74451/26143,96729/78493/74446/26146 140813:1:80371,75036,27909,80371,75036,27909:10601/80371/75036/27909
PROOF 4 4096 230924 17437 45638 4 1 11618348 63719434304208 53342:4:78327,74431,26131,78373,74441,26135:96719/78327/74435/26131,96720/78348/74441/26135,96721/78363/74431/26133,96722/78373/74436/26135 140936:1:80381,75090,27909,80381,75090,27909:10602/80381/75090/27909
ROW 4 4096 230924 15711 54229 4964 2 1 4 0 1 476 828 215 125 64 2016 472 120 0 202789
PROOF 4 4096 230924 15711 54229 3 4 20497208 247280176315592 35338:4:78624,73009,27928,78668,73065,28013:10544/78624/73064/27928,10545/78646/73060/27928,10546/78668/73065/27928,6905/78662/73009/28013 53315:4:78093,74621,26097,78139,74651,26110:98739/78093/74621/26097,98740/78110/74645/26106,98742/78139/74625/26103,98741/78130/74651/26110
ROW 4 4096 230924 20997 30873 4978 6 0 0 0 0 460 796 214 128 64 2016 0 0 0 174215
ROW 4 4096 230924 10421 21246 4093 6 0 0 0 0 418 726 200 128 55 1485 0 0 0 98424
ROW 4 4096 230924 4921 21242 3535 4 0 0 0 0 399 692 195 129 53 1378 0 0 0 89227
ROW 4 4096 230924 32675 41351 5560 6 1 4 3 1 462 800 220 120 64 2016 507 96 0 170358
PROOF 4 4096 230924 32675 41351 3 4 20330300 247091188706480 35338:4:78624,73009,27928,78668,73065,28013:10544/78624/73064/27928,10545/78646/73060/27928,10546/78668/73065/27928,6905/78662/73009/28013 53669:4:78407,74741,26105,78457,74750,26110:100734/78407/74750/26106,100735/78421/74741/26105,100736/78440/74746/26108,100737/78457/74747/26110
PROOF 4 4096 230924 32675 41351 4 2 12960360 51951714644496 53342:4:78327,74431,26131,78373,74441,26135:96719/78327/74435/26131,96720/78348/74441/26135,96721/78363/74431/26133,96722/78373/74436/26135 46970:2:76082,74333,27942,76093,74354,27942:10419/76093/74333/27942,10418/76082/74354/27942
PROOF 4 4096 230924 32675 41351 4 1 13095080 52588437314836 53304:2:78152,74457,26125,78160,74458,26125:96708/78152/74458/26125,96709/78160/74457/26125 46867:1:76094,74297,27942,76094,74297,27942:10420/76094/74297/27942
ROW 4 4096 230924 1233 32918 3959 6 0 0 0 0 429 752 190 127 53 1378 0 0 0 134531
ROW 4 4096 230924 41350 45393 5849 4 1 0 3 1 421 736 214 122 53 1378 991 101 0 109634
PROOF 4 4096 230924 41350 45393 4 3 13912300 95891336393804 53342:4:78327,74431,26131,78373,74441,26135:96719/78327/74435/26131,96720/78348/74441/26135,96721/78363/74431/26133,96722/78373/74436/26135 46149:3:76072,74328,27294,76101,74359,27295:41105/76086/74343/27294,41106/76101/74328/27294,41104/76072/74359/27295
ROW 4 4096 230924 14004 14183 3459 6 0 0 0 0 448 772 209 125 64 2016 0 0 0 116337
ROW 4 4096 230924 15712 34977 4201 2 1 4 0 1 477 830 211 126 64 2016 49 0 0 167983
PROOF 4 4096 230924 15712 34977 3 4 19255660 277087405044792 35338:4:78624,73009,27928,78668,73065,28013:10544/78624/73064/27928,10545/78646/73060/27928,10546/78668/73065/27928,6905/78662/73009/28013 53315:4:78093,74621,26097,78139,74651,26110:98739/78093/74621/26097,98740/78110/74645/26106,98742/78139/74625/26103,98741/78130/74651/26110
ROW 4 4096 230924 10414 32932 5525 6 0 0 0 0 397 690 187 123 52 1326 0 0 0 123260
ROW 4 4096 230924 3099 49926 4921 4 1 0 0 0 475 826 213 127 64 2016 114 0 0 121337
ROW 4 4096 230924 6771 45636 4215 4 0 0 0 0 492 860 241 128 64 2016 16 0 0 125735
ROW 4 4096 230924 25011 51833 6960 4 1 0 4 1 438 752 168 116 64 2016 1433 539 0 206686
PROOF 4 4096 230924 25011 51833 4 4 16985832 56766170407880 53307:4:78173,74421,26120,78224,74443,26123:96710/78173/74439/26120,96711/78194/74443/26123,96712/78208/74432/26121,96713/78224/74421/26120 46307:4:76057,74235,27492,76083,74283,27532:30634/76057/74235/27492,28629/76083/74255/27531,28627/76064/74283/27532,28628/76072/74275/27532
ROW 4 4096 230924 17437 26937 6284 6 0 4 0 0 433 742 205 123 64 2016 27 0 0 161682
ROW 4 4096 230924 32668 60710 6723 4 1 0 3 1 446 768 218 120 62 1891 1137 410 0 161801
PROOF 4 4096 230924 32668 60710 4 3 15328756 81912167957156 53326:3:78200,74645,26115,78229,74657,26120:98745/78200/74648/26115,98746/78208/74645/26115,98747/78229/74657/26120 140624:3:80461,75217,27421,80481,75255,27450:43500/80461/75229/27421,41356/80481/75217/27450,43501/80471/75255/27424
ROW 4 4096 230924 28627 39234 6800 4 1 0 4 1 444 764 215 118 62 1891 606 240 0 134821
PROOF 4 4096 230924 28627 39234 4 4 18779728 122145309904536 140808:4:80360,74978,27909,80414,75036,27945:10600/80360/74997/27909,8779/80404/74978/27945,10601/80371/75036/27909,8780/80414/75020/27944 53641:4:78352,75141,26118,78396,75156,26127:104700/78352/75143/26118,104701/78369/75145/26121,104702/78375/75141/26120,104703/78396/75156/26127
ROW 4 4096 230924 22873 41364 6659 4 1 0 4 1 451 778 215 125 64 2016 374 54 0 124563
PROOF 4 4096 230924 22873 41364 4 2 14193940 92043832269392 53736:2:78454,75019,26137,78493,75026,26138:102723/78454/75026/26137,102726/78493/75019/26138 141269:2:80464,75631,27905,80472,75673,27905:10608/80464/75631/27905,10609/80472/75673/27905
PROOF 4 4096 230924 22873 41364 4 2 14346756 100976860664336 53731:3:78404,75015,26129,78437,75020,26133:102720/78404/75016/26129,102721/78419/75015/26130,102722/78437/75020/26133 46869:2:76068,74271,28025,76069,74292,28025:6772/76068/74271/28025,6771/76069/74292/28025
ROW 4 4096 230924 32917 49676 6171 4 1 0 4 1 431 738 190 118 64 2016 1260 460 0 203229
PROOF 4 4096 230924 32917 49676 4 4 20202488 195993576467424 35338:4:78624,73009,27928,78668,73065,28013:10544/78624/73064/27928,10545/78646/73060/27928,10546/78668/73065/27928,6905/78662/73009/28013 53585:4:78329,74997,26118,78395,75014,26128:102715/78329/75011/26121,102716/78341/74999/26118,102718/78373/74997/26121,102719/78395/75014/26128
ROW 4 4096 230924 5429 28866 7454 4 1 0 4 1 306 512 143 86 52 1326 1136 625 0 158505
PROOF 4 4096 230924 5429 28866 4 4 34920308 422632412179168 146060:4:83339,75402,26161,83389,75412,26168:92887/83339/75403/26168,92888/83363/75402/26164,92889/83370/75408/26164,92890/83389/75412/26161 141850:4:80564,75741,27800,80591,75748,27830:17678/80570/75741/27800,15924/80564/75748/27830,15925/80577/75748/27830,15926/80591/75743/27830
ROW 4 4096 230924 17661 60455 6636 4 1 0 4 1 435 746 167 116 64 2016 1462 549 0 163465
PROOF 4 4096 230924 17661 60455 4 4 16237712 34064571574008 53307:4:78173,74421,26120,78224,74443,26123:96710/78173/74439/26120,96711/78194/74443/26123,96712/78208/74432/26121,96713/78224/74421/26120 46307:4:76057,74235,27492,76083,74283,27532:30634/76057/74235/27492,28629/76083/74255/27531,28627/76064/74283/27532,28628/76072/74275/27532
ROW 4 4096 230924 17440 58549 6645 6 1 4 3 1 452 780 198 115 64 2016 432 64 0 152134
PROOF 4 4096 230924 17440 58549 3 4 22152144 292934741521012 35338:4:78624,73009,27928,78668,73065,28013:10544/78624/73064/27928,10545/78646/73060/27928,10546/78668/73065/27928,6905/78662/73009/28013 53585:4:78329,74997,26118,78395,75014,26128:102715/78329/75011/26121,102716/78341/74999/26118,102718/78373/74997/26121,102719/78395/75014/26128
PROOF 4 4096 230924 17440 58549 4 2 14502560 45278576680144 53351:2:78244,74648,26119,78262,74648,26121:98748/78244/74648/26119,98749/78262/74648/26121 141235:2:80432,75430,27907,80441,75459,27907:10605/80432/75430/27907,10606/80441/75459/27907
PROOF 4 4096 230924 17440 58549 4 1 15137176 45725657102200 53365:2:78366,74613,26118,78384,74616,26121:98756/78366/74613/26118,98757/78384/74616/26121 141231:1:80425,75376,27907,80425,75376,27907:10604/80425/75376/27907
ROW 4 4096 230924 17429 32936 6519 4 0 0 0 0 408 692 192 121 62 1891 121 0 0 108873
ROW 4 4096 230924 1754 39216 7272 4 1 0 4 1 283 474 125 85 48 1128 1008 508 0 128269
PROOF 4 4096 230924 1754 39216 4 4 32669240 297919975619524 146060:4:83339,75402,26161,83389,75412,26168:92887/83339/75403/26168,92888/83363/75402/26164,92889/83370/75408/26164,92890/83389/75412/26161 141850:4:80564,75741,27800,80591,75748,27830:17678/80570/75741/27800,15924/80564/75748/27830,15925/80577/75748/27830,15926/80591/75743/27830
ROW 4 4096 230924 10418 69352 7067 4 1 0 4 1 404 684 167 111 64 2016 1395 885 0 188421
PROOF 4 4096 230924 10418 69352 4 4 20233584 57275929050540 140808:4:80360,74978,27909,80414,75036,27945:10600/80360/74997/27909,8779/80404/74978/27945,10601/80371/75036/27909,8780/80414/75020/27944 53757:4:78400,75279,26118,78456,75286,26125:106533/78400/75281/26118,106534/78415/75279/26119,106535/78430/75280/26121,106537/78456/75286/26125
ROW 4 4096 230924 32920 45391 6183 4 0 0 2 0 404 702 199 121 53 1378 685 64 0 139229
ROW 4 4096 230924 37095 45389 7160 4 1 0 4 1 438 760 215 119 58 1653 880 365 0 132016
PROOF 4 4096 230924 37095 45389 4 4 20243196 156427825429200 140672:4:80361,74759,27692,80396,74800,27727:21233/80361/74759/27726,21234/80377/74760/27725,23105/80396/74789/27692,21235/80388/74800/27727 53641:4:78352,75141,26118,78396,75156,26127:104700/78352/75143/26118,104701/78369/75145/26121,104702/78375/75141/26120,104703/78396/75156/26127
ROW 4 4096 230924 20997 32931 6398 6 0 5 0 0 435 746 202 127 62 1891 167 0 0 150591
ROW 4 4096 230924 19188 58560 7416 4 1 0 4 1 445 766 187 116 64 2016 823 254 0 137667
PROOF 4 4096 230924 19188 58560 4 4 15891664 111166200013412 53745:4:78495,75128,26131,78538,75142,26132:104710/78495/75142/26132,104711/78510/75140/26132,104712/78524/75135/26132,104713/78538/75128/26131 46868:4:76039,74271,28025,76069,74321,28025:6772/76068/74271/28025,6771/76069/74292/28025,6769/76039/74321/28025,6770/76064/74320/28025
ROW 4 4096 230924 28631 37089 6505 4 1 0 3 1 446 768 200 121 64 2016 119 60 0 119593
PROOF 4 4096 230924 28631 37089 4 3 14010184 86328629623568 53326:3:78200,74645,26115,78229,74657,26120:98745/78200/74648/26115,98746/78208/74645/26115,98747/78229/74657/26120 46863:3:76089,74242,27942,76095,74297,27942:10422/76095/74242/27942,10421/76089/74253/27942,10420/76094/74297/27942
ROW 4 4096 230924 15915 45393 6335 4 1 0 3 1 458 790 222 127 63 1953 284 67 0 121046
PROOF 4 4096 230924 15915 45393 4 2 13546632 36610180100612 53351:2:78244,74648,26119,78262,74648,26121:98748/78244/74648/26119,98749/78262/74648/26121 46970:2:76082,74333,27942,76093,74354,27942:10419/76093/74333/27942,10418/76082/74354/27942
PROOF 4 4096 230924 15915 45393 4 1 13619136 38055401741740 53563:2:78304,74779,26108,78321,74782,26108:100727/78304/74782/26108,100728/78321/74779/26108 46867:1:76094,74297,27942,76094,74297,27942:10420/76094/74297/27942
ROW 4 4096 230924 25019 32672 6484 6 1 5 3 1 431 746 214 122 58 1653 152 92 0 116878
PROOF 4 4096 230924 25019 32672 3 3 13759500 82111515524676 53731:3:78404,75015,26129,78437,75020,26133:102720/78404/75016/26129,102721/78419/75015/26130,102722/78437/75020/26133 46968:3:76062,74333,27942,76093,74362,27942:10417/76062/74362/27942,10419/76093/74333/27942,10418/76082/74354/27942
PROOF 4 4096 230924 25019 32672 3 2 14398136 136376521442100 53686:3:78463,74985,26128,78500,74998,26129:102724/78463/74998/26129,102725/78479/74994/26129,102727/78500/74985/26128 141269:2:80464,75631,27905,80472,75673,27905:10608/80464/75631/27905,10609/80472/75673/27905
PROOF 4 4096 230924 25019 32672 4 3 13759500 82111515524676 53731:3:78404,75015,26129,78437,75020,26133:102720/78404/75016/26129,102721/78419/75015/26130,102722/78437/75020/26133 46968:3:76062,74333,27942,76093,74362,27942:10417/76062/74362/27942,10419/76093/74333/27942,10418/76082/74354/27942
ROW 4 4096 230924 28627 49930 6030 6 0 4 0 0 429 750 210 121 54 1431 175 0 0 106809
ROW 8 64 230923 6149 46785 1494 4 1 0 0 0 256 472 147 91 22 231 17 0 3 56786
ROW 8 64 230923 104310 116428 1468 4 0 0 1 0 228 428 170 129 14 91 52 2 2 39824
ROW 8 64 230923 22260 38211 1458 4 1 0 6 1 256 458 131 87 29 406 298 87 4 61154
PROOF 8 64 230923 22260 38211 4 6 35318960 285299124795168 103592:6:71483,90003,27823,71588,90152,27913:9820/71563/90003/27823,9821/71505/90046/27823,9819/71562/90072/27823,8013/71483/90126/27913,8012/71515/90152/27913,9818/71588/90104/27823 110229:6:74356,89036,25387,74480,89119,25394:79192/74356/89036/25391,79191/74393/89038/25394,79190/74418/89060/25393,79189/74436/89098/25387,79188/74461/89085/25392,79187/74480/89119/25388
ROW 8 64 230923 24606 38950 1033 6 1 6 6 1 256 464 152 87 26 325 38 29 4 60483
PROOF 8 64 230923 24606 38950 3 6 10263080 36214821945432 43502:6:75423,74190,28123,75486,74297,28170:1213/75465/74190/28170,1212/75475/74241/28170,3071/75423/74296/28123,3072/75453/74297/28123,3073/75467/74278/28123,3074/75486/74268/28123 38818:7:73693,75063,25962,73802,75148,25972:84108/73693/75148/25964,84109/73711/75131/25965,84110/73718/75106/25962,84111/73740/75108/25967,84113/73769/75068/25967,84112/73760/75092/25969,84114/73802/75063/25972
PROOF 8 64 230923 24606 38950 4 6 10263080 36214821945432 43502:6:75423,74190,28123,75486,74297,28170:1213/75465/74190/28170,1212/75475/74241/28170,3071/75423/74296/28123,3072/75453/74297/28123,3073/75467/74278/28123,3074/75486/74268/28123 38818:7:73693,75063,25962,73802,75148,25972:84108/73693/75148/25964,84109/73711/75131/25965,84110/73718/75106/25962,84111/73740/75108/25967,84113/73769/75068/25967,84112/73760/75092/25969,84114/73802/75063/25972
ROW 8 64 230923 47537 62756 1243 4 1 0 6 1 256 480 142 99 18 153 138 55 4 44904
PROOF 8 64 230923 47537 62756 4 6 6011308 15005728646600 32164:6:78536,72793,27011,78576,72876,27099:51969/78545/72793/27011,49819/78544/72816/27055,51970/78576/72840/27016,47674/78536/72803/27098,47675/78563/72822/27099,49820/78567/72876/27061 33424:8:77353,73765,26176,77495,73815,26189:86355/77353/73804/26176,86356/77380/73815/26180,86358/77412/73786/26176,86357/77397/73804/26179,86359/77432/73782/26177,86361/77458/73765/26176,86360/77449/73799/26183,86362/77495/73806/26189
ROW 8 64 230923 53985 58442 1076 4 1 0 0 0 256 486 171 114 15 105 76 0 4 34615
ROW 8 64 230923 9807 29906 1043 6 0 0 0 0 246 440 130 90 28 378 0 0 3 46647
ROW 8 64 230923 9805 46781 1354 6 1 8 0 0 256 466 137 89 25 300 28 0 4 68838
ROW 8 64 230923 26063 38205 1221 4 1 0 6 1 256 458 140 84 29 406 219 75 4 49773
PROOF 8 64 230923 26063 38205 4 6 29909640 213318816652944 103592:6:71483,90003,27823,71588,90152,27913:9820/71563/90003/27823,9821/71505/90046/27823,9819/71562/90072/27823,8013/71483/90126/27913,8012/71515/90152/27913,9818/71588/90104/27823 110240:6:74499,89155,25383,74632,89224,25385:79186/74499/89155/25383,79185/74531/89165/25384,79184/74558/89186/25383,79183/74589/89198/25384,79182/74620/89209/25385,79181/74632/89224/25383
ROW 8 64 230923 8437 10452 1497 6 0 2 0 0 256 454 143 94 31 465 37 0 4 60082
ROW 8 64 230923 1156 6748 1119 6 0 0 0 0 235 422 141 88 24 276 0 0 2 40145
ROW 8 64 230923 113998 121290 1680 6 0 0 0 0 207 396 134 81 11 55 0 0 2 38462
ROW 8 64 230923 9805 38218 1476 4 1 0 3 1 256 470 136 89 23 253 41 6 4 42439
PROOF 8 64 230923 9805 38218 4 2 13333216 8765296412396 103599:2:71483,90126,27913,71515,90152,27913:8013/71483/90126/27913,8012/71515/90152/27913 100907:5:76924,87462,27195,76975,87587,27244:33985/76924/87478/27203,31924/76965/87462/27244,33984/76941/87513/27201,31923/76975/87514/27241,33983/76943/87587/27195
PROOF 8 64 230923 9805 38218 4 1 11422632 3440449786024 104609:1:71463,90257,27982,71463,90257,27982:6164/71463/90257/27982 100905:1:76978,87472,27152,76978,87472,27152:36077/76978/87472/27152
ROW 8 64 230923 4918 17654 2802 6 0 0 0 0 256 494 179 125 10 45 0 0 4 30116
ROW 8 64 230923 16841 42488 1236 4 1 0 6 1 256 460 143 88 28 378 98 15 4 45254
PROOF 8 64 230923 16841 42488 4 6 30822568 401726872766616 103592:6:71483,90003,27823,71588,90152,27913:9820/71563/90003/27823,9821/71505/90046/27823,9819/71562/90072/27823,8013/71483/90126/27913,8012/71515/90152/27913,9818/71588/90104/27823 110229:6:74356,89036,25387,74480,89119,25394:79192/74356/89036/25391,79191/74393/89038/25394,79190/74418/89060/25393,79189/74436/89098/25387,79188/74461/89085/25392,79187/74480/89119/25388
ROW 8 64 230923 28630 64907 1185 6 1 8 8 1 256 482 135 90 17 136 46 34 4 40556
PROOF 8 64 230923 28630 64907 3 8 5467328 5310454189264 33133:8:77361,73309,26200,77482,73397,26212:82140/77375/73341/26201,82141/77397/73337/26202,82142/77417/73331/26202,82139/77366/73378/26208,82138/77361/73397/26212,82144/77456/73309/26200,82145/77482/73320/26204,82143/77447/73349/26208 34865:8:78587,72907,27250,78655,72987,27334:39111/78655/72907/27289,41247/78602/72950/27250,41248/78616/72971/27252,41249/78642/72987/27254,36975/78587/72907/27329,36976/78602/72929/27331,36977/78630/72964/27334,36978/78650/72952/27334
PROOF 8 64 230923 28630 64907 4 8 5467328 5310454189264 33133:8:77361,73309,26200,77482,73397,26212:82140/77375/73341/26201,82141/77397/73337/26202,82142/77417/73331/26202,82139/77366/73378/26208,82138/77361/73397/26212,82144/77456/73309/26200,82145/77482/73320/26204,82143/77447/73349/26208 34865:8:78587,72907,27250,78655,72987,27334:39111/78655/72907/27289,41247/78602/72950/27250,41248/78616/72971/27252,41249/78642/72987/27254,36975/78587/72907/27329,36976/78602/72929/27331,36977/78630/72964/27334,36978/78650/72952/27334
ROW 8 64 230923 4896 75610 1001 4 0 0 0 0 238 436 149 102 22 231 0 0 3 39664
ROW 8 64 230923 20476 31935 2252 4 1 0 1 0 249 454 154 96 24 276 223 19 3 48381
ROW 8 64 230923 10419 10600 2607 6 0 0 0 0 249 476 171 128 11 55 0 0 3 28583
ROW 8 64 230923 12335 71250 1187 6 1 5 5 1 256 496 161 98 10 45 16 16 4 36137
PROOF 8 64 230923 12335 71250 3 5 5859896 5390060276952 33104:7:77207,73318,26185,77324,73395,26201:82133/77218/73328/26186,82134/77238/73318/26185,82132/77207/73362/26192,82131/77210/73395/26199,82135/77274/73352/26195,82136/77299/73356/26198,82137/77324/73361/26201 46030:5:76046,74148,27236,76096,74208,27322:43251/76064/74169/27236,43250/76065/74208/27239,38969/76046/74148/27319,38968/76049/74191/27322,41110/76096/74189/27283
PROOF 8 64 230923 12335 71250 4 5 5859896 5390060276952 33104:7:77207,73318,26185,77324,73395,26201:82133/77218/73328/26186,82134/77238/73318/26185,82132/77207/73362/26192,82131/77210/73395/26199,82135/77274/73352/26195,82136/77299/73356/26198,82137/77324/73361/26201 46030:5:76046,74148,27236,76096,74208,27322:43251/76064/74169/27236,43250/76065/74208/27239,38969/76046/74148/27319,38968/76049/74191/27322,41110/76096/74189/27283
ROW 8 64 230923 24998 58299 5460 4 1 0 1 0 256 502 155 115 7 21 6 3 4 31339
ROW 8 64 230923 15905 30634 4555 4 0 0 0 0 256 496 160 119 10 45 0 0 4 32030
ROW 8 64 230923 10601 51832 5552 6 1 5 0 0 256 502 149 111 7 21 12 0 4 47950
ROW 8 64 230923 10421 37075 3822 6 0 0 0 0 256 500 168 116 8 28 0 0 4 39814
ROW 8 64 230923 15710 49931 5764 6 0 0 0 0 256 498 145 117 9 36 0 0 4 31669
ROW 8 64 230923 15712 19410 3435 6 0 0 0 0 256 492 165 118 12 66 0 0 4 31148
ROW 8 64 230923 6773 54237 5520 6 1 0 0 0 256 504 154 120 6 15 0 0 4 39754
ROW 8 64 230923 17657 20999 4150 6 0 0 0 0 256 490 153 119 13 78 0 0 4 42630
ROW 8 64 230923 15909 45393 5834 4 0 0 0 0 256 500 150 115 8 28 0 0 4 30287
ROW 8 64 230923 1239 25008 3816 6 0 0 0 0 256 492 167 124 12 66 0 0 4 30487
ROW 8 64 230923 28625 45642 5810 6 0 1 1 0 256 500 156 117 8 28 3 3 4 30187
ROW 8 64 230923 28627 54232 5796 4 1 0 0 0 256 498 155 112 9 36 5 0 4 29345
ROW 8 64 230923 19411 24769 3952 6 0 0 0 0 256 498 167 119 9 36 0 0 4 35346
ROW 8 64 230923 4920 67164 5325 6 1 2 2 0 256 504 158 118 6 15 5 2 4 29315
ROW 8 64 230923 15707 25014 5324 4 0 0 0 0 256 488 150 120 14 91 0 0 4 29886
ROW 8 64 230923 36829 41350 5771 4 0 0 0 0 256 502 161 116 7 21 2 0 4 28593
ROW 8 64 230923 1231 10610 4020 4 0 0 0 0 248 480 167 125 8 28 0 0 3 29395
ROW 8 64 230923 25010 36832 5816 6 0 0 0 0 256 502 158 124 7 21 0 0 4 30306
ROW 8 64 230923 20994 21249 5760 6 0 0 0 0 256 490 149 118 13 78 0 0 4 30476
ROW 8 64 230923 4917 23115 4130 4 0 0 0 0 256 492 161 121 12 66 0 0 4 30537
ROW 8 64 230923 20999 41360 6300 6 0 4 0 0 256 492 144 118 12 66 9 0 4 46587
ROW 8 64 230923 24772 41360 6325 6 1 0 0 0 256 496 151 119 10 45 0 0 4 43501
ROW 8 64 230923 36836 37097 7107 4 1 0 2 0 256 486 151 103 15 105 42 8 4 77245
ROW 8 64 230923 30634 62867 6895 4 1 0 1 0 256 498 147 109 9 36 27 6 4 67446
ROW 8 64 230923 26928 41104 6321 6 0 1 0 0 256 494 158 118 11 55 7 0 4 31900
ROW 8 64 230923 22875 54243 6809 4 1 0 3 1 256 494 147 110 11 55 12 3 4 31569
PROOF 8 64 230923 22875 54243 4 3 14936604 101731516873400 53685:6:78463,74982,26128,78548,74998,26132:102724/78463/74998/26129,102725/78479/74994/26129,102727/78500/74985/26128,102728/78519/74992/26132,102729/78532/74983/26130,102730/78548/74982/26130 46968:3:76062,74333,27942,76093,74362,27942:10417/76062/74362/27942,10419/76093/74333/27942,10418/76082/74354/27942
ROW 8 64 230923 10906 15916 6413 4 0 0 0 0 243 436 138 97 27 351 158 0 3 74138
ROW 8 64 230923 3600 21259 6399 4 0 0 0 0 239 432 132 107 23 253 10 0 3 59561
ROW 8 64 230923 28624 32929 6209 6 0 0 0 0 256 498 158 123 9 36 0 0 4 56204
ROW 8 64 230923 20994 25017 6219 6 0 0 0 0 256 488 148 119 14 91 0 0 4 44613
ROW 8 64 230923 26683 28881 6151 6 0 3 0 0 256 496 152 119 10 45 3 0 4 52658
ROW 8 64 230923 28622 58559 7043 4 1 0 1 0 256 486 148 111 15 105 66 11 4 51296
ROW 8 64 230923 10414 62866 6287 6 1 5 3 1 256 488 142 117 14 91 18 12 4 49913
PROOF 8 64 230923 10414 62866 3 3 13827044 111581249400260 53685:6:78463,74982,26128,78548,74998,26132:102724/78463/74998/26129,102725/78479/74994/26129,102727/78500/74985/26128,102728/78519/74992/26132,102729/78532/74983/26130,102730/78548/74982/26130 141042:3:80474,75374,27435,80502,75386,27436:43503/80474/75380/27436,43504/80489/75374/27435,43505/80502/75386/27436
PROOF 8 64 230923 10414 62866 3 2 14261876 43566765838020 53730:5:78404,75015,26129,78493,75026,26138:102720/78404/75016/26129,102721/78419/75015/26130,102722/78437/75020/26133,102723/78454/75026/26137,102726/78493/75019/26138 141235:2:80432,75430,27907,80441,75459,27907:10605/80432/75430/27907,10606/80441/75459/27907
PROOF 8 64 230923 10414 62866 4 2 14169936 41434218708680 53685:6:78463,74982,26128,78548,74998,26132:102724/78463/74998/26129,102725/78479/74994/26129,102727/78500/74985/26128,102728/78519/74992/26132,102729/78532/74983/26130,102730/78548/74982/26130 141235:2:80432,75430,27907,80441,75459,27907:10605/80432/75430/27907,10606/80441/75459/27907
PROOF 8 64 230923 10414 62866 4 1 14885384 41657942416656 53730:5:78404,75015,26129,78493,75026,26138:102720/78404/75016/26129,102721/78419/75015/26130,102722/78437/75020/26133,102723/78454/75026/26137,102726/78493/75019/26138 141231:1:80425,75376,27907,80425,75376,27907:10604/80425/75376/27907
ROW 8 64 230923 1755 37092 6720 4 1 0 7 1 256 444 122 94 36 630 481 72 4 94386
PROOF 8 64 230923 1755 37092 4 7 25412712 320309345045684 146841:7:83485,76012,26104,83544,76083,26109:98999/83485/76012/26106,99000/83486/76023/26108,99001/83502/76029/26105,99002/83505/76051/26109,99003/83519/76060/26107,99004/83539/76064/26104,99005/83544/76083/26107 141831:8:80543,75614,27799,80593,75665,27885:17675/80552/75655/27799,17676/80566/75657/27799,15921/80543/75646/27830,12397/80548/75614/27885,12398/80552/75635/27885,12401/80593/75630/27884,12399/80561/75659/27885,12400/80573/75665/27884
ROW 8 64 230923 20996 37091 6539 4 0 0 0 0 256 494 150 117 11 55 10 0 4 44533
ROW 8 64 230923 10906 25010 6827 4 1 0 7 1 250 428 122 90 38 703 567 160 3 72927
PROOF 8 64 230923 10906 25010 4 7 28539536 351789910484856 146396:7:83648,75593,26145,83727,75660,26153:92909/83648/75593/26149,92910/83652/75617/26153,92911/83669/75624/26150,92912/83696/75622/26145,92913/83700/75643/26148,92914/83710/75660/26150,92915/83727/75655/26145 141831:8:80543,75614,27799,80593,75665,27885:17675/80552/75655/27799,17676/80566/75657/27799,15921/80543/75646/27830,12397/80548/75614/27885,12398/80552/75635/27885,12401/80593/75630/27884,12399/80561/75659/27885,12400/80573/75665/27884
ROW 8 64 230923 25024 32675 7024 6 1 0 0 0 256 496 146 110 10 45 0 0 4 32099
ROW 8 64 230923 17439 32931 6202 6 0 1 0 0 256 484 142 118 16 120 3 0 4 37049
ROW 8 64 230923 10906 17658 6978 4 1 0 6 1 242 432 134 93 28 378 313 61 3 50965
PROOF 8 64 230923 10906 17658 4 6 31821616 465302041610412 146067:6:83405,75421,26159,83463,75478,26161:92891/83405/75421/26159,92892/83417/75434/26160,92893/83428/75450/26161,92894/83445/75457/26160,92895/83458/75469/26160,92896/83463/75478/26161 141846:6:80562,75692,27800,80591,75748,27830:17677/80568/75715/27800,15923/80562/75692/27830,17678/80570/75741/27800,15924/80564/75748/27830,15925/80577/75748/27830,15926/80591/75743/27830
ROW 8 64 230923 41105 43501 6220 4 0 0 0 0 256 496 158 121 10 45 11 0 4 31299
ROW 8 64 230924 6610 66901 1350 4 1 0 6 1 256 458 135 84 29 406 198 188 4 89006
PROOF 8 64 230924 6610 66901 4 6 13188760 2132263254292 43502:6:75423,74190,28123,75486,74297,28170:1213/75465/74190/28170,1212/75475/74241/28170,3071/75423/74296/28123,3072/75453/74297/28123,3073/75467/74278/28123,3074/75486/74268/28123 38818:7:73693,75063,25962,73802,75148,25972:84108/73693/75148/25964,84109/73711/75131/25965,84110/73718/75106/25962,84111/73740/75108/25967,84113/73769/75068/25967,84112/73760/75092/25969,84114/73802/75063/25972
ROW 8 64 230924 49833 80141 1014 4 1 0 0 0 256 498 179 147 9 36 35 0 4 51316
ROW 8 64 230924 2930 19191 1463 4 1 0 3 1 256 456 134 80 30 435 61 29 4 77495
PROOF 8 64 230924 2930 19191 4 2 41871408 752556919461856 28633:2:72044,71940,25861,72070,71942,25865:69016/72044/71940/25861,69017/72070/71942/25865 27933:2:73161,69418,27750,73215,69477,27750:15720/73215/69418/27750,15718/73161/69477/27750
PROOF 8 64 230924 2930 19191 4 1 41934228 347078779866512 28686:8:72609,71858,25926,72852,71914,25947:69030/72609/71914/25926,69031/72650/71909/25930,69032/72684/71896/25932,69033/72724/71891/25936,69034/72767/71888/25941,69035/72799/71874/25943,69036/72830/71859/25945,69037/72852/71858/25947 27914:1:71746,69301,28236,71746,69301,28236:4897/71746/69301/28236
ROW 8 64 230924 37074 67075 1177 6 1 5 5 1 256 492 162 136 12 66 27 26 4 53239
PROOF 8 64 230924 37074 67075 3 5 4069584 1365127488928 131884:5:79382,73748,26206,79446,73782,26215:88527/79407/73749/26207,88526/79399/73765/26211,88525/79382/73782/26215,88528/79426/73748/26206,88529/79446/73766/26211 34992:5:78891,72902,27249,78960,72947,27335:41265/78960/72915/27249,41264/78941/72941/27252,36991/78908/72909/27332,36992/78928/72902/27332,36990/78891/72947/27335
PROOF 8 64 230924 37074 67075 4 5 4069584 1365127488928 131884:5:79382,73748,26206,79446,73782,26215:88527/79407/73749/26207,88526/79399/73765/26211,88525/79382/73782/26215,88528/79426/73748/26206,88529/79446/73766/26211 34992:5:78891,72902,27249,78960,72947,27335:41265/78960/72915/27249,41264/78941/72941/27252,36991/78908/72909/27332,36992/78928/72902/27332,36990/78891/72947/27335
ROW 8 64 230924 113994 123241 1068 4 1 0 3 1 201 384 147 126 11 55 10 10 2 35426
PROOF 8 64 230924 113994 123241 4 3 15749612 13084447229952 148858:8:83056,78115,25973,83097,78180,25982:123342/83056/78115/25981,123343/83064/78124/25979,123344/83079/78130/25974,123345/83077/78137/25977,123346/83072/78153/25982,123347/83094/78156/25973,123348/83096/78168/25975,123349/83097/78180/25976 142660:3:81188,78811,26916,81213,78957,26951:122195/81188/78822/26929,122196/81213/78811/26916,122197/81202/78957/26951
ROW 8 64 230924 9669 26148 2967 4 1 0 6 1 238 420 116 84 30 435 363 54 3 65341
PROOF 8 64 230924 9669 26148 4 6 54971580 1203963043640776 86775:7:74017,87445,25488,74140,87550,25494:83559/74017/87445/25493,83558/74037/87468/25491,83557/74067/87475/25494,83556/74069/87498/25489,83555/74088/87522/25488,83554/74118/87531/25490,83553/74140/87550/25489 103592:6:71483,90003,27823,71588,90152,27913:9820/71563/90003/27823,9821/71505/90046/27823,9819/71562/90072/27823,8013/71483/90126/27913,8012/71515/90152/27913,9818/71588/90104/27823
ROW 8 64 230924 9802 46783 1429 4 1 0 2 0 256 466 135 88 25 300 40 2 4 48560
ROW 8 64 230924 10549 96766 1203 4 0 0 0 0 249 476 179 106 13 78 0 0 3 33823
ROW 8 64 230924 113995 121272 1695 4 0 0 0 0 210 396 131 84 14 91 0 0 2 37851
ROW 8 64 230924 36834 62754 1149 4 1 0 2 0 256 482 140 92 17 136 23 14 4 40005
ROW 8 64 230924 122196 122907 1452 4 1 0 7 1 246 480 192 120 8 28 8 8 3 35918
PROOF 8 64 230924 122196 122907 4 7 13798376 18105871675404 139314:7:79695,76131,26063,79724,76185,26089:121917/79695/76131/26082,121918/79707/76136/26084,121920/79724/76133/26083,121919/79719/76146/26089,123065/79701/76185/26067,123066/79712/76176/26063,123067/79724/76184/26067 57188:7:79044,78673,27138,79129,78771,27196:121727/79044/78673/27138,121728/79059/78687/27147,121733/79077/78680/27148,121732/79089/78703/27160,121729/79109/78756/27186,121730/79120/78766/27192,121731/79129/78771/27196
ROW 8 64 230924 14977 16901 1990 2 1 6 0 1 242 432 124 91 28 378 68 11 3 61785
PROOF 8 64 230924 14977 16901 3 6 47815356 860469137356608 86902:6:73921,87885,25467,74031,87978,25476:81387/73921/87885/25472,81386/73955/87890/25476,81385/73970/87922/25472,81384/73984/87956/25467,81383/74031/87941/25476,81382/74024/87978/25469 103592:6:71483,90003,27823,71588,90152,27913:9820/71563/90003/27823,9821/71505/90046/27823,9819/71562/90072/27823,8013/71483/90126/27913,8012/71515/90152/27913,9818/71588/90104/27823
ROW 8 64 230924 41345 71407 1027 4 1 0 0 0 256 504 178 126 6 15 3 0 4 32150
ROW 8 64 230924 34721 47371 1256 4 1 0 3 1 254 458 160 92 25 300 243 57 3 50734
PROOF 8 64 230924 34721 47371 4 1 12382392 14125463147636 43508:1:75423,74296,28123,75423,74296,28123:3071/75423/74296/28123 38769:4:73812,74998,25971,73857,75040,25974:84116/73827/75021/25971,84115/73812/75040/25971,84118/73857/74998/25973,84117/73853/75010/25974
PROOF 8 64 230924 34721 47371 4 1 12435444 21716924795172 43495:1:75432,74214,28035,75432,74214,28035:6748/75432/74214/28035 38835:1:73869,74976,25971,73869,74976,25971:84119/73869/74976/25971
PROOF 8 64 230924 34721 47371 4 1 12517384 44734855536400 38742:7:73513,74872,25970,73619,74964,25977:81950/73521/74954/25970,81949/73513/74964/25970,81952/73563/74923/25973,81951/73549/74944/25973,81953/73575/74901/25972,81955/73619/74872/25976,81954/73609/74895/25977 38213:1:71771,75642,27298,71771,75642,27298:32508/71771/75642/27298
ROW 8 64 230924 26664 53814 1302 4 1 0 3 1 248 444 151 94 26 325 212 62 3 48120
PROOF 8 64 230924 26664 53814 4 2 11753424 45383606879716 38786:4:73342,75067,25957,73398,75105,25963:81941/73356/75083/25957,81940/73342/75105/25959,81942/73382/75070/25960,81943/73398/75067/25963 37995:2:71727,75610,27080,71754,75629,27081:40938/71727/75629/27080,40939/71754/75610/27081
PROOF 8 64 230924 26664 53814 4 1 13016624 30909429765704 38213:1:71771,75642,27298,71771,75642,27298:32508/71771/75642/27298 38769:4:73812,74998,25971,73857,75040,25974:84116/73827/75021/25971,84115/73812/75040/25971,84118/73857/74998/25973,84117/73853/75010/25974
ROW 8 64 230924 16903 44649 2572 4 1 0 2 0 245 450 149 95 22 231 224 19 3 48881
ROW 8 64 230924 393 2407 1894 4 1 0 3 1 238 436 151 109 20 190 150 27 3 47759
PROOF 8 64 230924 393 2407 4 2 129993184 7794641352882232 110181:2:71652,96646,28420,71718,96651,28421:542/71652/96651/28421,541/71718/96646/28420 114246:2:78760,96500,24925,78812,96516,24928:66061/78760/96500/24928,66060/78812/96516/24925
PROOF 8 64 230924 393 2407 4 1 129045480 7542580510194072 114226:1:77371,96618,24888,77371,96618,24888:66087/77371/96618/24888 109919:1:71570,97114,28436,71570,97114,28436:540/71570/97114/28436
ROW 8 64 230924 8778 10420 2641 6 0 0 0 0 254 486 177 126 11 55 0 0 3 32991
ROW 8 64 230924 20842 45376 1159 6 1 6 6 1 256 454 131 88 31 465 87 64 4 59841
PROOF 8 64 230924 20842 45376 3 6 11365424 29771725129556 43502:6:75423,74190,28123,75486,74297,28170:1213/75465/74190/28170,1212/75475/74241/28170,3071/75423/74296/28123,3072/75453/74297/28123,3073/75467/74278/28123,3074/75486/74268/28123 38818:7:73693,75063,25962,73802,75148,25972:84108/73693/75148/25964,84109/73711/75131/25965,84110/73718/75106/25962,84111/73740/75108/25967,84113/73769/75068/25967,84112/73760/75092/25969,84114/73802/75063/25972
PROOF 8 64 230924 20842 45376 4 6 11365424 29771725129556 43502:6:75423,74190,28123,75486,74297,28170:1213/75465/74190/28170,1212/75475/74241/28170,3071/75423/74296/28123,3072/75453/74297/28123,3073/75467/74278/28123,3074/75486/74268/28123 38818:7:73693,75063,25962,73802,75148,25972:84108/73693/75148/25964,84109/73711/75131/25965,84110/73718/75106/25962,84111/73740/75108/25967,84113/73769/75068/25967,84112/73760/75092/25969,84114/73802/75063/25972
ROW 8 64 230924 15112 46776 1238 4 1 0 6 1 256 454 135 89 31 465 97 17 4 53720
PROOF 8 64 230924 15112 46776 4 6 28984128 394871807165800 103592:6:71483,90003,27823,71588,90152,27913:9820/71563/90003/27823,9821/71505/90046/27823,9819/71562/90072/27823,8013/71483/90126/27913,8012/71515/90152/27913,9818/71588/90104/27823 110291:7:75010,88980,25456,75172,89487,25567:79173/75015/88994/25467,79172/75049/88997/25470,79171/75082/89002/25472,77005/75172/88980/25567,77004/75133/89142/25532,77006/75010/89254/25499,77002/75030/89487/25456
ROW 8 64 230924 6770 21242 3526 6 0 0 0 0 256 494 167 126 11 55 0 0 4 31348
ROW 8 64 230924 19416 47537 5678 4 1 0 0 0 256 494 143 113 11 55 18 0 4 33993
ROW 8 64 230924 25006 26681 4899 6 0 0 0 0 256 506 167 119 5 10 0 0 4 28082
ROW 8 64 230924 12225 52073 4871 6 1 3 0 0 256 502 158 119 7 21 4 0 4 30497
ROW 8 64 230924 17674 26679 5996 4 0 0 0 0 256 492 153 121 12 66 0 0 4 29415
ROW 8 64 230924 17667 32674 5784 6 0 3 0 0 256 492 142 119 12 66 3 0 4 30758
ROW 8 64 230924 8786 26681 4832 4 0 0 0 0 256 488 156 116 14 91 0 0 4 29566
ROW 8 64 230924 17437 45638 5007 6 1 0 0 0 256 498 154 117 9 36 0 0 4 30166
ROW 8 64 230924 15711 54229 4964 2 1 5 0 1 256 500 155 114 8 28 5 0 4 29735
PROOF 8 64 230924 15711 54229 3 5 20547064 249362013241168 35337:8:78624,73008,27928,78717,73081,28013:10544/78624/73064/27928,10545/78646/73060/27928,10546/78668/73065/27928,6905/78662/73009/28013,10547/78687/73051/27928,10548/78714/73081/27928,6907/78706/73008/28013,6908/78717/73012/28013 53350:5:78244,74618,26114,78309,74648,26121:98748/78244/74648/26119,98749/78262/74648/26121,98751/78289/74618/26114,98750/78278/74641/26120,98752/78309/74630/26119
ROW 8 64 230924 20997 30873 4978 6 0 0 0 0 256 496 156 118 10 45 0 0 4 28022
ROW 8 64 230924 10421 21246 4093 6 0 0 0 0 256 496 164 122 10 45 0 0 4 27852
ROW 8 64 230924 4921 21242 3535 4 0 0 0 0 256 492 165 122 12 66 0 0 4 29445
ROW 8 64 230924 32675 41351 5560 6 1 5 0 0 256 496 148 113 10 45 10 0 4 30507
ROW 8 64 230924 1233 32918 3959 6 0 0 0 0 256 496 166 124 10 45 0 0 4 26961
ROW 8 64 230924 41350 45393 5849 4 1 0 3 1 256 498 156 113 9 36 27 7 4 32270
PROOF 8 64 230924 41350 45393 4 2 13991092 96960776172652 53351:2:78244,74648,26119,78262,74648,26121:98748/78244/74648/26119,98749/78262/74648/26121 46149:3:76072,74328,27294,76101,74359,27295:41105/76086/74343/27294,41106/76101/74328/27294,41104/76072/74359/27295
PROOF 8 64 230924 41350 45393 4 1 14579308 96038020273132 53357:1:78278,74641,26120,78278,74641,26120:98750/78278/74641/26120 46057:1:76109,74303,27293,76109,74303,27293:41107/76109/74303/27293
ROW 8 64 230924 14004 14183 3459 6 0 0 0 0 256 490 160 117 13 78 0 0 4 32641
ROW 8 64 230924 15712 34977 4201 2 1 0 0 0 256 506 167 115 5 10 0 0 4 28233
ROW 8 64 230924 10414 32932 5525 6 0 0 0 0 256 486 157 118 15 105 0 0 4 31459
ROW 8 64 230924 3099 49926 4921 4 1 0 0 0 256 504 162 118 6 15 1 0 4 28373
ROW 8 64 230924 6771 45636 4215 4 0 0 0 0 256 506 165 120 5 10 0 0 4 27671
ROW 8 64 230924 25011 51833 6960 4 1 0 7 1 256 500 146 115 8 28 15 6 4 31138
PROOF 8 64 230924 25011 51833 4 7 16266216 98453249425524 53387:8:78398,74297,26137,78468,74431,26161:94645/78398/74347/26153,94647/78422/74333/26151,94648/78431/74297/26141,94649/78457/74326/26151,94646/78422/74369/26161,96726/78444/74431/26139,96727/78459/74419/26137,96728/78468/74421/26138 46045:7:76031,74226,27287,76109,74303,27329:38966/76039/74232/27325,38967/76047/74226/27325,38965/76046/74281/27328,38964/76031/74298/27329,41109/76104/74239/27287,41108/76108/74263/27290,41107/76109/74303/27293
ROW 8 64 230924 17437 26937 6284 6 0 0 0 0 256 484 148 109 16 120 0 0 4 31810
ROW 8 64 230924 32668 60710 6723 4 1 0 0 0 256 504 149 114 6 15 10 0 4 31579
ROW 8 64 230924 28627 39234 6800 4 1 0 2 0 256 490 148 109 13 78 8 4 4 42288
ROW 8 64 230924 22873 41364 6659 4 1 0 0 0 256 492 145 116 12 66 15 0 4 31399
ROW 8 64 230924 32917 49676 6171 4 1 0 5 1 256 498 148 113 9 36 7 4 4 31679
PROOF 8 64 230924 32917 49676 4 5 13896960 95504592160544 53387:8:78398,74297,26137,78468,74431,26161:94645/78398/74347/26153,94647/78422/74333/26151,94648/78431/74297/26141,94649/78457/74326/26151,94646/78422/74369/26161,96726/78444/74431/26139,96727/78459/74419/26137,96728/78468/74421/26138 46154:5:76014,74395,27295,76071,74442,27298:41100/76014/74404/27295,41101/76037/74400/27296,41099/76015/74442/27298,41103/76071/74395/27298,41102/76059/74414/27298
ROW 8 64 230924 5429 28866 7454 4 1 0 7 1 256 456 138 86 30 435 315 211 4 76923
PROOF 8 64 230924 5429 28866 4 7 34131840 496349431067204 146014:7:83237,75667,26139,83322,75719,26151:96993/83237/75673/26150,96994/83254/75667/26145,96995/83254/75694/26151,96996/83275/75695/26147,96997/83305/75686/26139,96998/83305/75712/26145,96999/83322/75719/26143 141831:8:80543,75614,27799,80593,75665,27885:17675/80552/75655/27799,17676/80566/75657/27799,15921/80543/75646/27830,12397/80548/75614/27885,12398/80552/75635/27885,12401/80593/75630/27884,12399/80561/75659/27885,12400/80573/75665/27884
ROW 8 64 230924 17661 60455 6636 4 1 0 7 1 256 500 147 113 8 28 20 8 4 31078
PROOF 8 64 230924 17661 60455 4 7 15593180 70441207045848 53387:8:78398,74297,26137,78468,74431,26161:94645/78398/74347/26153,94647/78422/74333/26151,94648/78431/74297/26141,94649/78457/74326/26151,94646/78422/74369/26161,96726/78444/74431/26139,96727/78459/74419/26137,96728/78468/74421/26138 46045:7:76031,74226,27287,76109,74303,27329:38966/76039/74232/27325,38967/76047/74226/27325,38965/76046/74281/27328,38964/76031/74298/27329,41109/76104/74239/27287,41108/76108/74263/27290,41107/76109/74303/27293
ROW 8 64 230924 17440 58549 6645 6 1 5 0 0 256 498 144 108 9 36 10 0 4 30527
ROW 8 64 230924 17429 32936 6519 4 0 0 0 0 256 490 154 115 13 78 3 0 4 30657
ROW 8 64 230924 1754 39216 7272 4 1 0 8 1 239 408 123 85 37 666 546 312 2 82073
PROOF 8 64 230924 1754 39216 4 8 31570104 399589956986104 146458:8:83667,75819,26120,83778,75894,26134:94983/83667/75819/26134,94985/83699/75835/26129,94986/83711/75849/26130,94987/83732/75852/26126,94988/83729/75868/26130,94989/83750/75873/26127,94990/83777/75871/26120,94991/83778/75894/26125 141831:8:80543,75614,27799,80593,75665,27885:17675/80552/75655/27799,17676/80566/75657/27799,15921/80543/75646/27830,12397/80548/75614/27885,12398/80552/75635/27885,12401/80593/75630/27884,12399/80561/75659/27885,12400/80573/75665/27884
ROW 8 64 230924 10418 69352 7067 4 1 0 7 1 256 488 147 104 14 91 73 39 4 36518
PROOF 8 64 230924 10418 69352 4 7 15598236 55662442907736 53739:7:78408,75128,26124,78538,75151,26132:104704/78408/75143/26124,104705/78426/75151/26128,104708/78471/75139/26128,104710/78495/75142/26132,104711/78510/75140/26132,104712/78524/75135/26132,104713/78538/75128/26131 141280:7:80481,75782,27682,80536,75904,27905:26936/80530/75904/27682,10611/80481/75782/27905,10612/80482/75810/27905,14200/80536/75789/27858,10613/80491/75834/27905,10614/80503/75840/27905,10615/80512/75858/27905
ROW 8 64 230924 32920 45391 6183 4 0 0 0 0 256 498 153 112 9 36 5 0 4 31889
ROW 8 64 230924 37095 45389 7160 4 1 0 2 0 256 488 145 108 14 91 45 8 4 31810
ROW 8 64 230924 20997 32931 6398 6 0 3 0 0 256 490 151 118 13 78 12 0 4 31258
ROW 8 64 230924 19188 58560 7416 4 1 0 5 1 256 484 144 108 16 120 36 7 4 54071
PROOF 8 64 230924 19188 58560 4 5 16373128 133363134105872 53730:5:78404,75015,26129,78493,75026,26138:102720/78404/75016/26129,102721/78419/75015/26130,102722/78437/75020/26133,102723/78454/75026/26137,102726/78493/75019/26138 46973:5:76004,74397,27942,76061,74441,27942:10412/76004/74441/27942,10413/76022/74431/27942,10415/76040/74403/27942,10414/76036/74416/27942,10416/76061/74397/27942
ROW 8 64 230924 28631 37089 6505 4 1 0 0 0 256 496 148 115 10 45 0 0 4 29626
ROW 8 64 230924 15915 45393 6335 4 1 0 0 0 256 492 146 113 12 66 0 0 4 29034
ROW 8 64 230924 25019 32672 6484 6 1 2 0 0 256 496 155 113 10 45 5 0 4 28203
ROW 8 64 230924 28627 49930 6030 6 0 0 0 0 256 496 151 113 10 45 0 0 4 30066
ROW 8 256 230923 6149 46785 1494 4 1 0 0 0 316 538 160 93 49 1176 90 0 0 92442
ROW 8 256 230923 104310 116428 1468 4 0 0 1 0 258 480 202 137 18 153 68 2 0 53009
ROW 8 256 230923 22260 38211 1458 4 1 0 6 1 370 626 193 102 59 1711 883 165 0 146483
ROW 8 256 230923 24606 38950 1033 6 1 6 6 1 336 572 193 97 50 1225 172 96 0 103924
ROW 8 256 230923 47537 62756 1243 4 1 0 6 1 422 720 230 118 64 2016 1165 697 0 191888
ROW 8 256 230923 53985 58442 1076 4 1 0 3 1 371 650 242 123 46 1035 415 138 0 95298
ROW 8 256 230923 9807 29906 1043 6 0 0 0 0 311 526 151 94 50 1225 0 0 0 79819
ROW 8 256 230923 9805 46781 1354 6 1 8 3 1 343 584 171 101 53 1378 195 5 0 102001
ROW 8 256 230923 26063 38205 1221 4 1 0 6 1 360 610 202 95 57 1596 615 150 0 133870
ROW 8 256 230923 8437 10452 1497 6 0 4 0 0 307 518 169 100 48 1128 62 0 0 88285
ROW 8 256 230923 1156 6748 1119 6 0 0 0 0 266 464 145 88 34 561 0 0 0 69359
ROW 8 256 230923 113998 121290 1680 6 0 0 0 0 274 488 158 81 32 496 0 0 0 64942
ROW 8 256 230923 9805 38218 1476 4 1 0 3 1 337 576 170 95 51 1275 111 18 0 85800
ROW 8 256 230923 4918 17654 2802 6 0 0 0 0 360 624 187 125 48 1128 0 0 0 79298
ROW 8 256 230923 16841 42488 1236 4 1 0 6 1 340 572 182 95 56 1540 258 26 0 96791
ROW 8 256 230923 28630 64907 1185 6 1 8 8 1 394 664 189 110 64 2016 880 747 0 229679
ROW 8 256 230923 4896 75610 1001 4 0 0 1 0 306 534 174 107 41 820 3 1 0 68808
ROW 8 256 230923 20476 31935 2252 4 1 0 3 1 335 574 194 106 48 1128 720 34 0 93715
ROW 8 256 230923 10419 10600 2607 6 0 0 0 0 384 672 186 128 48 1128 0 0 0 103603
ROW 8 256 230923 12335 71250 1187 6 1 7 7 1 411 710 225 104 58 1653 667 565 0 190255
ROW 8 256 230923 24998 58299 5460 4 1 0 6 1 426 728 184 117 64 2016 1477 612 0 176208
ROW 8 256 230923 15905 30634 4555 4 0 0 0 0 437 754 216 127 60 1770 0 0 0 107481
ROW 8 256 230923 10601 51832 5552 6 1 7 7 1 434 744 190 119 64 2016 601 216 0 168064
ROW 8 256 230923 10421 37075 3822 6 0 0 0 0 444 768 217 127 60 1770 0 0 0 108052
ROW 8 256 230923 15710 49931 5764 6 0 4 1 0 426 728 197 123 64 2016 165 26 0 126336
ROW 8 256 230923 15712 19410 3435 6 0 0 0 0 428 742 215 126 57 1596 0 0 0 129452
ROW 8 256 230923 6773 54237 5520 6 1 6 3 1 444 764 216 128 64 2016 184 32 0 129372
ROW 8 256 230923 17657 20999 4150 6 0 0 0 0 448 776 217 126 60 1770 0 0 0 107200
ROW 8 256 230923 15909 45393 5834 4 0 0 3 1 442 764 234 128 60 1770 169 64 0 135152
ROW 8 256 230923 1239 25008 3816 6 0 0 0 0 409 712 210 128 53 1378 0 0 0 91350
ROW 8 256 230923 28625 45642 5810 6 0 1 1 0 379 660 193 120 49 1176 32 32 0 122709
ROW 8 256 230923 28627 54232 5796 4 1 0 3 1 425 736 218 121 57 1596 429 70 0 155230
ROW 8 256 230923 19411 24769 3952 6 0 0 0 0 413 720 208 128 53 1378 0 0 0 90780
ROW 8 256 230923 4920 67164 5325 6 1 8 8 1 426 728 182 122 64 2016 899 473 0 211935
ROW 8 256 230923 15707 25014 5324 4 0 0 0 0 385 662 192 128 54 1431 0 0 0 117239
ROW 8 256 230923 36829 41350 5771 4 0 0 1 0 379 660 194 122 49 1176 100 32 0 85169
ROW 8 256 230923 1231 10610 4020 4 0 0 0 0 395 692 200 126 49 1176 0 0 0 89016
ROW 8 256 230923 25010 36832 5816 6 0 2 2 0 402 698 210 129 53 1378 64 58 0 97331
ROW 8 256 230923 20994 21249 5760 6 0 0 0 0 406 690 197 127 61 1830 0 0 0 139180
ROW 8 256 230923 4917 23115 4130 4 0 0 0 0 415 724 205 129 53 1378 0 0 0 90709
ROW 8 256 230923 20999 41360 6300 6 0 5 1 0 420 722 209 126 59 1711 154 4 0 112550
ROW 8 256 230923 24772 41360 6325 6 1 6 1 0 414 718 212 128 55 1485 179 21 0 124933
ROW 8 256 230923 36836 37097 7107 4 1 0 6 1 429 740 212 111 59 1711 875 205 0 125725
ROW 8 256 230923 30634 62867 6895 4 1 0 4 1 425 726 193 119 64 2016 1112 377 0 149799
ROW 8 256 230923 26928 41104 6321 6 0 1 0 0 361 620 180 120 51 1275 32 0 0 83616
ROW 8 256 230923 22875 54243 6809 4 1 0 3 1 451 778 218 119 64 2016 521 181 0 168374
ROW 8 256 230923 10906 15916 6413 4 0 0 0 0 307 522 160 108 46 1035 324 0 0 82223
ROW 8 256 230923 3600 21259 6399 4 0 0 0 0 290 496 148 108 42 861 16 0 0 66774
ROW 8 256 230923 28624 32929 6209 6 0 3 0 0 387 672 198 126 51 1275 90 0 0 122549
ROW 8 256 230923 20994 25017 6219 6 0 0 0 0 416 710 207 129 61 1830 0 0 0 105847
ROW 8 256 230923 26683 28881 6151 6 0 6 0 0 422 732 217 129 56 1540 93 0 0 134531
ROW 8 256 230923 28622 58559 7043 4 1 0 8 1 434 752 214 118 58 1653 1040 473 0 218077
ROW 8 256 230923 10414 62866 6287 6 1 4 3 1 406 688 173 121 64 2016 486 254 0 158386
ROW 8 256 230923 1755 37092 6720 4 1 0 7 1 338 556 156 96 62 1891 1455 181 0 128870
ROW 8 256 230923 20996 37091 6539 4 0 0 0 0 425 724 215 124 63 1953 171 0 0 112359
ROW 8 256 230923 10906 25010 6827 4 1 0 7 1 296 492 134 92 52 1326 1136 255 0 125775
ROW 8 256 230923 25024 32675 7024 6 1 6 5 1 425 726 191 118 64 2016 329 96 0 140062
ROW 8 256 230923 17439 32931 6202 6 0 1 0 0 418 712 192 125 64 2016 6 0 0 111699
ROW 8 256 230923 10906 17658 6978 4 1 0 7 1 294 492 140 95 50 1225 1072 153 0 93835
ROW 8 256 230923 41105 43501 6220 4 0 0 0 0 360 624 182 121 48 1128 493 0 0 78918
ROW 8 256 230924 6610 66901 1350 4 1 0 6 1 355 598 180 92 58 1653 742 589 0 170388
ROW 8 256 230924 49833 80141 1014 4 1 0 4 1 400 716 273 164 42 861 680 231 0 103102
ROW 8 256 230924 2930 19191 1463 4 1 0 3 1 364 606 183 102 61 1830 169 58 0 167032
ROW 8 256 230924 37074 67075 1177 6 1 8 8 1 450 776 222 142 64 2016 910 769 0 245818
ROW 8 256 230924 113994 123241 1068 4 1 0 3 1 277 492 186 127 33 528 32 32 0 71774
ROW 8 256 230924 9669 26148 2967 4 1 0 6 1 321 544 141 84 51 1275 724 107 0 107010
ROW 8 256 230924 9802 46783 1429 4 1 0 3 1 353 608 187 95 51 1275 172 6 0 93935
ROW 8 256 230924 10549 96766 1203 4 0 0 0 0 343 618 218 112 34 561 0 0 0 68868
ROW 8 256 230924 113995 121272 1695 4 0 0 0 0 272 484 157 86 32 496 0 0 0 63899
ROW 8 256 230924 36834 62754 1149 4 1 0 5 1 402 680 198 106 64 2016 683 465 0 247442
ROW 8 256 230924 122196 122907 1452 4 1 0 7 1 317 582 228 125 26 325 32 32 0 82594
ROW 8 256 230924 14977 16901 1990 2 1 6 0 1 307 518 133 91 50 1225 112 17 0 124862
ROW 8 256 230924 41345 71407 1027 4 1 0 4 1 512 912 342 153 56 1540 837 762 0 176260
ROW 8 256 230924 34721 47371 1256 4 1 0 3 1 300 520 181 93 40 780 414 140 0 79349
ROW 8 256 230924 26664 53814 1302 4 1 0 4 1 302 522 184 100 41 820 461 198 0 84729
ROW 8 256 230924 16903 44649 2572 4 1 0 8 1 327 560 164 97 49 1176 888 175 0 104936
ROW 8 256 230924 393 2407 1894 4 1 0 3 1 293 508 172 115 39 741 410 31 0 77003
ROW 8 256 230924 8778 10420 2641 6 0 0 0 0 368 638 203 126 49 1176 0 0 0 84698
ROW 8 256 230924 20842 45376 1159 6 1 6 6 1 332 554 161 92 55 1485 226 127 0 123340
ROW 8 256 230924 15112 46776 1238 4 1 0 6 1 352 596 185 99 56 1540 241 23 0 130112
ROW 8 256 230924 6770 21242 3526 6 0 0 0 0 402 700 192 128 52 1326 0 0 0 114113
ROW 8 256 230924 19416 47537 5678 4 1 0 7 1 428 732 186 117 64 2016 582 177 0 141845
ROW 8 256 230924 25006 26681 4899 6 0 1 0 0 430 748 221 129 56 1540 3 0 0 97802
ROW 8 256 230924 12225 52073 4871 6 1 8 5 1 443 762 188 121 64 2016 672 138 0 228776
ROW 8 256 230924 17674 26679 5996 4 0 0 0 0 393 676 197 124 55 1485 0 0 0 90789
ROW 8 256 230924 17667 32674 5784 6 0 6 0 0 432 742 214 128 61 1830 78 0 0 113371
ROW 8 256 230924 8786 26681 4832 4 0 0 0 0 411 708 212 128 57 1596 0 0 0 96059
ROW 8 256 230924 17437 45638 5007 6 1 5 3 1 451 778 223 128 64 2016 126 43 0 130854
ROW 8 256 230924 15711 54229 4964 2 1 6 0 1 454 784 217 125 64 2016 391 108 0 145863
ROW 8 256 230924 20997 30873 4978 6 0 0 0 0 448 770 216 128 63 1953 0 0 0 111859
ROW 8 256 230924 10421 21246 4093 6 0 0 0 0 408 706 202 128 55 1485 0 0 0 166531
ROW 8 256 230924 4921 21242 3535 4 0 0 0 0 403 700 202 129 53 1378 0 0 0 88936
ROW 8 256 230924 32675 41351 5560 6 1 6 3 1 455 786 228 123 64 2016 354 96 0 144519
ROW 8 256 230924 1233 32918 3959 6 0 0 0 0 407 708 196 127 53 1378 0 0 0 88285
ROW 8 256 230924 41350 45393 5849 4 1 0 3 1 420 734 218 122 53 1378 896 81 0 140482
ROW 8 256 230924 14004 14183 3459 6 0 0 0 0 437 750 213 125 64 2016 0 0 0 118140
ROW 8 256 230924 15712 34977 4201 2 1 5 0 1 467 810 216 126 64 2016 15 0 0 124763
ROW 8 256 230924 10414 32932 5525 6 0 0 0 0 396 688 191 123 52 1326 0 0 0 89016
ROW 8 256 230924 3099 49926 4921 4 1 0 0 0 461 798 218 127 64 2016 88 0 0 117379
ROW 8 256 230924 6771 45636 4215 4 0 0 0 0 471 818 243 128 64 2016 9 0 0 117540
ROW 8 256 230924 25011 51833 6960 4 1 0 7 1 419 714 169 116 64 2016 1361 468 0 175017
ROW 8 256 230924 17437 26937 6284 6 0 5 0 0 414 704 206 123 64 2016 3 0 0 113732
ROW 8 256 230924 32668 60710 6723 4 1 0 3 1 434 744 223 120 62 1891 1058 378 0 164898
ROW 8 256 230924 28627 39234 6800 4 1 0 6 1 425 726 216 119 62 1891 537 195 0 147214
ROW 8 256 230924 22873 41364 6659 4 1 0 4 1 431 738 217 125 64 2016 321 37 0 122869
ROW 8 256 230924 32917 49676 6171 4 1 0 5 1 422 720 193 118 64 2016 1186 398 0 152816
ROW 8 256 230924 5429 28866 7454 4 1 0 7 1 305 510 150 89 52 1326 1136 574 0 160439
ROW 8 256 230924 17661 60455 6636 4 1 0 7 1 425 726 171 116 64 2016 1365 522 0 159177
ROW 8 256 230924 17440 58549 6645 6 1 7 3 1 434 744 203 115 64 2016 360 64 0 207157
ROW 8 256 230924 17429 32936 6519 4 0 0 0 0 409 696 194 121 61 1830 75 0 0 107600
ROW 8 256 230924 1754 39216 7272 4 1 0 8 1 274 456 131 85 48 1128 1008 438 0 105226
ROW 8 256 230924 10418 69352 7067 4 1 0 8 1 402 680 173 114 64 2016 1111 701 0 184384
ROW 8 256 230924 32920 45391 6183 4 0 0 2 0 393 680 206 121 53 1378 520 60 0 100547
ROW 8 256 230924 37095 45389 7160 4 1 0 8 1 430 744 218 119 58 1653 910 361 0 170258
ROW 8 256 230924 20997 32931 6398 6 0 4 0 0 416 710 207 127 61 1830 95 0 0 179425
ROW 8 256 230924 19188 58560 7416 4 1 0 5 1 439 754 195 117 64 2016 581 205 0 180557
ROW 8 256 230924 28631 37089 6505 4 1 0 3 1 427 730 204 121 64 2016 99 53 0 145261
ROW 8 256 230924 15915 45393 6335 4 1 0 3 1 449 772 228 127 63 1953 236 64 0 125103
ROW 8 256 230924 25019 32672 6484 6 1 5 3 1 418 720 217 122 58 1653 129 70 0 110446
ROW 8 256 230924 28627 49930 6030 6 0 7 0 0 412 716 213 121 54 1431 130 0 0 128309
ROW 8 1024 230923 6149 46785 1494 4 1 0 0 0 316 538 160 93 49 1176 90 0 0 94997
ROW 8 1024 230923 104310 116428 1468 4 0 0 1 0 258 480 202 137 18 153 68 2 0 52778
ROW 8 1024 230923 22260 38211 1458 4 1 0 6 1 370 626 193 102 59 1711 883 165 0 130874
ROW 8 1024 230923 24606 38950 1033 6 1 6 6 1 336 572 193 97 50 1225 172 96 0 103534
ROW 8 1024 230923 47537 62756 1243 4 1 0 6 1 422 720 230 118 64 2016 1165 697 0 212947
ROW 8 1024 230923 53985 58442 1076 4 1 0 3 1 371 650 242 123 46 1035 415 138 0 91310
ROW 8 1024 230923 9807 29906 1043 6 0 0 0 0 311 526 151 94 50 1225 0 0 0 78927
ROW 8 1024 230923 9805 46781 1354 6 1 8 3 1 343 584 171 101 53 1378 195 5 0 119042
ROW 8 1024 230923 26063 38205 1221 4 1 0 6 1 360 610 202 95 57 1596 615 150 0 136044
ROW 8 1024 230923 8437 10452 1497 6 0 4 0 0 307 518 169 100 48 1128 62 0 0 91782
ROW 8 1024 230923 1156 6748 1119 6 0 0 0 0 266 464 145 88 34 561 0 0 0 53149
ROW 8 1024 230923 113998 121290 1680 6 0 0 0 0 274 488 158 81 32 496 0 0 0 75892
ROW 8 1024 230923 9805 38218 1476 4 1 0 3 1 337 576 170 95 51 1275 111 18 0 122638
ROW 8 1024 230923 4918 17654 2802 6 0 0 0 0 360 624 187 125 48 1128 0 0 0 106719
ROW 8 1024 230923 16841 42488 1236 4 1 0 6 1 340 572 182 95 56 1540 258 26 0 119142
ROW 8 1024 230923 28630 64907 1185 6 1 8 8 1 394 664 189 110 64 2016 880 747 0 229048
ROW 8 1024 230923 4896 75610 1001 4 0 0 1 0 306 534 174 107 41 820 3 1 0 70140
ROW 8 1024 230923 20476 31935 2252 4 1 0 3 1 335 574 194 106 48 1128 720 34 0 113993
ROW 8 1024 230923 10419 10600 2607 6 0 0 0 0 384 672 186 128 48 1128 0 0 0 108823
ROW 8 1024 230923 12335 71250 1187 6 1 7 7 1 411 710 225 104 58 1653 667 565 0 188723
ROW 8 1024 230923 24998 58299 5460 4 1 0 6 1 426 728 184 117 64 2016 1477 612 0 171671
ROW 8 1024 230923 15905 30634 4555 4 0 0 0 0 437 754 216 127 60 1770 0 0 0 151413
ROW 8 1024 230923 10601 51832 5552 6 1 7 7 1 434 744 190 119 64 2016 601 216 0 249526
ROW 8 1024 230923 10421 37075 3822 6 0 0 0 0 444 768 217 127 60 1770 0 0 0 149689
ROW 8 1024 230923 15710 49931 5764 6 0 4 1 0 426 728 197 123 64 2016 165 26 0 180827
ROW 8 1024 230923 15712 19410 3435 6 0 0 0 0 428 742 215 126 57 1596 0 0 0 128960
ROW 8 1024 230923 6773 54237 5520 6 1 6 3 1 444 764 216 128 64 2016 184 32 0 164427
ROW 8 1024 230923 17657 20999 4150 6 0 0 0 0 448 776 217 126 60 1770 0 0 0 143518
ROW 8 1024 230923 15909 45393 5834 4 0 0 3 1 442 764 234 128 60 1770 169 64 0 163936
ROW 8 1024 230923 1239 25008 3816 6 0 0 0 0 409 712 210 128 53 1378 0 0 0 123340
ROW 8 1024 230923 28625 45642 5810 6 0 1 1 0 379 660 193 120 49 1176 32 32 0 86862
ROW 8 1024 230923 28627 54232 5796 4 1 0 3 1 425 736 218 121 57 1596 429 70 0 159377
ROW 8 1024 230923 19411 24769 3952 6 0 0 0 0 413 720 208 128 53 1378 0 0 0 118411
ROW 8 1024 230923 4920 67164 5325 6 1 8 8 1 426 728 182 122 64 2016 899 473 0 304629
ROW 8 1024 230923 15707 25014 5324 4 0 0 0 0 385 662 192 128 54 1431 0 0 0 116919
ROW 8 1024 230923 36829 41350 5771 4 0 0 1 0 379 660 194 122 49 1176 100 32 0 114393
ROW 8 1024 230923 1231 10610 4020 4 0 0 0 0 395 692 200 126 49 1176 0 0 0 94226
ROW 8 1024 230923 25010 36832 5816 6 0 2 2 0 402 698 210 129 53 1378 64 58 0 124342
ROW 8 1024 230923 20994 21249 5760 6 0 0 0 0 406 690 197 127 61 1830 0 0 0 104885
ROW 8 1024 230923 4917 23115 4130 4 0 0 0 0 415 724 205 129 53 1378 0 0 0 94577
ROW 8 1024 230923 20999 41360 6300 6 0 5 1 0 420 722 209 126 59 1711 154 4 0 114113
ROW 8 1024 230923 24772 41360 6325 6 1 6 1 0 414 718 212 128 55 1485 179 21 0 105698
ROW 8 1024 230923 36836 37097 7107 4 1 0 6 1 429 740 212 111 59 1711 875 205 0 152986
ROW 8 1024 230923 30634 62867 6895 4 1 0 4 1 425 726 193 119 64 2016 1112 377 0 151102
ROW 8 1024 230923 26928 41104 6321 6 0 1 0 0 361 620 180 120 51 1275 32 0 0 82795
ROW 8 1024 230923 22875 54243 6809 4 1 0 3 1 451 778 218 119 64 2016 521 181 0 137035
ROW 8 1024 230923 10906 15916 6413 4 0 0 0 0 307 522 160 108 46 1035 324 0 0 99085
ROW 8 1024 230923 3600 21259 6399 4 0 0 0 0 290 496 148 108 42 861 16 0 0 65181
ROW 8 1024 230923 28624 32929 6209 6 0 3 0 0 387 672 198 126 51 1275 90 0 0 89617
ROW 8 1024 230923 20994 25017 6219 6 0 0 0 0 416 710 207 129 61 1830 0 0 0 104785
ROW 8 1024 230923 26683 28881 6151 6 0 6 0 0 422 732 217 129 56 1540 93 0 0 120275
ROW 8 1024 230923 28622 58559 7043 4 1 0 8 1 434 752 214 118 58 1653 1040 473 0 181078
ROW 8 1024 230923 10414 62866 6287 6 1 4 3 1 406 688 173 121 64 2016 486 254 0 187870
ROW 8 1024 230923 1755 37092 6720 4 1 0 7 1 338 556 156 96 62 1891 1455 181 0 128569
ROW 8 1024 230923 20996 37091 6539 4 0 0 0 0 425 724 215 124 63 1953 171 0 0 139941
ROW 8 1024 230923 10906 25010 6827 4 1 0 7 1 296 492 134 92 52 1326 1136 255 0 106449
ROW 8 1024 230923 25024 32675 7024 6 1 6 5 1 425 726 191 118 64 2016 329 96 0 171881
ROW 8 1024 230923 17439 32931 6202 6 0 1 0 0 418 712 192 125 64 2016 6 0 0 133810
ROW 8 1024 230923 10906 17658 6978 4 1 0 7 1 294 492 140 95 50 1225 1072 153 0 114424
ROW 8 1024 230923 41105 43501 6220 4 0 0 0 0 360 624 182 121 48 1128 493 0 0 93053
ROW 8 1024 230924 6610 66901 1350 4 1 0 6 1 355 598 180 92 58 1653 742 589 0 154618
ROW 8 1024 230924 49833 80141 1014 4 1 0 4 1 400 716 273 164 42 861 680 231 0 101219
ROW 8 1024 230924 2930 19191 1463 4 1 0 3 1 364 606 183 102 61 1830 169 58 0 122869
ROW 8 1024 230924 37074 67075 1177 6 1 8 8 1 450 776 222 142 64 2016 910 769 0 281454
ROW 8 1024 230924 113994 123241 1068 4 1 0 3 1 277 492 186 127 33 528 32 32 0 77875
ROW 8 1024 230924 9669 26148 2967 4 1 0 6 1 321 544 141 84 51 1275 724 107 0 108562
ROW 8 1024 230924 9802 46783 1429 4 1 0 3 1 353 608 187 95 51 1275 172 6 0 98724
ROW 8 1024 230924 10549 96766 1203 4 0 0 0 0 343 618 218 112 34 561 0 0 0 60483
ROW 8 1024 230924 113995 121272 1695 4 0 0 0 0 272 484 157 86 32 496 0 0 0 76903
ROW 8 1024 230924 36834 62754 1149 4 1 0 5 1 402 680 198 106 64 2016 683 465 0 187079
ROW 8 1024 230924 122196 122907 1452 4 1 0 7 1 317 582 228 125 26 325 32 32 0 69821
ROW 8 1024 230924 14977 16901 1990 2 1 6 0 1 307 518 133 91 50 1225 112 17 0 100207
ROW 8 1024 230924 41345 71407 1027 4 1 0 4 1 512 912 342 153 56 1540 837 762 0 171941
ROW 8 1024 230924 34721 47371 1256 4 1 0 3 1 300 520 181 93 40 780 414 140 0 80701
ROW 8 1024 230924 26664 53814 1302 4 1 0 4 1 302 522 184 100 41 820 461 198 0 110606
ROW 8 1024 230924 16903 44649 2572 4 1 0 8 1 327 560 164 97 49 1176 888 175 0 123952
ROW 8 1024 230924 393 2407 1894 4 1 0 3 1 293 508 172 115 39 741 410 31 0 77094
ROW 8 1024 230924 8778 10420 2641 6 0 0 0 0 368 638 203 126 49 1176 0 0 0 79389
ROW 8 1024 230924 20842 45376 1159 6 1 6 6 1 332 554 161 92 55 1485 226 127 0 112831
ROW 8 1024 230924 15112 46776 1238 4 1 0 6 1 352 596 185 99 56 1540 241 23 0 113261
ROW 8 1024 230924 6770 21242 3526 6 0 0 0 0 402 700 192 128 52 1326 0 0 0 89798
ROW 8 1024 230924 19416 47537 5678 4 1 0 7 1 428 732 186 117 64 2016 582 177 0 184023
ROW 8 1024 230924 25006 26681 4899 6 0 1 0 0 430 748 221 129 56 1540 3 0 0 97983
ROW 8 1024 230924 12225 52073 4871 6 1 8 5 1 443 762 188 121 64 2016 672 138 0 174446
ROW 8 1024 230924 17674 26679 5996 4 0 0 0 0 393 676 197 124 55 1485 0 0 0 90178
ROW 8 1024 230924 17667 32674 5784 6 0 6 0 0 432 742 214 128 61 1830 78 0 0 126977
ROW 8 1024 230924 8786 26681 4832 4 0 0 0 0 411 708 212 128 57 1596 0 0 0 96440
ROW 8 1024 230924 17437 45638 5007 6 1 5 3 1 451 778 223 128 64 2016 126 43 0 126767
ROW 8 1024 230924 15711 54229 4964 2 1 6 0 1 454 784 217 125 64 2016 391 108 0 195345
ROW 8 1024 230924 20997 30873 4978 6 0 0 0 0 448 770 216 128 63 1953 0 0 0 154379
ROW 8 1024 230924 10421 21246 4093 6 0 0 0 0 408 706 202 128 55 1485 0 0 0 137647
ROW 8 1024 230924 4921 21242 3535 4 0 0 0 0 403 700 202 129 53 1378 0 0 0 133880
ROW 8 1024 230924 32675 41351 5560 6 1 6 3 1 455 786 228 123 64 2016 354 96 0 239908
ROW 8 1024 230924 1233 32918 3959 6 0 0 0 0 407 708 196 127 53 1378 0 0 0 93925
ROW 8 1024 230924 41350 45393 5849 4 1 0 3 1 420 734 218 122 53 1378 896 81 0 104876
ROW 8 1024 230924 14004 14183 3459 6 0 0 0 0 437 750 213 125 64 2016 0 0 0 113312
ROW 8 1024 230924 15712 34977 4201 2 1 5 0 1 467 810 216 126 64 2016 15 0 0 117769
ROW 8 1024 230924 10414 32932 5525 6 0 0 0 0 396 688 191 123 52 1326 0 0 0 86190
ROW 8 1024 230924 3099 49926 4921 4 1 0 0 0 461 798 218 127 64 2016 88 0 0 137677
ROW 8 1024 230924 6771 45636 4215 4 0 0 0 0 471 818 243 128 64 2016 9 0 0 121757
ROW 8 1024 230924 25011 51833 6960 4 1 0 7 1 419 714 169 116 64 2016 1361 468 0 156953
ROW 8 1024 230924 17437 26937 6284 6 0 5 0 0 414 704 206 123 64 2016 3 0 0 135242
ROW 8 1024 230924 32668 60710 6723 4 1 0 3 1 434 744 223 120 62 1891 1058 378 0 144230
ROW 8 1024 230924 28627 39234 6800 4 1 0 6 1 425 726 216 119 62 1891 537 195 0 187570
ROW 8 1024 230924 22873 41364 6659 4 1 0 4 1 431 738 217 125 64 2016 321 37 0 177291
ROW 8 1024 230924 32917 49676 6171 4 1 0 5 1 422 720 193 118 64 2016 1186 398 0 235419
ROW 8 1024 230924 5429 28866 7454 4 1 0 7 1 305 510 150 89 52 1326 1136 574 0 135392
ROW 8 1024 230924 17661 60455 6636 4 1 0 7 1 425 726 171 116 64 2016 1365 522 0 158015
ROW 8 1024 230924 17440 58549 6645 6 1 7 3 1 434 744 203 115 64 2016 360 64 0 142857
ROW 8 1024 230924 17429 32936 6519 4 0 0 0 0 409 696 194 121 61 1830 75 0 0 105507
ROW 8 1024 230924 1754 39216 7272 4 1 0 8 1 274 456 131 85 48 1128 1008 438 0 101139
ROW 8 1024 230924 10418 69352 7067 4 1 0 8 1 402 680 173 114 64 2016 1111 701 0 174897
ROW 8 1024 230924 32920 45391 6183 4 0 0 2 0 393 680 206 121 53 1378 520 60 0 100167
ROW 8 1024 230924 37095 45389 7160 4 1 0 8 1 430 744 218 119 58 1653 910 361 0 130022
ROW 8 1024 230924 20997 32931 6398 6 0 4 0 0 416 710 207 127 61 1830 95 0 0 134351
ROW 8 1024 230924 19188 58560 7416 4 1 0 5 1 439 754 195 117 64 2016 581 205 0 132007
ROW 8 1024 230924 28631 37089 6505 4 1 0 3 1 427 730 204 121 64 2016 99 53 0 116007
ROW 8 1024 230924 15915 45393 6335 4 1 0 3 1 449 772 228 127 63 1953 236 64 0 118431
ROW 8 1024 230924 25019 32672 6484 6 1 5 3 1 418 720 217 122 58 1653 129 70 0 109013
ROW 8 1024 230924 28627 49930 6030 6 0 7 0 0 412 716 213 121 54 1431 130 0 0 141714
ROW 8 4096 230923 6149 46785 1494 4 1 0 0 0 316 538 160 93 49 1176 90 0 0 118000
ROW 8 4096 230923 104310 116428 1468 4 0 0 1 0 258 480 202 137 18 153 68 2 0 87092
ROW 8 4096 230923 22260 38211 1458 4 1 0 6 1 370 626 193 102 59 1711 883 165 0 177551
PROOF 8 4096 230923 22260 38211 4 6 35318960 285299124795168 103592:6:71483,90003,27823,71588,90152,27913:9820/71563/90003/27823,9821/71505/90046/27823,9819/71562/90072/27823,8013/71483/90126/27913,8012/71515/90152/27913,9818/71588/90104/27823 110229:6:74356,89036,25387,74480,89119,25394:79192/74356/89036/25391,79191/74393/89038/25394,79190/74418/89060/25393,79189/74436/89098/25387,79188/74461/89085/25392,79187/74480/89119/25388
ROW 8 4096 230923 24606 38950 1033 6 1 6 6 1 336 572 193 97 50 1225 172 96 0 163755
PROOF 8 4096 230923 24606 38950 3 6 10263080 36214821945432 43502:6:75423,74190,28123,75486,74297,28170:1213/75465/74190/28170,1212/75475/74241/28170,3071/75423/74296/28123,3072/75453/74297/28123,3073/75467/74278/28123,3074/75486/74268/28123 38818:7:73693,75063,25962,73802,75148,25972:84108/73693/75148/25964,84109/73711/75131/25965,84110/73718/75106/25962,84111/73740/75108/25967,84113/73769/75068/25967,84112/73760/75092/25969,84114/73802/75063/25972
PROOF 8 4096 230923 24606 38950 4 6 10263080 36214821945432 43502:6:75423,74190,28123,75486,74297,28170:1213/75465/74190/28170,1212/75475/74241/28170,3071/75423/74296/28123,3072/75453/74297/28123,3073/75467/74278/28123,3074/75486/74268/28123 38818:7:73693,75063,25962,73802,75148,25972:84108/73693/75148/25964,84109/73711/75131/25965,84110/73718/75106/25962,84111/73740/75108/25967,84113/73769/75068/25967,84112/73760/75092/25969,84114/73802/75063/25972
ROW 8 4096 230923 47537 62756 1243 4 1 0 6 1 422 720 230 118 64 2016 1165 697 0 222575
PROOF 8 4096 230923 47537 62756 4 6 6011308 15005728646600 32164:6:78536,72793,27011,78576,72876,27099:51969/78545/72793/27011,49819/78544/72816/27055,51970/78576/72840/27016,47674/78536/72803/27098,47675/78563/72822/27099,49820/78567/72876/27061 33424:8:77353,73765,26176,77495,73815,26189:86355/77353/73804/26176,86356/77380/73815/26180,86358/77412/73786/26176,86357/77397/73804/26179,86359/77432/73782/26177,86361/77458/73765/26176,86360/77449/73799/26183,86362/77495/73806/26189
ROW 8 4096 230923 53985 58442 1076 4 1 0 3 1 371 650 242 123 46 1035 415 138 0 128609
PROOF 8 4096 230923 53985 58442 4 1 5585032 7066486100856 33213:1:77492,73482,26184,77492,73482,26184:84303/77492/73482/26184 32188:1:78538,72856,27195,78538,72856,27195:43388/78538/72856/27195
PROOF 8 4096 230923 53985 58442 4 1 5715544 8391546982164 33156:2:77420,73499,26182,77447,73512,26187:84299/77420/73499/26182,84300/77447/73512/26187 34851:1:78567,72910,27156,78567,72910,27156:45533/78567/72910/27156
PROOF 8 4096 230923 53985 58442 4 1 5463552 8294691112616 32185:1:78544,72851,27151,78544,72851,27151:45532/78544/72851/27151 33225:1:77552,73460,26184,77552,73460,26184:84306/77552/73460/26184
ROW 8 4096 230923 9807 29906 1043 6 0 0 0 0 311 526 151 94 50 1225 0 0 0 111818
ROW 8 4096 230923 9805 46781 1354 6 1 8 3 1 343 584 171 101 53 1378 195 5 0 148156
PROOF 8 4096 230923 9805 46781 3 8 29430368 561579015677744 86934:8:74196,88138,25449,74344,88280,25460:81374/74196/88138/25458,81373/74223/88153/25460,81372/74234/88192/25453,81371/74262/88206/25454,81370/74291/88217/25455,81369/74293/88243/25450,81368/74322/88257/25451,81367/74344/88280/25449 100901:8:76924,87462,27102,76978,87587,27244:38205/76958/87469/27106,36077/76978/87472/27152,38204/76968/87521/27102,33985/76924/87478/27203,31924/76965/87462/27244,33984/76941/87513/27201,31923/76975/87514/27241,33983/76943/87587/27195
PROOF 8 4096 230923 9805 46781 4 2 8852208 25950699786164 103599:2:71483,90126,27913,71515,90152,27913:8013/71483/90126/27913,8012/71515/90152/27913 100858:5:76962,87484,26956,77001,87539,27007:44630/76972/87484/26958,42484/76962/87486/27007,44629/76989/87516/26956,42483/76972/87539/27002,42482/77001/87529/27005
PROOF 8 4096 230923 9805 46781 4 1 7464292 25385601548216 104609:1:71463,90257,27982,71463,90257,27982:6164/71463/90257/27982 100853:1:76956,87422,27013,76956,87422,27013:42485/76956/87422/27013
ROW 8 4096 230923 26063 38205 1221 4 1 0 6 1 360 610 202 95 57 1596 615 150 0 147075
PROOF 8 4096 230923 26063 38205 4 6 29909640 213318816652944 103592:6:71483,90003,27823,71588,90152,27913:9820/71563/90003/27823,9821/71505/90046/27823,9819/71562/90072/27823,8013/71483/90126/27913,8012/71515/90152/27913,9818/71588/90104/27823 110240:6:74499,89155,25383,74632,89224,25385:79186/74499/89155/25383,79185/74531/89165/25384,79184/74558/89186/25383,79183/74589/89198/25384,79182/74620/89209/25385,79181/74632/89224/25383
ROW 8 4096 230923 8437 10452 1497 6 0 4 0 0 307 518 169 100 48 1128 62 0 0 124092
ROW 8 4096 230923 1156 6748 1119 6 0 0 0 0 266 464 145 88 34 561 0 0 0 73057
ROW 8 4096 230923 113998 121290 1680 6 0 0 0 0 274 488 158 81 32 496 0 0 0 85219
ROW 8 4096 230923 9805 38218 1476 4 1 0 3 1 337 576 170 95 51 1275 111 18 0 126065
PROOF 8 4096 230923 9805 38218 4 2 13333216 8765296412396 103599:2:71483,90126,27913,71515,90152,27913:8013/71483/90126/27913,8012/71515/90152/27913 100907:5:76924,87462,27195,76975,87587,27244:33985/76924/87478/27203,31924/76965/87462/27244,33984/76941/87513/27201,31923/76975/87514/27241,33983/76943/87587/27195
PROOF 8 4096 230923 9805 38218 4 1 11422632 3440449786024 104609:1:71463,90257,27982,71463,90257,27982:6164/71463/90257/27982 100905:1:76978,87472,27152,76978,87472,27152:36077/76978/87472/27152
ROW 8 4096 230923 4918 17654 2802 6 0 0 0 0 360 624 187 125 48 1128 0 0 0 100759
ROW 8 4096 230923 16841 42488 1236 4 1 0 6 1 340 572 182 95 56 1540 258 26 0 135172
PROOF 8 4096 230923 16841 42488 4 6 30822568 401726872766616 103592:6:71483,90003,27823,71588,90152,27913:9820/71563/90003/27823,9821/71505/90046/27823,9819/71562/90072/27823,8013/71483/90126/27913,8012/71515/90152/27913,9818/71588/90104/27823 110229:6:74356,89036,25387,74480,89119,25394:79192/74356/89036/25391,79191/74393/89038/25394,79190/74418/89060/25393,79189/74436/89098/25387,79188/74461/89085/25392,79187/74480/89119/25388
ROW 8 4096 230923 28630 64907 1185 6 1 8 8 1 394 664 189 110 64 2016 880 747 0 245749
PROOF 8 4096 230923 28630 64907 3 8 5467328 5310454189264 33133:8:77361,73309,26200,77482,73397,26212:82140/77375/73341/26201,82141/77397/73337/26202,82142/77417/73331/26202,82139/77366/73378/26208,82138/77361/73397/26212,82144/77456/73309/26200,82145/77482/73320/26204,82143/77447/73349/26208 34865:8:78587,72907,27250,78655,72987,27334:39111/78655/72907/27289,41247/78602/72950/27250,41248/78616/72971/27252,41249/78642/72987/27254,36975/78587/72907/27329,36976/78602/72929/27331,36977/78630/72964/27334,36978/78650/72952/27334
PROOF 8 4096 230923 28630 64907 4 8 5467328 5310454189264 33133:8:77361,73309,26200,77482,73397,26212:82140/77375/73341/26201,82141/77397/73337/26202,82142/77417/73331/26202,82139/77366/73378/26208,82138/77361/73397/26212,82144/77456/73309/26200,82145/77482/73320/26204,82143/77447/73349/26208 34865:8:78587,72907,27250,78655,72987,27334:39111/78655/72907/27289,41247/78602/72950/27250,41248/78616/72971/27252,41249/78642/72987/27254,36975/78587/72907/27329,36976/78602/72929/27331,36977/78630/72964/27334,36978/78650/72952/27334
ROW 8 4096 230923 4896 75610 1001 4 0 0 1 0 306 534 174 107 41 820 3 1 0 69850
ROW 8 4096 230923 20476 31935 2252 4 1 0 3 1 335 574 194 106 48 1128 720 34 0 111087
PROOF 8 4096 230923 20476 31935 4 2 34418268 549478772934264 86654:7:73456,87440,25486,73583,87548,25493:81410/73456/87440/25491,81409/73464/87454/25489,81408/73481/87482/25488,81407/73513/87491/25490,81406/73543/87499/25493,81405/73551/87541/25486,81404/73583/87548/25489 84624:2:70299,88385,27515,70336,88393,27516:16903/70299/88393/27515,16902/70336/88385/27516
PROOF 8 4096 230923 20476 31935 4 1 36535944 537700135744692 86778:1:74017,87445,25493,74017,87445,25493:83559/74017/87445/25493 84628:1:70402,88375,27517,70402,88375,27517:16901/70402/88375/27517
ROW 8 4096 230923 10419 10600 2607 6 0 0 0 0 384 672 186 128 48 1128 0 0 0 114774
ROW 8 4096 230923 12335 71250 1187 6 1 7 7 1 411 710 225 104 58 1653 667 565 0 266707
PROOF 8 4096 230923 12335 71250 3 7 5084768 4000746984180 33104:7:77207,73318,26185,77324,73395,26201:82133/77218/73328/26186,82134/77238/73318/26185,82132/77207/73362/26192,82131/77210/73395/26199,82135/77274/73352/26195,82136/77299/73356/26198,82137/77324/73361/26201 46045:7:76031,74226,27287,76109,74303,27329:38966/76039/74232/27325,38967/76047/74226/27325,38965/76046/74281/27328,38964/76031/74298/27329,41109/76104/74239/27287,41108/76108/74263/27290,41107/76109/74303/27293
PROOF 8 4096 230923 12335 71250 4 7 5084768 4000746984180 33104:7:77207,73318,26185,77324,73395,26201:82133/77218/73328/26186,82134/77238/73318/26185,82132/77207/73362/26192,82131/77210/73395/26199,82135/77274/73352/26195,82136/77299/73356/26198,82137/77324/73361/26201 46045:7:76031,74226,27287,76109,74303,27329:38966/76039/74232/27325,38967/76047/74226/27325,38965/76046/74281/27328,38964/76031/74298/27329,41109/76104/74239/27287,41108/76108/74263/27290,41107/76109/74303/27293
ROW 8 4096 230923 24998 58299 5460 4 1 0 6 1 426 728 184 117 64 2016 1477 612 0 184895
PROOF 8 4096 230923 24998 58299 4 6 21193576 197002957297620 35337:8:78624,73008,27928,78717,73081,28013:10544/78624/73064/27928,10545/78646/73060/27928,10546/78668/73065/27928,6905/78662/73009/28013,10547/78687/73051/27928,10548/78714/73081/27928,6907/78706/73008/28013,6908/78717/73012/28013 53480:6:78401,74575,26116,78470,74611,26121:98759/78405/74594/26116,98758/78401/74611/26121,98760/78422/74594/26117,98761/78442/74600/26121,98763/78470/74575/26116,98762/78458/74598/26121
ROW 8 4096 230923 15905 30634 4555 4 0 0 0 0 437 754 216 127 60 1770 0 0 0 153276
ROW 8 4096 230923 10601 51832 5552 6 1 7 7 1 434 744 190 119 64 2016 601 216 0 216634
PROOF 8 4096 230923 10601 51832 3 7 13594052 69571959391924 53247:8:78096,74308,26124,78214,74332,26134:94628/78096/74326/26124,94629/78114/74326/26126,94630/78134/74328/26128,94631/78152/74324/26128,94633/78184/74308/26126,94632/78172/74332/26132,94635/78214/74315/26131,94634/78201/74331/26134 46301:7:76028,74235,27492,76083,74287,27532:30632/76028/74248/27492,30633/76039/74245/27492,30631/76028/74287/27494,30634/76057/74235/27492,28629/76083/74255/27531,28627/76064/74283/27532,28628/76072/74275/27532
PROOF 8 4096 230923 10601 51832 4 7 12769252 57176506081864 53247:8:78096,74308,26124,78214,74332,26134:94628/78096/74326/26124,94629/78114/74326/26126,94630/78134/74328/26128,94631/78152/74324/26128,94633/78184/74308/26126,94632/78172/74332/26132,94635/78214/74315/26131,94634/78201/74331/26134 46314:7:75983,74245,27573,76052,74295,27614:24767/75996/74276/27613,24766/75983/74295/27613,26682/76052/74245/27573,26681/76038/74262/27574,26680/76028/74284/27574,24769/76034/74257/27613,24768/76027/74284/27614
ROW 8 4096 230923 10421 37075 3822 6 0 0 0 0 444 768 217 127 60 1770 0 0 0 144770
ROW 8 4096 230923 15710 49931 5764 6 0 4 1 0 426 728 197 123 64 2016 165 26 0 144199
ROW 8 4096 230923 15712 19410 3435 6 0 0 0 0 428 742 215 126 57 1596 0 0 0 117288
ROW 8 4096 230923 6773 54237 5520 6 1 6 3 1 444 764 216 128 64 2016 184 32 0 172962
PROOF 8 4096 230923 6773 54237 3 3 11420380 75248928195764 53669:4:78407,74741,26105,78457,74750,26110:100734/78407/74750/26106,100735/78421/74741/26105,100736/78440/74746/26108,100737/78457/74747/26110 140977:3:80447,75256,27855,80482,75283,27941:14192/80482/75256/27855,8784/80447/75265/27941,8785/80459/75283/27941
PROOF 8 4096 230923 6773 54237 3 3 11563048 88649341420344 53350:5:78244,74618,26114,78309,74648,26121:98748/78244/74648/26119,98749/78262/74648/26121,98751/78289/74618/26114,98750/78278/74641/26120,98752/78309/74630/26119 140968:3:80477,75271,27793,80488,75316,27826:17665/80477/75293/27793,15911/80480/75271/27826,15912/80488/75316/27826
PROOF 8 4096 230923 6773 54237 4 1 11832156 62645268017844 53506:5:78553,74576,26122,78612,74597,26130:98769/78566/74576/26122,98768/78553/74597/26128,98770/78584/74583/26126,98771/78601/74577/26125,98772/78612/74590/26130 141231:1:80425,75376,27907,80425,75376,27907:10604/80425/75376/27907
PROOF 8 4096 230923 6773 54237 4 1 11591408 62096666800216 53574:1:78393,74761,26109,78393,74761,26109:100733/78393/74761/26109 141232:1:80464,75342,27940,80464,75342,27940:8786/80464/75342/27940
PROOF 8 4096 230923 6773 54237 4 1 11616444 65467545896484 53472:4:78397,74432,26138,78493,74455,26146:96723/78397/74455/26143,96725/78426/74432/26138,96724/78413/74451/26143,96729/78493/74446/26146 141236:1:80432,75430,27907,80432,75430,27907:10605/80432/75430/27907
ROW 8 4096 230923 17657 20999 4150 6 0 0 0 0 448 776 217 126 60 1770 0 0 0 108041
ROW 8 4096 230923 15909 45393 5834 4 0 0 3 1 442 764 234 128 60 1770 169 64 0 128780
PROOF 8 4096 230923 15909 45393 4 2 12627480 35195844586848 53322:5:78164,74645,26112,78229,74664,26120:98743/78164/74646/26112,98744/78187/74664/26119,98745/78200/74648/26115,98746/78208/74645/26115,98747/78229/74657/26120 46970:2:76082,74333,27942,76093,74354,27942:10419/76093/74333/27942,10418/76082/74354/27942
PROOF 8 4096 230923 15909 45393 4 1 12755164 36382190207916 53350:5:78244,74618,26114,78309,74648,26121:98748/78244/74648/26119,98749/78262/74648/26121,98751/78289/74618/26114,98750/78278/74641/26120,98752/78309/74630/26119 46867:1:76094,74297,27942,76094,74297,27942:10420/76094/74297/27942
ROW 8 4096 230923 1239 25008 3816 6 0 0 0 0 409 712 210 128 53 1378 0 0 0 128990
ROW 8 4096 230923 28625 45642 5810 6 0 1 1 0 379 660 193 120 49 1176 32 32 0 91982
ROW 8 4096 230923 28627 54232 5796 4 1 0 3 1 425 736 218 121 57 1596 429 70 0 124893
PROOF 8 4096 230923 28627 54232 4 1 13600744 30412009660104 53353:1:78262,74648,26121,78262,74648,26121:98749/78262/74648/26121 140813:1:80371,75036,27909,80371,75036,27909:10601/80371/75036/27909
PROOF 8 4096 230923 28627 54232 4 1 13457656 75540868735968 53352:1:78244,74648,26119,78244,74648,26119:98748/78244/74648/26119 140712:1:80435,75033,27550,80435,75033,27550:32917/80435/75033/27550
PROOF 8 4096 230923 28627 54232 4 1 13344112 85047061393548 53354:3:78278,74618,26114,78309,74641,26120:98751/78289/74618/26114,98750/78278/74641/26120,98752/78309/74630/26119 140496:1:80442,75028,27493,80442,75028,27493:37080/80442/75028/27493
ROW 8 4096 230923 19411 24769 3952 6 0 0 0 0 413 720 208 128 53 1378 0 0 0 98985
ROW 8 4096 230923 4920 67164 5325 6 1 8 8 1 426 728 182 122 64 2016 899 473 0 222605
PROOF 8 4096 230923 4920 67164 3 8 13595488 41659054864836 53402:8:78472,74316,26140,78539,74421,26156:94650/78472/74316/26149,94651/78492/74323/26152,94652/78510/74322/26153,94653/78518/74316/26152,94654/78538/74325/26156,96730/78504/74421/26140,96731/78521/74417/26140,96732/78539/74420/26142 140640:8:80379,74769,27534,80402,74825,27631:32911/80379/74784/27534,30867/80384/74769/27569,30868/80399/74780/27570,32912/80391/74820/27536,30869/80402/74825/27572,28864/80387/74782/27598,28865/80402/74794/27598,26912/80389/74795/27631
PROOF 8 4096 230923 4920 67164 4 8 13595488 41659054864836 53402:8:78472,74316,26140,78539,74421,26156:94650/78472/74316/26149,94651/78492/74323/26152,94652/78510/74322/26153,94653/78518/74316/26152,94654/78538/74325/26156,96730/78504/74421/26140,96731/78521/74417/26140,96732/78539/74420/26142 140640:8:80379,74769,27534,80402,74825,27631:32911/80379/74784/27534,30867/80384/74769/27569,30868/80399/74780/27570,32912/80391/74820/27536,30869/80402/74825/27572,28864/80387/74782/27598,28865/80402/74794/27598,26912/80389/74795/27631
ROW 8 4096 230923 15707 25014 5324 4 0 0 0 0 385 662 192 128 54 1431 0 0 0 89968
ROW 8 4096 230923 36829 41350 5771 4 0 0 1 0 379 660 194 122 49 1176 100 32 0 123000
ROW 8 4096 230923 1231 10610 4020 4 0 0 0 0 395 692 200 126 49 1176 0 0 0 123921
ROW 8 4096 230923 25010 36832 5816 6 0 2 2 0 402 698 210 129 53 1378 64 58 0 145491
ROW 8 4096 230923 20994 21249 5760 6 0 0 0 0 406 690 197 127 61 1830 0 0 0 141273
ROW 8 4096 230923 4917 23115 4130 4 0 0 0 0 415 724 205 129 53 1378 0 0 0 90279
ROW 8 4096 230923 20999 41360 6300 6 0 5 1 0 420 722 209 126 59 1711 154 4 0 112910
ROW 8 4096 230923 24772 41360 6325 6 1 6 1 0 414 718 212 128 55 1485 179 21 0 104625
ROW 8 4096 230923 36836 37097 7107 4 1 0 6 1 429 740 212 111 59 1711 875 205 0 143588
PROOF 8 4096 230923 36836 37097 4 6 19216712 170400913096456 140671:6:80361,74757,27691,80432,74811,27727:21233/80361/74759/27726,21234/80377/74760/27725,23105/80396/74789/27692,21235/80388/74800/27727,23107/80432/74757/27691,23106/80410/74811/27693 53614:6:78097,75180,26104,78165,75286,26138:104682/78097/75183/26104,104683/78108/75190/26108,104684/78120/75180/26106,104685/78143/75196/26114,104686/78165/75210/26120,104680/78104/75286/26138
ROW 8 4096 230923 30634 62867 6895 4 1 0 4 1 425 726 193 119 64 2016 1112 377 0 250197
PROOF 8 4096 230923 30634 62867 4 2 15269136 21627762459980 53669:4:78407,74741,26105,78457,74750,26110:100734/78407/74750/26106,100735/78421/74741/26105,100736/78440/74746/26108,100737/78457/74747/26110 141235:2:80432,75430,27907,80441,75459,27907:10605/80432/75430/27907,10606/80441/75459/27907
PROOF 8 4096 230923 30634 62867 4 2 15643200 72977715755544 53685:6:78463,74982,26128,78548,74998,26132:102724/78463/74998/26129,102725/78479/74994/26129,102727/78500/74985/26128,102728/78519/74992/26132,102729/78532/74983/26130,102730/78548/74982/26130 141061:2:80494,75376,27465,80506,75394,27466:41358/80494/75376/27465,41359/80506/75394/27466
ROW 8 4096 230923 26928 41104 6321 6 0 1 0 0 361 620 180 120 51 1275 32 0 0 124432
ROW 8 4096 230923 22875 54243 6809 4 1 0 3 1 451 778 218 119 64 2016 521 181 0 165279
PROOF 8 4096 230923 22875 54243 4 3 15020720 98644889037060 53685:6:78463,74982,26128,78548,74998,26132:102724/78463/74998/26129,102725/78479/74994/26129,102727/78500/74985/26128,102728/78519/74992/26132,102729/78532/74983/26130,102730/78548/74982/26130 46863:3:76089,74242,27942,76095,74297,27942:10422/76095/74242/27942,10421/76089/74253/27942,10420/76094/74297/27942
ROW 8 4096 230923 10906 15916 6413 4 0 0 0 0 307 522 160 108 46 1035 324 0 0 81702
ROW 8 4096 230923 3600 21259 6399 4 0 0 0 0 290 496 148 108 42 861 16 0 0 80330
ROW 8 4096 230923 28624 32929 6209 6 0 3 0 0 387 672 198 126 51 1275 90 0 0 129882
ROW 8 4096 230923 20994 25017 6219 6 0 0 0 0 416 710 207 129 61 1830 0 0 0 141845
ROW 8 4096 230923 26683 28881 6151 6 0 6 0 0 422 732 217 129 56 1540 93 0 0 123421
ROW 8 4096 230923 28622 58559 7043 4 1 0 8 1 434 752 214 118 58 1653 1040 473 0 173413
PROOF 8 4096 230923 28622 58559 4 8 19307768 137519272435124 140640:8:80379,74769,27534,80402,74825,27631:32911/80379/74784/27534,30867/80384/74769/27569,30868/80399/74780/27570,32912/80391/74820/27536,30869/80402/74825/27572,28864/80387/74782/27598,28865/80402/74794/27598,26912/80389/74795/27631 54755:8:78414,75297,26096,78476,75371,26133:108303/78424/75327/26097,108305/78451/75318/26096,108306/78466/75315/26096,106536/78451/75297/26128,106538/78476/75305/26133,108304/78441/75335/26101,108302/78419/75362/26108,108301/78414/75371/26111
ROW 8 4096 230923 10414 62866 6287 6 1 4 3 1 406 688 173 121 64 2016 486 254 0 173183
PROOF 8 4096 230923 10414 62866 3 4 13212800 116697731973640 53685:6:78463,74982,26128,78548,74998,26132:102724/78463/74998/26129,102725/78479/74994/26129,102727/78500/74985/26128,102728/78519/74992/26132,102729/78532/74983/26130,102730/78548/74982/26130 141047:4:80508,75404,27409,80517,75461,27442:45647/80508/75404/27409,43506/80510/75416/27438,45648/80517/75438/27412,43507/80517/75461/27442
PROOF 8 4096 230923 10414 62866 4 3 13378396 72592627353728 53685:6:78463,74982,26128,78548,74998,26132:102724/78463/74998/26129,102725/78479/74994/26129,102727/78500/74985/26128,102728/78519/74992/26132,102729/78532/74983/26130,102730/78548/74982/26130 141150:3:80505,75409,27660,80511,75454,27687:26927/80505/75409/27660,25014/80508/75409/27687,26928/80511/75454/27661
ROW 8 4096 230923 1755 37092 6720 4 1 0 7 1 338 556 156 96 62 1891 1455 181 0 128900
PROOF 8 4096 230923 1755 37092 4 7 25132340 302369550238964 146014:7:83237,75667,26139,83322,75719,26151:96993/83237/75673/26150,96994/83254/75667/26145,96995/83254/75694/26151,96996/83275/75695/26147,96997/83305/75686/26139,96998/83305/75712/26145,96999/83322/75719/26143 141831:8:80543,75614,27799,80593,75665,27885:17675/80552/75655/27799,17676/80566/75657/27799,15921/80543/75646/27830,12397/80548/75614/27885,12398/80552/75635/27885,12401/80593/75630/27884,12399/80561/75659/27885,12400/80573/75665/27884
ROW 8 4096 230923 20996 37091 6539 4 0 0 0 0 425 724 215 124 63 1953 171 0 0 112931
ROW 8 4096 230923 10906 25010 6827 4 1 0 7 1 296 492 134 92 52 1326 1136 255 0 125875
PROOF 8 4096 230923 10906 25010 4 7 28539536 351789910484856 146396:7:83648,75593,26145,83727,75660,26153:92909/83648/75593/26149,92910/83652/75617/26153,92911/83669/75624/26150,92912/83696/75622/26145,92913/83700/75643/26148,92914/83710/75660/26150,92915/83727/75655/26145 141831:8:80543,75614,27799,80593,75665,27885:17675/80552/75655/27799,17676/80566/75657/27799,15921/80543/75646/27830,12397/80548/75614/27885,12398/80552/75635/27885,12401/80593/75630/27884,12399/80561/75659/27885,12400/80573/75665/27884
ROW 8 4096 230923 25024 32675 7024 6 1 6 5 1 425 726 191 118 64 2016 329 96 0 166351
PROOF 8 4096 230923 25024 32675 3 6 19177064 192626419106756 140804:6:80360,74978,27854,80438,75036,27945:14186/80430/74982/27854,14187/80438/75032/27854,10600/80360/74997/27909,8779/80404/74978/27945,10601/80371/75036/27909,8780/80414/75020/27944 53637:6:78291,75138,26115,78396,75156,26127:104696/78291/75153/26115,104699/78335/75138/26115,104700/78352/75143/26118,104701/78369/75145/26121,104702/78375/75141/26120,104703/78396/75156/26127
PROOF 8 4096 230923 25024 32675 4 5 19110728 177624999058664 140804:6:80360,74978,27854,80438,75036,27945:14186/80430/74982/27854,14187/80438/75032/27854,10600/80360/74997/27909,8779/80404/74978/27945,10601/80371/75036/27909,8780/80414/75020/27944 53625:5:78179,75199,26120,78237,75214,26128:104687/78179/75204/26120,104688/78194/75201/26121,104689/78207/75214/26127,104690/78217/75199/26123,104691/78237/75208/26128
ROW 8 4096 230923 17439 32931 6202 6 0 1 0 0 418 712 192 125 64 2016 6 0 0 111828
ROW 8 4096 230923 10906 17658 6978 4 1 0 7 1 294 492 140 95 50 1225 1072 153 0 93985
PROOF 8 4096 230923 10906 17658 4 7 31094176 482283888636324 146396:7:83648,75593,26145,83727,75660,26153:92909/83648/75593/26149,92910/83652/75617/26153,92911/83669/75624/26150,92912/83696/75622/26145,92913/83700/75643/26148,92914/83710/75660/26150,92915/83727/75655/26145 141831:8:80543,75614,27799,80593,75665,27885:17675/80552/75655/27799,17676/80566/75657/27799,15921/80543/75646/27830,12397/80548/75614/27885,12398/80552/75635/27885,12401/80593/75630/27884,12399/80561/75659/27885,12400/80573/75665/27884
ROW 8 4096 230923 41105 43501 6220 4 0 0 0 0 360 624 182 121 48 1128 493 0 0 79428
ROW 8 4096 230924 6610 66901 1350 4 1 0 6 1 355 598 180 92 58 1653 742 589 0 154358
PROOF 8 4096 230924 6610 66901 4 6 13188760 2132263254292 43502:6:75423,74190,28123,75486,74297,28170:1213/75465/74190/28170,1212/75475/74241/28170,3071/75423/74296/28123,3072/75453/74297/28123,3073/75467/74278/28123,3074/75486/74268/28123 38818:7:73693,75063,25962,73802,75148,25972:84108/73693/75148/25964,84109/73711/75131/25965,84110/73718/75106/25962,84111/73740/75108/25967,84113/73769/75068/25967,84112/73760/75092/25969,84114/73802/75063/25972
ROW 8 4096 230924 49833 80141 1014 4 1 0 4 1 400 716 273 164 42 861 680 231 0 117379
PROOF 8 4096 230924 49833 80141 4 2 3550712 2914410210400 132057:3:79852,74102,26234,79887,74123,26241:90600/79852/74117/26239,90602/79887/74102/26234,90601/79870/74123/26241 35003:2:78874,72989,27256,78882,73003,27257:41261/78882/72989/27256,41260/78874/73003/27257
PROOF 8 4096 230924 49833 80141 4 2 3706264 3818104990884 132051:2:79817,73990,26205,79834,74007,26210:90598/79817/73990/26205,90599/79834/74007/26210 35006:2:78903,72958,27254,78922,72981,27256:41263/78922/72958/27254,41262/78903/72981/27256
ROW 8 4096 230924 2930 19191 1463 4 1 0 3 1 364 606 183 102 61 1830 169 58 0 124342
PROOF 8 4096 230924 2930 19191 4 2 41871408 752556919461856 28633:2:72044,71940,25861,72070,71942,25865:69016/72044/71940/25861,69017/72070/71942/25865 27933:2:73161,69418,27750,73215,69477,27750:15720/73215/69418/27750,15718/73161/69477/27750
PROOF 8 4096 230924 2930 19191 4 1 41934228 347078779866512 28686:8:72609,71858,25926,72852,71914,25947:69030/72609/71914/25926,69031/72650/71909/25930,69032/72684/71896/25932,69033/72724/71891/25936,69034/72767/71888/25941,69035/72799/71874/25943,69036/72830/71859/25945,69037/72852/71858/25947 27914:1:71746,69301,28236,71746,69301,28236:4897/71746/69301/28236
ROW 8 4096 230924 37074 67075 1177 6 1 8 8 1 450 776 222 142 64 2016 910 769 0 266607
PROOF 8 4096 230924 37074 67075 3 8 3704032 4182049124656 131955:8:79477,73882,26175,79595,73940,26191:90579/79493/73890/26178,90578/79477/73940/26191,90580/79512/73889/26178,90581/79530/73900/26181,90582/79549/73887/26178,90583/79567/73898/26181,90584/79576/73900/26181,90585/79595/73882/26175 34966:8:78769,72971,27258,78853,73027,27336:41255/78769/73027/27258,41256/78789/73017/27258,36984/78774/72976/27336,36985/78796/72971/27336,41257/78812/73024/27259,41258/78832/73017/27258,41259/78853/73014/27258,36986/78819/72974/27336
PROOF 8 4096 230924 37074 67075 4 8 3704032 4182049124656 131955:8:79477,73882,26175,79595,73940,26191:90579/79493/73890/26178,90578/79477/73940/26191,90580/79512/73889/26178,90581/79530/73900/26181,90582/79549/73887/26178,90583/79567/73898/26181,90584/79576/73900/26181,90585/79595/73882/26175 34966:8:78769,72971,27258,78853,73027,27336:41255/78769/73027/27258,41256/78789/73017/27258,36984/78774/72976/27336,36985/78796/72971/27336,41257/78812/73024/27259,41258/78832/73017/27258,41259/78853/73014/27258,36986/78819/72974/27336
ROW 8 4096 230924 113994 123241 1068 4 1 0 3 1 277 492 186 127 33 528 32 32 0 63970
PROOF 8 4096 230924 113994 123241 4 3 15749612 13084447229952 148858:8:83056,78115,25973,83097,78180,25982:123342/83056/78115/25981,123343/83064/78124/25979,123344/83079/78130/25974,123345/83077/78137/25977,123346/83072/78153/25982,123347/83094/78156/25973,123348/83096/78168/25975,123349/83097/78180/25976 142660:3:81188,78811,26916,81213,78957,26951:122195/81188/78822/26929,122196/81213/78811/26916,122197/81202/78957/26951
ROW 8 4096 230924 9669 26148 2967 4 1 0 6 1 321 544 141 84 51 1275 724 107 0 109434
PROOF 8 4096 230924 9669 26148 4 6 54633620 1101204308617004 86760:6:73900,87332,25494,74001,87418,25501:83565/73900/87332/25498,83564/73919/87356/25497,83563/73951/87362/25500,83562/73964/87368/25501,83561/73972/87407/25494,83560/74001/87418/25496 103592:6:71483,90003,27823,71588,90152,27913:9820/71563/90003/27823,9821/71505/90046/27823,9819/71562/90072/27823,8013/71483/90126/27913,8012/71515/90152/27913,9818/71588/90104/27823
ROW 8 4096 230924 9802 46783 1429 4 1 0 3 1 353 608 187 95 51 1275 172 6 0 96480
PROOF 8 4096 230924 9802 46783 4 2 32069848 488721387311024 103599:2:71483,90126,27913,71515,90152,27913:8013/71483/90126/27913,8012/71515/90152/27913 95861:2:75213,88776,25526,75255,88793,25534:79170/75213/88793/25526,79169/75255/88776/25534
PROOF 8 4096 230924 9802 46783 4 1 8735000 26760355606324 104609:1:71463,90257,27982,71463,90257,27982:6164/71463/90257/27982 100858:5:76962,87484,26956,77001,87539,27007:44630/76972/87484/26958,42484/76962/87486/27007,44629/76989/87516/26956,42483/76972/87539/27002,42482/77001/87529/27005
ROW 8 4096 230924 10549 96766 1203 4 0 0 0 0 343 618 218 112 34 561 0 0 0 58820
ROW 8 4096 230924 113995 121272 1695 4 0 0 0 0 272 484 157 86 32 496 0 0 0 77134
ROW 8 4096 230924 36834 62754 1149 4 1 0 5 1 402 680 198 106 64 2016 683 465 0 155140
PROOF 8 4096 230924 36834 62754 4 5 5395108 9826057722912 33133:8:77361,73309,26200,77482,73397,26212:82140/77375/73341/26201,82141/77397/73337/26202,82142/77417/73331/26202,82139/77366/73378/26208,82138/77361/73397/26212,82144/77456/73309/26200,82145/77482/73320/26204,82143/77447/73349/26208 34856:5:78620,72946,27162,78657,72963,27207:45535/78620/72959/27162,45536/78643/72963/27163,43391/78620/72946/27204,43392/78644/72954/27206,43393/78657/72962/27207
ROW 8 4096 230924 122196 122907 1452 4 1 0 7 1 317 582 228 125 26 325 32 32 0 59131
PROOF 8 4096 230924 122196 122907 4 7 14235972 19523815944780 139046:7:79463,76176,26059,79525,76192,26066:123043/79473/76176/26059,123042/79463/76192/26066,123044/79485/76180/26061,123045/79491/76189/26065,123046/79502/76179/26060,123047/79514/76187/26065,123048/79525/76182/26063 57188:7:79044,78673,27138,79129,78771,27196:121727/79044/78673/27138,121728/79059/78687/27147,121733/79077/78680/27148,121732/79089/78703/27160,121729/79109/78756/27186,121730/79120/78766/27192,121731/79129/78771/27196
ROW 8 4096 230924 14977 16901 1990 2 1 6 0 1 307 518 133 91 50 1225 112 17 0 85189
PROOF 8 4096 230924 14977 16901 3 6 47815356 860469137356608 86902:6:73921,87885,25467,74031,87978,25476:81387/73921/87885/25472,81386/73955/87890/25476,81385/73970/87922/25472,81384/73984/87956/25467,81383/74031/87941/25476,81382/74024/87978/25469 103592:6:71483,90003,27823,71588,90152,27913:9820/71563/90003/27823,9821/71505/90046/27823,9819/71562/90072/27823,8013/71483/90126/27913,8012/71515/90152/27913,9818/71588/90104/27823
ROW 8 4096 230924 41345 71407 1027 4 1 0 4 1 512 912 342 153 56 1540 837 762 0 165539
PROOF 8 4096 230924 41345 71407 4 4 3908460 170192883372 131993:4:79625,73727,26202,79673,73753,26209:88539/79625/73727/26202,88540/79635/73746/26207,88542/79673/73729/26203,88541/79654/73753/26209 35002:4:78874,72958,27254,78922,73003,27257:41261/78882/72989/27256,41260/78874/73003/27257,41263/78922/72958/27254,41262/78903/72981/27256
ROW 8 4096 230924 34721 47371 1256 4 1 0 3 1 300 520 181 93 40 780 414 140 0 79067
PROOF 8 4096 230924 34721 47371 4 1 12382392 14125463147636 43508:1:75423,74296,28123,75423,74296,28123:3071/75423/74296/28123 38769:4:73812,74998,25971,73857,75040,25974:84116/73827/75021/25971,84115/73812/75040/25971,84118/73857/74998/25973,84117/73853/75010/25974
PROOF 8 4096 230924 34721 47371 4 1 12209660 17111471994628 43500:1:75435,74250,28090,75435,74250,28090:4893/75435/74250/28090 38835:1:73869,74976,25971,73869,74976,25971:84119/73869/74976/25971
PROOF 8 4096 230924 34721 47371 4 1 12300852 21091425831288 43495:1:75432,74214,28035,75432,74214,28035:6748/75432/74214/28035 38818:7:73693,75063,25962,73802,75148,25972:84108/73693/75148/25964,84109/73711/75131/25965,84110/73718/75106/25962,84111/73740/75108/25967,84113/73769/75068/25967,84112/73760/75092/25969,84114/73802/75063/25972
ROW 8 4096 230924 26664 53814 1302 4 1 0 4 1 302 522 184 100 41 820 461 198 0 77084
PROOF 8 4096 230924 26664 53814 4 2 12369568 26949838534580 43507:2:75423,74296,28123,75453,74297,28123:3071/75423/74296/28123,3072/75453/74297/28123 38769:4:73812,74998,25971,73857,75040,25974:84116/73827/75021/25971,84115/73812/75040/25971,84118/73857/74998/25973,84117/73853/75010/25974
PROOF 8 4096 230924 26664 53814 4 2 11753424 45383606879716 38786:4:73342,75067,25957,73398,75105,25963:81941/73356/75083/25957,81940/73342/75105/25959,81942/73382/75070/25960,81943/73398/75067/25963 37995:2:71727,75610,27080,71754,75629,27081:40938/71727/75629/27080,40939/71754/75610/27081
ROW 8 4096 230924 16903 44649 2572 4 1 0 8 1 327 560 164 97 49 1176 888 175 0 103253
PROOF 8 4096 230924 16903 44649 4 8 32765624 469434578390344 86729:8:74220,86907,25529,74354,87027,25535:85723/74220/86907/25535,85722/74234/86934/25531,85721/74263/86942/25534,85720/74263/86964/25530,85719/74291/86973/25532,85718/74305/87000/25529,85717/74329/87014/25530,85716/74354/87027/25531 98083:8:76849,86656,27206,76905,86792,27293:36092/76888/86675/27209,31938/76892/86656/27293,31937/76902/86699/27290,36091/76893/86730/27206,33999/76849/86733/27251,33998/76871/86741/27251,31936/76894/86754/27287,31935/76905/86792/27285
ROW 8 4096 230924 393 2407 1894 4 1 0 3 1 293 508 172 115 39 741 410 31 0 76302
PROOF 8 4096 230924 393 2407 4 2 129993184 7794641352882232 110181:2:71652,96646,28420,71718,96651,28421:542/71652/96651/28421,541/71718/96646/28420 114246:2:78760,96500,24925,78812,96516,24928:66061/78760/96500/24928,66060/78812/96516/24925
PROOF 8 4096 230924 393 2407 4 1 129045480 7542580510194072 114226:1:77371,96618,24888,77371,96618,24888:66087/77371/96618/24888 109919:1:71570,97114,28436,71570,97114,28436:540/71570/97114/28436
ROW 8 4096 230924 8778 10420 2641 6 0 0 0 0 368 638 203 126 49 1176 0 0 0 77735
ROW 8 4096 230924 20842 45376 1159 6 1 6 6 1 332 554 161 92 55 1485 226 127 0 141294
PROOF 8 4096 230924 20842 45376 3 6 11365424 29771725129556 43502:6:75423,74190,28123,75486,74297,28170:1213/75465/74190/28170,1212/75475/74241/28170,3071/75423/74296/28123,3072/75453/74297/28123,3073/75467/74278/28123,3074/75486/74268/28123 38818:7:73693,75063,25962,73802,75148,25972:84108/73693/75148/25964,84109/73711/75131/25965,84110/73718/75106/25962,84111/73740/75108/25967,84113/73769/75068/25967,84112/73760/75092/25969,84114/73802/75063/25972
PROOF 8 4096 230924 20842 45376 4 6 11365424 29771725129556 43502:6:75423,74190,28123,75486,74297,28170:1213/75465/74190/28170,1212/75475/74241/28170,3071/75423/74296/28123,3072/75453/74297/28123,3073/75467/74278/28123,3074/75486/74268/28123 38818:7:73693,75063,25962,73802,75148,25972:84108/73693/75148/25964,84109/73711/75131/25965,84110/73718/75106/25962,84111/73740/75108/25967,84113/73769/75068/25967,84112/73760/75092/25969,84114/73802/75063/25972
ROW 8 4096 230924 15112 46776 1238 4 1 0 6 1 352 596 185 99 56 1540 241 23 0 97592
PROOF 8 4096 230924 15112 46776 4 6 28984128 394871807165800 103592:6:71483,90003,27823,71588,90152,27913:9820/71563/90003/27823,9821/71505/90046/27823,9819/71562/90072/27823,8013/71483/90126/27913,8012/71515/90152/27913,9818/71588/90104/27823 110291:7:75010,88980,25456,75172,89487,25567:79173/75015/88994/25467,79172/75049/88997/25470,79171/75082/89002/25472,77005/75172/88980/25567,77004/75133/89142/25532,77006/75010/89254/25499,77002/75030/89487/25456
ROW 8 4096 230924 6770 21242 3526 6 0 0 0 0 402 700 192 128 52 1326 0 0 0 89026
ROW 8 4096 230924 19416 47537 5678 4 1 0 7 1 428 732 186 117 64 2016 582 177 0 131224
PROOF 8 4096 230924 19416 47537 4 7 13053028 82394856084332 53247:8:78096,74308,26124,78214,74332,26134:94628/78096/74326/26124,94629/78114/74326/26126,94630/78134/74328/26128,94631/78152/74324/26128,94633/78184/74308/26126,94632/78172/74332/26132,94635/78214/74315/26131,94634/78201/74331/26134 46301:7:76028,74235,27492,76083,74287,27532:30632/76028/74248/27492,30633/76039/74245/27492,30631/76028/74287/27494,30634/76057/74235/27492,28629/76083/74255/27531,28627/76064/74283/27532,28628/76072/74275/27532
ROW 8 4096 230924 25006 26681 4899 6 0 1 0 0 430 748 221 129 56 1540 3 0 0 95278
ROW 8 4096 230924 12225 52073 4871 6 1 8 5 1 443 762 188 121 64 2016 672 138 0 191838
PROOF 8 4096 230924 12225 52073 3 8 23723408 305559488313152 53263:8:78248,74142,26151,78375,74198,26161:92562/78248/74198/26159,92563/78266/74198/26161,92565/78297/74174/26155,92564/78284/74192/26160,92566/78315/74167/26155,92567/78324/74166/26155,92569/78355/74142/26151,92570/78375/74147/26154 35337:8:78624,73008,27928,78717,73081,28013:10544/78624/73064/27928,10545/78646/73060/27928,10546/78668/73065/27928,6905/78662/73009/28013,10547/78687/73051/27928,10548/78714/73081/27928,6907/78706/73008/28013,6908/78717/73012/28013
PROOF 8 4096 230924 12225 52073 4 5 23184992 200293106823824 35337:8:78624,73008,27928,78717,73081,28013:10544/78624/73064/27928,10545/78646/73060/27928,10546/78668/73065/27928,6905/78662/73009/28013,10547/78687/73051/27928,10548/78714/73081/27928,6907/78706/73008/28013,6908/78717/73012/28013 53350:5:78244,74618,26114,78309,74648,26121:98748/78244/74648/26119,98749/78262/74648/26121,98751/78289/74618/26114,98750/78278/74641/26120,98752/78309/74630/26119
ROW 8 4096 230924 17674 26679 5996 4 0 0 0 0 393 676 197 124 55 1485 0 0 0 89497
ROW 8 4096 230924 17667 32674 5784 6 0 6 0 0 432 742 214 128 61 1830 78 0 0 109494
ROW 8 4096 230924 8786 26681 4832 4 0 0 0 0 411 708 212 128 57 1596 0 0 0 93304
ROW 8 4096 230924 17437 45638 5007 6 1 5 3 1 451 778 223 128 64 2016 126 43 0 125414
PROOF 8 4096 230924 17437 45638 3 5 19443704 269574615513360 35337:8:78624,73008,27928,78717,73081,28013:10544/78624/73064/27928,10545/78646/73060/27928,10546/78668/73065/27928,6905/78662/73009/28013,10547/78687/73051/27928,10548/78714/73081/27928,6907/78706/73008/28013,6908/78717/73012/28013 53557:5:78263,74773,26102,78321,74787,26108:100724/78263/74787/26105,100725/78276/74773/26102,100726/78285/74774/26104,100727/78304/74782/26108,100728/78321/74779/26108
PROOF 8 4096 230924 17437 45638 4 1 12284788 64293158376720 53367:1:78384,74616,26121,78384,74616,26121:98757/78384/74616/26121 140810:1:80360,74997,27909,80360,74997,27909:10600/80360/74997/27909
PROOF 8 4096 230924 17437 45638 4 1 11884716 63155416233744 53472:4:78397,74432,26138,78493,74455,26146:96723/78397/74455/26143,96725/78426/74432/26138,96724/78413/74451/26143,96729/78493/74446/26146 140813:1:80371,75036,27909,80371,75036,27909:10601/80371/75036/27909
PROOF 8 4096 230924 17437 45638 4 1 11618348 63719434304208 53342:4:78327,74431,26131,78373,74441,26135:96719/78327/74435/26131,96720/78348/74441/26135,96721/78363/74431/26133,96722/78373/74436/26135 140936:1:80381,75090,27909,80381,75090,27909:10602/80381/75090/27909
ROW 8 4096 230924 15711 54229 4964 2 1 6 0 1 454 784 217 125 64 2016 391 108 0 145641
PROOF 8 4096 230924 15711 54229 3 6 20394248 261546501990456 35337:8:78624,73008,27928,78717,73081,28013:10544/78624/73064/27928,10545/78646/73060/27928,10546/78668/73065/27928,6905/78662/73009/28013,10547/78687/73051/27928,10548/78714/73081/27928,6907/78706/73008/28013,6908/78717/73012/28013 53480:6:78401,74575,26116,78470,74611,26121:98759/78405/74594/26116,98758/78401/74611/26121,98760/78422/74594/26117,98761/78442/74600/26121,98763/78470/74575/26116,98762/78458/74598/26121
ROW 8 4096 230924 20997 30873 4978 6 0 0 0 0 448 770 216 128 63 1953 0 0 0 111367
ROW 8 4096 230924 10421 21246 4093 6 0 0 0 0 408 706 202 128 55 1485 0 0 0 107040
ROW 8 4096 230924 4921 21242 3535 4 0 0 0 0 403 700 202 129 53 1378 0 0 0 87233
ROW 8 4096 230924 32675 41351 5560 6 1 6 3 1 455 786 228 123 64 2016 354 96 0 142546
PROOF 8 4096 230924 32675 41351 3 6 20320972 291418420973292 53480:6:78401,74575,26116,78470,74611,26121:98759/78405/74594/26116,98758/78401/74611/26121,98760/78422/74594/26117,98761/78442/74600/26121,98763/78470/74575/26116,98762/78458/74598/26121 35337:8:78624,73008,27928,78717,73081,28013:10544/78624/73064/27928,10545/78646/73060/27928,10546/78668/73065/27928,6905/78662/73009/28013,10547/78687/73051/27928,10548/78714/73081/27928,6907/78706/73008/28013,6908/78717/73012/28013
PROOF 8 4096 230924 32675 41351 4 2 12960360 51951714644496 53342:4:78327,74431,26131,78373,74441,26135:96719/78327/74435/26131,96720/78348/74441/26135,96721/78363/74431/26133,96722/78373/74436/26135 46970:2:76082,74333,27942,76093,74354,27942:10419/76093/74333/27942,10418/76082/74354/27942
PROOF 8 4096 230924 32675 41351 4 1 12973380 51761837970284 53472:4:78397,74432,26138,78493,74455,26146:96723/78397/74455/26143,96725/78426/74432/26138,96724/78413/74451/26143,96729/78493/74446/26146 46867:1:76094,74297,27942,76094,74297,27942:10420/76094/74297/27942
ROW 8 4096 230924 1233 32918 3959 6 0 0 0 0 407 708 196 127 53 1378 0 0 0 87934
ROW 8 4096 230924 41350 45393 5849 4 1 0 3 1 420 734 218 122 53 1378 896 81 0 103162
PROOF 8 4096 230924 41350 45393 4 3 13912300 95891336393804 53342:4:78327,74431,26131,78373,74441,26135:96719/78327/74435/26131,96720/78348/74441/26135,96721/78363/74431/26133,96722/78373/74436/26135 46149:3:76072,74328,27294,76101,74359,27295:41105/76086/74343/27294,41106/76101/74328/27294,41104/76072/74359/27295
ROW 8 4096 230924 14004 14183 3459 6 0 0 0 0 437 750 213 125 64 2016 0 0 0 111017
ROW 8 4096 230924 15712 34977 4201 2 1 5 0 1 467 810 216 126 64 2016 15 0 0 117038
PROOF 8 4096 230924 15712 34977 3 5 18898860 249195347775360 35337:8:78624,73008,27928,78717,73081,28013:10544/78624/73064/27928,10545/78646/73060/27928,10546/78668/73065/27928,6905/78662/73009/28013,10547/78687/73051/27928,10548/78714/73081/27928,6907/78706/73008/28013,6908/78717/73012/28013 53557:5:78263,74773,26102,78321,74787,26108:100724/78263/74787/26105,100725/78276/74773/26102,100726/78285/74774/26104,100727/78304/74782/26108,100728/78321/74779/26108
ROW 8 4096 230924 10414 32932 5525 6 0 0 0 0 396 688 191 123 52 1326 0 0 0 87203
ROW 8 4096 230924 3099 49926 4921 4 1 0 0 0 461 798 218 127 64 2016 88 0 0 117219
ROW 8 4096 230924 6771 45636 4215 4 0 0 0 0 471 818 243 128 64 2016 9 0 0 116046
ROW 8 4096 230924 25011 51833 6960 4 1 0 7 1 419 714 169 116 64 2016 1361 468 0 153637
PROOF 8 4096 230924 25011 51833 4 7 15614904 54627286822120 53387:8:78398,74297,26137,78468,74431,26161:94645/78398/74347/26153,94647/78422/74333/26151,94648/78431/74297/26141,94649/78457/74326/26151,94646/78422/74369/26161,96726/78444/74431/26139,96727/78459/74419/26137,96728/78468/74421/26138 46441:7:75981,74354,27534,76064,74410,27577:28623/76017/74362/27534,26676/75989/74358/27576,26675/75981/74384/27577,28622/76019/74401/27536,28621/76012/74410/27536,28624/76036/74354/27534,28625/76064/74356/27535
ROW 8 4096 230924 17437 26937 6284 6 0 5 0 0 414 704 206 123 64 2016 3 0 0 109514
ROW 8 4096 230924 32668 60710 6723 4 1 0 3 1 434 744 223 120 62 1891 1058 378 0 156943
PROOF 8 4096 230924 32668 60710 4 3 15272976 82046188998932 53557:5:78263,74773,26102,78321,74787,26108:100724/78263/74787/26105,100725/78276/74773/26102,100726/78285/74774/26104,100727/78304/74782/26108,100728/78321/74779/26108 140624:3:80461,75217,27421,80481,75255,27450:43500/80461/75229/27421,41356/80481/75217/27450,43501/80471/75255/27424
ROW 8 4096 230924 28627 39234 6800 4 1 0 6 1 425 726 216 119 62 1891 537 195 0 124733
PROOF 8 4096 230924 28627 39234 4 6 18342040 134163775624068 140804:6:80360,74978,27854,80438,75036,27945:14186/80430/74982/27854,14187/80438/75032/27854,10600/80360/74997/27909,8779/80404/74978/27945,10601/80371/75036/27909,8780/80414/75020/27944 53637:6:78291,75138,26115,78396,75156,26127:104696/78291/75153/26115,104699/78335/75138/26115,104700/78352/75143/26118,104701/78369/75145/26121,104702/78375/75141/26120,104703/78396/75156/26127
ROW 8 4096 230924 22873 41364 6659 4 1 0 4 1 431 738 217 125 64 2016 321 37 0 118371
PROOF 8 4096 230924 22873 41364 4 2 14101436 92885544970632 53686:3:78463,74985,26128,78500,74998,26129:102724/78463/74998/26129,102725/78479/74994/26129,102727/78500/74985/26128 141269:2:80464,75631,27905,80472,75673,27905:10608/80464/75631/27905,10609/80472/75673/27905
PROOF 8 4096 230924 22873 41364 4 2 14256140 101096770697936 53730:5:78404,75015,26129,78493,75026,26138:102720/78404/75016/26129,102721/78419/75015/26130,102722/78437/75020/26133,102723/78454/75026/26137,102726/78493/75019/26138 46869:2:76068,74271,28025,76069,74292,28025:6772/76068/74271/28025,6771/76069/74292/28025
ROW 8 4096 230924 32917 49676 6171 4 1 0 5 1 422 720 193 118 64 2016 1186 398 0 149329
PROOF 8 4096 230924 32917 49676 4 5 14219884 86731355623172 53298:5:78099,74441,26118,78160,74467,26125:96706/78113/74452/26119,96705/78099/74467/26122,96707/78128/74441/26118,96708/78152/74458/26125,96709/78160/74457/26125 46154:5:76014,74395,27295,76071,74442,27298:41100/76014/74404/27295,41101/76037/74400/27296,41099/76015/74442/27298,41103/76071/74395/27298,41102/76059/74414/27298
ROW 8 4096 230924 5429 28866 7454 4 1 0 7 1 305 510 150 89 52 1326 1136 574 0 129792
PROOF 8 4096 230924 5429 28866 4 7 34131840 496349431067204 146014:7:83237,75667,26139,83322,75719,26151:96993/83237/75673/26150,96994/83254/75667/26145,96995/83254/75694/26151,96996/83275/75695/26147,96997/83305/75686/26139,96998/83305/75712/26145,96999/83322/75719/26143 141831:8:80543,75614,27799,80593,75665,27885:17675/80552/75655/27799,17676/80566/75657/27799,15921/80543/75646/27830,12397/80548/75614/27885,12398/80552/75635/27885,12401/80593/75630/27884,12399/80561/75659/27885,12400/80573/75665/27884
ROW 8 4096 230924 17661 60455 6636 4 1 0 7 1 425 726 171 116 64 2016 1365 522 0 181068
PROOF 8 4096 230924 17661 60455 4 7 14846324 34293680676576 53387:8:78398,74297,26137,78468,74431,26161:94645/78398/74347/26153,94647/78422/74333/26151,94648/78431/74297/26141,94649/78457/74326/26151,94646/78422/74369/26161,96726/78444/74431/26139,96727/78459/74419/26137,96728/78468/74421/26138 46441:7:75981,74354,27534,76064,74410,27577:28623/76017/74362/27534,26676/75989/74358/27576,26675/75981/74384/27577,28622/76019/74401/27536,28621/76012/74410/27536,28624/76036/74354/27534,28625/76064/74356/27535
ROW 8 4096 230924 17440 58549 6645 6 1 7 3 1 434 744 203 115 64 2016 360 64 0 142586
PROOF 8 4096 230924 17440 58549 3 7 21543004 291937797229444 35337:8:78624,73008,27928,78717,73081,28013:10544/78624/73064/27928,10545/78646/73060/27928,10546/78668/73065/27928,6905/78662/73009/28013,10547/78687/73051/27928,10548/78714/73081/27928,6907/78706/73008/28013,6908/78717/73012/28013 53635:7:78291,75020,26115,78396,75156,26127:102717/78364/75020/26127,104696/78291/75153/26115,104699/78335/75138/26115,104700/78352/75143/26118,104701/78369/75145/26121,104702/78375/75141/26120,104703/78396/75156/26127
PROOF 8 4096 230924 17440 58549 4 2 14416940 46326783202384 53350:5:78244,74618,26114,78309,74648,26121:98748/78244/74648/26119,98749/78262/74648/26121,98751/78289/74618/26114,98750/78278/74641/26120,98752/78309/74630/26119 141235:2:80432,75430,27907,80441,75459,27907:10605/80432/75430/27907,10606/80441/75459/27907
PROOF 8 4096 230924 17440 58549 4 1 15093284 45414396130088 53567:2:78336,74771,26107,78356,74780,26112:100729/78336/74771/26107,100730/78356/74780/26112 141231:1:80425,75376,27907,80425,75376,27907:10604/80425/75376/27907
ROW 8 4096 230924 17429 32936 6519 4 0 0 0 0 409 696 194 121 61 1830 75 0 0 106338
ROW 8 4096 230924 1754 39216 7272 4 1 0 8 1 274 456 131 85 48 1128 1008 438 0 101830
PROOF 8 4096 230924 1754 39216 4 8 31570104 399589956986104 146458:8:83667,75819,26120,83778,75894,26134:94983/83667/75819/26134,94985/83699/75835/26129,94986/83711/75849/26130,94987/83732/75852/26126,94988/83729/75868/26130,94989/83750/75873/26127,94990/83777/75871/26120,94991/83778/75894/26125 141831:8:80543,75614,27799,80593,75665,27885:17675/80552/75655/27799,17676/80566/75657/27799,15921/80543/75646/27830,12397/80548/75614/27885,12398/80552/75635/27885,12401/80593/75630/27884,12399/80561/75659/27885,12400/80573/75665/27884
ROW 8 4096 230924 10418 69352 7067 4 1 0 8 1 402 680 173 114 64 2016 1111 701 0 174866
PROOF 8 4096 230924 10418 69352 4 8 20393272 135547155553124 140640:8:80379,74769,27534,80402,74825,27631:32911/80379/74784/27534,30867/80384/74769/27569,30868/80399/74780/27570,32912/80391/74820/27536,30869/80402/74825/27572,28864/80387/74782/27598,28865/80402/74794/27598,26912/80389/74795/27631 54755:8:78414,75297,26096,78476,75371,26133:108303/78424/75327/26097,108305/78451/75318/26096,108306/78466/75315/26096,106536/78451/75297/26128,106538/78476/75305/26133,108304/78441/75335/26101,108302/78419/75362/26108,108301/78414/75371/26111
ROW 8 4096 230924 32920 45391 6183 4 0 0 2 0 393 680 206 121 53 1378 520 60 0 99846
ROW 8 4096 230924 37095 45389 7160 4 1 0 8 1 430 744 218 119 58 1653 910 361 0 208790
PROOF 8 4096 230924 37095 45389 4 8 19662960 180026030512000 140640:8:80379,74769,27534,80402,74825,27631:32911/80379/74784/27534,30867/80384/74769/27569,30868/80399/74780/27570,32912/80391/74820/27536,30869/80402/74825/27572,28864/80387/74782/27598,28865/80402/74794/27598,26912/80389/74795/27631 54755:8:78414,75297,26096,78476,75371,26133:108303/78424/75327/26097,108305/78451/75318/26096,108306/78466/75315/26096,106536/78451/75297/26128,106538/78476/75305/26133,108304/78441/75335/26101,108302/78419/75362/26108,108301/78414/75371/26111
ROW 8 4096 230924 20997 32931 6398 6 0 4 0 0 416 710 207 127 61 1830 95 0 0 110947
ROW 8 4096 230924 19188 58560 7416 4 1 0 5 1 439 754 195 117 64 2016 581 205 0 136404
PROOF 8 4096 230924 19188 58560 4 5 16278556 130240170951240 53685:6:78463,74982,26128,78548,74998,26132:102724/78463/74998/26129,102725/78479/74994/26129,102727/78500/74985/26128,102728/78519/74992/26132,102729/78532/74983/26130,102730/78548/74982/26130 46973:5:76004,74397,27942,76061,74441,27942:10412/76004/74441/27942,10413/76022/74431/27942,10415/76040/74403/27942,10414/76036/74416/27942,10416/76061/74397/27942
ROW 8 4096 230924 28631 37089 6505 4 1 0 3 1 427 730 204 121 64 2016 99 53 0 131626
PROOF 8 4096 230924 28631 37089 4 3 13984604 87221207055988 53350:5:78244,74618,26114,78309,74648,26121:98748/78244/74648/26119,98749/78262/74648/26121,98751/78289/74618/26114,98750/78278/74641/26120,98752/78309/74630/26119 46863:3:76089,74242,27942,76095,74297,27942:10422/76095/74242/27942,10421/76089/74253/27942,10420/76094/74297/27942
ROW 8 4096 230924 15915 45393 6335 4 1 0 3 1 449 772 228 127 63 1953 236 64 0 133999
PROOF 8 4096 230924 15915 45393 4 2 13407728 36855912192384 53322:5:78164,74645,26112,78229,74664,26120:98743/78164/74646/26112,98744/78187/74664/26119,98745/78200/74648/26115,98746/78208/74645/26115,98747/78229/74657/26120 46970:2:76082,74333,27942,76093,74354,27942:10419/76093/74333/27942,10418/76082/74354/27942
PROOF 8 4096 230924 15915 45393 4 1 13548576 38791066471016 53557:5:78263,74773,26102,78321,74787,26108:100724/78263/74787/26105,100725/78276/74773/26102,100726/78285/74774/26104,100727/78304/74782/26108,100728/78321/74779/26108 46867:1:76094,74297,27942,76094,74297,27942:10420/76094/74297/27942
ROW 8 4096 230924 25019 32672 6484 6 1 5 3 1 418 720 217 122 58 1653 129 70 0 165168
PROOF 8 4096 230924 25019 32672 3 3 13759500 82111515524676 53731:3:78404,75015,26129,78437,75020,26133:102720/78404/75016/26129,102721/78419/75015/26130,102722/78437/75020/26133 46968:3:76062,74333,27942,76093,74362,27942:10417/76062/74362/27942,10419/76093/74333/27942,10418/76082/74354/27942
PROOF 8 4096 230924 25019 32672 3 2 14403108 138056710131416 53585:4:78329,74997,26118,78395,75014,26128:102715/78329/75011/26121,102716/78341/74999/26118,102718/78373/74997/26121,102719/78395/75014/26128 141269:2:80464,75631,27905,80472,75673,27905:10608/80464/75631/27905,10609/80472/75673/27905
PROOF 8 4096 230924 25019 32672 4 3 13759500 82111515524676 53731:3:78404,75015,26129,78437,75020,26133:102720/78404/75016/26129,102721/78419/75015/26130,102722/78437/75020/26133 46968:3:76062,74333,27942,76093,74362,27942:10417/76062/74362/27942,10419/76093/74333/27942,10418/76082/74354/27942
ROW 8 4096 230924 28627 49930 6030 6 0 7 0 0 412 716 213 121 54 1431 130 0 0 123962
