regime,communities,separation,k,min_cluster_size,exp_z,method,repetitions,ari_all_mean,ari_all_sd,ari_inliers_noise_singletons_mean,ari_inliers_noise_singletons_sd,coverage_mean,coverage_sd,clusters_mean,clusters_sd,dendrogram_purity_mean,dendrogram_purity_sd,matched_macro_f1_mean,matched_macro_f1_sd,exact_class_fraction_mean,exact_class_fraction_sd,raw_internal_nodes_mean,raw_internal_nodes_sd,condensed_clusters_mean,condensed_clusters_sd,raw_recoverability_macro_f1_mean,raw_recoverability_macro_f1_sd,raw_size_filtered_recoverability_macro_f1_mean,raw_size_filtered_recoverability_macro_f1_sd,condensed_recoverability_macro_f1_mean,condensed_recoverability_macro_f1_sd,classes_below_min_cluster_size_mean,classes_below_min_cluster_size_sd
anisotropic,8,2,5,10,1,hdbscan_common,2,0.007532698096119735,0.009289919408878806,0.008470097501865352,0.010895299139337023,0.7645833333333334,0.17147339443773782,2,0.0,0.1478379361946236,0.011079659386806981,0.06971806016037257,0.03179045305930927,0.0,0.0,1199,0.0,23,2.8284271247461903,0.2696331612925717,0.0398087298404494,0.2696331612925717,0.0398087298404494,0.2646236070282575,0.04055860934825503,0,0.0
anisotropic,8,2,5,10,1,hdbscan_standard,2,0.007525140190169319,0.009368423925615769,0.008427062923125873,0.010907351239095612,0.7654166666666666,0.17147339443773782,2,0.0,0.1478379361946236,0.011079659386806981,0.06956064009381338,0.03160328045991085,0.0,0.0,,,,,,,,,,,0,0.0
anisotropic,8,2,5,10,1,hgp_first_coverage,2,0.01708198539425514,0.023131383470514945,0.03768505887393312,0.052247944446068534,0.7329166666666667,0.30228814895724904,14.5,17.67766952966369,0.1726719470322166,0.021755646480666416,0.16717341945685812,0.16169676133286912,0.0,0.0,933.5,7.7781745930520225,62,4.242640687119285,0.307399410847969,0.07407491721518482,0.307399410847969,0.07407491721518482,0.30461781219538786,0.07659494467439493,0,0.0
anisotropic,8,2,5,10,2,hdbscan_common,2,0.00876276718710383,0.0075503390177531545,0.00948816344928606,0.009455536469104442,0.675,0.044783429475148025,2.5,0.7071067811865476,0.1478379361946236,0.011079659386806981,0.07024803238339902,0.031040959153824252,0.0,0.0,1199,0.0,23,2.8284271247461903,0.2696331612925717,0.0398087298404494,0.2696331612925717,0.0398087298404494,0.2646236070282575,0.04055860934825503,0,0.0
anisotropic,8,2,5,10,2,hgp_first_coverage,2,0.015115967109218191,0.0203510137479422,0.033615215785769266,0.04649231715405681,0.7283333333333333,0.3087699611181257,15,18.384776310850235,0.1726719470322166,0.021755646480666416,0.15551269007634852,0.14520599969579,0.0,0.0,933.5,7.7781745930520225,62,4.242640687119285,0.307399410847969,0.07407491721518482,0.307399410847969,0.07407491721518482,0.30461781219538786,0.07659494467439493,0,0.0
anisotropic,8,2,5,20,1,hdbscan_common,2,0.011102248862328818,0.004241812303726648,0.016301832103149103,0.00018044615070510268,0.4983333333333333,0.20506096654409878,2.5,0.7071067811865476,0.1478379361946236,0.011079659386806981,0.09003856967487321,0.003052912909570949,0.0,0.0,1199,0.0,11,0.0,0.2696331612925717,0.0398087298404494,0.2696331612925717,0.0398087298404494,0.25930113617040845,0.0480857198207607,0,0.0
anisotropic,8,2,5,20,1,hdbscan_standard,2,0.01115014761853696,0.004241889256715034,0.01632017523381305,0.00025519524001223095,0.49916666666666665,0.20506096654409878,2.5,0.7071067811865476,0.1478379361946236,0.011079659386806981,0.08981399862658784,0.0029607061392563534,0.0,0.0,,,,,,,,,,,0,0.0
anisotropic,8,2,5,20,1,hgp_first_coverage,2,0.03365627670040153,0.01815137050993209,0.043111622466234685,0.028058296995669793,0.5379166666666667,0.11136931803688126,5,2.8284271247461903,0.1726719470322166,0.021755646480666416,0.18674246936036615,0.146644513199311,0.0,0.0,933.5,7.7781745930520225,19,8.48528137423857,0.307399410847969,0.07407491721518482,0.307399410847969,0.07407491721518482,0.29550550899639655,0.08924663911580312,0,0.0
anisotropic,8,2,5,20,2,hdbscan_common,2,0.011102248862328818,0.004241812303726648,0.016301832103149103,0.00018044615070510268,0.4983333333333333,0.20506096654409878,2.5,0.7071067811865476,0.1478379361946236,0.011079659386806981,0.09003856967487321,0.003052912909570949,0.0,0.0,1199,0.0,11,0.0,0.2696331612925717,0.0398087298404494,0.2696331612925717,0.0398087298404494,0.25930113617040845,0.0480857198207607,0,0.0
anisotropic,8,2,5,20,2,hgp_first_coverage,2,0.03365627670040153,0.01815137050993209,0.043111622466234685,0.028058296995669793,0.5379166666666667,0.11136931803688126,5,2.8284271247461903,0.1726719470322166,0.021755646480666416,0.18674246936036615,0.146644513199311,0.0,0.0,933.5,7.7781745930520225,19,8.48528137423857,0.307399410847969,0.07407491721518482,0.307399410847969,0.07407491721518482,0.29550550899639655,0.08924663911580312,0,0.0
anisotropic,8,2,5,50,1,hdbscan_common,2,0.00955365462898149,0.006431855271139205,0.015842901889032198,0.00046857918228181334,0.39458333333333334,0.35178562364030735,2,0.0,0.1478379361946236,0.011079659386806981,0.07354183436598322,0.0263828197182823,0.0,0.0,1199,0.0,3,0.0,0.2696331612925717,0.0398087298404494,0.2606003858196663,0.028712468401995154,0.19866625899199014,0.07685978782809934,0,0.0
anisotropic,8,2,5,50,1,hdbscan_standard,2,0.009582879362381854,0.0064583412804464155,0.01570466221597446,0.0006152716176322943,0.3958333333333333,0.3511963679893186,2,0.0,0.1478379361946236,0.011079659386806981,0.07327551790990541,0.02634964986983456,0.0,0.0,,,,,,,,,,,0,0.0
anisotropic,8,2,5,50,1,hgp_first_coverage,2,0.029234658938567026,0.025354936129530645,0.04596031249032263,0.019105597280158874,0.3958333333333333,0.24277332820738132,3,0.0,0.1726719470322166,0.021755646480666416,0.1256184400861217,0.04585808406346571,0.0,0.0,933.5,7.7781745930520225,6,1.4142135623730951,0.307399410847969,0.07407491721518482,0.29720113578680646,0.05965237831087743,0.2691608072134003,0.08525752410272584,0,0.0
anisotropic,8,2,5,50,2,hdbscan_common,2,0.00955365462898149,0.006431855271139205,0.015842901889032198,0.00046857918228181334,0.39458333333333334,0.35178562364030735,2,0.0,0.1478379361946236,0.011079659386806981,0.07354183436598322,0.0263828197182823,0.0,0.0,1199,0.0,3,0.0,0.2696331612925717,0.0398087298404494,0.2606003858196663,0.028712468401995154,0.19866625899199014,0.07685978782809934,0,0.0
anisotropic,8,2,5,50,2,hgp_first_coverage,2,0.029234658938567026,0.025354936129530645,0.04596031249032263,0.019105597280158874,0.3958333333333333,0.24277332820738132,3,0.0,0.1726719470322166,0.021755646480666416,0.1256184400861217,0.04585808406346571,0.0,0.0,933.5,7.7781745930520225,6,1.4142135623730951,0.307399410847969,0.07407491721518482,0.29720113578680646,0.05965237831087743,0.2691608072134003,0.08525752410272584,0,0.0
anisotropic,8,2,5,100,1,hdbscan_common,2,0.0,0.0,0.0,0.0,0.0,0.0,0,0.0,0.1478379361946236,0.011079659386806981,0.0,0.0,0.0,0.0,1199,0.0,1,0.0,0.2696331612925717,0.0398087298404494,0.24501597863412608,0.006672788398659444,0.0,0.0,0,0.0
anisotropic,8,2,5,100,1,hdbscan_standard,2,0.0,0.0,0.0,0.0,0.0,0.0,0,0.0,0.1478379361946236,0.011079659386806981,0.0,0.0,0.0,0.0,,,,,,,,,,,0,0.0
anisotropic,8,2,5,100,1,hgp_first_coverage,2,0.022718440384547255,0.03212872650779136,0.022877141876676346,0.03235316431032917,0.25833333333333336,0.3653385036130496,1,1.4142135623730951,0.1726719470322166,0.021755646480666416,0.04525472863796217,0.0639998510013202,0.0,0.0,933.5,7.7781745930520225,2,1.4142135623730951,0.307399410847969,0.07407491721518482,0.2702295425824336,0.025718197247572953,0.12340497576276019,0.17452099038801855,0,0.0
anisotropic,8,2,5,100,2,hdbscan_common,2,0.0,0.0,0.0,0.0,0.0,0.0,0,0.0,0.1478379361946236,0.011079659386806981,0.0,0.0,0.0,0.0,1199,0.0,1,0.0,0.2696331612925717,0.0398087298404494,0.24501597863412608,0.006672788398659444,0.0,0.0,0,0.0
anisotropic,8,2,5,100,2,hgp_first_coverage,2,0.022718440384547255,0.03212872650779136,0.022877141876676346,0.03235316431032917,0.25833333333333336,0.3653385036130496,1,1.4142135623730951,0.1726719470322166,0.021755646480666416,0.04525472863796217,0.0639998510013202,0.0,0.0,933.5,7.7781745930520225,2,1.4142135623730951,0.307399410847969,0.07407491721518482,0.2702295425824336,0.025718197247572953,0.12340497576276019,0.17452099038801855,0,0.0
anisotropic,8,2,10,10,1,hdbscan_common,2,0.008584767370825166,0.0002808895870260694,0.014746998380856427,0.004617757878740938,0.3766666666666667,0.13670731102939918,2,0.0,0.1364305148501727,0.004747014103543652,0.060959040499435124,0.011840752782846665,0.0,0.0,1199,0.0,12,7.0710678118654755,0.24435308800349476,0.015275129635823084,0.24435308800349476,0.015275129635823084,0.21915375339393867,0.04070865321749381,0,0.0
anisotropic,8,2,10,10,1,hdbscan_standard,2,0.008631818965778859,0.00021434858331126965,0.014834774554918023,0.004741892134552068,0.3770833333333333,0.1361180553784104,2,0.0,0.1364305148501727,0.004747014103543652,0.06158893546634667,0.010949946777769809,0.0,0.0,,,,,,,,,,,0,0.0
anisotropic,8,2,10,10,1,hgp_first_coverage,2,0.015435654695710406,0.02145369246414746,0.037641763762152565,0.05284122998296307,0.7170833333333333,0.33764348801657645,14,16.97056274847714,0.18216622246136896,0.01160026057327839,0.15139950393870985,0.1513568785326722,0.0,0.0,878,19.79898987322333,56,4.242640687119285,0.34038799819780796,0.03529189627682294,0.34038799819780796,0.03529189627682294,0.3366760404056469,0.03622390572504115,0,0.0
anisotropic,8,2,10,10,2,hdbscan_common,2,0.008584767370825166,0.0002808895870260694,0.014746998380856427,0.004617757878740938,0.3766666666666667,0.13670731102939918,2,0.0,0.1364305148501727,0.004747014103543652,0.060959040499435124,0.011840752782846665,0.0,0.0,1199,0.0,12,7.0710678118654755,0.24435308800349476,0.015275129635823084,0.24435308800349476,0.015275129635823084,0.21915375339393867,0.04070865321749381,0,0.0
anisotropic,8,2,10,10,2,hgp_first_coverage,2,0.015435654695710406,0.02145369246414746,0.037641763762152565,0.05284122998296307,0.7170833333333333,0.33764348801657645,14,16.97056274847714,0.18216622246136896,0.01160026057327839,0.15139950393870985,0.1513568785326722,0.0,0.0,878,19.79898987322333,56,4.242640687119285,0.34038799819780796,0.03529189627682294,0.34038799819780796,0.03529189627682294,0.3366760404056469,0.03622390572504115,0,0.0
anisotropic,8,2,10,20,1,hdbscan_common,2,0.008584767370825166,0.0002808895870260694,0.014746998380856427,0.004617757878740938,0.3766666666666667,0.13670731102939918,2,0.0,0.1364305148501727,0.004747014103543652,0.060959040499435124,0.011840752782846665,0.0,0.0,1199,0.0,7,0.0,0.24435308800349476,0.015275129635823084,0.24435308800349476,0.015275129635823084,0.21774023204078058,0.038709632149153635,0,0.0
anisotropic,8,2,10,20,1,hdbscan_standard,2,0.008631818965778859,0.00021434858331126965,0.014834774554918023,0.004741892134552068,0.3770833333333333,0.1361180553784104,2,0.0,0.1364305148501727,0.004747014103543652,0.06158893546634667,0.010949946777769809,0.0,0.0,,,,,,,,,,,0,0.0
anisotropic,8,2,10,20,1,hgp_first_coverage,2,0.0466476410331494,0.010680880203207448,0.07420929384343464,0.03646055871488287,0.5608333333333333,0.028284271247461846,6,4.242640687119285,0.18216622246136896,0.01160026057327839,0.21579194145969396,0.12415659575737614,0.0,0.0,878,19.79898987322333,24,4.242640687119285,0.34038799819780796,0.03529189627682294,0.34038799819780796,0.03529189627682294,0.32947814022393995,0.04506951506424333,0,0.0
anisotropic,8,2,10,20,2,hdbscan_common,2,0.012008788316600958,0.005123186446391748,0.024209304827399893,0.008763964229291196,0.31625000000000003,0.05126524163602466,2.5,0.7071067811865476,0.1364305148501727,0.004747014103543652,0.07882242226503978,0.03710338954561302,0.0,0.0,1199,0.0,7,0.0,0.24435308800349476,0.015275129635823084,0.24435308800349476,0.015275129635823084,0.21774023204078058,0.038709632149153635,0,0.0
anisotropic,8,2,10,20,2,hgp_first_coverage,2,0.0466476410331494,0.010680880203207448,0.07420929384343464,0.03646055871488287,0.5608333333333333,0.028284271247461846,6,4.242640687119285,0.18216622246136896,0.01160026057327839,0.21579194145969396,0.12415659575737614,0.0,0.0,878,19.79898987322333,24,4.242640687119285,0.34038799819780796,0.03529189627682294,0.34038799819780796,0.03529189627682294,0.32947814022393995,0.04506951506424333,0,0.0
anisotropic,8,2,10,50,1,hdbscan_common,2,0.0,0.0,0.0,0.0,0.0,0.0,0,0.0,0.1364305148501727,0.004747014103543652,0.0,0.0,0.0,0.0,1199,0.0,1,0.0,0.24435308800349476,0.015275129635823084,0.2375706446489165,0.005683306257751244,0.0,0.0,0,0.0
anisotropic,8,2,10,50,1,hdbscan_standard,2,0.0,0.0,0.0,0.0,0.0,0.0,0,0.0,0.1364305148501727,0.004747014103543652,0.0,0.0,0.0,0.0,,,,,,,,,,,0,0.0
anisotropic,8,2,10,50,1,hgp_first_coverage,2,0.042443947659150306,0.002258102374935845,0.07208233582949308,0.029890657046029143,0.5266666666666666,0.08013876853447544,3.5,2.1213203435596424,0.18216622246136896,0.01160026057327839,0.1752769707888881,0.111374145792895,0.0,0.0,878,19.79898987322333,8,1.4142135623730951,0.34038799819780796,0.03529189627682294,0.34038799819780796,0.03529189627682294,0.3255941765394941,0.040521270923234126,0,0.0
anisotropic,8,2,10,50,2,hdbscan_common,2,0.0,0.0,0.0,0.0,0.0,0.0,0,0.0,0.1364305148501727,0.004747014103543652,0.0,0.0,0.0,0.0,1199,0.0,1,0.0,0.24435308800349476,0.015275129635823084,0.2375706446489165,0.005683306257751244,0.0,0.0,0,0.0
anisotropic,8,2,10,50,2,hgp_first_coverage,2,0.042443947659150306,0.002258102374935845,0.07208233582949308,0.029890657046029143,0.5266666666666666,0.08013876853447544,3.5,2.1213203435596424,0.18216622246136896,0.01160026057327839,0.1752769707888881,0.111374145792895,0.0,0.0,878,19.79898987322333,8,1.4142135623730951,0.34038799819780796,0.03529189627682294,0.34038799819780796,0.03529189627682294,0.3255941765394941,0.040521270923234126,0,0.0
anisotropic,8,2,10,100,1,hdbscan_common,2,0.0,0.0,0.0,0.0,0.0,0.0,0,0.0,0.1364305148501727,0.004747014103543652,0.0,0.0,0.0,0.0,1199,0.0,1,0.0,0.24435308800349476,0.015275129635823084,0.2375706446489165,0.005683306257751244,0.0,0.0,0,0.0
anisotropic,8,2,10,100,1,hdbscan_standard,2,0.0,0.0,0.0,0.0,0.0,0.0,0,0.0,0.1364305148501727,0.004747014103543652,0.0,0.0,0.0,0.0,,,,,,,,,,,0,0.0
anisotropic,8,2,10,100,1,hgp_first_coverage,2,0.02042361407860986,0.028883352022644148,0.025473224769062212,0.036024579945786034,0.2916666666666667,0.41247895569215276,1,1.4142135623730951,0.18216622246136896,0.01160026057327839,0.04826177852493642,0.06825246173421166,0.0,0.0,878,19.79898987322333,3,2.8284271247461903,0.34038799819780796,0.03529189627682294,0.2906134751376116,0.03509990929555908,0.14847065554368896,0.20996921468430907,0,0.0
anisotropic,8,2,10,100,2,hdbscan_common,2,0.0,0.0,0.0,0.0,0.0,0.0,0,0.0,0.1364305148501727,0.004747014103543652,0.0,0.0,0.0,0.0,1199,0.0,1,0.0,0.24435308800349476,0.015275129635823084,0.2375706446489165,0.005683306257751244,0.0,0.0,0,0.0
anisotropic,8,2,10,100,2,hgp_first_coverage,2,0.02042361407860986,0.028883352022644148,0.025473224769062212,0.036024579945786034,0.2916666666666667,0.41247895569215276,1,1.4142135623730951,0.18216622246136896,0.01160026057327839,0.04826177852493642,0.06825246173421166,0.0,0.0,878,19.79898987322333,3,2.8284271247461903,0.34038799819780796,0.03529189627682294,0.2906134751376116,0.03509990929555908,0.14847065554368896,0.20996921468430907,0,0.0
anisotropic,8,4,5,10,1,hdbscan_common,2,0.06686098983160135,0.00012827015188520896,0.06977018576694813,0.0017844525784474741,0.8270833333333334,0.04065863991822648,2.5,0.7071067811865476,0.4251193679677107,0.055964786151227706,0.15233505508726292,0.010273290702012904,0.0,0.0,1199,0.0,30,9.899494936611665,0.6762503665679915,0.08948544030905085,0.6762503665679915,0.08948544030905085,0.675256828813883,0.0908905148756407,0,0.0
anisotropic,8,4,5,10,1,hdbscan_standard,2,0.05958821186117341,0.009405426788137813,0.06146952766455088,0.012594777386940674,0.8179166666666666,0.025337992992517912,3,0.0,0.4251193679677107,0.055964786151227706,0.1428417580763343,0.02568552542718661,0.0,0.0,,,,,,,,,,,0,0.0
anisotropic,8,4,5,10,1,hgp_first_coverage,2,0.19473412432051582,0.20127836817193123,0.2063717646313754,0.2187062563052451,0.8870833333333333,0.11490485194281404,11.5,9.192388155425117,0.6311322976162355,0.07412023347280486,0.24702597834739248,0.17579437748903046,0.0,0.0,944,8.48528137423857,65,8.48528137423857,0.808051115401293,0.0776849186095683,0.808051115401293,0.0776849186095683,0.806867050149929,0.07752222611867325,0,0.0
anisotropic,8,4,5,10,2,hdbscan_common,2,0.1966388927186557,0.0620787701790703,0.3657347024561257,0.09540581703307839,0.54625,0.031230549502405863,12,2.8284271247461903,0.4251193679677107,0.055964786151227706,0.5466960558664489,0.17623918365022204,0.0,0.0,1199,0.0,30,9.899494936611665,0.6762503665679915,0.08948544030905085,0.6762503665679915,0.08948544030905085,0.675256828813883,0.0908905148756407,0,0.0
anisotropic,8,4,5,10,2,hgp_first_coverage,2,0.29094561807460484,0.12011094634568706,0.3897729516195772,0.1302784232276728,0.7066666666666667,0.04714045207910316,24,7.0710678118654755,0.6311322976162355,0.07412023347280486,0.5669352784153139,0.15691405519638346,0.0,0.0,944,8.48528137423857,65,8.48528137423857,0.808051115401293,0.0776849186095683,0.808051115401293,0.0776849186095683,0.806867050149929,0.07752222611867325,0,0.0
anisotropic,8,4,5,20,1,hdbscan_common,2,0.1856470411104481,0.1686292783143045,0.2858610851055322,0.30419233976942334,0.7025,0.12256517540566825,5,4.242640687119285,0.4251193679677107,0.055964786151227706,0.44102237574706377,0.4221480551777809,0.0,0.0,1199,0.0,18,4.242640687119285,0.6762503665679915,0.08948544030905085,0.6762503665679915,0.08948544030905085,0.6750306453240551,0.09121038663454017,0,0.0
anisotropic,8,4,5,20,1,hdbscan_standard,2,0.0660472541225369,0.00034646216633296527,0.06894484398241027,0.0015700198057234849,0.8233333333333334,0.04714045207910316,2,0.0,0.4251193679677107,0.055964786151227706,0.14376259933829616,0.0018058808182188732,0.0,0.0,,,,,,,,,,,0,0.0
anisotropic,8,4,5,20,1,hgp_first_coverage,2,0.19698873358671237,0.17171651762966283,0.19897386194835806,0.1745221070666745,0.9504166666666667,0.0512652416360247,2.5,0.7071067811865476,0.6311322976162355,0.07412023347280486,0.19399405913209758,0.05404289607758068,0.0,0.0,944,8.48528137423857,27,5.656854249492381,0.808051115401293,0.0776849186095683,0.808051115401293,0.0776849186095683,0.806867050149929,0.07752222611867325,0,0.0
anisotropic,8,4,5,20,2,hdbscan_common,2,0.25232625642448087,0.07433062768880357,0.4233262328167787,0.10978726352255776,0.5970833333333334,0.026516504294495518,8,0.0,0.4251193679677107,0.055964786151227706,0.5943361964420834,0.2053295706516473,0.0,0.0,1199,0.0,18,4.242640687119285,0.6762503665679915,0.08948544030905085,0.6762503665679915,0.08948544030905085,0.6750306453240551,0.09121038663454017,0,0.0
anisotropic,8,4,5,20,2,hgp_first_coverage,2,0.4755104940922135,0.14828226943447315,0.5324337493166562,0.18638043381890626,0.8029166666666667,0.0005892556509888032,10,0.0,0.6311322976162355,0.07412023347280486,0.6385516429458935,0.2410335089719767,0.0,0.0,944,8.48528137423857,27,5.656854249492381,0.808051115401293,0.0776849186095683,0.808051115401293,0.0776849186095683,0.806867050149929,0.07752222611867325,0,0.0
anisotropic,8,4,5,50,1,hdbscan_common,2,0.0666799127168165,0.0003843518634493335,0.06963650305879637,0.0015953966795245167,0.8225,0.04714045207910316,2,0.0,0.4251193679677107,0.055964786151227706,0.14379468241645546,0.0018046201567635328,0.0,0.0,1199,0.0,13,2.8284271247461903,0.6762503665679915,0.08948544030905085,0.6762503665679915,0.08948544030905085,0.6705147734658113,0.09759679386240758,0,0.0
anisotropic,8,4,5,50,1,hdbscan_standard,2,0.0660472541225369,0.00034646216633296527,0.06894484398241027,0.0015700198057234849,0.8233333333333334,0.04714045207910316,2,0.0,0.4251193679677107,0.055964786151227706,0.14376259933829616,0.0018058808182188732,0.0,0.0,,,,,,,,,,,0,0.0
anisotropic,8,4,5,50,1,hgp_first_coverage,2,0.19698873358671237,0.17171651762966283,0.19897386194835806,0.1745221070666745,0.9504166666666667,0.0512652416360247,2.5,0.7071067811865476,0.6311322976162355,0.07412023347280486,0.19399405913209758,0.05404289607758068,0.0,0.0,944,8.48528137423857,17,0.0,0.808051115401293,0.0776849186095683,0.808051115401293,0.0776849186095683,0.806867050149929,0.07752222611867325,0,0.0
anisotropic,8,4,5,50,2,hdbscan_common,2,0.0666799127168165,0.0003843518634493335,0.06963650305879637,0.0015953966795245167,0.8225,0.04714045207910316,2,0.0,0.4251193679677107,0.055964786151227706,0.14379468241645546,0.0018046201567635328,0.0,0.0,1199,0.0,13,2.8284271247461903,0.6762503665679915,0.08948544030905085,0.6762503665679915,0.08948544030905085,0.6705147734658113,0.09759679386240758,0,0.0
anisotropic,8,4,5,50,2,hgp_first_coverage,2,0.46704722526175557,0.21020386393120483,0.5086747951637528,0.26346115296614087,0.8641666666666667,0.07071067811865474,6,4.242640687119285,0.6311322976162355,0.07412023347280486,0.5352982702915806,0.42863414823921087,0.0,0.0,944,8.48528137423857,17,0.0,0.808051115401293,0.0776849186095683,0.808051115401293,0.0776849186095683,0.806867050149929,0.07752222611867325,0,0.0
anisotropic,8,4,5,100,1,hdbscan_common,2,0.0666799127168165,0.0003843518634493335,0.06963650305879637,0.0015953966795245167,0.8225,0.04714045207910316,2,0.0,0.4251193679677107,0.055964786151227706,0.14379468241645546,0.0018046201567635328,0.0,0.0,1199,0.0,7,0.0,0.6762503665679915,0.08948544030905085,0.556032729289735,0.01539758923368684,0.5301792204486638,1.6015273448480136e-05,0,0.0
anisotropic,8,4,5,100,1,hdbscan_standard,2,0.0660472541225369,0.00034646216633296527,0.06894484398241027,0.0015700198057234849,0.8233333333333334,0.04714045207910316,2,0.0,0.4251193679677107,0.055964786151227706,0.14376259933829616,0.0018058808182188732,0.0,0.0,,,,,,,,,,,0,0.0
anisotropic,8,4,5,100,1,hgp_first_coverage,2,0.19698873358671237,0.17171651762966283,0.19897386194835806,0.1745221070666745,0.9504166666666667,0.0512652416360247,2.5,0.7071067811865476,0.6311322976162355,0.07412023347280486,0.19399405913209758,0.05404289607758068,0.0,0.0,944,8.48528137423857,12,4.242640687119285,0.808051115401293,0.0776849186095683,0.7800855796842256,0.11723415849967428,0.7430233299745419,0.16781088106305847,0,0.0
anisotropic,8,4,5,100,2,hdbscan_common,2,0.0666799127168165,0.0003843518634493335,0.06963650305879637,0.0015953966795245167,0.8225,0.04714045207910316,2,0.0,0.4251193679677107,0.055964786151227706,0.14379468241645546,0.0018046201567635328,0.0,0.0,1199,0.0,7,0.0,0.6762503665679915,0.08948544030905085,0.556032729289735,0.01539758923368684,0.5301792204486638,1.6015273448480136e-05,0,0.0
anisotropic,8,4,5,100,2,hgp_first_coverage,2,0.19698873358671237,0.17171651762966283,0.19897386194835806,0.1745221070666745,0.9504166666666667,0.0512652416360247,2.5,0.7071067811865476,0.6311322976162355,0.07412023347280486,0.19399405913209758,0.05404289607758068,0.0,0.0,944,8.48528137423857,12,4.242640687119285,0.808051115401293,0.0776849186095683,0.7800855796842256,0.11723415849967428,0.7430233299745419,0.16781088106305847,0,0.0
anisotropic,8,4,10,10,1,hdbscan_common,2,0.13484514301157263,0.09969359965897004,0.1633264413834942,0.13824690171120435,0.7704166666666667,0.11490485194281395,2.5,0.7071067811865476,0.32811107635400316,0.010998543030466996,0.17676540656008333,0.0495998575558825,0.0,0.0,1199,0.0,21,2.8284271247461903,0.5711560166428955,0.03550498748163382,0.5711560166428955,0.03550498748163382,0.570852611654834,0.035507070082099475,0,0.0
anisotropic,8,4,10,10,1,hdbscan_standard,2,0.13498244088918385,0.09925926984536945,0.1630984888204011,0.1372308837933025,0.7716666666666667,0.11431559629182524,2.5,0.7071067811865476,0.32811107635400316,0.010998543030466996,0.17676538802003192,0.048853118929022304,0.0,0.0,,,,,,,,,,,0,0.0
anisotropic,8,4,10,10,1,hgp_first_coverage,2,0.36014331142021605,0.09001078588161132,0.4592407419355178,0.10168054429568026,0.7391666666666667,0.011785113019775828,23,8.48528137423857,0.6508232930606699,0.033417854013855816,0.6187428358175967,0.12883443071253756,0.0,0.0,882,19.79898987322333,61,11.313708498984761,0.8076748173183065,0.041866426132869,0.8076748173183065,0.041866426132869,0.8068560213905056,0.04244882018196595,0,0.0
anisotropic,8,4,10,10,2,hdbscan_common,2,0.13484514301157263,0.09969359965897004,0.1633264413834942,0.13824690171120435,0.7704166666666667,0.11490485194281395,2.5,0.7071067811865476,0.32811107635400316,0.010998543030466996,0.17676540656008333,0.0495998575558825,0.0,0.0,1199,0.0,21,2.8284271247461903,0.5711560166428955,0.03550498748163382,0.5711560166428955,0.03550498748163382,0.570852611654834,0.035507070082099475,0,0.0
anisotropic,8,4,10,10,2,hgp_first_coverage,2,0.35037867774594267,0.07620150850784888,0.452668484458828,0.09238596863673769,0.7329166666666667,0.0029462782549439376,23.5,7.7781745930520225,0.6508232930606699,0.033417854013855816,0.6067214309336655,0.11183359688690377,0.0,0.0,882,19.79898987322333,61,11.313708498984761,0.8076748173183065,0.041866426132869,0.8076748173183065,0.041866426132869,0.8068560213905056,0.04244882018196595,0,0.0
anisotropic,8,4,10,20,1,hdbscan_common,2,0.13484514301157263,0.09969359965897004,0.1633264413834942,0.13824690171120435,0.7704166666666667,0.11490485194281395,2.5,0.7071067811865476,0.32811107635400316,0.010998543030466996,0.17676540656008333,0.0495998575558825,0.0,0.0,1199,0.0,18,1.4142135623730951,0.5711560166428955,0.03550498748163382,0.5711560166428955,0.03550498748163382,0.570852611654834,0.035507070082099475,0,0.0
anisotropic,8,4,10,20,1,hdbscan_standard,2,0.13498244088918385,0.09925926984536945,0.1630984888204011,0.1372308837933025,0.7716666666666667,0.11431559629182524,2.5,0.7071067811865476,0.32811107635400316,0.010998543030466996,0.17676538802003192,0.048853118929022304,0.0,0.0,,,,,,,,,,,0,0.0
anisotropic,8,4,10,20,1,hgp_first_coverage,2,0.5327577629797521,0.03309804812168322,0.5959547372513301,0.0574940432136901,0.8233333333333333,0.022391714737573974,10,1.4142135623730951,0.6508232930606699,0.033417854013855816,0.725399718935045,0.10029685834333048,0.0,0.0,882,19.79898987322333,28,1.4142135623730951,0.8076748173183065,0.041866426132869,0.8076748173183065,0.041866426132869,0.8051883440102752,0.04009036821318123,0,0.0
anisotropic,8,4,10,20,2,hdbscan_common,2,0.13484514301157263,0.09969359965897004,0.1633264413834942,0.13824690171120435,0.7704166666666667,0.11490485194281395,2.5,0.7071067811865476,0.32811107635400316,0.010998543030466996,0.17676540656008333,0.0495998575558825,0.0,0.0,1199,0.0,18,1.4142135623730951,0.5711560166428955,0.03550498748163382,0.5711560166428955,0.03550498748163382,0.570852611654834,0.035507070082099475,0,0.0
anisotropic,8,4,10,20,2,hgp_first_coverage,2,0.5181332618628924,0.0537802159440866,0.5835420288612573,0.07504826376471337,0.8179166666666666,0.014731391274719766,10.5,0.7071067811865476,0.6508232930606699,0.033417854013855816,0.7149253119437842,0.1151099067681872,0.0,0.0,882,19.79898987322333,28,1.4142135623730951,0.8076748173183065,0.041866426132869,0.8076748173183065,0.041866426132869,0.8051883440102752,0.04009036821318123,0,0.0
anisotropic,8,4,10,50,1,hdbscan_common,2,0.13484514301157263,0.09969359965897004,0.1633264413834942,0.13824690171120435,0.7704166666666667,0.11490485194281395,2.5,0.7071067811865476,0.32811107635400316,0.010998543030466996,0.17676540656008333,0.0495998575558825,0.0,0.0,1199,0.0,12,1.4142135623730951,0.5711560166428955,0.03550498748163382,0.5711560166428955,0.03550498748163382,0.5646649844046063,0.03998772797285472,0,0.0
anisotropic,8,4,10,50,1,hdbscan_standard,2,0.13498244088918385,0.09925926984536945,0.1630984888204011,0.1372308837933025,0.7716666666666667,0.11431559629182524,2.5,0.7071067811865476,0.32811107635400316,0.010998543030466996,0.17676538802003192,0.048853118929022304,0.0,0.0,,,,,,,,,,,0,0.0
anisotropic,8,4,10,50,1,hgp_first_coverage,2,0.5166937137775387,0.08377283827945646,0.5659208346324086,0.13762315715513154,0.8429166666666666,0.07719249027953141,7,2.8284271247461903,0.6508232930606699,0.033417854013855816,0.6353048724324273,0.25549822873500155,0.0,0.0,882,19.79898987322333,18,1.4142135623730951,0.8076748173183065,0.041866426132869,0.8076748173183065,0.041866426132869,0.804819025828457,0.04061266299473947,0,0.0
anisotropic,8,4,10,50,2,hdbscan_common,2,0.13484514301157263,0.09969359965897004,0.1633264413834942,0.13824690171120435,0.7704166666666667,0.11490485194281395,2.5,0.7071067811865476,0.32811107635400316,0.010998543030466996,0.17676540656008333,0.0495998575558825,0.0,0.0,1199,0.0,12,1.4142135623730951,0.5711560166428955,0.03550498748163382,0.5711560166428955,0.03550498748163382,0.5646649844046063,0.03998772797285472,0,0.0
anisotropic,8,4,10,50,2,hgp_first_coverage,2,0.5537145728374961,0.03141743730616166,0.6194153895160843,0.061970432125525415,0.8162499999999999,0.039480128616248875,8.5,0.7071067811865476,0.6508232930606699,0.033417854013855816,0.7387897843232065,0.10914846283807669,0.0,0.0,882,19.79898987322333,18,1.4142135623730951,0.8076748173183065,0.041866426132869,0.8076748173183065,0.041866426132869,0.804819025828457,0.04061266299473947,0,0.0
anisotropic,8,4,10,100,1,hdbscan_common,2,0.13484514301157263,0.09969359965897004,0.1633264413834942,0.13824690171120435,0.7704166666666667,0.11490485194281395,2.5,0.7071067811865476,0.32811107635400316,0.010998543030466996,0.17676540656008333,0.0495998575558825,0.0,0.0,1199,0.0,4,1.4142135623730951,0.5711560166428955,0.03550498748163382,0.43755976830413923,0.055821419393305226,0.3885664341192804,0.09200200464136658,0,0.0
anisotropic,8,4,10,100,1,hdbscan_standard,2,0.13498244088918385,0.09925926984536945,0.1630984888204011,0.1372308837933025,0.7716666666666667,0.11431559629182524,2.5,0.7071067811865476,0.32811107635400316,0.010998543030466996,0.17676538802003192,0.048853118929022304,0.0,0.0,,,,,,,,,,,0,0.0
anisotropic,8,4,10,100,1,hgp_first_coverage,2,0.19645548665476803,0.17571686273888829,0.1976897181207665,0.1774599452921151,0.9554166666666666,0.033587572106361,2.5,0.7071067811865476,0.6508232930606699,0.033417854013855816,0.19199248211729325,0.055716214153650134,0.0,0.0,882,19.79898987322333,13,0.0,0.8076748173183065,0.041866426132869,0.80273522313369,0.04270794015441273,0.7881927765085909,0.025930710973675445,0,0.0
anisotropic,8,4,10,100,2,hdbscan_common,2,0.13484514301157263,0.09969359965897004,0.1633264413834942,0.13824690171120435,0.7704166666666667,0.11490485194281395,2.5,0.7071067811865476,0.32811107635400316,0.010998543030466996,0.17676540656008333,0.0495998575558825,0.0,0.0,1199,0.0,4,1.4142135623730951,0.5711560166428955,0.03550498748163382,0.43755976830413923,0.055821419393305226,0.3885664341192804,0.09200200464136658,0,0.0
anisotropic,8,4,10,100,2,hgp_first_coverage,2,0.19645548665476803,0.17571686273888829,0.1976897181207665,0.1774599452921151,0.9554166666666666,0.033587572106361,2.5,0.7071067811865476,0.6508232930606699,0.033417854013855816,0.19199248211729325,0.055716214153650134,0.0,0.0,882,19.79898987322333,13,0.0,0.8076748173183065,0.041866426132869,0.80273522313369,0.04270794015441273,0.7881927765085909,0.025930710973675445,0,0.0
anisotropic,8,8,5,10,1,hdbscan_common,2,0.9809561135448235,0.01743850256434814,0.9818466290579777,0.01625985520716066,0.985,0.012963624321753357,8,0.0,0.9809631007171979,0.014523669259848698,0.9919501757024398,0.0072216979210267,0.4375,0.2651650429449553,1199,0.0,28,9.899494936611665,0.9919501757024398,0.0072216979210267,0.9919501757024398,0.0072216979210267,0.9919501757024398,0.0072216979210267,0,0.0
anisotropic,8,8,5,10,1,hdbscan_standard,2,0.9797234525378757,0.019181748478182273,0.9804504803510787,0.018234307643546922,0.9862500000000001,0.011195857368786947,8,0.0,0.9809631007171979,0.014523669259848698,0.9913274240050569,0.008102401817456393,0.375,0.3535533905932738,,,,,,,,,,,0,0.0
anisotropic,8,8,5,10,1,hgp_first_coverage,2,0.9933003146285884,0.004075118742538507,0.9933225791516889,0.004052650713215273,0.9975,0.001178511301977528,8,0.0,0.9942075970671588,0.0030816433481913436,0.9970763376988057,0.0017697377076519377,0.375,0.3535533905932738,947.5,10.606601717798213,60,7.0710678118654755,0.9976992520274834,0.000888803815839444,0.9976992520274834,0.000888803815839444,0.9970763376988057,0.0017697377076520162,0,0.0
anisotropic,8,8,5,10,2,hdbscan_common,2,0.9651606485519788,0.039776663381218685,0.9658047469278797,0.038946502481536,0.9733333333333334,0.029462782549439456,8.5,0.7071067811865476,0.9809631007171979,0.014523669259848698,0.9820518325328043,0.021220069076548477,0.4375,0.2651650429449553,1199,0.0,28,9.899494936611665,0.9919501757024398,0.0072216979210267,0.9919501757024398,0.0072216979210267,0.9919501757024398,0.0072216979210267,0,0.0
anisotropic,8,8,5,10,2,hgp_first_coverage,2,0.9699551428673017,0.02893993977820246,0.9691811854203329,0.030088435716257102,0.9875,0.012963624321753357,9.5,2.1213203435596424,0.9942075970671588,0.0030816433481913436,0.9801271851564328,0.02219998368850215,0.3125,0.2651650429449553,947.5,10.606601717798213,60,7.0710678118654755,0.9976992520274834,0.000888803815839444,0.9976992520274834,0.000888803815839444,0.9970763376988057,0.0017697377076520162,0,0.0
anisotropic,8,8,5,20,1,hdbscan_common,2,0.9809561135448235,0.01743850256434814,0.9818466290579777,0.01625985520716066,0.985,0.012963624321753357,8,0.0,0.9809631007171979,0.014523669259848698,0.9919501757024398,0.0072216979210267,0.4375,0.2651650429449553,1199,0.0,16,1.4142135623730951,0.9919501757024398,0.0072216979210267,0.9919501757024398,0.0072216979210267,0.9919501757024398,0.0072216979210267,0,0.0
anisotropic,8,8,5,20,1,hdbscan_standard,2,0.9797234525378757,0.019181748478182273,0.9804504803510787,0.018234307643546922,0.9862500000000001,0.011195857368786947,8,0.0,0.9809631007171979,0.014523669259848698,0.9913274240050569,0.008102401817456393,0.375,0.3535533905932738,,,,,,,,,,,0,0.0
anisotropic,8,8,5,20,1,hgp_first_coverage,2,0.9933003146285884,0.004075118742538507,0.9933225791516889,0.004052650713215273,0.9975,0.001178511301977528,8,0.0,0.9942075970671588,0.0030816433481913436,0.9970763376988057,0.0017697377076519377,0.375,0.3535533905932738,947.5,10.606601717798213,26,4.242640687119285,0.9976992520274834,0.000888803815839444,0.9976992520274834,0.000888803815839444,0.9970763376988057,0.0017697377076520162,0,0.0
anisotropic,8,8,5,20,2,hdbscan_common,2,0.9809561135448235,0.01743850256434814,0.9818466290579777,0.01625985520716066,0.985,0.012963624321753357,8,0.0,0.9809631007171979,0.014523669259848698,0.9919501757024398,0.0072216979210267,0.4375,0.2651650429449553,1199,0.0,16,1.4142135623730951,0.9919501757024398,0.0072216979210267,0.9919501757024398,0.0072216979210267,0.9919501757024398,0.0072216979210267,0,0.0
anisotropic,8,8,5,20,2,hgp_first_coverage,2,0.9933003146285884,0.004075118742538507,0.9933225791516889,0.004052650713215273,0.9975,0.001178511301977528,8,0.0,0.9942075970671588,0.0030816433481913436,0.9970763376988057,0.0017697377076519377,0.375,0.3535533905932738,947.5,10.606601717798213,26,4.242640687119285,0.9976992520274834,0.000888803815839444,0.9976992520274834,0.000888803815839444,0.9970763376988057,0.0017697377076520162,0,0.0
anisotropic,8,8,5,50,1,hdbscan_common,2,0.9809561135448235,0.01743850256434814,0.9818466290579777,0.01625985520716066,0.985,0.012963624321753357,8,0.0,0.9809631007171979,0.014523669259848698,0.9919501757024398,0.0072216979210267,0.4375,0.2651650429449553,1199,0.0,15,0.0,0.9919501757024398,0.0072216979210267,0.9919501757024398,0.0072216979210267,0.9919501757024398,0.0072216979210267,0,0.0
anisotropic,8,8,5,50,1,hdbscan_standard,2,0.9797234525378757,0.019181748478182273,0.9804504803510787,0.018234307643546922,0.9862500000000001,0.011195857368786947,8,0.0,0.9809631007171979,0.014523669259848698,0.9913274240050569,0.008102401817456393,0.375,0.3535533905932738,,,,,,,,,,,0,0.0
anisotropic,8,8,5,50,1,hgp_first_coverage,2,0.9933003146285884,0.004075118742538507,0.9933225791516889,0.004052650713215273,0.9975,0.001178511301977528,8,0.0,0.9942075970671588,0.0030816433481913436,0.9970763376988057,0.0017697377076519377,0.375,0.3535533905932738,947.5,10.606601717798213,15,0.0,0.9976992520274834,0.000888803815839444,0.9976992520274834,0.000888803815839444,0.9970763376988057,0.0017697377076520162,0,0.0
anisotropic,8,8,5,50,2,hdbscan_common,2,0.9809561135448235,0.01743850256434814,0.9818466290579777,0.01625985520716066,0.985,0.012963624321753357,8,0.0,0.9809631007171979,0.014523669259848698,0.9919501757024398,0.0072216979210267,0.4375,0.2651650429449553,1199,0.0,15,0.0,0.9919501757024398,0.0072216979210267,0.9919501757024398,0.0072216979210267,0.9919501757024398,0.0072216979210267,0,0.0
anisotropic,8,8,5,50,2,hgp_first_coverage,2,0.9933003146285884,0.004075118742538507,0.9933225791516889,0.004052650713215273,0.9975,0.001178511301977528,8,0.0,0.9942075970671588,0.0030816433481913436,0.9970763376988057,0.0017697377076519377,0.375,0.3535533905932738,947.5,10.606601717798213,15,0.0,0.9976992520274834,0.000888803815839444,0.9976992520274834,0.000888803815839444,0.9970763376988057,0.0017697377076520162,0,0.0
anisotropic,8,8,5,100,1,hdbscan_common,2,0.9809561135448235,0.01743850256434814,0.9818466290579777,0.01625985520716066,0.985,0.012963624321753357,8,0.0,0.9809631007171979,0.014523669259848698,0.9919501757024398,0.0072216979210267,0.4375,0.2651650429449553,1199,0.0,15,0.0,0.9919501757024398,0.0072216979210267,0.9919501757024398,0.0072216979210267,0.9919501757024398,0.0072216979210267,0,0.0
anisotropic,8,8,5,100,1,hdbscan_standard,2,0.9797234525378757,0.019181748478182273,0.9804504803510787,0.018234307643546922,0.9862500000000001,0.011195857368786947,8,0.0,0.9809631007171979,0.014523669259848698,0.9913274240050569,0.008102401817456393,0.375,0.3535533905932738,,,,,,,,,,,0,0.0
anisotropic,8,8,5,100,1,hgp_first_coverage,2,0.9933003146285884,0.004075118742538507,0.9933225791516889,0.004052650713215273,0.9975,0.001178511301977528,8,0.0,0.9942075970671588,0.0030816433481913436,0.9970763376988057,0.0017697377076519377,0.375,0.3535533905932738,947.5,10.606601717798213,15,0.0,0.9976992520274834,0.000888803815839444,0.9976992520274834,0.000888803815839444,0.9970763376988057,0.0017697377076520162,0,0.0
anisotropic,8,8,5,100,2,hdbscan_common,2,0.9809561135448235,0.01743850256434814,0.9818466290579777,0.01625985520716066,0.985,0.012963624321753357,8,0.0,0.9809631007171979,0.014523669259848698,0.9919501757024398,0.0072216979210267,0.4375,0.2651650429449553,1199,0.0,15,0.0,0.9919501757024398,0.0072216979210267,0.9919501757024398,0.0072216979210267,0.9919501757024398,0.0072216979210267,0,0.0
anisotropic,8,8,5,100,2,hgp_first_coverage,2,0.9933003146285884,0.004075118742538507,0.9933225791516889,0.004052650713215273,0.9975,0.001178511301977528,8,0.0,0.9942075970671588,0.0030816433481913436,0.9970763376988057,0.0017697377076519377,0.375,0.3535533905932738,947.5,10.606601717798213,15,0.0,0.9976992520274834,0.000888803815839444,0.9976992520274834,0.000888803815839444,0.9970763376988057,0.0017697377076520162,0,0.0
anisotropic,8,8,10,10,1,hdbscan_common,2,0.969424582705897,0.010900077959811696,0.9713195728332281,0.009566515214830273,0.975,0.008249579113843088,8,0.0,0.966959037894358,0.008364967993956546,0.9872326500907322,0.004252055920632965,0.25,0.0,1199,0.0,20,1.4142135623730951,0.9872326500907322,0.004252055920632965,0.9872326500907322,0.004252055920632965,0.9872326500907322,0.004252055920632965,0,0.0
anisotropic,8,8,10,10,1,hdbscan_standard,2,0.970271721684183,0.01109552970314931,0.9718317105904196,0.010166441775837701,0.9770833333333333,0.006481812160876678,8,0.0,0.966959037894358,0.008364967993956546,0.9874676876528596,0.004539525726694205,0.1875,0.08838834764831845,,,,,,,,,,,0,0.0
anisotropic,8,8,10,10,1,hgp_first_coverage,2,0.9938089383382915,0.003355816194131845,0.9938121269518946,0.0033603255747345164,0.99875,0.0005892556509888032,8,0.0,0.9955653986460246,0.0013093437219627543,0.9972867706857195,0.0014721405235876674,0.5,0.1767766952966369,883.5,26.16295090390226,58,9.899494936611665,0.997702048448065,0.0008848490799267723,0.997702048448065,0.0008848490799267723,0.9972867706857196,0.001472140523587746,0,0.0
anisotropic,8,8,10,10,2,hdbscan_common,2,0.969424582705897,0.010900077959811696,0.9713195728332281,0.009566515214830273,0.975,0.008249579113843088,8,0.0,0.966959037894358,0.008364967993956546,0.9872326500907322,0.004252055920632965,0.25,0.0,1199,0.0,20,1.4142135623730951,0.9872326500907322,0.004252055920632965,0.9872326500907322,0.004252055920632965,0.9872326500907322,0.004252055920632965,0,0.0
anisotropic,8,8,10,10,2,hgp_first_coverage,2,0.9799257355367821,0.01627799749693897,0.9792293277772978,0.017262866795343477,0.9891666666666666,0.014142135623730963,8.5,0.7071067811865476,0.9955653986460246,0.0013093437219627543,0.9892980488812082,0.009825618198377833,0.4375,0.08838834764831845,883.5,26.16295090390226,58,9.899494936611665,0.997702048448065,0.0008848490799267723,0.997702048448065,0.0008848490799267723,0.9972867706857196,0.001472140523587746,0,0.0
anisotropic,8,8,10,20,1,hdbscan_common,2,0.969424582705897,0.010900077959811696,0.9713195728332281,0.009566515214830273,0.975,0.008249579113843088,8,0.0,0.966959037894358,0.008364967993956546,0.9872326500907322,0.004252055920632965,0.25,0.0,1199,0.0,16,1.4142135623730951,0.9872326500907322,0.004252055920632965,0.9872326500907322,0.004252055920632965,0.9872326500907322,0.004252055920632965,0,0.0
anisotropic,8,8,10,20,1,hdbscan_standard,2,0.970271721684183,0.01109552970314931,0.9718317105904196,0.010166441775837701,0.9770833333333333,0.006481812160876678,8,0.0,0.966959037894358,0.008364967993956546,0.9874676876528596,0.004539525726694205,0.1875,0.08838834764831845,,,,,,,,,,,0,0.0
anisotropic,8,8,10,20,1,hgp_first_coverage,2,0.9938089383382915,0.003355816194131845,0.9938121269518946,0.0033603255747345164,0.99875,0.0005892556509888032,8,0.0,0.9955653986460246,0.0013093437219627543,0.9972867706857195,0.0014721405235876674,0.5,0.1767766952966369,883.5,26.16295090390226,29,0.0,0.997702048448065,0.0008848490799267723,0.997702048448065,0.0008848490799267723,0.9972867706857196,0.001472140523587746,0,0.0
anisotropic,8,8,10,20,2,hdbscan_common,2,0.969424582705897,0.010900077959811696,0.9713195728332281,0.009566515214830273,0.975,0.008249579113843088,8,0.0,0.966959037894358,0.008364967993956546,0.9872326500907322,0.004252055920632965,0.25,0.0,1199,0.0,16,1.4142135623730951,0.9872326500907322,0.004252055920632965,0.9872326500907322,0.004252055920632965,0.9872326500907322,0.004252055920632965,0,0.0
anisotropic,8,8,10,20,2,hgp_first_coverage,2,0.9938089383382915,0.003355816194131845,0.9938121269518946,0.0033603255747345164,0.99875,0.0005892556509888032,8,0.0,0.9955653986460246,0.0013093437219627543,0.9972867706857195,0.0014721405235876674,0.5,0.1767766952966369,883.5,26.16295090390226,29,0.0,0.997702048448065,0.0008848490799267723,0.997702048448065,0.0008848490799267723,0.9972867706857196,0.001472140523587746,0,0.0
anisotropic,8,8,10,50,1,hdbscan_common,2,0.969424582705897,0.010900077959811696,0.9713195728332281,0.009566515214830273,0.975,0.008249579113843088,8,0.0,0.966959037894358,0.008364967993956546,0.9872326500907322,0.004252055920632965,0.25,0.0,1199,0.0,15,0.0,0.9872326500907322,0.004252055920632965,0.9872326500907322,0.004252055920632965,0.9872326500907322,0.004252055920632965,0,0.0
anisotropic,8,8,10,50,1,hdbscan_standard,2,0.970271721684183,0.01109552970314931,0.9718317105904196,0.010166441775837701,0.9770833333333333,0.006481812160876678,8,0.0,0.966959037894358,0.008364967993956546,0.9874676876528596,0.004539525726694205,0.1875,0.08838834764831845,,,,,,,,,,,0,0.0
anisotropic,8,8,10,50,1,hgp_first_coverage,2,0.9938089383382915,0.003355816194131845,0.9938121269518946,0.0033603255747345164,0.99875,0.0005892556509888032,8,0.0,0.9955653986460246,0.0013093437219627543,0.9972867706857195,0.0014721405235876674,0.5,0.1767766952966369,883.5,26.16295090390226,15,0.0,0.997702048448065,0.0008848490799267723,0.997702048448065,0.0008848490799267723,0.9972867706857196,0.001472140523587746,0,0.0
anisotropic,8,8,10,50,2,hdbscan_common,2,0.969424582705897,0.010900077959811696,0.9713195728332281,0.009566515214830273,0.975,0.008249579113843088,8,0.0,0.966959037894358,0.008364967993956546,0.9872326500907322,0.004252055920632965,0.25,0.0,1199,0.0,15,0.0,0.9872326500907322,0.004252055920632965,0.9872326500907322,0.004252055920632965,0.9872326500907322,0.004252055920632965,0,0.0
anisotropic,8,8,10,50,2,hgp_first_coverage,2,0.9938089383382915,0.003355816194131845,0.9938121269518946,0.0033603255747345164,0.99875,0.0005892556509888032,8,0.0,0.9955653986460246,0.0013093437219627543,0.9972867706857195,0.0014721405235876674,0.5,0.1767766952966369,883.5,26.16295090390226,15,0.0,0.997702048448065,0.0008848490799267723,0.997702048448065,0.0008848490799267723,0.9972867706857196,0.001472140523587746,0,0.0
anisotropic,8,8,10,100,1,hdbscan_common,2,0.969424582705897,0.010900077959811696,0.9713195728332281,0.009566515214830273,0.975,0.008249579113843088,8,0.0,0.966959037894358,0.008364967993956546,0.9872326500907322,0.004252055920632965,0.25,0.0,1199,0.0,15,0.0,0.9872326500907322,0.004252055920632965,0.9872326500907322,0.004252055920632965,0.9872326500907322,0.004252055920632965,0,0.0
anisotropic,8,8,10,100,1,hdbscan_standard,2,0.970271721684183,0.01109552970314931,0.9718317105904196,0.010166441775837701,0.9770833333333333,0.006481812160876678,8,0.0,0.966959037894358,0.008364967993956546,0.9874676876528596,0.004539525726694205,0.1875,0.08838834764831845,,,,,,,,,,,0,0.0
anisotropic,8,8,10,100,1,hgp_first_coverage,2,0.9938089383382915,0.003355816194131845,0.9938121269518946,0.0033603255747345164,0.99875,0.0005892556509888032,8,0.0,0.9955653986460246,0.0013093437219627543,0.9972867706857195,0.0014721405235876674,0.5,0.1767766952966369,883.5,26.16295090390226,15,0.0,0.997702048448065,0.0008848490799267723,0.997702048448065,0.0008848490799267723,0.9972867706857196,0.001472140523587746,0,0.0
anisotropic,8,8,10,100,2,hdbscan_common,2,0.969424582705897,0.010900077959811696,0.9713195728332281,0.009566515214830273,0.975,0.008249579113843088,8,0.0,0.966959037894358,0.008364967993956546,0.9872326500907322,0.004252055920632965,0.25,0.0,1199,0.0,15,0.0,0.9872326500907322,0.004252055920632965,0.9872326500907322,0.004252055920632965,0.9872326500907322,0.004252055920632965,0,0.0
anisotropic,8,8,10,100,2,hgp_first_coverage,2,0.9938089383382915,0.003355816194131845,0.9938121269518946,0.0033603255747345164,0.99875,0.0005892556509888032,8,0.0,0.9955653986460246,0.0013093437219627543,0.9972867706857195,0.0014721405235876674,0.5,0.1767766952966369,883.5,26.16295090390226,15,0.0,0.997702048448065,0.0008848490799267723,0.997702048448065,0.0008848490799267723,0.9972867706857196,0.001472140523587746,0,0.0
spherical,2,2,5,10,1,hdbscan_common,3,0.002805449133337082,0.004661383574991817,0.002975486190466625,0.004714363459133051,0.5147222222222222,0.25305951942254684,3.6666666666666665,2.8867513459481287,0.5048555309506594,0.002130801842623761,0.2698219463320941,0.05828004093639639,0.0,0.0,1199,0.0,21.666666666666668,2.309401076758503,0.667227521858688,0.0005624243254636538,0.667227521858688,0.0005624243254636538,0.49648059140456563,0.11617555245646027,0,0.0
spherical,2,2,5,10,1,hdbscan_standard,3,0.0029020537546248885,0.004812585645780881,0.003080014627919437,0.004897640827023776,0.5183333333333333,0.24768231220209846,4,3.4641016151377544,0.5048555309506594,0.002130801842623761,0.2701932829101283,0.057547373484308745,0.0,0.0,,,,,,,,,,,0,0.0
spherical,2,2,5,10,1,hgp_first_coverage,3,0.007129989185700593,0.007327857451478711,0.006639229095192149,0.006343382713017537,0.6236111111111111,0.21167541539224974,17.333333333333332,13.203534880225574,0.5180318394038187,0.009111074830532402,0.24761952491182707,0.08894574067515065,0.0,0.0,926.6666666666666,8.736894948054104,67,2.0,0.6669200641657973,0.000288881364162696,0.6669200641657973,0.000288881364162696,0.6168207398322672,0.025164036320016406,0,0.0
spherical,2,2,5,10,2,hdbscan_common,3,0.002805449133337082,0.004661383574991817,0.002975486190466625,0.004714363459133051,0.5147222222222222,0.25305951942254684,3.6666666666666665,2.8867513459481287,0.5048555309506594,0.002130801842623761,0.2698219463320941,0.05828004093639639,0.0,0.0,1199,0.0,21.666666666666668,2.309401076758503,0.667227521858688,0.0005624243254636538,0.667227521858688,0.0005624243254636538,0.49648059140456563,0.11617555245646027,0,0.0
spherical,2,2,5,10,2,hgp_first_coverage,3,0.010296064928360663,0.004145083172152089,0.009156683430365643,0.003197031481466136,0.49138888888888893,0.042828253049351214,28,7.54983443527075,0.5180318394038187,0.009111074830532402,0.16786212968248398,0.08006835477434673,0.0,0.0,926.6666666666666,8.736894948054104,67,2.0,0.6669200641657973,0.000288881364162696,0.6669200641657973,0.000288881364162696,0.6168207398322672,0.025164036320016406,0,0.0
spherical,2,2,5,20,1,hdbscan_common,3,0.005504843172643313,0.005369475063603388,0.004840749395940826,0.004940570568793114,0.2025,0.045559789776122156,2.3333333333333335,0.5773502691896257,0.5048555309506594,0.002130801842623761,0.19695384085770862,0.04763316204646108,0.0,0.0,1199,0.0,5.666666666666667,1.1547005383792515,0.667227521858688,0.0005624243254636538,0.667227521858688,0.0005624243254636538,0.29194812265453346,0.08480284907449026,0,0.0
spherical,2,2,5,20,1,hdbscan_standard,3,0.005569282139135503,0.005539254286833608,0.0049051782939047535,0.005053618199802584,0.2038888888888889,0.04601730753306405,2.3333333333333335,0.5773502691896257,0.5048555309506594,0.002130801842623761,0.19823507882760152,0.0477159076659524,0.0,0.0,,,,,,,,,,,0,0.0
spherical,2,2,5,20,1,hgp_first_coverage,3,0.0012794543390885508,0.0013196574386813609,0.0015108245624119436,0.0012077457955411782,0.6677777777777778,0.09719801285882188,2.3333333333333335,0.5773502691896257,0.5180318394038187,0.009111074830532402,0.32780874703644763,0.023671626281291415,0.0,0.0,926.6666666666666,8.736894948054104,18.333333333333332,4.618802153517006,0.6669200641657973,0.000288881364162696,0.6669200641657973,0.000288881364162696,0.5746162535300937,0.01699481147365625,0,0.0
spherical,2,2,5,20,2,hdbscan_common,3,0.005504843172643313,0.005369475063603388,0.004840749395940826,0.004940570568793114,0.2025,0.045559789776122156,2.3333333333333335,0.5773502691896257,0.5048555309506594,0.002130801842623761,0.19695384085770862,0.04763316204646108,0.0,0.0,1199,0.0,5.666666666666667,1.1547005383792515,0.667227521858688,0.0005624243254636538,0.667227521858688,0.0005624243254636538,0.29194812265453346,0.08480284907449026,0,0.0
spherical,2,2,5,20,2,hgp_first_coverage,3,0.0012794543390885508,0.0013196574386813609,0.0015108245624119436,0.0012077457955411782,0.6677777777777778,0.09719801285882188,2.3333333333333335,0.5773502691896257,0.5180318394038187,0.009111074830532402,0.32780874703644763,0.023671626281291415,0.0,0.0,926.6666666666666,8.736894948054104,18.333333333333332,4.618802153517006,0.6669200641657973,0.000288881364162696,0.6669200641657973,0.000288881364162696,0.5746162535300937,0.01699481147365625,0,0.0
spherical,2,2,5,50,1,hdbscan_common,3,0.0027588542545176633,0.004778475739502151,0.0028268765984507892,0.00489629389524425,0.059444444444444446,0.10296079800548327,0.6666666666666666,1.1547005383792515,0.5048555309506594,0.002130801842623761,0.07645111681387683,0.1324172186170179,0.0,0.0,1199,0.0,1.6666666666666667,1.1547005383792515,0.667227521858688,0.0005624243254636538,0.667227521858688,0.0005624243254636538,0.07645111681387683,0.1324172186170179,0,0.0
spherical,2,2,5,50,1,hdbscan_standard,3,0.0028026289474638983,0.0048542957317707575,0.0028760933425167317,0.004981539796549576,0.059722222222222225,0.10344192322980796,0.6666666666666666,1.1547005383792515,0.5048555309506594,0.002130801842623761,0.07689178898966338,0.13318048521496217,0.0,0.0,,,,,,,,,,,0,0.0
spherical,2,2,5,50,1,hgp_first_coverage,3,0.021283277283977532,0.020594311321095297,0.020960605086032404,0.02015185812118843,0.26305555555555554,0.09522755398012193,2.6666666666666665,1.1547005383792515,0.5180318394038187,0.009111074830532402,0.27358453724001747,0.1115159095578527,0.0,0.0,926.6666666666666,8.736894948054104,4.333333333333333,2.309401076758503,0.6669200641657973,0.000288881364162696,0.6669200641657973,0.000288881364162696,0.3357611640199443,0.14294976660653658,0,0.0
spherical,2,2,5,50,2,hdbscan_common,3,0.0027588542545176633,0.004778475739502151,0.0028268765984507892,0.00489629389524425,0.059444444444444446,0.10296079800548327,0.6666666666666666,1.1547005383792515,0.5048555309506594,0.002130801842623761,0.07645111681387683,0.1324172186170179,0.0,0.0,1199,0.0,1.6666666666666667,1.1547005383792515,0.667227521858688,0.0005624243254636538,0.667227521858688,0.0005624243254636538,0.07645111681387683,0.1324172186170179,0,0.0
spherical,2,2,5,50,2,hgp_first_coverage,3,0.021283277283977532,0.020594311321095297,0.020960605086032404,0.02015185812118843,0.26305555555555554,0.09522755398012193,2.6666666666666665,1.1547005383792515,0.5180318394038187,0.009111074830532402,0.27358453724001747,0.1115159095578527,0.0,0.0,926.6666666666666,8.736894948054104,4.333333333333333,2.309401076758503,0.6669200641657973,0.000288881364162696,0.6669200641657973,0.000288881364162696,0.3357611640199443,0.14294976660653658,0,0.0
spherical,2,2,5,100,1,hdbscan_common,3,0.0,0.0,0.0,0.0,0.0,0.0,0,0.0,0.5048555309506594,0.002130801842623761,0.0,0.0,0.0,0.0,1199,0.0,1,0.0,0.667227521858688,0.0005624243254636538,0.667227521858688,0.0005624243254636538,0.0,0.0,0,0.0
spherical,2,2,5,100,1,hdbscan_standard,3,0.0,0.0,0.0,0.0,0.0,0.0,0,0.0,0.5048555309506594,0.002130801842623761,0.0,0.0,0.0,0.0,,,,,,,,,,,0,0.0
spherical,2,2,5,100,1,hgp_first_coverage,3,0.01681139050887046,0.022902297857509805,0.016670421029916553,0.022449919572568602,0.17055555555555554,0.1579058556838829,1.3333333333333333,1.1547005383792515,0.5180318394038187,0.009111074830532402,0.21152323868945452,0.19840256047030966,0.0,0.0,926.6666666666666,8.736894948054104,2.3333333333333335,1.1547005383792515,0.6669200641657973,0.000288881364162696,0.6669200641657973,0.000288881364162696,0.21152323868945452,0.19840256047030966,0,0.0
spherical,2,2,5,100,2,hdbscan_common,3,0.0,0.0,0.0,0.0,0.0,0.0,0,0.0,0.5048555309506594,0.002130801842623761,0.0,0.0,0.0,0.0,1199,0.0,1,0.0,0.667227521858688,0.0005624243254636538,0.667227521858688,0.0005624243254636538,0.0,0.0,0,0.0
spherical,2,2,5,100,2,hgp_first_coverage,3,0.01681139050887046,0.022902297857509805,0.016670421029916553,0.022449919572568602,0.17055555555555554,0.1579058556838829,1.3333333333333333,1.1547005383792515,0.5180318394038187,0.009111074830532402,0.21152323868945452,0.19840256047030966,0.0,0.0,926.6666666666666,8.736894948054104,2.3333333333333335,1.1547005383792515,0.6669200641657973,0.000288881364162696,0.6669200641657973,0.000288881364162696,0.21152323868945452,0.19840256047030966,0,0.0
spherical,2,2,10,10,1,hdbscan_common,3,0.002484284750988513,0.001234599492537496,0.0024606626414737315,0.0014357194001844162,0.2175,0.07363102456015248,3,1.7320508075688772,0.5030055859650322,0.0008205056389483671,0.18534637690015726,0.04722454647719973,0.0,0.0,1199,0.0,8.333333333333334,1.1547005383792515,0.6673506701685251,0.0002888946275218239,0.6673506701685251,0.0002888946275218239,0.30082794344747205,0.04374203039464566,0,0.0
spherical,2,2,10,10,1,hdbscan_standard,3,0.0024712478628152613,0.0014736311314042581,0.0024992651359447633,0.0016289930443431088,0.21944444444444444,0.07243931048611453,3,1.7320508075688772,0.5030055859650322,0.0008205056389483671,0.18669472668793355,0.0458367464747156,0.0,0.0,,,,,,,,,,,0,0.0
spherical,2,2,10,10,1,hgp_first_coverage,3,0.007977586544235613,0.00612906395065567,0.007759316726803366,0.00677057138836435,0.5633333333333334,0.22012464903120485,16.333333333333332,12.897028081435403,0.5177411765240776,0.009531698325268055,0.21652034125931355,0.11019663618794472,0.0,0.0,892.6666666666666,10.692676621563626,49,5.291502622129181,0.6669809127145622,0.00028342750014784,0.6669809127145622,0.00028342750014784,0.6014288350126422,0.01223024055104505,0,0.0
spherical,2,2,10,10,2,hdbscan_common,3,0.0020417923316214458,0.0016986016427002681,0.0021160876747494113,0.0017409531394143927,0.19527777777777777,0.06465900584634005,3.6666666666666665,1.5275252316519468,0.5030055859650322,0.0008205056389483671,0.16712537891060927,0.03832359100888961,0.0,0.0,1199,0.0,8.333333333333334,1.1547005383792515,0.6673506701685251,0.0002888946275218239,0.6673506701685251,0.0002888946275218239,0.30082794344747205,0.04374203039464566,0,0.0
spherical,2,2,10,10,2,hgp_first_coverage,3,0.007585634565849538,0.0015994174210065982,0.007625057637689941,0.001648613198932103,0.40944444444444444,0.026644956440266605,24.666666666666668,2.516611478423583,0.5177411765240776,0.009531698325268055,0.12219941226053829,0.021204718906883024,0.0,0.0,892.6666666666666,10.692676621563626,49,5.291502622129181,0.6669809127145622,0.00028342750014784,0.6669809127145622,0.00028342750014784,0.6014288350126422,0.01223024055104505,0,0.0
spherical,2,2,10,20,1,hdbscan_common,3,0.0025098312510453795,0.0006194993629981493,0.00224241754007149,0.0009142809702583972,0.14666666666666667,0.10077133079954394,2.3333333333333335,0.5773502691896257,0.5030055859650322,0.0008205056389483671,0.14776978501754395,0.0643961185883971,0.0,0.0,1199,0.0,4.333333333333333,1.1547005383792515,0.6673506701685251,0.0002888946275218239,0.6673506701685251,0.0002888946275218239,0.19530705635949153,0.11537389759251303,0,0.0
spherical,2,2,10,20,1,hdbscan_standard,3,0.0024958149457485015,0.0007681803155629678,0.0022575468137451087,0.000999469101043468,0.14777777777777779,0.10065871013442367,2.3333333333333335,0.5773502691896257,0.5030055859650322,0.0008205056389483671,0.1487145688754271,0.06345656146300384,0.0,0.0,,,,,,,,,,,0,0.0
spherical,2,2,10,20,1,hgp_first_coverage,3,0.0006842346572951893,0.0012854529488211524,0.0004567693731874531,0.0008278383257502738,0.7066666666666667,0.15269113704905515,2,0.0,0.5177411765240776,0.009531698325268055,0.3237486058754702,0.04057674460018499,0.0,0.0,892.6666666666666,10.692676621563626,19,2.0,0.6669809127145622,0.00028342750014784,0.6669809127145622,0.00028342750014784,0.5727449850325521,0.05928836289987117,0,0.0
spherical,2,2,10,20,2,hdbscan_common,3,0.0025098312510453795,0.0006194993629981493,0.00224241754007149,0.0009142809702583972,0.14666666666666667,0.10077133079954394,2.3333333333333335,0.5773502691896257,0.5030055859650322,0.0008205056389483671,0.14776978501754395,0.0643961185883971,0.0,0.0,1199,0.0,4.333333333333333,1.1547005383792515,0.6673506701685251,0.0002888946275218239,0.6673506701685251,0.0002888946275218239,0.19530705635949153,0.11537389759251303,0,0.0
spherical,2,2,10,20,2,hgp_first_coverage,3,0.0006842346572951893,0.0012854529488211524,0.0004567693731874531,0.0008278383257502738,0.7066666666666667,0.15269113704905515,2,0.0,0.5177411765240776,0.009531698325268055,0.3237486058754702,0.04057674460018499,0.0,0.0,892.6666666666666,10.692676621563626,19,2.0,0.6669809127145622,0.00028342750014784,0.6669809127145622,0.00028342750014784,0.5727449850325521,0.05928836289987117,0,0.0
spherical,2,2,10,50,1,hdbscan_common,3,0.0017930791184242664,0.003105704135101641,0.0017998305686358978,0.0031173979898929585,0.041388888888888885,0.07168765842437853,0.6666666666666666,1.1547005383792515,0.5030055859650322,0.0008205056389483671,0.0588096933885533,0.10186137692652181,0.0,0.0,1199,0.0,1.6666666666666667,1.1547005383792515,0.6673506701685251,0.0002888946275218239,0.6673506701685251,0.0002888946275218239,0.05880969338855329,0.10186137692652178,0,0.0
spherical,2,2,10,50,1,hdbscan_standard,3,0.0017930791184242664,0.003105704135101641,0.0017998305686358978,0.0031173979898929585,0.041388888888888885,0.07168765842437853,0.6666666666666666,1.1547005383792515,0.5030055859650322,0.0008205056389483671,0.0588096933885533,0.10186137692652181,0.0,0.0,,,,,,,,,,,0,0.0
spherical,2,2,10,50,1,hgp_first_coverage,3,0.018481965892675287,0.02162014823168325,0.018660364396300776,0.021695189096994052,0.33694444444444444,0.1123651455119688,2,0.0,0.5177411765240776,0.009531698325268055,0.32820477853074614,0.08781245930262445,0.0,0.0,892.6666666666666,10.692676621563626,3.6666666666666665,1.1547005383792515,0.6669809127145622,0.00028342750014784,0.6669809127145622,0.00028342750014784,0.36188702998971645,0.09922263900787737,0,0.0
spherical,2,2,10,50,2,hdbscan_common,3,0.0017930791184242664,0.003105704135101641,0.0017998305686358978,0.0031173979898929585,0.041388888888888885,0.07168765842437853,0.6666666666666666,1.1547005383792515,0.5030055859650322,0.0008205056389483671,0.0588096933885533,0.10186137692652181,0.0,0.0,1199,0.0,1.6666666666666667,1.1547005383792515,0.6673506701685251,0.0002888946275218239,0.6673506701685251,0.0002888946275218239,0.05880969338855329,0.10186137692652178,0,0.0
spherical,2,2,10,50,2,hgp_first_coverage,3,0.018481965892675287,0.02162014823168325,0.018660364396300776,0.021695189096994052,0.33694444444444444,0.1123651455119688,2,0.0,0.5177411765240776,0.009531698325268055,0.32820477853074614,0.08781245930262445,0.0,0.0,892.6666666666666,10.692676621563626,3.6666666666666665,1.1547005383792515,0.6669809127145622,0.00028342750014784,0.6669809127145622,0.00028342750014784,0.36188702998971645,0.09922263900787737,0,0.0
spherical,2,2,10,100,1,hdbscan_common,3,0.0,0.0,0.0,0.0,0.0,0.0,0,0.0,0.5030055859650322,0.0008205056389483671,0.0,0.0,0.0,0.0,1199,0.0,1,0.0,0.6673506701685251,0.0002888946275218239,0.6673506701685251,0.0002888946275218239,0.0,0.0,0,0.0
spherical,2,2,10,100,1,hdbscan_standard,3,0.0,0.0,0.0,0.0,0.0,0.0,0,0.0,0.5030055859650322,0.0008205056389483671,0.0,0.0,0.0,0.0,,,,,,,,,,,0,0.0
spherical,2,2,10,100,1,hgp_first_coverage,3,0.01911496673929602,0.021985648180324398,0.019309118925685827,0.0221087135266907,0.1813888888888889,0.16497965643386775,1.3333333333333333,1.1547005383792515,0.5177411765240776,0.009531698325268055,0.2272096193311581,0.20577969034414897,0.0,0.0,892.6666666666666,10.692676621563626,2.3333333333333335,1.1547005383792515,0.6669809127145622,0.00028342750014784,0.6669809127145622,0.00028342750014784,0.22720961933115813,0.20577969034414903,0,0.0
spherical,2,2,10,100,2,hdbscan_common,3,0.0,0.0,0.0,0.0,0.0,0.0,0,0.0,0.5030055859650322,0.0008205056389483671,0.0,0.0,0.0,0.0,1199,0.0,1,0.0,0.6673506701685251,0.0002888946275218239,0.6673506701685251,0.0002888946275218239,0.0,0.0,0,0.0
spherical,2,2,10,100,2,hgp_first_coverage,3,0.01911496673929602,0.021985648180324398,0.019309118925685827,0.0221087135266907,0.1813888888888889,0.16497965643386775,1.3333333333333333,1.1547005383792515,0.5177411765240776,0.009531698325268055,0.2272096193311581,0.20577969034414897,0.0,0.0,892.6666666666666,10.692676621563626,2.3333333333333335,1.1547005383792515,0.6669809127145622,0.00028342750014784,0.6669809127145622,0.00028342750014784,0.22720961933115813,0.20577969034414903,0,0.0
spherical,2,4,5,10,1,hdbscan_common,3,0.24009364658050242,0.2138397154416526,0.23738083366623386,0.21355610166847672,0.6227777777777778,0.06391364254761031,2.3333333333333335,0.5773502691896257,0.6734435487984586,0.043258466057626475,0.5994456958361216,0.2517258851598035,0.0,0.0,1199,0.0,16.333333333333332,1.1547005383792515,0.7387482138073732,0.05715186189353185,0.7387482138073732,0.05715186189353185,0.7354301307510638,0.06262888211487852,0,0.0
spherical,2,4,5,10,1,hdbscan_standard,3,0.24066728867621204,0.21439455264207732,0.23801072369840964,0.2141227719144211,0.6233333333333334,0.06370504951205463,2.3333333333333335,0.5773502691896257,0.6734435487984586,0.043258466057626475,0.5999010095242563,0.25209877688020566,0.0,0.0,,,,,,,,,,,0,0.0
spherical,2,4,5,10,1,hgp_first_coverage,3,0.308191804011693,0.116085022709161,0.2773351920421307,0.10710741391224618,0.6241666666666666,0.05878988008152421,14,5.291502622129181,0.7813327516229165,0.03241938475143378,0.5793042034892321,0.14165565221218757,0.0,0.0,936.3333333333334,9.60902353693305,58.333333333333336,1.1547005383792515,0.8532453579423346,0.02808383491728109,0.8532453579423346,0.02808383491728109,0.8528381573911792,0.02841181491483945,0,0.0
spherical,2,4,5,10,2,hdbscan_common,3,0.28319780088501634,0.14378256876712975,0.28097126073011774,0.14335681309346668,0.5436111111111112,0.12342714150161327,3.6666666666666665,2.0816659994661326,0.6734435487984586,0.043258466057626475,0.6731261063481281,0.12835761631571804,0.0,0.0,1199,0.0,16.333333333333332,1.1547005383792515,0.7387482138073732,0.05715186189353185,0.7387482138073732,0.05715186189353185,0.7354301307510638,0.06262888211487852,0,0.0
spherical,2,4,5,10,2,hgp_first_coverage,3,0.04898544260436804,0.04230579139643449,0.04655414664733122,0.04257619950335868,0.4533333333333333,0.043108390521258526,24,5.5677643628300215,0.7813327516229165,0.03241938475143378,0.256885269057166,0.15398368146496158,0.0,0.0,936.3333333333334,9.60902353693305,58.333333333333336,1.1547005383792515,0.8532453579423346,0.02808383491728109,0.8532453579423346,0.02808383491728109,0.8528381573911792,0.02841181491483945,0,0.0
spherical,2,4,5,20,1,hdbscan_common,3,0.3404893003263789,0.08872498207636795,0.34052904168795495,0.0891835939520429,0.5994444444444444,0.07428517373633207,2,0.0,0.6734435487984586,0.043258466057626475,0.7354301307510638,0.06262888211487852,0.0,0.0,1199,0.0,5.666666666666667,2.309401076758503,0.7387482138073732,0.05715186189353185,0.7387482138073732,0.05715186189353185,0.7354301307510638,0.06262888211487852,0,0.0
spherical,2,4,5,20,1,hdbscan_standard,3,0.34063375957023234,0.08961036521707964,0.34063412882174793,0.09009449523796806,0.6,0.074194751236938,2,0.0,0.6734435487984586,0.043258466057626475,0.7355112703122552,0.06307996587922128,0.0,0.0,,,,,,,,,,,0,0.0
spherical,2,4,5,20,1,hgp_first_coverage,3,0.4967196561965923,0.1384982506643436,0.49512334674013986,0.14013056094657791,0.7444444444444445,0.08450975179319926,3,1.7320508075688772,0.7813327516229165,0.03241938475143378,0.8184464530962184,0.07830757043525309,0.0,0.0,936.3333333333334,9.60902353693305,17,4.0,0.8532453579423346,0.02808383491728109,0.8532453579423346,0.02808383491728109,0.8528381573911792,0.02841181491483945,0,0.0
spherical,2,4,5,20,2,hdbscan_common,3,0.3404893003263789,0.08872498207636795,0.34052904168795495,0.0891835939520429,0.5994444444444444,0.07428517373633207,2,0.0,0.6734435487984586,0.043258466057626475,0.7354301307510638,0.06262888211487852,0.0,0.0,1199,0.0,5.666666666666667,2.309401076758503,0.7387482138073732,0.05715186189353185,0.7387482138073732,0.05715186189353185,0.7354301307510638,0.06262888211487852,0,0.0
spherical,2,4,5,20,2,hgp_first_coverage,3,0.3599928275543818,0.23712661640278956,0.3524030186233482,0.2415923993840798,0.6311111111111111,0.17421517134258407,4.333333333333333,2.0816659994661326,0.7813327516229165,0.03241938475143378,0.6781564100012525,0.17969688870901207,0.0,0.0,936.3333333333334,9.60902353693305,17,4.0,0.8532453579423346,0.02808383491728109,0.8532453579423346,0.02808383491728109,0.8528381573911792,0.02841181491483945,0,0.0
spherical,2,4,5,50,1,hdbscan_common,3,0.3404893003263789,0.08872498207636795,0.34052904168795495,0.0891835939520429,0.5994444444444444,0.07428517373633207,2,0.0,0.6734435487984586,0.043258466057626475,0.7354301307510638,0.06262888211487852,0.0,0.0,1199,0.0,3,0.0,0.7387482138073732,0.05715186189353185,0.7387482138073732,0.05715186189353185,0.7354301307510638,0.06262888211487852,0,0.0
spherical,2,4,5,50,1,hdbscan_standard,3,0.34063375957023234,0.08961036521707964,0.34063412882174793,0.09009449523796806,0.6,0.074194751236938,2,0.0,0.6734435487984586,0.043258466057626475,0.7355112703122552,0.06307996587922128,0.0,0.0,,,,,,,,,,,0,0.0
spherical,2,4,5,50,1,hgp_first_coverage,3,0.5497734425748905,0.06650428576587786,0.5492263070086899,0.06708715568123381,0.7727777777777778,0.04331997657398226,2,0.0,0.7813327516229165,0.03241938475143378,0.8528381573911792,0.02841181491483942,0.0,0.0,936.3333333333334,9.60902353693305,4.333333333333333,2.309401076758503,0.8532453579423346,0.02808383491728109,0.8532453579423346,0.02808383491728109,0.8528381573911792,0.02841181491483945,0,0.0
spherical,2,4,5,50,2,hdbscan_common,3,0.3404893003263789,0.08872498207636795,0.34052904168795495,0.0891835939520429,0.5994444444444444,0.07428517373633207,2,0.0,0.6734435487984586,0.043258466057626475,0.7354301307510638,0.06262888211487852,0.0,0.0,1199,0.0,3,0.0,0.7387482138073732,0.05715186189353185,0.7387482138073732,0.05715186189353185,0.7354301307510638,0.06262888211487852,0,0.0
spherical,2,4,5,50,2,hgp_first_coverage,3,0.5497734425748905,0.06650428576587786,0.5492263070086899,0.06708715568123381,0.7727777777777778,0.04331997657398226,2,0.0,0.7813327516229165,0.03241938475143378,0.8528381573911792,0.02841181491483942,0.0,0.0,936.3333333333334,9.60902353693305,4.333333333333333,2.309401076758503,0.8532453579423346,0.02808383491728109,0.8532453579423346,0.02808383491728109,0.8528381573911792,0.02841181491483945,0,0.0
spherical,2,4,5,100,1,hdbscan_common,3,0.3404893003263789,0.08872498207636795,0.34052904168795495,0.0891835939520429,0.5994444444444444,0.07428517373633207,2,0.0,0.6734435487984586,0.043258466057626475,0.7354301307510638,0.06262888211487852,0.0,0.0,1199,0.0,3,0.0,0.7387482138073732,0.05715186189353185,0.7387482138073732,0.05715186189353185,0.7354301307510638,0.06262888211487852,0,0.0
spherical,2,4,5,100,1,hdbscan_standard,3,0.34063375957023234,0.08961036521707964,0.34063412882174793,0.09009449523796806,0.6,0.074194751236938,2,0.0,0.6734435487984586,0.043258466057626475,0.7355112703122552,0.06307996587922128,0.0,0.0,,,,,,,,,,,0,0.0
spherical,2,4,5,100,1,hgp_first_coverage,3,0.5497734425748905,0.06650428576587786,0.5492263070086899,0.06708715568123381,0.7727777777777778,0.04331997657398226,2,0.0,0.7813327516229165,0.03241938475143378,0.8528381573911792,0.02841181491483942,0.0,0.0,936.3333333333334,9.60902353693305,3,0.0,0.8532453579423346,0.02808383491728109,0.8532453579423346,0.02808383491728109,0.8528381573911792,0.02841181491483945,0,0.0
spherical,2,4,5,100,2,hdbscan_common,3,0.3404893003263789,0.08872498207636795,0.34052904168795495,0.0891835939520429,0.5994444444444444,0.07428517373633207,2,0.0,0.6734435487984586,0.043258466057626475,0.7354301307510638,0.06262888211487852,0.0,0.0,1199,0.0,3,0.0,0.7387482138073732,0.05715186189353185,0.7387482138073732,0.05715186189353185,0.7354301307510638,0.06262888211487852,0,0.0
spherical,2,4,5,100,2,hgp_first_coverage,3,0.5497734425748905,0.06650428576587786,0.5492263070086899,0.06708715568123381,0.7727777777777778,0.04331997657398226,2,0.0,0.7813327516229165,0.03241938475143378,0.8528381573911792,0.02841181491483942,0.0,0.0,936.3333333333334,9.60902353693305,3,0.0,0.8532453579423346,0.02808383491728109,0.8532453579423346,0.02808383491728109,0.8528381573911792,0.02841181491483945,0,0.0
spherical,2,4,10,10,1,hdbscan_common,3,0.23702019506150432,0.048985185976882985,0.23722884372274405,0.04857889122563485,0.4944444444444444,0.05055479242403272,2,0.0,0.6200240070170131,0.024927155598397494,0.6547217904449933,0.04357599295442927,0.0,0.0,1199,0.0,5.666666666666667,2.309401076758503,0.6792201152803947,0.02093888592214234,0.6792201152803947,0.02093888592214234,0.6547217904449933,0.04357599295442927,0,0.0
spherical,2,4,10,10,1,hdbscan_standard,3,0.23738114829075452,0.04970279756429562,0.2375585349965565,0.04927083967096776,0.49527777777777776,0.05055479242403272,2,0.0,0.6200240070170131,0.024927155598397494,0.6550875392503779,0.04398432048884454,0.0,0.0,,,,,,,,,,,0,0.0
spherical,2,4,10,10,1,hgp_first_coverage,3,0.45961367538792125,0.16058854397872668,0.44217129446494263,0.18055017443955382,0.7194444444444444,0.1101272412224117,8.333333333333334,6.110100926607787,0.8126965702040359,0.023498474596271347,0.7124103047450743,0.2103303970754117,0.0,0.0,906,24.55605831561735,47.666666666666664,8.082903768654761,0.8776026779501944,0.019369778262737773,0.8776026779501944,0.019369778262737773,0.8776026779501944,0.019369778262737773,0,0.0
spherical,2,4,10,10,2,hdbscan_common,3,0.23702019506150432,0.048985185976882985,0.23722884372274405,0.04857889122563485,0.4944444444444444,0.05055479242403272,2,0.0,0.6200240070170131,0.024927155598397494,0.6547217904449933,0.04357599295442927,0.0,0.0,1199,0.0,5.666666666666667,2.309401076758503,0.6792201152803947,0.02093888592214234,0.6792201152803947,0.02093888592214234,0.6547217904449933,0.04357599295442927,0,0.0
spherical,2,4,10,10,2,hgp_first_coverage,3,0.35451400468196964,0.03513952372162632,0.28801012783302105,0.012858899718840591,0.5983333333333334,0.012610621625351313,14.666666666666666,1.5275252316519468,0.8126965702040359,0.023498474596271347,0.4979233511382775,0.016269578958614198,0.0,0.0,906,24.55605831561735,47.666666666666664,8.082903768654761,0.8776026779501944,0.019369778262737773,0.8776026779501944,0.019369778262737773,0.8776026779501944,0.019369778262737773,0,0.0
spherical,2,4,10,20,1,hdbscan_common,3,0.23702019506150432,0.048985185976882985,0.23722884372274405,0.04857889122563485,0.4944444444444444,0.05055479242403272,2,0.0,0.6200240070170131,0.024927155598397494,0.6547217904449933,0.04357599295442927,0.0,0.0,1199,0.0,3,0.0,0.6792201152803947,0.02093888592214234,0.6792201152803947,0.02093888592214234,0.6547217904449933,0.04357599295442927,0,0.0
spherical,2,4,10,20,1,hdbscan_standard,3,0.23738114829075452,0.04970279756429562,0.2375585349965565,0.04927083967096776,0.49527777777777776,0.05055479242403272,2,0.0,0.6200240070170131,0.024927155598397494,0.6550875392503779,0.04398432048884454,0.0,0.0,,,,,,,,,,,0,0.0
spherical,2,4,10,20,1,hgp_first_coverage,3,0.5284126138866683,0.11469744329014368,0.527032294567268,0.11582078066569548,0.7722222222222223,0.06375045388364203,3.3333333333333335,1.1547005383792515,0.8126965702040359,0.023498474596271347,0.8367235337759505,0.05370204828794836,0.0,0.0,906,24.55605831561735,18.333333333333332,8.082903768654761,0.8776026779501944,0.019369778262737773,0.8776026779501944,0.019369778262737773,0.8776026779501944,0.019369778262737773,0,0.0
spherical,2,4,10,20,2,hdbscan_common,3,0.23702019506150432,0.048985185976882985,0.23722884372274405,0.04857889122563485,0.4944444444444444,0.05055479242403272,2,0.0,0.6200240070170131,0.024927155598397494,0.6547217904449933,0.04357599295442927,0.0,0.0,1199,0.0,3,0.0,0.6792201152803947,0.02093888592214234,0.6792201152803947,0.02093888592214234,0.6547217904449933,0.04357599295442927,0,0.0
spherical,2,4,10,20,2,hgp_first_coverage,3,0.5284126138866683,0.11469744329014368,0.527032294567268,0.11582078066569548,0.7722222222222223,0.06375045388364203,3.3333333333333335,1.1547005383792515,0.8126965702040359,0.023498474596271347,0.8367235337759505,0.05370204828794836,0.0,0.0,906,24.55605831561735,18.333333333333332,8.082903768654761,0.8776026779501944,0.019369778262737773,0.8776026779501944,0.019369778262737773,0.8776026779501944,0.019369778262737773,0,0.0
spherical,2,4,10,50,1,hdbscan_common,3,0.23702019506150432,0.048985185976882985,0.23722884372274405,0.04857889122563485,0.4944444444444444,0.05055479242403272,2,0.0,0.6200240070170131,0.024927155598397494,0.6547217904449933,0.04357599295442927,0.0,0.0,1199,0.0,3,0.0,0.6792201152803947,0.02093888592214234,0.6792201152803947,0.02093888592214234,0.6547217904449933,0.04357599295442927,0,0.0
spherical,2,4,10,50,1,hdbscan_standard,3,0.23738114829075452,0.04970279756429562,0.2375585349965565,0.04927083967096776,0.49527777777777776,0.05055479242403272,2,0.0,0.6200240070170131,0.024927155598397494,0.6550875392503779,0.04398432048884454,0.0,0.0,,,,,,,,,,,0,0.0
spherical,2,4,10,50,1,hgp_first_coverage,3,0.6081420750506068,0.049245085549216576,0.6073232905984982,0.049354784819670657,0.8141666666666667,0.02919046648022832,2,0.0,0.8126965702040359,0.023498474596271347,0.8776026779501944,0.019369778262737773,0.0,0.0,906,24.55605831561735,5,2.0,0.8776026779501944,0.019369778262737773,0.8776026779501944,0.019369778262737773,0.8776026779501944,0.019369778262737773,0,0.0
spherical,2,4,10,50,2,hdbscan_common,3,0.23702019506150432,0.048985185976882985,0.23722884372274405,0.04857889122563485,0.4944444444444444,0.05055479242403272,2,0.0,0.6200240070170131,0.024927155598397494,0.6547217904449933,0.04357599295442927,0.0,0.0,1199,0.0,3,0.0,0.6792201152803947,0.02093888592214234,0.6792201152803947,0.02093888592214234,0.6547217904449933,0.04357599295442927,0,0.0
spherical,2,4,10,50,2,hgp_first_coverage,3,0.6081420750506068,0.049245085549216576,0.6073232905984982,0.049354784819670657,0.8141666666666667,0.02919046648022832,2,0.0,0.8126965702040359,0.023498474596271347,0.8776026779501944,0.019369778262737773,0.0,0.0,906,24.55605831561735,5,2.0,0.8776026779501944,0.019369778262737773,0.8776026779501944,0.019369778262737773,0.8776026779501944,0.019369778262737773,0,0.0
spherical,2,4,10,100,1,hdbscan_common,3,0.23702019506150432,0.048985185976882985,0.23722884372274405,0.04857889122563485,0.4944444444444444,0.05055479242403272,2,0.0,0.6200240070170131,0.024927155598397494,0.6547217904449933,0.04357599295442927,0.0,0.0,1199,0.0,3,0.0,0.6792201152803947,0.02093888592214234,0.6792201152803947,0.02093888592214234,0.6547217904449933,0.04357599295442927,0,0.0
spherical,2,4,10,100,1,hdbscan_standard,3,0.23738114829075452,0.04970279756429562,0.2375585349965565,0.04927083967096776,0.49527777777777776,0.05055479242403272,2,0.0,0.6200240070170131,0.024927155598397494,0.6550875392503779,0.04398432048884454,0.0,0.0,,,,,,,,,,,0,0.0
spherical,2,4,10,100,1,hgp_first_coverage,3,0.6081420750506068,0.049245085549216576,0.6073232905984982,0.049354784819670657,0.8141666666666667,0.02919046648022832,2,0.0,0.8126965702040359,0.023498474596271347,0.8776026779501944,0.019369778262737773,0.0,0.0,906,24.55605831561735,3,0.0,0.8776026779501944,0.019369778262737773,0.8776026779501944,0.019369778262737773,0.8776026779501944,0.019369778262737773,0,0.0
spherical,2,4,10,100,2,hdbscan_common,3,0.23702019506150432,0.048985185976882985,0.23722884372274405,0.04857889122563485,0.4944444444444444,0.05055479242403272,2,0.0,0.6200240070170131,0.024927155598397494,0.6547217904449933,0.04357599295442927,0.0,0.0,1199,0.0,3,0.0,0.6792201152803947,0.02093888592214234,0.6792201152803947,0.02093888592214234,0.6547217904449933,0.04357599295442927,0,0.0
spherical,2,4,10,100,2,hgp_first_coverage,3,0.6081420750506068,0.049245085549216576,0.6073232905984982,0.049354784819670657,0.8141666666666667,0.02919046648022832,2,0.0,0.8126965702040359,0.023498474596271347,0.8776026779501944,0.019369778262737773,0.0,0.0,906,24.55605831561735,3,0.0,0.8776026779501944,0.019369778262737773,0.8776026779501944,0.019369778262737773,0.8776026779501944,0.019369778262737773,0,0.0
spherical,2,8,5,10,1,hdbscan_common,3,1.0,0.0,1.0,0.0,1.0,0.0,2,0.0,1.0,0.0,1.0,0.0,1.0,0.0,1199,0.0,15.666666666666666,1.1547005383792515,1.0,0.0,1.0,0.0,1.0,0.0,0,0.0
spherical,2,8,5,10,1,hdbscan_standard,3,1.0,0.0,1.0,0.0,1.0,0.0,2,0.0,1.0,0.0,1.0,0.0,1.0,0.0,,,,,,,,,,,0,0.0
spherical,2,8,5,10,1,hgp_first_coverage,3,1.0,0.0,1.0,0.0,1.0,0.0,2,0.0,1.0,0.0,1.0,0.0,1.0,0.0,940.3333333333334,12.013880860626733,55,2.0,1.0,0.0,1.0,0.0,1.0,0.0,0,0.0
spherical,2,8,5,10,2,hdbscan_common,3,1.0,0.0,1.0,0.0,1.0,0.0,2,0.0,1.0,0.0,1.0,0.0,1.0,0.0,1199,0.0,15.666666666666666,1.1547005383792515,1.0,0.0,1.0,0.0,1.0,0.0,0,0.0
spherical,2,8,5,10,2,hgp_first_coverage,3,1.0,0.0,1.0,0.0,1.0,0.0,2,0.0,1.0,0.0,1.0,0.0,1.0,0.0,940.3333333333334,12.013880860626733,55,2.0,1.0,0.0,1.0,0.0,1.0,0.0,0,0.0
spherical,2,8,5,20,1,hdbscan_common,3,1.0,0.0,1.0,0.0,1.0,0.0,2,0.0,1.0,0.0,1.0,0.0,1.0,0.0,1199,0.0,5.666666666666667,2.309401076758503,1.0,0.0,1.0,0.0,1.0,0.0,0,0.0
spherical,2,8,5,20,1,hdbscan_standard,3,1.0,0.0,1.0,0.0,1.0,0.0,2,0.0,1.0,0.0,1.0,0.0,1.0,0.0,,,,,,,,,,,0,0.0
spherical,2,8,5,20,1,hgp_first_coverage,3,1.0,0.0,1.0,0.0,1.0,0.0,2,0.0,1.0,0.0,1.0,0.0,1.0,0.0,940.3333333333334,12.013880860626733,15.666666666666666,3.0550504633038935,1.0,0.0,1.0,0.0,1.0,0.0,0,0.0
spherical,2,8,5,20,2,hdbscan_common,3,1.0,0.0,1.0,0.0,1.0,0.0,2,0.0,1.0,0.0,1.0,0.0,1.0,0.0,1199,0.0,5.666666666666667,2.309401076758503,1.0,0.0,1.0,0.0,1.0,0.0,0,0.0
spherical,2,8,5,20,2,hgp_first_coverage,3,1.0,0.0,1.0,0.0,1.0,0.0,2,0.0,1.0,0.0,1.0,0.0,1.0,0.0,940.3333333333334,12.013880860626733,15.666666666666666,3.0550504633038935,1.0,0.0,1.0,0.0,1.0,0.0,0,0.0
spherical,2,8,5,50,1,hdbscan_common,3,1.0,0.0,1.0,0.0,1.0,0.0,2,0.0,1.0,0.0,1.0,0.0,1.0,0.0,1199,0.0,3,0.0,1.0,0.0,1.0,0.0,1.0,0.0,0,0.0
spherical,2,8,5,50,1,hdbscan_standard,3,1.0,0.0,1.0,0.0,1.0,0.0,2,0.0,1.0,0.0,1.0,0.0,1.0,0.0,,,,,,,,,,,0,0.0
spherical,2,8,5,50,1,hgp_first_coverage,3,1.0,0.0,1.0,0.0,1.0,0.0,2,0.0,1.0,0.0,1.0,0.0,1.0,0.0,940.3333333333334,12.013880860626733,4.333333333333333,2.309401076758503,1.0,0.0,1.0,0.0,1.0,0.0,0,0.0
spherical,2,8,5,50,2,hdbscan_common,3,1.0,0.0,1.0,0.0,1.0,0.0,2,0.0,1.0,0.0,1.0,0.0,1.0,0.0,1199,0.0,3,0.0,1.0,0.0,1.0,0.0,1.0,0.0,0,0.0
spherical,2,8,5,50,2,hgp_first_coverage,3,1.0,0.0,1.0,0.0,1.0,0.0,2,0.0,1.0,0.0,1.0,0.0,1.0,0.0,940.3333333333334,12.013880860626733,4.333333333333333,2.309401076758503,1.0,0.0,1.0,0.0,1.0,0.0,0,0.0
spherical,2,8,5,100,1,hdbscan_common,3,1.0,0.0,1.0,0.0,1.0,0.0,2,0.0,1.0,0.0,1.0,0.0,1.0,0.0,1199,0.0,3,0.0,1.0,0.0,1.0,0.0,1.0,0.0,0,0.0
spherical,2,8,5,100,1,hdbscan_standard,3,1.0,0.0,1.0,0.0,1.0,0.0,2,0.0,1.0,0.0,1.0,0.0,1.0,0.0,,,,,,,,,,,0,0.0
spherical,2,8,5,100,1,hgp_first_coverage,3,1.0,0.0,1.0,0.0,1.0,0.0,2,0.0,1.0,0.0,1.0,0.0,1.0,0.0,940.3333333333334,12.013880860626733,3,0.0,1.0,0.0,1.0,0.0,1.0,0.0,0,0.0
spherical,2,8,5,100,2,hdbscan_common,3,1.0,0.0,1.0,0.0,1.0,0.0,2,0.0,1.0,0.0,1.0,0.0,1.0,0.0,1199,0.0,3,0.0,1.0,0.0,1.0,0.0,1.0,0.0,0,0.0
spherical,2,8,5,100,2,hgp_first_coverage,3,1.0,0.0,1.0,0.0,1.0,0.0,2,0.0,1.0,0.0,1.0,0.0,1.0,0.0,940.3333333333334,12.013880860626733,3,0.0,1.0,0.0,1.0,0.0,1.0,0.0,0,0.0
spherical,2,8,10,10,1,hdbscan_common,3,0.9994449066364444,0.0009614499086226006,0.9994449066364444,0.0009614499086226006,0.9997222222222222,0.0004811252243246992,2,0.0,0.9997222222222222,0.0004811252243246992,0.9998609952738393,0.00024076324820250557,0.8333333333333334,0.28867513459481287,1199,0.0,5.666666666666667,2.309401076758503,0.9998609952738393,0.00024076324820250557,0.9998609952738393,0.00024076324820250557,0.9998609952738393,0.00024076324820250557,0,0.0
spherical,2,8,10,10,1,hdbscan_standard,3,0.9994449066364444,0.0009614499086226006,0.9994449066364444,0.0009614499086226006,0.9997222222222222,0.0004811252243246992,2,0.0,0.9997222222222222,0.0004811252243246992,0.9998609952738393,0.00024076324820250557,0.8333333333333334,0.28867513459481287,,,,,,,,,,,0,0.0
spherical,2,8,10,10,1,hgp_first_coverage,3,1.0,0.0,1.0,0.0,1.0,0.0,2,0.0,1.0,0.0,1.0,0.0,1.0,0.0,917.3333333333334,26.764404221527766,46.333333333333336,8.32666399786453,1.0,0.0,1.0,0.0,1.0,0.0,0,0.0
spherical,2,8,10,10,2,hdbscan_common,3,0.9994449066364444,0.0009614499086226006,0.9994449066364444,0.0009614499086226006,0.9997222222222222,0.0004811252243246992,2,0.0,0.9997222222222222,0.0004811252243246992,0.9998609952738393,0.00024076324820250557,0.8333333333333334,0.28867513459481287,1199,0.0,5.666666666666667,2.309401076758503,0.9998609952738393,0.00024076324820250557,0.9998609952738393,0.00024076324820250557,0.9998609952738393,0.00024076324820250557,0,0.0
spherical,2,8,10,10,2,hgp_first_coverage,3,1.0,0.0,1.0,0.0,1.0,0.0,2,0.0,1.0,0.0,1.0,0.0,1.0,0.0,917.3333333333334,26.764404221527766,46.333333333333336,8.32666399786453,1.0,0.0,1.0,0.0,1.0,0.0,0,0.0
spherical,2,8,10,20,1,hdbscan_common,3,0.9994449066364444,0.0009614499086226006,0.9994449066364444,0.0009614499086226006,0.9997222222222222,0.0004811252243246992,2,0.0,0.9997222222222222,0.0004811252243246992,0.9998609952738393,0.00024076324820250557,0.8333333333333334,0.28867513459481287,1199,0.0,3,0.0,0.9998609952738393,0.00024076324820250557,0.9998609952738393,0.00024076324820250557,0.9998609952738393,0.00024076324820250557,0,0.0
spherical,2,8,10,20,1,hdbscan_standard,3,0.9994449066364444,0.0009614499086226006,0.9994449066364444,0.0009614499086226006,0.9997222222222222,0.0004811252243246992,2,0.0,0.9997222222222222,0.0004811252243246992,0.9998609952738393,0.00024076324820250557,0.8333333333333334,0.28867513459481287,,,,,,,,,,,0,0.0
spherical,2,8,10,20,1,hgp_first_coverage,3,1.0,0.0,1.0,0.0,1.0,0.0,2,0.0,1.0,0.0,1.0,0.0,1.0,0.0,917.3333333333334,26.764404221527766,17,6.928203230275509,1.0,0.0,1.0,0.0,1.0,0.0,0,0.0
spherical,2,8,10,20,2,hdbscan_common,3,0.9994449066364444,0.0009614499086226006,0.9994449066364444,0.0009614499086226006,0.9997222222222222,0.0004811252243246992,2,0.0,0.9997222222222222,0.0004811252243246992,0.9998609952738393,0.00024076324820250557,0.8333333333333334,0.28867513459481287,1199,0.0,3,0.0,0.9998609952738393,0.00024076324820250557,0.9998609952738393,0.00024076324820250557,0.9998609952738393,0.00024076324820250557,0,0.0
spherical,2,8,10,20,2,hgp_first_coverage,3,1.0,0.0,1.0,0.0,1.0,0.0,2,0.0,1.0,0.0,1.0,0.0,1.0,0.0,917.3333333333334,26.764404221527766,17,6.928203230275509,1.0,0.0,1.0,0.0,1.0,0.0,0,0.0
spherical,2,8,10,50,1,hdbscan_common,3,0.9994449066364444,0.0009614499086226006,0.9994449066364444,0.0009614499086226006,0.9997222222222222,0.0004811252243246992,2,0.0,0.9997222222222222,0.0004811252243246992,0.9998609952738393,0.00024076324820250557,0.8333333333333334,0.28867513459481287,1199,0.0,3,0.0,0.9998609952738393,0.00024076324820250557,0.9998609952738393,0.00024076324820250557,0.9998609952738393,0.00024076324820250557,0,0.0
spherical,2,8,10,50,1,hdbscan_standard,3,0.9994449066364444,0.0009614499086226006,0.9994449066364444,0.0009614499086226006,0.9997222222222222,0.0004811252243246992,2,0.0,0.9997222222222222,0.0004811252243246992,0.9998609952738393,0.00024076324820250557,0.8333333333333334,0.28867513459481287,,,,,,,,,,,0,0.0
spherical,2,8,10,50,1,hgp_first_coverage,3,1.0,0.0,1.0,0.0,1.0,0.0,2,0.0,1.0,0.0,1.0,0.0,1.0,0.0,917.3333333333334,26.764404221527766,5,2.0,1.0,0.0,1.0,0.0,1.0,0.0,0,0.0
spherical,2,8,10,50,2,hdbscan_common,3,0.9994449066364444,0.0009614499086226006,0.9994449066364444,0.0009614499086226006,0.9997222222222222,0.0004811252243246992,2,0.0,0.9997222222222222,0.0004811252243246992,0.9998609952738393,0.00024076324820250557,0.8333333333333334,0.28867513459481287,1199,0.0,3,0.0,0.9998609952738393,0.00024076324820250557,0.9998609952738393,0.00024076324820250557,0.9998609952738393,0.00024076324820250557,0,0.0
spherical,2,8,10,50,2,hgp_first_coverage,3,1.0,0.0,1.0,0.0,1.0,0.0,2,0.0,1.0,0.0,1.0,0.0,1.0,0.0,917.3333333333334,26.764404221527766,5,2.0,1.0,0.0,1.0,0.0,1.0,0.0,0,0.0
spherical,2,8,10,100,1,hdbscan_common,3,0.9994449066364444,0.0009614499086226006,0.9994449066364444,0.0009614499086226006,0.9997222222222222,0.0004811252243246992,2,0.0,0.9997222222222222,0.0004811252243246992,0.9998609952738393,0.00024076324820250557,0.8333333333333334,0.28867513459481287,1199,0.0,3,0.0,0.9998609952738393,0.00024076324820250557,0.9998609952738393,0.00024076324820250557,0.9998609952738393,0.00024076324820250557,0,0.0
spherical,2,8,10,100,1,hdbscan_standard,3,0.9994449066364444,0.0009614499086226006,0.9994449066364444,0.0009614499086226006,0.9997222222222222,0.0004811252243246992,2,0.0,0.9997222222222222,0.0004811252243246992,0.9998609952738393,0.00024076324820250557,0.8333333333333334,0.28867513459481287,,,,,,,,,,,0,0.0
spherical,2,8,10,100,1,hgp_first_coverage,3,1.0,0.0,1.0,0.0,1.0,0.0,2,0.0,1.0,0.0,1.0,0.0,1.0,0.0,917.3333333333334,26.764404221527766,3,0.0,1.0,0.0,1.0,0.0,1.0,0.0,0,0.0
spherical,2,8,10,100,2,hdbscan_common,3,0.9994449066364444,0.0009614499086226006,0.9994449066364444,0.0009614499086226006,0.9997222222222222,0.0004811252243246992,2,0.0,0.9997222222222222,0.0004811252243246992,0.9998609952738393,0.00024076324820250557,0.8333333333333334,0.28867513459481287,1199,0.0,3,0.0,0.9998609952738393,0.00024076324820250557,0.9998609952738393,0.00024076324820250557,0.9998609952738393,0.00024076324820250557,0,0.0
spherical,2,8,10,100,2,hgp_first_coverage,3,1.0,0.0,1.0,0.0,1.0,0.0,2,0.0,1.0,0.0,1.0,0.0,1.0,0.0,917.3333333333334,26.764404221527766,3,0.0,1.0,0.0,1.0,0.0,1.0,0.0,0,0.0
spherical,4,2,5,10,1,hdbscan_common,3,0.00505917607841689,0.0010954957707297165,0.0063352554801873835,0.0048214179051160495,0.44083333333333335,0.14291605927956455,6.666666666666667,5.686240703077327,0.25798996318522915,0.004560041504764237,0.13252530581319466,0.018676758805477818,0.0,0.0,1199,0.0,22,1.7320508075688772,0.40241230729061367,0.00028122455009641395,0.40241230729061367,0.00028122455009641395,0.32675759325016557,0.024890852694540017,0,0.0
spherical,4,2,5,10,1,hdbscan_standard,3,0.003829516254206586,0.00234525369593334,0.005488492723683697,0.006087394073652717,0.515,0.2531592055077858,6,6.082762530298219,0.25798996318522915,0.004560041504764237,0.12797740237393027,0.02058660758607739,0.0,0.0,,,,,,,,,,,0,0.0
spherical,4,2,5,10,1,hgp_first_coverage,3,0.0015552733984004257,0.0014650687265265919,0.0010358276826046699,0.000840228604962947,0.8691666666666666,0.03492054473292828,2.6666666666666665,0.5773502691896257,0.26883455732548095,0.00456538603291692,0.1331713550890138,0.015388618739298136,0.0,0.0,925.3333333333334,7.637626158259733,64.33333333333333,5.033222956847166,0.408409738613104,0.006051186173056517,0.408409738613104,0.006051186173056517,0.3969778814374794,0.009206659050185207,0,0.0
spherical,4,2,5,10,2,hdbscan_common,3,0.00505917607841689,0.0010954957707297165,0.0063352554801873835,0.0048214179051160495,0.44083333333333335,0.14291605927956455,6.666666666666667,5.686240703077327,0.25798996318522915,0.004560041504764237,0.13252530581319466,0.018676758805477818,0.0,0.0,1199,0.0,22,1.7320508075688772,0.40241230729061367,0.00028122455009641395,0.40241230729061367,0.00028122455009641395,0.32675759325016557,0.024890852694540017,0,0.0
spherical,4,2,5,10,2,hgp_first_coverage,3,0.009928193324176094,0.002146814190215969,0.015394110759723877,0.0034343755124778973,0.46194444444444444,0.03736395073884472,32,1.7320508075688772,0.26883455732548095,0.00456538603291692,0.12920901750412603,0.011597164980120946,0.0,0.0,925.3333333333334,7.637626158259733,64.33333333333333,5.033222956847166,0.408409738613104,0.006051186173056517,0.408409738613104,0.006051186173056517,0.3969778814374794,0.009206659050185207,0,0.0
spherical,4,2,5,20,1,hdbscan_common,3,0.0033271970176506514,0.003344160059836707,0.0062313742196815234,0.00756800766953002,0.225,0.015833333333333338,3.6666666666666665,2.0816659994661326,0.25798996318522915,0.004560041504764237,0.1349941950765888,0.054180114423818704,0.0,0.0,1199,0.0,7,3.4641016151377544,0.40241230729061367,0.00028122455009641395,0.40241230729061367,0.00028122455009641395,0.23168184486274204,0.030397869362682035,0,0.0
spherical,4,2,5,20,1,hdbscan_standard,3,0.0034115899679517244,0.0033957772192581026,0.006275485219066251,0.007663152215330057,0.22666666666666668,0.01626601774661928,3.6666666666666665,2.0816659994661326,0.25798996318522915,0.004560041504764237,0.13527247685954888,0.05489034317768114,0.0,0.0,,,,,,,,,,,0,0.0
spherical,4,2,5,20,1,hgp_first_coverage,3,0.005928856576706954,0.002686445538454968,0.007583445769389237,0.005369964086014043,0.49277777777777776,0.18173036599843714,3,1.7320508075688772,0.26883455732548095,0.00456538603291692,0.15612914676687387,0.04322341191460238,0.0,0.0,925.3333333333334,7.637626158259733,17.666666666666668,2.309401076758503,0.408409738613104,0.006051186173056517,0.408409738613104,0.006051186173056517,0.33115899399306653,0.03459037575963687,0,0.0
spherical,4,2,5,20,2,hdbscan_common,3,0.0033271970176506514,0.003344160059836707,0.0062313742196815234,0.00756800766953002,0.225,0.015833333333333338,3.6666666666666665,2.0816659994661326,0.25798996318522915,0.004560041504764237,0.1349941950765888,0.054180114423818704,0.0,0.0,1199,0.0,7,3.4641016151377544,0.40241230729061367,0.00028122455009641395,0.40241230729061367,0.00028122455009641395,0.23168184486274204,0.030397869362682035,0,0.0
spherical,4,2,5,20,2,hgp_first_coverage,3,0.005928856576706954,0.002686445538454968,0.007583445769389237,0.005369964086014043,0.49277777777777776,0.18173036599843714,3,1.7320508075688772,0.26883455732548095,0.00456538603291692,0.15612914676687387,0.04322341191460238,0.0,0.0,925.3333333333334,7.637626158259733,17.666666666666668,2.309401076758503,0.408409738613104,0.006051186173056517,0.408409738613104,0.006051186173056517,0.33115899399306653,0.03459037575963687,0,0.0
spherical,4,2,5,50,1,hdbscan_common,3,0.004888387167413617,0.00689329009439905,0.00824417058781972,0.012254950009172504,0.15472222222222223,0.1443720438209456,1.6666666666666667,1.5275252316519468,0.25798996318522915,0.004560041504764237,0.09688140133548116,0.09681135752892547,0.0,0.0,1199,0.0,3.6666666666666665,3.0550504633038935,0.40241230729061367,0.00028122455009641395,0.40241230729061367,0.00028122455009641395,0.1467010450045416,0.13515450049442032,0,0.0
spherical,4,2,5,50,1,hdbscan_standard,3,0.004834064369677695,0.006787719702921511,0.00814704269509016,0.012076620460856025,0.15555555555555556,0.14519702450782496,1.6666666666666667,1.5275252316519468,0.25798996318522915,0.004560041504764237,0.09673761067872688,0.09665474404099467,0.0,0.0,,,,,,,,,,,0,0.0
spherical,4,2,5,50,1,hgp_first_coverage,3,0.009655151752929768,0.00397586556563531,0.015331836825904808,0.006169813495619847,0.31027777777777776,0.025060112913936738,3.3333333333333335,1.1547005383792515,0.26883455732548095,0.00456538603291692,0.17533988233867234,0.03406533127419955,0.0,0.0,925.3333333333334,7.637626158259733,6.333333333333333,3.0550504633038935,0.408409738613104,0.006051186173056517,0.408409738613104,0.006051186173056517,0.28082973309666937,0.03486069139823617,0,0.0
spherical,4,2,5,50,2,hdbscan_common,3,0.004888387167413617,0.00689329009439905,0.00824417058781972,0.012254950009172504,0.15472222222222223,0.1443720438209456,1.6666666666666667,1.5275252316519468,0.25798996318522915,0.004560041504764237,0.09688140133548116,0.09681135752892547,0.0,0.0,1199,0.0,3.6666666666666665,3.0550504633038935,0.40241230729061367,0.00028122455009641395,0.40241230729061367,0.00028122455009641395,0.1467010450045416,0.13515450049442032,0,0.0
spherical,4,2,5,50,2,hgp_first_coverage,3,0.009655151752929768,0.00397586556563531,0.015331836825904808,0.006169813495619847,0.31027777777777776,0.025060112913936738,3.3333333333333335,1.1547005383792515,0.26883455732548095,0.00456538603291692,0.17533988233867234,0.03406533127419955,0.0,0.0,925.3333333333334,7.637626158259733,6.333333333333333,3.0550504633038935,0.408409738613104,0.006051186173056517,0.408409738613104,0.006051186173056517,0.28082973309666937,0.03486069139823617,0,0.0
spherical,4,2,5,100,1,hdbscan_common,3,0.0043845098216931935,0.007594193777457369,0.006390558526465737,0.011068772056581154,0.08055555555555556,0.13952631505415955,0.6666666666666666,1.1547005383792515,0.25798996318522915,0.004560041504764237,0.04801583062452628,0.08316585820930118,0.0,0.0,1199,0.0,1.6666666666666667,1.1547005383792515,0.40241230729061367,0.00028122455009641395,0.40241230729061367,0.00028122455009641395,0.08182377747595139,0.1417229398555577,0,0.0
spherical,4,2,5,100,1,hdbscan_standard,3,0.004363445677886014,0.0075577096101653975,0.006322330225117568,0.010950597172132006,0.08083333333333333,0.14000744027848425,0.6666666666666666,1.1547005383792515,0.25798996318522915,0.004560041504764237,0.04795808204899114,0.08306583474240958,0.0,0.0,,,,,,,,,,,0,0.0
spherical,4,2,5,100,1,hgp_first_coverage,3,0.002166232026248855,0.003752023930445894,0.004049857607995891,0.007014559140468246,0.09916666666666667,0.17176170508391367,0.6666666666666666,1.1547005383792515,0.26883455732548095,0.00456538603291692,0.04559984285153041,0.07898124463600714,0.0,0.0,925.3333333333334,7.637626158259733,1.6666666666666667,1.1547005383792515,0.408409738613104,0.006051186173056517,0.408409738613104,0.006051186173056517,0.08390255009107468,0.14532347964233408,0,0.0
spherical,4,2,5,100,2,hdbscan_common,3,0.0043845098216931935,0.007594193777457369,0.006390558526465737,0.011068772056581154,0.08055555555555556,0.13952631505415955,0.6666666666666666,1.1547005383792515,0.25798996318522915,0.004560041504764237,0.04801583062452628,0.08316585820930118,0.0,0.0,1199,0.0,1.6666666666666667,1.1547005383792515,0.40241230729061367,0.00028122455009641395,0.40241230729061367,0.00028122455009641395,0.08182377747595139,0.1417229398555577,0,0.0
spherical,4,2,5,100,2,hgp_first_coverage,3,0.002166232026248855,0.003752023930445894,0.004049857607995891,0.007014559140468246,0.09916666666666667,0.17176170508391367,0.6666666666666666,1.1547005383792515,0.26883455732548095,0.00456538603291692,0.04559984285153041,0.07898124463600714,0.0,0.0,925.3333333333334,7.637626158259733,1.6666666666666667,1.1547005383792515,0.408409738613104,0.006051186173056517,0.408409738613104,0.006051186173056517,0.08390255009107468,0.14532347964233408,0,0.0
spherical,4,2,10,10,1,hdbscan_common,3,0.0013684845166269187,0.0014601266306293,0.0020388448228202535,0.0010137752537367492,0.185,0.13138947615560556,2.6666666666666665,0.5773502691896257,0.25395500914681474,0.001260320979217866,0.08622680660134849,0.01613947494201964,0.0,0.0,1199,0.0,7.666666666666667,3.0550504633038935,0.4026787192914369,0.0008915329258883142,0.4026787192914369,0.0008915329258883142,0.19798178840300062,0.07607799263700242,0,0.0
spherical,4,2,10,10,1,hdbscan_standard,3,0.001432407671084979,0.0014197401882947124,0.0021795610089081676,0.0009635599804084197,0.18694444444444447,0.13042753770807985,2.6666666666666665,0.5773502691896257,0.25395500914681474,0.001260320979217866,0.0885748384360217,0.015484019122243115,0.0,0.0,,,,,,,,,,,0,0.0
spherical,4,2,10,10,1,hgp_first_coverage,3,0.008080322725827893,0.006851191506335403,0.011218216514738059,0.011114283844714289,0.5663888888888888,0.2533008933908299,17.333333333333332,13.316656236958785,0.27121207072802495,0.008129868647615423,0.13724815931180828,0.031016336677561873,0.0,0.0,888.6666666666666,11.930353445448853,51.666666666666664,2.309401076758503,0.4094500322951438,0.004731744735729198,0.4094500322951438,0.004731744735729198,0.38718179855589113,0.007985643982597572,0,0.0
spherical,4,2,10,10,2,hdbscan_common,3,0.0013684845166269187,0.0014601266306293,0.0020388448228202535,0.0010137752537367492,0.185,0.13138947615560556,2.6666666666666665,0.5773502691896257,0.25395500914681474,0.001260320979217866,0.08622680660134849,0.01613947494201964,0.0,0.0,1199,0.0,7.666666666666667,3.0550504633038935,0.4026787192914369,0.0008915329258883142,0.4026787192914369,0.0008915329258883142,0.19798178840300062,0.07607799263700242,0,0.0
spherical,4,2,10,10,2,hgp_first_coverage,3,0.009965722427029361,0.0033624100826099893,0.0146108199638277,0.004488289185694028,0.41555555555555557,0.012945755775256699,25.666666666666668,0.5773502691896257,0.27121207072802495,0.008129868647615423,0.13166592105433766,0.017723978172651245,0.0,0.0,888.6666666666666,11.930353445448853,51.666666666666664,2.309401076758503,0.4094500322951438,0.004731744735729198,0.4094500322951438,0.004731744735729198,0.38718179855589113,0.007985643982597572,0,0.0
spherical,4,2,10,20,1,hdbscan_common,3,0.0012638758388134916,0.0017870716676907175,0.0029809226121638253,0.003861032246434205,0.09361111111111112,0.08574159066853361,2,1.7320508075688772,0.25395500914681474,0.001260320979217866,0.06744940168467478,0.06394404186377596,0.0,0.0,1199,0.0,3.6666666666666665,2.309401076758503,0.4026787192914369,0.0008915329258883142,0.4026787192914369,0.0008915329258883142,0.10991757054828331,0.09863763704037314,0,0.0
spherical,4,2,10,20,1,hdbscan_standard,3,0.001318910113434117,0.0017954943917478541,0.003131635174222178,0.00393910325662301,0.09472222222222222,0.08638710251815071,2,1.7320508075688772,0.25395500914681474,0.001260320979217866,0.0687139861083897,0.06469371476029173,0.0,0.0,,,,,,,,,,,0,0.0
spherical,4,2,10,20,1,hgp_first_coverage,3,0.012119348443509823,0.008552990547267688,0.01420347001259801,0.015252752374545294,0.5377777777777778,0.14849788001978467,5.666666666666667,3.7859388972001824,0.27121207072802495,0.008129868647615423,0.17479783781413413,0.040164937692103414,0.0,0.0,888.6666666666666,11.930353445448853,20.333333333333332,1.1547005383792515,0.4094500322951438,0.004731744735729198,0.4094500322951438,0.004731744735729198,0.3765822906766688,0.01937246182437272,0,0.0
spherical,4,2,10,20,2,hdbscan_common,3,0.0012638758388134916,0.0017870716676907175,0.0029809226121638253,0.003861032246434205,0.09361111111111112,0.08574159066853361,2,1.7320508075688772,0.25395500914681474,0.001260320979217866,0.06744940168467478,0.06394404186377596,0.0,0.0,1199,0.0,3.6666666666666665,2.309401076758503,0.4026787192914369,0.0008915329258883142,0.4026787192914369,0.0008915329258883142,0.10991757054828331,0.09863763704037314,0,0.0
spherical,4,2,10,20,2,hgp_first_coverage,3,0.012119348443509823,0.008552990547267688,0.01420347001259801,0.015252752374545294,0.5377777777777778,0.14849788001978467,5.666666666666667,3.7859388972001824,0.27121207072802495,0.008129868647615423,0.17479783781413413,0.040164937692103414,0.0,0.0,888.6666666666666,11.930353445448853,20.333333333333332,1.1547005383792515,0.4094500322951438,0.004731744735729198,0.4094500322951438,0.004731744735729198,0.3765822906766688,0.01937246182437272,0,0.0
spherical,4,2,10,50,1,hdbscan_common,3,0.0009553638295572275,0.001654738692506691,0.0020816287834386723,0.0036054868154135724,0.04638888888888889,0.08034791246222292,0.6666666666666666,1.1547005383792515,0.25395500914681474,0.001260320979217866,0.0329435922652789,0.05705997558729613,0.0,0.0,1199,0.0,1.6666666666666667,1.1547005383792515,0.4026787192914369,0.0008915329258883142,0.4026787192914369,0.0008915329258883142,0.057393470015890145,0.09940840609020267,0,0.0
spherical,4,2,10,50,1,hdbscan_standard,3,0.0009843949038506607,0.001705021988181224,0.0021523880747829328,0.0037280455031293994,0.04666666666666667,0.08082903768654762,0.6666666666666666,1.1547005383792515,0.25395500914681474,0.001260320979217866,0.0333637537940444,0.057787716702503794,0.0,0.0,,,,,,,,,,,0,0.0
spherical,4,2,10,50,1,hgp_first_coverage,3,0.018842353254405107,0.015893958475828356,0.02703413573098752,0.02105128007327202,0.39,0.0378318648760539,3.6666666666666665,1.5275252316519468,0.27121207072802495,0.008129868647615423,0.21341628001618382,0.06073722633217045,0.0,0.0,888.6666666666666,11.930353445448853,6.333333333333333,3.0550504633038935,0.4094500322951438,0.004731744735729198,0.4094500322951438,0.004731744735729198,0.31034364355319677,0.031145127842007094,0,0.0
spherical,4,2,10,50,2,hdbscan_common,3,0.0009553638295572275,0.001654738692506691,0.0020816287834386723,0.0036054868154135724,0.04638888888888889,0.08034791246222292,0.6666666666666666,1.1547005383792515,0.25395500914681474,0.001260320979217866,0.0329435922652789,0.05705997558729613,0.0,0.0,1199,0.0,1.6666666666666667,1.1547005383792515,0.4026787192914369,0.0008915329258883142,0.4026787192914369,0.0008915329258883142,0.057393470015890145,0.09940840609020267,0,0.0
spherical,4,2,10,50,2,hgp_first_coverage,3,0.018842353254405107,0.015893958475828356,0.02703413573098752,0.02105128007327202,0.39,0.0378318648760539,3.6666666666666665,1.5275252316519468,0.27121207072802495,0.008129868647615423,0.21341628001618382,0.06073722633217045,0.0,0.0,888.6666666666666,11.930353445448853,6.333333333333333,3.0550504633038935,0.4094500322951438,0.004731744735729198,0.4094500322951438,0.004731744735729198,0.31034364355319677,0.031145127842007094,0,0.0
spherical,4,2,10,100,1,hdbscan_common,3,0.0,0.0,0.0,0.0,0.0,0.0,0,0.0,0.25395500914681474,0.001260320979217866,0.0,0.0,0.0,0.0,1199,0.0,1,0.0,0.4026787192914369,0.0008915329258883142,0.4026787192914369,0.0008915329258883142,0.0,0.0,0,0.0
spherical,4,2,10,100,1,hdbscan_standard,3,0.0,0.0,0.0,0.0,0.0,0.0,0,0.0,0.25395500914681474,0.001260320979217866,0.0,0.0,0.0,0.0,,,,,,,,,,,0,0.0
spherical,4,2,10,100,1,hgp_first_coverage,3,0.01481648745547129,0.016564430389555032,0.020221610631900866,0.02125740639951886,0.22777777777777777,0.19978692353308516,1.3333333333333333,1.1547005383792515,0.27121207072802495,0.008129868647615423,0.11926660824089512,0.10435859744546477,0.0,0.0,888.6666666666666,11.930353445448853,2.3333333333333335,1.1547005383792515,0.4094500322951438,0.004731744735729198,0.4094500322951438,0.004731744735729198,0.19572960102687972,0.16952879826883513,0,0.0
spherical,4,2,10,100,2,hdbscan_common,3,0.0,0.0,0.0,0.0,0.0,0.0,0,0.0,0.25395500914681474,0.001260320979217866,0.0,0.0,0.0,0.0,1199,0.0,1,0.0,0.4026787192914369,0.0008915329258883142,0.4026787192914369,0.0008915329258883142,0.0,0.0,0,0.0
spherical,4,2,10,100,2,hgp_first_coverage,3,0.01481648745547129,0.016564430389555032,0.020221610631900866,0.02125740639951886,0.22777777777777777,0.19978692353308516,1.3333333333333333,1.1547005383792515,0.27121207072802495,0.008129868647615423,0.11926660824089512,0.10435859744546477,0.0,0.0,888.6666666666666,11.930353445448853,2.3333333333333335,1.1547005383792515,0.4094500322951438,0.004731744735729198,0.4094500322951438,0.004731744735729198,0.19572960102687972,0.16952879826883513,0,0.0
spherical,4,4,5,10,1,hdbscan_common,3,0.1754757247407605,0.04287443812179436,0.20255227367354214,0.04891392790399185,0.6330555555555556,0.1576571820027145,4.666666666666667,3.0550504633038935,0.4881931171890993,0.03070324736505222,0.3733000686093829,0.16419991713372142,0.0,0.0,1199,0.0,21.666666666666668,3.0550504633038935,0.6800795535080852,0.030343644560073314,0.6800795535080852,0.030343644560073314,0.6800795535080852,0.030343644560073314,0,0.0
spherical,4,4,5,10,1,hdbscan_standard,3,0.17566959156713835,0.04220212166416113,0.20272696996320472,0.04977315058171771,0.6366666666666666,0.15419369132504882,4.666666666666667,3.0550504633038935,0.4881931171890993,0.03070324736505222,0.37367308966314505,0.1653216811823211,0.0,0.0,,,,,,,,,,,0,0.0
spherical,4,4,5,10,1,hgp_first_coverage,3,0.33213082620463075,0.16855231640656748,0.3729630664877771,0.15874786821637843,0.6738888888888889,0.09481097178264956,17.666666666666668,7.023769168568492,0.6764170928288787,0.02034181715873723,0.5963488258383678,0.17345630237089013,0.0,0.0,938,20.663978319771825,57,7.211102550927978,0.8348998402772153,0.010268657455037914,0.8348998402772153,0.010268657455037914,0.834771564039791,0.010349548584211976,0,0.0
spherical,4,4,5,10,2,hdbscan_common,3,0.20178919524194666,0.1244014479027968,0.24700032114518683,0.15329429000433786,0.5563888888888889,0.13248777022525235,5.666666666666667,2.8867513459481287,0.4881931171890993,0.03070324736505222,0.48098807543735506,0.2403000352734405,0.0,0.0,1199,0.0,21.666666666666668,3.0550504633038935,0.6800795535080852,0.030343644560073314,0.6800795535080852,0.030343644560073314,0.6800795535080852,0.030343644560073314,0,0.0
spherical,4,4,5,10,2,hgp_first_coverage,3,0.33213082620463075,0.16855231640656748,0.3729630664877771,0.15874786821637843,0.6738888888888889,0.09481097178264956,17.666666666666668,7.023769168568492,0.6764170928288787,0.02034181715873723,0.5963488258383678,0.17345630237089013,0.0,0.0,938,20.663978319771825,57,7.211102550927978,0.8348998402772153,0.010268657455037914,0.8348998402772153,0.010268657455037914,0.834771564039791,0.010349548584211976,0,0.0
spherical,4,4,5,20,1,hdbscan_common,3,0.214585138031783,0.008793165195074275,0.2536991248354405,0.037604890358166394,0.6713888888888889,0.15573823598637607,3,1.7320508075688772,0.4881931171890993,0.03070324736505222,0.4259295728112142,0.17137889230430636,0.0,0.0,1199,0.0,9.666666666666666,1.1547005383792515,0.6800795535080852,0.030343644560073314,0.6800795535080852,0.030343644560073314,0.6800795535080852,0.030343644560073314,0,0.0
spherical,4,4,5,20,1,hdbscan_standard,3,0.20098457264404873,0.02933268342325842,0.23798044478517852,0.013139343616377776,0.6666666666666666,0.16606349187384123,3.3333333333333335,2.309401076758503,0.4881931171890993,0.03070324736505222,0.41440067807506503,0.15197270546950262,0.0,0.0,,,,,,,,,,,0,0.0
spherical,4,4,5,20,1,hgp_first_coverage,3,0.5547418488754059,0.061275081075021616,0.5915697710493666,0.056325758012379365,0.7572222222222222,0.042084020896473485,4.666666666666667,0.5773502691896257,0.6764170928288787,0.02034181715873723,0.809223699440571,0.04110190179232313,0.0,0.0,938,20.663978319771825,18.333333333333332,2.309401076758503,0.8348998402772153,0.010268657455037914,0.8348998402772153,0.010268657455037914,0.834771564039791,0.010349548584211976,0,0.0
spherical,4,4,5,20,2,hdbscan_common,3,0.25387289599796786,0.0765918002755919,0.3153400893629848,0.10005965601388957,0.6102777777777778,0.13412870408402247,3.6666666666666665,1.5275252316519468,0.4881931171890993,0.03070324736505222,0.5530493563092703,0.20514062192646607,0.0,0.0,1199,0.0,9.666666666666666,1.1547005383792515,0.6800795535080852,0.030343644560073314,0.6800795535080852,0.030343644560073314,0.6800795535080852,0.030343644560073314,0,0.0
spherical,4,4,5,20,2,hgp_first_coverage,3,0.5265865689616298,0.10359923842278486,0.5641591140891326,0.09910473553220706,0.7447222222222222,0.06183161123687583,5.333333333333333,1.5275252316519468,0.6764170928288787,0.02034181715873723,0.7859421206103245,0.07993600145488255,0.0,0.0,938,20.663978319771825,18.333333333333332,2.309401076758503,0.8348998402772153,0.010268657455037914,0.8348998402772153,0.010268657455037914,0.834771564039791,0.010349548584211976,0,0.0
spherical,4,4,5,50,1,hdbscan_common,3,0.22875730526439916,0.019418730100020133,0.26956543590859355,0.06486413863136858,0.6838888888888889,0.13410281434337917,2.6666666666666665,1.1547005383792515,0.4881931171890993,0.03070324736505222,0.44217676010677637,0.19950907724658914,0.0,0.0,1199,0.0,7,0.0,0.6800795535080852,0.030343644560073314,0.6800795535080852,0.030343644560073314,0.6800795535080852,0.030343644560073314,0,0.0
spherical,4,4,5,50,1,hdbscan_standard,3,0.2285793338150626,0.02033837192454805,0.2693013281985155,0.06590690356444978,0.6849999999999999,0.13432702632009683,2.6666666666666665,1.1547005383792515,0.4881931171890993,0.03070324736505222,0.44221970487138296,0.2001366143151289,0.0,0.0,,,,,,,,,,,0,0.0
spherical,4,4,5,50,1,hgp_first_coverage,3,0.5845104198768735,0.03197613267365807,0.6218859960792276,0.02470701329865773,0.7797222222222222,0.02097176232019656,4,0.0,0.6764170928288787,0.02034181715873723,0.834771564039791,0.010349548584211976,0.0,0.0,938,20.663978319771825,7,0.0,0.8348998402772153,0.010268657455037914,0.8348998402772153,0.010268657455037914,0.834771564039791,0.010349548584211976,0,0.0
spherical,4,4,5,50,2,hdbscan_common,3,0.26804506323058397,0.06704993039319106,0.3312064004361379,0.09935350677770742,0.6227777777777778,0.11836951715958206,3.3333333333333335,1.1547005383792515,0.4881931171890993,0.03070324736505222,0.5692965436048325,0.21522036415339282,0.0,0.0,1199,0.0,7,0.0,0.6800795535080852,0.030343644560073314,0.6800795535080852,0.030343644560073314,0.6800795535080852,0.030343644560073314,0,0.0
spherical,4,4,5,50,2,hgp_first_coverage,3,0.5845104198768735,0.03197613267365807,0.6218859960792276,0.02470701329865773,0.7797222222222222,0.02097176232019656,4,0.0,0.6764170928288787,0.02034181715873723,0.834771564039791,0.010349548584211976,0.0,0.0,938,20.663978319771825,7,0.0,0.8348998402772153,0.010268657455037914,0.8348998402772153,0.010268657455037914,0.834771564039791,0.010349548584211976,0,0.0
spherical,4,4,5,100,1,hdbscan_common,3,0.22875730526439916,0.019418730100020133,0.26956543590859355,0.06486413863136858,0.6838888888888889,0.13410281434337917,2.6666666666666665,1.1547005383792515,0.4881931171890993,0.03070324736505222,0.44217676010677637,0.19950907724658914,0.0,0.0,1199,0.0,7,0.0,0.6800795535080852,0.030343644560073314,0.6800795535080852,0.030343644560073314,0.6800795535080852,0.030343644560073314,0,0.0
spherical,4,4,5,100,1,hdbscan_standard,3,0.2285793338150626,0.02033837192454805,0.2693013281985155,0.06590690356444978,0.6849999999999999,0.13432702632009683,2.6666666666666665,1.1547005383792515,0.4881931171890993,0.03070324736505222,0.44221970487138296,0.2001366143151289,0.0,0.0,,,,,,,,,,,0,0.0
spherical,4,4,5,100,1,hgp_first_coverage,3,0.5845104198768735,0.03197613267365807,0.6218859960792276,0.02470701329865773,0.7797222222222222,0.02097176232019656,4,0.0,0.6764170928288787,0.02034181715873723,0.834771564039791,0.010349548584211976,0.0,0.0,938,20.663978319771825,7,0.0,0.8348998402772153,0.010268657455037914,0.8348998402772153,0.010268657455037914,0.834771564039791,0.010349548584211976,0,0.0
spherical,4,4,5,100,2,hdbscan_common,3,0.22875730526439916,0.019418730100020133,0.26956543590859355,0.06486413863136858,0.6838888888888889,0.13410281434337917,2.6666666666666665,1.1547005383792515,0.4881931171890993,0.03070324736505222,0.44217676010677637,0.19950907724658914,0.0,0.0,1199,0.0,7,0.0,0.6800795535080852,0.030343644560073314,0.6800795535080852,0.030343644560073314,0.6800795535080852,0.030343644560073314,0,0.0
spherical,4,4,5,100,2,hgp_first_coverage,3,0.5845104198768735,0.03197613267365807,0.6218859960792276,0.02470701329865773,0.7797222222222222,0.02097176232019656,4,0.0,0.6764170928288787,0.02034181715873723,0.834771564039791,0.010349548584211976,0.0,0.0,938,20.663978319771825,7,0.0,0.8348998402772153,0.010268657455037914,0.8348998402772153,0.010268657455037914,0.834771564039791,0.010349548584211976,0,0.0
spherical,4,4,10,10,1,hdbscan_common,3,0.23757589080277938,0.12230405781466536,0.3238671611278566,0.11987212515763332,0.5008333333333334,0.10357163382574078,4.666666666666667,0.5773502691896257,0.4579017089580856,0.0734622246268035,0.6418107206976514,0.09033843749426156,0.0,0.0,1199,0.0,11.666666666666666,1.1547005383792515,0.6685623484065135,0.06969214265739151,0.6685623484065135,0.06969214265739151,0.66844216317409,0.06984067343139876,0,0.0
spherical,4,4,10,10,1,hdbscan_standard,3,0.239145279587875,0.12262718580714482,0.3254370755846561,0.11968985825266104,0.5033333333333334,0.10357163382574082,4.666666666666667,0.5773502691896257,0.4579017089580856,0.0734622246268035,0.6430654625556137,0.09001445566974345,0.0,0.0,,,,,,,,,,,0,0.0
spherical,4,4,10,10,1,hgp_first_coverage,3,0.4160809309583997,0.23735268844473792,0.43679245219388496,0.23612871544937725,0.8116666666666666,0.14363582422223223,8.333333333333334,8.504900548115382,0.7332193114068423,0.023245804050877596,0.5906975863385153,0.26703483268883127,0.0,0.0,909,24.24871130596428,45,2.0,0.8718108165655182,0.014990857719702785,0.8718108165655182,0.014990857719702785,0.871336735156236,0.014787806827089491,0,0.0
spherical,4,4,10,10,2,hdbscan_common,3,0.23757589080277938,0.12230405781466536,0.3238671611278566,0.11987212515763332,0.5008333333333334,0.10357163382574078,4.666666666666667,0.5773502691896257,0.4579017089580856,0.0734622246268035,0.6418107206976514,0.09033843749426156,0.0,0.0,1199,0.0,11.666666666666666,1.1547005383792515,0.6685623484065135,0.06969214265739151,0.6685623484065135,0.06969214265739151,0.66844216317409,0.06984067343139876,0,0.0
spherical,4,4,10,10,2,hgp_first_coverage,3,0.40762342771275994,0.24524937173331934,0.44710372252300057,0.22605020637337214,0.7063888888888888,0.1383467195665109,13,7.0,0.7332193114068423,0.023245804050877596,0.6583969368713487,0.19096408368945034,0.0,0.0,909,24.24871130596428,45,2.0,0.8718108165655182,0.014990857719702785,0.8718108165655182,0.014990857719702785,0.871336735156236,0.014787806827089491,0,0.0
spherical,4,4,10,20,1,hdbscan_common,3,0.25403494923808706,0.10891448238450356,0.3459441868016847,0.1023794773289738,0.5205555555555555,0.08880508202007695,4,0.0,0.4579017089580856,0.0734622246268035,0.66844216317409,0.06984067343139876,0.0,0.0,1199,0.0,7,0.0,0.6685623484065135,0.06969214265739151,0.6685623484065135,0.06969214265739151,0.66844216317409,0.06984067343139876,0,0.0
spherical,4,4,10,20,1,hdbscan_standard,3,0.2554528295574432,0.10940483159259669,0.34718108930606895,0.1024564809394266,0.5225,0.08927174493894724,4,0.0,0.4579017089580856,0.0734622246268035,0.6694140013761527,0.06959332752887018,0.0,0.0,,,,,,,,,,,0,0.0
spherical,4,4,10,20,1,hgp_first_coverage,3,0.5218498768947524,0.2246563446132722,0.537664366324501,0.23457004597772885,0.8655555555555555,0.058460179546359486,3.6666666666666665,1.5275252316519468,0.7332193114068423,0.023245804050877596,0.6859848480050937,0.2917985036659723,0.0,0.0,909,24.24871130596428,19,3.4641016151377544,0.8718108165655182,0.014990857719702785,0.8718108165655182,0.014990857719702785,0.871336735156236,0.014787806827089491,0,0.0
spherical,4,4,10,20,2,hdbscan_common,3,0.25403494923808706,0.10891448238450356,0.3459441868016847,0.1023794773289738,0.5205555555555555,0.08880508202007695,4,0.0,0.4579017089580856,0.0734622246268035,0.66844216317409,0.06984067343139876,0.0,0.0,1199,0.0,7,0.0,0.6685623484065135,0.06969214265739151,0.6685623484065135,0.06969214265739151,0.66844216317409,0.06984067343139876,0,0.0
spherical,4,4,10,20,2,hgp_first_coverage,3,0.613790338081865,0.08695182081943623,0.6411475476739757,0.07671073898102002,0.8161111111111111,0.049281880074766866,5.333333333333333,1.5275252316519468,0.7332193114068423,0.023245804050877596,0.8332547450381199,0.04911841939722533,0.0,0.0,909,24.24871130596428,19,3.4641016151377544,0.8718108165655182,0.014990857719702785,0.8718108165655182,0.014990857719702785,0.871336735156236,0.014787806827089491,0,0.0
spherical,4,4,10,50,1,hdbscan_common,3,0.25403494923808706,0.10891448238450356,0.3459441868016847,0.1023794773289738,0.5205555555555555,0.08880508202007695,4,0.0,0.4579017089580856,0.0734622246268035,0.66844216317409,0.06984067343139876,0.0,0.0,1199,0.0,7,0.0,0.6685623484065135,0.06969214265739151,0.6685623484065135,0.06969214265739151,0.66844216317409,0.06984067343139876,0,0.0
spherical,4,4,10,50,1,hdbscan_standard,3,0.2554528295574432,0.10940483159259669,0.34718108930606895,0.1024564809394266,0.5225,0.08927174493894724,4,0.0,0.4579017089580856,0.0734622246268035,0.6694140013761527,0.06959332752887018,0.0,0.0,,,,,,,,,,,0,0.0
spherical,4,4,10,50,1,hgp_first_coverage,3,0.669209182307394,0.03826049723174833,0.6924094596772403,0.03233564317178264,0.8433333333333334,0.024037008503093246,4,0.0,0.7332193114068423,0.023245804050877596,0.871336735156236,0.014787806827089491,0.0,0.0,909,24.24871130596428,7.666666666666667,1.1547005383792515,0.8718108165655182,0.014990857719702785,0.8718108165655182,0.014990857719702785,0.871336735156236,0.014787806827089491,0,0.0
spherical,4,4,10,50,2,hdbscan_common,3,0.25403494923808706,0.10891448238450356,0.3459441868016847,0.1023794773289738,0.5205555555555555,0.08880508202007695,4,0.0,0.4579017089580856,0.0734622246268035,0.66844216317409,0.06984067343139876,0.0,0.0,1199,0.0,7,0.0,0.6685623484065135,0.06969214265739151,0.6685623484065135,0.06969214265739151,0.66844216317409,0.06984067343139876,0,0.0
spherical,4,4,10,50,2,hgp_first_coverage,3,0.669209182307394,0.03826049723174833,0.6924094596772403,0.03233564317178264,0.8433333333333334,0.024037008503093246,4,0.0,0.7332193114068423,0.023245804050877596,0.871336735156236,0.014787806827089491,0.0,0.0,909,24.24871130596428,7.666666666666667,1.1547005383792515,0.8718108165655182,0.014990857719702785,0.8718108165655182,0.014990857719702785,0.871336735156236,0.014787806827089491,0,0.0
spherical,4,4,10,100,1,hdbscan_common,3,0.25403494923808706,0.10891448238450356,0.3459441868016847,0.1023794773289738,0.5205555555555555,0.08880508202007695,4,0.0,0.4579017089580856,0.0734622246268035,0.66844216317409,0.06984067343139876,0.0,0.0,1199,0.0,7,0.0,0.6685623484065135,0.06969214265739151,0.6685623484065135,0.06969214265739151,0.66844216317409,0.06984067343139876,0,0.0
spherical,4,4,10,100,1,hdbscan_standard,3,0.2554528295574432,0.10940483159259669,0.34718108930606895,0.1024564809394266,0.5225,0.08927174493894724,4,0.0,0.4579017089580856,0.0734622246268035,0.6694140013761527,0.06959332752887018,0.0,0.0,,,,,,,,,,,0,0.0
spherical,4,4,10,100,1,hgp_first_coverage,3,0.669209182307394,0.03826049723174833,0.6924094596772403,0.03233564317178264,0.8433333333333334,0.024037008503093246,4,0.0,0.7332193114068423,0.023245804050877596,0.871336735156236,0.014787806827089491,0.0,0.0,909,24.24871130596428,7,0.0,0.8718108165655182,0.014990857719702785,0.8718108165655182,0.014990857719702785,0.871336735156236,0.014787806827089491,0,0.0
spherical,4,4,10,100,2,hdbscan_common,3,0.25403494923808706,0.10891448238450356,0.3459441868016847,0.1023794773289738,0.5205555555555555,0.08880508202007695,4,0.0,0.4579017089580856,0.0734622246268035,0.66844216317409,0.06984067343139876,0.0,0.0,1199,0.0,7,0.0,0.6685623484065135,0.06969214265739151,0.6685623484065135,0.06969214265739151,0.66844216317409,0.06984067343139876,0,0.0
spherical,4,4,10,100,2,hgp_first_coverage,3,0.669209182307394,0.03826049723174833,0.6924094596772403,0.03233564317178264,0.8433333333333334,0.024037008503093246,4,0.0,0.7332193114068423,0.023245804050877596,0.871336735156236,0.014787806827089491,0.0,0.0,909,24.24871130596428,7,0.0,0.8718108165655182,0.014990857719702785,0.8718108165655182,0.014990857719702785,0.871336735156236,0.014787806827089491,0,0.0
spherical,4,8,5,10,1,hdbscan_common,3,1.0,0.0,1.0,0.0,1.0,0.0,4,0.0,1.0,0.0,1.0,0.0,1.0,0.0,1199,0.0,21.666666666666668,3.0550504633038935,1.0,0.0,1.0,0.0,1.0,0.0,0,0.0
spherical,4,8,5,10,1,hdbscan_standard,3,1.0,0.0,1.0,0.0,1.0,0.0,4,0.0,1.0,0.0,1.0,0.0,1.0,0.0,,,,,,,,,,,0,0.0
spherical,4,8,5,10,1,hgp_first_coverage,3,1.0,0.0,1.0,0.0,1.0,0.0,4,0.0,1.0,0.0,1.0,0.0,1.0,0.0,946.3333333333334,22.300971578236975,51,3.4641016151377544,1.0,0.0,1.0,0.0,1.0,0.0,0,0.0
spherical,4,8,5,10,2,hdbscan_common,3,1.0,0.0,1.0,0.0,1.0,0.0,4,0.0,1.0,0.0,1.0,0.0,1.0,0.0,1199,0.0,21.666666666666668,3.0550504633038935,1.0,0.0,1.0,0.0,1.0,0.0,0,0.0
spherical,4,8,5,10,2,hgp_first_coverage,3,1.0,0.0,1.0,0.0,1.0,0.0,4,0.0,1.0,0.0,1.0,0.0,1.0,0.0,946.3333333333334,22.300971578236975,51,3.4641016151377544,1.0,0.0,1.0,0.0,1.0,0.0,0,0.0
spherical,4,8,5,20,1,hdbscan_common,3,1.0,0.0,1.0,0.0,1.0,0.0,4,0.0,1.0,0.0,1.0,0.0,1.0,0.0,1199,0.0,9,0.0,1.0,0.0,1.0,0.0,1.0,0.0,0,0.0
spherical,4,8,5,20,1,hdbscan_standard,3,1.0,0.0,1.0,0.0,1.0,0.0,4,0.0,1.0,0.0,1.0,0.0,1.0,0.0,,,,,,,,,,,0,0.0
spherical,4,8,5,20,1,hgp_first_coverage,3,1.0,0.0,1.0,0.0,1.0,0.0,4,0.0,1.0,0.0,1.0,0.0,1.0,0.0,946.3333333333334,22.300971578236975,19,2.0,1.0,0.0,1.0,0.0,1.0,0.0,0,0.0
spherical,4,8,5,20,2,hdbscan_common,3,1.0,0.0,1.0,0.0,1.0,0.0,4,0.0,1.0,0.0,1.0,0.0,1.0,0.0,1199,0.0,9,0.0,1.0,0.0,1.0,0.0,1.0,0.0,0,0.0
spherical,4,8,5,20,2,hgp_first_coverage,3,1.0,0.0,1.0,0.0,1.0,0.0,4,0.0,1.0,0.0,1.0,0.0,1.0,0.0,946.3333333333334,22.300971578236975,19,2.0,1.0,0.0,1.0,0.0,1.0,0.0,0,0.0
spherical,4,8,5,50,1,hdbscan_common,3,1.0,0.0,1.0,0.0,1.0,0.0,4,0.0,1.0,0.0,1.0,0.0,1.0,0.0,1199,0.0,7,0.0,1.0,0.0,1.0,0.0,1.0,0.0,0,0.0
spherical,4,8,5,50,1,hdbscan_standard,3,1.0,0.0,1.0,0.0,1.0,0.0,4,0.0,1.0,0.0,1.0,0.0,1.0,0.0,,,,,,,,,,,0,0.0
spherical,4,8,5,50,1,hgp_first_coverage,3,1.0,0.0,1.0,0.0,1.0,0.0,4,0.0,1.0,0.0,1.0,0.0,1.0,0.0,946.3333333333334,22.300971578236975,7,0.0,1.0,0.0,1.0,0.0,1.0,0.0,0,0.0
spherical,4,8,5,50,2,hdbscan_common,3,1.0,0.0,1.0,0.0,1.0,0.0,4,0.0,1.0,0.0,1.0,0.0,1.0,0.0,1199,0.0,7,0.0,1.0,0.0,1.0,0.0,1.0,0.0,0,0.0
spherical,4,8,5,50,2,hgp_first_coverage,3,1.0,0.0,1.0,0.0,1.0,0.0,4,0.0,1.0,0.0,1.0,0.0,1.0,0.0,946.3333333333334,22.300971578236975,7,0.0,1.0,0.0,1.0,0.0,1.0,0.0,0,0.0
spherical,4,8,5,100,1,hdbscan_common,3,1.0,0.0,1.0,0.0,1.0,0.0,4,0.0,1.0,0.0,1.0,0.0,1.0,0.0,1199,0.0,7,0.0,1.0,0.0,1.0,0.0,1.0,0.0,0,0.0
spherical,4,8,5,100,1,hdbscan_standard,3,1.0,0.0,1.0,0.0,1.0,0.0,4,0.0,1.0,0.0,1.0,0.0,1.0,0.0,,,,,,,,,,,0,0.0
spherical,4,8,5,100,1,hgp_first_coverage,3,1.0,0.0,1.0,0.0,1.0,0.0,4,0.0,1.0,0.0,1.0,0.0,1.0,0.0,946.3333333333334,22.300971578236975,7,0.0,1.0,0.0,1.0,0.0,1.0,0.0,0,0.0
spherical,4,8,5,100,2,hdbscan_common,3,1.0,0.0,1.0,0.0,1.0,0.0,4,0.0,1.0,0.0,1.0,0.0,1.0,0.0,1199,0.0,7,0.0,1.0,0.0,1.0,0.0,1.0,0.0,0,0.0
spherical,4,8,5,100,2,hgp_first_coverage,3,1.0,0.0,1.0,0.0,1.0,0.0,4,0.0,1.0,0.0,1.0,0.0,1.0,0.0,946.3333333333334,22.300971578236975,7,0.0,1.0,0.0,1.0,0.0,1.0,0.0,0,0.0
spherical,4,8,10,10,1,hdbscan_common,3,0.9992594644488894,0.0006413225996673591,0.9992594644488894,0.0006413225996673591,0.9994444444444445,0.0004811252243246992,4,0.0,0.9993055555555556,0.000636468846521635,0.9997217584863661,0.00024096421919433367,0.8333333333333334,0.14433756729740643,1199,0.0,11,0.0,0.9997217584863661,0.00024096421919433367,0.9997217584863661,0.00024096421919433367,0.9997217584863661,0.00024096421919433367,0,0.0
spherical,4,8,10,10,1,hdbscan_standard,3,0.9992594644488894,0.0006413225996673591,0.9992594644488894,0.0006413225996673591,0.9994444444444445,0.0004811252243246992,4,0.0,0.9993055555555556,0.000636468846521635,0.9997217584863661,0.00024096421919433367,0.8333333333333334,0.14433756729740643,,,,,,,,,,,0,0.0
spherical,4,8,10,10,1,hgp_first_coverage,3,1.0,0.0,1.0,0.0,1.0,0.0,4,0.0,1.0,0.0,1.0,0.0,1.0,0.0,938,20.663978319771825,42.333333333333336,2.309401076758503,1.0,0.0,1.0,0.0,1.0,0.0,0,0.0
spherical,4,8,10,10,2,hdbscan_common,3,0.9992594644488894,0.0006413225996673591,0.9992594644488894,0.0006413225996673591,0.9994444444444445,0.0004811252243246992,4,0.0,0.9993055555555556,0.000636468846521635,0.9997217584863661,0.00024096421919433367,0.8333333333333334,0.14433756729740643,1199,0.0,11,0.0,0.9997217584863661,0.00024096421919433367,0.9997217584863661,0.00024096421919433367,0.9997217584863661,0.00024096421919433367,0,0.0
spherical,4,8,10,10,2,hgp_first_coverage,3,1.0,0.0,1.0,0.0,1.0,0.0,4,0.0,1.0,0.0,1.0,0.0,1.0,0.0,938,20.663978319771825,42.333333333333336,2.309401076758503,1.0,0.0,1.0,0.0,1.0,0.0,0,0.0
spherical,4,8,10,20,1,hdbscan_common,3,0.9992594644488894,0.0006413225996673591,0.9992594644488894,0.0006413225996673591,0.9994444444444445,0.0004811252243246992,4,0.0,0.9993055555555556,0.000636468846521635,0.9997217584863661,0.00024096421919433367,0.8333333333333334,0.14433756729740643,1199,0.0,7,0.0,0.9997217584863661,0.00024096421919433367,0.9997217584863661,0.00024096421919433367,0.9997217584863661,0.00024096421919433367,0,0.0
spherical,4,8,10,20,1,hdbscan_standard,3,0.9992594644488894,0.0006413225996673591,0.9992594644488894,0.0006413225996673591,0.9994444444444445,0.0004811252243246992,4,0.0,0.9993055555555556,0.000636468846521635,0.9997217584863661,0.00024096421919433367,0.8333333333333334,0.14433756729740643,,,,,,,,,,,0,0.0
spherical,4,8,10,20,1,hgp_first_coverage,3,1.0,0.0,1.0,0.0,1.0,0.0,4,0.0,1.0,0.0,1.0,0.0,1.0,0.0,938,20.663978319771825,18.333333333333332,3.0550504633038935,1.0,0.0,1.0,0.0,1.0,0.0,0,0.0
spherical,4,8,10,20,2,hdbscan_common,3,0.9992594644488894,0.0006413225996673591,0.9992594644488894,0.0006413225996673591,0.9994444444444445,0.0004811252243246992,4,0.0,0.9993055555555556,0.000636468846521635,0.9997217584863661,0.00024096421919433367,0.8333333333333334,0.14433756729740643,1199,0.0,7,0.0,0.9997217584863661,0.00024096421919433367,0.9997217584863661,0.00024096421919433367,0.9997217584863661,0.00024096421919433367,0,0.0
spherical,4,8,10,20,2,hgp_first_coverage,3,1.0,0.0,1.0,0.0,1.0,0.0,4,0.0,1.0,0.0,1.0,0.0,1.0,0.0,938,20.663978319771825,18.333333333333332,3.0550504633038935,1.0,0.0,1.0,0.0,1.0,0.0,0,0.0
spherical,4,8,10,50,1,hdbscan_common,3,0.9992594644488894,0.0006413225996673591,0.9992594644488894,0.0006413225996673591,0.9994444444444445,0.0004811252243246992,4,0.0,0.9993055555555556,0.000636468846521635,0.9997217584863661,0.00024096421919433367,0.8333333333333334,0.14433756729740643,1199,0.0,7,0.0,0.9997217584863661,0.00024096421919433367,0.9997217584863661,0.00024096421919433367,0.9997217584863661,0.00024096421919433367,0,0.0
spherical,4,8,10,50,1,hdbscan_standard,3,0.9992594644488894,0.0006413225996673591,0.9992594644488894,0.0006413225996673591,0.9994444444444445,0.0004811252243246992,4,0.0,0.9993055555555556,0.000636468846521635,0.9997217584863661,0.00024096421919433367,0.8333333333333334,0.14433756729740643,,,,,,,,,,,0,0.0
spherical,4,8,10,50,1,hgp_first_coverage,3,1.0,0.0,1.0,0.0,1.0,0.0,4,0.0,1.0,0.0,1.0,0.0,1.0,0.0,938,20.663978319771825,7.666666666666667,1.1547005383792515,1.0,0.0,1.0,0.0,1.0,0.0,0,0.0
spherical,4,8,10,50,2,hdbscan_common,3,0.9992594644488894,0.0006413225996673591,0.9992594644488894,0.0006413225996673591,0.9994444444444445,0.0004811252243246992,4,0.0,0.9993055555555556,0.000636468846521635,0.9997217584863661,0.00024096421919433367,0.8333333333333334,0.14433756729740643,1199,0.0,7,0.0,0.9997217584863661,0.00024096421919433367,0.9997217584863661,0.00024096421919433367,0.9997217584863661,0.00024096421919433367,0,0.0
spherical,4,8,10,50,2,hgp_first_coverage,3,1.0,0.0,1.0,0.0,1.0,0.0,4,0.0,1.0,0.0,1.0,0.0,1.0,0.0,938,20.663978319771825,7.666666666666667,1.1547005383792515,1.0,0.0,1.0,0.0,1.0,0.0,0,0.0
spherical,4,8,10,100,1,hdbscan_common,3,0.9992594644488894,0.0006413225996673591,0.9992594644488894,0.0006413225996673591,0.9994444444444445,0.0004811252243246992,4,0.0,0.9993055555555556,0.000636468846521635,0.9997217584863661,0.00024096421919433367,0.8333333333333334,0.14433756729740643,1199,0.0,7,0.0,0.9997217584863661,0.00024096421919433367,0.9997217584863661,0.00024096421919433367,0.9997217584863661,0.00024096421919433367,0,0.0
spherical,4,8,10,100,1,hdbscan_standard,3,0.9992594644488894,0.0006413225996673591,0.9992594644488894,0.0006413225996673591,0.9994444444444445,0.0004811252243246992,4,0.0,0.9993055555555556,0.000636468846521635,0.9997217584863661,0.00024096421919433367,0.8333333333333334,0.14433756729740643,,,,,,,,,,,0,0.0
spherical,4,8,10,100,1,hgp_first_coverage,3,1.0,0.0,1.0,0.0,1.0,0.0,4,0.0,1.0,0.0,1.0,0.0,1.0,0.0,938,20.663978319771825,7,0.0,1.0,0.0,1.0,0.0,1.0,0.0,0,0.0
spherical,4,8,10,100,2,hdbscan_common,3,0.9992594644488894,0.0006413225996673591,0.9992594644488894,0.0006413225996673591,0.9994444444444445,0.0004811252243246992,4,0.0,0.9993055555555556,0.000636468846521635,0.9997217584863661,0.00024096421919433367,0.8333333333333334,0.14433756729740643,1199,0.0,7,0.0,0.9997217584863661,0.00024096421919433367,0.9997217584863661,0.00024096421919433367,0.9997217584863661,0.00024096421919433367,0,0.0
spherical,4,8,10,100,2,hgp_first_coverage,3,1.0,0.0,1.0,0.0,1.0,0.0,4,0.0,1.0,0.0,1.0,0.0,1.0,0.0,938,20.663978319771825,7,0.0,1.0,0.0,1.0,0.0,1.0,0.0,0,0.0
spherical,8,2,5,10,1,hdbscan_common,3,0.016547297788513785,0.012356224850056677,0.020532317288972146,0.012321268951571962,0.5077777777777778,0.2428138480705226,4.666666666666667,4.618802153517006,0.14423339687312253,0.0010815541089619863,0.10107265134099679,0.06698101651259647,0.0,0.0,1199,0.0,23,2.0,0.25401519025337144,0.0010118544741766853,0.25401519025337144,0.0010118544741766853,0.23860751538590302,0.006348800440470626,0,0.0
spherical,8,2,5,10,1,hdbscan_standard,3,0.023921991759563645,0.012098401865029178,0.030846931962374338,0.004966147395846023,0.43944444444444447,0.16895580728348708,6.333333333333333,4.509249752822894,0.14423339687312253,0.0010815541089619863,0.12668791785745467,0.052265881251414514,0.0,0.0,,,,,,,,,,,0,0.0
spherical,8,2,5,10,1,hgp_first_coverage,3,0.01669613851796456,0.014129528285107693,0.028562545097080953,0.024598142692327137,0.6236111111111111,0.24621627424624817,20.333333333333332,15.88500340992514,0.16518189227392344,0.007104389711548317,0.14962630765138835,0.09232718789776952,0.0,0.0,918.3333333333334,9.073771725877465,64.66666666666667,4.041451884327381,0.2927510104824135,0.039050699381530045,0.2927510104824135,0.039050699381530045,0.2887059117592936,0.04274074483483357,0,0.0
spherical,8,2,5,10,2,hdbscan_common,3,0.015373063837376863,0.010323628031252632,0.022082672638116932,0.013980967107549707,0.4752777777777778,0.2350492462190597,5,4.358898943540674,0.14423339687312253,0.0010815541089619863,0.10946081600481579,0.06358717347322557,0.0,0.0,1199,0.0,23,2.0,0.25401519025337144,0.0010118544741766853,0.25401519025337144,0.0010118544741766853,0.23860751538590302,0.006348800440470626,0,0.0
spherical,8,2,5,10,2,hgp_first_coverage,3,0.021691324543108802,0.004276382072344116,0.04027494253220078,0.004162236562048051,0.47888888888888886,0.011824331474329302,30.666666666666668,1.1547005383792515,0.16518189227392344,0.007104389711548317,0.19521777775732252,0.018906222287398678,0.0,0.0,918.3333333333334,9.073771725877465,64.66666666666667,4.041451884327381,0.2927510104824135,0.039050699381530045,0.2927510104824135,0.039050699381530045,0.2887059117592936,0.04274074483483357,0,0.0
spherical,8,2,5,20,1,hdbscan_common,3,0.027174257813878288,0.01156241944103499,0.025885906613644368,0.008623017734412224,0.5116666666666667,0.07637626158259735,2,0.0,0.14423339687312253,0.0010815541089619863,0.07201171740222724,0.0026745363794767473,0.0,0.0,1199,0.0,10.333333333333334,3.0550504633038935,0.25401519025337144,0.0010118544741766853,0.25401519025337144,0.0010118544741766853,0.234566339674252,0.008347841095842556,0,0.0
spherical,8,2,5,20,1,hdbscan_standard,3,0.027246642616496685,0.011554248547634562,0.025933970231663533,0.008677581302478412,0.5125,0.07637626158259737,2,0.0,0.14423339687312253,0.0010815541089619863,0.07230627943826304,0.002418775572563955,0.0,0.0,,,,,,,,,,,0,0.0
spherical,8,2,5,20,1,hgp_first_coverage,3,0.04285497777240362,0.005049486490467197,0.03700647183157939,0.005095283988478483,0.5977777777777777,0.01972613419731222,3.3333333333333335,1.5275252316519468,0.16518189227392344,0.007104389711548317,0.11354850064294678,0.04441298546169974,0.0,0.0,918.3333333333334,9.073771725877465,23.333333333333332,0.5773502691896257,0.2927510104824135,0.039050699381530045,0.2927510104824135,0.039050699381530045,0.2757152564376039,0.05301286749002712,0,0.0
spherical,8,2,5,20,2,hdbscan_common,3,0.027174257813878288,0.01156241944103499,0.025885906613644368,0.008623017734412224,0.5116666666666667,0.07637626158259735,2,0.0,0.14423339687312253,0.0010815541089619863,0.07201171740222724,0.0026745363794767473,0.0,0.0,1199,0.0,10.333333333333334,3.0550504633038935,0.25401519025337144,0.0010118544741766853,0.25401519025337144,0.0010118544741766853,0.234566339674252,0.008347841095842556,0,0.0
spherical,8,2,5,20,2,hgp_first_coverage,3,0.04285497777240362,0.005049486490467197,0.03700647183157939,0.005095283988478483,0.5977777777777777,0.01972613419731222,3.3333333333333335,1.5275252316519468,0.16518189227392344,0.007104389711548317,0.11354850064294678,0.04441298546169974,0.0,0.0,918.3333333333334,9.073771725877465,23.333333333333332,0.5773502691896257,0.2927510104824135,0.039050699381530045,0.2927510104824135,0.039050699381530045,0.2757152564376039,0.05301286749002712,0,0.0
spherical,8,2,5,50,1,hdbscan_common,3,0.004183034887730508,0.003919982673681059,0.010571880819252156,0.009515028353491883,0.1125,0.10008676791220263,1.3333333333333333,1.1547005383792515,0.14423339687312253,0.0010815541089619863,0.04310380537686797,0.037429864263494796,0.0,0.0,1199,0.0,2.3333333333333335,1.1547005383792515,0.25401519025337144,0.0010118544741766853,0.24850033460048196,0.0027551502785883673,0.10027963873220631,0.0876826209756467,0,0.0
spherical,8,2,5,50,1,hdbscan_standard,3,0.004235680725918672,0.003929378507171175,0.0107422463938735,0.00961230684050736,0.11333333333333333,0.10069549807877874,1.3333333333333333,1.1547005383792515,0.14423339687312253,0.0010815541089619863,0.043304111578513334,0.03757278215675469,0.0,0.0,,,,,,,,,,,0,0.0
spherical,8,2,5,50,1,hgp_first_coverage,3,0.0219795697675685,0.012616464570524712,0.026413265504093234,0.004543786878171692,0.3863888888888889,0.20324166877371858,2.3333333333333335,0.5773502691896257,0.16518189227392344,0.007104389711548317,0.08736739158490248,0.0198421889783699,0.0,0.0,918.3333333333334,9.073771725877465,6,1.7320508075688772,0.2927510104824135,0.039050699381530045,0.2789829518684725,0.031777010893383806,0.22389922149268032,0.0621612660141202,0,0.0
spherical,8,2,5,50,2,hdbscan_common,3,0.004183034887730508,0.003919982673681059,0.010571880819252156,0.009515028353491883,0.1125,0.10008676791220263,1.3333333333333333,1.1547005383792515,0.14423339687312253,0.0010815541089619863,0.04310380537686797,0.037429864263494796,0.0,0.0,1199,0.0,2.3333333333333335,1.1547005383792515,0.25401519025337144,0.0010118544741766853,0.24850033460048196,0.0027551502785883673,0.10027963873220631,0.0876826209756467,0,0.0
spherical,8,2,5,50,2,hgp_first_coverage,3,0.0219795697675685,0.012616464570524712,0.026413265504093234,0.004543786878171692,0.3863888888888889,0.20324166877371858,2.3333333333333335,0.5773502691896257,0.16518189227392344,0.007104389711548317,0.08736739158490248,0.0198421889783699,0.0,0.0,918.3333333333334,9.073771725877465,6,1.7320508075688772,0.2927510104824135,0.039050699381530045,0.2789829518684725,0.031777010893383806,0.22389922149268032,0.0621612660141202,0,0.0
spherical,8,2,5,100,1,hdbscan_common,3,0.0,0.0,0.0,0.0,0.0,0.0,0,0.0,0.14423339687312253,0.0010815541089619863,0.0,0.0,0.0,0.0,1199,0.0,1,0.0,0.25401519025337144,0.0010118544741766853,0.24734650192480967,0.003478753396140645,0.0,0.0,0,0.0
spherical,8,2,5,100,1,hdbscan_standard,3,0.0,0.0,0.0,0.0,0.0,0.0,0,0.0,0.14423339687312253,0.0010815541089619863,0.0,0.0,0.0,0.0,,,,,,,,,,,0,0.0
spherical,8,2,5,100,1,hgp_first_coverage,3,0.004319787877784029,0.007482092082242074,0.006453742480761395,0.011178209875644345,0.07555555555555556,0.13086606101631518,0.6666666666666666,1.1547005383792515,0.16518189227392344,0.007104389711548317,0.022452696466244728,0.03888921104645806,0.0,0.0,918.3333333333334,9.073771725877465,1.6666666666666667,1.1547005383792515,0.2927510104824135,0.039050699381530045,0.2586940176846373,0.0026115376901652883,0.04976760284810127,0.08620001670382096,0,0.0
spherical,8,2,5,100,2,hdbscan_common,3,0.0,0.0,0.0,0.0,0.0,0.0,0,0.0,0.14423339687312253,0.0010815541089619863,0.0,0.0,0.0,0.0,1199,0.0,1,0.0,0.25401519025337144,0.0010118544741766853,0.24734650192480967,0.003478753396140645,0.0,0.0,0,0.0
spherical,8,2,5,100,2,hgp_first_coverage,3,0.004319787877784029,0.007482092082242074,0.006453742480761395,0.011178209875644345,0.07555555555555556,0.13086606101631518,0.6666666666666666,1.1547005383792515,0.16518189227392344,0.007104389711548317,0.022452696466244728,0.03888921104645806,0.0,0.0,918.3333333333334,9.073771725877465,1.6666666666666667,1.1547005383792515,0.2927510104824135,0.039050699381530045,0.2586940176846373,0.0026115376901652883,0.04976760284810127,0.08620001670382096,0,0.0
spherical,8,2,10,10,1,hdbscan_common,3,0.01874594191921998,0.011080772118188953,0.027123932933393696,0.010209955155008507,0.2980555555555556,0.11688768746742097,2,0.0,0.13870680049640716,0.0011147557440105216,0.0642750825858831,0.0073596076811734915,0.0,0.0,1199,0.0,10,3.605551275463989,0.2484489147785933,0.0032640603511609606,0.2484489147785933,0.0032640603511609606,0.18626180168689788,0.0401210897097458,0,0.0
spherical,8,2,10,10,1,hdbscan_standard,3,0.01863660977658859,0.011063840220615958,0.02688580744338891,0.010212497836715457,0.29888888888888887,0.116887687467421,2,0.0,0.13870680049640716,0.0011147557440105216,0.06417334404943921,0.007380287203044635,0.0,0.0,,,,,,,,,,,0,0.0
spherical,8,2,10,10,1,hgp_first_coverage,3,0.02267744505980198,0.003938336225766233,0.04337165649021635,0.002980002850368539,0.4708333333333333,0.052387445485005686,25.666666666666668,2.516611478423583,0.16716627999514908,0.00808079870543975,0.21559025594338257,0.003034853837192277,0.0,0.0,873,5.291502622129181,52.333333333333336,2.309401076758503,0.3056318210344104,0.0362066383612351,0.3056318210344104,0.0362066383612351,0.30357505845223903,0.03533903893444946,0,0.0
spherical,8,2,10,10,2,hdbscan_common,3,0.01874594191921998,0.011080772118188953,0.027123932933393696,0.010209955155008507,0.2980555555555556,0.11688768746742097,2,0.0,0.13870680049640716,0.0011147557440105216,0.0642750825858831,0.0073596076811734915,0.0,0.0,1199,0.0,10,3.605551275463989,0.2484489147785933,0.0032640603511609606,0.2484489147785933,0.0032640603511609606,0.18626180168689788,0.0401210897097458,0,0.0
spherical,8,2,10,10,2,hgp_first_coverage,3,0.02157810864975357,0.0058422954718673325,0.04168109463965636,0.005707209241295159,0.46694444444444444,0.05907465458904362,26.333333333333332,1.5275252316519468,0.16716627999514908,0.00808079870543975,0.21079049593138316,0.011335142639764418,0.0,0.0,873,5.291502622129181,52.333333333333336,2.309401076758503,0.3056318210344104,0.0362066383612351,0.3056318210344104,0.0362066383612351,0.30357505845223903,0.03533903893444946,0,0.0
spherical,8,2,10,20,1,hdbscan_common,3,0.011141470745265069,0.007301133403929325,0.020459971062164226,0.007432832118256263,0.22194444444444444,0.11850437560291618,2,0.0,0.13870680049640716,0.0011147557440105216,0.061369447874443483,0.010431652568290895,0.0,0.0,1199,0.0,4.333333333333333,1.1547005383792515,0.2484489147785933,0.0032640603511609606,0.2484489147785933,0.0032640603511609606,0.16488220985956994,0.04806125703983113,0,0.0
spherical,8,2,10,20,1,hdbscan_standard,3,0.011009630385747968,0.007134147661039168,0.020131814058337746,0.00720470702603523,0.22277777777777777,0.11850437560291621,2,0.0,0.13870680049640716,0.0011147557440105216,0.06125684644923767,0.010460012888479885,0.0,0.0,,,,,,,,,,,0,0.0
spherical,8,2,10,20,1,hgp_first_coverage,3,0.02830475129213003,0.01765212843446833,0.025159042632601242,0.0180847475053212,0.7022222222222222,0.050417240584428535,3.3333333333333335,1.1547005383792515,0.16716627999514908,0.00808079870543975,0.10461373806150222,0.048008851143372465,0.0,0.0,873,5.291502622129181,26.333333333333332,4.618802153517006,0.3056318210344104,0.0362066383612351,0.3056318210344104,0.0362066383612351,0.3027968881251361,0.034962840309369664,0,0.0
spherical,8,2,10,20,2,hdbscan_common,3,0.011141470745265069,0.007301133403929325,0.020459971062164226,0.007432832118256263,0.22194444444444444,0.11850437560291618,2,0.0,0.13870680049640716,0.0011147557440105216,0.061369447874443483,0.010431652568290895,0.0,0.0,1199,0.0,4.333333333333333,1.1547005383792515,0.2484489147785933,0.0032640603511609606,0.2484489147785933,0.0032640603511609606,0.16488220985956994,0.04806125703983113,0,0.0
spherical,8,2,10,20,2,hgp_first_coverage,3,0.02830475129213003,0.01765212843446833,0.025159042632601242,0.0180847475053212,0.7022222222222222,0.050417240584428535,3.3333333333333335,1.1547005383792515,0.16716627999514908,0.00808079870543975,0.10461373806150222,0.048008851143372465,0.0,0.0,873,5.291502622129181,26.333333333333332,4.618802153517006,0.3056318210344104,0.0362066383612351,0.3056318210344104,0.0362066383612351,0.3027968881251361,0.034962840309369664,0,0.0
spherical,8,2,10,50,1,hdbscan_common,3,0.0,0.0,0.0,0.0,0.0,0.0,0,0.0,0.13870680049640716,0.0011147557440105216,0.0,0.0,0.0,0.0,1199,0.0,1,0.0,0.2484489147785933,0.0032640603511609606,0.2480083069707017,0.00294717989656525,0.0,0.0,0,0.0
spherical,8,2,10,50,1,hdbscan_standard,3,0.0,0.0,0.0,0.0,0.0,0.0,0,0.0,0.13870680049640716,0.0011147557440105216,0.0,0.0,0.0,0.0,,,,,,,,,,,0,0.0
spherical,8,2,10,50,1,hgp_first_coverage,3,0.03538149622588653,0.003989329973606004,0.03383556901916375,0.0013138942042103376,0.5227777777777778,0.12571554457642917,2,0.0,0.16716627999514908,0.00808079870543975,0.08751966524055156,0.011902653968600527,0.0,0.0,873,5.291502622129181,7,2.0,0.3056318210344104,0.0362066383612351,0.28927605742341106,0.0305286049515594,0.2583580915530685,0.047461167085390436,0,0.0
spherical,8,2,10,50,2,hdbscan_common,3,0.0,0.0,0.0,0.0,0.0,0.0,0,0.0,0.13870680049640716,0.0011147557440105216,0.0,0.0,0.0,0.0,1199,0.0,1,0.0,0.2484489147785933,0.0032640603511609606,0.2480083069707017,0.00294717989656525,0.0,0.0,0,0.0
spherical,8,2,10,50,2,hgp_first_coverage,3,0.038254803405473055,0.006145980329562492,0.04259949669583813,0.014863729845768798,0.49777777777777776,0.11489226032018642,2.3333333333333335,0.5773502691896257,0.16716627999514908,0.00808079870543975,0.1054999930462347,0.042532270614514346,0.0,0.0,873,5.291502622129181,7,2.0,0.3056318210344104,0.0362066383612351,0.28927605742341106,0.0305286049515594,0.2583580915530685,0.047461167085390436,0,0.0
spherical,8,2,10,100,1,hdbscan_common,3,0.0,0.0,0.0,0.0,0.0,0.0,0,0.0,0.13870680049640716,0.0011147557440105216,0.0,0.0,0.0,0.0,1199,0.0,1,0.0,0.2484489147785933,0.0032640603511609606,0.24756499817196678,0.0028073345461230997,0.0,0.0,0,0.0
spherical,8,2,10,100,1,hdbscan_standard,3,0.0,0.0,0.0,0.0,0.0,0.0,0,0.0,0.13870680049640716,0.0011147557440105216,0.0,0.0,0.0,0.0,,,,,,,,,,,0,0.0
spherical,8,2,10,100,1,hgp_first_coverage,3,0.0,0.0,0.0,0.0,0.0,0.0,0,0.0,0.16716627999514908,0.00808079870543975,0.0,0.0,0.0,0.0,873,5.291502622129181,1,0.0,0.3056318210344104,0.0362066383612351,0.2585889384978337,0.002349851534756127,0.0,0.0,0,0.0
spherical,8,2,10,100,2,hdbscan_common,3,0.0,0.0,0.0,0.0,0.0,0.0,0,0.0,0.13870680049640716,0.0011147557440105216,0.0,0.0,0.0,0.0,1199,0.0,1,0.0,0.2484489147785933,0.0032640603511609606,0.24756499817196678,0.0028073345461230997,0.0,0.0,0,0.0
spherical,8,2,10,100,2,hgp_first_coverage,3,0.0,0.0,0.0,0.0,0.0,0.0,0,0.0,0.16716627999514908,0.00808079870543975,0.0,0.0,0.0,0.0,873,5.291502622129181,1,0.0,0.3056318210344104,0.0362066383612351,0.2585889384978337,0.002349851534756127,0.0,0.0,0,0.0
spherical,8,4,5,10,1,hdbscan_common,3,0.22390753302740501,0.11912240614121691,0.28731939737875856,0.2189400571332026,0.7852777777777777,0.12125596587079443,4.666666666666667,2.8867513459481287,0.45329783241524735,0.04968928690608825,0.4286493077141336,0.28424490941759445,0.0,0.0,1199,0.0,23.666666666666668,4.163331998932265,0.6845816608405448,0.06548389448105647,0.6845816608405448,0.06548389448105647,0.6836134428551996,0.06617892573361686,0,0.0
spherical,8,4,5,10,1,hdbscan_standard,3,0.2146708891775456,0.10375265118787194,0.28094586558987183,0.208720790552432,0.7772222222222223,0.13602576689458235,5,3.4641016151377544,0.45329783241524735,0.04968928690608825,0.422257805763226,0.2730195470630918,0.0,0.0,,,,,,,,,,,0,0.0
spherical,8,4,5,10,1,hgp_first_coverage,3,0.4173235407633419,0.21234034195805082,0.4768041320104729,0.2638143065841229,0.8461111111111111,0.12389605111334855,12.333333333333334,8.144527815247077,0.6689389690353538,0.049663509332916266,0.5866127294595876,0.26456130071472667,0.0,0.0,946,9.848857801796104,59,6.928203230275509,0.8267961806756811,0.04869974635461183,0.8267961806756811,0.04869974635461183,0.8257281664174317,0.049299163051769415,0,0.0
spherical,8,4,5,10,2,hdbscan_common,3,0.22390753302740501,0.11912240614121691,0.28731939737875856,0.2189400571332026,0.7852777777777777,0.12125596587079443,4.666666666666667,2.8867513459481287,0.45329783241524735,0.04968928690608825,0.4286493077141336,0.28424490941759445,0.0,0.0,1199,0.0,23.666666666666668,4.163331998932265,0.6845816608405448,0.06548389448105647,0.6845816608405448,0.06548389448105647,0.6836134428551996,0.06617892573361686,0,0.0
spherical,8,4,5,10,2,hgp_first_coverage,3,0.4173235407633419,0.21234034195805082,0.4768041320104729,0.2638143065841229,0.8461111111111111,0.12389605111334855,12.333333333333334,8.144527815247077,0.6689389690353538,0.049663509332916266,0.5866127294595876,0.26456130071472667,0.0,0.0,946,9.848857801796104,59,6.928203230275509,0.8267961806756811,0.04869974635461183,0.8267961806756811,0.04869974635461183,0.8257281664174317,0.049299163051769415,0,0.0
spherical,8,4,5,20,1,hdbscan_common,3,0.22390753302740501,0.11912240614121691,0.28731939737875856,0.2189400571332026,0.7852777777777777,0.12125596587079443,4.666666666666667,2.8867513459481287,0.45329783241524735,0.04968928690608825,0.4286493077141336,0.28424490941759445,0.0,0.0,1199,0.0,15.666666666666666,1.1547005383792515,0.6845816608405448,0.06548389448105647,0.6845816608405448,0.06548389448105647,0.6830030877657772,0.06643250535296408,0,0.0
spherical,8,4,5,20,1,hdbscan_standard,3,0.22431856204650197,0.12045717459977275,0.28694614196562146,0.21911356670300008,0.7869444444444444,0.11987937610287605,4.666666666666667,2.8867513459481287,0.45329783241524735,0.04968928690608825,0.42856107166402413,0.28393679491967977,0.0,0.0,,,,,,,,,,,0,0.0
spherical,8,4,5,20,1,hgp_first_coverage,3,0.49477846330612996,0.28249298724216965,0.5273698773395676,0.31125765613509554,0.8958333333333334,0.08083333333333331,6,2.6457513110645907,0.6689389690353538,0.049663509332916266,0.6348381512012988,0.31343576516261046,0.0,0.0,946,9.848857801796104,25.666666666666668,7.023769168568492,0.8267961806756811,0.04869974635461183,0.8267961806756811,0.04869974635461183,0.8239200365753213,0.051814810040687664,0,0.0
spherical,8,4,5,20,2,hdbscan_common,3,0.22390753302740501,0.11912240614121691,0.28731939737875856,0.2189400571332026,0.7852777777777777,0.12125596587079443,4.666666666666667,2.8867513459481287,0.45329783241524735,0.04968928690608825,0.4286493077141336,0.28424490941759445,0.0,0.0,1199,0.0,15.666666666666666,1.1547005383792515,0.6845816608405448,0.06548389448105647,0.6845816608405448,0.06548389448105647,0.6830030877657772,0.06643250535296408,0,0.0
spherical,8,4,5,20,2,hgp_first_coverage,3,0.49477846330612996,0.28249298724216965,0.5273698773395676,0.31125765613509554,0.8958333333333334,0.08083333333333331,6,2.6457513110645907,0.6689389690353538,0.049663509332916266,0.6348381512012988,0.31343576516261046,0.0,0.0,946,9.848857801796104,25.666666666666668,7.023769168568492,0.8267961806756811,0.04869974635461183,0.8267961806756811,0.04869974635461183,0.8239200365753213,0.051814810040687664,0,0.0
spherical,8,4,5,50,1,hdbscan_common,3,0.22495867214408408,0.12094262848553629,0.2811725768738829,0.20829350519457404,0.7916666666666666,0.11074557929476615,4.333333333333333,2.309401076758503,0.45329783241524735,0.04968928690608825,0.39770511738315084,0.23064968224281107,0.0,0.0,1199,0.0,13,2.0,0.6845816608405448,0.06548389448105647,0.6845816608405448,0.06548389448105647,0.6790566626859362,0.07148246448964218,0,0.0
spherical,8,4,5,50,1,hdbscan_standard,3,0.2252521109803703,0.12207365704634525,0.2810492592658929,0.20889987351888464,0.7927777777777778,0.11029107112713328,4.333333333333333,2.309401076758503,0.45329783241524735,0.04968928690608825,0.39785234406850406,0.23074961459823237,0.0,0.0,,,,,,,,,,,0,0.0
spherical,8,4,5,50,1,hgp_first_coverage,3,0.49477846330612996,0.28249298724216965,0.5273698773395676,0.31125765613509554,0.8958333333333334,0.08083333333333331,6,2.6457513110645907,0.6689389690353538,0.049663509332916266,0.6348381512012988,0.31343576516261046,0.0,0.0,946,9.848857801796104,14.333333333333334,1.1547005383792515,0.8267961806756811,0.04869974635461183,0.8267961806756811,0.04869974635461183,0.8211589012569965,0.05249053475715643,0,0.0
spherical,8,4,5,50,2,hdbscan_common,3,0.22390753302740501,0.11912240614121691,0.28731939737875856,0.2189400571332026,0.7852777777777777,0.12125596587079443,4.666666666666667,2.8867513459481287,0.45329783241524735,0.04968928690608825,0.4286493077141336,0.28424490941759445,0.0,0.0,1199,0.0,13,2.0,0.6845816608405448,0.06548389448105647,0.6845816608405448,0.06548389448105647,0.6790566626859362,0.07148246448964218,0,0.0
spherical,8,4,5,50,2,hgp_first_coverage,3,0.49477846330612996,0.28249298724216965,0.5273698773395676,0.31125765613509554,0.8958333333333334,0.08083333333333331,6,2.6457513110645907,0.6689389690353538,0.049663509332916266,0.6348381512012988,0.31343576516261046,0.0,0.0,946,9.848857801796104,14.333333333333334,1.1547005383792515,0.8267961806756811,0.04869974635461183,0.8267961806756811,0.04869974635461183,0.8211589012569965,0.05249053475715643,0,0.0
spherical,8,4,5,100,1,hdbscan_common,3,0.15464408458286066,0.0026747237631339783,0.16078170080086335,0.0007151126481541504,0.845,0.03826987501068345,3,0.0,0.45329783241524735,0.04968928690608825,0.26458227747082846,0.0020299678929751484,0.0,0.0,1199,0.0,7.666666666666667,1.1547005383792515,0.6845816608405448,0.06548389448105647,0.5802502722688646,0.026118160242473935,0.5605415200443984,0.03674471684931248,0,0.0
spherical,8,4,5,100,1,hdbscan_standard,3,0.15447134507252142,0.002981513308598938,0.16046907317386888,0.00025966697815895263,0.8458333333333333,0.03826987501068345,3,0.0,0.45329783241524735,0.04968928690608825,0.2647205282586063,0.002166379210337731,0.0,0.0,,,,,,,,,,,0,0.0
spherical,8,4,5,100,1,hgp_first_coverage,3,0.17229258439824463,0.0005766850767573858,0.17267267031753805,0.0008244017853058246,0.9638888888888889,0.02276591832184762,3,0.0,0.6689389690353538,0.049663509332916266,0.28034055524089774,0.0008286664396391236,0.0,0.0,946,9.848857801796104,13,2.0,0.8267961806756811,0.04869974635461183,0.8207807100993476,0.05740994595760708,0.8085292527590907,0.07052947171789653,0,0.0
spherical,8,4,5,100,2,hdbscan_common,3,0.15464408458286066,0.0026747237631339783,0.16078170080086335,0.0007151126481541504,0.845,0.03826987501068345,3,0.0,0.45329783241524735,0.04968928690608825,0.26458227747082846,0.0020299678929751484,0.0,0.0,1199,0.0,7.666666666666667,1.1547005383792515,0.6845816608405448,0.06548389448105647,0.5802502722688646,0.026118160242473935,0.5605415200443984,0.03674471684931248,0,0.0
spherical,8,4,5,100,2,hgp_first_coverage,3,0.17229258439824463,0.0005766850767573858,0.17267267031753805,0.0008244017853058246,0.9638888888888889,0.02276591832184762,3,0.0,0.6689389690353538,0.049663509332916266,0.28034055524089774,0.0008286664396391236,0.0,0.0,946,9.848857801796104,13,2.0,0.8267961806756811,0.04869974635461183,0.8207807100993476,0.05740994595760708,0.8085292527590907,0.07052947171789653,0,0.0
spherical,8,4,10,10,1,hdbscan_common,3,0.1824211279111104,0.06584557938271117,0.2556259703677169,0.1770904454181143,0.7325,0.1286333074198817,4.666666666666667,2.8867513459481287,0.39004972979217145,0.040421066926659685,0.40960452371266015,0.26438730048330894,0.0,0.0,1199,0.0,15.666666666666666,1.1547005383792515,0.6331841388671099,0.07384517468877537,0.6331841388671099,0.07384517468877537,0.6327746834564747,0.07364654757627036,0,0.0
spherical,8,4,10,10,1,hdbscan_standard,3,0.18296002904063943,0.06661098110985846,0.25553640310382536,0.1772037262741019,0.7341666666666666,0.12793498783019094,4.666666666666667,2.8867513459481287,0.39004972979217145,0.040421066926659685,0.4093977313566816,0.2645327342498104,0.0,0.0,,,,,,,,,,,0,0.0
spherical,8,4,10,10,1,hgp_first_coverage,3,0.3562059115373821,0.3165216950891953,0.3677672738895013,0.33649440457839097,0.951388888888889,0.06653285181299816,6.333333333333333,5.773502691896257,0.7435145730972709,0.046812666829369236,0.4635632265813164,0.3138942899890851,0.0,0.0,911,18.24828759089466,50.333333333333336,6.110100926607787,0.8678370852995946,0.0360397777550253,0.8678370852995946,0.0360397777550253,0.8671070274964685,0.036030349529583706,0,0.0
spherical,8,4,10,10,2,hdbscan_common,3,0.1824211279111104,0.06584557938271117,0.2556259703677169,0.1770904454181143,0.7325,0.1286333074198817,4.666666666666667,2.8867513459481287,0.39004972979217145,0.040421066926659685,0.40960452371266015,0.26438730048330894,0.0,0.0,1199,0.0,15.666666666666666,1.1547005383792515,0.6331841388671099,0.07384517468877537,0.6331841388671099,0.07384517468877537,0.6327746834564747,0.07364654757627036,0,0.0
spherical,8,4,10,10,2,hgp_first_coverage,3,0.49485421322615064,0.2779914537082746,0.5304312432226925,0.3088311621542831,0.8888888888888888,0.0933420134852548,11,7.0,0.7435145730972709,0.046812666829369236,0.6168337896357275,0.2891875462747597,0.0,0.0,911,18.24828759089466,50.333333333333336,6.110100926607787,0.8678370852995946,0.0360397777550253,0.8678370852995946,0.0360397777550253,0.8671070274964685,0.036030349529583706,0,0.0
spherical,8,4,10,20,1,hdbscan_common,3,0.1824211279111104,0.06584557938271117,0.2556259703677169,0.1770904454181143,0.7325,0.1286333074198817,4.666666666666667,2.8867513459481287,0.39004972979217145,0.040421066926659685,0.40960452371266015,0.26438730048330894,0.0,0.0,1199,0.0,14.333333333333334,1.1547005383792515,0.6331841388671099,0.07384517468877537,0.6331841388671099,0.07384517468877537,0.6321181973739797,0.07394778109733777,0,0.0
spherical,8,4,10,20,1,hdbscan_standard,3,0.18296002904063943,0.06661098110985846,0.25553640310382536,0.1772037262741019,0.7341666666666666,0.12793498783019094,4.666666666666667,2.8867513459481287,0.39004972979217145,0.040421066926659685,0.4093977313566816,0.2645327342498104,0.0,0.0,,,,,,,,,,,0,0.0
spherical,8,4,10,20,1,hgp_first_coverage,3,0.5504288616028553,0.3294276227090476,0.5691080906245607,0.34444038118248016,0.9247222222222222,0.06610352430790604,6.666666666666667,3.2145502536643185,0.7435145730972709,0.046812666829369236,0.677881061993473,0.34323050048002757,0.0,0.0,911,18.24828759089466,25,10.583005244258363,0.8678370852995946,0.0360397777550253,0.8678370852995946,0.0360397777550253,0.8662986938747879,0.03648057848265169,0,0.0
spherical,8,4,10,20,2,hdbscan_common,3,0.1824211279111104,0.06584557938271117,0.2556259703677169,0.1770904454181143,0.7325,0.1286333074198817,4.666666666666667,2.8867513459481287,0.39004972979217145,0.040421066926659685,0.40960452371266015,0.26438730048330894,0.0,0.0,1199,0.0,14.333333333333334,1.1547005383792515,0.6331841388671099,0.07384517468877537,0.6331841388671099,0.07384517468877537,0.6321181973739797,0.07394778109733777,0,0.0
spherical,8,4,10,20,2,hgp_first_coverage,3,0.5504288616028553,0.3294276227090476,0.5691080906245607,0.34444038118248016,0.9247222222222222,0.06610352430790604,6.666666666666667,3.2145502536643185,0.7435145730972709,0.046812666829369236,0.677881061993473,0.34323050048002757,0.0,0.0,911,18.24828759089466,25,10.583005244258363,0.8678370852995946,0.0360397777550253,0.8678370852995946,0.0360397777550253,0.8662986938747879,0.03648057848265169,0,0.0
spherical,8,4,10,50,1,hdbscan_common,3,0.11879648807643296,0.04440010670340694,0.1252634959012341,0.048712616449454224,0.8188888888888889,0.02219442706159798,2.6666666666666665,0.5773502691896257,0.39004972979217145,0.040421066926659685,0.2200423803360752,0.06394619967412017,0.0,0.0,1199,0.0,12.333333333333334,3.0550504633038935,0.6331841388671099,0.07384517468877537,0.6331841388671099,0.07384517468877537,0.6315905557617792,0.07458794118521417,0,0.0
spherical,8,4,10,50,1,hdbscan_standard,3,0.11864281429457448,0.04483655665548722,0.12493340384316992,0.04901557880169599,0.82,0.022095122639271422,2.6666666666666665,0.5773502691896257,0.39004972979217145,0.040421066926659685,0.21983757031663234,0.06379856470640821,0.0,0.0,,,,,,,,,,,0,0.0
spherical,8,4,10,50,1,hgp_first_coverage,3,0.5468185732459736,0.3271721457687818,0.5595581993955212,0.33822643894085297,0.9377777777777778,0.05106051239388345,6,2.6457513110645907,0.7435145730972709,0.046812666829369236,0.6516973352633308,0.32700114226819077,0.0,0.0,911,18.24828759089466,14.333333333333334,1.1547005383792515,0.8678370852995946,0.0360397777550253,0.8678370852995946,0.0360397777550253,0.8603169873466658,0.0411614680829125,0,0.0
spherical,8,4,10,50,2,hdbscan_common,3,0.14042656555266686,0.007078077562686418,0.1523260454404401,0.0020040674307443586,0.7819444444444444,0.04333600419119486,3,0.0,0.39004972979217145,0.040421066926659685,0.25440807330430604,0.004447244640743242,0.0,0.0,1199,0.0,12.333333333333334,3.0550504633038935,0.6331841388671099,0.07384517468877537,0.6331841388671099,0.07384517468877537,0.6315905557617792,0.07458794118521417,0,0.0
spherical,8,4,10,50,2,hgp_first_coverage,3,0.5468185732459736,0.3271721457687818,0.5595581993955212,0.33822643894085297,0.9377777777777778,0.05106051239388345,6,2.6457513110645907,0.7435145730972709,0.046812666829369236,0.6516973352633308,0.32700114226819077,0.0,0.0,911,18.24828759089466,14.333333333333334,1.1547005383792515,0.8678370852995946,0.0360397777550253,0.8678370852995946,0.0360397777550253,0.8603169873466658,0.0411614680829125,0,0.0
spherical,8,4,10,100,1,hdbscan_common,3,0.11879648807643296,0.04440010670340694,0.1252634959012341,0.048712616449454224,0.8188888888888889,0.02219442706159798,2.6666666666666665,0.5773502691896257,0.39004972979217145,0.040421066926659685,0.2200423803360752,0.06394619967412017,0.0,0.0,1199,0.0,6.333333333333333,2.309401076758503,0.6331841388671099,0.07384517468877537,0.5161464146409932,0.04880233450506118,0.48106718414420035,0.07861951041222631,0,0.0
spherical,8,4,10,100,1,hdbscan_standard,3,0.11864281429457448,0.04483655665548722,0.12493340384316992,0.04901557880169599,0.82,0.022095122639271422,2.6666666666666665,0.5773502691896257,0.39004972979217145,0.040421066926659685,0.21983757031663234,0.06379856470640821,0.0,0.0,,,,,,,,,,,0,0.0
spherical,8,4,10,100,1,hgp_first_coverage,3,0.30808410453618057,0.23317248907096644,0.30966364548376846,0.2358561731299276,0.9730555555555556,0.029490268325770265,4,1.7320508075688772,0.7435145730972709,0.046812666829369236,0.4023313736745959,0.2078384357148755,0.0,0.0,911,18.24828759089466,13,2.0,0.8678370852995946,0.0360397777550253,0.8565947458245126,0.05120017362106751,0.8344845135337435,0.07307286304981267,0,0.0
spherical,8,4,10,100,2,hdbscan_common,3,0.11879648807643296,0.04440010670340694,0.1252634959012341,0.048712616449454224,0.8188888888888889,0.02219442706159798,2.6666666666666665,0.5773502691896257,0.39004972979217145,0.040421066926659685,0.2200423803360752,0.06394619967412017,0.0,0.0,1199,0.0,6.333333333333333,2.309401076758503,0.6331841388671099,0.07384517468877537,0.5161464146409932,0.04880233450506118,0.48106718414420035,0.07861951041222631,0,0.0
spherical,8,4,10,100,2,hgp_first_coverage,3,0.3777893607934312,0.35390526414263196,0.38450789179858597,0.3654899672221127,0.9633333333333334,0.046014792307595066,4.666666666666667,2.8867513459481287,0.7435145730972709,0.046812666829369236,0.49081061334089826,0.36108793666685135,0.0,0.0,911,18.24828759089466,13,2.0,0.8678370852995946,0.0360397777550253,0.8565947458245126,0.05120017362106751,0.8344845135337435,0.07307286304981267,0,0.0
spherical,8,8,5,10,1,hdbscan_common,3,0.9968169610046027,0.0030701638604456604,0.9968275282169408,0.003057049775861866,0.9977777777777778,0.0017347216662217551,8,0.0,0.9970016144247539,0.0024750919655474332,0.9986036445425124,0.0013487031644465518,0.75,0.125,1199,0.0,23,4.0,0.9987420689200671,0.0011124629647439154,0.9987420689200671,0.0011124629647439154,0.9986036445425124,0.0013487031644465518,0,0.0
spherical,8,8,5,10,1,hdbscan_standard,3,0.9968225543720339,0.003854120276287746,0.9968310205742442,0.003839456383912502,0.9983333333333333,0.0014433756729740337,8,0.0,0.9970016144247539,0.0024750919655474332,0.998604579800232,0.001692837175725164,0.7916666666666666,0.14433756729740643,,,,,,,,,,,0,0.0
spherical,8,8,5,10,1,hgp_first_coverage,3,0.9987290941998835,0.0022012734174357523,0.9987290941998835,0.0022012734174357523,1.0,0.0,8,0.0,0.99935278087452,0.0011210164089616747,0.9994444413579904,0.0009622557945446375,0.875,0.21650635094610965,960.6666666666666,0.5773502691896257,53.666666666666664,8.082903768654761,0.999721293199554,0.0004827343387873442,0.999721293199554,0.0004827343387873442,0.9994444413579904,0.0009622557945445734,0,0.0
spherical,8,8,5,10,2,hdbscan_common,3,0.9968169610046027,0.0030701638604456604,0.9968275282169408,0.003057049775861866,0.9977777777777778,0.0017347216662217551,8,0.0,0.9970016144247539,0.0024750919655474332,0.9986036445425124,0.0013487031644465518,0.75,0.125,1199,0.0,23,4.0,0.9987420689200671,0.0011124629647439154,0.9987420689200671,0.0011124629647439154,0.9986036445425124,0.0013487031644465518,0,0.0
spherical,8,8,5,10,2,hgp_first_coverage,3,0.9987290941998835,0.0022012734174357523,0.9987290941998835,0.0022012734174357523,1.0,0.0,8,0.0,0.99935278087452,0.0011210164089616747,0.9994444413579904,0.0009622557945446375,0.875,0.21650635094610965,960.6666666666666,0.5773502691896257,53.666666666666664,8.082903768654761,0.999721293199554,0.0004827343387873442,0.999721293199554,0.0004827343387873442,0.9994444413579904,0.0009622557945445734,0,0.0
spherical,8,8,5,20,1,hdbscan_common,3,0.9968169610046027,0.0030701638604456604,0.9968275282169408,0.003057049775861866,0.9977777777777778,0.0017347216662217551,8,0.0,0.9970016144247539,0.0024750919655474332,0.9986036445425124,0.0013487031644465518,0.75,0.125,1199,0.0,15.666666666666666,1.1547005383792515,0.9987420689200671,0.0011124629647439154,0.9987420689200671,0.0011124629647439154,0.9986036445425124,0.0013487031644465518,0,0.0
spherical,8,8,5,20,1,hdbscan_standard,3,0.9968225543720339,0.003854120276287746,0.9968310205742442,0.003839456383912502,0.9983333333333333,0.0014433756729740337,8,0.0,0.9970016144247539,0.0024750919655474332,0.998604579800232,0.001692837175725164,0.7916666666666666,0.14433756729740643,,,,,,,,,,,0,0.0
spherical,8,8,5,20,1,hgp_first_coverage,3,0.9987290941998835,0.0022012734174357523,0.9987290941998835,0.0022012734174357523,1.0,0.0,8,0.0,0.99935278087452,0.0011210164089616747,0.9994444413579904,0.0009622557945446375,0.875,0.21650635094610965,960.6666666666666,0.5773502691896257,21.666666666666668,5.033222956847166,0.999721293199554,0.0004827343387873442,0.999721293199554,0.0004827343387873442,0.9994444413579904,0.0009622557945445734,0,0.0
spherical,8,8,5,20,2,hdbscan_common,3,0.9968169610046027,0.0030701638604456604,0.9968275282169408,0.003057049775861866,0.9977777777777778,0.0017347216662217551,8,0.0,0.9970016144247539,0.0024750919655474332,0.9986036445425124,0.0013487031644465518,0.75,0.125,1199,0.0,15.666666666666666,1.1547005383792515,0.9987420689200671,0.0011124629647439154,0.9987420689200671,0.0011124629647439154,0.9986036445425124,0.0013487031644465518,0,0.0
spherical,8,8,5,20,2,hgp_first_coverage,3,0.9987290941998835,0.0022012734174357523,0.9987290941998835,0.0022012734174357523,1.0,0.0,8,0.0,0.99935278087452,0.0011210164089616747,0.9994444413579904,0.0009622557945446375,0.875,0.21650635094610965,960.6666666666666,0.5773502691896257,21.666666666666668,5.033222956847166,0.999721293199554,0.0004827343387873442,0.999721293199554,0.0004827343387873442,0.9994444413579904,0.0009622557945445734,0,0.0
spherical,8,8,5,50,1,hdbscan_common,3,0.9968169610046027,0.0030701638604456604,0.9968275282169408,0.003057049775861866,0.9977777777777778,0.0017347216662217551,8,0.0,0.9970016144247539,0.0024750919655474332,0.9986036445425124,0.0013487031644465518,0.75,0.125,1199,0.0,15,0.0,0.9987420689200671,0.0011124629647439154,0.9987420689200671,0.0011124629647439154,0.9986036445425124,0.0013487031644465518,0,0.0
spherical,8,8,5,50,1,hdbscan_standard,3,0.9968225543720339,0.003854120276287746,0.9968310205742442,0.003839456383912502,0.9983333333333333,0.0014433756729740337,8,0.0,0.9970016144247539,0.0024750919655474332,0.998604579800232,0.001692837175725164,0.7916666666666666,0.14433756729740643,,,,,,,,,,,0,0.0
spherical,8,8,5,50,1,hgp_first_coverage,3,0.9987290941998835,0.0022012734174357523,0.9987290941998835,0.0022012734174357523,1.0,0.0,8,0.0,0.99935278087452,0.0011210164089616747,0.9994444413579904,0.0009622557945446375,0.875,0.21650635094610965,960.6666666666666,0.5773502691896257,15,0.0,0.999721293199554,0.0004827343387873442,0.999721293199554,0.0004827343387873442,0.9994444413579904,0.0009622557945445734,0,0.0
spherical,8,8,5,50,2,hdbscan_common,3,0.9968169610046027,0.0030701638604456604,0.9968275282169408,0.003057049775861866,0.9977777777777778,0.0017347216662217551,8,0.0,0.9970016144247539,0.0024750919655474332,0.9986036445425124,0.0013487031644465518,0.75,0.125,1199,0.0,15,0.0,0.9987420689200671,0.0011124629647439154,0.9987420689200671,0.0011124629647439154,0.9986036445425124,0.0013487031644465518,0,0.0
spherical,8,8,5,50,2,hgp_first_coverage,3,0.9987290941998835,0.0022012734174357523,0.9987290941998835,0.0022012734174357523,1.0,0.0,8,0.0,0.99935278087452,0.0011210164089616747,0.9994444413579904,0.0009622557945446375,0.875,0.21650635094610965,960.6666666666666,0.5773502691896257,15,0.0,0.999721293199554,0.0004827343387873442,0.999721293199554,0.0004827343387873442,0.9994444413579904,0.0009622557945445734,0,0.0
spherical,8,8,5,100,1,hdbscan_common,3,0.9968169610046027,0.0030701638604456604,0.9968275282169408,0.003057049775861866,0.9977777777777778,0.0017347216662217551,8,0.0,0.9970016144247539,0.0024750919655474332,0.9986036445425124,0.0013487031644465518,0.75,0.125,1199,0.0,15,0.0,0.9987420689200671,0.0011124629647439154,0.9987420689200671,0.0011124629647439154,0.9986036445425124,0.0013487031644465518,0,0.0
spherical,8,8,5,100,1,hdbscan_standard,3,0.9968225543720339,0.003854120276287746,0.9968310205742442,0.003839456383912502,0.9983333333333333,0.0014433756729740337,8,0.0,0.9970016144247539,0.0024750919655474332,0.998604579800232,0.001692837175725164,0.7916666666666666,0.14433756729740643,,,,,,,,,,,0,0.0
spherical,8,8,5,100,1,hgp_first_coverage,3,0.9987290941998835,0.0022012734174357523,0.9987290941998835,0.0022012734174357523,1.0,0.0,8,0.0,0.99935278087452,0.0011210164089616747,0.9994444413579904,0.0009622557945446375,0.875,0.21650635094610965,960.6666666666666,0.5773502691896257,15,0.0,0.999721293199554,0.0004827343387873442,0.999721293199554,0.0004827343387873442,0.9994444413579904,0.0009622557945445734,0,0.0
spherical,8,8,5,100,2,hdbscan_common,3,0.9968169610046027,0.0030701638604456604,0.9968275282169408,0.003057049775861866,0.9977777777777778,0.0017347216662217551,8,0.0,0.9970016144247539,0.0024750919655474332,0.9986036445425124,0.0013487031644465518,0.75,0.125,1199,0.0,15,0.0,0.9987420689200671,0.0011124629647439154,0.9987420689200671,0.0011124629647439154,0.9986036445425124,0.0013487031644465518,0,0.0
spherical,8,8,5,100,2,hgp_first_coverage,3,0.9987290941998835,0.0022012734174357523,0.9987290941998835,0.0022012734174357523,1.0,0.0,8,0.0,0.99935278087452,0.0011210164089616747,0.9994444413579904,0.0009622557945446375,0.875,0.21650635094610965,960.6666666666666,0.5773502691896257,15,0.0,0.999721293199554,0.0004827343387873442,0.999721293199554,0.0004827343387873442,0.9994444413579904,0.0009622557945445734,0,0.0
spherical,8,8,10,10,1,hdbscan_common,3,0.99744377347849,0.0014690597252347483,0.9974586626284591,0.0014558346713059867,0.9977777777777778,0.0012729376930432578,8,0.0,0.9970408995564544,0.0014815766775388224,0.9988842375404967,0.0006398229235252999,0.7083333333333334,0.14433756729740643,1199,0.0,15,0.0,0.9988842375404967,0.0006398229235252999,0.9988842375404967,0.0006398229235252999,0.9988842375404967,0.0006398229235252999,0,0.0
spherical,8,8,10,10,1,hdbscan_standard,3,0.9971353256645711,0.0019047606858145602,0.997143822540767,0.0019015527292513738,0.9980555555555556,0.0009622504486493344,8,0.0,0.9970408995564544,0.0014815766775388224,0.9987458193979933,0.0008361204013377921,0.7083333333333334,0.14433756729740643,,,,,,,,,,,0,0.0
spherical,8,8,10,10,1,hgp_first_coverage,3,1.0,0.0,1.0,0.0,1.0,0.0,8,0.0,1.0,0.0,1.0,0.0,1.0,0.0,929.3333333333334,14.46835627614047,47,5.291502622129181,1.0,0.0,1.0,0.0,1.0,0.0,0,0.0
spherical,8,8,10,10,2,hdbscan_common,3,0.99744377347849,0.0014690597252347483,0.9974586626284591,0.0014558346713059867,0.9977777777777778,0.0012729376930432578,8,0.0,0.9970408995564544,0.0014815766775388224,0.9988842375404967,0.0006398229235252999,0.7083333333333334,0.14433756729740643,1199,0.0,15,0.0,0.9988842375404967,0.0006398229235252999,0.9988842375404967,0.0006398229235252999,0.9988842375404967,0.0006398229235252999,0,0.0
spherical,8,8,10,10,2,hgp_first_coverage,3,1.0,0.0,1.0,0.0,1.0,0.0,8,0.0,1.0,0.0,1.0,0.0,1.0,0.0,929.3333333333334,14.46835627614047,47,5.291502622129181,1.0,0.0,1.0,0.0,1.0,0.0,0,0.0
spherical,8,8,10,20,1,hdbscan_common,3,0.99744377347849,0.0014690597252347483,0.9974586626284591,0.0014558346713059867,0.9977777777777778,0.0012729376930432578,8,0.0,0.9970408995564544,0.0014815766775388224,0.9988842375404967,0.0006398229235252999,0.7083333333333334,0.14433756729740643,1199,0.0,15,0.0,0.9988842375404967,0.0006398229235252999,0.9988842375404967,0.0006398229235252999,0.9988842375404967,0.0006398229235252999,0,0.0
spherical,8,8,10,20,1,hdbscan_standard,3,0.9971353256645711,0.0019047606858145602,0.997143822540767,0.0019015527292513738,0.9980555555555556,0.0009622504486493344,8,0.0,0.9970408995564544,0.0014815766775388224,0.9987458193979933,0.0008361204013377921,0.7083333333333334,0.14433756729740643,,,,,,,,,,,0,0.0
spherical,8,8,10,20,1,hgp_first_coverage,3,1.0,0.0,1.0,0.0,1.0,0.0,8,0.0,1.0,0.0,1.0,0.0,1.0,0.0,929.3333333333334,14.46835627614047,21.666666666666668,7.023769168568492,1.0,0.0,1.0,0.0,1.0,0.0,0,0.0
spherical,8,8,10,20,2,hdbscan_common,3,0.99744377347849,0.0014690597252347483,0.9974586626284591,0.0014558346713059867,0.9977777777777778,0.0012729376930432578,8,0.0,0.9970408995564544,0.0014815766775388224,0.9988842375404967,0.0006398229235252999,0.7083333333333334,0.14433756729740643,1199,0.0,15,0.0,0.9988842375404967,0.0006398229235252999,0.9988842375404967,0.0006398229235252999,0.9988842375404967,0.0006398229235252999,0,0.0
spherical,8,8,10,20,2,hgp_first_coverage,3,1.0,0.0,1.0,0.0,1.0,0.0,8,0.0,1.0,0.0,1.0,0.0,1.0,0.0,929.3333333333334,14.46835627614047,21.666666666666668,7.023769168568492,1.0,0.0,1.0,0.0,1.0,0.0,0,0.0
spherical,8,8,10,50,1,hdbscan_common,3,0.99744377347849,0.0014690597252347483,0.9974586626284591,0.0014558346713059867,0.9977777777777778,0.0012729376930432578,8,0.0,0.9970408995564544,0.0014815766775388224,0.9988842375404967,0.0006398229235252999,0.7083333333333334,0.14433756729740643,1199,0.0,15,0.0,0.9988842375404967,0.0006398229235252999,0.9988842375404967,0.0006398229235252999,0.9988842375404967,0.0006398229235252999,0,0.0
spherical,8,8,10,50,1,hdbscan_standard,3,0.9971353256645711,0.0019047606858145602,0.997143822540767,0.0019015527292513738,0.9980555555555556,0.0009622504486493344,8,0.0,0.9970408995564544,0.0014815766775388224,0.9987458193979933,0.0008361204013377921,0.7083333333333334,0.14433756729740643,,,,,,,,,,,0,0.0
spherical,8,8,10,50,1,hgp_first_coverage,3,1.0,0.0,1.0,0.0,1.0,0.0,8,0.0,1.0,0.0,1.0,0.0,1.0,0.0,929.3333333333334,14.46835627614047,15,0.0,1.0,0.0,1.0,0.0,1.0,0.0,0,0.0
spherical,8,8,10,50,2,hdbscan_common,3,0.99744377347849,0.0014690597252347483,0.9974586626284591,0.0014558346713059867,0.9977777777777778,0.0012729376930432578,8,0.0,0.9970408995564544,0.0014815766775388224,0.9988842375404967,0.0006398229235252999,0.7083333333333334,0.14433756729740643,1199,0.0,15,0.0,0.9988842375404967,0.0006398229235252999,0.9988842375404967,0.0006398229235252999,0.9988842375404967,0.0006398229235252999,0,0.0
spherical,8,8,10,50,2,hgp_first_coverage,3,1.0,0.0,1.0,0.0,1.0,0.0,8,0.0,1.0,0.0,1.0,0.0,1.0,0.0,929.3333333333334,14.46835627614047,15,0.0,1.0,0.0,1.0,0.0,1.0,0.0,0,0.0
spherical,8,8,10,100,1,hdbscan_common,3,0.99744377347849,0.0014690597252347483,0.9974586626284591,0.0014558346713059867,0.9977777777777778,0.0012729376930432578,8,0.0,0.9970408995564544,0.0014815766775388224,0.9988842375404967,0.0006398229235252999,0.7083333333333334,0.14433756729740643,1199,0.0,15,0.0,0.9988842375404967,0.0006398229235252999,0.9988842375404967,0.0006398229235252999,0.9988842375404967,0.0006398229235252999,0,0.0
spherical,8,8,10,100,1,hdbscan_standard,3,0.9971353256645711,0.0019047606858145602,0.997143822540767,0.0019015527292513738,0.9980555555555556,0.0009622504486493344,8,0.0,0.9970408995564544,0.0014815766775388224,0.9987458193979933,0.0008361204013377921,0.7083333333333334,0.14433756729740643,,,,,,,,,,,0,0.0
spherical,8,8,10,100,1,hgp_first_coverage,3,1.0,0.0,1.0,0.0,1.0,0.0,8,0.0,1.0,0.0,1.0,0.0,1.0,0.0,929.3333333333334,14.46835627614047,15,0.0,1.0,0.0,1.0,0.0,1.0,0.0,0,0.0
spherical,8,8,10,100,2,hdbscan_common,3,0.99744377347849,0.0014690597252347483,0.9974586626284591,0.0014558346713059867,0.9977777777777778,0.0012729376930432578,8,0.0,0.9970408995564544,0.0014815766775388224,0.9988842375404967,0.0006398229235252999,0.7083333333333334,0.14433756729740643,1199,0.0,15,0.0,0.9988842375404967,0.0006398229235252999,0.9988842375404967,0.0006398229235252999,0.9988842375404967,0.0006398229235252999,0,0.0
spherical,8,8,10,100,2,hgp_first_coverage,3,1.0,0.0,1.0,0.0,1.0,0.0,8,0.0,1.0,0.0,1.0,0.0,1.0,0.0,929.3333333333334,14.46835627614047,15,0.0,1.0,0.0,1.0,0.0,1.0,0.0,0,0.0
spherical,16,2,5,10,1,hdbscan_common,3,0.012946086731696728,0.005781804565546837,0.015693699468511735,0.012608724922977353,0.6872222222222222,0.18950288280813193,3.3333333333333335,2.309401076758503,0.0985222196985766,0.00477014819965691,0.054438656780421535,0.019963289800218532,0.0,0.0,1199,0.0,29.666666666666668,7.023769168568492,0.2571787013882304,0.0033662680020639015,0.25301253348010133,0.0041792802870082284,0.2484765861609024,0.004499888851253856,0,0.0
spherical,16,2,5,10,1,hdbscan_standard,3,0.012885699033208839,0.00587428236506416,0.015686366282520077,0.012658258910829421,0.6880555555555555,0.18950288280813193,3.3333333333333335,2.309401076758503,0.0985222196985766,0.00477014819965691,0.054658672803202295,0.01980187206892161,0.0,0.0,,,,,,,,,,,0,0.0
spherical,16,2,5,10,1,hgp_first_coverage,3,0.03184123419035518,0.02134841371262174,0.0833098522320661,0.06564091522318456,0.6788888888888889,0.20494974542103767,21.333333333333332,15.044378795195676,0.15371772529576372,0.0033593140732656327,0.21325614884195576,0.1588243580270277,0.0,0.0,905.3333333333334,13.316656236958785,69.66666666666667,2.309401076758503,0.3597010560790043,0.0038672672304553395,0.359274210794003,0.0031557292662401683,0.3569669357031947,0.003037989293431705,0,0.0
spherical,16,2,5,10,2,hdbscan_common,3,0.019453384959475923,0.012212981956484523,0.02716542050728464,0.01968846635772715,0.5986111111111111,0.14284396433923327,4.333333333333333,2.0816659994661326,0.0985222196985766,0.00477014819965691,0.07913309253076616,0.04221335732845672,0.0,0.0,1199,0.0,29.666666666666668,7.023769168568492,0.2571787013882304,0.0033662680020639015,0.25301253348010133,0.0041792802870082284,0.2484765861609024,0.004499888851253856,0,0.0
spherical,16,2,5,10,2,hgp_first_coverage,3,0.03184123419035518,0.02134841371262174,0.0833098522320661,0.06564091522318456,0.6788888888888889,0.20494974542103767,21.333333333333332,15.044378795195676,0.15371772529576372,0.0033593140732656327,0.21325614884195576,0.1588243580270277,0.0,0.0,905.3333333333334,13.316656236958785,69.66666666666667,2.309401076758503,0.3597010560790043,0.0038672672304553395,0.359274210794003,0.0031557292662401683,0.3569669357031947,0.003037989293431705,0,0.0
spherical,16,2,5,20,1,hdbscan_common,3,0.019687074166180284,0.006339482671078437,0.018367325669589298,0.006698805095767241,0.6847222222222222,0.13095889233450883,2.3333333333333335,0.5773502691896257,0.0985222196985766,0.00477014819965691,0.05394124340274583,0.01702778957709265,0.0,0.0,1199,0.0,10.333333333333334,1.1547005383792515,0.2571787013882304,0.0033662680020639015,0.23764914168910184,0.0028635552755462263,0.2269146355519254,0.007962567055122131,0,0.0
spherical,16,2,5,20,1,hdbscan_standard,3,0.019609850851448275,0.0062414169559607885,0.01830454933097832,0.006568822490333597,0.6852777777777778,0.1311337668749541,2.3333333333333335,0.5773502691896257,0.0985222196985766,0.00477014819965691,0.054192754436865866,0.016914056954420803,0.0,0.0,,,,,,,,,,,0,0.0
spherical,16,2,5,20,1,hgp_first_coverage,3,0.020053599284711086,0.016358419183192318,0.01989932494719654,0.017374039904669077,0.8480555555555556,0.08945177678710677,2.6666666666666665,1.1547005383792515,0.15371772529576372,0.0033593140732656327,0.07773603767001361,0.041916120649217056,0.0,0.0,905.3333333333334,13.316656236958785,25.666666666666668,4.163331998932265,0.3597010560790043,0.0038672672304553395,0.35339804086583,0.00824930649466595,0.3486927254131588,0.008599350995978883,0,0.0
spherical,16,2,5,20,2,hdbscan_common,3,0.019687074166180284,0.006339482671078437,0.018367325669589298,0.006698805095767241,0.6847222222222222,0.13095889233450883,2.3333333333333335,0.5773502691896257,0.0985222196985766,0.00477014819965691,0.05394124340274583,0.01702778957709265,0.0,0.0,1199,0.0,10.333333333333334,1.1547005383792515,0.2571787013882304,0.0033662680020639015,0.23764914168910184,0.0028635552755462263,0.2269146355519254,0.007962567055122131,0,0.0
spherical,16,2,5,20,2,hgp_first_coverage,3,0.03568821445689397,0.024216698823557675,0.09883625165958324,0.07819921099608707,0.6305555555555555,0.24882269084929032,9,6.557438524302,0.15371772529576372,0.0033593140732656327,0.19624515145407315,0.12891032359970084,0.0,0.0,905.3333333333334,13.316656236958785,25.666666666666668,4.163331998932265,0.3597010560790043,0.0038672672304553395,0.35339804086583,0.00824930649466595,0.3486927254131588,0.008599350995978883,0,0.0
spherical,16,2,5,50,1,hdbscan_common,3,0.007013268977939597,0.006708091125478852,0.024795632097038764,0.021711143933678463,0.15361111111111111,0.14645423378172648,1.3333333333333333,1.1547005383792515,0.0985222196985766,0.00477014819965691,0.02403125177471108,0.020969763931438415,0.0,0.0,1199,0.0,3,2.0,0.2571787013882304,0.0033662680020639015,0.1791913063507582,0.027381579456872335,0.09919056069008368,0.0917883739989301,0,0.0
spherical,16,2,5,50,1,hdbscan_standard,3,0.007075997953821673,0.0067431595815772745,0.024816728956813517,0.021708457063491785,0.15416666666666667,0.1468913997936344,1.3333333333333333,1.1547005383792515,0.0985222196985766,0.00477014819965691,0.023934059779096625,0.02088399916462925,0.0,0.0,,,,,,,,,,,0,0.0
spherical,16,2,5,50,1,hgp_first_coverage,3,0.024170614921078217,0.010089611157800969,0.0365393128408273,0.020958508932716263,0.5858333333333333,0.33294560783674226,2.6666666666666665,0.5773502691896257,0.15371772529576372,0.0033593140732656327,0.06977409497019003,0.02584402436744364,0.0,0.0,905.3333333333334,13.316656236958785,8.333333333333334,4.163331998932265,0.3597010560790043,0.0038672672304553395,0.2612207285657992,0.05439832854402363,0.23105318781615872,0.07787706745793227,0,0.0
spherical,16,2,5,50,2,hdbscan_common,3,0.007013268977939597,0.006708091125478852,0.024795632097038764,0.021711143933678463,0.15361111111111111,0.14645423378172648,1.3333333333333333,1.1547005383792515,0.0985222196985766,0.00477014819965691,0.02403125177471108,0.020969763931438415,0.0,0.0,1199,0.0,3,2.0,0.2571787013882304,0.0033662680020639015,0.1791913063507582,0.027381579456872335,0.09919056069008368,0.0917883739989301,0,0.0
spherical,16,2,5,50,2,hgp_first_coverage,3,0.024170614921078217,0.010089611157800969,0.0365393128408273,0.020958508932716263,0.5858333333333333,0.33294560783674226,2.6666666666666665,0.5773502691896257,0.15371772529576372,0.0033593140732656327,0.06977409497019003,0.02584402436744364,0.0,0.0,905.3333333333334,13.316656236958785,8.333333333333334,4.163331998932265,0.3597010560790043,0.0038672672304553395,0.2612207285657992,0.05439832854402363,0.23105318781615872,0.07787706745793227,0,0.0
spherical,16,2,5,100,1,hdbscan_common,3,0.0,0.0,0.0,0.0,0.0,0.0,0,0.0,0.0985222196985766,0.00477014819965691,0.0,0.0,0.0,0.0,1199,0.0,1,0.0,0.2571787013882304,0.0033662680020639015,0.1628597532766141,0.006483565636211936,0.0,0.0,16,0.0
spherical,16,2,5,100,1,hdbscan_standard,3,0.0,0.0,0.0,0.0,0.0,0.0,0,0.0,0.0985222196985766,0.00477014819965691,0.0,0.0,0.0,0.0,,,,,,,,,,,16,0.0
spherical,16,2,5,100,1,hgp_first_coverage,3,0.016427115768249057,0.02845259913242322,0.022540144611366792,0.03904067567683713,0.16361111111111112,0.2833827571272413,0.6666666666666666,1.1547005383792515,0.15371772529576372,0.0033593140732656327,0.012879067289566429,0.022307198899627446,0.0,0.0,905.3333333333334,13.316656236958785,1.6666666666666667,1.1547005383792515,0.3597010560790043,0.0038672672304553395,0.18924591865445717,0.02005593885944876,0.055888178564598524,0.0968011648163665,16,0.0
spherical,16,2,5,100,2,hdbscan_common,3,0.0,0.0,0.0,0.0,0.0,0.0,0,0.0,0.0985222196985766,0.00477014819965691,0.0,0.0,0.0,0.0,1199,0.0,1,0.0,0.2571787013882304,0.0033662680020639015,0.1628597532766141,0.006483565636211936,0.0,0.0,16,0.0
spherical,16,2,5,100,2,hgp_first_coverage,3,0.016427115768249057,0.02845259913242322,0.022540144611366792,0.03904067567683713,0.16361111111111112,0.2833827571272413,0.6666666666666666,1.1547005383792515,0.15371772529576372,0.0033593140732656327,0.012879067289566429,0.022307198899627446,0.0,0.0,905.3333333333334,13.316656236958785,1.6666666666666667,1.1547005383792515,0.3597010560790043,0.0038672672304553395,0.18924591865445717,0.02005593885944876,0.055888178564598524,0.0968011648163665,16,0.0
spherical,16,2,10,10,1,hdbscan_common,3,0.018400968228703296,0.003239505252077041,0.02205362126402157,0.011516479252155999,0.5755555555555556,0.14641629513644128,3,1.0,0.08444034787517851,0.0010027632741443182,0.056106292251637206,0.022693690122769377,0.0,0.0,1199,0.0,14.333333333333334,2.309401076758503,0.2211552912361975,0.007785674559601024,0.21988699705880146,0.009487611922022104,0.21102156569674935,0.008133476558933714,0,0.0
spherical,16,2,10,10,1,hdbscan_standard,3,0.018261114608643873,0.0032043644973093533,0.02181993715608863,0.011244809315550632,0.5772222222222223,0.14558391369215873,3,1.0,0.08444034787517851,0.0010027632741443182,0.056326386347091806,0.02190010080232709,0.0,0.0,,,,,,,,,,,0,0.0
spherical,16,2,10,10,1,hgp_first_coverage,3,0.03619513108479758,0.027185918159428845,0.09568980249240956,0.07910308350804289,0.6725,0.23083333333333333,21.666666666666668,16.165807537309522,0.1695503694538355,0.007973352254217213,0.21087290208653653,0.15412322981363322,0.0,0.0,837,3.4641016151377544,65.66666666666667,3.0550504633038935,0.3766872980118695,0.02284654888558118,0.3766872980118695,0.02284654888558118,0.3739308014441931,0.02324923784897266,0,0.0
spherical,16,2,10,10,2,hdbscan_common,3,0.016199341116407587,0.003633621021388705,0.027979045150680972,0.020964810535500065,0.5366666666666666,0.20631859128811225,3.3333333333333335,1.5275252316519468,0.08444034787517851,0.0010027632741443182,0.06312967330648002,0.03154866517945293,0.0,0.0,1199,0.0,14.333333333333334,2.309401076758503,0.2211552912361975,0.007785674559601024,0.21988699705880146,0.009487611922022104,0.21102156569674935,0.008133476558933714,0,0.0
spherical,16,2,10,10,2,hgp_first_coverage,3,0.04330020547034701,0.018578502776978655,0.1280640566707158,0.030738281590231228,0.5411111111111111,0.050890223175132754,31.333333333333332,0.5773502691896257,0.1695503694538355,0.007973352254217213,0.29561414566580785,0.026316905567893643,0.0,0.0,837,3.4641016151377544,65.66666666666667,3.0550504633038935,0.3766872980118695,0.02284654888558118,0.3766872980118695,0.02284654888558118,0.3739308014441931,0.02324923784897266,0,0.0
spherical,16,2,10,20,1,hdbscan_common,3,0.020849500445295276,0.0004661564678560205,0.030150823977779417,0.010631880275129438,0.4638888888888889,0.1001954109247044,2.6666666666666665,0.5773502691896257,0.08444034787517851,0.0010027632741443182,0.05428061959259136,0.016156838347144323,0.0,0.0,1199,0.0,8.333333333333334,2.309401076758503,0.2211552912361975,0.007785674559601024,0.20620661437484772,0.009387481057553484,0.18860690957305307,0.015906551102151452,0,0.0
spherical,16,2,10,20,1,hdbscan_standard,3,0.020820860668224576,0.0006549924063518049,0.03014303745637565,0.010898027086817,0.465,0.10062650965051131,2.6666666666666665,0.5773502691896257,0.08444034787517851,0.0010027632741443182,0.05454457383577644,0.016295594737270627,0.0,0.0,,,,,,,,,,,0,0.0
spherical,16,2,10,20,1,hgp_first_coverage,3,0.02339152560167719,0.01254612076329896,0.02292932893837192,0.01249480072544116,0.8966666666666667,0.06125991983163034,3,1.0,0.1695503694538355,0.007973352254217213,0.09808846821702062,0.03866550850626642,0.0,0.0,837,3.4641016151377544,27,6.0,0.3766872980118695,0.02284654888558118,0.37043261453701415,0.023550932771917475,0.3658232070295604,0.02479532456282862,0,0.0
spherical,16,2,10,20,2,hdbscan_common,3,0.020849500445295276,0.0004661564678560205,0.030150823977779417,0.010631880275129438,0.4638888888888889,0.1001954109247044,2.6666666666666665,0.5773502691896257,0.08444034787517851,0.0010027632741443182,0.05428061959259136,0.016156838347144323,0.0,0.0,1199,0.0,8.333333333333334,2.309401076758503,0.2211552912361975,0.007785674559601024,0.20620661437484772,0.009387481057553484,0.18860690957305307,0.015906551102151452,0,0.0
spherical,16,2,10,20,2,hgp_first_coverage,3,0.02339152560167719,0.01254612076329896,0.02292932893837192,0.01249480072544116,0.8966666666666667,0.06125991983163034,3,1.0,0.1695503694538355,0.007973352254217213,0.09808846821702062,0.03866550850626642,0.0,0.0,837,3.4641016151377544,27,6.0,0.3766872980118695,0.02284654888558118,0.37043261453701415,0.023550932771917475,0.3658232070295604,0.02479532456282862,0,0.0
spherical,16,2,10,50,1,hdbscan_common,3,0.004706570973999387,0.008152020056395875,0.014475176625783194,0.025071741364389916,0.09222222222222222,0.15973357447579647,0.6666666666666666,1.1547005383792515,0.08444034787517851,0.0010027632741443182,0.01098438044545829,0.019025505021199814,0.0,0.0,1199,0.0,1.6666666666666667,1.1547005383792515,0.2211552912361975,0.007785674559601024,0.16522287883854936,0.01677390341392706,0.04780993568418718,0.08280923771161249,0,0.0
spherical,16,2,10,50,1,hdbscan_standard,3,0.004709267633057429,0.008156690806895095,0.014407599532505795,0.02495469440540564,0.09250000000000001,0.16021469970012117,0.6666666666666666,1.1547005383792515,0.08444034787517851,0.0010027632741443182,0.010945767195767196,0.018958624910889496,0.0,0.0,,,,,,,,,,,0,0.0
spherical,16,2,10,50,1,hgp_first_coverage,3,0.02017731133960377,0.007632895968624936,0.01964438065460059,0.007581174454011413,0.91,0.03940530139178965,2.6666666666666665,0.5773502691896257,0.1695503694538355,0.007973352254217213,0.08817274355998991,0.027855118507497282,0.0,0.0,837,3.4641016151377544,11,2.0,0.3766872980118695,0.02284654888558118,0.32022626469043125,0.017011958233659606,0.3105138800623462,0.017987974499047942,0,0.0
spherical,16,2,10,50,2,hdbscan_common,3,0.004706570973999387,0.008152020056395875,0.014475176625783194,0.025071741364389916,0.09222222222222222,0.15973357447579647,0.6666666666666666,1.1547005383792515,0.08444034787517851,0.0010027632741443182,0.01098438044545829,0.019025505021199814,0.0,0.0,1199,0.0,1.6666666666666667,1.1547005383792515,0.2211552912361975,0.007785674559601024,0.16522287883854936,0.01677390341392706,0.04780993568418718,0.08280923771161249,0,0.0
spherical,16,2,10,50,2,hgp_first_coverage,3,0.02017731133960377,0.007632895968624936,0.01964438065460059,0.007581174454011413,0.91,0.03940530139178965,2.6666666666666665,0.5773502691896257,0.1695503694538355,0.007973352254217213,0.08817274355998991,0.027855118507497282,0.0,0.0,837,3.4641016151377544,11,2.0,0.3766872980118695,0.02284654888558118,0.32022626469043125,0.017011958233659606,0.3105138800623462,0.017987974499047942,0,0.0
spherical,16,2,10,100,1,hdbscan_common,3,0.0,0.0,0.0,0.0,0.0,0.0,0,0.0,0.08444034787517851,0.0010027632741443182,0.0,0.0,0.0,0.0,1199,0.0,1,0.0,0.2211552912361975,0.007785674559601024,0.15580619642041926,0.004085166422364973,0.0,0.0,16,0.0
spherical,16,2,10,100,1,hdbscan_standard,3,0.0,0.0,0.0,0.0,0.0,0.0,0,0.0,0.08444034787517851,0.0010027632741443182,0.0,0.0,0.0,0.0,,,,,,,,,,,16,0.0
spherical,16,2,10,100,1,hgp_first_coverage,3,0.043345647937433666,0.016232393118750403,0.06755759942624368,0.007310939468736423,0.4297222222222222,0.09289081603529868,2,0.0,0.1695503694538355,0.007973352254217213,0.04279991620074786,0.0028747767107989504,0.0,0.0,837,3.4641016151377544,3.6666666666666665,1.1547005383792515,0.3766872980118695,0.02284654888558118,0.21530759680676795,0.013576353492049754,0.1702885392885105,0.027865729534209054,16,0.0
spherical,16,2,10,100,2,hdbscan_common,3,0.0,0.0,0.0,0.0,0.0,0.0,0,0.0,0.08444034787517851,0.0010027632741443182,0.0,0.0,0.0,0.0,1199,0.0,1,0.0,0.2211552912361975,0.007785674559601024,0.15580619642041926,0.004085166422364973,0.0,0.0,16,0.0
spherical,16,2,10,100,2,hgp_first_coverage,3,0.043345647937433666,0.016232393118750403,0.06755759942624368,0.007310939468736423,0.4297222222222222,0.09289081603529868,2,0.0,0.1695503694538355,0.007973352254217213,0.04279991620074786,0.0028747767107989504,0.0,0.0,837,3.4641016151377544,3.6666666666666665,1.1547005383792515,0.3766872980118695,0.02284654888558118,0.21530759680676795,0.013576353492049754,0.1702885392885105,0.027865729534209054,16,0.0
spherical,16,4,5,10,1,hdbscan_common,3,0.11217137909375045,0.14689200431503824,0.21239131407508213,0.32026358042839315,0.8772222222222222,0.19201116383439018,7,7.810249675906654,0.5108645288978076,0.003448107378917542,0.3196380653631234,0.3794677592244047,0.0625,0.0,1199,0.0,33.666666666666664,4.163331998932265,0.7547142865604565,0.006168730489682772,0.7547142865604565,0.006168730489682772,0.7538361652548066,0.006255372026470207,0,0.0
spherical,16,4,5,10,1,hdbscan_standard,3,0.1143784149651119,0.15070568314556082,0.21292738081296494,0.3211916030705165,0.8791666666666667,0.18864833538741987,7,7.810249675906654,0.5108645288978076,0.003448107378917542,0.31976257499316924,0.37968269780924246,0.0625,0.0,,,,,,,,,,,0,0.0
spherical,16,4,5,10,1,hgp_first_coverage,3,0.6494879107726165,0.003296821636636444,0.7223772671200902,0.026957575070167356,0.8761111111111112,0.01616609391883495,18.666666666666668,2.0816659994661326,0.7494270355558296,0.021841072372417173,0.7781231374832592,0.05639953077725186,0.08333333333333333,0.03608439182435161,952,11.789826122551595,57,5.291502622129181,0.8689821866821327,0.026766391808281463,0.8689821866821327,0.026766391808281463,0.8657987825685859,0.02907104486957798,0,0.0
spherical,16,4,5,10,2,hdbscan_common,3,0.29222680773607834,0.01643834084021109,0.581697080555835,0.004387310722730143,0.6672222222222223,0.01318493809589532,16.333333333333332,1.5275252316519468,0.5108645288978076,0.003448107378917542,0.7410726715331041,0.017476945674547297,0.0625,0.0,1199,0.0,33.666666666666664,4.163331998932265,0.7547142865604565,0.006168730489682772,0.7547142865604565,0.006168730489682772,0.7538361652548066,0.006255372026470207,0,0.0
spherical,16,4,5,10,2,hgp_first_coverage,3,0.642506415897088,0.015357520553871625,0.7273525113621421,0.022809130786919554,0.8661111111111112,0.017879483379726804,19.333333333333332,1.5275252316519468,0.7494270355558296,0.021841072372417173,0.7930227932365735,0.044012591492179745,0.08333333333333333,0.03608439182435161,952,11.789826122551595,57,5.291502622129181,0.8689821866821327,0.026766391808281463,0.8689821866821327,0.026766391808281463,0.8657987825685859,0.02907104486957798,0,0.0
spherical,16,4,5,20,1,hdbscan_common,3,0.11217137909375045,0.14689200431503824,0.21239131407508213,0.32026358042839315,0.8772222222222222,0.19201116383439018,7,7.810249675906654,0.5108645288978076,0.003448107378917542,0.3196380653631234,0.3794677592244047,0.0625,0.0,1199,0.0,30.333333333333332,1.1547005383792515,0.7547142865604565,0.006168730489682772,0.7547142865604565,0.006168730489682772,0.7538361652548066,0.006255372026470207,0,0.0
spherical,16,4,5,20,1,hdbscan_standard,3,0.1143784149651119,0.15070568314556082,0.21292738081296494,0.3211916030705165,0.8791666666666667,0.18864833538741987,7,7.810249675906654,0.5108645288978076,0.003448107378917542,0.31976257499316924,0.37968269780924246,0.0625,0.0,,,,,,,,,,,0,0.0
spherical,16,4,5,20,1,hgp_first_coverage,3,0.7068552318741551,0.030956198585675467,0.7577168671107949,0.04296324978261097,0.9,0.012610621625351294,14.666666666666666,1.1547005383792515,0.7494270355558296,0.021841072372417173,0.8141218331663053,0.0738785844894613,0.08333333333333333,0.03608439182435161,952,11.789826122551595,32.333333333333336,3.0550504633038935,0.8689821866821327,0.026766391808281463,0.8689821866821327,0.026766391808281463,0.8657987825685859,0.02907104486957798,0,0.0
spherical,16,4,5,20,2,hdbscan_common,3,0.3072114812423914,0.03497753996581264,0.5776559420137294,0.015860764595468455,0.6797222222222222,0.03508257454972532,15,1.7320508075688772,0.5108645288978076,0.003448107378917542,0.7202617017877949,0.0638963512977849,0.0625,0.0,1199,0.0,30.333333333333332,1.1547005383792515,0.7547142865604565,0.006168730489682772,0.7547142865604565,0.006168730489682772,0.7538361652548066,0.006255372026470207,0,0.0
spherical,16,4,5,20,2,hgp_first_coverage,3,0.7068552318741551,0.030956198585675467,0.7577168671107949,0.04296324978261097,0.9,0.012610621625351294,14.666666666666666,1.1547005383792515,0.7494270355558296,0.021841072372417173,0.8141218331663053,0.0738785844894613,0.08333333333333333,0.03608439182435161,952,11.789826122551595,32.333333333333336,3.0550504633038935,0.8689821866821327,0.026766391808281463,0.8689821866821327,0.026766391808281463,0.8657987825685859,0.02907104486957798,0,0.0
spherical,16,4,5,50,1,hdbscan_common,3,0.024184755629823643,0.011776705443511863,0.024193809712679752,0.011790858443429952,0.99,0.011023963796102421,2.3333333333333335,0.5773502691896257,0.5108645288978076,0.003448107378917542,0.09097445302047215,0.03573656209950048,0.0625,0.0,1199,0.0,19,3.4641016151377544,0.7547142865604565,0.006168730489682772,0.6592880613194446,0.05738130014070872,0.626776451429141,0.05626202614719014,0,0.0
spherical,16,4,5,50,1,hdbscan_standard,3,0.024184755629823643,0.011776705443511863,0.024193809712679752,0.011790858443429952,0.99,0.011023963796102421,2.3333333333333335,0.5773502691896257,0.5108645288978076,0.003448107378917542,0.09097445302047215,0.03573656209950048,0.0625,0.0,,,,,,,,,,,0,0.0
spherical,16,4,5,50,1,hgp_first_coverage,3,0.4661624663685407,0.3887872892180604,0.4887283079805046,0.4083897821298323,0.9427777777777778,0.04955589810544287,9.666666666666666,6.6583281184793925,0.7494270355558296,0.021841072372417173,0.5167024821906699,0.3881158347246035,0.08333333333333333,0.03608439182435161,952,11.789826122551595,28.333333333333332,2.309401076758503,0.8689821866821327,0.026766391808281463,0.8640699584097621,0.030980034146460035,0.8580939257404735,0.03587208812138897,0,0.0
spherical,16,4,5,50,2,hdbscan_common,3,0.10139207016649772,0.12827346072714121,0.11517782117811566,0.15206584314253258,0.9225,0.11378280967605688,4,2.6457513110645907,0.5108645288978076,0.003448107378917542,0.17774292000528583,0.13600337119488318,0.0625,0.0,1199,0.0,19,3.4641016151377544,0.7547142865604565,0.006168730489682772,0.6592880613194446,0.05738130014070872,0.626776451429141,0.05626202614719014,0,0.0
spherical,16,4,5,50,2,hgp_first_coverage,3,0.6858954154194441,0.011498693185588972,0.7179079899229327,0.0156907927162384,0.9141666666666667,0.0,13.666666666666666,0.5773502691896257,0.7494270355558296,0.021841072372417173,0.7506660033418084,0.039163410634468473,0.08333333333333333,0.03608439182435161,952,11.789826122551595,28.333333333333332,2.309401076758503,0.8689821866821327,0.026766391808281463,0.8640699584097621,0.030980034146460035,0.8580939257404735,0.03587208812138897,0,0.0
spherical,16,4,5,100,1,hdbscan_common,3,0.13098998060115738,0.01405755515153987,0.18651581505606507,0.047345626618323214,0.5511111111111111,0.05859662801573835,2.6666666666666665,1.1547005383792515,0.5108645288978076,0.003448107378917542,0.07214617884452426,0.0486852083748774,0.0,0.0,1199,0.0,4.333333333333333,2.309401076758503,0.7547142865604565,0.006168730489682772,0.33870361876921257,0.049055607633688075,0.24219088204128916,0.07487596085402201,16,0.0
spherical,16,4,5,100,1,hdbscan_standard,3,0.13133880278852608,0.01422528518591408,0.1863352622487693,0.04739175186025184,0.5519444444444445,0.05859662801573835,2.6666666666666665,1.1547005383792515,0.5108645288978076,0.003448107378917542,0.07209171941342325,0.048691095280275334,0.0,0.0,,,,,,,,,,,16,0.0
spherical,16,4,5,100,1,hgp_first_coverage,3,0.19871406174297226,0.023059008764502648,0.1835843739996364,0.028256068948723328,0.6897222222222222,0.036135675405851164,2.3333333333333335,0.5773502691896257,0.7494270355558296,0.021841072372417173,0.05612129463998071,0.02776192289137994,0.0,0.0,952,11.789826122551595,5.666666666666667,1.1547005383792515,0.8689821866821327,0.026766391808281463,0.40500882472451366,0.01031981005284715,0.3073362345949609,0.044147188738860366,16,0.0
spherical,16,4,5,100,2,hdbscan_common,3,0.13098998060115738,0.01405755515153987,0.18651581505606507,0.047345626618323214,0.5511111111111111,0.05859662801573835,2.6666666666666665,1.1547005383792515,0.5108645288978076,0.003448107378917542,0.07214617884452426,0.0486852083748774,0.0,0.0,1199,0.0,4.333333333333333,2.309401076758503,0.7547142865604565,0.006168730489682772,0.33870361876921257,0.049055607633688075,0.24219088204128916,0.07487596085402201,16,0.0
spherical,16,4,5,100,2,hgp_first_coverage,3,0.19871406174297226,0.023059008764502648,0.1835843739996364,0.028256068948723328,0.6897222222222222,0.036135675405851164,2.3333333333333335,0.5773502691896257,0.7494270355558296,0.021841072372417173,0.05612129463998071,0.02776192289137994,0.0,0.0,952,11.789826122551595,5.666666666666667,1.1547005383792515,0.8689821866821327,0.026766391808281463,0.40500882472451366,0.01031981005284715,0.3073362345949609,0.044147188738860366,16,0.0
spherical,16,4,10,10,1,hdbscan_common,3,0.031984204574762656,0.025849417937400407,0.032235185712092995,0.026289418792755925,0.9558333333333333,0.06641619615057094,2.6666666666666665,1.1547005383792515,0.39984484830842637,0.01667811020100741,0.10855589434792058,0.06728480977598741,0.020833333333333332,0.03608439182435161,1199,0.0,29.666666666666668,1.1547005383792515,0.6587247253435538,0.016071647412621612,0.6587247253435538,0.016071647412621612,0.6562405428691431,0.01766180422357585,0,0.0
spherical,16,4,10,10,1,hdbscan_standard,3,0.03204825744061382,0.025768277930914577,0.032283661277478386,0.02617706744059333,0.9569444444444445,0.06520445054112768,2.6666666666666665,1.1547005383792515,0.39984484830842637,0.01667811020100741,0.10869828768311546,0.0671565741227988,0.041666666666666664,0.03608439182435161,,,,,,,,,,,0,0.0
spherical,16,4,10,10,1,hgp_first_coverage,3,0.7456695592049368,0.036377801567494726,0.7900619787810707,0.03063442096592397,0.9030555555555556,0.019299059658535258,17.666666666666668,0.5773502691896257,0.810427093236986,0.021684411904520078,0.8550226957200896,0.03848805786994151,0.08333333333333333,0.03608439182435161,901.6666666666666,13.613718571108091,54.333333333333336,2.309401076758503,0.9048997735378357,0.016804005526496708,0.9048997735378357,0.016804005526496708,0.9031286408859301,0.017067635023923895,0,0.0
spherical,16,4,10,10,2,hdbscan_common,3,0.06536164872365686,0.08365935137255805,0.16892045946497244,0.2630333187760939,0.8433333333333334,0.2612563130550363,6.666666666666667,8.082903768654761,0.39984484830842637,0.01667811020100741,0.26933414450686854,0.3457584984629593,0.020833333333333332,0.03608439182435161,1199,0.0,29.666666666666668,1.1547005383792515,0.6587247253435538,0.016071647412621612,0.6587247253435538,0.016071647412621612,0.6562405428691431,0.01766180422357585,0,0.0
spherical,16,4,10,10,2,hgp_first_coverage,3,0.7456695592049368,0.036377801567494726,0.7900619787810707,0.03063442096592397,0.9030555555555556,0.019299059658535258,17.666666666666668,0.5773502691896257,0.810427093236986,0.021684411904520078,0.8550226957200896,0.03848805786994151,0.08333333333333333,0.03608439182435161,901.6666666666666,13.613718571108091,54.333333333333336,2.309401076758503,0.9048997735378357,0.016804005526496708,0.9048997735378357,0.016804005526496708,0.9031286408859301,0.017067635023923895,0,0.0
spherical,16,4,10,20,1,hdbscan_common,3,0.031984204574762656,0.025849417937400407,0.032235185712092995,0.026289418792755925,0.9558333333333333,0.06641619615057094,2.6666666666666665,1.1547005383792515,0.39984484830842637,0.01667811020100741,0.10855589434792058,0.06728480977598741,0.020833333333333332,0.03608439182435161,1199,0.0,27,2.0,0.6587247253435538,0.016071647412621612,0.6587247253435538,0.016071647412621612,0.6555263877432234,0.01861075586114371,0,0.0
spherical,16,4,10,20,1,hdbscan_standard,3,0.03204825744061382,0.025768277930914577,0.032283661277478386,0.02617706744059333,0.9569444444444445,0.06520445054112768,2.6666666666666665,1.1547005383792515,0.39984484830842637,0.01667811020100741,0.10869828768311546,0.0671565741227988,0.041666666666666664,0.03608439182435161,,,,,,,,,,,0,0.0
spherical,16,4,10,20,1,hgp_first_coverage,3,0.7774681048917713,0.04616562429762656,0.8032108386713458,0.040419001896539,0.9297222222222222,0.0165481900095628,15.333333333333334,1.1547005383792515,0.810427093236986,0.021684411904520078,0.8490734191214052,0.06795983462937455,0.08333333333333333,0.03608439182435161,901.6666666666666,13.613718571108091,33,2.0,0.9048997735378357,0.016804005526496708,0.9048997735378357,0.016804005526496708,0.9012854976820466,0.019218486333967486,0,0.0
spherical,16,4,10,20,2,hdbscan_common,3,0.031984204574762656,0.025849417937400407,0.032235185712092995,0.026289418792755925,0.9558333333333333,0.06641619615057094,2.6666666666666665,1.1547005383792515,0.39984484830842637,0.01667811020100741,0.10855589434792058,0.06728480977598741,0.020833333333333332,0.03608439182435161,1199,0.0,27,2.0,0.6587247253435538,0.016071647412621612,0.6587247253435538,0.016071647412621612,0.6555263877432234,0.01861075586114371,0,0.0
spherical,16,4,10,20,2,hgp_first_coverage,3,0.7790340576219906,0.044838678830138215,0.8070950984363605,0.0360309607877628,0.9252777777777778,0.016880571782487253,15.666666666666666,0.5773502691896257,0.810427093236986,0.021684411904520078,0.865313395338562,0.04963300297660765,0.08333333333333333,0.03608439182435161,901.6666666666666,13.613718571108091,33,2.0,0.9048997735378357,0.016804005526496708,0.9048997735378357,0.016804005526496708,0.9012854976820466,0.019218486333967486,0,0.0
spherical,16,4,10,50,1,hdbscan_common,3,0.01713010298874725,0.0003551049406199968,0.017130646043577065,0.0003591499788299667,0.9919444444444445,0.004194352464039292,2,0.0,0.39984484830842637,0.01667811020100741,0.06980223184698434,0.0006539694944425468,0.020833333333333332,0.03608439182435161,1199,0.0,12.333333333333334,1.1547005383792515,0.6587247253435538,0.016071647412621612,0.5006530495746498,0.014275321232548814,0.476944295224093,0.03001137911989401,0,0.0
spherical,16,4,10,50,1,hdbscan_standard,3,0.01728284531448478,0.000295804009667064,0.01728392295091226,0.0002974249970075463,0.9924999999999999,0.0038188130791298944,2,0.0,0.39984484830842637,0.01667811020100741,0.07008569141256278,0.0005019027403689801,0.041666666666666664,0.03608439182435161,,,,,,,,,,,0,0.0
spherical,16,4,10,50,1,hgp_first_coverage,3,0.7821674133720512,0.04278457711276719,0.8074445638366822,0.03909434105432228,0.9305555555555556,0.015191676570972586,15,1.0,0.810427093236986,0.021684411904520078,0.8539862694289924,0.06706929318967662,0.08333333333333333,0.03608439182435161,901.6666666666666,13.613718571108091,29,2.0,0.9048997735378357,0.016804005526496708,0.8997429544325153,0.022251486419495092,0.8891699348699469,0.03170365073309775,0,0.0
spherical,16,4,10,50,2,hdbscan_common,3,0.031984204574762656,0.025849417937400407,0.032235185712092995,0.026289418792755925,0.9558333333333333,0.06641619615057094,2.6666666666666665,1.1547005383792515,0.39984484830842637,0.01667811020100741,0.10855589434792058,0.06728480977598741,0.020833333333333332,0.03608439182435161,1199,0.0,12.333333333333334,1.1547005383792515,0.6587247253435538,0.016071647412621612,0.5006530495746498,0.014275321232548814,0.476944295224093,0.03001137911989401,0,0.0
spherical,16,4,10,50,2,hgp_first_coverage,3,0.7821674133720512,0.04278457711276719,0.8074445638366822,0.03909434105432228,0.9305555555555556,0.015191676570972586,15,1.0,0.810427093236986,0.021684411904520078,0.8539862694289924,0.06706929318967662,0.08333333333333333,0.03608439182435161,901.6666666666666,13.613718571108091,29,2.0,0.9048997735378357,0.016804005526496708,0.8997429544325153,0.022251486419495092,0.8891699348699469,0.03170365073309775,0,0.0
spherical,16,4,10,100,1,hdbscan_common,3,0.0805056818361393,0.02290010508062685,0.14324700202099785,0.006217764937882413,0.4438888888888889,0.11221362728362427,2,0.0,0.39984484830842637,0.01667811020100741,0.0457741110496508,0.00971404972613681,0.0,0.0,1199,0.0,3,0.0,0.6587247253435538,0.016071647412621612,0.28130276773411117,0.010212325804775583,0.1885283725110335,0.015280719951417325,16,0.0
spherical,16,4,10,100,1,hdbscan_standard,3,0.08093420990017204,0.022955787402196046,0.14354307755157578,0.0061809652452794826,0.44472222222222224,0.11221362728362427,2,0.0,0.39984484830842637,0.01667811020100741,0.045709166688055,0.009720003478488557,0.0,0.0,,,,,,,,,,,16,0.0
spherical,16,4,10,100,1,hgp_first_coverage,3,0.2861144938396628,0.030748402910024036,0.294057510693428,0.06055986140805129,0.7011111111111111,0.03154949081000151,3.3333333333333335,0.5773502691896257,0.810427093236986,0.021684411904520078,0.09831674550969104,0.032387316848182565,0.0,0.0,901.6666666666666,13.613718571108091,6.333333333333333,1.1547005383792515,0.9048997735378357,0.016804005526496708,0.4372851953919076,0.018647994123684796,0.3302475710539796,0.03955897884549232,16,0.0
spherical,16,4,10,100,2,hdbscan_common,3,0.0805056818361393,0.02290010508062685,0.14324700202099785,0.006217764937882413,0.4438888888888889,0.11221362728362427,2,0.0,0.39984484830842637,0.01667811020100741,0.0457741110496508,0.00971404972613681,0.0,0.0,1199,0.0,3,0.0,0.6587247253435538,0.016071647412621612,0.28130276773411117,0.010212325804775583,0.1885283725110335,0.015280719951417325,16,0.0
spherical,16,4,10,100,2,hgp_first_coverage,3,0.2861144938396628,0.030748402910024036,0.294057510693428,0.06055986140805129,0.7011111111111111,0.03154949081000151,3.3333333333333335,0.5773502691896257,0.810427093236986,0.021684411904520078,0.09831674550969104,0.032387316848182565,0.0,0.0,901.6666666666666,13.613718571108091,6.333333333333333,1.1547005383792515,0.9048997735378357,0.016804005526496708,0.4372851953919076,0.018647994123684796,0.3302475710539796,0.03955897884549232,16,0.0
spherical,16,8,5,10,1,hdbscan_common,3,0.9988122035529098,0.0020573237954099894,0.9988201545027068,0.00204355234639316,0.9988888888888889,0.001924500897298733,16,0.0,0.9989001751717476,0.0019049524819589373,0.9994369369369369,0.0009752538330905581,0.9583333333333334,0.07216878364870322,1199,0.0,33.666666666666664,2.309401076758503,0.9994369369369369,0.0009752538330905581,0.9994369369369369,0.0009752538330905581,0.9994369369369369,0.0009752538330905581,0,0.0
spherical,16,8,5,10,1,hdbscan_standard,3,0.9985243701030625,0.0025558659546634447,0.9985283334120448,0.0025490013021398175,0.9991666666666666,0.0014433756729740337,16,0.0,0.9989001751717476,0.0019049524819589373,0.9992990053812202,0.0012141582955590808,0.9583333333333334,0.07216878364870322,,,,,,,,,,,0,0.0
spherical,16,8,5,10,1,hgp_first_coverage,3,1.0,0.0,1.0,0.0,1.0,0.0,16,0.0,1.0,0.0,1.0,0.0,1.0,0.0,962.6666666666666,5.686240703077327,55,4.0,1.0,0.0,1.0,0.0,1.0,0.0,0,0.0
spherical,16,8,5,10,2,hdbscan_common,3,0.9988122035529098,0.0020573237954099894,0.9988201545027068,0.00204355234639316,0.9988888888888889,0.001924500897298733,16,0.0,0.9989001751717476,0.0019049524819589373,0.9994369369369369,0.0009752538330905581,0.9583333333333334,0.07216878364870322,1199,0.0,33.666666666666664,2.309401076758503,0.9994369369369369,0.0009752538330905581,0.9994369369369369,0.0009752538330905581,0.9994369369369369,0.0009752538330905581,0,0.0
spherical,16,8,5,10,2,hgp_first_coverage,3,0.9953346893473137,0.008080555083545007,0.9952198710005079,0.008279426293853628,0.9977777777777778,0.00384900179459753,16.333333333333332,0.5773502691896257,1.0,0.0,0.9969783715012722,0.0052336140813945215,0.9791666666666666,0.03608439182435161,962.6666666666666,5.686240703077327,55,4.0,1.0,0.0,1.0,0.0,1.0,0.0,0,0.0
spherical,16,8,5,20,1,hdbscan_common,3,0.9988122035529098,0.0020573237954099894,0.9988201545027068,0.00204355234639316,0.9988888888888889,0.001924500897298733,16,0.0,0.9989001751717476,0.0019049524819589373,0.9994369369369369,0.0009752538330905581,0.9583333333333334,0.07216878364870322,1199,0.0,31,0.0,0.9994369369369369,0.0009752538330905581,0.9994369369369369,0.0009752538330905581,0.9994369369369369,0.0009752538330905581,0,0.0
spherical,16,8,5,20,1,hdbscan_standard,3,0.9985243701030625,0.0025558659546634447,0.9985283334120448,0.0025490013021398175,0.9991666666666666,0.0014433756729740337,16,0.0,0.9989001751717476,0.0019049524819589373,0.9992990053812202,0.0012141582955590808,0.9583333333333334,0.07216878364870322,,,,,,,,,,,0,0.0
spherical,16,8,5,20,1,hgp_first_coverage,3,1.0,0.0,1.0,0.0,1.0,0.0,16,0.0,1.0,0.0,1.0,0.0,1.0,0.0,962.6666666666666,5.686240703077327,32.333333333333336,1.1547005383792515,1.0,0.0,1.0,0.0,1.0,0.0,0,0.0
spherical,16,8,5,20,2,hdbscan_common,3,0.9988122035529098,0.0020573237954099894,0.9988201545027068,0.00204355234639316,0.9988888888888889,0.001924500897298733,16,0.0,0.9989001751717476,0.0019049524819589373,0.9994369369369369,0.0009752538330905581,0.9583333333333334,0.07216878364870322,1199,0.0,31,0.0,0.9994369369369369,0.0009752538330905581,0.9994369369369369,0.0009752538330905581,0.9994369369369369,0.0009752538330905581,0,0.0
spherical,16,8,5,20,2,hgp_first_coverage,3,1.0,0.0,1.0,0.0,1.0,0.0,16,0.0,1.0,0.0,1.0,0.0,1.0,0.0,962.6666666666666,5.686240703077327,32.333333333333336,1.1547005383792515,1.0,0.0,1.0,0.0,1.0,0.0,0,0.0
spherical,16,8,5,50,1,hdbscan_common,3,0.9988122035529098,0.0020573237954099894,0.9988201545027068,0.00204355234639316,0.9988888888888889,0.001924500897298733,16,0.0,0.9989001751717476,0.0019049524819589373,0.9994369369369369,0.0009752538330905581,0.9583333333333334,0.07216878364870322,1199,0.0,31,0.0,0.9994369369369369,0.0009752538330905581,0.9994369369369369,0.0009752538330905581,0.9994369369369369,0.0009752538330905581,0,0.0
spherical,16,8,5,50,1,hdbscan_standard,3,0.9985243701030625,0.0025558659546634447,0.9985283334120448,0.0025490013021398175,0.9991666666666666,0.0014433756729740337,16,0.0,0.9989001751717476,0.0019049524819589373,0.9992990053812202,0.0012141582955590808,0.9583333333333334,0.07216878364870322,,,,,,,,,,,0,0.0
spherical,16,8,5,50,1,hgp_first_coverage,3,1.0,0.0,1.0,0.0,1.0,0.0,16,0.0,1.0,0.0,1.0,0.0,1.0,0.0,962.6666666666666,5.686240703077327,31,0.0,1.0,0.0,1.0,0.0,1.0,0.0,0,0.0
spherical,16,8,5,50,2,hdbscan_common,3,0.9988122035529098,0.0020573237954099894,0.9988201545027068,0.00204355234639316,0.9988888888888889,0.001924500897298733,16,0.0,0.9989001751717476,0.0019049524819589373,0.9994369369369369,0.0009752538330905581,0.9583333333333334,0.07216878364870322,1199,0.0,31,0.0,0.9994369369369369,0.0009752538330905581,0.9994369369369369,0.0009752538330905581,0.9994369369369369,0.0009752538330905581,0,0.0
spherical,16,8,5,50,2,hgp_first_coverage,3,1.0,0.0,1.0,0.0,1.0,0.0,16,0.0,1.0,0.0,1.0,0.0,1.0,0.0,962.6666666666666,5.686240703077327,31,0.0,1.0,0.0,1.0,0.0,1.0,0.0,0,0.0
spherical,16,8,5,100,1,hdbscan_common,3,0.30144872402210177,0.04489065657709595,0.3603498360809592,0.09080177468330504,0.6666666666666666,0.15728821740147395,3.6666666666666665,0.5773502691896257,0.9989001751717476,0.0019049524819589373,0.12748015873015872,0.041887524074495724,0.0,0.0,1199,0.0,6.333333333333333,1.1547005383792515,0.9994369369369369,0.0009752538330905581,0.4398433521821975,0.03145200722951034,0.34692460317460316,0.04836317155061133,16,0.0
spherical,16,8,5,100,1,hdbscan_standard,3,0.30144872402210177,0.04489065657709595,0.3603498360809592,0.09080177468330504,0.6666666666666666,0.15728821740147395,3.6666666666666665,0.5773502691896257,0.9989001751717476,0.0019049524819589373,0.12748015873015872,0.041887524074495724,0.0,0.0,,,,,,,,,,,16,0.0
spherical,16,8,5,100,1,hgp_first_coverage,3,0.2635398849214591,0.033886135803741495,0.38827311774943535,0.05149593685628982,0.5416666666666666,0.03608439182435161,3.3333333333333335,0.5773502691896257,1.0,0.0,0.11944444444444444,0.03202736821555613,0.0,0.0,962.6666666666666,5.686240703077327,5.666666666666667,1.1547005383792515,1.0,0.0,0.40547906954156954,0.02314303586743351,0.321911075036075,0.054097512677716314,16,0.0
spherical,16,8,5,100,2,hdbscan_common,3,0.30144872402210177,0.04489065657709595,0.3603498360809592,0.09080177468330504,0.6666666666666666,0.15728821740147395,3.6666666666666665,0.5773502691896257,0.9989001751717476,0.0019049524819589373,0.12748015873015872,0.041887524074495724,0.0,0.0,1199,0.0,6.333333333333333,1.1547005383792515,0.9994369369369369,0.0009752538330905581,0.4398433521821975,0.03145200722951034,0.34692460317460316,0.04836317155061133,16,0.0
spherical,16,8,5,100,2,hgp_first_coverage,3,0.2635398849214591,0.033886135803741495,0.38827311774943535,0.05149593685628982,0.5416666666666666,0.03608439182435161,3.3333333333333335,0.5773502691896257,1.0,0.0,0.11944444444444444,0.03202736821555613,0.0,0.0,962.6666666666666,5.686240703077327,5.666666666666667,1.1547005383792515,1.0,0.0,0.40547906954156954,0.02314303586743351,0.321911075036075,0.054097512677716314,16,0.0
spherical,16,8,10,10,1,hdbscan_common,3,0.9985279743952461,0.001834510463044753,0.9985278999490328,0.001834635566998355,0.9986111111111111,0.0017347216662217551,16,0.0,0.9983909165980115,0.0016512381807265069,0.9992951878738072,0.0008827806466503263,0.9375,0.0625,1199,0.0,31,0.0,0.9992951878738072,0.0008827806466503263,0.9992951878738072,0.0008827806466503263,0.9992951878738072,0.0008827806466503263,0,0.0
spherical,16,8,10,10,1,hdbscan_standard,3,0.9982281211803531,0.002341783389193934,0.9982320844067353,0.002335043992307005,0.9988888888888889,0.0012729376930432578,16,0.0,0.9983909165980115,0.0016512381807265069,0.9991572311251122,0.0011163315406773032,0.9375,0.0625,,,,,,,,,,,0,0.0
spherical,16,8,10,10,1,hgp_first_coverage,3,1.0,0.0,1.0,0.0,1.0,0.0,16,0.0,1.0,0.0,1.0,0.0,1.0,0.0,909.3333333333334,19.008769905844336,52.333333333333336,5.033222956847166,1.0,0.0,1.0,0.0,1.0,0.0,0,0.0
spherical,16,8,10,10,2,hdbscan_common,3,0.9985279743952461,0.001834510463044753,0.9985278999490328,0.001834635566998355,0.9986111111111111,0.0017347216662217551,16,0.0,0.9983909165980115,0.0016512381807265069,0.9992951878738072,0.0008827806466503263,0.9375,0.0625,1199,0.0,31,0.0,0.9992951878738072,0.0008827806466503263,0.9992951878738072,0.0008827806466503263,0.9992951878738072,0.0008827806466503263,0,0.0
spherical,16,8,10,10,2,hgp_first_coverage,3,1.0,0.0,1.0,0.0,1.0,0.0,16,0.0,1.0,0.0,1.0,0.0,1.0,0.0,909.3333333333334,19.008769905844336,52.333333333333336,5.033222956847166,1.0,0.0,1.0,0.0,1.0,0.0,0,0.0
spherical,16,8,10,20,1,hdbscan_common,3,0.9985279743952461,0.001834510463044753,0.9985278999490328,0.001834635566998355,0.9986111111111111,0.0017347216662217551,16,0.0,0.9983909165980115,0.0016512381807265069,0.9992951878738072,0.0008827806466503263,0.9375,0.0625,1199,0.0,31,0.0,0.9992951878738072,0.0008827806466503263,0.9992951878738072,0.0008827806466503263,0.9992951878738072,0.0008827806466503263,0,0.0
spherical,16,8,10,20,1,hdbscan_standard,3,0.9982281211803531,0.002341783389193934,0.9982320844067353,0.002335043992307005,0.9988888888888889,0.0012729376930432578,16,0.0,0.9983909165980115,0.0016512381807265069,0.9991572311251122,0.0011163315406773032,0.9375,0.0625,,,,,,,,,,,0,0.0
spherical,16,8,10,20,1,hgp_first_coverage,3,1.0,0.0,1.0,0.0,1.0,0.0,16,0.0,1.0,0.0,1.0,0.0,1.0,0.0,909.3333333333334,19.008769905844336,33.666666666666664,2.309401076758503,1.0,0.0,1.0,0.0,1.0,0.0,0,0.0
spherical,16,8,10,20,2,hdbscan_common,3,0.9985279743952461,0.001834510463044753,0.9985278999490328,0.001834635566998355,0.9986111111111111,0.0017347216662217551,16,0.0,0.9983909165980115,0.0016512381807265069,0.9992951878738072,0.0008827806466503263,0.9375,0.0625,1199,0.0,31,0.0,0.9992951878738072,0.0008827806466503263,0.9992951878738072,0.0008827806466503263,0.9992951878738072,0.0008827806466503263,0,0.0
spherical,16,8,10,20,2,hgp_first_coverage,3,1.0,0.0,1.0,0.0,1.0,0.0,16,0.0,1.0,0.0,1.0,0.0,1.0,0.0,909.3333333333334,19.008769905844336,33.666666666666664,2.309401076758503,1.0,0.0,1.0,0.0,1.0,0.0,0,0.0
spherical,16,8,10,50,1,hdbscan_common,3,0.9985279743952461,0.001834510463044753,0.9985278999490328,0.001834635566998355,0.9986111111111111,0.0017347216662217551,16,0.0,0.9983909165980115,0.0016512381807265069,0.9992951878738072,0.0008827806466503263,0.9375,0.0625,1199,0.0,31,0.0,0.9992951878738072,0.0008827806466503263,0.9992951878738072,0.0008827806466503263,0.9992951878738072,0.0008827806466503263,0,0.0
spherical,16,8,10,50,1,hdbscan_standard,3,0.9982281211803531,0.002341783389193934,0.9982320844067353,0.002335043992307005,0.9988888888888889,0.0012729376930432578,16,0.0,0.9983909165980115,0.0016512381807265069,0.9991572311251122,0.0011163315406773032,0.9375,0.0625,,,,,,,,,,,0,0.0
spherical,16,8,10,50,1,hgp_first_coverage,3,1.0,0.0,1.0,0.0,1.0,0.0,16,0.0,1.0,0.0,1.0,0.0,1.0,0.0,909.3333333333334,19.008769905844336,31,0.0,1.0,0.0,1.0,0.0,1.0,0.0,0,0.0
spherical,16,8,10,50,2,hdbscan_common,3,0.9985279743952461,0.001834510463044753,0.9985278999490328,0.001834635566998355,0.9986111111111111,0.0017347216662217551,16,0.0,0.9983909165980115,0.0016512381807265069,0.9992951878738072,0.0008827806466503263,0.9375,0.0625,1199,0.0,31,0.0,0.9992951878738072,0.0008827806466503263,0.9992951878738072,0.0008827806466503263,0.9992951878738072,0.0008827806466503263,0,0.0
spherical,16,8,10,50,2,hgp_first_coverage,3,1.0,0.0,1.0,0.0,1.0,0.0,16,0.0,1.0,0.0,1.0,0.0,1.0,0.0,909.3333333333334,19.008769905844336,31,0.0,1.0,0.0,1.0,0.0,1.0,0.0,0,0.0
spherical,16,8,10,100,1,hdbscan_common,3,0.3011219554152711,0.04481645255014302,0.36021652807772353,0.0909178925989882,0.6663888888888889,0.15723375497552586,3.6666666666666665,0.5773502691896257,0.9983909165980115,0.0016512381807265069,0.12751499708021446,0.04183245518197909,0.0,0.0,1199,0.0,6.333333333333333,1.1547005383792515,0.9992951878738072,0.0008827806466503263,0.4396795677604171,0.031419523899406145,0.3468897648245474,0.04842287981493903,16,0.0
spherical,16,8,10,100,1,hdbscan_standard,3,0.3011219554152711,0.04481645255014302,0.36021652807772353,0.0909178925989882,0.6663888888888889,0.15723375497552586,3.6666666666666665,0.5773502691896257,0.9983909165980115,0.0016512381807265069,0.12751499708021446,0.04183245518197909,0.0,0.0,,,,,,,,,,,16,0.0
spherical,16,8,10,100,1,hgp_first_coverage,3,0.3332702195619637,0.13734273251156318,0.3450777388059492,0.17662140640090024,0.6875,0.0625,3.6666666666666665,1.5275252316519468,1.0,0.0,0.1275462962962963,0.07119438664178807,0.0,0.0,909.3333333333334,19.008769905844336,7,2.0,1.0,0.0,0.4416077556702557,0.06790255196080622,0.37161195286195287,0.0664491284698601,16,0.0
spherical,16,8,10,100,2,hdbscan_common,3,0.3011219554152711,0.04481645255014302,0.36021652807772353,0.0909178925989882,0.6663888888888889,0.15723375497552586,3.6666666666666665,0.5773502691896257,0.9983909165980115,0.0016512381807265069,0.12751499708021446,0.04183245518197909,0.0,0.0,1199,0.0,6.333333333333333,1.1547005383792515,0.9992951878738072,0.0008827806466503263,0.4396795677604171,0.031419523899406145,0.3468897648245474,0.04842287981493903,16,0.0
spherical,16,8,10,100,2,hgp_first_coverage,3,0.3332702195619637,0.13734273251156318,0.3450777388059492,0.17662140640090024,0.6875,0.0625,3.6666666666666665,1.5275252316519468,1.0,0.0,0.1275462962962963,0.07119438664178807,0.0,0.0,909.3333333333334,19.008769905844336,7,2.0,1.0,0.0,0.4416077556702557,0.06790255196080622,0.37161195286195287,0.0664491284698601,16,0.0
unbalanced,8,2,5,10,1,hdbscan_common,2,0.008157112980975077,0.026850428630900623,0.05257442259706145,0.046926911096608424,0.33499999999999996,0.13788582233137678,8,7.0710678118654755,0.23569180587284166,0.016152432647116285,0.12038766789906952,0.006953300508353739,0.0,0.0,1199,0.0,23,5.656854249492381,0.2519031091064473,0.009291960267033895,0.24513717598843643,0.014183176857521419,0.21673622560634864,0.020427934800975687,0,0.0
unbalanced,8,2,5,10,1,hdbscan_standard,2,0.00797434366268472,0.027606883373156147,0.039091195796198686,0.02653529235435421,0.4058333333333333,0.22745268128167279,7.5,7.7781745930520225,0.23569180587284166,0.016152432647116285,0.08726356436616275,0.040887623741918136,0.0,0.0,,,,,,,,,,,0,0.0
unbalanced,8,2,5,10,1,hgp_first_coverage,2,0.008864494628804538,0.008657860563087646,0.05445129531923261,0.02751105504904448,0.43291666666666667,0.020623947784607643,25,2.8284271247461903,0.2719779082476661,0.03655514684342332,0.19026579463998716,0.003360662712028462,0.0,0.0,920.5,3.5355339059327378,55,2.8284271247461903,0.3211047952765405,0.027941023037744775,0.3159964055531001,0.02108266630771877,0.31124864828102095,0.01772169250376827,0,0.0
unbalanced,8,2,5,10,2,hdbscan_common,2,0.008157112980975077,0.026850428630900623,0.05257442259706145,0.046926911096608424,0.33499999999999996,0.13788582233137678,8,7.0710678118654755,0.23569180587284166,0.016152432647116285,0.12038766789906952,0.006953300508353739,0.0,0.0,1199,0.0,23,5.656854249492381,0.2519031091064473,0.009291960267033895,0.24513717598843643,0.014183176857521419,0.21673622560634864,0.020427934800975687,0,0.0
unbalanced,8,2,5,10,2,hgp_first_coverage,2,0.0005560284626508181,0.0012913111815605382,0.03574115116557615,0.008115658218086732,0.4125,0.015320646925708531,26.5,2.1213203435596424,0.2719779082476661,0.03655514684342332,0.17928409554146213,0.010337583994477723,0.0,0.0,920.5,3.5355339059327378,55,2.8284271247461903,0.3211047952765405,0.027941023037744775,0.3159964055531001,0.02108266630771877,0.31124864828102095,0.01772169250376827,0,0.0
unbalanced,8,2,5,20,1,hdbscan_common,2,0.02200835808543853,0.0072618099484144695,0.06664001312957478,0.027035162202741478,0.47333333333333333,0.05774705379690138,2.5,0.7071067811865476,0.23569180587284166,0.016152432647116285,0.09659628308604966,0.04059939957856371,0.0,0.0,1199,0.0,13,0.0,0.2519031091064473,0.009291960267033895,0.24513717598843643,0.014183176857521419,0.21298290670159148,0.025735929299994638,0,0.0
unbalanced,8,2,5,20,1,hdbscan_standard,2,0.02299901086469186,0.008662804544437129,0.06832995397070872,0.029425099459881303,0.47625,0.05362226423997984,2.5,0.7071067811865476,0.23569180587284166,0.016152432647116285,0.09778561290995727,0.04228136594566866,0.0,0.0,,,,,,,,,,,0,0.0
unbalanced,8,2,5,20,1,hgp_first_coverage,2,0.06181740516247677,0.052084040088229804,0.09362392137045694,0.07027585045096289,0.6270833333333333,0.015909902576697294,2,0.0,0.2719779082476661,0.03655514684342332,0.10375830330524591,0.03668901737455291,0.0,0.0,920.5,3.5355339059327378,18,4.242640687119285,0.3211047952765405,0.027941023037744775,0.2795386628894281,0.027217893385628366,0.2578129002304382,0.03629781164530388,0,0.0
unbalanced,8,2,5,20,2,hdbscan_common,2,0.02200835808543853,0.0072618099484144695,0.06664001312957478,0.027035162202741478,0.47333333333333333,0.05774705379690138,2.5,0.7071067811865476,0.23569180587284166,0.016152432647116285,0.09659628308604966,0.04059939957856371,0.0,0.0,1199,0.0,13,0.0,0.2519031091064473,0.009291960267033895,0.24513717598843643,0.014183176857521419,0.21298290670159148,0.025735929299994638,0,0.0
unbalanced,8,2,5,20,2,hgp_first_coverage,2,0.031029619241550774,0.008543535683416837,0.09498070058086935,0.07219462601147399,0.5379166666666666,0.14201061188829828,4.5,3.5355339059327378,0.2719779082476661,0.03655514684342332,0.15577932508863157,0.11025785190912314,0.0,0.0,920.5,3.5355339059327378,18,4.242640687119285,0.3211047952765405,0.027941023037744775,0.2795386628894281,0.027217893385628366,0.2578129002304382,0.03629781164530388,0,0.0
unbalanced,8,2,5,50,1,hdbscan_common,2,0.018926674770090357,0.024565313051050922,0.05787029797534721,0.05657467190070171,0.2975,0.21331054565794183,2,0.0,0.23569180587284166,0.016152432647116285,0.08581537465642367,0.03777498982743097,0.0,0.0,1199,0.0,4,1.4142135623730951,0.2519031091064473,0.009291960267033895,0.24513717598843643,0.014183176857521419,0.16791018709501118,0.07918506147763318,0,0.0
unbalanced,8,2,5,50,1,hdbscan_standard,2,0.0195207763697288,0.02540549959068716,0.059038327543170024,0.05822651515676952,0.2995833333333333,0.21625682391288578,2,0.0,0.23569180587284166,0.016152432647116285,0.08689330882171324,0.039299418943328814,0.0,0.0,,,,,,,,,,,0,0.0
unbalanced,8,2,5,50,1,hgp_first_coverage,2,0.06181740516247677,0.052084040088229804,0.09362392137045694,0.07027585045096289,0.6270833333333333,0.015909902576697294,2,0.0,0.2719779082476661,0.03655514684342332,0.10375830330524591,0.03668901737455291,0.0,0.0,920.5,3.5355339059327378,7,0.0,0.3211047952765405,0.027941023037744775,0.2795386628894281,0.027217893385628366,0.2455156732520995,0.05061954482955995,0,0.0
unbalanced,8,2,5,50,2,hdbscan_common,2,0.018926674770090357,0.024565313051050922,0.05787029797534721,0.05657467190070171,0.2975,0.21331054565794183,2,0.0,0.23569180587284166,0.016152432647116285,0.08581537465642367,0.03777498982743097,0.0,0.0,1199,0.0,4,1.4142135623730951,0.2519031091064473,0.009291960267033895,0.24513717598843643,0.014183176857521419,0.16791018709501118,0.07918506147763318,0,0.0
unbalanced,8,2,5,50,2,hgp_first_coverage,2,0.06181740516247677,0.052084040088229804,0.09362392137045694,0.07027585045096289,0.6270833333333333,0.015909902576697294,2,0.0,0.2719779082476661,0.03655514684342332,0.10375830330524591,0.03668901737455291,0.0,0.0,920.5,3.5355339059327378,7,0.0,0.3211047952765405,0.027941023037744775,0.2795386628894281,0.027217893385628366,0.2455156732520995,0.05061954482955995,0,0.0
unbalanced,8,2,5,100,1,hdbscan_common,2,0.0,0.0,0.0,0.0,0.0,0.0,0,0.0,0.23569180587284166,0.016152432647116285,0.0,0.0,0.0,0.0,1199,0.0,1,0.0,0.2519031091064473,0.009291960267033895,0.23717878584552876,0.0029283135827650806,0.0,0.0,4,0.0
unbalanced,8,2,5,100,1,hdbscan_standard,2,0.0,0.0,0.0,0.0,0.0,0.0,0,0.0,0.23569180587284166,0.016152432647116285,0.0,0.0,0.0,0.0,,,,,,,,,,,4,0.0
unbalanced,8,2,5,100,1,hgp_first_coverage,2,0.05404792892534749,0.06307173875531351,0.08347316892283199,0.084631182230686,0.4033333333333333,0.3005203820042827,2,0.0,0.2719779082476661,0.03655514684342332,0.09762756730768847,0.04535918736962757,0.0,0.0,920.5,3.5355339059327378,5,2.8284271247461903,0.3211047952765405,0.027941023037744775,0.2795386628894281,0.027217893385628366,0.20905572943967188,0.10218169185245606,4,0.0
unbalanced,8,2,5,100,2,hdbscan_common,2,0.0,0.0,0.0,0.0,0.0,0.0,0,0.0,0.23569180587284166,0.016152432647116285,0.0,0.0,0.0,0.0,1199,0.0,1,0.0,0.2519031091064473,0.009291960267033895,0.23717878584552876,0.0029283135827650806,0.0,0.0,4,0.0
unbalanced,8,2,5,100,2,hgp_first_coverage,2,0.05404792892534749,0.06307173875531351,0.08347316892283199,0.084631182230686,0.4033333333333333,0.3005203820042827,2,0.0,0.2719779082476661,0.03655514684342332,0.09762756730768847,0.04535918736962757,0.0,0.0,920.5,3.5355339059327378,5,2.8284271247461903,0.3211047952765405,0.027941023037744775,0.2795386628894281,0.027217893385628366,0.20905572943967188,0.10218169185245606,4,0.0
unbalanced,8,2,10,10,1,hdbscan_common,2,0.01904356768629191,0.004291204117165247,0.06962505664436744,0.01737589329682973,0.3745833333333334,0.0017677669529663704,2,0.0,0.22304163293788443,0.010169419783910248,0.07649941645339248,0.022765852072997927,0.0,0.0,1199,0.0,9,5.656854249492381,0.2318300243108787,0.00301946387833866,0.2318300243108787,0.00301946387833866,0.18698292269676797,0.02505451817858841,0,0.0
unbalanced,8,2,10,10,1,hdbscan_standard,2,0.018979117859516812,0.00488436316799221,0.06964435299676873,0.01802796353213252,0.3754166666666666,0.0017677669529663704,2,0.0,0.22304163293788443,0.010169419783910248,0.07642480113400951,0.02276213355843568,0.0,0.0,,,,,,,,,,,0,0.0
unbalanced,8,2,10,10,1,hgp_first_coverage,2,0.028823228834083822,0.0069908589057756714,0.07171377509529549,0.06621827554822315,0.6745833333333333,0.3187873071849352,10.5,12.020815280171307,0.2783892781555335,0.033378690982312643,0.1517635787801222,0.09611160824308251,0.0,0.0,885.5,19.091883092036785,45,2.8284271247461903,0.3183631115578528,0.0036735495222767127,0.3125044501898854,0.004611848841654125,0.3079088714753663,0.00649738225697058,0,0.0
unbalanced,8,2,10,10,2,hdbscan_common,2,0.01904356768629191,0.004291204117165247,0.06962505664436744,0.01737589329682973,0.3745833333333334,0.0017677669529663704,2,0.0,0.22304163293788443,0.010169419783910248,0.07649941645339248,0.022765852072997927,0.0,0.0,1199,0.0,9,5.656854249492381,0.2318300243108787,0.00301946387833866,0.2318300243108787,0.00301946387833866,0.18698292269676797,0.02505451817858841,0,0.0
unbalanced,8,2,10,10,2,hgp_first_coverage,2,0.0048080606371000145,0.026971717661069858,0.02495029947017966,8.47340954806978e-05,0.62375,0.3906764966055675,12,14.142135623730951,0.2783892781555335,0.033378690982312643,0.10884840489073767,0.03542038729711519,0.0,0.0,885.5,19.091883092036785,45,2.8284271247461903,0.3183631115578528,0.0036735495222767127,0.3125044501898854,0.004611848841654125,0.3079088714753663,0.00649738225697058,0,0.0
unbalanced,8,2,10,20,1,hdbscan_common,2,0.009812836902396906,0.017345428782364395,0.044084028524622065,0.05349636166072622,0.23708333333333334,0.19622213177926695,2.5,0.7071067811865476,0.22304163293788443,0.010169419783910248,0.0730101149954614,0.027700469518012263,0.0,0.0,1199,0.0,5,0.0,0.2318300243108787,0.00301946387833866,0.2318300243108787,0.00301946387833866,0.1469034149683047,0.08173550158141848,0,0.0
unbalanced,8,2,10,20,1,hdbscan_standard,2,0.009906378897012302,0.01771515365663689,0.044323332426241105,0.05383729423610081,0.23833333333333334,0.19563287612827812,2.5,0.7071067811865476,0.22304163293788443,0.010169419783910248,0.07290511749908762,0.027739717890204848,0.0,0.0,,,,,,,,,,,0,0.0
unbalanced,8,2,10,20,1,hgp_first_coverage,2,0.09084087192960338,0.023670476528057326,0.12704056271110753,0.034614141468688873,0.6345833333333333,0.015909902576697374,3,1.4142135623730951,0.2783892781555335,0.033378690982312643,0.13523458305360675,0.00046254473146242623,0.0,0.0,885.5,19.091883092036785,18,4.242640687119285,0.3183631115578528,0.0036735495222767127,0.29210251957011224,0.007745245024655966,0.2760958770222066,0.0015941548532243698,0,0.0
unbalanced,8,2,10,20,2,hdbscan_common,2,0.009812836902396906,0.017345428782364395,0.044084028524622065,0.05349636166072622,0.23708333333333334,0.19622213177926695,2.5,0.7071067811865476,0.22304163293788443,0.010169419783910248,0.0730101149954614,0.027700469518012263,0.0,0.0,1199,0.0,5,0.0,0.2318300243108787,0.00301946387833866,0.2318300243108787,0.00301946387833866,0.1469034149683047,0.08173550158141848,0,0.0
unbalanced,8,2,10,20,2,hgp_first_coverage,2,0.09084087192960338,0.023670476528057326,0.12704056271110753,0.034614141468688873,0.6345833333333333,0.015909902576697374,3,1.4142135623730951,0.2783892781555335,0.033378690982312643,0.13523458305360675,0.00046254473146242623,0.0,0.0,885.5,19.091883092036785,18,4.242640687119285,0.3183631115578528,0.0036735495222767127,0.29210251957011224,0.007745245024655966,0.2760958770222066,0.0015941548532243698,0,0.0
unbalanced,8,2,10,50,1,hdbscan_common,2,0.009936182491296039,0.017170991777684348,0.04500525351486316,0.052193552785530256,0.23833333333333334,0.19445436482630057,2,0.0,0.22304163293788443,0.010169419783910248,0.06871288494200359,0.033777670540249556,0.0,0.0,1199,0.0,3,0.0,0.2318300243108787,0.00301946387833866,0.2318300243108787,0.00301946387833866,0.1446757502466883,0.08117202373940306,0,0.0
unbalanced,8,2,10,50,1,hdbscan_standard,2,0.010044391321059018,0.01751997461477404,0.0452042752827989,0.05259145290068108,0.23916666666666667,0.19445436482630055,2,0.0,0.22304163293788443,0.010169419783910248,0.06863943637170436,0.033772301993309196,0.0,0.0,,,,,,,,,,,0,0.0
unbalanced,8,2,10,50,1,hgp_first_coverage,2,0.08934040031563578,0.025792463834486176,0.1253554794707906,0.03699720904087267,0.6091666666666666,0.0518544972870135,2,0.0,0.2783892781555335,0.033378690982312643,0.11582078298680198,0.027917804083137415,0.0,0.0,885.5,19.091883092036785,8,1.4142135623730951,0.3183631115578528,0.0036735495222767127,0.2760670895477126,0.030422767640818263,0.25395461954825516,0.02851020441379271,0,0.0
unbalanced,8,2,10,50,2,hdbscan_common,2,0.009936182491296039,0.017170991777684348,0.04500525351486316,0.052193552785530256,0.23833333333333334,0.19445436482630057,2,0.0,0.22304163293788443,0.010169419783910248,0.06871288494200359,0.033777670540249556,0.0,0.0,1199,0.0,3,0.0,0.2318300243108787,0.00301946387833866,0.2318300243108787,0.00301946387833866,0.1446757502466883,0.08117202373940306,0,0.0
unbalanced,8,2,10,50,2,hgp_first_coverage,2,0.08934040031563578,0.025792463834486176,0.1253554794707906,0.03699720904087267,0.6091666666666666,0.0518544972870135,2,0.0,0.2783892781555335,0.033378690982312643,0.11582078298680198,0.027917804083137415,0.0,0.0,885.5,19.091883092036785,8,1.4142135623730951,0.3183631115578528,0.0036735495222767127,0.2760670895477126,0.030422767640818263,0.25395461954825516,0.02851020441379271,0,0.0
unbalanced,8,2,10,100,1,hdbscan_common,2,0.0,0.0,0.0,0.0,0.0,0.0,0,0.0,0.22304163293788443,0.010169419783910248,0.0,0.0,0.0,0.0,1199,0.0,1,0.0,0.2318300243108787,0.00301946387833866,0.23158481863089042,0.002672690680128309,0.0,0.0,4,0.0
unbalanced,8,2,10,100,1,hdbscan_standard,2,0.0,0.0,0.0,0.0,0.0,0.0,0,0.0,0.22304163293788443,0.010169419783910248,0.0,0.0,0.0,0.0,,,,,,,,,,,4,0.0
unbalanced,8,2,10,100,1,hgp_first_coverage,2,0.061636852589016175,0.06497119675532194,0.0989430953093558,0.0743499609365821,0.46875,0.25043365167023557,2,0.0,0.2783892781555335,0.033378690982312643,0.10318356603049207,0.045789527693402145,0.0,0.0,885.5,19.091883092036785,4,1.4142135623730951,0.3183631115578528,0.0036735495222767127,0.2738803851904822,0.03263336045672107,0.21006621588407937,0.08969590596358232,4,0.0
unbalanced,8,2,10,100,2,hdbscan_common,2,0.0,0.0,0.0,0.0,0.0,0.0,0,0.0,0.22304163293788443,0.010169419783910248,0.0,0.0,0.0,0.0,1199,0.0,1,0.0,0.2318300243108787,0.00301946387833866,0.23158481863089042,0.002672690680128309,0.0,0.0,4,0.0
unbalanced,8,2,10,100,2,hgp_first_coverage,2,0.061636852589016175,0.06497119675532194,0.0989430953093558,0.0743499609365821,0.46875,0.25043365167023557,2,0.0,0.2783892781555335,0.033378690982312643,0.10318356603049207,0.045789527693402145,0.0,0.0,885.5,19.091883092036785,4,1.4142135623730951,0.3183631115578528,0.0036735495222767127,0.2738803851904822,0.03263336045672107,0.21006621588407937,0.08969590596358232,4,0.0
unbalanced,8,4,5,10,1,hdbscan_common,2,0.2729836101309162,0.04347811770372624,0.2933406634372975,0.06970370367059497,0.8533333333333333,0.11785113019775789,4,1.4142135623730951,0.5418323320742273,0.04233754408038717,0.3446718235583998,0.08635153221856892,0.0,0.0,1199,0.0,22,4.242640687119285,0.6243213070085677,0.07017070035301248,0.6235008161409877,0.07133104966574733,0.6234848890131235,0.0713535740259826,0,0.0
unbalanced,8,4,5,10,1,hdbscan_standard,2,0.2729314288910425,0.04340432228659542,0.2931099224649733,0.06937738665813901,0.85375,0.11726187454676909,4,1.4142135623730951,0.5418323320742273,0.04233754408038717,0.34454289546894545,0.08616920036589167,0.0,0.0,,,,,,,,,,,0,0.0
unbalanced,8,4,5,10,1,hgp_first_coverage,2,0.3499080521032551,0.062175703064304595,0.3523947187514973,0.06553885276384985,0.9470833333333334,0.04419417382415922,5,1.4142135623730951,0.7133089783818949,0.06847696704653933,0.4807724018830234,0.10022233256976135,0.0,0.0,945.5,2.1213203435596424,53,5.656854249492381,0.8038550357361056,0.053222845722508044,0.8038550357361056,0.053222845722508044,0.8034024177108565,0.05386294427238984,0,0.0
unbalanced,8,4,5,10,2,hdbscan_common,2,0.35166793824957987,0.06779832626790255,0.4259425195808322,0.117823639683438,0.7154166666666667,0.07719249027953141,6,1.4142135623730951,0.5418323320742273,0.04233754408038717,0.5028746291209201,0.13738102101342087,0.0,0.0,1199,0.0,22,4.242640687119285,0.6243213070085677,0.07017070035301248,0.6235008161409877,0.07133104966574733,0.6234848890131235,0.0713535740259826,0,0.0
unbalanced,8,4,5,10,2,hgp_first_coverage,2,0.5470574315330483,0.0515626905625117,0.6044032169974034,0.03934098885156825,0.7520833333333333,0.0170884138786749,13,0.0,0.7133089783818949,0.06847696704653933,0.7711260713461374,0.03535898574291716,0.0,0.0,945.5,2.1213203435596424,53,5.656854249492381,0.8038550357361056,0.053222845722508044,0.8038550357361056,0.053222845722508044,0.8034024177108565,0.05386294427238984,0,0.0
unbalanced,8,4,5,20,1,hdbscan_common,2,0.26863348139721954,0.03732610665046355,0.27615759823504726,0.04540317981843153,0.8970833333333333,0.055979286843934974,3.5,0.7071067811865476,0.5418323320742273,0.04233754408038717,0.3230742429530348,0.05580794081201552,0.0,0.0,1199,0.0,14,4.242640687119285,0.6243213070085677,0.07017070035301248,0.6152776204177921,0.08296040458353911,0.6146206676489021,0.08388947609914181,0,0.0
unbalanced,8,4,5,20,1,hdbscan_standard,2,0.2685461221462595,0.03720256201295703,0.27597336619106827,0.0451426363632128,0.8975,0.05539003119294625,3.5,0.7071067811865476,0.5418323320742273,0.04233754408038717,0.32294531486358036,0.05562560895933827,0.0,0.0,,,,,,,,,,,0,0.0
unbalanced,8,4,5,20,1,hgp_first_coverage,2,0.535887255061827,0.2008386080790462,0.5679602888558829,0.23931690005846046,0.8604166666666667,0.07837100158150902,7,1.4142135623730951,0.7133089783818949,0.06847696704653933,0.6965647818649858,0.2049541778574982,0.0,0.0,945.5,2.1213203435596424,23,2.8284271247461903,0.8038550357361056,0.053222845722508044,0.8038550357361056,0.053222845722508044,0.8034024177108565,0.05386294427238984,0,0.0
unbalanced,8,4,5,20,2,hdbscan_common,2,0.3473178095158832,0.07395033732116524,0.40875945437858197,0.14212416353560145,0.7591666666666668,0.13906433363335433,5.5,2.1213203435596424,0.5418323320742273,0.04233754408038717,0.481277048515555,0.16792461241997428,0.0,0.0,1199,0.0,14,4.242640687119285,0.6243213070085677,0.07017070035301248,0.6152776204177921,0.08296040458353911,0.6146206676489021,0.08388947609914181,0,0.0
unbalanced,8,4,5,20,2,hgp_first_coverage,2,0.535887255061827,0.2008386080790462,0.5679602888558829,0.23931690005846046,0.8604166666666667,0.07837100158150902,7,1.4142135623730951,0.7133089783818949,0.06847696704653933,0.6965647818649858,0.2049541778574982,0.0,0.0,945.5,2.1213203435596424,23,2.8284271247461903,0.8038550357361056,0.053222845722508044,0.8038550357361056,0.053222845722508044,0.8034024177108565,0.05386294427238984,0,0.0
unbalanced,8,4,5,50,1,hdbscan_common,2,0.23668038051641008,0.0065419891013952436,0.23826693701087764,0.0026042004360631145,0.88,0.02710575994548432,2,0.0,0.5418323320742273,0.04233754408038717,0.17408158059564394,0.0033766213050503164,0.0,0.0,1199,0.0,7,0.0,0.6243213070085677,0.07017070035301248,0.39342551907259793,0.019544426907599097,0.3809096941194533,0.01992358933291988,0,0.0
unbalanced,8,4,5,50,1,hdbscan_standard,2,0.23662576380716635,0.006619228792339909,0.23812116248505638,0.002810356747528051,0.8804166666666666,0.026516504294495518,2,0.0,0.5418323320742273,0.04233754408038717,0.17395265250618952,0.0035589531577276037,0.0,0.0,,,,,,,,,,,0,0.0
unbalanced,8,4,5,50,1,hgp_first_coverage,2,0.31205475608836497,0.00864305845952359,0.3122961261263708,0.008830879241322195,0.9720833333333334,0.00883883476483189,4,0.0,0.7133089783818949,0.06847696704653933,0.40405223920534417,0.008276361996482797,0.0,0.0,945.5,2.1213203435596424,12,1.4142135623730951,0.8038550357361056,0.053222845722508044,0.678410032543415,0.028262494435125043,0.6770441833162031,0.029867184155344714,0,0.0
unbalanced,8,4,5,50,2,hdbscan_common,2,0.23668038051641008,0.0065419891013952436,0.23826693701087764,0.0026042004360631145,0.88,0.02710575994548432,2,0.0,0.5418323320742273,0.04233754408038717,0.17408158059564394,0.0033766213050503164,0.0,0.0,1199,0.0,7,0.0,0.6243213070085677,0.07017070035301248,0.39342551907259793,0.019544426907599097,0.3809096941194533,0.01992358933291988,0,0.0
unbalanced,8,4,5,50,2,hgp_first_coverage,2,0.31205475608836497,0.00864305845952359,0.3122961261263708,0.008830879241322195,0.9720833333333334,0.00883883476483189,4,0.0,0.7133089783818949,0.06847696704653933,0.40405223920534417,0.008276361996482797,0.0,0.0,945.5,2.1213203435596424,12,1.4142135623730951,0.8038550357361056,0.053222845722508044,0.678410032543415,0.028262494435125043,0.6770441833162031,0.029867184155344714,0,0.0
unbalanced,8,4,5,100,1,hdbscan_common,2,0.23668038051641008,0.0065419891013952436,0.23826693701087764,0.0026042004360631145,0.88,0.02710575994548432,2,0.0,0.5418323320742273,0.04233754408038717,0.17408158059564394,0.0033766213050503164,0.0,0.0,1199,0.0,5,0.0,0.6243213070085677,0.07017070035301248,0.39146079486416674,0.016765887285713044,0.3765125243332803,0.018553391876430576,4,0.0
unbalanced,8,4,5,100,1,hdbscan_standard,2,0.23662576380716635,0.006619228792339909,0.23812116248505638,0.002810356747528051,0.8804166666666666,0.026516504294495518,2,0.0,0.5418323320742273,0.04233754408038717,0.17395265250618952,0.0035589531577276037,0.0,0.0,,,,,,,,,,,4,0.0
unbalanced,8,4,5,100,1,hgp_first_coverage,2,0.24029249780800543,0.0023161015375575615,0.23490249940653812,0.0027020378705923213,0.9375,0.007071067811865481,2,0.0,0.7133089783818949,0.06847696704653933,0.17744616512784978,0.0002539053949759671,0.0,0.0,945.5,2.1213203435596424,7,0.0,0.8038550357361056,0.053222845722508044,0.47460941170053383,0.03040687266715602,0.4623813279837307,0.030454639000670098,4,0.0
unbalanced,8,4,5,100,2,hdbscan_common,2,0.23668038051641008,0.0065419891013952436,0.23826693701087764,0.0026042004360631145,0.88,0.02710575994548432,2,0.0,0.5418323320742273,0.04233754408038717,0.17408158059564394,0.0033766213050503164,0.0,0.0,1199,0.0,5,0.0,0.6243213070085677,0.07017070035301248,0.39146079486416674,0.016765887285713044,0.3765125243332803,0.018553391876430576,4,0.0
unbalanced,8,4,5,100,2,hgp_first_coverage,2,0.24029249780800543,0.0023161015375575615,0.23490249940653812,0.0027020378705923213,0.9375,0.007071067811865481,2,0.0,0.7133089783818949,0.06847696704653933,0.17744616512784978,0.0002539053949759671,0.0,0.0,945.5,2.1213203435596424,7,0.0,0.8038550357361056,0.053222845722508044,0.47460941170053383,0.03040687266715602,0.4623813279837307,0.030454639000670098,4,0.0
unbalanced,8,4,10,10,1,hdbscan_common,2,0.2897501539834985,0.019895986127627188,0.3390809361220086,0.03490228479080545,0.7424999999999999,0.028284271247461846,4.5,0.7071067811865476,0.5021929150418818,0.042927120139240035,0.3446721578417024,0.011535144248369295,0.0,0.0,1199,0.0,14,1.4142135623730951,0.5239207137423425,0.030629038892587602,0.5161508989406679,0.01964086142293216,0.5150301818153544,0.020457658725162628,0,0.0
unbalanced,8,4,10,10,1,hdbscan_standard,2,0.29012373518626156,0.02042430973122237,0.33892935433403104,0.034687915770438706,0.7437499999999999,0.026516504294495518,4.5,0.7071067811865476,0.5021929150418818,0.042927120139240035,0.3457233571586604,0.013021764579168617,0.0,0.0,,,,,,,,,,,0,0.0
unbalanced,8,4,10,10,1,hgp_first_coverage,2,0.4857089681425634,0.13713127276478917,0.4939798948503077,0.14663186642241577,0.9070833333333334,0.05951482074986779,8,2.8284271247461903,0.7717301125072819,0.04991463010265655,0.6084492731070523,0.09533983867800247,0.0,0.0,901,2.8284271247461903,45,2.8284271247461903,0.8189495792003263,0.04409551185006751,0.8189495792003263,0.04409551185006751,0.8189495792003263,0.04409551185006751,0,0.0
unbalanced,8,4,10,10,2,hdbscan_common,2,0.2897501539834985,0.019895986127627188,0.3390809361220086,0.03490228479080545,0.7424999999999999,0.028284271247461846,4.5,0.7071067811865476,0.5021929150418818,0.042927120139240035,0.3446721578417024,0.011535144248369295,0.0,0.0,1199,0.0,14,1.4142135623730951,0.5239207137423425,0.030629038892587602,0.5161508989406679,0.01964086142293216,0.5150301818153544,0.020457658725162628,0,0.0
unbalanced,8,4,10,10,2,hgp_first_coverage,2,0.42326268000795675,0.051243026221779266,0.45431838870830543,0.0924468387483068,0.815,0.17324116139070414,12.5,7.7781745930520225,0.7717301125072819,0.04991463010265655,0.6198667734777807,0.1255367485000586,0.0,0.0,901,2.8284271247461903,45,2.8284271247461903,0.8189495792003263,0.04409551185006751,0.8189495792003263,0.04409551185006751,0.8189495792003263,0.04409551185006751,0,0.0
unbalanced,8,4,10,20,1,hdbscan_common,2,0.2645260438280775,0.015776292552962156,0.2890457603810241,0.0358581393378162,0.8104166666666666,0.0677643998637108,3.5,0.7071067811865476,0.5021929150418818,0.042927120139240035,0.2940102777319682,0.060111573698136536,0.0,0.0,1199,0.0,10,1.4142135623730951,0.5239207137423425,0.030629038892587602,0.47980536261195555,0.03175948898485687,0.47754488680517226,0.032554553867793455,0,0.0
unbalanced,8,4,10,20,1,hdbscan_standard,2,0.26444810277258896,0.015886517850699704,0.2888756374496435,0.03609872949464533,0.8108333333333333,0.0683536555146996,3.5,0.7071067811865476,0.5021929150418818,0.042927120139240035,0.29388048401744515,0.060295129729525804,0.0,0.0,,,,,,,,,,,0,0.0
unbalanced,8,4,10,20,1,hgp_first_coverage,2,0.5655405944105947,0.2508944317645437,0.5865836334992238,0.2784964367018389,0.89,0.061282587702834124,6.5,2.1213203435596424,0.7717301125072819,0.04991463010265655,0.6671008079967753,0.2588421035158186,0.0,0.0,901,2.8284271247461903,20,4.242640687119285,0.8189495792003263,0.04409551185006751,0.7981081871954178,0.07356969108214342,0.798100145489467,0.07358106377176375,0,0.0
unbalanced,8,4,10,20,2,hdbscan_common,2,0.2645260438280775,0.015776292552962156,0.2890457603810241,0.0358581393378162,0.8104166666666666,0.0677643998637108,3.5,0.7071067811865476,0.5021929150418818,0.042927120139240035,0.2940102777319682,0.060111573698136536,0.0,0.0,1199,0.0,10,1.4142135623730951,0.5239207137423425,0.030629038892587602,0.47980536261195555,0.03175948898485687,0.47754488680517226,0.032554553867793455,0,0.0
unbalanced,8,4,10,20,2,hgp_first_coverage,2,0.5655405944105947,0.2508944317645437,0.5865836334992238,0.2784964367018389,0.89,0.061282587702834124,6.5,2.1213203435596424,0.7717301125072819,0.04991463010265655,0.6671008079967753,0.2588421035158186,0.0,0.0,901,2.8284271247461903,20,4.242640687119285,0.8189495792003263,0.04409551185006751,0.7981081871954178,0.07356969108214342,0.798100145489467,0.07358106377176375,0,0.0
unbalanced,8,4,10,50,1,hdbscan_common,2,0.24069920215544127,0.01603166765685513,0.2519715132964529,0.014556024022286377,0.8291666666666666,0.010606601717798222,2,0.0,0.5021929150418818,0.042927120139240035,0.17274537881991356,0.004494656617685246,0.0,0.0,1199,0.0,7,0.0,0.5239207137423425,0.030629038892587602,0.3747134717485171,0.02682390216595541,0.3585476432468308,0.02884472749201904,0,0.0
unbalanced,8,4,10,50,1,hdbscan_standard,2,0.24033112333106843,0.01638663258705263,0.25135559475990366,0.01494646418517011,0.8300000000000001,0.010606601717798222,2,0.0,0.5021929150418818,0.042927120139240035,0.1725888187671216,0.00434895390489088,0.0,0.0,,,,,,,,,,,0,0.0
unbalanced,8,4,10,50,1,hgp_first_coverage,2,0.3113970812265395,0.005670074907830537,0.31153611172785706,0.005762055550031259,0.9766666666666667,0.007071067811865481,4,0.0,0.7717301125072819,0.04991463010265655,0.4057736799682596,0.008063949750945857,0.0,0.0,901,2.8284271247461903,11,0.0,0.8189495792003263,0.04409551185006751,0.7024179429961881,0.014620516333600163,0.7014591508907108,0.01576967154560412,0,0.0
unbalanced,8,4,10,50,2,hdbscan_common,2,0.24069920215544127,0.01603166765685513,0.2519715132964529,0.014556024022286377,0.8291666666666666,0.010606601717798222,2,0.0,0.5021929150418818,0.042927120139240035,0.17274537881991356,0.004494656617685246,0.0,0.0,1199,0.0,7,0.0,0.5239207137423425,0.030629038892587602,0.3747134717485171,0.02682390216595541,0.3585476432468308,0.02884472749201904,0,0.0
unbalanced,8,4,10,50,2,hgp_first_coverage,2,0.5093453836902506,0.2742710990850814,0.5461701316987286,0.3260605576868949,0.8820833333333333,0.12668996496258977,5,1.4142135623730951,0.7717301125072819,0.04991463010265655,0.5410106108177097,0.19931785149195075,0.0,0.0,901,2.8284271247461903,11,0.0,0.8189495792003263,0.04409551185006751,0.7024179429961881,0.014620516333600163,0.7014591508907108,0.01576967154560412,0,0.0
unbalanced,8,4,10,100,1,hdbscan_common,2,0.24069920215544127,0.01603166765685513,0.2519715132964529,0.014556024022286377,0.8291666666666666,0.010606601717798222,2,0.0,0.5021929150418818,0.042927120139240035,0.17274537881991356,0.004494656617685246,0.0,0.0,1199,0.0,4,1.4142135623730951,0.5239207137423425,0.030629038892587602,0.3713406695468475,0.03159376478275832,0.3407798268615136,0.040645433171103695,4,0.0
unbalanced,8,4,10,100,1,hdbscan_standard,2,0.24033112333106843,0.01638663258705263,0.25135559475990366,0.01494646418517011,0.8300000000000001,0.010606601717798222,2,0.0,0.5021929150418818,0.042927120139240035,0.1725888187671216,0.00434895390489088,0.0,0.0,,,,,,,,,,,4,0.0
unbalanced,8,4,10,100,1,hgp_first_coverage,2,0.23706557694306296,0.0004454017409524551,0.23123487772251425,0.0006747977784515468,0.9441666666666666,0.0035355339059327407,2,0.0,0.7717301125072819,0.04991463010265655,0.17722352958847976,0.0002373773337619294,0.0,0.0,901,2.8284271247461903,7,0.0,0.8189495792003263,0.04409551185006751,0.49271010738703525,0.02341376589270615,0.48673273153663266,0.01518162317733335,4,0.0
unbalanced,8,4,10,100,2,hdbscan_common,2,0.24069920215544127,0.01603166765685513,0.2519715132964529,0.014556024022286377,0.8291666666666666,0.010606601717798222,2,0.0,0.5021929150418818,0.042927120139240035,0.17274537881991356,0.004494656617685246,0.0,0.0,1199,0.0,4,1.4142135623730951,0.5239207137423425,0.030629038892587602,0.3713406695468475,0.03159376478275832,0.3407798268615136,0.040645433171103695,4,0.0
unbalanced,8,4,10,100,2,hgp_first_coverage,2,0.23706557694306296,0.0004454017409524551,0.23123487772251425,0.0006747977784515468,0.9441666666666666,0.0035355339059327407,2,0.0,0.7717301125072819,0.04991463010265655,0.17722352958847976,0.0002373773337619294,0.0,0.0,901,2.8284271247461903,7,0.0,0.8189495792003263,0.04409551185006751,0.49271010738703525,0.02341376589270615,0.48673273153663266,0.01518162317733335,4,0.0
unbalanced,8,8,5,10,1,hdbscan_common,2,0.9983723100656896,0.0006302916396963422,0.9983821866730498,0.0006163240076174176,0.9979166666666667,0.001767766952966331,8,0.0,0.9987238181243733,0.0004172853364051971,0.9981545075480389,0.002240866811195077,0.75,0.1767766952966369,1199,0.0,22,4.242640687119285,0.9981545075480389,0.002240866811195077,0.9981545075480389,0.002240866811195077,0.9981545075480389,0.002240866811195077,0,0.0
unbalanced,8,8,5,10,1,hdbscan_standard,2,0.9982364405347107,0.0008224401731199495,0.9982389027957304,0.0008189580101918844,0.9983333333333333,0.001178511301977528,8,0.0,0.9987238181243733,0.0004172853364051971,0.9976381993298363,0.0029710368957417857,0.75,0.1767766952966369,,,,,,,,,,,0,0.0
unbalanced,8,8,5,10,1,hgp_first_coverage,2,1.0,0.0,1.0,0.0,1.0,0.0,8,0.0,1.0,0.0,1.0,0.0,1.0,0.0,951.5,4.949747468305833,50,1.4142135623730951,1.0,0.0,1.0,0.0,1.0,0.0,0,0.0
unbalanced,8,8,5,10,2,hdbscan_common,2,0.9983723100656896,0.0006302916396963422,0.9983821866730498,0.0006163240076174176,0.9979166666666667,0.001767766952966331,8,0.0,0.9987238181243733,0.0004172853364051971,0.9981545075480389,0.002240866811195077,0.75,0.1767766952966369,1199,0.0,22,4.242640687119285,0.9981545075480389,0.002240866811195077,0.9981545075480389,0.002240866811195077,0.9981545075480389,0.002240866811195077,0,0.0
unbalanced,8,8,5,10,2,hgp_first_coverage,2,1.0,0.0,1.0,0.0,1.0,0.0,8,0.0,1.0,0.0,1.0,0.0,1.0,0.0,951.5,4.949747468305833,50,1.4142135623730951,1.0,0.0,1.0,0.0,1.0,0.0,0,0.0
unbalanced,8,8,5,20,1,hdbscan_common,2,0.9983723100656896,0.0006302916396963422,0.9983821866730498,0.0006163240076174176,0.9979166666666667,0.001767766952966331,8,0.0,0.9987238181243733,0.0004172853364051971,0.9981545075480389,0.002240866811195077,0.75,0.1767766952966369,1199,0.0,16,1.4142135623730951,0.9981545075480389,0.002240866811195077,0.9981545075480389,0.002240866811195077,0.9981545075480389,0.002240866811195077,0,0.0
unbalanced,8,8,5,20,1,hdbscan_standard,2,0.9982364405347107,0.0008224401731199495,0.9982389027957304,0.0008189580101918844,0.9983333333333333,0.001178511301977528,8,0.0,0.9987238181243733,0.0004172853364051971,0.9976381993298363,0.0029710368957417857,0.75,0.1767766952966369,,,,,,,,,,,0,0.0
unbalanced,8,8,5,20,1,hgp_first_coverage,2,1.0,0.0,1.0,0.0,1.0,0.0,8,0.0,1.0,0.0,1.0,0.0,1.0,0.0,951.5,4.949747468305833,22,1.4142135623730951,1.0,0.0,1.0,0.0,1.0,0.0,0,0.0
unbalanced,8,8,5,20,2,hdbscan_common,2,0.9983723100656896,0.0006302916396963422,0.9983821866730498,0.0006163240076174176,0.9979166666666667,0.001767766952966331,8,0.0,0.9987238181243733,0.0004172853364051971,0.9981545075480389,0.002240866811195077,0.75,0.1767766952966369,1199,0.0,16,1.4142135623730951,0.9981545075480389,0.002240866811195077,0.9981545075480389,0.002240866811195077,0.9981545075480389,0.002240866811195077,0,0.0
unbalanced,8,8,5,20,2,hgp_first_coverage,2,1.0,0.0,1.0,0.0,1.0,0.0,8,0.0,1.0,0.0,1.0,0.0,1.0,0.0,951.5,4.949747468305833,22,1.4142135623730951,1.0,0.0,1.0,0.0,1.0,0.0,0,0.0
unbalanced,8,8,5,50,1,hdbscan_common,2,0.9983723100656896,0.0006302916396963422,0.9983821866730498,0.0006163240076174176,0.9979166666666667,0.001767766952966331,8,0.0,0.9987238181243733,0.0004172853364051971,0.9981545075480389,0.002240866811195077,0.75,0.1767766952966369,1199,0.0,15,0.0,0.9981545075480389,0.002240866811195077,0.9981545075480389,0.002240866811195077,0.9981545075480389,0.002240866811195077,0,0.0
unbalanced,8,8,5,50,1,hdbscan_standard,2,0.9982364405347107,0.0008224401731199495,0.9982389027957304,0.0008189580101918844,0.9983333333333333,0.001178511301977528,8,0.0,0.9987238181243733,0.0004172853364051971,0.9976381993298363,0.0029710368957417857,0.75,0.1767766952966369,,,,,,,,,,,0,0.0
unbalanced,8,8,5,50,1,hgp_first_coverage,2,1.0,0.0,1.0,0.0,1.0,0.0,8,0.0,1.0,0.0,1.0,0.0,1.0,0.0,951.5,4.949747468305833,15,0.0,1.0,0.0,1.0,0.0,1.0,0.0,0,0.0
unbalanced,8,8,5,50,2,hdbscan_common,2,0.9983723100656896,0.0006302916396963422,0.9983821866730498,0.0006163240076174176,0.9979166666666667,0.001767766952966331,8,0.0,0.9987238181243733,0.0004172853364051971,0.9981545075480389,0.002240866811195077,0.75,0.1767766952966369,1199,0.0,15,0.0,0.9981545075480389,0.002240866811195077,0.9981545075480389,0.002240866811195077,0.9981545075480389,0.002240866811195077,0,0.0
unbalanced,8,8,5,50,2,hgp_first_coverage,2,1.0,0.0,1.0,0.0,1.0,0.0,8,0.0,1.0,0.0,1.0,0.0,1.0,0.0,951.5,4.949747468305833,15,0.0,1.0,0.0,1.0,0.0,1.0,0.0,0,0.0
unbalanced,8,8,5,100,1,hdbscan_common,2,0.8356315835899896,0.08832371796605544,0.8637648582473663,0.1402615708203819,0.8745833333333333,0.10665527282897087,4,0.0,0.9987238181243733,0.0004172853364051971,0.48282406528753086,0.023921386173183144,0.375,0.0,1199,0.0,7,0.0,0.9981545075480389,0.002240866811195077,0.5880446610408818,0.027923668446754597,0.5609490652875309,0.001824299261103535,4,0.0
unbalanced,8,8,5,100,1,hdbscan_standard,2,0.8356315835899896,0.08832371796605544,0.8637648582473663,0.1402615708203819,0.8745833333333333,0.10665527282897087,4,0.0,0.9987238181243733,0.0004172853364051971,0.48282406528753086,0.023921386173183144,0.375,0.0,,,,,,,,,,,4,0.0
unbalanced,8,8,5,100,1,hgp_first_coverage,2,0.9002965878537572,0.0,0.9641834587029573,0.0,0.8,0.0,4,0.0,1.0,0.0,0.5,0.0,0.5,0.0,951.5,4.949747468305833,7,0.0,1.0,0.0,0.5537202380952381,0.005050762722761036,0.5515625,0.006629126073623899,4,0.0
unbalanced,8,8,5,100,2,hdbscan_common,2,0.8356315835899896,0.08832371796605544,0.8637648582473663,0.1402615708203819,0.8745833333333333,0.10665527282897087,4,0.0,0.9987238181243733,0.0004172853364051971,0.48282406528753086,0.023921386173183144,0.375,0.0,1199,0.0,7,0.0,0.9981545075480389,0.002240866811195077,0.5880446610408818,0.027923668446754597,0.5609490652875309,0.001824299261103535,4,0.0
unbalanced,8,8,5,100,2,hgp_first_coverage,2,0.9002965878537572,0.0,0.9641834587029573,0.0,0.8,0.0,4,0.0,1.0,0.0,0.5,0.0,0.5,0.0,951.5,4.949747468305833,7,0.0,1.0,0.0,0.5537202380952381,0.005050762722761036,0.5515625,0.006629126073623899,4,0.0
unbalanced,8,8,10,10,1,hdbscan_common,2,0.9968688213279903,0.0023364980518580936,0.996908306252859,0.002287646624765634,0.99625,0.0029462782549439376,8,0.0,0.9973157373750534,0.0017920708483693518,0.9968250950613102,0.0026354215320439573,0.5625,0.2651650429449553,1199,0.0,17,2.8284271247461903,0.9968250950613102,0.0026354215320439573,0.9968250950613102,0.0026354215320439573,0.9968250950613102,0.0026354215320439573,0,0.0
unbalanced,8,8,10,10,1,hdbscan_standard,2,0.9967428433333814,0.002514657840394557,0.9967674934787912,0.0024867859596075384,0.9966666666666666,0.0023570226039551345,8,0.0,0.9973157373750534,0.0017920708483693518,0.9963090150960777,0.0033652688181448048,0.5625,0.2651650429449553,,,,,,,,,,,0,0.0
unbalanced,8,8,10,10,1,hgp_first_coverage,2,1.0,0.0,1.0,0.0,1.0,0.0,8,0.0,1.0,0.0,1.0,0.0,1.0,0.0,918.5,6.363961030678928,38,4.242640687119285,1.0,0.0,1.0,0.0,1.0,0.0,0,0.0
unbalanced,8,8,10,10,2,hdbscan_common,2,0.9968688213279903,0.0023364980518580936,0.996908306252859,0.002287646624765634,0.99625,0.0029462782549439376,8,0.0,0.9973157373750534,0.0017920708483693518,0.9968250950613102,0.0026354215320439573,0.5625,0.2651650429449553,1199,0.0,17,2.8284271247461903,0.9968250950613102,0.0026354215320439573,0.9968250950613102,0.0026354215320439573,0.9968250950613102,0.0026354215320439573,0,0.0
unbalanced,8,8,10,10,2,hgp_first_coverage,2,1.0,0.0,1.0,0.0,1.0,0.0,8,0.0,1.0,0.0,1.0,0.0,1.0,0.0,918.5,6.363961030678928,38,4.242640687119285,1.0,0.0,1.0,0.0,1.0,0.0,0,0.0
unbalanced,8,8,10,20,1,hdbscan_common,2,0.9968688213279903,0.0023364980518580936,0.996908306252859,0.002287646624765634,0.99625,0.0029462782549439376,8,0.0,0.9973157373750534,0.0017920708483693518,0.9968250950613102,0.0026354215320439573,0.5625,0.2651650429449553,1199,0.0,15,0.0,0.9968250950613102,0.0026354215320439573,0.9968250950613102,0.0026354215320439573,0.9968250950613102,0.0026354215320439573,0,0.0
unbalanced,8,8,10,20,1,hdbscan_standard,2,0.9967428433333814,0.002514657840394557,0.9967674934787912,0.0024867859596075384,0.9966666666666666,0.0023570226039551345,8,0.0,0.9973157373750534,0.0017920708483693518,0.9963090150960777,0.0033652688181448048,0.5625,0.2651650429449553,,,,,,,,,,,0,0.0
unbalanced,8,8,10,20,1,hgp_first_coverage,2,1.0,0.0,1.0,0.0,1.0,0.0,8,0.0,1.0,0.0,1.0,0.0,1.0,0.0,918.5,6.363961030678928,20,4.242640687119285,1.0,0.0,1.0,0.0,1.0,0.0,0,0.0
unbalanced,8,8,10,20,2,hdbscan_common,2,0.9968688213279903,0.0023364980518580936,0.996908306252859,0.002287646624765634,0.99625,0.0029462782549439376,8,0.0,0.9973157373750534,0.0017920708483693518,0.9968250950613102,0.0026354215320439573,0.5625,0.2651650429449553,1199,0.0,15,0.0,0.9968250950613102,0.0026354215320439573,0.9968250950613102,0.0026354215320439573,0.9968250950613102,0.0026354215320439573,0,0.0
unbalanced,8,8,10,20,2,hgp_first_coverage,2,1.0,0.0,1.0,0.0,1.0,0.0,8,0.0,1.0,0.0,1.0,0.0,1.0,0.0,918.5,6.363961030678928,20,4.242640687119285,1.0,0.0,1.0,0.0,1.0,0.0,0,0.0
unbalanced,8,8,10,50,1,hdbscan_common,2,0.9968688213279903,0.0023364980518580936,0.996908306252859,0.002287646624765634,0.99625,0.0029462782549439376,8,0.0,0.9973157373750534,0.0017920708483693518,0.9968250950613102,0.0026354215320439573,0.5625,0.2651650429449553,1199,0.0,15,0.0,0.9968250950613102,0.0026354215320439573,0.9968250950613102,0.0026354215320439573,0.9968250950613102,0.0026354215320439573,0,0.0
unbalanced,8,8,10,50,1,hdbscan_standard,2,0.9967428433333814,0.002514657840394557,0.9967674934787912,0.0024867859596075384,0.9966666666666666,0.0023570226039551345,8,0.0,0.9973157373750534,0.0017920708483693518,0.9963090150960777,0.0033652688181448048,0.5625,0.2651650429449553,,,,,,,,,,,0,0.0
unbalanced,8,8,10,50,1,hgp_first_coverage,2,1.0,0.0,1.0,0.0,1.0,0.0,8,0.0,1.0,0.0,1.0,0.0,1.0,0.0,918.5,6.363961030678928,15,0.0,1.0,0.0,1.0,0.0,1.0,0.0,0,0.0
unbalanced,8,8,10,50,2,hdbscan_common,2,0.9968688213279903,0.0023364980518580936,0.996908306252859,0.002287646624765634,0.99625,0.0029462782549439376,8,0.0,0.9973157373750534,0.0017920708483693518,0.9968250950613102,0.0026354215320439573,0.5625,0.2651650429449553,1199,0.0,15,0.0,0.9968250950613102,0.0026354215320439573,0.9968250950613102,0.0026354215320439573,0.9968250950613102,0.0026354215320439573,0,0.0
unbalanced,8,8,10,50,2,hgp_first_coverage,2,1.0,0.0,1.0,0.0,1.0,0.0,8,0.0,1.0,0.0,1.0,0.0,1.0,0.0,918.5,6.363961030678928,15,0.0,1.0,0.0,1.0,0.0,1.0,0.0,0,0.0
unbalanced,8,8,10,100,1,hdbscan_common,2,0.8346486000053124,0.08971386668309596,0.8630948354966357,0.1412091260815637,0.8733333333333333,0.10488750587600454,4,0.0,0.9973157373750534,0.0017920708483693518,0.4826320799845404,0.024192894392448577,0.25,0.1767766952966369,1199,0.0,7,0.0,0.9968250950613102,0.0026354215320439573,0.58760271856132,0.027298667398369256,0.5605939797757722,0.0023264660076349132,4,0.0
unbalanced,8,8,10,100,1,hdbscan_standard,2,0.8346486000053124,0.08971386668309596,0.8630948354966357,0.1412091260815637,0.8733333333333333,0.10488750587600454,4,0.0,0.9973157373750534,0.0017920708483693518,0.4826320799845404,0.024192894392448577,0.25,0.1767766952966369,,,,,,,,,,,4,0.0
unbalanced,8,8,10,100,1,hgp_first_coverage,2,0.9002965878537572,0.0,0.9641834587029573,0.0,0.8,0.0,4,0.0,1.0,0.0,0.5,0.0,0.5,0.0,918.5,6.363961030678928,7,0.0,1.0,0.0,0.5501488095238095,0.0,0.546875,0.0,4,0.0
unbalanced,8,8,10,100,2,hdbscan_common,2,0.8346486000053124,0.08971386668309596,0.8630948354966357,0.1412091260815637,0.8733333333333333,0.10488750587600454,4,0.0,0.9973157373750534,0.0017920708483693518,0.4826320799845404,0.024192894392448577,0.25,0.1767766952966369,1199,0.0,7,0.0,0.9968250950613102,0.0026354215320439573,0.58760271856132,0.027298667398369256,0.5605939797757722,0.0023264660076349132,4,0.0
unbalanced,8,8,10,100,2,hgp_first_coverage,2,0.9002965878537572,0.0,0.9641834587029573,0.0,0.8,0.0,4,0.0,1.0,0.0,0.5,0.0,0.5,0.0,918.5,6.363961030678928,7,0.0,1.0,0.0,0.5501488095238095,0.0,0.546875,0.0,4,0.0
