case,n,communities,regime,separation,seed,k,min_cluster_size,exp_z,method,ari_all,ari_classified,ari_inliers_noise_singletons,ari_true_inliers,clusters,coverage,nmi_all,noise_count,noise_f1,noise_precision,noise_recall,dendrogram_purity,exact_classes,exact_class_fraction,cluster_count_error,cluster_count_absolute_error,matched_macro_precision,matched_macro_recall,matched_macro_f1,matched_micro_f1,eligible_classes,classes_below_min_cluster_size,raw_recoverability_macro_f1,raw_recoverability_exact_classes,raw_size_filtered_recoverability_macro_f1,raw_size_filtered_recoverability_exact_classes,condensed_recoverability_macro_f1,condensed_recoverability_exact_classes,raw_internal_nodes,atomic_internal_nodes,condensed_clusters,condensed_nonroot_clusters,suppressed_small_internal_nodes,suppressed_continuation_internal_nodes,point_exits,points_removed_from_input,native_chain_ms,projection_ms,condensation_and_selection_ms,common_z1_matches_standard,preserved_tree_z1_matches_standard
spherical_g2_d8_s1,1200,2,spherical,8,2026092711,5,10,1,hgp_first_coverage,1.0,1.0,1.0,1.0,2,1.0,1.0,0,,,,1.0,2,1.0,0,0,1.0,1.0,1.0,1.0,2,0,1.0,2,1.0,2,1.0,2,952,952,55,54,392,505,1200,0,675.261454,220.46177299853298,22.722526999132242,,
spherical_g2_d8_s1,1200,2,spherical,8,2026092711,5,10,1,hdbscan_common,1.0,1.0,1.0,1.0,2,1.0,1.0,0,,,,1.0,2,1.0,0,0,1.0,1.0,1.0,1.0,2,0,1.0,2,1.0,2,1.0,2,1199,1045,15,14,180,850,1200,0,,,24.97955500075477,True,True
spherical_g2_d8_s1,1200,2,spherical,8,2026092711,5,10,2,hgp_first_coverage,1.0,1.0,1.0,1.0,2,1.0,1.0,0,,,,1.0,2,1.0,0,0,1.0,1.0,1.0,1.0,2,0,1.0,2,1.0,2,1.0,2,952,952,55,54,392,505,1200,0,675.261454,220.46177299853298,21.02799600106664,,
spherical_g2_d8_s1,1200,2,spherical,8,2026092711,5,10,2,hdbscan_common,1.0,1.0,1.0,1.0,2,1.0,1.0,0,,,,1.0,2,1.0,0,0,1.0,1.0,1.0,1.0,2,0,1.0,2,1.0,2,1.0,2,1199,1045,15,14,180,850,1200,0,,,27.25693100001081,True,True
spherical_g2_d8_s1,1200,2,spherical,8,2026092711,5,10,1,hdbscan_standard,1.0,1.0,1.0,1.0,2,1.0,1.0,0,,,,1.0,2,1.0,0,0,1.0,1.0,1.0,1.0,2,0,,,,,,,,,,,,,,,,,,,
spherical_g2_d8_s1,1200,2,spherical,8,2026092711,5,20,1,hgp_first_coverage,1.0,1.0,1.0,1.0,2,1.0,1.0,0,,,,1.0,2,1.0,0,0,1.0,1.0,1.0,1.0,2,0,1.0,2,1.0,2,1.0,2,952,952,19,18,477,456,1200,0,675.261454,220.46177299853298,20.37624199874699,,
spherical_g2_d8_s1,1200,2,spherical,8,2026092711,5,20,1,hdbscan_common,1.0,1.0,1.0,1.0,2,1.0,1.0,0,,,,1.0,2,1.0,0,0,1.0,1.0,1.0,1.0,2,0,1.0,2,1.0,2,1.0,2,1199,1045,7,6,201,837,1200,0,,,24.101246999634895,True,True
spherical_g2_d8_s1,1200,2,spherical,8,2026092711,5,20,2,hgp_first_coverage,1.0,1.0,1.0,1.0,2,1.0,1.0,0,,,,1.0,2,1.0,0,0,1.0,1.0,1.0,1.0,2,0,1.0,2,1.0,2,1.0,2,952,952,19,18,477,456,1200,0,675.261454,220.46177299853298,20.627550002245698,,
spherical_g2_d8_s1,1200,2,spherical,8,2026092711,5,20,2,hdbscan_common,1.0,1.0,1.0,1.0,2,1.0,1.0,0,,,,1.0,2,1.0,0,0,1.0,1.0,1.0,1.0,2,0,1.0,2,1.0,2,1.0,2,1199,1045,7,6,201,837,1200,0,,,23.584613998536952,True,True
spherical_g2_d8_s1,1200,2,spherical,8,2026092711,5,20,1,hdbscan_standard,1.0,1.0,1.0,1.0,2,1.0,1.0,0,,,,1.0,2,1.0,0,0,1.0,1.0,1.0,1.0,2,0,,,,,,,,,,,,,,,,,,,
spherical_g2_d8_s1,1200,2,spherical,8,2026092711,5,50,1,hgp_first_coverage,1.0,1.0,1.0,1.0,2,1.0,1.0,0,,,,1.0,2,1.0,0,0,1.0,1.0,1.0,1.0,2,0,1.0,2,1.0,2,1.0,2,952,952,7,6,520,425,1200,0,675.261454,220.46177299853298,21.946589997241972,,
spherical_g2_d8_s1,1200,2,spherical,8,2026092711,5,50,1,hdbscan_common,1.0,1.0,1.0,1.0,2,1.0,1.0,0,,,,1.0,2,1.0,0,0,1.0,1.0,1.0,1.0,2,0,1.0,2,1.0,2,1.0,2,1199,1045,3,2,239,803,1200,0,,,23.479096998926252,True,True
spherical_g2_d8_s1,1200,2,spherical,8,2026092711,5,50,2,hgp_first_coverage,1.0,1.0,1.0,1.0,2,1.0,1.0,0,,,,1.0,2,1.0,0,0,1.0,1.0,1.0,1.0,2,0,1.0,2,1.0,2,1.0,2,952,952,7,6,520,425,1200,0,675.261454,220.46177299853298,21.687756998289842,,
spherical_g2_d8_s1,1200,2,spherical,8,2026092711,5,50,2,hdbscan_common,1.0,1.0,1.0,1.0,2,1.0,1.0,0,,,,1.0,2,1.0,0,0,1.0,1.0,1.0,1.0,2,0,1.0,2,1.0,2,1.0,2,1199,1045,3,2,239,803,1200,0,,,25.11660000163829,True,True
spherical_g2_d8_s1,1200,2,spherical,8,2026092711,5,50,1,hdbscan_standard,1.0,1.0,1.0,1.0,2,1.0,1.0,0,,,,1.0,2,1.0,0,0,1.0,1.0,1.0,1.0,2,0,,,,,,,,,,,,,,,,,,,
spherical_g2_d8_s1,1200,2,spherical,8,2026092711,5,100,1,hgp_first_coverage,1.0,1.0,1.0,1.0,2,1.0,1.0,0,,,,1.0,2,1.0,0,0,1.0,1.0,1.0,1.0,2,0,1.0,2,1.0,2,1.0,2,952,952,3,2,554,395,1200,0,675.261454,220.46177299853298,21.165954000025522,,
spherical_g2_d8_s1,1200,2,spherical,8,2026092711,5,100,1,hdbscan_common,1.0,1.0,1.0,1.0,2,1.0,1.0,0,,,,1.0,2,1.0,0,0,1.0,1.0,1.0,1.0,2,0,1.0,2,1.0,2,1.0,2,1199,1045,3,2,274,768,1200,0,,,23.523479998402763,True,True
spherical_g2_d8_s1,1200,2,spherical,8,2026092711,5,100,2,hgp_first_coverage,1.0,1.0,1.0,1.0,2,1.0,1.0,0,,,,1.0,2,1.0,0,0,1.0,1.0,1.0,1.0,2,0,1.0,2,1.0,2,1.0,2,952,952,3,2,554,395,1200,0,675.261454,220.46177299853298,95.72906800167402,,
spherical_g2_d8_s1,1200,2,spherical,8,2026092711,5,100,2,hdbscan_common,1.0,1.0,1.0,1.0,2,1.0,1.0,0,,,,1.0,2,1.0,0,0,1.0,1.0,1.0,1.0,2,0,1.0,2,1.0,2,1.0,2,1199,1045,3,2,274,768,1200,0,,,23.76665299743763,True,True
spherical_g2_d8_s1,1200,2,spherical,8,2026092711,5,100,1,hdbscan_standard,1.0,1.0,1.0,1.0,2,1.0,1.0,0,,,,1.0,2,1.0,0,0,1.0,1.0,1.0,1.0,2,0,,,,,,,,,,,,,,,,,,,
spherical_g2_d8_s1,1200,2,spherical,8,2026092711,10,10,1,hgp_first_coverage,1.0,1.0,1.0,1.0,2,1.0,1.0,0,,,,1.0,2,1.0,0,0,1.0,1.0,1.0,1.0,2,0,1.0,2,1.0,2,1.0,2,947,947,37,36,260,650,1200,0,2958.775843,892.5492380003561,21.95212000151514,,
spherical_g2_d8_s1,1200,2,spherical,8,2026092711,10,10,1,hdbscan_common,1.0,1.0,1.0,1.0,2,1.0,1.0,0,,,,1.0,2,1.0,0,0,1.0,1.0,1.0,1.0,2,0,1.0,2,1.0,2,1.0,2,1199,1136,7,6,62,1067,1200,0,,,25.108075002208352,True,True
spherical_g2_d8_s1,1200,2,spherical,8,2026092711,10,10,2,hgp_first_coverage,1.0,1.0,1.0,1.0,2,1.0,1.0,0,,,,1.0,2,1.0,0,0,1.0,1.0,1.0,1.0,2,0,1.0,2,1.0,2,1.0,2,947,947,37,36,260,650,1200,0,2958.775843,892.5492380003561,20.857228999375366,,
spherical_g2_d8_s1,1200,2,spherical,8,2026092711,10,10,2,hdbscan_common,1.0,1.0,1.0,1.0,2,1.0,1.0,0,,,,1.0,2,1.0,0,0,1.0,1.0,1.0,1.0,2,0,1.0,2,1.0,2,1.0,2,1199,1136,7,6,62,1067,1200,0,,,24.40089599986095,True,True
spherical_g2_d8_s1,1200,2,spherical,8,2026092711,10,10,1,hdbscan_standard,1.0,1.0,1.0,1.0,2,1.0,1.0,0,,,,1.0,2,1.0,0,0,1.0,1.0,1.0,1.0,2,0,,,,,,,,,,,,,,,,,,,
spherical_g2_d8_s1,1200,2,spherical,8,2026092711,10,20,1,hgp_first_coverage,1.0,1.0,1.0,1.0,2,1.0,1.0,0,,,,1.0,2,1.0,0,0,1.0,1.0,1.0,1.0,2,0,1.0,2,1.0,2,1.0,2,947,947,21,20,341,585,1200,0,2958.775843,892.5492380003561,23.1844980007736,,
spherical_g2_d8_s1,1200,2,spherical,8,2026092711,10,20,1,hdbscan_common,1.0,1.0,1.0,1.0,2,1.0,1.0,0,,,,1.0,2,1.0,0,0,1.0,1.0,1.0,1.0,2,0,1.0,2,1.0,2,1.0,2,1199,1136,3,2,79,1054,1200,0,,,25.05754999947385,True,True
spherical_g2_d8_s1,1200,2,spherical,8,2026092711,10,20,2,hgp_first_coverage,1.0,1.0,1.0,1.0,2,1.0,1.0,0,,,,1.0,2,1.0,0,0,1.0,1.0,1.0,1.0,2,0,1.0,2,1.0,2,1.0,2,947,947,21,20,341,585,1200,0,2958.775843,892.5492380003561,21.282370998960687,,
spherical_g2_d8_s1,1200,2,spherical,8,2026092711,10,20,2,hdbscan_common,1.0,1.0,1.0,1.0,2,1.0,1.0,0,,,,1.0,2,1.0,0,0,1.0,1.0,1.0,1.0,2,0,1.0,2,1.0,2,1.0,2,1199,1136,3,2,79,1054,1200,0,,,27.99733099891455,True,True
spherical_g2_d8_s1,1200,2,spherical,8,2026092711,10,20,1,hdbscan_standard,1.0,1.0,1.0,1.0,2,1.0,1.0,0,,,,1.0,2,1.0,0,0,1.0,1.0,1.0,1.0,2,0,,,,,,,,,,,,,,,,,,,
spherical_g2_d8_s1,1200,2,spherical,8,2026092711,10,50,1,hgp_first_coverage,1.0,1.0,1.0,1.0,2,1.0,1.0,0,,,,1.0,2,1.0,0,0,1.0,1.0,1.0,1.0,2,0,1.0,2,1.0,2,1.0,2,947,947,7,6,403,537,1200,0,2958.775843,892.5492380003561,23.566861000290373,,
spherical_g2_d8_s1,1200,2,spherical,8,2026092711,10,50,1,hdbscan_common,1.0,1.0,1.0,1.0,2,1.0,1.0,0,,,,1.0,2,1.0,0,0,1.0,1.0,1.0,1.0,2,0,1.0,2,1.0,2,1.0,2,1199,1136,3,2,122,1011,1200,0,,,28.7041190022137,True,True
spherical_g2_d8_s1,1200,2,spherical,8,2026092711,10,50,2,hgp_first_coverage,1.0,1.0,1.0,1.0,2,1.0,1.0,0,,,,1.0,2,1.0,0,0,1.0,1.0,1.0,1.0,2,0,1.0,2,1.0,2,1.0,2,947,947,7,6,403,537,1200,0,2958.775843,892.5492380003561,21.459250998304924,,
spherical_g2_d8_s1,1200,2,spherical,8,2026092711,10,50,2,hdbscan_common,1.0,1.0,1.0,1.0,2,1.0,1.0,0,,,,1.0,2,1.0,0,0,1.0,1.0,1.0,1.0,2,0,1.0,2,1.0,2,1.0,2,1199,1136,3,2,122,1011,1200,0,,,27.66336899730959,True,True
spherical_g2_d8_s1,1200,2,spherical,8,2026092711,10,50,1,hdbscan_standard,1.0,1.0,1.0,1.0,2,1.0,1.0,0,,,,1.0,2,1.0,0,0,1.0,1.0,1.0,1.0,2,0,,,,,,,,,,,,,,,,,,,
spherical_g2_d8_s1,1200,2,spherical,8,2026092711,10,100,1,hgp_first_coverage,1.0,1.0,1.0,1.0,2,1.0,1.0,0,,,,1.0,2,1.0,0,0,1.0,1.0,1.0,1.0,2,0,1.0,2,1.0,2,1.0,2,947,947,3,2,440,504,1200,0,2958.775843,892.5492380003561,22.174555000674445,,
spherical_g2_d8_s1,1200,2,spherical,8,2026092711,10,100,1,hdbscan_common,1.0,1.0,1.0,1.0,2,1.0,1.0,0,,,,1.0,2,1.0,0,0,1.0,1.0,1.0,1.0,2,0,1.0,2,1.0,2,1.0,2,1199,1136,3,2,182,951,1200,0,,,24.354469001991674,True,True
spherical_g2_d8_s1,1200,2,spherical,8,2026092711,10,100,2,hgp_first_coverage,1.0,1.0,1.0,1.0,2,1.0,1.0,0,,,,1.0,2,1.0,0,0,1.0,1.0,1.0,1.0,2,0,1.0,2,1.0,2,1.0,2,947,947,3,2,440,504,1200,0,2958.775843,892.5492380003561,22.76512500247918,,
spherical_g2_d8_s1,1200,2,spherical,8,2026092711,10,100,2,hdbscan_common,1.0,1.0,1.0,1.0,2,1.0,1.0,0,,,,1.0,2,1.0,0,0,1.0,1.0,1.0,1.0,2,0,1.0,2,1.0,2,1.0,2,1199,1136,3,2,182,951,1200,0,,,25.72498300287407,True,True
spherical_g2_d8_s1,1200,2,spherical,8,2026092711,10,100,1,hdbscan_standard,1.0,1.0,1.0,1.0,2,1.0,1.0,0,,,,1.0,2,1.0,0,0,1.0,1.0,1.0,1.0,2,0,,,,,,,,,,,,,,,,,,,
spherical_g2_d8_s2,1200,2,spherical,8,2026092712,5,10,1,hgp_first_coverage,1.0,1.0,1.0,1.0,2,1.0,1.0,0,,,,1.0,2,1.0,0,0,1.0,1.0,1.0,1.0,2,0,1.0,2,1.0,2,1.0,2,928,928,57,56,428,443,1200,0,737.67877,141.52819000082673,25.775207999686245,,
spherical_g2_d8_s2,1200,2,spherical,8,2026092712,5,10,1,hdbscan_common,1.0,1.0,1.0,1.0,2,1.0,1.0,0,,,,1.0,2,1.0,0,0,1.0,1.0,1.0,1.0,2,0,1.0,2,1.0,2,1.0,2,1199,1025,17,16,167,841,1200,0,,,35.60006099723978,True,True
spherical_g2_d8_s2,1200,2,spherical,8,2026092712,5,10,2,hgp_first_coverage,1.0,1.0,1.0,1.0,2,1.0,1.0,0,,,,1.0,2,1.0,0,0,1.0,1.0,1.0,1.0,2,0,1.0,2,1.0,2,1.0,2,928,928,57,56,428,443,1200,0,737.67877,141.52819000082673,21.341921998100588,,
spherical_g2_d8_s2,1200,2,spherical,8,2026092712,5,10,2,hdbscan_common,1.0,1.0,1.0,1.0,2,1.0,1.0,0,,,,1.0,2,1.0,0,0,1.0,1.0,1.0,1.0,2,0,1.0,2,1.0,2,1.0,2,1199,1025,17,16,167,841,1200,0,,,132.34061099865357,True,True
spherical_g2_d8_s2,1200,2,spherical,8,2026092712,5,10,1,hdbscan_standard,1.0,1.0,1.0,1.0,2,1.0,1.0,0,,,,1.0,2,1.0,0,0,1.0,1.0,1.0,1.0,2,0,,,,,,,,,,,,,,,,,,,
spherical_g2_d8_s2,1200,2,spherical,8,2026092712,5,20,1,hgp_first_coverage,1.0,1.0,1.0,1.0,2,1.0,1.0,0,,,,1.0,2,1.0,0,0,1.0,1.0,1.0,1.0,2,0,1.0,2,1.0,2,1.0,2,928,928,13,12,512,403,1200,0,737.67877,141.52819000082673,23.26723199803382,,
spherical_g2_d8_s2,1200,2,spherical,8,2026092712,5,20,1,hdbscan_common,1.0,1.0,1.0,1.0,2,1.0,1.0,0,,,,1.0,2,1.0,0,0,1.0,1.0,1.0,1.0,2,0,1.0,2,1.0,2,1.0,2,1199,1025,3,2,197,825,1200,0,,,28.579838002769975,True,True
spherical_g2_d8_s2,1200,2,spherical,8,2026092712,5,20,2,hgp_first_coverage,1.0,1.0,1.0,1.0,2,1.0,1.0,0,,,,1.0,2,1.0,0,0,1.0,1.0,1.0,1.0,2,0,1.0,2,1.0,2,1.0,2,928,928,13,12,512,403,1200,0,737.67877,141.52819000082673,21.917424997809576,,
spherical_g2_d8_s2,1200,2,spherical,8,2026092712,5,20,2,hdbscan_common,1.0,1.0,1.0,1.0,2,1.0,1.0,0,,,,1.0,2,1.0,0,0,1.0,1.0,1.0,1.0,2,0,1.0,2,1.0,2,1.0,2,1199,1025,3,2,197,825,1200,0,,,24.033932000747882,True,True
spherical_g2_d8_s2,1200,2,spherical,8,2026092712,5,20,1,hdbscan_standard,1.0,1.0,1.0,1.0,2,1.0,1.0,0,,,,1.0,2,1.0,0,0,1.0,1.0,1.0,1.0,2,0,,,,,,,,,,,,,,,,,,,
spherical_g2_d8_s2,1200,2,spherical,8,2026092712,5,50,1,hgp_first_coverage,1.0,1.0,1.0,1.0,2,1.0,1.0,0,,,,1.0,2,1.0,0,0,1.0,1.0,1.0,1.0,2,0,1.0,2,1.0,2,1.0,2,928,928,3,2,537,388,1200,0,737.67877,141.52819000082673,23.927312999148853,,
spherical_g2_d8_s2,1200,2,spherical,8,2026092712,5,50,1,hdbscan_common,1.0,1.0,1.0,1.0,2,1.0,1.0,0,,,,1.0,2,1.0,0,0,1.0,1.0,1.0,1.0,2,0,1.0,2,1.0,2,1.0,2,1199,1025,3,2,221,801,1200,0,,,26.75992399963434,True,True
spherical_g2_d8_s2,1200,2,spherical,8,2026092712,5,50,2,hgp_first_coverage,1.0,1.0,1.0,1.0,2,1.0,1.0,0,,,,1.0,2,1.0,0,0,1.0,1.0,1.0,1.0,2,0,1.0,2,1.0,2,1.0,2,928,928,3,2,537,388,1200,0,737.67877,141.52819000082673,23.533358998975018,,
spherical_g2_d8_s2,1200,2,spherical,8,2026092712,5,50,2,hdbscan_common,1.0,1.0,1.0,1.0,2,1.0,1.0,0,,,,1.0,2,1.0,0,0,1.0,1.0,1.0,1.0,2,0,1.0,2,1.0,2,1.0,2,1199,1025,3,2,221,801,1200,0,,,26.979091999237426,True,True
spherical_g2_d8_s2,1200,2,spherical,8,2026092712,5,50,1,hdbscan_standard,1.0,1.0,1.0,1.0,2,1.0,1.0,0,,,,1.0,2,1.0,0,0,1.0,1.0,1.0,1.0,2,0,,,,,,,,,,,,,,,,,,,
spherical_g2_d8_s2,1200,2,spherical,8,2026092712,5,100,1,hgp_first_coverage,1.0,1.0,1.0,1.0,2,1.0,1.0,0,,,,1.0,2,1.0,0,0,1.0,1.0,1.0,1.0,2,0,1.0,2,1.0,2,1.0,2,928,928,3,2,560,365,1200,0,737.67877,141.52819000082673,21.16863899937016,,
spherical_g2_d8_s2,1200,2,spherical,8,2026092712,5,100,1,hdbscan_common,1.0,1.0,1.0,1.0,2,1.0,1.0,0,,,,1.0,2,1.0,0,0,1.0,1.0,1.0,1.0,2,0,1.0,2,1.0,2,1.0,2,1199,1025,3,2,272,750,1200,0,,,25.08625400150777,True,True
spherical_g2_d8_s2,1200,2,spherical,8,2026092712,5,100,2,hgp_first_coverage,1.0,1.0,1.0,1.0,2,1.0,1.0,0,,,,1.0,2,1.0,0,0,1.0,1.0,1.0,1.0,2,0,1.0,2,1.0,2,1.0,2,928,928,3,2,560,365,1200,0,737.67877,141.52819000082673,25.172713998472318,,
spherical_g2_d8_s2,1200,2,spherical,8,2026092712,5,100,2,hdbscan_common,1.0,1.0,1.0,1.0,2,1.0,1.0,0,,,,1.0,2,1.0,0,0,1.0,1.0,1.0,1.0,2,0,1.0,2,1.0,2,1.0,2,1199,1025,3,2,272,750,1200,0,,,25.297247000708012,True,True
spherical_g2_d8_s2,1200,2,spherical,8,2026092712,5,100,1,hdbscan_standard,1.0,1.0,1.0,1.0,2,1.0,1.0,0,,,,1.0,2,1.0,0,0,1.0,1.0,1.0,1.0,2,0,,,,,,,,,,,,,,,,,,,
spherical_g2_d8_s2,1200,2,spherical,8,2026092712,10,10,1,hgp_first_coverage,1.0,1.0,1.0,1.0,2,1.0,1.0,0,,,,1.0,2,1.0,0,0,1.0,1.0,1.0,1.0,2,0,1.0,2,1.0,2,1.0,2,910,910,49,48,247,614,1200,0,3212.124494,1157.6067819987657,21.092375998705393,,
spherical_g2_d8_s2,1200,2,spherical,8,2026092712,10,10,1,hdbscan_common,1.0,1.0,1.0,1.0,2,1.0,1.0,0,,,,1.0,2,1.0,0,0,1.0,1.0,1.0,1.0,2,0,1.0,2,1.0,2,1.0,2,1199,1142,7,6,61,1074,1200,0,,,26.767016999656335,True,True
spherical_g2_d8_s2,1200,2,spherical,8,2026092712,10,10,2,hgp_first_coverage,1.0,1.0,1.0,1.0,2,1.0,1.0,0,,,,1.0,2,1.0,0,0,1.0,1.0,1.0,1.0,2,0,1.0,2,1.0,2,1.0,2,910,910,49,48,247,614,1200,0,3212.124494,1157.6067819987657,22.6085639988014,,
spherical_g2_d8_s2,1200,2,spherical,8,2026092712,10,10,2,hdbscan_common,1.0,1.0,1.0,1.0,2,1.0,1.0,0,,,,1.0,2,1.0,0,0,1.0,1.0,1.0,1.0,2,0,1.0,2,1.0,2,1.0,2,1199,1142,7,6,61,1074,1200,0,,,24.79749499980244,True,True
spherical_g2_d8_s2,1200,2,spherical,8,2026092712,10,10,1,hdbscan_standard,1.0,1.0,1.0,1.0,2,1.0,1.0,0,,,,1.0,2,1.0,0,0,1.0,1.0,1.0,1.0,2,0,,,,,,,,,,,,,,,,,,,
spherical_g2_d8_s2,1200,2,spherical,8,2026092712,10,20,1,hgp_first_coverage,1.0,1.0,1.0,1.0,2,1.0,1.0,0,,,,1.0,2,1.0,0,0,1.0,1.0,1.0,1.0,2,0,1.0,2,1.0,2,1.0,2,910,910,21,20,336,553,1200,0,3212.124494,1157.6067819987657,21.593983001366723,,
spherical_g2_d8_s2,1200,2,spherical,8,2026092712,10,20,1,hdbscan_common,1.0,1.0,1.0,1.0,2,1.0,1.0,0,,,,1.0,2,1.0,0,0,1.0,1.0,1.0,1.0,2,0,1.0,2,1.0,2,1.0,2,1199,1142,3,2,87,1052,1200,0,,,27.32340500006103,True,True
spherical_g2_d8_s2,1200,2,spherical,8,2026092712,10,20,2,hgp_first_coverage,1.0,1.0,1.0,1.0,2,1.0,1.0,0,,,,1.0,2,1.0,0,0,1.0,1.0,1.0,1.0,2,0,1.0,2,1.0,2,1.0,2,910,910,21,20,336,553,1200,0,3212.124494,1157.6067819987657,21.22757899996941,,
spherical_g2_d8_s2,1200,2,spherical,8,2026092712,10,20,2,hdbscan_common,1.0,1.0,1.0,1.0,2,1.0,1.0,0,,,,1.0,2,1.0,0,0,1.0,1.0,1.0,1.0,2,0,1.0,2,1.0,2,1.0,2,1199,1142,3,2,87,1052,1200,0,,,26.874262999626808,True,True
spherical_g2_d8_s2,1200,2,spherical,8,2026092712,10,20,1,hdbscan_standard,1.0,1.0,1.0,1.0,2,1.0,1.0,0,,,,1.0,2,1.0,0,0,1.0,1.0,1.0,1.0,2,0,,,,,,,,,,,,,,,,,,,
spherical_g2_d8_s2,1200,2,spherical,8,2026092712,10,50,1,hgp_first_coverage,1.0,1.0,1.0,1.0,2,1.0,1.0,0,,,,1.0,2,1.0,0,0,1.0,1.0,1.0,1.0,2,0,1.0,2,1.0,2,1.0,2,910,910,5,4,398,507,1200,0,3212.124494,1157.6067819987657,21.477725997101516,,
spherical_g2_d8_s2,1200,2,spherical,8,2026092712,10,50,1,hdbscan_common,1.0,1.0,1.0,1.0,2,1.0,1.0,0,,,,1.0,2,1.0,0,0,1.0,1.0,1.0,1.0,2,0,1.0,2,1.0,2,1.0,2,1199,1142,3,2,115,1024,1200,0,,,25.35004499804927,True,True
spherical_g2_d8_s2,1200,2,spherical,8,2026092712,10,50,2,hgp_first_coverage,1.0,1.0,1.0,1.0,2,1.0,1.0,0,,,,1.0,2,1.0,0,0,1.0,1.0,1.0,1.0,2,0,1.0,2,1.0,2,1.0,2,910,910,5,4,398,507,1200,0,3212.124494,1157.6067819987657,21.19467699958477,,
spherical_g2_d8_s2,1200,2,spherical,8,2026092712,10,50,2,hdbscan_common,1.0,1.0,1.0,1.0,2,1.0,1.0,0,,,,1.0,2,1.0,0,0,1.0,1.0,1.0,1.0,2,0,1.0,2,1.0,2,1.0,2,1199,1142,3,2,115,1024,1200,0,,,24.740419001318514,True,True
spherical_g2_d8_s2,1200,2,spherical,8,2026092712,10,50,1,hdbscan_standard,1.0,1.0,1.0,1.0,2,1.0,1.0,0,,,,1.0,2,1.0,0,0,1.0,1.0,1.0,1.0,2,0,,,,,,,,,,,,,,,,,,,
spherical_g2_d8_s2,1200,2,spherical,8,2026092712,10,100,1,hgp_first_coverage,1.0,1.0,1.0,1.0,2,1.0,1.0,0,,,,1.0,2,1.0,0,0,1.0,1.0,1.0,1.0,2,0,1.0,2,1.0,2,1.0,2,910,910,3,2,421,486,1200,0,3212.124494,1157.6067819987657,20.115275001444388,,
spherical_g2_d8_s2,1200,2,spherical,8,2026092712,10,100,1,hdbscan_common,1.0,1.0,1.0,1.0,2,1.0,1.0,0,,,,1.0,2,1.0,0,0,1.0,1.0,1.0,1.0,2,0,1.0,2,1.0,2,1.0,2,1199,1142,3,2,202,937,1200,0,,,24.04677499725949,True,True
spherical_g2_d8_s2,1200,2,spherical,8,2026092712,10,100,2,hgp_first_coverage,1.0,1.0,1.0,1.0,2,1.0,1.0,0,,,,1.0,2,1.0,0,0,1.0,1.0,1.0,1.0,2,0,1.0,2,1.0,2,1.0,2,910,910,3,2,421,486,1200,0,3212.124494,1157.6067819987657,20.277507999708178,,
spherical_g2_d8_s2,1200,2,spherical,8,2026092712,10,100,2,hdbscan_common,1.0,1.0,1.0,1.0,2,1.0,1.0,0,,,,1.0,2,1.0,0,0,1.0,1.0,1.0,1.0,2,0,1.0,2,1.0,2,1.0,2,1199,1142,3,2,202,937,1200,0,,,24.17860100104008,True,True
spherical_g2_d8_s2,1200,2,spherical,8,2026092712,10,100,1,hdbscan_standard,1.0,1.0,1.0,1.0,2,1.0,1.0,0,,,,1.0,2,1.0,0,0,1.0,1.0,1.0,1.0,2,0,,,,,,,,,,,,,,,,,,,
spherical_g2_d8_s3,1200,2,spherical,8,2026092713,5,10,1,hgp_first_coverage,1.0,1.0,1.0,1.0,2,1.0,1.0,0,,,,1.0,2,1.0,0,0,1.0,1.0,1.0,1.0,2,0,1.0,2,1.0,2,1.0,2,941,941,53,52,410,478,1200,0,668.997183,160.46536000067135,21.87611800036393,,
spherical_g2_d8_s3,1200,2,spherical,8,2026092713,5,10,1,hdbscan_common,1.0,1.0,1.0,1.0,2,1.0,1.0,0,,,,1.0,2,1.0,0,0,1.0,1.0,1.0,1.0,2,0,1.0,2,1.0,2,1.0,2,1199,1052,15,14,166,871,1200,0,,,24.410673999227583,True,True
spherical_g2_d8_s3,1200,2,spherical,8,2026092713,5,10,2,hgp_first_coverage,1.0,1.0,1.0,1.0,2,1.0,1.0,0,,,,1.0,2,1.0,0,0,1.0,1.0,1.0,1.0,2,0,1.0,2,1.0,2,1.0,2,941,941,53,52,410,478,1200,0,668.997183,160.46536000067135,21.878764000575757,,
spherical_g2_d8_s3,1200,2,spherical,8,2026092713,5,10,2,hdbscan_common,1.0,1.0,1.0,1.0,2,1.0,1.0,0,,,,1.0,2,1.0,0,0,1.0,1.0,1.0,1.0,2,0,1.0,2,1.0,2,1.0,2,1199,1052,15,14,166,871,1200,0,,,24.607821000245167,True,True
spherical_g2_d8_s3,1200,2,spherical,8,2026092713,5,10,1,hdbscan_standard,1.0,1.0,1.0,1.0,2,1.0,1.0,0,,,,1.0,2,1.0,0,0,1.0,1.0,1.0,1.0,2,0,,,,,,,,,,,,,,,,,,,
spherical_g2_d8_s3,1200,2,spherical,8,2026092713,5,20,1,hgp_first_coverage,1.0,1.0,1.0,1.0,2,1.0,1.0,0,,,,1.0,2,1.0,0,0,1.0,1.0,1.0,1.0,2,0,1.0,2,1.0,2,1.0,2,941,941,15,14,481,445,1200,0,668.997183,160.46536000067135,21.03470899965032,,
spherical_g2_d8_s3,1200,2,spherical,8,2026092713,5,20,1,hdbscan_common,1.0,1.0,1.0,1.0,2,1.0,1.0,0,,,,1.0,2,1.0,0,0,1.0,1.0,1.0,1.0,2,0,1.0,2,1.0,2,1.0,2,1199,1052,7,6,191,854,1200,0,,,24.51929599919822,True,True
spherical_g2_d8_s3,1200,2,spherical,8,2026092713,5,20,2,hgp_first_coverage,1.0,1.0,1.0,1.0,2,1.0,1.0,0,,,,1.0,2,1.0,0,0,1.0,1.0,1.0,1.0,2,0,1.0,2,1.0,2,1.0,2,941,941,15,14,481,445,1200,0,668.997183,160.46536000067135,26.669214999856194,,
spherical_g2_d8_s3,1200,2,spherical,8,2026092713,5,20,2,hdbscan_common,1.0,1.0,1.0,1.0,2,1.0,1.0,0,,,,1.0,2,1.0,0,0,1.0,1.0,1.0,1.0,2,0,1.0,2,1.0,2,1.0,2,1199,1052,7,6,191,854,1200,0,,,24.11324900094769,True,True
spherical_g2_d8_s3,1200,2,spherical,8,2026092713,5,20,1,hdbscan_standard,1.0,1.0,1.0,1.0,2,1.0,1.0,0,,,,1.0,2,1.0,0,0,1.0,1.0,1.0,1.0,2,0,,,,,,,,,,,,,,,,,,,
spherical_g2_d8_s3,1200,2,spherical,8,2026092713,5,50,1,hgp_first_coverage,1.0,1.0,1.0,1.0,2,1.0,1.0,0,,,,1.0,2,1.0,0,0,1.0,1.0,1.0,1.0,2,0,1.0,2,1.0,2,1.0,2,941,941,3,2,510,428,1200,0,668.997183,160.46536000067135,21.725306996813742,,
spherical_g2_d8_s3,1200,2,spherical,8,2026092713,5,50,1,hdbscan_common,1.0,1.0,1.0,1.0,2,1.0,1.0,0,,,,1.0,2,1.0,0,0,1.0,1.0,1.0,1.0,2,0,1.0,2,1.0,2,1.0,2,1199,1052,3,2,226,823,1200,0,,,30.706732999533415,True,True
spherical_g2_d8_s3,1200,2,spherical,8,2026092713,5,50,2,hgp_first_coverage,1.0,1.0,1.0,1.0,2,1.0,1.0,0,,,,1.0,2,1.0,0,0,1.0,1.0,1.0,1.0,2,0,1.0,2,1.0,2,1.0,2,941,941,3,2,510,428,1200,0,668.997183,160.46536000067135,26.145047002501087,,
spherical_g2_d8_s3,1200,2,spherical,8,2026092713,5,50,2,hdbscan_common,1.0,1.0,1.0,1.0,2,1.0,1.0,0,,,,1.0,2,1.0,0,0,1.0,1.0,1.0,1.0,2,0,1.0,2,1.0,2,1.0,2,1199,1052,3,2,226,823,1200,0,,,29.481369001587154,True,True
spherical_g2_d8_s3,1200,2,spherical,8,2026092713,5,50,1,hdbscan_standard,1.0,1.0,1.0,1.0,2,1.0,1.0,0,,,,1.0,2,1.0,0,0,1.0,1.0,1.0,1.0,2,0,,,,,,,,,,,,,,,,,,,
spherical_g2_d8_s3,1200,2,spherical,8,2026092713,5,100,1,hgp_first_coverage,1.0,1.0,1.0,1.0,2,1.0,1.0,0,,,,1.0,2,1.0,0,0,1.0,1.0,1.0,1.0,2,0,1.0,2,1.0,2,1.0,2,941,941,3,2,533,405,1200,0,668.997183,160.46536000067135,28.406624998751795,,
spherical_g2_d8_s3,1200,2,spherical,8,2026092713,5,100,1,hdbscan_common,1.0,1.0,1.0,1.0,2,1.0,1.0,0,,,,1.0,2,1.0,0,0,1.0,1.0,1.0,1.0,2,0,1.0,2,1.0,2,1.0,2,1199,1052,3,2,263,786,1200,0,,,29.183582999394275,True,True
spherical_g2_d8_s3,1200,2,spherical,8,2026092713,5,100,2,hgp_first_coverage,1.0,1.0,1.0,1.0,2,1.0,1.0,0,,,,1.0,2,1.0,0,0,1.0,1.0,1.0,1.0,2,0,1.0,2,1.0,2,1.0,2,941,941,3,2,533,405,1200,0,668.997183,160.46536000067135,20.739840001624543,,
spherical_g2_d8_s3,1200,2,spherical,8,2026092713,5,100,2,hdbscan_common,1.0,1.0,1.0,1.0,2,1.0,1.0,0,,,,1.0,2,1.0,0,0,1.0,1.0,1.0,1.0,2,0,1.0,2,1.0,2,1.0,2,1199,1052,3,2,263,786,1200,0,,,26.852967999730026,True,True
spherical_g2_d8_s3,1200,2,spherical,8,2026092713,5,100,1,hdbscan_standard,1.0,1.0,1.0,1.0,2,1.0,1.0,0,,,,1.0,2,1.0,0,0,1.0,1.0,1.0,1.0,2,0,,,,,,,,,,,,,,,,,,,
spherical_g2_d8_s3,1200,2,spherical,8,2026092713,10,10,1,hgp_first_coverage,1.0,1.0,1.0,1.0,2,1.0,1.0,0,,,,1.0,2,1.0,0,0,1.0,1.0,1.0,1.0,2,0,1.0,2,1.0,2,1.0,2,895,895,53,52,235,607,1200,0,2852.870238,1046.6262469999492,21.359935999498703,,
spherical_g2_d8_s3,1200,2,spherical,8,2026092713,10,10,1,hdbscan_common,0.9983347199093332,1.0,0.9983347199093332,0.9983347199093332,2,0.9991666666666666,0.9955737162526257,1,,,,0.9991666666666666,1,0.5,0,0,1.0,0.9991666666666666,0.9995829858215179,0.9995831596498541,2,0,0.9995829858215179,1,0.9995829858215179,1,0.9995829858215179,1,1199,1134,3,2,54,1077,1200,0,,,26.69646600043052,True,True
spherical_g2_d8_s3,1200,2,spherical,8,2026092713,10,10,2,hgp_first_coverage,1.0,1.0,1.0,1.0,2,1.0,1.0,0,,,,1.0,2,1.0,0,0,1.0,1.0,1.0,1.0,2,0,1.0,2,1.0,2,1.0,2,895,895,53,52,235,607,1200,0,2852.870238,1046.6262469999492,21.280208002281142,,
spherical_g2_d8_s3,1200,2,spherical,8,2026092713,10,10,2,hdbscan_common,0.9983347199093332,1.0,0.9983347199093332,0.9983347199093332,2,0.9991666666666666,0.9955737162526257,1,,,,0.9991666666666666,1,0.5,0,0,1.0,0.9991666666666666,0.9995829858215179,0.9995831596498541,2,0,0.9995829858215179,1,0.9995829858215179,1,0.9995829858215179,1,1199,1134,3,2,54,1077,1200,0,,,24.15360499799135,True,True
spherical_g2_d8_s3,1200,2,spherical,8,2026092713,10,10,1,hdbscan_standard,0.9983347199093332,1.0,0.9983347199093332,0.9983347199093332,2,0.9991666666666666,0.9955737162526257,1,,,,0.9991666666666666,1,0.5,0,0,1.0,0.9991666666666666,0.9995829858215179,0.9995831596498541,2,0,,,,,,,,,,,,,,,,,,,
spherical_g2_d8_s3,1200,2,spherical,8,2026092713,10,20,1,hgp_first_coverage,1.0,1.0,1.0,1.0,2,1.0,1.0,0,,,,1.0,2,1.0,0,0,1.0,1.0,1.0,1.0,2,0,1.0,2,1.0,2,1.0,2,895,895,9,8,319,567,1200,0,2852.870238,1046.6262469999492,20.473562999541173,,
spherical_g2_d8_s3,1200,2,spherical,8,2026092713,10,20,1,hdbscan_common,0.9983347199093332,1.0,0.9983347199093332,0.9983347199093332,2,0.9991666666666666,0.9955737162526257,1,,,,0.9991666666666666,1,0.5,0,0,1.0,0.9991666666666666,0.9995829858215179,0.9995831596498541,2,0,0.9995829858215179,1,0.9995829858215179,1,0.9995829858215179,1,1199,1134,3,2,67,1064,1200,0,,,23.967045999597758,True,True
spherical_g2_d8_s3,1200,2,spherical,8,2026092713,10,20,2,hgp_first_coverage,1.0,1.0,1.0,1.0,2,1.0,1.0,0,,,,1.0,2,1.0,0,0,1.0,1.0,1.0,1.0,2,0,1.0,2,1.0,2,1.0,2,895,895,9,8,319,567,1200,0,2852.870238,1046.6262469999492,20.305640002334258,,
spherical_g2_d8_s3,1200,2,spherical,8,2026092713,10,20,2,hdbscan_common,0.9983347199093332,1.0,0.9983347199093332,0.9983347199093332,2,0.9991666666666666,0.9955737162526257,1,,,,0.9991666666666666,1,0.5,0,0,1.0,0.9991666666666666,0.9995829858215179,0.9995831596498541,2,0,0.9995829858215179,1,0.9995829858215179,1,0.9995829858215179,1,1199,1134,3,2,67,1064,1200,0,,,24.6890730013547,True,True
spherical_g2_d8_s3,1200,2,spherical,8,2026092713,10,20,1,hdbscan_standard,0.9983347199093332,1.0,0.9983347199093332,0.9983347199093332,2,0.9991666666666666,0.9955737162526257,1,,,,0.9991666666666666,1,0.5,0,0,1.0,0.9991666666666666,0.9995829858215179,0.9995831596498541,2,0,,,,,,,,,,,,,,,,,,,
spherical_g2_d8_s3,1200,2,spherical,8,2026092713,10,50,1,hgp_first_coverage,1.0,1.0,1.0,1.0,2,1.0,1.0,0,,,,1.0,2,1.0,0,0,1.0,1.0,1.0,1.0,2,0,1.0,2,1.0,2,1.0,2,895,895,3,2,352,540,1200,0,2852.870238,1046.6262469999492,20.083887000510003,,
spherical_g2_d8_s3,1200,2,spherical,8,2026092713,10,50,1,hdbscan_common,0.9983347199093332,1.0,0.9983347199093332,0.9983347199093332,2,0.9991666666666666,0.9955737162526257,1,,,,0.9991666666666666,1,0.5,0,0,1.0,0.9991666666666666,0.9995829858215179,0.9995831596498541,2,0,0.9995829858215179,1,0.9995829858215179,1,0.9995829858215179,1,1199,1134,3,2,104,1027,1200,0,,,23.748119001538726,True,True
spherical_g2_d8_s3,1200,2,spherical,8,2026092713,10,50,2,hgp_first_coverage,1.0,1.0,1.0,1.0,2,1.0,1.0,0,,,,1.0,2,1.0,0,0,1.0,1.0,1.0,1.0,2,0,1.0,2,1.0,2,1.0,2,895,895,3,2,352,540,1200,0,2852.870238,1046.6262469999492,20.345693999843206,,
spherical_g2_d8_s3,1200,2,spherical,8,2026092713,10,50,2,hdbscan_common,0.9983347199093332,1.0,0.9983347199093332,0.9983347199093332,2,0.9991666666666666,0.9955737162526257,1,,,,0.9991666666666666,1,0.5,0,0,1.0,0.9991666666666666,0.9995829858215179,0.9995831596498541,2,0,0.9995829858215179,1,0.9995829858215179,1,0.9995829858215179,1,1199,1134,3,2,104,1027,1200,0,,,24.716935000469675,True,True
spherical_g2_d8_s3,1200,2,spherical,8,2026092713,10,50,1,hdbscan_standard,0.9983347199093332,1.0,0.9983347199093332,0.9983347199093332,2,0.9991666666666666,0.9955737162526257,1,,,,0.9991666666666666,1,0.5,0,0,1.0,0.9991666666666666,0.9995829858215179,0.9995831596498541,2,0,,,,,,,,,,,,,,,,,,,
spherical_g2_d8_s3,1200,2,spherical,8,2026092713,10,100,1,hgp_first_coverage,1.0,1.0,1.0,1.0,2,1.0,1.0,0,,,,1.0,2,1.0,0,0,1.0,1.0,1.0,1.0,2,0,1.0,2,1.0,2,1.0,2,895,895,3,2,376,516,1200,0,2852.870238,1046.6262469999492,20.399865999934264,,
spherical_g2_d8_s3,1200,2,spherical,8,2026092713,10,100,1,hdbscan_common,0.9983347199093332,1.0,0.9983347199093332,0.9983347199093332,2,0.9991666666666666,0.9955737162526257,1,,,,0.9991666666666666,1,0.5,0,0,1.0,0.9991666666666666,0.9995829858215179,0.9995831596498541,2,0,0.9995829858215179,1,0.9995829858215179,1,0.9995829858215179,1,1199,1134,3,2,179,952,1200,0,,,25.565437001205282,True,True
spherical_g2_d8_s3,1200,2,spherical,8,2026092713,10,100,2,hgp_first_coverage,1.0,1.0,1.0,1.0,2,1.0,1.0,0,,,,1.0,2,1.0,0,0,1.0,1.0,1.0,1.0,2,0,1.0,2,1.0,2,1.0,2,895,895,3,2,376,516,1200,0,2852.870238,1046.6262469999492,23.02422899811063,,
spherical_g2_d8_s3,1200,2,spherical,8,2026092713,10,100,2,hdbscan_common,0.9983347199093332,1.0,0.9983347199093332,0.9983347199093332,2,0.9991666666666666,0.9955737162526257,1,,,,0.9991666666666666,1,0.5,0,0,1.0,0.9991666666666666,0.9995829858215179,0.9995831596498541,2,0,0.9995829858215179,1,0.9995829858215179,1,0.9995829858215179,1,1199,1134,3,2,179,952,1200,0,,,36.94947300027707,True,True
spherical_g2_d8_s3,1200,2,spherical,8,2026092713,10,100,1,hdbscan_standard,0.9983347199093332,1.0,0.9983347199093332,0.9983347199093332,2,0.9991666666666666,0.9955737162526257,1,,,,0.9991666666666666,1,0.5,0,0,1.0,0.9991666666666666,0.9995829858215179,0.9995831596498541,2,0,,,,,,,,,,,,,,,,,,,
spherical_g2_d4_s1,1200,2,spherical,4,2026092711,5,10,1,hgp_first_coverage,0.27302260339258305,0.6032004973597394,0.24775054923951548,0.27302260339258305,16,0.6266666666666667,0.3386469189117593,448,,,,0.7613389666333072,0,0.0,14,14,0.9963054187192117,0.43916666666666665,0.5718671397032171,0.5399590163934426,2,0,0.8356200866945852,0,0.8356200866945852,0,0.8356200866945852,0,945,945,59,58,402,484,1200,0,818.839469,161.5184029978991,24.92954099943745,,
spherical_g2_d4_s1,1200,2,spherical,4,2026092711,5,10,1,hdbscan_common,0.2980769677894594,0.9519678109676629,0.2907679427295782,0.2980769677894594,3,0.5491666666666667,0.4046895067407173,541,,,,0.6818318179568162,0,0.0,1,1,0.9954969273151091,0.5383333333333333,0.696540626194009,0.6949973103819258,2,0,0.7519193776279727,0,0.7519193776279727,0,0.7519193776279727,0,1199,1037,17,16,187,833,1200,0,,,25.617464001697954,False,True
spherical_g2_d4_s1,1200,2,spherical,4,2026092711,5,10,2,hgp_first_coverage,0.036444259399512874,0.15006027568659985,0.03251441655847999,0.036444259399512874,25,0.46166666666666667,0.21928378031993725,646,,,,0.7613389666333072,0,0.0,23,23,1.0,0.135,0.23083184675868998,0.1847206385404789,2,0,0.8356200866945852,0,0.8356200866945852,0,0.8356200866945852,0,945,945,59,58,402,484,1200,0,818.839469,161.5184029978991,21.473818000231404,,
spherical_g2_d4_s1,1200,2,spherical,4,2026092711,5,10,2,hdbscan_common,0.2980769677894594,0.9519678109676629,0.2907679427295782,0.2980769677894594,3,0.5491666666666667,0.4046895067407173,541,,,,0.6818318179568162,0,0.0,1,1,0.9954969273151091,0.5383333333333333,0.696540626194009,0.6949973103819258,2,0,0.7519193776279727,0,0.7519193776279727,0,0.7519193776279727,0,1199,1037,17,16,187,833,1200,0,,,24.47932199720526,False,True
spherical_g2_d4_s1,1200,2,spherical,4,2026092711,5,10,1,hdbscan_standard,0.29866051953972556,0.952039669219146,0.29155842344858507,0.29866051953972556,3,0.55,0.40509042765488207,540,,,,0.6818318179568162,0,0.0,1,1,0.9955030187846152,0.5391666666666667,0.6973053720464398,0.6956989247311828,2,0,,,,,,,,,,,,,,,,,,,
spherical_g2_d4_s1,1200,2,spherical,4,2026092711,5,20,1,hgp_first_coverage,0.3509364190767664,0.8090395635162596,0.3477667851980507,0.3509364190767664,5,0.6541666666666667,0.42383318508024637,415,,,,0.7613389666333072,0,0.0,3,3,0.9963054187192117,0.5841666666666666,0.732444973809703,0.7062972292191436,2,0,0.8356200866945852,0,0.8356200866945852,0,0.8356200866945852,0,945,945,21,20,494,430,1200,0,818.839469,161.5184029978991,23.790888000803534,,
spherical_g2_d4_s1,1200,2,spherical,4,2026092711,5,20,1,hdbscan_common,0.35829338750077283,0.9465328132576543,0.35877529579320894,0.35829338750077283,2,0.6158333333333333,0.4303182203781161,461,,,,0.6818318179568162,0,0.0,0,0,0.9866068811910205,0.6074999999999999,0.7519193776279727,0.7519339865910263,2,0,0.7519193776279727,0,0.7519193776279727,0,0.7519193776279727,0,1199,1037,7,6,208,822,1200,0,,,29.381493000983028,True,True
spherical_g2_d4_s1,1200,2,spherical,4,2026092711,5,20,2,hgp_first_coverage,0.2809245593924008,0.7120635569184272,0.25932432218293705,0.2809245593924008,6,0.5916666666666667,0.3748136542990296,490,,,,0.7613389666333072,0,0.0,4,4,0.9963054187192117,0.43916666666666665,0.5718671397032171,0.5518324607329843,2,0,0.8356200866945852,0,0.8356200866945852,0,0.8356200866945852,0,945,945,21,20,494,430,1200,0,818.839469,161.5184029978991,23.148670999944443,,
spherical_g2_d4_s1,1200,2,spherical,4,2026092711,5,20,2,hdbscan_common,0.35829338750077283,0.9465328132576543,0.35877529579320894,0.35829338750077283,2,0.6158333333333333,0.4303182203781161,461,,,,0.6818318179568162,0,0.0,0,0,0.9866068811910205,0.6074999999999999,0.7519193776279727,0.7519339865910263,2,0,0.7519193776279727,0,0.7519193776279727,0,0.7519193776279727,0,1199,1037,7,6,208,822,1200,0,,,24.348918999749003,True,True
spherical_g2_d4_s1,1200,2,spherical,4,2026092711,5,20,1,hdbscan_standard,0.35829338750077283,0.9465328132576543,0.35877529579320894,0.35829338750077283,2,0.6158333333333333,0.4303182203781161,461,,,,0.6818318179568162,0,0.0,0,0,0.9866068811910205,0.6074999999999999,0.7519193776279727,0.7519339865910263,2,0,,,,,,,,,,,,,,,,,,,
spherical_g2_d4_s1,1200,2,spherical,4,2026092711,5,50,1,hgp_first_coverage,0.510097778211661,0.9334250657833566,0.510075666003701,0.510097778211661,2,0.7391666666666666,0.5058988461179563,313,,,,0.7613389666333072,0,0.0,0,0,0.9830435224730527,0.7266666666666667,0.8356200866945853,0.8356492573071395,2,0,0.8356200866945852,0,0.8356200866945852,0,0.8356200866945852,0,945,945,7,6,539,399,1200,0,818.839469,161.5184029978991,20.536840998829575,,
spherical_g2_d4_s1,1200,2,spherical,4,2026092711,5,50,1,hdbscan_common,0.35829338750077283,0.9465328132576543,0.35877529579320894,0.35829338750077283,2,0.6158333333333333,0.4303182203781161,461,,,,0.6818318179568162,0,0.0,0,0,0.9866068811910205,0.6074999999999999,0.7519193776279727,0.7519339865910263,2,0,0.7519193776279727,0,0.7519193776279727,0,0.7519193776279727,0,1199,1037,3,2,245,789,1200,0,,,24.069177998171654,True,True
spherical_g2_d4_s1,1200,2,spherical,4,2026092711,5,50,2,hgp_first_coverage,0.510097778211661,0.9334250657833566,0.510075666003701,0.510097778211661,2,0.7391666666666666,0.5058988461179563,313,,,,0.7613389666333072,0,0.0,0,0,0.9830435224730527,0.7266666666666667,0.8356200866945853,0.8356492573071395,2,0,0.8356200866945852,0,0.8356200866945852,0,0.8356200866945852,0,945,945,7,6,539,399,1200,0,818.839469,161.5184029978991,20.305911002651555,,
spherical_g2_d4_s1,1200,2,spherical,4,2026092711,5,50,2,hdbscan_common,0.35829338750077283,0.9465328132576543,0.35877529579320894,0.35829338750077283,2,0.6158333333333333,0.4303182203781161,461,,,,0.6818318179568162,0,0.0,0,0,0.9866068811910205,0.6074999999999999,0.7519193776279727,0.7519339865910263,2,0,0.7519193776279727,0,0.7519193776279727,0,0.7519193776279727,0,1199,1037,3,2,245,789,1200,0,,,23.688376997597516,True,True
spherical_g2_d4_s1,1200,2,spherical,4,2026092711,5,50,1,hdbscan_standard,0.35829338750077283,0.9465328132576543,0.35877529579320894,0.35829338750077283,2,0.6158333333333333,0.4303182203781161,461,,,,0.6818318179568162,0,0.0,0,0,0.9866068811910205,0.6074999999999999,0.7519193776279727,0.7519339865910263,2,0,,,,,,,,,,,,,,,,,,,
spherical_g2_d4_s1,1200,2,spherical,4,2026092711,5,100,1,hgp_first_coverage,0.510097778211661,0.9334250657833566,0.510075666003701,0.510097778211661,2,0.7391666666666666,0.5058988461179563,313,,,,0.7613389666333072,0,0.0,0,0,0.9830435224730527,0.7266666666666667,0.8356200866945853,0.8356492573071395,2,0,0.8356200866945852,0,0.8356200866945852,0,0.8356200866945852,0,945,945,3,2,575,367,1200,0,818.839469,161.5184029978991,20.652586998039624,,
spherical_g2_d4_s1,1200,2,spherical,4,2026092711,5,100,1,hdbscan_common,0.35829338750077283,0.9465328132576543,0.35877529579320894,0.35829338750077283,2,0.6158333333333333,0.4303182203781161,461,,,,0.6818318179568162,0,0.0,0,0,0.9866068811910205,0.6074999999999999,0.7519193776279727,0.7519339865910263,2,0,0.7519193776279727,0,0.7519193776279727,0,0.7519193776279727,0,1199,1037,3,2,280,754,1200,0,,,24.398982001002878,True,True
spherical_g2_d4_s1,1200,2,spherical,4,2026092711,5,100,2,hgp_first_coverage,0.510097778211661,0.9334250657833566,0.510075666003701,0.510097778211661,2,0.7391666666666666,0.5058988461179563,313,,,,0.7613389666333072,0,0.0,0,0,0.9830435224730527,0.7266666666666667,0.8356200866945853,0.8356492573071395,2,0,0.8356200866945852,0,0.8356200866945852,0,0.8356200866945852,0,945,945,3,2,575,367,1200,0,818.839469,161.5184029978991,20.277086998248706,,
spherical_g2_d4_s1,1200,2,spherical,4,2026092711,5,100,2,hdbscan_common,0.35829338750077283,0.9465328132576543,0.35877529579320894,0.35829338750077283,2,0.6158333333333333,0.4303182203781161,461,,,,0.6818318179568162,0,0.0,0,0,0.9866068811910205,0.6074999999999999,0.7519193776279727,0.7519339865910263,2,0,0.7519193776279727,0,0.7519193776279727,0,0.7519193776279727,0,1199,1037,3,2,280,754,1200,0,,,23.76695400016615,True,True
spherical_g2_d4_s1,1200,2,spherical,4,2026092711,5,100,1,hdbscan_standard,0.35829338750077283,0.9465328132576543,0.35877529579320894,0.35829338750077283,2,0.6158333333333333,0.4303182203781161,461,,,,0.6818318179568162,0,0.0,0,0,0.9866068811910205,0.6074999999999999,0.7519193776279727,0.7519339865910263,2,0,,,,,,,,,,,,,,,,,,,
spherical_g2_d4_s1,1200,2,spherical,4,2026092711,10,10,1,hgp_first_coverage,0.4211588027822384,0.8053498837822317,0.41352523096354904,0.4211588027822384,7,0.7133333333333334,0.4475602686792189,344,,,,0.7929133260703962,0,0.0,5,5,0.9945054945054945,0.6366666666666667,0.7700851421282421,0.7431906614785992,2,0,0.8600874887598229,0,0.8600874887598229,0,0.8600874887598229,0,933,933,39,38,258,636,1200,0,3120.798708,1295.4177419996995,21.62799500001711,,
spherical_g2_d4_s1,1200,2,spherical,4,2026092711,10,10,1,hdbscan_common,0.2208907081032057,0.9790579143638424,0.22140719603028505,0.2208907081032057,2,0.47583333333333333,0.3665964394379271,629,,,,0.6113674614364247,0,0.0,0,0,0.994755116062227,0.47333333333333333,0.6414435256367745,0.6414455110107284,2,0,0.6666674924633152,0,0.6666674924633152,0,0.6414435256367745,0,1199,1133,7,6,66,1060,1200,0,,,24.733586000365904,False,True
spherical_g2_d4_s1,1200,2,spherical,4,2026092711,10,10,2,hgp_first_coverage,0.35017800109761515,0.7148080083327406,0.2839697525898098,0.35017800109761515,13,0.5941666666666666,0.3675256348863471,487,,,,0.7929133260703962,0,0.0,11,11,0.9945054945054945,0.42,0.5091090916996391,0.5269210663878725,2,0,0.8600874887598229,0,0.8600874887598229,0,0.8600874887598229,0,933,933,39,38,258,636,1200,0,3120.798708,1295.4177419996995,21.49557799930335,,
spherical_g2_d4_s1,1200,2,spherical,4,2026092711,10,10,2,hdbscan_common,0.2208907081032057,0.9790579143638424,0.22140719603028505,0.2208907081032057,2,0.47583333333333333,0.3665964394379271,629,,,,0.6113674614364247,0,0.0,0,0,0.994755116062227,0.47333333333333333,0.6414435256367745,0.6414455110107284,2,0,0.6666674924633152,0,0.6666674924633152,0,0.6414435256367745,0,1199,1133,7,6,66,1060,1200,0,,,24.1056060003757,False,True
spherical_g2_d4_s1,1200,2,spherical,4,2026092711,10,10,1,hdbscan_standard,0.2216742210404394,0.9790943970345053,0.22219220174538773,0.2216742210404394,2,0.4766666666666667,0.3671244837046466,628,,,,0.6113674614364247,0,0.0,0,0,0.9947612934775965,0.4741666666666666,0.6422117338326996,0.6422121896162528,2,0,,,,,,,,,,,,,,,,,,,
spherical_g2_d4_s1,1200,2,spherical,4,2026092711,10,20,1,hgp_first_coverage,0.4742841869667432,0.8700437374948361,0.4714609030865387,0.4742841869667432,4,0.735,0.4890026160049709,318,,,,0.7929133260703962,0,0.0,2,2,0.9931792345585448,0.6883333333333334,0.8113918708494424,0.7934678194044188,2,0,0.8600874887598229,0,0.8600874887598229,0,0.8600874887598229,0,933,933,23,22,349,561,1200,0,3120.798708,1295.4177419996995,21.360226997785503,,
spherical_g2_d4_s1,1200,2,spherical,4,2026092711,10,20,1,hdbscan_common,0.2208907081032057,0.9790579143638424,0.22140719603028505,0.2208907081032057,2,0.47583333333333333,0.3665964394379271,629,,,,0.6113674614364247,0,0.0,0,0,0.994755116062227,0.47333333333333333,0.6414435256367745,0.6414455110107284,2,0,0.6666674924633152,0,0.6666674924633152,0,0.6414435256367745,0,1199,1133,3,2,83,1047,1200,0,,,26.68731000085245,False,True
spherical_g2_d4_s1,1200,2,spherical,4,2026092711,10,20,2,hgp_first_coverage,0.4742841869667432,0.8700437374948361,0.4714609030865387,0.4742841869667432,4,0.735,0.4890026160049709,318,,,,0.7929133260703962,0,0.0,2,2,0.9931792345585448,0.6883333333333334,0.8113918708494424,0.7934678194044188,2,0,0.8600874887598229,0,0.8600874887598229,0,0.8600874887598229,0,933,933,23,22,349,561,1200,0,3120.798708,1295.4177419996995,21.476222998899175,,
spherical_g2_d4_s1,1200,2,spherical,4,2026092711,10,20,2,hdbscan_common,0.2208907081032057,0.9790579143638424,0.22140719603028505,0.2208907081032057,2,0.47583333333333333,0.3665964394379271,629,,,,0.6113674614364247,0,0.0,0,0,0.994755116062227,0.47333333333333333,0.6414435256367745,0.6414455110107284,2,0,0.6666674924633152,0,0.6666674924633152,0,0.6414435256367745,0,1199,1133,3,2,83,1047,1200,0,,,25.114154999755556,False,True
spherical_g2_d4_s1,1200,2,spherical,4,2026092711,10,20,1,hdbscan_standard,0.2216742210404394,0.9790943970345053,0.22219220174538773,0.2216742210404394,2,0.4766666666666667,0.3671244837046466,628,,,,0.6113674614364247,0,0.0,0,0,0.9947612934775965,0.4741666666666666,0.6422117338326996,0.6422121896162528,2,0,,,,,,,,,,,,,,,,,,,
spherical_g2_d4_s1,1200,2,spherical,4,2026092711,10,50,1,hgp_first_coverage,0.5622380678515523,0.9050125076475477,0.5624195785270718,0.5622380678515523,2,0.7883333333333333,0.5234194889189322,254,,,,0.7929133260703962,0,0.0,0,0,0.9761755556052909,0.7691666666666667,0.8600874887598229,0.8602050326188257,2,0,0.8600874887598229,0,0.8600874887598229,0,0.8600874887598229,0,933,933,7,6,413,513,1200,0,3120.798708,1295.4177419996995,24.009406002733158,,
spherical_g2_d4_s1,1200,2,spherical,4,2026092711,10,50,1,hdbscan_common,0.2208907081032057,0.9790579143638424,0.22140719603028505,0.2208907081032057,2,0.47583333333333333,0.3665964394379271,629,,,,0.6113674614364247,0,0.0,0,0,0.994755116062227,0.47333333333333333,0.6414435256367745,0.6414455110107284,2,0,0.6666674924633152,0,0.6666674924633152,0,0.6414435256367745,0,1199,1133,3,2,126,1004,1200,0,,,28.31368199986173,False,True
spherical_g2_d4_s1,1200,2,spherical,4,2026092711,10,50,2,hgp_first_coverage,0.5622380678515523,0.9050125076475477,0.5624195785270718,0.5622380678515523,2,0.7883333333333333,0.5234194889189322,254,,,,0.7929133260703962,0,0.0,0,0,0.9761755556052909,0.7691666666666667,0.8600874887598229,0.8602050326188257,2,0,0.8600874887598229,0,0.8600874887598229,0,0.8600874887598229,0,933,933,7,6,413,513,1200,0,3120.798708,1295.4177419996995,25.238136000552913,,
spherical_g2_d4_s1,1200,2,spherical,4,2026092711,10,50,2,hdbscan_common,0.2208907081032057,0.9790579143638424,0.22140719603028505,0.2208907081032057,2,0.47583333333333333,0.3665964394379271,629,,,,0.6113674614364247,0,0.0,0,0,0.994755116062227,0.47333333333333333,0.6414435256367745,0.6414455110107284,2,0,0.6666674924633152,0,0.6666674924633152,0,0.6414435256367745,0,1199,1133,3,2,126,1004,1200,0,,,24.495852001564344,False,True
spherical_g2_d4_s1,1200,2,spherical,4,2026092711,10,50,1,hdbscan_standard,0.2216742210404394,0.9790943970345053,0.22219220174538773,0.2216742210404394,2,0.4766666666666667,0.3671244837046466,628,,,,0.6113674614364247,0,0.0,0,0,0.9947612934775965,0.4741666666666666,0.6422117338326996,0.6422121896162528,2,0,,,,,,,,,,,,,,,,,,,
spherical_g2_d4_s1,1200,2,spherical,4,2026092711,10,100,1,hgp_first_coverage,0.5622380678515523,0.9050125076475477,0.5624195785270718,0.5622380678515523,2,0.7883333333333333,0.5234194889189322,254,,,,0.7929133260703962,0,0.0,0,0,0.9761755556052909,0.7691666666666667,0.8600874887598229,0.8602050326188257,2,0,0.8600874887598229,0,0.8600874887598229,0,0.8600874887598229,0,933,933,3,2,446,484,1200,0,3120.798708,1295.4177419996995,20.711237000796245,,
spherical_g2_d4_s1,1200,2,spherical,4,2026092711,10,100,1,hdbscan_common,0.2208907081032057,0.9790579143638424,0.22140719603028505,0.2208907081032057,2,0.47583333333333333,0.3665964394379271,629,,,,0.6113674614364247,0,0.0,0,0,0.994755116062227,0.47333333333333333,0.6414435256367745,0.6414455110107284,2,0,0.6666674924633152,0,0.6666674924633152,0,0.6414435256367745,0,1199,1133,3,2,186,944,1200,0,,,32.72515599746839,False,True
spherical_g2_d4_s1,1200,2,spherical,4,2026092711,10,100,2,hgp_first_coverage,0.5622380678515523,0.9050125076475477,0.5624195785270718,0.5622380678515523,2,0.7883333333333333,0.5234194889189322,254,,,,0.7929133260703962,0,0.0,0,0,0.9761755556052909,0.7691666666666667,0.8600874887598229,0.8602050326188257,2,0,0.8600874887598229,0,0.8600874887598229,0,0.8600874887598229,0,933,933,3,2,446,484,1200,0,3120.798708,1295.4177419996995,20.768182999745477,,
spherical_g2_d4_s1,1200,2,spherical,4,2026092711,10,100,2,hdbscan_common,0.2208907081032057,0.9790579143638424,0.22140719603028505,0.2208907081032057,2,0.47583333333333333,0.3665964394379271,629,,,,0.6113674614364247,0,0.0,0,0,0.994755116062227,0.47333333333333333,0.6414435256367745,0.6414455110107284,2,0,0.6666674924633152,0,0.6666674924633152,0,0.6414435256367745,0,1199,1133,3,2,186,944,1200,0,,,24.607711002317956,False,True
spherical_g2_d4_s1,1200,2,spherical,4,2026092711,10,100,1,hdbscan_standard,0.2216742210404394,0.9790943970345053,0.22219220174538773,0.2216742210404394,2,0.4766666666666667,0.3671244837046466,628,,,,0.6113674614364247,0,0.0,0,0,0.9947612934775965,0.4741666666666666,0.6422117338326996,0.6422121896162528,2,0,,,,,,,,,,,,,,,,,,,
spherical_g2_d4_s2,1200,2,spherical,4,2026092712,5,10,1,hgp_first_coverage,0.2137582004736321,0.5570178266262537,0.18812962982242185,0.2137582004736321,18,0.5641666666666667,0.2970716524579376,523,,,,0.7639215626634592,0,0.0,16,16,0.986842105263158,0.3425,0.44151357891050336,0.4379328716036228,2,0,0.8384844036032117,0,0.8384844036032117,0,0.8372628019497454,0,926,926,59,58,437,430,1200,0,675.877671,151.69580799920368,23.912284999823896,,
spherical_g2_d4_s2,1200,2,spherical,4,2026092712,5,10,1,hdbscan_common,0.003241757104911734,0.0027432183225625383,0.002196101865041027,0.003241757104911734,2,0.655,0.011222799878250448,414,,,,0.626605275219248,0,0.0,0,0,0.7635309278350515,0.3491666666666667,0.31363181471597407,0.4219536757301108,2,0,0.6761606171957653,0,0.6761606171957653,0,0.6662063680268371,0,1199,1025,17,16,178,830,1200,0,,,26.645010002539493,True,True
spherical_g2_d4_s2,1200,2,spherical,4,2026092712,5,10,2,hgp_first_coverage,0.014368150566952812,0.07658702273799466,0.012770859259328842,0.014368150566952812,29,0.4066666666666667,0.20191063027624528,712,,,,0.7639215626634592,0,0.0,27,27,1.0,0.0625,0.11759031875470602,0.08886255924170616,2,0,0.8384844036032117,0,0.8384844036032117,0,0.8372628019497454,0,926,926,59,58,437,430,1200,0,675.877671,151.69580799920368,29.26895299970056,,
spherical_g2_d4_s2,1200,2,spherical,4,2026092712,5,10,2,hdbscan_common,0.1325542200184534,0.7642352049922907,0.1329673830566927,0.1325542200184534,6,0.4175,0.29747937823848947,699,,,,0.626605275219248,0,0.0,4,4,0.9931694828469022,0.36583333333333334,0.5346730462519936,0.5161669606114051,2,0,0.6761606171957653,0,0.6761606171957653,0,0.6662063680268371,0,1199,1025,17,16,178,830,1200,0,,,25.86090800105012,True,True
spherical_g2_d4_s2,1200,2,spherical,4,2026092712,5,10,1,hdbscan_standard,0.003241757104911734,0.0027432183225625383,0.002196101865041027,0.003241757104911734,2,0.655,0.011222799878250448,414,,,,0.626605275219248,0,0.0,0,0,0.7635309278350515,0.3491666666666667,0.31363181471597407,0.4219536757301108,2,0,,,,,,,,,,,,,,,,,,,
spherical_g2_d4_s2,1200,2,spherical,4,2026092712,5,20,1,hgp_first_coverage,0.5126709439861996,0.8887387323640302,0.5109128812899026,0.5126709439861996,2,0.7575,0.4880484078586059,291,,,,0.7639215626634592,0,0.0,0,0,0.9712065459475162,0.7358333333333333,0.8372628019497454,0.8373636794689426,2,0,0.8384844036032117,0,0.8384844036032117,0,0.8372628019497454,0,926,926,13,12,523,390,1200,0,675.877671,151.69580799920368,25.9644110010413,,
spherical_g2_d4_s2,1200,2,spherical,4,2026092712,5,20,1,hdbscan_common,0.24421229863122776,0.9057117206519152,0.24363337286657358,0.24421229863122776,2,0.5183333333333333,0.3479153523884506,578,,,,0.626605275219248,0,0.0,0,0,0.9756453214197072,0.5058333333333334,0.6662063680268371,0.6663007683863886,2,0,0.6761606171957653,0,0.6761606171957653,0,0.6662063680268371,0,1199,1025,3,2,208,814,1200,0,,,27.930727002967615,False,True
spherical_g2_d4_s2,1200,2,spherical,4,2026092712,5,20,2,hgp_first_coverage,0.1725023177439337,0.7405023531113794,0.17119435995464144,0.1725023177439337,5,0.48,0.32140382632170356,624,,,,0.7639215626634592,0,0.0,3,3,0.9900116144018583,0.41000000000000003,0.5769705067713335,0.5540540540540541,2,0,0.8384844036032117,0,0.8384844036032117,0,0.8372628019497454,0,926,926,13,12,523,390,1200,0,675.877671,151.69580799920368,22.643388001597486,,
spherical_g2_d4_s2,1200,2,spherical,4,2026092712,5,20,2,hdbscan_common,0.24421229863122776,0.9057117206519152,0.24363337286657358,0.24421229863122776,2,0.5183333333333333,0.3479153523884506,578,,,,0.626605275219248,0,0.0,0,0,0.9756453214197072,0.5058333333333334,0.6662063680268371,0.6663007683863886,2,0,0.6761606171957653,0,0.6761606171957653,0,0.6662063680268371,0,1199,1025,3,2,208,814,1200,0,,,31.19464300107211,False,True
spherical_g2_d4_s2,1200,2,spherical,4,2026092712,5,20,1,hdbscan_standard,0.2435083018259253,0.8997487279371551,0.24284944489043192,0.2435083018259253,2,0.5191666666666667,0.3454648624146821,577,,,,0.626605275219248,0,0.0,0,0,0.9740805261204799,0.5058333333333334,0.6658485914984377,0.6659352715304443,2,0,,,,,,,,,,,,,,,,,,,
spherical_g2_d4_s2,1200,2,spherical,4,2026092712,5,50,1,hgp_first_coverage,0.5126709439861996,0.8887387323640302,0.5109128812899026,0.5126709439861996,2,0.7575,0.4880484078586059,291,,,,0.7639215626634592,0,0.0,0,0,0.9712065459475162,0.7358333333333333,0.8372628019497454,0.8373636794689426,2,0,0.8384844036032117,0,0.8384844036032117,0,0.8372628019497454,0,926,926,3,2,548,375,1200,0,675.877671,151.69580799920368,21.342914002161706,,
spherical_g2_d4_s2,1200,2,spherical,4,2026092712,5,50,1,hdbscan_common,0.24421229863122776,0.9057117206519152,0.24363337286657358,0.24421229863122776,2,0.5183333333333333,0.3479153523884506,578,,,,0.626605275219248,0,0.0,0,0,0.9756453214197072,0.5058333333333334,0.6662063680268371,0.6663007683863886,2,0,0.6761606171957653,0,0.6761606171957653,0,0.6662063680268371,0,1199,1025,3,2,232,790,1200,0,,,24.111406000884017,False,True
spherical_g2_d4_s2,1200,2,spherical,4,2026092712,5,50,2,hgp_first_coverage,0.5126709439861996,0.8887387323640302,0.5109128812899026,0.5126709439861996,2,0.7575,0.4880484078586059,291,,,,0.7639215626634592,0,0.0,0,0,0.9712065459475162,0.7358333333333333,0.8372628019497454,0.8373636794689426,2,0,0.8384844036032117,0,0.8384844036032117,0,0.8372628019497454,0,926,926,3,2,548,375,1200,0,675.877671,151.69580799920368,20.936766999511747,,
spherical_g2_d4_s2,1200,2,spherical,4,2026092712,5,50,2,hdbscan_common,0.24421229863122776,0.9057117206519152,0.24363337286657358,0.24421229863122776,2,0.5183333333333333,0.3479153523884506,578,,,,0.626605275219248,0,0.0,0,0,0.9756453214197072,0.5058333333333334,0.6662063680268371,0.6663007683863886,2,0,0.6761606171957653,0,0.6761606171957653,0,0.6662063680268371,0,1199,1025,3,2,232,790,1200,0,,,24.806060999253532,False,True
spherical_g2_d4_s2,1200,2,spherical,4,2026092712,5,50,1,hdbscan_standard,0.2435083018259253,0.8997487279371551,0.24284944489043192,0.2435083018259253,2,0.5191666666666667,0.3454648624146821,577,,,,0.626605275219248,0,0.0,0,0,0.9740805261204799,0.5058333333333334,0.6658485914984377,0.6659352715304443,2,0,,,,,,,,,,,,,,,,,,,
spherical_g2_d4_s2,1200,2,spherical,4,2026092712,5,100,1,hgp_first_coverage,0.5126709439861996,0.8887387323640302,0.5109128812899026,0.5126709439861996,2,0.7575,0.4880484078586059,291,,,,0.7639215626634592,0,0.0,0,0,0.9712065459475162,0.7358333333333333,0.8372628019497454,0.8373636794689426,2,0,0.8384844036032117,0,0.8384844036032117,0,0.8372628019497454,0,926,926,3,2,571,352,1200,0,675.877671,151.69580799920368,20.486356999754207,,
spherical_g2_d4_s2,1200,2,spherical,4,2026092712,5,100,1,hdbscan_common,0.24421229863122776,0.9057117206519152,0.24363337286657358,0.24421229863122776,2,0.5183333333333333,0.3479153523884506,578,,,,0.626605275219248,0,0.0,0,0,0.9756453214197072,0.5058333333333334,0.6662063680268371,0.6663007683863886,2,0,0.6761606171957653,0,0.6761606171957653,0,0.6662063680268371,0,1199,1025,3,2,284,738,1200,0,,,24.370249000639888,False,True
spherical_g2_d4_s2,1200,2,spherical,4,2026092712,5,100,2,hgp_first_coverage,0.5126709439861996,0.8887387323640302,0.5109128812899026,0.5126709439861996,2,0.7575,0.4880484078586059,291,,,,0.7639215626634592,0,0.0,0,0,0.9712065459475162,0.7358333333333333,0.8372628019497454,0.8373636794689426,2,0,0.8384844036032117,0,0.8384844036032117,0,0.8372628019497454,0,926,926,3,2,571,352,1200,0,675.877671,151.69580799920368,20.36231500096619,,
spherical_g2_d4_s2,1200,2,spherical,4,2026092712,5,100,2,hdbscan_common,0.24421229863122776,0.9057117206519152,0.24363337286657358,0.24421229863122776,2,0.5183333333333333,0.3479153523884506,578,,,,0.626605275219248,0,0.0,0,0,0.9756453214197072,0.5058333333333334,0.6662063680268371,0.6663007683863886,2,0,0.6761606171957653,0,0.6761606171957653,0,0.6662063680268371,0,1199,1025,3,2,284,738,1200,0,,,23.696922999079106,False,True
spherical_g2_d4_s2,1200,2,spherical,4,2026092712,5,100,1,hdbscan_standard,0.2435083018259253,0.8997487279371551,0.24284944489043192,0.2435083018259253,2,0.5191666666666667,0.3454648624146821,577,,,,0.626605275219248,0,0.0,0,0,0.9740805261204799,0.5058333333333334,0.6658485914984377,0.6659352715304443,2,0,,,,,,,,,,,,,,,,,,,
spherical_g2_d4_s2,1200,2,spherical,4,2026092712,10,10,1,hgp_first_coverage,0.32174369752723175,0.6843843310154986,0.2776566406609474,0.32174369752723175,15,0.6125,0.3400744376699296,465,,,,0.8065057252022365,0,0.0,13,13,0.9850746268656716,0.4075,0.47925919149651935,0.5054263565891473,2,0,0.8743144466846621,0,0.8743144466846621,0,0.8743144466846621,0,900,900,49,48,252,599,1200,0,2943.432966,1189.3317229987588,21.20467699933215,,
spherical_g2_d4_s2,1200,2,spherical,4,2026092712,10,10,1,hdbscan_common,0.1981336000822415,0.956525987877971,0.19853317369812074,0.1981336000822415,2,0.4558333333333333,0.34007228382777405,653,,,,0.6005791594781389,0,0.0,0,0,0.9889967377934649,0.4508333333333333,0.619329590194444,0.6193474527761877,2,0,0.6676005978741075,0,0.6676005978741075,0,0.619329590194444,0,1199,1140,7,6,61,1072,1200,0,,,24.869018998288084,False,True
spherical_g2_d4_s2,1200,2,spherical,4,2026092712,10,10,2,hgp_first_coverage,0.32174369752723175,0.6843843310154986,0.2776566406609474,0.32174369752723175,15,0.6125,0.3400744376699296,465,,,,0.8065057252022365,0,0.0,13,13,0.9850746268656716,0.4075,0.47925919149651935,0.5054263565891473,2,0,0.8743144466846621,0,0.8743144466846621,0,0.8743144466846621,0,900,900,49,48,252,599,1200,0,2943.432966,1189.3317229987588,20.756640999024967,,
spherical_g2_d4_s2,1200,2,spherical,4,2026092712,10,10,2,hdbscan_common,0.1981336000822415,0.956525987877971,0.19853317369812074,0.1981336000822415,2,0.4558333333333333,0.34007228382777405,653,,,,0.6005791594781389,0,0.0,0,0,0.9889967377934649,0.4508333333333333,0.619329590194444,0.6193474527761877,2,0,0.6676005978741075,0,0.6676005978741075,0,0.619329590194444,0,1199,1140,7,6,61,1072,1200,0,,,24.868317999789724,False,True
spherical_g2_d4_s2,1200,2,spherical,4,2026092712,10,10,1,hdbscan_standard,0.1974294091343912,0.9494654312839899,0.19780202947221207,0.1974294091343912,2,0.45666666666666667,0.3365966036908602,652,,,,0.6005791594781389,0,0.0,0,0,0.9871856351236146,0.4508333333333333,0.6189780486783126,0.6189931350114416,2,0,,,,,,,,,,,,,,,,,,,
spherical_g2_d4_s2,1200,2,spherical,4,2026092712,10,20,1,hgp_first_coverage,0.45079593822795516,0.8288268119106647,0.4494694327917235,0.45079593822795516,4,0.7358333333333333,0.456673983769844,317,,,,0.8065057252022365,0,0.0,2,2,0.9796101459913547,0.6808333333333334,0.8003726320723108,0.7844455112818051,2,0,0.8743144466846621,0,0.8743144466846621,0,0.8743144466846621,0,900,900,23,22,344,533,1200,0,2943.432966,1189.3317229987588,21.428233998449286,,
spherical_g2_d4_s2,1200,2,spherical,4,2026092712,10,20,1,hdbscan_common,0.1981336000822415,0.956525987877971,0.19853317369812074,0.1981336000822415,2,0.4558333333333333,0.34007228382777405,653,,,,0.6005791594781389,0,0.0,0,0,0.9889967377934649,0.4508333333333333,0.619329590194444,0.6193474527761877,2,0,0.6676005978741075,0,0.6676005978741075,0,0.619329590194444,0,1199,1140,3,2,87,1050,1200,0,,,25.621321001381148,False,True
spherical_g2_d4_s2,1200,2,spherical,4,2026092712,10,20,2,hgp_first_coverage,0.45079593822795516,0.8288268119106647,0.4494694327917235,0.45079593822795516,4,0.7358333333333333,0.456673983769844,317,,,,0.8065057252022365,0,0.0,2,2,0.9796101459913547,0.6808333333333334,0.8003726320723108,0.7844455112818051,2,0,0.8743144466846621,0,0.8743144466846621,0,0.8743144466846621,0,900,900,23,22,344,533,1200,0,2943.432966,1189.3317229987588,21.790128001157427,,
spherical_g2_d4_s2,1200,2,spherical,4,2026092712,10,20,2,hdbscan_common,0.1981336000822415,0.956525987877971,0.19853317369812074,0.1981336000822415,2,0.4558333333333333,0.34007228382777405,653,,,,0.6005791594781389,0,0.0,0,0,0.9889967377934649,0.4508333333333333,0.619329590194444,0.6193474527761877,2,0,0.6676005978741075,0,0.6676005978741075,0,0.619329590194444,0,1199,1140,3,2,87,1050,1200,0,,,28.03829799813684,False,True
spherical_g2_d4_s2,1200,2,spherical,4,2026092712,10,20,1,hdbscan_standard,0.1974294091343912,0.9494654312839899,0.19780202947221207,0.1974294091343912,2,0.45666666666666667,0.3365966036908602,652,,,,0.6005791594781389,0,0.0,0,0,0.9871856351236146,0.4508333333333333,0.6189780486783126,0.6189931350114416,2,0,,,,,,,,,,,,,,,,,,,
spherical_g2_d4_s2,1200,2,spherical,4,2026092712,10,50,1,hgp_first_coverage,0.6020304408349616,0.9151894230593354,0.5993837454448812,0.6020304408349616,2,0.8083333333333333,0.5523436942373108,230,,,,0.8065057252022365,0,0.0,0,0,0.9780885989215599,0.7908333333333333,0.8743144466846621,0.8746543778801843,2,0,0.8743144466846621,0,0.8743144466846621,0,0.8743144466846621,0,900,900,5,4,407,488,1200,0,2943.432966,1189.3317229987588,21.827467000548495,,
spherical_g2_d4_s2,1200,2,spherical,4,2026092712,10,50,1,hdbscan_common,0.1981336000822415,0.956525987877971,0.19853317369812074,0.1981336000822415,2,0.4558333333333333,0.34007228382777405,653,,,,0.6005791594781389,0,0.0,0,0,0.9889967377934649,0.4508333333333333,0.619329590194444,0.6193474527761877,2,0,0.6676005978741075,0,0.6676005978741075,0,0.619329590194444,0,1199,1140,3,2,115,1022,1200,0,,,46.04387899962603,False,True
spherical_g2_d4_s2,1200,2,spherical,4,2026092712,10,50,2,hgp_first_coverage,0.6020304408349616,0.9151894230593354,0.5993837454448812,0.6020304408349616,2,0.8083333333333333,0.5523436942373108,230,,,,0.8065057252022365,0,0.0,0,0,0.9780885989215599,0.7908333333333333,0.8743144466846621,0.8746543778801843,2,0,0.8743144466846621,0,0.8743144466846621,0,0.8743144466846621,0,900,900,5,4,407,488,1200,0,2943.432966,1189.3317229987588,22.325957001157803,,
spherical_g2_d4_s2,1200,2,spherical,4,2026092712,10,50,2,hdbscan_common,0.1981336000822415,0.956525987877971,0.19853317369812074,0.1981336000822415,2,0.4558333333333333,0.34007228382777405,653,,,,0.6005791594781389,0,0.0,0,0,0.9889967377934649,0.4508333333333333,0.619329590194444,0.6193474527761877,2,0,0.6676005978741075,0,0.6676005978741075,0,0.619329590194444,0,1199,1140,3,2,115,1022,1200,0,,,26.45752100215759,False,True
spherical_g2_d4_s2,1200,2,spherical,4,2026092712,10,50,1,hdbscan_standard,0.1974294091343912,0.9494654312839899,0.19780202947221207,0.1974294091343912,2,0.45666666666666667,0.3365966036908602,652,,,,0.6005791594781389,0,0.0,0,0,0.9871856351236146,0.4508333333333333,0.6189780486783126,0.6189931350114416,2,0,,,,,,,,,,,,,,,,,,,
spherical_g2_d4_s2,1200,2,spherical,4,2026092712,10,100,1,hgp_first_coverage,0.6020304408349616,0.9151894230593354,0.5993837454448812,0.6020304408349616,2,0.8083333333333333,0.5523436942373108,230,,,,0.8065057252022365,0,0.0,0,0,0.9780885989215599,0.7908333333333333,0.8743144466846621,0.8746543778801843,2,0,0.8743144466846621,0,0.8743144466846621,0,0.8743144466846621,0,900,900,3,2,429,468,1200,0,2943.432966,1189.3317229987588,20.23173300040071,,
spherical_g2_d4_s2,1200,2,spherical,4,2026092712,10,100,1,hdbscan_common,0.1981336000822415,0.956525987877971,0.19853317369812074,0.1981336000822415,2,0.4558333333333333,0.34007228382777405,653,,,,0.6005791594781389,0,0.0,0,0,0.9889967377934649,0.4508333333333333,0.619329590194444,0.6193474527761877,2,0,0.6676005978741075,0,0.6676005978741075,0,0.619329590194444,0,1199,1140,3,2,201,936,1200,0,,,28.418016001523938,False,True
spherical_g2_d4_s2,1200,2,spherical,4,2026092712,10,100,2,hgp_first_coverage,0.6020304408349616,0.9151894230593354,0.5993837454448812,0.6020304408349616,2,0.8083333333333333,0.5523436942373108,230,,,,0.8065057252022365,0,0.0,0,0,0.9780885989215599,0.7908333333333333,0.8743144466846621,0.8746543778801843,2,0,0.8743144466846621,0,0.8743144466846621,0,0.8743144466846621,0,900,900,3,2,429,468,1200,0,2943.432966,1189.3317229987588,37.61012800168828,,
spherical_g2_d4_s2,1200,2,spherical,4,2026092712,10,100,2,hdbscan_common,0.1981336000822415,0.956525987877971,0.19853317369812074,0.1981336000822415,2,0.4558333333333333,0.34007228382777405,653,,,,0.6005791594781389,0,0.0,0,0,0.9889967377934649,0.4508333333333333,0.619329590194444,0.6193474527761877,2,0,0.6676005978741075,0,0.6676005978741075,0,0.619329590194444,0,1199,1140,3,2,201,936,1200,0,,,38.30888899756246,False,True
spherical_g2_d4_s2,1200,2,spherical,4,2026092712,10,100,1,hdbscan_standard,0.1974294091343912,0.9494654312839899,0.19780202947221207,0.1974294091343912,2,0.45666666666666667,0.3365966036908602,652,,,,0.6005791594781389,0,0.0,0,0,0.9871856351236146,0.4508333333333333,0.6189780486783126,0.6189931350114416,2,0,,,,,,,,,,,,,,,,,,,
spherical_g2_d4_s3,1200,2,spherical,4,2026092713,5,10,1,hgp_first_coverage,0.43779460816886384,0.8084501126271719,0.3961253970644547,0.43779460816886384,8,0.6816666666666666,0.4388275117672454,382,,,,0.818737725571983,0,0.0,6,6,0.990778227620333,0.6,0.7245318918539756,0.7135777998017839,2,0,0.8856315835292069,0,0.8856315835292069,0,0.8856315835292069,0,938,938,57,56,416,465,1200,0,700.246841,164.83219000292593,21.422813002573093,,
spherical_g2_d4_s3,1200,2,spherical,4,2026092713,5,10,1,hdbscan_common,0.41896221484713614,0.9503791890441943,0.4191784564040824,0.41896221484713614,2,0.6641666666666667,0.46490102738256694,403,,,,0.7118935532193116,0,0.0,0,0,0.9874209677825638,0.6558333333333333,0.7881646465983816,0.7881822734101152,2,0,0.7881646465983816,0,0.7881646465983816,0,0.7881646465983816,0,1199,1050,15,14,174,861,1200,0,,,24.067092999757733,False,True
spherical_g2_d4_s3,1200,2,spherical,4,2026092713,5,10,2,hgp_first_coverage,0.09614391784663842,0.3882869389807803,0.09437716412418483,0.09614391784663842,18,0.49166666666666664,0.2584551791598367,610,,,,0.818737725571983,0,0.0,16,16,0.9978632478632479,0.27749999999999997,0.42223364165810207,0.37206703910614525,2,0,0.8856315835292069,0,0.8856315835292069,0,0.8856315835292069,0,938,938,57,56,416,465,1200,0,700.246841,164.83219000292593,21.224123000138206,,
spherical_g2_d4_s3,1200,2,spherical,4,2026092713,5,10,2,hdbscan_common,0.41896221484713614,0.9503791890441943,0.4191784564040824,0.41896221484713614,2,0.6641666666666667,0.46490102738256694,403,,,,0.7118935532193116,0,0.0,0,0,0.9874209677825638,0.6558333333333333,0.7881646465983816,0.7881822734101152,2,0,0.7881646465983816,0,0.7881646465983816,0,0.7881646465983816,0,1199,1050,15,14,174,861,1200,0,,,23.87587699922733,False,True
spherical_g2_d4_s3,1200,2,spherical,4,2026092713,5,10,1,hdbscan_standard,0.42009958938399883,0.9504406629103562,0.42027764578160287,0.42009958938399883,2,0.665,0.4655700118521377,402,,,,0.7118935532193116,0,0.0,0,0,0.9874302728780341,0.6566666666666667,0.7887658418103551,0.7887887887887888,2,0,,,,,,,,,,,,,,,,,,,
spherical_g2_d4_s3,1200,2,spherical,4,2026092713,5,20,1,hgp_first_coverage,0.6265516055268109,0.9282379049972775,0.6266903737324662,0.6265516055268109,2,0.8216666666666667,0.5719844634105562,214,,,,0.818737725571983,0,0.0,0,0,0.9817361179684672,0.8066666666666666,0.8856315835292069,0.8856358645928637,2,0,0.8856315835292069,0,0.8856315835292069,0,0.8856315835292069,0,938,938,17,16,491,430,1200,0,700.246841,164.83219000292593,26.382932002888992,,
spherical_g2_d4_s3,1200,2,spherical,4,2026092713,5,20,1,hdbscan_common,0.41896221484713614,0.9503791890441943,0.4191784564040824,0.41896221484713614,2,0.6641666666666667,0.46490102738256694,403,,,,0.7118935532193116,0,0.0,0,0,0.9874209677825638,0.6558333333333333,0.7881646465983816,0.7881822734101152,2,0,0.7881646465983816,0,0.7881646465983816,0,0.7881646465983816,0,1199,1050,7,6,201,842,1200,0,,,24.78594399872236,False,True
spherical_g2_d4_s3,1200,2,spherical,4,2026092713,5,20,2,hgp_first_coverage,0.6265516055268109,0.9282379049972775,0.6266903737324662,0.6265516055268109,2,0.8216666666666667,0.5719844634105562,214,,,,0.818737725571983,0,0.0,0,0,0.9817361179684672,0.8066666666666666,0.8856315835292069,0.8856358645928637,2,0,0.8856315835292069,0,0.8856315835292069,0,0.8856315835292069,0,938,938,17,16,491,430,1200,0,700.246841,164.83219000292593,23.887137998826802,,
spherical_g2_d4_s3,1200,2,spherical,4,2026092713,5,20,2,hdbscan_common,0.41896221484713614,0.9503791890441943,0.4191784564040824,0.41896221484713614,2,0.6641666666666667,0.46490102738256694,403,,,,0.7118935532193116,0,0.0,0,0,0.9874209677825638,0.6558333333333333,0.7881646465983816,0.7881822734101152,2,0,0.7881646465983816,0,0.7881646465983816,0,0.7881646465983816,0,1199,1050,7,6,201,842,1200,0,,,30.116251997242216,False,True
spherical_g2_d4_s3,1200,2,spherical,4,2026092713,5,20,1,hdbscan_standard,0.42009958938399883,0.9504406629103562,0.42027764578160287,0.42009958938399883,2,0.665,0.4655700118521377,402,,,,0.7118935532193116,0,0.0,0,0,0.9874302728780341,0.6566666666666667,0.7887658418103551,0.7887887887887888,2,0,,,,,,,,,,,,,,,,,,,
spherical_g2_d4_s3,1200,2,spherical,4,2026092713,5,50,1,hgp_first_coverage,0.6265516055268109,0.9282379049972775,0.6266903737324662,0.6265516055268109,2,0.8216666666666667,0.5719844634105562,214,,,,0.818737725571983,0,0.0,0,0,0.9817361179684672,0.8066666666666666,0.8856315835292069,0.8856358645928637,2,0,0.8856315835292069,0,0.8856315835292069,0,0.8856315835292069,0,938,938,3,2,525,410,1200,0,700.246841,164.83219000292593,20.72324799883063,,
spherical_g2_d4_s3,1200,2,spherical,4,2026092713,5,50,1,hdbscan_common,0.41896221484713614,0.9503791890441943,0.4191784564040824,0.41896221484713614,2,0.6641666666666667,0.46490102738256694,403,,,,0.7118935532193116,0,0.0,0,0,0.9874209677825638,0.6558333333333333,0.7881646465983816,0.7881822734101152,2,0,0.7881646465983816,0,0.7881646465983816,0,0.7881646465983816,0,1199,1050,3,2,236,811,1200,0,,,23.63273300215951,False,True
spherical_g2_d4_s3,1200,2,spherical,4,2026092713,5,50,2,hgp_first_coverage,0.6265516055268109,0.9282379049972775,0.6266903737324662,0.6265516055268109,2,0.8216666666666667,0.5719844634105562,214,,,,0.818737725571983,0,0.0,0,0,0.9817361179684672,0.8066666666666666,0.8856315835292069,0.8856358645928637,2,0,0.8856315835292069,0,0.8856315835292069,0,0.8856315835292069,0,938,938,3,2,525,410,1200,0,700.246841,164.83219000292593,20.98950499930652,,
spherical_g2_d4_s3,1200,2,spherical,4,2026092713,5,50,2,hdbscan_common,0.41896221484713614,0.9503791890441943,0.4191784564040824,0.41896221484713614,2,0.6641666666666667,0.46490102738256694,403,,,,0.7118935532193116,0,0.0,0,0,0.9874209677825638,0.6558333333333333,0.7881646465983816,0.7881822734101152,2,0,0.7881646465983816,0,0.7881646465983816,0,0.7881646465983816,0,1199,1050,3,2,236,811,1200,0,,,24.781154999800492,False,True
spherical_g2_d4_s3,1200,2,spherical,4,2026092713,5,50,1,hdbscan_standard,0.42009958938399883,0.9504406629103562,0.42027764578160287,0.42009958938399883,2,0.665,0.4655700118521377,402,,,,0.7118935532193116,0,0.0,0,0,0.9874302728780341,0.6566666666666667,0.7887658418103551,0.7887887887887888,2,0,,,,,,,,,,,,,,,,,,,
spherical_g2_d4_s3,1200,2,spherical,4,2026092713,5,100,1,hgp_first_coverage,0.6265516055268109,0.9282379049972775,0.6266903737324662,0.6265516055268109,2,0.8216666666666667,0.5719844634105562,214,,,,0.818737725571983,0,0.0,0,0,0.9817361179684672,0.8066666666666666,0.8856315835292069,0.8856358645928637,2,0,0.8856315835292069,0,0.8856315835292069,0,0.8856315835292069,0,938,938,3,2,548,387,1200,0,700.246841,164.83219000292593,20.27301899943268,,
spherical_g2_d4_s3,1200,2,spherical,4,2026092713,5,100,1,hdbscan_common,0.41896221484713614,0.9503791890441943,0.4191784564040824,0.41896221484713614,2,0.6641666666666667,0.46490102738256694,403,,,,0.7118935532193116,0,0.0,0,0,0.9874209677825638,0.6558333333333333,0.7881646465983816,0.7881822734101152,2,0,0.7881646465983816,0,0.7881646465983816,0,0.7881646465983816,0,1199,1050,3,2,273,774,1200,0,,,23.658191003050888,False,True
spherical_g2_d4_s3,1200,2,spherical,4,2026092713,5,100,2,hgp_first_coverage,0.6265516055268109,0.9282379049972775,0.6266903737324662,0.6265516055268109,2,0.8216666666666667,0.5719844634105562,214,,,,0.818737725571983,0,0.0,0,0,0.9817361179684672,0.8066666666666666,0.8856315835292069,0.8856358645928637,2,0,0.8856315835292069,0,0.8856315835292069,0,0.8856315835292069,0,938,938,3,2,548,387,1200,0,700.246841,164.83219000292593,20.848692998697516,,
spherical_g2_d4_s3,1200,2,spherical,4,2026092713,5,100,2,hdbscan_common,0.41896221484713614,0.9503791890441943,0.4191784564040824,0.41896221484713614,2,0.6641666666666667,0.46490102738256694,403,,,,0.7118935532193116,0,0.0,0,0,0.9874209677825638,0.6558333333333333,0.7881646465983816,0.7881822734101152,2,0,0.7881646465983816,0,0.7881646465983816,0,0.7881646465983816,0,1199,1050,3,2,273,774,1200,0,,,25.022033998538973,False,True
spherical_g2_d4_s3,1200,2,spherical,4,2026092713,5,100,1,hdbscan_standard,0.42009958938399883,0.9504406629103562,0.42027764578160287,0.42009958938399883,2,0.665,0.4655700118521377,402,,,,0.7118935532193116,0,0.0,0,0,0.9874302728780341,0.6566666666666667,0.7887658418103551,0.7887887887887888,2,0,,,,,,,,,,,,,,,,,,,
spherical_g2_d4_s3,1200,2,spherical,4,2026092713,10,10,1,hgp_first_coverage,0.6359385258542936,0.9161796799385782,0.6353320117703315,0.6359385258542936,3,0.8325,0.574578269279183,201,,,,0.8386706593394748,0,0.0,1,1,0.9868602525756065,0.8075,0.8878865806104612,0.8813096862210096,2,0,0.8984060984060984,0,0.8984060984060984,0,0.8984060984060984,0,885,885,55,54,245,585,1200,0,3192.640865,1310.158025000419,22.011319997545797,,
spherical_g2_d4_s3,1200,2,spherical,4,2026092713,10,10,1,hdbscan_common,0.29203627699906576,0.9580878491707397,0.2917461614398264,0.29203627699906576,2,0.5516666666666666,0.3982946193054725,538,,,,0.6481254001364756,0,0.0,0,0,0.9892948483741323,0.5458333333333334,0.7033922555037615,0.7035445757250268,2,0,0.7033922555037615,0,0.7033922555037615,0,0.7033922555037615,0,1199,1130,3,2,57,1070,1200,0,,,26.73884500109125,False,True
spherical_g2_d4_s3,1200,2,spherical,4,2026092713,10,10,2,hgp_first_coverage,0.39162031542106196,0.7475670125312184,0.3024039902483059,0.39162031542106196,16,0.5883333333333334,0.38262796864858567,494,,,,0.8386706593394748,0,0.0,14,14,0.9947033898305084,0.42666666666666664,0.505401770218674,0.5372507869884575,2,0,0.8984060984060984,0,0.8984060984060984,0,0.8984060984060984,0,885,885,55,54,245,585,1200,0,3192.640865,1310.158025000419,21.678739998606034,,
spherical_g2_d4_s3,1200,2,spherical,4,2026092713,10,10,2,hdbscan_common,0.29203627699906576,0.9580878491707397,0.2917461614398264,0.29203627699906576,2,0.5516666666666666,0.3982946193054725,538,,,,0.6481254001364756,0,0.0,0,0,0.9892948483741323,0.5458333333333334,0.7033922555037615,0.7035445757250268,2,0,0.7033922555037615,0,0.7033922555037615,0,0.7033922555037615,0,1199,1130,3,2,57,1070,1200,0,,,26.892711997788865,False,True
spherical_g2_d4_s3,1200,2,spherical,4,2026092713,10,10,1,hdbscan_standard,0.29303981469743295,0.9581504898674614,0.29268137377206965,0.29303981469743295,2,0.5525,0.3989023056359007,537,,,,0.6481254001364756,0,0.0,0,0,0.9893034735250724,0.5466666666666666,0.7040728352401215,0.7042404723564144,2,0,,,,,,,,,,,,,,,,,,,
spherical_g2_d4_s3,1200,2,spherical,4,2026092713,10,20,1,hgp_first_coverage,0.6601577164653065,0.9226590657516781,0.6601665478235416,0.6601577164653065,2,0.8458333333333333,0.5909780290156867,185,,,,0.8386706593394748,0,0.0,0,0,0.9802756746262862,0.8291666666666666,0.8984060984060984,0.8984198645598194,2,0,0.8984060984060984,0,0.8984060984060984,0,0.8984060984060984,0,885,885,9,8,337,539,1200,0,3192.640865,1310.158025000419,19.896837999112904,,
spherical_g2_d4_s3,1200,2,spherical,4,2026092713,10,20,1,hdbscan_common,0.29203627699906576,0.9580878491707397,0.2917461614398264,0.29203627699906576,2,0.5516666666666666,0.3982946193054725,538,,,,0.6481254001364756,0,0.0,0,0,0.9892948483741323,0.5458333333333334,0.7033922555037615,0.7035445757250268,2,0,0.7033922555037615,0,0.7033922555037615,0,0.7033922555037615,0,1199,1130,3,2,70,1057,1200,0,,,24.161450000974583,False,True
spherical_g2_d4_s3,1200,2,spherical,4,2026092713,10,20,2,hgp_first_coverage,0.6601577164653065,0.9226590657516781,0.6601665478235416,0.6601577164653065,2,0.8458333333333333,0.5909780290156867,185,,,,0.8386706593394748,0,0.0,0,0,0.9802756746262862,0.8291666666666666,0.8984060984060984,0.8984198645598194,2,0,0.8984060984060984,0,0.8984060984060984,0,0.8984060984060984,0,885,885,9,8,337,539,1200,0,3192.640865,1310.158025000419,21.585376998700667,,
spherical_g2_d4_s3,1200,2,spherical,4,2026092713,10,20,2,hdbscan_common,0.29203627699906576,0.9580878491707397,0.2917461614398264,0.29203627699906576,2,0.5516666666666666,0.3982946193054725,538,,,,0.6481254001364756,0,0.0,0,0,0.9892948483741323,0.5458333333333334,0.7033922555037615,0.7035445757250268,2,0,0.7033922555037615,0,0.7033922555037615,0,0.7033922555037615,0,1199,1130,3,2,70,1057,1200,0,,,25.01257699987036,False,True
spherical_g2_d4_s3,1200,2,spherical,4,2026092713,10,20,1,hdbscan_standard,0.29303981469743295,0.9581504898674614,0.29268137377206965,0.29303981469743295,2,0.5525,0.3989023056359007,537,,,,0.6481254001364756,0,0.0,0,0,0.9893034735250724,0.5466666666666666,0.7040728352401215,0.7042404723564144,2,0,,,,,,,,,,,,,,,,,,,
spherical_g2_d4_s3,1200,2,spherical,4,2026092713,10,50,1,hgp_first_coverage,0.6601577164653065,0.9226590657516781,0.6601665478235416,0.6601577164653065,2,0.8458333333333333,0.5909780290156867,185,,,,0.8386706593394748,0,0.0,0,0,0.9802756746262862,0.8291666666666666,0.8984060984060984,0.8984198645598194,2,0,0.8984060984060984,0,0.8984060984060984,0,0.8984060984060984,0,885,885,3,2,371,511,1200,0,3192.640865,1310.158025000419,20.852009001828264,,
spherical_g2_d4_s3,1200,2,spherical,4,2026092713,10,50,1,hdbscan_common,0.29203627699906576,0.9580878491707397,0.2917461614398264,0.29203627699906576,2,0.5516666666666666,0.3982946193054725,538,,,,0.6481254001364756,0,0.0,0,0,0.9892948483741323,0.5458333333333334,0.7033922555037615,0.7035445757250268,2,0,0.7033922555037615,0,0.7033922555037615,0,0.7033922555037615,0,1199,1130,3,2,108,1019,1200,0,,,26.145369000005303,False,True
spherical_g2_d4_s3,1200,2,spherical,4,2026092713,10,50,2,hgp_first_coverage,0.6601577164653065,0.9226590657516781,0.6601665478235416,0.6601577164653065,2,0.8458333333333333,0.5909780290156867,185,,,,0.8386706593394748,0,0.0,0,0,0.9802756746262862,0.8291666666666666,0.8984060984060984,0.8984198645598194,2,0,0.8984060984060984,0,0.8984060984060984,0,0.8984060984060984,0,885,885,3,2,371,511,1200,0,3192.640865,1310.158025000419,26.696314998844173,,
spherical_g2_d4_s3,1200,2,spherical,4,2026092713,10,50,2,hdbscan_common,0.29203627699906576,0.9580878491707397,0.2917461614398264,0.29203627699906576,2,0.5516666666666666,0.3982946193054725,538,,,,0.6481254001364756,0,0.0,0,0,0.9892948483741323,0.5458333333333334,0.7033922555037615,0.7035445757250268,2,0,0.7033922555037615,0,0.7033922555037615,0,0.7033922555037615,0,1199,1130,3,2,108,1019,1200,0,,,27.74469100040733,False,True
spherical_g2_d4_s3,1200,2,spherical,4,2026092713,10,50,1,hdbscan_standard,0.29303981469743295,0.9581504898674614,0.29268137377206965,0.29303981469743295,2,0.5525,0.3989023056359007,537,,,,0.6481254001364756,0,0.0,0,0,0.9893034735250724,0.5466666666666666,0.7040728352401215,0.7042404723564144,2,0,,,,,,,,,,,,,,,,,,,
spherical_g2_d4_s3,1200,2,spherical,4,2026092713,10,100,1,hgp_first_coverage,0.6601577164653065,0.9226590657516781,0.6601665478235416,0.6601577164653065,2,0.8458333333333333,0.5909780290156867,185,,,,0.8386706593394748,0,0.0,0,0,0.9802756746262862,0.8291666666666666,0.8984060984060984,0.8984198645598194,2,0,0.8984060984060984,0,0.8984060984060984,0,0.8984060984060984,0,885,885,3,2,395,487,1200,0,3192.640865,1310.158025000419,20.64494200021727,,
spherical_g2_d4_s3,1200,2,spherical,4,2026092713,10,100,1,hdbscan_common,0.29203627699906576,0.9580878491707397,0.2917461614398264,0.29203627699906576,2,0.5516666666666666,0.3982946193054725,538,,,,0.6481254001364756,0,0.0,0,0,0.9892948483741323,0.5458333333333334,0.7033922555037615,0.7035445757250268,2,0,0.7033922555037615,0,0.7033922555037615,0,0.7033922555037615,0,1199,1130,3,2,183,944,1200,0,,,27.7648080009385,False,True
spherical_g2_d4_s3,1200,2,spherical,4,2026092713,10,100,2,hgp_first_coverage,0.6601577164653065,0.9226590657516781,0.6601665478235416,0.6601577164653065,2,0.8458333333333333,0.5909780290156867,185,,,,0.8386706593394748,0,0.0,0,0,0.9802756746262862,0.8291666666666666,0.8984060984060984,0.8984198645598194,2,0,0.8984060984060984,0,0.8984060984060984,0,0.8984060984060984,0,885,885,3,2,395,487,1200,0,3192.640865,1310.158025000419,32.90796800138196,,
spherical_g2_d4_s3,1200,2,spherical,4,2026092713,10,100,2,hdbscan_common,0.29203627699906576,0.9580878491707397,0.2917461614398264,0.29203627699906576,2,0.5516666666666666,0.3982946193054725,538,,,,0.6481254001364756,0,0.0,0,0,0.9892948483741323,0.5458333333333334,0.7033922555037615,0.7035445757250268,2,0,0.7033922555037615,0,0.7033922555037615,0,0.7033922555037615,0,1199,1130,3,2,183,944,1200,0,,,25.82916900064447,False,True
spherical_g2_d4_s3,1200,2,spherical,4,2026092713,10,100,1,hdbscan_standard,0.29303981469743295,0.9581504898674614,0.29268137377206965,0.29303981469743295,2,0.5525,0.3989023056359007,537,,,,0.6481254001364756,0,0.0,0,0,0.9893034735250724,0.5466666666666666,0.7040728352401215,0.7042404723564144,2,0,,,,,,,,,,,,,,,,,,,
spherical_g2_d2_s1,1200,2,spherical,2,2026092711,5,10,1,hgp_first_coverage,0.00011942968321172229,0.0002327888863683786,0.00014719171516467262,0.00011942968321172229,3,0.8641666666666666,0.0200874817366821,163,,,,0.5187430126764427,0,0.0,1,1,0.752212389380531,0.43583333333333335,0.33364761701998236,0.46759052302190435,2,0,0.6672371783182137,0,0.6672371783182137,0,0.6409335727109515,0,934,934,69,68,404,461,1200,0,719.593469,187.61991599967587,21.627664998959517,,
spherical_g2_d2_s1,1200,2,spherical,2,2026092711,5,10,1,hdbscan_common,0.008098367081629783,0.15019623361348886,0.008374017628459218,0.008098367081629783,7,0.2375,0.06335486974519905,915,,,,0.5071148021958843,0,0.0,5,5,0.7635802469135802,0.12,0.2068354325660276,0.19393939393939394,2,0,0.666666563614318,0,0.666666563614318,0,0.3670886075949367,0,1199,1043,19,18,193,831,1200,0,,,24.662793999596033,False,True
spherical_g2_d2_s1,1200,2,spherical,2,2026092711,5,10,2,hgp_first_coverage,0.009617656911191935,0.03483195801865109,0.007699554720685155,0.009617656911191935,35,0.4675,0.10500310442557624,639,,,,0.5187430126764427,0,0.0,33,33,0.9431818181818181,0.05,0.09437543133195307,0.06814310051107325,2,0,0.6672371783182137,0,0.6672371783182137,0,0.6409335727109515,0,934,934,69,68,404,461,1200,0,719.593469,187.61991599967587,24.401646998740034,,
spherical_g2_d2_s1,1200,2,spherical,2,2026092711,5,10,2,hdbscan_common,0.008098367081629783,0.15019623361348886,0.008374017628459218,0.008098367081629783,7,0.2375,0.06335486974519905,915,,,,0.5071148021958843,0,0.0,5,5,0.7635802469135802,0.12,0.2068354325660276,0.19393939393939394,2,0,0.666666563614318,0,0.666666563614318,0,0.3670886075949367,0,1199,1043,19,18,193,831,1200,0,,,29.324745999474544,False,True
spherical_g2_d2_s1,1200,2,spherical,2,2026092711,5,10,1,hdbscan_standard,0.008373893014860075,0.14360594964979717,0.008691591745599164,0.008373893014860075,8,0.2475,0.06620753384207828,903,,,,0.5071148021958843,0,0.0,6,6,0.7646341463414634,0.12083333333333332,0.2081574490933873,0.19372077488309952,2,0,,,,,,,,,,,,,,,,,,,
spherical_g2_d2_s1,1200,2,spherical,2,2026092711,5,20,1,hgp_first_coverage,0.0015846287414027103,0.0034732978993111644,0.001783111601852818,0.0015846287414027103,2,0.7525,0.0275599845836456,297,,,,0.5187430126764427,0,0.0,0,0,0.7566016073478761,0.39916666666666667,0.3545078264161984,0.4555397051830718,2,0,0.6672371783182137,0,0.6672371783182137,0,0.592114208021754,0,934,934,21,20,517,396,1200,0,719.593469,187.61991599967587,25.724793998961104,,
spherical_g2_d2_s1,1200,2,spherical,2,2026092711,5,20,1,hdbscan_common,0.01083146051006358,0.21353484053987912,0.010032369752362639,0.01083146051006358,3,0.21333333333333335,0.056991906892287815,944,,,,0.5071148021958843,0,0.0,1,1,0.774482502552678,0.13583333333333333,0.22935335044163047,0.2239010989010989,2,0,0.666666563614318,0,0.666666563614318,0,0.3670886075949367,0,1199,1043,7,6,219,817,1200,0,,,30.68962099860073,False,True
spherical_g2_d2_s1,1200,2,spherical,2,2026092711,5,20,2,hgp_first_coverage,0.0015846287414027103,0.0034732978993111644,0.001783111601852818,0.0015846287414027103,2,0.7525,0.0275599845836456,297,,,,0.5187430126764427,0,0.0,0,0,0.7566016073478761,0.39916666666666667,0.3545078264161984,0.4555397051830718,2,0,0.6672371783182137,0,0.6672371783182137,0,0.592114208021754,0,934,934,21,20,517,396,1200,0,719.593469,187.61991599967587,23.77808500023093,,
spherical_g2_d2_s1,1200,2,spherical,2,2026092711,5,20,2,hdbscan_common,0.01083146051006358,0.21353484053987912,0.010032369752362639,0.01083146051006358,3,0.21333333333333335,0.056991906892287815,944,,,,0.5071148021958843,0,0.0,1,1,0.774482502552678,0.13583333333333333,0.22935335044163047,0.2239010989010989,2,0,0.666666563614318,0,0.666666563614318,0,0.3670886075949367,0,1199,1043,7,6,219,817,1200,0,,,38.04048699748819,False,True
spherical_g2_d2_s1,1200,2,spherical,2,2026092711,5,20,1,hdbscan_standard,0.011233223144981602,0.21408019953306698,0.0102747151288518,0.011233223144981602,3,0.215,0.058161609219822226,942,,,,0.5071148021958843,0,0.0,1,1,0.7755364019805611,0.13666666666666666,0.23067536696899016,0.22496570644718794,2,0,,,,,,,,,,,,,,,,,,,
spherical_g2_d2_s1,1200,2,spherical,2,2026092711,5,50,1,hgp_first_coverage,0.019066943026098494,0.1755213768704905,0.018578047291767166,0.019066943026098494,4,0.32416666666666666,0.08396086200968557,811,,,,0.5187430126764427,0,0.0,2,2,0.7852040816326531,0.1525,0.2542902501355223,0.2303335431088735,2,0,0.6672371783182137,0,0.6672371783182137,0,0.4408201304753029,0,934,934,7,6,557,370,1200,0,719.593469,187.61991599967587,20.947266999428393,,
spherical_g2_d2_s1,1200,2,spherical,2,2026092711,5,50,1,hdbscan_common,0.00827656276355299,0.270657097549083,0.008480629795352367,0.00827656276355299,2,0.17833333333333334,0.042213544667544255,986,,,,0.5071148021958843,0,0.0,0,0,0.774482502552678,0.13583333333333333,0.22935335044163047,0.23055162659123055,2,0,0.666666563614318,0,0.666666563614318,0,0.22935335044163047,0,1199,1043,3,2,251,789,1200,0,,,24.402056998951593,False,True
spherical_g2_d2_s1,1200,2,spherical,2,2026092711,5,50,2,hgp_first_coverage,0.019066943026098494,0.1755213768704905,0.018578047291767166,0.019066943026098494,4,0.32416666666666666,0.08396086200968557,811,,,,0.5187430126764427,0,0.0,2,2,0.7852040816326531,0.1525,0.2542902501355223,0.2303335431088735,2,0,0.6672371783182137,0,0.6672371783182137,0,0.4408201304753029,0,934,934,7,6,557,370,1200,0,719.593469,187.61991599967587,20.79029399828869,,
spherical_g2_d2_s1,1200,2,spherical,2,2026092711,5,50,2,hdbscan_common,0.00827656276355299,0.270657097549083,0.008480629795352367,0.00827656276355299,2,0.17833333333333334,0.042213544667544255,986,,,,0.5071148021958843,0,0.0,0,0,0.774482502552678,0.13583333333333333,0.22935335044163047,0.23055162659123055,2,0,0.666666563614318,0,0.666666563614318,0,0.22935335044163047,0,1199,1043,3,2,251,789,1200,0,,,23.86805199785158,False,True
spherical_g2_d2_s1,1200,2,spherical,2,2026092711,5,50,1,hdbscan_standard,0.008407886842391694,0.2730094130206904,0.008628280027550195,0.008407886842391694,2,0.17916666666666667,0.04279384040435118,985,,,,0.5071148021958843,0,0.0,0,0,0.7755364019805611,0.13666666666666666,0.23067536696899016,0.23180212014134274,2,0,,,,,,,,,,,,,,,,,,,
spherical_g2_d2_s1,1200,2,spherical,2,2026092711,5,100,1,hgp_first_coverage,0.007538055557358489,0.1992426187419769,0.00781343314476364,0.007538055557358489,2,0.2,0.032692129589066934,960,,,,0.5187430126764427,0,0.0,0,0,0.7314285714285714,0.145,0.24108108108108106,0.24166666666666667,2,0,0.6672371783182137,0,0.6672371783182137,0,0.2410810810810811,0,934,934,3,2,588,343,1200,0,719.593469,187.61991599967587,20.3498419978132,,
spherical_g2_d2_s1,1200,2,spherical,2,2026092711,5,100,1,hdbscan_common,0.0,,0.0,0.0,0,0.0,0.0,1200,,,,0.5071148021958843,0,0.0,-2,2,0.0,0.0,0.0,0.0,2,0,0.666666563614318,0,0.666666563614318,0,0.0,0,1199,1043,1,0,297,745,1200,0,,,24.211111998738488,True,True
spherical_g2_d2_s1,1200,2,spherical,2,2026092711,5,100,2,hgp_first_coverage,0.007538055557358489,0.1992426187419769,0.00781343314476364,0.007538055557358489,2,0.2,0.032692129589066934,960,,,,0.5187430126764427,0,0.0,0,0,0.7314285714285714,0.145,0.24108108108108106,0.24166666666666667,2,0,0.6672371783182137,0,0.6672371783182137,0,0.2410810810810811,0,934,934,3,2,588,343,1200,0,719.593469,187.61991599967587,20.38314499804983,,
spherical_g2_d2_s1,1200,2,spherical,2,2026092711,5,100,2,hdbscan_common,0.0,,0.0,0.0,0,0.0,0.0,1200,,,,0.5071148021958843,0,0.0,-2,2,0.0,0.0,0.0,0.0,2,0,0.666666563614318,0,0.666666563614318,0,0.0,0,1199,1043,1,0,297,745,1200,0,,,24.6393800007354,True,True
spherical_g2_d2_s1,1200,2,spherical,2,2026092711,5,100,1,hdbscan_standard,0.0,,0.0,0.0,0,0.0,0.0,1200,,,,0.5071148021958843,0,0.0,-2,2,0.0,0.0,0.0,0.0,2,0,,,,,,,,,,,,,,,,,,,
spherical_g2_d2_s1,1200,2,spherical,2,2026092711,10,10,1,hgp_first_coverage,0.013836982469581162,0.07409082441938271,0.013941818262455401,0.013836982469581162,20,0.43416666666666665,0.10679311819281044,679,,,,0.5187408093274093,0,0.0,18,18,0.8632897603485838,0.09916666666666667,0.17318968436436222,0.13829169087739687,2,0,0.6666738052459109,0,0.6666738052459109,0,0.5983935742971888,0,905,905,43,42,258,604,1200,0,3141.972592,1325.404000999697,23.474859997804742,,
spherical_g2_d2_s1,1200,2,spherical,2,2026092711,10,10,1,hdbscan_common,0.0019015154377689343,0.027566995425431177,0.0018672437208410817,0.0019015154377689343,2,0.25833333333333336,0.011277998633818656,890,,,,0.5027235288852759,0,0.0,0,0,0.6949318934838631,0.15166666666666664,0.2174974600694037,0.2410596026490066,2,0,0.6670368258631164,0,0.6670368258631164,0,0.318955732122588,0,1199,1118,9,8,77,1032,1200,0,,,28.72316399952979,False,True
spherical_g2_d2_s1,1200,2,spherical,2,2026092711,10,10,2,hgp_first_coverage,0.008532581328209514,0.055852881192463885,0.008320364241972156,0.008532581328209514,22,0.3858333333333333,0.1030309201750605,737,,,,0.5187408093274093,0,0.0,20,20,0.8987394957983192,0.051666666666666666,0.09771479669142304,0.07456404088995791,2,0,0.6666738052459109,0,0.6666738052459109,0,0.5983935742971888,0,905,905,43,42,258,604,1200,0,3141.972592,1325.404000999697,34.41549700073665,,
spherical_g2_d2_s1,1200,2,spherical,2,2026092711,10,10,2,hdbscan_common,0.0005740381796677334,0.027091208459915122,0.000833518820668122,0.0005740381796677334,4,0.19166666666666668,0.022635829407916242,970,,,,0.5027235288852759,0,0.0,2,2,0.6862650135606354,0.10083333333333333,0.16283446610075974,0.16923076923076924,2,0,0.6670368258631164,0,0.6670368258631164,0,0.318955732122588,0,1199,1118,9,8,77,1032,1200,0,,,28.921103999891784,False,True
spherical_g2_d2_s1,1200,2,spherical,2,2026092711,10,10,1,hdbscan_standard,0.0017611280637365376,0.02648392596700576,0.0017705190502240475,0.0017611280637365376,2,0.25916666666666666,0.01108663234787231,889,,,,0.5027235288852759,0,0.0,0,0,0.693934947419907,0.15166666666666664,0.21729412485715008,0.24090006618133686,2,0,,,,,,,,,,,,,,,,,,,
spherical_g2_d2_s1,1200,2,spherical,2,2026092711,10,20,1,hgp_first_coverage,0.0012256172571360863,0.0021422963010013915,0.0012489329099504324,0.0012256172571360863,2,0.77,0.026430336327621536,276,,,,0.5187408093274093,0,0.0,0,0,0.7544742729306488,0.4041666666666667,0.35217058711034616,0.4566854990583804,2,0,0.6666738052459109,0,0.6666738052459109,0,0.5983935742971888,0,905,905,21,20,361,523,1200,0,3141.972592,1325.404000999697,29.966822999995202,,
spherical_g2_d2_s1,1200,2,spherical,2,2026092711,10,20,1,hdbscan_common,0.0019015154377689343,0.027566995425431177,0.0018672437208410817,0.0019015154377689343,2,0.25833333333333336,0.011277998633818656,890,,,,0.5027235288852759,0,0.0,0,0,0.6949318934838631,0.15166666666666664,0.2174974600694037,0.2410596026490066,2,0,0.6670368258631164,0,0.6670368258631164,0,0.318955732122588,0,1199,1118,5,4,96,1017,1200,0,,,33.46296299787355,False,True
spherical_g2_d2_s1,1200,2,spherical,2,2026092711,10,20,2,hgp_first_coverage,0.0012256172571360863,0.0021422963010013915,0.0012489329099504324,0.0012256172571360863,2,0.77,0.026430336327621536,276,,,,0.5187408093274093,0,0.0,0,0,0.7544742729306488,0.4041666666666667,0.35217058711034616,0.4566854990583804,2,0,0.6666738052459109,0,0.6666738052459109,0,0.5983935742971888,0,905,905,21,20,361,523,1200,0,3141.972592,1325.404000999697,21.457066999573726,,
spherical_g2_d2_s1,1200,2,spherical,2,2026092711,10,20,2,hdbscan_common,0.0019015154377689343,0.027566995425431177,0.0018672437208410817,0.0019015154377689343,2,0.25833333333333336,0.011277998633818656,890,,,,0.5027235288852759,0,0.0,0,0,0.6949318934838631,0.15166666666666664,0.2174974600694037,0.2410596026490066,2,0,0.6670368258631164,0,0.6670368258631164,0,0.318955732122588,0,1199,1118,5,4,96,1017,1200,0,,,38.38672300116741,False,True
spherical_g2_d2_s1,1200,2,spherical,2,2026092711,10,20,1,hdbscan_standard,0.0017611280637365376,0.02648392596700576,0.0017705190502240475,0.0017611280637365376,2,0.25916666666666666,0.01108663234787231,889,,,,0.5027235288852759,0,0.0,0,0,0.693934947419907,0.15166666666666664,0.21729412485715008,0.24090006618133686,2,0,,,,,,,,,,,,,,,,,,,
spherical_g2_d2_s1,1200,2,spherical,2,2026092711,10,50,1,hgp_first_coverage,0.00952723003858626,0.04597815822297492,0.009544324254569518,0.00952723003858626,2,0.4558333333333333,0.03680374638798756,653,,,,0.5187408093274093,0,0.0,0,0,0.7299187493571944,0.2775,0.35287969060311486,0.38122495706926157,2,0,0.6666738052459109,0,0.6666738052459109,0,0.4355597365945437,0,905,905,5,4,415,485,1200,0,3141.972592,1325.404000999697,20.194272001390345,,
spherical_g2_d2_s1,1200,2,spherical,2,2026092711,10,50,1,hdbscan_common,0.0,,0.0,0.0,0,0.0,0.0,1200,,,,0.5027235288852759,0,0.0,-2,2,0.0,0.0,0.0,0.0,2,0,0.6670368258631164,0,0.6670368258631164,0,0.0,0,1199,1118,1,0,141,976,1200,0,,,30.52787900014664,True,True
spherical_g2_d2_s1,1200,2,spherical,2,2026092711,10,50,2,hgp_first_coverage,0.00952723003858626,0.04597815822297492,0.009544324254569518,0.00952723003858626,2,0.4558333333333333,0.03680374638798756,653,,,,0.5187408093274093,0,0.0,0,0,0.7299187493571944,0.2775,0.35287969060311486,0.38122495706926157,2,0,0.6666738052459109,0,0.6666738052459109,0,0.4355597365945437,0,905,905,5,4,415,485,1200,0,3141.972592,1325.404000999697,21.969952998915687,,
spherical_g2_d2_s1,1200,2,spherical,2,2026092711,10,50,2,hdbscan_common,0.0,,0.0,0.0,0,0.0,0.0,1200,,,,0.5027235288852759,0,0.0,-2,2,0.0,0.0,0.0,0.0,2,0,0.6670368258631164,0,0.6670368258631164,0,0.0,0,1199,1118,1,0,141,976,1200,0,,,25.941297997633228,True,True
spherical_g2_d2_s1,1200,2,spherical,2,2026092711,10,50,1,hdbscan_standard,0.0,,0.0,0.0,0,0.0,0.0,1200,,,,0.5027235288852759,0,0.0,-2,2,0.0,0.0,0.0,0.0,2,0,,,,,,,,,,,,,,,,,,,
spherical_g2_d2_s1,1200,2,spherical,2,2026092711,10,100,1,hgp_first_coverage,0.014204130896758163,0.2986674810612874,0.014501186952383744,0.014204130896758163,2,0.22166666666666668,0.05318909813059417,934,,,,0.5187408093274093,0,0.0,0,0,0.7807017543859649,0.1716666666666667,0.2805888312771917,0.2810368349249659,2,0,0.6666738052459109,0,0.6666738052459109,0,0.28058883127719175,0,905,905,3,2,454,448,1200,0,3141.972592,1325.404000999697,20.118520998948952,,
spherical_g2_d2_s1,1200,2,spherical,2,2026092711,10,100,1,hdbscan_common,0.0,,0.0,0.0,0,0.0,0.0,1200,,,,0.5027235288852759,0,0.0,-2,2,0.0,0.0,0.0,0.0,2,0,0.6670368258631164,0,0.6670368258631164,0,0.0,0,1199,1118,1,0,148,969,1200,0,,,24.070619998383336,True,True
spherical_g2_d2_s1,1200,2,spherical,2,2026092711,10,100,2,hgp_first_coverage,0.014204130896758163,0.2986674810612874,0.014501186952383744,0.014204130896758163,2,0.22166666666666668,0.05318909813059417,934,,,,0.5187408093274093,0,0.0,0,0,0.7807017543859649,0.1716666666666667,0.2805888312771917,0.2810368349249659,2,0,0.6666738052459109,0,0.6666738052459109,0,0.28058883127719175,0,905,905,3,2,454,448,1200,0,3141.972592,1325.404000999697,23.41661099853809,,
spherical_g2_d2_s1,1200,2,spherical,2,2026092711,10,100,2,hdbscan_common,0.0,,0.0,0.0,0,0.0,0.0,1200,,,,0.5027235288852759,0,0.0,-2,2,0.0,0.0,0.0,0.0,2,0,0.6670368258631164,0,0.6670368258631164,0,0.0,0,1199,1118,1,0,148,969,1200,0,,,24.362084001040785,True,True
spherical_g2_d2_s1,1200,2,spherical,2,2026092711,10,100,1,hdbscan_standard,0.0,,0.0,0.0,0,0.0,0.0,1200,,,,0.5027235288852759,0,0.0,-2,2,0.0,0.0,0.0,0.0,2,0,,,,,,,,,,,,,,,,,,,
spherical_g2_d2_s2,1200,2,spherical,2,2026092712,5,10,1,hgp_first_coverage,0.006532034063611632,0.02420649554860379,0.006947801234874425,0.006532034063611632,20,0.5408333333333334,0.08570618850422321,551,,,,0.50858601850211,0,0.0,18,18,0.7049735915492958,0.19,0.2531927231758234,0.2466197944835046,2,0,0.6666718889925695,0,0.6666718889925695,0,0.6188055908513341,0,917,917,65,64,431,421,1200,0,746.938987,168.9575540003716,21.103398001287133,,
spherical_g2_d2_s2,1200,2,spherical,2,2026092712,5,10,1,hdbscan_common,0.0010059030990400596,0.001414617457511235,0.0008821219152408217,0.0010059030990400596,2,0.7333333333333333,0.009970533027677673,320,,,,0.504569747550242,0,0.0,0,0,0.7580459770114942,0.3825,0.32183561949369915,0.44134615384615383,2,0,0.6677914008890032,0,0.6677914008890032,0,0.5918367346938775,0,1199,1010,23,22,180,807,1200,0,,,24.426153002423234,True,True
spherical_g2_d2_s2,1200,2,spherical,2,2026092712,5,10,2,hgp_first_coverage,0.006532034063611632,0.02420649554860379,0.006947801234874425,0.006532034063611632,20,0.5408333333333334,0.08570618850422321,551,,,,0.50858601850211,0,0.0,18,18,0.7049735915492958,0.19,0.2531927231758234,0.2466197944835046,2,0,0.6666718889925695,0,0.6666718889925695,0,0.6188055908513341,0,917,917,65,64,431,421,1200,0,746.938987,168.9575540003716,21.233380000921898,,
spherical_g2_d2_s2,1200,2,spherical,2,2026092712,5,10,2,hdbscan_common,0.0010059030990400596,0.001414617457511235,0.0008821219152408217,0.0010059030990400596,2,0.7333333333333333,0.009970533027677673,320,,,,0.504569747550242,0,0.0,0,0,0.7580459770114942,0.3825,0.32183561949369915,0.44134615384615383,2,0,0.6677914008890032,0,0.6677914008890032,0,0.5918367346938775,0,1199,1010,23,22,180,807,1200,0,,,23.87737000026391,True,True
spherical_g2_d2_s2,1200,2,spherical,2,2026092712,5,10,1,hdbscan_standard,0.0010059030990400596,0.001414617457511235,0.0008821219152408217,0.0010059030990400596,2,0.7333333333333333,0.009970533027677673,320,,,,0.504569747550242,0,0.0,0,0,0.7580459770114942,0.3825,0.32183561949369915,0.44134615384615383,2,0,,,,,,,,,,,,,,,,,,,
spherical_g2_d2_s2,1200,2,spherical,2,2026092712,5,20,1,hgp_first_coverage,0.0024197890975238496,0.008475904380071736,0.0025591829349490857,0.0024197890975238496,3,0.5616666666666666,0.02514016444225775,526,,,,0.50858601850211,0,0.0,1,1,0.6852896341463415,0.29250000000000004,0.30938818565400844,0.37459978655282816,2,0,0.6666718889925695,0,0.6666718889925695,0,0.5581737849779087,0,917,917,13,12,524,380,1200,0,746.938987,168.9575540003716,20.539927001664182,,
spherical_g2_d2_s2,1200,2,spherical,2,2026092712,5,20,1,hdbscan_common,0.005589556204025626,0.0548601717355943,0.004292998323643297,0.005589556204025626,2,0.24166666666666667,0.02198550115246402,910,,,,0.504569747550242,0,0.0,0,0,0.7776458616010855,0.15166666666666667,0.21924592884555544,0.2442953020134228,2,0,0.6677914008890032,0,0.6677914008890032,0,0.3087557603686636,0,1199,1010,5,4,232,773,1200,0,,,24.455167000269284,False,True
spherical_g2_d2_s2,1200,2,spherical,2,2026092712,5,20,2,hgp_first_coverage,0.0024197890975238496,0.008475904380071736,0.0025591829349490857,0.0024197890975238496,3,0.5616666666666666,0.02514016444225775,526,,,,0.50858601850211,0,0.0,1,1,0.6852896341463415,0.29250000000000004,0.30938818565400844,0.37459978655282816,2,0,0.6666718889925695,0,0.6666718889925695,0,0.5581737849779087,0,917,917,13,12,524,380,1200,0,746.938987,168.9575540003716,20.380860998557182,,
spherical_g2_d2_s2,1200,2,spherical,2,2026092712,5,20,2,hdbscan_common,0.005589556204025626,0.0548601717355943,0.004292998323643297,0.005589556204025626,2,0.24166666666666667,0.02198550115246402,910,,,,0.504569747550242,0,0.0,0,0,0.7776458616010855,0.15166666666666667,0.21924592884555544,0.2442953020134228,2,0,0.6677914008890032,0,0.6677914008890032,0,0.3087557603686636,0,1199,1010,5,4,232,773,1200,0,,,24.14980699904845,False,True
spherical_g2_d2_s2,1200,2,spherical,2,2026092712,5,20,1,hdbscan_standard,0.005310863125094268,0.055239996862409706,0.00419907420950697,0.005310863125094268,2,0.24333333333333335,0.022365784509489305,908,,,,0.504569747550242,0,0.0,0,0,0.7775173751414256,0.1525,0.22058342738189135,0.2453083109919571,2,0,,,,,,,,,,,,,,,,,,,
spherical_g2_d2_s2,1200,2,spherical,2,2026092712,5,50,1,hgp_first_coverage,0.0018867728565812206,0.09505318393265942,0.002105938021344025,0.0018867728565812206,2,0.15333333333333332,0.014836871503546789,1016,,,,0.50858601850211,0,0.0,0,0,0.6808813559322033,0.10083333333333333,0.17297472659724766,0.17485549132947978,2,0,0.6666718889925695,0,0.6666718889925695,0,0.17297472659724766,0,917,917,3,2,551,363,1200,0,746.938987,168.9575540003716,19.930469999962952,,
spherical_g2_d2_s2,1200,2,spherical,2,2026092712,5,50,1,hdbscan_common,0.0,,0.0,0.0,0,0.0,0.0,1200,,,,0.504569747550242,0,0.0,-2,2,0.0,0.0,0.0,0.0,2,0,0.6677914008890032,0,0.6677914008890032,0,0.0,0,1199,1010,1,0,244,765,1200,0,,,23.328326002229005,True,True
spherical_g2_d2_s2,1200,2,spherical,2,2026092712,5,50,2,hgp_first_coverage,0.0018867728565812206,0.09505318393265942,0.002105938021344025,0.0018867728565812206,2,0.15333333333333332,0.014836871503546789,1016,,,,0.50858601850211,0,0.0,0,0,0.6808813559322033,0.10083333333333333,0.17297472659724766,0.17485549132947978,2,0,0.6666718889925695,0,0.6666718889925695,0,0.17297472659724766,0,917,917,3,2,551,363,1200,0,746.938987,168.9575540003716,20.05624499724945,,
spherical_g2_d2_s2,1200,2,spherical,2,2026092712,5,50,2,hdbscan_common,0.0,,0.0,0.0,0,0.0,0.0,1200,,,,0.504569747550242,0,0.0,-2,2,0.0,0.0,0.0,0.0,2,0,0.6677914008890032,0,0.6677914008890032,0,0.0,0,1199,1010,1,0,244,765,1200,0,,,23.896434999187477,True,True
spherical_g2_d2_s2,1200,2,spherical,2,2026092712,5,50,1,hdbscan_standard,0.0,,0.0,0.0,0,0.0,0.0,1200,,,,0.504569747550242,0,0.0,-2,2,0.0,0.0,0.0,0.0,2,0,,,,,,,,,,,,,,,,,,,
spherical_g2_d2_s2,1200,2,spherical,2,2026092712,5,100,1,hgp_first_coverage,0.0,,0.0,0.0,0,0.0,0.0,1200,,,,0.50858601850211,0,0.0,-2,2,0.0,0.0,0.0,0.0,2,0,0.6666718889925695,0,0.6666718889925695,0,0.0,0,917,917,1,0,563,353,1200,0,746.938987,168.9575540003716,20.162744000117527,,
spherical_g2_d2_s2,1200,2,spherical,2,2026092712,5,100,1,hdbscan_common,0.0,,0.0,0.0,0,0.0,0.0,1200,,,,0.504569747550242,0,0.0,-2,2,0.0,0.0,0.0,0.0,2,0,0.6677914008890032,0,0.6677914008890032,0,0.0,0,1199,1010,1,0,249,760,1200,0,,,26.020484998298343,True,True
spherical_g2_d2_s2,1200,2,spherical,2,2026092712,5,100,2,hgp_first_coverage,0.0,,0.0,0.0,0,0.0,0.0,1200,,,,0.50858601850211,0,0.0,-2,2,0.0,0.0,0.0,0.0,2,0,0.6666718889925695,0,0.6666718889925695,0,0.0,0,917,917,1,0,563,353,1200,0,746.938987,168.9575540003716,20.526782998786075,,
spherical_g2_d2_s2,1200,2,spherical,2,2026092712,5,100,2,hdbscan_common,0.0,,0.0,0.0,0,0.0,0.0,1200,,,,0.504569747550242,0,0.0,-2,2,0.0,0.0,0.0,0.0,2,0,0.6677914008890032,0,0.6677914008890032,0,0.0,0,1199,1010,1,0,249,760,1200,0,,,28.117686000769027,True,True
spherical_g2_d2_s2,1200,2,spherical,2,2026092712,5,100,1,hdbscan_standard,0.0,,0.0,0.0,0,0.0,0.0,1200,,,,0.504569747550242,0,0.0,-2,2,0.0,0.0,0.0,0.0,2,0,,,,,,,,,,,,,,,,,,,
spherical_g2_d2_s2,1200,2,spherical,2,2026092712,10,10,1,hgp_first_coverage,0.0016104426614413484,-0.0007674588497248484,0.000524016852585976,0.0016104426614413484,2,0.8175,0.02405953588424995,219,,,,0.5077490567318855,0,0.0,0,0,0.7479123173277662,0.415,0.34179618682222135,0.45667125171939477,2,0,0.667232420008619,0,0.667232420008619,0,0.6148908857509627,0,887,887,51,50,246,590,1200,0,3316.145442,1300.5827749984746,21.196600999246584,,
spherical_g2_d2_s2,1200,2,spherical,2,2026092712,10,10,1,hdbscan_common,0.0016489392479544643,0.017632299683870926,0.0014167824238713108,0.0016489392479544643,2,0.26166666666666666,0.01109354293620028,886,,,,0.5023633122922455,0,0.0,0,0,0.7442586399108138,0.15,0.20741383832080812,0.23778071334214002,2,0,0.6676055025851596,0,0.6676055025851596,0,0.3325917686318131,0,1199,1119,7,6,64,1048,1200,0,,,26.23971499997424,False,True
spherical_g2_d2_s2,1200,2,spherical,2,2026092712,10,10,2,hgp_first_coverage,0.005738987867654773,0.03519604091692682,0.005742693605728945,0.005738987867654773,25,0.4041666666666667,0.07352015709807243,715,,,,0.5077490567318855,0,0.0,23,23,0.8526209677419355,0.07416666666666666,0.13430828749883472,0.10563798219584569,2,0,0.667232420008619,0,0.667232420008619,0,0.6148908857509627,0,887,887,51,50,246,590,1200,0,3316.145442,1300.5827749984746,22.1322159995907,,
spherical_g2_d2_s2,1200,2,spherical,2,2026092712,10,10,2,hdbscan_common,0.0016489392479544643,0.017632299683870926,0.0014167824238713108,0.0016489392479544643,2,0.26166666666666666,0.01109354293620028,886,,,,0.5023633122922455,0,0.0,0,0,0.7442586399108138,0.15,0.20741383832080812,0.23778071334214002,2,0,0.6676055025851596,0,0.6676055025851596,0,0.3325917686318131,0,1199,1119,7,6,64,1048,1200,0,,,28.824304001318524,False,True
spherical_g2_d2_s2,1200,2,spherical,2,2026092712,10,10,1,hdbscan_standard,0.0014871340937585417,0.01801948410980919,0.0013618674921061559,0.0014871340937585417,2,0.2633333333333333,0.011648879317388299,884,,,,0.5023633122922455,0,0.0,0,0,0.7454166666666666,0.15083333333333335,0.20879509379509378,0.23878627968337732,2,0,,,,,,,,,,,,,,,,,,,
spherical_g2_d2_s2,1200,2,spherical,2,2026092712,10,20,1,hgp_first_coverage,0.0016104426614413484,-0.0007674588497248484,0.000524016852585976,0.0016104426614413484,2,0.8175,0.02405953588424995,219,,,,0.5077490567318855,0,0.0,0,0,0.7479123173277662,0.415,0.34179618682222135,0.45667125171939477,2,0,0.667232420008619,0,0.667232420008619,0,0.6148908857509627,0,887,887,19,18,340,528,1200,0,3316.145442,1300.5827749984746,20.211625000229105,,
spherical_g2_d2_s2,1200,2,spherical,2,2026092712,10,20,1,hdbscan_common,0.0024880392163682597,0.2861257696034615,0.0015754032873895164,0.0024880392163682597,2,0.0625,0.02623996206328984,1125,,,,0.5023633122922455,0,0.0,0,0,0.7451274362818591,0.04833333333333333,0.09053635679022676,0.09098039215686274,2,0,0.6676055025851596,0,0.6676055025851596,0,0.09053635679022676,0,1199,1119,3,2,85,1031,1200,0,,,24.177759998565307,False,True
spherical_g2_d2_s2,1200,2,spherical,2,2026092712,10,20,2,hgp_first_coverage,0.0016104426614413484,-0.0007674588497248484,0.000524016852585976,0.0016104426614413484,2,0.8175,0.02405953588424995,219,,,,0.5077490567318855,0,0.0,0,0,0.7479123173277662,0.415,0.34179618682222135,0.45667125171939477,2,0,0.667232420008619,0,0.667232420008619,0,0.6148908857509627,0,887,887,19,18,340,528,1200,0,3316.145442,1300.5827749984746,23.05553800033522,,
spherical_g2_d2_s2,1200,2,spherical,2,2026092712,10,20,2,hdbscan_common,0.0024880392163682597,0.2861257696034615,0.0015754032873895164,0.0024880392163682597,2,0.0625,0.02623996206328984,1125,,,,0.5023633122922455,0,0.0,0,0,0.7451274362818591,0.04833333333333333,0.09053635679022676,0.09098039215686274,2,0,0.6676055025851596,0,0.6676055025851596,0,0.09053635679022676,0,1199,1119,3,2,85,1031,1200,0,,,26.01150900227367,False,True
spherical_g2_d2_s2,1200,2,spherical,2,2026092712,10,20,1,hdbscan_standard,0.002432719789196046,0.293792847878451,0.0015949473184327736,0.002432719789196046,2,0.06333333333333334,0.026506502907034192,1124,,,,0.5023633122922455,0,0.0,0,0,0.7514492753623188,0.049166666666666664,0.092078234802693,0.09247648902821316,2,0,,,,,,,,,,,,,,,,,,,
spherical_g2_d2_s2,1200,2,spherical,2,2026092712,10,50,1,hgp_first_coverage,0.002777898318309707,0.058285834683507246,0.0030105991096590744,0.002777898318309707,2,0.2325,0.014366769631711254,921,,,,0.5077490567318855,0,0.0,0,0,0.6576947236180904,0.14500000000000002,0.23069461827284105,0.23529411764705882,2,0,0.667232420008619,0,0.667232420008619,0,0.2490613266583229,0,887,887,3,2,390,494,1200,0,3316.145442,1300.5827749984746,20.05120600006194,,
spherical_g2_d2_s2,1200,2,spherical,2,2026092712,10,50,1,hdbscan_common,0.0,,0.0,0.0,0,0.0,0.0,1200,,,,0.5023633122922455,0,0.0,-2,2,0.0,0.0,0.0,0.0,2,0,0.6676055025851596,0,0.6676055025851596,0,0.0,0,1199,1119,1,0,103,1015,1200,0,,,24.311247998412,True,True
spherical_g2_d2_s2,1200,2,spherical,2,2026092712,10,50,2,hgp_first_coverage,0.002777898318309707,0.058285834683507246,0.0030105991096590744,0.002777898318309707,2,0.2325,0.014366769631711254,921,,,,0.5077490567318855,0,0.0,0,0,0.6576947236180904,0.14500000000000002,0.23069461827284105,0.23529411764705882,2,0,0.667232420008619,0,0.667232420008619,0,0.2490613266583229,0,887,887,3,2,390,494,1200,0,3316.145442,1300.5827749984746,22.6362559988047,,
spherical_g2_d2_s2,1200,2,spherical,2,2026092712,10,50,2,hdbscan_common,0.0,,0.0,0.0,0,0.0,0.0,1200,,,,0.5023633122922455,0,0.0,-2,2,0.0,0.0,0.0,0.0,2,0,0.6676055025851596,0,0.6676055025851596,0,0.0,0,1199,1119,1,0,103,1015,1200,0,,,27.110478000395233,True,True
spherical_g2_d2_s2,1200,2,spherical,2,2026092712,10,50,1,hdbscan_standard,0.0,,0.0,0.0,0,0.0,0.0,1200,,,,0.5023633122922455,0,0.0,-2,2,0.0,0.0,0.0,0.0,2,0,,,,,,,,,,,,,,,,,,,
spherical_g2_d2_s2,1200,2,spherical,2,2026092712,10,100,1,hgp_first_coverage,0.0,,0.0,0.0,0,0.0,0.0,1200,,,,0.5077490567318855,0,0.0,-2,2,0.0,0.0,0.0,0.0,2,0,0.667232420008619,0,0.667232420008619,0,0.0,0,887,887,1,0,408,478,1200,0,3316.145442,1300.5827749984746,23.39655300238519,,
spherical_g2_d2_s2,1200,2,spherical,2,2026092712,10,100,1,hdbscan_common,0.0,,0.0,0.0,0,0.0,0.0,1200,,,,0.5023633122922455,0,0.0,-2,2,0.0,0.0,0.0,0.0,2,0,0.6676055025851596,0,0.6676055025851596,0,0.0,0,1199,1119,1,0,124,994,1200,0,,,39.26467000201228,True,True
spherical_g2_d2_s2,1200,2,spherical,2,2026092712,10,100,2,hgp_first_coverage,0.0,,0.0,0.0,0,0.0,0.0,1200,,,,0.5077490567318855,0,0.0,-2,2,0.0,0.0,0.0,0.0,2,0,0.667232420008619,0,0.667232420008619,0,0.0,0,887,887,1,0,408,478,1200,0,3316.145442,1300.5827749984746,23.66742899903329,,
spherical_g2_d2_s2,1200,2,spherical,2,2026092712,10,100,2,hdbscan_common,0.0,,0.0,0.0,0,0.0,0.0,1200,,,,0.5023633122922455,0,0.0,-2,2,0.0,0.0,0.0,0.0,2,0,0.6676055025851596,0,0.6676055025851596,0,0.0,0,1199,1119,1,0,124,994,1200,0,,,26.924771002086345,True,True
spherical_g2_d2_s2,1200,2,spherical,2,2026092712,10,100,1,hdbscan_standard,0.0,,0.0,0.0,0,0.0,0.0,1200,,,,0.5023633122922455,0,0.0,-2,2,0.0,0.0,0.0,0.0,2,0,,,,,,,,,,,,,,,,,,,
spherical_g2_d2_s3,1200,2,spherical,2,2026092713,5,10,1,hgp_first_coverage,0.014738503810278423,0.05846283272857137,0.01282269433553735,0.014738503810278423,29,0.4658333333333333,0.10137848414984234,641,,,,0.5267664870329032,0,0.0,27,27,0.916087962962963,0.08666666666666667,0.15601823453967545,0.11824900511654349,2,0,0.6668511251866088,0,0.6668511251866088,0,0.5907230559345157,0,929,929,67,66,413,449,1200,0,837.556565,162.73636400001124,21.527929002331803,,
spherical_g2_d2_s3,1200,2,spherical,2,2026092713,5,10,1,hdbscan_common,-0.0006879227806585964,5.6182703484088255e-05,-0.0003296809723001649,-0.0006879227806585964,2,0.5733333333333334,0.004367704994786295,512,,,,0.5028820431058518,0,0.0,0,0,0.7007374631268437,0.29083333333333333,0.2807947869365556,0.3697033898305085,2,0,0.667224601072743,0,0.667224601072743,0,0.5305164319248826,0,1199,1039,23,22,185,831,1200,0,,,24.940242001321167,False,True
spherical_g2_d2_s3,1200,2,spherical,2,2026092713,5,10,2,hgp_first_coverage,0.014738503810278423,0.05846283272857137,0.01282269433553735,0.014738503810278423,29,0.4658333333333333,0.10137848414984234,641,,,,0.5267664870329032,0,0.0,27,27,0.916087962962963,0.08666666666666667,0.15601823453967545,0.11824900511654349,2,0,0.6668511251866088,0,0.6668511251866088,0,0.5907230559345157,0,929,929,67,66,413,449,1200,0,837.556565,162.73636400001124,21.288453001034213,,
spherical_g2_d2_s3,1200,2,spherical,2,2026092713,5,10,2,hdbscan_common,-0.0006879227806585964,5.6182703484088255e-05,-0.0003296809723001649,-0.0006879227806585964,2,0.5733333333333334,0.004367704994786295,512,,,,0.5028820431058518,0,0.0,0,0,0.7007374631268437,0.29083333333333333,0.2807947869365556,0.3697033898305085,2,0,0.667224601072743,0,0.667224601072743,0,0.5305164319248826,0,1199,1039,23,22,185,831,1200,0,,,25.811666000663536,False,True
spherical_g2_d2_s3,1200,2,spherical,2,2026092713,5,10,1,hdbscan_standard,-0.0006736348500254698,-9.837561795058012e-06,-0.0003336697770816749,-0.0006736348500254698,2,0.5741666666666667,0.00438085368130859,511,,,,0.5028820431058518,0,0.0,0,0,0.7003681885125184,0.29083333333333333,0.2805867801432984,0.3695076760190577,2,0,,,,,,,,,,,,,,,,,,,
spherical_g2_d2_s3,1200,2,spherical,2,2026092713,5,20,1,hgp_first_coverage,-0.00016605482166090764,0.0011141840703378398,0.00019017915043392715,-0.00016605482166090764,2,0.6891666666666667,0.006647347542091951,373,,,,0.5267664870329032,0,0.0,0,0,0.6796468401486988,0.3566666666666667,0.3195302290391361,0.4222989639861865,2,0,0.6668511251866088,0,0.6668511251866088,0,0.5735607675906184,0,929,929,21,20,496,412,1200,0,837.556565,162.73636400001124,22.90475599875208,,
spherical_g2_d2_s3,1200,2,spherical,2,2026092713,5,20,1,hdbscan_common,9.351280384073444e-05,0.011615979514325248,0.0001968801118165421,9.351280384073444e-05,2,0.1525,0.002296833862140474,1017,,,,0.5028820431058518,0,0.0,0,0,0.5796969696969697,0.08583333333333333,0.14226224328593995,0.14895155459146783,2,0,0.667224601072743,0,0.667224601072743,0,0.2,0,1199,1039,5,4,234,800,1200,0,,,24.097599998640362,False,True
spherical_g2_d2_s3,1200,2,spherical,2,2026092713,5,20,2,hgp_first_coverage,-0.00016605482166090764,0.0011141840703378398,0.00019017915043392715,-0.00016605482166090764,2,0.6891666666666667,0.006647347542091951,373,,,,0.5267664870329032,0,0.0,0,0,0.6796468401486988,0.3566666666666667,0.3195302290391361,0.4222989639861865,2,0,0.6668511251866088,0,0.6668511251866088,0,0.5735607675906184,0,929,929,21,20,496,412,1200,0,837.556565,162.73636400001124,23.321702999965055,,
spherical_g2_d2_s3,1200,2,spherical,2,2026092713,5,20,2,hdbscan_common,9.351280384073444e-05,0.011615979514325248,0.0001968801118165421,9.351280384073444e-05,2,0.1525,0.002296833862140474,1017,,,,0.5028820431058518,0,0.0,0,0,0.5796969696969697,0.08583333333333333,0.14226224328593995,0.14895155459146783,2,0,0.667224601072743,0,0.667224601072743,0,0.2,0,1199,1039,5,4,234,800,1200,0,,,27.527045000169892,False,True
spherical_g2_d2_s3,1200,2,spherical,2,2026092713,5,20,1,hdbscan_standard,0.00016376014733063832,0.0126468003552386,0.00024174554335549194,0.00016376014733063832,2,0.15333333333333332,0.002452122199098234,1016,,,,0.5028820431058518,0,0.0,0,0,0.5811759983945415,0.08666666666666667,0.1434464421319231,0.15028901734104047,2,0,,,,,,,,,,,,,,,,,,,
spherical_g2_d2_s3,1200,2,spherical,2,2026092713,5,50,1,hgp_first_coverage,0.042896115969252885,0.4311168460925531,0.04219782994498602,0.042896115969252885,2,0.31166666666666665,0.09690469437637028,826,,,,0.5267664870329032,0,0.0,0,0,0.8278248384781048,0.25833333333333336,0.3934886349872825,0.39390088945362134,2,0,0.6668511251866088,0,0.6668511251866088,0,0.3934886349872825,0,929,929,3,2,535,391,1200,0,837.556565,162.73636400001124,21.493976000783732,,
spherical_g2_d2_s3,1200,2,spherical,2,2026092713,5,50,1,hdbscan_common,0.0,,0.0,0.0,0,0.0,0.0,1200,,,,0.5028820431058518,0,0.0,-2,2,0.0,0.0,0.0,0.0,2,0,0.667224601072743,0,0.667224601072743,0,0.0,0,1199,1039,1,0,248,790,1200,0,,,26.117546996829333,True,True
spherical_g2_d2_s3,1200,2,spherical,2,2026092713,5,50,2,hgp_first_coverage,0.042896115969252885,0.4311168460925531,0.04219782994498602,0.042896115969252885,2,0.31166666666666665,0.09690469437637028,826,,,,0.5267664870329032,0,0.0,0,0,0.8278248384781048,0.25833333333333336,0.3934886349872825,0.39390088945362134,2,0,0.6668511251866088,0,0.6668511251866088,0,0.3934886349872825,0,929,929,3,2,535,391,1200,0,837.556565,162.73636400001124,21.059385002445197,,
spherical_g2_d2_s3,1200,2,spherical,2,2026092713,5,50,2,hdbscan_common,0.0,,0.0,0.0,0,0.0,0.0,1200,,,,0.5028820431058518,0,0.0,-2,2,0.0,0.0,0.0,0.0,2,0,0.667224601072743,0,0.667224601072743,0,0.0,0,1199,1039,1,0,248,790,1200,0,,,24.23491700028535,True,True
spherical_g2_d2_s3,1200,2,spherical,2,2026092713,5,50,1,hdbscan_standard,0.0,,0.0,0.0,0,0.0,0.0,1200,,,,0.5028820431058518,0,0.0,-2,2,0.0,0.0,0.0,0.0,2,0,,,,,,,,,,,,,,,,,,,
spherical_g2_d2_s3,1200,2,spherical,2,2026092713,5,100,1,hgp_first_coverage,0.042896115969252885,0.4311168460925531,0.04219782994498602,0.042896115969252885,2,0.31166666666666665,0.09690469437637028,826,,,,0.5267664870329032,0,0.0,0,0,0.8278248384781048,0.25833333333333336,0.3934886349872825,0.39390088945362134,2,0,0.6668511251866088,0,0.6668511251866088,0,0.3934886349872825,0,929,929,3,2,549,377,1200,0,837.556565,162.73636400001124,24.08844299861812,,
spherical_g2_d2_s3,1200,2,spherical,2,2026092713,5,100,1,hdbscan_common,0.0,,0.0,0.0,0,0.0,0.0,1200,,,,0.5028820431058518,0,0.0,-2,2,0.0,0.0,0.0,0.0,2,0,0.667224601072743,0,0.667224601072743,0,0.0,0,1199,1039,1,0,253,785,1200,0,,,27.667375998134958,True,True
spherical_g2_d2_s3,1200,2,spherical,2,2026092713,5,100,2,hgp_first_coverage,0.042896115969252885,0.4311168460925531,0.04219782994498602,0.042896115969252885,2,0.31166666666666665,0.09690469437637028,826,,,,0.5267664870329032,0,0.0,0,0,0.8278248384781048,0.25833333333333336,0.3934886349872825,0.39390088945362134,2,0,0.6668511251866088,0,0.6668511251866088,0,0.3934886349872825,0,929,929,3,2,549,377,1200,0,837.556565,162.73636400001124,20.92065700344392,,
spherical_g2_d2_s3,1200,2,spherical,2,2026092713,5,100,2,hdbscan_common,0.0,,0.0,0.0,0,0.0,0.0,1200,,,,0.5028820431058518,0,0.0,-2,2,0.0,0.0,0.0,0.0,2,0,0.667224601072743,0,0.667224601072743,0,0.0,0,1199,1039,1,0,253,785,1200,0,,,24.65101200141362,True,True
spherical_g2_d2_s3,1200,2,spherical,2,2026092713,5,100,1,hdbscan_standard,0.0,,0.0,0.0,0,0.0,0.0,1200,,,,0.5028820431058518,0,0.0,-2,2,0.0,0.0,0.0,0.0,2,0,,,,,,,,,,,,,,,,,,,
spherical_g2_d2_s3,1200,2,spherical,2,2026092713,10,10,1,hgp_first_coverage,0.008485334501684328,0.04602008534004442,0.008812115065368721,0.008485334501684328,27,0.43833333333333335,0.09512806928479059,674,,,,0.5267336635129379,0,0.0,25,25,0.9461979913916786,0.07250000000000001,0.1345751525913571,0.10081112398609501,2,0,0.6670365128891564,0,0.6670365128891564,0,0.591002044989775,0,886,886,53,52,249,584,1200,0,3395.286793,1403.1720079983643,22.670268997899257,,
spherical_g2_d2_s3,1200,2,spherical,2,2026092713,10,10,1,hdbscan_common,0.00390239956724214,0.23813421525983253,0.004097961779708802,0.00390239956724214,5,0.1325,0.04895453567314005,1041,,,,0.5039299167175751,0,0.0,3,3,0.8345771144278606,0.07166666666666667,0.13112783231025998,0.12656364974245768,2,0,0.6674096820572993,0,0.6674096820572993,0,0.250936329588015,0,1199,1124,9,8,57,1058,1200,0,,,24.68723999845679,False,True
spherical_g2_d2_s3,1200,2,spherical,2,2026092713,10,10,2,hgp_first_coverage,0.008485334501684328,0.04602008534004442,0.008812115065368721,0.008485334501684328,27,0.43833333333333335,0.09512806928479059,674,,,,0.5267336635129379,0,0.0,25,25,0.9461979913916786,0.07250000000000001,0.1345751525913571,0.10081112398609501,2,0,0.6670365128891564,0,0.6670365128891564,0,0.591002044989775,0,886,886,53,52,249,584,1200,0,3395.286793,1403.1720079983643,20.922409999911906,,
spherical_g2_d2_s3,1200,2,spherical,2,2026092713,10,10,2,hdbscan_common,0.00390239956724214,0.23813421525983253,0.004097961779708802,0.00390239956724214,5,0.1325,0.04895453567314005,1041,,,,0.5039299167175751,0,0.0,3,3,0.8345771144278606,0.07166666666666667,0.13112783231025998,0.12656364974245768,2,0,0.6674096820572993,0,0.6674096820572993,0,0.250936329588015,0,1199,1124,9,8,57,1058,1200,0,,,25.302556998212822,False,True
spherical_g2_d2_s3,1200,2,spherical,2,2026092713,10,10,1,hdbscan_standard,0.004165481430950705,0.24118497365720726,0.004365408865504086,0.004165481430950705,5,0.13583333333333333,0.05105262185756591,1037,,,,0.5039299167175751,0,0.0,3,3,0.8380365659777425,0.07333333333333333,0.1339949614115568,0.12912692589875274,2,0,,,,,,,,,,,,,,,,,,,
spherical_g2_d2_s3,1200,2,spherical,2,2026092713,10,20,1,hgp_first_coverage,-0.0007833559466918666,-0.00018507163936607677,-0.00040264164297404913,-0.0007833559466918666,2,0.5325,7.92128231940914e-05,561,,,,0.5267336635129379,0,0.0,0,0,0.5117102396514162,0.26916666666666667,0.2772790436938431,0.3512778684067428,2,0,0.6670365128891564,0,0.6670365128891564,0,0.504950495049505,0,886,886,17,16,351,518,1200,0,3395.286793,1403.1720079983643,20.765057000971865,,
spherical_g2_d2_s3,1200,2,spherical,2,2026092713,10,20,1,hdbscan_common,0.003139939098998945,0.23689372724204857,0.0032846056119838728,0.003139939098998945,3,0.11916666666666667,0.03866171788435936,1057,,,,0.5039299167175751,0,0.0,1,1,0.787037037037037,0.07500000000000001,0.13527553819300142,0.1340282948622487,2,0,0.6674096820572993,0,0.6674096820572993,0,0.17642908016565986,0,1199,1124,5,4,92,1027,1200,0,,,24.335894002433633,False,True
spherical_g2_d2_s3,1200,2,spherical,2,2026092713,10,20,2,hgp_first_coverage,-0.0007833559466918666,-0.00018507163936607677,-0.00040264164297404913,-0.0007833559466918666,2,0.5325,7.92128231940914e-05,561,,,,0.5267336635129379,0,0.0,0,0,0.5117102396514162,0.26916666666666667,0.2772790436938431,0.3512778684067428,2,0,0.6670365128891564,0,0.6670365128891564,0,0.504950495049505,0,886,886,17,16,351,518,1200,0,3395.286793,1403.1720079983643,20.29059199776384,,
spherical_g2_d2_s3,1200,2,spherical,2,2026092713,10,20,2,hdbscan_common,0.003139939098998945,0.23689372724204857,0.0032846056119838728,0.003139939098998945,3,0.11916666666666667,0.03866171788435936,1057,,,,0.5039299167175751,0,0.0,1,1,0.787037037037037,0.07500000000000001,0.13527553819300142,0.1340282948622487,2,0,0.6674096820572993,0,0.6674096820572993,0,0.17642908016565986,0,1199,1124,5,4,92,1027,1200,0,,,26.529184000537498,False,True
spherical_g2_d2_s3,1200,2,spherical,2,2026092713,10,20,1,hdbscan_standard,0.0032935969843129213,0.23785930198424346,0.003407174072578505,0.0032935969843129213,3,0.12083333333333333,0.040018864871577485,1055,,,,0.5039299167175751,0,0.0,1,1,0.7892892892892893,0.07583333333333334,0.13677134696643822,0.13531598513011153,2,0,,,,,,,,,,,,,,,,,,,
spherical_g2_d2_s3,1200,2,spherical,2,2026092713,10,50,1,hgp_first_coverage,0.043140769321129896,0.4191763743715172,0.04342616982467374,0.043140769321129896,2,0.3225,0.09753536554574273,813,,,,0.5267336635129379,0,0.0,0,0,0.8297297297297297,0.26583333333333337,0.4010400267162826,0.4020163831127914,2,0,0.6670365128891564,0,0.6670365128891564,0,0.40104002671628264,0,886,886,3,2,393,490,1200,0,3395.286793,1403.1720079983643,20.091540998691926,,
spherical_g2_d2_s3,1200,2,spherical,2,2026092713,10,50,1,hdbscan_common,0.005379237355272799,0.35244043372327577,0.005399491705907694,0.005379237355272799,2,0.12416666666666666,0.04391679863621012,1051,,,,0.5039299167175751,0,0.0,0,0,0.8041938997821351,0.09916666666666667,0.1764290801656599,0.17642698295033357,2,0,0.6674096820572993,0,0.6674096820572993,0,0.17642908016565986,0,1199,1124,3,2,125,996,1200,0,,,27.052039000409422,True,True
spherical_g2_d2_s3,1200,2,spherical,2,2026092713,10,50,2,hgp_first_coverage,0.043140769321129896,0.4191763743715172,0.04342616982467374,0.043140769321129896,2,0.3225,0.09753536554574273,813,,,,0.5267336635129379,0,0.0,0,0,0.8297297297297297,0.26583333333333337,0.4010400267162826,0.4020163831127914,2,0,0.6670365128891564,0,0.6670365128891564,0,0.40104002671628264,0,886,886,3,2,393,490,1200,0,3395.286793,1403.1720079983643,19.78262500051642,,
spherical_g2_d2_s3,1200,2,spherical,2,2026092713,10,50,2,hdbscan_common,0.005379237355272799,0.35244043372327577,0.005399491705907694,0.005379237355272799,2,0.12416666666666666,0.04391679863621012,1051,,,,0.5039299167175751,0,0.0,0,0,0.8041938997821351,0.09916666666666667,0.1764290801656599,0.17642698295033357,2,0,0.6674096820572993,0,0.6674096820572993,0,0.17642908016565986,0,1199,1124,3,2,125,996,1200,0,,,26.18281800096156,True,True
spherical_g2_d2_s3,1200,2,spherical,2,2026092713,10,50,1,hdbscan_standard,0.005379237355272799,0.35244043372327577,0.005399491705907694,0.005379237355272799,2,0.12416666666666666,0.04391679863621012,1051,,,,0.5039299167175751,0,0.0,0,0,0.8041938997821351,0.09916666666666667,0.1764290801656599,0.17642698295033357,2,0,,,,,,,,,,,,,,,,,,,
spherical_g2_d2_s3,1200,2,spherical,2,2026092713,10,100,1,hgp_first_coverage,0.043140769321129896,0.4191763743715172,0.04342616982467374,0.043140769321129896,2,0.3225,0.09753536554574273,813,,,,0.5267336635129379,0,0.0,0,0,0.8297297297297297,0.26583333333333337,0.4010400267162826,0.4020163831127914,2,0,0.6670365128891564,0,0.6670365128891564,0,0.40104002671628264,0,886,886,3,2,407,476,1200,0,3395.286793,1403.1720079983643,19.92533100201399,,
spherical_g2_d2_s3,1200,2,spherical,2,2026092713,10,100,1,hdbscan_common,0.0,,0.0,0.0,0,0.0,0.0,1200,,,,0.5039299167175751,0,0.0,-2,2,0.0,0.0,0.0,0.0,2,0,0.6674096820572993,0,0.6674096820572993,0,0.0,0,1199,1124,1,0,144,979,1200,0,,,25.589131000742782,True,True
spherical_g2_d2_s3,1200,2,spherical,2,2026092713,10,100,2,hgp_first_coverage,0.043140769321129896,0.4191763743715172,0.04342616982467374,0.043140769321129896,2,0.3225,0.09753536554574273,813,,,,0.5267336635129379,0,0.0,0,0,0.8297297297297297,0.26583333333333337,0.4010400267162826,0.4020163831127914,2,0,0.6670365128891564,0,0.6670365128891564,0,0.40104002671628264,0,886,886,3,2,407,476,1200,0,3395.286793,1403.1720079983643,20.680909998191055,,
spherical_g2_d2_s3,1200,2,spherical,2,2026092713,10,100,2,hdbscan_common,0.0,,0.0,0.0,0,0.0,0.0,1200,,,,0.5039299167175751,0,0.0,-2,2,0.0,0.0,0.0,0.0,2,0,0.6674096820572993,0,0.6674096820572993,0,0.0,0,1199,1124,1,0,144,979,1200,0,,,26.135290001548128,True,True
spherical_g2_d2_s3,1200,2,spherical,2,2026092713,10,100,1,hdbscan_standard,0.0,,0.0,0.0,0,0.0,0.0,1200,,,,0.5039299167175751,0,0.0,-2,2,0.0,0.0,0.0,0.0,2,0,,,,,,,,,,,,,,,,,,,
spherical_g4_d8_s1,1200,4,spherical,8,2026092711,5,10,1,hgp_first_coverage,1.0,1.0,1.0,1.0,4,1.0,1.0,0,,,,1.0,4,1.0,0,0,1.0,1.0,1.0,1.0,4,0,1.0,4,1.0,4,1.0,4,963,963,53,52,386,524,1200,0,626.89942,257.470597000065,22.69549599805032,,
spherical_g4_d8_s1,1200,4,spherical,8,2026092711,5,10,1,hdbscan_common,1.0,1.0,1.0,1.0,4,1.0,1.0,0,,,,1.0,4,1.0,0,0,1.0,1.0,1.0,1.0,4,0,1.0,4,1.0,4,1.0,4,1199,1065,19,18,141,905,1200,0,,,26.371949999884237,True,True
spherical_g4_d8_s1,1200,4,spherical,8,2026092711,5,10,2,hgp_first_coverage,1.0,1.0,1.0,1.0,4,1.0,1.0,0,,,,1.0,4,1.0,0,0,1.0,1.0,1.0,1.0,4,0,1.0,4,1.0,4,1.0,4,963,963,53,52,386,524,1200,0,626.89942,257.470597000065,23.681443999521434,,
spherical_g4_d8_s1,1200,4,spherical,8,2026092711,5,10,2,hdbscan_common,1.0,1.0,1.0,1.0,4,1.0,1.0,0,,,,1.0,4,1.0,0,0,1.0,1.0,1.0,1.0,4,0,1.0,4,1.0,4,1.0,4,1199,1065,19,18,141,905,1200,0,,,26.884786999289645,True,True
spherical_g4_d8_s1,1200,4,spherical,8,2026092711,5,10,1,hdbscan_standard,1.0,1.0,1.0,1.0,4,1.0,1.0,0,,,,1.0,4,1.0,0,0,1.0,1.0,1.0,1.0,4,0,,,,,,,,,,,,,,,,,,,
spherical_g4_d8_s1,1200,4,spherical,8,2026092711,5,20,1,hgp_first_coverage,1.0,1.0,1.0,1.0,4,1.0,1.0,0,,,,1.0,4,1.0,0,0,1.0,1.0,1.0,1.0,4,0,1.0,4,1.0,4,1.0,4,963,963,19,18,480,464,1200,0,626.89942,257.470597000065,34.00443599821301,,
spherical_g4_d8_s1,1200,4,spherical,8,2026092711,5,20,1,hdbscan_common,1.0,1.0,1.0,1.0,4,1.0,1.0,0,,,,1.0,4,1.0,0,0,1.0,1.0,1.0,1.0,4,0,1.0,4,1.0,4,1.0,4,1199,1065,9,8,191,865,1200,0,,,25.31086299859453,True,True
spherical_g4_d8_s1,1200,4,spherical,8,2026092711,5,20,2,hgp_first_coverage,1.0,1.0,1.0,1.0,4,1.0,1.0,0,,,,1.0,4,1.0,0,0,1.0,1.0,1.0,1.0,4,0,1.0,4,1.0,4,1.0,4,963,963,19,18,480,464,1200,0,626.89942,257.470597000065,24.76495500013698,,
spherical_g4_d8_s1,1200,4,spherical,8,2026092711,5,20,2,hdbscan_common,1.0,1.0,1.0,1.0,4,1.0,1.0,0,,,,1.0,4,1.0,0,0,1.0,1.0,1.0,1.0,4,0,1.0,4,1.0,4,1.0,4,1199,1065,9,8,191,865,1200,0,,,25.008447999425698,True,True
spherical_g4_d8_s1,1200,4,spherical,8,2026092711,5,20,1,hdbscan_standard,1.0,1.0,1.0,1.0,4,1.0,1.0,0,,,,1.0,4,1.0,0,0,1.0,1.0,1.0,1.0,4,0,,,,,,,,,,,,,,,,,,,
spherical_g4_d8_s1,1200,4,spherical,8,2026092711,5,50,1,hgp_first_coverage,1.0,1.0,1.0,1.0,4,1.0,1.0,0,,,,1.0,4,1.0,0,0,1.0,1.0,1.0,1.0,4,0,1.0,4,1.0,4,1.0,4,963,963,7,6,527,429,1200,0,626.89942,257.470597000065,21.118075001140824,,
spherical_g4_d8_s1,1200,4,spherical,8,2026092711,5,50,1,hdbscan_common,1.0,1.0,1.0,1.0,4,1.0,1.0,0,,,,1.0,4,1.0,0,0,1.0,1.0,1.0,1.0,4,0,1.0,4,1.0,4,1.0,4,1199,1065,7,6,258,800,1200,0,,,24.928629001806257,True,True
spherical_g4_d8_s1,1200,4,spherical,8,2026092711,5,50,2,hgp_first_coverage,1.0,1.0,1.0,1.0,4,1.0,1.0,0,,,,1.0,4,1.0,0,0,1.0,1.0,1.0,1.0,4,0,1.0,4,1.0,4,1.0,4,963,963,7,6,527,429,1200,0,626.89942,257.470597000065,23.112314000172773,,
spherical_g4_d8_s1,1200,4,spherical,8,2026092711,5,50,2,hdbscan_common,1.0,1.0,1.0,1.0,4,1.0,1.0,0,,,,1.0,4,1.0,0,0,1.0,1.0,1.0,1.0,4,0,1.0,4,1.0,4,1.0,4,1199,1065,7,6,258,800,1200,0,,,24.944470002083108,True,True
spherical_g4_d8_s1,1200,4,spherical,8,2026092711,5,50,1,hdbscan_standard,1.0,1.0,1.0,1.0,4,1.0,1.0,0,,,,1.0,4,1.0,0,0,1.0,1.0,1.0,1.0,4,0,,,,,,,,,,,,,,,,,,,
spherical_g4_d8_s1,1200,4,spherical,8,2026092711,5,100,1,hgp_first_coverage,1.0,1.0,1.0,1.0,4,1.0,1.0,0,,,,1.0,4,1.0,0,0,1.0,1.0,1.0,1.0,4,0,1.0,4,1.0,4,1.0,4,963,963,7,6,578,378,1200,0,626.89942,257.470597000065,21.911513998929877,,
spherical_g4_d8_s1,1200,4,spherical,8,2026092711,5,100,1,hdbscan_common,1.0,1.0,1.0,1.0,4,1.0,1.0,0,,,,1.0,4,1.0,0,0,1.0,1.0,1.0,1.0,4,0,1.0,4,1.0,4,1.0,4,1199,1065,7,6,374,684,1200,0,,,25.698004003061214,True,True
spherical_g4_d8_s1,1200,4,spherical,8,2026092711,5,100,2,hgp_first_coverage,1.0,1.0,1.0,1.0,4,1.0,1.0,0,,,,1.0,4,1.0,0,0,1.0,1.0,1.0,1.0,4,0,1.0,4,1.0,4,1.0,4,963,963,7,6,578,378,1200,0,626.89942,257.470597000065,29.305310003110208,,
spherical_g4_d8_s1,1200,4,spherical,8,2026092711,5,100,2,hdbscan_common,1.0,1.0,1.0,1.0,4,1.0,1.0,0,,,,1.0,4,1.0,0,0,1.0,1.0,1.0,1.0,4,0,1.0,4,1.0,4,1.0,4,1199,1065,7,6,374,684,1200,0,,,24.339100000361213,True,True
spherical_g4_d8_s1,1200,4,spherical,8,2026092711,5,100,1,hdbscan_standard,1.0,1.0,1.0,1.0,4,1.0,1.0,0,,,,1.0,4,1.0,0,0,1.0,1.0,1.0,1.0,4,0,,,,,,,,,,,,,,,,,,,
spherical_g4_d8_s1,1200,4,spherical,8,2026092711,10,10,1,hgp_first_coverage,1.0,1.0,1.0,1.0,4,1.0,1.0,0,,,,1.0,4,1.0,0,0,1.0,1.0,1.0,1.0,4,0,1.0,4,1.0,4,1.0,4,944,944,41,40,239,664,1200,0,2492.327874,681.0144890005176,23.089559999789344,,
spherical_g4_d8_s1,1200,4,spherical,8,2026092711,10,10,1,hdbscan_common,0.998889196673334,1.0,0.998889196673334,0.998889196673334,4,0.9991666666666666,0.9979896524377665,1,,,,0.99875,3,0.75,0,0,1.0,0.9991666666666666,0.9995826377295493,0.9995831596498541,4,0,0.9995826377295493,3,0.9995826377295493,3,0.9995826377295493,3,1199,1131,11,10,65,1055,1200,0,,,26.608081003359985,True,True
spherical_g4_d8_s1,1200,4,spherical,8,2026092711,10,10,2,hgp_first_coverage,1.0,1.0,1.0,1.0,4,1.0,1.0,0,,,,1.0,4,1.0,0,0,1.0,1.0,1.0,1.0,4,0,1.0,4,1.0,4,1.0,4,944,944,41,40,239,664,1200,0,2492.327874,681.0144890005176,24.203418000979582,,
spherical_g4_d8_s1,1200,4,spherical,8,2026092711,10,10,2,hdbscan_common,0.998889196673334,1.0,0.998889196673334,0.998889196673334,4,0.9991666666666666,0.9979896524377665,1,,,,0.99875,3,0.75,0,0,1.0,0.9991666666666666,0.9995826377295493,0.9995831596498541,4,0,0.9995826377295493,3,0.9995826377295493,3,0.9995826377295493,3,1199,1131,11,10,65,1055,1200,0,,,27.126537999720313,True,True
spherical_g4_d8_s1,1200,4,spherical,8,2026092711,10,10,1,hdbscan_standard,0.998889196673334,1.0,0.998889196673334,0.998889196673334,4,0.9991666666666666,0.9979896524377665,1,,,,0.99875,3,0.75,0,0,1.0,0.9991666666666666,0.9995826377295493,0.9995831596498541,4,0,,,,,,,,,,,,,,,,,,,
spherical_g4_d8_s1,1200,4,spherical,8,2026092711,10,20,1,hgp_first_coverage,1.0,1.0,1.0,1.0,4,1.0,1.0,0,,,,1.0,4,1.0,0,0,1.0,1.0,1.0,1.0,4,0,1.0,4,1.0,4,1.0,4,944,944,21,20,333,590,1200,0,2492.327874,681.0144890005176,21.326633999706246,,
spherical_g4_d8_s1,1200,4,spherical,8,2026092711,10,20,1,hdbscan_common,0.998889196673334,1.0,0.998889196673334,0.998889196673334,4,0.9991666666666666,0.9979896524377665,1,,,,0.99875,3,0.75,0,0,1.0,0.9991666666666666,0.9995826377295493,0.9995831596498541,4,0,0.9995826377295493,3,0.9995826377295493,3,0.9995826377295493,3,1199,1131,7,6,102,1022,1200,0,,,25.121128997852793,True,True
spherical_g4_d8_s1,1200,4,spherical,8,2026092711,10,20,2,hgp_first_coverage,1.0,1.0,1.0,1.0,4,1.0,1.0,0,,,,1.0,4,1.0,0,0,1.0,1.0,1.0,1.0,4,0,1.0,4,1.0,4,1.0,4,944,944,21,20,333,590,1200,0,2492.327874,681.0144890005176,22.49679599844967,,
spherical_g4_d8_s1,1200,4,spherical,8,2026092711,10,20,2,hdbscan_common,0.998889196673334,1.0,0.998889196673334,0.998889196673334,4,0.9991666666666666,0.9979896524377665,1,,,,0.99875,3,0.75,0,0,1.0,0.9991666666666666,0.9995826377295493,0.9995831596498541,4,0,0.9995826377295493,3,0.9995826377295493,3,0.9995826377295493,3,1199,1131,7,6,102,1022,1200,0,,,29.963626999233384,True,True
spherical_g4_d8_s1,1200,4,spherical,8,2026092711,10,20,1,hdbscan_standard,0.998889196673334,1.0,0.998889196673334,0.998889196673334,4,0.9991666666666666,0.9979896524377665,1,,,,0.99875,3,0.75,0,0,1.0,0.9991666666666666,0.9995826377295493,0.9995831596498541,4,0,,,,,,,,,,,,,,,,,,,
spherical_g4_d8_s1,1200,4,spherical,8,2026092711,10,50,1,hgp_first_coverage,1.0,1.0,1.0,1.0,4,1.0,1.0,0,,,,1.0,4,1.0,0,0,1.0,1.0,1.0,1.0,4,0,1.0,4,1.0,4,1.0,4,944,944,7,6,404,533,1200,0,2492.327874,681.0144890005176,20.83858399782912,,
spherical_g4_d8_s1,1200,4,spherical,8,2026092711,10,50,1,hdbscan_common,0.998889196673334,1.0,0.998889196673334,0.998889196673334,4,0.9991666666666666,0.9979896524377665,1,,,,0.99875,3,0.75,0,0,1.0,0.9991666666666666,0.9995826377295493,0.9995831596498541,4,0,0.9995826377295493,3,0.9995826377295493,3,0.9995826377295493,3,1199,1131,7,6,207,917,1200,0,,,25.21075600088807,True,True
spherical_g4_d8_s1,1200,4,spherical,8,2026092711,10,50,2,hgp_first_coverage,1.0,1.0,1.0,1.0,4,1.0,1.0,0,,,,1.0,4,1.0,0,0,1.0,1.0,1.0,1.0,4,0,1.0,4,1.0,4,1.0,4,944,944,7,6,404,533,1200,0,2492.327874,681.0144890005176,23.10650200161035,,
spherical_g4_d8_s1,1200,4,spherical,8,2026092711,10,50,2,hdbscan_common,0.998889196673334,1.0,0.998889196673334,0.998889196673334,4,0.9991666666666666,0.9979896524377665,1,,,,0.99875,3,0.75,0,0,1.0,0.9991666666666666,0.9995826377295493,0.9995831596498541,4,0,0.9995826377295493,3,0.9995826377295493,3,0.9995826377295493,3,1199,1131,7,6,207,917,1200,0,,,24.469853997288737,True,True
spherical_g4_d8_s1,1200,4,spherical,8,2026092711,10,50,1,hdbscan_standard,0.998889196673334,1.0,0.998889196673334,0.998889196673334,4,0.9991666666666666,0.9979896524377665,1,,,,0.99875,3,0.75,0,0,1.0,0.9991666666666666,0.9995826377295493,0.9995831596498541,4,0,,,,,,,,,,,,,,,,,,,
spherical_g4_d8_s1,1200,4,spherical,8,2026092711,10,100,1,hgp_first_coverage,1.0,1.0,1.0,1.0,4,1.0,1.0,0,,,,1.0,4,1.0,0,0,1.0,1.0,1.0,1.0,4,0,1.0,4,1.0,4,1.0,4,944,944,7,6,478,459,1200,0,2492.327874,681.0144890005176,22.183610999491066,,
spherical_g4_d8_s1,1200,4,spherical,8,2026092711,10,100,1,hdbscan_common,0.998889196673334,1.0,0.998889196673334,0.998889196673334,4,0.9991666666666666,0.9979896524377665,1,,,,0.99875,3,0.75,0,0,1.0,0.9991666666666666,0.9995826377295493,0.9995831596498541,4,0,0.9995826377295493,3,0.9995826377295493,3,0.9995826377295493,3,1199,1131,7,6,347,777,1200,0,,,24.447411997243762,True,True
spherical_g4_d8_s1,1200,4,spherical,8,2026092711,10,100,2,hgp_first_coverage,1.0,1.0,1.0,1.0,4,1.0,1.0,0,,,,1.0,4,1.0,0,0,1.0,1.0,1.0,1.0,4,0,1.0,4,1.0,4,1.0,4,944,944,7,6,478,459,1200,0,2492.327874,681.0144890005176,24.44348499921034,,
spherical_g4_d8_s1,1200,4,spherical,8,2026092711,10,100,2,hdbscan_common,0.998889196673334,1.0,0.998889196673334,0.998889196673334,4,0.9991666666666666,0.9979896524377665,1,,,,0.99875,3,0.75,0,0,1.0,0.9991666666666666,0.9995826377295493,0.9995831596498541,4,0,0.9995826377295493,3,0.9995826377295493,3,0.9995826377295493,3,1199,1131,7,6,347,777,1200,0,,,42.56593399986741,True,True
spherical_g4_d8_s1,1200,4,spherical,8,2026092711,10,100,1,hdbscan_standard,0.998889196673334,1.0,0.998889196673334,0.998889196673334,4,0.9991666666666666,0.9979896524377665,1,,,,0.99875,3,0.75,0,0,1.0,0.9991666666666666,0.9995826377295493,0.9995831596498541,4,0,,,,,,,,,,,,,,,,,,,
spherical_g4_d8_s2,1200,4,spherical,8,2026092712,5,10,1,hgp_first_coverage,1.0,1.0,1.0,1.0,4,1.0,1.0,0,,,,1.0,4,1.0,0,0,1.0,1.0,1.0,1.0,4,0,1.0,4,1.0,4,1.0,4,921,921,53,52,365,503,1200,0,718.051063,144.55309200275224,22.28505099992617,,
spherical_g4_d8_s2,1200,4,spherical,8,2026092712,5,10,1,hdbscan_common,1.0,1.0,1.0,1.0,4,1.0,1.0,0,,,,1.0,4,1.0,0,0,1.0,1.0,1.0,1.0,4,0,1.0,4,1.0,4,1.0,4,1199,1050,25,24,192,833,1200,0,,,25.482843000645516,True,True
spherical_g4_d8_s2,1200,4,spherical,8,2026092712,5,10,2,hgp_first_coverage,1.0,1.0,1.0,1.0,4,1.0,1.0,0,,,,1.0,4,1.0,0,0,1.0,1.0,1.0,1.0,4,0,1.0,4,1.0,4,1.0,4,921,921,53,52,365,503,1200,0,718.051063,144.55309200275224,21.851872999832267,,
spherical_g4_d8_s2,1200,4,spherical,8,2026092712,5,10,2,hdbscan_common,1.0,1.0,1.0,1.0,4,1.0,1.0,0,,,,1.0,4,1.0,0,0,1.0,1.0,1.0,1.0,4,0,1.0,4,1.0,4,1.0,4,1199,1050,25,24,192,833,1200,0,,,24.472219000017503,True,True
spherical_g4_d8_s2,1200,4,spherical,8,2026092712,5,10,1,hdbscan_standard,1.0,1.0,1.0,1.0,4,1.0,1.0,0,,,,1.0,4,1.0,0,0,1.0,1.0,1.0,1.0,4,0,,,,,,,,,,,,,,,,,,,
spherical_g4_d8_s2,1200,4,spherical,8,2026092712,5,20,1,hgp_first_coverage,1.0,1.0,1.0,1.0,4,1.0,1.0,0,,,,1.0,4,1.0,0,0,1.0,1.0,1.0,1.0,4,0,1.0,4,1.0,4,1.0,4,921,921,21,20,450,450,1200,0,718.051063,144.55309200275224,23.174288999143755,,
spherical_g4_d8_s2,1200,4,spherical,8,2026092712,5,20,1,hdbscan_common,1.0,1.0,1.0,1.0,4,1.0,1.0,0,,,,1.0,4,1.0,0,0,1.0,1.0,1.0,1.0,4,0,1.0,4,1.0,4,1.0,4,1199,1050,9,8,236,805,1200,0,,,23.941389001265634,True,True
spherical_g4_d8_s2,1200,4,spherical,8,2026092712,5,20,2,hgp_first_coverage,1.0,1.0,1.0,1.0,4,1.0,1.0,0,,,,1.0,4,1.0,0,0,1.0,1.0,1.0,1.0,4,0,1.0,4,1.0,4,1.0,4,921,921,21,20,450,450,1200,0,718.051063,144.55309200275224,21.32566200089059,,
spherical_g4_d8_s2,1200,4,spherical,8,2026092712,5,20,2,hdbscan_common,1.0,1.0,1.0,1.0,4,1.0,1.0,0,,,,1.0,4,1.0,0,0,1.0,1.0,1.0,1.0,4,0,1.0,4,1.0,4,1.0,4,1199,1050,9,8,236,805,1200,0,,,25.132579998171423,True,True
spherical_g4_d8_s2,1200,4,spherical,8,2026092712,5,20,1,hdbscan_standard,1.0,1.0,1.0,1.0,4,1.0,1.0,0,,,,1.0,4,1.0,0,0,1.0,1.0,1.0,1.0,4,0,,,,,,,,,,,,,,,,,,,
spherical_g4_d8_s2,1200,4,spherical,8,2026092712,5,50,1,hgp_first_coverage,1.0,1.0,1.0,1.0,4,1.0,1.0,0,,,,1.0,4,1.0,0,0,1.0,1.0,1.0,1.0,4,0,1.0,4,1.0,4,1.0,4,921,921,7,6,491,423,1200,0,718.051063,144.55309200275224,20.433549001609208,,
spherical_g4_d8_s2,1200,4,spherical,8,2026092712,5,50,1,hdbscan_common,1.0,1.0,1.0,1.0,4,1.0,1.0,0,,,,1.0,4,1.0,0,0,1.0,1.0,1.0,1.0,4,0,1.0,4,1.0,4,1.0,4,1199,1050,7,6,279,764,1200,0,,,24.03423199939425,True,True
spherical_g4_d8_s2,1200,4,spherical,8,2026092712,5,50,2,hgp_first_coverage,1.0,1.0,1.0,1.0,4,1.0,1.0,0,,,,1.0,4,1.0,0,0,1.0,1.0,1.0,1.0,4,0,1.0,4,1.0,4,1.0,4,921,921,7,6,491,423,1200,0,718.051063,144.55309200275224,22.186776997841662,,
spherical_g4_d8_s2,1200,4,spherical,8,2026092712,5,50,2,hdbscan_common,1.0,1.0,1.0,1.0,4,1.0,1.0,0,,,,1.0,4,1.0,0,0,1.0,1.0,1.0,1.0,4,0,1.0,4,1.0,4,1.0,4,1199,1050,7,6,279,764,1200,0,,,147.53240599748096,True,True
spherical_g4_d8_s2,1200,4,spherical,8,2026092712,5,50,1,hdbscan_standard,1.0,1.0,1.0,1.0,4,1.0,1.0,0,,,,1.0,4,1.0,0,0,1.0,1.0,1.0,1.0,4,0,,,,,,,,,,,,,,,,,,,
spherical_g4_d8_s2,1200,4,spherical,8,2026092712,5,100,1,hgp_first_coverage,1.0,1.0,1.0,1.0,4,1.0,1.0,0,,,,1.0,4,1.0,0,0,1.0,1.0,1.0,1.0,4,0,1.0,4,1.0,4,1.0,4,921,921,7,6,526,388,1200,0,718.051063,144.55309200275224,22.472649998235283,,
spherical_g4_d8_s2,1200,4,spherical,8,2026092712,5,100,1,hdbscan_common,1.0,1.0,1.0,1.0,4,1.0,1.0,0,,,,1.0,4,1.0,0,0,1.0,1.0,1.0,1.0,4,0,1.0,4,1.0,4,1.0,4,1199,1050,7,6,385,658,1200,0,,,25.189925996528473,True,True
spherical_g4_d8_s2,1200,4,spherical,8,2026092712,5,100,2,hgp_first_coverage,1.0,1.0,1.0,1.0,4,1.0,1.0,0,,,,1.0,4,1.0,0,0,1.0,1.0,1.0,1.0,4,0,1.0,4,1.0,4,1.0,4,921,921,7,6,526,388,1200,0,718.051063,144.55309200275224,21.445496000524145,,
spherical_g4_d8_s2,1200,4,spherical,8,2026092712,5,100,2,hdbscan_common,1.0,1.0,1.0,1.0,4,1.0,1.0,0,,,,1.0,4,1.0,0,0,1.0,1.0,1.0,1.0,4,0,1.0,4,1.0,4,1.0,4,1199,1050,7,6,385,658,1200,0,,,24.419299999863142,True,True
spherical_g4_d8_s2,1200,4,spherical,8,2026092712,5,100,1,hdbscan_standard,1.0,1.0,1.0,1.0,4,1.0,1.0,0,,,,1.0,4,1.0,0,0,1.0,1.0,1.0,1.0,4,0,,,,,,,,,,,,,,,,,,,
spherical_g4_d8_s2,1200,4,spherical,8,2026092712,10,10,1,hgp_first_coverage,1.0,1.0,1.0,1.0,4,1.0,1.0,0,,,,1.0,4,1.0,0,0,1.0,1.0,1.0,1.0,4,0,1.0,4,1.0,4,1.0,4,915,915,41,40,257,617,1200,0,2682.262594,681.464748999133,21.346591001929482,,
spherical_g4_d8_s2,1200,4,spherical,8,2026092712,10,10,1,hdbscan_common,1.0,1.0,1.0,1.0,4,1.0,1.0,0,,,,1.0,4,1.0,0,0,1.0,1.0,1.0,1.0,4,0,1.0,4,1.0,4,1.0,4,1199,1139,11,10,74,1054,1200,0,,,24.40018500055885,True,True
spherical_g4_d8_s2,1200,4,spherical,8,2026092712,10,10,2,hgp_first_coverage,1.0,1.0,1.0,1.0,4,1.0,1.0,0,,,,1.0,4,1.0,0,0,1.0,1.0,1.0,1.0,4,0,1.0,4,1.0,4,1.0,4,915,915,41,40,257,617,1200,0,2682.262594,681.464748999133,21.03838699986227,,
spherical_g4_d8_s2,1200,4,spherical,8,2026092712,10,10,2,hdbscan_common,1.0,1.0,1.0,1.0,4,1.0,1.0,0,,,,1.0,4,1.0,0,0,1.0,1.0,1.0,1.0,4,0,1.0,4,1.0,4,1.0,4,1199,1139,11,10,74,1054,1200,0,,,24.635482997837244,True,True
spherical_g4_d8_s2,1200,4,spherical,8,2026092712,10,10,1,hdbscan_standard,1.0,1.0,1.0,1.0,4,1.0,1.0,0,,,,1.0,4,1.0,0,0,1.0,1.0,1.0,1.0,4,0,,,,,,,,,,,,,,,,,,,
spherical_g4_d8_s2,1200,4,spherical,8,2026092712,10,20,1,hgp_first_coverage,1.0,1.0,1.0,1.0,4,1.0,1.0,0,,,,1.0,4,1.0,0,0,1.0,1.0,1.0,1.0,4,0,1.0,4,1.0,4,1.0,4,915,915,19,18,343,553,1200,0,2682.262594,681.464748999133,20.788740999705624,,
spherical_g4_d8_s2,1200,4,spherical,8,2026092712,10,20,1,hdbscan_common,1.0,1.0,1.0,1.0,4,1.0,1.0,0,,,,1.0,4,1.0,0,0,1.0,1.0,1.0,1.0,4,0,1.0,4,1.0,4,1.0,4,1199,1139,7,6,108,1024,1200,0,,,25.2771199993731,True,True
spherical_g4_d8_s2,1200,4,spherical,8,2026092712,10,20,2,hgp_first_coverage,1.0,1.0,1.0,1.0,4,1.0,1.0,0,,,,1.0,4,1.0,0,0,1.0,1.0,1.0,1.0,4,0,1.0,4,1.0,4,1.0,4,915,915,19,18,343,553,1200,0,2682.262594,681.464748999133,22.629402999882586,,
spherical_g4_d8_s2,1200,4,spherical,8,2026092712,10,20,2,hdbscan_common,1.0,1.0,1.0,1.0,4,1.0,1.0,0,,,,1.0,4,1.0,0,0,1.0,1.0,1.0,1.0,4,0,1.0,4,1.0,4,1.0,4,1199,1139,7,6,108,1024,1200,0,,,26.373452998086577,True,True
spherical_g4_d8_s2,1200,4,spherical,8,2026092712,10,20,1,hdbscan_standard,1.0,1.0,1.0,1.0,4,1.0,1.0,0,,,,1.0,4,1.0,0,0,1.0,1.0,1.0,1.0,4,0,,,,,,,,,,,,,,,,,,,
spherical_g4_d8_s2,1200,4,spherical,8,2026092712,10,50,1,hgp_first_coverage,1.0,1.0,1.0,1.0,4,1.0,1.0,0,,,,1.0,4,1.0,0,0,1.0,1.0,1.0,1.0,4,0,1.0,4,1.0,4,1.0,4,915,915,7,6,410,498,1200,0,2682.262594,681.464748999133,24.410403002548264,,
spherical_g4_d8_s2,1200,4,spherical,8,2026092712,10,50,1,hdbscan_common,1.0,1.0,1.0,1.0,4,1.0,1.0,0,,,,1.0,4,1.0,0,0,1.0,1.0,1.0,1.0,4,0,1.0,4,1.0,4,1.0,4,1199,1139,7,6,184,948,1200,0,,,26.25479199923575,True,True
spherical_g4_d8_s2,1200,4,spherical,8,2026092712,10,50,2,hgp_first_coverage,1.0,1.0,1.0,1.0,4,1.0,1.0,0,,,,1.0,4,1.0,0,0,1.0,1.0,1.0,1.0,4,0,1.0,4,1.0,4,1.0,4,915,915,7,6,410,498,1200,0,2682.262594,681.464748999133,21.390513000369538,,
spherical_g4_d8_s2,1200,4,spherical,8,2026092712,10,50,2,hdbscan_common,1.0,1.0,1.0,1.0,4,1.0,1.0,0,,,,1.0,4,1.0,0,0,1.0,1.0,1.0,1.0,4,0,1.0,4,1.0,4,1.0,4,1199,1139,7,6,184,948,1200,0,,,37.65888499765424,True,True
spherical_g4_d8_s2,1200,4,spherical,8,2026092712,10,50,1,hdbscan_standard,1.0,1.0,1.0,1.0,4,1.0,1.0,0,,,,1.0,4,1.0,0,0,1.0,1.0,1.0,1.0,4,0,,,,,,,,,,,,,,,,,,,
spherical_g4_d8_s2,1200,4,spherical,8,2026092712,10,100,1,hgp_first_coverage,1.0,1.0,1.0,1.0,4,1.0,1.0,0,,,,1.0,4,1.0,0,0,1.0,1.0,1.0,1.0,4,0,1.0,4,1.0,4,1.0,4,915,915,7,6,454,454,1200,0,2682.262594,681.464748999133,22.648358000878943,,
spherical_g4_d8_s2,1200,4,spherical,8,2026092712,10,100,1,hdbscan_common,1.0,1.0,1.0,1.0,4,1.0,1.0,0,,,,1.0,4,1.0,0,0,1.0,1.0,1.0,1.0,4,0,1.0,4,1.0,4,1.0,4,1199,1139,7,6,359,773,1200,0,,,25.27283200106467,True,True
spherical_g4_d8_s2,1200,4,spherical,8,2026092712,10,100,2,hgp_first_coverage,1.0,1.0,1.0,1.0,4,1.0,1.0,0,,,,1.0,4,1.0,0,0,1.0,1.0,1.0,1.0,4,0,1.0,4,1.0,4,1.0,4,915,915,7,6,454,454,1200,0,2682.262594,681.464748999133,20.16897599969525,,
spherical_g4_d8_s2,1200,4,spherical,8,2026092712,10,100,2,hdbscan_common,1.0,1.0,1.0,1.0,4,1.0,1.0,0,,,,1.0,4,1.0,0,0,1.0,1.0,1.0,1.0,4,0,1.0,4,1.0,4,1.0,4,1199,1139,7,6,359,773,1200,0,,,26.231939998979215,True,True
spherical_g4_d8_s2,1200,4,spherical,8,2026092712,10,100,1,hdbscan_standard,1.0,1.0,1.0,1.0,4,1.0,1.0,0,,,,1.0,4,1.0,0,0,1.0,1.0,1.0,1.0,4,0,,,,,,,,,,,,,,,,,,,
spherical_g4_d8_s3,1200,4,spherical,8,2026092713,5,10,1,hgp_first_coverage,1.0,1.0,1.0,1.0,4,1.0,1.0,0,,,,1.0,4,1.0,0,0,1.0,1.0,1.0,1.0,4,0,1.0,4,1.0,4,1.0,4,955,955,47,46,401,507,1200,0,648.107096,139.01145899944822,25.102784999035066,,
spherical_g4_d8_s3,1200,4,spherical,8,2026092713,5,10,1,hdbscan_common,1.0,1.0,1.0,1.0,4,1.0,1.0,0,,,,1.0,4,1.0,0,0,1.0,1.0,1.0,1.0,4,0,1.0,4,1.0,4,1.0,4,1199,1053,21,20,164,868,1200,0,,,32.148571001016535,True,True
spherical_g4_d8_s3,1200,4,spherical,8,2026092713,5,10,2,hgp_first_coverage,1.0,1.0,1.0,1.0,4,1.0,1.0,0,,,,1.0,4,1.0,0,0,1.0,1.0,1.0,1.0,4,0,1.0,4,1.0,4,1.0,4,955,955,47,46,401,507,1200,0,648.107096,139.01145899944822,22.95876700009103,,
spherical_g4_d8_s3,1200,4,spherical,8,2026092713,5,10,2,hdbscan_common,1.0,1.0,1.0,1.0,4,1.0,1.0,0,,,,1.0,4,1.0,0,0,1.0,1.0,1.0,1.0,4,0,1.0,4,1.0,4,1.0,4,1199,1053,21,20,164,868,1200,0,,,25.947389000066323,True,True
spherical_g4_d8_s3,1200,4,spherical,8,2026092713,5,10,1,hdbscan_standard,1.0,1.0,1.0,1.0,4,1.0,1.0,0,,,,1.0,4,1.0,0,0,1.0,1.0,1.0,1.0,4,0,,,,,,,,,,,,,,,,,,,
spherical_g4_d8_s3,1200,4,spherical,8,2026092713,5,20,1,hgp_first_coverage,1.0,1.0,1.0,1.0,4,1.0,1.0,0,,,,1.0,4,1.0,0,0,1.0,1.0,1.0,1.0,4,0,1.0,4,1.0,4,1.0,4,955,955,17,16,481,457,1200,0,648.107096,139.01145899944822,24.17227899786667,,
spherical_g4_d8_s3,1200,4,spherical,8,2026092713,5,20,1,hdbscan_common,1.0,1.0,1.0,1.0,4,1.0,1.0,0,,,,1.0,4,1.0,0,0,1.0,1.0,1.0,1.0,4,0,1.0,4,1.0,4,1.0,4,1199,1053,9,8,205,839,1200,0,,,24.254572002973873,True,True
spherical_g4_d8_s3,1200,4,spherical,8,2026092713,5,20,2,hgp_first_coverage,1.0,1.0,1.0,1.0,4,1.0,1.0,0,,,,1.0,4,1.0,0,0,1.0,1.0,1.0,1.0,4,0,1.0,4,1.0,4,1.0,4,955,955,17,16,481,457,1200,0,648.107096,139.01145899944822,21.0960439981136,,
spherical_g4_d8_s3,1200,4,spherical,8,2026092713,5,20,2,hdbscan_common,1.0,1.0,1.0,1.0,4,1.0,1.0,0,,,,1.0,4,1.0,0,0,1.0,1.0,1.0,1.0,4,0,1.0,4,1.0,4,1.0,4,1199,1053,9,8,205,839,1200,0,,,39.494771997851785,True,True
spherical_g4_d8_s3,1200,4,spherical,8,2026092713,5,20,1,hdbscan_standard,1.0,1.0,1.0,1.0,4,1.0,1.0,0,,,,1.0,4,1.0,0,0,1.0,1.0,1.0,1.0,4,0,,,,,,,,,,,,,,,,,,,
spherical_g4_d8_s3,1200,4,spherical,8,2026092713,5,50,1,hgp_first_coverage,1.0,1.0,1.0,1.0,4,1.0,1.0,0,,,,1.0,4,1.0,0,0,1.0,1.0,1.0,1.0,4,0,1.0,4,1.0,4,1.0,4,955,955,7,6,512,436,1200,0,648.107096,139.01145899944822,22.61328299937304,,
spherical_g4_d8_s3,1200,4,spherical,8,2026092713,5,50,1,hdbscan_common,1.0,1.0,1.0,1.0,4,1.0,1.0,0,,,,1.0,4,1.0,0,0,1.0,1.0,1.0,1.0,4,0,1.0,4,1.0,4,1.0,4,1199,1053,7,6,255,791,1200,0,,,25.337311999464873,True,True
spherical_g4_d8_s3,1200,4,spherical,8,2026092713,5,50,2,hgp_first_coverage,1.0,1.0,1.0,1.0,4,1.0,1.0,0,,,,1.0,4,1.0,0,0,1.0,1.0,1.0,1.0,4,0,1.0,4,1.0,4,1.0,4,955,955,7,6,512,436,1200,0,648.107096,139.01145899944822,24.21626200157334,,
spherical_g4_d8_s3,1200,4,spherical,8,2026092713,5,50,2,hdbscan_common,1.0,1.0,1.0,1.0,4,1.0,1.0,0,,,,1.0,4,1.0,0,0,1.0,1.0,1.0,1.0,4,0,1.0,4,1.0,4,1.0,4,1199,1053,7,6,255,791,1200,0,,,25.147558000753634,True,True
spherical_g4_d8_s3,1200,4,spherical,8,2026092713,5,50,1,hdbscan_standard,1.0,1.0,1.0,1.0,4,1.0,1.0,0,,,,1.0,4,1.0,0,0,1.0,1.0,1.0,1.0,4,0,,,,,,,,,,,,,,,,,,,
spherical_g4_d8_s3,1200,4,spherical,8,2026092713,5,100,1,hgp_first_coverage,1.0,1.0,1.0,1.0,4,1.0,1.0,0,,,,1.0,4,1.0,0,0,1.0,1.0,1.0,1.0,4,0,1.0,4,1.0,4,1.0,4,955,955,7,6,556,392,1200,0,648.107096,139.01145899944822,22.90915499906987,,
spherical_g4_d8_s3,1200,4,spherical,8,2026092713,5,100,1,hdbscan_common,1.0,1.0,1.0,1.0,4,1.0,1.0,0,,,,1.0,4,1.0,0,0,1.0,1.0,1.0,1.0,4,0,1.0,4,1.0,4,1.0,4,1199,1053,7,6,364,682,1200,0,,,25.82544200049597,True,True
spherical_g4_d8_s3,1200,4,spherical,8,2026092713,5,100,2,hgp_first_coverage,1.0,1.0,1.0,1.0,4,1.0,1.0,0,,,,1.0,4,1.0,0,0,1.0,1.0,1.0,1.0,4,0,1.0,4,1.0,4,1.0,4,955,955,7,6,556,392,1200,0,648.107096,139.01145899944822,21.408768003311707,,
spherical_g4_d8_s3,1200,4,spherical,8,2026092713,5,100,2,hdbscan_common,1.0,1.0,1.0,1.0,4,1.0,1.0,0,,,,1.0,4,1.0,0,0,1.0,1.0,1.0,1.0,4,0,1.0,4,1.0,4,1.0,4,1199,1053,7,6,364,682,1200,0,,,27.28656600083923,True,True
spherical_g4_d8_s3,1200,4,spherical,8,2026092713,5,100,1,hdbscan_standard,1.0,1.0,1.0,1.0,4,1.0,1.0,0,,,,1.0,4,1.0,0,0,1.0,1.0,1.0,1.0,4,0,,,,,,,,,,,,,,,,,,,
spherical_g4_d8_s3,1200,4,spherical,8,2026092713,10,10,1,hgp_first_coverage,1.0,1.0,1.0,1.0,4,1.0,1.0,0,,,,1.0,4,1.0,0,0,1.0,1.0,1.0,1.0,4,0,1.0,4,1.0,4,1.0,4,955,955,45,44,238,672,1200,0,2697.794299,660.9851510002045,21.747318998677656,,
spherical_g4_d8_s3,1200,4,spherical,8,2026092713,10,10,1,hdbscan_common,0.998889196673334,1.0,0.998889196673334,0.998889196673334,4,0.9991666666666666,0.9979896524377665,1,,,,0.9991666666666666,3,0.75,0,0,1.0,0.9991666666666666,0.9995826377295493,0.9995831596498541,4,0,0.9995826377295493,3,0.9995826377295493,3,0.9995826377295493,3,1199,1141,11,10,56,1074,1200,0,,,28.756535997672472,True,True
spherical_g4_d8_s3,1200,4,spherical,8,2026092713,10,10,2,hgp_first_coverage,1.0,1.0,1.0,1.0,4,1.0,1.0,0,,,,1.0,4,1.0,0,0,1.0,1.0,1.0,1.0,4,0,1.0,4,1.0,4,1.0,4,955,955,45,44,238,672,1200,0,2697.794299,660.9851510002045,23.130547000619117,,
spherical_g4_d8_s3,1200,4,spherical,8,2026092713,10,10,2,hdbscan_common,0.998889196673334,1.0,0.998889196673334,0.998889196673334,4,0.9991666666666666,0.9979896524377665,1,,,,0.9991666666666666,3,0.75,0,0,1.0,0.9991666666666666,0.9995826377295493,0.9995831596498541,4,0,0.9995826377295493,3,0.9995826377295493,3,0.9995826377295493,3,1199,1141,11,10,56,1074,1200,0,,,25.49031699891202,True,True
spherical_g4_d8_s3,1200,4,spherical,8,2026092713,10,10,1,hdbscan_standard,0.998889196673334,1.0,0.998889196673334,0.998889196673334,4,0.9991666666666666,0.9979896524377665,1,,,,0.9991666666666666,3,0.75,0,0,1.0,0.9991666666666666,0.9995826377295493,0.9995831596498541,4,0,,,,,,,,,,,,,,,,,,,
spherical_g4_d8_s3,1200,4,spherical,8,2026092713,10,20,1,hgp_first_coverage,1.0,1.0,1.0,1.0,4,1.0,1.0,0,,,,1.0,4,1.0,0,0,1.0,1.0,1.0,1.0,4,0,1.0,4,1.0,4,1.0,4,955,955,15,14,339,601,1200,0,2697.794299,660.9851510002045,20.944150997820543,,
spherical_g4_d8_s3,1200,4,spherical,8,2026092713,10,20,1,hdbscan_common,0.998889196673334,1.0,0.998889196673334,0.998889196673334,4,0.9991666666666666,0.9979896524377665,1,,,,0.9991666666666666,3,0.75,0,0,1.0,0.9991666666666666,0.9995826377295493,0.9995831596498541,4,0,0.9995826377295493,3,0.9995826377295493,3,0.9995826377295493,3,1199,1141,7,6,84,1050,1200,0,,,26.81082900016918,True,True
spherical_g4_d8_s3,1200,4,spherical,8,2026092713,10,20,2,hgp_first_coverage,1.0,1.0,1.0,1.0,4,1.0,1.0,0,,,,1.0,4,1.0,0,0,1.0,1.0,1.0,1.0,4,0,1.0,4,1.0,4,1.0,4,955,955,15,14,339,601,1200,0,2697.794299,660.9851510002045,21.67569499943056,,
spherical_g4_d8_s3,1200,4,spherical,8,2026092713,10,20,2,hdbscan_common,0.998889196673334,1.0,0.998889196673334,0.998889196673334,4,0.9991666666666666,0.9979896524377665,1,,,,0.9991666666666666,3,0.75,0,0,1.0,0.9991666666666666,0.9995826377295493,0.9995831596498541,4,0,0.9995826377295493,3,0.9995826377295493,3,0.9995826377295493,3,1199,1141,7,6,84,1050,1200,0,,,28.037426000082633,True,True
spherical_g4_d8_s3,1200,4,spherical,8,2026092713,10,20,1,hdbscan_standard,0.998889196673334,1.0,0.998889196673334,0.998889196673334,4,0.9991666666666666,0.9979896524377665,1,,,,0.9991666666666666,3,0.75,0,0,1.0,0.9991666666666666,0.9995826377295493,0.9995831596498541,4,0,,,,,,,,,,,,,,,,,,,
spherical_g4_d8_s3,1200,4,spherical,8,2026092713,10,50,1,hgp_first_coverage,1.0,1.0,1.0,1.0,4,1.0,1.0,0,,,,1.0,4,1.0,0,0,1.0,1.0,1.0,1.0,4,0,1.0,4,1.0,4,1.0,4,955,955,9,8,413,533,1200,0,2697.794299,660.9851510002045,30.32604300096864,,
spherical_g4_d8_s3,1200,4,spherical,8,2026092713,10,50,1,hdbscan_common,0.998889196673334,1.0,0.998889196673334,0.998889196673334,4,0.9991666666666666,0.9979896524377665,1,,,,0.9991666666666666,3,0.75,0,0,1.0,0.9991666666666666,0.9995826377295493,0.9995831596498541,4,0,0.9995826377295493,3,0.9995826377295493,3,0.9995826377295493,3,1199,1141,7,6,175,959,1200,0,,,25.456544000917347,True,True
spherical_g4_d8_s3,1200,4,spherical,8,2026092713,10,50,2,hgp_first_coverage,1.0,1.0,1.0,1.0,4,1.0,1.0,0,,,,1.0,4,1.0,0,0,1.0,1.0,1.0,1.0,4,0,1.0,4,1.0,4,1.0,4,955,955,9,8,413,533,1200,0,2697.794299,660.9851510002045,20.768853999470593,,
spherical_g4_d8_s3,1200,4,spherical,8,2026092713,10,50,2,hdbscan_common,0.998889196673334,1.0,0.998889196673334,0.998889196673334,4,0.9991666666666666,0.9979896524377665,1,,,,0.9991666666666666,3,0.75,0,0,1.0,0.9991666666666666,0.9995826377295493,0.9995831596498541,4,0,0.9995826377295493,3,0.9995826377295493,3,0.9995826377295493,3,1199,1141,7,6,175,959,1200,0,,,25.89280800020788,True,True
spherical_g4_d8_s3,1200,4,spherical,8,2026092713,10,50,1,hdbscan_standard,0.998889196673334,1.0,0.998889196673334,0.998889196673334,4,0.9991666666666666,0.9979896524377665,1,,,,0.9991666666666666,3,0.75,0,0,1.0,0.9991666666666666,0.9995826377295493,0.9995831596498541,4,0,,,,,,,,,,,,,,,,,,,
spherical_g4_d8_s3,1200,4,spherical,8,2026092713,10,100,1,hgp_first_coverage,1.0,1.0,1.0,1.0,4,1.0,1.0,0,,,,1.0,4,1.0,0,0,1.0,1.0,1.0,1.0,4,0,1.0,4,1.0,4,1.0,4,955,955,7,6,452,496,1200,0,2697.794299,660.9851510002045,20.797778000996914,,
spherical_g4_d8_s3,1200,4,spherical,8,2026092713,10,100,1,hdbscan_common,0.998889196673334,1.0,0.998889196673334,0.998889196673334,4,0.9991666666666666,0.9979896524377665,1,,,,0.9991666666666666,3,0.75,0,0,1.0,0.9991666666666666,0.9995826377295493,0.9995831596498541,4,0,0.9995826377295493,3,0.9995826377295493,3,0.9995826377295493,3,1199,1141,7,6,351,783,1200,0,,,24.745137998252176,True,True
spherical_g4_d8_s3,1200,4,spherical,8,2026092713,10,100,2,hgp_first_coverage,1.0,1.0,1.0,1.0,4,1.0,1.0,0,,,,1.0,4,1.0,0,0,1.0,1.0,1.0,1.0,4,0,1.0,4,1.0,4,1.0,4,955,955,7,6,452,496,1200,0,2697.794299,660.9851510002045,20.202917999995407,,
spherical_g4_d8_s3,1200,4,spherical,8,2026092713,10,100,2,hdbscan_common,0.998889196673334,1.0,0.998889196673334,0.998889196673334,4,0.9991666666666666,0.9979896524377665,1,,,,0.9991666666666666,3,0.75,0,0,1.0,0.9991666666666666,0.9995826377295493,0.9995831596498541,4,0,0.9995826377295493,3,0.9995826377295493,3,0.9995826377295493,3,1199,1141,7,6,351,783,1200,0,,,24.996937001560582,True,True
spherical_g4_d8_s3,1200,4,spherical,8,2026092713,10,100,1,hdbscan_standard,0.998889196673334,1.0,0.998889196673334,0.998889196673334,4,0.9991666666666666,0.9979896524377665,1,,,,0.9991666666666666,3,0.75,0,0,1.0,0.9991666666666666,0.9995826377295493,0.9995831596498541,4,0,,,,,,,,,,,,,,,,,,,
spherical_g4_d4_s1,1200,4,spherical,4,2026092711,5,10,1,hgp_first_coverage,0.22494130052368835,0.5514810362787744,0.264352533856197,0.22494130052368835,25,0.6441666666666667,0.43737507657060765,427,,,,0.6653550958231712,0,0.0,21,21,0.9860657294832826,0.3591666666666667,0.4811233766396962,0.43689812468322353,4,0,0.8306941624335942,0,0.8306941624335942,0,0.8303093337213213,0,955,955,65,64,411,479,1200,0,686.774579,325.29702999818255,22.29611100119655,,
spherical_g4_d4_s1,1200,4,spherical,4,2026092711,5,10,1,hdbscan_common,0.14452304775139435,0.8140152229361063,0.22224287941938053,0.14452304775139435,8,0.45916666666666667,0.4094879859280014,649,,,,0.4648731174320466,0,0.0,4,4,0.9799372593955528,0.39166666666666666,0.5541632865058388,0.5368360936607652,4,0,0.6724742726789309,0,0.6724742726789309,0,0.6724742726789309,0,1199,1047,19,18,168,860,1200,0,,,24.972211998829152,False,True
spherical_g4_d4_s1,1200,4,spherical,4,2026092711,5,10,2,hgp_first_coverage,0.22494130052368835,0.5514810362787744,0.264352533856197,0.22494130052368835,25,0.6441666666666667,0.43737507657060765,427,,,,0.6653550958231712,0,0.0,21,21,0.9860657294832826,0.3591666666666667,0.4811233766396962,0.43689812468322353,4,0,0.8306941624335942,0,0.8306941624335942,0,0.8303093337213213,0,955,955,65,64,411,479,1200,0,686.774579,325.29702999818255,22.854812999867136,,
spherical_g4_d4_s1,1200,4,spherical,4,2026092711,5,10,2,hdbscan_common,0.10560018535639833,0.7706054746022705,0.17066412825168162,0.10560018535639833,9,0.4125,0.38363684943894294,705,,,,0.4648731174320466,0,0.0,5,5,0.9866486687915259,0.3358333333333333,0.49586795649558674,0.4755162241887906,4,0,0.6724742726789309,0,0.6724742726789309,0,0.6724742726789309,0,1199,1047,19,18,168,860,1200,0,,,31.204050999804167,False,True
spherical_g4_d4_s1,1200,4,spherical,4,2026092711,5,10,1,hdbscan_standard,0.14692130097398085,0.8013145146281467,0.22424820650042518,0.14692130097398085,8,0.4666666666666667,0.40773418445842247,640,,,,0.4648731174320466,0,0.0,4,4,0.9800347313680248,0.3933333333333333,0.5559237551390306,0.5363636363636364,4,0,,,,,,,,,,,,,,,,,,,
spherical_g4_d4_s1,1200,4,spherical,4,2026092711,5,20,1,hgp_first_coverage,0.5002818767251432,0.860615729656902,0.5381218821420105,0.5002818767251432,5,0.715,0.5842397054799753,342,,,,0.6653550958231712,0,0.0,1,1,0.9649467932253755,0.6575,0.7652074655247929,0.7667638483965015,4,0,0.8306941624335942,0,0.8306941624335942,0,0.8303093337213213,0,955,955,17,16,511,427,1200,0,686.774579,325.29702999818255,21.54536200032453,,
spherical_g4_d4_s1,1200,4,spherical,4,2026092711,5,20,1,hdbscan_common,0.20746358203430365,0.9133898822404345,0.29651540416113625,0.20746358203430365,5,0.49166666666666664,0.45242610346204465,610,,,,0.4648731174320466,0,0.0,1,1,0.9812555268155152,0.4633333333333333,0.6237327107922442,0.6212290502793296,4,0,0.6724742726789309,0,0.6724742726789309,0,0.6724742726789309,0,1199,1047,9,8,218,820,1200,0,,,27.727307999157347,False,True
spherical_g4_d4_s1,1200,4,spherical,4,2026092711,5,20,2,hgp_first_coverage,0.41581603698381486,0.7971859288174289,0.4558899112613084,0.41581603698381486,7,0.6775,0.5366155678682893,387,,,,0.6653550958231712,0,0.0,3,3,0.9628748520086974,0.5766666666666667,0.6953627290340535,0.6875310481867859,4,0,0.8306941624335942,0,0.8306941624335942,0,0.8303093337213213,0,955,955,17,16,511,427,1200,0,686.774579,325.29702999818255,25.096793000557227,,
spherical_g4_d4_s1,1200,4,spherical,4,2026092711,5,20,2,hdbscan_common,0.20746358203430365,0.9133898822404345,0.29651540416113625,0.20746358203430365,5,0.49166666666666664,0.45242610346204465,610,,,,0.4648731174320466,0,0.0,1,1,0.9812555268155152,0.4633333333333333,0.6237327107922442,0.6212290502793296,4,0,0.6724742726789309,0,0.6724742726789309,0,0.6724742726789309,0,1199,1047,9,8,218,820,1200,0,,,24.951863000751473,False,True
spherical_g4_d4_s1,1200,4,spherical,4,2026092711,5,20,1,hdbscan_standard,0.16799317185366225,0.8498547462174368,0.2510503653362908,0.16799317185366225,6,0.475,0.4228899699070217,630,,,,0.4648731174320466,0,0.0,2,2,0.9797600060932995,0.425,0.5897874320557022,0.576271186440678,4,0,,,,,,,,,,,,,,,,,,,
spherical_g4_d4_s1,1200,4,spherical,4,2026092711,5,50,1,hgp_first_coverage,0.5705717970501878,0.8628466559108889,0.6087007457333573,0.5705717970501878,4,0.7825,0.6073100304940708,261,,,,0.6653550958231712,0,0.0,0,0,0.9485385852053253,0.7408333333333333,0.8303093337213213,0.831229546517064,4,0,0.8306941624335942,0,0.8306941624335942,0,0.8303093337213213,0,955,955,7,6,557,391,1200,0,686.774579,325.29702999818255,20.452965000004042,,
spherical_g4_d4_s1,1200,4,spherical,4,2026092711,5,50,1,hdbscan_common,0.24998008373215208,0.928654126243345,0.3441143373805955,0.24998008373215208,4,0.5291666666666667,0.4726329771536186,565,,,,0.4648731174320466,0,0.0,0,0,0.9732643785489796,0.515,0.6724742726789309,0.6735694822888283,4,0,0.6724742726789309,0,0.6724742726789309,0,0.6724742726789309,0,1199,1047,7,6,281,759,1200,0,,,26.93735499997274,False,True
spherical_g4_d4_s1,1200,4,spherical,4,2026092711,5,50,2,hgp_first_coverage,0.5705717970501878,0.8628466559108889,0.6087007457333573,0.5705717970501878,4,0.7825,0.6073100304940708,261,,,,0.6653550958231712,0,0.0,0,0,0.9485385852053253,0.7408333333333333,0.8303093337213213,0.831229546517064,4,0,0.8306941624335942,0,0.8306941624335942,0,0.8303093337213213,0,955,955,7,6,557,391,1200,0,686.774579,325.29702999818255,24.03139699890744,,
spherical_g4_d4_s1,1200,4,spherical,4,2026092711,5,50,2,hdbscan_common,0.24998008373215208,0.928654126243345,0.3441143373805955,0.24998008373215208,4,0.5291666666666667,0.4726329771536186,565,,,,0.4648731174320466,0,0.0,0,0,0.9732643785489796,0.515,0.6724742726789309,0.6735694822888283,4,0,0.6724742726789309,0,0.6724742726789309,0,0.6724742726789309,0,1199,1047,7,6,281,759,1200,0,,,35.67851300249458,False,True
spherical_g4_d4_s1,1200,4,spherical,4,2026092711,5,50,1,hdbscan_standard,0.25077745536670387,0.9288096079951981,0.3450130155763017,0.25077745536670387,4,0.53,0.473181741316255,564,,,,0.4648731174320466,0,0.0,0,0,0.9733008004604016,0.5158333333333334,0.673244512444656,0.6742919389978214,4,0,,,,,,,,,,,,,,,,,,,
spherical_g4_d4_s1,1200,4,spherical,4,2026092711,5,100,1,hgp_first_coverage,0.5705717970501878,0.8628466559108889,0.6087007457333573,0.5705717970501878,4,0.7825,0.6073100304940708,261,,,,0.6653550958231712,0,0.0,0,0,0.9485385852053253,0.7408333333333333,0.8303093337213213,0.831229546517064,4,0,0.8306941624335942,0,0.8306941624335942,0,0.8303093337213213,0,955,955,7,6,609,339,1200,0,686.774579,325.29702999818255,25.792761996854097,,
spherical_g4_d4_s1,1200,4,spherical,4,2026092711,5,100,1,hdbscan_common,0.24998008373215208,0.928654126243345,0.3441143373805955,0.24998008373215208,4,0.5291666666666667,0.4726329771536186,565,,,,0.4648731174320466,0,0.0,0,0,0.9732643785489796,0.515,0.6724742726789309,0.6735694822888283,4,0,0.6724742726789309,0,0.6724742726789309,0,0.6724742726789309,0,1199,1047,7,6,401,639,1200,0,,,25.96961099698092,False,True
spherical_g4_d4_s1,1200,4,spherical,4,2026092711,5,100,2,hgp_first_coverage,0.5705717970501878,0.8628466559108889,0.6087007457333573,0.5705717970501878,4,0.7825,0.6073100304940708,261,,,,0.6653550958231712,0,0.0,0,0,0.9485385852053253,0.7408333333333333,0.8303093337213213,0.831229546517064,4,0,0.8306941624335942,0,0.8306941624335942,0,0.8303093337213213,0,955,955,7,6,609,339,1200,0,686.774579,325.29702999818255,20.32561799933319,,
spherical_g4_d4_s1,1200,4,spherical,4,2026092711,5,100,2,hdbscan_common,0.24998008373215208,0.928654126243345,0.3441143373805955,0.24998008373215208,4,0.5291666666666667,0.4726329771536186,565,,,,0.4648731174320466,0,0.0,0,0,0.9732643785489796,0.515,0.6724742726789309,0.6735694822888283,4,0,0.6724742726789309,0,0.6724742726789309,0,0.6724742726789309,0,1199,1047,7,6,401,639,1200,0,,,24.29717300037737,False,True
spherical_g4_d4_s1,1200,4,spherical,4,2026092711,5,100,1,hdbscan_standard,0.25077745536670387,0.9288096079951981,0.3450130155763017,0.25077745536670387,4,0.53,0.473181741316255,564,,,,0.4648731174320466,0,0.0,0,0,0.9733008004604016,0.5158333333333334,0.673244512444656,0.6742919389978214,4,0,,,,,,,,,,,,,,,,,,,
spherical_g4_d4_s1,1200,4,spherical,4,2026092711,10,10,1,hgp_first_coverage,0.283806859936831,0.6494092160768163,0.3266038433532566,0.283806859936831,18,0.6491666666666667,0.4742144485090138,421,,,,0.7135068240860072,0,0.0,14,14,0.9812443366558286,0.42000000000000004,0.5418574303992578,0.5093481556341587,4,0,0.8607050131306021,0,0.8607050131306021,0,0.8600646330475178,0,905,905,47,46,242,616,1200,0,2978.133284,1167.496210000536,23.17303699965123,,
spherical_g4_d4_s1,1200,4,spherical,4,2026092711,10,10,1,hdbscan_common,0.18331132229061703,0.9403251042832368,0.2682265521582954,0.18331132229061703,5,0.45,0.43924098399011496,660,,,,0.42614427178793657,0,0.0,1,1,0.9868963116177454,0.43166666666666664,0.5900826392532212,0.5954022988505747,4,0,0.6483616078770175,0,0.6483616078770175,0,0.6483616078770175,0,1199,1131,11,10,68,1052,1200,0,,,29.499442000087583,False,True
spherical_g4_d4_s1,1200,4,spherical,4,2026092711,10,10,2,hgp_first_coverage,0.283806859936831,0.6494092160768163,0.3266038433532566,0.283806859936831,18,0.6491666666666667,0.4742144485090138,421,,,,0.7135068240860072,0,0.0,14,14,0.9812443366558286,0.42000000000000004,0.5418574303992578,0.5093481556341587,4,0,0.8607050131306021,0,0.8607050131306021,0,0.8600646330475178,0,905,905,47,46,242,616,1200,0,2978.133284,1167.496210000536,22.279850996710593,,
spherical_g4_d4_s1,1200,4,spherical,4,2026092711,10,10,2,hdbscan_common,0.18331132229061703,0.9403251042832368,0.2682265521582954,0.18331132229061703,5,0.45,0.43924098399011496,660,,,,0.42614427178793657,0,0.0,1,1,0.9868963116177454,0.43166666666666664,0.5900826392532212,0.5954022988505747,4,0,0.6483616078770175,0,0.6483616078770175,0,0.6483616078770175,0,1199,1131,11,10,68,1052,1200,0,,,27.69270399949164,False,True
spherical_g4_d4_s1,1200,4,spherical,4,2026092711,10,10,1,hdbscan_standard,0.18382436159617707,0.9354283805695486,0.26888187019204735,0.18382436159617707,5,0.4525,0.4369374569446746,657,,,,0.42614427178793657,0,0.0,1,1,0.9852507592498494,0.4325,0.5904581327421825,0.5955249569707401,4,0,,,,,,,,,,,,,,,,,,,
spherical_g4_d4_s1,1200,4,spherical,4,2026092711,10,20,1,hgp_first_coverage,0.5783452316309989,0.8303553882493621,0.608277916744531,0.5783452316309989,5,0.805,0.6037357230465281,234,,,,0.7135068240860072,0,0.0,1,1,0.9523963395548075,0.7283333333333333,0.8184200232045359,0.8070175438596491,4,0,0.8607050131306021,0,0.8607050131306021,0,0.8600646330475178,0,905,905,21,20,348,536,1200,0,2978.133284,1167.496210000536,25.401681999937864,,
spherical_g4_d4_s1,1200,4,spherical,4,2026092711,10,20,1,hdbscan_common,0.21241073384931583,0.9548715992070789,0.3100021544768168,0.21241073384931583,4,0.4925,0.4634206628186922,609,,,,0.42614427178793657,0,0.0,0,0,0.9831926079140417,0.48416666666666663,0.6483616078770175,0.6487995533221664,4,0,0.6483616078770175,0,0.6483616078770175,0,0.6483616078770175,0,1199,1131,7,6,105,1019,1200,0,,,29.87572400161298,False,True
spherical_g4_d4_s1,1200,4,spherical,4,2026092711,10,20,2,hgp_first_coverage,0.5783452316309989,0.8303553882493621,0.608277916744531,0.5783452316309989,5,0.805,0.6037357230465281,234,,,,0.7135068240860072,0,0.0,1,1,0.9523963395548075,0.7283333333333333,0.8184200232045359,0.8070175438596491,4,0,0.8607050131306021,0,0.8607050131306021,0,0.8600646330475178,0,905,905,21,20,348,536,1200,0,2978.133284,1167.496210000536,21.88231000036467,,
spherical_g4_d4_s1,1200,4,spherical,4,2026092711,10,20,2,hdbscan_common,0.21241073384931583,0.9548715992070789,0.3100021544768168,0.21241073384931583,4,0.4925,0.4634206628186922,609,,,,0.42614427178793657,0,0.0,0,0,0.9831926079140417,0.48416666666666663,0.6483616078770175,0.6487995533221664,4,0,0.6483616078770175,0,0.6483616078770175,0,0.6483616078770175,0,1199,1131,7,6,105,1019,1200,0,,,27.011784000933403,False,True
spherical_g4_d4_s1,1200,4,spherical,4,2026092711,10,20,1,hdbscan_standard,0.21318192775437209,0.9508684909084012,0.3105207018477609,0.21318192775437209,4,0.49416666666666664,0.4610376882042247,607,,,,0.42614427178793657,0,0.0,0,0,0.9815470555461456,0.485,0.6487371013659786,0.649191299498048,4,0,,,,,,,,,,,,,,,,,,,
spherical_g4_d4_s1,1200,4,spherical,4,2026092711,10,50,1,hgp_first_coverage,0.6415140458129068,0.8576012459563079,0.667028606895514,0.6415140458129068,4,0.8366666666666667,0.6345494859596925,196,,,,0.7135068240860072,0,0.0,0,0,0.9443218053933169,0.79,0.8600646330475178,0.8602540834845736,4,0,0.8607050131306021,0,0.8607050131306021,0,0.8600646330475178,0,905,905,7,6,422,476,1200,0,2978.133284,1167.496210000536,25.63226200072677,,
spherical_g4_d4_s1,1200,4,spherical,4,2026092711,10,50,1,hdbscan_common,0.21241073384931583,0.9548715992070789,0.3100021544768168,0.21241073384931583,4,0.4925,0.4634206628186922,609,,,,0.42614427178793657,0,0.0,0,0,0.9831926079140417,0.48416666666666663,0.6483616078770175,0.6487995533221664,4,0,0.6483616078770175,0,0.6483616078770175,0,0.6483616078770175,0,1199,1131,7,6,209,915,1200,0,,,31.234396999934688,False,True
spherical_g4_d4_s1,1200,4,spherical,4,2026092711,10,50,2,hgp_first_coverage,0.6415140458129068,0.8576012459563079,0.667028606895514,0.6415140458129068,4,0.8366666666666667,0.6345494859596925,196,,,,0.7135068240860072,0,0.0,0,0,0.9443218053933169,0.79,0.8600646330475178,0.8602540834845736,4,0,0.8607050131306021,0,0.8607050131306021,0,0.8600646330475178,0,905,905,7,6,422,476,1200,0,2978.133284,1167.496210000536,20.832863003306556,,
spherical_g4_d4_s1,1200,4,spherical,4,2026092711,10,50,2,hdbscan_common,0.21241073384931583,0.9548715992070789,0.3100021544768168,0.21241073384931583,4,0.4925,0.4634206628186922,609,,,,0.42614427178793657,0,0.0,0,0,0.9831926079140417,0.48416666666666663,0.6483616078770175,0.6487995533221664,4,0,0.6483616078770175,0,0.6483616078770175,0,0.6483616078770175,0,1199,1131,7,6,209,915,1200,0,,,24.77690700106905,False,True
spherical_g4_d4_s1,1200,4,spherical,4,2026092711,10,50,1,hdbscan_standard,0.21318192775437209,0.9508684909084012,0.3105207018477609,0.21318192775437209,4,0.49416666666666664,0.4610376882042247,607,,,,0.42614427178793657,0,0.0,0,0,0.9815470555461456,0.485,0.6487371013659786,0.649191299498048,4,0,,,,,,,,,,,,,,,,,,,
spherical_g4_d4_s1,1200,4,spherical,4,2026092711,10,100,1,hgp_first_coverage,0.6415140458129068,0.8576012459563079,0.667028606895514,0.6415140458129068,4,0.8366666666666667,0.6345494859596925,196,,,,0.7135068240860072,0,0.0,0,0,0.9443218053933169,0.79,0.8600646330475178,0.8602540834845736,4,0,0.8607050131306021,0,0.8607050131306021,0,0.8600646330475178,0,905,905,7,6,494,404,1200,0,2978.133284,1167.496210000536,24.37913500034483,,
spherical_g4_d4_s1,1200,4,spherical,4,2026092711,10,100,1,hdbscan_common,0.21241073384931583,0.9548715992070789,0.3100021544768168,0.21241073384931583,4,0.4925,0.4634206628186922,609,,,,0.42614427178793657,0,0.0,0,0,0.9831926079140417,0.48416666666666663,0.6483616078770175,0.6487995533221664,4,0,0.6483616078770175,0,0.6483616078770175,0,0.6483616078770175,0,1199,1131,7,6,358,766,1200,0,,,24.94385099998908,False,True
spherical_g4_d4_s1,1200,4,spherical,4,2026092711,10,100,2,hgp_first_coverage,0.6415140458129068,0.8576012459563079,0.667028606895514,0.6415140458129068,4,0.8366666666666667,0.6345494859596925,196,,,,0.7135068240860072,0,0.0,0,0,0.9443218053933169,0.79,0.8600646330475178,0.8602540834845736,4,0,0.8607050131306021,0,0.8607050131306021,0,0.8600646330475178,0,905,905,7,6,494,404,1200,0,2978.133284,1167.496210000536,19.87242199902539,,
spherical_g4_d4_s1,1200,4,spherical,4,2026092711,10,100,2,hdbscan_common,0.21241073384931583,0.9548715992070789,0.3100021544768168,0.21241073384931583,4,0.4925,0.4634206628186922,609,,,,0.42614427178793657,0,0.0,0,0,0.9831926079140417,0.48416666666666663,0.6483616078770175,0.6487995533221664,4,0,0.6483616078770175,0,0.6483616078770175,0,0.6483616078770175,0,1199,1131,7,6,358,766,1200,0,,,23.740123000607127,False,True
spherical_g4_d4_s1,1200,4,spherical,4,2026092711,10,100,1,hdbscan_standard,0.21318192775437209,0.9508684909084012,0.3105207018477609,0.21318192775437209,4,0.49416666666666664,0.4610376882042247,607,,,,0.42614427178793657,0,0.0,0,0,0.9815470555461456,0.485,0.6487371013659786,0.649191299498048,4,0,,,,,,,,,,,,,,,,,,,
spherical_g4_d4_s2,1200,4,spherical,4,2026092712,5,10,1,hgp_first_coverage,0.2450391022944528,0.6913696696274645,0.2993867476774904,0.2450391022944528,17,0.5975,0.46402714623144187,483,,,,0.6640033513780919,0,0.0,13,13,0.9949643822156718,0.38916666666666666,0.512083395935663,0.4872196139801774,4,0,0.8274016619958509,0,0.8274016619958509,0,0.8274016619958509,0,915,915,55,54,383,477,1200,0,657.080996,149.67878800234757,21.16013300110353,,
spherical_g4_d4_s2,1200,4,spherical,4,2026092712,5,10,1,hdbscan_common,0.15749064837214852,0.1855505342419731,0.146861770648171,0.15749064837214852,4,0.6733333333333333,0.2689400439185878,392,,,,0.47672688505162525,0,0.0,0,0,0.3346541786743516,0.2708333333333333,0.23359387091781458,0.3237051792828685,4,0,0.654261988946661,0,0.654261988946661,0,0.654261988946661,0,1199,1037,25,24,206,806,1200,0,,,27.822104999359,False,True
spherical_g4_d4_s2,1200,4,spherical,4,2026092712,5,10,2,hgp_first_coverage,0.2450391022944528,0.6913696696274645,0.2993867476774904,0.2450391022944528,17,0.5975,0.46402714623144187,483,,,,0.6640033513780919,0,0.0,13,13,0.9949643822156718,0.38916666666666666,0.512083395935663,0.4872196139801774,4,0,0.8274016619958509,0,0.8274016619958509,0,0.8274016619958509,0,915,915,55,54,383,477,1200,0,657.080996,149.67878800234757,22.20252700135461,,
spherical_g4_d4_s2,1200,4,spherical,4,2026092712,5,10,2,hdbscan_common,0.15749064837214852,0.1855505342419731,0.146861770648171,0.15749064837214852,4,0.6733333333333333,0.2689400439185878,392,,,,0.47672688505162525,0,0.0,0,0,0.3346541786743516,0.2708333333333333,0.23359387091781458,0.3237051792828685,4,0,0.654261988946661,0,0.654261988946661,0,0.654261988946661,0,1199,1037,25,24,206,806,1200,0,,,30.80908400079352,False,True
spherical_g4_d4_s2,1200,4,spherical,4,2026092712,5,10,1,hdbscan_standard,0.15596777885905952,0.18434056057350182,0.14581449580274436,0.15596777885905952,4,0.6758333333333333,0.2666336351703423,389,,,,0.47672688505162525,0,0.0,0,0,0.3344109195402299,0.2708333333333333,0.2333565029348162,0.3232222774738936,4,0,,,,,,,,,,,,,,,,,,,
spherical_g4_d4_s2,1200,4,spherical,4,2026092712,5,20,1,hgp_first_coverage,0.542853819461572,0.875078659260444,0.5861988032243156,0.542853819461572,5,0.7575,0.6060784168256063,291,,,,0.6640033513780919,0,0.0,1,1,0.9600871914131022,0.7116666666666667,0.8158599363947193,0.8098624940730204,4,0,0.8274016619958509,0,0.8274016619958509,0,0.8274016619958509,0,915,915,21,20,472,422,1200,0,657.080996,149.67878800234757,26.418928002385655,,
spherical_g4_d4_s2,1200,4,spherical,4,2026092712,5,20,1,hdbscan_common,0.2118783539623067,0.29989514315012117,0.22602979939211032,0.2118783539623067,2,0.7558333333333334,0.32158785509546295,293,,,,0.47672688505162525,0,0.0,-2,2,0.3299593429936004,0.37,0.3219129592369029,0.42145230185097293,4,0,0.654261988946661,0,0.654261988946661,0,0.654261988946661,0,1199,1037,9,8,251,777,1200,0,,,37.792765000631334,False,True
spherical_g4_d4_s2,1200,4,spherical,4,2026092712,5,20,2,hgp_first_coverage,0.542853819461572,0.875078659260444,0.5861988032243156,0.542853819461572,5,0.7575,0.6060784168256063,291,,,,0.6640033513780919,0,0.0,1,1,0.9600871914131022,0.7116666666666667,0.8158599363947193,0.8098624940730204,4,0,0.8274016619958509,0,0.8274016619958509,0,0.8274016619958509,0,915,915,21,20,472,422,1200,0,657.080996,149.67878800234757,23.287359999812907,,
spherical_g4_d4_s2,1200,4,spherical,4,2026092712,5,20,2,hdbscan_common,0.2118783539623067,0.29989514315012117,0.22602979939211032,0.2118783539623067,2,0.7558333333333334,0.32158785509546295,293,,,,0.47672688505162525,0,0.0,-2,2,0.3299593429936004,0.37,0.3219129592369029,0.42145230185097293,4,0,0.654261988946661,0,0.654261988946661,0,0.654261988946661,0,1199,1037,9,8,251,777,1200,0,,,38.64200200041523,False,True
spherical_g4_d4_s2,1200,4,spherical,4,2026092712,5,20,1,hdbscan_standard,0.21084085121010926,0.29749864135310594,0.2247727614328001,0.21084085121010926,2,0.7575,0.3192650659228722,291,,,,0.47672688505162525,0,0.0,-2,2,0.3297160838594787,0.37,0.3216755912539045,0.42105263157894735,4,0,,,,,,,,,,,,,,,,,,,
spherical_g4_d4_s2,1200,4,spherical,4,2026092712,5,50,1,hgp_first_coverage,0.56186961214093,0.9016011576801077,0.6065686147225516,0.56186961214093,4,0.7575,0.6171697591863752,291,,,,0.6640033513780919,0,0.0,0,0,0.9607375979171672,0.7283333333333333,0.8274016619958509,0.8288288288288288,4,0,0.8274016619958509,0,0.8274016619958509,0,0.8274016619958509,0,915,915,7,6,518,390,1200,0,657.080996,149.67878800234757,22.745489000953967,,
spherical_g4_d4_s2,1200,4,spherical,4,2026092712,5,50,1,hdbscan_common,0.2118783539623067,0.29989514315012117,0.22602979939211032,0.2118783539623067,2,0.7558333333333334,0.32158785509546295,293,,,,0.47672688505162525,0,0.0,-2,2,0.3299593429936004,0.37,0.3219129592369029,0.42145230185097293,4,0,0.654261988946661,0,0.654261988946661,0,0.654261988946661,0,1199,1037,7,6,296,734,1200,0,,,32.83291700063273,False,True
spherical_g4_d4_s2,1200,4,spherical,4,2026092712,5,50,2,hgp_first_coverage,0.56186961214093,0.9016011576801077,0.6065686147225516,0.56186961214093,4,0.7575,0.6171697591863752,291,,,,0.6640033513780919,0,0.0,0,0,0.9607375979171672,0.7283333333333333,0.8274016619958509,0.8288288288288288,4,0,0.8274016619958509,0,0.8274016619958509,0,0.8274016619958509,0,915,915,7,6,518,390,1200,0,657.080996,149.67878800234757,21.308219998900313,,
spherical_g4_d4_s2,1200,4,spherical,4,2026092712,5,50,2,hdbscan_common,0.2118783539623067,0.29989514315012117,0.22602979939211032,0.2118783539623067,2,0.7558333333333334,0.32158785509546295,293,,,,0.47672688505162525,0,0.0,-2,2,0.3299593429936004,0.37,0.3219129592369029,0.42145230185097293,4,0,0.654261988946661,0,0.654261988946661,0,0.654261988946661,0,1199,1037,7,6,296,734,1200,0,,,26.03154699681909,False,True
spherical_g4_d4_s2,1200,4,spherical,4,2026092712,5,50,1,hdbscan_standard,0.21084085121010926,0.29749864135310594,0.2247727614328001,0.21084085121010926,2,0.7575,0.3192650659228722,291,,,,0.47672688505162525,0,0.0,-2,2,0.3297160838594787,0.37,0.3216755912539045,0.42105263157894735,4,0,,,,,,,,,,,,,,,,,,,
spherical_g4_d4_s2,1200,4,spherical,4,2026092712,5,100,1,hgp_first_coverage,0.56186961214093,0.9016011576801077,0.6065686147225516,0.56186961214093,4,0.7575,0.6171697591863752,291,,,,0.6640033513780919,0,0.0,0,0,0.9607375979171672,0.7283333333333333,0.8274016619958509,0.8288288288288288,4,0,0.8274016619958509,0,0.8274016619958509,0,0.8274016619958509,0,915,915,7,6,554,354,1200,0,657.080996,149.67878800234757,20.416015999217052,,
spherical_g4_d4_s2,1200,4,spherical,4,2026092712,5,100,1,hdbscan_common,0.2118783539623067,0.29989514315012117,0.22602979939211032,0.2118783539623067,2,0.7558333333333334,0.32158785509546295,293,,,,0.47672688505162525,0,0.0,-2,2,0.3299593429936004,0.37,0.3219129592369029,0.42145230185097293,4,0,0.654261988946661,0,0.654261988946661,0,0.654261988946661,0,1199,1037,7,6,398,632,1200,0,,,26.959165999869583,False,True
spherical_g4_d4_s2,1200,4,spherical,4,2026092712,5,100,2,hgp_first_coverage,0.56186961214093,0.9016011576801077,0.6065686147225516,0.56186961214093,4,0.7575,0.6171697591863752,291,,,,0.6640033513780919,0,0.0,0,0,0.9607375979171672,0.7283333333333333,0.8274016619958509,0.8288288288288288,4,0,0.8274016619958509,0,0.8274016619958509,0,0.8274016619958509,0,915,915,7,6,554,354,1200,0,657.080996,149.67878800234757,23.72107800329104,,
spherical_g4_d4_s2,1200,4,spherical,4,2026092712,5,100,2,hdbscan_common,0.2118783539623067,0.29989514315012117,0.22602979939211032,0.2118783539623067,2,0.7558333333333334,0.32158785509546295,293,,,,0.47672688505162525,0,0.0,-2,2,0.3299593429936004,0.37,0.3219129592369029,0.42145230185097293,4,0,0.654261988946661,0,0.654261988946661,0,0.654261988946661,0,1199,1037,7,6,398,632,1200,0,,,31.046887997945305,False,True
spherical_g4_d4_s2,1200,4,spherical,4,2026092712,5,100,1,hdbscan_standard,0.21084085121010926,0.29749864135310594,0.2247727614328001,0.21084085121010926,2,0.7575,0.3192650659228722,291,,,,0.47672688505162525,0,0.0,-2,2,0.3297160838594787,0.37,0.3216755912539045,0.42105263157894735,4,0,,,,,,,,,,,,,,,,,,,
spherical_g4_d4_s2,1200,4,spherical,4,2026092712,10,10,1,hgp_first_coverage,0.27433825049506455,0.29745392840631424,0.27589920345175833,0.27433825049506455,2,0.9216666666666666,0.40509029529794754,94,,,,0.7272980144258533,0,0.0,-2,2,0.324307841880814,0.45,0.3514538987941397,0.4683434518647008,4,0,0.8658649504045847,0,0.8658649504045847,0,0.8658649504045847,0,887,887,43,42,272,572,1200,0,2925.811333,1188.4529239978292,27.724823001335608,,
spherical_g4_d4_s2,1200,4,spherical,4,2026092712,10,10,1,hdbscan_common,0.15179316272181728,0.9519612564817536,0.24192673326755124,0.15179316272181728,5,0.4325,0.42892306200909797,681,,,,0.40566069959738094,0,0.0,1,1,0.9895789547428891,0.42,0.589226131849533,0.5863874345549738,4,0,0.611202046352323,0,0.611202046352323,0,0.6108414906550524,0,1199,1134,13,12,75,1046,1200,0,,,32.87470600116649,False,True
spherical_g4_d4_s2,1200,4,spherical,4,2026092712,10,10,2,hgp_first_coverage,0.24896574075814523,0.6971882134049899,0.30683301443910516,0.24896574075814523,16,0.6058333333333333,0.4715166555389409,473,,,,0.7272980144258533,0,0.0,12,12,0.9915704343590992,0.4166666666666667,0.5545519503926399,0.5189413596263622,4,0,0.8658649504045847,0,0.8658649504045847,0,0.8658649504045847,0,887,887,43,42,272,572,1200,0,2925.811333,1188.4529239978292,26.65942699968582,,
spherical_g4_d4_s2,1200,4,spherical,4,2026092712,10,10,2,hdbscan_common,0.15179316272181728,0.9519612564817536,0.24192673326755124,0.15179316272181728,5,0.4325,0.42892306200909797,681,,,,0.40566069959738094,0,0.0,1,1,0.9895789547428891,0.42,0.589226131849533,0.5863874345549738,4,0,0.611202046352323,0,0.611202046352323,0,0.6108414906550524,0,1199,1134,13,12,75,1046,1200,0,,,26.742802998342086,False,True
spherical_g4_d4_s2,1200,4,spherical,4,2026092712,10,10,1,hdbscan_standard,0.15392472280428962,0.952130194997936,0.24450481734435842,0.15392472280428962,5,0.435,0.43076544872529726,678,,,,0.40566069959738094,0,0.0,1,1,0.989665150888797,0.4225,0.5917356690378468,0.5888501742160279,4,0,,,,,,,,,,,,,,,,,,,
spherical_g4_d4_s2,1200,4,spherical,4,2026092712,10,20,1,hgp_first_coverage,0.27433825049506455,0.29745392840631424,0.27589920345175833,0.27433825049506455,2,0.9216666666666666,0.40509029529794754,94,,,,0.7272980144258533,0,0.0,-2,2,0.324307841880814,0.45,0.3514538987941397,0.4683434518647008,4,0,0.8658649504045847,0,0.8658649504045847,0,0.8658649504045847,0,887,887,21,20,362,504,1200,0,2925.811333,1188.4529239978292,20.300389998737955,,
spherical_g4_d4_s2,1200,4,spherical,4,2026092712,10,20,1,hdbscan_common,0.17207092646904154,0.9664846837622881,0.2663822079705142,0.17207092646904154,4,0.44916666666666666,0.44212156961686544,661,,,,0.40566069959738094,0,0.0,0,0,0.9875028115159694,0.44333333333333336,0.6108414906550524,0.6118458884416331,4,0,0.611202046352323,0,0.611202046352323,0,0.6108414906550524,0,1199,1134,7,6,115,1012,1200,0,,,24.10530500128516,False,True
spherical_g4_d4_s2,1200,4,spherical,4,2026092712,10,20,2,hgp_first_coverage,0.5501596340564022,0.8520663472388729,0.5863487475001827,0.5501596340564022,7,0.7733333333333333,0.6107882730091296,272,,,,0.7272980144258533,0,0.0,3,3,0.9733915999936389,0.6891666666666667,0.7932635898932183,0.7772556390977443,4,0,0.8658649504045847,0,0.8658649504045847,0,0.8658649504045847,0,887,887,21,20,362,504,1200,0,2925.811333,1188.4529239978292,20.591342999978224,,
spherical_g4_d4_s2,1200,4,spherical,4,2026092712,10,20,2,hdbscan_common,0.17207092646904154,0.9664846837622881,0.2663822079705142,0.17207092646904154,4,0.44916666666666666,0.44212156961686544,661,,,,0.40566069959738094,0,0.0,0,0,0.9875028115159694,0.44333333333333336,0.6108414906550524,0.6118458884416331,4,0,0.611202046352323,0,0.611202046352323,0,0.6108414906550524,0,1199,1134,7,6,115,1012,1200,0,,,25.673157997516682,False,True
spherical_g4_d4_s2,1200,4,spherical,4,2026092712,10,20,1,hdbscan_standard,0.17348980655479923,0.9665938530102124,0.2680980268528833,0.17348980655479923,4,0.4508333333333333,0.44331700444285194,659,,,,0.40566069959738094,0,0.0,0,0,0.9875390276538805,0.445,0.6125023168756676,0.6134405514072372,4,0,,,,,,,,,,,,,,,,,,,
spherical_g4_d4_s2,1200,4,spherical,4,2026092712,10,50,1,hgp_first_coverage,0.6532473525510816,0.8954892426892048,0.6813837933589935,0.6532473525510816,4,0.8233333333333334,0.6597889494031094,212,,,,0.7272980144258533,0,0.0,0,0,0.9599833203468369,0.79,0.8658649504045847,0.8665447897623401,4,0,0.8658649504045847,0,0.8658649504045847,0,0.8658649504045847,0,887,887,7,6,428,452,1200,0,2925.811333,1188.4529239978292,20.951334001438227,,
spherical_g4_d4_s2,1200,4,spherical,4,2026092712,10,50,1,hdbscan_common,0.17207092646904154,0.9664846837622881,0.2663822079705142,0.17207092646904154,4,0.44916666666666666,0.44212156961686544,661,,,,0.40566069959738094,0,0.0,0,0,0.9875028115159694,0.44333333333333336,0.6108414906550524,0.6118458884416331,4,0,0.611202046352323,0,0.611202046352323,0,0.6108414906550524,0,1199,1134,7,6,194,933,1200,0,,,24.031457000091905,False,True
spherical_g4_d4_s2,1200,4,spherical,4,2026092712,10,50,2,hgp_first_coverage,0.6532473525510816,0.8954892426892048,0.6813837933589935,0.6532473525510816,4,0.8233333333333334,0.6597889494031094,212,,,,0.7272980144258533,0,0.0,0,0,0.9599833203468369,0.79,0.8658649504045847,0.8665447897623401,4,0,0.8658649504045847,0,0.8658649504045847,0,0.8658649504045847,0,887,887,7,6,428,452,1200,0,2925.811333,1188.4529239978292,20.272759000363294,,
spherical_g4_d4_s2,1200,4,spherical,4,2026092712,10,50,2,hdbscan_common,0.17207092646904154,0.9664846837622881,0.2663822079705142,0.17207092646904154,4,0.44916666666666666,0.44212156961686544,661,,,,0.40566069959738094,0,0.0,0,0,0.9875028115159694,0.44333333333333336,0.6108414906550524,0.6118458884416331,4,0,0.611202046352323,0,0.611202046352323,0,0.6108414906550524,0,1199,1134,7,6,194,933,1200,0,,,25.340195999888238,False,True
spherical_g4_d4_s2,1200,4,spherical,4,2026092712,10,50,1,hdbscan_standard,0.17348980655479923,0.9665938530102124,0.2680980268528833,0.17348980655479923,4,0.4508333333333333,0.44331700444285194,659,,,,0.40566069959738094,0,0.0,0,0,0.9875390276538805,0.445,0.6125023168756676,0.6134405514072372,4,0,,,,,,,,,,,,,,,,,,,
spherical_g4_d4_s2,1200,4,spherical,4,2026092712,10,100,1,hgp_first_coverage,0.6532473525510816,0.8954892426892048,0.6813837933589935,0.6532473525510816,4,0.8233333333333334,0.6597889494031094,212,,,,0.7272980144258533,0,0.0,0,0,0.9599833203468369,0.79,0.8658649504045847,0.8665447897623401,4,0,0.8658649504045847,0,0.8658649504045847,0,0.8658649504045847,0,887,887,7,6,473,407,1200,0,2925.811333,1188.4529239978292,19.921264000004157,,
spherical_g4_d4_s2,1200,4,spherical,4,2026092712,10,100,1,hdbscan_common,0.17207092646904154,0.9664846837622881,0.2663822079705142,0.17207092646904154,4,0.44916666666666666,0.44212156961686544,661,,,,0.40566069959738094,0,0.0,0,0,0.9875028115159694,0.44333333333333336,0.6108414906550524,0.6118458884416331,4,0,0.611202046352323,0,0.611202046352323,0,0.6108414906550524,0,1199,1134,7,6,361,766,1200,0,,,24.49417000025278,False,True
spherical_g4_d4_s2,1200,4,spherical,4,2026092712,10,100,2,hgp_first_coverage,0.6532473525510816,0.8954892426892048,0.6813837933589935,0.6532473525510816,4,0.8233333333333334,0.6597889494031094,212,,,,0.7272980144258533,0,0.0,0,0,0.9599833203468369,0.79,0.8658649504045847,0.8665447897623401,4,0,0.8658649504045847,0,0.8658649504045847,0,0.8658649504045847,0,887,887,7,6,473,407,1200,0,2925.811333,1188.4529239978292,20.037059002788737,,
spherical_g4_d4_s2,1200,4,spherical,4,2026092712,10,100,2,hdbscan_common,0.17207092646904154,0.9664846837622881,0.2663822079705142,0.17207092646904154,4,0.44916666666666666,0.44212156961686544,661,,,,0.40566069959738094,0,0.0,0,0,0.9875028115159694,0.44333333333333336,0.6108414906550524,0.6118458884416331,4,0,0.611202046352323,0,0.611202046352323,0,0.6108414906550524,0,1199,1134,7,6,361,766,1200,0,,,24.110204001772217,False,True
spherical_g4_d4_s2,1200,4,spherical,4,2026092712,10,100,1,hdbscan_standard,0.17348980655479923,0.9665938530102124,0.2680980268528833,0.17348980655479923,4,0.4508333333333333,0.44331700444285194,659,,,,0.40566069959738094,0,0.0,0,0,0.9875390276538805,0.445,0.6125023168756676,0.6134405514072372,4,0,,,,,,,,,,,,,,,,,,,
spherical_g4_d4_s3,1200,4,spherical,4,2026092713,5,10,1,hgp_first_coverage,0.5264120757957511,0.7974004783466029,0.5551499179296439,0.5264120757957511,11,0.78,0.5856788849584654,264,,,,0.699892831285373,0,0.0,7,7,0.9650236104892265,0.685,0.7958397049397443,0.7696629213483146,4,0,0.8466036964022008,0,0.8466036964022008,0,0.8466036964022008,0,944,944,51,50,423,470,1200,0,660.041202,191.89216399900033,24.082993000774877,,
spherical_g4_d4_s3,1200,4,spherical,4,2026092713,5,10,1,hdbscan_common,0.22441347809873868,0.31255232826909435,0.23855217095307488,0.22441347809873868,2,0.7666666666666667,0.33577344314851615,280,,,,0.5229793490836261,0,0.0,-2,2,0.33316225038892144,0.38416666666666666,0.3321430484044954,0.4349056603773585,4,0,0.7135023988986638,0,0.7135023988986638,0,0.7135023988986638,0,1199,1026,21,20,169,836,1200,0,,,26.690523998695426,False,True
spherical_g4_d4_s3,1200,4,spherical,4,2026092713,5,10,2,hgp_first_coverage,0.5264120757957511,0.7974004783466029,0.5551499179296439,0.5264120757957511,11,0.78,0.5856788849584654,264,,,,0.699892831285373,0,0.0,7,7,0.9650236104892265,0.685,0.7958397049397443,0.7696629213483146,4,0,0.8466036964022008,0,0.8466036964022008,0,0.8466036964022008,0,944,944,51,50,423,470,1200,0,660.041202,191.89216399900033,22.703580998495454,,
spherical_g4_d4_s3,1200,4,spherical,4,2026092713,5,10,2,hdbscan_common,0.3422767519972932,0.9417313194959228,0.4234750645357079,0.3422767519972932,4,0.5833333333333334,0.528081402940006,500,,,,0.5229793490836261,0,0.0,0,0,0.9776800286522559,0.5700000000000001,0.7135023988986638,0.72,4,0,0.7135023988986638,0,0.7135023988986638,0,0.7135023988986638,0,1199,1026,21,20,169,836,1200,0,,,31.10569699856569,False,True
spherical_g4_d4_s3,1200,4,spherical,4,2026092713,5,10,1,hdbscan_standard,0.22411969486837469,0.31163670815152816,0.2381182075864446,0.22411969486837469,2,0.7675,0.3335620171246861,279,,,,0.5229793490836261,0,0.0,-2,2,0.3320706750117432,0.38416666666666666,0.33173901091558844,0.4347006129184347,4,0,,,,,,,,,,,,,,,,,,,
spherical_g4_d4_s3,1200,4,spherical,4,2026092713,5,20,1,hgp_first_coverage,0.6210898504395026,0.8889485963553035,0.6503886277817736,0.6210898504395026,4,0.7991666666666667,0.6399610698936915,241,,,,0.699892831285373,0,0.0,0,0,0.9564363941157774,0.7641666666666667,0.8466036964022008,0.8494673459935155,4,0,0.8466036964022008,0,0.8466036964022008,0,0.8466036964022008,0,944,944,17,16,506,421,1200,0,660.041202,191.89216399900033,21.195720000832807,,
spherical_g4_d4_s3,1200,4,spherical,4,2026092713,5,20,1,hdbscan_common,0.22441347809873868,0.31255232826909435,0.23855217095307488,0.22441347809873868,2,0.7666666666666667,0.33577344314851615,280,,,,0.5229793490836261,0,0.0,-2,2,0.33316225038892144,0.38416666666666666,0.3321430484044954,0.4349056603773585,4,0,0.7135023988986638,0,0.7135023988986638,0,0.7135023988986638,0,1199,1026,11,10,211,804,1200,0,,,24.23223100049654,False,True
spherical_g4_d4_s3,1200,4,spherical,4,2026092713,5,20,2,hgp_first_coverage,0.6210898504395026,0.8889485963553035,0.6503886277817736,0.6210898504395026,4,0.7991666666666667,0.6399610698936915,241,,,,0.699892831285373,0,0.0,0,0,0.9564363941157774,0.7641666666666667,0.8466036964022008,0.8494673459935155,4,0,0.8466036964022008,0,0.8466036964022008,0,0.8466036964022008,0,944,944,17,16,506,421,1200,0,660.041202,191.89216399900033,20.536359999823617,,
spherical_g4_d4_s3,1200,4,spherical,4,2026092713,5,20,2,hdbscan_common,0.3422767519972932,0.9417313194959228,0.4234750645357079,0.3422767519972932,4,0.5833333333333334,0.528081402940006,500,,,,0.5229793490836261,0,0.0,0,0,0.9776800286522559,0.5700000000000001,0.7135023988986638,0.72,4,0,0.7135023988986638,0,0.7135023988986638,0,0.7135023988986638,0,1199,1026,11,10,211,804,1200,0,,,23.846041000069818,False,True
spherical_g4_d4_s3,1200,4,spherical,4,2026092713,5,20,1,hdbscan_standard,0.22411969486837469,0.31163670815152816,0.2381182075864446,0.22411969486837469,2,0.7675,0.3335620171246861,279,,,,0.5229793490836261,0,0.0,-2,2,0.3320706750117432,0.38416666666666666,0.33173901091558844,0.4347006129184347,4,0,,,,,,,,,,,,,,,,,,,
spherical_g4_d4_s3,1200,4,spherical,4,2026092713,5,50,1,hgp_first_coverage,0.6210898504395026,0.8889485963553035,0.6503886277817736,0.6210898504395026,4,0.7991666666666667,0.6399610698936915,241,,,,0.699892831285373,0,0.0,0,0,0.9564363941157774,0.7641666666666667,0.8466036964022008,0.8494673459935155,4,0,0.8466036964022008,0,0.8466036964022008,0,0.8466036964022008,0,944,944,7,6,538,399,1200,0,660.041202,191.89216399900033,20.35576300113462,,
spherical_g4_d4_s3,1200,4,spherical,4,2026092713,5,50,1,hdbscan_common,0.22441347809873868,0.31255232826909435,0.23855217095307488,0.22441347809873868,2,0.7666666666666667,0.33577344314851615,280,,,,0.5229793490836261,0,0.0,-2,2,0.33316225038892144,0.38416666666666666,0.3321430484044954,0.4349056603773585,4,0,0.7135023988986638,0,0.7135023988986638,0,0.7135023988986638,0,1199,1026,7,6,262,757,1200,0,,,23.405821000778815,False,True
spherical_g4_d4_s3,1200,4,spherical,4,2026092713,5,50,2,hgp_first_coverage,0.6210898504395026,0.8889485963553035,0.6503886277817736,0.6210898504395026,4,0.7991666666666667,0.6399610698936915,241,,,,0.699892831285373,0,0.0,0,0,0.9564363941157774,0.7641666666666667,0.8466036964022008,0.8494673459935155,4,0,0.8466036964022008,0,0.8466036964022008,0,0.8466036964022008,0,944,944,7,6,538,399,1200,0,660.041202,191.89216399900033,23.08738700230606,,
spherical_g4_d4_s3,1200,4,spherical,4,2026092713,5,50,2,hdbscan_common,0.3422767519972932,0.9417313194959228,0.4234750645357079,0.3422767519972932,4,0.5833333333333334,0.528081402940006,500,,,,0.5229793490836261,0,0.0,0,0,0.9776800286522559,0.5700000000000001,0.7135023988986638,0.72,4,0,0.7135023988986638,0,0.7135023988986638,0,0.7135023988986638,0,1199,1026,7,6,262,757,1200,0,,,24.13384699684684,False,True
spherical_g4_d4_s3,1200,4,spherical,4,2026092713,5,50,1,hdbscan_standard,0.22411969486837469,0.31163670815152816,0.2381182075864446,0.22411969486837469,2,0.7675,0.3335620171246861,279,,,,0.5229793490836261,0,0.0,-2,2,0.3320706750117432,0.38416666666666666,0.33173901091558844,0.4347006129184347,4,0,,,,,,,,,,,,,,,,,,,
spherical_g4_d4_s3,1200,4,spherical,4,2026092713,5,100,1,hgp_first_coverage,0.6210898504395026,0.8889485963553035,0.6503886277817736,0.6210898504395026,4,0.7991666666666667,0.6399610698936915,241,,,,0.699892831285373,0,0.0,0,0,0.9564363941157774,0.7641666666666667,0.8466036964022008,0.8494673459935155,4,0,0.8466036964022008,0,0.8466036964022008,0,0.8466036964022008,0,944,944,7,6,582,355,1200,0,660.041202,191.89216399900033,20.878908999293344,,
spherical_g4_d4_s3,1200,4,spherical,4,2026092713,5,100,1,hdbscan_common,0.22441347809873868,0.31255232826909435,0.23855217095307488,0.22441347809873868,2,0.7666666666666667,0.33577344314851615,280,,,,0.5229793490836261,0,0.0,-2,2,0.33316225038892144,0.38416666666666666,0.3321430484044954,0.4349056603773585,4,0,0.7135023988986638,0,0.7135023988986638,0,0.7135023988986638,0,1199,1026,7,6,362,657,1200,0,,,24.135611001838697,False,True
spherical_g4_d4_s3,1200,4,spherical,4,2026092713,5,100,2,hgp_first_coverage,0.6210898504395026,0.8889485963553035,0.6503886277817736,0.6210898504395026,4,0.7991666666666667,0.6399610698936915,241,,,,0.699892831285373,0,0.0,0,0,0.9564363941157774,0.7641666666666667,0.8466036964022008,0.8494673459935155,4,0,0.8466036964022008,0,0.8466036964022008,0,0.8466036964022008,0,944,944,7,6,582,355,1200,0,660.041202,191.89216399900033,20.321849999163533,,
spherical_g4_d4_s3,1200,4,spherical,4,2026092713,5,100,2,hdbscan_common,0.22441347809873868,0.31255232826909435,0.23855217095307488,0.22441347809873868,2,0.7666666666666667,0.33577344314851615,280,,,,0.5229793490836261,0,0.0,-2,2,0.33316225038892144,0.38416666666666666,0.3321430484044954,0.4349056603773585,4,0,0.7135023988986638,0,0.7135023988986638,0,0.7135023988986638,0,1199,1026,7,6,362,657,1200,0,,,27.063730998634128,False,True
spherical_g4_d4_s3,1200,4,spherical,4,2026092713,5,100,1,hdbscan_standard,0.22411969486837469,0.31163670815152816,0.2381182075864446,0.22411969486837469,2,0.7675,0.3335620171246861,279,,,,0.5229793490836261,0,0.0,-2,2,0.3320706750117432,0.38416666666666666,0.33173901091558844,0.4347006129184347,4,0,,,,,,,,,,,,,,,,,,,
spherical_g4_d4_s3,1200,4,spherical,4,2026092713,10,10,1,hgp_first_coverage,0.6900976824433035,0.868720877177097,0.70787430977664,0.6900976824433035,5,0.8641666666666666,0.671346641387783,163,,,,0.7588530957086663,0,0.0,1,1,0.9549968878531355,0.8141666666666667,0.8787814298221484,0.8734912829682611,4,0,0.8888624861613676,0,0.8888624861613676,0,0.8880806220166055,0,935,935,45,44,255,635,1200,0,2888.845517,1121.7719060005038,21.835362000274472,,
spherical_g4_d4_s3,1200,4,spherical,4,2026092713,10,10,1,hdbscan_common,0.37762318739590384,0.9438572015014929,0.4614481979577231,0.37762318739590384,4,0.62,0.5461402269173581,456,,,,0.5419001554889392,0,0.0,0,0,0.9790783971212862,0.6066666666666667,0.7461233909902,0.7489711934156379,4,0,0.7461233909902,0,0.7461233909902,0,0.7461233909902,0,1199,1131,11,10,59,1061,1200,0,,,24.87151300010737,False,True
spherical_g4_d4_s3,1200,4,spherical,4,2026092713,10,10,2,hgp_first_coverage,0.6900976824433035,0.868720877177097,0.70787430977664,0.6900976824433035,5,0.8641666666666666,0.671346641387783,163,,,,0.7588530957086663,0,0.0,1,1,0.9549968878531355,0.8141666666666667,0.8787814298221484,0.8734912829682611,4,0,0.8888624861613676,0,0.8888624861613676,0,0.8880806220166055,0,935,935,45,44,255,635,1200,0,2888.845517,1121.7719060005038,21.654234999004984,,
spherical_g4_d4_s3,1200,4,spherical,4,2026092713,10,10,2,hdbscan_common,0.37762318739590384,0.9438572015014929,0.4614481979577231,0.37762318739590384,4,0.62,0.5461402269173581,456,,,,0.5419001554889392,0,0.0,0,0,0.9790783971212862,0.6066666666666667,0.7461233909902,0.7489711934156379,4,0,0.7461233909902,0,0.7461233909902,0,0.7461233909902,0,1199,1131,11,10,59,1061,1200,0,,,25.42735899987747,False,True
spherical_g4_d4_s3,1200,4,spherical,4,2026092713,10,10,1,hdbscan_standard,0.37968675436315824,0.9407434829306762,0.4629245392175626,0.37968675436315824,4,0.6225,0.5458989618971649,453,,,,0.5419001554889392,0,0.0,0,0,0.9780151446015883,0.6083333333333333,0.7470025858868119,0.7498715973292245,4,0,,,,,,,,,,,,,,,,,,,
spherical_g4_d4_s3,1200,4,spherical,4,2026092713,10,20,1,hgp_first_coverage,0.7128661485581937,0.883817990088946,0.7288159787772136,0.7128661485581937,4,0.87,0.6857792639208474,156,,,,0.7588530957086663,0,0.0,0,0,0.9553818019001553,0.8308333333333333,0.8880806220166055,0.8885918003565062,4,0,0.8888624861613676,0,0.8888624861613676,0,0.8880806220166055,0,935,935,15,14,357,563,1200,0,2888.845517,1121.7719060005038,23.066977999405935,,
spherical_g4_d4_s3,1200,4,spherical,4,2026092713,10,20,1,hdbscan_common,0.37762318739590384,0.9438572015014929,0.4614481979577231,0.37762318739590384,4,0.62,0.5461402269173581,456,,,,0.5419001554889392,0,0.0,0,0,0.9790783971212862,0.6066666666666667,0.7461233909902,0.7489711934156379,4,0,0.7461233909902,0,0.7461233909902,0,0.7461233909902,0,1199,1131,7,6,87,1037,1200,0,,,27.09871600018232,False,True
spherical_g4_d4_s3,1200,4,spherical,4,2026092713,10,20,2,hgp_first_coverage,0.7128661485581937,0.883817990088946,0.7288159787772136,0.7128661485581937,4,0.87,0.6857792639208474,156,,,,0.7588530957086663,0,0.0,0,0,0.9553818019001553,0.8308333333333333,0.8880806220166055,0.8885918003565062,4,0,0.8888624861613676,0,0.8888624861613676,0,0.8880806220166055,0,935,935,15,14,357,563,1200,0,2888.845517,1121.7719060005038,37.207533001492266,,
spherical_g4_d4_s3,1200,4,spherical,4,2026092713,10,20,2,hdbscan_common,0.37762318739590384,0.9438572015014929,0.4614481979577231,0.37762318739590384,4,0.62,0.5461402269173581,456,,,,0.5419001554889392,0,0.0,0,0,0.9790783971212862,0.6066666666666667,0.7461233909902,0.7489711934156379,4,0,0.7461233909902,0,0.7461233909902,0,0.7461233909902,0,1199,1131,7,6,87,1037,1200,0,,,25.5152839999937,False,True
spherical_g4_d4_s3,1200,4,spherical,4,2026092713,10,20,1,hdbscan_standard,0.37968675436315824,0.9407434829306762,0.4629245392175626,0.37968675436315824,4,0.6225,0.5458989618971649,453,,,,0.5419001554889392,0,0.0,0,0,0.9780151446015883,0.6083333333333333,0.7470025858868119,0.7498715973292245,4,0,,,,,,,,,,,,,,,,,,,
spherical_g4_d4_s3,1200,4,spherical,4,2026092713,10,50,1,hgp_first_coverage,0.7128661485581937,0.883817990088946,0.7288159787772136,0.7128661485581937,4,0.87,0.6857792639208474,156,,,,0.7588530957086663,0,0.0,0,0,0.9553818019001553,0.8308333333333333,0.8880806220166055,0.8885918003565062,4,0,0.8888624861613676,0,0.8888624861613676,0,0.8880806220166055,0,935,935,9,8,431,495,1200,0,2888.845517,1121.7719060005038,20.802235998417018,,
spherical_g4_d4_s3,1200,4,spherical,4,2026092713,10,50,1,hdbscan_common,0.37762318739590384,0.9438572015014929,0.4614481979577231,0.37762318739590384,4,0.62,0.5461402269173581,456,,,,0.5419001554889392,0,0.0,0,0,0.9790783971212862,0.6066666666666667,0.7461233909902,0.7489711934156379,4,0,0.7461233909902,0,0.7461233909902,0,0.7461233909902,0,1199,1131,7,6,179,945,1200,0,,,32.21820100225159,False,True
spherical_g4_d4_s3,1200,4,spherical,4,2026092713,10,50,2,hgp_first_coverage,0.7128661485581937,0.883817990088946,0.7288159787772136,0.7128661485581937,4,0.87,0.6857792639208474,156,,,,0.7588530957086663,0,0.0,0,0,0.9553818019001553,0.8308333333333333,0.8880806220166055,0.8885918003565062,4,0,0.8888624861613676,0,0.8888624861613676,0,0.8880806220166055,0,935,935,9,8,431,495,1200,0,2888.845517,1121.7719060005038,21.43550300024799,,
spherical_g4_d4_s3,1200,4,spherical,4,2026092713,10,50,2,hdbscan_common,0.37762318739590384,0.9438572015014929,0.4614481979577231,0.37762318739590384,4,0.62,0.5461402269173581,456,,,,0.5419001554889392,0,0.0,0,0,0.9790783971212862,0.6066666666666667,0.7461233909902,0.7489711934156379,4,0,0.7461233909902,0,0.7461233909902,0,0.7461233909902,0,1199,1131,7,6,179,945,1200,0,,,49.90767300114385,False,True
spherical_g4_d4_s3,1200,4,spherical,4,2026092713,10,50,1,hdbscan_standard,0.37968675436315824,0.9407434829306762,0.4629245392175626,0.37968675436315824,4,0.6225,0.5458989618971649,453,,,,0.5419001554889392,0,0.0,0,0,0.9780151446015883,0.6083333333333333,0.7470025858868119,0.7498715973292245,4,0,,,,,,,,,,,,,,,,,,,
spherical_g4_d4_s3,1200,4,spherical,4,2026092713,10,100,1,hgp_first_coverage,0.7128661485581937,0.883817990088946,0.7288159787772136,0.7128661485581937,4,0.87,0.6857792639208474,156,,,,0.7588530957086663,0,0.0,0,0,0.9553818019001553,0.8308333333333333,0.8880806220166055,0.8885918003565062,4,0,0.8888624861613676,0,0.8888624861613676,0,0.8880806220166055,0,935,935,7,6,470,458,1200,0,2888.845517,1121.7719060005038,30.41039000163437,,
spherical_g4_d4_s3,1200,4,spherical,4,2026092713,10,100,1,hdbscan_common,0.37762318739590384,0.9438572015014929,0.4614481979577231,0.37762318739590384,4,0.62,0.5461402269173581,456,,,,0.5419001554889392,0,0.0,0,0,0.9790783971212862,0.6066666666666667,0.7461233909902,0.7489711934156379,4,0,0.7461233909902,0,0.7461233909902,0,0.7461233909902,0,1199,1131,7,6,353,771,1200,0,,,33.70915100094862,False,True
spherical_g4_d4_s3,1200,4,spherical,4,2026092713,10,100,2,hgp_first_coverage,0.7128661485581937,0.883817990088946,0.7288159787772136,0.7128661485581937,4,0.87,0.6857792639208474,156,,,,0.7588530957086663,0,0.0,0,0,0.9553818019001553,0.8308333333333333,0.8880806220166055,0.8885918003565062,4,0,0.8888624861613676,0,0.8888624861613676,0,0.8880806220166055,0,935,935,7,6,470,458,1200,0,2888.845517,1121.7719060005038,20.834014998399653,,
spherical_g4_d4_s3,1200,4,spherical,4,2026092713,10,100,2,hdbscan_common,0.37762318739590384,0.9438572015014929,0.4614481979577231,0.37762318739590384,4,0.62,0.5461402269173581,456,,,,0.5419001554889392,0,0.0,0,0,0.9790783971212862,0.6066666666666667,0.7461233909902,0.7489711934156379,4,0,0.7461233909902,0,0.7461233909902,0,0.7461233909902,0,1199,1131,7,6,353,771,1200,0,,,23.758158000418916,False,True
spherical_g4_d4_s3,1200,4,spherical,4,2026092713,10,100,1,hdbscan_standard,0.37968675436315824,0.9407434829306762,0.4629245392175626,0.37968675436315824,4,0.6225,0.5458989618971649,453,,,,0.5419001554889392,0,0.0,0,0,0.9780151446015883,0.6083333333333333,0.7470025858868119,0.7498715973292245,4,0,,,,,,,,,,,,,,,,,,,
spherical_g4_d2_s1,1200,4,spherical,2,2026092711,5,10,1,hgp_first_coverage,0.00040511426547554854,0.00020490527855644773,0.0002958226105339641,0.00040511426547554854,2,0.8608333333333333,0.011922493863463442,167,,,,0.2651374664350471,0,0.0,-2,2,0.24358614888546193,0.22916666666666666,0.1163784569472144,0.24630541871921183,4,0,0.40250610136536874,0,0.40250610136536874,0,0.38664563814087866,0,927,927,65,64,408,454,1200,0,717.506519,159.52677899986156,26.600215998769272,,
spherical_g4_d2_s1,1200,4,spherical,2,2026092711,5,10,1,hdbscan_common,0.0038579513942672843,0.0029135593138789177,0.0032350888820596784,0.0038579513942672843,2,0.5258333333333334,0.014006209639208768,569,,,,0.2548400870717531,0,0.0,-2,2,0.29864369501466276,0.15583333333333332,0.11227282259191948,0.2042599672310213,4,0,0.4024784104866732,0,0.4024784104866732,0,0.33695652173913043,0,1199,1041,21,20,195,825,1200,0,,,27.132889998028986,False,True
spherical_g4_d2_s1,1200,4,spherical,2,2026092711,5,10,2,hgp_first_coverage,0.008959251819737614,0.05755372956390855,0.013686181106103142,0.008959251819737614,33,0.4741666666666667,0.13353905448263628,631,,,,0.2651374664350471,0,0.0,29,29,0.6491681455190772,0.07333333333333333,0.13000574150906127,0.0994912379875636,4,0,0.40250610136536874,0,0.40250610136536874,0,0.38664563814087866,0,927,927,65,64,408,454,1200,0,717.506519,159.52677899986156,22.667223998723784,,
spherical_g4_d2_s1,1200,4,spherical,2,2026092711,5,10,2,hdbscan_common,0.0038579513942672843,0.0029135593138789177,0.0032350888820596784,0.0038579513942672843,2,0.5258333333333334,0.014006209639208768,569,,,,0.2548400870717531,0,0.0,-2,2,0.29864369501466276,0.15583333333333332,0.11227282259191948,0.2042599672310213,4,0,0.4024784104866732,0,0.4024784104866732,0,0.33695652173913043,0,1199,1041,21,20,195,825,1200,0,,,25.701891998323845,False,True
spherical_g4_d2_s1,1200,4,spherical,2,2026092711,5,10,1,hdbscan_standard,0.0019301137127290004,0.00252365220554856,0.0018860273444637667,0.0019301137127290004,3,0.4791666666666667,0.01768512925945208,625,,,,0.2548400870717531,0,0.0,-1,1,0.495413521496554,0.14083333333333334,0.1173878903696571,0.19042253521126762,4,0,,,,,,,,,,,,,,,,,,,
spherical_g4_d2_s1,1200,4,spherical,2,2026092711,5,20,1,hgp_first_coverage,0.003089404086264217,0.003824430512396106,0.0030447131957436063,0.003089404086264217,2,0.6583333333333333,0.017552293228303057,410,,,,0.2651374664350471,0,0.0,-2,2,0.2504279097865485,0.18833333333333332,0.1264155403847041,0.2271356783919598,4,0,0.40250610136536874,0,0.40250610136536874,0,0.35902255639097747,0,927,927,19,18,508,400,1200,0,717.506519,159.52677899986156,26.521720999880927,,
spherical_g4_d2_s1,1200,4,spherical,2,2026092711,5,20,1,hdbscan_common,0.0020814393776009466,0.016410780737451895,0.0023470855742300724,0.0020814393776009466,3,0.20916666666666667,0.013758492322866122,949,,,,0.2548400870717531,0,0.0,-1,1,0.27119900107871675,0.07416666666666666,0.11037475703833788,0.12267401791867677,4,0,0.4024784104866732,0,0.4024784104866732,0,0.2087378640776699,0,1199,1041,5,4,231,805,1200,0,,,32.92409799905727,False,True
spherical_g4_d2_s1,1200,4,spherical,2,2026092711,5,20,2,hgp_first_coverage,0.003089404086264217,0.003824430512396106,0.0030447131957436063,0.003089404086264217,2,0.6583333333333333,0.017552293228303057,410,,,,0.2651374664350471,0,0.0,-2,2,0.2504279097865485,0.18833333333333332,0.1264155403847041,0.2271356783919598,4,0,0.40250610136536874,0,0.40250610136536874,0,0.35902255639097747,0,927,927,19,18,508,400,1200,0,717.506519,159.52677899986156,22.701597001287155,,
spherical_g4_d2_s1,1200,4,spherical,2,2026092711,5,20,2,hdbscan_common,0.0020814393776009466,0.016410780737451895,0.0023470855742300724,0.0020814393776009466,3,0.20916666666666667,0.013758492322866122,949,,,,0.2548400870717531,0,0.0,-1,1,0.27119900107871675,0.07416666666666666,0.11037475703833788,0.12267401791867677,4,0,0.4024784104866732,0,0.4024784104866732,0,0.2087378640776699,0,1199,1041,5,4,231,805,1200,0,,,26.2139259975811,False,True
spherical_g4_d2_s1,1200,4,spherical,2,2026092711,5,20,1,hdbscan_standard,0.002166912613094005,0.015802105024245217,0.0023793045248150027,0.002166912613094005,3,0.21083333333333334,0.013974489487285418,947,,,,0.2548400870717531,0,0.0,-1,1,0.26909209954482033,0.07416666666666666,0.11021716710807528,0.12250516173434274,4,0,,,,,,,,,,,,,,,,,,,
spherical_g4_d2_s1,1200,4,spherical,2,2026092711,5,50,1,hgp_first_coverage,0.005466933491281881,0.09014282378070144,0.010541838239694505,0.005466933491281881,4,0.2816666666666667,0.035077070505639754,862,,,,0.2651374664350471,0,0.0,0,0,0.348606970189036,0.1,0.15400327657146728,0.15604681404421328,4,0,0.40250610136536874,0,0.40250610136536874,0,0.25170765027322406,0,927,927,7,6,560,360,1200,0,717.506519,159.52677899986156,21.441598000819795,,
spherical_g4_d2_s1,1200,4,spherical,2,2026092711,5,50,1,hdbscan_common,0.0018924335562699526,0.01838012879127959,0.002405882484285419,0.0018924335562699526,2,0.17833333333333334,0.013694068179528056,986,,,,0.2548400870717531,0,0.0,-2,2,0.21038819026790595,0.06666666666666667,0.09702164131133491,0.11315417256011315,4,0,0.4024784104866732,0,0.4024784104866732,0,0.17394471823441182,0,1199,1041,3,2,265,773,1200,0,,,26.40126600090298,False,True
spherical_g4_d2_s1,1200,4,spherical,2,2026092711,5,50,2,hgp_first_coverage,0.005466933491281881,0.09014282378070144,0.010541838239694505,0.005466933491281881,4,0.2816666666666667,0.035077070505639754,862,,,,0.2651374664350471,0,0.0,0,0,0.348606970189036,0.1,0.15400327657146728,0.15604681404421328,4,0,0.40250610136536874,0,0.40250610136536874,0,0.25170765027322406,0,927,927,7,6,560,360,1200,0,717.506519,159.52677899986156,23.935577999509405,,
spherical_g4_d2_s1,1200,4,spherical,2,2026092711,5,50,2,hdbscan_common,0.0018924335562699526,0.01838012879127959,0.002405882484285419,0.0018924335562699526,2,0.17833333333333334,0.013694068179528056,986,,,,0.2548400870717531,0,0.0,-2,2,0.21038819026790595,0.06666666666666667,0.09702164131133491,0.11315417256011315,4,0,0.4024784104866732,0,0.4024784104866732,0,0.17394471823441182,0,1199,1041,3,2,265,773,1200,0,,,28.52750000238302,False,True
spherical_g4_d2_s1,1200,4,spherical,2,2026092711,5,50,1,hdbscan_standard,0.001908156818960063,0.018214663230602147,0.002419337933170671,0.001908156818960063,2,0.17916666666666667,0.013724589268842048,985,,,,0.2548400870717531,0,0.0,-2,2,0.20988157322903087,0.06666666666666667,0.09690355764061966,0.11307420494699646,4,0,,,,,,,,,,,,,,,,,,,
spherical_g4_d2_s1,1200,4,spherical,2,2026092711,5,100,1,hgp_first_coverage,0.006498696078746564,0.06957575578026294,0.012149572823987674,0.006498696078746564,2,0.2975,0.025449779085872714,843,,,,0.2651374664350471,0,0.0,-2,2,0.1932173136992414,0.1125,0.13679952855459124,0.17341040462427745,4,0,0.40250610136536874,0,0.40250610136536874,0,0.25170765027322406,0,927,927,3,2,584,340,1200,0,717.506519,159.52677899986156,20.846588999120286,,
spherical_g4_d2_s1,1200,4,spherical,2,2026092711,5,100,1,hdbscan_common,0.0,,0.0,0.0,0,0.0,0.0,1200,,,,0.2548400870717531,0,0.0,-4,4,0.0,0.0,0.0,0.0,4,0,0.4024784104866732,0,0.4024784104866732,0,0.0,0,1199,1041,1,0,276,764,1200,0,,,24.25360100096441,True,True
spherical_g4_d2_s1,1200,4,spherical,2,2026092711,5,100,2,hgp_first_coverage,0.006498696078746564,0.06957575578026294,0.012149572823987674,0.006498696078746564,2,0.2975,0.025449779085872714,843,,,,0.2651374664350471,0,0.0,-2,2,0.1932173136992414,0.1125,0.13679952855459124,0.17341040462427745,4,0,0.40250610136536874,0,0.40250610136536874,0,0.25170765027322406,0,927,927,3,2,584,340,1200,0,717.506519,159.52677899986156,20.75737199993455,,
spherical_g4_d2_s1,1200,4,spherical,2,2026092711,5,100,2,hdbscan_common,0.0,,0.0,0.0,0,0.0,0.0,1200,,,,0.2548400870717531,0,0.0,-4,4,0.0,0.0,0.0,0.0,4,0,0.4024784104866732,0,0.4024784104866732,0,0.0,0,1199,1041,1,0,276,764,1200,0,,,196.91943900033948,True,True
spherical_g4_d2_s1,1200,4,spherical,2,2026092711,5,100,1,hdbscan_standard,0.0,,0.0,0.0,0,0.0,0.0,1200,,,,0.2548400870717531,0,0.0,-4,4,0.0,0.0,0.0,0.0,4,0,,,,,,,,,,,,,,,,,,,
spherical_g4_d2_s1,1200,4,spherical,2,2026092711,10,10,1,hgp_first_coverage,0.006124812951746911,0.0539535809745174,0.009560384421764991,0.006124812951746911,26,0.405,0.10876462053699477,714,,,,0.2656224103851277,0,0.0,22,22,0.6162765404076228,0.06333333333333334,0.11298734637596633,0.09015421115065243,4,0,0.4045365415328803,0,0.4045365415328803,0,0.37853345159710666,0,885,885,53,52,264,568,1200,0,3154.605347,1056.713434998528,23.65532500334666,,
spherical_g4_d2_s1,1200,4,spherical,2,2026092711,10,10,1,hdbscan_common,0.00048316074225683326,0.07834019409761803,0.0016002960942280604,0.00048316074225683326,3,0.1125,0.014645626947326004,1065,,,,0.2529158882083567,0,0.0,-1,1,0.2886816671700393,0.04416666666666667,0.07515921930296376,0.07940074906367041,4,0,0.40170738083616,0,0.40170738083616,0,0.13903106216031386,0,1199,1118,7,6,67,1044,1200,0,,,24.92550399983884,False,True
spherical_g4_d2_s1,1200,4,spherical,2,2026092711,10,10,2,hgp_first_coverage,0.006124812951746911,0.0539535809745174,0.009560384421764991,0.006124812951746911,26,0.405,0.10876462053699477,714,,,,0.2656224103851277,0,0.0,22,22,0.6162765404076228,0.06333333333333334,0.11298734637596633,0.09015421115065243,4,0,0.4045365415328803,0,0.4045365415328803,0,0.37853345159710666,0,885,885,53,52,264,568,1200,0,3154.605347,1056.713434998528,22.597243001655443,,
spherical_g4_d2_s1,1200,4,spherical,2,2026092711,10,10,2,hdbscan_common,0.00048316074225683326,0.07834019409761803,0.0016002960942280604,0.00048316074225683326,3,0.1125,0.014645626947326004,1065,,,,0.2529158882083567,0,0.0,-1,1,0.2886816671700393,0.04416666666666667,0.07515921930296376,0.07940074906367041,4,0,0.40170738083616,0,0.40170738083616,0,0.13903106216031386,0,1199,1118,7,6,67,1044,1200,0,,,25.67372900011833,False,True
spherical_g4_d2_s1,1200,4,spherical,2,2026092711,10,10,1,hdbscan_standard,0.0005930286784247434,0.0847397812994715,0.001840674800409663,0.0005930286784247434,3,0.115,0.015831601262942453,1062,,,,0.2529158882083567,0,0.0,-1,1,0.2912825437473325,0.04583333333333334,0.07769248798781203,0.08221225710014948,4,0,,,,,,,,,,,,,,,,,,,
spherical_g4_d2_s1,1200,4,spherical,2,2026092711,10,20,1,hgp_first_coverage,0.004370958339623683,0.003439131374415072,0.0035797178879599123,0.004370958339623683,3,0.5141666666666667,0.022540340022355866,583,,,,0.2656224103851277,0,0.0,-1,1,0.35539906103286384,0.15583333333333335,0.1347285132231369,0.2058337919647771,4,0,0.4045365415328803,0,0.4045365415328803,0,0.3558827403870598,0,885,885,21,20,365,499,1200,0,3154.605347,1056.713434998528,20.476778998272493,,
spherical_g4_d2_s1,1200,4,spherical,2,2026092711,10,20,1,hdbscan_common,0.00048316074225683326,0.07834019409761803,0.0016002960942280604,0.00048316074225683326,3,0.1125,0.014645626947326004,1065,,,,0.2529158882083567,0,0.0,-1,1,0.2886816671700393,0.04416666666666667,0.07515921930296376,0.07940074906367041,4,0,0.40170738083616,0,0.40170738083616,0,0.13903106216031386,0,1199,1118,5,4,89,1024,1200,0,,,24.80634200037457,False,True
spherical_g4_d2_s1,1200,4,spherical,2,2026092711,10,20,2,hgp_first_coverage,0.004370958339623683,0.003439131374415072,0.0035797178879599123,0.004370958339623683,3,0.5141666666666667,0.022540340022355866,583,,,,0.2656224103851277,0,0.0,-1,1,0.35539906103286384,0.15583333333333335,0.1347285132231369,0.2058337919647771,4,0,0.4045365415328803,0,0.4045365415328803,0,0.3558827403870598,0,885,885,21,20,365,499,1200,0,3154.605347,1056.713434998528,24.61095699982252,,
spherical_g4_d2_s1,1200,4,spherical,2,2026092711,10,20,2,hdbscan_common,0.00048316074225683326,0.07834019409761803,0.0016002960942280604,0.00048316074225683326,3,0.1125,0.014645626947326004,1065,,,,0.2529158882083567,0,0.0,-1,1,0.2886816671700393,0.04416666666666667,0.07515921930296376,0.07940074906367041,4,0,0.40170738083616,0,0.40170738083616,0,0.13903106216031386,0,1199,1118,5,4,89,1024,1200,0,,,26.351922999310773,False,True
spherical_g4_d2_s1,1200,4,spherical,2,2026092711,10,20,1,hdbscan_standard,0.0005930286784247434,0.0847397812994715,0.001840674800409663,0.0005930286784247434,3,0.115,0.015831601262942453,1062,,,,0.2529158882083567,0,0.0,-1,1,0.2912825437473325,0.04583333333333334,0.07769248798781203,0.08221225710014948,4,0,,,,,,,,,,,,,,,,,,,
spherical_g4_d2_s1,1200,4,spherical,2,2026092711,10,50,1,hgp_first_coverage,0.012291100486336052,0.11494498372647975,0.019973518116220543,0.012291100486336052,5,0.3475,0.056765455126881845,783,,,,0.2656224103851277,0,0.0,1,1,0.5209859148538394,0.14166666666666666,0.21412536613773758,0.21026592455163884,4,0,0.4045365415328803,0,0.4045365415328803,0,0.29130022414038703,0,885,885,9,8,424,452,1200,0,3154.605347,1056.713434998528,22.013123998476658,,
spherical_g4_d2_s1,1200,4,spherical,2,2026092711,10,50,1,hdbscan_common,0.0,,0.0,0.0,0,0.0,0.0,1200,,,,0.2529158882083567,0,0.0,-4,4,0.0,0.0,0.0,0.0,4,0,0.40170738083616,0,0.40170738083616,0,0.0,0,1199,1118,1,0,119,998,1200,0,,,26.858188000915106,True,True
spherical_g4_d2_s1,1200,4,spherical,2,2026092711,10,50,2,hgp_first_coverage,0.012291100486336052,0.11494498372647975,0.019973518116220543,0.012291100486336052,5,0.3475,0.056765455126881845,783,,,,0.2656224103851277,0,0.0,1,1,0.5209859148538394,0.14166666666666666,0.21412536613773758,0.21026592455163884,4,0,0.4045365415328803,0,0.4045365415328803,0,0.29130022414038703,0,885,885,9,8,424,452,1200,0,3154.605347,1056.713434998528,22.622989999945275,,
spherical_g4_d2_s1,1200,4,spherical,2,2026092711,10,50,2,hdbscan_common,0.0,,0.0,0.0,0,0.0,0.0,1200,,,,0.2529158882083567,0,0.0,-4,4,0.0,0.0,0.0,0.0,4,0,0.40170738083616,0,0.40170738083616,0,0.0,0,1199,1118,1,0,119,998,1200,0,,,25.874923998344457,True,True
spherical_g4_d2_s1,1200,4,spherical,2,2026092711,10,50,1,hdbscan_standard,0.0,,0.0,0.0,0,0.0,0.0,1200,,,,0.2529158882083567,0,0.0,-4,4,0.0,0.0,0.0,0.0,4,0,,,,,,,,,,,,,,,,,,,
spherical_g4_d2_s1,1200,4,spherical,2,2026092711,10,100,1,hgp_first_coverage,0.011749325284540736,0.06886877585740117,0.018282844402640625,0.011749325284540736,2,0.37333333333333335,0.03476352391187272,752,,,,0.2656224103851277,0,0.0,-2,2,0.20346320346320346,0.14333333333333334,0.16398937984841067,0.2087378640776699,4,0,0.4045365415328803,0,0.4045365415328803,0,0.29086385143653865,0,885,885,3,2,448,434,1200,0,3154.605347,1056.713434998528,21.294284000759944,,
spherical_g4_d2_s1,1200,4,spherical,2,2026092711,10,100,1,hdbscan_common,0.0,,0.0,0.0,0,0.0,0.0,1200,,,,0.2529158882083567,0,0.0,-4,4,0.0,0.0,0.0,0.0,4,0,0.40170738083616,0,0.40170738083616,0,0.0,0,1199,1118,1,0,146,971,1200,0,,,29.993833999469643,True,True
spherical_g4_d2_s1,1200,4,spherical,2,2026092711,10,100,2,hgp_first_coverage,0.011749325284540736,0.06886877585740117,0.018282844402640625,0.011749325284540736,2,0.37333333333333335,0.03476352391187272,752,,,,0.2656224103851277,0,0.0,-2,2,0.20346320346320346,0.14333333333333334,0.16398937984841067,0.2087378640776699,4,0,0.4045365415328803,0,0.4045365415328803,0,0.29086385143653865,0,885,885,3,2,448,434,1200,0,3154.605347,1056.713434998528,22.039242001483217,,
spherical_g4_d2_s1,1200,4,spherical,2,2026092711,10,100,2,hdbscan_common,0.0,,0.0,0.0,0,0.0,0.0,1200,,,,0.2529158882083567,0,0.0,-4,4,0.0,0.0,0.0,0.0,4,0,0.40170738083616,0,0.40170738083616,0,0.0,0,1199,1118,1,0,146,971,1200,0,,,30.522360000759363,True,True
spherical_g4_d2_s1,1200,4,spherical,2,2026092711,10,100,1,hdbscan_standard,0.0,,0.0,0.0,0,0.0,0.0,1200,,,,0.2529158882083567,0,0.0,-4,4,0.0,0.0,0.0,0.0,4,0,,,,,,,,,,,,,,,,,,,
spherical_g4_d2_s2,1200,4,spherical,2,2026092712,5,10,1,hgp_first_coverage,0.003204725735440363,0.0008021781781778486,0.0019492255430404101,0.003204725735440363,3,0.8391666666666666,0.036495918977847805,193,,,,0.26742866136848215,0,0.0,-1,1,0.532849428252523,0.24083333333333334,0.1465985611310701,0.26189397371998185,4,0,0.4145984005350562,0,0.4145984005350562,0,0.3999769469694682,0,917,917,59,58,424,434,1200,0,753.219777,157.6925890003622,21.41571999891312,,
spherical_g4_d2_s2,1200,4,spherical,2,2026092712,5,10,1,hdbscan_common,0.005316414823182645,0.0024123402591084433,0.0038806170768524778,0.005316414823182645,5,0.5208333333333334,0.043059843459223146,575,,,,0.2559107681193939,0,0.0,1,1,0.6146373056994818,0.16166666666666668,0.13623290177175204,0.2126027397260274,4,0,0.40265459189285546,0,0.40265459189285546,0,0.34492916123717265,0,1199,1020,21,20,203,796,1200,0,,,24.785523000900866,False,True
spherical_g4_d2_s2,1200,4,spherical,2,2026092712,5,10,2,hgp_first_coverage,0.00843663891510689,0.07009187917877738,0.013148532493686518,0.00843663891510689,30,0.42,0.14842166875142002,696,,,,0.26742866136848215,0,0.0,26,26,0.7332367013791162,0.06416666666666666,0.11723403428814737,0.0903755868544601,4,0,0.4145984005350562,0,0.4145984005350562,0,0.3999769469694682,0,917,917,59,58,424,434,1200,0,753.219777,157.6925890003622,21.57797299878439,,
spherical_g4_d2_s2,1200,4,spherical,2,2026092712,5,10,2,hdbscan_common,0.005316414823182645,0.0024123402591084433,0.0038806170768524778,0.005316414823182645,5,0.5208333333333334,0.043059843459223146,575,,,,0.2559107681193939,0,0.0,1,1,0.6146373056994818,0.16166666666666668,0.13623290177175204,0.2126027397260274,4,0,0.40265459189285546,0,0.40265459189285546,0,0.34492916123717265,0,1199,1020,21,20,203,796,1200,0,,,24.95462799925008,False,True
spherical_g4_d2_s2,1200,4,spherical,2,2026092712,5,10,1,hdbscan_standard,0.0031075664287652112,0.0011041900560310332,0.0020625800162740256,0.0031075664287652112,2,0.7841666666666667,0.014841462575345946,259,,,,0.2559107681193939,0,0.0,-2,2,0.2913265306122449,0.21333333333333335,0.11484106810618169,0.23914058851004202,4,0,,,,,,,,,,,,,,,,,,,
spherical_g4_d2_s2,1200,4,spherical,2,2026092712,5,20,1,hgp_first_coverage,0.008430304503773292,0.08708169084298821,0.013511561057411331,0.008430304503773292,5,0.29833333333333334,0.05756548093712588,842,,,,0.26742866136848215,0,0.0,1,1,0.6089143998740306,0.13916666666666666,0.2057147497408983,0.21437740693196405,4,0,0.4145984005350562,0,0.4145984005350562,0,0.29244394196344453,0,917,917,15,14,514,388,1200,0,753.219777,157.6925890003622,21.999278000293998,,
spherical_g4_d2_s2,1200,4,spherical,2,2026092712,5,20,1,hdbscan_common,0.0007847208129586254,0.009879937180066967,0.0013942142731493857,0.0007847208129586254,2,0.225,0.015352262959723278,930,,,,0.2559107681193939,0,0.0,-2,2,0.24638584247258227,0.075,0.09749530789167932,0.12244897959183673,4,0,0.40265459189285546,0,0.40265459189285546,0,0.22014925373134328,0,1199,1020,5,4,235,780,1200,0,,,24.316578997968463,False,True
spherical_g4_d2_s2,1200,4,spherical,2,2026092712,5,20,2,hgp_first_coverage,0.008430304503773292,0.08708169084298821,0.013511561057411331,0.008430304503773292,5,0.29833333333333334,0.05756548093712588,842,,,,0.26742866136848215,0,0.0,1,1,0.6089143998740306,0.13916666666666666,0.2057147497408983,0.21437740693196405,4,0,0.4145984005350562,0,0.4145984005350562,0,0.29244394196344453,0,917,917,15,14,514,388,1200,0,753.219777,157.6925890003622,20.41739900232642,,
spherical_g4_d2_s2,1200,4,spherical,2,2026092712,5,20,2,hdbscan_common,0.0007847208129586254,0.009879937180066967,0.0013942142731493857,0.0007847208129586254,2,0.225,0.015352262959723278,930,,,,0.2559107681193939,0,0.0,-2,2,0.24638584247258227,0.075,0.09749530789167932,0.12244897959183673,4,0,0.40265459189285546,0,0.40265459189285546,0,0.22014925373134328,0,1199,1020,5,4,235,780,1200,0,,,24.115574000461493,False,True
spherical_g4_d2_s2,1200,4,spherical,2,2026092712,5,20,1,hdbscan_standard,0.00081377544490074,0.008676886422921266,0.0013432606116548472,0.00081377544490074,2,0.22583333333333333,0.015315666920934615,929,,,,0.2559107681193939,0,0.0,-2,2,0.2460908413998511,0.075,0.0973806576790553,0.12236573759347383,4,0,,,,,,,,,,,,,,,,,,,
spherical_g4_d2_s2,1200,4,spherical,2,2026092712,5,50,1,hgp_first_coverage,0.010120878913636151,0.04502322057744173,0.013159721742424862,0.010120878913636151,2,0.3283333333333333,0.03252324108365227,806,,,,0.26742866136848215,0,0.0,-2,2,0.24130184331797233,0.135,0.15738985655737706,0.20326223337515684,4,0,0.4145984005350562,0,0.4145984005350562,0,0.27132428278688525,0,917,917,3,2,543,371,1200,0,753.219777,157.6925890003622,20.862047000264283,,
spherical_g4_d2_s2,1200,4,spherical,2,2026092712,5,50,1,hdbscan_common,0.0,,0.0,0.0,0,0.0,0.0,1200,,,,0.2559107681193939,0,0.0,-4,4,0.0,0.0,0.0,0.0,4,0,0.40265459189285546,0,0.40265459189285546,0,0.0,0,1199,1020,1,0,244,775,1200,0,,,23.93771199785988,True,True
spherical_g4_d2_s2,1200,4,spherical,2,2026092712,5,50,2,hgp_first_coverage,0.010120878913636151,0.04502322057744173,0.013159721742424862,0.010120878913636151,2,0.3283333333333333,0.03252324108365227,806,,,,0.26742866136848215,0,0.0,-2,2,0.24130184331797233,0.135,0.15738985655737706,0.20326223337515684,4,0,0.4145984005350562,0,0.4145984005350562,0,0.27132428278688525,0,917,917,3,2,543,371,1200,0,753.219777,157.6925890003622,20.5897290034045,,
spherical_g4_d2_s2,1200,4,spherical,2,2026092712,5,50,2,hdbscan_common,0.0,,0.0,0.0,0,0.0,0.0,1200,,,,0.2559107681193939,0,0.0,-4,4,0.0,0.0,0.0,0.0,4,0,0.40265459189285546,0,0.40265459189285546,0,0.0,0,1199,1020,1,0,244,775,1200,0,,,25.42161900055362,True,True
spherical_g4_d2_s2,1200,4,spherical,2,2026092712,5,50,1,hdbscan_standard,0.0,,0.0,0.0,0,0.0,0.0,1200,,,,0.2559107681193939,0,0.0,-4,4,0.0,0.0,0.0,0.0,4,0,,,,,,,,,,,,,,,,,,,
spherical_g4_d2_s2,1200,4,spherical,2,2026092712,5,100,1,hgp_first_coverage,0.0,,0.0,0.0,0,0.0,0.0,1200,,,,0.26742866136848215,0,0.0,-4,4,0.0,0.0,0.0,0.0,4,0,0.4145984005350562,0,0.4145984005350562,0,0.0,0,917,917,1,0,553,363,1200,0,753.219777,157.6925890003622,20.00230499834288,,
spherical_g4_d2_s2,1200,4,spherical,2,2026092712,5,100,1,hdbscan_common,0.0,,0.0,0.0,0,0.0,0.0,1200,,,,0.2559107681193939,0,0.0,-4,4,0.0,0.0,0.0,0.0,4,0,0.40265459189285546,0,0.40265459189285546,0,0.0,0,1199,1020,1,0,274,745,1200,0,,,23.681624999881024,True,True
spherical_g4_d2_s2,1200,4,spherical,2,2026092712,5,100,2,hgp_first_coverage,0.0,,0.0,0.0,0,0.0,0.0,1200,,,,0.26742866136848215,0,0.0,-4,4,0.0,0.0,0.0,0.0,4,0,0.4145984005350562,0,0.4145984005350562,0,0.0,0,917,917,1,0,553,363,1200,0,753.219777,157.6925890003622,20.298897001339355,,
spherical_g4_d2_s2,1200,4,spherical,2,2026092712,5,100,2,hdbscan_common,0.0,,0.0,0.0,0,0.0,0.0,1200,,,,0.2559107681193939,0,0.0,-4,4,0.0,0.0,0.0,0.0,4,0,0.40265459189285546,0,0.40265459189285546,0,0.0,0,1199,1020,1,0,274,745,1200,0,,,24.368836002395255,True,True
spherical_g4_d2_s2,1200,4,spherical,2,2026092712,5,100,1,hdbscan_standard,0.0,,0.0,0.0,0,0.0,0.0,1200,,,,0.2559107681193939,0,0.0,-4,4,0.0,0.0,0.0,0.0,4,0,,,,,,,,,,,,,,,,,,,
spherical_g4_d2_s2,1200,4,spherical,2,2026092712,10,10,1,hgp_first_coverage,0.002419492582977777,-0.0003962770909830658,0.001025971100447945,0.002419492582977777,2,0.8583333333333333,0.023505789029366352,170,,,,0.26747532090947407,0,0.0,-2,2,0.2773514851485148,0.23249999999999998,0.1265625,0.2502242152466368,4,0,0.40983732976899107,0,0.40983732976899107,0,0.3942763656854998,0,879,879,49,48,262,568,1200,0,3314.607491,1315.988627000479,29.631699002493406,,
spherical_g4_d2_s2,1200,4,spherical,2,2026092712,10,10,1,hdbscan_common,0.0005685196946292713,0.04918934729921721,0.0013181742288466444,0.0005685196946292713,3,0.10583333333333333,0.023520997833839576,1073,,,,0.25359219796696375,0,0.0,-1,1,0.48282828282828283,0.0475,0.07877545354561083,0.08590806330067823,4,0,0.40345969710668866,0,0.40345969710668866,0,0.17105263157894737,0,1199,1129,5,4,55,1069,1200,0,,,33.74610900209518,False,True
spherical_g4_d2_s2,1200,4,spherical,2,2026092712,10,10,2,hgp_first_coverage,0.012377463604185696,0.07982822935020702,0.016128781341967817,0.012377463604185696,25,0.43,0.1432837343821415,684,,,,0.26747532090947407,0,0.0,21,21,0.7137524240465417,0.07416666666666667,0.13376141530888896,0.10372960372960373,4,0,0.40983732976899107,0,0.40983732976899107,0,0.3942763656854998,0,879,879,49,48,262,568,1200,0,3314.607491,1315.988627000479,22.061594001570484,,
spherical_g4_d2_s2,1200,4,spherical,2,2026092712,10,10,2,hdbscan_common,0.0005685196946292713,0.04918934729921721,0.0013181742288466444,0.0005685196946292713,3,0.10583333333333333,0.023520997833839576,1073,,,,0.25359219796696375,0,0.0,-1,1,0.48282828282828283,0.0475,0.07877545354561083,0.08590806330067823,4,0,0.40345969710668866,0,0.40345969710668866,0,0.17105263157894737,0,1199,1129,5,4,55,1069,1200,0,,,35.7894100015983,False,True
spherical_g4_d2_s2,1200,4,spherical,2,2026092712,10,10,1,hdbscan_standard,0.0006325708732050781,0.05089635763783561,0.0014312269402489814,0.0006325708732050781,3,0.10833333333333334,0.025380832399494072,1070,,,,0.25359219796696375,0,0.0,-1,1,0.48941387559808613,0.049166666666666664,0.08173042516303965,0.0887218045112782,4,0,,,,,,,,,,,,,,,,,,,
spherical_g4_d2_s2,1200,4,spherical,2,2026092712,10,20,1,hgp_first_coverage,0.01069019687278623,0.005038312677360487,0.007349887879892808,0.01069019687278623,4,0.6966666666666667,0.06066241253524557,364,,,,0.26747532090947407,0,0.0,0,0,0.532260708041958,0.22666666666666668,0.17460728960574612,0.26719056974459726,4,0,0.40983732976899107,0,0.40983732976899107,0,0.3942763656854998,0,879,879,21,20,382,476,1200,0,3314.607491,1315.988627000479,20.16882500174688,,
spherical_g4_d2_s2,1200,4,spherical,2,2026092712,10,20,1,hdbscan_common,0.0,,0.0,0.0,0,0.0,0.0,1200,,,,0.25359219796696375,0,0.0,-4,4,0.0,0.0,0.0,0.0,4,0,0.40345969710668866,0,0.40345969710668866,0,0.0,0,1199,1129,1,0,68,1060,1200,0,,,43.36323600000469,True,True
spherical_g4_d2_s2,1200,4,spherical,2,2026092712,10,20,2,hgp_first_coverage,0.01069019687278623,0.005038312677360487,0.007349887879892808,0.01069019687278623,4,0.6966666666666667,0.06066241253524557,364,,,,0.26747532090947407,0,0.0,0,0,0.532260708041958,0.22666666666666668,0.17460728960574612,0.26719056974459726,4,0,0.40983732976899107,0,0.40983732976899107,0,0.3942763656854998,0,879,879,21,20,382,476,1200,0,3314.607491,1315.988627000479,23.92126099948655,,
spherical_g4_d2_s2,1200,4,spherical,2,2026092712,10,20,2,hdbscan_common,0.0,,0.0,0.0,0,0.0,0.0,1200,,,,0.25359219796696375,0,0.0,-4,4,0.0,0.0,0.0,0.0,4,0,0.40345969710668866,0,0.40345969710668866,0,0.0,0,1199,1129,1,0,68,1060,1200,0,,,25.11045899882447,True,True
spherical_g4_d2_s2,1200,4,spherical,2,2026092712,10,20,1,hdbscan_standard,0.0,,0.0,0.0,0,0.0,0.0,1200,,,,0.25359219796696375,0,0.0,-4,4,0.0,0.0,0.0,0.0,4,0,,,,,,,,,,,,,,,,,,,
spherical_g4_d2_s2,1200,4,spherical,2,2026092712,10,50,1,hgp_first_coverage,0.007271137165778766,0.030276270270144852,0.010420781716111716,0.007271137165778766,2,0.4025,0.025440927292490277,717,,,,0.26747532090947407,0,0.0,-2,2,0.2236919893585575,0.14333333333333334,0.15232761507833142,0.2043969102792632,4,0,0.40983732976899107,0,0.40983732976899107,0,0.2934450935883601,0,879,879,3,2,433,443,1200,0,3314.607491,1315.988627000479,20.09370499945362,,
spherical_g4_d2_s2,1200,4,spherical,2,2026092712,10,50,1,hdbscan_common,0.0,,0.0,0.0,0,0.0,0.0,1200,,,,0.25359219796696375,0,0.0,-4,4,0.0,0.0,0.0,0.0,4,0,0.40345969710668866,0,0.40345969710668866,0,0.0,0,1199,1129,1,0,89,1039,1200,0,,,24.191696000343654,True,True
spherical_g4_d2_s2,1200,4,spherical,2,2026092712,10,50,2,hgp_first_coverage,0.007271137165778766,0.030276270270144852,0.010420781716111716,0.007271137165778766,2,0.4025,0.025440927292490277,717,,,,0.26747532090947407,0,0.0,-2,2,0.2236919893585575,0.14333333333333334,0.15232761507833142,0.2043969102792632,4,0,0.40983732976899107,0,0.40983732976899107,0,0.2934450935883601,0,879,879,3,2,433,443,1200,0,3314.607491,1315.988627000479,19.97049499914283,,
spherical_g4_d2_s2,1200,4,spherical,2,2026092712,10,50,2,hdbscan_common,0.0,,0.0,0.0,0,0.0,0.0,1200,,,,0.25359219796696375,0,0.0,-4,4,0.0,0.0,0.0,0.0,4,0,0.40345969710668866,0,0.40345969710668866,0,0.0,0,1199,1129,1,0,89,1039,1200,0,,,24.105454998789355,True,True
spherical_g4_d2_s2,1200,4,spherical,2,2026092712,10,50,1,hdbscan_standard,0.0,,0.0,0.0,0,0.0,0.0,1200,,,,0.25359219796696375,0,0.0,-4,4,0.0,0.0,0.0,0.0,4,0,,,,,,,,,,,,,,,,,,,
spherical_g4_d2_s2,1200,4,spherical,2,2026092712,10,100,1,hgp_first_coverage,0.0,,0.0,0.0,0,0.0,0.0,1200,,,,0.26747532090947407,0,0.0,-4,4,0.0,0.0,0.0,0.0,4,0,0.40983732976899107,0,0.40983732976899107,0,0.0,0,879,879,1,0,446,432,1200,0,3314.607491,1315.988627000479,20.335335000709165,,
spherical_g4_d2_s2,1200,4,spherical,2,2026092712,10,100,1,hdbscan_common,0.0,,0.0,0.0,0,0.0,0.0,1200,,,,0.25359219796696375,0,0.0,-4,4,0.0,0.0,0.0,0.0,4,0,0.40345969710668866,0,0.40345969710668866,0,0.0,0,1199,1129,1,0,120,1008,1200,0,,,24.115383999742335,True,True
spherical_g4_d2_s2,1200,4,spherical,2,2026092712,10,100,2,hgp_first_coverage,0.0,,0.0,0.0,0,0.0,0.0,1200,,,,0.26747532090947407,0,0.0,-4,4,0.0,0.0,0.0,0.0,4,0,0.40983732976899107,0,0.40983732976899107,0,0.0,0,879,879,1,0,446,432,1200,0,3314.607491,1315.988627000479,37.57915700043668,,
spherical_g4_d2_s2,1200,4,spherical,2,2026092712,10,100,2,hdbscan_common,0.0,,0.0,0.0,0,0.0,0.0,1200,,,,0.25359219796696375,0,0.0,-4,4,0.0,0.0,0.0,0.0,4,0,0.40345969710668866,0,0.40345969710668866,0,0.0,0,1199,1129,1,0,120,1008,1200,0,,,26.237650999973994,True,True
spherical_g4_d2_s2,1200,4,spherical,2,2026092712,10,100,1,hdbscan_standard,0.0,,0.0,0.0,0,0.0,0.0,1200,,,,0.25359219796696375,0,0.0,-4,4,0.0,0.0,0.0,0.0,4,0,,,,,,,,,,,,,,,,,,,
spherical_g4_d2_s3,1200,4,spherical,2,2026092713,5,10,1,hgp_first_coverage,0.0010559801942853656,0.0007189990412820074,0.0008624348942396354,0.0010559801942853656,3,0.9075,0.028596499543282174,111,,,,0.27393754417291366,0,0.0,-1,1,0.5450054670415495,0.25166666666666665,0.13653704718875684,0.2638706858890345,4,0,0.408124713938887,0,0.408124713938887,0,0.4043110592020914,0,932,932,69,68,432,431,1200,0,714.972437,167.957227997249,22.423468999477336,,
spherical_g4_d2_s3,1200,4,spherical,2,2026092713,5,10,1,hdbscan_common,0.00600316201780074,0.13204317380407005,0.011890060481649993,0.00600316201780074,13,0.2758333333333333,0.0998395347818589,869,,,,0.26321903436454047,0,0.0,9,9,0.6995039682539682,0.08499999999999999,0.1490701930759125,0.13324624428478118,4,0,0.4021039194923124,0,0.4021039194923124,0,0.29838709677419356,0,1199,1036,24,23,186,826,1200,0,,,27.750211000238778,False,True
spherical_g4_d2_s3,1200,4,spherical,2,2026092713,5,10,2,hgp_first_coverage,0.012388689237683777,0.07596025685341742,0.019347618679381968,0.012388689237683777,33,0.49166666666666664,0.17284843424802057,610,,,,0.27393754417291366,0,0.0,29,29,0.6985989678202793,0.07916666666666666,0.14038727671516943,0.10614525139664804,4,0,0.408124713938887,0,0.408124713938887,0,0.4043110592020914,0,932,932,69,68,432,431,1200,0,714.972437,167.957227997249,23.22004300003755,,
spherical_g4_d2_s3,1200,4,spherical,2,2026092713,5,10,2,hdbscan_common,0.00600316201780074,0.13204317380407005,0.011890060481649993,0.00600316201780074,13,0.2758333333333333,0.0998395347818589,869,,,,0.26321903436454047,0,0.0,9,9,0.6995039682539682,0.08499999999999999,0.1490701930759125,0.13324624428478118,4,0,0.4021039194923124,0,0.4021039194923124,0,0.29838709677419356,0,1199,1036,24,23,186,826,1200,0,,,25.223500000720378,False,True
spherical_g4_d2_s3,1200,4,spherical,2,2026092713,5,10,1,hdbscan_standard,0.006450868621125547,0.13334753185871362,0.012516870810313298,0.006450868621125547,13,0.2816666666666667,0.10217403530217312,862,,,,0.26321903436454047,0,0.0,9,9,0.7032163742690059,0.08666666666666667,0.151703248645952,0.1352405721716515,4,0,,,,,,,,,,,,,,,,,,,
spherical_g4_d2_s3,1200,4,spherical,2,2026092713,5,20,1,hgp_first_coverage,0.0062668611400833515,0.008461779167660137,0.0061940630550127735,0.0062668611400833515,2,0.5216666666666666,0.02935807555494408,574,,,,0.27393754417291366,0,0.0,-2,2,0.314459234608985,0.16916666666666666,0.13625715017501921,0.22234392113910187,4,0,0.408124713938887,0,0.408124713938887,0,0.3420104836247776,0,932,932,19,18,544,369,1200,0,714.972437,167.957227997249,21.400150002591545,,
spherical_g4_d2_s3,1200,4,spherical,2,2026092713,5,20,1,hdbscan_common,0.007115430862392382,0.1948940743708878,0.014952822811665113,0.007115430862392382,6,0.24083333333333334,0.07386644019220309,911,,,,0.26321903436454047,0,0.0,2,2,0.637644105430604,0.11666666666666667,0.19711252029974924,0.1880456682337139,4,0,0.4021039194923124,0,0.4021039194923124,0,0.2661584167792129,0,1199,1036,11,10,244,781,1200,0,,,24.249633999716025,False,True
spherical_g4_d2_s3,1200,4,spherical,2,2026092713,5,20,2,hgp_first_coverage,0.0062668611400833515,0.008461779167660137,0.0061940630550127735,0.0062668611400833515,2,0.5216666666666666,0.02935807555494408,574,,,,0.27393754417291366,0,0.0,-2,2,0.314459234608985,0.16916666666666666,0.13625715017501921,0.22234392113910187,4,0,0.408124713938887,0,0.408124713938887,0,0.3420104836247776,0,932,932,19,18,544,369,1200,0,714.972437,167.957227997249,24.83887299968046,,
spherical_g4_d2_s3,1200,4,spherical,2,2026092713,5,20,2,hdbscan_common,0.007115430862392382,0.1948940743708878,0.014952822811665113,0.007115430862392382,6,0.24083333333333334,0.07386644019220309,911,,,,0.26321903436454047,0,0.0,2,2,0.637644105430604,0.11666666666666667,0.19711252029974924,0.1880456682337139,4,0,0.4021039194923124,0,0.4021039194923124,0,0.2661584167792129,0,1199,1036,11,10,244,781,1200,0,,,31.811843000468798,False,True
spherical_g4_d2_s3,1200,4,spherical,2,2026092713,5,20,1,hdbscan_standard,0.0072540818458604285,0.19275339654141505,0.015103890520728903,0.0072540818458604285,6,0.24333333333333335,0.07347960186594019,908,,,,0.26321903436454047,0,0.0,2,2,0.6359182564790847,0.1175,0.1982196057915161,0.18900804289544235,4,0,,,,,,,,,,,,,,,,,,,
spherical_g4_d2_s3,1200,4,spherical,2,2026092713,5,50,1,hgp_first_coverage,0.013377642853871271,0.12951831822932378,0.022293950495595054,0.013377642853871271,4,0.32083333333333336,0.0747661582056899,815,,,,0.27393754417291366,0,0.0,0,0,0.5388246762973851,0.14416666666666667,0.2146265138871727,0.21829652996845425,4,0,0.408124713938887,0,0.408124713938887,0,0.31945726622989873,0,932,932,9,8,582,341,1200,0,714.972437,167.957227997249,20.307744001911487,,
spherical_g4_d2_s3,1200,4,spherical,2,2026092713,5,50,1,hdbscan_common,0.012772727945970898,0.15288390632483864,0.02232662927917374,0.012772727945970898,3,0.28583333333333333,0.058974670684993166,857,,,,0.26321903436454047,0,0.0,-1,1,0.3902360586359708,0.1375,0.19362256269510858,0.21386908619572262,4,0,0.4021039194923124,0,0.4021039194923124,0,0.2661584167792129,0,1199,1036,7,6,313,716,1200,0,,,27.572369002882624,False,True
spherical_g4_d2_s3,1200,4,spherical,2,2026092713,5,50,2,hgp_first_coverage,0.013377642853871271,0.12951831822932378,0.022293950495595054,0.013377642853871271,4,0.32083333333333336,0.0747661582056899,815,,,,0.27393754417291366,0,0.0,0,0,0.5388246762973851,0.14416666666666667,0.2146265138871727,0.21829652996845425,4,0,0.408124713938887,0,0.408124713938887,0,0.31945726622989873,0,932,932,9,8,582,341,1200,0,714.972437,167.957227997249,21.273403999657603,,
spherical_g4_d2_s3,1200,4,spherical,2,2026092713,5,50,2,hdbscan_common,0.012772727945970898,0.15288390632483864,0.02232662927917374,0.012772727945970898,3,0.28583333333333333,0.058974670684993166,857,,,,0.26321903436454047,0,0.0,-1,1,0.3902360586359708,0.1375,0.19362256269510858,0.21386908619572262,4,0,0.4021039194923124,0,0.4021039194923124,0,0.2661584167792129,0,1199,1036,7,6,313,716,1200,0,,,24.740089000260923,False,True
spherical_g4_d2_s3,1200,4,spherical,2,2026092713,5,50,1,hdbscan_standard,0.01259403629007302,0.14949254785333427,0.022021790152099808,0.01259403629007302,3,0.2875,0.0576705799843268,855,,,,0.26321903436454047,0,0.0,-1,1,0.3865773661715352,0.1375,0.193309274395561,0.21359223300970873,4,0,,,,,,,,,,,,,,,,,,,
spherical_g4_d2_s3,1200,4,spherical,2,2026092713,5,100,1,hgp_first_coverage,0.0,,0.0,0.0,0,0.0,0.0,1200,,,,0.27393754417291366,0,0.0,-4,4,0.0,0.0,0.0,0.0,4,0,0.408124713938887,0,0.408124713938887,0,0.0,0,932,932,1,0,608,323,1200,0,714.972437,167.957227997249,21.09685499817715,,
spherical_g4_d2_s3,1200,4,spherical,2,2026092713,5,100,1,hdbscan_common,0.01315352946507958,0.13026789522955634,0.01917167557939721,0.01315352946507958,2,0.24166666666666667,0.04830766085090653,910,,,,0.26321903436454047,0,0.0,-2,2,0.22514171901332924,0.10833333333333334,0.14404749187357885,0.174496644295302,4,0,0.4021039194923124,0,0.4021039194923124,0,0.24547133242785416,0,1199,1036,3,2,331,702,1200,0,,,25.474186000792542,False,True
spherical_g4_d2_s3,1200,4,spherical,2,2026092713,5,100,2,hgp_first_coverage,0.0,,0.0,0.0,0,0.0,0.0,1200,,,,0.27393754417291366,0,0.0,-4,4,0.0,0.0,0.0,0.0,4,0,0.408124713938887,0,0.408124713938887,0,0.0,0,932,932,1,0,608,323,1200,0,714.972437,167.957227997249,20.409795000887243,,
spherical_g4_d2_s3,1200,4,spherical,2,2026092713,5,100,2,hdbscan_common,0.01315352946507958,0.13026789522955634,0.01917167557939721,0.01315352946507958,2,0.24166666666666667,0.04830766085090653,910,,,,0.26321903436454047,0,0.0,-2,2,0.22514171901332924,0.10833333333333334,0.14404749187357885,0.174496644295302,4,0,0.4021039194923124,0,0.4021039194923124,0,0.24547133242785416,0,1199,1036,3,2,331,702,1200,0,,,28.4444450007868,False,True
spherical_g4_d2_s3,1200,4,spherical,2,2026092713,5,100,1,hdbscan_standard,0.013090337033658042,0.1273501015290584,0.018966990675352704,0.013090337033658042,2,0.2425,0.04788438476836168,909,,,,0.26321903436454047,0,0.0,-2,2,0.22454032913449817,0.10833333333333334,0.14387424614697342,0.1743796109993293,4,0,,,,,,,,,,,,,,,,,,,
spherical_g4_d2_s3,1200,4,spherical,2,2026092713,10,10,1,hgp_first_coverage,0.015696662642758992,0.10957609617563364,0.02306829402200124,0.015696662642758992,24,0.43583333333333335,0.15613714469069434,677,,,,0.28053848088947303,0,0.0,20,20,0.7394084410213442,0.10083333333333333,0.17219463155945852,0.1404526987811956,4,0,0.4139762255835601,0,0.4139762255835601,0,0.3887355783850669,0,902,902,53,52,242,607,1200,0,3056.158363,1352.1313989986083,21.434564998344285,,
spherical_g4_d2_s3,1200,4,spherical,2,2026092713,10,10,1,hdbscan_common,0.0030537731129946515,0.004530907175650389,0.0031980641453860557,0.0030537731129946515,2,0.33666666666666667,0.015805205635953855,796,,,,0.2553569412651238,0,0.0,-2,2,0.3280456852791878,0.11083333333333333,0.10474574695547086,0.1658354114713217,4,0,0.40286907993146204,0,0.40286907993146204,0,0.2838616714697406,0,1199,1121,11,10,74,1036,1200,0,,,29.140613001800375,False,True
spherical_g4_d2_s3,1200,4,spherical,2,2026092713,10,10,2,hgp_first_coverage,0.011394890725155477,0.09950057405898595,0.018143294127750294,0.011394890725155477,26,0.4116666666666667,0.15594238702635435,706,,,,0.28053848088947303,0,0.0,22,22,0.831670345783249,0.08166666666666667,0.1482490014781577,0.11570247933884298,4,0,0.4139762255835601,0,0.4139762255835601,0,0.3887355783850669,0,902,902,53,52,242,607,1200,0,3056.158363,1352.1313989986083,26.376398996944772,,
spherical_g4_d2_s3,1200,4,spherical,2,2026092713,10,10,2,hdbscan_common,0.0030537731129946515,0.004530907175650389,0.0031980641453860557,0.0030537731129946515,2,0.33666666666666667,0.015805205635953855,796,,,,0.2553569412651238,0,0.0,-2,2,0.3280456852791878,0.11083333333333333,0.10474574695547086,0.1658354114713217,4,0,0.40286907993146204,0,0.40286907993146204,0,0.2838616714697406,0,1199,1121,11,10,74,1036,1200,0,,,24.447612999210833,False,True
spherical_g4_d2_s3,1200,4,spherical,2,2026092713,10,10,1,hdbscan_standard,0.0030716234616251156,0.00496400001602185,0.003266781286065858,0.0030716234616251156,2,0.3375,0.016876499874052237,795,,,,0.2553569412651238,0,0.0,-2,2,0.3280456852791878,0.11166666666666666,0.10630160215721342,0.16697819314641746,4,0,,,,,,,,,,,,,,,,,,,
spherical_g4_d2_s3,1200,4,spherical,2,2026092713,10,20,1,hgp_first_coverage,0.021296890118119558,0.16043850138241247,0.03168080426994131,0.021296890118119558,10,0.4025,0.13477082932852746,717,,,,0.28053848088947303,0,0.0,6,6,0.6185663948454646,0.13166666666666665,0.21505771061351941,0.18775995246583482,4,0,0.4139762255835601,0,0.4139762255835601,0,0.3795877659574468,0,902,902,19,18,358,525,1200,0,3056.158363,1352.1313989986083,20.607712998753414,,
spherical_g4_d2_s3,1200,4,spherical,2,2026092713,10,20,1,hdbscan_common,0.0033084667741836416,0.14354363279759091,0.007342471742263415,0.0033084667741836416,3,0.16833333333333333,0.03965598311914274,998,,,,0.2553569412651238,0,0.0,-1,1,0.3785962850815745,0.07916666666666666,0.12718898575106058,0.1355206847360913,4,0,0.40286907993146204,0,0.40286907993146204,0,0.19072164948453607,0,1199,1121,5,4,109,1007,1200,0,,,23.967396999069024,False,True
spherical_g4_d2_s3,1200,4,spherical,2,2026092713,10,20,2,hgp_first_coverage,0.021296890118119558,0.16043850138241247,0.03168080426994131,0.021296890118119558,10,0.4025,0.13477082932852746,717,,,,0.28053848088947303,0,0.0,6,6,0.6185663948454646,0.13166666666666665,0.21505771061351941,0.18775995246583482,4,0,0.4139762255835601,0,0.4139762255835601,0,0.3795877659574468,0,902,902,19,18,358,525,1200,0,3056.158363,1352.1313989986083,20.372383998619625,,
spherical_g4_d2_s3,1200,4,spherical,2,2026092713,10,20,2,hdbscan_common,0.0033084667741836416,0.14354363279759091,0.007342471742263415,0.0033084667741836416,3,0.16833333333333333,0.03965598311914274,998,,,,0.2553569412651238,0,0.0,-1,1,0.3785962850815745,0.07916666666666666,0.12718898575106058,0.1355206847360913,4,0,0.40286907993146204,0,0.40286907993146204,0,0.19072164948453607,0,1199,1121,5,4,109,1007,1200,0,,,24.24239000174566,False,True
spherical_g4_d2_s3,1200,4,spherical,2,2026092713,10,20,1,hdbscan_standard,0.003363701661877608,0.147302868118175,0.007554230722256871,0.003363701661877608,3,0.16916666666666666,0.04029458054065704,997,,,,0.2553569412651238,0,0.0,-1,1,0.3803496456894062,0.08,0.1284494703373571,0.1368496079828938,4,0,,,,,,,,,,,,,,,,,,,
spherical_g4_d2_s3,1200,4,spherical,2,2026092713,10,50,1,hgp_first_coverage,0.036964822111100505,0.1844970811065106,0.050708107360630306,0.036964822111100505,4,0.42,0.097801461291064,696,,,,0.28053848088947303,0,0.0,0,0,0.5093632174277335,0.20083333333333334,0.2737958588324825,0.2828638497652582,4,0,0.4139762255835601,0,0.4139762255835601,0,0.34628561293084315,0,902,902,7,6,416,479,1200,0,3056.158363,1352.1313989986083,20.521753001958132,,
spherical_g4_d2_s3,1200,4,spherical,2,2026092713,10,50,1,hdbscan_common,0.0028660914886716824,0.14719260936617987,0.006244886350316017,0.0028660914886716824,2,0.13916666666666666,0.029314676037348313,1033,,,,0.2553569412651238,0,0.0,-2,2,0.24288199936728883,0.06333333333333334,0.09883077679583668,0.11119239209948793,4,0,0.40286907993146204,0,0.40286907993146204,0,0.17218041004767043,0,1199,1121,3,2,147,971,1200,0,,,24.498116999893682,False,True
spherical_g4_d2_s3,1200,4,spherical,2,2026092713,10,50,2,hgp_first_coverage,0.036964822111100505,0.1844970811065106,0.050708107360630306,0.036964822111100505,4,0.42,0.097801461291064,696,,,,0.28053848088947303,0,0.0,0,0,0.5093632174277335,0.20083333333333334,0.2737958588324825,0.2828638497652582,4,0,0.4139762255835601,0,0.4139762255835601,0,0.34628561293084315,0,902,902,7,6,416,479,1200,0,3056.158363,1352.1313989986083,20.680138000898296,,
spherical_g4_d2_s3,1200,4,spherical,2,2026092713,10,50,2,hdbscan_common,0.0028660914886716824,0.14719260936617987,0.006244886350316017,0.0028660914886716824,2,0.13916666666666666,0.029314676037348313,1033,,,,0.2553569412651238,0,0.0,-2,2,0.24288199936728883,0.06333333333333334,0.09883077679583668,0.11119239209948793,4,0,0.40286907993146204,0,0.40286907993146204,0,0.17218041004767043,0,1199,1121,3,2,147,971,1200,0,,,25.26940600000671,False,True
spherical_g4_d2_s3,1200,4,spherical,2,2026092713,10,50,1,hdbscan_standard,0.002953184711551982,0.1512538458090678,0.006457164224348798,0.002953184711551982,2,0.14,0.030036137635384163,1032,,,,0.2553569412651238,0,0.0,-2,2,0.2446353599751205,0.06416666666666668,0.1000912613821332,0.11257309941520467,4,0,,,,,,,,,,,,,,,,,,,
spherical_g4_d2_s3,1200,4,spherical,2,2026092713,10,100,1,hgp_first_coverage,0.03270013708187314,0.18504514173225933,0.04238198749306197,0.03270013708187314,2,0.31,0.07634952480937805,828,,,,0.28053848088947303,0,0.0,-2,2,0.2585253456221198,0.15666666666666668,0.19381044487427468,0.23918575063613232,4,0,0.4139762255835601,0,0.4139762255835601,0,0.29632495164410055,0,902,902,3,2,454,445,1200,0,3056.158363,1352.1313989986083,21.062291001726408,,
spherical_g4_d2_s3,1200,4,spherical,2,2026092713,10,100,1,hdbscan_common,0.0,,0.0,0.0,0,0.0,0.0,1200,,,,0.2553569412651238,0,0.0,-4,4,0.0,0.0,0.0,0.0,4,0,0.40286907993146204,0,0.40286907993146204,0,0.0,0,1199,1121,1,0,171,949,1200,0,,,24.169283999071922,True,True
spherical_g4_d2_s3,1200,4,spherical,2,2026092713,10,100,2,hgp_first_coverage,0.03270013708187314,0.18504514173225933,0.04238198749306197,0.03270013708187314,2,0.31,0.07634952480937805,828,,,,0.28053848088947303,0,0.0,-2,2,0.2585253456221198,0.15666666666666668,0.19381044487427468,0.23918575063613232,4,0,0.4139762255835601,0,0.4139762255835601,0,0.29632495164410055,0,902,902,3,2,454,445,1200,0,3056.158363,1352.1313989986083,19.885226000042167,,
spherical_g4_d2_s3,1200,4,spherical,2,2026092713,10,100,2,hdbscan_common,0.0,,0.0,0.0,0,0.0,0.0,1200,,,,0.2553569412651238,0,0.0,-4,4,0.0,0.0,0.0,0.0,4,0,0.40286907993146204,0,0.40286907993146204,0,0.0,0,1199,1121,1,0,171,949,1200,0,,,24.16905299833161,True,True
spherical_g4_d2_s3,1200,4,spherical,2,2026092713,10,100,1,hdbscan_standard,0.0,,0.0,0.0,0,0.0,0.0,1200,,,,0.2553569412651238,0,0.0,-4,4,0.0,0.0,0.0,0.0,4,0,,,,,,,,,,,,,,,,,,,
spherical_g8_d8_s1,1200,8,spherical,8,2026092711,5,10,1,hgp_first_coverage,1.0,1.0,1.0,1.0,8,1.0,1.0,0,,,,1.0,8,1.0,0,0,1.0,1.0,1.0,1.0,8,0,1.0,8,1.0,8,1.0,8,961,961,49,48,395,517,1200,0,606.337914,130.85252699966077,24.706706000870327,,
spherical_g8_d8_s1,1200,8,spherical,8,2026092711,5,10,1,hdbscan_common,0.9980877132086475,1.0,0.9980940996568107,0.9980877132086475,8,0.9983333333333333,0.9973205135492342,2,,,,0.9979166666666667,6,0.75,0,0,1.0,0.9983333333333333,0.9991638795986622,0.9991659716430359,8,0,0.9991638795986622,6,0.9991638795986622,6,0.9991638795986622,6,1199,1066,23,22,180,863,1200,0,,,24.50321699870983,False,True
spherical_g8_d8_s1,1200,8,spherical,8,2026092711,5,10,2,hgp_first_coverage,1.0,1.0,1.0,1.0,8,1.0,1.0,0,,,,1.0,8,1.0,0,0,1.0,1.0,1.0,1.0,8,0,1.0,8,1.0,8,1.0,8,961,961,49,48,395,517,1200,0,606.337914,130.85252699966077,21.463860000949353,,
spherical_g8_d8_s1,1200,8,spherical,8,2026092711,5,10,2,hdbscan_common,0.9980877132086475,1.0,0.9980940996568107,0.9980877132086475,8,0.9983333333333333,0.9973205135492342,2,,,,0.9979166666666667,6,0.75,0,0,1.0,0.9983333333333333,0.9991638795986622,0.9991659716430359,8,0,0.9991638795986622,6,0.9991638795986622,6,0.9991638795986622,6,1199,1066,23,22,180,863,1200,0,,,24.680115999217378,False,True
spherical_g8_d8_s1,1200,8,spherical,8,2026092711,5,10,1,hdbscan_standard,0.9990477317510379,1.0,0.9990477317510379,0.9990477317510379,8,0.9991666666666666,0.9987977396662405,1,,,,0.9979166666666667,7,0.875,0,0,1.0,0.9991666666666666,0.9995819397993311,0.9995831596498541,8,0,,,,,,,,,,,,,,,,,,,
spherical_g8_d8_s1,1200,8,spherical,8,2026092711,5,20,1,hgp_first_coverage,1.0,1.0,1.0,1.0,8,1.0,1.0,0,,,,1.0,8,1.0,0,0,1.0,1.0,1.0,1.0,8,0,1.0,8,1.0,8,1.0,8,961,961,27,26,480,454,1200,0,606.337914,130.85252699966077,21.16283799841767,,
spherical_g8_d8_s1,1200,8,spherical,8,2026092711,5,20,1,hdbscan_common,0.9980877132086475,1.0,0.9980940996568107,0.9980877132086475,8,0.9983333333333333,0.9973205135492342,2,,,,0.9979166666666667,6,0.75,0,0,1.0,0.9983333333333333,0.9991638795986622,0.9991659716430359,8,0,0.9991638795986622,6,0.9991638795986622,6,0.9991638795986622,6,1199,1066,15,14,227,824,1200,0,,,24.06093200261239,False,True
spherical_g8_d8_s1,1200,8,spherical,8,2026092711,5,20,2,hgp_first_coverage,1.0,1.0,1.0,1.0,8,1.0,1.0,0,,,,1.0,8,1.0,0,0,1.0,1.0,1.0,1.0,8,0,1.0,8,1.0,8,1.0,8,961,961,27,26,480,454,1200,0,606.337914,130.85252699966077,21.071597999252845,,
spherical_g8_d8_s1,1200,8,spherical,8,2026092711,5,20,2,hdbscan_common,0.9980877132086475,1.0,0.9980940996568107,0.9980877132086475,8,0.9983333333333333,0.9973205135492342,2,,,,0.9979166666666667,6,0.75,0,0,1.0,0.9983333333333333,0.9991638795986622,0.9991659716430359,8,0,0.9991638795986622,6,0.9991638795986622,6,0.9991638795986622,6,1199,1066,15,14,227,824,1200,0,,,24.207476002629846,False,True
spherical_g8_d8_s1,1200,8,spherical,8,2026092711,5,20,1,hdbscan_standard,0.9990477317510379,1.0,0.9990477317510379,0.9990477317510379,8,0.9991666666666666,0.9987977396662405,1,,,,0.9979166666666667,7,0.875,0,0,1.0,0.9991666666666666,0.9995819397993311,0.9995831596498541,8,0,,,,,,,,,,,,,,,,,,,
spherical_g8_d8_s1,1200,8,spherical,8,2026092711,5,50,1,hgp_first_coverage,1.0,1.0,1.0,1.0,8,1.0,1.0,0,,,,1.0,8,1.0,0,0,1.0,1.0,1.0,1.0,8,0,1.0,8,1.0,8,1.0,8,961,961,15,14,554,392,1200,0,606.337914,130.85252699966077,20.815701001993148,,
spherical_g8_d8_s1,1200,8,spherical,8,2026092711,5,50,1,hdbscan_common,0.9980877132086475,1.0,0.9980940996568107,0.9980877132086475,8,0.9983333333333333,0.9973205135492342,2,,,,0.9979166666666667,6,0.75,0,0,1.0,0.9983333333333333,0.9991638795986622,0.9991659716430359,8,0,0.9991638795986622,6,0.9991638795986622,6,0.9991638795986622,6,1199,1066,15,14,338,713,1200,0,,,23.67183699971065,False,True
spherical_g8_d8_s1,1200,8,spherical,8,2026092711,5,50,2,hgp_first_coverage,1.0,1.0,1.0,1.0,8,1.0,1.0,0,,,,1.0,8,1.0,0,0,1.0,1.0,1.0,1.0,8,0,1.0,8,1.0,8,1.0,8,961,961,15,14,554,392,1200,0,606.337914,130.85252699966077,20.682803999079624,,
spherical_g8_d8_s1,1200,8,spherical,8,2026092711,5,50,2,hdbscan_common,0.9980877132086475,1.0,0.9980940996568107,0.9980877132086475,8,0.9983333333333333,0.9973205135492342,2,,,,0.9979166666666667,6,0.75,0,0,1.0,0.9983333333333333,0.9991638795986622,0.9991659716430359,8,0,0.9991638795986622,6,0.9991638795986622,6,0.9991638795986622,6,1199,1066,15,14,338,713,1200,0,,,24.159956999938004,False,True
spherical_g8_d8_s1,1200,8,spherical,8,2026092711,5,50,1,hdbscan_standard,0.9990477317510379,1.0,0.9990477317510379,0.9990477317510379,8,0.9991666666666666,0.9987977396662405,1,,,,0.9979166666666667,7,0.875,0,0,1.0,0.9991666666666666,0.9995819397993311,0.9995831596498541,8,0,,,,,,,,,,,,,,,,,,,
spherical_g8_d8_s1,1200,8,spherical,8,2026092711,5,100,1,hgp_first_coverage,1.0,1.0,1.0,1.0,8,1.0,1.0,0,,,,1.0,8,1.0,0,0,1.0,1.0,1.0,1.0,8,0,1.0,8,1.0,8,1.0,8,961,961,15,14,667,279,1200,0,606.337914,130.85252699966077,20.862478002527496,,
spherical_g8_d8_s1,1200,8,spherical,8,2026092711,5,100,1,hdbscan_common,0.9980877132086475,1.0,0.9980940996568107,0.9980877132086475,8,0.9983333333333333,0.9973205135492342,2,,,,0.9979166666666667,6,0.75,0,0,1.0,0.9983333333333333,0.9991638795986622,0.9991659716430359,8,0,0.9991638795986622,6,0.9991638795986622,6,0.9991638795986622,6,1199,1066,15,14,662,389,1200,0,,,23.566650997963734,False,True
spherical_g8_d8_s1,1200,8,spherical,8,2026092711,5,100,2,hgp_first_coverage,1.0,1.0,1.0,1.0,8,1.0,1.0,0,,,,1.0,8,1.0,0,0,1.0,1.0,1.0,1.0,8,0,1.0,8,1.0,8,1.0,8,961,961,15,14,667,279,1200,0,606.337914,130.85252699966077,20.785063999937847,,
spherical_g8_d8_s1,1200,8,spherical,8,2026092711,5,100,2,hdbscan_common,0.9980877132086475,1.0,0.9980940996568107,0.9980877132086475,8,0.9983333333333333,0.9973205135492342,2,,,,0.9979166666666667,6,0.75,0,0,1.0,0.9983333333333333,0.9991638795986622,0.9991659716430359,8,0,0.9991638795986622,6,0.9991638795986622,6,0.9991638795986622,6,1199,1066,15,14,662,389,1200,0,,,24.14936700006365,False,True
spherical_g8_d8_s1,1200,8,spherical,8,2026092711,5,100,1,hdbscan_standard,0.9990477317510379,1.0,0.9990477317510379,0.9990477317510379,8,0.9991666666666666,0.9987977396662405,1,,,,0.9979166666666667,7,0.875,0,0,1.0,0.9991666666666666,0.9995819397993311,0.9995831596498541,8,0,,,,,,,,,,,,,,,,,,,
spherical_g8_d8_s1,1200,8,spherical,8,2026092711,10,10,1,hgp_first_coverage,1.0,1.0,1.0,1.0,8,1.0,1.0,0,,,,1.0,8,1.0,0,0,1.0,1.0,1.0,1.0,8,0,1.0,8,1.0,8,1.0,8,920,920,45,44,235,640,1200,0,2329.315834,544.8091529979138,22.449246996984584,,
spherical_g8_d8_s1,1200,8,spherical,8,2026092711,10,10,1,hdbscan_common,0.9971199416743751,1.0,0.997139100785256,0.9971199416743751,8,0.9975,0.9957410434419489,3,,,,0.9962519329212798,5,0.625,0,0,1.0,0.9974999999999999,0.9987458193979933,0.9987484355444305,8,0,0.9987458193979933,5,0.9987458193979933,5,0.9987458193979933,5,1199,1145,15,14,99,1031,1200,0,,,25.58078600122826,True,True
spherical_g8_d8_s1,1200,8,spherical,8,2026092711,10,10,2,hgp_first_coverage,1.0,1.0,1.0,1.0,8,1.0,1.0,0,,,,1.0,8,1.0,0,0,1.0,1.0,1.0,1.0,8,0,1.0,8,1.0,8,1.0,8,920,920,45,44,235,640,1200,0,2329.315834,544.8091529979138,22.36018999974476,,
spherical_g8_d8_s1,1200,8,spherical,8,2026092711,10,10,2,hdbscan_common,0.9971199416743751,1.0,0.997139100785256,0.9971199416743751,8,0.9975,0.9957410434419489,3,,,,0.9962519329212798,5,0.625,0,0,1.0,0.9974999999999999,0.9987458193979933,0.9987484355444305,8,0,0.9987458193979933,5,0.9987458193979933,5,0.9987458193979933,5,1199,1145,15,14,99,1031,1200,0,,,26.68605600047158,True,True
spherical_g8_d8_s1,1200,8,spherical,8,2026092711,10,10,1,hdbscan_standard,0.9971199416743751,1.0,0.997139100785256,0.9971199416743751,8,0.9975,0.9957410434419489,3,,,,0.9962519329212798,5,0.625,0,0,1.0,0.9974999999999999,0.9987458193979933,0.9987484355444305,8,0,,,,,,,,,,,,,,,,,,,
spherical_g8_d8_s1,1200,8,spherical,8,2026092711,10,20,1,hgp_first_coverage,1.0,1.0,1.0,1.0,8,1.0,1.0,0,,,,1.0,8,1.0,0,0,1.0,1.0,1.0,1.0,8,0,1.0,8,1.0,8,1.0,8,920,920,29,28,339,552,1200,0,2329.315834,544.8091529979138,21.717403000366176,,
spherical_g8_d8_s1,1200,8,spherical,8,2026092711,10,20,1,hdbscan_common,0.9971199416743751,1.0,0.997139100785256,0.9971199416743751,8,0.9975,0.9957410434419489,3,,,,0.9962519329212798,5,0.625,0,0,1.0,0.9974999999999999,0.9987458193979933,0.9987484355444305,8,0,0.9987458193979933,5,0.9987458193979933,5,0.9987458193979933,5,1199,1145,15,14,146,984,1200,0,,,25.212088999978732,True,True
spherical_g8_d8_s1,1200,8,spherical,8,2026092711,10,20,2,hgp_first_coverage,1.0,1.0,1.0,1.0,8,1.0,1.0,0,,,,1.0,8,1.0,0,0,1.0,1.0,1.0,1.0,8,0,1.0,8,1.0,8,1.0,8,920,920,29,28,339,552,1200,0,2329.315834,544.8091529979138,21.100933001434896,,
spherical_g8_d8_s1,1200,8,spherical,8,2026092711,10,20,2,hdbscan_common,0.9971199416743751,1.0,0.997139100785256,0.9971199416743751,8,0.9975,0.9957410434419489,3,,,,0.9962519329212798,5,0.625,0,0,1.0,0.9974999999999999,0.9987458193979933,0.9987484355444305,8,0,0.9987458193979933,5,0.9987458193979933,5,0.9987458193979933,5,1199,1145,15,14,146,984,1200,0,,,27.606892999756383,True,True
spherical_g8_d8_s1,1200,8,spherical,8,2026092711,10,20,1,hdbscan_standard,0.9971199416743751,1.0,0.997139100785256,0.9971199416743751,8,0.9975,0.9957410434419489,3,,,,0.9962519329212798,5,0.625,0,0,1.0,0.9974999999999999,0.9987458193979933,0.9987484355444305,8,0,,,,,,,,,,,,,,,,,,,
spherical_g8_d8_s1,1200,8,spherical,8,2026092711,10,50,1,hgp_first_coverage,1.0,1.0,1.0,1.0,8,1.0,1.0,0,,,,1.0,8,1.0,0,0,1.0,1.0,1.0,1.0,8,0,1.0,8,1.0,8,1.0,8,920,920,15,14,444,461,1200,0,2329.315834,544.8091529979138,20.617641999706393,,
spherical_g8_d8_s1,1200,8,spherical,8,2026092711,10,50,1,hdbscan_common,0.9971199416743751,1.0,0.997139100785256,0.9971199416743751,8,0.9975,0.9957410434419489,3,,,,0.9962519329212798,5,0.625,0,0,1.0,0.9974999999999999,0.9987458193979933,0.9987484355444305,8,0,0.9987458193979933,5,0.9987458193979933,5,0.9987458193979933,5,1199,1145,15,14,351,779,1200,0,,,25.227005997294327,True,True
spherical_g8_d8_s1,1200,8,spherical,8,2026092711,10,50,2,hgp_first_coverage,1.0,1.0,1.0,1.0,8,1.0,1.0,0,,,,1.0,8,1.0,0,0,1.0,1.0,1.0,1.0,8,0,1.0,8,1.0,8,1.0,8,920,920,15,14,444,461,1200,0,2329.315834,544.8091529979138,21.499236001545796,,
spherical_g8_d8_s1,1200,8,spherical,8,2026092711,10,50,2,hdbscan_common,0.9971199416743751,1.0,0.997139100785256,0.9971199416743751,8,0.9975,0.9957410434419489,3,,,,0.9962519329212798,5,0.625,0,0,1.0,0.9974999999999999,0.9987458193979933,0.9987484355444305,8,0,0.9987458193979933,5,0.9987458193979933,5,0.9987458193979933,5,1199,1145,15,14,351,779,1200,0,,,26.306569001462776,True,True
spherical_g8_d8_s1,1200,8,spherical,8,2026092711,10,50,1,hdbscan_standard,0.9971199416743751,1.0,0.997139100785256,0.9971199416743751,8,0.9975,0.9957410434419489,3,,,,0.9962519329212798,5,0.625,0,0,1.0,0.9974999999999999,0.9987458193979933,0.9987484355444305,8,0,,,,,,,,,,,,,,,,,,,
spherical_g8_d8_s1,1200,8,spherical,8,2026092711,10,100,1,hgp_first_coverage,1.0,1.0,1.0,1.0,8,1.0,1.0,0,,,,1.0,8,1.0,0,0,1.0,1.0,1.0,1.0,8,0,1.0,8,1.0,8,1.0,8,920,920,15,14,589,316,1200,0,2329.315834,544.8091529979138,20.70017499863752,,
spherical_g8_d8_s1,1200,8,spherical,8,2026092711,10,100,1,hdbscan_common,0.9971199416743751,1.0,0.997139100785256,0.9971199416743751,8,0.9975,0.9957410434419489,3,,,,0.9962519329212798,5,0.625,0,0,1.0,0.9974999999999999,0.9987458193979933,0.9987484355444305,8,0,0.9987458193979933,5,0.9987458193979933,5,0.9987458193979933,5,1199,1145,15,14,735,395,1200,0,,,23.46893800131511,True,True
spherical_g8_d8_s1,1200,8,spherical,8,2026092711,10,100,2,hgp_first_coverage,1.0,1.0,1.0,1.0,8,1.0,1.0,0,,,,1.0,8,1.0,0,0,1.0,1.0,1.0,1.0,8,0,1.0,8,1.0,8,1.0,8,920,920,15,14,589,316,1200,0,2329.315834,544.8091529979138,20.153457000560593,,
spherical_g8_d8_s1,1200,8,spherical,8,2026092711,10,100,2,hdbscan_common,0.9971199416743751,1.0,0.997139100785256,0.9971199416743751,8,0.9975,0.9957410434419489,3,,,,0.9962519329212798,5,0.625,0,0,1.0,0.9974999999999999,0.9987458193979933,0.9987484355444305,8,0,0.9987458193979933,5,0.9987458193979933,5,0.9987458193979933,5,1199,1145,15,14,735,395,1200,0,,,26.4002839976456,True,True
spherical_g8_d8_s1,1200,8,spherical,8,2026092711,10,100,1,hdbscan_standard,0.9971199416743751,1.0,0.997139100785256,0.9971199416743751,8,0.9975,0.9957410434419489,3,,,,0.9962519329212798,5,0.625,0,0,1.0,0.9974999999999999,0.9987458193979933,0.9987484355444305,8,0,,,,,,,,,,,,,,,,,,,
spherical_g8_d8_s2,1200,8,spherical,8,2026092712,5,10,1,hgp_first_coverage,0.9961872825996505,0.9961872825996505,0.9961872825996505,0.9961872825996505,8,1.0,0.9951838277135564,0,,,,0.99805834262356,5,0.625,0,0,0.9983388520971302,0.9983333333333333,0.9983333240739711,0.9983333333333333,8,0,0.9991638795986622,6,0.9991638795986622,6,0.9983333240739712,5,961,961,49,48,368,544,1200,0,612.356642,116.24715400103014,21.523911000258522,,
spherical_g8_d8_s2,1200,8,spherical,8,2026092712,5,10,1,hdbscan_common,0.9933154380541228,0.9980873410916824,0.9933407532429738,0.9933154380541228,8,0.9958333333333333,0.9913259596384394,5,,,,0.994199287718706,5,0.625,0,0,0.9991666666666666,0.995,0.9970651142295438,0.9970772442588727,8,0,0.9974803873622082,5,0.9974803873622082,5,0.9970651142295438,5,1199,1076,19,18,158,899,1200,0,,,24.31005600010394,False,True
spherical_g8_d8_s2,1200,8,spherical,8,2026092712,5,10,2,hgp_first_coverage,0.9961872825996505,0.9961872825996505,0.9961872825996505,0.9961872825996505,8,1.0,0.9951838277135564,0,,,,0.99805834262356,5,0.625,0,0,0.9983388520971302,0.9983333333333333,0.9983333240739711,0.9983333333333333,8,0,0.9991638795986622,6,0.9991638795986622,6,0.9983333240739712,5,961,961,49,48,368,544,1200,0,612.356642,116.24715400103014,30.162037997797597,,
spherical_g8_d8_s2,1200,8,spherical,8,2026092712,5,10,2,hdbscan_common,0.9933154380541228,0.9980873410916824,0.9933407532429738,0.9933154380541228,8,0.9958333333333333,0.9913259596384394,5,,,,0.994199287718706,5,0.625,0,0,0.9991666666666666,0.995,0.9970651142295438,0.9970772442588727,8,0,0.9974803873622082,5,0.9974803873622082,5,0.9970651142295438,5,1199,1076,19,18,158,899,1200,0,,,24.665810000442434,False,True
spherical_g8_d8_s2,1200,8,spherical,8,2026092712,5,10,1,hdbscan_standard,0.9923721996140261,0.9961939003330653,0.9923975982206568,0.9923721996140261,8,0.9966666666666667,0.9898590357992222,4,,,,0.994199287718706,5,0.625,0,0,0.99832774049217,0.995,0.9966498598020337,0.996661101836394,8,0,,,,,,,,,,,,,,,,,,,
spherical_g8_d8_s2,1200,8,spherical,8,2026092712,5,20,1,hgp_first_coverage,0.9961872825996505,0.9961872825996505,0.9961872825996505,0.9961872825996505,8,1.0,0.9951838277135564,0,,,,0.99805834262356,5,0.625,0,0,0.9983388520971302,0.9983333333333333,0.9983333240739711,0.9983333333333333,8,0,0.9991638795986622,6,0.9991638795986622,6,0.9983333240739712,5,961,961,17,16,454,490,1200,0,612.356642,116.24715400103014,22.27288799986127,,
spherical_g8_d8_s2,1200,8,spherical,8,2026092712,5,20,1,hdbscan_common,0.9933154380541228,0.9980873410916824,0.9933407532429738,0.9933154380541228,8,0.9958333333333333,0.9913259596384394,5,,,,0.994199287718706,5,0.625,0,0,0.9991666666666666,0.995,0.9970651142295438,0.9970772442588727,8,0,0.9974803873622082,5,0.9974803873622082,5,0.9970651142295438,5,1199,1076,15,14,216,845,1200,0,,,25.653710999904433,False,True
spherical_g8_d8_s2,1200,8,spherical,8,2026092712,5,20,2,hgp_first_coverage,0.9961872825996505,0.9961872825996505,0.9961872825996505,0.9961872825996505,8,1.0,0.9951838277135564,0,,,,0.99805834262356,5,0.625,0,0,0.9983388520971302,0.9983333333333333,0.9983333240739711,0.9983333333333333,8,0,0.9991638795986622,6,0.9991638795986622,6,0.9983333240739712,5,961,961,17,16,454,490,1200,0,612.356642,116.24715400103014,22.461519001808483,,
spherical_g8_d8_s2,1200,8,spherical,8,2026092712,5,20,2,hdbscan_common,0.9933154380541228,0.9980873410916824,0.9933407532429738,0.9933154380541228,8,0.9958333333333333,0.9913259596384394,5,,,,0.994199287718706,5,0.625,0,0,0.9991666666666666,0.995,0.9970651142295438,0.9970772442588727,8,0,0.9974803873622082,5,0.9974803873622082,5,0.9970651142295438,5,1199,1076,15,14,216,845,1200,0,,,25.146706000668928,False,True
spherical_g8_d8_s2,1200,8,spherical,8,2026092712,5,20,1,hdbscan_standard,0.9923721996140261,0.9961939003330653,0.9923975982206568,0.9923721996140261,8,0.9966666666666667,0.9898590357992222,4,,,,0.994199287718706,5,0.625,0,0,0.99832774049217,0.995,0.9966498598020337,0.996661101836394,8,0,,,,,,,,,,,,,,,,,,,
spherical_g8_d8_s2,1200,8,spherical,8,2026092712,5,50,1,hgp_first_coverage,0.9961872825996505,0.9961872825996505,0.9961872825996505,0.9961872825996505,8,1.0,0.9951838277135564,0,,,,0.99805834262356,5,0.625,0,0,0.9983388520971302,0.9983333333333333,0.9983333240739711,0.9983333333333333,8,0,0.9991638795986622,6,0.9991638795986622,6,0.9983333240739712,5,961,961,15,14,537,409,1200,0,612.356642,116.24715400103014,21.541324000281747,,
spherical_g8_d8_s2,1200,8,spherical,8,2026092712,5,50,1,hdbscan_common,0.9933154380541228,0.9980873410916824,0.9933407532429738,0.9933154380541228,8,0.9958333333333333,0.9913259596384394,5,,,,0.994199287718706,5,0.625,0,0,0.9991666666666666,0.995,0.9970651142295438,0.9970772442588727,8,0,0.9974803873622082,5,0.9974803873622082,5,0.9970651142295438,5,1199,1076,15,14,345,716,1200,0,,,24.672873001691187,False,True
spherical_g8_d8_s2,1200,8,spherical,8,2026092712,5,50,2,hgp_first_coverage,0.9961872825996505,0.9961872825996505,0.9961872825996505,0.9961872825996505,8,1.0,0.9951838277135564,0,,,,0.99805834262356,5,0.625,0,0,0.9983388520971302,0.9983333333333333,0.9983333240739711,0.9983333333333333,8,0,0.9991638795986622,6,0.9991638795986622,6,0.9983333240739712,5,961,961,15,14,537,409,1200,0,612.356642,116.24715400103014,21.22526499806554,,
spherical_g8_d8_s2,1200,8,spherical,8,2026092712,5,50,2,hdbscan_common,0.9933154380541228,0.9980873410916824,0.9933407532429738,0.9933154380541228,8,0.9958333333333333,0.9913259596384394,5,,,,0.994199287718706,5,0.625,0,0,0.9991666666666666,0.995,0.9970651142295438,0.9970772442588727,8,0,0.9974803873622082,5,0.9974803873622082,5,0.9970651142295438,5,1199,1076,15,14,345,716,1200,0,,,23.760552001476754,False,True
spherical_g8_d8_s2,1200,8,spherical,8,2026092712,5,50,1,hdbscan_standard,0.9923721996140261,0.9961939003330653,0.9923975982206568,0.9923721996140261,8,0.9966666666666667,0.9898590357992222,4,,,,0.994199287718706,5,0.625,0,0,0.99832774049217,0.995,0.9966498598020337,0.996661101836394,8,0,,,,,,,,,,,,,,,,,,,
spherical_g8_d8_s2,1200,8,spherical,8,2026092712,5,100,1,hgp_first_coverage,0.9961872825996505,0.9961872825996505,0.9961872825996505,0.9961872825996505,8,1.0,0.9951838277135564,0,,,,0.99805834262356,5,0.625,0,0,0.9983388520971302,0.9983333333333333,0.9983333240739711,0.9983333333333333,8,0,0.9991638795986622,6,0.9991638795986622,6,0.9983333240739712,5,961,961,15,14,680,266,1200,0,612.356642,116.24715400103014,134.5557109998481,,
spherical_g8_d8_s2,1200,8,spherical,8,2026092712,5,100,1,hdbscan_common,0.9933154380541228,0.9980873410916824,0.9933407532429738,0.9933154380541228,8,0.9958333333333333,0.9913259596384394,5,,,,0.994199287718706,5,0.625,0,0,0.9991666666666666,0.995,0.9970651142295438,0.9970772442588727,8,0,0.9974803873622082,5,0.9974803873622082,5,0.9970651142295438,5,1199,1076,15,14,670,391,1200,0,,,23.990601002878975,False,True
spherical_g8_d8_s2,1200,8,spherical,8,2026092712,5,100,2,hgp_first_coverage,0.9961872825996505,0.9961872825996505,0.9961872825996505,0.9961872825996505,8,1.0,0.9951838277135564,0,,,,0.99805834262356,5,0.625,0,0,0.9983388520971302,0.9983333333333333,0.9983333240739711,0.9983333333333333,8,0,0.9991638795986622,6,0.9991638795986622,6,0.9983333240739712,5,961,961,15,14,680,266,1200,0,612.356642,116.24715400103014,20.610718998796074,,
spherical_g8_d8_s2,1200,8,spherical,8,2026092712,5,100,2,hdbscan_common,0.9933154380541228,0.9980873410916824,0.9933407532429738,0.9933154380541228,8,0.9958333333333333,0.9913259596384394,5,,,,0.994199287718706,5,0.625,0,0,0.9991666666666666,0.995,0.9970651142295438,0.9970772442588727,8,0,0.9974803873622082,5,0.9974803873622082,5,0.9970651142295438,5,1199,1076,15,14,670,391,1200,0,,,24.203157001466025,False,True
spherical_g8_d8_s2,1200,8,spherical,8,2026092712,5,100,1,hdbscan_standard,0.9923721996140261,0.9961939003330653,0.9923975982206568,0.9923721996140261,8,0.9966666666666667,0.9898590357992222,4,,,,0.994199287718706,5,0.625,0,0,0.99832774049217,0.995,0.9966498598020337,0.996661101836394,8,0,,,,,,,,,,,,,,,,,,,
spherical_g8_d8_s2,1200,8,spherical,8,2026092712,10,10,1,hgp_first_coverage,1.0,1.0,1.0,1.0,8,1.0,1.0,0,,,,1.0,8,1.0,0,0,1.0,1.0,1.0,1.0,8,0,1.0,8,1.0,8,1.0,8,946,946,43,42,230,673,1200,0,2366.678786,496.6253240017977,21.56945699971402,,
spherical_g8_d8_s2,1200,8,spherical,8,2026092712,10,10,1,hdbscan_common,0.9961636470100571,1.0,0.9961891553490831,0.9961636470100571,8,0.9966666666666667,0.9946507641068175,4,,,,0.9961207657480834,5,0.625,0,0,1.0,0.9966666666666667,0.9983249534241656,0.998330550918197,8,0,0.9983249534241656,5,0.9983249534241656,5,0.9983249534241656,5,1199,1155,15,14,64,1076,1200,0,,,24.72671299983631,False,True
spherical_g8_d8_s2,1200,8,spherical,8,2026092712,10,10,2,hgp_first_coverage,1.0,1.0,1.0,1.0,8,1.0,1.0,0,,,,1.0,8,1.0,0,0,1.0,1.0,1.0,1.0,8,0,1.0,8,1.0,8,1.0,8,946,946,43,42,230,673,1200,0,2366.678786,496.6253240017977,21.70490899879951,,
spherical_g8_d8_s2,1200,8,spherical,8,2026092712,10,10,2,hdbscan_common,0.9961636470100571,1.0,0.9961891553490831,0.9961636470100571,8,0.9966666666666667,0.9946507641068175,4,,,,0.9961207657480834,5,0.625,0,0,1.0,0.9966666666666667,0.9983249534241656,0.998330550918197,8,0,0.9983249534241656,5,0.9983249534241656,5,0.9983249534241656,5,1199,1155,15,14,64,1076,1200,0,,,24.734197002544533,False,True
spherical_g8_d8_s2,1200,8,spherical,8,2026092712,10,10,1,hdbscan_standard,0.9952383035683002,0.9980936906187088,0.9952446350860071,0.9952383035683002,8,0.9975,0.9938973139309281,3,,,,0.9961207657480834,5,0.625,0,0,0.9991610738255033,0.9966666666666667,0.9979096989966555,0.9979140592407175,8,0,,,,,,,,,,,,,,,,,,,
spherical_g8_d8_s2,1200,8,spherical,8,2026092712,10,20,1,hgp_first_coverage,1.0,1.0,1.0,1.0,8,1.0,1.0,0,,,,1.0,8,1.0,0,0,1.0,1.0,1.0,1.0,8,0,1.0,8,1.0,8,1.0,8,946,946,15,14,311,620,1200,0,2366.678786,496.6253240017977,21.3480639977206,,
spherical_g8_d8_s2,1200,8,spherical,8,2026092712,10,20,1,hdbscan_common,0.9961636470100571,1.0,0.9961891553490831,0.9961636470100571,8,0.9966666666666667,0.9946507641068175,4,,,,0.9961207657480834,5,0.625,0,0,1.0,0.9966666666666667,0.9983249534241656,0.998330550918197,8,0,0.9983249534241656,5,0.9983249534241656,5,0.9983249534241656,5,1199,1155,15,14,132,1008,1200,0,,,23.984309002116788,False,True
spherical_g8_d8_s2,1200,8,spherical,8,2026092712,10,20,2,hgp_first_coverage,1.0,1.0,1.0,1.0,8,1.0,1.0,0,,,,1.0,8,1.0,0,0,1.0,1.0,1.0,1.0,8,0,1.0,8,1.0,8,1.0,8,946,946,15,14,311,620,1200,0,2366.678786,496.6253240017977,21.293031000823248,,
spherical_g8_d8_s2,1200,8,spherical,8,2026092712,10,20,2,hdbscan_common,0.9961636470100571,1.0,0.9961891553490831,0.9961636470100571,8,0.9966666666666667,0.9946507641068175,4,,,,0.9961207657480834,5,0.625,0,0,1.0,0.9966666666666667,0.9983249534241656,0.998330550918197,8,0,0.9983249534241656,5,0.9983249534241656,5,0.9983249534241656,5,1199,1155,15,14,132,1008,1200,0,,,24.965468001028057,False,True
spherical_g8_d8_s2,1200,8,spherical,8,2026092712,10,20,1,hdbscan_standard,0.9952383035683002,0.9980936906187088,0.9952446350860071,0.9952383035683002,8,0.9975,0.9938973139309281,3,,,,0.9961207657480834,5,0.625,0,0,0.9991610738255033,0.9966666666666667,0.9979096989966555,0.9979140592407175,8,0,,,,,,,,,,,,,,,,,,,
spherical_g8_d8_s2,1200,8,spherical,8,2026092712,10,50,1,hgp_first_coverage,1.0,1.0,1.0,1.0,8,1.0,1.0,0,,,,1.0,8,1.0,0,0,1.0,1.0,1.0,1.0,8,0,1.0,8,1.0,8,1.0,8,946,946,15,14,418,513,1200,0,2366.678786,496.6253240017977,21.214976000919705,,
spherical_g8_d8_s2,1200,8,spherical,8,2026092712,10,50,1,hdbscan_common,0.9961636470100571,1.0,0.9961891553490831,0.9961636470100571,8,0.9966666666666667,0.9946507641068175,4,,,,0.9961207657480834,5,0.625,0,0,1.0,0.9966666666666667,0.9983249534241656,0.998330550918197,8,0,0.9983249534241656,5,0.9983249534241656,5,0.9983249534241656,5,1199,1155,15,14,352,788,1200,0,,,24.2265810011304,False,True
spherical_g8_d8_s2,1200,8,spherical,8,2026092712,10,50,2,hgp_first_coverage,1.0,1.0,1.0,1.0,8,1.0,1.0,0,,,,1.0,8,1.0,0,0,1.0,1.0,1.0,1.0,8,0,1.0,8,1.0,8,1.0,8,946,946,15,14,418,513,1200,0,2366.678786,496.6253240017977,22.57653400010895,,
spherical_g8_d8_s2,1200,8,spherical,8,2026092712,10,50,2,hdbscan_common,0.9961636470100571,1.0,0.9961891553490831,0.9961636470100571,8,0.9966666666666667,0.9946507641068175,4,,,,0.9961207657480834,5,0.625,0,0,1.0,0.9966666666666667,0.9983249534241656,0.998330550918197,8,0,0.9983249534241656,5,0.9983249534241656,5,0.9983249534241656,5,1199,1155,15,14,352,788,1200,0,,,24.266696000267984,False,True
spherical_g8_d8_s2,1200,8,spherical,8,2026092712,10,50,1,hdbscan_standard,0.9952383035683002,0.9980936906187088,0.9952446350860071,0.9952383035683002,8,0.9975,0.9938973139309281,3,,,,0.9961207657480834,5,0.625,0,0,0.9991610738255033,0.9966666666666667,0.9979096989966555,0.9979140592407175,8,0,,,,,,,,,,,,,,,,,,,
spherical_g8_d8_s2,1200,8,spherical,8,2026092712,10,100,1,hgp_first_coverage,1.0,1.0,1.0,1.0,8,1.0,1.0,0,,,,1.0,8,1.0,0,0,1.0,1.0,1.0,1.0,8,0,1.0,8,1.0,8,1.0,8,946,946,15,14,610,321,1200,0,2366.678786,496.6253240017977,20.52081200235989,,
spherical_g8_d8_s2,1200,8,spherical,8,2026092712,10,100,1,hdbscan_common,0.9961636470100571,1.0,0.9961891553490831,0.9961636470100571,8,0.9966666666666667,0.9946507641068175,4,,,,0.9961207657480834,5,0.625,0,0,1.0,0.9966666666666667,0.9983249534241656,0.998330550918197,8,0,0.9983249534241656,5,0.9983249534241656,5,0.9983249534241656,5,1199,1155,15,14,743,397,1200,0,,,24.54167900214088,False,True
spherical_g8_d8_s2,1200,8,spherical,8,2026092712,10,100,2,hgp_first_coverage,1.0,1.0,1.0,1.0,8,1.0,1.0,0,,,,1.0,8,1.0,0,0,1.0,1.0,1.0,1.0,8,0,1.0,8,1.0,8,1.0,8,946,946,15,14,610,321,1200,0,2366.678786,496.6253240017977,21.412393001810415,,
spherical_g8_d8_s2,1200,8,spherical,8,2026092712,10,100,2,hdbscan_common,0.9961636470100571,1.0,0.9961891553490831,0.9961636470100571,8,0.9966666666666667,0.9946507641068175,4,,,,0.9961207657480834,5,0.625,0,0,1.0,0.9966666666666667,0.9983249534241656,0.998330550918197,8,0,0.9983249534241656,5,0.9983249534241656,5,0.9983249534241656,5,1199,1155,15,14,743,397,1200,0,,,23.781440999300685,False,True
spherical_g8_d8_s2,1200,8,spherical,8,2026092712,10,100,1,hdbscan_standard,0.9952383035683002,0.9980936906187088,0.9952446350860071,0.9952383035683002,8,0.9975,0.9938973139309281,3,,,,0.9961207657480834,5,0.625,0,0,0.9991610738255033,0.9966666666666667,0.9979096989966555,0.9979140592407175,8,0,,,,,,,,,,,,,,,,,,,
spherical_g8_d8_s3,1200,8,spherical,8,2026092713,5,10,1,hgp_first_coverage,1.0,1.0,1.0,1.0,8,1.0,1.0,0,,,,1.0,8,1.0,0,0,1.0,1.0,1.0,1.0,8,0,1.0,8,1.0,8,1.0,8,960,960,63,62,400,497,1200,0,584.395805,118.04534799739486,23.314881000260357,,
spherical_g8_d8_s3,1200,8,spherical,8,2026092713,5,10,1,hdbscan_common,0.9990477317510379,1.0,0.9990477317510379,0.9990477317510379,8,0.9991666666666666,0.9987977396662405,1,,,,0.9988888888888889,7,0.875,0,0,1.0,0.9991666666666666,0.9995819397993311,0.9995831596498541,8,0,0.9995819397993311,7,0.9995819397993311,7,0.9995819397993311,7,1199,1069,27,26,188,854,1200,0,,,24.826639997627353,True,True
spherical_g8_d8_s3,1200,8,spherical,8,2026092713,5,10,2,hgp_first_coverage,1.0,1.0,1.0,1.0,8,1.0,1.0,0,,,,1.0,8,1.0,0,0,1.0,1.0,1.0,1.0,8,0,1.0,8,1.0,8,1.0,8,960,960,63,62,400,497,1200,0,584.395805,118.04534799739486,22.827502998552518,,
spherical_g8_d8_s3,1200,8,spherical,8,2026092713,5,10,2,hdbscan_common,0.9990477317510379,1.0,0.9990477317510379,0.9990477317510379,8,0.9991666666666666,0.9987977396662405,1,,,,0.9988888888888889,7,0.875,0,0,1.0,0.9991666666666666,0.9995819397993311,0.9995831596498541,8,0,0.9995819397993311,7,0.9995819397993311,7,0.9995819397993311,7,1199,1069,27,26,188,854,1200,0,,,30.146086999593535,True,True
spherical_g8_d8_s3,1200,8,spherical,8,2026092713,5,10,1,hdbscan_standard,0.9990477317510379,1.0,0.9990477317510379,0.9990477317510379,8,0.9991666666666666,0.9987977396662405,1,,,,0.9988888888888889,7,0.875,0,0,1.0,0.9991666666666666,0.9995819397993311,0.9995831596498541,8,0,,,,,,,,,,,,,,,,,,,
spherical_g8_d8_s3,1200,8,spherical,8,2026092713,5,20,1,hgp_first_coverage,1.0,1.0,1.0,1.0,8,1.0,1.0,0,,,,1.0,8,1.0,0,0,1.0,1.0,1.0,1.0,8,0,1.0,8,1.0,8,1.0,8,960,960,21,20,493,446,1200,0,584.395805,118.04534799739486,22.774111999751767,,
spherical_g8_d8_s3,1200,8,spherical,8,2026092713,5,20,1,hdbscan_common,0.9990477317510379,1.0,0.9990477317510379,0.9990477317510379,8,0.9991666666666666,0.9987977396662405,1,,,,0.9988888888888889,7,0.875,0,0,1.0,0.9991666666666666,0.9995819397993311,0.9995831596498541,8,0,0.9995819397993311,7,0.9995819397993311,7,0.9995819397993311,7,1199,1069,17,16,242,810,1200,0,,,27.44872900075279,True,True
spherical_g8_d8_s3,1200,8,spherical,8,2026092713,5,20,2,hgp_first_coverage,1.0,1.0,1.0,1.0,8,1.0,1.0,0,,,,1.0,8,1.0,0,0,1.0,1.0,1.0,1.0,8,0,1.0,8,1.0,8,1.0,8,960,960,21,20,493,446,1200,0,584.395805,118.04534799739486,21.955616000923328,,
spherical_g8_d8_s3,1200,8,spherical,8,2026092713,5,20,2,hdbscan_common,0.9990477317510379,1.0,0.9990477317510379,0.9990477317510379,8,0.9991666666666666,0.9987977396662405,1,,,,0.9988888888888889,7,0.875,0,0,1.0,0.9991666666666666,0.9995819397993311,0.9995831596498541,8,0,0.9995819397993311,7,0.9995819397993311,7,0.9995819397993311,7,1199,1069,17,16,242,810,1200,0,,,26.512513002671767,True,True
spherical_g8_d8_s3,1200,8,spherical,8,2026092713,5,20,1,hdbscan_standard,0.9990477317510379,1.0,0.9990477317510379,0.9990477317510379,8,0.9991666666666666,0.9987977396662405,1,,,,0.9988888888888889,7,0.875,0,0,1.0,0.9991666666666666,0.9995819397993311,0.9995831596498541,8,0,,,,,,,,,,,,,,,,,,,
spherical_g8_d8_s3,1200,8,spherical,8,2026092713,5,50,1,hgp_first_coverage,1.0,1.0,1.0,1.0,8,1.0,1.0,0,,,,1.0,8,1.0,0,0,1.0,1.0,1.0,1.0,8,0,1.0,8,1.0,8,1.0,8,960,960,15,14,543,402,1200,0,584.395805,118.04534799739486,21.767695998278214,,
spherical_g8_d8_s3,1200,8,spherical,8,2026092713,5,50,1,hdbscan_common,0.9990477317510379,1.0,0.9990477317510379,0.9990477317510379,8,0.9991666666666666,0.9987977396662405,1,,,,0.9988888888888889,7,0.875,0,0,1.0,0.9991666666666666,0.9995819397993311,0.9995831596498541,8,0,0.9995819397993311,7,0.9995819397993311,7,0.9995819397993311,7,1199,1069,15,14,348,706,1200,0,,,25.798640999710187,True,True
spherical_g8_d8_s3,1200,8,spherical,8,2026092713,5,50,2,hgp_first_coverage,1.0,1.0,1.0,1.0,8,1.0,1.0,0,,,,1.0,8,1.0,0,0,1.0,1.0,1.0,1.0,8,0,1.0,8,1.0,8,1.0,8,960,960,15,14,543,402,1200,0,584.395805,118.04534799739486,21.143762998690363,,
spherical_g8_d8_s3,1200,8,spherical,8,2026092713,5,50,2,hdbscan_common,0.9990477317510379,1.0,0.9990477317510379,0.9990477317510379,8,0.9991666666666666,0.9987977396662405,1,,,,0.9988888888888889,7,0.875,0,0,1.0,0.9991666666666666,0.9995819397993311,0.9995831596498541,8,0,0.9995819397993311,7,0.9995819397993311,7,0.9995819397993311,7,1199,1069,15,14,348,706,1200,0,,,25.52845799800707,True,True
spherical_g8_d8_s3,1200,8,spherical,8,2026092713,5,50,1,hdbscan_standard,0.9990477317510379,1.0,0.9990477317510379,0.9990477317510379,8,0.9991666666666666,0.9987977396662405,1,,,,0.9988888888888889,7,0.875,0,0,1.0,0.9991666666666666,0.9995819397993311,0.9995831596498541,8,0,,,,,,,,,,,,,,,,,,,
spherical_g8_d8_s3,1200,8,spherical,8,2026092713,5,100,1,hgp_first_coverage,1.0,1.0,1.0,1.0,8,1.0,1.0,0,,,,1.0,8,1.0,0,0,1.0,1.0,1.0,1.0,8,0,1.0,8,1.0,8,1.0,8,960,960,15,14,666,279,1200,0,584.395805,118.04534799739486,23.486740999942413,,
spherical_g8_d8_s3,1200,8,spherical,8,2026092713,5,100,1,hdbscan_common,0.9990477317510379,1.0,0.9990477317510379,0.9990477317510379,8,0.9991666666666666,0.9987977396662405,1,,,,0.9988888888888889,7,0.875,0,0,1.0,0.9991666666666666,0.9995819397993311,0.9995831596498541,8,0,0.9995819397993311,7,0.9995819397993311,7,0.9995819397993311,7,1199,1069,15,14,672,382,1200,0,,,23.844699000619585,True,True
spherical_g8_d8_s3,1200,8,spherical,8,2026092713,5,100,2,hgp_first_coverage,1.0,1.0,1.0,1.0,8,1.0,1.0,0,,,,1.0,8,1.0,0,0,1.0,1.0,1.0,1.0,8,0,1.0,8,1.0,8,1.0,8,960,960,15,14,666,279,1200,0,584.395805,118.04534799739486,22.273177997703897,,
spherical_g8_d8_s3,1200,8,spherical,8,2026092713,5,100,2,hdbscan_common,0.9990477317510379,1.0,0.9990477317510379,0.9990477317510379,8,0.9991666666666666,0.9987977396662405,1,,,,0.9988888888888889,7,0.875,0,0,1.0,0.9991666666666666,0.9995819397993311,0.9995831596498541,8,0,0.9995819397993311,7,0.9995819397993311,7,0.9995819397993311,7,1199,1069,15,14,672,382,1200,0,,,23.602135999681195,True,True
spherical_g8_d8_s3,1200,8,spherical,8,2026092713,5,100,1,hdbscan_standard,0.9990477317510379,1.0,0.9990477317510379,0.9990477317510379,8,0.9991666666666666,0.9987977396662405,1,,,,0.9988888888888889,7,0.875,0,0,1.0,0.9991666666666666,0.9995819397993311,0.9995831596498541,8,0,,,,,,,,,,,,,,,,,,,
spherical_g8_d8_s3,1200,8,spherical,8,2026092713,10,10,1,hgp_first_coverage,1.0,1.0,1.0,1.0,8,1.0,1.0,0,,,,1.0,8,1.0,0,0,1.0,1.0,1.0,1.0,8,0,1.0,8,1.0,8,1.0,8,922,922,53,52,255,614,1200,0,2401.741756,618.0529069970362,21.61883900043904,,
spherical_g8_d8_s3,1200,8,spherical,8,2026092713,10,10,1,hdbscan_common,0.9990477317510379,1.0,0.9990477317510379,0.9990477317510379,8,0.9991666666666666,0.9987977396662405,1,,,,0.99875,7,0.875,0,0,1.0,0.9991666666666666,0.9995819397993311,0.9995831596498541,8,0,0.9995819397993311,7,0.9995819397993311,7,0.9995819397993311,7,1199,1138,15,14,77,1046,1200,0,,,26.91324999977951,True,True
spherical_g8_d8_s3,1200,8,spherical,8,2026092713,10,10,2,hgp_first_coverage,1.0,1.0,1.0,1.0,8,1.0,1.0,0,,,,1.0,8,1.0,0,0,1.0,1.0,1.0,1.0,8,0,1.0,8,1.0,8,1.0,8,922,922,53,52,255,614,1200,0,2401.741756,618.0529069970362,22.02107900302508,,
spherical_g8_d8_s3,1200,8,spherical,8,2026092713,10,10,2,hdbscan_common,0.9990477317510379,1.0,0.9990477317510379,0.9990477317510379,8,0.9991666666666666,0.9987977396662405,1,,,,0.99875,7,0.875,0,0,1.0,0.9991666666666666,0.9995819397993311,0.9995831596498541,8,0,0.9995819397993311,7,0.9995819397993311,7,0.9995819397993311,7,1199,1138,15,14,77,1046,1200,0,,,24.42400799918687,True,True
spherical_g8_d8_s3,1200,8,spherical,8,2026092713,10,10,1,hdbscan_standard,0.9990477317510379,1.0,0.9990477317510379,0.9990477317510379,8,0.9991666666666666,0.9987977396662405,1,,,,0.99875,7,0.875,0,0,1.0,0.9991666666666666,0.9995819397993311,0.9995831596498541,8,0,,,,,,,,,,,,,,,,,,,
spherical_g8_d8_s3,1200,8,spherical,8,2026092713,10,20,1,hgp_first_coverage,1.0,1.0,1.0,1.0,8,1.0,1.0,0,,,,1.0,8,1.0,0,0,1.0,1.0,1.0,1.0,8,0,1.0,8,1.0,8,1.0,8,922,922,21,20,365,536,1200,0,2401.741756,618.0529069970362,20.49232799981837,,
spherical_g8_d8_s3,1200,8,spherical,8,2026092713,10,20,1,hdbscan_common,0.9990477317510379,1.0,0.9990477317510379,0.9990477317510379,8,0.9991666666666666,0.9987977396662405,1,,,,0.99875,7,0.875,0,0,1.0,0.9991666666666666,0.9995819397993311,0.9995831596498541,8,0,0.9995819397993311,7,0.9995819397993311,7,0.9995819397993311,7,1199,1138,15,14,134,989,1200,0,,,27.10029900117661,True,True
spherical_g8_d8_s3,1200,8,spherical,8,2026092713,10,20,2,hgp_first_coverage,1.0,1.0,1.0,1.0,8,1.0,1.0,0,,,,1.0,8,1.0,0,0,1.0,1.0,1.0,1.0,8,0,1.0,8,1.0,8,1.0,8,922,922,21,20,365,536,1200,0,2401.741756,618.0529069970362,20.907712998450734,,
spherical_g8_d8_s3,1200,8,spherical,8,2026092713,10,20,2,hdbscan_common,0.9990477317510379,1.0,0.9990477317510379,0.9990477317510379,8,0.9991666666666666,0.9987977396662405,1,,,,0.99875,7,0.875,0,0,1.0,0.9991666666666666,0.9995819397993311,0.9995831596498541,8,0,0.9995819397993311,7,0.9995819397993311,7,0.9995819397993311,7,1199,1138,15,14,134,989,1200,0,,,24.548921999667073,True,True
spherical_g8_d8_s3,1200,8,spherical,8,2026092713,10,20,1,hdbscan_standard,0.9990477317510379,1.0,0.9990477317510379,0.9990477317510379,8,0.9991666666666666,0.9987977396662405,1,,,,0.99875,7,0.875,0,0,1.0,0.9991666666666666,0.9995819397993311,0.9995831596498541,8,0,,,,,,,,,,,,,,,,,,,
spherical_g8_d8_s3,1200,8,spherical,8,2026092713,10,50,1,hgp_first_coverage,1.0,1.0,1.0,1.0,8,1.0,1.0,0,,,,1.0,8,1.0,0,0,1.0,1.0,1.0,1.0,8,0,1.0,8,1.0,8,1.0,8,922,922,15,14,446,461,1200,0,2401.741756,618.0529069970362,20.46359499945538,,
spherical_g8_d8_s3,1200,8,spherical,8,2026092713,10,50,1,hdbscan_common,0.9990477317510379,1.0,0.9990477317510379,0.9990477317510379,8,0.9991666666666666,0.9987977396662405,1,,,,0.99875,7,0.875,0,0,1.0,0.9991666666666666,0.9995819397993311,0.9995831596498541,8,0,0.9995819397993311,7,0.9995819397993311,7,0.9995819397993311,7,1199,1138,15,14,345,778,1200,0,,,283.7923139995837,True,True
spherical_g8_d8_s3,1200,8,spherical,8,2026092713,10,50,2,hgp_first_coverage,1.0,1.0,1.0,1.0,8,1.0,1.0,0,,,,1.0,8,1.0,0,0,1.0,1.0,1.0,1.0,8,0,1.0,8,1.0,8,1.0,8,922,922,15,14,446,461,1200,0,2401.741756,618.0529069970362,21.883962999709183,,
spherical_g8_d8_s3,1200,8,spherical,8,2026092713,10,50,2,hdbscan_common,0.9990477317510379,1.0,0.9990477317510379,0.9990477317510379,8,0.9991666666666666,0.9987977396662405,1,,,,0.99875,7,0.875,0,0,1.0,0.9991666666666666,0.9995819397993311,0.9995831596498541,8,0,0.9995819397993311,7,0.9995819397993311,7,0.9995819397993311,7,1199,1138,15,14,345,778,1200,0,,,24.805861001368612,True,True
spherical_g8_d8_s3,1200,8,spherical,8,2026092713,10,50,1,hdbscan_standard,0.9990477317510379,1.0,0.9990477317510379,0.9990477317510379,8,0.9991666666666666,0.9987977396662405,1,,,,0.99875,7,0.875,0,0,1.0,0.9991666666666666,0.9995819397993311,0.9995831596498541,8,0,,,,,,,,,,,,,,,,,,,
spherical_g8_d8_s3,1200,8,spherical,8,2026092713,10,100,1,hgp_first_coverage,1.0,1.0,1.0,1.0,8,1.0,1.0,0,,,,1.0,8,1.0,0,0,1.0,1.0,1.0,1.0,8,0,1.0,8,1.0,8,1.0,8,922,922,15,14,578,329,1200,0,2401.741756,618.0529069970362,20.496867000474595,,
spherical_g8_d8_s3,1200,8,spherical,8,2026092713,10,100,1,hdbscan_common,0.9990477317510379,1.0,0.9990477317510379,0.9990477317510379,8,0.9991666666666666,0.9987977396662405,1,,,,0.99875,7,0.875,0,0,1.0,0.9991666666666666,0.9995819397993311,0.9995831596498541,8,0,0.9995819397993311,7,0.9995819397993311,7,0.9995819397993311,7,1199,1138,15,14,728,395,1200,0,,,26.78292700147722,True,True
spherical_g8_d8_s3,1200,8,spherical,8,2026092713,10,100,2,hgp_first_coverage,1.0,1.0,1.0,1.0,8,1.0,1.0,0,,,,1.0,8,1.0,0,0,1.0,1.0,1.0,1.0,8,0,1.0,8,1.0,8,1.0,8,922,922,15,14,578,329,1200,0,2401.741756,618.0529069970362,20.61720100027742,,
spherical_g8_d8_s3,1200,8,spherical,8,2026092713,10,100,2,hdbscan_common,0.9990477317510379,1.0,0.9990477317510379,0.9990477317510379,8,0.9991666666666666,0.9987977396662405,1,,,,0.99875,7,0.875,0,0,1.0,0.9991666666666666,0.9995819397993311,0.9995831596498541,8,0,0.9995819397993311,7,0.9995819397993311,7,0.9995819397993311,7,1199,1138,15,14,728,395,1200,0,,,24.38412500123377,True,True
spherical_g8_d8_s3,1200,8,spherical,8,2026092713,10,100,1,hdbscan_standard,0.9990477317510379,1.0,0.9990477317510379,0.9990477317510379,8,0.9991666666666666,0.9987977396662405,1,,,,0.99875,7,0.875,0,0,1.0,0.9991666666666666,0.9995819397993311,0.9995831596498541,8,0,,,,,,,,,,,,,,,,,,,
spherical_g8_d4_s1,1200,8,spherical,4,2026092711,5,10,1,hgp_first_coverage,0.1721646425914062,0.17303012972943915,0.17219807353144953,0.1721646425914062,3,0.9891666666666666,0.4914296697491626,13,,,,0.6216000375848186,0,0.0,-5,5,0.2675542563338544,0.36833333333333335,0.28120742239231444,0.37033933808127356,8,0,0.7815972262610008,0,0.7815972262610008,0,0.780643081693582,0,949,949,55,54,409,485,1200,0,645.578155,143.6009750032099,21.372309001890244,,
spherical_g8_d4_s1,1200,8,spherical,4,2026092711,5,10,1,hdbscan_common,0.15767617987320126,0.1691523575011945,0.16023802568224027,0.15767617987320126,3,0.8883333333333333,0.4155174579956619,134,,,,0.4188182938974349,0,0.0,-5,5,0.2706253579903445,0.3308333333333333,0.2665735328692386,0.3503971756398941,8,0,0.6300323367875201,0,0.6300323367875201,0,0.6281228576702781,0,1199,1046,25,24,190,831,1200,0,,,25.2822689981258,False,True
spherical_g8_d4_s1,1200,8,spherical,4,2026092711,5,10,2,hgp_first_coverage,0.1721646425914062,0.17303012972943915,0.17219807353144953,0.1721646425914062,3,0.9891666666666666,0.4914296697491626,13,,,,0.6216000375848186,0,0.0,-5,5,0.2675542563338544,0.36833333333333335,0.28120742239231444,0.37033933808127356,8,0,0.7815972262610008,0,0.7815972262610008,0,0.780643081693582,0,949,949,55,54,409,485,1200,0,645.578155,143.6009750032099,21.824472001753747,,
spherical_g8_d4_s1,1200,8,spherical,4,2026092711,5,10,2,hdbscan_common,0.15767617987320126,0.1691523575011945,0.16023802568224027,0.15767617987320126,3,0.8883333333333333,0.4155174579956619,134,,,,0.4188182938974349,0,0.0,-5,5,0.2706253579903445,0.3308333333333333,0.2665735328692386,0.3503971756398941,8,0,0.6300323367875201,0,0.6300323367875201,0,0.6281228576702781,0,1199,1046,25,24,190,831,1200,0,,,24.055280999164097,False,True
spherical_g8_d4_s1,1200,8,spherical,4,2026092711,5,10,1,hdbscan_standard,0.15772209425752695,0.1689820757347766,0.16018589338809652,0.15772209425752695,3,0.8891666666666667,0.4162664581215793,133,,,,0.4188182938974349,0,0.0,-5,5,0.2707530978965972,0.33166666666666667,0.26679612468700287,0.3511248345831495,8,0,,,,,,,,,,,,,,,,,,,
spherical_g8_d4_s1,1200,8,spherical,4,2026092711,5,20,1,hgp_first_coverage,0.1721646425914062,0.17303012972943915,0.17219807353144953,0.1721646425914062,3,0.9891666666666666,0.4914296697491626,13,,,,0.6216000375848186,0,0.0,-5,5,0.2675542563338544,0.36833333333333335,0.28120742239231444,0.37033933808127356,8,0,0.7815972262610008,0,0.7815972262610008,0,0.7752186921672507,0,949,949,33,32,505,411,1200,0,645.578155,143.6009750032099,21.197184003540315,,
spherical_g8_d4_s1,1200,8,spherical,4,2026092711,5,20,1,hdbscan_common,0.15767617987320126,0.1691523575011945,0.16023802568224027,0.15767617987320126,3,0.8883333333333333,0.4155174579956619,134,,,,0.4188182938974349,0,0.0,-5,5,0.2706253579903445,0.3308333333333333,0.2665735328692386,0.3503971756398941,8,0,0.6300323367875201,0,0.6300323367875201,0,0.6281228576702781,0,1199,1046,17,16,241,788,1200,0,,,32.48799400171265,False,True
spherical_g8_d4_s1,1200,8,spherical,4,2026092711,5,20,2,hgp_first_coverage,0.1721646425914062,0.17303012972943915,0.17219807353144953,0.1721646425914062,3,0.9891666666666666,0.4914296697491626,13,,,,0.6216000375848186,0,0.0,-5,5,0.2675542563338544,0.36833333333333335,0.28120742239231444,0.37033933808127356,8,0,0.7815972262610008,0,0.7815972262610008,0,0.7752186921672507,0,949,949,33,32,505,411,1200,0,645.578155,143.6009750032099,27.87794899995788,,
spherical_g8_d4_s1,1200,8,spherical,4,2026092711,5,20,2,hdbscan_common,0.15767617987320126,0.1691523575011945,0.16023802568224027,0.15767617987320126,3,0.8883333333333333,0.4155174579956619,134,,,,0.4188182938974349,0,0.0,-5,5,0.2706253579903445,0.3308333333333333,0.2665735328692386,0.3503971756398941,8,0,0.6300323367875201,0,0.6300323367875201,0,0.6281228576702781,0,1199,1046,17,16,241,788,1200,0,,,31.21223600101075,False,True
spherical_g8_d4_s1,1200,8,spherical,4,2026092711,5,20,1,hdbscan_standard,0.15772209425752695,0.1689820757347766,0.16018589338809652,0.15772209425752695,3,0.8891666666666667,0.4162664581215793,133,,,,0.4188182938974349,0,0.0,-5,5,0.2707530978965972,0.33166666666666667,0.26679612468700287,0.3511248345831495,8,0,,,,,,,,,,,,,,,,,,,
spherical_g8_d4_s1,1200,8,spherical,4,2026092711,5,50,1,hgp_first_coverage,0.1721646425914062,0.17303012972943915,0.17219807353144953,0.1721646425914062,3,0.9891666666666666,0.4914296697491626,13,,,,0.6216000375848186,0,0.0,-5,5,0.2675542563338544,0.36833333333333335,0.28120742239231444,0.37033933808127356,8,0,0.7815972262610008,0,0.7815972262610008,0,0.7752186921672507,0,949,949,13,12,581,355,1200,0,645.578155,143.6009750032099,24.184952999348752,,
spherical_g8_d4_s1,1200,8,spherical,4,2026092711,5,50,1,hdbscan_common,0.15767617987320126,0.1691523575011945,0.16023802568224027,0.15767617987320126,3,0.8883333333333333,0.4155174579956619,134,,,,0.4188182938974349,0,0.0,-5,5,0.2706253579903445,0.3308333333333333,0.2665735328692386,0.3503971756398941,8,0,0.6300323367875201,0,0.6300323367875201,0,0.6162835824307552,0,1199,1046,11,10,334,701,1200,0,,,36.1899670024286,False,True
spherical_g8_d4_s1,1200,8,spherical,4,2026092711,5,50,2,hgp_first_coverage,0.1721646425914062,0.17303012972943915,0.17219807353144953,0.1721646425914062,3,0.9891666666666666,0.4914296697491626,13,,,,0.6216000375848186,0,0.0,-5,5,0.2675542563338544,0.36833333333333335,0.28120742239231444,0.37033933808127356,8,0,0.7815972262610008,0,0.7815972262610008,0,0.7752186921672507,0,949,949,13,12,581,355,1200,0,645.578155,143.6009750032099,23.895964997791452,,
spherical_g8_d4_s1,1200,8,spherical,4,2026092711,5,50,2,hdbscan_common,0.15767617987320126,0.1691523575011945,0.16023802568224027,0.15767617987320126,3,0.8883333333333333,0.4155174579956619,134,,,,0.4188182938974349,0,0.0,-5,5,0.2706253579903445,0.3308333333333333,0.2665735328692386,0.3503971756398941,8,0,0.6300323367875201,0,0.6300323367875201,0,0.6162835824307552,0,1199,1046,11,10,334,701,1200,0,,,37.41462000107276,False,True
spherical_g8_d4_s1,1200,8,spherical,4,2026092711,5,50,1,hdbscan_standard,0.15772209425752695,0.1689820757347766,0.16018589338809652,0.15772209425752695,3,0.8891666666666667,0.4162664581215793,133,,,,0.4188182938974349,0,0.0,-5,5,0.2707530978965972,0.33166666666666667,0.26679612468700287,0.3511248345831495,8,0,,,,,,,,,,,,,,,,,,,
spherical_g8_d4_s1,1200,8,spherical,4,2026092711,5,100,1,hgp_first_coverage,0.1721646425914062,0.17303012972943915,0.17219807353144953,0.1721646425914062,3,0.9891666666666666,0.4914296697491626,13,,,,0.6216000375848186,0,0.0,-5,5,0.2675542563338544,0.36833333333333335,0.28120742239231444,0.37033933808127356,8,0,0.7815972262610008,0,0.7635508145320005,0,0.7373297466735333,0,949,949,11,10,657,281,1200,0,645.578155,143.6009750032099,21.276570001646178,,
spherical_g8_d4_s1,1200,8,spherical,4,2026092711,5,100,1,hdbscan_common,0.15767617987320126,0.1691523575011945,0.16023802568224027,0.15767617987320126,3,0.8883333333333333,0.4155174579956619,134,,,,0.4188182938974349,0,0.0,-5,5,0.2706253579903445,0.3308333333333333,0.2665735328692386,0.3503971756398941,8,0,0.6300323367875201,0,0.5741721508699335,0,0.539660413064102,0,1199,1046,7,6,453,586,1200,0,,,25.300292996689677,False,True
spherical_g8_d4_s1,1200,8,spherical,4,2026092711,5,100,2,hgp_first_coverage,0.1721646425914062,0.17303012972943915,0.17219807353144953,0.1721646425914062,3,0.9891666666666666,0.4914296697491626,13,,,,0.6216000375848186,0,0.0,-5,5,0.2675542563338544,0.36833333333333335,0.28120742239231444,0.37033933808127356,8,0,0.7815972262610008,0,0.7635508145320005,0,0.7373297466735333,0,949,949,11,10,657,281,1200,0,645.578155,143.6009750032099,30.529702999047004,,
spherical_g8_d4_s1,1200,8,spherical,4,2026092711,5,100,2,hdbscan_common,0.15767617987320126,0.1691523575011945,0.16023802568224027,0.15767617987320126,3,0.8883333333333333,0.4155174579956619,134,,,,0.4188182938974349,0,0.0,-5,5,0.2706253579903445,0.3308333333333333,0.2665735328692386,0.3503971756398941,8,0,0.6300323367875201,0,0.5741721508699335,0,0.539660413064102,0,1199,1046,7,6,453,586,1200,0,,,24.928468999860343,False,True
spherical_g8_d4_s1,1200,8,spherical,4,2026092711,5,100,1,hdbscan_standard,0.15772209425752695,0.1689820757347766,0.16018589338809652,0.15772209425752695,3,0.8891666666666667,0.4162664581215793,133,,,,0.4188182938974349,0,0.0,-5,5,0.2707530978965972,0.33166666666666667,0.26679612468700287,0.3511248345831495,8,0,,,,,,,,,,,,,,,,,,,
spherical_g8_d4_s1,1200,8,spherical,4,2026092711,10,10,1,hgp_first_coverage,0.17407025030087184,0.17430935701417494,0.17406111187929066,0.17407025030087184,3,0.9966666666666667,0.5055981149289053,4,,,,0.7043090894402892,0,0.0,-5,5,0.2684206723671846,0.3725,0.283345277025279,0.3731218697829716,8,0,0.8398648051625902,0,0.8398648051625902,0,0.8391107753313589,0,902,902,49,48,247,606,1200,0,2708.918601,685.0246459980553,20.982551999622956,,
spherical_g8_d4_s1,1200,8,spherical,4,2026092711,10,10,1,hdbscan_common,0.1459529595054684,0.17071373276060725,0.15419596639293223,0.1459529595054684,3,0.8133333333333334,0.3744351229693582,224,,,,0.3631896142749729,0,0.0,-5,5,0.2723274695534506,0.3075,0.2574406288364256,0.3391544117647059,8,0,0.5730795139760751,0,0.5730795139760751,0,0.5725756203437421,0,1199,1128,17,16,112,999,1200,0,,,24.625273999845376,False,True
spherical_g8_d4_s1,1200,8,spherical,4,2026092711,10,10,2,hgp_first_coverage,0.17407025030087184,0.17430935701417494,0.17406111187929066,0.17407025030087184,3,0.9966666666666667,0.5055981149289053,4,,,,0.7043090894402892,0,0.0,-5,5,0.2684206723671846,0.3725,0.283345277025279,0.3731218697829716,8,0,0.8398648051625902,0,0.8398648051625902,0,0.8391107753313589,0,902,902,49,48,247,606,1200,0,2708.918601,685.0246459980553,21.519023001019377,,
spherical_g8_d4_s1,1200,8,spherical,4,2026092711,10,10,2,hdbscan_common,0.1459529595054684,0.17071373276060725,0.15419596639293223,0.1459529595054684,3,0.8133333333333334,0.3744351229693582,224,,,,0.3631896142749729,0,0.0,-5,5,0.2723274695534506,0.3075,0.2574406288364256,0.3391544117647059,8,0,0.5730795139760751,0,0.5730795139760751,0,0.5725756203437421,0,1199,1128,17,16,112,999,1200,0,,,24.546467000618577,False,True
spherical_g8_d4_s1,1200,8,spherical,4,2026092711,10,10,1,hdbscan_standard,0.14609753246744786,0.17024144478200157,0.15402593091521286,0.14609753246744786,3,0.815,0.3732145131319919,222,,,,0.3631896142749729,0,0.0,-5,5,0.2714972239681542,0.30833333333333335,0.2572672462759451,0.3397612488521579,8,0,,,,,,,,,,,,,,,,,,,
spherical_g8_d4_s1,1200,8,spherical,4,2026092711,10,20,1,hgp_first_coverage,0.17407025030087184,0.17430935701417494,0.17406111187929066,0.17407025030087184,3,0.9966666666666667,0.5055981149289053,4,,,,0.7043090894402892,0,0.0,-5,5,0.2684206723671846,0.3725,0.283345277025279,0.3731218697829716,8,0,0.8398648051625902,0,0.8398648051625902,0,0.8391107753313589,0,902,902,37,36,358,507,1200,0,2708.918601,685.0246459980553,20.68127000165987,,
spherical_g8_d4_s1,1200,8,spherical,4,2026092711,10,20,1,hdbscan_common,0.1459529595054684,0.17071373276060725,0.15419596639293223,0.1459529595054684,3,0.8133333333333334,0.3744351229693582,224,,,,0.3631896142749729,0,0.0,-5,5,0.2723274695534506,0.3075,0.2574406288364256,0.3391544117647059,8,0,0.5730795139760751,0,0.5730795139760751,0,0.5725756203437421,0,1199,1128,15,14,158,955,1200,0,,,24.645631998282624,False,True
spherical_g8_d4_s1,1200,8,spherical,4,2026092711,10,20,2,hgp_first_coverage,0.17407025030087184,0.17430935701417494,0.17406111187929066,0.17407025030087184,3,0.9966666666666667,0.5055981149289053,4,,,,0.7043090894402892,0,0.0,-5,5,0.2684206723671846,0.3725,0.283345277025279,0.3731218697829716,8,0,0.8398648051625902,0,0.8398648051625902,0,0.8391107753313589,0,902,902,37,36,358,507,1200,0,2708.918601,685.0246459980553,327.2573550020752,,
spherical_g8_d4_s1,1200,8,spherical,4,2026092711,10,20,2,hdbscan_common,0.1459529595054684,0.17071373276060725,0.15419596639293223,0.1459529595054684,3,0.8133333333333334,0.3744351229693582,224,,,,0.3631896142749729,0,0.0,-5,5,0.2723274695534506,0.3075,0.2574406288364256,0.3391544117647059,8,0,0.5730795139760751,0,0.5730795139760751,0,0.5725756203437421,0,1199,1128,15,14,158,955,1200,0,,,25.845560001471313,False,True
spherical_g8_d4_s1,1200,8,spherical,4,2026092711,10,20,1,hdbscan_standard,0.14609753246744786,0.17024144478200157,0.15402593091521286,0.14609753246744786,3,0.815,0.3732145131319919,222,,,,0.3631896142749729,0,0.0,-5,5,0.2714972239681542,0.30833333333333335,0.2572672462759451,0.3397612488521579,8,0,,,,,,,,,,,,,,,,,,,
spherical_g8_d4_s1,1200,8,spherical,4,2026092711,10,50,1,hgp_first_coverage,0.17407025030087184,0.17430935701417494,0.17406111187929066,0.17407025030087184,3,0.9966666666666667,0.5055981149289053,4,,,,0.7043090894402892,0,0.0,-5,5,0.2684206723671846,0.3725,0.283345277025279,0.3731218697829716,8,0,0.8398648051625902,0,0.8398648051625902,0,0.8391107753313589,0,902,902,15,14,474,413,1200,0,2708.918601,685.0246459980553,20.262209000065923,,
spherical_g8_d4_s1,1200,8,spherical,4,2026092711,10,50,1,hdbscan_common,0.1459529595054684,0.17071373276060725,0.15419596639293223,0.1459529595054684,3,0.8133333333333334,0.3744351229693582,224,,,,0.3631896142749729,0,0.0,-5,5,0.2723274695534506,0.3075,0.2574406288364256,0.3391544117647059,8,0,0.5730795139760751,0,0.5730795139760751,0,0.5709926955071408,0,1199,1128,9,8,291,828,1200,0,,,24.038089999521617,False,True
spherical_g8_d4_s1,1200,8,spherical,4,2026092711,10,50,2,hgp_first_coverage,0.17407025030087184,0.17430935701417494,0.17406111187929066,0.17407025030087184,3,0.9966666666666667,0.5055981149289053,4,,,,0.7043090894402892,0,0.0,-5,5,0.2684206723671846,0.3725,0.283345277025279,0.3731218697829716,8,0,0.8398648051625902,0,0.8398648051625902,0,0.8391107753313589,0,902,902,15,14,474,413,1200,0,2708.918601,685.0246459980553,19.94157099761651,,
spherical_g8_d4_s1,1200,8,spherical,4,2026092711,10,50,2,hdbscan_common,0.1459529595054684,0.17071373276060725,0.15419596639293223,0.1459529595054684,3,0.8133333333333334,0.3744351229693582,224,,,,0.3631896142749729,0,0.0,-5,5,0.2723274695534506,0.3075,0.2574406288364256,0.3391544117647059,8,0,0.5730795139760751,0,0.5730795139760751,0,0.5709926955071408,0,1199,1128,9,8,291,828,1200,0,,,24.355571000342024,False,True
spherical_g8_d4_s1,1200,8,spherical,4,2026092711,10,50,1,hdbscan_standard,0.14609753246744786,0.17024144478200157,0.15402593091521286,0.14609753246744786,3,0.815,0.3732145131319919,222,,,,0.3631896142749729,0,0.0,-5,5,0.2714972239681542,0.30833333333333335,0.2572672462759451,0.3397612488521579,8,0,,,,,,,,,,,,,,,,,,,
spherical_g8_d4_s1,1200,8,spherical,4,2026092711,10,100,1,hgp_first_coverage,0.17407025030087184,0.17430935701417494,0.17406111187929066,0.17407025030087184,3,0.9966666666666667,0.5055981149289053,4,,,,0.7043090894402892,0,0.0,-5,5,0.2684206723671846,0.3725,0.283345277025279,0.3731218697829716,8,0,0.8398648051625902,0,0.8061377867373444,0,0.7616133538925918,0,902,902,11,10,605,286,1200,0,2708.918601,685.0246459980553,26.992828999937046,,
spherical_g8_d4_s1,1200,8,spherical,4,2026092711,10,100,1,hdbscan_common,0.1459529595054684,0.17071373276060725,0.15419596639293223,0.1459529595054684,3,0.8133333333333334,0.3744351229693582,224,,,,0.3631896142749729,0,0.0,-5,5,0.2723274695534506,0.3075,0.2574406288364256,0.3391544117647059,8,0,0.5730795139760751,0,0.5717173837581343,0,0.5709926955071408,0,1199,1128,9,8,448,671,1200,0,,,23.994298000616254,False,True
spherical_g8_d4_s1,1200,8,spherical,4,2026092711,10,100,2,hgp_first_coverage,0.17407025030087184,0.17430935701417494,0.17406111187929066,0.17407025030087184,3,0.9966666666666667,0.5055981149289053,4,,,,0.7043090894402892,0,0.0,-5,5,0.2684206723671846,0.3725,0.283345277025279,0.3731218697829716,8,0,0.8398648051625902,0,0.8061377867373444,0,0.7616133538925918,0,902,902,11,10,605,286,1200,0,2708.918601,685.0246459980553,19.817309999780264,,
spherical_g8_d4_s1,1200,8,spherical,4,2026092711,10,100,2,hdbscan_common,0.1459529595054684,0.17071373276060725,0.15419596639293223,0.1459529595054684,3,0.8133333333333334,0.3744351229693582,224,,,,0.3631896142749729,0,0.0,-5,5,0.2723274695534506,0.3075,0.2574406288364256,0.3391544117647059,8,0,0.5730795139760751,0,0.5717173837581343,0,0.5709926955071408,0,1199,1128,9,8,448,671,1200,0,,,23.783243999787373,False,True
spherical_g8_d4_s1,1200,8,spherical,4,2026092711,10,100,1,hdbscan_standard,0.14609753246744786,0.17024144478200157,0.15402593091521286,0.14609753246744786,3,0.815,0.3732145131319919,222,,,,0.3631896142749729,0,0.0,-5,5,0.2714972239681542,0.30833333333333335,0.2572672462759451,0.3397612488521579,8,0,,,,,,,,,,,,,,,,,,,
spherical_g8_d4_s2,1200,8,spherical,4,2026092712,5,10,1,hgp_first_coverage,0.5365478731294604,0.8599020897745215,0.6260493496359435,0.5365478731294604,18,0.7758333333333334,0.691475282142173,269,,,,0.7206393701018085,0,0.0,10,10,0.977429215035579,0.6491666666666667,0.7455105946301647,0.7311121539183482,8,0,0.8783690281541559,0,0.8783690281541559,0,0.8783690281541559,0,954,954,55,54,386,513,1200,0,670.954764,137.9765790006786,22.591461998672457,,
spherical_g8_d4_s2,1200,8,spherical,4,2026092712,5,10,1,hdbscan_common,0.36142724946597676,0.9353609091468952,0.5401283910423742,0.36142724946597676,8,0.6516666666666666,0.6316887349635787,418,,,,0.5102540504194099,0,0.0,0,0,0.9665414915966386,0.6308333333333334,0.7568586961963446,0.763874873864783,8,0,0.757204077722449,0,0.757204077722449,0,0.7568586961963446,0,1199,1061,19,18,170,872,1200,0,,,25.287508997280383,False,True
spherical_g8_d4_s2,1200,8,spherical,4,2026092712,5,10,2,hgp_first_coverage,0.5365478731294604,0.8599020897745215,0.6260493496359435,0.5365478731294604,18,0.7758333333333334,0.691475282142173,269,,,,0.7206393701018085,0,0.0,10,10,0.977429215035579,0.6491666666666667,0.7455105946301647,0.7311121539183482,8,0,0.8783690281541559,0,0.8783690281541559,0,0.8783690281541559,0,954,954,55,54,386,513,1200,0,670.954764,137.9765790006786,22.195925001142314,,
spherical_g8_d4_s2,1200,8,spherical,4,2026092712,5,10,2,hdbscan_common,0.36142724946597676,0.9353609091468952,0.5401283910423742,0.36142724946597676,8,0.6516666666666666,0.6316887349635787,418,,,,0.5102540504194099,0,0.0,0,0,0.9665414915966386,0.6308333333333334,0.7568586961963446,0.763874873864783,8,0,0.757204077722449,0,0.757204077722449,0,0.7568586961963446,0,1199,1061,19,18,170,872,1200,0,,,24.603193000075407,False,True
spherical_g8_d4_s2,1200,8,spherical,4,2026092712,5,10,1,hdbscan_standard,0.33442638378466677,0.9526680401153347,0.5219556948623739,0.33442638378466677,9,0.6258333333333334,0.6253467536960207,449,,,,0.5102540504194099,0,0.0,1,1,0.9784343215441517,0.6058333333333333,0.7375037455397898,0.7452588416196823,8,0,,,,,,,,,,,,,,,,,,,
spherical_g8_d4_s2,1200,8,spherical,4,2026092712,5,20,1,hgp_first_coverage,0.6978289941807718,0.9150778268133263,0.7526115326998372,0.6978289941807718,8,0.8483333333333334,0.7661129500601286,182,,,,0.7206393701018085,0,0.0,0,0,0.9582531458086002,0.8141666666666667,0.8783690281541559,0.8809738503155996,8,0,0.8783690281541559,0,0.8783690281541559,0,0.8783690281541559,0,954,954,19,18,479,456,1200,0,670.954764,137.9765790006786,20.88841699878685,,
spherical_g8_d4_s2,1200,8,spherical,4,2026092712,5,20,1,hdbscan_common,0.36142724946597676,0.9353609091468952,0.5401283910423742,0.36142724946597676,8,0.6516666666666666,0.6316887349635787,418,,,,0.5102540504194099,0,0.0,0,0,0.9665414915966386,0.6308333333333334,0.7568586961963446,0.763874873864783,8,0,0.757204077722449,0,0.757204077722449,0,0.7568586961963446,0,1199,1061,15,14,229,817,1200,0,,,24.02035599880037,False,True
spherical_g8_d4_s2,1200,8,spherical,4,2026092712,5,20,2,hgp_first_coverage,0.6978289941807718,0.9150778268133263,0.7526115326998372,0.6978289941807718,8,0.8483333333333334,0.7661129500601286,182,,,,0.7206393701018085,0,0.0,0,0,0.9582531458086002,0.8141666666666667,0.8783690281541559,0.8809738503155996,8,0,0.8783690281541559,0,0.8783690281541559,0,0.8783690281541559,0,954,954,19,18,479,456,1200,0,670.954764,137.9765790006786,21.079221998661524,,
spherical_g8_d4_s2,1200,8,spherical,4,2026092712,5,20,2,hdbscan_common,0.36142724946597676,0.9353609091468952,0.5401283910423742,0.36142724946597676,8,0.6516666666666666,0.6316887349635787,418,,,,0.5102540504194099,0,0.0,0,0,0.9665414915966386,0.6308333333333334,0.7568586961963446,0.763874873864783,8,0,0.757204077722449,0,0.757204077722449,0,0.7568586961963446,0,1199,1061,15,14,229,817,1200,0,,,24.20019100100035,False,True
spherical_g8_d4_s2,1200,8,spherical,4,2026092712,5,20,1,hdbscan_standard,0.36336940239153587,0.9291329432189546,0.5399565239896228,0.36336940239153587,8,0.655,0.6287540824432655,414,,,,0.5102540504194099,0,0.0,0,0,0.9621021079656509,0.6316666666666667,0.7564135432421841,0.7633434038267876,8,0,,,,,,,,,,,,,,,,,,,
spherical_g8_d4_s2,1200,8,spherical,4,2026092712,5,50,1,hgp_first_coverage,0.6978289941807718,0.9150778268133263,0.7526115326998372,0.6978289941807718,8,0.8483333333333334,0.7661129500601286,182,,,,0.7206393701018085,0,0.0,0,0,0.9582531458086002,0.8141666666666667,0.8783690281541559,0.8809738503155996,8,0,0.8783690281541559,0,0.8783690281541559,0,0.8783690281541559,0,954,954,15,14,563,376,1200,0,670.954764,137.9765790006786,20.702220001112437,,
spherical_g8_d4_s2,1200,8,spherical,4,2026092712,5,50,1,hdbscan_common,0.3645806668160139,0.8486227533398537,0.5216879295277473,0.3645806668160139,7,0.6708333333333333,0.6120412468427144,395,,,,0.5102540504194099,0,0.0,-1,1,0.7860057773109244,0.5825,0.6640261252033962,0.6972568578553616,8,0,0.757204077722449,0,0.757204077722449,0,0.7568586961963446,0,1199,1061,15,14,360,686,1200,0,,,23.94767100122408,False,True
spherical_g8_d4_s2,1200,8,spherical,4,2026092712,5,50,2,hgp_first_coverage,0.6978289941807718,0.9150778268133263,0.7526115326998372,0.6978289941807718,8,0.8483333333333334,0.7661129500601286,182,,,,0.7206393701018085,0,0.0,0,0,0.9582531458086002,0.8141666666666667,0.8783690281541559,0.8809738503155996,8,0,0.8783690281541559,0,0.8783690281541559,0,0.8783690281541559,0,954,954,15,14,563,376,1200,0,670.954764,137.9765790006786,21.45359100177302,,
spherical_g8_d4_s2,1200,8,spherical,4,2026092712,5,50,2,hdbscan_common,0.36142724946597676,0.9353609091468952,0.5401283910423742,0.36142724946597676,8,0.6516666666666666,0.6316887349635787,418,,,,0.5102540504194099,0,0.0,0,0,0.9665414915966386,0.6308333333333334,0.7568586961963446,0.763874873864783,8,0,0.757204077722449,0,0.757204077722449,0,0.7568586961963446,0,1199,1061,15,14,360,686,1200,0,,,24.465014997986145,False,True
spherical_g8_d4_s2,1200,8,spherical,4,2026092712,5,50,1,hdbscan_standard,0.36617004919314083,0.8468380923329712,0.5222658758904372,0.36617004919314083,7,0.6725,0.6119443840293183,393,,,,0.5102540504194099,0,0.0,-1,1,0.7849890127275557,0.5833333333333334,0.664287360455624,0.6975585450921774,8,0,,,,,,,,,,,,,,,,,,,
spherical_g8_d4_s2,1200,8,spherical,4,2026092712,5,100,1,hgp_first_coverage,0.17179061462606096,0.1755821961179078,0.17219533123494082,0.17179061462606096,3,0.9575,0.47409845249147764,51,,,,0.7206393701018085,0,0.0,-5,5,0.2712920046349942,0.36083333333333334,0.28025796931664254,0.36866751809280546,8,0,0.8783690281541559,0,0.8783690281541559,0,0.8783690281541559,0,954,954,15,14,695,244,1200,0,670.954764,137.9765790006786,23.266660999070155,,
spherical_g8_d4_s2,1200,8,spherical,4,2026092712,5,100,1,hdbscan_common,0.1536369041323437,0.17571015192395126,0.16051530130868857,0.1536369041323437,3,0.8308333333333333,0.392155486786467,203,,,,0.5102540504194099,0,0.0,-5,5,0.2733333333333333,0.3225,0.264657605466429,0.3522985889849795,8,0,0.757204077722449,0,0.608871565565319,0,0.602968926221146,0,1199,1061,9,8,612,440,1200,0,,,24.92550399983884,False,True
spherical_g8_d4_s2,1200,8,spherical,4,2026092712,5,100,2,hgp_first_coverage,0.17179061462606096,0.1755821961179078,0.17219533123494082,0.17179061462606096,3,0.9575,0.47409845249147764,51,,,,0.7206393701018085,0,0.0,-5,5,0.2712920046349942,0.36083333333333334,0.28025796931664254,0.36866751809280546,8,0,0.8783690281541559,0,0.8783690281541559,0,0.8783690281541559,0,954,954,15,14,695,244,1200,0,670.954764,137.9765790006786,21.66907200080459,,
spherical_g8_d4_s2,1200,8,spherical,4,2026092712,5,100,2,hdbscan_common,0.1536369041323437,0.17571015192395126,0.16051530130868857,0.1536369041323437,3,0.8308333333333333,0.392155486786467,203,,,,0.5102540504194099,0,0.0,-5,5,0.2733333333333333,0.3225,0.264657605466429,0.3522985889849795,8,0,0.757204077722449,0,0.608871565565319,0,0.602968926221146,0,1199,1061,9,8,612,440,1200,0,,,24.43596100056311,False,True
spherical_g8_d4_s2,1200,8,spherical,4,2026092712,5,100,1,hdbscan_standard,0.1538277514695942,0.17554889502834392,0.1605253176143651,0.1538277514695942,3,0.8316666666666667,0.39302643597398285,202,,,,0.5102540504194099,0,0.0,-5,5,0.27346870838881493,0.32333333333333336,0.2648919130259308,0.35304822565969063,8,0,,,,,,,,,,,,,,,,,,,
spherical_g8_d4_s2,1200,8,spherical,4,2026092712,10,10,1,hgp_first_coverage,0.7216930092299298,0.8858759641881855,0.756316989109027,0.7216930092299298,13,0.875,0.7661939989048517,150,,,,0.7953449942417493,0,0.0,5,5,0.9341730963532473,0.78,0.8260152631052056,0.832,8,0,0.9085071013718622,0,0.9085071013718622,0,0.9077574233839512,0,932,932,45,44,244,643,1200,0,2865.59741,765.0143079990812,21.22035600041272,,
spherical_g8_d4_s2,1200,8,spherical,4,2026092712,10,10,1,hdbscan_common,0.25843232561139007,0.9501806526359785,0.46011025270278627,0.25843232561139007,8,0.5841666666666666,0.5862552974188963,499,,,,0.4365367580304073,0,0.0,0,0,0.9752164432838517,0.57,0.7148921789307587,0.7196212519726459,8,0,0.7156166515303313,0,0.7156166515303313,0,0.7148921789307586,0,1199,1141,15,14,66,1060,1200,0,,,24.714089999179123,False,True
spherical_g8_d4_s2,1200,8,spherical,4,2026092712,10,10,2,hgp_first_coverage,0.6653696912341939,0.8928084369173629,0.7198828004636416,0.6653696912341939,14,0.8341666666666666,0.7469956807431943,199,,,,0.7953449942417493,0,0.0,6,6,0.9381575370597233,0.7358333333333333,0.7983596523512605,0.8023625624716039,8,0,0.9085071013718622,0,0.9085071013718622,0,0.9077574233839512,0,932,932,45,44,244,643,1200,0,2865.59741,765.0143079990812,22.265564002736937,,
spherical_g8_d4_s2,1200,8,spherical,4,2026092712,10,10,2,hdbscan_common,0.25843232561139007,0.9501806526359785,0.46011025270278627,0.25843232561139007,8,0.5841666666666666,0.5862552974188963,499,,,,0.4365367580304073,0,0.0,0,0,0.9752164432838517,0.57,0.7148921789307587,0.7196212519726459,8,0,0.7156166515303313,0,0.7156166515303313,0,0.7148921789307586,0,1199,1141,15,14,66,1060,1200,0,,,24.314284000865882,False,True
spherical_g8_d4_s2,1200,8,spherical,4,2026092712,10,10,1,hdbscan_standard,0.2598540010425352,0.9443706301592547,0.4601515710597457,0.2598540010425352,8,0.5866666666666667,0.5842713214209527,496,,,,0.4365367580304073,0,0.0,0,0,0.9725254426372706,0.5708333333333333,0.7148530436941221,0.7195378151260504,8,0,,,,,,,,,,,,,,,,,,,
spherical_g8_d4_s2,1200,8,spherical,4,2026092712,10,20,1,hgp_first_coverage,0.786443356998077,0.8994668679072946,0.8065388428362811,0.786443356998077,8,0.9108333333333334,0.8047371118259324,107,,,,0.7953449942417493,0,0.0,0,0,0.9532241912437582,0.8683333333333334,0.9077574233839512,0.9088530309638029,8,0,0.9085071013718622,0,0.9085071013718622,0,0.9077574233839512,0,932,932,17,16,324,591,1200,0,2865.59741,765.0143079990812,21.044788001745474,,
spherical_g8_d4_s2,1200,8,spherical,4,2026092712,10,20,1,hdbscan_common,0.25843232561139007,0.9501806526359785,0.46011025270278627,0.25843232561139007,8,0.5841666666666666,0.5862552974188963,499,,,,0.4365367580304073,0,0.0,0,0,0.9752164432838517,0.57,0.7148921789307587,0.7196212519726459,8,0,0.7156166515303313,0,0.7156166515303313,0,0.7148921789307586,0,1199,1141,15,14,131,995,1200,0,,,28.292692000832176,False,True
spherical_g8_d4_s2,1200,8,spherical,4,2026092712,10,20,2,hgp_first_coverage,0.786443356998077,0.8994668679072946,0.8065388428362811,0.786443356998077,8,0.9108333333333334,0.8047371118259324,107,,,,0.7953449942417493,0,0.0,0,0,0.9532241912437582,0.8683333333333334,0.9077574233839512,0.9088530309638029,8,0,0.9085071013718622,0,0.9085071013718622,0,0.9077574233839512,0,932,932,17,16,324,591,1200,0,2865.59741,765.0143079990812,23.04071899925475,,
spherical_g8_d4_s2,1200,8,spherical,4,2026092712,10,20,2,hdbscan_common,0.25843232561139007,0.9501806526359785,0.46011025270278627,0.25843232561139007,8,0.5841666666666666,0.5862552974188963,499,,,,0.4365367580304073,0,0.0,0,0,0.9752164432838517,0.57,0.7148921789307587,0.7196212519726459,8,0,0.7156166515303313,0,0.7156166515303313,0,0.7148921789307586,0,1199,1141,15,14,131,995,1200,0,,,25.11078899988206,False,True
spherical_g8_d4_s2,1200,8,spherical,4,2026092712,10,20,1,hdbscan_standard,0.2598540010425352,0.9443706301592547,0.4601515710597457,0.2598540010425352,8,0.5866666666666667,0.5842713214209527,496,,,,0.4365367580304073,0,0.0,0,0,0.9725254426372706,0.5708333333333333,0.7148530436941221,0.7195378151260504,8,0,,,,,,,,,,,,,,,,,,,
spherical_g8_d4_s2,1200,8,spherical,4,2026092712,10,50,1,hgp_first_coverage,0.786443356998077,0.8994668679072946,0.8065388428362811,0.786443356998077,8,0.9108333333333334,0.8047371118259324,107,,,,0.7953449942417493,0,0.0,0,0,0.9532241912437582,0.8683333333333334,0.9077574233839512,0.9088530309638029,8,0,0.9085071013718622,0,0.9085071013718622,0,0.9077574233839512,0,932,932,15,14,425,492,1200,0,2865.59741,765.0143079990812,30.89444299985189,,
spherical_g8_d4_s2,1200,8,spherical,4,2026092712,10,50,1,hdbscan_common,0.06755840610735775,0.07321679491352893,0.06902282930333786,0.06755840610735775,2,0.8433333333333334,0.22706987861634026,188,,,,0.4365367580304073,0,0.0,-6,6,0.1452020202020202,0.22083333333333333,0.14620574880100387,0.23960216998191683,8,0,0.7156166515303313,0,0.7156166515303313,0,0.7148921789307586,0,1199,1141,15,14,350,776,1200,0,,,25.372997999511426,False,True
spherical_g8_d4_s2,1200,8,spherical,4,2026092712,10,50,2,hgp_first_coverage,0.786443356998077,0.8994668679072946,0.8065388428362811,0.786443356998077,8,0.9108333333333334,0.8047371118259324,107,,,,0.7953449942417493,0,0.0,0,0,0.9532241912437582,0.8683333333333334,0.9077574233839512,0.9088530309638029,8,0,0.9085071013718622,0,0.9085071013718622,0,0.9077574233839512,0,932,932,15,14,425,492,1200,0,2865.59741,765.0143079990812,21.700531000533374,,
spherical_g8_d4_s2,1200,8,spherical,4,2026092712,10,50,2,hdbscan_common,0.13244863853605943,0.1772489536859264,0.1502104779209559,0.13244863853605943,3,0.7325,0.3419001536145754,321,,,,0.4365367580304073,0,0.0,-5,5,0.27386363636363636,0.2875,0.2493028277056964,0.3318903318903319,8,0,0.7156166515303313,0,0.7156166515303313,0,0.7148921789307586,0,1199,1141,15,14,350,776,1200,0,,,25.10212299966952,False,True
spherical_g8_d4_s2,1200,8,spherical,4,2026092712,10,50,1,hdbscan_standard,0.06690235680434034,0.0724758963460787,0.06834257327777941,0.06690235680434034,2,0.8441666666666666,0.22368333557754702,187,,,,0.4365367580304073,0,0.0,-6,6,0.14517937219730942,0.22083333333333333,0.14617256057397426,0.2394938996836873,8,0,,,,,,,,,,,,,,,,,,,
spherical_g8_d4_s2,1200,8,spherical,4,2026092712,10,100,1,hgp_first_coverage,0.5773275882263251,0.6145601174702363,0.5820061038918285,0.5773275882263251,6,0.94,0.7404459663764897,72,,,,0.7953449942417493,0,0.0,-2,2,0.6424460247211906,0.6808333333333333,0.6423197043850442,0.7018900343642611,8,0,0.9085071013718622,0,0.9085071013718622,0,0.9077574233839512,0,932,932,15,14,611,306,1200,0,2865.59741,765.0143079990812,21.691384001314873,,
spherical_g8_d4_s2,1200,8,spherical,4,2026092712,10,100,1,hdbscan_common,0.06755840610735775,0.07321679491352893,0.06902282930333786,0.06755840610735775,2,0.8433333333333334,0.22706987861634026,188,,,,0.4365367580304073,0,0.0,-6,6,0.1452020202020202,0.22083333333333333,0.14620574880100387,0.23960216998191683,8,0,0.7156166515303313,0,0.4964583615690237,0,0.44687843524031323,0,1199,1141,5,4,622,514,1200,0,,,24.336616002983646,False,True
spherical_g8_d4_s2,1200,8,spherical,4,2026092712,10,100,2,hgp_first_coverage,0.786443356998077,0.8994668679072946,0.8065388428362811,0.786443356998077,8,0.9108333333333334,0.8047371118259324,107,,,,0.7953449942417493,0,0.0,0,0,0.9532241912437582,0.8683333333333334,0.9077574233839512,0.9088530309638029,8,0,0.9085071013718622,0,0.9085071013718622,0,0.9077574233839512,0,932,932,15,14,611,306,1200,0,2865.59741,765.0143079990812,21.358693000365747,,
spherical_g8_d4_s2,1200,8,spherical,4,2026092712,10,100,2,hdbscan_common,0.06755840610735775,0.07321679491352893,0.06902282930333786,0.06755840610735775,2,0.8433333333333334,0.22706987861634026,188,,,,0.4365367580304073,0,0.0,-6,6,0.1452020202020202,0.22083333333333333,0.14620574880100387,0.23960216998191683,8,0,0.7156166515303313,0,0.4964583615690237,0,0.44687843524031323,0,1199,1141,5,4,622,514,1200,0,,,24.499911000020802,False,True
spherical_g8_d4_s2,1200,8,spherical,4,2026092712,10,100,1,hdbscan_standard,0.06690235680434034,0.0724758963460787,0.06834257327777941,0.06690235680434034,2,0.8441666666666666,0.22368333557754702,187,,,,0.4365367580304073,0,0.0,-6,6,0.14517937219730942,0.22083333333333333,0.14617256057397426,0.2394938996836873,8,0,,,,,,,,,,,,,,,,,,,
spherical_g8_d4_s3,1200,8,spherical,4,2026092713,5,10,1,hgp_first_coverage,0.5432581065691591,0.865545527748865,0.6321649728640256,0.5432581065691591,16,0.7733333333333333,0.689773792717265,272,,,,0.6645774994194343,0,0.0,8,8,0.946499641323399,0.6491666666666667,0.7331201713562837,0.7321428571428571,8,0,0.8204222876118864,0,0.8204222876118864,0,0.8181723894045575,0,935,935,67,66,418,450,1200,0,636.660373,140.51684600053704,21.962628998153377,,
spherical_g8_d4_s3,1200,8,spherical,4,2026092713,5,10,1,hdbscan_common,0.15261916974303702,0.17921769532495674,0.1615917754116612,0.15261916974303702,3,0.8158333333333333,0.3824225186188417,221,,,,0.4308211529288973,0,0.0,-5,5,0.2714165688249297,0.315,0.2625156940768177,0.3469481413492428,8,0,0.6665085680116654,0,0.6665085680116654,0,0.6658587746989764,0,1199,1058,27,26,200,831,1200,0,,,25.76160300304764,False,True
spherical_g8_d4_s3,1200,8,spherical,4,2026092713,5,10,2,hgp_first_coverage,0.5432581065691591,0.865545527748865,0.6321649728640256,0.5432581065691591,16,0.7733333333333333,0.689773792717265,272,,,,0.6645774994194343,0,0.0,8,8,0.946499641323399,0.6491666666666667,0.7331201713562837,0.7321428571428571,8,0,0.8204222876118864,0,0.8204222876118864,0,0.8181723894045575,0,935,935,67,66,418,450,1200,0,636.660373,140.51684600053704,21.54896799765993,,
spherical_g8_d4_s3,1200,8,spherical,4,2026092713,5,10,2,hdbscan_common,0.15261916974303702,0.17921769532495674,0.1615917754116612,0.15261916974303702,3,0.8158333333333333,0.3824225186188417,221,,,,0.4308211529288973,0,0.0,-5,5,0.2714165688249297,0.315,0.2625156940768177,0.3469481413492428,8,0,0.6665085680116654,0,0.6665085680116654,0,0.6658587746989764,0,1199,1058,27,26,200,831,1200,0,,,24.126203999912832,False,True
spherical_g8_d4_s3,1200,8,spherical,4,2026092713,5,10,1,hdbscan_standard,0.15186418949044309,0.17811085322776682,0.160696008519145,0.15186418949044309,3,0.8166666666666667,0.37961763718510433,220,,,,0.4308211529288973,0,0.0,-5,5,0.27138596661073106,0.315,0.26247354706288534,0.3467889908256881,8,0,,,,,,,,,,,,,,,,,,,
spherical_g8_d4_s3,1200,8,spherical,4,2026092713,5,20,1,hgp_first_coverage,0.6143417531462118,0.7835219266110179,0.6573000257874162,0.6143417531462118,7,0.85,0.7183162950015869,180,,,,0.6645774994194343,0,0.0,-1,1,0.791436656827275,0.7233333333333334,0.7449380030574261,0.781981981981982,8,0,0.8204222876118864,0,0.8204222876118864,0,0.8181723894045575,0,935,935,25,24,519,391,1200,0,636.660373,140.51684600053704,20.634222997614415,,
spherical_g8_d4_s3,1200,8,spherical,4,2026092713,5,20,1,hdbscan_common,0.15261916974303702,0.17921769532495674,0.1615917754116612,0.15261916974303702,3,0.8158333333333333,0.3824225186188417,221,,,,0.4308211529288973,0,0.0,-5,5,0.2714165688249297,0.315,0.2625156940768177,0.3469481413492428,8,0,0.6665085680116654,0,0.6665085680116654,0,0.664027709430709,0,1199,1058,15,14,249,794,1200,0,,,24.63350999823888,False,True
spherical_g8_d4_s3,1200,8,spherical,4,2026092713,5,20,2,hgp_first_coverage,0.6143417531462118,0.7835219266110179,0.6573000257874162,0.6143417531462118,7,0.85,0.7183162950015869,180,,,,0.6645774994194343,0,0.0,-1,1,0.791436656827275,0.7233333333333334,0.7449380030574261,0.781981981981982,8,0,0.8204222876118864,0,0.8204222876118864,0,0.8181723894045575,0,935,935,25,24,519,391,1200,0,636.660373,140.51684600053704,21.636171000864124,,
spherical_g8_d4_s3,1200,8,spherical,4,2026092713,5,20,2,hdbscan_common,0.15261916974303702,0.17921769532495674,0.1615917754116612,0.15261916974303702,3,0.8158333333333333,0.3824225186188417,221,,,,0.4308211529288973,0,0.0,-5,5,0.2714165688249297,0.315,0.2625156940768177,0.3469481413492428,8,0,0.6665085680116654,0,0.6665085680116654,0,0.664027709430709,0,1199,1058,15,14,249,794,1200,0,,,24.582054000347853,False,True
spherical_g8_d4_s3,1200,8,spherical,4,2026092713,5,20,1,hdbscan_standard,0.15186418949044309,0.17811085322776682,0.160696008519145,0.15186418949044309,3,0.8166666666666667,0.37961763718510433,220,,,,0.4308211529288973,0,0.0,-5,5,0.27138596661073106,0.315,0.26247354706288534,0.3467889908256881,8,0,,,,,,,,,,,,,,,,,,,
spherical_g8_d4_s3,1200,8,spherical,4,2026092713,5,50,1,hgp_first_coverage,0.6143417531462118,0.7835219266110179,0.6573000257874162,0.6143417531462118,7,0.85,0.7183162950015869,180,,,,0.6645774994194343,0,0.0,-1,1,0.791436656827275,0.7233333333333334,0.7449380030574261,0.781981981981982,8,0,0.8204222876118864,0,0.8204222876118864,0,0.8098889834495829,0,935,935,15,14,566,354,1200,0,636.660373,140.51684600053704,21.596646998659708,,
spherical_g8_d4_s3,1200,8,spherical,4,2026092713,5,50,1,hdbscan_common,0.15261916974303702,0.17921769532495674,0.1615917754116612,0.15261916974303702,3,0.8158333333333333,0.3824225186188417,221,,,,0.4308211529288973,0,0.0,-5,5,0.2714165688249297,0.315,0.2625156940768177,0.3469481413492428,8,0,0.6665085680116654,0,0.6665085680116654,0,0.664027709430709,0,1199,1058,13,12,351,694,1200,0,,,25.39823500046623,False,True
spherical_g8_d4_s3,1200,8,spherical,4,2026092713,5,50,2,hgp_first_coverage,0.6143417531462118,0.7835219266110179,0.6573000257874162,0.6143417531462118,7,0.85,0.7183162950015869,180,,,,0.6645774994194343,0,0.0,-1,1,0.791436656827275,0.7233333333333334,0.7449380030574261,0.781981981981982,8,0,0.8204222876118864,0,0.8204222876118864,0,0.8098889834495829,0,935,935,15,14,566,354,1200,0,636.660373,140.51684600053704,21.3677599967923,,
spherical_g8_d4_s3,1200,8,spherical,4,2026092713,5,50,2,hdbscan_common,0.15261916974303702,0.17921769532495674,0.1615917754116612,0.15261916974303702,3,0.8158333333333333,0.3824225186188417,221,,,,0.4308211529288973,0,0.0,-5,5,0.2714165688249297,0.315,0.2625156940768177,0.3469481413492428,8,0,0.6665085680116654,0,0.6665085680116654,0,0.664027709430709,0,1199,1058,13,12,351,694,1200,0,,,24.944198001321638,False,True
spherical_g8_d4_s3,1200,8,spherical,4,2026092713,5,50,1,hdbscan_standard,0.15186418949044309,0.17811085322776682,0.160696008519145,0.15186418949044309,3,0.8166666666666667,0.37961763718510433,220,,,,0.4308211529288973,0,0.0,-5,5,0.27138596661073106,0.315,0.26247354706288534,0.3467889908256881,8,0,,,,,,,,,,,,,,,,,,,
spherical_g8_d4_s3,1200,8,spherical,4,2026092713,5,100,1,hgp_first_coverage,0.17292249597726675,0.17816941863073246,0.17362460618622383,0.17292249597726675,3,0.945,0.458832869850474,66,,,,0.6645774994194343,0,0.0,-5,5,0.26942355589615863,0.35833333333333334,0.27955627401373623,0.3684661525278492,8,0,0.8204222876118864,0,0.8204222876118864,0,0.8098889834495829,0,935,935,13,12,675,247,1200,0,636.660373,140.51684600053704,21.312267999746837,,
spherical_g8_d4_s3,1200,8,spherical,4,2026092713,5,100,1,hdbscan_common,0.15261916974303702,0.17921769532495674,0.1615917754116612,0.15261916974303702,3,0.8158333333333333,0.3824225186188417,221,,,,0.4308211529288973,0,0.0,-5,5,0.2714165688249297,0.315,0.2625156940768177,0.3469481413492428,8,0,0.6665085680116654,0,0.5577071003713413,0,0.5389952208479472,0,1199,1058,7,6,517,534,1200,0,,,24.961129998700926,False,True
spherical_g8_d4_s3,1200,8,spherical,4,2026092713,5,100,2,hgp_first_coverage,0.17292249597726675,0.17816941863073246,0.17362460618622383,0.17292249597726675,3,0.945,0.458832869850474,66,,,,0.6645774994194343,0,0.0,-5,5,0.26942355589615863,0.35833333333333334,0.27955627401373623,0.3684661525278492,8,0,0.8204222876118864,0,0.8204222876118864,0,0.8098889834495829,0,935,935,13,12,675,247,1200,0,636.660373,140.51684600053704,21.573654001258546,,
spherical_g8_d4_s3,1200,8,spherical,4,2026092713,5,100,2,hdbscan_common,0.15261916974303702,0.17921769532495674,0.1615917754116612,0.15261916974303702,3,0.8158333333333333,0.3824225186188417,221,,,,0.4308211529288973,0,0.0,-5,5,0.2714165688249297,0.315,0.2625156940768177,0.3469481413492428,8,0,0.6665085680116654,0,0.5577071003713413,0,0.5389952208479472,0,1199,1058,7,6,517,534,1200,0,,,24.23856300083571,False,True
spherical_g8_d4_s3,1200,8,spherical,4,2026092713,5,100,1,hdbscan_standard,0.15186418949044309,0.17811085322776682,0.160696008519145,0.15186418949044309,3,0.8166666666666667,0.37961763718510433,220,,,,0.4308211529288973,0,0.0,-5,5,0.27138596661073106,0.315,0.26247354706288534,0.3467889908256881,8,0,,,,,,,,,,,,,,,,,,,
spherical_g8_d4_s3,1200,8,spherical,4,2026092713,10,10,1,hgp_first_coverage,0.17285447508134472,0.1742871718364382,0.17292372068018622,0.17285447508134472,3,0.9825,0.4800630370353913,21,,,,0.730889635609774,0,0.0,-5,5,0.2668500943749288,0.36833333333333335,0.28132913961346456,0.37158469945355194,8,0,0.8551393493643312,0,0.8551393493643312,0,0.8544528837740953,0,899,899,57,56,272,570,1200,0,2729.640018,710.5426650014124,23.049076000461355,,
spherical_g8_d4_s3,1200,8,spherical,4,2026092713,10,10,1,hdbscan_common,0.14287809861647274,0.17061873615152404,0.15257169200743217,0.14287809861647274,3,0.8,0.3695396128158272,240,,,,0.37042281707113417,0,0.0,-5,5,0.27317994505494503,0.30583333333333335,0.25648076337079617,0.3398148148148148,8,0,0.6108562510949234,0,0.6108562510949234,0,0.6108562510949234,0,1199,1125,15,14,84,1026,1200,0,,,25.39714300291962,False,True
spherical_g8_d4_s3,1200,8,spherical,4,2026092713,10,10,2,hgp_first_coverage,0.6451226981433862,0.865991038589709,0.6973498173251454,0.6451226981433862,16,0.8358333333333333,0.727570095011749,197,,,,0.730889635609774,0,0.0,8,8,0.9764761149560882,0.7025,0.7687964395306432,0.7653200181570585,8,0,0.8551393493643312,0,0.8551393493643312,0,0.8544528837740953,0,899,899,57,56,272,570,1200,0,2729.640018,710.5426650014124,21.235693999187788,,
spherical_g8_d4_s3,1200,8,spherical,4,2026092713,10,10,2,hdbscan_common,0.14287809861647274,0.17061873615152404,0.15257169200743217,0.14287809861647274,3,0.8,0.3695396128158272,240,,,,0.37042281707113417,0,0.0,-5,5,0.27317994505494503,0.30583333333333335,0.25648076337079617,0.3398148148148148,8,0,0.6108562510949234,0,0.6108562510949234,0,0.6108562510949234,0,1199,1125,15,14,84,1026,1200,0,,,25.392895000550197,False,True
spherical_g8_d4_s3,1200,8,spherical,4,2026092713,10,10,1,hdbscan_standard,0.1429285536119352,0.1703111395811608,0.1524317073365175,0.1429285536119352,3,0.8008333333333333,0.36791382697287744,239,,,,0.37042281707113417,0,0.0,-5,5,0.2721023588480485,0.30583333333333335,0.2560729040999776,0.33965756594169366,8,0,,,,,,,,,,,,,,,,,,,
spherical_g8_d4_s3,1200,8,spherical,4,2026092713,10,20,1,hgp_first_coverage,0.6907729775096172,0.8569436170135021,0.7267243171581105,0.6907729775096172,9,0.8666666666666667,0.749294981573178,160,,,,0.730889635609774,0,0.0,1,1,0.9427337836677446,0.7925,0.8425404855711889,0.8491071428571428,8,0,0.8551393493643312,0,0.8551393493643312,0,0.8520278829090535,0,899,899,21,20,386,492,1200,0,2729.640018,710.5426650014124,21.946349002973875,,
spherical_g8_d4_s3,1200,8,spherical,4,2026092713,10,20,1,hdbscan_common,0.14287809861647274,0.17061873615152404,0.15257169200743217,0.14287809861647274,3,0.8,0.3695396128158272,240,,,,0.37042281707113417,0,0.0,-5,5,0.27317994505494503,0.30583333333333335,0.25648076337079617,0.3398148148148148,8,0,0.6108562510949234,0,0.6108562510949234,0,0.6088867928474382,0,1199,1125,13,12,136,976,1200,0,,,25.038745003257645,False,True
spherical_g8_d4_s3,1200,8,spherical,4,2026092713,10,20,2,hgp_first_coverage,0.6907729775096172,0.8569436170135021,0.7267243171581105,0.6907729775096172,9,0.8666666666666667,0.749294981573178,160,,,,0.730889635609774,0,0.0,1,1,0.9427337836677446,0.7925,0.8425404855711889,0.8491071428571428,8,0,0.8551393493643312,0,0.8551393493643312,0,0.8520278829090535,0,899,899,21,20,386,492,1200,0,2729.640018,710.5426650014124,21.305172998836497,,
spherical_g8_d4_s3,1200,8,spherical,4,2026092713,10,20,2,hdbscan_common,0.14287809861647274,0.17061873615152404,0.15257169200743217,0.14287809861647274,3,0.8,0.3695396128158272,240,,,,0.37042281707113417,0,0.0,-5,5,0.27317994505494503,0.30583333333333335,0.25648076337079617,0.3398148148148148,8,0,0.6108562510949234,0,0.6108562510949234,0,0.6088867928474382,0,1199,1125,13,12,136,976,1200,0,,,24.27096400060691,False,True
spherical_g8_d4_s3,1200,8,spherical,4,2026092713,10,20,1,hdbscan_standard,0.1429285536119352,0.1703111395811608,0.1524317073365175,0.1429285536119352,3,0.8008333333333333,0.36791382697287744,239,,,,0.37042281707113417,0,0.0,-5,5,0.2721023588480485,0.30583333333333335,0.2560729040999776,0.33965756594169366,8,0,,,,,,,,,,,,,,,,,,,
spherical_g8_d4_s3,1200,8,spherical,4,2026092713,10,50,1,hgp_first_coverage,0.6799421124389721,0.775285803705408,0.6980746434709918,0.6799421124389721,7,0.9058333333333334,0.7543905437575661,113,,,,0.730889635609774,0,0.0,-1,1,0.7858286329416997,0.7633333333333333,0.7639893053807623,0.8010494097070398,8,0,0.8551393493643312,0,0.8551393493643312,0,0.8340827633246876,0,899,899,13,12,466,420,1200,0,2729.640018,710.5426650014124,20.148997999058338,,
spherical_g8_d4_s3,1200,8,spherical,4,2026092713,10,50,1,hdbscan_common,0.14287809861647274,0.17061873615152404,0.15257169200743217,0.14287809861647274,3,0.8,0.3695396128158272,240,,,,0.37042281707113417,0,0.0,-5,5,0.27317994505494503,0.30583333333333335,0.25648076337079617,0.3398148148148148,8,0,0.6108562510949234,0,0.6108562510949234,0,0.6088867928474382,0,1199,1125,13,12,311,801,1200,0,,,24.146620999090374,False,True
spherical_g8_d4_s3,1200,8,spherical,4,2026092713,10,50,2,hgp_first_coverage,0.6799421124389721,0.775285803705408,0.6980746434709918,0.6799421124389721,7,0.9058333333333334,0.7543905437575661,113,,,,0.730889635609774,0,0.0,-1,1,0.7858286329416997,0.7633333333333333,0.7639893053807623,0.8010494097070398,8,0,0.8551393493643312,0,0.8551393493643312,0,0.8340827633246876,0,899,899,13,12,466,420,1200,0,2729.640018,710.5426650014124,20.36972000132664,,
spherical_g8_d4_s3,1200,8,spherical,4,2026092713,10,50,2,hdbscan_common,0.14287809861647274,0.17061873615152404,0.15257169200743217,0.14287809861647274,3,0.8,0.3695396128158272,240,,,,0.37042281707113417,0,0.0,-5,5,0.27317994505494503,0.30583333333333335,0.25648076337079617,0.3398148148148148,8,0,0.6108562510949234,0,0.6108562510949234,0,0.6088867928474382,0,1199,1125,13,12,311,801,1200,0,,,24.69522400133428,False,True
spherical_g8_d4_s3,1200,8,spherical,4,2026092713,10,50,1,hdbscan_standard,0.1429285536119352,0.1703111395811608,0.1524317073365175,0.1429285536119352,3,0.8008333333333333,0.36791382697287744,239,,,,0.37042281707113417,0,0.0,-5,5,0.2721023588480485,0.30583333333333335,0.2560729040999776,0.33965756594169366,8,0,,,,,,,,,,,,,,,,,,,
spherical_g8_d4_s3,1200,8,spherical,4,2026092713,10,100,1,hgp_first_coverage,0.17285447508134472,0.1742871718364382,0.17292372068018622,0.17285447508134472,3,0.9825,0.4800630370353913,21,,,,0.730889635609774,0,0.0,-5,5,0.2668500943749288,0.36833333333333335,0.28132913961346456,0.37158469945355194,8,0,0.8551393493643312,0,0.8551393493643312,0,0.8340827633246876,0,899,899,13,12,591,295,1200,0,2729.640018,710.5426650014124,19.99861700096517,,
spherical_g8_d4_s3,1200,8,spherical,4,2026092713,10,100,1,hdbscan_common,0.14287809861647274,0.17061873615152404,0.15257169200743217,0.14287809861647274,3,0.8,0.3695396128158272,240,,,,0.37042281707113417,0,0.0,-5,5,0.27317994505494503,0.30583333333333335,0.25648076337079617,0.3398148148148148,8,0,0.6108562510949234,0,0.4802634985958216,0,0.42533042168514695,0,1199,1125,5,4,492,628,1200,0,,,23.66160699966713,False,True
spherical_g8_d4_s3,1200,8,spherical,4,2026092713,10,100,2,hgp_first_coverage,0.17285447508134472,0.1742871718364382,0.17292372068018622,0.17285447508134472,3,0.9825,0.4800630370353913,21,,,,0.730889635609774,0,0.0,-5,5,0.2668500943749288,0.36833333333333335,0.28132913961346456,0.37158469945355194,8,0,0.8551393493643312,0,0.8551393493643312,0,0.8340827633246876,0,899,899,13,12,591,295,1200,0,2729.640018,710.5426650014124,20.058189002156723,,
spherical_g8_d4_s3,1200,8,spherical,4,2026092713,10,100,2,hdbscan_common,0.14287809861647274,0.17061873615152404,0.15257169200743217,0.14287809861647274,3,0.8,0.3695396128158272,240,,,,0.37042281707113417,0,0.0,-5,5,0.27317994505494503,0.30583333333333335,0.25648076337079617,0.3398148148148148,8,0,0.6108562510949234,0,0.4802634985958216,0,0.42533042168514695,0,1199,1125,5,4,492,628,1200,0,,,23.79384400046547,False,True
spherical_g8_d4_s3,1200,8,spherical,4,2026092713,10,100,1,hdbscan_standard,0.1429285536119352,0.1703111395811608,0.1524317073365175,0.1429285536119352,3,0.8008333333333333,0.36791382697287744,239,,,,0.37042281707113417,0,0.0,-5,5,0.2721023588480485,0.30583333333333335,0.2560729040999776,0.33965756594169366,8,0,,,,,,,,,,,,,,,,,,,
spherical_g8_d2_s1,1200,8,spherical,2,2026092711,5,10,1,hgp_first_coverage,0.022958546464056616,0.13342351482043632,0.040314248177320725,0.022958546464056616,29,0.495,0.23111585661337014,606,,,,0.1603547600683007,0,0.0,21,21,0.6015866692474063,0.11666666666666667,0.1906113930027464,0.15607580824972128,8,0,0.26314742709954014,0,0.26314742709954014,0,0.2543671308566607,0,922,922,61,60,430,431,1200,0,709.077543,197.60317300097086,32.07825000208686,,
spherical_g8_d2_s1,1200,8,spherical,2,2026092711,5,10,1,hdbscan_common,0.030807793006087127,0.020635503002951135,0.028367718289061768,0.030807793006087127,2,0.5783333333333334,0.07327402018426632,506,,,,0.1452450672677478,0,0.0,-6,6,0.11535221437740692,0.125,0.075075233620189,0.1583949313621964,8,0,0.2551758842295726,0,0.2551758842295726,0,0.24573668690762498,0,1199,1022,23,22,207,792,1200,0,,,25.220635001460323,False,True
spherical_g8_d2_s1,1200,8,spherical,2,2026092711,5,10,2,hgp_first_coverage,0.019586475720517835,0.1370228981172641,0.03792403759198435,0.019586475720517835,30,0.4766666666666667,0.2301270323516763,628,,,,0.1603547600683007,0,0.0,22,22,0.6051924384781756,0.10583333333333333,0.1765628617128358,0.1433408577878104,8,0,0.26314742709954014,0,0.26314742709954014,0,0.2543671308566607,0,922,922,61,60,430,431,1200,0,709.077543,197.60317300097086,22.102559996710625,,
spherical_g8_d2_s1,1200,8,spherical,2,2026092711,5,10,2,hdbscan_common,0.027285091152676366,0.032506459023330006,0.033018784336496125,0.027285091152676366,3,0.48083333333333333,0.0829245698410001,623,,,,0.1452450672677478,0,0.0,-5,5,0.22850091337200337,0.12666666666666668,0.10023972761164601,0.1710748452447946,8,0,0.2551758842295726,0,0.2551758842295726,0,0.24573668690762498,0,1199,1022,23,22,207,792,1200,0,,,24.80945700153825,False,True
spherical_g8_d2_s1,1200,8,spherical,2,2026092711,5,10,1,hdbscan_standard,0.031040855139677467,0.020287892799903732,0.028342839289617183,0.031040855139677467,2,0.5791666666666667,0.07336154126104293,505,,,,0.1452450672677478,0,0.0,-6,6,0.11299054096310193,0.125,0.07487822810403455,0.158311345646438,8,0,,,,,,,,,,,,,,,,,,,
spherical_g8_d2_s1,1200,8,spherical,2,2026092711,5,20,1,hgp_first_coverage,0.04573646598142407,0.008153119003974509,0.031928141724374824,0.04573646598142407,2,0.6091666666666666,0.09885394511975783,469,,,,0.1603547600683007,0,0.0,-6,6,0.13811289983164984,0.12583333333333332,0.07219598036491617,0.15639564992232005,8,0,0.26314742709954014,0,0.26314742709954014,0,0.23255421868502638,0,922,922,23,22,533,366,1200,0,709.077543,197.60317300097086,21.364996002375847,,
spherical_g8_d2_s1,1200,8,spherical,2,2026092711,5,20,1,hdbscan_common,0.030807793006087127,0.020635503002951135,0.028367718289061768,0.030807793006087127,2,0.5783333333333334,0.07327402018426632,506,,,,0.1452450672677478,0,0.0,-6,6,0.11535221437740692,0.125,0.075075233620189,0.1583949313621964,8,0,0.2551758842295726,0,0.2551758842295726,0,0.24418869202070653,0,1199,1022,11,10,252,759,1200,0,,,25.207719998434186,False,True
spherical_g8_d2_s1,1200,8,spherical,2,2026092711,5,20,2,hgp_first_coverage,0.04573646598142407,0.008153119003974509,0.031928141724374824,0.04573646598142407,2,0.6091666666666666,0.09885394511975783,469,,,,0.1603547600683007,0,0.0,-6,6,0.13811289983164984,0.12583333333333332,0.07219598036491617,0.15639564992232005,8,0,0.26314742709954014,0,0.26314742709954014,0,0.23255421868502638,0,922,922,23,22,533,366,1200,0,709.077543,197.60317300097086,20.798629000637447,,
spherical_g8_d2_s1,1200,8,spherical,2,2026092711,5,20,2,hdbscan_common,0.030807793006087127,0.020635503002951135,0.028367718289061768,0.030807793006087127,2,0.5783333333333334,0.07327402018426632,506,,,,0.1452450672677478,0,0.0,-6,6,0.11535221437740692,0.125,0.075075233620189,0.1583949313621964,8,0,0.2551758842295726,0,0.2551758842295726,0,0.24418869202070653,0,1199,1022,11,10,252,759,1200,0,,,23.796849000063958,False,True
spherical_g8_d2_s1,1200,8,spherical,2,2026092711,5,20,1,hdbscan_standard,0.031040855139677467,0.020287892799903732,0.028342839289617183,0.031040855139677467,2,0.5791666666666667,0.07336154126104293,505,,,,0.1452450672677478,0,0.0,-6,6,0.11299054096310193,0.125,0.07487822810403455,0.158311345646438,8,0,,,,,,,,,,,,,,,,,,,
spherical_g8_d2_s1,1200,8,spherical,2,2026092711,5,50,1,hgp_first_coverage,0.013438099935677402,0.018721623694365426,0.0226012168554642,0.013438099935677402,2,0.26,0.052493596254275895,888,,,,0.1603547600683007,0,0.0,-6,6,0.07708333333333334,0.07083333333333333,0.06536958066808814,0.11243386243386243,8,0,0.26314742709954014,0,0.2556970195307655,0,0.175421936755892,0,922,922,5,4,588,329,1200,0,709.077543,197.60317300097086,25.79106499979389,,
spherical_g8_d2_s1,1200,8,spherical,2,2026092711,5,50,1,hdbscan_common,0.0,,0.0,0.0,0,0.0,0.0,1200,,,,0.1452450672677478,0,0.0,-8,8,0.0,0.0,0.0,0.0,8,0,0.2551758842295726,0,0.2458228825685744,0,0.0,0,1199,1022,1,0,279,742,1200,0,,,24.32188900274923,True,True
spherical_g8_d2_s1,1200,8,spherical,2,2026092711,5,50,2,hgp_first_coverage,0.013438099935677402,0.018721623694365426,0.0226012168554642,0.013438099935677402,2,0.26,0.052493596254275895,888,,,,0.1603547600683007,0,0.0,-6,6,0.07708333333333334,0.07083333333333333,0.06536958066808814,0.11243386243386243,8,0,0.26314742709954014,0,0.2556970195307655,0,0.175421936755892,0,922,922,5,4,588,329,1200,0,709.077543,197.60317300097086,20.17953500035219,,
spherical_g8_d2_s1,1200,8,spherical,2,2026092711,5,50,2,hdbscan_common,0.0,,0.0,0.0,0,0.0,0.0,1200,,,,0.1452450672677478,0,0.0,-8,8,0.0,0.0,0.0,0.0,8,0,0.2551758842295726,0,0.2458228825685744,0,0.0,0,1199,1022,1,0,279,742,1200,0,,,23.763567001878982,True,True
spherical_g8_d2_s1,1200,8,spherical,2,2026092711,5,50,1,hdbscan_standard,0.0,,0.0,0.0,0,0.0,0.0,1200,,,,0.1452450672677478,0,0.0,-8,8,0.0,0.0,0.0,0.0,8,0,,,,,,,,,,,,,,,,,,,
spherical_g8_d2_s1,1200,8,spherical,2,2026092711,5,100,1,hgp_first_coverage,0.0,,0.0,0.0,0,0.0,0.0,1200,,,,0.1603547600683007,0,0.0,-8,8,0.0,0.0,0.0,0.0,8,0,0.26314742709954014,0,0.2556970195307655,0,0.0,0,922,922,1,0,595,326,1200,0,709.077543,197.60317300097086,20.170638999843504,,
spherical_g8_d2_s1,1200,8,spherical,2,2026092711,5,100,1,hdbscan_common,0.0,,0.0,0.0,0,0.0,0.0,1200,,,,0.1452450672677478,0,0.0,-8,8,0.0,0.0,0.0,0.0,8,0,0.2551758842295726,0,0.2458228825685744,0,0.0,0,1199,1022,1,0,291,730,1200,0,,,28.243800999916857,True,True
spherical_g8_d2_s1,1200,8,spherical,2,2026092711,5,100,2,hgp_first_coverage,0.0,,0.0,0.0,0,0.0,0.0,1200,,,,0.1603547600683007,0,0.0,-8,8,0.0,0.0,0.0,0.0,8,0,0.26314742709954014,0,0.2556970195307655,0,0.0,0,922,922,1,0,595,326,1200,0,709.077543,197.60317300097086,22.886713002662873,,
spherical_g8_d2_s1,1200,8,spherical,2,2026092711,5,100,2,hdbscan_common,0.0,,0.0,0.0,0,0.0,0.0,1200,,,,0.1452450672677478,0,0.0,-8,8,0.0,0.0,0.0,0.0,8,0,0.2551758842295726,0,0.2458228825685744,0,0.0,0,1199,1022,1,0,291,730,1200,0,,,24.68955400036066,True,True
spherical_g8_d2_s1,1200,8,spherical,2,2026092711,5,100,1,hdbscan_standard,0.0,,0.0,0.0,0,0.0,0.0,1200,,,,0.1452450672677478,0,0.0,-8,8,0.0,0.0,0.0,0.0,8,0,,,,,,,,,,,,,,,,,,,
spherical_g8_d2_s1,1200,8,spherical,2,2026092711,10,10,1,hgp_first_coverage,0.02501064128359772,0.14229303209152627,0.0433733074456412,0.02501064128359772,26,0.49416666666666664,0.22473200528108514,607,,,,0.16289297201675393,0,0.0,18,18,0.6680030912206459,0.13166666666666665,0.21766144620241093,0.1762409369771333,8,0,0.2727116027114411,0,0.2727116027114411,0,0.2720900324745651,0,879,879,51,50,266,562,1200,0,3235.032636,1334.5452649991785,21.05850299994927,,
spherical_g8_d2_s1,1200,8,spherical,2,2026092711,10,10,1,hdbscan_common,0.007279486484343593,0.03474000135932664,0.016090905827853403,0.007279486484343593,2,0.16333333333333333,0.047177427708675605,1004,,,,0.13788157249276442,0,0.0,-6,6,0.08296444380979581,0.051666666666666666,0.05919902212111437,0.08882521489971347,8,0,0.2446802655676671,0,0.2446802655676671,0,0.14196842224373,0,1199,1109,7,6,94,1008,1200,0,,,24.74828399863327,False,True
spherical_g8_d2_s1,1200,8,spherical,2,2026092711,10,10,2,hgp_first_coverage,0.02501064128359772,0.14229303209152627,0.0433733074456412,0.02501064128359772,26,0.49416666666666664,0.22473200528108514,607,,,,0.16289297201675393,0,0.0,18,18,0.6680030912206459,0.13166666666666665,0.21766144620241093,0.1762409369771333,8,0,0.2727116027114411,0,0.2727116027114411,0,0.2720900324745651,0,879,879,51,50,266,562,1200,0,3235.032636,1334.5452649991785,21.168199000385357,,
spherical_g8_d2_s1,1200,8,spherical,2,2026092711,10,10,2,hdbscan_common,0.007279486484343593,0.03474000135932664,0.016090905827853403,0.007279486484343593,2,0.16333333333333333,0.047177427708675605,1004,,,,0.13788157249276442,0,0.0,-6,6,0.08296444380979581,0.051666666666666666,0.05919902212111437,0.08882521489971347,8,0,0.2446802655676671,0,0.2446802655676671,0,0.14196842224373,0,1199,1109,7,6,94,1008,1200,0,,,24.740848999499576,False,True
spherical_g8_d2_s1,1200,8,spherical,2,2026092711,10,10,1,hdbscan_standard,0.00728562886767559,0.03291670898057648,0.015981036672118715,0.00728562886767559,2,0.16416666666666666,0.04700738285670351,1003,,,,0.13788157249276442,0,0.0,-6,6,0.08271276595744681,0.051666666666666666,0.059073604060913706,0.08876163206871868,8,0,,,,,,,,,,,,,,,,,,,
spherical_g8_d2_s1,1200,8,spherical,2,2026092711,10,20,1,hgp_first_coverage,0.038674893690456694,0.0326131056675011,0.03518974286920031,0.038674893690456694,4,0.7025,0.12350508456523245,357,,,,0.16289297201675393,0,0.0,-4,4,0.24221858166153437,0.15583333333333332,0.11225754096735827,0.18306412139011258,8,0,0.2727116027114411,0,0.2727116027114411,0,0.27119694940631756,0,879,879,29,28,376,474,1200,0,3235.032636,1334.5452649991785,22.53126000141492,,
spherical_g8_d2_s1,1200,8,spherical,2,2026092711,10,20,1,hdbscan_common,0.007279486484343593,0.03474000135932664,0.016090905827853403,0.007279486484343593,2,0.16333333333333333,0.047177427708675605,1004,,,,0.13788157249276442,0,0.0,-6,6,0.08296444380979581,0.051666666666666666,0.05919902212111437,0.08882521489971347,8,0,0.2446802655676671,0,0.2446802655676671,0,0.14142729670260443,0,1199,1109,5,4,112,992,1200,0,,,27.320129000145243,False,True
spherical_g8_d2_s1,1200,8,spherical,2,2026092711,10,20,2,hgp_first_coverage,0.038674893690456694,0.0326131056675011,0.03518974286920031,0.038674893690456694,4,0.7025,0.12350508456523245,357,,,,0.16289297201675393,0,0.0,-4,4,0.24221858166153437,0.15583333333333332,0.11225754096735827,0.18306412139011258,8,0,0.2727116027114411,0,0.2727116027114411,0,0.27119694940631756,0,879,879,29,28,376,474,1200,0,3235.032636,1334.5452649991785,21.390002002590336,,
spherical_g8_d2_s1,1200,8,spherical,2,2026092711,10,20,2,hdbscan_common,0.007279486484343593,0.03474000135932664,0.016090905827853403,0.007279486484343593,2,0.16333333333333333,0.047177427708675605,1004,,,,0.13788157249276442,0,0.0,-6,6,0.08296444380979581,0.051666666666666666,0.05919902212111437,0.08882521489971347,8,0,0.2446802655676671,0,0.2446802655676671,0,0.14142729670260443,0,1199,1109,5,4,112,992,1200,0,,,25.473996000073384,False,True
spherical_g8_d2_s1,1200,8,spherical,2,2026092711,10,20,1,hdbscan_standard,0.00728562886767559,0.03291670898057648,0.015981036672118715,0.00728562886767559,2,0.16416666666666666,0.04700738285670351,1003,,,,0.13788157249276442,0,0.0,-6,6,0.08271276595744681,0.051666666666666666,0.059073604060913706,0.08876163206871868,8,0,,,,,,,,,,,,,,,,,,,
spherical_g8_d2_s1,1200,8,spherical,2,2026092711,10,50,1,hgp_first_coverage,0.03157164697899838,0.00794668235628139,0.03530974378966274,0.03157164697899838,2,0.37833333333333335,0.07819362672459275,746,,,,0.16289297201675393,0,0.0,-6,6,0.09073268126346015,0.10333333333333333,0.07701881510878039,0.14993954050785974,8,0,0.2727116027114411,0,0.258502089819773,0,0.20616890898085102,0,879,879,5,4,461,413,1200,0,3235.032636,1334.5452649991785,19.901176001440035,,
spherical_g8_d2_s1,1200,8,spherical,2,2026092711,10,50,1,hdbscan_common,0.0,,0.0,0.0,0,0.0,0.0,1200,,,,0.13788157249276442,0,0.0,-8,8,0.0,0.0,0.0,0.0,8,0,0.2446802655676671,0,0.2446802655676671,0,0.0,0,1199,1109,1,0,152,956,1200,0,,,24.43675300310133,True,True
spherical_g8_d2_s1,1200,8,spherical,2,2026092711,10,50,2,hgp_first_coverage,0.03157164697899838,0.00794668235628139,0.03530974378966274,0.03157164697899838,2,0.37833333333333335,0.07819362672459275,746,,,,0.16289297201675393,0,0.0,-6,6,0.09073268126346015,0.10333333333333333,0.07701881510878039,0.14993954050785974,8,0,0.2727116027114411,0,0.258502089819773,0,0.20616890898085102,0,879,879,5,4,461,413,1200,0,3235.032636,1334.5452649991785,19.813181999779772,,
spherical_g8_d2_s1,1200,8,spherical,2,2026092711,10,50,2,hdbscan_common,0.0,,0.0,0.0,0,0.0,0.0,1200,,,,0.13788157249276442,0,0.0,-8,8,0.0,0.0,0.0,0.0,8,0,0.2446802655676671,0,0.2446802655676671,0,0.0,0,1199,1109,1,0,152,956,1200,0,,,24.089154998364393,True,True
spherical_g8_d2_s1,1200,8,spherical,2,2026092711,10,50,1,hdbscan_standard,0.0,,0.0,0.0,0,0.0,0.0,1200,,,,0.13788157249276442,0,0.0,-8,8,0.0,0.0,0.0,0.0,8,0,,,,,,,,,,,,,,,,,,,
spherical_g8_d2_s1,1200,8,spherical,2,2026092711,10,100,1,hgp_first_coverage,0.0,,0.0,0.0,0,0.0,0.0,1200,,,,0.16289297201675393,0,0.0,-8,8,0.0,0.0,0.0,0.0,8,0,0.2727116027114411,0,0.2568468164878145,0,0.0,0,879,879,1,0,480,398,1200,0,3235.032636,1334.5452649991785,19.797402997937752,,
spherical_g8_d2_s1,1200,8,spherical,2,2026092711,10,100,1,hdbscan_common,0.0,,0.0,0.0,0,0.0,0.0,1200,,,,0.13788157249276442,0,0.0,-8,8,0.0,0.0,0.0,0.0,8,0,0.2446802655676671,0,0.2446802655676671,0,0.0,0,1199,1109,1,0,158,950,1200,0,,,24.472229000821244,True,True
spherical_g8_d2_s1,1200,8,spherical,2,2026092711,10,100,2,hgp_first_coverage,0.0,,0.0,0.0,0,0.0,0.0,1200,,,,0.16289297201675393,0,0.0,-8,8,0.0,0.0,0.0,0.0,8,0,0.2727116027114411,0,0.2568468164878145,0,0.0,0,879,879,1,0,480,398,1200,0,3235.032636,1334.5452649991785,19.599784001911758,,
spherical_g8_d2_s1,1200,8,spherical,2,2026092711,10,100,2,hdbscan_common,0.0,,0.0,0.0,0,0.0,0.0,1200,,,,0.13788157249276442,0,0.0,-8,8,0.0,0.0,0.0,0.0,8,0,0.2446802655676671,0,0.2446802655676671,0,0.0,0,1199,1109,1,0,158,950,1200,0,,,24.025755999900866,True,True
spherical_g8_d2_s1,1200,8,spherical,2,2026092711,10,100,1,hdbscan_standard,0.0,,0.0,0.0,0,0.0,0.0,1200,,,,0.13788157249276442,0,0.0,-8,8,0.0,0.0,0.0,0.0,8,0,,,,,,,,,,,,,,,,,,,
spherical_g8_d2_s2,1200,8,spherical,2,2026092712,5,10,1,hgp_first_coverage,0.026612166228199115,0.15821133520825925,0.04508070458552625,0.026612166228199115,30,0.4683333333333333,0.2320337677930165,638,,,,0.1733397119553674,0,0.0,22,22,0.717649692539955,0.13416666666666666,0.2143656645741957,0.18274687854710556,8,0,0.33700917687197923,0,0.33700917687197923,0,0.33657395631184195,0,925,925,64,63,426,435,1200,0,689.724459,161.67969399975846,21.406944000773365,,
spherical_g8_d2_s2,1200,8,spherical,2,2026092712,5,10,1,hdbscan_common,0.009023350221213011,0.21390608185113733,0.026898999947523535,0.009023350221213011,10,0.2375,0.13241691864070976,915,,,,0.14309340747524696,0,0.0,2,2,0.6091940867255994,0.1125,0.1771550924700933,0.18181818181818182,8,0,0.2533189053632752,0,0.2533189053632752,0,0.23356358784799341,0,1199,1003,21,20,212,770,1200,0,,,34.54863299702993,False,True
spherical_g8_d2_s2,1200,8,spherical,2,2026092712,5,10,2,hgp_first_coverage,0.026612166228199115,0.15821133520825925,0.04508070458552625,0.026612166228199115,30,0.4683333333333333,0.2320337677930165,638,,,,0.1733397119553674,0,0.0,22,22,0.717649692539955,0.13416666666666666,0.2143656645741957,0.18274687854710556,8,0,0.33700917687197923,0,0.33700917687197923,0,0.33657395631184195,0,925,925,64,63,426,435,1200,0,689.724459,161.67969399975846,21.441277000121772,,
spherical_g8_d2_s2,1200,8,spherical,2,2026092712,5,10,2,hdbscan_common,0.009023350221213011,0.21390608185113733,0.026898999947523535,0.009023350221213011,10,0.2375,0.13241691864070976,915,,,,0.14309340747524696,0,0.0,2,2,0.6091940867255994,0.1125,0.1771550924700933,0.18181818181818182,8,0,0.2533189053632752,0,0.2533189053632752,0,0.23356358784799341,0,1199,1003,21,20,212,770,1200,0,,,24.08229199863854,False,True
spherical_g8_d2_s2,1200,8,spherical,2,2026092712,5,10,1,hdbscan_standard,0.009952821080502383,0.20262421646645642,0.0276313435921155,0.009952821080502383,11,0.25166666666666665,0.13761181199939426,898,,,,0.14309340747524696,0,0.0,3,3,0.595896087584467,0.11416666666666667,0.17939834757627793,0.18242343541944075,8,0,,,,,,,,,,,,,,,,,,,
spherical_g8_d2_s2,1200,8,spherical,2,2026092712,5,20,1,hgp_first_coverage,0.037024463389921235,0.04740672518159614,0.04211854213313387,0.037024463389921235,5,0.575,0.13288316103002443,510,,,,0.1733397119553674,0,0.0,-3,3,0.3705909399779859,0.1775,0.16049242298499136,0.2253968253968254,8,0,0.33700917687197923,0,0.33700917687197923,0,0.3348884306418368,0,925,925,24,23,530,371,1200,0,689.724459,161.67969399975846,21.320913001545705,,
spherical_g8_d2_s2,1200,8,spherical,2,2026092712,5,20,1,hdbscan_common,0.01423150217914742,0.009229386014091281,0.016294138966888104,0.01423150217914742,2,0.42833333333333334,0.04333915392231493,686,,,,0.14309340747524696,0,0.0,-6,6,0.1312074829931973,0.105,0.07014188218390804,0.147024504084014,8,0,0.2533189053632752,0,0.2533189053632752,0,0.23024933194593872,0,1199,1003,7,6,247,749,1200,0,,,24.67220200196607,False,True
spherical_g8_d2_s2,1200,8,spherical,2,2026092712,5,20,2,hgp_first_coverage,0.037024463389921235,0.04740672518159614,0.04211854213313387,0.037024463389921235,5,0.575,0.13288316103002443,510,,,,0.1733397119553674,0,0.0,-3,3,0.3705909399779859,0.1775,0.16049242298499136,0.2253968253968254,8,0,0.33700917687197923,0,0.33700917687197923,0,0.3348884306418368,0,925,925,24,23,530,371,1200,0,689.724459,161.67969399975846,20.827903997997055,,
spherical_g8_d2_s2,1200,8,spherical,2,2026092712,5,20,2,hdbscan_common,0.01423150217914742,0.009229386014091281,0.016294138966888104,0.01423150217914742,2,0.42833333333333334,0.04333915392231493,686,,,,0.14309340747524696,0,0.0,-6,6,0.1312074829931973,0.105,0.07014188218390804,0.147024504084014,8,0,0.2533189053632752,0,0.2533189053632752,0,0.23024933194593872,0,1199,1003,7,6,247,749,1200,0,,,24.08541800105013,False,True
spherical_g8_d2_s2,1200,8,spherical,2,2026092712,5,20,1,hdbscan_standard,0.014272369614389161,0.009229585957926533,0.016306446622227685,0.014272369614389161,2,0.42916666666666664,0.043388783878397716,685,,,,0.14309340747524696,0,0.0,-6,6,0.13115241004752207,0.105,0.07007728585005468,0.1469387755102041,8,0,,,,,,,,,,,,,,,,,,,
spherical_g8_d2_s2,1200,8,spherical,2,2026092712,5,50,1,hgp_first_coverage,0.03647075712420746,0.022878771115602874,0.03144134252168655,0.03647075712420746,2,0.6208333333333333,0.09240045339563811,455,,,,0.1733397119553674,0,0.0,-6,6,0.12065547225622195,0.14750000000000002,0.0928179009143002,0.1820051413881748,8,0,0.33700917687197923,0,0.3151840620569996,0,0.29397984942986805,0,925,925,8,7,576,341,1200,0,689.724459,161.67969399975846,21.00778000021819,,
spherical_g8_d2_s2,1200,8,spherical,2,2026092712,5,50,1,hdbscan_common,0.007772193312599475,0.06031732285599097,0.018448625452551017,0.007772193312599475,2,0.19166666666666668,0.04812320642705583,970,,,,0.14309340747524696,0,0.0,-6,6,0.08598113725849281,0.06,0.06740183448418015,0.1006993006993007,8,0,0.2533189053632752,0,0.24835101121529643,0,0.16251233050161218,0,1199,1003,3,2,278,722,1200,0,,,25.324759000795893,False,True
spherical_g8_d2_s2,1200,8,spherical,2,2026092712,5,50,2,hgp_first_coverage,0.03647075712420746,0.022878771115602874,0.03144134252168655,0.03647075712420746,2,0.6208333333333333,0.09240045339563811,455,,,,0.1733397119553674,0,0.0,-6,6,0.12065547225622195,0.14750000000000002,0.0928179009143002,0.1820051413881748,8,0,0.33700917687197923,0,0.3151840620569996,0,0.29397984942986805,0,925,925,8,7,576,341,1200,0,689.724459,161.67969399975846,20.557209001708543,,
spherical_g8_d2_s2,1200,8,spherical,2,2026092712,5,50,2,hdbscan_common,0.007772193312599475,0.06031732285599097,0.018448625452551017,0.007772193312599475,2,0.19166666666666668,0.04812320642705583,970,,,,0.14309340747524696,0,0.0,-6,6,0.08598113725849281,0.06,0.06740183448418015,0.1006993006993007,8,0,0.2533189053632752,0,0.24835101121529643,0,0.16251233050161218,0,1199,1003,3,2,278,722,1200,0,,,24.017199997615535,False,True
spherical_g8_d2_s2,1200,8,spherical,2,2026092712,5,50,1,hdbscan_standard,0.007762163003517627,0.06164491655040302,0.01853195380601724,0.007762163003517627,2,0.1925,0.04832899259694999,969,,,,0.14309340747524696,0,0.0,-6,6,0.08521291952363767,0.06,0.06725386171117038,0.10062893081761007,8,0,,,,,,,,,,,,,,,,,,,
spherical_g8_d2_s2,1200,8,spherical,2,2026092712,5,100,1,hgp_first_coverage,0.0,,0.0,0.0,0,0.0,0.0,1200,,,,0.1733397119553674,0,0.0,-8,8,0.0,0.0,0.0,0.0,8,0,0.33700917687197923,0,0.26048170641633395,0,0.0,0,925,925,1,0,596,328,1200,0,689.724459,161.67969399975846,20.07320699703996,,
spherical_g8_d2_s2,1200,8,spherical,2,2026092712,5,100,1,hdbscan_common,0.0,,0.0,0.0,0,0.0,0.0,1200,,,,0.14309340747524696,0,0.0,-8,8,0.0,0.0,0.0,0.0,8,0,0.2533189053632752,0,0.24488951318827953,0,0.0,0,1199,1003,1,0,299,703,1200,0,,,23.739602002024185,True,True
spherical_g8_d2_s2,1200,8,spherical,2,2026092712,5,100,2,hgp_first_coverage,0.0,,0.0,0.0,0,0.0,0.0,1200,,,,0.1733397119553674,0,0.0,-8,8,0.0,0.0,0.0,0.0,8,0,0.33700917687197923,0,0.26048170641633395,0,0.0,0,925,925,1,0,596,328,1200,0,689.724459,161.67969399975846,19.812110000202665,,
spherical_g8_d2_s2,1200,8,spherical,2,2026092712,5,100,2,hdbscan_common,0.0,,0.0,0.0,0,0.0,0.0,1200,,,,0.14309340747524696,0,0.0,-8,8,0.0,0.0,0.0,0.0,8,0,0.2533189053632752,0,0.24488951318827953,0,0.0,0,1199,1003,1,0,299,703,1200,0,,,23.55840399832232,True,True
spherical_g8_d2_s2,1200,8,spherical,2,2026092712,5,100,1,hdbscan_standard,0.0,,0.0,0.0,0,0.0,0.0,1200,,,,0.14309340747524696,0,0.0,-8,8,0.0,0.0,0.0,0.0,8,0,,,,,,,,,,,,,,,,,,,
spherical_g8_d2_s2,1200,8,spherical,2,2026092712,10,10,1,hgp_first_coverage,0.024891326020924913,0.15027929051158603,0.046350833519879425,0.024891326020924913,28,0.5075,0.23937092961780534,591,,,,0.17648648720745114,0,0.0,20,20,0.6578835780667829,0.13083333333333333,0.21700271432559975,0.17357656163626312,8,0,0.34441042209380984,0,0.34441042209380984,0,0.3417979523808962,0,871,871,55,54,244,572,1200,0,3005.957982,1295.7347619994835,21.420308999950066,,
spherical_g8_d2_s2,1200,8,spherical,2,2026092712,10,10,1,hdbscan_common,0.019562482687580676,0.024838569085011124,0.02904219428077375,0.019562482687580676,2,0.35833333333333334,0.057750709084754694,770,,,,0.13997494323842802,0,0.0,-6,6,0.13024691358024693,0.09833333333333333,0.07271557271557272,0.14478527607361963,8,0,0.25037854191996806,0,0.25037854191996806,0,0.22016749828088117,0,1199,1116,9,8,70,1037,1200,0,,,24.430571000266355,False,True
spherical_g8_d2_s2,1200,8,spherical,2,2026092712,10,10,2,hgp_first_coverage,0.024891326020924913,0.15027929051158603,0.046350833519879425,0.024891326020924913,28,0.5075,0.23937092961780534,591,,,,0.17648648720745114,0,0.0,20,20,0.6578835780667829,0.13083333333333333,0.21700271432559975,0.17357656163626312,8,0,0.34441042209380984,0,0.34441042209380984,0,0.3417979523808962,0,871,871,55,54,244,572,1200,0,3005.957982,1295.7347619994835,22.049933002563193,,
spherical_g8_d2_s2,1200,8,spherical,2,2026092712,10,10,2,hdbscan_common,0.019562482687580676,0.024838569085011124,0.02904219428077375,0.019562482687580676,2,0.35833333333333334,0.057750709084754694,770,,,,0.13997494323842802,0,0.0,-6,6,0.13024691358024693,0.09833333333333333,0.07271557271557272,0.14478527607361963,8,0,0.25037854191996806,0,0.25037854191996806,0,0.22016749828088117,0,1199,1116,9,8,70,1037,1200,0,,,24.910175998229533,False,True
spherical_g8_d2_s2,1200,8,spherical,2,2026092712,10,10,1,hdbscan_standard,0.01923519322663396,0.02416254869715874,0.028451086850991465,0.01923519322663396,2,0.3591666666666667,0.05667777751366425,769,,,,0.13997494323842802,0,0.0,-6,6,0.13017241379310346,0.09833333333333333,0.07263617677286742,0.14469650521152666,8,0,,,,,,,,,,,,,,,,,,,
spherical_g8_d2_s2,1200,8,spherical,2,2026092712,10,20,1,hgp_first_coverage,0.007922879500546393,0.00016026986207435346,0.004281886756323209,0.007922879500546393,2,0.7525,0.03674972710679212,297,,,,0.17648648720745114,0,0.0,-6,6,0.101210362400906,0.12833333333333333,0.053241557997836114,0.14645744174988112,8,0,0.34441042209380984,0,0.34441042209380984,0,0.3403565244678351,0,871,871,29,28,379,463,1200,0,3005.957982,1295.7347619994835,20.408039999892935,,
spherical_g8_d2_s2,1200,8,spherical,2,2026092712,10,20,1,hdbscan_common,0.019562482687580676,0.024838569085011124,0.02904219428077375,0.019562482687580676,2,0.35833333333333334,0.057750709084754694,770,,,,0.13997494323842802,0,0.0,-6,6,0.13024691358024693,0.09833333333333333,0.07271557271557272,0.14478527607361963,8,0,0.25037854191996806,0,0.25037854191996806,0,0.22016749828088117,0,1199,1116,5,4,112,999,1200,0,,,24.186987000575755,False,True
spherical_g8_d2_s2,1200,8,spherical,2,2026092712,10,20,2,hgp_first_coverage,0.007922879500546393,0.00016026986207435346,0.004281886756323209,0.007922879500546393,2,0.7525,0.03674972710679212,297,,,,0.17648648720745114,0,0.0,-6,6,0.101210362400906,0.12833333333333333,0.053241557997836114,0.14645744174988112,8,0,0.34441042209380984,0,0.34441042209380984,0,0.3403565244678351,0,871,871,29,28,379,463,1200,0,3005.957982,1295.7347619994835,20.074990003195126,,
spherical_g8_d2_s2,1200,8,spherical,2,2026092712,10,20,2,hdbscan_common,0.019562482687580676,0.024838569085011124,0.02904219428077375,0.019562482687580676,2,0.35833333333333334,0.057750709084754694,770,,,,0.13997494323842802,0,0.0,-6,6,0.13024691358024693,0.09833333333333333,0.07271557271557272,0.14478527607361963,8,0,0.25037854191996806,0,0.25037854191996806,0,0.22016749828088117,0,1199,1116,5,4,112,999,1200,0,,,24.372653002501465,False,True
spherical_g8_d2_s2,1200,8,spherical,2,2026092712,10,20,1,hdbscan_standard,0.01923519322663396,0.02416254869715874,0.028451086850991465,0.01923519322663396,2,0.3591666666666667,0.05667777751366425,769,,,,0.13997494323842802,0,0.0,-6,6,0.13017241379310346,0.09833333333333333,0.07263617677286742,0.14469650521152666,8,0,,,,,,,,,,,,,,,,,,,
spherical_g8_d2_s2,1200,8,spherical,2,2026092712,10,50,1,hgp_first_coverage,0.03504398017557787,0.02755970662776611,0.03340900464332853,0.03504398017557787,2,0.5825,0.0923534294755757,501,,,,0.17648648720745114,0,0.0,-6,6,0.12364050196850393,0.15166666666666667,0.10044943151378058,0.19167983149025802,8,0,0.34441042209380984,0,0.31955323627889054,0,0.29893644263904146,0,871,871,9,8,450,412,1200,0,3005.957982,1295.7347619994835,19.561191998946015,,
spherical_g8_d2_s2,1200,8,spherical,2,2026092712,10,50,1,hdbscan_common,0.0,,0.0,0.0,0,0.0,0.0,1200,,,,0.13997494323842802,0,0.0,-8,8,0.0,0.0,0.0,0.0,8,0,0.25037854191996806,0,0.2490567184962933,0,0.0,0,1199,1116,1,0,136,979,1200,0,,,25.010543002281338,True,True
spherical_g8_d2_s2,1200,8,spherical,2,2026092712,10,50,2,hgp_first_coverage,0.043663901714337455,0.08035676464778566,0.059700787673351664,0.043663901714337455,3,0.5075,0.13043565541313787,591,,,,0.17648648720745114,0,0.0,-5,5,0.20179031874250247,0.16833333333333333,0.15439041493083,0.22332780541735767,8,0,0.34441042209380984,0,0.31955323627889054,0,0.29893644263904146,0,871,871,9,8,450,412,1200,0,3005.957982,1295.7347619994835,19.98557299884851,,
spherical_g8_d2_s2,1200,8,spherical,2,2026092712,10,50,2,hdbscan_common,0.0,,0.0,0.0,0,0.0,0.0,1200,,,,0.13997494323842802,0,0.0,-8,8,0.0,0.0,0.0,0.0,8,0,0.25037854191996806,0,0.2490567184962933,0,0.0,0,1199,1116,1,0,136,979,1200,0,,,24.460296001052484,True,True
spherical_g8_d2_s2,1200,8,spherical,2,2026092712,10,50,1,hdbscan_standard,0.0,,0.0,0.0,0,0.0,0.0,1200,,,,0.13997494323842802,0,0.0,-8,8,0.0,0.0,0.0,0.0,8,0,,,,,,,,,,,,,,,,,,,
spherical_g8_d2_s2,1200,8,spherical,2,2026092712,10,100,1,hgp_first_coverage,0.0,,0.0,0.0,0,0.0,0.0,1200,,,,0.17648648720745114,0,0.0,-8,8,0.0,0.0,0.0,0.0,8,0,0.34441042209380984,0,0.26126154339963037,0,0.0,0,871,871,1,0,476,394,1200,0,3005.957982,1295.7347619994835,19.652781997137936,,
spherical_g8_d2_s2,1200,8,spherical,2,2026092712,10,100,1,hdbscan_common,0.0,,0.0,0.0,0,0.0,0.0,1200,,,,0.13997494323842802,0,0.0,-8,8,0.0,0.0,0.0,0.0,8,0,0.25037854191996806,0,0.24772679210008858,0,0.0,0,1199,1116,1,0,167,948,1200,0,,,25.4147669984377,True,True
spherical_g8_d2_s2,1200,8,spherical,2,2026092712,10,100,2,hgp_first_coverage,0.0,,0.0,0.0,0,0.0,0.0,1200,,,,0.17648648720745114,0,0.0,-8,8,0.0,0.0,0.0,0.0,8,0,0.34441042209380984,0,0.26126154339963037,0,0.0,0,871,871,1,0,476,394,1200,0,3005.957982,1295.7347619994835,20.173173001239775,,
spherical_g8_d2_s2,1200,8,spherical,2,2026092712,10,100,2,hdbscan_common,0.0,,0.0,0.0,0,0.0,0.0,1200,,,,0.13997494323842802,0,0.0,-8,8,0.0,0.0,0.0,0.0,8,0,0.25037854191996806,0,0.24772679210008858,0,0.0,0,1199,1116,1,0,167,948,1200,0,,,24.99049499965622,True,True
spherical_g8_d2_s2,1200,8,spherical,2,2026092712,10,100,1,hdbscan_standard,0.0,,0.0,0.0,0,0.0,0.0,1200,,,,0.13997494323842802,0,0.0,-8,8,0.0,0.0,0.0,0.0,8,0,,,,,,,,,,,,,,,,,,,
spherical_g8_d2_s3,1200,8,spherical,2,2026092713,5,10,1,hgp_first_coverage,0.0005177028616379498,6.984290883715865e-05,0.0002926825283958774,0.0005177028616379498,2,0.9075,0.01803576478803148,111,,,,0.1618512047981022,0,0.0,-6,6,0.11931818181818182,0.13,0.04390186537722297,0.1363040629095675,8,0,0.278096427475721,0,0.278096427475721,0,0.27517664810937814,0,908,908,69,68,436,403,1200,0,660.664637,160.61446700041415,21.058723999885842,,
spherical_g8_d2_s3,1200,8,spherical,2,2026092713,5,10,1,hdbscan_common,0.009810750138241214,0.0019384352669171512,0.006330233630331136,0.009810750138241214,2,0.7075,0.03527390454262977,351,,,,0.14436171587637284,0,0.0,-6,6,0.14498806682577564,0.12083333333333333,0.05098762793270803,0.14153245485602733,8,0,0.25355078116726654,0,0.25355078116726654,0,0.23652227140209064,0,1199,1036,25,24,238,773,1200,0,,,24.79329800189589,False,True
spherical_g8_d2_s3,1200,8,spherical,2,2026092713,5,10,2,hgp_first_coverage,0.018875331680609456,0.13199700421273167,0.03782008541909173,0.018875331680609456,32,0.49166666666666664,0.237153177370384,610,,,,0.1618512047981022,0,0.0,24,24,0.6901542442183359,0.11499999999999999,0.19472480698493605,0.15418994413407822,8,0,0.278096427475721,0,0.278096427475721,0,0.27517664810937814,0,908,908,69,68,436,403,1200,0,660.664637,160.61446700041415,20.64745700045023,,
spherical_g8_d2_s3,1200,8,spherical,2,2026092713,5,10,2,hdbscan_common,0.009810750138241214,0.0019384352669171512,0.006330233630331136,0.009810750138241214,2,0.7075,0.03527390454262977,351,,,,0.14436171587637284,0,0.0,-6,6,0.14498806682577564,0.12083333333333333,0.05098762793270803,0.14153245485602733,8,0,0.25355078116726654,0,0.25355078116726654,0,0.23652227140209064,0,1199,1036,25,24,238,773,1200,0,,,23.789705999661237,False,True
spherical_g8_d2_s3,1200,8,spherical,2,2026092713,5,10,1,hdbscan_standard,0.030772299058511084,0.0374909718997174,0.03656661300539033,0.030772299058511084,6,0.4875,0.112349470258304,615,,,,0.14436171587637284,0,0.0,-2,2,0.46128800917957546,0.13916666666666666,0.12578717789205152,0.18711484593837535,8,0,,,,,,,,,,,,,,,,,,,
spherical_g8_d2_s3,1200,8,spherical,2,2026092713,5,20,1,hgp_first_coverage,0.04580400394586557,0.022523314319390687,0.03697273163722947,0.04580400394586557,3,0.6091666666666666,0.11626459767412974,469,,,,0.1618512047981022,0,0.0,-5,5,0.2261774370208105,0.15,0.10795709857893279,0.18643190056965303,8,0,0.278096427475721,0,0.278096427475721,0,0.2597031199859485,0,908,908,23,22,535,350,1200,0,660.664637,160.61446700041415,20.185966001008637,,
spherical_g8_d2_s3,1200,8,spherical,2,2026092713,5,20,1,hdbscan_common,0.03648347825640032,0.017940019015083297,0.03299586258498323,0.03648347825640032,2,0.5283333333333333,0.07666285291756496,566,,,,0.14436171587637284,0,0.0,-6,6,0.09562785341175503,0.12,0.07081803640258469,0.15703380588876772,8,0,0.25355078116726654,0,0.25355078116726654,0,0.22926099505611078,0,1199,1036,13,12,282,741,1200,0,,,28.89856199908536,False,True
spherical_g8_d2_s3,1200,8,spherical,2,2026092713,5,20,2,hgp_first_coverage,0.04580400394586557,0.022523314319390687,0.03697273163722947,0.04580400394586557,3,0.6091666666666666,0.11626459767412974,469,,,,0.1618512047981022,0,0.0,-5,5,0.2261774370208105,0.15,0.10795709857893279,0.18643190056965303,8,0,0.278096427475721,0,0.278096427475721,0,0.2597031199859485,0,908,908,23,22,535,350,1200,0,660.664637,160.61446700041415,21.7400439978519,,
spherical_g8_d2_s3,1200,8,spherical,2,2026092713,5,20,2,hdbscan_common,0.03648347825640032,0.017940019015083297,0.03299586258498323,0.03648347825640032,2,0.5283333333333333,0.07666285291756496,566,,,,0.14436171587637284,0,0.0,-6,6,0.09562785341175503,0.12,0.07081803640258469,0.15703380588876772,8,0,0.25355078116726654,0,0.25355078116726654,0,0.22926099505611078,0,1199,1036,13,12,282,741,1200,0,,,26.665597997634904,False,True
spherical_g8_d2_s3,1200,8,spherical,2,2026092713,5,20,1,hdbscan_standard,0.03642670309542343,0.018629572091667112,0.033152624783145734,0.03642670309542343,2,0.5291666666666667,0.07724343838388639,565,,,,0.14436171587637284,0,0.0,-6,6,0.09693447362081425,0.12083333333333333,0.07196332436069987,0.15803814713896458,8,0,,,,,,,,,,,,,,,,,,,
spherical_g8_d2_s3,1200,8,spherical,2,2026092713,5,50,1,hgp_first_coverage,0.01602985224282063,0.05614819547296561,0.025197237135128954,0.01602985224282063,3,0.2783333333333333,0.06748370473683704,866,,,,0.1618512047981022,0,0.0,-5,5,0.13635201182086837,0.08916666666666667,0.10391469317231908,0.1395045632333768,8,0,0.278096427475721,0,0.2660677740176523,0,0.20229587829228096,0,908,908,5,4,579,324,1200,0,660.664637,160.61446700041415,22.57583300161059,,
spherical_g8_d2_s3,1200,8,spherical,2,2026092713,5,50,1,hdbscan_common,0.004776911350592049,0.09434090420204415,0.013267017005205451,0.004776911350592049,2,0.14583333333333334,0.04242879605019728,1025,,,,0.14436171587637284,0,0.0,-6,6,0.08419243986254296,0.049166666666666664,0.06190958164642375,0.08581818181818182,8,0,0.25355078116726654,0,0.2513271100175751,0,0.13832658569500675,0,1199,1036,3,2,329,704,1200,0,,,40.53818399916054,False,True
spherical_g8_d2_s3,1200,8,spherical,2,2026092713,5,50,2,hgp_first_coverage,0.01602985224282063,0.05614819547296561,0.025197237135128954,0.01602985224282063,3,0.2783333333333333,0.06748370473683704,866,,,,0.1618512047981022,0,0.0,-5,5,0.13635201182086837,0.08916666666666667,0.10391469317231908,0.1395045632333768,8,0,0.278096427475721,0,0.2660677740176523,0,0.20229587829228096,0,908,908,5,4,579,324,1200,0,660.664637,160.61446700041415,21.580586999334628,,
spherical_g8_d2_s3,1200,8,spherical,2,2026092713,5,50,2,hdbscan_common,0.004776911350592049,0.09434090420204415,0.013267017005205451,0.004776911350592049,2,0.14583333333333334,0.04242879605019728,1025,,,,0.14436171587637284,0,0.0,-6,6,0.08419243986254296,0.049166666666666664,0.06190958164642375,0.08581818181818182,8,0,0.25355078116726654,0,0.2513271100175751,0,0.13832658569500675,0,1199,1036,3,2,329,704,1200,0,,,24.977220000437228,False,True
spherical_g8_d2_s3,1200,8,spherical,2,2026092713,5,50,1,hdbscan_standard,0.004944879174238388,0.0955703771695035,0.013694785375603263,0.004944879174238388,2,0.1475,0.04314373014757997,1023,,,,0.14436171587637284,0,0.0,-6,6,0.08450658744510461,0.05,0.06265847302436962,0.08714596949891068,8,0,,,,,,,,,,,,,,,,,,,
spherical_g8_d2_s3,1200,8,spherical,2,2026092713,5,100,1,hgp_first_coverage,0.012959363633352088,0.008942237058377689,0.019361227442284187,0.012959363633352088,2,0.22666666666666666,0.04989961429165599,928,,,,0.1618512047981022,0,0.0,-6,6,0.07385201182086837,0.06333333333333334,0.06735808939873418,0.10326086956521739,8,0,0.278096427475721,0,0.25990332710681247,0,0.1493028085443038,0,908,908,3,2,590,315,1200,0,660.664637,160.61446700041415,19.961728998168837,,
spherical_g8_d2_s3,1200,8,spherical,2,2026092713,5,100,1,hdbscan_common,0.0,,0.0,0.0,0,0.0,0.0,1200,,,,0.14436171587637284,0,0.0,-8,8,0.0,0.0,0.0,0.0,8,0,0.25355078116726654,0,0.2513271100175751,0,0.0,0,1199,1036,1,0,336,699,1200,0,,,24.71738600070239,True,True
spherical_g8_d2_s3,1200,8,spherical,2,2026092713,5,100,2,hgp_first_coverage,0.012959363633352088,0.008942237058377689,0.019361227442284187,0.012959363633352088,2,0.22666666666666666,0.04989961429165599,928,,,,0.1618512047981022,0,0.0,-6,6,0.07385201182086837,0.06333333333333334,0.06735808939873418,0.10326086956521739,8,0,0.278096427475721,0,0.25990332710681247,0,0.1493028085443038,0,908,908,3,2,590,315,1200,0,660.664637,160.61446700041415,19.940049001888838,,
spherical_g8_d2_s3,1200,8,spherical,2,2026092713,5,100,2,hdbscan_common,0.0,,0.0,0.0,0,0.0,0.0,1200,,,,0.14436171587637284,0,0.0,-8,8,0.0,0.0,0.0,0.0,8,0,0.25355078116726654,0,0.2513271100175751,0,0.0,0,1199,1036,1,0,336,699,1200,0,,,23.577140000270447,True,True
spherical_g8_d2_s3,1200,8,spherical,2,2026092713,5,100,1,hdbscan_standard,0.0,,0.0,0.0,0,0.0,0.0,1200,,,,0.14436171587637284,0,0.0,-8,8,0.0,0.0,0.0,0.0,8,0,,,,,,,,,,,,,,,,,,,
spherical_g8_d2_s3,1200,8,spherical,2,2026092713,10,10,1,hgp_first_coverage,0.018130367874883306,0.1745760451011868,0.04039082850512843,0.018130367874883306,23,0.41083333333333333,0.2075709338757962,707,,,,0.16211938076124213,0,0.0,15,15,0.595113584950703,0.13583333333333333,0.21210660730213704,0.19255759007678677,8,0,0.29977343829798014,0,0.29977343829798014,0,0.29683719050125573,0,869,869,51,50,286,532,1200,0,2959.672758,1275.7989820020157,20.618393002223456,,
spherical_g8_d2_s3,1200,8,spherical,2,2026092713,10,10,1,hdbscan_common,0.029395856585735673,0.011850987651596494,0.03623869869155394,0.029395856585735673,2,0.3725,0.06613515662443731,753,,,,0.13826388575802906,0,0.0,-6,6,0.1214699074074074,0.095,0.060910652920962205,0.1384335154826958,8,0,0.2502879368481447,0,0.2502879368481447,0,0.19664948453608247,0,1199,1124,14,13,71,1039,1200,0,,,45.0846809981158,False,True
spherical_g8_d2_s3,1200,8,spherical,2,2026092713,10,10,2,hgp_first_coverage,0.01483235864473808,0.17172391380662194,0.03531914295344845,0.01483235864473808,25,0.39916666666666667,0.20998098179303054,721,,,,0.16211938076124213,0,0.0,17,17,0.6192363919682468,0.12083333333333333,0.19770732726613882,0.17272185824895772,8,0,0.29977343829798014,0,0.29977343829798014,0,0.29683719050125573,0,869,869,51,50,286,532,1200,0,2959.672758,1275.7989820020157,24.881371999072144,,
spherical_g8_d2_s3,1200,8,spherical,2,2026092713,10,10,2,hdbscan_common,0.029395856585735673,0.011850987651596494,0.03623869869155394,0.029395856585735673,2,0.3725,0.06613515662443731,753,,,,0.13826388575802906,0,0.0,-6,6,0.1214699074074074,0.095,0.060910652920962205,0.1384335154826958,8,0,0.2502879368481447,0,0.2502879368481447,0,0.19664948453608247,0,1199,1124,14,13,71,1039,1200,0,,,42.46872300063842,False,True
spherical_g8_d2_s3,1200,8,spherical,2,2026092713,10,10,1,hdbscan_standard,0.029389007235456222,0.012272573044694085,0.03622529880705655,0.029389007235456222,2,0.37333333333333335,0.06584371002330941,752,,,,0.13826388575802906,0,0.0,-6,6,0.11574074074074074,0.095,0.060810251314536504,0.1383495145631068,8,0,,,,,,,,,,,,,,,,,,,
spherical_g8_d2_s3,1200,8,spherical,2,2026092713,10,20,1,hgp_first_coverage,0.038316480685387004,0.0337493036401508,0.03600549827228021,0.038316480685387004,4,0.6516666666666666,0.12634682672598552,418,,,,0.16211938076124213,0,0.0,-4,4,0.32525586796266265,0.17666666666666667,0.1483421152193123,0.21392532795156408,8,0,0.29977343829798014,0,0.29977343829798014,0,0.29683719050125573,0,869,869,21,20,372,476,1200,0,2959.672758,1275.7989820020157,23.97651399951428,,
spherical_g8_d2_s3,1200,8,spherical,2,2026092713,10,20,1,hdbscan_common,0.006582443063870936,0.027452399262442844,0.016246813077865525,0.006582443063870936,2,0.14416666666666667,0.038357881468456936,1027,,,,0.13826388575802906,0,0.0,-6,6,0.09003267973856209,0.0475,0.05219374878664337,0.08302986161689731,8,0,0.2502879368481447,0,0.2502879368481447,0,0.13305183459522424,0,1199,1124,3,2,116,1005,1200,0,,,34.6351579973998,False,True
spherical_g8_d2_s3,1200,8,spherical,2,2026092713,10,20,2,hgp_first_coverage,0.038316480685387004,0.0337493036401508,0.03600549827228021,0.038316480685387004,4,0.6516666666666666,0.12634682672598552,418,,,,0.16211938076124213,0,0.0,-4,4,0.32525586796266265,0.17666666666666667,0.1483421152193123,0.21392532795156408,8,0,0.29977343829798014,0,0.29977343829798014,0,0.29683719050125573,0,869,869,21,20,372,476,1200,0,2959.672758,1275.7989820020157,21.921201998338802,,
spherical_g8_d2_s3,1200,8,spherical,2,2026092713,10,20,2,hdbscan_common,0.006582443063870936,0.027452399262442844,0.016246813077865525,0.006582443063870936,2,0.14416666666666667,0.038357881468456936,1027,,,,0.13826388575802906,0,0.0,-6,6,0.09003267973856209,0.0475,0.05219374878664337,0.08302986161689731,8,0,0.2502879368481447,0,0.2502879368481447,0,0.13305183459522424,0,1199,1124,3,2,116,1005,1200,0,,,24.920635001763003,False,True
spherical_g8_d2_s3,1200,8,spherical,2,2026092713,10,20,1,hdbscan_standard,0.006508069062934353,0.02556113977460713,0.015963318651903056,0.006508069062934353,2,0.145,0.03758883114563924,1026,,,,0.13826388575802906,0,0.0,-6,6,0.08977272727272728,0.0475,0.05206075851393189,0.08296943231441048,8,0,,,,,,,,,,,,,,,,,,,
spherical_g8_d2_s3,1200,8,spherical,2,2026092713,10,50,1,hgp_first_coverage,0.03952886152308334,0.0206618076671882,0.03278795862449998,0.03952886152308334,2,0.6075,0.09242024543234087,471,,,,0.16211938076124213,0,0.0,-6,6,0.11294526190205659,0.13916666666666666,0.0850907490990937,0.1731467081389321,8,0,0.29977343829798014,0,0.2897728461715696,0,0.26996892303931297,0,869,869,7,6,437,425,1200,0,2959.672758,1275.7989820020157,20.04637699792511,,
spherical_g8_d2_s3,1200,8,spherical,2,2026092713,10,50,1,hdbscan_common,0.0,,0.0,0.0,0,0.0,0.0,1200,,,,0.13826388575802906,0,0.0,-8,8,0.0,0.0,0.0,0.0,8,0,0.2502879368481447,0,0.2502879368481447,0,0.0,0,1199,1124,1,0,127,996,1200,0,,,24.077152000245405,True,True
spherical_g8_d2_s3,1200,8,spherical,2,2026092713,10,50,2,hgp_first_coverage,0.03952886152308334,0.0206618076671882,0.03278795862449998,0.03952886152308334,2,0.6075,0.09242024543234087,471,,,,0.16211938076124213,0,0.0,-6,6,0.11294526190205659,0.13916666666666666,0.0850907490990937,0.1731467081389321,8,0,0.29977343829798014,0,0.2897728461715696,0,0.26996892303931297,0,869,869,7,6,437,425,1200,0,2959.672758,1275.7989820020157,19.52771899959771,,
spherical_g8_d2_s3,1200,8,spherical,2,2026092713,10,50,2,hdbscan_common,0.0,,0.0,0.0,0,0.0,0.0,1200,,,,0.13826388575802906,0,0.0,-8,8,0.0,0.0,0.0,0.0,8,0,0.2502879368481447,0,0.2502879368481447,0,0.0,0,1199,1124,1,0,127,996,1200,0,,,25.173376001475845,True,True
spherical_g8_d2_s3,1200,8,spherical,2,2026092713,10,50,1,hdbscan_standard,0.0,,0.0,0.0,0,0.0,0.0,1200,,,,0.13826388575802906,0,0.0,-8,8,0.0,0.0,0.0,0.0,8,0,,,,,,,,,,,,,,,,,,,
spherical_g8_d2_s3,1200,8,spherical,2,2026092713,10,100,1,hgp_first_coverage,0.0,,0.0,0.0,0,0.0,0.0,1200,,,,0.16211938076124213,0,0.0,-8,8,0.0,0.0,0.0,0.0,8,0,0.29977343829798014,0,0.25765845560605627,0,0.0,0,869,869,1,0,466,402,1200,0,2959.672758,1275.7989820020157,19.58856300188927,,
spherical_g8_d2_s3,1200,8,spherical,2,2026092713,10,100,1,hdbscan_common,0.0,,0.0,0.0,0,0.0,0.0,1200,,,,0.13826388575802906,0,0.0,-8,8,0.0,0.0,0.0,0.0,8,0,0.2502879368481447,0,0.2502879368481447,0,0.0,0,1199,1124,1,0,137,986,1200,0,,,23.82639399729669,True,True
spherical_g8_d2_s3,1200,8,spherical,2,2026092713,10,100,2,hgp_first_coverage,0.0,,0.0,0.0,0,0.0,0.0,1200,,,,0.16211938076124213,0,0.0,-8,8,0.0,0.0,0.0,0.0,8,0,0.29977343829798014,0,0.25765845560605627,0,0.0,0,869,869,1,0,466,402,1200,0,2959.672758,1275.7989820020157,19.56001999860746,,
spherical_g8_d2_s3,1200,8,spherical,2,2026092713,10,100,2,hdbscan_common,0.0,,0.0,0.0,0,0.0,0.0,1200,,,,0.13826388575802906,0,0.0,-8,8,0.0,0.0,0.0,0.0,8,0,0.2502879368481447,0,0.2502879368481447,0,0.0,0,1199,1124,1,0,137,986,1200,0,,,24.00873400256387,True,True
spherical_g8_d2_s3,1200,8,spherical,2,2026092713,10,100,1,hdbscan_standard,0.0,,0.0,0.0,0,0.0,0.0,1200,,,,0.13826388575802906,0,0.0,-8,8,0.0,0.0,0.0,0.0,8,0,,,,,,,,,,,,,,,,,,,
spherical_g16_d8_s1,1200,16,spherical,8,2026092711,5,10,1,hgp_first_coverage,1.0,1.0,1.0,1.0,16,1.0,1.0,0,,,,1.0,16,1.0,0,0,1.0,1.0,1.0,1.0,16,0,1.0,16,1.0,16,1.0,16,969,969,51,50,359,559,1200,0,544.347249,97.24145800282713,21.542536000197288,,
spherical_g16_d8_s1,1200,16,spherical,8,2026092711,5,10,1,hdbscan_common,0.9964366106587295,1.0,0.9964604635081205,0.9964366106587295,16,0.9966666666666667,0.9968191142517331,4,,,,0.9967005255152427,14,0.875,0,0,1.0,0.9966666666666667,0.9983108108108109,0.998330550918197,16,0,0.9983108108108109,14,0.9983108108108109,14,0.9983108108108109,14,1199,1075,31,30,177,867,1200,0,,,24.249473000963917,False,True
spherical_g16_d8_s1,1200,16,spherical,8,2026092711,5,10,2,hgp_first_coverage,0.9860040680419411,0.9924618708016363,0.9856596130015238,0.9860040680419411,17,0.9933333333333333,0.9917462150237532,8,,,,1.0,15,0.9375,1,1,1.0,0.9841666666666666,0.9909351145038168,0.9874581939799331,16,0,1.0,16,1.0,16,1.0,16,969,969,51,50,359,559,1200,0,544.347249,97.24145800282713,21.45479300088482,,
spherical_g16_d8_s1,1200,16,spherical,8,2026092711,5,10,2,hdbscan_common,0.9964366106587295,1.0,0.9964604635081205,0.9964366106587295,16,0.9966666666666667,0.9968191142517331,4,,,,0.9967005255152427,14,0.875,0,0,1.0,0.9966666666666667,0.9983108108108109,0.998330550918197,16,0,0.9983108108108109,14,0.9983108108108109,14,0.9983108108108109,14,1199,1075,31,30,177,867,1200,0,,,24.775273999694036,False,True
spherical_g16_d8_s1,1200,16,spherical,8,2026092711,5,10,1,hdbscan_standard,0.9955731103091874,0.9982389399449938,0.9955850002361346,0.9955731103091874,16,0.9975,0.9959446033122125,3,,,,0.9967005255152427,14,0.875,0,0,0.9991554054054054,0.9966666666666667,0.9978970161436604,0.9979140592407175,16,0,,,,,,,,,,,,,,,,,,,
spherical_g16_d8_s1,1200,16,spherical,8,2026092711,5,20,1,hgp_first_coverage,1.0,1.0,1.0,1.0,16,1.0,1.0,0,,,,1.0,16,1.0,0,0,1.0,1.0,1.0,1.0,16,0,1.0,16,1.0,16,1.0,16,969,969,33,32,465,471,1200,0,544.347249,97.24145800282713,21.80009599760524,,
spherical_g16_d8_s1,1200,16,spherical,8,2026092711,5,20,1,hdbscan_common,0.9964366106587295,1.0,0.9964604635081205,0.9964366106587295,16,0.9966666666666667,0.9968191142517331,4,,,,0.9967005255152427,14,0.875,0,0,1.0,0.9966666666666667,0.9983108108108109,0.998330550918197,16,0,0.9983108108108109,14,0.9983108108108109,14,0.9983108108108109,14,1199,1075,31,30,272,772,1200,0,,,24.660309001774294,False,True
spherical_g16_d8_s1,1200,16,spherical,8,2026092711,5,20,2,hgp_first_coverage,1.0,1.0,1.0,1.0,16,1.0,1.0,0,,,,1.0,16,1.0,0,0,1.0,1.0,1.0,1.0,16,0,1.0,16,1.0,16,1.0,16,969,969,33,32,465,471,1200,0,544.347249,97.24145800282713,21.110380002937745,,
spherical_g16_d8_s1,1200,16,spherical,8,2026092711,5,20,2,hdbscan_common,0.9964366106587295,1.0,0.9964604635081205,0.9964366106587295,16,0.9966666666666667,0.9968191142517331,4,,,,0.9967005255152427,14,0.875,0,0,1.0,0.9966666666666667,0.9983108108108109,0.998330550918197,16,0,0.9983108108108109,14,0.9983108108108109,14,0.9983108108108109,14,1199,1075,31,30,272,772,1200,0,,,128.29213199802325,False,True
spherical_g16_d8_s1,1200,16,spherical,8,2026092711,5,20,1,hdbscan_standard,0.9955731103091874,0.9982389399449938,0.9955850002361346,0.9955731103091874,16,0.9975,0.9959446033122125,3,,,,0.9967005255152427,14,0.875,0,0,0.9991554054054054,0.9966666666666667,0.9978970161436604,0.9979140592407175,16,0,,,,,,,,,,,,,,,,,,,
spherical_g16_d8_s1,1200,16,spherical,8,2026092711,5,50,1,hgp_first_coverage,1.0,1.0,1.0,1.0,16,1.0,1.0,0,,,,1.0,16,1.0,0,0,1.0,1.0,1.0,1.0,16,0,1.0,16,1.0,16,1.0,16,969,969,31,30,671,267,1200,0,544.347249,97.24145800282713,21.033356999396347,,
spherical_g16_d8_s1,1200,16,spherical,8,2026092711,5,50,1,hdbscan_common,0.9964366106587295,1.0,0.9964604635081205,0.9964366106587295,16,0.9966666666666667,0.9968191142517331,4,,,,0.9967005255152427,14,0.875,0,0,1.0,0.9966666666666667,0.9983108108108109,0.998330550918197,16,0,0.9983108108108109,14,0.9983108108108109,14,0.9983108108108109,14,1199,1075,31,30,654,390,1200,0,,,26.062875000206986,False,True
spherical_g16_d8_s1,1200,16,spherical,8,2026092711,5,50,2,hgp_first_coverage,1.0,1.0,1.0,1.0,16,1.0,1.0,0,,,,1.0,16,1.0,0,0,1.0,1.0,1.0,1.0,16,0,1.0,16,1.0,16,1.0,16,969,969,31,30,671,267,1200,0,544.347249,97.24145800282713,20.83289299844182,,
spherical_g16_d8_s1,1200,16,spherical,8,2026092711,5,50,2,hdbscan_common,0.9964366106587295,1.0,0.9964604635081205,0.9964366106587295,16,0.9966666666666667,0.9968191142517331,4,,,,0.9967005255152427,14,0.875,0,0,1.0,0.9966666666666667,0.9983108108108109,0.998330550918197,16,0,0.9983108108108109,14,0.9983108108108109,14,0.9983108108108109,14,1199,1075,31,30,654,390,1200,0,,,23.89435100121773,False,True
spherical_g16_d8_s1,1200,16,spherical,8,2026092711,5,50,1,hdbscan_standard,0.9955731103091874,0.9982389399449938,0.9955850002361346,0.9955731103091874,16,0.9975,0.9959446033122125,3,,,,0.9967005255152427,14,0.875,0,0,0.9991554054054054,0.9966666666666667,0.9978970161436604,0.9979140592407175,16,0,,,,,,,,,,,,,,,,,,,
spherical_g16_d8_s1,1200,16,spherical,8,2026092711,5,100,1,hgp_first_coverage,0.2983288900448664,0.5233380480905233,0.4453785734184706,0.2983288900448664,4,0.5625,0.6884389630126818,525,,,,1.0,0,0.0,-12,12,0.11458333333333333,0.25,0.15625,0.32,0,16,1.0,16,0.43137851731601734,0,0.3843344155844156,0,969,969,7,6,954,8,1200,0,544.347249,97.24145800282713,20.567789000779158,,
spherical_g16_d8_s1,1200,16,spherical,8,2026092711,5,100,1,hdbscan_common,0.3423556626046312,0.30587229190421894,0.3081302324381886,0.3423556626046312,4,0.8125,0.7068153356426335,225,,,,0.9967005255152427,0,0.0,-12,12,0.09375,0.25,0.1324404761904762,0.27586206896551724,0,16,0.9983108108108109,14,0.47604333493487083,0,0.36755952380952384,0,1199,1075,7,6,1057,11,1200,0,,,22.796244000346633,True,True
spherical_g16_d8_s1,1200,16,spherical,8,2026092711,5,100,2,hgp_first_coverage,0.2983288900448664,0.5233380480905233,0.4453785734184706,0.2983288900448664,4,0.5625,0.6884389630126818,525,,,,1.0,0,0.0,-12,12,0.11458333333333333,0.25,0.15625,0.32,0,16,1.0,16,0.43137851731601734,0,0.3843344155844156,0,969,969,7,6,954,8,1200,0,544.347249,97.24145800282713,20.434189998923102,,
spherical_g16_d8_s1,1200,16,spherical,8,2026092711,5,100,2,hdbscan_common,0.3423556626046312,0.30587229190421894,0.3081302324381886,0.3423556626046312,4,0.8125,0.7068153356426335,225,,,,0.9967005255152427,0,0.0,-12,12,0.09375,0.25,0.1324404761904762,0.27586206896551724,0,16,0.9983108108108109,14,0.47604333493487083,0,0.36755952380952384,0,1199,1075,7,6,1057,11,1200,0,,,22.62312099992414,True,True
spherical_g16_d8_s1,1200,16,spherical,8,2026092711,5,100,1,hdbscan_standard,0.3423556626046312,0.30587229190421894,0.3081302324381886,0.3423556626046312,4,0.8125,0.7068153356426335,225,,,,0.9967005255152427,0,0.0,-12,12,0.09375,0.25,0.1324404761904762,0.27586206896551724,0,16,,,,,,,,,,,,,,,,,,,
spherical_g16_d8_s1,1200,16,spherical,8,2026092711,10,10,1,hgp_first_coverage,1.0,1.0,1.0,1.0,16,1.0,1.0,0,,,,1.0,16,1.0,0,0,1.0,1.0,1.0,1.0,16,0,1.0,16,1.0,16,1.0,16,928,928,57,56,235,636,1200,0,2039.540994,410.5398760002572,23.37787799842772,,
spherical_g16_d8_s1,1200,16,spherical,8,2026092711,10,10,1,hdbscan_common,0.996472763312385,1.0,0.9964725399737451,0.996472763312385,16,0.9966666666666667,0.9969780606389812,4,,,,0.9967005275718123,14,0.875,0,0,1.0,0.9966666666666667,0.99830502670867,0.998330550918197,16,0,0.99830502670867,14,0.99830502670867,14,0.99830502670867,14,1199,1145,31,30,114,1000,1200,0,,,25.385331002325984,False,True
spherical_g16_d8_s1,1200,16,spherical,8,2026092711,10,10,2,hgp_first_coverage,1.0,1.0,1.0,1.0,16,1.0,1.0,0,,,,1.0,16,1.0,0,0,1.0,1.0,1.0,1.0,16,0,1.0,16,1.0,16,1.0,16,928,928,57,56,235,636,1200,0,2039.540994,410.5398760002572,21.601436001219554,,
spherical_g16_d8_s1,1200,16,spherical,8,2026092711,10,10,2,hdbscan_common,0.996472763312385,1.0,0.9964725399737451,0.996472763312385,16,0.9966666666666667,0.9969780606389812,4,,,,0.9967005275718123,14,0.875,0,0,1.0,0.9966666666666667,0.99830502670867,0.998330550918197,16,0,0.99830502670867,14,0.99830502670867,14,0.99830502670867,14,1199,1145,31,30,114,1000,1200,0,,,24.831588998495135,False,True
spherical_g16_d8_s1,1200,16,spherical,8,2026092711,10,10,1,hdbscan_standard,0.995573203667706,0.9982389771840524,0.9955850933468524,0.995573203667706,16,0.9975,0.995944614528121,3,,,,0.9967005275718123,14,0.875,0,0,0.9991666666666666,0.9966666666666667,0.9978911564625851,0.9979140592407175,16,0,,,,,,,,,,,,,,,,,,,
spherical_g16_d8_s1,1200,16,spherical,8,2026092711,10,20,1,hgp_first_coverage,1.0,1.0,1.0,1.0,16,1.0,1.0,0,,,,1.0,16,1.0,0,0,1.0,1.0,1.0,1.0,16,0,1.0,16,1.0,16,1.0,16,928,928,35,34,364,529,1200,0,2039.540994,410.5398760002572,20.929723999870475,,
spherical_g16_d8_s1,1200,16,spherical,8,2026092711,10,20,1,hdbscan_common,0.996472763312385,1.0,0.9964725399737451,0.996472763312385,16,0.9966666666666667,0.9969780606389812,4,,,,0.9967005275718123,14,0.875,0,0,1.0,0.9966666666666667,0.99830502670867,0.998330550918197,16,0,0.99830502670867,14,0.99830502670867,14,0.99830502670867,14,1199,1145,31,30,259,855,1200,0,,,24.390325997956097,False,True
spherical_g16_d8_s1,1200,16,spherical,8,2026092711,10,20,2,hgp_first_coverage,1.0,1.0,1.0,1.0,16,1.0,1.0,0,,,,1.0,16,1.0,0,0,1.0,1.0,1.0,1.0,16,0,1.0,16,1.0,16,1.0,16,928,928,35,34,364,529,1200,0,2039.540994,410.5398760002572,20.85256999998819,,
spherical_g16_d8_s1,1200,16,spherical,8,2026092711,10,20,2,hdbscan_common,0.996472763312385,1.0,0.9964725399737451,0.996472763312385,16,0.9966666666666667,0.9969780606389812,4,,,,0.9967005275718123,14,0.875,0,0,1.0,0.9966666666666667,0.99830502670867,0.998330550918197,16,0,0.99830502670867,14,0.99830502670867,14,0.99830502670867,14,1199,1145,31,30,259,855,1200,0,,,24.314505000802455,False,True
spherical_g16_d8_s1,1200,16,spherical,8,2026092711,10,20,1,hdbscan_standard,0.995573203667706,0.9982389771840524,0.9955850933468524,0.995573203667706,16,0.9975,0.995944614528121,3,,,,0.9967005275718123,14,0.875,0,0,0.9991666666666666,0.9966666666666667,0.9978911564625851,0.9979140592407175,16,0,,,,,,,,,,,,,,,,,,,
spherical_g16_d8_s1,1200,16,spherical,8,2026092711,10,50,1,hgp_first_coverage,1.0,1.0,1.0,1.0,16,1.0,1.0,0,,,,1.0,16,1.0,0,0,1.0,1.0,1.0,1.0,16,0,1.0,16,1.0,16,1.0,16,928,928,31,30,587,310,1200,0,2039.540994,410.5398760002572,20.48909199947957,,
spherical_g16_d8_s1,1200,16,spherical,8,2026092711,10,50,1,hdbscan_common,0.996472763312385,1.0,0.9964725399737451,0.996472763312385,16,0.9966666666666667,0.9969780606389812,4,,,,0.9967005275718123,14,0.875,0,0,1.0,0.9966666666666667,0.99830502670867,0.998330550918197,16,0,0.99830502670867,14,0.99830502670867,14,0.99830502670867,14,1199,1145,31,30,722,392,1200,0,,,27.037801999540534,False,True
spherical_g16_d8_s1,1200,16,spherical,8,2026092711,10,50,2,hgp_first_coverage,1.0,1.0,1.0,1.0,16,1.0,1.0,0,,,,1.0,16,1.0,0,0,1.0,1.0,1.0,1.0,16,0,1.0,16,1.0,16,1.0,16,928,928,31,30,587,310,1200,0,2039.540994,410.5398760002572,228.20099299860885,,
spherical_g16_d8_s1,1200,16,spherical,8,2026092711,10,50,2,hdbscan_common,0.996472763312385,1.0,0.9964725399737451,0.996472763312385,16,0.9966666666666667,0.9969780606389812,4,,,,0.9967005275718123,14,0.875,0,0,1.0,0.9966666666666667,0.99830502670867,0.998330550918197,16,0,0.99830502670867,14,0.99830502670867,14,0.99830502670867,14,1199,1145,31,30,722,392,1200,0,,,24.810429000353906,False,True
spherical_g16_d8_s1,1200,16,spherical,8,2026092711,10,50,1,hdbscan_standard,0.995573203667706,0.9982389771840524,0.9955850933468524,0.995573203667706,16,0.9975,0.995944614528121,3,,,,0.9967005275718123,14,0.875,0,0,0.9991666666666666,0.9966666666666667,0.9978911564625851,0.9979140592407175,16,0,,,,,,,,,,,,,,,,,,,
spherical_g16_d8_s1,1200,16,spherical,8,2026092711,10,100,1,hgp_first_coverage,0.42787773317989164,0.5518955873213176,0.49608130986065563,0.42787773317989164,5,0.6875,0.764901654801176,375,,,,1.0,0,0.0,-11,11,0.14583333333333334,0.3125,0.19791666666666666,0.37037037037037035,0,16,1.0,16,0.4843547077922078,0,0.4384469696969697,0,928,928,9,8,913,6,1200,0,2039.540994,410.5398760002572,19.731809999939287,,
spherical_g16_d8_s1,1200,16,spherical,8,2026092711,10,100,1,hdbscan_common,0.3423556626046312,0.30587229190421894,0.3081302324381886,0.3423556626046312,4,0.8125,0.7068153356426335,225,,,,0.9967005275718123,0,0.0,-12,12,0.09375,0.25,0.1324404761904762,0.27586206896551724,0,16,0.99830502670867,14,0.4758556547619048,0,0.36755952380952384,0,1199,1145,7,6,1127,11,1200,0,,,22.808616999100195,True,True
spherical_g16_d8_s1,1200,16,spherical,8,2026092711,10,100,2,hgp_first_coverage,0.42787773317989164,0.5518955873213176,0.49608130986065563,0.42787773317989164,5,0.6875,0.764901654801176,375,,,,1.0,0,0.0,-11,11,0.14583333333333334,0.3125,0.19791666666666666,0.37037037037037035,0,16,1.0,16,0.4843547077922078,0,0.4384469696969697,0,928,928,9,8,913,6,1200,0,2039.540994,410.5398760002572,19.626683999376837,,
spherical_g16_d8_s1,1200,16,spherical,8,2026092711,10,100,2,hdbscan_common,0.3423556626046312,0.30587229190421894,0.3081302324381886,0.3423556626046312,4,0.8125,0.7068153356426335,225,,,,0.9967005275718123,0,0.0,-12,12,0.09375,0.25,0.1324404761904762,0.27586206896551724,0,16,0.99830502670867,14,0.4758556547619048,0,0.36755952380952384,0,1199,1145,7,6,1127,11,1200,0,,,24.748193001869367,True,True
spherical_g16_d8_s1,1200,16,spherical,8,2026092711,10,100,1,hdbscan_standard,0.3423556626046312,0.30587229190421894,0.3081302324381886,0.3423556626046312,4,0.8125,0.7068153356426335,225,,,,0.9967005275718123,0,0.0,-12,12,0.09375,0.25,0.1324404761904762,0.27586206896551724,0,16,,,,,,,,,,,,,,,,,,,
spherical_g16_d8_s2,1200,16,spherical,8,2026092712,5,10,1,hgp_first_coverage,1.0,1.0,1.0,1.0,16,1.0,1.0,0,,,,1.0,16,1.0,0,0,1.0,1.0,1.0,1.0,16,0,1.0,16,1.0,16,1.0,16,958,958,59,58,392,507,1200,0,562.941411,97.27692400338128,21.68222700129263,,
spherical_g16_d8_s2,1200,16,spherical,8,2026092712,5,10,1,hdbscan_common,1.0,1.0,1.0,1.0,16,1.0,1.0,0,,,,1.0,16,1.0,0,0,1.0,1.0,1.0,1.0,16,0,1.0,16,1.0,16,1.0,16,1199,1055,35,34,157,863,1200,0,,,25.020249999215594,True,True
spherical_g16_d8_s2,1200,16,spherical,8,2026092712,5,10,2,hgp_first_coverage,1.0,1.0,1.0,1.0,16,1.0,1.0,0,,,,1.0,16,1.0,0,0,1.0,1.0,1.0,1.0,16,0,1.0,16,1.0,16,1.0,16,958,958,59,58,392,507,1200,0,562.941411,97.27692400338128,22.052767999412026,,
spherical_g16_d8_s2,1200,16,spherical,8,2026092712,5,10,2,hdbscan_common,1.0,1.0,1.0,1.0,16,1.0,1.0,0,,,,1.0,16,1.0,0,0,1.0,1.0,1.0,1.0,16,0,1.0,16,1.0,16,1.0,16,1199,1055,35,34,157,863,1200,0,,,125.16155499906745,True,True
spherical_g16_d8_s2,1200,16,spherical,8,2026092712,5,10,1,hdbscan_standard,1.0,1.0,1.0,1.0,16,1.0,1.0,0,,,,1.0,16,1.0,0,0,1.0,1.0,1.0,1.0,16,0,,,,,,,,,,,,,,,,,,,
spherical_g16_d8_s2,1200,16,spherical,8,2026092712,5,20,1,hgp_first_coverage,1.0,1.0,1.0,1.0,16,1.0,1.0,0,,,,1.0,16,1.0,0,0,1.0,1.0,1.0,1.0,16,0,1.0,16,1.0,16,1.0,16,958,958,33,32,486,439,1200,0,562.941411,97.27692400338128,21.513100997253787,,
spherical_g16_d8_s2,1200,16,spherical,8,2026092712,5,20,1,hdbscan_common,1.0,1.0,1.0,1.0,16,1.0,1.0,0,,,,1.0,16,1.0,0,0,1.0,1.0,1.0,1.0,16,0,1.0,16,1.0,16,1.0,16,1199,1055,31,30,260,764,1200,0,,,24.028711999562802,True,True
spherical_g16_d8_s2,1200,16,spherical,8,2026092712,5,20,2,hgp_first_coverage,1.0,1.0,1.0,1.0,16,1.0,1.0,0,,,,1.0,16,1.0,0,0,1.0,1.0,1.0,1.0,16,0,1.0,16,1.0,16,1.0,16,958,958,33,32,486,439,1200,0,562.941411,97.27692400338128,21.320992997061694,,
spherical_g16_d8_s2,1200,16,spherical,8,2026092712,5,20,2,hdbscan_common,1.0,1.0,1.0,1.0,16,1.0,1.0,0,,,,1.0,16,1.0,0,0,1.0,1.0,1.0,1.0,16,0,1.0,16,1.0,16,1.0,16,1199,1055,31,30,260,764,1200,0,,,24.129951001668815,True,True
spherical_g16_d8_s2,1200,16,spherical,8,2026092712,5,20,1,hdbscan_standard,1.0,1.0,1.0,1.0,16,1.0,1.0,0,,,,1.0,16,1.0,0,0,1.0,1.0,1.0,1.0,16,0,,,,,,,,,,,,,,,,,,,
spherical_g16_d8_s2,1200,16,spherical,8,2026092712,5,50,1,hgp_first_coverage,1.0,1.0,1.0,1.0,16,1.0,1.0,0,,,,1.0,16,1.0,0,0,1.0,1.0,1.0,1.0,16,0,1.0,16,1.0,16,1.0,16,958,958,31,30,650,277,1200,0,562.941411,97.27692400338128,20.563500002026558,,
spherical_g16_d8_s2,1200,16,spherical,8,2026092712,5,50,1,hdbscan_common,1.0,1.0,1.0,1.0,16,1.0,1.0,0,,,,1.0,16,1.0,0,0,1.0,1.0,1.0,1.0,16,0,1.0,16,1.0,16,1.0,16,1199,1055,31,30,632,392,1200,0,,,23.804423999536084,True,True
spherical_g16_d8_s2,1200,16,spherical,8,2026092712,5,50,2,hgp_first_coverage,1.0,1.0,1.0,1.0,16,1.0,1.0,0,,,,1.0,16,1.0,0,0,1.0,1.0,1.0,1.0,16,0,1.0,16,1.0,16,1.0,16,958,958,31,30,650,277,1200,0,562.941411,97.27692400338128,21.877159997529816,,
spherical_g16_d8_s2,1200,16,spherical,8,2026092712,5,50,2,hdbscan_common,1.0,1.0,1.0,1.0,16,1.0,1.0,0,,,,1.0,16,1.0,0,0,1.0,1.0,1.0,1.0,16,0,1.0,16,1.0,16,1.0,16,1199,1055,31,30,632,392,1200,0,,,23.76654299951042,True,True
spherical_g16_d8_s2,1200,16,spherical,8,2026092712,5,50,1,hdbscan_standard,1.0,1.0,1.0,1.0,16,1.0,1.0,0,,,,1.0,16,1.0,0,0,1.0,1.0,1.0,1.0,16,0,,,,,,,,,,,,,,,,,,,
spherical_g16_d8_s2,1200,16,spherical,8,2026092712,5,100,1,hgp_first_coverage,0.26165550942571664,0.3634302984510767,0.34536571428880636,0.26165550942571664,3,0.5625,0.6323855301281837,525,,,,1.0,0,0.0,-13,13,0.06770833333333333,0.1875,0.09791666666666667,0.24,0,16,1.0,16,0.39823145604395604,0,0.29270833333333335,0,958,958,5,4,943,10,1200,0,562.941411,97.27692400338128,19.92915800292394,,
spherical_g16_d8_s2,1200,16,spherical,8,2026092712,5,100,1,hdbscan_common,0.3085658519274276,0.3044946191179574,0.30772084801971017,0.3085658519274276,3,0.6875,0.6564634025551034,375,,,,1.0,0,0.0,-13,13,0.05416666666666667,0.1875,0.08333333333333333,0.2222222222222222,0,16,1.0,16,0.42427312271062273,0,0.2916666666666667,0,1199,1055,5,4,1040,10,1200,0,,,22.370820999640273,True,True
spherical_g16_d8_s2,1200,16,spherical,8,2026092712,5,100,2,hgp_first_coverage,0.26165550942571664,0.3634302984510767,0.34536571428880636,0.26165550942571664,3,0.5625,0.6323855301281837,525,,,,1.0,0,0.0,-13,13,0.06770833333333333,0.1875,0.09791666666666667,0.24,0,16,1.0,16,0.39823145604395604,0,0.29270833333333335,0,958,958,5,4,943,10,1200,0,562.941411,97.27692400338128,19.729304996872088,,
spherical_g16_d8_s2,1200,16,spherical,8,2026092712,5,100,2,hdbscan_common,0.3085658519274276,0.3044946191179574,0.30772084801971017,0.3085658519274276,3,0.6875,0.6564634025551034,375,,,,1.0,0,0.0,-13,13,0.05416666666666667,0.1875,0.08333333333333333,0.2222222222222222,0,16,1.0,16,0.42427312271062273,0,0.2916666666666667,0,1199,1055,5,4,1040,10,1200,0,,,25.461322999035474,True,True
spherical_g16_d8_s2,1200,16,spherical,8,2026092712,5,100,1,hdbscan_standard,0.3085658519274276,0.3044946191179574,0.30772084801971017,0.3085658519274276,3,0.6875,0.6564634025551034,375,,,,1.0,0,0.0,-13,13,0.05416666666666667,0.1875,0.08333333333333333,0.2222222222222222,0,16,,,,,,,,,,,,,,,,,,,
spherical_g16_d8_s2,1200,16,spherical,8,2026092712,10,10,1,hgp_first_coverage,1.0,1.0,1.0,1.0,16,1.0,1.0,0,,,,1.0,16,1.0,0,0,1.0,1.0,1.0,1.0,16,0,1.0,16,1.0,16,1.0,16,890,890,53,52,210,627,1200,0,2010.314895,368.4701469974243,20.78938300110167,,
spherical_g16_d8_s2,1200,16,spherical,8,2026092712,10,10,1,hdbscan_common,0.9991111598733533,1.0,0.9991111598733533,0.9991111598733533,16,0.9991666666666666,0.9992025268116123,1,,,,0.9984722222222222,15,0.9375,0,0,1.0,0.9991666666666666,0.9995805369127517,0.9995831596498541,16,0,0.9995805369127517,15,0.9995805369127517,15,0.9995805369127517,15,1199,1148,31,30,115,1002,1200,0,,,24.561705999076366,True,True
spherical_g16_d8_s2,1200,16,spherical,8,2026092712,10,10,2,hgp_first_coverage,1.0,1.0,1.0,1.0,16,1.0,1.0,0,,,,1.0,16,1.0,0,0,1.0,1.0,1.0,1.0,16,0,1.0,16,1.0,16,1.0,16,890,890,53,52,210,627,1200,0,2010.314895,368.4701469974243,21.27576900238637,,
spherical_g16_d8_s2,1200,16,spherical,8,2026092712,10,10,2,hdbscan_common,0.9991111598733533,1.0,0.9991111598733533,0.9991111598733533,16,0.9991666666666666,0.9992025268116123,1,,,,0.9984722222222222,15,0.9375,0,0,1.0,0.9991666666666666,0.9995805369127517,0.9995831596498541,16,0,0.9995805369127517,15,0.9995805369127517,15,0.9995805369127517,15,1199,1148,31,30,115,1002,1200,0,,,24.9793539987877,True,True
spherical_g16_d8_s2,1200,16,spherical,8,2026092712,10,10,1,hdbscan_standard,0.9991111598733533,1.0,0.9991111598733533,0.9991111598733533,16,0.9991666666666666,0.9992025268116123,1,,,,0.9984722222222222,15,0.9375,0,0,1.0,0.9991666666666666,0.9995805369127517,0.9995831596498541,16,0,,,,,,,,,,,,,,,,,,,
spherical_g16_d8_s2,1200,16,spherical,8,2026092712,10,20,1,hgp_first_coverage,1.0,1.0,1.0,1.0,16,1.0,1.0,0,,,,1.0,16,1.0,0,0,1.0,1.0,1.0,1.0,16,0,1.0,16,1.0,16,1.0,16,890,890,35,34,320,535,1200,0,2010.314895,368.4701469974243,26.54514399910113,,
spherical_g16_d8_s2,1200,16,spherical,8,2026092712,10,20,1,hdbscan_common,0.9991111598733533,1.0,0.9991111598733533,0.9991111598733533,16,0.9991666666666666,0.9992025268116123,1,,,,0.9984722222222222,15,0.9375,0,0,1.0,0.9991666666666666,0.9995805369127517,0.9995831596498541,16,0,0.9995805369127517,15,0.9995805369127517,15,0.9995805369127517,15,1199,1148,31,30,259,858,1200,0,,,24.580449997301912,True,True
spherical_g16_d8_s2,1200,16,spherical,8,2026092712,10,20,2,hgp_first_coverage,1.0,1.0,1.0,1.0,16,1.0,1.0,0,,,,1.0,16,1.0,0,0,1.0,1.0,1.0,1.0,16,0,1.0,16,1.0,16,1.0,16,890,890,35,34,320,535,1200,0,2010.314895,368.4701469974243,20.480756000324618,,
spherical_g16_d8_s2,1200,16,spherical,8,2026092712,10,20,2,hdbscan_common,0.9991111598733533,1.0,0.9991111598733533,0.9991111598733533,16,0.9991666666666666,0.9992025268116123,1,,,,0.9984722222222222,15,0.9375,0,0,1.0,0.9991666666666666,0.9995805369127517,0.9995831596498541,16,0,0.9995805369127517,15,0.9995805369127517,15,0.9995805369127517,15,1199,1148,31,30,259,858,1200,0,,,29.862008002965013,True,True
spherical_g16_d8_s2,1200,16,spherical,8,2026092712,10,20,1,hdbscan_standard,0.9991111598733533,1.0,0.9991111598733533,0.9991111598733533,16,0.9991666666666666,0.9992025268116123,1,,,,0.9984722222222222,15,0.9375,0,0,1.0,0.9991666666666666,0.9995805369127517,0.9995831596498541,16,0,,,,,,,,,,,,,,,,,,,
spherical_g16_d8_s2,1200,16,spherical,8,2026092712,10,50,1,hgp_first_coverage,1.0,1.0,1.0,1.0,16,1.0,1.0,0,,,,1.0,16,1.0,0,0,1.0,1.0,1.0,1.0,16,0,1.0,16,1.0,16,1.0,16,890,890,31,30,539,320,1200,0,2010.314895,368.4701469974243,20.42916000209516,,
spherical_g16_d8_s2,1200,16,spherical,8,2026092712,10,50,1,hdbscan_common,0.9991111598733533,1.0,0.9991111598733533,0.9991111598733533,16,0.9991666666666666,0.9992025268116123,1,,,,0.9984722222222222,15,0.9375,0,0,1.0,0.9991666666666666,0.9995805369127517,0.9995831596498541,16,0,0.9995805369127517,15,0.9995805369127517,15,0.9995805369127517,15,1199,1148,31,30,721,396,1200,0,,,23.743369998555863,True,True
spherical_g16_d8_s2,1200,16,spherical,8,2026092712,10,50,2,hgp_first_coverage,1.0,1.0,1.0,1.0,16,1.0,1.0,0,,,,1.0,16,1.0,0,0,1.0,1.0,1.0,1.0,16,0,1.0,16,1.0,16,1.0,16,890,890,31,30,539,320,1200,0,2010.314895,368.4701469974243,20.158125000307336,,
spherical_g16_d8_s2,1200,16,spherical,8,2026092712,10,50,2,hdbscan_common,0.9991111598733533,1.0,0.9991111598733533,0.9991111598733533,16,0.9991666666666666,0.9992025268116123,1,,,,0.9984722222222222,15,0.9375,0,0,1.0,0.9991666666666666,0.9995805369127517,0.9995831596498541,16,0,0.9995805369127517,15,0.9995805369127517,15,0.9995805369127517,15,1199,1148,31,30,721,396,1200,0,,,23.60648499961826,True,True
spherical_g16_d8_s2,1200,16,spherical,8,2026092712,10,50,1,hdbscan_standard,0.9991111598733533,1.0,0.9991111598733533,0.9991111598733533,16,0.9991666666666666,0.9992025268116123,1,,,,0.9984722222222222,15,0.9375,0,0,1.0,0.9991666666666666,0.9995805369127517,0.9995831596498541,16,0,,,,,,,,,,,,,,,,,,,
spherical_g16_d8_s2,1200,16,spherical,8,2026092712,10,100,1,hgp_first_coverage,0.3961939091945188,0.4016179407096411,0.38829226363895314,0.3961939091945188,4,0.75,0.7262442689772913,300,,,,1.0,0,0.0,-12,12,0.08854166666666666,0.25,0.12916666666666665,0.2857142857142857,0,16,1.0,16,0.4771577380952381,0,0.37083333333333335,0,890,890,7,6,875,8,1200,0,2010.314895,368.4701469974243,19.53623499866808,,
spherical_g16_d8_s2,1200,16,spherical,8,2026092712,10,100,1,hdbscan_common,0.3075855461069355,0.3042679093474516,0.3073209240100031,0.3075855461069355,3,0.6866666666666666,0.6541790493042966,376,,,,0.9984722222222222,0,0.0,-13,13,0.054259672619047614,0.1875,0.08343784838350056,0.22233201581027667,0,16,0.9995805369127517,15,0.42396944961824773,0,0.29156215161649945,0,1199,1148,5,4,1132,11,1200,0,,,22.973604001890635,True,True
spherical_g16_d8_s2,1200,16,spherical,8,2026092712,10,100,2,hgp_first_coverage,0.3961939091945188,0.4016179407096411,0.38829226363895314,0.3961939091945188,4,0.75,0.7262442689772913,300,,,,1.0,0,0.0,-12,12,0.08854166666666666,0.25,0.12916666666666665,0.2857142857142857,0,16,1.0,16,0.4771577380952381,0,0.37083333333333335,0,890,890,7,6,875,8,1200,0,2010.314895,368.4701469974243,19.385153998882743,,
spherical_g16_d8_s2,1200,16,spherical,8,2026092712,10,100,2,hdbscan_common,0.3075855461069355,0.3042679093474516,0.3073209240100031,0.3075855461069355,3,0.6866666666666666,0.6541790493042966,376,,,,0.9984722222222222,0,0.0,-13,13,0.054259672619047614,0.1875,0.08343784838350056,0.22233201581027667,0,16,0.9995805369127517,15,0.42396944961824773,0,0.29156215161649945,0,1199,1148,5,4,1132,11,1200,0,,,22.849853998195613,True,True
spherical_g16_d8_s2,1200,16,spherical,8,2026092712,10,100,1,hdbscan_standard,0.3075855461069355,0.3042679093474516,0.3073209240100031,0.3075855461069355,3,0.6866666666666666,0.6541790493042966,376,,,,0.9984722222222222,0,0.0,-13,13,0.054259672619047614,0.1875,0.08343784838350056,0.22233201581027667,0,16,,,,,,,,,,,,,,,,,,,
spherical_g16_d8_s3,1200,16,spherical,8,2026092713,5,10,1,hgp_first_coverage,1.0,1.0,1.0,1.0,16,1.0,1.0,0,,,,1.0,16,1.0,0,0,1.0,1.0,1.0,1.0,16,0,1.0,16,1.0,16,1.0,16,961,961,55,54,374,532,1200,0,569.858034,134.3504379983642,21.264738999889232,,
spherical_g16_d8_s3,1200,16,spherical,8,2026092713,5,10,1,hdbscan_common,1.0,1.0,1.0,1.0,16,1.0,1.0,0,,,,1.0,16,1.0,0,0,1.0,1.0,1.0,1.0,16,0,1.0,16,1.0,16,1.0,16,1199,1093,35,34,184,874,1200,0,,,24.09385300052236,True,True
spherical_g16_d8_s3,1200,16,spherical,8,2026092713,5,10,2,hgp_first_coverage,1.0,1.0,1.0,1.0,16,1.0,1.0,0,,,,1.0,16,1.0,0,0,1.0,1.0,1.0,1.0,16,0,1.0,16,1.0,16,1.0,16,961,961,55,54,374,532,1200,0,569.858034,134.3504379983642,21.291157998348353,,
spherical_g16_d8_s3,1200,16,spherical,8,2026092713,5,10,2,hdbscan_common,1.0,1.0,1.0,1.0,16,1.0,1.0,0,,,,1.0,16,1.0,0,0,1.0,1.0,1.0,1.0,16,0,1.0,16,1.0,16,1.0,16,1199,1093,35,34,184,874,1200,0,,,24.190995001845295,True,True
spherical_g16_d8_s3,1200,16,spherical,8,2026092713,5,10,1,hdbscan_standard,1.0,1.0,1.0,1.0,16,1.0,1.0,0,,,,1.0,16,1.0,0,0,1.0,1.0,1.0,1.0,16,0,,,,,,,,,,,,,,,,,,,
spherical_g16_d8_s3,1200,16,spherical,8,2026092713,5,20,1,hgp_first_coverage,1.0,1.0,1.0,1.0,16,1.0,1.0,0,,,,1.0,16,1.0,0,0,1.0,1.0,1.0,1.0,16,0,1.0,16,1.0,16,1.0,16,961,961,31,30,458,472,1200,0,569.858034,134.3504379983642,21.116912001161836,,
spherical_g16_d8_s3,1200,16,spherical,8,2026092713,5,20,1,hdbscan_common,1.0,1.0,1.0,1.0,16,1.0,1.0,0,,,,1.0,16,1.0,0,0,1.0,1.0,1.0,1.0,16,0,1.0,16,1.0,16,1.0,16,1199,1093,31,30,295,767,1200,0,,,24.357183996471576,True,True
spherical_g16_d8_s3,1200,16,spherical,8,2026092713,5,20,2,hgp_first_coverage,1.0,1.0,1.0,1.0,16,1.0,1.0,0,,,,1.0,16,1.0,0,0,1.0,1.0,1.0,1.0,16,0,1.0,16,1.0,16,1.0,16,961,961,31,30,458,472,1200,0,569.858034,134.3504379983642,26.911777000350412,,
spherical_g16_d8_s3,1200,16,spherical,8,2026092713,5,20,2,hdbscan_common,1.0,1.0,1.0,1.0,16,1.0,1.0,0,,,,1.0,16,1.0,0,0,1.0,1.0,1.0,1.0,16,0,1.0,16,1.0,16,1.0,16,1199,1093,31,30,295,767,1200,0,,,24.82804199826205,True,True
spherical_g16_d8_s3,1200,16,spherical,8,2026092713,5,20,1,hdbscan_standard,1.0,1.0,1.0,1.0,16,1.0,1.0,0,,,,1.0,16,1.0,0,0,1.0,1.0,1.0,1.0,16,0,,,,,,,,,,,,,,,,,,,
spherical_g16_d8_s3,1200,16,spherical,8,2026092713,5,50,1,hgp_first_coverage,1.0,1.0,1.0,1.0,16,1.0,1.0,0,,,,1.0,16,1.0,0,0,1.0,1.0,1.0,1.0,16,0,1.0,16,1.0,16,1.0,16,961,961,31,30,659,271,1200,0,569.858034,134.3504379983642,20.556316998408874,,
spherical_g16_d8_s3,1200,16,spherical,8,2026092713,5,50,1,hdbscan_common,1.0,1.0,1.0,1.0,16,1.0,1.0,0,,,,1.0,16,1.0,0,0,1.0,1.0,1.0,1.0,16,0,1.0,16,1.0,16,1.0,16,1199,1093,31,30,675,387,1200,0,,,24.034081998252077,True,True
spherical_g16_d8_s3,1200,16,spherical,8,2026092713,5,50,2,hgp_first_coverage,1.0,1.0,1.0,1.0,16,1.0,1.0,0,,,,1.0,16,1.0,0,0,1.0,1.0,1.0,1.0,16,0,1.0,16,1.0,16,1.0,16,961,961,31,30,659,271,1200,0,569.858034,134.3504379983642,20.967975000530714,,
spherical_g16_d8_s3,1200,16,spherical,8,2026092713,5,50,2,hdbscan_common,1.0,1.0,1.0,1.0,16,1.0,1.0,0,,,,1.0,16,1.0,0,0,1.0,1.0,1.0,1.0,16,0,1.0,16,1.0,16,1.0,16,1199,1093,31,30,675,387,1200,0,,,123.39488100042217,True,True
spherical_g16_d8_s3,1200,16,spherical,8,2026092713,5,50,1,hdbscan_standard,1.0,1.0,1.0,1.0,16,1.0,1.0,0,,,,1.0,16,1.0,0,0,1.0,1.0,1.0,1.0,16,0,,,,,,,,,,,,,,,,,,,
spherical_g16_d8_s3,1200,16,spherical,8,2026092713,5,100,1,hgp_first_coverage,0.2306352552937941,0.42569511025886864,0.37407506554102904,0.2306352552937941,3,0.5,0.6160699684103029,600,,,,1.0,0,0.0,-13,13,0.07291666666666666,0.1875,0.10416666666666666,0.25,0,16,1.0,16,0.3868272352647353,0,0.28869047619047616,0,961,961,5,4,946,10,1200,0,569.858034,134.3504379983642,21.260620997054502,,
spherical_g16_d8_s3,1200,16,spherical,8,2026092713,5,100,1,hdbscan_common,0.2534246575342466,0.5971755211835911,0.46519842778497894,0.2534246575342466,4,0.5,0.6666666666666666,600,,,,1.0,0,0.0,-12,12,0.125,0.25,0.16666666666666666,0.3333333333333333,0,16,1.0,16,0.4192135989010989,0,0.381547619047619,0,1199,1093,7,6,1078,8,1200,0,,,22.79743600229267,True,True
spherical_g16_d8_s3,1200,16,spherical,8,2026092713,5,100,2,hgp_first_coverage,0.2306352552937941,0.42569511025886864,0.37407506554102904,0.2306352552937941,3,0.5,0.6160699684103029,600,,,,1.0,0,0.0,-13,13,0.07291666666666666,0.1875,0.10416666666666666,0.25,0,16,1.0,16,0.3868272352647353,0,0.28869047619047616,0,961,961,5,4,946,10,1200,0,569.858034,134.3504379983642,19.91577399894595,,
spherical_g16_d8_s3,1200,16,spherical,8,2026092713,5,100,2,hdbscan_common,0.2534246575342466,0.5971755211835911,0.46519842778497894,0.2534246575342466,4,0.5,0.6666666666666666,600,,,,1.0,0,0.0,-12,12,0.125,0.25,0.16666666666666666,0.3333333333333333,0,16,1.0,16,0.4192135989010989,0,0.381547619047619,0,1199,1093,7,6,1078,8,1200,0,,,22.688513996399706,True,True
spherical_g16_d8_s3,1200,16,spherical,8,2026092713,5,100,1,hdbscan_standard,0.2534246575342466,0.5971755211835911,0.46519842778497894,0.2534246575342466,4,0.5,0.6666666666666666,600,,,,1.0,0,0.0,-12,12,0.125,0.25,0.16666666666666666,0.3333333333333333,0,16,,,,,,,,,,,,,,,,,,,
spherical_g16_d8_s3,1200,16,spherical,8,2026092713,10,10,1,hgp_first_coverage,1.0,1.0,1.0,1.0,16,1.0,1.0,0,,,,1.0,16,1.0,0,0,1.0,1.0,1.0,1.0,16,0,1.0,16,1.0,16,1.0,16,910,910,47,46,233,630,1200,0,2145.221152,394.69833800103515,21.08479300295585,,
spherical_g16_d8_s3,1200,16,spherical,8,2026092713,10,10,1,hdbscan_common,1.0,1.0,1.0,1.0,16,1.0,1.0,0,,,,1.0,16,1.0,0,0,1.0,1.0,1.0,1.0,16,0,1.0,16,1.0,16,1.0,16,1199,1163,31,30,119,1013,1200,0,,,24.33752800061484,True,True
spherical_g16_d8_s3,1200,16,spherical,8,2026092713,10,10,2,hgp_first_coverage,1.0,1.0,1.0,1.0,16,1.0,1.0,0,,,,1.0,16,1.0,0,0,1.0,1.0,1.0,1.0,16,0,1.0,16,1.0,16,1.0,16,910,910,47,46,233,630,1200,0,2145.221152,394.69833800103515,21.235254000202985,,
spherical_g16_d8_s3,1200,16,spherical,8,2026092713,10,10,2,hdbscan_common,1.0,1.0,1.0,1.0,16,1.0,1.0,0,,,,1.0,16,1.0,0,0,1.0,1.0,1.0,1.0,16,0,1.0,16,1.0,16,1.0,16,1199,1163,31,30,119,1013,1200,0,,,24.746770999627188,True,True
spherical_g16_d8_s3,1200,16,spherical,8,2026092713,10,10,1,hdbscan_standard,1.0,1.0,1.0,1.0,16,1.0,1.0,0,,,,1.0,16,1.0,0,0,1.0,1.0,1.0,1.0,16,0,,,,,,,,,,,,,,,,,,,
spherical_g16_d8_s3,1200,16,spherical,8,2026092713,10,20,1,hgp_first_coverage,1.0,1.0,1.0,1.0,16,1.0,1.0,0,,,,1.0,16,1.0,0,0,1.0,1.0,1.0,1.0,16,0,1.0,16,1.0,16,1.0,16,910,910,31,30,320,559,1200,0,2145.221152,394.69833800103515,21.05660999950487,,
spherical_g16_d8_s3,1200,16,spherical,8,2026092713,10,20,1,hdbscan_common,1.0,1.0,1.0,1.0,16,1.0,1.0,0,,,,1.0,16,1.0,0,0,1.0,1.0,1.0,1.0,16,0,1.0,16,1.0,16,1.0,16,1199,1163,31,30,267,865,1200,0,,,24.232962001406122,True,True
spherical_g16_d8_s3,1200,16,spherical,8,2026092713,10,20,2,hgp_first_coverage,1.0,1.0,1.0,1.0,16,1.0,1.0,0,,,,1.0,16,1.0,0,0,1.0,1.0,1.0,1.0,16,0,1.0,16,1.0,16,1.0,16,910,910,31,30,320,559,1200,0,2145.221152,394.69833800103515,20.227904999046586,,
spherical_g16_d8_s3,1200,16,spherical,8,2026092713,10,20,2,hdbscan_common,1.0,1.0,1.0,1.0,16,1.0,1.0,0,,,,1.0,16,1.0,0,0,1.0,1.0,1.0,1.0,16,0,1.0,16,1.0,16,1.0,16,1199,1163,31,30,267,865,1200,0,,,25.258113997551845,True,True
spherical_g16_d8_s3,1200,16,spherical,8,2026092713,10,20,1,hdbscan_standard,1.0,1.0,1.0,1.0,16,1.0,1.0,0,,,,1.0,16,1.0,0,0,1.0,1.0,1.0,1.0,16,0,,,,,,,,,,,,,,,,,,,
spherical_g16_d8_s3,1200,16,spherical,8,2026092713,10,50,1,hgp_first_coverage,1.0,1.0,1.0,1.0,16,1.0,1.0,0,,,,1.0,16,1.0,0,0,1.0,1.0,1.0,1.0,16,0,1.0,16,1.0,16,1.0,16,910,910,31,30,555,324,1200,0,2145.221152,394.69833800103515,20.719170999655034,,
spherical_g16_d8_s3,1200,16,spherical,8,2026092713,10,50,1,hdbscan_common,1.0,1.0,1.0,1.0,16,1.0,1.0,0,,,,1.0,16,1.0,0,0,1.0,1.0,1.0,1.0,16,0,1.0,16,1.0,16,1.0,16,1199,1163,31,30,733,399,1200,0,,,24.171458000637358,True,True
spherical_g16_d8_s3,1200,16,spherical,8,2026092713,10,50,2,hgp_first_coverage,1.0,1.0,1.0,1.0,16,1.0,1.0,0,,,,1.0,16,1.0,0,0,1.0,1.0,1.0,1.0,16,0,1.0,16,1.0,16,1.0,16,910,910,31,30,555,324,1200,0,2145.221152,394.69833800103515,21.125719002156984,,
spherical_g16_d8_s3,1200,16,spherical,8,2026092713,10,50,2,hdbscan_common,1.0,1.0,1.0,1.0,16,1.0,1.0,0,,,,1.0,16,1.0,0,0,1.0,1.0,1.0,1.0,16,0,1.0,16,1.0,16,1.0,16,1199,1163,31,30,733,399,1200,0,,,24.736060997383902,True,True
spherical_g16_d8_s3,1200,16,spherical,8,2026092713,10,50,1,hdbscan_standard,1.0,1.0,1.0,1.0,16,1.0,1.0,0,,,,1.0,16,1.0,0,0,1.0,1.0,1.0,1.0,16,0,,,,,,,,,,,,,,,,,,,
spherical_g16_d8_s3,1200,16,spherical,8,2026092713,10,100,1,hgp_first_coverage,0.17573901631148053,0.09830212960272323,0.15085964291823886,0.17573901631148053,2,0.625,0.5200639724731482,450,,,,1.0,0,0.0,-14,14,0.0390625,0.125,0.05555555555555555,0.15384615384615385,0,16,1.0,16,0.36331082112332114,0,0.3055555555555556,0,910,910,5,4,895,10,1200,0,2145.221152,394.69833800103515,19.92098299888312,,
spherical_g16_d8_s3,1200,16,spherical,8,2026092713,10,100,1,hdbscan_common,0.2534246575342466,0.5971755211835911,0.46519842778497894,0.2534246575342466,4,0.5,0.6666666666666666,600,,,,1.0,0,0.0,-12,12,0.125,0.25,0.16666666666666666,0.3333333333333333,0,16,1.0,16,0.4192135989010989,0,0.381547619047619,0,1199,1163,7,6,1148,8,1200,0,,,23.620570998900803,True,True
spherical_g16_d8_s3,1200,16,spherical,8,2026092713,10,100,2,hgp_first_coverage,0.17573901631148053,0.09830212960272323,0.15085964291823886,0.17573901631148053,2,0.625,0.5200639724731482,450,,,,1.0,0,0.0,-14,14,0.0390625,0.125,0.05555555555555555,0.15384615384615385,0,16,1.0,16,0.36331082112332114,0,0.3055555555555556,0,910,910,5,4,895,10,1200,0,2145.221152,394.69833800103515,20.078166002349462,,
spherical_g16_d8_s3,1200,16,spherical,8,2026092713,10,100,2,hdbscan_common,0.2534246575342466,0.5971755211835911,0.46519842778497894,0.2534246575342466,4,0.5,0.6666666666666666,600,,,,1.0,0,0.0,-12,12,0.125,0.25,0.16666666666666666,0.3333333333333333,0,16,1.0,16,0.4192135989010989,0,0.381547619047619,0,1199,1163,7,6,1148,8,1200,0,,,25.407401997654233,True,True
spherical_g16_d8_s3,1200,16,spherical,8,2026092713,10,100,1,hdbscan_standard,0.2534246575342466,0.5971755211835911,0.46519842778497894,0.2534246575342466,4,0.5,0.6666666666666666,600,,,,1.0,0,0.0,-12,12,0.125,0.25,0.16666666666666666,0.3333333333333333,0,16,,,,,,,,,,,,,,,,,,,
spherical_g16_d4_s1,1200,16,spherical,4,2026092711,5,10,1,hgp_first_coverage,0.6457274652915312,0.7948627971981831,0.7035699109009077,0.6457274652915312,17,0.8841666666666667,0.7978518789280753,139,,,,0.7422040736469374,2,0.125,1,1,0.787775715554604,0.7275,0.7353973609427803,0.7722246793454224,16,0,0.8558280882985733,2,0.8558280882985733,2,0.8491707593329859,2,965,965,53,52,375,537,1200,0,590.663098,122.5309909968928,21.277651998389047,,
spherical_g16_d4_s1,1200,16,spherical,4,2026092711,5,10,1,hdbscan_common,0.0377832745220529,0.03795774646996876,0.037808669095277005,0.0377832745220529,3,0.9775,0.27719965159220245,27,,,,0.507959101709965,1,0.0625,-13,13,0.1295687134502924,0.185,0.13223947617194015,0.18710493046776233,16,0,0.7477037700774861,1,0.7477037700774861,1,0.746715082765622,1,1199,1051,29,28,181,841,1200,0,,,24.112416998832487,True,True
spherical_g16_d4_s1,1200,16,spherical,4,2026092711,5,10,2,hgp_first_coverage,0.6247829806649458,0.84608329872123,0.7184956436270633,0.6247829806649458,19,0.8541666666666666,0.7977414539837638,175,,,,0.7422040736469374,2,0.125,3,3,0.8742407262383647,0.74,0.7800963282027231,0.7982022471910112,16,0,0.8558280882985733,2,0.8558280882985733,2,0.8491707593329859,2,965,965,53,52,375,537,1200,0,590.663098,122.5309909968928,21.97077500022715,,
spherical_g16_d4_s1,1200,16,spherical,4,2026092711,5,10,2,hdbscan_common,0.31113987131989945,0.9014892664773563,0.5859188717296404,0.31113987131989945,15,0.6816666666666666,0.6916074417906835,382,,,,0.507959101709965,1,0.0625,-1,1,0.8747838293212461,0.6308333333333334,0.7220144839632268,0.7502477700693756,16,0,0.7477037700774861,1,0.7477037700774861,1,0.746715082765622,1,1199,1051,29,28,181,841,1200,0,,,24.291581998113543,True,True
spherical_g16_d4_s1,1200,16,spherical,4,2026092711,5,10,1,hdbscan_standard,0.0377832745220529,0.03795774646996876,0.037808669095277005,0.0377832745220529,3,0.9775,0.27719965159220245,27,,,,0.507959101709965,1,0.0625,-13,13,0.1295687134502924,0.185,0.13223947617194015,0.18710493046776233,16,0,,,,,,,,,,,,,,,,,,,
spherical_g16_d4_s1,1200,16,spherical,4,2026092711,5,20,1,hgp_first_coverage,0.6807734694402008,0.8142012282856039,0.7305784231430338,0.6807734694402008,14,0.8958333333333334,0.8122295375832598,125,,,,0.7422040736469374,2,0.125,-2,2,0.7871420874269077,0.7683333333333333,0.7686646359433063,0.8105494505494506,16,0,0.8558280882985733,2,0.8558280882985733,2,0.8491707593329859,2,965,965,33,32,483,449,1200,0,590.663098,122.5309909968928,23.64612900055363,,
spherical_g16_d4_s1,1200,16,spherical,4,2026092711,5,20,1,hdbscan_common,0.0377832745220529,0.03795774646996876,0.037808669095277005,0.0377832745220529,3,0.9775,0.27719965159220245,27,,,,0.507959101709965,1,0.0625,-13,13,0.1295687134502924,0.185,0.13223947617194015,0.18710493046776233,16,0,0.7477037700774861,1,0.7477037700774861,1,0.746715082765622,1,1199,1051,29,28,270,752,1200,0,,,24.176848000934115,True,True
spherical_g16_d4_s1,1200,16,spherical,4,2026092711,5,20,2,hgp_first_coverage,0.6807734694402008,0.8142012282856039,0.7305784231430338,0.6807734694402008,14,0.8958333333333334,0.8122295375832598,125,,,,0.7422040736469374,2,0.125,-2,2,0.7871420874269077,0.7683333333333333,0.7686646359433063,0.8105494505494506,16,0,0.8558280882985733,2,0.8558280882985733,2,0.8491707593329859,2,965,965,33,32,483,449,1200,0,590.663098,122.5309909968928,21.33071099888184,,
spherical_g16_d4_s1,1200,16,spherical,4,2026092711,5,20,2,hdbscan_common,0.34701484505367974,0.7761543418169888,0.560072536942465,0.34701484505367974,13,0.72,0.6927048301542202,336,,,,0.507959101709965,1,0.0625,-3,3,0.7400941630497564,0.5983333333333334,0.6464863366320612,0.6957364341085271,16,0,0.7477037700774861,1,0.7477037700774861,1,0.746715082765622,1,1199,1051,29,28,270,752,1200,0,,,28.01761000227998,True,True
spherical_g16_d4_s1,1200,16,spherical,4,2026092711,5,20,1,hdbscan_standard,0.0377832745220529,0.03795774646996876,0.037808669095277005,0.0377832745220529,3,0.9775,0.27719965159220245,27,,,,0.507959101709965,1,0.0625,-13,13,0.1295687134502924,0.185,0.13223947617194015,0.18710493046776233,16,0,,,,,,,,,,,,,,,,,,,
spherical_g16_d4_s1,1200,16,spherical,4,2026092711,5,50,1,hgp_first_coverage,0.6824312993634938,0.7756328102324905,0.7135354897973063,0.6824312993634938,13,0.9141666666666667,0.816268631130497,103,,,,0.7422040736469374,2,0.125,-3,3,0.7014486142334345,0.7333333333333334,0.7054607339828164,0.7662168045276447,16,0,0.8558280882985733,2,0.8443889704579517,2,0.8344197480398817,2,965,965,27,26,675,263,1200,0,590.663098,122.5309909968928,20.95144499980961,,
spherical_g16_d4_s1,1200,16,spherical,4,2026092711,5,50,1,hdbscan_common,0.0377832745220529,0.03795774646996876,0.037808669095277005,0.0377832745220529,3,0.9775,0.27719965159220245,27,,,,0.507959101709965,1,0.0625,-13,13,0.1295687134502924,0.185,0.13223947617194015,0.18710493046776233,16,0,0.7477037700774861,1,0.6455042922135479,1,0.6083398483879632,1,1199,1051,17,16,585,449,1200,0,,,23.641268999199383,True,True
spherical_g16_d4_s1,1200,16,spherical,4,2026092711,5,50,2,hgp_first_coverage,0.6824312993634938,0.7756328102324905,0.7135354897973063,0.6824312993634938,13,0.9141666666666667,0.816268631130497,103,,,,0.7422040736469374,2,0.125,-3,3,0.7014486142334345,0.7333333333333334,0.7054607339828164,0.7662168045276447,16,0,0.8558280882985733,2,0.8443889704579517,2,0.8344197480398817,2,965,965,27,26,675,263,1200,0,590.663098,122.5309909968928,22.851386998809176,,
spherical_g16_d4_s1,1200,16,spherical,4,2026092711,5,50,2,hdbscan_common,0.0377832745220529,0.03795774646996876,0.037808669095277005,0.0377832745220529,3,0.9775,0.27719965159220245,27,,,,0.507959101709965,1,0.0625,-13,13,0.1295687134502924,0.185,0.13223947617194015,0.18710493046776233,16,0,0.7477037700774861,1,0.6455042922135479,1,0.6083398483879632,1,1199,1051,17,16,585,449,1200,0,,,23.50920400203904,True,True
spherical_g16_d4_s1,1200,16,spherical,4,2026092711,5,50,1,hdbscan_standard,0.0377832745220529,0.03795774646996876,0.037808669095277005,0.0377832745220529,3,0.9775,0.27719965159220245,27,,,,0.507959101709965,1,0.0625,-13,13,0.1295687134502924,0.185,0.13223947617194015,0.18710493046776233,16,0,,,,,,,,,,,,,,,,,,,
spherical_g16_d4_s1,1200,16,spherical,4,2026092711,5,100,1,hgp_first_coverage,0.2238952617122404,0.1982855111406376,0.21012561086004958,0.2238952617122404,3,0.7058333333333333,0.528133230860841,353,,,,0.7422040736469374,0,0.0,-13,13,0.06168891167974701,0.17916666666666667,0.08817768436531023,0.21006350757205666,0,16,0.8558280882985733,2,0.3979297111635449,0,0.27668202378288526,0,965,965,5,4,839,121,1200,0,590.663098,122.5309909968928,20.151071999862324,,
spherical_g16_d4_s1,1200,16,spherical,4,2026092711,5,100,1,hdbscan_common,0.14563873654099874,0.2941483570322663,0.23746465672530595,0.14563873654099874,4,0.5683333333333334,0.43238100094837445,518,,,,0.507959101709965,0,0.0,-12,12,0.10195003507790204,0.19083333333333335,0.1283229254472572,0.24335812964930925,0,16,0.7477037700774861,1,0.3947426314596206,0,0.3285644771326413,0,1199,1051,7,6,698,346,1200,0,,,23.149813001509756,False,True
spherical_g16_d4_s1,1200,16,spherical,4,2026092711,5,100,2,hgp_first_coverage,0.2238952617122404,0.1982855111406376,0.21012561086004958,0.2238952617122404,3,0.7058333333333333,0.528133230860841,353,,,,0.7422040736469374,0,0.0,-13,13,0.06168891167974701,0.17916666666666667,0.08817768436531023,0.21006350757205666,0,16,0.8558280882985733,2,0.3979297111635449,0,0.27668202378288526,0,965,965,5,4,839,121,1200,0,590.663098,122.5309909968928,23.388427998725092,,
spherical_g16_d4_s1,1200,16,spherical,4,2026092711,5,100,2,hdbscan_common,0.14563873654099874,0.2941483570322663,0.23746465672530595,0.14563873654099874,4,0.5683333333333334,0.43238100094837445,518,,,,0.507959101709965,0,0.0,-12,12,0.10195003507790204,0.19083333333333335,0.1283229254472572,0.24335812964930925,0,16,0.7477037700774861,1,0.3947426314596206,0,0.3285644771326413,0,1199,1051,7,6,698,346,1200,0,,,23.96303899877239,False,True
spherical_g16_d4_s1,1200,16,spherical,4,2026092711,5,100,1,hdbscan_standard,0.1461573014466041,0.29364389745343056,0.23746075329352948,0.1461573014466041,4,0.5691666666666667,0.4329348799602616,517,,,,0.507959101709965,0,0.0,-12,12,0.10191507199891346,0.19083333333333335,0.12827663086557506,0.24322889006903878,0,16,,,,,,,,,,,,,,,,,,,
spherical_g16_d4_s1,1200,16,spherical,4,2026092711,10,10,1,hgp_first_coverage,0.7283043597598104,0.9002382104447604,0.7921476637456539,0.7283043597598104,17,0.8816666666666667,0.8385375666091359,142,,,,0.795475944275626,2,0.125,1,1,0.9522042654347642,0.8183333333333334,0.8562370709660131,0.8697962798937112,16,0,0.8941322072036192,2,0.8941322072036192,2,0.8908571181766101,2,917,917,57,56,251,609,1200,0,2658.564987,588.424864999979,21.21100799922715,,
spherical_g16_d4_s1,1200,16,spherical,4,2026092711,10,10,1,hdbscan_common,0.016726783025332516,0.01673510466440588,0.016721692742446736,0.016726783025332516,2,0.9925,0.1542990073989648,9,,,,0.39115602674502764,0,0.0,-14,14,0.06668900804289545,0.1225,0.06907624858988821,0.12296110414052698,16,0,0.6456788947965642,0,0.6456788947965642,0,0.6408886716085975,0,1199,1133,29,28,112,992,1200,0,,,26.49093299987726,False,True
spherical_g16_d4_s1,1200,16,spherical,4,2026092711,10,10,2,hgp_first_coverage,0.7283043597598104,0.9002382104447604,0.7921476637456539,0.7283043597598104,17,0.8816666666666667,0.8385375666091359,142,,,,0.795475944275626,2,0.125,1,1,0.9522042654347642,0.8183333333333334,0.8562370709660131,0.8697962798937112,16,0,0.8941322072036192,2,0.8941322072036192,2,0.8908571181766101,2,917,917,57,56,251,609,1200,0,2658.564987,588.424864999979,21.181163003348047,,
spherical_g16_d4_s1,1200,16,spherical,4,2026092711,10,10,2,hdbscan_common,0.016726783025332516,0.01673510466440588,0.016721692742446736,0.016726783025332516,2,0.9925,0.1542990073989648,9,,,,0.39115602674502764,0,0.0,-14,14,0.06668900804289545,0.1225,0.06907624858988821,0.12296110414052698,16,0,0.6456788947965642,0,0.6456788947965642,0,0.6408886716085975,0,1199,1133,29,28,112,992,1200,0,,,24.466688999382313,False,True
spherical_g16_d4_s1,1200,16,spherical,4,2026092711,10,10,1,hdbscan_standard,0.016947209084461404,0.016963019332658147,0.01694699423558093,0.016947209084461404,2,0.9933333333333333,0.155063638197088,8,,,,0.39115602674502764,0,0.0,-14,14,0.06668900804289545,0.12333333333333334,0.06950716419937525,0.12374581939799331,16,0,,,,,,,,,,,,,,,,,,,
spherical_g16_d4_s1,1200,16,spherical,4,2026092711,10,20,1,hgp_first_coverage,0.7514362372818998,0.8691701572040494,0.7906843210889729,0.7514362372818998,16,0.9116666666666666,0.8489073462946706,106,,,,0.795475944275626,2,0.125,0,0,0.8777318810611674,0.8175,0.8360017590014215,0.8552746294681779,16,0,0.8941322072036192,2,0.8941322072036192,2,0.8853276885649596,2,917,917,33,32,381,503,1200,0,2658.564987,588.424864999979,20.97487699938938,,
spherical_g16_d4_s1,1200,16,spherical,4,2026092711,10,20,1,hdbscan_common,0.016726783025332516,0.01673510466440588,0.016721692742446736,0.016726783025332516,2,0.9925,0.1542990073989648,9,,,,0.39115602674502764,0,0.0,-14,14,0.06668900804289545,0.1225,0.06907624858988821,0.12296110414052698,16,0,0.6456788947965642,0,0.6456788947965642,0,0.638746206230838,0,1199,1133,25,24,241,867,1200,0,,,24.276323998492444,False,True
spherical_g16_d4_s1,1200,16,spherical,4,2026092711,10,20,2,hgp_first_coverage,0.7514362372818998,0.8691701572040494,0.7906843210889729,0.7514362372818998,16,0.9116666666666666,0.8489073462946706,106,,,,0.795475944275626,2,0.125,0,0,0.8777318810611674,0.8175,0.8360017590014215,0.8552746294681779,16,0,0.8941322072036192,2,0.8941322072036192,2,0.8853276885649596,2,917,917,33,32,381,503,1200,0,2658.564987,588.424864999979,20.65917900108616,,
spherical_g16_d4_s1,1200,16,spherical,4,2026092711,10,20,2,hdbscan_common,0.016726783025332516,0.01673510466440588,0.016721692742446736,0.016726783025332516,2,0.9925,0.1542990073989648,9,,,,0.39115602674502764,0,0.0,-14,14,0.06668900804289545,0.1225,0.06907624858988821,0.12296110414052698,16,0,0.6456788947965642,0,0.6456788947965642,0,0.638746206230838,0,1199,1133,25,24,241,867,1200,0,,,24.22439699876122,False,True
spherical_g16_d4_s1,1200,16,spherical,4,2026092711,10,20,1,hdbscan_standard,0.016947209084461404,0.016963019332658147,0.01694699423558093,0.016947209084461404,2,0.9933333333333333,0.155063638197088,8,,,,0.39115602674502764,0,0.0,-14,14,0.06668900804289545,0.12333333333333334,0.06950716419937525,0.12374581939799331,16,0,,,,,,,,,,,,,,,,,,,
spherical_g16_d4_s1,1200,16,spherical,4,2026092711,10,50,1,hgp_first_coverage,0.7655341627227394,0.8802401482979328,0.8033854965849822,0.7655341627227394,15,0.9141666666666667,0.8549631844405615,103,,,,0.795475944275626,2,0.125,-1,1,0.8777318810611674,0.8366666666666667,0.8507403099241829,0.8741837178929038,16,0,0.8941322072036192,2,0.8941322072036192,2,0.8853276885649596,2,917,917,29,28,587,301,1200,0,2658.564987,588.424864999979,20.504190000792732,,
spherical_g16_d4_s1,1200,16,spherical,4,2026092711,10,50,1,hdbscan_common,0.016726783025332516,0.01673510466440588,0.016721692742446736,0.016726783025332516,2,0.9925,0.1542990073989648,9,,,,0.39115602674502764,0,0.0,-14,14,0.06668900804289545,0.1225,0.06907624858988821,0.12296110414052698,16,0,0.6456788947965642,0,0.48592539560197223,0,0.4422958717438849,0,1199,1133,11,10,517,605,1200,0,,,25.080071998672793,False,True
spherical_g16_d4_s1,1200,16,spherical,4,2026092711,10,50,2,hgp_first_coverage,0.7655341627227394,0.8802401482979328,0.8033854965849822,0.7655341627227394,15,0.9141666666666667,0.8549631844405615,103,,,,0.795475944275626,2,0.125,-1,1,0.8777318810611674,0.8366666666666667,0.8507403099241829,0.8741837178929038,16,0,0.8941322072036192,2,0.8941322072036192,2,0.8853276885649596,2,917,917,29,28,587,301,1200,0,2658.564987,588.424864999979,19.969524000771344,,
spherical_g16_d4_s1,1200,16,spherical,4,2026092711,10,50,2,hdbscan_common,0.016726783025332516,0.01673510466440588,0.016721692742446736,0.016726783025332516,2,0.9925,0.1542990073989648,9,,,,0.39115602674502764,0,0.0,-14,14,0.06668900804289545,0.1225,0.06907624858988821,0.12296110414052698,16,0,0.6456788947965642,0,0.48592539560197223,0,0.4422958717438849,0,1199,1133,11,10,517,605,1200,0,,,23.57357300206786,False,True
spherical_g16_d4_s1,1200,16,spherical,4,2026092711,10,50,1,hdbscan_standard,0.016947209084461404,0.016963019332658147,0.01694699423558093,0.016947209084461404,2,0.9933333333333333,0.155063638197088,8,,,,0.39115602674502764,0,0.0,-14,14,0.06668900804289545,0.12333333333333334,0.06950716419937525,0.12374581939799331,16,0,,,,,,,,,,,,,,,,,,,
spherical_g16_d4_s1,1200,16,spherical,4,2026092711,10,100,1,hgp_first_coverage,0.25755551836871016,0.241184168493626,0.2464359400534853,0.25755551836871016,3,0.715,0.5540232212723583,342,,,,0.795475944275626,0,0.0,-13,13,0.05357908123511209,0.18333333333333335,0.08159854142008502,0.21379980563654033,0,16,0.8941322072036192,2,0.4180001996363231,0,0.2849268639090751,0,917,917,5,4,810,102,1200,0,2658.564987,588.424864999979,19.98276800077292,,
spherical_g16_d4_s1,1200,16,spherical,4,2026092711,10,100,1,hdbscan_common,0.08334064458372055,0.16127942011817753,0.1450187370357946,0.08334064458372055,2,0.47583333333333333,0.27816218194035336,629,,,,0.39115602674502764,0,0.0,-14,14,0.023884547322047322,0.09083333333333332,0.03776942239551904,0.12309429700734048,0,16,0.6456788947965642,0,0.2926754593589813,0,0.19631183369694719,0,1199,1133,3,2,623,507,1200,0,,,24.01344300233177,False,True
spherical_g16_d4_s1,1200,16,spherical,4,2026092711,10,100,2,hgp_first_coverage,0.25755551836871016,0.241184168493626,0.2464359400534853,0.25755551836871016,3,0.715,0.5540232212723583,342,,,,0.795475944275626,0,0.0,-13,13,0.05357908123511209,0.18333333333333335,0.08159854142008502,0.21379980563654033,0,16,0.8941322072036192,2,0.4180001996363231,0,0.2849268639090751,0,917,917,5,4,810,102,1200,0,2658.564987,588.424864999979,19.995140999526484,,
spherical_g16_d4_s1,1200,16,spherical,4,2026092711,10,100,2,hdbscan_common,0.08334064458372055,0.16127942011817753,0.1450187370357946,0.08334064458372055,2,0.47583333333333333,0.27816218194035336,629,,,,0.39115602674502764,0,0.0,-14,14,0.023884547322047322,0.09083333333333332,0.03776942239551904,0.12309429700734048,0,16,0.6456788947965642,0,0.2926754593589813,0,0.19631183369694719,0,1199,1133,3,2,623,507,1200,0,,,23.371586998109706,False,True
spherical_g16_d4_s1,1200,16,spherical,4,2026092711,10,100,1,hdbscan_standard,0.08376301046021077,0.1612175194643478,0.14522328249012026,0.08376301046021077,2,0.4766666666666667,0.2788103874587551,628,,,,0.39115602674502764,0,0.0,-14,14,0.023846787225381475,0.09083333333333332,0.037720306809062285,0.12302483069977427,0,16,,,,,,,,,,,,,,,,,,,
spherical_g16_d4_s2,1200,16,spherical,4,2026092712,5,10,1,hgp_first_coverage,0.6518812809009857,0.8939048933908448,0.7532617126204729,0.6518812809009857,21,0.8575,0.8122146970027534,171,,,,0.7739646737859004,1,0.0625,5,5,0.9691359651593465,0.7716666666666667,0.8420511298430458,0.8308658591296546,16,0,0.8997804456335665,1,0.8997804456335665,1,0.8993666509664161,1,949,949,63,62,407,479,1200,0,591.392689,123.85878600252909,21.491411000170046,,
spherical_g16_d4_s2,1200,16,spherical,4,2026092712,5,10,1,hdbscan_common,0.2813770534261518,0.9518023117804408,0.5820112323584419,0.2813770534261518,16,0.6558333333333334,0.6893787707609355,413,,,,0.5099596347765535,1,0.0625,0,0,0.9668726646246466,0.6375,0.7563491773464784,0.7700050327126321,16,0,0.7571274230890165,1,0.7571274230890165,1,0.7563491773464784,1,1199,1024,35,34,169,820,1200,0,,,24.29144199777511,False,True
spherical_g16_d4_s2,1200,16,spherical,4,2026092712,5,10,2,hgp_first_coverage,0.6518812809009857,0.8939048933908448,0.7532617126204729,0.6518812809009857,21,0.8575,0.8122146970027534,171,,,,0.7739646737859004,1,0.0625,5,5,0.9691359651593465,0.7716666666666667,0.8420511298430458,0.8308658591296546,16,0,0.8997804456335665,1,0.8997804456335665,1,0.8993666509664161,1,949,949,63,62,407,479,1200,0,591.392689,123.85878600252909,34.8161039983097,,
spherical_g16_d4_s2,1200,16,spherical,4,2026092712,5,10,2,hdbscan_common,0.2813770534261518,0.9518023117804408,0.5820112323584419,0.2813770534261518,16,0.6558333333333334,0.6893787707609355,413,,,,0.5099596347765535,1,0.0625,0,0,0.9668726646246466,0.6375,0.7563491773464784,0.7700050327126321,16,0,0.7571274230890165,1,0.7571274230890165,1,0.7563491773464784,1,1199,1024,35,34,169,820,1200,0,,,24.798837999696843,False,True
spherical_g16_d4_s2,1200,16,spherical,4,2026092712,5,10,1,hdbscan_standard,0.2879981610402362,0.9431944761095558,0.5836194325720903,0.2879981610402362,16,0.6616666666666666,0.689942557232332,406,,,,0.5099596347765535,1,0.0625,0,0,0.9615438054747113,0.64,0.756722706236616,0.7703109327983951,16,0,,,,,,,,,,,,,,,,,,,
spherical_g16_d4_s2,1200,16,spherical,4,2026092712,5,20,1,hgp_first_coverage,0.7410643081518797,0.9154092982860761,0.8072509257568867,0.7410643081518797,16,0.89,0.8431148853929182,132,,,,0.7739646737859004,1,0.0625,0,0,0.9572432622739966,0.8525,0.8993666509664161,0.9021164021164021,16,0,0.8997804456335665,1,0.8997804456335665,1,0.8993666509664161,1,949,949,35,34,500,414,1200,0,591.392689,123.85878600252909,21.202551997703267,,
spherical_g16_d4_s2,1200,16,spherical,4,2026092712,5,20,1,hdbscan_common,0.2813770534261518,0.9518023117804408,0.5820112323584419,0.2813770534261518,16,0.6558333333333334,0.6893787707609355,413,,,,0.5099596347765535,1,0.0625,0,0,0.9668726646246466,0.6375,0.7563491773464784,0.7700050327126321,16,0,0.7571274230890165,1,0.7571274230890165,1,0.7563491773464784,1,1199,1024,31,30,267,726,1200,0,,,24.44037000168464,False,True
spherical_g16_d4_s2,1200,16,spherical,4,2026092712,5,20,2,hgp_first_coverage,0.7410643081518797,0.9154092982860761,0.8072509257568867,0.7410643081518797,16,0.89,0.8431148853929182,132,,,,0.7739646737859004,1,0.0625,0,0,0.9572432622739966,0.8525,0.8993666509664161,0.9021164021164021,16,0,0.8997804456335665,1,0.8997804456335665,1,0.8993666509664161,1,949,949,35,34,500,414,1200,0,591.392689,123.85878600252909,20.74315500067314,,
spherical_g16_d4_s2,1200,16,spherical,4,2026092712,5,20,2,hdbscan_common,0.2813770534261518,0.9518023117804408,0.5820112323584419,0.2813770534261518,16,0.6558333333333334,0.6893787707609355,413,,,,0.5099596347765535,1,0.0625,0,0,0.9668726646246466,0.6375,0.7563491773464784,0.7700050327126321,16,0,0.7571274230890165,1,0.7571274230890165,1,0.7563491773464784,1,1199,1024,31,30,267,726,1200,0,,,24.027458999626106,False,True
spherical_g16_d4_s2,1200,16,spherical,4,2026092712,5,20,1,hdbscan_standard,0.2879981610402362,0.9431944761095558,0.5836194325720903,0.2879981610402362,16,0.6616666666666666,0.689942557232332,406,,,,0.5099596347765535,1,0.0625,0,0,0.9615438054747113,0.64,0.756722706236616,0.7703109327983951,16,0,,,,,,,,,,,,,,,,,,,
spherical_g16_d4_s2,1200,16,spherical,4,2026092712,5,50,1,hgp_first_coverage,0.017328181711743357,0.017328181711743357,0.017328181711743357,0.017328181711743357,2,1.0,0.1555303248971274,0,,,,0.7739646737859004,1,0.0625,-14,14,0.06666666666666667,0.125,0.0703125,0.125,16,0,0.8997804456335665,1,0.8997804456335665,1,0.8993666509664161,1,949,949,31,30,662,256,1200,0,591.392689,123.85878600252909,20.94927000143798,,
spherical_g16_d4_s2,1200,16,spherical,4,2026092712,5,50,1,hdbscan_common,0.0174171830343714,0.017434753612731082,0.017418719271234707,0.0174171830343714,2,0.9941666666666666,0.15742176248378323,7,,,,0.5099596347765535,1,0.0625,-14,14,0.06669275491949911,0.125,0.07035834031852473,0.12536564981195153,16,0,0.7571274230890165,1,0.6100540214901202,1,0.5820458480728593,1,1199,1024,17,16,549,458,1200,0,,,23.385021999274613,True,True
spherical_g16_d4_s2,1200,16,spherical,4,2026092712,5,50,2,hgp_first_coverage,0.6765270288644537,0.7639325805661874,0.7048672275390279,0.6765270288644537,14,0.9141666666666667,0.8364261389767774,103,,,,0.7739646737859004,1,0.0625,-2,2,0.8024284549882591,0.7691666666666667,0.7722030634534155,0.803656943839791,16,0,0.8997804456335665,1,0.8997804456335665,1,0.8993666509664161,1,949,949,31,30,662,256,1200,0,591.392689,123.85878600252909,20.762632000696613,,
spherical_g16_d4_s2,1200,16,spherical,4,2026092712,5,50,2,hdbscan_common,0.24903912664439362,0.32603510978431977,0.29037075366754245,0.24903912664439362,7,0.7916666666666666,0.5687148558006808,250,,,,0.5099596347765535,1,0.0625,-9,9,0.3366089740624229,0.3783333333333333,0.3306637412729657,0.4223255813953488,16,0,0.7571274230890165,1,0.6100540214901202,1,0.5820458480728593,1,1199,1024,17,16,549,458,1200,0,,,23.552293998363893,True,True
spherical_g16_d4_s2,1200,16,spherical,4,2026092712,5,50,1,hdbscan_standard,0.0174171830343714,0.017434753612731082,0.017418719271234707,0.0174171830343714,2,0.9941666666666666,0.15742176248378323,7,,,,0.5099596347765535,1,0.0625,-14,14,0.06669275491949911,0.125,0.07035834031852473,0.12536564981195153,16,0,,,,,,,,,,,,,,,,,,,
spherical_g16_d4_s2,1200,16,spherical,4,2026092712,5,100,1,hgp_first_coverage,0.17863024740919484,0.13065403082162938,0.1538797210107893,0.17863024740919484,2,0.715,0.46164690297423683,342,,,,0.7739646737859004,0,0.0,-14,14,0.024432577481891905,0.12416666666666668,0.04021667550416503,0.14480077745383868,0,16,0.8997804456335665,1,0.41684977252819566,0,0.28738992517961837,0,949,949,5,4,834,110,1200,0,591.392689,123.85878600252909,20.302413999161217,,
spherical_g16_d4_s2,1200,16,spherical,4,2026092712,5,100,1,hdbscan_common,0.12972161773192853,0.13126510402968186,0.14387252677761933,0.12972161773192853,2,0.5991666666666666,0.3507978244931608,481,,,,0.5099596347765535,0,0.0,-14,14,0.026562964062964062,0.11249999999999999,0.04221949916105454,0.14069828035435122,0,16,0.7571274230890165,1,0.3178377431681532,0,0.2023374112211828,0,1199,1024,3,2,655,366,1200,0,,,23.13425499960431,False,True
spherical_g16_d4_s2,1200,16,spherical,4,2026092712,5,100,2,hgp_first_coverage,0.17863024740919484,0.13065403082162938,0.1538797210107893,0.17863024740919484,2,0.715,0.46164690297423683,342,,,,0.7739646737859004,0,0.0,-14,14,0.024432577481891905,0.12416666666666668,0.04021667550416503,0.14480077745383868,0,16,0.8997804456335665,1,0.41684977252819566,0,0.28738992517961837,0,949,949,5,4,834,110,1200,0,591.392689,123.85878600252909,19.944927000324242,,
spherical_g16_d4_s2,1200,16,spherical,4,2026092712,5,100,2,hdbscan_common,0.12972161773192853,0.13126510402968186,0.14387252677761933,0.12972161773192853,2,0.5991666666666666,0.3507978244931608,481,,,,0.5099596347765535,0,0.0,-14,14,0.026562964062964062,0.11249999999999999,0.04221949916105454,0.14069828035435122,0,16,0.7571274230890165,1,0.3178377431681532,0,0.2023374112211828,0,1199,1024,3,2,655,366,1200,0,,,23.972406997927465,False,True
spherical_g16_d4_s2,1200,16,spherical,4,2026092712,5,100,1,hdbscan_standard,0.13006696429476539,0.1311118397358287,0.1438723312700756,0.13006696429476539,2,0.6,0.3514505175830264,480,,,,0.5099596347765535,0,0.0,-14,14,0.02654490219324244,0.11249999999999999,0.04219245616349568,0.140625,0,16,,,,,,,,,,,,,,,,,,,
spherical_g16_d4_s2,1200,16,spherical,4,2026092712,10,10,1,hgp_first_coverage,0.7874758941193116,0.8954933637717534,0.8196002609770642,0.7874758941193116,18,0.9191666666666667,0.8582820599116392,97,,,,0.8352969506346566,1,0.0625,2,2,0.956177036831986,0.855,0.8928891947955915,0.8910117238384716,16,0,0.9242627998233398,1,0.9242627998233398,1,0.9226196058371608,1,891,891,53,52,217,621,1200,0,2581.268715,869.2534330002673,21.52457299962407,,
spherical_g16_d4_s2,1200,16,spherical,4,2026092712,10,10,1,hdbscan_common,0.06183004215403183,0.06382416636120922,0.06258910441760472,0.06183004215403183,4,0.8791666666666667,0.3377286867090917,145,,,,0.41907339980286124,0,0.0,-12,12,0.19276932084309134,0.22749999999999998,0.1862462461693547,0.24212860310421286,16,0,0.6766779765508718,0,0.6766779765508718,0,0.6755431446179405,0,1199,1128,31,30,119,978,1200,0,,,25.35615699889604,False,True
spherical_g16_d4_s2,1200,16,spherical,4,2026092712,10,10,2,hgp_first_coverage,0.7874758941193116,0.8954933637717534,0.8196002609770642,0.7874758941193116,18,0.9191666666666667,0.8582820599116392,97,,,,0.8352969506346566,1,0.0625,2,2,0.956177036831986,0.855,0.8928891947955915,0.8910117238384716,16,0,0.9242627998233398,1,0.9242627998233398,1,0.9226196058371608,1,891,891,53,52,217,621,1200,0,2581.268715,869.2534330002673,25.764939000509912,,
spherical_g16_d4_s2,1200,16,spherical,4,2026092712,10,10,2,hdbscan_common,0.16196237460071447,0.9756567762065765,0.47264492567624306,0.16196237460071447,16,0.5416666666666666,0.6213665451873929,550,,,,0.41907339980286124,0,0.0,0,0,0.9768894266216837,0.5333333333333333,0.6685809966461986,0.6918918918918919,16,0,0.6766779765508718,0,0.6766779765508718,0,0.6755431446179405,0,1199,1128,31,30,119,978,1200,0,,,27.374089000659296,False,True
spherical_g16_d4_s2,1200,16,spherical,4,2026092712,10,10,1,hdbscan_standard,0.061801774692456436,0.06371512389200269,0.0625092296206267,0.061801774692456436,4,0.8816666666666667,0.33665054813329526,142,,,,0.41907339980286124,1,0.0625,-12,12,0.19185736079328758,0.22833333333333333,0.1862425105654523,0.24269264836138174,16,0,,,,,,,,,,,,,,,,,,,
spherical_g16_d4_s2,1200,16,spherical,4,2026092712,10,20,1,hgp_first_coverage,0.8307707768166666,0.9020293344056882,0.8484100767394979,0.8307707768166666,16,0.9441666666666667,0.8756566261205201,67,,,,0.8352969506346566,1,0.0625,0,0,0.951853516883466,0.8983333333333333,0.9226196058371608,0.9241320188598371,16,0,0.9242627998233398,1,0.9242627998233398,1,0.9226196058371608,1,891,891,35,34,331,525,1200,0,2581.268715,869.2534330002673,20.296382997912588,,
spherical_g16_d4_s2,1200,16,spherical,4,2026092712,10,20,1,hdbscan_common,0.06183004215403183,0.06382416636120922,0.06258910441760472,0.06183004215403183,4,0.8791666666666667,0.3377286867090917,145,,,,0.41907339980286124,0,0.0,-12,12,0.19276932084309134,0.22749999999999998,0.1862462461693547,0.24212860310421286,16,0,0.6766779765508718,0,0.6766779765508718,0,0.6755431446179405,0,1199,1128,29,28,252,847,1200,0,,,24.13912799966056,False,True
spherical_g16_d4_s2,1200,16,spherical,4,2026092712,10,20,2,hgp_first_coverage,0.8307707768166666,0.9020293344056882,0.8484100767394979,0.8307707768166666,16,0.9441666666666667,0.8756566261205201,67,,,,0.8352969506346566,1,0.0625,0,0,0.951853516883466,0.8983333333333333,0.9226196058371608,0.9241320188598371,16,0,0.9242627998233398,1,0.9242627998233398,1,0.9226196058371608,1,891,891,35,34,331,525,1200,0,2581.268715,869.2534330002673,20.49761799935368,,
spherical_g16_d4_s2,1200,16,spherical,4,2026092712,10,20,2,hdbscan_common,0.06183004215403183,0.06382416636120922,0.06258910441760472,0.06183004215403183,4,0.8791666666666667,0.3377286867090917,145,,,,0.41907339980286124,0,0.0,-12,12,0.19276932084309134,0.22749999999999998,0.1862462461693547,0.24212860310421286,16,0,0.6766779765508718,0,0.6766779765508718,0,0.6755431446179405,0,1199,1128,29,28,252,847,1200,0,,,25.65195799979847,False,True
spherical_g16_d4_s2,1200,16,spherical,4,2026092712,10,20,1,hdbscan_standard,0.061801774692456436,0.06371512389200269,0.0625092296206267,0.061801774692456436,4,0.8816666666666667,0.33665054813329526,142,,,,0.41907339980286124,1,0.0625,-12,12,0.19185736079328758,0.22833333333333333,0.1862425105654523,0.24269264836138174,16,0,,,,,,,,,,,,,,,,,,,
spherical_g16_d4_s2,1200,16,spherical,4,2026092712,10,50,1,hgp_first_coverage,0.8307707768166666,0.9020293344056882,0.8484100767394979,0.8307707768166666,16,0.9441666666666667,0.8756566261205201,67,,,,0.8352969506346566,1,0.0625,0,0,0.951853516883466,0.8983333333333333,0.9226196058371608,0.9241320188598371,16,0,0.9242627998233398,1,0.9242627998233398,1,0.9226196058371608,1,891,891,31,30,551,309,1200,0,2581.268715,869.2534330002673,20.32844299901626,,
spherical_g16_d4_s2,1200,16,spherical,4,2026092712,10,50,1,hdbscan_common,0.017267737395985607,0.017312434558728725,0.01727548541205694,0.017267737395985607,2,0.9875,0.15461432876255188,15,,,,0.41907339980286124,0,0.0,-14,14,0.06671917191719172,0.12416666666666668,0.06998525866654595,0.1249475890985325,16,0,0.6766779765508718,0,0.5144283469569481,0,0.4948143452462323,0,1199,1128,13,12,538,577,1200,0,,,26.684745000238763,False,True
spherical_g16_d4_s2,1200,16,spherical,4,2026092712,10,50,2,hgp_first_coverage,0.8307707768166666,0.9020293344056882,0.8484100767394979,0.8307707768166666,16,0.9441666666666667,0.8756566261205201,67,,,,0.8352969506346566,1,0.0625,0,0,0.951853516883466,0.8983333333333333,0.9226196058371608,0.9241320188598371,16,0,0.9242627998233398,1,0.9242627998233398,1,0.9226196058371608,1,891,891,31,30,551,309,1200,0,2581.268715,869.2534330002673,22.28825699785375,,
spherical_g16_d4_s2,1200,16,spherical,4,2026092712,10,50,2,hdbscan_common,0.06183004215403183,0.06382416636120922,0.06258910441760472,0.06183004215403183,4,0.8791666666666667,0.3377286867090917,145,,,,0.41907339980286124,0,0.0,-12,12,0.19276932084309134,0.22749999999999998,0.1862462461693547,0.24212860310421286,16,0,0.6766779765508718,0,0.5144283469569481,0,0.4948143452462323,0,1199,1128,13,12,538,577,1200,0,,,24.035033999098232,False,True
spherical_g16_d4_s2,1200,16,spherical,4,2026092712,10,50,1,hdbscan_standard,0.01750553831406932,0.017542626697788933,0.01751001464092833,0.01750553831406932,2,0.9883333333333333,0.1566781413533025,14,,,,0.41907339980286124,1,0.0625,-14,14,0.06671917191719172,0.125,0.07040472175379427,0.12573344509639564,16,0,,,,,,,,,,,,,,,,,,,
spherical_g16_d4_s2,1200,16,spherical,4,2026092712,10,100,1,hgp_first_coverage,0.282125074340323,0.27315498128074,0.2735215224994098,0.282125074340323,3,0.7233333333333334,0.5778238781088909,332,,,,0.8352969506346566,0,0.0,-13,13,0.049845279472265566,0.18333333333333335,0.07770492192830321,0.2127659574468085,0,16,0.9242627998233398,1,0.4552231371316821,0,0.35785139862883764,0,891,891,7,6,815,69,1200,0,2581.268715,869.2534330002673,19.37638800154673,,
spherical_g16_d4_s2,1200,16,spherical,4,2026092712,10,100,1,hdbscan_common,0.10185631528041436,0.13190865770312293,0.13633566215860796,0.10185631528041436,2,0.5366666666666666,0.3072318258921128,556,,,,0.41907339980286124,0,0.0,-14,14,0.027687696540880505,0.105,0.04297156876894213,0.13665943600867678,0,16,0.6766779765508718,0,0.27831605379418967,0,0.19835027386622134,0,1199,1128,3,2,657,468,1200,0,,,23.422682003001682,False,True
spherical_g16_d4_s2,1200,16,spherical,4,2026092712,10,100,2,hgp_first_coverage,0.282125074340323,0.27315498128074,0.2735215224994098,0.282125074340323,3,0.7233333333333334,0.5778238781088909,332,,,,0.8352969506346566,0,0.0,-13,13,0.049845279472265566,0.18333333333333335,0.07770492192830321,0.2127659574468085,0,16,0.9242627998233398,1,0.4552231371316821,0,0.35785139862883764,0,891,891,7,6,815,69,1200,0,2581.268715,869.2534330002673,19.568396000977373,,
spherical_g16_d4_s2,1200,16,spherical,4,2026092712,10,100,2,hdbscan_common,0.10185631528041436,0.13190865770312293,0.13633566215860796,0.10185631528041436,2,0.5366666666666666,0.3072318258921128,556,,,,0.41907339980286124,0,0.0,-14,14,0.027687696540880505,0.105,0.04297156876894213,0.13665943600867678,0,16,0.6766779765508718,0,0.27831605379418967,0,0.19835027386622134,0,1199,1128,3,2,657,468,1200,0,,,23.59221799997613,False,True
spherical_g16_d4_s2,1200,16,spherical,4,2026092712,10,100,1,hdbscan_standard,0.10234450218759958,0.1322410460567253,0.13669572821816345,0.10234450218759958,2,0.5375,0.30800024563292977,555,,,,0.41907339980286124,0,0.0,-14,14,0.02760049882629108,0.105,0.04287629437869822,0.13658536585365855,0,16,,,,,,,,,,,,,,,,,,,
spherical_g16_d4_s3,1200,16,spherical,4,2026092713,5,10,1,hgp_first_coverage,0.6508549861253325,0.8036214528275382,0.7103001778388899,0.6508549861253325,18,0.8866666666666667,0.7983020445787796,136,,,,0.7321123592346508,1,0.0625,2,2,0.8431594373516423,0.7341666666666666,0.7569209216639516,0.7782685512367491,16,0,0.8513380261142581,1,0.8513380261142581,1,0.8488589374063558,1,942,942,55,54,395,492,1200,0,611.522441,127.65270999807399,21.35441499922308,,
spherical_g16_d4_s3,1200,16,spherical,4,2026092713,5,10,1,hdbscan_common,0.017353809333046626,0.01735850786764786,0.017354040771527548,0.017353809333046626,2,0.9983333333333333,0.15713214350374824,2,,,,0.5146748502069043,1,0.0625,-14,14,0.06667408726625111,0.125,0.07032554257095158,0.12510425354462051,16,0,0.7593116665148668,1,0.7593116665148668,1,0.7584442356523192,1,1199,1058,37,36,200,821,1200,0,,,30.338246000610525,True,True
spherical_g16_d4_s3,1200,16,spherical,4,2026092713,5,10,2,hgp_first_coverage,0.6508549861253325,0.8036214528275382,0.7103001778388899,0.6508549861253325,18,0.8866666666666667,0.7983020445787796,136,,,,0.7321123592346508,1,0.0625,2,2,0.8431594373516423,0.7341666666666666,0.7569209216639516,0.7782685512367491,16,0,0.8513380261142581,1,0.8513380261142581,1,0.8488589374063558,1,942,942,55,54,395,492,1200,0,611.522441,127.65270999807399,21.709156997530954,,
spherical_g16_d4_s3,1200,16,spherical,4,2026092713,5,10,2,hdbscan_common,0.28416349846218375,0.9371302150559068,0.5771611375794228,0.28416349846218375,18,0.6641666666666667,0.6856601496856923,403,,,,0.5146748502069043,1,0.0625,2,2,0.9645458248858985,0.6275000000000001,0.7448543532896071,0.7541311967951928,16,0,0.7593116665148668,1,0.7593116665148668,1,0.7584442356523192,1,1199,1058,37,36,200,821,1200,0,,,27.220864001719747,True,True
spherical_g16_d4_s3,1200,16,spherical,4,2026092713,5,10,1,hdbscan_standard,0.017353809333046626,0.01735850786764786,0.017354040771527548,0.017353809333046626,2,0.9983333333333333,0.15713214350374824,2,,,,0.5146748502069043,1,0.0625,-14,14,0.06667408726625111,0.125,0.07032554257095158,0.12510425354462051,16,0,,,,,,,,,,,,,,,,,,,
spherical_g16_d4_s3,1200,16,spherical,4,2026092713,5,20,1,hgp_first_coverage,0.6987279180303849,0.8039716026082729,0.735321252432464,0.6987279180303849,14,0.9141666666666667,0.8201915921786438,103,,,,0.7321123592346508,1,0.0625,-2,2,0.7850739417597052,0.7783333333333333,0.7743342125891933,0.8132346538963866,16,0,0.8513380261142581,1,0.8513380261142581,1,0.8488589374063558,1,942,942,29,28,483,430,1200,0,611.522441,127.65270999807399,21.19855499768164,,
spherical_g16_d4_s3,1200,16,spherical,4,2026092713,5,20,1,hdbscan_common,0.017353809333046626,0.01735850786764786,0.017354040771527548,0.017353809333046626,2,0.9983333333333333,0.15713214350374824,2,,,,0.5146748502069043,1,0.0625,-14,14,0.06667408726625111,0.125,0.07032554257095158,0.12510425354462051,16,0,0.7593116665148668,1,0.7593116665148668,1,0.7584442356523192,1,1199,1058,31,30,308,719,1200,0,,,26.12887299983413,True,True
spherical_g16_d4_s3,1200,16,spherical,4,2026092713,5,20,2,hgp_first_coverage,0.6987279180303849,0.8039716026082729,0.735321252432464,0.6987279180303849,14,0.9141666666666667,0.8201915921786438,103,,,,0.7321123592346508,1,0.0625,-2,2,0.7850739417597052,0.7783333333333333,0.7743342125891933,0.8132346538963866,16,0,0.8513380261142581,1,0.8513380261142581,1,0.8488589374063558,1,942,942,29,28,483,430,1200,0,611.522441,127.65270999807399,21.147701001609676,,
spherical_g16_d4_s3,1200,16,spherical,4,2026092713,5,20,2,hdbscan_common,0.2932425452473426,0.9512563928609695,0.5908840567402812,0.2932425452473426,16,0.6633333333333333,0.6933821558954558,404,,,,0.5146748502069043,1,0.0625,0,0,0.9629526876309964,0.6433333333333333,0.7579495913848452,0.7735470941883767,16,0,0.7593116665148668,1,0.7593116665148668,1,0.7584442356523192,1,1199,1058,31,30,308,719,1200,0,,,24.34566299780272,True,True
spherical_g16_d4_s3,1200,16,spherical,4,2026092713,5,20,1,hdbscan_standard,0.017353809333046626,0.01735850786764786,0.017354040771527548,0.017353809333046626,2,0.9983333333333333,0.15713214350374824,2,,,,0.5146748502069043,1,0.0625,-14,14,0.06667408726625111,0.125,0.07032554257095158,0.12510425354462051,16,0,,,,,,,,,,,,,,,,,,,
spherical_g16_d4_s3,1200,16,spherical,4,2026092713,5,50,1,hgp_first_coverage,0.6987279180303849,0.8039716026082729,0.735321252432464,0.6987279180303849,14,0.9141666666666667,0.8201915921786438,103,,,,0.7321123592346508,1,0.0625,-2,2,0.7850739417597052,0.7783333333333333,0.7743342125891933,0.8132346538963866,16,0,0.8513380261142581,1,0.8480404591377682,1,0.8404953782151225,1,942,942,27,26,646,269,1200,0,611.522441,127.65270999807399,20.665140997152776,,
spherical_g16_d4_s3,1200,16,spherical,4,2026092713,5,50,1,hdbscan_common,0.017353809333046626,0.01735850786764786,0.017354040771527548,0.017353809333046626,2,0.9983333333333333,0.15713214350374824,2,,,,0.5146748502069043,1,0.0625,-14,14,0.06667408726625111,0.125,0.07032554257095158,0.12510425354462051,16,0,0.7593116665148668,1,0.7223058702546656,1,0.6899436578266005,1,1199,1058,23,22,615,420,1200,0,,,23.87957399696461,True,True
spherical_g16_d4_s3,1200,16,spherical,4,2026092713,5,50,2,hgp_first_coverage,0.6987279180303849,0.8039716026082729,0.735321252432464,0.6987279180303849,14,0.9141666666666667,0.8201915921786438,103,,,,0.7321123592346508,1,0.0625,-2,2,0.7850739417597052,0.7783333333333333,0.7743342125891933,0.8132346538963866,16,0,0.8513380261142581,1,0.8480404591377682,1,0.8404953782151225,1,942,942,27,26,646,269,1200,0,611.522441,127.65270999807399,21.177015001740074,,
spherical_g16_d4_s3,1200,16,spherical,4,2026092713,5,50,2,hdbscan_common,0.017353809333046626,0.01735850786764786,0.017354040771527548,0.017353809333046626,2,0.9983333333333333,0.15713214350374824,2,,,,0.5146748502069043,1,0.0625,-14,14,0.06667408726625111,0.125,0.07032554257095158,0.12510425354462051,16,0,0.7593116665148668,1,0.7223058702546656,1,0.6899436578266005,1,1199,1058,23,22,615,420,1200,0,,,24.293335001857486,True,True
spherical_g16_d4_s3,1200,16,spherical,4,2026092713,5,50,1,hdbscan_standard,0.017353809333046626,0.01735850786764786,0.017354040771527548,0.017353809333046626,2,0.9983333333333333,0.15713214350374824,2,,,,0.5146748502069043,1,0.0625,-14,14,0.06667408726625111,0.125,0.07032554257095158,0.12510425354462051,16,0,,,,,,,,,,,,,,,,,,,
spherical_g16_d4_s3,1200,16,spherical,4,2026092713,5,100,1,hgp_first_coverage,0.19361667610748154,0.16435142128314362,0.1867477901280703,0.19361667610748154,2,0.6483333333333333,0.455693613675801,422,,,,0.7321123592346508,0,0.0,-14,14,0.02392839461571398,0.1225,0.03996952405046686,0.1486349848331648,0,16,0.8513380261142581,1,0.40024699048180035,0,0.35793675482237913,0,942,942,7,6,825,110,1200,0,611.522441,127.65270999807399,20.03919299750123,,
spherical_g16_d4_s3,1200,16,spherical,4,2026092713,5,100,1,hdbscan_common,0.1176095875305449,0.17530345931519178,0.17821026166526996,0.1176095875305449,2,0.48583333333333334,0.3461294802042607,617,,,,0.5146748502069043,0,0.0,-14,14,0.029353555947395492,0.10833333333333334,0.04589611192526104,0.14582164890633764,0,16,0.7593116665148668,1,0.30353048167986385,0,0.19567075777004336,0,1199,1058,3,2,699,356,1200,0,,,25.62535900142393,False,True
spherical_g16_d4_s3,1200,16,spherical,4,2026092713,5,100,2,hgp_first_coverage,0.19361667610748154,0.16435142128314362,0.1867477901280703,0.19361667610748154,2,0.6483333333333333,0.455693613675801,422,,,,0.7321123592346508,0,0.0,-14,14,0.02392839461571398,0.1225,0.03996952405046686,0.1486349848331648,0,16,0.8513380261142581,1,0.40024699048180035,0,0.35793675482237913,0,942,942,7,6,825,110,1200,0,611.522441,127.65270999807399,22.54894199722912,,
spherical_g16_d4_s3,1200,16,spherical,4,2026092713,5,100,2,hdbscan_common,0.1176095875305449,0.17530345931519178,0.17821026166526996,0.1176095875305449,2,0.48583333333333334,0.3461294802042607,617,,,,0.5146748502069043,0,0.0,-14,14,0.029353555947395492,0.10833333333333334,0.04589611192526104,0.14582164890633764,0,16,0.7593116665148668,1,0.30353048167986385,0,0.19567075777004336,0,1199,1058,3,2,699,356,1200,0,,,23.740393997286446,False,True
spherical_g16_d4_s3,1200,16,spherical,4,2026092713,5,100,1,hdbscan_standard,0.11779214262420877,0.17429049206375907,0.17767270218270287,0.11779214262420877,2,0.4866666666666667,0.34478382607392566,616,,,,0.5146748502069043,0,0.0,-14,14,0.02927513259769554,0.10833333333333334,0.04580607121119903,0.14573991031390135,0,16,,,,,,,,,,,,,,,,,,,
spherical_g16_d4_s3,1200,16,spherical,4,2026092713,10,10,1,hgp_first_coverage,0.7212284237356884,0.8342770351004182,0.7584380116204937,0.7212284237356884,18,0.9083333333333333,0.8375302148986568,110,,,,0.8005083848006755,1,0.0625,2,2,0.8797720237691714,0.7908333333333334,0.8159418213986643,0.8288209606986899,16,0,0.8963043135865482,1,0.8963043135865482,1,0.8959091986440194,1,897,897,53,52,248,596,1200,0,2558.043752,608.2245920006244,21.069123002234846,,
spherical_g16_d4_s3,1200,16,spherical,4,2026092713,10,10,1,hdbscan_common,0.01739578854492362,0.01740441990223054,0.017394759976227518,0.01739578854492362,2,0.9958333333333333,0.15795981804706863,5,,,,0.38930511837739024,1,0.0625,-14,14,0.06668526785714286,0.125,0.07034518828451883,0.12526096033402923,16,0,0.6538173046832252,1,0.6538173046832252,1,0.6522898123808915,1,1199,1147,29,28,116,1002,1200,0,,,24.92792799966992,True,True
spherical_g16_d4_s3,1200,16,spherical,4,2026092713,10,10,2,hgp_first_coverage,0.7212284237356884,0.8342770351004182,0.7584380116204937,0.7212284237356884,18,0.9083333333333333,0.8375302148986568,110,,,,0.8005083848006755,1,0.0625,2,2,0.8797720237691714,0.7908333333333334,0.8159418213986643,0.8288209606986899,16,0,0.8963043135865482,1,0.8963043135865482,1,0.8959091986440194,1,897,897,53,52,248,596,1200,0,2558.043752,608.2245920006244,21.050749001005897,,
spherical_g16_d4_s3,1200,16,spherical,4,2026092713,10,10,2,hdbscan_common,0.01739578854492362,0.01740441990223054,0.017394759976227518,0.01739578854492362,2,0.9958333333333333,0.15795981804706863,5,,,,0.38930511837739024,1,0.0625,-14,14,0.06668526785714286,0.125,0.07034518828451883,0.12526096033402923,16,0,0.6538173046832252,1,0.6538173046832252,1,0.6522898123808915,1,1199,1147,29,28,116,1002,1200,0,,,25.263614999857964,True,True
spherical_g16_d4_s3,1200,16,spherical,4,2026092713,10,10,1,hdbscan_standard,0.01739578854492362,0.01740441990223054,0.017394759976227518,0.01739578854492362,2,0.9958333333333333,0.15795981804706863,5,,,,0.38930511837739024,1,0.0625,-14,14,0.06668526785714286,0.125,0.07034518828451883,0.12526096033402923,16,0,,,,,,,,,,,,,,,,,,,
spherical_g16_d4_s3,1200,16,spherical,4,2026092713,10,20,1,hgp_first_coverage,0.7501973005767475,0.8234577840473922,0.7705381181855665,0.7501973005767475,14,0.9333333333333333,0.8525802956160613,80,,,,0.8005083848006755,1,0.0625,-2,2,0.7916244262940769,0.8016666666666666,0.7885988925256334,0.8293103448275863,16,0,0.8963043135865482,1,0.8963043135865482,1,0.8959091986440194,1,897,897,31,30,341,525,1200,0,2558.043752,608.2245920006244,20.235479998518713,,
spherical_g16_d4_s3,1200,16,spherical,4,2026092713,10,20,1,hdbscan_common,0.01739578854492362,0.01740441990223054,0.017394759976227518,0.01739578854492362,2,0.9958333333333333,0.15795981804706863,5,,,,0.38930511837739024,1,0.0625,-14,14,0.06668526785714286,0.125,0.07034518828451883,0.12526096033402923,16,0,0.6538173046832252,1,0.6538173046832252,1,0.6522898123808915,1,1199,1147,27,26,246,874,1200,0,,,24.44287400066969,True,True
spherical_g16_d4_s3,1200,16,spherical,4,2026092713,10,20,2,hgp_first_coverage,0.7548951587674055,0.847881086436181,0.7821908974806109,0.7548951587674055,15,0.92,0.8526449885750291,96,,,,0.8005083848006755,1,0.0625,-1,1,0.8730978880457398,0.8241666666666667,0.8373188211771037,0.8585069444444444,16,0,0.8963043135865482,1,0.8963043135865482,1,0.8959091986440194,1,897,897,31,30,341,525,1200,0,2558.043752,608.2245920006244,20.488651000050595,,
spherical_g16_d4_s3,1200,16,spherical,4,2026092713,10,20,2,hdbscan_common,0.01739578854492362,0.01740441990223054,0.017394759976227518,0.01739578854492362,2,0.9958333333333333,0.15795981804706863,5,,,,0.38930511837739024,1,0.0625,-14,14,0.06668526785714286,0.125,0.07034518828451883,0.12526096033402923,16,0,0.6538173046832252,1,0.6538173046832252,1,0.6522898123808915,1,1199,1147,27,26,246,874,1200,0,,,24.599246000434505,True,True
spherical_g16_d4_s3,1200,16,spherical,4,2026092713,10,20,1,hdbscan_standard,0.01739578854492362,0.01740441990223054,0.017394759976227518,0.01739578854492362,2,0.9958333333333333,0.15795981804706863,5,,,,0.38930511837739024,1,0.0625,-14,14,0.06668526785714286,0.125,0.07034518828451883,0.12526096033402923,16,0,,,,,,,,,,,,,,,,,,,
spherical_g16_d4_s3,1200,16,spherical,4,2026092713,10,50,1,hgp_first_coverage,0.7501973005767475,0.8234577840473922,0.7705381181855665,0.7501973005767475,14,0.9333333333333333,0.8525802956160613,80,,,,0.8005083848006755,1,0.0625,-2,2,0.7916244262940769,0.8016666666666666,0.7885988925256334,0.8293103448275863,16,0,0.8963043135865482,1,0.8808338562705869,1,0.8595625102077201,1,897,897,27,26,559,311,1200,0,2558.043752,608.2245920006244,20.23867499883636,,
spherical_g16_d4_s3,1200,16,spherical,4,2026092713,10,50,1,hdbscan_common,0.01739578854492362,0.01740441990223054,0.017394759976227518,0.01739578854492362,2,0.9958333333333333,0.15795981804706863,5,,,,0.38930511837739024,1,0.0625,-14,14,0.06668526785714286,0.125,0.07034518828451883,0.12526096033402923,16,0,0.6538173046832252,1,0.5016054061650294,1,0.4937226686821617,1,1199,1147,13,12,528,606,1200,0,,,314.9828890018398,True,True
spherical_g16_d4_s3,1200,16,spherical,4,2026092713,10,50,2,hgp_first_coverage,0.7501973005767475,0.8234577840473922,0.7705381181855665,0.7501973005767475,14,0.9333333333333333,0.8525802956160613,80,,,,0.8005083848006755,1,0.0625,-2,2,0.7916244262940769,0.8016666666666666,0.7885988925256334,0.8293103448275863,16,0,0.8963043135865482,1,0.8808338562705869,1,0.8595625102077201,1,897,897,27,26,559,311,1200,0,2558.043752,608.2245920006244,20.491065999522107,,
spherical_g16_d4_s3,1200,16,spherical,4,2026092713,10,50,2,hdbscan_common,0.01739578854492362,0.01740441990223054,0.017394759976227518,0.01739578854492362,2,0.9958333333333333,0.15795981804706863,5,,,,0.38930511837739024,1,0.0625,-14,14,0.06668526785714286,0.125,0.07034518828451883,0.12526096033402923,16,0,0.6538173046832252,1,0.5016054061650294,1,0.4937226686821617,1,1199,1147,13,12,528,606,1200,0,,,24.172460001864238,True,True
spherical_g16_d4_s3,1200,16,spherical,4,2026092713,10,50,1,hdbscan_standard,0.01739578854492362,0.01740441990223054,0.017394759976227518,0.01739578854492362,2,0.9958333333333333,0.15795981804706863,5,,,,0.38930511837739024,1,0.0625,-14,14,0.06668526785714286,0.125,0.07034518828451883,0.12526096033402923,16,0,,,,,,,,,,,,,,,,,,,
spherical_g16_d4_s3,1200,16,spherical,4,2026092713,10,100,1,hgp_first_coverage,0.3186628888099553,0.3911478950918788,0.36221506952738897,0.3186628888099553,4,0.665,0.6263888299910989,402,,,,0.8005083848006755,0,0.0,-12,12,0.09684878252605361,0.23833333333333334,0.13564677318068488,0.2862862862862863,0,16,0.8963043135865482,1,0.4386322494077175,0,0.34796445062402603,0,897,897,7,6,779,111,1200,0,2558.043752,608.2245920006244,19.45067699853098,,
spherical_g16_d4_s3,1200,16,spherical,4,2026092713,10,100,1,hdbscan_common,0.056320085644283015,0.16560181970849625,0.14838660686859104,0.056320085644283015,2,0.31916666666666665,0.26501416306722003,817,,,,0.38930511837739024,0,0.0,-14,14,0.04475771497919556,0.08833333333333333,0.05658134198449122,0.13392293114339862,0,16,0.6538173046832252,1,0.27291679004916247,0,0.17092300996993195,0,1199,1147,3,2,688,456,1200,0,,,23.437839998223353,False,True
spherical_g16_d4_s3,1200,16,spherical,4,2026092713,10,100,2,hgp_first_coverage,0.3186628888099553,0.3911478950918788,0.36221506952738897,0.3186628888099553,4,0.665,0.6263888299910989,402,,,,0.8005083848006755,0,0.0,-12,12,0.09684878252605361,0.23833333333333334,0.13564677318068488,0.2862862862862863,0,16,0.8963043135865482,1,0.4386322494077175,0,0.34796445062402603,0,897,897,7,6,779,111,1200,0,2558.043752,608.2245920006244,19.439725001575425,,
spherical_g16_d4_s3,1200,16,spherical,4,2026092713,10,100,2,hdbscan_common,0.056320085644283015,0.16560181970849625,0.14838660686859104,0.056320085644283015,2,0.31916666666666665,0.26501416306722003,817,,,,0.38930511837739024,0,0.0,-14,14,0.04475771497919556,0.08833333333333333,0.05658134198449122,0.13392293114339862,0,16,0.6538173046832252,1,0.27291679004916247,0,0.17092300996993195,0,1199,1147,3,2,688,456,1200,0,,,23.50519499668735,False,True
spherical_g16_d4_s3,1200,16,spherical,4,2026092713,10,100,1,hdbscan_standard,0.05669511705270577,0.16523225160229535,0.14871022194644362,0.05669511705270577,2,0.32,0.2657533448755428,816,,,,0.38930511837739024,0,0.0,-14,14,0.04471720277787375,0.08833333333333333,0.05653089887640449,0.13383838383838384,0,16,,,,,,,,,,,,,,,,,,,
spherical_g16_d2_s1,1200,16,spherical,2,2026092711,5,10,1,hgp_first_coverage,0.05251133432695012,0.277894856938688,0.13196986227491775,0.05251133432695012,29,0.5833333333333334,0.3501928390806408,500,,,,0.1503727814731118,0,0.0,13,13,0.5915173324951418,0.23916666666666667,0.3245874259547503,0.3021052631578947,16,0,0.3565882079111334,0,0.3565882079111334,0,0.3543485385265166,0,890,890,67,66,436,387,1200,0,666.251865,152.9898310000135,20.976109997718595,,
spherical_g16_d2_s1,1200,16,spherical,2,2026092711,5,10,1,hdbscan_common,0.007475682889638513,0.004560484568234059,0.006212158954644454,0.007475682889638513,2,0.7541666666666667,0.05589400832074647,295,,,,0.09729465530212104,0,0.0,-14,14,0.05678977720044087,0.07916666666666666,0.03817843565477635,0.09026128266033254,16,0,0.25331342061380574,0,0.24865772958993218,0,0.24346718375212545,0,1199,1005,37,36,234,734,1200,0,,,24.186766997445375,False,True
spherical_g16_d2_s1,1200,16,spherical,2,2026092711,5,10,2,hgp_first_coverage,0.05251133432695012,0.277894856938688,0.13196986227491775,0.05251133432695012,29,0.5833333333333334,0.3501928390806408,500,,,,0.1503727814731118,0,0.0,13,13,0.5915173324951418,0.23916666666666667,0.3245874259547503,0.3021052631578947,16,0,0.3565882079111334,0,0.3565882079111334,0,0.3543485385265166,0,890,890,67,66,436,387,1200,0,666.251865,152.9898310000135,20.66581200051587,,
spherical_g16_d2_s1,1200,16,spherical,2,2026092711,5,10,2,hdbscan_common,0.007475682889638513,0.004560484568234059,0.006212158954644454,0.007475682889638513,2,0.7541666666666667,0.05589400832074647,295,,,,0.09729465530212104,0,0.0,-14,14,0.05678977720044087,0.07916666666666666,0.03817843565477635,0.09026128266033254,16,0,0.25331342061380574,0,0.24865772958993218,0,0.24346718375212545,0,1199,1005,37,36,234,734,1200,0,,,24.875261002307525,False,True
spherical_g16_d2_s1,1200,16,spherical,2,2026092711,5,10,1,hdbscan_standard,0.007266596043520881,0.004423789111304389,0.006031539743741298,0.007266596043520881,2,0.755,0.05526513830041391,294,,,,0.09729465530212104,0,0.0,-14,14,0.05678400110093186,0.07916666666666666,0.03816863283775049,0.09021842355175688,16,0,,,,,,,,,,,,,,,,,,,
spherical_g16_d2_s1,1200,16,spherical,2,2026092711,5,20,1,hgp_first_coverage,0.009573603694993858,0.009064094332687846,0.009293552080932648,0.009573603694993858,2,0.8816666666666667,0.09204789435329037,142,,,,0.1503727814731118,0,0.0,-14,14,0.06713191699604742,0.10083333333333333,0.056145316170824244,0.10717449069973428,16,0,0.3565882079111334,0,0.3468580884373034,0,0.34065180166039133,0,890,890,29,28,538,323,1200,0,666.251865,152.9898310000135,26.125610998860793,,
spherical_g16_d2_s1,1200,16,spherical,2,2026092711,5,20,1,hdbscan_common,0.023359704856133843,0.019569540080457127,0.02375254161419838,0.023359704856133843,3,0.63,0.11950535810955089,444,,,,0.09729465530212104,0,0.0,-13,13,0.10606922961260873,0.10250000000000001,0.0730449535978266,0.12576687116564417,16,0,0.25331342061380574,0,0.23674742999487097,0,0.22793825176115118,0,1199,1005,11,10,290,704,1200,0,,,25.53349699883256,True,True
spherical_g16_d2_s1,1200,16,spherical,2,2026092711,5,20,2,hgp_first_coverage,0.03526898419403821,0.3408905514752297,0.12700795856991523,0.03526898419403821,15,0.4583333333333333,0.29546789584912564,650,,,,0.1503727814731118,0,0.0,-1,1,0.44925525825070356,0.23,0.297133422819231,0.31542857142857145,16,0,0.3565882079111334,0,0.3468580884373034,0,0.34065180166039133,0,890,890,29,28,538,323,1200,0,666.251865,152.9898310000135,20.522595001239097,,
spherical_g16_d2_s1,1200,16,spherical,2,2026092711,5,20,2,hdbscan_common,0.023359704856133843,0.019569540080457127,0.02375254161419838,0.023359704856133843,3,0.63,0.11950535810955089,444,,,,0.09729465530212104,0,0.0,-13,13,0.10606922961260873,0.10250000000000001,0.0730449535978266,0.12576687116564417,16,0,0.25331342061380574,0,0.23674742999487097,0,0.22793825176115118,0,1199,1005,11,10,290,704,1200,0,,,24.035063001065282,True,True
spherical_g16_d2_s1,1200,16,spherical,2,2026092711,5,20,1,hdbscan_standard,0.023359704856133843,0.019569540080457127,0.02375254161419838,0.023359704856133843,3,0.63,0.1195053581095509,444,,,,0.09729465530212104,0,0.0,-13,13,0.10606922961260873,0.10250000000000001,0.0730449535978266,0.12576687116564417,16,0,,,,,,,,,,,,,,,,,,,
spherical_g16_d2_s1,1200,16,spherical,2,2026092711,5,50,1,hgp_first_coverage,0.014111145783130878,0.18792662372839328,0.060679367286869165,0.014111145783130878,3,0.20916666666666667,0.13479283724536076,949,,,,0.1503727814731118,0,0.0,-13,13,0.06903344671201814,0.07666666666666666,0.07205508845682256,0.1268090971743625,16,0,0.3565882079111334,0,0.2073383130926051,0,0.15487887697174874,0,890,890,5,4,600,285,1200,0,666.251865,152.9898310000135,19.814805000351043,,
spherical_g16_d2_s1,1200,16,spherical,2,2026092711,5,50,1,hdbscan_common,0.007672267564967103,0.06144017265642085,0.03399091124645317,0.007672267564967103,2,0.16916666666666666,0.08284399157184756,997,,,,0.09729465530212104,0,0.0,-14,14,0.03846631866766095,0.04416666666666667,0.03861693660022149,0.07555238774055595,16,0,0.25331342061380574,0,0.1724909224916359,0,0.11644345238095238,0,1199,1005,3,2,348,654,1200,0,,,24.482708002324216,False,True
spherical_g16_d2_s1,1200,16,spherical,2,2026092711,5,50,2,hgp_first_coverage,0.014111145783130878,0.18792662372839328,0.060679367286869165,0.014111145783130878,3,0.20916666666666667,0.13479283724536076,949,,,,0.1503727814731118,0,0.0,-13,13,0.06903344671201814,0.07666666666666666,0.07205508845682256,0.1268090971743625,16,0,0.3565882079111334,0,0.2073383130926051,0,0.15487887697174874,0,890,890,5,4,600,285,1200,0,666.251865,152.9898310000135,20.532121998257935,,
spherical_g16_d2_s1,1200,16,spherical,2,2026092711,5,50,2,hdbscan_common,0.007672267564967103,0.06144017265642085,0.03399091124645317,0.007672267564967103,2,0.16916666666666666,0.08284399157184756,997,,,,0.09729465530212104,0,0.0,-14,14,0.03846631866766095,0.04416666666666667,0.03861693660022149,0.07555238774055595,16,0,0.25331342061380574,0,0.1724909224916359,0,0.11644345238095238,0,1199,1005,3,2,348,654,1200,0,,,31.981288997485535,False,True
spherical_g16_d2_s1,1200,16,spherical,2,2026092711,5,50,1,hdbscan_standard,0.007800122224788581,0.06033649694064344,0.034166567484618174,0.007800122224788581,2,0.17,0.0835252927050876,996,,,,0.09729465530212104,0,0.0,-14,14,0.03800335570469799,0.04416666666666667,0.0384529532967033,0.0754985754985755,16,0,,,,,,,,,,,,,,,,,,,
spherical_g16_d2_s1,1200,16,spherical,2,2026092711,5,100,1,hgp_first_coverage,0.0,,0.0,0.0,0,0.0,0.0,1200,,,,0.1503727814731118,0,0.0,-16,16,0.0,0.0,0.0,0.0,0,16,0.3565882079111334,0,0.1736720654909344,0,0.0,0,890,890,1,0,622,267,1200,0,666.251865,152.9898310000135,20.168764000118244,,
spherical_g16_d2_s1,1200,16,spherical,2,2026092711,5,100,1,hdbscan_common,0.0,,0.0,0.0,0,0.0,0.0,1200,,,,0.09729465530212104,0,0.0,-16,16,0.0,0.0,0.0,0.0,0,16,0.25331342061380574,0,0.1642859089951311,0,0.0,0,1199,1005,1,0,360,644,1200,0,,,23.737559000437614,True,True
spherical_g16_d2_s1,1200,16,spherical,2,2026092711,5,100,2,hgp_first_coverage,0.0,,0.0,0.0,0,0.0,0.0,1200,,,,0.1503727814731118,0,0.0,-16,16,0.0,0.0,0.0,0.0,0,16,0.3565882079111334,0,0.1736720654909344,0,0.0,0,890,890,1,0,622,267,1200,0,666.251865,152.9898310000135,19.7984849983186,,
spherical_g16_d2_s1,1200,16,spherical,2,2026092711,5,100,2,hdbscan_common,0.0,,0.0,0.0,0,0.0,0.0,1200,,,,0.09729465530212104,0,0.0,-16,16,0.0,0.0,0.0,0.0,0,16,0.25331342061380574,0,0.1642859089951311,0,0.0,0,1199,1005,1,0,360,644,1200,0,,,23.84897700176225,True,True
spherical_g16_d2_s1,1200,16,spherical,2,2026092711,5,100,1,hdbscan_standard,0.0,,0.0,0.0,0,0.0,0.0,1200,,,,0.09729465530212104,0,0.0,-16,16,0.0,0.0,0.0,0.0,0,16,,,,,,,,,,,,,,,,,,,
spherical_g16_d2_s1,1200,16,spherical,2,2026092711,10,10,1,hgp_first_coverage,0.06473944818818117,0.3321002992662627,0.16312313190672567,0.06473944818818117,31,0.5933333333333334,0.3764281564427512,488,,,,0.16721074569734684,0,0.0,15,15,0.6030879435077809,0.24583333333333335,0.32440375731846594,0.30857740585774057,16,0,0.3667292418130799,0,0.3667292418130799,0,0.3638696803425012,0,833,833,65,64,244,524,1200,0,2945.914643,1274.686685002962,20.557619998726295,,
spherical_g16_d2_s1,1200,16,spherical,2,2026092711,10,10,1,hdbscan_common,0.020349029416153384,0.017133209333956963,0.0224010658710623,0.020349029416153384,3,0.5675,0.104199640683924,519,,,,0.08558985081391385,0,0.0,-13,13,0.12221948818897638,0.09166666666666666,0.06634241352230108,0.11695906432748537,16,0,0.22035204809794764,0,0.22001208054056598,0,0.21193009236771426,0,1199,1105,13,12,85,1007,1200,0,,,24.265613999887137,False,True
spherical_g16_d2_s1,1200,16,spherical,2,2026092711,10,10,2,hgp_first_coverage,0.06473944818818117,0.3321002992662627,0.16312313190672567,0.06473944818818117,31,0.5933333333333334,0.3764281564427512,488,,,,0.16721074569734684,0,0.0,15,15,0.6030879435077809,0.24583333333333335,0.32440375731846594,0.30857740585774057,16,0,0.3667292418130799,0,0.3667292418130799,0,0.3638696803425012,0,833,833,65,64,244,524,1200,0,2945.914643,1274.686685002962,20.516442997177364,,
spherical_g16_d2_s1,1200,16,spherical,2,2026092711,10,10,2,hdbscan_common,0.020349029416153384,0.017133209333956963,0.0224010658710623,0.020349029416153384,3,0.5675,0.104199640683924,519,,,,0.08558985081391385,0,0.0,-13,13,0.12221948818897638,0.09166666666666666,0.06634241352230108,0.11695906432748537,16,0,0.22035204809794764,0,0.22001208054056598,0,0.21193009236771426,0,1199,1105,13,12,85,1007,1200,0,,,25.143610997474752,False,True
spherical_g16_d2_s1,1200,16,spherical,2,2026092711,10,10,1,hdbscan_standard,0.0200883521778163,0.016972315697216266,0.022086867609319025,0.0200883521778163,3,0.5691666666666667,0.10358832716714493,517,,,,0.08558985081391385,0,0.0,-13,13,0.11967935759209344,0.09166666666666666,0.06609281873598752,0.11683483802442911,16,0,,,,,,,,,,,,,,,,,,,
spherical_g16_d2_s1,1200,16,spherical,2,2026092711,10,20,1,hgp_first_coverage,0.02120394832124282,0.02124197774070368,0.02113532995850937,0.02120394832124282,3,0.915,0.17436573145647033,102,,,,0.16721074569734684,0,0.0,-13,13,0.11825980392156862,0.1475,0.10601208350424754,0.15404699738903394,16,0,0.3667292418130799,0,0.35994122698222814,0,0.3567464907762936,0,833,833,27,26,366,440,1200,0,2945.914643,1274.686685002962,20.54624799711746,,
spherical_g16_d2_s1,1200,16,spherical,2,2026092711,10,20,1,hdbscan_common,0.020349029416153384,0.017133209333956963,0.0224010658710623,0.020349029416153384,3,0.5675,0.104199640683924,519,,,,0.08558985081391385,0,0.0,-13,13,0.12221948818897638,0.09166666666666666,0.06634241352230108,0.11695906432748537,16,0,0.22035204809794764,0,0.2141820933446434,0,0.20540756937312013,0,1199,1105,11,10,137,957,1200,0,,,26.34456899977522,False,True
spherical_g16_d2_s1,1200,16,spherical,2,2026092711,10,20,2,hgp_first_coverage,0.02120394832124282,0.02124197774070368,0.02113532995850937,0.02120394832124282,3,0.915,0.17436573145647033,102,,,,0.16721074569734684,0,0.0,-13,13,0.11825980392156862,0.1475,0.10601208350424754,0.15404699738903394,16,0,0.3667292418130799,0,0.35994122698222814,0,0.3567464907762936,0,833,833,27,26,366,440,1200,0,2945.914643,1274.686685002962,20.171298998320708,,
spherical_g16_d2_s1,1200,16,spherical,2,2026092711,10,20,2,hdbscan_common,0.020349029416153384,0.017133209333956963,0.0224010658710623,0.020349029416153384,3,0.5675,0.104199640683924,519,,,,0.08558985081391385,0,0.0,-13,13,0.12221948818897638,0.09166666666666666,0.06634241352230108,0.11695906432748537,16,0,0.22035204809794764,0,0.2141820933446434,0,0.20540756937312013,0,1199,1105,11,10,137,957,1200,0,,,24.382501000218326,False,True
spherical_g16_d2_s1,1200,16,spherical,2,2026092711,10,20,1,hdbscan_standard,0.0200883521778163,0.016972315697216266,0.022086867609319025,0.0200883521778163,3,0.5691666666666667,0.10358832716714493,517,,,,0.08558985081391385,0,0.0,-13,13,0.11967935759209344,0.09166666666666666,0.06609281873598752,0.11683483802442911,16,0,,,,,,,,,,,,,,,,,,,
spherical_g16_d2_s1,1200,16,spherical,2,2026092711,10,50,1,hgp_first_coverage,0.02120394832124282,0.02124197774070368,0.02113532995850937,0.02120394832124282,3,0.915,0.17436573145647033,102,,,,0.16721074569734684,0,0.0,-13,13,0.11825980392156862,0.1475,0.10601208350424754,0.15404699738903394,16,0,0.3667292418130799,0,0.3007026188233474,0,0.2899602277951268,0,833,833,9,8,463,361,1200,0,2945.914643,1274.686685002962,19.53723800033913,,
spherical_g16_d2_s1,1200,16,spherical,2,2026092711,10,50,1,hdbscan_common,0.0,,0.0,0.0,0,0.0,0.0,1200,,,,0.08558985081391385,0,0.0,-16,16,0.0,0.0,0.0,0.0,16,0,0.22035204809794764,0,0.15257207627251176,0,0.0,0,1199,1105,1,0,191,913,1200,0,,,24.150369001290528,True,True
spherical_g16_d2_s1,1200,16,spherical,2,2026092711,10,50,2,hgp_first_coverage,0.02120394832124282,0.02124197774070368,0.02113532995850937,0.02120394832124282,3,0.915,0.17436573145647033,102,,,,0.16721074569734684,0,0.0,-13,13,0.11825980392156862,0.1475,0.10601208350424754,0.15404699738903394,16,0,0.3667292418130799,0,0.3007026188233474,0,0.2899602277951268,0,833,833,9,8,463,361,1200,0,2945.914643,1274.686685002962,20.79342000070028,,
spherical_g16_d2_s1,1200,16,spherical,2,2026092711,10,50,2,hdbscan_common,0.0,,0.0,0.0,0,0.0,0.0,1200,,,,0.08558985081391385,0,0.0,-16,16,0.0,0.0,0.0,0.0,16,0,0.22035204809794764,0,0.15257207627251176,0,0.0,0,1199,1105,1,0,191,913,1200,0,,,24.817753001116216,True,True
spherical_g16_d2_s1,1200,16,spherical,2,2026092711,10,50,1,hdbscan_standard,0.0,,0.0,0.0,0,0.0,0.0,1200,,,,0.08558985081391385,0,0.0,-16,16,0.0,0.0,0.0,0.0,16,0,,,,,,,,,,,,,,,,,,,
spherical_g16_d2_s1,1200,16,spherical,2,2026092711,10,100,1,hgp_first_coverage,0.026853214363739768,0.06578380636233597,0.06532147840449165,0.026853214363739768,2,0.3225,0.129931473840092,813,,,,0.16721074569734684,0,0.0,-14,14,0.03199008176862508,0.07250000000000001,0.04327249889168021,0.10964083175803403,0,16,0.3667292418130799,0,0.20106500562884339,0,0.14617260233486035,0,833,833,3,2,507,323,1200,0,2945.914643,1274.686685002962,19.557275001716334,,
spherical_g16_d2_s1,1200,16,spherical,2,2026092711,10,100,1,hdbscan_common,0.0,,0.0,0.0,0,0.0,0.0,1200,,,,0.08558985081391385,0,0.0,-16,16,0.0,0.0,0.0,0.0,0,16,0.22035204809794764,0,0.15116261653771956,0,0.0,0,1199,1105,1,0,195,909,1200,0,,,24.925654000981012,True,True
spherical_g16_d2_s1,1200,16,spherical,2,2026092711,10,100,2,hgp_first_coverage,0.026853214363739768,0.06578380636233597,0.06532147840449165,0.026853214363739768,2,0.3225,0.129931473840092,813,,,,0.16721074569734684,0,0.0,-14,14,0.03199008176862508,0.07250000000000001,0.04327249889168021,0.10964083175803403,0,16,0.3667292418130799,0,0.20106500562884339,0,0.14617260233486035,0,833,833,3,2,507,323,1200,0,2945.914643,1274.686685002962,19.84922900010133,,
spherical_g16_d2_s1,1200,16,spherical,2,2026092711,10,100,2,hdbscan_common,0.0,,0.0,0.0,0,0.0,0.0,1200,,,,0.08558985081391385,0,0.0,-16,16,0.0,0.0,0.0,0.0,0,16,0.22035204809794764,0,0.15116261653771956,0,0.0,0,1199,1105,1,0,195,909,1200,0,,,24.49579300082405,True,True
spherical_g16_d2_s1,1200,16,spherical,2,2026092711,10,100,1,hdbscan_standard,0.0,,0.0,0.0,0,0.0,0.0,1200,,,,0.08558985081391385,0,0.0,-16,16,0.0,0.0,0.0,0.0,0,16,,,,,,,,,,,,,,,,,,,
spherical_g16_d2_s2,1200,16,spherical,2,2026092712,5,10,1,hgp_first_coverage,0.009873687042642243,0.007545764716818805,0.008652098221543955,0.009873687042642243,4,0.9141666666666667,0.10749003959018785,103,,,,0.15368916688392736,0,0.0,-12,12,0.06693472090823084,0.07666666666666666,0.03137962820709786,0.08010448410970832,16,0,0.3640302744294858,0,0.3627497385744819,0,0.3602978603154744,0,912,912,71,70,430,411,1200,0,674.78388,162.52196400091634,20.91691000168794,,
spherical_g16_d2_s2,1200,16,spherical,2,2026092712,5,10,1,hdbscan_common,0.012366884424546316,0.00931279616362613,0.010866019678743436,0.012366884424546316,2,0.8341666666666666,0.0942926051774596,199,,,,0.10378617695653126,0,0.0,-14,14,0.0671583850931677,0.08916666666666667,0.048418260413937646,0.09722853248523398,16,0,0.25946695907376593,0,0.2533890617411088,0,0.24978612406940057,0,1199,1011,29,28,202,780,1200,0,,,24.186005000956357,False,True
spherical_g16_d2_s2,1200,16,spherical,2,2026092712,5,10,2,hgp_first_coverage,0.009873687042642243,0.007545764716818805,0.008652098221543955,0.009873687042642243,4,0.9141666666666667,0.10749003959018785,103,,,,0.15368916688392736,0,0.0,-12,12,0.06693472090823084,0.07666666666666666,0.03137962820709786,0.08010448410970832,16,0,0.3640302744294858,0,0.3627497385744819,0,0.3602978603154744,0,912,912,71,70,430,411,1200,0,674.78388,162.52196400091634,20.848583000770304,,
spherical_g16_d2_s2,1200,16,spherical,2,2026092712,5,10,2,hdbscan_common,0.0318887791078839,0.04851965788853491,0.04528118279506216,0.0318887791078839,5,0.5683333333333334,0.17355363560637602,518,,,,0.10378617695653126,0,0.0,-11,11,0.19777174506166104,0.1325,0.1225015676649715,0.1689691817215728,16,0,0.25946695907376593,0,0.2533890617411088,0,0.24978612406940057,0,1199,1011,29,28,202,780,1200,0,,,24.660579998453613,False,True
spherical_g16_d2_s2,1200,16,spherical,2,2026092712,5,10,1,hdbscan_standard,0.012404892721071382,0.009568264069676247,0.011010108575220398,0.012404892721071382,2,0.835,0.095081394625994,198,,,,0.10378617695653126,0,0.0,-14,14,0.0671583850931677,0.09,0.049186073681750916,0.09809264305177112,16,0,,,,,,,,,,,,,,,,,,,
spherical_g16_d2_s2,1200,16,spherical,2,2026092712,5,20,1,hgp_first_coverage,0.011683852500678256,0.009356607489447508,0.01045448446934492,0.011683852500678256,2,0.9158333333333334,0.1071192032593754,101,,,,0.15368916688392736,0,0.0,-14,14,0.06395853043204036,0.09583333333333333,0.05101684485518408,0.10004349717268378,16,0,0.3640302744294858,0,0.36266575201233187,0,0.3577586304270358,0,912,912,27,26,535,350,1200,0,674.78388,162.52196400091634,21.62330599821871,,
spherical_g16_d2_s2,1200,16,spherical,2,2026092712,5,20,1,hdbscan_common,0.012366884424546316,0.00931279616362613,0.010866019678743436,0.012366884424546316,2,0.8341666666666666,0.0942926051774596,199,,,,0.10378617695653126,0,0.0,-14,14,0.0671583850931677,0.08916666666666667,0.048418260413937646,0.09722853248523398,16,0,0.25946695907376593,0,0.24085501765074893,0,0.23431589458335236,0,1199,1011,11,10,252,748,1200,0,,,24.012802001379896,False,True
spherical_g16_d2_s2,1200,16,spherical,2,2026092712,5,20,2,hgp_first_coverage,0.011683852500678256,0.009356607489447508,0.01045448446934492,0.011683852500678256,2,0.9158333333333334,0.1071192032593754,101,,,,0.15368916688392736,0,0.0,-14,14,0.06395853043204036,0.09583333333333333,0.05101684485518408,0.10004349717268378,16,0,0.3640302744294858,0,0.36266575201233187,0,0.3577586304270358,0,912,912,27,26,535,350,1200,0,674.78388,162.52196400091634,20.468984999752138,,
spherical_g16_d2_s2,1200,16,spherical,2,2026092712,5,20,2,hdbscan_common,0.012366884424546316,0.00931279616362613,0.010866019678743436,0.012366884424546316,2,0.8341666666666666,0.0942926051774596,199,,,,0.10378617695653126,0,0.0,-14,14,0.0671583850931677,0.08916666666666667,0.048418260413937646,0.09722853248523398,16,0,0.25946695907376593,0,0.24085501765074893,0,0.23431589458335236,0,1199,1011,11,10,252,748,1200,0,,,24.330273998202756,False,True
spherical_g16_d2_s2,1200,16,spherical,2,2026092712,5,20,1,hdbscan_standard,0.012404892721071382,0.009568264069676247,0.011010108575220398,0.012404892721071382,2,0.835,0.095081394625994,198,,,,0.10378617695653126,0,0.0,-14,14,0.0671583850931677,0.09,0.049186073681750916,0.09809264305177112,16,0,,,,,,,,,,,,,,,,,,,
spherical_g16_d2_s2,1200,16,spherical,2,2026092712,5,50,1,hgp_first_coverage,0.03429010034963584,0.015086769914419346,0.02595334262120896,0.03429010034963584,2,0.7075,0.1356659331399442,351,,,,0.15368916688392736,0,0.0,-14,14,0.03850370531822144,0.09,0.04286517962889854,0.1054172767203514,16,0,0.3640302744294858,0,0.2602031787215576,0,0.22775262269975782,0,912,912,7,6,607,298,1200,0,674.78388,162.52196400091634,25.688566998724127,,
spherical_g16_d2_s2,1200,16,spherical,2,2026092712,5,50,1,hdbscan_common,0.0,,0.0,0.0,0,0.0,0.0,1200,,,,0.10378617695653126,0,0.0,-16,16,0.0,0.0,0.0,0.0,16,0,0.25946695907376593,0,0.15578183580751667,0,0.0,0,1199,1011,1,0,304,706,1200,0,,,24.07729199694586,True,True
spherical_g16_d2_s2,1200,16,spherical,2,2026092712,5,50,2,hgp_first_coverage,0.03429010034963584,0.015086769914419346,0.02595334262120896,0.03429010034963584,2,0.7075,0.1356659331399442,351,,,,0.15368916688392736,0,0.0,-14,14,0.03850370531822144,0.09,0.04286517962889854,0.1054172767203514,16,0,0.3640302744294858,0,0.2602031787215576,0,0.22775262269975782,0,912,912,7,6,607,298,1200,0,674.78388,162.52196400091634,20.460820000153035,,
spherical_g16_d2_s2,1200,16,spherical,2,2026092712,5,50,2,hdbscan_common,0.0,,0.0,0.0,0,0.0,0.0,1200,,,,0.10378617695653126,0,0.0,-16,16,0.0,0.0,0.0,0.0,16,0,0.25946695907376593,0,0.15578183580751667,0,0.0,0,1199,1011,1,0,304,706,1200,0,,,24.215118999563856,True,True
spherical_g16_d2_s2,1200,16,spherical,2,2026092712,5,50,1,hdbscan_standard,0.0,,0.0,0.0,0,0.0,0.0,1200,,,,0.10378617695653126,0,0.0,-16,16,0.0,0.0,0.0,0.0,16,0,,,,,,,,,,,,,,,,,,,
spherical_g16_d2_s2,1200,16,spherical,2,2026092712,5,100,1,hgp_first_coverage,0.0,,0.0,0.0,0,0.0,0.0,1200,,,,0.15368916688392736,0,0.0,-16,16,0.0,0.0,0.0,0.0,0,16,0.3640302744294858,0,0.18218926053559048,0,0.0,0,912,912,1,0,625,286,1200,0,674.78388,162.52196400091634,20.02439599891659,,
spherical_g16_d2_s2,1200,16,spherical,2,2026092712,5,100,1,hdbscan_common,0.0,,0.0,0.0,0,0.0,0.0,1200,,,,0.10378617695653126,0,0.0,-16,16,0.0,0.0,0.0,0.0,0,16,0.25946695907376593,0,0.15578183580751667,0,0.0,0,1199,1011,1,0,316,694,1200,0,,,23.944394000864122,True,True
spherical_g16_d2_s2,1200,16,spherical,2,2026092712,5,100,2,hgp_first_coverage,0.0,,0.0,0.0,0,0.0,0.0,1200,,,,0.15368916688392736,0,0.0,-16,16,0.0,0.0,0.0,0.0,0,16,0.3640302744294858,0,0.18218926053559048,0,0.0,0,912,912,1,0,625,286,1200,0,674.78388,162.52196400091634,20.50065400180756,,
spherical_g16_d2_s2,1200,16,spherical,2,2026092712,5,100,2,hdbscan_common,0.0,,0.0,0.0,0,0.0,0.0,1200,,,,0.10378617695653126,0,0.0,-16,16,0.0,0.0,0.0,0.0,0,16,0.25946695907376593,0,0.15578183580751667,0,0.0,0,1199,1011,1,0,316,694,1200,0,,,24.08975499929511,True,True
spherical_g16_d2_s2,1200,16,spherical,2,2026092712,5,100,1,hdbscan_standard,0.0,,0.0,0.0,0,0.0,0.0,1200,,,,0.10378617695653126,0,0.0,-16,16,0.0,0.0,0.0,0.0,0,16,,,,,,,,,,,,,,,,,,,
spherical_g16_d2_s2,1200,16,spherical,2,2026092712,10,10,1,hgp_first_coverage,0.0106096787157741,0.006765032745293743,0.00861718794312374,0.0106096787157741,3,0.9325,0.11161354595017099,81,,,,0.17843179378852408,0,0.0,-13,13,0.06681629834254144,0.08,0.03541868540051679,0.08279430789133248,16,0,0.40282271128306435,0,0.40282271128306435,0,0.4005161165097841,0,839,839,63,62,249,527,1200,0,3036.805228,1283.5327820030216,20.61220099858474,,
spherical_g16_d2_s2,1200,16,spherical,2,2026092712,10,10,1,hdbscan_common,0.014661401975165194,0.004666703454291656,0.010367351195166276,0.014661401975165194,2,0.7258333333333333,0.07327580386045628,329,,,,0.08374511226016604,0,0.0,-14,14,0.06753796728971963,0.07,0.030097565341926244,0.08112023177209078,16,0,0.21380237679769054,0,0.21033746182288413,0,0.2024719718923587,0,1199,1115,17,16,102,996,1200,0,,,24.00308399955975,False,True
spherical_g16_d2_s2,1200,16,spherical,2,2026092712,10,10,2,hgp_first_coverage,0.031924901872422404,0.2729810760410125,0.10573995047804247,0.031924901872422404,32,0.5383333333333333,0.3585642451496409,554,,,,0.17843179378852408,0,0.0,16,16,0.6080990747026931,0.19666666666666668,0.2896424161383307,0.25568797399783316,16,0,0.40282271128306435,0,0.40282271128306435,0,0.4005161165097841,0,839,839,63,62,249,527,1200,0,3036.805228,1283.5327820030216,20.351596002001315,,
spherical_g16_d2_s2,1200,16,spherical,2,2026092712,10,10,2,hdbscan_common,0.014661401975165194,0.004666703454291656,0.010367351195166276,0.014661401975165194,2,0.7258333333333333,0.07327580386045628,329,,,,0.08374511226016604,0,0.0,-14,14,0.06753796728971963,0.07,0.030097565341926244,0.08112023177209078,16,0,0.21380237679769054,0,0.21033746182288413,0,0.2024719718923587,0,1199,1115,17,16,102,996,1200,0,,,24.07118100018124,False,True
spherical_g16_d2_s2,1200,16,spherical,2,2026092712,10,10,1,hdbscan_standard,0.014561126505218134,0.00496801180221823,0.010444039023605238,0.014561126505218134,2,0.7266666666666667,0.07406926622038779,328,,,,0.08374511226016604,0,0.0,-14,14,0.06753796728971963,0.07083333333333333,0.03124225398661489,0.08204633204633205,16,0,,,,,,,,,,,,,,,,,,,
spherical_g16_d2_s2,1200,16,spherical,2,2026092712,10,20,1,hgp_first_coverage,0.012083055357365447,0.010886753981466971,0.011428497129496371,0.012083055357365447,2,0.9466666666666667,0.11725683119367167,64,,,,0.17843179378852408,0,0.0,-14,14,0.06431629834254143,0.10250000000000001,0.05607493540051679,0.1053082191780822,16,0,0.40282271128306435,0,0.39740604461639767,0,0.3938779006853377,0,839,839,33,32,382,424,1200,0,3036.805228,1283.5327820030216,19.614331002230756,,
spherical_g16_d2_s2,1200,16,spherical,2,2026092712,10,20,1,hdbscan_common,0.021271341362654836,0.03211918812364239,0.04227147862535685,0.021271341362654836,3,0.3675,0.11364179040312318,759,,,,0.08374511226016604,0,0.0,-13,13,0.10515156374927949,0.07666666666666667,0.06057564128614354,0.11212675198049969,16,0,0.21380237679769054,0,0.19586131230609075,0,0.17377838080575014,0,1199,1115,7,6,147,961,1200,0,,,24.66356600052677,False,True
spherical_g16_d2_s2,1200,16,spherical,2,2026092712,10,20,2,hgp_first_coverage,0.012083055357365447,0.010886753981466971,0.011428497129496371,0.012083055357365447,2,0.9466666666666667,0.11725683119367167,64,,,,0.17843179378852408,0,0.0,-14,14,0.06431629834254143,0.10250000000000001,0.05607493540051679,0.1053082191780822,16,0,0.40282271128306435,0,0.39740604461639767,0,0.3938779006853377,0,839,839,33,32,382,424,1200,0,3036.805228,1283.5327820030216,19.50542800113908,,
spherical_g16_d2_s2,1200,16,spherical,2,2026092712,10,20,2,hdbscan_common,0.021271341362654836,0.03211918812364239,0.04227147862535685,0.021271341362654836,3,0.3675,0.11364179040312318,759,,,,0.08374511226016604,0,0.0,-13,13,0.10515156374927949,0.07666666666666667,0.06057564128614354,0.11212675198049969,16,0,0.21380237679769054,0,0.19586131230609075,0,0.17377838080575014,0,1199,1115,7,6,147,961,1200,0,,,23.896795999462483,False,True
spherical_g16_d2_s2,1200,16,spherical,2,2026092712,10,20,1,hdbscan_standard,0.021350174828761604,0.032838535898979025,0.042543134678720104,0.021350174828761604,3,0.36833333333333335,0.11466770004027389,758,,,,0.08374511226016604,0,0.0,-13,13,0.10569268929040503,0.0775,0.06163610090813667,0.11327649208282582,16,0,,,,,,,,,,,,,,,,,,,
spherical_g16_d2_s2,1200,16,spherical,2,2026092712,10,50,1,hgp_first_coverage,0.012083055357365447,0.010886753981466971,0.011428497129496371,0.012083055357365447,2,0.9466666666666667,0.11725683119367167,64,,,,0.17843179378852408,0,0.0,-14,14,0.06431629834254143,0.10250000000000001,0.05607493540051679,0.1053082191780822,16,0,0.40282271128306435,0,0.33186616163377786,0,0.32338449887022064,0,839,839,11,10,472,356,1200,0,3036.805228,1283.5327820030216,19.422433000727324,,
spherical_g16_d2_s2,1200,16,spherical,2,2026092712,10,50,1,hdbscan_common,0.0,,0.0,0.0,0,0.0,0.0,1200,,,,0.08374511226016604,0,0.0,-16,16,0.0,0.0,0.0,0.0,16,0,0.21380237679769054,0,0.15884663725278517,0,0.0,0,1199,1115,1,0,165,949,1200,0,,,23.892166998848552,True,True
spherical_g16_d2_s2,1200,16,spherical,2,2026092712,10,50,2,hgp_first_coverage,0.012083055357365447,0.010886753981466971,0.011428497129496371,0.012083055357365447,2,0.9466666666666667,0.11725683119367167,64,,,,0.17843179378852408,0,0.0,-14,14,0.06431629834254143,0.10250000000000001,0.05607493540051679,0.1053082191780822,16,0,0.40282271128306435,0,0.33186616163377786,0,0.32338449887022064,0,839,839,11,10,472,356,1200,0,3036.805228,1283.5327820030216,19.2687670023588,,
spherical_g16_d2_s2,1200,16,spherical,2,2026092712,10,50,2,hdbscan_common,0.0,,0.0,0.0,0,0.0,0.0,1200,,,,0.08374511226016604,0,0.0,-16,16,0.0,0.0,0.0,0.0,16,0,0.21380237679769054,0,0.15884663725278517,0,0.0,0,1199,1115,1,0,165,949,1200,0,,,24.081569998088526,True,True
spherical_g16_d2_s2,1200,16,spherical,2,2026092712,10,50,1,hdbscan_standard,0.0,,0.0,0.0,0,0.0,0.0,1200,,,,0.08374511226016604,0,0.0,-16,16,0.0,0.0,0.0,0.0,16,0,,,,,,,,,,,,,,,,,,,
spherical_g16_d2_s2,1200,16,spherical,2,2026092712,10,100,1,hgp_first_coverage,0.05930486105998739,0.0538720409902199,0.07572545837378347,0.05930486105998739,2,0.48583333333333334,0.19482547224005475,617,,,,0.17843179378852408,0,0.0,-14,14,0.03331914662416691,0.095,0.045409119599104875,0.12787436904094224,0,16,0.40282271128306435,0,0.21675625442517626,0,0.16389887726412028,0,839,839,3,2,511,325,1200,0,3036.805228,1283.5327820030216,19.1160319991468,,
spherical_g16_d2_s2,1200,16,spherical,2,2026092712,10,100,1,hdbscan_common,0.0,,0.0,0.0,0,0.0,0.0,1200,,,,0.08374511226016604,0,0.0,-16,16,0.0,0.0,0.0,0.0,0,16,0.21380237679769054,0,0.15884663725278517,0,0.0,0,1199,1115,1,0,201,913,1200,0,,,25.485738999122987,True,True
spherical_g16_d2_s2,1200,16,spherical,2,2026092712,10,100,2,hgp_first_coverage,0.05930486105998739,0.0538720409902199,0.07572545837378347,0.05930486105998739,2,0.48583333333333334,0.19482547224005475,617,,,,0.17843179378852408,0,0.0,-14,14,0.03331914662416691,0.095,0.045409119599104875,0.12787436904094224,0,16,0.40282271128306435,0,0.21675625442517626,0,0.16389887726412028,0,839,839,3,2,511,325,1200,0,3036.805228,1283.5327820030216,23.406532000080915,,
spherical_g16_d2_s2,1200,16,spherical,2,2026092712,10,100,2,hdbscan_common,0.0,,0.0,0.0,0,0.0,0.0,1200,,,,0.08374511226016604,0,0.0,-16,16,0.0,0.0,0.0,0.0,0,16,0.21380237679769054,0,0.15884663725278517,0,0.0,0,1199,1115,1,0,201,913,1200,0,,,25.119435998931294,True,True
spherical_g16_d2_s2,1200,16,spherical,2,2026092712,10,100,1,hdbscan_standard,0.0,,0.0,0.0,0,0.0,0.0,1200,,,,0.08374511226016604,0,0.0,-16,16,0.0,0.0,0.0,0.0,0,16,,,,,,,,,,,,,,,,,,,
spherical_g16_d2_s3,1200,16,spherical,2,2026092713,5,10,1,hgp_first_coverage,0.03313868120147317,0.2644341721853798,0.1093075961997366,0.03313868120147317,31,0.5391666666666667,0.3374054831403419,553,,,,0.15709122753025198,0,0.0,15,15,0.6249559539896351,0.20333333333333334,0.2838013923640191,0.2642122360584732,16,0,0.3584846858963937,0,0.3584846858963937,0,0.3562544082675932,0,914,914,71,70,428,415,1200,0,656.740503,156.27315299934708,22.224682001251495,,
spherical_g16_d2_s3,1200,16,spherical,2,2026092713,5,10,1,hdbscan_common,0.018995692880905357,0.02822568788369853,0.03000291977214731,0.018995692880905357,6,0.47333333333333333,0.12681500143805924,632,,,,0.09448582683707746,0,0.0,-10,10,0.19004617914979757,0.0825,0.07671927427255061,0.11199095022624435,16,0,0.2587557244771195,0,0.256990809109263,0,0.2521764506611812,0,1199,1024,23,22,213,788,1200,0,,,25.2145019985619,False,True
spherical_g16_d2_s3,1200,16,spherical,2,2026092713,5,10,2,hgp_first_coverage,0.03313868120147317,0.2644341721853798,0.1093075961997366,0.03313868120147317,31,0.5391666666666667,0.3374054831403419,553,,,,0.15709122753025198,0,0.0,15,15,0.6249559539896351,0.20333333333333334,0.2838013923640191,0.2642122360584732,16,0,0.3584846858963937,0,0.3584846858963937,0,0.3562544082675932,0,914,914,71,70,428,415,1200,0,656.740503,156.27315299934708,22.692860999086406,,
spherical_g16_d2_s3,1200,16,spherical,2,2026092713,5,10,2,hdbscan_common,0.018995692880905357,0.02822568788369853,0.03000291977214731,0.018995692880905357,6,0.47333333333333333,0.12681500143805924,632,,,,0.09448582683707746,0,0.0,-10,10,0.19004617914979757,0.0825,0.07671927427255061,0.11199095022624435,16,0,0.2587557244771195,0,0.256990809109263,0,0.2521764506611812,0,1199,1024,23,22,213,788,1200,0,,,25.43778899780591,False,True
spherical_g16_d2_s3,1200,16,spherical,2,2026092713,5,10,1,hdbscan_standard,0.01898560833503425,0.0283753466696482,0.030017450528598538,0.01898560833503425,6,0.4741666666666667,0.12713635530612932,631,,,,0.09448582683707746,0,0.0,-10,10,0.18764233299595143,0.0825,0.07662131189010547,0.11192764273600904,16,0,,,,,,,,,,,,,,,,,,,
spherical_g16_d2_s3,1200,16,spherical,2,2026092713,5,20,1,hgp_first_coverage,0.03890334165846114,0.039615780452861266,0.039949938291312055,0.03890334165846114,4,0.7466666666666667,0.20021188688896793,304,,,,0.15709122753025198,0,0.0,-12,12,0.1485412769238548,0.155,0.12604595198403248,0.17748091603053434,16,0,0.3584846858963937,0,0.35067028214785473,0,0.3476677441520494,0,914,914,21,20,519,374,1200,0,656.740503,156.27315299934708,20.845868002652423,,
spherical_g16_d2_s3,1200,16,spherical,2,2026092713,5,20,1,hdbscan_common,0.023334633217860692,0.009880930353614639,0.02048341571582608,0.023334633217860692,2,0.59,0.09310164130189963,492,,,,0.09448582683707746,0,0.0,-14,14,0.05632858727810651,0.07166666666666667,0.04036051619647324,0.09014675052410902,16,0,0.2587557244771195,0,0.23534497742168559,0,0.21848976031127265,0,1199,1024,9,8,266,749,1200,0,,,25.13497399922926,False,True
spherical_g16_d2_s3,1200,16,spherical,2,2026092713,5,20,2,hgp_first_coverage,0.06011180667596545,0.2853008927384978,0.15904631193948957,0.06011180667596545,10,0.5175,0.3034703707394544,579,,,,0.15709122753025198,0,0.0,-6,6,0.3073487236796415,0.22416666666666668,0.24058518668780435,0.2954420647995607,16,0,0.3584846858963937,0,0.35067028214785473,0,0.3476677441520494,0,914,914,21,20,519,374,1200,0,656.740503,156.27315299934708,28.08939299939084,,
spherical_g16_d2_s3,1200,16,spherical,2,2026092713,5,20,2,hdbscan_common,0.023334633217860692,0.009880930353614639,0.02048341571582608,0.023334633217860692,2,0.59,0.09310164130189963,492,,,,0.09448582683707746,0,0.0,-14,14,0.05632858727810651,0.07166666666666667,0.04036051619647324,0.09014675052410902,16,0,0.2587557244771195,0,0.23534497742168559,0,0.21848976031127265,0,1199,1024,9,8,266,749,1200,0,,,25.217377999069868,False,True
spherical_g16_d2_s3,1200,16,spherical,2,2026092713,5,20,1,hdbscan_standard,0.023064954977139597,0.009617757835112737,0.020150997803516184,0.023064954977139597,2,0.5908333333333333,0.09215719126624489,491,,,,0.09448582683707746,0,0.0,-14,14,0.05632039327917282,0.07166666666666667,0.040347236031020084,0.09009952854897853,16,0,,,,,,,,,,,,,,,,,,,
spherical_g16_d2_s3,1200,16,spherical,2,2026092713,5,50,1,hgp_first_coverage,0.024110598630467935,0.02204318478183285,0.022985228614403788,0.024110598630467935,3,0.8408333333333333,0.16176208647715679,191,,,,0.15709122753025198,0,0.0,-13,13,0.10661554211795324,0.13416666666666666,0.094402016824849,0.14576731552738795,16,0,0.3584846858963937,0,0.31612069388323494,0,0.31052806377696957,0,914,914,13,12,588,313,1200,0,656.740503,156.27315299934708,20.48671699958504,,
spherical_g16_d2_s3,1200,16,spherical,2,2026092713,5,50,1,hdbscan_common,0.013367539368851688,0.04842859750245146,0.04039598504466312,0.013367539368851688,2,0.2916666666666667,0.1005795998617689,850,,,,0.09448582683707746,0,0.0,-14,14,0.02788677773188306,0.051666666666666666,0.03347681872391175,0.08,16,0,0.2587557244771195,0,0.209301160753122,0,0.18112822968929865,0,1199,1024,5,4,308,711,1200,0,,,24.50892699926044,False,True
spherical_g16_d2_s3,1200,16,spherical,2,2026092713,5,50,2,hgp_first_coverage,0.024110598630467935,0.02204318478183285,0.022985228614403788,0.024110598630467935,3,0.8408333333333333,0.16176208647715679,191,,,,0.15709122753025198,0,0.0,-13,13,0.10661554211795324,0.13416666666666666,0.094402016824849,0.14576731552738795,16,0,0.3584846858963937,0,0.31612069388323494,0,0.31052806377696957,0,914,914,13,12,588,313,1200,0,656.740503,156.27315299934708,22.572537000087323,,
spherical_g16_d2_s3,1200,16,spherical,2,2026092713,5,50,2,hdbscan_common,0.013367539368851688,0.04842859750245146,0.04039598504466312,0.013367539368851688,2,0.2916666666666667,0.1005795998617689,850,,,,0.09448582683707746,0,0.0,-14,14,0.02788677773188306,0.051666666666666666,0.03347681872391175,0.08,16,0,0.2587557244771195,0,0.209301160753122,0,0.18112822968929865,0,1199,1024,5,4,308,711,1200,0,,,29.08484900035546,False,True
spherical_g16_d2_s3,1200,16,spherical,2,2026092713,5,50,1,hdbscan_standard,0.013427871636676438,0.04792893506129852,0.040283619385822374,0.013427871636676438,2,0.2925,0.1002903019619911,849,,,,0.09448582683707746,0,0.0,-14,14,0.027651532323873424,0.051666666666666666,0.03334922604058658,0.07994842037395229,16,0,,,,,,,,,,,,,,,,,,,
spherical_g16_d2_s3,1200,16,spherical,2,2026092713,5,100,1,hgp_first_coverage,0.049281347304747175,0.05788285217601555,0.06762043383410038,0.049281347304747175,2,0.49083333333333334,0.16193229468364104,611,,,,0.15709122753025198,0,0.0,-14,14,0.02582571665974242,0.0875,0.03863720186869929,0.11738401341531582,0,16,0.3584846858963937,0,0.21187642993684666,0,0.16766453569379558,0,914,914,3,2,624,287,1200,0,656.740503,156.27315299934708,21.29698800126789,,
spherical_g16_d2_s3,1200,16,spherical,2,2026092713,5,100,1,hdbscan_common,0.0,,0.0,0.0,0,0.0,0.0,1200,,,,0.09448582683707746,0,0.0,-16,16,0.0,0.0,0.0,0.0,0,16,0.2587557244771195,0,0.16851151502719447,0,0.0,0,1199,1024,1,0,356,667,1200,0,,,26.45389299868839,True,True
spherical_g16_d2_s3,1200,16,spherical,2,2026092713,5,100,2,hgp_first_coverage,0.049281347304747175,0.05788285217601555,0.06762043383410038,0.049281347304747175,2,0.49083333333333334,0.16193229468364104,611,,,,0.15709122753025198,0,0.0,-14,14,0.02582571665974242,0.0875,0.03863720186869929,0.11738401341531582,0,16,0.3584846858963937,0,0.21187642993684666,0,0.16766453569379558,0,914,914,3,2,624,287,1200,0,656.740503,156.27315299934708,22.910446998139378,,
spherical_g16_d2_s3,1200,16,spherical,2,2026092713,5,100,2,hdbscan_common,0.0,,0.0,0.0,0,0.0,0.0,1200,,,,0.09448582683707746,0,0.0,-16,16,0.0,0.0,0.0,0.0,0,16,0.2587557244771195,0,0.16851151502719447,0,0.0,0,1199,1024,1,0,356,667,1200,0,,,46.274028998595895,True,True
spherical_g16_d2_s3,1200,16,spherical,2,2026092713,5,100,1,hdbscan_standard,0.0,,0.0,0.0,0,0.0,0.0,1200,,,,0.09448582683707746,0,0.0,-16,16,0.0,0.0,0.0,0.0,0,16,,,,,,,,,,,,,,,,,,,
spherical_g16_d2_s3,1200,16,spherical,2,2026092713,10,10,1,hgp_first_coverage,0.03323626635043747,0.32399352326060094,0.11532908762737928,0.03323626635043747,31,0.49166666666666664,0.3349934091511507,610,,,,0.16300856887563558,0,0.0,15,15,0.6368764904535145,0.19,0.27279626354062686,0.2547486033519553,16,0,0.3605099409394642,0,0.3605099409394642,0,0.35740660748029407,0,839,839,69,68,256,514,1200,0,2932.896188,1322.9150709994428,21.35612799975206,,
spherical_g16_d2_s3,1200,16,spherical,2,2026092713,10,10,1,hdbscan_common,0.020192473294791312,0.02771977251128038,0.03339244672583614,0.020192473294791312,4,0.43333333333333335,0.11704726608109527,680,,,,0.08398608055145566,0,0.0,-12,12,0.1810551736399194,0.08,0.0718788978906843,0.11162790697674418,16,0,0.22931144881295432,0,0.22931144881295432,0,0.21866263283017506,0,1199,1111,13,12,70,1028,1200,0,,,24.61824199781404,False,True
spherical_g16_d2_s3,1200,16,spherical,2,2026092713,10,10,2,hgp_first_coverage,0.03323626635043747,0.32399352326060094,0.11532908762737928,0.03323626635043747,31,0.49166666666666664,0.3349934091511507,610,,,,0.16300856887563558,0,0.0,15,15,0.6368764904535145,0.19,0.27279626354062686,0.2547486033519553,16,0,0.3605099409394642,0,0.3605099409394642,0,0.35740660748029407,0,839,839,69,68,256,514,1200,0,2932.896188,1322.9150709994428,20.600679999915883,,
spherical_g16_d2_s3,1200,16,spherical,2,2026092713,10,10,2,hdbscan_common,0.013587591957904183,0.09491429158192574,0.05116871838581434,0.013587591957904183,5,0.31666666666666665,0.14721325933838586,820,,,,0.08398608055145566,0,0.0,-11,11,0.20068679056450794,0.08666666666666667,0.09294904105521273,0.13164556962025317,16,0,0.22931144881295432,0,0.22931144881295432,0,0.21866263283017506,0,1199,1111,13,12,70,1028,1200,0,,,26.39444300075411,False,True
spherical_g16_d2_s3,1200,16,spherical,2,2026092713,10,10,1,hdbscan_standard,0.02013386514289719,0.0271724935024247,0.032928904835341624,0.02013386514289719,4,0.43583333333333335,0.11619908679910489,677,,,,0.08398608055145566,0,0.0,-12,12,0.1769052413830895,0.08,0.07164408631867301,0.1114335461404527,16,0,,,,,,,,,,,,,,,,,,,
spherical_g16_d2_s3,1200,16,spherical,2,2026092713,10,20,1,hgp_first_coverage,0.03688757312642331,0.03579838098521389,0.03622415972711002,0.03688757312642331,4,0.8283333333333334,0.21518667774474598,206,,,,0.16300856887563558,0,0.0,-12,12,0.1536455804871465,0.16666666666666666,0.13217838574629753,0.18231540565177756,16,0,0.3605099409394642,0,0.3539505720124166,0,0.34684522962704994,0,839,839,21,20,372,446,1200,0,2932.896188,1322.9150709994428,26.499367999349488,,
spherical_g16_d2_s3,1200,16,spherical,2,2026092713,10,20,1,hdbscan_common,0.02092813055707761,0.010984477580917308,0.025779927436919096,0.02092813055707761,2,0.45666666666666667,0.08421869286674996,652,,,,0.08398608055145566,0,0.0,-14,14,0.06051244382993433,0.06166666666666666,0.03592380396932947,0.08466819221967964,16,0,0.22931144881295432,0,0.20857643747380905,0,0.18663477854028893,0,1199,1111,7,6,106,998,1200,0,,,25.420436999411322,False,True
spherical_g16_d2_s3,1200,16,spherical,2,2026092713,10,20,2,hgp_first_coverage,0.03688757312642331,0.03579838098521389,0.03622415972711002,0.03688757312642331,4,0.8283333333333334,0.21518667774474598,206,,,,0.16300856887563558,0,0.0,-12,12,0.1536455804871465,0.16666666666666666,0.13217838574629753,0.18231540565177756,16,0,0.3605099409394642,0,0.3539505720124166,0,0.34684522962704994,0,839,839,21,20,372,446,1200,0,2932.896188,1322.9150709994428,20.482640000409447,,
spherical_g16_d2_s3,1200,16,spherical,2,2026092713,10,20,2,hdbscan_common,0.02092813055707761,0.010984477580917308,0.025779927436919096,0.02092813055707761,2,0.45666666666666667,0.08421869286674996,652,,,,0.08398608055145566,0,0.0,-14,14,0.06051244382993433,0.06166666666666666,0.03592380396932947,0.08466819221967964,16,0,0.22931144881295432,0,0.20857643747380905,0,0.18663477854028893,0,1199,1111,7,6,106,998,1200,0,,,28.024481998727424,False,True
spherical_g16_d2_s3,1200,16,spherical,2,2026092713,10,20,1,hdbscan_standard,0.021024054998095825,0.010939774487672072,0.02579911008108782,0.021024054998095825,2,0.4575,0.08441843127706421,651,,,,0.08398608055145566,0,0.0,-14,14,0.0605000431257547,0.06166666666666666,0.035904801863205126,0.08461978273299028,16,0,,,,,,,,,,,,,,,,,,,
spherical_g16_d2_s3,1200,16,spherical,2,2026092713,10,50,1,hgp_first_coverage,0.027244930340203036,0.02580738413779762,0.026369314875796027,0.027244930340203036,3,0.8683333333333333,0.1854836196851019,158,,,,0.16300856887563558,0,0.0,-13,13,0.10929084120966163,0.14583333333333331,0.1024312117752054,0.15611061552185548,16,0,0.3605099409394642,0,0.3281100136141685,0,0.31819691352169116,0,839,839,13,12,441,385,1200,0,2932.896188,1322.9150709994428,20.58338799906778,,
spherical_g16_d2_s3,1200,16,spherical,2,2026092713,10,50,1,hdbscan_common,0.014119712921998161,0.05247532970984249,0.04342552987734958,0.014119712921998161,2,0.27666666666666667,0.10418250520941315,868,,,,0.08398608055145566,0,0.0,-14,14,0.026517210144927535,0.05,0.03295314133637487,0.0783289817232376,16,0,0.22931144881295432,0,0.18424992299035117,0,0.14342980705256153,0,1199,1111,3,2,167,941,1200,0,,,25.284292998549063,False,True
spherical_g16_d2_s3,1200,16,spherical,2,2026092713,10,50,2,hgp_first_coverage,0.027244930340203036,0.02580738413779762,0.026369314875796027,0.027244930340203036,3,0.8683333333333333,0.1854836196851019,158,,,,0.16300856887563558,0,0.0,-13,13,0.10929084120966163,0.14583333333333331,0.1024312117752054,0.15611061552185548,16,0,0.3605099409394642,0,0.3281100136141685,0,0.31819691352169116,0,839,839,13,12,441,385,1200,0,2932.896188,1322.9150709994428,20.390850000694627,,
spherical_g16_d2_s3,1200,16,spherical,2,2026092713,10,50,2,hdbscan_common,0.014119712921998161,0.05247532970984249,0.04342552987734958,0.014119712921998161,2,0.27666666666666667,0.10418250520941315,868,,,,0.08398608055145566,0,0.0,-14,14,0.026517210144927535,0.05,0.03295314133637487,0.0783289817232376,16,0,0.22931144881295432,0,0.18424992299035117,0,0.14342980705256153,0,1199,1111,3,2,167,941,1200,0,,,26.114690997928847,False,True
spherical_g16_d2_s3,1200,16,spherical,2,2026092713,10,50,1,hdbscan_standard,0.014127802899172287,0.052006150117870215,0.04322279859751738,0.014127802899172287,2,0.2775,0.10285023987719649,867,,,,0.08398608055145566,0,0.0,-14,14,0.026327284946236557,0.05,0.03283730158730159,0.07827788649706457,16,0,,,,,,,,,,,,,,,,,,,
spherical_g16_d2_s3,1200,16,spherical,2,2026092713,10,100,1,hgp_first_coverage,0.043878868388573834,0.05178377438573833,0.061625861500455924,0.043878868388573834,2,0.48083333333333333,0.15419822992960447,623,,,,0.16300856887563558,0,0.0,-14,14,0.02752289121039704,0.08499999999999999,0.0397181301114585,0.11480022509848059,0,16,0.3605099409394642,0,0.2281015303662842,0,0.20079413826655088,0,839,839,5,4,500,334,1200,0,2932.896188,1322.9150709994428,19.63474899821449,,
spherical_g16_d2_s3,1200,16,spherical,2,2026092713,10,100,1,hdbscan_common,0.0,,0.0,0.0,0,0.0,0.0,1200,,,,0.08398608055145566,0,0.0,-16,16,0.0,0.0,0.0,0.0,0,16,0.22931144881295432,0,0.1574093354707531,0,0.0,0,1199,1111,1,0,230,880,1200,0,,,27.451984999061096,True,True
spherical_g16_d2_s3,1200,16,spherical,2,2026092713,10,100,2,hgp_first_coverage,0.043878868388573834,0.05178377438573833,0.061625861500455924,0.043878868388573834,2,0.48083333333333333,0.15419822992960447,623,,,,0.16300856887563558,0,0.0,-14,14,0.02752289121039704,0.08499999999999999,0.0397181301114585,0.11480022509848059,0,16,0.3605099409394642,0,0.2281015303662842,0,0.20079413826655088,0,839,839,5,4,500,334,1200,0,2932.896188,1322.9150709994428,19.55623300091247,,
spherical_g16_d2_s3,1200,16,spherical,2,2026092713,10,100,2,hdbscan_common,0.0,,0.0,0.0,0,0.0,0.0,1200,,,,0.08398608055145566,0,0.0,-16,16,0.0,0.0,0.0,0.0,0,16,0.22931144881295432,0,0.1574093354707531,0,0.0,0,1199,1111,1,0,230,880,1200,0,,,25.518570000713225,True,True
spherical_g16_d2_s3,1200,16,spherical,2,2026092713,10,100,1,hdbscan_standard,0.0,,0.0,0.0,0,0.0,0.0,1200,,,,0.08398608055145566,0,0.0,-16,16,0.0,0.0,0.0,0.0,0,16,,,,,,,,,,,,,,,,,,,
anisotropic_g8_d8_s1,1200,8,anisotropic,8,2026092711,5,10,1,hgp_first_coverage,0.990418770531599,0.9942522196267826,0.9904569223505939,0.990418770531599,8,0.9966666666666667,0.9869003052902573,4,,,,0.9920285461584543,1,0.125,0,0,0.9975055187637969,0.9941666666666666,0.9958249441648034,0.9958263772954925,8,0,0.9970707728221588,2,0.9970707728221588,2,0.9958249441648034,1,940,940,65,64,409,466,1200,0,595.110742,100.77977599939913,22.564953000255628,,
anisotropic_g8_d8_s1,1200,8,anisotropic,8,2026092711,5,10,1,hdbscan_common,0.968625230127834,0.9980352239815217,0.9703491751798831,0.968625230127834,8,0.9758333333333333,0.9629788973567873,29,,,,0.9706933156958484,2,0.25,0,0,0.9991610738255033,0.975,0.986843664130801,0.9869253479544496,8,0,0.986843664130801,2,0.986843664130801,2,0.986843664130801,2,1199,1050,35,34,204,811,1200,0,,,24.618432002171176,False,True
anisotropic_g8_d8_s1,1200,8,anisotropic,8,2026092711,5,10,2,hgp_first_coverage,0.990418770531599,0.9942522196267826,0.9904569223505939,0.990418770531599,8,0.9966666666666667,0.9869003052902573,4,,,,0.9920285461584543,1,0.125,0,0,0.9975055187637969,0.9941666666666666,0.9958249441648034,0.9958263772954925,8,0,0.9970707728221588,2,0.9970707728221588,2,0.9958249441648034,1,940,940,65,64,409,466,1200,0,595.110742,100.77977599939913,22.140241002489347,,
anisotropic_g8_d8_s1,1200,8,anisotropic,8,2026092711,5,10,2,hdbscan_common,0.9370343001421444,0.9899514047661592,0.9382654109196868,0.9370343001421444,9,0.9525,0.9424201941646999,57,,,,0.9706933156958484,2,0.25,1,1,0.9991610738255033,0.9425,0.9670469777915298,0.9654289372599232,8,0,0.986843664130801,2,0.986843664130801,2,0.986843664130801,2,1199,1050,35,34,204,811,1200,0,,,25.87947299980442,False,True
anisotropic_g8_d8_s1,1200,8,anisotropic,8,2026092711,5,10,1,hdbscan_standard,0.9661599081139383,0.9922342808213418,0.967556877766085,0.9661599081139383,8,0.9783333333333334,0.9588012385185344,26,,,,0.9706933156958484,1,0.125,0,0,0.996615025906888,0.975,0.9855981607360353,0.9856781802864364,8,0,,,,,,,,,,,,,,,,,,,
anisotropic_g8_d8_s1,1200,8,anisotropic,8,2026092711,5,20,1,hgp_first_coverage,0.990418770531599,0.9942522196267826,0.9904569223505939,0.990418770531599,8,0.9966666666666667,0.9869003052902573,4,,,,0.9920285461584543,1,0.125,0,0,0.9975055187637969,0.9941666666666666,0.9958249441648034,0.9958263772954925,8,0,0.9970707728221588,2,0.9970707728221588,2,0.9958249441648034,1,940,940,29,28,525,386,1200,0,595.110742,100.77977599939913,21.78876499965554,,
anisotropic_g8_d8_s1,1200,8,anisotropic,8,2026092711,5,20,1,hdbscan_common,0.968625230127834,0.9980352239815217,0.9703491751798831,0.968625230127834,8,0.9758333333333333,0.9629788973567873,29,,,,0.9706933156958484,2,0.25,0,0,0.9991610738255033,0.975,0.986843664130801,0.9869253479544496,8,0,0.986843664130801,2,0.986843664130801,2,0.986843664130801,2,1199,1050,17,16,276,757,1200,0,,,27.23294600218651,False,True
anisotropic_g8_d8_s1,1200,8,anisotropic,8,2026092711,5,20,2,hgp_first_coverage,0.990418770531599,0.9942522196267826,0.9904569223505939,0.990418770531599,8,0.9966666666666667,0.9869003052902573,4,,,,0.9920285461584543,1,0.125,0,0,0.9975055187637969,0.9941666666666666,0.9958249441648034,0.9958263772954925,8,0,0.9970707728221588,2,0.9970707728221588,2,0.9958249441648034,1,940,940,29,28,525,386,1200,0,595.110742,100.77977599939913,22.637808000581572,,
anisotropic_g8_d8_s1,1200,8,anisotropic,8,2026092711,5,20,2,hdbscan_common,0.968625230127834,0.9980352239815217,0.9703491751798831,0.968625230127834,8,0.9758333333333333,0.9629788973567873,29,,,,0.9706933156958484,2,0.25,0,0,0.9991610738255033,0.975,0.986843664130801,0.9869253479544496,8,0,0.986843664130801,2,0.986843664130801,2,0.986843664130801,2,1199,1050,17,16,276,757,1200,0,,,25.181541001074947,False,True
anisotropic_g8_d8_s1,1200,8,anisotropic,8,2026092711,5,20,1,hdbscan_standard,0.9661599081139383,0.9922342808213418,0.967556877766085,0.9661599081139383,8,0.9783333333333334,0.9588012385185344,26,,,,0.9706933156958484,1,0.125,0,0,0.996615025906888,0.975,0.9855981607360353,0.9856781802864364,8,0,,,,,,,,,,,,,,,,,,,
anisotropic_g8_d8_s1,1200,8,anisotropic,8,2026092711,5,50,1,hgp_first_coverage,0.990418770531599,0.9942522196267826,0.9904569223505939,0.990418770531599,8,0.9966666666666667,0.9869003052902573,4,,,,0.9920285461584543,1,0.125,0,0,0.9975055187637969,0.9941666666666666,0.9958249441648034,0.9958263772954925,8,0,0.9970707728221588,2,0.9970707728221588,2,0.9958249441648034,1,940,940,15,14,616,309,1200,0,595.110742,100.77977599939913,20.647287001338555,,
anisotropic_g8_d8_s1,1200,8,anisotropic,8,2026092711,5,50,1,hdbscan_common,0.968625230127834,0.9980352239815217,0.9703491751798831,0.968625230127834,8,0.9758333333333333,0.9629788973567873,29,,,,0.9706933156958484,2,0.25,0,0,0.9991610738255033,0.975,0.986843664130801,0.9869253479544496,8,0,0.986843664130801,2,0.986843664130801,2,0.986843664130801,2,1199,1050,15,14,400,635,1200,0,,,23.59918100046343,False,True
anisotropic_g8_d8_s1,1200,8,anisotropic,8,2026092711,5,50,2,hgp_first_coverage,0.990418770531599,0.9942522196267826,0.9904569223505939,0.990418770531599,8,0.9966666666666667,0.9869003052902573,4,,,,0.9920285461584543,1,0.125,0,0,0.9975055187637969,0.9941666666666666,0.9958249441648034,0.9958263772954925,8,0,0.9970707728221588,2,0.9970707728221588,2,0.9958249441648034,1,940,940,15,14,616,309,1200,0,595.110742,100.77977599939913,20.820179001020733,,
anisotropic_g8_d8_s1,1200,8,anisotropic,8,2026092711,5,50,2,hdbscan_common,0.968625230127834,0.9980352239815217,0.9703491751798831,0.968625230127834,8,0.9758333333333333,0.9629788973567873,29,,,,0.9706933156958484,2,0.25,0,0,0.9991610738255033,0.975,0.986843664130801,0.9869253479544496,8,0,0.986843664130801,2,0.986843664130801,2,0.986843664130801,2,1199,1050,15,14,400,635,1200,0,,,133.94916000106605,False,True
anisotropic_g8_d8_s1,1200,8,anisotropic,8,2026092711,5,50,1,hdbscan_standard,0.9661599081139383,0.9922342808213418,0.967556877766085,0.9661599081139383,8,0.9783333333333334,0.9588012385185344,26,,,,0.9706933156958484,1,0.125,0,0,0.996615025906888,0.975,0.9855981607360353,0.9856781802864364,8,0,,,,,,,,,,,,,,,,,,,
anisotropic_g8_d8_s1,1200,8,anisotropic,8,2026092711,5,100,1,hgp_first_coverage,0.990418770531599,0.9942522196267826,0.9904569223505939,0.990418770531599,8,0.9966666666666667,0.9869003052902573,4,,,,0.9920285461584543,1,0.125,0,0,0.9975055187637969,0.9941666666666666,0.9958249441648034,0.9958263772954925,8,0,0.9970707728221588,2,0.9970707728221588,2,0.9958249441648034,1,940,940,15,14,709,216,1200,0,595.110742,100.77977599939913,20.659059002355207,,
anisotropic_g8_d8_s1,1200,8,anisotropic,8,2026092711,5,100,1,hdbscan_common,0.968625230127834,0.9980352239815217,0.9703491751798831,0.968625230127834,8,0.9758333333333333,0.9629788973567873,29,,,,0.9706933156958484,2,0.25,0,0,0.9991610738255033,0.975,0.986843664130801,0.9869253479544496,8,0,0.986843664130801,2,0.986843664130801,2,0.986843664130801,2,1199,1050,15,14,684,351,1200,0,,,23.47244499833323,False,True
anisotropic_g8_d8_s1,1200,8,anisotropic,8,2026092711,5,100,2,hgp_first_coverage,0.990418770531599,0.9942522196267826,0.9904569223505939,0.990418770531599,8,0.9966666666666667,0.9869003052902573,4,,,,0.9920285461584543,1,0.125,0,0,0.9975055187637969,0.9941666666666666,0.9958249441648034,0.9958263772954925,8,0,0.9970707728221588,2,0.9970707728221588,2,0.9958249441648034,1,940,940,15,14,709,216,1200,0,595.110742,100.77977599939913,26.386196997918887,,
anisotropic_g8_d8_s1,1200,8,anisotropic,8,2026092711,5,100,2,hdbscan_common,0.968625230127834,0.9980352239815217,0.9703491751798831,0.968625230127834,8,0.9758333333333333,0.9629788973567873,29,,,,0.9706933156958484,2,0.25,0,0,0.9991610738255033,0.975,0.986843664130801,0.9869253479544496,8,0,0.986843664130801,2,0.986843664130801,2,0.986843664130801,2,1199,1050,15,14,684,351,1200,0,,,25.051468997844495,False,True
anisotropic_g8_d8_s1,1200,8,anisotropic,8,2026092711,5,100,1,hdbscan_standard,0.9661599081139383,0.9922342808213418,0.967556877766085,0.9661599081139383,8,0.9783333333333334,0.9588012385185344,26,,,,0.9706933156958484,1,0.125,0,0,0.996615025906888,0.975,0.9855981607360353,0.9856781802864364,8,0,,,,,,,,,,,,,,,,,,,
anisotropic_g8_d8_s1,1200,8,anisotropic,8,2026092711,10,10,1,hgp_first_coverage,0.9914360179510052,0.9923810263547548,0.9914360179510052,0.9914360179510052,8,0.9991666666666666,0.9891809947031361,1,,,,0.9946395528213207,3,0.375,0,0,0.9966665925893002,0.9958333333333333,0.9962458101386311,0.9962484368486869,8,0,0.9970763656633221,4,0.9970763656633221,4,0.9962458101386311,3,865,865,65,64,235,565,1200,0,2118.964342,390.51184299751185,21.48019000014756,,
anisotropic_g8_d8_s1,1200,8,anisotropic,8,2026092711,10,10,1,hdbscan_common,0.9617170636650522,1.0,0.9645550250524974,0.9617170636650522,8,0.9691666666666666,0.9573095038320617,37,,,,0.961044112301423,2,0.25,0,0,1.0,0.9691666666666667,0.9842259925152682,0.9843419382141346,8,0,0.9842259925152682,2,0.9842259925152682,2,0.9842259925152682,2,1199,1132,21,20,113,998,1200,0,,,25.436667001486057,False,True
anisotropic_g8_d8_s1,1200,8,anisotropic,8,2026092711,10,10,2,hgp_first_coverage,0.9914360179510052,0.9923810263547548,0.9914360179510052,0.9914360179510052,8,0.9991666666666666,0.9891809947031361,1,,,,0.9946395528213207,3,0.375,0,0,0.9966665925893002,0.9958333333333333,0.9962458101386311,0.9962484368486869,8,0,0.9970763656633221,4,0.9970763656633221,4,0.9962458101386311,3,865,865,65,64,235,565,1200,0,2118.964342,390.51184299751185,21.036843001638772,,
anisotropic_g8_d8_s1,1200,8,anisotropic,8,2026092711,10,10,2,hdbscan_common,0.9617170636650522,1.0,0.9645550250524974,0.9617170636650522,8,0.9691666666666666,0.9573095038320617,37,,,,0.961044112301423,2,0.25,0,0,1.0,0.9691666666666667,0.9842259925152682,0.9843419382141346,8,0,0.9842259925152682,2,0.9842259925152682,2,0.9842259925152682,2,1199,1132,21,20,113,998,1200,0,,,24.8551229997247,False,True
anisotropic_g8_d8_s1,1200,8,anisotropic,8,2026092711,10,10,1,hdbscan_standard,0.9624259973902294,0.9960977223027788,0.9646429506701866,0.9624259973902294,8,0.9725,0.9566570762782282,33,,,,0.961044112301423,1,0.125,0,0,0.9982919037403227,0.9708333333333333,0.9842577582281433,0.9843683988170681,8,0,,,,,,,,,,,,,,,,,,,
anisotropic_g8_d8_s1,1200,8,anisotropic,8,2026092711,10,20,1,hgp_first_coverage,0.9914360179510052,0.9923810263547548,0.9914360179510052,0.9914360179510052,8,0.9991666666666666,0.9891809947031361,1,,,,0.9946395528213207,3,0.375,0,0,0.9966665925893002,0.9958333333333333,0.9962458101386311,0.9962484368486869,8,0,0.9970763656633221,4,0.9970763656633221,4,0.9962458101386311,3,865,865,29,28,376,460,1200,0,2118.964342,390.51184299751185,20.700386001408333,,
anisotropic_g8_d8_s1,1200,8,anisotropic,8,2026092711,10,20,1,hdbscan_common,0.9617170636650522,1.0,0.9645550250524974,0.9617170636650522,8,0.9691666666666666,0.9573095038320617,37,,,,0.961044112301423,2,0.25,0,0,1.0,0.9691666666666667,0.9842259925152682,0.9843419382141346,8,0,0.9842259925152682,2,0.9842259925152682,2,0.9842259925152682,2,1199,1132,17,16,183,932,1200,0,,,25.060906002181582,False,True
anisotropic_g8_d8_s1,1200,8,anisotropic,8,2026092711,10,20,2,hgp_first_coverage,0.9914360179510052,0.9923810263547548,0.9914360179510052,0.9914360179510052,8,0.9991666666666666,0.9891809947031361,1,,,,0.9946395528213207,3,0.375,0,0,0.9966665925893002,0.9958333333333333,0.9962458101386311,0.9962484368486869,8,0,0.9970763656633221,4,0.9970763656633221,4,0.9962458101386311,3,865,865,29,28,376,460,1200,0,2118.964342,390.51184299751185,20.890088999294676,,
anisotropic_g8_d8_s1,1200,8,anisotropic,8,2026092711,10,20,2,hdbscan_common,0.9617170636650522,1.0,0.9645550250524974,0.9617170636650522,8,0.9691666666666666,0.9573095038320617,37,,,,0.961044112301423,2,0.25,0,0,1.0,0.9691666666666667,0.9842259925152682,0.9843419382141346,8,0,0.9842259925152682,2,0.9842259925152682,2,0.9842259925152682,2,1199,1132,17,16,183,932,1200,0,,,25.379589998919982,False,True
anisotropic_g8_d8_s1,1200,8,anisotropic,8,2026092711,10,20,1,hdbscan_standard,0.9624259973902294,0.9960977223027788,0.9646429506701866,0.9624259973902294,8,0.9725,0.9566570762782282,33,,,,0.961044112301423,1,0.125,0,0,0.9982919037403227,0.9708333333333333,0.9842577582281433,0.9843683988170681,8,0,,,,,,,,,,,,,,,,,,,
anisotropic_g8_d8_s1,1200,8,anisotropic,8,2026092711,10,50,1,hgp_first_coverage,0.9914360179510052,0.9923810263547548,0.9914360179510052,0.9914360179510052,8,0.9991666666666666,0.9891809947031361,1,,,,0.9946395528213207,3,0.375,0,0,0.9966665925893002,0.9958333333333333,0.9962458101386311,0.9962484368486869,8,0,0.9970763656633221,4,0.9970763656633221,4,0.9962458101386311,3,865,865,15,14,489,361,1200,0,2118.964342,390.51184299751185,19.85652299845242,,
anisotropic_g8_d8_s1,1200,8,anisotropic,8,2026092711,10,50,1,hdbscan_common,0.9617170636650522,1.0,0.9645550250524974,0.9617170636650522,8,0.9691666666666666,0.9573095038320617,37,,,,0.961044112301423,2,0.25,0,0,1.0,0.9691666666666667,0.9842259925152682,0.9843419382141346,8,0,0.9842259925152682,2,0.9842259925152682,2,0.9842259925152682,2,1199,1132,15,14,350,767,1200,0,,,24.740037002629833,False,True
anisotropic_g8_d8_s1,1200,8,anisotropic,8,2026092711,10,50,2,hgp_first_coverage,0.9914360179510052,0.9923810263547548,0.9914360179510052,0.9914360179510052,8,0.9991666666666666,0.9891809947031361,1,,,,0.9946395528213207,3,0.375,0,0,0.9966665925893002,0.9958333333333333,0.9962458101386311,0.9962484368486869,8,0,0.9970763656633221,4,0.9970763656633221,4,0.9962458101386311,3,865,865,15,14,489,361,1200,0,2118.964342,390.51184299751185,19.83074500094517,,
anisotropic_g8_d8_s1,1200,8,anisotropic,8,2026092711,10,50,2,hdbscan_common,0.9617170636650522,1.0,0.9645550250524974,0.9617170636650522,8,0.9691666666666666,0.9573095038320617,37,,,,0.961044112301423,2,0.25,0,0,1.0,0.9691666666666667,0.9842259925152682,0.9843419382141346,8,0,0.9842259925152682,2,0.9842259925152682,2,0.9842259925152682,2,1199,1132,15,14,350,767,1200,0,,,25.010862002091017,False,True
anisotropic_g8_d8_s1,1200,8,anisotropic,8,2026092711,10,50,1,hdbscan_standard,0.9624259973902294,0.9960977223027788,0.9646429506701866,0.9624259973902294,8,0.9725,0.9566570762782282,33,,,,0.961044112301423,1,0.125,0,0,0.9982919037403227,0.9708333333333333,0.9842577582281433,0.9843683988170681,8,0,,,,,,,,,,,,,,,,,,,
anisotropic_g8_d8_s1,1200,8,anisotropic,8,2026092711,10,100,1,hgp_first_coverage,0.9914360179510052,0.9923810263547548,0.9914360179510052,0.9914360179510052,8,0.9991666666666666,0.9891809947031361,1,,,,0.9946395528213207,3,0.375,0,0,0.9966665925893002,0.9958333333333333,0.9962458101386311,0.9962484368486869,8,0,0.9970763656633221,4,0.9970763656633221,4,0.9962458101386311,3,865,865,15,14,600,250,1200,0,2118.964342,390.51184299751185,19.875268000760116,,
anisotropic_g8_d8_s1,1200,8,anisotropic,8,2026092711,10,100,1,hdbscan_common,0.9617170636650522,1.0,0.9645550250524974,0.9617170636650522,8,0.9691666666666666,0.9573095038320617,37,,,,0.961044112301423,2,0.25,0,0,1.0,0.9691666666666667,0.9842259925152682,0.9843419382141346,8,0,0.9842259925152682,2,0.9842259925152682,2,0.9842259925152682,2,1199,1132,15,14,726,391,1200,0,,,33.82888499982073,False,True
anisotropic_g8_d8_s1,1200,8,anisotropic,8,2026092711,10,100,2,hgp_first_coverage,0.9914360179510052,0.9923810263547548,0.9914360179510052,0.9914360179510052,8,0.9991666666666666,0.9891809947031361,1,,,,0.9946395528213207,3,0.375,0,0,0.9966665925893002,0.9958333333333333,0.9962458101386311,0.9962484368486869,8,0,0.9970763656633221,4,0.9970763656633221,4,0.9962458101386311,3,865,865,15,14,600,250,1200,0,2118.964342,390.51184299751185,20.344451997516444,,
anisotropic_g8_d8_s1,1200,8,anisotropic,8,2026092711,10,100,2,hdbscan_common,0.9617170636650522,1.0,0.9645550250524974,0.9617170636650522,8,0.9691666666666666,0.9573095038320617,37,,,,0.961044112301423,2,0.25,0,0,1.0,0.9691666666666667,0.9842259925152682,0.9843419382141346,8,0,0.9842259925152682,2,0.9842259925152682,2,0.9842259925152682,2,1199,1132,15,14,726,391,1200,0,,,23.602948000188917,False,True
anisotropic_g8_d8_s1,1200,8,anisotropic,8,2026092711,10,100,1,hdbscan_standard,0.9624259973902294,0.9960977223027788,0.9646429506701866,0.9624259973902294,8,0.9725,0.9566570762782282,33,,,,0.961044112301423,1,0.125,0,0,0.9982919037403227,0.9708333333333333,0.9842577582281433,0.9843683988170681,8,0,,,,,,,,,,,,,,,,,,,
anisotropic_g8_d8_s2,1200,8,anisotropic,8,2026092712,5,10,1,hgp_first_coverage,0.9961818587255777,0.9980904790319103,0.9961882359527839,0.9961818587255777,8,0.9983333333333333,0.9949182099204196,2,,,,0.9963866479758633,5,0.625,0,0,0.9991721854304636,0.9975,0.9983277312328078,0.9983319432860718,8,0,0.9983277312328079,5,0.9983277312328079,5,0.9983277312328079,5,955,955,55,54,418,482,1200,0,625.676041,119.08898299952853,28.595686999324244,,
anisotropic_g8_d8_s2,1200,8,anisotropic,8,2026092712,5,10,1,hdbscan_common,0.9932869969618131,1.0,0.9933440829360725,0.9932869969618131,8,0.9941666666666666,0.9915424763616149,7,,,,0.9912328857385476,5,0.625,0,0,1.0,0.9941666666666666,0.9970566872740786,0.9970748015043878,8,0,0.9970566872740786,5,0.9970566872740786,5,0.9970566872740786,5,1199,1049,21,20,180,848,1200,0,,,26.957222002238268,True,True
anisotropic_g8_d8_s2,1200,8,anisotropic,8,2026092712,5,10,2,hgp_first_coverage,0.9494915152030045,0.9710481919273887,0.9479054484900721,0.9494915152030045,11,0.9783333333333334,0.9574607427347266,26,,,,0.9963866479758633,4,0.5,3,3,0.9991721854304636,0.9441666666666667,0.9644294261480622,0.9545071609098568,8,0,0.9983277312328079,5,0.9983277312328079,5,0.9983277312328079,5,955,955,55,54,418,482,1200,0,625.676041,119.08898299952853,21.743540997704258,,
anisotropic_g8_d8_s2,1200,8,anisotropic,8,2026092712,5,10,2,hdbscan_common,0.9932869969618131,1.0,0.9933440829360725,0.9932869969618131,8,0.9941666666666666,0.9915424763616149,7,,,,0.9912328857385476,5,0.625,0,0,1.0,0.9941666666666666,0.9970566872740786,0.9970748015043878,8,0,0.9970566872740786,5,0.9970566872740786,5,0.9970566872740786,5,1199,1049,21,20,180,848,1200,0,,,38.47967600086122,True,True
anisotropic_g8_d8_s2,1200,8,anisotropic,8,2026092712,5,10,1,hdbscan_standard,0.9932869969618131,1.0,0.9933440829360725,0.9932869969618131,8,0.9941666666666666,0.9915424763616151,7,,,,0.9912328857385476,5,0.625,0,0,1.0,0.9941666666666666,0.9970566872740786,0.9970748015043878,8,0,,,,,,,,,,,,,,,,,,,
anisotropic_g8_d8_s2,1200,8,anisotropic,8,2026092712,5,20,1,hgp_first_coverage,0.9961818587255777,0.9980904790319103,0.9961882359527839,0.9961818587255777,8,0.9983333333333333,0.9949182099204196,2,,,,0.9963866479758633,5,0.625,0,0,0.9991721854304636,0.9975,0.9983277312328078,0.9983319432860718,8,0,0.9983277312328079,5,0.9983277312328079,5,0.9983277312328079,5,955,955,23,22,505,427,1200,0,625.676041,119.08898299952853,21.211779003351694,,
anisotropic_g8_d8_s2,1200,8,anisotropic,8,2026092712,5,20,1,hdbscan_common,0.9932869969618131,1.0,0.9933440829360725,0.9932869969618131,8,0.9941666666666666,0.9915424763616149,7,,,,0.9912328857385476,5,0.625,0,0,1.0,0.9941666666666666,0.9970566872740786,0.9970748015043878,8,0,0.9970566872740786,5,0.9970566872740786,5,0.9970566872740786,5,1199,1049,15,14,225,809,1200,0,,,24.12236700183712,True,True
anisotropic_g8_d8_s2,1200,8,anisotropic,8,2026092712,5,20,2,hgp_first_coverage,0.9961818587255777,0.9980904790319103,0.9961882359527839,0.9961818587255777,8,0.9983333333333333,0.9949182099204196,2,,,,0.9963866479758633,5,0.625,0,0,0.9991721854304636,0.9975,0.9983277312328078,0.9983319432860718,8,0,0.9983277312328079,5,0.9983277312328079,5,0.9983277312328079,5,955,955,23,22,505,427,1200,0,625.676041,119.08898299952853,21.236667002085596,,
anisotropic_g8_d8_s2,1200,8,anisotropic,8,2026092712,5,20,2,hdbscan_common,0.9932869969618131,1.0,0.9933440829360725,0.9932869969618131,8,0.9941666666666666,0.9915424763616149,7,,,,0.9912328857385476,5,0.625,0,0,1.0,0.9941666666666666,0.9970566872740786,0.9970748015043878,8,0,0.9970566872740786,5,0.9970566872740786,5,0.9970566872740786,5,1199,1049,15,14,225,809,1200,0,,,24.84108600037871,True,True
anisotropic_g8_d8_s2,1200,8,anisotropic,8,2026092712,5,20,1,hdbscan_standard,0.9932869969618131,1.0,0.9933440829360725,0.9932869969618131,8,0.9941666666666666,0.9915424763616151,7,,,,0.9912328857385476,5,0.625,0,0,1.0,0.9941666666666666,0.9970566872740786,0.9970748015043878,8,0,,,,,,,,,,,,,,,,,,,
anisotropic_g8_d8_s2,1200,8,anisotropic,8,2026092712,5,50,1,hgp_first_coverage,0.9961818587255777,0.9980904790319103,0.9961882359527839,0.9961818587255777,8,0.9983333333333333,0.9949182099204196,2,,,,0.9963866479758633,5,0.625,0,0,0.9991721854304636,0.9975,0.9983277312328078,0.9983319432860718,8,0,0.9983277312328079,5,0.9983277312328079,5,0.9983277312328079,5,955,955,15,14,606,334,1200,0,625.676041,119.08898299952853,21.06031700168387,,
anisotropic_g8_d8_s2,1200,8,anisotropic,8,2026092712,5,50,1,hdbscan_common,0.9932869969618131,1.0,0.9933440829360725,0.9932869969618131,8,0.9941666666666666,0.9915424763616149,7,,,,0.9912328857385476,5,0.625,0,0,1.0,0.9941666666666666,0.9970566872740786,0.9970748015043878,8,0,0.9970566872740786,5,0.9970566872740786,5,0.9970566872740786,5,1199,1049,15,14,355,679,1200,0,,,149.10409699950833,True,True
anisotropic_g8_d8_s2,1200,8,anisotropic,8,2026092712,5,50,2,hgp_first_coverage,0.9961818587255777,0.9980904790319103,0.9961882359527839,0.9961818587255777,8,0.9983333333333333,0.9949182099204196,2,,,,0.9963866479758633,5,0.625,0,0,0.9991721854304636,0.9975,0.9983277312328078,0.9983319432860718,8,0,0.9983277312328079,5,0.9983277312328079,5,0.9983277312328079,5,955,955,15,14,606,334,1200,0,625.676041,119.08898299952853,20.737794999149628,,
anisotropic_g8_d8_s2,1200,8,anisotropic,8,2026092712,5,50,2,hdbscan_common,0.9932869969618131,1.0,0.9933440829360725,0.9932869969618131,8,0.9941666666666666,0.9915424763616149,7,,,,0.9912328857385476,5,0.625,0,0,1.0,0.9941666666666666,0.9970566872740786,0.9970748015043878,8,0,0.9970566872740786,5,0.9970566872740786,5,0.9970566872740786,5,1199,1049,15,14,355,679,1200,0,,,24.05181500216713,True,True
anisotropic_g8_d8_s2,1200,8,anisotropic,8,2026092712,5,50,1,hdbscan_standard,0.9932869969618131,1.0,0.9933440829360725,0.9932869969618131,8,0.9941666666666666,0.9915424763616151,7,,,,0.9912328857385476,5,0.625,0,0,1.0,0.9941666666666666,0.9970566872740786,0.9970748015043878,8,0,,,,,,,,,,,,,,,,,,,
anisotropic_g8_d8_s2,1200,8,anisotropic,8,2026092712,5,100,1,hgp_first_coverage,0.9961818587255777,0.9980904790319103,0.9961882359527839,0.9961818587255777,8,0.9983333333333333,0.9949182099204196,2,,,,0.9963866479758633,5,0.625,0,0,0.9991721854304636,0.9975,0.9983277312328078,0.9983319432860718,8,0,0.9983277312328079,5,0.9983277312328079,5,0.9983277312328079,5,955,955,15,14,729,211,1200,0,625.676041,119.08898299952853,21.35338399966713,,
anisotropic_g8_d8_s2,1200,8,anisotropic,8,2026092712,5,100,1,hdbscan_common,0.9932869969618131,1.0,0.9933440829360725,0.9932869969618131,8,0.9941666666666666,0.9915424763616149,7,,,,0.9912328857385476,5,0.625,0,0,1.0,0.9941666666666666,0.9970566872740786,0.9970748015043878,8,0,0.9970566872740786,5,0.9970566872740786,5,0.9970566872740786,5,1199,1049,15,14,664,370,1200,0,,,23.888078998425044,True,True
anisotropic_g8_d8_s2,1200,8,anisotropic,8,2026092712,5,100,2,hgp_first_coverage,0.9961818587255777,0.9980904790319103,0.9961882359527839,0.9961818587255777,8,0.9983333333333333,0.9949182099204196,2,,,,0.9963866479758633,5,0.625,0,0,0.9991721854304636,0.9975,0.9983277312328078,0.9983319432860718,8,0,0.9983277312328079,5,0.9983277312328079,5,0.9983277312328079,5,955,955,15,14,729,211,1200,0,625.676041,119.08898299952853,21.330520998162683,,
anisotropic_g8_d8_s2,1200,8,anisotropic,8,2026092712,5,100,2,hdbscan_common,0.9932869969618131,1.0,0.9933440829360725,0.9932869969618131,8,0.9941666666666666,0.9915424763616149,7,,,,0.9912328857385476,5,0.625,0,0,1.0,0.9941666666666666,0.9970566872740786,0.9970748015043878,8,0,0.9970566872740786,5,0.9970566872740786,5,0.9970566872740786,5,1199,1049,15,14,664,370,1200,0,,,23.880936998466495,True,True
anisotropic_g8_d8_s2,1200,8,anisotropic,8,2026092712,5,100,1,hdbscan_standard,0.9932869969618131,1.0,0.9933440829360725,0.9932869969618131,8,0.9941666666666666,0.9915424763616151,7,,,,0.9912328857385476,5,0.625,0,0,1.0,0.9941666666666666,0.9970566872740786,0.9970748015043878,8,0,,,,,,,,,,,,,,,,,,,
anisotropic_g8_d8_s2,1200,8,anisotropic,8,2026092712,10,10,1,hgp_first_coverage,0.9961818587255777,0.9980904790319103,0.9961882359527839,0.9961818587255777,8,0.9983333333333333,0.9949182099204196,2,,,,0.9964912444707285,5,0.625,0,0,0.9991721854304636,0.9975,0.9983277312328078,0.9983319432860718,8,0,0.9983277312328079,5,0.9983277312328079,5,0.9983277312328079,5,902,902,51,50,252,599,1200,0,2295.7062,385.6556899991119,21.55793500060099,,
anisotropic_g8_d8_s2,1200,8,anisotropic,8,2026092712,10,10,1,hdbscan_common,0.9771321017467419,1.0,0.9780841206139589,0.9771321017467419,8,0.9808333333333333,0.9727300520359365,23,,,,0.9728739634872932,2,0.25,0,0,1.0,0.9808333333333333,0.9902393076661962,0.9903239377366428,8,0,0.9902393076661962,2,0.9902393076661962,2,0.9902393076661962,2,1199,1145,19,18,87,1039,1200,0,,,28.392833002726547,False,True
anisotropic_g8_d8_s2,1200,8,anisotropic,8,2026092712,10,10,2,hgp_first_coverage,0.9684154531225588,0.9894708044942817,0.9670226376035903,0.9684154531225588,9,0.9791666666666666,0.9736910290805264,25,,,,0.9964912444707285,4,0.5,1,1,0.9991721854304636,0.9691666666666666,0.9823502876237853,0.9793684210526316,8,0,0.9983277312328079,5,0.9983277312328079,5,0.9983277312328079,5,902,902,51,50,252,599,1200,0,2295.7062,385.6556899991119,52.13571399872308,,
anisotropic_g8_d8_s2,1200,8,anisotropic,8,2026092712,10,10,2,hdbscan_common,0.9771321017467419,1.0,0.9780841206139589,0.9771321017467419,8,0.9808333333333333,0.9727300520359365,23,,,,0.9728739634872932,2,0.25,0,0,1.0,0.9808333333333333,0.9902393076661962,0.9903239377366428,8,0,0.9902393076661962,2,0.9902393076661962,2,0.9902393076661962,2,1199,1145,19,18,87,1039,1200,0,,,27.285814998322167,False,True
anisotropic_g8_d8_s2,1200,8,anisotropic,8,2026092712,10,10,1,hdbscan_standard,0.9781174459781367,1.0,0.9790204705106527,0.9781174459781367,8,0.9816666666666667,0.9735202582411379,22,,,,0.9728739634872932,2,0.25,0,0,1.0,0.9816666666666667,0.9906776170775758,0.990748528174937,8,0,,,,,,,,,,,,,,,,,,,
anisotropic_g8_d8_s2,1200,8,anisotropic,8,2026092712,10,20,1,hgp_first_coverage,0.9961818587255777,0.9980904790319103,0.9961882359527839,0.9961818587255777,8,0.9983333333333333,0.9949182099204196,2,,,,0.9964912444707285,5,0.625,0,0,0.9991721854304636,0.9975,0.9983277312328078,0.9983319432860718,8,0,0.9983277312328079,5,0.9983277312328079,5,0.9983277312328079,5,902,902,29,28,344,529,1200,0,2295.7062,385.6556899991119,22.237893001147313,,
anisotropic_g8_d8_s2,1200,8,anisotropic,8,2026092712,10,20,1,hdbscan_common,0.9771321017467419,1.0,0.9780841206139589,0.9771321017467419,8,0.9808333333333333,0.9727300520359365,23,,,,0.9728739634872932,2,0.25,0,0,1.0,0.9808333333333333,0.9902393076661962,0.9903239377366428,8,0,0.9902393076661962,2,0.9902393076661962,2,0.9902393076661962,2,1199,1145,15,14,151,979,1200,0,,,28.110672999901,False,True
anisotropic_g8_d8_s2,1200,8,anisotropic,8,2026092712,10,20,2,hgp_first_coverage,0.9961818587255777,0.9980904790319103,0.9961882359527839,0.9961818587255777,8,0.9983333333333333,0.9949182099204196,2,,,,0.9964912444707285,5,0.625,0,0,0.9991721854304636,0.9975,0.9983277312328078,0.9983319432860718,8,0,0.9983277312328079,5,0.9983277312328079,5,0.9983277312328079,5,902,902,29,28,344,529,1200,0,2295.7062,385.6556899991119,21.411162000731565,,
anisotropic_g8_d8_s2,1200,8,anisotropic,8,2026092712,10,20,2,hdbscan_common,0.9771321017467419,1.0,0.9780841206139589,0.9771321017467419,8,0.9808333333333333,0.9727300520359365,23,,,,0.9728739634872932,2,0.25,0,0,1.0,0.9808333333333333,0.9902393076661962,0.9903239377366428,8,0,0.9902393076661962,2,0.9902393076661962,2,0.9902393076661962,2,1199,1145,15,14,151,979,1200,0,,,26.0975689998304,False,True
anisotropic_g8_d8_s2,1200,8,anisotropic,8,2026092712,10,20,1,hdbscan_standard,0.9781174459781367,1.0,0.9790204705106527,0.9781174459781367,8,0.9816666666666667,0.9735202582411379,22,,,,0.9728739634872932,2,0.25,0,0,1.0,0.9816666666666667,0.9906776170775758,0.990748528174937,8,0,,,,,,,,,,,,,,,,,,,
anisotropic_g8_d8_s2,1200,8,anisotropic,8,2026092712,10,50,1,hgp_first_coverage,0.9961818587255777,0.9980904790319103,0.9961882359527839,0.9961818587255777,8,0.9983333333333333,0.9949182099204196,2,,,,0.9964912444707285,5,0.625,0,0,0.9991721854304636,0.9975,0.9983277312328078,0.9983319432860718,8,0,0.9983277312328079,5,0.9983277312328079,5,0.9983277312328079,5,902,902,15,14,462,425,1200,0,2295.7062,385.6556899991119,24.100616003124742,,
anisotropic_g8_d8_s2,1200,8,anisotropic,8,2026092712,10,50,1,hdbscan_common,0.9771321017467419,1.0,0.9780841206139589,0.9771321017467419,8,0.9808333333333333,0.9727300520359365,23,,,,0.9728739634872932,2,0.25,0,0,1.0,0.9808333333333333,0.9902393076661962,0.9903239377366428,8,0,0.9902393076661962,2,0.9902393076661962,2,0.9902393076661962,2,1199,1145,15,14,351,779,1200,0,,,28.31983299984131,False,True
anisotropic_g8_d8_s2,1200,8,anisotropic,8,2026092712,10,50,2,hgp_first_coverage,0.9961818587255777,0.9980904790319103,0.9961882359527839,0.9961818587255777,8,0.9983333333333333,0.9949182099204196,2,,,,0.9964912444707285,5,0.625,0,0,0.9991721854304636,0.9975,0.9983277312328078,0.9983319432860718,8,0,0.9983277312328079,5,0.9983277312328079,5,0.9983277312328079,5,902,902,15,14,462,425,1200,0,2295.7062,385.6556899991119,21.958983001240995,,
anisotropic_g8_d8_s2,1200,8,anisotropic,8,2026092712,10,50,2,hdbscan_common,0.9771321017467419,1.0,0.9780841206139589,0.9771321017467419,8,0.9808333333333333,0.9727300520359365,23,,,,0.9728739634872932,2,0.25,0,0,1.0,0.9808333333333333,0.9902393076661962,0.9903239377366428,8,0,0.9902393076661962,2,0.9902393076661962,2,0.9902393076661962,2,1199,1145,15,14,351,779,1200,0,,,26.425340998684987,False,True
anisotropic_g8_d8_s2,1200,8,anisotropic,8,2026092712,10,50,1,hdbscan_standard,0.9781174459781367,1.0,0.9790204705106527,0.9781174459781367,8,0.9816666666666667,0.9735202582411379,22,,,,0.9728739634872932,2,0.25,0,0,1.0,0.9816666666666667,0.9906776170775758,0.990748528174937,8,0,,,,,,,,,,,,,,,,,,,
anisotropic_g8_d8_s2,1200,8,anisotropic,8,2026092712,10,100,1,hgp_first_coverage,0.9961818587255777,0.9980904790319103,0.9961882359527839,0.9961818587255777,8,0.9983333333333333,0.9949182099204196,2,,,,0.9964912444707285,5,0.625,0,0,0.9991721854304636,0.9975,0.9983277312328078,0.9983319432860718,8,0,0.9983277312328079,5,0.9983277312328079,5,0.9983277312328079,5,902,902,15,14,620,267,1200,0,2295.7062,385.6556899991119,275.16763399762567,,
anisotropic_g8_d8_s2,1200,8,anisotropic,8,2026092712,10,100,1,hdbscan_common,0.9771321017467419,1.0,0.9780841206139589,0.9771321017467419,8,0.9808333333333333,0.9727300520359365,23,,,,0.9728739634872932,2,0.25,0,0,1.0,0.9808333333333333,0.9902393076661962,0.9903239377366428,8,0,0.9902393076661962,2,0.9902393076661962,2,0.9902393076661962,2,1199,1145,15,14,737,393,1200,0,,,28.992606999963755,False,True
anisotropic_g8_d8_s2,1200,8,anisotropic,8,2026092712,10,100,2,hgp_first_coverage,0.9961818587255777,0.9980904790319103,0.9961882359527839,0.9961818587255777,8,0.9983333333333333,0.9949182099204196,2,,,,0.9964912444707285,5,0.625,0,0,0.9991721854304636,0.9975,0.9983277312328078,0.9983319432860718,8,0,0.9983277312328079,5,0.9983277312328079,5,0.9983277312328079,5,902,902,15,14,620,267,1200,0,2295.7062,385.6556899991119,20.463174001633888,,
anisotropic_g8_d8_s2,1200,8,anisotropic,8,2026092712,10,100,2,hdbscan_common,0.9771321017467419,1.0,0.9780841206139589,0.9771321017467419,8,0.9808333333333333,0.9727300520359365,23,,,,0.9728739634872932,2,0.25,0,0,1.0,0.9808333333333333,0.9902393076661962,0.9903239377366428,8,0,0.9902393076661962,2,0.9902393076661962,2,0.9902393076661962,2,1199,1145,15,14,737,393,1200,0,,,39.69236700140755,False,True
anisotropic_g8_d8_s2,1200,8,anisotropic,8,2026092712,10,100,1,hdbscan_standard,0.9781174459781367,1.0,0.9790204705106527,0.9781174459781367,8,0.9816666666666667,0.9735202582411379,22,,,,0.9728739634872932,2,0.25,0,0,1.0,0.9816666666666667,0.9906776170775758,0.990748528174937,8,0,,,,,,,,,,,,,,,,,,,
anisotropic_g8_d4_s1,1200,8,anisotropic,4,2026092711,5,10,1,hgp_first_coverage,0.33705942336105094,0.4364575411501545,0.3610204415527373,0.33705942336105094,18,0.8058333333333333,0.5659357999904305,233,,,,0.578721377904485,0,0.0,10,10,0.6593463699853147,0.3566666666666667,0.3713313747643537,0.395016151361329,8,0,0.7531195826565423,0,0.7531195826565423,0,0.7520505583687382,0,938,938,71,70,425,442,1200,0,620.436411,259.9509020001278,22.09387500261073,,
anisotropic_g8_d4_s1,1200,8,anisotropic,4,2026092711,5,10,1,hdbscan_common,0.0667702891373795,0.0783610458756907,0.07103198428587415,0.0667702891373795,3,0.7983333333333333,0.21537514481329534,242,,,,0.3855462881725226,0,0.0,-5,5,0.2659612256496688,0.21416666666666667,0.15959936860775695,0.2381835032437442,8,0,0.6129746049079976,0,0.6129746049079976,0,0.6109875293997807,0,1199,1040,37,36,208,795,1200,0,,,24.772248001681874,False,True
anisotropic_g8_d4_s1,1200,8,anisotropic,4,2026092711,5,10,2,hgp_first_coverage,0.20601435341883595,0.5478817902344048,0.29765219511299873,0.20601435341883595,29,0.6733333333333333,0.5419991327599037,392,,,,0.578721377904485,0,0.0,21,21,0.993172268907563,0.33166666666666667,0.455980285922471,0.39641434262948205,8,0,0.7531195826565423,0,0.7531195826565423,0,0.7520505583687382,0,938,938,71,70,425,442,1200,0,620.436411,259.9509020001278,21.698918000765843,,
anisotropic_g8_d4_s1,1200,8,anisotropic,4,2026092711,5,10,2,hdbscan_common,0.15274257335731387,0.7002719949857837,0.29827260226739294,0.15274257335731387,14,0.5241666666666667,0.47541295203361655,571,,,,0.3855462881725226,0,0.0,6,6,0.7257253075415395,0.33666666666666667,0.4220761339965956,0.4417714598141061,8,0,0.6129746049079976,0,0.6129746049079976,0,0.6109875293997807,0,1199,1040,37,36,208,795,1200,0,,,24.64939899800811,False,True
anisotropic_g8_d4_s1,1200,8,anisotropic,4,2026092711,5,10,1,hdbscan_standard,0.06623885292301927,0.07755183126365582,0.07037538016239162,0.06623885292301927,3,0.8,0.21329268778247,240,,,,0.3855462881725226,0,0.0,-5,5,0.2659381850923896,0.215,0.16100416728423744,0.2388888888888889,8,0,,,,,,,,,,,,,,,,,,,
anisotropic_g8_d4_s1,1200,8,anisotropic,4,2026092711,5,20,1,hgp_first_coverage,0.3184106476443863,0.3406051955719984,0.3223796273221683,0.3184106476443863,3,0.9141666666666667,0.5303237236452848,103,,,,0.578721377904485,0,0.0,-5,5,0.19655468377518343,0.3525,0.23220815742351475,0.36830648672181104,8,0,0.7531195826565423,0,0.7531195826565423,0,0.7520505583687382,0,938,938,31,30,538,369,1200,0,620.436411,259.9509020001278,21.341952997318003,,
anisotropic_g8_d4_s1,1200,8,anisotropic,4,2026092711,5,20,1,hdbscan_common,0.0664081349078098,0.07816514776500387,0.07076461886957067,0.0664081349078098,2,0.7891666666666667,0.2058770282831095,253,,,,0.3855462881725226,0,0.0,-6,6,0.1409612256496688,0.20500000000000002,0.14251862326614204,0.22915696320447135,8,0,0.6129746049079976,0,0.6129746049079976,0,0.610535162420125,0,1199,1040,21,20,282,737,1200,0,,,24.150919998646714,False,True
anisotropic_g8_d4_s1,1200,8,anisotropic,4,2026092711,5,20,2,hgp_first_coverage,0.3706590958453668,0.48441859041124313,0.40064288068281706,0.3706590958453668,10,0.8025,0.5860581410870582,237,,,,0.578721377904485,0,0.0,2,2,0.6475582118327148,0.44666666666666666,0.46811521425862024,0.49560795191863155,8,0,0.7531195826565423,0,0.7531195826565423,0,0.7520505583687382,0,938,938,31,30,538,369,1200,0,620.436411,259.9509020001278,20.755438999913167,,
anisotropic_g8_d4_s1,1200,8,anisotropic,4,2026092711,5,20,2,hdbscan_common,0.19976656553587532,0.6729225875944262,0.3456949142920636,0.19976656553587532,8,0.5783333333333334,0.4906493891525405,506,,,,0.3855462881725226,0,0.0,0,0,0.6378651900761589,0.38416666666666666,0.44914626465618124,0.48680042238648363,8,0,0.6129746049079976,0,0.6129746049079976,0,0.610535162420125,0,1199,1040,21,20,282,737,1200,0,,,23.809343001630623,False,True
anisotropic_g8_d4_s1,1200,8,anisotropic,4,2026092711,5,20,1,hdbscan_standard,0.06580226837529828,0.07732073349204294,0.07005501563363453,0.06580226837529828,2,0.79,0.20276748515794393,252,,,,0.3855462881725226,0,0.0,-6,6,0.1409381850923896,0.20500000000000002,0.1424856487657189,0.22905027932960895,8,0,,,,,,,,,,,,,,,,,,,
anisotropic_g8_d4_s1,1200,8,anisotropic,4,2026092711,5,50,1,hgp_first_coverage,0.3184106476443863,0.3406051955719984,0.3223796273221683,0.3184106476443863,3,0.9141666666666667,0.5303237236452848,103,,,,0.578721377904485,0,0.0,-5,5,0.19655468377518343,0.3525,0.23220815742351475,0.36830648672181104,8,0,0.7531195826565423,0,0.7531195826565423,0,0.7520505583687382,0,938,938,17,16,646,275,1200,0,620.436411,259.9509020001278,21.072128998639528,,
anisotropic_g8_d4_s1,1200,8,anisotropic,4,2026092711,5,50,1,hdbscan_common,0.0664081349078098,0.07816514776500387,0.07076461886957067,0.0664081349078098,2,0.7891666666666667,0.2058770282831095,253,,,,0.3855462881725226,0,0.0,-6,6,0.1409612256496688,0.20500000000000002,0.14251862326614204,0.22915696320447135,8,0,0.6129746049079976,0,0.6129746049079976,0,0.6015034187036373,0,1199,1040,11,10,407,622,1200,0,,,24.243322000984335,False,True
anisotropic_g8_d4_s1,1200,8,anisotropic,4,2026092711,5,50,2,hgp_first_coverage,0.3184106476443863,0.3406051955719984,0.3223796273221683,0.3184106476443863,3,0.9141666666666667,0.5303237236452848,103,,,,0.578721377904485,0,0.0,-5,5,0.19655468377518343,0.3525,0.23220815742351475,0.36830648672181104,8,0,0.7531195826565423,0,0.7531195826565423,0,0.7520505583687382,0,938,938,17,16,646,275,1200,0,620.436411,259.9509020001278,21.142100002180086,,
anisotropic_g8_d4_s1,1200,8,anisotropic,4,2026092711,5,50,2,hdbscan_common,0.0664081349078098,0.07816514776500387,0.07076461886957067,0.0664081349078098,2,0.7891666666666667,0.2058770282831095,253,,,,0.3855462881725226,0,0.0,-6,6,0.1409612256496688,0.20500000000000002,0.14251862326614204,0.22915696320447135,8,0,0.6129746049079976,0,0.6129746049079976,0,0.6015034187036373,0,1199,1040,11,10,407,622,1200,0,,,24.10562500153901,False,True
anisotropic_g8_d4_s1,1200,8,anisotropic,4,2026092711,5,50,1,hdbscan_standard,0.06580226837529828,0.07732073349204294,0.07005501563363453,0.06580226837529828,2,0.79,0.20276748515794393,252,,,,0.3855462881725226,0,0.0,-6,6,0.1409381850923896,0.20500000000000002,0.1424856487657189,0.22905027932960895,8,0,,,,,,,,,,,,,,,,,,,
anisotropic_g8_d4_s1,1200,8,anisotropic,4,2026092711,5,100,1,hgp_first_coverage,0.3184106476443863,0.3406051955719984,0.3223796273221683,0.3184106476443863,3,0.9141666666666667,0.5303237236452848,103,,,,0.578721377904485,0,0.0,-5,5,0.19655468377518343,0.3525,0.23220815742351475,0.36830648672181104,8,0,0.7531195826565423,0,0.6971885112224074,0,0.6243631180179641,0,938,938,9,8,723,206,1200,0,620.436411,259.9509020001278,20.783060001122067,,
anisotropic_g8_d4_s1,1200,8,anisotropic,4,2026092711,5,100,1,hdbscan_common,0.0664081349078098,0.07816514776500387,0.07076461886957067,0.0664081349078098,2,0.7891666666666667,0.2058770282831095,253,,,,0.3855462881725226,0,0.0,-6,6,0.1409612256496688,0.20500000000000002,0.14251862326614204,0.22915696320447135,8,0,0.6129746049079976,0,0.5669204690508,0,0.5301678959402059,0,1199,1040,7,6,489,544,1200,0,,,23.529229998530354,False,True
anisotropic_g8_d4_s1,1200,8,anisotropic,4,2026092711,5,100,2,hgp_first_coverage,0.3184106476443863,0.3406051955719984,0.3223796273221683,0.3184106476443863,3,0.9141666666666667,0.5303237236452848,103,,,,0.578721377904485,0,0.0,-5,5,0.19655468377518343,0.3525,0.23220815742351475,0.36830648672181104,8,0,0.7531195826565423,0,0.6971885112224074,0,0.6243631180179641,0,938,938,9,8,723,206,1200,0,620.436411,259.9509020001278,20.08594099970651,,
anisotropic_g8_d4_s1,1200,8,anisotropic,4,2026092711,5,100,2,hdbscan_common,0.0664081349078098,0.07816514776500387,0.07076461886957067,0.0664081349078098,2,0.7891666666666667,0.2058770282831095,253,,,,0.3855462881725226,0,0.0,-6,6,0.1409612256496688,0.20500000000000002,0.14251862326614204,0.22915696320447135,8,0,0.6129746049079976,0,0.5669204690508,0,0.5301678959402059,0,1199,1040,7,6,489,544,1200,0,,,23.631370000657625,False,True
anisotropic_g8_d4_s1,1200,8,anisotropic,4,2026092711,5,100,1,hdbscan_standard,0.06580226837529828,0.07732073349204294,0.07005501563363453,0.06580226837529828,2,0.79,0.20276748515794393,252,,,,0.3855462881725226,0,0.0,-6,6,0.1409381850923896,0.20500000000000002,0.1424856487657189,0.22905027932960895,8,0,,,,,,,,,,,,,,,,,,,
anisotropic_g8_d4_s1,1200,8,anisotropic,4,2026092711,10,10,1,hgp_first_coverage,0.29649607434339836,0.6144728143503607,0.3873417395493031,0.29649607434339836,29,0.7308333333333333,0.5732750461161308,323,,,,0.6271933018747704,0,0.0,21,21,0.9713935593024516,0.4116666666666667,0.527643136210453,0.4756860857005296,8,0,0.7780707834957091,0,0.7780707834957091,0,0.7768401727864691,0,868,868,69,68,259,540,1200,0,2512.667538,667.4881600010849,20.990698001696728,,
anisotropic_g8_d4_s1,1200,8,anisotropic,4,2026092711,10,10,1,hdbscan_common,0.2053391633713272,0.34544529622668246,0.2610817630615169,0.2053391633713272,3,0.6891666666666667,0.3949751696064856,373,,,,0.3203339319939879,0,0.0,-5,5,0.20078949764972084,0.27166666666666667,0.21183780218373466,0.321657622101628,8,0,0.5460501992286888,0,0.5460501992286888,0,0.5457453216197155,0,1199,1123,23,22,111,989,1200,0,,,26.646642996638548,False,True
anisotropic_g8_d4_s1,1200,8,anisotropic,4,2026092711,10,10,2,hgp_first_coverage,0.29649607434339836,0.6144728143503607,0.3873417395493031,0.29649607434339836,29,0.7308333333333333,0.5732750461161308,323,,,,0.6271933018747704,0,0.0,21,21,0.9713935593024516,0.4116666666666667,0.527643136210453,0.4756860857005296,8,0,0.7780707834957091,0,0.7780707834957091,0,0.7768401727864691,0,868,868,69,68,259,540,1200,0,2512.667538,667.4881600010849,21.255331001157174,,
anisotropic_g8_d4_s1,1200,8,anisotropic,4,2026092711,10,10,2,hdbscan_common,0.2053391633713272,0.34544529622668246,0.2610817630615169,0.2053391633713272,3,0.6891666666666667,0.3949751696064856,373,,,,0.3203339319939879,0,0.0,-5,5,0.20078949764972084,0.27166666666666667,0.21183780218373466,0.321657622101628,8,0,0.5460501992286888,0,0.5460501992286888,0,0.5457453216197155,0,1199,1123,23,22,111,989,1200,0,,,24.483900997438468,False,True
anisotropic_g8_d4_s1,1200,8,anisotropic,4,2026092711,10,10,1,hdbscan_standard,0.20516934369246997,0.34350091692618195,0.2601353773388684,0.20516934369246997,3,0.6908333333333333,0.39174496767116834,371,,,,0.3203339319939879,0,0.0,-5,5,0.19951966319343545,0.27166666666666667,0.21130975969685648,0.32134056185312965,8,0,,,,,,,,,,,,,,,,,,,
anisotropic_g8_d4_s1,1200,8,anisotropic,4,2026092711,10,20,1,hgp_first_coverage,0.5093539087088712,0.6802602607779846,0.5553003094170974,0.5093539087088712,9,0.8391666666666666,0.6505078184442586,193,,,,0.6271933018747704,0,0.0,1,1,0.7749120748943095,0.6041666666666666,0.6544791302687695,0.6570004531037608,8,0,0.7780707834957091,0,0.7780707834957091,0,0.7768401727864691,0,868,868,27,26,401,440,1200,0,2512.667538,667.4881600010849,20.370511003420688,,
anisotropic_g8_d4_s1,1200,8,anisotropic,4,2026092711,10,20,1,hdbscan_common,0.2053391633713272,0.34544529622668246,0.2610817630615169,0.2053391633713272,3,0.6891666666666667,0.3949751696064856,373,,,,0.3203339319939879,0,0.0,-5,5,0.20078949764972084,0.27166666666666667,0.21183780218373466,0.321657622101628,8,0,0.5460501992286888,0,0.5460501992286888,0,0.5457453216197155,0,1199,1123,19,18,191,913,1200,0,,,337.57736700135865,False,True
anisotropic_g8_d4_s1,1200,8,anisotropic,4,2026092711,10,20,2,hgp_first_coverage,0.4801049064751519,0.6620026043838723,0.5304748926369518,0.4801049064751519,10,0.8283333333333334,0.6384473906164969,206,,,,0.6271933018747704,0,0.0,2,2,0.7801257501079847,0.5741666666666667,0.6335303162862477,0.6280765724703737,8,0,0.7780707834957091,0,0.7780707834957091,0,0.7768401727864691,0,868,868,27,26,401,440,1200,0,2512.667538,667.4881600010849,21.018469000409823,,
anisotropic_g8_d4_s1,1200,8,anisotropic,4,2026092711,10,20,2,hdbscan_common,0.2053391633713272,0.34544529622668246,0.2610817630615169,0.2053391633713272,3,0.6891666666666667,0.3949751696064856,373,,,,0.3203339319939879,0,0.0,-5,5,0.20078949764972084,0.27166666666666667,0.21183780218373466,0.321657622101628,8,0,0.5460501992286888,0,0.5460501992286888,0,0.5457453216197155,0,1199,1123,19,18,191,913,1200,0,,,24.581672998465365,False,True
anisotropic_g8_d4_s1,1200,8,anisotropic,4,2026092711,10,20,1,hdbscan_standard,0.20516934369246997,0.34350091692618195,0.2601353773388684,0.20516934369246997,3,0.6908333333333333,0.39174496767116834,371,,,,0.3203339319939879,0,0.0,-5,5,0.19951966319343545,0.27166666666666667,0.21130975969685648,0.32134056185312965,8,0,,,,,,,,,,,,,,,,,,,
anisotropic_g8_d4_s1,1200,8,anisotropic,4,2026092711,10,50,1,hgp_first_coverage,0.457457371750891,0.5122793733026415,0.4686065669597132,0.457457371750891,5,0.8975,0.6222235415467612,123,,,,0.6271933018747704,0,0.0,-3,3,0.4393297480386039,0.5225,0.4546403423127561,0.5507246376811594,8,0,0.7780707834957091,0,0.7780707834957091,0,0.7761015364228327,0,868,868,19,18,520,329,1200,0,2512.667538,667.4881600010849,19.656329001009,,
anisotropic_g8_d4_s1,1200,8,anisotropic,4,2026092711,10,50,1,hdbscan_common,0.2053391633713272,0.34544529622668246,0.2610817630615169,0.2053391633713272,3,0.6891666666666667,0.3949751696064856,373,,,,0.3203339319939879,0,0.0,-5,5,0.20078949764972084,0.27166666666666667,0.21183780218373466,0.321657622101628,8,0,0.5460501992286888,0,0.5460501992286888,0,0.5363893907907578,0,1199,1123,11,10,325,787,1200,0,,,24.044500998570584,False,True
anisotropic_g8_d4_s1,1200,8,anisotropic,4,2026092711,10,50,2,hgp_first_coverage,0.5314990898708061,0.6964781436739221,0.5755956767270647,0.5314990898708061,8,0.8441666666666666,0.6580625835427317,187,,,,0.6271933018747704,0,0.0,0,0,0.7271279626570722,0.6341666666666667,0.6616101660943147,0.6877541798463624,8,0,0.7780707834957091,0,0.7780707834957091,0,0.7761015364228327,0,868,868,19,18,520,329,1200,0,2512.667538,667.4881600010849,20.3422890008369,,
anisotropic_g8_d4_s1,1200,8,anisotropic,4,2026092711,10,50,2,hdbscan_common,0.2053391633713272,0.34544529622668246,0.2610817630615169,0.2053391633713272,3,0.6891666666666667,0.3949751696064856,373,,,,0.3203339319939879,0,0.0,-5,5,0.20078949764972084,0.27166666666666667,0.21183780218373466,0.321657622101628,8,0,0.5460501992286888,0,0.5460501992286888,0,0.5363893907907578,0,1199,1123,11,10,325,787,1200,0,,,24.300527999002952,False,True
anisotropic_g8_d4_s1,1200,8,anisotropic,4,2026092711,10,50,1,hdbscan_standard,0.20516934369246997,0.34350091692618195,0.2601353773388684,0.20516934369246997,3,0.6908333333333333,0.39174496767116834,371,,,,0.3203339319939879,0,0.0,-5,5,0.19951966319343545,0.27166666666666667,0.21130975969685648,0.32134056185312965,8,0,,,,,,,,,,,,,,,,,,,
anisotropic_g8_d4_s1,1200,8,anisotropic,4,2026092711,10,100,1,hgp_first_coverage,0.3207060718662617,0.33735836892573556,0.3231728488258148,0.3207060718662617,3,0.9316666666666666,0.5366447874150465,82,,,,0.6271933018747704,0,0.0,-5,5,0.19439675460561048,0.35416666666666663,0.23138979496738116,0.36669542709232095,8,0,0.7780707834957091,0,0.7725361490399955,0,0.7698569949381165,0,868,868,13,12,627,228,1200,0,2512.667538,667.4881600010849,19.67524400242837,,
anisotropic_g8_d4_s1,1200,8,anisotropic,4,2026092711,10,100,1,hdbscan_common,0.2053391633713272,0.34544529622668246,0.2610817630615169,0.2053391633713272,3,0.6891666666666667,0.3949751696064856,373,,,,0.3203339319939879,0,0.0,-5,5,0.20078949764972084,0.27166666666666667,0.21183780218373466,0.321657622101628,8,0,0.5460501992286888,0,0.4770314724926036,0,0.4536216754839469,0,1199,1123,5,4,450,668,1200,0,,,24.581653000495862,False,True
anisotropic_g8_d4_s1,1200,8,anisotropic,4,2026092711,10,100,2,hgp_first_coverage,0.3207060718662617,0.33735836892573556,0.3231728488258148,0.3207060718662617,3,0.9316666666666666,0.5366447874150465,82,,,,0.6271933018747704,0,0.0,-5,5,0.19439675460561048,0.35416666666666663,0.23138979496738116,0.36669542709232095,8,0,0.7780707834957091,0,0.7725361490399955,0,0.7698569949381165,0,868,868,13,12,627,228,1200,0,2512.667538,667.4881600010849,22.594747999391984,,
anisotropic_g8_d4_s1,1200,8,anisotropic,4,2026092711,10,100,2,hdbscan_common,0.2053391633713272,0.34544529622668246,0.2610817630615169,0.2053391633713272,3,0.6891666666666667,0.3949751696064856,373,,,,0.3203339319939879,0,0.0,-5,5,0.20078949764972084,0.27166666666666667,0.21183780218373466,0.321657622101628,8,0,0.5460501992286888,0,0.4770314724926036,0,0.4536216754839469,0,1199,1123,5,4,450,668,1200,0,,,25.48406499772682,False,True
anisotropic_g8_d4_s1,1200,8,anisotropic,4,2026092711,10,100,1,hdbscan_standard,0.20516934369246997,0.34350091692618195,0.2601353773388684,0.20516934369246997,3,0.6908333333333333,0.39174496767116834,371,,,,0.3203339319939879,0,0.0,-5,5,0.19951966319343545,0.27166666666666667,0.21130975969685648,0.32134056185312965,8,0,,,,,,,,,,,,,,,,,,,
anisotropic_g8_d4_s2,1200,8,anisotropic,4,2026092712,5,10,1,hgp_first_coverage,0.05240882527998068,0.05172309872258934,0.05172308771001348,0.05240882527998068,5,0.9683333333333334,0.26607015685635016,38,,,,0.6835432173279858,0,0.0,-3,3,0.1430984555984556,0.19666666666666666,0.1227205819304313,0.19983065198983913,8,0,0.8629826481460439,0,0.8629826481460439,0,0.8616835419311197,0,950,950,59,58,433,458,1200,0,616.387244,149.50319999843487,28.603431001101853,,
anisotropic_g8_d4_s2,1200,8,anisotropic,4,2026092712,5,10,1,hdbscan_common,0.06695169052582321,0.07259191523265789,0.06850838724802209,0.06695169052582321,2,0.8558333333333333,0.22684826970013192,173,,,,0.4646924477628988,0,0.0,-6,6,0.1441988950276243,0.2175,0.14507074156676888,0.23439604849573417,8,0,0.7395261282279854,0,0.7395261282279854,0,0.7395261282279854,0,1199,1033,23,22,182,828,1200,0,,,37.83158700025524,False,True
anisotropic_g8_d4_s2,1200,8,anisotropic,4,2026092712,5,10,2,hgp_first_coverage,0.37587688273037373,0.7344131197230541,0.4818937081261557,0.37587688273037373,19,0.74,0.6251930312696505,312,,,,0.6835432173279858,0,0.0,11,11,0.9760680809639569,0.5483333333333333,0.6778902709081569,0.6302681992337165,8,0,0.8629826481460439,0,0.8629826481460439,0,0.8616835419311197,0,950,950,59,58,433,458,1200,0,616.387244,149.50319999843487,23.94745999845327,,
anisotropic_g8_d4_s2,1200,8,anisotropic,4,2026092712,5,10,2,hdbscan_common,0.24053521207999753,0.9247150755457422,0.43319680264485844,0.24053521207999753,10,0.5683333333333334,0.5728254020601136,518,,,,0.4646924477628988,0,0.0,2,2,0.9797987616099071,0.53,0.6713159777363022,0.6758767268862912,8,0,0.7395261282279854,0,0.7395261282279854,0,0.7395261282279854,0,1199,1033,23,22,182,828,1200,0,,,33.50449999925331,False,True
anisotropic_g8_d4_s2,1200,8,anisotropic,4,2026092712,5,10,1,hdbscan_standard,0.05293757079932756,0.05437781175919997,0.05256367516671014,0.05293757079932756,3,0.8358333333333333,0.19911591534653017,197,,,,0.4646924477628988,0,0.0,-5,5,0.1441777041942605,0.18833333333333332,0.12467934886843116,0.20517476168860643,8,0,,,,,,,,,,,,,,,,,,,
anisotropic_g8_d4_s2,1200,8,anisotropic,4,2026092712,5,20,1,hgp_first_coverage,0.07556681952903845,0.07591810893830438,0.07556809657454781,0.07556681952903845,2,0.9866666666666667,0.29436814652467885,16,,,,0.6835432173279858,0,0.0,-6,6,0.1430984555984556,0.24833333333333335,0.1557799608406804,0.25,8,0,0.8629826481460439,0,0.8629826481460439,0,0.8616835419311197,0,950,950,23,22,527,400,1200,0,616.387244,149.50319999843487,21.064955999463564,,
anisotropic_g8_d4_s2,1200,8,anisotropic,4,2026092712,5,20,1,hdbscan_common,0.30488594731308644,0.9511744485048761,0.5009575513414938,0.30488594731308644,8,0.6158333333333333,0.6117831524714153,461,,,,0.4646924477628988,0,0.0,0,0,0.9769251983915164,0.6016666666666667,0.7395261282279855,0.7447137699845281,8,0,0.7395261282279854,0,0.7395261282279854,0,0.7395261282279854,0,1199,1033,15,14,232,786,1200,0,,,24.327068000275176,False,True
anisotropic_g8_d4_s2,1200,8,anisotropic,4,2026092712,5,20,2,hgp_first_coverage,0.5803618923390602,0.8761177670674442,0.6642246179504954,0.5803618923390602,10,0.8033333333333333,0.7229493876385255,236,,,,0.6835432173279858,0,0.0,2,2,0.9760680809639569,0.7083333333333334,0.8089880716331668,0.7855822550831792,8,0,0.8629826481460439,0,0.8629826481460439,0,0.8616835419311197,0,950,950,23,22,527,400,1200,0,616.387244,149.50319999843487,21.626162000757176,,
anisotropic_g8_d4_s2,1200,8,anisotropic,4,2026092712,5,20,2,hdbscan_common,0.30488594731308644,0.9511744485048761,0.5009575513414938,0.30488594731308644,8,0.6158333333333333,0.6117831524714153,461,,,,0.4646924477628988,0,0.0,0,0,0.9769251983915164,0.6016666666666667,0.7395261282279855,0.7447137699845281,8,0,0.7395261282279854,0,0.7395261282279854,0,0.7395261282279854,0,1199,1033,15,14,232,786,1200,0,,,24.047496997809503,False,True
anisotropic_g8_d4_s2,1200,8,anisotropic,4,2026092712,5,20,1,hdbscan_standard,0.06629223986977552,0.07186687902923568,0.06783467233118601,0.06629223986977552,2,0.8566666666666667,0.2234083639893169,172,,,,0.4646924477628988,0,0.0,-6,6,0.1441777041942605,0.2175,0.14503954991087345,0.23429084380610413,8,0,,,,,,,,,,,,,,,,,,,
anisotropic_g8_d4_s2,1200,8,anisotropic,4,2026092712,5,50,1,hgp_first_coverage,0.07556681952903845,0.07591810893830438,0.07556809657454781,0.07556681952903845,2,0.9866666666666667,0.29436814652467885,16,,,,0.6835432173279858,0,0.0,-6,6,0.1430984555984556,0.24833333333333335,0.1557799608406804,0.25,8,0,0.8629826481460439,0,0.8629826481460439,0,0.8616835419311197,0,950,950,17,16,625,308,1200,0,616.387244,149.50319999843487,20.667944998422172,,
anisotropic_g8_d4_s2,1200,8,anisotropic,4,2026092712,5,50,1,hdbscan_common,0.06695169052582321,0.07259191523265789,0.06850838724802209,0.06695169052582321,2,0.8558333333333333,0.22684826970013192,173,,,,0.4646924477628988,0,0.0,-6,6,0.1441988950276243,0.2175,0.14507074156676888,0.23439604849573417,8,0,0.7395261282279854,0,0.7395261282279854,0,0.7395261282279854,0,1199,1033,15,14,359,659,1200,0,,,23.525993998191552,False,True
anisotropic_g8_d4_s2,1200,8,anisotropic,4,2026092712,5,50,2,hgp_first_coverage,0.6156838028791248,0.8976709383278901,0.6949699630053373,0.6156838028791248,9,0.8141666666666667,0.7370157539031564,223,,,,0.6835432173279858,0,0.0,1,1,0.9716821160516762,0.7466666666666667,0.8383883831596465,0.8231511254019293,8,0,0.8629826481460439,0,0.8629826481460439,0,0.8616835419311197,0,950,950,17,16,625,308,1200,0,616.387244,149.50319999843487,20.672634997026762,,
anisotropic_g8_d4_s2,1200,8,anisotropic,4,2026092712,5,50,2,hdbscan_common,0.06695169052582321,0.07259191523265789,0.06850838724802209,0.06695169052582321,2,0.8558333333333333,0.22684826970013192,173,,,,0.4646924477628988,0,0.0,-6,6,0.1441988950276243,0.2175,0.14507074156676888,0.23439604849573417,8,0,0.7395261282279854,0,0.7395261282279854,0,0.7395261282279854,0,1199,1033,15,14,359,659,1200,0,,,23.947249999764608,False,True
anisotropic_g8_d4_s2,1200,8,anisotropic,4,2026092712,5,50,1,hdbscan_standard,0.06629223986977552,0.07186687902923568,0.06783467233118601,0.06629223986977552,2,0.8566666666666667,0.2234083639893169,172,,,,0.4646924477628988,0,0.0,-6,6,0.1441777041942605,0.2175,0.14503954991087345,0.23429084380610413,8,0,,,,,,,,,,,,,,,,,,,
anisotropic_g8_d4_s2,1200,8,anisotropic,4,2026092712,5,100,1,hgp_first_coverage,0.07556681952903845,0.07591810893830438,0.07556809657454781,0.07556681952903845,2,0.9866666666666667,0.29436814652467885,16,,,,0.6835432173279858,0,0.0,-6,6,0.1430984555984556,0.24833333333333335,0.1557799608406804,0.25,8,0,0.8629826481460439,0,0.8629826481460439,0,0.8616835419311197,0,950,950,15,14,748,187,1200,0,616.387244,149.50319999843487,20.48688800277887,,
anisotropic_g8_d4_s2,1200,8,anisotropic,4,2026092712,5,100,1,hdbscan_common,0.06695169052582321,0.07259191523265789,0.06850838724802209,0.06695169052582321,2,0.8558333333333333,0.22684826970013192,173,,,,0.4646924477628988,0,0.0,-6,6,0.1441988950276243,0.2175,0.14507074156676888,0.23439604849573417,8,0,0.7395261282279854,0,0.5451449895286701,0,0.5301905449571218,0,1199,1033,7,6,576,450,1200,0,,,23.392735998641,False,True
anisotropic_g8_d4_s2,1200,8,anisotropic,4,2026092712,5,100,2,hgp_first_coverage,0.07556681952903845,0.07591810893830438,0.07556809657454781,0.07556681952903845,2,0.9866666666666667,0.29436814652467885,16,,,,0.6835432173279858,0,0.0,-6,6,0.1430984555984556,0.24833333333333335,0.1557799608406804,0.25,8,0,0.8629826481460439,0,0.8629826481460439,0,0.8616835419311197,0,950,950,15,14,748,187,1200,0,616.387244,149.50319999843487,20.744688998092897,,
anisotropic_g8_d4_s2,1200,8,anisotropic,4,2026092712,5,100,2,hdbscan_common,0.06695169052582321,0.07259191523265789,0.06850838724802209,0.06695169052582321,2,0.8558333333333333,0.22684826970013192,173,,,,0.4646924477628988,0,0.0,-6,6,0.1441988950276243,0.2175,0.14507074156676888,0.23439604849573417,8,0,0.7395261282279854,0,0.5451449895286701,0,0.5301905449571218,0,1199,1033,7,6,576,450,1200,0,,,24.10509399851435,False,True
anisotropic_g8_d4_s2,1200,8,anisotropic,4,2026092712,5,100,1,hdbscan_standard,0.06629223986977552,0.07186687902923568,0.06783467233118601,0.06629223986977552,2,0.8566666666666667,0.2234083639893169,172,,,,0.4646924477628988,0,0.0,-6,6,0.1441777041942605,0.2175,0.14503954991087345,0.23429084380610413,8,0,,,,,,,,,,,,,,,,,,,
anisotropic_g8_d4_s2,1200,8,anisotropic,4,2026092712,10,10,1,hgp_first_coverage,0.4237905484970338,0.7866047563302726,0.5311397443217324,0.4237905484970338,17,0.7475,0.64543830558142,303,,,,0.6744532842465695,0,0.0,9,9,0.9771732367147327,0.5891666666666666,0.7098425354247404,0.6742966142107774,8,0,0.8372788511409038,0,0.8372788511409038,0,0.8368718699945421,0,896,896,53,52,265,578,1200,0,2506.16385,555.6864440004574,21.19545900131925,,
anisotropic_g8_d4_s2,1200,8,anisotropic,4,2026092712,10,10,1,hdbscan_common,0.06435112265181803,0.06927589448977041,0.06557111970547148,0.06435112265181803,2,0.8516666666666667,0.22161320698018025,178,,,,0.3358882207140184,0,0.0,-6,6,0.14403973509933776,0.21166666666666667,0.141693010936432,0.22862286228622863,8,0,0.5962618340571023,0,0.5962618340571023,0,0.5959599016899525,0,1199,1132,19,18,85,1028,1200,0,,,24.763321001955774,False,True
anisotropic_g8_d4_s2,1200,8,anisotropic,4,2026092712,10,10,2,hgp_first_coverage,0.40426128114848703,0.7862153791110661,0.517995229368353,0.40426128114848703,18,0.735,0.636035601554537,318,,,,0.6744532842465695,0,0.0,10,10,0.9810794867147327,0.5675,0.6857997256568779,0.654178674351585,8,0,0.8372788511409038,0,0.8372788511409038,0,0.8368718699945421,0,896,896,53,52,265,578,1200,0,2506.16385,555.6864440004574,21.002018998842686,,
anisotropic_g8_d4_s2,1200,8,anisotropic,4,2026092712,10,10,2,hdbscan_common,0.06435112265181803,0.06927589448977041,0.06557111970547148,0.06435112265181803,2,0.8516666666666667,0.22161320698018025,178,,,,0.3358882207140184,0,0.0,-6,6,0.14403973509933776,0.21166666666666667,0.141693010936432,0.22862286228622863,8,0,0.5962618340571023,0,0.5962618340571023,0,0.5959599016899525,0,1199,1132,19,18,85,1028,1200,0,,,24.39639699878171,False,True
anisotropic_g8_d4_s2,1200,8,anisotropic,4,2026092712,10,10,1,hdbscan_standard,0.06479553808589772,0.06982015207528973,0.06606160030193382,0.06479553808589772,2,0.8525,0.22257766043656368,177,,,,0.3358882207140184,0,0.0,-6,6,0.14403973509933776,0.21250000000000002,0.14222101634320736,0.22941970310391363,8,0,,,,,,,,,,,,,,,,,,,
anisotropic_g8_d4_s2,1200,8,anisotropic,4,2026092712,10,20,1,hgp_first_coverage,0.556161617250633,0.8388779246852023,0.6366091650855628,0.556161617250633,11,0.8075,0.6997068099394472,231,,,,0.6744532842465695,0,0.0,3,3,0.9679719719097499,0.6925,0.7963203076013206,0.7662517289073306,8,0,0.8372788511409038,0,0.8372788511409038,0,0.8335365152340812,0,896,896,29,28,364,503,1200,0,2506.16385,555.6864440004574,20.639452002797043,,
anisotropic_g8_d4_s2,1200,8,anisotropic,4,2026092712,10,20,1,hdbscan_common,0.06435112265181803,0.06927589448977041,0.06557111970547148,0.06435112265181803,2,0.8516666666666667,0.22161320698018025,178,,,,0.3358882207140184,0,0.0,-6,6,0.14403973509933776,0.21166666666666667,0.141693010936432,0.22862286228622863,8,0,0.5962618340571023,0,0.5962618340571023,0,0.5959599016899525,0,1199,1132,17,16,156,959,1200,0,,,24.684003998117987,False,True
anisotropic_g8_d4_s2,1200,8,anisotropic,4,2026092712,10,20,2,hgp_first_coverage,0.556161617250633,0.8388779246852023,0.6366091650855628,0.556161617250633,11,0.8075,0.6997068099394472,231,,,,0.6744532842465695,0,0.0,3,3,0.9679719719097499,0.6925,0.7963203076013206,0.7662517289073306,8,0,0.8372788511409038,0,0.8372788511409038,0,0.8335365152340812,0,896,896,29,28,364,503,1200,0,2506.16385,555.6864440004574,20.468434002395952,,
anisotropic_g8_d4_s2,1200,8,anisotropic,4,2026092712,10,20,2,hdbscan_common,0.06435112265181803,0.06927589448977041,0.06557111970547148,0.06435112265181803,2,0.8516666666666667,0.22161320698018025,178,,,,0.3358882207140184,0,0.0,-6,6,0.14403973509933776,0.21166666666666667,0.141693010936432,0.22862286228622863,8,0,0.5962618340571023,0,0.5962618340571023,0,0.5959599016899525,0,1199,1132,17,16,156,959,1200,0,,,25.44031400248059,False,True
anisotropic_g8_d4_s2,1200,8,anisotropic,4,2026092712,10,20,1,hdbscan_standard,0.06479553808589772,0.06982015207528973,0.06606160030193382,0.06479553808589772,2,0.8525,0.22257766043656368,177,,,,0.3358882207140184,0,0.0,-6,6,0.14403973509933776,0.21250000000000002,0.14222101634320736,0.22941970310391363,8,0,,,,,,,,,,,,,,,,,,,
anisotropic_g8_d4_s2,1200,8,anisotropic,4,2026092712,10,50,1,hgp_first_coverage,0.5759300558041863,0.8863188649208158,0.6632351023051041,0.5759300558041863,9,0.7883333333333333,0.7127602290361404,254,,,,0.6744532842465695,0,0.0,1,1,0.9679719719097499,0.72,0.8159694025520985,0.8052190121155638,8,0,0.8372788511409038,0,0.8372788511409038,0,0.8335365152340812,0,896,896,17,16,482,397,1200,0,2506.16385,555.6864440004574,20.62393400046858,,
anisotropic_g8_d4_s2,1200,8,anisotropic,4,2026092712,10,50,1,hdbscan_common,0.06435112265181803,0.06927589448977041,0.06557111970547148,0.06435112265181803,2,0.8516666666666667,0.22161320698018025,178,,,,0.3358882207140184,0,0.0,-6,6,0.14403973509933776,0.21166666666666667,0.141693010936432,0.22862286228622863,8,0,0.5962618340571023,0,0.5962618340571023,0,0.5929405780184549,0,1199,1132,13,12,351,768,1200,0,,,26.678021997213364,False,True
anisotropic_g8_d4_s2,1200,8,anisotropic,4,2026092712,10,50,2,hgp_first_coverage,0.5759300558041863,0.8863188649208158,0.6632351023051041,0.5759300558041863,9,0.7883333333333333,0.7127602290361404,254,,,,0.6744532842465695,0,0.0,1,1,0.9679719719097499,0.72,0.8159694025520985,0.8052190121155638,8,0,0.8372788511409038,0,0.8372788511409038,0,0.8335365152340812,0,896,896,17,16,482,397,1200,0,2506.16385,555.6864440004574,22.07352600089507,,
anisotropic_g8_d4_s2,1200,8,anisotropic,4,2026092712,10,50,2,hdbscan_common,0.06435112265181803,0.06927589448977041,0.06557111970547148,0.06435112265181803,2,0.8516666666666667,0.22161320698018025,178,,,,0.3358882207140184,0,0.0,-6,6,0.14403973509933776,0.21166666666666667,0.141693010936432,0.22862286228622863,8,0,0.5962618340571023,0,0.5962618340571023,0,0.5929405780184549,0,1199,1132,13,12,351,768,1200,0,,,37.528412001847755,False,True
anisotropic_g8_d4_s2,1200,8,anisotropic,4,2026092712,10,50,1,hdbscan_standard,0.06479553808589772,0.06982015207528973,0.06606160030193382,0.06479553808589772,2,0.8525,0.22257766043656368,177,,,,0.3358882207140184,0,0.0,-6,6,0.14403973509933776,0.21250000000000002,0.14222101634320736,0.22941970310391363,8,0,,,,,,,,,,,,,,,,,,,
anisotropic_g8_d4_s2,1200,8,anisotropic,4,2026092712,10,100,1,hgp_first_coverage,0.07220490144327435,0.07272114851146343,0.07220658741571817,0.07220490144327435,2,0.9791666666666666,0.2825600372001906,25,,,,0.6744532842465695,0,0.0,-6,6,0.14301257253384914,0.24166666666666664,0.15259516926720534,0.24421052631578946,8,0,0.8372788511409038,0,0.8329342972273844,0,0.8065285580790652,0,896,896,13,12,649,234,1200,0,2506.16385,555.6864440004574,20.26509500137763,,
anisotropic_g8_d4_s2,1200,8,anisotropic,4,2026092712,10,100,1,hdbscan_common,0.06435112265181803,0.06927589448977041,0.06557111970547148,0.06435112265181803,2,0.8516666666666667,0.22161320698018025,178,,,,0.3358882207140184,0,0.0,-6,6,0.14403973509933776,0.21166666666666667,0.141693010936432,0.22862286228622863,8,0,0.5962618340571023,0,0.3980880641156748,0,0.3235111927546138,0,1199,1132,3,2,476,653,1200,0,,,23.748047999106348,False,True
anisotropic_g8_d4_s2,1200,8,anisotropic,4,2026092712,10,100,2,hgp_first_coverage,0.07220490144327435,0.07272114851146343,0.07220658741571817,0.07220490144327435,2,0.9791666666666666,0.2825600372001906,25,,,,0.6744532842465695,0,0.0,-6,6,0.14301257253384914,0.24166666666666664,0.15259516926720534,0.24421052631578946,8,0,0.8372788511409038,0,0.8329342972273844,0,0.8065285580790652,0,896,896,13,12,649,234,1200,0,2506.16385,555.6864440004574,19.744443001400214,,
anisotropic_g8_d4_s2,1200,8,anisotropic,4,2026092712,10,100,2,hdbscan_common,0.06435112265181803,0.06927589448977041,0.06557111970547148,0.06435112265181803,2,0.8516666666666667,0.22161320698018025,178,,,,0.3358882207140184,0,0.0,-6,6,0.14403973509933776,0.21166666666666667,0.141693010936432,0.22862286228622863,8,0,0.5962618340571023,0,0.3980880641156748,0,0.3235111927546138,0,1199,1132,3,2,476,653,1200,0,,,24.082661999273114,False,True
anisotropic_g8_d4_s2,1200,8,anisotropic,4,2026092712,10,100,1,hdbscan_standard,0.06479553808589772,0.06982015207528973,0.06606160030193382,0.06479553808589772,2,0.8525,0.22257766043656368,177,,,,0.3358882207140184,0,0.0,-6,6,0.14403973509933776,0.21250000000000002,0.14222101634320736,0.22941970310391363,8,0,,,,,,,,,,,,,,,,,,,
anisotropic_g8_d2_s1,1200,8,anisotropic,2,2026092711,5,10,1,hgp_first_coverage,0.0007256272840276074,0.0007651001041728726,0.0007401830530600503,0.0007256272840276074,2,0.9466666666666667,0.026291142620850194,64,,,,0.15728838187664013,0,0.0,-6,6,0.14129464285714285,0.135,0.05283654302248364,0.1386986301369863,8,0,0.2550205345692797,0,0.2550205345692797,0,0.2504570074115148,0,928,928,65,64,410,453,1200,0,734.577346,301.6083330003312,21.2643279992335,,
anisotropic_g8_d2_s1,1200,8,anisotropic,2,2026092711,5,10,1,hdbscan_common,0.0009637330854250089,0.0005813796754203755,0.0007659575973841889,0.0009637330854250089,2,0.8858333333333334,0.021568569750421904,137,,,,0.1400034339089752,0,0.0,-6,6,0.14222908745247148,0.13,0.047238815225142367,0.137870083959346,8,0,0.24148413847196668,0,0.24148413847196668,0,0.23594433932261025,0,1199,1042,25,24,210,807,1200,0,,,30.33127299931948,False,True
anisotropic_g8_d2_s1,1200,8,anisotropic,2,2026092711,5,10,2,hgp_first_coverage,0.0007256272840276074,0.0007651001041728726,0.0007401830530600503,0.0007256272840276074,2,0.9466666666666667,0.026291142620850194,64,,,,0.15728838187664013,0,0.0,-6,6,0.14129464285714285,0.135,0.05283654302248364,0.1386986301369863,8,0,0.2550205345692797,0,0.2550205345692797,0,0.2504570074115148,0,928,928,65,64,410,453,1200,0,734.577346,301.6083330003312,23.19453599920962,,
anisotropic_g8_d2_s1,1200,8,anisotropic,2,2026092711,5,10,2,hdbscan_common,0.0034238712673931976,0.002038368033058288,0.0028020894922256064,0.0034238712673931976,3,0.7066666666666667,0.03334535877143098,352,,,,0.1400034339089752,0,0.0,-5,5,0.14344014510278114,0.11083333333333334,0.048298759671195256,0.1298828125,8,0,0.24148413847196668,0,0.24148413847196668,0,0.23594433932261025,0,1199,1042,25,24,210,807,1200,0,,,27.655803998641204,False,True
anisotropic_g8_d2_s1,1200,8,anisotropic,2,2026092711,5,10,1,hdbscan_standard,0.0009006641033361137,0.0005404059593798182,0.0007144008971778753,0.0009006641033361137,2,0.8866666666666667,0.02139009429706898,136,,,,0.1400034339089752,0,0.0,-6,6,0.14221272554605888,0.13,0.04721374617287011,0.13780918727915195,8,0,,,,,,,,,,,,,,,,,,,
anisotropic_g8_d2_s1,1200,8,anisotropic,2,2026092711,5,20,1,hgp_first_coverage,0.020821319524999025,0.01762695569261617,0.023271410392050444,0.020821319524999025,3,0.45916666666666667,0.07677121555126652,649,,,,0.15728838187664013,0,0.0,-5,5,0.17257294191372302,0.10250000000000001,0.08304913965333317,0.14049114791547687,8,0,0.2550205345692797,0,0.2550205345692797,0,0.2323986052795036,0,928,928,13,12,513,402,1200,0,734.577346,301.6083330003312,22.60324400049285,,
anisotropic_g8_d2_s1,1200,8,anisotropic,2,2026092711,5,20,1,hdbscan_common,0.008102834617843174,0.02945618285420195,0.016429426799951692,0.008102834617843174,3,0.35333333333333333,0.06187308306174414,776,,,,0.1400034339089752,0,0.0,-5,5,0.18742202815897344,0.08750000000000001,0.08787983425414364,0.12931034482758622,8,0,0.24148413847196668,0,0.24148413847196668,0,0.22529939760691217,0,1199,1042,11,10,260,771,1200,0,,,27.835459000925766,False,True
anisotropic_g8_d2_s1,1200,8,anisotropic,2,2026092711,5,20,2,hgp_first_coverage,0.020821319524999025,0.01762695569261617,0.023271410392050444,0.020821319524999025,3,0.45916666666666667,0.07677121555126652,649,,,,0.15728838187664013,0,0.0,-5,5,0.17257294191372302,0.10250000000000001,0.08304913965333317,0.14049114791547687,8,0,0.2550205345692797,0,0.2550205345692797,0,0.2323986052795036,0,928,928,13,12,513,402,1200,0,734.577346,301.6083330003312,22.824786999990465,,
anisotropic_g8_d2_s1,1200,8,anisotropic,2,2026092711,5,20,2,hdbscan_common,0.008102834617843174,0.02945618285420195,0.016429426799951692,0.008102834617843174,3,0.35333333333333333,0.06187308306174414,776,,,,0.1400034339089752,0,0.0,-5,5,0.18742202815897344,0.08750000000000001,0.08787983425414364,0.12931034482758622,8,0,0.24148413847196668,0,0.24148413847196668,0,0.22529939760691217,0,1199,1042,11,10,260,771,1200,0,,,27.07037299842341,False,True
anisotropic_g8_d2_s1,1200,8,anisotropic,2,2026092711,5,20,1,hdbscan_standard,0.008150678960071397,0.029590776026742864,0.016500625518552227,0.008150678960071397,3,0.3541666666666667,0.06232838202474493,775,,,,0.1400034339089752,0,0.0,-5,5,0.18477585880413472,0.08750000000000001,0.08772046323841903,0.12923076923076923,8,0,,,,,,,,,,,,,,,,,,,
anisotropic_g8_d2_s1,1200,8,anisotropic,2,2026092711,5,50,1,hgp_first_coverage,0.011306011664824114,0.16395573922971102,0.03245061509490303,0.011306011664824114,3,0.22416666666666665,0.10254985197525048,931,,,,0.15728838187664013,0,0.0,-5,5,0.14015221057042795,0.07583333333333334,0.09319187787262234,0.12389380530973451,8,0,0.2550205345692797,0,0.2550205345692797,0,0.20887463377318735,0,928,928,5,4,552,371,1200,0,734.577346,301.6083330003312,27.114415002870373,,
anisotropic_g8_d2_s1,1200,8,anisotropic,2,2026092711,5,50,1,hdbscan_common,0.005005646151148518,0.10796332405033293,0.015511566371717881,0.005005646151148518,2,0.14583333333333334,0.05928233076791847,1025,,,,0.1400034339089752,0,0.0,-6,6,0.0795,0.045,0.054886363636363636,0.07854545454545454,8,0,0.24148413847196668,0,0.24029760470801106,0,0.14431818181818182,0,1199,1042,3,2,307,732,1200,0,,,26.140999998460757,False,True
anisotropic_g8_d2_s1,1200,8,anisotropic,2,2026092711,5,50,2,hgp_first_coverage,0.011306011664824114,0.16395573922971102,0.03245061509490303,0.011306011664824114,3,0.22416666666666665,0.10254985197525048,931,,,,0.15728838187664013,0,0.0,-5,5,0.14015221057042795,0.07583333333333334,0.09319187787262234,0.12389380530973451,8,0,0.2550205345692797,0,0.2550205345692797,0,0.20887463377318735,0,928,928,5,4,552,371,1200,0,734.577346,301.6083330003312,22.613403001741972,,
anisotropic_g8_d2_s1,1200,8,anisotropic,2,2026092711,5,50,2,hdbscan_common,0.005005646151148518,0.10796332405033293,0.015511566371717881,0.005005646151148518,2,0.14583333333333334,0.05928233076791847,1025,,,,0.1400034339089752,0,0.0,-6,6,0.0795,0.045,0.054886363636363636,0.07854545454545454,8,0,0.24148413847196668,0,0.24029760470801106,0,0.14431818181818182,0,1199,1042,3,2,307,732,1200,0,,,25.060796000616392,False,True
anisotropic_g8_d2_s1,1200,8,anisotropic,2,2026092711,5,50,1,hdbscan_standard,0.005016142447761184,0.10126274423963397,0.015269599482875049,0.005016142447761184,2,0.1475,0.057900161764982465,1023,,,,0.1400034339089752,0,0.0,-6,6,0.07891732283464567,0.045,0.05464350180505416,0.0784313725490196,8,0,,,,,,,,,,,,,,,,,,,
anisotropic_g8_d2_s1,1200,8,anisotropic,2,2026092711,5,100,1,hgp_first_coverage,0.0,,0.0,0.0,0,0.0,0.0,1200,,,,0.15728838187664013,0,0.0,-8,8,0.0,0.0,0.0,0.0,8,0,0.2550205345692797,0,0.2520440309087815,0,0.0,0,928,928,1,0,564,363,1200,0,734.577346,301.6083330003312,21.20044899857021,,
anisotropic_g8_d2_s1,1200,8,anisotropic,2,2026092711,5,100,1,hdbscan_common,0.0,,0.0,0.0,0,0.0,0.0,1200,,,,0.1400034339089752,0,0.0,-8,8,0.0,0.0,0.0,0.0,8,0,0.24148413847196668,0,0.24029760470801106,0,0.0,0,1199,1042,1,0,309,732,1200,0,,,23.831082999095088,True,True
anisotropic_g8_d2_s1,1200,8,anisotropic,2,2026092711,5,100,2,hgp_first_coverage,0.0,,0.0,0.0,0,0.0,0.0,1200,,,,0.15728838187664013,0,0.0,-8,8,0.0,0.0,0.0,0.0,8,0,0.2550205345692797,0,0.2520440309087815,0,0.0,0,928,928,1,0,564,363,1200,0,734.577346,301.6083330003312,20.393654001964023,,
anisotropic_g8_d2_s1,1200,8,anisotropic,2,2026092711,5,100,2,hdbscan_common,0.0,,0.0,0.0,0,0.0,0.0,1200,,,,0.1400034339089752,0,0.0,-8,8,0.0,0.0,0.0,0.0,8,0,0.24148413847196668,0,0.24029760470801106,0,0.0,0,1199,1042,1,0,309,732,1200,0,,,25.627482998970663,True,True
anisotropic_g8_d2_s1,1200,8,anisotropic,2,2026092711,5,100,1,hdbscan_standard,0.0,,0.0,0.0,0,0.0,0.0,1200,,,,0.1400034339089752,0,0.0,-8,8,0.0,0.0,0.0,0.0,8,0,,,,,,,,,,,,,,,,,,,
anisotropic_g8_d2_s1,1200,8,anisotropic,2,2026092711,10,10,1,hgp_first_coverage,0.00026560327282100553,0.00029239514780657295,0.00027737171496146617,0.00026560327282100553,2,0.9558333333333333,0.017785574384975262,53,,,,0.17396359954647286,0,0.0,-6,6,0.14127088830255058,0.13166666666666668,0.04437402874902875,0.13463996591393268,8,0,0.31543285901953416,0,0.31543285901953416,0,0.31106187102640814,0,864,864,59,58,247,558,1200,0,3079.326993,843.9624780003214,21.235152998997364,,
anisotropic_g8_d2_s1,1200,8,anisotropic,2,2026092711,10,10,1,hdbscan_common,0.008386148439074342,0.030794227280971843,0.01801224629079175,0.008386148439074342,2,0.28,0.048685295673915614,864,,,,0.13307386898716883,0,0.0,-6,6,0.08425436277102062,0.060833333333333336,0.052586363912330764,0.09505208333333333,8,0,0.23355194025450066,0,0.23355194025450066,0,0.19036838865087724,0,1199,1122,7,6,75,1040,1200,0,,,24.692529997992096,False,True
anisotropic_g8_d2_s1,1200,8,anisotropic,2,2026092711,10,10,2,hgp_first_coverage,0.00026560327282100553,0.00029239514780657295,0.00027737171496146617,0.00026560327282100553,2,0.9558333333333333,0.017785574384975262,53,,,,0.17396359954647286,0,0.0,-6,6,0.14127088830255058,0.13166666666666668,0.04437402874902875,0.13463996591393268,8,0,0.31543285901953416,0,0.31543285901953416,0,0.31106187102640814,0,864,864,59,58,247,558,1200,0,3079.326993,843.9624780003214,20.773263000592124,,
anisotropic_g8_d2_s1,1200,8,anisotropic,2,2026092711,10,10,2,hdbscan_common,0.008386148439074342,0.030794227280971843,0.01801224629079175,0.008386148439074342,2,0.28,0.048685295673915614,864,,,,0.13307386898716883,0,0.0,-6,6,0.08425436277102062,0.060833333333333336,0.052586363912330764,0.09505208333333333,8,0,0.23355194025450066,0,0.23355194025450066,0,0.19036838865087724,0,1199,1122,7,6,75,1040,1200,0,,,27.003958999557653,False,True
anisotropic_g8_d2_s1,1200,8,anisotropic,2,2026092711,10,10,1,hdbscan_standard,0.00848025162898173,0.031190964684891402,0.018187798638914943,0.00848025162898173,2,0.2808333333333333,0.049494845511456956,863,,,,0.13307386898716883,0,0.0,-6,6,0.08627049180327868,0.06166666666666667,0.05384615384615385,0.09629147690305791,8,0,,,,,,,,,,,,,,,,,,,
anisotropic_g8_d2_s1,1200,8,anisotropic,2,2026092711,10,20,1,hgp_first_coverage,0.03909511821242027,0.06004275837835115,0.04842778553029068,0.03909511821242027,3,0.5808333333333333,0.1365280025683708,503,,,,0.17396359954647286,0,0.0,-5,5,0.1723754726286372,0.15416666666666667,0.12799997067061636,0.19504480759093304,8,0,0.31543285901953416,0,0.31543285901953416,0,0.29760918049722423,0,864,864,21,20,355,488,1200,0,3079.326993,843.9624780003214,21.86755300135701,,
anisotropic_g8_d2_s1,1200,8,anisotropic,2,2026092711,10,20,1,hdbscan_common,0.008386148439074342,0.030794227280971843,0.01801224629079175,0.008386148439074342,2,0.28,0.048685295673915614,864,,,,0.13307386898716883,0,0.0,-6,6,0.08425436277102062,0.060833333333333336,0.052586363912330764,0.09505208333333333,8,0,0.23355194025450066,0,0.23355194025450066,0,0.19036838865087724,0,1199,1122,7,6,101,1014,1200,0,,,25.247484001738485,False,True
anisotropic_g8_d2_s1,1200,8,anisotropic,2,2026092711,10,20,2,hgp_first_coverage,0.03909511821242027,0.06004275837835115,0.04842778553029068,0.03909511821242027,3,0.5808333333333333,0.1365280025683708,503,,,,0.17396359954647286,0,0.0,-5,5,0.1723754726286372,0.15416666666666667,0.12799997067061636,0.19504480759093304,8,0,0.31543285901953416,0,0.31543285901953416,0,0.29760918049722423,0,864,864,21,20,355,488,1200,0,3079.326993,843.9624780003214,20.486407000134932,,
anisotropic_g8_d2_s1,1200,8,anisotropic,2,2026092711,10,20,2,hdbscan_common,0.008386148439074342,0.030794227280971843,0.01801224629079175,0.008386148439074342,2,0.28,0.048685295673915614,864,,,,0.13307386898716883,0,0.0,-6,6,0.08425436277102062,0.060833333333333336,0.052586363912330764,0.09505208333333333,8,0,0.23355194025450066,0,0.23355194025450066,0,0.19036838865087724,0,1199,1122,7,6,101,1014,1200,0,,,25.54091199999675,False,True
anisotropic_g8_d2_s1,1200,8,anisotropic,2,2026092711,10,20,1,hdbscan_standard,0.00848025162898173,0.031190964684891402,0.018187798638914943,0.00848025162898173,2,0.2808333333333333,0.049494845511456956,863,,,,0.13307386898716883,0,0.0,-6,6,0.08627049180327868,0.06166666666666667,0.05384615384615385,0.09629147690305791,8,0,,,,,,,,,,,,,,,,,,,
anisotropic_g8_d2_s1,1200,8,anisotropic,2,2026092711,10,50,1,hgp_first_coverage,0.04084722815721972,0.06333507941224309,0.050946449538124425,0.04084722815721972,2,0.5833333333333334,0.11461590954072128,500,,,,0.17396359954647286,0,0.0,-6,6,0.08405450787910101,0.14416666666666667,0.09652355704987284,0.18210526315789474,8,0,0.31543285901953416,0,0.31543285901953416,0,0.2969413110873779,0,864,864,7,6,423,434,1200,0,3079.326993,843.9624780003214,19.67751899792347,,
anisotropic_g8_d2_s1,1200,8,anisotropic,2,2026092711,10,50,1,hdbscan_common,0.0,,0.0,0.0,0,0.0,0.0,1200,,,,0.13307386898716883,0,0.0,-8,8,0.0,0.0,0.0,0.0,8,0,0.23355194025450066,0,0.23355194025450066,0,0.0,0,1199,1122,1,0,145,976,1200,0,,,24.062074000539724,True,True
anisotropic_g8_d2_s1,1200,8,anisotropic,2,2026092711,10,50,2,hgp_first_coverage,0.04084722815721972,0.06333507941224309,0.050946449538124425,0.04084722815721972,2,0.5833333333333334,0.11461590954072128,500,,,,0.17396359954647286,0,0.0,-6,6,0.08405450787910101,0.14416666666666667,0.09652355704987284,0.18210526315789474,8,0,0.31543285901953416,0,0.31543285901953416,0,0.2969413110873779,0,864,864,7,6,423,434,1200,0,3079.326993,843.9624780003214,20.27362000080757,,
anisotropic_g8_d2_s1,1200,8,anisotropic,2,2026092711,10,50,2,hdbscan_common,0.0,,0.0,0.0,0,0.0,0.0,1200,,,,0.13307386898716883,0,0.0,-8,8,0.0,0.0,0.0,0.0,8,0,0.23355194025450066,0,0.23355194025450066,0,0.0,0,1199,1122,1,0,145,976,1200,0,,,24.201264001021627,True,True
anisotropic_g8_d2_s1,1200,8,anisotropic,2,2026092711,10,50,1,hdbscan_standard,0.0,,0.0,0.0,0,0.0,0.0,1200,,,,0.13307386898716883,0,0.0,-8,8,0.0,0.0,0.0,0.0,8,0,,,,,,,,,,,,,,,,,,,
anisotropic_g8_d2_s1,1200,8,anisotropic,2,2026092711,10,100,1,hgp_first_coverage,0.04084722815721972,0.06333507941224309,0.050946449538124425,0.04084722815721972,2,0.5833333333333334,0.11461590954072128,500,,,,0.17396359954647286,0,0.0,-6,6,0.08405450787910101,0.14416666666666667,0.09652355704987284,0.18210526315789474,8,0,0.31543285901953416,0,0.31543285901953416,0,0.2969413110873779,0,864,864,5,4,452,407,1200,0,3079.326993,843.9624780003214,24.236578999989433,,
anisotropic_g8_d2_s1,1200,8,anisotropic,2,2026092711,10,100,1,hdbscan_common,0.0,,0.0,0.0,0,0.0,0.0,1200,,,,0.13307386898716883,0,0.0,-8,8,0.0,0.0,0.0,0.0,8,0,0.23355194025450066,0,0.23355194025450066,0,0.0,0,1199,1122,1,0,154,967,1200,0,,,25.073861001146724,True,True
anisotropic_g8_d2_s1,1200,8,anisotropic,2,2026092711,10,100,2,hgp_first_coverage,0.04084722815721972,0.06333507941224309,0.050946449538124425,0.04084722815721972,2,0.5833333333333334,0.11461590954072128,500,,,,0.17396359954647286,0,0.0,-6,6,0.08405450787910101,0.14416666666666667,0.09652355704987284,0.18210526315789474,8,0,0.31543285901953416,0,0.31543285901953416,0,0.2969413110873779,0,864,864,5,4,452,407,1200,0,3079.326993,843.9624780003214,21.132342000782955,,
anisotropic_g8_d2_s1,1200,8,anisotropic,2,2026092711,10,100,2,hdbscan_common,0.0,,0.0,0.0,0,0.0,0.0,1200,,,,0.13307386898716883,0,0.0,-8,8,0.0,0.0,0.0,0.0,8,0,0.23355194025450066,0,0.23355194025450066,0,0.0,0,1199,1122,1,0,154,967,1200,0,,,26.004104998719413,True,True
anisotropic_g8_d2_s1,1200,8,anisotropic,2,2026092711,10,100,1,hdbscan_standard,0.0,,0.0,0.0,0,0.0,0.0,1200,,,,0.13307386898716883,0,0.0,-8,8,0.0,0.0,0.0,0.0,8,0,,,,,,,,,,,,,,,,,,,
anisotropic_g8_d2_s2,1200,8,anisotropic,2,2026092712,5,10,1,hgp_first_coverage,0.03343834350448267,0.23094056686006956,0.0746299346948062,0.03343834350448267,27,0.5191666666666667,0.2751794383845257,577,,,,0.18805551218779307,0,0.0,19,19,0.6766910183214531,0.18,0.2815102958912326,0.2369720241360395,8,0,0.3597782871266583,0,0.3597782871266583,0,0.35877861697926094,0,939,939,59,58,440,440,1200,0,662.201963,154.2600799984939,23.57857300012256,,
anisotropic_g8_d2_s2,1200,8,anisotropic,2,2026092712,5,10,1,hdbscan_common,0.014101663106814462,0.018415888393353536,0.016174237406346516,0.014101663106814462,2,0.6433333333333333,0.06630036427697002,428,,,,0.155672438480272,0,0.0,-6,6,0.1332005930668906,0.13583333333333333,0.09219730509560278,0.16531440162271804,8,0,0.29778218411317675,0,0.29778218411317675,0,0.2933028747339047,0,1199,1044,21,20,184,839,1200,0,,,24.791523999738274,False,True
anisotropic_g8_d2_s2,1200,8,anisotropic,2,2026092712,5,10,2,hgp_first_coverage,0.029506306934408776,0.21383084726958834,0.06649024851847848,0.029506306934408776,28,0.51,0.27064215553713267,588,,,,0.18805551218779307,0,0.0,20,20,0.6852722540193936,0.1625,0.2581888371302134,0.2152317880794702,8,0,0.3597782871266583,0,0.3597782871266583,0,0.35877861697926094,0,939,939,59,58,440,440,1200,0,662.201963,154.2600799984939,21.716410999943037,,
anisotropic_g8_d2_s2,1200,8,anisotropic,2,2026092712,5,10,2,hdbscan_common,0.014101663106814462,0.018415888393353536,0.016174237406346516,0.014101663106814462,2,0.6433333333333333,0.06630036427697002,428,,,,0.155672438480272,0,0.0,-6,6,0.1332005930668906,0.13583333333333333,0.09219730509560278,0.16531440162271804,8,0,0.29778218411317675,0,0.29778218411317675,0,0.2933028747339047,0,1199,1044,21,20,184,839,1200,0,,,25.33266300088144,False,True
anisotropic_g8_d2_s2,1200,8,anisotropic,2,2026092712,5,10,1,hdbscan_standard,0.014149616277002525,0.01828657755478968,0.016139724949073873,0.014149616277002525,2,0.6441666666666667,0.0658219781688961,427,,,,0.155672438480272,0,0.0,-6,6,0.1311041570081904,0.13583333333333333,0.09190753401475665,0.16523061327927013,8,0,,,,,,,,,,,,,,,,,,,
anisotropic_g8_d2_s2,1200,8,anisotropic,2,2026092712,5,20,1,hgp_first_coverage,0.046491233875804026,0.08739292304730488,0.06295183454041893,0.046491233875804026,7,0.6166666666666667,0.20156054361730716,460,,,,0.18805551218779307,0,0.0,-1,1,0.6440066329020222,0.25,0.29043579906739914,0.30927835051546393,8,0,0.3597782871266583,0,0.3597782871266583,0,0.35861241271328953,0,939,939,25,24,531,383,1200,0,662.201963,154.2600799984939,21.14061700194725,,
anisotropic_g8_d2_s2,1200,8,anisotropic,2,2026092712,5,20,1,hdbscan_common,0.014101663106814462,0.018415888393353536,0.016174237406346516,0.014101663106814462,2,0.6433333333333333,0.06630036427697002,428,,,,0.155672438480272,0,0.0,-6,6,0.1332005930668906,0.13583333333333333,0.09219730509560278,0.16531440162271804,8,0,0.29778218411317675,0,0.29778218411317675,0,0.2933028747339047,0,1199,1044,11,10,232,801,1200,0,,,24.234614997112658,False,True
anisotropic_g8_d2_s2,1200,8,anisotropic,2,2026092712,5,20,2,hgp_first_coverage,0.046491233875804026,0.08739292304730488,0.06295183454041893,0.046491233875804026,7,0.6166666666666667,0.20156054361730716,460,,,,0.18805551218779307,0,0.0,-1,1,0.6440066329020222,0.25,0.29043579906739914,0.30927835051546393,8,0,0.3597782871266583,0,0.3597782871266583,0,0.35861241271328953,0,939,939,25,24,531,383,1200,0,662.201963,154.2600799984939,21.854357997654006,,
anisotropic_g8_d2_s2,1200,8,anisotropic,2,2026092712,5,20,2,hdbscan_common,0.014101663106814462,0.018415888393353536,0.016174237406346516,0.014101663106814462,2,0.6433333333333333,0.06630036427697002,428,,,,0.155672438480272,0,0.0,-6,6,0.1332005930668906,0.13583333333333333,0.09219730509560278,0.16531440162271804,8,0,0.29778218411317675,0,0.29778218411317675,0,0.2933028747339047,0,1199,1044,11,10,232,801,1200,0,,,24.676269000337925,False,True
anisotropic_g8_d2_s2,1200,8,anisotropic,2,2026092712,5,20,1,hdbscan_standard,0.014149616277002525,0.01828657755478968,0.016139724949073873,0.014149616277002525,2,0.6441666666666667,0.0658219781688961,427,,,,0.155672438480272,0,0.0,-6,6,0.1311041570081904,0.13583333333333333,0.09190753401475665,0.16523061327927013,8,0,,,,,,,,,,,,,,,,,,,
anisotropic_g8_d2_s2,1200,8,anisotropic,2,2026092712,5,50,1,hgp_first_coverage,0.04716330621230994,0.07572269053660824,0.05947000988574223,0.04716330621230994,3,0.5675,0.14845378107362617,519,,,,0.18805551218779307,0,0.0,-5,5,0.2056252939811281,0.1775,0.15804500229962104,0.22647527910685805,8,0,0.3597782871266583,0,0.3393817370043332,0,0.3294469806536133,0,939,939,7,6,601,331,1200,0,662.201963,154.2600799984939,20.951965998392552,,
anisotropic_g8_d2_s2,1200,8,anisotropic,2,2026092712,5,50,1,hdbscan_common,0.014101663106814462,0.018415888393353536,0.016174237406346516,0.014101663106814462,2,0.6433333333333333,0.06630036427697002,428,,,,0.155672438480272,0,0.0,-6,6,0.1332005930668906,0.13583333333333333,0.09219730509560278,0.16531440162271804,8,0,0.29778218411317675,0,0.28090316693132156,0,0.25301433616579844,0,1199,1044,3,2,296,745,1200,0,,,24.62048500092351,False,True
anisotropic_g8_d2_s2,1200,8,anisotropic,2,2026092712,5,50,2,hgp_first_coverage,0.04716330621230994,0.07572269053660824,0.05947000988574223,0.04716330621230994,3,0.5675,0.14845378107362617,519,,,,0.18805551218779307,0,0.0,-5,5,0.2056252939811281,0.1775,0.15804500229962104,0.22647527910685805,8,0,0.3597782871266583,0,0.3393817370043332,0,0.3294469806536133,0,939,939,7,6,601,331,1200,0,662.201963,154.2600799984939,21.352160998503678,,
anisotropic_g8_d2_s2,1200,8,anisotropic,2,2026092712,5,50,2,hdbscan_common,0.014101663106814462,0.018415888393353536,0.016174237406346516,0.014101663106814462,2,0.6433333333333333,0.06630036427697002,428,,,,0.155672438480272,0,0.0,-6,6,0.1332005930668906,0.13583333333333333,0.09219730509560278,0.16531440162271804,8,0,0.29778218411317675,0,0.28090316693132156,0,0.25301433616579844,0,1199,1044,3,2,296,745,1200,0,,,31.447234003280755,False,True
anisotropic_g8_d2_s2,1200,8,anisotropic,2,2026092712,5,50,1,hdbscan_standard,0.014149616277002525,0.01828657755478968,0.016139724949073873,0.014149616277002525,2,0.6441666666666667,0.0658219781688961,427,,,,0.155672438480272,0,0.0,-6,6,0.1311041570081904,0.13583333333333333,0.09190753401475665,0.16523061327927013,8,0,,,,,,,,,,,,,,,,,,,
anisotropic_g8_d2_s2,1200,8,anisotropic,2,2026092712,5,100,1,hgp_first_coverage,0.04543688076909451,0.037472980616974134,0.04575428375335269,0.04543688076909451,2,0.5166666666666667,0.10613086698179357,580,,,,0.18805551218779307,0,0.0,-6,6,0.08882201529260353,0.13,0.09050945727592434,0.17142857142857143,8,0,0.3597782871266583,0,0.2884150542560856,0,0.24680995152552038,0,939,939,3,2,618,318,1200,0,662.201963,154.2600799984939,180.5310929994448,,
anisotropic_g8_d2_s2,1200,8,anisotropic,2,2026092712,5,100,1,hdbscan_common,0.0,,0.0,0.0,0,0.0,0.0,1200,,,,0.155672438480272,0,0.0,-8,8,0.0,0.0,0.0,0.0,8,0,0.29778218411317675,0,0.2497343525602411,0,0.0,0,1199,1044,1,0,316,727,1200,0,,,26.33239699935075,True,True
anisotropic_g8_d2_s2,1200,8,anisotropic,2,2026092712,5,100,2,hgp_first_coverage,0.04543688076909451,0.037472980616974134,0.04575428375335269,0.04543688076909451,2,0.5166666666666667,0.10613086698179357,580,,,,0.18805551218779307,0,0.0,-6,6,0.08882201529260353,0.13,0.09050945727592434,0.17142857142857143,8,0,0.3597782871266583,0,0.2884150542560856,0,0.24680995152552038,0,939,939,3,2,618,318,1200,0,662.201963,154.2600799984939,22.1141619986156,,
anisotropic_g8_d2_s2,1200,8,anisotropic,2,2026092712,5,100,2,hdbscan_common,0.0,,0.0,0.0,0,0.0,0.0,1200,,,,0.155672438480272,0,0.0,-8,8,0.0,0.0,0.0,0.0,8,0,0.29778218411317675,0,0.2497343525602411,0,0.0,0,1199,1044,1,0,316,727,1200,0,,,41.87273899879074,True,True
anisotropic_g8_d2_s2,1200,8,anisotropic,2,2026092712,5,100,1,hdbscan_standard,0.0,,0.0,0.0,0,0.0,0.0,1200,,,,0.155672438480272,0,0.0,-8,8,0.0,0.0,0.0,0.0,8,0,,,,,,,,,,,,,,,,,,,
anisotropic_g8_d2_s2,1200,8,anisotropic,2,2026092712,10,10,1,hgp_first_coverage,0.030605706118599807,0.26769747859524023,0.07500615580934367,0.030605706118599807,26,0.47833333333333333,0.27353041230247044,626,,,,0.19036884537626506,0,0.0,18,18,0.7540661391396054,0.16416666666666668,0.25842497912839096,0.22209695603156707,8,0,0.3653431373760817,0,0.3653431373760817,0,0.36229020978488574,0,892,892,53,52,270,569,1200,0,3045.161219,843.5373960019206,21.445636000862578,,
anisotropic_g8_d2_s2,1200,8,anisotropic,2,2026092712,10,10,1,hdbscan_common,0.008783386302575988,0.012226226035947824,0.011481750470921103,0.008783386302575988,2,0.47333333333333333,0.041341837269917164,632,,,,0.13978716071317662,0,0.0,-6,6,0.13317286162113748,0.0975,0.06933171708653948,0.1323529411764706,8,0,0.25515423575248886,0,0.25515423575248886,0,0.24793911813700012,0,1199,1126,17,16,79,1030,1200,0,,,40.714643997489475,True,True
anisotropic_g8_d2_s2,1200,8,anisotropic,2,2026092712,10,10,2,hgp_first_coverage,0.030605706118599807,0.26769747859524023,0.07500615580934367,0.030605706118599807,26,0.47833333333333333,0.27353041230247044,626,,,,0.19036884537626506,0,0.0,18,18,0.7540661391396054,0.16416666666666668,0.25842497912839096,0.22209695603156707,8,0,0.3653431373760817,0,0.3653431373760817,0,0.36229020978488574,0,892,892,53,52,270,569,1200,0,3045.161219,843.5373960019206,25.956416000553872,,
anisotropic_g8_d2_s2,1200,8,anisotropic,2,2026092712,10,10,2,hdbscan_common,0.008783386302575988,0.012226226035947824,0.011481750470921103,0.008783386302575988,2,0.47333333333333333,0.041341837269917164,632,,,,0.13978716071317662,0,0.0,-6,6,0.13317286162113748,0.0975,0.06933171708653948,0.1323529411764706,8,0,0.25515423575248886,0,0.25515423575248886,0,0.24793911813700012,0,1199,1126,17,16,79,1030,1200,0,,,25.984148000134155,True,True
anisotropic_g8_d2_s2,1200,8,anisotropic,2,2026092712,10,10,1,hdbscan_standard,0.008783386302575988,0.012226226035947824,0.011481750470921103,0.008783386302575988,2,0.47333333333333333,0.041341837269917164,632,,,,0.13978716071317662,0,0.0,-6,6,0.13317286162113748,0.0975,0.06933171708653948,0.1323529411764706,8,0,,,,,,,,,,,,,,,,,,,
anisotropic_g8_d2_s2,1200,8,anisotropic,2,2026092712,10,20,1,hgp_first_coverage,0.05420016385387854,0.19447131041253193,0.09999080215657859,0.05420016385387854,9,0.5408333333333334,0.23692381704437843,551,,,,0.19036884537626506,0,0.0,1,1,0.5830357707836555,0.23750000000000002,0.30358391224877157,0.30827474310438074,8,0,0.3653431373760817,0,0.3653431373760817,0,0.36134709995065567,0,892,892,27,26,383,482,1200,0,3045.161219,843.5373960019206,20.31328399971244,,
anisotropic_g8_d2_s2,1200,8,anisotropic,2,2026092712,10,20,1,hdbscan_common,0.008783386302575988,0.012226226035947824,0.011481750470921103,0.008783386302575988,2,0.47333333333333333,0.041341837269917164,632,,,,0.13978716071317662,0,0.0,-6,6,0.13317286162113748,0.0975,0.06933171708653948,0.1323529411764706,8,0,0.25515423575248886,0,0.25515423575248886,0,0.2451120754306839,0,1199,1126,7,6,131,988,1200,0,,,24.287203999847407,True,True
anisotropic_g8_d2_s2,1200,8,anisotropic,2,2026092712,10,20,2,hgp_first_coverage,0.05420016385387854,0.19447131041253193,0.09999080215657859,0.05420016385387854,9,0.5408333333333334,0.23692381704437843,551,,,,0.19036884537626506,0,0.0,1,1,0.5830357707836555,0.23750000000000002,0.30358391224877157,0.30827474310438074,8,0,0.3653431373760817,0,0.3653431373760817,0,0.36134709995065567,0,892,892,27,26,383,482,1200,0,3045.161219,843.5373960019206,20.63869099947624,,
anisotropic_g8_d2_s2,1200,8,anisotropic,2,2026092712,10,20,2,hdbscan_common,0.015631428194127574,0.05058944397197853,0.03040636336400803,0.015631428194127574,3,0.3525,0.09015828870450603,777,,,,0.13978716071317662,0,0.0,-5,5,0.26200158007249746,0.10250000000000001,0.1050584806177488,0.15157116451016636,8,0,0.25515423575248886,0,0.25515423575248886,0,0.2451120754306839,0,1199,1126,7,6,131,988,1200,0,,,24.458263000269653,True,True
anisotropic_g8_d2_s2,1200,8,anisotropic,2,2026092712,10,20,1,hdbscan_standard,0.008783386302575988,0.012226226035947824,0.011481750470921103,0.008783386302575988,2,0.47333333333333333,0.041341837269917164,632,,,,0.13978716071317662,0,0.0,-6,6,0.13317286162113748,0.0975,0.06933171708653948,0.1323529411764706,8,0,,,,,,,,,,,,,,,,,,,
anisotropic_g8_d2_s2,1200,8,anisotropic,2,2026092712,10,50,1,hgp_first_coverage,0.04404066716108089,0.19970396138633953,0.09321822212086175,0.04404066716108089,5,0.47,0.1980070137811693,636,,,,0.19036884537626506,0,0.0,-3,3,0.38925052845659025,0.2125,0.25403038452790333,0.2891156462585034,8,0,0.3653431373760817,0,0.3653431373760817,0,0.35424704199161017,0,892,892,9,8,476,407,1200,0,3045.161219,843.5373960019206,21.183467000810197,,
anisotropic_g8_d2_s2,1200,8,anisotropic,2,2026092712,10,50,1,hdbscan_common,0.0,,0.0,0.0,0,0.0,0.0,1200,,,,0.13978716071317662,0,0.0,-8,8,0.0,0.0,0.0,0.0,8,0,0.25515423575248886,0,0.24158934904333235,0,0.0,0,1199,1126,1,0,159,966,1200,0,,,25.221275998774217,True,True
anisotropic_g8_d2_s2,1200,8,anisotropic,2,2026092712,10,50,2,hgp_first_coverage,0.04404066716108089,0.19970396138633953,0.09321822212086175,0.04404066716108089,5,0.47,0.1980070137811693,636,,,,0.19036884537626506,0,0.0,-3,3,0.38925052845659025,0.2125,0.25403038452790333,0.2891156462585034,8,0,0.3653431373760817,0,0.3653431373760817,0,0.35424704199161017,0,892,892,9,8,476,407,1200,0,3045.161219,843.5373960019206,20.381490998261143,,
anisotropic_g8_d2_s2,1200,8,anisotropic,2,2026092712,10,50,2,hdbscan_common,0.0,,0.0,0.0,0,0.0,0.0,1200,,,,0.13978716071317662,0,0.0,-8,8,0.0,0.0,0.0,0.0,8,0,0.25515423575248886,0,0.24158934904333235,0,0.0,0,1199,1126,1,0,159,966,1200,0,,,24.44197200020426,True,True
anisotropic_g8_d2_s2,1200,8,anisotropic,2,2026092712,10,50,1,hdbscan_standard,0.0,,0.0,0.0,0,0.0,0.0,1200,,,,0.13978716071317662,0,0.0,-8,8,0.0,0.0,0.0,0.0,8,0,,,,,,,,,,,,,,,,,,,
anisotropic_g8_d2_s2,1200,8,anisotropic,2,2026092712,10,100,1,hgp_first_coverage,0.0,,0.0,0.0,0,0.0,0.0,1200,,,,0.19036884537626506,0,0.0,-8,8,0.0,0.0,0.0,0.0,8,0,0.3653431373760817,0,0.26579409125568904,0,0.0,0,892,892,1,0,512,379,1200,0,3045.161219,843.5373960019206,21.0180189969833,,
anisotropic_g8_d2_s2,1200,8,anisotropic,2,2026092712,10,100,1,hdbscan_common,0.0,,0.0,0.0,0,0.0,0.0,1200,,,,0.13978716071317662,0,0.0,-8,8,0.0,0.0,0.0,0.0,8,0,0.25515423575248886,0,0.24158934904333235,0,0.0,0,1199,1126,1,0,188,937,1200,0,,,24.788709000858944,True,True
anisotropic_g8_d2_s2,1200,8,anisotropic,2,2026092712,10,100,2,hgp_first_coverage,0.0,,0.0,0.0,0,0.0,0.0,1200,,,,0.19036884537626506,0,0.0,-8,8,0.0,0.0,0.0,0.0,8,0,0.3653431373760817,0,0.26579409125568904,0,0.0,0,892,892,1,0,512,379,1200,0,3045.161219,843.5373960019206,19.718766001460608,,
anisotropic_g8_d2_s2,1200,8,anisotropic,2,2026092712,10,100,2,hdbscan_common,0.0,,0.0,0.0,0,0.0,0.0,1200,,,,0.13978716071317662,0,0.0,-8,8,0.0,0.0,0.0,0.0,8,0,0.25515423575248886,0,0.24158934904333235,0,0.0,0,1199,1126,1,0,188,937,1200,0,,,24.044080997555284,True,True
anisotropic_g8_d2_s2,1200,8,anisotropic,2,2026092712,10,100,1,hdbscan_standard,0.0,,0.0,0.0,0,0.0,0.0,1200,,,,0.13978716071317662,0,0.0,-8,8,0.0,0.0,0.0,0.0,8,0,,,,,,,,,,,,,,,,,,,
unbalanced_g8_d8_s1,1200,8,unbalanced,8,2026092711,5,10,1,hgp_first_coverage,1.0,1.0,1.0,1.0,8,1.0,1.0,0,,,,1.0,8,1.0,0,0,1.0,1.0,1.0,1.0,8,0,1.0,8,1.0,8,1.0,8,948,948,49,48,373,526,1200,0,581.457005,128.40915999913705,33.86043299906305,,
unbalanced_g8_d8_s1,1200,8,unbalanced,8,2026092711,5,10,1,hdbscan_common,0.9988179935582441,1.0,0.9988179935582441,0.9988179935582441,8,0.9991666666666666,0.9985712911984139,1,,,,0.9990188834154351,7,0.875,0,0,1.0,0.9994791666666667,0.9997390396659708,0.9995831596498541,8,0,0.9997390396659708,7,0.9997390396659708,7,0.9997390396659708,7,1199,1053,25,24,189,839,1200,0,,,24.93927999967127,True,True
unbalanced_g8_d8_s1,1200,8,unbalanced,8,2026092711,5,10,2,hgp_first_coverage,1.0,1.0,1.0,1.0,8,1.0,1.0,0,,,,1.0,8,1.0,0,0,1.0,1.0,1.0,1.0,8,0,1.0,8,1.0,8,1.0,8,948,948,49,48,373,526,1200,0,581.457005,128.40915999913705,22.004097001627088,,
unbalanced_g8_d8_s1,1200,8,unbalanced,8,2026092711,5,10,2,hdbscan_common,0.9988179935582441,1.0,0.9988179935582441,0.9988179935582441,8,0.9991666666666666,0.9985712911984139,1,,,,0.9990188834154351,7,0.875,0,0,1.0,0.9994791666666667,0.9997390396659708,0.9995831596498541,8,0,0.9997390396659708,7,0.9997390396659708,7,0.9997390396659708,7,1199,1053,25,24,189,839,1200,0,,,27.388456001062877,True,True
unbalanced_g8_d8_s1,1200,8,unbalanced,8,2026092711,5,10,1,hdbscan_standard,0.9988179935582441,1.0,0.9988179935582441,0.9988179935582441,8,0.9991666666666666,0.9985712911984139,1,,,,0.9990188834154351,7,0.875,0,0,1.0,0.9994791666666667,0.9997390396659708,0.9995831596498541,8,0,,,,,,,,,,,,,,,,,,,
unbalanced_g8_d8_s1,1200,8,unbalanced,8,2026092711,5,20,1,hgp_first_coverage,1.0,1.0,1.0,1.0,8,1.0,1.0,0,,,,1.0,8,1.0,0,0,1.0,1.0,1.0,1.0,8,0,1.0,8,1.0,8,1.0,8,948,948,23,22,455,470,1200,0,581.457005,128.40915999913705,20.9865090000676,,
unbalanced_g8_d8_s1,1200,8,unbalanced,8,2026092711,5,20,1,hdbscan_common,0.9988179935582441,1.0,0.9988179935582441,0.9988179935582441,8,0.9991666666666666,0.9985712911984139,1,,,,0.9990188834154351,7,0.875,0,0,1.0,0.9994791666666667,0.9997390396659708,0.9995831596498541,8,0,0.9997390396659708,7,0.9997390396659708,7,0.9997390396659708,7,1199,1053,15,14,246,792,1200,0,,,25.41097900029854,True,True
unbalanced_g8_d8_s1,1200,8,unbalanced,8,2026092711,5,20,2,hgp_first_coverage,1.0,1.0,1.0,1.0,8,1.0,1.0,0,,,,1.0,8,1.0,0,0,1.0,1.0,1.0,1.0,8,0,1.0,8,1.0,8,1.0,8,948,948,23,22,455,470,1200,0,581.457005,128.40915999913705,21.17646400074591,,
unbalanced_g8_d8_s1,1200,8,unbalanced,8,2026092711,5,20,2,hdbscan_common,0.9988179935582441,1.0,0.9988179935582441,0.9988179935582441,8,0.9991666666666666,0.9985712911984139,1,,,,0.9990188834154351,7,0.875,0,0,1.0,0.9994791666666667,0.9997390396659708,0.9995831596498541,8,0,0.9997390396659708,7,0.9997390396659708,7,0.9997390396659708,7,1199,1053,15,14,246,792,1200,0,,,24.16905399877578,True,True
unbalanced_g8_d8_s1,1200,8,unbalanced,8,2026092711,5,20,1,hdbscan_standard,0.9988179935582441,1.0,0.9988179935582441,0.9988179935582441,8,0.9991666666666666,0.9985712911984139,1,,,,0.9990188834154351,7,0.875,0,0,1.0,0.9994791666666667,0.9997390396659708,0.9995831596498541,8,0,,,,,,,,,,,,,,,,,,,
unbalanced_g8_d8_s1,1200,8,unbalanced,8,2026092711,5,50,1,hgp_first_coverage,1.0,1.0,1.0,1.0,8,1.0,1.0,0,,,,1.0,8,1.0,0,0,1.0,1.0,1.0,1.0,8,0,1.0,8,1.0,8,1.0,8,948,948,15,14,559,374,1200,0,581.457005,128.40915999913705,20.75427700037835,,
unbalanced_g8_d8_s1,1200,8,unbalanced,8,2026092711,5,50,1,hdbscan_common,0.9988179935582441,1.0,0.9988179935582441,0.9988179935582441,8,0.9991666666666666,0.9985712911984139,1,,,,0.9990188834154351,7,0.875,0,0,1.0,0.9994791666666667,0.9997390396659708,0.9995831596498541,8,0,0.9997390396659708,7,0.9997390396659708,7,0.9997390396659708,7,1199,1053,15,14,405,633,1200,0,,,25.366957001097035,True,True
unbalanced_g8_d8_s1,1200,8,unbalanced,8,2026092711,5,50,2,hgp_first_coverage,1.0,1.0,1.0,1.0,8,1.0,1.0,0,,,,1.0,8,1.0,0,0,1.0,1.0,1.0,1.0,8,0,1.0,8,1.0,8,1.0,8,948,948,15,14,559,374,1200,0,581.457005,128.40915999913705,21.592909997707466,,
unbalanced_g8_d8_s1,1200,8,unbalanced,8,2026092711,5,50,2,hdbscan_common,0.9988179935582441,1.0,0.9988179935582441,0.9988179935582441,8,0.9991666666666666,0.9985712911984139,1,,,,0.9990188834154351,7,0.875,0,0,1.0,0.9994791666666667,0.9997390396659708,0.9995831596498541,8,0,0.9997390396659708,7,0.9997390396659708,7,0.9997390396659708,7,1199,1053,15,14,405,633,1200,0,,,24.030634998780442,True,True
unbalanced_g8_d8_s1,1200,8,unbalanced,8,2026092711,5,50,1,hdbscan_standard,0.9988179935582441,1.0,0.9988179935582441,0.9988179935582441,8,0.9991666666666666,0.9985712911984139,1,,,,0.9990188834154351,7,0.875,0,0,1.0,0.9994791666666667,0.9997390396659708,0.9995831596498541,8,0,,,,,,,,,,,,,,,,,,,
unbalanced_g8_d8_s1,1200,8,unbalanced,8,2026092711,5,100,1,hgp_first_coverage,0.9002965878537572,1.0,0.9641834587029573,0.9002965878537572,4,0.8,0.9206955977827224,240,,,,1.0,4,0.5,-4,4,0.5,0.5,0.5,0.8888888888888888,4,4,1.0,8,0.5572916666666666,4,0.55625,4,948,948,7,6,647,294,1200,0,581.457005,128.40915999913705,20.594057998096105,,
unbalanced_g8_d8_s1,1200,8,unbalanced,8,2026092711,5,100,1,hdbscan_common,0.8980858835033955,1.0,0.9629447661143355,0.8980858835033955,4,0.7991666666666667,0.9176060869153442,241,,,,0.9990188834154351,3,0.375,-4,4,0.5,0.4994791666666667,0.4997390396659708,0.88837424733673,4,4,0.9997390396659708,7,0.5682996457265769,3,0.5622390396659708,3,1199,1053,7,6,552,494,1200,0,,,24.023032001423417,True,True
unbalanced_g8_d8_s1,1200,8,unbalanced,8,2026092711,5,100,2,hgp_first_coverage,0.9002965878537572,1.0,0.9641834587029573,0.9002965878537572,4,0.8,0.9206955977827224,240,,,,1.0,4,0.5,-4,4,0.5,0.5,0.5,0.8888888888888888,4,4,1.0,8,0.5572916666666666,4,0.55625,4,948,948,7,6,647,294,1200,0,581.457005,128.40915999913705,20.08968800146249,,
unbalanced_g8_d8_s1,1200,8,unbalanced,8,2026092711,5,100,2,hdbscan_common,0.8980858835033955,1.0,0.9629447661143355,0.8980858835033955,4,0.7991666666666667,0.9176060869153442,241,,,,0.9990188834154351,3,0.375,-4,4,0.5,0.4994791666666667,0.4997390396659708,0.88837424733673,4,4,0.9997390396659708,7,0.5682996457265769,3,0.5622390396659708,3,1199,1053,7,6,552,494,1200,0,,,23.3722580014728,True,True
unbalanced_g8_d8_s1,1200,8,unbalanced,8,2026092711,5,100,1,hdbscan_standard,0.8980858835033955,1.0,0.9629447661143355,0.8980858835033955,4,0.7991666666666667,0.9176060869153442,241,,,,0.9990188834154351,3,0.375,-4,4,0.5,0.4994791666666667,0.4997390396659708,0.88837424733673,4,4,,,,,,,,,,,,,,,,,,,
unbalanced_g8_d8_s1,1200,8,unbalanced,8,2026092711,10,10,1,hgp_first_coverage,1.0,1.0,1.0,1.0,8,1.0,1.0,0,,,,1.0,8,1.0,0,0,1.0,1.0,1.0,1.0,8,0,1.0,8,1.0,8,1.0,8,923,923,35,34,256,632,1200,0,2527.808451,553.4816129984392,21.39706500020111,,
unbalanced_g8_d8_s1,1200,8,unbalanced,8,2026092711,10,10,1,hdbscan_common,0.9985209749446883,1.0,0.9985259166941892,0.9985209749446883,8,0.9983333333333333,0.9971462986502871,2,,,,0.998582922824302,6,0.75,0,0,1.0,0.9973958333333334,0.9986886194979036,0.9991659716430359,8,0,0.9986886194979036,6,0.9986886194979036,6,0.9986886194979036,6,1199,1142,19,18,93,1030,1200,0,,,24.688082001375733,True,True
unbalanced_g8_d8_s1,1200,8,unbalanced,8,2026092711,10,10,2,hgp_first_coverage,1.0,1.0,1.0,1.0,8,1.0,1.0,0,,,,1.0,8,1.0,0,0,1.0,1.0,1.0,1.0,8,0,1.0,8,1.0,8,1.0,8,923,923,35,34,256,632,1200,0,2527.808451,553.4816129984392,21.638816000631778,,
unbalanced_g8_d8_s1,1200,8,unbalanced,8,2026092711,10,10,2,hdbscan_common,0.9985209749446883,1.0,0.9985259166941892,0.9985209749446883,8,0.9983333333333333,0.9971462986502871,2,,,,0.998582922824302,6,0.75,0,0,1.0,0.9973958333333334,0.9986886194979036,0.9991659716430359,8,0,0.9986886194979036,6,0.9986886194979036,6,0.9986886194979036,6,1199,1142,19,18,93,1030,1200,0,,,25.71209099914995,True,True
unbalanced_g8_d8_s1,1200,8,unbalanced,8,2026092711,10,10,1,hdbscan_standard,0.9985209749446883,1.0,0.9985259166941892,0.9985209749446883,8,0.9983333333333333,0.9971462986502871,2,,,,0.998582922824302,6,0.75,0,0,1.0,0.9973958333333334,0.9986886194979036,0.9991659716430359,8,0,,,,,,,,,,,,,,,,,,,
unbalanced_g8_d8_s1,1200,8,unbalanced,8,2026092711,10,20,1,hgp_first_coverage,1.0,1.0,1.0,1.0,8,1.0,1.0,0,,,,1.0,8,1.0,0,0,1.0,1.0,1.0,1.0,8,0,1.0,8,1.0,8,1.0,8,923,923,23,22,331,569,1200,0,2527.808451,553.4816129984392,21.0488560005615,,
unbalanced_g8_d8_s1,1200,8,unbalanced,8,2026092711,10,20,1,hdbscan_common,0.9985209749446883,1.0,0.9985259166941892,0.9985209749446883,8,0.9983333333333333,0.9971462986502871,2,,,,0.998582922824302,6,0.75,0,0,1.0,0.9973958333333334,0.9986886194979036,0.9991659716430359,8,0,0.9986886194979036,6,0.9986886194979036,6,0.9986886194979036,6,1199,1142,15,14,164,963,1200,0,,,24.893654001061805,True,True
unbalanced_g8_d8_s1,1200,8,unbalanced,8,2026092711,10,20,2,hgp_first_coverage,1.0,1.0,1.0,1.0,8,1.0,1.0,0,,,,1.0,8,1.0,0,0,1.0,1.0,1.0,1.0,8,0,1.0,8,1.0,8,1.0,8,923,923,23,22,331,569,1200,0,2527.808451,553.4816129984392,20.947075998265063,,
unbalanced_g8_d8_s1,1200,8,unbalanced,8,2026092711,10,20,2,hdbscan_common,0.9985209749446883,1.0,0.9985259166941892,0.9985209749446883,8,0.9983333333333333,0.9971462986502871,2,,,,0.998582922824302,6,0.75,0,0,1.0,0.9973958333333334,0.9986886194979036,0.9991659716430359,8,0,0.9986886194979036,6,0.9986886194979036,6,0.9986886194979036,6,1199,1142,15,14,164,963,1200,0,,,24.387520999880508,True,True
unbalanced_g8_d8_s1,1200,8,unbalanced,8,2026092711,10,20,1,hdbscan_standard,0.9985209749446883,1.0,0.9985259166941892,0.9985209749446883,8,0.9983333333333333,0.9971462986502871,2,,,,0.998582922824302,6,0.75,0,0,1.0,0.9973958333333334,0.9986886194979036,0.9991659716430359,8,0,,,,,,,,,,,,,,,,,,,
unbalanced_g8_d8_s1,1200,8,unbalanced,8,2026092711,10,50,1,hgp_first_coverage,1.0,1.0,1.0,1.0,8,1.0,1.0,0,,,,1.0,8,1.0,0,0,1.0,1.0,1.0,1.0,8,0,1.0,8,1.0,8,1.0,8,923,923,15,14,474,434,1200,0,2527.808451,553.4816129984392,20.7252630025323,,
unbalanced_g8_d8_s1,1200,8,unbalanced,8,2026092711,10,50,1,hdbscan_common,0.9985209749446883,1.0,0.9985259166941892,0.9985209749446883,8,0.9983333333333333,0.9971462986502871,2,,,,0.998582922824302,6,0.75,0,0,1.0,0.9973958333333334,0.9986886194979036,0.9991659716430359,8,0,0.9986886194979036,6,0.9986886194979036,6,0.9986886194979036,6,1199,1142,15,14,356,771,1200,0,,,327.5686150009278,True,True
unbalanced_g8_d8_s1,1200,8,unbalanced,8,2026092711,10,50,2,hgp_first_coverage,1.0,1.0,1.0,1.0,8,1.0,1.0,0,,,,1.0,8,1.0,0,0,1.0,1.0,1.0,1.0,8,0,1.0,8,1.0,8,1.0,8,923,923,15,14,474,434,1200,0,2527.808451,553.4816129984392,21.401613998023095,,
unbalanced_g8_d8_s1,1200,8,unbalanced,8,2026092711,10,50,2,hdbscan_common,0.9985209749446883,1.0,0.9985259166941892,0.9985209749446883,8,0.9983333333333333,0.9971462986502871,2,,,,0.998582922824302,6,0.75,0,0,1.0,0.9973958333333334,0.9986886194979036,0.9991659716430359,8,0,0.9986886194979036,6,0.9986886194979036,6,0.9986886194979036,6,1199,1142,15,14,356,771,1200,0,,,24.078644997644005,True,True
unbalanced_g8_d8_s1,1200,8,unbalanced,8,2026092711,10,50,1,hdbscan_standard,0.9985209749446883,1.0,0.9985259166941892,0.9985209749446883,8,0.9983333333333333,0.9971462986502871,2,,,,0.998582922824302,6,0.75,0,0,1.0,0.9973958333333334,0.9986886194979036,0.9991659716430359,8,0,,,,,,,,,,,,,,,,,,,
unbalanced_g8_d8_s1,1200,8,unbalanced,8,2026092711,10,100,1,hgp_first_coverage,0.9002965878537572,1.0,0.9641834587029573,0.9002965878537572,4,0.8,0.9206955977827224,240,,,,1.0,4,0.5,-4,4,0.5,0.5,0.5,0.8888888888888888,4,4,1.0,8,0.5501488095238095,4,0.546875,4,923,923,7,6,571,345,1200,0,2527.808451,553.4816129984392,20.683033999375766,,
unbalanced_g8_d8_s1,1200,8,unbalanced,8,2026092711,10,100,1,hdbscan_common,0.8980858835033955,1.0,0.9629447661143355,0.8980858835033955,4,0.7991666666666667,0.9176060869153442,241,,,,0.998582922824302,3,0.375,-4,4,0.5,0.4994791666666667,0.4997390396659708,0.88837424733673,4,4,0.9986886194979036,6,0.5682996457265769,3,0.5622390396659708,3,1199,1142,7,6,581,554,1200,0,,,23.822207000193885,True,True
unbalanced_g8_d8_s1,1200,8,unbalanced,8,2026092711,10,100,2,hgp_first_coverage,0.9002965878537572,1.0,0.9641834587029573,0.9002965878537572,4,0.8,0.9206955977827224,240,,,,1.0,4,0.5,-4,4,0.5,0.5,0.5,0.8888888888888888,4,4,1.0,8,0.5501488095238095,4,0.546875,4,923,923,7,6,571,345,1200,0,2527.808451,553.4816129984392,20.476729001529748,,
unbalanced_g8_d8_s1,1200,8,unbalanced,8,2026092711,10,100,2,hdbscan_common,0.8980858835033955,1.0,0.9629447661143355,0.8980858835033955,4,0.7991666666666667,0.9176060869153442,241,,,,0.998582922824302,3,0.375,-4,4,0.5,0.4994791666666667,0.4997390396659708,0.88837424733673,4,4,0.9986886194979036,6,0.5682996457265769,3,0.5622390396659708,3,1199,1142,7,6,581,554,1200,0,,,23.851140998885967,True,True
unbalanced_g8_d8_s1,1200,8,unbalanced,8,2026092711,10,100,1,hdbscan_standard,0.8980858835033955,1.0,0.9629447661143355,0.8980858835033955,4,0.7991666666666667,0.9176060869153442,241,,,,0.998582922824302,3,0.375,-4,4,0.5,0.4994791666666667,0.4997390396659708,0.88837424733673,4,4,,,,,,,,,,,,,,,,,,,
unbalanced_g8_d8_s2,1200,8,unbalanced,8,2026092712,5,10,1,hgp_first_coverage,1.0,1.0,1.0,1.0,8,1.0,1.0,0,,,,1.0,8,1.0,0,0,1.0,1.0,1.0,1.0,8,0,1.0,8,1.0,8,1.0,8,955,955,51,50,394,510,1200,0,619.815965,126.64920899987919,28.4392450012092,,
unbalanced_g8_d8_s2,1200,8,unbalanced,8,2026092712,5,10,1,hdbscan_common,0.9979266265731351,1.0,0.9979463797878554,0.9979266265731351,8,0.9966666666666667,0.9946103089858848,4,,,,0.9984287528333115,5,0.625,0,0,1.0,0.9932291666666666,0.996569975430107,0.998330550918197,8,0,0.996569975430107,5,0.996569975430107,5,0.996569975430107,5,1199,1050,19,18,166,865,1200,0,,,25.294270999438595,False,True
unbalanced_g8_d8_s2,1200,8,unbalanced,8,2026092712,5,10,2,hgp_first_coverage,1.0,1.0,1.0,1.0,8,1.0,1.0,0,,,,1.0,8,1.0,0,0,1.0,1.0,1.0,1.0,8,0,1.0,8,1.0,8,1.0,8,955,955,51,50,394,510,1200,0,619.815965,126.64920899987919,23.337261998676695,,
unbalanced_g8_d8_s2,1200,8,unbalanced,8,2026092712,5,10,2,hdbscan_common,0.9979266265731351,1.0,0.9979463797878554,0.9979266265731351,8,0.9966666666666667,0.9946103089858848,4,,,,0.9984287528333115,5,0.625,0,0,1.0,0.9932291666666666,0.996569975430107,0.998330550918197,8,0,0.996569975430107,5,0.996569975430107,5,0.996569975430107,5,1199,1050,19,18,166,865,1200,0,,,25.553965002472978,False,True
unbalanced_g8_d8_s2,1200,8,unbalanced,8,2026092712,5,10,1,hdbscan_standard,0.9976548875111774,0.9985282294790626,0.9976598120332166,0.9976548875111774,8,0.9975,0.9939860842175947,3,,,,0.9984287528333115,5,0.625,0,0,0.9978813559322034,0.9932291666666666,0.9955373589937019,0.9979140592407175,8,0,,,,,,,,,,,,,,,,,,,
unbalanced_g8_d8_s2,1200,8,unbalanced,8,2026092712,5,20,1,hgp_first_coverage,1.0,1.0,1.0,1.0,8,1.0,1.0,0,,,,1.0,8,1.0,0,0,1.0,1.0,1.0,1.0,8,0,1.0,8,1.0,8,1.0,8,955,955,21,20,465,469,1200,0,619.815965,126.64920899987919,22.44188300028327,,
unbalanced_g8_d8_s2,1200,8,unbalanced,8,2026092712,5,20,1,hdbscan_common,0.9979266265731351,1.0,0.9979463797878554,0.9979266265731351,8,0.9966666666666667,0.9946103089858848,4,,,,0.9984287528333115,5,0.625,0,0,1.0,0.9932291666666666,0.996569975430107,0.998330550918197,8,0,0.996569975430107,5,0.996569975430107,5,0.996569975430107,5,1199,1050,17,16,211,822,1200,0,,,25.354634002724197,False,True
unbalanced_g8_d8_s2,1200,8,unbalanced,8,2026092712,5,20,2,hgp_first_coverage,1.0,1.0,1.0,1.0,8,1.0,1.0,0,,,,1.0,8,1.0,0,0,1.0,1.0,1.0,1.0,8,0,1.0,8,1.0,8,1.0,8,955,955,21,20,465,469,1200,0,619.815965,126.64920899987919,22.162321998621337,,
unbalanced_g8_d8_s2,1200,8,unbalanced,8,2026092712,5,20,2,hdbscan_common,0.9979266265731351,1.0,0.9979463797878554,0.9979266265731351,8,0.9966666666666667,0.9946103089858848,4,,,,0.9984287528333115,5,0.625,0,0,1.0,0.9932291666666666,0.996569975430107,0.998330550918197,8,0,0.996569975430107,5,0.996569975430107,5,0.996569975430107,5,1199,1050,17,16,211,822,1200,0,,,25.032402998476755,False,True
unbalanced_g8_d8_s2,1200,8,unbalanced,8,2026092712,5,20,1,hdbscan_standard,0.9976548875111774,0.9985282294790626,0.9976598120332166,0.9976548875111774,8,0.9975,0.9939860842175947,3,,,,0.9984287528333115,5,0.625,0,0,0.9978813559322034,0.9932291666666666,0.9955373589937019,0.9979140592407175,8,0,,,,,,,,,,,,,,,,,,,
unbalanced_g8_d8_s2,1200,8,unbalanced,8,2026092712,5,50,1,hgp_first_coverage,1.0,1.0,1.0,1.0,8,1.0,1.0,0,,,,1.0,8,1.0,0,0,1.0,1.0,1.0,1.0,8,0,1.0,8,1.0,8,1.0,8,955,955,15,14,545,395,1200,0,619.815965,126.64920899987919,21.215657001448562,,
unbalanced_g8_d8_s2,1200,8,unbalanced,8,2026092712,5,50,1,hdbscan_common,0.9979266265731351,1.0,0.9979463797878554,0.9979266265731351,8,0.9966666666666667,0.9946103089858848,4,,,,0.9984287528333115,5,0.625,0,0,1.0,0.9932291666666666,0.996569975430107,0.998330550918197,8,0,0.996569975430107,5,0.996569975430107,5,0.996569975430107,5,1199,1050,15,14,381,654,1200,0,,,36.157374997856095,False,True
unbalanced_g8_d8_s2,1200,8,unbalanced,8,2026092712,5,50,2,hgp_first_coverage,1.0,1.0,1.0,1.0,8,1.0,1.0,0,,,,1.0,8,1.0,0,0,1.0,1.0,1.0,1.0,8,0,1.0,8,1.0,8,1.0,8,955,955,15,14,545,395,1200,0,619.815965,126.64920899987919,150.8527559999493,,
unbalanced_g8_d8_s2,1200,8,unbalanced,8,2026092712,5,50,2,hdbscan_common,0.9979266265731351,1.0,0.9979463797878554,0.9979266265731351,8,0.9966666666666667,0.9946103089858848,4,,,,0.9984287528333115,5,0.625,0,0,1.0,0.9932291666666666,0.996569975430107,0.998330550918197,8,0,0.996569975430107,5,0.996569975430107,5,0.996569975430107,5,1199,1050,15,14,381,654,1200,0,,,24.526750003133202,False,True
unbalanced_g8_d8_s2,1200,8,unbalanced,8,2026092712,5,50,1,hdbscan_standard,0.9976548875111774,0.9985282294790626,0.9976598120332166,0.9976548875111774,8,0.9975,0.9939860842175947,3,,,,0.9984287528333115,5,0.625,0,0,0.9978813559322034,0.9932291666666666,0.9955373589937019,0.9979140592407175,8,0,,,,,,,,,,,,,,,,,,,
unbalanced_g8_d8_s2,1200,8,unbalanced,8,2026092712,5,100,1,hgp_first_coverage,0.9002965878537572,1.0,0.9641834587029573,0.9002965878537572,4,0.8,0.9206955977827224,240,,,,1.0,4,0.5,-4,4,0.5,0.5,0.5,0.8888888888888888,4,4,1.0,8,0.5501488095238095,4,0.546875,4,955,955,7,6,648,300,1200,0,619.815965,126.64920899987919,20.711526998638874,,
unbalanced_g8_d8_s2,1200,8,unbalanced,8,2026092712,5,100,1,hdbscan_common,0.7731772836765837,0.7649214739307354,0.7645849503803971,0.7731772836765837,4,0.95,0.880160371961896,60,,,,0.9984287528333115,3,0.375,-4,4,0.4464285714285714,0.5,0.46590909090909094,0.8205128205128205,4,4,0.996569975430107,5,0.6077896763551869,3,0.5596590909090909,3,1199,1050,7,6,547,496,1200,0,,,23.86432600178523,True,True
unbalanced_g8_d8_s2,1200,8,unbalanced,8,2026092712,5,100,2,hgp_first_coverage,0.9002965878537572,1.0,0.9641834587029573,0.9002965878537572,4,0.8,0.9206955977827224,240,,,,1.0,4,0.5,-4,4,0.5,0.5,0.5,0.8888888888888888,4,4,1.0,8,0.5501488095238095,4,0.546875,4,955,955,7,6,648,300,1200,0,619.815965,126.64920899987919,21.166415001061978,,
unbalanced_g8_d8_s2,1200,8,unbalanced,8,2026092712,5,100,2,hdbscan_common,0.7731772836765837,0.7649214739307354,0.7645849503803971,0.7731772836765837,4,0.95,0.880160371961896,60,,,,0.9984287528333115,3,0.375,-4,4,0.4464285714285714,0.5,0.46590909090909094,0.8205128205128205,4,4,0.996569975430107,5,0.6077896763551869,3,0.5596590909090909,3,1199,1050,7,6,547,496,1200,0,,,23.67624499675003,True,True
unbalanced_g8_d8_s2,1200,8,unbalanced,8,2026092712,5,100,1,hdbscan_standard,0.7731772836765837,0.7649214739307354,0.7645849503803971,0.7731772836765837,4,0.95,0.880160371961896,60,,,,0.9984287528333115,3,0.375,-4,4,0.4464285714285714,0.5,0.46590909090909094,0.8205128205128205,4,4,,,,,,,,,,,,,,,,,,,
unbalanced_g8_d8_s2,1200,8,unbalanced,8,2026092712,10,10,1,hgp_first_coverage,1.0,1.0,1.0,1.0,8,1.0,1.0,0,,,,1.0,8,1.0,0,0,1.0,1.0,1.0,1.0,8,0,1.0,8,1.0,8,1.0,8,914,914,41,40,214,659,1200,0,2495.939969,551.3648970008944,22.161801000038395,,
unbalanced_g8_d8_s2,1200,8,unbalanced,8,2026092712,10,10,1,hdbscan_common,0.9952166677112922,1.0,0.9952906958115286,0.9952166677112922,8,0.9941666666666666,0.9897329313464067,7,,,,0.9960485519258047,3,0.375,0,0,1.0,0.9901041666666667,0.9949615706247169,0.9970748015043878,8,0,0.9949615706247169,3,0.9949615706247169,3,0.9949615706247169,3,1199,1147,15,14,66,1066,1200,0,,,24.62690700122039,False,True
unbalanced_g8_d8_s2,1200,8,unbalanced,8,2026092712,10,10,2,hgp_first_coverage,1.0,1.0,1.0,1.0,8,1.0,1.0,0,,,,1.0,8,1.0,0,0,1.0,1.0,1.0,1.0,8,0,1.0,8,1.0,8,1.0,8,914,914,41,40,214,659,1200,0,2495.939969,551.3648970008944,21.452618999319384,,
unbalanced_g8_d8_s2,1200,8,unbalanced,8,2026092712,10,10,2,hdbscan_common,0.9952166677112922,1.0,0.9952906958115286,0.9952166677112922,8,0.9941666666666666,0.9897329313464067,7,,,,0.9960485519258047,3,0.375,0,0,1.0,0.9901041666666667,0.9949615706247169,0.9970748015043878,8,0,0.9949615706247169,3,0.9949615706247169,3,0.9949615706247169,3,1199,1147,15,14,66,1066,1200,0,,,24.93136500197579,False,True
unbalanced_g8_d8_s2,1200,8,unbalanced,8,2026092712,10,10,1,hdbscan_standard,0.9949647117220745,0.9985265109009388,0.9950090702633932,0.9949647117220745,8,0.995,0.9892488911502092,6,,,,0.9960485519258047,3,0.375,0,0,0.9978448275862069,0.9901041666666667,0.9939294106942519,0.9966583124477861,8,0,,,,,,,,,,,,,,,,,,,
unbalanced_g8_d8_s2,1200,8,unbalanced,8,2026092712,10,20,1,hgp_first_coverage,1.0,1.0,1.0,1.0,8,1.0,1.0,0,,,,1.0,8,1.0,0,0,1.0,1.0,1.0,1.0,8,0,1.0,8,1.0,8,1.0,8,914,914,17,16,294,603,1200,0,2495.939969,551.3648970008944,20.56742800050415,,
unbalanced_g8_d8_s2,1200,8,unbalanced,8,2026092712,10,20,1,hdbscan_common,0.9952166677112922,1.0,0.9952906958115286,0.9952166677112922,8,0.9941666666666666,0.9897329313464067,7,,,,0.9960485519258047,3,0.375,0,0,1.0,0.9901041666666667,0.9949615706247169,0.9970748015043878,8,0,0.9949615706247169,3,0.9949615706247169,3,0.9949615706247169,3,1199,1147,15,14,138,994,1200,0,,,24.290129000291927,False,True
unbalanced_g8_d8_s2,1200,8,unbalanced,8,2026092712,10,20,2,hgp_first_coverage,1.0,1.0,1.0,1.0,8,1.0,1.0,0,,,,1.0,8,1.0,0,0,1.0,1.0,1.0,1.0,8,0,1.0,8,1.0,8,1.0,8,914,914,17,16,294,603,1200,0,2495.939969,551.3648970008944,23.026121998555027,,
unbalanced_g8_d8_s2,1200,8,unbalanced,8,2026092712,10,20,2,hdbscan_common,0.9952166677112922,1.0,0.9952906958115286,0.9952166677112922,8,0.9941666666666666,0.9897329313464067,7,,,,0.9960485519258047,3,0.375,0,0,1.0,0.9901041666666667,0.9949615706247169,0.9970748015043878,8,0,0.9949615706247169,3,0.9949615706247169,3,0.9949615706247169,3,1199,1147,15,14,138,994,1200,0,,,24.856386000465136,False,True
unbalanced_g8_d8_s2,1200,8,unbalanced,8,2026092712,10,20,1,hdbscan_standard,0.9949647117220745,0.9985265109009388,0.9950090702633932,0.9949647117220745,8,0.995,0.9892488911502092,6,,,,0.9960485519258047,3,0.375,0,0,0.9978448275862069,0.9901041666666667,0.9939294106942519,0.9966583124477861,8,0,,,,,,,,,,,,,,,,,,,
unbalanced_g8_d8_s2,1200,8,unbalanced,8,2026092712,10,50,1,hgp_first_coverage,1.0,1.0,1.0,1.0,8,1.0,1.0,0,,,,1.0,8,1.0,0,0,1.0,1.0,1.0,1.0,8,0,1.0,8,1.0,8,1.0,8,914,914,15,14,400,499,1200,0,2495.939969,551.3648970008944,26.46294100122759,,
unbalanced_g8_d8_s2,1200,8,unbalanced,8,2026092712,10,50,1,hdbscan_common,0.9952166677112922,1.0,0.9952906958115286,0.9952166677112922,8,0.9941666666666666,0.9897329313464067,7,,,,0.9960485519258047,3,0.375,0,0,1.0,0.9901041666666667,0.9949615706247169,0.9970748015043878,8,0,0.9949615706247169,3,0.9949615706247169,3,0.9949615706247169,3,1199,1147,15,14,362,770,1200,0,,,28.811910000513308,False,True
unbalanced_g8_d8_s2,1200,8,unbalanced,8,2026092712,10,50,2,hgp_first_coverage,1.0,1.0,1.0,1.0,8,1.0,1.0,0,,,,1.0,8,1.0,0,0,1.0,1.0,1.0,1.0,8,0,1.0,8,1.0,8,1.0,8,914,914,15,14,400,499,1200,0,2495.939969,551.3648970008944,20.809841000300366,,
unbalanced_g8_d8_s2,1200,8,unbalanced,8,2026092712,10,50,2,hdbscan_common,0.9952166677112922,1.0,0.9952906958115286,0.9952166677112922,8,0.9941666666666666,0.9897329313464067,7,,,,0.9960485519258047,3,0.375,0,0,1.0,0.9901041666666667,0.9949615706247169,0.9970748015043878,8,0,0.9949615706247169,3,0.9949615706247169,3,0.9949615706247169,3,1199,1147,15,14,362,770,1200,0,,,24.489370000083,False,True
unbalanced_g8_d8_s2,1200,8,unbalanced,8,2026092712,10,50,1,hdbscan_standard,0.9949647117220745,0.9985265109009388,0.9950090702633932,0.9949647117220745,8,0.995,0.9892488911502092,6,,,,0.9960485519258047,3,0.375,0,0,0.9978448275862069,0.9901041666666667,0.9939294106942519,0.9966583124477861,8,0,,,,,,,,,,,,,,,,,,,
unbalanced_g8_d8_s2,1200,8,unbalanced,8,2026092712,10,100,1,hgp_first_coverage,0.9002965878537572,1.0,0.9641834587029573,0.9002965878537572,4,0.8,0.9206955977827224,240,,,,1.0,4,0.5,-4,4,0.5,0.5,0.5,0.8888888888888888,4,4,1.0,8,0.5501488095238095,4,0.546875,4,914,914,7,6,533,374,1200,0,2495.939969,551.3648970008944,28.288433997659013,,
unbalanced_g8_d8_s2,1200,8,unbalanced,8,2026092712,10,100,1,hdbscan_common,0.7712113165072294,0.7653108564378641,0.7632449048789358,0.7712113165072294,4,0.9475,0.8725295077859068,63,,,,0.9960485519258047,1,0.125,-4,4,0.44659904534606204,0.49895833333333334,0.46552512030311,0.819854514334617,4,4,0.9949615706247169,3,0.6069057913960629,1,0.5589489198855735,1,1199,1147,7,6,588,552,1200,0,,,23.857250998844393,True,True
unbalanced_g8_d8_s2,1200,8,unbalanced,8,2026092712,10,100,2,hgp_first_coverage,0.9002965878537572,1.0,0.9641834587029573,0.9002965878537572,4,0.8,0.9206955977827224,240,,,,1.0,4,0.5,-4,4,0.5,0.5,0.5,0.8888888888888888,4,4,1.0,8,0.5501488095238095,4,0.546875,4,914,914,7,6,533,374,1200,0,2495.939969,551.3648970008944,32.69695400013006,,
unbalanced_g8_d8_s2,1200,8,unbalanced,8,2026092712,10,100,2,hdbscan_common,0.7712113165072294,0.7653108564378641,0.7632449048789358,0.7712113165072294,4,0.9475,0.8725295077859068,63,,,,0.9960485519258047,1,0.125,-4,4,0.44659904534606204,0.49895833333333334,0.46552512030311,0.819854514334617,4,4,0.9949615706247169,3,0.6069057913960629,1,0.5589489198855735,1,1199,1147,7,6,588,552,1200,0,,,24.20519099905505,True,True
unbalanced_g8_d8_s2,1200,8,unbalanced,8,2026092712,10,100,1,hdbscan_standard,0.7712113165072294,0.7653108564378641,0.7632449048789358,0.7712113165072294,4,0.9475,0.8725295077859068,63,,,,0.9960485519258047,1,0.125,-4,4,0.44659904534606204,0.49895833333333334,0.46552512030311,0.819854514334617,4,4,,,,,,,,,,,,,,,,,,,
unbalanced_g8_d4_s1,1200,8,unbalanced,4,2026092711,5,10,1,hgp_first_coverage,0.3938729133650661,0.41401508175799245,0.39873768597200226,0.3938729133650661,6,0.9158333333333334,0.6088366542681427,101,,,,0.6648884506281991,0,0.0,-2,2,0.6203978019521785,0.5677083333333334,0.5516402928694351,0.5358851674641149,8,0,0.7662208006116747,0,0.7662208006116747,0,0.7653155645611766,0,947,947,49,48,394,504,1200,0,645.281114,150.74515600281302,22.294237998721655,,
unbalanced_g8_d4_s1,1200,8,unbalanced,4,2026092711,5,10,1,hdbscan_common,0.3037272819924479,0.387491200184287,0.3426286249765928,0.3037272819924479,5,0.77,0.47451907858863596,276,,,,0.5118951675562011,0,0.0,-3,3,0.4970987528693905,0.40364583333333337,0.40573157755599853,0.4698681732580038,8,0,0.5747031289483433,0,0.5730621472131834,0,0.5730302929574549,0,1199,1041,25,24,185,831,1200,0,,,25.707822998811025,False,True
unbalanced_g8_d4_s1,1200,8,unbalanced,4,2026092711,5,10,2,hgp_first_coverage,0.5105971033800727,0.8580470311402344,0.5765849370018752,0.5105971033800727,13,0.74,0.6721029349573987,312,,,,0.6648884506281991,0,0.0,5,5,0.9472467065786867,0.6489583333333333,0.7461234927514422,0.7394636015325671,8,0,0.7662208006116747,0,0.7662208006116747,0,0.7653155645611766,0,947,947,49,48,394,504,1200,0,645.281114,150.74515600281302,23.913597000500886,,
unbalanced_g8_d4_s1,1200,8,unbalanced,4,2026092711,5,10,2,hdbscan_common,0.3037272819924479,0.387491200184287,0.3426286249765928,0.3037272819924479,5,0.77,0.47451907858863596,276,,,,0.5118951675562011,0,0.0,-3,3,0.4970987528693905,0.40364583333333337,0.40573157755599853,0.4698681732580038,8,0,0.5747031289483433,0,0.5730621472131834,0,0.5730302929574549,0,1199,1041,25,24,185,831,1200,0,,,25.430294997931924,False,True
unbalanced_g8_d4_s1,1200,8,unbalanced,4,2026092711,5,10,1,hdbscan_standard,0.30362291951270054,0.3872328210939101,0.3421671430319445,0.30362291951270054,5,0.7708333333333334,0.4729945360770786,275,,,,0.5118951675562011,0,0.0,-3,3,0.49652274081082026,0.40364583333333337,0.40547372137708976,0.4696470588235294,8,0,,,,,,,,,,,,,,,,,,,
unbalanced_g8_d4_s1,1200,8,unbalanced,4,2026092711,5,20,1,hgp_first_coverage,0.3938729133650661,0.41401508175799245,0.39873768597200226,0.3938729133650661,6,0.9158333333333334,0.6088366542681427,101,,,,0.6648884506281991,0,0.0,-2,2,0.6203978019521785,0.5677083333333334,0.5516402928694351,0.5358851674641149,8,0,0.7662208006116747,0,0.7662208006116747,0,0.7653155645611766,0,947,947,25,24,477,445,1200,0,645.281114,150.74515600281302,20.93951200004085,,
unbalanced_g8_d4_s1,1200,8,unbalanced,4,2026092711,5,20,1,hdbscan_common,0.29502702452505464,0.3164926593184723,0.30826249457209237,0.29502702452505464,4,0.8575,0.48303181539647627,171,,,,0.5118951675562011,0,0.0,-4,4,0.3796399047894754,0.3921875,0.3625364163452684,0.4629878869448183,8,0,0.5747031289483433,0,0.556615755766792,0,0.5553018502290121,0,1199,1041,11,10,241,789,1200,0,,,24.523754000256304,False,True
unbalanced_g8_d4_s1,1200,8,unbalanced,4,2026092711,5,20,2,hgp_first_coverage,0.3938729133650661,0.41401508175799245,0.39873768597200226,0.3938729133650661,6,0.9158333333333334,0.6088366542681427,101,,,,0.6648884506281991,0,0.0,-2,2,0.6203978019521785,0.5677083333333334,0.5516402928694351,0.5358851674641149,8,0,0.7662208006116747,0,0.7662208006116747,0,0.7653155645611766,0,947,947,25,24,477,445,1200,0,645.281114,150.74515600281302,21.416912000859156,,
unbalanced_g8_d4_s1,1200,8,unbalanced,4,2026092711,5,20,2,hdbscan_common,0.29502702452505464,0.3164926593184723,0.30826249457209237,0.29502702452505464,4,0.8575,0.48303181539647627,171,,,,0.5118951675562011,0,0.0,-4,4,0.3796399047894754,0.3921875,0.3625364163452684,0.4629878869448183,8,0,0.5747031289483433,0,0.556615755766792,0,0.5553018502290121,0,1199,1041,11,10,241,789,1200,0,,,24.450568998872768,False,True
unbalanced_g8_d4_s1,1200,8,unbalanced,4,2026092711,5,20,1,hdbscan_standard,0.29485230602313445,0.31640256573489983,0.3078940304841345,0.29485230602313445,4,0.8583333333333333,0.48157017814814057,170,,,,0.5118951675562011,0,0.0,-4,4,0.3790638927309052,0.3921875,0.3622785601663596,0.46278026905829595,8,0,,,,,,,,,,,,,,,,,,,
unbalanced_g8_d4_s1,1200,8,unbalanced,4,2026092711,5,50,1,hgp_first_coverage,0.3181663213352859,0.31701231073599195,0.3185405007217493,0.3181663213352859,4,0.9658333333333333,0.5760601402520117,41,,,,0.6648884506281991,0,0.0,-4,4,0.376555252680023,0.4666666666666667,0.39819996751407655,0.49258160237388726,8,0,0.7662208006116747,0,0.6584254310750911,0,0.6559248948650114,0,947,947,13,12,551,383,1200,0,645.281114,150.74515600281302,20.83301300081075,,
unbalanced_g8_d4_s1,1200,8,unbalanced,4,2026092711,5,50,1,hdbscan_common,0.232054495660365,0.20949183161641932,0.23642548922296844,0.232054495660365,2,0.8608333333333333,0.41124823115001763,167,,,,0.5118951675562011,0,0.0,-6,6,0.15941249218172515,0.23072916666666668,0.17169394877334387,0.3967756381549485,8,0,0.5747031289483433,0,0.37960552227182975,0,0.3668215889965697,0,1199,1041,7,6,343,691,1200,0,,,33.882072999404045,False,True
unbalanced_g8_d4_s1,1200,8,unbalanced,4,2026092711,5,50,2,hgp_first_coverage,0.3181663213352859,0.31701231073599195,0.3185405007217493,0.3181663213352859,4,0.9658333333333333,0.5760601402520117,41,,,,0.6648884506281991,0,0.0,-4,4,0.376555252680023,0.4666666666666667,0.39819996751407655,0.49258160237388726,8,0,0.7662208006116747,0,0.6584254310750911,0,0.6559248948650114,0,947,947,13,12,551,383,1200,0,645.281114,150.74515600281302,22.329272997012595,,
unbalanced_g8_d4_s1,1200,8,unbalanced,4,2026092711,5,50,2,hdbscan_common,0.232054495660365,0.20949183161641932,0.23642548922296844,0.232054495660365,2,0.8608333333333333,0.41124823115001763,167,,,,0.5118951675562011,0,0.0,-6,6,0.15941249218172515,0.23072916666666668,0.17169394877334387,0.3967756381549485,8,0,0.5747031289483433,0,0.37960552227182975,0,0.3668215889965697,0,1199,1041,7,6,343,691,1200,0,,,24.405775002378505,False,True
unbalanced_g8_d4_s1,1200,8,unbalanced,4,2026092711,5,50,1,hdbscan_standard,0.23194526224187756,0.2096132653503054,0.2361339401713259,0.23194526224187756,2,0.8616666666666667,0.409984928209534,166,,,,0.5118951675562011,0,0.0,-6,6,0.15883648012315493,0.23072916666666668,0.17143609259443504,0.39659803043867503,8,0,,,,,,,,,,,,,,,,,,,
unbalanced_g8_d4_s1,1200,8,unbalanced,4,2026092711,5,100,1,hgp_first_coverage,0.24193022891112897,0.20805603643894618,0.2368131287078568,0.24193022891112897,2,0.9325,0.4953462559918497,81,,,,0.6648884506281991,0,0.0,-6,6,0.15804488398630656,0.2484375,0.17726662690128242,0.4113842173350582,4,4,0.7662208006116747,0,0.45310850584291196,0,0.4408466462277686,0,947,947,7,6,621,319,1200,0,645.281114,150.74515600281302,20.72024299923214,,
unbalanced_g8_d4_s1,1200,8,unbalanced,4,2026092711,5,100,1,hdbscan_common,0.232054495660365,0.20949183161641932,0.23642548922296844,0.232054495660365,2,0.8608333333333333,0.41124823115001763,167,,,,0.5118951675562011,0,0.0,-6,6,0.15941249218172515,0.23072916666666668,0.17169394877334387,0.3967756381549485,4,4,0.5747031289483433,0,0.37960552227182975,0,0.3633932951234448,0,1199,1041,5,4,419,617,1200,0,,,23.853424998378614,False,True
unbalanced_g8_d4_s1,1200,8,unbalanced,4,2026092711,5,100,2,hgp_first_coverage,0.24193022891112897,0.20805603643894618,0.2368131287078568,0.24193022891112897,2,0.9325,0.4953462559918497,81,,,,0.6648884506281991,0,0.0,-6,6,0.15804488398630656,0.2484375,0.17726662690128242,0.4113842173350582,4,4,0.7662208006116747,0,0.45310850584291196,0,0.4408466462277686,0,947,947,7,6,621,319,1200,0,645.281114,150.74515600281302,20.620387000235496,,
unbalanced_g8_d4_s1,1200,8,unbalanced,4,2026092711,5,100,2,hdbscan_common,0.232054495660365,0.20949183161641932,0.23642548922296844,0.232054495660365,2,0.8608333333333333,0.41124823115001763,167,,,,0.5118951675562011,0,0.0,-6,6,0.15941249218172515,0.23072916666666668,0.17169394877334387,0.3967756381549485,4,4,0.5747031289483433,0,0.37960552227182975,0,0.3633932951234448,0,1199,1041,5,4,419,617,1200,0,,,24.06244500161847,False,True
unbalanced_g8_d4_s1,1200,8,unbalanced,4,2026092711,5,100,1,hdbscan_standard,0.23194526224187756,0.2096132653503054,0.2361339401713259,0.23194526224187756,2,0.8616666666666667,0.409984928209534,166,,,,0.5118951675562011,0,0.0,-6,6,0.15883648012315493,0.23072916666666668,0.17143609259443504,0.39659803043867503,4,4,,,,,,,,,,,,,,,,,,,
unbalanced_g8_d4_s1,1200,8,unbalanced,4,2026092711,10,10,1,hgp_first_coverage,0.38874251525783887,0.390155702697632,0.3902955077649775,0.38874251525783887,6,0.9491666666666667,0.6278386904780194,61,,,,0.7364351390812752,0,0.0,-2,2,0.6227147404076101,0.5630208333333333,0.5410338266606053,0.5344164172723386,8,0,0.7877693437512518,0,0.7877693437512518,0,0.7877693437512518,0,903,903,43,42,252,608,1200,0,2827.400141,708.1631679975544,20.875682999758283,,
unbalanced_g8_d4_s1,1200,8,unbalanced,4,2026092711,10,10,1,hdbscan_common,0.27568156727425985,0.338768018194294,0.314401293867526,0.27568156727425985,4,0.7625,0.4437238590226931,285,,,,0.4718388572946155,0,0.0,-4,4,0.38377408162644183,0.346875,0.3365155791217155,0.4453900709219858,8,0,0.5022627126401673,0,0.5022627126401673,0,0.5005644326035917,0,1199,1132,15,14,85,1032,1200,0,,,24.829294001392554,True,True
unbalanced_g8_d4_s1,1200,8,unbalanced,4,2026092711,10,10,2,hgp_first_coverage,0.38702838867801653,0.3854045280804174,0.38894860213011845,0.38702838867801653,7,0.9375,0.6257674591984924,75,,,,0.7364351390812752,0,0.0,-1,1,0.6460995041491723,0.5338541666666666,0.5310988873252791,0.5255913978494624,8,0,0.7877693437512518,0,0.7877693437512518,0,0.7877693437512518,0,903,903,43,42,252,608,1200,0,2827.400141,708.1631679975544,21.146197002963163,,
unbalanced_g8_d4_s1,1200,8,unbalanced,4,2026092711,10,10,2,hdbscan_common,0.27568156727425985,0.338768018194294,0.314401293867526,0.27568156727425985,4,0.7625,0.4437238590226931,285,,,,0.4718388572946155,0,0.0,-4,4,0.38377408162644183,0.346875,0.3365155791217155,0.4453900709219858,8,0,0.5022627126401673,0,0.5022627126401673,0,0.5005644326035917,0,1199,1132,15,14,85,1032,1200,0,,,25.316252002085093,True,True
unbalanced_g8_d4_s1,1200,8,unbalanced,4,2026092711,10,10,1,hdbscan_standard,0.27568156727425985,0.338768018194294,0.314401293867526,0.27568156727425985,4,0.7625,0.4437238590226931,285,,,,0.4718388572946155,0,0.0,-4,4,0.38377408162644183,0.346875,0.3365155791217155,0.4453900709219858,8,0,,,,,,,,,,,,,,,,,,,
unbalanced_g8_d4_s1,1200,8,unbalanced,4,2026092711,10,20,1,hgp_first_coverage,0.3881314403479403,0.38453262489815093,0.38965691457106344,0.3881314403479403,5,0.9333333333333333,0.6249182556520215,80,,,,0.7364351390812752,0,0.0,-3,3,0.5042936877760311,0.5255208333333333,0.4840718013441496,0.5232758620689655,8,0,0.7877693437512518,0,0.7460865597414347,0,0.7460704763295329,0,903,903,23,22,344,536,1200,0,2827.400141,708.1631679975544,20.256578998669283,,
unbalanced_g8_d4_s1,1200,8,unbalanced,4,2026092711,10,20,1,hdbscan_common,0.27568156727425985,0.338768018194294,0.314401293867526,0.27568156727425985,4,0.7625,0.4437238590226931,285,,,,0.4718388572946155,0,0.0,-4,4,0.38377408162644183,0.346875,0.3365155791217155,0.4453900709219858,8,0,0.5022627126401673,0,0.5022627126401673,0,0.5005644326035917,0,1199,1132,11,10,137,984,1200,0,,,24.260793998109875,True,True
unbalanced_g8_d4_s1,1200,8,unbalanced,4,2026092711,10,20,2,hgp_first_coverage,0.3881314403479403,0.38453262489815093,0.38965691457106344,0.3881314403479403,5,0.9333333333333333,0.6249182556520215,80,,,,0.7364351390812752,0,0.0,-3,3,0.5042936877760311,0.5255208333333333,0.4840718013441496,0.5232758620689655,8,0,0.7877693437512518,0,0.7460865597414347,0,0.7460704763295329,0,903,903,23,22,344,536,1200,0,2827.400141,708.1631679975544,20.553542002744507,,
unbalanced_g8_d4_s1,1200,8,unbalanced,4,2026092711,10,20,2,hdbscan_common,0.27568156727425985,0.338768018194294,0.314401293867526,0.27568156727425985,4,0.7625,0.4437238590226931,285,,,,0.4718388572946155,0,0.0,-4,4,0.38377408162644183,0.346875,0.3365155791217155,0.4453900709219858,8,0,0.5022627126401673,0,0.5022627126401673,0,0.5005644326035917,0,1199,1132,11,10,137,984,1200,0,,,24.278377000882756,True,True
unbalanced_g8_d4_s1,1200,8,unbalanced,4,2026092711,10,20,1,hdbscan_standard,0.27568156727425985,0.338768018194294,0.314401293867526,0.27568156727425985,4,0.7625,0.4437238590226931,285,,,,0.4718388572946155,0,0.0,-4,4,0.38377408162644183,0.346875,0.3365155791217155,0.4453900709219858,8,0,,,,,,,,,,,,,,,,,,,
unbalanced_g8_d4_s1,1200,8,unbalanced,4,2026092711,10,50,1,hgp_first_coverage,0.31540642964370214,0.312540393835869,0.31561050028085774,0.31540642964370214,4,0.9716666666666667,0.580087896052486,34,,,,0.7364351390812752,0,0.0,-4,4,0.3802863852391219,0.4671875,0.4000716064162182,0.4919695688926458,8,0,0.7877693437512518,0,0.6920796767522508,0,0.6903083092037295,0,903,903,11,10,455,437,1200,0,2827.400141,708.1631679975544,20.015538997540716,,
unbalanced_g8_d4_s1,1200,8,unbalanced,4,2026092711,10,50,1,hdbscan_common,0.22936310124154996,0.21539696567574126,0.24167885000317993,0.22936310124154996,2,0.8216666666666667,0.3857392636320213,214,,,,0.4718388572946155,0,0.0,-6,6,0.16013038337067464,0.22291666666666665,0.16956717664644333,0.39158279963403475,8,0,0.5022627126401673,0,0.3557461086290855,0,0.3381513408357461,0,1199,1132,7,6,244,881,1200,0,,,24.508186001185095,False,True
unbalanced_g8_d4_s1,1200,8,unbalanced,4,2026092711,10,50,2,hgp_first_coverage,0.31540642964370214,0.312540393835869,0.31561050028085774,0.31540642964370214,4,0.9716666666666667,0.580087896052486,34,,,,0.7364351390812752,0,0.0,-4,4,0.3802863852391219,0.4671875,0.4000716064162182,0.4919695688926458,8,0,0.7877693437512518,0,0.6920796767522508,0,0.6903083092037295,0,903,903,11,10,455,437,1200,0,2827.400141,708.1631679975544,20.59947700035991,,
unbalanced_g8_d4_s1,1200,8,unbalanced,4,2026092711,10,50,2,hdbscan_common,0.22936310124154996,0.21539696567574126,0.24167885000317993,0.22936310124154996,2,0.8216666666666667,0.3857392636320213,214,,,,0.4718388572946155,0,0.0,-6,6,0.16013038337067464,0.22291666666666665,0.16956717664644333,0.39158279963403475,8,0,0.5022627126401673,0,0.3557461086290855,0,0.3381513408357461,0,1199,1132,7,6,244,881,1200,0,,,23.910641997645143,False,True
unbalanced_g8_d4_s1,1200,8,unbalanced,4,2026092711,10,50,1,hdbscan_standard,0.22874402430795107,0.21480288635439787,0.24078684857980798,0.22874402430795107,2,0.8225,0.385784440424579,213,,,,0.4718388572946155,0,0.0,-6,6,0.1600846251382967,0.22291666666666665,0.16951364396990554,0.3914037494284408,8,0,,,,,,,,,,,,,,,,,,,
unbalanced_g8_d4_s1,1200,8,unbalanced,4,2026092711,10,100,1,hgp_first_coverage,0.23738052353444272,0.2040308858713414,0.23171203180758695,0.23738052353444272,2,0.9416666666666667,0.5034244873131619,70,,,,0.7364351390812752,0,0.0,-6,6,0.15766619850187266,0.24895833333333334,0.1770556784660767,0.41030042918454934,4,4,0.7877693437512518,0,0.4761540747511884,0,0.4759977028385214,0,903,903,7,6,527,369,1200,0,2827.400141,708.1631679975544,20.153806999587687,,
unbalanced_g8_d4_s1,1200,8,unbalanced,4,2026092711,10,100,1,hdbscan_common,0.22936310124154996,0.21539696567574126,0.24167885000317993,0.22936310124154996,2,0.8216666666666667,0.3857392636320213,214,,,,0.4718388572946155,0,0.0,-6,6,0.16013038337067464,0.22291666666666665,0.16956717664644333,0.39158279963403475,4,4,0.5022627126401673,0,0.3490005042257464,0,0.31203916544196153,0,1199,1132,3,2,364,765,1200,0,,,23.886155999207404,False,True
unbalanced_g8_d4_s1,1200,8,unbalanced,4,2026092711,10,100,2,hgp_first_coverage,0.23738052353444272,0.2040308858713414,0.23171203180758695,0.23738052353444272,2,0.9416666666666667,0.5034244873131619,70,,,,0.7364351390812752,0,0.0,-6,6,0.15766619850187266,0.24895833333333334,0.1770556784660767,0.41030042918454934,4,4,0.7877693437512518,0,0.4761540747511884,0,0.4759977028385214,0,903,903,7,6,527,369,1200,0,2827.400141,708.1631679975544,19.631292998383287,,
unbalanced_g8_d4_s1,1200,8,unbalanced,4,2026092711,10,100,2,hdbscan_common,0.22936310124154996,0.21539696567574126,0.24167885000317993,0.22936310124154996,2,0.8216666666666667,0.3857392636320213,214,,,,0.4718388572946155,0,0.0,-6,6,0.16013038337067464,0.22291666666666665,0.16956717664644333,0.39158279963403475,4,4,0.5022627126401673,0,0.3490005042257464,0,0.31203916544196153,0,1199,1132,3,2,364,765,1200,0,,,23.648383001273032,False,True
unbalanced_g8_d4_s1,1200,8,unbalanced,4,2026092711,10,100,1,hdbscan_standard,0.22874402430795107,0.21480288635439787,0.24078684857980798,0.22874402430795107,2,0.8225,0.385784440424579,213,,,,0.4718388572946155,0,0.0,-6,6,0.1600846251382967,0.22291666666666665,0.16951364396990554,0.3914037494284408,4,4,,,,,,,,,,,,,,,,,,,
unbalanced_g8_d4_s2,1200,8,unbalanced,4,2026092712,5,10,1,hgp_first_coverage,0.3059431908414441,0.3021531929569006,0.3060517515309924,0.3059431908414441,4,0.9783333333333334,0.5906743587071621,26,,,,0.7617295061355905,0,0.0,-4,4,0.40100780439618394,0.4682291666666667,0.4099045108966118,0.4919966301600674,8,0,0.8414892708605365,0,0.8414892708605365,0,0.8414892708605365,0,944,944,57,56,402,485,1200,0,691.882334,145.6762260022515,22.054159999242984,,
unbalanced_g8_d4_s2,1200,8,unbalanced,4,2026092712,5,10,1,hdbscan_common,0.2422399382693845,0.2394894271712287,0.2440527018980021,0.2422399382693845,3,0.9366666666666666,0.47290778744475964,76,,,,0.5717694965922534,0,0.0,-5,5,0.28438606847697756,0.3359375,0.2836120695608011,0.4388984509466437,8,0,0.6739394850687921,0,0.6739394850687921,0,0.6739394850687921,0,1199,1042,19,18,185,838,1200,0,,,24.02587700271397,True,True
unbalanced_g8_d4_s2,1200,8,unbalanced,4,2026092712,5,10,2,hgp_first_coverage,0.5835177596860239,0.8987755549876202,0.6322214969929317,0.5835177596860239,13,0.7641666666666667,0.7141900804617898,283,,,,0.7617295061355905,0,0.0,5,5,0.9789864175507822,0.6963541666666667,0.7961286499408325,0.781294284364667,8,0,0.8414892708605365,0,0.8414892708605365,0,0.8414892708605365,0,944,944,57,56,402,485,1200,0,691.882334,145.6762260022515,23.95380199959618,,
unbalanced_g8_d4_s2,1200,8,unbalanced,4,2026092712,5,10,2,hdbscan_common,0.39960859450671177,0.7697965422227323,0.5092564141850716,0.39960859450671177,7,0.6608333333333334,0.5922095900292216,407,,,,0.5717694965922534,0,0.0,-1,1,0.7858588090039874,0.5161458333333333,0.6000176806858415,0.6332162568991471,8,0,0.6739394850687921,0,0.6739394850687921,0,0.6739394850687921,0,1199,1042,19,18,185,838,1200,0,,,25.243296000553528,True,True
unbalanced_g8_d4_s2,1200,8,unbalanced,4,2026092712,5,10,1,hdbscan_standard,0.2422399382693845,0.2394894271712287,0.2440527018980021,0.2422399382693845,3,0.9366666666666666,0.47290778744475964,76,,,,0.5717694965922534,0,0.0,-5,5,0.28438606847697756,0.3359375,0.2836120695608011,0.4388984509466437,8,0,,,,,,,,,,,,,,,,,,,
unbalanced_g8_d4_s2,1200,8,unbalanced,4,2026092712,5,20,1,hgp_first_coverage,0.6779015967585879,0.9472803963644763,0.7371828917397636,0.6779015967585879,8,0.805,0.7554897863343792,234,,,,0.7617295061355905,0,0.0,0,0,0.9742340141406607,0.7557291666666667,0.8414892708605365,0.8688827331486612,8,0,0.8414892708605365,0,0.8414892708605365,0,0.8414892708605365,0,944,944,21,20,479,444,1200,0,691.882334,145.6762260022515,21.110080000653397,,
unbalanced_g8_d4_s2,1200,8,unbalanced,4,2026092712,5,20,1,hdbscan_common,0.2422399382693845,0.2394894271712287,0.2440527018980021,0.2422399382693845,3,0.9366666666666666,0.47290778744475964,76,,,,0.5717694965922534,0,0.0,-5,5,0.28438606847697756,0.3359375,0.2836120695608011,0.4388984509466437,8,0,0.6739394850687921,0,0.6739394850687921,0,0.6739394850687921,0,1199,1042,17,16,229,796,1200,0,,,24.265272997581633,True,True
unbalanced_g8_d4_s2,1200,8,unbalanced,4,2026092712,5,20,2,hgp_first_coverage,0.6779015967585879,0.9472803963644763,0.7371828917397636,0.6779015967585879,8,0.805,0.7554897863343792,234,,,,0.7617295061355905,0,0.0,0,0,0.9742340141406607,0.7557291666666667,0.8414892708605365,0.8688827331486612,8,0,0.8414892708605365,0,0.8414892708605365,0,0.8414892708605365,0,944,944,21,20,479,444,1200,0,691.882334,145.6762260022515,21.63271400058875,,
unbalanced_g8_d4_s2,1200,8,unbalanced,4,2026092712,5,20,2,hdbscan_common,0.39960859450671177,0.7697965422227323,0.5092564141850716,0.39960859450671177,7,0.6608333333333334,0.5922095900292216,407,,,,0.5717694965922534,0,0.0,-1,1,0.7858588090039874,0.5161458333333333,0.6000176806858415,0.6332162568991471,8,0,0.6739394850687921,0,0.6739394850687921,0,0.6739394850687921,0,1199,1042,17,16,229,796,1200,0,,,168.8912689969584,True,True
unbalanced_g8_d4_s2,1200,8,unbalanced,4,2026092712,5,20,1,hdbscan_standard,0.2422399382693845,0.2394894271712287,0.2440527018980021,0.2422399382693845,3,0.9366666666666666,0.47290778744475964,76,,,,0.5717694965922534,0,0.0,-5,5,0.28438606847697756,0.3359375,0.2836120695608011,0.4388984509466437,8,0,,,,,,,,,,,,,,,,,,,
unbalanced_g8_d4_s2,1200,8,unbalanced,4,2026092712,5,50,1,hgp_first_coverage,0.3059431908414441,0.3021531929569006,0.3060517515309924,0.3059431908414441,4,0.9783333333333334,0.5906743587071621,26,,,,0.7617295061355905,0,0.0,-4,4,0.40100780439618394,0.4682291666666667,0.4099045108966118,0.4919966301600674,8,0,0.8414892708605365,0,0.6983946340117391,0,0.6981634717673947,0,944,944,11,10,546,387,1200,0,691.882334,145.6762260022515,20.644891999836545,,
unbalanced_g8_d4_s2,1200,8,unbalanced,4,2026092712,5,50,1,hdbscan_common,0.24130626537245514,0.21358168297704155,0.24010838479878682,0.24130626537245514,2,0.8991666666666667,0.4559822631125091,121,,,,0.5717694965922534,0,0.0,-6,6,0.15938606847697756,0.2421875,0.17646921241794397,0.40807371654234315,8,0,0.6739394850687921,0,0.40724551587336605,0,0.3949977992423369,0,1199,1042,7,6,330,705,1200,0,,,24.987188997329213,True,True
unbalanced_g8_d4_s2,1200,8,unbalanced,4,2026092712,5,50,2,hgp_first_coverage,0.3059431908414441,0.3021531929569006,0.3060517515309924,0.3059431908414441,4,0.9783333333333334,0.5906743587071621,26,,,,0.7617295061355905,0,0.0,-4,4,0.40100780439618394,0.4682291666666667,0.4099045108966118,0.4919966301600674,8,0,0.8414892708605365,0,0.6983946340117391,0,0.6981634717673947,0,944,944,11,10,546,387,1200,0,691.882334,145.6762260022515,21.167547998629743,,
unbalanced_g8_d4_s2,1200,8,unbalanced,4,2026092712,5,50,2,hdbscan_common,0.24130626537245514,0.21358168297704155,0.24010838479878682,0.24130626537245514,2,0.8991666666666667,0.4559822631125091,121,,,,0.5717694965922534,0,0.0,-6,6,0.15938606847697756,0.2421875,0.17646921241794397,0.40807371654234315,8,0,0.6739394850687921,0,0.40724551587336605,0,0.3949977992423369,0,1199,1042,7,6,330,705,1200,0,,,24.143214999639895,True,True
unbalanced_g8_d4_s2,1200,8,unbalanced,4,2026092712,5,50,1,hdbscan_standard,0.24130626537245514,0.21358168297704155,0.24010838479878682,0.24130626537245514,2,0.8991666666666667,0.4559822631125091,121,,,,0.5717694965922534,0,0.0,-6,6,0.15938606847697756,0.2421875,0.17646921241794397,0.40807371654234315,8,0,,,,,,,,,,,,,,,,,,,
unbalanced_g8_d4_s2,1200,8,unbalanced,4,2026092712,5,100,1,hgp_first_coverage,0.2386547667048819,0.206410682151273,0.23299187010521943,0.2386547667048819,2,0.9425,0.5071336581505833,69,,,,0.7617295061355905,0,0.0,-6,6,0.1577127239260382,0.25,0.17762570335441713,0.4118404118404118,4,4,0.8414892708605365,0,0.49611031755815577,0,0.48391600973969284,0,944,944,7,6,618,319,1200,0,691.882334,145.6762260022515,20.76502600175445,,
unbalanced_g8_d4_s2,1200,8,unbalanced,4,2026092712,5,100,1,hdbscan_common,0.24130626537245514,0.21358168297704155,0.24010838479878682,0.24130626537245514,2,0.8991666666666667,0.4559822631125091,121,,,,0.5717694965922534,0,0.0,-6,6,0.15938606847697756,0.2421875,0.17646921241794397,0.40807371654234315,4,4,0.6739394850687921,0,0.4033160674565038,0,0.38963175354311574,0,1199,1042,5,4,446,591,1200,0,,,23.56283300105133,True,True
unbalanced_g8_d4_s2,1200,8,unbalanced,4,2026092712,5,100,2,hgp_first_coverage,0.2386547667048819,0.206410682151273,0.23299187010521943,0.2386547667048819,2,0.9425,0.5071336581505833,69,,,,0.7617295061355905,0,0.0,-6,6,0.1577127239260382,0.25,0.17762570335441713,0.4118404118404118,4,4,0.8414892708605365,0,0.49611031755815577,0,0.48391600973969284,0,944,944,7,6,618,319,1200,0,691.882334,145.6762260022515,20.351897001091857,,
unbalanced_g8_d4_s2,1200,8,unbalanced,4,2026092712,5,100,2,hdbscan_common,0.24130626537245514,0.21358168297704155,0.24010838479878682,0.24130626537245514,2,0.8991666666666667,0.4559822631125091,121,,,,0.5717694965922534,0,0.0,-6,6,0.15938606847697756,0.2421875,0.17646921241794397,0.40807371654234315,4,4,0.6739394850687921,0,0.4033160674565038,0,0.38963175354311574,0,1199,1042,5,4,446,591,1200,0,,,24.36005900017335,True,True
unbalanced_g8_d4_s2,1200,8,unbalanced,4,2026092712,5,100,1,hdbscan_standard,0.24130626537245514,0.21358168297704155,0.24010838479878682,0.24130626537245514,2,0.8991666666666667,0.4559822631125091,121,,,,0.5717694965922534,0,0.0,-6,6,0.15938606847697756,0.2421875,0.17646921241794397,0.40807371654234315,4,4,,,,,,,,,,,,,,,,,,,
unbalanced_g8_d4_s2,1200,8,unbalanced,4,2026092712,10,10,1,hgp_first_coverage,0.582675421027288,0.6771464206850768,0.5976642819356379,0.582675421027288,10,0.865,0.7027759196901032,162,,,,0.8070250859332885,0,0.0,2,2,0.8018978949581773,0.6380208333333334,0.6758647195534994,0.6818588025022342,8,0,0.8501298146494009,0,0.8501298146494009,0,0.8501298146494009,0,899,899,47,46,229,623,1200,0,2778.688815,744.0853869993589,380.02745199992205,,
unbalanced_g8_d4_s2,1200,8,unbalanced,4,2026092712,10,10,1,hdbscan_common,0.3038187406927372,0.3884152490308313,0.3637605783764913,0.3038187406927372,5,0.7225,0.4706039352369674,333,,,,0.532546972789148,0,0.0,-3,3,0.5421635434412265,0.33489583333333334,0.35282873656168934,0.4625060474117078,8,0,0.5455787148445177,0,0.5300390852411685,0,0.529495931027117,0,1199,1139,13,12,65,1061,1200,0,,,24.44629100136808,False,True
unbalanced_g8_d4_s2,1200,8,unbalanced,4,2026092712,10,10,2,hgp_first_coverage,0.4594969713378969,0.8572427798616351,0.5196881752864925,0.4594969713378969,18,0.6925,0.6587107904416738,369,,,,0.8070250859332885,0,0.0,10,10,0.9794627829169196,0.5963541666666666,0.7086346596302823,0.672575086164451,8,0,0.8501298146494009,0,0.8501298146494009,0,0.8501298146494009,0,899,899,47,46,229,623,1200,0,2778.688815,744.0853869993589,20.860543998423964,,
unbalanced_g8_d4_s2,1200,8,unbalanced,4,2026092712,10,10,2,hdbscan_common,0.3038187406927372,0.3884152490308313,0.3637605783764913,0.3038187406927372,5,0.7225,0.4706039352369674,333,,,,0.532546972789148,0,0.0,-3,3,0.5421635434412265,0.33489583333333334,0.35282873656168934,0.4625060474117078,8,0,0.5455787148445177,0,0.5300390852411685,0,0.529495931027117,0,1199,1139,13,12,65,1061,1200,0,,,24.217263999162242,False,True
unbalanced_g8_d4_s2,1200,8,unbalanced,4,2026092712,10,10,1,hdbscan_standard,0.3045659030982633,0.3883897194710914,0.363457414800536,0.3045659030982633,5,0.725,0.4693704784714795,330,,,,0.532546972789148,0,0.0,-3,3,0.5415387393895611,0.33697916666666666,0.3549311351956053,0.4628019323671498,8,0,,,,,,,,,,,,,,,,,,,
unbalanced_g8_d4_s2,1200,8,unbalanced,4,2026092712,10,20,1,hgp_first_coverage,0.742949748473249,0.9381402595666593,0.7835103524273842,0.742949748473249,8,0.8466666666666667,0.7773446515152044,184,,,,0.8070250859332885,0,0.0,0,0,0.970486294864721,0.7802083333333333,0.8501298146494009,0.8889891696750902,8,0,0.8501298146494009,0,0.8501298146494009,0,0.8501298146494009,0,899,899,17,16,314,568,1200,0,2778.688815,744.0853869993589,20.399394998094067,,
unbalanced_g8_d4_s2,1200,8,unbalanced,4,2026092712,10,20,1,hdbscan_common,0.2533705203818951,0.2504518269856898,0.26369022689452215,0.2533705203818951,3,0.8583333333333333,0.4295249959483913,170,,,,0.532546972789148,0,0.0,-5,5,0.28594351732991014,0.28802083333333334,0.25150497634222096,0.4260089686098655,8,0,0.5455787148445177,0,0.4573480125837438,0,0.45452534100675274,0,1199,1139,9,8,119,1011,1200,0,,,24.146862000634428,False,True
unbalanced_g8_d4_s2,1200,8,unbalanced,4,2026092712,10,20,2,hgp_first_coverage,0.742949748473249,0.9381402595666593,0.7835103524273842,0.742949748473249,8,0.8466666666666667,0.7773446515152044,184,,,,0.8070250859332885,0,0.0,0,0,0.970486294864721,0.7802083333333333,0.8501298146494009,0.8889891696750902,8,0,0.8501298146494009,0,0.8501298146494009,0,0.8501298146494009,0,899,899,17,16,314,568,1200,0,2778.688815,744.0853869993589,23.074253000231693,,
unbalanced_g8_d4_s2,1200,8,unbalanced,4,2026092712,10,20,2,hdbscan_common,0.2533705203818951,0.2504518269856898,0.26369022689452215,0.2533705203818951,3,0.8583333333333333,0.4295249959483913,170,,,,0.532546972789148,0,0.0,-5,5,0.28594351732991014,0.28802083333333334,0.25150497634222096,0.4260089686098655,8,0,0.5455787148445177,0,0.4573480125837438,0,0.45452534100675274,0,1199,1139,9,8,119,1011,1200,0,,,24.776185000519035,False,True
unbalanced_g8_d4_s2,1200,8,unbalanced,4,2026092712,10,20,1,hdbscan_standard,0.25321463827091806,0.2504734486896793,0.26334998103176094,0.25321463827091806,3,0.8591666666666666,0.42727987537572365,169,,,,0.532546972789148,0,0.0,-5,5,0.2853904199847774,0.28802083333333334,0.2512453889131749,0.42581801882563874,8,0,,,,,,,,,,,,,,,,,,,
unbalanced_g8_d4_s2,1200,8,unbalanced,4,2026092712,10,50,1,hgp_first_coverage,0.3073877328093768,0.3035834426789986,0.30746172317485637,0.3073877328093768,4,0.9816666666666667,0.5941483764517607,22,,,,0.8070250859332885,0,0.0,-4,4,0.3992139948533373,0.47291666666666665,0.41147575352030097,0.49369217830109335,8,0,0.8501298146494009,0,0.7127562092401255,0,0.712609992577692,0,899,899,11,10,402,486,1200,0,2778.688815,744.0853869993589,20.104906001506606,,
unbalanced_g8_d4_s2,1200,8,unbalanced,4,2026092712,10,50,1,hdbscan_common,0.2520353030693326,0.23377402751484472,0.2622641765897259,0.2520353030693326,2,0.8366666666666667,0.41801079797688695,196,,,,0.532546972789148,0,0.0,-6,6,0.16094351732991014,0.23385416666666667,0.1759235809933838,0.4074410163339383,8,0,0.5455787148445177,0,0.3936808348679487,0,0.3789439456579155,0,1199,1139,7,6,232,900,1200,0,,,24.26960000229883,False,True
unbalanced_g8_d4_s2,1200,8,unbalanced,4,2026092712,10,50,2,hgp_first_coverage,0.7032843377367992,0.9389413699062682,0.7767297631165995,0.7032843377367992,6,0.7925,0.7595324401337282,249,,,,0.8070250859332885,0,0.0,-2,2,0.7233272039556302,0.646875,0.6819496152192014,0.8563458856345886,8,0,0.8501298146494009,0,0.7127562092401255,0,0.712609992577692,0,899,899,11,10,402,486,1200,0,2778.688815,744.0853869993589,20.4435880004894,,
unbalanced_g8_d4_s2,1200,8,unbalanced,4,2026092712,10,50,2,hdbscan_common,0.2520353030693326,0.23377402751484472,0.2622641765897259,0.2520353030693326,2,0.8366666666666667,0.41801079797688695,196,,,,0.532546972789148,0,0.0,-6,6,0.16094351732991014,0.23385416666666667,0.1759235809933838,0.4074410163339383,8,0,0.5455787148445177,0,0.3936808348679487,0,0.3789439456579155,0,1199,1139,7,6,232,900,1200,0,,,24.378855003305944,False,True
unbalanced_g8_d4_s2,1200,8,unbalanced,4,2026092712,10,50,1,hdbscan_standard,0.2519182223541858,0.2338452086164916,0.2619243409399993,0.2519182223541858,2,0.8375,0.41578085117783203,195,,,,0.532546972789148,0,0.0,-6,6,0.1603904199847774,0.23385416666666667,0.17566399356433765,0.4072562358276644,8,0,,,,,,,,,,,,,,,,,,,
unbalanced_g8_d4_s2,1200,8,unbalanced,4,2026092712,10,100,1,hgp_first_coverage,0.23675063035168317,0.20474106661285815,0.23075772363744154,0.23675063035168317,2,0.9466666666666667,0.5141859755390918,64,,,,0.8070250859332885,0,0.0,-6,6,0.1575239891286261,0.25,0.17739138071088278,0.410958904109589,4,4,0.8501298146494009,0,0.5092661400228821,0,0.4974677602347439,0,899,899,7,6,501,391,1200,0,2778.688815,744.0853869993589,19.859879001160152,,
unbalanced_g8_d4_s2,1200,8,unbalanced,4,2026092712,10,100,1,hdbscan_common,0.2520353030693326,0.23377402751484472,0.2622641765897259,0.2520353030693326,2,0.8366666666666667,0.41801079797688695,196,,,,0.532546972789148,0,0.0,-6,6,0.16094351732991014,0.23385416666666667,0.1759235809933838,0.4074410163339383,4,4,0.5455787148445177,0,0.3936808348679487,0,0.36952048828106565,0,1199,1139,5,4,401,733,1200,0,,,23.830562000512145,False,True
unbalanced_g8_d4_s2,1200,8,unbalanced,4,2026092712,10,100,2,hgp_first_coverage,0.23675063035168317,0.20474106661285815,0.23075772363744154,0.23675063035168317,2,0.9466666666666667,0.5141859755390918,64,,,,0.8070250859332885,0,0.0,-6,6,0.1575239891286261,0.25,0.17739138071088278,0.410958904109589,4,4,0.8501298146494009,0,0.5092661400228821,0,0.4974677602347439,0,899,899,7,6,501,391,1200,0,2778.688815,744.0853869993589,19.849760003125994,,
unbalanced_g8_d4_s2,1200,8,unbalanced,4,2026092712,10,100,2,hdbscan_common,0.2520353030693326,0.23377402751484472,0.2622641765897259,0.2520353030693326,2,0.8366666666666667,0.41801079797688695,196,,,,0.532546972789148,0,0.0,-6,6,0.16094351732991014,0.23385416666666667,0.1759235809933838,0.4074410163339383,4,4,0.5455787148445177,0,0.3936808348679487,0,0.36952048828106565,0,1199,1139,5,4,401,733,1200,0,,,23.54299699800322,False,True
unbalanced_g8_d4_s2,1200,8,unbalanced,4,2026092712,10,100,1,hdbscan_standard,0.2519182223541858,0.2338452086164916,0.2619243409399993,0.2519182223541858,2,0.8375,0.41578085117783203,195,,,,0.532546972789148,0,0.0,-6,6,0.1603904199847774,0.23385416666666667,0.17566399356433765,0.4072562358276644,4,4,,,,,,,,,,,,,,,,,,,
unbalanced_g8_d2_s1,1200,8,unbalanced,2,2026092711,5,10,1,hgp_first_coverage,0.002742462714077683,0.13957593080873695,0.034998041736456854,0.002742462714077683,27,0.4475,0.2174419068341214,663,,,,0.24612951602741145,0,0.0,19,19,0.5891869296133646,0.11354166666666667,0.18788944724703108,0.16119746689694875,8,0,0.30134750841326163,0,0.301088709241419,0,0.2987175193375036,0,918,918,57,56,411,450,1200,0,685.842822,179.20767500254442,21.581379001872847,,
unbalanced_g8_d2_s1,1200,8,unbalanced,2,2026092711,5,10,1,hdbscan_common,-0.010829007181700179,0.21280335607979742,0.019392085540511392,-0.010829007181700179,13,0.2375,0.13699190900806898,915,,,,0.22427031121540675,0,0.0,5,5,0.4751344985719986,0.06927083333333334,0.11547094195798473,0.13468013468013468,8,0,0.2453327009911117,0,0.2351081554537149,0,0.20229149438294208,0,1199,1016,27,26,188,801,1200,0,,,24.45002700187615,False,True
unbalanced_g8_d2_s1,1200,8,unbalanced,2,2026092711,5,10,2,hgp_first_coverage,0.0014691233557542877,0.13714699569385877,0.030002514205774686,0.0014691233557542877,28,0.42333333333333334,0.21319560897680184,692,,,,0.24612951602741145,0,0.0,20,20,0.6433443267212623,0.1109375,0.18659387128504284,0.15807962529274006,8,0,0.30134750841326163,0,0.301088709241419,0,0.2987175193375036,0,918,918,57,56,411,450,1200,0,685.842822,179.20767500254442,21.09354899948812,,
unbalanced_g8_d2_s1,1200,8,unbalanced,2,2026092711,5,10,2,hdbscan_common,-0.010829007181700179,0.21280335607979742,0.019392085540511392,-0.010829007181700179,13,0.2375,0.13699190900806898,915,,,,0.22427031121540675,0,0.0,5,5,0.4751344985719986,0.06927083333333334,0.11547094195798473,0.13468013468013468,8,0,0.2453327009911117,0,0.2351081554537149,0,0.20229149438294208,0,1199,1016,27,26,188,801,1200,0,,,24.623130000691162,False,True
unbalanced_g8_d2_s1,1200,8,unbalanced,2,2026092711,5,10,1,hdbscan_standard,-0.011546670777900142,0.2083030411448583,0.02032791063166728,-0.011546670777900142,13,0.245,0.14007937114098148,906,,,,0.22427031121540675,0,0.0,5,5,0.4709956983805668,0.06979166666666667,0.11617548038067714,0.13520749665327977,8,0,,,,,,,,,,,,,,,,,,,
unbalanced_g8_d2_s1,1200,8,unbalanced,2,2026092711,5,20,1,hgp_first_coverage,0.024988427224497484,0.007978172370465044,0.04393139096292939,0.024988427224497484,2,0.6383333333333333,0.06340054199309605,434,,,,0.24612951602741145,0,0.0,-6,6,0.1270041899441341,0.10833333333333334,0.07781525032462848,0.2115971515768057,8,0,0.30134750841326163,0,0.2602927059068378,0,0.23214647147381176,0,918,918,21,20,500,397,1200,0,685.842822,179.20767500254442,20.619114002329297,,
unbalanced_g8_d2_s1,1200,8,unbalanced,2,2026092711,5,20,1,hdbscan_common,0.016873483027226726,0.010895463288774929,0.04752326660553804,0.016873483027226726,2,0.5141666666666667,0.0554629121088082,583,,,,0.22427031121540675,0,0.0,-6,6,0.13568285065303803,0.09010416666666667,0.067888172331945,0.19042377545404512,8,0,0.2453327009911117,0,0.2351081554537149,0,0.1947848565734277,0,1199,1016,13,12,248,755,1200,0,,,26.27650300200912,True,True
unbalanced_g8_d2_s1,1200,8,unbalanced,2,2026092711,5,20,2,hgp_first_coverage,0.024988427224497484,0.007978172370465044,0.04393139096292939,0.024988427224497484,2,0.6383333333333333,0.06340054199309605,434,,,,0.24612951602741145,0,0.0,-6,6,0.1270041899441341,0.10833333333333334,0.07781525032462848,0.2115971515768057,8,0,0.30134750841326163,0,0.2602927059068378,0,0.23214647147381176,0,918,918,21,20,500,397,1200,0,685.842822,179.20767500254442,20.74162300050375,,
unbalanced_g8_d2_s1,1200,8,unbalanced,2,2026092711,5,20,2,hdbscan_common,0.016873483027226726,0.010895463288774929,0.04752326660553804,0.016873483027226726,2,0.5141666666666667,0.0554629121088082,583,,,,0.22427031121540675,0,0.0,-6,6,0.13568285065303803,0.09010416666666667,0.067888172331945,0.19042377545404512,8,0,0.2453327009911117,0,0.2351081554537149,0,0.1947848565734277,0,1199,1016,13,12,248,755,1200,0,,,23.74213700022665,True,True
unbalanced_g8_d2_s1,1200,8,unbalanced,2,2026092711,5,20,1,hdbscan_standard,0.016873483027226726,0.010895463288774929,0.04752326660553804,0.016873483027226726,2,0.5141666666666667,0.0554629121088082,583,,,,0.22427031121540675,0,0.0,-6,6,0.13568285065303803,0.09010416666666667,0.067888172331945,0.19042377545404512,8,0,,,,,,,,,,,,,,,,,,,
unbalanced_g8_d2_s1,1200,8,unbalanced,2,2026092711,5,50,1,hgp_first_coverage,0.024988427224497484,0.007978172370465044,0.04393139096292939,0.024988427224497484,2,0.6383333333333333,0.06340054199309605,434,,,,0.24612951602741145,0,0.0,-6,6,0.1270041899441341,0.10833333333333334,0.07781525032462848,0.2115971515768057,8,0,0.30134750841326163,0,0.2602927059068378,0,0.2097222498425412,0,918,918,7,6,547,364,1200,0,685.842822,179.20767500254442,20.29883700015489,,
unbalanced_g8_d2_s1,1200,8,unbalanced,2,2026092711,5,50,1,hdbscan_common,0.001556375329721851,0.0925891207113587,0.017865963830957003,0.001556375329721851,2,0.14666666666666667,0.05104530590832152,1024,,,,0.22427031121540675,0,0.0,-6,6,0.11109355246523388,0.04114583333333333,0.05910442319019437,0.11482558139534883,8,0,0.2453327009911117,0,0.2351081554537149,0,0.1119178931555031,0,1199,1016,3,2,297,716,1200,0,,,24.60018800047692,True,True
unbalanced_g8_d2_s1,1200,8,unbalanced,2,2026092711,5,50,2,hgp_first_coverage,0.024988427224497484,0.007978172370465044,0.04393139096292939,0.024988427224497484,2,0.6383333333333333,0.06340054199309605,434,,,,0.24612951602741145,0,0.0,-6,6,0.1270041899441341,0.10833333333333334,0.07781525032462848,0.2115971515768057,8,0,0.30134750841326163,0,0.2602927059068378,0,0.2097222498425412,0,918,918,7,6,547,364,1200,0,685.842822,179.20767500254442,20.441562999621965,,
unbalanced_g8_d2_s1,1200,8,unbalanced,2,2026092711,5,50,2,hdbscan_common,0.001556375329721851,0.0925891207113587,0.017865963830957003,0.001556375329721851,2,0.14666666666666667,0.05104530590832152,1024,,,,0.22427031121540675,0,0.0,-6,6,0.11109355246523388,0.04114583333333333,0.05910442319019437,0.11482558139534883,8,0,0.2453327009911117,0,0.2351081554537149,0,0.1119178931555031,0,1199,1016,3,2,297,716,1200,0,,,24.766317001194693,True,True
unbalanced_g8_d2_s1,1200,8,unbalanced,2,2026092711,5,50,1,hdbscan_standard,0.001556375329721851,0.0925891207113587,0.017865963830957003,0.001556375329721851,2,0.14666666666666667,0.051045305908321514,1024,,,,0.22427031121540675,0,0.0,-6,6,0.11109355246523388,0.04114583333333333,0.05910442319019437,0.11482558139534883,8,0,,,,,,,,,,,,,,,,,,,
unbalanced_g8_d2_s1,1200,8,unbalanced,2,2026092711,5,100,1,hgp_first_coverage,0.00944947475023893,0.11488906293337307,0.023629886067679476,0.00944947475023893,2,0.19083333333333333,0.06681404982870259,971,,,,0.24612951602741145,0,0.0,-6,6,0.10140987484737485,0.0484375,0.06555377832951362,0.13016095171448566,4,4,0.30134750841326163,0,0.2602927059068378,0,0.13680236221768602,0,918,918,3,2,583,332,1200,0,685.842822,179.20767500254442,20.06731499932357,,
unbalanced_g8_d2_s1,1200,8,unbalanced,2,2026092711,5,100,1,hdbscan_common,0.0,,0.0,0.0,0,0.0,0.0,1200,,,,0.22427031121540675,0,0.0,-8,8,0.0,0.0,0.0,0.0,4,4,0.2453327009911117,0,0.2351081554537149,0,0.0,0,1199,1016,1,0,308,707,1200,0,,,24.573758000769885,True,True
unbalanced_g8_d2_s1,1200,8,unbalanced,2,2026092711,5,100,2,hgp_first_coverage,0.00944947475023893,0.11488906293337307,0.023629886067679476,0.00944947475023893,2,0.19083333333333333,0.06681404982870259,971,,,,0.24612951602741145,0,0.0,-6,6,0.10140987484737485,0.0484375,0.06555377832951362,0.13016095171448566,4,4,0.30134750841326163,0,0.2602927059068378,0,0.13680236221768602,0,918,918,3,2,583,332,1200,0,685.842822,179.20767500254442,20.036238001921447,,
unbalanced_g8_d2_s1,1200,8,unbalanced,2,2026092711,5,100,2,hdbscan_common,0.0,,0.0,0.0,0,0.0,0.0,1200,,,,0.22427031121540675,0,0.0,-8,8,0.0,0.0,0.0,0.0,4,4,0.2453327009911117,0,0.2351081554537149,0,0.0,0,1199,1016,1,0,308,707,1200,0,,,23.779426999681164,True,True
unbalanced_g8_d2_s1,1200,8,unbalanced,2,2026092711,5,100,1,hdbscan_standard,0.0,,0.0,0.0,0,0.0,0.0,1200,,,,0.22427031121540675,0,0.0,-8,8,0.0,0.0,0.0,0.0,4,4,,,,,,,,,,,,,,,,,,,
unbalanced_g8_d2_s1,1200,8,unbalanced,2,2026092711,10,10,1,hgp_first_coverage,0.02387994509549148,0.007740738474692664,0.024890383416667553,0.02387994509549148,2,0.9,0.04941626775114675,120,,,,0.25478697941481,0,0.0,-6,6,0.1336437952291611,0.14270833333333333,0.08380240884069368,0.20877192982456141,8,0,0.3157655197796263,0,0.3157655197796263,0,0.3125032145292313,0,872,872,47,46,271,554,1200,0,3056.786557,1369.1002639970975,20.524367999314563,,
unbalanced_g8_d2_s1,1200,8,unbalanced,2,2026092711,10,10,1,hdbscan_common,0.016009228155588733,0.015466384585335679,0.05733844466500526,0.016009228155588733,2,0.37333333333333335,0.06379062173997654,752,,,,0.21585076724794885,0,0.0,-6,6,0.1448732718894009,0.07447916666666667,0.06040152807308582,0.17354368932038836,8,0,0.2296949409269576,0,0.2296949409269576,0,0.1692667029933265,0,1199,1115,13,12,80,1022,1200,0,,,24.694443000043975,False,True
unbalanced_g8_d2_s1,1200,8,unbalanced,2,2026092711,10,10,2,hgp_first_coverage,0.02387994509549148,0.007740738474692664,0.024890383416667553,0.02387994509549148,2,0.9,0.04941626775114675,120,,,,0.25478697941481,0,0.0,-6,6,0.1336437952291611,0.14270833333333333,0.08380240884069368,0.20877192982456141,8,0,0.3157655197796263,0,0.3157655197796263,0,0.3125032145292313,0,872,872,47,46,271,554,1200,0,3056.786557,1369.1002639970975,21.412083002360305,,
unbalanced_g8_d2_s1,1200,8,unbalanced,2,2026092711,10,10,2,hdbscan_common,0.016009228155588733,0.015466384585335679,0.05733844466500526,0.016009228155588733,2,0.37333333333333335,0.06379062173997654,752,,,,0.21585076724794885,0,0.0,-6,6,0.1448732718894009,0.07447916666666667,0.06040152807308582,0.17354368932038836,8,0,0.2296949409269576,0,0.2296949409269576,0,0.1692667029933265,0,1199,1115,13,12,80,1022,1200,0,,,24.50914700239082,False,True
unbalanced_g8_d2_s1,1200,8,unbalanced,2,2026092711,10,10,1,hdbscan_standard,0.015525351541651713,0.01507726137562515,0.05689665773221404,0.015525351541651713,2,0.37416666666666665,0.06316726014346688,751,,,,0.21585076724794885,0,0.0,-6,6,0.14478653530377666,0.07447916666666667,0.06032954214056576,0.17343844754396603,8,0,,,,,,,,,,,,,,,,,,,
unbalanced_g8_d2_s1,1200,8,unbalanced,2,2026092711,10,20,1,hgp_first_coverage,0.07410331746269705,0.10307760951844755,0.10256466855364714,0.07410331746269705,4,0.6233333333333333,0.14904517526586028,452,,,,0.25478697941481,0,0.0,-4,4,0.21246998935187045,0.14427083333333335,0.13490751453738756,0.25051334702258726,8,0,0.3157655197796263,0,0.28662580429122664,0,0.27496863931523025,0,872,872,21,20,364,487,1200,0,3056.786557,1369.1002639970975,19.985734001238598,,
unbalanced_g8_d2_s1,1200,8,unbalanced,2,2026092711,10,20,1,hdbscan_common,-0.0024522334122012764,0.13117686739848036,0.006256388425514521,-0.0024522334122012764,3,0.09833333333333333,0.04275761856965396,1082,,,,0.21585076724794885,0,0.0,-5,5,0.20091271667433655,0.03125,0.053422925157223675,0.09104704097116843,8,0,0.2296949409269576,0,0.2296949409269576,0,0.0891076875363999,0,1199,1115,5,4,114,996,1200,0,,,24.447653002425795,False,True
unbalanced_g8_d2_s1,1200,8,unbalanced,2,2026092711,10,20,2,hgp_first_coverage,0.07410331746269705,0.10307760951844755,0.10256466855364714,0.07410331746269705,4,0.6233333333333333,0.14904517526586028,452,,,,0.25478697941481,0,0.0,-4,4,0.21246998935187045,0.14427083333333335,0.13490751453738756,0.25051334702258726,8,0,0.3157655197796263,0,0.28662580429122664,0,0.27496863931523025,0,872,872,21,20,364,487,1200,0,3056.786557,1369.1002639970975,19.887239999661688,,
unbalanced_g8_d2_s1,1200,8,unbalanced,2,2026092711,10,20,2,hdbscan_common,-0.0024522334122012764,0.13117686739848036,0.006256388425514521,-0.0024522334122012764,3,0.09833333333333333,0.04275761856965396,1082,,,,0.21585076724794885,0,0.0,-5,5,0.20091271667433655,0.03125,0.053422925157223675,0.09104704097116843,8,0,0.2296949409269576,0,0.2296949409269576,0,0.0891076875363999,0,1199,1115,5,4,114,996,1200,0,,,24.053077002463397,False,True
unbalanced_g8_d2_s1,1200,8,unbalanced,2,2026092711,10,20,1,hdbscan_standard,-0.0026201263833573085,0.11885767026645445,0.006254616591158793,-0.0026201263833573085,3,0.1,0.042415861542343225,1080,,,,0.21585076724794885,0,0.0,-5,5,0.1984126984126984,0.03125,0.05329017487072198,0.09090909090909091,8,0,,,,,,,,,,,,,,,,,,,
unbalanced_g8_d2_s1,1200,8,unbalanced,2,2026092711,10,50,1,hgp_first_coverage,0.07110237423476182,0.07515601611367242,0.0991945020730133,0.07110237423476182,2,0.5725,0.11996371394222081,513,,,,0.25478697941481,0,0.0,-6,6,0.12604509884678747,0.11979166666666667,0.09607991440377804,0.24377318494965552,8,0,0.3157655197796263,0,0.25455494424642733,0,0.23379486067424768,0,872,872,9,8,431,432,1200,0,3056.786557,1369.1002639970975,20.010800999443745,,
unbalanced_g8_d2_s1,1200,8,unbalanced,2,2026092711,10,50,1,hdbscan_common,-0.0022055422344030135,0.11253413696710828,0.008098838405996699,-0.0022055422344030135,2,0.10083333333333333,0.03586516951894301,1079,,,,0.21585076724794885,0,0.0,-6,6,0.11175083240843507,0.028125,0.044828465050308054,0.0817562452687358,8,0,0.2296949409269576,0,0.2296949409269576,0,0.08727846181792097,0,1199,1115,3,2,156,956,1200,0,,,24.860612997144926,False,True
unbalanced_g8_d2_s1,1200,8,unbalanced,2,2026092711,10,50,2,hgp_first_coverage,0.07110237423476182,0.07515601611367242,0.0991945020730133,0.07110237423476182,2,0.5725,0.11996371394222081,513,,,,0.25478697941481,0,0.0,-6,6,0.12604509884678747,0.11979166666666667,0.09607991440377804,0.24377318494965552,8,0,0.3157655197796263,0,0.25455494424642733,0,0.23379486067424768,0,872,872,9,8,431,432,1200,0,3056.786557,1369.1002639970975,19.8614520013507,,
unbalanced_g8_d2_s1,1200,8,unbalanced,2,2026092711,10,50,2,hdbscan_common,-0.0022055422344030135,0.11253413696710828,0.008098838405996699,-0.0022055422344030135,2,0.10083333333333333,0.03586516951894301,1079,,,,0.21585076724794885,0,0.0,-6,6,0.11175083240843507,0.028125,0.044828465050308054,0.0817562452687358,8,0,0.2296949409269576,0,0.2296949409269576,0,0.08727846181792097,0,1199,1115,3,2,156,956,1200,0,,,23.884864000137895,False,True
unbalanced_g8_d2_s1,1200,8,unbalanced,2,2026092711,10,50,1,hdbscan_standard,-0.002344101535263877,0.10669306991314884,0.008016502304274382,-0.002344101535263877,2,0.10166666666666667,0.03520357691182195,1078,,,,0.21585076724794885,0,0.0,-6,6,0.11070261437908496,0.028125,0.044758812615955476,0.08169440242057488,8,0,,,,,,,,,,,,,,,,,,,
unbalanced_g8_d2_s1,1200,8,unbalanced,2,2026092711,10,100,1,hgp_first_coverage,0.01569527878152262,0.026880841001630695,0.04636973375014368,0.01569527878152262,2,0.2916666666666667,0.0788044865482158,850,,,,0.25478697941481,0,0.0,-6,6,0.08856469201296788,0.06197916666666667,0.0708054804911582,0.15354838709677418,4,4,0.3157655197796263,0,0.25080511471862976,0,0.14664163253255943,0,872,872,3,2,464,405,1200,0,3056.786557,1369.1002639970975,19.818402000964852,,
unbalanced_g8_d2_s1,1200,8,unbalanced,2,2026092711,10,100,1,hdbscan_common,0.0,,0.0,0.0,0,0.0,0.0,1200,,,,0.21585076724794885,0,0.0,-8,8,0.0,0.0,0.0,0.0,4,4,0.2296949409269576,0,0.2296949409269576,0,0.0,0,1199,1115,1,0,163,951,1200,0,,,24.051363998296438,True,True
unbalanced_g8_d2_s1,1200,8,unbalanced,2,2026092711,10,100,2,hgp_first_coverage,0.01569527878152262,0.026880841001630695,0.04636973375014368,0.01569527878152262,2,0.2916666666666667,0.0788044865482158,850,,,,0.25478697941481,0,0.0,-6,6,0.08856469201296788,0.06197916666666667,0.0708054804911582,0.15354838709677418,4,4,0.3157655197796263,0,0.25080511471862976,0,0.14664163253255943,0,872,872,3,2,464,405,1200,0,3056.786557,1369.1002639970975,22.002233999955934,,
unbalanced_g8_d2_s1,1200,8,unbalanced,2,2026092711,10,100,2,hdbscan_common,0.0,,0.0,0.0,0,0.0,0.0,1200,,,,0.21585076724794885,0,0.0,-8,8,0.0,0.0,0.0,0.0,4,4,0.2296949409269576,0,0.2296949409269576,0,0.0,0,1199,1115,1,0,163,951,1200,0,,,24.490181996952742,True,True
unbalanced_g8_d2_s1,1200,8,unbalanced,2,2026092711,10,100,1,hdbscan_standard,0.0,,0.0,0.0,0,0.0,0.0,1200,,,,0.21585076724794885,0,0.0,-8,8,0.0,0.0,0.0,0.0,4,4,,,,,,,,,,,,,,,,,,,
unbalanced_g8_d2_s2,1200,8,unbalanced,2,2026092712,5,10,1,hgp_first_coverage,0.014986526543531394,0.3005215059840586,0.07390454890200837,0.014986526543531394,23,0.41833333333333333,0.22337712870943538,698,,,,0.29782630046792075,0,0.0,15,15,0.5416765193459567,0.12343749999999999,0.19264214203294328,0.20799059929494712,8,0,0.3408620821398194,0,0.3309041018647812,0,0.3237797772245383,0,923,923,53,52,420,450,1200,0,683.635032,177.65700400195783,21.018579998781206,,
unbalanced_g8_d2_s2,1200,8,unbalanced,2,2026092712,5,10,1,hdbscan_common,0.027143233143650334,0.11097526664165004,0.08575675965361151,0.027143233143650334,3,0.4325,0.12749777324104375,681,,,,0.24711330053027655,0,0.0,-5,5,0.23211579445891548,0.11822916666666666,0.12530439384015432,0.2641070389761489,8,0,0.25847351722178297,0,0.2551661965231579,0,0.23118095682975523,0,1199,1025,19,18,171,835,1200,0,,,24.48597400143626,False,True
unbalanced_g8_d2_s2,1200,8,unbalanced,2,2026092712,5,10,2,hgp_first_coverage,-0.00035706643045265156,0.19241198032230597,0.04147978812537761,-0.00035706643045265156,25,0.40166666666666667,0.2163934950672539,718,,,,0.29782630046792075,0,0.0,17,17,0.547433740267112,0.10416666666666667,0.17197431979788141,0.16646848989298454,8,0,0.3408620821398194,0,0.3309041018647812,0,0.3237797772245383,0,923,923,53,52,420,450,1200,0,683.635032,177.65700400195783,20.761960997333517,,
unbalanced_g8_d2_s2,1200,8,unbalanced,2,2026092712,5,10,2,hdbscan_common,0.027143233143650334,0.11097526664165004,0.08575675965361151,0.027143233143650334,3,0.4325,0.12749777324104375,681,,,,0.24711330053027655,0,0.0,-5,5,0.23211579445891548,0.11822916666666666,0.12530439384015432,0.2641070389761489,8,0,0.25847351722178297,0,0.2551661965231579,0,0.23118095682975523,0,1199,1025,19,18,171,835,1200,0,,,24.526268996851286,False,True
unbalanced_g8_d2_s2,1200,8,unbalanced,2,2026092712,5,10,1,hdbscan_standard,0.02749535810326958,0.0012724006765706967,0.0578544809607301,0.02749535810326958,2,0.5666666666666667,0.058503271790432125,520,,,,0.24711330053027655,0,0.0,-6,6,0.1578358208955224,0.09687499999999999,0.058351648351648355,0.19787234042553192,8,0,,,,,,,,,,,,,,,,,,,
unbalanced_g8_d2_s2,1200,8,unbalanced,2,2026092712,5,20,1,hgp_first_coverage,0.09864638310045605,0.11774058888201726,0.1433164517779845,0.09864638310045605,2,0.6158333333333333,0.17825809074367305,461,,,,0.29782630046792075,0,0.0,-6,6,0.15093366778149386,0.15729166666666666,0.12970135628586332,0.3115007735946364,8,0,0.3408620821398194,0,0.2987846198720184,0,0.28347932898706457,0,923,923,15,14,502,406,1200,0,683.635032,177.65700400195783,20.480285998928593,,
unbalanced_g8_d2_s2,1200,8,unbalanced,2,2026092712,5,20,1,hdbscan_common,0.027143233143650334,0.11097526664165004,0.08575675965361151,0.027143233143650334,3,0.4325,0.12749777324104375,681,,,,0.24711330053027655,0,0.0,-5,5,0.23211579445891548,0.11822916666666666,0.12530439384015432,0.2641070389761489,8,0,0.25847351722178297,0,0.2551661965231579,0,0.23118095682975523,0,1199,1025,13,12,221,791,1200,0,,,24.059149000095204,False,True
unbalanced_g8_d2_s2,1200,8,unbalanced,2,2026092712,5,20,2,hgp_first_coverage,0.037070811258604064,0.3865702196917452,0.14603001019880932,0.037070811258604064,7,0.4375,0.2119879947862526,675,,,,0.29782630046792075,0,0.0,-1,1,0.3832803480546226,0.1734375,0.23374339985263468,0.37565217391304345,8,0,0.3408620821398194,0,0.2987846198720184,0,0.28347932898706457,0,923,923,15,14,502,406,1200,0,683.635032,177.65700400195783,20.25798100294196,,
unbalanced_g8_d2_s2,1200,8,unbalanced,2,2026092712,5,20,2,hdbscan_common,0.027143233143650334,0.11097526664165004,0.08575675965361151,0.027143233143650334,3,0.4325,0.12749777324104375,681,,,,0.24711330053027655,0,0.0,-5,5,0.23211579445891548,0.11822916666666666,0.12530439384015432,0.2641070389761489,8,0,0.25847351722178297,0,0.2551661965231579,0,0.23118095682975523,0,1199,1025,13,12,221,791,1200,0,,,23.89656499872217,False,True
unbalanced_g8_d2_s2,1200,8,unbalanced,2,2026092712,5,20,1,hdbscan_standard,0.029124538702156994,0.1151129846716245,0.08913664133587941,0.029124538702156994,3,0.43833333333333335,0.12935064992647832,674,,,,0.24711330053027655,0,0.0,-5,5,0.2313072630351491,0.12083333333333332,0.12768305348796954,0.2688296639629201,8,0,,,,,,,,,,,,,,,,,,,
unbalanced_g8_d2_s2,1200,8,unbalanced,2,2026092712,5,50,1,hgp_first_coverage,0.09864638310045605,0.11774058888201726,0.1433164517779845,0.09864638310045605,2,0.6158333333333333,0.17825809074367305,461,,,,0.29782630046792075,0,0.0,-6,6,0.15093366778149386,0.15729166666666666,0.12970135628586332,0.3115007735946364,8,0,0.3408620821398194,0,0.2987846198720184,0,0.28130909666165776,0,923,923,7,6,538,378,1200,0,683.635032,177.65700400195783,20.309117000579135,,
unbalanced_g8_d2_s2,1200,8,unbalanced,2,2026092712,5,50,1,hdbscan_common,0.03629697421045886,0.11638495019308265,0.0978746321197374,0.03629697421045886,2,0.4483333333333333,0.12887917516329989,662,,,,0.24711330053027655,0,0.0,-6,6,0.15669795678219942,0.1171875,0.11252632612265295,0.25891829689298046,8,0,0.25847351722178297,0,0.2551661965231579,0,0.22390248103451926,0,1199,1025,5,4,267,753,1200,0,,,23.757946997648105,False,True
unbalanced_g8_d2_s2,1200,8,unbalanced,2,2026092712,5,50,2,hgp_first_coverage,0.09864638310045605,0.11774058888201726,0.1433164517779845,0.09864638310045605,2,0.6158333333333333,0.17825809074367305,461,,,,0.29782630046792075,0,0.0,-6,6,0.15093366778149386,0.15729166666666666,0.12970135628586332,0.3115007735946364,8,0,0.3408620821398194,0,0.2987846198720184,0,0.28130909666165776,0,923,923,7,6,538,378,1200,0,683.635032,177.65700400195783,20.055272998433793,,
unbalanced_g8_d2_s2,1200,8,unbalanced,2,2026092712,5,50,2,hdbscan_common,0.03629697421045886,0.11638495019308265,0.0978746321197374,0.03629697421045886,2,0.4483333333333333,0.12887917516329989,662,,,,0.24711330053027655,0,0.0,-6,6,0.15669795678219942,0.1171875,0.11252632612265295,0.25891829689298046,8,0,0.25847351722178297,0,0.2551661965231579,0,0.22390248103451926,0,1199,1025,5,4,267,753,1200,0,,,23.723542999505298,False,True
unbalanced_g8_d2_s2,1200,8,unbalanced,2,2026092712,5,50,1,hdbscan_standard,0.03748517740973575,0.12009463115517398,0.10021069125538304,0.03748517740973575,2,0.4525,0.13001025614175643,657,,,,0.24711330053027655,0,0.0,-6,6,0.1557868269812462,0.11927083333333333,0.1146821944532321,0.2627653471026965,8,0,,,,,,,,,,,,,,,,,,,
unbalanced_g8_d2_s2,1200,8,unbalanced,2,2026092712,5,100,1,hgp_first_coverage,0.09864638310045605,0.11774058888201726,0.1433164517779845,0.09864638310045605,2,0.6158333333333333,0.17825809074367305,461,,,,0.29782630046792075,0,0.0,-6,6,0.15093366778149386,0.15729166666666666,0.12970135628586332,0.3115007735946364,4,4,0.3408620821398194,0,0.2987846198720184,0,0.28130909666165776,0,923,923,7,6,588,328,1200,0,683.635032,177.65700400195783,20.346677003544755,,
unbalanced_g8_d2_s2,1200,8,unbalanced,2,2026092712,5,100,1,hdbscan_common,0.0,,0.0,0.0,0,0.0,0.0,1200,,,,0.24711330053027655,0,0.0,-8,8,0.0,0.0,0.0,0.0,4,4,0.25847351722178297,0,0.23924941623734264,0,0.0,0,1199,1025,1,0,302,722,1200,0,,,23.36832100263564,True,True
unbalanced_g8_d2_s2,1200,8,unbalanced,2,2026092712,5,100,2,hgp_first_coverage,0.09864638310045605,0.11774058888201726,0.1433164517779845,0.09864638310045605,2,0.6158333333333333,0.17825809074367305,461,,,,0.29782630046792075,0,0.0,-6,6,0.15093366778149386,0.15729166666666666,0.12970135628586332,0.3115007735946364,4,4,0.3408620821398194,0,0.2987846198720184,0,0.28130909666165776,0,923,923,7,6,588,328,1200,0,683.635032,177.65700400195783,19.949576002545655,,
unbalanced_g8_d2_s2,1200,8,unbalanced,2,2026092712,5,100,2,hdbscan_common,0.0,,0.0,0.0,0,0.0,0.0,1200,,,,0.24711330053027655,0,0.0,-8,8,0.0,0.0,0.0,0.0,4,4,0.25847351722178297,0,0.23924941623734264,0,0.0,0,1199,1025,1,0,302,722,1200,0,,,24.038530002144398,True,True
unbalanced_g8_d2_s2,1200,8,unbalanced,2,2026092712,5,100,1,hdbscan_standard,0.0,,0.0,0.0,0,0.0,0.0,1200,,,,0.24711330053027655,0,0.0,-8,8,0.0,0.0,0.0,0.0,4,4,,,,,,,,,,,,,,,,,,,
unbalanced_g8_d2_s2,1200,8,unbalanced,2,2026092712,10,10,1,hgp_first_coverage,0.03376651257267617,0.36073539239092417,0.11853716677392342,0.03376651257267617,19,0.44916666666666666,0.22985316892206875,661,,,,0.30199157689625705,0,0.0,11,11,0.5560691572214318,0.15,0.21972474871955072,0.2794709603220242,8,0,0.32096070333607923,0,0.3092433806001444,0,0.3033145284215012,0,899,899,43,42,258,598,1200,0,3115.759297,1287.4913420018856,21.59536500039394,,
unbalanced_g8_d2_s2,1200,8,unbalanced,2,2026092712,10,10,1,hdbscan_common,0.02207790721699509,0.11012349302615529,0.08191166862372962,0.02207790721699509,2,0.37583333333333335,0.10727699770521583,749,,,,0.23023249862782,0,0.0,-6,6,0.15150916907958234,0.09166666666666667,0.09259730483369913,0.21320411871592973,8,0,0.2339651076947998,0,0.2339651076947998,0,0.20469914240020948,0,1199,1125,5,4,71,1049,1200,0,,,25.0351779977791,False,True
unbalanced_g8_d2_s2,1200,8,unbalanced,2,2026092712,10,10,2,hgp_first_coverage,-0.01426382382129145,0.1425551426873964,0.025010215523691773,-0.01426382382129145,22,0.3475,0.1824850877996079,783,,,,0.30199157689625705,0,0.0,14,14,0.566447097793847,0.07708333333333334,0.13389440094078167,0.12739641311069883,8,0,0.32096070333607923,0,0.3092433806001444,0,0.3033145284215012,0,899,899,43,42,258,598,1200,0,3115.759297,1287.4913420018856,21.326915000827285,,
unbalanced_g8_d2_s2,1200,8,unbalanced,2,2026092712,10,10,2,hdbscan_common,0.02207790721699509,0.11012349302615529,0.08191166862372962,0.02207790721699509,2,0.37583333333333335,0.10727699770521583,749,,,,0.23023249862782,0,0.0,-6,6,0.15150916907958234,0.09166666666666667,0.09259730483369913,0.21320411871592973,8,0,0.2339651076947998,0,0.2339651076947998,0,0.20469914240020948,0,1199,1125,5,4,71,1049,1200,0,,,27.066385999205522,False,True
unbalanced_g8_d2_s2,1200,8,unbalanced,2,2026092712,10,10,1,hdbscan_standard,0.02243288417738191,0.1100933620490772,0.08239204826132342,0.02243288417738191,2,0.37666666666666665,0.10765873117371505,748,,,,0.23023249862782,0,0.0,-6,6,0.15140906704008403,0.09166666666666667,0.09252006012745326,0.21307506053268765,8,0,,,,,,,,,,,,,,,,,,,
unbalanced_g8_d2_s2,1200,8,unbalanced,2,2026092712,10,20,1,hgp_first_coverage,0.10757842639650973,0.12374207521342821,0.1515164568685679,0.10757842639650973,2,0.6458333333333334,0.19918426994945349,425,,,,0.30199157689625705,0,0.0,-6,6,0.15395037425877323,0.16354166666666667,0.13556165156982594,0.3179746835443038,8,0,0.32096070333607923,0,0.29757923484899784,0,0.27722311472918304,0,899,899,15,14,356,528,1200,0,3115.759297,1287.4913420018856,20.591684002283728,,
unbalanced_g8_d2_s2,1200,8,unbalanced,2,2026092712,10,20,1,hdbscan_common,0.02207790721699509,0.11012349302615529,0.08191166862372962,0.02207790721699509,2,0.37583333333333335,0.10727699770521583,749,,,,0.23023249862782,0,0.0,-6,6,0.15150916907958234,0.09166666666666667,0.09259730483369913,0.21320411871592973,8,0,0.2339651076947998,0,0.2339651076947998,0,0.20469914240020948,0,1199,1125,5,4,93,1027,1200,0,,,24.691127000551205,False,True
unbalanced_g8_d2_s2,1200,8,unbalanced,2,2026092712,10,20,2,hgp_first_coverage,0.10757842639650973,0.12374207521342821,0.1515164568685679,0.10757842639650973,2,0.6458333333333334,0.19918426994945349,425,,,,0.30199157689625705,0,0.0,-6,6,0.15395037425877323,0.16354166666666667,0.13556165156982594,0.3179746835443038,8,0,0.32096070333607923,0,0.29757923484899784,0,0.27722311472918304,0,899,899,15,14,356,528,1200,0,3115.759297,1287.4913420018856,20.90326399775222,,
unbalanced_g8_d2_s2,1200,8,unbalanced,2,2026092712,10,20,2,hdbscan_common,0.02207790721699509,0.11012349302615529,0.08191166862372962,0.02207790721699509,2,0.37583333333333335,0.10727699770521583,749,,,,0.23023249862782,0,0.0,-6,6,0.15150916907958234,0.09166666666666667,0.09259730483369913,0.21320411871592973,8,0,0.2339651076947998,0,0.2339651076947998,0,0.20469914240020948,0,1199,1125,5,4,93,1027,1200,0,,,24.514628003089456,False,True
unbalanced_g8_d2_s2,1200,8,unbalanced,2,2026092712,10,20,1,hdbscan_standard,0.02243288417738191,0.1100933620490772,0.08239204826132342,0.02243288417738191,2,0.37666666666666665,0.10765873117371505,748,,,,0.23023249862782,0,0.0,-6,6,0.15140906704008403,0.09166666666666667,0.09252006012745326,0.21307506053268765,8,0,,,,,,,,,,,,,,,,,,,
unbalanced_g8_d2_s2,1200,8,unbalanced,2,2026092712,10,50,1,hgp_first_coverage,0.10757842639650973,0.12374207521342821,0.1515164568685679,0.10757842639650973,2,0.6458333333333334,0.19918426994945349,425,,,,0.30199157689625705,0,0.0,-6,6,0.15395037425877323,0.16354166666666667,0.13556165156982594,0.3179746835443038,8,0,0.32096070333607923,0,0.29757923484899784,0,0.2741143784222626,0,899,899,7,6,402,490,1200,0,3115.759297,1287.4913420018856,20.29229500112706,,
unbalanced_g8_d2_s2,1200,8,unbalanced,2,2026092712,10,50,1,hdbscan_common,0.02207790721699509,0.11012349302615529,0.08191166862372962,0.02207790721699509,2,0.37583333333333335,0.10727699770521583,749,,,,0.23023249862782,0,0.0,-6,6,0.15150916907958234,0.09166666666666667,0.09259730483369913,0.21320411871592973,8,0,0.2339651076947998,0,0.2339651076947998,0,0.20207303867545562,0,1199,1125,3,2,154,968,1200,0,,,24.286732001201017,False,True
unbalanced_g8_d2_s2,1200,8,unbalanced,2,2026092712,10,50,2,hgp_first_coverage,0.10757842639650973,0.12374207521342821,0.1515164568685679,0.10757842639650973,2,0.6458333333333334,0.19918426994945349,425,,,,0.30199157689625705,0,0.0,-6,6,0.15395037425877323,0.16354166666666667,0.13556165156982594,0.3179746835443038,8,0,0.32096070333607923,0,0.29757923484899784,0,0.2741143784222626,0,899,899,7,6,402,490,1200,0,3115.759297,1287.4913420018856,20.4563409970433,,
unbalanced_g8_d2_s2,1200,8,unbalanced,2,2026092712,10,50,2,hdbscan_common,0.02207790721699509,0.11012349302615529,0.08191166862372962,0.02207790721699509,2,0.37583333333333335,0.10727699770521583,749,,,,0.23023249862782,0,0.0,-6,6,0.15150916907958234,0.09166666666666667,0.09259730483369913,0.21320411871592973,8,0,0.2339651076947998,0,0.2339651076947998,0,0.20207303867545562,0,1199,1125,3,2,154,968,1200,0,,,27.701078997779405,False,True
unbalanced_g8_d2_s2,1200,8,unbalanced,2,2026092712,10,50,1,hdbscan_standard,0.02243288417738191,0.1100933620490772,0.08239204826132342,0.02243288417738191,2,0.37666666666666665,0.10765873117371505,748,,,,0.23023249862782,0,0.0,-6,6,0.15140906704008403,0.09166666666666667,0.09252006012745326,0.21307506053268765,8,0,,,,,,,,,,,,,,,,,,,
unbalanced_g8_d2_s2,1200,8,unbalanced,2,2026092712,10,100,1,hgp_first_coverage,0.10757842639650973,0.12374207521342821,0.1515164568685679,0.10757842639650973,2,0.6458333333333334,0.19918426994945349,425,,,,0.30199157689625705,0,0.0,-6,6,0.15395037425877323,0.16354166666666667,0.13556165156982594,0.3179746835443038,4,4,0.32096070333607923,0,0.29695565566233456,0,0.2734907992355993,0,899,899,5,4,467,427,1200,0,3115.759297,1287.4913420018856,22.395375999622047,,
unbalanced_g8_d2_s2,1200,8,unbalanced,2,2026092712,10,100,1,hdbscan_common,0.0,,0.0,0.0,0,0.0,0.0,1200,,,,0.23023249862782,0,0.0,-8,8,0.0,0.0,0.0,0.0,4,4,0.2339651076947998,0,0.23347469633482323,0,0.0,0,1199,1125,1,0,184,940,1200,0,,,25.10935700047412,True,True
unbalanced_g8_d2_s2,1200,8,unbalanced,2,2026092712,10,100,2,hgp_first_coverage,0.10757842639650973,0.12374207521342821,0.1515164568685679,0.10757842639650973,2,0.6458333333333334,0.19918426994945349,425,,,,0.30199157689625705,0,0.0,-6,6,0.15395037425877323,0.16354166666666667,0.13556165156982594,0.3179746835443038,4,4,0.32096070333607923,0,0.29695565566233456,0,0.2734907992355993,0,899,899,5,4,467,427,1200,0,3115.759297,1287.4913420018856,21.681024998542853,,
unbalanced_g8_d2_s2,1200,8,unbalanced,2,2026092712,10,100,2,hdbscan_common,0.0,,0.0,0.0,0,0.0,0.0,1200,,,,0.23023249862782,0,0.0,-8,8,0.0,0.0,0.0,0.0,4,4,0.2339651076947998,0,0.23347469633482323,0,0.0,0,1199,1125,1,0,184,940,1200,0,,,37.42473899910692,True,True
unbalanced_g8_d2_s2,1200,8,unbalanced,2,2026092712,10,100,1,hdbscan_standard,0.0,,0.0,0.0,0,0.0,0.0,1200,,,,0.23023249862782,0,0.0,-8,8,0.0,0.0,0.0,0.0,4,4,,,,,,,,,,,,,,,,,,,
