scene,family,intrinsic_dimension,n,groups,level,separation,noise_fraction,seed,replicate,points,noise_points,digest,method,parameter,ari,ami,coverage,clusters,noise,seconds
anisotropic_n2000_g8_easy_noise0,anisotropic,3,2000,8,easy,8.2,0.0,2026092800,0,2000,0,03235ae1ec5c18a205fa5e6e33f699bb276e8a232b0876d063121da0daf94fff,hdbscan_default,20,0.9801725264857047,0.9760839191504368,0.984,8,32,1.3901318500002162
anisotropic_n2000_g8_easy_noise0,anisotropic,3,2000,8,easy,8.2,0.0,2026092800,0,2000,0,03235ae1ec5c18a205fa5e6e33f699bb276e8a232b0876d063121da0daf94fff,hdbscan_oracle,10,0.9868040597268999,0.9838693032783217,0.9895,8,21,0.29920240499996
anisotropic_n2000_g8_easy_noise0,anisotropic,3,2000,8,easy,8.2,0.0,2026092800,0,2000,0,03235ae1ec5c18a205fa5e6e33f699bb276e8a232b0876d063121da0daf94fff,single_linkage,8,0.6738315717480076,0.8878514144329215,1.0,8,0,0.04608162899967283
anisotropic_n2000_g8_easy_noise0,anisotropic,3,2000,8,easy,8.2,0.0,2026092801,1,2000,0,ef7ebcdb229c5a99e708004bdca12a4b5577432bfe16f86b5932ec2166a2586b,hdbscan_default,20,0.9723765377996125,0.9684234831046561,0.9775,8,45,0.03447424699970725
anisotropic_n2000_g8_easy_noise0,anisotropic,3,2000,8,easy,8.2,0.0,2026092801,1,2000,0,ef7ebcdb229c5a99e708004bdca12a4b5577432bfe16f86b5932ec2166a2586b,hdbscan_oracle,10,0.9803008924453049,0.9759030240215762,0.985,8,30,0.32382914000027085
anisotropic_n2000_g8_easy_noise0,anisotropic,3,2000,8,easy,8.2,0.0,2026092801,1,2000,0,ef7ebcdb229c5a99e708004bdca12a4b5577432bfe16f86b5932ec2166a2586b,single_linkage,8,0.7633551804575932,0.9071087680353933,1.0,8,0,0.024116685000080906
anisotropic_n2000_g8_easy_noise0,anisotropic,3,2000,8,easy,8.2,0.0,2026092802,2,2000,0,2a8f5bff2cb4c2a2d66b5f2a656df2532ff63d8747ba879fedca3c8c044f4936,hdbscan_default,20,0.9662511462672937,0.9609257827995054,0.974,8,52,0.03988464099984412
anisotropic_n2000_g8_easy_noise0,anisotropic,3,2000,8,easy,8.2,0.0,2026092802,2,2000,0,2a8f5bff2cb4c2a2d66b5f2a656df2532ff63d8747ba879fedca3c8c044f4936,hdbscan_oracle,5,0.9787633333472836,0.9727883296768493,0.984,8,32,0.32957725300002494
anisotropic_n2000_g8_easy_noise0,anisotropic,3,2000,8,easy,8.2,0.0,2026092802,2,2000,0,2a8f5bff2cb4c2a2d66b5f2a656df2532ff63d8747ba879fedca3c8c044f4936,single_linkage,8,0.4762973315207298,0.7489933330871045,1.0,8,0,0.02485281700046471
anisotropic_n2000_g8_easy_noise0,anisotropic,3,2000,8,easy,8.2,0.0,2026092803,3,2000,0,b68cc15643309ac7b7c45b0209df7ac9d26bbac384d2278f4214d0e8da8e0f1f,hdbscan_default,20,0.8974324279117277,0.9152676834789586,0.92,8,160,0.031038213999636355
anisotropic_n2000_g8_easy_noise0,anisotropic,3,2000,8,easy,8.2,0.0,2026092803,3,2000,0,b68cc15643309ac7b7c45b0209df7ac9d26bbac384d2278f4214d0e8da8e0f1f,hdbscan_oracle,15,0.9021111213794505,0.9211348056163898,0.9205,8,159,0.2936641750002309
anisotropic_n2000_g8_easy_noise0,anisotropic,3,2000,8,easy,8.2,0.0,2026092803,3,2000,0,b68cc15643309ac7b7c45b0209df7ac9d26bbac384d2278f4214d0e8da8e0f1f,single_linkage,8,0.5981605834678873,0.8331770655395238,1.0,8,0,0.02189176799947745
anisotropic_n2000_g8_easy_noise0,anisotropic,3,2000,8,easy,8.2,0.0,2026092804,4,2000,0,1770ae282a6b6c5d6d28a82648c24ae87b4849e4a6573640068a39c456a74293,hdbscan_default,20,0.9930703148188529,0.9902745770085368,0.994,8,12,0.033477109000159544
anisotropic_n2000_g8_easy_noise0,anisotropic,3,2000,8,easy,8.2,0.0,2026092804,4,2000,0,1770ae282a6b6c5d6d28a82648c24ae87b4849e4a6573640068a39c456a74293,hdbscan_oracle,5,0.9988544399490977,0.9982565996173886,0.999,8,2,0.30211019500075054
anisotropic_n2000_g8_easy_noise0,anisotropic,3,2000,8,easy,8.2,0.0,2026092804,4,2000,0,1770ae282a6b6c5d6d28a82648c24ae87b4849e4a6573640068a39c456a74293,single_linkage,8,1.0,1.0,1.0,8,0,0.02328188899991801
anisotropic_n2000_g8_extreme_noise0,anisotropic,3,2000,8,extreme,3.8,0.0,2026092800,0,2000,0,00c0cb98adca3b579c1c953b948e2c34ea81c874c9853116c6badd876ce1e673,hdbscan_default,20,0.24462798561917756,0.5530647815496349,0.582,7,836,0.03248615299980884
anisotropic_n2000_g8_extreme_noise0,anisotropic,3,2000,8,extreme,3.8,0.0,2026092800,0,2000,0,00c0cb98adca3b579c1c953b948e2c34ea81c874c9853116c6badd876ce1e673,hdbscan_oracle,10,0.325384961871927,0.5999153001228822,0.6485,7,703,0.30169341799955873
anisotropic_n2000_g8_extreme_noise0,anisotropic,3,2000,8,extreme,3.8,0.0,2026092800,0,2000,0,00c0cb98adca3b579c1c953b948e2c34ea81c874c9853116c6badd876ce1e673,single_linkage,8,-1.855343353325132e-06,0.0005737735361805062,1.0,8,0,0.026847283000279276
anisotropic_n2000_g8_extreme_noise0,anisotropic,3,2000,8,extreme,3.8,0.0,2026092801,1,2000,0,e4db0cbaf5b5d207e8ced909fbfea6ad85d3be11c735d0ad9027d4898a38f392,hdbscan_default,20,0.22560215632036784,0.4148303180680606,0.687,3,626,0.04685340099968016
anisotropic_n2000_g8_extreme_noise0,anisotropic,3,2000,8,extreme,3.8,0.0,2026092801,1,2000,0,e4db0cbaf5b5d207e8ced909fbfea6ad85d3be11c735d0ad9027d4898a38f392,hdbscan_oracle,10,0.2797121599240733,0.49273725068686763,0.774,4,452,0.3236386559992752
anisotropic_n2000_g8_extreme_noise0,anisotropic,3,2000,8,extreme,3.8,0.0,2026092801,1,2000,0,e4db0cbaf5b5d207e8ced909fbfea6ad85d3be11c735d0ad9027d4898a38f392,single_linkage,8,3.7622765008733768e-06,0.0011584970018532021,1.0,8,0,0.027202967000448552
anisotropic_n2000_g8_extreme_noise0,anisotropic,3,2000,8,extreme,3.8,0.0,2026092802,2,2000,0,6185d418fa8f3a76b7a5aef375aab1417b26c4c373bd3f9128bd6c64d3f597e5,hdbscan_default,20,0.12990115841916575,0.31914176696398644,0.6165,3,767,0.043768538999756856
anisotropic_n2000_g8_extreme_noise0,anisotropic,3,2000,8,extreme,3.8,0.0,2026092802,2,2000,0,6185d418fa8f3a76b7a5aef375aab1417b26c4c373bd3f9128bd6c64d3f597e5,hdbscan_oracle,5,0.20430660338712744,0.39998310217325544,0.776,8,448,0.3375389470002119
anisotropic_n2000_g8_extreme_noise0,anisotropic,3,2000,8,extreme,3.8,0.0,2026092802,2,2000,0,6185d418fa8f3a76b7a5aef375aab1417b26c4c373bd3f9128bd6c64d3f597e5,single_linkage,8,-1.8577749458002211e-06,-3.101704153388136e-06,1.0,8,0,0.020582809000188718
anisotropic_n2000_g8_extreme_noise0,anisotropic,3,2000,8,extreme,3.8,0.0,2026092803,3,2000,0,d70901de61ddc7150857df01bd2513baedb595cf573e1a2397bf6cd7fcb3d653,hdbscan_default,20,0.15755590115396473,0.43109752666879725,0.5415,5,917,0.03206077000049845
anisotropic_n2000_g8_extreme_noise0,anisotropic,3,2000,8,extreme,3.8,0.0,2026092803,3,2000,0,d70901de61ddc7150857df01bd2513baedb595cf573e1a2397bf6cd7fcb3d653,hdbscan_oracle,10,0.20835808451878485,0.46569025543054277,0.605,5,790,0.3099759940005242
anisotropic_n2000_g8_extreme_noise0,anisotropic,3,2000,8,extreme,3.8,0.0,2026092803,3,2000,0,d70901de61ddc7150857df01bd2513baedb595cf573e1a2397bf6cd7fcb3d653,single_linkage,8,4.417248168342322e-07,7.400421445004015e-07,1.0,8,0,0.021276440999827173
anisotropic_n2000_g8_extreme_noise0,anisotropic,3,2000,8,extreme,3.8,0.0,2026092804,4,2000,0,84683c917ba45a416cea931bf1b84d442bed0208ad156a79057dc1fa41af9b66,hdbscan_default,20,0.21623929295775238,0.5088932033677176,0.584,6,832,0.032159073000002536
anisotropic_n2000_g8_extreme_noise0,anisotropic,3,2000,8,extreme,3.8,0.0,2026092804,4,2000,0,84683c917ba45a416cea931bf1b84d442bed0208ad156a79057dc1fa41af9b66,hdbscan_oracle,5,0.4137451374582212,0.6355633856618367,0.715,13,570,0.3187867530004951
anisotropic_n2000_g8_extreme_noise0,anisotropic,3,2000,8,extreme,3.8,0.0,2026092804,4,2000,0,84683c917ba45a416cea931bf1b84d442bed0208ad156a79057dc1fa41af9b66,single_linkage,8,8.501306435589682e-06,0.0005910816034355869,1.0,8,0,0.029972808999445988
anisotropic_n2000_g8_hard_noise0,anisotropic,3,2000,8,hard,4.6,0.0,2026092800,0,2000,0,daec5333f2672eae99d8f8151ce4de3b1e28a37443e4401ef1a13da13c753aa5,hdbscan_default,20,0.5428202649561509,0.718215213340851,0.7775,7,445,0.03900053600045794
anisotropic_n2000_g8_hard_noise0,anisotropic,3,2000,8,hard,4.6,0.0,2026092800,0,2000,0,daec5333f2672eae99d8f8151ce4de3b1e28a37443e4401ef1a13da13c753aa5,hdbscan_oracle,5,0.6743409517076329,0.7786165605661242,0.861,10,278,0.30829074299981585
anisotropic_n2000_g8_hard_noise0,anisotropic,3,2000,8,hard,4.6,0.0,2026092800,0,2000,0,daec5333f2672eae99d8f8151ce4de3b1e28a37443e4401ef1a13da13c753aa5,single_linkage,8,-7.046044878901525e-07,0.0005756880423693078,1.0,8,0,0.020802437999918766
anisotropic_n2000_g8_hard_noise0,anisotropic,3,2000,8,hard,4.6,0.0,2026092801,1,2000,0,150c23f2daeeb4932cb42072bec55e1c12723864ff0f4a99172747f59aaa749d,hdbscan_default,20,0.42740262864932954,0.6583883301177991,0.7085,7,583,0.03259556699958921
anisotropic_n2000_g8_hard_noise0,anisotropic,3,2000,8,hard,4.6,0.0,2026092801,1,2000,0,150c23f2daeeb4932cb42072bec55e1c12723864ff0f4a99172747f59aaa749d,hdbscan_oracle,5,0.5570961105827433,0.7008163680970094,0.7945,17,411,0.30328363199987507
anisotropic_n2000_g8_hard_noise0,anisotropic,3,2000,8,hard,4.6,0.0,2026092801,1,2000,0,150c23f2daeeb4932cb42072bec55e1c12723864ff0f4a99172747f59aaa749d,single_linkage,8,4.914005555275502e-06,0.0011604090127895702,1.0,8,0,0.021162660000300093
anisotropic_n2000_g8_hard_noise0,anisotropic,3,2000,8,hard,4.6,0.0,2026092802,2,2000,0,3665d2ca6f4c92999ddacf6331962fa57bde7b65a5e7aa3229d6772859a8b93d,hdbscan_default,20,0.07132055159374831,0.24298531105202753,0.8995,2,201,0.0326098629993794
anisotropic_n2000_g8_hard_noise0,anisotropic,3,2000,8,hard,4.6,0.0,2026092802,2,2000,0,3665d2ca6f4c92999ddacf6331962fa57bde7b65a5e7aa3229d6772859a8b93d,hdbscan_oracle,5,0.07699085127674077,0.2886095355912872,0.9755,2,49,0.29863881500023126
anisotropic_n2000_g8_hard_noise0,anisotropic,3,2000,8,hard,4.6,0.0,2026092802,2,2000,0,3665d2ca6f4c92999ddacf6331962fa57bde7b65a5e7aa3229d6772859a8b93d,single_linkage,8,-1.8577749458002211e-06,-3.101704153388136e-06,1.0,8,0,0.020948370000041905
anisotropic_n2000_g8_hard_noise0,anisotropic,3,2000,8,hard,4.6,0.0,2026092803,3,2000,0,362e211bd0951bc27a87617082c0478783273cd918529e20f405c6ced0986d93,hdbscan_default,20,0.39980641106009274,0.6011306183121021,0.775,5,450,0.03157726900008129
anisotropic_n2000_g8_hard_noise0,anisotropic,3,2000,8,hard,4.6,0.0,2026092803,3,2000,0,362e211bd0951bc27a87617082c0478783273cd918529e20f405c6ced0986d93,hdbscan_oracle,15,0.4209371720181452,0.6123389487295031,0.7935,5,413,0.3027390869992814
anisotropic_n2000_g8_hard_noise0,anisotropic,3,2000,8,hard,4.6,0.0,2026092803,3,2000,0,362e211bd0951bc27a87617082c0478783273cd918529e20f405c6ced0986d93,single_linkage,8,1.5914746981514589e-06,2.6570503366890327e-06,1.0,8,0,0.021349677999751293
anisotropic_n2000_g8_hard_noise0,anisotropic,3,2000,8,hard,4.6,0.0,2026092804,4,2000,0,945cdf4e22e895f515b145fe26da08881a6e4030e83dc81c8c788fda3fcc0999,hdbscan_default,20,0.47142771746918916,0.7044809514428674,0.711,8,578,0.032054878999588254
anisotropic_n2000_g8_hard_noise0,anisotropic,3,2000,8,hard,4.6,0.0,2026092804,4,2000,0,945cdf4e22e895f515b145fe26da08881a6e4030e83dc81c8c788fda3fcc0999,hdbscan_oracle,5,0.6700856562333949,0.7787195952933812,0.8645,9,271,0.3082466510004451
anisotropic_n2000_g8_hard_noise0,anisotropic,3,2000,8,hard,4.6,0.0,2026092804,4,2000,0,945cdf4e22e895f515b145fe26da08881a6e4030e83dc81c8c788fda3fcc0999,single_linkage,8,9.102393411377528e-06,0.001255302199310959,1.0,8,0,0.02050675800001045
anisotropic_n2000_g8_medium_noise0,anisotropic,3,2000,8,medium,5.6,0.0,2026092800,0,2000,0,4f883f2eb137845506cff89e7d722ade2274920105036672992cd4d845b4626e,hdbscan_default,20,0.7707086481766456,0.8477001769283744,0.917,7,166,0.0317298629997822
anisotropic_n2000_g8_medium_noise0,anisotropic,3,2000,8,medium,5.6,0.0,2026092800,0,2000,0,4f883f2eb137845506cff89e7d722ade2274920105036672992cd4d845b4626e,hdbscan_oracle,5,0.8114879561124501,0.8800264963078314,0.952,8,96,0.3015464729996893
anisotropic_n2000_g8_medium_noise0,anisotropic,3,2000,8,medium,5.6,0.0,2026092800,0,2000,0,4f883f2eb137845506cff89e7d722ade2274920105036672992cd4d845b4626e,single_linkage,8,0.07648611299773735,0.3012253168054678,1.0,8,0,0.020588550000866235
anisotropic_n2000_g8_medium_noise0,anisotropic,3,2000,8,medium,5.6,0.0,2026092801,1,2000,0,e175ab1995938e3e23b98d883710d54552ce81df08a7d6ae7c4cd9d9e6789991,hdbscan_default,20,0.7021590810700087,0.8103932432448465,0.878,7,244,0.03189662400018278
anisotropic_n2000_g8_medium_noise0,anisotropic,3,2000,8,medium,5.6,0.0,2026092801,1,2000,0,e175ab1995938e3e23b98d883710d54552ce81df08a7d6ae7c4cd9d9e6789991,hdbscan_oracle,5,0.7630742978659999,0.8521903447256817,0.925,11,150,0.2967123349999383
anisotropic_n2000_g8_medium_noise0,anisotropic,3,2000,8,medium,5.6,0.0,2026092801,1,2000,0,e175ab1995938e3e23b98d883710d54552ce81df08a7d6ae7c4cd9d9e6789991,single_linkage,8,0.1566998101606104,0.41913871276600445,1.0,8,0,0.020755511000061233
anisotropic_n2000_g8_medium_noise0,anisotropic,3,2000,8,medium,5.6,0.0,2026092802,2,2000,0,1121648a8ffd667fdddd01d8df408f8c6e8c9d046185aa157485dcb01837adcb,hdbscan_default,20,0.6375471165032343,0.7789133508198682,0.7895,8,421,0.03611313199962751
anisotropic_n2000_g8_medium_noise0,anisotropic,3,2000,8,medium,5.6,0.0,2026092802,2,2000,0,1121648a8ffd667fdddd01d8df408f8c6e8c9d046185aa157485dcb01837adcb,hdbscan_oracle,10,0.7065537685423556,0.8093596894493926,0.824,8,352,0.2956455069997901
anisotropic_n2000_g8_medium_noise0,anisotropic,3,2000,8,medium,5.6,0.0,2026092802,2,2000,0,1121648a8ffd667fdddd01d8df408f8c6e8c9d046185aa157485dcb01837adcb,single_linkage,8,0.07651134623284492,0.30319701060724646,1.0,8,0,0.021134265999535273
anisotropic_n2000_g8_medium_noise0,anisotropic,3,2000,8,medium,5.6,0.0,2026092803,3,2000,0,86c87442cb75de3d45bc5ee5613b03444534df87b1c8dd2f57b1f397de936a4c,hdbscan_default,20,0.5183975595670456,0.7045206714896327,0.8365,6,327,0.031382907000079285
anisotropic_n2000_g8_medium_noise0,anisotropic,3,2000,8,medium,5.6,0.0,2026092803,3,2000,0,86c87442cb75de3d45bc5ee5613b03444534df87b1c8dd2f57b1f397de936a4c,hdbscan_oracle,5,0.6117552847118898,0.7959033776556632,0.9335,6,133,0.2946487489998617
anisotropic_n2000_g8_medium_noise0,anisotropic,3,2000,8,medium,5.6,0.0,2026092803,3,2000,0,86c87442cb75de3d45bc5ee5613b03444534df87b1c8dd2f57b1f397de936a4c,single_linkage,8,1.5914746981514589e-06,2.6570503366890327e-06,1.0,8,0,0.020895641999231884
anisotropic_n2000_g8_medium_noise0,anisotropic,3,2000,8,medium,5.6,0.0,2026092804,4,2000,0,ad39cd1b7d3ceca08bc3954304f5c54f1f0269ba2b2f74a7f88ede5316594ebc,hdbscan_default,20,0.8353654142872435,0.8693206100190852,0.8905,8,219,0.031925608000165084
anisotropic_n2000_g8_medium_noise0,anisotropic,3,2000,8,medium,5.6,0.0,2026092804,4,2000,0,ad39cd1b7d3ceca08bc3954304f5c54f1f0269ba2b2f74a7f88ede5316594ebc,hdbscan_oracle,5,0.8934323890048744,0.8984981555710437,0.9305,11,139,0.3244230370000878
anisotropic_n2000_g8_medium_noise0,anisotropic,3,2000,8,medium,5.6,0.0,2026092804,4,2000,0,ad39cd1b7d3ceca08bc3954304f5c54f1f0269ba2b2f74a7f88ede5316594ebc,single_linkage,8,4.417248168342322e-07,7.400421445004015e-07,1.0,8,0,0.022977522000473982
bridge_n2000_g8_easy_noise0,bridge,3,2000,8,easy,7.0,0.0,2026092800,0,2000,40,01ff5dfd57771c94cda850654991c9941d1f713dd28a40d868ecdf9730492ac0,hdbscan_default,20,0.9712757943156438,0.9562427182097467,0.984,8,32,0.03225676499914698
bridge_n2000_g8_easy_noise0,bridge,3,2000,8,easy,7.0,0.0,2026092800,0,2000,40,01ff5dfd57771c94cda850654991c9941d1f713dd28a40d868ecdf9730492ac0,hdbscan_oracle,5,0.9759526315418053,0.9642353493746759,0.9935,8,13,0.3081501299993761
bridge_n2000_g8_easy_noise0,bridge,3,2000,8,easy,7.0,0.0,2026092800,0,2000,40,01ff5dfd57771c94cda850654991c9941d1f713dd28a40d868ecdf9730492ac0,single_linkage,8,0.29774976849990226,0.6539208799552825,1.0,8,0,0.020618335000108345
bridge_n2000_g8_easy_noise0,bridge,3,2000,8,easy,7.0,0.0,2026092801,1,2000,40,5094ceb2b16361301a0fc84c2ab7235de3fcf1e557a7aa4ce0dbf2e17f474b2a,hdbscan_default,20,0.9638718188627003,0.9493756869363716,0.971,8,58,0.03245107700058725
bridge_n2000_g8_easy_noise0,bridge,3,2000,8,easy,7.0,0.0,2026092801,1,2000,40,5094ceb2b16361301a0fc84c2ab7235de3fcf1e557a7aa4ce0dbf2e17f474b2a,hdbscan_oracle,10,0.9711388773064361,0.9569613520795535,0.982,8,36,0.29906316500000685
bridge_n2000_g8_easy_noise0,bridge,3,2000,8,easy,7.0,0.0,2026092801,1,2000,40,5094ceb2b16361301a0fc84c2ab7235de3fcf1e557a7aa4ce0dbf2e17f474b2a,single_linkage,8,0.2956169383573131,0.6527286349126581,1.0,8,0,0.020826752999710152
bridge_n2000_g8_easy_noise0,bridge,3,2000,8,easy,7.0,0.0,2026092802,2,2000,40,f67ebf67449c99b1e8379fbdca769a4fe9a30e12e3df9a03dc1c8425f5f7bfd5,hdbscan_default,20,0.9596534885778096,0.946024164679187,0.973,8,54,0.03248828600044362
bridge_n2000_g8_easy_noise0,bridge,3,2000,8,easy,7.0,0.0,2026092802,2,2000,40,f67ebf67449c99b1e8379fbdca769a4fe9a30e12e3df9a03dc1c8425f5f7bfd5,hdbscan_oracle,10,0.9651659081765968,0.9521780393001857,0.9835,8,33,0.31140991500069504
bridge_n2000_g8_easy_noise0,bridge,3,2000,8,easy,7.0,0.0,2026092802,2,2000,40,f67ebf67449c99b1e8379fbdca769a4fe9a30e12e3df9a03dc1c8425f5f7bfd5,single_linkage,8,0.7375126610893623,0.8788112190829751,1.0,8,0,0.028748585999892384
bridge_n2000_g8_easy_noise0,bridge,3,2000,8,easy,7.0,0.0,2026092803,3,2000,40,594c6d53f53b5a3aaf4e0bb5f066f2bc17f2af9abf9d31f16e424cb0122aa0e4,hdbscan_default,20,0.9574048690408788,0.9419234725913194,0.9655,8,69,0.034105028999874776
bridge_n2000_g8_easy_noise0,bridge,3,2000,8,easy,7.0,0.0,2026092803,3,2000,40,594c6d53f53b5a3aaf4e0bb5f066f2bc17f2af9abf9d31f16e424cb0122aa0e4,hdbscan_oracle,10,0.9728650795107835,0.9583252686169624,0.9815,8,37,0.3186755870001434
bridge_n2000_g8_easy_noise0,bridge,3,2000,8,easy,7.0,0.0,2026092803,3,2000,40,594c6d53f53b5a3aaf4e0bb5f066f2bc17f2af9abf9d31f16e424cb0122aa0e4,single_linkage,8,0.45738254490146546,0.7250927592552839,1.0,8,0,0.02471636199970817
bridge_n2000_g8_easy_noise0,bridge,3,2000,8,easy,7.0,0.0,2026092804,4,2000,40,b8cbe4ceba98cd34be18ed2f40fc34094dfe7cdad1c836876c67d27d0eecff47,hdbscan_default,20,0.9457359434512936,0.9320808457165279,0.9605,8,79,0.03223916200022359
bridge_n2000_g8_easy_noise0,bridge,3,2000,8,easy,7.0,0.0,2026092804,4,2000,40,b8cbe4ceba98cd34be18ed2f40fc34094dfe7cdad1c836876c67d27d0eecff47,hdbscan_oracle,10,0.966162851786213,0.95092149657433,0.9755,8,49,0.29329244200016547
bridge_n2000_g8_easy_noise0,bridge,3,2000,8,easy,7.0,0.0,2026092804,4,2000,40,b8cbe4ceba98cd34be18ed2f40fc34094dfe7cdad1c836876c67d27d0eecff47,single_linkage,8,0.41408372312047215,0.7139744784283207,1.0,8,0,0.022558321000360593
bridge_n2000_g8_extreme_noise0,bridge,3,2000,8,extreme,3.9,0.0,2026092800,0,2000,40,7f311d08c38f965b37244f77c7db6aef8c3220277a80f6bc58898b9583cc0847,hdbscan_default,20,0.13647998948408288,0.34615862792729307,0.7755,3,449,0.03580230199986545
bridge_n2000_g8_extreme_noise0,bridge,3,2000,8,extreme,3.9,0.0,2026092800,0,2000,40,7f311d08c38f965b37244f77c7db6aef8c3220277a80f6bc58898b9583cc0847,hdbscan_oracle,10,0.14721734225007846,0.3815468846876024,0.854,3,292,0.30189947100006975
bridge_n2000_g8_extreme_noise0,bridge,3,2000,8,extreme,3.9,0.0,2026092800,0,2000,40,7f311d08c38f965b37244f77c7db6aef8c3220277a80f6bc58898b9583cc0847,single_linkage,8,-3.227967712949132e-05,-0.00011781078917565083,1.0,8,0,0.020051739000336966
bridge_n2000_g8_extreme_noise0,bridge,3,2000,8,extreme,3.9,0.0,2026092801,1,2000,40,7708dd00ac7d5ab9cad900279eee7b7edafb45fd67900b32039622fb6bc4c369,hdbscan_default,20,0.1342493011007078,0.3560721800459479,0.818,3,364,0.03225656499944307
bridge_n2000_g8_extreme_noise0,bridge,3,2000,8,extreme,3.9,0.0,2026092801,1,2000,40,7708dd00ac7d5ab9cad900279eee7b7edafb45fd67900b32039622fb6bc4c369,hdbscan_oracle,5,0.1429302369102395,0.37680094012567084,0.8415,4,317,0.3248553829998855
bridge_n2000_g8_extreme_noise0,bridge,3,2000,8,extreme,3.9,0.0,2026092801,1,2000,40,7708dd00ac7d5ab9cad900279eee7b7edafb45fd67900b32039622fb6bc4c369,single_linkage,8,-3.5039984384569465e-05,0.0011574216090736902,1.0,8,0,0.020790565999959654
bridge_n2000_g8_extreme_noise0,bridge,3,2000,8,extreme,3.9,0.0,2026092802,2,2000,40,96512506a55fbed9be9b8954bced3dd4dc4dd18bea403fd8b97d20f525e78ff8,hdbscan_default,20,0.14137041980595014,0.36749207322429306,0.847,3,306,0.03424891799932084
bridge_n2000_g8_extreme_noise0,bridge,3,2000,8,extreme,3.9,0.0,2026092802,2,2000,40,96512506a55fbed9be9b8954bced3dd4dc4dd18bea403fd8b97d20f525e78ff8,hdbscan_oracle,5,0.1542178583232164,0.39629772889581716,0.882,3,236,0.3263729919999605
bridge_n2000_g8_extreme_noise0,bridge,3,2000,8,extreme,3.9,0.0,2026092802,2,2000,40,96512506a55fbed9be9b8954bced3dd4dc4dd18bea403fd8b97d20f525e78ff8,single_linkage,8,-3.342352676807753e-05,-0.00011972394252387394,1.0,8,0,0.03297918099997332
bridge_n2000_g8_extreme_noise0,bridge,3,2000,8,extreme,3.9,0.0,2026092803,3,2000,40,1ebff16816ca2023cc0e85c2eabf1c8a06e54bbe6ef75053fca295a8ea16c46c,hdbscan_default,20,0.12832964913072253,0.33921016740762855,0.803,3,394,0.048399780000181636
bridge_n2000_g8_extreme_noise0,bridge,3,2000,8,extreme,3.9,0.0,2026092803,3,2000,40,1ebff16816ca2023cc0e85c2eabf1c8a06e54bbe6ef75053fca295a8ea16c46c,hdbscan_oracle,5,0.13978200713489358,0.36124413620711543,0.819,4,362,0.34403355400081637
bridge_n2000_g8_extreme_noise0,bridge,3,2000,8,extreme,3.9,0.0,2026092803,3,2000,40,1ebff16816ca2023cc0e85c2eabf1c8a06e54bbe6ef75053fca295a8ea16c46c,single_linkage,8,-3.695577941384571e-05,0.00043020101456405017,1.0,8,0,0.019984143000328913
bridge_n2000_g8_extreme_noise0,bridge,3,2000,8,extreme,3.9,0.0,2026092804,4,2000,40,da636dd104b483147dd6ab73bf506efc92df0b1b1dece5d508edf08f16971715,hdbscan_default,20,0.14945869550971075,0.3842144677531894,0.8545,3,291,0.03291936999994505
bridge_n2000_g8_extreme_noise0,bridge,3,2000,8,extreme,3.9,0.0,2026092804,4,2000,40,da636dd104b483147dd6ab73bf506efc92df0b1b1dece5d508edf08f16971715,hdbscan_oracle,5,0.16074821916096732,0.42009573663160354,0.912,3,176,0.3151321029999963
bridge_n2000_g8_extreme_noise0,bridge,3,2000,8,extreme,3.9,0.0,2026092804,4,2000,40,da636dd104b483147dd6ab73bf506efc92df0b1b1dece5d508edf08f16971715,single_linkage,8,-3.847747986723209e-05,0.0002700256523582331,1.0,8,0,0.020707301000584266
bridge_n2000_g8_hard_noise0,bridge,3,2000,8,hard,5.0,0.0,2026092800,0,2000,40,1ea98b216524b6d5565fe4e5665e3ac14fd6315ffd17c8c00292fe4c949996f9,hdbscan_default,20,0.6765417876383064,0.7859411063253117,0.8095,8,381,0.034342201999606914
bridge_n2000_g8_hard_noise0,bridge,3,2000,8,hard,5.0,0.0,2026092800,0,2000,40,1ea98b216524b6d5565fe4e5665e3ac14fd6315ffd17c8c00292fe4c949996f9,hdbscan_oracle,5,0.760880251073647,0.820355936837909,0.855,8,290,0.31909528900087025
bridge_n2000_g8_hard_noise0,bridge,3,2000,8,hard,5.0,0.0,2026092800,0,2000,40,1ea98b216524b6d5565fe4e5665e3ac14fd6315ffd17c8c00292fe4c949996f9,single_linkage,8,0.17056694962087568,0.49764656114736944,1.0,8,0,0.021529683999688132
bridge_n2000_g8_hard_noise0,bridge,3,2000,8,hard,5.0,0.0,2026092801,1,2000,40,0a0fb2daedbbcd1702fb19d2837fdabf2bc7c15bdc649644eaf8f90654d20134,hdbscan_default,20,0.6398467044284897,0.772650156148935,0.789,8,422,0.03381216300022061
bridge_n2000_g8_hard_noise0,bridge,3,2000,8,hard,5.0,0.0,2026092801,1,2000,40,0a0fb2daedbbcd1702fb19d2837fdabf2bc7c15bdc649644eaf8f90654d20134,hdbscan_oracle,5,0.7316964549325635,0.8001820019056164,0.8435,10,313,0.30645776400069735
bridge_n2000_g8_hard_noise0,bridge,3,2000,8,hard,5.0,0.0,2026092801,1,2000,40,0a0fb2daedbbcd1702fb19d2837fdabf2bc7c15bdc649644eaf8f90654d20134,single_linkage,8,-3.2376417921398046e-05,0.00043784414355568416,1.0,8,0,0.020637781000004907
bridge_n2000_g8_hard_noise0,bridge,3,2000,8,hard,5.0,0.0,2026092802,2,2000,40,b64c35b40666e072a9f866931866879bf2d92e0731f719dbe126236bf0d903ca,hdbscan_default,20,0.6160132114416002,0.7610504534911189,0.773,8,454,0.03321470099945145
bridge_n2000_g8_hard_noise0,bridge,3,2000,8,hard,5.0,0.0,2026092802,2,2000,40,b64c35b40666e072a9f866931866879bf2d92e0731f719dbe126236bf0d903ca,hdbscan_oracle,5,0.8210272183892444,0.8431549214165365,0.8935,8,213,0.30276064700046845
bridge_n2000_g8_hard_noise0,bridge,3,2000,8,hard,5.0,0.0,2026092802,2,2000,40,b64c35b40666e072a9f866931866879bf2d92e0731f719dbe126236bf0d903ca,single_linkage,8,0.07263979009197943,0.2906634547918339,1.0,8,0,0.021781813999950828
bridge_n2000_g8_hard_noise0,bridge,3,2000,8,hard,5.0,0.0,2026092803,3,2000,40,27931769ab8a9dc566b3004510a6a1f973a53dbc11d708cf53f72fe9531ce4bd,hdbscan_default,20,0.640627933743306,0.7704519070576001,0.7905,8,419,0.034357841000201006
bridge_n2000_g8_hard_noise0,bridge,3,2000,8,hard,5.0,0.0,2026092803,3,2000,40,27931769ab8a9dc566b3004510a6a1f973a53dbc11d708cf53f72fe9531ce4bd,hdbscan_oracle,5,0.7176934043593561,0.8015796000485048,0.8315,9,337,0.37368191800032946
bridge_n2000_g8_hard_noise0,bridge,3,2000,8,hard,5.0,0.0,2026092803,3,2000,40,27931769ab8a9dc566b3004510a6a1f973a53dbc11d708cf53f72fe9531ce4bd,single_linkage,8,0.07235166993585417,0.29011612433264816,1.0,8,0,0.022456630999840854
bridge_n2000_g8_hard_noise0,bridge,3,2000,8,hard,5.0,0.0,2026092804,4,2000,40,f47fe3528c2ccd5552bd81e29167df7e37160f6798b016d8c541a8383cf04d9d,hdbscan_default,20,0.17159839778505256,0.484724043690869,0.98,3,40,0.047386000999722455
bridge_n2000_g8_hard_noise0,bridge,3,2000,8,hard,5.0,0.0,2026092804,4,2000,40,f47fe3528c2ccd5552bd81e29167df7e37160f6798b016d8c541a8383cf04d9d,hdbscan_oracle,15,0.7094262868267259,0.7947906756541856,0.828,8,344,0.35840738200022315
bridge_n2000_g8_hard_noise0,bridge,3,2000,8,hard,5.0,0.0,2026092804,4,2000,40,f47fe3528c2ccd5552bd81e29167df7e37160f6798b016d8c541a8383cf04d9d,single_linkage,8,0.07405256657888332,0.2916117420305356,1.0,8,0,0.0471770509993803
bridge_n2000_g8_medium_noise0,bridge,3,2000,8,medium,5.3,0.0,2026092800,0,2000,40,44b1a3cd0e028ee6cf7ade21cca5c3cb6a32e32113079ed1e27c16966f104184,hdbscan_default,20,0.7569815559683762,0.8199599144990755,0.8505,8,299,0.035492738999892026
bridge_n2000_g8_medium_noise0,bridge,3,2000,8,medium,5.3,0.0,2026092800,0,2000,40,44b1a3cd0e028ee6cf7ade21cca5c3cb6a32e32113079ed1e27c16966f104184,hdbscan_oracle,10,0.8494547966009565,0.8666614509779231,0.902,8,196,0.31619936100014456
bridge_n2000_g8_medium_noise0,bridge,3,2000,8,medium,5.3,0.0,2026092800,0,2000,40,44b1a3cd0e028ee6cf7ade21cca5c3cb6a32e32113079ed1e27c16966f104184,single_linkage,8,0.1705913968859291,0.49944073734451266,1.0,8,0,0.021057423000456765
bridge_n2000_g8_medium_noise0,bridge,3,2000,8,medium,5.3,0.0,2026092801,1,2000,40,b1c2181abd69e14e44b21ac28ad8f552c0c130b11fc6c0327b823cb8186760f1,hdbscan_default,20,0.7622967922931646,0.8266928978177943,0.8505,8,299,0.03256851599962829
bridge_n2000_g8_medium_noise0,bridge,3,2000,8,medium,5.3,0.0,2026092801,1,2000,40,b1c2181abd69e14e44b21ac28ad8f552c0c130b11fc6c0327b823cb8186760f1,hdbscan_oracle,15,0.8094922658884568,0.8448656483459344,0.8775,8,245,0.3122800069995719
bridge_n2000_g8_medium_noise0,bridge,3,2000,8,medium,5.3,0.0,2026092801,1,2000,40,b1c2181abd69e14e44b21ac28ad8f552c0c130b11fc6c0327b823cb8186760f1,single_linkage,8,0.16932974674911871,0.4970426768218727,1.0,8,0,0.02139457199973549
bridge_n2000_g8_medium_noise0,bridge,3,2000,8,medium,5.3,0.0,2026092802,2,2000,40,2e40157c1bdce9fb5e295a9f7f72de5df6bc3bce212fb33ae69b12dd965e0a7b,hdbscan_default,20,0.7540243294687757,0.8179240336692628,0.8495,8,301,0.03263247499944555
bridge_n2000_g8_medium_noise0,bridge,3,2000,8,medium,5.3,0.0,2026092802,2,2000,40,2e40157c1bdce9fb5e295a9f7f72de5df6bc3bce212fb33ae69b12dd965e0a7b,hdbscan_oracle,5,0.8492258209422638,0.861108981122475,0.907,8,186,0.38932579399988754
bridge_n2000_g8_medium_noise0,bridge,3,2000,8,medium,5.3,0.0,2026092802,2,2000,40,2e40157c1bdce9fb5e295a9f7f72de5df6bc3bce212fb33ae69b12dd965e0a7b,single_linkage,8,0.07263979009197943,0.2906634547918339,1.0,8,0,0.020585272999596782
bridge_n2000_g8_medium_noise0,bridge,3,2000,8,medium,5.3,0.0,2026092803,3,2000,40,a8aae309376a49a20d3c772ab626f661257f1ad5d758bfdec174a6ecbbdb6f8d,hdbscan_default,20,0.7440452419822163,0.8161971295831832,0.8415,8,317,0.03248753499974555
bridge_n2000_g8_medium_noise0,bridge,3,2000,8,medium,5.3,0.0,2026092803,3,2000,40,a8aae309376a49a20d3c772ab626f661257f1ad5d758bfdec174a6ecbbdb6f8d,hdbscan_oracle,5,0.769650226867001,0.8292829452551821,0.856,9,288,0.30381419000059395
bridge_n2000_g8_medium_noise0,bridge,3,2000,8,medium,5.3,0.0,2026092803,3,2000,40,a8aae309376a49a20d3c772ab626f661257f1ad5d758bfdec174a6ecbbdb6f8d,single_linkage,8,0.07266454301857767,0.2907818660613211,1.0,8,0,0.02024990800055093
bridge_n2000_g8_medium_noise0,bridge,3,2000,8,medium,5.3,0.0,2026092804,4,2000,40,ae74438ec4428563c378a4f49473998705df4e718b367e4286ebc51ba3386b6c,hdbscan_default,20,0.7493014627115255,0.8191078920665742,0.844,8,312,0.032048987000052875
bridge_n2000_g8_medium_noise0,bridge,3,2000,8,medium,5.3,0.0,2026092804,4,2000,40,ae74438ec4428563c378a4f49473998705df4e718b367e4286ebc51ba3386b6c,hdbscan_oracle,15,0.7890986987955163,0.8373330569305999,0.865,8,270,0.3087507399995957
bridge_n2000_g8_medium_noise0,bridge,3,2000,8,medium,5.3,0.0,2026092804,4,2000,40,ae74438ec4428563c378a4f49473998705df4e718b367e4286ebc51ba3386b6c,single_linkage,8,0.16980088863371573,0.4993925046399274,1.0,8,0,0.02552570099942386
filaments_n2000_g8_easy_noise0,filaments,1,2000,8,easy,2.9,0.0,2026092800,0,2000,0,e209f8c214b955e580b8c34bc763406bf59640334fdf763ffadce26214584540,hdbscan_default,20,0.8705730009711881,0.956289926124002,1.0,7,0,0.04066787000010663
filaments_n2000_g8_easy_noise0,filaments,1,2000,8,easy,2.9,0.0,2026092800,0,2000,0,e209f8c214b955e580b8c34bc763406bf59640334fdf763ffadce26214584540,hdbscan_oracle,5,0.8705730009711881,0.956289926124002,1.0,7,0,0.2921698589998414
filaments_n2000_g8_easy_noise0,filaments,1,2000,8,easy,2.9,0.0,2026092800,0,2000,0,e209f8c214b955e580b8c34bc763406bf59640334fdf763ffadce26214584540,single_linkage,8,0.8700070332236041,0.9554809214757536,1.0,8,0,0.021265051000227686
filaments_n2000_g8_easy_noise0,filaments,1,2000,8,easy,2.9,0.0,2026092801,1,2000,0,9fe327e6198f4a788e5dc005971b2e967f9aae3b857260a686c5a6583078809f,hdbscan_default,20,0.9835832856012666,0.9802881685391335,0.986,8,28,0.03509944199959136
filaments_n2000_g8_easy_noise0,filaments,1,2000,8,easy,2.9,0.0,2026092801,1,2000,0,9fe327e6198f4a788e5dc005971b2e967f9aae3b857260a686c5a6583078809f,hdbscan_oracle,5,0.9954008153951674,0.9930809977665609,0.997,8,6,0.30731093699978373
filaments_n2000_g8_easy_noise0,filaments,1,2000,8,easy,2.9,0.0,2026092801,1,2000,0,9fe327e6198f4a788e5dc005971b2e967f9aae3b857260a686c5a6583078809f,single_linkage,8,0.8700070332236041,0.9554809214757536,1.0,8,0,0.02098818400008895
filaments_n2000_g8_easy_noise0,filaments,1,2000,8,easy,2.9,0.0,2026092802,2,2000,0,c5ab6debc7c09ba887ebe65c735cb2d17ecc53b6767141860d0ef798466857e9,hdbscan_default,20,0.9982843759751183,0.9975745178592897,0.9985,8,3,0.03246366099938314
filaments_n2000_g8_easy_noise0,filaments,1,2000,8,easy,2.9,0.0,2026092802,2,2000,0,c5ab6debc7c09ba887ebe65c735cb2d17ecc53b6767141860d0ef798466857e9,hdbscan_oracle,5,1.0,1.0,1.0,8,0,0.29344286100058525
filaments_n2000_g8_easy_noise0,filaments,1,2000,8,easy,2.9,0.0,2026092802,2,2000,0,c5ab6debc7c09ba887ebe65c735cb2d17ecc53b6767141860d0ef798466857e9,single_linkage,8,1.0,1.0,1.0,8,0,0.026105901999471826
filaments_n2000_g8_easy_noise0,filaments,1,2000,8,easy,2.9,0.0,2026092803,3,2000,0,1eb49d5fe7078a536852db41559050ba0635284bc78cfa74dbf8dc36b221a637,hdbscan_default,20,0.997142815480885,0.9962264361283099,0.9975,8,5,0.03164545599975099
filaments_n2000_g8_easy_noise0,filaments,1,2000,8,easy,2.9,0.0,2026092803,3,2000,0,1eb49d5fe7078a536852db41559050ba0635284bc78cfa74dbf8dc36b221a637,hdbscan_oracle,5,0.9994286120990745,0.999211748407587,0.9995,8,1,0.28563503900022624
filaments_n2000_g8_easy_noise0,filaments,1,2000,8,easy,2.9,0.0,2026092803,3,2000,0,1eb49d5fe7078a536852db41559050ba0635284bc78cfa74dbf8dc36b221a637,single_linkage,8,1.0,1.0,1.0,8,0,0.021974201999910292
filaments_n2000_g8_easy_noise0,filaments,1,2000,8,easy,2.9,0.0,2026092804,4,2000,0,18fc074c4ece6bd05c8ca68445246f5c3019d131414030470cbbf6f430756072,hdbscan_default,20,1.0,1.0,1.0,8,0,0.032550551999520394
filaments_n2000_g8_easy_noise0,filaments,1,2000,8,easy,2.9,0.0,2026092804,4,2000,0,18fc074c4ece6bd05c8ca68445246f5c3019d131414030470cbbf6f430756072,hdbscan_oracle,5,1.0,1.0,1.0,8,0,0.2835843479997493
filaments_n2000_g8_easy_noise0,filaments,1,2000,8,easy,2.9,0.0,2026092804,4,2000,0,18fc074c4ece6bd05c8ca68445246f5c3019d131414030470cbbf6f430756072,single_linkage,8,1.0,1.0,1.0,8,0,0.02120237399958569
filaments_n2000_g8_extreme_noise0,filaments,1,2000,8,extreme,1.25,0.0,2026092800,0,2000,0,a4bfb27b7b93d0d89beba3510c4f6406075cc90b999cde143e617c6abb5a14ff,hdbscan_default,20,0.07334447701565266,0.3030830585006345,0.4285,7,1143,0.0322332820005613
filaments_n2000_g8_extreme_noise0,filaments,1,2000,8,extreme,1.25,0.0,2026092800,0,2000,0,a4bfb27b7b93d0d89beba3510c4f6406075cc90b999cde143e617c6abb5a14ff,hdbscan_oracle,10,0.12811394848383192,0.36725677072486645,0.5685,9,863,0.3270402150001246
filaments_n2000_g8_extreme_noise0,filaments,1,2000,8,extreme,1.25,0.0,2026092800,0,2000,0,a4bfb27b7b93d0d89beba3510c4f6406075cc90b999cde143e617c6abb5a14ff,single_linkage,8,-7.046044878901525e-07,0.0005756880423693102,1.0,8,0,0.021569386999544804
filaments_n2000_g8_extreme_noise0,filaments,1,2000,8,extreme,1.25,0.0,2026092801,1,2000,0,fd27b7bcf5b875b8551e9b1d587875c6f92620637767263c70fcd0a785bdb3aa,hdbscan_default,20,0.14285195385896945,0.3251363830374037,0.621,3,758,0.03164841099987825
filaments_n2000_g8_extreme_noise0,filaments,1,2000,8,extreme,1.25,0.0,2026092801,1,2000,0,fd27b7bcf5b875b8551e9b1d587875c6f92620637767263c70fcd0a785bdb3aa,hdbscan_oracle,20,0.14285195385896945,0.3251363830374037,0.621,3,758,0.30314253799951985
filaments_n2000_g8_extreme_noise0,filaments,1,2000,8,extreme,1.25,0.0,2026092801,1,2000,0,fd27b7bcf5b875b8551e9b1d587875c6f92620637767263c70fcd0a785bdb3aa,single_linkage,8,-7.080250644829945e-07,-1.1846959611995048e-06,1.0,8,0,0.026329178000196407
filaments_n2000_g8_extreme_noise0,filaments,1,2000,8,extreme,1.25,0.0,2026092802,2,2000,0,b781b70d23770998f6736895ef9fe97c06e449af774449a4f3d0e3c0b7dd13ca,hdbscan_default,20,0.20056257157645815,0.4023268456498775,0.7425,3,515,0.035123438000482565
filaments_n2000_g8_extreme_noise0,filaments,1,2000,8,extreme,1.25,0.0,2026092802,2,2000,0,b781b70d23770998f6736895ef9fe97c06e449af774449a4f3d0e3c0b7dd13ca,hdbscan_oracle,10,0.23805039522830038,0.4512287262275775,0.8085,3,383,0.31159903800016764
filaments_n2000_g8_extreme_noise0,filaments,1,2000,8,extreme,1.25,0.0,2026092802,2,2000,0,b781b70d23770998f6736895ef9fe97c06e449af774449a4f3d0e3c0b7dd13ca,single_linkage,8,1.5968732429798065e-06,0.0005795247745716468,1.0,8,0,0.02841821199945116
filaments_n2000_g8_extreme_noise0,filaments,1,2000,8,extreme,1.25,0.0,2026092803,3,2000,0,7f76ad331a5799989c20c2dc68f53a493a99e8c445f8ceca8b6b70c2d5a07005,hdbscan_default,20,0.19982668136658435,0.46716936824022254,0.5915,7,817,0.038003935999768146
filaments_n2000_g8_extreme_noise0,filaments,1,2000,8,extreme,1.25,0.0,2026092803,3,2000,0,7f76ad331a5799989c20c2dc68f53a493a99e8c445f8ceca8b6b70c2d5a07005,hdbscan_oracle,5,0.2630156131900139,0.5074609703768578,0.6495,20,701,0.2923032479993708
filaments_n2000_g8_extreme_noise0,filaments,1,2000,8,extreme,1.25,0.0,2026092803,3,2000,0,7f76ad331a5799989c20c2dc68f53a493a99e8c445f8ceca8b6b70c2d5a07005,single_linkage,8,-1.8577749458002211e-06,-3.101704153388136e-06,1.0,8,0,0.020397884999511007
filaments_n2000_g8_extreme_noise0,filaments,1,2000,8,extreme,1.25,0.0,2026092804,4,2000,0,fccef2eb0a1125b82f87a1a5be4dcfce6c0cd3c4dda14f384da270133a159700,hdbscan_default,20,0.11040616391326137,0.37696991530915064,0.4895,9,1021,0.03151454199996806
filaments_n2000_g8_extreme_noise0,filaments,1,2000,8,extreme,1.25,0.0,2026092804,4,2000,0,fccef2eb0a1125b82f87a1a5be4dcfce6c0cd3c4dda14f384da270133a159700,hdbscan_oracle,5,0.1451300347504972,0.4514935900524383,0.5715,34,857,0.29228701800002455
filaments_n2000_g8_extreme_noise0,filaments,1,2000,8,extreme,1.25,0.0,2026092804,4,2000,0,fccef2eb0a1125b82f87a1a5be4dcfce6c0cd3c4dda14f384da270133a159700,single_linkage,8,-7.080250644829945e-07,-1.1846959611995048e-06,1.0,8,0,0.020291375999477168
filaments_n2000_g8_hard_noise0,filaments,1,2000,8,hard,1.6,0.0,2026092800,0,2000,0,e48c2085b534cba2876c20c91c40470321860e81485804ec4d0b8c0f23adefbd,hdbscan_default,20,0.43334705646566973,0.6303742548447059,0.786,5,428,0.031308738000007
filaments_n2000_g8_hard_noise0,filaments,1,2000,8,hard,1.6,0.0,2026092800,0,2000,0,e48c2085b534cba2876c20c91c40470321860e81485804ec4d0b8c0f23adefbd,hdbscan_oracle,10,0.487476349324215,0.6723459205157805,0.835,5,330,0.3027491350003402
filaments_n2000_g8_hard_noise0,filaments,1,2000,8,hard,1.6,0.0,2026092800,0,2000,0,e48c2085b534cba2876c20c91c40470321860e81485804ec4d0b8c0f23adefbd,single_linkage,8,-7.046044878901525e-07,0.0005756880423693102,1.0,8,0,0.020807507999961672
filaments_n2000_g8_hard_noise0,filaments,1,2000,8,hard,1.6,0.0,2026092801,1,2000,0,11cbe9efd2e8c4e273940eaef43a68da5a3b5f6f680698d4539fa5a87699768d,hdbscan_default,20,0.0742007715265858,0.2676102042085288,0.948,2,104,0.0317003879999902
filaments_n2000_g8_hard_noise0,filaments,1,2000,8,hard,1.6,0.0,2026092801,1,2000,0,11cbe9efd2e8c4e273940eaef43a68da5a3b5f6f680698d4539fa5a87699768d,hdbscan_oracle,5,0.07654177977546146,0.2961410288706001,0.99,2,20,0.2979977599998165
filaments_n2000_g8_hard_noise0,filaments,1,2000,8,hard,1.6,0.0,2026092801,1,2000,0,11cbe9efd2e8c4e273940eaef43a68da5a3b5f6f680698d4539fa5a87699768d,single_linkage,8,0.07683556953601585,0.3038662200477419,1.0,8,0,0.021010837000176252
filaments_n2000_g8_hard_noise0,filaments,1,2000,8,hard,1.6,0.0,2026092802,2,2000,0,1f6e4c252c3099202812170d0ab63f2bec8811659810f1d6c45536fc7ba25655,hdbscan_default,20,0.07659643289612023,0.30222485367517893,0.9955,2,9,0.03144619500017143
filaments_n2000_g8_hard_noise0,filaments,1,2000,8,hard,1.6,0.0,2026092802,2,2000,0,1f6e4c252c3099202812170d0ab63f2bec8811659810f1d6c45536fc7ba25655,hdbscan_oracle,30,0.07677597599243355,0.29688376747113576,0.9865,2,27,0.3121283649998077
filaments_n2000_g8_hard_noise0,filaments,1,2000,8,hard,1.6,0.0,2026092802,2,2000,0,1f6e4c252c3099202812170d0ab63f2bec8811659810f1d6c45536fc7ba25655,single_linkage,8,0.07651134623284492,0.30319701060724646,1.0,8,0,0.033886442000039096
filaments_n2000_g8_hard_noise0,filaments,1,2000,8,hard,1.6,0.0,2026092803,3,2000,0,64cbefe3fd7bca9a4b58b41d14e3ea568d740d601a3949755ed2a6a7cd82fe2f,hdbscan_default,20,0.42040677049482655,0.6540835601940395,0.977,3,46,0.030710171999999147
filaments_n2000_g8_hard_noise0,filaments,1,2000,8,hard,1.6,0.0,2026092803,3,2000,0,64cbefe3fd7bca9a4b58b41d14e3ea568d740d601a3949755ed2a6a7cd82fe2f,hdbscan_oracle,30,0.47040434823987326,0.6651057789537214,0.905,4,190,0.2887122450001698
filaments_n2000_g8_hard_noise0,filaments,1,2000,8,hard,1.6,0.0,2026092803,3,2000,0,64cbefe3fd7bca9a4b58b41d14e3ea568d740d601a3949755ed2a6a7cd82fe2f,single_linkage,8,0.22299852238442244,0.47865514784566265,1.0,8,0,0.021199358000558277
filaments_n2000_g8_hard_noise0,filaments,1,2000,8,hard,1.6,0.0,2026092804,4,2000,0,1f43a9a1fe75d951d41d104837ba9d34476dcb394d9ab26b6f53fa2e46a91290,hdbscan_default,20,0.5858176556945338,0.7299857320858972,0.894,5,212,0.03118193099999189
filaments_n2000_g8_hard_noise0,filaments,1,2000,8,hard,1.6,0.0,2026092804,4,2000,0,1f43a9a1fe75d951d41d104837ba9d34476dcb394d9ab26b6f53fa2e46a91290,hdbscan_oracle,5,0.6541876429985388,0.8136065234518409,0.9685,5,63,0.29051494499981345
filaments_n2000_g8_hard_noise0,filaments,1,2000,8,hard,1.6,0.0,2026092804,4,2000,0,1f43a9a1fe75d951d41d104837ba9d34476dcb394d9ab26b6f53fa2e46a91290,single_linkage,8,0.4268745934738113,0.6802889050453508,1.0,8,0,0.020823506999477104
filaments_n2000_g8_medium_noise0,filaments,1,2000,8,medium,2.15,0.0,2026092800,0,2000,0,5ceedb96a8dae284050a483f3377ffca07a006c2dc34f92f4fbd69cfcd67f37b,hdbscan_default,20,0.7691485277498064,0.8736782343765275,0.9165,7,167,0.03288084700034233
filaments_n2000_g8_medium_noise0,filaments,1,2000,8,medium,2.15,0.0,2026092800,0,2000,0,5ceedb96a8dae284050a483f3377ffca07a006c2dc34f92f4fbd69cfcd67f37b,hdbscan_oracle,10,0.808348238284613,0.8991886137019812,0.9475,7,105,0.29686779500025295
filaments_n2000_g8_medium_noise0,filaments,1,2000,8,medium,2.15,0.0,2026092800,0,2000,0,5ceedb96a8dae284050a483f3377ffca07a006c2dc34f92f4fbd69cfcd67f37b,single_linkage,8,0.5981584931743522,0.8331765960939136,1.0,8,0,0.020643361999646004
filaments_n2000_g8_medium_noise0,filaments,1,2000,8,medium,2.15,0.0,2026092801,1,2000,0,0c09090d31340a2a8c49259ac5fdd66cf3eb253346f9ed9f26d92f5c58c1d142,hdbscan_default,20,0.0766743648960739,0.3057942352561602,1.0,2,0,0.031398926000292704
filaments_n2000_g8_medium_noise0,filaments,1,2000,8,medium,2.15,0.0,2026092801,1,2000,0,0c09090d31340a2a8c49259ac5fdd66cf3eb253346f9ed9f26d92f5c58c1d142,hdbscan_oracle,10,0.900127336805557,0.9093929290471774,0.929,8,142,0.2905658899999253
filaments_n2000_g8_medium_noise0,filaments,1,2000,8,medium,2.15,0.0,2026092801,1,2000,0,0c09090d31340a2a8c49259ac5fdd66cf3eb253346f9ed9f26d92f5c58c1d142,single_linkage,8,0.07683415473221715,0.3038645912045592,1.0,8,0,0.02144764100012253
filaments_n2000_g8_medium_noise0,filaments,1,2000,8,medium,2.15,0.0,2026092802,2,2000,0,0af13bd13aa5a8cfdcf866dec46c4cfdaace7d587857b409ddae11c1c85a238f,hdbscan_default,20,0.6391087010394804,0.8453725803000477,0.9645,6,71,0.03185648900034721
filaments_n2000_g8_medium_noise0,filaments,1,2000,8,medium,2.15,0.0,2026092802,2,2000,0,0af13bd13aa5a8cfdcf866dec46c4cfdaace7d587857b409ddae11c1c85a238f,hdbscan_oracle,10,0.8310943822759412,0.901552261965238,0.9645,7,71,0.29370601200025703
filaments_n2000_g8_medium_noise0,filaments,1,2000,8,medium,2.15,0.0,2026092802,2,2000,0,0af13bd13aa5a8cfdcf866dec46c4cfdaace7d587857b409ddae11c1c85a238f,single_linkage,8,0.5327296201362441,0.773069203429536,1.0,8,0,0.021604163000120025
filaments_n2000_g8_medium_noise0,filaments,1,2000,8,medium,2.15,0.0,2026092803,3,2000,0,ae8cb3842fc5f35124e46645803ffdcea4b423b026720675e8d843b829938984,hdbscan_default,20,0.7450493242796847,0.8861884752136208,0.9835,6,33,0.03179581600033998
filaments_n2000_g8_medium_noise0,filaments,1,2000,8,medium,2.15,0.0,2026092803,3,2000,0,ae8cb3842fc5f35124e46645803ffdcea4b423b026720675e8d843b829938984,hdbscan_oracle,5,0.7590836786977809,0.901428436591712,0.9955,6,9,0.2975938169993242
filaments_n2000_g8_medium_noise0,filaments,1,2000,8,medium,2.15,0.0,2026092803,3,2000,0,ae8cb3842fc5f35124e46645803ffdcea4b423b026720675e8d843b829938984,single_linkage,8,0.6739489016836382,0.8542520835004773,1.0,8,0,0.023576327999762725
filaments_n2000_g8_medium_noise0,filaments,1,2000,8,medium,2.15,0.0,2026092804,4,2000,0,8418d39c92fff15310d6e92675c3c0d6b09312f72de201f6faf2145fa2cd35b9,hdbscan_default,20,0.7629713481570329,0.9072046170739777,0.999,6,2,0.03202091500043025
filaments_n2000_g8_medium_noise0,filaments,1,2000,8,medium,2.15,0.0,2026092804,4,2000,0,8418d39c92fff15310d6e92675c3c0d6b09312f72de201f6faf2145fa2cd35b9,hdbscan_oracle,5,0.9831211685638928,0.9795832693039109,0.9865,8,27,0.2939067059996887
filaments_n2000_g8_medium_noise0,filaments,1,2000,8,medium,2.15,0.0,2026092804,4,2000,0,8418d39c92fff15310d6e92675c3c0d6b09312f72de201f6faf2145fa2cd35b9,single_linkage,8,0.7633551804575932,0.9071087680353932,1.0,8,0,0.02088415999969584
heteroscedastic_n2000_g8_easy_noise0,heteroscedastic,3,2000,8,easy,15.0,0.0,2026092800,0,2000,0,83c2fd5708b610b8a7d75f73c558bc302bd06ec6b35434144486438fa8e01d23,hdbscan_default,20,0.9664497907400065,0.9729224570876611,0.9695,8,61,0.03092790899972897
heteroscedastic_n2000_g8_easy_noise0,heteroscedastic,3,2000,8,easy,15.0,0.0,2026092800,0,2000,0,83c2fd5708b610b8a7d75f73c558bc302bd06ec6b35434144486438fa8e01d23,hdbscan_oracle,5,0.9909263582017211,0.9896252490386562,0.993,8,14,0.29040248499950394
heteroscedastic_n2000_g8_easy_noise0,heteroscedastic,3,2000,8,easy,15.0,0.0,2026092800,0,2000,0,83c2fd5708b610b8a7d75f73c558bc302bd06ec6b35434144486438fa8e01d23,single_linkage,8,0.870474571274494,0.9555723310712142,1.0,8,0,0.025441073000365577
heteroscedastic_n2000_g8_easy_noise0,heteroscedastic,3,2000,8,easy,15.0,0.0,2026092801,1,2000,0,4746fdf2db1ddbcb5f9706ba56cb5efc444213d121204f54b2412e1eb7c8219c,hdbscan_default,20,0.9814786257080651,0.9819778092159147,0.9845,8,31,0.03284168500067608
heteroscedastic_n2000_g8_easy_noise0,heteroscedastic,3,2000,8,easy,15.0,0.0,2026092801,1,2000,0,4746fdf2db1ddbcb5f9706ba56cb5efc444213d121204f54b2412e1eb7c8219c,hdbscan_oracle,5,0.9881346673757188,0.9872218064130319,0.9905,8,19,0.2978190470003028
heteroscedastic_n2000_g8_easy_noise0,heteroscedastic,3,2000,8,easy,15.0,0.0,2026092801,1,2000,0,4746fdf2db1ddbcb5f9706ba56cb5efc444213d121204f54b2412e1eb7c8219c,single_linkage,8,0.870474571274494,0.9555723310712142,1.0,8,0,0.020968718999938574
heteroscedastic_n2000_g8_easy_noise0,heteroscedastic,3,2000,8,easy,15.0,0.0,2026092802,2,2000,0,0318f16efd0db34d1709c10f01f09f87dd73b1ad679cd1590e9c648e1523329c,hdbscan_default,20,0.9692421523894095,0.9747253409715405,0.972,8,56,0.03172683699995105
heteroscedastic_n2000_g8_easy_noise0,heteroscedastic,3,2000,8,easy,15.0,0.0,2026092802,2,2000,0,0318f16efd0db34d1709c10f01f09f87dd73b1ad679cd1590e9c648e1523329c,hdbscan_oracle,5,0.9870059847955095,0.9862489938856049,0.9895,8,21,0.31256258400026127
heteroscedastic_n2000_g8_easy_noise0,heteroscedastic,3,2000,8,easy,15.0,0.0,2026092802,2,2000,0,0318f16efd0db34d1709c10f01f09f87dd73b1ad679cd1590e9c648e1523329c,single_linkage,8,0.870474571274494,0.9555723310712142,1.0,8,0,0.021703667999645404
heteroscedastic_n2000_g8_easy_noise0,heteroscedastic,3,2000,8,easy,15.0,0.0,2026092803,3,2000,0,fa67e770e891fb656ae139cc07e8ffd4cd0483fe87b8cd29b611ee05da9c2ea8,hdbscan_default,20,0.9711843280161283,0.9753513262479374,0.9745,8,51,0.032247226999970735
heteroscedastic_n2000_g8_easy_noise0,heteroscedastic,3,2000,8,easy,15.0,0.0,2026092803,3,2000,0,fa67e770e891fb656ae139cc07e8ffd4cd0483fe87b8cd29b611ee05da9c2ea8,hdbscan_oracle,5,0.983133729580803,0.9832205793716741,0.986,8,28,0.3009402739999132
heteroscedastic_n2000_g8_easy_noise0,heteroscedastic,3,2000,8,easy,15.0,0.0,2026092803,3,2000,0,fa67e770e891fb656ae139cc07e8ffd4cd0483fe87b8cd29b611ee05da9c2ea8,single_linkage,8,0.870474571274494,0.9555723310712142,1.0,8,0,0.021562684999480553
heteroscedastic_n2000_g8_easy_noise0,heteroscedastic,3,2000,8,easy,15.0,0.0,2026092804,4,2000,0,2b25c9384080c60a2d221a8a1d47a3e869d3a4ff72e609d6fdd840285cea52cb,hdbscan_default,20,0.9926873479743683,0.9921481958005806,0.9935,8,13,0.030905827999959
heteroscedastic_n2000_g8_easy_noise0,heteroscedastic,3,2000,8,easy,15.0,0.0,2026092804,4,2000,0,2b25c9384080c60a2d221a8a1d47a3e869d3a4ff72e609d6fdd840285cea52cb,hdbscan_oracle,10,0.9949093868899169,0.9941743785816256,0.9955,8,9,0.29754648900052416
heteroscedastic_n2000_g8_easy_noise0,heteroscedastic,3,2000,8,easy,15.0,0.0,2026092804,4,2000,0,2b25c9384080c60a2d221a8a1d47a3e869d3a4ff72e609d6fdd840285cea52cb,single_linkage,8,0.870474571274494,0.9555723310712142,1.0,8,0,0.01998260999971535
heteroscedastic_n2000_g8_extreme_noise0,heteroscedastic,3,2000,8,extreme,1.5,0.0,2026092800,0,2000,0,f3f88e94eb56540e090c4668d8233ad76baf0a81b2630462aebac5275e98568f,hdbscan_default,20,0.19783472980037017,0.45412390278489995,0.3575,3,1285,0.03420929399999295
heteroscedastic_n2000_g8_extreme_noise0,heteroscedastic,3,2000,8,extreme,1.5,0.0,2026092800,0,2000,0,f3f88e94eb56540e090c4668d8233ad76baf0a81b2630462aebac5275e98568f,hdbscan_oracle,10,0.22216017373721172,0.4665045336117226,0.392,4,1216,0.3398782099993696
heteroscedastic_n2000_g8_extreme_noise0,heteroscedastic,3,2000,8,extreme,1.5,0.0,2026092800,0,2000,0,f3f88e94eb56540e090c4668d8233ad76baf0a81b2630462aebac5275e98568f,single_linkage,8,1.1953523031894622e-05,0.0005968328418267243,1.0,8,0,0.022317502000078093
heteroscedastic_n2000_g8_extreme_noise0,heteroscedastic,3,2000,8,extreme,1.5,0.0,2026092801,1,2000,0,2bcadc7f82e9c2caf65111533c676169fed9351b73dbd210730296c10e106b1b,hdbscan_default,20,0.17876755226096186,0.4271928987763741,0.3455,3,1309,0.0342088130000775
heteroscedastic_n2000_g8_extreme_noise0,heteroscedastic,3,2000,8,extreme,1.5,0.0,2026092801,1,2000,0,2bcadc7f82e9c2caf65111533c676169fed9351b73dbd210730296c10e106b1b,hdbscan_oracle,10,0.2045581474278853,0.42417198918702215,0.3995,6,1201,0.32765881799969065
heteroscedastic_n2000_g8_extreme_noise0,heteroscedastic,3,2000,8,extreme,1.5,0.0,2026092801,1,2000,0,2bcadc7f82e9c2caf65111533c676169fed9351b73dbd210730296c10e106b1b,single_linkage,8,7.340224104737592e-06,1.2273073542595962e-05,1.0,8,0,0.0445532510002522
heteroscedastic_n2000_g8_extreme_noise0,heteroscedastic,3,2000,8,extreme,1.5,0.0,2026092802,2,2000,0,e1e8e02f10afbb8ac1bc44d73ea91671f83bdefd19cd403964aed96b9720a920,hdbscan_default,20,0.18314421078696644,0.41572434580850337,0.364,3,1272,0.053699516999586194
heteroscedastic_n2000_g8_extreme_noise0,heteroscedastic,3,2000,8,extreme,1.5,0.0,2026092802,2,2000,0,e1e8e02f10afbb8ac1bc44d73ea91671f83bdefd19cd403964aed96b9720a920,hdbscan_oracle,5,0.19892356913084816,0.3985916105822749,0.4475,23,1105,0.4400302690000899
heteroscedastic_n2000_g8_extreme_noise0,heteroscedastic,3,2000,8,extreme,1.5,0.0,2026092802,2,2000,0,e1e8e02f10afbb8ac1bc44d73ea91671f83bdefd19cd403964aed96b9720a920,single_linkage,8,3.6555449105161735e-05,0.002630280916403027,1.0,8,0,0.03314098299961188
heteroscedastic_n2000_g8_extreme_noise0,heteroscedastic,3,2000,8,extreme,1.5,0.0,2026092803,3,2000,0,6153345db9bbf65ab9c358a721f5a58053e45088845a75f1b1a9312523d533af,hdbscan_default,20,0.16467081653883783,0.40609340625507756,0.345,4,1310,0.033841679000033764
heteroscedastic_n2000_g8_extreme_noise0,heteroscedastic,3,2000,8,extreme,1.5,0.0,2026092803,3,2000,0,6153345db9bbf65ab9c358a721f5a58053e45088845a75f1b1a9312523d533af,hdbscan_oracle,15,0.17905826325065075,0.4145836284132891,0.363,4,1274,0.328780187999655
heteroscedastic_n2000_g8_extreme_noise0,heteroscedastic,3,2000,8,extreme,1.5,0.0,2026092803,3,2000,0,6153345db9bbf65ab9c358a721f5a58053e45088845a75f1b1a9312523d533af,single_linkage,8,7.340224104737592e-06,1.2273073542595962e-05,1.0,8,0,0.021207282999966992
heteroscedastic_n2000_g8_extreme_noise0,heteroscedastic,3,2000,8,extreme,1.5,0.0,2026092804,4,2000,0,4e36ebd62844bf40250fca8cb085e041f0b33c5af8be1b57ab46624fd395165b,hdbscan_default,20,0.1713669396551489,0.4361521237905394,0.334,3,1332,0.034758427000269876
heteroscedastic_n2000_g8_extreme_noise0,heteroscedastic,3,2000,8,extreme,1.5,0.0,2026092804,4,2000,0,4e36ebd62844bf40250fca8cb085e041f0b33c5af8be1b57ab46624fd395165b,hdbscan_oracle,10,0.20497211731254253,0.456099648906679,0.3705,4,1259,0.3517423080002118
heteroscedastic_n2000_g8_extreme_noise0,heteroscedastic,3,2000,8,extreme,1.5,0.0,2026092804,4,2000,0,4e36ebd62844bf40250fca8cb085e041f0b33c5af8be1b57ab46624fd395165b,single_linkage,8,2.1159433955374458e-05,0.0006123360577414654,1.0,8,0,0.02272178499970323
heteroscedastic_n2000_g8_hard_noise0,heteroscedastic,3,2000,8,hard,3.2,0.0,2026092800,0,2000,0,a20522cab8882a7ba5b6da4dab8a70d6a10c2db8c2a77ef5dab0da574fcc22e4,hdbscan_default,20,0.4014867273496964,0.6659322036072609,0.537,5,926,0.03409322700008488
heteroscedastic_n2000_g8_hard_noise0,heteroscedastic,3,2000,8,hard,3.2,0.0,2026092800,0,2000,0,a20522cab8882a7ba5b6da4dab8a70d6a10c2db8c2a77ef5dab0da574fcc22e4,hdbscan_oracle,5,0.43307125913468625,0.6413174831685005,0.617,15,766,0.3241633829993589
heteroscedastic_n2000_g8_hard_noise0,heteroscedastic,3,2000,8,hard,3.2,0.0,2026092800,0,2000,0,a20522cab8882a7ba5b6da4dab8a70d6a10c2db8c2a77ef5dab0da574fcc22e4,single_linkage,8,7.340224104737592e-06,1.2273073542595962e-05,1.0,8,0,0.02530972800013842
heteroscedastic_n2000_g8_hard_noise0,heteroscedastic,3,2000,8,hard,3.2,0.0,2026092801,1,2000,0,6178c18a9f5ef667d9ec725099a0d0e0af79dd2ca44af3e02096d123fdadfee3,hdbscan_default,20,0.37843659191658535,0.6333102818109627,0.5525,6,895,0.036657415999798104
heteroscedastic_n2000_g8_hard_noise0,heteroscedastic,3,2000,8,hard,3.2,0.0,2026092801,1,2000,0,6178c18a9f5ef667d9ec725099a0d0e0af79dd2ca44af3e02096d123fdadfee3,hdbscan_oracle,5,0.4501571256174887,0.6391002030854973,0.6425,20,715,0.32360615499965206
heteroscedastic_n2000_g8_hard_noise0,heteroscedastic,3,2000,8,hard,3.2,0.0,2026092801,1,2000,0,6178c18a9f5ef667d9ec725099a0d0e0af79dd2ca44af3e02096d123fdadfee3,single_linkage,8,1.1953523031894622e-05,0.0005968328418267243,1.0,8,0,0.020415908000359195
heteroscedastic_n2000_g8_hard_noise0,heteroscedastic,3,2000,8,hard,3.2,0.0,2026092802,2,2000,0,50809df4106761602108e93fdb0ecd1910de68d56c0e056d3306064877a3a1c0,hdbscan_default,20,0.39116116520414196,0.6479810923256427,0.55,5,900,0.03235592999953951
heteroscedastic_n2000_g8_hard_noise0,heteroscedastic,3,2000,8,hard,3.2,0.0,2026092802,2,2000,0,50809df4106761602108e93fdb0ecd1910de68d56c0e056d3306064877a3a1c0,hdbscan_oracle,15,0.3987614559947263,0.6539262643781543,0.5515,5,897,0.3130566750005528
heteroscedastic_n2000_g8_hard_noise0,heteroscedastic,3,2000,8,hard,3.2,0.0,2026092802,2,2000,0,50809df4106761602108e93fdb0ecd1910de68d56c0e056d3306064877a3a1c0,single_linkage,8,3.0316238400131185e-05,0.002780575867230749,1.0,8,0,0.020090071000595344
heteroscedastic_n2000_g8_hard_noise0,heteroscedastic,3,2000,8,hard,3.2,0.0,2026092803,3,2000,0,5cbcf273733e7647ef31264f4df7efe42289f91702ecf7c4ff64d77864d540fa,hdbscan_default,20,0.44844438358247807,0.6785863024576821,0.597,5,806,0.03362737899988133
heteroscedastic_n2000_g8_hard_noise0,heteroscedastic,3,2000,8,hard,3.2,0.0,2026092803,3,2000,0,5cbcf273733e7647ef31264f4df7efe42289f91702ecf7c4ff64d77864d540fa,hdbscan_oracle,5,0.5073341433836,0.6749886326419557,0.677,13,646,0.3178007160004199
heteroscedastic_n2000_g8_hard_noise0,heteroscedastic,3,2000,8,hard,3.2,0.0,2026092803,3,2000,0,5cbcf273733e7647ef31264f4df7efe42289f91702ecf7c4ff64d77864d540fa,single_linkage,8,7.340224104737592e-06,1.2273073542595962e-05,1.0,8,0,0.021625372000016796
heteroscedastic_n2000_g8_hard_noise0,heteroscedastic,3,2000,8,hard,3.2,0.0,2026092804,4,2000,0,a08ec040a68027da4d7b7b4e3ef55096846d1875a247e34b3f93a2e448d48a15,hdbscan_default,20,0.36857009188961926,0.6469965460580616,0.524,6,952,0.033761952999157074
heteroscedastic_n2000_g8_hard_noise0,heteroscedastic,3,2000,8,hard,3.2,0.0,2026092804,4,2000,0,a08ec040a68027da4d7b7b4e3ef55096846d1875a247e34b3f93a2e448d48a15,hdbscan_oracle,5,0.43334943233031675,0.6384775215944541,0.626,19,748,0.3084137819996613
heteroscedastic_n2000_g8_hard_noise0,heteroscedastic,3,2000,8,hard,3.2,0.0,2026092804,4,2000,0,a08ec040a68027da4d7b7b4e3ef55096846d1875a247e34b3f93a2e448d48a15,single_linkage,8,2.1159433955374458e-05,0.0006123360577414654,1.0,8,0,0.020632481999200536
heteroscedastic_n2000_g8_medium_noise0,heteroscedastic,3,2000,8,medium,5.2,0.0,2026092800,0,2000,0,e5be6f72bc332c510b2fb160a6acf7552cb9ea4e0f51cdcf63cf2f5900d856f5,hdbscan_default,20,0.7314186304067889,0.8361903970262529,0.747,7,506,0.032834250999258074
heteroscedastic_n2000_g8_medium_noise0,heteroscedastic,3,2000,8,medium,5.2,0.0,2026092800,0,2000,0,e5be6f72bc332c510b2fb160a6acf7552cb9ea4e0f51cdcf63cf2f5900d856f5,hdbscan_oracle,15,0.7391577427796358,0.8395920481569439,0.74,7,520,0.32188666999991256
heteroscedastic_n2000_g8_medium_noise0,heteroscedastic,3,2000,8,medium,5.2,0.0,2026092800,0,2000,0,e5be6f72bc332c510b2fb160a6acf7552cb9ea4e0f51cdcf63cf2f5900d856f5,single_linkage,8,7.340224104737592e-06,1.2273073542595962e-05,1.0,8,0,0.020233848999851034
heteroscedastic_n2000_g8_medium_noise0,heteroscedastic,3,2000,8,medium,5.2,0.0,2026092801,1,2000,0,8b7662f22bc77ab9d69a68aa978f21811dfbc9698d52f245f57417ad4fa9fb35,hdbscan_default,20,0.709088333873531,0.8251021908822065,0.7335,7,533,0.03254471200034459
heteroscedastic_n2000_g8_medium_noise0,heteroscedastic,3,2000,8,medium,5.2,0.0,2026092801,1,2000,0,8b7662f22bc77ab9d69a68aa978f21811dfbc9698d52f245f57417ad4fa9fb35,hdbscan_oracle,5,0.741076104864971,0.8121497568920816,0.781,16,438,0.3085522299998047
heteroscedastic_n2000_g8_medium_noise0,heteroscedastic,3,2000,8,medium,5.2,0.0,2026092801,1,2000,0,8b7662f22bc77ab9d69a68aa978f21811dfbc9698d52f245f57417ad4fa9fb35,single_linkage,8,7.340224104737592e-06,1.2273073542595962e-05,1.0,8,0,0.019851486000334262
heteroscedastic_n2000_g8_medium_noise0,heteroscedastic,3,2000,8,medium,5.2,0.0,2026092802,2,2000,0,bae30f737ffd4fab032e5471faa407eef9cdcabd62db1a831e9dc966633625e8,hdbscan_default,20,0.6692776928305959,0.8175250185050718,0.715,7,570,0.03359659199941234
heteroscedastic_n2000_g8_medium_noise0,heteroscedastic,3,2000,8,medium,5.2,0.0,2026092802,2,2000,0,bae30f737ffd4fab032e5471faa407eef9cdcabd62db1a831e9dc966633625e8,hdbscan_oracle,5,0.7685328288600921,0.8328046903328458,0.808,13,384,0.3483575500004008
heteroscedastic_n2000_g8_medium_noise0,heteroscedastic,3,2000,8,medium,5.2,0.0,2026092802,2,2000,0,bae30f737ffd4fab032e5471faa407eef9cdcabd62db1a831e9dc966633625e8,single_linkage,8,3.0316238400131185e-05,0.002780575867230749,1.0,8,0,0.021253137999337923
heteroscedastic_n2000_g8_medium_noise0,heteroscedastic,3,2000,8,medium,5.2,0.0,2026092803,3,2000,0,912480e84bf4c139a0ff9c045bb5b6c3cfff600c77cfc8f15bc4c775e3e0fdc9,hdbscan_default,20,0.6806342414973716,0.8144787238821446,0.725,7,550,0.033825137999883736
heteroscedastic_n2000_g8_medium_noise0,heteroscedastic,3,2000,8,medium,5.2,0.0,2026092803,3,2000,0,912480e84bf4c139a0ff9c045bb5b6c3cfff600c77cfc8f15bc4c775e3e0fdc9,hdbscan_oracle,5,0.7558694217099272,0.8178579710421876,0.8005,15,399,0.31438984899978095
heteroscedastic_n2000_g8_medium_noise0,heteroscedastic,3,2000,8,medium,5.2,0.0,2026092803,3,2000,0,912480e84bf4c139a0ff9c045bb5b6c3cfff600c77cfc8f15bc4c775e3e0fdc9,single_linkage,8,9.639723867372046e-06,1.6145990621645842e-05,1.0,8,0,0.02078155900017009
heteroscedastic_n2000_g8_medium_noise0,heteroscedastic,3,2000,8,medium,5.2,0.0,2026092804,4,2000,0,2ceee587a0ec8101a4d849d21e1eb3c8ee3c66c5b79e92615c413989b4709f8d,hdbscan_default,20,0.664337881499396,0.8033674710419986,0.727,7,546,0.03312371999982133
heteroscedastic_n2000_g8_medium_noise0,heteroscedastic,3,2000,8,medium,5.2,0.0,2026092804,4,2000,0,2ceee587a0ec8101a4d849d21e1eb3c8ee3c66c5b79e92615c413989b4709f8d,hdbscan_oracle,10,0.7173067799908863,0.8164779593471626,0.7615,9,477,0.30269904200031306
heteroscedastic_n2000_g8_medium_noise0,heteroscedastic,3,2000,8,medium,5.2,0.0,2026092804,4,2000,0,2ceee587a0ec8101a4d849d21e1eb3c8ee3c66c5b79e92615c413989b4709f8d,single_linkage,8,2.103821231690526e-05,0.0005293302073884436,1.0,8,0,0.02445031699971878
hierarchical_n2000_g8_easy_noise0,hierarchical,3,2000,8,easy,4.0,0.0,2026092800,0,2000,0,c3c1a014b37bd09768ed9d0a8d9cead720b30fab4b1e6464fc05e55432c72dde,hdbscan_default,20,1.0,1.0,1.0,8,0,0.03315408700018452
hierarchical_n2000_g8_easy_noise0,hierarchical,3,2000,8,easy,4.0,0.0,2026092800,0,2000,0,c3c1a014b37bd09768ed9d0a8d9cead720b30fab4b1e6464fc05e55432c72dde,hdbscan_oracle,5,1.0,1.0,1.0,8,0,0.339240905999759
hierarchical_n2000_g8_easy_noise0,hierarchical,3,2000,8,easy,4.0,0.0,2026092800,0,2000,0,c3c1a014b37bd09768ed9d0a8d9cead720b30fab4b1e6464fc05e55432c72dde,single_linkage,8,1.0,1.0,1.0,8,0,0.021325382000213722
hierarchical_n2000_g8_easy_noise0,hierarchical,3,2000,8,easy,4.0,0.0,2026092801,1,2000,0,3d541f072a6f26991fb174d8914fdd949cbe85a24d9a1ca4d1a49063eca8b9a7,hdbscan_default,20,1.0,1.0,1.0,8,0,0.03866957599984744
hierarchical_n2000_g8_easy_noise0,hierarchical,3,2000,8,easy,4.0,0.0,2026092801,1,2000,0,3d541f072a6f26991fb174d8914fdd949cbe85a24d9a1ca4d1a49063eca8b9a7,hdbscan_oracle,5,1.0,1.0,1.0,8,0,0.31170464499973605
hierarchical_n2000_g8_easy_noise0,hierarchical,3,2000,8,easy,4.0,0.0,2026092801,1,2000,0,3d541f072a6f26991fb174d8914fdd949cbe85a24d9a1ca4d1a49063eca8b9a7,single_linkage,8,1.0,1.0,1.0,8,0,0.02240933299981407
hierarchical_n2000_g8_easy_noise0,hierarchical,3,2000,8,easy,4.0,0.0,2026092802,2,2000,0,23c80e4b26d7c22833c17540f869634762c8d07ed24693b173220de2e9cfdd37,hdbscan_default,20,0.9960454234725639,0.9954539885826712,0.9965,8,7,0.038520488000358455
hierarchical_n2000_g8_easy_noise0,hierarchical,3,2000,8,easy,4.0,0.0,2026092802,2,2000,0,23c80e4b26d7c22833c17540f869634762c8d07ed24693b173220de2e9cfdd37,hdbscan_oracle,10,0.9971566170154335,0.9964357463932751,0.9975,8,5,0.37389314800020657
hierarchical_n2000_g8_easy_noise0,hierarchical,3,2000,8,easy,4.0,0.0,2026092802,2,2000,0,23c80e4b26d7c22833c17540f869634762c8d07ed24693b173220de2e9cfdd37,single_linkage,8,0.870474571274494,0.9555723310712142,1.0,8,0,0.02290072899995721
hierarchical_n2000_g8_easy_noise0,hierarchical,3,2000,8,easy,4.0,0.0,2026092803,3,2000,0,20e290f32c374f11859751e9e1ba59575ea0b9f467852ae0bde6d5ee11e34578,hdbscan_default,20,0.8700070332236041,0.9554809214757536,0.9995,7,1,0.03685195799971552
hierarchical_n2000_g8_easy_noise0,hierarchical,3,2000,8,easy,4.0,0.0,2026092803,3,2000,0,20e290f32c374f11859751e9e1ba59575ea0b9f467852ae0bde6d5ee11e34578,hdbscan_oracle,10,0.9971566170154335,0.9964357463932751,0.9975,8,5,0.3586599529999148
hierarchical_n2000_g8_easy_noise0,hierarchical,3,2000,8,easy,4.0,0.0,2026092803,3,2000,0,20e290f32c374f11859751e9e1ba59575ea0b9f467852ae0bde6d5ee11e34578,single_linkage,8,0.8700070332236041,0.9554809214757536,1.0,8,0,0.021630280999488605
hierarchical_n2000_g8_easy_noise0,hierarchical,3,2000,8,easy,4.0,0.0,2026092804,4,2000,0,5a64ad354755cc50adbf8d3144a16ab688bdef4e5ab1e00e276e5ad8ca3ebd87,hdbscan_default,20,1.0,1.0,1.0,8,0,0.0340016869995452
hierarchical_n2000_g8_easy_noise0,hierarchical,3,2000,8,easy,4.0,0.0,2026092804,4,2000,0,5a64ad354755cc50adbf8d3144a16ab688bdef4e5ab1e00e276e5ad8ca3ebd87,hdbscan_oracle,5,1.0,1.0,1.0,8,0,0.29807908499969926
hierarchical_n2000_g8_easy_noise0,hierarchical,3,2000,8,easy,4.0,0.0,2026092804,4,2000,0,5a64ad354755cc50adbf8d3144a16ab688bdef4e5ab1e00e276e5ad8ca3ebd87,single_linkage,8,1.0,1.0,1.0,8,0,0.026908226999694307
hierarchical_n2000_g8_extreme_noise0,hierarchical,3,2000,8,extreme,9.0,0.0,2026092800,0,2000,0,46a36901e5ecfee6aace5257a94fb197a5412e2b480eb9d4ffe86d931efbae40,hdbscan_default,20,0.4637995872824871,0.787723871186864,1.0,24,0,0.03339362299993809
hierarchical_n2000_g8_extreme_noise0,hierarchical,3,2000,8,extreme,9.0,0.0,2026092800,0,2000,0,46a36901e5ecfee6aace5257a94fb197a5412e2b480eb9d4ffe86d931efbae40,hdbscan_oracle,75,1.0,1.0,1.0,8,0,0.2984485409997433
hierarchical_n2000_g8_extreme_noise0,hierarchical,3,2000,8,extreme,9.0,0.0,2026092800,0,2000,0,46a36901e5ecfee6aace5257a94fb197a5412e2b480eb9d4ffe86d931efbae40,single_linkage,8,1.0,1.0,1.0,8,0,0.02543582399994193
hierarchical_n2000_g8_extreme_noise0,hierarchical,3,2000,8,extreme,9.0,0.0,2026092801,1,2000,0,46f03fd6cc9a5ef1f960c0b687d632d80283bf8759e5e692b023b433ae95ba56,hdbscan_default,20,0.4637995872824871,0.787723871186864,1.0,24,0,0.03596667800047726
hierarchical_n2000_g8_extreme_noise0,hierarchical,3,2000,8,extreme,9.0,0.0,2026092801,1,2000,0,46f03fd6cc9a5ef1f960c0b687d632d80283bf8759e5e692b023b433ae95ba56,hdbscan_oracle,75,1.0,1.0,1.0,8,0,0.3189429210005983
hierarchical_n2000_g8_extreme_noise0,hierarchical,3,2000,8,extreme,9.0,0.0,2026092801,1,2000,0,46f03fd6cc9a5ef1f960c0b687d632d80283bf8759e5e692b023b433ae95ba56,single_linkage,8,1.0,1.0,1.0,8,0,0.030215624999982538
hierarchical_n2000_g8_extreme_noise0,hierarchical,3,2000,8,extreme,9.0,0.0,2026092802,2,2000,0,0d5b75c70d18c3af6bebabb3f0581ec5e462ca9ce31d9dc6db63efb9517c3500,hdbscan_default,20,0.4637995872824871,0.787723871186864,1.0,24,0,0.03331439599969599
hierarchical_n2000_g8_extreme_noise0,hierarchical,3,2000,8,extreme,9.0,0.0,2026092802,2,2000,0,0d5b75c70d18c3af6bebabb3f0581ec5e462ca9ce31d9dc6db63efb9517c3500,hdbscan_oracle,75,0.8705730009711881,0.956289926124002,1.0,7,0,0.30616013199960435
hierarchical_n2000_g8_extreme_noise0,hierarchical,3,2000,8,extreme,9.0,0.0,2026092802,2,2000,0,0d5b75c70d18c3af6bebabb3f0581ec5e462ca9ce31d9dc6db63efb9517c3500,single_linkage,8,0.8383859341056817,0.9374468741949293,1.0,8,0,0.021473748999596864
hierarchical_n2000_g8_extreme_noise0,hierarchical,3,2000,8,extreme,9.0,0.0,2026092803,3,2000,0,ae4bcdadb8acd8c538a04a8ac4d517756ab9d53af49cdab92c54842a61958029,hdbscan_default,20,0.4637995872824871,0.787723871186864,1.0,24,0,0.03349266799978068
hierarchical_n2000_g8_extreme_noise0,hierarchical,3,2000,8,extreme,9.0,0.0,2026092803,3,2000,0,ae4bcdadb8acd8c538a04a8ac4d517756ab9d53af49cdab92c54842a61958029,hdbscan_oracle,75,0.8705730009711881,0.956289926124002,1.0,7,0,0.3026218080003673
hierarchical_n2000_g8_extreme_noise0,hierarchical,3,2000,8,extreme,9.0,0.0,2026092803,3,2000,0,ae4bcdadb8acd8c538a04a8ac4d517756ab9d53af49cdab92c54842a61958029,single_linkage,8,0.8383859341056817,0.9374468741949293,1.0,8,0,0.021730288000071596
hierarchical_n2000_g8_extreme_noise0,hierarchical,3,2000,8,extreme,9.0,0.0,2026092804,4,2000,0,88a781e29ea3f779a5b104aec86fae4c639a7030b35c93d733e72d2ab5c625db,hdbscan_default,20,0.4637995872824871,0.787723871186864,1.0,24,0,0.032427774000098
hierarchical_n2000_g8_extreme_noise0,hierarchical,3,2000,8,extreme,9.0,0.0,2026092804,4,2000,0,88a781e29ea3f779a5b104aec86fae4c639a7030b35c93d733e72d2ab5c625db,hdbscan_oracle,75,0.9332244921472524,0.9629261733994955,1.0,10,0,0.2957830429995738
hierarchical_n2000_g8_extreme_noise0,hierarchical,3,2000,8,extreme,9.0,0.0,2026092804,4,2000,0,88a781e29ea3f779a5b104aec86fae4c639a7030b35c93d733e72d2ab5c625db,single_linkage,8,1.0,1.0,1.0,8,0,0.02109792800001742
hierarchical_n2000_g8_hard_noise0,hierarchical,3,2000,8,hard,6.8,0.0,2026092800,0,2000,0,8565ecef6047d04dc20f4152a872c1a3b9fdd67a043144cbba2322123c293351,hdbscan_default,20,0.5361529043738978,0.786354730367209,0.976,22,48,0.032437612000649096
hierarchical_n2000_g8_hard_noise0,hierarchical,3,2000,8,hard,6.8,0.0,2026092800,0,2000,0,8565ecef6047d04dc20f4152a872c1a3b9fdd67a043144cbba2322123c293351,hdbscan_oracle,50,1.0,1.0,1.0,8,0,0.3797918709997248
hierarchical_n2000_g8_hard_noise0,hierarchical,3,2000,8,hard,6.8,0.0,2026092800,0,2000,0,8565ecef6047d04dc20f4152a872c1a3b9fdd67a043144cbba2322123c293351,single_linkage,8,1.0,1.0,1.0,8,0,0.02119327600030374
hierarchical_n2000_g8_hard_noise0,hierarchical,3,2000,8,hard,6.8,0.0,2026092801,1,2000,0,0abc918af09437e8fcd6ac79f347a97d6ff87f3524d79a5b18247711d5a70b22,hdbscan_default,20,0.5374614574860151,0.7870245168788654,0.978,22,44,0.03655769000033615
hierarchical_n2000_g8_hard_noise0,hierarchical,3,2000,8,hard,6.8,0.0,2026092801,1,2000,0,0abc918af09437e8fcd6ac79f347a97d6ff87f3524d79a5b18247711d5a70b22,hdbscan_oracle,50,1.0,1.0,1.0,8,0,0.3592822430000524
hierarchical_n2000_g8_hard_noise0,hierarchical,3,2000,8,hard,6.8,0.0,2026092801,1,2000,0,0abc918af09437e8fcd6ac79f347a97d6ff87f3524d79a5b18247711d5a70b22,single_linkage,8,1.0,1.0,1.0,8,0,0.02423100699979841
hierarchical_n2000_g8_hard_noise0,hierarchical,3,2000,8,hard,6.8,0.0,2026092802,2,2000,0,70e4408ed240aa26c2748ffedf9428373eeeae04cb64933b9cc1bd5b3a72b4cf,hdbscan_default,20,0.5386489272225802,0.7902277646966367,0.979,22,42,0.0334143119998771
hierarchical_n2000_g8_hard_noise0,hierarchical,3,2000,8,hard,6.8,0.0,2026092802,2,2000,0,70e4408ed240aa26c2748ffedf9428373eeeae04cb64933b9cc1bd5b3a72b4cf,hdbscan_oracle,50,0.8705730009711881,0.956289926124002,1.0,7,0,0.3015097150000656
hierarchical_n2000_g8_hard_noise0,hierarchical,3,2000,8,hard,6.8,0.0,2026092802,2,2000,0,70e4408ed240aa26c2748ffedf9428373eeeae04cb64933b9cc1bd5b3a72b4cf,single_linkage,8,1.0,1.0,1.0,8,0,0.02285681699959241
hierarchical_n2000_g8_hard_noise0,hierarchical,3,2000,8,hard,6.8,0.0,2026092803,3,2000,0,748ee1332380da98a9483a21f9931f78d708470ab6c531ed51085301bb7463dc,hdbscan_default,20,0.5379733898465677,0.7891648530148964,0.978,22,44,0.032965737000267836
hierarchical_n2000_g8_hard_noise0,hierarchical,3,2000,8,hard,6.8,0.0,2026092803,3,2000,0,748ee1332380da98a9483a21f9931f78d708470ab6c531ed51085301bb7463dc,hdbscan_oracle,50,0.8705730009711881,0.956289926124002,1.0,7,0,0.29775967600016884
hierarchical_n2000_g8_hard_noise0,hierarchical,3,2000,8,hard,6.8,0.0,2026092803,3,2000,0,748ee1332380da98a9483a21f9931f78d708470ab6c531ed51085301bb7463dc,single_linkage,8,1.0,1.0,1.0,8,0,0.023874052999417472
hierarchical_n2000_g8_hard_noise0,hierarchical,3,2000,8,hard,6.8,0.0,2026092804,4,2000,0,27bbed8f4ba6d0e3e87301647f1259f3ca28167e2afb380997d5d2ab52d01f33,hdbscan_default,20,0.5332551368397856,0.7841861120079596,0.9715,22,57,0.03925574799995957
hierarchical_n2000_g8_hard_noise0,hierarchical,3,2000,8,hard,6.8,0.0,2026092804,4,2000,0,27bbed8f4ba6d0e3e87301647f1259f3ca28167e2afb380997d5d2ab52d01f33,hdbscan_oracle,75,1.0,1.0,1.0,8,0,0.3360637769992536
hierarchical_n2000_g8_hard_noise0,hierarchical,3,2000,8,hard,6.8,0.0,2026092804,4,2000,0,27bbed8f4ba6d0e3e87301647f1259f3ca28167e2afb380997d5d2ab52d01f33,single_linkage,8,1.0,1.0,1.0,8,0,0.022608274000049278
hierarchical_n2000_g8_medium_noise0,hierarchical,3,2000,8,medium,6.3,0.0,2026092800,0,2000,0,824ba239d433970d2468217efc4232f9ab2ce013f2f772076dd2b3c785c56092,hdbscan_default,20,0.6101611873393854,0.8000949917438746,0.964,20,72,0.049235026000133075
hierarchical_n2000_g8_medium_noise0,hierarchical,3,2000,8,medium,6.3,0.0,2026092800,0,2000,0,824ba239d433970d2468217efc4232f9ab2ce013f2f772076dd2b3c785c56092,hdbscan_oracle,30,1.0,1.0,1.0,8,0,0.5030482790007227
hierarchical_n2000_g8_medium_noise0,hierarchical,3,2000,8,medium,6.3,0.0,2026092800,0,2000,0,824ba239d433970d2468217efc4232f9ab2ce013f2f772076dd2b3c785c56092,single_linkage,8,1.0,1.0,1.0,8,0,0.03162993599926267
hierarchical_n2000_g8_medium_noise0,hierarchical,3,2000,8,medium,6.3,0.0,2026092801,1,2000,0,698974e4a66b99e8ceb4662030652d5b97341bae95347e79f375fe24697cefae,hdbscan_default,20,0.694013948983716,0.8335858652376281,0.9755,18,49,0.044080751000365126
hierarchical_n2000_g8_medium_noise0,hierarchical,3,2000,8,medium,6.3,0.0,2026092801,1,2000,0,698974e4a66b99e8ceb4662030652d5b97341bae95347e79f375fe24697cefae,hdbscan_oracle,30,1.0,1.0,1.0,8,0,0.3062890820001485
hierarchical_n2000_g8_medium_noise0,hierarchical,3,2000,8,medium,6.3,0.0,2026092801,1,2000,0,698974e4a66b99e8ceb4662030652d5b97341bae95347e79f375fe24697cefae,single_linkage,8,1.0,1.0,1.0,8,0,0.025656644999799028
hierarchical_n2000_g8_medium_noise0,hierarchical,3,2000,8,medium,6.3,0.0,2026092802,2,2000,0,c06e376385e1ff2452373e70ffcca5e4ebb488a1dacb0ea5250264341edf608f,hdbscan_default,20,0.8310404572824676,0.894573427196562,0.9825,14,35,0.040347852999730094
hierarchical_n2000_g8_medium_noise0,hierarchical,3,2000,8,medium,6.3,0.0,2026092802,2,2000,0,c06e376385e1ff2452373e70ffcca5e4ebb488a1dacb0ea5250264341edf608f,hdbscan_oracle,30,0.8705730009711881,0.956289926124002,1.0,7,0,0.3066129050002928
hierarchical_n2000_g8_medium_noise0,hierarchical,3,2000,8,medium,6.3,0.0,2026092802,2,2000,0,c06e376385e1ff2452373e70ffcca5e4ebb488a1dacb0ea5250264341edf608f,single_linkage,8,1.0,1.0,1.0,8,0,0.02285397100058617
hierarchical_n2000_g8_medium_noise0,hierarchical,3,2000,8,medium,6.3,0.0,2026092803,3,2000,0,512de5e7aceb1eacd2854913824425aec21092a14791eaaf45b4b1724a96b237,hdbscan_default,20,0.6354055970216737,0.8124214885805299,0.9595,19,81,0.03354918400054885
hierarchical_n2000_g8_medium_noise0,hierarchical,3,2000,8,medium,6.3,0.0,2026092803,3,2000,0,512de5e7aceb1eacd2854913824425aec21092a14791eaaf45b4b1724a96b237,hdbscan_oracle,30,0.8705730009711881,0.956289926124002,1.0,7,0,0.2983320030007235
hierarchical_n2000_g8_medium_noise0,hierarchical,3,2000,8,medium,6.3,0.0,2026092803,3,2000,0,512de5e7aceb1eacd2854913824425aec21092a14791eaaf45b4b1724a96b237,single_linkage,8,1.0,1.0,1.0,8,0,0.02276269100002537
hierarchical_n2000_g8_medium_noise0,hierarchical,3,2000,8,medium,6.3,0.0,2026092804,4,2000,0,e65cb2f4e460ede6070af116d1dbce975567165775bbcd2eac7c6ae6e5bdd159,hdbscan_default,20,0.6897066470353778,0.8296753704974202,0.968,18,64,0.033319366000796435
hierarchical_n2000_g8_medium_noise0,hierarchical,3,2000,8,medium,6.3,0.0,2026092804,4,2000,0,e65cb2f4e460ede6070af116d1dbce975567165775bbcd2eac7c6ae6e5bdd159,hdbscan_oracle,50,1.0,1.0,1.0,8,0,0.30833786000039254
hierarchical_n2000_g8_medium_noise0,hierarchical,3,2000,8,medium,6.3,0.0,2026092804,4,2000,0,e65cb2f4e460ede6070af116d1dbce975567165775bbcd2eac7c6ae6e5bdd159,single_linkage,8,1.0,1.0,1.0,8,0,0.02133680400038429
shells_n2000_g8_easy_noise0,shells,2,2000,8,easy,4.3,0.0,2026092800,0,2000,0,45166e9304e1208e54ffc25e395602e474f850dac3dad535b5c9340dacee0786,hdbscan_default,20,1.0,1.0,1.0,8,0,0.03369276100056595
shells_n2000_g8_easy_noise0,shells,2,2000,8,easy,4.3,0.0,2026092800,0,2000,0,45166e9304e1208e54ffc25e395602e474f850dac3dad535b5c9340dacee0786,hdbscan_oracle,5,1.0,1.0,1.0,8,0,0.4371445449996827
shells_n2000_g8_easy_noise0,shells,2,2000,8,easy,4.3,0.0,2026092800,0,2000,0,45166e9304e1208e54ffc25e395602e474f850dac3dad535b5c9340dacee0786,single_linkage,8,1.0,1.0,1.0,8,0,0.022369558999344008
shells_n2000_g8_easy_noise0,shells,2,2000,8,easy,4.3,0.0,2026092801,1,2000,0,1addbe19979395a16d13e06901179d2724f6565630befcfecd909c1df8add002,hdbscan_default,20,1.0,1.0,1.0,8,0,0.036864011000034225
shells_n2000_g8_easy_noise0,shells,2,2000,8,easy,4.3,0.0,2026092801,1,2000,0,1addbe19979395a16d13e06901179d2724f6565630befcfecd909c1df8add002,hdbscan_oracle,5,1.0,1.0,1.0,8,0,0.3222821170002135
shells_n2000_g8_easy_noise0,shells,2,2000,8,easy,4.3,0.0,2026092801,1,2000,0,1addbe19979395a16d13e06901179d2724f6565630befcfecd909c1df8add002,single_linkage,8,1.0,1.0,1.0,8,0,0.02185727400046744
shells_n2000_g8_easy_noise0,shells,2,2000,8,easy,4.3,0.0,2026092802,2,2000,0,b8cf25db7f58d6e6fbb17d26481db5b1e39055f275131c27c451c24501089d72,hdbscan_default,20,1.0,1.0,1.0,8,0,0.034061848999954236
shells_n2000_g8_easy_noise0,shells,2,2000,8,easy,4.3,0.0,2026092802,2,2000,0,b8cf25db7f58d6e6fbb17d26481db5b1e39055f275131c27c451c24501089d72,hdbscan_oracle,5,1.0,1.0,1.0,8,0,0.3121173239997006
shells_n2000_g8_easy_noise0,shells,2,2000,8,easy,4.3,0.0,2026092802,2,2000,0,b8cf25db7f58d6e6fbb17d26481db5b1e39055f275131c27c451c24501089d72,single_linkage,8,1.0,1.0,1.0,8,0,0.02439084500019817
shells_n2000_g8_easy_noise0,shells,2,2000,8,easy,4.3,0.0,2026092803,3,2000,0,059b37466e4664256f024cea427a8c2c508456653be592f76730e962522cae65,hdbscan_default,20,1.0,1.0,1.0,8,0,0.032002330999603146
shells_n2000_g8_easy_noise0,shells,2,2000,8,easy,4.3,0.0,2026092803,3,2000,0,059b37466e4664256f024cea427a8c2c508456653be592f76730e962522cae65,hdbscan_oracle,5,1.0,1.0,1.0,8,0,0.3088230740004292
shells_n2000_g8_easy_noise0,shells,2,2000,8,easy,4.3,0.0,2026092803,3,2000,0,059b37466e4664256f024cea427a8c2c508456653be592f76730e962522cae65,single_linkage,8,1.0,1.0,1.0,8,0,0.023836923000089882
shells_n2000_g8_easy_noise0,shells,2,2000,8,easy,4.3,0.0,2026092804,4,2000,0,b8140af250c2a569c0ddb5677f8e2507ff761a65333bdc2203f65de56111ed87,hdbscan_default,20,1.0,1.0,1.0,8,0,0.03369403299984697
shells_n2000_g8_easy_noise0,shells,2,2000,8,easy,4.3,0.0,2026092804,4,2000,0,b8140af250c2a569c0ddb5677f8e2507ff761a65333bdc2203f65de56111ed87,hdbscan_oracle,5,1.0,1.0,1.0,8,0,0.3061630669999431
shells_n2000_g8_easy_noise0,shells,2,2000,8,easy,4.3,0.0,2026092804,4,2000,0,b8140af250c2a569c0ddb5677f8e2507ff761a65333bdc2203f65de56111ed87,single_linkage,8,1.0,1.0,1.0,8,0,0.023968548999619088
shells_n2000_g8_extreme_noise0,shells,2,2000,8,extreme,3.7,0.0,2026092800,0,2000,0,6ee8b4f7324beab58df1c5937e84ac3c2fd7ad5cfa5976635e76bd5513ea4222,hdbscan_default,20,0.1775693244466387,0.5214350887220368,1.0,3,0,0.0317315359998247
shells_n2000_g8_extreme_noise0,shells,2,2000,8,extreme,3.7,0.0,2026092800,0,2000,0,6ee8b4f7324beab58df1c5937e84ac3c2fd7ad5cfa5976635e76bd5513ea4222,hdbscan_oracle,5,1.0,1.0,1.0,8,0,0.3030023669998627
shells_n2000_g8_extreme_noise0,shells,2,2000,8,extreme,3.7,0.0,2026092800,0,2000,0,6ee8b4f7324beab58df1c5937e84ac3c2fd7ad5cfa5976635e76bd5513ea4222,single_linkage,8,1.0,1.0,1.0,8,0,0.022196826999788755
shells_n2000_g8_extreme_noise0,shells,2,2000,8,extreme,3.7,0.0,2026092801,1,2000,0,c19215df0b478ee10f978f158baf2f8c87edab8c00508bf533a9f2f6db538831,hdbscan_default,20,0.1775693244466387,0.5214350887220368,1.0,3,0,0.03166147499996441
shells_n2000_g8_extreme_noise0,shells,2,2000,8,extreme,3.7,0.0,2026092801,1,2000,0,c19215df0b478ee10f978f158baf2f8c87edab8c00508bf533a9f2f6db538831,hdbscan_oracle,5,1.0,1.0,1.0,8,0,0.30799760700028855
shells_n2000_g8_extreme_noise0,shells,2,2000,8,extreme,3.7,0.0,2026092801,1,2000,0,c19215df0b478ee10f978f158baf2f8c87edab8c00508bf533a9f2f6db538831,single_linkage,8,1.0,1.0,1.0,8,0,0.021246215000246593
shells_n2000_g8_extreme_noise0,shells,2,2000,8,extreme,3.7,0.0,2026092802,2,2000,0,6d4487ec65a3179c8e446fbf9e226cdcb986b261d9deb12e34821b472cc062c8,hdbscan_default,20,0.1775693244466387,0.5214350887220368,1.0,3,0,0.03217530299934879
shells_n2000_g8_extreme_noise0,shells,2,2000,8,extreme,3.7,0.0,2026092802,2,2000,0,6d4487ec65a3179c8e446fbf9e226cdcb986b261d9deb12e34821b472cc062c8,hdbscan_oracle,5,1.0,1.0,1.0,8,0,0.3111401530004514
shells_n2000_g8_extreme_noise0,shells,2,2000,8,extreme,3.7,0.0,2026092802,2,2000,0,6d4487ec65a3179c8e446fbf9e226cdcb986b261d9deb12e34821b472cc062c8,single_linkage,8,1.0,1.0,1.0,8,0,0.023161064000305487
shells_n2000_g8_extreme_noise0,shells,2,2000,8,extreme,3.7,0.0,2026092803,3,2000,0,5d961cb40a424b17baac82fe3ae6c4f280eb30d3b37bcc609baeb2e00b1c5792,hdbscan_default,20,0.1775693244466387,0.5214350887220368,1.0,3,0,0.032580668999798945
shells_n2000_g8_extreme_noise0,shells,2,2000,8,extreme,3.7,0.0,2026092803,3,2000,0,5d961cb40a424b17baac82fe3ae6c4f280eb30d3b37bcc609baeb2e00b1c5792,hdbscan_oracle,5,1.0,1.0,1.0,8,0,0.30277351000040653
shells_n2000_g8_extreme_noise0,shells,2,2000,8,extreme,3.7,0.0,2026092803,3,2000,0,5d961cb40a424b17baac82fe3ae6c4f280eb30d3b37bcc609baeb2e00b1c5792,single_linkage,8,1.0,1.0,1.0,8,0,0.02723237100053666
shells_n2000_g8_extreme_noise0,shells,2,2000,8,extreme,3.7,0.0,2026092804,4,2000,0,1581011ba1cae42cea35c9fd218b8692285844a0f160c1fba12cd1f107820cd0,hdbscan_default,20,0.1775693244466387,0.5214350887220368,1.0,3,0,0.034051480000016454
shells_n2000_g8_extreme_noise0,shells,2,2000,8,extreme,3.7,0.0,2026092804,4,2000,0,1581011ba1cae42cea35c9fd218b8692285844a0f160c1fba12cd1f107820cd0,hdbscan_oracle,5,1.0,1.0,1.0,8,0,0.3129098809995412
shells_n2000_g8_extreme_noise0,shells,2,2000,8,extreme,3.7,0.0,2026092804,4,2000,0,1581011ba1cae42cea35c9fd218b8692285844a0f160c1fba12cd1f107820cd0,single_linkage,8,1.0,1.0,1.0,8,0,0.024636542999360245
shells_n2000_g8_hard_noise0,shells,2,2000,8,hard,3.9,0.0,2026092800,0,2000,0,d99bcf2502cada62817cb172ce00038ff54346107faf74708d87b8cd7859d1f1,hdbscan_default,20,0.1775693244466387,0.5214350887220368,1.0,3,0,0.035735778999878676
shells_n2000_g8_hard_noise0,shells,2,2000,8,hard,3.9,0.0,2026092800,0,2000,0,d99bcf2502cada62817cb172ce00038ff54346107faf74708d87b8cd7859d1f1,hdbscan_oracle,5,1.0,1.0,1.0,8,0,0.3002443270006552
shells_n2000_g8_hard_noise0,shells,2,2000,8,hard,3.9,0.0,2026092800,0,2000,0,d99bcf2502cada62817cb172ce00038ff54346107faf74708d87b8cd7859d1f1,single_linkage,8,1.0,1.0,1.0,8,0,0.022000670999659633
shells_n2000_g8_hard_noise0,shells,2,2000,8,hard,3.9,0.0,2026092801,1,2000,0,bb92a467d05767f18fbedaf0ce617280ecdb75528f884d77640ed3d993e094f6,hdbscan_default,20,0.1775693244466387,0.5214350887220368,1.0,3,0,0.03211090299919306
shells_n2000_g8_hard_noise0,shells,2,2000,8,hard,3.9,0.0,2026092801,1,2000,0,bb92a467d05767f18fbedaf0ce617280ecdb75528f884d77640ed3d993e094f6,hdbscan_oracle,5,1.0,1.0,1.0,8,0,0.3099785679996785
shells_n2000_g8_hard_noise0,shells,2,2000,8,hard,3.9,0.0,2026092801,1,2000,0,bb92a467d05767f18fbedaf0ce617280ecdb75528f884d77640ed3d993e094f6,single_linkage,8,1.0,1.0,1.0,8,0,0.02193446799992671
shells_n2000_g8_hard_noise0,shells,2,2000,8,hard,3.9,0.0,2026092802,2,2000,0,8092107bce8cf749e915f20868b05132e337525264b430e4bbdfbe728786073a,hdbscan_default,20,1.0,1.0,1.0,8,0,0.03428540500044619
shells_n2000_g8_hard_noise0,shells,2,2000,8,hard,3.9,0.0,2026092802,2,2000,0,8092107bce8cf749e915f20868b05132e337525264b430e4bbdfbe728786073a,hdbscan_oracle,5,1.0,1.0,1.0,8,0,0.2982117179999477
shells_n2000_g8_hard_noise0,shells,2,2000,8,hard,3.9,0.0,2026092802,2,2000,0,8092107bce8cf749e915f20868b05132e337525264b430e4bbdfbe728786073a,single_linkage,8,1.0,1.0,1.0,8,0,0.02146316000016668
shells_n2000_g8_hard_noise0,shells,2,2000,8,hard,3.9,0.0,2026092803,3,2000,0,4989241c6929d805e4be7a8d0301435c5f5ca62500f77061cb368855bdc7eef1,hdbscan_default,20,0.1775693244466387,0.5214350887220368,1.0,3,0,0.04160248300013336
shells_n2000_g8_hard_noise0,shells,2,2000,8,hard,3.9,0.0,2026092803,3,2000,0,4989241c6929d805e4be7a8d0301435c5f5ca62500f77061cb368855bdc7eef1,hdbscan_oracle,5,1.0,1.0,1.0,8,0,0.317074732999572
shells_n2000_g8_hard_noise0,shells,2,2000,8,hard,3.9,0.0,2026092803,3,2000,0,4989241c6929d805e4be7a8d0301435c5f5ca62500f77061cb368855bdc7eef1,single_linkage,8,1.0,1.0,1.0,8,0,0.023783433999597037
shells_n2000_g8_hard_noise0,shells,2,2000,8,hard,3.9,0.0,2026092804,4,2000,0,cdcaa18631b40d9ac4bc78b325c72060be5a54795e5a138f08de4a29cffe4f97,hdbscan_default,20,0.1775693244466387,0.5214350887220368,1.0,3,0,0.033205622999957995
shells_n2000_g8_hard_noise0,shells,2,2000,8,hard,3.9,0.0,2026092804,4,2000,0,cdcaa18631b40d9ac4bc78b325c72060be5a54795e5a138f08de4a29cffe4f97,hdbscan_oracle,5,1.0,1.0,1.0,8,0,0.320704506999391
shells_n2000_g8_hard_noise0,shells,2,2000,8,hard,3.9,0.0,2026092804,4,2000,0,cdcaa18631b40d9ac4bc78b325c72060be5a54795e5a138f08de4a29cffe4f97,single_linkage,8,1.0,1.0,1.0,8,0,0.02242826800011244
shells_n2000_g8_medium_noise0,shells,2,2000,8,medium,4.05,0.0,2026092800,0,2000,0,c6822601cacb59753a525662e5fcbde7d87bb8c54221f0158205269f339cdc0b,hdbscan_default,20,1.0,1.0,1.0,8,0,0.03264203299931978
shells_n2000_g8_medium_noise0,shells,2,2000,8,medium,4.05,0.0,2026092800,0,2000,0,c6822601cacb59753a525662e5fcbde7d87bb8c54221f0158205269f339cdc0b,hdbscan_oracle,5,1.0,1.0,1.0,8,0,0.2989434019991677
shells_n2000_g8_medium_noise0,shells,2,2000,8,medium,4.05,0.0,2026092800,0,2000,0,c6822601cacb59753a525662e5fcbde7d87bb8c54221f0158205269f339cdc0b,single_linkage,8,1.0,1.0,1.0,8,0,0.02227181600028416
shells_n2000_g8_medium_noise0,shells,2,2000,8,medium,4.05,0.0,2026092801,1,2000,0,061a808ca1c0a3464f917cc4448a8ec06f56541279397943dd520e0db2ace9c0,hdbscan_default,20,1.0,1.0,1.0,8,0,0.03273881299992354
shells_n2000_g8_medium_noise0,shells,2,2000,8,medium,4.05,0.0,2026092801,1,2000,0,061a808ca1c0a3464f917cc4448a8ec06f56541279397943dd520e0db2ace9c0,hdbscan_oracle,5,1.0,1.0,1.0,8,0,0.30423937200066575
shells_n2000_g8_medium_noise0,shells,2,2000,8,medium,4.05,0.0,2026092801,1,2000,0,061a808ca1c0a3464f917cc4448a8ec06f56541279397943dd520e0db2ace9c0,single_linkage,8,1.0,1.0,1.0,8,0,0.021526186999835772
shells_n2000_g8_medium_noise0,shells,2,2000,8,medium,4.05,0.0,2026092802,2,2000,0,d2ecb15986e645197ad8af50c6dc76828eb6b4a0292b07cbb14d6cafb6d080ea,hdbscan_default,20,1.0,1.0,1.0,8,0,0.031685499999184685
shells_n2000_g8_medium_noise0,shells,2,2000,8,medium,4.05,0.0,2026092802,2,2000,0,d2ecb15986e645197ad8af50c6dc76828eb6b4a0292b07cbb14d6cafb6d080ea,hdbscan_oracle,5,1.0,1.0,1.0,8,0,0.3028730860005453
shells_n2000_g8_medium_noise0,shells,2,2000,8,medium,4.05,0.0,2026092802,2,2000,0,d2ecb15986e645197ad8af50c6dc76828eb6b4a0292b07cbb14d6cafb6d080ea,single_linkage,8,1.0,1.0,1.0,8,0,0.022560894999514858
shells_n2000_g8_medium_noise0,shells,2,2000,8,medium,4.05,0.0,2026092803,3,2000,0,da0e3c9f27a5177346f7e722b2671790a8d305ec3e31e708897ae8aada67d5b5,hdbscan_default,20,0.1775693244466387,0.5214350887220368,1.0,3,0,0.032799315999909595
shells_n2000_g8_medium_noise0,shells,2,2000,8,medium,4.05,0.0,2026092803,3,2000,0,da0e3c9f27a5177346f7e722b2671790a8d305ec3e31e708897ae8aada67d5b5,hdbscan_oracle,5,1.0,1.0,1.0,8,0,0.3573260279999886
shells_n2000_g8_medium_noise0,shells,2,2000,8,medium,4.05,0.0,2026092803,3,2000,0,da0e3c9f27a5177346f7e722b2671790a8d305ec3e31e708897ae8aada67d5b5,single_linkage,8,1.0,1.0,1.0,8,0,0.021004905000154395
shells_n2000_g8_medium_noise0,shells,2,2000,8,medium,4.05,0.0,2026092804,4,2000,0,96615cd5e987a048eb57966988fdcdd701be1d35a0d6d426c0c5fb617edbf1dd,hdbscan_default,20,1.0,1.0,1.0,8,0,0.03340070600006584
shells_n2000_g8_medium_noise0,shells,2,2000,8,medium,4.05,0.0,2026092804,4,2000,0,96615cd5e987a048eb57966988fdcdd701be1d35a0d6d426c0c5fb617edbf1dd,hdbscan_oracle,5,1.0,1.0,1.0,8,0,0.3042035060007038
shells_n2000_g8_medium_noise0,shells,2,2000,8,medium,4.05,0.0,2026092804,4,2000,0,96615cd5e987a048eb57966988fdcdd701be1d35a0d6d426c0c5fb617edbf1dd,single_linkage,8,1.0,1.0,1.0,8,0,0.021447109999826353
spherical_n2000_g16_hard_noise0,spherical,3,2000,16,hard,4.6,0.0,2026092800,0,2000,0,6f8ca684b32bec1e05ae2ac4d26b7b8c5f54e9b6c63e958102f6c3e9a695bd9f,hdbscan_default,20,0.34635069862038276,0.7261216848073963,0.6925,16,615,0.03272854500028188
spherical_n2000_g16_hard_noise0,spherical,3,2000,16,hard,4.6,0.0,2026092800,0,2000,0,6f8ca684b32bec1e05ae2ac4d26b7b8c5f54e9b6c63e958102f6c3e9a695bd9f,hdbscan_oracle,5,0.5376089455252564,0.7840553696978482,0.793,17,414,0.3032390779999332
spherical_n2000_g16_hard_noise0,spherical,3,2000,16,hard,4.6,0.0,2026092800,0,2000,0,6f8ca684b32bec1e05ae2ac4d26b7b8c5f54e9b6c63e958102f6c3e9a695bd9f,single_linkage,16,0.017532067694733658,0.15230207480943123,1.0,16,0,0.02105956800005515
spherical_n2000_g16_hard_noise0,spherical,3,2000,16,hard,4.6,0.0,2026092801,1,2000,0,c0bcd4b9dadff8954a9bbabc20adabfe7b25d4ce9310154b74dd180ff7abf98c,hdbscan_default,20,0.38504470662620144,0.7424545822596657,0.713,16,574,0.033260887000324146
spherical_n2000_g16_hard_noise0,spherical,3,2000,16,hard,4.6,0.0,2026092801,1,2000,0,c0bcd4b9dadff8954a9bbabc20adabfe7b25d4ce9310154b74dd180ff7abf98c,hdbscan_oracle,5,0.5431439968862328,0.7897239526885113,0.797,18,406,0.2984778649997679
spherical_n2000_g16_hard_noise0,spherical,3,2000,16,hard,4.6,0.0,2026092801,1,2000,0,c0bcd4b9dadff8954a9bbabc20adabfe7b25d4ce9310154b74dd180ff7abf98c,single_linkage,16,-5.552240806463302e-07,-1.4981322048465989e-06,1.0,16,0,0.021013110999774653
spherical_n2000_g16_hard_noise0,spherical,3,2000,16,hard,4.6,0.0,2026092802,2,2000,0,bfd9d0dde6ecbfe5fea581813119e29c0425cc230239947b4cbc969263ed3306,hdbscan_default,20,0.3841283767909855,0.7393037750097597,0.7135,16,573,0.0328549390005719
spherical_n2000_g16_hard_noise0,spherical,3,2000,16,hard,4.6,0.0,2026092802,2,2000,0,bfd9d0dde6ecbfe5fea581813119e29c0425cc230239947b4cbc969263ed3306,hdbscan_oracle,5,0.5824732200559696,0.8011066689693371,0.8135,17,373,0.3008446459998595
spherical_n2000_g16_hard_noise0,spherical,3,2000,16,hard,4.6,0.0,2026092802,2,2000,0,bfd9d0dde6ecbfe5fea581813119e29c0425cc230239947b4cbc969263ed3306,single_linkage,16,0.017401464028653606,0.1517945023724714,1.0,16,0,0.02090306599984615
spherical_n2000_g16_hard_noise0,spherical,3,2000,16,hard,4.6,0.0,2026092803,3,2000,0,722c3a2451524003e62b2371db311939ef3bb511fe997a7fcf249fde7840157e,hdbscan_default,20,0.3722903318866157,0.7221491819728606,0.7175,15,565,0.03415550299996539
spherical_n2000_g16_hard_noise0,spherical,3,2000,16,hard,4.6,0.0,2026092803,3,2000,0,722c3a2451524003e62b2371db311939ef3bb511fe997a7fcf249fde7840157e,hdbscan_oracle,5,0.5771358884970644,0.8057200214406018,0.799,18,402,0.3126627000001463
spherical_n2000_g16_hard_noise0,spherical,3,2000,16,hard,4.6,0.0,2026092803,3,2000,0,722c3a2451524003e62b2371db311939ef3bb511fe997a7fcf249fde7840157e,single_linkage,16,0.01725349852453586,0.15015881291107547,1.0,16,0,0.020533146999696328
spherical_n2000_g16_hard_noise0,spherical,3,2000,16,hard,4.6,0.0,2026092804,4,2000,0,3b4ac84b628aa9f6bb467827906fd72a44e4ee392bd5e70734b7a4e5d9f02543,hdbscan_default,20,0.3559617106679554,0.7349998401297524,0.6915,16,617,0.03267038599915395
spherical_n2000_g16_hard_noise0,spherical,3,2000,16,hard,4.6,0.0,2026092804,4,2000,0,3b4ac84b628aa9f6bb467827906fd72a44e4ee392bd5e70734b7a4e5d9f02543,hdbscan_oracle,5,0.518674171695613,0.785679533803348,0.777,17,446,0.4433656479995989
spherical_n2000_g16_hard_noise0,spherical,3,2000,16,hard,4.6,0.0,2026092804,4,2000,0,3b4ac84b628aa9f6bb467827906fd72a44e4ee392bd5e70734b7a4e5d9f02543,single_linkage,16,4.744549883067042e-06,0.001090719385930976,1.0,16,0,0.021770282000034058
spherical_n2000_g16_medium_noise0,spherical,3,2000,16,medium,5.2,0.0,2026092800,0,2000,0,80b23f116cf28a968a53ff00ef42da435689ed51c5d9293dc8d70294ae2f8c73,hdbscan_default,20,0.6932861996126447,0.8494355159706077,0.8465,16,307,0.03363457300019945
spherical_n2000_g16_medium_noise0,spherical,3,2000,16,medium,5.2,0.0,2026092800,0,2000,0,80b23f116cf28a968a53ff00ef42da435689ed51c5d9293dc8d70294ae2f8c73,hdbscan_oracle,5,0.8144349474430362,0.8926734994546464,0.8955,17,209,0.3172054169999683
spherical_n2000_g16_medium_noise0,spherical,3,2000,16,medium,5.2,0.0,2026092800,0,2000,0,80b23f116cf28a968a53ff00ef42da435689ed51c5d9293dc8d70294ae2f8c73,single_linkage,16,0.2624934721418201,0.7026561244438319,1.0,16,0,0.021295366999765974
spherical_n2000_g16_medium_noise0,spherical,3,2000,16,medium,5.2,0.0,2026092801,1,2000,0,c3e91f29c7717b72b1065557121669b4a0994d02b003458ef44b0bf2a331544e,hdbscan_default,20,0.6388695221014035,0.825889456139359,0.839,15,322,0.039747494999573973
spherical_n2000_g16_medium_noise0,spherical,3,2000,16,medium,5.2,0.0,2026092801,1,2000,0,c3e91f29c7717b72b1065557121669b4a0994d02b003458ef44b0bf2a331544e,hdbscan_oracle,5,0.808604058175076,0.8962941892482633,0.9185,15,163,0.3084005969994905
spherical_n2000_g16_medium_noise0,spherical,3,2000,16,medium,5.2,0.0,2026092801,1,2000,0,c3e91f29c7717b72b1065557121669b4a0994d02b003458ef44b0bf2a331544e,single_linkage,16,0.16506585690925826,0.6086504638354566,1.0,16,0,0.021665647000190802
spherical_n2000_g16_medium_noise0,spherical,3,2000,16,medium,5.2,0.0,2026092802,2,2000,0,61f5435afa831ae755629faf95eacead7bfab28c0b69df8e03903880a6f293e2,hdbscan_default,20,0.5999414975309414,0.8198145742535801,0.808,16,384,0.03331521800009796
spherical_n2000_g16_medium_noise0,spherical,3,2000,16,medium,5.2,0.0,2026092802,2,2000,0,61f5435afa831ae755629faf95eacead7bfab28c0b69df8e03903880a6f293e2,hdbscan_oracle,5,0.8049433217641516,0.8829162342288914,0.895,16,210,0.295597596999869
spherical_n2000_g16_medium_noise0,spherical,3,2000,16,medium,5.2,0.0,2026092802,2,2000,0,61f5435afa831ae755629faf95eacead7bfab28c0b69df8e03903880a6f293e2,single_linkage,16,0.12353020519140619,0.5341652372180163,1.0,16,0,0.02166140900044411
spherical_n2000_g16_medium_noise0,spherical,3,2000,16,medium,5.2,0.0,2026092803,3,2000,0,7466af1c2f5be23d1ebffae693a8ff779944b40097992c9e3c8efc89a6128204,hdbscan_default,20,0.6562749062781532,0.8389399435801695,0.8305,16,339,0.03244355300012103
spherical_n2000_g16_medium_noise0,spherical,3,2000,16,medium,5.2,0.0,2026092803,3,2000,0,7466af1c2f5be23d1ebffae693a8ff779944b40097992c9e3c8efc89a6128204,hdbscan_oracle,5,0.7883088804361332,0.8820041064158026,0.905,15,190,0.3079975459995694
spherical_n2000_g16_medium_noise0,spherical,3,2000,16,medium,5.2,0.0,2026092803,3,2000,0,7466af1c2f5be23d1ebffae693a8ff779944b40097992c9e3c8efc89a6128204,single_linkage,16,0.127492371737508,0.5669222974984791,1.0,16,0,0.023932692000016687
spherical_n2000_g16_medium_noise0,spherical,3,2000,16,medium,5.2,0.0,2026092804,4,2000,0,4dbe803387c00c95c7502680fa643b8449b3817b961835a9fc52888e54108019,hdbscan_default,20,0.5910029829473664,0.8193760458799569,0.8035,16,393,0.03475962999982585
spherical_n2000_g16_medium_noise0,spherical,3,2000,16,medium,5.2,0.0,2026092804,4,2000,0,4dbe803387c00c95c7502680fa643b8449b3817b961835a9fc52888e54108019,hdbscan_oracle,5,0.7694025698871247,0.8770258383177867,0.877,16,246,0.30233234600018477
spherical_n2000_g16_medium_noise0,spherical,3,2000,16,medium,5.2,0.0,2026092804,4,2000,0,4dbe803387c00c95c7502680fa643b8449b3817b961835a9fc52888e54108019,single_linkage,16,0.06238880984438839,0.3893768649042358,1.0,16,0,0.022248272999604524
spherical_n2000_g2_medium_noise0,spherical,3,2000,2,medium,5.2,0.0,2026092800,0,2000,0,50fb5a68d033331ddd329f31375d0feb9299180733f0012a621f42d085de0044,hdbscan_default,20,0.5927431440996048,0.5983113966946012,0.772,2,456,0.03753595400030463
spherical_n2000_g2_medium_noise0,spherical,3,2000,2,medium,5.2,0.0,2026092800,0,2000,0,50fb5a68d033331ddd329f31375d0feb9299180733f0012a621f42d085de0044,hdbscan_oracle,20,0.5927431440996048,0.5983113966946012,0.772,2,456,0.3183416930005478
spherical_n2000_g2_medium_noise0,spherical,3,2000,2,medium,5.2,0.0,2026092800,0,2000,0,50fb5a68d033331ddd329f31375d0feb9299180733f0012a621f42d085de0044,single_linkage,2,0.0,1.3989120980073463e-15,1.0,2,0,0.02020564599934005
spherical_n2000_g2_medium_noise0,spherical,3,2000,2,medium,5.2,0.0,2026092801,1,2000,0,45daa8800705cf37deb079ce1d74c98aa6912bd008750652c823616b869bda9a,hdbscan_default,20,0.5715556126187458,0.5844411759870967,0.758,2,484,0.0328427879994706
spherical_n2000_g2_medium_noise0,spherical,3,2000,2,medium,5.2,0.0,2026092801,1,2000,0,45daa8800705cf37deb079ce1d74c98aa6912bd008750652c823616b869bda9a,hdbscan_oracle,5,0.6817768880873881,0.6426898537458844,0.8395,5,321,0.33217317999969964
spherical_n2000_g2_medium_noise0,spherical,3,2000,2,medium,5.2,0.0,2026092801,1,2000,0,45daa8800705cf37deb079ce1d74c98aa6912bd008750652c823616b869bda9a,single_linkage,2,0.0,1.3989120980073463e-15,1.0,2,0,0.025640103999649
spherical_n2000_g2_medium_noise0,spherical,3,2000,2,medium,5.2,0.0,2026092802,2,2000,0,de75a81be6d5cb6744c0c6d904251076cc596b20bc6209d170f159c1d7382d90,hdbscan_default,20,0.6575154191517328,0.6425814765016825,0.812,2,376,0.03274624799996673
spherical_n2000_g2_medium_noise0,spherical,3,2000,2,medium,5.2,0.0,2026092802,2,2000,0,de75a81be6d5cb6744c0c6d904251076cc596b20bc6209d170f159c1d7382d90,hdbscan_oracle,20,0.6575154191517328,0.6425814765016825,0.812,2,376,0.31442634599989105
spherical_n2000_g2_medium_noise0,spherical,3,2000,2,medium,5.2,0.0,2026092802,2,2000,0,de75a81be6d5cb6744c0c6d904251076cc596b20bc6209d170f159c1d7382d90,single_linkage,2,0.0,1.3989120980073463e-15,1.0,2,0,0.02164965799966012
spherical_n2000_g2_medium_noise0,spherical,3,2000,2,medium,5.2,0.0,2026092803,3,2000,0,36404b53e4cba08999ab176e1d4dd9b7f5d133cd3942c1bfd579a2d126fff18f,hdbscan_default,20,0.5601321533740343,0.5807966951504546,0.7495,2,501,0.03193484500025079
spherical_n2000_g2_medium_noise0,spherical,3,2000,2,medium,5.2,0.0,2026092803,3,2000,0,36404b53e4cba08999ab176e1d4dd9b7f5d133cd3942c1bfd579a2d126fff18f,hdbscan_oracle,10,0.6247393428370659,0.624522753664899,0.7905,2,419,0.31979855800000223
spherical_n2000_g2_medium_noise0,spherical,3,2000,2,medium,5.2,0.0,2026092803,3,2000,0,36404b53e4cba08999ab176e1d4dd9b7f5d133cd3942c1bfd579a2d126fff18f,single_linkage,2,0.0,1.3989120980073463e-15,1.0,2,0,0.020204464000016742
spherical_n2000_g2_medium_noise0,spherical,3,2000,2,medium,5.2,0.0,2026092804,4,2000,0,e587a86a6d44cd0f65e00d6399294ff765acb7d1fe523ae4817106bdd8114104,hdbscan_default,20,0.6684131111391481,0.6541099099417536,0.8165,2,367,0.03212421700027335
spherical_n2000_g2_medium_noise0,spherical,3,2000,2,medium,5.2,0.0,2026092804,4,2000,0,e587a86a6d44cd0f65e00d6399294ff765acb7d1fe523ae4817106bdd8114104,hdbscan_oracle,15,0.6731745622409128,0.657289872388919,0.8195,2,361,0.31113788000038767
spherical_n2000_g2_medium_noise0,spherical,3,2000,2,medium,5.2,0.0,2026092804,4,2000,0,e587a86a6d44cd0f65e00d6399294ff765acb7d1fe523ae4817106bdd8114104,single_linkage,2,0.0,1.3989120980073463e-15,1.0,2,0,0.019892432000233384
spherical_n2000_g32_medium_noise0,spherical,3,2000,32,medium,5.2,0.0,2026092800,0,2000,0,bc7d3dd02183dfda9617cc5c5e149dbaedd892d65fbfd38ef238b2260047752f,hdbscan_default,20,0.030974696619921294,0.3599716569150193,0.9935,7,13,0.0342857069999809
spherical_n2000_g32_medium_noise0,spherical,3,2000,32,medium,5.2,0.0,2026092800,0,2000,0,bc7d3dd02183dfda9617cc5c5e149dbaedd892d65fbfd38ef238b2260047752f,hdbscan_oracle,5,0.6535135957387149,0.8686369257676944,0.867,34,266,0.3152017419997719
spherical_n2000_g32_medium_noise0,spherical,3,2000,32,medium,5.2,0.0,2026092800,0,2000,0,bc7d3dd02183dfda9617cc5c5e149dbaedd892d65fbfd38ef238b2260047752f,single_linkage,32,0.08672405401116039,0.5740082621198855,1.0,32,0,0.021656189000168524
spherical_n2000_g32_medium_noise0,spherical,3,2000,32,medium,5.2,0.0,2026092801,1,2000,0,ae9873a9bcdf1c9bfa3bdaded88c2e66b17c86e036bbbd8b13b2d5504eea7651,hdbscan_default,20,0.03223066124411406,0.3615773859842511,0.983,7,34,0.03387716499946691
spherical_n2000_g32_medium_noise0,spherical,3,2000,32,medium,5.2,0.0,2026092801,1,2000,0,ae9873a9bcdf1c9bfa3bdaded88c2e66b17c86e036bbbd8b13b2d5504eea7651,hdbscan_oracle,5,0.5757479775579349,0.8516632065090861,0.8415,33,317,0.307369054999981
spherical_n2000_g32_medium_noise0,spherical,3,2000,32,medium,5.2,0.0,2026092801,1,2000,0,ae9873a9bcdf1c9bfa3bdaded88c2e66b17c86e036bbbd8b13b2d5504eea7651,single_linkage,32,0.0464289835282274,0.4386492801318035,1.0,32,0,0.02177282600041508
spherical_n2000_g32_medium_noise0,spherical,3,2000,32,medium,5.2,0.0,2026092802,2,2000,0,db4a5c4b7b392dce718104716b8d0c8b654fc6ddd92c0ad6c476e8bd348873de,hdbscan_default,20,0.03109939013748136,0.35858445054181626,0.9895,7,21,0.03603767099957622
spherical_n2000_g32_medium_noise0,spherical,3,2000,32,medium,5.2,0.0,2026092802,2,2000,0,db4a5c4b7b392dce718104716b8d0c8b654fc6ddd92c0ad6c476e8bd348873de,hdbscan_oracle,5,0.5873683314231716,0.8519322527607157,0.848,33,304,0.3021330770006898
spherical_n2000_g32_medium_noise0,spherical,3,2000,32,medium,5.2,0.0,2026092802,2,2000,0,db4a5c4b7b392dce718104716b8d0c8b654fc6ddd92c0ad6c476e8bd348873de,single_linkage,32,0.03874725709521125,0.4086899253144107,1.0,32,0,0.021840521999365592
spherical_n2000_g32_medium_noise0,spherical,3,2000,32,medium,5.2,0.0,2026092803,3,2000,0,e1758ab1f743b334399a601cc54492f25deac8ae33b7bdd9b678dfc7474dc38e,hdbscan_default,20,0.032077753822280966,0.35123390581575864,0.9695,7,61,0.03405964499961556
spherical_n2000_g32_medium_noise0,spherical,3,2000,32,medium,5.2,0.0,2026092803,3,2000,0,e1758ab1f743b334399a601cc54492f25deac8ae33b7bdd9b678dfc7474dc38e,hdbscan_oracle,5,0.6048937420684831,0.8500776822374735,0.859,31,282,0.31714761600051133
spherical_n2000_g32_medium_noise0,spherical,3,2000,32,medium,5.2,0.0,2026092803,3,2000,0,e1758ab1f743b334399a601cc54492f25deac8ae33b7bdd9b678dfc7474dc38e,single_linkage,32,0.06508741153525163,0.519314527802814,1.0,32,0,0.022083546000430943
spherical_n2000_g32_medium_noise0,spherical,3,2000,32,medium,5.2,0.0,2026092804,4,2000,0,9898cd1400c73ad923bba1050cca87144925f0a8d6dfae95b599422a811df50d,hdbscan_default,20,0.031543718113158016,0.36623438529040403,0.998,7,4,0.034322184000302514
spherical_n2000_g32_medium_noise0,spherical,3,2000,32,medium,5.2,0.0,2026092804,4,2000,0,9898cd1400c73ad923bba1050cca87144925f0a8d6dfae95b599422a811df50d,hdbscan_oracle,50,0.03254688394393641,0.3381683039885853,0.9355,7,129,0.3264109420006207
spherical_n2000_g32_medium_noise0,spherical,3,2000,32,medium,5.2,0.0,2026092804,4,2000,0,9898cd1400c73ad923bba1050cca87144925f0a8d6dfae95b599422a811df50d,single_linkage,32,0.055526798005457415,0.48238281849845366,1.0,32,0,0.021500109000044176
spherical_n2000_g4_hard_noise0,spherical,3,2000,4,hard,4.6,0.0,2026092800,0,2000,0,4fefc22b43c41ddbe82ea3277c4383d6ae973d6c60042f786a736f6f34eee981,hdbscan_default,20,0.5923117779222891,0.6780928410974838,0.746,4,508,0.03204523100066581
spherical_n2000_g4_hard_noise0,spherical,3,2000,4,hard,4.6,0.0,2026092800,0,2000,0,4fefc22b43c41ddbe82ea3277c4383d6ae973d6c60042f786a736f6f34eee981,hdbscan_oracle,10,0.6266721801752634,0.6964203524106617,0.768,4,464,0.30686087799949746
spherical_n2000_g4_hard_noise0,spherical,3,2000,4,hard,4.6,0.0,2026092800,0,2000,0,4fefc22b43c41ddbe82ea3277c4383d6ae973d6c60042f786a736f6f34eee981,single_linkage,4,3.3550542956957974e-07,3.6057028228359915e-07,1.0,4,0,0.02695407300052466
spherical_n2000_g4_hard_noise0,spherical,3,2000,4,hard,4.6,0.0,2026092801,1,2000,0,f475547de5a8c8ca8c709fe0937aa7e9a5aaaf0ef6f206ece09254718be68b98,hdbscan_default,20,0.45423993840713156,0.619664049158355,0.643,4,714,0.03766211899983318
spherical_n2000_g4_hard_noise0,spherical,3,2000,4,hard,4.6,0.0,2026092801,1,2000,0,f475547de5a8c8ca8c709fe0937aa7e9a5aaaf0ef6f206ece09254718be68b98,hdbscan_oracle,5,0.5462286534253171,0.6262886208929181,0.835,3,330,0.32298816300044564
spherical_n2000_g4_hard_noise0,spherical,3,2000,4,hard,4.6,0.0,2026092801,1,2000,0,f475547de5a8c8ca8c709fe0937aa7e9a5aaaf0ef6f206ece09254718be68b98,single_linkage,4,3.3550542956957974e-07,3.6057028228359915e-07,1.0,4,0,0.019577414999730536
spherical_n2000_g4_hard_noise0,spherical,3,2000,4,hard,4.6,0.0,2026092802,2,2000,0,d68f02dbb52af2094c1878f4f022cb608dc884f7180c3c5c28082816ca00686f,hdbscan_default,20,0.5201610598153622,0.6458934072890713,0.703,4,594,0.03552450500046689
spherical_n2000_g4_hard_noise0,spherical,3,2000,4,hard,4.6,0.0,2026092802,2,2000,0,d68f02dbb52af2094c1878f4f022cb608dc884f7180c3c5c28082816ca00686f,hdbscan_oracle,10,0.5932800007375559,0.6807003391397587,0.747,4,506,0.32722278499932145
spherical_n2000_g4_hard_noise0,spherical,3,2000,4,hard,4.6,0.0,2026092802,2,2000,0,d68f02dbb52af2094c1878f4f022cb608dc884f7180c3c5c28082816ca00686f,single_linkage,4,-1.0005012511268146e-06,-1.0759611148456393e-06,1.0,4,0,0.019822391999696265
spherical_n2000_g4_hard_noise0,spherical,3,2000,4,hard,4.6,0.0,2026092803,3,2000,0,0ea9ed4106914cc7510bf67ecd7e2eefe9522269c1fc53b60f4b69a2e90bbe92,hdbscan_default,20,0.4938114060978896,0.6312744400352819,0.681,4,638,0.032948623999800475
spherical_n2000_g4_hard_noise0,spherical,3,2000,4,hard,4.6,0.0,2026092803,3,2000,0,0ea9ed4106914cc7510bf67ecd7e2eefe9522269c1fc53b60f4b69a2e90bbe92,hdbscan_oracle,10,0.5162736379406803,0.6430384038688298,0.696,4,608,0.30329741700006707
spherical_n2000_g4_hard_noise0,spherical,3,2000,4,hard,4.6,0.0,2026092803,3,2000,0,0ea9ed4106914cc7510bf67ecd7e2eefe9522269c1fc53b60f4b69a2e90bbe92,single_linkage,4,3.3550542956957974e-07,3.6057028228359915e-07,1.0,4,0,0.021112726999490405
spherical_n2000_g4_hard_noise0,spherical,3,2000,4,hard,4.6,0.0,2026092804,4,2000,0,4015ffe55aeca6042dbc5f51a6ccc270e13e8f571bc378d2edf9b9c982ef73c0,hdbscan_default,20,0.426628463172041,0.605302393603655,0.6285,4,743,0.03354400399985025
spherical_n2000_g4_hard_noise0,spherical,3,2000,4,hard,4.6,0.0,2026092804,4,2000,0,4015ffe55aeca6042dbc5f51a6ccc270e13e8f571bc378d2edf9b9c982ef73c0,hdbscan_oracle,20,0.426628463172041,0.605302393603655,0.6285,4,743,0.321792835999986
spherical_n2000_g4_hard_noise0,spherical,3,2000,4,hard,4.6,0.0,2026092804,4,2000,0,4015ffe55aeca6042dbc5f51a6ccc270e13e8f571bc378d2edf9b9c982ef73c0,single_linkage,4,3.3550542956957974e-07,3.6057028228359915e-07,1.0,4,0,0.0261797690000094
spherical_n2000_g4_medium_noise0,spherical,3,2000,4,medium,5.2,0.0,2026092800,0,2000,0,db83b13127310ade535807573ee5467e7993c9af5579e3187564970da832bdf2,hdbscan_default,20,0.7288650462872422,0.7612919583406837,0.8235,4,353,0.03665202600041084
spherical_n2000_g4_medium_noise0,spherical,3,2000,4,medium,5.2,0.0,2026092800,0,2000,0,db83b13127310ade535807573ee5467e7993c9af5579e3187564970da832bdf2,hdbscan_oracle,10,0.7921524792540281,0.7940730835535974,0.866,4,268,0.32053237699983583
spherical_n2000_g4_medium_noise0,spherical,3,2000,4,medium,5.2,0.0,2026092800,0,2000,0,db83b13127310ade535807573ee5467e7993c9af5579e3187564970da832bdf2,single_linkage,4,3.3550542956957974e-07,3.6057028228359915e-07,1.0,4,0,0.01985794799929863
spherical_n2000_g4_medium_noise0,spherical,3,2000,4,medium,5.2,0.0,2026092801,1,2000,0,a742ea5434e46fa86693edd9b7b28b7068c4afc3f52304e5d9780f4b01817367,hdbscan_default,20,0.706255049624704,0.7520744516649203,0.809,4,382,0.03167733500049508
spherical_n2000_g4_medium_noise0,spherical,3,2000,4,medium,5.2,0.0,2026092801,1,2000,0,a742ea5434e46fa86693edd9b7b28b7068c4afc3f52304e5d9780f4b01817367,hdbscan_oracle,15,0.7203253363669424,0.7630565744849971,0.8145,4,371,0.3230479240000932
spherical_n2000_g4_medium_noise0,spherical,3,2000,4,medium,5.2,0.0,2026092801,1,2000,0,a742ea5434e46fa86693edd9b7b28b7068c4afc3f52304e5d9780f4b01817367,single_linkage,4,3.3550542956957974e-07,3.6057028228359915e-07,1.0,4,0,0.022156812000503123
spherical_n2000_g4_medium_noise0,spherical,3,2000,4,medium,5.2,0.0,2026092802,2,2000,0,db97e298efd969bee970d8c26a36a877b3138f94b4dda387ad324aed62699cd7,hdbscan_default,20,0.7456729809299808,0.770479397336927,0.8355,4,329,0.032128104999173956
spherical_n2000_g4_medium_noise0,spherical,3,2000,4,medium,5.2,0.0,2026092802,2,2000,0,db97e298efd969bee970d8c26a36a877b3138f94b4dda387ad324aed62699cd7,hdbscan_oracle,10,0.7514409498153983,0.7727617600347186,0.8395,4,321,0.3100036249998084
spherical_n2000_g4_medium_noise0,spherical,3,2000,4,medium,5.2,0.0,2026092802,2,2000,0,db97e298efd969bee970d8c26a36a877b3138f94b4dda387ad324aed62699cd7,single_linkage,4,-1.0005012511268146e-06,-1.0759611148456393e-06,1.0,4,0,0.02004213100008201
spherical_n2000_g4_medium_noise0,spherical,3,2000,4,medium,5.2,0.0,2026092803,3,2000,0,28f7e43290c7dcf15d03d3bb26ce0591141f796fa7712efd9f380c2d76c686e1,hdbscan_default,20,0.681849425974461,0.7398393559300215,0.7895,4,421,0.032364965999477135
spherical_n2000_g4_medium_noise0,spherical,3,2000,4,medium,5.2,0.0,2026092803,3,2000,0,28f7e43290c7dcf15d03d3bb26ce0591141f796fa7712efd9f380c2d76c686e1,hdbscan_oracle,15,0.6823342822770241,0.7375080896572843,0.79,4,420,0.306905330000518
spherical_n2000_g4_medium_noise0,spherical,3,2000,4,medium,5.2,0.0,2026092803,3,2000,0,28f7e43290c7dcf15d03d3bb26ce0591141f796fa7712efd9f380c2d76c686e1,single_linkage,4,3.3550542956957974e-07,3.6057028228359915e-07,1.0,4,0,0.02182701800029463
spherical_n2000_g4_medium_noise0,spherical,3,2000,4,medium,5.2,0.0,2026092804,4,2000,0,14036f58ae0cb50ef49d1a895ee48bba8a5f9d3421cd00b47f448d8873b175a8,hdbscan_default,20,0.6591201460537656,0.7286717564367977,0.7755,4,449,0.03295881399935752
spherical_n2000_g4_medium_noise0,spherical,3,2000,4,medium,5.2,0.0,2026092804,4,2000,0,14036f58ae0cb50ef49d1a895ee48bba8a5f9d3421cd00b47f448d8873b175a8,hdbscan_oracle,10,0.7340260705493794,0.7675305907754506,0.824,4,352,0.32234761900053854
spherical_n2000_g4_medium_noise0,spherical,3,2000,4,medium,5.2,0.0,2026092804,4,2000,0,14036f58ae0cb50ef49d1a895ee48bba8a5f9d3421cd00b47f448d8873b175a8,single_linkage,4,3.3550542956957974e-07,3.6057028228359915e-07,1.0,4,0,0.020129083000028913
spherical_n2000_g8_easy_noise0,spherical,3,2000,8,easy,6.8,0.0,2026092800,0,2000,0,879c09d229683cef1d0a5ad30e04c7c62ca3b873e69a30bb15b74458afb7fbab,hdbscan_default,20,0.9699524418179353,0.9647080488109337,0.976,8,48,0.03163322300042637
spherical_n2000_g8_easy_noise0,spherical,3,2000,8,easy,6.8,0.0,2026092800,0,2000,0,879c09d229683cef1d0a5ad30e04c7c62ca3b873e69a30bb15b74458afb7fbab,hdbscan_oracle,10,0.9753772657971645,0.9699003155924661,0.9795,8,41,0.30253718000039953
spherical_n2000_g8_easy_noise0,spherical,3,2000,8,easy,6.8,0.0,2026092800,0,2000,0,879c09d229683cef1d0a5ad30e04c7c62ca3b873e69a30bb15b74458afb7fbab,single_linkage,8,0.4277151931708566,0.733343718497493,1.0,8,0,0.033105536999755714
spherical_n2000_g8_easy_noise0,spherical,3,2000,8,easy,6.8,0.0,2026092801,1,2000,0,4c64210482b3479428dc61a41eeba205402ebeec2c89331401f65a94400dfb5d,hdbscan_default,20,0.9589999385654349,0.9516655003766294,0.969,8,62,0.041008215000147175
spherical_n2000_g8_easy_noise0,spherical,3,2000,8,easy,6.8,0.0,2026092801,1,2000,0,4c64210482b3479428dc61a41eeba205402ebeec2c89331401f65a94400dfb5d,hdbscan_oracle,5,0.9877340553020773,0.9816914725209638,0.9915,8,17,0.41967763799948443
spherical_n2000_g8_easy_noise0,spherical,3,2000,8,easy,6.8,0.0,2026092801,1,2000,0,4c64210482b3479428dc61a41eeba205402ebeec2c89331401f65a94400dfb5d,single_linkage,8,0.4762992772491337,0.7489937846602077,1.0,8,0,0.022312572999908298
spherical_n2000_g8_easy_noise0,spherical,3,2000,8,easy,6.8,0.0,2026092802,2,2000,0,5f962f37846171ca926e80cbe428d157d47f423ead54719cf2385c44ff657aa7,hdbscan_default,20,0.9684152272997296,0.9626082983459961,0.975,8,50,0.032466104999912204
spherical_n2000_g8_easy_noise0,spherical,3,2000,8,easy,6.8,0.0,2026092802,2,2000,0,5f962f37846171ca926e80cbe428d157d47f423ead54719cf2385c44ff657aa7,hdbscan_oracle,5,0.9809257208452807,0.9778357452676371,0.9845,8,31,0.34814044999984617
spherical_n2000_g8_easy_noise0,spherical,3,2000,8,easy,6.8,0.0,2026092802,2,2000,0,5f962f37846171ca926e80cbe428d157d47f423ead54719cf2385c44ff657aa7,single_linkage,8,0.5987183402408767,0.8334035128392046,1.0,8,0,0.021257226000670926
spherical_n2000_g8_easy_noise0,spherical,3,2000,8,easy,6.8,0.0,2026092803,3,2000,0,e9f2bef42fe055dc49a0f632735a19cb4257c928034f172b091ca292deca35db,hdbscan_default,20,0.9585674292308172,0.9538876475233123,0.9675,8,65,0.034021292999568686
spherical_n2000_g8_easy_noise0,spherical,3,2000,8,easy,6.8,0.0,2026092803,3,2000,0,e9f2bef42fe055dc49a0f632735a19cb4257c928034f172b091ca292deca35db,hdbscan_oracle,5,0.9870851398655865,0.982537016327193,0.989,8,22,0.3783647239997663
spherical_n2000_g8_easy_noise0,spherical,3,2000,8,easy,6.8,0.0,2026092803,3,2000,0,e9f2bef42fe055dc49a0f632735a19cb4257c928034f172b091ca292deca35db,single_linkage,8,0.47518068921355416,0.7930272583729225,1.0,8,0,0.03460942000037903
spherical_n2000_g8_easy_noise0,spherical,3,2000,8,easy,6.8,0.0,2026092804,4,2000,0,621e6ada7c33753180d07f1b09284e11213397fb25c92f49e3eb630a1df2d14f,hdbscan_default,20,0.9578566727080637,0.9547195809026633,0.966,8,68,0.04803131300013774
spherical_n2000_g8_easy_noise0,spherical,3,2000,8,easy,6.8,0.0,2026092804,4,2000,0,621e6ada7c33753180d07f1b09284e11213397fb25c92f49e3eb630a1df2d14f,hdbscan_oracle,5,0.9845594801364995,0.9816235661251446,0.9885,8,23,0.358000684000217
spherical_n2000_g8_easy_noise0,spherical,3,2000,8,easy,6.8,0.0,2026092804,4,2000,0,621e6ada7c33753180d07f1b09284e11213397fb25c92f49e3eb630a1df2d14f,single_linkage,8,0.7633551804575932,0.9071087680353932,1.0,8,0,0.02199451999968005
spherical_n2000_g8_extreme_noise0,spherical,3,2000,8,extreme,4.0,0.0,2026092800,0,2000,0,1c54185756824a38937c07e820f0637f5a47cfcf7019b90135a2cf9a128b92fe,hdbscan_default,20,0.1530011227633534,0.4048600696090479,0.878,3,244,0.03129544300009002
spherical_n2000_g8_extreme_noise0,spherical,3,2000,8,extreme,4.0,0.0,2026092800,0,2000,0,1c54185756824a38937c07e820f0637f5a47cfcf7019b90135a2cf9a128b92fe,hdbscan_oracle,20,0.1530011227633534,0.4048600696090479,0.878,3,244,0.31094483099968784
spherical_n2000_g8_extreme_noise0,spherical,3,2000,8,extreme,4.0,0.0,2026092800,0,2000,0,1c54185756824a38937c07e820f0637f5a47cfcf7019b90135a2cf9a128b92fe,single_linkage,8,1.5914746981514589e-06,2.6570503366890327e-06,1.0,8,0,0.020149541999671783
spherical_n2000_g8_extreme_noise0,spherical,3,2000,8,extreme,4.0,0.0,2026092801,1,2000,0,654ab523bcc5d3c075f19bcb284a4ffb4af73b679dfb8330947711cd505aea58,hdbscan_default,20,0.14616593163810376,0.38380528145123666,0.8495,3,301,0.03229857299993455
spherical_n2000_g8_extreme_noise0,spherical,3,2000,8,extreme,4.0,0.0,2026092801,1,2000,0,654ab523bcc5d3c075f19bcb284a4ffb4af73b679dfb8330947711cd505aea58,hdbscan_oracle,5,0.16049178570843398,0.42306839632111987,0.908,3,184,0.32603806800034363
spherical_n2000_g8_extreme_noise0,spherical,3,2000,8,extreme,4.0,0.0,2026092801,1,2000,0,654ab523bcc5d3c075f19bcb284a4ffb4af73b679dfb8330947711cd505aea58,single_linkage,8,9.377455719776235e-06,0.0013393809299646895,1.0,8,0,0.020867499999440042
spherical_n2000_g8_extreme_noise0,spherical,3,2000,8,extreme,4.0,0.0,2026092802,2,2000,0,587b721c4686647d8fe5d0c8f7e7359b8a4f8d6e9821f457a9ba4e1f12ecd5de,hdbscan_default,20,0.15315625238259456,0.3962312879416801,0.862,3,276,0.04102734000025521
spherical_n2000_g8_extreme_noise0,spherical,3,2000,8,extreme,4.0,0.0,2026092802,2,2000,0,587b721c4686647d8fe5d0c8f7e7359b8a4f8d6e9821f457a9ba4e1f12ecd5de,hdbscan_oracle,5,0.1712387467547899,0.4087910362915689,0.845,4,310,0.333943590000672
spherical_n2000_g8_extreme_noise0,spherical,3,2000,8,extreme,4.0,0.0,2026092802,2,2000,0,587b721c4686647d8fe5d0c8f7e7359b8a4f8d6e9821f457a9ba4e1f12ecd5de,single_linkage,8,-7.080250644829945e-07,-1.1846959611995048e-06,1.0,8,0,0.023659401999793772
spherical_n2000_g8_extreme_noise0,spherical,3,2000,8,extreme,4.0,0.0,2026092803,3,2000,0,a7ca54416db228b53af3fc535b7880408df06e8282c1456a790cb0bc98355484,hdbscan_default,20,0.14712717488798893,0.3874037352703863,0.857,3,286,0.05777041300007113
spherical_n2000_g8_extreme_noise0,spherical,3,2000,8,extreme,4.0,0.0,2026092803,3,2000,0,a7ca54416db228b53af3fc535b7880408df06e8282c1456a790cb0bc98355484,hdbscan_oracle,5,0.15817038419724233,0.41421052292347227,0.8895,3,221,0.3120358619999024
spherical_n2000_g8_extreme_noise0,spherical,3,2000,8,extreme,4.0,0.0,2026092803,3,2000,0,a7ca54416db228b53af3fc535b7880408df06e8282c1456a790cb0bc98355484,single_linkage,8,3.898350973849765e-06,0.0005833770089326224,1.0,8,0,0.020882818000245607
spherical_n2000_g8_extreme_noise0,spherical,3,2000,8,extreme,4.0,0.0,2026092804,4,2000,0,b496d0611dcfcbda60f08d7f5163d394fbd9dd0402f369ec9ee8219b24eaebc7,hdbscan_default,20,0.15811606732115363,0.4023351968026193,0.8565,3,287,0.03248027199970238
spherical_n2000_g8_extreme_noise0,spherical,3,2000,8,extreme,4.0,0.0,2026092804,4,2000,0,b496d0611dcfcbda60f08d7f5163d394fbd9dd0402f369ec9ee8219b24eaebc7,hdbscan_oracle,10,0.16129752120434604,0.4085451139293946,0.8695,3,261,0.304579446000389
spherical_n2000_g8_extreme_noise0,spherical,3,2000,8,extreme,4.0,0.0,2026092804,4,2000,0,b496d0611dcfcbda60f08d7f5163d394fbd9dd0402f369ec9ee8219b24eaebc7,single_linkage,8,1.5914746981514589e-06,2.6570503366890327e-06,1.0,8,0,0.020331831000476086
spherical_n2000_g8_hard_noise0,spherical,3,2000,8,hard,4.6,0.0,2026092800,0,2000,0,151c590fc25452a8baf5cb0c6e0e154afd71b010ff5e8774f7e7b3069a656660,hdbscan_default,20,0.16875481122985977,0.46375128345667044,0.949,3,102,0.031484355999964464
spherical_n2000_g8_hard_noise0,spherical,3,2000,8,hard,4.6,0.0,2026092800,0,2000,0,151c590fc25452a8baf5cb0c6e0e154afd71b010ff5e8774f7e7b3069a656660,hdbscan_oracle,10,0.5764388183045862,0.7472451758112068,0.757,8,486,0.30409321000024647
spherical_n2000_g8_hard_noise0,spherical,3,2000,8,hard,4.6,0.0,2026092800,0,2000,0,151c590fc25452a8baf5cb0c6e0e154afd71b010ff5e8774f7e7b3069a656660,single_linkage,8,0.07681013951174473,0.3018934652790812,1.0,8,0,0.02213982000012038
spherical_n2000_g8_hard_noise0,spherical,3,2000,8,hard,4.6,0.0,2026092801,1,2000,0,1767d6aad54a7cfe0f9934e96e9a9824ffc44562a110ad45de809b376c7d8fd7,hdbscan_default,20,0.4601278475065341,0.7070541039110618,0.69,8,620,0.03323565000027884
spherical_n2000_g8_hard_noise0,spherical,3,2000,8,hard,4.6,0.0,2026092801,1,2000,0,1767d6aad54a7cfe0f9934e96e9a9824ffc44562a110ad45de809b376c7d8fd7,hdbscan_oracle,30,0.46598996778430923,0.711232349136985,0.692,8,616,0.30491189600070356
spherical_n2000_g8_hard_noise0,spherical,3,2000,8,hard,4.6,0.0,2026092801,1,2000,0,1767d6aad54a7cfe0f9934e96e9a9824ffc44562a110ad45de809b376c7d8fd7,single_linkage,8,0.07552426116575305,0.2969771681176383,1.0,8,0,0.020389369000440638
spherical_n2000_g8_hard_noise0,spherical,3,2000,8,hard,4.6,0.0,2026092802,2,2000,0,9df00ae90b94cffb1a67f419aaba177610831c5fb24386f78bfb795c8fcaa9bc,hdbscan_default,20,0.16973944924230844,0.45559625326006614,0.9415,3,117,0.03182425900013186
spherical_n2000_g8_hard_noise0,spherical,3,2000,8,hard,4.6,0.0,2026092802,2,2000,0,9df00ae90b94cffb1a67f419aaba177610831c5fb24386f78bfb795c8fcaa9bc,hdbscan_oracle,10,0.17321516003549772,0.4767982590354778,0.9625,3,75,0.3086379599999418
spherical_n2000_g8_hard_noise0,spherical,3,2000,8,hard,4.6,0.0,2026092802,2,2000,0,9df00ae90b94cffb1a67f419aaba177610831c5fb24386f78bfb795c8fcaa9bc,single_linkage,8,4.417248168342322e-07,7.400421445004015e-07,1.0,8,0,0.021848377999958757
spherical_n2000_g8_hard_noise0,spherical,3,2000,8,hard,4.6,0.0,2026092803,3,2000,0,7fcf50f5856f8431aacbf64a9cdc5c4803c396c825a5900704d3d2fca88bdb0a,hdbscan_default,20,0.16371250240922583,0.44633972136937206,0.9325,3,135,0.033060211999327294
spherical_n2000_g8_hard_noise0,spherical,3,2000,8,hard,4.6,0.0,2026092803,3,2000,0,7fcf50f5856f8431aacbf64a9cdc5c4803c396c825a5900704d3d2fca88bdb0a,hdbscan_oracle,5,0.17029901556710186,0.4724044962633661,0.9585,3,83,0.29833248399972945
spherical_n2000_g8_hard_noise0,spherical,3,2000,8,hard,4.6,0.0,2026092803,3,2000,0,7fcf50f5856f8431aacbf64a9cdc5c4803c396c825a5900704d3d2fca88bdb0a,single_linkage,8,3.898350973849765e-06,0.0005833770089326224,1.0,8,0,0.020444200000383717
spherical_n2000_g8_hard_noise0,spherical,3,2000,8,hard,4.6,0.0,2026092804,4,2000,0,14e231eb68090dcd924220a1b941bf258596079507bb96e07adf66534664cdfe,hdbscan_default,20,0.17361073963826407,0.46815772439661135,0.9505,3,99,0.031624096000086865
spherical_n2000_g8_hard_noise0,spherical,3,2000,8,hard,4.6,0.0,2026092804,4,2000,0,14e231eb68090dcd924220a1b941bf258596079507bb96e07adf66534664cdfe,hdbscan_oracle,10,0.5136542788739998,0.7318850003083799,0.716,8,568,0.3005037299999458
spherical_n2000_g8_hard_noise0,spherical,3,2000,8,hard,4.6,0.0,2026092804,4,2000,0,14e231eb68090dcd924220a1b941bf258596079507bb96e07adf66534664cdfe,single_linkage,8,4.417248168342322e-07,7.400421445004015e-07,1.0,8,0,0.02046563000021706
spherical_n2000_g8_medium_noise0,spherical,3,2000,8,medium,5.2,0.0,2026092800,0,2000,0,db8019b18783b7131e72729f714683a9ee0082c7a4cb607f9d1e0f71572ab04a,hdbscan_default,20,0.7323889559450488,0.8225358495313206,0.8345,8,331,0.033080741000048874
spherical_n2000_g8_medium_noise0,spherical,3,2000,8,medium,5.2,0.0,2026092800,0,2000,0,db8019b18783b7131e72729f714683a9ee0082c7a4cb607f9d1e0f71572ab04a,hdbscan_oracle,10,0.7859716144448947,0.8489789696485879,0.862,8,276,0.3547137280002062
spherical_n2000_g8_medium_noise0,spherical,3,2000,8,medium,5.2,0.0,2026092800,0,2000,0,db8019b18783b7131e72729f714683a9ee0082c7a4cb607f9d1e0f71572ab04a,single_linkage,8,0.17746204031508792,0.5166917119894155,1.0,8,0,0.03361659900019731
spherical_n2000_g8_medium_noise0,spherical,3,2000,8,medium,5.2,0.0,2026092801,1,2000,0,f6dea3d7ceae40019539d735c006db35572d1cd48bd424e2860789eb4ca5c6df,hdbscan_default,20,0.7200015736815641,0.8190652080245563,0.8275,8,345,0.048378439999396505
spherical_n2000_g8_medium_noise0,spherical,3,2000,8,medium,5.2,0.0,2026092801,1,2000,0,f6dea3d7ceae40019539d735c006db35572d1cd48bd424e2860789eb4ca5c6df,hdbscan_oracle,5,0.800852266610549,0.848031303961565,0.875,8,250,0.309411240999907
spherical_n2000_g8_medium_noise0,spherical,3,2000,8,medium,5.2,0.0,2026092801,1,2000,0,f6dea3d7ceae40019539d735c006db35572d1cd48bd424e2860789eb4ca5c6df,single_linkage,8,0.07645898969456404,0.29981237112927034,1.0,8,0,0.020707812000182457
spherical_n2000_g8_medium_noise0,spherical,3,2000,8,medium,5.2,0.0,2026092802,2,2000,0,fa87c83d48fd61394ffb73ee1c9d6d02886e335526d2e397c46cfe12bc72dd36,hdbscan_default,20,0.1758100525691127,0.5040308103187047,0.9875,3,25,0.03456912399997236
spherical_n2000_g8_medium_noise0,spherical,3,2000,8,medium,5.2,0.0,2026092802,2,2000,0,fa87c83d48fd61394ffb73ee1c9d6d02886e335526d2e397c46cfe12bc72dd36,hdbscan_oracle,5,0.7720441679609041,0.8366238598622195,0.8475,12,305,0.3287832410005649
spherical_n2000_g8_medium_noise0,spherical,3,2000,8,medium,5.2,0.0,2026092802,2,2000,0,fa87c83d48fd61394ffb73ee1c9d6d02886e335526d2e397c46cfe12bc72dd36,single_linkage,8,0.07687131072317084,0.3039833532461583,1.0,8,0,0.028866857000139134
spherical_n2000_g8_medium_noise0,spherical,3,2000,8,medium,5.2,0.0,2026092803,3,2000,0,07f296e8f69e41f43b7cfead77d6f1226310623e71440d50a7df03a97a84b445,hdbscan_default,20,0.173495607619652,0.48906906018923196,0.975,3,50,0.050321590999374166
spherical_n2000_g8_medium_noise0,spherical,3,2000,8,medium,5.2,0.0,2026092803,3,2000,0,07f296e8f69e41f43b7cfead77d6f1226310623e71440d50a7df03a97a84b445,hdbscan_oracle,10,0.7114239827850242,0.8146892171665577,0.8235,8,353,0.3275135769999906
spherical_n2000_g8_medium_noise0,spherical,3,2000,8,medium,5.2,0.0,2026092803,3,2000,0,07f296e8f69e41f43b7cfead77d6f1226310623e71440d50a7df03a97a84b445,single_linkage,8,0.07686989460904263,0.3039817261656668,1.0,8,0,0.02181623700016644
spherical_n2000_g8_medium_noise0,spherical,3,2000,8,medium,5.2,0.0,2026092804,4,2000,0,a8b6f28e9e6c4a9ea55f01d24085abeeb2e5f859246351e3342bb6d36903a9be,hdbscan_default,20,0.1770354220335787,0.5026380344566231,0.9845,3,31,0.03454725299980055
spherical_n2000_g8_medium_noise0,spherical,3,2000,8,medium,5.2,0.0,2026092804,4,2000,0,a8b6f28e9e6c4a9ea55f01d24085abeeb2e5f859246351e3342bb6d36903a9be,hdbscan_oracle,10,0.7713267737613444,0.8426541996674066,0.8545,8,291,0.30123813899990637
spherical_n2000_g8_medium_noise0,spherical,3,2000,8,medium,5.2,0.0,2026092804,4,2000,0,a8b6f28e9e6c4a9ea55f01d24085abeeb2e5f859246351e3342bb6d36903a9be,single_linkage,8,0.17747960621631467,0.5185338592830264,1.0,8,0,0.021069627000542823
spherical_n2000_g8_medium_noise0p1,spherical,3,2000,8,medium,5.2,0.1,2026092800,0,2000,200,cae551751464670d4bc3b905bc3793b3a62d7be88b01afa676784a3c7fbd2860,hdbscan_default,20,0.6524082847366448,0.784527633101117,0.777,8,446,0.032757177999883424
spherical_n2000_g8_medium_noise0p1,spherical,3,2000,8,medium,5.2,0.1,2026092800,0,2000,200,cae551751464670d4bc3b905bc3793b3a62d7be88b01afa676784a3c7fbd2860,hdbscan_oracle,5,0.7167969831398893,0.8084607684567233,0.81,9,380,0.30697732500084385
spherical_n2000_g8_medium_noise0p1,spherical,3,2000,8,medium,5.2,0.1,2026092800,0,2000,200,cae551751464670d4bc3b905bc3793b3a62d7be88b01afa676784a3c7fbd2860,single_linkage,8,0.0003848658883497589,0.004235814067507935,1.0,8,0,0.022198849999767845
spherical_n2000_g8_medium_noise0p1,spherical,3,2000,8,medium,5.2,0.1,2026092801,1,2000,200,8f6c1c973f8f4e9a964a4c44f078c0db44f3e7fad32de7c6f46f4b75e16efbeb,hdbscan_default,20,0.5427732179949268,0.7432021714236939,0.7165,8,567,0.032692226999643026
spherical_n2000_g8_medium_noise0p1,spherical,3,2000,8,medium,5.2,0.1,2026092801,1,2000,200,8f6c1c973f8f4e9a964a4c44f078c0db44f3e7fad32de7c6f46f4b75e16efbeb,hdbscan_oracle,5,0.6534123621199861,0.7651180445320116,0.811,8,378,0.3371528819998275
spherical_n2000_g8_medium_noise0p1,spherical,3,2000,8,medium,5.2,0.1,2026092801,1,2000,200,8f6c1c973f8f4e9a964a4c44f078c0db44f3e7fad32de7c6f46f4b75e16efbeb,single_linkage,8,0.0002331761461369617,0.0009986112224799617,1.0,8,0,0.020841722000113805
spherical_n2000_g8_medium_noise0p1,spherical,3,2000,8,medium,5.2,0.1,2026092802,2,2000,200,634798192a4132153d438f6306f12efb31b7b1f4128b477fc9f9fa45414defd7,hdbscan_default,20,0.6343670822243633,0.7787735845567596,0.76,8,480,0.032917937000092934
spherical_n2000_g8_medium_noise0p1,spherical,3,2000,8,medium,5.2,0.1,2026092802,2,2000,200,634798192a4132153d438f6306f12efb31b7b1f4128b477fc9f9fa45414defd7,hdbscan_oracle,5,0.7044666936685856,0.8041574454587846,0.802,10,396,0.30608428200048365
spherical_n2000_g8_medium_noise0p1,spherical,3,2000,8,medium,5.2,0.1,2026092802,2,2000,200,634798192a4132153d438f6306f12efb31b7b1f4128b477fc9f9fa45414defd7,single_linkage,8,0.0002331761461369617,0.0009986112224799617,1.0,8,0,0.02026476600076421
spherical_n2000_g8_medium_noise0p1,spherical,3,2000,8,medium,5.2,0.1,2026092803,3,2000,200,ebeb78ceb4ebbf14d90125301397881bc27bc423f66812c157ccff064e60d367,hdbscan_default,20,0.5680203810827253,0.7530791990053688,0.7285,8,543,0.03398441500030458
spherical_n2000_g8_medium_noise0p1,spherical,3,2000,8,medium,5.2,0.1,2026092803,3,2000,200,ebeb78ceb4ebbf14d90125301397881bc27bc423f66812c157ccff064e60d367,hdbscan_oracle,5,0.628066241417364,0.7697431616368854,0.7625,10,475,0.31699080700036575
spherical_n2000_g8_medium_noise0p1,spherical,3,2000,8,medium,5.2,0.1,2026092803,3,2000,200,ebeb78ceb4ebbf14d90125301397881bc27bc423f66812c157ccff064e60d367,single_linkage,8,0.0002679738786205233,0.0016181383558656387,1.0,8,0,0.021161878000384604
spherical_n2000_g8_medium_noise0p1,spherical,3,2000,8,medium,5.2,0.1,2026092804,4,2000,200,7f052bfa3d59f3bba4c43fa91ec5057c6fd287179521f82670222a7536b825a6,hdbscan_default,20,0.6847829021168843,0.8025010710307626,0.784,8,432,0.03230828100004146
spherical_n2000_g8_medium_noise0p1,spherical,3,2000,8,medium,5.2,0.1,2026092804,4,2000,200,7f052bfa3d59f3bba4c43fa91ec5057c6fd287179521f82670222a7536b825a6,hdbscan_oracle,10,0.7249969391045128,0.8145338393010265,0.809,8,382,0.30313091599964537
spherical_n2000_g8_medium_noise0p1,spherical,3,2000,8,medium,5.2,0.1,2026092804,4,2000,200,7f052bfa3d59f3bba4c43fa91ec5057c6fd287179521f82670222a7536b825a6,single_linkage,8,0.0003048511545148419,0.002409521243326133,1.0,8,0,0.020504602999608323
spherical_n2000_g8_medium_noise0p3,spherical,3,2000,8,medium,5.2,0.3,2026092800,0,2000,600,6fdd31c8e869dcf1604cb3ad0743acba374bfd771f1d1df27f7c45168ff0a5ac,hdbscan_default,20,0.5711927236046456,0.7165190279637775,0.625,8,750,0.03771757100003015
spherical_n2000_g8_medium_noise0p3,spherical,3,2000,8,medium,5.2,0.3,2026092800,0,2000,600,6fdd31c8e869dcf1604cb3ad0743acba374bfd771f1d1df27f7c45168ff0a5ac,hdbscan_oracle,5,0.6101076554748125,0.7287999483730058,0.695,13,610,0.3042492399999901
spherical_n2000_g8_medium_noise0p3,spherical,3,2000,8,medium,5.2,0.3,2026092800,0,2000,600,6fdd31c8e869dcf1604cb3ad0743acba374bfd771f1d1df27f7c45168ff0a5ac,single_linkage,8,-0.0038281720235174123,-0.0018466362545562858,1.0,8,0,0.020041741000568436
spherical_n2000_g8_medium_noise0p3,spherical,3,2000,8,medium,5.2,0.3,2026092801,1,2000,600,37a815a86f2e2a28e23191461173f738ac496032eac108fd8198cafa414f448b,hdbscan_default,20,0.5586820440036534,0.7103975517509127,0.613,8,774,0.03311867199954577
spherical_n2000_g8_medium_noise0p3,spherical,3,2000,8,medium,5.2,0.3,2026092801,1,2000,600,37a815a86f2e2a28e23191461173f738ac496032eac108fd8198cafa414f448b,hdbscan_oracle,10,0.6013526825937292,0.731619463433221,0.644,8,712,0.305954357999326
spherical_n2000_g8_medium_noise0p3,spherical,3,2000,8,medium,5.2,0.3,2026092801,1,2000,600,37a815a86f2e2a28e23191461173f738ac496032eac108fd8198cafa414f448b,single_linkage,8,-0.004173205322182815,-0.0016885615131720015,1.0,8,0,0.020853302999967127
spherical_n2000_g8_medium_noise0p3,spherical,3,2000,8,medium,5.2,0.3,2026092802,2,2000,600,faeee850f011af92ac091c3095950ae17e923f56ad0a39204a4408730ebeafb6,hdbscan_default,20,0.5855091054796127,0.7256430027780592,0.624,8,752,0.03381464899939601
spherical_n2000_g8_medium_noise0p3,spherical,3,2000,8,medium,5.2,0.3,2026092802,2,2000,600,faeee850f011af92ac091c3095950ae17e923f56ad0a39204a4408730ebeafb6,hdbscan_oracle,15,0.5920919736258387,0.7280954993511133,0.628,8,744,0.3055036490004568
spherical_n2000_g8_medium_noise0p3,spherical,3,2000,8,medium,5.2,0.3,2026092802,2,2000,600,faeee850f011af92ac091c3095950ae17e923f56ad0a39204a4408730ebeafb6,single_linkage,8,-0.0024466613021954654,-0.002892670188823966,1.0,8,0,0.020420906999788713
spherical_n2000_g8_medium_noise0p3,spherical,3,2000,8,medium,5.2,0.3,2026092803,3,2000,600,eaec8a1e69da3195020a8d80c5fc7b33d6948be49041536d367ecc3e9e563857,hdbscan_default,20,0.5694117658195514,0.7153861710024146,0.602,8,796,0.03378567500021745
spherical_n2000_g8_medium_noise0p3,spherical,3,2000,8,medium,5.2,0.3,2026092803,3,2000,600,eaec8a1e69da3195020a8d80c5fc7b33d6948be49041536d367ecc3e9e563857,hdbscan_oracle,10,0.6158386192680708,0.7411228111981072,0.63,8,740,0.3188925409995136
spherical_n2000_g8_medium_noise0p3,spherical,3,2000,8,medium,5.2,0.3,2026092803,3,2000,600,eaec8a1e69da3195020a8d80c5fc7b33d6948be49041536d367ecc3e9e563857,single_linkage,8,-0.005192444758601712,-5.260547814576363e-05,1.0,8,0,0.020904658999825187
spherical_n2000_g8_medium_noise0p3,spherical,3,2000,8,medium,5.2,0.3,2026092804,4,2000,600,6cb3177d4ef14e29f31e676634249622a2f53352db60703ca8d0ad89b6ea6687,hdbscan_default,20,0.5525996792203339,0.7122725482239425,0.628,8,744,0.03256613200028369
spherical_n2000_g8_medium_noise0p3,spherical,3,2000,8,medium,5.2,0.3,2026092804,4,2000,600,6cb3177d4ef14e29f31e676634249622a2f53352db60703ca8d0ad89b6ea6687,hdbscan_oracle,20,0.5525996792203339,0.7122725482239425,0.628,8,744,0.3224785439997504
spherical_n2000_g8_medium_noise0p3,spherical,3,2000,8,medium,5.2,0.3,2026092804,4,2000,600,6cb3177d4ef14e29f31e676634249622a2f53352db60703ca8d0ad89b6ea6687,single_linkage,8,-0.0031398103010299877,-0.002576536409845004,1.0,8,0,0.02142600100069103
spherical_n32000_g8_medium_noise0,spherical,3,32000,8,medium,5.2,0.0,2026092800,0,32000,0,f6494f4c8cbe0c22b79eec8e0f954463047a1bb6febf1951dda6413763133c0a,hdbscan_default,20,0.7715173387446064,0.8437033037030609,0.85321875,8,4697,5.490108082000006
spherical_n32000_g8_medium_noise0,spherical,3,32000,8,medium,5.2,0.0,2026092800,0,32000,0,f6494f4c8cbe0c22b79eec8e0f954463047a1bb6febf1951dda6413763133c0a,hdbscan_oracle,15,0.7924552393664827,0.8518004948737337,0.86546875,8,4305,45.64579052799945
spherical_n32000_g8_medium_noise0,spherical,3,32000,8,medium,5.2,0.0,2026092800,0,32000,0,f6494f4c8cbe0c22b79eec8e0f954463047a1bb6febf1951dda6413763133c0a,single_linkage,8,6.143260016321328e-09,1.0331781149136629e-08,1.0,8,0,4.726924255000085
spherical_n32000_g8_medium_noise0,spherical,3,32000,8,medium,5.2,0.0,2026092801,1,32000,0,7d5855a08c495e9e925312de0711c3e40fd7986489fb749334d9449ba25ae061,hdbscan_default,20,0.7675520539179554,0.8379124033241185,0.85303125,8,4703,5.548216865000541
spherical_n32000_g8_medium_noise0,spherical,3,32000,8,medium,5.2,0.0,2026092801,1,32000,0,7d5855a08c495e9e925312de0711c3e40fd7986489fb749334d9449ba25ae061,hdbscan_oracle,50,0.7816368470059174,0.8451796809465218,0.8604375,8,4466,45.956019310000556
spherical_n32000_g8_medium_noise0,spherical,3,32000,8,medium,5.2,0.0,2026092801,1,32000,0,7d5855a08c495e9e925312de0711c3e40fd7986489fb749334d9449ba25ae061,single_linkage,8,1.6772996541370316e-09,2.819686653098473e-09,1.0,8,0,4.785780596999757
spherical_n32000_g8_medium_noise0,spherical,3,32000,8,medium,5.2,0.0,2026092802,2,32000,0,d8324592e36eab0e370c7347988abc2b0c3f568a72816b297eb3ca343d025e48,hdbscan_default,20,0.7715339326891769,0.8423123737385168,0.854125,8,4668,6.891500748999533
spherical_n32000_g8_medium_noise0,spherical,3,32000,8,medium,5.2,0.0,2026092802,2,32000,0,d8324592e36eab0e370c7347988abc2b0c3f568a72816b297eb3ca343d025e48,hdbscan_oracle,15,0.7913382434276388,0.8516006147517947,0.86484375,8,4325,47.064231528000164
spherical_n32000_g8_medium_noise0,spherical,3,32000,8,medium,5.2,0.0,2026092802,2,32000,0,d8324592e36eab0e370c7347988abc2b0c3f568a72816b297eb3ca343d025e48,single_linkage,8,-2.7886607080472646e-09,-4.690529497775504e-09,1.0,8,0,5.465475203999631
spherical_n32000_g8_medium_noise0,spherical,3,32000,8,medium,5.2,0.0,2026092803,3,32000,0,0d57c2e5d348d8d0d1cff0721b497dbc525f34cf81d16a70db77cf12d597ab88,hdbscan_default,20,0.7791220177015613,0.8464599136861967,0.8580625,8,4542,5.323387471999922
spherical_n32000_g8_medium_noise0,spherical,3,32000,8,medium,5.2,0.0,2026092803,3,32000,0,0d57c2e5d348d8d0d1cff0721b497dbc525f34cf81d16a70db77cf12d597ab88,hdbscan_oracle,15,0.7852211863990495,0.8494309448514318,0.86128125,8,4439,62.38915726999949
spherical_n32000_g8_medium_noise0,spherical,3,32000,8,medium,5.2,0.0,2026092803,3,32000,0,0d57c2e5d348d8d0d1cff0721b497dbc525f34cf81d16a70db77cf12d597ab88,single_linkage,8,3.293902218942711e-08,5.5409988815953185e-08,1.0,8,0,6.652459588999591
spherical_n32000_g8_medium_noise0,spherical,3,32000,8,medium,5.2,0.0,2026092804,4,32000,0,8d4ba3f6830da66f6718df0547a5a7a0ab05465ee6bec3e1d91512a6b7e8746b,hdbscan_default,20,0.7794083140735116,0.8481591600905009,0.85765625,8,4555,8.685217191999982
spherical_n32000_g8_medium_noise0,spherical,3,32000,8,medium,5.2,0.0,2026092804,4,32000,0,8d4ba3f6830da66f6718df0547a5a7a0ab05465ee6bec3e1d91512a6b7e8746b,hdbscan_oracle,20,0.7794083140735116,0.8481591600905009,0.85765625,8,4555,52.46034065200001
spherical_n32000_g8_medium_noise0,spherical,3,32000,8,medium,5.2,0.0,2026092804,4,32000,0,8d4ba3f6830da66f6718df0547a5a7a0ab05465ee6bec3e1d91512a6b7e8746b,single_linkage,8,1.6772996541370316e-09,2.8215649982626526e-09,1.0,8,0,4.622464244000184
spherical_n500_g16_hard_noise0,spherical,3,500,16,hard,4.6,0.0,2026092800,0,500,0,2d37c77d6b9e6e2743fb3ede34515c542976822ced9ce792e8546e17e4fbc6a4,hdbscan_default,20,0.15730875324668703,0.4683355846637469,0.736,7,132,0.009430645000065851
spherical_n500_g16_hard_noise0,spherical,3,500,16,hard,4.6,0.0,2026092800,0,500,0,2d37c77d6b9e6e2743fb3ede34515c542976822ced9ce792e8546e17e4fbc6a4,hdbscan_oracle,5,0.5720263389485203,0.7894107208498662,0.8,16,100,0.06456186000013986
spherical_n500_g16_hard_noise0,spherical,3,500,16,hard,4.6,0.0,2026092800,0,500,0,2d37c77d6b9e6e2743fb3ede34515c542976822ced9ce792e8546e17e4fbc6a4,single_linkage,16,0.16097866379537035,0.6035402867364854,1.0,16,0,0.005108020000079705
spherical_n500_g16_hard_noise0,spherical,3,500,16,hard,4.6,0.0,2026092801,1,500,0,b44c228cdd23b7b2d71fdb62eb64d99c3c320cbe1e8bdf07360f754988f062b1,hdbscan_default,20,0.06934190145279998,0.29651746848248817,0.754,4,123,0.008547088999875996
spherical_n500_g16_hard_noise0,spherical,3,500,16,hard,4.6,0.0,2026092801,1,500,0,b44c228cdd23b7b2d71fdb62eb64d99c3c320cbe1e8bdf07360f754988f062b1,hdbscan_oracle,5,0.5691541331245962,0.794418661089037,0.8,17,100,0.06530671800010168
spherical_n500_g16_hard_noise0,spherical,3,500,16,hard,4.6,0.0,2026092801,1,500,0,b44c228cdd23b7b2d71fdb62eb64d99c3c320cbe1e8bdf07360f754988f062b1,single_linkage,16,0.20520956861450726,0.6473109131893487,1.0,16,0,0.007703958000092825
spherical_n500_g16_hard_noise0,spherical,3,500,16,hard,4.6,0.0,2026092802,2,500,0,252c0a9afbfdf05d9ffa535533666b9529a1e090107dca1f5a83635ccf418be5,hdbscan_default,20,0.1097797924071907,0.4181111436275015,0.49,6,255,0.007721760000094946
spherical_n500_g16_hard_noise0,spherical,3,500,16,hard,4.6,0.0,2026092802,2,500,0,252c0a9afbfdf05d9ffa535533666b9529a1e090107dca1f5a83635ccf418be5,hdbscan_oracle,5,0.6349341746559257,0.8078331422886431,0.842,15,79,0.06893146600032196
spherical_n500_g16_hard_noise0,spherical,3,500,16,hard,4.6,0.0,2026092802,2,500,0,252c0a9afbfdf05d9ffa535533666b9529a1e090107dca1f5a83635ccf418be5,single_linkage,16,0.05741202061660637,0.3500402955480478,1.0,16,0,0.00549834999947052
spherical_n500_g16_hard_noise0,spherical,3,500,16,hard,4.6,0.0,2026092803,3,500,0,a68307e668d143f22e0436896295f48f30632eb3671f7aa403358d54bbc92059,hdbscan_default,20,0.07467957614215667,0.2960806668354131,0.686,4,157,0.007998406000297109
spherical_n500_g16_hard_noise0,spherical,3,500,16,hard,4.6,0.0,2026092803,3,500,0,a68307e668d143f22e0436896295f48f30632eb3671f7aa403358d54bbc92059,hdbscan_oracle,5,0.5117742232125838,0.768008030883704,0.78,17,110,0.06456000599973777
spherical_n500_g16_hard_noise0,spherical,3,500,16,hard,4.6,0.0,2026092803,3,500,0,a68307e668d143f22e0436896295f48f30632eb3671f7aa403358d54bbc92059,single_linkage,16,0.08518218267265446,0.4508134286499936,1.0,16,0,0.004752296999868122
spherical_n500_g16_hard_noise0,spherical,3,500,16,hard,4.6,0.0,2026092804,4,500,0,2018421b9518518540be31fd13dc37412e395244b0a4b883076bec2d38437700,hdbscan_default,20,0.1198232615478081,0.38859831719316124,0.678,5,161,0.008248041000115336
spherical_n500_g16_hard_noise0,spherical,3,500,16,hard,4.6,0.0,2026092804,4,500,0,2018421b9518518540be31fd13dc37412e395244b0a4b883076bec2d38437700,hdbscan_oracle,5,0.6983785673095388,0.8406582246125706,0.852,16,74,0.0694993010001781
spherical_n500_g16_hard_noise0,spherical,3,500,16,hard,4.6,0.0,2026092804,4,500,0,2018421b9518518540be31fd13dc37412e395244b0a4b883076bec2d38437700,single_linkage,16,0.2574199399229807,0.6826971352125795,1.0,16,0,0.008438916999693902
spherical_n500_g16_medium_noise0,spherical,3,500,16,medium,5.2,0.0,2026092800,0,500,0,fe67e8a00030fe845be9edf4fe11b73d293ba7491d5a667024ac1feb1596ef35,hdbscan_default,20,0.08596918955865365,0.39947743840987193,0.91,5,45,0.011674577000121644
spherical_n500_g16_medium_noise0,spherical,3,500,16,medium,5.2,0.0,2026092800,0,500,0,fe67e8a00030fe845be9edf4fe11b73d293ba7491d5a667024ac1feb1596ef35,hdbscan_oracle,5,0.8288879724525205,0.8921132788150398,0.906,16,47,0.06714048600042588
spherical_n500_g16_medium_noise0,spherical,3,500,16,medium,5.2,0.0,2026092800,0,500,0,fe67e8a00030fe845be9edf4fe11b73d293ba7491d5a667024ac1feb1596ef35,single_linkage,16,0.5313684120442744,0.8569930150143507,1.0,16,0,0.005176928000764747
spherical_n500_g16_medium_noise0,spherical,3,500,16,medium,5.2,0.0,2026092801,1,500,0,03383cf1d9382a31956e2a98ab3756dfed592903240b7b51e0546ca822c8567a,hdbscan_default,20,0.3648284291622904,0.6676356423025473,0.732,10,134,0.007956117000503582
spherical_n500_g16_medium_noise0,spherical,3,500,16,medium,5.2,0.0,2026092801,1,500,0,03383cf1d9382a31956e2a98ab3756dfed592903240b7b51e0546ca822c8567a,hdbscan_oracle,5,0.8673747208665487,0.9100133555992608,0.922,16,39,0.06454006900003151
spherical_n500_g16_medium_noise0,spherical,3,500,16,medium,5.2,0.0,2026092801,1,500,0,03383cf1d9382a31956e2a98ab3756dfed592903240b7b51e0546ca822c8567a,single_linkage,16,0.42598643449871443,0.8122378921675408,1.0,16,0,0.005108450000079756
spherical_n500_g16_medium_noise0,spherical,3,500,16,medium,5.2,0.0,2026092802,2,500,0,191b9a676082a08f01224e9f42c22a14de24ae1beecfd70ffb5037fdc9896928,hdbscan_default,20,0.1408957305730626,0.48015067381451304,0.85,6,75,0.00804466199952003
spherical_n500_g16_medium_noise0,spherical,3,500,16,medium,5.2,0.0,2026092802,2,500,0,191b9a676082a08f01224e9f42c22a14de24ae1beecfd70ffb5037fdc9896928,hdbscan_oracle,5,0.8485576764796903,0.9030731477699268,0.944,15,28,0.062379252999562596
spherical_n500_g16_medium_noise0,spherical,3,500,16,medium,5.2,0.0,2026092802,2,500,0,191b9a676082a08f01224e9f42c22a14de24ae1beecfd70ffb5037fdc9896928,single_linkage,16,0.5560132118564832,0.8218818844914779,1.0,16,0,0.00484797500030254
spherical_n500_g16_medium_noise0,spherical,3,500,16,medium,5.2,0.0,2026092803,3,500,0,4a328a208a891a48de0c65452e0ab0a5c02f7dd84f96b9ab153716a51b7c9c42,hdbscan_default,20,0.0916212589518105,0.3887902423077111,0.844,5,78,0.01051266200011014
spherical_n500_g16_medium_noise0,spherical,3,500,16,medium,5.2,0.0,2026092803,3,500,0,4a328a208a891a48de0c65452e0ab0a5c02f7dd84f96b9ab153716a51b7c9c42,hdbscan_oracle,5,0.732236471955662,0.8480080063714617,0.87,17,65,0.07643902099971456
spherical_n500_g16_medium_noise0,spherical,3,500,16,medium,5.2,0.0,2026092803,3,500,0,4a328a208a891a48de0c65452e0ab0a5c02f7dd84f96b9ab153716a51b7c9c42,single_linkage,16,0.24803529198294852,0.6743979535883335,1.0,16,0,0.007067644999551703
spherical_n500_g16_medium_noise0,spherical,3,500,16,medium,5.2,0.0,2026092804,4,500,0,c89a73cfab536b574be3fc73f9d6567b07fc8ab560692d41b728df3cfe9f521b,hdbscan_default,20,0.24995890967951728,0.6020083031191827,0.84,8,80,0.011954589000197302
spherical_n500_g16_medium_noise0,spherical,3,500,16,medium,5.2,0.0,2026092804,4,500,0,c89a73cfab536b574be3fc73f9d6567b07fc8ab560692d41b728df3cfe9f521b,hdbscan_oracle,5,0.8631517292675759,0.9142981691908912,0.914,16,43,0.06635218700012047
spherical_n500_g16_medium_noise0,spherical,3,500,16,medium,5.2,0.0,2026092804,4,500,0,c89a73cfab536b574be3fc73f9d6567b07fc8ab560692d41b728df3cfe9f521b,single_linkage,16,0.3600156578909748,0.791862120215765,1.0,16,0,0.004844378000598226
spherical_n500_g4_hard_noise0,spherical,3,500,4,hard,4.6,0.0,2026092800,0,500,0,8f9dcd2ce7ecc5b2e9da9447d1d293be697868a9753b4abb37ce4adf3e94d26d,hdbscan_default,20,0.49051945969379457,0.6239613718600926,0.688,4,156,0.0071350470007018885
spherical_n500_g4_hard_noise0,spherical,3,500,4,hard,4.6,0.0,2026092800,0,500,0,8f9dcd2ce7ecc5b2e9da9447d1d293be697868a9753b4abb37ce4adf3e94d26d,hdbscan_oracle,10,0.5690618927966886,0.6660598541500935,0.734,4,133,0.06753953899988119
spherical_n500_g4_hard_noise0,spherical,3,500,4,hard,4.6,0.0,2026092800,0,500,0,8f9dcd2ce7ecc5b2e9da9447d1d293be697868a9753b4abb37ce4adf3e94d26d,single_linkage,4,5.473399965728759e-06,5.79942307635767e-06,1.0,4,0,0.004477284000131476
spherical_n500_g4_hard_noise0,spherical,3,500,4,hard,4.6,0.0,2026092801,1,500,0,0ea6ff55070f6b341cdc5277482e20ac5af3126b9fe40f2c7c726444d05fa1c3,hdbscan_default,20,0.37397134199335746,0.5812438842492942,0.612,4,194,0.007158962000175961
spherical_n500_g4_hard_noise0,spherical,3,500,4,hard,4.6,0.0,2026092801,1,500,0,0ea6ff55070f6b341cdc5277482e20ac5af3126b9fe40f2c7c726444d05fa1c3,hdbscan_oracle,15,0.4545885915103692,0.6168279854231183,0.666,4,167,0.06625810199966509
spherical_n500_g4_hard_noise0,spherical,3,500,4,hard,4.6,0.0,2026092801,1,500,0,0ea6ff55070f6b341cdc5277482e20ac5af3126b9fe40f2c7c726444d05fa1c3,single_linkage,4,-1.6032321159457466e-05,-1.703205085464223e-05,1.0,4,0,0.004540963000181364
spherical_n500_g4_hard_noise0,spherical,3,500,4,hard,4.6,0.0,2026092802,2,500,0,6fb5c3eacd8d14e28d23ba1ee5acd00a060eb4cfe64a631b4f5c6877250c8cbf,hdbscan_default,20,0.3852606509738382,0.5869023130289118,0.606,4,197,0.010052825000457233
spherical_n500_g4_hard_noise0,spherical,3,500,4,hard,4.6,0.0,2026092802,2,500,0,6fb5c3eacd8d14e28d23ba1ee5acd00a060eb4cfe64a631b4f5c6877250c8cbf,hdbscan_oracle,5,0.6081526163587005,0.6866000911278114,0.752,4,124,0.06567428299968014
spherical_n500_g4_hard_noise0,spherical,3,500,4,hard,4.6,0.0,2026092802,2,500,0,6fb5c3eacd8d14e28d23ba1ee5acd00a060eb4cfe64a631b4f5c6877250c8cbf,single_linkage,4,5.473399965728759e-06,5.79942307635767e-06,1.0,4,0,0.005610285999864573
spherical_n500_g4_hard_noise0,spherical,3,500,4,hard,4.6,0.0,2026092803,3,500,0,313130dcfa0e5b01470242cd23e786e3f43a8f021842cbe4bd67f7d34a162575,hdbscan_default,20,0.35488267345967656,0.5082039070186691,0.656,3,172,0.00839809100034472
spherical_n500_g4_hard_noise0,spherical,3,500,4,hard,4.6,0.0,2026092803,3,500,0,313130dcfa0e5b01470242cd23e786e3f43a8f021842cbe4bd67f7d34a162575,hdbscan_oracle,5,0.49408867220721636,0.6315100509961048,0.684,4,158,0.07253735299946129
spherical_n500_g4_hard_noise0,spherical,3,500,4,hard,4.6,0.0,2026092803,3,500,0,313130dcfa0e5b01470242cd23e786e3f43a8f021842cbe4bd67f7d34a162575,single_linkage,4,2.7181187092324058e-05,0.0029396677639562463,1.0,4,0,0.004608117999850947
spherical_n500_g4_hard_noise0,spherical,3,500,4,hard,4.6,0.0,2026092804,4,500,0,82da3ca3ca65933aaf50179eb82f2ecc5d2e5a9cc240d4e2fd8c37b10bb17a5a,hdbscan_default,20,0.4638572076029118,0.6160095861914585,0.672,4,164,0.008248973000263504
spherical_n500_g4_hard_noise0,spherical,3,500,4,hard,4.6,0.0,2026092804,4,500,0,82da3ca3ca65933aaf50179eb82f2ecc5d2e5a9cc240d4e2fd8c37b10bb17a5a,hdbscan_oracle,5,0.6346857533401326,0.6960357912603132,0.78,4,110,0.07038478100002976
spherical_n500_g4_hard_noise0,spherical,3,500,4,hard,4.6,0.0,2026092804,4,500,0,82da3ca3ca65933aaf50179eb82f2ecc5d2e5a9cc240d4e2fd8c37b10bb17a5a,single_linkage,4,-1.6032321159457466e-05,-1.703205085464223e-05,1.0,4,0,0.005242549999820767
spherical_n500_g4_medium_noise0,spherical,3,500,4,medium,5.2,0.0,2026092800,0,500,0,b00b9e7d314414becd46b5e0bdb4b190701f8dec4326a69c4f9976dfda5e524c,hdbscan_default,20,0.6265010626381222,0.688294799161022,0.774,4,113,0.00746228699972562
spherical_n500_g4_medium_noise0,spherical,3,500,4,medium,5.2,0.0,2026092800,0,500,0,b00b9e7d314414becd46b5e0bdb4b190701f8dec4326a69c4f9976dfda5e524c,hdbscan_oracle,5,0.7575146247176705,0.7666505031145738,0.852,4,74,0.06353106900041894
spherical_n500_g4_medium_noise0,spherical,3,500,4,medium,5.2,0.0,2026092800,0,500,0,b00b9e7d314414becd46b5e0bdb4b190701f8dec4326a69c4f9976dfda5e524c,single_linkage,4,5.473399965728759e-06,5.79942307635767e-06,1.0,4,0,0.004511738000473997
spherical_n500_g4_medium_noise0,spherical,3,500,4,medium,5.2,0.0,2026092801,1,500,0,738a9eb9728053c960898c81f96efad61306c2054c0e0ffe65ef829bb104655c,hdbscan_default,20,0.6063313980694531,0.6932277359011012,0.756,4,122,0.0071624989996053046
spherical_n500_g4_medium_noise0,spherical,3,500,4,medium,5.2,0.0,2026092801,1,500,0,738a9eb9728053c960898c81f96efad61306c2054c0e0ffe65ef829bb104655c,hdbscan_oracle,5,0.7655911614125323,0.7733100585716771,0.856,4,72,0.06770108000000619
spherical_n500_g4_medium_noise0,spherical,3,500,4,medium,5.2,0.0,2026092801,1,500,0,738a9eb9728053c960898c81f96efad61306c2054c0e0ffe65ef829bb104655c,single_linkage,4,-1.6032321159457466e-05,-1.703205085464223e-05,1.0,4,0,0.005267567000373674
spherical_n500_g4_medium_noise0,spherical,3,500,4,medium,5.2,0.0,2026092802,2,500,0,9453606ef09ca12920099e502f3b2780b2c395367b25eab2c0b826a54ad15ca9,hdbscan_default,20,0.6384762262278594,0.7119466925112512,0.77,4,115,0.007521758000621048
spherical_n500_g4_medium_noise0,spherical,3,500,4,medium,5.2,0.0,2026092802,2,500,0,9453606ef09ca12920099e502f3b2780b2c395367b25eab2c0b826a54ad15ca9,hdbscan_oracle,5,0.817456510737469,0.818223531346937,0.878,4,61,0.07173859399972571
spherical_n500_g4_medium_noise0,spherical,3,500,4,medium,5.2,0.0,2026092802,2,500,0,9453606ef09ca12920099e502f3b2780b2c395367b25eab2c0b826a54ad15ca9,single_linkage,4,5.473399965728759e-06,5.79942307635767e-06,1.0,4,0,0.004620691000127408
spherical_n500_g4_medium_noise0,spherical,3,500,4,medium,5.2,0.0,2026092803,3,500,0,50b8f5ebe722bb9101d48d768621d3ec5a9f1b2f748281510c86ae9d9fe0086b,hdbscan_default,20,0.5971064695113822,0.6919210828742482,0.742,4,129,0.007230004000120971
spherical_n500_g4_medium_noise0,spherical,3,500,4,medium,5.2,0.0,2026092803,3,500,0,50b8f5ebe722bb9101d48d768621d3ec5a9f1b2f748281510c86ae9d9fe0086b,hdbscan_oracle,5,0.8276487487025032,0.8204437408327104,0.888,4,56,0.06403514100020402
spherical_n500_g4_medium_noise0,spherical,3,500,4,medium,5.2,0.0,2026092803,3,500,0,50b8f5ebe722bb9101d48d768621d3ec5a9f1b2f748281510c86ae9d9fe0086b,single_linkage,4,2.7181187092324058e-05,0.0029396677639562463,1.0,4,0,0.004596767000293767
spherical_n500_g4_medium_noise0,spherical,3,500,4,medium,5.2,0.0,2026092804,4,500,0,5544fdb698e90488515ababd2680374b32f6c7db8263136a3e4bcc560105e849,hdbscan_default,20,0.7319402985074627,0.7620041777943646,0.828,4,86,0.008123816999614064
spherical_n500_g4_medium_noise0,spherical,3,500,4,medium,5.2,0.0,2026092804,4,500,0,5544fdb698e90488515ababd2680374b32f6c7db8263136a3e4bcc560105e849,hdbscan_oracle,10,0.7536042902406094,0.7755955395064016,0.84,4,80,0.07367899100063369
spherical_n500_g4_medium_noise0,spherical,3,500,4,medium,5.2,0.0,2026092804,4,500,0,5544fdb698e90488515ababd2680374b32f6c7db8263136a3e4bcc560105e849,single_linkage,4,-1.6032321159457466e-05,-1.703205085464223e-05,1.0,4,0,0.004700649999904272
spherical_n500_g8_medium_noise0,spherical,3,500,8,medium,5.2,0.0,2026092800,0,500,0,2bb3f6f91ed3d576f7dce4b28c1e54bca5b9a56fff37f1a13254276a3005540d,hdbscan_default,20,0.6364696966371561,0.7813461200657447,0.784,8,108,0.008795171000201663
spherical_n500_g8_medium_noise0,spherical,3,500,8,medium,5.2,0.0,2026092800,0,500,0,2bb3f6f91ed3d576f7dce4b28c1e54bca5b9a56fff37f1a13254276a3005540d,hdbscan_oracle,5,0.8318362979875051,0.8666993738332427,0.894,8,53,0.0643482519999452
spherical_n500_g8_medium_noise0,spherical,3,500,8,medium,5.2,0.0,2026092800,0,500,0,2bb3f6f91ed3d576f7dce4b28c1e54bca5b9a56fff37f1a13254276a3005540d,single_linkage,8,0.3016930980681904,0.6596865061656517,1.0,8,0,0.0050315570006205235
spherical_n500_g8_medium_noise0,spherical,3,500,8,medium,5.2,0.0,2026092801,1,500,0,fc3d0696d4407401e13d3bbc0e28cb787c30a20042015e6472d525de3e228034,hdbscan_default,20,0.17402975608070678,0.464978663057445,0.944,3,28,0.007330581999667629
spherical_n500_g8_medium_noise0,spherical,3,500,8,medium,5.2,0.0,2026092801,1,500,0,fc3d0696d4407401e13d3bbc0e28cb787c30a20042015e6472d525de3e228034,hdbscan_oracle,5,0.7105872247100993,0.8198096279920715,0.816,8,92,0.07666992499980552
spherical_n500_g8_medium_noise0,spherical,3,500,8,medium,5.2,0.0,2026092801,1,500,0,fc3d0696d4407401e13d3bbc0e28cb787c30a20042015e6472d525de3e228034,single_linkage,8,0.17936902067381358,0.512431802484346,1.0,8,0,0.005157611999493383
spherical_n500_g8_medium_noise0,spherical,3,500,8,medium,5.2,0.0,2026092802,2,500,0,96f7001ef63b06f0bd078662fb3cb4a6510c0507a7291095c0d1b1b442ca2ae0,hdbscan_default,20,0.1782625359552235,0.5001786661882285,0.982,3,9,0.007996993999768165
spherical_n500_g8_medium_noise0,spherical,3,500,8,medium,5.2,0.0,2026092802,2,500,0,96f7001ef63b06f0bd078662fb3cb4a6510c0507a7291095c0d1b1b442ca2ae0,hdbscan_oracle,5,0.833573041168624,0.8718826867299424,0.89,8,55,0.06653680299950793
spherical_n500_g8_medium_noise0,spherical,3,500,8,medium,5.2,0.0,2026092802,2,500,0,96f7001ef63b06f0bd078662fb3cb4a6510c0507a7291095c0d1b1b442ca2ae0,single_linkage,8,0.17902258175543503,0.5124557581769323,1.0,8,0,0.004668130000027304
spherical_n500_g8_medium_noise0,spherical,3,500,8,medium,5.2,0.0,2026092803,3,500,0,69053dd0bbec20fd7298d48d5bf90f22018068b94b40450be9e10e6dfd533975,hdbscan_default,20,0.17637031639875805,0.48586444276640156,0.97,3,15,0.0073334759999852395
spherical_n500_g8_medium_noise0,spherical,3,500,8,medium,5.2,0.0,2026092803,3,500,0,69053dd0bbec20fd7298d48d5bf90f22018068b94b40450be9e10e6dfd533975,hdbscan_oracle,5,0.8604951581007659,0.8816350792421838,0.906,8,47,0.06672580000031303
spherical_n500_g8_medium_noise0,spherical,3,500,8,medium,5.2,0.0,2026092803,3,500,0,69053dd0bbec20fd7298d48d5bf90f22018068b94b40450be9e10e6dfd533975,single_linkage,8,0.17564030693633917,0.508664867946755,1.0,8,0,0.005882362999727775
spherical_n500_g8_medium_noise0,spherical,3,500,8,medium,5.2,0.0,2026092804,4,500,0,bc696ba7d4b08090982a890ef234cc31fea2f59c5726857301269312ec15bd53,hdbscan_default,20,0.17556712561735124,0.5012781964085522,0.99,3,5,0.009650644999965152
spherical_n500_g8_medium_noise0,spherical,3,500,8,medium,5.2,0.0,2026092804,4,500,0,bc696ba7d4b08090982a890ef234cc31fea2f59c5726857301269312ec15bd53,hdbscan_oracle,30,0.17826302907075348,0.4729210964551415,0.942,3,29,0.08274176300074032
spherical_n500_g8_medium_noise0,spherical,3,500,8,medium,5.2,0.0,2026092804,4,500,0,bc696ba7d4b08090982a890ef234cc31fea2f59c5726857301269312ec15bd53,single_linkage,8,0.17564030693633917,0.508664867946755,1.0,8,0,0.006135133000498172
spherical_n8000_g16_hard_noise0,spherical,3,8000,16,hard,4.6,0.0,2026092800,0,8000,0,389df4ed7fa42a81e26f43fdebee207c871fd6a72342bb3a2ec218be8f2288a0,hdbscan_default,20,0.40064357152028823,0.7526549696463066,0.718125,16,2255,0.36274598100044386
spherical_n8000_g16_hard_noise0,spherical,3,8000,16,hard,4.6,0.0,2026092800,0,8000,0,389df4ed7fa42a81e26f43fdebee207c871fd6a72342bb3a2ec218be8f2288a0,hdbscan_oracle,5,0.5226266249530075,0.7600010677026755,0.828375,14,1373,3.0210071530000278
spherical_n8000_g16_hard_noise0,spherical,3,8000,16,hard,4.6,0.0,2026092800,0,8000,0,389df4ed7fa42a81e26f43fdebee207c871fd6a72342bb3a2ec218be8f2288a0,single_linkage,16,1.6389362261917987e-07,4.414347777309397e-07,1.0,16,0,0.3680553329995746
spherical_n8000_g16_hard_noise0,spherical,3,8000,16,hard,4.6,0.0,2026092801,1,8000,0,844bdee00ac553d62144e19a2cc49aa5c58864d644b78be2e8fa51301e9c775b,hdbscan_default,20,0.4306334659580387,0.7611228915711008,0.737125,16,2103,0.4445232449998002
spherical_n8000_g16_hard_noise0,spherical,3,8000,16,hard,4.6,0.0,2026092801,1,8000,0,844bdee00ac553d62144e19a2cc49aa5c58864d644b78be2e8fa51301e9c775b,hdbscan_oracle,5,0.5368409697517973,0.7939268275294068,0.78325,24,1734,3.421865932000401
spherical_n8000_g16_hard_noise0,spherical,3,8000,16,hard,4.6,0.0,2026092801,1,8000,0,844bdee00ac553d62144e19a2cc49aa5c58864d644b78be2e8fa51301e9c775b,single_linkage,16,-1.0370896716053431e-07,-2.799189546901028e-07,1.0,16,0,0.2888630569996167
spherical_n8000_g16_hard_noise0,spherical,3,8000,16,hard,4.6,0.0,2026092802,2,8000,0,edf725a791c512e85ba3d4a90ea1788f5260dfe08a521ff7535e6e7551f252a5,hdbscan_default,20,0.380515265791995,0.7438491779807487,0.709375,16,2325,0.36707124799977464
spherical_n8000_g16_hard_noise0,spherical,3,8000,16,hard,4.6,0.0,2026092802,2,8000,0,edf725a791c512e85ba3d4a90ea1788f5260dfe08a521ff7535e6e7551f252a5,hdbscan_oracle,5,0.5136759230979161,0.7867529019212328,0.774125,26,1807,3.829016966000381
spherical_n8000_g16_hard_noise0,spherical,3,8000,16,hard,4.6,0.0,2026092802,2,8000,0,edf725a791c512e85ba3d4a90ea1788f5260dfe08a521ff7535e6e7551f252a5,single_linkage,16,-1.7060961460546285e-07,-4.600765064258935e-07,1.0,16,0,0.33486766399983026
spherical_n8000_g16_hard_noise0,spherical,3,8000,16,hard,4.6,0.0,2026092803,3,8000,0,9f85e3b96844f7d30ed2c34f53a0815f7deee418ffcf2ef593160373f3e4e477,hdbscan_default,20,0.4015950039525641,0.7532687561324211,0.720625,16,2235,0.5100516200000129
spherical_n8000_g16_hard_noise0,spherical,3,8000,16,hard,4.6,0.0,2026092803,3,8000,0,9f85e3b96844f7d30ed2c34f53a0815f7deee418ffcf2ef593160373f3e4e477,hdbscan_oracle,5,0.51638899514202,0.7762924263749481,0.78425,28,1726,3.955680451999797
spherical_n8000_g16_hard_noise0,spherical,3,8000,16,hard,4.6,0.0,2026092803,3,8000,0,9f85e3b96844f7d30ed2c34f53a0815f7deee418ffcf2ef593160373f3e4e477,single_linkage,16,2.9788999394582473e-07,0.00011745562455089321,1.0,16,0,0.36634380299983604
spherical_n8000_g16_hard_noise0,spherical,3,8000,16,hard,4.6,0.0,2026092804,4,8000,0,6cfa3a8f4ff7462b2c2f924947ff69cbdb6178c5d0a377a59a3c8ef249b6941a,hdbscan_default,20,0.37847943161104525,0.74296094683845,0.71025,16,2318,0.5156944820000717
spherical_n8000_g16_hard_noise0,spherical,3,8000,16,hard,4.6,0.0,2026092804,4,8000,0,6cfa3a8f4ff7462b2c2f924947ff69cbdb6178c5d0a377a59a3c8ef249b6941a,hdbscan_oracle,5,0.44998935135800094,0.7629062330594129,0.748375,30,2013,4.986851311999999
spherical_n8000_g16_hard_noise0,spherical,3,8000,16,hard,4.6,0.0,2026092804,4,8000,0,6cfa3a8f4ff7462b2c2f924947ff69cbdb6178c5d0a377a59a3c8ef249b6941a,single_linkage,16,4.983968598438226e-07,1.3454856881619055e-06,1.0,16,0,0.44506512099997053
spherical_n8000_g16_medium_noise0,spherical,3,8000,16,medium,5.2,0.0,2026092800,0,8000,0,b62c58cd694bfcc860c20b5085f0432bd9765f6a66ffdc5c5fd1d5102d0b170d,hdbscan_default,20,0.6853320703132035,0.8507591443861438,0.84175,16,1266,0.5184938090005744
spherical_n8000_g16_medium_noise0,spherical,3,8000,16,medium,5.2,0.0,2026092800,0,8000,0,b62c58cd694bfcc860c20b5085f0432bd9765f6a66ffdc5c5fd1d5102d0b170d,hdbscan_oracle,5,0.8035820271822778,0.8871785859382374,0.891625,16,867,4.492479118999654
spherical_n8000_g16_medium_noise0,spherical,3,8000,16,medium,5.2,0.0,2026092800,0,8000,0,b62c58cd694bfcc860c20b5085f0432bd9765f6a66ffdc5c5fd1d5102d0b170d,single_linkage,16,3.0224846194115664e-08,-7.679285793524497e-06,1.0,16,0,0.3275689100000818
spherical_n8000_g16_medium_noise0,spherical,3,8000,16,medium,5.2,0.0,2026092801,1,8000,0,a97e210d98d10585c0950636cde26112bc10b1c15983f9f52dfa5d70f2a3a73d,hdbscan_default,20,0.6860484029319746,0.8493439911383791,0.842875,16,1257,0.400827608000327
spherical_n8000_g16_medium_noise0,spherical,3,8000,16,medium,5.2,0.0,2026092801,1,8000,0,a97e210d98d10585c0950636cde26112bc10b1c15983f9f52dfa5d70f2a3a73d,hdbscan_oracle,5,0.7717590412532676,0.8755152615135067,0.8785,20,972,4.1147285590004685
spherical_n8000_g16_medium_noise0,spherical,3,8000,16,medium,5.2,0.0,2026092801,1,8000,0,a97e210d98d10585c0950636cde26112bc10b1c15983f9f52dfa5d70f2a3a73d,single_linkage,16,0.017467521102349264,0.15406794207220806,1.0,16,0,0.39243398399958096
spherical_n8000_g16_medium_noise0,spherical,3,8000,16,medium,5.2,0.0,2026092802,2,8000,0,c29bc3785e04898e6403cd25f9cfa8d3710eb26685fa7d3689323b0fbb984013,hdbscan_default,20,0.6987033707011779,0.8536676243281359,0.847375,16,1221,0.5072738150001896
spherical_n8000_g16_medium_noise0,spherical,3,8000,16,medium,5.2,0.0,2026092802,2,8000,0,c29bc3785e04898e6403cd25f9cfa8d3710eb26685fa7d3689323b0fbb984013,hdbscan_oracle,5,0.7917340882662937,0.8855852340563282,0.885125,17,919,4.299580837000576
spherical_n8000_g16_medium_noise0,spherical,3,8000,16,medium,5.2,0.0,2026092802,2,8000,0,c29bc3785e04898e6403cd25f9cfa8d3710eb26685fa7d3689323b0fbb984013,single_linkage,16,0.017465777652564053,0.1541166762472017,1.0,16,0,0.4028739970008246
spherical_n8000_g16_medium_noise0,spherical,3,8000,16,medium,5.2,0.0,2026092803,3,8000,0,30cfdcde1d46fd5ae5718d5ac50a476390735173ed39a3cab2065142c33fad96,hdbscan_default,20,0.6972480188129624,0.8531379841050188,0.847125,16,1223,0.5144713390000106
spherical_n8000_g16_medium_noise0,spherical,3,8000,16,medium,5.2,0.0,2026092803,3,8000,0,30cfdcde1d46fd5ae5718d5ac50a476390735173ed39a3cab2065142c33fad96,hdbscan_oracle,5,0.7598450666728941,0.8728634726528324,0.871875,21,1025,5.215073332999964
spherical_n8000_g16_medium_noise0,spherical,3,8000,16,medium,5.2,0.0,2026092803,3,8000,0,30cfdcde1d46fd5ae5718d5ac50a476390735173ed39a3cab2065142c33fad96,single_linkage,16,0.01754149358247979,0.15459863654241437,1.0,16,0,0.4199483720003627
spherical_n8000_g16_medium_noise0,spherical,3,8000,16,medium,5.2,0.0,2026092804,4,8000,0,35d1a159d7bbd94365a5b6bae19b8a15bc5b81350315a3838b5f1a3bb7aa2f31,hdbscan_default,20,0.6712724547537312,0.8441227756504424,0.836875,16,1305,0.5081610789993647
spherical_n8000_g16_medium_noise0,spherical,3,8000,16,medium,5.2,0.0,2026092804,4,8000,0,35d1a159d7bbd94365a5b6bae19b8a15bc5b81350315a3838b5f1a3bb7aa2f31,hdbscan_oracle,5,0.7344243156616507,0.8637706864638941,0.8595,22,1124,3.5091114200004085
spherical_n8000_g16_medium_noise0,spherical,3,8000,16,medium,5.2,0.0,2026092804,4,8000,0,35d1a159d7bbd94365a5b6bae19b8a15bc5b81350315a3838b5f1a3bb7aa2f31,single_linkage,16,1.6389362261917987e-07,4.417965404698794e-07,1.0,16,0,0.43569703299999674
spherical_n8000_g4_hard_noise0,spherical,3,8000,4,hard,4.6,0.0,2026092800,0,8000,0,e0c0d175f3233d8ec2d7df548835dd300813932e613f06bfe8bba60cb1ddc169,hdbscan_default,20,0.5393409141352055,0.6617025165033837,0.707625,4,2339,0.5358590460000414
spherical_n8000_g4_hard_noise0,spherical,3,8000,4,hard,4.6,0.0,2026092800,0,8000,0,e0c0d175f3233d8ec2d7df548835dd300813932e613f06bfe8bba60cb1ddc169,hdbscan_oracle,10,0.5824692860596313,0.6804154564410093,0.736125,4,2111,4.169114154999988
spherical_n8000_g4_hard_noise0,spherical,3,8000,4,hard,4.6,0.0,2026092800,0,8000,0,e0c0d175f3233d8ec2d7df548835dd300813932e613f06bfe8bba60cb1ddc169,single_linkage,4,2.0867208671434214e-08,2.2531982064189434e-08,1.0,4,0,0.3976628489999712
spherical_n8000_g4_hard_noise0,spherical,3,8000,4,hard,4.6,0.0,2026092801,1,8000,0,409d56a77c881d91cacabbea568006fd8636cde24d70d65447d240151ddac092,hdbscan_default,20,0.5005493567336375,0.6392130260706478,0.68525,4,2518,0.4934197669999776
spherical_n8000_g4_hard_noise0,spherical,3,8000,4,hard,4.6,0.0,2026092801,1,8000,0,409d56a77c881d91cacabbea568006fd8636cde24d70d65447d240151ddac092,hdbscan_oracle,10,0.546066482957285,0.6613628305654988,0.716,4,2272,4.604601120000552
spherical_n8000_g4_hard_noise0,spherical,3,8000,4,hard,4.6,0.0,2026092801,1,8000,0,409d56a77c881d91cacabbea568006fd8636cde24d70d65447d240151ddac092,single_linkage,4,-6.250781738391157e-08,-6.750586540720494e-08,1.0,4,0,0.33287705200018536
spherical_n8000_g4_hard_noise0,spherical,3,8000,4,hard,4.6,0.0,2026092802,2,8000,0,e2ec83c7ed05e374c89c757d9217fa29b149b67ab2ffe5a070418a2733904711,hdbscan_default,20,0.5338713545810135,0.6533218632846393,0.711375,4,2309,0.4842019910001909
spherical_n8000_g4_hard_noise0,spherical,3,8000,4,hard,4.6,0.0,2026092802,2,8000,0,e2ec83c7ed05e374c89c757d9217fa29b149b67ab2ffe5a070418a2733904711,hdbscan_oracle,10,0.6123440071164332,0.6872792076838092,0.761375,4,1909,3.7378521480004565
spherical_n8000_g4_hard_noise0,spherical,3,8000,4,hard,4.6,0.0,2026092802,2,8000,0,e2ec83c7ed05e374c89c757d9217fa29b149b67ab2ffe5a070418a2733904711,single_linkage,4,2.0867208671434214e-08,2.2531982064189434e-08,1.0,4,0,0.30571362799946655
spherical_n8000_g4_hard_noise0,spherical,3,8000,4,hard,4.6,0.0,2026092803,3,8000,0,4ee929f15f07b1d4b4eb67b71b4c5b299411b02aa0a8cdbb0473bf8e891718b7,hdbscan_default,20,0.4506810228216111,0.6132655642428463,0.64925,4,2806,0.4552275899995948
spherical_n8000_g4_hard_noise0,spherical,3,8000,4,hard,4.6,0.0,2026092803,3,8000,0,4ee929f15f07b1d4b4eb67b71b4c5b299411b02aa0a8cdbb0473bf8e891718b7,hdbscan_oracle,50,0.48308304586800704,0.630397218830766,0.6755,4,2596,4.572925683999529
spherical_n8000_g4_hard_noise0,spherical,3,8000,4,hard,4.6,0.0,2026092803,3,8000,0,4ee929f15f07b1d4b4eb67b71b4c5b299411b02aa0a8cdbb0473bf8e891718b7,single_linkage,4,2.0867208671434214e-08,2.2531982064189434e-08,1.0,4,0,0.3919567860002644
spherical_n8000_g4_hard_noise0,spherical,3,8000,4,hard,4.6,0.0,2026092804,4,8000,0,04ce3079dfa604e42db5e1c2a55e7a342d308fe5905ec788f6eb5134de9d79ff,hdbscan_default,20,0.5039397384501918,0.6425523035828992,0.693125,4,2455,0.5899289130002217
spherical_n8000_g4_hard_noise0,spherical,3,8000,4,hard,4.6,0.0,2026092804,4,8000,0,04ce3079dfa604e42db5e1c2a55e7a342d308fe5905ec788f6eb5134de9d79ff,hdbscan_oracle,10,0.5049218097210424,0.6416661447373229,0.693125,4,2455,4.581411817000117
spherical_n8000_g4_hard_noise0,spherical,3,8000,4,hard,4.6,0.0,2026092804,4,8000,0,04ce3079dfa604e42db5e1c2a55e7a342d308fe5905ec788f6eb5134de9d79ff,single_linkage,4,-6.250781738391157e-08,-6.750586540720494e-08,1.0,4,0,0.3790291330005857
spherical_n8000_g4_medium_noise0,spherical,3,8000,4,medium,5.2,0.0,2026092800,0,8000,0,09f2b0aa0235ee38948c9c8503a721c80dfa9a20f547aacc0ec66c64033c2369,hdbscan_default,20,0.7486439448768069,0.7766859129209934,0.83375,4,1330,0.5219038509994789
spherical_n8000_g4_medium_noise0,spherical,3,8000,4,medium,5.2,0.0,2026092800,0,8000,0,09f2b0aa0235ee38948c9c8503a721c80dfa9a20f547aacc0ec66c64033c2369,hdbscan_oracle,15,0.7617304358266545,0.7866010949071566,0.8405,4,1276,4.350291953000124
spherical_n8000_g4_medium_noise0,spherical,3,8000,4,medium,5.2,0.0,2026092800,0,8000,0,09f2b0aa0235ee38948c9c8503a721c80dfa9a20f547aacc0ec66c64033c2369,single_linkage,4,2.0867208671434214e-08,2.2531982064189434e-08,1.0,4,0,0.25790331799998967
spherical_n8000_g4_medium_noise0,spherical,3,8000,4,medium,5.2,0.0,2026092801,1,8000,0,a4653bd089eb01f00ccda329bd05b557953c0742ced4effe0f8f1866db634fab,hdbscan_default,20,0.7135482619447738,0.7574223886305267,0.81125,4,1510,0.3818223480002416
spherical_n8000_g4_medium_noise0,spherical,3,8000,4,medium,5.2,0.0,2026092801,1,8000,0,a4653bd089eb01f00ccda329bd05b557953c0742ced4effe0f8f1866db634fab,hdbscan_oracle,15,0.7235373057067784,0.762160407816418,0.816875,4,1465,6.21703936799986
spherical_n8000_g4_medium_noise0,spherical,3,8000,4,medium,5.2,0.0,2026092801,1,8000,0,a4653bd089eb01f00ccda329bd05b557953c0742ced4effe0f8f1866db634fab,single_linkage,4,-6.250781738391157e-08,-6.750586540720494e-08,1.0,4,0,0.5151974119999068
spherical_n8000_g4_medium_noise0,spherical,3,8000,4,medium,5.2,0.0,2026092802,2,8000,0,03af16fb76eb780f491801e3d448a0ccc33522ec64f66e6351391988b85161af,hdbscan_default,20,0.7546147047167356,0.7772389031449458,0.839,4,1288,0.5350087829992844
spherical_n8000_g4_medium_noise0,spherical,3,8000,4,medium,5.2,0.0,2026092802,2,8000,0,03af16fb76eb780f491801e3d448a0ccc33522ec64f66e6351391988b85161af,hdbscan_oracle,20,0.7546147047167356,0.7772389031449458,0.839,4,1288,4.602727010999843
spherical_n8000_g4_medium_noise0,spherical,3,8000,4,medium,5.2,0.0,2026092802,2,8000,0,03af16fb76eb780f491801e3d448a0ccc33522ec64f66e6351391988b85161af,single_linkage,4,2.0867208671434214e-08,2.2531982064189434e-08,1.0,4,0,0.48291710699959367
spherical_n8000_g4_medium_noise0,spherical,3,8000,4,medium,5.2,0.0,2026092803,3,8000,0,77d24bbe418f591aea55a4deb28d7c87a0a178fe5c0c7597cb3f98588f21fb89,hdbscan_default,20,0.6819070133471747,0.7404621786514272,0.79075,4,1674,0.7350236629999927
spherical_n8000_g4_medium_noise0,spherical,3,8000,4,medium,5.2,0.0,2026092803,3,8000,0,77d24bbe418f591aea55a4deb28d7c87a0a178fe5c0c7597cb3f98588f21fb89,hdbscan_oracle,50,0.7039728740477821,0.7488151624900377,0.808125,4,1535,5.322460743999727
spherical_n8000_g4_medium_noise0,spherical,3,8000,4,medium,5.2,0.0,2026092803,3,8000,0,77d24bbe418f591aea55a4deb28d7c87a0a178fe5c0c7597cb3f98588f21fb89,single_linkage,4,2.0867208671434214e-08,2.2531982064189434e-08,1.0,4,0,0.5211605860004056
spherical_n8000_g4_medium_noise0,spherical,3,8000,4,medium,5.2,0.0,2026092804,4,8000,0,062d793398ee42459c9a96547dd5312e0141f1144cf1406c912d5d2f193c6349,hdbscan_default,20,0.7431141525325796,0.7710340999748124,0.833,4,1336,0.5119824719995449
spherical_n8000_g4_medium_noise0,spherical,3,8000,4,medium,5.2,0.0,2026092804,4,8000,0,062d793398ee42459c9a96547dd5312e0141f1144cf1406c912d5d2f193c6349,hdbscan_oracle,15,0.7648777995569972,0.7827189214413487,0.846625,4,1227,5.6032152199995835
spherical_n8000_g4_medium_noise0,spherical,3,8000,4,medium,5.2,0.0,2026092804,4,8000,0,062d793398ee42459c9a96547dd5312e0141f1144cf1406c912d5d2f193c6349,single_linkage,4,-6.250781738391157e-08,-6.750586540720494e-08,1.0,4,0,0.39369484500002727
spherical_n8000_g8_medium_noise0,spherical,3,8000,8,medium,5.2,0.0,2026092800,0,8000,0,a3698ff24686286161f38202a1f8806ad2d437afc4a1126a3d55f8beb5dd9712,hdbscan_default,20,0.7544009177002796,0.8351590166078136,0.845,8,1240,0.49909323300016695
spherical_n8000_g8_medium_noise0,spherical,3,8000,8,medium,5.2,0.0,2026092800,0,8000,0,a3698ff24686286161f38202a1f8806ad2d437afc4a1126a3d55f8beb5dd9712,hdbscan_oracle,15,0.7856530845450325,0.8484250575241029,0.862125,8,1103,4.506768128000658
spherical_n8000_g8_medium_noise0,spherical,3,8000,8,medium,5.2,0.0,2026092800,0,8000,0,a3698ff24686286161f38202a1f8806ad2d437afc4a1126a3d55f8beb5dd9712,single_linkage,8,1.7006197995088676e-07,2.854506087947628e-07,1.0,8,0,0.47040347900019697
spherical_n8000_g8_medium_noise0,spherical,3,8000,8,medium,5.2,0.0,2026092801,1,8000,0,1126caf2e83998d43ee3645da91f8ed44051dde2c4f1943723ca4c747239960e,hdbscan_default,20,0.6996466414081187,0.8112446208124121,0.81575,8,1474,0.6434467419994689
spherical_n8000_g8_medium_noise0,spherical,3,8000,8,medium,5.2,0.0,2026092801,1,8000,0,1126caf2e83998d43ee3645da91f8ed44051dde2c4f1943723ca4c747239960e,hdbscan_oracle,20,0.6996466414081187,0.8112446208124121,0.81575,8,1474,5.534250222000082
spherical_n8000_g8_medium_noise0,spherical,3,8000,8,medium,5.2,0.0,2026092801,1,8000,0,1126caf2e83998d43ee3645da91f8ed44051dde2c4f1943723ca4c747239960e,single_linkage,8,9.852612710974544e-08,1.654000117233991e-07,1.0,8,0,0.4781559409993861
spherical_n8000_g8_medium_noise0,spherical,3,8000,8,medium,5.2,0.0,2026092802,2,8000,0,e8d9ec5d8c68cef378329baca0bb4934be17b3a77508abab8e9096ddca8f390b,hdbscan_default,20,0.17616611275248387,0.5027712262161159,0.98675,3,106,0.5588384209995638
spherical_n8000_g8_medium_noise0,spherical,3,8000,8,medium,5.2,0.0,2026092802,2,8000,0,e8d9ec5d8c68cef378329baca0bb4934be17b3a77508abab8e9096ddca8f390b,hdbscan_oracle,50,0.6780536703936949,0.8037286453289485,0.80475,8,1562,4.400370330999976
spherical_n8000_g8_medium_noise0,spherical,3,8000,8,medium,5.2,0.0,2026092802,2,8000,0,e8d9ec5d8c68cef378329baca0bb4934be17b3a77508abab8e9096ddca8f390b,single_linkage,8,2.4159783279202807e-07,4.056214972381567e-07,1.0,8,0,0.4250380879993827
spherical_n8000_g8_medium_noise0,spherical,3,8000,8,medium,5.2,0.0,2026092803,3,8000,0,9660dc4a0669e124f8720a83940aa43fbde61d264199ea48e330055952726eb9,hdbscan_default,20,0.7308803302242569,0.8263703174497391,0.831625,8,1347,0.5529217670000435
spherical_n8000_g8_medium_noise0,spherical,3,8000,8,medium,5.2,0.0,2026092803,3,8000,0,9660dc4a0669e124f8720a83940aa43fbde61d264199ea48e330055952726eb9,hdbscan_oracle,15,0.7439559156496545,0.8306205379169048,0.83925,8,1286,4.910762387000432
spherical_n8000_g8_medium_noise0,spherical,3,8000,8,medium,5.2,0.0,2026092803,3,8000,0,9660dc4a0669e124f8720a83940aa43fbde61d264199ea48e330055952726eb9,single_linkage,8,-1.1608143141367848e-07,-1.9487207086272218e-07,1.0,8,0,0.44364543499978026
spherical_n8000_g8_medium_noise0,spherical,3,8000,8,medium,5.2,0.0,2026092804,4,8000,0,0ce6294b34dd4f7852b959fa722d3151cb51697fbc01c1cfb00596ff4188b100,hdbscan_default,20,0.7475247978344135,0.8343905097355139,0.840375,8,1277,0.5149865080002201
spherical_n8000_g8_medium_noise0,spherical,3,8000,8,medium,5.2,0.0,2026092804,4,8000,0,0ce6294b34dd4f7852b959fa722d3151cb51697fbc01c1cfb00596ff4188b100,hdbscan_oracle,10,0.7681739165859259,0.8427082354535058,0.85175,8,1186,5.19628019099946
spherical_n8000_g8_medium_noise0,spherical,3,8000,8,medium,5.2,0.0,2026092804,4,8000,0,0ce6294b34dd4f7852b959fa722d3151cb51697fbc01c1cfb00596ff4188b100,single_linkage,8,0.0767392817092547,0.3055934086026649,1.0,8,0,0.2935659510003461
unbalanced_n2000_g8_easy_noise0,unbalanced,3,2000,8,easy,4.6,0.0,2026092800,0,2000,0,64906e08c6116cab83d6bd8c8ab20f614f86c736fe702c81a722585f3d87da2f,hdbscan_default,20,0.9570453537114404,0.8908358205257018,0.9165,5,167,0.03677113899993856
unbalanced_n2000_g8_easy_noise0,unbalanced,3,2000,8,easy,4.6,0.0,2026092800,0,2000,0,64906e08c6116cab83d6bd8c8ab20f614f86c736fe702c81a722585f3d87da2f,hdbscan_oracle,5,0.9795522819792688,0.9182587805523647,0.9565,8,87,0.37720561500009353
unbalanced_n2000_g8_easy_noise0,unbalanced,3,2000,8,easy,4.6,0.0,2026092800,0,2000,0,64906e08c6116cab83d6bd8c8ab20f614f86c736fe702c81a722585f3d87da2f,single_linkage,8,0.5062781220764067,0.6388883039727419,1.0,8,0,0.02141798499997094
unbalanced_n2000_g8_easy_noise0,unbalanced,3,2000,8,easy,4.6,0.0,2026092801,1,2000,0,d4756cc7ac31de35cbaa11e1fc459dbc234cd9338bf759c8b6fa694d2e38c3db,hdbscan_default,20,0.9527935918082102,0.8808825062957976,0.9165,5,167,0.047142817999883846
unbalanced_n2000_g8_easy_noise0,unbalanced,3,2000,8,easy,4.6,0.0,2026092801,1,2000,0,d4756cc7ac31de35cbaa11e1fc459dbc234cd9338bf759c8b6fa694d2e38c3db,hdbscan_oracle,5,0.9674701696818855,0.9012254314596947,0.9485,9,103,0.3299531329994352
unbalanced_n2000_g8_easy_noise0,unbalanced,3,2000,8,easy,4.6,0.0,2026092801,1,2000,0,d4756cc7ac31de35cbaa11e1fc459dbc234cd9338bf759c8b6fa694d2e38c3db,single_linkage,8,0.4397749521173471,0.5581172261721699,1.0,8,0,0.03133652900032757
unbalanced_n2000_g8_easy_noise0,unbalanced,3,2000,8,easy,4.6,0.0,2026092802,2,2000,0,50359cc6af0ba4963ddef6fc7c65cd8e667a7a2abf6c6928fe413bbed8aec062,hdbscan_default,20,0.9539088234165419,0.8842561504430752,0.9115,5,177,0.04983587599963357
unbalanced_n2000_g8_easy_noise0,unbalanced,3,2000,8,easy,4.6,0.0,2026092802,2,2000,0,50359cc6af0ba4963ddef6fc7c65cd8e667a7a2abf6c6928fe413bbed8aec062,hdbscan_oracle,10,0.9685893318489837,0.9030467718796572,0.9345,7,131,0.44836416599991935
unbalanced_n2000_g8_easy_noise0,unbalanced,3,2000,8,easy,4.6,0.0,2026092802,2,2000,0,50359cc6af0ba4963ddef6fc7c65cd8e667a7a2abf6c6928fe413bbed8aec062,single_linkage,8,0.006111562782462783,0.010994982603155765,1.0,8,0,0.03237790099956328
unbalanced_n2000_g8_easy_noise0,unbalanced,3,2000,8,easy,4.6,0.0,2026092803,3,2000,0,4ccbe2e4d74c514bbdec90af2d6a3d016ad9fb44979b35eb9bddc17abf6e8ba6,hdbscan_default,20,0.9415026856188016,0.8698628721761676,0.9,5,200,0.04913911699986784
unbalanced_n2000_g8_easy_noise0,unbalanced,3,2000,8,easy,4.6,0.0,2026092803,3,2000,0,4ccbe2e4d74c514bbdec90af2d6a3d016ad9fb44979b35eb9bddc17abf6e8ba6,hdbscan_oracle,10,0.963995345362793,0.89796855561765,0.94,8,120,0.43659309199938434
unbalanced_n2000_g8_easy_noise0,unbalanced,3,2000,8,easy,4.6,0.0,2026092803,3,2000,0,4ccbe2e4d74c514bbdec90af2d6a3d016ad9fb44979b35eb9bddc17abf6e8ba6,single_linkage,8,0.44144712595490077,0.5587012784380554,1.0,8,0,0.03263314600008016
unbalanced_n2000_g8_easy_noise0,unbalanced,3,2000,8,easy,4.6,0.0,2026092804,4,2000,0,3eaadb132cbac2dc69fb88b6387d0da9ec17c3a3c0453dd56c951ae7c21f6cfe,hdbscan_default,20,0.9698593823786498,0.8981005916805258,0.9205,5,159,0.048225905999970564
unbalanced_n2000_g8_easy_noise0,unbalanced,3,2000,8,easy,4.6,0.0,2026092804,4,2000,0,3eaadb132cbac2dc69fb88b6387d0da9ec17c3a3c0453dd56c951ae7c21f6cfe,hdbscan_oracle,5,0.9766403670707565,0.9011914497060154,0.946,8,108,0.3817637800002558
unbalanced_n2000_g8_easy_noise0,unbalanced,3,2000,8,easy,4.6,0.0,2026092804,4,2000,0,3eaadb132cbac2dc69fb88b6387d0da9ec17c3a3c0453dd56c951ae7c21f6cfe,single_linkage,8,0.004330631909277213,0.007127191167396931,1.0,8,0,0.021315674999641487
unbalanced_n2000_g8_extreme_noise0,unbalanced,3,2000,8,extreme,2.0,0.0,2026092800,0,2000,0,38023c5755d05f1e2aa959f3d821dae5e91cb8eced3bffaccda4179f0afc4f90,hdbscan_default,20,0.07815493585351223,0.26481080533660045,0.385,3,1230,0.0366673249991436
unbalanced_n2000_g8_extreme_noise0,unbalanced,3,2000,8,extreme,2.0,0.0,2026092800,0,2000,0,38023c5755d05f1e2aa959f3d821dae5e91cb8eced3bffaccda4179f0afc4f90,hdbscan_oracle,50,0.15526956803748732,0.265428963075809,0.454,2,1092,0.30495981500007474
unbalanced_n2000_g8_extreme_noise0,unbalanced,3,2000,8,extreme,2.0,0.0,2026092800,0,2000,0,38023c5755d05f1e2aa959f3d821dae5e91cb8eced3bffaccda4179f0afc4f90,single_linkage,8,0.005882916676237853,0.010133259829926673,1.0,8,0,0.01998625699980039
unbalanced_n2000_g8_extreme_noise0,unbalanced,3,2000,8,extreme,2.0,0.0,2026092801,1,2000,0,e567d1ad6a5668cc6fccda793ec1422b0189eb822bdcad283570c3734469e8ea,hdbscan_default,20,0.1586870332953759,0.2590446005357784,0.463,2,1074,0.03192623900031322
unbalanced_n2000_g8_extreme_noise0,unbalanced,3,2000,8,extreme,2.0,0.0,2026092801,1,2000,0,e567d1ad6a5668cc6fccda793ec1422b0189eb822bdcad283570c3734469e8ea,hdbscan_oracle,20,0.1586870332953759,0.2590446005357784,0.463,2,1074,0.34568489200046315
unbalanced_n2000_g8_extreme_noise0,unbalanced,3,2000,8,extreme,2.0,0.0,2026092801,1,2000,0,e567d1ad6a5668cc6fccda793ec1422b0189eb822bdcad283570c3734469e8ea,single_linkage,8,0.0023251253136568136,0.006279025437218039,1.0,8,0,0.032334410000657954
unbalanced_n2000_g8_extreme_noise0,unbalanced,3,2000,8,extreme,2.0,0.0,2026092802,2,2000,0,2af25fb3d9d3c13e0f5fe17bfa647b80fdf1f3f1b6663e4bc8d595cd3c2e2f97,hdbscan_default,20,0.16964301305362087,0.2703121567753036,0.4585,2,1083,0.04979836599977716
unbalanced_n2000_g8_extreme_noise0,unbalanced,3,2000,8,extreme,2.0,0.0,2026092802,2,2000,0,2af25fb3d9d3c13e0f5fe17bfa647b80fdf1f3f1b6663e4bc8d595cd3c2e2f97,hdbscan_oracle,50,0.1745276930883564,0.27706680065893574,0.4505,2,1099,0.3603001290002794
unbalanced_n2000_g8_extreme_noise0,unbalanced,3,2000,8,extreme,2.0,0.0,2026092802,2,2000,0,2af25fb3d9d3c13e0f5fe17bfa647b80fdf1f3f1b6663e4bc8d595cd3c2e2f97,single_linkage,8,0.005195147062538818,0.00856367644321516,1.0,8,0,0.021618118000333197
unbalanced_n2000_g8_extreme_noise0,unbalanced,3,2000,8,extreme,2.0,0.0,2026092803,3,2000,0,c92f800f52fcfac0bdaedb1db4158531323c7820b85cbf2729c9d37e1e7e0a41,hdbscan_default,20,0.1427126998400755,0.2315098954854259,0.438,2,1124,0.031985089000045264
unbalanced_n2000_g8_extreme_noise0,unbalanced,3,2000,8,extreme,2.0,0.0,2026092803,3,2000,0,c92f800f52fcfac0bdaedb1db4158531323c7820b85cbf2729c9d37e1e7e0a41,hdbscan_oracle,10,0.20407395172449122,0.23901912501553402,0.515,3,970,0.32780081300006714
unbalanced_n2000_g8_extreme_noise0,unbalanced,3,2000,8,extreme,2.0,0.0,2026092803,3,2000,0,c92f800f52fcfac0bdaedb1db4158531323c7820b85cbf2729c9d37e1e7e0a41,single_linkage,8,0.0015057582095115924,0.0013337684852234247,1.0,8,0,0.03234481900017272
unbalanced_n2000_g8_extreme_noise0,unbalanced,3,2000,8,extreme,2.0,0.0,2026092804,4,2000,0,21e30babb133ccb5a20972151709226e358980c5409469de2dfd8852b4f2c162,hdbscan_default,20,0.14329301878772005,0.2534709060976893,0.425,2,1150,0.05735447799997928
unbalanced_n2000_g8_extreme_noise0,unbalanced,3,2000,8,extreme,2.0,0.0,2026092804,4,2000,0,21e30babb133ccb5a20972151709226e358980c5409469de2dfd8852b4f2c162,hdbscan_oracle,5,0.22278820524207663,0.2803266904438806,0.526,14,948,0.43743972900028893
unbalanced_n2000_g8_extreme_noise0,unbalanced,3,2000,8,extreme,2.0,0.0,2026092804,4,2000,0,21e30babb133ccb5a20972151709226e358980c5409469de2dfd8852b4f2c162,single_linkage,8,0.004836291715901925,0.0061400070856372745,1.0,8,0,0.027410984999733046
unbalanced_n2000_g8_hard_noise0,unbalanced,3,2000,8,hard,2.5,0.0,2026092800,0,2000,0,b666ae0eb62e136dc01a4955db0917e634f468a83b66cbf26fcedac9f6e7356c,hdbscan_default,20,0.24747271934306184,0.4021514003856496,0.4995,3,1001,0.040656037999724504
unbalanced_n2000_g8_hard_noise0,unbalanced,3,2000,8,hard,2.5,0.0,2026092800,0,2000,0,b666ae0eb62e136dc01a4955db0917e634f468a83b66cbf26fcedac9f6e7356c,hdbscan_oracle,50,0.4127658789193439,0.4097105221829605,0.636,2,728,0.36223403299936763
unbalanced_n2000_g8_hard_noise0,unbalanced,3,2000,8,hard,2.5,0.0,2026092800,0,2000,0,b666ae0eb62e136dc01a4955db0917e634f468a83b66cbf26fcedac9f6e7356c,single_linkage,8,0.0067564789161192644,0.012228077663872636,1.0,8,0,0.019841407999592775
unbalanced_n2000_g8_hard_noise0,unbalanced,3,2000,8,hard,2.5,0.0,2026092801,1,2000,0,9d9aac27e3ebf1349f802bbea3b8edba7df10d375552e8adf6c235d2ffea5623,hdbscan_default,20,0.23572107707209627,0.39653652166415054,0.4885,3,1023,0.03214404399932391
unbalanced_n2000_g8_hard_noise0,unbalanced,3,2000,8,hard,2.5,0.0,2026092801,1,2000,0,9d9aac27e3ebf1349f802bbea3b8edba7df10d375552e8adf6c235d2ffea5623,hdbscan_oracle,30,0.3757034023226892,0.39119434065004466,0.6075,2,785,0.4134443940001802
unbalanced_n2000_g8_hard_noise0,unbalanced,3,2000,8,hard,2.5,0.0,2026092801,1,2000,0,9d9aac27e3ebf1349f802bbea3b8edba7df10d375552e8adf6c235d2ffea5623,single_linkage,8,0.0023251253136568136,0.006279025437218039,1.0,8,0,0.03290293899954122
unbalanced_n2000_g8_hard_noise0,unbalanced,3,2000,8,hard,2.5,0.0,2026092802,2,2000,0,9d99179bd0fdc469b016ba3f2285100d463c67b3e5423244a26136427720dc3d,hdbscan_default,20,0.35794654044027246,0.4251891762399211,0.554,3,892,0.05188352299956023
unbalanced_n2000_g8_hard_noise0,unbalanced,3,2000,8,hard,2.5,0.0,2026092802,2,2000,0,9d99179bd0fdc469b016ba3f2285100d463c67b3e5423244a26136427720dc3d,hdbscan_oracle,10,0.42509597907827057,0.4379330188445986,0.6,3,800,0.4735964810006408
unbalanced_n2000_g8_hard_noise0,unbalanced,3,2000,8,hard,2.5,0.0,2026092802,2,2000,0,9d99179bd0fdc469b016ba3f2285100d463c67b3e5423244a26136427720dc3d,single_linkage,8,0.005978104182473856,0.010060824030005952,1.0,8,0,0.02188489499985735
unbalanced_n2000_g8_hard_noise0,unbalanced,3,2000,8,hard,2.5,0.0,2026092803,3,2000,0,08f20932b625207b3a2b5ba72ed09963295dbda311ba30556a8fbba92924eb53,hdbscan_default,20,0.37489697250548204,0.3690725071295622,0.6275,2,745,0.04731968600026448
unbalanced_n2000_g8_hard_noise0,unbalanced,3,2000,8,hard,2.5,0.0,2026092803,3,2000,0,08f20932b625207b3a2b5ba72ed09963295dbda311ba30556a8fbba92924eb53,hdbscan_oracle,15,0.4206405356199917,0.38367039055412056,0.675,2,650,0.3968239870000616
unbalanced_n2000_g8_hard_noise0,unbalanced,3,2000,8,hard,2.5,0.0,2026092803,3,2000,0,08f20932b625207b3a2b5ba72ed09963295dbda311ba30556a8fbba92924eb53,single_linkage,8,0.0021878799427883303,0.003255930118814738,1.0,8,0,0.03796704599972145
unbalanced_n2000_g8_hard_noise0,unbalanced,3,2000,8,hard,2.5,0.0,2026092804,4,2000,0,419d0a2bd560b528a39751ad3b9dd74991c3c7e08d1b2c97e2476033e4cf7689,hdbscan_default,20,0.3217113006597521,0.37394689220935673,0.5335,2,933,0.03272144099992147
unbalanced_n2000_g8_hard_noise0,unbalanced,3,2000,8,hard,2.5,0.0,2026092804,4,2000,0,419d0a2bd560b528a39751ad3b9dd74991c3c7e08d1b2c97e2476033e4cf7689,hdbscan_oracle,100,0.4242180094044684,0.4223312067938897,0.58,2,840,0.46427156400022795
unbalanced_n2000_g8_hard_noise0,unbalanced,3,2000,8,hard,2.5,0.0,2026092804,4,2000,0,419d0a2bd560b528a39751ad3b9dd74991c3c7e08d1b2c97e2476033e4cf7689,single_linkage,8,0.0056073858491712805,0.008534600654306076,1.0,8,0,0.03184427599990158
unbalanced_n2000_g8_medium_noise0,unbalanced,3,2000,8,medium,3.4,0.0,2026092800,0,2000,0,7e994fb72ea99ef1bb2f03cd9e18ca770fe1b620c8c6bd4229d293a80ded2d1b,hdbscan_default,20,0.6311960074407613,0.6323225345328816,0.703,4,594,0.04860548299984657
unbalanced_n2000_g8_medium_noise0,unbalanced,3,2000,8,medium,3.4,0.0,2026092800,0,2000,0,7e994fb72ea99ef1bb2f03cd9e18ca770fe1b620c8c6bd4229d293a80ded2d1b,hdbscan_oracle,5,0.7706587207972658,0.6912151750607597,0.795,13,410,0.40628307499991934
unbalanced_n2000_g8_medium_noise0,unbalanced,3,2000,8,medium,3.4,0.0,2026092800,0,2000,0,7e994fb72ea99ef1bb2f03cd9e18ca770fe1b620c8c6bd4229d293a80ded2d1b,single_linkage,8,0.006798042843384307,0.010751505943969827,1.0,8,0,0.032606286000373075
unbalanced_n2000_g8_medium_noise0,unbalanced,3,2000,8,medium,3.4,0.0,2026092801,1,2000,0,e7fcb9d28abbfe28d95e47c9775c48b061e8a528a7e197093c12968bbfa0db18,hdbscan_default,20,0.7477679939935994,0.6818717895272723,0.764,4,472,0.04848826399938844
unbalanced_n2000_g8_medium_noise0,unbalanced,3,2000,8,medium,3.4,0.0,2026092801,1,2000,0,e7fcb9d28abbfe28d95e47c9775c48b061e8a528a7e197093c12968bbfa0db18,hdbscan_oracle,15,0.802769667634269,0.7152615058318434,0.804,5,392,0.4514795349996348
unbalanced_n2000_g8_medium_noise0,unbalanced,3,2000,8,medium,3.4,0.0,2026092801,1,2000,0,e7fcb9d28abbfe28d95e47c9775c48b061e8a528a7e197093c12968bbfa0db18,single_linkage,8,0.002966061872720621,0.007737008447463126,1.0,8,0,0.04615675100012595
unbalanced_n2000_g8_medium_noise0,unbalanced,3,2000,8,medium,3.4,0.0,2026092802,2,2000,0,c354d6003cbc22d04bf5fdab7a4fb4a6fd2593eb57dbfbdb425e73921779799b,hdbscan_default,20,0.7769248421071931,0.6967265081881736,0.7795,4,441,0.07002286700026161
unbalanced_n2000_g8_medium_noise0,unbalanced,3,2000,8,medium,3.4,0.0,2026092802,2,2000,0,c354d6003cbc22d04bf5fdab7a4fb4a6fd2593eb57dbfbdb425e73921779799b,hdbscan_oracle,5,0.795996898202515,0.7074897099623796,0.8285,8,343,0.4674132930003907
unbalanced_n2000_g8_medium_noise0,unbalanced,3,2000,8,medium,3.4,0.0,2026092802,2,2000,0,c354d6003cbc22d04bf5fdab7a4fb4a6fd2593eb57dbfbdb425e73921779799b,single_linkage,8,0.005794227889155778,0.009574091023803685,1.0,8,0,0.03445257800012769
unbalanced_n2000_g8_medium_noise0,unbalanced,3,2000,8,medium,3.4,0.0,2026092803,3,2000,0,7435b3f043adc7f431e3ba336bf8721c90d8640e8f03e8eacb6d3589192fb26a,hdbscan_default,20,0.6266476555254111,0.6354302607791915,0.7075,4,585,0.05509923499994329
unbalanced_n2000_g8_medium_noise0,unbalanced,3,2000,8,medium,3.4,0.0,2026092803,3,2000,0,7435b3f043adc7f431e3ba336bf8721c90d8640e8f03e8eacb6d3589192fb26a,hdbscan_oracle,5,0.7160853506823787,0.672514422723651,0.7745,10,451,0.4635782140003357
unbalanced_n2000_g8_medium_noise0,unbalanced,3,2000,8,medium,3.4,0.0,2026092803,3,2000,0,7435b3f043adc7f431e3ba336bf8721c90d8640e8f03e8eacb6d3589192fb26a,single_linkage,8,0.0015057582095115924,0.0013337684852234247,1.0,8,0,0.03244921399982559
unbalanced_n2000_g8_medium_noise0,unbalanced,3,2000,8,medium,3.4,0.0,2026092804,4,2000,0,2dbbc78c513799ea3bd505bdbb2b0951710ebf491170bdff1367ed9f2633d3a9,hdbscan_default,20,0.7267849292153797,0.6643538184513558,0.748,4,504,0.06579416099975788
unbalanced_n2000_g8_medium_noise0,unbalanced,3,2000,8,medium,3.4,0.0,2026092804,4,2000,0,2dbbc78c513799ea3bd505bdbb2b0951710ebf491170bdff1367ed9f2633d3a9,hdbscan_oracle,10,0.7772070825954327,0.6988622021968466,0.794,5,412,0.4980981700000484
unbalanced_n2000_g8_medium_noise0,unbalanced,3,2000,8,medium,3.4,0.0,2026092804,4,2000,0,2dbbc78c513799ea3bd505bdbb2b0951710ebf491170bdff1367ed9f2633d3a9,single_linkage,8,0.0045159910759285,0.007619643137857661,1.0,8,0,0.03326101699985884
