MHGP7_INTRUDER_V1
13571
3
18446744073709551615
18446744073709551613
1
5
18446744073709551611
18446744073709551609
3
18446744073709551615
18446744073709551613
1
5
18446744073709551611
18446744073709551609
3
18446744073709551615
18446744073709551613
1
5
18446744073709551611
18446744073709551609
3
18446744073709551615
18446744073709551613
1
5
18446744073709551611
18446744073709551609
3
18446744073709551615
18446744073709551613
1
5
18446744073709551611
18446744073709551609
3
18446744073709551615
18446744073709551613
1
5
18446744073709551611
18446744073709551609
3
18446744073709551615
18446744073709551613
1
5
18446744073709551611
18446744073709551609
3
18446744073709551615
18446744073709551613
1
5
18446744073709551611
18446744073709551609
3
18446744073709551615
18446744073709551613
1
5
18446744073709551611
18446744073709551609
3
18446744073709551615
18446744073709551613
1
5
18446744073709551611
18446744073709551609
3
18446744073709551615
1
2
18446744073709551611
3
18446744073709551615
1
2
18446744073709551611
3
18446744073709551615
1
2
18446744073709551611
47
18446744073709551615
1
2
3
4
5
6
7
8
9
10
11
12
13
14
15
16
17
18
19
20
21
22
23
24
25
26
27
28
29
30
31
32
33
34
35
36
37
38
39
40
41
42
43
44
45
46
47
18446744073709551615
1
2
3
4
5
6
7
8
9
10
11
12
13
14
15
16
17
18
19
20
21
22
23
24
25
26
27
28
29
30
31
32
33
34
35
36
37
38
39
40
41
42
43
44
45
46
18446744073709551615
18446744073709551614
18446744073709551613
18446744073709551612
18446744073709551611
18446744073709551610
18446744073709551609
18446744073709551608
18446744073709551607
18446744073709551606
18446744073709551605
18446744073709551604
18446744073709551603
18446744073709551602
18446744073709551601
18446744073709551600
18446744073709551599
18446744073709551598
18446744073709551597
18446744073709551596
18446744073709551595
18446744073709551594
18446744073709551593
18446744073709551592
18446744073709551591
18446744073709551590
18446744073709551589
18446744073709551588
18446744073709551587
18446744073709551586
18446744073709551585
18446744073709551584
18446744073709551583
18446744073709551582
18446744073709551581
18446744073709551580
18446744073709551579
18446744073709551578
18446744073709551577
18446744073709551576
18446744073709551575
18446744073709551574
18446744073709551573
18446744073709551572
18446744073709551571
18446744073709551570
18446744073709551569
18446744073709551568
18446744073709551615
18446744073709551614
18446744073709551613
18446744073709551612
18446744073709551611
18446744073709551610
18446744073709551609
18446744073709551608
18446744073709551607
18446744073709551606
18446744073709551605
18446744073709551604
18446744073709551603
18446744073709551602
18446744073709551601
18446744073709551600
18446744073709551599
18446744073709551598
18446744073709551597
18446744073709551596
18446744073709551595
18446744073709551594
18446744073709551593
18446744073709551592
18446744073709551591
18446744073709551590
18446744073709551589
18446744073709551588
18446744073709551587
18446744073709551586
18446744073709551585
18446744073709551584
18446744073709551583
18446744073709551582
18446744073709551581
18446744073709551580
18446744073709551579
18446744073709551578
18446744073709551577
18446744073709551576
18446744073709551575
18446744073709551574
18446744073709551573
18446744073709551572
18446744073709551571
18446744073709551570
18446744073709551569
18446744073709551568
10
18446744073709551614
18446744073709551613
18446744073709551615
8
18446744073709551610
18446744073709551611
18446744073709551608
6
18446744073709551606
3
17
18446744073709551603
18446744073709551604
15
18446744073709551601
18446744073709551599
13
20
18446744073709551597
19
18446744073709551594
18446744073709551593
10
18446744073709551614
18446744073709551613
18446744073709551615
8
18446744073709551610
18446744073709551611
18446744073709551608
6
18446744073709551606
3
17
18446744073709551603
18446744073709551604
15
18446744073709551601
18446744073709551599
13
20
18446744073709551597
19
18446744073709551594
18446744073709551593
10
18446744073709551614
18446744073709551613
18446744073709551615
8
18446744073709551610
18446744073709551611
18446744073709551608
6
18446744073709551606
3
17
18446744073709551603
18446744073709551604
15
18446744073709551601
18446744073709551599
13
20
18446744073709551597
19
18446744073709551594
18446744073709551593
10
18446744073709551614
18446744073709551613
18446744073709551615
8
18446744073709551610
18446744073709551611
18446744073709551608
6
18446744073709551606
3
17
18446744073709551603
18446744073709551604
15
18446744073709551601
18446744073709551599
13
20
18446744073709551597
19
18446744073709551594
18446744073709551593
10
18446744073709551614
18446744073709551613
18446744073709551615
8
18446744073709551610
18446744073709551611
18446744073709551608
6
18446744073709551606
3
17
18446744073709551603
18446744073709551604
15
18446744073709551601
18446744073709551599
13
20
18446744073709551597
19
18446744073709551594
18446744073709551593
10
18446744073709551614
18446744073709551613
18446744073709551615
8
18446744073709551610
18446744073709551611
18446744073709551608
6
18446744073709551606
3
17
18446744073709551603
18446744073709551604
15
18446744073709551601
18446744073709551599
13
20
18446744073709551597
19
18446744073709551594
18446744073709551593
10
18446744073709551614
18446744073709551613
18446744073709551615
8
18446744073709551610
18446744073709551611
18446744073709551608
6
18446744073709551606
3
17
18446744073709551603
18446744073709551604
15
18446744073709551601
18446744073709551599
13
20
18446744073709551597
19
18446744073709551594
18446744073709551593
10
18446744073709551614
18446744073709551613
18446744073709551615
8
18446744073709551610
18446744073709551611
18446744073709551608
6
18446744073709551606
3
17
18446744073709551603
18446744073709551604
15
18446744073709551601
18446744073709551599
13
20
18446744073709551597
19
18446744073709551594
18446744073709551593
10
18446744073709551614
18446744073709551613
18446744073709551615
8
18446744073709551610
18446744073709551611
18446744073709551608
6
18446744073709551606
3
17
18446744073709551603
18446744073709551604
15
18446744073709551601
18446744073709551599
13
20
18446744073709551597
19
18446744073709551594
18446744073709551593
10
18446744073709551614
18446744073709551613
18446744073709551615
8
18446744073709551610
18446744073709551611
18446744073709551608
6
18446744073709551606
3
17
18446744073709551603
18446744073709551604
15
18446744073709551601
18446744073709551599
13
20
18446744073709551597
19
18446744073709551594
18446744073709551593
10
18446744073709551614
18446744073709551613
18446744073709551615
8
18446744073709551610
18446744073709551611
18446744073709551608
6
18446744073709551606
3
17
18446744073709551603
18446744073709551604
15
18446744073709551601
18446744073709551599
13
20
18446744073709551597
19
18446744073709551594
18446744073709551593
10
18446744073709551614
18446744073709551613
18446744073709551615
8
18446744073709551610
18446744073709551611
18446744073709551608
6
18446744073709551606
3
17
18446744073709551603
18446744073709551604
15
18446744073709551601
18446744073709551599
13
20
18446744073709551597
19
18446744073709551594
18446744073709551593
8
18446744073709551615
4
18446744073709551612
18446744073709551613
18446744073709551610
1
18446744073709551608
6
12
18446744073709551606
18446744073709551604
10
15
18446744073709551602
14
19
18446744073709551598
18446744073709551599
18
22
18446744073709551594
18446744073709551595
8
18446744073709551615
4
18446744073709551612
18446744073709551613
18446744073709551610
1
18446744073709551608
6
12
18446744073709551606
18446744073709551604
10
15
18446744073709551602
14
19
18446744073709551598
18446744073709551599
18
22
18446744073709551594
18446744073709551595
8
18446744073709551615
4
18446744073709551612
18446744073709551613
18446744073709551610
1
18446744073709551608
6
12
18446744073709551606
18446744073709551604
10
15
18446744073709551602
14
19
18446744073709551598
18446744073709551599
18
22
18446744073709551594
18446744073709551595
8
18446744073709551615
4
18446744073709551612
18446744073709551613
18446744073709551610
1
18446744073709551608
6
12
18446744073709551606
18446744073709551604
10
15
18446744073709551602
14
19
18446744073709551598
18446744073709551599
18
22
18446744073709551594
18446744073709551595
8
18446744073709551615
4
18446744073709551612
18446744073709551613
18446744073709551610
1
18446744073709551608
6
12
18446744073709551606
18446744073709551604
10
15
18446744073709551602
14
19
18446744073709551598
18446744073709551599
18
22
18446744073709551594
18446744073709551595
8
18446744073709551615
4
18446744073709551612
18446744073709551613
18446744073709551610
1
18446744073709551608
6
12
18446744073709551606
18446744073709551604
10
15
18446744073709551602
14
19
18446744073709551598
18446744073709551599
18
22
18446744073709551594
18446744073709551595
8
18446744073709551615
4
18446744073709551612
18446744073709551613
18446744073709551610
1
18446744073709551608
6
12
18446744073709551606
18446744073709551604
10
15
18446744073709551602
14
19
18446744073709551598
18446744073709551599
18
22
18446744073709551594
18446744073709551595
8
18446744073709551615
4
18446744073709551612
18446744073709551613
18446744073709551610
1
18446744073709551608
6
12
18446744073709551606
18446744073709551604
10
15
18446744073709551602
14
19
18446744073709551598
18446744073709551599
18
22
18446744073709551594
18446744073709551595
8
18446744073709551615
4
18446744073709551612
18446744073709551613
18446744073709551610
1
18446744073709551608
6
12
18446744073709551606
18446744073709551604
10
15
18446744073709551602
14
19
18446744073709551598
18446744073709551599
18
22
18446744073709551594
18446744073709551595
8
18446744073709551615
4
18446744073709551612
18446744073709551613
18446744073709551610
1
18446744073709551608
6
12
18446744073709551606
18446744073709551604
10
15
18446744073709551602
14
19
18446744073709551598
18446744073709551599
18
22
18446744073709551594
18446744073709551595
8
18446744073709551615
4
18446744073709551612
18446744073709551613
18446744073709551610
1
18446744073709551608
6
12
18446744073709551606
18446744073709551604
10
15
18446744073709551602
14
19
18446744073709551598
18446744073709551599
18
22
18446744073709551594
18446744073709551595
8
18446744073709551615
4
18446744073709551612
18446744073709551613
18446744073709551610
1
18446744073709551608
6
12
18446744073709551606
18446744073709551604
10
15
18446744073709551602
14
19
18446744073709551598
18446744073709551599
18
22
18446744073709551594
18446744073709551595
10
18446744073709551614
18446744073709551615
4
18446744073709551612
2
7
18446744073709551609
9
18446744073709551607
5
16
18446744073709551604
15
18446744073709551602
14
12
18
18446744073709551598
21
18446744073709551595
18446744073709551596
18446744073709551593
10
18446744073709551614
18446744073709551615
4
18446744073709551612
2
7
18446744073709551609
9
18446744073709551607
5
16
18446744073709551604
15
18446744073709551602
14
12
18
18446744073709551598
21
18446744073709551595
18446744073709551596
18446744073709551593
10
18446744073709551614
18446744073709551615
4
18446744073709551612
2
7
18446744073709551609
9
18446744073709551607
5
16
18446744073709551604
15
18446744073709551602
14
12
18
18446744073709551598
21
18446744073709551595
18446744073709551596
18446744073709551593
10
18446744073709551614
18446744073709551615
4
18446744073709551612
2
7
18446744073709551609
9
18446744073709551607
5
16
18446744073709551604
15
18446744073709551602
14
12
18
18446744073709551598
21
18446744073709551595
18446744073709551596
18446744073709551593
10
18446744073709551614
18446744073709551615
4
18446744073709551612
2
7
18446744073709551609
9
18446744073709551607
5
16
18446744073709551604
15
18446744073709551602
14
12
18
18446744073709551598
21
18446744073709551595
18446744073709551596
18446744073709551593
10
18446744073709551614
18446744073709551615
4
18446744073709551612
2
7
18446744073709551609
9
18446744073709551607
5
16
18446744073709551604
15
18446744073709551602
14
12
18
18446744073709551598
21
18446744073709551595
18446744073709551596
18446744073709551593
10
18446744073709551614
18446744073709551615
4
18446744073709551612
2
7
18446744073709551609
9
18446744073709551607
5
16
18446744073709551604
15
18446744073709551602
14
12
18
18446744073709551598
21
18446744073709551595
18446744073709551596
18446744073709551593
10
18446744073709551614
18446744073709551615
4
18446744073709551612
2
7
18446744073709551609
9
18446744073709551607
5
16
18446744073709551604
15
18446744073709551602
14
12
18
18446744073709551598
21
18446744073709551595
18446744073709551596
18446744073709551593
10
18446744073709551614
18446744073709551615
4
18446744073709551612
2
7
18446744073709551609
9
18446744073709551607
5
16
18446744073709551604
15
18446744073709551602
14
12
18
18446744073709551598
21
18446744073709551595
18446744073709551596
18446744073709551593
10
18446744073709551614
18446744073709551615
4
18446744073709551612
2
7
18446744073709551609
9
18446744073709551607
5
16
18446744073709551604
15
18446744073709551602
14
12
18
18446744073709551598
21
18446744073709551595
18446744073709551596
18446744073709551593
10
18446744073709551614
18446744073709551615
4
18446744073709551612
2
7
18446744073709551609
9
18446744073709551607
5
16
18446744073709551604
15
18446744073709551602
14
12
18
18446744073709551598
21
18446744073709551595
18446744073709551596
18446744073709551593
10
18446744073709551614
18446744073709551615
4
18446744073709551612
2
7
18446744073709551609
9
18446744073709551607
5
16
18446744073709551604
15
18446744073709551602
14
12
18
18446744073709551598
21
18446744073709551595
18446744073709551596
18446744073709551593
11
18446744073709551614
18446744073709551613
18446744073709551615
8
6
18446744073709551610
18446744073709551611
7
10
18446744073709551606
3
15
14
18446744073709551602
18446744073709551603
18446744073709551599
20
18446744073709551597
18446744073709551598
19
18446744073709551594
18446744073709551593
11
18446744073709551614
18446744073709551613
18446744073709551615
8
6
18446744073709551610
18446744073709551611
7
10
18446744073709551606
3
15
14
18446744073709551602
18446744073709551603
18446744073709551599
20
18446744073709551597
18446744073709551598
19
18446744073709551594
18446744073709551593
11
18446744073709551614
18446744073709551613
18446744073709551615
8
6
18446744073709551610
18446744073709551611
7
10
18446744073709551606
3
15
14
18446744073709551602
18446744073709551603
18446744073709551599
20
18446744073709551597
18446744073709551598
19
18446744073709551594
18446744073709551593
11
18446744073709551614
18446744073709551613
18446744073709551615
8
6
18446744073709551610
18446744073709551611
7
10
18446744073709551606
3
15
14
18446744073709551602
18446744073709551603
18446744073709551599
20
18446744073709551597
18446744073709551598
19
18446744073709551594
18446744073709551593
11
18446744073709551614
18446744073709551613
18446744073709551615
8
6
18446744073709551610
18446744073709551611
7
10
18446744073709551606
3
15
14
18446744073709551602
18446744073709551603
18446744073709551599
20
18446744073709551597
18446744073709551598
19
18446744073709551594
18446744073709551593
11
18446744073709551614
18446744073709551613
18446744073709551615
8
6
18446744073709551610
18446744073709551611
7
10
18446744073709551606
3
15
14
18446744073709551602
18446744073709551603
18446744073709551599
20
18446744073709551597
18446744073709551598
19
18446744073709551594
18446744073709551593
11
18446744073709551614
18446744073709551613
18446744073709551615
8
6
18446744073709551610
18446744073709551611
7
10
18446744073709551606
3
15
14
18446744073709551602
18446744073709551603
18446744073709551599
20
18446744073709551597
18446744073709551598
19
18446744073709551594
18446744073709551593
11
18446744073709551614
18446744073709551613
18446744073709551615
8
6
18446744073709551610
18446744073709551611
7
10
18446744073709551606
3
15
14
18446744073709551602
18446744073709551603
18446744073709551599
20
18446744073709551597
18446744073709551598
19
18446744073709551594
18446744073709551593
11
18446744073709551614
18446744073709551613
18446744073709551615
8
6
18446744073709551610
18446744073709551611
7
10
18446744073709551606
3
15
14
18446744073709551602
18446744073709551603
18446744073709551599
20
18446744073709551597
18446744073709551598
19
18446744073709551594
18446744073709551593
11
18446744073709551614
18446744073709551613
18446744073709551615
8
6
18446744073709551610
18446744073709551611
7
10
18446744073709551606
3
15
14
18446744073709551602
18446744073709551603
18446744073709551599
20
18446744073709551597
18446744073709551598
19
18446744073709551594
18446744073709551593
11
18446744073709551614
18446744073709551613
18446744073709551615
8
6
18446744073709551610
18446744073709551611
7
10
18446744073709551606
3
15
14
18446744073709551602
18446744073709551603
18446744073709551599
20
18446744073709551597
18446744073709551598
19
18446744073709551594
18446744073709551593
11
18446744073709551614
18446744073709551613
18446744073709551615
8
6
18446744073709551610
18446744073709551611
7
10
18446744073709551606
3
15
14
18446744073709551602
18446744073709551603
18446744073709551599
20
18446744073709551597
18446744073709551598
19
18446744073709551594
18446744073709551593
15
2
18446744073709551614
18446744073709551615
18446744073709551611
6
18446744073709551610
3
11
18446744073709551607
9
10
14
18446744073709551602
18446744073709551603
7
21
18446744073709551599
18446744073709551597
20
18446744073709551596
17
18446744073709551593
15
2
18446744073709551614
18446744073709551615
18446744073709551611
6
18446744073709551610
3
11
18446744073709551607
9
10
14
18446744073709551602
18446744073709551603
7
21
18446744073709551599
18446744073709551597
20
18446744073709551596
17
18446744073709551593
15
2
18446744073709551614
18446744073709551615
18446744073709551611
6
18446744073709551610
3
11
18446744073709551607
9
10
14
18446744073709551602
18446744073709551603
7
21
18446744073709551599
18446744073709551597
20
18446744073709551596
17
18446744073709551593
15
2
18446744073709551614
18446744073709551615
18446744073709551611
6
18446744073709551610
3
11
18446744073709551607
9
10
14
18446744073709551602
18446744073709551603
7
21
18446744073709551599
18446744073709551597
20
18446744073709551596
17
18446744073709551593
15
2
18446744073709551614
18446744073709551615
18446744073709551611
6
18446744073709551610
3
11
18446744073709551607
9
10
14
18446744073709551602
18446744073709551603
7
21
18446744073709551599
18446744073709551597
20
18446744073709551596
17
18446744073709551593
15
2
18446744073709551614
18446744073709551615
18446744073709551611
6
18446744073709551610
3
11
18446744073709551607
9
10
14
18446744073709551602
18446744073709551603
7
21
18446744073709551599
18446744073709551597
20
18446744073709551596
17
18446744073709551593
15
2
18446744073709551614
18446744073709551615
18446744073709551611
6
18446744073709551610
3
11
18446744073709551607
9
10
14
18446744073709551602
18446744073709551603
7
21
18446744073709551599
18446744073709551597
20
18446744073709551596
17
18446744073709551593
15
2
18446744073709551614
18446744073709551615
18446744073709551611
6
18446744073709551610
3
11
18446744073709551607
9
10
14
18446744073709551602
18446744073709551603
7
21
18446744073709551599
18446744073709551597
20
18446744073709551596
17
18446744073709551593
15
2
18446744073709551614
18446744073709551615
18446744073709551611
6
18446744073709551610
3
11
18446744073709551607
9
10
14
18446744073709551602
18446744073709551603
7
21
18446744073709551599
18446744073709551597
20
18446744073709551596
17
18446744073709551593
15
2
18446744073709551614
18446744073709551615
18446744073709551611
6
18446744073709551610
3
11
18446744073709551607
9
10
14
18446744073709551602
18446744073709551603
7
21
18446744073709551599
18446744073709551597
20
18446744073709551596
17
18446744073709551593
15
2
18446744073709551614
18446744073709551615
18446744073709551611
6
18446744073709551610
3
11
18446744073709551607
9
10
14
18446744073709551602
18446744073709551603
7
21
18446744073709551599
18446744073709551597
20
18446744073709551596
17
18446744073709551593
15
2
18446744073709551614
18446744073709551615
18446744073709551611
6
18446744073709551610
3
11
18446744073709551607
9
10
14
18446744073709551602
18446744073709551603
7
21
18446744073709551599
18446744073709551597
20
18446744073709551596
17
18446744073709551593
7
18446744073709551615
1
4
18446744073709551612
6
18446744073709551610
2
17
18446744073709551606
18446744073709551607
18446744073709551604
13
18446744073709551603
16
18446744073709551601
15
10
19
18446744073709551597
18446744073709551595
18446744073709551594
18446744073709551593
7
18446744073709551615
1
4
18446744073709551612
6
18446744073709551610
2
17
18446744073709551606
18446744073709551607
18446744073709551604
13
18446744073709551603
16
18446744073709551601
15
10
19
18446744073709551597
18446744073709551595
18446744073709551594
18446744073709551593
7
18446744073709551615
1
4
18446744073709551612
6
18446744073709551610
2
17
18446744073709551606
18446744073709551607
18446744073709551604
13
18446744073709551603
16
18446744073709551601
15
10
19
18446744073709551597
18446744073709551595
18446744073709551594
18446744073709551593
7
18446744073709551615
1
4
18446744073709551612
6
18446744073709551610
2
17
18446744073709551606
18446744073709551607
18446744073709551604
13
18446744073709551603
16
18446744073709551601
15
10
19
18446744073709551597
18446744073709551595
18446744073709551594
18446744073709551593
7
18446744073709551615
1
4
18446744073709551612
6
18446744073709551610
2
17
18446744073709551606
18446744073709551607
18446744073709551604
13
18446744073709551603
16
18446744073709551601
15
10
19
18446744073709551597
18446744073709551595
18446744073709551594
18446744073709551593
7
18446744073709551615
1
4
18446744073709551612
6
18446744073709551610
2
17
18446744073709551606
18446744073709551607
18446744073709551604
13
18446744073709551603
16
18446744073709551601
15
10
19
18446744073709551597
18446744073709551595
18446744073709551594
18446744073709551593
7
18446744073709551615
1
4
18446744073709551612
6
18446744073709551610
2
17
18446744073709551606
18446744073709551607
18446744073709551604
13
18446744073709551603
16
18446744073709551601
15
10
19
18446744073709551597
18446744073709551595
18446744073709551594
18446744073709551593
7
18446744073709551615
1
4
18446744073709551612
6
18446744073709551610
2
17
18446744073709551606
18446744073709551607
18446744073709551604
13
18446744073709551603
16
18446744073709551601
15
10
19
18446744073709551597
18446744073709551595
18446744073709551594
18446744073709551593
7
18446744073709551615
1
4
18446744073709551612
6
18446744073709551610
2
17
18446744073709551606
18446744073709551607
18446744073709551604
13
18446744073709551603
16
18446744073709551601
15
10
19
18446744073709551597
18446744073709551595
18446744073709551594
18446744073709551593
7
18446744073709551615
1
4
18446744073709551612
6
18446744073709551610
2
17
18446744073709551606
18446744073709551607
18446744073709551604
13
18446744073709551603
16
18446744073709551601
15
10
19
18446744073709551597
18446744073709551595
18446744073709551594
18446744073709551593
7
18446744073709551615
1
4
18446744073709551612
6
18446744073709551610
2
17
18446744073709551606
18446744073709551607
18446744073709551604
13
18446744073709551603
16
18446744073709551601
15
10
19
18446744073709551597
18446744073709551595
18446744073709551594
18446744073709551593
7
18446744073709551615
1
4
18446744073709551612
6
18446744073709551610
2
17
18446744073709551606
18446744073709551607
18446744073709551604
13
18446744073709551603
16
18446744073709551601
15
10
19
18446744073709551597
18446744073709551595
18446744073709551594
18446744073709551593
8
18446744073709551615
3
18446744073709551613
1
6
18446744073709551610
18446744073709551608
4
15
18446744073709551606
18446744073709551604
10
14
18446744073709551602
12
18
18446744073709551599
17
18446744073709551596
22
18446744073709551594
18446744073709551595
8
18446744073709551615
3
18446744073709551613
1
6
18446744073709551610
18446744073709551608
4
15
18446744073709551606
18446744073709551604
10
14
18446744073709551602
12
18
18446744073709551599
17
18446744073709551596
22
18446744073709551594
18446744073709551595
8
18446744073709551615
3
18446744073709551613
1
6
18446744073709551610
18446744073709551608
4
15
18446744073709551606
18446744073709551604
10
14
18446744073709551602
12
18
18446744073709551599
17
18446744073709551596
22
18446744073709551594
18446744073709551595
8
18446744073709551615
3
18446744073709551613
1
6
18446744073709551610
18446744073709551608
4
15
18446744073709551606
18446744073709551604
10
14
18446744073709551602
12
18
18446744073709551599
17
18446744073709551596
22
18446744073709551594
18446744073709551595
8
18446744073709551615
3
18446744073709551613
1
6
18446744073709551610
18446744073709551608
4
15
18446744073709551606
18446744073709551604
10
14
18446744073709551602
12
18
18446744073709551599
17
18446744073709551596
22
18446744073709551594
18446744073709551595
8
18446744073709551615
3
18446744073709551613
1
6
18446744073709551610
18446744073709551608
4
15
18446744073709551606
18446744073709551604
10
14
18446744073709551602
12
18
18446744073709551599
17
18446744073709551596
22
18446744073709551594
18446744073709551595
8
18446744073709551615
3
18446744073709551613
1
6
18446744073709551610
18446744073709551608
4
15
18446744073709551606
18446744073709551604
10
14
18446744073709551602
12
18
18446744073709551599
17
18446744073709551596
22
18446744073709551594
18446744073709551595
8
18446744073709551615
3
18446744073709551613
1
6
18446744073709551610
18446744073709551608
4
15
18446744073709551606
18446744073709551604
10
14
18446744073709551602
12
18
18446744073709551599
17
18446744073709551596
22
18446744073709551594
18446744073709551595
8
18446744073709551615
3
18446744073709551613
1
6
18446744073709551610
18446744073709551608
4
15
18446744073709551606
18446744073709551604
10
14
18446744073709551602
12
18
18446744073709551599
17
18446744073709551596
22
18446744073709551594
18446744073709551595
8
18446744073709551615
3
18446744073709551613
1
6
18446744073709551610
18446744073709551608
4
15
18446744073709551606
18446744073709551604
10
14
18446744073709551602
12
18
18446744073709551599
17
18446744073709551596
22
18446744073709551594
18446744073709551595
8
18446744073709551615
3
18446744073709551613
1
6
18446744073709551610
18446744073709551608
4
15
18446744073709551606
18446744073709551604
10
14
18446744073709551602
12
18
18446744073709551599
17
18446744073709551596
22
18446744073709551594
18446744073709551595
8
18446744073709551615
3
18446744073709551613
1
6
18446744073709551610
18446744073709551608
4
15
18446744073709551606
18446744073709551604
10
14
18446744073709551602
12
18
18446744073709551599
17
18446744073709551596
22
18446744073709551594
18446744073709551595
10
18446744073709551615
18446744073709551613
1
18446744073709551611
3
8
18446744073709551609
7
18446744073709551606
5
13
18446744073709551603
18446744073709551604
17
18446744073709551601
15
16
18446744073709551597
21
18446744073709551595
18446744073709551596
18446744073709551593
10
18446744073709551615
18446744073709551613
1
18446744073709551611
3
8
18446744073709551609
7
18446744073709551606
5
13
18446744073709551603
18446744073709551604
17
18446744073709551601
15
16
18446744073709551597
21
18446744073709551595
18446744073709551596
18446744073709551593
10
18446744073709551615
18446744073709551613
1
18446744073709551611
3
8
18446744073709551609
7
18446744073709551606
5
13
18446744073709551603
18446744073709551604
17
18446744073709551601
15
16
18446744073709551597
21
18446744073709551595
18446744073709551596
18446744073709551593
10
18446744073709551615
18446744073709551613
1
18446744073709551611
3
8
18446744073709551609
7
18446744073709551606
5
13
18446744073709551603
18446744073709551604
17
18446744073709551601
15
16
18446744073709551597
21
18446744073709551595
18446744073709551596
18446744073709551593
10
18446744073709551615
18446744073709551613
1
18446744073709551611
3
8
18446744073709551609
7
18446744073709551606
5
13
18446744073709551603
18446744073709551604
17
18446744073709551601
15
16
18446744073709551597
21
18446744073709551595
18446744073709551596
18446744073709551593
10
18446744073709551615
18446744073709551613
1
18446744073709551611
3
8
18446744073709551609
7
18446744073709551606
5
13
18446744073709551603
18446744073709551604
17
18446744073709551601
15
16
18446744073709551597
21
18446744073709551595
18446744073709551596
18446744073709551593
10
18446744073709551615
18446744073709551613
1
18446744073709551611
3
8
18446744073709551609
7
18446744073709551606
5
13
18446744073709551603
18446744073709551604
17
18446744073709551601
15
16
18446744073709551597
21
18446744073709551595
18446744073709551596
18446744073709551593
10
18446744073709551615
18446744073709551613
1
18446744073709551611
3
8
18446744073709551609
7
18446744073709551606
5
13
18446744073709551603
18446744073709551604
17
18446744073709551601
15
16
18446744073709551597
21
18446744073709551595
18446744073709551596
18446744073709551593
10
18446744073709551615
18446744073709551613
1
18446744073709551611
3
8
18446744073709551609
7
18446744073709551606
5
13
18446744073709551603
18446744073709551604
17
18446744073709551601
15
16
18446744073709551597
21
18446744073709551595
18446744073709551596
18446744073709551593
10
18446744073709551615
18446744073709551613
1
18446744073709551611
3
8
18446744073709551609
7
18446744073709551606
5
13
18446744073709551603
18446744073709551604
17
18446744073709551601
15
16
18446744073709551597
21
18446744073709551595
18446744073709551596
18446744073709551593
10
18446744073709551615
18446744073709551613
1
18446744073709551611
3
8
18446744073709551609
7
18446744073709551606
5
13
18446744073709551603
18446744073709551604
17
18446744073709551601
15
16
18446744073709551597
21
18446744073709551595
18446744073709551596
18446744073709551593
10
18446744073709551615
18446744073709551613
1
18446744073709551611
3
8
18446744073709551609
7
18446744073709551606
5
13
18446744073709551603
18446744073709551604
17
18446744073709551601
15
16
18446744073709551597
21
18446744073709551595
18446744073709551596
18446744073709551593
9
2
18446744073709551614
18446744073709551615
3
18446744073709551610
4
8
18446744073709551608
6
13
18446744073709551605
18446744073709551603
11
18
17
18446744073709551600
16
18446744073709551601
21
18446744073709551596
20
18446744073709551593
9
2
18446744073709551614
18446744073709551615
3
18446744073709551610
4
8
18446744073709551608
6
13
18446744073709551605
18446744073709551603
11
18
17
18446744073709551600
16
18446744073709551601
21
18446744073709551596
20
18446744073709551593
9
2
18446744073709551614
18446744073709551615
3
18446744073709551610
4
8
18446744073709551608
6
13
18446744073709551605
18446744073709551603
11
18
17
18446744073709551600
16
18446744073709551601
21
18446744073709551596
20
18446744073709551593
9
2
18446744073709551614
18446744073709551615
3
18446744073709551610
4
8
18446744073709551608
6
13
18446744073709551605
18446744073709551603
11
18
17
18446744073709551600
16
18446744073709551601
21
18446744073709551596
20
18446744073709551593
9
2
18446744073709551614
18446744073709551615
3
18446744073709551610
4
8
18446744073709551608
6
13
18446744073709551605
18446744073709551603
11
18
17
18446744073709551600
16
18446744073709551601
21
18446744073709551596
20
18446744073709551593
9
2
18446744073709551614
18446744073709551615
3
18446744073709551610
4
8
18446744073709551608
6
13
18446744073709551605
18446744073709551603
11
18
17
18446744073709551600
16
18446744073709551601
21
18446744073709551596
20
18446744073709551593
9
2
18446744073709551614
18446744073709551615
3
18446744073709551610
4
8
18446744073709551608
6
13
18446744073709551605
18446744073709551603
11
18
17
18446744073709551600
16
18446744073709551601
21
18446744073709551596
20
18446744073709551593
9
2
18446744073709551614
18446744073709551615
3
18446744073709551610
4
8
18446744073709551608
6
13
18446744073709551605
18446744073709551603
11
18
17
18446744073709551600
16
18446744073709551601
21
18446744073709551596
20
18446744073709551593
9
2
18446744073709551614
18446744073709551615
3
18446744073709551610
4
8
18446744073709551608
6
13
18446744073709551605
18446744073709551603
11
18
17
18446744073709551600
16
18446744073709551601
21
18446744073709551596
20
18446744073709551593
9
2
18446744073709551614
18446744073709551615
3
18446744073709551610
4
8
18446744073709551608
6
13
18446744073709551605
18446744073709551603
11
18
17
18446744073709551600
16
18446744073709551601
21
18446744073709551596
20
18446744073709551593
9
2
18446744073709551614
18446744073709551615
3
18446744073709551610
4
8
18446744073709551608
6
13
18446744073709551605
18446744073709551603
11
18
17
18446744073709551600
16
18446744073709551601
21
18446744073709551596
20
18446744073709551593
9
2
18446744073709551614
18446744073709551615
3
18446744073709551610
4
8
18446744073709551608
6
13
18446744073709551605
18446744073709551603
11
18
17
18446744073709551600
16
18446744073709551601
21
18446744073709551596
20
18446744073709551593
9
18446744073709551614
18446744073709551615
2
8
6
18446744073709551610
18446744073709551608
18446744073709551611
3
18
18446744073709551604
18446744073709551605
18446744073709551602
15
18446744073709551601
12
18446744073709551598
16
22
18446744073709551596
20
21
9
18446744073709551614
18446744073709551615
2
8
6
18446744073709551610
18446744073709551608
18446744073709551611
3
18
18446744073709551604
18446744073709551605
18446744073709551602
15
18446744073709551601
12
18446744073709551598
16
22
18446744073709551596
20
21
9
18446744073709551614
18446744073709551615
2
8
6
18446744073709551610
18446744073709551608
18446744073709551611
3
18
18446744073709551604
18446744073709551605
18446744073709551602
15
18446744073709551601
12
18446744073709551598
16
22
18446744073709551596
20
21
9
18446744073709551614
18446744073709551615
2
8
6
18446744073709551610
18446744073709551608
18446744073709551611
3
18
18446744073709551604
18446744073709551605
18446744073709551602
15
18446744073709551601
12
18446744073709551598
16
22
18446744073709551596
20
21
9
18446744073709551614
18446744073709551615
2
8
6
18446744073709551610
18446744073709551608
18446744073709551611
3
18
18446744073709551604
18446744073709551605
18446744073709551602
15
18446744073709551601
12
18446744073709551598
16
22
18446744073709551596
20
21
9
18446744073709551614
18446744073709551615
2
8
6
18446744073709551610
18446744073709551608
18446744073709551611
3
18
18446744073709551604
18446744073709551605
18446744073709551602
15
18446744073709551601
12
18446744073709551598
16
22
18446744073709551596
20
21
9
18446744073709551614
18446744073709551615
2
8
6
18446744073709551610
18446744073709551608
18446744073709551611
3
18
18446744073709551604
18446744073709551605
18446744073709551602
15
18446744073709551601
12
18446744073709551598
16
22
18446744073709551596
20
21
9
18446744073709551614
18446744073709551615
2
8
6
18446744073709551610
18446744073709551608
18446744073709551611
3
18
18446744073709551604
18446744073709551605
18446744073709551602
15
18446744073709551601
12
18446744073709551598
16
22
18446744073709551596
20
21
9
18446744073709551614
18446744073709551615
2
8
6
18446744073709551610
18446744073709551608
18446744073709551611
3
18
18446744073709551604
18446744073709551605
18446744073709551602
15
18446744073709551601
12
18446744073709551598
16
22
18446744073709551596
20
21
9
18446744073709551614
18446744073709551615
2
8
6
18446744073709551610
18446744073709551608
18446744073709551611
3
18
18446744073709551604
18446744073709551605
18446744073709551602
15
18446744073709551601
12
18446744073709551598
16
22
18446744073709551596
20
21
9
18446744073709551614
18446744073709551615
2
8
6
18446744073709551610
18446744073709551608
18446744073709551611
3
18
18446744073709551604
18446744073709551605
18446744073709551602
15
18446744073709551601
12
18446744073709551598
16
22
18446744073709551596
20
21
9
18446744073709551614
18446744073709551615
2
8
6
18446744073709551610
18446744073709551608
18446744073709551611
3
18
18446744073709551604
18446744073709551605
18446744073709551602
15
18446744073709551601
12
18446744073709551598
16
22
18446744073709551596
20
21
12
18446744073709551615
18446744073709551613
1
5
18446744073709551611
3
18446744073709551608
11
18446744073709551607
18446744073709551605
9
6
22
18446744073709551602
14
15
16
20
18446744073709551596
18446744073709551597
17
21
12
18446744073709551615
18446744073709551613
1
5
18446744073709551611
3
18446744073709551608
11
18446744073709551607
18446744073709551605
9
6
22
18446744073709551602
14
15
16
20
18446744073709551596
18446744073709551597
17
21
12
18446744073709551615
18446744073709551613
1
5
18446744073709551611
3
18446744073709551608
11
18446744073709551607
18446744073709551605
9
6
22
18446744073709551602
14
15
16
20
18446744073709551596
18446744073709551597
17
21
12
18446744073709551615
18446744073709551613
1
5
18446744073709551611
3
18446744073709551608
11
18446744073709551607
18446744073709551605
9
6
22
18446744073709551602
14
15
16
20
18446744073709551596
18446744073709551597
17
21
12
18446744073709551615
18446744073709551613
1
5
18446744073709551611
3
18446744073709551608
11
18446744073709551607
18446744073709551605
9
6
22
18446744073709551602
14
15
16
20
18446744073709551596
18446744073709551597
17
21
12
18446744073709551615
18446744073709551613
1
5
18446744073709551611
3
18446744073709551608
11
18446744073709551607
18446744073709551605
9
6
22
18446744073709551602
14
15
16
20
18446744073709551596
18446744073709551597
17
21
12
18446744073709551615
18446744073709551613
1
5
18446744073709551611
3
18446744073709551608
11
18446744073709551607
18446744073709551605
9
6
22
18446744073709551602
14
15
16
20
18446744073709551596
18446744073709551597
17
21
12
18446744073709551615
18446744073709551613
1
5
18446744073709551611
3
18446744073709551608
11
18446744073709551607
18446744073709551605
9
6
22
18446744073709551602
14
15
16
20
18446744073709551596
18446744073709551597
17
21
12
18446744073709551615
18446744073709551613
1
5
18446744073709551611
3
18446744073709551608
11
18446744073709551607
18446744073709551605
9
6
22
18446744073709551602
14
15
16
20
18446744073709551596
18446744073709551597
17
21
12
18446744073709551615
18446744073709551613
1
5
18446744073709551611
3
18446744073709551608
11
18446744073709551607
18446744073709551605
9
6
22
18446744073709551602
14
15
16
20
18446744073709551596
18446744073709551597
17
21
12
18446744073709551615
18446744073709551613
1
5
18446744073709551611
3
18446744073709551608
11
18446744073709551607
18446744073709551605
9
6
22
18446744073709551602
14
15
16
20
18446744073709551596
18446744073709551597
17
21
12
18446744073709551615
18446744073709551613
1
5
18446744073709551611
3
18446744073709551608
11
18446744073709551607
18446744073709551605
9
6
22
18446744073709551602
14
15
16
20
18446744073709551596
18446744073709551597
17
21
7
18446744073709551615
1
2
18446744073709551611
6
18446744073709551610
3
18
18446744073709551607
18446744073709551605
9
11
12
15
18446744073709551601
18446744073709551599
18446744073709551598
13
20
18446744073709551596
18446744073709551594
18446744073709551593
7
18446744073709551615
1
2
18446744073709551611
6
18446744073709551610
3
18
18446744073709551607
18446744073709551605
9
11
12
15
18446744073709551601
18446744073709551599
18446744073709551598
13
20
18446744073709551596
18446744073709551594
18446744073709551593
7
18446744073709551615
1
2
18446744073709551611
6
18446744073709551610
3
18
18446744073709551607
18446744073709551605
9
11
12
15
18446744073709551601
18446744073709551599
18446744073709551598
13
20
18446744073709551596
18446744073709551594
18446744073709551593
7
18446744073709551615
1
2
18446744073709551611
6
18446744073709551610
3
18
18446744073709551607
18446744073709551605
9
11
12
15
18446744073709551601
18446744073709551599
18446744073709551598
13
20
18446744073709551596
18446744073709551594
18446744073709551593
7
18446744073709551615
1
2
18446744073709551611
6
18446744073709551610
3
18
18446744073709551607
18446744073709551605
9
11
12
15
18446744073709551601
18446744073709551599
18446744073709551598
13
20
18446744073709551596
18446744073709551594
18446744073709551593
7
18446744073709551615
1
2
18446744073709551611
6
18446744073709551610
3
18
18446744073709551607
18446744073709551605
9
11
12
15
18446744073709551601
18446744073709551599
18446744073709551598
13
20
18446744073709551596
18446744073709551594
18446744073709551593
7
18446744073709551615
1
2
18446744073709551611
6
18446744073709551610
3
18
18446744073709551607
18446744073709551605
9
11
12
15
18446744073709551601
18446744073709551599
18446744073709551598
13
20
18446744073709551596
18446744073709551594
18446744073709551593
7
18446744073709551615
1
2
18446744073709551611
6
18446744073709551610
3
18
18446744073709551607
18446744073709551605
9
11
12
15
18446744073709551601
18446744073709551599
18446744073709551598
13
20
18446744073709551596
18446744073709551594
18446744073709551593
7
18446744073709551615
1
2
18446744073709551611
6
18446744073709551610
3
18
18446744073709551607
18446744073709551605
9
11
12
15
18446744073709551601
18446744073709551599
18446744073709551598
13
20
18446744073709551596
18446744073709551594
18446744073709551593
7
18446744073709551615
1
2
18446744073709551611
6
18446744073709551610
3
18
18446744073709551607
18446744073709551605
9
11
12
15
18446744073709551601
18446744073709551599
18446744073709551598
13
20
18446744073709551596
18446744073709551594
18446744073709551593
7
18446744073709551615
1
2
18446744073709551611
6
18446744073709551610
3
18
18446744073709551607
18446744073709551605
9
11
12
15
18446744073709551601
18446744073709551599
18446744073709551598
13
20
18446744073709551596
18446744073709551594
18446744073709551593
7
18446744073709551615
1
2
18446744073709551611
6
18446744073709551610
3
18
18446744073709551607
18446744073709551605
9
11
12
15
18446744073709551601
18446744073709551599
18446744073709551598
13
20
18446744073709551596
18446744073709551594
18446744073709551593
10
18446744073709551615
1
4
18446744073709551612
2
9
18446744073709551609
18446744073709551607
7
5
21
18446744073709551603
18446744073709551604
18
18446744073709551601
18446744073709551599
18446744073709551598
15
20
18446744073709551596
13
18446744073709551593
10
18446744073709551615
1
4
18446744073709551612
2
9
18446744073709551609
18446744073709551607
7
5
21
18446744073709551603
18446744073709551604
18
18446744073709551601
18446744073709551599
18446744073709551598
15
20
18446744073709551596
13
18446744073709551593
10
18446744073709551615
1
4
18446744073709551612
2
9
18446744073709551609
18446744073709551607
7
5
21
18446744073709551603
18446744073709551604
18
18446744073709551601
18446744073709551599
18446744073709551598
15
20
18446744073709551596
13
18446744073709551593
10
18446744073709551615
1
4
18446744073709551612
2
9
18446744073709551609
18446744073709551607
7
5
21
18446744073709551603
18446744073709551604
18
18446744073709551601
18446744073709551599
18446744073709551598
15
20
18446744073709551596
13
18446744073709551593
10
18446744073709551615
1
4
18446744073709551612
2
9
18446744073709551609
18446744073709551607
7
5
21
18446744073709551603
18446744073709551604
18
18446744073709551601
18446744073709551599
18446744073709551598
15
20
18446744073709551596
13
18446744073709551593
10
18446744073709551615
1
4
18446744073709551612
2
9
18446744073709551609
18446744073709551607
7
5
21
18446744073709551603
18446744073709551604
18
18446744073709551601
18446744073709551599
18446744073709551598
15
20
18446744073709551596
13
18446744073709551593
10
18446744073709551615
1
4
18446744073709551612
2
9
18446744073709551609
18446744073709551607
7
5
21
18446744073709551603
18446744073709551604
18
18446744073709551601
18446744073709551599
18446744073709551598
15
20
18446744073709551596
13
18446744073709551593
10
18446744073709551615
1
4
18446744073709551612
2
9
18446744073709551609
18446744073709551607
7
5
21
18446744073709551603
18446744073709551604
18
18446744073709551601
18446744073709551599
18446744073709551598
15
20
18446744073709551596
13
18446744073709551593
10
18446744073709551615
1
4
18446744073709551612
2
9
18446744073709551609
18446744073709551607
7
5
21
18446744073709551603
18446744073709551604
18
18446744073709551601
18446744073709551599
18446744073709551598
15
20
18446744073709551596
13
18446744073709551593
10
18446744073709551615
1
4
18446744073709551612
2
9
18446744073709551609
18446744073709551607
7
5
21
18446744073709551603
18446744073709551604
18
18446744073709551601
18446744073709551599
18446744073709551598
15
20
18446744073709551596
13
18446744073709551593
10
18446744073709551615
1
4
18446744073709551612
2
9
18446744073709551609
18446744073709551607
7
5
21
18446744073709551603
18446744073709551604
18
18446744073709551601
18446744073709551599
18446744073709551598
15
20
18446744073709551596
13
18446744073709551593
10
18446744073709551615
1
4
18446744073709551612
2
9
18446744073709551609
18446744073709551607
7
5
21
18446744073709551603
18446744073709551604
18
18446744073709551601
18446744073709551599
18446744073709551598
15
20
18446744073709551596
13
18446744073709551593
10
3
18446744073709551614
2
18446744073709551611
18446744073709551615
7
18446744073709551609
18446744073709551607
18446744073709551606
5
15
18446744073709551603
18446744073709551604
18446744073709551601
13
21
18446744073709551599
18446744073709551597
17
18446744073709551595
19
18446744073709551593
10
3
18446744073709551614
2
18446744073709551611
18446744073709551615
7
18446744073709551609
18446744073709551607
18446744073709551606
5
15
18446744073709551603
18446744073709551604
18446744073709551601
13
21
18446744073709551599
18446744073709551597
17
18446744073709551595
19
18446744073709551593
10
3
18446744073709551614
2
18446744073709551611
18446744073709551615
7
18446744073709551609
18446744073709551607
18446744073709551606
5
15
18446744073709551603
18446744073709551604
18446744073709551601
13
21
18446744073709551599
18446744073709551597
17
18446744073709551595
19
18446744073709551593
10
3
18446744073709551614
2
18446744073709551611
18446744073709551615
7
18446744073709551609
18446744073709551607
18446744073709551606
5
15
18446744073709551603
18446744073709551604
18446744073709551601
13
21
18446744073709551599
18446744073709551597
17
18446744073709551595
19
18446744073709551593
10
3
18446744073709551614
2
18446744073709551611
18446744073709551615
7
18446744073709551609
18446744073709551607
18446744073709551606
5
15
18446744073709551603
18446744073709551604
18446744073709551601
13
21
18446744073709551599
18446744073709551597
17
18446744073709551595
19
18446744073709551593
10
3
18446744073709551614
2
18446744073709551611
18446744073709551615
7
18446744073709551609
18446744073709551607
18446744073709551606
5
15
18446744073709551603
18446744073709551604
18446744073709551601
13
21
18446744073709551599
18446744073709551597
17
18446744073709551595
19
18446744073709551593
10
3
18446744073709551614
2
18446744073709551611
18446744073709551615
7
18446744073709551609
18446744073709551607
18446744073709551606
5
15
18446744073709551603
18446744073709551604
18446744073709551601
13
21
18446744073709551599
18446744073709551597
17
18446744073709551595
19
18446744073709551593
10
3
18446744073709551614
2
18446744073709551611
18446744073709551615
7
18446744073709551609
18446744073709551607
18446744073709551606
5
15
18446744073709551603
18446744073709551604
18446744073709551601
13
21
18446744073709551599
18446744073709551597
17
18446744073709551595
19
18446744073709551593
10
3
18446744073709551614
2
18446744073709551611
18446744073709551615
7
18446744073709551609
18446744073709551607
18446744073709551606
5
15
18446744073709551603
18446744073709551604
18446744073709551601
13
21
18446744073709551599
18446744073709551597
17
18446744073709551595
19
18446744073709551593
10
3
18446744073709551614
2
18446744073709551611
18446744073709551615
7
18446744073709551609
18446744073709551607
18446744073709551606
5
15
18446744073709551603
18446744073709551604
18446744073709551601
13
21
18446744073709551599
18446744073709551597
17
18446744073709551595
19
18446744073709551593
10
3
18446744073709551614
2
18446744073709551611
18446744073709551615
7
18446744073709551609
18446744073709551607
18446744073709551606
5
15
18446744073709551603
18446744073709551604
18446744073709551601
13
21
18446744073709551599
18446744073709551597
17
18446744073709551595
19
18446744073709551593
10
3
18446744073709551614
2
18446744073709551611
18446744073709551615
7
18446744073709551609
18446744073709551607
18446744073709551606
5
15
18446744073709551603
18446744073709551604
18446744073709551601
13
21
18446744073709551599
18446744073709551597
17
18446744073709551595
19
18446744073709551593
10
18446744073709551614
18446744073709551615
5
18446744073709551612
4
2
8
18446744073709551608
18446744073709551606
6
18
18446744073709551603
18446744073709551604
15
18446744073709551601
18446744073709551599
18446744073709551598
13
21
18446744073709551595
18446744073709551596
18446744073709551593
10
18446744073709551614
18446744073709551615
5
18446744073709551612
4
2
8
18446744073709551608
18446744073709551606
6
18
18446744073709551603
18446744073709551604
15
18446744073709551601
18446744073709551599
18446744073709551598
13
21
18446744073709551595
18446744073709551596
18446744073709551593
10
18446744073709551614
18446744073709551615
5
18446744073709551612
4
2
8
18446744073709551608
18446744073709551606
6
18
18446744073709551603
18446744073709551604
15
18446744073709551601
18446744073709551599
18446744073709551598
13
21
18446744073709551595
18446744073709551596
18446744073709551593
10
18446744073709551614
18446744073709551615
5
18446744073709551612
4
2
8
18446744073709551608
18446744073709551606
6
18
18446744073709551603
18446744073709551604
15
18446744073709551601
18446744073709551599
18446744073709551598
13
21
18446744073709551595
18446744073709551596
18446744073709551593
10
18446744073709551614
18446744073709551615
5
18446744073709551612
4
2
8
18446744073709551608
18446744073709551606
6
18
18446744073709551603
18446744073709551604
15
18446744073709551601
18446744073709551599
18446744073709551598
13
21
18446744073709551595
18446744073709551596
18446744073709551593
10
18446744073709551614
18446744073709551615
5
18446744073709551612
4
2
8
18446744073709551608
18446744073709551606
6
18
18446744073709551603
18446744073709551604
15
18446744073709551601
18446744073709551599
18446744073709551598
13
21
18446744073709551595
18446744073709551596
18446744073709551593
10
18446744073709551614
18446744073709551615
5
18446744073709551612
4
2
8
18446744073709551608
18446744073709551606
6
18
18446744073709551603
18446744073709551604
15
18446744073709551601
18446744073709551599
18446744073709551598
13
21
18446744073709551595
18446744073709551596
18446744073709551593
10
18446744073709551614
18446744073709551615
5
18446744073709551612
4
2
8
18446744073709551608
18446744073709551606
6
18
18446744073709551603
18446744073709551604
15
18446744073709551601
18446744073709551599
18446744073709551598
13
21
18446744073709551595
18446744073709551596
18446744073709551593
10
18446744073709551614
18446744073709551615
5
18446744073709551612
4
2
8
18446744073709551608
18446744073709551606
6
18
18446744073709551603
18446744073709551604
15
18446744073709551601
18446744073709551599
18446744073709551598
13
21
18446744073709551595
18446744073709551596
18446744073709551593
10
18446744073709551614
18446744073709551615
5
18446744073709551612
4
2
8
18446744073709551608
18446744073709551606
6
18
18446744073709551603
18446744073709551604
15
18446744073709551601
18446744073709551599
18446744073709551598
13
21
18446744073709551595
18446744073709551596
18446744073709551593
10
18446744073709551614
18446744073709551615
5
18446744073709551612
4
2
8
18446744073709551608
18446744073709551606
6
18
18446744073709551603
18446744073709551604
15
18446744073709551601
18446744073709551599
18446744073709551598
13
21
18446744073709551595
18446744073709551596
18446744073709551593
10
18446744073709551614
18446744073709551615
5
18446744073709551612
4
2
8
18446744073709551608
18446744073709551606
6
18
18446744073709551603
18446744073709551604
15
18446744073709551601
18446744073709551599
18446744073709551598
13
21
18446744073709551595
18446744073709551596
18446744073709551593
13
18446744073709551615
1
4
18446744073709551612
7
18446744073709551610
6
2
10
18446744073709551606
12
18446744073709551604
8
18
18446744073709551600
18446744073709551601
18446744073709551598
16
21
18446744073709551595
18446744073709551596
18446744073709551593
13
18446744073709551615
1
4
18446744073709551612
7
18446744073709551610
6
2
10
18446744073709551606
12
18446744073709551604
8
18
18446744073709551600
18446744073709551601
18446744073709551598
16
21
18446744073709551595
18446744073709551596
18446744073709551593
13
18446744073709551615
1
4
18446744073709551612
7
18446744073709551610
6
2
10
18446744073709551606
12
18446744073709551604
8
18
18446744073709551600
18446744073709551601
18446744073709551598
16
21
18446744073709551595
18446744073709551596
18446744073709551593
13
18446744073709551615
1
4
18446744073709551612
7
18446744073709551610
6
2
10
18446744073709551606
12
18446744073709551604
8
18
18446744073709551600
18446744073709551601
18446744073709551598
16
21
18446744073709551595
18446744073709551596
18446744073709551593
13
18446744073709551615
1
4
18446744073709551612
7
18446744073709551610
6
2
10
18446744073709551606
12
18446744073709551604
8
18
18446744073709551600
18446744073709551601
18446744073709551598
16
21
18446744073709551595
18446744073709551596
18446744073709551593
13
18446744073709551615
1
4
18446744073709551612
7
18446744073709551610
6
2
10
18446744073709551606
12
18446744073709551604
8
18
18446744073709551600
18446744073709551601
18446744073709551598
16
21
18446744073709551595
18446744073709551596
18446744073709551593
13
18446744073709551615
1
4
18446744073709551612
7
18446744073709551610
6
2
10
18446744073709551606
12
18446744073709551604
8
18
18446744073709551600
18446744073709551601
18446744073709551598
16
21
18446744073709551595
18446744073709551596
18446744073709551593
13
18446744073709551615
1
4
18446744073709551612
7
18446744073709551610
6
2
10
18446744073709551606
12
18446744073709551604
8
18
18446744073709551600
18446744073709551601
18446744073709551598
16
21
18446744073709551595
18446744073709551596
18446744073709551593
13
18446744073709551615
1
4
18446744073709551612
7
18446744073709551610
6
2
10
18446744073709551606
12
18446744073709551604
8
18
18446744073709551600
18446744073709551601
18446744073709551598
16
21
18446744073709551595
18446744073709551596
18446744073709551593
13
18446744073709551615
1
4
18446744073709551612
7
18446744073709551610
6
2
10
18446744073709551606
12
18446744073709551604
8
18
18446744073709551600
18446744073709551601
18446744073709551598
16
21
18446744073709551595
18446744073709551596
18446744073709551593
13
18446744073709551615
1
4
18446744073709551612
7
18446744073709551610
6
2
10
18446744073709551606
12
18446744073709551604
8
18
18446744073709551600
18446744073709551601
18446744073709551598
16
21
18446744073709551595
18446744073709551596
18446744073709551593
13
18446744073709551615
1
4
18446744073709551612
7
18446744073709551610
6
2
10
18446744073709551606
12
18446744073709551604
8
18
18446744073709551600
18446744073709551601
18446744073709551598
16
21
18446744073709551595
18446744073709551596
18446744073709551593
11
18446744073709551615
3
18446744073709551613
18446744073709551611
1
9
18446744073709551608
18446744073709551609
8
18446744073709551605
5
16
18446744073709551603
18446744073709551601
18446744073709551600
13
20
18446744073709551597
18446744073709551596
18446744073709551598
18446744073709551594
18446744073709551593
11
18446744073709551615
3
18446744073709551613
18446744073709551611
1
9
18446744073709551608
18446744073709551609
8
18446744073709551605
5
16
18446744073709551603
18446744073709551601
18446744073709551600
13
20
18446744073709551597
18446744073709551596
18446744073709551598
18446744073709551594
18446744073709551593
11
18446744073709551615
3
18446744073709551613
18446744073709551611
1
9
18446744073709551608
18446744073709551609
8
18446744073709551605
5
16
18446744073709551603
18446744073709551601
18446744073709551600
13
20
18446744073709551597
18446744073709551596
18446744073709551598
18446744073709551594
18446744073709551593
11
18446744073709551615
3
18446744073709551613
18446744073709551611
1
9
18446744073709551608
18446744073709551609
8
18446744073709551605
5
16
18446744073709551603
18446744073709551601
18446744073709551600
13
20
18446744073709551597
18446744073709551596
18446744073709551598
18446744073709551594
18446744073709551593
11
18446744073709551615
3
18446744073709551613
18446744073709551611
1
9
18446744073709551608
18446744073709551609
8
18446744073709551605
5
16
18446744073709551603
18446744073709551601
18446744073709551600
13
20
18446744073709551597
18446744073709551596
18446744073709551598
18446744073709551594
18446744073709551593
11
18446744073709551615
3
18446744073709551613
18446744073709551611
1
9
18446744073709551608
18446744073709551609
8
18446744073709551605
5
16
18446744073709551603
18446744073709551601
18446744073709551600
13
20
18446744073709551597
18446744073709551596
18446744073709551598
18446744073709551594
18446744073709551593
11
18446744073709551615
3
18446744073709551613
18446744073709551611
1
9
18446744073709551608
18446744073709551609
8
18446744073709551605
5
16
18446744073709551603
18446744073709551601
18446744073709551600
13
20
18446744073709551597
18446744073709551596
18446744073709551598
18446744073709551594
18446744073709551593
11
18446744073709551615
3
18446744073709551613
18446744073709551611
1
9
18446744073709551608
18446744073709551609
8
18446744073709551605
5
16
18446744073709551603
18446744073709551601
18446744073709551600
13
20
18446744073709551597
18446744073709551596
18446744073709551598
18446744073709551594
18446744073709551593
11
18446744073709551615
3
18446744073709551613
18446744073709551611
1
9
18446744073709551608
18446744073709551609
8
18446744073709551605
5
16
18446744073709551603
18446744073709551601
18446744073709551600
13
20
18446744073709551597
18446744073709551596
18446744073709551598
18446744073709551594
18446744073709551593
11
18446744073709551615
3
18446744073709551613
18446744073709551611
1
9
18446744073709551608
18446744073709551609
8
18446744073709551605
5
16
18446744073709551603
18446744073709551601
18446744073709551600
13
20
18446744073709551597
18446744073709551596
18446744073709551598
18446744073709551594
18446744073709551593
11
18446744073709551615
3
18446744073709551613
18446744073709551611
1
9
18446744073709551608
18446744073709551609
8
18446744073709551605
5
16
18446744073709551603
18446744073709551601
18446744073709551600
13
20
18446744073709551597
18446744073709551596
18446744073709551598
18446744073709551594
18446744073709551593
11
18446744073709551615
3
18446744073709551613
18446744073709551611
1
9
18446744073709551608
18446744073709551609
8
18446744073709551605
5
16
18446744073709551603
18446744073709551601
18446744073709551600
13
20
18446744073709551597
18446744073709551596
18446744073709551598
18446744073709551594
18446744073709551593
9
18446744073709551614
18446744073709551615
18446744073709551612
2
8
7
18446744073709551609
18446744073709551610
4
15
18446744073709551605
18446744073709551603
11
13
14
18
18446744073709551598
18446744073709551599
21
18446744073709551595
18446744073709551596
18446744073709551593
9
18446744073709551614
18446744073709551615
18446744073709551612
2
8
7
18446744073709551609
18446744073709551610
4
15
18446744073709551605
18446744073709551603
11
13
14
18
18446744073709551598
18446744073709551599
21
18446744073709551595
18446744073709551596
18446744073709551593
9
18446744073709551614
18446744073709551615
18446744073709551612
2
8
7
18446744073709551609
18446744073709551610
4
15
18446744073709551605
18446744073709551603
11
13
14
18
18446744073709551598
18446744073709551599
21
18446744073709551595
18446744073709551596
18446744073709551593
9
18446744073709551614
18446744073709551615
18446744073709551612
2
8
7
18446744073709551609
18446744073709551610
4
15
18446744073709551605
18446744073709551603
11
13
14
18
18446744073709551598
18446744073709551599
21
18446744073709551595
18446744073709551596
18446744073709551593
9
18446744073709551614
18446744073709551615
18446744073709551612
2
8
7
18446744073709551609
18446744073709551610
4
15
18446744073709551605
18446744073709551603
11
13
14
18
18446744073709551598
18446744073709551599
21
18446744073709551595
18446744073709551596
18446744073709551593
9
18446744073709551614
18446744073709551615
18446744073709551612
2
8
7
18446744073709551609
18446744073709551610
4
15
18446744073709551605
18446744073709551603
11
13
14
18
18446744073709551598
18446744073709551599
21
18446744073709551595
18446744073709551596
18446744073709551593
9
18446744073709551614
18446744073709551615
18446744073709551612
2
8
7
18446744073709551609
18446744073709551610
4
15
18446744073709551605
18446744073709551603
11
13
14
18
18446744073709551598
18446744073709551599
21
18446744073709551595
18446744073709551596
18446744073709551593
9
18446744073709551614
18446744073709551615
18446744073709551612
2
8
7
18446744073709551609
18446744073709551610
4
15
18446744073709551605
18446744073709551603
11
13
14
18
18446744073709551598
18446744073709551599
21
18446744073709551595
18446744073709551596
18446744073709551593
9
18446744073709551614
18446744073709551615
18446744073709551612
2
8
7
18446744073709551609
18446744073709551610
4
15
18446744073709551605
18446744073709551603
11
13
14
18
18446744073709551598
18446744073709551599
21
18446744073709551595
18446744073709551596
18446744073709551593
9
18446744073709551614
18446744073709551615
18446744073709551612
2
8
7
18446744073709551609
18446744073709551610
4
15
18446744073709551605
18446744073709551603
11
13
14
18
18446744073709551598
18446744073709551599
21
18446744073709551595
18446744073709551596
18446744073709551593
9
18446744073709551614
18446744073709551615
18446744073709551612
2
8
7
18446744073709551609
18446744073709551610
4
15
18446744073709551605
18446744073709551603
11
13
14
18
18446744073709551598
18446744073709551599
21
18446744073709551595
18446744073709551596
18446744073709551593
9
18446744073709551614
18446744073709551615
18446744073709551612
2
8
7
18446744073709551609
18446744073709551610
4
15
18446744073709551605
18446744073709551603
11
13
14
18
18446744073709551598
18446744073709551599
21
18446744073709551595
18446744073709551596
18446744073709551593
8
18446744073709551614
18446744073709551615
2
6
18446744073709551610
18446744073709551611
18446744073709551608
3
15
18446744073709551606
18446744073709551604
14
18446744073709551603
13
10
18
18446744073709551598
18446744073709551599
20
18446744073709551596
18446744073709551594
18446744073709551593
8
18446744073709551614
18446744073709551615
2
6
18446744073709551610
18446744073709551611
18446744073709551608
3
15
18446744073709551606
18446744073709551604
14
18446744073709551603
13
10
18
18446744073709551598
18446744073709551599
20
18446744073709551596
18446744073709551594
18446744073709551593
8
18446744073709551614
18446744073709551615
2
6
18446744073709551610
18446744073709551611
18446744073709551608
3
15
18446744073709551606
18446744073709551604
14
18446744073709551603
13
10
18
18446744073709551598
18446744073709551599
20
18446744073709551596
18446744073709551594
18446744073709551593
8
18446744073709551614
18446744073709551615
2
6
18446744073709551610
18446744073709551611
18446744073709551608
3
15
18446744073709551606
18446744073709551604
14
18446744073709551603
13
10
18
18446744073709551598
18446744073709551599
20
18446744073709551596
18446744073709551594
18446744073709551593
8
18446744073709551614
18446744073709551615
2
6
18446744073709551610
18446744073709551611
18446744073709551608
3
15
18446744073709551606
18446744073709551604
14
18446744073709551603
13
10
18
18446744073709551598
18446744073709551599
20
18446744073709551596
18446744073709551594
18446744073709551593
8
18446744073709551614
18446744073709551615
2
6
18446744073709551610
18446744073709551611
18446744073709551608
3
15
18446744073709551606
18446744073709551604
14
18446744073709551603
13
10
18
18446744073709551598
18446744073709551599
20
18446744073709551596
18446744073709551594
18446744073709551593
8
18446744073709551614
18446744073709551615
2
6
18446744073709551610
18446744073709551611
18446744073709551608
3
15
18446744073709551606
18446744073709551604
14
18446744073709551603
13
10
18
18446744073709551598
18446744073709551599
20
18446744073709551596
18446744073709551594
18446744073709551593
8
18446744073709551614
18446744073709551615
2
6
18446744073709551610
18446744073709551611
18446744073709551608
3
15
18446744073709551606
18446744073709551604
14
18446744073709551603
13
10
18
18446744073709551598
18446744073709551599
20
18446744073709551596
18446744073709551594
18446744073709551593
8
18446744073709551614
18446744073709551615
2
6
18446744073709551610
18446744073709551611
18446744073709551608
3
15
18446744073709551606
18446744073709551604
14
18446744073709551603
13
10
18
18446744073709551598
18446744073709551599
20
18446744073709551596
18446744073709551594
18446744073709551593
8
18446744073709551614
18446744073709551615
2
6
18446744073709551610
18446744073709551611
18446744073709551608
3
15
18446744073709551606
18446744073709551604
14
18446744073709551603
13
10
18
18446744073709551598
18446744073709551599
20
18446744073709551596
18446744073709551594
18446744073709551593
8
18446744073709551614
18446744073709551615
2
6
18446744073709551610
18446744073709551611
18446744073709551608
3
15
18446744073709551606
18446744073709551604
14
18446744073709551603
13
10
18
18446744073709551598
18446744073709551599
20
18446744073709551596
18446744073709551594
18446744073709551593
8
18446744073709551614
18446744073709551615
2
6
18446744073709551610
18446744073709551611
18446744073709551608
3
15
18446744073709551606
18446744073709551604
14
18446744073709551603
13
10
18
18446744073709551598
18446744073709551599
20
18446744073709551596
18446744073709551594
18446744073709551593
12
18446744073709551615
1
18446744073709551612
18446744073709551611
2
10
18446744073709551609
18446744073709551607
18446744073709551606
7
18446744073709551604
5
19
18446744073709551602
14
18446744073709551599
18
18446744073709551598
15
22
18446744073709551594
18446744073709551595
12
18446744073709551615
1
18446744073709551612
18446744073709551611
2
10
18446744073709551609
18446744073709551607
18446744073709551606
7
18446744073709551604
5
19
18446744073709551602
14
18446744073709551599
18
18446744073709551598
15
22
18446744073709551594
18446744073709551595
12
18446744073709551615
1
18446744073709551612
18446744073709551611
2
10
18446744073709551609
18446744073709551607
18446744073709551606
7
18446744073709551604
5
19
18446744073709551602
14
18446744073709551599
18
18446744073709551598
15
22
18446744073709551594
18446744073709551595
12
18446744073709551615
1
18446744073709551612
18446744073709551611
2
10
18446744073709551609
18446744073709551607
18446744073709551606
7
18446744073709551604
5
19
18446744073709551602
14
18446744073709551599
18
18446744073709551598
15
22
18446744073709551594
18446744073709551595
12
18446744073709551615
1
18446744073709551612
18446744073709551611
2
10
18446744073709551609
18446744073709551607
18446744073709551606
7
18446744073709551604
5
19
18446744073709551602
14
18446744073709551599
18
18446744073709551598
15
22
18446744073709551594
18446744073709551595
12
18446744073709551615
1
18446744073709551612
18446744073709551611
2
10
18446744073709551609
18446744073709551607
18446744073709551606
7
18446744073709551604
5
19
18446744073709551602
14
18446744073709551599
18
18446744073709551598
15
22
18446744073709551594
18446744073709551595
12
18446744073709551615
1
18446744073709551612
18446744073709551611
2
10
18446744073709551609
18446744073709551607
18446744073709551606
7
18446744073709551604
5
19
18446744073709551602
14
18446744073709551599
18
18446744073709551598
15
22
18446744073709551594
18446744073709551595
12
18446744073709551615
1
18446744073709551612
18446744073709551611
2
10
18446744073709551609
18446744073709551607
18446744073709551606
7
18446744073709551604
5
19
18446744073709551602
14
18446744073709551599
18
18446744073709551598
15
22
18446744073709551594
18446744073709551595
12
18446744073709551615
1
18446744073709551612
18446744073709551611
2
10
18446744073709551609
18446744073709551607
18446744073709551606
7
18446744073709551604
5
19
18446744073709551602
14
18446744073709551599
18
18446744073709551598
15
22
18446744073709551594
18446744073709551595
12
18446744073709551615
1
18446744073709551612
18446744073709551611
2
10
18446744073709551609
18446744073709551607
18446744073709551606
7
18446744073709551604
5
19
18446744073709551602
14
18446744073709551599
18
18446744073709551598
15
22
18446744073709551594
18446744073709551595
12
18446744073709551615
1
18446744073709551612
18446744073709551611
2
10
18446744073709551609
18446744073709551607
18446744073709551606
7
18446744073709551604
5
19
18446744073709551602
14
18446744073709551599
18
18446744073709551598
15
22
18446744073709551594
18446744073709551595
12
18446744073709551615
1
18446744073709551612
18446744073709551611
2
10
18446744073709551609
18446744073709551607
18446744073709551606
7
18446744073709551604
5
19
18446744073709551602
14
18446744073709551599
18
18446744073709551598
15
22
18446744073709551594
18446744073709551595
15
4
18446744073709551614
18446744073709551612
2
18446744073709551610
18446744073709551609
18446744073709551615
13
18446744073709551606
18446744073709551607
12
18446744073709551604
10
18446744073709551601
7
19
18446744073709551599
18446744073709551597
17
21
18446744073709551595
18446744073709551593
15
4
18446744073709551614
18446744073709551612
2
18446744073709551610
18446744073709551609
18446744073709551615
13
18446744073709551606
18446744073709551607
12
18446744073709551604
10
18446744073709551601
7
19
18446744073709551599
18446744073709551597
17
21
18446744073709551595
18446744073709551593
15
4
18446744073709551614
18446744073709551612
2
18446744073709551610
18446744073709551609
18446744073709551615
13
18446744073709551606
18446744073709551607
12
18446744073709551604
10
18446744073709551601
7
19
18446744073709551599
18446744073709551597
17
21
18446744073709551595
18446744073709551593
15
4
18446744073709551614
18446744073709551612
2
18446744073709551610
18446744073709551609
18446744073709551615
13
18446744073709551606
18446744073709551607
12
18446744073709551604
10
18446744073709551601
7
19
18446744073709551599
18446744073709551597
17
21
18446744073709551595
18446744073709551593
15
4
18446744073709551614
18446744073709551612
2
18446744073709551610
18446744073709551609
18446744073709551615
13
18446744073709551606
18446744073709551607
12
18446744073709551604
10
18446744073709551601
7
19
18446744073709551599
18446744073709551597
17
21
18446744073709551595
18446744073709551593
15
4
18446744073709551614
18446744073709551612
2
18446744073709551610
18446744073709551609
18446744073709551615
13
18446744073709551606
18446744073709551607
12
18446744073709551604
10
18446744073709551601
7
19
18446744073709551599
18446744073709551597
17
21
18446744073709551595
18446744073709551593
15
4
18446744073709551614
18446744073709551612
2
18446744073709551610
18446744073709551609
18446744073709551615
13
18446744073709551606
18446744073709551607
12
18446744073709551604
10
18446744073709551601
7
19
18446744073709551599
18446744073709551597
17
21
18446744073709551595
18446744073709551593
15
4
18446744073709551614
18446744073709551612
2
18446744073709551610
18446744073709551609
18446744073709551615
13
18446744073709551606
18446744073709551607
12
18446744073709551604
10
18446744073709551601
7
19
18446744073709551599
18446744073709551597
17
21
18446744073709551595
18446744073709551593
15
4
18446744073709551614
18446744073709551612
2
18446744073709551610
18446744073709551609
18446744073709551615
13
18446744073709551606
18446744073709551607
12
18446744073709551604
10
18446744073709551601
7
19
18446744073709551599
18446744073709551597
17
21
18446744073709551595
18446744073709551593
15
4
18446744073709551614
18446744073709551612
2
18446744073709551610
18446744073709551609
18446744073709551615
13
18446744073709551606
18446744073709551607
12
18446744073709551604
10
18446744073709551601
7
19
18446744073709551599
18446744073709551597
17
21
18446744073709551595
18446744073709551593
15
4
18446744073709551614
18446744073709551612
2
18446744073709551610
18446744073709551609
18446744073709551615
13
18446744073709551606
18446744073709551607
12
18446744073709551604
10
18446744073709551601
7
19
18446744073709551599
18446744073709551597
17
21
18446744073709551595
18446744073709551593
15
4
18446744073709551614
18446744073709551612
2
18446744073709551610
18446744073709551609
18446744073709551615
13
18446744073709551606
18446744073709551607
12
18446744073709551604
10
18446744073709551601
7
19
18446744073709551599
18446744073709551597
17
21
18446744073709551595
18446744073709551593
14
18446744073709551614
18446744073709551615
18446744073709551612
2
18446744073709551610
4
18446744073709551608
9
18446744073709551607
6
12
18446744073709551604
18446744073709551602
10
20
18446744073709551600
16
18446744073709551597
17
19
22
18446744073709551594
14
18446744073709551614
18446744073709551615
18446744073709551612
2
18446744073709551610
4
18446744073709551608
9
18446744073709551607
6
12
18446744073709551604
18446744073709551602
10
20
18446744073709551600
16
18446744073709551597
17
19
22
18446744073709551594
14
18446744073709551614
18446744073709551615
18446744073709551612
2
18446744073709551610
4
18446744073709551608
9
18446744073709551607
6
12
18446744073709551604
18446744073709551602
10
20
18446744073709551600
16
18446744073709551597
17
19
22
18446744073709551594
14
18446744073709551614
18446744073709551615
18446744073709551612
2
18446744073709551610
4
18446744073709551608
9
18446744073709551607
6
12
18446744073709551604
18446744073709551602
10
20
18446744073709551600
16
18446744073709551597
17
19
22
18446744073709551594
14
18446744073709551614
18446744073709551615
18446744073709551612
2
18446744073709551610
4
18446744073709551608
9
18446744073709551607
6
12
18446744073709551604
18446744073709551602
10
20
18446744073709551600
16
18446744073709551597
17
19
22
18446744073709551594
14
18446744073709551614
18446744073709551615
18446744073709551612
2
18446744073709551610
4
18446744073709551608
9
18446744073709551607
6
12
18446744073709551604
18446744073709551602
10
20
18446744073709551600
16
18446744073709551597
17
19
22
18446744073709551594
14
18446744073709551614
18446744073709551615
18446744073709551612
2
18446744073709551610
4
18446744073709551608
9
18446744073709551607
6
12
18446744073709551604
18446744073709551602
10
20
18446744073709551600
16
18446744073709551597
17
19
22
18446744073709551594
14
18446744073709551614
18446744073709551615
18446744073709551612
2
18446744073709551610
4
18446744073709551608
9
18446744073709551607
6
12
18446744073709551604
18446744073709551602
10
20
18446744073709551600
16
18446744073709551597
17
19
22
18446744073709551594
14
18446744073709551614
18446744073709551615
18446744073709551612
2
18446744073709551610
4
18446744073709551608
9
18446744073709551607
6
12
18446744073709551604
18446744073709551602
10
20
18446744073709551600
16
18446744073709551597
17
19
22
18446744073709551594
14
18446744073709551614
18446744073709551615
18446744073709551612
2
18446744073709551610
4
18446744073709551608
9
18446744073709551607
6
12
18446744073709551604
18446744073709551602
10
20
18446744073709551600
16
18446744073709551597
17
19
22
18446744073709551594
14
18446744073709551614
18446744073709551615
18446744073709551612
2
18446744073709551610
4
18446744073709551608
9
18446744073709551607
6
12
18446744073709551604
18446744073709551602
10
20
18446744073709551600
16
18446744073709551597
17
19
22
18446744073709551594
14
18446744073709551614
18446744073709551615
18446744073709551612
2
18446744073709551610
4
18446744073709551608
9
18446744073709551607
6
12
18446744073709551604
18446744073709551602
10
20
18446744073709551600
16
18446744073709551597
17
19
22
18446744073709551594
10
18446744073709551614
3
18446744073709551613
18446744073709551615
6
18446744073709551610
8
18446744073709551608
18446744073709551606
4
15
18446744073709551604
14
18446744073709551602
12
21
18446744073709551599
18446744073709551597
17
18446744073709551595
19
18446744073709551593
10
18446744073709551614
3
18446744073709551613
18446744073709551615
6
18446744073709551610
8
18446744073709551608
18446744073709551606
4
15
18446744073709551604
14
18446744073709551602
12
21
18446744073709551599
18446744073709551597
17
18446744073709551595
19
18446744073709551593
10
18446744073709551614
3
18446744073709551613
18446744073709551615
6
18446744073709551610
8
18446744073709551608
18446744073709551606
4
15
18446744073709551604
14
18446744073709551602
12
21
18446744073709551599
18446744073709551597
17
18446744073709551595
19
18446744073709551593
10
18446744073709551614
3
18446744073709551613
18446744073709551615
6
18446744073709551610
8
18446744073709551608
18446744073709551606
4
15
18446744073709551604
14
18446744073709551602
12
21
18446744073709551599
18446744073709551597
17
18446744073709551595
19
18446744073709551593
10
18446744073709551614
3
18446744073709551613
18446744073709551615
6
18446744073709551610
8
18446744073709551608
18446744073709551606
4
15
18446744073709551604
14
18446744073709551602
12
21
18446744073709551599
18446744073709551597
17
18446744073709551595
19
18446744073709551593
10
18446744073709551614
3
18446744073709551613
18446744073709551615
6
18446744073709551610
8
18446744073709551608
18446744073709551606
4
15
18446744073709551604
14
18446744073709551602
12
21
18446744073709551599
18446744073709551597
17
18446744073709551595
19
18446744073709551593
10
18446744073709551614
3
18446744073709551613
18446744073709551615
6
18446744073709551610
8
18446744073709551608
18446744073709551606
4
15
18446744073709551604
14
18446744073709551602
12
21
18446744073709551599
18446744073709551597
17
18446744073709551595
19
18446744073709551593
10
18446744073709551614
3
18446744073709551613
18446744073709551615
6
18446744073709551610
8
18446744073709551608
18446744073709551606
4
15
18446744073709551604
14
18446744073709551602
12
21
18446744073709551599
18446744073709551597
17
18446744073709551595
19
18446744073709551593
10
18446744073709551614
3
18446744073709551613
18446744073709551615
6
18446744073709551610
8
18446744073709551608
18446744073709551606
4
15
18446744073709551604
14
18446744073709551602
12
21
18446744073709551599
18446744073709551597
17
18446744073709551595
19
18446744073709551593
10
18446744073709551614
3
18446744073709551613
18446744073709551615
6
18446744073709551610
8
18446744073709551608
18446744073709551606
4
15
18446744073709551604
14
18446744073709551602
12
21
18446744073709551599
18446744073709551597
17
18446744073709551595
19
18446744073709551593
10
18446744073709551614
3
18446744073709551613
18446744073709551615
6
18446744073709551610
8
18446744073709551608
18446744073709551606
4
15
18446744073709551604
14
18446744073709551602
12
21
18446744073709551599
18446744073709551597
17
18446744073709551595
19
18446744073709551593
10
18446744073709551614
3
18446744073709551613
18446744073709551615
6
18446744073709551610
8
18446744073709551608
18446744073709551606
4
15
18446744073709551604
14
18446744073709551602
12
21
18446744073709551599
18446744073709551597
17
18446744073709551595
19
18446744073709551593
16
18446744073709551615
18446744073709551613
18446744073709551612
1
4
12
18446744073709551609
7
18446744073709551606
18446744073709551605
18446744073709551604
8
14
18446744073709551602
18446744073709551600
5
20
18446744073709551598
18446744073709551596
18
18446744073709551594
18446744073709551593
16
18446744073709551615
18446744073709551613
18446744073709551612
1
4
12
18446744073709551609
7
18446744073709551606
18446744073709551605
18446744073709551604
8
14
18446744073709551602
18446744073709551600
5
20
18446744073709551598
18446744073709551596
18
18446744073709551594
18446744073709551593
16
18446744073709551615
18446744073709551613
18446744073709551612
1
4
12
18446744073709551609
7
18446744073709551606
18446744073709551605
18446744073709551604
8
14
18446744073709551602
18446744073709551600
5
20
18446744073709551598
18446744073709551596
18
18446744073709551594
18446744073709551593
16
18446744073709551615
18446744073709551613
18446744073709551612
1
4
12
18446744073709551609
7
18446744073709551606
18446744073709551605
18446744073709551604
8
14
18446744073709551602
18446744073709551600
5
20
18446744073709551598
18446744073709551596
18
18446744073709551594
18446744073709551593
16
18446744073709551615
18446744073709551613
18446744073709551612
1
4
12
18446744073709551609
7
18446744073709551606
18446744073709551605
18446744073709551604
8
14
18446744073709551602
18446744073709551600
5
20
18446744073709551598
18446744073709551596
18
18446744073709551594
18446744073709551593
16
18446744073709551615
18446744073709551613
18446744073709551612
1
4
12
18446744073709551609
7
18446744073709551606
18446744073709551605
18446744073709551604
8
14
18446744073709551602
18446744073709551600
5
20
18446744073709551598
18446744073709551596
18
18446744073709551594
18446744073709551593
16
18446744073709551615
18446744073709551613
18446744073709551612
1
4
12
18446744073709551609
7
18446744073709551606
18446744073709551605
18446744073709551604
8
14
18446744073709551602
18446744073709551600
5
20
18446744073709551598
18446744073709551596
18
18446744073709551594
18446744073709551593
16
18446744073709551615
18446744073709551613
18446744073709551612
1
4
12
18446744073709551609
7
18446744073709551606
18446744073709551605
18446744073709551604
8
14
18446744073709551602
18446744073709551600
5
20
18446744073709551598
18446744073709551596
18
18446744073709551594
18446744073709551593
16
18446744073709551615
18446744073709551613
18446744073709551612
1
4
12
18446744073709551609
7
18446744073709551606
18446744073709551605
18446744073709551604
8
14
18446744073709551602
18446744073709551600
5
20
18446744073709551598
18446744073709551596
18
18446744073709551594
18446744073709551593
16
18446744073709551615
18446744073709551613
18446744073709551612
1
4
12
18446744073709551609
7
18446744073709551606
18446744073709551605
18446744073709551604
8
14
18446744073709551602
18446744073709551600
5
20
18446744073709551598
18446744073709551596
18
18446744073709551594
18446744073709551593
16
18446744073709551615
18446744073709551613
18446744073709551612
1
4
12
18446744073709551609
7
18446744073709551606
18446744073709551605
18446744073709551604
8
14
18446744073709551602
18446744073709551600
5
20
18446744073709551598
18446744073709551596
18
18446744073709551594
18446744073709551593
16
18446744073709551615
18446744073709551613
18446744073709551612
1
4
12
18446744073709551609
7
18446744073709551606
18446744073709551605
18446744073709551604
8
14
18446744073709551602
18446744073709551600
5
20
18446744073709551598
18446744073709551596
18
18446744073709551594
18446744073709551593
9
2
18446744073709551614
18446744073709551615
18446744073709551611
3
8
18446744073709551609
7
5
14
18446744073709551604
18446744073709551605
18446744073709551602
12
19
17
18446744073709551599
18446744073709551597
18446744073709551600
21
18446744073709551595
18446744073709551593
9
2
18446744073709551614
18446744073709551615
18446744073709551611
3
8
18446744073709551609
7
5
14
18446744073709551604
18446744073709551605
18446744073709551602
12
19
17
18446744073709551599
18446744073709551597
18446744073709551600
21
18446744073709551595
18446744073709551593
9
2
18446744073709551614
18446744073709551615
18446744073709551611
3
8
18446744073709551609
7
5
14
18446744073709551604
18446744073709551605
18446744073709551602
12
19
17
18446744073709551599
18446744073709551597
18446744073709551600
21
18446744073709551595
18446744073709551593
9
2
18446744073709551614
18446744073709551615
18446744073709551611
3
8
18446744073709551609
7
5
14
18446744073709551604
18446744073709551605
18446744073709551602
12
19
17
18446744073709551599
18446744073709551597
18446744073709551600
21
18446744073709551595
18446744073709551593
9
2
18446744073709551614
18446744073709551615
18446744073709551611
3
8
18446744073709551609
7
5
14
18446744073709551604
18446744073709551605
18446744073709551602
12
19
17
18446744073709551599
18446744073709551597
18446744073709551600
21
18446744073709551595
18446744073709551593
9
2
18446744073709551614
18446744073709551615
18446744073709551611
3
8
18446744073709551609
7
5
14
18446744073709551604
18446744073709551605
18446744073709551602
12
19
17
18446744073709551599
18446744073709551597
18446744073709551600
21
18446744073709551595
18446744073709551593
9
2
18446744073709551614
18446744073709551615
18446744073709551611
3
8
18446744073709551609
7
5
14
18446744073709551604
18446744073709551605
18446744073709551602
12
19
17
18446744073709551599
18446744073709551597
18446744073709551600
21
18446744073709551595
18446744073709551593
9
2
18446744073709551614
18446744073709551615
18446744073709551611
3
8
18446744073709551609
7
5
14
18446744073709551604
18446744073709551605
18446744073709551602
12
19
17
18446744073709551599
18446744073709551597
18446744073709551600
21
18446744073709551595
18446744073709551593
9
2
18446744073709551614
18446744073709551615
18446744073709551611
3
8
18446744073709551609
7
5
14
18446744073709551604
18446744073709551605
18446744073709551602
12
19
17
18446744073709551599
18446744073709551597
18446744073709551600
21
18446744073709551595
18446744073709551593
9
2
18446744073709551614
18446744073709551615
18446744073709551611
3
8
18446744073709551609
7
5
14
18446744073709551604
18446744073709551605
18446744073709551602
12
19
17
18446744073709551599
18446744073709551597
18446744073709551600
21
18446744073709551595
18446744073709551593
9
2
18446744073709551614
18446744073709551615
18446744073709551611
3
8
18446744073709551609
7
5
14
18446744073709551604
18446744073709551605
18446744073709551602
12
19
17
18446744073709551599
18446744073709551597
18446744073709551600
21
18446744073709551595
18446744073709551593
9
2
18446744073709551614
18446744073709551615
18446744073709551611
3
8
18446744073709551609
7
5
14
18446744073709551604
18446744073709551605
18446744073709551602
12
19
17
18446744073709551599
18446744073709551597
18446744073709551600
21
18446744073709551595
18446744073709551593
13
18446744073709551615
1
18446744073709551612
18446744073709551611
2
10
18446744073709551609
7
18446744073709551606
8
18446744073709551604
18446744073709551603
5
20
18446744073709551601
18
18446744073709551599
17
18446744073709551596
15
22
18446744073709551594
13
18446744073709551615
1
18446744073709551612
18446744073709551611
2
10
18446744073709551609
7
18446744073709551606
8
18446744073709551604
18446744073709551603
5
20
18446744073709551601
18
18446744073709551599
17
18446744073709551596
15
22
18446744073709551594
13
18446744073709551615
1
18446744073709551612
18446744073709551611
2
10
18446744073709551609
7
18446744073709551606
8
18446744073709551604
18446744073709551603
5
20
18446744073709551601
18
18446744073709551599
17
18446744073709551596
15
22
18446744073709551594
13
18446744073709551615
1
18446744073709551612
18446744073709551611
2
10
18446744073709551609
7
18446744073709551606
8
18446744073709551604
18446744073709551603
5
20
18446744073709551601
18
18446744073709551599
17
18446744073709551596
15
22
18446744073709551594
13
18446744073709551615
1
18446744073709551612
18446744073709551611
2
10
18446744073709551609
7
18446744073709551606
8
18446744073709551604
18446744073709551603
5
20
18446744073709551601
18
18446744073709551599
17
18446744073709551596
15
22
18446744073709551594
13
18446744073709551615
1
18446744073709551612
18446744073709551611
2
10
18446744073709551609
7
18446744073709551606
8
18446744073709551604
18446744073709551603
5
20
18446744073709551601
18
18446744073709551599
17
18446744073709551596
15
22
18446744073709551594
13
18446744073709551615
1
18446744073709551612
18446744073709551611
2
10
18446744073709551609
7
18446744073709551606
8
18446744073709551604
18446744073709551603
5
20
18446744073709551601
18
18446744073709551599
17
18446744073709551596
15
22
18446744073709551594
13
18446744073709551615
1
18446744073709551612
18446744073709551611
2
10
18446744073709551609
7
18446744073709551606
8
18446744073709551604
18446744073709551603
5
20
18446744073709551601
18
18446744073709551599
17
18446744073709551596
15
22
18446744073709551594
13
18446744073709551615
1
18446744073709551612
18446744073709551611
2
10
18446744073709551609
7
18446744073709551606
8
18446744073709551604
18446744073709551603
5
20
18446744073709551601
18
18446744073709551599
17
18446744073709551596
15
22
18446744073709551594
13
18446744073709551615
1
18446744073709551612
18446744073709551611
2
10
18446744073709551609
7
18446744073709551606
8
18446744073709551604
18446744073709551603
5
20
18446744073709551601
18
18446744073709551599
17
18446744073709551596
15
22
18446744073709551594
13
18446744073709551615
1
18446744073709551612
18446744073709551611
2
10
18446744073709551609
7
18446744073709551606
8
18446744073709551604
18446744073709551603
5
20
18446744073709551601
18
18446744073709551599
17
18446744073709551596
15
22
18446744073709551594
13
18446744073709551615
1
18446744073709551612
18446744073709551611
2
10
18446744073709551609
7
18446744073709551606
8
18446744073709551604
18446744073709551603
5
20
18446744073709551601
18
18446744073709551599
17
18446744073709551596
15
22
18446744073709551594
11
18446744073709551615
7
18446744073709551612
18446744073709551613
6
18446744073709551610
4
9
18446744073709551607
18446744073709551605
1
17
18446744073709551603
18446744073709551601
13
18446744073709551599
15
20
18446744073709551596
18446744073709551597
22
18446744073709551594
11
18446744073709551615
7
18446744073709551612
18446744073709551613
6
18446744073709551610
4
9
18446744073709551607
18446744073709551605
1
17
18446744073709551603
18446744073709551601
13
18446744073709551599
15
20
18446744073709551596
18446744073709551597
22
18446744073709551594
11
18446744073709551615
7
18446744073709551612
18446744073709551613
6
18446744073709551610
4
9
18446744073709551607
18446744073709551605
1
17
18446744073709551603
18446744073709551601
13
18446744073709551599
15
20
18446744073709551596
18446744073709551597
22
18446744073709551594
11
18446744073709551615
7
18446744073709551612
18446744073709551613
6
18446744073709551610
4
9
18446744073709551607
18446744073709551605
1
17
18446744073709551603
18446744073709551601
13
18446744073709551599
15
20
18446744073709551596
18446744073709551597
22
18446744073709551594
11
18446744073709551615
7
18446744073709551612
18446744073709551613
6
18446744073709551610
4
9
18446744073709551607
18446744073709551605
1
17
18446744073709551603
18446744073709551601
13
18446744073709551599
15
20
18446744073709551596
18446744073709551597
22
18446744073709551594
11
18446744073709551615
7
18446744073709551612
18446744073709551613
6
18446744073709551610
4
9
18446744073709551607
18446744073709551605
1
17
18446744073709551603
18446744073709551601
13
18446744073709551599
15
20
18446744073709551596
18446744073709551597
22
18446744073709551594
11
18446744073709551615
7
18446744073709551612
18446744073709551613
6
18446744073709551610
4
9
18446744073709551607
18446744073709551605
1
17
18446744073709551603
18446744073709551601
13
18446744073709551599
15
20
18446744073709551596
18446744073709551597
22
18446744073709551594
11
18446744073709551615
7
18446744073709551612
18446744073709551613
6
18446744073709551610
4
9
18446744073709551607
18446744073709551605
1
17
18446744073709551603
18446744073709551601
13
18446744073709551599
15
20
18446744073709551596
18446744073709551597
22
18446744073709551594
11
18446744073709551615
7
18446744073709551612
18446744073709551613
6
18446744073709551610
4
9
18446744073709551607
18446744073709551605
1
17
18446744073709551603
18446744073709551601
13
18446744073709551599
15
20
18446744073709551596
18446744073709551597
22
18446744073709551594
11
18446744073709551615
7
18446744073709551612
18446744073709551613
6
18446744073709551610
4
9
18446744073709551607
18446744073709551605
1
17
18446744073709551603
18446744073709551601
13
18446744073709551599
15
20
18446744073709551596
18446744073709551597
22
18446744073709551594
11
18446744073709551615
7
18446744073709551612
18446744073709551613
6
18446744073709551610
4
9
18446744073709551607
18446744073709551605
1
17
18446744073709551603
18446744073709551601
13
18446744073709551599
15
20
18446744073709551596
18446744073709551597
22
18446744073709551594
11
18446744073709551615
7
18446744073709551612
18446744073709551613
6
18446744073709551610
4
9
18446744073709551607
18446744073709551605
1
17
18446744073709551603
18446744073709551601
13
18446744073709551599
15
20
18446744073709551596
18446744073709551597
22
18446744073709551594
15
3
18446744073709551613
18446744073709551614
18446744073709551611
18446744073709551615
18446744073709551609
5
11
18446744073709551607
9
10
13
18446744073709551603
18446744073709551601
7
19
18446744073709551599
18446744073709551597
17
22
18446744073709551595
21
15
3
18446744073709551613
18446744073709551614
18446744073709551611
18446744073709551615
18446744073709551609
5
11
18446744073709551607
9
10
13
18446744073709551603
18446744073709551601
7
19
18446744073709551599
18446744073709551597
17
22
18446744073709551595
21
15
3
18446744073709551613
18446744073709551614
18446744073709551611
18446744073709551615
18446744073709551609
5
11
18446744073709551607
9
10
13
18446744073709551603
18446744073709551601
7
19
18446744073709551599
18446744073709551597
17
22
18446744073709551595
21
15
3
18446744073709551613
18446744073709551614
18446744073709551611
18446744073709551615
18446744073709551609
5
11
18446744073709551607
9
10
13
18446744073709551603
18446744073709551601
7
19
18446744073709551599
18446744073709551597
17
22
18446744073709551595
21
15
3
18446744073709551613
18446744073709551614
18446744073709551611
18446744073709551615
18446744073709551609
5
11
18446744073709551607
9
10
13
18446744073709551603
18446744073709551601
7
19
18446744073709551599
18446744073709551597
17
22
18446744073709551595
21
15
3
18446744073709551613
18446744073709551614
18446744073709551611
18446744073709551615
18446744073709551609
5
11
18446744073709551607
9
10
13
18446744073709551603
18446744073709551601
7
19
18446744073709551599
18446744073709551597
17
22
18446744073709551595
21
15
3
18446744073709551613
18446744073709551614
18446744073709551611
18446744073709551615
18446744073709551609
5
11
18446744073709551607
9
10
13
18446744073709551603
18446744073709551601
7
19
18446744073709551599
18446744073709551597
17
22
18446744073709551595
21
15
3
18446744073709551613
18446744073709551614
18446744073709551611
18446744073709551615
18446744073709551609
5
11
18446744073709551607
9
10
13
18446744073709551603
18446744073709551601
7
19
18446744073709551599
18446744073709551597
17
22
18446744073709551595
21
15
3
18446744073709551613
18446744073709551614
18446744073709551611
18446744073709551615
18446744073709551609
5
11
18446744073709551607
9
10
13
18446744073709551603
18446744073709551601
7
19
18446744073709551599
18446744073709551597
17
22
18446744073709551595
21
15
3
18446744073709551613
18446744073709551614
18446744073709551611
18446744073709551615
18446744073709551609
5
11
18446744073709551607
9
10
13
18446744073709551603
18446744073709551601
7
19
18446744073709551599
18446744073709551597
17
22
18446744073709551595
21
15
3
18446744073709551613
18446744073709551614
18446744073709551611
18446744073709551615
18446744073709551609
5
11
18446744073709551607
9
10
13
18446744073709551603
18446744073709551601
7
19
18446744073709551599
18446744073709551597
17
22
18446744073709551595
21
15
3
18446744073709551613
18446744073709551614
18446744073709551611
18446744073709551615
18446744073709551609
5
11
18446744073709551607
9
10
13
18446744073709551603
18446744073709551601
7
19
18446744073709551599
18446744073709551597
17
22
18446744073709551595
21
12
18446744073709551615
1
5
18446744073709551612
4
2
9
18446744073709551607
18446744073709551608
11
18446744073709551605
6
16
18446744073709551601
18446744073709551602
15
21
18446744073709551597
18446744073709551596
18446744073709551598
20
18446744073709551593
12
18446744073709551615
1
5
18446744073709551612
4
2
9
18446744073709551607
18446744073709551608
11
18446744073709551605
6
16
18446744073709551601
18446744073709551602
15
21
18446744073709551597
18446744073709551596
18446744073709551598
20
18446744073709551593
12
18446744073709551615
1
5
18446744073709551612
4
2
9
18446744073709551607
18446744073709551608
11
18446744073709551605
6
16
18446744073709551601
18446744073709551602
15
21
18446744073709551597
18446744073709551596
18446744073709551598
20
18446744073709551593
12
18446744073709551615
1
5
18446744073709551612
4
2
9
18446744073709551607
18446744073709551608
11
18446744073709551605
6
16
18446744073709551601
18446744073709551602
15
21
18446744073709551597
18446744073709551596
18446744073709551598
20
18446744073709551593
12
18446744073709551615
1
5
18446744073709551612
4
2
9
18446744073709551607
18446744073709551608
11
18446744073709551605
6
16
18446744073709551601
18446744073709551602
15
21
18446744073709551597
18446744073709551596
18446744073709551598
20
18446744073709551593
12
18446744073709551615
1
5
18446744073709551612
4
2
9
18446744073709551607
18446744073709551608
11
18446744073709551605
6
16
18446744073709551601
18446744073709551602
15
21
18446744073709551597
18446744073709551596
18446744073709551598
20
18446744073709551593
12
18446744073709551615
1
5
18446744073709551612
4
2
9
18446744073709551607
18446744073709551608
11
18446744073709551605
6
16
18446744073709551601
18446744073709551602
15
21
18446744073709551597
18446744073709551596
18446744073709551598
20
18446744073709551593
12
18446744073709551615
1
5
18446744073709551612
4
2
9
18446744073709551607
18446744073709551608
11
18446744073709551605
6
16
18446744073709551601
18446744073709551602
15
21
18446744073709551597
18446744073709551596
18446744073709551598
20
18446744073709551593
12
18446744073709551615
1
5
18446744073709551612
4
2
9
18446744073709551607
18446744073709551608
11
18446744073709551605
6
16
18446744073709551601
18446744073709551602
15
21
18446744073709551597
18446744073709551596
18446744073709551598
20
18446744073709551593
12
18446744073709551615
1
5
18446744073709551612
4
2
9
18446744073709551607
18446744073709551608
11
18446744073709551605
6
16
18446744073709551601
18446744073709551602
15
21
18446744073709551597
18446744073709551596
18446744073709551598
20
18446744073709551593
12
18446744073709551615
1
5
18446744073709551612
4
2
9
18446744073709551607
18446744073709551608
11
18446744073709551605
6
16
18446744073709551601
18446744073709551602
15
21
18446744073709551597
18446744073709551596
18446744073709551598
20
18446744073709551593
12
18446744073709551615
1
5
18446744073709551612
4
2
9
18446744073709551607
18446744073709551608
11
18446744073709551605
6
16
18446744073709551601
18446744073709551602
15
21
18446744073709551597
18446744073709551596
18446744073709551598
20
18446744073709551593
9
18446744073709551614
18446744073709551615
18446744073709551612
2
7
18446744073709551609
18446744073709551610
18446744073709551607
4
13
18446744073709551605
18446744073709551603
11
16
18446744073709551600
18446744073709551601
19
18446744073709551598
18
22
18446744073709551595
21
9
18446744073709551614
18446744073709551615
18446744073709551612
2
7
18446744073709551609
18446744073709551610
18446744073709551607
4
13
18446744073709551605
18446744073709551603
11
16
18446744073709551600
18446744073709551601
19
18446744073709551598
18
22
18446744073709551595
21
9
18446744073709551614
18446744073709551615
18446744073709551612
2
7
18446744073709551609
18446744073709551610
18446744073709551607
4
13
18446744073709551605
18446744073709551603
11
16
18446744073709551600
18446744073709551601
19
18446744073709551598
18
22
18446744073709551595
21
9
18446744073709551614
18446744073709551615
18446744073709551612
2
7
18446744073709551609
18446744073709551610
18446744073709551607
4
13
18446744073709551605
18446744073709551603
11
16
18446744073709551600
18446744073709551601
19
18446744073709551598
18
22
18446744073709551595
21
9
18446744073709551614
18446744073709551615
18446744073709551612
2
7
18446744073709551609
18446744073709551610
18446744073709551607
4
13
18446744073709551605
18446744073709551603
11
16
18446744073709551600
18446744073709551601
19
18446744073709551598
18
22
18446744073709551595
21
9
18446744073709551614
18446744073709551615
18446744073709551612
2
7
18446744073709551609
18446744073709551610
18446744073709551607
4
13
18446744073709551605
18446744073709551603
11
16
18446744073709551600
18446744073709551601
19
18446744073709551598
18
22
18446744073709551595
21
9
18446744073709551614
18446744073709551615
18446744073709551612
2
7
18446744073709551609
18446744073709551610
18446744073709551607
4
13
18446744073709551605
18446744073709551603
11
16
18446744073709551600
18446744073709551601
19
18446744073709551598
18
22
18446744073709551595
21
9
18446744073709551614
18446744073709551615
18446744073709551612
2
7
18446744073709551609
18446744073709551610
18446744073709551607
4
13
18446744073709551605
18446744073709551603
11
16
18446744073709551600
18446744073709551601
19
18446744073709551598
18
22
18446744073709551595
21
9
18446744073709551614
18446744073709551615
18446744073709551612
2
7
18446744073709551609
18446744073709551610
18446744073709551607
4
13
18446744073709551605
18446744073709551603
11
16
18446744073709551600
18446744073709551601
19
18446744073709551598
18
22
18446744073709551595
21
9
18446744073709551614
18446744073709551615
18446744073709551612
2
7
18446744073709551609
18446744073709551610
18446744073709551607
4
13
18446744073709551605
18446744073709551603
11
16
18446744073709551600
18446744073709551601
19
18446744073709551598
18
22
18446744073709551595
21
9
18446744073709551614
18446744073709551615
18446744073709551612
2
7
18446744073709551609
18446744073709551610
18446744073709551607
4
13
18446744073709551605
18446744073709551603
11
16
18446744073709551600
18446744073709551601
19
18446744073709551598
18
22
18446744073709551595
21
9
18446744073709551614
18446744073709551615
18446744073709551612
2
7
18446744073709551609
18446744073709551610
18446744073709551607
4
13
18446744073709551605
18446744073709551603
11
16
18446744073709551600
18446744073709551601
19
18446744073709551598
18
22
18446744073709551595
21
17
18446744073709551614
18446744073709551613
18446744073709551615
5
18446744073709551611
7
18446744073709551609
3
13
18446744073709551606
18446744073709551604
18446744073709551603
10
18446744073709551601
16
18446744073709551600
8
20
18446744073709551596
18446744073709551597
18446744073709551594
18446744073709551593
17
18446744073709551614
18446744073709551613
18446744073709551615
5
18446744073709551611
7
18446744073709551609
3
13
18446744073709551606
18446744073709551604
18446744073709551603
10
18446744073709551601
16
18446744073709551600
8
20
18446744073709551596
18446744073709551597
18446744073709551594
18446744073709551593
17
18446744073709551614
18446744073709551613
18446744073709551615
5
18446744073709551611
7
18446744073709551609
3
13
18446744073709551606
18446744073709551604
18446744073709551603
10
18446744073709551601
16
18446744073709551600
8
20
18446744073709551596
18446744073709551597
18446744073709551594
18446744073709551593
17
18446744073709551614
18446744073709551613
18446744073709551615
5
18446744073709551611
7
18446744073709551609
3
13
18446744073709551606
18446744073709551604
18446744073709551603
10
18446744073709551601
16
18446744073709551600
8
20
18446744073709551596
18446744073709551597
18446744073709551594
18446744073709551593
17
18446744073709551614
18446744073709551613
18446744073709551615
5
18446744073709551611
7
18446744073709551609
3
13
18446744073709551606
18446744073709551604
18446744073709551603
10
18446744073709551601
16
18446744073709551600
8
20
18446744073709551596
18446744073709551597
18446744073709551594
18446744073709551593
17
18446744073709551614
18446744073709551613
18446744073709551615
5
18446744073709551611
7
18446744073709551609
3
13
18446744073709551606
18446744073709551604
18446744073709551603
10
18446744073709551601
16
18446744073709551600
8
20
18446744073709551596
18446744073709551597
18446744073709551594
18446744073709551593
17
18446744073709551614
18446744073709551613
18446744073709551615
5
18446744073709551611
7
18446744073709551609
3
13
18446744073709551606
18446744073709551604
18446744073709551603
10
18446744073709551601
16
18446744073709551600
8
20
18446744073709551596
18446744073709551597
18446744073709551594
18446744073709551593
17
18446744073709551614
18446744073709551613
18446744073709551615
5
18446744073709551611
7
18446744073709551609
3
13
18446744073709551606
18446744073709551604
18446744073709551603
10
18446744073709551601
16
18446744073709551600
8
20
18446744073709551596
18446744073709551597
18446744073709551594
18446744073709551593
17
18446744073709551614
18446744073709551613
18446744073709551615
5
18446744073709551611
7
18446744073709551609
3
13
18446744073709551606
18446744073709551604
18446744073709551603
10
18446744073709551601
16
18446744073709551600
8
20
18446744073709551596
18446744073709551597
18446744073709551594
18446744073709551593
17
18446744073709551614
18446744073709551613
18446744073709551615
5
18446744073709551611
7
18446744073709551609
3
13
18446744073709551606
18446744073709551604
18446744073709551603
10
18446744073709551601
16
18446744073709551600
8
20
18446744073709551596
18446744073709551597
18446744073709551594
18446744073709551593
17
18446744073709551614
18446744073709551613
18446744073709551615
5
18446744073709551611
7
18446744073709551609
3
13
18446744073709551606
18446744073709551604
18446744073709551603
10
18446744073709551601
16
18446744073709551600
8
20
18446744073709551596
18446744073709551597
18446744073709551594
18446744073709551593
17
18446744073709551614
18446744073709551613
18446744073709551615
5
18446744073709551611
7
18446744073709551609
3
13
18446744073709551606
18446744073709551604
18446744073709551603
10
18446744073709551601
16
18446744073709551600
8
20
18446744073709551596
18446744073709551597
18446744073709551594
18446744073709551593
13
18446744073709551615
3
18446744073709551613
1
6
18446744073709551610
18446744073709551608
4
12
18446744073709551605
18446744073709551604
18446744073709551606
8
18
18446744073709551601
15
18446744073709551598
16
21
18446744073709551596
20
18446744073709551593
13
18446744073709551615
3
18446744073709551613
1
6
18446744073709551610
18446744073709551608
4
12
18446744073709551605
18446744073709551604
18446744073709551606
8
18
18446744073709551601
15
18446744073709551598
16
21
18446744073709551596
20
18446744073709551593
13
18446744073709551615
3
18446744073709551613
1
6
18446744073709551610
18446744073709551608
4
12
18446744073709551605
18446744073709551604
18446744073709551606
8
18
18446744073709551601
15
18446744073709551598
16
21
18446744073709551596
20
18446744073709551593
13
18446744073709551615
3
18446744073709551613
1
6
18446744073709551610
18446744073709551608
4
12
18446744073709551605
18446744073709551604
18446744073709551606
8
18
18446744073709551601
15
18446744073709551598
16
21
18446744073709551596
20
18446744073709551593
13
18446744073709551615
3
18446744073709551613
1
6
18446744073709551610
18446744073709551608
4
12
18446744073709551605
18446744073709551604
18446744073709551606
8
18
18446744073709551601
15
18446744073709551598
16
21
18446744073709551596
20
18446744073709551593
13
18446744073709551615
3
18446744073709551613
1
6
18446744073709551610
18446744073709551608
4
12
18446744073709551605
18446744073709551604
18446744073709551606
8
18
18446744073709551601
15
18446744073709551598
16
21
18446744073709551596
20
18446744073709551593
13
18446744073709551615
3
18446744073709551613
1
6
18446744073709551610
18446744073709551608
4
12
18446744073709551605
18446744073709551604
18446744073709551606
8
18
18446744073709551601
15
18446744073709551598
16
21
18446744073709551596
20
18446744073709551593
13
18446744073709551615
3
18446744073709551613
1
6
18446744073709551610
18446744073709551608
4
12
18446744073709551605
18446744073709551604
18446744073709551606
8
18
18446744073709551601
15
18446744073709551598
16
21
18446744073709551596
20
18446744073709551593
13
18446744073709551615
3
18446744073709551613
1
6
18446744073709551610
18446744073709551608
4
12
18446744073709551605
18446744073709551604
18446744073709551606
8
18
18446744073709551601
15
18446744073709551598
16
21
18446744073709551596
20
18446744073709551593
13
18446744073709551615
3
18446744073709551613
1
6
18446744073709551610
18446744073709551608
4
12
18446744073709551605
18446744073709551604
18446744073709551606
8
18
18446744073709551601
15
18446744073709551598
16
21
18446744073709551596
20
18446744073709551593
13
18446744073709551615
3
18446744073709551613
1
6
18446744073709551610
18446744073709551608
4
12
18446744073709551605
18446744073709551604
18446744073709551606
8
18
18446744073709551601
15
18446744073709551598
16
21
18446744073709551596
20
18446744073709551593
13
18446744073709551615
3
18446744073709551613
1
6
18446744073709551610
18446744073709551608
4
12
18446744073709551605
18446744073709551604
18446744073709551606
8
18
18446744073709551601
15
18446744073709551598
16
21
18446744073709551596
20
18446744073709551593
8
3
18446744073709551613
18446744073709551614
18446744073709551615
7
18446744073709551609
18446744073709551610
4
16
18446744073709551606
10
11
15
18446744073709551601
18446744073709551602
12
18
18446744073709551598
21
18446744073709551596
20
18446744073709551593
8
3
18446744073709551613
18446744073709551614
18446744073709551615
7
18446744073709551609
18446744073709551610
4
16
18446744073709551606
10
11
15
18446744073709551601
18446744073709551602
12
18
18446744073709551598
21
18446744073709551596
20
18446744073709551593
8
3
18446744073709551613
18446744073709551614
18446744073709551615
7
18446744073709551609
18446744073709551610
4
16
18446744073709551606
10
11
15
18446744073709551601
18446744073709551602
12
18
18446744073709551598
21
18446744073709551596
20
18446744073709551593
8
3
18446744073709551613
18446744073709551614
18446744073709551615
7
18446744073709551609
18446744073709551610
4
16
18446744073709551606
10
11
15
18446744073709551601
18446744073709551602
12
18
18446744073709551598
21
18446744073709551596
20
18446744073709551593
8
3
18446744073709551613
18446744073709551614
18446744073709551615
7
18446744073709551609
18446744073709551610
4
16
18446744073709551606
10
11
15
18446744073709551601
18446744073709551602
12
18
18446744073709551598
21
18446744073709551596
20
18446744073709551593
8
3
18446744073709551613
18446744073709551614
18446744073709551615
7
18446744073709551609
18446744073709551610
4
16
18446744073709551606
10
11
15
18446744073709551601
18446744073709551602
12
18
18446744073709551598
21
18446744073709551596
20
18446744073709551593
8
3
18446744073709551613
18446744073709551614
18446744073709551615
7
18446744073709551609
18446744073709551610
4
16
18446744073709551606
10
11
15
18446744073709551601
18446744073709551602
12
18
18446744073709551598
21
18446744073709551596
20
18446744073709551593
8
3
18446744073709551613
18446744073709551614
18446744073709551615
7
18446744073709551609
18446744073709551610
4
16
18446744073709551606
10
11
15
18446744073709551601
18446744073709551602
12
18
18446744073709551598
21
18446744073709551596
20
18446744073709551593
8
3
18446744073709551613
18446744073709551614
18446744073709551615
7
18446744073709551609
18446744073709551610
4
16
18446744073709551606
10
11
15
18446744073709551601
18446744073709551602
12
18
18446744073709551598
21
18446744073709551596
20
18446744073709551593
8
3
18446744073709551613
18446744073709551614
18446744073709551615
7
18446744073709551609
18446744073709551610
4
16
18446744073709551606
10
11
15
18446744073709551601
18446744073709551602
12
18
18446744073709551598
21
18446744073709551596
20
18446744073709551593
8
3
18446744073709551613
18446744073709551614
18446744073709551615
7
18446744073709551609
18446744073709551610
4
16
18446744073709551606
10
11
15
18446744073709551601
18446744073709551602
12
18
18446744073709551598
21
18446744073709551596
20
18446744073709551593
8
3
18446744073709551613
18446744073709551614
18446744073709551615
7
18446744073709551609
18446744073709551610
4
16
18446744073709551606
10
11
15
18446744073709551601
18446744073709551602
12
18
18446744073709551598
21
18446744073709551596
20
18446744073709551593
15
18446744073709551614
18446744073709551613
18446744073709551615
18446744073709551611
3
5
10
18446744073709551608
8
9
18446744073709551604
13
18446744073709551603
18446744073709551601
6
18
18446744073709551599
17
22
18446744073709551595
18446744073709551594
18446744073709551596
15
18446744073709551614
18446744073709551613
18446744073709551615
18446744073709551611
3
5
10
18446744073709551608
8
9
18446744073709551604
13
18446744073709551603
18446744073709551601
6
18
18446744073709551599
17
22
18446744073709551595
18446744073709551594
18446744073709551596
15
18446744073709551614
18446744073709551613
18446744073709551615
18446744073709551611
3
5
10
18446744073709551608
8
9
18446744073709551604
13
18446744073709551603
18446744073709551601
6
18
18446744073709551599
17
22
18446744073709551595
18446744073709551594
18446744073709551596
15
18446744073709551614
18446744073709551613
18446744073709551615
18446744073709551611
3
5
10
18446744073709551608
8
9
18446744073709551604
13
18446744073709551603
18446744073709551601
6
18
18446744073709551599
17
22
18446744073709551595
18446744073709551594
18446744073709551596
15
18446744073709551614
18446744073709551613
18446744073709551615
18446744073709551611
3
5
10
18446744073709551608
8
9
18446744073709551604
13
18446744073709551603
18446744073709551601
6
18
18446744073709551599
17
22
18446744073709551595
18446744073709551594
18446744073709551596
15
18446744073709551614
18446744073709551613
18446744073709551615
18446744073709551611
3
5
10
18446744073709551608
8
9
18446744073709551604
13
18446744073709551603
18446744073709551601
6
18
18446744073709551599
17
22
18446744073709551595
18446744073709551594
18446744073709551596
15
18446744073709551614
18446744073709551613
18446744073709551615
18446744073709551611
3
5
10
18446744073709551608
8
9
18446744073709551604
13
18446744073709551603
18446744073709551601
6
18
18446744073709551599
17
22
18446744073709551595
18446744073709551594
18446744073709551596
15
18446744073709551614
18446744073709551613
18446744073709551615
18446744073709551611
3
5
10
18446744073709551608
8
9
18446744073709551604
13
18446744073709551603
18446744073709551601
6
18
18446744073709551599
17
22
18446744073709551595
18446744073709551594
18446744073709551596
15
18446744073709551614
18446744073709551613
18446744073709551615
18446744073709551611
3
5
10
18446744073709551608
8
9
18446744073709551604
13
18446744073709551603
18446744073709551601
6
18
18446744073709551599
17
22
18446744073709551595
18446744073709551594
18446744073709551596
15
18446744073709551614
18446744073709551613
18446744073709551615
18446744073709551611
3
5
10
18446744073709551608
8
9
18446744073709551604
13
18446744073709551603
18446744073709551601
6
18
18446744073709551599
17
22
18446744073709551595
18446744073709551594
18446744073709551596
15
18446744073709551614
18446744073709551613
18446744073709551615
18446744073709551611
3
5
10
18446744073709551608
8
9
18446744073709551604
13
18446744073709551603
18446744073709551601
6
18
18446744073709551599
17
22
18446744073709551595
18446744073709551594
18446744073709551596
15
18446744073709551614
18446744073709551613
18446744073709551615
18446744073709551611
3
5
10
18446744073709551608
8
9
18446744073709551604
13
18446744073709551603
18446744073709551601
6
18
18446744073709551599
17
22
18446744073709551595
18446744073709551594
18446744073709551596
9
18446744073709551614
18446744073709551615
18446744073709551612
2
6
18446744073709551610
4
18446744073709551607
7
18
18446744073709551605
11
16
18446744073709551602
18446744073709551600
14
18446744073709551598
12
22
18446744073709551596
18446744073709551594
20
9
18446744073709551614
18446744073709551615
18446744073709551612
2
6
18446744073709551610
4
18446744073709551607
7
18
18446744073709551605
11
16
18446744073709551602
18446744073709551600
14
18446744073709551598
12
22
18446744073709551596
18446744073709551594
20
9
18446744073709551614
18446744073709551615
18446744073709551612
2
6
18446744073709551610
4
18446744073709551607
7
18
18446744073709551605
11
16
18446744073709551602
18446744073709551600
14
18446744073709551598
12
22
18446744073709551596
18446744073709551594
20
9
18446744073709551614
18446744073709551615
18446744073709551612
2
6
18446744073709551610
4
18446744073709551607
7
18
18446744073709551605
11
16
18446744073709551602
18446744073709551600
14
18446744073709551598
12
22
18446744073709551596
18446744073709551594
20
9
18446744073709551614
18446744073709551615
18446744073709551612
2
6
18446744073709551610
4
18446744073709551607
7
18
18446744073709551605
11
16
18446744073709551602
18446744073709551600
14
18446744073709551598
12
22
18446744073709551596
18446744073709551594
20
9
18446744073709551614
18446744073709551615
18446744073709551612
2
6
18446744073709551610
4
18446744073709551607
7
18
18446744073709551605
11
16
18446744073709551602
18446744073709551600
14
18446744073709551598
12
22
18446744073709551596
18446744073709551594
20
9
18446744073709551614
18446744073709551615
18446744073709551612
2
6
18446744073709551610
4
18446744073709551607
7
18
18446744073709551605
11
16
18446744073709551602
18446744073709551600
14
18446744073709551598
12
22
18446744073709551596
18446744073709551594
20
9
18446744073709551614
18446744073709551615
18446744073709551612
2
6
18446744073709551610
4
18446744073709551607
7
18
18446744073709551605
11
16
18446744073709551602
18446744073709551600
14
18446744073709551598
12
22
18446744073709551596
18446744073709551594
20
9
18446744073709551614
18446744073709551615
18446744073709551612
2
6
18446744073709551610
4
18446744073709551607
7
18
18446744073709551605
11
16
18446744073709551602
18446744073709551600
14
18446744073709551598
12
22
18446744073709551596
18446744073709551594
20
9
18446744073709551614
18446744073709551615
18446744073709551612
2
6
18446744073709551610
4
18446744073709551607
7
18
18446744073709551605
11
16
18446744073709551602
18446744073709551600
14
18446744073709551598
12
22
18446744073709551596
18446744073709551594
20
9
18446744073709551614
18446744073709551615
18446744073709551612
2
6
18446744073709551610
4
18446744073709551607
7
18
18446744073709551605
11
16
18446744073709551602
18446744073709551600
14
18446744073709551598
12
22
18446744073709551596
18446744073709551594
20
9
18446744073709551614
18446744073709551615
18446744073709551612
2
6
18446744073709551610
4
18446744073709551607
7
18
18446744073709551605
11
16
18446744073709551602
18446744073709551600
14
18446744073709551598
12
22
18446744073709551596
18446744073709551594
20
16
18446744073709551615
1
2
5
18446744073709551611
18446744073709551609
3
9
18446744073709551607
12
18446744073709551604
18446744073709551605
15
18446744073709551602
14
7
19
18446744073709551598
18
18446744073709551595
18446744073709551594
18446744073709551593
16
18446744073709551615
1
2
5
18446744073709551611
18446744073709551609
3
9
18446744073709551607
12
18446744073709551604
18446744073709551605
15
18446744073709551602
14
7
19
18446744073709551598
18
18446744073709551595
18446744073709551594
18446744073709551593
16
18446744073709551615
1
2
5
18446744073709551611
18446744073709551609
3
9
18446744073709551607
12
18446744073709551604
18446744073709551605
15
18446744073709551602
14
7
19
18446744073709551598
18
18446744073709551595
18446744073709551594
18446744073709551593
16
18446744073709551615
1
2
5
18446744073709551611
18446744073709551609
3
9
18446744073709551607
12
18446744073709551604
18446744073709551605
15
18446744073709551602
14
7
19
18446744073709551598
18
18446744073709551595
18446744073709551594
18446744073709551593
16
18446744073709551615
1
2
5
18446744073709551611
18446744073709551609
3
9
18446744073709551607
12
18446744073709551604
18446744073709551605
15
18446744073709551602
14
7
19
18446744073709551598
18
18446744073709551595
18446744073709551594
18446744073709551593
16
18446744073709551615
1
2
5
18446744073709551611
18446744073709551609
3
9
18446744073709551607
12
18446744073709551604
18446744073709551605
15
18446744073709551602
14
7
19
18446744073709551598
18
18446744073709551595
18446744073709551594
18446744073709551593
16
18446744073709551615
1
2
5
18446744073709551611
18446744073709551609
3
9
18446744073709551607
12
18446744073709551604
18446744073709551605
15
18446744073709551602
14
7
19
18446744073709551598
18
18446744073709551595
18446744073709551594
18446744073709551593
16
18446744073709551615
1
2
5
18446744073709551611
18446744073709551609
3
9
18446744073709551607
12
18446744073709551604
18446744073709551605
15
18446744073709551602
14
7
19
18446744073709551598
18
18446744073709551595
18446744073709551594
18446744073709551593
16
18446744073709551615
1
2
5
18446744073709551611
18446744073709551609
3
9
18446744073709551607
12
18446744073709551604
18446744073709551605
15
18446744073709551602
14
7
19
18446744073709551598
18
18446744073709551595
18446744073709551594
18446744073709551593
16
18446744073709551615
1
2
5
18446744073709551611
18446744073709551609
3
9
18446744073709551607
12
18446744073709551604
18446744073709551605
15
18446744073709551602
14
7
19
18446744073709551598
18
18446744073709551595
18446744073709551594
18446744073709551593
16
18446744073709551615
1
2
5
18446744073709551611
18446744073709551609
3
9
18446744073709551607
12
18446744073709551604
18446744073709551605
15
18446744073709551602
14
7
19
18446744073709551598
18
18446744073709551595
18446744073709551594
18446744073709551593
16
18446744073709551615
1
2
5
18446744073709551611
18446744073709551609
3
9
18446744073709551607
12
18446744073709551604
18446744073709551605
15
18446744073709551602
14
7
19
18446744073709551598
18
18446744073709551595
18446744073709551594
18446744073709551593
8
18446744073709551615
18446744073709551613
1
5
18446744073709551611
7
18446744073709551609
3
14
18446744073709551606
18446744073709551604
10
18446744073709551602
12
19
18446744073709551600
18
18446744073709551598
16
21
18446744073709551595
18446744073709551593
8
18446744073709551615
18446744073709551613
1
5
18446744073709551611
7
18446744073709551609
3
14
18446744073709551606
18446744073709551604
10
18446744073709551602
12
19
18446744073709551600
18
18446744073709551598
16
21
18446744073709551595
18446744073709551593
8
18446744073709551615
18446744073709551613
1
5
18446744073709551611
7
18446744073709551609
3
14
18446744073709551606
18446744073709551604
10
18446744073709551602
12
19
18446744073709551600
18
18446744073709551598
16
21
18446744073709551595
18446744073709551593
8
18446744073709551615
18446744073709551613
1
5
18446744073709551611
7
18446744073709551609
3
14
18446744073709551606
18446744073709551604
10
18446744073709551602
12
19
18446744073709551600
18
18446744073709551598
16
21
18446744073709551595
18446744073709551593
8
18446744073709551615
18446744073709551613
1
5
18446744073709551611
7
18446744073709551609
3
14
18446744073709551606
18446744073709551604
10
18446744073709551602
12
19
18446744073709551600
18
18446744073709551598
16
21
18446744073709551595
18446744073709551593
8
18446744073709551615
18446744073709551613
1
5
18446744073709551611
7
18446744073709551609
3
14
18446744073709551606
18446744073709551604
10
18446744073709551602
12
19
18446744073709551600
18
18446744073709551598
16
21
18446744073709551595
18446744073709551593
8
18446744073709551615
18446744073709551613
1
5
18446744073709551611
7
18446744073709551609
3
14
18446744073709551606
18446744073709551604
10
18446744073709551602
12
19
18446744073709551600
18
18446744073709551598
16
21
18446744073709551595
18446744073709551593
8
18446744073709551615
18446744073709551613
1
5
18446744073709551611
7
18446744073709551609
3
14
18446744073709551606
18446744073709551604
10
18446744073709551602
12
19
18446744073709551600
18
18446744073709551598
16
21
18446744073709551595
18446744073709551593
8
18446744073709551615
18446744073709551613
1
5
18446744073709551611
7
18446744073709551609
3
14
18446744073709551606
18446744073709551604
10
18446744073709551602
12
19
18446744073709551600
18
18446744073709551598
16
21
18446744073709551595
18446744073709551593
8
18446744073709551615
18446744073709551613
1
5
18446744073709551611
7
18446744073709551609
3
14
18446744073709551606
18446744073709551604
10
18446744073709551602
12
19
18446744073709551600
18
18446744073709551598
16
21
18446744073709551595
18446744073709551593
8
18446744073709551615
18446744073709551613
1
5
18446744073709551611
7
18446744073709551609
3
14
18446744073709551606
18446744073709551604
10
18446744073709551602
12
19
18446744073709551600
18
18446744073709551598
16
21
18446744073709551595
18446744073709551593
8
18446744073709551615
18446744073709551613
1
5
18446744073709551611
7
18446744073709551609
3
14
18446744073709551606
18446744073709551604
10
18446744073709551602
12
19
18446744073709551600
18
18446744073709551598
16
21
18446744073709551595
18446744073709551593
10
18446744073709551615
18446744073709551613
1
5
18446744073709551611
8
18446744073709551608
18446744073709551609
18446744073709551606
3
18
18446744073709551604
18446744073709551602
12
16
18446744073709551600
18446744073709551598
14
18446744073709551596
18446744073709551595
18446744073709551594
18446744073709551593
10
18446744073709551615
18446744073709551613
1
5
18446744073709551611
8
18446744073709551608
18446744073709551609
18446744073709551606
3
18
18446744073709551604
18446744073709551602
12
16
18446744073709551600
18446744073709551598
14
18446744073709551596
18446744073709551595
18446744073709551594
18446744073709551593
10
18446744073709551615
18446744073709551613
1
5
18446744073709551611
8
18446744073709551608
18446744073709551609
18446744073709551606
3
18
18446744073709551604
18446744073709551602
12
16
18446744073709551600
18446744073709551598
14
18446744073709551596
18446744073709551595
18446744073709551594
18446744073709551593
10
18446744073709551615
18446744073709551613
1
5
18446744073709551611
8
18446744073709551608
18446744073709551609
18446744073709551606
3
18
18446744073709551604
18446744073709551602
12
16
18446744073709551600
18446744073709551598
14
18446744073709551596
18446744073709551595
18446744073709551594
18446744073709551593
10
18446744073709551615
18446744073709551613
1
5
18446744073709551611
8
18446744073709551608
18446744073709551609
18446744073709551606
3
18
18446744073709551604
18446744073709551602
12
16
18446744073709551600
18446744073709551598
14
18446744073709551596
18446744073709551595
18446744073709551594
18446744073709551593
10
18446744073709551615
18446744073709551613
1
5
18446744073709551611
8
18446744073709551608
18446744073709551609
18446744073709551606
3
18
18446744073709551604
18446744073709551602
12
16
18446744073709551600
18446744073709551598
14
18446744073709551596
18446744073709551595
18446744073709551594
18446744073709551593
10
18446744073709551615
18446744073709551613
1
5
18446744073709551611
8
18446744073709551608
18446744073709551609
18446744073709551606
3
18
18446744073709551604
18446744073709551602
12
16
18446744073709551600
18446744073709551598
14
18446744073709551596
18446744073709551595
18446744073709551594
18446744073709551593
10
18446744073709551615
18446744073709551613
1
5
18446744073709551611
8
18446744073709551608
18446744073709551609
18446744073709551606
3
18
18446744073709551604
18446744073709551602
12
16
18446744073709551600
18446744073709551598
14
18446744073709551596
18446744073709551595
18446744073709551594
18446744073709551593
10
18446744073709551615
18446744073709551613
1
5
18446744073709551611
8
18446744073709551608
18446744073709551609
18446744073709551606
3
18
18446744073709551604
18446744073709551602
12
16
18446744073709551600
18446744073709551598
14
18446744073709551596
18446744073709551595
18446744073709551594
18446744073709551593
10
18446744073709551615
18446744073709551613
1
5
18446744073709551611
8
18446744073709551608
18446744073709551609
18446744073709551606
3
18
18446744073709551604
18446744073709551602
12
16
18446744073709551600
18446744073709551598
14
18446744073709551596
18446744073709551595
18446744073709551594
18446744073709551593
10
18446744073709551615
18446744073709551613
1
5
18446744073709551611
8
18446744073709551608
18446744073709551609
18446744073709551606
3
18
18446744073709551604
18446744073709551602
12
16
18446744073709551600
18446744073709551598
14
18446744073709551596
18446744073709551595
18446744073709551594
18446744073709551593
10
18446744073709551615
18446744073709551613
1
5
18446744073709551611
8
18446744073709551608
18446744073709551609
18446744073709551606
3
18
18446744073709551604
18446744073709551602
12
16
18446744073709551600
18446744073709551598
14
18446744073709551596
18446744073709551595
18446744073709551594
18446744073709551593
12
5
18446744073709551613
18446744073709551614
18446744073709551611
3
7
18446744073709551609
18446744073709551607
18446744073709551615
11
18446744073709551605
9
17
18446744073709551602
18446744073709551600
18446744073709551599
14
22
18446744073709551597
18446744073709551595
18446744073709551594
19
12
5
18446744073709551613
18446744073709551614
18446744073709551611
3
7
18446744073709551609
18446744073709551607
18446744073709551615
11
18446744073709551605
9
17
18446744073709551602
18446744073709551600
18446744073709551599
14
22
18446744073709551597
18446744073709551595
18446744073709551594
19
12
5
18446744073709551613
18446744073709551614
18446744073709551611
3
7
18446744073709551609
18446744073709551607
18446744073709551615
11
18446744073709551605
9
17
18446744073709551602
18446744073709551600
18446744073709551599
14
22
18446744073709551597
18446744073709551595
18446744073709551594
19
12
5
18446744073709551613
18446744073709551614
18446744073709551611
3
7
18446744073709551609
18446744073709551607
18446744073709551615
11
18446744073709551605
9
17
18446744073709551602
18446744073709551600
18446744073709551599
14
22
18446744073709551597
18446744073709551595
18446744073709551594
19
12
5
18446744073709551613
18446744073709551614
18446744073709551611
3
7
18446744073709551609
18446744073709551607
18446744073709551615
11
18446744073709551605
9
17
18446744073709551602
18446744073709551600
18446744073709551599
14
22
18446744073709551597
18446744073709551595
18446744073709551594
19
12
5
18446744073709551613
18446744073709551614
18446744073709551611
3
7
18446744073709551609
18446744073709551607
18446744073709551615
11
18446744073709551605
9
17
18446744073709551602
18446744073709551600
18446744073709551599
14
22
18446744073709551597
18446744073709551595
18446744073709551594
19
12
5
18446744073709551613
18446744073709551614
18446744073709551611
3
7
18446744073709551609
18446744073709551607
18446744073709551615
11
18446744073709551605
9
17
18446744073709551602
18446744073709551600
18446744073709551599
14
22
18446744073709551597
18446744073709551595
18446744073709551594
19
12
5
18446744073709551613
18446744073709551614
18446744073709551611
3
7
18446744073709551609
18446744073709551607
18446744073709551615
11
18446744073709551605
9
17
18446744073709551602
18446744073709551600
18446744073709551599
14
22
18446744073709551597
18446744073709551595
18446744073709551594
19
12
5
18446744073709551613
18446744073709551614
18446744073709551611
3
7
18446744073709551609
18446744073709551607
18446744073709551615
11
18446744073709551605
9
17
18446744073709551602
18446744073709551600
18446744073709551599
14
22
18446744073709551597
18446744073709551595
18446744073709551594
19
12
5
18446744073709551613
18446744073709551614
18446744073709551611
3
7
18446744073709551609
18446744073709551607
18446744073709551615
11
18446744073709551605
9
17
18446744073709551602
18446744073709551600
18446744073709551599
14
22
18446744073709551597
18446744073709551595
18446744073709551594
19
12
5
18446744073709551613
18446744073709551614
18446744073709551611
3
7
18446744073709551609
18446744073709551607
18446744073709551615
11
18446744073709551605
9
17
18446744073709551602
18446744073709551600
18446744073709551599
14
22
18446744073709551597
18446744073709551595
18446744073709551594
19
12
5
18446744073709551613
18446744073709551614
18446744073709551611
3
7
18446744073709551609
18446744073709551607
18446744073709551615
11
18446744073709551605
9
17
18446744073709551602
18446744073709551600
18446744073709551599
14
22
18446744073709551597
18446744073709551595
18446744073709551594
19
14
18446744073709551615
1
4
18446744073709551612
18446744073709551610
18446744073709551609
2
10
18446744073709551606
18446744073709551607
18446744073709551604
13
18446744073709551603
7
20
18446744073709551600
19
18446744073709551597
18446744073709551598
16
22
18446744073709551594
14
18446744073709551615
1
4
18446744073709551612
18446744073709551610
18446744073709551609
2
10
18446744073709551606
18446744073709551607
18446744073709551604
13
18446744073709551603
7
20
18446744073709551600
19
18446744073709551597
18446744073709551598
16
22
18446744073709551594
14
18446744073709551615
1
4
18446744073709551612
18446744073709551610
18446744073709551609
2
10
18446744073709551606
18446744073709551607
18446744073709551604
13
18446744073709551603
7
20
18446744073709551600
19
18446744073709551597
18446744073709551598
16
22
18446744073709551594
14
18446744073709551615
1
4
18446744073709551612
18446744073709551610
18446744073709551609
2
10
18446744073709551606
18446744073709551607
18446744073709551604
13
18446744073709551603
7
20
18446744073709551600
19
18446744073709551597
18446744073709551598
16
22
18446744073709551594
14
18446744073709551615
1
4
18446744073709551612
18446744073709551610
18446744073709551609
2
10
18446744073709551606
18446744073709551607
18446744073709551604
13
18446744073709551603
7
20
18446744073709551600
19
18446744073709551597
18446744073709551598
16
22
18446744073709551594
14
18446744073709551615
1
4
18446744073709551612
18446744073709551610
18446744073709551609
2
10
18446744073709551606
18446744073709551607
18446744073709551604
13
18446744073709551603
7
20
18446744073709551600
19
18446744073709551597
18446744073709551598
16
22
18446744073709551594
14
18446744073709551615
1
4
18446744073709551612
18446744073709551610
18446744073709551609
2
10
18446744073709551606
18446744073709551607
18446744073709551604
13
18446744073709551603
7
20
18446744073709551600
19
18446744073709551597
18446744073709551598
16
22
18446744073709551594
14
18446744073709551615
1
4
18446744073709551612
18446744073709551610
18446744073709551609
2
10
18446744073709551606
18446744073709551607
18446744073709551604
13
18446744073709551603
7
20
18446744073709551600
19
18446744073709551597
18446744073709551598
16
22
18446744073709551594
14
18446744073709551615
1
4
18446744073709551612
18446744073709551610
18446744073709551609
2
10
18446744073709551606
18446744073709551607
18446744073709551604
13
18446744073709551603
7
20
18446744073709551600
19
18446744073709551597
18446744073709551598
16
22
18446744073709551594
14
18446744073709551615
1
4
18446744073709551612
18446744073709551610
18446744073709551609
2
10
18446744073709551606
18446744073709551607
18446744073709551604
13
18446744073709551603
7
20
18446744073709551600
19
18446744073709551597
18446744073709551598
16
22
18446744073709551594
14
18446744073709551615
1
4
18446744073709551612
18446744073709551610
18446744073709551609
2
10
18446744073709551606
18446744073709551607
18446744073709551604
13
18446744073709551603
7
20
18446744073709551600
19
18446744073709551597
18446744073709551598
16
22
18446744073709551594
14
18446744073709551615
1
4
18446744073709551612
18446744073709551610
18446744073709551609
2
10
18446744073709551606
18446744073709551607
18446744073709551604
13
18446744073709551603
7
20
18446744073709551600
19
18446744073709551597
18446744073709551598
16
22
18446744073709551594
8
18446744073709551615
1
18446744073709551612
18446744073709551611
2
7
18446744073709551609
5
18
18446744073709551606
12
18446744073709551604
10
18446744073709551601
18446744073709551600
18446744073709551599
18446744073709551598
13
20
18446744073709551596
22
18446744073709551594
8
18446744073709551615
1
18446744073709551612
18446744073709551611
2
7
18446744073709551609
5
18
18446744073709551606
12
18446744073709551604
10
18446744073709551601
18446744073709551600
18446744073709551599
18446744073709551598
13
20
18446744073709551596
22
18446744073709551594
8
18446744073709551615
1
18446744073709551612
18446744073709551611
2
7
18446744073709551609
5
18
18446744073709551606
12
18446744073709551604
10
18446744073709551601
18446744073709551600
18446744073709551599
18446744073709551598
13
20
18446744073709551596
22
18446744073709551594
8
18446744073709551615
1
18446744073709551612
18446744073709551611
2
7
18446744073709551609
5
18
18446744073709551606
12
18446744073709551604
10
18446744073709551601
18446744073709551600
18446744073709551599
18446744073709551598
13
20
18446744073709551596
22
18446744073709551594
8
18446744073709551615
1
18446744073709551612
18446744073709551611
2
7
18446744073709551609
5
18
18446744073709551606
12
18446744073709551604
10
18446744073709551601
18446744073709551600
18446744073709551599
18446744073709551598
13
20
18446744073709551596
22
18446744073709551594
8
18446744073709551615
1
18446744073709551612
18446744073709551611
2
7
18446744073709551609
5
18
18446744073709551606
12
18446744073709551604
10
18446744073709551601
18446744073709551600
18446744073709551599
18446744073709551598
13
20
18446744073709551596
22
18446744073709551594
8
18446744073709551615
1
18446744073709551612
18446744073709551611
2
7
18446744073709551609
5
18
18446744073709551606
12
18446744073709551604
10
18446744073709551601
18446744073709551600
18446744073709551599
18446744073709551598
13
20
18446744073709551596
22
18446744073709551594
8
18446744073709551615
1
18446744073709551612
18446744073709551611
2
7
18446744073709551609
5
18
18446744073709551606
12
18446744073709551604
10
18446744073709551601
18446744073709551600
18446744073709551599
18446744073709551598
13
20
18446744073709551596
22
18446744073709551594
8
18446744073709551615
1
18446744073709551612
18446744073709551611
2
7
18446744073709551609
5
18
18446744073709551606
12
18446744073709551604
10
18446744073709551601
18446744073709551600
18446744073709551599
18446744073709551598
13
20
18446744073709551596
22
18446744073709551594
8
18446744073709551615
1
18446744073709551612
18446744073709551611
2
7
18446744073709551609
5
18
18446744073709551606
12
18446744073709551604
10
18446744073709551601
18446744073709551600
18446744073709551599
18446744073709551598
13
20
18446744073709551596
22
18446744073709551594
8
18446744073709551615
1
18446744073709551612
18446744073709551611
2
7
18446744073709551609
5
18
18446744073709551606
12
18446744073709551604
10
18446744073709551601
18446744073709551600
18446744073709551599
18446744073709551598
13
20
18446744073709551596
22
18446744073709551594
8
18446744073709551615
1
18446744073709551612
18446744073709551611
2
7
18446744073709551609
5
18
18446744073709551606
12
18446744073709551604
10
18446744073709551601
18446744073709551600
18446744073709551599
18446744073709551598
13
20
18446744073709551596
22
18446744073709551594
9
18446744073709551615
18446744073709551613
1
5
18446744073709551611
8
18446744073709551608
18446744073709551609
3
17
18446744073709551605
18446744073709551603
11
16
18446744073709551601
15
13
20
18446744073709551596
18446744073709551597
22
18446744073709551594
9
18446744073709551615
18446744073709551613
1
5
18446744073709551611
8
18446744073709551608
18446744073709551609
3
17
18446744073709551605
18446744073709551603
11
16
18446744073709551601
15
13
20
18446744073709551596
18446744073709551597
22
18446744073709551594
9
18446744073709551615
18446744073709551613
1
5
18446744073709551611
8
18446744073709551608
18446744073709551609
3
17
18446744073709551605
18446744073709551603
11
16
18446744073709551601
15
13
20
18446744073709551596
18446744073709551597
22
18446744073709551594
9
18446744073709551615
18446744073709551613
1
5
18446744073709551611
8
18446744073709551608
18446744073709551609
3
17
18446744073709551605
18446744073709551603
11
16
18446744073709551601
15
13
20
18446744073709551596
18446744073709551597
22
18446744073709551594
9
18446744073709551615
18446744073709551613
1
5
18446744073709551611
8
18446744073709551608
18446744073709551609
3
17
18446744073709551605
18446744073709551603
11
16
18446744073709551601
15
13
20
18446744073709551596
18446744073709551597
22
18446744073709551594
9
18446744073709551615
18446744073709551613
1
5
18446744073709551611
8
18446744073709551608
18446744073709551609
3
17
18446744073709551605
18446744073709551603
11
16
18446744073709551601
15
13
20
18446744073709551596
18446744073709551597
22
18446744073709551594
9
18446744073709551615
18446744073709551613
1
5
18446744073709551611
8
18446744073709551608
18446744073709551609
3
17
18446744073709551605
18446744073709551603
11
16
18446744073709551601
15
13
20
18446744073709551596
18446744073709551597
22
18446744073709551594
9
18446744073709551615
18446744073709551613
1
5
18446744073709551611
8
18446744073709551608
18446744073709551609
3
17
18446744073709551605
18446744073709551603
11
16
18446744073709551601
15
13
20
18446744073709551596
18446744073709551597
22
18446744073709551594
9
18446744073709551615
18446744073709551613
1
5
18446744073709551611
8
18446744073709551608
18446744073709551609
3
17
18446744073709551605
18446744073709551603
11
16
18446744073709551601
15
13
20
18446744073709551596
18446744073709551597
22
18446744073709551594
9
18446744073709551615
18446744073709551613
1
5
18446744073709551611
8
18446744073709551608
18446744073709551609
3
17
18446744073709551605
18446744073709551603
11
16
18446744073709551601
15
13
20
18446744073709551596
18446744073709551597
22
18446744073709551594
9
18446744073709551615
18446744073709551613
1
5
18446744073709551611
8
18446744073709551608
18446744073709551609
3
17
18446744073709551605
18446744073709551603
11
16
18446744073709551601
15
13
20
18446744073709551596
18446744073709551597
22
18446744073709551594
9
18446744073709551615
18446744073709551613
1
5
18446744073709551611
8
18446744073709551608
18446744073709551609
3
17
18446744073709551605
18446744073709551603
11
16
18446744073709551601
15
13
20
18446744073709551596
18446744073709551597
22
18446744073709551594
7
18446744073709551614
18446744073709551615
18446744073709551612
2
6
18446744073709551610
4
12
18446744073709551607
9
18446744073709551604
10
16
18446744073709551601
18446744073709551602
15
19
18446744073709551598
18
21
18446744073709551595
18446744073709551593
7
18446744073709551614
18446744073709551615
18446744073709551612
2
6
18446744073709551610
4
12
18446744073709551607
9
18446744073709551604
10
16
18446744073709551601
18446744073709551602
15
19
18446744073709551598
18
21
18446744073709551595
18446744073709551593
7
18446744073709551614
18446744073709551615
18446744073709551612
2
6
18446744073709551610
4
12
18446744073709551607
9
18446744073709551604
10
16
18446744073709551601
18446744073709551602
15
19
18446744073709551598
18
21
18446744073709551595
18446744073709551593
7
18446744073709551614
18446744073709551615
18446744073709551612
2
6
18446744073709551610
4
12
18446744073709551607
9
18446744073709551604
10
16
18446744073709551601
18446744073709551602
15
19
18446744073709551598
18
21
18446744073709551595
18446744073709551593
7
18446744073709551614
18446744073709551615
18446744073709551612
2
6
18446744073709551610
4
12
18446744073709551607
9
18446744073709551604
10
16
18446744073709551601
18446744073709551602
15
19
18446744073709551598
18
21
18446744073709551595
18446744073709551593
7
18446744073709551614
18446744073709551615
18446744073709551612
2
6
18446744073709551610
4
12
18446744073709551607
9
18446744073709551604
10
16
18446744073709551601
18446744073709551602
15
19
18446744073709551598
18
21
18446744073709551595
18446744073709551593
7
18446744073709551614
18446744073709551615
18446744073709551612
2
6
18446744073709551610
4
12
18446744073709551607
9
18446744073709551604
10
16
18446744073709551601
18446744073709551602
15
19
18446744073709551598
18
21
18446744073709551595
18446744073709551593
7
18446744073709551614
18446744073709551615
18446744073709551612
2
6
18446744073709551610
4
12
18446744073709551607
9
18446744073709551604
10
16
18446744073709551601
18446744073709551602
15
19
18446744073709551598
18
21
18446744073709551595
18446744073709551593
7
18446744073709551614
18446744073709551615
18446744073709551612
2
6
18446744073709551610
4
12
18446744073709551607
9
18446744073709551604
10
16
18446744073709551601
18446744073709551602
15
19
18446744073709551598
18
21
18446744073709551595
18446744073709551593
7
18446744073709551614
18446744073709551615
18446744073709551612
2
6
18446744073709551610
4
12
18446744073709551607
9
18446744073709551604
10
16
18446744073709551601
18446744073709551602
15
19
18446744073709551598
18
21
18446744073709551595
18446744073709551593
7
18446744073709551614
18446744073709551615
18446744073709551612
2
6
18446744073709551610
4
12
18446744073709551607
9
18446744073709551604
10
16
18446744073709551601
18446744073709551602
15
19
18446744073709551598
18
21
18446744073709551595
18446744073709551593
7
18446744073709551614
18446744073709551615
18446744073709551612
2
6
18446744073709551610
4
12
18446744073709551607
9
18446744073709551604
10
16
18446744073709551601
18446744073709551602
15
19
18446744073709551598
18
21
18446744073709551595
18446744073709551593
13
2
18446744073709551614
18446744073709551612
18446744073709551615
18446744073709551610
18446744073709551609
4
10
18446744073709551607
9
18446744073709551604
18446744073709551603
7
18
18446744073709551601
18446744073709551599
18446744073709551598
15
20
18446744073709551596
22
18446744073709551594
13
2
18446744073709551614
18446744073709551612
18446744073709551615
18446744073709551610
18446744073709551609
4
10
18446744073709551607
9
18446744073709551604
18446744073709551603
7
18
18446744073709551601
18446744073709551599
18446744073709551598
15
20
18446744073709551596
22
18446744073709551594
13
2
18446744073709551614
18446744073709551612
18446744073709551615
18446744073709551610
18446744073709551609
4
10
18446744073709551607
9
18446744073709551604
18446744073709551603
7
18
18446744073709551601
18446744073709551599
18446744073709551598
15
20
18446744073709551596
22
18446744073709551594
13
2
18446744073709551614
18446744073709551612
18446744073709551615
18446744073709551610
18446744073709551609
4
10
18446744073709551607
9
18446744073709551604
18446744073709551603
7
18
18446744073709551601
18446744073709551599
18446744073709551598
15
20
18446744073709551596
22
18446744073709551594
13
2
18446744073709551614
18446744073709551612
18446744073709551615
18446744073709551610
18446744073709551609
4
10
18446744073709551607
9
18446744073709551604
18446744073709551603
7
18
18446744073709551601
18446744073709551599
18446744073709551598
15
20
18446744073709551596
22
18446744073709551594
13
2
18446744073709551614
18446744073709551612
18446744073709551615
18446744073709551610
18446744073709551609
4
10
18446744073709551607
9
18446744073709551604
18446744073709551603
7
18
18446744073709551601
18446744073709551599
18446744073709551598
15
20
18446744073709551596
22
18446744073709551594
13
2
18446744073709551614
18446744073709551612
18446744073709551615
18446744073709551610
18446744073709551609
4
10
18446744073709551607
9
18446744073709551604
18446744073709551603
7
18
18446744073709551601
18446744073709551599
18446744073709551598
15
20
18446744073709551596
22
18446744073709551594
13
2
18446744073709551614
18446744073709551612
18446744073709551615
18446744073709551610
18446744073709551609
4
10
18446744073709551607
9
18446744073709551604
18446744073709551603
7
18
18446744073709551601
18446744073709551599
18446744073709551598
15
20
18446744073709551596
22
18446744073709551594
13
2
18446744073709551614
18446744073709551612
18446744073709551615
18446744073709551610
18446744073709551609
4
10
18446744073709551607
9
18446744073709551604
18446744073709551603
7
18
18446744073709551601
18446744073709551599
18446744073709551598
15
20
18446744073709551596
22
18446744073709551594
13
2
18446744073709551614
18446744073709551612
18446744073709551615
18446744073709551610
18446744073709551609
4
10
18446744073709551607
9
18446744073709551604
18446744073709551603
7
18
18446744073709551601
18446744073709551599
18446744073709551598
15
20
18446744073709551596
22
18446744073709551594
13
2
18446744073709551614
18446744073709551612
18446744073709551615
18446744073709551610
18446744073709551609
4
10
18446744073709551607
9
18446744073709551604
18446744073709551603
7
18
18446744073709551601
18446744073709551599
18446744073709551598
15
20
18446744073709551596
22
18446744073709551594
13
2
18446744073709551614
18446744073709551612
18446744073709551615
18446744073709551610
18446744073709551609
4
10
18446744073709551607
9
18446744073709551604
18446744073709551603
7
18
18446744073709551601
18446744073709551599
18446744073709551598
15
20
18446744073709551596
22
18446744073709551594
6
18446744073709551615
1
4
18446744073709551612
18446744073709551610
2
17
18446744073709551607
18446744073709551606
18446744073709551605
18446744073709551608
13
18446744073709551603
15
18446744073709551601
18446744073709551599
11
19
18446744073709551597
18446744073709551595
22
18446744073709551594
6
18446744073709551615
1
4
18446744073709551612
18446744073709551610
2
17
18446744073709551607
18446744073709551606
18446744073709551605
18446744073709551608
13
18446744073709551603
15
18446744073709551601
18446744073709551599
11
19
18446744073709551597
18446744073709551595
22
18446744073709551594
6
18446744073709551615
1
4
18446744073709551612
18446744073709551610
2
17
18446744073709551607
18446744073709551606
18446744073709551605
18446744073709551608
13
18446744073709551603
15
18446744073709551601
18446744073709551599
11
19
18446744073709551597
18446744073709551595
22
18446744073709551594
6
18446744073709551615
1
4
18446744073709551612
18446744073709551610
2
17
18446744073709551607
18446744073709551606
18446744073709551605
18446744073709551608
13
18446744073709551603
15
18446744073709551601
18446744073709551599
11
19
18446744073709551597
18446744073709551595
22
18446744073709551594
6
18446744073709551615
1
4
18446744073709551612
18446744073709551610
2
17
18446744073709551607
18446744073709551606
18446744073709551605
18446744073709551608
13
18446744073709551603
15
18446744073709551601
18446744073709551599
11
19
18446744073709551597
18446744073709551595
22
18446744073709551594
6
18446744073709551615
1
4
18446744073709551612
18446744073709551610
2
17
18446744073709551607
18446744073709551606
18446744073709551605
18446744073709551608
13
18446744073709551603
15
18446744073709551601
18446744073709551599
11
19
18446744073709551597
18446744073709551595
22
18446744073709551594
6
18446744073709551615
1
4
18446744073709551612
18446744073709551610
2
17
18446744073709551607
18446744073709551606
18446744073709551605
18446744073709551608
13
18446744073709551603
15
18446744073709551601
18446744073709551599
11
19
18446744073709551597
18446744073709551595
22
18446744073709551594
6
18446744073709551615
1
4
18446744073709551612
18446744073709551610
2
17
18446744073709551607
18446744073709551606
18446744073709551605
18446744073709551608
13
18446744073709551603
15
18446744073709551601
18446744073709551599
11
19
18446744073709551597
18446744073709551595
22
18446744073709551594
6
18446744073709551615
1
4
18446744073709551612
18446744073709551610
2
17
18446744073709551607
18446744073709551606
18446744073709551605
18446744073709551608
13
18446744073709551603
15
18446744073709551601
18446744073709551599
11
19
18446744073709551597
18446744073709551595
22
18446744073709551594
6
18446744073709551615
1
4
18446744073709551612
18446744073709551610
2
17
18446744073709551607
18446744073709551606
18446744073709551605
18446744073709551608
13
18446744073709551603
15
18446744073709551601
18446744073709551599
11
19
18446744073709551597
18446744073709551595
22
18446744073709551594
6
18446744073709551615
1
4
18446744073709551612
18446744073709551610
2
17
18446744073709551607
18446744073709551606
18446744073709551605
18446744073709551608
13
18446744073709551603
15
18446744073709551601
18446744073709551599
11
19
18446744073709551597
18446744073709551595
22
18446744073709551594
6
18446744073709551615
1
4
18446744073709551612
18446744073709551610
2
17
18446744073709551607
18446744073709551606
18446744073709551605
18446744073709551608
13
18446744073709551603
15
18446744073709551601
18446744073709551599
11
19
18446744073709551597
18446744073709551595
22
18446744073709551594
9
18446744073709551614
18446744073709551615
6
18446744073709551612
4
5
18446744073709551608
18446744073709551607
2
14
18446744073709551605
18446744073709551603
18446744073709551602
11
19
17
18446744073709551599
18446744073709551597
18446744073709551600
18446744073709551595
18446744073709551594
18446744073709551593
9
18446744073709551614
18446744073709551615
6
18446744073709551612
4
5
18446744073709551608
18446744073709551607
2
14
18446744073709551605
18446744073709551603
18446744073709551602
11
19
17
18446744073709551599
18446744073709551597
18446744073709551600
18446744073709551595
18446744073709551594
18446744073709551593
9
18446744073709551614
18446744073709551615
6
18446744073709551612
4
5
18446744073709551608
18446744073709551607
2
14
18446744073709551605
18446744073709551603
18446744073709551602
11
19
17
18446744073709551599
18446744073709551597
18446744073709551600
18446744073709551595
18446744073709551594
18446744073709551593
9
18446744073709551614
18446744073709551615
6
18446744073709551612
4
5
18446744073709551608
18446744073709551607
2
14
18446744073709551605
18446744073709551603
18446744073709551602
11
19
17
18446744073709551599
18446744073709551597
18446744073709551600
18446744073709551595
18446744073709551594
18446744073709551593
9
18446744073709551614
18446744073709551615
6
18446744073709551612
4
5
18446744073709551608
18446744073709551607
2
14
18446744073709551605
18446744073709551603
18446744073709551602
11
19
17
18446744073709551599
18446744073709551597
18446744073709551600
18446744073709551595
18446744073709551594
18446744073709551593
9
18446744073709551614
18446744073709551615
6
18446744073709551612
4
5
18446744073709551608
18446744073709551607
2
14
18446744073709551605
18446744073709551603
18446744073709551602
11
19
17
18446744073709551599
18446744073709551597
18446744073709551600
18446744073709551595
18446744073709551594
18446744073709551593
9
18446744073709551614
18446744073709551615
6
18446744073709551612
4
5
18446744073709551608
18446744073709551607
2
14
18446744073709551605
18446744073709551603
18446744073709551602
11
19
17
18446744073709551599
18446744073709551597
18446744073709551600
18446744073709551595
18446744073709551594
18446744073709551593
9
18446744073709551614
18446744073709551615
6
18446744073709551612
4
5
18446744073709551608
18446744073709551607
2
14
18446744073709551605
18446744073709551603
18446744073709551602
11
19
17
18446744073709551599
18446744073709551597
18446744073709551600
18446744073709551595
18446744073709551594
18446744073709551593
9
18446744073709551614
18446744073709551615
6
18446744073709551612
4
5
18446744073709551608
18446744073709551607
2
14
18446744073709551605
18446744073709551603
18446744073709551602
11
19
17
18446744073709551599
18446744073709551597
18446744073709551600
18446744073709551595
18446744073709551594
18446744073709551593
9
18446744073709551614
18446744073709551615
6
18446744073709551612
4
5
18446744073709551608
18446744073709551607
2
14
18446744073709551605
18446744073709551603
18446744073709551602
11
19
17
18446744073709551599
18446744073709551597
18446744073709551600
18446744073709551595
18446744073709551594
18446744073709551593
9
18446744073709551614
18446744073709551615
6
18446744073709551612
4
5
18446744073709551608
18446744073709551607
2
14
18446744073709551605
18446744073709551603
18446744073709551602
11
19
17
18446744073709551599
18446744073709551597
18446744073709551600
18446744073709551595
18446744073709551594
18446744073709551593
9
18446744073709551614
18446744073709551615
6
18446744073709551612
4
5
18446744073709551608
18446744073709551607
2
14
18446744073709551605
18446744073709551603
18446744073709551602
11
19
17
18446744073709551599
18446744073709551597
18446744073709551600
18446744073709551595
18446744073709551594
18446744073709551593
10
18446744073709551615
3
18446744073709551613
1
7
18446744073709551609
18446744073709551610
18446744073709551607
18446744073709551606
4
19
13
18446744073709551603
15
18446744073709551601
18446744073709551604
18446744073709551598
18446744073709551597
16
21
18446744073709551595
18446744073709551593
10
18446744073709551615
3
18446744073709551613
1
7
18446744073709551609
18446744073709551610
18446744073709551607
18446744073709551606
4
19
13
18446744073709551603
15
18446744073709551601
18446744073709551604
18446744073709551598
18446744073709551597
16
21
18446744073709551595
18446744073709551593
10
18446744073709551615
3
18446744073709551613
1
7
18446744073709551609
18446744073709551610
18446744073709551607
18446744073709551606
4
19
13
18446744073709551603
15
18446744073709551601
18446744073709551604
18446744073709551598
18446744073709551597
16
21
18446744073709551595
18446744073709551593
10
18446744073709551615
3
18446744073709551613
1
7
18446744073709551609
18446744073709551610
18446744073709551607
18446744073709551606
4
19
13
18446744073709551603
15
18446744073709551601
18446744073709551604
18446744073709551598
18446744073709551597
16
21
18446744073709551595
18446744073709551593
10
18446744073709551615
3
18446744073709551613
1
7
18446744073709551609
18446744073709551610
18446744073709551607
18446744073709551606
4
19
13
18446744073709551603
15
18446744073709551601
18446744073709551604
18446744073709551598
18446744073709551597
16
21
18446744073709551595
18446744073709551593
10
18446744073709551615
3
18446744073709551613
1
7
18446744073709551609
18446744073709551610
18446744073709551607
18446744073709551606
4
19
13
18446744073709551603
15
18446744073709551601
18446744073709551604
18446744073709551598
18446744073709551597
16
21
18446744073709551595
18446744073709551593
10
18446744073709551615
3
18446744073709551613
1
7
18446744073709551609
18446744073709551610
18446744073709551607
18446744073709551606
4
19
13
18446744073709551603
15
18446744073709551601
18446744073709551604
18446744073709551598
18446744073709551597
16
21
18446744073709551595
18446744073709551593
10
18446744073709551615
3
18446744073709551613
1
7
18446744073709551609
18446744073709551610
18446744073709551607
18446744073709551606
4
19
13
18446744073709551603
15
18446744073709551601
18446744073709551604
18446744073709551598
18446744073709551597
16
21
18446744073709551595
18446744073709551593
10
18446744073709551615
3
18446744073709551613
1
7
18446744073709551609
18446744073709551610
18446744073709551607
18446744073709551606
4
19
13
18446744073709551603
15
18446744073709551601
18446744073709551604
18446744073709551598
18446744073709551597
16
21
18446744073709551595
18446744073709551593
10
18446744073709551615
3
18446744073709551613
1
7
18446744073709551609
18446744073709551610
18446744073709551607
18446744073709551606
4
19
13
18446744073709551603
15
18446744073709551601
18446744073709551604
18446744073709551598
18446744073709551597
16
21
18446744073709551595
18446744073709551593
10
18446744073709551615
3
18446744073709551613
1
7
18446744073709551609
18446744073709551610
18446744073709551607
18446744073709551606
4
19
13
18446744073709551603
15
18446744073709551601
18446744073709551604
18446744073709551598
18446744073709551597
16
21
18446744073709551595
18446744073709551593
10
18446744073709551615
3
18446744073709551613
1
7
18446744073709551609
18446744073709551610
18446744073709551607
18446744073709551606
4
19
13
18446744073709551603
15
18446744073709551601
18446744073709551604
18446744073709551598
18446744073709551597
16
21
18446744073709551595
18446744073709551593
12
18446744073709551615
18446744073709551613
18446744073709551612
1
18446744073709551610
18446744073709551609
4
9
18446744073709551607
11
18446744073709551605
7
20
18446744073709551601
18446744073709551602
17
18446744073709551599
19
18446744073709551597
15
18446744073709551594
18446744073709551593
12
18446744073709551615
18446744073709551613
18446744073709551612
1
18446744073709551610
18446744073709551609
4
9
18446744073709551607
11
18446744073709551605
7
20
18446744073709551601
18446744073709551602
17
18446744073709551599
19
18446744073709551597
15
18446744073709551594
18446744073709551593
12
18446744073709551615
18446744073709551613
18446744073709551612
1
18446744073709551610
18446744073709551609
4
9
18446744073709551607
11
18446744073709551605
7
20
18446744073709551601
18446744073709551602
17
18446744073709551599
19
18446744073709551597
15
18446744073709551594
18446744073709551593
12
18446744073709551615
18446744073709551613
18446744073709551612
1
18446744073709551610
18446744073709551609
4
9
18446744073709551607
11
18446744073709551605
7
20
18446744073709551601
18446744073709551602
17
18446744073709551599
19
18446744073709551597
15
18446744073709551594
18446744073709551593
12
18446744073709551615
18446744073709551613
18446744073709551612
1
18446744073709551610
18446744073709551609
4
9
18446744073709551607
11
18446744073709551605
7
20
18446744073709551601
18446744073709551602
17
18446744073709551599
19
18446744073709551597
15
18446744073709551594
18446744073709551593
12
18446744073709551615
18446744073709551613
18446744073709551612
1
18446744073709551610
18446744073709551609
4
9
18446744073709551607
11
18446744073709551605
7
20
18446744073709551601
18446744073709551602
17
18446744073709551599
19
18446744073709551597
15
18446744073709551594
18446744073709551593
12
18446744073709551615
18446744073709551613
18446744073709551612
1
18446744073709551610
18446744073709551609
4
9
18446744073709551607
11
18446744073709551605
7
20
18446744073709551601
18446744073709551602
17
18446744073709551599
19
18446744073709551597
15
18446744073709551594
18446744073709551593
12
18446744073709551615
18446744073709551613
18446744073709551612
1
18446744073709551610
18446744073709551609
4
9
18446744073709551607
11
18446744073709551605
7
20
18446744073709551601
18446744073709551602
17
18446744073709551599
19
18446744073709551597
15
18446744073709551594
18446744073709551593
12
18446744073709551615
18446744073709551613
18446744073709551612
1
18446744073709551610
18446744073709551609
4
9
18446744073709551607
11
18446744073709551605
7
20
18446744073709551601
18446744073709551602
17
18446744073709551599
19
18446744073709551597
15
18446744073709551594
18446744073709551593
12
18446744073709551615
18446744073709551613
18446744073709551612
1
18446744073709551610
18446744073709551609
4
9
18446744073709551607
11
18446744073709551605
7
20
18446744073709551601
18446744073709551602
17
18446744073709551599
19
18446744073709551597
15
18446744073709551594
18446744073709551593
12
18446744073709551615
18446744073709551613
18446744073709551612
1
18446744073709551610
18446744073709551609
4
9
18446744073709551607
11
18446744073709551605
7
20
18446744073709551601
18446744073709551602
17
18446744073709551599
19
18446744073709551597
15
18446744073709551594
18446744073709551593
12
18446744073709551615
18446744073709551613
18446744073709551612
1
18446744073709551610
18446744073709551609
4
9
18446744073709551607
11
18446744073709551605
7
20
18446744073709551601
18446744073709551602
17
18446744073709551599
19
18446744073709551597
15
18446744073709551594
18446744073709551593
1
18446744073709551615
18446744073709551613
1
18446744073709551615
18446744073709551613
1
18446744073709551615
18446744073709551613
18446744073709551615
1
18446744073709551615
18446744073709551613
1
18446744073709551615
18446744073709551613
1
18446744073709551615
18446744073709551613
1
18446744073709551615
18446744073709551613
1
18446744073709551615
18446744073709551613
1
18446744073709551615
18446744073709551613
1
18446744073709551615
18446744073709551613
1
18446744073709551615
18446744073709551613
1
18446744073709551615
18446744073709551613
1
18446744073709551615
18446744073709551613
1
18446744073709551615
18446744073709551613
1
18446744073709551615
18446744073709551613
13571
4
18446744073709551614
18446744073709551612
2
6
18446744073709551610
18446744073709551608
4
18446744073709551614
18446744073709551612
2
6
18446744073709551610
18446744073709551608
4
18446744073709551614
18446744073709551612
2
6
18446744073709551610
18446744073709551608
4
18446744073709551614
18446744073709551612
2
6
18446744073709551610
18446744073709551608
4
18446744073709551614
18446744073709551612
2
6
18446744073709551610
18446744073709551608
4
18446744073709551614
18446744073709551612
2
6
18446744073709551610
18446744073709551608
4
18446744073709551614
18446744073709551612
2
6
18446744073709551610
18446744073709551608
4
18446744073709551614
18446744073709551612
2
6
18446744073709551610
18446744073709551608
4
18446744073709551614
18446744073709551612
2
6
18446744073709551610
18446744073709551608
4
18446744073709551614
18446744073709551612
2
6
18446744073709551610
18446744073709551608
4
18446744073709551614
18446744073709551613
18446744073709551612
18446744073709551610
4
18446744073709551614
18446744073709551613
18446744073709551612
18446744073709551610
4
18446744073709551614
18446744073709551613
18446744073709551612
18446744073709551610
18446744073709551567
18446744073709551614
18446744073709551613
18446744073709551612
18446744073709551611
18446744073709551610
18446744073709551609
18446744073709551608
18446744073709551607
18446744073709551606
18446744073709551605
18446744073709551604
18446744073709551603
18446744073709551602
18446744073709551601
18446744073709551600
18446744073709551599
18446744073709551598
18446744073709551597
18446744073709551596
18446744073709551595
18446744073709551594
18446744073709551593
18446744073709551592
18446744073709551591
18446744073709551590
18446744073709551589
18446744073709551588
18446744073709551587
18446744073709551586
18446744073709551585
18446744073709551584
18446744073709551583
18446744073709551582
18446744073709551581
18446744073709551580
18446744073709551579
18446744073709551578
18446744073709551577
18446744073709551576
18446744073709551575
18446744073709551574
18446744073709551573
18446744073709551572
18446744073709551571
18446744073709551570
18446744073709551569
18446744073709551568
18446744073709551567
18446744073709551614
18446744073709551613
18446744073709551612
18446744073709551611
18446744073709551610
18446744073709551609
18446744073709551608
18446744073709551607
18446744073709551606
18446744073709551605
18446744073709551604
18446744073709551603
18446744073709551602
18446744073709551601
18446744073709551600
18446744073709551599
18446744073709551598
18446744073709551597
18446744073709551596
18446744073709551595
18446744073709551594
18446744073709551593
18446744073709551592
18446744073709551591
18446744073709551590
18446744073709551589
18446744073709551588
18446744073709551587
18446744073709551586
18446744073709551585
18446744073709551584
18446744073709551583
18446744073709551582
18446744073709551581
18446744073709551580
18446744073709551579
18446744073709551578
18446744073709551577
18446744073709551576
18446744073709551575
18446744073709551574
18446744073709551573
18446744073709551572
18446744073709551571
18446744073709551570
18446744073709551569
18446744073709551568
1
2
3
4
5
6
7
8
9
10
11
12
13
14
15
16
17
18
19
20
21
22
23
24
25
26
27
28
29
30
31
32
33
34
35
36
37
38
39
40
41
42
43
44
45
46
47
18446744073709551567
1
2
3
4
5
6
7
8
9
10
11
12
13
14
15
16
17
18
19
20
21
22
23
24
25
26
27
28
29
30
31
32
33
34
35
36
37
38
39
40
41
42
43
44
45
46
47
18446744073709551567
11
2
18446744073709551612
1
9
18446744073709551609
5
18446744073709551607
7
18446744073709551605
4
18
18446744073709551602
12
16
18446744073709551600
18446744073709551598
14
21
18446744073709551596
18446744073709551595
22
18446744073709551592
11
2
18446744073709551612
1
9
18446744073709551609
5
18446744073709551607
7
18446744073709551605
4
18
18446744073709551602
12
16
18446744073709551600
18446744073709551598
14
21
18446744073709551596
18446744073709551595
22
18446744073709551592
11
2
18446744073709551612
1
9
18446744073709551609
5
18446744073709551607
7
18446744073709551605
4
18
18446744073709551602
12
16
18446744073709551600
18446744073709551598
14
21
18446744073709551596
18446744073709551595
22
18446744073709551592
11
2
18446744073709551612
1
9
18446744073709551609
5
18446744073709551607
7
18446744073709551605
4
18
18446744073709551602
12
16
18446744073709551600
18446744073709551598
14
21
18446744073709551596
18446744073709551595
22
18446744073709551592
11
2
18446744073709551612
1
9
18446744073709551609
5
18446744073709551607
7
18446744073709551605
4
18
18446744073709551602
12
16
18446744073709551600
18446744073709551598
14
21
18446744073709551596
18446744073709551595
22
18446744073709551592
11
2
18446744073709551612
1
9
18446744073709551609
5
18446744073709551607
7
18446744073709551605
4
18
18446744073709551602
12
16
18446744073709551600
18446744073709551598
14
21
18446744073709551596
18446744073709551595
22
18446744073709551592
11
2
18446744073709551612
1
9
18446744073709551609
5
18446744073709551607
7
18446744073709551605
4
18
18446744073709551602
12
16
18446744073709551600
18446744073709551598
14
21
18446744073709551596
18446744073709551595
22
18446744073709551592
11
2
18446744073709551612
1
9
18446744073709551609
5
18446744073709551607
7
18446744073709551605
4
18
18446744073709551602
12
16
18446744073709551600
18446744073709551598
14
21
18446744073709551596
18446744073709551595
22
18446744073709551592
11
2
18446744073709551612
1
9
18446744073709551609
5
18446744073709551607
7
18446744073709551605
4
18
18446744073709551602
12
16
18446744073709551600
18446744073709551598
14
21
18446744073709551596
18446744073709551595
22
18446744073709551592
11
2
18446744073709551612
1
9
18446744073709551609
5
18446744073709551607
7
18446744073709551605
4
18
18446744073709551602
12
16
18446744073709551600
18446744073709551598
14
21
18446744073709551596
18446744073709551595
22
18446744073709551592
11
2
18446744073709551612
1
9
18446744073709551609
5
18446744073709551607
7
18446744073709551605
4
18
18446744073709551602
12
16
18446744073709551600
18446744073709551598
14
21
18446744073709551596
18446744073709551595
22
18446744073709551592
11
2
18446744073709551612
1
9
18446744073709551609
5
18446744073709551607
7
18446744073709551605
4
18
18446744073709551602
12
16
18446744073709551600
18446744073709551598
14
21
18446744073709551596
18446744073709551595
22
18446744073709551592
9
18446744073709551614
5
18446744073709551611
3
18446744073709551609
2
18446744073709551607
7
13
18446744073709551605
18446744073709551603
11
16
18446744073709551601
18446744073709551600
20
18446744073709551597
17
18446744073709551596
18446744073709551592
18446744073709551593
21
9
18446744073709551614
5
18446744073709551611
3
18446744073709551609
2
18446744073709551607
7
13
18446744073709551605
18446744073709551603
11
16
18446744073709551601
18446744073709551600
20
18446744073709551597
17
18446744073709551596
18446744073709551592
18446744073709551593
21
9
18446744073709551614
5
18446744073709551611
3
18446744073709551609
2
18446744073709551607
7
13
18446744073709551605
18446744073709551603
11
16
18446744073709551601
18446744073709551600
20
18446744073709551597
17
18446744073709551596
18446744073709551592
18446744073709551593
21
9
18446744073709551614
5
18446744073709551611
3
18446744073709551609
2
18446744073709551607
7
13
18446744073709551605
18446744073709551603
11
16
18446744073709551601
18446744073709551600
20
18446744073709551597
17
18446744073709551596
18446744073709551592
18446744073709551593
21
9
18446744073709551614
5
18446744073709551611
3
18446744073709551609
2
18446744073709551607
7
13
18446744073709551605
18446744073709551603
11
16
18446744073709551601
18446744073709551600
20
18446744073709551597
17
18446744073709551596
18446744073709551592
18446744073709551593
21
9
18446744073709551614
5
18446744073709551611
3
18446744073709551609
2
18446744073709551607
7
13
18446744073709551605
18446744073709551603
11
16
18446744073709551601
18446744073709551600
20
18446744073709551597
17
18446744073709551596
18446744073709551592
18446744073709551593
21
9
18446744073709551614
5
18446744073709551611
3
18446744073709551609
2
18446744073709551607
7
13
18446744073709551605
18446744073709551603
11
16
18446744073709551601
18446744073709551600
20
18446744073709551597
17
18446744073709551596
18446744073709551592
18446744073709551593
21
9
18446744073709551614
5
18446744073709551611
3
18446744073709551609
2
18446744073709551607
7
13
18446744073709551605
18446744073709551603
11
16
18446744073709551601
18446744073709551600
20
18446744073709551597
17
18446744073709551596
18446744073709551592
18446744073709551593
21
9
18446744073709551614
5
18446744073709551611
3
18446744073709551609
2
18446744073709551607
7
13
18446744073709551605
18446744073709551603
11
16
18446744073709551601
18446744073709551600
20
18446744073709551597
17
18446744073709551596
18446744073709551592
18446744073709551593
21
9
18446744073709551614
5
18446744073709551611
3
18446744073709551609
2
18446744073709551607
7
13
18446744073709551605
18446744073709551603
11
16
18446744073709551601
18446744073709551600
20
18446744073709551597
17
18446744073709551596
18446744073709551592
18446744073709551593
21
9
18446744073709551614
5
18446744073709551611
3
18446744073709551609
2
18446744073709551607
7
13
18446744073709551605
18446744073709551603
11
16
18446744073709551601
18446744073709551600
20
18446744073709551597
17
18446744073709551596
18446744073709551592
18446744073709551593
21
9
18446744073709551614
5
18446744073709551611
3
18446744073709551609
2
18446744073709551607
7
13
18446744073709551605
18446744073709551603
11
16
18446744073709551601
18446744073709551600
20
18446744073709551597
17
18446744073709551596
18446744073709551592
18446744073709551593
21
11
18446744073709551613
1
18446744073709551610
18446744073709551611
3
8
18446744073709551608
18446744073709551605
18446744073709551606
6
17
18446744073709551603
18446744073709551599
18446744073709551601
18446744073709551600
13
19
18446744073709551597
22
18446744073709551594
20
18446744073709551592
11
18446744073709551613
1
18446744073709551610
18446744073709551611
3
8
18446744073709551608
18446744073709551605
18446744073709551606
6
17
18446744073709551603
18446744073709551599
18446744073709551601
18446744073709551600
13
19
18446744073709551597
22
18446744073709551594
20
18446744073709551592
11
18446744073709551613
1
18446744073709551610
18446744073709551611
3
8
18446744073709551608
18446744073709551605
18446744073709551606
6
17
18446744073709551603
18446744073709551599
18446744073709551601
18446744073709551600
13
19
18446744073709551597
22
18446744073709551594
20
18446744073709551592
11
18446744073709551613
1
18446744073709551610
18446744073709551611
3
8
18446744073709551608
18446744073709551605
18446744073709551606
6
17
18446744073709551603
18446744073709551599
18446744073709551601
18446744073709551600
13
19
18446744073709551597
22
18446744073709551594
20
18446744073709551592
11
18446744073709551613
1
18446744073709551610
18446744073709551611
3
8
18446744073709551608
18446744073709551605
18446744073709551606
6
17
18446744073709551603
18446744073709551599
18446744073709551601
18446744073709551600
13
19
18446744073709551597
22
18446744073709551594
20
18446744073709551592
11
18446744073709551613
1
18446744073709551610
18446744073709551611
3
8
18446744073709551608
18446744073709551605
18446744073709551606
6
17
18446744073709551603
18446744073709551599
18446744073709551601
18446744073709551600
13
19
18446744073709551597
22
18446744073709551594
20
18446744073709551592
11
18446744073709551613
1
18446744073709551610
18446744073709551611
3
8
18446744073709551608
18446744073709551605
18446744073709551606
6
17
18446744073709551603
18446744073709551599
18446744073709551601
18446744073709551600
13
19
18446744073709551597
22
18446744073709551594
20
18446744073709551592
11
18446744073709551613
1
18446744073709551610
18446744073709551611
3
8
18446744073709551608
18446744073709551605
18446744073709551606
6
17
18446744073709551603
18446744073709551599
18446744073709551601
18446744073709551600
13
19
18446744073709551597
22
18446744073709551594
20
18446744073709551592
11
18446744073709551613
1
18446744073709551610
18446744073709551611
3
8
18446744073709551608
18446744073709551605
18446744073709551606
6
17
18446744073709551603
18446744073709551599
18446744073709551601
18446744073709551600
13
19
18446744073709551597
22
18446744073709551594
20
18446744073709551592
11
18446744073709551613
1
18446744073709551610
18446744073709551611
3
8
18446744073709551608
18446744073709551605
18446744073709551606
6
17
18446744073709551603
18446744073709551599
18446744073709551601
18446744073709551600
13
19
18446744073709551597
22
18446744073709551594
20
18446744073709551592
11
18446744073709551613
1
18446744073709551610
18446744073709551611
3
8
18446744073709551608
18446744073709551605
18446744073709551606
6
17
18446744073709551603
18446744073709551599
18446744073709551601
18446744073709551600
13
19
18446744073709551597
22
18446744073709551594
20
18446744073709551592
11
18446744073709551613
1
18446744073709551610
18446744073709551611
3
8
18446744073709551608
18446744073709551605
18446744073709551606
6
17
18446744073709551603
18446744073709551599
18446744073709551601
18446744073709551600
13
19
18446744073709551597
22
18446744073709551594
20
18446744073709551592
12
2
18446744073709551612
1
9
18446744073709551608
18446744073709551609
5
18446744073709551607
18446744073709551604
18446744073709551605
4
16
18446744073709551600
18446744073709551601
13
17
21
18446744073709551596
18
18446744073709551595
22
18446744073709551592
12
2
18446744073709551612
1
9
18446744073709551608
18446744073709551609
5
18446744073709551607
18446744073709551604
18446744073709551605
4
16
18446744073709551600
18446744073709551601
13
17
21
18446744073709551596
18
18446744073709551595
22
18446744073709551592
12
2
18446744073709551612
1
9
18446744073709551608
18446744073709551609
5
18446744073709551607
18446744073709551604
18446744073709551605
4
16
18446744073709551600
18446744073709551601
13
17
21
18446744073709551596
18
18446744073709551595
22
18446744073709551592
12
2
18446744073709551612
1
9
18446744073709551608
18446744073709551609
5
18446744073709551607
18446744073709551604
18446744073709551605
4
16
18446744073709551600
18446744073709551601
13
17
21
18446744073709551596
18
18446744073709551595
22
18446744073709551592
12
2
18446744073709551612
1
9
18446744073709551608
18446744073709551609
5
18446744073709551607
18446744073709551604
18446744073709551605
4
16
18446744073709551600
18446744073709551601
13
17
21
18446744073709551596
18
18446744073709551595
22
18446744073709551592
12
2
18446744073709551612
1
9
18446744073709551608
18446744073709551609
5
18446744073709551607
18446744073709551604
18446744073709551605
4
16
18446744073709551600
18446744073709551601
13
17
21
18446744073709551596
18
18446744073709551595
22
18446744073709551592
12
2
18446744073709551612
1
9
18446744073709551608
18446744073709551609
5
18446744073709551607
18446744073709551604
18446744073709551605
4
16
18446744073709551600
18446744073709551601
13
17
21
18446744073709551596
18
18446744073709551595
22
18446744073709551592
12
2
18446744073709551612
1
9
18446744073709551608
18446744073709551609
5
18446744073709551607
18446744073709551604
18446744073709551605
4
16
18446744073709551600
18446744073709551601
13
17
21
18446744073709551596
18
18446744073709551595
22
18446744073709551592
12
2
18446744073709551612
1
9
18446744073709551608
18446744073709551609
5
18446744073709551607
18446744073709551604
18446744073709551605
4
16
18446744073709551600
18446744073709551601
13
17
21
18446744073709551596
18
18446744073709551595
22
18446744073709551592
12
2
18446744073709551612
1
9
18446744073709551608
18446744073709551609
5
18446744073709551607
18446744073709551604
18446744073709551605
4
16
18446744073709551600
18446744073709551601
13
17
21
18446744073709551596
18
18446744073709551595
22
18446744073709551592
12
2
18446744073709551612
1
9
18446744073709551608
18446744073709551609
5
18446744073709551607
18446744073709551604
18446744073709551605
4
16
18446744073709551600
18446744073709551601
13
17
21
18446744073709551596
18
18446744073709551595
22
18446744073709551592
12
2
18446744073709551612
1
9
18446744073709551608
18446744073709551609
5
18446744073709551607
18446744073709551604
18446744073709551605
4
16
18446744073709551600
18446744073709551601
13
17
21
18446744073709551596
18
18446744073709551595
22
18446744073709551592
16
18446744073709551612
18446744073709551613
1
5
18446744073709551608
18446744073709551609
4
12
18446744073709551606
18446744073709551605
18446744073709551604
18446744073709551600
18446744073709551601
13
8
22
18446744073709551598
19
18446744073709551594
18446744073709551595
18
18446744073709551592
16
18446744073709551612
18446744073709551613
1
5
18446744073709551608
18446744073709551609
4
12
18446744073709551606
18446744073709551605
18446744073709551604
18446744073709551600
18446744073709551601
13
8
22
18446744073709551598
19
18446744073709551594
18446744073709551595
18
18446744073709551592
16
18446744073709551612
18446744073709551613
1
5
18446744073709551608
18446744073709551609
4
12
18446744073709551606
18446744073709551605
18446744073709551604
18446744073709551600
18446744073709551601
13
8
22
18446744073709551598
19
18446744073709551594
18446744073709551595
18
18446744073709551592
16
18446744073709551612
18446744073709551613
1
5
18446744073709551608
18446744073709551609
4
12
18446744073709551606
18446744073709551605
18446744073709551604
18446744073709551600
18446744073709551601
13
8
22
18446744073709551598
19
18446744073709551594
18446744073709551595
18
18446744073709551592
16
18446744073709551612
18446744073709551613
1
5
18446744073709551608
18446744073709551609
4
12
18446744073709551606
18446744073709551605
18446744073709551604
18446744073709551600
18446744073709551601
13
8
22
18446744073709551598
19
18446744073709551594
18446744073709551595
18
18446744073709551592
16
18446744073709551612
18446744073709551613
1
5
18446744073709551608
18446744073709551609
4
12
18446744073709551606
18446744073709551605
18446744073709551604
18446744073709551600
18446744073709551601
13
8
22
18446744073709551598
19
18446744073709551594
18446744073709551595
18
18446744073709551592
16
18446744073709551612
18446744073709551613
1
5
18446744073709551608
18446744073709551609
4
12
18446744073709551606
18446744073709551605
18446744073709551604
18446744073709551600
18446744073709551601
13
8
22
18446744073709551598
19
18446744073709551594
18446744073709551595
18
18446744073709551592
16
18446744073709551612
18446744073709551613
1
5
18446744073709551608
18446744073709551609
4
12
18446744073709551606
18446744073709551605
18446744073709551604
18446744073709551600
18446744073709551601
13
8
22
18446744073709551598
19
18446744073709551594
18446744073709551595
18
18446744073709551592
16
18446744073709551612
18446744073709551613
1
5
18446744073709551608
18446744073709551609
4
12
18446744073709551606
18446744073709551605
18446744073709551604
18446744073709551600
18446744073709551601
13
8
22
18446744073709551598
19
18446744073709551594
18446744073709551595
18
18446744073709551592
16
18446744073709551612
18446744073709551613
1
5
18446744073709551608
18446744073709551609
4
12
18446744073709551606
18446744073709551605
18446744073709551604
18446744073709551600
18446744073709551601
13
8
22
18446744073709551598
19
18446744073709551594
18446744073709551595
18
18446744073709551592
16
18446744073709551612
18446744073709551613
1
5
18446744073709551608
18446744073709551609
4
12
18446744073709551606
18446744073709551605
18446744073709551604
18446744073709551600
18446744073709551601
13
8
22
18446744073709551598
19
18446744073709551594
18446744073709551595
18
18446744073709551592
16
18446744073709551612
18446744073709551613
1
5
18446744073709551608
18446744073709551609
4
12
18446744073709551606
18446744073709551605
18446744073709551604
18446744073709551600
18446744073709551601
13
8
22
18446744073709551598
19
18446744073709551594
18446744073709551595
18
18446744073709551592
8
18446744073709551614
18446744073709551613
5
18446744073709551611
18446744073709551608
18446744073709551609
3
18
18446744073709551605
9
12
14
18446744073709551602
18446744073709551598
18446744073709551600
18446744073709551599
11
20
18446744073709551596
21
22
18446744073709551592
8
18446744073709551614
18446744073709551613
5
18446744073709551611
18446744073709551608
18446744073709551609
3
18
18446744073709551605
9
12
14
18446744073709551602
18446744073709551598
18446744073709551600
18446744073709551599
11
20
18446744073709551596
21
22
18446744073709551592
8
18446744073709551614
18446744073709551613
5
18446744073709551611
18446744073709551608
18446744073709551609
3
18
18446744073709551605
9
12
14
18446744073709551602
18446744073709551598
18446744073709551600
18446744073709551599
11
20
18446744073709551596
21
22
18446744073709551592
8
18446744073709551614
18446744073709551613
5
18446744073709551611
18446744073709551608
18446744073709551609
3
18
18446744073709551605
9
12
14
18446744073709551602
18446744073709551598
18446744073709551600
18446744073709551599
11
20
18446744073709551596
21
22
18446744073709551592
8
18446744073709551614
18446744073709551613
5
18446744073709551611
18446744073709551608
18446744073709551609
3
18
18446744073709551605
9
12
14
18446744073709551602
18446744073709551598
18446744073709551600
18446744073709551599
11
20
18446744073709551596
21
22
18446744073709551592
8
18446744073709551614
18446744073709551613
5
18446744073709551611
18446744073709551608
18446744073709551609
3
18
18446744073709551605
9
12
14
18446744073709551602
18446744073709551598
18446744073709551600
18446744073709551599
11
20
18446744073709551596
21
22
18446744073709551592
8
18446744073709551614
18446744073709551613
5
18446744073709551611
18446744073709551608
18446744073709551609
3
18
18446744073709551605
9
12
14
18446744073709551602
18446744073709551598
18446744073709551600
18446744073709551599
11
20
18446744073709551596
21
22
18446744073709551592
8
18446744073709551614
18446744073709551613
5
18446744073709551611
18446744073709551608
18446744073709551609
3
18
18446744073709551605
9
12
14
18446744073709551602
18446744073709551598
18446744073709551600
18446744073709551599
11
20
18446744073709551596
21
22
18446744073709551592
8
18446744073709551614
18446744073709551613
5
18446744073709551611
18446744073709551608
18446744073709551609
3
18
18446744073709551605
9
12
14
18446744073709551602
18446744073709551598
18446744073709551600
18446744073709551599
11
20
18446744073709551596
21
22
18446744073709551592
8
18446744073709551614
18446744073709551613
5
18446744073709551611
18446744073709551608
18446744073709551609
3
18
18446744073709551605
9
12
14
18446744073709551602
18446744073709551598
18446744073709551600
18446744073709551599
11
20
18446744073709551596
21
22
18446744073709551592
8
18446744073709551614
18446744073709551613
5
18446744073709551611
18446744073709551608
18446744073709551609
3
18
18446744073709551605
9
12
14
18446744073709551602
18446744073709551598
18446744073709551600
18446744073709551599
11
20
18446744073709551596
21
22
18446744073709551592
8
18446744073709551614
18446744073709551613
5
18446744073709551611
18446744073709551608
18446744073709551609
3
18
18446744073709551605
9
12
14
18446744073709551602
18446744073709551598
18446744073709551600
18446744073709551599
11
20
18446744073709551596
21
22
18446744073709551592
9
18446744073709551614
18446744073709551611
18446744073709551612
2
7
18446744073709551609
18446744073709551607
5
16
18446744073709551605
18446744073709551603
11
18446744073709551600
18446744073709551601
13
19
18446744073709551598
18446744073709551597
20
18446744073709551592
18446744073709551593
21
9
18446744073709551614
18446744073709551611
18446744073709551612
2
7
18446744073709551609
18446744073709551607
5
16
18446744073709551605
18446744073709551603
11
18446744073709551600
18446744073709551601
13
19
18446744073709551598
18446744073709551597
20
18446744073709551592
18446744073709551593
21
9
18446744073709551614
18446744073709551611
18446744073709551612
2
7
18446744073709551609
18446744073709551607
5
16
18446744073709551605
18446744073709551603
11
18446744073709551600
18446744073709551601
13
19
18446744073709551598
18446744073709551597
20
18446744073709551592
18446744073709551593
21
9
18446744073709551614
18446744073709551611
18446744073709551612
2
7
18446744073709551609
18446744073709551607
5
16
18446744073709551605
18446744073709551603
11
18446744073709551600
18446744073709551601
13
19
18446744073709551598
18446744073709551597
20
18446744073709551592
18446744073709551593
21
9
18446744073709551614
18446744073709551611
18446744073709551612
2
7
18446744073709551609
18446744073709551607
5
16
18446744073709551605
18446744073709551603
11
18446744073709551600
18446744073709551601
13
19
18446744073709551598
18446744073709551597
20
18446744073709551592
18446744073709551593
21
9
18446744073709551614
18446744073709551611
18446744073709551612
2
7
18446744073709551609
18446744073709551607
5
16
18446744073709551605
18446744073709551603
11
18446744073709551600
18446744073709551601
13
19
18446744073709551598
18446744073709551597
20
18446744073709551592
18446744073709551593
21
9
18446744073709551614
18446744073709551611
18446744073709551612
2
7
18446744073709551609
18446744073709551607
5
16
18446744073709551605
18446744073709551603
11
18446744073709551600
18446744073709551601
13
19
18446744073709551598
18446744073709551597
20
18446744073709551592
18446744073709551593
21
9
18446744073709551614
18446744073709551611
18446744073709551612
2
7
18446744073709551609
18446744073709551607
5
16
18446744073709551605
18446744073709551603
11
18446744073709551600
18446744073709551601
13
19
18446744073709551598
18446744073709551597
20
18446744073709551592
18446744073709551593
21
9
18446744073709551614
18446744073709551611
18446744073709551612
2
7
18446744073709551609
18446744073709551607
5
16
18446744073709551605
18446744073709551603
11
18446744073709551600
18446744073709551601
13
19
18446744073709551598
18446744073709551597
20
18446744073709551592
18446744073709551593
21
9
18446744073709551614
18446744073709551611
18446744073709551612
2
7
18446744073709551609
18446744073709551607
5
16
18446744073709551605
18446744073709551603
11
18446744073709551600
18446744073709551601
13
19
18446744073709551598
18446744073709551597
20
18446744073709551592
18446744073709551593
21
9
18446744073709551614
18446744073709551611
18446744073709551612
2
7
18446744073709551609
18446744073709551607
5
16
18446744073709551605
18446744073709551603
11
18446744073709551600
18446744073709551601
13
19
18446744073709551598
18446744073709551597
20
18446744073709551592
18446744073709551593
21
9
18446744073709551614
18446744073709551611
18446744073709551612
2
7
18446744073709551609
18446744073709551607
5
16
18446744073709551605
18446744073709551603
11
18446744073709551600
18446744073709551601
13
19
18446744073709551598
18446744073709551597
20
18446744073709551592
18446744073709551593
21
11
18446744073709551614
18446744073709551612
2
18446744073709551610
4
9
18446744073709551608
18446744073709551607
18446744073709551605
6
14
18446744073709551602
12
18
18446744073709551600
18446744073709551599
18446744073709551598
19
22
18446744073709551594
20
18446744073709551592
11
18446744073709551614
18446744073709551612
2
18446744073709551610
4
9
18446744073709551608
18446744073709551607
18446744073709551605
6
14
18446744073709551602
12
18
18446744073709551600
18446744073709551599
18446744073709551598
19
22
18446744073709551594
20
18446744073709551592
11
18446744073709551614
18446744073709551612
2
18446744073709551610
4
9
18446744073709551608
18446744073709551607
18446744073709551605
6
14
18446744073709551602
12
18
18446744073709551600
18446744073709551599
18446744073709551598
19
22
18446744073709551594
20
18446744073709551592
11
18446744073709551614
18446744073709551612
2
18446744073709551610
4
9
18446744073709551608
18446744073709551607
18446744073709551605
6
14
18446744073709551602
12
18
18446744073709551600
18446744073709551599
18446744073709551598
19
22
18446744073709551594
20
18446744073709551592
11
18446744073709551614
18446744073709551612
2
18446744073709551610
4
9
18446744073709551608
18446744073709551607
18446744073709551605
6
14
18446744073709551602
12
18
18446744073709551600
18446744073709551599
18446744073709551598
19
22
18446744073709551594
20
18446744073709551592
11
18446744073709551614
18446744073709551612
2
18446744073709551610
4
9
18446744073709551608
18446744073709551607
18446744073709551605
6
14
18446744073709551602
12
18
18446744073709551600
18446744073709551599
18446744073709551598
19
22
18446744073709551594
20
18446744073709551592
11
18446744073709551614
18446744073709551612
2
18446744073709551610
4
9
18446744073709551608
18446744073709551607
18446744073709551605
6
14
18446744073709551602
12
18
18446744073709551600
18446744073709551599
18446744073709551598
19
22
18446744073709551594
20
18446744073709551592
11
18446744073709551614
18446744073709551612
2
18446744073709551610
4
9
18446744073709551608
18446744073709551607
18446744073709551605
6
14
18446744073709551602
12
18
18446744073709551600
18446744073709551599
18446744073709551598
19
22
18446744073709551594
20
18446744073709551592
11
18446744073709551614
18446744073709551612
2
18446744073709551610
4
9
18446744073709551608
18446744073709551607
18446744073709551605
6
14
18446744073709551602
12
18
18446744073709551600
18446744073709551599
18446744073709551598
19
22
18446744073709551594
20
18446744073709551592
11
18446744073709551614
18446744073709551612
2
18446744073709551610
4
9
18446744073709551608
18446744073709551607
18446744073709551605
6
14
18446744073709551602
12
18
18446744073709551600
18446744073709551599
18446744073709551598
19
22
18446744073709551594
20
18446744073709551592
11
18446744073709551614
18446744073709551612
2
18446744073709551610
4
9
18446744073709551608
18446744073709551607
18446744073709551605
6
14
18446744073709551602
12
18
18446744073709551600
18446744073709551599
18446744073709551598
19
22
18446744073709551594
20
18446744073709551592
11
18446744073709551614
18446744073709551612
2
18446744073709551610
4
9
18446744073709551608
18446744073709551607
18446744073709551605
6
14
18446744073709551602
12
18
18446744073709551600
18446744073709551599
18446744073709551598
19
22
18446744073709551594
20
18446744073709551592
10
18446744073709551612
18446744073709551613
1
18446744073709551611
18446744073709551609
5
18446744073709551606
18446744073709551607
7
14
18446744073709551604
18446744073709551602
12
19
18446744073709551597
18446744073709551599
18446744073709551598
15
22
18446744073709551595
18446744073709551594
18446744073709551592
10
18446744073709551612
18446744073709551613
1
18446744073709551611
18446744073709551609
5
18446744073709551606
18446744073709551607
7
14
18446744073709551604
18446744073709551602
12
19
18446744073709551597
18446744073709551599
18446744073709551598
15
22
18446744073709551595
18446744073709551594
18446744073709551592
10
18446744073709551612
18446744073709551613
1
18446744073709551611
18446744073709551609
5
18446744073709551606
18446744073709551607
7
14
18446744073709551604
18446744073709551602
12
19
18446744073709551597
18446744073709551599
18446744073709551598
15
22
18446744073709551595
18446744073709551594
18446744073709551592
10
18446744073709551612
18446744073709551613
1
18446744073709551611
18446744073709551609
5
18446744073709551606
18446744073709551607
7
14
18446744073709551604
18446744073709551602
12
19
18446744073709551597
18446744073709551599
18446744073709551598
15
22
18446744073709551595
18446744073709551594
18446744073709551592
10
18446744073709551612
18446744073709551613
1
18446744073709551611
18446744073709551609
5
18446744073709551606
18446744073709551607
7
14
18446744073709551604
18446744073709551602
12
19
18446744073709551597
18446744073709551599
18446744073709551598
15
22
18446744073709551595
18446744073709551594
18446744073709551592
10
18446744073709551612
18446744073709551613
1
18446744073709551611
18446744073709551609
5
18446744073709551606
18446744073709551607
7
14
18446744073709551604
18446744073709551602
12
19
18446744073709551597
18446744073709551599
18446744073709551598
15
22
18446744073709551595
18446744073709551594
18446744073709551592
10
18446744073709551612
18446744073709551613
1
18446744073709551611
18446744073709551609
5
18446744073709551606
18446744073709551607
7
14
18446744073709551604
18446744073709551602
12
19
18446744073709551597
18446744073709551599
18446744073709551598
15
22
18446744073709551595
18446744073709551594
18446744073709551592
10
18446744073709551612
18446744073709551613
1
18446744073709551611
18446744073709551609
5
18446744073709551606
18446744073709551607
7
14
18446744073709551604
18446744073709551602
12
19
18446744073709551597
18446744073709551599
18446744073709551598
15
22
18446744073709551595
18446744073709551594
18446744073709551592
10
18446744073709551612
18446744073709551613
1
18446744073709551611
18446744073709551609
5
18446744073709551606
18446744073709551607
7
14
18446744073709551604
18446744073709551602
12
19
18446744073709551597
18446744073709551599
18446744073709551598
15
22
18446744073709551595
18446744073709551594
18446744073709551592
10
18446744073709551612
18446744073709551613
1
18446744073709551611
18446744073709551609
5
18446744073709551606
18446744073709551607
7
14
18446744073709551604
18446744073709551602
12
19
18446744073709551597
18446744073709551599
18446744073709551598
15
22
18446744073709551595
18446744073709551594
18446744073709551592
10
18446744073709551612
18446744073709551613
1
18446744073709551611
18446744073709551609
5
18446744073709551606
18446744073709551607
7
14
18446744073709551604
18446744073709551602
12
19
18446744073709551597
18446744073709551599
18446744073709551598
15
22
18446744073709551595
18446744073709551594
18446744073709551592
10
18446744073709551612
18446744073709551613
1
18446744073709551611
18446744073709551609
5
18446744073709551606
18446744073709551607
7
14
18446744073709551604
18446744073709551602
12
19
18446744073709551597
18446744073709551599
18446744073709551598
15
22
18446744073709551595
18446744073709551594
18446744073709551592
10
18446744073709551613
1
18446744073709551612
18446744073709551606
7
18446744073709551609
18446744073709551607
5
4
19
18446744073709551603
11
14
18446744073709551599
18446744073709551600
13
18446744073709551597
17
18446744073709551592
18446744073709551595
18446744073709551594
18446744073709551593
10
18446744073709551613
1
18446744073709551612
18446744073709551606
7
18446744073709551609
18446744073709551607
5
4
19
18446744073709551603
11
14
18446744073709551599
18446744073709551600
13
18446744073709551597
17
18446744073709551592
18446744073709551595
18446744073709551594
18446744073709551593
10
18446744073709551613
1
18446744073709551612
18446744073709551606
7
18446744073709551609
18446744073709551607
5
4
19
18446744073709551603
11
14
18446744073709551599
18446744073709551600
13
18446744073709551597
17
18446744073709551592
18446744073709551595
18446744073709551594
18446744073709551593
10
18446744073709551613
1
18446744073709551612
18446744073709551606
7
18446744073709551609
18446744073709551607
5
4
19
18446744073709551603
11
14
18446744073709551599
18446744073709551600
13
18446744073709551597
17
18446744073709551592
18446744073709551595
18446744073709551594
18446744073709551593
10
18446744073709551613
1
18446744073709551612
18446744073709551606
7
18446744073709551609
18446744073709551607
5
4
19
18446744073709551603
11
14
18446744073709551599
18446744073709551600
13
18446744073709551597
17
18446744073709551592
18446744073709551595
18446744073709551594
18446744073709551593
10
18446744073709551613
1
18446744073709551612
18446744073709551606
7
18446744073709551609
18446744073709551607
5
4
19
18446744073709551603
11
14
18446744073709551599
18446744073709551600
13
18446744073709551597
17
18446744073709551592
18446744073709551595
18446744073709551594
18446744073709551593
10
18446744073709551613
1
18446744073709551612
18446744073709551606
7
18446744073709551609
18446744073709551607
5
4
19
18446744073709551603
11
14
18446744073709551599
18446744073709551600
13
18446744073709551597
17
18446744073709551592
18446744073709551595
18446744073709551594
18446744073709551593
10
18446744073709551613
1
18446744073709551612
18446744073709551606
7
18446744073709551609
18446744073709551607
5
4
19
18446744073709551603
11
14
18446744073709551599
18446744073709551600
13
18446744073709551597
17
18446744073709551592
18446744073709551595
18446744073709551594
18446744073709551593
10
18446744073709551613
1
18446744073709551612
18446744073709551606
7
18446744073709551609
18446744073709551607
5
4
19
18446744073709551603
11
14
18446744073709551599
18446744073709551600
13
18446744073709551597
17
18446744073709551592
18446744073709551595
18446744073709551594
18446744073709551593
10
18446744073709551613
1
18446744073709551612
18446744073709551606
7
18446744073709551609
18446744073709551607
5
4
19
18446744073709551603
11
14
18446744073709551599
18446744073709551600
13
18446744073709551597
17
18446744073709551592
18446744073709551595
18446744073709551594
18446744073709551593
10
18446744073709551613
1
18446744073709551612
18446744073709551606
7
18446744073709551609
18446744073709551607
5
4
19
18446744073709551603
11
14
18446744073709551599
18446744073709551600
13
18446744073709551597
17
18446744073709551592
18446744073709551595
18446744073709551594
18446744073709551593
10
18446744073709551613
1
18446744073709551612
18446744073709551606
7
18446744073709551609
18446744073709551607
5
4
19
18446744073709551603
11
14
18446744073709551599
18446744073709551600
13
18446744073709551597
17
18446744073709551592
18446744073709551595
18446744073709551594
18446744073709551593
13
18446744073709551614
18446744073709551612
2
18446744073709551609
18446744073709551610
4
8
18446744073709551603
18446744073709551606
18446744073709551604
10
7
18446744073709551592
18446744073709551601
18446744073709551600
18446744073709551599
18446744073709551598
18446744073709551594
18446744073709551595
19
18
18446744073709551593
13
18446744073709551614
18446744073709551612
2
18446744073709551609
18446744073709551610
4
8
18446744073709551603
18446744073709551606
18446744073709551604
10
7
18446744073709551592
18446744073709551601
18446744073709551600
18446744073709551599
18446744073709551598
18446744073709551594
18446744073709551595
19
18
18446744073709551593
13
18446744073709551614
18446744073709551612
2
18446744073709551609
18446744073709551610
4
8
18446744073709551603
18446744073709551606
18446744073709551604
10
7
18446744073709551592
18446744073709551601
18446744073709551600
18446744073709551599
18446744073709551598
18446744073709551594
18446744073709551595
19
18
18446744073709551593
13
18446744073709551614
18446744073709551612
2
18446744073709551609
18446744073709551610
4
8
18446744073709551603
18446744073709551606
18446744073709551604
10
7
18446744073709551592
18446744073709551601
18446744073709551600
18446744073709551599
18446744073709551598
18446744073709551594
18446744073709551595
19
18
18446744073709551593
13
18446744073709551614
18446744073709551612
2
18446744073709551609
18446744073709551610
4
8
18446744073709551603
18446744073709551606
18446744073709551604
10
7
18446744073709551592
18446744073709551601
18446744073709551600
18446744073709551599
18446744073709551598
18446744073709551594
18446744073709551595
19
18
18446744073709551593
13
18446744073709551614
18446744073709551612
2
18446744073709551609
18446744073709551610
4
8
18446744073709551603
18446744073709551606
18446744073709551604
10
7
18446744073709551592
18446744073709551601
18446744073709551600
18446744073709551599
18446744073709551598
18446744073709551594
18446744073709551595
19
18
18446744073709551593
13
18446744073709551614
18446744073709551612
2
18446744073709551609
18446744073709551610
4
8
18446744073709551603
18446744073709551606
18446744073709551604
10
7
18446744073709551592
18446744073709551601
18446744073709551600
18446744073709551599
18446744073709551598
18446744073709551594
18446744073709551595
19
18
18446744073709551593
13
18446744073709551614
18446744073709551612
2
18446744073709551609
18446744073709551610
4
8
18446744073709551603
18446744073709551606
18446744073709551604
10
7
18446744073709551592
18446744073709551601
18446744073709551600
18446744073709551599
18446744073709551598
18446744073709551594
18446744073709551595
19
18
18446744073709551593
13
18446744073709551614
18446744073709551612
2
18446744073709551609
18446744073709551610
4
8
18446744073709551603
18446744073709551606
18446744073709551604
10
7
18446744073709551592
18446744073709551601
18446744073709551600
18446744073709551599
18446744073709551598
18446744073709551594
18446744073709551595
19
18
18446744073709551593
13
18446744073709551614
18446744073709551612
2
18446744073709551609
18446744073709551610
4
8
18446744073709551603
18446744073709551606
18446744073709551604
10
7
18446744073709551592
18446744073709551601
18446744073709551600
18446744073709551599
18446744073709551598
18446744073709551594
18446744073709551595
19
18
18446744073709551593
13
18446744073709551614
18446744073709551612
2
18446744073709551609
18446744073709551610
4
8
18446744073709551603
18446744073709551606
18446744073709551604
10
7
18446744073709551592
18446744073709551601
18446744073709551600
18446744073709551599
18446744073709551598
18446744073709551594
18446744073709551595
19
18
18446744073709551593
13
18446744073709551614
18446744073709551612
2
18446744073709551609
18446744073709551610
4
8
18446744073709551603
18446744073709551606
18446744073709551604
10
7
18446744073709551592
18446744073709551601
18446744073709551600
18446744073709551599
18446744073709551598
18446744073709551594
18446744073709551595
19
18
18446744073709551593
8
18446744073709551614
18446744073709551613
18446744073709551612
5
18446744073709551608
18446744073709551609
4
19
18446744073709551606
18446744073709551604
10
18446744073709551603
18446744073709551602
16
18446744073709551600
17
18446744073709551597
14
21
18446744073709551595
22
18446744073709551592
8
18446744073709551614
18446744073709551613
18446744073709551612
5
18446744073709551608
18446744073709551609
4
19
18446744073709551606
18446744073709551604
10
18446744073709551603
18446744073709551602
16
18446744073709551600
17
18446744073709551597
14
21
18446744073709551595
22
18446744073709551592
8
18446744073709551614
18446744073709551613
18446744073709551612
5
18446744073709551608
18446744073709551609
4
19
18446744073709551606
18446744073709551604
10
18446744073709551603
18446744073709551602
16
18446744073709551600
17
18446744073709551597
14
21
18446744073709551595
22
18446744073709551592
8
18446744073709551614
18446744073709551613
18446744073709551612
5
18446744073709551608
18446744073709551609
4
19
18446744073709551606
18446744073709551604
10
18446744073709551603
18446744073709551602
16
18446744073709551600
17
18446744073709551597
14
21
18446744073709551595
22
18446744073709551592
8
18446744073709551614
18446744073709551613
18446744073709551612
5
18446744073709551608
18446744073709551609
4
19
18446744073709551606
18446744073709551604
10
18446744073709551603
18446744073709551602
16
18446744073709551600
17
18446744073709551597
14
21
18446744073709551595
22
18446744073709551592
8
18446744073709551614
18446744073709551613
18446744073709551612
5
18446744073709551608
18446744073709551609
4
19
18446744073709551606
18446744073709551604
10
18446744073709551603
18446744073709551602
16
18446744073709551600
17
18446744073709551597
14
21
18446744073709551595
22
18446744073709551592
8
18446744073709551614
18446744073709551613
18446744073709551612
5
18446744073709551608
18446744073709551609
4
19
18446744073709551606
18446744073709551604
10
18446744073709551603
18446744073709551602
16
18446744073709551600
17
18446744073709551597
14
21
18446744073709551595
22
18446744073709551592
8
18446744073709551614
18446744073709551613
18446744073709551612
5
18446744073709551608
18446744073709551609
4
19
18446744073709551606
18446744073709551604
10
18446744073709551603
18446744073709551602
16
18446744073709551600
17
18446744073709551597
14
21
18446744073709551595
22
18446744073709551592
8
18446744073709551614
18446744073709551613
18446744073709551612
5
18446744073709551608
18446744073709551609
4
19
18446744073709551606
18446744073709551604
10
18446744073709551603
18446744073709551602
16
18446744073709551600
17
18446744073709551597
14
21
18446744073709551595
22
18446744073709551592
8
18446744073709551614
18446744073709551613
18446744073709551612
5
18446744073709551608
18446744073709551609
4
19
18446744073709551606
18446744073709551604
10
18446744073709551603
18446744073709551602
16
18446744073709551600
17
18446744073709551597
14
21
18446744073709551595
22
18446744073709551592
8
18446744073709551614
18446744073709551613
18446744073709551612
5
18446744073709551608
18446744073709551609
4
19
18446744073709551606
18446744073709551604
10
18446744073709551603
18446744073709551602
16
18446744073709551600
17
18446744073709551597
14
21
18446744073709551595
22
18446744073709551592
8
18446744073709551614
18446744073709551613
18446744073709551612
5
18446744073709551608
18446744073709551609
4
19
18446744073709551606
18446744073709551604
10
18446744073709551603
18446744073709551602
16
18446744073709551600
17
18446744073709551597
14
21
18446744073709551595
22
18446744073709551592
11
18446744073709551614
18446744073709551613
18446744073709551610
18446744073709551611
3
18446744073709551605
18446744073709551608
18446744073709551606
8
6
22
18446744073709551602
12
19
18446744073709551600
17
18446744073709551597
16
18446744073709551594
18446744073709551595
14
18446744073709551592
11
18446744073709551614
18446744073709551613
18446744073709551610
18446744073709551611
3
18446744073709551605
18446744073709551608
18446744073709551606
8
6
22
18446744073709551602
12
19
18446744073709551600
17
18446744073709551597
16
18446744073709551594
18446744073709551595
14
18446744073709551592
11
18446744073709551614
18446744073709551613
18446744073709551610
18446744073709551611
3
18446744073709551605
18446744073709551608
18446744073709551606
8
6
22
18446744073709551602
12
19
18446744073709551600
17
18446744073709551597
16
18446744073709551594
18446744073709551595
14
18446744073709551592
11
18446744073709551614
18446744073709551613
18446744073709551610
18446744073709551611
3
18446744073709551605
18446744073709551608
18446744073709551606
8
6
22
18446744073709551602
12
19
18446744073709551600
17
18446744073709551597
16
18446744073709551594
18446744073709551595
14
18446744073709551592
11
18446744073709551614
18446744073709551613
18446744073709551610
18446744073709551611
3
18446744073709551605
18446744073709551608
18446744073709551606
8
6
22
18446744073709551602
12
19
18446744073709551600
17
18446744073709551597
16
18446744073709551594
18446744073709551595
14
18446744073709551592
11
18446744073709551614
18446744073709551613
18446744073709551610
18446744073709551611
3
18446744073709551605
18446744073709551608
18446744073709551606
8
6
22
18446744073709551602
12
19
18446744073709551600
17
18446744073709551597
16
18446744073709551594
18446744073709551595
14
18446744073709551592
11
18446744073709551614
18446744073709551613
18446744073709551610
18446744073709551611
3
18446744073709551605
18446744073709551608
18446744073709551606
8
6
22
18446744073709551602
12
19
18446744073709551600
17
18446744073709551597
16
18446744073709551594
18446744073709551595
14
18446744073709551592
11
18446744073709551614
18446744073709551613
18446744073709551610
18446744073709551611
3
18446744073709551605
18446744073709551608
18446744073709551606
8
6
22
18446744073709551602
12
19
18446744073709551600
17
18446744073709551597
16
18446744073709551594
18446744073709551595
14
18446744073709551592
11
18446744073709551614
18446744073709551613
18446744073709551610
18446744073709551611
3
18446744073709551605
18446744073709551608
18446744073709551606
8
6
22
18446744073709551602
12
19
18446744073709551600
17
18446744073709551597
16
18446744073709551594
18446744073709551595
14
18446744073709551592
11
18446744073709551614
18446744073709551613
18446744073709551610
18446744073709551611
3
18446744073709551605
18446744073709551608
18446744073709551606
8
6
22
18446744073709551602
12
19
18446744073709551600
17
18446744073709551597
16
18446744073709551594
18446744073709551595
14
18446744073709551592
11
18446744073709551614
18446744073709551613
18446744073709551610
18446744073709551611
3
18446744073709551605
18446744073709551608
18446744073709551606
8
6
22
18446744073709551602
12
19
18446744073709551600
17
18446744073709551597
16
18446744073709551594
18446744073709551595
14
18446744073709551592
11
18446744073709551614
18446744073709551613
18446744073709551610
18446744073709551611
3
18446744073709551605
18446744073709551608
18446744073709551606
8
6
22
18446744073709551602
12
19
18446744073709551600
17
18446744073709551597
16
18446744073709551594
18446744073709551595
14
18446744073709551592
11
4
18446744073709551613
18446744073709551612
18446744073709551610
1
8
18446744073709551608
9
18446744073709551605
6
16
18446744073709551602
12
18446744073709551600
14
22
18446744073709551598
18446744073709551596
18
18446744073709551594
20
18446744073709551592
11
4
18446744073709551613
18446744073709551612
18446744073709551610
1
8
18446744073709551608
9
18446744073709551605
6
16
18446744073709551602
12
18446744073709551600
14
22
18446744073709551598
18446744073709551596
18
18446744073709551594
20
18446744073709551592
11
4
18446744073709551613
18446744073709551612
18446744073709551610
1
8
18446744073709551608
9
18446744073709551605
6
16
18446744073709551602
12
18446744073709551600
14
22
18446744073709551598
18446744073709551596
18
18446744073709551594
20
18446744073709551592
11
4
18446744073709551613
18446744073709551612
18446744073709551610
1
8
18446744073709551608
9
18446744073709551605
6
16
18446744073709551602
12
18446744073709551600
14
22
18446744073709551598
18446744073709551596
18
18446744073709551594
20
18446744073709551592
11
4
18446744073709551613
18446744073709551612
18446744073709551610
1
8
18446744073709551608
9
18446744073709551605
6
16
18446744073709551602
12
18446744073709551600
14
22
18446744073709551598
18446744073709551596
18
18446744073709551594
20
18446744073709551592
11
4
18446744073709551613
18446744073709551612
18446744073709551610
1
8
18446744073709551608
9
18446744073709551605
6
16
18446744073709551602
12
18446744073709551600
14
22
18446744073709551598
18446744073709551596
18
18446744073709551594
20
18446744073709551592
11
4
18446744073709551613
18446744073709551612
18446744073709551610
1
8
18446744073709551608
9
18446744073709551605
6
16
18446744073709551602
12
18446744073709551600
14
22
18446744073709551598
18446744073709551596
18
18446744073709551594
20
18446744073709551592
11
4
18446744073709551613
18446744073709551612
18446744073709551610
1
8
18446744073709551608
9
18446744073709551605
6
16
18446744073709551602
12
18446744073709551600
14
22
18446744073709551598
18446744073709551596
18
18446744073709551594
20
18446744073709551592
11
4
18446744073709551613
18446744073709551612
18446744073709551610
1
8
18446744073709551608
9
18446744073709551605
6
16
18446744073709551602
12
18446744073709551600
14
22
18446744073709551598
18446744073709551596
18
18446744073709551594
20
18446744073709551592
11
4
18446744073709551613
18446744073709551612
18446744073709551610
1
8
18446744073709551608
9
18446744073709551605
6
16
18446744073709551602
12
18446744073709551600
14
22
18446744073709551598
18446744073709551596
18
18446744073709551594
20
18446744073709551592
11
4
18446744073709551613
18446744073709551612
18446744073709551610
1
8
18446744073709551608
9
18446744073709551605
6
16
18446744073709551602
12
18446744073709551600
14
22
18446744073709551598
18446744073709551596
18
18446744073709551594
20
18446744073709551592
11
4
18446744073709551613
18446744073709551612
18446744073709551610
1
8
18446744073709551608
9
18446744073709551605
6
16
18446744073709551602
12
18446744073709551600
14
22
18446744073709551598
18446744073709551596
18
18446744073709551594
20
18446744073709551592
11
18446744073709551613
1
18446744073709551609
18446744073709551611
18446744073709551610
3
9
18446744073709551607
18446744073709551605
7
19
18446744073709551602
12
16
18446744073709551600
17
18446744073709551597
14
22
18446744073709551594
20
18446744073709551592
11
18446744073709551613
1
18446744073709551609
18446744073709551611
18446744073709551610
3
9
18446744073709551607
18446744073709551605
7
19
18446744073709551602
12
16
18446744073709551600
17
18446744073709551597
14
22
18446744073709551594
20
18446744073709551592
11
18446744073709551613
1
18446744073709551609
18446744073709551611
18446744073709551610
3
9
18446744073709551607
18446744073709551605
7
19
18446744073709551602
12
16
18446744073709551600
17
18446744073709551597
14
22
18446744073709551594
20
18446744073709551592
11
18446744073709551613
1
18446744073709551609
18446744073709551611
18446744073709551610
3
9
18446744073709551607
18446744073709551605
7
19
18446744073709551602
12
16
18446744073709551600
17
18446744073709551597
14
22
18446744073709551594
20
18446744073709551592
11
18446744073709551613
1
18446744073709551609
18446744073709551611
18446744073709551610
3
9
18446744073709551607
18446744073709551605
7
19
18446744073709551602
12
16
18446744073709551600
17
18446744073709551597
14
22
18446744073709551594
20
18446744073709551592
11
18446744073709551613
1
18446744073709551609
18446744073709551611
18446744073709551610
3
9
18446744073709551607
18446744073709551605
7
19
18446744073709551602
12
16
18446744073709551600
17
18446744073709551597
14
22
18446744073709551594
20
18446744073709551592
11
18446744073709551613
1
18446744073709551609
18446744073709551611
18446744073709551610
3
9
18446744073709551607
18446744073709551605
7
19
18446744073709551602
12
16
18446744073709551600
17
18446744073709551597
14
22
18446744073709551594
20
18446744073709551592
11
18446744073709551613
1
18446744073709551609
18446744073709551611
18446744073709551610
3
9
18446744073709551607
18446744073709551605
7
19
18446744073709551602
12
16
18446744073709551600
17
18446744073709551597
14
22
18446744073709551594
20
18446744073709551592
11
18446744073709551613
1
18446744073709551609
18446744073709551611
18446744073709551610
3
9
18446744073709551607
18446744073709551605
7
19
18446744073709551602
12
16
18446744073709551600
17
18446744073709551597
14
22
18446744073709551594
20
18446744073709551592
11
18446744073709551613
1
18446744073709551609
18446744073709551611
18446744073709551610
3
9
18446744073709551607
18446744073709551605
7
19
18446744073709551602
12
16
18446744073709551600
17
18446744073709551597
14
22
18446744073709551594
20
18446744073709551592
11
18446744073709551613
1
18446744073709551609
18446744073709551611
18446744073709551610
3
9
18446744073709551607
18446744073709551605
7
19
18446744073709551602
12
16
18446744073709551600
17
18446744073709551597
14
22
18446744073709551594
20
18446744073709551592
11
18446744073709551613
1
18446744073709551609
18446744073709551611
18446744073709551610
3
9
18446744073709551607
18446744073709551605
7
19
18446744073709551602
12
16
18446744073709551600
17
18446744073709551597
14
22
18446744073709551594
20
18446744073709551592
14
18446744073709551614
18446744073709551613
5
18446744073709551611
18446744073709551607
18446744073709551609
18446744073709551608
3
11
18446744073709551605
18446744073709551602
18446744073709551603
9
19
18446744073709551599
15
18446744073709551597
17
22
18446744073709551594
20
18446744073709551592
14
18446744073709551614
18446744073709551613
5
18446744073709551611
18446744073709551607
18446744073709551609
18446744073709551608
3
11
18446744073709551605
18446744073709551602
18446744073709551603
9
19
18446744073709551599
15
18446744073709551597
17
22
18446744073709551594
20
18446744073709551592
14
18446744073709551614
18446744073709551613
5
18446744073709551611
18446744073709551607
18446744073709551609
18446744073709551608
3
11
18446744073709551605
18446744073709551602
18446744073709551603
9
19
18446744073709551599
15
18446744073709551597
17
22
18446744073709551594
20
18446744073709551592
14
18446744073709551614
18446744073709551613
5
18446744073709551611
18446744073709551607
18446744073709551609
18446744073709551608
3
11
18446744073709551605
18446744073709551602
18446744073709551603
9
19
18446744073709551599
15
18446744073709551597
17
22
18446744073709551594
20
18446744073709551592
14
18446744073709551614
18446744073709551613
5
18446744073709551611
18446744073709551607
18446744073709551609
18446744073709551608
3
11
18446744073709551605
18446744073709551602
18446744073709551603
9
19
18446744073709551599
15
18446744073709551597
17
22
18446744073709551594
20
18446744073709551592
14
18446744073709551614
18446744073709551613
5
18446744073709551611
18446744073709551607
18446744073709551609
18446744073709551608
3
11
18446744073709551605
18446744073709551602
18446744073709551603
9
19
18446744073709551599
15
18446744073709551597
17
22
18446744073709551594
20
18446744073709551592
14
18446744073709551614
18446744073709551613
5
18446744073709551611
18446744073709551607
18446744073709551609
18446744073709551608
3
11
18446744073709551605
18446744073709551602
18446744073709551603
9
19
18446744073709551599
15
18446744073709551597
17
22
18446744073709551594
20
18446744073709551592
14
18446744073709551614
18446744073709551613
5
18446744073709551611
18446744073709551607
18446744073709551609
18446744073709551608
3
11
18446744073709551605
18446744073709551602
18446744073709551603
9
19
18446744073709551599
15
18446744073709551597
17
22
18446744073709551594
20
18446744073709551592
14
18446744073709551614
18446744073709551613
5
18446744073709551611
18446744073709551607
18446744073709551609
18446744073709551608
3
11
18446744073709551605
18446744073709551602
18446744073709551603
9
19
18446744073709551599
15
18446744073709551597
17
22
18446744073709551594
20
18446744073709551592
14
18446744073709551614
18446744073709551613
5
18446744073709551611
18446744073709551607
18446744073709551609
18446744073709551608
3
11
18446744073709551605
18446744073709551602
18446744073709551603
9
19
18446744073709551599
15
18446744073709551597
17
22
18446744073709551594
20
18446744073709551592
14
18446744073709551614
18446744073709551613
5
18446744073709551611
18446744073709551607
18446744073709551609
18446744073709551608
3
11
18446744073709551605
18446744073709551602
18446744073709551603
9
19
18446744073709551599
15
18446744073709551597
17
22
18446744073709551594
20
18446744073709551592
14
18446744073709551614
18446744073709551613
5
18446744073709551611
18446744073709551607
18446744073709551609
18446744073709551608
3
11
18446744073709551605
18446744073709551602
18446744073709551603
9
19
18446744073709551599
15
18446744073709551597
17
22
18446744073709551594
20
18446744073709551592
12
18446744073709551614
4
18446744073709551612
18446744073709551610
2
10
18446744073709551607
7
18446744073709551606
18446744073709551604
6
17
18446744073709551602
15
18446744073709551599
14
21
19
18446744073709551595
18
22
18446744073709551592
12
18446744073709551614
4
18446744073709551612
18446744073709551610
2
10
18446744073709551607
7
18446744073709551606
18446744073709551604
6
17
18446744073709551602
15
18446744073709551599
14
21
19
18446744073709551595
18
22
18446744073709551592
12
18446744073709551614
4
18446744073709551612
18446744073709551610
2
10
18446744073709551607
7
18446744073709551606
18446744073709551604
6
17
18446744073709551602
15
18446744073709551599
14
21
19
18446744073709551595
18
22
18446744073709551592
12
18446744073709551614
4
18446744073709551612
18446744073709551610
2
10
18446744073709551607
7
18446744073709551606
18446744073709551604
6
17
18446744073709551602
15
18446744073709551599
14
21
19
18446744073709551595
18
22
18446744073709551592
12
18446744073709551614
4
18446744073709551612
18446744073709551610
2
10
18446744073709551607
7
18446744073709551606
18446744073709551604
6
17
18446744073709551602
15
18446744073709551599
14
21
19
18446744073709551595
18
22
18446744073709551592
12
18446744073709551614
4
18446744073709551612
18446744073709551610
2
10
18446744073709551607
7
18446744073709551606
18446744073709551604
6
17
18446744073709551602
15
18446744073709551599
14
21
19
18446744073709551595
18
22
18446744073709551592
12
18446744073709551614
4
18446744073709551612
18446744073709551610
2
10
18446744073709551607
7
18446744073709551606
18446744073709551604
6
17
18446744073709551602
15
18446744073709551599
14
21
19
18446744073709551595
18
22
18446744073709551592
12
18446744073709551614
4
18446744073709551612
18446744073709551610
2
10
18446744073709551607
7
18446744073709551606
18446744073709551604
6
17
18446744073709551602
15
18446744073709551599
14
21
19
18446744073709551595
18
22
18446744073709551592
12
18446744073709551614
4
18446744073709551612
18446744073709551610
2
10
18446744073709551607
7
18446744073709551606
18446744073709551604
6
17
18446744073709551602
15
18446744073709551599
14
21
19
18446744073709551595
18
22
18446744073709551592
12
18446744073709551614
4
18446744073709551612
18446744073709551610
2
10
18446744073709551607
7
18446744073709551606
18446744073709551604
6
17
18446744073709551602
15
18446744073709551599
14
21
19
18446744073709551595
18
22
18446744073709551592
12
18446744073709551614
4
18446744073709551612
18446744073709551610
2
10
18446744073709551607
7
18446744073709551606
18446744073709551604
6
17
18446744073709551602
15
18446744073709551599
14
21
19
18446744073709551595
18
22
18446744073709551592
12
18446744073709551614
4
18446744073709551612
18446744073709551610
2
10
18446744073709551607
7
18446744073709551606
18446744073709551604
6
17
18446744073709551602
15
18446744073709551599
14
21
19
18446744073709551595
18
22
18446744073709551592
10
18446744073709551613
1
18446744073709551611
3
18446744073709551606
18446744073709551607
18446744073709551608
6
5
16
18446744073709551604
18446744073709551602
12
18446744073709551601
18446744073709551600
19
18446744073709551597
17
22
18446744073709551594
20
18446744073709551592
10
18446744073709551613
1
18446744073709551611
3
18446744073709551606
18446744073709551607
18446744073709551608
6
5
16
18446744073709551604
18446744073709551602
12
18446744073709551601
18446744073709551600
19
18446744073709551597
17
22
18446744073709551594
20
18446744073709551592
10
18446744073709551613
1
18446744073709551611
3
18446744073709551606
18446744073709551607
18446744073709551608
6
5
16
18446744073709551604
18446744073709551602
12
18446744073709551601
18446744073709551600
19
18446744073709551597
17
22
18446744073709551594
20
18446744073709551592
10
18446744073709551613
1
18446744073709551611
3
18446744073709551606
18446744073709551607
18446744073709551608
6
5
16
18446744073709551604
18446744073709551602
12
18446744073709551601
18446744073709551600
19
18446744073709551597
17
22
18446744073709551594
20
18446744073709551592
10
18446744073709551613
1
18446744073709551611
3
18446744073709551606
18446744073709551607
18446744073709551608
6
5
16
18446744073709551604
18446744073709551602
12
18446744073709551601
18446744073709551600
19
18446744073709551597
17
22
18446744073709551594
20
18446744073709551592
10
18446744073709551613
1
18446744073709551611
3
18446744073709551606
18446744073709551607
18446744073709551608
6
5
16
18446744073709551604
18446744073709551602
12
18446744073709551601
18446744073709551600
19
18446744073709551597
17
22
18446744073709551594
20
18446744073709551592
10
18446744073709551613
1
18446744073709551611
3
18446744073709551606
18446744073709551607
18446744073709551608
6
5
16
18446744073709551604
18446744073709551602
12
18446744073709551601
18446744073709551600
19
18446744073709551597
17
22
18446744073709551594
20
18446744073709551592
10
18446744073709551613
1
18446744073709551611
3
18446744073709551606
18446744073709551607
18446744073709551608
6
5
16
18446744073709551604
18446744073709551602
12
18446744073709551601
18446744073709551600
19
18446744073709551597
17
22
18446744073709551594
20
18446744073709551592
10
18446744073709551613
1
18446744073709551611
3
18446744073709551606
18446744073709551607
18446744073709551608
6
5
16
18446744073709551604
18446744073709551602
12
18446744073709551601
18446744073709551600
19
18446744073709551597
17
22
18446744073709551594
20
18446744073709551592
10
18446744073709551613
1
18446744073709551611
3
18446744073709551606
18446744073709551607
18446744073709551608
6
5
16
18446744073709551604
18446744073709551602
12
18446744073709551601
18446744073709551600
19
18446744073709551597
17
22
18446744073709551594
20
18446744073709551592
10
18446744073709551613
1
18446744073709551611
3
18446744073709551606
18446744073709551607
18446744073709551608
6
5
16
18446744073709551604
18446744073709551602
12
18446744073709551601
18446744073709551600
19
18446744073709551597
17
22
18446744073709551594
20
18446744073709551592
10
18446744073709551613
1
18446744073709551611
3
18446744073709551606
18446744073709551607
18446744073709551608
6
5
16
18446744073709551604
18446744073709551602
12
18446744073709551601
18446744073709551600
19
18446744073709551597
17
22
18446744073709551594
20
18446744073709551592
9
18446744073709551613
1
18446744073709551612
7
18446744073709551609
5
18446744073709551607
4
16
18446744073709551605
12
18446744073709551600
18446744073709551602
18446744073709551601
11
19
18446744073709551597
17
21
18446744073709551595
22
18446744073709551592
9
18446744073709551613
1
18446744073709551612
7
18446744073709551609
5
18446744073709551607
4
16
18446744073709551605
12
18446744073709551600
18446744073709551602
18446744073709551601
11
19
18446744073709551597
17
21
18446744073709551595
22
18446744073709551592
9
18446744073709551613
1
18446744073709551612
7
18446744073709551609
5
18446744073709551607
4
16
18446744073709551605
12
18446744073709551600
18446744073709551602
18446744073709551601
11
19
18446744073709551597
17
21
18446744073709551595
22
18446744073709551592
9
18446744073709551613
1
18446744073709551612
7
18446744073709551609
5
18446744073709551607
4
16
18446744073709551605
12
18446744073709551600
18446744073709551602
18446744073709551601
11
19
18446744073709551597
17
21
18446744073709551595
22
18446744073709551592
9
18446744073709551613
1
18446744073709551612
7
18446744073709551609
5
18446744073709551607
4
16
18446744073709551605
12
18446744073709551600
18446744073709551602
18446744073709551601
11
19
18446744073709551597
17
21
18446744073709551595
22
18446744073709551592
9
18446744073709551613
1
18446744073709551612
7
18446744073709551609
5
18446744073709551607
4
16
18446744073709551605
12
18446744073709551600
18446744073709551602
18446744073709551601
11
19
18446744073709551597
17
21
18446744073709551595
22
18446744073709551592
9
18446744073709551613
1
18446744073709551612
7
18446744073709551609
5
18446744073709551607
4
16
18446744073709551605
12
18446744073709551600
18446744073709551602
18446744073709551601
11
19
18446744073709551597
17
21
18446744073709551595
22
18446744073709551592
9
18446744073709551613
1
18446744073709551612
7
18446744073709551609
5
18446744073709551607
4
16
18446744073709551605
12
18446744073709551600
18446744073709551602
18446744073709551601
11
19
18446744073709551597
17
21
18446744073709551595
22
18446744073709551592
9
18446744073709551613
1
18446744073709551612
7
18446744073709551609
5
18446744073709551607
4
16
18446744073709551605
12
18446744073709551600
18446744073709551602
18446744073709551601
11
19
18446744073709551597
17
21
18446744073709551595
22
18446744073709551592
9
18446744073709551613
1
18446744073709551612
7
18446744073709551609
5
18446744073709551607
4
16
18446744073709551605
12
18446744073709551600
18446744073709551602
18446744073709551601
11
19
18446744073709551597
17
21
18446744073709551595
22
18446744073709551592
9
18446744073709551613
1
18446744073709551612
7
18446744073709551609
5
18446744073709551607
4
16
18446744073709551605
12
18446744073709551600
18446744073709551602
18446744073709551601
11
19
18446744073709551597
17
21
18446744073709551595
22
18446744073709551592
9
18446744073709551613
1
18446744073709551612
7
18446744073709551609
5
18446744073709551607
4
16
18446744073709551605
12
18446744073709551600
18446744073709551602
18446744073709551601
11
19
18446744073709551597
17
21
18446744073709551595
22
18446744073709551592
13
18446744073709551614
18446744073709551613
4
18446744073709551610
3
11
18446744073709551608
9
18446744073709551605
8
18446744073709551603
6
20
18446744073709551601
18446744073709551600
17
18446744073709551596
18446744073709551597
16
18446744073709551592
18446744073709551593
21
13
18446744073709551614
18446744073709551613
4
18446744073709551610
3
11
18446744073709551608
9
18446744073709551605
8
18446744073709551603
6
20
18446744073709551601
18446744073709551600
17
18446744073709551596
18446744073709551597
16
18446744073709551592
18446744073709551593
21
13
18446744073709551614
18446744073709551613
4
18446744073709551610
3
11
18446744073709551608
9
18446744073709551605
8
18446744073709551603
6
20
18446744073709551601
18446744073709551600
17
18446744073709551596
18446744073709551597
16
18446744073709551592
18446744073709551593
21
13
18446744073709551614
18446744073709551613
4
18446744073709551610
3
11
18446744073709551608
9
18446744073709551605
8
18446744073709551603
6
20
18446744073709551601
18446744073709551600
17
18446744073709551596
18446744073709551597
16
18446744073709551592
18446744073709551593
21
13
18446744073709551614
18446744073709551613
4
18446744073709551610
3
11
18446744073709551608
9
18446744073709551605
8
18446744073709551603
6
20
18446744073709551601
18446744073709551600
17
18446744073709551596
18446744073709551597
16
18446744073709551592
18446744073709551593
21
13
18446744073709551614
18446744073709551613
4
18446744073709551610
3
11
18446744073709551608
9
18446744073709551605
8
18446744073709551603
6
20
18446744073709551601
18446744073709551600
17
18446744073709551596
18446744073709551597
16
18446744073709551592
18446744073709551593
21
13
18446744073709551614
18446744073709551613
4
18446744073709551610
3
11
18446744073709551608
9
18446744073709551605
8
18446744073709551603
6
20
18446744073709551601
18446744073709551600
17
18446744073709551596
18446744073709551597
16
18446744073709551592
18446744073709551593
21
13
18446744073709551614
18446744073709551613
4
18446744073709551610
3
11
18446744073709551608
9
18446744073709551605
8
18446744073709551603
6
20
18446744073709551601
18446744073709551600
17
18446744073709551596
18446744073709551597
16
18446744073709551592
18446744073709551593
21
13
18446744073709551614
18446744073709551613
4
18446744073709551610
3
11
18446744073709551608
9
18446744073709551605
8
18446744073709551603
6
20
18446744073709551601
18446744073709551600
17
18446744073709551596
18446744073709551597
16
18446744073709551592
18446744073709551593
21
13
18446744073709551614
18446744073709551613
4
18446744073709551610
3
11
18446744073709551608
9
18446744073709551605
8
18446744073709551603
6
20
18446744073709551601
18446744073709551600
17
18446744073709551596
18446744073709551597
16
18446744073709551592
18446744073709551593
21
13
18446744073709551614
18446744073709551613
4
18446744073709551610
3
11
18446744073709551608
9
18446744073709551605
8
18446744073709551603
6
20
18446744073709551601
18446744073709551600
17
18446744073709551596
18446744073709551597
16
18446744073709551592
18446744073709551593
21
13
18446744073709551614
18446744073709551613
4
18446744073709551610
3
11
18446744073709551608
9
18446744073709551605
8
18446744073709551603
6
20
18446744073709551601
18446744073709551600
17
18446744073709551596
18446744073709551597
16
18446744073709551592
18446744073709551593
21
16
5
18446744073709551613
18446744073709551611
3
6
18446744073709551608
1
14
18446744073709551605
9
18446744073709551602
18446744073709551603
11
18446744073709551600
8
20
18446744073709551598
18446744073709551596
18
22
18446744073709551594
18446744073709551592
16
5
18446744073709551613
18446744073709551611
3
6
18446744073709551608
1
14
18446744073709551605
9
18446744073709551602
18446744073709551603
11
18446744073709551600
8
20
18446744073709551598
18446744073709551596
18
22
18446744073709551594
18446744073709551592
16
5
18446744073709551613
18446744073709551611
3
6
18446744073709551608
1
14
18446744073709551605
9
18446744073709551602
18446744073709551603
11
18446744073709551600
8
20
18446744073709551598
18446744073709551596
18
22
18446744073709551594
18446744073709551592
16
5
18446744073709551613
18446744073709551611
3
6
18446744073709551608
1
14
18446744073709551605
9
18446744073709551602
18446744073709551603
11
18446744073709551600
8
20
18446744073709551598
18446744073709551596
18
22
18446744073709551594
18446744073709551592
16
5
18446744073709551613
18446744073709551611
3
6
18446744073709551608
1
14
18446744073709551605
9
18446744073709551602
18446744073709551603
11
18446744073709551600
8
20
18446744073709551598
18446744073709551596
18
22
18446744073709551594
18446744073709551592
16
5
18446744073709551613
18446744073709551611
3
6
18446744073709551608
1
14
18446744073709551605
9
18446744073709551602
18446744073709551603
11
18446744073709551600
8
20
18446744073709551598
18446744073709551596
18
22
18446744073709551594
18446744073709551592
16
5
18446744073709551613
18446744073709551611
3
6
18446744073709551608
1
14
18446744073709551605
9
18446744073709551602
18446744073709551603
11
18446744073709551600
8
20
18446744073709551598
18446744073709551596
18
22
18446744073709551594
18446744073709551592
16
5
18446744073709551613
18446744073709551611
3
6
18446744073709551608
1
14
18446744073709551605
9
18446744073709551602
18446744073709551603
11
18446744073709551600
8
20
18446744073709551598
18446744073709551596
18
22
18446744073709551594
18446744073709551592
16
5
18446744073709551613
18446744073709551611
3
6
18446744073709551608
1
14
18446744073709551605
9
18446744073709551602
18446744073709551603
11
18446744073709551600
8
20
18446744073709551598
18446744073709551596
18
22
18446744073709551594
18446744073709551592
16
5
18446744073709551613
18446744073709551611
3
6
18446744073709551608
1
14
18446744073709551605
9
18446744073709551602
18446744073709551603
11
18446744073709551600
8
20
18446744073709551598
18446744073709551596
18
22
18446744073709551594
18446744073709551592
16
5
18446744073709551613
18446744073709551611
3
6
18446744073709551608
1
14
18446744073709551605
9
18446744073709551602
18446744073709551603
11
18446744073709551600
8
20
18446744073709551598
18446744073709551596
18
22
18446744073709551594
18446744073709551592
16
5
18446744073709551613
18446744073709551611
3
6
18446744073709551608
1
14
18446744073709551605
9
18446744073709551602
18446744073709551603
11
18446744073709551600
8
20
18446744073709551598
18446744073709551596
18
22
18446744073709551594
18446744073709551592
15
18446744073709551613
1
18446744073709551611
3
18446744073709551609
5
8
18446744073709551605
18446744073709551606
7
13
18446744073709551603
18446744073709551601
11
21
18446744073709551599
18446744073709551598
18446744073709551596
18
18446744073709551595
18446744073709551592
18446744073709551593
15
18446744073709551613
1
18446744073709551611
3
18446744073709551609
5
8
18446744073709551605
18446744073709551606
7
13
18446744073709551603
18446744073709551601
11
21
18446744073709551599
18446744073709551598
18446744073709551596
18
18446744073709551595
18446744073709551592
18446744073709551593
15
18446744073709551613
1
18446744073709551611
3
18446744073709551609
5
8
18446744073709551605
18446744073709551606
7
13
18446744073709551603
18446744073709551601
11
21
18446744073709551599
18446744073709551598
18446744073709551596
18
18446744073709551595
18446744073709551592
18446744073709551593
15
18446744073709551613
1
18446744073709551611
3
18446744073709551609
5
8
18446744073709551605
18446744073709551606
7
13
18446744073709551603
18446744073709551601
11
21
18446744073709551599
18446744073709551598
18446744073709551596
18
18446744073709551595
18446744073709551592
18446744073709551593
15
18446744073709551613
1
18446744073709551611
3
18446744073709551609
5
8
18446744073709551605
18446744073709551606
7
13
18446744073709551603
18446744073709551601
11
21
18446744073709551599
18446744073709551598
18446744073709551596
18
18446744073709551595
18446744073709551592
18446744073709551593
15
18446744073709551613
1
18446744073709551611
3
18446744073709551609
5
8
18446744073709551605
18446744073709551606
7
13
18446744073709551603
18446744073709551601
11
21
18446744073709551599
18446744073709551598
18446744073709551596
18
18446744073709551595
18446744073709551592
18446744073709551593
15
18446744073709551613
1
18446744073709551611
3
18446744073709551609
5
8
18446744073709551605
18446744073709551606
7
13
18446744073709551603
18446744073709551601
11
21
18446744073709551599
18446744073709551598
18446744073709551596
18
18446744073709551595
18446744073709551592
18446744073709551593
15
18446744073709551613
1
18446744073709551611
3
18446744073709551609
5
8
18446744073709551605
18446744073709551606
7
13
18446744073709551603
18446744073709551601
11
21
18446744073709551599
18446744073709551598
18446744073709551596
18
18446744073709551595
18446744073709551592
18446744073709551593
15
18446744073709551613
1
18446744073709551611
3
18446744073709551609
5
8
18446744073709551605
18446744073709551606
7
13
18446744073709551603
18446744073709551601
11
21
18446744073709551599
18446744073709551598
18446744073709551596
18
18446744073709551595
18446744073709551592
18446744073709551593
15
18446744073709551613
1
18446744073709551611
3
18446744073709551609
5
8
18446744073709551605
18446744073709551606
7
13
18446744073709551603
18446744073709551601
11
21
18446744073709551599
18446744073709551598
18446744073709551596
18
18446744073709551595
18446744073709551592
18446744073709551593
15
18446744073709551613
1
18446744073709551611
3
18446744073709551609
5
8
18446744073709551605
18446744073709551606
7
13
18446744073709551603
18446744073709551601
11
21
18446744073709551599
18446744073709551598
18446744073709551596
18
18446744073709551595
18446744073709551592
18446744073709551593
15
18446744073709551613
1
18446744073709551611
3
18446744073709551609
5
8
18446744073709551605
18446744073709551606
7
13
18446744073709551603
18446744073709551601
11
21
18446744073709551599
18446744073709551598
18446744073709551596
18
18446744073709551595
18446744073709551592
18446744073709551593
11
2
18446744073709551611
18446744073709551612
1
7
18446744073709551609
9
18446744073709551607
18446744073709551605
5
16
18446744073709551603
18446744073709551600
18446744073709551601
13
22
18446744073709551598
18446744073709551596
18
18446744073709551594
20
18446744073709551592
11
2
18446744073709551611
18446744073709551612
1
7
18446744073709551609
9
18446744073709551607
18446744073709551605
5
16
18446744073709551603
18446744073709551600
18446744073709551601
13
22
18446744073709551598
18446744073709551596
18
18446744073709551594
20
18446744073709551592
11
2
18446744073709551611
18446744073709551612
1
7
18446744073709551609
9
18446744073709551607
18446744073709551605
5
16
18446744073709551603
18446744073709551600
18446744073709551601
13
22
18446744073709551598
18446744073709551596
18
18446744073709551594
20
18446744073709551592
11
2
18446744073709551611
18446744073709551612
1
7
18446744073709551609
9
18446744073709551607
18446744073709551605
5
16
18446744073709551603
18446744073709551600
18446744073709551601
13
22
18446744073709551598
18446744073709551596
18
18446744073709551594
20
18446744073709551592
11
2
18446744073709551611
18446744073709551612
1
7
18446744073709551609
9
18446744073709551607
18446744073709551605
5
16
18446744073709551603
18446744073709551600
18446744073709551601
13
22
18446744073709551598
18446744073709551596
18
18446744073709551594
20
18446744073709551592
11
2
18446744073709551611
18446744073709551612
1
7
18446744073709551609
9
18446744073709551607
18446744073709551605
5
16
18446744073709551603
18446744073709551600
18446744073709551601
13
22
18446744073709551598
18446744073709551596
18
18446744073709551594
20
18446744073709551592
11
2
18446744073709551611
18446744073709551612
1
7
18446744073709551609
9
18446744073709551607
18446744073709551605
5
16
18446744073709551603
18446744073709551600
18446744073709551601
13
22
18446744073709551598
18446744073709551596
18
18446744073709551594
20
18446744073709551592
11
2
18446744073709551611
18446744073709551612
1
7
18446744073709551609
9
18446744073709551607
18446744073709551605
5
16
18446744073709551603
18446744073709551600
18446744073709551601
13
22
18446744073709551598
18446744073709551596
18
18446744073709551594
20
18446744073709551592
11
2
18446744073709551611
18446744073709551612
1
7
18446744073709551609
9
18446744073709551607
18446744073709551605
5
16
18446744073709551603
18446744073709551600
18446744073709551601
13
22
18446744073709551598
18446744073709551596
18
18446744073709551594
20
18446744073709551592
11
2
18446744073709551611
18446744073709551612
1
7
18446744073709551609
9
18446744073709551607
18446744073709551605
5
16
18446744073709551603
18446744073709551600
18446744073709551601
13
22
18446744073709551598
18446744073709551596
18
18446744073709551594
20
18446744073709551592
11
2
18446744073709551611
18446744073709551612
1
7
18446744073709551609
9
18446744073709551607
18446744073709551605
5
16
18446744073709551603
18446744073709551600
18446744073709551601
13
22
18446744073709551598
18446744073709551596
18
18446744073709551594
20
18446744073709551592
11
2
18446744073709551611
18446744073709551612
1
7
18446744073709551609
9
18446744073709551607
18446744073709551605
5
16
18446744073709551603
18446744073709551600
18446744073709551601
13
22
18446744073709551598
18446744073709551596
18
18446744073709551594
20
18446744073709551592
17
18446744073709551614
3
18446744073709551611
2
18446744073709551610
13
18446744073709551608
18446744073709551607
10
11
18446744073709551603
9
15
18446744073709551601
18446744073709551599
6
21
18446744073709551597
18446744073709551595
19
22
18446744073709551592
17
18446744073709551614
3
18446744073709551611
2
18446744073709551610
13
18446744073709551608
18446744073709551607
10
11
18446744073709551603
9
15
18446744073709551601
18446744073709551599
6
21
18446744073709551597
18446744073709551595
19
22
18446744073709551592
17
18446744073709551614
3
18446744073709551611
2
18446744073709551610
13
18446744073709551608
18446744073709551607
10
11
18446744073709551603
9
15
18446744073709551601
18446744073709551599
6
21
18446744073709551597
18446744073709551595
19
22
18446744073709551592
17
18446744073709551614
3
18446744073709551611
2
18446744073709551610
13
18446744073709551608
18446744073709551607
10
11
18446744073709551603
9
15
18446744073709551601
18446744073709551599
6
21
18446744073709551597
18446744073709551595
19
22
18446744073709551592
17
18446744073709551614
3
18446744073709551611
2
18446744073709551610
13
18446744073709551608
18446744073709551607
10
11
18446744073709551603
9
15
18446744073709551601
18446744073709551599
6
21
18446744073709551597
18446744073709551595
19
22
18446744073709551592
17
18446744073709551614
3
18446744073709551611
2
18446744073709551610
13
18446744073709551608
18446744073709551607
10
11
18446744073709551603
9
15
18446744073709551601
18446744073709551599
6
21
18446744073709551597
18446744073709551595
19
22
18446744073709551592
17
18446744073709551614
3
18446744073709551611
2
18446744073709551610
13
18446744073709551608
18446744073709551607
10
11
18446744073709551603
9
15
18446744073709551601
18446744073709551599
6
21
18446744073709551597
18446744073709551595
19
22
18446744073709551592
17
18446744073709551614
3
18446744073709551611
2
18446744073709551610
13
18446744073709551608
18446744073709551607
10
11
18446744073709551603
9
15
18446744073709551601
18446744073709551599
6
21
18446744073709551597
18446744073709551595
19
22
18446744073709551592
17
18446744073709551614
3
18446744073709551611
2
18446744073709551610
13
18446744073709551608
18446744073709551607
10
11
18446744073709551603
9
15
18446744073709551601
18446744073709551599
6
21
18446744073709551597
18446744073709551595
19
22
18446744073709551592
17
18446744073709551614
3
18446744073709551611
2
18446744073709551610
13
18446744073709551608
18446744073709551607
10
11
18446744073709551603
9
15
18446744073709551601
18446744073709551599
6
21
18446744073709551597
18446744073709551595
19
22
18446744073709551592
17
18446744073709551614
3
18446744073709551611
2
18446744073709551610
13
18446744073709551608
18446744073709551607
10
11
18446744073709551603
9
15
18446744073709551601
18446744073709551599
6
21
18446744073709551597
18446744073709551595
19
22
18446744073709551592
17
18446744073709551614
3
18446744073709551611
2
18446744073709551610
13
18446744073709551608
18446744073709551607
10
11
18446744073709551603
9
15
18446744073709551601
18446744073709551599
6
21
18446744073709551597
18446744073709551595
19
22
18446744073709551592
10
18446744073709551612
18446744073709551613
1
18446744073709551610
4
18446744073709551606
18446744073709551608
18446744073709551607
6
15
18446744073709551603
11
18446744073709551601
13
20
18
18446744073709551598
18446744073709551596
16
22
18446744073709551594
18446744073709551592
10
18446744073709551612
18446744073709551613
1
18446744073709551610
4
18446744073709551606
18446744073709551608
18446744073709551607
6
15
18446744073709551603
11
18446744073709551601
13
20
18
18446744073709551598
18446744073709551596
16
22
18446744073709551594
18446744073709551592
10
18446744073709551612
18446744073709551613
1
18446744073709551610
4
18446744073709551606
18446744073709551608
18446744073709551607
6
15
18446744073709551603
11
18446744073709551601
13
20
18
18446744073709551598
18446744073709551596
16
22
18446744073709551594
18446744073709551592
10
18446744073709551612
18446744073709551613
1
18446744073709551610
4
18446744073709551606
18446744073709551608
18446744073709551607
6
15
18446744073709551603
11
18446744073709551601
13
20
18
18446744073709551598
18446744073709551596
16
22
18446744073709551594
18446744073709551592
10
18446744073709551612
18446744073709551613
1
18446744073709551610
4
18446744073709551606
18446744073709551608
18446744073709551607
6
15
18446744073709551603
11
18446744073709551601
13
20
18
18446744073709551598
18446744073709551596
16
22
18446744073709551594
18446744073709551592
10
18446744073709551612
18446744073709551613
1
18446744073709551610
4
18446744073709551606
18446744073709551608
18446744073709551607
6
15
18446744073709551603
11
18446744073709551601
13
20
18
18446744073709551598
18446744073709551596
16
22
18446744073709551594
18446744073709551592
10
18446744073709551612
18446744073709551613
1
18446744073709551610
4
18446744073709551606
18446744073709551608
18446744073709551607
6
15
18446744073709551603
11
18446744073709551601
13
20
18
18446744073709551598
18446744073709551596
16
22
18446744073709551594
18446744073709551592
10
18446744073709551612
18446744073709551613
1
18446744073709551610
4
18446744073709551606
18446744073709551608
18446744073709551607
6
15
18446744073709551603
11
18446744073709551601
13
20
18
18446744073709551598
18446744073709551596
16
22
18446744073709551594
18446744073709551592
10
18446744073709551612
18446744073709551613
1
18446744073709551610
4
18446744073709551606
18446744073709551608
18446744073709551607
6
15
18446744073709551603
11
18446744073709551601
13
20
18
18446744073709551598
18446744073709551596
16
22
18446744073709551594
18446744073709551592
10
18446744073709551612
18446744073709551613
1
18446744073709551610
4
18446744073709551606
18446744073709551608
18446744073709551607
6
15
18446744073709551603
11
18446744073709551601
13
20
18
18446744073709551598
18446744073709551596
16
22
18446744073709551594
18446744073709551592
10
18446744073709551612
18446744073709551613
1
18446744073709551610
4
18446744073709551606
18446744073709551608
18446744073709551607
6
15
18446744073709551603
11
18446744073709551601
13
20
18
18446744073709551598
18446744073709551596
16
22
18446744073709551594
18446744073709551592
10
18446744073709551612
18446744073709551613
1
18446744073709551610
4
18446744073709551606
18446744073709551608
18446744073709551607
6
15
18446744073709551603
11
18446744073709551601
13
20
18
18446744073709551598
18446744073709551596
16
22
18446744073709551594
18446744073709551592
14
18446744073709551614
18446744073709551613
4
18446744073709551610
3
11
18446744073709551608
18446744073709551607
18446744073709551605
9
12
18446744073709551602
6
21
18446744073709551600
19
18446744073709551598
18446744073709551597
18446744073709551595
16
18446744073709551592
18446744073709551593
14
18446744073709551614
18446744073709551613
4
18446744073709551610
3
11
18446744073709551608
18446744073709551607
18446744073709551605
9
12
18446744073709551602
6
21
18446744073709551600
19
18446744073709551598
18446744073709551597
18446744073709551595
16
18446744073709551592
18446744073709551593
14
18446744073709551614
18446744073709551613
4
18446744073709551610
3
11
18446744073709551608
18446744073709551607
18446744073709551605
9
12
18446744073709551602
6
21
18446744073709551600
19
18446744073709551598
18446744073709551597
18446744073709551595
16
18446744073709551592
18446744073709551593
14
18446744073709551614
18446744073709551613
4
18446744073709551610
3
11
18446744073709551608
18446744073709551607
18446744073709551605
9
12
18446744073709551602
6
21
18446744073709551600
19
18446744073709551598
18446744073709551597
18446744073709551595
16
18446744073709551592
18446744073709551593
14
18446744073709551614
18446744073709551613
4
18446744073709551610
3
11
18446744073709551608
18446744073709551607
18446744073709551605
9
12
18446744073709551602
6
21
18446744073709551600
19
18446744073709551598
18446744073709551597
18446744073709551595
16
18446744073709551592
18446744073709551593
14
18446744073709551614
18446744073709551613
4
18446744073709551610
3
11
18446744073709551608
18446744073709551607
18446744073709551605
9
12
18446744073709551602
6
21
18446744073709551600
19
18446744073709551598
18446744073709551597
18446744073709551595
16
18446744073709551592
18446744073709551593
14
18446744073709551614
18446744073709551613
4
18446744073709551610
3
11
18446744073709551608
18446744073709551607
18446744073709551605
9
12
18446744073709551602
6
21
18446744073709551600
19
18446744073709551598
18446744073709551597
18446744073709551595
16
18446744073709551592
18446744073709551593
14
18446744073709551614
18446744073709551613
4
18446744073709551610
3
11
18446744073709551608
18446744073709551607
18446744073709551605
9
12
18446744073709551602
6
21
18446744073709551600
19
18446744073709551598
18446744073709551597
18446744073709551595
16
18446744073709551592
18446744073709551593
14
18446744073709551614
18446744073709551613
4
18446744073709551610
3
11
18446744073709551608
18446744073709551607
18446744073709551605
9
12
18446744073709551602
6
21
18446744073709551600
19
18446744073709551598
18446744073709551597
18446744073709551595
16
18446744073709551592
18446744073709551593
14
18446744073709551614
18446744073709551613
4
18446744073709551610
3
11
18446744073709551608
18446744073709551607
18446744073709551605
9
12
18446744073709551602
6
21
18446744073709551600
19
18446744073709551598
18446744073709551597
18446744073709551595
16
18446744073709551592
18446744073709551593
14
18446744073709551614
18446744073709551613
4
18446744073709551610
3
11
18446744073709551608
18446744073709551607
18446744073709551605
9
12
18446744073709551602
6
21
18446744073709551600
19
18446744073709551598
18446744073709551597
18446744073709551595
16
18446744073709551592
18446744073709551593
14
18446744073709551614
18446744073709551613
4
18446744073709551610
3
11
18446744073709551608
18446744073709551607
18446744073709551605
9
12
18446744073709551602
6
21
18446744073709551600
19
18446744073709551598
18446744073709551597
18446744073709551595
16
18446744073709551592
18446744073709551593
12
18446744073709551614
8
18446744073709551611
3
18446744073709551608
18446744073709551609
5
10
18446744073709551606
18446744073709551604
2
18
18446744073709551602
18446744073709551600
14
18446744073709551598
16
21
18446744073709551595
19
18446744073709551592
18446744073709551593
12
18446744073709551614
8
18446744073709551611
3
18446744073709551608
18446744073709551609
5
10
18446744073709551606
18446744073709551604
2
18
18446744073709551602
18446744073709551600
14
18446744073709551598
16
21
18446744073709551595
19
18446744073709551592
18446744073709551593
12
18446744073709551614
8
18446744073709551611
3
18446744073709551608
18446744073709551609
5
10
18446744073709551606
18446744073709551604
2
18
18446744073709551602
18446744073709551600
14
18446744073709551598
16
21
18446744073709551595
19
18446744073709551592
18446744073709551593
12
18446744073709551614
8
18446744073709551611
3
18446744073709551608
18446744073709551609
5
10
18446744073709551606
18446744073709551604
2
18
18446744073709551602
18446744073709551600
14
18446744073709551598
16
21
18446744073709551595
19
18446744073709551592
18446744073709551593
12
18446744073709551614
8
18446744073709551611
3
18446744073709551608
18446744073709551609
5
10
18446744073709551606
18446744073709551604
2
18
18446744073709551602
18446744073709551600
14
18446744073709551598
16
21
18446744073709551595
19
18446744073709551592
18446744073709551593
12
18446744073709551614
8
18446744073709551611
3
18446744073709551608
18446744073709551609
5
10
18446744073709551606
18446744073709551604
2
18
18446744073709551602
18446744073709551600
14
18446744073709551598
16
21
18446744073709551595
19
18446744073709551592
18446744073709551593
12
18446744073709551614
8
18446744073709551611
3
18446744073709551608
18446744073709551609
5
10
18446744073709551606
18446744073709551604
2
18
18446744073709551602
18446744073709551600
14
18446744073709551598
16
21
18446744073709551595
19
18446744073709551592
18446744073709551593
12
18446744073709551614
8
18446744073709551611
3
18446744073709551608
18446744073709551609
5
10
18446744073709551606
18446744073709551604
2
18
18446744073709551602
18446744073709551600
14
18446744073709551598
16
21
18446744073709551595
19
18446744073709551592
18446744073709551593
12
18446744073709551614
8
18446744073709551611
3
18446744073709551608
18446744073709551609
5
10
18446744073709551606
18446744073709551604
2
18
18446744073709551602
18446744073709551600
14
18446744073709551598
16
21
18446744073709551595
19
18446744073709551592
18446744073709551593
12
18446744073709551614
8
18446744073709551611
3
18446744073709551608
18446744073709551609
5
10
18446744073709551606
18446744073709551604
2
18
18446744073709551602
18446744073709551600
14
18446744073709551598
16
21
18446744073709551595
19
18446744073709551592
18446744073709551593
12
18446744073709551614
8
18446744073709551611
3
18446744073709551608
18446744073709551609
5
10
18446744073709551606
18446744073709551604
2
18
18446744073709551602
18446744073709551600
14
18446744073709551598
16
21
18446744073709551595
19
18446744073709551592
18446744073709551593
12
18446744073709551614
8
18446744073709551611
3
18446744073709551608
18446744073709551609
5
10
18446744073709551606
18446744073709551604
2
18
18446744073709551602
18446744073709551600
14
18446744073709551598
16
21
18446744073709551595
19
18446744073709551592
18446744073709551593
16
4
18446744073709551612
2
18446744073709551610
1
18446744073709551608
6
12
18446744073709551606
18446744073709551605
18446744073709551604
14
18446744073709551602
18446744073709551600
8
20
18446744073709551598
18446744073709551596
18
18446744073709551592
18446744073709551594
18446744073709551593
16
4
18446744073709551612
2
18446744073709551610
1
18446744073709551608
6
12
18446744073709551606
18446744073709551605
18446744073709551604
14
18446744073709551602
18446744073709551600
8
20
18446744073709551598
18446744073709551596
18
18446744073709551592
18446744073709551594
18446744073709551593
16
4
18446744073709551612
2
18446744073709551610
1
18446744073709551608
6
12
18446744073709551606
18446744073709551605
18446744073709551604
14
18446744073709551602
18446744073709551600
8
20
18446744073709551598
18446744073709551596
18
18446744073709551592
18446744073709551594
18446744073709551593
16
4
18446744073709551612
2
18446744073709551610
1
18446744073709551608
6
12
18446744073709551606
18446744073709551605
18446744073709551604
14
18446744073709551602
18446744073709551600
8
20
18446744073709551598
18446744073709551596
18
18446744073709551592
18446744073709551594
18446744073709551593
16
4
18446744073709551612
2
18446744073709551610
1
18446744073709551608
6
12
18446744073709551606
18446744073709551605
18446744073709551604
14
18446744073709551602
18446744073709551600
8
20
18446744073709551598
18446744073709551596
18
18446744073709551592
18446744073709551594
18446744073709551593
16
4
18446744073709551612
2
18446744073709551610
1
18446744073709551608
6
12
18446744073709551606
18446744073709551605
18446744073709551604
14
18446744073709551602
18446744073709551600
8
20
18446744073709551598
18446744073709551596
18
18446744073709551592
18446744073709551594
18446744073709551593
16
4
18446744073709551612
2
18446744073709551610
1
18446744073709551608
6
12
18446744073709551606
18446744073709551605
18446744073709551604
14
18446744073709551602
18446744073709551600
8
20
18446744073709551598
18446744073709551596
18
18446744073709551592
18446744073709551594
18446744073709551593
16
4
18446744073709551612
2
18446744073709551610
1
18446744073709551608
6
12
18446744073709551606
18446744073709551605
18446744073709551604
14
18446744073709551602
18446744073709551600
8
20
18446744073709551598
18446744073709551596
18
18446744073709551592
18446744073709551594
18446744073709551593
16
4
18446744073709551612
2
18446744073709551610
1
18446744073709551608
6
12
18446744073709551606
18446744073709551605
18446744073709551604
14
18446744073709551602
18446744073709551600
8
20
18446744073709551598
18446744073709551596
18
18446744073709551592
18446744073709551594
18446744073709551593
16
4
18446744073709551612
2
18446744073709551610
1
18446744073709551608
6
12
18446744073709551606
18446744073709551605
18446744073709551604
14
18446744073709551602
18446744073709551600
8
20
18446744073709551598
18446744073709551596
18
18446744073709551592
18446744073709551594
18446744073709551593
16
4
18446744073709551612
2
18446744073709551610
1
18446744073709551608
6
12
18446744073709551606
18446744073709551605
18446744073709551604
14
18446744073709551602
18446744073709551600
8
20
18446744073709551598
18446744073709551596
18
18446744073709551592
18446744073709551594
18446744073709551593
16
4
18446744073709551612
2
18446744073709551610
1
18446744073709551608
6
12
18446744073709551606
18446744073709551605
18446744073709551604
14
18446744073709551602
18446744073709551600
8
20
18446744073709551598
18446744073709551596
18
18446744073709551592
18446744073709551594
18446744073709551593
13
18446744073709551614
18446744073709551613
18446744073709551609
18446744073709551611
18446744073709551610
3
10
18446744073709551606
8
18446744073709551603
18446744073709551604
7
17
18446744073709551600
14
18446744073709551599
22
19
18446744073709551595
18
18446744073709551594
18446744073709551592
13
18446744073709551614
18446744073709551613
18446744073709551609
18446744073709551611
18446744073709551610
3
10
18446744073709551606
8
18446744073709551603
18446744073709551604
7
17
18446744073709551600
14
18446744073709551599
22
19
18446744073709551595
18
18446744073709551594
18446744073709551592
13
18446744073709551614
18446744073709551613
18446744073709551609
18446744073709551611
18446744073709551610
3
10
18446744073709551606
8
18446744073709551603
18446744073709551604
7
17
18446744073709551600
14
18446744073709551599
22
19
18446744073709551595
18
18446744073709551594
18446744073709551592
13
18446744073709551614
18446744073709551613
18446744073709551609
18446744073709551611
18446744073709551610
3
10
18446744073709551606
8
18446744073709551603
18446744073709551604
7
17
18446744073709551600
14
18446744073709551599
22
19
18446744073709551595
18
18446744073709551594
18446744073709551592
13
18446744073709551614
18446744073709551613
18446744073709551609
18446744073709551611
18446744073709551610
3
10
18446744073709551606
8
18446744073709551603
18446744073709551604
7
17
18446744073709551600
14
18446744073709551599
22
19
18446744073709551595
18
18446744073709551594
18446744073709551592
13
18446744073709551614
18446744073709551613
18446744073709551609
18446744073709551611
18446744073709551610
3
10
18446744073709551606
8
18446744073709551603
18446744073709551604
7
17
18446744073709551600
14
18446744073709551599
22
19
18446744073709551595
18
18446744073709551594
18446744073709551592
13
18446744073709551614
18446744073709551613
18446744073709551609
18446744073709551611
18446744073709551610
3
10
18446744073709551606
8
18446744073709551603
18446744073709551604
7
17
18446744073709551600
14
18446744073709551599
22
19
18446744073709551595
18
18446744073709551594
18446744073709551592
13
18446744073709551614
18446744073709551613
18446744073709551609
18446744073709551611
18446744073709551610
3
10
18446744073709551606
8
18446744073709551603
18446744073709551604
7
17
18446744073709551600
14
18446744073709551599
22
19
18446744073709551595
18
18446744073709551594
18446744073709551592
13
18446744073709551614
18446744073709551613
18446744073709551609
18446744073709551611
18446744073709551610
3
10
18446744073709551606
8
18446744073709551603
18446744073709551604
7
17
18446744073709551600
14
18446744073709551599
22
19
18446744073709551595
18
18446744073709551594
18446744073709551592
13
18446744073709551614
18446744073709551613
18446744073709551609
18446744073709551611
18446744073709551610
3
10
18446744073709551606
8
18446744073709551603
18446744073709551604
7
17
18446744073709551600
14
18446744073709551599
22
19
18446744073709551595
18
18446744073709551594
18446744073709551592
13
18446744073709551614
18446744073709551613
18446744073709551609
18446744073709551611
18446744073709551610
3
10
18446744073709551606
8
18446744073709551603
18446744073709551604
7
17
18446744073709551600
14
18446744073709551599
22
19
18446744073709551595
18
18446744073709551594
18446744073709551592
13
18446744073709551614
18446744073709551613
18446744073709551609
18446744073709551611
18446744073709551610
3
10
18446744073709551606
8
18446744073709551603
18446744073709551604
7
17
18446744073709551600
14
18446744073709551599
22
19
18446744073709551595
18
18446744073709551594
18446744073709551592
10
18446744073709551613
1
18446744073709551611
3
8
18446744073709551608
6
18446744073709551606
5
14
18446744073709551604
18446744073709551602
12
17
18446744073709551599
15
20
18446744073709551597
18446744073709551596
18446744073709551592
18446744073709551594
18446744073709551593
10
18446744073709551613
1
18446744073709551611
3
8
18446744073709551608
6
18446744073709551606
5
14
18446744073709551604
18446744073709551602
12
17
18446744073709551599
15
20
18446744073709551597
18446744073709551596
18446744073709551592
18446744073709551594
18446744073709551593
10
18446744073709551613
1
18446744073709551611
3
8
18446744073709551608
6
18446744073709551606
5
14
18446744073709551604
18446744073709551602
12
17
18446744073709551599
15
20
18446744073709551597
18446744073709551596
18446744073709551592
18446744073709551594
18446744073709551593
10
18446744073709551613
1
18446744073709551611
3
8
18446744073709551608
6
18446744073709551606
5
14
18446744073709551604
18446744073709551602
12
17
18446744073709551599
15
20
18446744073709551597
18446744073709551596
18446744073709551592
18446744073709551594
18446744073709551593
10
18446744073709551613
1
18446744073709551611
3
8
18446744073709551608
6
18446744073709551606
5
14
18446744073709551604
18446744073709551602
12
17
18446744073709551599
15
20
18446744073709551597
18446744073709551596
18446744073709551592
18446744073709551594
18446744073709551593
10
18446744073709551613
1
18446744073709551611
3
8
18446744073709551608
6
18446744073709551606
5
14
18446744073709551604
18446744073709551602
12
17
18446744073709551599
15
20
18446744073709551597
18446744073709551596
18446744073709551592
18446744073709551594
18446744073709551593
10
18446744073709551613
1
18446744073709551611
3
8
18446744073709551608
6
18446744073709551606
5
14
18446744073709551604
18446744073709551602
12
17
18446744073709551599
15
20
18446744073709551597
18446744073709551596
18446744073709551592
18446744073709551594
18446744073709551593
10
18446744073709551613
1
18446744073709551611
3
8
18446744073709551608
6
18446744073709551606
5
14
18446744073709551604
18446744073709551602
12
17
18446744073709551599
15
20
18446744073709551597
18446744073709551596
18446744073709551592
18446744073709551594
18446744073709551593
10
18446744073709551613
1
18446744073709551611
3
8
18446744073709551608
6
18446744073709551606
5
14
18446744073709551604
18446744073709551602
12
17
18446744073709551599
15
20
18446744073709551597
18446744073709551596
18446744073709551592
18446744073709551594
18446744073709551593
10
18446744073709551613
1
18446744073709551611
3
8
18446744073709551608
6
18446744073709551606
5
14
18446744073709551604
18446744073709551602
12
17
18446744073709551599
15
20
18446744073709551597
18446744073709551596
18446744073709551592
18446744073709551594
18446744073709551593
10
18446744073709551613
1
18446744073709551611
3
8
18446744073709551608
6
18446744073709551606
5
14
18446744073709551604
18446744073709551602
12
17
18446744073709551599
15
20
18446744073709551597
18446744073709551596
18446744073709551592
18446744073709551594
18446744073709551593
10
18446744073709551613
1
18446744073709551611
3
8
18446744073709551608
6
18446744073709551606
5
14
18446744073709551604
18446744073709551602
12
17
18446744073709551599
15
20
18446744073709551597
18446744073709551596
18446744073709551592
18446744073709551594
18446744073709551593
18
2
18446744073709551612
1
6
18446744073709551610
18446744073709551607
18446744073709551608
4
14
18446744073709551605
12
18446744073709551602
11
15
18446744073709551598
18446744073709551599
9
21
18446744073709551595
19
22
18446744073709551592
18
2
18446744073709551612
1
6
18446744073709551610
18446744073709551607
18446744073709551608
4
14
18446744073709551605
12
18446744073709551602
11
15
18446744073709551598
18446744073709551599
9
21
18446744073709551595
19
22
18446744073709551592
18
2
18446744073709551612
1
6
18446744073709551610
18446744073709551607
18446744073709551608
4
14
18446744073709551605
12
18446744073709551602
11
15
18446744073709551598
18446744073709551599
9
21
18446744073709551595
19
22
18446744073709551592
18
2
18446744073709551612
1
6
18446744073709551610
18446744073709551607
18446744073709551608
4
14
18446744073709551605
12
18446744073709551602
11
15
18446744073709551598
18446744073709551599
9
21
18446744073709551595
19
22
18446744073709551592
18
2
18446744073709551612
1
6
18446744073709551610
18446744073709551607
18446744073709551608
4
14
18446744073709551605
12
18446744073709551602
11
15
18446744073709551598
18446744073709551599
9
21
18446744073709551595
19
22
18446744073709551592
18
2
18446744073709551612
1
6
18446744073709551610
18446744073709551607
18446744073709551608
4
14
18446744073709551605
12
18446744073709551602
11
15
18446744073709551598
18446744073709551599
9
21
18446744073709551595
19
22
18446744073709551592
18
2
18446744073709551612
1
6
18446744073709551610
18446744073709551607
18446744073709551608
4
14
18446744073709551605
12
18446744073709551602
11
15
18446744073709551598
18446744073709551599
9
21
18446744073709551595
19
22
18446744073709551592
18
2
18446744073709551612
1
6
18446744073709551610
18446744073709551607
18446744073709551608
4
14
18446744073709551605
12
18446744073709551602
11
15
18446744073709551598
18446744073709551599
9
21
18446744073709551595
19
22
18446744073709551592
18
2
18446744073709551612
1
6
18446744073709551610
18446744073709551607
18446744073709551608
4
14
18446744073709551605
12
18446744073709551602
11
15
18446744073709551598
18446744073709551599
9
21
18446744073709551595
19
22
18446744073709551592
18
2
18446744073709551612
1
6
18446744073709551610
18446744073709551607
18446744073709551608
4
14
18446744073709551605
12
18446744073709551602
11
15
18446744073709551598
18446744073709551599
9
21
18446744073709551595
19
22
18446744073709551592
18
2
18446744073709551612
1
6
18446744073709551610
18446744073709551607
18446744073709551608
4
14
18446744073709551605
12
18446744073709551602
11
15
18446744073709551598
18446744073709551599
9
21
18446744073709551595
19
22
18446744073709551592
18
2
18446744073709551612
1
6
18446744073709551610
18446744073709551607
18446744073709551608
4
14
18446744073709551605
12
18446744073709551602
11
15
18446744073709551598
18446744073709551599
9
21
18446744073709551595
19
22
18446744073709551592
14
18446744073709551614
18446744073709551611
18446744073709551612
2
7
18446744073709551609
18446744073709551607
5
18446744073709551602
11
18446744073709551603
10
9
19
18446744073709551600
18446744073709551599
18446744073709551597
17
22
18446744073709551595
18446744073709551594
18446744073709551592
14
18446744073709551614
18446744073709551611
18446744073709551612
2
7
18446744073709551609
18446744073709551607
5
18446744073709551602
11
18446744073709551603
10
9
19
18446744073709551600
18446744073709551599
18446744073709551597
17
22
18446744073709551595
18446744073709551594
18446744073709551592
14
18446744073709551614
18446744073709551611
18446744073709551612
2
7
18446744073709551609
18446744073709551607
5
18446744073709551602
11
18446744073709551603
10
9
19
18446744073709551600
18446744073709551599
18446744073709551597
17
22
18446744073709551595
18446744073709551594
18446744073709551592
14
18446744073709551614
18446744073709551611
18446744073709551612
2
7
18446744073709551609
18446744073709551607
5
18446744073709551602
11
18446744073709551603
10
9
19
18446744073709551600
18446744073709551599
18446744073709551597
17
22
18446744073709551595
18446744073709551594
18446744073709551592
14
18446744073709551614
18446744073709551611
18446744073709551612
2
7
18446744073709551609
18446744073709551607
5
18446744073709551602
11
18446744073709551603
10
9
19
18446744073709551600
18446744073709551599
18446744073709551597
17
22
18446744073709551595
18446744073709551594
18446744073709551592
14
18446744073709551614
18446744073709551611
18446744073709551612
2
7
18446744073709551609
18446744073709551607
5
18446744073709551602
11
18446744073709551603
10
9
19
18446744073709551600
18446744073709551599
18446744073709551597
17
22
18446744073709551595
18446744073709551594
18446744073709551592
14
18446744073709551614
18446744073709551611
18446744073709551612
2
7
18446744073709551609
18446744073709551607
5
18446744073709551602
11
18446744073709551603
10
9
19
18446744073709551600
18446744073709551599
18446744073709551597
17
22
18446744073709551595
18446744073709551594
18446744073709551592
14
18446744073709551614
18446744073709551611
18446744073709551612
2
7
18446744073709551609
18446744073709551607
5
18446744073709551602
11
18446744073709551603
10
9
19
18446744073709551600
18446744073709551599
18446744073709551597
17
22
18446744073709551595
18446744073709551594
18446744073709551592
14
18446744073709551614
18446744073709551611
18446744073709551612
2
7
18446744073709551609
18446744073709551607
5
18446744073709551602
11
18446744073709551603
10
9
19
18446744073709551600
18446744073709551599
18446744073709551597
17
22
18446744073709551595
18446744073709551594
18446744073709551592
14
18446744073709551614
18446744073709551611
18446744073709551612
2
7
18446744073709551609
18446744073709551607
5
18446744073709551602
11
18446744073709551603
10
9
19
18446744073709551600
18446744073709551599
18446744073709551597
17
22
18446744073709551595
18446744073709551594
18446744073709551592
14
18446744073709551614
18446744073709551611
18446744073709551612
2
7
18446744073709551609
18446744073709551607
5
18446744073709551602
11
18446744073709551603
10
9
19
18446744073709551600
18446744073709551599
18446744073709551597
17
22
18446744073709551595
18446744073709551594
18446744073709551592
14
18446744073709551614
18446744073709551611
18446744073709551612
2
7
18446744073709551609
18446744073709551607
5
18446744073709551602
11
18446744073709551603
10
9
19
18446744073709551600
18446744073709551599
18446744073709551597
17
22
18446744073709551595
18446744073709551594
18446744073709551592
9
18446744073709551611
18446744073709551612
2
1
18446744073709551607
18446744073709551608
6
5
17
18446744073709551605
18446744073709551604
18446744073709551603
18446744073709551599
18446744073709551600
14
13
19
18446744073709551597
22
18446744073709551595
18446744073709551594
18446744073709551592
9
18446744073709551611
18446744073709551612
2
1
18446744073709551607
18446744073709551608
6
5
17
18446744073709551605
18446744073709551604
18446744073709551603
18446744073709551599
18446744073709551600
14
13
19
18446744073709551597
22
18446744073709551595
18446744073709551594
18446744073709551592
9
18446744073709551611
18446744073709551612
2
1
18446744073709551607
18446744073709551608
6
5
17
18446744073709551605
18446744073709551604
18446744073709551603
18446744073709551599
18446744073709551600
14
13
19
18446744073709551597
22
18446744073709551595
18446744073709551594
18446744073709551592
9
18446744073709551611
18446744073709551612
2
1
18446744073709551607
18446744073709551608
6
5
17
18446744073709551605
18446744073709551604
18446744073709551603
18446744073709551599
18446744073709551600
14
13
19
18446744073709551597
22
18446744073709551595
18446744073709551594
18446744073709551592
9
18446744073709551611
18446744073709551612
2
1
18446744073709551607
18446744073709551608
6
5
17
18446744073709551605
18446744073709551604
18446744073709551603
18446744073709551599
18446744073709551600
14
13
19
18446744073709551597
22
18446744073709551595
18446744073709551594
18446744073709551592
9
18446744073709551611
18446744073709551612
2
1
18446744073709551607
18446744073709551608
6
5
17
18446744073709551605
18446744073709551604
18446744073709551603
18446744073709551599
18446744073709551600
14
13
19
18446744073709551597
22
18446744073709551595
18446744073709551594
18446744073709551592
9
18446744073709551611
18446744073709551612
2
1
18446744073709551607
18446744073709551608
6
5
17
18446744073709551605
18446744073709551604
18446744073709551603
18446744073709551599
18446744073709551600
14
13
19
18446744073709551597
22
18446744073709551595
18446744073709551594
18446744073709551592
9
18446744073709551611
18446744073709551612
2
1
18446744073709551607
18446744073709551608
6
5
17
18446744073709551605
18446744073709551604
18446744073709551603
18446744073709551599
18446744073709551600
14
13
19
18446744073709551597
22
18446744073709551595
18446744073709551594
18446744073709551592
9
18446744073709551611
18446744073709551612
2
1
18446744073709551607
18446744073709551608
6
5
17
18446744073709551605
18446744073709551604
18446744073709551603
18446744073709551599
18446744073709551600
14
13
19
18446744073709551597
22
18446744073709551595
18446744073709551594
18446744073709551592
9
18446744073709551611
18446744073709551612
2
1
18446744073709551607
18446744073709551608
6
5
17
18446744073709551605
18446744073709551604
18446744073709551603
18446744073709551599
18446744073709551600
14
13
19
18446744073709551597
22
18446744073709551595
18446744073709551594
18446744073709551592
9
18446744073709551611
18446744073709551612
2
1
18446744073709551607
18446744073709551608
6
5
17
18446744073709551605
18446744073709551604
18446744073709551603
18446744073709551599
18446744073709551600
14
13
19
18446744073709551597
22
18446744073709551595
18446744073709551594
18446744073709551592
9
18446744073709551611
18446744073709551612
2
1
18446744073709551607
18446744073709551608
6
5
17
18446744073709551605
18446744073709551604
18446744073709551603
18446744073709551599
18446744073709551600
14
13
19
18446744073709551597
22
18446744073709551595
18446744073709551594
18446744073709551592
16
2
18446744073709551612
1
18446744073709551610
4
18446744073709551609
11
18446744073709551607
18446744073709551606
18446744073709551605
12
14
18446744073709551602
18446744073709551600
7
19
18446744073709551598
18446744073709551597
18446744073709551592
21
18446744073709551593
20
16
2
18446744073709551612
1
18446744073709551610
4
18446744073709551609
11
18446744073709551607
18446744073709551606
18446744073709551605
12
14
18446744073709551602
18446744073709551600
7
19
18446744073709551598
18446744073709551597
18446744073709551592
21
18446744073709551593
20
16
2
18446744073709551612
1
18446744073709551610
4
18446744073709551609
11
18446744073709551607
18446744073709551606
18446744073709551605
12
14
18446744073709551602
18446744073709551600
7
19
18446744073709551598
18446744073709551597
18446744073709551592
21
18446744073709551593
20
16
2
18446744073709551612
1
18446744073709551610
4
18446744073709551609
11
18446744073709551607
18446744073709551606
18446744073709551605
12
14
18446744073709551602
18446744073709551600
7
19
18446744073709551598
18446744073709551597
18446744073709551592
21
18446744073709551593
20
16
2
18446744073709551612
1
18446744073709551610
4
18446744073709551609
11
18446744073709551607
18446744073709551606
18446744073709551605
12
14
18446744073709551602
18446744073709551600
7
19
18446744073709551598
18446744073709551597
18446744073709551592
21
18446744073709551593
20
16
2
18446744073709551612
1
18446744073709551610
4
18446744073709551609
11
18446744073709551607
18446744073709551606
18446744073709551605
12
14
18446744073709551602
18446744073709551600
7
19
18446744073709551598
18446744073709551597
18446744073709551592
21
18446744073709551593
20
16
2
18446744073709551612
1
18446744073709551610
4
18446744073709551609
11
18446744073709551607
18446744073709551606
18446744073709551605
12
14
18446744073709551602
18446744073709551600
7
19
18446744073709551598
18446744073709551597
18446744073709551592
21
18446744073709551593
20
16
2
18446744073709551612
1
18446744073709551610
4
18446744073709551609
11
18446744073709551607
18446744073709551606
18446744073709551605
12
14
18446744073709551602
18446744073709551600
7
19
18446744073709551598
18446744073709551597
18446744073709551592
21
18446744073709551593
20
16
2
18446744073709551612
1
18446744073709551610
4
18446744073709551609
11
18446744073709551607
18446744073709551606
18446744073709551605
12
14
18446744073709551602
18446744073709551600
7
19
18446744073709551598
18446744073709551597
18446744073709551592
21
18446744073709551593
20
16
2
18446744073709551612
1
18446744073709551610
4
18446744073709551609
11
18446744073709551607
18446744073709551606
18446744073709551605
12
14
18446744073709551602
18446744073709551600
7
19
18446744073709551598
18446744073709551597
18446744073709551592
21
18446744073709551593
20
16
2
18446744073709551612
1
18446744073709551610
4
18446744073709551609
11
18446744073709551607
18446744073709551606
18446744073709551605
12
14
18446744073709551602
18446744073709551600
7
19
18446744073709551598
18446744073709551597
18446744073709551592
21
18446744073709551593
20
16
2
18446744073709551612
1
18446744073709551610
4
18446744073709551609
11
18446744073709551607
18446744073709551606
18446744073709551605
12
14
18446744073709551602
18446744073709551600
7
19
18446744073709551598
18446744073709551597
18446744073709551592
21
18446744073709551593
20
10
18446744073709551613
1
18446744073709551611
3
18446744073709551608
18446744073709551609
5
18446744073709551606
8
19
18446744073709551604
18446744073709551603
17
18446744073709551601
18446744073709551599
15
18446744073709551597
13
18446744073709551592
18446744073709551595
18446744073709551593
21
10
18446744073709551613
1
18446744073709551611
3
18446744073709551608
18446744073709551609
5
18446744073709551606
8
19
18446744073709551604
18446744073709551603
17
18446744073709551601
18446744073709551599
15
18446744073709551597
13
18446744073709551592
18446744073709551595
18446744073709551593
21
10
18446744073709551613
1
18446744073709551611
3
18446744073709551608
18446744073709551609
5
18446744073709551606
8
19
18446744073709551604
18446744073709551603
17
18446744073709551601
18446744073709551599
15
18446744073709551597
13
18446744073709551592
18446744073709551595
18446744073709551593
21
10
18446744073709551613
1
18446744073709551611
3
18446744073709551608
18446744073709551609
5
18446744073709551606
8
19
18446744073709551604
18446744073709551603
17
18446744073709551601
18446744073709551599
15
18446744073709551597
13
18446744073709551592
18446744073709551595
18446744073709551593
21
10
18446744073709551613
1
18446744073709551611
3
18446744073709551608
18446744073709551609
5
18446744073709551606
8
19
18446744073709551604
18446744073709551603
17
18446744073709551601
18446744073709551599
15
18446744073709551597
13
18446744073709551592
18446744073709551595
18446744073709551593
21
10
18446744073709551613
1
18446744073709551611
3
18446744073709551608
18446744073709551609
5
18446744073709551606
8
19
18446744073709551604
18446744073709551603
17
18446744073709551601
18446744073709551599
15
18446744073709551597
13
18446744073709551592
18446744073709551595
18446744073709551593
21
10
18446744073709551613
1
18446744073709551611
3
18446744073709551608
18446744073709551609
5
18446744073709551606
8
19
18446744073709551604
18446744073709551603
17
18446744073709551601
18446744073709551599
15
18446744073709551597
13
18446744073709551592
18446744073709551595
18446744073709551593
21
10
18446744073709551613
1
18446744073709551611
3
18446744073709551608
18446744073709551609
5
18446744073709551606
8
19
18446744073709551604
18446744073709551603
17
18446744073709551601
18446744073709551599
15
18446744073709551597
13
18446744073709551592
18446744073709551595
18446744073709551593
21
10
18446744073709551613
1
18446744073709551611
3
18446744073709551608
18446744073709551609
5
18446744073709551606
8
19
18446744073709551604
18446744073709551603
17
18446744073709551601
18446744073709551599
15
18446744073709551597
13
18446744073709551592
18446744073709551595
18446744073709551593
21
10
18446744073709551613
1
18446744073709551611
3
18446744073709551608
18446744073709551609
5
18446744073709551606
8
19
18446744073709551604
18446744073709551603
17
18446744073709551601
18446744073709551599
15
18446744073709551597
13
18446744073709551592
18446744073709551595
18446744073709551593
21
10
18446744073709551613
1
18446744073709551611
3
18446744073709551608
18446744073709551609
5
18446744073709551606
8
19
18446744073709551604
18446744073709551603
17
18446744073709551601
18446744073709551599
15
18446744073709551597
13
18446744073709551592
18446744073709551595
18446744073709551593
21
10
18446744073709551613
1
18446744073709551611
3
18446744073709551608
18446744073709551609
5
18446744073709551606
8
19
18446744073709551604
18446744073709551603
17
18446744073709551601
18446744073709551599
15
18446744073709551597
13
18446744073709551592
18446744073709551595
18446744073709551593
21
17
18446744073709551614
18446744073709551613
18446744073709551612
6
18446744073709551610
18446744073709551608
4
10
18446744073709551606
13
18446744073709551603
11
18446744073709551599
18446744073709551601
18446744073709551600
8
20
18446744073709551597
18446744073709551596
21
22
18446744073709551592
17
18446744073709551614
18446744073709551613
18446744073709551612
6
18446744073709551610
18446744073709551608
4
10
18446744073709551606
13
18446744073709551603
11
18446744073709551599
18446744073709551601
18446744073709551600
8
20
18446744073709551597
18446744073709551596
21
22
18446744073709551592
17
18446744073709551614
18446744073709551613
18446744073709551612
6
18446744073709551610
18446744073709551608
4
10
18446744073709551606
13
18446744073709551603
11
18446744073709551599
18446744073709551601
18446744073709551600
8
20
18446744073709551597
18446744073709551596
21
22
18446744073709551592
17
18446744073709551614
18446744073709551613
18446744073709551612
6
18446744073709551610
18446744073709551608
4
10
18446744073709551606
13
18446744073709551603
11
18446744073709551599
18446744073709551601
18446744073709551600
8
20
18446744073709551597
18446744073709551596
21
22
18446744073709551592
17
18446744073709551614
18446744073709551613
18446744073709551612
6
18446744073709551610
18446744073709551608
4
10
18446744073709551606
13
18446744073709551603
11
18446744073709551599
18446744073709551601
18446744073709551600
8
20
18446744073709551597
18446744073709551596
21
22
18446744073709551592
17
18446744073709551614
18446744073709551613
18446744073709551612
6
18446744073709551610
18446744073709551608
4
10
18446744073709551606
13
18446744073709551603
11
18446744073709551599
18446744073709551601
18446744073709551600
8
20
18446744073709551597
18446744073709551596
21
22
18446744073709551592
17
18446744073709551614
18446744073709551613
18446744073709551612
6
18446744073709551610
18446744073709551608
4
10
18446744073709551606
13
18446744073709551603
11
18446744073709551599
18446744073709551601
18446744073709551600
8
20
18446744073709551597
18446744073709551596
21
22
18446744073709551592
17
18446744073709551614
18446744073709551613
18446744073709551612
6
18446744073709551610
18446744073709551608
4
10
18446744073709551606
13
18446744073709551603
11
18446744073709551599
18446744073709551601
18446744073709551600
8
20
18446744073709551597
18446744073709551596
21
22
18446744073709551592
17
18446744073709551614
18446744073709551613
18446744073709551612
6
18446744073709551610
18446744073709551608
4
10
18446744073709551606
13
18446744073709551603
11
18446744073709551599
18446744073709551601
18446744073709551600
8
20
18446744073709551597
18446744073709551596
21
22
18446744073709551592
17
18446744073709551614
18446744073709551613
18446744073709551612
6
18446744073709551610
18446744073709551608
4
10
18446744073709551606
13
18446744073709551603
11
18446744073709551599
18446744073709551601
18446744073709551600
8
20
18446744073709551597
18446744073709551596
21
22
18446744073709551592
17
18446744073709551614
18446744073709551613
18446744073709551612
6
18446744073709551610
18446744073709551608
4
10
18446744073709551606
13
18446744073709551603
11
18446744073709551599
18446744073709551601
18446744073709551600
8
20
18446744073709551597
18446744073709551596
21
22
18446744073709551592
17
18446744073709551614
18446744073709551613
18446744073709551612
6
18446744073709551610
18446744073709551608
4
10
18446744073709551606
13
18446744073709551603
11
18446744073709551599
18446744073709551601
18446744073709551600
8
20
18446744073709551597
18446744073709551596
21
22
18446744073709551592
9
18446744073709551614
18446744073709551612
2
6
18446744073709551610
18446744073709551607
18446744073709551608
4
15
18446744073709551605
18446744073709551603
11
18446744073709551601
13
20
18446744073709551599
18446744073709551596
18446744073709551597
17
22
18446744073709551594
18446744073709551592
9
18446744073709551614
18446744073709551612
2
6
18446744073709551610
18446744073709551607
18446744073709551608
4
15
18446744073709551605
18446744073709551603
11
18446744073709551601
13
20
18446744073709551599
18446744073709551596
18446744073709551597
17
22
18446744073709551594
18446744073709551592
9
18446744073709551614
18446744073709551612
2
6
18446744073709551610
18446744073709551607
18446744073709551608
4
15
18446744073709551605
18446744073709551603
11
18446744073709551601
13
20
18446744073709551599
18446744073709551596
18446744073709551597
17
22
18446744073709551594
18446744073709551592
9
18446744073709551614
18446744073709551612
2
6
18446744073709551610
18446744073709551607
18446744073709551608
4
15
18446744073709551605
18446744073709551603
11
18446744073709551601
13
20
18446744073709551599
18446744073709551596
18446744073709551597
17
22
18446744073709551594
18446744073709551592
9
18446744073709551614
18446744073709551612
2
6
18446744073709551610
18446744073709551607
18446744073709551608
4
15
18446744073709551605
18446744073709551603
11
18446744073709551601
13
20
18446744073709551599
18446744073709551596
18446744073709551597
17
22
18446744073709551594
18446744073709551592
9
18446744073709551614
18446744073709551612
2
6
18446744073709551610
18446744073709551607
18446744073709551608
4
15
18446744073709551605
18446744073709551603
11
18446744073709551601
13
20
18446744073709551599
18446744073709551596
18446744073709551597
17
22
18446744073709551594
18446744073709551592
9
18446744073709551614
18446744073709551612
2
6
18446744073709551610
18446744073709551607
18446744073709551608
4
15
18446744073709551605
18446744073709551603
11
18446744073709551601
13
20
18446744073709551599
18446744073709551596
18446744073709551597
17
22
18446744073709551594
18446744073709551592
9
18446744073709551614
18446744073709551612
2
6
18446744073709551610
18446744073709551607
18446744073709551608
4
15
18446744073709551605
18446744073709551603
11
18446744073709551601
13
20
18446744073709551599
18446744073709551596
18446744073709551597
17
22
18446744073709551594
18446744073709551592
9
18446744073709551614
18446744073709551612
2
6
18446744073709551610
18446744073709551607
18446744073709551608
4
15
18446744073709551605
18446744073709551603
11
18446744073709551601
13
20
18446744073709551599
18446744073709551596
18446744073709551597
17
22
18446744073709551594
18446744073709551592
9
18446744073709551614
18446744073709551612
2
6
18446744073709551610
18446744073709551607
18446744073709551608
4
15
18446744073709551605
18446744073709551603
11
18446744073709551601
13
20
18446744073709551599
18446744073709551596
18446744073709551597
17
22
18446744073709551594
18446744073709551592
9
18446744073709551614
18446744073709551612
2
6
18446744073709551610
18446744073709551607
18446744073709551608
4
15
18446744073709551605
18446744073709551603
11
18446744073709551601
13
20
18446744073709551599
18446744073709551596
18446744073709551597
17
22
18446744073709551594
18446744073709551592
9
18446744073709551614
18446744073709551612
2
6
18446744073709551610
18446744073709551607
18446744073709551608
4
15
18446744073709551605
18446744073709551603
11
18446744073709551601
13
20
18446744073709551599
18446744073709551596
18446744073709551597
17
22
18446744073709551594
18446744073709551592
11
18446744073709551614
18446744073709551612
2
6
18446744073709551610
9
18446744073709551607
7
18446744073709551605
4
19
18446744073709551603
18446744073709551601
13
17
18446744073709551599
18446744073709551597
15
20
21
22
18446744073709551592
11
18446744073709551614
18446744073709551612
2
6
18446744073709551610
9
18446744073709551607
7
18446744073709551605
4
19
18446744073709551603
18446744073709551601
13
17
18446744073709551599
18446744073709551597
15
20
21
22
18446744073709551592
11
18446744073709551614
18446744073709551612
2
6
18446744073709551610
9
18446744073709551607
7
18446744073709551605
4
19
18446744073709551603
18446744073709551601
13
17
18446744073709551599
18446744073709551597
15
20
21
22
18446744073709551592
11
18446744073709551614
18446744073709551612
2
6
18446744073709551610
9
18446744073709551607
7
18446744073709551605
4
19
18446744073709551603
18446744073709551601
13
17
18446744073709551599
18446744073709551597
15
20
21
22
18446744073709551592
11
18446744073709551614
18446744073709551612
2
6
18446744073709551610
9
18446744073709551607
7
18446744073709551605
4
19
18446744073709551603
18446744073709551601
13
17
18446744073709551599
18446744073709551597
15
20
21
22
18446744073709551592
11
18446744073709551614
18446744073709551612
2
6
18446744073709551610
9
18446744073709551607
7
18446744073709551605
4
19
18446744073709551603
18446744073709551601
13
17
18446744073709551599
18446744073709551597
15
20
21
22
18446744073709551592
11
18446744073709551614
18446744073709551612
2
6
18446744073709551610
9
18446744073709551607
7
18446744073709551605
4
19
18446744073709551603
18446744073709551601
13
17
18446744073709551599
18446744073709551597
15
20
21
22
18446744073709551592
11
18446744073709551614
18446744073709551612
2
6
18446744073709551610
9
18446744073709551607
7
18446744073709551605
4
19
18446744073709551603
18446744073709551601
13
17
18446744073709551599
18446744073709551597
15
20
21
22
18446744073709551592
11
18446744073709551614
18446744073709551612
2
6
18446744073709551610
9
18446744073709551607
7
18446744073709551605
4
19
18446744073709551603
18446744073709551601
13
17
18446744073709551599
18446744073709551597
15
20
21
22
18446744073709551592
11
18446744073709551614
18446744073709551612
2
6
18446744073709551610
9
18446744073709551607
7
18446744073709551605
4
19
18446744073709551603
18446744073709551601
13
17
18446744073709551599
18446744073709551597
15
20
21
22
18446744073709551592
11
18446744073709551614
18446744073709551612
2
6
18446744073709551610
9
18446744073709551607
7
18446744073709551605
4
19
18446744073709551603
18446744073709551601
13
17
18446744073709551599
18446744073709551597
15
20
21
22
18446744073709551592
11
18446744073709551614
18446744073709551612
2
6
18446744073709551610
9
18446744073709551607
7
18446744073709551605
4
19
18446744073709551603
18446744073709551601
13
17
18446744073709551599
18446744073709551597
15
20
21
22
18446744073709551592
13
6
18446744073709551612
2
18446744073709551610
4
8
18446744073709551608
18446744073709551606
1
18446744073709551603
18446744073709551604
10
18
18446744073709551601
16
18446744073709551598
15
18446744073709551592
18446744073709551596
21
18446744073709551593
20
13
6
18446744073709551612
2
18446744073709551610
4
8
18446744073709551608
18446744073709551606
1
18446744073709551603
18446744073709551604
10
18
18446744073709551601
16
18446744073709551598
15
18446744073709551592
18446744073709551596
21
18446744073709551593
20
13
6
18446744073709551612
2
18446744073709551610
4
8
18446744073709551608
18446744073709551606
1
18446744073709551603
18446744073709551604
10
18
18446744073709551601
16
18446744073709551598
15
18446744073709551592
18446744073709551596
21
18446744073709551593
20
13
6
18446744073709551612
2
18446744073709551610
4
8
18446744073709551608
18446744073709551606
1
18446744073709551603
18446744073709551604
10
18
18446744073709551601
16
18446744073709551598
15
18446744073709551592
18446744073709551596
21
18446744073709551593
20
13
6
18446744073709551612
2
18446744073709551610
4
8
18446744073709551608
18446744073709551606
1
18446744073709551603
18446744073709551604
10
18
18446744073709551601
16
18446744073709551598
15
18446744073709551592
18446744073709551596
21
18446744073709551593
20
13
6
18446744073709551612
2
18446744073709551610
4
8
18446744073709551608
18446744073709551606
1
18446744073709551603
18446744073709551604
10
18
18446744073709551601
16
18446744073709551598
15
18446744073709551592
18446744073709551596
21
18446744073709551593
20
13
6
18446744073709551612
2
18446744073709551610
4
8
18446744073709551608
18446744073709551606
1
18446744073709551603
18446744073709551604
10
18
18446744073709551601
16
18446744073709551598
15
18446744073709551592
18446744073709551596
21
18446744073709551593
20
13
6
18446744073709551612
2
18446744073709551610
4
8
18446744073709551608
18446744073709551606
1
18446744073709551603
18446744073709551604
10
18
18446744073709551601
16
18446744073709551598
15
18446744073709551592
18446744073709551596
21
18446744073709551593
20
13
6
18446744073709551612
2
18446744073709551610
4
8
18446744073709551608
18446744073709551606
1
18446744073709551603
18446744073709551604
10
18
18446744073709551601
16
18446744073709551598
15
18446744073709551592
18446744073709551596
21
18446744073709551593
20
13
6
18446744073709551612
2
18446744073709551610
4
8
18446744073709551608
18446744073709551606
1
18446744073709551603
18446744073709551604
10
18
18446744073709551601
16
18446744073709551598
15
18446744073709551592
18446744073709551596
21
18446744073709551593
20
13
6
18446744073709551612
2
18446744073709551610
4
8
18446744073709551608
18446744073709551606
1
18446744073709551603
18446744073709551604
10
18
18446744073709551601
16
18446744073709551598
15
18446744073709551592
18446744073709551596
21
18446744073709551593
20
13
6
18446744073709551612
2
18446744073709551610
4
8
18446744073709551608
18446744073709551606
1
18446744073709551603
18446744073709551604
10
18
18446744073709551601
16
18446744073709551598
15
18446744073709551592
18446744073709551596
21
18446744073709551593
20
15
18446744073709551614
18446744073709551613
5
18446744073709551611
6
18446744073709551608
3
11
18446744073709551605
9
12
18446744073709551601
18446744073709551602
8
21
18446744073709551599
18446744073709551595
18446744073709551596
18
17
18446744073709551592
18446744073709551593
15
18446744073709551614
18446744073709551613
5
18446744073709551611
6
18446744073709551608
3
11
18446744073709551605
9
12
18446744073709551601
18446744073709551602
8
21
18446744073709551599
18446744073709551595
18446744073709551596
18
17
18446744073709551592
18446744073709551593
15
18446744073709551614
18446744073709551613
5
18446744073709551611
6
18446744073709551608
3
11
18446744073709551605
9
12
18446744073709551601
18446744073709551602
8
21
18446744073709551599
18446744073709551595
18446744073709551596
18
17
18446744073709551592
18446744073709551593
15
18446744073709551614
18446744073709551613
5
18446744073709551611
6
18446744073709551608
3
11
18446744073709551605
9
12
18446744073709551601
18446744073709551602
8
21
18446744073709551599
18446744073709551595
18446744073709551596
18
17
18446744073709551592
18446744073709551593
15
18446744073709551614
18446744073709551613
5
18446744073709551611
6
18446744073709551608
3
11
18446744073709551605
9
12
18446744073709551601
18446744073709551602
8
21
18446744073709551599
18446744073709551595
18446744073709551596
18
17
18446744073709551592
18446744073709551593
15
18446744073709551614
18446744073709551613
5
18446744073709551611
6
18446744073709551608
3
11
18446744073709551605
9
12
18446744073709551601
18446744073709551602
8
21
18446744073709551599
18446744073709551595
18446744073709551596
18
17
18446744073709551592
18446744073709551593
15
18446744073709551614
18446744073709551613
5
18446744073709551611
6
18446744073709551608
3
11
18446744073709551605
9
12
18446744073709551601
18446744073709551602
8
21
18446744073709551599
18446744073709551595
18446744073709551596
18
17
18446744073709551592
18446744073709551593
15
18446744073709551614
18446744073709551613
5
18446744073709551611
6
18446744073709551608
3
11
18446744073709551605
9
12
18446744073709551601
18446744073709551602
8
21
18446744073709551599
18446744073709551595
18446744073709551596
18
17
18446744073709551592
18446744073709551593
15
18446744073709551614
18446744073709551613
5
18446744073709551611
6
18446744073709551608
3
11
18446744073709551605
9
12
18446744073709551601
18446744073709551602
8
21
18446744073709551599
18446744073709551595
18446744073709551596
18
17
18446744073709551592
18446744073709551593
15
18446744073709551614
18446744073709551613
5
18446744073709551611
6
18446744073709551608
3
11
18446744073709551605
9
12
18446744073709551601
18446744073709551602
8
21
18446744073709551599
18446744073709551595
18446744073709551596
18
17
18446744073709551592
18446744073709551593
15
18446744073709551614
18446744073709551613
5
18446744073709551611
6
18446744073709551608
3
11
18446744073709551605
9
12
18446744073709551601
18446744073709551602
8
21
18446744073709551599
18446744073709551595
18446744073709551596
18
17
18446744073709551592
18446744073709551593
15
18446744073709551614
18446744073709551613
5
18446744073709551611
6
18446744073709551608
3
11
18446744073709551605
9
12
18446744073709551601
18446744073709551602
8
21
18446744073709551599
18446744073709551595
18446744073709551596
18
17
18446744073709551592
18446744073709551593
9
18446744073709551614
18446744073709551613
4
18446744073709551610
3
18446744073709551607
18446744073709551608
6
19
18446744073709551605
18446744073709551602
18446744073709551603
11
15
16
17
18446744073709551597
14
21
18446744073709551595
18446744073709551592
18446744073709551593
9
18446744073709551614
18446744073709551613
4
18446744073709551610
3
18446744073709551607
18446744073709551608
6
19
18446744073709551605
18446744073709551602
18446744073709551603
11
15
16
17
18446744073709551597
14
21
18446744073709551595
18446744073709551592
18446744073709551593
9
18446744073709551614
18446744073709551613
4
18446744073709551610
3
18446744073709551607
18446744073709551608
6
19
18446744073709551605
18446744073709551602
18446744073709551603
11
15
16
17
18446744073709551597
14
21
18446744073709551595
18446744073709551592
18446744073709551593
9
18446744073709551614
18446744073709551613
4
18446744073709551610
3
18446744073709551607
18446744073709551608
6
19
18446744073709551605
18446744073709551602
18446744073709551603
11
15
16
17
18446744073709551597
14
21
18446744073709551595
18446744073709551592
18446744073709551593
9
18446744073709551614
18446744073709551613
4
18446744073709551610
3
18446744073709551607
18446744073709551608
6
19
18446744073709551605
18446744073709551602
18446744073709551603
11
15
16
17
18446744073709551597
14
21
18446744073709551595
18446744073709551592
18446744073709551593
9
18446744073709551614
18446744073709551613
4
18446744073709551610
3
18446744073709551607
18446744073709551608
6
19
18446744073709551605
18446744073709551602
18446744073709551603
11
15
16
17
18446744073709551597
14
21
18446744073709551595
18446744073709551592
18446744073709551593
9
18446744073709551614
18446744073709551613
4
18446744073709551610
3
18446744073709551607
18446744073709551608
6
19
18446744073709551605
18446744073709551602
18446744073709551603
11
15
16
17
18446744073709551597
14
21
18446744073709551595
18446744073709551592
18446744073709551593
9
18446744073709551614
18446744073709551613
4
18446744073709551610
3
18446744073709551607
18446744073709551608
6
19
18446744073709551605
18446744073709551602
18446744073709551603
11
15
16
17
18446744073709551597
14
21
18446744073709551595
18446744073709551592
18446744073709551593
9
18446744073709551614
18446744073709551613
4
18446744073709551610
3
18446744073709551607
18446744073709551608
6
19
18446744073709551605
18446744073709551602
18446744073709551603
11
15
16
17
18446744073709551597
14
21
18446744073709551595
18446744073709551592
18446744073709551593
9
18446744073709551614
18446744073709551613
4
18446744073709551610
3
18446744073709551607
18446744073709551608
6
19
18446744073709551605
18446744073709551602
18446744073709551603
11
15
16
17
18446744073709551597
14
21
18446744073709551595
18446744073709551592
18446744073709551593
9
18446744073709551614
18446744073709551613
4
18446744073709551610
3
18446744073709551607
18446744073709551608
6
19
18446744073709551605
18446744073709551602
18446744073709551603
11
15
16
17
18446744073709551597
14
21
18446744073709551595
18446744073709551592
18446744073709551593
9
18446744073709551614
18446744073709551613
4
18446744073709551610
3
18446744073709551607
18446744073709551608
6
19
18446744073709551605
18446744073709551602
18446744073709551603
11
15
16
17
18446744073709551597
14
21
18446744073709551595
18446744073709551592
18446744073709551593
10
18446744073709551614
18446744073709551612
2
6
18446744073709551610
18446744073709551606
18446744073709551607
7
4
18
18446744073709551604
18446744073709551602
12
18446744073709551598
18446744073709551600
18446744073709551599
14
21
18446744073709551595
19
18446744073709551592
18446744073709551593
10
18446744073709551614
18446744073709551612
2
6
18446744073709551610
18446744073709551606
18446744073709551607
7
4
18
18446744073709551604
18446744073709551602
12
18446744073709551598
18446744073709551600
18446744073709551599
14
21
18446744073709551595
19
18446744073709551592
18446744073709551593
10
18446744073709551614
18446744073709551612
2
6
18446744073709551610
18446744073709551606
18446744073709551607
7
4
18
18446744073709551604
18446744073709551602
12
18446744073709551598
18446744073709551600
18446744073709551599
14
21
18446744073709551595
19
18446744073709551592
18446744073709551593
10
18446744073709551614
18446744073709551612
2
6
18446744073709551610
18446744073709551606
18446744073709551607
7
4
18
18446744073709551604
18446744073709551602
12
18446744073709551598
18446744073709551600
18446744073709551599
14
21
18446744073709551595
19
18446744073709551592
18446744073709551593
10
18446744073709551614
18446744073709551612
2
6
18446744073709551610
18446744073709551606
18446744073709551607
7
4
18
18446744073709551604
18446744073709551602
12
18446744073709551598
18446744073709551600
18446744073709551599
14
21
18446744073709551595
19
18446744073709551592
18446744073709551593
10
18446744073709551614
18446744073709551612
2
6
18446744073709551610
18446744073709551606
18446744073709551607
7
4
18
18446744073709551604
18446744073709551602
12
18446744073709551598
18446744073709551600
18446744073709551599
14
21
18446744073709551595
19
18446744073709551592
18446744073709551593
10
18446744073709551614
18446744073709551612
2
6
18446744073709551610
18446744073709551606
18446744073709551607
7
4
18
18446744073709551604
18446744073709551602
12
18446744073709551598
18446744073709551600
18446744073709551599
14
21
18446744073709551595
19
18446744073709551592
18446744073709551593
10
18446744073709551614
18446744073709551612
2
6
18446744073709551610
18446744073709551606
18446744073709551607
7
4
18
18446744073709551604
18446744073709551602
12
18446744073709551598
18446744073709551600
18446744073709551599
14
21
18446744073709551595
19
18446744073709551592
18446744073709551593
10
18446744073709551614
18446744073709551612
2
6
18446744073709551610
18446744073709551606
18446744073709551607
7
4
18
18446744073709551604
18446744073709551602
12
18446744073709551598
18446744073709551600
18446744073709551599
14
21
18446744073709551595
19
18446744073709551592
18446744073709551593
10
18446744073709551614
18446744073709551612
2
6
18446744073709551610
18446744073709551606
18446744073709551607
7
4
18
18446744073709551604
18446744073709551602
12
18446744073709551598
18446744073709551600
18446744073709551599
14
21
18446744073709551595
19
18446744073709551592
18446744073709551593
10
18446744073709551614
18446744073709551612
2
6
18446744073709551610
18446744073709551606
18446744073709551607
7
4
18
18446744073709551604
18446744073709551602
12
18446744073709551598
18446744073709551600
18446744073709551599
14
21
18446744073709551595
19
18446744073709551592
18446744073709551593
10
18446744073709551614
18446744073709551612
2
6
18446744073709551610
18446744073709551606
18446744073709551607
7
4
18
18446744073709551604
18446744073709551602
12
18446744073709551598
18446744073709551600
18446744073709551599
14
21
18446744073709551595
19
18446744073709551592
18446744073709551593
8
18446744073709551613
1
18446744073709551611
3
18446744073709551608
18446744073709551609
5
13
18446744073709551606
18446744073709551605
18446744073709551603
11
17
18446744073709551600
14
18446744073709551599
20
18446744073709551597
18446744073709551596
22
18446744073709551594
18446744073709551592
8
18446744073709551613
1
18446744073709551611
3
18446744073709551608
18446744073709551609
5
13
18446744073709551606
18446744073709551605
18446744073709551603
11
17
18446744073709551600
14
18446744073709551599
20
18446744073709551597
18446744073709551596
22
18446744073709551594
18446744073709551592
8
18446744073709551613
1
18446744073709551611
3
18446744073709551608
18446744073709551609
5
13
18446744073709551606
18446744073709551605
18446744073709551603
11
17
18446744073709551600
14
18446744073709551599
20
18446744073709551597
18446744073709551596
22
18446744073709551594
18446744073709551592
8
18446744073709551613
1
18446744073709551611
3
18446744073709551608
18446744073709551609
5
13
18446744073709551606
18446744073709551605
18446744073709551603
11
17
18446744073709551600
14
18446744073709551599
20
18446744073709551597
18446744073709551596
22
18446744073709551594
18446744073709551592
8
18446744073709551613
1
18446744073709551611
3
18446744073709551608
18446744073709551609
5
13
18446744073709551606
18446744073709551605
18446744073709551603
11
17
18446744073709551600
14
18446744073709551599
20
18446744073709551597
18446744073709551596
22
18446744073709551594
18446744073709551592
8
18446744073709551613
1
18446744073709551611
3
18446744073709551608
18446744073709551609
5
13
18446744073709551606
18446744073709551605
18446744073709551603
11
17
18446744073709551600
14
18446744073709551599
20
18446744073709551597
18446744073709551596
22
18446744073709551594
18446744073709551592
8
18446744073709551613
1
18446744073709551611
3
18446744073709551608
18446744073709551609
5
13
18446744073709551606
18446744073709551605
18446744073709551603
11
17
18446744073709551600
14
18446744073709551599
20
18446744073709551597
18446744073709551596
22
18446744073709551594
18446744073709551592
8
18446744073709551613
1
18446744073709551611
3
18446744073709551608
18446744073709551609
5
13
18446744073709551606
18446744073709551605
18446744073709551603
11
17
18446744073709551600
14
18446744073709551599
20
18446744073709551597
18446744073709551596
22
18446744073709551594
18446744073709551592
8
18446744073709551613
1
18446744073709551611
3
18446744073709551608
18446744073709551609
5
13
18446744073709551606
18446744073709551605
18446744073709551603
11
17
18446744073709551600
14
18446744073709551599
20
18446744073709551597
18446744073709551596
22
18446744073709551594
18446744073709551592
8
18446744073709551613
1
18446744073709551611
3
18446744073709551608
18446744073709551609
5
13
18446744073709551606
18446744073709551605
18446744073709551603
11
17
18446744073709551600
14
18446744073709551599
20
18446744073709551597
18446744073709551596
22
18446744073709551594
18446744073709551592
8
18446744073709551613
1
18446744073709551611
3
18446744073709551608
18446744073709551609
5
13
18446744073709551606
18446744073709551605
18446744073709551603
11
17
18446744073709551600
14
18446744073709551599
20
18446744073709551597
18446744073709551596
22
18446744073709551594
18446744073709551592
8
18446744073709551613
1
18446744073709551611
3
18446744073709551608
18446744073709551609
5
13
18446744073709551606
18446744073709551605
18446744073709551603
11
17
18446744073709551600
14
18446744073709551599
20
18446744073709551597
18446744073709551596
22
18446744073709551594
18446744073709551592
14
3
18446744073709551613
18446744073709551611
1
6
18446744073709551608
5
11
18446744073709551606
18446744073709551605
12
18446744073709551602
8
19
18446744073709551600
17
18446744073709551597
16
21
18446744073709551595
18446744073709551592
18446744073709551593
14
3
18446744073709551613
18446744073709551611
1
6
18446744073709551608
5
11
18446744073709551606
18446744073709551605
12
18446744073709551602
8
19
18446744073709551600
17
18446744073709551597
16
21
18446744073709551595
18446744073709551592
18446744073709551593
14
3
18446744073709551613
18446744073709551611
1
6
18446744073709551608
5
11
18446744073709551606
18446744073709551605
12
18446744073709551602
8
19
18446744073709551600
17
18446744073709551597
16
21
18446744073709551595
18446744073709551592
18446744073709551593
14
3
18446744073709551613
18446744073709551611
1
6
18446744073709551608
5
11
18446744073709551606
18446744073709551605
12
18446744073709551602
8
19
18446744073709551600
17
18446744073709551597
16
21
18446744073709551595
18446744073709551592
18446744073709551593
14
3
18446744073709551613
18446744073709551611
1
6
18446744073709551608
5
11
18446744073709551606
18446744073709551605
12
18446744073709551602
8
19
18446744073709551600
17
18446744073709551597
16
21
18446744073709551595
18446744073709551592
18446744073709551593
14
3
18446744073709551613
18446744073709551611
1
6
18446744073709551608
5
11
18446744073709551606
18446744073709551605
12
18446744073709551602
8
19
18446744073709551600
17
18446744073709551597
16
21
18446744073709551595
18446744073709551592
18446744073709551593
14
3
18446744073709551613
18446744073709551611
1
6
18446744073709551608
5
11
18446744073709551606
18446744073709551605
12
18446744073709551602
8
19
18446744073709551600
17
18446744073709551597
16
21
18446744073709551595
18446744073709551592
18446744073709551593
14
3
18446744073709551613
18446744073709551611
1
6
18446744073709551608
5
11
18446744073709551606
18446744073709551605
12
18446744073709551602
8
19
18446744073709551600
17
18446744073709551597
16
21
18446744073709551595
18446744073709551592
18446744073709551593
14
3
18446744073709551613
18446744073709551611
1
6
18446744073709551608
5
11
18446744073709551606
18446744073709551605
12
18446744073709551602
8
19
18446744073709551600
17
18446744073709551597
16
21
18446744073709551595
18446744073709551592
18446744073709551593
14
3
18446744073709551613
18446744073709551611
1
6
18446744073709551608
5
11
18446744073709551606
18446744073709551605
12
18446744073709551602
8
19
18446744073709551600
17
18446744073709551597
16
21
18446744073709551595
18446744073709551592
18446744073709551593
14
3
18446744073709551613
18446744073709551611
1
6
18446744073709551608
5
11
18446744073709551606
18446744073709551605
12
18446744073709551602
8
19
18446744073709551600
17
18446744073709551597
16
21
18446744073709551595
18446744073709551592
18446744073709551593
14
3
18446744073709551613
18446744073709551611
1
6
18446744073709551608
5
11
18446744073709551606
18446744073709551605
12
18446744073709551602
8
19
18446744073709551600
17
18446744073709551597
16
21
18446744073709551595
18446744073709551592
18446744073709551593
7
18446744073709551614
18446744073709551613
5
18446744073709551611
18446744073709551609
3
18
9
10
18446744073709551604
8
14
18446744073709551602
16
18446744073709551600
18446744073709551598
12
20
18446744073709551596
21
18446744073709551592
18446744073709551593
7
18446744073709551614
18446744073709551613
5
18446744073709551611
18446744073709551609
3
18
9
10
18446744073709551604
8
14
18446744073709551602
16
18446744073709551600
18446744073709551598
12
20
18446744073709551596
21
18446744073709551592
18446744073709551593
7
18446744073709551614
18446744073709551613
5
18446744073709551611
18446744073709551609
3
18
9
10
18446744073709551604
8
14
18446744073709551602
16
18446744073709551600
18446744073709551598
12
20
18446744073709551596
21
18446744073709551592
18446744073709551593
7
18446744073709551614
18446744073709551613
5
18446744073709551611
18446744073709551609
3
18
9
10
18446744073709551604
8
14
18446744073709551602
16
18446744073709551600
18446744073709551598
12
20
18446744073709551596
21
18446744073709551592
18446744073709551593
7
18446744073709551614
18446744073709551613
5
18446744073709551611
18446744073709551609
3
18
9
10
18446744073709551604
8
14
18446744073709551602
16
18446744073709551600
18446744073709551598
12
20
18446744073709551596
21
18446744073709551592
18446744073709551593
7
18446744073709551614
18446744073709551613
5
18446744073709551611
18446744073709551609
3
18
9
10
18446744073709551604
8
14
18446744073709551602
16
18446744073709551600
18446744073709551598
12
20
18446744073709551596
21
18446744073709551592
18446744073709551593
7
18446744073709551614
18446744073709551613
5
18446744073709551611
18446744073709551609
3
18
9
10
18446744073709551604
8
14
18446744073709551602
16
18446744073709551600
18446744073709551598
12
20
18446744073709551596
21
18446744073709551592
18446744073709551593
7
18446744073709551614
18446744073709551613
5
18446744073709551611
18446744073709551609
3
18
9
10
18446744073709551604
8
14
18446744073709551602
16
18446744073709551600
18446744073709551598
12
20
18446744073709551596
21
18446744073709551592
18446744073709551593
7
18446744073709551614
18446744073709551613
5
18446744073709551611
18446744073709551609
3
18
9
10
18446744073709551604
8
14
18446744073709551602
16
18446744073709551600
18446744073709551598
12
20
18446744073709551596
21
18446744073709551592
18446744073709551593
7
18446744073709551614
18446744073709551613
5
18446744073709551611
18446744073709551609
3
18
9
10
18446744073709551604
8
14
18446744073709551602
16
18446744073709551600
18446744073709551598
12
20
18446744073709551596
21
18446744073709551592
18446744073709551593
7
18446744073709551614
18446744073709551613
5
18446744073709551611
18446744073709551609
3
18
9
10
18446744073709551604
8
14
18446744073709551602
16
18446744073709551600
18446744073709551598
12
20
18446744073709551596
21
18446744073709551592
18446744073709551593
7
18446744073709551614
18446744073709551613
5
18446744073709551611
18446744073709551609
3
18
9
10
18446744073709551604
8
14
18446744073709551602
16
18446744073709551600
18446744073709551598
12
20
18446744073709551596
21
18446744073709551592
18446744073709551593
10
18446744073709551613
1
7
18446744073709551611
18446744073709551610
18446744073709551609
8
18446744073709551606
3
15
18446744073709551604
13
18446744073709551601
12
20
18
18446744073709551598
18446744073709551596
16
21
22
18446744073709551592
10
18446744073709551613
1
7
18446744073709551611
18446744073709551610
18446744073709551609
8
18446744073709551606
3
15
18446744073709551604
13
18446744073709551601
12
20
18
18446744073709551598
18446744073709551596
16
21
22
18446744073709551592
10
18446744073709551613
1
7
18446744073709551611
18446744073709551610
18446744073709551609
8
18446744073709551606
3
15
18446744073709551604
13
18446744073709551601
12
20
18
18446744073709551598
18446744073709551596
16
21
22
18446744073709551592
10
18446744073709551613
1
7
18446744073709551611
18446744073709551610
18446744073709551609
8
18446744073709551606
3
15
18446744073709551604
13
18446744073709551601
12
20
18
18446744073709551598
18446744073709551596
16
21
22
18446744073709551592
10
18446744073709551613
1
7
18446744073709551611
18446744073709551610
18446744073709551609
8
18446744073709551606
3
15
18446744073709551604
13
18446744073709551601
12
20
18
18446744073709551598
18446744073709551596
16
21
22
18446744073709551592
10
18446744073709551613
1
7
18446744073709551611
18446744073709551610
18446744073709551609
8
18446744073709551606
3
15
18446744073709551604
13
18446744073709551601
12
20
18
18446744073709551598
18446744073709551596
16
21
22
18446744073709551592
10
18446744073709551613
1
7
18446744073709551611
18446744073709551610
18446744073709551609
8
18446744073709551606
3
15
18446744073709551604
13
18446744073709551601
12
20
18
18446744073709551598
18446744073709551596
16
21
22
18446744073709551592
10
18446744073709551613
1
7
18446744073709551611
18446744073709551610
18446744073709551609
8
18446744073709551606
3
15
18446744073709551604
13
18446744073709551601
12
20
18
18446744073709551598
18446744073709551596
16
21
22
18446744073709551592
10
18446744073709551613
1
7
18446744073709551611
18446744073709551610
18446744073709551609
8
18446744073709551606
3
15
18446744073709551604
13
18446744073709551601
12
20
18
18446744073709551598
18446744073709551596
16
21
22
18446744073709551592
10
18446744073709551613
1
7
18446744073709551611
18446744073709551610
18446744073709551609
8
18446744073709551606
3
15
18446744073709551604
13
18446744073709551601
12
20
18
18446744073709551598
18446744073709551596
16
21
22
18446744073709551592
10
18446744073709551613
1
7
18446744073709551611
18446744073709551610
18446744073709551609
8
18446744073709551606
3
15
18446744073709551604
13
18446744073709551601
12
20
18
18446744073709551598
18446744073709551596
16
21
22
18446744073709551592
10
18446744073709551613
1
7
18446744073709551611
18446744073709551610
18446744073709551609
8
18446744073709551606
3
15
18446744073709551604
13
18446744073709551601
12
20
18
18446744073709551598
18446744073709551596
16
21
22
18446744073709551592
11
18446744073709551614
18446744073709551611
18446744073709551612
2
8
18446744073709551608
6
9
18446744073709551605
5
20
14
18446744073709551602
18446744073709551599
18446744073709551600
12
18
18446744073709551596
17
22
18446744073709551594
18446744073709551592
11
18446744073709551614
18446744073709551611
18446744073709551612
2
8
18446744073709551608
6
9
18446744073709551605
5
20
14
18446744073709551602
18446744073709551599
18446744073709551600
12
18
18446744073709551596
17
22
18446744073709551594
18446744073709551592
11
18446744073709551614
18446744073709551611
18446744073709551612
2
8
18446744073709551608
6
9
18446744073709551605
5
20
14
18446744073709551602
18446744073709551599
18446744073709551600
12
18
18446744073709551596
17
22
18446744073709551594
18446744073709551592
11
18446744073709551614
18446744073709551611
18446744073709551612
2
8
18446744073709551608
6
9
18446744073709551605
5
20
14
18446744073709551602
18446744073709551599
18446744073709551600
12
18
18446744073709551596
17
22
18446744073709551594
18446744073709551592
11
18446744073709551614
18446744073709551611
18446744073709551612
2
8
18446744073709551608
6
9
18446744073709551605
5
20
14
18446744073709551602
18446744073709551599
18446744073709551600
12
18
18446744073709551596
17
22
18446744073709551594
18446744073709551592
11
18446744073709551614
18446744073709551611
18446744073709551612
2
8
18446744073709551608
6
9
18446744073709551605
5
20
14
18446744073709551602
18446744073709551599
18446744073709551600
12
18
18446744073709551596
17
22
18446744073709551594
18446744073709551592
11
18446744073709551614
18446744073709551611
18446744073709551612
2
8
18446744073709551608
6
9
18446744073709551605
5
20
14
18446744073709551602
18446744073709551599
18446744073709551600
12
18
18446744073709551596
17
22
18446744073709551594
18446744073709551592
11
18446744073709551614
18446744073709551611
18446744073709551612
2
8
18446744073709551608
6
9
18446744073709551605
5
20
14
18446744073709551602
18446744073709551599
18446744073709551600
12
18
18446744073709551596
17
22
18446744073709551594
18446744073709551592
11
18446744073709551614
18446744073709551611
18446744073709551612
2
8
18446744073709551608
6
9
18446744073709551605
5
20
14
18446744073709551602
18446744073709551599
18446744073709551600
12
18
18446744073709551596
17
22
18446744073709551594
18446744073709551592
11
18446744073709551614
18446744073709551611
18446744073709551612
2
8
18446744073709551608
6
9
18446744073709551605
5
20
14
18446744073709551602
18446744073709551599
18446744073709551600
12
18
18446744073709551596
17
22
18446744073709551594
18446744073709551592
11
18446744073709551614
18446744073709551611
18446744073709551612
2
8
18446744073709551608
6
9
18446744073709551605
5
20
14
18446744073709551602
18446744073709551599
18446744073709551600
12
18
18446744073709551596
17
22
18446744073709551594
18446744073709551592
11
18446744073709551614
18446744073709551611
18446744073709551612
2
8
18446744073709551608
6
9
18446744073709551605
5
20
14
18446744073709551602
18446744073709551599
18446744073709551600
12
18
18446744073709551596
17
22
18446744073709551594
18446744073709551592
13
18446744073709551614
3
18446744073709551611
2
6
18446744073709551608
5
10
18446744073709551606
18446744073709551603
18446744073709551604
8
21
18446744073709551600
14
18
18446744073709551598
18446744073709551595
18446744073709551596
16
22
18446744073709551592
13
18446744073709551614
3
18446744073709551611
2
6
18446744073709551608
5
10
18446744073709551606
18446744073709551603
18446744073709551604
8
21
18446744073709551600
14
18
18446744073709551598
18446744073709551595
18446744073709551596
16
22
18446744073709551592
13
18446744073709551614
3
18446744073709551611
2
6
18446744073709551608
5
10
18446744073709551606
18446744073709551603
18446744073709551604
8
21
18446744073709551600
14
18
18446744073709551598
18446744073709551595
18446744073709551596
16
22
18446744073709551592
13
18446744073709551614
3
18446744073709551611
2
6
18446744073709551608
5
10
18446744073709551606
18446744073709551603
18446744073709551604
8
21
18446744073709551600
14
18
18446744073709551598
18446744073709551595
18446744073709551596
16
22
18446744073709551592
13
18446744073709551614
3
18446744073709551611
2
6
18446744073709551608
5
10
18446744073709551606
18446744073709551603
18446744073709551604
8
21
18446744073709551600
14
18
18446744073709551598
18446744073709551595
18446744073709551596
16
22
18446744073709551592
13
18446744073709551614
3
18446744073709551611
2
6
18446744073709551608
5
10
18446744073709551606
18446744073709551603
18446744073709551604
8
21
18446744073709551600
14
18
18446744073709551598
18446744073709551595
18446744073709551596
16
22
18446744073709551592
13
18446744073709551614
3
18446744073709551611
2
6
18446744073709551608
5
10
18446744073709551606
18446744073709551603
18446744073709551604
8
21
18446744073709551600
14
18
18446744073709551598
18446744073709551595
18446744073709551596
16
22
18446744073709551592
13
18446744073709551614
3
18446744073709551611
2
6
18446744073709551608
5
10
18446744073709551606
18446744073709551603
18446744073709551604
8
21
18446744073709551600
14
18
18446744073709551598
18446744073709551595
18446744073709551596
16
22
18446744073709551592
13
18446744073709551614
3
18446744073709551611
2
6
18446744073709551608
5
10
18446744073709551606
18446744073709551603
18446744073709551604
8
21
18446744073709551600
14
18
18446744073709551598
18446744073709551595
18446744073709551596
16
22
18446744073709551592
13
18446744073709551614
3
18446744073709551611
2
6
18446744073709551608
5
10
18446744073709551606
18446744073709551603
18446744073709551604
8
21
18446744073709551600
14
18
18446744073709551598
18446744073709551595
18446744073709551596
16
22
18446744073709551592
13
18446744073709551614
3
18446744073709551611
2
6
18446744073709551608
5
10
18446744073709551606
18446744073709551603
18446744073709551604
8
21
18446744073709551600
14
18
18446744073709551598
18446744073709551595
18446744073709551596
16
22
18446744073709551592
13
18446744073709551614
3
18446744073709551611
2
6
18446744073709551608
5
10
18446744073709551606
18446744073709551603
18446744073709551604
8
21
18446744073709551600
14
18
18446744073709551598
18446744073709551595
18446744073709551596
16
22
18446744073709551592
2
18446744073709551614
18446744073709551612
2
18446744073709551614
18446744073709551612
2
18446744073709551614
18446744073709551612
18446744073709551614
2
18446744073709551614
18446744073709551612
2
18446744073709551614
18446744073709551612
2
18446744073709551614
18446744073709551612
2
18446744073709551614
18446744073709551612
2
18446744073709551614
18446744073709551612
2
18446744073709551614
18446744073709551612
2
18446744073709551614
18446744073709551612
2
18446744073709551614
18446744073709551612
2
18446744073709551614
18446744073709551612
2
18446744073709551614
18446744073709551612
2
18446744073709551614
18446744073709551612
2
18446744073709551614
18446744073709551612
13571
0
0
2
0
4
4
6
0
0
2
0
4
4
6
0
0
2
0
4
4
6
0
0
2
0
4
4
6
0
0
2
0
4
4
6
0
0
2
0
4
4
6
0
0
2
0
4
4
6
0
0
2
0
4
4
6
0
0
2
0
4
4
6
0
0
2
0
4
4
6
0
0
0
0
4
0
0
0
0
4
0
0
0
0
4
0
0
0
0
0
0
0
0
0
0
0
0
0
0
0
0
0
0
0
0
0
0
0
0
0
0
0
0
0
0
0
0
0
0
0
0
0
0
0
0
0
0
0
0
0
0
0
0
0
0
0
0
0
0
0
0
0
0
0
0
0
0
0
0
0
0
0
0
0
0
0
0
0
0
0
0
0
0
0
0
0
0
0
0
0
0
0
0
0
0
0
0
0
0
0
0
0
1
2
3
4
5
6
7
8
9
10
11
12
13
14
15
16
17
18
19
20
21
22
23
24
25
26
27
28
29
30
31
32
33
34
35
36
37
38
39
40
41
42
43
44
45
46
47
0
1
2
3
4
5
6
7
8
9
10
11
12
13
14
15
16
17
18
19
20
21
22
23
24
25
26
27
28
29
30
31
32
33
34
35
36
37
38
39
40
41
42
43
44
45
46
47
0
1
2
0
4
5
4
7
4
9
0
11
12
11
14
14
16
11
18
18
18
21
22
0
1
2
0
4
5
4
7
4
9
0
11
12
11
14
14
16
11
18
18
18
21
22
0
1
2
0
4
5
4
7
4
9
0
11
12
11
14
14
16
11
18
18
18
21
22
0
1
2
0
4
5
4
7
4
9
0
11
12
11
14
14
16
11
18
18
18
21
22
0
1
2
0
4
5
4
7
4
9
0
11
12
11
14
14
16
11
18
18
18
21
22
0
1
2
0
4
5
4
7
4
9
0
11
12
11
14
14
16
11
18
18
18
21
22
0
1
2
0
4
5
4
7
4
9
0
11
12
11
14
14
16
11
18
18
18
21
22
0
1
2
0
4
5
4
7
4
9
0
11
12
11
14
14
16
11
18
18
18
21
22
0
1
2
0
4
5
4
7
4
9
0
11
12
11
14
14
16
11
18
18
18
21
22
0
1
2
0
4
5
4
7
4
9
0
11
12
11
14
14
16
11
18
18
18
21
22
0
1
2
0
4
5
4
7
4
9
0
11
12
11
14
14
16
11
18
18
18
21
22
0
1
2
0
4
5
4
7
4
9
0
11
12
11
14
14
16
11
18
18
18
21
22
0
0
2
3
2
5
0
7
0
9
9
11
9
13
13
13
16
17
16
16
20
21
20
0
0
2
3
2
5
0
7
0
9
9
11
9
13
13
13
16
17
16
16
20
21
20
0
0
2
3
2
5
0
7
0
9
9
11
9
13
13
13
16
17
16
16
20
21
20
0
0
2
3
2
5
0
7
0
9
9
11
9
13
13
13
16
17
16
16
20
21
20
0
0
2
3
2
5
0
7
0
9
9
11
9
13
13
13
16
17
16
16
20
21
20
0
0
2
3
2
5
0
7
0
9
9
11
9
13
13
13
16
17
16
16
20
21
20
0
0
2
3
2
5
0
7
0
9
9
11
9
13
13
13
16
17
16
16
20
21
20
0
0
2
3
2
5
0
7
0
9
9
11
9
13
13
13
16
17
16
16
20
21
20
0
0
2
3
2
5
0
7
0
9
9
11
9
13
13
13
16
17
16
16
20
21
20
0
0
2
3
2
5
0
7
0
9
9
11
9
13
13
13
16
17
16
16
20
21
20
0
0
2
3
2
5
0
7
0
9
9
11
9
13
13
13
16
17
16
16
20
21
20
0
0
2
3
2
5
0
7
0
9
9
11
9
13
13
13
16
17
16
16
20
21
20
0
1
0
3
3
0
6
6
8
8
0
11
11
13
13
13
11
17
17
19
20
19
22
0
1
0
3
3
0
6
6
8
8
0
11
11
13
13
13
11
17
17
19
20
19
22
0
1
0
3
3
0
6
6
8
8
0
11
11
13
13
13
11
17
17
19
20
19
22
0
1
0
3
3
0
6
6
8
8
0
11
11
13
13
13
11
17
17
19
20
19
22
0
1
0
3
3
0
6
6
8
8
0
11
11
13
13
13
11
17
17
19
20
19
22
0
1
0
3
3
0
6
6
8
8
0
11
11
13
13
13
11
17
17
19
20
19
22
0
1
0
3
3
0
6
6
8
8
0
11
11
13
13
13
11
17
17
19
20
19
22
0
1
0
3
3
0
6
6
8
8
0
11
11
13
13
13
11
17
17
19
20
19
22
0
1
0
3
3
0
6
6
8
8
0
11
11
13
13
13
11
17
17
19
20
19
22
0
1
0
3
3
0
6
6
8
8
0
11
11
13
13
13
11
17
17
19
20
19
22
0
1
0
3
3
0
6
6
8
8
0
11
11
13
13
13
11
17
17
19
20
19
22
0
1
0
3
3
0
6
6
8
8
0
11
11
13
13
13
11
17
17
19
20
19
22
0
1
2
0
4
5
5
4
4
9
9
0
12
13
13
12
16
17
18
17
17
21
22
0
1
2
0
4
5
5
4
4
9
9
0
12
13
13
12
16
17
18
17
17
21
22
0
1
2
0
4
5
5
4
4
9
9
0
12
13
13
12
16
17
18
17
17
21
22
0
1
2
0
4
5
5
4
4
9
9
0
12
13
13
12
16
17
18
17
17
21
22
0
1
2
0
4
5
5
4
4
9
9
0
12
13
13
12
16
17
18
17
17
21
22
0
1
2
0
4
5
5
4
4
9
9
0
12
13
13
12
16
17
18
17
17
21
22
0
1
2
0
4
5
5
4
4
9
9
0
12
13
13
12
16
17
18
17
17
21
22
0
1
2
0
4
5
5
4
4
9
9
0
12
13
13
12
16
17
18
17
17
21
22
0
1
2
0
4
5
5
4
4
9
9
0
12
13
13
12
16
17
18
17
17
21
22
0
1
2
0
4
5
5
4
4
9
9
0
12
13
13
12
16
17
18
17
17
21
22
0
1
2
0
4
5
5
4
4
9
9
0
12
13
13
12
16
17
18
17
17
21
22
0
1
2
0
4
5
5
4
4
9
9
0
12
13
13
12
16
17
18
17
17
21
22
0
1
1
0
4
5
5
0
8
8
8
8
12
13
12
0
16
16
18
19
19
16
22
0
1
1
0
4
5
5
0
8
8
8
8
12
13
12
0
16
16
18
19
19
16
22
0
1
1
0
4
5
5
0
8
8
8
8
12
13
12
0
16
16
18
19
19
16
22
0
1
1
0
4
5
5
0
8
8
8
8
12
13
12
0
16
16
18
19
19
16
22
0
1
1
0
4
5
5
0
8
8
8
8
12
13
12
0
16
16
18
19
19
16
22
0
1
1
0
4
5
5
0
8
8
8
8
12
13
12
0
16
16
18
19
19
16
22
0
1
1
0
4
5
5
0
8
8
8
8
12
13
12
0
16
16
18
19
19
16
22
0
1
1
0
4
5
5
0
8
8
8
8
12
13
12
0
16
16
18
19
19
16
22
0
1
1
0
4
5
5
0
8
8
8
8
12
13
12
0
16
16
18
19
19
16
22
0
1
1
0
4
5
5
0
8
8
8
8
12
13
12
0
16
16
18
19
19
16
22
0
1
1
0
4
5
5
0
8
8
8
8
12
13
12
0
16
16
18
19
19
16
22
0
1
1
0
4
5
5
0
8
8
8
8
12
13
12
0
16
16
18
19
19
16
22
0
0
0
3
3
5
5
0
8
9
8
11
12
12
14
14
14
8
18
18
20
21
22
0
0
0
3
3
5
5
0
8
9
8
11
12
12
14
14
14
8
18
18
20
21
22
0
0
0
3
3
5
5
0
8
9
8
11
12
12
14
14
14
8
18
18
20
21
22
0
0
0
3
3
5
5
0
8
9
8
11
12
12
14
14
14
8
18
18
20
21
22
0
0
0
3
3
5
5
0
8
9
8
11
12
12
14
14
14
8
18
18
20
21
22
0
0
0
3
3
5
5
0
8
9
8
11
12
12
14
14
14
8
18
18
20
21
22
0
0
0
3
3
5
5
0
8
9
8
11
12
12
14
14
14
8
18
18
20
21
22
0
0
0
3
3
5
5
0
8
9
8
11
12
12
14
14
14
8
18
18
20
21
22
0
0
0
3
3
5
5
0
8
9
8
11
12
12
14
14
14
8
18
18
20
21
22
0
0
0
3
3
5
5
0
8
9
8
11
12
12
14
14
14
8
18
18
20
21
22
0
0
0
3
3
5
5
0
8
9
8
11
12
12
14
14
14
8
18
18
20
21
22
0
0
0
3
3
5
5
0
8
9
8
11
12
12
14
14
14
8
18
18
20
21
22
0
0
2
2
0
5
5
7
0
9
9
11
9
13
13
9
16
16
16
19
20
21
20
0
0
2
2
0
5
5
7
0
9
9
11
9
13
13
9
16
16
16
19
20
21
20
0
0
2
2
0
5
5
7
0
9
9
11
9
13
13
9
16
16
16
19
20
21
20
0
0
2
2
0
5
5
7
0
9
9
11
9
13
13
9
16
16
16
19
20
21
20
0
0
2
2
0
5
5
7
0
9
9
11
9
13
13
9
16
16
16
19
20
21
20
0
0
2
2
0
5
5
7
0
9
9
11
9
13
13
9
16
16
16
19
20
21
20
0
0
2
2
0
5
5
7
0
9
9
11
9
13
13
9
16
16
16
19
20
21
20
0
0
2
2
0
5
5
7
0
9
9
11
9
13
13
9
16
16
16
19
20
21
20
0
0
2
2
0
5
5
7
0
9
9
11
9
13
13
9
16
16
16
19
20
21
20
0
0
2
2
0
5
5
7
0
9
9
11
9
13
13
9
16
16
16
19
20
21
20
0
0
2
2
0
5
5
7
0
9
9
11
9
13
13
9
16
16
16
19
20
21
20
0
0
2
2
0
5
5
7
0
9
9
11
9
13
13
9
16
16
16
19
20
21
20
0
0
2
0
4
0
6
6
6
9
0
11
12
11
14
14
14
14
18
19
20
19
22
0
0
2
0
4
0
6
6
6
9
0
11
12
11
14
14
14
14
18
19
20
19
22
0
0
2
0
4
0
6
6
6
9
0
11
12
11
14
14
14
14
18
19
20
19
22
0
0
2
0
4
0
6
6
6
9
0
11
12
11
14
14
14
14
18
19
20
19
22
0
0
2
0
4
0
6
6
6
9
0
11
12
11
14
14
14
14
18
19
20
19
22
0
0
2
0
4
0
6
6
6
9
0
11
12
11
14
14
14
14
18
19
20
19
22
0
0
2
0
4
0
6
6
6
9
0
11
12
11
14
14
14
14
18
19
20
19
22
0
0
2
0
4
0
6
6
6
9
0
11
12
11
14
14
14
14
18
19
20
19
22
0
0
2
0
4
0
6
6
6
9
0
11
12
11
14
14
14
14
18
19
20
19
22
0
0
2
0
4
0
6
6
6
9
0
11
12
11
14
14
14
14
18
19
20
19
22
0
0
2
0
4
0
6
6
6
9
0
11
12
11
14
14
14
14
18
19
20
19
22
0
0
2
0
4
0
6
6
6
9
0
11
12
11
14
14
14
14
18
19
20
19
22
0
1
1
0
0
5
0
7
7
0
10
10
12
10
14
15
15
15
14
19
19
19
22
0
1
1
0
0
5
0
7
7
0
10
10
12
10
14
15
15
15
14
19
19
19
22
0
1
1
0
0
5
0
7
7
0
10
10
12
10
14
15
15
15
14
19
19
19
22
0
1
1
0
0
5
0
7
7
0
10
10
12
10
14
15
15
15
14
19
19
19
22
0
1
1
0
0
5
0
7
7
0
10
10
12
10
14
15
15
15
14
19
19
19
22
0
1
1
0
0
5
0
7
7
0
10
10
12
10
14
15
15
15
14
19
19
19
22
0
1
1
0
0
5
0
7
7
0
10
10
12
10
14
15
15
15
14
19
19
19
22
0
1
1
0
0
5
0
7
7
0
10
10
12
10
14
15
15
15
14
19
19
19
22
0
1
1
0
0
5
0
7
7
0
10
10
12
10
14
15
15
15
14
19
19
19
22
0
1
1
0
0
5
0
7
7
0
10
10
12
10
14
15
15
15
14
19
19
19
22
0
1
1
0
0
5
0
7
7
0
10
10
12
10
14
15
15
15
14
19
19
19
22
0
1
1
0
0
5
0
7
7
0
10
10
12
10
14
15
15
15
14
19
19
19
22
0
1
0
0
4
5
5
7
4
0
10
11
10
13
14
14
10
17
10
19
19
19
19
0
1
0
0
4
5
5
7
4
0
10
11
10
13
14
14
10
17
10
19
19
19
19
0
1
0
0
4
5
5
7
4
0
10
11
10
13
14
14
10
17
10
19
19
19
19
0
1
0
0
4
5
5
7
4
0
10
11
10
13
14
14
10
17
10
19
19
19
19
0
1
0
0
4
5
5
7
4
0
10
11
10
13
14
14
10
17
10
19
19
19
19
0
1
0
0
4
5
5
7
4
0
10
11
10
13
14
14
10
17
10
19
19
19
19
0
1
0
0
4
5
5
7
4
0
10
11
10
13
14
14
10
17
10
19
19
19
19
0
1
0
0
4
5
5
7
4
0
10
11
10
13
14
14
10
17
10
19
19
19
19
0
1
0
0
4
5
5
7
4
0
10
11
10
13
14
14
10
17
10
19
19
19
19
0
1
0
0
4
5
5
7
4
0
10
11
10
13
14
14
10
17
10
19
19
19
19
0
1
0
0
4
5
5
7
4
0
10
11
10
13
14
14
10
17
10
19
19
19
19
0
1
0
0
4
5
5
7
4
0
10
11
10
13
14
14
10
17
10
19
19
19
19
0
0
2
0
4
4
0
7
8
8
10
8
0
13
13
13
13
13
18
19
18
13
13
0
0
2
0
4
4
0
7
8
8
10
8
0
13
13
13
13
13
18
19
18
13
13
0
0
2
0
4
4
0
7
8
8
10
8
0
13
13
13
13
13
18
19
18
13
13
0
0
2
0
4
4
0
7
8
8
10
8
0
13
13
13
13
13
18
19
18
13
13
0
0
2
0
4
4
0
7
8
8
10
8
0
13
13
13
13
13
18
19
18
13
13
0
0
2
0
4
4
0
7
8
8
10
8
0
13
13
13
13
13
18
19
18
13
13
0
0
2
0
4
4
0
7
8
8
10
8
0
13
13
13
13
13
18
19
18
13
13
0
0
2
0
4
4
0
7
8
8
10
8
0
13
13
13
13
13
18
19
18
13
13
0
0
2
0
4
4
0
7
8
8
10
8
0
13
13
13
13
13
18
19
18
13
13
0
0
2
0
4
4
0
7
8
8
10
8
0
13
13
13
13
13
18
19
18
13
13
0
0
2
0
4
4
0
7
8
8
10
8
0
13
13
13
13
13
18
19
18
13
13
0
0
2
0
4
4
0
7
8
8
10
8
0
13
13
13
13
13
18
19
18
13
13
0
0
0
0
4
5
5
0
8
8
10
8
8
8
14
14
16
17
8
19
19
21
22
0
0
0
0
4
5
5
0
8
8
10
8
8
8
14
14
16
17
8
19
19
21
22
0
0
0
0
4
5
5
0
8
8
10
8
8
8
14
14
16
17
8
19
19
21
22
0
0
0
0
4
5
5
0
8
8
10
8
8
8
14
14
16
17
8
19
19
21
22
0
0
0
0
4
5
5
0
8
8
10
8
8
8
14
14
16
17
8
19
19
21
22
0
0
0
0
4
5
5
0
8
8
10
8
8
8
14
14
16
17
8
19
19
21
22
0
0
0
0
4
5
5
0
8
8
10
8
8
8
14
14
16
17
8
19
19
21
22
0
0
0
0
4
5
5
0
8
8
10
8
8
8
14
14
16
17
8
19
19
21
22
0
0
0
0
4
5
5
0
8
8
10
8
8
8
14
14
16
17
8
19
19
21
22
0
0
0
0
4
5
5
0
8
8
10
8
8
8
14
14
16
17
8
19
19
21
22
0
0
0
0
4
5
5
0
8
8
10
8
8
8
14
14
16
17
8
19
19
21
22
0
0
0
0
4
5
5
0
8
8
10
8
8
8
14
14
16
17
8
19
19
21
22
0
0
0
3
3
0
6
6
8
6
0
11
12
11
14
14
16
17
14
19
19
11
22
0
0
0
3
3
0
6
6
8
6
0
11
12
11
14
14
16
17
14
19
19
11
22
0
0
0
3
3
0
6
6
8
6
0
11
12
11
14
14
16
17
14
19
19
11
22
0
0
0
3
3
0
6
6
8
6
0
11
12
11
14
14
16
17
14
19
19
11
22
0
0
0
3
3
0
6
6
8
6
0
11
12
11
14
14
16
17
14
19
19
11
22
0
0
0
3
3
0
6
6
8
6
0
11
12
11
14
14
16
17
14
19
19
11
22
0
0
0
3
3
0
6
6
8
6
0
11
12
11
14
14
16
17
14
19
19
11
22
0
0
0
3
3
0
6
6
8
6
0
11
12
11
14
14
16
17
14
19
19
11
22
0
0
0
3
3
0
6
6
8
6
0
11
12
11
14
14
16
17
14
19
19
11
22
0
0
0
3
3
0
6
6
8
6
0
11
12
11
14
14
16
17
14
19
19
11
22
0
0
0
3
3
0
6
6
8
6
0
11
12
11
14
14
16
17
14
19
19
11
22
0
0
0
3
3
0
6
6
8
6
0
11
12
11
14
14
16
17
14
19
19
11
22
0
1
1
1
4
0
6
6
8
9
0
11
12
11
14
11
16
16
18
16
20
16
22
0
1
1
1
4
0
6
6
8
9
0
11
12
11
14
11
16
16
18
16
20
16
22
0
1
1
1
4
0
6
6
8
9
0
11
12
11
14
11
16
16
18
16
20
16
22
0
1
1
1
4
0
6
6
8
9
0
11
12
11
14
11
16
16
18
16
20
16
22
0
1
1
1
4
0
6
6
8
9
0
11
12
11
14
11
16
16
18
16
20
16
22
0
1
1
1
4
0
6
6
8
9
0
11
12
11
14
11
16
16
18
16
20
16
22
0
1
1
1
4
0
6
6
8
9
0
11
12
11
14
11
16
16
18
16
20
16
22
0
1
1
1
4
0
6
6
8
9
0
11
12
11
14
11
16
16
18
16
20
16
22
0
1
1
1
4
0
6
6
8
9
0
11
12
11
14
11
16
16
18
16
20
16
22
0
1
1
1
4
0
6
6
8
9
0
11
12
11
14
11
16
16
18
16
20
16
22
0
1
1
1
4
0
6
6
8
9
0
11
12
11
14
11
16
16
18
16
20
16
22
0
1
1
1
4
0
6
6
8
9
0
11
12
11
14
11
16
16
18
16
20
16
22
0
1
0
3
3
3
0
7
7
9
0
11
12
11
14
14
16
17
11
19
20
19
22
0
1
0
3
3
3
0
7
7
9
0
11
12
11
14
14
16
17
11
19
20
19
22
0
1
0
3
3
3
0
7
7
9
0
11
12
11
14
14
16
17
11
19
20
19
22
0
1
0
3
3
3
0
7
7
9
0
11
12
11
14
14
16
17
11
19
20
19
22
0
1
0
3
3
3
0
7
7
9
0
11
12
11
14
14
16
17
11
19
20
19
22
0
1
0
3
3
3
0
7
7
9
0
11
12
11
14
14
16
17
11
19
20
19
22
0
1
0
3
3
3
0
7
7
9
0
11
12
11
14
14
16
17
11
19
20
19
22
0
1
0
3
3
3
0
7
7
9
0
11
12
11
14
14
16
17
11
19
20
19
22
0
1
0
3
3
3
0
7
7
9
0
11
12
11
14
14
16
17
11
19
20
19
22
0
1
0
3
3
3
0
7
7
9
0
11
12
11
14
14
16
17
11
19
20
19
22
0
1
0
3
3
3
0
7
7
9
0
11
12
11
14
14
16
17
11
19
20
19
22
0
1
0
3
3
3
0
7
7
9
0
11
12
11
14
14
16
17
11
19
20
19
22
0
0
0
3
3
5
5
5
0
9
9
11
11
0
14
15
14
17
14
19
20
19
22
0
0
0
3
3
5
5
5
0
9
9
11
11
0
14
15
14
17
14
19
20
19
22
0
0
0
3
3
5
5
5
0
9
9
11
11
0
14
15
14
17
14
19
20
19
22
0
0
0
3
3
5
5
5
0
9
9
11
11
0
14
15
14
17
14
19
20
19
22
0
0
0
3
3
5
5
5
0
9
9
11
11
0
14
15
14
17
14
19
20
19
22
0
0
0
3
3
5
5
5
0
9
9
11
11
0
14
15
14
17
14
19
20
19
22
0
0
0
3
3
5
5
5
0
9
9
11
11
0
14
15
14
17
14
19
20
19
22
0
0
0
3
3
5
5
5
0
9
9
11
11
0
14
15
14
17
14
19
20
19
22
0
0
0
3
3
5
5
5
0
9
9
11
11
0
14
15
14
17
14
19
20
19
22
0
0
0
3
3
5
5
5
0
9
9
11
11
0
14
15
14
17
14
19
20
19
22
0
0
0
3
3
5
5
5
0
9
9
11
11
0
14
15
14
17
14
19
20
19
22
0
0
0
3
3
5
5
5
0
9
9
11
11
0
14
15
14
17
14
19
20
19
22
0
0
2
2
4
0
6
7
6
6
10
0
12
12
14
15
12
17
18
19
17
21
22
0
0
2
2
4
0
6
7
6
6
10
0
12
12
14
15
12
17
18
19
17
21
22
0
0
2
2
4
0
6
7
6
6
10
0
12
12
14
15
12
17
18
19
17
21
22
0
0
2
2
4
0
6
7
6
6
10
0
12
12
14
15
12
17
18
19
17
21
22
0
0
2
2
4
0
6
7
6
6
10
0
12
12
14
15
12
17
18
19
17
21
22
0
0
2
2
4
0
6
7
6
6
10
0
12
12
14
15
12
17
18
19
17
21
22
0
0
2
2
4
0
6
7
6
6
10
0
12
12
14
15
12
17
18
19
17
21
22
0
0
2
2
4
0
6
7
6
6
10
0
12
12
14
15
12
17
18
19
17
21
22
0
0
2
2
4
0
6
7
6
6
10
0
12
12
14
15
12
17
18
19
17
21
22
0
0
2
2
4
0
6
7
6
6
10
0
12
12
14
15
12
17
18
19
17
21
22
0
0
2
2
4
0
6
7
6
6
10
0
12
12
14
15
12
17
18
19
17
21
22
0
0
2
2
4
0
6
7
6
6
10
0
12
12
14
15
12
17
18
19
17
21
22
0
1
0
3
0
5
6
6
5
0
10
10
12
10
10
10
16
17
16
19
20
19
22
0
1
0
3
0
5
6
6
5
0
10
10
12
10
10
10
16
17
16
19
20
19
22
0
1
0
3
0
5
6
6
5
0
10
10
12
10
10
10
16
17
16
19
20
19
22
0
1
0
3
0
5
6
6
5
0
10
10
12
10
10
10
16
17
16
19
20
19
22
0
1
0
3
0
5
6
6
5
0
10
10
12
10
10
10
16
17
16
19
20
19
22
0
1
0
3
0
5
6
6
5
0
10
10
12
10
10
10
16
17
16
19
20
19
22
0
1
0
3
0
5
6
6
5
0
10
10
12
10
10
10
16
17
16
19
20
19
22
0
1
0
3
0
5
6
6
5
0
10
10
12
10
10
10
16
17
16
19
20
19
22
0
1
0
3
0
5
6
6
5
0
10
10
12
10
10
10
16
17
16
19
20
19
22
0
1
0
3
0
5
6
6
5
0
10
10
12
10
10
10
16
17
16
19
20
19
22
0
1
0
3
0
5
6
6
5
0
10
10
12
10
10
10
16
17
16
19
20
19
22
0
1
0
3
0
5
6
6
5
0
10
10
12
10
10
10
16
17
16
19
20
19
22
0
1
0
0
4
5
4
7
0
9
9
11
12
12
12
9
16
17
16
19
19
21
22
0
1
0
0
4
5
4
7
0
9
9
11
12
12
12
9
16
17
16
19
19
21
22
0
1
0
0
4
5
4
7
0
9
9
11
12
12
12
9
16
17
16
19
19
21
22
0
1
0
0
4
5
4
7
0
9
9
11
12
12
12
9
16
17
16
19
19
21
22
0
1
0
0
4
5
4
7
0
9
9
11
12
12
12
9
16
17
16
19
19
21
22
0
1
0
0
4
5
4
7
0
9
9
11
12
12
12
9
16
17
16
19
19
21
22
0
1
0
0
4
5
4
7
0
9
9
11
12
12
12
9
16
17
16
19
19
21
22
0
1
0
0
4
5
4
7
0
9
9
11
12
12
12
9
16
17
16
19
19
21
22
0
1
0
0
4
5
4
7
0
9
9
11
12
12
12
9
16
17
16
19
19
21
22
0
1
0
0
4
5
4
7
0
9
9
11
12
12
12
9
16
17
16
19
19
21
22
0
1
0
0
4
5
4
7
0
9
9
11
12
12
12
9
16
17
16
19
19
21
22
0
1
0
0
4
5
4
7
0
9
9
11
12
12
12
9
16
17
16
19
19
21
22
0
0
0
3
4
0
6
6
8
9
6
11
0
13
13
13
16
17
17
13
20
21
20
0
0
0
3
4
0
6
6
8
9
6
11
0
13
13
13
16
17
17
13
20
21
20
0
0
0
3
4
0
6
6
8
9
6
11
0
13
13
13
16
17
17
13
20
21
20
0
0
0
3
4
0
6
6
8
9
6
11
0
13
13
13
16
17
17
13
20
21
20
0
0
0
3
4
0
6
6
8
9
6
11
0
13
13
13
16
17
17
13
20
21
20
0
0
0
3
4
0
6
6
8
9
6
11
0
13
13
13
16
17
17
13
20
21
20
0
0
0
3
4
0
6
6
8
9
6
11
0
13
13
13
16
17
17
13
20
21
20
0
0
0
3
4
0
6
6
8
9
6
11
0
13
13
13
16
17
17
13
20
21
20
0
0
0
3
4
0
6
6
8
9
6
11
0
13
13
13
16
17
17
13
20
21
20
0
0
0
3
4
0
6
6
8
9
6
11
0
13
13
13
16
17
17
13
20
21
20
0
0
0
3
4
0
6
6
8
9
6
11
0
13
13
13
16
17
17
13
20
21
20
0
0
0
3
4
0
6
6
8
9
6
11
0
13
13
13
16
17
17
13
20
21
20
0
1
1
3
1
5
6
0
8
9
8
11
11
8
14
0
16
16
18
16
20
20
22
0
1
1
3
1
5
6
0
8
9
8
11
11
8
14
0
16
16
18
16
20
20
22
0
1
1
3
1
5
6
0
8
9
8
11
11
8
14
0
16
16
18
16
20
20
22
0
1
1
3
1
5
6
0
8
9
8
11
11
8
14
0
16
16
18
16
20
20
22
0
1
1
3
1
5
6
0
8
9
8
11
11
8
14
0
16
16
18
16
20
20
22
0
1
1
3
1
5
6
0
8
9
8
11
11
8
14
0
16
16
18
16
20
20
22
0
1
1
3
1
5
6
0
8
9
8
11
11
8
14
0
16
16
18
16
20
20
22
0
1
1
3
1
5
6
0
8
9
8
11
11
8
14
0
16
16
18
16
20
20
22
0
1
1
3
1
5
6
0
8
9
8
11
11
8
14
0
16
16
18
16
20
20
22
0
1
1
3
1
5
6
0
8
9
8
11
11
8
14
0
16
16
18
16
20
20
22
0
1
1
3
1
5
6
0
8
9
8
11
11
8
14
0
16
16
18
16
20
20
22
0
1
1
3
1
5
6
0
8
9
8
11
11
8
14
0
16
16
18
16
20
20
22
0
1
0
3
0
5
0
7
8
8
0
11
11
13
0
15
15
15
18
15
15
21
21
0
1
0
3
0
5
0
7
8
8
0
11
11
13
0
15
15
15
18
15
15
21
21
0
1
0
3
0
5
0
7
8
8
0
11
11
13
0
15
15
15
18
15
15
21
21
0
1
0
3
0
5
0
7
8
8
0
11
11
13
0
15
15
15
18
15
15
21
21
0
1
0
3
0
5
0
7
8
8
0
11
11
13
0
15
15
15
18
15
15
21
21
0
1
0
3
0
5
0
7
8
8
0
11
11
13
0
15
15
15
18
15
15
21
21
0
1
0
3
0
5
0
7
8
8
0
11
11
13
0
15
15
15
18
15
15
21
21
0
1
0
3
0
5
0
7
8
8
0
11
11
13
0
15
15
15
18
15
15
21
21
0
1
0
3
0
5
0
7
8
8
0
11
11
13
0
15
15
15
18
15
15
21
21
0
1
0
3
0
5
0
7
8
8
0
11
11
13
0
15
15
15
18
15
15
21
21
0
1
0
3
0
5
0
7
8
8
0
11
11
13
0
15
15
15
18
15
15
21
21
0
1
0
3
0
5
0
7
8
8
0
11
11
13
0
15
15
15
18
15
15
21
21
0
1
2
2
0
5
5
7
7
9
0
11
11
13
13
11
16
16
18
16
20
16
22
0
1
2
2
0
5
5
7
7
9
0
11
11
13
13
11
16
16
18
16
20
16
22
0
1
2
2
0
5
5
7
7
9
0
11
11
13
13
11
16
16
18
16
20
16
22
0
1
2
2
0
5
5
7
7
9
0
11
11
13
13
11
16
16
18
16
20
16
22
0
1
2
2
0
5
5
7
7
9
0
11
11
13
13
11
16
16
18
16
20
16
22
0
1
2
2
0
5
5
7
7
9
0
11
11
13
13
11
16
16
18
16
20
16
22
0
1
2
2
0
5
5
7
7
9
0
11
11
13
13
11
16
16
18
16
20
16
22
0
1
2
2
0
5
5
7
7
9
0
11
11
13
13
11
16
16
18
16
20
16
22
0
1
2
2
0
5
5
7
7
9
0
11
11
13
13
11
16
16
18
16
20
16
22
0
1
2
2
0
5
5
7
7
9
0
11
11
13
13
11
16
16
18
16
20
16
22
0
1
2
2
0
5
5
7
7
9
0
11
11
13
13
11
16
16
18
16
20
16
22
0
1
2
2
0
5
5
7
7
9
0
11
11
13
13
11
16
16
18
16
20
16
22
0
0
2
3
0
0
6
6
6
9
10
11
6
13
13
15
0
17
17
19
17
21
22
0
0
2
3
0
0
6
6
6
9
10
11
6
13
13
15
0
17
17
19
17
21
22
0
0
2
3
0
0
6
6
6
9
10
11
6
13
13
15
0
17
17
19
17
21
22
0
0
2
3
0
0
6
6
6
9
10
11
6
13
13
15
0
17
17
19
17
21
22
0
0
2
3
0
0
6
6
6
9
10
11
6
13
13
15
0
17
17
19
17
21
22
0
0
2
3
0
0
6
6
6
9
10
11
6
13
13
15
0
17
17
19
17
21
22
0
0
2
3
0
0
6
6
6
9
10
11
6
13
13
15
0
17
17
19
17
21
22
0
0
2
3
0
0
6
6
6
9
10
11
6
13
13
15
0
17
17
19
17
21
22
0
0
2
3
0
0
6
6
6
9
10
11
6
13
13
15
0
17
17
19
17
21
22
0
0
2
3
0
0
6
6
6
9
10
11
6
13
13
15
0
17
17
19
17
21
22
0
0
2
3
0
0
6
6
6
9
10
11
6
13
13
15
0
17
17
19
17
21
22
0
0
2
3
0
0
6
6
6
9
10
11
6
13
13
15
0
17
17
19
17
21
22
0
1
1
0
4
0
6
6
6
0
10
11
10
13
10
15
16
16
18
15
20
20
22
0
1
1
0
4
0
6
6
6
0
10
11
10
13
10
15
16
16
18
15
20
20
22
0
1
1
0
4
0
6
6
6
0
10
11
10
13
10
15
16
16
18
15
20
20
22
0
1
1
0
4
0
6
6
6
0
10
11
10
13
10
15
16
16
18
15
20
20
22
0
1
1
0
4
0
6
6
6
0
10
11
10
13
10
15
16
16
18
15
20
20
22
0
1
1
0
4
0
6
6
6
0
10
11
10
13
10
15
16
16
18
15
20
20
22
0
1
1
0
4
0
6
6
6
0
10
11
10
13
10
15
16
16
18
15
20
20
22
0
1
1
0
4
0
6
6
6
0
10
11
10
13
10
15
16
16
18
15
20
20
22
0
1
1
0
4
0
6
6
6
0
10
11
10
13
10
15
16
16
18
15
20
20
22
0
1
1
0
4
0
6
6
6
0
10
11
10
13
10
15
16
16
18
15
20
20
22
0
1
1
0
4
0
6
6
6
0
10
11
10
13
10
15
16
16
18
15
20
20
22
0
1
1
0
4
0
6
6
6
0
10
11
10
13
10
15
16
16
18
15
20
20
22
0
0
0
3
4
0
6
6
6
9
6
11
12
0
14
14
16
16
16
19
14
21
21
0
0
0
3
4
0
6
6
6
9
6
11
12
0
14
14
16
16
16
19
14
21
21
0
0
0
3
4
0
6
6
6
9
6
11
12
0
14
14
16
16
16
19
14
21
21
0
0
0
3
4
0
6
6
6
9
6
11
12
0
14
14
16
16
16
19
14
21
21
0
0
0
3
4
0
6
6
6
9
6
11
12
0
14
14
16
16
16
19
14
21
21
0
0
0
3
4
0
6
6
6
9
6
11
12
0
14
14
16
16
16
19
14
21
21
0
0
0
3
4
0
6
6
6
9
6
11
12
0
14
14
16
16
16
19
14
21
21
0
0
0
3
4
0
6
6
6
9
6
11
12
0
14
14
16
16
16
19
14
21
21
0
0
0
3
4
0
6
6
6
9
6
11
12
0
14
14
16
16
16
19
14
21
21
0
0
0
3
4
0
6
6
6
9
6
11
12
0
14
14
16
16
16
19
14
21
21
0
0
0
3
4
0
6
6
6
9
6
11
12
0
14
14
16
16
16
19
14
21
21
0
0
0
3
4
0
6
6
6
9
6
11
12
0
14
14
16
16
16
19
14
21
21
0
0
2
3
2
5
5
2
8
8
10
0
12
12
14
12
16
12
18
19
18
21
21
0
0
2
3
2
5
5
2
8
8
10
0
12
12
14
12
16
12
18
19
18
21
21
0
0
2
3
2
5
5
2
8
8
10
0
12
12
14
12
16
12
18
19
18
21
21
0
0
2
3
2
5
5
2
8
8
10
0
12
12
14
12
16
12
18
19
18
21
21
0
0
2
3
2
5
5
2
8
8
10
0
12
12
14
12
16
12
18
19
18
21
21
0
0
2
3
2
5
5
2
8
8
10
0
12
12
14
12
16
12
18
19
18
21
21
0
0
2
3
2
5
5
2
8
8
10
0
12
12
14
12
16
12
18
19
18
21
21
0
0
2
3
2
5
5
2
8
8
10
0
12
12
14
12
16
12
18
19
18
21
21
0
0
2
3
2
5
5
2
8
8
10
0
12
12
14
12
16
12
18
19
18
21
21
0
0
2
3
2
5
5
2
8
8
10
0
12
12
14
12
16
12
18
19
18
21
21
0
0
2
3
2
5
5
2
8
8
10
0
12
12
14
12
16
12
18
19
18
21
21
0
0
2
3
2
5
5
2
8
8
10
0
12
12
14
12
16
12
18
19
18
21
21
0
1
2
1
4
0
6
0
8
8
8
8
12
12
14
0
16
16
18
16
20
20
20
0
1
2
1
4
0
6
0
8
8
8
8
12
12
14
0
16
16
18
16
20
20
20
0
1
2
1
4
0
6
0
8
8
8
8
12
12
14
0
16
16
18
16
20
20
20
0
1
2
1
4
0
6
0
8
8
8
8
12
12
14
0
16
16
18
16
20
20
20
0
1
2
1
4
0
6
0
8
8
8
8
12
12
14
0
16
16
18
16
20
20
20
0
1
2
1
4
0
6
0
8
8
8
8
12
12
14
0
16
16
18
16
20
20
20
0
1
2
1
4
0
6
0
8
8
8
8
12
12
14
0
16
16
18
16
20
20
20
0
1
2
1
4
0
6
0
8
8
8
8
12
12
14
0
16
16
18
16
20
20
20
0
1
2
1
4
0
6
0
8
8
8
8
12
12
14
0
16
16
18
16
20
20
20
0
1
2
1
4
0
6
0
8
8
8
8
12
12
14
0
16
16
18
16
20
20
20
0
1
2
1
4
0
6
0
8
8
8
8
12
12
14
0
16
16
18
16
20
20
20
0
1
2
1
4
0
6
0
8
8
8
8
12
12
14
0
16
16
18
16
20
20
20
0
0
0
3
3
3
0
7
8
7
10
10
0
13
14
13
13
17
18
19
17
17
22
0
0
0
3
3
3
0
7
8
7
10
10
0
13
14
13
13
17
18
19
17
17
22
0
0
0
3
3
3
0
7
8
7
10
10
0
13
14
13
13
17
18
19
17
17
22
0
0
0
3
3
3
0
7
8
7
10
10
0
13
14
13
13
17
18
19
17
17
22
0
0
0
3
3
3
0
7
8
7
10
10
0
13
14
13
13
17
18
19
17
17
22
0
0
0
3
3
3
0
7
8
7
10
10
0
13
14
13
13
17
18
19
17
17
22
0
0
0
3
3
3
0
7
8
7
10
10
0
13
14
13
13
17
18
19
17
17
22
0
0
0
3
3
3
0
7
8
7
10
10
0
13
14
13
13
17
18
19
17
17
22
0
0
0
3
3
3
0
7
8
7
10
10
0
13
14
13
13
17
18
19
17
17
22
0
0
0
3
3
3
0
7
8
7
10
10
0
13
14
13
13
17
18
19
17
17
22
0
0
0
3
3
3
0
7
8
7
10
10
0
13
14
13
13
17
18
19
17
17
22
0
0
0
3
3
3
0
7
8
7
10
10
0
13
14
13
13
17
18
19
17
17
22
0
1
0
3
0
5
6
5
8
0
10
10
12
10
14
15
14
17
17
17
20
20
20
0
1
0
3
0
5
6
5
8
0
10
10
12
10
14
15
14
17
17
17
20
20
20
0
1
0
3
0
5
6
5
8
0
10
10
12
10
14
15
14
17
17
17
20
20
20
0
1
0
3
0
5
6
5
8
0
10
10
12
10
14
15
14
17
17
17
20
20
20
0
1
0
3
0
5
6
5
8
0
10
10
12
10
14
15
14
17
17
17
20
20
20
0
1
0
3
0
5
6
5
8
0
10
10
12
10
14
15
14
17
17
17
20
20
20
0
1
0
3
0
5
6
5
8
0
10
10
12
10
14
15
14
17
17
17
20
20
20
0
1
0
3
0
5
6
5
8
0
10
10
12
10
14
15
14
17
17
17
20
20
20
0
1
0
3
0
5
6
5
8
0
10
10
12
10
14
15
14
17
17
17
20
20
20
0
1
0
3
0
5
6
5
8
0
10
10
12
10
14
15
14
17
17
17
20
20
20
0
1
0
3
0
5
6
5
8
0
10
10
12
10
14
15
14
17
17
17
20
20
20
0
1
0
3
0
5
6
5
8
0
10
10
12
10
14
15
14
17
17
17
20
20
20
0
1
2
0
4
4
6
6
0
9
9
11
12
9
14
15
15
0
18
19
18
21
22
0
1
2
0
4
4
6
6
0
9
9
11
12
9
14
15
15
0
18
19
18
21
22
0
1
2
0
4
4
6
6
0
9
9
11
12
9
14
15
15
0
18
19
18
21
22
0
1
2
0
4
4
6
6
0
9
9
11
12
9
14
15
15
0
18
19
18
21
22
0
1
2
0
4
4
6
6
0
9
9
11
12
9
14
15
15
0
18
19
18
21
22
0
1
2
0
4
4
6
6
0
9
9
11
12
9
14
15
15
0
18
19
18
21
22
0
1
2
0
4
4
6
6
0
9
9
11
12
9
14
15
15
0
18
19
18
21
22
0
1
2
0
4
4
6
6
0
9
9
11
12
9
14
15
15
0
18
19
18
21
22
0
1
2
0
4
4
6
6
0
9
9
11
12
9
14
15
15
0
18
19
18
21
22
0
1
2
0
4
4
6
6
0
9
9
11
12
9
14
15
15
0
18
19
18
21
22
0
1
2
0
4
4
6
6
0
9
9
11
12
9
14
15
15
0
18
19
18
21
22
0
1
2
0
4
4
6
6
0
9
9
11
12
9
14
15
15
0
18
19
18
21
22
0
0
2
2
0
5
5
7
0
9
10
11
9
0
14
14
14
17
14
19
19
19
22
0
0
2
2
0
5
5
7
0
9
10
11
9
0
14
14
14
17
14
19
19
19
22
0
0
2
2
0
5
5
7
0
9
10
11
9
0
14
14
14
17
14
19
19
19
22
0
0
2
2
0
5
5
7
0
9
10
11
9
0
14
14
14
17
14
19
19
19
22
0
0
2
2
0
5
5
7
0
9
10
11
9
0
14
14
14
17
14
19
19
19
22
0
0
2
2
0
5
5
7
0
9
10
11
9
0
14
14
14
17
14
19
19
19
22
0
0
2
2
0
5
5
7
0
9
10
11
9
0
14
14
14
17
14
19
19
19
22
0
0
2
2
0
5
5
7
0
9
10
11
9
0
14
14
14
17
14
19
19
19
22
0
0
2
2
0
5
5
7
0
9
10
11
9
0
14
14
14
17
14
19
19
19
22
0
0
2
2
0
5
5
7
0
9
10
11
9
0
14
14
14
17
14
19
19
19
22
0
0
2
2
0
5
5
7
0
9
10
11
9
0
14
14
14
17
14
19
19
19
22
0
0
2
2
0
5
5
7
0
9
10
11
9
0
14
14
14
17
14
19
19
19
22
0
1
2
1
0
5
6
5
0
9
9
9
9
13
14
13
9
17
17
19
19
19
22
0
1
2
1
0
5
6
5
0
9
9
9
9
13
14
13
9
17
17
19
19
19
22
0
1
2
1
0
5
6
5
0
9
9
9
9
13
14
13
9
17
17
19
19
19
22
0
1
2
1
0
5
6
5
0
9
9
9
9
13
14
13
9
17
17
19
19
19
22
0
1
2
1
0
5
6
5
0
9
9
9
9
13
14
13
9
17
17
19
19
19
22
0
1
2
1
0
5
6
5
0
9
9
9
9
13
14
13
9
17
17
19
19
19
22
0
1
2
1
0
5
6
5
0
9
9
9
9
13
14
13
9
17
17
19
19
19
22
0
1
2
1
0
5
6
5
0
9
9
9
9
13
14
13
9
17
17
19
19
19
22
0
1
2
1
0
5
6
5
0
9
9
9
9
13
14
13
9
17
17
19
19
19
22
0
1
2
1
0
5
6
5
0
9
9
9
9
13
14
13
9
17
17
19
19
19
22
0
1
2
1
0
5
6
5
0
9
9
9
9
13
14
13
9
17
17
19
19
19
22
0
1
2
1
0
5
6
5
0
9
9
9
9
13
14
13
9
17
17
19
19
19
22
0
1
2
0
4
0
0
7
7
7
7
11
12
12
14
0
16
16
16
19
20
21
19
0
1
2
0
4
0
0
7
7
7
7
11
12
12
14
0
16
16
16
19
20
21
19
0
1
2
0
4
0
0
7
7
7
7
11
12
12
14
0
16
16
16
19
20
21
19
0
1
2
0
4
0
0
7
7
7
7
11
12
12
14
0
16
16
16
19
20
21
19
0
1
2
0
4
0
0
7
7
7
7
11
12
12
14
0
16
16
16
19
20
21
19
0
1
2
0
4
0
0
7
7
7
7
11
12
12
14
0
16
16
16
19
20
21
19
0
1
2
0
4
0
0
7
7
7
7
11
12
12
14
0
16
16
16
19
20
21
19
0
1
2
0
4
0
0
7
7
7
7
11
12
12
14
0
16
16
16
19
20
21
19
0
1
2
0
4
0
0
7
7
7
7
11
12
12
14
0
16
16
16
19
20
21
19
0
1
2
0
4
0
0
7
7
7
7
11
12
12
14
0
16
16
16
19
20
21
19
0
1
2
0
4
0
0
7
7
7
7
11
12
12
14
0
16
16
16
19
20
21
19
0
1
2
0
4
0
0
7
7
7
7
11
12
12
14
0
16
16
16
19
20
21
19
0
1
0
3
0
5
5
0
8
0
10
10
10
13
13
15
13
17
10
19
19
21
19
0
1
0
3
0
5
5
0
8
0
10
10
10
13
13
15
13
17
10
19
19
21
19
0
1
0
3
0
5
5
0
8
0
10
10
10
13
13
15
13
17
10
19
19
21
19
0
1
0
3
0
5
5
0
8
0
10
10
10
13
13
15
13
17
10
19
19
21
19
0
1
0
3
0
5
5
0
8
0
10
10
10
13
13
15
13
17
10
19
19
21
19
0
1
0
3
0
5
5
0
8
0
10
10
10
13
13
15
13
17
10
19
19
21
19
0
1
0
3
0
5
5
0
8
0
10
10
10
13
13
15
13
17
10
19
19
21
19
0
1
0
3
0
5
5
0
8
0
10
10
10
13
13
15
13
17
10
19
19
21
19
0
1
0
3
0
5
5
0
8
0
10
10
10
13
13
15
13
17
10
19
19
21
19
0
1
0
3
0
5
5
0
8
0
10
10
10
13
13
15
13
17
10
19
19
21
19
0
1
0
3
0
5
5
0
8
0
10
10
10
13
13
15
13
17
10
19
19
21
19
0
1
0
3
0
5
5
0
8
0
10
10
10
13
13
15
13
17
10
19
19
21
19
0
0
0
0
4
4
6
0
8
8
10
11
10
13
13
13
0
17
17
17
20
21
22
0
0
0
0
4
4
6
0
8
8
10
11
10
13
13
13
0
17
17
17
20
21
22
0
0
0
0
4
4
6
0
8
8
10
11
10
13
13
13
0
17
17
17
20
21
22
0
0
0
0
4
4
6
0
8
8
10
11
10
13
13
13
0
17
17
17
20
21
22
0
0
0
0
4
4
6
0
8
8
10
11
10
13
13
13
0
17
17
17
20
21
22
0
0
0
0
4
4
6
0
8
8
10
11
10
13
13
13
0
17
17
17
20
21
22
0
0
0
0
4
4
6
0
8
8
10
11
10
13
13
13
0
17
17
17
20
21
22
0
0
0
0
4
4
6
0
8
8
10
11
10
13
13
13
0
17
17
17
20
21
22
0
0
0
0
4
4
6
0
8
8
10
11
10
13
13
13
0
17
17
17
20
21
22
0
0
0
0
4
4
6
0
8
8
10
11
10
13
13
13
0
17
17
17
20
21
22
0
0
0
0
4
4
6
0
8
8
10
11
10
13
13
13
0
17
17
17
20
21
22
0
0
0
0
4
4
6
0
8
8
10
11
10
13
13
13
0
17
17
17
20
21
22
0
0
2
0
4
4
6
6
0
9
9
11
9
13
9
15
15
17
17
15
20
20
22
0
0
2
0
4
4
6
6
0
9
9
11
9
13
9
15
15
17
17
15
20
20
22
0
0
2
0
4
4
6
6
0
9
9
11
9
13
9
15
15
17
17
15
20
20
22
0
0
2
0
4
4
6
6
0
9
9
11
9
13
9
15
15
17
17
15
20
20
22
0
0
2
0
4
4
6
6
0
9
9
11
9
13
9
15
15
17
17
15
20
20
22
0
0
2
0
4
4
6
6
0
9
9
11
9
13
9
15
15
17
17
15
20
20
22
0
0
2
0
4
4
6
6
0
9
9
11
9
13
9
15
15
17
17
15
20
20
22
0
0
2
0
4
4
6
6
0
9
9
11
9
13
9
15
15
17
17
15
20
20
22
0
0
2
0
4
4
6
6
0
9
9
11
9
13
9
15
15
17
17
15
20
20
22
0
0
2
0
4
4
6
6
0
9
9
11
9
13
9
15
15
17
17
15
20
20
22
0
0
2
0
4
4
6
6
0
9
9
11
9
13
9
15
15
17
17
15
20
20
22
0
0
2
0
4
4
6
6
0
9
9
11
9
13
9
15
15
17
17
15
20
20
22
0
0
2
0
4
4
6
7
6
9
0
11
11
13
11
15
15
17
11
19
20
21
22
0
0
2
0
4
4
6
7
6
9
0
11
11
13
11
15
15
17
11
19
20
21
22
0
0
2
0
4
4
6
7
6
9
0
11
11
13
11
15
15
17
11
19
20
21
22
0
0
2
0
4
4
6
7
6
9
0
11
11
13
11
15
15
17
11
19
20
21
22
0
0
2
0
4
4
6
7
6
9
0
11
11
13
11
15
15
17
11
19
20
21
22
0
0
2
0
4
4
6
7
6
9
0
11
11
13
11
15
15
17
11
19
20
21
22
0
0
2
0
4
4
6
7
6
9
0
11
11
13
11
15
15
17
11
19
20
21
22
0
0
2
0
4
4
6
7
6
9
0
11
11
13
11
15
15
17
11
19
20
21
22
0
0
2
0
4
4
6
7
6
9
0
11
11
13
11
15
15
17
11
19
20
21
22
0
0
2
0
4
4
6
7
6
9
0
11
11
13
11
15
15
17
11
19
20
21
22
0
0
2
0
4
4
6
7
6
9
0
11
11
13
11
15
15
17
11
19
20
21
22
0
0
2
0
4
4
6
7
6
9
0
11
11
13
11
15
15
17
11
19
20
21
22
0
1
2
1
4
1
6
6
8
0
10
10
0
13
13
15
16
13
18
18
20
21
18
0
1
2
1
4
1
6
6
8
0
10
10
0
13
13
15
16
13
18
18
20
21
18
0
1
2
1
4
1
6
6
8
0
10
10
0
13
13
15
16
13
18
18
20
21
18
0
1
2
1
4
1
6
6
8
0
10
10
0
13
13
15
16
13
18
18
20
21
18
0
1
2
1
4
1
6
6
8
0
10
10
0
13
13
15
16
13
18
18
20
21
18
0
1
2
1
4
1
6
6
8
0
10
10
0
13
13
15
16
13
18
18
20
21
18
0
1
2
1
4
1
6
6
8
0
10
10
0
13
13
15
16
13
18
18
20
21
18
0
1
2
1
4
1
6
6
8
0
10
10
0
13
13
15
16
13
18
18
20
21
18
0
1
2
1
4
1
6
6
8
0
10
10
0
13
13
15
16
13
18
18
20
21
18
0
1
2
1
4
1
6
6
8
0
10
10
0
13
13
15
16
13
18
18
20
21
18
0
1
2
1
4
1
6
6
8
0
10
10
0
13
13
15
16
13
18
18
20
21
18
0
1
2
1
4
1
6
6
8
0
10
10
0
13
13
15
16
13
18
18
20
21
18
0
0
0
3
3
5
6
0
8
9
8
11
12
12
0
15
15
17
18
17
15
21
21
0
0
0
3
3
5
6
0
8
9
8
11
12
12
0
15
15
17
18
17
15
21
21
0
0
0
3
3
5
6
0
8
9
8
11
12
12
0
15
15
17
18
17
15
21
21
0
0
0
3
3
5
6
0
8
9
8
11
12
12
0
15
15
17
18
17
15
21
21
0
0
0
3
3
5
6
0
8
9
8
11
12
12
0
15
15
17
18
17
15
21
21
0
0
0
3
3
5
6
0
8
9
8
11
12
12
0
15
15
17
18
17
15
21
21
0
0
0
3
3
5
6
0
8
9
8
11
12
12
0
15
15
17
18
17
15
21
21
0
0
0
3
3
5
6
0
8
9
8
11
12
12
0
15
15
17
18
17
15
21
21
0
0
0
3
3
5
6
0
8
9
8
11
12
12
0
15
15
17
18
17
15
21
21
0
0
0
3
3
5
6
0
8
9
8
11
12
12
0
15
15
17
18
17
15
21
21
0
0
0
3
3
5
6
0
8
9
8
11
12
12
0
15
15
17
18
17
15
21
21
0
0
0
3
3
5
6
0
8
9
8
11
12
12
0
15
15
17
18
17
15
21
21
0
0
0
3
4
0
6
6
0
9
9
11
11
9
14
15
16
17
9
19
19
21
21
0
0
0
3
4
0
6
6
0
9
9
11
11
9
14
15
16
17
9
19
19
21
21
0
0
0
3
4
0
6
6
0
9
9
11
11
9
14
15
16
17
9
19
19
21
21
0
0
0
3
4
0
6
6
0
9
9
11
11
9
14
15
16
17
9
19
19
21
21
0
0
0
3
4
0
6
6
0
9
9
11
11
9
14
15
16
17
9
19
19
21
21
0
0
0
3
4
0
6
6
0
9
9
11
11
9
14
15
16
17
9
19
19
21
21
0
0
0
3
4
0
6
6
0
9
9
11
11
9
14
15
16
17
9
19
19
21
21
0
0
0
3
4
0
6
6
0
9
9
11
11
9
14
15
16
17
9
19
19
21
21
0
0
0
3
4
0
6
6
0
9
9
11
11
9
14
15
16
17
9
19
19
21
21
0
0
0
3
4
0
6
6
0
9
9
11
11
9
14
15
16
17
9
19
19
21
21
0
0
0
3
4
0
6
6
0
9
9
11
11
9
14
15
16
17
9
19
19
21
21
0
0
0
3
4
0
6
6
0
9
9
11
11
9
14
15
16
17
9
19
19
21
21
0
0
2
0
4
4
6
7
6
0
10
10
12
10
14
14
14
10
18
19
18
21
21
0
0
2
0
4
4
6
7
6
0
10
10
12
10
14
14
14
10
18
19
18
21
21
0
0
2
0
4
4
6
7
6
0
10
10
12
10
14
14
14
10
18
19
18
21
21
0
0
2
0
4
4
6
7
6
0
10
10
12
10
14
14
14
10
18
19
18
21
21
0
0
2
0
4
4
6
7
6
0
10
10
12
10
14
14
14
10
18
19
18
21
21
0
0
2
0
4
4
6
7
6
0
10
10
12
10
14
14
14
10
18
19
18
21
21
0
0
2
0
4
4
6
7
6
0
10
10
12
10
14
14
14
10
18
19
18
21
21
0
0
2
0
4
4
6
7
6
0
10
10
12
10
14
14
14
10
18
19
18
21
21
0
0
2
0
4
4
6
7
6
0
10
10
12
10
14
14
14
10
18
19
18
21
21
0
0
2
0
4
4
6
7
6
0
10
10
12
10
14
14
14
10
18
19
18
21
21
0
0
2
0
4
4
6
7
6
0
10
10
12
10
14
14
14
10
18
19
18
21
21
0
0
2
0
4
4
6
7
6
0
10
10
12
10
14
14
14
10
18
19
18
21
21
0
1
0
3
0
5
5
0
8
8
8
11
8
13
14
13
13
17
17
17
20
20
22
0
1
0
3
0
5
5
0
8
8
8
11
8
13
14
13
13
17
17
17
20
20
22
0
1
0
3
0
5
5
0
8
8
8
11
8
13
14
13
13
17
17
17
20
20
22
0
1
0
3
0
5
5
0
8
8
8
11
8
13
14
13
13
17
17
17
20
20
22
0
1
0
3
0
5
5
0
8
8
8
11
8
13
14
13
13
17
17
17
20
20
22
0
1
0
3
0
5
5
0
8
8
8
11
8
13
14
13
13
17
17
17
20
20
22
0
1
0
3
0
5
5
0
8
8
8
11
8
13
14
13
13
17
17
17
20
20
22
0
1
0
3
0
5
5
0
8
8
8
11
8
13
14
13
13
17
17
17
20
20
22
0
1
0
3
0
5
5
0
8
8
8
11
8
13
14
13
13
17
17
17
20
20
22
0
1
0
3
0
5
5
0
8
8
8
11
8
13
14
13
13
17
17
17
20
20
22
0
1
0
3
0
5
5
0
8
8
8
11
8
13
14
13
13
17
17
17
20
20
22
0
1
0
3
0
5
5
0
8
8
8
11
8
13
14
13
13
17
17
17
20
20
22
0
1
1
3
0
5
6
0
8
8
8
11
12
0
14
14
16
17
14
19
19
21
21
0
1
1
3
0
5
6
0
8
8
8
11
12
0
14
14
16
17
14
19
19
21
21
0
1
1
3
0
5
6
0
8
8
8
11
12
0
14
14
16
17
14
19
19
21
21
0
1
1
3
0
5
6
0
8
8
8
11
12
0
14
14
16
17
14
19
19
21
21
0
1
1
3
0
5
6
0
8
8
8
11
12
0
14
14
16
17
14
19
19
21
21
0
1
1
3
0
5
6
0
8
8
8
11
12
0
14
14
16
17
14
19
19
21
21
0
1
1
3
0
5
6
0
8
8
8
11
12
0
14
14
16
17
14
19
19
21
21
0
1
1
3
0
5
6
0
8
8
8
11
12
0
14
14
16
17
14
19
19
21
21
0
1
1
3
0
5
6
0
8
8
8
11
12
0
14
14
16
17
14
19
19
21
21
0
1
1
3
0
5
6
0
8
8
8
11
12
0
14
14
16
17
14
19
19
21
21
0
1
1
3
0
5
6
0
8
8
8
11
12
0
14
14
16
17
14
19
19
21
21
0
1
1
3
0
5
6
0
8
8
8
11
12
0
14
14
16
17
14
19
19
21
21
0
0
0
3
3
5
0
7
8
9
10
7
12
12
14
14
16
7
18
18
20
21
21
0
0
0
3
3
5
0
7
8
9
10
7
12
12
14
14
16
7
18
18
20
21
21
0
0
0
3
3
5
0
7
8
9
10
7
12
12
14
14
16
7
18
18
20
21
21
0
0
0
3
3
5
0
7
8
9
10
7
12
12
14
14
16
7
18
18
20
21
21
0
0
0
3
3
5
0
7
8
9
10
7
12
12
14
14
16
7
18
18
20
21
21
0
0
0
3
3
5
0
7
8
9
10
7
12
12
14
14
16
7
18
18
20
21
21
0
0
0
3
3
5
0
7
8
9
10
7
12
12
14
14
16
7
18
18
20
21
21
0
0
0
3
3
5
0
7
8
9
10
7
12
12
14
14
16
7
18
18
20
21
21
0
0
0
3
3
5
0
7
8
9
10
7
12
12
14
14
16
7
18
18
20
21
21
0
0
0
3
3
5
0
7
8
9
10
7
12
12
14
14
16
7
18
18
20
21
21
0
0
0
3
3
5
0
7
8
9
10
7
12
12
14
14
16
7
18
18
20
21
21
0
0
0
3
3
5
0
7
8
9
10
7
12
12
14
14
16
7
18
18
20
21
21
0
1
0
3
3
3
3
7
8
0
10
10
12
13
10
15
16
16
18
15
20
21
22
0
1
0
3
3
3
3
7
8
0
10
10
12
13
10
15
16
16
18
15
20
21
22
0
1
0
3
3
3
3
7
8
0
10
10
12
13
10
15
16
16
18
15
20
21
22
0
1
0
3
3
3
3
7
8
0
10
10
12
13
10
15
16
16
18
15
20
21
22
0
1
0
3
3
3
3
7
8
0
10
10
12
13
10
15
16
16
18
15
20
21
22
0
1
0
3
3
3
3
7
8
0
10
10
12
13
10
15
16
16
18
15
20
21
22
0
1
0
3
3
3
3
7
8
0
10
10
12
13
10
15
16
16
18
15
20
21
22
0
1
0
3
3
3
3
7
8
0
10
10
12
13
10
15
16
16
18
15
20
21
22
0
1
0
3
3
3
3
7
8
0
10
10
12
13
10
15
16
16
18
15
20
21
22
0
1
0
3
3
3
3
7
8
0
10
10
12
13
10
15
16
16
18
15
20
21
22
0
1
0
3
3
3
3
7
8
0
10
10
12
13
10
15
16
16
18
15
20
21
22
0
1
0
3
3
3
3
7
8
0
10
10
12
13
10
15
16
16
18
15
20
21
22
0
0
2
2
0
5
6
5
8
9
0
11
12
12
14
14
11
17
18
11
20
20
22
0
0
2
2
0
5
6
5
8
9
0
11
12
12
14
14
11
17
18
11
20
20
22
0
0
2
2
0
5
6
5
8
9
0
11
12
12
14
14
11
17
18
11
20
20
22
0
0
2
2
0
5
6
5
8
9
0
11
12
12
14
14
11
17
18
11
20
20
22
0
0
2
2
0
5
6
5
8
9
0
11
12
12
14
14
11
17
18
11
20
20
22
0
0
2
2
0
5
6
5
8
9
0
11
12
12
14
14
11
17
18
11
20
20
22
0
0
2
2
0
5
6
5
8
9
0
11
12
12
14
14
11
17
18
11
20
20
22
0
0
2
2
0
5
6
5
8
9
0
11
12
12
14
14
11
17
18
11
20
20
22
0
0
2
2
0
5
6
5
8
9
0
11
12
12
14
14
11
17
18
11
20
20
22
0
0
2
2
0
5
6
5
8
9
0
11
12
12
14
14
11
17
18
11
20
20
22
0
0
2
2
0
5
6
5
8
9
0
11
12
12
14
14
11
17
18
11
20
20
22
0
0
2
2
0
5
6
5
8
9
0
11
12
12
14
14
11
17
18
11
20
20
22
0
0
2
3
0
5
6
0
8
8
10
10
0
13
14
13
16
16
18
18
13
21
22
0
0
2
3
0
5
6
0
8
8
10
10
0
13
14
13
16
16
18
18
13
21
22
0
0
2
3
0
5
6
0
8
8
10
10
0
13
14
13
16
16
18
18
13
21
22
0
0
2
3
0
5
6
0
8
8
10
10
0
13
14
13
16
16
18
18
13
21
22
0
0
2
3
0
5
6
0
8
8
10
10
0
13
14
13
16
16
18
18
13
21
22
0
0
2
3
0
5
6
0
8
8
10
10
0
13
14
13
16
16
18
18
13
21
22
0
0
2
3
0
5
6
0
8
8
10
10
0
13
14
13
16
16
18
18
13
21
22
0
0
2
3
0
5
6
0
8
8
10
10
0
13
14
13
16
16
18
18
13
21
22
0
0
2
3
0
5
6
0
8
8
10
10
0
13
14
13
16
16
18
18
13
21
22
0
0
2
3
0
5
6
0
8
8
10
10
0
13
14
13
16
16
18
18
13
21
22
0
0
2
3
0
5
6
0
8
8
10
10
0
13
14
13
16
16
18
18
13
21
22
0
0
2
3
0
5
6
0
8
8
10
10
0
13
14
13
16
16
18
18
13
21
22
0
0
2
0
0
2
0
0
2
0
0
0
2
0
0
2
0
0
2
0
0
2
0
0
2
0
0
2
0
0
2
0
0
2
0
0
2
0
0
2
0
0
2
0
0
2
13571
7
1
3
3
7
5
7
7
1
3
3
7
5
7
7
1
3
3
7
5
7
7
1
3
3
7
5
7
7
1
3
3
7
5
7
7
1
3
3
7
5
7
7
1
3
3
7
5
7
7
1
3
3
7
5
7
7
1
3
3
7
5
7
7
1
3
3
7
5
7
5
1
2
3
5
5
1
2
3
5
5
1
2
3
5
48
1
2
3
4
5
6
7
8
9
10
11
12
13
14
15
16
17
18
19
20
21
22
23
24
25
26
27
28
29
30
31
32
33
34
35
36
37
38
39
40
41
42
43
44
45
46
47
48
1
2
3
4
5
6
7
8
9
10
11
12
13
14
15
16
17
18
19
20
21
22
23
24
25
26
27
28
29
30
31
32
33
34
35
36
37
38
39
40
41
42
43
44
45
46
47
48
48
48
48
48
48
48
48
48
48
48
48
48
48
48
48
48
48
48
48
48
48
48
48
48
48
48
48
48
48
48
48
48
48
48
48
48
48
48
48
48
48
48
48
48
48
48
48
48
48
48
48
48
48
48
48
48
48
48
48
48
48
48
48
48
48
48
48
48
48
48
48
48
48
48
48
48
48
48
48
48
48
48
48
48
48
48
48
48
48
48
48
48
48
48
48
23
3
3
3
10
6
6
8
8
10
10
23
13
13
17
15
17
17
23
19
20
23
23
23
3
3
3
10
6
6
8
8
10
10
23
13
13
17
15
17
17
23
19
20
23
23
23
3
3
3
10
6
6
8
8
10
10
23
13
13
17
15
17
17
23
19
20
23
23
23
3
3
3
10
6
6
8
8
10
10
23
13
13
17
15
17
17
23
19
20
23
23
23
3
3
3
10
6
6
8
8
10
10
23
13
13
17
15
17
17
23
19
20
23
23
23
3
3
3
10
6
6
8
8
10
10
23
13
13
17
15
17
17
23
19
20
23
23
23
3
3
3
10
6
6
8
8
10
10
23
13
13
17
15
17
17
23
19
20
23
23
23
3
3
3
10
6
6
8
8
10
10
23
13
13
17
15
17
17
23
19
20
23
23
23
3
3
3
10
6
6
8
8
10
10
23
13
13
17
15
17
17
23
19
20
23
23
23
3
3
3
10
6
6
8
8
10
10
23
13
13
17
15
17
17
23
19
20
23
23
23
3
3
3
10
6
6
8
8
10
10
23
13
13
17
15
17
17
23
19
20
23
23
23
3
3
3
10
6
6
8
8
10
10
23
13
13
17
15
17
17
23
19
20
23
23
23
1
6
4
4
6
6
8
8
23
10
12
12
23
14
15
23
18
18
19
23
22
22
23
1
6
4
4
6
6
8
8
23
10
12
12
23
14
15
23
18
18
19
23
22
22
23
1
6
4
4
6
6
8
8
23
10
12
12
23
14
15
23
18
18
19
23
22
22
23
1
6
4
4
6
6
8
8
23
10
12
12
23
14
15
23
18
18
19
23
22
22
23
1
6
4
4
6
6
8
8
23
10
12
12
23
14
15
23
18
18
19
23
22
22
23
1
6
4
4
6
6
8
8
23
10
12
12
23
14
15
23
18
18
19
23
22
22
23
1
6
4
4
6
6
8
8
23
10
12
12
23
14
15
23
18
18
19
23
22
22
23
1
6
4
4
6
6
8
8
23
10
12
12
23
14
15
23
18
18
19
23
22
22
23
1
6
4
4
6
6
8
8
23
10
12
12
23
14
15
23
18
18
19
23
22
22
23
1
6
4
4
6
6
8
8
23
10
12
12
23
14
15
23
18
18
19
23
22
22
23
1
6
4
4
6
6
8
8
23
10
12
12
23
14
15
23
18
18
19
23
22
22
23
1
6
4
4
6
6
8
8
23
10
12
12
23
14
15
23
18
18
19
23
22
22
23
2
2
5
4
5
10
7
10
9
10
23
12
16
14
15
16
23
18
23
21
21
23
23
2
2
5
4
5
10
7
10
9
10
23
12
16
14
15
16
23
18
23
21
21
23
23
2
2
5
4
5
10
7
10
9
10
23
12
16
14
15
16
23
18
23
21
21
23
23
2
2
5
4
5
10
7
10
9
10
23
12
16
14
15
16
23
18
23
21
21
23
23
2
2
5
4
5
10
7
10
9
10
23
12
16
14
15
16
23
18
23
21
21
23
23
2
2
5
4
5
10
7
10
9
10
23
12
16
14
15
16
23
18
23
21
21
23
23
2
2
5
4
5
10
7
10
9
10
23
12
16
14
15
16
23
18
23
21
21
23
23
2
2
5
4
5
10
7
10
9
10
23
12
16
14
15
16
23
18
23
21
21
23
23
2
2
5
4
5
10
7
10
9
10
23
12
16
14
15
16
23
18
23
21
21
23
23
2
2
5
4
5
10
7
10
9
10
23
12
16
14
15
16
23
18
23
21
21
23
23
2
2
5
4
5
10
7
10
9
10
23
12
16
14
15
16
23
18
23
21
21
23
23
2
2
5
4
5
10
7
10
9
10
23
12
16
14
15
16
23
18
23
21
21
23
23
3
3
3
11
7
6
7
8
11
10
11
23
15
14
15
23
23
19
19
20
23
23
23
3
3
3
11
7
6
7
8
11
10
11
23
15
14
15
23
23
19
19
20
23
23
23
3
3
3
11
7
6
7
8
11
10
11
23
15
14
15
23
23
19
19
20
23
23
23
3
3
3
11
7
6
7
8
11
10
11
23
15
14
15
23
23
19
19
20
23
23
23
3
3
3
11
7
6
7
8
11
10
11
23
15
14
15
23
23
19
19
20
23
23
23
3
3
3
11
7
6
7
8
11
10
11
23
15
14
15
23
23
19
19
20
23
23
23
3
3
3
11
7
6
7
8
11
10
11
23
15
14
15
23
23
19
19
20
23
23
23
3
3
3
11
7
6
7
8
11
10
11
23
15
14
15
23
23
19
19
20
23
23
23
3
3
3
11
7
6
7
8
11
10
11
23
15
14
15
23
23
19
19
20
23
23
23
3
3
3
11
7
6
7
8
11
10
11
23
15
14
15
23
23
19
19
20
23
23
23
3
3
3
11
7
6
7
8
11
10
11
23
15
14
15
23
23
19
19
20
23
23
23
3
3
3
11
7
6
7
8
11
10
11
23
15
14
15
23
23
19
19
20
23
23
23
3
2
3
7
7
6
7
15
9
10
11
15
14
14
15
23
17
21
21
20
21
23
23
3
2
3
7
7
6
7
15
9
10
11
15
14
14
15
23
17
21
21
20
21
23
23
3
2
3
7
7
6
7
15
9
10
11
15
14
14
15
23
17
21
21
20
21
23
23
3
2
3
7
7
6
7
15
9
10
11
15
14
14
15
23
17
21
21
20
21
23
23
3
2
3
7
7
6
7
15
9
10
11
15
14
14
15
23
17
21
21
20
21
23
23
3
2
3
7
7
6
7
15
9
10
11
15
14
14
15
23
17
21
21
20
21
23
23
3
2
3
7
7
6
7
15
9
10
11
15
14
14
15
23
17
21
21
20
21
23
23
3
2
3
7
7
6
7
15
9
10
11
15
14
14
15
23
17
21
21
20
21
23
23
3
2
3
7
7
6
7
15
9
10
11
15
14
14
15
23
17
21
21
20
21
23
23
3
2
3
7
7
6
7
15
9
10
11
15
14
14
15
23
17
21
21
20
21
23
23
3
2
3
7
7
6
7
15
9
10
11
15
14
14
15
23
17
21
21
20
21
23
23
3
2
3
7
7
6
7
15
9
10
11
15
14
14
15
23
17
21
21
20
21
23
23
1
2
7
4
7
6
7
23
10
10
17
17
13
17
15
16
17
23
19
23
23
23
23
1
2
7
4
7
6
7
23
10
10
17
17
13
17
15
16
17
23
19
23
23
23
23
1
2
7
4
7
6
7
23
10
10
17
17
13
17
15
16
17
23
19
23
23
23
23
1
2
7
4
7
6
7
23
10
10
17
17
13
17
15
16
17
23
19
23
23
23
23
1
2
7
4
7
6
7
23
10
10
17
17
13
17
15
16
17
23
19
23
23
23
23
1
2
7
4
7
6
7
23
10
10
17
17
13
17
15
16
17
23
19
23
23
23
23
1
2
7
4
7
6
7
23
10
10
17
17
13
17
15
16
17
23
19
23
23
23
23
1
2
7
4
7
6
7
23
10
10
17
17
13
17
15
16
17
23
19
23
23
23
23
1
2
7
4
7
6
7
23
10
10
17
17
13
17
15
16
17
23
19
23
23
23
23
1
2
7
4
7
6
7
23
10
10
17
17
13
17
15
16
17
23
19
23
23
23
23
1
2
7
4
7
6
7
23
10
10
17
17
13
17
15
16
17
23
19
23
23
23
23
1
2
7
4
7
6
7
23
10
10
17
17
13
17
15
16
17
23
19
23
23
23
23
1
4
3
4
8
6
8
8
23
10
12
12
15
14
15
23
17
18
23
23
22
22
23
1
4
3
4
8
6
8
8
23
10
12
12
15
14
15
23
17
18
23
23
22
22
23
1
4
3
4
8
6
8
8
23
10
12
12
15
14
15
23
17
18
23
23
22
22
23
1
4
3
4
8
6
8
8
23
10
12
12
15
14
15
23
17
18
23
23
22
22
23
1
4
3
4
8
6
8
8
23
10
12
12
15
14
15
23
17
18
23
23
22
22
23
1
4
3
4
8
6
8
8
23
10
12
12
15
14
15
23
17
18
23
23
22
22
23
1
4
3
4
8
6
8
8
23
10
12
12
15
14
15
23
17
18
23
23
22
22
23
1
4
3
4
8
6
8
8
23
10
12
12
15
14
15
23
17
18
23
23
22
22
23
1
4
3
4
8
6
8
8
23
10
12
12
15
14
15
23
17
18
23
23
22
22
23
1
4
3
4
8
6
8
8
23
10
12
12
15
14
15
23
17
18
23
23
22
22
23
1
4
3
4
8
6
8
8
23
10
12
12
15
14
15
23
17
18
23
23
22
22
23
1
4
3
4
8
6
8
8
23
10
12
12
15
14
15
23
17
18
23
23
22
22
23
1
3
3
5
5
10
7
8
10
10
23
13
13
23
15
16
17
23
23
21
21
23
23
1
3
3
5
5
10
7
8
10
10
23
13
13
23
15
16
17
23
23
21
21
23
23
1
3
3
5
5
10
7
8
10
10
23
13
13
23
15
16
17
23
23
21
21
23
23
1
3
3
5
5
10
7
8
10
10
23
13
13
23
15
16
17
23
23
21
21
23
23
1
3
3
5
5
10
7
8
10
10
23
13
13
23
15
16
17
23
23
21
21
23
23
1
3
3
5
5
10
7
8
10
10
23
13
13
23
15
16
17
23
23
21
21
23
23
1
3
3
5
5
10
7
8
10
10
23
13
13
23
15
16
17
23
23
21
21
23
23
1
3
3
5
5
10
7
8
10
10
23
13
13
23
15
16
17
23
23
21
21
23
23
1
3
3
5
5
10
7
8
10
10
23
13
13
23
15
16
17
23
23
21
21
23
23
1
3
3
5
5
10
7
8
10
10
23
13
13
23
15
16
17
23
23
21
21
23
23
1
3
3
5
5
10
7
8
10
10
23
13
13
23
15
16
17
23
23
21
21
23
23
1
3
3
5
5
10
7
8
10
10
23
13
13
23
15
16
17
23
23
21
21
23
23
3
2
3
4
6
6
9
8
9
23
11
13
13
23
18
16
17
18
23
20
21
23
23
3
2
3
4
6
6
9
8
9
23
11
13
13
23
18
16
17
18
23
20
21
23
23
3
2
3
4
6
6
9
8
9
23
11
13
13
23
18
16
17
18
23
20
21
23
23
3
2
3
4
6
6
9
8
9
23
11
13
13
23
18
16
17
18
23
20
21
23
23
3
2
3
4
6
6
9
8
9
23
11
13
13
23
18
16
17
18
23
20
21
23
23
3
2
3
4
6
6
9
8
9
23
11
13
13
23
18
16
17
18
23
20
21
23
23
3
2
3
4
6
6
9
8
9
23
11
13
13
23
18
16
17
18
23
20
21
23
23
3
2
3
4
6
6
9
8
9
23
11
13
13
23
18
16
17
18
23
20
21
23
23
3
2
3
4
6
6
9
8
9
23
11
13
13
23
18
16
17
18
23
20
21
23
23
3
2
3
4
6
6
9
8
9
23
11
13
13
23
18
16
17
18
23
20
21
23
23
3
2
3
4
6
6
9
8
9
23
11
13
13
23
18
16
17
18
23
20
21
23
23
3
2
3
4
6
6
9
8
9
23
11
13
13
23
18
16
17
18
23
20
21
23
23
2
2
3
9
8
6
8
8
9
23
12
12
16
16
15
16
18
18
23
20
21
22
23
2
2
3
9
8
6
8
8
9
23
12
12
16
16
15
16
18
18
23
20
21
22
23
2
2
3
9
8
6
8
8
9
23
12
12
16
16
15
16
18
18
23
20
21
22
23
2
2
3
9
8
6
8
8
9
23
12
12
16
16
15
16
18
18
23
20
21
22
23
2
2
3
9
8
6
8
8
9
23
12
12
16
16
15
16
18
18
23
20
21
22
23
2
2
3
9
8
6
8
8
9
23
12
12
16
16
15
16
18
18
23
20
21
22
23
2
2
3
9
8
6
8
8
9
23
12
12
16
16
15
16
18
18
23
20
21
22
23
2
2
3
9
8
6
8
8
9
23
12
12
16
16
15
16
18
18
23
20
21
22
23
2
2
3
9
8
6
8
8
9
23
12
12
16
16
15
16
18
18
23
20
21
22
23
2
2
3
9
8
6
8
8
9
23
12
12
16
16
15
16
18
18
23
20
21
22
23
2
2
3
9
8
6
8
8
9
23
12
12
16
16
15
16
18
18
23
20
21
22
23
2
2
3
9
8
6
8
8
9
23
12
12
16
16
15
16
18
18
23
20
21
22
23
1
3
3
6
5
6
12
12
9
11
11
12
23
14
15
16
17
21
20
20
21
22
23
1
3
3
6
5
6
12
12
9
11
11
12
23
14
15
16
17
21
20
20
21
22
23
1
3
3
6
5
6
12
12
9
11
11
12
23
14
15
16
17
21
20
20
21
22
23
1
3
3
6
5
6
12
12
9
11
11
12
23
14
15
16
17
21
20
20
21
22
23
1
3
3
6
5
6
12
12
9
11
11
12
23
14
15
16
17
21
20
20
21
22
23
1
3
3
6
5
6
12
12
9
11
11
12
23
14
15
16
17
21
20
20
21
22
23
1
3
3
6
5
6
12
12
9
11
11
12
23
14
15
16
17
21
20
20
21
22
23
1
3
3
6
5
6
12
12
9
11
11
12
23
14
15
16
17
21
20
20
21
22
23
1
3
3
6
5
6
12
12
9
11
11
12
23
14
15
16
17
21
20
20
21
22
23
1
3
3
6
5
6
12
12
9
11
11
12
23
14
15
16
17
21
20
20
21
22
23
1
3
3
6
5
6
12
12
9
11
11
12
23
14
15
16
17
21
20
20
21
22
23
1
3
3
6
5
6
12
12
9
11
11
12
23
14
15
16
17
21
20
20
21
22
23
1
2
3
7
7
6
7
23
9
11
11
12
13
18
15
18
18
18
23
20
23
23
23
1
2
3
7
7
6
7
23
9
11
11
12
13
18
15
18
18
18
23
20
23
23
23
1
2
3
7
7
6
7
23
9
11
11
12
13
18
15
18
18
18
23
20
23
23
23
1
2
3
7
7
6
7
23
9
11
11
12
13
18
15
18
18
18
23
20
23
23
23
1
2
3
7
7
6
7
23
9
11
11
12
13
18
15
18
18
18
23
20
23
23
23
1
2
3
7
7
6
7
23
9
11
11
12
13
18
15
18
18
18
23
20
23
23
23
1
2
3
7
7
6
7
23
9
11
11
12
13
18
15
18
18
18
23
20
23
23
23
1
2
3
7
7
6
7
23
9
11
11
12
13
18
15
18
18
18
23
20
23
23
23
1
2
3
7
7
6
7
23
9
11
11
12
13
18
15
18
18
18
23
20
23
23
23
1
2
3
7
7
6
7
23
9
11
11
12
13
18
15
18
18
18
23
20
23
23
23
1
2
3
7
7
6
7
23
9
11
11
12
13
18
15
18
18
18
23
20
23
23
23
1
2
3
7
7
6
7
23
9
11
11
12
13
18
15
18
18
18
23
20
23
23
23
1
2
5
4
5
10
7
9
9
10
23
13
13
21
15
18
18
18
21
20
21
23
23
1
2
5
4
5
10
7
9
9
10
23
13
13
21
15
18
18
18
21
20
21
23
23
1
2
5
4
5
10
7
9
9
10
23
13
13
21
15
18
18
18
21
20
21
23
23
1
2
5
4
5
10
7
9
9
10
23
13
13
21
15
18
18
18
21
20
21
23
23
1
2
5
4
5
10
7
9
9
10
23
13
13
21
15
18
18
18
21
20
21
23
23
1
2
5
4
5
10
7
9
9
10
23
13
13
21
15
18
18
18
21
20
21
23
23
1
2
5
4
5
10
7
9
9
10
23
13
13
21
15
18
18
18
21
20
21
23
23
1
2
5
4
5
10
7
9
9
10
23
13
13
21
15
18
18
18
21
20
21
23
23
1
2
5
4
5
10
7
9
9
10
23
13
13
21
15
18
18
18
21
20
21
23
23
1
2
5
4
5
10
7
9
9
10
23
13
13
21
15
18
18
18
21
20
21
23
23
1
2
5
4
5
10
7
9
9
10
23
13
13
21
15
18
18
18
21
20
21
23
23
1
2
5
4
5
10
7
9
9
10
23
13
13
21
15
18
18
18
21
20
21
23
23
5
2
3
5
5
10
7
10
10
10
23
13
13
15
15
23
17
19
19
21
21
23
23
5
2
3
5
5
10
7
10
10
10
23
13
13
15
15
23
17
19
19
21
21
23
23
5
2
3
5
5
10
7
10
10
10
23
13
13
15
15
23
17
19
19
21
21
23
23
5
2
3
5
5
10
7
10
10
10
23
13
13
15
15
23
17
19
19
21
21
23
23
5
2
3
5
5
10
7
10
10
10
23
13
13
15
15
23
17
19
19
21
21
23
23
5
2
3
5
5
10
7
10
10
10
23
13
13
15
15
23
17
19
19
21
21
23
23
5
2
3
5
5
10
7
10
10
10
23
13
13
15
15
23
17
19
19
21
21
23
23
5
2
3
5
5
10
7
10
10
10
23
13
13
15
15
23
17
19
19
21
21
23
23
5
2
3
5
5
10
7
10
10
10
23
13
13
15
15
23
17
19
19
21
21
23
23
5
2
3
5
5
10
7
10
10
10
23
13
13
15
15
23
17
19
19
21
21
23
23
5
2
3
5
5
10
7
10
10
10
23
13
13
15
15
23
17
19
19
21
21
23
23
5
2
3
5
5
10
7
10
10
10
23
13
13
15
15
23
17
19
19
21
21
23
23
2
2
6
4
5
6
10
8
10
10
23
13
13
18
15
18
18
18
23
21
21
23
23
2
2
6
4
5
6
10
8
10
10
23
13
13
18
15
18
18
18
23
21
21
23
23
2
2
6
4
5
6
10
8
10
10
23
13
13
18
15
18
18
18
23
21
21
23
23
2
2
6
4
5
6
10
8
10
10
23
13
13
18
15
18
18
18
23
21
21
23
23
2
2
6
4
5
6
10
8
10
10
23
13
13
18
15
18
18
18
23
21
21
23
23
2
2
6
4
5
6
10
8
10
10
23
13
13
18
15
18
18
18
23
21
21
23
23
2
2
6
4
5
6
10
8
10
10
23
13
13
18
15
18
18
18
23
21
21
23
23
2
2
6
4
5
6
10
8
10
10
23
13
13
18
15
18
18
18
23
21
21
23
23
2
2
6
4
5
6
10
8
10
10
23
13
13
18
15
18
18
18
23
21
21
23
23
2
2
6
4
5
6
10
8
10
10
23
13
13
18
15
18
18
18
23
21
21
23
23
2
2
6
4
5
6
10
8
10
10
23
13
13
18
15
18
18
18
23
21
21
23
23
2
2
6
4
5
6
10
8
10
10
23
13
13
18
15
18
18
18
23
21
21
23
23
1
2
8
4
8
6
7
8
13
10
13
12
13
23
16
16
18
18
23
21
21
23
23
1
2
8
4
8
6
7
8
13
10
13
12
13
23
16
16
18
18
23
21
21
23
23
1
2
8
4
8
6
7
8
13
10
13
12
13
23
16
16
18
18
23
21
21
23
23
1
2
8
4
8
6
7
8
13
10
13
12
13
23
16
16
18
18
23
21
21
23
23
1
2
8
4
8
6
7
8
13
10
13
12
13
23
16
16
18
18
23
21
21
23
23
1
2
8
4
8
6
7
8
13
10
13
12
13
23
16
16
18
18
23
21
21
23
23
1
2
8
4
8
6
7
8
13
10
13
12
13
23
16
16
18
18
23
21
21
23
23
1
2
8
4
8
6
7
8
13
10
13
12
13
23
16
16
18
18
23
21
21
23
23
1
2
8
4
8
6
7
8
13
10
13
12
13
23
16
16
18
18
23
21
21
23
23
1
2
8
4
8
6
7
8
13
10
13
12
13
23
16
16
18
18
23
21
21
23
23
1
2
8
4
8
6
7
8
13
10
13
12
13
23
16
16
18
18
23
21
21
23
23
1
2
8
4
8
6
7
8
13
10
13
12
13
23
16
16
18
18
23
21
21
23
23
1
5
3
5
5
11
8
8
9
11
11
23
13
16
16
16
23
20
20
20
23
23
23
1
5
3
5
5
11
8
8
9
11
11
23
13
16
16
16
23
20
20
20
23
23
23
1
5
3
5
5
11
8
8
9
11
11
23
13
16
16
16
23
20
20
20
23
23
23
1
5
3
5
5
11
8
8
9
11
11
23
13
16
16
16
23
20
20
20
23
23
23
1
5
3
5
5
11
8
8
9
11
11
23
13
16
16
16
23
20
20
20
23
23
23
1
5
3
5
5
11
8
8
9
11
11
23
13
16
16
16
23
20
20
20
23
23
23
1
5
3
5
5
11
8
8
9
11
11
23
13
16
16
16
23
20
20
20
23
23
23
1
5
3
5
5
11
8
8
9
11
11
23
13
16
16
16
23
20
20
20
23
23
23
1
5
3
5
5
11
8
8
9
11
11
23
13
16
16
16
23
20
20
20
23
23
23
1
5
3
5
5
11
8
8
9
11
11
23
13
16
16
16
23
20
20
20
23
23
23
1
5
3
5
5
11
8
8
9
11
11
23
13
16
16
16
23
20
20
20
23
23
23
1
5
3
5
5
11
8
8
9
11
11
23
13
16
16
16
23
20
20
20
23
23
23
2
2
4
4
9
8
7
8
9
23
11
13
13
14
15
23
18
18
23
21
21
23
23
2
2
4
4
9
8
7
8
9
23
11
13
13
14
15
23
18
18
23
21
21
23
23
2
2
4
4
9
8
7
8
9
23
11
13
13
14
15
23
18
18
23
21
21
23
23
2
2
4
4
9
8
7
8
9
23
11
13
13
14
15
23
18
18
23
21
21
23
23
2
2
4
4
9
8
7
8
9
23
11
13
13
14
15
23
18
18
23
21
21
23
23
2
2
4
4
9
8
7
8
9
23
11
13
13
14
15
23
18
18
23
21
21
23
23
2
2
4
4
9
8
7
8
9
23
11
13
13
14
15
23
18
18
23
21
21
23
23
2
2
4
4
9
8
7
8
9
23
11
13
13
14
15
23
18
18
23
21
21
23
23
2
2
4
4
9
8
7
8
9
23
11
13
13
14
15
23
18
18
23
21
21
23
23
2
2
4
4
9
8
7
8
9
23
11
13
13
14
15
23
18
18
23
21
21
23
23
2
2
4
4
9
8
7
8
9
23
11
13
13
14
15
23
18
18
23
21
21
23
23
2
2
4
4
9
8
7
8
9
23
11
13
13
14
15
23
18
18
23
21
21
23
23
2
2
3
8
6
6
8
8
23
10
15
15
13
14
15
23
18
18
23
20
23
23
23
2
2
3
8
6
6
8
8
23
10
15
15
13
14
15
23
18
18
23
20
23
23
23
2
2
3
8
6
6
8
8
23
10
15
15
13
14
15
23
18
18
23
20
23
23
23
2
2
3
8
6
6
8
8
23
10
15
15
13
14
15
23
18
18
23
20
23
23
23
2
2
3
8
6
6
8
8
23
10
15
15
13
14
15
23
18
18
23
20
23
23
23
2
2
3
8
6
6
8
8
23
10
15
15
13
14
15
23
18
18
23
20
23
23
23
2
2
3
8
6
6
8
8
23
10
15
15
13
14
15
23
18
18
23
20
23
23
23
2
2
3
8
6
6
8
8
23
10
15
15
13
14
15
23
18
18
23
20
23
23
23
2
2
3
8
6
6
8
8
23
10
15
15
13
14
15
23
18
18
23
20
23
23
23
2
2
3
8
6
6
8
8
23
10
15
15
13
14
15
23
18
18
23
20
23
23
23
2
2
3
8
6
6
8
8
23
10
15
15
13
14
15
23
18
18
23
20
23
23
23
2
2
3
8
6
6
8
8
23
10
15
15
13
14
15
23
18
18
23
20
23
23
23
1
2
5
5
5
12
7
10
10
10
12
12
23
14
15
19
19
18
19
23
22
22
23
1
2
5
5
5
12
7
10
10
10
12
12
23
14
15
19
19
18
19
23
22
22
23
1
2
5
5
5
12
7
10
10
10
12
12
23
14
15
19
19
18
19
23
22
22
23
1
2
5
5
5
12
7
10
10
10
12
12
23
14
15
19
19
18
19
23
22
22
23
1
2
5
5
5
12
7
10
10
10
12
12
23
14
15
19
19
18
19
23
22
22
23
1
2
5
5
5
12
7
10
10
10
12
12
23
14
15
19
19
18
19
23
22
22
23
1
2
5
5
5
12
7
10
10
10
12
12
23
14
15
19
19
18
19
23
22
22
23
1
2
5
5
5
12
7
10
10
10
12
12
23
14
15
19
19
18
19
23
22
22
23
1
2
5
5
5
12
7
10
10
10
12
12
23
14
15
19
19
18
19
23
22
22
23
1
2
5
5
5
12
7
10
10
10
12
12
23
14
15
19
19
18
19
23
22
22
23
1
2
5
5
5
12
7
10
10
10
12
12
23
14
15
19
19
18
19
23
22
22
23
1
2
5
5
5
12
7
10
10
10
12
12
23
14
15
19
19
18
19
23
22
22
23
7
2
4
4
7
7
7
15
10
10
13
12
13
15
15
23
17
19
19
23
21
23
23
7
2
4
4
7
7
7
15
10
10
13
12
13
15
15
23
17
19
19
23
21
23
23
7
2
4
4
7
7
7
15
10
10
13
12
13
15
15
23
17
19
19
23
21
23
23
7
2
4
4
7
7
7
15
10
10
13
12
13
15
15
23
17
19
19
23
21
23
23
7
2
4
4
7
7
7
15
10
10
13
12
13
15
15
23
17
19
19
23
21
23
23
7
2
4
4
7
7
7
15
10
10
13
12
13
15
15
23
17
19
19
23
21
23
23
7
2
4
4
7
7
7
15
10
10
13
12
13
15
15
23
17
19
19
23
21
23
23
7
2
4
4
7
7
7
15
10
10
13
12
13
15
15
23
17
19
19
23
21
23
23
7
2
4
4
7
7
7
15
10
10
13
12
13
15
15
23
17
19
19
23
21
23
23
7
2
4
4
7
7
7
15
10
10
13
12
13
15
15
23
17
19
19
23
21
23
23
7
2
4
4
7
7
7
15
10
10
13
12
13
15
15
23
17
19
19
23
21
23
23
7
2
4
4
7
7
7
15
10
10
13
12
13
15
15
23
17
19
19
23
21
23
23
2
2
4
4
6
6
10
10
9
10
14
12
14
14
23
16
17
19
19
20
23
22
23
2
2
4
4
6
6
10
10
9
10
14
12
14
14
23
16
17
19
19
20
23
22
23
2
2
4
4
6
6
10
10
9
10
14
12
14
14
23
16
17
19
19
20
23
22
23
2
2
4
4
6
6
10
10
9
10
14
12
14
14
23
16
17
19
19
20
23
22
23
2
2
4
4
6
6
10
10
9
10
14
12
14
14
23
16
17
19
19
20
23
22
23
2
2
4
4
6
6
10
10
9
10
14
12
14
14
23
16
17
19
19
20
23
22
23
2
2
4
4
6
6
10
10
9
10
14
12
14
14
23
16
17
19
19
20
23
22
23
2
2
4
4
6
6
10
10
9
10
14
12
14
14
23
16
17
19
19
20
23
22
23
2
2
4
4
6
6
10
10
9
10
14
12
14
14
23
16
17
19
19
20
23
22
23
2
2
4
4
6
6
10
10
9
10
14
12
14
14
23
16
17
19
19
20
23
22
23
2
2
4
4
6
6
10
10
9
10
14
12
14
14
23
16
17
19
19
20
23
22
23
2
2
4
4
6
6
10
10
9
10
14
12
14
14
23
16
17
19
19
20
23
22
23
4
4
3
4
10
6
10
8
10
10
23
12
15
14
15
23
17
19
19
21
21
23
23
4
4
3
4
10
6
10
8
10
10
23
12
15
14
15
23
17
19
19
21
21
23
23
4
4
3
4
10
6
10
8
10
10
23
12
15
14
15
23
17
19
19
21
21
23
23
4
4
3
4
10
6
10
8
10
10
23
12
15
14
15
23
17
19
19
21
21
23
23
4
4
3
4
10
6
10
8
10
10
23
12
15
14
15
23
17
19
19
21
21
23
23
4
4
3
4
10
6
10
8
10
10
23
12
15
14
15
23
17
19
19
21
21
23
23
4
4
3
4
10
6
10
8
10
10
23
12
15
14
15
23
17
19
19
21
21
23
23
4
4
3
4
10
6
10
8
10
10
23
12
15
14
15
23
17
19
19
21
21
23
23
4
4
3
4
10
6
10
8
10
10
23
12
15
14
15
23
17
19
19
21
21
23
23
4
4
3
4
10
6
10
8
10
10
23
12
15
14
15
23
17
19
19
21
21
23
23
4
4
3
4
10
6
10
8
10
10
23
12
15
14
15
23
17
19
19
21
21
23
23
4
4
3
4
10
6
10
8
10
10
23
12
15
14
15
23
17
19
19
21
21
23
23
1
4
4
4
5
16
7
8
12
12
12
12
16
14
16
16
23
18
20
20
23
23
23
1
4
4
4
5
16
7
8
12
12
12
12
16
14
16
16
23
18
20
20
23
23
23
1
4
4
4
5
16
7
8
12
12
12
12
16
14
16
16
23
18
20
20
23
23
23
1
4
4
4
5
16
7
8
12
12
12
12
16
14
16
16
23
18
20
20
23
23
23
1
4
4
4
5
16
7
8
12
12
12
12
16
14
16
16
23
18
20
20
23
23
23
1
4
4
4
5
16
7
8
12
12
12
12
16
14
16
16
23
18
20
20
23
23
23
1
4
4
4
5
16
7
8
12
12
12
12
16
14
16
16
23
18
20
20
23
23
23
1
4
4
4
5
16
7
8
12
12
12
12
16
14
16
16
23
18
20
20
23
23
23
1
4
4
4
5
16
7
8
12
12
12
12
16
14
16
16
23
18
20
20
23
23
23
1
4
4
4
5
16
7
8
12
12
12
12
16
14
16
16
23
18
20
20
23
23
23
1
4
4
4
5
16
7
8
12
12
12
12
16
14
16
16
23
18
20
20
23
23
23
1
4
4
4
5
16
7
8
12
12
12
12
16
14
16
16
23
18
20
20
23
23
23
3
2
3
5
5
9
7
8
9
23
12
12
14
14
23
19
17
19
19
23
21
23
23
3
2
3
5
5
9
7
8
9
23
12
12
14
14
23
19
17
19
19
23
21
23
23
3
2
3
5
5
9
7
8
9
23
12
12
14
14
23
19
17
19
19
23
21
23
23
3
2
3
5
5
9
7
8
9
23
12
12
14
14
23
19
17
19
19
23
21
23
23
3
2
3
5
5
9
7
8
9
23
12
12
14
14
23
19
17
19
19
23
21
23
23
3
2
3
5
5
9
7
8
9
23
12
12
14
14
23
19
17
19
19
23
21
23
23
3
2
3
5
5
9
7
8
9
23
12
12
14
14
23
19
17
19
19
23
21
23
23
3
2
3
5
5
9
7
8
9
23
12
12
14
14
23
19
17
19
19
23
21
23
23
3
2
3
5
5
9
7
8
9
23
12
12
14
14
23
19
17
19
19
23
21
23
23
3
2
3
5
5
9
7
8
9
23
12
12
14
14
23
19
17
19
19
23
21
23
23
3
2
3
5
5
9
7
8
9
23
12
12
14
14
23
19
17
19
19
23
21
23
23
3
2
3
5
5
9
7
8
9
23
12
12
14
14
23
19
17
19
19
23
21
23
23
1
2
5
5
5
13
7
8
10
10
13
13
13
23
15
20
17
18
20
20
23
22
23
1
2
5
5
5
13
7
8
10
10
13
13
13
23
15
20
17
18
20
20
23
22
23
1
2
5
5
5
13
7
8
10
10
13
13
13
23
15
20
17
18
20
20
23
22
23
1
2
5
5
5
13
7
8
10
10
13
13
13
23
15
20
17
18
20
20
23
22
23
1
2
5
5
5
13
7
8
10
10
13
13
13
23
15
20
17
18
20
20
23
22
23
1
2
5
5
5
13
7
8
10
10
13
13
13
23
15
20
17
18
20
20
23
22
23
1
2
5
5
5
13
7
8
10
10
13
13
13
23
15
20
17
18
20
20
23
22
23
1
2
5
5
5
13
7
8
10
10
13
13
13
23
15
20
17
18
20
20
23
22
23
1
2
5
5
5
13
7
8
10
10
13
13
13
23
15
20
17
18
20
20
23
22
23
1
2
5
5
5
13
7
8
10
10
13
13
13
23
15
20
17
18
20
20
23
22
23
1
2
5
5
5
13
7
8
10
10
13
13
13
23
15
20
17
18
20
20
23
22
23
1
2
5
5
5
13
7
8
10
10
13
13
13
23
15
20
17
18
20
20
23
22
23
1
11
4
4
7
6
7
11
9
11
11
23
13
15
15
17
17
23
20
20
23
22
23
1
11
4
4
7
6
7
11
9
11
11
23
13
15
15
17
17
23
20
20
23
22
23
1
11
4
4
7
6
7
11
9
11
11
23
13
15
15
17
17
23
20
20
23
22
23
1
11
4
4
7
6
7
11
9
11
11
23
13
15
15
17
17
23
20
20
23
22
23
1
11
4
4
7
6
7
11
9
11
11
23
13
15
15
17
17
23
20
20
23
22
23
1
11
4
4
7
6
7
11
9
11
11
23
13
15
15
17
17
23
20
20
23
22
23
1
11
4
4
7
6
7
11
9
11
11
23
13
15
15
17
17
23
20
20
23
22
23
1
11
4
4
7
6
7
11
9
11
11
23
13
15
15
17
17
23
20
20
23
22
23
1
11
4
4
7
6
7
11
9
11
11
23
13
15
15
17
17
23
20
20
23
22
23
1
11
4
4
7
6
7
11
9
11
11
23
13
15
15
17
17
23
20
20
23
22
23
1
11
4
4
7
6
7
11
9
11
11
23
13
15
15
17
17
23
20
20
23
22
23
1
11
4
4
7
6
7
11
9
11
11
23
13
15
15
17
17
23
20
20
23
22
23
5
3
3
5
5
7
7
15
9
10
11
15
13
15
15
23
17
19
19
23
21
22
23
5
3
3
5
5
7
7
15
9
10
11
15
13
15
15
23
17
19
19
23
21
22
23
5
3
3
5
5
7
7
15
9
10
11
15
13
15
15
23
17
19
19
23
21
22
23
5
3
3
5
5
7
7
15
9
10
11
15
13
15
15
23
17
19
19
23
21
22
23
5
3
3
5
5
7
7
15
9
10
11
15
13
15
15
23
17
19
19
23
21
22
23
5
3
3
5
5
7
7
15
9
10
11
15
13
15
15
23
17
19
19
23
21
22
23
5
3
3
5
5
7
7
15
9
10
11
15
13
15
15
23
17
19
19
23
21
22
23
5
3
3
5
5
7
7
15
9
10
11
15
13
15
15
23
17
19
19
23
21
22
23
5
3
3
5
5
7
7
15
9
10
11
15
13
15
15
23
17
19
19
23
21
22
23
5
3
3
5
5
7
7
15
9
10
11
15
13
15
15
23
17
19
19
23
21
22
23
5
3
3
5
5
7
7
15
9
10
11
15
13
15
15
23
17
19
19
23
21
22
23
5
3
3
5
5
7
7
15
9
10
11
15
13
15
15
23
17
19
19
23
21
22
23
1
2
6
4
5
6
12
9
9
12
11
12
23
15
15
16
23
20
20
20
21
23
23
1
2
6
4
5
6
12
9
9
12
11
12
23
15
15
16
23
20
20
20
21
23
23
1
2
6
4
5
6
12
9
9
12
11
12
23
15
15
16
23
20
20
20
21
23
23
1
2
6
4
5
6
12
9
9
12
11
12
23
15
15
16
23
20
20
20
21
23
23
1
2
6
4
5
6
12
9
9
12
11
12
23
15
15
16
23
20
20
20
21
23
23
1
2
6
4
5
6
12
9
9
12
11
12
23
15
15
16
23
20
20
20
21
23
23
1
2
6
4
5
6
12
9
9
12
11
12
23
15
15
16
23
20
20
20
21
23
23
1
2
6
4
5
6
12
9
9
12
11
12
23
15
15
16
23
20
20
20
21
23
23
1
2
6
4
5
6
12
9
9
12
11
12
23
15
15
16
23
20
20
20
21
23
23
1
2
6
4
5
6
12
9
9
12
11
12
23
15
15
16
23
20
20
20
21
23
23
1
2
6
4
5
6
12
9
9
12
11
12
23
15
15
16
23
20
20
20
21
23
23
1
2
6
4
5
6
12
9
9
12
11
12
23
15
15
16
23
20
20
20
21
23
23
2
2
4
4
9
7
7
9
9
23
11
13
13
23
16
16
23
18
19
23
21
22
23
2
2
4
4
9
7
7
9
9
23
11
13
13
23
16
16
23
18
19
23
21
22
23
2
2
4
4
9
7
7
9
9
23
11
13
13
23
16
16
23
18
19
23
21
22
23
2
2
4
4
9
7
7
9
9
23
11
13
13
23
16
16
23
18
19
23
21
22
23
2
2
4
4
9
7
7
9
9
23
11
13
13
23
16
16
23
18
19
23
21
22
23
2
2
4
4
9
7
7
9
9
23
11
13
13
23
16
16
23
18
19
23
21
22
23
2
2
4
4
9
7
7
9
9
23
11
13
13
23
16
16
23
18
19
23
21
22
23
2
2
4
4
9
7
7
9
9
23
11
13
13
23
16
16
23
18
19
23
21
22
23
2
2
4
4
9
7
7
9
9
23
11
13
13
23
16
16
23
18
19
23
21
22
23
2
2
4
4
9
7
7
9
9
23
11
13
13
23
16
16
23
18
19
23
21
22
23
2
2
4
4
9
7
7
9
9
23
11
13
13
23
16
16
23
18
19
23
21
22
23
2
2
4
4
9
7
7
9
9
23
11
13
13
23
16
16
23
18
19
23
21
22
23
3
3
3
8
5
8
7
8
17
10
13
13
13
17
17
16
17
23
20
20
23
23
23
3
3
3
8
5
8
7
8
17
10
13
13
13
17
17
16
17
23
20
20
23
23
23
3
3
3
8
5
8
7
8
17
10
13
13
13
17
17
16
17
23
20
20
23
23
23
3
3
3
8
5
8
7
8
17
10
13
13
13
17
17
16
17
23
20
20
23
23
23
3
3
3
8
5
8
7
8
17
10
13
13
13
17
17
16
17
23
20
20
23
23
23
3
3
3
8
5
8
7
8
17
10
13
13
13
17
17
16
17
23
20
20
23
23
23
3
3
3
8
5
8
7
8
17
10
13
13
13
17
17
16
17
23
20
20
23
23
23
3
3
3
8
5
8
7
8
17
10
13
13
13
17
17
16
17
23
20
20
23
23
23
3
3
3
8
5
8
7
8
17
10
13
13
13
17
17
16
17
23
20
20
23
23
23
3
3
3
8
5
8
7
8
17
10
13
13
13
17
17
16
17
23
20
20
23
23
23
3
3
3
8
5
8
7
8
17
10
13
13
13
17
17
16
17
23
20
20
23
23
23
3
3
3
8
5
8
7
8
17
10
13
13
13
17
17
16
17
23
20
20
23
23
23
1
4
3
4
8
6
8
8
13
12
12
12
13
23
15
16
18
18
23
20
21
23
23
1
4
3
4
8
6
8
8
13
12
12
12
13
23
15
16
18
18
23
20
21
23
23
1
4
3
4
8
6
8
8
13
12
12
12
13
23
15
16
18
18
23
20
21
23
23
1
4
3
4
8
6
8
8
13
12
12
12
13
23
15
16
18
18
23
20
21
23
23
1
4
3
4
8
6
8
8
13
12
12
12
13
23
15
16
18
18
23
20
21
23
23
1
4
3
4
8
6
8
8
13
12
12
12
13
23
15
16
18
18
23
20
21
23
23
1
4
3
4
8
6
8
8
13
12
12
12
13
23
15
16
18
18
23
20
21
23
23
1
4
3
4
8
6
8
8
13
12
12
12
13
23
15
16
18
18
23
20
21
23
23
1
4
3
4
8
6
8
8
13
12
12
12
13
23
15
16
18
18
23
20
21
23
23
1
4
3
4
8
6
8
8
13
12
12
12
13
23
15
16
18
18
23
20
21
23
23
1
4
3
4
8
6
8
8
13
12
12
12
13
23
15
16
18
18
23
20
21
23
23
1
4
3
4
8
6
8
8
13
12
12
12
13
23
15
16
18
18
23
20
21
23
23
4
3
3
4
8
7
7
8
23
10
11
12
16
15
15
16
23
18
23
20
21
23
23
4
3
3
4
8
7
7
8
23
10
11
12
16
15
15
16
23
18
23
20
21
23
23
4
3
3
4
8
7
7
8
23
10
11
12
16
15
15
16
23
18
23
20
21
23
23
4
3
3
4
8
7
7
8
23
10
11
12
16
15
15
16
23
18
23
20
21
23
23
4
3
3
4
8
7
7
8
23
10
11
12
16
15
15
16
23
18
23
20
21
23
23
4
3
3
4
8
7
7
8
23
10
11
12
16
15
15
16
23
18
23
20
21
23
23
4
3
3
4
8
7
7
8
23
10
11
12
16
15
15
16
23
18
23
20
21
23
23
4
3
3
4
8
7
7
8
23
10
11
12
16
15
15
16
23
18
23
20
21
23
23
4
3
3
4
8
7
7
8
23
10
11
12
16
15
15
16
23
18
23
20
21
23
23
4
3
3
4
8
7
7
8
23
10
11
12
16
15
15
16
23
18
23
20
21
23
23
4
3
3
4
8
7
7
8
23
10
11
12
16
15
15
16
23
18
23
20
21
23
23
4
3
3
4
8
7
7
8
23
10
11
12
16
15
15
16
23
18
23
20
21
23
23
3
3
3
5
5
6
15
8
9
10
15
15
13
15
15
23
17
18
23
22
22
22
23
3
3
3
5
5
6
15
8
9
10
15
15
13
15
15
23
17
18
23
22
22
22
23
3
3
3
5
5
6
15
8
9
10
15
15
13
15
15
23
17
18
23
22
22
22
23
3
3
3
5
5
6
15
8
9
10
15
15
13
15
15
23
17
18
23
22
22
22
23
3
3
3
5
5
6
15
8
9
10
15
15
13
15
15
23
17
18
23
22
22
22
23
3
3
3
5
5
6
15
8
9
10
15
15
13
15
15
23
17
18
23
22
22
22
23
3
3
3
5
5
6
15
8
9
10
15
15
13
15
15
23
17
18
23
22
22
22
23
3
3
3
5
5
6
15
8
9
10
15
15
13
15
15
23
17
18
23
22
22
22
23
3
3
3
5
5
6
15
8
9
10
15
15
13
15
15
23
17
18
23
22
22
22
23
3
3
3
5
5
6
15
8
9
10
15
15
13
15
15
23
17
18
23
22
22
22
23
3
3
3
5
5
6
15
8
9
10
15
15
13
15
15
23
17
18
23
22
22
22
23
3
3
3
5
5
6
15
8
9
10
15
15
13
15
15
23
17
18
23
22
22
22
23
2
2
4
4
7
6
7
9
9
23
11
12
18
14
16
16
18
18
23
20
22
22
23
2
2
4
4
7
6
7
9
9
23
11
12
18
14
16
16
18
18
23
20
22
22
23
2
2
4
4
7
6
7
9
9
23
11
12
18
14
16
16
18
18
23
20
22
22
23
2
2
4
4
7
6
7
9
9
23
11
12
18
14
16
16
18
18
23
20
22
22
23
2
2
4
4
7
6
7
9
9
23
11
12
18
14
16
16
18
18
23
20
22
22
23
2
2
4
4
7
6
7
9
9
23
11
12
18
14
16
16
18
18
23
20
22
22
23
2
2
4
4
7
6
7
9
9
23
11
12
18
14
16
16
18
18
23
20
22
22
23
2
2
4
4
7
6
7
9
9
23
11
12
18
14
16
16
18
18
23
20
22
22
23
2
2
4
4
7
6
7
9
9
23
11
12
18
14
16
16
18
18
23
20
22
22
23
2
2
4
4
7
6
7
9
9
23
11
12
18
14
16
16
18
18
23
20
22
22
23
2
2
4
4
7
6
7
9
9
23
11
12
18
14
16
16
18
18
23
20
22
22
23
2
2
4
4
7
6
7
9
9
23
11
12
18
14
16
16
18
18
23
20
22
22
23
1
2
3
7
5
7
7
16
9
16
12
12
16
14
15
16
23
18
19
23
23
23
23
1
2
3
7
5
7
7
16
9
16
12
12
16
14
15
16
23
18
19
23
23
23
23
1
2
3
7
5
7
7
16
9
16
12
12
16
14
15
16
23
18
19
23
23
23
23
1
2
3
7
5
7
7
16
9
16
12
12
16
14
15
16
23
18
19
23
23
23
23
1
2
3
7
5
7
7
16
9
16
12
12
16
14
15
16
23
18
19
23
23
23
23
1
2
3
7
5
7
7
16
9
16
12
12
16
14
15
16
23
18
19
23
23
23
23
1
2
3
7
5
7
7
16
9
16
12
12
16
14
15
16
23
18
19
23
23
23
23
1
2
3
7
5
7
7
16
9
16
12
12
16
14
15
16
23
18
19
23
23
23
23
1
2
3
7
5
7
7
16
9
16
12
12
16
14
15
16
23
18
19
23
23
23
23
1
2
3
7
5
7
7
16
9
16
12
12
16
14
15
16
23
18
19
23
23
23
23
1
2
3
7
5
7
7
16
9
16
12
12
16
14
15
16
23
18
19
23
23
23
23
1
2
3
7
5
7
7
16
9
16
12
12
16
14
15
16
23
18
19
23
23
23
23
1
3
3
8
5
8
7
8
23
10
12
12
14
14
23
16
19
18
19
23
21
23
23
1
3
3
8
5
8
7
8
23
10
12
12
14
14
23
16
19
18
19
23
21
23
23
1
3
3
8
5
8
7
8
23
10
12
12
14
14
23
16
19
18
19
23
21
23
23
1
3
3
8
5
8
7
8
23
10
12
12
14
14
23
16
19
18
19
23
21
23
23
1
3
3
8
5
8
7
8
23
10
12
12
14
14
23
16
19
18
19
23
21
23
23
1
3
3
8
5
8
7
8
23
10
12
12
14
14
23
16
19
18
19
23
21
23
23
1
3
3
8
5
8
7
8
23
10
12
12
14
14
23
16
19
18
19
23
21
23
23
1
3
3
8
5
8
7
8
23
10
12
12
14
14
23
16
19
18
19
23
21
23
23
1
3
3
8
5
8
7
8
23
10
12
12
14
14
23
16
19
18
19
23
21
23
23
1
3
3
8
5
8
7
8
23
10
12
12
14
14
23
16
19
18
19
23
21
23
23
1
3
3
8
5
8
7
8
23
10
12
12
14
14
23
16
19
18
19
23
21
23
23
1
3
3
8
5
8
7
8
23
10
12
12
14
14
23
16
19
18
19
23
21
23
23
1
3
3
10
5
10
8
8
10
10
23
12
14
14
18
16
18
18
23
23
23
23
23
1
3
3
10
5
10
8
8
10
10
23
12
14
14
18
16
18
18
23
23
23
23
23
1
3
3
10
5
10
8
8
10
10
23
12
14
14
18
16
18
18
23
23
23
23
23
1
3
3
10
5
10
8
8
10
10
23
12
14
14
18
16
18
18
23
23
23
23
23
1
3
3
10
5
10
8
8
10
10
23
12
14
14
18
16
18
18
23
23
23
23
23
1
3
3
10
5
10
8
8
10
10
23
12
14
14
18
16
18
18
23
23
23
23
23
1
3
3
10
5
10
8
8
10
10
23
12
14
14
18
16
18
18
23
23
23
23
23
1
3
3
10
5
10
8
8
10
10
23
12
14
14
18
16
18
18
23
23
23
23
23
1
3
3
10
5
10
8
8
10
10
23
12
14
14
18
16
18
18
23
23
23
23
23
1
3
3
10
5
10
8
8
10
10
23
12
14
14
18
16
18
18
23
23
23
23
23
1
3
3
10
5
10
8
8
10
10
23
12
14
14
18
16
18
18
23
23
23
23
23
1
3
3
10
5
10
8
8
10
10
23
12
14
14
18
16
18
18
23
23
23
23
23
9
3
3
5
5
9
7
9
9
12
11
12
23
14
17
17
17
23
19
22
22
22
23
9
3
3
5
5
9
7
9
9
12
11
12
23
14
17
17
17
23
19
22
22
22
23
9
3
3
5
5
9
7
9
9
12
11
12
23
14
17
17
17
23
19
22
22
22
23
9
3
3
5
5
9
7
9
9
12
11
12
23
14
17
17
17
23
19
22
22
22
23
9
3
3
5
5
9
7
9
9
12
11
12
23
14
17
17
17
23
19
22
22
22
23
9
3
3
5
5
9
7
9
9
12
11
12
23
14
17
17
17
23
19
22
22
22
23
9
3
3
5
5
9
7
9
9
12
11
12
23
14
17
17
17
23
19
22
22
22
23
9
3
3
5
5
9
7
9
9
12
11
12
23
14
17
17
17
23
19
22
22
22
23
9
3
3
5
5
9
7
9
9
12
11
12
23
14
17
17
17
23
19
22
22
22
23
9
3
3
5
5
9
7
9
9
12
11
12
23
14
17
17
17
23
19
22
22
22
23
9
3
3
5
5
9
7
9
9
12
11
12
23
14
17
17
17
23
19
22
22
22
23
9
3
3
5
5
9
7
9
9
12
11
12
23
14
17
17
17
23
19
22
22
22
23
1
2
7
4
7
7
7
14
10
10
14
14
13
14
23
16
20
19
19
20
23
22
23
1
2
7
4
7
7
7
14
10
10
14
14
13
14
23
16
20
19
19
20
23
22
23
1
2
7
4
7
7
7
14
10
10
14
14
13
14
23
16
20
19
19
20
23
22
23
1
2
7
4
7
7
7
14
10
10
14
14
13
14
23
16
20
19
19
20
23
22
23
1
2
7
4
7
7
7
14
10
10
14
14
13
14
23
16
20
19
19
20
23
22
23
1
2
7
4
7
7
7
14
10
10
14
14
13
14
23
16
20
19
19
20
23
22
23
1
2
7
4
7
7
7
14
10
10
14
14
13
14
23
16
20
19
19
20
23
22
23
1
2
7
4
7
7
7
14
10
10
14
14
13
14
23
16
20
19
19
20
23
22
23
1
2
7
4
7
7
7
14
10
10
14
14
13
14
23
16
20
19
19
20
23
22
23
1
2
7
4
7
7
7
14
10
10
14
14
13
14
23
16
20
19
19
20
23
22
23
1
2
7
4
7
7
7
14
10
10
14
14
13
14
23
16
20
19
19
20
23
22
23
1
2
7
4
7
7
7
14
10
10
14
14
13
14
23
16
20
19
19
20
23
22
23
1
2
5
5
5
8
7
8
23
10
13
12
13
18
18
18
18
18
23
20
23
22
23
1
2
5
5
5
8
7
8
23
10
13
12
13
18
18
18
18
18
23
20
23
22
23
1
2
5
5
5
8
7
8
23
10
13
12
13
18
18
18
18
18
23
20
23
22
23
1
2
5
5
5
8
7
8
23
10
13
12
13
18
18
18
18
18
23
20
23
22
23
1
2
5
5
5
8
7
8
23
10
13
12
13
18
18
18
18
18
23
20
23
22
23
1
2
5
5
5
8
7
8
23
10
13
12
13
18
18
18
18
18
23
20
23
22
23
1
2
5
5
5
8
7
8
23
10
13
12
13
18
18
18
18
18
23
20
23
22
23
1
2
5
5
5
8
7
8
23
10
13
12
13
18
18
18
18
18
23
20
23
22
23
1
2
5
5
5
8
7
8
23
10
13
12
13
18
18
18
18
18
23
20
23
22
23
1
2
5
5
5
8
7
8
23
10
13
12
13
18
18
18
18
18
23
20
23
22
23
1
2
5
5
5
8
7
8
23
10
13
12
13
18
18
18
18
18
23
20
23
22
23
1
2
5
5
5
8
7
8
23
10
13
12
13
18
18
18
18
18
23
20
23
22
23
1
3
3
9
5
9
8
8
9
23
11
13
13
17
15
16
17
23
20
20
23
22
23
1
3
3
9
5
9
8
8
9
23
11
13
13
17
15
16
17
23
20
20
23
22
23
1
3
3
9
5
9
8
8
9
23
11
13
13
17
15
16
17
23
20
20
23
22
23
1
3
3
9
5
9
8
8
9
23
11
13
13
17
15
16
17
23
20
20
23
22
23
1
3
3
9
5
9
8
8
9
23
11
13
13
17
15
16
17
23
20
20
23
22
23
1
3
3
9
5
9
8
8
9
23
11
13
13
17
15
16
17
23
20
20
23
22
23
1
3
3
9
5
9
8
8
9
23
11
13
13
17
15
16
17
23
20
20
23
22
23
1
3
3
9
5
9
8
8
9
23
11
13
13
17
15
16
17
23
20
20
23
22
23
1
3
3
9
5
9
8
8
9
23
11
13
13
17
15
16
17
23
20
20
23
22
23
1
3
3
9
5
9
8
8
9
23
11
13
13
17
15
16
17
23
20
20
23
22
23
1
3
3
9
5
9
8
8
9
23
11
13
13
17
15
16
17
23
20
20
23
22
23
1
3
3
9
5
9
8
8
9
23
11
13
13
17
15
16
17
23
20
20
23
22
23
2
2
4
4
7
6
7
23
9
10
12
12
23
15
15
16
23
18
19
23
21
23
23
2
2
4
4
7
6
7
23
9
10
12
12
23
15
15
16
23
18
19
23
21
23
23
2
2
4
4
7
6
7
23
9
10
12
12
23
15
15
16
23
18
19
23
21
23
23
2
2
4
4
7
6
7
23
9
10
12
12
23
15
15
16
23
18
19
23
21
23
23
2
2
4
4
7
6
7
23
9
10
12
12
23
15
15
16
23
18
19
23
21
23
23
2
2
4
4
7
6
7
23
9
10
12
12
23
15
15
16
23
18
19
23
21
23
23
2
2
4
4
7
6
7
23
9
10
12
12
23
15
15
16
23
18
19
23
21
23
23
2
2
4
4
7
6
7
23
9
10
12
12
23
15
15
16
23
18
19
23
21
23
23
2
2
4
4
7
6
7
23
9
10
12
12
23
15
15
16
23
18
19
23
21
23
23
2
2
4
4
7
6
7
23
9
10
12
12
23
15
15
16
23
18
19
23
21
23
23
2
2
4
4
7
6
7
23
9
10
12
12
23
15
15
16
23
18
19
23
21
23
23
2
2
4
4
7
6
7
23
9
10
12
12
23
15
15
16
23
18
19
23
21
23
23
4
2
4
4
7
7
7
13
9
10
13
13
13
23
15
18
18
18
23
20
23
22
23
4
2
4
4
7
7
7
13
9
10
13
13
13
23
15
18
18
18
23
20
23
22
23
4
2
4
4
7
7
7
13
9
10
13
13
13
23
15
18
18
18
23
20
23
22
23
4
2
4
4
7
7
7
13
9
10
13
13
13
23
15
18
18
18
23
20
23
22
23
4
2
4
4
7
7
7
13
9
10
13
13
13
23
15
18
18
18
23
20
23
22
23
4
2
4
4
7
7
7
13
9
10
13
13
13
23
15
18
18
18
23
20
23
22
23
4
2
4
4
7
7
7
13
9
10
13
13
13
23
15
18
18
18
23
20
23
22
23
4
2
4
4
7
7
7
13
9
10
13
13
13
23
15
18
18
18
23
20
23
22
23
4
2
4
4
7
7
7
13
9
10
13
13
13
23
15
18
18
18
23
20
23
22
23
4
2
4
4
7
7
7
13
9
10
13
13
13
23
15
18
18
18
23
20
23
22
23
4
2
4
4
7
7
7
13
9
10
13
13
13
23
15
18
18
18
23
20
23
22
23
4
2
4
4
7
7
7
13
9
10
13
13
13
23
15
18
18
18
23
20
23
22
23
1
2
6
4
6
6
23
11
11
11
11
17
13
17
15
17
17
23
19
23
23
22
23
1
2
6
4
6
6
23
11
11
11
11
17
13
17
15
17
17
23
19
23
23
22
23
1
2
6
4
6
6
23
11
11
11
11
17
13
17
15
17
17
23
19
23
23
22
23
1
2
6
4
6
6
23
11
11
11
11
17
13
17
15
17
17
23
19
23
23
22
23
1
2
6
4
6
6
23
11
11
11
11
17
13
17
15
17
17
23
19
23
23
22
23
1
2
6
4
6
6
23
11
11
11
11
17
13
17
15
17
17
23
19
23
23
22
23
1
2
6
4
6
6
23
11
11
11
11
17
13
17
15
17
17
23
19
23
23
22
23
1
2
6
4
6
6
23
11
11
11
11
17
13
17
15
17
17
23
19
23
23
22
23
1
2
6
4
6
6
23
11
11
11
11
17
13
17
15
17
17
23
19
23
23
22
23
1
2
6
4
6
6
23
11
11
11
11
17
13
17
15
17
17
23
19
23
23
22
23
1
2
6
4
6
6
23
11
11
11
11
17
13
17
15
17
17
23
19
23
23
22
23
1
2
6
4
6
6
23
11
11
11
11
17
13
17
15
17
17
23
19
23
23
22
23
2
2
9
4
5
6
9
9
9
23
11
14
14
14
23
19
17
19
19
23
23
23
23
2
2
9
4
5
6
9
9
9
23
11
14
14
14
23
19
17
19
19
23
23
23
23
2
2
9
4
5
6
9
9
9
23
11
14
14
14
23
19
17
19
19
23
23
23
23
2
2
9
4
5
6
9
9
9
23
11
14
14
14
23
19
17
19
19
23
23
23
23
2
2
9
4
5
6
9
9
9
23
11
14
14
14
23
19
17
19
19
23
23
23
23
2
2
9
4
5
6
9
9
9
23
11
14
14
14
23
19
17
19
19
23
23
23
23
2
2
9
4
5
6
9
9
9
23
11
14
14
14
23
19
17
19
19
23
23
23
23
2
2
9
4
5
6
9
9
9
23
11
14
14
14
23
19
17
19
19
23
23
23
23
2
2
9
4
5
6
9
9
9
23
11
14
14
14
23
19
17
19
19
23
23
23
23
2
2
9
4
5
6
9
9
9
23
11
14
14
14
23
19
17
19
19
23
23
23
23
2
2
9
4
5
6
9
9
9
23
11
14
14
14
23
19
17
19
19
23
23
23
23
2
2
9
4
5
6
9
9
9
23
11
14
14
14
23
19
17
19
19
23
23
23
23
1
4
3
4
10
7
7
10
10
10
23
16
13
16
15
16
19
19
19
23
21
23
23
1
4
3
4
10
7
7
10
10
10
23
16
13
16
15
16
19
19
19
23
21
23
23
1
4
3
4
10
7
7
10
10
10
23
16
13
16
15
16
19
19
19
23
21
23
23
1
4
3
4
10
7
7
10
10
10
23
16
13
16
15
16
19
19
19
23
21
23
23
1
4
3
4
10
7
7
10
10
10
23
16
13
16
15
16
19
19
19
23
21
23
23
1
4
3
4
10
7
7
10
10
10
23
16
13
16
15
16
19
19
19
23
21
23
23
1
4
3
4
10
7
7
10
10
10
23
16
13
16
15
16
19
19
19
23
21
23
23
1
4
3
4
10
7
7
10
10
10
23
16
13
16
15
16
19
19
19
23
21
23
23
1
4
3
4
10
7
7
10
10
10
23
16
13
16
15
16
19
19
19
23
21
23
23
1
4
3
4
10
7
7
10
10
10
23
16
13
16
15
16
19
19
19
23
21
23
23
1
4
3
4
10
7
7
10
10
10
23
16
13
16
15
16
19
19
19
23
21
23
23
1
4
3
4
10
7
7
10
10
10
23
16
13
16
15
16
19
19
19
23
21
23
23
1
4
4
4
7
7
7
12
9
12
11
12
23
15
15
20
17
20
19
20
23
23
23
1
4
4
4
7
7
7
12
9
12
11
12
23
15
15
20
17
20
19
20
23
23
23
1
4
4
4
7
7
7
12
9
12
11
12
23
15
15
20
17
20
19
20
23
23
23
1
4
4
4
7
7
7
12
9
12
11
12
23
15
15
20
17
20
19
20
23
23
23
1
4
4
4
7
7
7
12
9
12
11
12
23
15
15
20
17
20
19
20
23
23
23
1
4
4
4
7
7
7
12
9
12
11
12
23
15
15
20
17
20
19
20
23
23
23
1
4
4
4
7
7
7
12
9
12
11
12
23
15
15
20
17
20
19
20
23
23
23
1
4
4
4
7
7
7
12
9
12
11
12
23
15
15
20
17
20
19
20
23
23
23
1
4
4
4
7
7
7
12
9
12
11
12
23
15
15
20
17
20
19
20
23
23
23
1
4
4
4
7
7
7
12
9
12
11
12
23
15
15
20
17
20
19
20
23
23
23
1
4
4
4
7
7
7
12
9
12
11
12
23
15
15
20
17
20
19
20
23
23
23
1
4
4
4
7
7
7
12
9
12
11
12
23
15
15
20
17
20
19
20
23
23
3
1
3
3
1
3
3
1
3
1
3
1
3
3
1
3
3
1
3
3
1
3
3
1
3
3
1
3
3
1
3
3
1
3
3
1
3
3
1
3
3
1
3
3
1
3
81426
0
0
0
7
0
0
0
0
0
1
0
0
2
0
0
3
0
0
0
0
0
3
0
0
4
0
0
7
0
0
4
0
0
5
0
0
6
0
0
7
0
0
0
0
0
7
0
0
0
0
0
1
0
0
2
0
0
3
0
0
0
0
0
3
0
0
4
0
0
7
0
0
4
0
0
5
0
0
6
0
0
7
0
0
0
0
0
7
0
0
0
0
0
1
0
0
2
0
0
3
0
0
0
0
0
3
0
0
4
0
0
7
0
0
4
0
0
5
0
0
6
0
0
7
0
0
0
0
0
7
0
0
0
0
0
1
0
0
2
0
0
3
0
0
0
0
0
3
0
0
4
0
0
7
0
0
4
0
0
5
0
0
6
0
0
7
0
0
0
0
0
7
0
0
0
0
0
1
0
0
2
0
0
3
0
0
0
0
0
3
0
0
4
0
0
7
0
0
4
0
0
5
0
0
6
0
0
7
0
0
0
0
0
7
0
0
0
0
0
1
0
0
2
0
0
3
0
0
0
0
0
3
0
0
4
0
0
7
0
0
4
0
0
5
0
0
6
0
0
7
0
0
0
0
0
7
0
0
0
0
0
1
0
0
2
0
0
3
0
0
0
0
0
3
0
0
4
0
0
7
0
0
4
0
0
5
0
0
6
0
0
7
0
0
0
0
0
7
0
0
0
0
0
1
0
0
2
0
0
3
0
0
0
0
0
3
0
0
4
0
0
7
0
0
4
0
0
5
0
0
6
0
0
7
0
0
0
0
0
7
0
0
0
0
0
1
0
0
2
0
0
3
0
0
0
0
0
3
0
0
4
0
0
7
0
0
4
0
0
5
0
0
6
0
0
7
0
0
0
0
0
7
0
0
0
0
0
1
0
0
2
0
0
3
0
0
0
0
0
3
0
0
4
0
0
7
0
0
4
0
0
5
0
0
6
0
0
7
0
0
0
0
0
65535
65535
65535
0
0
0
1
1
1
0
0
0
65535
1
1
0
0
0
65535
65535
1
0
0
65535
65535
65535
65535
0
0
0
65535
65535
65535
0
0
0
1
1
1
0
0
0
65535
1
1
0
0
0
65535
65535
1
0
0
65535
65535
65535
65535
0
0
0
65535
65535
65535
0
0
0
1
1
1
0
0
0
65535
1
1
0
0
0
65535
65535
1
0
0
65535
65535
65535
65535
0
0
0
32768
32768
32768
0
0
0
1
0
0
0
0
0
1
1
0
0
0
0
1
1
1
0
0
0
2
1
1
0
0
0
2
2
1
0
0
0
2
2
2
0
0
0
4
2
2
0
0
0
4
4
2
0
0
0
4
4
4
0
0
0
8
4
4
0
0
0
8
8
4
0
0
0
8
8
8
0
0
0
16
8
8
0
0
0
16
16
8
0
0
0
16
16
16
0
0
0
32
16
16
0
0
0
32
32
16
0
0
0
32
32
32
0
0
0
64
32
32
0
0
0
64
64
32
0
0
0
64
64
64
0
0
0
128
64
64
0
0
0
128
128
64
0
0
0
128
128
128
0
0
0
256
128
128
0
0
0
256
256
128
0
0
0
256
256
256
0
0
0
512
256
256
0
0
0
512
512
256
0
0
0
512
512
512
0
0
0
1024
512
512
0
0
0
1024
1024
512
0
0
0
1024
1024
1024
0
0
0
2048
1024
1024
0
0
0
2048
2048
1024
0
0
0
2048
2048
2048
0
0
0
4096
2048
2048
0
0
0
4096
4096
2048
0
0
0
4096
4096
4096
0
0
0
8192
4096
4096
0
0
0
8192
8192
4096
0
0
0
8192
8192
8192
0
0
0
16384
8192
8192
0
0
0
16384
16384
8192
0
0
0
16384
16384
16384
0
0
0
32768
16384
16384
0
0
0
32768
32768
16384
0
0
0
32768
32768
32768
0
0
0
1
0
0
0
0
0
1
1
0
0
0
0
1
1
1
0
0
0
2
1
1
0
0
0
2
2
1
0
0
0
2
2
2
0
0
0
4
2
2
0
0
0
4
4
2
0
0
0
4
4
4
0
0
0
8
4
4
0
0
0
8
8
4
0
0
0
8
8
8
0
0
0
16
8
8
0
0
0
16
16
8
0
0
0
16
16
16
0
0
0
32
16
16
0
0
0
32
32
16
0
0
0
32
32
32
0
0
0
64
32
32
0
0
0
64
64
32
0
0
0
64
64
64
0
0
0
128
64
64
0
0
0
128
128
64
0
0
0
128
128
128
0
0
0
256
128
128
0
0
0
256
256
128
0
0
0
256
256
256
0
0
0
512
256
256
0
0
0
512
512
256
0
0
0
512
512
512
0
0
0
1024
512
512
0
0
0
1024
1024
512
0
0
0
1024
1024
1024
0
0
0
2048
1024
1024
0
0
0
2048
2048
1024
0
0
0
2048
2048
2048
0
0
0
4096
2048
2048
0
0
0
4096
4096
2048
0
0
0
4096
4096
4096
0
0
0
8192
4096
4096
0
0
0
8192
8192
4096
0
0
0
8192
8192
8192
0
0
0
16384
8192
8192
0
0
0
16384
16384
8192
0
0
0
16384
16384
16384
0
0
0
32768
16384
16384
0
0
0
32768
32768
16384
32767
32767
32767
65535
65535
65535
32767
32767
49151
65535
65535
65535
32767
49151
49151
65535
65535
65535
49151
49151
49151
65535
65535
65535
49151
49151
57343
65535
65535
65535
49151
57343
57343
65535
65535
65535
57343
57343
57343
65535
65535
65535
57343
57343
61439
65535
65535
65535
57343
61439
61439
65535
65535
65535
61439
61439
61439
65535
65535
65535
61439
61439
63487
65535
65535
65535
61439
63487
63487
65535
65535
65535
63487
63487
63487
65535
65535
65535
63487
63487
64511
65535
65535
65535
63487
64511
64511
65535
65535
65535
64511
64511
64511
65535
65535
65535
64511
64511
65023
65535
65535
65535
64511
65023
65023
65535
65535
65535
65023
65023
65023
65535
65535
65535
65023
65023
65279
65535
65535
65535
65023
65279
65279
65535
65535
65535
65279
65279
65279
65535
65535
65535
65279
65279
65407
65535
65535
65535
65279
65407
65407
65535
65535
65535
65407
65407
65407
65535
65535
65535
65407
65407
65471
65535
65535
65535
65407
65471
65471
65535
65535
65535
65471
65471
65471
65535
65535
65535
65471
65471
65503
65535
65535
65535
65471
65503
65503
65535
65535
65535
65503
65503
65503
65535
65535
65535
65503
65503
65519
65535
65535
65535
65503
65519
65519
65535
65535
65535
65519
65519
65519
65535
65535
65535
65519
65519
65527
65535
65535
65535
65519
65527
65527
65535
65535
65535
65527
65527
65527
65535
65535
65535
65527
65527
65531
65535
65535
65535
65527
65531
65531
65535
65535
65535
65531
65531
65531
65535
65535
65535
65531
65531
65533
65535
65535
65535
65531
65533
65533
65535
65535
65535
65533
65533
65533
65535
65535
65535
65533
65533
65534
65535
65535
65535
65533
65534
65534
65535
65535
65535
65534
65534
65534
65535
65535
65535
65534
65534
65535
65535
65535
65535
65534
65535
65535
65535
65535
65535
32767
32767
32767
65535
65535
65535
32767
32767
49151
65535
65535
65535
32767
49151
49151
65535
65535
65535
49151
49151
49151
65535
65535
65535
49151
49151
57343
65535
65535
65535
49151
57343
57343
65535
65535
65535
57343
57343
57343
65535
65535
65535
57343
57343
61439
65535
65535
65535
57343
61439
61439
65535
65535
65535
61439
61439
61439
65535
65535
65535
61439
61439
63487
65535
65535
65535
61439
63487
63487
65535
65535
65535
63487
63487
63487
65535
65535
65535
63487
63487
64511
65535
65535
65535
63487
64511
64511
65535
65535
65535
64511
64511
64511
65535
65535
65535
64511
64511
65023
65535
65535
65535
64511
65023
65023
65535
65535
65535
65023
65023
65023
65535
65535
65535
65023
65023
65279
65535
65535
65535
65023
65279
65279
65535
65535
65535
65279
65279
65279
65535
65535
65535
65279
65279
65407
65535
65535
65535
65279
65407
65407
65535
65535
65535
65407
65407
65407
65535
65535
65535
65407
65407
65471
65535
65535
65535
65407
65471
65471
65535
65535
65535
65471
65471
65471
65535
65535
65535
65471
65471
65503
65535
65535
65535
65471
65503
65503
65535
65535
65535
65503
65503
65503
65535
65535
65535
65503
65503
65519
65535
65535
65535
65503
65519
65519
65535
65535
65535
65519
65519
65519
65535
65535
65535
65519
65519
65527
65535
65535
65535
65519
65527
65527
65535
65535
65535
65527
65527
65527
65535
65535
65535
65527
65527
65531
65535
65535
65535
65527
65531
65531
65535
65535
65535
65531
65531
65531
65535
65535
65535
65531
65531
65533
65535
65535
65535
65531
65533
65533
65535
65535
65535
65533
65533
65533
65535
65535
65535
65533
65533
65534
65535
65535
65535
65533
65534
65534
65535
65535
65535
65534
65534
65534
65535
65535
65535
65534
65534
65535
65535
65535
65535
65534
65535
65535
65535
65535
65535
1116
694
1147
64317
59042
61524
35595
4366
16336
48819
13618
28632
37075
4366
21164
48819
13618
28632
17063
4366
12753
48819
23010
28632
6117
42361
1147
58633
59042
27254
6117
49290
1147
11554
49656
5003
6117
42361
1147
26292
49656
5003
13834
51942
24307
30194
55193
27254
6117
42361
1147
30194
55193
27254
55568
55427
14831
58633
59042
19442
6117
4366
1147
58633
59042
28632
1116
694
39567
64317
57033
61524
1116
694
51758
1594
15700
52531
1116
694
39697
19719
15700
52531
37991
8652
39567
53679
27018
51673
37991
8652
39567
53679
17551
48582
47226
11173
51378
50793
27018
51673
1116
694
39567
53679
27018
52531
3214
36747
40424
64317
57033
61524
5539
42312
40962
29548
56970
46007
3214
38167
40962
29548
56970
59389
50626
36747
40424
64317
57033
61524
50626
36747
61236
64317
57033
61524
1116
694
1147
64317
59042
61524
35595
4366
16336
48819
13618
28632
37075
4366
21164
48819
13618
28632
17063
4366
12753
48819
23010
28632
6117
42361
1147
58633
59042
27254
6117
49290
1147
11554
49656
5003
6117
42361
1147
26292
49656
5003
13834
51942
24307
30194
55193
27254
6117
42361
1147
30194
55193
27254
55568
55427
14831
58633
59042
19442
6117
4366
1147
58633
59042
28632
1116
694
39567
64317
57033
61524
1116
694
51758
1594
15700
52531
1116
694
39697
19719
15700
52531
37991
8652
39567
53679
27018
51673
37991
8652
39567
53679
17551
48582
47226
11173
51378
50793
27018
51673
1116
694
39567
53679
27018
52531
3214
36747
40424
64317
57033
61524
5539
42312
40962
29548
56970
46007
3214
38167
40962
29548
56970
59389
50626
36747
40424
64317
57033
61524
50626
36747
61236
64317
57033
61524
1116
694
1147
64317
59042
61524
35595
4366
16336
48819
13618
28632
37075
4366
21164
48819
13618
28632
17063
4366
12753
48819
23010
28632
6117
42361
1147
58633
59042
27254
6117
49290
1147
11554
49656
5003
6117
42361
1147
26292
49656
5003
13834
51942
24307
30194
55193
27254
6117
42361
1147
30194
55193
27254
55568
55427
14831
58633
59042
19442
6117
4366
1147
58633
59042
28632
1116
694
39567
64317
57033
61524
1116
694
51758
1594
15700
52531
1116
694
39697
19719
15700
52531
37991
8652
39567
53679
27018
51673
37991
8652
39567
53679
17551
48582
47226
11173
51378
50793
27018
51673
1116
694
39567
53679
27018
52531
3214
36747
40424
64317
57033
61524
5539
42312
40962
29548
56970
46007
3214
38167
40962
29548
56970
59389
50626
36747
40424
64317
57033
61524
50626
36747
61236
64317
57033
61524
1116
694
1147
64317
59042
61524
35595
4366
16336
48819
13618
28632
37075
4366
21164
48819
13618
28632
17063
4366
12753
48819
23010
28632
6117
42361
1147
58633
59042
27254
6117
49290
1147
11554
49656
5003
6117
42361
1147
26292
49656
5003
13834
51942
24307
30194
55193
27254
6117
42361
1147
30194
55193
27254
55568
55427
14831
58633
59042
19442
6117
4366
1147
58633
59042
28632
1116
694
39567
64317
57033
61524
1116
694
51758
1594
15700
52531
1116
694
39697
19719
15700
52531
37991
8652
39567
53679
27018
51673
37991
8652
39567
53679
17551
48582
47226
11173
51378
50793
27018
51673
1116
694
39567
53679
27018
52531
3214
36747
40424
64317
57033
61524
5539
42312
40962
29548
56970
46007
3214
38167
40962
29548
56970
59389
50626
36747
40424
64317
57033
61524
50626
36747
61236
64317
57033
61524
1116
694
1147
64317
59042
61524
35595
4366
16336
48819
13618
28632
37075
4366
21164
48819
13618
28632
17063
4366
12753
48819
23010
28632
6117
42361
1147
58633
59042
27254
6117
49290
1147
11554
49656
5003
6117
42361
1147
26292
49656
5003
13834
51942
24307
30194
55193
27254
6117
42361
1147
30194
55193
27254
55568
55427
14831
58633
59042
19442
6117
4366
1147
58633
59042
28632
1116
694
39567
64317
57033
61524
1116
694
51758
1594
15700
52531
1116
694
39697
19719
15700
52531
37991
8652
39567
53679
27018
51673
37991
8652
39567
53679
17551
48582
47226
11173
51378
50793
27018
51673
1116
694
39567
53679
27018
52531
3214
36747
40424
64317
57033
61524
5539
42312
40962
29548
56970
46007
3214
38167
40962
29548
56970
59389
50626
36747
40424
64317
57033
61524
50626
36747
61236
64317
57033
61524
1116
694
1147
64317
59042
61524
35595
4366
16336
48819
13618
28632
37075
4366
21164
48819
13618
28632
17063
4366
12753
48819
23010
28632
6117
42361
1147
58633
59042
27254
6117
49290
1147
11554
49656
5003
6117
42361
1147
26292
49656
5003
13834
51942
24307
30194
55193
27254
6117
42361
1147
30194
55193
27254
55568
55427
14831
58633
59042
19442
6117
4366
1147
58633
59042
28632
1116
694
39567
64317
57033
61524
1116
694
51758
1594
15700
52531
1116
694
39697
19719
15700
52531
37991
8652
39567
53679
27018
51673
37991
8652
39567
53679
17551
48582
47226
11173
51378
50793
27018
51673
1116
694
39567
53679
27018
52531
3214
36747
40424
64317
57033
61524
5539
42312
40962
29548
56970
46007
3214
38167
40962
29548
56970
59389
50626
36747
40424
64317
57033
61524
50626
36747
61236
64317
57033
61524
1116
694
1147
64317
59042
61524
35595
4366
16336
48819
13618
28632
37075
4366
21164
48819
13618
28632
17063
4366
12753
48819
23010
28632
6117
42361
1147
58633
59042
27254
6117
49290
1147
11554
49656
5003
6117
42361
1147
26292
49656
5003
13834
51942
24307
30194
55193
27254
6117
42361
1147
30194
55193
27254
55568
55427
14831
58633
59042
19442
6117
4366
1147
58633
59042
28632
1116
694
39567
64317
57033
61524
1116
694
51758
1594
15700
52531
1116
694
39697
19719
15700
52531
37991
8652
39567
53679
27018
51673
37991
8652
39567
53679
17551
48582
47226
11173
51378
50793
27018
51673
1116
694
39567
53679
27018
52531
3214
36747
40424
64317
57033
61524
5539
42312
40962
29548
56970
46007
3214
38167
40962
29548
56970
59389
50626
36747
40424
64317
57033
61524
50626
36747
61236
64317
57033
61524
1116
694
1147
64317
59042
61524
35595
4366
16336
48819
13618
28632
37075
4366
21164
48819
13618
28632
17063
4366
12753
48819
23010
28632
6117
42361
1147
58633
59042
27254
6117
49290
1147
11554
49656
5003
6117
42361
1147
26292
49656
5003
13834
51942
24307
30194
55193
27254
6117
42361
1147
30194
55193
27254
55568
55427
14831
58633
59042
19442
6117
4366
1147
58633
59042
28632
1116
694
39567
64317
57033
61524
1116
694
51758
1594
15700
52531
1116
694
39697
19719
15700
52531
37991
8652
39567
53679
27018
51673
37991
8652
39567
53679
17551
48582
47226
11173
51378
50793
27018
51673
1116
694
39567
53679
27018
52531
3214
36747
40424
64317
57033
61524
5539
42312
40962
29548
56970
46007
3214
38167
40962
29548
56970
59389
50626
36747
40424
64317
57033
61524
50626
36747
61236
64317
57033
61524
1116
694
1147
64317
59042
61524
35595
4366
16336
48819
13618
28632
37075
4366
21164
48819
13618
28632
17063
4366
12753
48819
23010
28632
6117
42361
1147
58633
59042
27254
6117
49290
1147
11554
49656
5003
6117
42361
1147
26292
49656
5003
13834
51942
24307
30194
55193
27254
6117
42361
1147
30194
55193
27254
55568
55427
14831
58633
59042
19442
6117
4366
1147
58633
59042
28632
1116
694
39567
64317
57033
61524
1116
694
51758
1594
15700
52531
1116
694
39697
19719
15700
52531
37991
8652
39567
53679
27018
51673
37991
8652
39567
53679
17551
48582
47226
11173
51378
50793
27018
51673
1116
694
39567
53679
27018
52531
3214
36747
40424
64317
57033
61524
5539
42312
40962
29548
56970
46007
3214
38167
40962
29548
56970
59389
50626
36747
40424
64317
57033
61524
50626
36747
61236
64317
57033
61524
1116
694
1147
64317
59042
61524
35595
4366
16336
48819
13618
28632
37075
4366
21164
48819
13618
28632
17063
4366
12753
48819
23010
28632
6117
42361
1147
58633
59042
27254
6117
49290
1147
11554
49656
5003
6117
42361
1147
26292
49656
5003
13834
51942
24307
30194
55193
27254
6117
42361
1147
30194
55193
27254
55568
55427
14831
58633
59042
19442
6117
4366
1147
58633
59042
28632
1116
694
39567
64317
57033
61524
1116
694
51758
1594
15700
52531
1116
694
39697
19719
15700
52531
37991
8652
39567
53679
27018
51673
37991
8652
39567
53679
17551
48582
47226
11173
51378
50793
27018
51673
1116
694
39567
53679
27018
52531
3214
36747
40424
64317
57033
61524
5539
42312
40962
29548
56970
46007
3214
38167
40962
29548
56970
59389
50626
36747
40424
64317
57033
61524
50626
36747
61236
64317
57033
61524
1116
694
1147
64317
59042
61524
35595
4366
16336
48819
13618
28632
37075
4366
21164
48819
13618
28632
17063
4366
12753
48819
23010
28632
6117
42361
1147
58633
59042
27254
6117
49290
1147
11554
49656
5003
6117
42361
1147
26292
49656
5003
13834
51942
24307
30194
55193
27254
6117
42361
1147
30194
55193
27254
55568
55427
14831
58633
59042
19442
6117
4366
1147
58633
59042
28632
1116
694
39567
64317
57033
61524
1116
694
51758
1594
15700
52531
1116
694
39697
19719
15700
52531
37991
8652
39567
53679
27018
51673
37991
8652
39567
53679
17551
48582
47226
11173
51378
50793
27018
51673
1116
694
39567
53679
27018
52531
3214
36747
40424
64317
57033
61524
5539
42312
40962
29548
56970
46007
3214
38167
40962
29548
56970
59389
50626
36747
40424
64317
57033
61524
50626
36747
61236
64317
57033
61524
1116
694
1147
64317
59042
61524
35595
4366
16336
48819
13618
28632
37075
4366
21164
48819
13618
28632
17063
4366
12753
48819
23010
28632
6117
42361
1147
58633
59042
27254
6117
49290
1147
11554
49656
5003
6117
42361
1147
26292
49656
5003
13834
51942
24307
30194
55193
27254
6117
42361
1147
30194
55193
27254
55568
55427
14831
58633
59042
19442
6117
4366
1147
58633
59042
28632
1116
694
39567
64317
57033
61524
1116
694
51758
1594
15700
52531
1116
694
39697
19719
15700
52531
37991
8652
39567
53679
27018
51673
37991
8652
39567
53679
17551
48582
47226
11173
51378
50793
27018
51673
1116
694
39567
53679
27018
52531
3214
36747
40424
64317
57033
61524
5539
42312
40962
29548
56970
46007
3214
38167
40962
29548
56970
59389
50626
36747
40424
64317
57033
61524
50626
36747
61236
64317
57033
61524
5
2
1
31
28
31
5
3
5
9
15
7
17
2
1
31
11
7
31
2
3
31
4
7
17
2
1
31
4
7
29
8
2
30
11
6
5
2
1
31
15
7
12
20
5
30
20
12
5
2
1
31
20
12
6
3
17
28
28
31
11
9
19
12
15
21
9
3
24
12
11
29
9
3
19
12
15
29
6
16
17
28
28
31
6
17
21
6
22
22
6
17
21
15
22
22
17
16
17
28
28
31
17
16
20
22
19
21
17
16
17
22
19
21
17
16
17
22
25
21
17
19
25
28
28
31
27
19
25
28
20
27
17
19
25
28
23
31
5
2
1
31
28
31
5
3
5
9
15
7
17
2
1
31
11
7
31
2
3
31
4
7
17
2
1
31
4
7
29
8
2
30
11
6
5
2
1
31
15
7
12
20
5
30
20
12
5
2
1
31
20
12
6
3
17
28
28
31
11
9
19
12
15
21
9
3
24
12
11
29
9
3
19
12
15
29
6
16
17
28
28
31
6
17
21
6
22
22
6
17
21
15
22
22
17
16
17
28
28
31
17
16
20
22
19
21
17
16
17
22
19
21
17
16
17
22
25
21
17
19
25
28
28
31
27
19
25
28
20
27
17
19
25
28
23
31
5
2
1
31
28
31
5
3
5
9
15
7
17
2
1
31
11
7
31
2
3
31
4
7
17
2
1
31
4
7
29
8
2
30
11
6
5
2
1
31
15
7
12
20
5
30
20
12
5
2
1
31
20
12
6
3
17
28
28
31
11
9
19
12
15
21
9
3
24
12
11
29
9
3
19
12
15
29
6
16
17
28
28
31
6
17
21
6
22
22
6
17
21
15
22
22
17
16
17
28
28
31
17
16
20
22
19
21
17
16
17
22
19
21
17
16
17
22
25
21
17
19
25
28
28
31
27
19
25
28
20
27
17
19
25
28
23
31
5
2
1
31
28
31
5
3
5
9
15
7
17
2
1
31
11
7
31
2
3
31
4
7
17
2
1
31
4
7
29
8
2
30
11
6
5
2
1
31
15
7
12
20
5
30
20
12
5
2
1
31
20
12
6
3
17
28
28
31
11
9
19
12
15
21
9
3
24
12
11
29
9
3
19
12
15
29
6
16
17
28
28
31
6
17
21
6
22
22
6
17
21
15
22
22
17
16
17
28
28
31
17
16
20
22
19
21
17
16
17
22
19
21
17
16
17
22
25
21
17
19
25
28
28
31
27
19
25
28
20
27
17
19
25
28
23
31
5
2
1
31
28
31
5
3
5
9
15
7
17
2
1
31
11
7
31
2
3
31
4
7
17
2
1
31
4
7
29
8
2
30
11
6
5
2
1
31
15
7
12
20
5
30
20
12
5
2
1
31
20
12
6
3
17
28
28
31
11
9
19
12
15
21
9
3
24
12
11
29
9
3
19
12
15
29
6
16
17
28
28
31
6
17
21
6
22
22
6
17
21
15
22
22
17
16
17
28
28
31
17
16
20
22
19
21
17
16
17
22
19
21
17
16
17
22
25
21
17
19
25
28
28
31
27
19
25
28
20
27
17
19
25
28
23
31
5
2
1
31
28
31
5
3
5
9
15
7
17
2
1
31
11
7
31
2
3
31
4
7
17
2
1
31
4
7
29
8
2
30
11
6
5
2
1
31
15
7
12
20
5
30
20
12
5
2
1
31
20
12
6
3
17
28
28
31
11
9
19
12
15
21
9
3
24
12
11
29
9
3
19
12
15
29
6
16
17
28
28
31
6
17
21
6
22
22
6
17
21
15
22
22
17
16
17
28
28
31
17
16
20
22
19
21
17
16
17
22
19
21
17
16
17
22
25
21
17
19
25
28
28
31
27
19
25
28
20
27
17
19
25
28
23
31
5
2
1
31
28
31
5
3
5
9
15
7
17
2
1
31
11
7
31
2
3
31
4
7
17
2
1
31
4
7
29
8
2
30
11
6
5
2
1
31
15
7
12
20
5
30
20
12
5
2
1
31
20
12
6
3
17
28
28
31
11
9
19
12
15
21
9
3
24
12
11
29
9
3
19
12
15
29
6
16
17
28
28
31
6
17
21
6
22
22
6
17
21
15
22
22
17
16
17
28
28
31
17
16
20
22
19
21
17
16
17
22
19
21
17
16
17
22
25
21
17
19
25
28
28
31
27
19
25
28
20
27
17
19
25
28
23
31
5
2
1
31
28
31
5
3
5
9
15
7
17
2
1
31
11
7
31
2
3
31
4
7
17
2
1
31
4
7
29
8
2
30
11
6
5
2
1
31
15
7
12
20
5
30
20
12
5
2
1
31
20
12
6
3
17
28
28
31
11
9
19
12
15
21
9
3
24
12
11
29
9
3
19
12
15
29
6
16
17
28
28
31
6
17
21
6
22
22
6
17
21
15
22
22
17
16
17
28
28
31
17
16
20
22
19
21
17
16
17
22
19
21
17
16
17
22
25
21
17
19
25
28
28
31
27
19
25
28
20
27
17
19
25
28
23
31
5
2
1
31
28
31
5
3
5
9
15
7
17
2
1
31
11
7
31
2
3
31
4
7
17
2
1
31
4
7
29
8
2
30
11
6
5
2
1
31
15
7
12
20
5
30
20
12
5
2
1
31
20
12
6
3
17
28
28
31
11
9
19
12
15
21
9
3
24
12
11
29
9
3
19
12
15
29
6
16
17
28
28
31
6
17
21
6
22
22
6
17
21
15
22
22
17
16
17
28
28
31
17
16
20
22
19
21
17
16
17
22
19
21
17
16
17
22
25
21
17
19
25
28
28
31
27
19
25
28
20
27
17
19
25
28
23
31
5
2
1
31
28
31
5
3
5
9
15
7
17
2
1
31
11
7
31
2
3
31
4
7
17
2
1
31
4
7
29
8
2
30
11
6
5
2
1
31
15
7
12
20
5
30
20
12
5
2
1
31
20
12
6
3
17
28
28
31
11
9
19
12
15
21
9
3
24
12
11
29
9
3
19
12
15
29
6
16
17
28
28
31
6
17
21
6
22
22
6
17
21
15
22
22
17
16
17
28
28
31
17
16
20
22
19
21
17
16
17
22
19
21
17
16
17
22
25
21
17
19
25
28
28
31
27
19
25
28
20
27
17
19
25
28
23
31
5
2
1
31
28
31
5
3
5
9
15
7
17
2
1
31
11
7
31
2
3
31
4
7
17
2
1
31
4
7
29
8
2
30
11
6
5
2
1
31
15
7
12
20
5
30
20
12
5
2
1
31
20
12
6
3
17
28
28
31
11
9
19
12
15
21
9
3
24
12
11
29
9
3
19
12
15
29
6
16
17
28
28
31
6
17
21
6
22
22
6
17
21
15
22
22
17
16
17
28
28
31
17
16
20
22
19
21
17
16
17
22
19
21
17
16
17
22
25
21
17
19
25
28
28
31
27
19
25
28
20
27
17
19
25
28
23
31
5
2
1
31
28
31
5
3
5
9
15
7
17
2
1
31
11
7
31
2
3
31
4
7
17
2
1
31
4
7
29
8
2
30
11
6
5
2
1
31
15
7
12
20
5
30
20
12
5
2
1
31
20
12
6
3
17
28
28
31
11
9
19
12
15
21
9
3
24
12
11
29
9
3
19
12
15
29
6
16
17
28
28
31
6
17
21
6
22
22
6
17
21
15
22
22
17
16
17
28
28
31
17
16
20
22
19
21
17
16
17
22
19
21
17
16
17
22
25
21
17
19
25
28
28
31
27
19
25
28
20
27
17
19
25
28
23
31
1
0
0
31
29
31
9
4
14
10
7
15
6
1
3
10
7
15
21
0
0
23
7
4
21
0
0
23
7
3
6
0
0
23
7
15
1
16
10
30
25
15
1
23
14
8
25
15
19
16
10
30
24
13
24
16
10
30
18
13
1
0
0
30
25
15
5
0
17
31
29
31
11
9
21
15
15
31
21
0
18
31
8
28
21
1
18
29
7
21
21
1
18
31
8
21
11
0
18
31
15
31
5
21
17
29
29
29
5
22
20
9
29
27
20
21
17
29
28
29
20
25
17
29
28
22
20
23
17
29
28
22
26
21
28
28
27
29
1
0
0
31
29
31
9
4
14
10
7
15
6
1
3
10
7
15
21
0
0
23
7
4
21
0
0
23
7
3
6
0
0
23
7
15
1
16
10
30
25
15
1
23
14
8
25
15
19
16
10
30
24
13
24
16
10
30
18
13
1
0
0
30
25
15
5
0
17
31
29
31
11
9
21
15
15
31
21
0
18
31
8
28
21
1
18
29
7
21
21
1
18
31
8
21
11
0
18
31
15
31
5
21
17
29
29
29
5
22
20
9
29
27
20
21
17
29
28
29
20
25
17
29
28
22
20
23
17
29
28
22
26
21
28
28
27
29
1
0
0
31
29
31
9
4
14
10
7
15
6
1
3
10
7
15
21
0
0
23
7
4
21
0
0
23
7
3
6
0
0
23
7
15
1
16
10
30
25
15
1
23
14
8
25
15
19
16
10
30
24
13
24
16
10
30
18
13
1
0
0
30
25
15
5
0
17
31
29
31
11
9
21
15
15
31
21
0
18
31
8
28
21
1
18
29
7
21
21
1
18
31
8
21
11
0
18
31
15
31
5
21
17
29
29
29
5
22
20
9
29
27
20
21
17
29
28
29
20
25
17
29
28
22
20
23
17
29
28
22
26
21
28
28
27
29
1
0
0
31
29
31
9
4
14
10
7
15
6
1
3
10
7
15
21
0
0
23
7
4
21
0
0
23
7
3
6
0
0
23
7
15
1
16
10
30
25
15
1
23
14
8
25
15
19
16
10
30
24
13
24
16
10
30
18
13
1
0
0
30
25
15
5
0
17
31
29
31
11
9
21
15
15
31
21
0
18
31
8
28
21
1
18
29
7
21
21
1
18
31
8
21
11
0
18
31
15
31
5
21
17
29
29
29
5
22
20
9
29
27
20
21
17
29
28
29
20
25
17
29
28
22
20
23
17
29
28
22
26
21
28
28
27
29
1
0
0
31
29
31
9
4
14
10
7
15
6
1
3
10
7
15
21
0
0
23
7
4
21
0
0
23
7
3
6
0
0
23
7
15
1
16
10
30
25
15
1
23
14
8
25
15
19
16
10
30
24
13
24
16
10
30
18
13
1
0
0
30
25
15
5
0
17
31
29
31
11
9
21
15
15
31
21
0
18
31
8
28
21
1
18
29
7
21
21
1
18
31
8
21
11
0
18
31
15
31
5
21
17
29
29
29
5
22
20
9
29
27
20
21
17
29
28
29
20
25
17
29
28
22
20
23
17
29
28
22
26
21
28
28
27
29
1
0
0
31
29
31
9
4
14
10
7
15
6
1
3
10
7
15
21
0
0
23
7
4
21
0
0
23
7
3
6
0
0
23
7
15
1
16
10
30
25
15
1
23
14
8
25
15
19
16
10
30
24
13
24
16
10
30
18
13
1
0
0
30
25
15
5
0
17
31
29
31
11
9
21
15
15
31
21
0
18
31
8
28
21
1
18
29
7
21
21
1
18
31
8
21
11
0
18
31
15
31
5
21
17
29
29
29
5
22
20
9
29
27
20
21
17
29
28
29
20
25
17
29
28
22
20
23
17
29
28
22
26
21
28
28
27
29
1
0
0
31
29
31
9
4
14
10
7
15
6
1
3
10
7
15
21
0
0
23
7
4
21
0
0
23
7
3
6
0
0
23
7
15
1
16
10
30
25
15
1
23
14
8
25
15
19
16
10
30
24
13
24
16
10
30
18
13
1
0
0
30
25
15
5
0
17
31
29
31
11
9
21
15
15
31
21
0
18
31
8
28
21
1
18
29
7
21
21
1
18
31
8
21
11
0
18
31
15
31
5
21
17
29
29
29
5
22
20
9
29
27
20
21
17
29
28
29
20
25
17
29
28
22
20
23
17
29
28
22
26
21
28
28
27
29
1
0
0
31
29
31
9
4
14
10
7
15
6
1
3
10
7
15
21
0
0
23
7
4
21
0
0
23
7
3
6
0
0
23
7
15
1
16
10
30
25
15
1
23
14
8
25
15
19
16
10
30
24
13
24
16
10
30
18
13
1
0
0
30
25
15
5
0
17
31
29
31
11
9
21
15
15
31
21
0
18
31
8
28
21
1
18
29
7
21
21
1
18
31
8
21
11
0
18
31
15
31
5
21
17
29
29
29
5
22
20
9
29
27
20
21
17
29
28
29
20
25
17
29
28
22
20
23
17
29
28
22
26
21
28
28
27
29
1
0
0
31
29
31
9
4
14
10
7
15
6
1
3
10
7
15
21
0
0
23
7
4
21
0
0
23
7
3
6
0
0
23
7
15
1
16
10
30
25
15
1
23
14
8
25
15
19
16
10
30
24
13
24
16
10
30
18
13
1
0
0
30
25
15
5
0
17
31
29
31
11
9
21
15
15
31
21
0
18
31
8
28
21
1
18
29
7
21
21
1
18
31
8
21
11
0
18
31
15
31
5
21
17
29
29
29
5
22
20
9
29
27
20
21
17
29
28
29
20
25
17
29
28
22
20
23
17
29
28
22
26
21
28
28
27
29
1
0
0
31
29
31
9
4
14
10
7
15
6
1
3
10
7
15
21
0
0
23
7
4
21
0
0
23
7
3
6
0
0
23
7
15
1
16
10
30
25
15
1
23
14
8
25
15
19
16
10
30
24
13
24
16
10
30
18
13
1
0
0
30
25
15
5
0
17
31
29
31
11
9
21
15
15
31
21
0
18
31
8
28
21
1
18
29
7
21
21
1
18
31
8
21
11
0
18
31
15
31
5
21
17
29
29
29
5
22
20
9
29
27
20
21
17
29
28
29
20
25
17
29
28
22
20
23
17
29
28
22
26
21
28
28
27
29
1
0
0
31
29
31
9
4
14
10
7
15
6
1
3
10
7
15
21
0
0
23
7
4
21
0
0
23
7
3
6
0
0
23
7
15
1
16
10
30
25
15
1
23
14
8
25
15
19
16
10
30
24
13
24
16
10
30
18
13
1
0
0
30
25
15
5
0
17
31
29
31
11
9
21
15
15
31
21
0
18
31
8
28
21
1
18
29
7
21
21
1
18
31
8
21
11
0
18
31
15
31
5
21
17
29
29
29
5
22
20
9
29
27
20
21
17
29
28
29
20
25
17
29
28
22
20
23
17
29
28
22
26
21
28
28
27
29
1
0
0
31
29
31
9
4
14
10
7
15
6
1
3
10
7
15
21
0
0
23
7
4
21
0
0
23
7
3
6
0
0
23
7
15
1
16
10
30
25
15
1
23
14
8
25
15
19
16
10
30
24
13
24
16
10
30
18
13
1
0
0
30
25
15
5
0
17
31
29
31
11
9
21
15
15
31
21
0
18
31
8
28
21
1
18
29
7
21
21
1
18
31
8
21
11
0
18
31
15
31
5
21
17
29
29
29
5
22
20
9
29
27
20
21
17
29
28
29
20
25
17
29
28
22
20
23
17
29
28
22
26
21
28
28
27
29
9324
8167
4443
65148
62552
60378
43706
15727
9655
64629
18637
32469
43706
15727
21276
64629
18637
32469
18792
15727
9655
64629
19450
32469
9324
33565
4443
64130
61732
25681
9324
59730
6251
16013
61732
13824
9324
60848
6251
16013
61732
6598
9324
33565
4443
16013
61732
13824
9324
33565
4443
30363
61732
20707
50028
40426
5669
64130
50679
25681
58116
46018
5669
64130
50679
14268
9324
15727
4443
64629
61732
32469
21588
8167
39856
65148
62552
60378
60797
8167
56529
65148
22888
60378
60797
8167
56529
65148
10368
57368
53270
8167
47370
65148
24118
60378
21588
36322
39856
63699
62552
53831
33097
36322
39856
63699
62552
53831
57816
36322
41593
63699
37915
42995
33097
36322
41593
63699
38411
42995
33097
36322
39856
63699
62552
42995
33852
46254
50002
45816
55348
53831
33852
51101
50002
45816
55348
53380
9324
8167
4443
65148
62552
60378
43706
15727
9655
64629
18637
32469
43706
15727
21276
64629
18637
32469
18792
15727
9655
64629
19450
32469
9324
33565
4443
64130
61732
25681
9324
59730
6251
16013
61732
13824
9324
60848
6251
16013
61732
6598
9324
33565
4443
16013
61732
13824
9324
33565
4443
30363
61732
20707
50028
40426
5669
64130
50679
25681
58116
46018
5669
64130
50679
14268
9324
15727
4443
64629
61732
32469
21588
8167
39856
65148
62552
60378
60797
8167
56529
65148
22888
60378
60797
8167
56529
65148
10368
57368
53270
8167
47370
65148
24118
60378
21588
36322
39856
63699
62552
53831
33097
36322
39856
63699
62552
53831
57816
36322
41593
63699
37915
42995
33097
36322
41593
63699
38411
42995
33097
36322
39856
63699
62552
42995
33852
46254
50002
45816
55348
53831
33852
51101
50002
45816
55348
53380
9324
8167
4443
65148
62552
60378
43706
15727
9655
64629
18637
32469
43706
15727
21276
64629
18637
32469
18792
15727
9655
64629
19450
32469
9324
33565
4443
64130
61732
25681
9324
59730
6251
16013
61732
13824
9324
60848
6251
16013
61732
6598
9324
33565
4443
16013
61732
13824
9324
33565
4443
30363
61732
20707
50028
40426
5669
64130
50679
25681
58116
46018
5669
64130
50679
14268
9324
15727
4443
64629
61732
32469
21588
8167
39856
65148
62552
60378
60797
8167
56529
65148
22888
60378
60797
8167
56529
65148
10368
57368
53270
8167
47370
65148
24118
60378
21588
36322
39856
63699
62552
53831
33097
36322
39856
63699
62552
53831
57816
36322
41593
63699
37915
42995
33097
36322
41593
63699
38411
42995
33097
36322
39856
63699
62552
42995
33852
46254
50002
45816
55348
53831
33852
51101
50002
45816
55348
53380
9324
8167
4443
65148
62552
60378
43706
15727
9655
64629
18637
32469
43706
15727
21276
64629
18637
32469
18792
15727
9655
64629
19450
32469
9324
33565
4443
64130
61732
25681
9324
59730
6251
16013
61732
13824
9324
60848
6251
16013
61732
6598
9324
33565
4443
16013
61732
13824
9324
33565
4443
30363
61732
20707
50028
40426
5669
64130
50679
25681
58116
46018
5669
64130
50679
14268
9324
15727
4443
64629
61732
32469
21588
8167
39856
65148
62552
60378
60797
8167
56529
65148
22888
60378
60797
8167
56529
65148
10368
57368
53270
8167
47370
65148
24118
60378
21588
36322
39856
63699
62552
53831
33097
36322
39856
63699
62552
53831
57816
36322
41593
63699
37915
42995
33097
36322
41593
63699
38411
42995
33097
36322
39856
63699
62552
42995
33852
46254
50002
45816
55348
53831
33852
51101
50002
45816
55348
53380
9324
8167
4443
65148
62552
60378
43706
15727
9655
64629
18637
32469
43706
15727
21276
64629
18637
32469
18792
15727
9655
64629
19450
32469
9324
33565
4443
64130
61732
25681
9324
59730
6251
16013
61732
13824
9324
60848
6251
16013
61732
6598
9324
33565
4443
16013
61732
13824
9324
33565
4443
30363
61732
20707
50028
40426
5669
64130
50679
25681
58116
46018
5669
64130
50679
14268
9324
15727
4443
64629
61732
32469
21588
8167
39856
65148
62552
60378
60797
8167
56529
65148
22888
60378
60797
8167
56529
65148
10368
57368
53270
8167
47370
65148
24118
60378
21588
36322
39856
63699
62552
53831
33097
36322
39856
63699
62552
53831
57816
36322
41593
63699
37915
42995
33097
36322
41593
63699
38411
42995
33097
36322
39856
63699
62552
42995
33852
46254
50002
45816
55348
53831
33852
51101
50002
45816
55348
53380
9324
8167
4443
65148
62552
60378
43706
15727
9655
64629
18637
32469
43706
15727
21276
64629
18637
32469
18792
15727
9655
64629
19450
32469
9324
33565
4443
64130
61732
25681
9324
59730
6251
16013
61732
13824
9324
60848
6251
16013
61732
6598
9324
33565
4443
16013
61732
13824
9324
33565
4443
30363
61732
20707
50028
40426
5669
64130
50679
25681
58116
46018
5669
64130
50679
14268
9324
15727
4443
64629
61732
32469
21588
8167
39856
65148
62552
60378
60797
8167
56529
65148
22888
60378
60797
8167
56529
65148
10368
57368
53270
8167
47370
65148
24118
60378
21588
36322
39856
63699
62552
53831
33097
36322
39856
63699
62552
53831
57816
36322
41593
63699
37915
42995
33097
36322
41593
63699
38411
42995
33097
36322
39856
63699
62552
42995
33852
46254
50002
45816
55348
53831
33852
51101
50002
45816
55348
53380
9324
8167
4443
65148
62552
60378
43706
15727
9655
64629
18637
32469
43706
15727
21276
64629
18637
32469
18792
15727
9655
64629
19450
32469
9324
33565
4443
64130
61732
25681
9324
59730
6251
16013
61732
13824
9324
60848
6251
16013
61732
6598
9324
33565
4443
16013
61732
13824
9324
33565
4443
30363
61732
20707
50028
40426
5669
64130
50679
25681
58116
46018
5669
64130
50679
14268
9324
15727
4443
64629
61732
32469
21588
8167
39856
65148
62552
60378
60797
8167
56529
65148
22888
60378
60797
8167
56529
65148
10368
57368
53270
8167
47370
65148
24118
60378
21588
36322
39856
63699
62552
53831
33097
36322
39856
63699
62552
53831
57816
36322
41593
63699
37915
42995
33097
36322
41593
63699
38411
42995
33097
36322
39856
63699
62552
42995
33852
46254
50002
45816
55348
53831
33852
51101
50002
45816
55348
53380
9324
8167
4443
65148
62552
60378
43706
15727
9655
64629
18637
32469
43706
15727
21276
64629
18637
32469
18792
15727
9655
64629
19450
32469
9324
33565
4443
64130
61732
25681
9324
59730
6251
16013
61732
13824
9324
60848
6251
16013
61732
6598
9324
33565
4443
16013
61732
13824
9324
33565
4443
30363
61732
20707
50028
40426
5669
64130
50679
25681
58116
46018
5669
64130
50679
14268
9324
15727
4443
64629
61732
32469
21588
8167
39856
65148
62552
60378
60797
8167
56529
65148
22888
60378
60797
8167
56529
65148
10368
57368
53270
8167
47370
65148
24118
60378
21588
36322
39856
63699
62552
53831
33097
36322
39856
63699
62552
53831
57816
36322
41593
63699
37915
42995
33097
36322
41593
63699
38411
42995
33097
36322
39856
63699
62552
42995
33852
46254
50002
45816
55348
53831
33852
51101
50002
45816
55348
53380
9324
8167
4443
65148
62552
60378
43706
15727
9655
64629
18637
32469
43706
15727
21276
64629
18637
32469
18792
15727
9655
64629
19450
32469
9324
33565
4443
64130
61732
25681
9324
59730
6251
16013
61732
13824
9324
60848
6251
16013
61732
6598
9324
33565
4443
16013
61732
13824
9324
33565
4443
30363
61732
20707
50028
40426
5669
64130
50679
25681
58116
46018
5669
64130
50679
14268
9324
15727
4443
64629
61732
32469
21588
8167
39856
65148
62552
60378
60797
8167
56529
65148
22888
60378
60797
8167
56529
65148
10368
57368
53270
8167
47370
65148
24118
60378
21588
36322
39856
63699
62552
53831
33097
36322
39856
63699
62552
53831
57816
36322
41593
63699
37915
42995
33097
36322
41593
63699
38411
42995
33097
36322
39856
63699
62552
42995
33852
46254
50002
45816
55348
53831
33852
51101
50002
45816
55348
53380
9324
8167
4443
65148
62552
60378
43706
15727
9655
64629
18637
32469
43706
15727
21276
64629
18637
32469
18792
15727
9655
64629
19450
32469
9324
33565
4443
64130
61732
25681
9324
59730
6251
16013
61732
13824
9324
60848
6251
16013
61732
6598
9324
33565
4443
16013
61732
13824
9324
33565
4443
30363
61732
20707
50028
40426
5669
64130
50679
25681
58116
46018
5669
64130
50679
14268
9324
15727
4443
64629
61732
32469
21588
8167
39856
65148
62552
60378
60797
8167
56529
65148
22888
60378
60797
8167
56529
65148
10368
57368
53270
8167
47370
65148
24118
60378
21588
36322
39856
63699
62552
53831
33097
36322
39856
63699
62552
53831
57816
36322
41593
63699
37915
42995
33097
36322
41593
63699
38411
42995
33097
36322
39856
63699
62552
42995
33852
46254
50002
45816
55348
53831
33852
51101
50002
45816
55348
53380
9324
8167
4443
65148
62552
60378
43706
15727
9655
64629
18637
32469
43706
15727
21276
64629
18637
32469
18792
15727
9655
64629
19450
32469
9324
33565
4443
64130
61732
25681
9324
59730
6251
16013
61732
13824
9324
60848
6251
16013
61732
6598
9324
33565
4443
16013
61732
13824
9324
33565
4443
30363
61732
20707
50028
40426
5669
64130
50679
25681
58116
46018
5669
64130
50679
14268
9324
15727
4443
64629
61732
32469
21588
8167
39856
65148
62552
60378
60797
8167
56529
65148
22888
60378
60797
8167
56529
65148
10368
57368
53270
8167
47370
65148
24118
60378
21588
36322
39856
63699
62552
53831
33097
36322
39856
63699
62552
53831
57816
36322
41593
63699
37915
42995
33097
36322
41593
63699
38411
42995
33097
36322
39856
63699
62552
42995
33852
46254
50002
45816
55348
53831
33852
51101
50002
45816
55348
53380
9324
8167
4443
65148
62552
60378
43706
15727
9655
64629
18637
32469
43706
15727
21276
64629
18637
32469
18792
15727
9655
64629
19450
32469
9324
33565
4443
64130
61732
25681
9324
59730
6251
16013
61732
13824
9324
60848
6251
16013
61732
6598
9324
33565
4443
16013
61732
13824
9324
33565
4443
30363
61732
20707
50028
40426
5669
64130
50679
25681
58116
46018
5669
64130
50679
14268
9324
15727
4443
64629
61732
32469
21588
8167
39856
65148
62552
60378
60797
8167
56529
65148
22888
60378
60797
8167
56529
65148
10368
57368
53270
8167
47370
65148
24118
60378
21588
36322
39856
63699
62552
53831
33097
36322
39856
63699
62552
53831
57816
36322
41593
63699
37915
42995
33097
36322
41593
63699
38411
42995
33097
36322
39856
63699
62552
42995
33852
46254
50002
45816
55348
53831
33852
51101
50002
45816
55348
53380
0
0
0
30
31
29
9
1
8
15
6
13
9
1
8
9
6
8
3
1
0
15
10
13
18
3
1
21
14
13
18
3
8
21
14
13
18
3
13
21
4
13
3
1
0
21
14
13
7
19
2
29
29
13
8
20
3
13
21
3
7
20
2
13
27
3
7
20
2
13
27
12
21
19
3
29
29
13
21
26
3
23
28
6
21
19
3
26
28
6
3
1
0
29
29
13
0
0
17
30
31
29
0
3
17
12
5
20
17
0
17
30
12
29
17
0
25
30
11
29
17
0
25
24
6
26
0
0
17
30
12
29
3
28
24
20
31
25
0
0
0
30
31
29
9
1
8
15
6
13
9
1
8
9
6
8
3
1
0
15
10
13
18
3
1
21
14
13
18
3
8
21
14
13
18
3
13
21
4
13
3
1
0
21
14
13
7
19
2
29
29
13
8
20
3
13
21
3
7
20
2
13
27
3
7
20
2
13
27
12
21
19
3
29
29
13
21
26
3
23
28
6
21
19
3
26
28
6
3
1
0
29
29
13
0
0
17
30
31
29
0
3
17
12
5
20
17
0
17
30
12
29
17
0
25
30
11
29
17
0
25
24
6
26
0
0
17
30
12
29
3
28
24
20
31
25
0
0
0
30
31
29
9
1
8
15
6
13
9
1
8
9
6
8
3
1
0
15
10
13
18
3
1
21
14
13
18
3
8
21
14
13
18
3
13
21
4
13
3
1
0
21
14
13
7
19
2
29
29
13
8
20
3
13
21
3
7
20
2
13
27
3
7
20
2
13
27
12
21
19
3
29
29
13
21
26
3
23
28
6
21
19
3
26
28
6
3
1
0
29
29
13
0
0
17
30
31
29
0
3
17
12
5
20
17
0
17
30
12
29
17
0
25
30
11
29
17
0
25
24
6
26
0
0
17
30
12
29
3
28
24
20
31
25
0
0
0
30
31
29
9
1
8
15
6
13
9
1
8
9
6
8
3
1
0
15
10
13
18
3
1
21
14
13
18
3
8
21
14
13
18
3
13
21
4
13
3
1
0
21
14
13
7
19
2
29
29
13
8
20
3
13
21
3
7
20
2
13
27
3
7
20
2
13
27
12
21
19
3
29
29
13
21
26
3
23
28
6
21
19
3
26
28
6
3
1
0
29
29
13
0
0
17
30
31
29
0
3
17
12
5
20
17
0
17
30
12
29
17
0
25
30
11
29
17
0
25
24
6
26
0
0
17
30
12
29
3
28
24
20
31
25
0
0
0
30
31
29
9
1
8
15
6
13
9
1
8
9
6
8
3
1
0
15
10
13
18
3
1
21
14
13
18
3
8
21
14
13
18
3
13
21
4
13
3
1
0
21
14
13
7
19
2
29
29
13
8
20
3
13
21
3
7
20
2
13
27
3
7
20
2
13
27
12
21
19
3
29
29
13
21
26
3
23
28
6
21
19
3
26
28
6
3
1
0
29
29
13
0
0
17
30
31
29
0
3
17
12
5
20
17
0
17
30
12
29
17
0
25
30
11
29
17
0
25
24
6
26
0
0
17
30
12
29
3
28
24
20
31
25
0
0
0
30
31
29
9
1
8
15
6
13
9
1
8
9
6
8
3
1
0
15
10
13
18
3
1
21
14
13
18
3
8
21
14
13
18
3
13
21
4
13
3
1
0
21
14
13
7
19
2
29
29
13
8
20
3
13
21
3
7
20
2
13
27
3
7
20
2
13
27
12
21
19
3
29
29
13
21
26
3
23
28
6
21
19
3
26
28
6
3
1
0
29
29
13
0
0
17
30
31
29
0
3
17
12
5
20
17
0
17
30
12
29
17
0
25
30
11
29
17
0
25
24
6
26
0
0
17
30
12
29
3
28
24
20
31
25
0
0
0
30
31
29
9
1
8
15
6
13
9
1
8
9
6
8
3
1
0
15
10
13
18
3
1
21
14
13
18
3
8
21
14
13
18
3
13
21
4
13
3
1
0
21
14
13
7
19
2
29
29
13
8
20
3
13
21
3
7
20
2
13
27
3
7
20
2
13
27
12
21
19
3
29
29
13
21
26
3
23
28
6
21
19
3
26
28
6
3
1
0
29
29
13
0
0
17
30
31
29
0
3
17
12
5
20
17
0
17
30
12
29
17
0
25
30
11
29
17
0
25
24
6
26
0
0
17
30
12
29
3
28
24
20
31
25
0
0
0
30
31
29
9
1
8
15
6
13
9
1
8
9
6
8
3
1
0
15
10
13
18
3
1
21
14
13
18
3
8
21
14
13
18
3
13
21
4
13
3
1
0
21
14
13
7
19
2
29
29
13
8
20
3
13
21
3
7
20
2
13
27
3
7
20
2
13
27
12
21
19
3
29
29
13
21
26
3
23
28
6
21
19
3
26
28
6
3
1
0
29
29
13
0
0
17
30
31
29
0
3
17
12
5
20
17
0
17
30
12
29
17
0
25
30
11
29
17
0
25
24
6
26
0
0
17
30
12
29
3
28
24
20
31
25
0
0
0
30
31
29
9
1
8
15
6
13
9
1
8
9
6
8
3
1
0
15
10
13
18
3
1
21
14
13
18
3
8
21
14
13
18
3
13
21
4
13
3
1
0
21
14
13
7
19
2
29
29
13
8
20
3
13
21
3
7
20
2
13
27
3
7
20
2
13
27
12
21
19
3
29
29
13
21
26
3
23
28
6
21
19
3
26
28
6
3
1
0
29
29
13
0
0
17
30
31
29
0
3
17
12
5
20
17
0
17
30
12
29
17
0
25
30
11
29
17
0
25
24
6
26
0
0
17
30
12
29
3
28
24
20
31
25
0
0
0
30
31
29
9
1
8
15
6
13
9
1
8
9
6
8
3
1
0
15
10
13
18
3
1
21
14
13
18
3
8
21
14
13
18
3
13
21
4
13
3
1
0
21
14
13
7
19
2
29
29
13
8
20
3
13
21
3
7
20
2
13
27
3
7
20
2
13
27
12
21
19
3
29
29
13
21
26
3
23
28
6
21
19
3
26
28
6
3
1
0
29
29
13
0
0
17
30
31
29
0
3
17
12
5
20
17
0
17
30
12
29
17
0
25
30
11
29
17
0
25
24
6
26
0
0
17
30
12
29
3
28
24
20
31
25
0
0
0
30
31
29
9
1
8
15
6
13
9
1
8
9
6
8
3
1
0
15
10
13
18
3
1
21
14
13
18
3
8
21
14
13
18
3
13
21
4
13
3
1
0
21
14
13
7
19
2
29
29
13
8
20
3
13
21
3
7
20
2
13
27
3
7
20
2
13
27
12
21
19
3
29
29
13
21
26
3
23
28
6
21
19
3
26
28
6
3
1
0
29
29
13
0
0
17
30
31
29
0
3
17
12
5
20
17
0
17
30
12
29
17
0
25
30
11
29
17
0
25
24
6
26
0
0
17
30
12
29
3
28
24
20
31
25
0
0
0
30
31
29
9
1
8
15
6
13
9
1
8
9
6
8
3
1
0
15
10
13
18
3
1
21
14
13
18
3
8
21
14
13
18
3
13
21
4
13
3
1
0
21
14
13
7
19
2
29
29
13
8
20
3
13
21
3
7
20
2
13
27
3
7
20
2
13
27
12
21
19
3
29
29
13
21
26
3
23
28
6
21
19
3
26
28
6
3
1
0
29
29
13
0
0
17
30
31
29
0
3
17
12
5
20
17
0
17
30
12
29
17
0
25
30
11
29
17
0
25
24
6
26
0
0
17
30
12
29
3
28
24
20
31
25
2
5
2
31
31
30
4
6
13
6
10
13
4
6
4
29
10
13
3
18
2
25
31
10
3
18
9
6
31
9
16
20
2
25
26
10
16
22
2
19
26
5
3
6
2
29
31
13
2
5
21
31
24
30
3
10
22
10
12
22
3
7
22
10
12
22
18
5
23
27
15
29
18
6
24
27
15
29
20
6
29
27
7
29
18
10
24
24
15
28
20
11
24
23
12
25
18
11
24
23
15
28
3
5
22
27
15
29
2
18
21
31
24
30
2
20
30
12
24
30
21
18
21
31
22
27
21
18
25
31
22
27
30
18
25
31
21
27
2
5
2
31
31
30
4
6
13
6
10
13
4
6
4
29
10
13
3
18
2
25
31
10
3
18
9
6
31
9
16
20
2
25
26
10
16
22
2
19
26
5
3
6
2
29
31
13
2
5
21
31
24
30
3
10
22
10
12
22
3
7
22
10
12
22
18
5
23
27
15
29
18
6
24
27
15
29
20
6
29
27
7
29
18
10
24
24
15
28
20
11
24
23
12
25
18
11
24
23
15
28
3
5
22
27
15
29
2
18
21
31
24
30
2
20
30
12
24
30
21
18
21
31
22
27
21
18
25
31
22
27
30
18
25
31
21
27
2
5
2
31
31
30
4
6
13
6
10
13
4
6
4
29
10
13
3
18
2
25
31
10
3
18
9
6
31
9
16
20
2
25
26
10
16
22
2
19
26
5
3
6
2
29
31
13
2
5
21
31
24
30
3
10
22
10
12
22
3
7
22
10
12
22
18
5
23
27
15
29
18
6
24
27
15
29
20
6
29
27
7
29
18
10
24
24
15
28
20
11
24
23
12
25
18
11
24
23
15
28
3
5
22
27
15
29
2
18
21
31
24
30
2
20
30
12
24
30
21
18
21
31
22
27
21
18
25
31
22
27
30
18
25
31
21
27
2
5
2
31
31
30
4
6
13
6
10
13
4
6
4
29
10
13
3
18
2
25
31
10
3
18
9
6
31
9
16
20
2
25
26
10
16
22
2
19
26
5
3
6
2
29
31
13
2
5
21
31
24
30
3
10
22
10
12
22
3
7
22
10
12
22
18
5
23
27
15
29
18
6
24
27
15
29
20
6
29
27
7
29
18
10
24
24
15
28
20
11
24
23
12
25
18
11
24
23
15
28
3
5
22
27
15
29
2
18
21
31
24
30
2
20
30
12
24
30
21
18
21
31
22
27
21
18
25
31
22
27
30
18
25
31
21
27
2
5
2
31
31
30
4
6
13
6
10
13
4
6
4
29
10
13
3
18
2
25
31
10
3
18
9
6
31
9
16
20
2
25
26
10
16
22
2
19
26
5
3
6
2
29
31
13
2
5
21
31
24
30
3
10
22
10
12
22
3
7
22
10
12
22
18
5
23
27
15
29
18
6
24
27
15
29
20
6
29
27
7
29
18
10
24
24
15
28
20
11
24
23
12
25
18
11
24
23
15
28
3
5
22
27
15
29
2
18
21
31
24
30
2
20
30
12
24
30
21
18
21
31
22
27
21
18
25
31
22
27
30
18
25
31
21
27
2
5
2
31
31
30
4
6
13
6
10
13
4
6
4
29
10
13
3
18
2
25
31
10
3
18
9
6
31
9
16
20
2
25
26
10
16
22
2
19
26
5
3
6
2
29
31
13
2
5
21
31
24
30
3
10
22
10
12
22
3
7
22
10
12
22
18
5
23
27
15
29
18
6
24
27
15
29
20
6
29
27
7
29
18
10
24
24
15
28
20
11
24
23
12
25
18
11
24
23
15
28
3
5
22
27
15
29
2
18
21
31
24
30
2
20
30
12
24
30
21
18
21
31
22
27
21
18
25
31
22
27
30
18
25
31
21
27
2
5
2
31
31
30
4
6
13
6
10
13
4
6
4
29
10
13
3
18
2
25
31
10
3
18
9
6
31
9
16
20
2
25
26
10
16
22
2
19
26
5
3
6
2
29
31
13
2
5
21
31
24
30
3
10
22
10
12
22
3
7
22
10
12
22
18
5
23
27
15
29
18
6
24
27
15
29
20
6
29
27
7
29
18
10
24
24
15
28
20
11
24
23
12
25
18
11
24
23
15
28
3
5
22
27
15
29
2
18
21
31
24
30
2
20
30
12
24
30
21
18
21
31
22
27
21
18
25
31
22
27
30
18
25
31
21
27
2
5
2
31
31
30
4
6
13
6
10
13
4
6
4
29
10
13
3
18
2
25
31
10
3
18
9
6
31
9
16
20
2
25
26
10
16
22
2
19
26
5
3
6
2
29
31
13
2
5
21
31
24
30
3
10
22
10
12
22
3
7
22
10
12
22
18
5
23
27
15
29
18
6
24
27
15
29
20
6
29
27
7
29
18
10
24
24
15
28
20
11
24
23
12
25
18
11
24
23
15
28
3
5
22
27
15
29
2
18
21
31
24
30
2
20
30
12
24
30
21
18
21
31
22
27
21
18
25
31
22
27
30
18
25
31
21
27
2
5
2
31
31
30
4
6
13
6
10
13
4
6
4
29
10
13
3
18
2
25
31
10
3
18
9
6
31
9
16
20
2
25
26
10
16
22
2
19
26
5
3
6
2
29
31
13
2
5
21
31
24
30
3
10
22
10
12
22
3
7
22
10
12
22
18
5
23
27
15
29
18
6
24
27
15
29
20
6
29
27
7
29
18
10
24
24
15
28
20
11
24
23
12
25
18
11
24
23
15
28
3
5
22
27
15
29
2
18
21
31
24
30
2
20
30
12
24
30
21
18
21
31
22
27
21
18
25
31
22
27
30
18
25
31
21
27
2
5
2
31
31
30
4
6
13
6
10
13
4
6
4
29
10
13
3
18
2
25
31
10
3
18
9
6
31
9
16
20
2
25
26
10
16
22
2
19
26
5
3
6
2
29
31
13
2
5
21
31
24
30
3
10
22
10
12
22
3
7
22
10
12
22
18
5
23
27
15
29
18
6
24
27
15
29
20
6
29
27
7
29
18
10
24
24
15
28
20
11
24
23
12
25
18
11
24
23
15
28
3
5
22
27
15
29
2
18
21
31
24
30
2
20
30
12
24
30
21
18
21
31
22
27
21
18
25
31
22
27
30
18
25
31
21
27
2
5
2
31
31
30
4
6
13
6
10
13
4
6
4
29
10
13
3
18
2
25
31
10
3
18
9
6
31
9
16
20
2
25
26
10
16
22
2
19
26
5
3
6
2
29
31
13
2
5
21
31
24
30
3
10
22
10
12
22
3
7
22
10
12
22
18
5
23
27
15
29
18
6
24
27
15
29
20
6
29
27
7
29
18
10
24
24
15
28
20
11
24
23
12
25
18
11
24
23
15
28
3
5
22
27
15
29
2
18
21
31
24
30
2
20
30
12
24
30
21
18
21
31
22
27
21
18
25
31
22
27
30
18
25
31
21
27
2
5
2
31
31
30
4
6
13
6
10
13
4
6
4
29
10
13
3
18
2
25
31
10
3
18
9
6
31
9
16
20
2
25
26
10
16
22
2
19
26
5
3
6
2
29
31
13
2
5
21
31
24
30
3
10
22
10
12
22
3
7
22
10
12
22
18
5
23
27
15
29
18
6
24
27
15
29
20
6
29
27
7
29
18
10
24
24
15
28
20
11
24
23
12
25
18
11
24
23
15
28
3
5
22
27
15
29
2
18
21
31
24
30
2
20
30
12
24
30
21
18
21
31
22
27
21
18
25
31
22
27
30
18
25
31
21
27
55
1696
277
65111
64371
62674
21948
18455
6227
31812
30652
14151
35141
2327
28869
39396
23511
31392
35141
2327
28869
36878
3758
30515
21948
2327
6227
39396
30652
31392
35684
34206
277
50452
64371
29699
43877
34206
277
50452
64371
8261
35684
54895
17940
46913
62322
29699
21948
2327
277
50452
64371
31392
55
1696
33126
65111
56565
62674
29526
19098
41103
31907
26160
48892
55
1696
54445
12417
22519
60568
55
1696
41103
31907
26160
60568
51945
19563
33331
65111
30524
62674
57785
19563
33331
65111
20026
40486
55
1696
33331
65111
30524
62674
1784
37517
33126
64955
56565
58845
7212
46731
33126
18586
47380
36134
1784
46731
33126
18586
56565
36876
33565
37517
47821
64955
52192
58845
33565
37517
49271
64955
52192
58845
52309
37517
50920
64955
44672
58845
33565
37517
50920
64955
47451
58845
55
1696
277
65111
64371
62674
21948
18455
6227
31812
30652
14151
35141
2327
28869
39396
23511
31392
35141
2327
28869
36878
3758
30515
21948
2327
6227
39396
30652
31392
35684
34206
277
50452
64371
29699
43877
34206
277
50452
64371
8261
35684
54895
17940
46913
62322
29699
21948
2327
277
50452
64371
31392
55
1696
33126
65111
56565
62674
29526
19098
41103
31907
26160
48892
55
1696
54445
12417
22519
60568
55
1696
41103
31907
26160
60568
51945
19563
33331
65111
30524
62674
57785
19563
33331
65111
20026
40486
55
1696
33331
65111
30524
62674
1784
37517
33126
64955
56565
58845
7212
46731
33126
18586
47380
36134
1784
46731
33126
18586
56565
36876
33565
37517
47821
64955
52192
58845
33565
37517
49271
64955
52192
58845
52309
37517
50920
64955
44672
58845
33565
37517
50920
64955
47451
58845
55
1696
277
65111
64371
62674
21948
18455
6227
31812
30652
14151
35141
2327
28869
39396
23511
31392
35141
2327
28869
36878
3758
30515
21948
2327
6227
39396
30652
31392
35684
34206
277
50452
64371
29699
43877
34206
277
50452
64371
8261
35684
54895
17940
46913
62322
29699
21948
2327
277
50452
64371
31392
55
1696
33126
65111
56565
62674
29526
19098
41103
31907
26160
48892
55
1696
54445
12417
22519
60568
55
1696
41103
31907
26160
60568
51945
19563
33331
65111
30524
62674
57785
19563
33331
65111
20026
40486
55
1696
33331
65111
30524
62674
1784
37517
33126
64955
56565
58845
7212
46731
33126
18586
47380
36134
1784
46731
33126
18586
56565
36876
33565
37517
47821
64955
52192
58845
33565
37517
49271
64955
52192
58845
52309
37517
50920
64955
44672
58845
33565
37517
50920
64955
47451
58845
55
1696
277
65111
64371
62674
21948
18455
6227
31812
30652
14151
35141
2327
28869
39396
23511
31392
35141
2327
28869
36878
3758
30515
21948
2327
6227
39396
30652
31392
35684
34206
277
50452
64371
29699
43877
34206
277
50452
64371
8261
35684
54895
17940
46913
62322
29699
21948
2327
277
50452
64371
31392
55
1696
33126
65111
56565
62674
29526
19098
41103
31907
26160
48892
55
1696
54445
12417
22519
60568
55
1696
41103
31907
26160
60568
51945
19563
33331
65111
30524
62674
57785
19563
33331
65111
20026
40486
55
1696
33331
65111
30524
62674
1784
37517
33126
64955
56565
58845
7212
46731
33126
18586
47380
36134
1784
46731
33126
18586
56565
36876
33565
37517
47821
64955
52192
58845
33565
37517
49271
64955
52192
58845
52309
37517
50920
64955
44672
58845
33565
37517
50920
64955
47451
58845
55
1696
277
65111
64371
62674
21948
18455
6227
31812
30652
14151
35141
2327
28869
39396
23511
31392
35141
2327
28869
36878
3758
30515
21948
2327
6227
39396
30652
31392
35684
34206
277
50452
64371
29699
43877
34206
277
50452
64371
8261
35684
54895
17940
46913
62322
29699
21948
2327
277
50452
64371
31392
55
1696
33126
65111
56565
62674
29526
19098
41103
31907
26160
48892
55
1696
54445
12417
22519
60568
55
1696
41103
31907
26160
60568
51945
19563
33331
65111
30524
62674
57785
19563
33331
65111
20026
40486
55
1696
33331
65111
30524
62674
1784
37517
33126
64955
56565
58845
7212
46731
33126
18586
47380
36134
1784
46731
33126
18586
56565
36876
33565
37517
47821
64955
52192
58845
33565
37517
49271
64955
52192
58845
52309
37517
50920
64955
44672
58845
33565
37517
50920
64955
47451
58845
55
1696
277
65111
64371
62674
21948
18455
6227
31812
30652
14151
35141
2327
28869
39396
23511
31392
35141
2327
28869
36878
3758
30515
21948
2327
6227
39396
30652
31392
35684
34206
277
50452
64371
29699
43877
34206
277
50452
64371
8261
35684
54895
17940
46913
62322
29699
21948
2327
277
50452
64371
31392
55
1696
33126
65111
56565
62674
29526
19098
41103
31907
26160
48892
55
1696
54445
12417
22519
60568
55
1696
41103
31907
26160
60568
51945
19563
33331
65111
30524
62674
57785
19563
33331
65111
20026
40486
55
1696
33331
65111
30524
62674
1784
37517
33126
64955
56565
58845
7212
46731
33126
18586
47380
36134
1784
46731
33126
18586
56565
36876
33565
37517
47821
64955
52192
58845
33565
37517
49271
64955
52192
58845
52309
37517
50920
64955
44672
58845
33565
37517
50920
64955
47451
58845
55
1696
277
65111
64371
62674
21948
18455
6227
31812
30652
14151
35141
2327
28869
39396
23511
31392
35141
2327
28869
36878
3758
30515
21948
2327
6227
39396
30652
31392
35684
34206
277
50452
64371
29699
43877
34206
277
50452
64371
8261
35684
54895
17940
46913
62322
29699
21948
2327
277
50452
64371
31392
55
1696
33126
65111
56565
62674
29526
19098
41103
31907
26160
48892
55
1696
54445
12417
22519
60568
55
1696
41103
31907
26160
60568
51945
19563
33331
65111
30524
62674
57785
19563
33331
65111
20026
40486
55
1696
33331
65111
30524
62674
1784
37517
33126
64955
56565
58845
7212
46731
33126
18586
47380
36134
1784
46731
33126
18586
56565
36876
33565
37517
47821
64955
52192
58845
33565
37517
49271
64955
52192
58845
52309
37517
50920
64955
44672
58845
33565
37517
50920
64955
47451
58845
55
1696
277
65111
64371
62674
21948
18455
6227
31812
30652
14151
35141
2327
28869
39396
23511
31392
35141
2327
28869
36878
3758
30515
21948
2327
6227
39396
30652
31392
35684
34206
277
50452
64371
29699
43877
34206
277
50452
64371
8261
35684
54895
17940
46913
62322
29699
21948
2327
277
50452
64371
31392
55
1696
33126
65111
56565
62674
29526
19098
41103
31907
26160
48892
55
1696
54445
12417
22519
60568
55
1696
41103
31907
26160
60568
51945
19563
33331
65111
30524
62674
57785
19563
33331
65111
20026
40486
55
1696
33331
65111
30524
62674
1784
37517
33126
64955
56565
58845
7212
46731
33126
18586
47380
36134
1784
46731
33126
18586
56565
36876
33565
37517
47821
64955
52192
58845
33565
37517
49271
64955
52192
58845
52309
37517
50920
64955
44672
58845
33565
37517
50920
64955
47451
58845
55
1696
277
65111
64371
62674
21948
18455
6227
31812
30652
14151
35141
2327
28869
39396
23511
31392
35141
2327
28869
36878
3758
30515
21948
2327
6227
39396
30652
31392
35684
34206
277
50452
64371
29699
43877
34206
277
50452
64371
8261
35684
54895
17940
46913
62322
29699
21948
2327
277
50452
64371
31392
55
1696
33126
65111
56565
62674
29526
19098
41103
31907
26160
48892
55
1696
54445
12417
22519
60568
55
1696
41103
31907
26160
60568
51945
19563
33331
65111
30524
62674
57785
19563
33331
65111
20026
40486
55
1696
33331
65111
30524
62674
1784
37517
33126
64955
56565
58845
7212
46731
33126
18586
47380
36134
1784
46731
33126
18586
56565
36876
33565
37517
47821
64955
52192
58845
33565
37517
49271
64955
52192
58845
52309
37517
50920
64955
44672
58845
33565
37517
50920
64955
47451
58845
55
1696
277
65111
64371
62674
21948
18455
6227
31812
30652
14151
35141
2327
28869
39396
23511
31392
35141
2327
28869
36878
3758
30515
21948
2327
6227
39396
30652
31392
35684
34206
277
50452
64371
29699
43877
34206
277
50452
64371
8261
35684
54895
17940
46913
62322
29699
21948
2327
277
50452
64371
31392
55
1696
33126
65111
56565
62674
29526
19098
41103
31907
26160
48892
55
1696
54445
12417
22519
60568
55
1696
41103
31907
26160
60568
51945
19563
33331
65111
30524
62674
57785
19563
33331
65111
20026
40486
55
1696
33331
65111
30524
62674
1784
37517
33126
64955
56565
58845
7212
46731
33126
18586
47380
36134
1784
46731
33126
18586
56565
36876
33565
37517
47821
64955
52192
58845
33565
37517
49271
64955
52192
58845
52309
37517
50920
64955
44672
58845
33565
37517
50920
64955
47451
58845
55
1696
277
65111
64371
62674
21948
18455
6227
31812
30652
14151
35141
2327
28869
39396
23511
31392
35141
2327
28869
36878
3758
30515
21948
2327
6227
39396
30652
31392
35684
34206
277
50452
64371
29699
43877
34206
277
50452
64371
8261
35684
54895
17940
46913
62322
29699
21948
2327
277
50452
64371
31392
55
1696
33126
65111
56565
62674
29526
19098
41103
31907
26160
48892
55
1696
54445
12417
22519
60568
55
1696
41103
31907
26160
60568
51945
19563
33331
65111
30524
62674
57785
19563
33331
65111
20026
40486
55
1696
33331
65111
30524
62674
1784
37517
33126
64955
56565
58845
7212
46731
33126
18586
47380
36134
1784
46731
33126
18586
56565
36876
33565
37517
47821
64955
52192
58845
33565
37517
49271
64955
52192
58845
52309
37517
50920
64955
44672
58845
33565
37517
50920
64955
47451
58845
55
1696
277
65111
64371
62674
21948
18455
6227
31812
30652
14151
35141
2327
28869
39396
23511
31392
35141
2327
28869
36878
3758
30515
21948
2327
6227
39396
30652
31392
35684
34206
277
50452
64371
29699
43877
34206
277
50452
64371
8261
35684
54895
17940
46913
62322
29699
21948
2327
277
50452
64371
31392
55
1696
33126
65111
56565
62674
29526
19098
41103
31907
26160
48892
55
1696
54445
12417
22519
60568
55
1696
41103
31907
26160
60568
51945
19563
33331
65111
30524
62674
57785
19563
33331
65111
20026
40486
55
1696
33331
65111
30524
62674
1784
37517
33126
64955
56565
58845
7212
46731
33126
18586
47380
36134
1784
46731
33126
18586
56565
36876
33565
37517
47821
64955
52192
58845
33565
37517
49271
64955
52192
58845
52309
37517
50920
64955
44672
58845
33565
37517
50920
64955
47451
58845
2
0
0
31
31
31
2
3
0
2
12
6
11
11
10
15
13
14
2
3
0
15
13
14
30
0
8
31
4
11
2
0
0
31
13
14
6
19
2
30
31
14
6
28
2
12
31
5
6
19
2
15
31
13
28
19
7
30
26
14
2
0
0
31
31
14
2
2
16
31
31
31
16
2
18
31
4
23
11
2
18
31
9
27
2
16
16
31
31
31
2
20
16
9
21
20
2
20
16
9
30
20
2
20
16
13
31
31
16
16
21
31
27
31
16
16
27
31
27
31
17
16
29
21
17
31
16
16
27
21
21
31
21
26
29
31
27
30
2
0
0
31
31
31
2
3
0
2
12
6
11
11
10
15
13
14
2
3
0
15
13
14
30
0
8
31
4
11
2
0
0
31
13
14
6
19
2
30
31
14
6
28
2
12
31
5
6
19
2
15
31
13
28
19
7
30
26
14
2
0
0
31
31
14
2
2
16
31
31
31
16
2
18
31
4
23
11
2
18
31
9
27
2
16
16
31
31
31
2
20
16
9
21
20
2
20
16
9
30
20
2
20
16
13
31
31
16
16
21
31
27
31
16
16
27
31
27
31
17
16
29
21
17
31
16
16
27
21
21
31
21
26
29
31
27
30
2
0
0
31
31
31
2
3
0
2
12
6
11
11
10
15
13
14
2
3
0
15
13
14
30
0
8
31
4
11
2
0
0
31
13
14
6
19
2
30
31
14
6
28
2
12
31
5
6
19
2
15
31
13
28
19
7
30
26
14
2
0
0
31
31
14
2
2
16
31
31
31
16
2
18
31
4
23
11
2
18
31
9
27
2
16
16
31
31
31
2
20
16
9
21
20
2
20
16
9
30
20
2
20
16
13
31
31
16
16
21
31
27
31
16
16
27
31
27
31
17
16
29
21
17
31
16
16
27
21
21
31
21
26
29
31
27
30
2
0
0
31
31
31
2
3
0
2
12
6
11
11
10
15
13
14
2
3
0
15
13
14
30
0
8
31
4
11
2
0
0
31
13
14
6
19
2
30
31
14
6
28
2
12
31
5
6
19
2
15
31
13
28
19
7
30
26
14
2
0
0
31
31
14
2
2
16
31
31
31
16
2
18
31
4
23
11
2
18
31
9
27
2
16
16
31
31
31
2
20
16
9
21
20
2
20
16
9
30
20
2
20
16
13
31
31
16
16
21
31
27
31
16
16
27
31
27
31
17
16
29
21
17
31
16
16
27
21
21
31
21
26
29
31
27
30
2
0
0
31
31
31
2
3
0
2
12
6
11
11
10
15
13
14
2
3
0
15
13
14
30
0
8
31
4
11
2
0
0
31
13
14
6
19
2
30
31
14
6
28
2
12
31
5
6
19
2
15
31
13
28
19
7
30
26
14
2
0
0
31
31
14
2
2
16
31
31
31
16
2
18
31
4
23
11
2
18
31
9
27
2
16
16
31
31
31
2
20
16
9
21
20
2
20
16
9
30
20
2
20
16
13
31
31
16
16
21
31
27
31
16
16
27
31
27
31
17
16
29
21
17
31
16
16
27
21
21
31
21
26
29
31
27
30
2
0
0
31
31
31
2
3
0
2
12
6
11
11
10
15
13
14
2
3
0
15
13
14
30
0
8
31
4
11
2
0
0
31
13
14
6
19
2
30
31
14
6
28
2
12
31
5
6
19
2
15
31
13
28
19
7
30
26
14
2
0
0
31
31
14
2
2
16
31
31
31
16
2
18
31
4
23
11
2
18
31
9
27
2
16
16
31
31
31
2
20
16
9
21
20
2
20
16
9
30
20
2
20
16
13
31
31
16
16
21
31
27
31
16
16
27
31
27
31
17
16
29
21
17
31
16
16
27
21
21
31
21
26
29
31
27
30
2
0
0
31
31
31
2
3
0
2
12
6
11
11
10
15
13
14
2
3
0
15
13
14
30
0
8
31
4
11
2
0
0
31
13
14
6
19
2
30
31
14
6
28
2
12
31
5
6
19
2
15
31
13
28
19
7
30
26
14
2
0
0
31
31
14
2
2
16
31
31
31
16
2
18
31
4
23
11
2
18
31
9
27
2
16
16
31
31
31
2
20
16
9
21
20
2
20
16
9
30
20
2
20
16
13
31
31
16
16
21
31
27
31
16
16
27
31
27
31
17
16
29
21
17
31
16
16
27
21
21
31
21
26
29
31
27
30
2
0
0
31
31
31
2
3
0
2
12
6
11
11
10
15
13
14
2
3
0
15
13
14
30
0
8
31
4
11
2
0
0
31
13
14
6
19
2
30
31
14
6
28
2
12
31
5
6
19
2
15
31
13
28
19
7
30
26
14
2
0
0
31
31
14
2
2
16
31
31
31
16
2
18
31
4
23
11
2
18
31
9
27
2
16
16
31
31
31
2
20
16
9
21
20
2
20
16
9
30
20
2
20
16
13
31
31
16
16
21
31
27
31
16
16
27
31
27
31
17
16
29
21
17
31
16
16
27
21
21
31
21
26
29
31
27
30
2
0
0
31
31
31
2
3
0
2
12
6
11
11
10
15
13
14
2
3
0
15
13
14
30
0
8
31
4
11
2
0
0
31
13
14
6
19
2
30
31
14
6
28
2
12
31
5
6
19
2
15
31
13
28
19
7
30
26
14
2
0
0
31
31
14
2
2
16
31
31
31
16
2
18
31
4
23
11
2
18
31
9
27
2
16
16
31
31
31
2
20
16
9
21
20
2
20
16
9
30
20
2
20
16
13
31
31
16
16
21
31
27
31
16
16
27
31
27
31
17
16
29
21
17
31
16
16
27
21
21
31
21
26
29
31
27
30
2
0
0
31
31
31
2
3
0
2
12
6
11
11
10
15
13
14
2
3
0
15
13
14
30
0
8
31
4
11
2
0
0
31
13
14
6
19
2
30
31
14
6
28
2
12
31
5
6
19
2
15
31
13
28
19
7
30
26
14
2
0
0
31
31
14
2
2
16
31
31
31
16
2
18
31
4
23
11
2
18
31
9
27
2
16
16
31
31
31
2
20
16
9
21
20
2
20
16
9
30
20
2
20
16
13
31
31
16
16
21
31
27
31
16
16
27
31
27
31
17
16
29
21
17
31
16
16
27
21
21
31
21
26
29
31
27
30
2
0
0
31
31
31
2
3
0
2
12
6
11
11
10
15
13
14
2
3
0
15
13
14
30
0
8
31
4
11
2
0
0
31
13
14
6
19
2
30
31
14
6
28
2
12
31
5
6
19
2
15
31
13
28
19
7
30
26
14
2
0
0
31
31
14
2
2
16
31
31
31
16
2
18
31
4
23
11
2
18
31
9
27
2
16
16
31
31
31
2
20
16
9
21
20
2
20
16
9
30
20
2
20
16
13
31
31
16
16
21
31
27
31
16
16
27
31
27
31
17
16
29
21
17
31
16
16
27
21
21
31
21
26
29
31
27
30
2
0
0
31
31
31
2
3
0
2
12
6
11
11
10
15
13
14
2
3
0
15
13
14
30
0
8
31
4
11
2
0
0
31
13
14
6
19
2
30
31
14
6
28
2
12
31
5
6
19
2
15
31
13
28
19
7
30
26
14
2
0
0
31
31
14
2
2
16
31
31
31
16
2
18
31
4
23
11
2
18
31
9
27
2
16
16
31
31
31
2
20
16
9
21
20
2
20
16
9
30
20
2
20
16
13
31
31
16
16
21
31
27
31
16
16
27
31
27
31
17
16
29
21
17
31
16
16
27
21
21
31
21
26
29
31
27
30
0
0
0
31
31
31
2
11
0
10
12
6
2
11
0
7
12
4
2
0
0
10
12
6
2
0
0
10
12
13
25
11
8
25
14
14
2
0
0
25
14
14
22
16
0
23
21
14
23
16
0
23
17
1
2
0
0
25
21
14
0
0
18
31
31
31
1
0
18
9
15
23
25
0
20
31
8
22
1
0
18
31
15
23
0
17
19
29
31
31
0
17
24
13
30
31
0
17
24
3
20
31
0
17
24
13
20
31
0
17
19
13
30
31
18
17
19
29
31
30
18
17
19
27
18
21
18
17
19
29
31
22
23
25
25
27
29
30
0
0
0
31
31
31
2
11
0
10
12
6
2
11
0
7
12
4
2
0
0
10
12
6
2
0
0
10
12
13
25
11
8
25
14
14
2
0
0
25
14
14
22
16
0
23
21
14
23
16
0
23
17
1
2
0
0
25
21
14
0
0
18
31
31
31
1
0
18
9
15
23
25
0
20
31
8
22
1
0
18
31
15
23
0
17
19
29
31
31
0
17
24
13
30
31
0
17
24
3
20
31
0
17
24
13
20
31
0
17
19
13
30
31
18
17
19
29
31
30
18
17
19
27
18
21
18
17
19
29
31
22
23
25
25
27
29
30
0
0
0
31
31
31
2
11
0
10
12
6
2
11
0
7
12
4
2
0
0
10
12
6
2
0
0
10
12
13
25
11
8
25
14
14
2
0
0
25
14
14
22
16
0
23
21
14
23
16
0
23
17
1
2
0
0
25
21
14
0
0
18
31
31
31
1
0
18
9
15
23
25
0
20
31
8
22
1
0
18
31
15
23
0
17
19
29
31
31
0
17
24
13
30
31
0
17
24
3
20
31
0
17
24
13
20
31
0
17
19
13
30
31
18
17
19
29
31
30
18
17
19
27
18
21
18
17
19
29
31
22
23
25
25
27
29
30
0
0
0
31
31
31
2
11
0
10
12
6
2
11
0
7
12
4
2
0
0
10
12
6
2
0
0
10
12
13
25
11
8
25
14
14
2
0
0
25
14
14
22
16
0
23
21
14
23
16
0
23
17
1
2
0
0
25
21
14
0
0
18
31
31
31
1
0
18
9
15
23
25
0
20
31
8
22
1
0
18
31
15
23
0
17
19
29
31
31
0
17
24
13
30
31
0
17
24
3
20
31
0
17
24
13
20
31
0
17
19
13
30
31
18
17
19
29
31
30
18
17
19
27
18
21
18
17
19
29
31
22
23
25
25
27
29
30
0
0
0
31
31
31
2
11
0
10
12
6
2
11
0
7
12
4
2
0
0
10
12
6
2
0
0
10
12
13
25
11
8
25
14
14
2
0
0
25
14
14
22
16
0
23
21
14
23
16
0
23
17
1
2
0
0
25
21
14
0
0
18
31
31
31
1
0
18
9
15
23
25
0
20
31
8
22
1
0
18
31
15
23
0
17
19
29
31
31
0
17
24
13
30
31
0
17
24
3
20
31
0
17
24
13
20
31
0
17
19
13
30
31
18
17
19
29
31
30
18
17
19
27
18
21
18
17
19
29
31
22
23
25
25
27
29
30
0
0
0
31
31
31
2
11
0
10
12
6
2
11
0
7
12
4
2
0
0
10
12
6
2
0
0
10
12
13
25
11
8
25
14
14
2
0
0
25
14
14
22
16
0
23
21
14
23
16
0
23
17
1
2
0
0
25
21
14
0
0
18
31
31
31
1
0
18
9
15
23
25
0
20
31
8
22
1
0
18
31
15
23
0
17
19
29
31
31
0
17
24
13
30
31
0
17
24
3
20
31
0
17
24
13
20
31
0
17
19
13
30
31
18
17
19
29
31
30
18
17
19
27
18
21
18
17
19
29
31
22
23
25
25
27
29
30
0
0
0
31
31
31
2
11
0
10
12
6
2
11
0
7
12
4
2
0
0
10
12
6
2
0
0
10
12
13
25
11
8
25
14
14
2
0
0
25
14
14
22
16
0
23
21
14
23
16
0
23
17
1
2
0
0
25
21
14
0
0
18
31
31
31
1
0
18
9
15
23
25
0
20
31
8
22
1
0
18
31
15
23
0
17
19
29
31
31
0
17
24
13
30
31
0
17
24
3
20
31
0
17
24
13
20
31
0
17
19
13
30
31
18
17
19
29
31
30
18
17
19
27
18
21
18
17
19
29
31
22
23
25
25
27
29
30
0
0
0
31
31
31
2
11
0
10
12
6
2
11
0
7
12
4
2
0
0
10
12
6
2
0
0
10
12
13
25
11
8
25
14
14
2
0
0
25
14
14
22
16
0
23
21
14
23
16
0
23
17
1
2
0
0
25
21
14
0
0
18
31
31
31
1
0
18
9
15
23
25
0
20
31
8
22
1
0
18
31
15
23
0
17
19
29
31
31
0
17
24
13
30
31
0
17
24
3
20
31
0
17
24
13
20
31
0
17
19
13
30
31
18
17
19
29
31
30
18
17
19
27
18
21
18
17
19
29
31
22
23
25
25
27
29
30
0
0
0
31
31
31
2
11
0
10
12
6
2
11
0
7
12
4
2
0
0
10
12
6
2
0
0
10
12
13
25
11
8
25
14
14
2
0
0
25
14
14
22
16
0
23
21
14
23
16
0
23
17
1
2
0
0
25
21
14
0
0
18
31
31
31
1
0
18
9
15
23
25
0
20
31
8
22
1
0
18
31
15
23
0
17
19
29
31
31
0
17
24
13
30
31
0
17
24
3
20
31
0
17
24
13
20
31
0
17
19
13
30
31
18
17
19
29
31
30
18
17
19
27
18
21
18
17
19
29
31
22
23
25
25
27
29
30
0
0
0
31
31
31
2
11
0
10
12
6
2
11
0
7
12
4
2
0
0
10
12
6
2
0
0
10
12
13
25
11
8
25
14
14
2
0
0
25
14
14
22
16
0
23
21
14
23
16
0
23
17
1
2
0
0
25
21
14
0
0
18
31
31
31
1
0
18
9
15
23
25
0
20
31
8
22
1
0
18
31
15
23
0
17
19
29
31
31
0
17
24
13
30
31
0
17
24
3
20
31
0
17
24
13
20
31
0
17
19
13
30
31
18
17
19
29
31
30
18
17
19
27
18
21
18
17
19
29
31
22
23
25
25
27
29
30
0
0
0
31
31
31
2
11
0
10
12
6
2
11
0
7
12
4
2
0
0
10
12
6
2
0
0
10
12
13
25
11
8
25
14
14
2
0
0
25
14
14
22
16
0
23
21
14
23
16
0
23
17
1
2
0
0
25
21
14
0
0
18
31
31
31
1
0
18
9
15
23
25
0
20
31
8
22
1
0
18
31
15
23
0
17
19
29
31
31
0
17
24
13
30
31
0
17
24
3
20
31
0
17
24
13
20
31
0
17
19
13
30
31
18
17
19
29
31
30
18
17
19
27
18
21
18
17
19
29
31
22
23
25
25
27
29
30
0
0
0
31
31
31
2
11
0
10
12
6
2
11
0
7
12
4
2
0
0
10
12
6
2
0
0
10
12
13
25
11
8
25
14
14
2
0
0
25
14
14
22
16
0
23
21
14
23
16
0
23
17
1
2
0
0
25
21
14
0
0
18
31
31
31
1
0
18
9
15
23
25
0
20
31
8
22
1
0
18
31
15
23
0
17
19
29
31
31
0
17
24
13
30
31
0
17
24
3
20
31
0
17
24
13
20
31
0
17
19
13
30
31
18
17
19
29
31
30
18
17
19
27
18
21
18
17
19
29
31
22
23
25
25
27
29
30
450
1857
2658
56054
61522
61063
2037
22153
8804
3927
28858
11483
2037
18053
5448
6519
28858
11483
2037
5443
5448
44186
28858
11483
8477
46496
2658
47240
61522
31823
8477
46496
20683
23461
61522
31823
8546
46496
20683
21792
49034
24693
8477
51231
29490
23461
61522
31823
8477
46496
5374
30338
61522
31823
2037
5443
2658
47240
61522
31823
450
1857
35597
56054
58212
61063
20717
3700
46702
22854
12556
49000
450
1857
46351
22854
12556
49000
2067
5307
51794
26646
31046
55906
2067
18115
52878
26646
31046
55906
2067
18115
52878
12420
25573
55906
450
1857
46351
26646
31046
55906
46146
8618
40297
56054
29379
56038
450
1857
40297
56054
31046
56038
7379
41514
35597
55638
58212
61063
7379
41514
35597
9262
46566
47598
7379
41514
35597
25235
57494
47598
7379
41514
35597
25947
57494
61063
450
1857
2658
56054
61522
61063
2037
22153
8804
3927
28858
11483
2037
18053
5448
6519
28858
11483
2037
5443
5448
44186
28858
11483
8477
46496
2658
47240
61522
31823
8477
46496
20683
23461
61522
31823
8546
46496
20683
21792
49034
24693
8477
51231
29490
23461
61522
31823
8477
46496
5374
30338
61522
31823
2037
5443
2658
47240
61522
31823
450
1857
35597
56054
58212
61063
20717
3700
46702
22854
12556
49000
450
1857
46351
22854
12556
49000
2067
5307
51794
26646
31046
55906
2067
18115
52878
26646
31046
55906
2067
18115
52878
12420
25573
55906
450
1857
46351
26646
31046
55906
46146
8618
40297
56054
29379
56038
450
1857
40297
56054
31046
56038
7379
41514
35597
55638
58212
61063
7379
41514
35597
9262
46566
47598
7379
41514
35597
25235
57494
47598
7379
41514
35597
25947
57494
61063
450
1857
2658
56054
61522
61063
2037
22153
8804
3927
28858
11483
2037
18053
5448
6519
28858
11483
2037
5443
5448
44186
28858
11483
8477
46496
2658
47240
61522
31823
8477
46496
20683
23461
61522
31823
8546
46496
20683
21792
49034
24693
8477
51231
29490
23461
61522
31823
8477
46496
5374
30338
61522
31823
2037
5443
2658
47240
61522
31823
450
1857
35597
56054
58212
61063
20717
3700
46702
22854
12556
49000
450
1857
46351
22854
12556
49000
2067
5307
51794
26646
31046
55906
2067
18115
52878
26646
31046
55906
2067
18115
52878
12420
25573
55906
450
1857
46351
26646
31046
55906
46146
8618
40297
56054
29379
56038
450
1857
40297
56054
31046
56038
7379
41514
35597
55638
58212
61063
7379
41514
35597
9262
46566
47598
7379
41514
35597
25235
57494
47598
7379
41514
35597
25947
57494
61063
450
1857
2658
56054
61522
61063
2037
22153
8804
3927
28858
11483
2037
18053
5448
6519
28858
11483
2037
5443
5448
44186
28858
11483
8477
46496
2658
47240
61522
31823
8477
46496
20683
23461
61522
31823
8546
46496
20683
21792
49034
24693
8477
51231
29490
23461
61522
31823
8477
46496
5374
30338
61522
31823
2037
5443
2658
47240
61522
31823
450
1857
35597
56054
58212
61063
20717
3700
46702
22854
12556
49000
450
1857
46351
22854
12556
49000
2067
5307
51794
26646
31046
55906
2067
18115
52878
26646
31046
55906
2067
18115
52878
12420
25573
55906
450
1857
46351
26646
31046
55906
46146
8618
40297
56054
29379
56038
450
1857
40297
56054
31046
56038
7379
41514
35597
55638
58212
61063
7379
41514
35597
9262
46566
47598
7379
41514
35597
25235
57494
47598
7379
41514
35597
25947
57494
61063
450
1857
2658
56054
61522
61063
2037
22153
8804
3927
28858
11483
2037
18053
5448
6519
28858
11483
2037
5443
5448
44186
28858
11483
8477
46496
2658
47240
61522
31823
8477
46496
20683
23461
61522
31823
8546
46496
20683
21792
49034
24693
8477
51231
29490
23461
61522
31823
8477
46496
5374
30338
61522
31823
2037
5443
2658
47240
61522
31823
450
1857
35597
56054
58212
61063
20717
3700
46702
22854
12556
49000
450
1857
46351
22854
12556
49000
2067
5307
51794
26646
31046
55906
2067
18115
52878
26646
31046
55906
2067
18115
52878
12420
25573
55906
450
1857
46351
26646
31046
55906
46146
8618
40297
56054
29379
56038
450
1857
40297
56054
31046
56038
7379
41514
35597
55638
58212
61063
7379
41514
35597
9262
46566
47598
7379
41514
35597
25235
57494
47598
7379
41514
35597
25947
57494
61063
450
1857
2658
56054
61522
61063
2037
22153
8804
3927
28858
11483
2037
18053
5448
6519
28858
11483
2037
5443
5448
44186
28858
11483
8477
46496
2658
47240
61522
31823
8477
46496
20683
23461
61522
31823
8546
46496
20683
21792
49034
24693
8477
51231
29490
23461
61522
31823
8477
46496
5374
30338
61522
31823
2037
5443
2658
47240
61522
31823
450
1857
35597
56054
58212
61063
20717
3700
46702
22854
12556
49000
450
1857
46351
22854
12556
49000
2067
5307
51794
26646
31046
55906
2067
18115
52878
26646
31046
55906
2067
18115
52878
12420
25573
55906
450
1857
46351
26646
31046
55906
46146
8618
40297
56054
29379
56038
450
1857
40297
56054
31046
56038
7379
41514
35597
55638
58212
61063
7379
41514
35597
9262
46566
47598
7379
41514
35597
25235
57494
47598
7379
41514
35597
25947
57494
61063
450
1857
2658
56054
61522
61063
2037
22153
8804
3927
28858
11483
2037
18053
5448
6519
28858
11483
2037
5443
5448
44186
28858
11483
8477
46496
2658
47240
61522
31823
8477
46496
20683
23461
61522
31823
8546
46496
20683
21792
49034
24693
8477
51231
29490
23461
61522
31823
8477
46496
5374
30338
61522
31823
2037
5443
2658
47240
61522
31823
450
1857
35597
56054
58212
61063
20717
3700
46702
22854
12556
49000
450
1857
46351
22854
12556
49000
2067
5307
51794
26646
31046
55906
2067
18115
52878
26646
31046
55906
2067
18115
52878
12420
25573
55906
450
1857
46351
26646
31046
55906
46146
8618
40297
56054
29379
56038
450
1857
40297
56054
31046
56038
7379
41514
35597
55638
58212
61063
7379
41514
35597
9262
46566
47598
7379
41514
35597
25235
57494
47598
7379
41514
35597
25947
57494
61063
450
1857
2658
56054
61522
61063
2037
22153
8804
3927
28858
11483
2037
18053
5448
6519
28858
11483
2037
5443
5448
44186
28858
11483
8477
46496
2658
47240
61522
31823
8477
46496
20683
23461
61522
31823
8546
46496
20683
21792
49034
24693
8477
51231
29490
23461
61522
31823
8477
46496
5374
30338
61522
31823
2037
5443
2658
47240
61522
31823
450
1857
35597
56054
58212
61063
20717
3700
46702
22854
12556
49000
450
1857
46351
22854
12556
49000
2067
5307
51794
26646
31046
55906
2067
18115
52878
26646
31046
55906
2067
18115
52878
12420
25573
55906
450
1857
46351
26646
31046
55906
46146
8618
40297
56054
29379
56038
450
1857
40297
56054
31046
56038
7379
41514
35597
55638
58212
61063
7379
41514
35597
9262
46566
47598
7379
41514
35597
25235
57494
47598
7379
41514
35597
25947
57494
61063
450
1857
2658
56054
61522
61063
2037
22153
8804
3927
28858
11483
2037
18053
5448
6519
28858
11483
2037
5443
5448
44186
28858
11483
8477
46496
2658
47240
61522
31823
8477
46496
20683
23461
61522
31823
8546
46496
20683
21792
49034
24693
8477
51231
29490
23461
61522
31823
8477
46496
5374
30338
61522
31823
2037
5443
2658
47240
61522
31823
450
1857
35597
56054
58212
61063
20717
3700
46702
22854
12556
49000
450
1857
46351
22854
12556
49000
2067
5307
51794
26646
31046
55906
2067
18115
52878
26646
31046
55906
2067
18115
52878
12420
25573
55906
450
1857
46351
26646
31046
55906
46146
8618
40297
56054
29379
56038
450
1857
40297
56054
31046
56038
7379
41514
35597
55638
58212
61063
7379
41514
35597
9262
46566
47598
7379
41514
35597
25235
57494
47598
7379
41514
35597
25947
57494
61063
450
1857
2658
56054
61522
61063
2037
22153
8804
3927
28858
11483
2037
18053
5448
6519
28858
11483
2037
5443
5448
44186
28858
11483
8477
46496
2658
47240
61522
31823
8477
46496
20683
23461
61522
31823
8546
46496
20683
21792
49034
24693
8477
51231
29490
23461
61522
31823
8477
46496
5374
30338
61522
31823
2037
5443
2658
47240
61522
31823
450
1857
35597
56054
58212
61063
20717
3700
46702
22854
12556
49000
450
1857
46351
22854
12556
49000
2067
5307
51794
26646
31046
55906
2067
18115
52878
26646
31046
55906
2067
18115
52878
12420
25573
55906
450
1857
46351
26646
31046
55906
46146
8618
40297
56054
29379
56038
450
1857
40297
56054
31046
56038
7379
41514
35597
55638
58212
61063
7379
41514
35597
9262
46566
47598
7379
41514
35597
25235
57494
47598
7379
41514
35597
25947
57494
61063
450
1857
2658
56054
61522
61063
2037
22153
8804
3927
28858
11483
2037
18053
5448
6519
28858
11483
2037
5443
5448
44186
28858
11483
8477
46496
2658
47240
61522
31823
8477
46496
20683
23461
61522
31823
8546
46496
20683
21792
49034
24693
8477
51231
29490
23461
61522
31823
8477
46496
5374
30338
61522
31823
2037
5443
2658
47240
61522
31823
450
1857
35597
56054
58212
61063
20717
3700
46702
22854
12556
49000
450
1857
46351
22854
12556
49000
2067
5307
51794
26646
31046
55906
2067
18115
52878
26646
31046
55906
2067
18115
52878
12420
25573
55906
450
1857
46351
26646
31046
55906
46146
8618
40297
56054
29379
56038
450
1857
40297
56054
31046
56038
7379
41514
35597
55638
58212
61063
7379
41514
35597
9262
46566
47598
7379
41514
35597
25235
57494
47598
7379
41514
35597
25947
57494
61063
450
1857
2658
56054
61522
61063
2037
22153
8804
3927
28858
11483
2037
18053
5448
6519
28858
11483
2037
5443
5448
44186
28858
11483
8477
46496
2658
47240
61522
31823
8477
46496
20683
23461
61522
31823
8546
46496
20683
21792
49034
24693
8477
51231
29490
23461
61522
31823
8477
46496
5374
30338
61522
31823
2037
5443
2658
47240
61522
31823
450
1857
35597
56054
58212
61063
20717
3700
46702
22854
12556
49000
450
1857
46351
22854
12556
49000
2067
5307
51794
26646
31046
55906
2067
18115
52878
26646
31046
55906
2067
18115
52878
12420
25573
55906
450
1857
46351
26646
31046
55906
46146
8618
40297
56054
29379
56038
450
1857
40297
56054
31046
56038
7379
41514
35597
55638
58212
61063
7379
41514
35597
9262
46566
47598
7379
41514
35597
25235
57494
47598
7379
41514
35597
25947
57494
61063
1
0
1
30
31
31
4
4
1
4
12
4
1
0
11
9
14
11
1
0
1
9
14
11
18
3
8
30
14
10
18
3
8
30
3
10
1
0
1
30
14
11
4
16
1
29
31
14
18
20
1
29
31
14
18
20
3
21
22
5
19
29
1
29
30
2
18
20
1
29
30
5
1
0
1
30
31
14
2
0
16
21
28
31
3
0
16
5
7
17
2
0
16
5
7
22
2
0
16
13
7
22
2
0
16
13
10
22
2
3
26
11
15
28
8
3
26
11
7
27
2
3
26
11
7
28
2
0
16
13
15
28
2
0
16
21
15
31
1
0
1
30
31
31
4
4
1
4
12
4
1
0
11
9
14
11
1
0
1
9
14
11
18
3
8
30
14
10
18
3
8
30
3
10
1
0
1
30
14
11
4
16
1
29
31
14
18
20
1
29
31
14
18
20
3
21
22
5
19
29
1
29
30
2
18
20
1
29
30
5
1
0
1
30
31
14
2
0
16
21
28
31
3
0
16
5
7
17
2
0
16
5
7
22
2
0
16
13
7
22
2
0
16
13
10
22
2
3
26
11
15
28
8
3
26
11
7
27
2
3
26
11
7
28
2
0
16
13
15
28
2
0
16
21
15
31
1
0
1
30
31
31
4
4
1
4
12
4
1
0
11
9
14
11
1
0
1
9
14
11
18
3
8
30
14
10
18
3
8
30
3
10
1
0
1
30
14
11
4
16
1
29
31
14
18
20
1
29
31
14
18
20
3
21
22
5
19
29
1
29
30
2
18
20
1
29
30
5
1
0
1
30
31
14
2
0
16
21
28
31
3
0
16
5
7
17
2
0
16
5
7
22
2
0
16
13
7
22
2
0
16
13
10
22
2
3
26
11
15
28
8
3
26
11
7
27
2
3
26
11
7
28
2
0
16
13
15
28
2
0
16
21
15
31
1
0
1
30
31
31
4
4
1
4
12
4
1
0
11
9
14
11
1
0
1
9
14
11
18
3
8
30
14
10
18
3
8
30
3
10
1
0
1
30
14
11
4
16
1
29
31
14
18
20
1
29
31
14
18
20
3
21
22
5
19
29
1
29
30
2
18
20
1
29
30
5
1
0
1
30
31
14
2
0
16
21
28
31
3
0
16
5
7
17
2
0
16
5
7
22
2
0
16
13
7
22
2
0
16
13
10
22
2
3
26
11
15
28
8
3
26
11
7
27
2
3
26
11
7
28
2
0
16
13
15
28
2
0
16
21
15
31
1
0
1
30
31
31
4
4
1
4
12
4
1
0
11
9
14
11
1
0
1
9
14
11
18
3
8
30
14
10
18
3
8
30
3
10
1
0
1
30
14
11
4
16
1
29
31
14
18
20
1
29
31
14
18
20
3
21
22
5
19
29
1
29
30
2
18
20
1
29
30
5
1
0
1
30
31
14
2
0
16
21
28
31
3
0
16
5
7
17
2
0
16
5
7
22
2
0
16
13
7
22
2
0
16
13
10
22
2
3
26
11
15
28
8
3
26
11
7
27
2
3
26
11
7
28
2
0
16
13
15
28
2
0
16
21
15
31
1
0
1
30
31
31
4
4
1
4
12
4
1
0
11
9
14
11
1
0
1
9
14
11
18
3
8
30
14
10
18
3
8
30
3
10
1
0
1
30
14
11
4
16
1
29
31
14
18
20
1
29
31
14
18
20
3
21
22
5
19
29
1
29
30
2
18
20
1
29
30
5
1
0
1
30
31
14
2
0
16
21
28
31
3
0
16
5
7
17
2
0
16
5
7
22
2
0
16
13
7
22
2
0
16
13
10
22
2
3
26
11
15
28
8
3
26
11
7
27
2
3
26
11
7
28
2
0
16
13
15
28
2
0
16
21
15
31
1
0
1
30
31
31
4
4
1
4
12
4
1
0
11
9
14
11
1
0
1
9
14
11
18
3
8
30
14
10
18
3
8
30
3
10
1
0
1
30
14
11
4
16
1
29
31
14
18
20
1
29
31
14
18
20
3
21
22
5
19
29
1
29
30
2
18
20
1
29
30
5
1
0
1
30
31
14
2
0
16
21
28
31
3
0
16
5
7
17
2
0
16
5
7
22
2
0
16
13
7
22
2
0
16
13
10
22
2
3
26
11
15
28
8
3
26
11
7
27
2
3
26
11
7
28
2
0
16
13
15
28
2
0
16
21
15
31
1
0
1
30
31
31
4
4
1
4
12
4
1
0
11
9
14
11
1
0
1
9
14
11
18
3
8
30
14
10
18
3
8
30
3
10
1
0
1
30
14
11
4
16
1
29
31
14
18
20
1
29
31
14
18
20
3
21
22
5
19
29
1
29
30
2
18
20
1
29
30
5
1
0
1
30
31
14
2
0
16
21
28
31
3
0
16
5
7
17
2
0
16
5
7
22
2
0
16
13
7
22
2
0
16
13
10
22
2
3
26
11
15
28
8
3
26
11
7
27
2
3
26
11
7
28
2
0
16
13
15
28
2
0
16
21
15
31
1
0
1
30
31
31
4
4
1
4
12
4
1
0
11
9
14
11
1
0
1
9
14
11
18
3
8
30
14
10
18
3
8
30
3
10
1
0
1
30
14
11
4
16
1
29
31
14
18
20
1
29
31
14
18
20
3
21
22
5
19
29
1
29
30
2
18
20
1
29
30
5
1
0
1
30
31
14
2
0
16
21
28
31
3
0
16
5
7
17
2
0
16
5
7
22
2
0
16
13
7
22
2
0
16
13
10
22
2
3
26
11
15
28
8
3
26
11
7
27
2
3
26
11
7
28
2
0
16
13
15
28
2
0
16
21
15
31
1
0
1
30
31
31
4
4
1
4
12
4
1
0
11
9
14
11
1
0
1
9
14
11
18
3
8
30
14
10
18
3
8
30
3
10
1
0
1
30
14
11
4
16
1
29
31
14
18
20
1
29
31
14
18
20
3
21
22
5
19
29
1
29
30
2
18
20
1
29
30
5
1
0
1
30
31
14
2
0
16
21
28
31
3
0
16
5
7
17
2
0
16
5
7
22
2
0
16
13
7
22
2
0
16
13
10
22
2
3
26
11
15
28
8
3
26
11
7
27
2
3
26
11
7
28
2
0
16
13
15
28
2
0
16
21
15
31
1
0
1
30
31
31
4
4
1
4
12
4
1
0
11
9
14
11
1
0
1
9
14
11
18
3
8
30
14
10
18
3
8
30
3
10
1
0
1
30
14
11
4
16
1
29
31
14
18
20
1
29
31
14
18
20
3
21
22
5
19
29
1
29
30
2
18
20
1
29
30
5
1
0
1
30
31
14
2
0
16
21
28
31
3
0
16
5
7
17
2
0
16
5
7
22
2
0
16
13
7
22
2
0
16
13
10
22
2
3
26
11
15
28
8
3
26
11
7
27
2
3
26
11
7
28
2
0
16
13
15
28
2
0
16
21
15
31
1
0
1
30
31
31
4
4
1
4
12
4
1
0
11
9
14
11
1
0
1
9
14
11
18
3
8
30
14
10
18
3
8
30
3
10
1
0
1
30
14
11
4
16
1
29
31
14
18
20
1
29
31
14
18
20
3
21
22
5
19
29
1
29
30
2
18
20
1
29
30
5
1
0
1
30
31
14
2
0
16
21
28
31
3
0
16
5
7
17
2
0
16
5
7
22
2
0
16
13
7
22
2
0
16
13
10
22
2
3
26
11
15
28
8
3
26
11
7
27
2
3
26
11
7
28
2
0
16
13
15
28
2
0
16
21
15
31
0
0
0
31
31
31
7
0
5
14
6
5
2
0
2
14
12
5
2
0
2
30
12
5
6
19
0
30
31
12
20
23
0
30
31
12
20
23
0
25
31
6
2
0
0
30
31
12
0
0
16
31
27
31
0
0
17
3
5
21
8
3
19
9
6
22
0
0
17
9
6
22
0
0
17
15
8
22
0
0
17
15
8
31
16
3
17
23
15
30
19
3
17
23
9
21
16
5
27
22
15
30
21
11
27
22
15
29
0
0
17
23
15
31
9
18
16
31
27
30
9
20
21
12
23
22
23
18
16
31
27
30
23
20
24
29
27
30
0
0
0
31
31
31
7
0
5
14
6
5
2
0
2
14
12
5
2
0
2
30
12
5
6
19
0
30
31
12
20
23
0
30
31
12
20
23
0
25
31
6
2
0
0
30
31
12
0
0
16
31
27
31
0
0
17
3
5
21
8
3
19
9
6
22
0
0
17
9
6
22
0
0
17
15
8
22
0
0
17
15
8
31
16
3
17
23
15
30
19
3
17
23
9
21
16
5
27
22
15
30
21
11
27
22
15
29
0
0
17
23
15
31
9
18
16
31
27
30
9
20
21
12
23
22
23
18
16
31
27
30
23
20
24
29
27
30
0
0
0
31
31
31
7
0
5
14
6
5
2
0
2
14
12
5
2
0
2
30
12
5
6
19
0
30
31
12
20
23
0
30
31
12
20
23
0
25
31
6
2
0
0
30
31
12
0
0
16
31
27
31
0
0
17
3
5
21
8
3
19
9
6
22
0
0
17
9
6
22
0
0
17
15
8
22
0
0
17
15
8
31
16
3
17
23
15
30
19
3
17
23
9
21
16
5
27
22
15
30
21
11
27
22
15
29
0
0
17
23
15
31
9
18
16
31
27
30
9
20
21
12
23
22
23
18
16
31
27
30
23
20
24
29
27
30
0
0
0
31
31
31
7
0
5
14
6
5
2
0
2
14
12
5
2
0
2
30
12
5
6
19
0
30
31
12
20
23
0
30
31
12
20
23
0
25
31
6
2
0
0
30
31
12
0
0
16
31
27
31
0
0
17
3
5
21
8
3
19
9
6
22
0
0
17
9
6
22
0
0
17
15
8
22
0
0
17
15
8
31
16
3
17
23
15
30
19
3
17
23
9
21
16
5
27
22
15
30
21
11
27
22
15
29
0
0
17
23
15
31
9
18
16
31
27
30
9
20
21
12
23
22
23
18
16
31
27
30
23
20
24
29
27
30
0
0
0
31
31
31
7
0
5
14
6
5
2
0
2
14
12
5
2
0
2
30
12
5
6
19
0
30
31
12
20
23
0
30
31
12
20
23
0
25
31
6
2
0
0
30
31
12
0
0
16
31
27
31
0
0
17
3
5
21
8
3
19
9
6
22
0
0
17
9
6
22
0
0
17
15
8
22
0
0
17
15
8
31
16
3
17
23
15
30
19
3
17
23
9
21
16
5
27
22
15
30
21
11
27
22
15
29
0
0
17
23
15
31
9
18
16
31
27
30
9
20
21
12
23
22
23
18
16
31
27
30
23
20
24
29
27
30
0
0
0
31
31
31
7
0
5
14
6
5
2
0
2
14
12
5
2
0
2
30
12
5
6
19
0
30
31
12
20
23
0
30
31
12
20
23
0
25
31
6
2
0
0
30
31
12
0
0
16
31
27
31
0
0
17
3
5
21
8
3
19
9
6
22
0
0
17
9
6
22
0
0
17
15
8
22
0
0
17
15
8
31
16
3
17
23
15
30
19
3
17
23
9
21
16
5
27
22
15
30
21
11
27
22
15
29
0
0
17
23
15
31
9
18
16
31
27
30
9
20
21
12
23
22
23
18
16
31
27
30
23
20
24
29
27
30
0
0
0
31
31
31
7
0
5
14
6
5
2
0
2
14
12
5
2
0
2
30
12
5
6
19
0
30
31
12
20
23
0
30
31
12
20
23
0
25
31
6
2
0
0
30
31
12
0
0
16
31
27
31
0
0
17
3
5
21
8
3
19
9
6
22
0
0
17
9
6
22
0
0
17
15
8
22
0
0
17
15
8
31
16
3
17
23
15
30
19
3
17
23
9
21
16
5
27
22
15
30
21
11
27
22
15
29
0
0
17
23
15
31
9
18
16
31
27
30
9
20
21
12
23
22
23
18
16
31
27
30
23
20
24
29
27
30
0
0
0
31
31
31
7
0
5
14
6
5
2
0
2
14
12
5
2
0
2
30
12
5
6
19
0
30
31
12
20
23
0
30
31
12
20
23
0
25
31
6
2
0
0
30
31
12
0
0
16
31
27
31
0
0
17
3
5
21
8
3
19
9
6
22
0
0
17
9
6
22
0
0
17
15
8
22
0
0
17
15
8
31
16
3
17
23
15
30
19
3
17
23
9
21
16
5
27
22
15
30
21
11
27
22
15
29
0
0
17
23
15
31
9
18
16
31
27
30
9
20
21
12
23
22
23
18
16
31
27
30
23
20
24
29
27
30
0
0
0
31
31
31
7
0
5
14
6
5
2
0
2
14
12
5
2
0
2
30
12
5
6
19
0
30
31
12
20
23
0
30
31
12
20
23
0
25
31
6
2
0
0
30
31
12
0
0
16
31
27
31
0
0
17
3
5
21
8
3
19
9
6
22
0
0
17
9
6
22
0
0
17
15
8
22
0
0
17
15
8
31
16
3
17
23
15
30
19
3
17
23
9
21
16
5
27
22
15
30
21
11
27
22
15
29
0
0
17
23
15
31
9
18
16
31
27
30
9
20
21
12
23
22
23
18
16
31
27
30
23
20
24
29
27
30
0
0
0
31
31
31
7
0
5
14
6
5
2
0
2
14
12
5
2
0
2
30
12
5
6
19
0
30
31
12
20
23
0
30
31
12
20
23
0
25
31
6
2
0
0
30
31
12
0
0
16
31
27
31
0
0
17
3
5
21
8
3
19
9
6
22
0
0
17
9
6
22
0
0
17
15
8
22
0
0
17
15
8
31
16
3
17
23
15
30
19
3
17
23
9
21
16
5
27
22
15
30
21
11
27
22
15
29
0
0
17
23
15
31
9
18
16
31
27
30
9
20
21
12
23
22
23
18
16
31
27
30
23
20
24
29
27
30
0
0
0
31
31
31
7
0
5
14
6
5
2
0
2
14
12
5
2
0
2
30
12
5
6
19
0
30
31
12
20
23
0
30
31
12
20
23
0
25
31
6
2
0
0
30
31
12
0
0
16
31
27
31
0
0
17
3
5
21
8
3
19
9
6
22
0
0
17
9
6
22
0
0
17
15
8
22
0
0
17
15
8
31
16
3
17
23
15
30
19
3
17
23
9
21
16
5
27
22
15
30
21
11
27
22
15
29
0
0
17
23
15
31
9
18
16
31
27
30
9
20
21
12
23
22
23
18
16
31
27
30
23
20
24
29
27
30
0
0
0
31
31
31
7
0
5
14
6
5
2
0
2
14
12
5
2
0
2
30
12
5
6
19
0
30
31
12
20
23
0
30
31
12
20
23
0
25
31
6
2
0
0
30
31
12
0
0
16
31
27
31
0
0
17
3
5
21
8
3
19
9
6
22
0
0
17
9
6
22
0
0
17
15
8
22
0
0
17
15
8
31
16
3
17
23
15
30
19
3
17
23
9
21
16
5
27
22
15
30
21
11
27
22
15
29
0
0
17
23
15
31
9
18
16
31
27
30
9
20
21
12
23
22
23
18
16
31
27
30
23
20
24
29
27
30
11667
717
738
64195
64313
62484
22803
865
738
27690
2162
6439
22803
865
738
27690
26114
12878
38595
814
7313
52988
22625
22184
47756
8953
7313
52988
22625
14588
22803
814
738
52988
26114
22184
11667
42335
11466
45030
64313
29327
12812
53608
11466
23272
57437
13021
11667
42335
19413
23591
46344
25698
11667
42335
11466
23591
57437
25698
11667
814
738
52988
64313
29327
11669
717
35280
64195
63327
62484
11669
24718
51663
28162
30302
57138
11669
24718
42781
29176
30302
57138
37152
717
35280
64195
32300
62484
38503
10167
35896
45587
10379
48666
39850
16925
35280
64195
32300
46041
56533
32246
35280
64195
32300
41101
38503
10167
35280
64195
32300
48666
37152
717
55176
50181
18694
62484
37152
717
55176
50181
5122
56490
11669
717
35280
64195
32300
62484
20394
46517
50590
57756
63327
54641
11667
717
738
64195
64313
62484
22803
865
738
27690
2162
6439
22803
865
738
27690
26114
12878
38595
814
7313
52988
22625
22184
47756
8953
7313
52988
22625
14588
22803
814
738
52988
26114
22184
11667
42335
11466
45030
64313
29327
12812
53608
11466
23272
57437
13021
11667
42335
19413
23591
46344
25698
11667
42335
11466
23591
57437
25698
11667
814
738
52988
64313
29327
11669
717
35280
64195
63327
62484
11669
24718
51663
28162
30302
57138
11669
24718
42781
29176
30302
57138
37152
717
35280
64195
32300
62484
38503
10167
35896
45587
10379
48666
39850
16925
35280
64195
32300
46041
56533
32246
35280
64195
32300
41101
38503
10167
35280
64195
32300
48666
37152
717
55176
50181
18694
62484
37152
717
55176
50181
5122
56490
11669
717
35280
64195
32300
62484
20394
46517
50590
57756
63327
54641
11667
717
738
64195
64313
62484
22803
865
738
27690
2162
6439
22803
865
738
27690
26114
12878
38595
814
7313
52988
22625
22184
47756
8953
7313
52988
22625
14588
22803
814
738
52988
26114
22184
11667
42335
11466
45030
64313
29327
12812
53608
11466
23272
57437
13021
11667
42335
19413
23591
46344
25698
11667
42335
11466
23591
57437
25698
11667
814
738
52988
64313
29327
11669
717
35280
64195
63327
62484
11669
24718
51663
28162
30302
57138
11669
24718
42781
29176
30302
57138
37152
717
35280
64195
32300
62484
38503
10167
35896
45587
10379
48666
39850
16925
35280
64195
32300
46041
56533
32246
35280
64195
32300
41101
38503
10167
35280
64195
32300
48666
37152
717
55176
50181
18694
62484
37152
717
55176
50181
5122
56490
11669
717
35280
64195
32300
62484
20394
46517
50590
57756
63327
54641
11667
717
738
64195
64313
62484
22803
865
738
27690
2162
6439
22803
865
738
27690
26114
12878
38595
814
7313
52988
22625
22184
47756
8953
7313
52988
22625
14588
22803
814
738
52988
26114
22184
11667
42335
11466
45030
64313
29327
12812
53608
11466
23272
57437
13021
11667
42335
19413
23591
46344
25698
11667
42335
11466
23591
57437
25698
11667
814
738
52988
64313
29327
11669
717
35280
64195
63327
62484
11669
24718
51663
28162
30302
57138
11669
24718
42781
29176
30302
57138
37152
717
35280
64195
32300
62484
38503
10167
35896
45587
10379
48666
39850
16925
35280
64195
32300
46041
56533
32246
35280
64195
32300
41101
38503
10167
35280
64195
32300
48666
37152
717
55176
50181
18694
62484
37152
717
55176
50181
5122
56490
11669
717
35280
64195
32300
62484
20394
46517
50590
57756
63327
54641
11667
717
738
64195
64313
62484
22803
865
738
27690
2162
6439
22803
865
738
27690
26114
12878
38595
814
7313
52988
22625
22184
47756
8953
7313
52988
22625
14588
22803
814
738
52988
26114
22184
11667
42335
11466
45030
64313
29327
12812
53608
11466
23272
57437
13021
11667
42335
19413
23591
46344
25698
11667
42335
11466
23591
57437
25698
11667
814
738
52988
64313
29327
11669
717
35280
64195
63327
62484
11669
24718
51663
28162
30302
57138
11669
24718
42781
29176
30302
57138
37152
717
35280
64195
32300
62484
38503
10167
35896
45587
10379
48666
39850
16925
35280
64195
32300
46041
56533
32246
35280
64195
32300
41101
38503
10167
35280
64195
32300
48666
37152
717
55176
50181
18694
62484
37152
717
55176
50181
5122
56490
11669
717
35280
64195
32300
62484
20394
46517
50590
57756
63327
54641
11667
717
738
64195
64313
62484
22803
865
738
27690
2162
6439
22803
865
738
27690
26114
12878
38595
814
7313
52988
22625
22184
47756
8953
7313
52988
22625
14588
22803
814
738
52988
26114
22184
11667
42335
11466
45030
64313
29327
12812
53608
11466
23272
57437
13021
11667
42335
19413
23591
46344
25698
11667
42335
11466
23591
57437
25698
11667
814
738
52988
64313
29327
11669
717
35280
64195
63327
62484
11669
24718
51663
28162
30302
57138
11669
24718
42781
29176
30302
57138
37152
717
35280
64195
32300
62484
38503
10167
35896
45587
10379
48666
39850
16925
35280
64195
32300
46041
56533
32246
35280
64195
32300
41101
38503
10167
35280
64195
32300
48666
37152
717
55176
50181
18694
62484
37152
717
55176
50181
5122
56490
11669
717
35280
64195
32300
62484
20394
46517
50590
57756
63327
54641
11667
717
738
64195
64313
62484
22803
865
738
27690
2162
6439
22803
865
738
27690
26114
12878
38595
814
7313
52988
22625
22184
47756
8953
7313
52988
22625
14588
22803
814
738
52988
26114
22184
11667
42335
11466
45030
64313
29327
12812
53608
11466
23272
57437
13021
11667
42335
19413
23591
46344
25698
11667
42335
11466
23591
57437
25698
11667
814
738
52988
64313
29327
11669
717
35280
64195
63327
62484
11669
24718
51663
28162
30302
57138
11669
24718
42781
29176
30302
57138
37152
717
35280
64195
32300
62484
38503
10167
35896
45587
10379
48666
39850
16925
35280
64195
32300
46041
56533
32246
35280
64195
32300
41101
38503
10167
35280
64195
32300
48666
37152
717
55176
50181
18694
62484
37152
717
55176
50181
5122
56490
11669
717
35280
64195
32300
62484
20394
46517
50590
57756
63327
54641
11667
717
738
64195
64313
62484
22803
865
738
27690
2162
6439
22803
865
738
27690
26114
12878
38595
814
7313
52988
22625
22184
47756
8953
7313
52988
22625
14588
22803
814
738
52988
26114
22184
11667
42335
11466
45030
64313
29327
12812
53608
11466
23272
57437
13021
11667
42335
19413
23591
46344
25698
11667
42335
11466
23591
57437
25698
11667
814
738
52988
64313
29327
11669
717
35280
64195
63327
62484
11669
24718
51663
28162
30302
57138
11669
24718
42781
29176
30302
57138
37152
717
35280
64195
32300
62484
38503
10167
35896
45587
10379
48666
39850
16925
35280
64195
32300
46041
56533
32246
35280
64195
32300
41101
38503
10167
35280
64195
32300
48666
37152
717
55176
50181
18694
62484
37152
717
55176
50181
5122
56490
11669
717
35280
64195
32300
62484
20394
46517
50590
57756
63327
54641
11667
717
738
64195
64313
62484
22803
865
738
27690
2162
6439
22803
865
738
27690
26114
12878
38595
814
7313
52988
22625
22184
47756
8953
7313
52988
22625
14588
22803
814
738
52988
26114
22184
11667
42335
11466
45030
64313
29327
12812
53608
11466
23272
57437
13021
11667
42335
19413
23591
46344
25698
11667
42335
11466
23591
57437
25698
11667
814
738
52988
64313
29327
11669
717
35280
64195
63327
62484
11669
24718
51663
28162
30302
57138
11669
24718
42781
29176
30302
57138
37152
717
35280
64195
32300
62484
38503
10167
35896
45587
10379
48666
39850
16925
35280
64195
32300
46041
56533
32246
35280
64195
32300
41101
38503
10167
35280
64195
32300
48666
37152
717
55176
50181
18694
62484
37152
717
55176
50181
5122
56490
11669
717
35280
64195
32300
62484
20394
46517
50590
57756
63327
54641
11667
717
738
64195
64313
62484
22803
865
738
27690
2162
6439
22803
865
738
27690
26114
12878
38595
814
7313
52988
22625
22184
47756
8953
7313
52988
22625
14588
22803
814
738
52988
26114
22184
11667
42335
11466
45030
64313
29327
12812
53608
11466
23272
57437
13021
11667
42335
19413
23591
46344
25698
11667
42335
11466
23591
57437
25698
11667
814
738
52988
64313
29327
11669
717
35280
64195
63327
62484
11669
24718
51663
28162
30302
57138
11669
24718
42781
29176
30302
57138
37152
717
35280
64195
32300
62484
38503
10167
35896
45587
10379
48666
39850
16925
35280
64195
32300
46041
56533
32246
35280
64195
32300
41101
38503
10167
35280
64195
32300
48666
37152
717
55176
50181
18694
62484
37152
717
55176
50181
5122
56490
11669
717
35280
64195
32300
62484
20394
46517
50590
57756
63327
54641
11667
717
738
64195
64313
62484
22803
865
738
27690
2162
6439
22803
865
738
27690
26114
12878
38595
814
7313
52988
22625
22184
47756
8953
7313
52988
22625
14588
22803
814
738
52988
26114
22184
11667
42335
11466
45030
64313
29327
12812
53608
11466
23272
57437
13021
11667
42335
19413
23591
46344
25698
11667
42335
11466
23591
57437
25698
11667
814
738
52988
64313
29327
11669
717
35280
64195
63327
62484
11669
24718
51663
28162
30302
57138
11669
24718
42781
29176
30302
57138
37152
717
35280
64195
32300
62484
38503
10167
35896
45587
10379
48666
39850
16925
35280
64195
32300
46041
56533
32246
35280
64195
32300
41101
38503
10167
35280
64195
32300
48666
37152
717
55176
50181
18694
62484
37152
717
55176
50181
5122
56490
11669
717
35280
64195
32300
62484
20394
46517
50590
57756
63327
54641
11667
717
738
64195
64313
62484
22803
865
738
27690
2162
6439
22803
865
738
27690
26114
12878
38595
814
7313
52988
22625
22184
47756
8953
7313
52988
22625
14588
22803
814
738
52988
26114
22184
11667
42335
11466
45030
64313
29327
12812
53608
11466
23272
57437
13021
11667
42335
19413
23591
46344
25698
11667
42335
11466
23591
57437
25698
11667
814
738
52988
64313
29327
11669
717
35280
64195
63327
62484
11669
24718
51663
28162
30302
57138
11669
24718
42781
29176
30302
57138
37152
717
35280
64195
32300
62484
38503
10167
35896
45587
10379
48666
39850
16925
35280
64195
32300
46041
56533
32246
35280
64195
32300
41101
38503
10167
35280
64195
32300
48666
37152
717
55176
50181
18694
62484
37152
717
55176
50181
5122
56490
11669
717
35280
64195
32300
62484
20394
46517
50590
57756
63327
54641
1
0
0
27
31
30
17
0
0
27
14
15
17
0
0
20
3
6
17
0
0
27
14
6
17
10
12
22
13
15
5
0
0
27
14
15
3
19
2
26
31
11
3
19
2
13
19
9
17
22
3
26
31
11
23
31
8
26
31
11
3
0
0
27
31
15
1
3
16
27
29
30
24
12
20
27
14
22
16
3
20
27
14
22
18
3
30
21
13
30
16
3
20
27
14
30
1
18
16
25
29
29
5
19
22
9
21
22
7
27
19
7
29
19
5
19
19
9
29
22
1
18
24
11
19
29
1
18
19
11
29
29
20
23
16
25
24
20
1
0
0
27
31
30
17
0
0
27
14
15
17
0
0
20
3
6
17
0
0
27
14
6
17
10
12
22
13
15
5
0
0
27
14
15
3
19
2
26
31
11
3
19
2
13
19
9
17
22
3
26
31
11
23
31
8
26
31
11
3
0
0
27
31
15
1
3
16
27
29
30
24
12
20
27
14
22
16
3
20
27
14
22
18
3
30
21
13
30
16
3
20
27
14
30
1
18
16
25
29
29
5
19
22
9
21
22
7
27
19
7
29
19
5
19
19
9
29
22
1
18
24
11
19
29
1
18
19
11
29
29
20
23
16
25
24
20
1
0
0
27
31
30
17
0
0
27
14
15
17
0
0
20
3
6
17
0
0
27
14
6
17
10
12
22
13
15
5
0
0
27
14
15
3
19
2
26
31
11
3
19
2
13
19
9
17
22
3
26
31
11
23
31
8
26
31
11
3
0
0
27
31
15
1
3
16
27
29
30
24
12
20
27
14
22
16
3
20
27
14
22
18
3
30
21
13
30
16
3
20
27
14
30
1
18
16
25
29
29
5
19
22
9
21
22
7
27
19
7
29
19
5
19
19
9
29
22
1
18
24
11
19
29
1
18
19
11
29
29
20
23
16
25
24
20
1
0
0
27
31
30
17
0
0
27
14
15
17
0
0
20
3
6
17
0
0
27
14
6
17
10
12
22
13
15
5
0
0
27
14
15
3
19
2
26
31
11
3
19
2
13
19
9
17
22
3
26
31
11
23
31
8
26
31
11
3
0
0
27
31
15
1
3
16
27
29
30
24
12
20
27
14
22
16
3
20
27
14
22
18
3
30
21
13
30
16
3
20
27
14
30
1
18
16
25
29
29
5
19
22
9
21
22
7
27
19
7
29
19
5
19
19
9
29
22
1
18
24
11
19
29
1
18
19
11
29
29
20
23
16
25
24
20
1
0
0
27
31
30
17
0
0
27
14
15
17
0
0
20
3
6
17
0
0
27
14
6
17
10
12
22
13
15
5
0
0
27
14
15
3
19
2
26
31
11
3
19
2
13
19
9
17
22
3
26
31
11
23
31
8
26
31
11
3
0
0
27
31
15
1
3
16
27
29
30
24
12
20
27
14
22
16
3
20
27
14
22
18
3
30
21
13
30
16
3
20
27
14
30
1
18
16
25
29
29
5
19
22
9
21
22
7
27
19
7
29
19
5
19
19
9
29
22
1
18
24
11
19
29
1
18
19
11
29
29
20
23
16
25
24
20
1
0
0
27
31
30
17
0
0
27
14
15
17
0
0
20
3
6
17
0
0
27
14
6
17
10
12
22
13
15
5
0
0
27
14
15
3
19
2
26
31
11
3
19
2
13
19
9
17
22
3
26
31
11
23
31
8
26
31
11
3
0
0
27
31
15
1
3
16
27
29
30
24
12
20
27
14
22
16
3
20
27
14
22
18
3
30
21
13
30
16
3
20
27
14
30
1
18
16
25
29
29
5
19
22
9
21
22
7
27
19
7
29
19
5
19
19
9
29
22
1
18
24
11
19
29
1
18
19
11
29
29
20
23
16
25
24
20
1
0
0
27
31
30
17
0
0
27
14
15
17
0
0
20
3
6
17
0
0
27
14
6
17
10
12
22
13
15
5
0
0
27
14
15
3
19
2
26
31
11
3
19
2
13
19
9
17
22
3
26
31
11
23
31
8
26
31
11
3
0
0
27
31
15
1
3
16
27
29
30
24
12
20
27
14
22
16
3
20
27
14
22
18
3
30
21
13
30
16
3
20
27
14
30
1
18
16
25
29
29
5
19
22
9
21
22
7
27
19
7
29
19
5
19
19
9
29
22
1
18
24
11
19
29
1
18
19
11
29
29
20
23
16
25
24
20
1
0
0
27
31
30
17
0
0
27
14
15
17
0
0
20
3
6
17
0
0
27
14
6
17
10
12
22
13
15
5
0
0
27
14
15
3
19
2
26
31
11
3
19
2
13
19
9
17
22
3
26
31
11
23
31
8
26
31
11
3
0
0
27
31
15
1
3
16
27
29
30
24
12
20
27
14
22
16
3
20
27
14
22
18
3
30
21
13
30
16
3
20
27
14
30
1
18
16
25
29
29
5
19
22
9
21
22
7
27
19
7
29
19
5
19
19
9
29
22
1
18
24
11
19
29
1
18
19
11
29
29
20
23
16
25
24
20
1
0
0
27
31
30
17
0
0
27
14
15
17
0
0
20
3
6
17
0
0
27
14
6
17
10
12
22
13
15
5
0
0
27
14
15
3
19
2
26
31
11
3
19
2
13
19
9
17
22
3
26
31
11
23
31
8
26
31
11
3
0
0
27
31
15
1
3
16
27
29
30
24
12
20
27
14
22
16
3
20
27
14
22
18
3
30
21
13
30
16
3
20
27
14
30
1
18
16
25
29
29
5
19
22
9
21
22
7
27
19
7
29
19
5
19
19
9
29
22
1
18
24
11
19
29
1
18
19
11
29
29
20
23
16
25
24
20
1
0
0
27
31
30
17
0
0
27
14
15
17
0
0
20
3
6
17
0
0
27
14
6
17
10
12
22
13
15
5
0
0
27
14
15
3
19
2
26
31
11
3
19
2
13
19
9
17
22
3
26
31
11
23
31
8
26
31
11
3
0
0
27
31
15
1
3
16
27
29
30
24
12
20
27
14
22
16
3
20
27
14
22
18
3
30
21
13
30
16
3
20
27
14
30
1
18
16
25
29
29
5
19
22
9
21
22
7
27
19
7
29
19
5
19
19
9
29
22
1
18
24
11
19
29
1
18
19
11
29
29
20
23
16
25
24
20
1
0
0
27
31
30
17
0
0
27
14
15
17
0
0
20
3
6
17
0
0
27
14
6
17
10
12
22
13
15
5
0
0
27
14
15
3
19
2
26
31
11
3
19
2
13
19
9
17
22
3
26
31
11
23
31
8
26
31
11
3
0
0
27
31
15
1
3
16
27
29
30
24
12
20
27
14
22
16
3
20
27
14
22
18
3
30
21
13
30
16
3
20
27
14
30
1
18
16
25
29
29
5
19
22
9
21
22
7
27
19
7
29
19
5
19
19
9
29
22
1
18
24
11
19
29
1
18
19
11
29
29
20
23
16
25
24
20
1
0
0
27
31
30
17
0
0
27
14
15
17
0
0
20
3
6
17
0
0
27
14
6
17
10
12
22
13
15
5
0
0
27
14
15
3
19
2
26
31
11
3
19
2
13
19
9
17
22
3
26
31
11
23
31
8
26
31
11
3
0
0
27
31
15
1
3
16
27
29
30
24
12
20
27
14
22
16
3
20
27
14
22
18
3
30
21
13
30
16
3
20
27
14
30
1
18
16
25
29
29
5
19
22
9
21
22
7
27
19
7
29
19
5
19
19
9
29
22
1
18
24
11
19
29
1
18
19
11
29
29
20
23
16
25
24
20
2
0
0
31
30
31
5
0
8
12
7
11
5
0
6
12
7
11
20
2
0
31
8
12
24
2
2
26
5
4
24
2
0
31
8
4
5
0
0
31
8
12
2
17
6
23
29
14
2
25
7
12
29
13
20
17
6
23
25
14
2
0
0
31
29
14
6
0
16
31
30
31
6
7
25
12
9
26
6
7
19
12
11
26
18
0
17
30
14
31
25
0
17
28
4
19
18
4
26
30
14
31
24
14
26
30
14
31
6
0
17
30
14
31
10
17
16
31
30
30
10
17
25
12
25
28
10
17
16
13
30
28
16
21
16
31
30
30
2
0
0
31
30
31
5
0
8
12
7
11
5
0
6
12
7
11
20
2
0
31
8
12
24
2
2
26
5
4
24
2
0
31
8
4
5
0
0
31
8
12
2
17
6
23
29
14
2
25
7
12
29
13
20
17
6
23
25
14
2
0
0
31
29
14
6
0
16
31
30
31
6
7
25
12
9
26
6
7
19
12
11
26
18
0
17
30
14
31
25
0
17
28
4
19
18
4
26
30
14
31
24
14
26
30
14
31
6
0
17
30
14
31
10
17
16
31
30
30
10
17
25
12
25
28
10
17
16
13
30
28
16
21
16
31
30
30
2
0
0
31
30
31
5
0
8
12
7
11
5
0
6
12
7
11
20
2
0
31
8
12
24
2
2
26
5
4
24
2
0
31
8
4
5
0
0
31
8
12
2
17
6
23
29
14
2
25
7
12
29
13
20
17
6
23
25
14
2
0
0
31
29
14
6
0
16
31
30
31
6
7
25
12
9
26
6
7
19
12
11
26
18
0
17
30
14
31
25
0
17
28
4
19
18
4
26
30
14
31
24
14
26
30
14
31
6
0
17
30
14
31
10
17
16
31
30
30
10
17
25
12
25
28
10
17
16
13
30
28
16
21
16
31
30
30
2
0
0
31
30
31
5
0
8
12
7
11
5
0
6
12
7
11
20
2
0
31
8
12
24
2
2
26
5
4
24
2
0
31
8
4
5
0
0
31
8
12
2
17
6
23
29
14
2
25
7
12
29
13
20
17
6
23
25
14
2
0
0
31
29
14
6
0
16
31
30
31
6
7
25
12
9
26
6
7
19
12
11
26
18
0
17
30
14
31
25
0
17
28
4
19
18
4
26
30
14
31
24
14
26
30
14
31
6
0
17
30
14
31
10
17
16
31
30
30
10
17
25
12
25
28
10
17
16
13
30
28
16
21
16
31
30
30
2
0
0
31
30
31
5
0
8
12
7
11
5
0
6
12
7
11
20
2
0
31
8
12
24
2
2
26
5
4
24
2
0
31
8
4
5
0
0
31
8
12
2
17
6
23
29
14
2
25
7
12
29
13
20
17
6
23
25
14
2
0
0
31
29
14
6
0
16
31
30
31
6
7
25
12
9
26
6
7
19
12
11
26
18
0
17
30
14
31
25
0
17
28
4
19
18
4
26
30
14
31
24
14
26
30
14
31
6
0
17
30
14
31
10
17
16
31
30
30
10
17
25
12
25
28
10
17
16
13
30
28
16
21
16
31
30
30
2
0
0
31
30
31
5
0
8
12
7
11
5
0
6
12
7
11
20
2
0
31
8
12
24
2
2
26
5
4
24
2
0
31
8
4
5
0
0
31
8
12
2
17
6
23
29
14
2
25
7
12
29
13
20
17
6
23
25
14
2
0
0
31
29
14
6
0
16
31
30
31
6
7
25
12
9
26
6
7
19
12
11
26
18
0
17
30
14
31
25
0
17
28
4
19
18
4
26
30
14
31
24
14
26
30
14
31
6
0
17
30
14
31
10
17
16
31
30
30
10
17
25
12
25
28
10
17
16
13
30
28
16
21
16
31
30
30
2
0
0
31
30
31
5
0
8
12
7
11
5
0
6
12
7
11
20
2
0
31
8
12
24
2
2
26
5
4
24
2
0
31
8
4
5
0
0
31
8
12
2
17
6
23
29
14
2
25
7
12
29
13
20
17
6
23
25
14
2
0
0
31
29
14
6
0
16
31
30
31
6
7
25
12
9
26
6
7
19
12
11
26
18
0
17
30
14
31
25
0
17
28
4
19
18
4
26
30
14
31
24
14
26
30
14
31
6
0
17
30
14
31
10
17
16
31
30
30
10
17
25
12
25
28
10
17
16
13
30
28
16
21
16
31
30
30
2
0
0
31
30
31
5
0
8
12
7
11
5
0
6
12
7
11
20
2
0
31
8
12
24
2
2
26
5
4
24
2
0
31
8
4
5
0
0
31
8
12
2
17
6
23
29
14
2
25
7
12
29
13
20
17
6
23
25
14
2
0
0
31
29
14
6
0
16
31
30
31
6
7
25
12
9
26
6
7
19
12
11
26
18
0
17
30
14
31
25
0
17
28
4
19
18
4
26
30
14
31
24
14
26
30
14
31
6
0
17
30
14
31
10
17
16
31
30
30
10
17
25
12
25
28
10
17
16
13
30
28
16
21
16
31
30
30
2
0
0
31
30
31
5
0
8
12
7
11
5
0
6
12
7
11
20
2
0
31
8
12
24
2
2
26
5
4
24
2
0
31
8
4
5
0
0
31
8
12
2
17
6
23
29
14
2
25
7
12
29
13
20
17
6
23
25
14
2
0
0
31
29
14
6
0
16
31
30
31
6
7
25
12
9
26
6
7
19
12
11
26
18
0
17
30
14
31
25
0
17
28
4
19
18
4
26
30
14
31
24
14
26
30
14
31
6
0
17
30
14
31
10
17
16
31
30
30
10
17
25
12
25
28
10
17
16
13
30
28
16
21
16
31
30
30
2
0
0
31
30
31
5
0
8
12
7
11
5
0
6
12
7
11
20
2
0
31
8
12
24
2
2
26
5
4
24
2
0
31
8
4
5
0
0
31
8
12
2
17
6
23
29
14
2
25
7
12
29
13
20
17
6
23
25
14
2
0
0
31
29
14
6
0
16
31
30
31
6
7
25
12
9
26
6
7
19
12
11
26
18
0
17
30
14
31
25
0
17
28
4
19
18
4
26
30
14
31
24
14
26
30
14
31
6
0
17
30
14
31
10
17
16
31
30
30
10
17
25
12
25
28
10
17
16
13
30
28
16
21
16
31
30
30
2
0
0
31
30
31
5
0
8
12
7
11
5
0
6
12
7
11
20
2
0
31
8
12
24
2
2
26
5
4
24
2
0
31
8
4
5
0
0
31
8
12
2
17
6
23
29
14
2
25
7
12
29
13
20
17
6
23
25
14
2
0
0
31
29
14
6
0
16
31
30
31
6
7
25
12
9
26
6
7
19
12
11
26
18
0
17
30
14
31
25
0
17
28
4
19
18
4
26
30
14
31
24
14
26
30
14
31
6
0
17
30
14
31
10
17
16
31
30
30
10
17
25
12
25
28
10
17
16
13
30
28
16
21
16
31
30
30
2
0
0
31
30
31
5
0
8
12
7
11
5
0
6
12
7
11
20
2
0
31
8
12
24
2
2
26
5
4
24
2
0
31
8
4
5
0
0
31
8
12
2
17
6
23
29
14
2
25
7
12
29
13
20
17
6
23
25
14
2
0
0
31
29
14
6
0
16
31
30
31
6
7
25
12
9
26
6
7
19
12
11
26
18
0
17
30
14
31
25
0
17
28
4
19
18
4
26
30
14
31
24
14
26
30
14
31
6
0
17
30
14
31
10
17
16
31
30
30
10
17
25
12
25
28
10
17
16
13
30
28
16
21
16
31
30
30
3782
1649
105
64845
63047
63083
16231
11021
28699
18243
13529
32496
16231
11021
22549
23608
19072
32496
42597
4647
105
62479
31720
27075
42597
8297
105
61950
20381
578
50272
4647
18719
62479
31720
27075
55419
9995
21893
60888
15875
24255
55419
4647
21893
62479
15875
27075
16231
4647
105
62479
31720
32496
27463
40017
9269
64845
58789
26414
27463
40017
11049
29634
58789
26414
42981
45034
9269
64845
58151
16780
42981
45034
9269
44349
58151
9505
16231
4647
105
64845
58789
32496
3782
1649
35901
50798
63047
63083
3782
28321
51772
12095
28507
52037
3782
28321
40666
15251
32548
52037
40461
1649
35901
47403
16537
49240
3782
1649
35901
47403
32548
52037
4264
35977
53551
50798
63047
63083
10192
54687
56308
24123
63047
63083
4264
35977
54736
24123
63047
63083
45609
45325
53551
50798
49250
60770
3782
1649
105
64845
63047
63083
16231
11021
28699
18243
13529
32496
16231
11021
22549
23608
19072
32496
42597
4647
105
62479
31720
27075
42597
8297
105
61950
20381
578
50272
4647
18719
62479
31720
27075
55419
9995
21893
60888
15875
24255
55419
4647
21893
62479
15875
27075
16231
4647
105
62479
31720
32496
27463
40017
9269
64845
58789
26414
27463
40017
11049
29634
58789
26414
42981
45034
9269
64845
58151
16780
42981
45034
9269
44349
58151
9505
16231
4647
105
64845
58789
32496
3782
1649
35901
50798
63047
63083
3782
28321
51772
12095
28507
52037
3782
28321
40666
15251
32548
52037
40461
1649
35901
47403
16537
49240
3782
1649
35901
47403
32548
52037
4264
35977
53551
50798
63047
63083
10192
54687
56308
24123
63047
63083
4264
35977
54736
24123
63047
63083
45609
45325
53551
50798
49250
60770
3782
1649
105
64845
63047
63083
16231
11021
28699
18243
13529
32496
16231
11021
22549
23608
19072
32496
42597
4647
105
62479
31720
27075
42597
8297
105
61950
20381
578
50272
4647
18719
62479
31720
27075
55419
9995
21893
60888
15875
24255
55419
4647
21893
62479
15875
27075
16231
4647
105
62479
31720
32496
27463
40017
9269
64845
58789
26414
27463
40017
11049
29634
58789
26414
42981
45034
9269
64845
58151
16780
42981
45034
9269
44349
58151
9505
16231
4647
105
64845
58789
32496
3782
1649
35901
50798
63047
63083
3782
28321
51772
12095
28507
52037
3782
28321
40666
15251
32548
52037
40461
1649
35901
47403
16537
49240
3782
1649
35901
47403
32548
52037
4264
35977
53551
50798
63047
63083
10192
54687
56308
24123
63047
63083
4264
35977
54736
24123
63047
63083
45609
45325
53551
50798
49250
60770
3782
1649
105
64845
63047
63083
16231
11021
28699
18243
13529
32496
16231
11021
22549
23608
19072
32496
42597
4647
105
62479
31720
27075
42597
8297
105
61950
20381
578
50272
4647
18719
62479
31720
27075
55419
9995
21893
60888
15875
24255
55419
4647
21893
62479
15875
27075
16231
4647
105
62479
31720
32496
27463
40017
9269
64845
58789
26414
27463
40017
11049
29634
58789
26414
42981
45034
9269
64845
58151
16780
42981
45034
9269
44349
58151
9505
16231
4647
105
64845
58789
32496
3782
1649
35901
50798
63047
63083
3782
28321
51772
12095
28507
52037
3782
28321
40666
15251
32548
52037
40461
1649
35901
47403
16537
49240
3782
1649
35901
47403
32548
52037
4264
35977
53551
50798
63047
63083
10192
54687
56308
24123
63047
63083
4264
35977
54736
24123
63047
63083
45609
45325
53551
50798
49250
60770
3782
1649
105
64845
63047
63083
16231
11021
28699
18243
13529
32496
16231
11021
22549
23608
19072
32496
42597
4647
105
62479
31720
27075
42597
8297
105
61950
20381
578
50272
4647
18719
62479
31720
27075
55419
9995
21893
60888
15875
24255
55419
4647
21893
62479
15875
27075
16231
4647
105
62479
31720
32496
27463
40017
9269
64845
58789
26414
27463
40017
11049
29634
58789
26414
42981
45034
9269
64845
58151
16780
42981
45034
9269
44349
58151
9505
16231
4647
105
64845
58789
32496
3782
1649
35901
50798
63047
63083
3782
28321
51772
12095
28507
52037
3782
28321
40666
15251
32548
52037
40461
1649
35901
47403
16537
49240
3782
1649
35901
47403
32548
52037
4264
35977
53551
50798
63047
63083
10192
54687
56308
24123
63047
63083
4264
35977
54736
24123
63047
63083
45609
45325
53551
50798
49250
60770
3782
1649
105
64845
63047
63083
16231
11021
28699
18243
13529
32496
16231
11021
22549
23608
19072
32496
42597
4647
105
62479
31720
27075
42597
8297
105
61950
20381
578
50272
4647
18719
62479
31720
27075
55419
9995
21893
60888
15875
24255
55419
4647
21893
62479
15875
27075
16231
4647
105
62479
31720
32496
27463
40017
9269
64845
58789
26414
27463
40017
11049
29634
58789
26414
42981
45034
9269
64845
58151
16780
42981
45034
9269
44349
58151
9505
16231
4647
105
64845
58789
32496
3782
1649
35901
50798
63047
63083
3782
28321
51772
12095
28507
52037
3782
28321
40666
15251
32548
52037
40461
1649
35901
47403
16537
49240
3782
1649
35901
47403
32548
52037
4264
35977
53551
50798
63047
63083
10192
54687
56308
24123
63047
63083
4264
35977
54736
24123
63047
63083
45609
45325
53551
50798
49250
60770
3782
1649
105
64845
63047
63083
16231
11021
28699
18243
13529
32496
16231
11021
22549
23608
19072
32496
42597
4647
105
62479
31720
27075
42597
8297
105
61950
20381
578
50272
4647
18719
62479
31720
27075
55419
9995
21893
60888
15875
24255
55419
4647
21893
62479
15875
27075
16231
4647
105
62479
31720
32496
27463
40017
9269
64845
58789
26414
27463
40017
11049
29634
58789
26414
42981
45034
9269
64845
58151
16780
42981
45034
9269
44349
58151
9505
16231
4647
105
64845
58789
32496
3782
1649
35901
50798
63047
63083
3782
28321
51772
12095
28507
52037
3782
28321
40666
15251
32548
52037
40461
1649
35901
47403
16537
49240
3782
1649
35901
47403
32548
52037
4264
35977
53551
50798
63047
63083
10192
54687
56308
24123
63047
63083
4264
35977
54736
24123
63047
63083
45609
45325
53551
50798
49250
60770
3782
1649
105
64845
63047
63083
16231
11021
28699
18243
13529
32496
16231
11021
22549
23608
19072
32496
42597
4647
105
62479
31720
27075
42597
8297
105
61950
20381
578
50272
4647
18719
62479
31720
27075
55419
9995
21893
60888
15875
24255
55419
4647
21893
62479
15875
27075
16231
4647
105
62479
31720
32496
27463
40017
9269
64845
58789
26414
27463
40017
11049
29634
58789
26414
42981
45034
9269
64845
58151
16780
42981
45034
9269
44349
58151
9505
16231
4647
105
64845
58789
32496
3782
1649
35901
50798
63047
63083
3782
28321
51772
12095
28507
52037
3782
28321
40666
15251
32548
52037
40461
1649
35901
47403
16537
49240
3782
1649
35901
47403
32548
52037
4264
35977
53551
50798
63047
63083
10192
54687
56308
24123
63047
63083
4264
35977
54736
24123
63047
63083
45609
45325
53551
50798
49250
60770
3782
1649
105
64845
63047
63083
16231
11021
28699
18243
13529
32496
16231
11021
22549
23608
19072
32496
42597
4647
105
62479
31720
27075
42597
8297
105
61950
20381
578
50272
4647
18719
62479
31720
27075
55419
9995
21893
60888
15875
24255
55419
4647
21893
62479
15875
27075
16231
4647
105
62479
31720
32496
27463
40017
9269
64845
58789
26414
27463
40017
11049
29634
58789
26414
42981
45034
9269
64845
58151
16780
42981
45034
9269
44349
58151
9505
16231
4647
105
64845
58789
32496
3782
1649
35901
50798
63047
63083
3782
28321
51772
12095
28507
52037
3782
28321
40666
15251
32548
52037
40461
1649
35901
47403
16537
49240
3782
1649
35901
47403
32548
52037
4264
35977
53551
50798
63047
63083
10192
54687
56308
24123
63047
63083
4264
35977
54736
24123
63047
63083
45609
45325
53551
50798
49250
60770
3782
1649
105
64845
63047
63083
16231
11021
28699
18243
13529
32496
16231
11021
22549
23608
19072
32496
42597
4647
105
62479
31720
27075
42597
8297
105
61950
20381
578
50272
4647
18719
62479
31720
27075
55419
9995
21893
60888
15875
24255
55419
4647
21893
62479
15875
27075
16231
4647
105
62479
31720
32496
27463
40017
9269
64845
58789
26414
27463
40017
11049
29634
58789
26414
42981
45034
9269
64845
58151
16780
42981
45034
9269
44349
58151
9505
16231
4647
105
64845
58789
32496
3782
1649
35901
50798
63047
63083
3782
28321
51772
12095
28507
52037
3782
28321
40666
15251
32548
52037
40461
1649
35901
47403
16537
49240
3782
1649
35901
47403
32548
52037
4264
35977
53551
50798
63047
63083
10192
54687
56308
24123
63047
63083
4264
35977
54736
24123
63047
63083
45609
45325
53551
50798
49250
60770
3782
1649
105
64845
63047
63083
16231
11021
28699
18243
13529
32496
16231
11021
22549
23608
19072
32496
42597
4647
105
62479
31720
27075
42597
8297
105
61950
20381
578
50272
4647
18719
62479
31720
27075
55419
9995
21893
60888
15875
24255
55419
4647
21893
62479
15875
27075
16231
4647
105
62479
31720
32496
27463
40017
9269
64845
58789
26414
27463
40017
11049
29634
58789
26414
42981
45034
9269
64845
58151
16780
42981
45034
9269
44349
58151
9505
16231
4647
105
64845
58789
32496
3782
1649
35901
50798
63047
63083
3782
28321
51772
12095
28507
52037
3782
28321
40666
15251
32548
52037
40461
1649
35901
47403
16537
49240
3782
1649
35901
47403
32548
52037
4264
35977
53551
50798
63047
63083
10192
54687
56308
24123
63047
63083
4264
35977
54736
24123
63047
63083
45609
45325
53551
50798
49250
60770
3782
1649
105
64845
63047
63083
16231
11021
28699
18243
13529
32496
16231
11021
22549
23608
19072
32496
42597
4647
105
62479
31720
27075
42597
8297
105
61950
20381
578
50272
4647
18719
62479
31720
27075
55419
9995
21893
60888
15875
24255
55419
4647
21893
62479
15875
27075
16231
4647
105
62479
31720
32496
27463
40017
9269
64845
58789
26414
27463
40017
11049
29634
58789
26414
42981
45034
9269
64845
58151
16780
42981
45034
9269
44349
58151
9505
16231
4647
105
64845
58789
32496
3782
1649
35901
50798
63047
63083
3782
28321
51772
12095
28507
52037
3782
28321
40666
15251
32548
52037
40461
1649
35901
47403
16537
49240
3782
1649
35901
47403
32548
52037
4264
35977
53551
50798
63047
63083
10192
54687
56308
24123
63047
63083
4264
35977
54736
24123
63047
63083
45609
45325
53551
50798
49250
60770
0
0
1
28
31
30
0
0
2
3
8
12
18
5
1
28
13
11
18
5
1
28
13
2
24
12
9
27
12
11
0
0
1
28
13
12
3
16
2
28
31
13
3
28
5
12
31
6
3
18
4
12
31
6
3
18
4
12
31
10
20
16
2
28
25
13
0
0
1
28
31
13
0
1
16
28
30
30
6
4
20
14
9
26
17
1
16
28
13
29
17
1
29
22
5
29
6
1
16
28
13
29
0
16
19
26
30
30
0
25
24
15
30
27
14
25
24
15
25
25
0
25
20
15
30
27
21
16
19
26
29
30
21
18
28
26
29
30
0
0
1
28
31
30
0
0
2
3
8
12
18
5
1
28
13
11
18
5
1
28
13
2
24
12
9
27
12
11
0
0
1
28
13
12
3
16
2
28
31
13
3
28
5
12
31
6
3
18
4
12
31
6
3
18
4
12
31
10
20
16
2
28
25
13
0
0
1
28
31
13
0
1
16
28
30
30
6
4
20
14
9
26
17
1
16
28
13
29
17
1
29
22
5
29
6
1
16
28
13
29
0
16
19
26
30
30
0
25
24
15
30
27
14
25
24
15
25
25
0
25
20
15
30
27
21
16
19
26
29
30
21
18
28
26
29
30
0
0
1
28
31
30
0
0
2
3
8
12
18
5
1
28
13
11
18
5
1
28
13
2
24
12
9
27
12
11
0
0
1
28
13
12
3
16
2
28
31
13
3
28
5
12
31
6
3
18
4
12
31
6
3
18
4
12
31
10
20
16
2
28
25
13
0
0
1
28
31
13
0
1
16
28
30
30
6
4
20
14
9
26
17
1
16
28
13
29
17
1
29
22
5
29
6
1
16
28
13
29
0
16
19
26
30
30
0
25
24
15
30
27
14
25
24
15
25
25
0
25
20
15
30
27
21
16
19
26
29
30
21
18
28
26
29
30
0
0
1
28
31
30
0
0
2
3
8
12
18
5
1
28
13
11
18
5
1
28
13
2
24
12
9
27
12
11
0
0
1
28
13
12
3
16
2
28
31
13
3
28
5
12
31
6
3
18
4
12
31
6
3
18
4
12
31
10
20
16
2
28
25
13
0
0
1
28
31
13
0
1
16
28
30
30
6
4
20
14
9
26
17
1
16
28
13
29
17
1
29
22
5
29
6
1
16
28
13
29
0
16
19
26
30
30
0
25
24
15
30
27
14
25
24
15
25
25
0
25
20
15
30
27
21
16
19
26
29
30
21
18
28
26
29
30
0
0
1
28
31
30
0
0
2
3
8
12
18
5
1
28
13
11
18
5
1
28
13
2
24
12
9
27
12
11
0
0
1
28
13
12
3
16
2
28
31
13
3
28
5
12
31
6
3
18
4
12
31
6
3
18
4
12
31
10
20
16
2
28
25
13
0
0
1
28
31
13
0
1
16
28
30
30
6
4
20
14
9
26
17
1
16
28
13
29
17
1
29
22
5
29
6
1
16
28
13
29
0
16
19
26
30
30
0
25
24
15
30
27
14
25
24
15
25
25
0
25
20
15
30
27
21
16
19
26
29
30
21
18
28
26
29
30
0
0
1
28
31
30
0
0
2
3
8
12
18
5
1
28
13
11
18
5
1
28
13
2
24
12
9
27
12
11
0
0
1
28
13
12
3
16
2
28
31
13
3
28
5
12
31
6
3
18
4
12
31
6
3
18
4
12
31
10
20
16
2
28
25
13
0
0
1
28
31
13
0
1
16
28
30
30
6
4
20
14
9
26
17
1
16
28
13
29
17
1
29
22
5
29
6
1
16
28
13
29
0
16
19
26
30
30
0
25
24
15
30
27
14
25
24
15
25
25
0
25
20
15
30
27
21
16
19
26
29
30
21
18
28
26
29
30
0
0
1
28
31
30
0
0
2
3
8
12
18
5
1
28
13
11
18
5
1
28
13
2
24
12
9
27
12
11
0
0
1
28
13
12
3
16
2
28
31
13
3
28
5
12
31
6
3
18
4
12
31
6
3
18
4
12
31
10
20
16
2
28
25
13
0
0
1
28
31
13
0
1
16
28
30
30
6
4
20
14
9
26
17
1
16
28
13
29
17
1
29
22
5
29
6
1
16
28
13
29
0
16
19
26
30
30
0
25
24
15
30
27
14
25
24
15
25
25
0
25
20
15
30
27
21
16
19
26
29
30
21
18
28
26
29
30
0
0
1
28
31
30
0
0
2
3
8
12
18
5
1
28
13
11
18
5
1
28
13
2
24
12
9
27
12
11
0
0
1
28
13
12
3
16
2
28
31
13
3
28
5
12
31
6
3
18
4
12
31
6
3
18
4
12
31
10
20
16
2
28
25
13
0
0
1
28
31
13
0
1
16
28
30
30
6
4
20
14
9
26
17
1
16
28
13
29
17
1
29
22
5
29
6
1
16
28
13
29
0
16
19
26
30
30
0
25
24
15
30
27
14
25
24
15
25
25
0
25
20
15
30
27
21
16
19
26
29
30
21
18
28
26
29
30
0
0
1
28
31
30
0
0
2
3
8
12
18
5
1
28
13
11
18
5
1
28
13
2
24
12
9
27
12
11
0
0
1
28
13
12
3
16
2
28
31
13
3
28
5
12
31
6
3
18
4
12
31
6
3
18
4
12
31
10
20
16
2
28
25
13
0
0
1
28
31
13
0
1
16
28
30
30
6
4
20
14
9
26
17
1
16
28
13
29
17
1
29
22
5
29
6
1
16
28
13
29
0
16
19
26
30
30
0
25
24
15
30
27
14
25
24
15
25
25
0
25
20
15
30
27
21
16
19
26
29
30
21
18
28
26
29
30
0
0
1
28
31
30
0
0
2
3
8
12
18
5
1
28
13
11
18
5
1
28
13
2
24
12
9
27
12
11
0
0
1
28
13
12
3
16
2
28
31
13
3
28
5
12
31
6
3
18
4
12
31
6
3
18
4
12
31
10
20
16
2
28
25
13
0
0
1
28
31
13
0
1
16
28
30
30
6
4
20
14
9
26
17
1
16
28
13
29
17
1
29
22
5
29
6
1
16
28
13
29
0
16
19
26
30
30
0
25
24
15
30
27
14
25
24
15
25
25
0
25
20
15
30
27
21
16
19
26
29
30
21
18
28
26
29
30
0
0
1
28
31
30
0
0
2
3
8
12
18
5
1
28
13
11
18
5
1
28
13
2
24
12
9
27
12
11
0
0
1
28
13
12
3
16
2
28
31
13
3
28
5
12
31
6
3
18
4
12
31
6
3
18
4
12
31
10
20
16
2
28
25
13
0
0
1
28
31
13
0
1
16
28
30
30
6
4
20
14
9
26
17
1
16
28
13
29
17
1
29
22
5
29
6
1
16
28
13
29
0
16
19
26
30
30
0
25
24
15
30
27
14
25
24
15
25
25
0
25
20
15
30
27
21
16
19
26
29
30
21
18
28
26
29
30
0
0
1
28
31
30
0
0
2
3
8
12
18
5
1
28
13
11
18
5
1
28
13
2
24
12
9
27
12
11
0
0
1
28
13
12
3
16
2
28
31
13
3
28
5
12
31
6
3
18
4
12
31
6
3
18
4
12
31
10
20
16
2
28
25
13
0
0
1
28
31
13
0
1
16
28
30
30
6
4
20
14
9
26
17
1
16
28
13
29
17
1
29
22
5
29
6
1
16
28
13
29
0
16
19
26
30
30
0
25
24
15
30
27
14
25
24
15
25
25
0
25
20
15
30
27
21
16
19
26
29
30
21
18
28
26
29
30
0
0
2
31
31
31
10
2
11
14
11
15
6
0
2
14
11
15
22
8
3
29
9
5
6
0
2
29
11
15
0
19
2
26
29
14
5
19
9
13
29
14
5
19
9
7
22
14
0
19
2
13
29
14
0
0
2
29
29
15
0
1
18
31
31
31
0
1
18
3
3
21
2
14
18
13
14
22
0
1
18
13
14
22
0
1
18
13
14
27
0
1
18
19
14
27
8
17
18
31
31
31
8
19
25
12
31
31
8
19
18
12
31
31
17
17
19
31
29
30
17
26
19
29
29
21
17
17
19
29
29
23
26
27
30
31
29
30
0
0
2
31
31
31
10
2
11
14
11
15
6
0
2
14
11
15
22
8
3
29
9
5
6
0
2
29
11
15
0
19
2
26
29
14
5
19
9
13
29
14
5
19
9
7
22
14
0
19
2
13
29
14
0
0
2
29
29
15
0
1
18
31
31
31
0
1
18
3
3
21
2
14
18
13
14
22
0
1
18
13
14
22
0
1
18
13
14
27
0
1
18
19
14
27
8
17
18
31
31
31
8
19
25
12
31
31
8
19
18
12
31
31
17
17
19
31
29
30
17
26
19
29
29
21
17
17
19
29
29
23
26
27
30
31
29
30
0
0
2
31
31
31
10
2
11
14
11
15
6
0
2
14
11
15
22
8
3
29
9
5
6
0
2
29
11
15
0
19
2
26
29
14
5
19
9
13
29
14
5
19
9
7
22
14
0
19
2
13
29
14
0
0
2
29
29
15
0
1
18
31
31
31
0
1
18
3
3
21
2
14
18
13
14
22
0
1
18
13
14
22
0
1
18
13
14
27
0
1
18
19
14
27
8
17
18
31
31
31
8
19
25
12
31
31
8
19
18
12
31
31
17
17
19
31
29
30
17
26
19
29
29
21
17
17
19
29
29
23
26
27
30
31
29
30
0
0
2
31
31
31
10
2
11
14
11
15
6
0
2
14
11
15
22
8
3
29
9
5
6
0
2
29
11
15
0
19
2
26
29
14
5
19
9
13
29
14
5
19
9
7
22
14
0
19
2
13
29
14
0
0
2
29
29
15
0
1
18
31
31
31
0
1
18
3
3
21
2
14
18
13
14
22
0
1
18
13
14
22
0
1
18
13
14
27
0
1
18
19
14
27
8
17
18
31
31
31
8
19
25
12
31
31
8
19
18
12
31
31
17
17
19
31
29
30
17
26
19
29
29
21
17
17
19
29
29
23
26
27
30
31
29
30
0
0
2
31
31
31
10
2
11
14
11
15
6
0
2
14
11
15
22
8
3
29
9
5
6
0
2
29
11
15
0
19
2
26
29
14
5
19
9
13
29
14
5
19
9
7
22
14
0
19
2
13
29
14
0
0
2
29
29
15
0
1
18
31
31
31
0
1
18
3
3
21
2
14
18
13
14
22
0
1
18
13
14
22
0
1
18
13
14
27
0
1
18
19
14
27
8
17
18
31
31
31
8
19
25
12
31
31
8
19
18
12
31
31
17
17
19
31
29
30
17
26
19
29
29
21
17
17
19
29
29
23
26
27
30
31
29
30
0
0
2
31
31
31
10
2
11
14
11
15
6
0
2
14
11
15
22
8
3
29
9
5
6
0
2
29
11
15
0
19
2
26
29
14
5
19
9
13
29
14
5
19
9
7
22
14
0
19
2
13
29
14
0
0
2
29
29
15
0
1
18
31
31
31
0
1
18
3
3
21
2
14
18
13
14
22
0
1
18
13
14
22
0
1
18
13
14
27
0
1
18
19
14
27
8
17
18
31
31
31
8
19
25
12
31
31
8
19
18
12
31
31
17
17
19
31
29
30
17
26
19
29
29
21
17
17
19
29
29
23
26
27
30
31
29
30
0
0
2
31
31
31
10
2
11
14
11
15
6
0
2
14
11
15
22
8
3
29
9
5
6
0
2
29
11
15
0
19
2
26
29
14
5
19
9
13
29
14
5
19
9
7
22
14
0
19
2
13
29
14
0
0
2
29
29
15
0
1
18
31
31
31
0
1
18
3
3
21
2
14
18
13
14
22
0
1
18
13
14
22
0
1
18
13
14
27
0
1
18
19
14
27
8
17
18
31
31
31
8
19
25
12
31
31
8
19
18
12
31
31
17
17
19
31
29
30
17
26
19
29
29
21
17
17
19
29
29
23
26
27
30
31
29
30
0
0
2
31
31
31
10
2
11
14
11
15
6
0
2
14
11
15
22
8
3
29
9
5
6
0
2
29
11
15
0
19
2
26
29
14
5
19
9
13
29
14
5
19
9
7
22
14
0
19
2
13
29
14
0
0
2
29
29
15
0
1
18
31
31
31
0
1
18
3
3
21
2
14
18
13
14
22
0
1
18
13
14
22
0
1
18
13
14
27
0
1
18
19
14
27
8
17
18
31
31
31
8
19
25
12
31
31
8
19
18
12
31
31
17
17
19
31
29
30
17
26
19
29
29
21
17
17
19
29
29
23
26
27
30
31
29
30
0
0
2
31
31
31
10
2
11
14
11
15
6
0
2
14
11
15
22
8
3
29
9
5
6
0
2
29
11
15
0
19
2
26
29
14
5
19
9
13
29
14
5
19
9
7
22
14
0
19
2
13
29
14
0
0
2
29
29
15
0
1
18
31
31
31
0
1
18
3
3
21
2
14
18
13
14
22
0
1
18
13
14
22
0
1
18
13
14
27
0
1
18
19
14
27
8
17
18
31
31
31
8
19
25
12
31
31
8
19
18
12
31
31
17
17
19
31
29
30
17
26
19
29
29
21
17
17
19
29
29
23
26
27
30
31
29
30
0
0
2
31
31
31
10
2
11
14
11
15
6
0
2
14
11
15
22
8
3
29
9
5
6
0
2
29
11
15
0
19
2
26
29
14
5
19
9
13
29
14
5
19
9
7
22
14
0
19
2
13
29
14
0
0
2
29
29
15
0
1
18
31
31
31
0
1
18
3
3
21
2
14
18
13
14
22
0
1
18
13
14
22
0
1
18
13
14
27
0
1
18
19
14
27
8
17
18
31
31
31
8
19
25
12
31
31
8
19
18
12
31
31
17
17
19
31
29
30
17
26
19
29
29
21
17
17
19
29
29
23
26
27
30
31
29
30
0
0
2
31
31
31
10
2
11
14
11
15
6
0
2
14
11
15
22
8
3
29
9
5
6
0
2
29
11
15
0
19
2
26
29
14
5
19
9
13
29
14
5
19
9
7
22
14
0
19
2
13
29
14
0
0
2
29
29
15
0
1
18
31
31
31
0
1
18
3
3
21
2
14
18
13
14
22
0
1
18
13
14
22
0
1
18
13
14
27
0
1
18
19
14
27
8
17
18
31
31
31
8
19
25
12
31
31
8
19
18
12
31
31
17
17
19
31
29
30
17
26
19
29
29
21
17
17
19
29
29
23
26
27
30
31
29
30
0
0
2
31
31
31
10
2
11
14
11
15
6
0
2
14
11
15
22
8
3
29
9
5
6
0
2
29
11
15
0
19
2
26
29
14
5
19
9
13
29
14
5
19
9
7
22
14
0
19
2
13
29
14
0
0
2
29
29
15
0
1
18
31
31
31
0
1
18
3
3
21
2
14
18
13
14
22
0
1
18
13
14
22
0
1
18
13
14
27
0
1
18
19
14
27
8
17
18
31
31
31
8
19
25
12
31
31
8
19
18
12
31
31
17
17
19
31
29
30
17
26
19
29
29
21
17
17
19
29
29
23
26
27
30
31
29
30
1506
577
2565
60972
63513
64760
1506
23401
8593
3518
31269
14751
1506
4302
8593
6778
31269
14751
1506
577
2565
50443
31269
14751
13391
33255
7802
41143
58934
26535
13391
33255
17188
28714
53322
17258
13391
33255
15820
28714
54880
17258
36097
40539
7802
41143
58934
26535
1506
577
2565
50443
58934
26535
8866
1205
33216
60972
63513
64760
13812
7749
34658
27280
7839
39737
41547
1205
38957
60972
28634
64760
41547
1205
50716
60611
28634
64760
41547
2511
50716
45420
15118
64760
41547
1205
50716
54365
15118
64760
13812
1205
34658
60972
28634
64760
8866
33380
33216
44881
63513
63897
22696
33380
51808
26345
63513
55209
8866
33380
40583
26345
63513
55209
32966
40830
33216
44881
58439
63897
34483
40830
33216
37958
41198
44591
32966
45647
51947
44881
58439
63897
32966
57369
57935
34194
58439
63897
1506
577
2565
60972
63513
64760
1506
23401
8593
3518
31269
14751
1506
4302
8593
6778
31269
14751
1506
577
2565
50443
31269
14751
13391
33255
7802
41143
58934
26535
13391
33255
17188
28714
53322
17258
13391
33255
15820
28714
54880
17258
36097
40539
7802
41143
58934
26535
1506
577
2565
50443
58934
26535
8866
1205
33216
60972
63513
64760
13812
7749
34658
27280
7839
39737
41547
1205
38957
60972
28634
64760
41547
1205
50716
60611
28634
64760
41547
2511
50716
45420
15118
64760
41547
1205
50716
54365
15118
64760
13812
1205
34658
60972
28634
64760
8866
33380
33216
44881
63513
63897
22696
33380
51808
26345
63513
55209
8866
33380
40583
26345
63513
55209
32966
40830
33216
44881
58439
63897
34483
40830
33216
37958
41198
44591
32966
45647
51947
44881
58439
63897
32966
57369
57935
34194
58439
63897
1506
577
2565
60972
63513
64760
1506
23401
8593
3518
31269
14751
1506
4302
8593
6778
31269
14751
1506
577
2565
50443
31269
14751
13391
33255
7802
41143
58934
26535
13391
33255
17188
28714
53322
17258
13391
33255
15820
28714
54880
17258
36097
40539
7802
41143
58934
26535
1506
577
2565
50443
58934
26535
8866
1205
33216
60972
63513
64760
13812
7749
34658
27280
7839
39737
41547
1205
38957
60972
28634
64760
41547
1205
50716
60611
28634
64760
41547
2511
50716
45420
15118
64760
41547
1205
50716
54365
15118
64760
13812
1205
34658
60972
28634
64760
8866
33380
33216
44881
63513
63897
22696
33380
51808
26345
63513
55209
8866
33380
40583
26345
63513
55209
32966
40830
33216
44881
58439
63897
34483
40830
33216
37958
41198
44591
32966
45647
51947
44881
58439
63897
32966
57369
57935
34194
58439
63897
1506
577
2565
60972
63513
64760
1506
23401
8593
3518
31269
14751
1506
4302
8593
6778
31269
14751
1506
577
2565
50443
31269
14751
13391
33255
7802
41143
58934
26535
13391
33255
17188
28714
53322
17258
13391
33255
15820
28714
54880
17258
36097
40539
7802
41143
58934
26535
1506
577
2565
50443
58934
26535
8866
1205
33216
60972
63513
64760
13812
7749
34658
27280
7839
39737
41547
1205
38957
60972
28634
64760
41547
1205
50716
60611
28634
64760
41547
2511
50716
45420
15118
64760
41547
1205
50716
54365
15118
64760
13812
1205
34658
60972
28634
64760
8866
33380
33216
44881
63513
63897
22696
33380
51808
26345
63513
55209
8866
33380
40583
26345
63513
55209
32966
40830
33216
44881
58439
63897
34483
40830
33216
37958
41198
44591
32966
45647
51947
44881
58439
63897
32966
57369
57935
34194
58439
63897
1506
577
2565
60972
63513
64760
1506
23401
8593
3518
31269
14751
1506
4302
8593
6778
31269
14751
1506
577
2565
50443
31269
14751
13391
33255
7802
41143
58934
26535
13391
33255
17188
28714
53322
17258
13391
33255
15820
28714
54880
17258
36097
40539
7802
41143
58934
26535
1506
577
2565
50443
58934
26535
8866
1205
33216
60972
63513
64760
13812
7749
34658
27280
7839
39737
41547
1205
38957
60972
28634
64760
41547
1205
50716
60611
28634
64760
41547
2511
50716
45420
15118
64760
41547
1205
50716
54365
15118
64760
13812
1205
34658
60972
28634
64760
8866
33380
33216
44881
63513
63897
22696
33380
51808
26345
63513
55209
8866
33380
40583
26345
63513
55209
32966
40830
33216
44881
58439
63897
34483
40830
33216
37958
41198
44591
32966
45647
51947
44881
58439
63897
32966
57369
57935
34194
58439
63897
1506
577
2565
60972
63513
64760
1506
23401
8593
3518
31269
14751
1506
4302
8593
6778
31269
14751
1506
577
2565
50443
31269
14751
13391
33255
7802
41143
58934
26535
13391
33255
17188
28714
53322
17258
13391
33255
15820
28714
54880
17258
36097
40539
7802
41143
58934
26535
1506
577
2565
50443
58934
26535
8866
1205
33216
60972
63513
64760
13812
7749
34658
27280
7839
39737
41547
1205
38957
60972
28634
64760
41547
1205
50716
60611
28634
64760
41547
2511
50716
45420
15118
64760
41547
1205
50716
54365
15118
64760
13812
1205
34658
60972
28634
64760
8866
33380
33216
44881
63513
63897
22696
33380
51808
26345
63513
55209
8866
33380
40583
26345
63513
55209
32966
40830
33216
44881
58439
63897
34483
40830
33216
37958
41198
44591
32966
45647
51947
44881
58439
63897
32966
57369
57935
34194
58439
63897
1506
577
2565
60972
63513
64760
1506
23401
8593
3518
31269
14751
1506
4302
8593
6778
31269
14751
1506
577
2565
50443
31269
14751
13391
33255
7802
41143
58934
26535
13391
33255
17188
28714
53322
17258
13391
33255
15820
28714
54880
17258
36097
40539
7802
41143
58934
26535
1506
577
2565
50443
58934
26535
8866
1205
33216
60972
63513
64760
13812
7749
34658
27280
7839
39737
41547
1205
38957
60972
28634
64760
41547
1205
50716
60611
28634
64760
41547
2511
50716
45420
15118
64760
41547
1205
50716
54365
15118
64760
13812
1205
34658
60972
28634
64760
8866
33380
33216
44881
63513
63897
22696
33380
51808
26345
63513
55209
8866
33380
40583
26345
63513
55209
32966
40830
33216
44881
58439
63897
34483
40830
33216
37958
41198
44591
32966
45647
51947
44881
58439
63897
32966
57369
57935
34194
58439
63897
1506
577
2565
60972
63513
64760
1506
23401
8593
3518
31269
14751
1506
4302
8593
6778
31269
14751
1506
577
2565
50443
31269
14751
13391
33255
7802
41143
58934
26535
13391
33255
17188
28714
53322
17258
13391
33255
15820
28714
54880
17258
36097
40539
7802
41143
58934
26535
1506
577
2565
50443
58934
26535
8866
1205
33216
60972
63513
64760
13812
7749
34658
27280
7839
39737
41547
1205
38957
60972
28634
64760
41547
1205
50716
60611
28634
64760
41547
2511
50716
45420
15118
64760
41547
1205
50716
54365
15118
64760
13812
1205
34658
60972
28634
64760
8866
33380
33216
44881
63513
63897
22696
33380
51808
26345
63513
55209
8866
33380
40583
26345
63513
55209
32966
40830
33216
44881
58439
63897
34483
40830
33216
37958
41198
44591
32966
45647
51947
44881
58439
63897
32966
57369
57935
34194
58439
63897
1506
577
2565
60972
63513
64760
1506
23401
8593
3518
31269
14751
1506
4302
8593
6778
31269
14751
1506
577
2565
50443
31269
14751
13391
33255
7802
41143
58934
26535
13391
33255
17188
28714
53322
17258
13391
33255
15820
28714
54880
17258
36097
40539
7802
41143
58934
26535
1506
577
2565
50443
58934
26535
8866
1205
33216
60972
63513
64760
13812
7749
34658
27280
7839
39737
41547
1205
38957
60972
28634
64760
41547
1205
50716
60611
28634
64760
41547
2511
50716
45420
15118
64760
41547
1205
50716
54365
15118
64760
13812
1205
34658
60972
28634
64760
8866
33380
33216
44881
63513
63897
22696
33380
51808
26345
63513
55209
8866
33380
40583
26345
63513
55209
32966
40830
33216
44881
58439
63897
34483
40830
33216
37958
41198
44591
32966
45647
51947
44881
58439
63897
32966
57369
57935
34194
58439
63897
1506
577
2565
60972
63513
64760
1506
23401
8593
3518
31269
14751
1506
4302
8593
6778
31269
14751
1506
577
2565
50443
31269
14751
13391
33255
7802
41143
58934
26535
13391
33255
17188
28714
53322
17258
13391
33255
15820
28714
54880
17258
36097
40539
7802
41143
58934
26535
1506
577
2565
50443
58934
26535
8866
1205
33216
60972
63513
64760
13812
7749
34658
27280
7839
39737
41547
1205
38957
60972
28634
64760
41547
1205
50716
60611
28634
64760
41547
2511
50716
45420
15118
64760
41547
1205
50716
54365
15118
64760
13812
1205
34658
60972
28634
64760
8866
33380
33216
44881
63513
63897
22696
33380
51808
26345
63513
55209
8866
33380
40583
26345
63513
55209
32966
40830
33216
44881
58439
63897
34483
40830
33216
37958
41198
44591
32966
45647
51947
44881
58439
63897
32966
57369
57935
34194
58439
63897
1506
577
2565
60972
63513
64760
1506
23401
8593
3518
31269
14751
1506
4302
8593
6778
31269
14751
1506
577
2565
50443
31269
14751
13391
33255
7802
41143
58934
26535
13391
33255
17188
28714
53322
17258
13391
33255
15820
28714
54880
17258
36097
40539
7802
41143
58934
26535
1506
577
2565
50443
58934
26535
8866
1205
33216
60972
63513
64760
13812
7749
34658
27280
7839
39737
41547
1205
38957
60972
28634
64760
41547
1205
50716
60611
28634
64760
41547
2511
50716
45420
15118
64760
41547
1205
50716
54365
15118
64760
13812
1205
34658
60972
28634
64760
8866
33380
33216
44881
63513
63897
22696
33380
51808
26345
63513
55209
8866
33380
40583
26345
63513
55209
32966
40830
33216
44881
58439
63897
34483
40830
33216
37958
41198
44591
32966
45647
51947
44881
58439
63897
32966
57369
57935
34194
58439
63897
1506
577
2565
60972
63513
64760
1506
23401
8593
3518
31269
14751
1506
4302
8593
6778
31269
14751
1506
577
2565
50443
31269
14751
13391
33255
7802
41143
58934
26535
13391
33255
17188
28714
53322
17258
13391
33255
15820
28714
54880
17258
36097
40539
7802
41143
58934
26535
1506
577
2565
50443
58934
26535
8866
1205
33216
60972
63513
64760
13812
7749
34658
27280
7839
39737
41547
1205
38957
60972
28634
64760
41547
1205
50716
60611
28634
64760
41547
2511
50716
45420
15118
64760
41547
1205
50716
54365
15118
64760
13812
1205
34658
60972
28634
64760
8866
33380
33216
44881
63513
63897
22696
33380
51808
26345
63513
55209
8866
33380
40583
26345
63513
55209
32966
40830
33216
44881
58439
63897
34483
40830
33216
37958
41198
44591
32966
45647
51947
44881
58439
63897
32966
57369
57935
34194
58439
63897
2
0
1
31
31
31
6
3
1
10
8
3
2
3
1
10
11
15
17
7
4
25
12
15
17
7
8
21
11
15
2
3
1
25
12
15
9
16
3
31
29
15
9
16
3
12
17
6
11
23
11
15
29
15
11
28
11
15
29
13
9
16
3
15
29
15
22
22
4
31
24
13
2
3
1
31
29
15
4
0
17
26
31
31
4
2
17
10
5
18
4
2
17
15
12
30
18
0
24
26
15
28
18
14
24
26
15
28
18
14
24
20
15
28
4
0
17
26
15
30
8
19
22
18
31
31
13
19
29
13
29
29
8
19
22
13
31
29
2
0
1
31
31
31
6
3
1
10
8
3
2
3
1
10
11
15
17
7
4
25
12
15
17
7
8
21
11
15
2
3
1
25
12
15
9
16
3
31
29
15
9
16
3
12
17
6
11
23
11
15
29
15
11
28
11
15
29
13
9
16
3
15
29
15
22
22
4
31
24
13
2
3
1
31
29
15
4
0
17
26
31
31
4
2
17
10
5
18
4
2
17
15
12
30
18
0
24
26
15
28
18
14
24
26
15
28
18
14
24
20
15
28
4
0
17
26
15
30
8
19
22
18
31
31
13
19
29
13
29
29
8
19
22
13
31
29
2
0
1
31
31
31
6
3
1
10
8
3
2
3
1
10
11
15
17
7
4
25
12
15
17
7
8
21
11
15
2
3
1
25
12
15
9
16
3
31
29
15
9
16
3
12
17
6
11
23
11
15
29
15
11
28
11
15
29
13
9
16
3
15
29
15
22
22
4
31
24
13
2
3
1
31
29
15
4
0
17
26
31
31
4
2
17
10
5
18
4
2
17
15
12
30
18
0
24
26
15
28
18
14
24
26
15
28
18
14
24
20
15
28
4
0
17
26
15
30
8
19
22
18
31
31
13
19
29
13
29
29
8
19
22
13
31
29
2
0
1
31
31
31
6
3
1
10
8
3
2
3
1
10
11
15
17
7
4
25
12
15
17
7
8
21
11
15
2
3
1
25
12
15
9
16
3
31
29
15
9
16
3
12
17
6
11
23
11
15
29
15
11
28
11
15
29
13
9
16
3
15
29
15
22
22
4
31
24
13
2
3
1
31
29
15
4
0
17
26
31
31
4
2
17
10
5
18
4
2
17
15
12
30
18
0
24
26
15
28
18
14
24
26
15
28
18
14
24
20
15
28
4
0
17
26
15
30
8
19
22
18
31
31
13
19
29
13
29
29
8
19
22
13
31
29
2
0
1
31
31
31
6
3
1
10
8
3
2
3
1
10
11
15
17
7
4
25
12
15
17
7
8
21
11
15
2
3
1
25
12
15
9
16
3
31
29
15
9
16
3
12
17
6
11
23
11
15
29
15
11
28
11
15
29
13
9
16
3
15
29
15
22
22
4
31
24
13
2
3
1
31
29
15
4
0
17
26
31
31
4
2
17
10
5
18
4
2
17
15
12
30
18
0
24
26
15
28
18
14
24
26
15
28
18
14
24
20
15
28
4
0
17
26
15
30
8
19
22
18
31
31
13
19
29
13
29
29
8
19
22
13
31
29
2
0
1
31
31
31
6
3
1
10
8
3
2
3
1
10
11
15
17
7
4
25
12
15
17
7
8
21
11
15
2
3
1
25
12
15
9
16
3
31
29
15
9
16
3
12
17
6
11
23
11
15
29
15
11
28
11
15
29
13
9
16
3
15
29
15
22
22
4
31
24
13
2
3
1
31
29
15
4
0
17
26
31
31
4
2
17
10
5
18
4
2
17
15
12
30
18
0
24
26
15
28
18
14
24
26
15
28
18
14
24
20
15
28
4
0
17
26
15
30
8
19
22
18
31
31
13
19
29
13
29
29
8
19
22
13
31
29
2
0
1
31
31
31
6
3
1
10
8
3
2
3
1
10
11
15
17
7
4
25
12
15
17
7
8
21
11
15
2
3
1
25
12
15
9
16
3
31
29
15
9
16
3
12
17
6
11
23
11
15
29
15
11
28
11
15
29
13
9
16
3
15
29
15
22
22
4
31
24
13
2
3
1
31
29
15
4
0
17
26
31
31
4
2
17
10
5
18
4
2
17
15
12
30
18
0
24
26
15
28
18
14
24
26
15
28
18
14
24
20
15
28
4
0
17
26
15
30
8
19
22
18
31
31
13
19
29
13
29
29
8
19
22
13
31
29
2
0
1
31
31
31
6
3
1
10
8
3
2
3
1
10
11
15
17
7
4
25
12
15
17
7
8
21
11
15
2
3
1
25
12
15
9
16
3
31
29
15
9
16
3
12
17
6
11
23
11
15
29
15
11
28
11
15
29
13
9
16
3
15
29
15
22
22
4
31
24
13
2
3
1
31
29
15
4
0
17
26
31
31
4
2
17
10
5
18
4
2
17
15
12
30
18
0
24
26
15
28
18
14
24
26
15
28
18
14
24
20
15
28
4
0
17
26
15
30
8
19
22
18
31
31
13
19
29
13
29
29
8
19
22
13
31
29
2
0
1
31
31
31
6
3
1
10
8
3
2
3
1
10
11
15
17
7
4
25
12
15
17
7
8
21
11
15
2
3
1
25
12
15
9
16
3
31
29
15
9
16
3
12
17
6
11
23
11
15
29
15
11
28
11
15
29
13
9
16
3
15
29
15
22
22
4
31
24
13
2
3
1
31
29
15
4
0
17
26
31
31
4
2
17
10
5
18
4
2
17
15
12
30
18
0
24
26
15
28
18
14
24
26
15
28
18
14
24
20
15
28
4
0
17
26
15
30
8
19
22
18
31
31
13
19
29
13
29
29
8
19
22
13
31
29
2
0
1
31
31
31
6
3
1
10
8
3
2
3
1
10
11
15
17
7
4
25
12
15
17
7
8
21
11
15
2
3
1
25
12
15
9
16
3
31
29
15
9
16
3
12
17
6
11
23
11
15
29
15
11
28
11
15
29
13
9
16
3
15
29
15
22
22
4
31
24
13
2
3
1
31
29
15
4
0
17
26
31
31
4
2
17
10
5
18
4
2
17
15
12
30
18
0
24
26
15
28
18
14
24
26
15
28
18
14
24
20
15
28
4
0
17
26
15
30
8
19
22
18
31
31
13
19
29
13
29
29
8
19
22
13
31
29
2
0
1
31
31
31
6
3
1
10
8
3
2
3
1
10
11
15
17
7
4
25
12
15
17
7
8
21
11
15
2
3
1
25
12
15
9
16
3
31
29
15
9
16
3
12
17
6
11
23
11
15
29
15
11
28
11
15
29
13
9
16
3
15
29
15
22
22
4
31
24
13
2
3
1
31
29
15
4
0
17
26
31
31
4
2
17
10
5
18
4
2
17
15
12
30
18
0
24
26
15
28
18
14
24
26
15
28
18
14
24
20
15
28
4
0
17
26
15
30
8
19
22
18
31
31
13
19
29
13
29
29
8
19
22
13
31
29
2
0
1
31
31
31
6
3
1
10
8
3
2
3
1
10
11
15
17
7
4
25
12
15
17
7
8
21
11
15
2
3
1
25
12
15
9
16
3
31
29
15
9
16
3
12
17
6
11
23
11
15
29
15
11
28
11
15
29
13
9
16
3
15
29
15
22
22
4
31
24
13
2
3
1
31
29
15
4
0
17
26
31
31
4
2
17
10
5
18
4
2
17
15
12
30
18
0
24
26
15
28
18
14
24
26
15
28
18
14
24
20
15
28
4
0
17
26
15
30
8
19
22
18
31
31
13
19
29
13
29
29
8
19
22
13
31
29
0
0
0
29
30
31
20
0
0
29
15
13
23
0
0
28
1
1
28
9
0
29
14
6
23
0
0
29
14
6
20
9
11
27
15
13
25
15
11
27
15
13
2
0
0
29
15
15
4
16
5
27
30
15
7
27
5
13
30
7
4
19
5
13
30
7
11
18
9
14
28
15
13
18
9
14
20
15
4
18
5
14
30
15
21
16
10
27
27
10
2
0
0
29
30
15
0
1
16
29
26
31
14
4
21
14
15
22
0
1
26
6
9
31
0
1
21
14
15
31
5
17
16
29
26
31
5
19
21
11
26
22
16
17
16
29
19
31
0
0
0
29
30
31
20
0
0
29
15
13
23
0
0
28
1
1
28
9
0
29
14
6
23
0
0
29
14
6
20
9
11
27
15
13
25
15
11
27
15
13
2
0
0
29
15
15
4
16
5
27
30
15
7
27
5
13
30
7
4
19
5
13
30
7
11
18
9
14
28
15
13
18
9
14
20
15
4
18
5
14
30
15
21
16
10
27
27
10
2
0
0
29
30
15
0
1
16
29
26
31
14
4
21
14
15
22
0
1
26
6
9
31
0
1
21
14
15
31
5
17
16
29
26
31
5
19
21
11
26
22
16
17
16
29
19
31
0
0
0
29
30
31
20
0
0
29
15
13
23
0
0
28
1
1
28
9
0
29
14
6
23
0
0
29
14
6
20
9
11
27
15
13
25
15
11
27
15
13
2
0
0
29
15
15
4
16
5
27
30
15
7
27
5
13
30
7
4
19
5
13
30
7
11
18
9
14
28
15
13
18
9
14
20
15
4
18
5
14
30
15
21
16
10
27
27
10
2
0
0
29
30
15
0
1
16
29
26
31
14
4
21
14
15
22
0
1
26
6
9
31
0
1
21
14
15
31
5
17
16
29
26
31
5
19
21
11
26
22
16
17
16
29
19
31
0
0
0
29
30
31
20
0
0
29
15
13
23
0
0
28
1
1
28
9
0
29
14
6
23
0
0
29
14
6
20
9
11
27
15
13
25
15
11
27
15
13
2
0
0
29
15
15
4
16
5
27
30
15
7
27
5
13
30
7
4
19
5
13
30
7
11
18
9
14
28
15
13
18
9
14
20
15
4
18
5
14
30
15
21
16
10
27
27
10
2
0
0
29
30
15
0
1
16
29
26
31
14
4
21
14
15
22
0
1
26
6
9
31
0
1
21
14
15
31
5
17
16
29
26
31
5
19
21
11
26
22
16
17
16
29
19
31
0
0
0
29
30
31
20
0
0
29
15
13
23
0
0
28
1
1
28
9
0
29
14
6
23
0
0
29
14
6
20
9
11
27
15
13
25
15
11
27
15
13
2
0
0
29
15
15
4
16
5
27
30
15
7
27
5
13
30
7
4
19
5
13
30
7
11
18
9
14
28
15
13
18
9
14
20
15
4
18
5
14
30
15
21
16
10
27
27
10
2
0
0
29
30
15
0
1
16
29
26
31
14
4
21
14
15
22
0
1
26
6
9
31
0
1
21
14
15
31
5
17
16
29
26
31
5
19
21
11
26
22
16
17
16
29
19
31
0
0
0
29
30
31
20
0
0
29
15
13
23
0
0
28
1
1
28
9
0
29
14
6
23
0
0
29
14
6
20
9
11
27
15
13
25
15
11
27
15
13
2
0
0
29
15
15
4
16
5
27
30
15
7
27
5
13
30
7
4
19
5
13
30
7
11
18
9
14
28
15
13
18
9
14
20
15
4
18
5
14
30
15
21
16
10
27
27
10
2
0
0
29
30
15
0
1
16
29
26
31
14
4
21
14
15
22
0
1
26
6
9
31
0
1
21
14
15
31
5
17
16
29
26
31
5
19
21
11
26
22
16
17
16
29
19
31
0
0
0
29
30
31
20
0
0
29
15
13
23
0
0
28
1
1
28
9
0
29
14
6
23
0
0
29
14
6
20
9
11
27
15
13
25
15
11
27
15
13
2
0
0
29
15
15
4
16
5
27
30
15
7
27
5
13
30
7
4
19
5
13
30
7
11
18
9
14
28
15
13
18
9
14
20
15
4
18
5
14
30
15
21
16
10
27
27
10
2
0
0
29
30
15
0
1
16
29
26
31
14
4
21
14
15
22
0
1
26
6
9
31
0
1
21
14
15
31
5
17
16
29
26
31
5
19
21
11
26
22
16
17
16
29
19
31
0
0
0
29
30
31
20
0
0
29
15
13
23
0
0
28
1
1
28
9
0
29
14
6
23
0
0
29
14
6
20
9
11
27
15
13
25
15
11
27
15
13
2
0
0
29
15
15
4
16
5
27
30
15
7
27
5
13
30
7
4
19
5
13
30
7
11
18
9
14
28
15
13
18
9
14
20
15
4
18
5
14
30
15
21
16
10
27
27
10
2
0
0
29
30
15
0
1
16
29
26
31
14
4
21
14
15
22
0
1
26
6
9
31
0
1
21
14
15
31
5
17
16
29
26
31
5
19
21
11
26
22
16
17
16
29
19
31
0
0
0
29
30
31
20
0
0
29
15
13
23
0
0
28
1
1
28
9
0
29
14
6
23
0
0
29
14
6
20
9
11
27
15
13
25
15
11
27
15
13
2
0
0
29
15
15
4
16
5
27
30
15
7
27
5
13
30
7
4
19
5
13
30
7
11
18
9
14
28
15
13
18
9
14
20
15
4
18
5
14
30
15
21
16
10
27
27
10
2
0
0
29
30
15
0
1
16
29
26
31
14
4
21
14
15
22
0
1
26
6
9
31
0
1
21
14
15
31
5
17
16
29
26
31
5
19
21
11
26
22
16
17
16
29
19
31
0
0
0
29
30
31
20
0
0
29
15
13
23
0
0
28
1
1
28
9
0
29
14
6
23
0
0
29
14
6
20
9
11
27
15
13
25
15
11
27
15
13
2
0
0
29
15
15
4
16
5
27
30
15
7
27
5
13
30
7
4
19
5
13
30
7
11
18
9
14
28
15
13
18
9
14
20
15
4
18
5
14
30
15
21
16
10
27
27
10
2
0
0
29
30
15
0
1
16
29
26
31
14
4
21
14
15
22
0
1
26
6
9
31
0
1
21
14
15
31
5
17
16
29
26
31
5
19
21
11
26
22
16
17
16
29
19
31
0
0
0
29
30
31
20
0
0
29
15
13
23
0
0
28
1
1
28
9
0
29
14
6
23
0
0
29
14
6
20
9
11
27
15
13
25
15
11
27
15
13
2
0
0
29
15
15
4
16
5
27
30
15
7
27
5
13
30
7
4
19
5
13
30
7
11
18
9
14
28
15
13
18
9
14
20
15
4
18
5
14
30
15
21
16
10
27
27
10
2
0
0
29
30
15
0
1
16
29
26
31
14
4
21
14
15
22
0
1
26
6
9
31
0
1
21
14
15
31
5
17
16
29
26
31
5
19
21
11
26
22
16
17
16
29
19
31
0
0
0
29
30
31
20
0
0
29
15
13
23
0
0
28
1
1
28
9
0
29
14
6
23
0
0
29
14
6
20
9
11
27
15
13
25
15
11
27
15
13
2
0
0
29
15
15
4
16
5
27
30
15
7
27
5
13
30
7
4
19
5
13
30
7
11
18
9
14
28
15
13
18
9
14
20
15
4
18
5
14
30
15
21
16
10
27
27
10
2
0
0
29
30
15
0
1
16
29
26
31
14
4
21
14
15
22
0
1
26
6
9
31
0
1
21
14
15
31
5
17
16
29
26
31
5
19
21
11
26
22
16
17
16
29
19
31
264
2001
539
65533
64322
65045
18620
15149
539
25679
15687
4349
12182
15149
539
25679
15687
13425
25489
26148
12908
31377
32022
15336
12182
15149
539
31377
32022
15336
19901
4710
22744
24662
10006
24514
12182
4710
539
31377
32022
24514
41815
2001
9858
54441
20800
28642
41815
2001
18334
54441
20800
28642
41815
2001
18334
41993
14593
19251
12182
2001
539
54441
32022
28642
264
35178
14347
49248
62944
30968
264
59409
17281
16528
59658
25688
35003
35178
14347
49248
62944
30968
264
2001
539
54441
62944
30968
924
3209
38458
65533
64322
65045
924
3209
38458
20585
12443
41168
924
3209
38458
20585
29046
47636
7257
14881
60338
16741
27303
65045
924
3209
38458
20585
29046
65045
924
3209
38458
37988
31820
65045
1350
52202
50228
65533
64322
60669
1350
52202
57369
6553
60108
60669
264
2001
539
65533
64322
65045
18620
15149
539
25679
15687
4349
12182
15149
539
25679
15687
13425
25489
26148
12908
31377
32022
15336
12182
15149
539
31377
32022
15336
19901
4710
22744
24662
10006
24514
12182
4710
539
31377
32022
24514
41815
2001
9858
54441
20800
28642
41815
2001
18334
54441
20800
28642
41815
2001
18334
41993
14593
19251
12182
2001
539
54441
32022
28642
264
35178
14347
49248
62944
30968
264
59409
17281
16528
59658
25688
35003
35178
14347
49248
62944
30968
264
2001
539
54441
62944
30968
924
3209
38458
65533
64322
65045
924
3209
38458
20585
12443
41168
924
3209
38458
20585
29046
47636
7257
14881
60338
16741
27303
65045
924
3209
38458
20585
29046
65045
924
3209
38458
37988
31820
65045
1350
52202
50228
65533
64322
60669
1350
52202
57369
6553
60108
60669
264
2001
539
65533
64322
65045
18620
15149
539
25679
15687
4349
12182
15149
539
25679
15687
13425
25489
26148
12908
31377
32022
15336
12182
15149
539
31377
32022
15336
19901
4710
22744
24662
10006
24514
12182
4710
539
31377
32022
24514
41815
2001
9858
54441
20800
28642
41815
2001
18334
54441
20800
28642
41815
2001
18334
41993
14593
19251
12182
2001
539
54441
32022
28642
264
35178
14347
49248
62944
30968
264
59409
17281
16528
59658
25688
35003
35178
14347
49248
62944
30968
264
2001
539
54441
62944
30968
924
3209
38458
65533
64322
65045
924
3209
38458
20585
12443
41168
924
3209
38458
20585
29046
47636
7257
14881
60338
16741
27303
65045
924
3209
38458
20585
29046
65045
924
3209
38458
37988
31820
65045
1350
52202
50228
65533
64322
60669
1350
52202
57369
6553
60108
60669
264
2001
539
65533
64322
65045
18620
15149
539
25679
15687
4349
12182
15149
539
25679
15687
13425
25489
26148
12908
31377
32022
15336
12182
15149
539
31377
32022
15336
19901
4710
22744
24662
10006
24514
12182
4710
539
31377
32022
24514
41815
2001
9858
54441
20800
28642
41815
2001
18334
54441
20800
28642
41815
2001
18334
41993
14593
19251
12182
2001
539
54441
32022
28642
264
35178
14347
49248
62944
30968
264
59409
17281
16528
59658
25688
35003
35178
14347
49248
62944
30968
264
2001
539
54441
62944
30968
924
3209
38458
65533
64322
65045
924
3209
38458
20585
12443
41168
924
3209
38458
20585
29046
47636
7257
14881
60338
16741
27303
65045
924
3209
38458
20585
29046
65045
924
3209
38458
37988
31820
65045
1350
52202
50228
65533
64322
60669
1350
52202
57369
6553
60108
60669
264
2001
539
65533
64322
65045
18620
15149
539
25679
15687
4349
12182
15149
539
25679
15687
13425
25489
26148
12908
31377
32022
15336
12182
15149
539
31377
32022
15336
19901
4710
22744
24662
10006
24514
12182
4710
539
31377
32022
24514
41815
2001
9858
54441
20800
28642
41815
2001
18334
54441
20800
28642
41815
2001
18334
41993
14593
19251
12182
2001
539
54441
32022
28642
264
35178
14347
49248
62944
30968
264
59409
17281
16528
59658
25688
35003
35178
14347
49248
62944
30968
264
2001
539
54441
62944
30968
924
3209
38458
65533
64322
65045
924
3209
38458
20585
12443
41168
924
3209
38458
20585
29046
47636
7257
14881
60338
16741
27303
65045
924
3209
38458
20585
29046
65045
924
3209
38458
37988
31820
65045
1350
52202
50228
65533
64322
60669
1350
52202
57369
6553
60108
60669
264
2001
539
65533
64322
65045
18620
15149
539
25679
15687
4349
12182
15149
539
25679
15687
13425
25489
26148
12908
31377
32022
15336
12182
15149
539
31377
32022
15336
19901
4710
22744
24662
10006
24514
12182
4710
539
31377
32022
24514
41815
2001
9858
54441
20800
28642
41815
2001
18334
54441
20800
28642
41815
2001
18334
41993
14593
19251
12182
2001
539
54441
32022
28642
264
35178
14347
49248
62944
30968
264
59409
17281
16528
59658
25688
35003
35178
14347
49248
62944
30968
264
2001
539
54441
62944
30968
924
3209
38458
65533
64322
65045
924
3209
38458
20585
12443
41168
924
3209
38458
20585
29046
47636
7257
14881
60338
16741
27303
65045
924
3209
38458
20585
29046
65045
924
3209
38458
37988
31820
65045
1350
52202
50228
65533
64322
60669
1350
52202
57369
6553
60108
60669
264
2001
539
65533
64322
65045
18620
15149
539
25679
15687
4349
12182
15149
539
25679
15687
13425
25489
26148
12908
31377
32022
15336
12182
15149
539
31377
32022
15336
19901
4710
22744
24662
10006
24514
12182
4710
539
31377
32022
24514
41815
2001
9858
54441
20800
28642
41815
2001
18334
54441
20800
28642
41815
2001
18334
41993
14593
19251
12182
2001
539
54441
32022
28642
264
35178
14347
49248
62944
30968
264
59409
17281
16528
59658
25688
35003
35178
14347
49248
62944
30968
264
2001
539
54441
62944
30968
924
3209
38458
65533
64322
65045
924
3209
38458
20585
12443
41168
924
3209
38458
20585
29046
47636
7257
14881
60338
16741
27303
65045
924
3209
38458
20585
29046
65045
924
3209
38458
37988
31820
65045
1350
52202
50228
65533
64322
60669
1350
52202
57369
6553
60108
60669
264
2001
539
65533
64322
65045
18620
15149
539
25679
15687
4349
12182
15149
539
25679
15687
13425
25489
26148
12908
31377
32022
15336
12182
15149
539
31377
32022
15336
19901
4710
22744
24662
10006
24514
12182
4710
539
31377
32022
24514
41815
2001
9858
54441
20800
28642
41815
2001
18334
54441
20800
28642
41815
2001
18334
41993
14593
19251
12182
2001
539
54441
32022
28642
264
35178
14347
49248
62944
30968
264
59409
17281
16528
59658
25688
35003
35178
14347
49248
62944
30968
264
2001
539
54441
62944
30968
924
3209
38458
65533
64322
65045
924
3209
38458
20585
12443
41168
924
3209
38458
20585
29046
47636
7257
14881
60338
16741
27303
65045
924
3209
38458
20585
29046
65045
924
3209
38458
37988
31820
65045
1350
52202
50228
65533
64322
60669
1350
52202
57369
6553
60108
60669
264
2001
539
65533
64322
65045
18620
15149
539
25679
15687
4349
12182
15149
539
25679
15687
13425
25489
26148
12908
31377
32022
15336
12182
15149
539
31377
32022
15336
19901
4710
22744
24662
10006
24514
12182
4710
539
31377
32022
24514
41815
2001
9858
54441
20800
28642
41815
2001
18334
54441
20800
28642
41815
2001
18334
41993
14593
19251
12182
2001
539
54441
32022
28642
264
35178
14347
49248
62944
30968
264
59409
17281
16528
59658
25688
35003
35178
14347
49248
62944
30968
264
2001
539
54441
62944
30968
924
3209
38458
65533
64322
65045
924
3209
38458
20585
12443
41168
924
3209
38458
20585
29046
47636
7257
14881
60338
16741
27303
65045
924
3209
38458
20585
29046
65045
924
3209
38458
37988
31820
65045
1350
52202
50228
65533
64322
60669
1350
52202
57369
6553
60108
60669
264
2001
539
65533
64322
65045
18620
15149
539
25679
15687
4349
12182
15149
539
25679
15687
13425
25489
26148
12908
31377
32022
15336
12182
15149
539
31377
32022
15336
19901
4710
22744
24662
10006
24514
12182
4710
539
31377
32022
24514
41815
2001
9858
54441
20800
28642
41815
2001
18334
54441
20800
28642
41815
2001
18334
41993
14593
19251
12182
2001
539
54441
32022
28642
264
35178
14347
49248
62944
30968
264
59409
17281
16528
59658
25688
35003
35178
14347
49248
62944
30968
264
2001
539
54441
62944
30968
924
3209
38458
65533
64322
65045
924
3209
38458
20585
12443
41168
924
3209
38458
20585
29046
47636
7257
14881
60338
16741
27303
65045
924
3209
38458
20585
29046
65045
924
3209
38458
37988
31820
65045
1350
52202
50228
65533
64322
60669
1350
52202
57369
6553
60108
60669
264
2001
539
65533
64322
65045
18620
15149
539
25679
15687
4349
12182
15149
539
25679
15687
13425
25489
26148
12908
31377
32022
15336
12182
15149
539
31377
32022
15336
19901
4710
22744
24662
10006
24514
12182
4710
539
31377
32022
24514
41815
2001
9858
54441
20800
28642
41815
2001
18334
54441
20800
28642
41815
2001
18334
41993
14593
19251
12182
2001
539
54441
32022
28642
264
35178
14347
49248
62944
30968
264
59409
17281
16528
59658
25688
35003
35178
14347
49248
62944
30968
264
2001
539
54441
62944
30968
924
3209
38458
65533
64322
65045
924
3209
38458
20585
12443
41168
924
3209
38458
20585
29046
47636
7257
14881
60338
16741
27303
65045
924
3209
38458
20585
29046
65045
924
3209
38458
37988
31820
65045
1350
52202
50228
65533
64322
60669
1350
52202
57369
6553
60108
60669
264
2001
539
65533
64322
65045
18620
15149
539
25679
15687
4349
12182
15149
539
25679
15687
13425
25489
26148
12908
31377
32022
15336
12182
15149
539
31377
32022
15336
19901
4710
22744
24662
10006
24514
12182
4710
539
31377
32022
24514
41815
2001
9858
54441
20800
28642
41815
2001
18334
54441
20800
28642
41815
2001
18334
41993
14593
19251
12182
2001
539
54441
32022
28642
264
35178
14347
49248
62944
30968
264
59409
17281
16528
59658
25688
35003
35178
14347
49248
62944
30968
264
2001
539
54441
62944
30968
924
3209
38458
65533
64322
65045
924
3209
38458
20585
12443
41168
924
3209
38458
20585
29046
47636
7257
14881
60338
16741
27303
65045
924
3209
38458
20585
29046
65045
924
3209
38458
37988
31820
65045
1350
52202
50228
65533
64322
60669
1350
52202
57369
6553
60108
60669
0
0
0
31
31
31
18
1
1
24
13
15
18
1
11
24
3
15
18
1
11
19
3
12
13
1
1
24
13
15
4
19
0
30
31
11
4
20
0
12
30
1
16
19
4
30
31
11
17
21
4
30
25
4
16
19
10
27
31
11
4
1
0
30
31
15
0
0
16
31
31
31
3
5
26
8
6
29
17
0
21
31
14
29
17
0
21
31
14
22
3
0
21
31
14
29
0
19
16
21
31
31
0
26
16
5
31
23
10
26
17
15
28
19
0
26
16
15
31
23
12
25
26
13
30
31
0
25
16
15
31
31
18
19
17
21
27
18
0
0
0
31
31
31
18
1
1
24
13
15
18
1
11
24
3
15
18
1
11
19
3
12
13
1
1
24
13
15
4
19
0
30
31
11
4
20
0
12
30
1
16
19
4
30
31
11
17
21
4
30
25
4
16
19
10
27
31
11
4
1
0
30
31
15
0
0
16
31
31
31
3
5
26
8
6
29
17
0
21
31
14
29
17
0
21
31
14
22
3
0
21
31
14
29
0
19
16
21
31
31
0
26
16
5
31
23
10
26
17
15
28
19
0
26
16
15
31
23
12
25
26
13
30
31
0
25
16
15
31
31
18
19
17
21
27
18
0
0
0
31
31
31
18
1
1
24
13
15
18
1
11
24
3
15
18
1
11
19
3
12
13
1
1
24
13
15
4
19
0
30
31
11
4
20
0
12
30
1
16
19
4
30
31
11
17
21
4
30
25
4
16
19
10
27
31
11
4
1
0
30
31
15
0
0
16
31
31
31
3
5
26
8
6
29
17
0
21
31
14
29
17
0
21
31
14
22
3
0
21
31
14
29
0
19
16
21
31
31
0
26
16
5
31
23
10
26
17
15
28
19
0
26
16
15
31
23
12
25
26
13
30
31
0
25
16
15
31
31
18
19
17
21
27
18
0
0
0
31
31
31
18
1
1
24
13
15
18
1
11
24
3
15
18
1
11
19
3
12
13
1
1
24
13
15
4
19
0
30
31
11
4
20
0
12
30
1
16
19
4
30
31
11
17
21
4
30
25
4
16
19
10
27
31
11
4
1
0
30
31
15
0
0
16
31
31
31
3
5
26
8
6
29
17
0
21
31
14
29
17
0
21
31
14
22
3
0
21
31
14
29
0
19
16
21
31
31
0
26
16
5
31
23
10
26
17
15
28
19
0
26
16
15
31
23
12
25
26
13
30
31
0
25
16
15
31
31
18
19
17
21
27
18
0
0
0
31
31
31
18
1
1
24
13
15
18
1
11
24
3
15
18
1
11
19
3
12
13
1
1
24
13
15
4
19
0
30
31
11
4
20
0
12
30
1
16
19
4
30
31
11
17
21
4
30
25
4
16
19
10
27
31
11
4
1
0
30
31
15
0
0
16
31
31
31
3
5
26
8
6
29
17
0
21
31
14
29
17
0
21
31
14
22
3
0
21
31
14
29
0
19
16
21
31
31
0
26
16
5
31
23
10
26
17
15
28
19
0
26
16
15
31
23
12
25
26
13
30
31
0
25
16
15
31
31
18
19
17
21
27
18
0
0
0
31
31
31
18
1
1
24
13
15
18
1
11
24
3
15
18
1
11
19
3
12
13
1
1
24
13
15
4
19
0
30
31
11
4
20
0
12
30
1
16
19
4
30
31
11
17
21
4
30
25
4
16
19
10
27
31
11
4
1
0
30
31
15
0
0
16
31
31
31
3
5
26
8
6
29
17
0
21
31
14
29
17
0
21
31
14
22
3
0
21
31
14
29
0
19
16
21
31
31
0
26
16
5
31
23
10
26
17
15
28
19
0
26
16
15
31
23
12
25
26
13
30
31
0
25
16
15
31
31
18
19
17
21
27
18
0
0
0
31
31
31
18
1
1
24
13
15
18
1
11
24
3
15
18
1
11
19
3
12
13
1
1
24
13
15
4
19
0
30
31
11
4
20
0
12
30
1
16
19
4
30
31
11
17
21
4
30
25
4
16
19
10
27
31
11
4
1
0
30
31
15
0
0
16
31
31
31
3
5
26
8
6
29
17
0
21
31
14
29
17
0
21
31
14
22
3
0
21
31
14
29
0
19
16
21
31
31
0
26
16
5
31
23
10
26
17
15
28
19
0
26
16
15
31
23
12
25
26
13
30
31
0
25
16
15
31
31
18
19
17
21
27
18
0
0
0
31
31
31
18
1
1
24
13
15
18
1
11
24
3
15
18
1
11
19
3
12
13
1
1
24
13
15
4
19
0
30
31
11
4
20
0
12
30
1
16
19
4
30
31
11
17
21
4
30
25
4
16
19
10
27
31
11
4
1
0
30
31
15
0
0
16
31
31
31
3
5
26
8
6
29
17
0
21
31
14
29
17
0
21
31
14
22
3
0
21
31
14
29
0
19
16
21
31
31
0
26
16
5
31
23
10
26
17
15
28
19
0
26
16
15
31
23
12
25
26
13
30
31
0
25
16
15
31
31
18
19
17
21
27
18
0
0
0
31
31
31
18
1
1
24
13
15
18
1
11
24
3
15
18
1
11
19
3
12
13
1
1
24
13
15
4
19
0
30
31
11
4
20
0
12
30
1
16
19
4
30
31
11
17
21
4
30
25
4
16
19
10
27
31
11
4
1
0
30
31
15
0
0
16
31
31
31
3
5
26
8
6
29
17
0
21
31
14
29
17
0
21
31
14
22
3
0
21
31
14
29
0
19
16
21
31
31
0
26
16
5
31
23
10
26
17
15
28
19
0
26
16
15
31
23
12
25
26
13
30
31
0
25
16
15
31
31
18
19
17
21
27
18
0
0
0
31
31
31
18
1
1
24
13
15
18
1
11
24
3
15
18
1
11
19
3
12
13
1
1
24
13
15
4
19
0
30
31
11
4
20
0
12
30
1
16
19
4
30
31
11
17
21
4
30
25
4
16
19
10
27
31
11
4
1
0
30
31
15
0
0
16
31
31
31
3
5
26
8
6
29
17
0
21
31
14
29
17
0
21
31
14
22
3
0
21
31
14
29
0
19
16
21
31
31
0
26
16
5
31
23
10
26
17
15
28
19
0
26
16
15
31
23
12
25
26
13
30
31
0
25
16
15
31
31
18
19
17
21
27
18
0
0
0
31
31
31
18
1
1
24
13
15
18
1
11
24
3
15
18
1
11
19
3
12
13
1
1
24
13
15
4
19
0
30
31
11
4
20
0
12
30
1
16
19
4
30
31
11
17
21
4
30
25
4
16
19
10
27
31
11
4
1
0
30
31
15
0
0
16
31
31
31
3
5
26
8
6
29
17
0
21
31
14
29
17
0
21
31
14
22
3
0
21
31
14
29
0
19
16
21
31
31
0
26
16
5
31
23
10
26
17
15
28
19
0
26
16
15
31
23
12
25
26
13
30
31
0
25
16
15
31
31
18
19
17
21
27
18
0
0
0
31
31
31
18
1
1
24
13
15
18
1
11
24
3
15
18
1
11
19
3
12
13
1
1
24
13
15
4
19
0
30
31
11
4
20
0
12
30
1
16
19
4
30
31
11
17
21
4
30
25
4
16
19
10
27
31
11
4
1
0
30
31
15
0
0
16
31
31
31
3
5
26
8
6
29
17
0
21
31
14
29
17
0
21
31
14
22
3
0
21
31
14
29
0
19
16
21
31
31
0
26
16
5
31
23
10
26
17
15
28
19
0
26
16
15
31
23
12
25
26
13
30
31
0
25
16
15
31
31
18
19
17
21
27
18
0
0
0
30
31
28
0
2
0
2
8
1
0
4
11
15
15
15
0
8
11
15
15
15
0
2
0
15
15
15
0
2
0
29
15
15
0
18
0
30
31
15
0
20
4
2
22
4
0
20
4
5
22
5
3
18
9
15
25
15
3
24
9
15
25
15
11
24
9
15
25
15
0
18
4
15
25
15
17
19
0
30
31
15
28
19
0
30
31
2
17
19
13
19
19
15
0
2
0
30
31
15
0
0
18
26
27
28
8
13
18
11
13
20
19
0
18
26
6
28
8
0
18
26
13
28
0
22
18
20
27
28
18
25
18
20
27
19
0
0
0
30
31
28
0
2
0
2
8
1
0
4
11
15
15
15
0
8
11
15
15
15
0
2
0
15
15
15
0
2
0
29
15
15
0
18
0
30
31
15
0
20
4
2
22
4
0
20
4
5
22
5
3
18
9
15
25
15
3
24
9
15
25
15
11
24
9
15
25
15
0
18
4
15
25
15
17
19
0
30
31
15
28
19
0
30
31
2
17
19
13
19
19
15
0
2
0
30
31
15
0
0
18
26
27
28
8
13
18
11
13
20
19
0
18
26
6
28
8
0
18
26
13
28
0
22
18
20
27
28
18
25
18
20
27
19
0
0
0
30
31
28
0
2
0
2
8
1
0
4
11
15
15
15
0
8
11
15
15
15
0
2
0
15
15
15
0
2
0
29
15
15
0
18
0
30
31
15
0
20
4
2
22
4
0
20
4
5
22
5
3
18
9
15
25
15
3
24
9
15
25
15
11
24
9
15
25
15
0
18
4
15
25
15
17
19
0
30
31
15
28
19
0
30
31
2
17
19
13
19
19
15
0
2
0
30
31
15
0
0
18
26
27
28
8
13
18
11
13
20
19
0
18
26
6
28
8
0
18
26
13
28
0
22
18
20
27
28
18
25
18
20
27
19
0
0
0
30
31
28
0
2
0
2
8
1
0
4
11
15
15
15
0
8
11
15
15
15
0
2
0
15
15
15
0
2
0
29
15
15
0
18
0
30
31
15
0
20
4
2
22
4
0
20
4
5
22
5
3
18
9
15
25
15
3
24
9
15
25
15
11
24
9
15
25
15
0
18
4
15
25
15
17
19
0
30
31
15
28
19
0
30
31
2
17
19
13
19
19
15
0
2
0
30
31
15
0
0
18
26
27
28
8
13
18
11
13
20
19
0
18
26
6
28
8
0
18
26
13
28
0
22
18
20
27
28
18
25
18
20
27
19
0
0
0
30
31
28
0
2
0
2
8
1
0
4
11
15
15
15
0
8
11
15
15
15
0
2
0
15
15
15
0
2
0
29
15
15
0
18
0
30
31
15
0
20
4
2
22
4
0
20
4
5
22
5
3
18
9
15
25
15
3
24
9
15
25
15
11
24
9
15
25
15
0
18
4
15
25
15
17
19
0
30
31
15
28
19
0
30
31
2
17
19
13
19
19
15
0
2
0
30
31
15
0
0
18
26
27
28
8
13
18
11
13
20
19
0
18
26
6
28
8
0
18
26
13
28
0
22
18
20
27
28
18
25
18
20
27
19
0
0
0
30
31
28
0
2
0
2
8
1
0
4
11
15
15
15
0
8
11
15
15
15
0
2
0
15
15
15
0
2
0
29
15
15
0
18
0
30
31
15
0
20
4
2
22
4
0
20
4
5
22
5
3
18
9
15
25
15
3
24
9
15
25
15
11
24
9
15
25
15
0
18
4
15
25
15
17
19
0
30
31
15
28
19
0
30
31
2
17
19
13
19
19
15
0
2
0
30
31
15
0
0
18
26
27
28
8
13
18
11
13
20
19
0
18
26
6
28
8
0
18
26
13
28
0
22
18
20
27
28
18
25
18
20
27
19
0
0
0
30
31
28
0
2
0
2
8
1
0
4
11
15
15
15
0
8
11
15
15
15
0
2
0
15
15
15
0
2
0
29
15
15
0
18
0
30
31
15
0
20
4
2
22
4
0
20
4
5
22
5
3
18
9
15
25
15
3
24
9
15
25
15
11
24
9
15
25
15
0
18
4
15
25
15
17
19
0
30
31
15
28
19
0
30
31
2
17
19
13
19
19
15
0
2
0
30
31
15
0
0
18
26
27
28
8
13
18
11
13
20
19
0
18
26
6
28
8
0
18
26
13
28
0
22
18
20
27
28
18
25
18
20
27
19
0
0
0
30
31
28
0
2
0
2
8
1
0
4
11
15
15
15
0
8
11
15
15
15
0
2
0
15
15
15
0
2
0
29
15
15
0
18
0
30
31
15
0
20
4
2
22
4
0
20
4
5
22
5
3
18
9
15
25
15
3
24
9
15
25
15
11
24
9
15
25
15
0
18
4
15
25
15
17
19
0
30
31
15
28
19
0
30
31
2
17
19
13
19
19
15
0
2
0
30
31
15
0
0
18
26
27
28
8
13
18
11
13
20
19
0
18
26
6
28
8
0
18
26
13
28
0
22
18
20
27
28
18
25
18
20
27
19
0
0
0
30
31
28
0
2
0
2
8
1
0
4
11
15
15
15
0
8
11
15
15
15
0
2
0
15
15
15
0
2
0
29
15
15
0
18
0
30
31
15
0
20
4
2
22
4
0
20
4
5
22
5
3
18
9
15
25
15
3
24
9
15
25
15
11
24
9
15
25
15
0
18
4
15
25
15
17
19
0
30
31
15
28
19
0
30
31
2
17
19
13
19
19
15
0
2
0
30
31
15
0
0
18
26
27
28
8
13
18
11
13
20
19
0
18
26
6
28
8
0
18
26
13
28
0
22
18
20
27
28
18
25
18
20
27
19
0
0
0
30
31
28
0
2
0
2
8
1
0
4
11
15
15
15
0
8
11
15
15
15
0
2
0
15
15
15
0
2
0
29
15
15
0
18
0
30
31
15
0
20
4
2
22
4
0
20
4
5
22
5
3
18
9
15
25
15
3
24
9
15
25
15
11
24
9
15
25
15
0
18
4
15
25
15
17
19
0
30
31
15
28
19
0
30
31
2
17
19
13
19
19
15
0
2
0
30
31
15
0
0
18
26
27
28
8
13
18
11
13
20
19
0
18
26
6
28
8
0
18
26
13
28
0
22
18
20
27
28
18
25
18
20
27
19
0
0
0
30
31
28
0
2
0
2
8
1
0
4
11
15
15
15
0
8
11
15
15
15
0
2
0
15
15
15
0
2
0
29
15
15
0
18
0
30
31
15
0
20
4
2
22
4
0
20
4
5
22
5
3
18
9
15
25
15
3
24
9
15
25
15
11
24
9
15
25
15
0
18
4
15
25
15
17
19
0
30
31
15
28
19
0
30
31
2
17
19
13
19
19
15
0
2
0
30
31
15
0
0
18
26
27
28
8
13
18
11
13
20
19
0
18
26
6
28
8
0
18
26
13
28
0
22
18
20
27
28
18
25
18
20
27
19
0
0
0
30
31
28
0
2
0
2
8
1
0
4
11
15
15
15
0
8
11
15
15
15
0
2
0
15
15
15
0
2
0
29
15
15
0
18
0
30
31
15
0
20
4
2
22
4
0
20
4
5
22
5
3
18
9
15
25
15
3
24
9
15
25
15
11
24
9
15
25
15
0
18
4
15
25
15
17
19
0
30
31
15
28
19
0
30
31
2
17
19
13
19
19
15
0
2
0
30
31
15
0
0
18
26
27
28
8
13
18
11
13
20
19
0
18
26
6
28
8
0
18
26
13
28
0
22
18
20
27
28
18
25
18
20
27
19
1113
1581
1926
65299
63281
63507
1113
10769
16901
27651
26139
25111
1113
10769
16901
21107
13335
21439
1113
10769
10354
28706
26139
25111
50768
11735
4172
64877
14300
10931
1113
10769
4172
64877
26139
25111
5767
44394
1926
51265
63128
25264
8315
57083
1926
15214
63128
10101
5767
44394
1926
15214
63128
25264
1113
10769
1926
64877
63128
25264
3746
1581
32935
65299
63281
63507
3746
31145
52483
9507
32319
52506
3746
9949
43984
18953
32319
52506
35366
1581
32935
65299
19122
43361
3746
1581
32935
65299
32319
52506
4198
36169
45345
54103
63281
63507
4198
36169
52976
24280
63077
63507
13730
36169
52976
15007
44330
63507
4198
59846
56521
24280
63077
56725
4198
36169
45345
29696
63077
63507
36289
40478
47778
54103
63281
61133
38704
40478
47778
54103
63281
48799
36289
44186
57667
52076
56314
61133
1113
1581
1926
65299
63281
63507
1113
10769
16901
27651
26139
25111
1113
10769
16901
21107
13335
21439
1113
10769
10354
28706
26139
25111
50768
11735
4172
64877
14300
10931
1113
10769
4172
64877
26139
25111
5767
44394
1926
51265
63128
25264
8315
57083
1926
15214
63128
10101
5767
44394
1926
15214
63128
25264
1113
10769
1926
64877
63128
25264
3746
1581
32935
65299
63281
63507
3746
31145
52483
9507
32319
52506
3746
9949
43984
18953
32319
52506
35366
1581
32935
65299
19122
43361
3746
1581
32935
65299
32319
52506
4198
36169
45345
54103
63281
63507
4198
36169
52976
24280
63077
63507
13730
36169
52976
15007
44330
63507
4198
59846
56521
24280
63077
56725
4198
36169
45345
29696
63077
63507
36289
40478
47778
54103
63281
61133
38704
40478
47778
54103
63281
48799
36289
44186
57667
52076
56314
61133
1113
1581
1926
65299
63281
63507
1113
10769
16901
27651
26139
25111
1113
10769
16901
21107
13335
21439
1113
10769
10354
28706
26139
25111
50768
11735
4172
64877
14300
10931
1113
10769
4172
64877
26139
25111
5767
44394
1926
51265
63128
25264
8315
57083
1926
15214
63128
10101
5767
44394
1926
15214
63128
25264
1113
10769
1926
64877
63128
25264
3746
1581
32935
65299
63281
63507
3746
31145
52483
9507
32319
52506
3746
9949
43984
18953
32319
52506
35366
1581
32935
65299
19122
43361
3746
1581
32935
65299
32319
52506
4198
36169
45345
54103
63281
63507
4198
36169
52976
24280
63077
63507
13730
36169
52976
15007
44330
63507
4198
59846
56521
24280
63077
56725
4198
36169
45345
29696
63077
63507
36289
40478
47778
54103
63281
61133
38704
40478
47778
54103
63281
48799
36289
44186
57667
52076
56314
61133
1113
1581
1926
65299
63281
63507
1113
10769
16901
27651
26139
25111
1113
10769
16901
21107
13335
21439
1113
10769
10354
28706
26139
25111
50768
11735
4172
64877
14300
10931
1113
10769
4172
64877
26139
25111
5767
44394
1926
51265
63128
25264
8315
57083
1926
15214
63128
10101
5767
44394
1926
15214
63128
25264
1113
10769
1926
64877
63128
25264
3746
1581
32935
65299
63281
63507
3746
31145
52483
9507
32319
52506
3746
9949
43984
18953
32319
52506
35366
1581
32935
65299
19122
43361
3746
1581
32935
65299
32319
52506
4198
36169
45345
54103
63281
63507
4198
36169
52976
24280
63077
63507
13730
36169
52976
15007
44330
63507
4198
59846
56521
24280
63077
56725
4198
36169
45345
29696
63077
63507
36289
40478
47778
54103
63281
61133
38704
40478
47778
54103
63281
48799
36289
44186
57667
52076
56314
61133
1113
1581
1926
65299
63281
63507
1113
10769
16901
27651
26139
25111
1113
10769
16901
21107
13335
21439
1113
10769
10354
28706
26139
25111
50768
11735
4172
64877
14300
10931
1113
10769
4172
64877
26139
25111
5767
44394
1926
51265
63128
25264
8315
57083
1926
15214
63128
10101
5767
44394
1926
15214
63128
25264
1113
10769
1926
64877
63128
25264
3746
1581
32935
65299
63281
63507
3746
31145
52483
9507
32319
52506
3746
9949
43984
18953
32319
52506
35366
1581
32935
65299
19122
43361
3746
1581
32935
65299
32319
52506
4198
36169
45345
54103
63281
63507
4198
36169
52976
24280
63077
63507
13730
36169
52976
15007
44330
63507
4198
59846
56521
24280
63077
56725
4198
36169
45345
29696
63077
63507
36289
40478
47778
54103
63281
61133
38704
40478
47778
54103
63281
48799
36289
44186
57667
52076
56314
61133
1113
1581
1926
65299
63281
63507
1113
10769
16901
27651
26139
25111
1113
10769
16901
21107
13335
21439
1113
10769
10354
28706
26139
25111
50768
11735
4172
64877
14300
10931
1113
10769
4172
64877
26139
25111
5767
44394
1926
51265
63128
25264
8315
57083
1926
15214
63128
10101
5767
44394
1926
15214
63128
25264
1113
10769
1926
64877
63128
25264
3746
1581
32935
65299
63281
63507
3746
31145
52483
9507
32319
52506
3746
9949
43984
18953
32319
52506
35366
1581
32935
65299
19122
43361
3746
1581
32935
65299
32319
52506
4198
36169
45345
54103
63281
63507
4198
36169
52976
24280
63077
63507
13730
36169
52976
15007
44330
63507
4198
59846
56521
24280
63077
56725
4198
36169
45345
29696
63077
63507
36289
40478
47778
54103
63281
61133
38704
40478
47778
54103
63281
48799
36289
44186
57667
52076
56314
61133
1113
1581
1926
65299
63281
63507
1113
10769
16901
27651
26139
25111
1113
10769
16901
21107
13335
21439
1113
10769
10354
28706
26139
25111
50768
11735
4172
64877
14300
10931
1113
10769
4172
64877
26139
25111
5767
44394
1926
51265
63128
25264
8315
57083
1926
15214
63128
10101
5767
44394
1926
15214
63128
25264
1113
10769
1926
64877
63128
25264
3746
1581
32935
65299
63281
63507
3746
31145
52483
9507
32319
52506
3746
9949
43984
18953
32319
52506
35366
1581
32935
65299
19122
43361
3746
1581
32935
65299
32319
52506
4198
36169
45345
54103
63281
63507
4198
36169
52976
24280
63077
63507
13730
36169
52976
15007
44330
63507
4198
59846
56521
24280
63077
56725
4198
36169
45345
29696
63077
63507
36289
40478
47778
54103
63281
61133
38704
40478
47778
54103
63281
48799
36289
44186
57667
52076
56314
61133
1113
1581
1926
65299
63281
63507
1113
10769
16901
27651
26139
25111
1113
10769
16901
21107
13335
21439
1113
10769
10354
28706
26139
25111
50768
11735
4172
64877
14300
10931
1113
10769
4172
64877
26139
25111
5767
44394
1926
51265
63128
25264
8315
57083
1926
15214
63128
10101
5767
44394
1926
15214
63128
25264
1113
10769
1926
64877
63128
25264
3746
1581
32935
65299
63281
63507
3746
31145
52483
9507
32319
52506
3746
9949
43984
18953
32319
52506
35366
1581
32935
65299
19122
43361
3746
1581
32935
65299
32319
52506
4198
36169
45345
54103
63281
63507
4198
36169
52976
24280
63077
63507
13730
36169
52976
15007
44330
63507
4198
59846
56521
24280
63077
56725
4198
36169
45345
29696
63077
63507
36289
40478
47778
54103
63281
61133
38704
40478
47778
54103
63281
48799
36289
44186
57667
52076
56314
61133
1113
1581
1926
65299
63281
63507
1113
10769
16901
27651
26139
25111
1113
10769
16901
21107
13335
21439
1113
10769
10354
28706
26139
25111
50768
11735
4172
64877
14300
10931
1113
10769
4172
64877
26139
25111
5767
44394
1926
51265
63128
25264
8315
57083
1926
15214
63128
10101
5767
44394
1926
15214
63128
25264
1113
10769
1926
64877
63128
25264
3746
1581
32935
65299
63281
63507
3746
31145
52483
9507
32319
52506
3746
9949
43984
18953
32319
52506
35366
1581
32935
65299
19122
43361
3746
1581
32935
65299
32319
52506
4198
36169
45345
54103
63281
63507
4198
36169
52976
24280
63077
63507
13730
36169
52976
15007
44330
63507
4198
59846
56521
24280
63077
56725
4198
36169
45345
29696
63077
63507
36289
40478
47778
54103
63281
61133
38704
40478
47778
54103
63281
48799
36289
44186
57667
52076
56314
61133
1113
1581
1926
65299
63281
63507
1113
10769
16901
27651
26139
25111
1113
10769
16901
21107
13335
21439
1113
10769
10354
28706
26139
25111
50768
11735
4172
64877
14300
10931
1113
10769
4172
64877
26139
25111
5767
44394
1926
51265
63128
25264
8315
57083
1926
15214
63128
10101
5767
44394
1926
15214
63128
25264
1113
10769
1926
64877
63128
25264
3746
1581
32935
65299
63281
63507
3746
31145
52483
9507
32319
52506
3746
9949
43984
18953
32319
52506
35366
1581
32935
65299
19122
43361
3746
1581
32935
65299
32319
52506
4198
36169
45345
54103
63281
63507
4198
36169
52976
24280
63077
63507
13730
36169
52976
15007
44330
63507
4198
59846
56521
24280
63077
56725
4198
36169
45345
29696
63077
63507
36289
40478
47778
54103
63281
61133
38704
40478
47778
54103
63281
48799
36289
44186
57667
52076
56314
61133
1113
1581
1926
65299
63281
63507
1113
10769
16901
27651
26139
25111
1113
10769
16901
21107
13335
21439
1113
10769
10354
28706
26139
25111
50768
11735
4172
64877
14300
10931
1113
10769
4172
64877
26139
25111
5767
44394
1926
51265
63128
25264
8315
57083
1926
15214
63128
10101
5767
44394
1926
15214
63128
25264
1113
10769
1926
64877
63128
25264
3746
1581
32935
65299
63281
63507
3746
31145
52483
9507
32319
52506
3746
9949
43984
18953
32319
52506
35366
1581
32935
65299
19122
43361
3746
1581
32935
65299
32319
52506
4198
36169
45345
54103
63281
63507
4198
36169
52976
24280
63077
63507
13730
36169
52976
15007
44330
63507
4198
59846
56521
24280
63077
56725
4198
36169
45345
29696
63077
63507
36289
40478
47778
54103
63281
61133
38704
40478
47778
54103
63281
48799
36289
44186
57667
52076
56314
61133
1113
1581
1926
65299
63281
63507
1113
10769
16901
27651
26139
25111
1113
10769
16901
21107
13335
21439
1113
10769
10354
28706
26139
25111
50768
11735
4172
64877
14300
10931
1113
10769
4172
64877
26139
25111
5767
44394
1926
51265
63128
25264
8315
57083
1926
15214
63128
10101
5767
44394
1926
15214
63128
25264
1113
10769
1926
64877
63128
25264
3746
1581
32935
65299
63281
63507
3746
31145
52483
9507
32319
52506
3746
9949
43984
18953
32319
52506
35366
1581
32935
65299
19122
43361
3746
1581
32935
65299
32319
52506
4198
36169
45345
54103
63281
63507
4198
36169
52976
24280
63077
63507
13730
36169
52976
15007
44330
63507
4198
59846
56521
24280
63077
56725
4198
36169
45345
29696
63077
63507
36289
40478
47778
54103
63281
61133
38704
40478
47778
54103
63281
48799
36289
44186
57667
52076
56314
61133
1
2
0
31
31
31
7
7
4
8
10
6
7
7
4
8
14
13
17
2
0
29
7
15
25
2
12
29
2
15
7
2
0
29
14
15
1
16
2
31
30
15
2
18
2
6
20
3
2
18
2
9
30
3
1
21
12
15
22
15
1
18
2
15
30
15
28
16
8
31
22
15
28
16
14
30
17
15
1
2
0
31
30
15
2
5
17
31
31
31
2
10
24
2
11
24
17
5
20
31
9
31
17
5
20
19
5
22
17
5
20
27
9
22
21
5
24
31
7
31
2
5
20
31
11
31
5
25
17
19
31
29
5
25
23
5
31
29
1
2
0
31
31
31
7
7
4
8
10
6
7
7
4
8
14
13
17
2
0
29
7
15
25
2
12
29
2
15
7
2
0
29
14
15
1
16
2
31
30
15
2
18
2
6
20
3
2
18
2
9
30
3
1
21
12
15
22
15
1
18
2
15
30
15
28
16
8
31
22
15
28
16
14
30
17
15
1
2
0
31
30
15
2
5
17
31
31
31
2
10
24
2
11
24
17
5
20
31
9
31
17
5
20
19
5
22
17
5
20
27
9
22
21
5
24
31
7
31
2
5
20
31
11
31
5
25
17
19
31
29
5
25
23
5
31
29
1
2
0
31
31
31
7
7
4
8
10
6
7
7
4
8
14
13
17
2
0
29
7
15
25
2
12
29
2
15
7
2
0
29
14
15
1
16
2
31
30
15
2
18
2
6
20
3
2
18
2
9
30
3
1
21
12
15
22
15
1
18
2
15
30
15
28
16
8
31
22
15
28
16
14
30
17
15
1
2
0
31
30
15
2
5
17
31
31
31
2
10
24
2
11
24
17
5
20
31
9
31
17
5
20
19
5
22
17
5
20
27
9
22
21
5
24
31
7
31
2
5
20
31
11
31
5
25
17
19
31
29
5
25
23
5
31
29
1
2
0
31
31
31
7
7
4
8
10
6
7
7
4
8
14
13
17
2
0
29
7
15
25
2
12
29
2
15
7
2
0
29
14
15
1
16
2
31
30
15
2
18
2
6
20
3
2
18
2
9
30
3
1
21
12
15
22
15
1
18
2
15
30
15
28
16
8
31
22
15
28
16
14
30
17
15
1
2
0
31
30
15
2
5
17
31
31
31
2
10
24
2
11
24
17
5
20
31
9
31
17
5
20
19
5
22
17
5
20
27
9
22
21
5
24
31
7
31
2
5
20
31
11
31
5
25
17
19
31
29
5
25
23
5
31
29
1
2
0
31
31
31
7
7
4
8
10
6
7
7
4
8
14
13
17
2
0
29
7
15
25
2
12
29
2
15
7
2
0
29
14
15
1
16
2
31
30
15
2
18
2
6
20
3
2
18
2
9
30
3
1
21
12
15
22
15
1
18
2
15
30
15
28
16
8
31
22
15
28
16
14
30
17
15
1
2
0
31
30
15
2
5
17
31
31
31
2
10
24
2
11
24
17
5
20
31
9
31
17
5
20
19
5
22
17
5
20
27
9
22
21
5
24
31
7
31
2
5
20
31
11
31
5
25
17
19
31
29
5
25
23
5
31
29
1
2
0
31
31
31
7
7
4
8
10
6
7
7
4
8
14
13
17
2
0
29
7
15
25
2
12
29
2
15
7
2
0
29
14
15
1
16
2
31
30
15
2
18
2
6
20
3
2
18
2
9
30
3
1
21
12
15
22
15
1
18
2
15
30
15
28
16
8
31
22
15
28
16
14
30
17
15
1
2
0
31
30
15
2
5
17
31
31
31
2
10
24
2
11
24
17
5
20
31
9
31
17
5
20
19
5
22
17
5
20
27
9
22
21
5
24
31
7
31
2
5
20
31
11
31
5
25
17
19
31
29
5
25
23
5
31
29
1
2
0
31
31
31
7
7
4
8
10
6
7
7
4
8
14
13
17
2
0
29
7
15
25
2
12
29
2
15
7
2
0
29
14
15
1
16
2
31
30
15
2
18
2
6
20
3
2
18
2
9
30
3
1
21
12
15
22
15
1
18
2
15
30
15
28
16
8
31
22
15
28
16
14
30
17
15
1
2
0
31
30
15
2
5
17
31
31
31
2
10
24
2
11
24
17
5
20
31
9
31
17
5
20
19
5
22
17
5
20
27
9
22
21
5
24
31
7
31
2
5
20
31
11
31
5
25
17
19
31
29
5
25
23
5
31
29
1
2
0
31
31
31
7
7
4
8
10
6
7
7
4
8
14
13
17
2
0
29
7
15
25
2
12
29
2
15
7
2
0
29
14
15
1
16
2
31
30
15
2
18
2
6
20
3
2
18
2
9
30
3
1
21
12
15
22
15
1
18
2
15
30
15
28
16
8
31
22
15
28
16
14
30
17
15
1
2
0
31
30
15
2
5
17
31
31
31
2
10
24
2
11
24
17
5
20
31
9
31
17
5
20
19
5
22
17
5
20
27
9
22
21
5
24
31
7
31
2
5
20
31
11
31
5
25
17
19
31
29
5
25
23
5
31
29
1
2
0
31
31
31
7
7
4
8
10
6
7
7
4
8
14
13
17
2
0
29
7
15
25
2
12
29
2
15
7
2
0
29
14
15
1
16
2
31
30
15
2
18
2
6
20
3
2
18
2
9
30
3
1
21
12
15
22
15
1
18
2
15
30
15
28
16
8
31
22
15
28
16
14
30
17
15
1
2
0
31
30
15
2
5
17
31
31
31
2
10
24
2
11
24
17
5
20
31
9
31
17
5
20
19
5
22
17
5
20
27
9
22
21
5
24
31
7
31
2
5
20
31
11
31
5
25
17
19
31
29
5
25
23
5
31
29
1
2
0
31
31
31
7
7
4
8
10
6
7
7
4
8
14
13
17
2
0
29
7
15
25
2
12
29
2
15
7
2
0
29
14
15
1
16
2
31
30
15
2
18
2
6
20
3
2
18
2
9
30
3
1
21
12
15
22
15
1
18
2
15
30
15
28
16
8
31
22
15
28
16
14
30
17
15
1
2
0
31
30
15
2
5
17
31
31
31
2
10
24
2
11
24
17
5
20
31
9
31
17
5
20
19
5
22
17
5
20
27
9
22
21
5
24
31
7
31
2
5
20
31
11
31
5
25
17
19
31
29
5
25
23
5
31
29
1
2
0
31
31
31
7
7
4
8
10
6
7
7
4
8
14
13
17
2
0
29
7
15
25
2
12
29
2
15
7
2
0
29
14
15
1
16
2
31
30
15
2
18
2
6
20
3
2
18
2
9
30
3
1
21
12
15
22
15
1
18
2
15
30
15
28
16
8
31
22
15
28
16
14
30
17
15
1
2
0
31
30
15
2
5
17
31
31
31
2
10
24
2
11
24
17
5
20
31
9
31
17
5
20
19
5
22
17
5
20
27
9
22
21
5
24
31
7
31
2
5
20
31
11
31
5
25
17
19
31
29
5
25
23
5
31
29
1
2
0
31
31
31
7
7
4
8
10
6
7
7
4
8
14
13
17
2
0
29
7
15
25
2
12
29
2
15
7
2
0
29
14
15
1
16
2
31
30
15
2
18
2
6
20
3
2
18
2
9
30
3
1
21
12
15
22
15
1
18
2
15
30
15
28
16
8
31
22
15
28
16
14
30
17
15
1
2
0
31
30
15
2
5
17
31
31
31
2
10
24
2
11
24
17
5
20
31
9
31
17
5
20
19
5
22
17
5
20
27
9
22
21
5
24
31
7
31
2
5
20
31
11
31
5
25
17
19
31
29
5
25
23
5
31
29
1
0
0
28
31
31
25
11
2
27
13
13
3
17
0
26
31
14
11
27
5
14
29
6
3
20
2
14
29
6
8
17
8
11
25
14
8
17
8
11
17
14
3
17
2
14
29
14
17
20
0
26
31
4
17
20
0
26
20
4
17
27
3
23
31
4
3
11
0
27
31
14
1
0
16
28
29
31
9
8
18
14
15
19
1
0
26
11
15
31
1
0
18
14
15
31
17
3
22
21
7
22
1
0
18
21
15
31
3
21
16
28
29
30
3
21
29
8
25
30
3
21
16
8
25
30
21
27
24
28
29
29
21
27
24
22
29
29
1
0
0
28
31
31
25
11
2
27
13
13
3
17
0
26
31
14
11
27
5
14
29
6
3
20
2
14
29
6
8
17
8
11
25
14
8
17
8
11
17
14
3
17
2
14
29
14
17
20
0
26
31
4
17
20
0
26
20
4
17
27
3
23
31
4
3
11
0
27
31
14
1
0
16
28
29
31
9
8
18
14
15
19
1
0
26
11
15
31
1
0
18
14
15
31
17
3
22
21
7
22
1
0
18
21
15
31
3
21
16
28
29
30
3
21
29
8
25
30
3
21
16
8
25
30
21
27
24
28
29
29
21
27
24
22
29
29
1
0
0
28
31
31
25
11
2
27
13
13
3
17
0
26
31
14
11
27
5
14
29
6
3
20
2
14
29
6
8
17
8
11
25
14
8
17
8
11
17
14
3
17
2
14
29
14
17
20
0
26
31
4
17
20
0
26
20
4
17
27
3
23
31
4
3
11
0
27
31
14
1
0
16
28
29
31
9
8
18
14
15
19
1
0
26
11
15
31
1
0
18
14
15
31
17
3
22
21
7
22
1
0
18
21
15
31
3
21
16
28
29
30
3
21
29
8
25
30
3
21
16
8
25
30
21
27
24
28
29
29
21
27
24
22
29
29
1
0
0
28
31
31
25
11
2
27
13
13
3
17
0
26
31
14
11
27
5
14
29
6
3
20
2
14
29
6
8
17
8
11
25
14
8
17
8
11
17
14
3
17
2
14
29
14
17
20
0
26
31
4
17
20
0
26
20
4
17
27
3
23
31
4
3
11
0
27
31
14
1
0
16
28
29
31
9
8
18
14
15
19
1
0
26
11
15
31
1
0
18
14
15
31
17
3
22
21
7
22
1
0
18
21
15
31
3
21
16
28
29
30
3
21
29
8
25
30
3
21
16
8
25
30
21
27
24
28
29
29
21
27
24
22
29
29
1
0
0
28
31
31
25
11
2
27
13
13
3
17
0
26
31
14
11
27
5
14
29
6
3
20
2
14
29
6
8
17
8
11
25
14
8
17
8
11
17
14
3
17
2
14
29
14
17
20
0
26
31
4
17
20
0
26
20
4
17
27
3
23
31
4
3
11
0
27
31
14
1
0
16
28
29
31
9
8
18
14
15
19
1
0
26
11
15
31
1
0
18
14
15
31
17
3
22
21
7
22
1
0
18
21
15
31
3
21
16
28
29
30
3
21
29
8
25
30
3
21
16
8
25
30
21
27
24
28
29
29
21
27
24
22
29
29
1
0
0
28
31
31
25
11
2
27
13
13
3
17
0
26
31
14
11
27
5
14
29
6
3
20
2
14
29
6
8
17
8
11
25
14
8
17
8
11
17
14
3
17
2
14
29
14
17
20
0
26
31
4
17
20
0
26
20
4
17
27
3
23
31
4
3
11
0
27
31
14
1
0
16
28
29
31
9
8
18
14
15
19
1
0
26
11
15
31
1
0
18
14
15
31
17
3
22
21
7
22
1
0
18
21
15
31
3
21
16
28
29
30
3
21
29
8
25
30
3
21
16
8
25
30
21
27
24
28
29
29
21
27
24
22
29
29
1
0
0
28
31
31
25
11
2
27
13
13
3
17
0
26
31
14
11
27
5
14
29
6
3
20
2
14
29
6
8
17
8
11
25
14
8
17
8
11
17
14
3
17
2
14
29
14
17
20
0
26
31
4
17
20
0
26
20
4
17
27
3
23
31
4
3
11
0
27
31
14
1
0
16
28
29
31
9
8
18
14
15
19
1
0
26
11
15
31
1
0
18
14
15
31
17
3
22
21
7
22
1
0
18
21
15
31
3
21
16
28
29
30
3
21
29
8
25
30
3
21
16
8
25
30
21
27
24
28
29
29
21
27
24
22
29
29
1
0
0
28
31
31
25
11
2
27
13
13
3
17
0
26
31
14
11
27
5
14
29
6
3
20
2
14
29
6
8
17
8
11
25
14
8
17
8
11
17
14
3
17
2
14
29
14
17
20
0
26
31
4
17
20
0
26
20
4
17
27
3
23
31
4
3
11
0
27
31
14
1
0
16
28
29
31
9
8
18
14
15
19
1
0
26
11
15
31
1
0
18
14
15
31
17
3
22
21
7
22
1
0
18
21
15
31
3
21
16
28
29
30
3
21
29
8
25
30
3
21
16
8
25
30
21
27
24
28
29
29
21
27
24
22
29
29
1
0
0
28
31
31
25
11
2
27
13
13
3
17
0
26
31
14
11
27
5
14
29
6
3
20
2
14
29
6
8
17
8
11
25
14
8
17
8
11
17
14
3
17
2
14
29
14
17
20
0
26
31
4
17
20
0
26
20
4
17
27
3
23
31
4
3
11
0
27
31
14
1
0
16
28
29
31
9
8
18
14
15
19
1
0
26
11
15
31
1
0
18
14
15
31
17
3
22
21
7
22
1
0
18
21
15
31
3
21
16
28
29
30
3
21
29
8
25
30
3
21
16
8
25
30
21
27
24
28
29
29
21
27
24
22
29
29
1
0
0
28
31
31
25
11
2
27
13
13
3
17
0
26
31
14
11
27
5
14
29
6
3
20
2
14
29
6
8
17
8
11
25
14
8
17
8
11
17
14
3
17
2
14
29
14
17
20
0
26
31
4
17
20
0
26
20
4
17
27
3
23
31
4
3
11
0
27
31
14
1
0
16
28
29
31
9
8
18
14
15
19
1
0
26
11
15
31
1
0
18
14
15
31
17
3
22
21
7
22
1
0
18
21
15
31
3
21
16
28
29
30
3
21
29
8
25
30
3
21
16
8
25
30
21
27
24
28
29
29
21
27
24
22
29
29
1
0
0
28
31
31
25
11
2
27
13
13
3
17
0
26
31
14
11
27
5
14
29
6
3
20
2
14
29
6
8
17
8
11
25
14
8
17
8
11
17
14
3
17
2
14
29
14
17
20
0
26
31
4
17
20
0
26
20
4
17
27
3
23
31
4
3
11
0
27
31
14
1
0
16
28
29
31
9
8
18
14
15
19
1
0
26
11
15
31
1
0
18
14
15
31
17
3
22
21
7
22
1
0
18
21
15
31
3
21
16
28
29
30
3
21
29
8
25
30
3
21
16
8
25
30
21
27
24
28
29
29
21
27
24
22
29
29
1
0
0
28
31
31
25
11
2
27
13
13
3
17
0
26
31
14
11
27
5
14
29
6
3
20
2
14
29
6
8
17
8
11
25
14
8
17
8
11
17
14
3
17
2
14
29
14
17
20
0
26
31
4
17
20
0
26
20
4
17
27
3
23
31
4
3
11
0
27
31
14
1
0
16
28
29
31
9
8
18
14
15
19
1
0
26
11
15
31
1
0
18
14
15
31
17
3
22
21
7
22
1
0
18
21
15
31
3
21
16
28
29
30
3
21
29
8
25
30
3
21
16
8
25
30
21
27
24
28
29
29
21
27
24
22
29
29
1950
1163
4158
62318
63521
64221
11807
18973
22133
31173
32643
31331
11807
24540
25020
12034
32643
31331
11807
24540
22133
12441
32643
31331
19080
18973
29641
31173
32374
30474
11807
15010
22133
31173
32643
31331
55998
1163
16450
56936
12244
31371
11807
1163
16450
56936
32643
31371
7257
38678
4158
53309
63521
27025
22181
38685
4158
31531
47944
15219
22103
38685
4158
31531
56635
15219
7257
38685
4158
31531
63521
27025
33802
38678
9297
53309
56051
21944
33802
43394
9297
53309
46813
10992
41300
38678
20358
42623
56051
21944
7257
1163
4158
56936
63521
31371
1950
20586
32926
62318
61597
64221
1950
29177
57001
5395
31761
58714
35282
20586
35914
55705
28225
64221
1950
20586
35914
55705
31761
64221
15655
34026
32926
62318
61597
62881
18276
34026
53091
19472
38024
62881
15655
34026
53091
19472
61597
62881
1950
1163
4158
62318
63521
64221
11807
18973
22133
31173
32643
31331
11807
24540
25020
12034
32643
31331
11807
24540
22133
12441
32643
31331
19080
18973
29641
31173
32374
30474
11807
15010
22133
31173
32643
31331
55998
1163
16450
56936
12244
31371
11807
1163
16450
56936
32643
31371
7257
38678
4158
53309
63521
27025
22181
38685
4158
31531
47944
15219
22103
38685
4158
31531
56635
15219
7257
38685
4158
31531
63521
27025
33802
38678
9297
53309
56051
21944
33802
43394
9297
53309
46813
10992
41300
38678
20358
42623
56051
21944
7257
1163
4158
56936
63521
31371
1950
20586
32926
62318
61597
64221
1950
29177
57001
5395
31761
58714
35282
20586
35914
55705
28225
64221
1950
20586
35914
55705
31761
64221
15655
34026
32926
62318
61597
62881
18276
34026
53091
19472
38024
62881
15655
34026
53091
19472
61597
62881
1950
1163
4158
62318
63521
64221
11807
18973
22133
31173
32643
31331
11807
24540
25020
12034
32643
31331
11807
24540
22133
12441
32643
31331
19080
18973
29641
31173
32374
30474
11807
15010
22133
31173
32643
31331
55998
1163
16450
56936
12244
31371
11807
1163
16450
56936
32643
31371
7257
38678
4158
53309
63521
27025
22181
38685
4158
31531
47944
15219
22103
38685
4158
31531
56635
15219
7257
38685
4158
31531
63521
27025
33802
38678
9297
53309
56051
21944
33802
43394
9297
53309
46813
10992
41300
38678
20358
42623
56051
21944
7257
1163
4158
56936
63521
31371
1950
20586
32926
62318
61597
64221
1950
29177
57001
5395
31761
58714
35282
20586
35914
55705
28225
64221
1950
20586
35914
55705
31761
64221
15655
34026
32926
62318
61597
62881
18276
34026
53091
19472
38024
62881
15655
34026
53091
19472
61597
62881
1950
1163
4158
62318
63521
64221
11807
18973
22133
31173
32643
31331
11807
24540
25020
12034
32643
31331
11807
24540
22133
12441
32643
31331
19080
18973
29641
31173
32374
30474
11807
15010
22133
31173
32643
31331
55998
1163
16450
56936
12244
31371
11807
1163
16450
56936
32643
31371
7257
38678
4158
53309
63521
27025
22181
38685
4158
31531
47944
15219
22103
38685
4158
31531
56635
15219
7257
38685
4158
31531
63521
27025
33802
38678
9297
53309
56051
21944
33802
43394
9297
53309
46813
10992
41300
38678
20358
42623
56051
21944
7257
1163
4158
56936
63521
31371
1950
20586
32926
62318
61597
64221
1950
29177
57001
5395
31761
58714
35282
20586
35914
55705
28225
64221
1950
20586
35914
55705
31761
64221
15655
34026
32926
62318
61597
62881
18276
34026
53091
19472
38024
62881
15655
34026
53091
19472
61597
62881
1950
1163
4158
62318
63521
64221
11807
18973
22133
31173
32643
31331
11807
24540
25020
12034
32643
31331
11807
24540
22133
12441
32643
31331
19080
18973
29641
31173
32374
30474
11807
15010
22133
31173
32643
31331
55998
1163
16450
56936
12244
31371
11807
1163
16450
56936
32643
31371
7257
38678
4158
53309
63521
27025
22181
38685
4158
31531
47944
15219
22103
38685
4158
31531
56635
15219
7257
38685
4158
31531
63521
27025
33802
38678
9297
53309
56051
21944
33802
43394
9297
53309
46813
10992
41300
38678
20358
42623
56051
21944
7257
1163
4158
56936
63521
31371
1950
20586
32926
62318
61597
64221
1950
29177
57001
5395
31761
58714
35282
20586
35914
55705
28225
64221
1950
20586
35914
55705
31761
64221
15655
34026
32926
62318
61597
62881
18276
34026
53091
19472
38024
62881
15655
34026
53091
19472
61597
62881
1950
1163
4158
62318
63521
64221
11807
18973
22133
31173
32643
31331
11807
24540
25020
12034
32643
31331
11807
24540
22133
12441
32643
31331
19080
18973
29641
31173
32374
30474
11807
15010
22133
31173
32643
31331
55998
1163
16450
56936
12244
31371
11807
1163
16450
56936
32643
31371
7257
38678
4158
53309
63521
27025
22181
38685
4158
31531
47944
15219
22103
38685
4158
31531
56635
15219
7257
38685
4158
31531
63521
27025
33802
38678
9297
53309
56051
21944
33802
43394
9297
53309
46813
10992
41300
38678
20358
42623
56051
21944
7257
1163
4158
56936
63521
31371
1950
20586
32926
62318
61597
64221
1950
29177
57001
5395
31761
58714
35282
20586
35914
55705
28225
64221
1950
20586
35914
55705
31761
64221
15655
34026
32926
62318
61597
62881
18276
34026
53091
19472
38024
62881
15655
34026
53091
19472
61597
62881
1950
1163
4158
62318
63521
64221
11807
18973
22133
31173
32643
31331
11807
24540
25020
12034
32643
31331
11807
24540
22133
12441
32643
31331
19080
18973
29641
31173
32374
30474
11807
15010
22133
31173
32643
31331
55998
1163
16450
56936
12244
31371
11807
1163
16450
56936
32643
31371
7257
38678
4158
53309
63521
27025
22181
38685
4158
31531
47944
15219
22103
38685
4158
31531
56635
15219
7257
38685
4158
31531
63521
27025
33802
38678
9297
53309
56051
21944
33802
43394
9297
53309
46813
10992
41300
38678
20358
42623
56051
21944
7257
1163
4158
56936
63521
31371
1950
20586
32926
62318
61597
64221
1950
29177
57001
5395
31761
58714
35282
20586
35914
55705
28225
64221
1950
20586
35914
55705
31761
64221
15655
34026
32926
62318
61597
62881
18276
34026
53091
19472
38024
62881
15655
34026
53091
19472
61597
62881
1950
1163
4158
62318
63521
64221
11807
18973
22133
31173
32643
31331
11807
24540
25020
12034
32643
31331
11807
24540
22133
12441
32643
31331
19080
18973
29641
31173
32374
30474
11807
15010
22133
31173
32643
31331
55998
1163
16450
56936
12244
31371
11807
1163
16450
56936
32643
31371
7257
38678
4158
53309
63521
27025
22181
38685
4158
31531
47944
15219
22103
38685
4158
31531
56635
15219
7257
38685
4158
31531
63521
27025
33802
38678
9297
53309
56051
21944
33802
43394
9297
53309
46813
10992
41300
38678
20358
42623
56051
21944
7257
1163
4158
56936
63521
31371
1950
20586
32926
62318
61597
64221
1950
29177
57001
5395
31761
58714
35282
20586
35914
55705
28225
64221
1950
20586
35914
55705
31761
64221
15655
34026
32926
62318
61597
62881
18276
34026
53091
19472
38024
62881
15655
34026
53091
19472
61597
62881
1950
1163
4158
62318
63521
64221
11807
18973
22133
31173
32643
31331
11807
24540
25020
12034
32643
31331
11807
24540
22133
12441
32643
31331
19080
18973
29641
31173
32374
30474
11807
15010
22133
31173
32643
31331
55998
1163
16450
56936
12244
31371
11807
1163
16450
56936
32643
31371
7257
38678
4158
53309
63521
27025
22181
38685
4158
31531
47944
15219
22103
38685
4158
31531
56635
15219
7257
38685
4158
31531
63521
27025
33802
38678
9297
53309
56051
21944
33802
43394
9297
53309
46813
10992
41300
38678
20358
42623
56051
21944
7257
1163
4158
56936
63521
31371
1950
20586
32926
62318
61597
64221
1950
29177
57001
5395
31761
58714
35282
20586
35914
55705
28225
64221
1950
20586
35914
55705
31761
64221
15655
34026
32926
62318
61597
62881
18276
34026
53091
19472
38024
62881
15655
34026
53091
19472
61597
62881
1950
1163
4158
62318
63521
64221
11807
18973
22133
31173
32643
31331
11807
24540
25020
12034
32643
31331
11807
24540
22133
12441
32643
31331
19080
18973
29641
31173
32374
30474
11807
15010
22133
31173
32643
31331
55998
1163
16450
56936
12244
31371
11807
1163
16450
56936
32643
31371
7257
38678
4158
53309
63521
27025
22181
38685
4158
31531
47944
15219
22103
38685
4158
31531
56635
15219
7257
38685
4158
31531
63521
27025
33802
38678
9297
53309
56051
21944
33802
43394
9297
53309
46813
10992
41300
38678
20358
42623
56051
21944
7257
1163
4158
56936
63521
31371
1950
20586
32926
62318
61597
64221
1950
29177
57001
5395
31761
58714
35282
20586
35914
55705
28225
64221
1950
20586
35914
55705
31761
64221
15655
34026
32926
62318
61597
62881
18276
34026
53091
19472
38024
62881
15655
34026
53091
19472
61597
62881
1950
1163
4158
62318
63521
64221
11807
18973
22133
31173
32643
31331
11807
24540
25020
12034
32643
31331
11807
24540
22133
12441
32643
31331
19080
18973
29641
31173
32374
30474
11807
15010
22133
31173
32643
31331
55998
1163
16450
56936
12244
31371
11807
1163
16450
56936
32643
31371
7257
38678
4158
53309
63521
27025
22181
38685
4158
31531
47944
15219
22103
38685
4158
31531
56635
15219
7257
38685
4158
31531
63521
27025
33802
38678
9297
53309
56051
21944
33802
43394
9297
53309
46813
10992
41300
38678
20358
42623
56051
21944
7257
1163
4158
56936
63521
31371
1950
20586
32926
62318
61597
64221
1950
29177
57001
5395
31761
58714
35282
20586
35914
55705
28225
64221
1950
20586
35914
55705
31761
64221
15655
34026
32926
62318
61597
62881
18276
34026
53091
19472
38024
62881
15655
34026
53091
19472
61597
62881
1950
1163
4158
62318
63521
64221
11807
18973
22133
31173
32643
31331
11807
24540
25020
12034
32643
31331
11807
24540
22133
12441
32643
31331
19080
18973
29641
31173
32374
30474
11807
15010
22133
31173
32643
31331
55998
1163
16450
56936
12244
31371
11807
1163
16450
56936
32643
31371
7257
38678
4158
53309
63521
27025
22181
38685
4158
31531
47944
15219
22103
38685
4158
31531
56635
15219
7257
38685
4158
31531
63521
27025
33802
38678
9297
53309
56051
21944
33802
43394
9297
53309
46813
10992
41300
38678
20358
42623
56051
21944
7257
1163
4158
56936
63521
31371
1950
20586
32926
62318
61597
64221
1950
29177
57001
5395
31761
58714
35282
20586
35914
55705
28225
64221
1950
20586
35914
55705
31761
64221
15655
34026
32926
62318
61597
62881
18276
34026
53091
19472
38024
62881
15655
34026
53091
19472
61597
62881
0
2
0
31
31
31
7
5
1
9
15
7
7
5
1
13
15
15
17
2
0
31
12
11
21
2
0
26
6
0
17
2
0
26
11
6
7
2
0
31
15
15
1
21
0
30
30
15
1
29
9
6
30
13
1
21
3
12
30
13
23
26
0
30
28
15
23
28
0
30
28
0
1
2
0
31
30
15
0
2
16
27
31
31
0
11
30
7
14
31
0
2
29
11
14
31
0
2
25
27
14
31
0
17
16
21
31
30
0
28
16
13
29
20
11
28
16
13
29
20
0
17
16
13
29
20
0
17
16
13
29
30
18
21
19
21
31
19
0
2
0
31
31
31
7
5
1
9
15
7
7
5
1
13
15
15
17
2
0
31
12
11
21
2
0
26
6
0
17
2
0
26
11
6
7
2
0
31
15
15
1
21
0
30
30
15
1
29
9
6
30
13
1
21
3
12
30
13
23
26
0
30
28
15
23
28
0
30
28
0
1
2
0
31
30
15
0
2
16
27
31
31
0
11
30
7
14
31
0
2
29
11
14
31
0
2
25
27
14
31
0
17
16
21
31
30
0
28
16
13
29
20
11
28
16
13
29
20
0
17
16
13
29
20
0
17
16
13
29
30
18
21
19
21
31
19
0
2
0
31
31
31
7
5
1
9
15
7
7
5
1
13
15
15
17
2
0
31
12
11
21
2
0
26
6
0
17
2
0
26
11
6
7
2
0
31
15
15
1
21
0
30
30
15
1
29
9
6
30
13
1
21
3
12
30
13
23
26
0
30
28
15
23
28
0
30
28
0
1
2
0
31
30
15
0
2
16
27
31
31
0
11
30
7
14
31
0
2
29
11
14
31
0
2
25
27
14
31
0
17
16
21
31
30
0
28
16
13
29
20
11
28
16
13
29
20
0
17
16
13
29
20
0
17
16
13
29
30
18
21
19
21
31
19
0
2
0
31
31
31
7
5
1
9
15
7
7
5
1
13
15
15
17
2
0
31
12
11
21
2
0
26
6
0
17
2
0
26
11
6
7
2
0
31
15
15
1
21
0
30
30
15
1
29
9
6
30
13
1
21
3
12
30
13
23
26
0
30
28
15
23
28
0
30
28
0
1
2
0
31
30
15
0
2
16
27
31
31
0
11
30
7
14
31
0
2
29
11
14
31
0
2
25
27
14
31
0
17
16
21
31
30
0
28
16
13
29
20
11
28
16
13
29
20
0
17
16
13
29
20
0
17
16
13
29
30
18
21
19
21
31
19
0
2
0
31
31
31
7
5
1
9
15
7
7
5
1
13
15
15
17
2
0
31
12
11
21
2
0
26
6
0
17
2
0
26
11
6
7
2
0
31
15
15
1
21
0
30
30
15
1
29
9
6
30
13
1
21
3
12
30
13
23
26
0
30
28
15
23
28
0
30
28
0
1
2
0
31
30
15
0
2
16
27
31
31
0
11
30
7
14
31
0
2
29
11
14
31
0
2
25
27
14
31
0
17
16
21
31
30
0
28
16
13
29
20
11
28
16
13
29
20
0
17
16
13
29
20
0
17
16
13
29
30
18
21
19
21
31
19
0
2
0
31
31
31
7
5
1
9
15
7
7
5
1
13
15
15
17
2
0
31
12
11
21
2
0
26
6
0
17
2
0
26
11
6
7
2
0
31
15
15
1
21
0
30
30
15
1
29
9
6
30
13
1
21
3
12
30
13
23
26
0
30
28
15
23
28
0
30
28
0
1
2
0
31
30
15
0
2
16
27
31
31
0
11
30
7
14
31
0
2
29
11
14
31
0
2
25
27
14
31
0
17
16
21
31
30
0
28
16
13
29
20
11
28
16
13
29
20
0
17
16
13
29
20
0
17
16
13
29
30
18
21
19
21
31
19
0
2
0
31
31
31
7
5
1
9
15
7
7
5
1
13
15
15
17
2
0
31
12
11
21
2
0
26
6
0
17
2
0
26
11
6
7
2
0
31
15
15
1
21
0
30
30
15
1
29
9
6
30
13
1
21
3
12
30
13
23
26
0
30
28
15
23
28
0
30
28
0
1
2
0
31
30
15
0
2
16
27
31
31
0
11
30
7
14
31
0
2
29
11
14
31
0
2
25
27
14
31
0
17
16
21
31
30
0
28
16
13
29
20
11
28
16
13
29
20
0
17
16
13
29
20
0
17
16
13
29
30
18
21
19
21
31
19
0
2
0
31
31
31
7
5
1
9
15
7
7
5
1
13
15
15
17
2
0
31
12
11
21
2
0
26
6
0
17
2
0
26
11
6
7
2
0
31
15
15
1
21
0
30
30
15
1
29
9
6
30
13
1
21
3
12
30
13
23
26
0
30
28
15
23
28
0
30
28
0
1
2
0
31
30
15
0
2
16
27
31
31
0
11
30
7
14
31
0
2
29
11
14
31
0
2
25
27
14
31
0
17
16
21
31
30
0
28
16
13
29
20
11
28
16
13
29
20
0
17
16
13
29
20
0
17
16
13
29
30
18
21
19
21
31
19
0
2
0
31
31
31
7
5
1
9
15
7
7
5
1
13
15
15
17
2
0
31
12
11
21
2
0
26
6
0
17
2
0
26
11
6
7
2
0
31
15
15
1
21
0
30
30
15
1
29
9
6
30
13
1
21
3
12
30
13
23
26
0
30
28
15
23
28
0
30
28
0
1
2
0
31
30
15
0
2
16
27
31
31
0
11
30
7
14
31
0
2
29
11
14
31
0
2
25
27
14
31
0
17
16
21
31
30
0
28
16
13
29
20
11
28
16
13
29
20
0
17
16
13
29
20
0
17
16
13
29
30
18
21
19
21
31
19
0
2
0
31
31
31
7
5
1
9
15
7
7
5
1
13
15
15
17
2
0
31
12
11
21
2
0
26
6
0
17
2
0
26
11
6
7
2
0
31
15
15
1
21
0
30
30
15
1
29
9
6
30
13
1
21
3
12
30
13
23
26
0
30
28
15
23
28
0
30
28
0
1
2
0
31
30
15
0
2
16
27
31
31
0
11
30
7
14
31
0
2
29
11
14
31
0
2
25
27
14
31
0
17
16
21
31
30
0
28
16
13
29
20
11
28
16
13
29
20
0
17
16
13
29
20
0
17
16
13
29
30
18
21
19
21
31
19
0
2
0
31
31
31
7
5
1
9
15
7
7
5
1
13
15
15
17
2
0
31
12
11
21
2
0
26
6
0
17
2
0
26
11
6
7
2
0
31
15
15
1
21
0
30
30
15
1
29
9
6
30
13
1
21
3
12
30
13
23
26
0
30
28
15
23
28
0
30
28
0
1
2
0
31
30
15
0
2
16
27
31
31
0
11
30
7
14
31
0
2
29
11
14
31
0
2
25
27
14
31
0
17
16
21
31
30
0
28
16
13
29
20
11
28
16
13
29
20
0
17
16
13
29
20
0
17
16
13
29
30
18
21
19
21
31
19
0
2
0
31
31
31
7
5
1
9
15
7
7
5
1
13
15
15
17
2
0
31
12
11
21
2
0
26
6
0
17
2
0
26
11
6
7
2
0
31
15
15
1
21
0
30
30
15
1
29
9
6
30
13
1
21
3
12
30
13
23
26
0
30
28
15
23
28
0
30
28
0
1
2
0
31
30
15
0
2
16
27
31
31
0
11
30
7
14
31
0
2
29
11
14
31
0
2
25
27
14
31
0
17
16
21
31
30
0
28
16
13
29
20
11
28
16
13
29
20
0
17
16
13
29
20
0
17
16
13
29
30
18
21
19
21
31
19
4
1
0
31
30
31
11
4
14
12
5
14
9
2
7
12
5
14
16
9
7
24
13
15
9
2
7
24
13
15
5
20
0
30
28
13
5
20
10
9
21
11
5
20
0
9
26
11
22
20
8
30
28
13
5
2
0
30
28
15
4
1
16
31
30
31
6
3
16
12
13
18
6
1
30
12
7
31
6
1
16
12
13
31
4
18
20
31
30
30
7
29
28
14
30
29
4
28
20
14
30
29
16
18
22
31
30
30
16
20
22
16
22
22
16
20
22
16
30
22
22
18
24
31
29
30
22
22
26
23
22
30
22
18
24
25
22
30
4
1
0
31
30
31
11
4
14
12
5
14
9
2
7
12
5
14
16
9
7
24
13
15
9
2
7
24
13
15
5
20
0
30
28
13
5
20
10
9
21
11
5
20
0
9
26
11
22
20
8
30
28
13
5
2
0
30
28
15
4
1
16
31
30
31
6
3
16
12
13
18
6
1
30
12
7
31
6
1
16
12
13
31
4
18
20
31
30
30
7
29
28
14
30
29
4
28
20
14
30
29
16
18
22
31
30
30
16
20
22
16
22
22
16
20
22
16
30
22
22
18
24
31
29
30
22
22
26
23
22
30
22
18
24
25
22
30
4
1
0
31
30
31
11
4
14
12
5
14
9
2
7
12
5
14
16
9
7
24
13
15
9
2
7
24
13
15
5
20
0
30
28
13
5
20
10
9
21
11
5
20
0
9
26
11
22
20
8
30
28
13
5
2
0
30
28
15
4
1
16
31
30
31
6
3
16
12
13
18
6
1
30
12
7
31
6
1
16
12
13
31
4
18
20
31
30
30
7
29
28
14
30
29
4
28
20
14
30
29
16
18
22
31
30
30
16
20
22
16
22
22
16
20
22
16
30
22
22
18
24
31
29
30
22
22
26
23
22
30
22
18
24
25
22
30
4
1
0
31
30
31
11
4
14
12
5
14
9
2
7
12
5
14
16
9
7
24
13
15
9
2
7
24
13
15
5
20
0
30
28
13
5
20
10
9
21
11
5
20
0
9
26
11
22
20
8
30
28
13
5
2
0
30
28
15
4
1
16
31
30
31
6
3
16
12
13
18
6
1
30
12
7
31
6
1
16
12
13
31
4
18
20
31
30
30
7
29
28
14
30
29
4
28
20
14
30
29
16
18
22
31
30
30
16
20
22
16
22
22
16
20
22
16
30
22
22
18
24
31
29
30
22
22
26
23
22
30
22
18
24
25
22
30
4
1
0
31
30
31
11
4
14
12
5
14
9
2
7
12
5
14
16
9
7
24
13
15
9
2
7
24
13
15
5
20
0
30
28
13
5
20
10
9
21
11
5
20
0
9
26
11
22
20
8
30
28
13
5
2
0
30
28
15
4
1
16
31
30
31
6
3
16
12
13
18
6
1
30
12
7
31
6
1
16
12
13
31
4
18
20
31
30
30
7
29
28
14
30
29
4
28
20
14
30
29
16
18
22
31
30
30
16
20
22
16
22
22
16
20
22
16
30
22
22
18
24
31
29
30
22
22
26
23
22
30
22
18
24
25
22
30
4
1
0
31
30
31
11
4
14
12
5
14
9
2
7
12
5
14
16
9
7
24
13
15
9
2
7
24
13
15
5
20
0
30
28
13
5
20
10
9
21
11
5
20
0
9
26
11
22
20
8
30
28
13
5
2
0
30
28
15
4
1
16
31
30
31
6
3
16
12
13
18
6
1
30
12
7
31
6
1
16
12
13
31
4
18
20
31
30
30
7
29
28
14
30
29
4
28
20
14
30
29
16
18
22
31
30
30
16
20
22
16
22
22
16
20
22
16
30
22
22
18
24
31
29
30
22
22
26
23
22
30
22
18
24
25
22
30
4
1
0
31
30
31
11
4
14
12
5
14
9
2
7
12
5
14
16
9
7
24
13
15
9
2
7
24
13
15
5
20
0
30
28
13
5
20
10
9
21
11
5
20
0
9
26
11
22
20
8
30
28
13
5
2
0
30
28
15
4
1
16
31
30
31
6
3
16
12
13
18
6
1
30
12
7
31
6
1
16
12
13
31
4
18
20
31
30
30
7
29
28
14
30
29
4
28
20
14
30
29
16
18
22
31
30
30
16
20
22
16
22
22
16
20
22
16
30
22
22
18
24
31
29
30
22
22
26
23
22
30
22
18
24
25
22
30
4
1
0
31
30
31
11
4
14
12
5
14
9
2
7
12
5
14
16
9
7
24
13
15
9
2
7
24
13
15
5
20
0
30
28
13
5
20
10
9
21
11
5
20
0
9
26
11
22
20
8
30
28
13
5
2
0
30
28
15
4
1
16
31
30
31
6
3
16
12
13
18
6
1
30
12
7
31
6
1
16
12
13
31
4
18
20
31
30
30
7
29
28
14
30
29
4
28
20
14
30
29
16
18
22
31
30
30
16
20
22
16
22
22
16
20
22
16
30
22
22
18
24
31
29
30
22
22
26
23
22
30
22
18
24
25
22
30
4
1
0
31
30
31
11
4
14
12
5
14
9
2
7
12
5
14
16
9
7
24
13
15
9
2
7
24
13
15
5
20
0
30
28
13
5
20
10
9
21
11
5
20
0
9
26
11
22
20
8
30
28
13
5
2
0
30
28
15
4
1
16
31
30
31
6
3
16
12
13
18
6
1
30
12
7
31
6
1
16
12
13
31
4
18
20
31
30
30
7
29
28
14
30
29
4
28
20
14
30
29
16
18
22
31
30
30
16
20
22
16
22
22
16
20
22
16
30
22
22
18
24
31
29
30
22
22
26
23
22
30
22
18
24
25
22
30
4
1
0
31
30
31
11
4
14
12
5
14
9
2
7
12
5
14
16
9
7
24
13
15
9
2
7
24
13
15
5
20
0
30
28
13
5
20
10
9
21
11
5
20
0
9
26
11
22
20
8
30
28
13
5
2
0
30
28
15
4
1
16
31
30
31
6
3
16
12
13
18
6
1
30
12
7
31
6
1
16
12
13
31
4
18
20
31
30
30
7
29
28
14
30
29
4
28
20
14
30
29
16
18
22
31
30
30
16
20
22
16
22
22
16
20
22
16
30
22
22
18
24
31
29
30
22
22
26
23
22
30
22
18
24
25
22
30
4
1
0
31
30
31
11
4
14
12
5
14
9
2
7
12
5
14
16
9
7
24
13
15
9
2
7
24
13
15
5
20
0
30
28
13
5
20
10
9
21
11
5
20
0
9
26
11
22
20
8
30
28
13
5
2
0
30
28
15
4
1
16
31
30
31
6
3
16
12
13
18
6
1
30
12
7
31
6
1
16
12
13
31
4
18
20
31
30
30
7
29
28
14
30
29
4
28
20
14
30
29
16
18
22
31
30
30
16
20
22
16
22
22
16
20
22
16
30
22
22
18
24
31
29
30
22
22
26
23
22
30
22
18
24
25
22
30
4
1
0
31
30
31
11
4
14
12
5
14
9
2
7
12
5
14
16
9
7
24
13
15
9
2
7
24
13
15
5
20
0
30
28
13
5
20
10
9
21
11
5
20
0
9
26
11
22
20
8
30
28
13
5
2
0
30
28
15
4
1
16
31
30
31
6
3
16
12
13
18
6
1
30
12
7
31
6
1
16
12
13
31
4
18
20
31
30
30
7
29
28
14
30
29
4
28
20
14
30
29
16
18
22
31
30
30
16
20
22
16
22
22
16
20
22
16
30
22
22
18
24
31
29
30
22
22
26
23
22
30
22
18
24
25
22
30
1375
4393
843
63370
61653
64633
3392
5464
22898
20872
13658
27568
17053
5464
22898
20872
8491
26025
3392
5464
11940
20872
21967
27568
41986
4393
843
59033
26900
26621
57576
4393
843
59033
26900
3270
41986
6344
16633
57149
23498
26621
46370
6344
16633
57149
6595
23856
3392
4393
843
59033
26900
27568
1375
33159
6367
63370
61653
32372
18663
37943
6367
31235
41398
7029
1375
33159
21044
14695
61653
32372
1375
61589
21044
14695
61653
32372
1375
33159
6367
31235
61653
32372
38285
39458
8087
63370
59109
24470
38285
39458
16488
63370
59109
24470
38285
39458
23837
53697
48614
24470
1375
4393
843
63370
61653
32372
11320
26208
39596
59506
48930
64633
32872
30234
62854
53753
30568
64118
11320
26208
39596
53753
30568
64118
19113
39370
41180
59506
48930
64633
46061
39370
41180
59506
48930
64633
1375
4393
843
63370
61653
64633
3392
5464
22898
20872
13658
27568
17053
5464
22898
20872
8491
26025
3392
5464
11940
20872
21967
27568
41986
4393
843
59033
26900
26621
57576
4393
843
59033
26900
3270
41986
6344
16633
57149
23498
26621
46370
6344
16633
57149
6595
23856
3392
4393
843
59033
26900
27568
1375
33159
6367
63370
61653
32372
18663
37943
6367
31235
41398
7029
1375
33159
21044
14695
61653
32372
1375
61589
21044
14695
61653
32372
1375
33159
6367
31235
61653
32372
38285
39458
8087
63370
59109
24470
38285
39458
16488
63370
59109
24470
38285
39458
23837
53697
48614
24470
1375
4393
843
63370
61653
32372
11320
26208
39596
59506
48930
64633
32872
30234
62854
53753
30568
64118
11320
26208
39596
53753
30568
64118
19113
39370
41180
59506
48930
64633
46061
39370
41180
59506
48930
64633
1375
4393
843
63370
61653
64633
3392
5464
22898
20872
13658
27568
17053
5464
22898
20872
8491
26025
3392
5464
11940
20872
21967
27568
41986
4393
843
59033
26900
26621
57576
4393
843
59033
26900
3270
41986
6344
16633
57149
23498
26621
46370
6344
16633
57149
6595
23856
3392
4393
843
59033
26900
27568
1375
33159
6367
63370
61653
32372
18663
37943
6367
31235
41398
7029
1375
33159
21044
14695
61653
32372
1375
61589
21044
14695
61653
32372
1375
33159
6367
31235
61653
32372
38285
39458
8087
63370
59109
24470
38285
39458
16488
63370
59109
24470
38285
39458
23837
53697
48614
24470
1375
4393
843
63370
61653
32372
11320
26208
39596
59506
48930
64633
32872
30234
62854
53753
30568
64118
11320
26208
39596
53753
30568
64118
19113
39370
41180
59506
48930
64633
46061
39370
41180
59506
48930
64633
1375
4393
843
63370
61653
64633
3392
5464
22898
20872
13658
27568
17053
5464
22898
20872
8491
26025
3392
5464
11940
20872
21967
27568
41986
4393
843
59033
26900
26621
57576
4393
843
59033
26900
3270
41986
6344
16633
57149
23498
26621
46370
6344
16633
57149
6595
23856
3392
4393
843
59033
26900
27568
1375
33159
6367
63370
61653
32372
18663
37943
6367
31235
41398
7029
1375
33159
21044
14695
61653
32372
1375
61589
21044
14695
61653
32372
1375
33159
6367
31235
61653
32372
38285
39458
8087
63370
59109
24470
38285
39458
16488
63370
59109
24470
38285
39458
23837
53697
48614
24470
1375
4393
843
63370
61653
32372
11320
26208
39596
59506
48930
64633
32872
30234
62854
53753
30568
64118
11320
26208
39596
53753
30568
64118
19113
39370
41180
59506
48930
64633
46061
39370
41180
59506
48930
64633
1375
4393
843
63370
61653
64633
3392
5464
22898
20872
13658
27568
17053
5464
22898
20872
8491
26025
3392
5464
11940
20872
21967
27568
41986
4393
843
59033
26900
26621
57576
4393
843
59033
26900
3270
41986
6344
16633
57149
23498
26621
46370
6344
16633
57149
6595
23856
3392
4393
843
59033
26900
27568
1375
33159
6367
63370
61653
32372
18663
37943
6367
31235
41398
7029
1375
33159
21044
14695
61653
32372
1375
61589
21044
14695
61653
32372
1375
33159
6367
31235
61653
32372
38285
39458
8087
63370
59109
24470
38285
39458
16488
63370
59109
24470
38285
39458
23837
53697
48614
24470
1375
4393
843
63370
61653
32372
11320
26208
39596
59506
48930
64633
32872
30234
62854
53753
30568
64118
11320
26208
39596
53753
30568
64118
19113
39370
41180
59506
48930
64633
46061
39370
41180
59506
48930
64633
1375
4393
843
63370
61653
64633
3392
5464
22898
20872
13658
27568
17053
5464
22898
20872
8491
26025
3392
5464
11940
20872
21967
27568
41986
4393
843
59033
26900
26621
57576
4393
843
59033
26900
3270
41986
6344
16633
57149
23498
26621
46370
6344
16633
57149
6595
23856
3392
4393
843
59033
26900
27568
1375
33159
6367
63370
61653
32372
18663
37943
6367
31235
41398
7029
1375
33159
21044
14695
61653
32372
1375
61589
21044
14695
61653
32372
1375
33159
6367
31235
61653
32372
38285
39458
8087
63370
59109
24470
38285
39458
16488
63370
59109
24470
38285
39458
23837
53697
48614
24470
1375
4393
843
63370
61653
32372
11320
26208
39596
59506
48930
64633
32872
30234
62854
53753
30568
64118
11320
26208
39596
53753
30568
64118
19113
39370
41180
59506
48930
64633
46061
39370
41180
59506
48930
64633
1375
4393
843
63370
61653
64633
3392
5464
22898
20872
13658
27568
17053
5464
22898
20872
8491
26025
3392
5464
11940
20872
21967
27568
41986
4393
843
59033
26900
26621
57576
4393
843
59033
26900
3270
41986
6344
16633
57149
23498
26621
46370
6344
16633
57149
6595
23856
3392
4393
843
59033
26900
27568
1375
33159
6367
63370
61653
32372
18663
37943
6367
31235
41398
7029
1375
33159
21044
14695
61653
32372
1375
61589
21044
14695
61653
32372
1375
33159
6367
31235
61653
32372
38285
39458
8087
63370
59109
24470
38285
39458
16488
63370
59109
24470
38285
39458
23837
53697
48614
24470
1375
4393
843
63370
61653
32372
11320
26208
39596
59506
48930
64633
32872
30234
62854
53753
30568
64118
11320
26208
39596
53753
30568
64118
19113
39370
41180
59506
48930
64633
46061
39370
41180
59506
48930
64633
1375
4393
843
63370
61653
64633
3392
5464
22898
20872
13658
27568
17053
5464
22898
20872
8491
26025
3392
5464
11940
20872
21967
27568
41986
4393
843
59033
26900
26621
57576
4393
843
59033
26900
3270
41986
6344
16633
57149
23498
26621
46370
6344
16633
57149
6595
23856
3392
4393
843
59033
26900
27568
1375
33159
6367
63370
61653
32372
18663
37943
6367
31235
41398
7029
1375
33159
21044
14695
61653
32372
1375
61589
21044
14695
61653
32372
1375
33159
6367
31235
61653
32372
38285
39458
8087
63370
59109
24470
38285
39458
16488
63370
59109
24470
38285
39458
23837
53697
48614
24470
1375
4393
843
63370
61653
32372
11320
26208
39596
59506
48930
64633
32872
30234
62854
53753
30568
64118
11320
26208
39596
53753
30568
64118
19113
39370
41180
59506
48930
64633
46061
39370
41180
59506
48930
64633
1375
4393
843
63370
61653
64633
3392
5464
22898
20872
13658
27568
17053
5464
22898
20872
8491
26025
3392
5464
11940
20872
21967
27568
41986
4393
843
59033
26900
26621
57576
4393
843
59033
26900
3270
41986
6344
16633
57149
23498
26621
46370
6344
16633
57149
6595
23856
3392
4393
843
59033
26900
27568
1375
33159
6367
63370
61653
32372
18663
37943
6367
31235
41398
7029
1375
33159
21044
14695
61653
32372
1375
61589
21044
14695
61653
32372
1375
33159
6367
31235
61653
32372
38285
39458
8087
63370
59109
24470
38285
39458
16488
63370
59109
24470
38285
39458
23837
53697
48614
24470
1375
4393
843
63370
61653
32372
11320
26208
39596
59506
48930
64633
32872
30234
62854
53753
30568
64118
11320
26208
39596
53753
30568
64118
19113
39370
41180
59506
48930
64633
46061
39370
41180
59506
48930
64633
1375
4393
843
63370
61653
64633
3392
5464
22898
20872
13658
27568
17053
5464
22898
20872
8491
26025
3392
5464
11940
20872
21967
27568
41986
4393
843
59033
26900
26621
57576
4393
843
59033
26900
3270
41986
6344
16633
57149
23498
26621
46370
6344
16633
57149
6595
23856
3392
4393
843
59033
26900
27568
1375
33159
6367
63370
61653
32372
18663
37943
6367
31235
41398
7029
1375
33159
21044
14695
61653
32372
1375
61589
21044
14695
61653
32372
1375
33159
6367
31235
61653
32372
38285
39458
8087
63370
59109
24470
38285
39458
16488
63370
59109
24470
38285
39458
23837
53697
48614
24470
1375
4393
843
63370
61653
32372
11320
26208
39596
59506
48930
64633
32872
30234
62854
53753
30568
64118
11320
26208
39596
53753
30568
64118
19113
39370
41180
59506
48930
64633
46061
39370
41180
59506
48930
64633
1375
4393
843
63370
61653
64633
3392
5464
22898
20872
13658
27568
17053
5464
22898
20872
8491
26025
3392
5464
11940
20872
21967
27568
41986
4393
843
59033
26900
26621
57576
4393
843
59033
26900
3270
41986
6344
16633
57149
23498
26621
46370
6344
16633
57149
6595
23856
3392
4393
843
59033
26900
27568
1375
33159
6367
63370
61653
32372
18663
37943
6367
31235
41398
7029
1375
33159
21044
14695
61653
32372
1375
61589
21044
14695
61653
32372
1375
33159
6367
31235
61653
32372
38285
39458
8087
63370
59109
24470
38285
39458
16488
63370
59109
24470
38285
39458
23837
53697
48614
24470
1375
4393
843
63370
61653
32372
11320
26208
39596
59506
48930
64633
32872
30234
62854
53753
30568
64118
11320
26208
39596
53753
30568
64118
19113
39370
41180
59506
48930
64633
46061
39370
41180
59506
48930
64633
1375
4393
843
63370
61653
64633
3392
5464
22898
20872
13658
27568
17053
5464
22898
20872
8491
26025
3392
5464
11940
20872
21967
27568
41986
4393
843
59033
26900
26621
57576
4393
843
59033
26900
3270
41986
6344
16633
57149
23498
26621
46370
6344
16633
57149
6595
23856
3392
4393
843
59033
26900
27568
1375
33159
6367
63370
61653
32372
18663
37943
6367
31235
41398
7029
1375
33159
21044
14695
61653
32372
1375
61589
21044
14695
61653
32372
1375
33159
6367
31235
61653
32372
38285
39458
8087
63370
59109
24470
38285
39458
16488
63370
59109
24470
38285
39458
23837
53697
48614
24470
1375
4393
843
63370
61653
32372
11320
26208
39596
59506
48930
64633
32872
30234
62854
53753
30568
64118
11320
26208
39596
53753
30568
64118
19113
39370
41180
59506
48930
64633
46061
39370
41180
59506
48930
64633
0
0
0
24
31
31
10
7
3
13
7
4
5
4
10
8
15
15
5
4
10
6
5
11
5
4
3
13
15
15
18
0
3
22
11
7
18
0
4
22
6
5
20
10
3
22
11
7
5
0
3
22
15
15
0
22
0
22
31
13
0
22
10
15
29
13
0
28
12
15
29
13
0
22
4
15
29
13
0
0
0
22
31
15
2
3
17
24
30
31
10
3
18
11
4
22
8
3
18
11
13
30
22
3
17
24
15
26
8
3
17
24
15
30
2
16
21
20
30
31
2
22
21
5
30
23
2
19
21
15
30
24
16
16
29
20
24
31
0
0
0
24
31
31
10
7
3
13
7
4
5
4
10
8
15
15
5
4
10
6
5
11
5
4
3
13
15
15
18
0
3
22
11
7
18
0
4
22
6
5
20
10
3
22
11
7
5
0
3
22
15
15
0
22
0
22
31
13
0
22
10
15
29
13
0
28
12
15
29
13
0
22
4
15
29
13
0
0
0
22
31
15
2
3
17
24
30
31
10
3
18
11
4
22
8
3
18
11
13
30
22
3
17
24
15
26
8
3
17
24
15
30
2
16
21
20
30
31
2
22
21
5
30
23
2
19
21
15
30
24
16
16
29
20
24
31
0
0
0
24
31
31
10
7
3
13
7
4
5
4
10
8
15
15
5
4
10
6
5
11
5
4
3
13
15
15
18
0
3
22
11
7
18
0
4
22
6
5
20
10
3
22
11
7
5
0
3
22
15
15
0
22
0
22
31
13
0
22
10
15
29
13
0
28
12
15
29
13
0
22
4
15
29
13
0
0
0
22
31
15
2
3
17
24
30
31
10
3
18
11
4
22
8
3
18
11
13
30
22
3
17
24
15
26
8
3
17
24
15
30
2
16
21
20
30
31
2
22
21
5
30
23
2
19
21
15
30
24
16
16
29
20
24
31
0
0
0
24
31
31
10
7
3
13
7
4
5
4
10
8
15
15
5
4
10
6
5
11
5
4
3
13
15
15
18
0
3
22
11
7
18
0
4
22
6
5
20
10
3
22
11
7
5
0
3
22
15
15
0
22
0
22
31
13
0
22
10
15
29
13
0
28
12
15
29
13
0
22
4
15
29
13
0
0
0
22
31
15
2
3
17
24
30
31
10
3
18
11
4
22
8
3
18
11
13
30
22
3
17
24
15
26
8
3
17
24
15
30
2
16
21
20
30
31
2
22
21
5
30
23
2
19
21
15
30
24
16
16
29
20
24
31
0
0
0
24
31
31
10
7
3
13
7
4
5
4
10
8
15
15
5
4
10
6
5
11
5
4
3
13
15
15
18
0
3
22
11
7
18
0
4
22
6
5
20
10
3
22
11
7
5
0
3
22
15
15
0
22
0
22
31
13
0
22
10
15
29
13
0
28
12
15
29
13
0
22
4
15
29
13
0
0
0
22
31
15
2
3
17
24
30
31
10
3
18
11
4
22
8
3
18
11
13
30
22
3
17
24
15
26
8
3
17
24
15
30
2
16
21
20
30
31
2
22
21
5
30
23
2
19
21
15
30
24
16
16
29
20
24
31
0
0
0
24
31
31
10
7
3
13
7
4
5
4
10
8
15
15
5
4
10
6
5
11
5
4
3
13
15
15
18
0
3
22
11
7
18
0
4
22
6
5
20
10
3
22
11
7
5
0
3
22
15
15
0
22
0
22
31
13
0
22
10
15
29
13
0
28
12
15
29
13
0
22
4
15
29
13
0
0
0
22
31
15
2
3
17
24
30
31
10
3
18
11
4
22
8
3
18
11
13
30
22
3
17
24
15
26
8
3
17
24
15
30
2
16
21
20
30
31
2
22
21
5
30
23
2
19
21
15
30
24
16
16
29
20
24
31
0
0
0
24
31
31
10
7
3
13
7
4
5
4
10
8
15
15
5
4
10
6
5
11
5
4
3
13
15
15
18
0
3
22
11
7
18
0
4
22
6
5
20
10
3
22
11
7
5
0
3
22
15
15
0
22
0
22
31
13
0
22
10
15
29
13
0
28
12
15
29
13
0
22
4
15
29
13
0
0
0
22
31
15
2
3
17
24
30
31
10
3
18
11
4
22
8
3
18
11
13
30
22
3
17
24
15
26
8
3
17
24
15
30
2
16
21
20
30
31
2
22
21
5
30
23
2
19
21
15
30
24
16
16
29
20
24
31
0
0
0
24
31
31
10
7
3
13
7
4
5
4
10
8
15
15
5
4
10
6
5
11
5
4
3
13
15
15
18
0
3
22
11
7
18
0
4
22
6
5
20
10
3
22
11
7
5
0
3
22
15
15
0
22
0
22
31
13
0
22
10
15
29
13
0
28
12
15
29
13
0
22
4
15
29
13
0
0
0
22
31
15
2
3
17
24
30
31
10
3
18
11
4
22
8
3
18
11
13
30
22
3
17
24
15
26
8
3
17
24
15
30
2
16
21
20
30
31
2
22
21
5
30
23
2
19
21
15
30
24
16
16
29
20
24
31
0
0
0
24
31
31
10
7
3
13
7
4
5
4
10
8
15
15
5
4
10
6
5
11
5
4
3
13
15
15
18
0
3
22
11
7
18
0
4
22
6
5
20
10
3
22
11
7
5
0
3
22
15
15
0
22
0
22
31
13
0
22
10
15
29
13
0
28
12
15
29
13
0
22
4
15
29
13
0
0
0
22
31
15
2
3
17
24
30
31
10
3
18
11
4
22
8
3
18
11
13
30
22
3
17
24
15
26
8
3
17
24
15
30
2
16
21
20
30
31
2
22
21
5
30
23
2
19
21
15
30
24
16
16
29
20
24
31
0
0
0
24
31
31
10
7
3
13
7
4
5
4
10
8
15
15
5
4
10
6
5
11
5
4
3
13
15
15
18
0
3
22
11
7
18
0
4
22
6
5
20
10
3
22
11
7
5
0
3
22
15
15
0
22
0
22
31
13
0
22
10
15
29
13
0
28
12
15
29
13
0
22
4
15
29
13
0
0
0
22
31
15
2
3
17
24
30
31
10
3
18
11
4
22
8
3
18
11
13
30
22
3
17
24
15
26
8
3
17
24
15
30
2
16
21
20
30
31
2
22
21
5
30
23
2
19
21
15
30
24
16
16
29
20
24
31
0
0
0
24
31
31
10
7
3
13
7
4
5
4
10
8
15
15
5
4
10
6
5
11
5
4
3
13
15
15
18
0
3
22
11
7
18
0
4
22
6
5
20
10
3
22
11
7
5
0
3
22
15
15
0
22
0
22
31
13
0
22
10
15
29
13
0
28
12
15
29
13
0
22
4
15
29
13
0
0
0
22
31
15
2
3
17
24
30
31
10
3
18
11
4
22
8
3
18
11
13
30
22
3
17
24
15
26
8
3
17
24
15
30
2
16
21
20
30
31
2
22
21
5
30
23
2
19
21
15
30
24
16
16
29
20
24
31
0
0
0
24
31
31
10
7
3
13
7
4
5
4
10
8
15
15
5
4
10
6
5
11
5
4
3
13
15
15
18
0
3
22
11
7
18
0
4
22
6
5
20
10
3
22
11
7
5
0
3
22
15
15
0
22
0
22
31
13
0
22
10
15
29
13
0
28
12
15
29
13
0
22
4
15
29
13
0
0
0
22
31
15
2
3
17
24
30
31
10
3
18
11
4
22
8
3
18
11
13
30
22
3
17
24
15
26
8
3
17
24
15
30
2
16
21
20
30
31
2
22
21
5
30
23
2
19
21
15
30
24
16
16
29
20
24
31
1
0
1
31
31
31
19
0
1
26
15
13
19
10
6
26
15
7
19
0
1
26
15
7
3
0
1
26
15
13
4
18
3
25
22
13
4
21
11
9
22
13
4
19
5
9
22
13
3
0
1
26
22
13
1
0
16
31
31
31
5
0
16
10
5
17
5
0
16
10
14
23
1
0
16
10
14
31
24
0
17
31
15
28
24
13
17
24
15
23
24
0
17
28
15
23
1
0
16
31
15
31
3
21
16
30
31
29
3
21
17
8
30
29
24
21
16
30
31
24
24
21
16
29
23
17
24
21
16
30
28
19
25
27
24
28
31
24
1
0
1
31
31
31
19
0
1
26
15
13
19
10
6
26
15
7
19
0
1
26
15
7
3
0
1
26
15
13
4
18
3
25
22
13
4
21
11
9
22
13
4
19
5
9
22
13
3
0
1
26
22
13
1
0
16
31
31
31
5
0
16
10
5
17
5
0
16
10
14
23
1
0
16
10
14
31
24
0
17
31
15
28
24
13
17
24
15
23
24
0
17
28
15
23
1
0
16
31
15
31
3
21
16
30
31
29
3
21
17
8
30
29
24
21
16
30
31
24
24
21
16
29
23
17
24
21
16
30
28
19
25
27
24
28
31
24
1
0
1
31
31
31
19
0
1
26
15
13
19
10
6
26
15
7
19
0
1
26
15
7
3
0
1
26
15
13
4
18
3
25
22
13
4
21
11
9
22
13
4
19
5
9
22
13
3
0
1
26
22
13
1
0
16
31
31
31
5
0
16
10
5
17
5
0
16
10
14
23
1
0
16
10
14
31
24
0
17
31
15
28
24
13
17
24
15
23
24
0
17
28
15
23
1
0
16
31
15
31
3
21
16
30
31
29
3
21
17
8
30
29
24
21
16
30
31
24
24
21
16
29
23
17
24
21
16
30
28
19
25
27
24
28
31
24
1
0
1
31
31
31
19
0
1
26
15
13
19
10
6
26
15
7
19
0
1
26
15
7
3
0
1
26
15
13
4
18
3
25
22
13
4
21
11
9
22
13
4
19
5
9
22
13
3
0
1
26
22
13
1
0
16
31
31
31
5
0
16
10
5
17
5
0
16
10
14
23
1
0
16
10
14
31
24
0
17
31
15
28
24
13
17
24
15
23
24
0
17
28
15
23
1
0
16
31
15
31
3
21
16
30
31
29
3
21
17
8
30
29
24
21
16
30
31
24
24
21
16
29
23
17
24
21
16
30
28
19
25
27
24
28
31
24
1
0
1
31
31
31
19
0
1
26
15
13
19
10
6
26
15
7
19
0
1
26
15
7
3
0
1
26
15
13
4
18
3
25
22
13
4
21
11
9
22
13
4
19
5
9
22
13
3
0
1
26
22
13
1
0
16
31
31
31
5
0
16
10
5
17
5
0
16
10
14
23
1
0
16
10
14
31
24
0
17
31
15
28
24
13
17
24
15
23
24
0
17
28
15
23
1
0
16
31
15
31
3
21
16
30
31
29
3
21
17
8
30
29
24
21
16
30
31
24
24
21
16
29
23
17
24
21
16
30
28
19
25
27
24
28
31
24
1
0
1
31
31
31
19
0
1
26
15
13
19
10
6
26
15
7
19
0
1
26
15
7
3
0
1
26
15
13
4
18
3
25
22
13
4
21
11
9
22
13
4
19
5
9
22
13
3
0
1
26
22
13
1
0
16
31
31
31
5
0
16
10
5
17
5
0
16
10
14
23
1
0
16
10
14
31
24
0
17
31
15
28
24
13
17
24
15
23
24
0
17
28
15
23
1
0
16
31
15
31
3
21
16
30
31
29
3
21
17
8
30
29
24
21
16
30
31
24
24
21
16
29
23
17
24
21
16
30
28
19
25
27
24
28
31
24
1
0
1
31
31
31
19
0
1
26
15
13
19
10
6
26
15
7
19
0
1
26
15
7
3
0
1
26
15
13
4
18
3
25
22
13
4
21
11
9
22
13
4
19
5
9
22
13
3
0
1
26
22
13
1
0
16
31
31
31
5
0
16
10
5
17
5
0
16
10
14
23
1
0
16
10
14
31
24
0
17
31
15
28
24
13
17
24
15
23
24
0
17
28
15
23
1
0
16
31
15
31
3
21
16
30
31
29
3
21
17
8
30
29
24
21
16
30
31
24
24
21
16
29
23
17
24
21
16
30
28
19
25
27
24
28
31
24
1
0
1
31
31
31
19
0
1
26
15
13
19
10
6
26
15
7
19
0
1
26
15
7
3
0
1
26
15
13
4
18
3
25
22
13
4
21
11
9
22
13
4
19
5
9
22
13
3
0
1
26
22
13
1
0
16
31
31
31
5
0
16
10
5
17
5
0
16
10
14
23
1
0
16
10
14
31
24
0
17
31
15
28
24
13
17
24
15
23
24
0
17
28
15
23
1
0
16
31
15
31
3
21
16
30
31
29
3
21
17
8
30
29
24
21
16
30
31
24
24
21
16
29
23
17
24
21
16
30
28
19
25
27
24
28
31
24
1
0
1
31
31
31
19
0
1
26
15
13
19
10
6
26
15
7
19
0
1
26
15
7
3
0
1
26
15
13
4
18
3
25
22
13
4
21
11
9
22
13
4
19
5
9
22
13
3
0
1
26
22
13
1
0
16
31
31
31
5
0
16
10
5
17
5
0
16
10
14
23
1
0
16
10
14
31
24
0
17
31
15
28
24
13
17
24
15
23
24
0
17
28
15
23
1
0
16
31
15
31
3
21
16
30
31
29
3
21
17
8
30
29
24
21
16
30
31
24
24
21
16
29
23
17
24
21
16
30
28
19
25
27
24
28
31
24
1
0
1
31
31
31
19
0
1
26
15
13
19
10
6
26
15
7
19
0
1
26
15
7
3
0
1
26
15
13
4
18
3
25
22
13
4
21
11
9
22
13
4
19
5
9
22
13
3
0
1
26
22
13
1
0
16
31
31
31
5
0
16
10
5
17
5
0
16
10
14
23
1
0
16
10
14
31
24
0
17
31
15
28
24
13
17
24
15
23
24
0
17
28
15
23
1
0
16
31
15
31
3
21
16
30
31
29
3
21
17
8
30
29
24
21
16
30
31
24
24
21
16
29
23
17
24
21
16
30
28
19
25
27
24
28
31
24
1
0
1
31
31
31
19
0
1
26
15
13
19
10
6
26
15
7
19
0
1
26
15
7
3
0
1
26
15
13
4
18
3
25
22
13
4
21
11
9
22
13
4
19
5
9
22
13
3
0
1
26
22
13
1
0
16
31
31
31
5
0
16
10
5
17
5
0
16
10
14
23
1
0
16
10
14
31
24
0
17
31
15
28
24
13
17
24
15
23
24
0
17
28
15
23
1
0
16
31
15
31
3
21
16
30
31
29
3
21
17
8
30
29
24
21
16
30
31
24
24
21
16
29
23
17
24
21
16
30
28
19
25
27
24
28
31
24
1
0
1
31
31
31
19
0
1
26
15
13
19
10
6
26
15
7
19
0
1
26
15
7
3
0
1
26
15
13
4
18
3
25
22
13
4
21
11
9
22
13
4
19
5
9
22
13
3
0
1
26
22
13
1
0
16
31
31
31
5
0
16
10
5
17
5
0
16
10
14
23
1
0
16
10
14
31
24
0
17
31
15
28
24
13
17
24
15
23
24
0
17
28
15
23
1
0
16
31
15
31
3
21
16
30
31
29
3
21
17
8
30
29
24
21
16
30
31
24
24
21
16
29
23
17
24
21
16
30
28
19
25
27
24
28
31
24
165
9473
1930
60150
63527
65047
23065
20647
3408
32474
32493
14295
32452
20647
10182
32474
22329
14295
5450
20647
3408
32474
32493
16163
165
29739
16415
1893
32228
23555
165
20647
3408
32474
32493
23555
165
20647
1930
53081
32493
23555
3195
32997
7539
60150
58894
31727
3195
36515
7550
21624
38608
13309
3195
36515
7539
31787
53267
13309
3195
32997
7539
31787
53267
24740
34185
38563
13378
60150
58894
31727
34185
38563
25949
60150
55599
31727
57344
38563
26446
60150
49088
27839
34185
54978
25949
46341
55599
31727
165
20647
1930
60150
58894
31727
8485
9473
36777
55135
63527
65047
41993
9473
36777
45981
18874
46859
41993
9473
36777
54808
27060
49767
8485
40533
42537
55135
63527
65047
8485
44203
54578
30755
63527
65047
8485
62483
61755
30755
63527
65047
8485
40533
42537
30755
63527
65047
165
9473
1930
60150
63527
65047
23065
20647
3408
32474
32493
14295
32452
20647
10182
32474
22329
14295
5450
20647
3408
32474
32493
16163
165
29739
16415
1893
32228
23555
165
20647
3408
32474
32493
23555
165
20647
1930
53081
32493
23555
3195
32997
7539
60150
58894
31727
3195
36515
7550
21624
38608
13309
3195
36515
7539
31787
53267
13309
3195
32997
7539
31787
53267
24740
34185
38563
13378
60150
58894
31727
34185
38563
25949
60150
55599
31727
57344
38563
26446
60150
49088
27839
34185
54978
25949
46341
55599
31727
165
20647
1930
60150
58894
31727
8485
9473
36777
55135
63527
65047
41993
9473
36777
45981
18874
46859
41993
9473
36777
54808
27060
49767
8485
40533
42537
55135
63527
65047
8485
44203
54578
30755
63527
65047
8485
62483
61755
30755
63527
65047
8485
40533
42537
30755
63527
65047
165
9473
1930
60150
63527
65047
23065
20647
3408
32474
32493
14295
32452
20647
10182
32474
22329
14295
5450
20647
3408
32474
32493
16163
165
29739
16415
1893
32228
23555
165
20647
3408
32474
32493
23555
165
20647
1930
53081
32493
23555
3195
32997
7539
60150
58894
31727
3195
36515
7550
21624
38608
13309
3195
36515
7539
31787
53267
13309
3195
32997
7539
31787
53267
24740
34185
38563
13378
60150
58894
31727
34185
38563
25949
60150
55599
31727
57344
38563
26446
60150
49088
27839
34185
54978
25949
46341
55599
31727
165
20647
1930
60150
58894
31727
8485
9473
36777
55135
63527
65047
41993
9473
36777
45981
18874
46859
41993
9473
36777
54808
27060
49767
8485
40533
42537
55135
63527
65047
8485
44203
54578
30755
63527
65047
8485
62483
61755
30755
63527
65047
8485
40533
42537
30755
63527
65047
165
9473
1930
60150
63527
65047
23065
20647
3408
32474
32493
14295
32452
20647
10182
32474
22329
14295
5450
20647
3408
32474
32493
16163
165
29739
16415
1893
32228
23555
165
20647
3408
32474
32493
23555
165
20647
1930
53081
32493
23555
3195
32997
7539
60150
58894
31727
3195
36515
7550
21624
38608
13309
3195
36515
7539
31787
53267
13309
3195
32997
7539
31787
53267
24740
34185
38563
13378
60150
58894
31727
34185
38563
25949
60150
55599
31727
57344
38563
26446
60150
49088
27839
34185
54978
25949
46341
55599
31727
165
20647
1930
60150
58894
31727
8485
9473
36777
55135
63527
65047
41993
9473
36777
45981
18874
46859
41993
9473
36777
54808
27060
49767
8485
40533
42537
55135
63527
65047
8485
44203
54578
30755
63527
65047
8485
62483
61755
30755
63527
65047
8485
40533
42537
30755
63527
65047
165
9473
1930
60150
63527
65047
23065
20647
3408
32474
32493
14295
32452
20647
10182
32474
22329
14295
5450
20647
3408
32474
32493
16163
165
29739
16415
1893
32228
23555
165
20647
3408
32474
32493
23555
165
20647
1930
53081
32493
23555
3195
32997
7539
60150
58894
31727
3195
36515
7550
21624
38608
13309
3195
36515
7539
31787
53267
13309
3195
32997
7539
31787
53267
24740
34185
38563
13378
60150
58894
31727
34185
38563
25949
60150
55599
31727
57344
38563
26446
60150
49088
27839
34185
54978
25949
46341
55599
31727
165
20647
1930
60150
58894
31727
8485
9473
36777
55135
63527
65047
41993
9473
36777
45981
18874
46859
41993
9473
36777
54808
27060
49767
8485
40533
42537
55135
63527
65047
8485
44203
54578
30755
63527
65047
8485
62483
61755
30755
63527
65047
8485
40533
42537
30755
63527
65047
165
9473
1930
60150
63527
65047
23065
20647
3408
32474
32493
14295
32452
20647
10182
32474
22329
14295
5450
20647
3408
32474
32493
16163
165
29739
16415
1893
32228
23555
165
20647
3408
32474
32493
23555
165
20647
1930
53081
32493
23555
3195
32997
7539
60150
58894
31727
3195
36515
7550
21624
38608
13309
3195
36515
7539
31787
53267
13309
3195
32997
7539
31787
53267
24740
34185
38563
13378
60150
58894
31727
34185
38563
25949
60150
55599
31727
57344
38563
26446
60150
49088
27839
34185
54978
25949
46341
55599
31727
165
20647
1930
60150
58894
31727
8485
9473
36777
55135
63527
65047
41993
9473
36777
45981
18874
46859
41993
9473
36777
54808
27060
49767
8485
40533
42537
55135
63527
65047
8485
44203
54578
30755
63527
65047
8485
62483
61755
30755
63527
65047
8485
40533
42537
30755
63527
65047
165
9473
1930
60150
63527
65047
23065
20647
3408
32474
32493
14295
32452
20647
10182
32474
22329
14295
5450
20647
3408
32474
32493
16163
165
29739
16415
1893
32228
23555
165
20647
3408
32474
32493
23555
165
20647
1930
53081
32493
23555
3195
32997
7539
60150
58894
31727
3195
36515
7550
21624
38608
13309
3195
36515
7539
31787
53267
13309
3195
32997
7539
31787
53267
24740
34185
38563
13378
60150
58894
31727
34185
38563
25949
60150
55599
31727
57344
38563
26446
60150
49088
27839
34185
54978
25949
46341
55599
31727
165
20647
1930
60150
58894
31727
8485
9473
36777
55135
63527
65047
41993
9473
36777
45981
18874
46859
41993
9473
36777
54808
27060
49767
8485
40533
42537
55135
63527
65047
8485
44203
54578
30755
63527
65047
8485
62483
61755
30755
63527
65047
8485
40533
42537
30755
63527
65047
165
9473
1930
60150
63527
65047
23065
20647
3408
32474
32493
14295
32452
20647
10182
32474
22329
14295
5450
20647
3408
32474
32493
16163
165
29739
16415
1893
32228
23555
165
20647
3408
32474
32493
23555
165
20647
1930
53081
32493
23555
3195
32997
7539
60150
58894
31727
3195
36515
7550
21624
38608
13309
3195
36515
7539
31787
53267
13309
3195
32997
7539
31787
53267
24740
34185
38563
13378
60150
58894
31727
34185
38563
25949
60150
55599
31727
57344
38563
26446
60150
49088
27839
34185
54978
25949
46341
55599
31727
165
20647
1930
60150
58894
31727
8485
9473
36777
55135
63527
65047
41993
9473
36777
45981
18874
46859
41993
9473
36777
54808
27060
49767
8485
40533
42537
55135
63527
65047
8485
44203
54578
30755
63527
65047
8485
62483
61755
30755
63527
65047
8485
40533
42537
30755
63527
65047
165
9473
1930
60150
63527
65047
23065
20647
3408
32474
32493
14295
32452
20647
10182
32474
22329
14295
5450
20647
3408
32474
32493
16163
165
29739
16415
1893
32228
23555
165
20647
3408
32474
32493
23555
165
20647
1930
53081
32493
23555
3195
32997
7539
60150
58894
31727
3195
36515
7550
21624
38608
13309
3195
36515
7539
31787
53267
13309
3195
32997
7539
31787
53267
24740
34185
38563
13378
60150
58894
31727
34185
38563
25949
60150
55599
31727
57344
38563
26446
60150
49088
27839
34185
54978
25949
46341
55599
31727
165
20647
1930
60150
58894
31727
8485
9473
36777
55135
63527
65047
41993
9473
36777
45981
18874
46859
41993
9473
36777
54808
27060
49767
8485
40533
42537
55135
63527
65047
8485
44203
54578
30755
63527
65047
8485
62483
61755
30755
63527
65047
8485
40533
42537
30755
63527
65047
165
9473
1930
60150
63527
65047
23065
20647
3408
32474
32493
14295
32452
20647
10182
32474
22329
14295
5450
20647
3408
32474
32493
16163
165
29739
16415
1893
32228
23555
165
20647
3408
32474
32493
23555
165
20647
1930
53081
32493
23555
3195
32997
7539
60150
58894
31727
3195
36515
7550
21624
38608
13309
3195
36515
7539
31787
53267
13309
3195
32997
7539
31787
53267
24740
34185
38563
13378
60150
58894
31727
34185
38563
25949
60150
55599
31727
57344
38563
26446
60150
49088
27839
34185
54978
25949
46341
55599
31727
165
20647
1930
60150
58894
31727
8485
9473
36777
55135
63527
65047
41993
9473
36777
45981
18874
46859
41993
9473
36777
54808
27060
49767
8485
40533
42537
55135
63527
65047
8485
44203
54578
30755
63527
65047
8485
62483
61755
30755
63527
65047
8485
40533
42537
30755
63527
65047
165
9473
1930
60150
63527
65047
23065
20647
3408
32474
32493
14295
32452
20647
10182
32474
22329
14295
5450
20647
3408
32474
32493
16163
165
29739
16415
1893
32228
23555
165
20647
3408
32474
32493
23555
165
20647
1930
53081
32493
23555
3195
32997
7539
60150
58894
31727
3195
36515
7550
21624
38608
13309
3195
36515
7539
31787
53267
13309
3195
32997
7539
31787
53267
24740
34185
38563
13378
60150
58894
31727
34185
38563
25949
60150
55599
31727
57344
38563
26446
60150
49088
27839
34185
54978
25949
46341
55599
31727
165
20647
1930
60150
58894
31727
8485
9473
36777
55135
63527
65047
41993
9473
36777
45981
18874
46859
41993
9473
36777
54808
27060
49767
8485
40533
42537
55135
63527
65047
8485
44203
54578
30755
63527
65047
8485
62483
61755
30755
63527
65047
8485
40533
42537
30755
63527
65047
165
9473
1930
60150
63527
65047
23065
20647
3408
32474
32493
14295
32452
20647
10182
32474
22329
14295
5450
20647
3408
32474
32493
16163
165
29739
16415
1893
32228
23555
165
20647
3408
32474
32493
23555
165
20647
1930
53081
32493
23555
3195
32997
7539
60150
58894
31727
3195
36515
7550
21624
38608
13309
3195
36515
7539
31787
53267
13309
3195
32997
7539
31787
53267
24740
34185
38563
13378
60150
58894
31727
34185
38563
25949
60150
55599
31727
57344
38563
26446
60150
49088
27839
34185
54978
25949
46341
55599
31727
165
20647
1930
60150
58894
31727
8485
9473
36777
55135
63527
65047
41993
9473
36777
45981
18874
46859
41993
9473
36777
54808
27060
49767
8485
40533
42537
55135
63527
65047
8485
44203
54578
30755
63527
65047
8485
62483
61755
30755
63527
65047
8485
40533
42537
30755
63527
65047
1
0
0
31
30
30
1
9
3
13
13
5
1
3
0
13
13
5
6
7
9
14
13
15
1
3
0
14
13
15
17
0
5
31
6
12
17
0
5
31
6
7
1
0
0
31
13
15
10
16
2
22
25
10
1
0
0
31
25
15
2
2
16
31
30
30
3
10
18
3
11
19
2
10
18
3
14
26
16
2
16
31
15
28
16
2
16
31
7
16
28
13
17
28
15
18
16
2
16
31
15
18
16
7
25
23
11
28
2
2
16
31
15
28
11
16
22
22
30
30
11
22
22
12
30
23
12
27
25
14
29
25
11
22
22
14
30
25
1
0
0
31
30
30
1
9
3
13
13
5
1
3
0
13
13
5
6
7
9
14
13
15
1
3
0
14
13
15
17
0
5
31
6
12
17
0
5
31
6
7
1
0
0
31
13
15
10
16
2
22
25
10
1
0
0
31
25
15
2
2
16
31
30
30
3
10
18
3
11
19
2
10
18
3
14
26
16
2
16
31
15
28
16
2
16
31
7
16
28
13
17
28
15
18
16
2
16
31
15
18
16
7
25
23
11
28
2
2
16
31
15
28
11
16
22
22
30
30
11
22
22
12
30
23
12
27
25
14
29
25
11
22
22
14
30
25
1
0
0
31
30
30
1
9
3
13
13
5
1
3
0
13
13
5
6
7
9
14
13
15
1
3
0
14
13
15
17
0
5
31
6
12
17
0
5
31
6
7
1
0
0
31
13
15
10
16
2
22
25
10
1
0
0
31
25
15
2
2
16
31
30
30
3
10
18
3
11
19
2
10
18
3
14
26
16
2
16
31
15
28
16
2
16
31
7
16
28
13
17
28
15
18
16
2
16
31
15
18
16
7
25
23
11
28
2
2
16
31
15
28
11
16
22
22
30
30
11
22
22
12
30
23
12
27
25
14
29
25
11
22
22
14
30
25
1
0
0
31
30
30
1
9
3
13
13
5
1
3
0
13
13
5
6
7
9
14
13
15
1
3
0
14
13
15
17
0
5
31
6
12
17
0
5
31
6
7
1
0
0
31
13
15
10
16
2
22
25
10
1
0
0
31
25
15
2
2
16
31
30
30
3
10
18
3
11
19
2
10
18
3
14
26
16
2
16
31
15
28
16
2
16
31
7
16
28
13
17
28
15
18
16
2
16
31
15
18
16
7
25
23
11
28
2
2
16
31
15
28
11
16
22
22
30
30
11
22
22
12
30
23
12
27
25
14
29
25
11
22
22
14
30
25
1
0
0
31
30
30
1
9
3
13
13
5
1
3
0
13
13
5
6
7
9
14
13
15
1
3
0
14
13
15
17
0
5
31
6
12
17
0
5
31
6
7
1
0
0
31
13
15
10
16
2
22
25
10
1
0
0
31
25
15
2
2
16
31
30
30
3
10
18
3
11
19
2
10
18
3
14
26
16
2
16
31
15
28
16
2
16
31
7
16
28
13
17
28
15
18
16
2
16
31
15
18
16
7
25
23
11
28
2
2
16
31
15
28
11
16
22
22
30
30
11
22
22
12
30
23
12
27
25
14
29
25
11
22
22
14
30
25
1
0
0
31
30
30
1
9
3
13
13
5
1
3
0
13
13
5
6
7
9
14
13
15
1
3
0
14
13
15
17
0
5
31
6
12
17
0
5
31
6
7
1
0
0
31
13
15
10
16
2
22
25
10
1
0
0
31
25
15
2
2
16
31
30
30
3
10
18
3
11
19
2
10
18
3
14
26
16
2
16
31
15
28
16
2
16
31
7
16
28
13
17
28
15
18
16
2
16
31
15
18
16
7
25
23
11
28
2
2
16
31
15
28
11
16
22
22
30
30
11
22
22
12
30
23
12
27
25
14
29
25
11
22
22
14
30
25
1
0
0
31
30
30
1
9
3
13
13
5
1
3
0
13
13
5
6
7
9
14
13
15
1
3
0
14
13
15
17
0
5
31
6
12
17
0
5
31
6
7
1
0
0
31
13
15
10
16
2
22
25
10
1
0
0
31
25
15
2
2
16
31
30
30
3
10
18
3
11
19
2
10
18
3
14
26
16
2
16
31
15
28
16
2
16
31
7
16
28
13
17
28
15
18
16
2
16
31
15
18
16
7
25
23
11
28
2
2
16
31
15
28
11
16
22
22
30
30
11
22
22
12
30
23
12
27
25
14
29
25
11
22
22
14
30
25
1
0
0
31
30
30
1
9
3
13
13
5
1
3
0
13
13
5
6
7
9
14
13
15
1
3
0
14
13
15
17
0
5
31
6
12
17
0
5
31
6
7
1
0
0
31
13
15
10
16
2
22
25
10
1
0
0
31
25
15
2
2
16
31
30
30
3
10
18
3
11
19
2
10
18
3
14
26
16
2
16
31
15
28
16
2
16
31
7
16
28
13
17
28
15
18
16
2
16
31
15
18
16
7
25
23
11
28
2
2
16
31
15
28
11
16
22
22
30
30
11
22
22
12
30
23
12
27
25
14
29
25
11
22
22
14
30
25
1
0
0
31
30
30
1
9
3
13
13
5
1
3
0
13
13
5
6
7
9
14
13
15
1
3
0
14
13
15
17
0
5
31
6
12
17
0
5
31
6
7
1
0
0
31
13
15
10
16
2
22
25
10
1
0
0
31
25
15
2
2
16
31
30
30
3
10
18
3
11
19
2
10
18
3
14
26
16
2
16
31
15
28
16
2
16
31
7
16
28
13
17
28
15
18
16
2
16
31
15
18
16
7
25
23
11
28
2
2
16
31
15
28
11
16
22
22
30
30
11
22
22
12
30
23
12
27
25
14
29
25
11
22
22
14
30
25
1
0
0
31
30
30
1
9
3
13
13
5
1
3
0
13
13
5
6
7
9
14
13
15
1
3
0
14
13
15
17
0
5
31
6
12
17
0
5
31
6
7
1
0
0
31
13
15
10
16
2
22
25
10
1
0
0
31
25
15
2
2
16
31
30
30
3
10
18
3
11
19
2
10
18
3
14
26
16
2
16
31
15
28
16
2
16
31
7
16
28
13
17
28
15
18
16
2
16
31
15
18
16
7
25
23
11
28
2
2
16
31
15
28
11
16
22
22
30
30
11
22
22
12
30
23
12
27
25
14
29
25
11
22
22
14
30
25
1
0
0
31
30
30
1
9
3
13
13
5
1
3
0
13
13
5
6
7
9
14
13
15
1
3
0
14
13
15
17
0
5
31
6
12
17
0
5
31
6
7
1
0
0
31
13
15
10
16
2
22
25
10
1
0
0
31
25
15
2
2
16
31
30
30
3
10
18
3
11
19
2
10
18
3
14
26
16
2
16
31
15
28
16
2
16
31
7
16
28
13
17
28
15
18
16
2
16
31
15
18
16
7
25
23
11
28
2
2
16
31
15
28
11
16
22
22
30
30
11
22
22
12
30
23
12
27
25
14
29
25
11
22
22
14
30
25
1
0
0
31
30
30
1
9
3
13
13
5
1
3
0
13
13
5
6
7
9
14
13
15
1
3
0
14
13
15
17
0
5
31
6
12
17
0
5
31
6
7
1
0
0
31
13
15
10
16
2
22
25
10
1
0
0
31
25
15
2
2
16
31
30
30
3
10
18
3
11
19
2
10
18
3
14
26
16
2
16
31
15
28
16
2
16
31
7
16
28
13
17
28
15
18
16
2
16
31
15
18
16
7
25
23
11
28
2
2
16
31
15
28
11
16
22
22
30
30
11
22
22
12
30
23
12
27
25
14
29
25
11
22
22
14
30
25
0
1
0
31
31
24
0
1
2
0
7
2
0
1
2
5
7
4
0
1
1
15
14
4
25
9
0
30
11
7
25
11
0
27
11
3
25
9
5
30
11
7
0
1
0
30
14
7
0
18
3
31
29
14
0
19
8
4
27
14
19
18
3
31
29
13
30
25
3
31
27
5
20
25
3
31
27
6
19
18
8
31
29
13
19
18
11
19
21
13
19
18
11
31
21
13
0
1
0
31
29
14
6
6
16
27
31
24
6
9
23
11
14
24
6
6
16
27
14
24
8
16
18
27
31
22
18
16
18
27
31
21
18
31
18
25
31
21
0
1
0
31
31
24
0
1
2
0
7
2
0
1
2
5
7
4
0
1
1
15
14
4
25
9
0
30
11
7
25
11
0
27
11
3
25
9
5
30
11
7
0
1
0
30
14
7
0
18
3
31
29
14
0
19
8
4
27
14
19
18
3
31
29
13
30
25
3
31
27
5
20
25
3
31
27
6
19
18
8
31
29
13
19
18
11
19
21
13
19
18
11
31
21
13
0
1
0
31
29
14
6
6
16
27
31
24
6
9
23
11
14
24
6
6
16
27
14
24
8
16
18
27
31
22
18
16
18
27
31
21
18
31
18
25
31
21
0
1
0
31
31
24
0
1
2
0
7
2
0
1
2
5
7
4
0
1
1
15
14
4
25
9
0
30
11
7
25
11
0
27
11
3
25
9
5
30
11
7
0
1
0
30
14
7
0
18
3
31
29
14
0
19
8
4
27
14
19
18
3
31
29
13
30
25
3
31
27
5
20
25
3
31
27
6
19
18
8
31
29
13
19
18
11
19
21
13
19
18
11
31
21
13
0
1
0
31
29
14
6
6
16
27
31
24
6
9
23
11
14
24
6
6
16
27
14
24
8
16
18
27
31
22
18
16
18
27
31
21
18
31
18
25
31
21
0
1
0
31
31
24
0
1
2
0
7
2
0
1
2
5
7
4
0
1
1
15
14
4
25
9
0
30
11
7
25
11
0
27
11
3
25
9
5
30
11
7
0
1
0
30
14
7
0
18
3
31
29
14
0
19
8
4
27
14
19
18
3
31
29
13
30
25
3
31
27
5
20
25
3
31
27
6
19
18
8
31
29
13
19
18
11
19
21
13
19
18
11
31
21
13
0
1
0
31
29
14
6
6
16
27
31
24
6
9
23
11
14
24
6
6
16
27
14
24
8
16
18
27
31
22
18
16
18
27
31
21
18
31
18
25
31
21
0
1
0
31
31
24
0
1
2
0
7
2
0
1
2
5
7
4
0
1
1
15
14
4
25
9
0
30
11
7
25
11
0
27
11
3
25
9
5
30
11
7
0
1
0
30
14
7
0
18
3
31
29
14
0
19
8
4
27
14
19
18
3
31
29
13
30
25
3
31
27
5
20
25
3
31
27
6
19
18
8
31
29
13
19
18
11
19
21
13
19
18
11
31
21
13
0
1
0
31
29
14
6
6
16
27
31
24
6
9
23
11
14
24
6
6
16
27
14
24
8
16
18
27
31
22
18
16
18
27
31
21
18
31
18
25
31
21
0
1
0
31
31
24
0
1
2
0
7
2
0
1
2
5
7
4
0
1
1
15
14
4
25
9
0
30
11
7
25
11
0
27
11
3
25
9
5
30
11
7
0
1
0
30
14
7
0
18
3
31
29
14
0
19
8
4
27
14
19
18
3
31
29
13
30
25
3
31
27
5
20
25
3
31
27
6
19
18
8
31
29
13
19
18
11
19
21
13
19
18
11
31
21
13
0
1
0
31
29
14
6
6
16
27
31
24
6
9
23
11
14
24
6
6
16
27
14
24
8
16
18
27
31
22
18
16
18
27
31
21
18
31
18
25
31
21
0
1
0
31
31
24
0
1
2
0
7
2
0
1
2
5
7
4
0
1
1
15
14
4
25
9
0
30
11
7
25
11
0
27
11
3
25
9
5
30
11
7
0
1
0
30
14
7
0
18
3
31
29
14
0
19
8
4
27
14
19
18
3
31
29
13
30
25
3
31
27
5
20
25
3
31
27
6
19
18
8
31
29
13
19
18
11
19
21
13
19
18
11
31
21
13
0
1
0
31
29
14
6
6
16
27
31
24
6
9
23
11
14
24
6
6
16
27
14
24
8
16
18
27
31
22
18
16
18
27
31
21
18
31
18
25
31
21
0
1
0
31
31
24
0
1
2
0
7
2
0
1
2
5
7
4
0
1
1
15
14
4
25
9
0
30
11
7
25
11
0
27
11
3
25
9
5
30
11
7
0
1
0
30
14
7
0
18
3
31
29
14
0
19
8
4
27
14
19
18
3
31
29
13
30
25
3
31
27
5
20
25
3
31
27
6
19
18
8
31
29
13
19
18
11
19
21
13
19
18
11
31
21
13
0
1
0
31
29
14
6
6
16
27
31
24
6
9
23
11
14
24
6
6
16
27
14
24
8
16
18
27
31
22
18
16
18
27
31
21
18
31
18
25
31
21
0
1
0
31
31
24
0
1
2
0
7
2
0
1
2
5
7
4
0
1
1
15
14
4
25
9
0
30
11
7
25
11
0
27
11
3
25
9
5
30
11
7
0
1
0
30
14
7
0
18
3
31
29
14
0
19
8
4
27
14
19
18
3
31
29
13
30
25
3
31
27
5
20
25
3
31
27
6
19
18
8
31
29
13
19
18
11
19
21
13
19
18
11
31
21
13
0
1
0
31
29
14
6
6
16
27
31
24
6
9
23
11
14
24
6
6
16
27
14
24
8
16
18
27
31
22
18
16
18
27
31
21
18
31
18
25
31
21
0
1
0
31
31
24
0
1
2
0
7
2
0
1
2
5
7
4
0
1
1
15
14
4
25
9
0
30
11
7
25
11
0
27
11
3
25
9
5
30
11
7
0
1
0
30
14
7
0
18
3
31
29
14
0
19
8
4
27
14
19
18
3
31
29
13
30
25
3
31
27
5
20
25
3
31
27
6
19
18
8
31
29
13
19
18
11
19
21
13
19
18
11
31
21
13
0
1
0
31
29
14
6
6
16
27
31
24
6
9
23
11
14
24
6
6
16
27
14
24
8
16
18
27
31
22
18
16
18
27
31
21
18
31
18
25
31
21
0
1
0
31
31
24
0
1
2
0
7
2
0
1
2
5
7
4
0
1
1
15
14
4
25
9
0
30
11
7
25
11
0
27
11
3
25
9
5
30
11
7
0
1
0
30
14
7
0
18
3
31
29
14
0
19
8
4
27
14
19
18
3
31
29
13
30
25
3
31
27
5
20
25
3
31
27
6
19
18
8
31
29
13
19
18
11
19
21
13
19
18
11
31
21
13
0
1
0
31
29
14
6
6
16
27
31
24
6
9
23
11
14
24
6
6
16
27
14
24
8
16
18
27
31
22
18
16
18
27
31
21
18
31
18
25
31
21
0
1
0
31
31
24
0
1
2
0
7
2
0
1
2
5
7
4
0
1
1
15
14
4
25
9
0
30
11
7
25
11
0
27
11
3
25
9
5
30
11
7
0
1
0
30
14
7
0
18
3
31
29
14
0
19
8
4
27
14
19
18
3
31
29
13
30
25
3
31
27
5
20
25
3
31
27
6
19
18
8
31
29
13
19
18
11
19
21
13
19
18
11
31
21
13
0
1
0
31
29
14
6
6
16
27
31
24
6
9
23
11
14
24
6
6
16
27
14
24
8
16
18
27
31
22
18
16
18
27
31
21
18
31
18
25
31
21
975
253
6799
57509
64419
63636
12656
26898
6799
21659
32498
8512
49468
253
27829
52261
17854
31164
12656
253
6799
52261
32498
31164
13065
33133
10077
55909
61549
32461
13065
33133
10077
19259
55599
25903
46149
43153
16256
55909
61549
32461
51791
43153
16256
55909
48667
16295
12656
253
6799
55909
61549
32461
975
9884
33372
57509
64419
63636
19480
18560
44049
29726
22390
45656
20738
9884
51153
25176
24864
58338
19480
9884
44049
29726
24864
58338
34980
13436
36628
55122
25269
59696
19480
9884
36628
55122
25269
59696
975
43044
33372
57509
64419
63636
14000
52950
33372
32044
57565
44235
975
51124
49918
19170
64008
58364
975
51124
57147
7946
64008
58364
975
51124
33372
32044
64008
58364
38995
43044
50437
57509
64419
63636
52987
43044
52545
57509
45990
59508
38995
54952
50437
43386
64419
63636
975
253
6799
57509
64419
63636
12656
26898
6799
21659
32498
8512
49468
253
27829
52261
17854
31164
12656
253
6799
52261
32498
31164
13065
33133
10077
55909
61549
32461
13065
33133
10077
19259
55599
25903
46149
43153
16256
55909
61549
32461
51791
43153
16256
55909
48667
16295
12656
253
6799
55909
61549
32461
975
9884
33372
57509
64419
63636
19480
18560
44049
29726
22390
45656
20738
9884
51153
25176
24864
58338
19480
9884
44049
29726
24864
58338
34980
13436
36628
55122
25269
59696
19480
9884
36628
55122
25269
59696
975
43044
33372
57509
64419
63636
14000
52950
33372
32044
57565
44235
975
51124
49918
19170
64008
58364
975
51124
57147
7946
64008
58364
975
51124
33372
32044
64008
58364
38995
43044
50437
57509
64419
63636
52987
43044
52545
57509
45990
59508
38995
54952
50437
43386
64419
63636
975
253
6799
57509
64419
63636
12656
26898
6799
21659
32498
8512
49468
253
27829
52261
17854
31164
12656
253
6799
52261
32498
31164
13065
33133
10077
55909
61549
32461
13065
33133
10077
19259
55599
25903
46149
43153
16256
55909
61549
32461
51791
43153
16256
55909
48667
16295
12656
253
6799
55909
61549
32461
975
9884
33372
57509
64419
63636
19480
18560
44049
29726
22390
45656
20738
9884
51153
25176
24864
58338
19480
9884
44049
29726
24864
58338
34980
13436
36628
55122
25269
59696
19480
9884
36628
55122
25269
59696
975
43044
33372
57509
64419
63636
14000
52950
33372
32044
57565
44235
975
51124
49918
19170
64008
58364
975
51124
57147
7946
64008
58364
975
51124
33372
32044
64008
58364
38995
43044
50437
57509
64419
63636
52987
43044
52545
57509
45990
59508
38995
54952
50437
43386
64419
63636
975
253
6799
57509
64419
63636
12656
26898
6799
21659
32498
8512
49468
253
27829
52261
17854
31164
12656
253
6799
52261
32498
31164
13065
33133
10077
55909
61549
32461
13065
33133
10077
19259
55599
25903
46149
43153
16256
55909
61549
32461
51791
43153
16256
55909
48667
16295
12656
253
6799
55909
61549
32461
975
9884
33372
57509
64419
63636
19480
18560
44049
29726
22390
45656
20738
9884
51153
25176
24864
58338
19480
9884
44049
29726
24864
58338
34980
13436
36628
55122
25269
59696
19480
9884
36628
55122
25269
59696
975
43044
33372
57509
64419
63636
14000
52950
33372
32044
57565
44235
975
51124
49918
19170
64008
58364
975
51124
57147
7946
64008
58364
975
51124
33372
32044
64008
58364
38995
43044
50437
57509
64419
63636
52987
43044
52545
57509
45990
59508
38995
54952
50437
43386
64419
63636
975
253
6799
57509
64419
63636
12656
26898
6799
21659
32498
8512
49468
253
27829
52261
17854
31164
12656
253
6799
52261
32498
31164
13065
33133
10077
55909
61549
32461
13065
33133
10077
19259
55599
25903
46149
43153
16256
55909
61549
32461
51791
43153
16256
55909
48667
16295
12656
253
6799
55909
61549
32461
975
9884
33372
57509
64419
63636
19480
18560
44049
29726
22390
45656
20738
9884
51153
25176
24864
58338
19480
9884
44049
29726
24864
58338
34980
13436
36628
55122
25269
59696
19480
9884
36628
55122
25269
59696
975
43044
33372
57509
64419
63636
14000
52950
33372
32044
57565
44235
975
51124
49918
19170
64008
58364
975
51124
57147
7946
64008
58364
975
51124
33372
32044
64008
58364
38995
43044
50437
57509
64419
63636
52987
43044
52545
57509
45990
59508
38995
54952
50437
43386
64419
63636
975
253
6799
57509
64419
63636
12656
26898
6799
21659
32498
8512
49468
253
27829
52261
17854
31164
12656
253
6799
52261
32498
31164
13065
33133
10077
55909
61549
32461
13065
33133
10077
19259
55599
25903
46149
43153
16256
55909
61549
32461
51791
43153
16256
55909
48667
16295
12656
253
6799
55909
61549
32461
975
9884
33372
57509
64419
63636
19480
18560
44049
29726
22390
45656
20738
9884
51153
25176
24864
58338
19480
9884
44049
29726
24864
58338
34980
13436
36628
55122
25269
59696
19480
9884
36628
55122
25269
59696
975
43044
33372
57509
64419
63636
14000
52950
33372
32044
57565
44235
975
51124
49918
19170
64008
58364
975
51124
57147
7946
64008
58364
975
51124
33372
32044
64008
58364
38995
43044
50437
57509
64419
63636
52987
43044
52545
57509
45990
59508
38995
54952
50437
43386
64419
63636
975
253
6799
57509
64419
63636
12656
26898
6799
21659
32498
8512
49468
253
27829
52261
17854
31164
12656
253
6799
52261
32498
31164
13065
33133
10077
55909
61549
32461
13065
33133
10077
19259
55599
25903
46149
43153
16256
55909
61549
32461
51791
43153
16256
55909
48667
16295
12656
253
6799
55909
61549
32461
975
9884
33372
57509
64419
63636
19480
18560
44049
29726
22390
45656
20738
9884
51153
25176
24864
58338
19480
9884
44049
29726
24864
58338
34980
13436
36628
55122
25269
59696
19480
9884
36628
55122
25269
59696
975
43044
33372
57509
64419
63636
14000
52950
33372
32044
57565
44235
975
51124
49918
19170
64008
58364
975
51124
57147
7946
64008
58364
975
51124
33372
32044
64008
58364
38995
43044
50437
57509
64419
63636
52987
43044
52545
57509
45990
59508
38995
54952
50437
43386
64419
63636
975
253
6799
57509
64419
63636
12656
26898
6799
21659
32498
8512
49468
253
27829
52261
17854
31164
12656
253
6799
52261
32498
31164
13065
33133
10077
55909
61549
32461
13065
33133
10077
19259
55599
25903
46149
43153
16256
55909
61549
32461
51791
43153
16256
55909
48667
16295
12656
253
6799
55909
61549
32461
975
9884
33372
57509
64419
63636
19480
18560
44049
29726
22390
45656
20738
9884
51153
25176
24864
58338
19480
9884
44049
29726
24864
58338
34980
13436
36628
55122
25269
59696
19480
9884
36628
55122
25269
59696
975
43044
33372
57509
64419
63636
14000
52950
33372
32044
57565
44235
975
51124
49918
19170
64008
58364
975
51124
57147
7946
64008
58364
975
51124
33372
32044
64008
58364
38995
43044
50437
57509
64419
63636
52987
43044
52545
57509
45990
59508
38995
54952
50437
43386
64419
63636
975
253
6799
57509
64419
63636
12656
26898
6799
21659
32498
8512
49468
253
27829
52261
17854
31164
12656
253
6799
52261
32498
31164
13065
33133
10077
55909
61549
32461
13065
33133
10077
19259
55599
25903
46149
43153
16256
55909
61549
32461
51791
43153
16256
55909
48667
16295
12656
253
6799
55909
61549
32461
975
9884
33372
57509
64419
63636
19480
18560
44049
29726
22390
45656
20738
9884
51153
25176
24864
58338
19480
9884
44049
29726
24864
58338
34980
13436
36628
55122
25269
59696
19480
9884
36628
55122
25269
59696
975
43044
33372
57509
64419
63636
14000
52950
33372
32044
57565
44235
975
51124
49918
19170
64008
58364
975
51124
57147
7946
64008
58364
975
51124
33372
32044
64008
58364
38995
43044
50437
57509
64419
63636
52987
43044
52545
57509
45990
59508
38995
54952
50437
43386
64419
63636
975
253
6799
57509
64419
63636
12656
26898
6799
21659
32498
8512
49468
253
27829
52261
17854
31164
12656
253
6799
52261
32498
31164
13065
33133
10077
55909
61549
32461
13065
33133
10077
19259
55599
25903
46149
43153
16256
55909
61549
32461
51791
43153
16256
55909
48667
16295
12656
253
6799
55909
61549
32461
975
9884
33372
57509
64419
63636
19480
18560
44049
29726
22390
45656
20738
9884
51153
25176
24864
58338
19480
9884
44049
29726
24864
58338
34980
13436
36628
55122
25269
59696
19480
9884
36628
55122
25269
59696
975
43044
33372
57509
64419
63636
14000
52950
33372
32044
57565
44235
975
51124
49918
19170
64008
58364
975
51124
57147
7946
64008
58364
975
51124
33372
32044
64008
58364
38995
43044
50437
57509
64419
63636
52987
43044
52545
57509
45990
59508
38995
54952
50437
43386
64419
63636
975
253
6799
57509
64419
63636
12656
26898
6799
21659
32498
8512
49468
253
27829
52261
17854
31164
12656
253
6799
52261
32498
31164
13065
33133
10077
55909
61549
32461
13065
33133
10077
19259
55599
25903
46149
43153
16256
55909
61549
32461
51791
43153
16256
55909
48667
16295
12656
253
6799
55909
61549
32461
975
9884
33372
57509
64419
63636
19480
18560
44049
29726
22390
45656
20738
9884
51153
25176
24864
58338
19480
9884
44049
29726
24864
58338
34980
13436
36628
55122
25269
59696
19480
9884
36628
55122
25269
59696
975
43044
33372
57509
64419
63636
14000
52950
33372
32044
57565
44235
975
51124
49918
19170
64008
58364
975
51124
57147
7946
64008
58364
975
51124
33372
32044
64008
58364
38995
43044
50437
57509
64419
63636
52987
43044
52545
57509
45990
59508
38995
54952
50437
43386
64419
63636
975
253
6799
57509
64419
63636
12656
26898
6799
21659
32498
8512
49468
253
27829
52261
17854
31164
12656
253
6799
52261
32498
31164
13065
33133
10077
55909
61549
32461
13065
33133
10077
19259
55599
25903
46149
43153
16256
55909
61549
32461
51791
43153
16256
55909
48667
16295
12656
253
6799
55909
61549
32461
975
9884
33372
57509
64419
63636
19480
18560
44049
29726
22390
45656
20738
9884
51153
25176
24864
58338
19480
9884
44049
29726
24864
58338
34980
13436
36628
55122
25269
59696
19480
9884
36628
55122
25269
59696
975
43044
33372
57509
64419
63636
14000
52950
33372
32044
57565
44235
975
51124
49918
19170
64008
58364
975
51124
57147
7946
64008
58364
975
51124
33372
32044
64008
58364
38995
43044
50437
57509
64419
63636
52987
43044
52545
57509
45990
59508
38995
54952
50437
43386
64419
63636
1
2
0
30
31
30
11
4
11
15
12
14
19
2
6
29
13
15
11
2
6
29
13
15
1
16
0
30
27
12
1
17
10
1
21
12
16
16
0
30
27
8
27
19
0
30
20
4
23
16
0
30
20
7
16
24
8
24
27
8
1
2
0
30
27
15
1
2
17
30
31
30
1
3
17
5
6
17
4
7
29
5
10
30
1
3
17
5
10
30
19
2
18
26
10
26
19
2
18
19
10
18
25
3
26
26
5
26
1
2
17
26
10
30
11
16
19
30
31
28
20
27
19
30
31
28
20
27
26
30
31
28
27
27
28
30
31
28
1
2
0
30
31
30
11
4
11
15
12
14
19
2
6
29
13
15
11
2
6
29
13
15
1
16
0
30
27
12
1
17
10
1
21
12
16
16
0
30
27
8
27
19
0
30
20
4
23
16
0
30
20
7
16
24
8
24
27
8
1
2
0
30
27
15
1
2
17
30
31
30
1
3
17
5
6
17
4
7
29
5
10
30
1
3
17
5
10
30
19
2
18
26
10
26
19
2
18
19
10
18
25
3
26
26
5
26
1
2
17
26
10
30
11
16
19
30
31
28
20
27
19
30
31
28
20
27
26
30
31
28
27
27
28
30
31
28
1
2
0
30
31
30
11
4
11
15
12
14
19
2
6
29
13
15
11
2
6
29
13
15
1
16
0
30
27
12
1
17
10
1
21
12
16
16
0
30
27
8
27
19
0
30
20
4
23
16
0
30
20
7
16
24
8
24
27
8
1
2
0
30
27
15
1
2
17
30
31
30
1
3
17
5
6
17
4
7
29
5
10
30
1
3
17
5
10
30
19
2
18
26
10
26
19
2
18
19
10
18
25
3
26
26
5
26
1
2
17
26
10
30
11
16
19
30
31
28
20
27
19
30
31
28
20
27
26
30
31
28
27
27
28
30
31
28
1
2
0
30
31
30
11
4
11
15
12
14
19
2
6
29
13
15
11
2
6
29
13
15
1
16
0
30
27
12
1
17
10
1
21
12
16
16
0
30
27
8
27
19
0
30
20
4
23
16
0
30
20
7
16
24
8
24
27
8
1
2
0
30
27
15
1
2
17
30
31
30
1
3
17
5
6
17
4
7
29
5
10
30
1
3
17
5
10
30
19
2
18
26
10
26
19
2
18
19
10
18
25
3
26
26
5
26
1
2
17
26
10
30
11
16
19
30
31
28
20
27
19
30
31
28
20
27
26
30
31
28
27
27
28
30
31
28
1
2
0
30
31
30
11
4
11
15
12
14
19
2
6
29
13
15
11
2
6
29
13
15
1
16
0
30
27
12
1
17
10
1
21
12
16
16
0
30
27
8
27
19
0
30
20
4
23
16
0
30
20
7
16
24
8
24
27
8
1
2
0
30
27
15
1
2
17
30
31
30
1
3
17
5
6
17
4
7
29
5
10
30
1
3
17
5
10
30
19
2
18
26
10
26
19
2
18
19
10
18
25
3
26
26
5
26
1
2
17
26
10
30
11
16
19
30
31
28
20
27
19
30
31
28
20
27
26
30
31
28
27
27
28
30
31
28
1
2
0
30
31
30
11
4
11
15
12
14
19
2
6
29
13
15
11
2
6
29
13
15
1
16
0
30
27
12
1
17
10
1
21
12
16
16
0
30
27
8
27
19
0
30
20
4
23
16
0
30
20
7
16
24
8
24
27
8
1
2
0
30
27
15
1
2
17
30
31
30
1
3
17
5
6
17
4
7
29
5
10
30
1
3
17
5
10
30
19
2
18
26
10
26
19
2
18
19
10
18
25
3
26
26
5
26
1
2
17
26
10
30
11
16
19
30
31
28
20
27
19
30
31
28
20
27
26
30
31
28
27
27
28
30
31
28
1
2
0
30
31
30
11
4
11
15
12
14
19
2
6
29
13
15
11
2
6
29
13
15
1
16
0
30
27
12
1
17
10
1
21
12
16
16
0
30
27
8
27
19
0
30
20
4
23
16
0
30
20
7
16
24
8
24
27
8
1
2
0
30
27
15
1
2
17
30
31
30
1
3
17
5
6
17
4
7
29
5
10
30
1
3
17
5
10
30
19
2
18
26
10
26
19
2
18
19
10
18
25
3
26
26
5
26
1
2
17
26
10
30
11
16
19
30
31
28
20
27
19
30
31
28
20
27
26
30
31
28
27
27
28
30
31
28
1
2
0
30
31
30
11
4
11
15
12
14
19
2
6
29
13
15
11
2
6
29
13
15
1
16
0
30
27
12
1
17
10
1
21
12
16
16
0
30
27
8
27
19
0
30
20
4
23
16
0
30
20
7
16
24
8
24
27
8
1
2
0
30
27
15
1
2
17
30
31
30
1
3
17
5
6
17
4
7
29
5
10
30
1
3
17
5
10
30
19
2
18
26
10
26
19
2
18
19
10
18
25
3
26
26
5
26
1
2
17
26
10
30
11
16
19
30
31
28
20
27
19
30
31
28
20
27
26
30
31
28
27
27
28
30
31
28
1
2
0
30
31
30
11
4
11
15
12
14
19
2
6
29
13
15
11
2
6
29
13
15
1
16
0
30
27
12
1
17
10
1
21
12
16
16
0
30
27
8
27
19
0
30
20
4
23
16
0
30
20
7
16
24
8
24
27
8
1
2
0
30
27
15
1
2
17
30
31
30
1
3
17
5
6
17
4
7
29
5
10
30
1
3
17
5
10
30
19
2
18
26
10
26
19
2
18
19
10
18
25
3
26
26
5
26
1
2
17
26
10
30
11
16
19
30
31
28
20
27
19
30
31
28
20
27
26
30
31
28
27
27
28
30
31
28
1
2
0
30
31
30
11
4
11
15
12
14
19
2
6
29
13
15
11
2
6
29
13
15
1
16
0
30
27
12
1
17
10
1
21
12
16
16
0
30
27
8
27
19
0
30
20
4
23
16
0
30
20
7
16
24
8
24
27
8
1
2
0
30
27
15
1
2
17
30
31
30
1
3
17
5
6
17
4
7
29
5
10
30
1
3
17
5
10
30
19
2
18
26
10
26
19
2
18
19
10
18
25
3
26
26
5
26
1
2
17
26
10
30
11
16
19
30
31
28
20
27
19
30
31
28
20
27
26
30
31
28
27
27
28
30
31
28
1
2
0
30
31
30
11
4
11
15
12
14
19
2
6
29
13
15
11
2
6
29
13
15
1
16
0
30
27
12
1
17
10
1
21
12
16
16
0
30
27
8
27
19
0
30
20
4
23
16
0
30
20
7
16
24
8
24
27
8
1
2
0
30
27
15
1
2
17
30
31
30
1
3
17
5
6
17
4
7
29
5
10
30
1
3
17
5
10
30
19
2
18
26
10
26
19
2
18
19
10
18
25
3
26
26
5
26
1
2
17
26
10
30
11
16
19
30
31
28
20
27
19
30
31
28
20
27
26
30
31
28
27
27
28
30
31
28
1
2
0
30
31
30
11
4
11
15
12
14
19
2
6
29
13
15
11
2
6
29
13
15
1
16
0
30
27
12
1
17
10
1
21
12
16
16
0
30
27
8
27
19
0
30
20
4
23
16
0
30
20
7
16
24
8
24
27
8
1
2
0
30
27
15
1
2
17
30
31
30
1
3
17
5
6
17
4
7
29
5
10
30
1
3
17
5
10
30
19
2
18
26
10
26
19
2
18
19
10
18
25
3
26
26
5
26
1
2
17
26
10
30
11
16
19
30
31
28
20
27
19
30
31
28
20
27
26
30
31
28
27
27
28
30
31
28
0
0
0
31
30
29
16
0
1
31
13
15
16
0
4
23
6
6
16
0
1
23
6
6
18
9
4
29
13
6
16
0
1
29
13
6
28
4
11
31
11
15
28
4
11
31
5
15
29
9
12
30
11
14
2
0
1
31
13
15
2
16
0
19
30
13
2
16
11
12
30
13
2
0
0
31
30
15
0
5
17
28
29
29
0
5
24
12
11
29
16
11
20
28
14
27
16
11
27
19
14
27
0
5
20
28
14
29
3
18
17
24
29
29
3
18
17
13
21
20
9
26
25
13
29
29
9
26
28
10
29
29
3
18
17
13
29
29
0
0
0
31
30
29
16
0
1
31
13
15
16
0
4
23
6
6
16
0
1
23
6
6
18
9
4
29
13
6
16
0
1
29
13
6
28
4
11
31
11
15
28
4
11
31
5
15
29
9
12
30
11
14
2
0
1
31
13
15
2
16
0
19
30
13
2
16
11
12
30
13
2
0
0
31
30
15
0
5
17
28
29
29
0
5
24
12
11
29
16
11
20
28
14
27
16
11
27
19
14
27
0
5
20
28
14
29
3
18
17
24
29
29
3
18
17
13
21
20
9
26
25
13
29
29
9
26
28
10
29
29
3
18
17
13
29
29
0
0
0
31
30
29
16
0
1
31
13
15
16
0
4
23
6
6
16
0
1
23
6
6
18
9
4
29
13
6
16
0
1
29
13
6
28
4
11
31
11
15
28
4
11
31
5
15
29
9
12
30
11
14
2
0
1
31
13
15
2
16
0
19
30
13
2
16
11
12
30
13
2
0
0
31
30
15
0
5
17
28
29
29
0
5
24
12
11
29
16
11
20
28
14
27
16
11
27
19
14
27
0
5
20
28
14
29
3
18
17
24
29
29
3
18
17
13
21
20
9
26
25
13
29
29
9
26
28
10
29
29
3
18
17
13
29
29
0
0
0
31
30
29
16
0
1
31
13
15
16
0
4
23
6
6
16
0
1
23
6
6
18
9
4
29
13
6
16
0
1
29
13
6
28
4
11
31
11
15
28
4
11
31
5
15
29
9
12
30
11
14
2
0
1
31
13
15
2
16
0
19
30
13
2
16
11
12
30
13
2
0
0
31
30
15
0
5
17
28
29
29
0
5
24
12
11
29
16
11
20
28
14
27
16
11
27
19
14
27
0
5
20
28
14
29
3
18
17
24
29
29
3
18
17
13
21
20
9
26
25
13
29
29
9
26
28
10
29
29
3
18
17
13
29
29
0
0
0
31
30
29
16
0
1
31
13
15
16
0
4
23
6
6
16
0
1
23
6
6
18
9
4
29
13
6
16
0
1
29
13
6
28
4
11
31
11
15
28
4
11
31
5
15
29
9
12
30
11
14
2
0
1
31
13
15
2
16
0
19
30
13
2
16
11
12
30
13
2
0
0
31
30
15
0
5
17
28
29
29
0
5
24
12
11
29
16
11
20
28
14
27
16
11
27
19
14
27
0
5
20
28
14
29
3
18
17
24
29
29
3
18
17
13
21
20
9
26
25
13
29
29
9
26
28
10
29
29
3
18
17
13
29
29
0
0
0
31
30
29
16
0
1
31
13
15
16
0
4
23
6
6
16
0
1
23
6
6
18
9
4
29
13
6
16
0
1
29
13
6
28
4
11
31
11
15
28
4
11
31
5
15
29
9
12
30
11
14
2
0
1
31
13
15
2
16
0
19
30
13
2
16
11
12
30
13
2
0
0
31
30
15
0
5
17
28
29
29
0
5
24
12
11
29
16
11
20
28
14
27
16
11
27
19
14
27
0
5
20
28
14
29
3
18
17
24
29
29
3
18
17
13
21
20
9
26
25
13
29
29
9
26
28
10
29
29
3
18
17
13
29
29
0
0
0
31
30
29
16
0
1
31
13
15
16
0
4
23
6
6
16
0
1
23
6
6
18
9
4
29
13
6
16
0
1
29
13
6
28
4
11
31
11
15
28
4
11
31
5
15
29
9
12
30
11
14
2
0
1
31
13
15
2
16
0
19
30
13
2
16
11
12
30
13
2
0
0
31
30
15
0
5
17
28
29
29
0
5
24
12
11
29
16
11
20
28
14
27
16
11
27
19
14
27
0
5
20
28
14
29
3
18
17
24
29
29
3
18
17
13
21
20
9
26
25
13
29
29
9
26
28
10
29
29
3
18
17
13
29
29
0
0
0
31
30
29
16
0
1
31
13
15
16
0
4
23
6
6
16
0
1
23
6
6
18
9
4
29
13
6
16
0
1
29
13
6
28
4
11
31
11
15
28
4
11
31
5
15
29
9
12
30
11
14
2
0
1
31
13
15
2
16
0
19
30
13
2
16
11
12
30
13
2
0
0
31
30
15
0
5
17
28
29
29
0
5
24
12
11
29
16
11
20
28
14
27
16
11
27
19
14
27
0
5
20
28
14
29
3
18
17
24
29
29
3
18
17
13
21
20
9
26
25
13
29
29
9
26
28
10
29
29
3
18
17
13
29
29
0
0
0
31
30
29
16
0
1
31
13
15
16
0
4
23
6
6
16
0
1
23
6
6
18
9
4
29
13
6
16
0
1
29
13
6
28
4
11
31
11
15
28
4
11
31
5
15
29
9
12
30
11
14
2
0
1
31
13
15
2
16
0
19
30
13
2
16
11
12
30
13
2
0
0
31
30
15
0
5
17
28
29
29
0
5
24
12
11
29
16
11
20
28
14
27
16
11
27
19
14
27
0
5
20
28
14
29
3
18
17
24
29
29
3
18
17
13
21
20
9
26
25
13
29
29
9
26
28
10
29
29
3
18
17
13
29
29
0
0
0
31
30
29
16
0
1
31
13
15
16
0
4
23
6
6
16
0
1
23
6
6
18
9
4
29
13
6
16
0
1
29
13
6
28
4
11
31
11
15
28
4
11
31
5
15
29
9
12
30
11
14
2
0
1
31
13
15
2
16
0
19
30
13
2
16
11
12
30
13
2
0
0
31
30
15
0
5
17
28
29
29
0
5
24
12
11
29
16
11
20
28
14
27
16
11
27
19
14
27
0
5
20
28
14
29
3
18
17
24
29
29
3
18
17
13
21
20
9
26
25
13
29
29
9
26
28
10
29
29
3
18
17
13
29
29
0
0
0
31
30
29
16
0
1
31
13
15
16
0
4
23
6
6
16
0
1
23
6
6
18
9
4
29
13
6
16
0
1
29
13
6
28
4
11
31
11
15
28
4
11
31
5
15
29
9
12
30
11
14
2
0
1
31
13
15
2
16
0
19
30
13
2
16
11
12
30
13
2
0
0
31
30
15
0
5
17
28
29
29
0
5
24
12
11
29
16
11
20
28
14
27
16
11
27
19
14
27
0
5
20
28
14
29
3
18
17
24
29
29
3
18
17
13
21
20
9
26
25
13
29
29
9
26
28
10
29
29
3
18
17
13
29
29
0
0
0
31
30
29
16
0
1
31
13
15
16
0
4
23
6
6
16
0
1
23
6
6
18
9
4
29
13
6
16
0
1
29
13
6
28
4
11
31
11
15
28
4
11
31
5
15
29
9
12
30
11
14
2
0
1
31
13
15
2
16
0
19
30
13
2
16
11
12
30
13
2
0
0
31
30
15
0
5
17
28
29
29
0
5
24
12
11
29
16
11
20
28
14
27
16
11
27
19
14
27
0
5
20
28
14
29
3
18
17
24
29
29
3
18
17
13
21
20
9
26
25
13
29
29
9
26
28
10
29
29
3
18
17
13
29
29
54
2255
5801
64416
62743
56923
54
8573
9317
11178
10678
10367
54
8573
8435
11178
29850
10367
39180
5719
9018
64416
31137
20242
45832
15816
9018
62447
27246
15795
39180
5719
17948
64416
31137
20242
39180
20798
17948
46863
31137
20242
54
5719
8435
64416
31137
20242
14844
33131
5801
51495
62613
32741
14844
51343
20028
19009
62613
27358
14844
33131
5801
32144
62613
27358
38186
35568
11632
51495
56457
32741
38186
35568
17159
51495
48256
32741
38186
35568
17913
41266
48256
32741
54
5719
5801
64416
62613
32741
1650
2255
35837
62972
62743
56923
1650
2255
45342
7668
27390
56235
38353
7635
35837
55101
25717
56923
40813
24339
35837
54492
25717
37229
40813
7635
35837
55101
25717
37229
1650
2255
35837
55101
27390
56923
3391
35557
41277
62972
62743
54928
3391
35557
45232
30118
36557
54928
54
2255
5801
64416
62743
56923
54
8573
9317
11178
10678
10367
54
8573
8435
11178
29850
10367
39180
5719
9018
64416
31137
20242
45832
15816
9018
62447
27246
15795
39180
5719
17948
64416
31137
20242
39180
20798
17948
46863
31137
20242
54
5719
8435
64416
31137
20242
14844
33131
5801
51495
62613
32741
14844
51343
20028
19009
62613
27358
14844
33131
5801
32144
62613
27358
38186
35568
11632
51495
56457
32741
38186
35568
17159
51495
48256
32741
38186
35568
17913
41266
48256
32741
54
5719
5801
64416
62613
32741
1650
2255
35837
62972
62743
56923
1650
2255
45342
7668
27390
56235
38353
7635
35837
55101
25717
56923
40813
24339
35837
54492
25717
37229
40813
7635
35837
55101
25717
37229
1650
2255
35837
55101
27390
56923
3391
35557
41277
62972
62743
54928
3391
35557
45232
30118
36557
54928
54
2255
5801
64416
62743
56923
54
8573
9317
11178
10678
10367
54
8573
8435
11178
29850
10367
39180
5719
9018
64416
31137
20242
45832
15816
9018
62447
27246
15795
39180
5719
17948
64416
31137
20242
39180
20798
17948
46863
31137
20242
54
5719
8435
64416
31137
20242
14844
33131
5801
51495
62613
32741
14844
51343
20028
19009
62613
27358
14844
33131
5801
32144
62613
27358
38186
35568
11632
51495
56457
32741
38186
35568
17159
51495
48256
32741
38186
35568
17913
41266
48256
32741
54
5719
5801
64416
62613
32741
1650
2255
35837
62972
62743
56923
1650
2255
45342
7668
27390
56235
38353
7635
35837
55101
25717
56923
40813
24339
35837
54492
25717
37229
40813
7635
35837
55101
25717
37229
1650
2255
35837
55101
27390
56923
3391
35557
41277
62972
62743
54928
3391
35557
45232
30118
36557
54928
54
2255
5801
64416
62743
56923
54
8573
9317
11178
10678
10367
54
8573
8435
11178
29850
10367
39180
5719
9018
64416
31137
20242
45832
15816
9018
62447
27246
15795
39180
5719
17948
64416
31137
20242
39180
20798
17948
46863
31137
20242
54
5719
8435
64416
31137
20242
14844
33131
5801
51495
62613
32741
14844
51343
20028
19009
62613
27358
14844
33131
5801
32144
62613
27358
38186
35568
11632
51495
56457
32741
38186
35568
17159
51495
48256
32741
38186
35568
17913
41266
48256
32741
54
5719
5801
64416
62613
32741
1650
2255
35837
62972
62743
56923
1650
2255
45342
7668
27390
56235
38353
7635
35837
55101
25717
56923
40813
24339
35837
54492
25717
37229
40813
7635
35837
55101
25717
37229
1650
2255
35837
55101
27390
56923
3391
35557
41277
62972
62743
54928
3391
35557
45232
30118
36557
54928
54
2255
5801
64416
62743
56923
54
8573
9317
11178
10678
10367
54
8573
8435
11178
29850
10367
39180
5719
9018
64416
31137
20242
45832
15816
9018
62447
27246
15795
39180
5719
17948
64416
31137
20242
39180
20798
17948
46863
31137
20242
54
5719
8435
64416
31137
20242
14844
33131
5801
51495
62613
32741
14844
51343
20028
19009
62613
27358
14844
33131
5801
32144
62613
27358
38186
35568
11632
51495
56457
32741
38186
35568
17159
51495
48256
32741
38186
35568
17913
41266
48256
32741
54
5719
5801
64416
62613
32741
1650
2255
35837
62972
62743
56923
1650
2255
45342
7668
27390
56235
38353
7635
35837
55101
25717
56923
40813
24339
35837
54492
25717
37229
40813
7635
35837
55101
25717
37229
1650
2255
35837
55101
27390
56923
3391
35557
41277
62972
62743
54928
3391
35557
45232
30118
36557
54928
54
2255
5801
64416
62743
56923
54
8573
9317
11178
10678
10367
54
8573
8435
11178
29850
10367
39180
5719
9018
64416
31137
20242
45832
15816
9018
62447
27246
15795
39180
5719
17948
64416
31137
20242
39180
20798
17948
46863
31137
20242
54
5719
8435
64416
31137
20242
14844
33131
5801
51495
62613
32741
14844
51343
20028
19009
62613
27358
14844
33131
5801
32144
62613
27358
38186
35568
11632
51495
56457
32741
38186
35568
17159
51495
48256
32741
38186
35568
17913
41266
48256
32741
54
5719
5801
64416
62613
32741
1650
2255
35837
62972
62743
56923
1650
2255
45342
7668
27390
56235
38353
7635
35837
55101
25717
56923
40813
24339
35837
54492
25717
37229
40813
7635
35837
55101
25717
37229
1650
2255
35837
55101
27390
56923
3391
35557
41277
62972
62743
54928
3391
35557
45232
30118
36557
54928
54
2255
5801
64416
62743
56923
54
8573
9317
11178
10678
10367
54
8573
8435
11178
29850
10367
39180
5719
9018
64416
31137
20242
45832
15816
9018
62447
27246
15795
39180
5719
17948
64416
31137
20242
39180
20798
17948
46863
31137
20242
54
5719
8435
64416
31137
20242
14844
33131
5801
51495
62613
32741
14844
51343
20028
19009
62613
27358
14844
33131
5801
32144
62613
27358
38186
35568
11632
51495
56457
32741
38186
35568
17159
51495
48256
32741
38186
35568
17913
41266
48256
32741
54
5719
5801
64416
62613
32741
1650
2255
35837
62972
62743
56923
1650
2255
45342
7668
27390
56235
38353
7635
35837
55101
25717
56923
40813
24339
35837
54492
25717
37229
40813
7635
35837
55101
25717
37229
1650
2255
35837
55101
27390
56923
3391
35557
41277
62972
62743
54928
3391
35557
45232
30118
36557
54928
54
2255
5801
64416
62743
56923
54
8573
9317
11178
10678
10367
54
8573
8435
11178
29850
10367
39180
5719
9018
64416
31137
20242
45832
15816
9018
62447
27246
15795
39180
5719
17948
64416
31137
20242
39180
20798
17948
46863
31137
20242
54
5719
8435
64416
31137
20242
14844
33131
5801
51495
62613
32741
14844
51343
20028
19009
62613
27358
14844
33131
5801
32144
62613
27358
38186
35568
11632
51495
56457
32741
38186
35568
17159
51495
48256
32741
38186
35568
17913
41266
48256
32741
54
5719
5801
64416
62613
32741
1650
2255
35837
62972
62743
56923
1650
2255
45342
7668
27390
56235
38353
7635
35837
55101
25717
56923
40813
24339
35837
54492
25717
37229
40813
7635
35837
55101
25717
37229
1650
2255
35837
55101
27390
56923
3391
35557
41277
62972
62743
54928
3391
35557
45232
30118
36557
54928
54
2255
5801
64416
62743
56923
54
8573
9317
11178
10678
10367
54
8573
8435
11178
29850
10367
39180
5719
9018
64416
31137
20242
45832
15816
9018
62447
27246
15795
39180
5719
17948
64416
31137
20242
39180
20798
17948
46863
31137
20242
54
5719
8435
64416
31137
20242
14844
33131
5801
51495
62613
32741
14844
51343
20028
19009
62613
27358
14844
33131
5801
32144
62613
27358
38186
35568
11632
51495
56457
32741
38186
35568
17159
51495
48256
32741
38186
35568
17913
41266
48256
32741
54
5719
5801
64416
62613
32741
1650
2255
35837
62972
62743
56923
1650
2255
45342
7668
27390
56235
38353
7635
35837
55101
25717
56923
40813
24339
35837
54492
25717
37229
40813
7635
35837
55101
25717
37229
1650
2255
35837
55101
27390
56923
3391
35557
41277
62972
62743
54928
3391
35557
45232
30118
36557
54928
54
2255
5801
64416
62743
56923
54
8573
9317
11178
10678
10367
54
8573
8435
11178
29850
10367
39180
5719
9018
64416
31137
20242
45832
15816
9018
62447
27246
15795
39180
5719
17948
64416
31137
20242
39180
20798
17948
46863
31137
20242
54
5719
8435
64416
31137
20242
14844
33131
5801
51495
62613
32741
14844
51343
20028
19009
62613
27358
14844
33131
5801
32144
62613
27358
38186
35568
11632
51495
56457
32741
38186
35568
17159
51495
48256
32741
38186
35568
17913
41266
48256
32741
54
5719
5801
64416
62613
32741
1650
2255
35837
62972
62743
56923
1650
2255
45342
7668
27390
56235
38353
7635
35837
55101
25717
56923
40813
24339
35837
54492
25717
37229
40813
7635
35837
55101
25717
37229
1650
2255
35837
55101
27390
56923
3391
35557
41277
62972
62743
54928
3391
35557
45232
30118
36557
54928
54
2255
5801
64416
62743
56923
54
8573
9317
11178
10678
10367
54
8573
8435
11178
29850
10367
39180
5719
9018
64416
31137
20242
45832
15816
9018
62447
27246
15795
39180
5719
17948
64416
31137
20242
39180
20798
17948
46863
31137
20242
54
5719
8435
64416
31137
20242
14844
33131
5801
51495
62613
32741
14844
51343
20028
19009
62613
27358
14844
33131
5801
32144
62613
27358
38186
35568
11632
51495
56457
32741
38186
35568
17159
51495
48256
32741
38186
35568
17913
41266
48256
32741
54
5719
5801
64416
62613
32741
1650
2255
35837
62972
62743
56923
1650
2255
45342
7668
27390
56235
38353
7635
35837
55101
25717
56923
40813
24339
35837
54492
25717
37229
40813
7635
35837
55101
25717
37229
1650
2255
35837
55101
27390
56923
3391
35557
41277
62972
62743
54928
3391
35557
45232
30118
36557
54928
54
2255
5801
64416
62743
56923
54
8573
9317
11178
10678
10367
54
8573
8435
11178
29850
10367
39180
5719
9018
64416
31137
20242
45832
15816
9018
62447
27246
15795
39180
5719
17948
64416
31137
20242
39180
20798
17948
46863
31137
20242
54
5719
8435
64416
31137
20242
14844
33131
5801
51495
62613
32741
14844
51343
20028
19009
62613
27358
14844
33131
5801
32144
62613
27358
38186
35568
11632
51495
56457
32741
38186
35568
17159
51495
48256
32741
38186
35568
17913
41266
48256
32741
54
5719
5801
64416
62613
32741
1650
2255
35837
62972
62743
56923
1650
2255
45342
7668
27390
56235
38353
7635
35837
55101
25717
56923
40813
24339
35837
54492
25717
37229
40813
7635
35837
55101
25717
37229
1650
2255
35837
55101
27390
56923
3391
35557
41277
62972
62743
54928
3391
35557
45232
30118
36557
54928
0
0
0
30
29
31
0
13
0
4
13
4
0
5
0
9
13
9
21
11
14
28
15
15
24
11
14
28
13
15
0
5
0
28
15
15
10
16
8
14
25
14
13
16
8
14
17
14
0
5
0
28
25
15
0
0
17
30
29
31
10
1
17
15
7
21
5
12
18
10
15
20
5
12
18
7
14
20
5
1
17
15
15
21
18
0
22
30
13
28
18
6
24
30
13
28
18
9
25
30
13
28
24
9
25
30
13
28
5
0
17
30
15
28
0
22
18
12
29
31
0
27
18
12
29
20
2
22
24
7
27
31
2
22
28
7
23
31
0
0
0
30
29
31
0
13
0
4
13
4
0
5
0
9
13
9
21
11
14
28
15
15
24
11
14
28
13
15
0
5
0
28
15
15
10
16
8
14
25
14
13
16
8
14
17
14
0
5
0
28
25
15
0
0
17
30
29
31
10
1
17
15
7
21
5
12
18
10
15
20
5
12
18
7
14
20
5
1
17
15
15
21
18
0
22
30
13
28
18
6
24
30
13
28
18
9
25
30
13
28
24
9
25
30
13
28
5
0
17
30
15
28
0
22
18
12
29
31
0
27
18
12
29
20
2
22
24
7
27
31
2
22
28
7
23
31
0
0
0
30
29
31
0
13
0
4
13
4
0
5
0
9
13
9
21
11
14
28
15
15
24
11
14
28
13
15
0
5
0
28
15
15
10
16
8
14
25
14
13
16
8
14
17
14
0
5
0
28
25
15
0
0
17
30
29
31
10
1
17
15
7
21
5
12
18
10
15
20
5
12
18
7
14
20
5
1
17
15
15
21
18
0
22
30
13
28
18
6
24
30
13
28
18
9
25
30
13
28
24
9
25
30
13
28
5
0
17
30
15
28
0
22
18
12
29
31
0
27
18
12
29
20
2
22
24
7
27
31
2
22
28
7
23
31
0
0
0
30
29
31
0
13
0
4
13
4
0
5
0
9
13
9
21
11
14
28
15
15
24
11
14
28
13
15
0
5
0
28
15
15
10
16
8
14
25
14
13
16
8
14
17
14
0
5
0
28
25
15
0
0
17
30
29
31
10
1
17
15
7
21
5
12
18
10
15
20
5
12
18
7
14
20
5
1
17
15
15
21
18
0
22
30
13
28
18
6
24
30
13
28
18
9
25
30
13
28
24
9
25
30
13
28
5
0
17
30
15
28
0
22
18
12
29
31
0
27
18
12
29
20
2
22
24
7
27
31
2
22
28
7
23
31
0
0
0
30
29
31
0
13
0
4
13
4
0
5
0
9
13
9
21
11
14
28
15
15
24
11
14
28
13
15
0
5
0
28
15
15
10
16
8
14
25
14
13
16
8
14
17
14
0
5
0
28
25
15
0
0
17
30
29
31
10
1
17
15
7
21
5
12
18
10
15
20
5
12
18
7
14
20
5
1
17
15
15
21
18
0
22
30
13
28
18
6
24
30
13
28
18
9
25
30
13
28
24
9
25
30
13
28
5
0
17
30
15
28
0
22
18
12
29
31
0
27
18
12
29
20
2
22
24
7
27
31
2
22
28
7
23
31
0
0
0
30
29
31
0
13
0
4
13
4
0
5
0
9
13
9
21
11
14
28
15
15
24
11
14
28
13
15
0
5
0
28
15
15
10
16
8
14
25
14
13
16
8
14
17
14
0
5
0
28
25
15
0
0
17
30
29
31
10
1
17
15
7
21
5
12
18
10
15
20
5
12
18
7
14
20
5
1
17
15
15
21
18
0
22
30
13
28
18
6
24
30
13
28
18
9
25
30
13
28
24
9
25
30
13
28
5
0
17
30
15
28
0
22
18
12
29
31
0
27
18
12
29
20
2
22
24
7
27
31
2
22
28
7
23
31
0
0
0
30
29
31
0
13
0
4
13
4
0
5
0
9
13
9
21
11
14
28
15
15
24
11
14
28
13
15
0
5
0
28
15
15
10
16
8
14
25
14
13
16
8
14
17
14
0
5
0
28
25
15
0
0
17
30
29
31
10
1
17
15
7
21
5
12
18
10
15
20
5
12
18
7
14
20
5
1
17
15
15
21
18
0
22
30
13
28
18
6
24
30
13
28
18
9
25
30
13
28
24
9
25
30
13
28
5
0
17
30
15
28
0
22
18
12
29
31
0
27
18
12
29
20
2
22
24
7
27
31
2
22
28
7
23
31
0
0
0
30
29
31
0
13
0
4
13
4
0
5
0
9
13
9
21
11
14
28
15
15
24
11
14
28
13
15
0
5
0
28
15
15
10
16
8
14
25
14
13
16
8
14
17
14
0
5
0
28
25
15
0
0
17
30
29
31
10
1
17
15
7
21
5
12
18
10
15
20
5
12
18
7
14
20
5
1
17
15
15
21
18
0
22
30
13
28
18
6
24
30
13
28
18
9
25
30
13
28
24
9
25
30
13
28
5
0
17
30
15
28
0
22
18
12
29
31
0
27
18
12
29
20
2
22
24
7
27
31
2
22
28
7
23
31
0
0
0
30
29
31
0
13
0
4
13
4
0
5
0
9
13
9
21
11
14
28
15
15
24
11
14
28
13
15
0
5
0
28
15
15
10
16
8
14
25
14
13
16
8
14
17
14
0
5
0
28
25
15
0
0
17
30
29
31
10
1
17
15
7
21
5
12
18
10
15
20
5
12
18
7
14
20
5
1
17
15
15
21
18
0
22
30
13
28
18
6
24
30
13
28
18
9
25
30
13
28
24
9
25
30
13
28
5
0
17
30
15
28
0
22
18
12
29
31
0
27
18
12
29
20
2
22
24
7
27
31
2
22
28
7
23
31
0
0
0
30
29
31
0
13
0
4
13
4
0
5
0
9
13
9
21
11
14
28
15
15
24
11
14
28
13
15
0
5
0
28
15
15
10
16
8
14
25
14
13
16
8
14
17
14
0
5
0
28
25
15
0
0
17
30
29
31
10
1
17
15
7
21
5
12
18
10
15
20
5
12
18
7
14
20
5
1
17
15
15
21
18
0
22
30
13
28
18
6
24
30
13
28
18
9
25
30
13
28
24
9
25
30
13
28
5
0
17
30
15
28
0
22
18
12
29
31
0
27
18
12
29
20
2
22
24
7
27
31
2
22
28
7
23
31
0
0
0
30
29
31
0
13
0
4
13
4
0
5
0
9
13
9
21
11
14
28
15
15
24
11
14
28
13
15
0
5
0
28
15
15
10
16
8
14
25
14
13
16
8
14
17
14
0
5
0
28
25
15
0
0
17
30
29
31
10
1
17
15
7
21
5
12
18
10
15
20
5
12
18
7
14
20
5
1
17
15
15
21
18
0
22
30
13
28
18
6
24
30
13
28
18
9
25
30
13
28
24
9
25
30
13
28
5
0
17
30
15
28
0
22
18
12
29
31
0
27
18
12
29
20
2
22
24
7
27
31
2
22
28
7
23
31
0
0
0
30
29
31
0
13
0
4
13
4
0
5
0
9
13
9
21
11
14
28
15
15
24
11
14
28
13
15
0
5
0
28
15
15
10
16
8
14
25
14
13
16
8
14
17
14
0
5
0
28
25
15
0
0
17
30
29
31
10
1
17
15
7
21
5
12
18
10
15
20
5
12
18
7
14
20
5
1
17
15
15
21
18
0
22
30
13
28
18
6
24
30
13
28
18
9
25
30
13
28
24
9
25
30
13
28
5
0
17
30
15
28
0
22
18
12
29
31
0
27
18
12
29
20
2
22
24
7
27
31
2
22
28
7
23
31
2
1
1
31
30
31
5
4
6
10
8
15
28
3
1
29
9
12
5
3
1
29
9
15
2
18
2
31
30
11
2
24
2
6
29
10
18
18
2
31
30
11
18
24
2
20
30
5
18
18
2
20
30
5
2
3
1
31
30
15
3
1
16
31
29
31
5
10
16
8
11
21
4
10
28
13
12
31
4
10
16
13
12
31
18
1
18
31
4
24
18
3
18
19
4
20
18
1
18
26
4
23
4
1
16
31
12
31
3
16
16
31
29
31
3
16
27
15
23
31
3
16
22
15
23
31
20
17
16
31
29
24
20
19
16
26
29
17
2
1
1
31
30
31
5
4
6
10
8
15
28
3
1
29
9
12
5
3
1
29
9
15
2
18
2
31
30
11
2
24
2
6
29
10
18
18
2
31
30
11
18
24
2
20
30
5
18
18
2
20
30
5
2
3
1
31
30
15
3
1
16
31
29
31
5
10
16
8
11
21
4
10
28
13
12
31
4
10
16
13
12
31
18
1
18
31
4
24
18
3
18
19
4
20
18
1
18
26
4
23
4
1
16
31
12
31
3
16
16
31
29
31
3
16
27
15
23
31
3
16
22
15
23
31
20
17
16
31
29
24
20
19
16
26
29
17
2
1
1
31
30
31
5
4
6
10
8
15
28
3
1
29
9
12
5
3
1
29
9
15
2
18
2
31
30
11
2
24
2
6
29
10
18
18
2
31
30
11
18
24
2
20
30
5
18
18
2
20
30
5
2
3
1
31
30
15
3
1
16
31
29
31
5
10
16
8
11
21
4
10
28
13
12
31
4
10
16
13
12
31
18
1
18
31
4
24
18
3
18
19
4
20
18
1
18
26
4
23
4
1
16
31
12
31
3
16
16
31
29
31
3
16
27
15
23
31
3
16
22
15
23
31
20
17
16
31
29
24
20
19
16
26
29
17
2
1
1
31
30
31
5
4
6
10
8
15
28
3
1
29
9
12
5
3
1
29
9
15
2
18
2
31
30
11
2
24
2
6
29
10
18
18
2
31
30
11
18
24
2
20
30
5
18
18
2
20
30
5
2
3
1
31
30
15
3
1
16
31
29
31
5
10
16
8
11
21
4
10
28
13
12
31
4
10
16
13
12
31
18
1
18
31
4
24
18
3
18
19
4
20
18
1
18
26
4
23
4
1
16
31
12
31
3
16
16
31
29
31
3
16
27
15
23
31
3
16
22
15
23
31
20
17
16
31
29
24
20
19
16
26
29
17
2
1
1
31
30
31
5
4
6
10
8
15
28
3
1
29
9
12
5
3
1
29
9
15
2
18
2
31
30
11
2
24
2
6
29
10
18
18
2
31
30
11
18
24
2
20
30
5
18
18
2
20
30
5
2
3
1
31
30
15
3
1
16
31
29
31
5
10
16
8
11
21
4
10
28
13
12
31
4
10
16
13
12
31
18
1
18
31
4
24
18
3
18
19
4
20
18
1
18
26
4
23
4
1
16
31
12
31
3
16
16
31
29
31
3
16
27
15
23
31
3
16
22
15
23
31
20
17
16
31
29
24
20
19
16
26
29
17
2
1
1
31
30
31
5
4
6
10
8
15
28
3
1
29
9
12
5
3
1
29
9
15
2
18
2
31
30
11
2
24
2
6
29
10
18
18
2
31
30
11
18
24
2
20
30
5
18
18
2
20
30
5
2
3
1
31
30
15
3
1
16
31
29
31
5
10
16
8
11
21
4
10
28
13
12
31
4
10
16
13
12
31
18
1
18
31
4
24
18
3
18
19
4
20
18
1
18
26
4
23
4
1
16
31
12
31
3
16
16
31
29
31
3
16
27
15
23
31
3
16
22
15
23
31
20
17
16
31
29
24
20
19
16
26
29
17
2
1
1
31
30
31
5
4
6
10
8
15
28
3
1
29
9
12
5
3
1
29
9
15
2
18
2
31
30
11
2
24
2
6
29
10
18
18
2
31
30
11
18
24
2
20
30
5
18
18
2
20
30
5
2
3
1
31
30
15
3
1
16
31
29
31
5
10
16
8
11
21
4
10
28
13
12
31
4
10
16
13
12
31
18
1
18
31
4
24
18
3
18
19
4
20
18
1
18
26
4
23
4
1
16
31
12
31
3
16
16
31
29
31
3
16
27
15
23
31
3
16
22
15
23
31
20
17
16
31
29
24
20
19
16
26
29
17
2
1
1
31
30
31
5
4
6
10
8
15
28
3
1
29
9
12
5
3
1
29
9
15
2
18
2
31
30
11
2
24
2
6
29
10
18
18
2
31
30
11
18
24
2
20
30
5
18
18
2
20
30
5
2
3
1
31
30
15
3
1
16
31
29
31
5
10
16
8
11
21
4
10
28
13
12
31
4
10
16
13
12
31
18
1
18
31
4
24
18
3
18
19
4
20
18
1
18
26
4
23
4
1
16
31
12
31
3
16
16
31
29
31
3
16
27
15
23
31
3
16
22
15
23
31
20
17
16
31
29
24
20
19
16
26
29
17
2
1
1
31
30
31
5
4
6
10
8
15
28
3
1
29
9
12
5
3
1
29
9
15
2
18
2
31
30
11
2
24
2
6
29
10
18
18
2
31
30
11
18
24
2
20
30
5
18
18
2
20
30
5
2
3
1
31
30
15
3
1
16
31
29
31
5
10
16
8
11
21
4
10
28
13
12
31
4
10
16
13
12
31
18
1
18
31
4
24
18
3
18
19
4
20
18
1
18
26
4
23
4
1
16
31
12
31
3
16
16
31
29
31
3
16
27
15
23
31
3
16
22
15
23
31
20
17
16
31
29
24
20
19
16
26
29
17
2
1
1
31
30
31
5
4
6
10
8
15
28
3
1
29
9
12
5
3
1
29
9
15
2
18
2
31
30
11
2
24
2
6
29
10
18
18
2
31
30
11
18
24
2
20
30
5
18
18
2
20
30
5
2
3
1
31
30
15
3
1
16
31
29
31
5
10
16
8
11
21
4
10
28
13
12
31
4
10
16
13
12
31
18
1
18
31
4
24
18
3
18
19
4
20
18
1
18
26
4
23
4
1
16
31
12
31
3
16
16
31
29
31
3
16
27
15
23
31
3
16
22
15
23
31
20
17
16
31
29
24
20
19
16
26
29
17
2
1
1
31
30
31
5
4
6
10
8
15
28
3
1
29
9
12
5
3
1
29
9
15
2
18
2
31
30
11
2
24
2
6
29
10
18
18
2
31
30
11
18
24
2
20
30
5
18
18
2
20
30
5
2
3
1
31
30
15
3
1
16
31
29
31
5
10
16
8
11
21
4
10
28
13
12
31
4
10
16
13
12
31
18
1
18
31
4
24
18
3
18
19
4
20
18
1
18
26
4
23
4
1
16
31
12
31
3
16
16
31
29
31
3
16
27
15
23
31
3
16
22
15
23
31
20
17
16
31
29
24
20
19
16
26
29
17
2
1
1
31
30
31
5
4
6
10
8
15
28
3
1
29
9
12
5
3
1
29
9
15
2
18
2
31
30
11
2
24
2
6
29
10
18
18
2
31
30
11
18
24
2
20
30
5
18
18
2
20
30
5
2
3
1
31
30
15
3
1
16
31
29
31
5
10
16
8
11
21
4
10
28
13
12
31
4
10
16
13
12
31
18
1
18
31
4
24
18
3
18
19
4
20
18
1
18
26
4
23
4
1
16
31
12
31
3
16
16
31
29
31
3
16
27
15
23
31
3
16
22
15
23
31
20
17
16
31
29
24
20
19
16
26
29
17
185
2202
635
60348
62828
65026
12165
2202
21515
28498
12044
31826
10122
2202
635
28498
16197
31826
38608
17089
3606
54829
22013
30212
10122
2202
635
54829
22013
31826
19920
45167
11983
50879
60658
31745
19920
45167
11983
30275
50507
31745
10122
2202
635
54829
60658
31826
185
12975
34606
60348
62828
65026
185
22264
40021
20488
31912
40529
185
12975
40021
20488
31912
49418
53037
19443
45613
53715
20144
48036
185
12975
40021
53715
31912
49418
7210
33068
34606
60348
62828
65026
24402
61555
45958
26723
62828
46419
20968
39243
40121
26723
62828
46419
7210
39243
40121
26723
62828
53683
34896
33068
34606
60348
59708
65026
51961
33068
34606
53152
48703
34947
51961
33068
34606
60348
48703
46329
34896
35051
49671
58721
59708
65026
34896
35051
62778
58721
41280
65026
56256
55415
49671
57726
59708
62958
185
2202
635
60348
62828
65026
12165
2202
21515
28498
12044
31826
10122
2202
635
28498
16197
31826
38608
17089
3606
54829
22013
30212
10122
2202
635
54829
22013
31826
19920
45167
11983
50879
60658
31745
19920
45167
11983
30275
50507
31745
10122
2202
635
54829
60658
31826
185
12975
34606
60348
62828
65026
185
22264
40021
20488
31912
40529
185
12975
40021
20488
31912
49418
53037
19443
45613
53715
20144
48036
185
12975
40021
53715
31912
49418
7210
33068
34606
60348
62828
65026
24402
61555
45958
26723
62828
46419
20968
39243
40121
26723
62828
46419
7210
39243
40121
26723
62828
53683
34896
33068
34606
60348
59708
65026
51961
33068
34606
53152
48703
34947
51961
33068
34606
60348
48703
46329
34896
35051
49671
58721
59708
65026
34896
35051
62778
58721
41280
65026
56256
55415
49671
57726
59708
62958
185
2202
635
60348
62828
65026
12165
2202
21515
28498
12044
31826
10122
2202
635
28498
16197
31826
38608
17089
3606
54829
22013
30212
10122
2202
635
54829
22013
31826
19920
45167
11983
50879
60658
31745
19920
45167
11983
30275
50507
31745
10122
2202
635
54829
60658
31826
185
12975
34606
60348
62828
65026
185
22264
40021
20488
31912
40529
185
12975
40021
20488
31912
49418
53037
19443
45613
53715
20144
48036
185
12975
40021
53715
31912
49418
7210
33068
34606
60348
62828
65026
24402
61555
45958
26723
62828
46419
20968
39243
40121
26723
62828
46419
7210
39243
40121
26723
62828
53683
34896
33068
34606
60348
59708
65026
51961
33068
34606
53152
48703
34947
51961
33068
34606
60348
48703
46329
34896
35051
49671
58721
59708
65026
34896
35051
62778
58721
41280
65026
56256
55415
49671
57726
59708
62958
185
2202
635
60348
62828
65026
12165
2202
21515
28498
12044
31826
10122
2202
635
28498
16197
31826
38608
17089
3606
54829
22013
30212
10122
2202
635
54829
22013
31826
19920
45167
11983
50879
60658
31745
19920
45167
11983
30275
50507
31745
10122
2202
635
54829
60658
31826
185
12975
34606
60348
62828
65026
185
22264
40021
20488
31912
40529
185
12975
40021
20488
31912
49418
53037
19443
45613
53715
20144
48036
185
12975
40021
53715
31912
49418
7210
33068
34606
60348
62828
65026
24402
61555
45958
26723
62828
46419
20968
39243
40121
26723
62828
46419
7210
39243
40121
26723
62828
53683
34896
33068
34606
60348
59708
65026
51961
33068
34606
53152
48703
34947
51961
33068
34606
60348
48703
46329
34896
35051
49671
58721
59708
65026
34896
35051
62778
58721
41280
65026
56256
55415
49671
57726
59708
62958
185
2202
635
60348
62828
65026
12165
2202
21515
28498
12044
31826
10122
2202
635
28498
16197
31826
38608
17089
3606
54829
22013
30212
10122
2202
635
54829
22013
31826
19920
45167
11983
50879
60658
31745
19920
45167
11983
30275
50507
31745
10122
2202
635
54829
60658
31826
185
12975
34606
60348
62828
65026
185
22264
40021
20488
31912
40529
185
12975
40021
20488
31912
49418
53037
19443
45613
53715
20144
48036
185
12975
40021
53715
31912
49418
7210
33068
34606
60348
62828
65026
24402
61555
45958
26723
62828
46419
20968
39243
40121
26723
62828
46419
7210
39243
40121
26723
62828
53683
34896
33068
34606
60348
59708
65026
51961
33068
34606
53152
48703
34947
51961
33068
34606
60348
48703
46329
34896
35051
49671
58721
59708
65026
34896
35051
62778
58721
41280
65026
56256
55415
49671
57726
59708
62958
185
2202
635
60348
62828
65026
12165
2202
21515
28498
12044
31826
10122
2202
635
28498
16197
31826
38608
17089
3606
54829
22013
30212
10122
2202
635
54829
22013
31826
19920
45167
11983
50879
60658
31745
19920
45167
11983
30275
50507
31745
10122
2202
635
54829
60658
31826
185
12975
34606
60348
62828
65026
185
22264
40021
20488
31912
40529
185
12975
40021
20488
31912
49418
53037
19443
45613
53715
20144
48036
185
12975
40021
53715
31912
49418
7210
33068
34606
60348
62828
65026
24402
61555
45958
26723
62828
46419
20968
39243
40121
26723
62828
46419
7210
39243
40121
26723
62828
53683
34896
33068
34606
60348
59708
65026
51961
33068
34606
53152
48703
34947
51961
33068
34606
60348
48703
46329
34896
35051
49671
58721
59708
65026
34896
35051
62778
58721
41280
65026
56256
55415
49671
57726
59708
62958
185
2202
635
60348
62828
65026
12165
2202
21515
28498
12044
31826
10122
2202
635
28498
16197
31826
38608
17089
3606
54829
22013
30212
10122
2202
635
54829
22013
31826
19920
45167
11983
50879
60658
31745
19920
45167
11983
30275
50507
31745
10122
2202
635
54829
60658
31826
185
12975
34606
60348
62828
65026
185
22264
40021
20488
31912
40529
185
12975
40021
20488
31912
49418
53037
19443
45613
53715
20144
48036
185
12975
40021
53715
31912
49418
7210
33068
34606
60348
62828
65026
24402
61555
45958
26723
62828
46419
20968
39243
40121
26723
62828
46419
7210
39243
40121
26723
62828
53683
34896
33068
34606
60348
59708
65026
51961
33068
34606
53152
48703
34947
51961
33068
34606
60348
48703
46329
34896
35051
49671
58721
59708
65026
34896
35051
62778
58721
41280
65026
56256
55415
49671
57726
59708
62958
185
2202
635
60348
62828
65026
12165
2202
21515
28498
12044
31826
10122
2202
635
28498
16197
31826
38608
17089
3606
54829
22013
30212
10122
2202
635
54829
22013
31826
19920
45167
11983
50879
60658
31745
19920
45167
11983
30275
50507
31745
10122
2202
635
54829
60658
31826
185
12975
34606
60348
62828
65026
185
22264
40021
20488
31912
40529
185
12975
40021
20488
31912
49418
53037
19443
45613
53715
20144
48036
185
12975
40021
53715
31912
49418
7210
33068
34606
60348
62828
65026
24402
61555
45958
26723
62828
46419
20968
39243
40121
26723
62828
46419
7210
39243
40121
26723
62828
53683
34896
33068
34606
60348
59708
65026
51961
33068
34606
53152
48703
34947
51961
33068
34606
60348
48703
46329
34896
35051
49671
58721
59708
65026
34896
35051
62778
58721
41280
65026
56256
55415
49671
57726
59708
62958
185
2202
635
60348
62828
65026
12165
2202
21515
28498
12044
31826
10122
2202
635
28498
16197
31826
38608
17089
3606
54829
22013
30212
10122
2202
635
54829
22013
31826
19920
45167
11983
50879
60658
31745
19920
45167
11983
30275
50507
31745
10122
2202
635
54829
60658
31826
185
12975
34606
60348
62828
65026
185
22264
40021
20488
31912
40529
185
12975
40021
20488
31912
49418
53037
19443
45613
53715
20144
48036
185
12975
40021
53715
31912
49418
7210
33068
34606
60348
62828
65026
24402
61555
45958
26723
62828
46419
20968
39243
40121
26723
62828
46419
7210
39243
40121
26723
62828
53683
34896
33068
34606
60348
59708
65026
51961
33068
34606
53152
48703
34947
51961
33068
34606
60348
48703
46329
34896
35051
49671
58721
59708
65026
34896
35051
62778
58721
41280
65026
56256
55415
49671
57726
59708
62958
185
2202
635
60348
62828
65026
12165
2202
21515
28498
12044
31826
10122
2202
635
28498
16197
31826
38608
17089
3606
54829
22013
30212
10122
2202
635
54829
22013
31826
19920
45167
11983
50879
60658
31745
19920
45167
11983
30275
50507
31745
10122
2202
635
54829
60658
31826
185
12975
34606
60348
62828
65026
185
22264
40021
20488
31912
40529
185
12975
40021
20488
31912
49418
53037
19443
45613
53715
20144
48036
185
12975
40021
53715
31912
49418
7210
33068
34606
60348
62828
65026
24402
61555
45958
26723
62828
46419
20968
39243
40121
26723
62828
46419
7210
39243
40121
26723
62828
53683
34896
33068
34606
60348
59708
65026
51961
33068
34606
53152
48703
34947
51961
33068
34606
60348
48703
46329
34896
35051
49671
58721
59708
65026
34896
35051
62778
58721
41280
65026
56256
55415
49671
57726
59708
62958
185
2202
635
60348
62828
65026
12165
2202
21515
28498
12044
31826
10122
2202
635
28498
16197
31826
38608
17089
3606
54829
22013
30212
10122
2202
635
54829
22013
31826
19920
45167
11983
50879
60658
31745
19920
45167
11983
30275
50507
31745
10122
2202
635
54829
60658
31826
185
12975
34606
60348
62828
65026
185
22264
40021
20488
31912
40529
185
12975
40021
20488
31912
49418
53037
19443
45613
53715
20144
48036
185
12975
40021
53715
31912
49418
7210
33068
34606
60348
62828
65026
24402
61555
45958
26723
62828
46419
20968
39243
40121
26723
62828
46419
7210
39243
40121
26723
62828
53683
34896
33068
34606
60348
59708
65026
51961
33068
34606
53152
48703
34947
51961
33068
34606
60348
48703
46329
34896
35051
49671
58721
59708
65026
34896
35051
62778
58721
41280
65026
56256
55415
49671
57726
59708
62958
185
2202
635
60348
62828
65026
12165
2202
21515
28498
12044
31826
10122
2202
635
28498
16197
31826
38608
17089
3606
54829
22013
30212
10122
2202
635
54829
22013
31826
19920
45167
11983
50879
60658
31745
19920
45167
11983
30275
50507
31745
10122
2202
635
54829
60658
31826
185
12975
34606
60348
62828
65026
185
22264
40021
20488
31912
40529
185
12975
40021
20488
31912
49418
53037
19443
45613
53715
20144
48036
185
12975
40021
53715
31912
49418
7210
33068
34606
60348
62828
65026
24402
61555
45958
26723
62828
46419
20968
39243
40121
26723
62828
46419
7210
39243
40121
26723
62828
53683
34896
33068
34606
60348
59708
65026
51961
33068
34606
53152
48703
34947
51961
33068
34606
60348
48703
46329
34896
35051
49671
58721
59708
65026
34896
35051
62778
58721
41280
65026
56256
55415
49671
57726
59708
62958
0
2
0
30
30
28
4
4
9
14
15
15
4
4
9
13
6
15
14
8
13
14
15
14
2
2
6
14
15
15
22
6
1
27
15
5
22
15
1
27
15
5
2
2
1
27
15
15
0
18
0
30
30
13
0
18
5
2
19
7
0
18
5
2
27
8
28
19
0
30
30
13
28
20
8
30
30
13
0
2
0
30
30
15
1
5
17
25
29
28
9
6
23
11
13
28
16
5
17
25
13
26
16
11
24
21
13
26
9
5
17
25
13
28
1
19
18
20
29
28
1
28
18
11
29
24
19
19
24
20
27
28
20
19
27
20
22
28
0
2
0
30
30
28
4
4
9
14
15
15
4
4
9
13
6
15
14
8
13
14
15
14
2
2
6
14
15
15
22
6
1
27
15
5
22
15
1
27
15
5
2
2
1
27
15
15
0
18
0
30
30
13
0
18
5
2
19
7
0
18
5
2
27
8
28
19
0
30
30
13
28
20
8
30
30
13
0
2
0
30
30
15
1
5
17
25
29
28
9
6
23
11
13
28
16
5
17
25
13
26
16
11
24
21
13
26
9
5
17
25
13
28
1
19
18
20
29
28
1
28
18
11
29
24
19
19
24
20
27
28
20
19
27
20
22
28
0
2
0
30
30
28
4
4
9
14
15
15
4
4
9
13
6
15
14
8
13
14
15
14
2
2
6
14
15
15
22
6
1
27
15
5
22
15
1
27
15
5
2
2
1
27
15
15
0
18
0
30
30
13
0
18
5
2
19
7
0
18
5
2
27
8
28
19
0
30
30
13
28
20
8
30
30
13
0
2
0
30
30
15
1
5
17
25
29
28
9
6
23
11
13
28
16
5
17
25
13
26
16
11
24
21
13
26
9
5
17
25
13
28
1
19
18
20
29
28
1
28
18
11
29
24
19
19
24
20
27
28
20
19
27
20
22
28
0
2
0
30
30
28
4
4
9
14
15
15
4
4
9
13
6
15
14
8
13
14
15
14
2
2
6
14
15
15
22
6
1
27
15
5
22
15
1
27
15
5
2
2
1
27
15
15
0
18
0
30
30
13
0
18
5
2
19
7
0
18
5
2
27
8
28
19
0
30
30
13
28
20
8
30
30
13
0
2
0
30
30
15
1
5
17
25
29
28
9
6
23
11
13
28
16
5
17
25
13
26
16
11
24
21
13
26
9
5
17
25
13
28
1
19
18
20
29
28
1
28
18
11
29
24
19
19
24
20
27
28
20
19
27
20
22
28
0
2
0
30
30
28
4
4
9
14
15
15
4
4
9
13
6
15
14
8
13
14
15
14
2
2
6
14
15
15
22
6
1
27
15
5
22
15
1
27
15
5
2
2
1
27
15
15
0
18
0
30
30
13
0
18
5
2
19
7
0
18
5
2
27
8
28
19
0
30
30
13
28
20
8
30
30
13
0
2
0
30
30
15
1
5
17
25
29
28
9
6
23
11
13
28
16
5
17
25
13
26
16
11
24
21
13
26
9
5
17
25
13
28
1
19
18
20
29
28
1
28
18
11
29
24
19
19
24
20
27
28
20
19
27
20
22
28
0
2
0
30
30
28
4
4
9
14
15
15
4
4
9
13
6
15
14
8
13
14
15
14
2
2
6
14
15
15
22
6
1
27
15
5
22
15
1
27
15
5
2
2
1
27
15
15
0
18
0
30
30
13
0
18
5
2
19
7
0
18
5
2
27
8
28
19
0
30
30
13
28
20
8
30
30
13
0
2
0
30
30
15
1
5
17
25
29
28
9
6
23
11
13
28
16
5
17
25
13
26
16
11
24
21
13
26
9
5
17
25
13
28
1
19
18
20
29
28
1
28
18
11
29
24
19
19
24
20
27
28
20
19
27
20
22
28
0
2
0
30
30
28
4
4
9
14
15
15
4
4
9
13
6
15
14
8
13
14
15
14
2
2
6
14
15
15
22
6
1
27
15
5
22
15
1
27
15
5
2
2
1
27
15
15
0
18
0
30
30
13
0
18
5
2
19
7
0
18
5
2
27
8
28
19
0
30
30
13
28
20
8
30
30
13
0
2
0
30
30
15
1
5
17
25
29
28
9
6
23
11
13
28
16
5
17
25
13
26
16
11
24
21
13
26
9
5
17
25
13
28
1
19
18
20
29
28
1
28
18
11
29
24
19
19
24
20
27
28
20
19
27
20
22
28
0
2
0
30
30
28
4
4
9
14
15
15
4
4
9
13
6
15
14
8
13
14
15
14
2
2
6
14
15
15
22
6
1
27
15
5
22
15
1
27
15
5
2
2
1
27
15
15
0
18
0
30
30
13
0
18
5
2
19
7
0
18
5
2
27
8
28
19
0
30
30
13
28
20
8
30
30
13
0
2
0
30
30
15
1
5
17
25
29
28
9
6
23
11
13
28
16
5
17
25
13
26
16
11
24
21
13
26
9
5
17
25
13
28
1
19
18
20
29
28
1
28
18
11
29
24
19
19
24
20
27
28
20
19
27
20
22
28
0
2
0
30
30
28
4
4
9
14
15
15
4
4
9
13
6
15
14
8
13
14
15
14
2
2
6
14
15
15
22
6
1
27
15
5
22
15
1
27
15
5
2
2
1
27
15
15
0
18
0
30
30
13
0
18
5
2
19
7
0
18
5
2
27
8
28
19
0
30
30
13
28
20
8
30
30
13
0
2
0
30
30
15
1
5
17
25
29
28
9
6
23
11
13
28
16
5
17
25
13
26
16
11
24
21
13
26
9
5
17
25
13
28
1
19
18
20
29
28
1
28
18
11
29
24
19
19
24
20
27
28
20
19
27
20
22
28
0
2
0
30
30
28
4
4
9
14
15
15
4
4
9
13
6
15
14
8
13
14
15
14
2
2
6
14
15
15
22
6
1
27
15
5
22
15
1
27
15
5
2
2
1
27
15
15
0
18
0
30
30
13
0
18
5
2
19
7
0
18
5
2
27
8
28
19
0
30
30
13
28
20
8
30
30
13
0
2
0
30
30
15
1
5
17
25
29
28
9
6
23
11
13
28
16
5
17
25
13
26
16
11
24
21
13
26
9
5
17
25
13
28
1
19
18
20
29
28
1
28
18
11
29
24
19
19
24
20
27
28
20
19
27
20
22
28
0
2
0
30
30
28
4
4
9
14
15
15
4
4
9
13
6
15
14
8
13
14
15
14
2
2
6
14
15
15
22
6
1
27
15
5
22
15
1
27
15
5
2
2
1
27
15
15
0
18
0
30
30
13
0
18
5
2
19
7
0
18
5
2
27
8
28
19
0
30
30
13
28
20
8
30
30
13
0
2
0
30
30
15
1
5
17
25
29
28
9
6
23
11
13
28
16
5
17
25
13
26
16
11
24
21
13
26
9
5
17
25
13
28
1
19
18
20
29
28
1
28
18
11
29
24
19
19
24
20
27
28
20
19
27
20
22
28
0
2
0
30
30
28
4
4
9
14
15
15
4
4
9
13
6
15
14
8
13
14
15
14
2
2
6
14
15
15
22
6
1
27
15
5
22
15
1
27
15
5
2
2
1
27
15
15
0
18
0
30
30
13
0
18
5
2
19
7
0
18
5
2
27
8
28
19
0
30
30
13
28
20
8
30
30
13
0
2
0
30
30
15
1
5
17
25
29
28
9
6
23
11
13
28
16
5
17
25
13
26
16
11
24
21
13
26
9
5
17
25
13
28
1
19
18
20
29
28
1
28
18
11
29
24
19
19
24
20
27
28
20
19
27
20
22
28
0
2
0
27
31
31
5
3
4
15
4
10
5
3
4
20
4
11
14
18
0
25
31
14
14
18
0
14
19
4
22
27
9
25
31
14
5
3
0
25
31
14
0
2
16
27
31
31
4
9
25
14
15
31
10
12
27
14
15
31
10
12
30
14
15
31
4
2
19
14
15
31
17
4
16
26
13
30
17
4
16
21
13
18
17
6
24
26
12
30
23
6
24
26
7
30
17
8
27
20
12
28
4
2
16
26
15
31
0
19
22
27
31
29
0
20
22
12
31
24
20
19
22
27
22
29
20
19
27
27
22
29
20
19
27
20
20
29
0
2
0
27
31
31
5
3
4
15
4
10
5
3
4
20
4
11
14
18
0
25
31
14
14
18
0
14
19
4
22
27
9
25
31
14
5
3
0
25
31
14
0
2
16
27
31
31
4
9
25
14
15
31
10
12
27
14
15
31
10
12
30
14
15
31
4
2
19
14
15
31
17
4
16
26
13
30
17
4
16
21
13
18
17
6
24
26
12
30
23
6
24
26
7
30
17
8
27
20
12
28
4
2
16
26
15
31
0
19
22
27
31
29
0
20
22
12
31
24
20
19
22
27
22
29
20
19
27
27
22
29
20
19
27
20
20
29
0
2
0
27
31
31
5
3
4
15
4
10
5
3
4
20
4
11
14
18
0
25
31
14
14
18
0
14
19
4
22
27
9
25
31
14
5
3
0
25
31
14
0
2
16
27
31
31
4
9
25
14
15
31
10
12
27
14
15
31
10
12
30
14
15
31
4
2
19
14
15
31
17
4
16
26
13
30
17
4
16
21
13
18
17
6
24
26
12
30
23
6
24
26
7
30
17
8
27
20
12
28
4
2
16
26
15
31
0
19
22
27
31
29
0
20
22
12
31
24
20
19
22
27
22
29
20
19
27
27
22
29
20
19
27
20
20
29
0
2
0
27
31
31
5
3
4
15
4
10
5
3
4
20
4
11
14
18
0
25
31
14
14
18
0
14
19
4
22
27
9
25
31
14
5
3
0
25
31
14
0
2
16
27
31
31
4
9
25
14
15
31
10
12
27
14
15
31
10
12
30
14
15
31
4
2
19
14
15
31
17
4
16
26
13
30
17
4
16
21
13
18
17
6
24
26
12
30
23
6
24
26
7
30
17
8
27
20
12
28
4
2
16
26
15
31
0
19
22
27
31
29
0
20
22
12
31
24
20
19
22
27
22
29
20
19
27
27
22
29
20
19
27
20
20
29
0
2
0
27
31
31
5
3
4
15
4
10
5
3
4
20
4
11
14
18
0
25
31
14
14
18
0
14
19
4
22
27
9
25
31
14
5
3
0
25
31
14
0
2
16
27
31
31
4
9
25
14
15
31
10
12
27
14
15
31
10
12
30
14
15
31
4
2
19
14
15
31
17
4
16
26
13
30
17
4
16
21
13
18
17
6
24
26
12
30
23
6
24
26
7
30
17
8
27
20
12
28
4
2
16
26
15
31
0
19
22
27
31
29
0
20
22
12
31
24
20
19
22
27
22
29
20
19
27
27
22
29
20
19
27
20
20
29
0
2
0
27
31
31
5
3
4
15
4
10
5
3
4
20
4
11
14
18
0
25
31
14
14
18
0
14
19
4
22
27
9
25
31
14
5
3
0
25
31
14
0
2
16
27
31
31
4
9
25
14
15
31
10
12
27
14
15
31
10
12
30
14
15
31
4
2
19
14
15
31
17
4
16
26
13
30
17
4
16
21
13
18
17
6
24
26
12
30
23
6
24
26
7
30
17
8
27
20
12
28
4
2
16
26
15
31
0
19
22
27
31
29
0
20
22
12
31
24
20
19
22
27
22
29
20
19
27
27
22
29
20
19
27
20
20
29
0
2
0
27
31
31
5
3
4
15
4
10
5
3
4
20
4
11
14
18
0
25
31
14
14
18
0
14
19
4
22
27
9
25
31
14
5
3
0
25
31
14
0
2
16
27
31
31
4
9
25
14
15
31
10
12
27
14
15
31
10
12
30
14
15
31
4
2
19
14
15
31
17
4
16
26
13
30
17
4
16
21
13
18
17
6
24
26
12
30
23
6
24
26
7
30
17
8
27
20
12
28
4
2
16
26
15
31
0
19
22
27
31
29
0
20
22
12
31
24
20
19
22
27
22
29
20
19
27
27
22
29
20
19
27
20
20
29
0
2
0
27
31
31
5
3
4
15
4
10
5
3
4
20
4
11
14
18
0
25
31
14
14
18
0
14
19
4
22
27
9
25
31
14
5
3
0
25
31
14
0
2
16
27
31
31
4
9
25
14
15
31
10
12
27
14
15
31
10
12
30
14
15
31
4
2
19
14
15
31
17
4
16
26
13
30
17
4
16
21
13
18
17
6
24
26
12
30
23
6
24
26
7
30
17
8
27
20
12
28
4
2
16
26
15
31
0
19
22
27
31
29
0
20
22
12
31
24
20
19
22
27
22
29
20
19
27
27
22
29
20
19
27
20
20
29
0
2
0
27
31
31
5
3
4
15
4
10
5
3
4
20
4
11
14
18
0
25
31
14
14
18
0
14
19
4
22
27
9
25
31
14
5
3
0
25
31
14
0
2
16
27
31
31
4
9
25
14
15
31
10
12
27
14
15
31
10
12
30
14
15
31
4
2
19
14
15
31
17
4
16
26
13
30
17
4
16
21
13
18
17
6
24
26
12
30
23
6
24
26
7
30
17
8
27
20
12
28
4
2
16
26
15
31
0
19
22
27
31
29
0
20
22
12
31
24
20
19
22
27
22
29
20
19
27
27
22
29
20
19
27
20
20
29
0
2
0
27
31
31
5
3
4
15
4
10
5
3
4
20
4
11
14
18
0
25
31
14
14
18
0
14
19
4
22
27
9
25
31
14
5
3
0
25
31
14
0
2
16
27
31
31
4
9
25
14
15
31
10
12
27
14
15
31
10
12
30
14
15
31
4
2
19
14
15
31
17
4
16
26
13
30
17
4
16
21
13
18
17
6
24
26
12
30
23
6
24
26
7
30
17
8
27
20
12
28
4
2
16
26
15
31
0
19
22
27
31
29
0
20
22
12
31
24
20
19
22
27
22
29
20
19
27
27
22
29
20
19
27
20
20
29
0
2
0
27
31
31
5
3
4
15
4
10
5
3
4
20
4
11
14
18
0
25
31
14
14
18
0
14
19
4
22
27
9
25
31
14
5
3
0
25
31
14
0
2
16
27
31
31
4
9
25
14
15
31
10
12
27
14
15
31
10
12
30
14
15
31
4
2
19
14
15
31
17
4
16
26
13
30
17
4
16
21
13
18
17
6
24
26
12
30
23
6
24
26
7
30
17
8
27
20
12
28
4
2
16
26
15
31
0
19
22
27
31
29
0
20
22
12
31
24
20
19
22
27
22
29
20
19
27
27
22
29
20
19
27
20
20
29
0
2
0
27
31
31
5
3
4
15
4
10
5
3
4
20
4
11
14
18
0
25
31
14
14
18
0
14
19
4
22
27
9
25
31
14
5
3
0
25
31
14
0
2
16
27
31
31
4
9
25
14
15
31
10
12
27
14
15
31
10
12
30
14
15
31
4
2
19
14
15
31
17
4
16
26
13
30
17
4
16
21
13
18
17
6
24
26
12
30
23
6
24
26
7
30
17
8
27
20
12
28
4
2
16
26
15
31
0
19
22
27
31
29
0
20
22
12
31
24
20
19
22
27
22
29
20
19
27
27
22
29
20
19
27
20
20
29
3616
4854
1430
65002
64466
63385
48209
13161
4943
61203
18957
14809
17860
11343
4943
61203
18957
23511
10879
44011
1430
60982
58784
29291
12829
52025
1430
15260
57067
4335
12829
52025
1430
27808
57067
4997
10879
44011
1430
27808
57067
23676
45854
48746
9110
60982
58784
29291
45854
53752
29275
47958
58784
29291
10879
11343
1430
61203
58784
29291
3616
4854
33946
65002
64466
63385
25916
4854
44300
31305
22781
60755
45135
5871
46475
65002
28969
48386
59640
16529
46475
65002
28969
46672
25916
4854
44300
65002
28969
60755
3616
34876
33946
61676
64466
63385
3616
34876
55850
28824
53705
63385
3616
34876
57388
25960
45474
63041
5411
53369
55850
28824
53705
63385
3616
34876
33946
28824
57063
63385
33449
40428
48805
61676
64466
63238
33449
40428
50647
61676
46444
63238
52913
44045
61973
61676
46444
63238
3616
4854
1430
65002
64466
63385
48209
13161
4943
61203
18957
14809
17860
11343
4943
61203
18957
23511
10879
44011
1430
60982
58784
29291
12829
52025
1430
15260
57067
4335
12829
52025
1430
27808
57067
4997
10879
44011
1430
27808
57067
23676
45854
48746
9110
60982
58784
29291
45854
53752
29275
47958
58784
29291
10879
11343
1430
61203
58784
29291
3616
4854
33946
65002
64466
63385
25916
4854
44300
31305
22781
60755
45135
5871
46475
65002
28969
48386
59640
16529
46475
65002
28969
46672
25916
4854
44300
65002
28969
60755
3616
34876
33946
61676
64466
63385
3616
34876
55850
28824
53705
63385
3616
34876
57388
25960
45474
63041
5411
53369
55850
28824
53705
63385
3616
34876
33946
28824
57063
63385
33449
40428
48805
61676
64466
63238
33449
40428
50647
61676
46444
63238
52913
44045
61973
61676
46444
63238
3616
4854
1430
65002
64466
63385
48209
13161
4943
61203
18957
14809
17860
11343
4943
61203
18957
23511
10879
44011
1430
60982
58784
29291
12829
52025
1430
15260
57067
4335
12829
52025
1430
27808
57067
4997
10879
44011
1430
27808
57067
23676
45854
48746
9110
60982
58784
29291
45854
53752
29275
47958
58784
29291
10879
11343
1430
61203
58784
29291
3616
4854
33946
65002
64466
63385
25916
4854
44300
31305
22781
60755
45135
5871
46475
65002
28969
48386
59640
16529
46475
65002
28969
46672
25916
4854
44300
65002
28969
60755
3616
34876
33946
61676
64466
63385
3616
34876
55850
28824
53705
63385
3616
34876
57388
25960
45474
63041
5411
53369
55850
28824
53705
63385
3616
34876
33946
28824
57063
63385
33449
40428
48805
61676
64466
63238
33449
40428
50647
61676
46444
63238
52913
44045
61973
61676
46444
63238
3616
4854
1430
65002
64466
63385
48209
13161
4943
61203
18957
14809
17860
11343
4943
61203
18957
23511
10879
44011
1430
60982
58784
29291
12829
52025
1430
15260
57067
4335
12829
52025
1430
27808
57067
4997
10879
44011
1430
27808
57067
23676
45854
48746
9110
60982
58784
29291
45854
53752
29275
47958
58784
29291
10879
11343
1430
61203
58784
29291
3616
4854
33946
65002
64466
63385
25916
4854
44300
31305
22781
60755
45135
5871
46475
65002
28969
48386
59640
16529
46475
65002
28969
46672
25916
4854
44300
65002
28969
60755
3616
34876
33946
61676
64466
63385
3616
34876
55850
28824
53705
63385
3616
34876
57388
25960
45474
63041
5411
53369
55850
28824
53705
63385
3616
34876
33946
28824
57063
63385
33449
40428
48805
61676
64466
63238
33449
40428
50647
61676
46444
63238
52913
44045
61973
61676
46444
63238
3616
4854
1430
65002
64466
63385
48209
13161
4943
61203
18957
14809
17860
11343
4943
61203
18957
23511
10879
44011
1430
60982
58784
29291
12829
52025
1430
15260
57067
4335
12829
52025
1430
27808
57067
4997
10879
44011
1430
27808
57067
23676
45854
48746
9110
60982
58784
29291
45854
53752
29275
47958
58784
29291
10879
11343
1430
61203
58784
29291
3616
4854
33946
65002
64466
63385
25916
4854
44300
31305
22781
60755
45135
5871
46475
65002
28969
48386
59640
16529
46475
65002
28969
46672
25916
4854
44300
65002
28969
60755
3616
34876
33946
61676
64466
63385
3616
34876
55850
28824
53705
63385
3616
34876
57388
25960
45474
63041
5411
53369
55850
28824
53705
63385
3616
34876
33946
28824
57063
63385
33449
40428
48805
61676
64466
63238
33449
40428
50647
61676
46444
63238
52913
44045
61973
61676
46444
63238
3616
4854
1430
65002
64466
63385
48209
13161
4943
61203
18957
14809
17860
11343
4943
61203
18957
23511
10879
44011
1430
60982
58784
29291
12829
52025
1430
15260
57067
4335
12829
52025
1430
27808
57067
4997
10879
44011
1430
27808
57067
23676
45854
48746
9110
60982
58784
29291
45854
53752
29275
47958
58784
29291
10879
11343
1430
61203
58784
29291
3616
4854
33946
65002
64466
63385
25916
4854
44300
31305
22781
60755
45135
5871
46475
65002
28969
48386
59640
16529
46475
65002
28969
46672
25916
4854
44300
65002
28969
60755
3616
34876
33946
61676
64466
63385
3616
34876
55850
28824
53705
63385
3616
34876
57388
25960
45474
63041
5411
53369
55850
28824
53705
63385
3616
34876
33946
28824
57063
63385
33449
40428
48805
61676
64466
63238
33449
40428
50647
61676
46444
63238
52913
44045
61973
61676
46444
63238
3616
4854
1430
65002
64466
63385
48209
13161
4943
61203
18957
14809
17860
11343
4943
61203
18957
23511
10879
44011
1430
60982
58784
29291
12829
52025
1430
15260
57067
4335
12829
52025
1430
27808
57067
4997
10879
44011
1430
27808
57067
23676
45854
48746
9110
60982
58784
29291
45854
53752
29275
47958
58784
29291
10879
11343
1430
61203
58784
29291
3616
4854
33946
65002
64466
63385
25916
4854
44300
31305
22781
60755
45135
5871
46475
65002
28969
48386
59640
16529
46475
65002
28969
46672
25916
4854
44300
65002
28969
60755
3616
34876
33946
61676
64466
63385
3616
34876
55850
28824
53705
63385
3616
34876
57388
25960
45474
63041
5411
53369
55850
28824
53705
63385
3616
34876
33946
28824
57063
63385
33449
40428
48805
61676
64466
63238
33449
40428
50647
61676
46444
63238
52913
44045
61973
61676
46444
63238
3616
4854
1430
65002
64466
63385
48209
13161
4943
61203
18957
14809
17860
11343
4943
61203
18957
23511
10879
44011
1430
60982
58784
29291
12829
52025
1430
15260
57067
4335
12829
52025
1430
27808
57067
4997
10879
44011
1430
27808
57067
23676
45854
48746
9110
60982
58784
29291
45854
53752
29275
47958
58784
29291
10879
11343
1430
61203
58784
29291
3616
4854
33946
65002
64466
63385
25916
4854
44300
31305
22781
60755
45135
5871
46475
65002
28969
48386
59640
16529
46475
65002
28969
46672
25916
4854
44300
65002
28969
60755
3616
34876
33946
61676
64466
63385
3616
34876
55850
28824
53705
63385
3616
34876
57388
25960
45474
63041
5411
53369
55850
28824
53705
63385
3616
34876
33946
28824
57063
63385
33449
40428
48805
61676
64466
63238
33449
40428
50647
61676
46444
63238
52913
44045
61973
61676
46444
63238
3616
4854
1430
65002
64466
63385
48209
13161
4943
61203
18957
14809
17860
11343
4943
61203
18957
23511
10879
44011
1430
60982
58784
29291
12829
52025
1430
15260
57067
4335
12829
52025
1430
27808
57067
4997
10879
44011
1430
27808
57067
23676
45854
48746
9110
60982
58784
29291
45854
53752
29275
47958
58784
29291
10879
11343
1430
61203
58784
29291
3616
4854
33946
65002
64466
63385
25916
4854
44300
31305
22781
60755
45135
5871
46475
65002
28969
48386
59640
16529
46475
65002
28969
46672
25916
4854
44300
65002
28969
60755
3616
34876
33946
61676
64466
63385
3616
34876
55850
28824
53705
63385
3616
34876
57388
25960
45474
63041
5411
53369
55850
28824
53705
63385
3616
34876
33946
28824
57063
63385
33449
40428
48805
61676
64466
63238
33449
40428
50647
61676
46444
63238
52913
44045
61973
61676
46444
63238
3616
4854
1430
65002
64466
63385
48209
13161
4943
61203
18957
14809
17860
11343
4943
61203
18957
23511
10879
44011
1430
60982
58784
29291
12829
52025
1430
15260
57067
4335
12829
52025
1430
27808
57067
4997
10879
44011
1430
27808
57067
23676
45854
48746
9110
60982
58784
29291
45854
53752
29275
47958
58784
29291
10879
11343
1430
61203
58784
29291
3616
4854
33946
65002
64466
63385
25916
4854
44300
31305
22781
60755
45135
5871
46475
65002
28969
48386
59640
16529
46475
65002
28969
46672
25916
4854
44300
65002
28969
60755
3616
34876
33946
61676
64466
63385
3616
34876
55850
28824
53705
63385
3616
34876
57388
25960
45474
63041
5411
53369
55850
28824
53705
63385
3616
34876
33946
28824
57063
63385
33449
40428
48805
61676
64466
63238
33449
40428
50647
61676
46444
63238
52913
44045
61973
61676
46444
63238
3616
4854
1430
65002
64466
63385
48209
13161
4943
61203
18957
14809
17860
11343
4943
61203
18957
23511
10879
44011
1430
60982
58784
29291
12829
52025
1430
15260
57067
4335
12829
52025
1430
27808
57067
4997
10879
44011
1430
27808
57067
23676
45854
48746
9110
60982
58784
29291
45854
53752
29275
47958
58784
29291
10879
11343
1430
61203
58784
29291
3616
4854
33946
65002
64466
63385
25916
4854
44300
31305
22781
60755
45135
5871
46475
65002
28969
48386
59640
16529
46475
65002
28969
46672
25916
4854
44300
65002
28969
60755
3616
34876
33946
61676
64466
63385
3616
34876
55850
28824
53705
63385
3616
34876
57388
25960
45474
63041
5411
53369
55850
28824
53705
63385
3616
34876
33946
28824
57063
63385
33449
40428
48805
61676
64466
63238
33449
40428
50647
61676
46444
63238
52913
44045
61973
61676
46444
63238
3616
4854
1430
65002
64466
63385
48209
13161
4943
61203
18957
14809
17860
11343
4943
61203
18957
23511
10879
44011
1430
60982
58784
29291
12829
52025
1430
15260
57067
4335
12829
52025
1430
27808
57067
4997
10879
44011
1430
27808
57067
23676
45854
48746
9110
60982
58784
29291
45854
53752
29275
47958
58784
29291
10879
11343
1430
61203
58784
29291
3616
4854
33946
65002
64466
63385
25916
4854
44300
31305
22781
60755
45135
5871
46475
65002
28969
48386
59640
16529
46475
65002
28969
46672
25916
4854
44300
65002
28969
60755
3616
34876
33946
61676
64466
63385
3616
34876
55850
28824
53705
63385
3616
34876
57388
25960
45474
63041
5411
53369
55850
28824
53705
63385
3616
34876
33946
28824
57063
63385
33449
40428
48805
61676
64466
63238
33449
40428
50647
61676
46444
63238
52913
44045
61973
61676
46444
63238
0
1
0
31
31
31
8
1
11
12
2
15
24
1
0
31
7
9
24
1
0
31
7
6
8
1
0
31
7
15
0
18
6
21
31
15
4
24
13
10
29
15
0
24
6
10
31
15
20
18
7
21
25
13
20
18
12
20
25
13
0
1
0
31
31
15
3
4
18
31
26
31
3
4
26
11
13
31
7
4
27
9
5
28
3
10
26
11
13
31
3
12
26
6
13
31
3
4
20
12
13
31
17
4
18
28
12
23
24
9
18
28
12
23
3
4
18
28
13
31
5
16
23
31
26
31
5
24
23
9
24
31
19
16
29
31
26
31
0
1
0
31
31
31
8
1
11
12
2
15
24
1
0
31
7
9
24
1
0
31
7
6
8
1
0
31
7
15
0
18
6
21
31
15
4
24
13
10
29
15
0
24
6
10
31
15
20
18
7
21
25
13
20
18
12
20
25
13
0
1
0
31
31
15
3
4
18
31
26
31
3
4
26
11
13
31
7
4
27
9
5
28
3
10
26
11
13
31
3
12
26
6
13
31
3
4
20
12
13
31
17
4
18
28
12
23
24
9
18
28
12
23
3
4
18
28
13
31
5
16
23
31
26
31
5
24
23
9
24
31
19
16
29
31
26
31
0
1
0
31
31
31
8
1
11
12
2
15
24
1
0
31
7
9
24
1
0
31
7
6
8
1
0
31
7
15
0
18
6
21
31
15
4
24
13
10
29
15
0
24
6
10
31
15
20
18
7
21
25
13
20
18
12
20
25
13
0
1
0
31
31
15
3
4
18
31
26
31
3
4
26
11
13
31
7
4
27
9
5
28
3
10
26
11
13
31
3
12
26
6
13
31
3
4
20
12
13
31
17
4
18
28
12
23
24
9
18
28
12
23
3
4
18
28
13
31
5
16
23
31
26
31
5
24
23
9
24
31
19
16
29
31
26
31
0
1
0
31
31
31
8
1
11
12
2
15
24
1
0
31
7
9
24
1
0
31
7
6
8
1
0
31
7
15
0
18
6
21
31
15
4
24
13
10
29
15
0
24
6
10
31
15
20
18
7
21
25
13
20
18
12
20
25
13
0
1
0
31
31
15
3
4
18
31
26
31
3
4
26
11
13
31
7
4
27
9
5
28
3
10
26
11
13
31
3
12
26
6
13
31
3
4
20
12
13
31
17
4
18
28
12
23
24
9
18
28
12
23
3
4
18
28
13
31
5
16
23
31
26
31
5
24
23
9
24
31
19
16
29
31
26
31
0
1
0
31
31
31
8
1
11
12
2
15
24
1
0
31
7
9
24
1
0
31
7
6
8
1
0
31
7
15
0
18
6
21
31
15
4
24
13
10
29
15
0
24
6
10
31
15
20
18
7
21
25
13
20
18
12
20
25
13
0
1
0
31
31
15
3
4
18
31
26
31
3
4
26
11
13
31
7
4
27
9
5
28
3
10
26
11
13
31
3
12
26
6
13
31
3
4
20
12
13
31
17
4
18
28
12
23
24
9
18
28
12
23
3
4
18
28
13
31
5
16
23
31
26
31
5
24
23
9
24
31
19
16
29
31
26
31
0
1
0
31
31
31
8
1
11
12
2
15
24
1
0
31
7
9
24
1
0
31
7
6
8
1
0
31
7
15
0
18
6
21
31
15
4
24
13
10
29
15
0
24
6
10
31
15
20
18
7
21
25
13
20
18
12
20
25
13
0
1
0
31
31
15
3
4
18
31
26
31
3
4
26
11
13
31
7
4
27
9
5
28
3
10
26
11
13
31
3
12
26
6
13
31
3
4
20
12
13
31
17
4
18
28
12
23
24
9
18
28
12
23
3
4
18
28
13
31
5
16
23
31
26
31
5
24
23
9
24
31
19
16
29
31
26
31
0
1
0
31
31
31
8
1
11
12
2
15
24
1
0
31
7
9
24
1
0
31
7
6
8
1
0
31
7
15
0
18
6
21
31
15
4
24
13
10
29
15
0
24
6
10
31
15
20
18
7
21
25
13
20
18
12
20
25
13
0
1
0
31
31
15
3
4
18
31
26
31
3
4
26
11
13
31
7
4
27
9
5
28
3
10
26
11
13
31
3
12
26
6
13
31
3
4
20
12
13
31
17
4
18
28
12
23
24
9
18
28
12
23
3
4
18
28
13
31
5
16
23
31
26
31
5
24
23
9
24
31
19
16
29
31
26
31
0
1
0
31
31
31
8
1
11
12
2
15
24
1
0
31
7
9
24
1
0
31
7
6
8
1
0
31
7
15
0
18
6
21
31
15
4
24
13
10
29
15
0
24
6
10
31
15
20
18
7
21
25
13
20
18
12
20
25
13
0
1
0
31
31
15
3
4
18
31
26
31
3
4
26
11
13
31
7
4
27
9
5
28
3
10
26
11
13
31
3
12
26
6
13
31
3
4
20
12
13
31
17
4
18
28
12
23
24
9
18
28
12
23
3
4
18
28
13
31
5
16
23
31
26
31
5
24
23
9
24
31
19
16
29
31
26
31
0
1
0
31
31
31
8
1
11
12
2
15
24
1
0
31
7
9
24
1
0
31
7
6
8
1
0
31
7
15
0
18
6
21
31
15
4
24
13
10
29
15
0
24
6
10
31
15
20
18
7
21
25
13
20
18
12
20
25
13
0
1
0
31
31
15
3
4
18
31
26
31
3
4
26
11
13
31
7
4
27
9
5
28
3
10
26
11
13
31
3
12
26
6
13
31
3
4
20
12
13
31
17
4
18
28
12
23
24
9
18
28
12
23
3
4
18
28
13
31
5
16
23
31
26
31
5
24
23
9
24
31
19
16
29
31
26
31
0
1
0
31
31
31
8
1
11
12
2
15
24
1
0
31
7
9
24
1
0
31
7
6
8
1
0
31
7
15
0
18
6
21
31
15
4
24
13
10
29
15
0
24
6
10
31
15
20
18
7
21
25
13
20
18
12
20
25
13
0
1
0
31
31
15
3
4
18
31
26
31
3
4
26
11
13
31
7
4
27
9
5
28
3
10
26
11
13
31
3
12
26
6
13
31
3
4
20
12
13
31
17
4
18
28
12
23
24
9
18
28
12
23
3
4
18
28
13
31
5
16
23
31
26
31
5
24
23
9
24
31
19
16
29
31
26
31
0
1
0
31
31
31
8
1
11
12
2
15
24
1
0
31
7
9
24
1
0
31
7
6
8
1
0
31
7
15
0
18
6
21
31
15
4
24
13
10
29
15
0
24
6
10
31
15
20
18
7
21
25
13
20
18
12
20
25
13
0
1
0
31
31
15
3
4
18
31
26
31
3
4
26
11
13
31
7
4
27
9
5
28
3
10
26
11
13
31
3
12
26
6
13
31
3
4
20
12
13
31
17
4
18
28
12
23
24
9
18
28
12
23
3
4
18
28
13
31
5
16
23
31
26
31
5
24
23
9
24
31
19
16
29
31
26
31
0
1
0
31
31
31
8
1
11
12
2
15
24
1
0
31
7
9
24
1
0
31
7
6
8
1
0
31
7
15
0
18
6
21
31
15
4
24
13
10
29
15
0
24
6
10
31
15
20
18
7
21
25
13
20
18
12
20
25
13
0
1
0
31
31
15
3
4
18
31
26
31
3
4
26
11
13
31
7
4
27
9
5
28
3
10
26
11
13
31
3
12
26
6
13
31
3
4
20
12
13
31
17
4
18
28
12
23
24
9
18
28
12
23
3
4
18
28
13
31
5
16
23
31
26
31
5
24
23
9
24
31
19
16
29
31
26
31
2
0
1
31
29
29
10
7
6
14
11
6
6
5
13
12
15
15
10
13
13
12
15
14
6
5
6
14
15
15
26
9
1
30
12
12
26
9
9
30
10
12
6
5
1
30
15
15
8
20
3
25
27
13
8
24
3
14
27
8
24
20
5
25
24
13
25
20
5
25
22
7
6
5
1
30
27
15
2
0
16
31
29
29
3
0
24
15
5
26
2
0
20
15
10
26
18
0
21
31
13
29
19
11
21
28
13
22
18
0
25
31
10
29
18
0
25
31
2
29
2
0
20
31
13
29
10
22
16
24
29
25
22
22
19
24
29
25
2
0
1
31
29
29
10
7
6
14
11
6
6
5
13
12
15
15
10
13
13
12
15
14
6
5
6
14
15
15
26
9
1
30
12
12
26
9
9
30
10
12
6
5
1
30
15
15
8
20
3
25
27
13
8
24
3
14
27
8
24
20
5
25
24
13
25
20
5
25
22
7
6
5
1
30
27
15
2
0
16
31
29
29
3
0
24
15
5
26
2
0
20
15
10
26
18
0
21
31
13
29
19
11
21
28
13
22
18
0
25
31
10
29
18
0
25
31
2
29
2
0
20
31
13
29
10
22
16
24
29
25
22
22
19
24
29
25
2
0
1
31
29
29
10
7
6
14
11
6
6
5
13
12
15
15
10
13
13
12
15
14
6
5
6
14
15
15
26
9
1
30
12
12
26
9
9
30
10
12
6
5
1
30
15
15
8
20
3
25
27
13
8
24
3
14
27
8
24
20
5
25
24
13
25
20
5
25
22
7
6
5
1
30
27
15
2
0
16
31
29
29
3
0
24
15
5
26
2
0
20
15
10
26
18
0
21
31
13
29
19
11
21
28
13
22
18
0
25
31
10
29
18
0
25
31
2
29
2
0
20
31
13
29
10
22
16
24
29
25
22
22
19
24
29
25
2
0
1
31
29
29
10
7
6
14
11
6
6
5
13
12
15
15
10
13
13
12
15
14
6
5
6
14
15
15
26
9
1
30
12
12
26
9
9
30
10
12
6
5
1
30
15
15
8
20
3
25
27
13
8
24
3
14
27
8
24
20
5
25
24
13
25
20
5
25
22
7
6
5
1
30
27
15
2
0
16
31
29
29
3
0
24
15
5
26
2
0
20
15
10
26
18
0
21
31
13
29
19
11
21
28
13
22
18
0
25
31
10
29
18
0
25
31
2
29
2
0
20
31
13
29
10
22
16
24
29
25
22
22
19
24
29
25
2
0
1
31
29
29
10
7
6
14
11
6
6
5
13
12
15
15
10
13
13
12
15
14
6
5
6
14
15
15
26
9
1
30
12
12
26
9
9
30
10
12
6
5
1
30
15
15
8
20
3
25
27
13
8
24
3
14
27
8
24
20
5
25
24
13
25
20
5
25
22
7
6
5
1
30
27
15
2
0
16
31
29
29
3
0
24
15
5
26
2
0
20
15
10
26
18
0
21
31
13
29
19
11
21
28
13
22
18
0
25
31
10
29
18
0
25
31
2
29
2
0
20
31
13
29
10
22
16
24
29
25
22
22
19
24
29
25
2
0
1
31
29
29
10
7
6
14
11
6
6
5
13
12
15
15
10
13
13
12
15
14
6
5
6
14
15
15
26
9
1
30
12
12
26
9
9
30
10
12
6
5
1
30
15
15
8
20
3
25
27
13
8
24
3
14
27
8
24
20
5
25
24
13
25
20
5
25
22
7
6
5
1
30
27
15
2
0
16
31
29
29
3
0
24
15
5
26
2
0
20
15
10
26
18
0
21
31
13
29
19
11
21
28
13
22
18
0
25
31
10
29
18
0
25
31
2
29
2
0
20
31
13
29
10
22
16
24
29
25
22
22
19
24
29
25
2
0
1
31
29
29
10
7
6
14
11
6
6
5
13
12
15
15
10
13
13
12
15
14
6
5
6
14
15
15
26
9
1
30
12
12
26
9
9
30
10
12
6
5
1
30
15
15
8
20
3
25
27
13
8
24
3
14
27
8
24
20
5
25
24
13
25
20
5
25
22
7
6
5
1
30
27
15
2
0
16
31
29
29
3
0
24
15
5
26
2
0
20
15
10
26
18
0
21
31
13
29
19
11
21
28
13
22
18
0
25
31
10
29
18
0
25
31
2
29
2
0
20
31
13
29
10
22
16
24
29
25
22
22
19
24
29
25
2
0
1
31
29
29
10
7
6
14
11
6
6
5
13
12
15
15
10
13
13
12
15
14
6
5
6
14
15
15
26
9
1
30
12
12
26
9
9
30
10
12
6
5
1
30
15
15
8
20
3
25
27
13
8
24
3
14
27
8
24
20
5
25
24
13
25
20
5
25
22
7
6
5
1
30
27
15
2
0
16
31
29
29
3
0
24
15
5
26
2
0
20
15
10
26
18
0
21
31
13
29
19
11
21
28
13
22
18
0
25
31
10
29
18
0
25
31
2
29
2
0
20
31
13
29
10
22
16
24
29
25
22
22
19
24
29
25
2
0
1
31
29
29
10
7
6
14
11
6
6
5
13
12
15
15
10
13
13
12
15
14
6
5
6
14
15
15
26
9
1
30
12
12
26
9
9
30
10
12
6
5
1
30
15
15
8
20
3
25
27
13
8
24
3
14
27
8
24
20
5
25
24
13
25
20
5
25
22
7
6
5
1
30
27
15
2
0
16
31
29
29
3
0
24
15
5
26
2
0
20
15
10
26
18
0
21
31
13
29
19
11
21
28
13
22
18
0
25
31
10
29
18
0
25
31
2
29
2
0
20
31
13
29
10
22
16
24
29
25
22
22
19
24
29
25
2
0
1
31
29
29
10
7
6
14
11
6
6
5
13
12
15
15
10
13
13
12
15
14
6
5
6
14
15
15
26
9
1
30
12
12
26
9
9
30
10
12
6
5
1
30
15
15
8
20
3
25
27
13
8
24
3
14
27
8
24
20
5
25
24
13
25
20
5
25
22
7
6
5
1
30
27
15
2
0
16
31
29
29
3
0
24
15
5
26
2
0
20
15
10
26
18
0
21
31
13
29
19
11
21
28
13
22
18
0
25
31
10
29
18
0
25
31
2
29
2
0
20
31
13
29
10
22
16
24
29
25
22
22
19
24
29
25
2
0
1
31
29
29
10
7
6
14
11
6
6
5
13
12
15
15
10
13
13
12
15
14
6
5
6
14
15
15
26
9
1
30
12
12
26
9
9
30
10
12
6
5
1
30
15
15
8
20
3
25
27
13
8
24
3
14
27
8
24
20
5
25
24
13
25
20
5
25
22
7
6
5
1
30
27
15
2
0
16
31
29
29
3
0
24
15
5
26
2
0
20
15
10
26
18
0
21
31
13
29
19
11
21
28
13
22
18
0
25
31
10
29
18
0
25
31
2
29
2
0
20
31
13
29
10
22
16
24
29
25
22
22
19
24
29
25
2
0
1
31
29
29
10
7
6
14
11
6
6
5
13
12
15
15
10
13
13
12
15
14
6
5
6
14
15
15
26
9
1
30
12
12
26
9
9
30
10
12
6
5
1
30
15
15
8
20
3
25
27
13
8
24
3
14
27
8
24
20
5
25
24
13
25
20
5
25
22
7
6
5
1
30
27
15
2
0
16
31
29
29
3
0
24
15
5
26
2
0
20
15
10
26
18
0
21
31
13
29
19
11
21
28
13
22
18
0
25
31
10
29
18
0
25
31
2
29
2
0
20
31
13
29
10
22
16
24
29
25
22
22
19
24
29
25
0
0
0
3
3
3
0
0
0
1
0
0
2
2
2
3
3
3
0
0
0
3
3
3
0
0
0
1
0
0
2
2
2
3
3
3
0
0
0
3
3
3
0
0
0
1
0
0
2
2
2
3
3
3
50
50
50
60
60
60
0
0
0
3
3
3
0
0
0
1
0
0
2
2
2
3
3
3
0
0
0
3
3
3
0
0
0
1
0
0
2
2
2
3
3
3
0
0
0
3
3
3
0
0
0
1
0
0
2
2
2
3
3
3
0
0
0
3
3
3
0
0
0
1
0
0
2
2
2
3
3
3
0
0
0
3
3
3
0
0
0
1
0
0
2
2
2
3
3
3
0
0
0
3
3
3
0
0
0
1
0
0
2
2
2
3
3
3
0
0
0
3
3
3
0
0
0
1
0
0
2
2
2
3
3
3
0
0
0
3
3
3
0
0
0
1
0
0
2
2
2
3
3
3
0
0
0
3
3
3
0
0
0
1
0
0
2
2
2
3
3
3
0
0
0
3
3
3
0
0
0
1
0
0
2
2
2
3
3
3
0
0
0
3
3
3
0
0
0
1
0
0
2
2
2
3
3
3
0
0
0
3
3
3
0
0
0
1
0
0
2
2
2
3
3
3
42549
0
0
0
1
0
0
2
0
0
3
0
0
4
0
0
5
0
0
6
0
0
7
0
0
0
0
0
1
0
0
2
0
0
3
0
0
4
0
0
5
0
0
6
0
0
7
0
0
0
0
0
1
0
0
2
0
0
3
0
0
4
0
0
5
0
0
6
0
0
7
0
0
0
0
0
1
0
0
2
0
0
3
0
0
4
0
0
5
0
0
6
0
0
7
0
0
0
0
0
1
0
0
2
0
0
3
0
0
4
0
0
5
0
0
6
0
0
7
0
0
0
0
0
1
0
0
2
0
0
3
0
0
4
0
0
5
0
0
6
0
0
7
0
0
0
0
0
1
0
0
2
0
0
3
0
0
4
0
0
5
0
0
6
0
0
7
0
0
0
0
0
0
0
0
65535
65535
65535
0
0
0
1
0
0
2
0
0
3
0
0
4
0
0
5
0
0
6
0
0
7
0
0
0
0
0
1
0
0
2
0
0
3
0
0
4
0
0
5
0
0
6
0
0
7
0
0
0
0
0
1
0
0
2
0
0
3
0
0
4
0
0
5
0
0
6
0
0
7
0
0
0
0
0
1
1
1
65535
0
0
0
65535
0
0
0
65535
65535
65535
65535
0
0
0
1
1
1
65535
0
0
0
65535
0
0
0
65535
65535
65535
65535
0
0
0
1
1
1
65535
0
0
0
65535
0
0
0
65535
65535
65535
65535
0
0
0
1
0
0
0
1
0
0
0
1
2
0
0
0
2
0
0
0
2
4
0
0
0
4
0
0
0
4
8
0
0
0
8
0
0
0
8
16
0
0
0
16
0
0
0
16
32
0
0
0
32
0
0
0
32
64
0
0
0
64
0
0
0
64
128
0
0
0
128
0
0
0
128
256
0
0
0
256
0
0
0
256
512
0
0
0
512
0
0
0
512
1024
0
0
0
1024
0
0
0
1024
2048
0
0
0
2048
0
0
0
2048
4096
0
0
0
4096
0
0
0
4096
8192
0
0
0
8192
0
0
0
8192
16384
0
0
0
16384
0
0
0
16384
32768
0
0
0
32768
0
0
0
32768
0
0
0
1
0
0
0
1
0
0
0
1
2
0
0
0
2
0
0
0
2
4
0
0
0
4
0
0
0
4
8
0
0
0
8
0
0
0
8
16
0
0
0
16
0
0
0
16
32
0
0
0
32
0
0
0
32
64
0
0
0
64
0
0
0
64
128
0
0
0
128
0
0
0
128
256
0
0
0
256
0
0
0
256
512
0
0
0
512
0
0
0
512
1024
0
0
0
1024
0
0
0
1024
2048
0
0
0
2048
0
0
0
2048
4096
0
0
0
4096
0
0
0
4096
8192
0
0
0
8192
0
0
0
8192
16384
0
0
0
16384
0
0
0
16384
32768
0
0
0
32768
0
0
0
32768
65535
65535
32767
65535
32767
65535
32767
65535
65535
65535
65535
49151
65535
49151
65535
49151
65535
65535
65535
65535
57343
65535
57343
65535
57343
65535
65535
65535
65535
61439
65535
61439
65535
61439
65535
65535
65535
65535
63487
65535
63487
65535
63487
65535
65535
65535
65535
64511
65535
64511
65535
64511
65535
65535
65535
65535
65023
65535
65023
65535
65023
65535
65535
65535
65535
65279
65535
65279
65535
65279
65535
65535
65535
65535
65407
65535
65407
65535
65407
65535
65535
65535
65535
65471
65535
65471
65535
65471
65535
65535
65535
65535
65503
65535
65503
65535
65503
65535
65535
65535
65535
65519
65535
65519
65535
65519
65535
65535
65535
65535
65527
65535
65527
65535
65527
65535
65535
65535
65535
65531
65535
65531
65535
65531
65535
65535
65535
65535
65533
65535
65533
65535
65533
65535
65535
65535
65535
65534
65535
65534
65535
65534
65535
65535
65535
65535
65535
65535
65535
32767
65535
32767
65535
32767
65535
65535
65535
65535
49151
65535
49151
65535
49151
65535
65535
65535
65535
57343
65535
57343
65535
57343
65535
65535
65535
65535
61439
65535
61439
65535
61439
65535
65535
65535
65535
63487
65535
63487
65535
63487
65535
65535
65535
65535
64511
65535
64511
65535
64511
65535
65535
65535
65535
65023
65535
65023
65535
65023
65535
65535
65535
65535
65279
65535
65279
65535
65279
65535
65535
65535
65535
65407
65535
65407
65535
65407
65535
65535
65535
65535
65471
65535
65471
65535
65471
65535
65535
65535
65535
65503
65535
65503
65535
65503
65535
65535
65535
65535
65519
65535
65519
65535
65519
65535
65535
65535
65535
65527
65535
65527
65535
65527
65535
65535
65535
65535
65531
65535
65531
65535
65531
65535
65535
65535
65535
65533
65535
65533
65535
65533
65535
65535
65535
65535
65534
65535
65534
65535
65534
65535
65535
65535
65535
65535
17063
23010
12753
35595
9949
16336
48819
4366
21164
37075
13618
28632
26292
42361
2675
6117
49290
5003
11554
49656
1147
13834
51942
24307
30194
55193
27254
55568
59042
14831
58633
55427
19442
19719
1629
39697
1594
694
52531
1116
15700
51758
53679
8652
39567
37991
17551
48582
50793
11173
51378
47226
27018
51673
5539
42312
40962
29548
56970
46007
3214
38167
59389
56690
53320
40424
64317
36747
61524
50626
57033
61236
17063
23010
12753
35595
9949
16336
48819
4366
21164
37075
13618
28632
26292
42361
2675
6117
49290
5003
11554
49656
1147
13834
51942
24307
30194
55193
27254
55568
59042
14831
58633
55427
19442
19719
1629
39697
1594
694
52531
1116
15700
51758
53679
8652
39567
37991
17551
48582
50793
11173
51378
47226
27018
51673
5539
42312
40962
29548
56970
46007
3214
38167
59389
56690
53320
40424
64317
36747
61524
50626
57033
61236
17063
23010
12753
35595
9949
16336
48819
4366
21164
37075
13618
28632
26292
42361
2675
6117
49290
5003
11554
49656
1147
13834
51942
24307
30194
55193
27254
55568
59042
14831
58633
55427
19442
19719
1629
39697
1594
694
52531
1116
15700
51758
53679
8652
39567
37991
17551
48582
50793
11173
51378
47226
27018
51673
5539
42312
40962
29548
56970
46007
3214
38167
59389
56690
53320
40424
64317
36747
61524
50626
57033
61236
17063
23010
12753
35595
9949
16336
48819
4366
21164
37075
13618
28632
26292
42361
2675
6117
49290
5003
11554
49656
1147
13834
51942
24307
30194
55193
27254
55568
59042
14831
58633
55427
19442
19719
1629
39697
1594
694
52531
1116
15700
51758
53679
8652
39567
37991
17551
48582
50793
11173
51378
47226
27018
51673
5539
42312
40962
29548
56970
46007
3214
38167
59389
56690
53320
40424
64317
36747
61524
50626
57033
61236
17063
23010
12753
35595
9949
16336
48819
4366
21164
37075
13618
28632
26292
42361
2675
6117
49290
5003
11554
49656
1147
13834
51942
24307
30194
55193
27254
55568
59042
14831
58633
55427
19442
19719
1629
39697
1594
694
52531
1116
15700
51758
53679
8652
39567
37991
17551
48582
50793
11173
51378
47226
27018
51673
5539
42312
40962
29548
56970
46007
3214
38167
59389
56690
53320
40424
64317
36747
61524
50626
57033
61236
17063
23010
12753
35595
9949
16336
48819
4366
21164
37075
13618
28632
26292
42361
2675
6117
49290
5003
11554
49656
1147
13834
51942
24307
30194
55193
27254
55568
59042
14831
58633
55427
19442
19719
1629
39697
1594
694
52531
1116
15700
51758
53679
8652
39567
37991
17551
48582
50793
11173
51378
47226
27018
51673
5539
42312
40962
29548
56970
46007
3214
38167
59389
56690
53320
40424
64317
36747
61524
50626
57033
61236
17063
23010
12753
35595
9949
16336
48819
4366
21164
37075
13618
28632
26292
42361
2675
6117
49290
5003
11554
49656
1147
13834
51942
24307
30194
55193
27254
55568
59042
14831
58633
55427
19442
19719
1629
39697
1594
694
52531
1116
15700
51758
53679
8652
39567
37991
17551
48582
50793
11173
51378
47226
27018
51673
5539
42312
40962
29548
56970
46007
3214
38167
59389
56690
53320
40424
64317
36747
61524
50626
57033
61236
17063
23010
12753
35595
9949
16336
48819
4366
21164
37075
13618
28632
26292
42361
2675
6117
49290
5003
11554
49656
1147
13834
51942
24307
30194
55193
27254
55568
59042
14831
58633
55427
19442
19719
1629
39697
1594
694
52531
1116
15700
51758
53679
8652
39567
37991
17551
48582
50793
11173
51378
47226
27018
51673
5539
42312
40962
29548
56970
46007
3214
38167
59389
56690
53320
40424
64317
36747
61524
50626
57033
61236
17063
23010
12753
35595
9949
16336
48819
4366
21164
37075
13618
28632
26292
42361
2675
6117
49290
5003
11554
49656
1147
13834
51942
24307
30194
55193
27254
55568
59042
14831
58633
55427
19442
19719
1629
39697
1594
694
52531
1116
15700
51758
53679
8652
39567
37991
17551
48582
50793
11173
51378
47226
27018
51673
5539
42312
40962
29548
56970
46007
3214
38167
59389
56690
53320
40424
64317
36747
61524
50626
57033
61236
17063
23010
12753
35595
9949
16336
48819
4366
21164
37075
13618
28632
26292
42361
2675
6117
49290
5003
11554
49656
1147
13834
51942
24307
30194
55193
27254
55568
59042
14831
58633
55427
19442
19719
1629
39697
1594
694
52531
1116
15700
51758
53679
8652
39567
37991
17551
48582
50793
11173
51378
47226
27018
51673
5539
42312
40962
29548
56970
46007
3214
38167
59389
56690
53320
40424
64317
36747
61524
50626
57033
61236
17063
23010
12753
35595
9949
16336
48819
4366
21164
37075
13618
28632
26292
42361
2675
6117
49290
5003
11554
49656
1147
13834
51942
24307
30194
55193
27254
55568
59042
14831
58633
55427
19442
19719
1629
39697
1594
694
52531
1116
15700
51758
53679
8652
39567
37991
17551
48582
50793
11173
51378
47226
27018
51673
5539
42312
40962
29548
56970
46007
3214
38167
59389
56690
53320
40424
64317
36747
61524
50626
57033
61236
17063
23010
12753
35595
9949
16336
48819
4366
21164
37075
13618
28632
26292
42361
2675
6117
49290
5003
11554
49656
1147
13834
51942
24307
30194
55193
27254
55568
59042
14831
58633
55427
19442
19719
1629
39697
1594
694
52531
1116
15700
51758
53679
8652
39567
37991
17551
48582
50793
11173
51378
47226
27018
51673
5539
42312
40962
29548
56970
46007
3214
38167
59389
56690
53320
40424
64317
36747
61524
50626
57033
61236
9
3
5
5
15
7
17
2
1
31
2
3
31
4
7
30
8
2
29
11
6
12
20
12
30
20
5
12
15
19
11
9
21
9
3
29
12
11
24
6
17
22
6
22
21
15
22
21
19
17
17
17
16
20
22
19
21
20
25
18
17
23
31
28
19
25
27
20
27
24
28
25
9
3
5
5
15
7
17
2
1
31
2
3
31
4
7
30
8
2
29
11
6
12
20
12
30
20
5
12
15
19
11
9
21
9
3
29
12
11
24
6
17
22
6
22
21
15
22
21
19
17
17
17
16
20
22
19
21
20
25
18
17
23
31
28
19
25
27
20
27
24
28
25
9
3
5
5
15
7
17
2
1
31
2
3
31
4
7
30
8
2
29
11
6
12
20
12
30
20
5
12
15
19
11
9
21
9
3
29
12
11
24
6
17
22
6
22
21
15
22
21
19
17
17
17
16
20
22
19
21
20
25
18
17
23
31
28
19
25
27
20
27
24
28
25
9
3
5
5
15
7
17
2
1
31
2
3
31
4
7
30
8
2
29
11
6
12
20
12
30
20
5
12
15
19
11
9
21
9
3
29
12
11
24
6
17
22
6
22
21
15
22
21
19
17
17
17
16
20
22
19
21
20
25
18
17
23
31
28
19
25
27
20
27
24
28
25
9
3
5
5
15
7
17
2
1
31
2
3
31
4
7
30
8
2
29
11
6
12
20
12
30
20
5
12
15
19
11
9
21
9
3
29
12
11
24
6
17
22
6
22
21
15
22
21
19
17
17
17
16
20
22
19
21
20
25
18
17
23
31
28
19
25
27
20
27
24
28
25
9
3
5
5
15
7
17
2
1
31
2
3
31
4
7
30
8
2
29
11
6
12
20
12
30
20
5
12
15
19
11
9
21
9
3
29
12
11
24
6
17
22
6
22
21
15
22
21
19
17
17
17
16
20
22
19
21
20
25
18
17
23
31
28
19
25
27
20
27
24
28
25
9
3
5
5
15
7
17
2
1
31
2
3
31
4
7
30
8
2
29
11
6
12
20
12
30
20
5
12
15
19
11
9
21
9
3
29
12
11
24
6
17
22
6
22
21
15
22
21
19
17
17
17
16
20
22
19
21
20
25
18
17
23
31
28
19
25
27
20
27
24
28
25
9
3
5
5
15
7
17
2
1
31
2
3
31
4
7
30
8
2
29
11
6
12
20
12
30
20
5
12
15
19
11
9
21
9
3
29
12
11
24
6
17
22
6
22
21
15
22
21
19
17
17
17
16
20
22
19
21
20
25
18
17
23
31
28
19
25
27
20
27
24
28
25
9
3
5
5
15
7
17
2
1
31
2
3
31
4
7
30
8
2
29
11
6
12
20
12
30
20
5
12
15
19
11
9
21
9
3
29
12
11
24
6
17
22
6
22
21
15
22
21
19
17
17
17
16
20
22
19
21
20
25
18
17
23
31
28
19
25
27
20
27
24
28
25
9
3
5
5
15
7
17
2
1
31
2
3
31
4
7
30
8
2
29
11
6
12
20
12
30
20
5
12
15
19
11
9
21
9
3
29
12
11
24
6
17
22
6
22
21
15
22
21
19
17
17
17
16
20
22
19
21
20
25
18
17
23
31
28
19
25
27
20
27
24
28
25
9
3
5
5
15
7
17
2
1
31
2
3
31
4
7
30
8
2
29
11
6
12
20
12
30
20
5
12
15
19
11
9
21
9
3
29
12
11
24
6
17
22
6
22
21
15
22
21
19
17
17
17
16
20
22
19
21
20
25
18
17
23
31
28
19
25
27
20
27
24
28
25
9
3
5
5
15
7
17
2
1
31
2
3
31
4
7
30
8
2
29
11
6
12
20
12
30
20
5
12
15
19
11
9
21
9
3
29
12
11
24
6
17
22
6
22
21
15
22
21
19
17
17
17
16
20
22
19
21
20
25
18
17
23
31
28
19
25
27
20
27
24
28
25
6
1
3
10
4
14
9
7
15
21
0
0
23
7
3
23
3
4
1
23
14
8
25
15
30
18
10
24
16
13
19
24
12
15
9
21
11
15
31
21
1
18
29
7
21
31
8
18
24
0
28
9
29
20
5
22
27
26
23
17
20
28
22
29
25
17
28
21
29
26
27
28
6
1
3
10
4
14
9
7
15
21
0
0
23
7
3
23
3
4
1
23
14
8
25
15
30
18
10
24
16
13
19
24
12
15
9
21
11
15
31
21
1
18
29
7
21
31
8
18
24
0
28
9
29
20
5
22
27
26
23
17
20
28
22
29
25
17
28
21
29
26
27
28
6
1
3
10
4
14
9
7
15
21
0
0
23
7
3
23
3
4
1
23
14
8
25
15
30
18
10
24
16
13
19
24
12
15
9
21
11
15
31
21
1
18
29
7
21
31
8
18
24
0
28
9
29
20
5
22
27
26
23
17
20
28
22
29
25
17
28
21
29
26
27
28
6
1
3
10
4
14
9
7
15
21
0
0
23
7
3
23
3
4
1
23
14
8
25
15
30
18
10
24
16
13
19
24
12
15
9
21
11
15
31
21
1
18
29
7
21
31
8
18
24
0
28
9
29
20
5
22
27
26
23
17
20
28
22
29
25
17
28
21
29
26
27
28
6
1
3
10
4
14
9
7
15
21
0
0
23
7
3
23
3
4
1
23
14
8
25
15
30
18
10
24
16
13
19
24
12
15
9
21
11
15
31
21
1
18
29
7
21
31
8
18
24
0
28
9
29
20
5
22
27
26
23
17
20
28
22
29
25
17
28
21
29
26
27
28
6
1
3
10
4
14
9
7
15
21
0
0
23
7
3
23
3
4
1
23
14
8
25
15
30
18
10
24
16
13
19
24
12
15
9
21
11
15
31
21
1
18
29
7
21
31
8
18
24
0
28
9
29
20
5
22
27
26
23
17
20
28
22
29
25
17
28
21
29
26
27
28
6
1
3
10
4
14
9
7
15
21
0
0
23
7
3
23
3
4
1
23
14
8
25
15
30
18
10
24
16
13
19
24
12
15
9
21
11
15
31
21
1
18
29
7
21
31
8
18
24
0
28
9
29
20
5
22
27
26
23
17
20
28
22
29
25
17
28
21
29
26
27
28
6
1
3
10
4
14
9
7
15
21
0
0
23
7
3
23
3
4
1
23
14
8
25
15
30
18
10
24
16
13
19
24
12
15
9
21
11
15
31
21
1
18
29
7
21
31
8
18
24
0
28
9
29
20
5
22
27
26
23
17
20
28
22
29
25
17
28
21
29
26
27
28
6
1
3
10
4
14
9
7
15
21
0
0
23
7
3
23
3
4
1
23
14
8
25
15
30
18
10
24
16
13
19
24
12
15
9
21
11
15
31
21
1
18
29
7
21
31
8
18
24
0
28
9
29
20
5
22
27
26
23
17
20
28
22
29
25
17
28
21
29
26
27
28
6
1
3
10
4
14
9
7
15
21
0
0
23
7
3
23
3
4
1
23
14
8
25
15
30
18
10
24
16
13
19
24
12
15
9
21
11
15
31
21
1
18
29
7
21
31
8
18
24
0
28
9
29
20
5
22
27
26
23
17
20
28
22
29
25
17
28
21
29
26
27
28
6
1
3
10
4
14
9
7
15
21
0
0
23
7
3
23
3
4
1
23
14
8
25
15
30
18
10
24
16
13
19
24
12
15
9
21
11
15
31
21
1
18
29
7
21
31
8
18
24
0
28
9
29
20
5
22
27
26
23
17
20
28
22
29
25
17
28
21
29
26
27
28
6
1
3
10
4
14
9
7
15
21
0
0
23
7
3
23
3
4
1
23
14
8
25
15
30
18
10
24
16
13
19
24
12
15
9
21
11
15
31
21
1
18
29
7
21
31
8
18
24
0
28
9
29
20
5
22
27
26
23
17
20
28
22
29
25
17
28
21
29
26
27
28
18792
19450
24045
63623
16566
9655
43706
15727
32469
64629
18637
21276
15397
33565
4443
16013
60848
6251
9324
61732
6598
15656
59730
13824
30363
60086
20707
58116
46018
5669
64130
50679
14268
50028
40426
25681
53270
24118
47370
65148
10368
56529
60797
8167
57368
63705
22888
60378
21588
40956
39875
33097
38411
42471
63699
36322
41593
57816
37915
42995
46644
62552
39856
43961
46254
53831
33852
55348
53380
45816
51101
50002
18792
19450
24045
63623
16566
9655
43706
15727
32469
64629
18637
21276
15397
33565
4443
16013
60848
6251
9324
61732
6598
15656
59730
13824
30363
60086
20707
58116
46018
5669
64130
50679
14268
50028
40426
25681
53270
24118
47370
65148
10368
56529
60797
8167
57368
63705
22888
60378
21588
40956
39875
33097
38411
42471
63699
36322
41593
57816
37915
42995
46644
62552
39856
43961
46254
53831
33852
55348
53380
45816
51101
50002
18792
19450
24045
63623
16566
9655
43706
15727
32469
64629
18637
21276
15397
33565
4443
16013
60848
6251
9324
61732
6598
15656
59730
13824
30363
60086
20707
58116
46018
5669
64130
50679
14268
50028
40426
25681
53270
24118
47370
65148
10368
56529
60797
8167
57368
63705
22888
60378
21588
40956
39875
33097
38411
42471
63699
36322
41593
57816
37915
42995
46644
62552
39856
43961
46254
53831
33852
55348
53380
45816
51101
50002
18792
19450
24045
63623
16566
9655
43706
15727
32469
64629
18637
21276
15397
33565
4443
16013
60848
6251
9324
61732
6598
15656
59730
13824
30363
60086
20707
58116
46018
5669
64130
50679
14268
50028
40426
25681
53270
24118
47370
65148
10368
56529
60797
8167
57368
63705
22888
60378
21588
40956
39875
33097
38411
42471
63699
36322
41593
57816
37915
42995
46644
62552
39856
43961
46254
53831
33852
55348
53380
45816
51101
50002
18792
19450
24045
63623
16566
9655
43706
15727
32469
64629
18637
21276
15397
33565
4443
16013
60848
6251
9324
61732
6598
15656
59730
13824
30363
60086
20707
58116
46018
5669
64130
50679
14268
50028
40426
25681
53270
24118
47370
65148
10368
56529
60797
8167
57368
63705
22888
60378
21588
40956
39875
33097
38411
42471
63699
36322
41593
57816
37915
42995
46644
62552
39856
43961
46254
53831
33852
55348
53380
45816
51101
50002
18792
19450
24045
63623
16566
9655
43706
15727
32469
64629
18637
21276
15397
33565
4443
16013
60848
6251
9324
61732
6598
15656
59730
13824
30363
60086
20707
58116
46018
5669
64130
50679
14268
50028
40426
25681
53270
24118
47370
65148
10368
56529
60797
8167
57368
63705
22888
60378
21588
40956
39875
33097
38411
42471
63699
36322
41593
57816
37915
42995
46644
62552
39856
43961
46254
53831
33852
55348
53380
45816
51101
50002
18792
19450
24045
63623
16566
9655
43706
15727
32469
64629
18637
21276
15397
33565
4443
16013
60848
6251
9324
61732
6598
15656
59730
13824
30363
60086
20707
58116
46018
5669
64130
50679
14268
50028
40426
25681
53270
24118
47370
65148
10368
56529
60797
8167
57368
63705
22888
60378
21588
40956
39875
33097
38411
42471
63699
36322
41593
57816
37915
42995
46644
62552
39856
43961
46254
53831
33852
55348
53380
45816
51101
50002
18792
19450
24045
63623
16566
9655
43706
15727
32469
64629
18637
21276
15397
33565
4443
16013
60848
6251
9324
61732
6598
15656
59730
13824
30363
60086
20707
58116
46018
5669
64130
50679
14268
50028
40426
25681
53270
24118
47370
65148
10368
56529
60797
8167
57368
63705
22888
60378
21588
40956
39875
33097
38411
42471
63699
36322
41593
57816
37915
42995
46644
62552
39856
43961
46254
53831
33852
55348
53380
45816
51101
50002
18792
19450
24045
63623
16566
9655
43706
15727
32469
64629
18637
21276
15397
33565
4443
16013
60848
6251
9324
61732
6598
15656
59730
13824
30363
60086
20707
58116
46018
5669
64130
50679
14268
50028
40426
25681
53270
24118
47370
65148
10368
56529
60797
8167
57368
63705
22888
60378
21588
40956
39875
33097
38411
42471
63699
36322
41593
57816
37915
42995
46644
62552
39856
43961
46254
53831
33852
55348
53380
45816
51101
50002
18792
19450
24045
63623
16566
9655
43706
15727
32469
64629
18637
21276
15397
33565
4443
16013
60848
6251
9324
61732
6598
15656
59730
13824
30363
60086
20707
58116
46018
5669
64130
50679
14268
50028
40426
25681
53270
24118
47370
65148
10368
56529
60797
8167
57368
63705
22888
60378
21588
40956
39875
33097
38411
42471
63699
36322
41593
57816
37915
42995
46644
62552
39856
43961
46254
53831
33852
55348
53380
45816
51101
50002
18792
19450
24045
63623
16566
9655
43706
15727
32469
64629
18637
21276
15397
33565
4443
16013
60848
6251
9324
61732
6598
15656
59730
13824
30363
60086
20707
58116
46018
5669
64130
50679
14268
50028
40426
25681
53270
24118
47370
65148
10368
56529
60797
8167
57368
63705
22888
60378
21588
40956
39875
33097
38411
42471
63699
36322
41593
57816
37915
42995
46644
62552
39856
43961
46254
53831
33852
55348
53380
45816
51101
50002
18792
19450
24045
63623
16566
9655
43706
15727
32469
64629
18637
21276
15397
33565
4443
16013
60848
6251
9324
61732
6598
15656
59730
13824
30363
60086
20707
58116
46018
5669
64130
50679
14268
50028
40426
25681
53270
24118
47370
65148
10368
56529
60797
8167
57368
63705
22888
60378
21588
40956
39875
33097
38411
42471
63699
36322
41593
57816
37915
42995
46644
62552
39856
43961
46254
53831
33852
55348
53380
45816
51101
50002
3
10
0
9
1
8
9
6
8
15
5
13
19
11
1
18
3
13
21
4
13
20
14
8
8
20
3
13
21
3
7
27
2
12
26
12
26
19
5
21
28
3
23
26
6
29
29
13
0
3
20
12
5
17
29
12
17
17
0
25
24
6
26
30
11
29
3
31
25
20
28
24
3
10
0
9
1
8
9
6
8
15
5
13
19
11
1
18
3
13
21
4
13
20
14
8
8
20
3
13
21
3
7
27
2
12
26
12
26
19
5
21
28
3
23
26
6
29
29
13
0
3
20
12
5
17
29
12
17
17
0
25
24
6
26
30
11
29
3
31
25
20
28
24
3
10
0
9
1
8
9
6
8
15
5
13
19
11
1
18
3
13
21
4
13
20
14
8
8
20
3
13
21
3
7
27
2
12
26
12
26
19
5
21
28
3
23
26
6
29
29
13
0
3
20
12
5
17
29
12
17
17
0
25
24
6
26
30
11
29
3
31
25
20
28
24
3
10
0
9
1
8
9
6
8
15
5
13
19
11
1
18
3
13
21
4
13
20
14
8
8
20
3
13
21
3
7
27
2
12
26
12
26
19
5
21
28
3
23
26
6
29
29
13
0
3
20
12
5
17
29
12
17
17
0
25
24
6
26
30
11
29
3
31
25
20
28
24
3
10
0
9
1
8
9
6
8
15
5
13
19
11
1
18
3
13
21
4
13
20
14
8
8
20
3
13
21
3
7
27
2
12
26
12
26
19
5
21
28
3
23
26
6
29
29
13
0
3
20
12
5
17
29
12
17
17
0
25
24
6
26
30
11
29
3
31
25
20
28
24
3
10
0
9
1
8
9
6
8
15
5
13
19
11
1
18
3
13
21
4
13
20
14
8
8
20
3
13
21
3
7
27
2
12
26
12
26
19
5
21
28
3
23
26
6
29
29
13
0
3
20
12
5
17
29
12
17
17
0
25
24
6
26
30
11
29
3
31
25
20
28
24
3
10
0
9
1
8
9
6
8
15
5
13
19
11
1
18
3
13
21
4
13
20
14
8
8
20
3
13
21
3
7
27
2
12
26
12
26
19
5
21
28
3
23
26
6
29
29
13
0
3
20
12
5
17
29
12
17
17
0
25
24
6
26
30
11
29
3
31
25
20
28
24
3
10
0
9
1
8
9
6
8
15
5
13
19
11
1
18
3
13
21
4
13
20
14
8
8
20
3
13
21
3
7
27
2
12
26
12
26
19
5
21
28
3
23
26
6
29
29
13
0
3
20
12
5
17
29
12
17
17
0
25
24
6
26
30
11
29
3
31
25
20
28
24
3
10
0
9
1
8
9
6
8
15
5
13
19
11
1
18
3
13
21
4
13
20
14
8
8
20
3
13
21
3
7
27
2
12
26
12
26
19
5
21
28
3
23
26
6
29
29
13
0
3
20
12
5
17
29
12
17
17
0
25
24
6
26
30
11
29
3
31
25
20
28
24
3
10
0
9
1
8
9
6
8
15
5
13
19
11
1
18
3
13
21
4
13
20
14
8
8
20
3
13
21
3
7
27
2
12
26
12
26
19
5
21
28
3
23
26
6
29
29
13
0
3
20
12
5
17
29
12
17
17
0
25
24
6
26
30
11
29
3
31
25
20
28
24
3
10
0
9
1
8
9
6
8
15
5
13
19
11
1
18
3
13
21
4
13
20
14
8
8
20
3
13
21
3
7
27
2
12
26
12
26
19
5
21
28
3
23
26
6
29
29
13
0
3
20
12
5
17
29
12
17
17
0
25
24
6
26
30
11
29
3
31
25
20
28
24
3
10
0
9
1
8
9
6
8
15
5
13
19
11
1
18
3
13
21
4
13
20
14
8
8
20
3
13
21
3
7
27
2
12
26
12
26
19
5
21
28
3
23
26
6
29
29
13
0
3
20
12
5
17
29
12
17
17
0
25
24
6
26
30
11
29
3
31
25
20
28
24
6
6
13
4
10
13
29
7
4
6
18
9
3
31
9
19
22
5
16
26
2
25
20
10
3
7
22
3
10
22
10
12
22
24
5
23
20
6
29
27
7
29
23
11
25
20
12
24
18
15
28
24
10
28
2
20
30
12
24
30
25
18
21
21
22
25
31
18
27
30
21
25
6
6
13
4
10
13
29
7
4
6
18
9
3
31
9
19
22
5
16
26
2
25
20
10
3
7
22
3
10
22
10
12
22
24
5
23
20
6
29
27
7
29
23
11
25
20
12
24
18
15
28
24
10
28
2
20
30
12
24
30
25
18
21
21
22
25
31
18
27
30
21
25
6
6
13
4
10
13
29
7
4
6
18
9
3
31
9
19
22
5
16
26
2
25
20
10
3
7
22
3
10
22
10
12
22
24
5
23
20
6
29
27
7
29
23
11
25
20
12
24
18
15
28
24
10
28
2
20
30
12
24
30
25
18
21
21
22
25
31
18
27
30
21
25
6
6
13
4
10
13
29
7
4
6
18
9
3
31
9
19
22
5
16
26
2
25
20
10
3
7
22
3
10
22
10
12
22
24
5
23
20
6
29
27
7
29
23
11
25
20
12
24
18
15
28
24
10
28
2
20
30
12
24
30
25
18
21
21
22
25
31
18
27
30
21
25
6
6
13
4
10
13
29
7
4
6
18
9
3
31
9
19
22
5
16
26
2
25
20
10
3
7
22
3
10
22
10
12
22
24
5
23
20
6
29
27
7
29
23
11
25
20
12
24
18
15
28
24
10
28
2
20
30
12
24
30
25
18
21
21
22
25
31
18
27
30
21
25
6
6
13
4
10
13
29
7
4
6
18
9
3
31
9
19
22
5
16
26
2
25
20
10
3
7
22
3
10
22
10
12
22
24
5
23
20
6
29
27
7
29
23
11
25
20
12
24
18
15
28
24
10
28
2
20
30
12
24
30
25
18
21
21
22
25
31
18
27
30
21
25
6
6
13
4
10
13
29
7
4
6
18
9
3
31
9
19
22
5
16
26
2
25
20
10
3
7
22
3
10
22
10
12
22
24
5
23
20
6
29
27
7
29
23
11
25
20
12
24
18
15
28
24
10
28
2
20
30
12
24
30
25
18
21
21
22
25
31
18
27
30
21
25
6
6
13
4
10
13
29
7
4
6
18
9
3
31
9
19
22
5
16
26
2
25
20
10
3
7
22
3
10
22
10
12
22
24
5
23
20
6
29
27
7
29
23
11
25
20
12
24
18
15
28
24
10
28
2
20
30
12
24
30
25
18
21
21
22
25
31
18
27
30
21
25
6
6
13
4
10
13
29
7
4
6
18
9
3
31
9
19
22
5
16
26
2
25
20
10
3
7
22
3
10
22
10
12
22
24
5
23
20
6
29
27
7
29
23
11
25
20
12
24
18
15
28
24
10
28
2
20
30
12
24
30
25
18
21
21
22
25
31
18
27
30
21
25
6
6
13
4
10
13
29
7
4
6
18
9
3
31
9
19
22
5
16
26
2
25
20
10
3
7
22
3
10
22
10
12
22
24
5
23
20
6
29
27
7
29
23
11
25
20
12
24
18
15
28
24
10
28
2
20
30
12
24
30
25
18
21
21
22
25
31
18
27
30
21
25
6
6
13
4
10
13
29
7
4
6
18
9
3
31
9
19
22
5
16
26
2
25
20
10
3
7
22
3
10
22
10
12
22
24
5
23
20
6
29
27
7
29
23
11
25
20
12
24
18
15
28
24
10
28
2
20
30
12
24
30
25
18
21
21
22
25
31
18
27
30
21
25
6
6
13
4
10
13
29
7
4
6
18
9
3
31
9
19
22
5
16
26
2
25
20
10
3
7
22
3
10
22
10
12
22
24
5
23
20
6
29
27
7
29
23
11
25
20
12
24
18
15
28
24
10
28
2
20
30
12
24
30
25
18
21
21
22
25
31
18
27
30
21
25
31812
30652
6227
21948
18455
14151
35141
2327
28869
36878
3758
30515
39396
23511
31392
50452
34206
277
43877
64371
8261
35684
62322
17940
46913
54895
29699
31907
19098
41103
29526
26160
48892
12417
1696
54445
55
22519
60568
65111
19563
33331
57785
20026
40486
51945
30524
62674
7212
47380
33126
18586
46731
36134
1784
56565
36876
50219
46947
47821
33565
47451
57065
52309
37517
50920
64955
44672
58845
60407
52192
49271
31812
30652
6227
21948
18455
14151
35141
2327
28869
36878
3758
30515
39396
23511
31392
50452
34206
277
43877
64371
8261
35684
62322
17940
46913
54895
29699
31907
19098
41103
29526
26160
48892
12417
1696
54445
55
22519
60568
65111
19563
33331
57785
20026
40486
51945
30524
62674
7212
47380
33126
18586
46731
36134
1784
56565
36876
50219
46947
47821
33565
47451
57065
52309
37517
50920
64955
44672
58845
60407
52192
49271
31812
30652
6227
21948
18455
14151
35141
2327
28869
36878
3758
30515
39396
23511
31392
50452
34206
277
43877
64371
8261
35684
62322
17940
46913
54895
29699
31907
19098
41103
29526
26160
48892
12417
1696
54445
55
22519
60568
65111
19563
33331
57785
20026
40486
51945
30524
62674
7212
47380
33126
18586
46731
36134
1784
56565
36876
50219
46947
47821
33565
47451
57065
52309
37517
50920
64955
44672
58845
60407
52192
49271
31812
30652
6227
21948
18455
14151
35141
2327
28869
36878
3758
30515
39396
23511
31392
50452
34206
277
43877
64371
8261
35684
62322
17940
46913
54895
29699
31907
19098
41103
29526
26160
48892
12417
1696
54445
55
22519
60568
65111
19563
33331
57785
20026
40486
51945
30524
62674
7212
47380
33126
18586
46731
36134
1784
56565
36876
50219
46947
47821
33565
47451
57065
52309
37517
50920
64955
44672
58845
60407
52192
49271
31812
30652
6227
21948
18455
14151
35141
2327
28869
36878
3758
30515
39396
23511
31392
50452
34206
277
43877
64371
8261
35684
62322
17940
46913
54895
29699
31907
19098
41103
29526
26160
48892
12417
1696
54445
55
22519
60568
65111
19563
33331
57785
20026
40486
51945
30524
62674
7212
47380
33126
18586
46731
36134
1784
56565
36876
50219
46947
47821
33565
47451
57065
52309
37517
50920
64955
44672
58845
60407
52192
49271
31812
30652
6227
21948
18455
14151
35141
2327
28869
36878
3758
30515
39396
23511
31392
50452
34206
277
43877
64371
8261
35684
62322
17940
46913
54895
29699
31907
19098
41103
29526
26160
48892
12417
1696
54445
55
22519
60568
65111
19563
33331
57785
20026
40486
51945
30524
62674
7212
47380
33126
18586
46731
36134
1784
56565
36876
50219
46947
47821
33565
47451
57065
52309
37517
50920
64955
44672
58845
60407
52192
49271
31812
30652
6227
21948
18455
14151
35141
2327
28869
36878
3758
30515
39396
23511
31392
50452
34206
277
43877
64371
8261
35684
62322
17940
46913
54895
29699
31907
19098
41103
29526
26160
48892
12417
1696
54445
55
22519
60568
65111
19563
33331
57785
20026
40486
51945
30524
62674
7212
47380
33126
18586
46731
36134
1784
56565
36876
50219
46947
47821
33565
47451
57065
52309
37517
50920
64955
44672
58845
60407
52192
49271
31812
30652
6227
21948
18455
14151
35141
2327
28869
36878
3758
30515
39396
23511
31392
50452
34206
277
43877
64371
8261
35684
62322
17940
46913
54895
29699
31907
19098
41103
29526
26160
48892
12417
1696
54445
55
22519
60568
65111
19563
33331
57785
20026
40486
51945
30524
62674
7212
47380
33126
18586
46731
36134
1784
56565
36876
50219
46947
47821
33565
47451
57065
52309
37517
50920
64955
44672
58845
60407
52192
49271
31812
30652
6227
21948
18455
14151
35141
2327
28869
36878
3758
30515
39396
23511
31392
50452
34206
277
43877
64371
8261
35684
62322
17940
46913
54895
29699
31907
19098
41103
29526
26160
48892
12417
1696
54445
55
22519
60568
65111
19563
33331
57785
20026
40486
51945
30524
62674
7212
47380
33126
18586
46731
36134
1784
56565
36876
50219
46947
47821
33565
47451
57065
52309
37517
50920
64955
44672
58845
60407
52192
49271
31812
30652
6227
21948
18455
14151
35141
2327
28869
36878
3758
30515
39396
23511
31392
50452
34206
277
43877
64371
8261
35684
62322
17940
46913
54895
29699
31907
19098
41103
29526
26160
48892
12417
1696
54445
55
22519
60568
65111
19563
33331
57785
20026
40486
51945
30524
62674
7212
47380
33126
18586
46731
36134
1784
56565
36876
50219
46947
47821
33565
47451
57065
52309
37517
50920
64955
44672
58845
60407
52192
49271
31812
30652
6227
21948
18455
14151
35141
2327
28869
36878
3758
30515
39396
23511
31392
50452
34206
277
43877
64371
8261
35684
62322
17940
46913
54895
29699
31907
19098
41103
29526
26160
48892
12417
1696
54445
55
22519
60568
65111
19563
33331
57785
20026
40486
51945
30524
62674
7212
47380
33126
18586
46731
36134
1784
56565
36876
50219
46947
47821
33565
47451
57065
52309
37517
50920
64955
44672
58845
60407
52192
49271
31812
30652
6227
21948
18455
14151
35141
2327
28869
36878
3758
30515
39396
23511
31392
50452
34206
277
43877
64371
8261
35684
62322
17940
46913
54895
29699
31907
19098
41103
29526
26160
48892
12417
1696
54445
55
22519
60568
65111
19563
33331
57785
20026
40486
51945
30524
62674
7212
47380
33126
18586
46731
36134
1784
56565
36876
50219
46947
47821
33565
47451
57065
52309
37517
50920
64955
44672
58845
60407
52192
49271
2
3
6
2
12
0
11
13
10
15
11
14
31
0
11
30
4
8
6
28
5
12
31
2
15
19
13
28
19
7
30
26
14
11
9
27
16
4
23
31
2
18
2
21
20
9
20
16
4
30
16
13
31
31
29
22
21
16
21
27
17
17
29
21
16
31
21
27
29
31
26
30
2
3
6
2
12
0
11
13
10
15
11
14
31
0
11
30
4
8
6
28
5
12
31
2
15
19
13
28
19
7
30
26
14
11
9
27
16
4
23
31
2
18
2
21
20
9
20
16
4
30
16
13
31
31
29
22
21
16
21
27
17
17
29
21
16
31
21
27
29
31
26
30
2
3
6
2
12
0
11
13
10
15
11
14
31
0
11
30
4
8
6
28
5
12
31
2
15
19
13
28
19
7
30
26
14
11
9
27
16
4
23
31
2
18
2
21
20
9
20
16
4
30
16
13
31
31
29
22
21
16
21
27
17
17
29
21
16
31
21
27
29
31
26
30
2
3
6
2
12
0
11
13
10
15
11
14
31
0
11
30
4
8
6
28
5
12
31
2
15
19
13
28
19
7
30
26
14
11
9
27
16
4
23
31
2
18
2
21
20
9
20
16
4
30
16
13
31
31
29
22
21
16
21
27
17
17
29
21
16
31
21
27
29
31
26
30
2
3
6
2
12
0
11
13
10
15
11
14
31
0
11
30
4
8
6
28
5
12
31
2
15
19
13
28
19
7
30
26
14
11
9
27
16
4
23
31
2
18
2
21
20
9
20
16
4
30
16
13
31
31
29
22
21
16
21
27
17
17
29
21
16
31
21
27
29
31
26
30
2
3
6
2
12
0
11
13
10
15
11
14
31
0
11
30
4
8
6
28
5
12
31
2
15
19
13
28
19
7
30
26
14
11
9
27
16
4
23
31
2
18
2
21
20
9
20
16
4
30
16
13
31
31
29
22
21
16
21
27
17
17
29
21
16
31
21
27
29
31
26
30
2
3
6
2
12
0
11
13
10
15
11
14
31
0
11
30
4
8
6
28
5
12
31
2
15
19
13
28
19
7
30
26
14
11
9
27
16
4
23
31
2
18
2
21
20
9
20
16
4
30
16
13
31
31
29
22
21
16
21
27
17
17
29
21
16
31
21
27
29
31
26
30
2
3
6
2
12
0
11
13
10
15
11
14
31
0
11
30
4
8
6
28
5
12
31
2
15
19
13
28
19
7
30
26
14
11
9
27
16
4
23
31
2
18
2
21
20
9
20
16
4
30
16
13
31
31
29
22
21
16
21
27
17
17
29
21
16
31
21
27
29
31
26
30
2
3
6
2
12
0
11
13
10
15
11
14
31
0
11
30
4
8
6
28
5
12
31
2
15
19
13
28
19
7
30
26
14
11
9
27
16
4
23
31
2
18
2
21
20
9
20
16
4
30
16
13
31
31
29
22
21
16
21
27
17
17
29
21
16
31
21
27
29
31
26
30
2
3
6
2
12
0
11
13
10
15
11
14
31
0
11
30
4
8
6
28
5
12
31
2
15
19
13
28
19
7
30
26
14
11
9
27
16
4
23
31
2
18
2
21
20
9
20
16
4
30
16
13
31
31
29
22
21
16
21
27
17
17
29
21
16
31
21
27
29
31
26
30
2
3
6
2
12
0
11
13
10
15
11
14
31
0
11
30
4
8
6
28
5
12
31
2
15
19
13
28
19
7
30
26
14
11
9
27
16
4
23
31
2
18
2
21
20
9
20
16
4
30
16
13
31
31
29
22
21
16
21
27
17
17
29
21
16
31
21
27
29
31
26
30
2
3
6
2
12
0
11
13
10
15
11
14
31
0
11
30
4
8
6
28
5
12
31
2
15
19
13
28
19
7
30
26
14
11
9
27
16
4
23
31
2
18
2
21
20
9
20
16
4
30
16
13
31
31
29
22
21
16
21
27
17
17
29
21
16
31
21
27
29
31
26
30
4
0
3
2
11
0
7
12
4
10
11
6
10
5
13
25
11
8
25
14
14
23
16
0
23
17
1
22
21
14
9
0
23
1
15
18
31
0
22
25
8
20
11
21
19
0
17
24
3
20
31
13
19
26
8
30
28
18
18
21
27
17
19
29
31
22
23
25
30
27
29
25
4
0
3
2
11
0
7
12
4
10
11
6
10
5
13
25
11
8
25
14
14
23
16
0
23
17
1
22
21
14
9
0
23
1
15
18
31
0
22
25
8
20
11
21
19
0
17
24
3
20
31
13
19
26
8
30
28
18
18
21
27
17
19
29
31
22
23
25
30
27
29
25
4
0
3
2
11
0
7
12
4
10
11
6
10
5
13
25
11
8
25
14
14
23
16
0
23
17
1
22
21
14
9
0
23
1
15
18
31
0
22
25
8
20
11
21
19
0
17
24
3
20
31
13
19
26
8
30
28
18
18
21
27
17
19
29
31
22
23
25
30
27
29
25
4
0
3
2
11
0
7
12
4
10
11
6
10
5
13
25
11
8
25
14
14
23
16
0
23
17
1
22
21
14
9
0
23
1
15
18
31
0
22
25
8
20
11
21
19
0
17
24
3
20
31
13
19
26
8
30
28
18
18
21
27
17
19
29
31
22
23
25
30
27
29
25
4
0
3
2
11
0
7
12
4
10
11
6
10
5
13
25
11
8
25
14
14
23
16
0
23
17
1
22
21
14
9
0
23
1
15
18
31
0
22
25
8
20
11
21
19
0
17
24
3
20
31
13
19
26
8
30
28
18
18
21
27
17
19
29
31
22
23
25
30
27
29
25
4
0
3
2
11
0
7
12
4
10
11
6
10
5
13
25
11
8
25
14
14
23
16
0
23
17
1
22
21
14
9
0
23
1
15
18
31
0
22
25
8
20
11
21
19
0
17
24
3
20
31
13
19
26
8
30
28
18
18
21
27
17
19
29
31
22
23
25
30
27
29
25
4
0
3
2
11
0
7
12
4
10
11
6
10
5
13
25
11
8
25
14
14
23
16
0
23
17
1
22
21
14
9
0
23
1
15
18
31
0
22
25
8
20
11
21
19
0
17
24
3
20
31
13
19
26
8
30
28
18
18
21
27
17
19
29
31
22
23
25
30
27
29
25
4
0
3
2
11
0
7
12
4
10
11
6
10
5
13
25
11
8
25
14
14
23
16
0
23
17
1
22
21
14
9
0
23
1
15
18
31
0
22
25
8
20
11
21
19
0
17
24
3
20
31
13
19
26
8
30
28
18
18
21
27
17
19
29
31
22
23
25
30
27
29
25
4
0
3
2
11
0
7
12
4
10
11
6
10
5
13
25
11
8
25
14
14
23
16
0
23
17
1
22
21
14
9
0
23
1
15
18
31
0
22
25
8
20
11
21
19
0
17
24
3
20
31
13
19
26
8
30
28
18
18
21
27
17
19
29
31
22
23
25
30
27
29
25
4
0
3
2
11
0
7
12
4
10
11
6
10
5
13
25
11
8
25
14
14
23
16
0
23
17
1
22
21
14
9
0
23
1
15
18
31
0
22
25
8
20
11
21
19
0
17
24
3
20
31
13
19
26
8
30
28
18
18
21
27
17
19
29
31
22
23
25
30
27
29
25
4
0
3
2
11
0
7
12
4
10
11
6
10
5
13
25
11
8
25
14
14
23
16
0
23
17
1
22
21
14
9
0
23
1
15
18
31
0
22
25
8
20
11
21
19
0
17
24
3
20
31
13
19
26
8
30
28
18
18
21
27
17
19
29
31
22
23
25
30
27
29
25
4
0
3
2
11
0
7
12
4
10
11
6
10
5
13
25
11
8
25
14
14
23
16
0
23
17
1
22
21
14
9
0
23
1
15
18
31
0
22
25
8
20
11
21
19
0
17
24
3
20
31
13
19
26
8
30
28
18
18
21
27
17
19
29
31
22
23
25
30
27
29
25
6519
18053
5448
3927
22153
8804
2037
28858
11483
44186
5443
5545
30338
59631
5374
8546
46496
20683
21792
49034
24693
8477
51231
31823
23461
61522
29490
47240
60921
2658
450
1857
46351
22854
3700
49000
20717
12556
46702
18602
5307
51794
2067
18115
52878
12420
25573
55906
26646
31046
55348
46146
8618
40297
56054
29379
56038
9262
46566
35597
7379
41514
47598
25235
57494
40151
25947
52049
61063
55638
58212
59298
6519
18053
5448
3927
22153
8804
2037
28858
11483
44186
5443
5545
30338
59631
5374
8546
46496
20683
21792
49034
24693
8477
51231
31823
23461
61522
29490
47240
60921
2658
450
1857
46351
22854
3700
49000
20717
12556
46702
18602
5307
51794
2067
18115
52878
12420
25573
55906
26646
31046
55348
46146
8618
40297
56054
29379
56038
9262
46566
35597
7379
41514
47598
25235
57494
40151
25947
52049
61063
55638
58212
59298
6519
18053
5448
3927
22153
8804
2037
28858
11483
44186
5443
5545
30338
59631
5374
8546
46496
20683
21792
49034
24693
8477
51231
31823
23461
61522
29490
47240
60921
2658
450
1857
46351
22854
3700
49000
20717
12556
46702
18602
5307
51794
2067
18115
52878
12420
25573
55906
26646
31046
55348
46146
8618
40297
56054
29379
56038
9262
46566
35597
7379
41514
47598
25235
57494
40151
25947
52049
61063
55638
58212
59298
6519
18053
5448
3927
22153
8804
2037
28858
11483
44186
5443
5545
30338
59631
5374
8546
46496
20683
21792
49034
24693
8477
51231
31823
23461
61522
29490
47240
60921
2658
450
1857
46351
22854
3700
49000
20717
12556
46702
18602
5307
51794
2067
18115
52878
12420
25573
55906
26646
31046
55348
46146
8618
40297
56054
29379
56038
9262
46566
35597
7379
41514
47598
25235
57494
40151
25947
52049
61063
55638
58212
59298
6519
18053
5448
3927
22153
8804
2037
28858
11483
44186
5443
5545
30338
59631
5374
8546
46496
20683
21792
49034
24693
8477
51231
31823
23461
61522
29490
47240
60921
2658
450
1857
46351
22854
3700
49000
20717
12556
46702
18602
5307
51794
2067
18115
52878
12420
25573
55906
26646
31046
55348
46146
8618
40297
56054
29379
56038
9262
46566
35597
7379
41514
47598
25235
57494
40151
25947
52049
61063
55638
58212
59298
6519
18053
5448
3927
22153
8804
2037
28858
11483
44186
5443
5545
30338
59631
5374
8546
46496
20683
21792
49034
24693
8477
51231
31823
23461
61522
29490
47240
60921
2658
450
1857
46351
22854
3700
49000
20717
12556
46702
18602
5307
51794
2067
18115
52878
12420
25573
55906
26646
31046
55348
46146
8618
40297
56054
29379
56038
9262
46566
35597
7379
41514
47598
25235
57494
40151
25947
52049
61063
55638
58212
59298
6519
18053
5448
3927
22153
8804
2037
28858
11483
44186
5443
5545
30338
59631
5374
8546
46496
20683
21792
49034
24693
8477
51231
31823
23461
61522
29490
47240
60921
2658
450
1857
46351
22854
3700
49000
20717
12556
46702
18602
5307
51794
2067
18115
52878
12420
25573
55906
26646
31046
55348
46146
8618
40297
56054
29379
56038
9262
46566
35597
7379
41514
47598
25235
57494
40151
25947
52049
61063
55638
58212
59298
6519
18053
5448
3927
22153
8804
2037
28858
11483
44186
5443
5545
30338
59631
5374
8546
46496
20683
21792
49034
24693
8477
51231
31823
23461
61522
29490
47240
60921
2658
450
1857
46351
22854
3700
49000
20717
12556
46702
18602
5307
51794
2067
18115
52878
12420
25573
55906
26646
31046
55348
46146
8618
40297
56054
29379
56038
9262
46566
35597
7379
41514
47598
25235
57494
40151
25947
52049
61063
55638
58212
59298
6519
18053
5448
3927
22153
8804
2037
28858
11483
44186
5443
5545
30338
59631
5374
8546
46496
20683
21792
49034
24693
8477
51231
31823
23461
61522
29490
47240
60921
2658
450
1857
46351
22854
3700
49000
20717
12556
46702
18602
5307
51794
2067
18115
52878
12420
25573
55906
26646
31046
55348
46146
8618
40297
56054
29379
56038
9262
46566
35597
7379
41514
47598
25235
57494
40151
25947
52049
61063
55638
58212
59298
6519
18053
5448
3927
22153
8804
2037
28858
11483
44186
5443
5545
30338
59631
5374
8546
46496
20683
21792
49034
24693
8477
51231
31823
23461
61522
29490
47240
60921
2658
450
1857
46351
22854
3700
49000
20717
12556
46702
18602
5307
51794
2067
18115
52878
12420
25573
55906
26646
31046
55348
46146
8618
40297
56054
29379
56038
9262
46566
35597
7379
41514
47598
25235
57494
40151
25947
52049
61063
55638
58212
59298
6519
18053
5448
3927
22153
8804
2037
28858
11483
44186
5443
5545
30338
59631
5374
8546
46496
20683
21792
49034
24693
8477
51231
31823
23461
61522
29490
47240
60921
2658
450
1857
46351
22854
3700
49000
20717
12556
46702
18602
5307
51794
2067
18115
52878
12420
25573
55906
26646
31046
55348
46146
8618
40297
56054
29379
56038
9262
46566
35597
7379
41514
47598
25235
57494
40151
25947
52049
61063
55638
58212
59298
6519
18053
5448
3927
22153
8804
2037
28858
11483
44186
5443
5545
30338
59631
5374
8546
46496
20683
21792
49034
24693
8477
51231
31823
23461
61522
29490
47240
60921
2658
450
1857
46351
22854
3700
49000
20717
12556
46702
18602
5307
51794
2067
18115
52878
12420
25573
55906
26646
31046
55348
46146
8618
40297
56054
29379
56038
9262
46566
35597
7379
41514
47598
25235
57494
40151
25947
52049
61063
55638
58212
59298
4
4
1
4
12
4
9
0
11
1
14
11
18
3
10
30
3
8
23
14
10
4
16
6
18
22
3
21
20
5
19
30
2
29
29
1
18
31
14
3
0
16
5
7
17
2
3
22
13
3
20
8
10
22
2
3
28
11
3
26
8
7
27
8
15
28
21
1
31
7
28
31
4
4
1
4
12
4
9
0
11
1
14
11
18
3
10
30
3
8
23
14
10
4
16
6
18
22
3
21
20
5
19
30
2
29
29
1
18
31
14
3
0
16
5
7
17
2
3
22
13
3
20
8
10
22
2
3
28
11
3
26
8
7
27
8
15
28
21
1
31
7
28
31
4
4
1
4
12
4
9
0
11
1
14
11
18
3
10
30
3
8
23
14
10
4
16
6
18
22
3
21
20
5
19
30
2
29
29
1
18
31
14
3
0
16
5
7
17
2
3
22
13
3
20
8
10
22
2
3
28
11
3
26
8
7
27
8
15
28
21
1
31
7
28
31
4
4
1
4
12
4
9
0
11
1
14
11
18
3
10
30
3
8
23
14
10
4
16
6
18
22
3
21
20
5
19
30
2
29
29
1
18
31
14
3
0
16
5
7
17
2
3
22
13
3
20
8
10
22
2
3
28
11
3
26
8
7
27
8
15
28
21
1
31
7
28
31
4
4
1
4
12
4
9
0
11
1
14
11
18
3
10
30
3
8
23
14
10
4
16
6
18
22
3
21
20
5
19
30
2
29
29
1
18
31
14
3
0
16
5
7
17
2
3
22
13
3
20
8
10
22
2
3
28
11
3
26
8
7
27
8
15
28
21
1
31
7
28
31
4
4
1
4
12
4
9
0
11
1
14
11
18
3
10
30
3
8
23
14
10
4
16
6
18
22
3
21
20
5
19
30
2
29
29
1
18
31
14
3
0
16
5
7
17
2
3
22
13
3
20
8
10
22
2
3
28
11
3
26
8
7
27
8
15
28
21
1
31
7
28
31
4
4
1
4
12
4
9
0
11
1
14
11
18
3
10
30
3
8
23
14
10
4
16
6
18
22
3
21
20
5
19
30
2
29
29
1
18
31
14
3
0
16
5
7
17
2
3
22
13
3
20
8
10
22
2
3
28
11
3
26
8
7
27
8
15
28
21
1
31
7
28
31
4
4
1
4
12
4
9
0
11
1
14
11
18
3
10
30
3
8
23
14
10
4
16
6
18
22
3
21
20
5
19
30
2
29
29
1
18
31
14
3
0
16
5
7
17
2
3
22
13
3
20
8
10
22
2
3
28
11
3
26
8
7
27
8
15
28
21
1
31
7
28
31
4
4
1
4
12
4
9
0
11
1
14
11
18
3
10
30
3
8
23
14
10
4
16
6
18
22
3
21
20
5
19
30
2
29
29
1
18
31
14
3
0
16
5
7
17
2
3
22
13
3
20
8
10
22
2
3
28
11
3
26
8
7
27
8
15
28
21
1
31
7
28
31
4
4
1
4
12
4
9
0
11
1
14
11
18
3
10
30
3
8
23
14
10
4
16
6
18
22
3
21
20
5
19
30
2
29
29
1
18
31
14
3
0
16
5
7
17
2
3
22
13
3
20
8
10
22
2
3
28
11
3
26
8
7
27
8
15
28
21
1
31
7
28
31
4
4
1
4
12
4
9
0
11
1
14
11
18
3
10
30
3
8
23
14
10
4
16
6
18
22
3
21
20
5
19
30
2
29
29
1
18
31
14
3
0
16
5
7
17
2
3
22
13
3
20
8
10
22
2
3
28
11
3
26
8
7
27
8
15
28
21
1
31
7
28
31
4
4
1
4
12
4
9
0
11
1
14
11
18
3
10
30
3
8
23
14
10
4
16
6
18
22
3
21
20
5
19
30
2
29
29
1
18
31
14
3
0
16
5
7
17
2
3
22
13
3
20
8
10
22
2
3
28
11
3
26
8
7
27
8
15
28
21
1
31
7
28
31
7
6
5
14
0
5
2
12
2
30
1
4
6
19
1
25
23
6
20
31
0
30
30
12
0
5
17
3
0
21
9
6
19
8
3
22
15
8
18
14
5
31
19
3
17
23
9
21
16
5
30
22
11
27
21
15
29
9
23
21
12
20
22
31
18
16
29
20
30
23
27
24
7
6
5
14
0
5
2
12
2
30
1
4
6
19
1
25
23
6
20
31
0
30
30
12
0
5
17
3
0
21
9
6
19
8
3
22
15
8
18
14
5
31
19
3
17
23
9
21
16
5
30
22
11
27
21
15
29
9
23
21
12
20
22
31
18
16
29
20
30
23
27
24
7
6
5
14
0
5
2
12
2
30
1
4
6
19
1
25
23
6
20
31
0
30
30
12
0
5
17
3
0
21
9
6
19
8
3
22
15
8
18
14
5
31
19
3
17
23
9
21
16
5
30
22
11
27
21
15
29
9
23
21
12
20
22
31
18
16
29
20
30
23
27
24
7
6
5
14
0
5
2
12
2
30
1
4
6
19
1
25
23
6
20
31
0
30
30
12
0
5
17
3
0
21
9
6
19
8
3
22
15
8
18
14
5
31
19
3
17
23
9
21
16
5
30
22
11
27
21
15
29
9
23
21
12
20
22
31
18
16
29
20
30
23
27
24
7
6
5
14
0
5
2
12
2
30
1
4
6
19
1
25
23
6
20
31
0
30
30
12
0
5
17
3
0
21
9
6
19
8
3
22
15
8
18
14
5
31
19
3
17
23
9
21
16
5
30
22
11
27
21
15
29
9
23
21
12
20
22
31
18
16
29
20
30
23
27
24
7
6
5
14
0
5
2
12
2
30
1
4
6
19
1
25
23
6
20
31
0
30
30
12
0
5
17
3
0
21
9
6
19
8
3
22
15
8
18
14
5
31
19
3
17
23
9
21
16
5
30
22
11
27
21
15
29
9
23
21
12
20
22
31
18
16
29
20
30
23
27
24
7
6
5
14
0
5
2
12
2
30
1
4
6
19
1
25
23
6
20
31
0
30
30
12
0
5
17
3
0
21
9
6
19
8
3
22
15
8
18
14
5
31
19
3
17
23
9
21
16
5
30
22
11
27
21
15
29
9
23
21
12
20
22
31
18
16
29
20
30
23
27
24
7
6
5
14
0
5
2
12
2
30
1
4
6
19
1
25
23
6
20
31
0
30
30
12
0
5
17
3
0
21
9
6
19
8
3
22
15
8
18
14
5
31
19
3
17
23
9
21
16
5
30
22
11
27
21
15
29
9
23
21
12
20
22
31
18
16
29
20
30
23
27
24
7
6
5
14
0
5
2
12
2
30
1
4
6
19
1
25
23
6
20
31
0
30
30
12
0
5
17
3
0
21
9
6
19
8
3
22
15
8
18
14
5
31
19
3
17
23
9
21
16
5
30
22
11
27
21
15
29
9
23
21
12
20
22
31
18
16
29
20
30
23
27
24
7
6
5
14
0
5
2
12
2
30
1
4
6
19
1
25
23
6
20
31
0
30
30
12
0
5
17
3
0
21
9
6
19
8
3
22
15
8
18
14
5
31
19
3
17
23
9
21
16
5
30
22
11
27
21
15
29
9
23
21
12
20
22
31
18
16
29
20
30
23
27
24
7
6
5
14
0
5
2
12
2
30
1
4
6
19
1
25
23
6
20
31
0
30
30
12
0
5
17
3
0
21
9
6
19
8
3
22
15
8
18
14
5
31
19
3
17
23
9
21
16
5
30
22
11
27
21
15
29
9
23
21
12
20
22
31
18
16
29
20
30
23
27
24
7
6
5
14
0
5
2
12
2
30
1
4
6
19
1
25
23
6
20
31
0
30
30
12
0
5
17
3
0
21
9
6
19
8
3
22
15
8
18
14
5
31
19
3
17
23
9
21
16
5
30
22
11
27
21
15
29
9
23
21
12
20
22
31
18
16
29
20
30
23
27
24
22803
865
6439
27690
2162
738
26509
26114
12878
47756
8953
14588
52988
22625
7313
38595
814
22184
12812
53608
11466
23272
57437
13021
11667
46344
25698
23591
42335
19413
45030
64313
29327
29176
25371
42781
11669
24718
51663
28162
30302
57138
45587
10167
35896
38503
10379
48666
39850
16925
46041
56533
32300
35280
64195
32246
41101
37152
5122
56490
50181
717
55176
44699
18694
62484
20394
46517
50590
57756
63327
54641
22803
865
6439
27690
2162
738
26509
26114
12878
47756
8953
14588
52988
22625
7313
38595
814
22184
12812
53608
11466
23272
57437
13021
11667
46344
25698
23591
42335
19413
45030
64313
29327
29176
25371
42781
11669
24718
51663
28162
30302
57138
45587
10167
35896
38503
10379
48666
39850
16925
46041
56533
32300
35280
64195
32246
41101
37152
5122
56490
50181
717
55176
44699
18694
62484
20394
46517
50590
57756
63327
54641
22803
865
6439
27690
2162
738
26509
26114
12878
47756
8953
14588
52988
22625
7313
38595
814
22184
12812
53608
11466
23272
57437
13021
11667
46344
25698
23591
42335
19413
45030
64313
29327
29176
25371
42781
11669
24718
51663
28162
30302
57138
45587
10167
35896
38503
10379
48666
39850
16925
46041
56533
32300
35280
64195
32246
41101
37152
5122
56490
50181
717
55176
44699
18694
62484
20394
46517
50590
57756
63327
54641
22803
865
6439
27690
2162
738
26509
26114
12878
47756
8953
14588
52988
22625
7313
38595
814
22184
12812
53608
11466
23272
57437
13021
11667
46344
25698
23591
42335
19413
45030
64313
29327
29176
25371
42781
11669
24718
51663
28162
30302
57138
45587
10167
35896
38503
10379
48666
39850
16925
46041
56533
32300
35280
64195
32246
41101
37152
5122
56490
50181
717
55176
44699
18694
62484
20394
46517
50590
57756
63327
54641
22803
865
6439
27690
2162
738
26509
26114
12878
47756
8953
14588
52988
22625
7313
38595
814
22184
12812
53608
11466
23272
57437
13021
11667
46344
25698
23591
42335
19413
45030
64313
29327
29176
25371
42781
11669
24718
51663
28162
30302
57138
45587
10167
35896
38503
10379
48666
39850
16925
46041
56533
32300
35280
64195
32246
41101
37152
5122
56490
50181
717
55176
44699
18694
62484
20394
46517
50590
57756
63327
54641
22803
865
6439
27690
2162
738
26509
26114
12878
47756
8953
14588
52988
22625
7313
38595
814
22184
12812
53608
11466
23272
57437
13021
11667
46344
25698
23591
42335
19413
45030
64313
29327
29176
25371
42781
11669
24718
51663
28162
30302
57138
45587
10167
35896
38503
10379
48666
39850
16925
46041
56533
32300
35280
64195
32246
41101
37152
5122
56490
50181
717
55176
44699
18694
62484
20394
46517
50590
57756
63327
54641
22803
865
6439
27690
2162
738
26509
26114
12878
47756
8953
14588
52988
22625
7313
38595
814
22184
12812
53608
11466
23272
57437
13021
11667
46344
25698
23591
42335
19413
45030
64313
29327
29176
25371
42781
11669
24718
51663
28162
30302
57138
45587
10167
35896
38503
10379
48666
39850
16925
46041
56533
32300
35280
64195
32246
41101
37152
5122
56490
50181
717
55176
44699
18694
62484
20394
46517
50590
57756
63327
54641
22803
865
6439
27690
2162
738
26509
26114
12878
47756
8953
14588
52988
22625
7313
38595
814
22184
12812
53608
11466
23272
57437
13021
11667
46344
25698
23591
42335
19413
45030
64313
29327
29176
25371
42781
11669
24718
51663
28162
30302
57138
45587
10167
35896
38503
10379
48666
39850
16925
46041
56533
32300
35280
64195
32246
41101
37152
5122
56490
50181
717
55176
44699
18694
62484
20394
46517
50590
57756
63327
54641
22803
865
6439
27690
2162
738
26509
26114
12878
47756
8953
14588
52988
22625
7313
38595
814
22184
12812
53608
11466
23272
57437
13021
11667
46344
25698
23591
42335
19413
45030
64313
29327
29176
25371
42781
11669
24718
51663
28162
30302
57138
45587
10167
35896
38503
10379
48666
39850
16925
46041
56533
32300
35280
64195
32246
41101
37152
5122
56490
50181
717
55176
44699
18694
62484
20394
46517
50590
57756
63327
54641
22803
865
6439
27690
2162
738
26509
26114
12878
47756
8953
14588
52988
22625
7313
38595
814
22184
12812
53608
11466
23272
57437
13021
11667
46344
25698
23591
42335
19413
45030
64313
29327
29176
25371
42781
11669
24718
51663
28162
30302
57138
45587
10167
35896
38503
10379
48666
39850
16925
46041
56533
32300
35280
64195
32246
41101
37152
5122
56490
50181
717
55176
44699
18694
62484
20394
46517
50590
57756
63327
54641
22803
865
6439
27690
2162
738
26509
26114
12878
47756
8953
14588
52988
22625
7313
38595
814
22184
12812
53608
11466
23272
57437
13021
11667
46344
25698
23591
42335
19413
45030
64313
29327
29176
25371
42781
11669
24718
51663
28162
30302
57138
45587
10167
35896
38503
10379
48666
39850
16925
46041
56533
32300
35280
64195
32246
41101
37152
5122
56490
50181
717
55176
44699
18694
62484
20394
46517
50590
57756
63327
54641
22803
865
6439
27690
2162
738
26509
26114
12878
47756
8953
14588
52988
22625
7313
38595
814
22184
12812
53608
11466
23272
57437
13021
11667
46344
25698
23591
42335
19413
45030
64313
29327
29176
25371
42781
11669
24718
51663
28162
30302
57138
45587
10167
35896
38503
10379
48666
39850
16925
46041
56533
32300
35280
64195
32246
41101
37152
5122
56490
50181
717
55176
44699
18694
62484
20394
46517
50590
57756
63327
54641
5
3
10
17
3
0
20
0
6
27
14
4
22
10
15
17
13
12
3
19
2
13
19
9
17
22
3
23
31
8
26
31
11
16
3
20
24
12
20
27
14
22
21
3
30
18
13
30
5
19
22
9
21
22
7
27
19
7
29
19
1
19
29
11
18
24
25
23
20
20
24
16
5
3
10
17
3
0
20
0
6
27
14
4
22
10
15
17
13
12
3
19
2
13
19
9
17
22
3
23
31
8
26
31
11
16
3
20
24
12
20
27
14
22
21
3
30
18
13
30
5
19
22
9
21
22
7
27
19
7
29
19
1
19
29
11
18
24
25
23
20
20
24
16
5
3
10
17
3
0
20
0
6
27
14
4
22
10
15
17
13
12
3
19
2
13
19
9
17
22
3
23
31
8
26
31
11
16
3
20
24
12
20
27
14
22
21
3
30
18
13
30
5
19
22
9
21
22
7
27
19
7
29
19
1
19
29
11
18
24
25
23
20
20
24
16
5
3
10
17
3
0
20
0
6
27
14
4
22
10
15
17
13
12
3
19
2
13
19
9
17
22
3
23
31
8
26
31
11
16
3
20
24
12
20
27
14
22
21
3
30
18
13
30
5
19
22
9
21
22
7
27
19
7
29
19
1
19
29
11
18
24
25
23
20
20
24
16
5
3
10
17
3
0
20
0
6
27
14
4
22
10
15
17
13
12
3
19
2
13
19
9
17
22
3
23
31
8
26
31
11
16
3
20
24
12
20
27
14
22
21
3
30
18
13
30
5
19
22
9
21
22
7
27
19
7
29
19
1
19
29
11
18
24
25
23
20
20
24
16
5
3
10
17
3
0
20
0
6
27
14
4
22
10
15
17
13
12
3
19
2
13
19
9
17
22
3
23
31
8
26
31
11
16
3
20
24
12
20
27
14
22
21
3
30
18
13
30
5
19
22
9
21
22
7
27
19
7
29
19
1
19
29
11
18
24
25
23
20
20
24
16
5
3
10
17
3
0
20
0
6
27
14
4
22
10
15
17
13
12
3
19
2
13
19
9
17
22
3
23
31
8
26
31
11
16
3
20
24
12
20
27
14
22
21
3
30
18
13
30
5
19
22
9
21
22
7
27
19
7
29
19
1
19
29
11
18
24
25
23
20
20
24
16
5
3
10
17
3
0
20
0
6
27
14
4
22
10
15
17
13
12
3
19
2
13
19
9
17
22
3
23
31
8
26
31
11
16
3
20
24
12
20
27
14
22
21
3
30
18
13
30
5
19
22
9
21
22
7
27
19
7
29
19
1
19
29
11
18
24
25
23
20
20
24
16
5
3
10
17
3
0
20
0
6
27
14
4
22
10
15
17
13
12
3
19
2
13
19
9
17
22
3
23
31
8
26
31
11
16
3
20
24
12
20
27
14
22
21
3
30
18
13
30
5
19
22
9
21
22
7
27
19
7
29
19
1
19
29
11
18
24
25
23
20
20
24
16
5
3
10
17
3
0
20
0
6
27
14
4
22
10
15
17
13
12
3
19
2
13
19
9
17
22
3
23
31
8
26
31
11
16
3
20
24
12
20
27
14
22
21
3
30
18
13
30
5
19
22
9
21
22
7
27
19
7
29
19
1
19
29
11
18
24
25
23
20
20
24
16
5
3
10
17
3
0
20
0
6
27
14
4
22
10
15
17
13
12
3
19
2
13
19
9
17
22
3
23
31
8
26
31
11
16
3
20
24
12
20
27
14
22
21
3
30
18
13
30
5
19
22
9
21
22
7
27
19
7
29
19
1
19
29
11
18
24
25
23
20
20
24
16
5
3
10
17
3
0
20
0
6
27
14
4
22
10
15
17
13
12
3
19
2
13
19
9
17
22
3
23
31
8
26
31
11
16
3
20
24
12
20
27
14
22
21
3
30
18
13
30
5
19
22
9
21
22
7
27
19
7
29
19
1
19
29
11
18
24
25
23
20
20
24
16
8
6
6
5
0
11
12
7
8
24
2
2
26
5
4
31
8
0
20
6
12
12
25
7
2
29
13
23
25
6
20
17
14
7
11
19
12
7
26
6
9
25
25
0
19
28
4
17
18
4
28
24
14
26
30
14
31
13
30
16
10
17
25
12
25
28
16
30
16
31
21
30
8
6
6
5
0
11
12
7
8
24
2
2
26
5
4
31
8
0
20
6
12
12
25
7
2
29
13
23
25
6
20
17
14
7
11
19
12
7
26
6
9
25
25
0
19
28
4
17
18
4
28
24
14
26
30
14
31
13
30
16
10
17
25
12
25
28
16
30
16
31
21
30
8
6
6
5
0
11
12
7
8
24
2
2
26
5
4
31
8
0
20
6
12
12
25
7
2
29
13
23
25
6
20
17
14
7
11
19
12
7
26
6
9
25
25
0
19
28
4
17
18
4
28
24
14
26
30
14
31
13
30
16
10
17
25
12
25
28
16
30
16
31
21
30
8
6
6
5
0
11
12
7
8
24
2
2
26
5
4
31
8
0
20
6
12
12
25
7
2
29
13
23
25
6
20
17
14
7
11
19
12
7
26
6
9
25
25
0
19
28
4
17
18
4
28
24
14
26
30
14
31
13
30
16
10
17
25
12
25
28
16
30
16
31
21
30
8
6
6
5
0
11
12
7
8
24
2
2
26
5
4
31
8
0
20
6
12
12
25
7
2
29
13
23
25
6
20
17
14
7
11
19
12
7
26
6
9
25
25
0
19
28
4
17
18
4
28
24
14
26
30
14
31
13
30
16
10
17
25
12
25
28
16
30
16
31
21
30
8
6
6
5
0
11
12
7
8
24
2
2
26
5
4
31
8
0
20
6
12
12
25
7
2
29
13
23
25
6
20
17
14
7
11
19
12
7
26
6
9
25
25
0
19
28
4
17
18
4
28
24
14
26
30
14
31
13
30
16
10
17
25
12
25
28
16
30
16
31
21
30
8
6
6
5
0
11
12
7
8
24
2
2
26
5
4
31
8
0
20
6
12
12
25
7
2
29
13
23
25
6
20
17
14
7
11
19
12
7
26
6
9
25
25
0
19
28
4
17
18
4
28
24
14
26
30
14
31
13
30
16
10
17
25
12
25
28
16
30
16
31
21
30
8
6
6
5
0
11
12
7
8
24
2
2
26
5
4
31
8
0
20
6
12
12
25
7
2
29
13
23
25
6
20
17
14
7
11
19
12
7
26
6
9
25
25
0
19
28
4
17
18
4
28
24
14
26
30
14
31
13
30
16
10
17
25
12
25
28
16
30
16
31
21
30
8
6
6
5
0
11
12
7
8
24
2
2
26
5
4
31
8
0
20
6
12
12
25
7
2
29
13
23
25
6
20
17
14
7
11
19
12
7
26
6
9
25
25
0
19
28
4
17
18
4
28
24
14
26
30
14
31
13
30
16
10
17
25
12
25
28
16
30
16
31
21
30
8
6
6
5
0
11
12
7
8
24
2
2
26
5
4
31
8
0
20
6
12
12
25
7
2
29
13
23
25
6
20
17
14
7
11
19
12
7
26
6
9
25
25
0
19
28
4
17
18
4
28
24
14
26
30
14
31
13
30
16
10
17
25
12
25
28
16
30
16
31
21
30
8
6
6
5
0
11
12
7
8
24
2
2
26
5
4
31
8
0
20
6
12
12
25
7
2
29
13
23
25
6
20
17
14
7
11
19
12
7
26
6
9
25
25
0
19
28
4
17
18
4
28
24
14
26
30
14
31
13
30
16
10
17
25
12
25
28
16
30
16
31
21
30
8
6
6
5
0
11
12
7
8
24
2
2
26
5
4
31
8
0
20
6
12
12
25
7
2
29
13
23
25
6
20
17
14
7
11
19
12
7
26
6
9
25
25
0
19
28
4
17
18
4
28
24
14
26
30
14
31
13
30
16
10
17
25
12
25
28
16
30
16
31
21
30
16231
13529
32496
18243
11021
28699
23608
19072
22549
42597
8297
105
61950
20381
578
55419
9995
21893
60888
15875
24255
62479
4647
27075
50272
31720
18719
27463
40017
11049
29634
58789
26414
42981
45034
9269
44349
58151
9505
64845
56823
16780
15251
32548
40666
3782
28507
52037
12095
28321
51772
40461
1649
35901
47403
16537
49240
4264
35977
54736
10192
54687
56308
24123
63047
63083
45609
45325
53551
50798
49250
60770
16231
13529
32496
18243
11021
28699
23608
19072
22549
42597
8297
105
61950
20381
578
55419
9995
21893
60888
15875
24255
62479
4647
27075
50272
31720
18719
27463
40017
11049
29634
58789
26414
42981
45034
9269
44349
58151
9505
64845
56823
16780
15251
32548
40666
3782
28507
52037
12095
28321
51772
40461
1649
35901
47403
16537
49240
4264
35977
54736
10192
54687
56308
24123
63047
63083
45609
45325
53551
50798
49250
60770
16231
13529
32496
18243
11021
28699
23608
19072
22549
42597
8297
105
61950
20381
578
55419
9995
21893
60888
15875
24255
62479
4647
27075
50272
31720
18719
27463
40017
11049
29634
58789
26414
42981
45034
9269
44349
58151
9505
64845
56823
16780
15251
32548
40666
3782
28507
52037
12095
28321
51772
40461
1649
35901
47403
16537
49240
4264
35977
54736
10192
54687
56308
24123
63047
63083
45609
45325
53551
50798
49250
60770
16231
13529
32496
18243
11021
28699
23608
19072
22549
42597
8297
105
61950
20381
578
55419
9995
21893
60888
15875
24255
62479
4647
27075
50272
31720
18719
27463
40017
11049
29634
58789
26414
42981
45034
9269
44349
58151
9505
64845
56823
16780
15251
32548
40666
3782
28507
52037
12095
28321
51772
40461
1649
35901
47403
16537
49240
4264
35977
54736
10192
54687
56308
24123
63047
63083
45609
45325
53551
50798
49250
60770
16231
13529
32496
18243
11021
28699
23608
19072
22549
42597
8297
105
61950
20381
578
55419
9995
21893
60888
15875
24255
62479
4647
27075
50272
31720
18719
27463
40017
11049
29634
58789
26414
42981
45034
9269
44349
58151
9505
64845
56823
16780
15251
32548
40666
3782
28507
52037
12095
28321
51772
40461
1649
35901
47403
16537
49240
4264
35977
54736
10192
54687
56308
24123
63047
63083
45609
45325
53551
50798
49250
60770
16231
13529
32496
18243
11021
28699
23608
19072
22549
42597
8297
105
61950
20381
578
55419
9995
21893
60888
15875
24255
62479
4647
27075
50272
31720
18719
27463
40017
11049
29634
58789
26414
42981
45034
9269
44349
58151
9505
64845
56823
16780
15251
32548
40666
3782
28507
52037
12095
28321
51772
40461
1649
35901
47403
16537
49240
4264
35977
54736
10192
54687
56308
24123
63047
63083
45609
45325
53551
50798
49250
60770
16231
13529
32496
18243
11021
28699
23608
19072
22549
42597
8297
105
61950
20381
578
55419
9995
21893
60888
15875
24255
62479
4647
27075
50272
31720
18719
27463
40017
11049
29634
58789
26414
42981
45034
9269
44349
58151
9505
64845
56823
16780
15251
32548
40666
3782
28507
52037
12095
28321
51772
40461
1649
35901
47403
16537
49240
4264
35977
54736
10192
54687
56308
24123
63047
63083
45609
45325
53551
50798
49250
60770
16231
13529
32496
18243
11021
28699
23608
19072
22549
42597
8297
105
61950
20381
578
55419
9995
21893
60888
15875
24255
62479
4647
27075
50272
31720
18719
27463
40017
11049
29634
58789
26414
42981
45034
9269
44349
58151
9505
64845
56823
16780
15251
32548
40666
3782
28507
52037
12095
28321
51772
40461
1649
35901
47403
16537
49240
4264
35977
54736
10192
54687
56308
24123
63047
63083
45609
45325
53551
50798
49250
60770
16231
13529
32496
18243
11021
28699
23608
19072
22549
42597
8297
105
61950
20381
578
55419
9995
21893
60888
15875
24255
62479
4647
27075
50272
31720
18719
27463
40017
11049
29634
58789
26414
42981
45034
9269
44349
58151
9505
64845
56823
16780
15251
32548
40666
3782
28507
52037
12095
28321
51772
40461
1649
35901
47403
16537
49240
4264
35977
54736
10192
54687
56308
24123
63047
63083
45609
45325
53551
50798
49250
60770
16231
13529
32496
18243
11021
28699
23608
19072
22549
42597
8297
105
61950
20381
578
55419
9995
21893
60888
15875
24255
62479
4647
27075
50272
31720
18719
27463
40017
11049
29634
58789
26414
42981
45034
9269
44349
58151
9505
64845
56823
16780
15251
32548
40666
3782
28507
52037
12095
28321
51772
40461
1649
35901
47403
16537
49240
4264
35977
54736
10192
54687
56308
24123
63047
63083
45609
45325
53551
50798
49250
60770
16231
13529
32496
18243
11021
28699
23608
19072
22549
42597
8297
105
61950
20381
578
55419
9995
21893
60888
15875
24255
62479
4647
27075
50272
31720
18719
27463
40017
11049
29634
58789
26414
42981
45034
9269
44349
58151
9505
64845
56823
16780
15251
32548
40666
3782
28507
52037
12095
28321
51772
40461
1649
35901
47403
16537
49240
4264
35977
54736
10192
54687
56308
24123
63047
63083
45609
45325
53551
50798
49250
60770
16231
13529
32496
18243
11021
28699
23608
19072
22549
42597
8297
105
61950
20381
578
55419
9995
21893
60888
15875
24255
62479
4647
27075
50272
31720
18719
27463
40017
11049
29634
58789
26414
42981
45034
9269
44349
58151
9505
64845
56823
16780
15251
32548
40666
3782
28507
52037
12095
28321
51772
40461
1649
35901
47403
16537
49240
4264
35977
54736
10192
54687
56308
24123
63047
63083
45609
45325
53551
50798
49250
60770
3
8
2
0
0
12
18
5
2
28
13
1
27
12
9
24
12
11
4
18
4
3
28
5
12
31
6
11
18
10
20
25
2
28
16
13
14
9
20
6
4
26
28
13
16
22
1
29
17
5
29
1
26
20
0
30
27
14
25
24
15
25
25
24
16
19
26
18
30
21
29
28
3
8
2
0
0
12
18
5
2
28
13
1
27
12
9
24
12
11
4
18
4
3
28
5
12
31
6
11
18
10
20
25
2
28
16
13
14
9
20
6
4
26
28
13
16
22
1
29
17
5
29
1
26
20
0
30
27
14
25
24
15
25
25
24
16
19
26
18
30
21
29
28
3
8
2
0
0
12
18
5
2
28
13
1
27
12
9
24
12
11
4
18
4
3
28
5
12
31
6
11
18
10
20
25
2
28
16
13
14
9
20
6
4
26
28
13
16
22
1
29
17
5
29
1
26
20
0
30
27
14
25
24
15
25
25
24
16
19
26
18
30
21
29
28
3
8
2
0
0
12
18
5
2
28
13
1
27
12
9
24
12
11
4
18
4
3
28
5
12
31
6
11
18
10
20
25
2
28
16
13
14
9
20
6
4
26
28
13
16
22
1
29
17
5
29
1
26
20
0
30
27
14
25
24
15
25
25
24
16
19
26
18
30
21
29
28
3
8
2
0
0
12
18
5
2
28
13
1
27
12
9
24
12
11
4
18
4
3
28
5
12
31
6
11
18
10
20
25
2
28
16
13
14
9
20
6
4
26
28
13
16
22
1
29
17
5
29
1
26
20
0
30
27
14
25
24
15
25
25
24
16
19
26
18
30
21
29
28
3
8
2
0
0
12
18
5
2
28
13
1
27
12
9
24
12
11
4
18
4
3
28
5
12
31
6
11
18
10
20
25
2
28
16
13
14
9
20
6
4
26
28
13
16
22
1
29
17
5
29
1
26
20
0
30
27
14
25
24
15
25
25
24
16
19
26
18
30
21
29
28
3
8
2
0
0
12
18
5
2
28
13
1
27
12
9
24
12
11
4
18
4
3
28
5
12
31
6
11
18
10
20
25
2
28
16
13
14
9
20
6
4
26
28
13
16
22
1
29
17
5
29
1
26
20
0
30
27
14
25
24
15
25
25
24
16
19
26
18
30
21
29
28
3
8
2
0
0
12
18
5
2
28
13
1
27
12
9
24
12
11
4
18
4
3
28
5
12
31
6
11
18
10
20
25
2
28
16
13
14
9
20
6
4
26
28
13
16
22
1
29
17
5
29
1
26
20
0
30
27
14
25
24
15
25
25
24
16
19
26
18
30
21
29
28
3
8
2
0
0
12
18
5
2
28
13
1
27
12
9
24
12
11
4
18
4
3
28
5
12
31
6
11
18
10
20
25
2
28
16
13
14
9
20
6
4
26
28
13
16
22
1
29
17
5
29
1
26
20
0
30
27
14
25
24
15
25
25
24
16
19
26
18
30
21
29
28
3
8
2
0
0
12
18
5
2
28
13
1
27
12
9
24
12
11
4
18
4
3
28
5
12
31
6
11
18
10
20
25
2
28
16
13
14
9
20
6
4
26
28
13
16
22
1
29
17
5
29
1
26
20
0
30
27
14
25
24
15
25
25
24
16
19
26
18
30
21
29
28
3
8
2
0
0
12
18
5
2
28
13
1
27
12
9
24
12
11
4
18
4
3
28
5
12
31
6
11
18
10
20
25
2
28
16
13
14
9
20
6
4
26
28
13
16
22
1
29
17
5
29
1
26
20
0
30
27
14
25
24
15
25
25
24
16
19
26
18
30
21
29
28
3
8
2
0
0
12
18
5
2
28
13
1
27
12
9
24
12
11
4
18
4
3
28
5
12
31
6
11
18
10
20
25
2
28
16
13
14
9
20
6
4
26
28
13
16
22
1
29
17
5
29
1
26
20
0
30
27
14
25
24
15
25
25
24
16
19
26
18
30
21
29
28
6
0
2
10
2
11
14
11
15
22
9
3
29
8
5
0
28
2
7
19
9
5
22
14
13
29
11
26
20
13
0
1
18
3
3
21
2
14
22
13
14
18
10
12
27
19
12
24
12
25
18
8
19
25
12
31
31
19
17
23
17
26
21
29
29
19
26
27
30
31
29
30
6
0
2
10
2
11
14
11
15
22
9
3
29
8
5
0
28
2
7
19
9
5
22
14
13
29
11
26
20
13
0
1
18
3
3
21
2
14
22
13
14
18
10
12
27
19
12
24
12
25
18
8
19
25
12
31
31
19
17
23
17
26
21
29
29
19
26
27
30
31
29
30
6
0
2
10
2
11
14
11
15
22
9
3
29
8
5
0
28
2
7
19
9
5
22
14
13
29
11
26
20
13
0
1
18
3
3
21
2
14
22
13
14
18
10
12
27
19
12
24
12
25
18
8
19
25
12
31
31
19
17
23
17
26
21
29
29
19
26
27
30
31
29
30
6
0
2
10
2
11
14
11
15
22
9
3
29
8
5
0
28
2
7
19
9
5
22
14
13
29
11
26
20
13
0
1
18
3
3
21
2
14
22
13
14
18
10
12
27
19
12
24
12
25
18
8
19
25
12
31
31
19
17
23
17
26
21
29
29
19
26
27
30
31
29
30
6
0
2
10
2
11
14
11
15
22
9
3
29
8
5
0
28
2
7
19
9
5
22
14
13
29
11
26
20
13
0
1
18
3
3
21
2
14
22
13
14
18
10
12
27
19
12
24
12
25
18
8
19
25
12
31
31
19
17
23
17
26
21
29
29
19
26
27
30
31
29
30
6
0
2
10
2
11
14
11
15
22
9
3
29
8
5
0
28
2
7
19
9
5
22
14
13
29
11
26
20
13
0
1
18
3
3
21
2
14
22
13
14
18
10
12
27
19
12
24
12
25
18
8
19
25
12
31
31
19
17
23
17
26
21
29
29
19
26
27
30
31
29
30
6
0
2
10
2
11
14
11
15
22
9
3
29
8
5
0
28
2
7
19
9
5
22
14
13
29
11
26
20
13
0
1
18
3
3
21
2
14
22
13
14
18
10
12
27
19
12
24
12
25
18
8
19
25
12
31
31
19
17
23
17
26
21
29
29
19
26
27
30
31
29
30
6
0
2
10
2
11
14
11
15
22
9
3
29
8
5
0
28
2
7
19
9
5
22
14
13
29
11
26
20
13
0
1
18
3
3
21
2
14
22
13
14
18
10
12
27
19
12
24
12
25
18
8
19
25
12
31
31
19
17
23
17
26
21
29
29
19
26
27
30
31
29
30
6
0
2
10
2
11
14
11
15
22
9
3
29
8
5
0
28
2
7
19
9
5
22
14
13
29
11
26
20
13
0
1
18
3
3
21
2
14
22
13
14
18
10
12
27
19
12
24
12
25
18
8
19
25
12
31
31
19
17
23
17
26
21
29
29
19
26
27
30
31
29
30
6
0
2
10
2
11
14
11
15
22
9
3
29
8
5
0
28
2
7
19
9
5
22
14
13
29
11
26
20
13
0
1
18
3
3
21
2
14
22
13
14
18
10
12
27
19
12
24
12
25
18
8
19
25
12
31
31
19
17
23
17
26
21
29
29
19
26
27
30
31
29
30
6
0
2
10
2
11
14
11
15
22
9
3
29
8
5
0
28
2
7
19
9
5
22
14
13
29
11
26
20
13
0
1
18
3
3
21
2
14
22
13
14
18
10
12
27
19
12
24
12
25
18
8
19
25
12
31
31
19
17
23
17
26
21
29
29
19
26
27
30
31
29
30
6
0
2
10
2
11
14
11
15
22
9
3
29
8
5
0
28
2
7
19
9
5
22
14
13
29
11
26
20
13
0
1
18
3
3
21
2
14
22
13
14
18
10
12
27
19
12
24
12
25
18
8
19
25
12
31
31
19
17
23
17
26
21
29
29
19
26
27
30
31
29
30
6778
4302
9071
1506
23401
14751
3518
31269
8593
50443
577
2565
17254
54880
15820
13391
33255
17188
28714
53322
17258
41143
58934
7802
36097
40539
26535
13812
7839
34658
27280
7749
39737
60972
28400
38957
41547
2511
50716
45420
15118
64760
54365
1205
64508
60611
28634
53637
8866
36967
40583
26345
33380
51808
22696
63513
55209
34483
40830
33216
37958
41198
44591
44881
45647
51947
32966
58439
57935
34194
57369
63897
6778
4302
9071
1506
23401
14751
3518
31269
8593
50443
577
2565
17254
54880
15820
13391
33255
17188
28714
53322
17258
41143
58934
7802
36097
40539
26535
13812
7839
34658
27280
7749
39737
60972
28400
38957
41547
2511
50716
45420
15118
64760
54365
1205
64508
60611
28634
53637
8866
36967
40583
26345
33380
51808
22696
63513
55209
34483
40830
33216
37958
41198
44591
44881
45647
51947
32966
58439
57935
34194
57369
63897
6778
4302
9071
1506
23401
14751
3518
31269
8593
50443
577
2565
17254
54880
15820
13391
33255
17188
28714
53322
17258
41143
58934
7802
36097
40539
26535
13812
7839
34658
27280
7749
39737
60972
28400
38957
41547
2511
50716
45420
15118
64760
54365
1205
64508
60611
28634
53637
8866
36967
40583
26345
33380
51808
22696
63513
55209
34483
40830
33216
37958
41198
44591
44881
45647
51947
32966
58439
57935
34194
57369
63897
6778
4302
9071
1506
23401
14751
3518
31269
8593
50443
577
2565
17254
54880
15820
13391
33255
17188
28714
53322
17258
41143
58934
7802
36097
40539
26535
13812
7839
34658
27280
7749
39737
60972
28400
38957
41547
2511
50716
45420
15118
64760
54365
1205
64508
60611
28634
53637
8866
36967
40583
26345
33380
51808
22696
63513
55209
34483
40830
33216
37958
41198
44591
44881
45647
51947
32966
58439
57935
34194
57369
63897
6778
4302
9071
1506
23401
14751
3518
31269
8593
50443
577
2565
17254
54880
15820
13391
33255
17188
28714
53322
17258
41143
58934
7802
36097
40539
26535
13812
7839
34658
27280
7749
39737
60972
28400
38957
41547
2511
50716
45420
15118
64760
54365
1205
64508
60611
28634
53637
8866
36967
40583
26345
33380
51808
22696
63513
55209
34483
40830
33216
37958
41198
44591
44881
45647
51947
32966
58439
57935
34194
57369
63897
6778
4302
9071
1506
23401
14751
3518
31269
8593
50443
577
2565
17254
54880
15820
13391
33255
17188
28714
53322
17258
41143
58934
7802
36097
40539
26535
13812
7839
34658
27280
7749
39737
60972
28400
38957
41547
2511
50716
45420
15118
64760
54365
1205
64508
60611
28634
53637
8866
36967
40583
26345
33380
51808
22696
63513
55209
34483
40830
33216
37958
41198
44591
44881
45647
51947
32966
58439
57935
34194
57369
63897
6778
4302
9071
1506
23401
14751
3518
31269
8593
50443
577
2565
17254
54880
15820
13391
33255
17188
28714
53322
17258
41143
58934
7802
36097
40539
26535
13812
7839
34658
27280
7749
39737
60972
28400
38957
41547
2511
50716
45420
15118
64760
54365
1205
64508
60611
28634
53637
8866
36967
40583
26345
33380
51808
22696
63513
55209
34483
40830
33216
37958
41198
44591
44881
45647
51947
32966
58439
57935
34194
57369
63897
6778
4302
9071
1506
23401
14751
3518
31269
8593
50443
577
2565
17254
54880
15820
13391
33255
17188
28714
53322
17258
41143
58934
7802
36097
40539
26535
13812
7839
34658
27280
7749
39737
60972
28400
38957
41547
2511
50716
45420
15118
64760
54365
1205
64508
60611
28634
53637
8866
36967
40583
26345
33380
51808
22696
63513
55209
34483
40830
33216
37958
41198
44591
44881
45647
51947
32966
58439
57935
34194
57369
63897
6778
4302
9071
1506
23401
14751
3518
31269
8593
50443
577
2565
17254
54880
15820
13391
33255
17188
28714
53322
17258
41143
58934
7802
36097
40539
26535
13812
7839
34658
27280
7749
39737
60972
28400
38957
41547
2511
50716
45420
15118
64760
54365
1205
64508
60611
28634
53637
8866
36967
40583
26345
33380
51808
22696
63513
55209
34483
40830
33216
37958
41198
44591
44881
45647
51947
32966
58439
57935
34194
57369
63897
6778
4302
9071
1506
23401
14751
3518
31269
8593
50443
577
2565
17254
54880
15820
13391
33255
17188
28714
53322
17258
41143
58934
7802
36097
40539
26535
13812
7839
34658
27280
7749
39737
60972
28400
38957
41547
2511
50716
45420
15118
64760
54365
1205
64508
60611
28634
53637
8866
36967
40583
26345
33380
51808
22696
63513
55209
34483
40830
33216
37958
41198
44591
44881
45647
51947
32966
58439
57935
34194
57369
63897
6778
4302
9071
1506
23401
14751
3518
31269
8593
50443
577
2565
17254
54880
15820
13391
33255
17188
28714
53322
17258
41143
58934
7802
36097
40539
26535
13812
7839
34658
27280
7749
39737
60972
28400
38957
41547
2511
50716
45420
15118
64760
54365
1205
64508
60611
28634
53637
8866
36967
40583
26345
33380
51808
22696
63513
55209
34483
40830
33216
37958
41198
44591
44881
45647
51947
32966
58439
57935
34194
57369
63897
6778
4302
9071
1506
23401
14751
3518
31269
8593
50443
577
2565
17254
54880
15820
13391
33255
17188
28714
53322
17258
41143
58934
7802
36097
40539
26535
13812
7839
34658
27280
7749
39737
60972
28400
38957
41547
2511
50716
45420
15118
64760
54365
1205
64508
60611
28634
53637
8866
36967
40583
26345
33380
51808
22696
63513
55209
34483
40830
33216
37958
41198
44591
44881
45647
51947
32966
58439
57935
34194
57369
63897
10
3
3
6
8
1
2
11
15
25
12
4
21
7
15
17
11
8
12
17
3
9
16
6
15
23
15
11
29
11
15
28
13
22
24
4
31
22
13
4
2
17
10
5
18
15
12
30
24
0
28
18
15
24
20
14
28
26
14
26
8
31
22
13
19
29
13
29
29
18
28
31
10
3
3
6
8
1
2
11
15
25
12
4
21
7
15
17
11
8
12
17
3
9
16
6
15
23
15
11
29
11
15
28
13
22
24
4
31
22
13
4
2
17
10
5
18
15
12
30
24
0
28
18
15
24
20
14
28
26
14
26
8
31
22
13
19
29
13
29
29
18
28
31
10
3
3
6
8
1
2
11
15
25
12
4
21
7
15
17
11
8
12
17
3
9
16
6
15
23
15
11
29
11
15
28
13
22
24
4
31
22
13
4
2
17
10
5
18
15
12
30
24
0
28
18
15
24
20
14
28
26
14
26
8
31
22
13
19
29
13
29
29
18
28
31
10
3
3
6
8
1
2
11
15
25
12
4
21
7
15
17
11
8
12
17
3
9
16
6
15
23
15
11
29
11
15
28
13
22
24
4
31
22
13
4
2
17
10
5
18
15
12
30
24
0
28
18
15
24
20
14
28
26
14
26
8
31
22
13
19
29
13
29
29
18
28
31
10
3
3
6
8
1
2
11
15
25
12
4
21
7
15
17
11
8
12
17
3
9
16
6
15
23
15
11
29
11
15
28
13
22
24
4
31
22
13
4
2
17
10
5
18
15
12
30
24
0
28
18
15
24
20
14
28
26
14
26
8
31
22
13
19
29
13
29
29
18
28
31
10
3
3
6
8
1
2
11
15
25
12
4
21
7
15
17
11
8
12
17
3
9
16
6
15
23
15
11
29
11
15
28
13
22
24
4
31
22
13
4
2
17
10
5
18
15
12
30
24
0
28
18
15
24
20
14
28
26
14
26
8
31
22
13
19
29
13
29
29
18
28
31
10
3
3
6
8
1
2
11
15
25
12
4
21
7
15
17
11
8
12
17
3
9
16
6
15
23
15
11
29
11
15
28
13
22
24
4
31
22
13
4
2
17
10
5
18
15
12
30
24
0
28
18
15
24
20
14
28
26
14
26
8
31
22
13
19
29
13
29
29
18
28
31
10
3
3
6
8
1
2
11
15
25
12
4
21
7
15
17
11
8
12
17
3
9
16
6
15
23
15
11
29
11
15
28
13
22
24
4
31
22
13
4
2
17
10
5
18
15
12
30
24
0
28
18
15
24
20
14
28
26
14
26
8
31
22
13
19
29
13
29
29
18
28
31
10
3
3
6
8
1
2
11
15
25
12
4
21
7
15
17
11
8
12
17
3
9
16
6
15
23
15
11
29
11
15
28
13
22
24
4
31
22
13
4
2
17
10
5
18
15
12
30
24
0
28
18
15
24
20
14
28
26
14
26
8
31
22
13
19
29
13
29
29
18
28
31
10
3
3
6
8
1
2
11
15
25
12
4
21
7
15
17
11
8
12
17
3
9
16
6
15
23
15
11
29
11
15
28
13
22
24
4
31
22
13
4
2
17
10
5
18
15
12
30
24
0
28
18
15
24
20
14
28
26
14
26
8
31
22
13
19
29
13
29
29
18
28
31
10
3
3
6
8
1
2
11
15
25
12
4
21
7
15
17
11
8
12
17
3
9
16
6
15
23
15
11
29
11
15
28
13
22
24
4
31
22
13
4
2
17
10
5
18
15
12
30
24
0
28
18
15
24
20
14
28
26
14
26
8
31
22
13
19
29
13
29
29
18
28
31
10
3
3
6
8
1
2
11
15
25
12
4
21
7
15
17
11
8
12
17
3
9
16
6
15
23
15
11
29
11
15
28
13
22
24
4
31
22
13
4
2
17
10
5
18
15
12
30
24
0
28
18
15
24
20
14
28
26
14
26
8
31
22
13
19
29
13
29
29
18
28
31
2
13
15
23
0
0
28
1
1
28
9
0
29
14
6
20
9
13
27
15
11
25
15
13
4
19
7
7
27
7
13
30
5
14
18
9
13
20
15
11
28
12
21
16
10
27
27
10
14
4
21
14
15
22
0
1
26
6
9
31
11
19
21
5
26
22
16
17
16
29
19
31
2
13
15
23
0
0
28
1
1
28
9
0
29
14
6
20
9
13
27
15
11
25
15
13
4
19
7
7
27
7
13
30
5
14
18
9
13
20
15
11
28
12
21
16
10
27
27
10
14
4
21
14
15
22
0
1
26
6
9
31
11
19
21
5
26
22
16
17
16
29
19
31
2
13
15
23
0
0
28
1
1
28
9
0
29
14
6
20
9
13
27
15
11
25
15
13
4
19
7
7
27
7
13
30
5
14
18
9
13
20
15
11
28
12
21
16
10
27
27
10
14
4
21
14
15
22
0
1
26
6
9
31
11
19
21
5
26
22
16
17
16
29
19
31
2
13
15
23
0
0
28
1
1
28
9
0
29
14
6
20
9
13
27
15
11
25
15
13
4
19
7
7
27
7
13
30
5
14
18
9
13
20
15
11
28
12
21
16
10
27
27
10
14
4
21
14
15
22
0
1
26
6
9
31
11
19
21
5
26
22
16
17
16
29
19
31
2
13
15
23
0
0
28
1
1
28
9
0
29
14
6
20
9
13
27
15
11
25
15
13
4
19
7
7
27
7
13
30
5
14
18
9
13
20
15
11
28
12
21
16
10
27
27
10
14
4
21
14
15
22
0
1
26
6
9
31
11
19
21
5
26
22
16
17
16
29
19
31
2
13
15
23
0
0
28
1
1
28
9
0
29
14
6
20
9
13
27
15
11
25
15
13
4
19
7
7
27
7
13
30
5
14
18
9
13
20
15
11
28
12
21
16
10
27
27
10
14
4
21
14
15
22
0
1
26
6
9
31
11
19
21
5
26
22
16
17
16
29
19
31
2
13
15
23
0
0
28
1
1
28
9
0
29
14
6
20
9
13
27
15
11
25
15
13
4
19
7
7
27
7
13
30
5
14
18
9
13
20
15
11
28
12
21
16
10
27
27
10
14
4
21
14
15
22
0
1
26
6
9
31
11
19
21
5
26
22
16
17
16
29
19
31
2
13
15
23
0
0
28
1
1
28
9
0
29
14
6
20
9
13
27
15
11
25
15
13
4
19
7
7
27
7
13
30
5
14
18
9
13
20
15
11
28
12
21
16
10
27
27
10
14
4
21
14
15
22
0
1
26
6
9
31
11
19
21
5
26
22
16
17
16
29
19
31
2
13
15
23
0
0
28
1
1
28
9
0
29
14
6
20
9
13
27
15
11
25
15
13
4
19
7
7
27
7
13
30
5
14
18
9
13
20
15
11
28
12
21
16
10
27
27
10
14
4
21
14
15
22
0
1
26
6
9
31
11
19
21
5
26
22
16
17
16
29
19
31
2
13
15
23
0
0
28
1
1
28
9
0
29
14
6
20
9
13
27
15
11
25
15
13
4
19
7
7
27
7
13
30
5
14
18
9
13
20
15
11
28
12
21
16
10
27
27
10
14
4
21
14
15
22
0
1
26
6
9
31
11
19
21
5
26
22
16
17
16
29
19
31
2
13
15
23
0
0
28
1
1
28
9
0
29
14
6
20
9
13
27
15
11
25
15
13
4
19
7
7
27
7
13
30
5
14
18
9
13
20
15
11
28
12
21
16
10
27
27
10
14
4
21
14
15
22
0
1
26
6
9
31
11
19
21
5
26
22
16
17
16
29
19
31
2
13
15
23
0
0
28
1
1
28
9
0
29
14
6
20
9
13
27
15
11
25
15
13
4
19
7
7
27
7
13
30
5
14
18
9
13
20
15
11
28
12
21
16
10
27
27
10
14
4
21
14
15
22
0
1
26
6
9
31
11
19
21
5
26
22
16
17
16
29
19
31
12182
15433
13425
18620
15149
539
25679
15687
4349
31377
26148
15336
25489
32022
12908
19901
4710
24514
24662
10006
22744
42399
19220
9858
41815
2001
18334
41993
14593
19251
54441
20800
28642
264
59658
25688
16528
59409
17281
49248
62944
14347
35003
35178
30968
924
12443
38458
20585
3209
41168
13535
29046
47636
7257
14881
65045
16741
27303
60338
37988
31820
61876
6553
52202
60669
1350
60108
57369
65533
64322
50228
12182
15433
13425
18620
15149
539
25679
15687
4349
31377
26148
15336
25489
32022
12908
19901
4710
24514
24662
10006
22744
42399
19220
9858
41815
2001
18334
41993
14593
19251
54441
20800
28642
264
59658
25688
16528
59409
17281
49248
62944
14347
35003
35178
30968
924
12443
38458
20585
3209
41168
13535
29046
47636
7257
14881
65045
16741
27303
60338
37988
31820
61876
6553
52202
60669
1350
60108
57369
65533
64322
50228
12182
15433
13425
18620
15149
539
25679
15687
4349
31377
26148
15336
25489
32022
12908
19901
4710
24514
24662
10006
22744
42399
19220
9858
41815
2001
18334
41993
14593
19251
54441
20800
28642
264
59658
25688
16528
59409
17281
49248
62944
14347
35003
35178
30968
924
12443
38458
20585
3209
41168
13535
29046
47636
7257
14881
65045
16741
27303
60338
37988
31820
61876
6553
52202
60669
1350
60108
57369
65533
64322
50228
12182
15433
13425
18620
15149
539
25679
15687
4349
31377
26148
15336
25489
32022
12908
19901
4710
24514
24662
10006
22744
42399
19220
9858
41815
2001
18334
41993
14593
19251
54441
20800
28642
264
59658
25688
16528
59409
17281
49248
62944
14347
35003
35178
30968
924
12443
38458
20585
3209
41168
13535
29046
47636
7257
14881
65045
16741
27303
60338
37988
31820
61876
6553
52202
60669
1350
60108
57369
65533
64322
50228
12182
15433
13425
18620
15149
539
25679
15687
4349
31377
26148
15336
25489
32022
12908
19901
4710
24514
24662
10006
22744
42399
19220
9858
41815
2001
18334
41993
14593
19251
54441
20800
28642
264
59658
25688
16528
59409
17281
49248
62944
14347
35003
35178
30968
924
12443
38458
20585
3209
41168
13535
29046
47636
7257
14881
65045
16741
27303
60338
37988
31820
61876
6553
52202
60669
1350
60108
57369
65533
64322
50228
12182
15433
13425
18620
15149
539
25679
15687
4349
31377
26148
15336
25489
32022
12908
19901
4710
24514
24662
10006
22744
42399
19220
9858
41815
2001
18334
41993
14593
19251
54441
20800
28642
264
59658
25688
16528
59409
17281
49248
62944
14347
35003
35178
30968
924
12443
38458
20585
3209
41168
13535
29046
47636
7257
14881
65045
16741
27303
60338
37988
31820
61876
6553
52202
60669
1350
60108
57369
65533
64322
50228
12182
15433
13425
18620
15149
539
25679
15687
4349
31377
26148
15336
25489
32022
12908
19901
4710
24514
24662
10006
22744
42399
19220
9858
41815
2001
18334
41993
14593
19251
54441
20800
28642
264
59658
25688
16528
59409
17281
49248
62944
14347
35003
35178
30968
924
12443
38458
20585
3209
41168
13535
29046
47636
7257
14881
65045
16741
27303
60338
37988
31820
61876
6553
52202
60669
1350
60108
57369
65533
64322
50228
12182
15433
13425
18620
15149
539
25679
15687
4349
31377
26148
15336
25489
32022
12908
19901
4710
24514
24662
10006
22744
42399
19220
9858
41815
2001
18334
41993
14593
19251
54441
20800
28642
264
59658
25688
16528
59409
17281
49248
62944
14347
35003
35178
30968
924
12443
38458
20585
3209
41168
13535
29046
47636
7257
14881
65045
16741
27303
60338
37988
31820
61876
6553
52202
60669
1350
60108
57369
65533
64322
50228
12182
15433
13425
18620
15149
539
25679
15687
4349
31377
26148
15336
25489
32022
12908
19901
4710
24514
24662
10006
22744
42399
19220
9858
41815
2001
18334
41993
14593
19251
54441
20800
28642
264
59658
25688
16528
59409
17281
49248
62944
14347
35003
35178
30968
924
12443
38458
20585
3209
41168
13535
29046
47636
7257
14881
65045
16741
27303
60338
37988
31820
61876
6553
52202
60669
1350
60108
57369
65533
64322
50228
12182
15433
13425
18620
15149
539
25679
15687
4349
31377
26148
15336
25489
32022
12908
19901
4710
24514
24662
10006
22744
42399
19220
9858
41815
2001
18334
41993
14593
19251
54441
20800
28642
264
59658
25688
16528
59409
17281
49248
62944
14347
35003
35178
30968
924
12443
38458
20585
3209
41168
13535
29046
47636
7257
14881
65045
16741
27303
60338
37988
31820
61876
6553
52202
60669
1350
60108
57369
65533
64322
50228
12182
15433
13425
18620
15149
539
25679
15687
4349
31377
26148
15336
25489
32022
12908
19901
4710
24514
24662
10006
22744
42399
19220
9858
41815
2001
18334
41993
14593
19251
54441
20800
28642
264
59658
25688
16528
59409
17281
49248
62944
14347
35003
35178
30968
924
12443
38458
20585
3209
41168
13535
29046
47636
7257
14881
65045
16741
27303
60338
37988
31820
61876
6553
52202
60669
1350
60108
57369
65533
64322
50228
12182
15433
13425
18620
15149
539
25679
15687
4349
31377
26148
15336
25489
32022
12908
19901
4710
24514
24662
10006
22744
42399
19220
9858
41815
2001
18334
41993
14593
19251
54441
20800
28642
264
59658
25688
16528
59409
17281
49248
62944
14347
35003
35178
30968
924
12443
38458
20585
3209
41168
13535
29046
47636
7257
14881
65045
16741
27303
60338
37988
31820
61876
6553
52202
60669
1350
60108
57369
65533
64322
50228
13
6
7
24
13
1
18
3
11
19
1
12
24
1
15
4
20
0
12
30
1
30
21
4
17
25
4
27
19
11
16
31
10
3
6
29
8
5
26
31
0
21
17
14
22
29
13
29
5
31
16
0
26
23
15
26
19
10
28
17
12
25
26
13
30
31
21
19
18
18
27
17
13
6
7
24
13
1
18
3
11
19
1
12
24
1
15
4
20
0
12
30
1
30
21
4
17
25
4
27
19
11
16
31
10
3
6
29
8
5
26
31
0
21
17
14
22
29
13
29
5
31
16
0
26
23
15
26
19
10
28
17
12
25
26
13
30
31
21
19
18
18
27
17
13
6
7
24
13
1
18
3
11
19
1
12
24
1
15
4
20
0
12
30
1
30
21
4
17
25
4
27
19
11
16
31
10
3
6
29
8
5
26
31
0
21
17
14
22
29
13
29
5
31
16
0
26
23
15
26
19
10
28
17
12
25
26
13
30
31
21
19
18
18
27
17
13
6
7
24
13
1
18
3
11
19
1
12
24
1
15
4
20
0
12
30
1
30
21
4
17
25
4
27
19
11
16
31
10
3
6
29
8
5
26
31
0
21
17
14
22
29
13
29
5
31
16
0
26
23
15
26
19
10
28
17
12
25
26
13
30
31
21
19
18
18
27
17
13
6
7
24
13
1
18
3
11
19
1
12
24
1
15
4
20
0
12
30
1
30
21
4
17
25
4
27
19
11
16
31
10
3
6
29
8
5
26
31
0
21
17
14
22
29
13
29
5
31
16
0
26
23
15
26
19
10
28
17
12
25
26
13
30
31
21
19
18
18
27
17
13
6
7
24
13
1
18
3
11
19
1
12
24
1
15
4
20
0
12
30
1
30
21
4
17
25
4
27
19
11
16
31
10
3
6
29
8
5
26
31
0
21
17
14
22
29
13
29
5
31
16
0
26
23
15
26
19
10
28
17
12
25
26
13
30
31
21
19
18
18
27
17
13
6
7
24
13
1
18
3
11
19
1
12
24
1
15
4
20
0
12
30
1
30
21
4
17
25
4
27
19
11
16
31
10
3
6
29
8
5
26
31
0
21
17
14
22
29
13
29
5
31
16
0
26
23
15
26
19
10
28
17
12
25
26
13
30
31
21
19
18
18
27
17
13
6
7
24
13
1
18
3
11
19
1
12
24
1
15
4
20
0
12
30
1
30
21
4
17
25
4
27
19
11
16
31
10
3
6
29
8
5
26
31
0
21
17
14
22
29
13
29
5
31
16
0
26
23
15
26
19
10
28
17
12
25
26
13
30
31
21
19
18
18
27
17
13
6
7
24
13
1
18
3
11
19
1
12
24
1
15
4
20
0
12
30
1
30
21
4
17
25
4
27
19
11
16
31
10
3
6
29
8
5
26
31
0
21
17
14
22
29
13
29
5
31
16
0
26
23
15
26
19
10
28
17
12
25
26
13
30
31
21
19
18
18
27
17
13
6
7
24
13
1
18
3
11
19
1
12
24
1
15
4
20
0
12
30
1
30
21
4
17
25
4
27
19
11
16
31
10
3
6
29
8
5
26
31
0
21
17
14
22
29
13
29
5
31
16
0
26
23
15
26
19
10
28
17
12
25
26
13
30
31
21
19
18
18
27
17
13
6
7
24
13
1
18
3
11
19
1
12
24
1
15
4
20
0
12
30
1
30
21
4
17
25
4
27
19
11
16
31
10
3
6
29
8
5
26
31
0
21
17
14
22
29
13
29
5
31
16
0
26
23
15
26
19
10
28
17
12
25
26
13
30
31
21
19
18
18
27
17
13
6
7
24
13
1
18
3
11
19
1
12
24
1
15
4
20
0
12
30
1
30
21
4
17
25
4
27
19
11
16
31
10
3
6
29
8
5
26
31
0
21
17
14
22
29
13
29
5
31
16
0
26
23
15
26
19
10
28
17
12
25
26
13
30
31
21
19
18
18
27
17
0
2
0
2
8
1
12
4
13
0
15
11
15
8
15
29
8
1
0
20
4
2
22
4
5
21
5
11
18
9
3
24
13
15
25
9
11
24
15
28
19
2
30
31
0
17
19
13
19
19
15
11
13
18
8
13
20
26
6
18
19
0
28
0
22
28
18
25
19
20
27
18
0
2
0
2
8
1
12
4
13
0
15
11
15
8
15
29
8
1
0
20
4
2
22
4
5
21
5
11
18
9
3
24
13
15
25
9
11
24
15
28
19
2
30
31
0
17
19
13
19
19
15
11
13
18
8
13
20
26
6
18
19
0
28
0
22
28
18
25
19
20
27
18
0
2
0
2
8
1
12
4
13
0
15
11
15
8
15
29
8
1
0
20
4
2
22
4
5
21
5
11
18
9
3
24
13
15
25
9
11
24
15
28
19
2
30
31
0
17
19
13
19
19
15
11
13
18
8
13
20
26
6
18
19
0
28
0
22
28
18
25
19
20
27
18
0
2
0
2
8
1
12
4
13
0
15
11
15
8
15
29
8
1
0
20
4
2
22
4
5
21
5
11
18
9
3
24
13
15
25
9
11
24
15
28
19
2
30
31
0
17
19
13
19
19
15
11
13
18
8
13
20
26
6
18
19
0
28
0
22
28
18
25
19
20
27
18
0
2
0
2
8
1
12
4
13
0
15
11
15
8
15
29
8
1
0
20
4
2
22
4
5
21
5
11
18
9
3
24
13
15
25
9
11
24
15
28
19
2
30
31
0
17
19
13
19
19
15
11
13
18
8
13
20
26
6
18
19
0
28
0
22
28
18
25
19
20
27
18
0
2
0
2
8
1
12
4
13
0
15
11
15
8
15
29
8
1
0
20
4
2
22
4
5
21
5
11
18
9
3
24
13
15
25
9
11
24
15
28
19
2
30
31
0
17
19
13
19
19
15
11
13
18
8
13
20
26
6
18
19
0
28
0
22
28
18
25
19
20
27
18
0
2
0
2
8
1
12
4
13
0
15
11
15
8
15
29
8
1
0
20
4
2
22
4
5
21
5
11
18
9
3
24
13
15
25
9
11
24
15
28
19
2
30
31
0
17
19
13
19
19
15
11
13
18
8
13
20
26
6
18
19
0
28
0
22
28
18
25
19
20
27
18
0
2
0
2
8
1
12
4
13
0
15
11
15
8
15
29
8
1
0
20
4
2
22
4
5
21
5
11
18
9
3
24
13
15
25
9
11
24
15
28
19
2
30
31
0
17
19
13
19
19
15
11
13
18
8
13
20
26
6
18
19
0
28
0
22
28
18
25
19
20
27
18
0
2
0
2
8
1
12
4
13
0
15
11
15
8
15
29
8
1
0
20
4
2
22
4
5
21
5
11
18
9
3
24
13
15
25
9
11
24
15
28
19
2
30
31
0
17
19
13
19
19
15
11
13
18
8
13
20
26
6
18
19
0
28
0
22
28
18
25
19
20
27
18
0
2
0
2
8
1
12
4
13
0
15
11
15
8
15
29
8
1
0
20
4
2
22
4
5
21
5
11
18
9
3
24
13
15
25
9
11
24
15
28
19
2
30
31
0
17
19
13
19
19
15
11
13
18
8
13
20
26
6
18
19
0
28
0
22
28
18
25
19
20
27
18
0
2
0
2
8
1
12
4
13
0
15
11
15
8
15
29
8
1
0
20
4
2
22
4
5
21
5
11
18
9
3
24
13
15
25
9
11
24
15
28
19
2
30
31
0
17
19
13
19
19
15
11
13
18
8
13
20
26
6
18
19
0
28
0
22
28
18
25
19
20
27
18
0
2
0
2
8
1
12
4
13
0
15
11
15
8
15
29
8
1
0
20
4
2
22
4
5
21
5
11
18
9
3
24
13
15
25
9
11
24
15
28
19
2
30
31
0
17
19
13
19
19
15
11
13
18
8
13
20
26
6
18
19
0
28
0
22
28
18
25
19
20
27
18
28706
22594
10354
1113
10769
16901
21107
13335
21439
27651
26139
25111
64877
11735
4172
50768
14300
10931
8315
57083
1926
15214
63128
10101
5767
44394
25264
51265
45457
22194
18953
9949
43984
3746
32319
52483
9507
31145
52506
65299
1581
43361
35366
19122
32935
29696
58600
45345
15007
44330
52976
13730
36169
63507
4198
59846
56725
24280
63077
56521
38704
40478
47778
54103
63281
48799
36289
44186
57667
52076
56314
61133
28706
22594
10354
1113
10769
16901
21107
13335
21439
27651
26139
25111
64877
11735
4172
50768
14300
10931
8315
57083
1926
15214
63128
10101
5767
44394
25264
51265
45457
22194
18953
9949
43984
3746
32319
52483
9507
31145
52506
65299
1581
43361
35366
19122
32935
29696
58600
45345
15007
44330
52976
13730
36169
63507
4198
59846
56725
24280
63077
56521
38704
40478
47778
54103
63281
48799
36289
44186
57667
52076
56314
61133
28706
22594
10354
1113
10769
16901
21107
13335
21439
27651
26139
25111
64877
11735
4172
50768
14300
10931
8315
57083
1926
15214
63128
10101
5767
44394
25264
51265
45457
22194
18953
9949
43984
3746
32319
52483
9507
31145
52506
65299
1581
43361
35366
19122
32935
29696
58600
45345
15007
44330
52976
13730
36169
63507
4198
59846
56725
24280
63077
56521
38704
40478
47778
54103
63281
48799
36289
44186
57667
52076
56314
61133
28706
22594
10354
1113
10769
16901
21107
13335
21439
27651
26139
25111
64877
11735
4172
50768
14300
10931
8315
57083
1926
15214
63128
10101
5767
44394
25264
51265
45457
22194
18953
9949
43984
3746
32319
52483
9507
31145
52506
65299
1581
43361
35366
19122
32935
29696
58600
45345
15007
44330
52976
13730
36169
63507
4198
59846
56725
24280
63077
56521
38704
40478
47778
54103
63281
48799
36289
44186
57667
52076
56314
61133
28706
22594
10354
1113
10769
16901
21107
13335
21439
27651
26139
25111
64877
11735
4172
50768
14300
10931
8315
57083
1926
15214
63128
10101
5767
44394
25264
51265
45457
22194
18953
9949
43984
3746
32319
52483
9507
31145
52506
65299
1581
43361
35366
19122
32935
29696
58600
45345
15007
44330
52976
13730
36169
63507
4198
59846
56725
24280
63077
56521
38704
40478
47778
54103
63281
48799
36289
44186
57667
52076
56314
61133
28706
22594
10354
1113
10769
16901
21107
13335
21439
27651
26139
25111
64877
11735
4172
50768
14300
10931
8315
57083
1926
15214
63128
10101
5767
44394
25264
51265
45457
22194
18953
9949
43984
3746
32319
52483
9507
31145
52506
65299
1581
43361
35366
19122
32935
29696
58600
45345
15007
44330
52976
13730
36169
63507
4198
59846
56725
24280
63077
56521
38704
40478
47778
54103
63281
48799
36289
44186
57667
52076
56314
61133
28706
22594
10354
1113
10769
16901
21107
13335
21439
27651
26139
25111
64877
11735
4172
50768
14300
10931
8315
57083
1926
15214
63128
10101
5767
44394
25264
51265
45457
22194
18953
9949
43984
3746
32319
52483
9507
31145
52506
65299
1581
43361
35366
19122
32935
29696
58600
45345
15007
44330
52976
13730
36169
63507
4198
59846
56725
24280
63077
56521
38704
40478
47778
54103
63281
48799
36289
44186
57667
52076
56314
61133
28706
22594
10354
1113
10769
16901
21107
13335
21439
27651
26139
25111
64877
11735
4172
50768
14300
10931
8315
57083
1926
15214
63128
10101
5767
44394
25264
51265
45457
22194
18953
9949
43984
3746
32319
52483
9507
31145
52506
65299
1581
43361
35366
19122
32935
29696
58600
45345
15007
44330
52976
13730
36169
63507
4198
59846
56725
24280
63077
56521
38704
40478
47778
54103
63281
48799
36289
44186
57667
52076
56314
61133
28706
22594
10354
1113
10769
16901
21107
13335
21439
27651
26139
25111
64877
11735
4172
50768
14300
10931
8315
57083
1926
15214
63128
10101
5767
44394
25264
51265
45457
22194
18953
9949
43984
3746
32319
52483
9507
31145
52506
65299
1581
43361
35366
19122
32935
29696
58600
45345
15007
44330
52976
13730
36169
63507
4198
59846
56725
24280
63077
56521
38704
40478
47778
54103
63281
48799
36289
44186
57667
52076
56314
61133
28706
22594
10354
1113
10769
16901
21107
13335
21439
27651
26139
25111
64877
11735
4172
50768
14300
10931
8315
57083
1926
15214
63128
10101
5767
44394
25264
51265
45457
22194
18953
9949
43984
3746
32319
52483
9507
31145
52506
65299
1581
43361
35366
19122
32935
29696
58600
45345
15007
44330
52976
13730
36169
63507
4198
59846
56725
24280
63077
56521
38704
40478
47778
54103
63281
48799
36289
44186
57667
52076
56314
61133
28706
22594
10354
1113
10769
16901
21107
13335
21439
27651
26139
25111
64877
11735
4172
50768
14300
10931
8315
57083
1926
15214
63128
10101
5767
44394
25264
51265
45457
22194
18953
9949
43984
3746
32319
52483
9507
31145
52506
65299
1581
43361
35366
19122
32935
29696
58600
45345
15007
44330
52976
13730
36169
63507
4198
59846
56725
24280
63077
56521
38704
40478
47778
54103
63281
48799
36289
44186
57667
52076
56314
61133
28706
22594
10354
1113
10769
16901
21107
13335
21439
27651
26139
25111
64877
11735
4172
50768
14300
10931
8315
57083
1926
15214
63128
10101
5767
44394
25264
51265
45457
22194
18953
9949
43984
3746
32319
52483
9507
31145
52506
65299
1581
43361
35366
19122
32935
29696
58600
45345
15007
44330
52976
13730
36169
63507
4198
59846
56725
24280
63077
56521
38704
40478
47778
54103
63281
48799
36289
44186
57667
52076
56314
61133
7
7
4
8
10
6
7
14
13
17
7
0
25
2
12
29
2
15
2
18
3
6
20
2
9
30
3
1
22
12
15
21
15
31
22
8
28
17
14
30
16
15
2
10
24
2
11
24
19
5
20
17
5
22
27
9
20
21
7
24
31
5
31
5
25
23
5
31
29
19
28
17
7
7
4
8
10
6
7
14
13
17
7
0
25
2
12
29
2
15
2
18
3
6
20
2
9
30
3
1
22
12
15
21
15
31
22
8
28
17
14
30
16
15
2
10
24
2
11
24
19
5
20
17
5
22
27
9
20
21
7
24
31
5
31
5
25
23
5
31
29
19
28
17
7
7
4
8
10
6
7
14
13
17
7
0
25
2
12
29
2
15
2
18
3
6
20
2
9
30
3
1
22
12
15
21
15
31
22
8
28
17
14
30
16
15
2
10
24
2
11
24
19
5
20
17
5
22
27
9
20
21
7
24
31
5
31
5
25
23
5
31
29
19
28
17
7
7
4
8
10
6
7
14
13
17
7
0
25
2
12
29
2
15
2
18
3
6
20
2
9
30
3
1
22
12
15
21
15
31
22
8
28
17
14
30
16
15
2
10
24
2
11
24
19
5
20
17
5
22
27
9
20
21
7
24
31
5
31
5
25
23
5
31
29
19
28
17
7
7
4
8
10
6
7
14
13
17
7
0
25
2
12
29
2
15
2
18
3
6
20
2
9
30
3
1
22
12
15
21
15
31
22
8
28
17
14
30
16
15
2
10
24
2
11
24
19
5
20
17
5
22
27
9
20
21
7
24
31
5
31
5
25
23
5
31
29
19
28
17
7
7
4
8
10
6
7
14
13
17
7
0
25
2
12
29
2
15
2
18
3
6
20
2
9
30
3
1
22
12
15
21
15
31
22
8
28
17
14
30
16
15
2
10
24
2
11
24
19
5
20
17
5
22
27
9
20
21
7
24
31
5
31
5
25
23
5
31
29
19
28
17
7
7
4
8
10
6
7
14
13
17
7
0
25
2
12
29
2
15
2
18
3
6
20
2
9
30
3
1
22
12
15
21
15
31
22
8
28
17
14
30
16
15
2
10
24
2
11
24
19
5
20
17
5
22
27
9
20
21
7
24
31
5
31
5
25
23
5
31
29
19
28
17
7
7
4
8
10
6
7
14
13
17
7
0
25
2
12
29
2
15
2
18
3
6
20
2
9
30
3
1
22
12
15
21
15
31
22
8
28
17
14
30
16
15
2
10
24
2
11
24
19
5
20
17
5
22
27
9
20
21
7
24
31
5
31
5
25
23
5
31
29
19
28
17
7
7
4
8
10
6
7
14
13
17
7
0
25
2
12
29
2
15
2
18
3
6
20
2
9
30
3
1
22
12
15
21
15
31
22
8
28
17
14
30
16
15
2
10
24
2
11
24
19
5
20
17
5
22
27
9
20
21
7
24
31
5
31
5
25
23
5
31
29
19
28
17
7
7
4
8
10
6
7
14
13
17
7
0
25
2
12
29
2
15
2
18
3
6
20
2
9
30
3
1
22
12
15
21
15
31
22
8
28
17
14
30
16
15
2
10
24
2
11
24
19
5
20
17
5
22
27
9
20
21
7
24
31
5
31
5
25
23
5
31
29
19
28
17
7
7
4
8
10
6
7
14
13
17
7
0
25
2
12
29
2
15
2
18
3
6
20
2
9
30
3
1
22
12
15
21
15
31
22
8
28
17
14
30
16
15
2
10
24
2
11
24
19
5
20
17
5
22
27
9
20
21
7
24
31
5
31
5
25
23
5
31
29
19
28
17
7
7
4
8
10
6
7
14
13
17
7
0
25
2
12
29
2
15
2
18
3
6
20
2
9
30
3
1
22
12
15
21
15
31
22
8
28
17
14
30
16
15
2
10
24
2
11
24
19
5
20
17
5
22
27
9
20
21
7
24
31
5
31
5
25
23
5
31
29
19
28
17
27
13
2
25
11
13
3
20
2
14
27
6
11
29
5
11
17
8
8
17
14
9
25
10
17
20
4
26
20
0
23
27
3
17
31
4
9
8
18
14
15
19
11
0
31
1
15
26
17
3
22
21
7
22
5
22
16
3
21
30
8
25
29
22
27
24
21
29
29
28
27
27
27
13
2
25
11
13
3
20
2
14
27
6
11
29
5
11
17
8
8
17
14
9
25
10
17
20
4
26
20
0
23
27
3
17
31
4
9
8
18
14
15
19
11
0
31
1
15
26
17
3
22
21
7
22
5
22
16
3
21
30
8
25
29
22
27
24
21
29
29
28
27
27
27
13
2
25
11
13
3
20
2
14
27
6
11
29
5
11
17
8
8
17
14
9
25
10
17
20
4
26
20
0
23
27
3
17
31
4
9
8
18
14
15
19
11
0
31
1
15
26
17
3
22
21
7
22
5
22
16
3
21
30
8
25
29
22
27
24
21
29
29
28
27
27
27
13
2
25
11
13
3
20
2
14
27
6
11
29
5
11
17
8
8
17
14
9
25
10
17
20
4
26
20
0
23
27
3
17
31
4
9
8
18
14
15
19
11
0
31
1
15
26
17
3
22
21
7
22
5
22
16
3
21
30
8
25
29
22
27
24
21
29
29
28
27
27
27
13
2
25
11
13
3
20
2
14
27
6
11
29
5
11
17
8
8
17
14
9
25
10
17
20
4
26
20
0
23
27
3
17
31
4
9
8
18
14
15
19
11
0
31
1
15
26
17
3
22
21
7
22
5
22
16
3
21
30
8
25
29
22
27
24
21
29
29
28
27
27
27
13
2
25
11
13
3
20
2
14
27
6
11
29
5
11
17
8
8
17
14
9
25
10
17
20
4
26
20
0
23
27
3
17
31
4
9
8
18
14
15
19
11
0
31
1
15
26
17
3
22
21
7
22
5
22
16
3
21
30
8
25
29
22
27
24
21
29
29
28
27
27
27
13
2
25
11
13
3
20
2
14
27
6
11
29
5
11
17
8
8
17
14
9
25
10
17
20
4
26
20
0
23
27
3
17
31
4
9
8
18
14
15
19
11
0
31
1
15
26
17
3
22
21
7
22
5
22
16
3
21
30
8
25
29
22
27
24
21
29
29
28
27
27
27
13
2
25
11
13
3
20
2
14
27
6
11
29
5
11
17
8
8
17
14
9
25
10
17
20
4
26
20
0
23
27
3
17
31
4
9
8
18
14
15
19
11
0
31
1
15
26
17
3
22
21
7
22
5
22
16
3
21
30
8
25
29
22
27
24
21
29
29
28
27
27
27
13
2
25
11
13
3
20
2
14
27
6
11
29
5
11
17
8
8
17
14
9
25
10
17
20
4
26
20
0
23
27
3
17
31
4
9
8
18
14
15
19
11
0
31
1
15
26
17
3
22
21
7
22
5
22
16
3
21
30
8
25
29
22
27
24
21
29
29
28
27
27
27
13
2
25
11
13
3
20
2
14
27
6
11
29
5
11
17
8
8
17
14
9
25
10
17
20
4
26
20
0
23
27
3
17
31
4
9
8
18
14
15
19
11
0
31
1
15
26
17
3
22
21
7
22
5
22
16
3
21
30
8
25
29
22
27
24
21
29
29
28
27
27
27
13
2
25
11
13
3
20
2
14
27
6
11
29
5
11
17
8
8
17
14
9
25
10
17
20
4
26
20
0
23
27
3
17
31
4
9
8
18
14
15
19
11
0
31
1
15
26
17
3
22
21
7
22
5
22
16
3
21
30
8
25
29
22
27
24
21
29
29
28
27
27
27
13
2
25
11
13
3
20
2
14
27
6
11
29
5
11
17
8
8
17
14
9
25
10
17
20
4
26
20
0
23
27
3
17
31
4
9
8
18
14
15
19
11
0
31
1
15
26
17
3
22
21
7
22
5
22
16
3
21
30
8
25
29
22
27
24
21
29
29
28
27
27
12354
15010
24151
12441
26296
22133
12034
24540
31331
11807
32643
25020
19080
18973
29641
31173
32374
30474
55998
1163
16450
56936
12244
31371
22181
47944
4158
31531
38685
15219
22103
56635
11329
7257
63521
27025
33802
43394
9297
53309
46813
10992
41300
38678
21944
42623
56051
20358
1950
31761
57001
5395
29177
58714
55705
20586
35914
35282
28225
64221
18276
34026
53091
19472
38024
62881
15655
61597
55868
62318
51976
32926
12354
15010
24151
12441
26296
22133
12034
24540
31331
11807
32643
25020
19080
18973
29641
31173
32374
30474
55998
1163
16450
56936
12244
31371
22181
47944
4158
31531
38685
15219
22103
56635
11329
7257
63521
27025
33802
43394
9297
53309
46813
10992
41300
38678
21944
42623
56051
20358
1950
31761
57001
5395
29177
58714
55705
20586
35914
35282
28225
64221
18276
34026
53091
19472
38024
62881
15655
61597
55868
62318
51976
32926
12354
15010
24151
12441
26296
22133
12034
24540
31331
11807
32643
25020
19080
18973
29641
31173
32374
30474
55998
1163
16450
56936
12244
31371
22181
47944
4158
31531
38685
15219
22103
56635
11329
7257
63521
27025
33802
43394
9297
53309
46813
10992
41300
38678
21944
42623
56051
20358
1950
31761
57001
5395
29177
58714
55705
20586
35914
35282
28225
64221
18276
34026
53091
19472
38024
62881
15655
61597
55868
62318
51976
32926
12354
15010
24151
12441
26296
22133
12034
24540
31331
11807
32643
25020
19080
18973
29641
31173
32374
30474
55998
1163
16450
56936
12244
31371
22181
47944
4158
31531
38685
15219
22103
56635
11329
7257
63521
27025
33802
43394
9297
53309
46813
10992
41300
38678
21944
42623
56051
20358
1950
31761
57001
5395
29177
58714
55705
20586
35914
35282
28225
64221
18276
34026
53091
19472
38024
62881
15655
61597
55868
62318
51976
32926
12354
15010
24151
12441
26296
22133
12034
24540
31331
11807
32643
25020
19080
18973
29641
31173
32374
30474
55998
1163
16450
56936
12244
31371
22181
47944
4158
31531
38685
15219
22103
56635
11329
7257
63521
27025
33802
43394
9297
53309
46813
10992
41300
38678
21944
42623
56051
20358
1950
31761
57001
5395
29177
58714
55705
20586
35914
35282
28225
64221
18276
34026
53091
19472
38024
62881
15655
61597
55868
62318
51976
32926
12354
15010
24151
12441
26296
22133
12034
24540
31331
11807
32643
25020
19080
18973
29641
31173
32374
30474
55998
1163
16450
56936
12244
31371
22181
47944
4158
31531
38685
15219
22103
56635
11329
7257
63521
27025
33802
43394
9297
53309
46813
10992
41300
38678
21944
42623
56051
20358
1950
31761
57001
5395
29177
58714
55705
20586
35914
35282
28225
64221
18276
34026
53091
19472
38024
62881
15655
61597
55868
62318
51976
32926
12354
15010
24151
12441
26296
22133
12034
24540
31331
11807
32643
25020
19080
18973
29641
31173
32374
30474
55998
1163
16450
56936
12244
31371
22181
47944
4158
31531
38685
15219
22103
56635
11329
7257
63521
27025
33802
43394
9297
53309
46813
10992
41300
38678
21944
42623
56051
20358
1950
31761
57001
5395
29177
58714
55705
20586
35914
35282
28225
64221
18276
34026
53091
19472
38024
62881
15655
61597
55868
62318
51976
32926
12354
15010
24151
12441
26296
22133
12034
24540
31331
11807
32643
25020
19080
18973
29641
31173
32374
30474
55998
1163
16450
56936
12244
31371
22181
47944
4158
31531
38685
15219
22103
56635
11329
7257
63521
27025
33802
43394
9297
53309
46813
10992
41300
38678
21944
42623
56051
20358
1950
31761
57001
5395
29177
58714
55705
20586
35914
35282
28225
64221
18276
34026
53091
19472
38024
62881
15655
61597
55868
62318
51976
32926
12354
15010
24151
12441
26296
22133
12034
24540
31331
11807
32643
25020
19080
18973
29641
31173
32374
30474
55998
1163
16450
56936
12244
31371
22181
47944
4158
31531
38685
15219
22103
56635
11329
7257
63521
27025
33802
43394
9297
53309
46813
10992
41300
38678
21944
42623
56051
20358
1950
31761
57001
5395
29177
58714
55705
20586
35914
35282
28225
64221
18276
34026
53091
19472
38024
62881
15655
61597
55868
62318
51976
32926
12354
15010
24151
12441
26296
22133
12034
24540
31331
11807
32643
25020
19080
18973
29641
31173
32374
30474
55998
1163
16450
56936
12244
31371
22181
47944
4158
31531
38685
15219
22103
56635
11329
7257
63521
27025
33802
43394
9297
53309
46813
10992
41300
38678
21944
42623
56051
20358
1950
31761
57001
5395
29177
58714
55705
20586
35914
35282
28225
64221
18276
34026
53091
19472
38024
62881
15655
61597
55868
62318
51976
32926
12354
15010
24151
12441
26296
22133
12034
24540
31331
11807
32643
25020
19080
18973
29641
31173
32374
30474
55998
1163
16450
56936
12244
31371
22181
47944
4158
31531
38685
15219
22103
56635
11329
7257
63521
27025
33802
43394
9297
53309
46813
10992
41300
38678
21944
42623
56051
20358
1950
31761
57001
5395
29177
58714
55705
20586
35914
35282
28225
64221
18276
34026
53091
19472
38024
62881
15655
61597
55868
62318
51976
32926
12354
15010
24151
12441
26296
22133
12034
24540
31331
11807
32643
25020
19080
18973
29641
31173
32374
30474
55998
1163
16450
56936
12244
31371
22181
47944
4158
31531
38685
15219
22103
56635
11329
7257
63521
27025
33802
43394
9297
53309
46813
10992
41300
38678
21944
42623
56051
20358
1950
31761
57001
5395
29177
58714
55705
20586
35914
35282
28225
64221
18276
34026
53091
19472
38024
62881
15655
61597
55868
62318
51976
32926
9
5
7
7
15
1
13
7
15
21
2
0
26
6
0
17
11
6
31
12
11
12
21
3
1
30
9
6
29
13
23
28
0
30
28
0
23
26
15
11
2
29
7
11
31
0
14
30
27
12
25
10
17
16
0
29
20
11
28
16
13
29
20
3
28
30
18
21
19
21
31
19
9
5
7
7
15
1
13
7
15
21
2
0
26
6
0
17
11
6
31
12
11
12
21
3
1
30
9
6
29
13
23
28
0
30
28
0
23
26
15
11
2
29
7
11
31
0
14
30
27
12
25
10
17
16
0
29
20
11
28
16
13
29
20
3
28
30
18
21
19
21
31
19
9
5
7
7
15
1
13
7
15
21
2
0
26
6
0
17
11
6
31
12
11
12
21
3
1
30
9
6
29
13
23
28
0
30
28
0
23
26
15
11
2
29
7
11
31
0
14
30
27
12
25
10
17
16
0
29
20
11
28
16
13
29
20
3
28
30
18
21
19
21
31
19
9
5
7
7
15
1
13
7
15
21
2
0
26
6
0
17
11
6
31
12
11
12
21
3
1
30
9
6
29
13
23
28
0
30
28
0
23
26
15
11
2
29
7
11
31
0
14
30
27
12
25
10
17
16
0
29
20
11
28
16
13
29
20
3
28
30
18
21
19
21
31
19
9
5
7
7
15
1
13
7
15
21
2
0
26
6
0
17
11
6
31
12
11
12
21
3
1
30
9
6
29
13
23
28
0
30
28
0
23
26
15
11
2
29
7
11
31
0
14
30
27
12
25
10
17
16
0
29
20
11
28
16
13
29
20
3
28
30
18
21
19
21
31
19
9
5
7
7
15
1
13
7
15
21
2
0
26
6
0
17
11
6
31
12
11
12
21
3
1
30
9
6
29
13
23
28
0
30
28
0
23
26
15
11
2
29
7
11
31
0
14
30
27
12
25
10
17
16
0
29
20
11
28
16
13
29
20
3
28
30
18
21
19
21
31
19
9
5
7
7
15
1
13
7
15
21
2
0
26
6
0
17
11
6
31
12
11
12
21
3
1
30
9
6
29
13
23
28
0
30
28
0
23
26
15
11
2
29
7
11
31
0
14
30
27
12
25
10
17
16
0
29
20
11
28
16
13
29
20
3
28
30
18
21
19
21
31
19
9
5
7
7
15
1
13
7
15
21
2
0
26
6
0
17
11
6
31
12
11
12
21
3
1
30
9
6
29
13
23
28
0
30
28
0
23
26
15
11
2
29
7
11
31
0
14
30
27
12
25
10
17
16
0
29
20
11
28
16
13
29
20
3
28
30
18
21
19
21
31
19
9
5
7
7
15
1
13
7
15
21
2
0
26
6
0
17
11
6
31
12
11
12
21
3
1
30
9
6
29
13
23
28
0
30
28
0
23
26
15
11
2
29
7
11
31
0
14
30
27
12
25
10
17
16
0
29
20
11
28
16
13
29
20
3
28
30
18
21
19
21
31
19
9
5
7
7
15
1
13
7
15
21
2
0
26
6
0
17
11
6
31
12
11
12
21
3
1
30
9
6
29
13
23
28
0
30
28
0
23
26
15
11
2
29
7
11
31
0
14
30
27
12
25
10
17
16
0
29
20
11
28
16
13
29
20
3
28
30
18
21
19
21
31
19
9
5
7
7
15
1
13
7
15
21
2
0
26
6
0
17
11
6
31
12
11
12
21
3
1
30
9
6
29
13
23
28
0
30
28
0
23
26
15
11
2
29
7
11
31
0
14
30
27
12
25
10
17
16
0
29
20
11
28
16
13
29
20
3
28
30
18
21
19
21
31
19
9
5
7
7
15
1
13
7
15
21
2
0
26
6
0
17
11
6
31
12
11
12
21
3
1
30
9
6
29
13
23
28
0
30
28
0
23
26
15
11
2
29
7
11
31
0
14
30
27
12
25
10
17
16
0
29
20
11
28
16
13
29
20
3
28
30
18
21
19
21
31
19
9
2
7
11
4
14
12
5
14
16
9
7
24
13
15
5
26
0
5
20
11
9
21
10
22
20
8
30
28
13
6
3
18
12
13
16
6
7
31
12
1
30
4
28
20
7
30
29
14
29
28
16
20
22
16
22
22
16
30
22
23
22
26
22
22
30
25
18
24
31
29
26
9
2
7
11
4
14
12
5
14
16
9
7
24
13
15
5
26
0
5
20
11
9
21
10
22
20
8
30
28
13
6
3
18
12
13
16
6
7
31
12
1
30
4
28
20
7
30
29
14
29
28
16
20
22
16
22
22
16
30
22
23
22
26
22
22
30
25
18
24
31
29
26
9
2
7
11
4
14
12
5
14
16
9
7
24
13
15
5
26
0
5
20
11
9
21
10
22
20
8
30
28
13
6
3
18
12
13
16
6
7
31
12
1
30
4
28
20
7
30
29
14
29
28
16
20
22
16
22
22
16
30
22
23
22
26
22
22
30
25
18
24
31
29
26
9
2
7
11
4
14
12
5
14
16
9
7
24
13
15
5
26
0
5
20
11
9
21
10
22
20
8
30
28
13
6
3
18
12
13
16
6
7
31
12
1
30
4
28
20
7
30
29
14
29
28
16
20
22
16
22
22
16
30
22
23
22
26
22
22
30
25
18
24
31
29
26
9
2
7
11
4
14
12
5
14
16
9
7
24
13
15
5
26
0
5
20
11
9
21
10
22
20
8
30
28
13
6
3
18
12
13
16
6
7
31
12
1
30
4
28
20
7
30
29
14
29
28
16
20
22
16
22
22
16
30
22
23
22
26
22
22
30
25
18
24
31
29
26
9
2
7
11
4
14
12
5
14
16
9
7
24
13
15
5
26
0
5
20
11
9
21
10
22
20
8
30
28
13
6
3
18
12
13
16
6
7
31
12
1
30
4
28
20
7
30
29
14
29
28
16
20
22
16
22
22
16
30
22
23
22
26
22
22
30
25
18
24
31
29
26
9
2
7
11
4
14
12
5
14
16
9
7
24
13
15
5
26
0
5
20
11
9
21
10
22
20
8
30
28
13
6
3
18
12
13
16
6
7
31
12
1
30
4
28
20
7
30
29
14
29
28
16
20
22
16
22
22
16
30
22
23
22
26
22
22
30
25
18
24
31
29
26
9
2
7
11
4
14
12
5
14
16
9
7
24
13
15
5
26
0
5
20
11
9
21
10
22
20
8
30
28
13
6
3
18
12
13
16
6
7
31
12
1
30
4
28
20
7
30
29
14
29
28
16
20
22
16
22
22
16
30
22
23
22
26
22
22
30
25
18
24
31
29
26
9
2
7
11
4
14
12
5
14
16
9
7
24
13
15
5
26
0
5
20
11
9
21
10
22
20
8
30
28
13
6
3
18
12
13
16
6
7
31
12
1
30
4
28
20
7
30
29
14
29
28
16
20
22
16
22
22
16
30
22
23
22
26
22
22
30
25
18
24
31
29
26
9
2
7
11
4
14
12
5
14
16
9
7
24
13
15
5
26
0
5
20
11
9
21
10
22
20
8
30
28
13
6
3
18
12
13
16
6
7
31
12
1
30
4
28
20
7
30
29
14
29
28
16
20
22
16
22
22
16
30
22
23
22
26
22
22
30
25
18
24
31
29
26
9
2
7
11
4
14
12
5
14
16
9
7
24
13
15
5
26
0
5
20
11
9
21
10
22
20
8
30
28
13
6
3
18
12
13
16
6
7
31
12
1
30
4
28
20
7
30
29
14
29
28
16
20
22
16
22
22
16
30
22
23
22
26
22
22
30
25
18
24
31
29
26
9
2
7
11
4
14
12
5
14
16
9
7
24
13
15
5
26
0
5
20
11
9
21
10
22
20
8
30
28
13
6
3
18
12
13
16
6
7
31
12
1
30
4
28
20
7
30
29
14
29
28
16
20
22
16
22
22
16
30
22
23
22
26
22
22
30
25
18
24
31
29
26
12176
21967
11940
3392
13658
27568
17053
5464
22898
20872
8491
26025
57576
4393
843
59033
26900
3270
46370
6344
16633
57149
6595
23856
41986
23498
26621
31235
37943
6367
18663
41398
7029
2960
33159
31556
1375
61589
21044
14695
61653
32372
46382
43460
8087
38285
48614
23837
53697
39458
24470
63370
59109
16488
11320
26208
39596
32872
30568
62854
53753
30234
64118
19113
46716
49168
59506
48930
41180
46061
39370
64633
12176
21967
11940
3392
13658
27568
17053
5464
22898
20872
8491
26025
57576
4393
843
59033
26900
3270
46370
6344
16633
57149
6595
23856
41986
23498
26621
31235
37943
6367
18663
41398
7029
2960
33159
31556
1375
61589
21044
14695
61653
32372
46382
43460
8087
38285
48614
23837
53697
39458
24470
63370
59109
16488
11320
26208
39596
32872
30568
62854
53753
30234
64118
19113
46716
49168
59506
48930
41180
46061
39370
64633
12176
21967
11940
3392
13658
27568
17053
5464
22898
20872
8491
26025
57576
4393
843
59033
26900
3270
46370
6344
16633
57149
6595
23856
41986
23498
26621
31235
37943
6367
18663
41398
7029
2960
33159
31556
1375
61589
21044
14695
61653
32372
46382
43460
8087
38285
48614
23837
53697
39458
24470
63370
59109
16488
11320
26208
39596
32872
30568
62854
53753
30234
64118
19113
46716
49168
59506
48930
41180
46061
39370
64633
12176
21967
11940
3392
13658
27568
17053
5464
22898
20872
8491
26025
57576
4393
843
59033
26900
3270
46370
6344
16633
57149
6595
23856
41986
23498
26621
31235
37943
6367
18663
41398
7029
2960
33159
31556
1375
61589
21044
14695
61653
32372
46382
43460
8087
38285
48614
23837
53697
39458
24470
63370
59109
16488
11320
26208
39596
32872
30568
62854
53753
30234
64118
19113
46716
49168
59506
48930
41180
46061
39370
64633
12176
21967
11940
3392
13658
27568
17053
5464
22898
20872
8491
26025
57576
4393
843
59033
26900
3270
46370
6344
16633
57149
6595
23856
41986
23498
26621
31235
37943
6367
18663
41398
7029
2960
33159
31556
1375
61589
21044
14695
61653
32372
46382
43460
8087
38285
48614
23837
53697
39458
24470
63370
59109
16488
11320
26208
39596
32872
30568
62854
53753
30234
64118
19113
46716
49168
59506
48930
41180
46061
39370
64633
12176
21967
11940
3392
13658
27568
17053
5464
22898
20872
8491
26025
57576
4393
843
59033
26900
3270
46370
6344
16633
57149
6595
23856
41986
23498
26621
31235
37943
6367
18663
41398
7029
2960
33159
31556
1375
61589
21044
14695
61653
32372
46382
43460
8087
38285
48614
23837
53697
39458
24470
63370
59109
16488
11320
26208
39596
32872
30568
62854
53753
30234
64118
19113
46716
49168
59506
48930
41180
46061
39370
64633
12176
21967
11940
3392
13658
27568
17053
5464
22898
20872
8491
26025
57576
4393
843
59033
26900
3270
46370
6344
16633
57149
6595
23856
41986
23498
26621
31235
37943
6367
18663
41398
7029
2960
33159
31556
1375
61589
21044
14695
61653
32372
46382
43460
8087
38285
48614
23837
53697
39458
24470
63370
59109
16488
11320
26208
39596
32872
30568
62854
53753
30234
64118
19113
46716
49168
59506
48930
41180
46061
39370
64633
12176
21967
11940
3392
13658
27568
17053
5464
22898
20872
8491
26025
57576
4393
843
59033
26900
3270
46370
6344
16633
57149
6595
23856
41986
23498
26621
31235
37943
6367
18663
41398
7029
2960
33159
31556
1375
61589
21044
14695
61653
32372
46382
43460
8087
38285
48614
23837
53697
39458
24470
63370
59109
16488
11320
26208
39596
32872
30568
62854
53753
30234
64118
19113
46716
49168
59506
48930
41180
46061
39370
64633
12176
21967
11940
3392
13658
27568
17053
5464
22898
20872
8491
26025
57576
4393
843
59033
26900
3270
46370
6344
16633
57149
6595
23856
41986
23498
26621
31235
37943
6367
18663
41398
7029
2960
33159
31556
1375
61589
21044
14695
61653
32372
46382
43460
8087
38285
48614
23837
53697
39458
24470
63370
59109
16488
11320
26208
39596
32872
30568
62854
53753
30234
64118
19113
46716
49168
59506
48930
41180
46061
39370
64633
12176
21967
11940
3392
13658
27568
17053
5464
22898
20872
8491
26025
57576
4393
843
59033
26900
3270
46370
6344
16633
57149
6595
23856
41986
23498
26621
31235
37943
6367
18663
41398
7029
2960
33159
31556
1375
61589
21044
14695
61653
32372
46382
43460
8087
38285
48614
23837
53697
39458
24470
63370
59109
16488
11320
26208
39596
32872
30568
62854
53753
30234
64118
19113
46716
49168
59506
48930
41180
46061
39370
64633
12176
21967
11940
3392
13658
27568
17053
5464
22898
20872
8491
26025
57576
4393
843
59033
26900
3270
46370
6344
16633
57149
6595
23856
41986
23498
26621
31235
37943
6367
18663
41398
7029
2960
33159
31556
1375
61589
21044
14695
61653
32372
46382
43460
8087
38285
48614
23837
53697
39458
24470
63370
59109
16488
11320
26208
39596
32872
30568
62854
53753
30234
64118
19113
46716
49168
59506
48930
41180
46061
39370
64633
12176
21967
11940
3392
13658
27568
17053
5464
22898
20872
8491
26025
57576
4393
843
59033
26900
3270
46370
6344
16633
57149
6595
23856
41986
23498
26621
31235
37943
6367
18663
41398
7029
2960
33159
31556
1375
61589
21044
14695
61653
32372
46382
43460
8087
38285
48614
23837
53697
39458
24470
63370
59109
16488
11320
26208
39596
32872
30568
62854
53753
30234
64118
19113
46716
49168
59506
48930
41180
46061
39370
64633
10
7
3
13
7
4
5
4
11
6
5
10
8
15
15
22
0
4
18
6
5
20
11
3
22
10
7
6
23
4
3
22
10
0
29
12
15
28
13
22
31
0
11
3
18
10
4
22
8
13
30
22
15
17
24
3
26
2
22
23
5
30
21
15
19
24
16
16
31
20
24
29
10
7
3
13
7
4
5
4
11
6
5
10
8
15
15
22
0
4
18
6
5
20
11
3
22
10
7
6
23
4
3
22
10
0
29
12
15
28
13
22
31
0
11
3
18
10
4
22
8
13
30
22
15
17
24
3
26
2
22
23
5
30
21
15
19
24
16
16
31
20
24
29
10
7
3
13
7
4
5
4
11
6
5
10
8
15
15
22
0
4
18
6
5
20
11
3
22
10
7
6
23
4
3
22
10
0
29
12
15
28
13
22
31
0
11
3
18
10
4
22
8
13
30
22
15
17
24
3
26
2
22
23
5
30
21
15
19
24
16
16
31
20
24
29
10
7
3
13
7
4
5
4
11
6
5
10
8
15
15
22
0
4
18
6
5
20
11
3
22
10
7
6
23
4
3
22
10
0
29
12
15
28
13
22
31
0
11
3
18
10
4
22
8
13
30
22
15
17
24
3
26
2
22
23
5
30
21
15
19
24
16
16
31
20
24
29
10
7
3
13
7
4
5
4
11
6
5
10
8
15
15
22
0
4
18
6
5
20
11
3
22
10
7
6
23
4
3
22
10
0
29
12
15
28
13
22
31
0
11
3
18
10
4
22
8
13
30
22
15
17
24
3
26
2
22
23
5
30
21
15
19
24
16
16
31
20
24
29
10
7
3
13
7
4
5
4
11
6
5
10
8
15
15
22
0
4
18
6
5
20
11
3
22
10
7
6
23
4
3
22
10
0
29
12
15
28
13
22
31
0
11
3
18
10
4
22
8
13
30
22
15
17
24
3
26
2
22
23
5
30
21
15
19
24
16
16
31
20
24
29
10
7
3
13
7
4
5
4
11
6
5
10
8
15
15
22
0
4
18
6
5
20
11
3
22
10
7
6
23
4
3
22
10
0
29
12
15
28
13
22
31
0
11
3
18
10
4
22
8
13
30
22
15
17
24
3
26
2
22
23
5
30
21
15
19
24
16
16
31
20
24
29
10
7
3
13
7
4
5
4
11
6
5
10
8
15
15
22
0
4
18
6
5
20
11
3
22
10
7
6
23
4
3
22
10
0
29
12
15
28
13
22
31
0
11
3
18
10
4
22
8
13
30
22
15
17
24
3
26
2
22
23
5
30
21
15
19
24
16
16
31
20
24
29
10
7
3
13
7
4
5
4
11
6
5
10
8
15
15
22
0
4
18
6
5
20
11
3
22
10
7
6
23
4
3
22
10
0
29
12
15
28
13
22
31
0
11
3
18
10
4
22
8
13
30
22
15
17
24
3
26
2
22
23
5
30
21
15
19
24
16
16
31
20
24
29
10
7
3
13
7
4
5
4
11
6
5
10
8
15
15
22
0
4
18
6
5
20
11
3
22
10
7
6
23
4
3
22
10
0
29
12
15
28
13
22
31
0
11
3
18
10
4
22
8
13
30
22
15
17
24
3
26
2
22
23
5
30
21
15
19
24
16
16
31
20
24
29
10
7
3
13
7
4
5
4
11
6
5
10
8
15
15
22
0
4
18
6
5
20
11
3
22
10
7
6
23
4
3
22
10
0
29
12
15
28
13
22
31
0
11
3
18
10
4
22
8
13
30
22
15
17
24
3
26
2
22
23
5
30
21
15
19
24
16
16
31
20
24
29
10
7
3
13
7
4
5
4
11
6
5
10
8
15
15
22
0
4
18
6
5
20
11
3
22
10
7
6
23
4
3
22
10
0
29
12
15
28
13
22
31
0
11
3
18
10
4
22
8
13
30
22
15
17
24
3
26
2
22
23
5
30
21
15
19
24
16
16
31
20
24
29
3
6
12
23
0
1
19
15
7
26
10
6
24
4
13
5
19
5
4
22
13
9
21
11
25
18
3
5
0
16
10
5
17
6
14
23
1
9
31
28
0
18
24
13
17
24
15
23
31
7
28
8
30
17
3
21
29
24
21
17
29
23
16
30
28
19
25
27
24
28
31
24
3
6
12
23
0
1
19
15
7
26
10
6
24
4
13
5
19
5
4
22
13
9
21
11
25
18
3
5
0
16
10
5
17
6
14
23
1
9
31
28
0
18
24
13
17
24
15
23
31
7
28
8
30
17
3
21
29
24
21
17
29
23
16
30
28
19
25
27
24
28
31
24
3
6
12
23
0
1
19
15
7
26
10
6
24
4
13
5
19
5
4
22
13
9
21
11
25
18
3
5
0
16
10
5
17
6
14
23
1
9
31
28
0
18
24
13
17
24
15
23
31
7
28
8
30
17
3
21
29
24
21
17
29
23
16
30
28
19
25
27
24
28
31
24
3
6
12
23
0
1
19
15
7
26
10
6
24
4
13
5
19
5
4
22
13
9
21
11
25
18
3
5
0
16
10
5
17
6
14
23
1
9
31
28
0
18
24
13
17
24
15
23
31
7
28
8
30
17
3
21
29
24
21
17
29
23
16
30
28
19
25
27
24
28
31
24
3
6
12
23
0
1
19
15
7
26
10
6
24
4
13
5
19
5
4
22
13
9
21
11
25
18
3
5
0
16
10
5
17
6
14
23
1
9
31
28
0
18
24
13
17
24
15
23
31
7
28
8
30
17
3
21
29
24
21
17
29
23
16
30
28
19
25
27
24
28
31
24
3
6
12
23
0
1
19
15
7
26
10
6
24
4
13
5
19
5
4
22
13
9
21
11
25
18
3
5
0
16
10
5
17
6
14
23
1
9
31
28
0
18
24
13
17
24
15
23
31
7
28
8
30
17
3
21
29
24
21
17
29
23
16
30
28
19
25
27
24
28
31
24
3
6
12
23
0
1
19
15
7
26
10
6
24
4
13
5
19
5
4
22
13
9
21
11
25
18
3
5
0
16
10
5
17
6
14
23
1
9
31
28
0
18
24
13
17
24
15
23
31
7
28
8
30
17
3
21
29
24
21
17
29
23
16
30
28
19
25
27
24
28
31
24
3
6
12
23
0
1
19
15
7
26
10
6
24
4
13
5
19
5
4
22
13
9
21
11
25
18
3
5
0
16
10
5
17
6
14
23
1
9
31
28
0
18
24
13
17
24
15
23
31
7
28
8
30
17
3
21
29
24
21
17
29
23
16
30
28
19
25
27
24
28
31
24
3
6
12
23
0
1
19
15
7
26
10
6
24
4
13
5
19
5
4
22
13
9
21
11
25
18
3
5
0
16
10
5
17
6
14
23
1
9
31
28
0
18
24
13
17
24
15
23
31
7
28
8
30
17
3
21
29
24
21
17
29
23
16
30
28
19
25
27
24
28
31
24
3
6
12
23
0
1
19
15
7
26
10
6
24
4
13
5
19
5
4
22
13
9
21
11
25
18
3
5
0
16
10
5
17
6
14
23
1
9
31
28
0
18
24
13
17
24
15
23
31
7
28
8
30
17
3
21
29
24
21
17
29
23
16
30
28
19
25
27
24
28
31
24
3
6
12
23
0
1
19
15
7
26
10
6
24
4
13
5
19
5
4
22
13
9
21
11
25
18
3
5
0
16
10
5
17
6
14
23
1
9
31
28
0
18
24
13
17
24
15
23
31
7
28
8
30
17
3
21
29
24
21
17
29
23
16
30
28
19
25
27
24
28
31
24
3
6
12
23
0
1
19
15
7
26
10
6
24
4
13
5
19
5
4
22
13
9
21
11
25
18
3
5
0
16
10
5
17
6
14
23
1
9
31
28
0
18
24
13
17
24
15
23
31
7
28
8
30
17
3
21
29
24
21
17
29
23
16
30
28
19
25
27
24
28
31
24
5450
25056
16163
23065
32493
3408
32474
20647
10182
32452
22329
14295
165
32228
16415
1893
29739
23555
53081
26247
1930
3195
36515
7550
21624
38608
13309
31787
53267
7539
7896
32997
24740
36055
58894
13378
60150
38563
26446
57344
49088
27839
34185
54978
31727
46341
55599
25949
41993
9473
46859
45981
18874
36777
54808
27060
49767
14758
40533
42537
16554
44203
54578
8485
63527
65047
30755
62483
61755
55135
60209
50343
5450
25056
16163
23065
32493
3408
32474
20647
10182
32452
22329
14295
165
32228
16415
1893
29739
23555
53081
26247
1930
3195
36515
7550
21624
38608
13309
31787
53267
7539
7896
32997
24740
36055
58894
13378
60150
38563
26446
57344
49088
27839
34185
54978
31727
46341
55599
25949
41993
9473
46859
45981
18874
36777
54808
27060
49767
14758
40533
42537
16554
44203
54578
8485
63527
65047
30755
62483
61755
55135
60209
50343
5450
25056
16163
23065
32493
3408
32474
20647
10182
32452
22329
14295
165
32228
16415
1893
29739
23555
53081
26247
1930
3195
36515
7550
21624
38608
13309
31787
53267
7539
7896
32997
24740
36055
58894
13378
60150
38563
26446
57344
49088
27839
34185
54978
31727
46341
55599
25949
41993
9473
46859
45981
18874
36777
54808
27060
49767
14758
40533
42537
16554
44203
54578
8485
63527
65047
30755
62483
61755
55135
60209
50343
5450
25056
16163
23065
32493
3408
32474
20647
10182
32452
22329
14295
165
32228
16415
1893
29739
23555
53081
26247
1930
3195
36515
7550
21624
38608
13309
31787
53267
7539
7896
32997
24740
36055
58894
13378
60150
38563
26446
57344
49088
27839
34185
54978
31727
46341
55599
25949
41993
9473
46859
45981
18874
36777
54808
27060
49767
14758
40533
42537
16554
44203
54578
8485
63527
65047
30755
62483
61755
55135
60209
50343
5450
25056
16163
23065
32493
3408
32474
20647
10182
32452
22329
14295
165
32228
16415
1893
29739
23555
53081
26247
1930
3195
36515
7550
21624
38608
13309
31787
53267
7539
7896
32997
24740
36055
58894
13378
60150
38563
26446
57344
49088
27839
34185
54978
31727
46341
55599
25949
41993
9473
46859
45981
18874
36777
54808
27060
49767
14758
40533
42537
16554
44203
54578
8485
63527
65047
30755
62483
61755
55135
60209
50343
5450
25056
16163
23065
32493
3408
32474
20647
10182
32452
22329
14295
165
32228
16415
1893
29739
23555
53081
26247
1930
3195
36515
7550
21624
38608
13309
31787
53267
7539
7896
32997
24740
36055
58894
13378
60150
38563
26446
57344
49088
27839
34185
54978
31727
46341
55599
25949
41993
9473
46859
45981
18874
36777
54808
27060
49767
14758
40533
42537
16554
44203
54578
8485
63527
65047
30755
62483
61755
55135
60209
50343
5450
25056
16163
23065
32493
3408
32474
20647
10182
32452
22329
14295
165
32228
16415
1893
29739
23555
53081
26247
1930
3195
36515
7550
21624
38608
13309
31787
53267
7539
7896
32997
24740
36055
58894
13378
60150
38563
26446
57344
49088
27839
34185
54978
31727
46341
55599
25949
41993
9473
46859
45981
18874
36777
54808
27060
49767
14758
40533
42537
16554
44203
54578
8485
63527
65047
30755
62483
61755
55135
60209
50343
5450
25056
16163
23065
32493
3408
32474
20647
10182
32452
22329
14295
165
32228
16415
1893
29739
23555
53081
26247
1930
3195
36515
7550
21624
38608
13309
31787
53267
7539
7896
32997
24740
36055
58894
13378
60150
38563
26446
57344
49088
27839
34185
54978
31727
46341
55599
25949
41993
9473
46859
45981
18874
36777
54808
27060
49767
14758
40533
42537
16554
44203
54578
8485
63527
65047
30755
62483
61755
55135
60209
50343
5450
25056
16163
23065
32493
3408
32474
20647
10182
32452
22329
14295
165
32228
16415
1893
29739
23555
53081
26247
1930
3195
36515
7550
21624
38608
13309
31787
53267
7539
7896
32997
24740
36055
58894
13378
60150
38563
26446
57344
49088
27839
34185
54978
31727
46341
55599
25949
41993
9473
46859
45981
18874
36777
54808
27060
49767
14758
40533
42537
16554
44203
54578
8485
63527
65047
30755
62483
61755
55135
60209
50343
5450
25056
16163
23065
32493
3408
32474
20647
10182
32452
22329
14295
165
32228
16415
1893
29739
23555
53081
26247
1930
3195
36515
7550
21624
38608
13309
31787
53267
7539
7896
32997
24740
36055
58894
13378
60150
38563
26446
57344
49088
27839
34185
54978
31727
46341
55599
25949
41993
9473
46859
45981
18874
36777
54808
27060
49767
14758
40533
42537
16554
44203
54578
8485
63527
65047
30755
62483
61755
55135
60209
50343
5450
25056
16163
23065
32493
3408
32474
20647
10182
32452
22329
14295
165
32228
16415
1893
29739
23555
53081
26247
1930
3195
36515
7550
21624
38608
13309
31787
53267
7539
7896
32997
24740
36055
58894
13378
60150
38563
26446
57344
49088
27839
34185
54978
31727
46341
55599
25949
41993
9473
46859
45981
18874
36777
54808
27060
49767
14758
40533
42537
16554
44203
54578
8485
63527
65047
30755
62483
61755
55135
60209
50343
5450
25056
16163
23065
32493
3408
32474
20647
10182
32452
22329
14295
165
32228
16415
1893
29739
23555
53081
26247
1930
3195
36515
7550
21624
38608
13309
31787
53267
7539
7896
32997
24740
36055
58894
13378
60150
38563
26446
57344
49088
27839
34185
54978
31727
46341
55599
25949
41993
9473
46859
45981
18874
36777
54808
27060
49767
14758
40533
42537
16554
44203
54578
8485
63527
65047
30755
62483
61755
55135
60209
50343
3
3
0
1
13
5
13
9
3
14
7
15
6
13
9
17
0
7
31
6
5
23
6
12
10
25
2
22
16
10
3
10
18
3
11
19
2
14
26
16
7
16
31
2
16
28
15
17
28
13
18
23
7
25
16
11
28
12
22
22
11
30
23
12
27
25
14
29
25
22
16
30
3
3
0
1
13
5
13
9
3
14
7
15
6
13
9
17
0
7
31
6
5
23
6
12
10
25
2
22
16
10
3
10
18
3
11
19
2
14
26
16
7
16
31
2
16
28
15
17
28
13
18
23
7
25
16
11
28
12
22
22
11
30
23
12
27
25
14
29
25
22
16
30
3
3
0
1
13
5
13
9
3
14
7
15
6
13
9
17
0
7
31
6
5
23
6
12
10
25
2
22
16
10
3
10
18
3
11
19
2
14
26
16
7
16
31
2
16
28
15
17
28
13
18
23
7
25
16
11
28
12
22
22
11
30
23
12
27
25
14
29
25
22
16
30
3
3
0
1
13
5
13
9
3
14
7
15
6
13
9
17
0
7
31
6
5
23
6
12
10
25
2
22
16
10
3
10
18
3
11
19
2
14
26
16
7
16
31
2
16
28
15
17
28
13
18
23
7
25
16
11
28
12
22
22
11
30
23
12
27
25
14
29
25
22
16
30
3
3
0
1
13
5
13
9
3
14
7
15
6
13
9
17
0
7
31
6
5
23
6
12
10
25
2
22
16
10
3
10
18
3
11
19
2
14
26
16
7
16
31
2
16
28
15
17
28
13
18
23
7
25
16
11
28
12
22
22
11
30
23
12
27
25
14
29
25
22
16
30
3
3
0
1
13
5
13
9
3
14
7
15
6
13
9
17
0
7
31
6
5
23
6
12
10
25
2
22
16
10
3
10
18
3
11
19
2
14
26
16
7
16
31
2
16
28
15
17
28
13
18
23
7
25
16
11
28
12
22
22
11
30
23
12
27
25
14
29
25
22
16
30
3
3
0
1
13
5
13
9
3
14
7
15
6
13
9
17
0
7
31
6
5
23
6
12
10
25
2
22
16
10
3
10
18
3
11
19
2
14
26
16
7
16
31
2
16
28
15
17
28
13
18
23
7
25
16
11
28
12
22
22
11
30
23
12
27
25
14
29
25
22
16
30
3
3
0
1
13
5
13
9
3
14
7
15
6
13
9
17
0
7
31
6
5
23
6
12
10
25
2
22
16
10
3
10
18
3
11
19
2
14
26
16
7
16
31
2
16
28
15
17
28
13
18
23
7
25
16
11
28
12
22
22
11
30
23
12
27
25
14
29
25
22
16
30
3
3
0
1
13
5
13
9
3
14
7
15
6
13
9
17
0
7
31
6
5
23
6
12
10
25
2
22
16
10
3
10
18
3
11
19
2
14
26
16
7
16
31
2
16
28
15
17
28
13
18
23
7
25
16
11
28
12
22
22
11
30
23
12
27
25
14
29
25
22
16
30
3
3
0
1
13
5
13
9
3
14
7
15
6
13
9
17
0
7
31
6
5
23
6
12
10
25
2
22
16
10
3
10
18
3
11
19
2
14
26
16
7
16
31
2
16
28
15
17
28
13
18
23
7
25
16
11
28
12
22
22
11
30
23
12
27
25
14
29
25
22
16
30
3
3
0
1
13
5
13
9
3
14
7
15
6
13
9
17
0
7
31
6
5
23
6
12
10
25
2
22
16
10
3
10
18
3
11
19
2
14
26
16
7
16
31
2
16
28
15
17
28
13
18
23
7
25
16
11
28
12
22
22
11
30
23
12
27
25
14
29
25
22
16
30
3
3
0
1
13
5
13
9
3
14
7
15
6
13
9
17
0
7
31
6
5
23
6
12
10
25
2
22
16
10
3
10
18
3
11
19
2
14
26
16
7
16
31
2
16
28
15
17
28
13
18
23
7
25
16
11
28
12
22
22
11
30
23
12
27
25
14
29
25
22
16
30
0
1
2
0
7
2
5
7
4
15
14
1
27
11
0
25
11
3
25
11
5
30
9
7
4
19
14
0
27
8
20
27
6
31
27
3
30
25
5
19
21
11
19
18
13
31
20
12
21
29
8
11
9
23
6
14
24
27
6
16
8
16
22
27
16
18
18
31
21
25
31
18
0
1
2
0
7
2
5
7
4
15
14
1
27
11
0
25
11
3
25
11
5
30
9
7
4
19
14
0
27
8
20
27
6
31
27
3
30
25
5
19
21
11
19
18
13
31
20
12
21
29
8
11
9
23
6
14
24
27
6
16
8
16
22
27
16
18
18
31
21
25
31
18
0
1
2
0
7
2
5
7
4
15
14
1
27
11
0
25
11
3
25
11
5
30
9
7
4
19
14
0
27
8
20
27
6
31
27
3
30
25
5
19
21
11
19
18
13
31
20
12
21
29
8
11
9
23
6
14
24
27
6
16
8
16
22
27
16
18
18
31
21
25
31
18
0
1
2
0
7
2
5
7
4
15
14
1
27
11
0
25
11
3
25
11
5
30
9
7
4
19
14
0
27
8
20
27
6
31
27
3
30
25
5
19
21
11
19
18
13
31
20
12
21
29
8
11
9
23
6
14
24
27
6
16
8
16
22
27
16
18
18
31
21
25
31
18
0
1
2
0
7
2
5
7
4
15
14
1
27
11
0
25
11
3
25
11
5
30
9
7
4
19
14
0
27
8
20
27
6
31
27
3
30
25
5
19
21
11
19
18
13
31
20
12
21
29
8
11
9
23
6
14
24
27
6
16
8
16
22
27
16
18
18
31
21
25
31
18
0
1
2
0
7
2
5
7
4
15
14
1
27
11
0
25
11
3
25
11
5
30
9
7
4
19
14
0
27
8
20
27
6
31
27
3
30
25
5
19
21
11
19
18
13
31
20
12
21
29
8
11
9
23
6
14
24
27
6
16
8
16
22
27
16
18
18
31
21
25
31
18
0
1
2
0
7
2
5
7
4
15
14
1
27
11
0
25
11
3
25
11
5
30
9
7
4
19
14
0
27
8
20
27
6
31
27
3
30
25
5
19
21
11
19
18
13
31
20
12
21
29
8
11
9
23
6
14
24
27
6
16
8
16
22
27
16
18
18
31
21
25
31
18
0
1
2
0
7
2
5
7
4
15
14
1
27
11
0
25
11
3
25
11
5
30
9
7
4
19
14
0
27
8
20
27
6
31
27
3
30
25
5
19
21
11
19
18
13
31
20
12
21
29
8
11
9
23
6
14
24
27
6
16
8
16
22
27
16
18
18
31
21
25
31
18
0
1
2
0
7
2
5
7
4
15
14
1
27
11
0
25
11
3
25
11
5
30
9
7
4
19
14
0
27
8
20
27
6
31
27
3
30
25
5
19
21
11
19
18
13
31
20
12
21
29
8
11
9
23
6
14
24
27
6
16
8
16
22
27
16
18
18
31
21
25
31
18
0
1
2
0
7
2
5
7
4
15
14
1
27
11
0
25
11
3
25
11
5
30
9
7
4
19
14
0
27
8
20
27
6
31
27
3
30
25
5
19
21
11
19
18
13
31
20
12
21
29
8
11
9
23
6
14
24
27
6
16
8
16
22
27
16
18
18
31
21
25
31
18
0
1
2
0
7
2
5
7
4
15
14
1
27
11
0
25
11
3
25
11
5
30
9
7
4
19
14
0
27
8
20
27
6
31
27
3
30
25
5
19
21
11
19
18
13
31
20
12
21
29
8
11
9
23
6
14
24
27
6
16
8
16
22
27
16
18
18
31
21
25
31
18
0
1
2
0
7
2
5
7
4
15
14
1
27
11
0
25
11
3
25
11
5
30
9
7
4
19
14
0
27
8
20
27
6
31
27
3
30
25
5
19
21
11
19
18
13
31
20
12
21
29
8
11
9
23
6
14
24
27
6
16
8
16
22
27
16
18
18
31
21
25
31
18
12656
26898
8512
21659
32498
6799
52261
253
31164
49468
17854
27829
13065
55599
10077
19259
33133
25903
55909
43153
16256
51791
48667
16295
46149
61549
32461
19480
18560
44049
29726
22390
45656
25176
9884
51153
20738
24864
58338
55122
13436
36628
34980
25269
59696
14000
57565
33372
32044
52950
44235
7946
51124
57147
975
64008
58364
19170
58615
49918
52987
45990
52545
57509
43044
59508
43386
54952
50437
38995
64419
63636
12656
26898
8512
21659
32498
6799
52261
253
31164
49468
17854
27829
13065
55599
10077
19259
33133
25903
55909
43153
16256
51791
48667
16295
46149
61549
32461
19480
18560
44049
29726
22390
45656
25176
9884
51153
20738
24864
58338
55122
13436
36628
34980
25269
59696
14000
57565
33372
32044
52950
44235
7946
51124
57147
975
64008
58364
19170
58615
49918
52987
45990
52545
57509
43044
59508
43386
54952
50437
38995
64419
63636
12656
26898
8512
21659
32498
6799
52261
253
31164
49468
17854
27829
13065
55599
10077
19259
33133
25903
55909
43153
16256
51791
48667
16295
46149
61549
32461
19480
18560
44049
29726
22390
45656
25176
9884
51153
20738
24864
58338
55122
13436
36628
34980
25269
59696
14000
57565
33372
32044
52950
44235
7946
51124
57147
975
64008
58364
19170
58615
49918
52987
45990
52545
57509
43044
59508
43386
54952
50437
38995
64419
63636
12656
26898
8512
21659
32498
6799
52261
253
31164
49468
17854
27829
13065
55599
10077
19259
33133
25903
55909
43153
16256
51791
48667
16295
46149
61549
32461
19480
18560
44049
29726
22390
45656
25176
9884
51153
20738
24864
58338
55122
13436
36628
34980
25269
59696
14000
57565
33372
32044
52950
44235
7946
51124
57147
975
64008
58364
19170
58615
49918
52987
45990
52545
57509
43044
59508
43386
54952
50437
38995
64419
63636
12656
26898
8512
21659
32498
6799
52261
253
31164
49468
17854
27829
13065
55599
10077
19259
33133
25903
55909
43153
16256
51791
48667
16295
46149
61549
32461
19480
18560
44049
29726
22390
45656
25176
9884
51153
20738
24864
58338
55122
13436
36628
34980
25269
59696
14000
57565
33372
32044
52950
44235
7946
51124
57147
975
64008
58364
19170
58615
49918
52987
45990
52545
57509
43044
59508
43386
54952
50437
38995
64419
63636
12656
26898
8512
21659
32498
6799
52261
253
31164
49468
17854
27829
13065
55599
10077
19259
33133
25903
55909
43153
16256
51791
48667
16295
46149
61549
32461
19480
18560
44049
29726
22390
45656
25176
9884
51153
20738
24864
58338
55122
13436
36628
34980
25269
59696
14000
57565
33372
32044
52950
44235
7946
51124
57147
975
64008
58364
19170
58615
49918
52987
45990
52545
57509
43044
59508
43386
54952
50437
38995
64419
63636
12656
26898
8512
21659
32498
6799
52261
253
31164
49468
17854
27829
13065
55599
10077
19259
33133
25903
55909
43153
16256
51791
48667
16295
46149
61549
32461
19480
18560
44049
29726
22390
45656
25176
9884
51153
20738
24864
58338
55122
13436
36628
34980
25269
59696
14000
57565
33372
32044
52950
44235
7946
51124
57147
975
64008
58364
19170
58615
49918
52987
45990
52545
57509
43044
59508
43386
54952
50437
38995
64419
63636
12656
26898
8512
21659
32498
6799
52261
253
31164
49468
17854
27829
13065
55599
10077
19259
33133
25903
55909
43153
16256
51791
48667
16295
46149
61549
32461
19480
18560
44049
29726
22390
45656
25176
9884
51153
20738
24864
58338
55122
13436
36628
34980
25269
59696
14000
57565
33372
32044
52950
44235
7946
51124
57147
975
64008
58364
19170
58615
49918
52987
45990
52545
57509
43044
59508
43386
54952
50437
38995
64419
63636
12656
26898
8512
21659
32498
6799
52261
253
31164
49468
17854
27829
13065
55599
10077
19259
33133
25903
55909
43153
16256
51791
48667
16295
46149
61549
32461
19480
18560
44049
29726
22390
45656
25176
9884
51153
20738
24864
58338
55122
13436
36628
34980
25269
59696
14000
57565
33372
32044
52950
44235
7946
51124
57147
975
64008
58364
19170
58615
49918
52987
45990
52545
57509
43044
59508
43386
54952
50437
38995
64419
63636
12656
26898
8512
21659
32498
6799
52261
253
31164
49468
17854
27829
13065
55599
10077
19259
33133
25903
55909
43153
16256
51791
48667
16295
46149
61549
32461
19480
18560
44049
29726
22390
45656
25176
9884
51153
20738
24864
58338
55122
13436
36628
34980
25269
59696
14000
57565
33372
32044
52950
44235
7946
51124
57147
975
64008
58364
19170
58615
49918
52987
45990
52545
57509
43044
59508
43386
54952
50437
38995
64419
63636
12656
26898
8512
21659
32498
6799
52261
253
31164
49468
17854
27829
13065
55599
10077
19259
33133
25903
55909
43153
16256
51791
48667
16295
46149
61549
32461
19480
18560
44049
29726
22390
45656
25176
9884
51153
20738
24864
58338
55122
13436
36628
34980
25269
59696
14000
57565
33372
32044
52950
44235
7946
51124
57147
975
64008
58364
19170
58615
49918
52987
45990
52545
57509
43044
59508
43386
54952
50437
38995
64419
63636
12656
26898
8512
21659
32498
6799
52261
253
31164
49468
17854
27829
13065
55599
10077
19259
33133
25903
55909
43153
16256
51791
48667
16295
46149
61549
32461
19480
18560
44049
29726
22390
45656
25176
9884
51153
20738
24864
58338
55122
13436
36628
34980
25269
59696
14000
57565
33372
32044
52950
44235
7946
51124
57147
975
64008
58364
19170
58615
49918
52987
45990
52545
57509
43044
59508
43386
54952
50437
38995
64419
63636
11
4
14
15
12
11
29
13
6
19
2
15
1
21
10
1
17
12
23
16
7
27
19
0
30
20
4
16
27
8
24
24
8
1
3
17
5
6
17
5
7
29
4
10
30
19
2
18
19
10
18
26
3
26
25
5
26
11
16
28
26
29
19
20
31
26
27
27
28
30
31
28
11
4
14
15
12
11
29
13
6
19
2
15
1
21
10
1
17
12
23
16
7
27
19
0
30
20
4
16
27
8
24
24
8
1
3
17
5
6
17
5
7
29
4
10
30
19
2
18
19
10
18
26
3
26
25
5
26
11
16
28
26
29
19
20
31
26
27
27
28
30
31
28
11
4
14
15
12
11
29
13
6
19
2
15
1
21
10
1
17
12
23
16
7
27
19
0
30
20
4
16
27
8
24
24
8
1
3
17
5
6
17
5
7
29
4
10
30
19
2
18
19
10
18
26
3
26
25
5
26
11
16
28
26
29
19
20
31
26
27
27
28
30
31
28
11
4
14
15
12
11
29
13
6
19
2
15
1
21
10
1
17
12
23
16
7
27
19
0
30
20
4
16
27
8
24
24
8
1
3
17
5
6
17
5
7
29
4
10
30
19
2
18
19
10
18
26
3
26
25
5
26
11
16
28
26
29
19
20
31
26
27
27
28
30
31
28
11
4
14
15
12
11
29
13
6
19
2
15
1
21
10
1
17
12
23
16
7
27
19
0
30
20
4
16
27
8
24
24
8
1
3
17
5
6
17
5
7
29
4
10
30
19
2
18
19
10
18
26
3
26
25
5
26
11
16
28
26
29
19
20
31
26
27
27
28
30
31
28
11
4
14
15
12
11
29
13
6
19
2
15
1
21
10
1
17
12
23
16
7
27
19
0
30
20
4
16
27
8
24
24
8
1
3
17
5
6
17
5
7
29
4
10
30
19
2
18
19
10
18
26
3
26
25
5
26
11
16
28
26
29
19
20
31
26
27
27
28
30
31
28
11
4
14
15
12
11
29
13
6
19
2
15
1
21
10
1
17
12
23
16
7
27
19
0
30
20
4
16
27
8
24
24
8
1
3
17
5
6
17
5
7
29
4
10
30
19
2
18
19
10
18
26
3
26
25
5
26
11
16
28
26
29
19
20
31
26
27
27
28
30
31
28
11
4
14
15
12
11
29
13
6
19
2
15
1
21
10
1
17
12
23
16
7
27
19
0
30
20
4
16
27
8
24
24
8
1
3
17
5
6
17
5
7
29
4
10
30
19
2
18
19
10
18
26
3
26
25
5
26
11
16
28
26
29
19
20
31
26
27
27
28
30
31
28
11
4
14
15
12
11
29
13
6
19
2
15
1
21
10
1
17
12
23
16
7
27
19
0
30
20
4
16
27
8
24
24
8
1
3
17
5
6
17
5
7
29
4
10
30
19
2
18
19
10
18
26
3
26
25
5
26
11
16
28
26
29
19
20
31
26
27
27
28
30
31
28
11
4
14
15
12
11
29
13
6
19
2
15
1
21
10
1
17
12
23
16
7
27
19
0
30
20
4
16
27
8
24
24
8
1
3
17
5
6
17
5
7
29
4
10
30
19
2
18
19
10
18
26
3
26
25
5
26
11
16
28
26
29
19
20
31
26
27
27
28
30
31
28
11
4
14
15
12
11
29
13
6
19
2
15
1
21
10
1
17
12
23
16
7
27
19
0
30
20
4
16
27
8
24
24
8
1
3
17
5
6
17
5
7
29
4
10
30
19
2
18
19
10
18
26
3
26
25
5
26
11
16
28
26
29
19
20
31
26
27
27
28
30
31
28
11
4
14
15
12
11
29
13
6
19
2
15
1
21
10
1
17
12
23
16
7
27
19
0
30
20
4
16
27
8
24
24
8
1
3
17
5
6
17
5
7
29
4
10
30
19
2
18
19
10
18
26
3
26
25
5
26
11
16
28
26
29
19
20
31
26
27
27
28
30
31
28
2
7
6
16
0
1
23
0
6
16
6
4
18
9
6
29
13
4
28
4
11
31
5
15
30
9
12
29
11
14
12
16
11
2
30
13
19
25
0
12
5
24
0
11
29
28
14
20
16
11
27
19
14
27
3
21
20
13
18
17
13
28
25
9
26
29
10
29
28
24
19
19
2
7
6
16
0
1
23
0
6
16
6
4
18
9
6
29
13
4
28
4
11
31
5
15
30
9
12
29
11
14
12
16
11
2
30
13
19
25
0
12
5
24
0
11
29
28
14
20
16
11
27
19
14
27
3
21
20
13
18
17
13
28
25
9
26
29
10
29
28
24
19
19
2
7
6
16
0
1
23
0
6
16
6
4
18
9
6
29
13
4
28
4
11
31
5
15
30
9
12
29
11
14
12
16
11
2
30
13
19
25
0
12
5
24
0
11
29
28
14
20
16
11
27
19
14
27
3
21
20
13
18
17
13
28
25
9
26
29
10
29
28
24
19
19
2
7
6
16
0
1
23
0
6
16
6
4
18
9
6
29
13
4
28
4
11
31
5
15
30
9
12
29
11
14
12
16
11
2
30
13
19
25
0
12
5
24
0
11
29
28
14
20
16
11
27
19
14
27
3
21
20
13
18
17
13
28
25
9
26
29
10
29
28
24
19
19
2
7
6
16
0
1
23
0
6
16
6
4
18
9
6
29
13
4
28
4
11
31
5
15
30
9
12
29
11
14
12
16
11
2
30
13
19
25
0
12
5
24
0
11
29
28
14
20
16
11
27
19
14
27
3
21
20
13
18
17
13
28
25
9
26
29
10
29
28
24
19
19
2
7
6
16
0
1
23
0
6
16
6
4
18
9
6
29
13
4
28
4
11
31
5
15
30
9
12
29
11
14
12
16
11
2
30
13
19
25
0
12
5
24
0
11
29
28
14
20
16
11
27
19
14
27
3
21
20
13
18
17
13
28
25
9
26
29
10
29
28
24
19
19
2
7
6
16
0
1
23
0
6
16
6
4
18
9
6
29
13
4
28
4
11
31
5
15
30
9
12
29
11
14
12
16
11
2
30
13
19
25
0
12
5
24
0
11
29
28
14
20
16
11
27
19
14
27
3
21
20
13
18
17
13
28
25
9
26
29
10
29
28
24
19
19
2
7
6
16
0
1
23
0
6
16
6
4
18
9
6
29
13
4
28
4
11
31
5
15
30
9
12
29
11
14
12
16
11
2
30
13
19
25
0
12
5
24
0
11
29
28
14
20
16
11
27
19
14
27
3
21
20
13
18
17
13
28
25
9
26
29
10
29
28
24
19
19
2
7
6
16
0
1
23
0
6
16
6
4
18
9
6
29
13
4
28
4
11
31
5
15
30
9
12
29
11
14
12
16
11
2
30
13
19
25
0
12
5
24
0
11
29
28
14
20
16
11
27
19
14
27
3
21
20
13
18
17
13
28
25
9
26
29
10
29
28
24
19
19
2
7
6
16
0
1
23
0
6
16
6
4
18
9
6
29
13
4
28
4
11
31
5
15
30
9
12
29
11
14
12
16
11
2
30
13
19
25
0
12
5
24
0
11
29
28
14
20
16
11
27
19
14
27
3
21
20
13
18
17
13
28
25
9
26
29
10
29
28
24
19
19
2
7
6
16
0
1
23
0
6
16
6
4
18
9
6
29
13
4
28
4
11
31
5
15
30
9
12
29
11
14
12
16
11
2
30
13
19
25
0
12
5
24
0
11
29
28
14
20
16
11
27
19
14
27
3
21
20
13
18
17
13
28
25
9
26
29
10
29
28
24
19
19
2
7
6
16
0
1
23
0
6
16
6
4
18
9
6
29
13
4
28
4
11
31
5
15
30
9
12
29
11
14
12
16
11
2
30
13
19
25
0
12
5
24
0
11
29
28
14
20
16
11
27
19
14
27
3
21
20
13
18
17
13
28
25
9
26
29
10
29
28
24
19
19
54
10678
9317
11178
8573
10367
8282
29850
8435
62447
15816
15795
45832
27246
9018
64416
5719
18363
39180
20798
17948
46863
31137
20242
32144
33131
5801
14844
51343
27358
19009
62613
20028
42692
56457
11632
38186
48256
17913
41266
35568
32741
51495
39285
17159
7668
2255
45342
1650
27390
56235
55101
7635
36648
40813
24339
37229
54492
25717
35837
38353
12474
56923
3391
35557
45232
30118
36557
54928
62972
62743
41277
54
10678
9317
11178
8573
10367
8282
29850
8435
62447
15816
15795
45832
27246
9018
64416
5719
18363
39180
20798
17948
46863
31137
20242
32144
33131
5801
14844
51343
27358
19009
62613
20028
42692
56457
11632
38186
48256
17913
41266
35568
32741
51495
39285
17159
7668
2255
45342
1650
27390
56235
55101
7635
36648
40813
24339
37229
54492
25717
35837
38353
12474
56923
3391
35557
45232
30118
36557
54928
62972
62743
41277
54
10678
9317
11178
8573
10367
8282
29850
8435
62447
15816
15795
45832
27246
9018
64416
5719
18363
39180
20798
17948
46863
31137
20242
32144
33131
5801
14844
51343
27358
19009
62613
20028
42692
56457
11632
38186
48256
17913
41266
35568
32741
51495
39285
17159
7668
2255
45342
1650
27390
56235
55101
7635
36648
40813
24339
37229
54492
25717
35837
38353
12474
56923
3391
35557
45232
30118
36557
54928
62972
62743
41277
54
10678
9317
11178
8573
10367
8282
29850
8435
62447
15816
15795
45832
27246
9018
64416
5719
18363
39180
20798
17948
46863
31137
20242
32144
33131
5801
14844
51343
27358
19009
62613
20028
42692
56457
11632
38186
48256
17913
41266
35568
32741
51495
39285
17159
7668
2255
45342
1650
27390
56235
55101
7635
36648
40813
24339
37229
54492
25717
35837
38353
12474
56923
3391
35557
45232
30118
36557
54928
62972
62743
41277
54
10678
9317
11178
8573
10367
8282
29850
8435
62447
15816
15795
45832
27246
9018
64416
5719
18363
39180
20798
17948
46863
31137
20242
32144
33131
5801
14844
51343
27358
19009
62613
20028
42692
56457
11632
38186
48256
17913
41266
35568
32741
51495
39285
17159
7668
2255
45342
1650
27390
56235
55101
7635
36648
40813
24339
37229
54492
25717
35837
38353
12474
56923
3391
35557
45232
30118
36557
54928
62972
62743
41277
54
10678
9317
11178
8573
10367
8282
29850
8435
62447
15816
15795
45832
27246
9018
64416
5719
18363
39180
20798
17948
46863
31137
20242
32144
33131
5801
14844
51343
27358
19009
62613
20028
42692
56457
11632
38186
48256
17913
41266
35568
32741
51495
39285
17159
7668
2255
45342
1650
27390
56235
55101
7635
36648
40813
24339
37229
54492
25717
35837
38353
12474
56923
3391
35557
45232
30118
36557
54928
62972
62743
41277
54
10678
9317
11178
8573
10367
8282
29850
8435
62447
15816
15795
45832
27246
9018
64416
5719
18363
39180
20798
17948
46863
31137
20242
32144
33131
5801
14844
51343
27358
19009
62613
20028
42692
56457
11632
38186
48256
17913
41266
35568
32741
51495
39285
17159
7668
2255
45342
1650
27390
56235
55101
7635
36648
40813
24339
37229
54492
25717
35837
38353
12474
56923
3391
35557
45232
30118
36557
54928
62972
62743
41277
54
10678
9317
11178
8573
10367
8282
29850
8435
62447
15816
15795
45832
27246
9018
64416
5719
18363
39180
20798
17948
46863
31137
20242
32144
33131
5801
14844
51343
27358
19009
62613
20028
42692
56457
11632
38186
48256
17913
41266
35568
32741
51495
39285
17159
7668
2255
45342
1650
27390
56235
55101
7635
36648
40813
24339
37229
54492
25717
35837
38353
12474
56923
3391
35557
45232
30118
36557
54928
62972
62743
41277
54
10678
9317
11178
8573
10367
8282
29850
8435
62447
15816
15795
45832
27246
9018
64416
5719
18363
39180
20798
17948
46863
31137
20242
32144
33131
5801
14844
51343
27358
19009
62613
20028
42692
56457
11632
38186
48256
17913
41266
35568
32741
51495
39285
17159
7668
2255
45342
1650
27390
56235
55101
7635
36648
40813
24339
37229
54492
25717
35837
38353
12474
56923
3391
35557
45232
30118
36557
54928
62972
62743
41277
54
10678
9317
11178
8573
10367
8282
29850
8435
62447
15816
15795
45832
27246
9018
64416
5719
18363
39180
20798
17948
46863
31137
20242
32144
33131
5801
14844
51343
27358
19009
62613
20028
42692
56457
11632
38186
48256
17913
41266
35568
32741
51495
39285
17159
7668
2255
45342
1650
27390
56235
55101
7635
36648
40813
24339
37229
54492
25717
35837
38353
12474
56923
3391
35557
45232
30118
36557
54928
62972
62743
41277
54
10678
9317
11178
8573
10367
8282
29850
8435
62447
15816
15795
45832
27246
9018
64416
5719
18363
39180
20798
17948
46863
31137
20242
32144
33131
5801
14844
51343
27358
19009
62613
20028
42692
56457
11632
38186
48256
17913
41266
35568
32741
51495
39285
17159
7668
2255
45342
1650
27390
56235
55101
7635
36648
40813
24339
37229
54492
25717
35837
38353
12474
56923
3391
35557
45232
30118
36557
54928
62972
62743
41277
54
10678
9317
11178
8573
10367
8282
29850
8435
62447
15816
15795
45832
27246
9018
64416
5719
18363
39180
20798
17948
46863
31137
20242
32144
33131
5801
14844
51343
27358
19009
62613
20028
42692
56457
11632
38186
48256
17913
41266
35568
32741
51495
39285
17159
7668
2255
45342
1650
27390
56235
55101
7635
36648
40813
24339
37229
54492
25717
35837
38353
12474
56923
3391
35557
45232
30118
36557
54928
62972
62743
41277
0
13
0
4
13
4
9
5
9
21
15
15
24
11
15
28
13
14
13
17
8
14
16
14
10
25
9
15
7
17
10
1
21
7
14
18
5
12
20
10
15
20
28
0
22
29
6
24
18
11
26
30
13
25
24
9
28
0
27
20
12
29
18
2
22
31
7
23
28
5
27
24
0
13
0
4
13
4
9
5
9
21
15
15
24
11
15
28
13
14
13
17
8
14
16
14
10
25
9
15
7
17
10
1
21
7
14
18
5
12
20
10
15
20
28
0
22
29
6
24
18
11
26
30
13
25
24
9
28
0
27
20
12
29
18
2
22
31
7
23
28
5
27
24
0
13
0
4
13
4
9
5
9
21
15
15
24
11
15
28
13
14
13
17
8
14
16
14
10
25
9
15
7
17
10
1
21
7
14
18
5
12
20
10
15
20
28
0
22
29
6
24
18
11
26
30
13
25
24
9
28
0
27
20
12
29
18
2
22
31
7
23
28
5
27
24
0
13
0
4
13
4
9
5
9
21
15
15
24
11
15
28
13
14
13
17
8
14
16
14
10
25
9
15
7
17
10
1
21
7
14
18
5
12
20
10
15
20
28
0
22
29
6
24
18
11
26
30
13
25
24
9
28
0
27
20
12
29
18
2
22
31
7
23
28
5
27
24
0
13
0
4
13
4
9
5
9
21
15
15
24
11
15
28
13
14
13
17
8
14
16
14
10
25
9
15
7
17
10
1
21
7
14
18
5
12
20
10
15
20
28
0
22
29
6
24
18
11
26
30
13
25
24
9
28
0
27
20
12
29
18
2
22
31
7
23
28
5
27
24
0
13
0
4
13
4
9
5
9
21
15
15
24
11
15
28
13
14
13
17
8
14
16
14
10
25
9
15
7
17
10
1
21
7
14
18
5
12
20
10
15
20
28
0
22
29
6
24
18
11
26
30
13
25
24
9
28
0
27
20
12
29
18
2
22
31
7
23
28
5
27
24
0
13
0
4
13
4
9
5
9
21
15
15
24
11
15
28
13
14
13
17
8
14
16
14
10
25
9
15
7
17
10
1
21
7
14
18
5
12
20
10
15
20
28
0
22
29
6
24
18
11
26
30
13
25
24
9
28
0
27
20
12
29
18
2
22
31
7
23
28
5
27
24
0
13
0
4
13
4
9
5
9
21
15
15
24
11
15
28
13
14
13
17
8
14
16
14
10
25
9
15
7
17
10
1
21
7
14
18
5
12
20
10
15
20
28
0
22
29
6
24
18
11
26
30
13
25
24
9
28
0
27
20
12
29
18
2
22
31
7
23
28
5
27
24
0
13
0
4
13
4
9
5
9
21
15
15
24
11
15
28
13
14
13
17
8
14
16
14
10
25
9
15
7
17
10
1
21
7
14
18
5
12
20
10
15
20
28
0
22
29
6
24
18
11
26
30
13
25
24
9
28
0
27
20
12
29
18
2
22
31
7
23
28
5
27
24
0
13
0
4
13
4
9
5
9
21
15
15
24
11
15
28
13
14
13
17
8
14
16
14
10
25
9
15
7
17
10
1
21
7
14
18
5
12
20
10
15
20
28
0
22
29
6
24
18
11
26
30
13
25
24
9
28
0
27
20
12
29
18
2
22
31
7
23
28
5
27
24
0
13
0
4
13
4
9
5
9
21
15
15
24
11
15
28
13
14
13
17
8
14
16
14
10
25
9
15
7
17
10
1
21
7
14
18
5
12
20
10
15
20
28
0
22
29
6
24
18
11
26
30
13
25
24
9
28
0
27
20
12
29
18
2
22
31
7
23
28
5
27
24
0
13
0
4
13
4
9
5
9
21
15
15
24
11
15
28
13
14
13
17
8
14
16
14
10
25
9
15
7
17
10
1
21
7
14
18
5
12
20
10
15
20
28
0
22
29
6
24
18
11
26
30
13
25
24
9
28
0
27
20
12
29
18
2
22
31
7
23
28
5
27
24
5
4
6
10
8
15
28
3
1
29
9
12
2
24
2
6
29
10
19
18
4
18
24
2
20
30
5
31
22
11
5
11
21
8
10
16
4
12
31
13
10
28
19
4
18
18
3
20
26
1
23
31
1
24
3
19
22
3
23
27
15
16
31
26
19
17
20
29
16
31
17
24
5
4
6
10
8
15
28
3
1
29
9
12
2
24
2
6
29
10
19
18
4
18
24
2
20
30
5
31
22
11
5
11
21
8
10
16
4
12
31
13
10
28
19
4
18
18
3
20
26
1
23
31
1
24
3
19
22
3
23
27
15
16
31
26
19
17
20
29
16
31
17
24
5
4
6
10
8
15
28
3
1
29
9
12
2
24
2
6
29
10
19
18
4
18
24
2
20
30
5
31
22
11
5
11
21
8
10
16
4
12
31
13
10
28
19
4
18
18
3
20
26
1
23
31
1
24
3
19
22
3
23
27
15
16
31
26
19
17
20
29
16
31
17
24
5
4
6
10
8
15
28
3
1
29
9
12
2
24
2
6
29
10
19
18
4
18
24
2
20
30
5
31
22
11
5
11
21
8
10
16
4
12
31
13
10
28
19
4
18
18
3
20
26
1
23
31
1
24
3
19
22
3
23
27
15
16
31
26
19
17
20
29
16
31
17
24
5
4
6
10
8
15
28
3
1
29
9
12
2
24
2
6
29
10
19
18
4
18
24
2
20
30
5
31
22
11
5
11
21
8
10
16
4
12
31
13
10
28
19
4
18
18
3
20
26
1
23
31
1
24
3
19
22
3
23
27
15
16
31
26
19
17
20
29
16
31
17
24
5
4
6
10
8
15
28
3
1
29
9
12
2
24
2
6
29
10
19
18
4
18
24
2
20
30
5
31
22
11
5
11
21
8
10
16
4
12
31
13
10
28
19
4
18
18
3
20
26
1
23
31
1
24
3
19
22
3
23
27
15
16
31
26
19
17
20
29
16
31
17
24
5
4
6
10
8
15
28
3
1
29
9
12
2
24
2
6
29
10
19
18
4
18
24
2
20
30
5
31
22
11
5
11
21
8
10
16
4
12
31
13
10
28
19
4
18
18
3
20
26
1
23
31
1
24
3
19
22
3
23
27
15
16
31
26
19
17
20
29
16
31
17
24
5
4
6
10
8
15
28
3
1
29
9
12
2
24
2
6
29
10
19
18
4
18
24
2
20
30
5
31
22
11
5
11
21
8
10
16
4
12
31
13
10
28
19
4
18
18
3
20
26
1
23
31
1
24
3
19
22
3
23
27
15
16
31
26
19
17
20
29
16
31
17
24
5
4
6
10
8
15
28
3
1
29
9
12
2
24
2
6
29
10
19
18
4
18
24
2
20
30
5
31
22
11
5
11
21
8
10
16
4
12
31
13
10
28
19
4
18
18
3
20
26
1
23
31
1
24
3
19
22
3
23
27
15
16
31
26
19
17
20
29
16
31
17
24
5
4
6
10
8
15
28
3
1
29
9
12
2
24
2
6
29
10
19
18
4
18
24
2
20
30
5
31
22
11
5
11
21
8
10
16
4
12
31
13
10
28
19
4
18
18
3
20
26
1
23
31
1
24
3
19
22
3
23
27
15
16
31
26
19
17
20
29
16
31
17
24
5
4
6
10
8
15
28
3
1
29
9
12
2
24
2
6
29
10
19
18
4
18
24
2
20
30
5
31
22
11
5
11
21
8
10
16
4
12
31
13
10
28
19
4
18
18
3
20
26
1
23
31
1
24
3
19
22
3
23
27
15
16
31
26
19
17
20
29
16
31
17
24
5
4
6
10
8
15
28
3
1
29
9
12
2
24
2
6
29
10
19
18
4
18
24
2
20
30
5
31
22
11
5
11
21
8
10
16
4
12
31
13
10
28
19
4
18
18
3
20
26
1
23
31
1
24
3
19
22
3
23
27
15
16
31
26
19
17
20
29
16
31
17
24
10122
16197
635
12165
2202
21515
28498
12044
31826
38608
22013
3606
54829
17089
30212
30275
45167
11983
19920
50507
31745
50879
60658
27563
185
22264
40021
20488
31912
40529
5699
12975
49418
53037
19443
48036
53715
20144
45613
20968
39243
40121
24402
62828
45958
26723
61555
46419
7210
53394
53683
51961
33068
34606
53152
48703
34947
60348
43371
46329
34896
41280
65026
58721
35051
62778
56256
55415
49671
57726
59708
62958
10122
16197
635
12165
2202
21515
28498
12044
31826
38608
22013
3606
54829
17089
30212
30275
45167
11983
19920
50507
31745
50879
60658
27563
185
22264
40021
20488
31912
40529
5699
12975
49418
53037
19443
48036
53715
20144
45613
20968
39243
40121
24402
62828
45958
26723
61555
46419
7210
53394
53683
51961
33068
34606
53152
48703
34947
60348
43371
46329
34896
41280
65026
58721
35051
62778
56256
55415
49671
57726
59708
62958
10122
16197
635
12165
2202
21515
28498
12044
31826
38608
22013
3606
54829
17089
30212
30275
45167
11983
19920
50507
31745
50879
60658
27563
185
22264
40021
20488
31912
40529
5699
12975
49418
53037
19443
48036
53715
20144
45613
20968
39243
40121
24402
62828
45958
26723
61555
46419
7210
53394
53683
51961
33068
34606
53152
48703
34947
60348
43371
46329
34896
41280
65026
58721
35051
62778
56256
55415
49671
57726
59708
62958
10122
16197
635
12165
2202
21515
28498
12044
31826
38608
22013
3606
54829
17089
30212
30275
45167
11983
19920
50507
31745
50879
60658
27563
185
22264
40021
20488
31912
40529
5699
12975
49418
53037
19443
48036
53715
20144
45613
20968
39243
40121
24402
62828
45958
26723
61555
46419
7210
53394
53683
51961
33068
34606
53152
48703
34947
60348
43371
46329
34896
41280
65026
58721
35051
62778
56256
55415
49671
57726
59708
62958
10122
16197
635
12165
2202
21515
28498
12044
31826
38608
22013
3606
54829
17089
30212
30275
45167
11983
19920
50507
31745
50879
60658
27563
185
22264
40021
20488
31912
40529
5699
12975
49418
53037
19443
48036
53715
20144
45613
20968
39243
40121
24402
62828
45958
26723
61555
46419
7210
53394
53683
51961
33068
34606
53152
48703
34947
60348
43371
46329
34896
41280
65026
58721
35051
62778
56256
55415
49671
57726
59708
62958
10122
16197
635
12165
2202
21515
28498
12044
31826
38608
22013
3606
54829
17089
30212
30275
45167
11983
19920
50507
31745
50879
60658
27563
185
22264
40021
20488
31912
40529
5699
12975
49418
53037
19443
48036
53715
20144
45613
20968
39243
40121
24402
62828
45958
26723
61555
46419
7210
53394
53683
51961
33068
34606
53152
48703
34947
60348
43371
46329
34896
41280
65026
58721
35051
62778
56256
55415
49671
57726
59708
62958
10122
16197
635
12165
2202
21515
28498
12044
31826
38608
22013
3606
54829
17089
30212
30275
45167
11983
19920
50507
31745
50879
60658
27563
185
22264
40021
20488
31912
40529
5699
12975
49418
53037
19443
48036
53715
20144
45613
20968
39243
40121
24402
62828
45958
26723
61555
46419
7210
53394
53683
51961
33068
34606
53152
48703
34947
60348
43371
46329
34896
41280
65026
58721
35051
62778
56256
55415
49671
57726
59708
62958
10122
16197
635
12165
2202
21515
28498
12044
31826
38608
22013
3606
54829
17089
30212
30275
45167
11983
19920
50507
31745
50879
60658
27563
185
22264
40021
20488
31912
40529
5699
12975
49418
53037
19443
48036
53715
20144
45613
20968
39243
40121
24402
62828
45958
26723
61555
46419
7210
53394
53683
51961
33068
34606
53152
48703
34947
60348
43371
46329
34896
41280
65026
58721
35051
62778
56256
55415
49671
57726
59708
62958
10122
16197
635
12165
2202
21515
28498
12044
31826
38608
22013
3606
54829
17089
30212
30275
45167
11983
19920
50507
31745
50879
60658
27563
185
22264
40021
20488
31912
40529
5699
12975
49418
53037
19443
48036
53715
20144
45613
20968
39243
40121
24402
62828
45958
26723
61555
46419
7210
53394
53683
51961
33068
34606
53152
48703
34947
60348
43371
46329
34896
41280
65026
58721
35051
62778
56256
55415
49671
57726
59708
62958
10122
16197
635
12165
2202
21515
28498
12044
31826
38608
22013
3606
54829
17089
30212
30275
45167
11983
19920
50507
31745
50879
60658
27563
185
22264
40021
20488
31912
40529
5699
12975
49418
53037
19443
48036
53715
20144
45613
20968
39243
40121
24402
62828
45958
26723
61555
46419
7210
53394
53683
51961
33068
34606
53152
48703
34947
60348
43371
46329
34896
41280
65026
58721
35051
62778
56256
55415
49671
57726
59708
62958
10122
16197
635
12165
2202
21515
28498
12044
31826
38608
22013
3606
54829
17089
30212
30275
45167
11983
19920
50507
31745
50879
60658
27563
185
22264
40021
20488
31912
40529
5699
12975
49418
53037
19443
48036
53715
20144
45613
20968
39243
40121
24402
62828
45958
26723
61555
46419
7210
53394
53683
51961
33068
34606
53152
48703
34947
60348
43371
46329
34896
41280
65026
58721
35051
62778
56256
55415
49671
57726
59708
62958
10122
16197
635
12165
2202
21515
28498
12044
31826
38608
22013
3606
54829
17089
30212
30275
45167
11983
19920
50507
31745
50879
60658
27563
185
22264
40021
20488
31912
40529
5699
12975
49418
53037
19443
48036
53715
20144
45613
20968
39243
40121
24402
62828
45958
26723
61555
46419
7210
53394
53683
51961
33068
34606
53152
48703
34947
60348
43371
46329
34896
41280
65026
58721
35051
62778
56256
55415
49671
57726
59708
62958
2
2
6
4
4
15
13
6
9
14
8
14
14
15
13
25
6
4
22
15
1
27
15
5
0
18
5
2
19
7
1
27
8
29
19
0
28
20
8
30
30
13
11
13
23
9
6
28
25
5
17
16
11
24
21
13
26
1
29
18
11
28
24
20
22
27
20
19
28
19
27
24
2
2
6
4
4
15
13
6
9
14
8
14
14
15
13
25
6
4
22
15
1
27
15
5
0
18
5
2
19
7
1
27
8
29
19
0
28
20
8
30
30
13
11
13
23
9
6
28
25
5
17
16
11
24
21
13
26
1
29
18
11
28
24
20
22
27
20
19
28
19
27
24
2
2
6
4
4
15
13
6
9
14
8
14
14
15
13
25
6
4
22
15
1
27
15
5
0
18
5
2
19
7
1
27
8
29
19
0
28
20
8
30
30
13
11
13
23
9
6
28
25
5
17
16
11
24
21
13
26
1
29
18
11
28
24
20
22
27
20
19
28
19
27
24
2
2
6
4
4
15
13
6
9
14
8
14
14
15
13
25
6
4
22
15
1
27
15
5
0
18
5
2
19
7
1
27
8
29
19
0
28
20
8
30
30
13
11
13
23
9
6
28
25
5
17
16
11
24
21
13
26
1
29
18
11
28
24
20
22
27
20
19
28
19
27
24
2
2
6
4
4
15
13
6
9
14
8
14
14
15
13
25
6
4
22
15
1
27
15
5
0
18
5
2
19
7
1
27
8
29
19
0
28
20
8
30
30
13
11
13
23
9
6
28
25
5
17
16
11
24
21
13
26
1
29
18
11
28
24
20
22
27
20
19
28
19
27
24
2
2
6
4
4
15
13
6
9
14
8
14
14
15
13
25
6
4
22
15
1
27
15
5
0
18
5
2
19
7
1
27
8
29
19
0
28
20
8
30
30
13
11
13
23
9
6
28
25
5
17
16
11
24
21
13
26
1
29
18
11
28
24
20
22
27
20
19
28
19
27
24
2
2
6
4
4
15
13
6
9
14
8
14
14
15
13
25
6
4
22
15
1
27
15
5
0
18
5
2
19
7
1
27
8
29
19
0
28
20
8
30
30
13
11
13
23
9
6
28
25
5
17
16
11
24
21
13
26
1
29
18
11
28
24
20
22
27
20
19
28
19
27
24
2
2
6
4
4
15
13
6
9
14
8
14
14
15
13
25
6
4
22
15
1
27
15
5
0
18
5
2
19
7
1
27
8
29
19
0
28
20
8
30
30
13
11
13
23
9
6
28
25
5
17
16
11
24
21
13
26
1
29
18
11
28
24
20
22
27
20
19
28
19
27
24
2
2
6
4
4
15
13
6
9
14
8
14
14
15
13
25
6
4
22
15
1
27
15
5
0
18
5
2
19
7
1
27
8
29
19
0
28
20
8
30
30
13
11
13
23
9
6
28
25
5
17
16
11
24
21
13
26
1
29
18
11
28
24
20
22
27
20
19
28
19
27
24
2
2
6
4
4
15
13
6
9
14
8
14
14
15
13
25
6
4
22
15
1
27
15
5
0
18
5
2
19
7
1
27
8
29
19
0
28
20
8
30
30
13
11
13
23
9
6
28
25
5
17
16
11
24
21
13
26
1
29
18
11
28
24
20
22
27
20
19
28
19
27
24
2
2
6
4
4
15
13
6
9
14
8
14
14
15
13
25
6
4
22
15
1
27
15
5
0
18
5
2
19
7
1
27
8
29
19
0
28
20
8
30
30
13
11
13
23
9
6
28
25
5
17
16
11
24
21
13
26
1
29
18
11
28
24
20
22
27
20
19
28
19
27
24
2
2
6
4
4
15
13
6
9
14
8
14
14
15
13
25
6
4
22
15
1
27
15
5
0
18
5
2
19
7
1
27
8
29
19
0
28
20
8
30
30
13
11
13
23
9
6
28
25
5
17
16
11
24
21
13
26
1
29
18
11
28
24
20
22
27
20
19
28
19
27
24
15
4
4
5
3
10
20
4
11
14
19
0
14
18
4
22
31
14
25
27
9
9
2
19
4
9
25
11
15
27
10
15
30
14
12
31
17
4
18
21
13
16
23
6
24
26
7
30
17
12
27
20
8
28
12
20
22
0
31
24
25
20
22
20
20
27
20
19
29
27
22
28
15
4
4
5
3
10
20
4
11
14
19
0
14
18
4
22
31
14
25
27
9
9
2
19
4
9
25
11
15
27
10
15
30
14
12
31
17
4
18
21
13
16
23
6
24
26
7
30
17
12
27
20
8
28
12
20
22
0
31
24
25
20
22
20
20
27
20
19
29
27
22
28
15
4
4
5
3
10
20
4
11
14
19
0
14
18
4
22
31
14
25
27
9
9
2
19
4
9
25
11
15
27
10
15
30
14
12
31
17
4
18
21
13
16
23
6
24
26
7
30
17
12
27
20
8
28
12
20
22
0
31
24
25
20
22
20
20
27
20
19
29
27
22
28
15
4
4
5
3
10
20
4
11
14
19
0
14
18
4
22
31
14
25
27
9
9
2
19
4
9
25
11
15
27
10
15
30
14
12
31
17
4
18
21
13
16
23
6
24
26
7
30
17
12
27
20
8
28
12
20
22
0
31
24
25
20
22
20
20
27
20
19
29
27
22
28
15
4
4
5
3
10
20
4
11
14
19
0
14
18
4
22
31
14
25
27
9
9
2
19
4
9
25
11
15
27
10
15
30
14
12
31
17
4
18
21
13
16
23
6
24
26
7
30
17
12
27
20
8
28
12
20
22
0
31
24
25
20
22
20
20
27
20
19
29
27
22
28
15
4
4
5
3
10
20
4
11
14
19
0
14
18
4
22
31
14
25
27
9
9
2
19
4
9
25
11
15
27
10
15
30
14
12
31
17
4
18
21
13
16
23
6
24
26
7
30
17
12
27
20
8
28
12
20
22
0
31
24
25
20
22
20
20
27
20
19
29
27
22
28
15
4
4
5
3
10
20
4
11
14
19
0
14
18
4
22
31
14
25
27
9
9
2
19
4
9
25
11
15
27
10
15
30
14
12
31
17
4
18
21
13
16
23
6
24
26
7
30
17
12
27
20
8
28
12
20
22
0
31
24
25
20
22
20
20
27
20
19
29
27
22
28
15
4
4
5
3
10
20
4
11
14
19
0
14
18
4
22
31
14
25
27
9
9
2
19
4
9
25
11
15
27
10
15
30
14
12
31
17
4
18
21
13
16
23
6
24
26
7
30
17
12
27
20
8
28
12
20
22
0
31
24
25
20
22
20
20
27
20
19
29
27
22
28
15
4
4
5
3
10
20
4
11
14
19
0
14
18
4
22
31
14
25
27
9
9
2
19
4
9
25
11
15
27
10
15
30
14
12
31
17
4
18
21
13
16
23
6
24
26
7
30
17
12
27
20
8
28
12
20
22
0
31
24
25
20
22
20
20
27
20
19
29
27
22
28
15
4
4
5
3
10
20
4
11
14
19
0
14
18
4
22
31
14
25
27
9
9
2
19
4
9
25
11
15
27
10
15
30
14
12
31
17
4
18
21
13
16
23
6
24
26
7
30
17
12
27
20
8
28
12
20
22
0
31
24
25
20
22
20
20
27
20
19
29
27
22
28
15
4
4
5
3
10
20
4
11
14
19
0
14
18
4
22
31
14
25
27
9
9
2
19
4
9
25
11
15
27
10
15
30
14
12
31
17
4
18
21
13
16
23
6
24
26
7
30
17
12
27
20
8
28
12
20
22
0
31
24
25
20
22
20
20
27
20
19
29
27
22
28
15
4
4
5
3
10
20
4
11
14
19
0
14
18
4
22
31
14
25
27
9
9
2
19
4
9
25
11
15
27
10
15
30
14
12
31
17
4
18
21
13
16
23
6
24
26
7
30
17
12
27
20
8
28
12
20
22
0
31
24
25
20
22
20
20
27
20
19
29
27
22
28
17860
11343
23511
48209
13161
4943
61203
18957
14809
15260
57067
1430
12829
52025
4335
27808
56953
4997
10879
44011
23676
60982
48746
9110
45854
53752
29275
47958
58784
29291
31305
22781
44300
25916
4854
60755
45135
5871
48386
65002
16529
46672
59640
28969
46475
17122
57063
33946
3616
34876
57388
25960
45474
63041
5411
53705
55850
28824
53369
63385
49133
64466
48805
33449
40428
50647
52913
46444
63238
61676
44045
61973
17860
11343
23511
48209
13161
4943
61203
18957
14809
15260
57067
1430
12829
52025
4335
27808
56953
4997
10879
44011
23676
60982
48746
9110
45854
53752
29275
47958
58784
29291
31305
22781
44300
25916
4854
60755
45135
5871
48386
65002
16529
46672
59640
28969
46475
17122
57063
33946
3616
34876
57388
25960
45474
63041
5411
53705
55850
28824
53369
63385
49133
64466
48805
33449
40428
50647
52913
46444
63238
61676
44045
61973
17860
11343
23511
48209
13161
4943
61203
18957
14809
15260
57067
1430
12829
52025
4335
27808
56953
4997
10879
44011
23676
60982
48746
9110
45854
53752
29275
47958
58784
29291
31305
22781
44300
25916
4854
60755
45135
5871
48386
65002
16529
46672
59640
28969
46475
17122
57063
33946
3616
34876
57388
25960
45474
63041
5411
53705
55850
28824
53369
63385
49133
64466
48805
33449
40428
50647
52913
46444
63238
61676
44045
61973
17860
11343
23511
48209
13161
4943
61203
18957
14809
15260
57067
1430
12829
52025
4335
27808
56953
4997
10879
44011
23676
60982
48746
9110
45854
53752
29275
47958
58784
29291
31305
22781
44300
25916
4854
60755
45135
5871
48386
65002
16529
46672
59640
28969
46475
17122
57063
33946
3616
34876
57388
25960
45474
63041
5411
53705
55850
28824
53369
63385
49133
64466
48805
33449
40428
50647
52913
46444
63238
61676
44045
61973
17860
11343
23511
48209
13161
4943
61203
18957
14809
15260
57067
1430
12829
52025
4335
27808
56953
4997
10879
44011
23676
60982
48746
9110
45854
53752
29275
47958
58784
29291
31305
22781
44300
25916
4854
60755
45135
5871
48386
65002
16529
46672
59640
28969
46475
17122
57063
33946
3616
34876
57388
25960
45474
63041
5411
53705
55850
28824
53369
63385
49133
64466
48805
33449
40428
50647
52913
46444
63238
61676
44045
61973
17860
11343
23511
48209
13161
4943
61203
18957
14809
15260
57067
1430
12829
52025
4335
27808
56953
4997
10879
44011
23676
60982
48746
9110
45854
53752
29275
47958
58784
29291
31305
22781
44300
25916
4854
60755
45135
5871
48386
65002
16529
46672
59640
28969
46475
17122
57063
33946
3616
34876
57388
25960
45474
63041
5411
53705
55850
28824
53369
63385
49133
64466
48805
33449
40428
50647
52913
46444
63238
61676
44045
61973
17860
11343
23511
48209
13161
4943
61203
18957
14809
15260
57067
1430
12829
52025
4335
27808
56953
4997
10879
44011
23676
60982
48746
9110
45854
53752
29275
47958
58784
29291
31305
22781
44300
25916
4854
60755
45135
5871
48386
65002
16529
46672
59640
28969
46475
17122
57063
33946
3616
34876
57388
25960
45474
63041
5411
53705
55850
28824
53369
63385
49133
64466
48805
33449
40428
50647
52913
46444
63238
61676
44045
61973
17860
11343
23511
48209
13161
4943
61203
18957
14809
15260
57067
1430
12829
52025
4335
27808
56953
4997
10879
44011
23676
60982
48746
9110
45854
53752
29275
47958
58784
29291
31305
22781
44300
25916
4854
60755
45135
5871
48386
65002
16529
46672
59640
28969
46475
17122
57063
33946
3616
34876
57388
25960
45474
63041
5411
53705
55850
28824
53369
63385
49133
64466
48805
33449
40428
50647
52913
46444
63238
61676
44045
61973
17860
11343
23511
48209
13161
4943
61203
18957
14809
15260
57067
1430
12829
52025
4335
27808
56953
4997
10879
44011
23676
60982
48746
9110
45854
53752
29275
47958
58784
29291
31305
22781
44300
25916
4854
60755
45135
5871
48386
65002
16529
46672
59640
28969
46475
17122
57063
33946
3616
34876
57388
25960
45474
63041
5411
53705
55850
28824
53369
63385
49133
64466
48805
33449
40428
50647
52913
46444
63238
61676
44045
61973
17860
11343
23511
48209
13161
4943
61203
18957
14809
15260
57067
1430
12829
52025
4335
27808
56953
4997
10879
44011
23676
60982
48746
9110
45854
53752
29275
47958
58784
29291
31305
22781
44300
25916
4854
60755
45135
5871
48386
65002
16529
46672
59640
28969
46475
17122
57063
33946
3616
34876
57388
25960
45474
63041
5411
53705
55850
28824
53369
63385
49133
64466
48805
33449
40428
50647
52913
46444
63238
61676
44045
61973
17860
11343
23511
48209
13161
4943
61203
18957
14809
15260
57067
1430
12829
52025
4335
27808
56953
4997
10879
44011
23676
60982
48746
9110
45854
53752
29275
47958
58784
29291
31305
22781
44300
25916
4854
60755
45135
5871
48386
65002
16529
46672
59640
28969
46475
17122
57063
33946
3616
34876
57388
25960
45474
63041
5411
53705
55850
28824
53369
63385
49133
64466
48805
33449
40428
50647
52913
46444
63238
61676
44045
61973
17860
11343
23511
48209
13161
4943
61203
18957
14809
15260
57067
1430
12829
52025
4335
27808
56953
4997
10879
44011
23676
60982
48746
9110
45854
53752
29275
47958
58784
29291
31305
22781
44300
25916
4854
60755
45135
5871
48386
65002
16529
46672
59640
28969
46475
17122
57063
33946
3616
34876
57388
25960
45474
63041
5411
53705
55850
28824
53369
63385
49133
64466
48805
33449
40428
50647
52913
46444
63238
61676
44045
61973
8
2
11
12
1
15
24
1
0
31
7
6
26
1
9
0
31
6
4
29
13
10
24
15
21
21
7
20
18
13
20
25
12
12
10
20
7
4
28
9
5
27
6
12
26
3
13
31
11
10
30
17
4
22
28
9
18
24
12
23
9
24
23
5
24
31
19
16
31
31
26
29
8
2
11
12
1
15
24
1
0
31
7
6
26
1
9
0
31
6
4
29
13
10
24
15
21
21
7
20
18
13
20
25
12
12
10
20
7
4
28
9
5
27
6
12
26
3
13
31
11
10
30
17
4
22
28
9
18
24
12
23
9
24
23
5
24
31
19
16
31
31
26
29
8
2
11
12
1
15
24
1
0
31
7
6
26
1
9
0
31
6
4
29
13
10
24
15
21
21
7
20
18
13
20
25
12
12
10
20
7
4
28
9
5
27
6
12
26
3
13
31
11
10
30
17
4
22
28
9
18
24
12
23
9
24
23
5
24
31
19
16
31
31
26
29
8
2
11
12
1
15
24
1
0
31
7
6
26
1
9
0
31
6
4
29
13
10
24
15
21
21
7
20
18
13
20
25
12
12
10
20
7
4
28
9
5
27
6
12
26
3
13
31
11
10
30
17
4
22
28
9
18
24
12
23
9
24
23
5
24
31
19
16
31
31
26
29
8
2
11
12
1
15
24
1
0
31
7
6
26
1
9
0
31
6
4
29
13
10
24
15
21
21
7
20
18
13
20
25
12
12
10
20
7
4
28
9
5
27
6
12
26
3
13
31
11
10
30
17
4
22
28
9
18
24
12
23
9
24
23
5
24
31
19
16
31
31
26
29
8
2
11
12
1
15
24
1
0
31
7
6
26
1
9
0
31
6
4
29
13
10
24
15
21
21
7
20
18
13
20
25
12
12
10
20
7
4
28
9
5
27
6
12
26
3
13
31
11
10
30
17
4
22
28
9
18
24
12
23
9
24
23
5
24
31
19
16
31
31
26
29
8
2
11
12
1
15
24
1
0
31
7
6
26
1
9
0
31
6
4
29
13
10
24
15
21
21
7
20
18
13
20
25
12
12
10
20
7
4
28
9
5
27
6
12
26
3
13
31
11
10
30
17
4
22
28
9
18
24
12
23
9
24
23
5
24
31
19
16
31
31
26
29
8
2
11
12
1
15
24
1
0
31
7
6
26
1
9
0
31
6
4
29
13
10
24
15
21
21
7
20
18
13
20
25
12
12
10
20
7
4
28
9
5
27
6
12
26
3
13
31
11
10
30
17
4
22
28
9
18
24
12
23
9
24
23
5
24
31
19
16
31
31
26
29
8
2
11
12
1
15
24
1
0
31
7
6
26
1
9
0
31
6
4
29
13
10
24
15
21
21
7
20
18
13
20
25
12
12
10
20
7
4
28
9
5
27
6
12
26
3
13
31
11
10
30
17
4
22
28
9
18
24
12
23
9
24
23
5
24
31
19
16
31
31
26
29
8
2
11
12
1
15
24
1
0
31
7
6
26
1
9
0
31
6
4
29
13
10
24
15
21
21
7
20
18
13
20
25
12
12
10
20
7
4
28
9
5
27
6
12
26
3
13
31
11
10
30
17
4
22
28
9
18
24
12
23
9
24
23
5
24
31
19
16
31
31
26
29
8
2
11
12
1
15
24
1
0
31
7
6
26
1
9
0
31
6
4
29
13
10
24
15
21
21
7
20
18
13
20
25
12
12
10
20
7
4
28
9
5
27
6
12
26
3
13
31
11
10
30
17
4
22
28
9
18
24
12
23
9
24
23
5
24
31
19
16
31
31
26
29
8
2
11
12
1
15
24
1
0
31
7
6
26
1
9
0
31
6
4
29
13
10
24
15
21
21
7
20
18
13
20
25
12
12
10
20
7
4
28
9
5
27
6
12
26
3
13
31
11
10
30
17
4
22
28
9
18
24
12
23
9
24
23
5
24
31
19
16
31
31
26
29
14
7
6
10
11
6
6
5
15
10
15
13
12
13
14
26
12
1
30
10
9
26
9
12
14
27
3
8
24
8
25
20
5
25
22
7
24
24
13
2
10
20
3
5
26
15
0
24
19
13
21
28
11
22
18
2
29
31
0
25
27
10
25
10
23
16
24
22
19
22
29
25
14
7
6
10
11
6
6
5
15
10
15
13
12
13
14
26
12
1
30
10
9
26
9
12
14
27
3
8
24
8
25
20
5
25
22
7
24
24
13
2
10
20
3
5
26
15
0
24
19
13
21
28
11
22
18
2
29
31
0
25
27
10
25
10
23
16
24
22
19
22
29
25
14
7
6
10
11
6
6
5
15
10
15
13
12
13
14
26
12
1
30
10
9
26
9
12
14
27
3
8
24
8
25
20
5
25
22
7
24
24
13
2
10
20
3
5
26
15
0
24
19
13
21
28
11
22
18
2
29
31
0
25
27
10
25
10
23
16
24
22
19
22
29
25
14
7
6
10
11
6
6
5
15
10
15
13
12
13
14
26
12
1
30
10
9
26
9
12
14
27
3
8
24
8
25
20
5
25
22
7
24
24
13
2
10
20
3
5
26
15
0
24
19
13
21
28
11
22
18
2
29
31
0
25
27
10
25
10
23
16
24
22
19
22
29
25
14
7
6
10
11
6
6
5
15
10
15
13
12
13
14
26
12
1
30
10
9
26
9
12
14
27
3
8
24
8
25
20
5
25
22
7
24
24
13
2
10
20
3
5
26
15
0
24
19
13
21
28
11
22
18
2
29
31
0
25
27
10
25
10
23
16
24
22
19
22
29
25
14
7
6
10
11
6
6
5
15
10
15
13
12
13
14
26
12
1
30
10
9
26
9
12
14
27
3
8
24
8
25
20
5
25
22
7
24
24
13
2
10
20
3
5
26
15
0
24
19
13
21
28
11
22
18
2
29
31
0
25
27
10
25
10
23
16
24
22
19
22
29
25
14
7
6
10
11
6
6
5
15
10
15
13
12
13
14
26
12
1
30
10
9
26
9
12
14
27
3
8
24
8
25
20
5
25
22
7
24
24
13
2
10
20
3
5
26
15
0
24
19
13
21
28
11
22
18
2
29
31
0
25
27
10
25
10
23
16
24
22
19
22
29
25
14
7
6
10
11
6
6
5
15
10
15
13
12
13
14
26
12
1
30
10
9
26
9
12
14
27
3
8
24
8
25
20
5
25
22
7
24
24
13
2
10
20
3
5
26
15
0
24
19
13
21
28
11
22
18
2
29
31
0
25
27
10
25
10
23
16
24
22
19
22
29
25
14
7
6
10
11
6
6
5
15
10
15
13
12
13
14
26
12
1
30
10
9
26
9
12
14
27
3
8
24
8
25
20
5
25
22
7
24
24
13
2
10
20
3
5
26
15
0
24
19
13
21
28
11
22
18
2
29
31
0
25
27
10
25
10
23
16
24
22
19
22
29
25
14
7
6
10
11
6
6
5
15
10
15
13
12
13
14
26
12
1
30
10
9
26
9
12
14
27
3
8
24
8
25
20
5
25
22
7
24
24
13
2
10
20
3
5
26
15
0
24
19
13
21
28
11
22
18
2
29
31
0
25
27
10
25
10
23
16
24
22
19
22
29
25
14
7
6
10
11
6
6
5
15
10
15
13
12
13
14
26
12
1
30
10
9
26
9
12
14
27
3
8
24
8
25
20
5
25
22
7
24
24
13
2
10
20
3
5
26
15
0
24
19
13
21
28
11
22
18
2
29
31
0
25
27
10
25
10
23
16
24
22
19
22
29
25
14
7
6
10
11
6
6
5
15
10
15
13
12
13
14
26
12
1
30
10
9
26
9
12
14
27
3
8
24
8
25
20
5
25
22
7
24
24
13
2
10
20
3
5
26
15
0
24
19
13
21
28
11
22
18
2
29
31
0
25
27
10
25
10
23
16
24
22
19
22
29
25
0
0
0
1
0
0
2
2
2
3
3
3
0
0
0
1
0
0
2
2
2
3
3
3
0
0
0
1
0
0
2
2
2
3
3
3
50
50
50
60
60
60
0
0
0
1
0
0
2
2
2
3
3
3
0
0
0
1
0
0
2
2
2
3
3
3
0
0
0
1
0
0
2
2
2
3
3
3
0
0
0
1
0
0
2
2
2
3
3
3
0
0
0
1
0
0
2
2
2
3
3
3
0
0
0
1
0
0
2
2
2
3
3
3
0
0
0
1
0
0
2
2
2
3
3
3
0
0
0
1
0
0
2
2
2
3
3
3
0
0
0
1
0
0
2
2
2
3
3
3
0
0
0
1
0
0
2
2
2
3
3
3
0
0
0
1
0
0
2
2
2
3
3
3
0
0
0
1
0
0
2
2
2
3
3
3
17136
0
0
7
8
0
1
1
0
1
0
18446744073709551608
18446744073709551615
0
0
0
0
7
0
0
0
0
0
0
0
0
0
0
0
7
8
7
8
0
2
2
2
1
0
18446744073709551608
18446744073709551615
0
0
0
0
7
0
2
3
0
0
0
0
0
0
0
0
14
16
7
8
0
3
3
0
1
0
18446744073709551608
18446744073709551615
0
0
0
0
18446744073709551516
18446744073709551615
0
0
0
0
0
0
0
0
0
0
21
24
7
8
0
4
4
8
1
0
18446744073709551608
18446744073709551615
0
0
0
0
18446744073709551516
18446744073709551615
0
1
2
3
4
5
6
7
0
0
28
32
7
8
0
5
5
0
1
0
18446744073709551609
18446744073709551615
0
0
0
0
12
0
0
0
0
0
0
0
0
0
0
0
35
40
7
8
0
6
6
0
2
0
18446744073709551609
18446744073709551615
0
0
0
0
5
0
0
0
0
0
0
0
0
0
0
0
42
48
7
8
0
7
7
0
1
0
0
0
0
0
0
0
0
0
0
0
0
0
0
0
0
0
0
0
49
56
0
1
18446744073709551615
8
8
0
1
0
0
0
0
0
0
0
0
0
0
0
0
0
0
0
0
0
0
0
49
57
0
1
18446744073709551615
9
9
0
1
0
0
0
0
0
0
0
18446744073709551615
18446744073709551615
0
0
0
0
0
0
0
0
0
0
49
58
0
1
18446744073709551615
10
10
0
1
0
18446744073709420546
18446744073709551615
18446744073709420546
18446744073709551615
18446744073709420546
18446744073709551615
12884508675
0
0
0
0
0
0
0
0
0
0
0
49
59
7
8
0
11
11
0
1
0
0
18446744073709486080
0
32768
0
0
0
0
0
0
0
0
0
0
0
0
0
0
56
67
7
8
0
12
12
0
1
0
0
65536
0
18446744073709518848
0
0
0
0
0
0
0
0
0
0
0
0
0
0
63
75
7
8
0
13
13
0
0
8
0
18446744073705357312
0
2097152
0
0
0
18446742974197923840
0
0
0
0
0
0
0
0
0
0
70
83
5
6
0
14
14
0
1
0
18446744073709486081
18446744073709551615
18446744073709486081
18446744073709551615
18446744073709486081
18446744073709551615
0
0
0
0
0
0
0
0
0
0
0
0
75
89
5
6
0
15
15
0
1
0
18446744073709486081
18446744073709551615
18446744073709486081
18446744073709551615
18446744073709486081
18446744073709551615
0
0
0
0
0
0
0
0
0
0
0
0
80
95
5
6
0
16
16
0
1
0
18446744073709486081
18446744073709551615
18446744073709486081
18446744073709551615
18446744073709486081
18446744073709551615
0
0
0
0
0
0
0
0
0
0
0
0
85
101
48
49
0
17
17
0
1
0
0
0
0
0
0
0
18446744073709551615
18446744073709551615
0
0
0
0
0
0
0
0
0
0
133
150
48
49
0
18
18
0
1
0
18446744073709486081
18446744073709551615
18446744073709486081
18446744073709551615
18446744073709486081
18446744073709551615
0
0
0
0
0
0
0
0
0
0
0
0
181
199
48
49
0
19
19
0
1
0
0
0
0
0
0
0
18446744073709551615
18446744073709551615
0
0
0
0
0
0
0
0
0
0
229
248
48
49
0
20
20
0
1
0
18446744073709486081
18446744073709551615
18446744073709486081
18446744073709551615
18446744073709486081
18446744073709551615
0
0
0
0
0
0
0
0
0
0
0
0
277
297
23
24
0
21
21
7
5
0
18446744073709087503
18446744073709551615
18446744073709255586
18446744073709551615
18446744073709126256
18446744073709551615
21827613750
0
0
5
8
10
16
18
19
0
0
0
300
321
23
24
0
22
22
5
2
0
18446744073709512612
18446744073709551615
18446744073709527052
18446744073709551615
18446744073709465492
18446744073709551615
424670868
0
7
16
19
21
23
0
0
0
0
0
323
345
23
24
0
23
23
7
7
0
18446744073708851070
18446744073709551615
18446744073708848214
18446744073709551615
18446744073709429466
18446744073709551615
32297276102
0
5
6
8
12
16
19
23
0
0
0
346
369
23
24
0
24
24
6
7
0
18446744073709174395
18446744073709551615
18446744073709264350
18446744073709551615
18446744073708634322
18446744073709551615
32301777039
0
1
2
7
10
14
17
0
0
0
0
369
393
23
24
0
25
25
8
3
0
18446744073709408828
18446744073709551615
18446744073709291960
18446744073709551615
18446744073709502218
18446744073709551615
18446744069183478940
18446744073709551615
1
3
4
9
10
11
16
19
0
0
392
417
23
24
0
26
26
6
6
0
18446744073708825542
18446744073709551615
18446744073708782284
18446744073709551615
18446744073709375048
18446744073709551615
45684295518
0
0
9
14
16
22
23
0
0
0
0
415
441
23
24
0
27
27
7
3
0
18446744073709198502
18446744073709551615
18446744073709405618
18446744073709551615
18446744073709480810
18446744073709551615
1698537819
0
3
4
6
7
11
12
15
0
0
0
438
465
23
24
0
28
28
7
4
0
18446744073709106527
18446744073709551615
18446744073709537320
18446744073709551615
18446744073709428968
18446744073709551615
13217490360
0
3
5
9
10
15
17
22
0
0
0
461
489
23
24
0
29
29
5
7
0
18446744073709070980
18446744073709551615
18446744073709452734
18446744073709551615
18446744073709158426
18446744073709551615
18446744068198598553
18446744073709551615
5
7
12
13
14
0
0
0
0
0
484
513
23
24
0
30
30
8
7
0
18446744073708952144
18446744073709551615
18446744073709353656
18446744073709551615
18446744073709439280
18446744073709551615
3483416531
0
0
1
4
8
11
18
19
23
0
0
507
537
23
24
0
31
31
10
4
0
18446744073709433110
18446744073709551615
18446744073709451480
18446744073709551615
18446744073709135576
18446744073709551615
8439695788
0
0
1
3
5
6
8
9
14
15
17
530
561
23
24
0
32
32
9
2
0
18446744073709359320
18446744073709551615
18446744073709501824
18446744073709551615
18446744073709475272
18446744073709551615
3875285384
0
1
2
3
4
8
9
10
11
22
0
553
585
23
24
0
33
33
7
1
0
18446744073709551564
18446744073709551615
0
0
18446744073709551542
18446744073709551615
1516
0
4
6
7
10
11
19
20
0
0
0
576
609
23
24
0
34
34
10
5
0
50
0
10
0
18446744073709551596
18446744073709551615
18446744073709547561
18446744073709551615
2
3
4
10
13
16
18
19
21
22
599
633
23
24
0
35
35
8
6
0
18446744073709551483
18446744073709551615
36
0
18446744073709551604
18446744073709551615
18446744073709550668
18446744073709551615
1
2
4
7
8
15
18
21
0
0
622
657
23
24
0
36
36
6
5
0
18446744073709551536
18446744073709551615
18446744073709551496
18446744073709551615
10
0
18446744073709551381
18446744073709551615
1
2
3
4
6
16
0
0
0
0
645
681
23
24
0
37
37
8
1
0
18446744073709551578
18446744073709551615
18446744073709551580
18446744073709551615
18446744073709551606
18446744073709551615
589
0
0
1
3
11
13
15
20
23
0
0
668
705
23
24
0
38
38
9
1
0
18446744073709551582
18446744073709551615
18446744073709551540
18446744073709551615
18446744073709551550
18446744073709551615
2626
0
0
1
5
8
11
12
13
14
15
0
691
729
23
24
0
39
39
8
3
0
18446744073709551370
18446744073709551615
18446744073709551424
18446744073709551615
18446744073709551610
18446744073709551615
5595
0
1
2
4
8
12
16
17
19
0
0
714
753
23
24
0
40
40
6
1
0
18446744073709551544
18446744073709551615
18
0
18446744073709551574
18446744073709551615
1782
0
0
7
13
15
16
22
0
0
0
0
737
777
23
24
0
41
41
8
1
0
12
0
18446744073709551598
18446744073709551615
18446744073709551554
18446744073709551615
549
0
2
4
7
9
12
13
14
23
0
0
760
801
23
24
0
42
42
6
2
0
18446744073709551535
18446744073709551615
18446744073709551536
18446744073709551615
28
0
18446744073709551514
18446744073709551615
5
7
10
15
17
18
0
0
0
0
783
825
23
24
0
43
43
8
7
0
18446744073709551308
18446744073709551615
98
0
18446744073709551434
18446744073709551615
4851
0
3
4
5
7
8
12
20
23
0
0
806
849
23
24
0
44
44
6
1
0
18446744073709551554
18446744073709551615
18446744073709551574
18446744073709551615
18446744073709551548
18446744073709551615
2234
0
0
2
4
13
18
20
0
0
0
0
829
873
23
24
0
45
45
10
1
0
18446744073709551604
18446744073709551615
18446744073709551554
18446744073709551615
0
0
772
0
1
2
3
4
5
9
12
14
15
16
852
897
23
24
0
46
46
9
7
0
18446744073709551306
18446744073709551615
42
0
18446744073709551364
18446744073709551615
2919
0
0
3
4
14
15
16
20
21
22
0
875
921
23
24
0
47
47
5
7
0
18446744073709551162
18446744073709551615
18446744073709551252
18446744073709551615
18446744073709551602
18446744073709551615
6020
0
6
8
10
20
22
0
0
0
0
0
898
945
23
24
0
48
48
8
6
0
18446744073709551552
18446744073709551615
108
0
18446744073709551436
18446744073709551615
450
0
0
11
13
15
18
21
22
23
0
0
921
969
23
24
0
49
49
7
6
0
18446744073709551568
18446744073709551615
18446744073709551484
18446744073709551615
18446744073709551496
18446744073709551615
822
0
0
1
9
13
17
18
20
0
0
0
944
993
23
24
0
50
50
7
6
0
18446744073709551444
18446744073709551615
120
0
18446744073709551592
18446744073709551615
18446744073709548712
18446744073709551615
1
3
10
11
16
19
23
0
0
0
967
1017
23
24
0
51
51
9
2
0
27
0
18446744073709551488
18446744073709551615
18446744073709551528
18446744073709551615
2146
0
0
1
3
5
7
11
12
14
16
0
990
1041
23
24
0
52
52
10
6
0
18446744073709551529
18446744073709551615
18446744073709551484
18446744073709551615
18446744073709551580
18446744073709551615
18446744073709550524
18446744073709551615
2
3
5
9
10
13
14
17
18
21
1013
1065
23
24
0
53
53
8
5
0
18446744073709551344
18446744073709551615
18446744073709551446
18446744073709551615
18446744073709551346
18446744073709551615
6090
0
3
6
8
9
13
17
20
22
0
0
1036
1089
23
24
0
54
54
6
5
0
18446744073709551516
18446744073709551615
18446744073709551596
18446744073709551615
18446744073709551606
18446744073709551615
525
0
4
7
11
16
19
21
0
0
0
0
1059
1113
23
24
0
55
55
4
7
0
18446744073709551096
18446744073709551615
18446744073709551518
18446744073709551615
18446744073709551224
18446744073709551615
14714
0
0
2
11
21
0
0
0
0
0
0
1082
1137
23
24
0
56
56
10
7
0
42
0
18446744073709551378
18446744073709551615
18446744073709551196
18446744073709551615
1659
0
1
4
6
11
12
16
18
19
20
22
1105
1161
23
24
0
57
57
5
4
0
18446744073709413623
18446744073709551615
18446744073709417648
18446744073709551615
18446744073709203952
18446744073709551615
1604497888
0
3
5
15
19
23
0
0
0
0
0
1128
1185
23
24
0
58
58
9
2
0
18446744073709413371
18446744073709551615
18446744073709482068
18446744073709551615
18446744073709320452
18446744073709551615
3162366070
0
0
2
3
12
13
15
17
21
23
0
1151
1209
23
24
0
59
59
4
2
0
18446744073709407436
18446744073709551615
18446744073709491064
18446744073709551615
18446744073709355012
18446744073709551615
6893863740
0
0
1
17
19
0
0
0
0
0
0
1174
1233
23
24
0
60
60
9
7
0
18446744073708883157
18446744073709551615
18446744073709456290
18446744073709551615
18446744073708849026
18446744073709551615
11846095793
0
9
12
13
14
15
17
20
21
23
0
1197
1257
23
24
0
61
61
10
4
0
18446744073709235047
18446744073709551615
18446744073709281568
18446744073709551615
18446744073709295552
18446744073709551615
18446744071632067796
18446744073709551615
0
3
4
5
8
12
14
15
18
20
1220
1281
23
24
0
62
62
6
5
0
18446744073708956126
18446744073709551615
18446744073709217736
18446744073709551615
18446744073708936446
18446744073709551615
40391729125
0
2
4
6
13
16
17
0
0
0
0
1243
1305
23
24
0
63
63
9
1
0
18446744073709437950
18446744073709551615
18446744073709492488
18446744073709551615
18446744073709443246
18446744073709551615
6928816094
0
2
6
8
9
10
11
20
21
23
0
1266
1329
23
24
0
64
64
10
2
0
18446744073709319780
18446744073709551615
18446744073709370240
18446744073709551615
18446744073709379384
18446744073709551615
6307159330
0
1
5
9
10
14
16
17
18
19
23
1289
1353
23
24
0
65
65
9
6
0
18446744073709426919
18446744073709551615
18446744073709054936
18446744073709551615
18446744073709422808
18446744073709551615
18446744059644125182
18446744073709551615
3
4
8
11
12
13
20
22
23
0
1312
1377
23
24
0
66
66
10
4
0
18446744073709093997
18446744073709551615
18446744073709038480
18446744073709551615
18446744073709101096
18446744073709551615
41918277188
0
0
1
5
7
11
13
16
17
19
20
1335
1401
23
24
0
67
67
5
7
0
18446744073708887762
18446744073709551615
18446744073708959752
18446744073709551615
18446744073709035030
18446744073709551615
37730377132
0
0
2
4
5
21
0
0
0
0
0
1358
1425
23
24
0
68
68
7
1
0
18446744073709475494
18446744073709551615
18446744073709488416
18446744073709551615
18446744073709550324
18446744073709551615
18446744071921371764
18446744073709551615
5
12
14
15
19
21
23
0
0
0
1381
1449
23
24
0
69
69
10
5
0
18446744073709551573
18446744073709551615
40
0
18446744073709551476
18446744073709551615
1060
0
1
5
8
11
12
14
15
16
17
18
1404
1473
23
24
0
70
70
8
7
0
18446744073709551405
18446744073709551615
0
0
18446744073709551098
18446744073709551615
10983
0
4
10
11
12
13
15
16
20
0
0
1427
1497
23
24
0
71
71
5
7
0
18446744073709551431
18446744073709551615
18446744073709551448
18446744073709551615
18446744073709551448
18446744073709551615
3136
0
2
6
11
18
21
0
0
0
0
0
1450
1521
23
24
0
72
72
9
2
0
18446744073709551540
18446744073709551615
18446744073709551476
18446744073709551615
8
0
1722
0
3
6
8
10
13
17
18
20
21
0
1473
1545
23
24
0
73
73
10
6
0
18446744073709551395
18446744073709551615
18446744073709551436
18446744073709551615
18446744073709551220
18446744073709551615
6078
0
3
6
8
13
14
16
19
21
22
23
1496
1569
23
24
0
74
74
9
1
0
18446744073709551590
18446744073709551615
18446744073709551582
18446744073709551615
18446744073709551590
18446744073709551615
143
0
2
4
5
6
14
15
16
19
21
0
1519
1593
23
24
0
75
75
9
4
0
18446744073709551288
18446744073709551615
18446744073709551528
18446744073709551615
56
0
3308
0
1
2
13
15
16
17
18
19
23
0
1542
1617
23
24
0
76
76
10
1
0
18446744073709551548
18446744073709551615
4
0
18446744073709551600
18446744073709551615
263
0
0
1
4
5
8
10
11
15
17
18
1565
1641
23
24
0
77
77
5
5
0
18446744073709551336
18446744073709551615
18446744073709551396
18446744073709551615
18446744073709551346
18446744073709551615
9985
0
3
5
10
22
23
0
0
0
0
0
1588
1665
23
24
0
78
78
8
5
0
18446744073709551602
18446744073709551615
18446744073709551306
18446744073709551615
100
0
810
0
1
7
9
11
14
18
19
23
0
0
1611
1689
23
24
0
79
79
5
4
0
18446744073709551463
18446744073709551615
18446744073709551568
18446744073709551615
18446744073709551288
18446744073709551615
7156
0
0
5
6
9
12
0
0
0
0
0
1634
1713
23
24
0
80
80
6
2
0
8
0
18446744073709551508
18446744073709551615
18446744073709551496
18446744073709551615
1218
0
0
14
16
18
21
22
0
0
0
0
1657
1737
23
24
0
81
81
8
4
0
18446744073709551294
18446744073709551615
18446744073709551312
18446744073709551615
18446744073709551304
18446744073709551615
18004
0
2
5
12
15
16
17
18
19
0
0
1680
1761
23
24
0
82
82
7
6
0
18446744073709551348
18446744073709551615
18446744073709551568
18446744073709551615
36
0
2328
0
0
1
2
4
5
14
16
0
0
0
1703
1785
23
24
0
83
83
10
2
0
3
0
18446744073709551468
18446744073709551615
18446744073709551548
18446744073709551615
3300
0
3
5
6
7
9
10
15
16
19
22
1726
1809
23
24
0
84
84
10
3
0
47
0
18446744073709551388
18446744073709551615
18446744073709551394
18446744073709551615
7764
0
0
2
5
14
15
16
18
19
20
21
1749
1833
23
24
0
85
85
9
4
0
18446744073709551335
18446744073709551615
18446744073709551552
18446744073709551615
80
0
5520
0
0
2
3
11
14
17
21
22
23
0
1772
1857
23
24
0
86
86
9
7
0
139
0
18446744073709551350
18446744073709551615
18446744073709551448
18446744073709551615
203
0
0
1
2
8
10
11
15
20
23
0
1795
1881
23
24
0
87
87
6
4
0
18446744073709551375
18446744073709551615
18446744073709551568
18446744073709551615
0
0
3168
0
0
3
9
10
11
19
0
0
0
0
1818
1905
23
24
0
88
88
9
5
0
18446744073709551326
18446744073709551615
18446744073709551256
18446744073709551615
70
0
9950
0
3
4
5
7
14
15
17
22
23
0
1841
1929
23
24
0
89
89
5
3
0
18
0
18446744073709551538
18446744073709551615
18446744073709551526
18446744073709551615
342
0
1
11
13
14
22
0
0
0
0
0
1864
1953
23
24
0
90
90
5
3
0
18446744073709551530
18446744073709551615
18446744073709551436
18446744073709551615
18446744073709551388
18446744073709551615
7593
0
3
12
13
15
20
0
0
0
0
0
1887
1977
23
24
0
91
91
10
4
0
53
0
18446744073709551568
18446744073709551615
18446744073709551296
18446744073709551615
4976
0
0
3
4
6
7
8
9
12
16
17
1910
2001
23
24
0
92
92
7
6
0
69
0
120
0
18446744073709551244
18446744073709551615
4638
0
13
15
16
17
20
21
22
0
0
0
1933
2025
23
24
0
93
93
9
6
0
18446744073709011410
18446744073709551615
18446744073709435504
18446744073709551615
18446744073709255288
18446744073709551615
8351992902
0
0
4
5
10
11
14
17
19
21
0
1956
2049
23
24
0
94
94
7
5
0
18446744073709303324
18446744073709551615
18446744073709301826
18446744073709551615
18446744073709316206
18446744073709551615
8587512010
0
1
4
6
16
18
19
23
0
0
0
1979
2073
23
24
0
95
95
7
3
0
18446744073709480826
18446744073709551615
18446744073709204090
18446744073709551615
18446744073709267816
18446744073709551615
16128686127
0
0
5
13
17
19
22
23
0
0
0
2002
2097
23
24
0
96
96
10
5
0
18446744073709217415
18446744073709551615
18446744073709504226
18446744073709551615
18446744073709539986
18446744073709551615
2345081005
0
1
2
3
7
8
12
13
15
18
19
2025
2121
23
24
0
97
97
10
3
0
18446744073709457103
18446744073709551615
18446744073709535116
18446744073709551615
18446744073709287406
18446744073709551615
3491151387
0
0
1
4
7
12
13
15
16
21
22
2048
2145
23
24
0
98
98
8
2
0
18446744073709443232
18446744073709551615
18446744073709358988
18446744073709551615
18446744073709543156
18446744073709551615
5978508722
0
2
3
4
10
13
18
20
23
0
0
2071
2169
23
24
0
99
99
8
2
0
18446744073709352843
18446744073709551615
18446744073709360020
18446744073709551615
18446744073709355144
18446744073709551615
9700114026
0
0
2
3
10
14
17
18
21
0
0
2094
2193
23
24
0
100
100
8
3
0
18446744073709514576
18446744073709551615
18446744073709442380
18446744073709551615
18446744073709168138
18446744073709551615
8487652014
0
0
3
4
10
11
14
17
23
0
0
2117
2217
23
24
0
101
101
9
1
0
18446744073709495428
18446744073709551615
18446744073709525492
18446744073709551615
18446744073709527674
18446744073709551615
18446744072452534413
18446744073709551615
1
4
8
10
11
16
19
20
21
0
2140
2241
23
24
0
102
102
9
3
0
18446744073709442854
18446744073709551615
18446744073709452802
18446744073709551615
18446744073709279198
18446744073709551615
7602909630
0
2
3
6
7
11
12
18
19
21
0
2163
2265
23
24
0
103
103
7
5
0
18446744073709195734
18446744073709551615
18446744073709447506
18446744073709551615
18446744073709124226
18446744073709551615
5334921925
0
1
4
6
7
9
21
22
0
0
0
2186
2289
23
24
0
104
104
7
3
0
18446744073709346704
18446744073709551615
18446744073709171990
18446744073709551615
18446744073709185430
18446744073709551615
25768739226
0
1
4
5
11
16
18
20
0
0
0
2209
2313
23
24
0
105
105
3
4
0
18446744073709551432
18446744073709551615
56
0
18446744073709551312
18446744073709551615
7688
0
9
10
16
0
0
0
0
0
0
0
2232
2337
23
24
0
106
106
8
4
0
18446744073709551543
18446744073709551615
18446744073709551528
18446744073709551615
18446744073709551352
18446744073709551615
2664
0
1
5
6
7
10
12
13
17
0
0
2255
2361
23
24
0
107
107
7
1
0
18446744073709551590
18446744073709551615
18446744073709551542
18446744073709551615
18446744073709551586
18446744073709551615
922
0
4
5
7
8
9
10
21
0
0
0
2278
2385
23
24
0
108
108
8
3
0
18446744073709551448
18446744073709551615
18446744073709551466
18446744073709551615
18446744073709551514
18446744073709551615
4794
0
2
3
8
9
13
14
16
23
0
0
2301
2409
23
24
0
109
109
6
5
0
18446744073709551435
18446744073709551615
80
0
18446744073709551296
18446744073709551615
5060
0
1
2
4
8
14
19
0
0
0
0
2324
2433
23
24
0
110
110
6
1
0
18446744073709551568
18446744073709551615
18446744073709551590
18446744073709551615
18446744073709551556
18446744073709551615
804
0
0
4
5
6
9
17
0
0
0
0
2347
2457
23
24
0
111
111
10
4
0
18446744073709551582
18446744073709551615
18446744073709551344
18446744073709551615
18446744073709551408
18446744073709551615
6816
0
1
5
6
7
9
11
12
13
15
23
2370
2481
23
24
0
112
112
8
6
0
18446744073709551167
18446744073709551615
18446744073709551436
18446744073709551615
18446744073709551280
18446744073709551615
14214
0
1
4
10
11
14
15
17
22
0
0
2393
2505
23
24
0
113
113
10
1
0
18446744073709551584
18446744073709551615
18446744073709551538
18446744073709551615
18446744073709551564
18446744073709551615
2428
0
2
3
9
11
12
13
16
17
20
21
2416
2529
23
24
0
114
114
7
2
0
18446744073709551460
18446744073709551615
18446744073709551488
18446744073709551615
16
0
4322
0
6
7
9
12
13
17
23
0
0
0
2439
2553
23
24
0
115
115
9
4
0
18446744073709551343
18446744073709551615
18446744073709551424
18446744073709551615
18446744073709551504
18446744073709551615
7456
0
1
2
3
4
6
13
17
19
21
0
2462
2577
23
24
0
116
116
6
5
0
18446744073709551472
18446744073709551615
18446744073709551466
18446744073709551615
40
0
185
0
2
12
15
18
19
23
0
0
0
0
2485
2601
23
24
0
117
117
9
1
0
18446744073709551534
18446744073709551615
18446744073709551580
18446744073709551615
18446744073709551566
18446744073709551615
2594
0
1
4
8
11
13
14
19
20
21
0
2508
2625
23
24
0
118
118
10
3
0
18446744073709551382
18446744073709551615
18446744073709551604
18446744073709551615
12
0
3387
0
0
7
8
11
14
16
17
18
19
21
2531
2649
23
24
0
119
119
5
1
0
18446744073709551562
18446744073709551615
18446744073709551568
18446744073709551615
16
0
1080
0
1
10
12
18
21
0
0
0
0
0
2554
2673
23
24
0
120
120
10
7
0
18446744073709551585
18446744073709551615
18446744073709551084
18446744073709551615
18446744073709551490
18446744073709551615
7616
0
1
5
7
8
11
15
16
18
20
22
2577
2697
23
24
0
121
121
10
7
0
18446744073709551360
18446744073709551615
18446744073709551294
18446744073709551615
18446744073709551112
18446744073709551615
7875
0
1
3
12
13
15
19
20
21
22
23
2600
2721
23
24
0
122
122
9
6
0
18446744073709551240
18446744073709551615
36
0
18446744073709551532
18446744073709551615
6108
0
1
4
5
6
8
9
11
17
20
0
2623
2745
23
24
0
123
123
10
4
0
18446744073709551527
18446744073709551615
0
0
18446744073709551368
18446744073709551615
484
0
3
5
7
11
13
14
16
17
18
19
2646
2769
23
24
0
124
124
8
1
0
18446744073709551546
18446744073709551615
18446744073709551582
18446744073709551615
6
0
1519
0
0
4
6
7
19
20
22
23
0
0
2669
2793
23
24
0
125
125
8
6
0
18446744073709551552
18446744073709551615
72
0
24
0
18446744073709545862
18446744073709551615
2
3
5
10
11
15
21
23
0
0
2692
2817
23
24
0
126
126
10
2
0
18446744073709551519
18446744073709551615
18446744073709551528
18446744073709551615
18446744073709551584
18446744073709551615
1448
0
6
7
9
10
11
12
13
16
17
18
2715
2841
23
24
0
127
127
7
3
0
18446744073709551394
18446744073709551615
12
0
18446744073709551598
18446744073709551615
2946
0
0
1
8
12
14
18
20
0
0
0
2738
2865
23
24
0
128
128
7
2
0
18446744073709551551
18446744073709551615
36
0
18446744073709551516
18446744073709551615
1826
0
7
9
12
15
19
21
23
0
0
0
2761
2889
23
24
0
129
129
6
7
0
18446744073708916234
18446744073709551615
18446744073708854822
18446744073709551615
18446744073708808314
18446744073709551615
36635551330
0
1
4
7
8
14
23
0
0
0
0
2784
2913
23
24
0
130
130
5
3
0
18446744073709543395
18446744073709551615
18446744073709389070
18446744073709551615
18446744073709415710
18446744073709551615
2717963079
0
8
11
13
16
18
0
0
0
0
0
2807
2937
23
24
0
131
131
7
5
0
18446744073709016232
18446744073709551615
18446744073709405866
18446744073709551615
18446744073708958076
18446744073709551615
26631849320
0
0
2
5
12
18
19
23
0
0
0
2830
2961
23
24
0
132
132
5
6
0
18446744073709039574
18446744073709551615
18446744073709295812
18446744073709551615
18446744073709281580
18446744073709551615
10149229038
0
5
6
9
18
23
0
0
0
0
0
2853
2985
23
24
0
133
133
5
5
0
18446744073709481182
18446744073709551615
18446744073709435286
18446744073709551615
18446744073709004756
18446744073709551615
14444829025
0
5
8
15
18
19
0
0
0
0
0
2876
3009
23
24
0
134
134
9
1
0
18446744073709468372
18446744073709551615
18446744073709486994
18446744073709551615
18446744073709424074
18446744073709551615
5890175146
0
2
6
10
12
17
19
21
22
23
0
2899
3033
23
24
0
135
135
7
7
0
18446744073708721849
18446744073709551615
18446744073709387312
18446744073709551615
18446744073709177984
18446744073709551615
11897327155
0
1
2
10
11
13
14
19
0
0
0
2922
3057
23
24
0
136
136
9
4
0
18446744073709410486
18446744073709551615
18446744073709272128
18446744073709551615
18446744073709168432
18446744073709551615
5871495124
0
1
4
5
7
12
15
16
19
21
0
2945
3081
23
24
0
137
137
9
3
0
18446744073709288330
18446744073709551615
18446744073709226236
18446744073709551615
18446744073709175158
18446744073709551615
16187486178
0
0
1
4
12
13
15
16
17
19
0
2968
3105
23
24
0
138
138
7
6
0
18446744073709327432
18446744073709551615
18446744073709099660
18446744073709551615
18446744073709421992
18446744073709551615
18446744068139132062
18446744073709551615
1
2
5
8
13
19
23
0
0
0
2991
3129
23
24
0
139
139
10
7
0
18446744073709486866
18446744073709551615
18446744073709121872
18446744073709551615
18446744073708807572
18446744073709551615
22511091911
0
3
4
6
7
11
12
14
15
18
23
3014
3153
23
24
0
140
140
6
3
0
18446744073709506436
18446744073709551615
18446744073709273864
18446744073709551615
18446744073709542424
18446744073709551615
6584379996
0
2
8
12
13
16
20
0
0
0
0
3037
3177
23
24
0
141
141
9
1
0
18446744073709551586
18446744073709551615
14
0
18446744073709551576
18446744073709551615
505
0
1
2
4
8
11
14
15
16
20
0
3060
3201
23
24
0
142
142
7
3
0
18446744073709551476
18446744073709551615
60
0
18446744073709551478
18446744073709551615
3474
0
1
4
8
9
13
14
18
0
0
0
3083
3225
23
24
0
143
143
10
6
0
18446744073709551387
18446744073709551615
18446744073709551532
18446744073709551615
18446744073709551148
18446744073709551615
10986
0
1
3
5
6
10
12
16
17
20
23
3106
3249
23
24
0
144
144
10
5
0
18446744073709551336
18446744073709551615
18446744073709551366
18446744073709551615
18446744073709551486
18446744073709551615
7870
0
1
2
4
5
7
9
10
13
15
16
3129
3273
23
24
0
145
145
8
3
0
18446744073709551506
18446744073709551615
18446744073709551562
18446744073709551615
18446744073709551448
18446744073709551615
3204
0
0
1
7
9
11
15
17
19
0
0
3152
3297
23
24
0
146
146
9
5
0
18446744073709551315
18446744073709551615
18446744073709551516
18446744073709551615
18446744073709551356
18446744073709551615
7535
0
4
6
8
9
10
12
13
17
21
0
3175
3321
23
24
0
147
147
9
4
0
18446744073709551350
18446744073709551615
18446744073709551320
18446744073709551615
0
0
9256
0
3
5
6
8
10
12
15
16
19
0
3198
3345
23
24
0
148
148
8
5
0
18446744073709551593
18446744073709551615
18446744073709551606
18446744073709551615
18446744073709551556
18446744073709551615
18446744073709548441
18446744073709551615
1
3
4
6
8
18
20
21
0
0
3221
3369
23
24
0
149
149
5
5
0
18446744073709551362
18446744073709551615
18446744073709551576
18446744073709551615
90
0
18446744073709551021
18446744073709551615
5
9
13
20
21
0
0
0
0
0
3244
3393
23
24
0
150
150
10
4
0
18446744073709551575
18446744073709551615
18446744073709551536
18446744073709551615
18446744073709551560
18446744073709551615
18446744073709551156
18446744073709551615
0
1
2
5
6
9
10
12
13
16
3267
3417
23
24
0
151
151
8
1
0
18446744073709551592
18446744073709551615
20
0
18446744073709551586
18446744073709551615
325
0
2
4
7
8
11
18
19
21
0
0
3290
3441
23
24
0
152
152
5
6
0
18446744073709551263
18446744073709551615
18446744073709551196
18446744073709551615
18446744073709551352
18446744073709551615
12900
0
10
11
14
22
23
0
0
0
0
0
3313
3465
23
24
0
153
153
8
5
0
18446744073709551265
18446744073709551615
20
0
18446744073709551336
18446744073709551615
5260
0
3
4
8
10
11
20
22
23
0
0
3336
3489
23
24
0
154
154
2
7
0
18446744073709551476
18446744073709551615
84
0
18446744073709551364
18446744073709551615
3108
0
8
21
0
0
0
0
0
0
0
0
3359
3513
23
24
0
155
155
7
3
0
18446744073709551502
18446744073709551615
18446744073709551574
18446744073709551615
18446744073709551484
18446744073709551615
2094
0
1
3
4
9
10
16
20
0
0
0
3382
3537
23
24
0
156
156
10
6
0
18446744073709551470
18446744073709551615
18446744073709551580
18446744073709551615
18446744073709551280
18446744073709551615
5022
0
2
4
5
10
11
13
16
17
19
22
3405
3561
23
24
0
157
157
9
3
0
59
0
0
0
18446744073709551550
18446744073709551615
18446744073709550404
18446744073709551615
1
6
10
13
16
17
20
22
23
0
3428
3585
23
24
0
158
158
10
1
0
18446744073709551554
18446744073709551615
18
0
18446744073709551536
18446744073709551615
2318
0
1
5
8
9
12
14
19
21
22
23
3451
3609
23
24
0
159
159
8
2
0
18446744073709551579
18446744073709551615
18446744073709551612
18446744073709551615
18446744073709551456
18446744073709551615
2564
0
0
2
3
4
9
13
14
18
0
0
3474
3633
23
24
0
160
160
7
4
0
18446744073709551430
18446744073709551615
24
0
18446744073709551312
18446744073709551615
7144
0
1
11
13
15
19
20
21
0
0
0
3497
3657
23
24
0
161
161
8
4
0
18446744073709551542
18446744073709551615
16
0
18446744073709551480
18446744073709551615
52
0
0
2
3
5
16
17
20
23
0
0
3520
3681
23
24
0
162
162
9
6
0
18446744073709551507
18446744073709551615
18446744073709551208
18446744073709551615
18446744073709551532
18446744073709551615
5316
0
4
7
8
9
11
16
17
21
23
0
3543
3705
23
24
0
163
163
8
6
0
18446744073709551458
18446744073709551615
18446744073709551208
18446744073709551615
18446744073709551280
18446744073709551615
8904
0
0
2
7
9
18
20
21
22
0
0
3566
3729
23
24
0
164
164
6
6
0
22
0
18446744073709551124
18446744073709551615
18446744073709551388
18446744073709551615
10926
0
0
5
6
8
11
17
0
0
0
0
3589
3753
23
24
0
165
165
6
5
0
18446744073709238485
18446744073709551615
18446744073709052416
18446744073709551615
18446744073709171386
18446744073709551615
17264885285
0
4
5
9
13
14
23
0
0
0
0
3612
3777
23
24
0
166
166
6
4
0
18446744073709031333
18446744073709551615
18446744073709173728
18446744073709551615
18446744073709201280
18446744073709551615
25394308640
0
1
3
7
10
13
19
0
0
0
0
3635
3801
23
24
0
167
167
6
1
0
18446744073709459632
18446744073709551615
18446744073709516142
18446744073709551615
18446744073709501922
18446744073709551615
1410712526
0
6
11
13
19
20
21
0
0
0
0
3658
3825
23
24
0
168
168
6
1
0
18446744073709445784
18446744073709551615
18446744073709505854
18446744073709551615
18446744073709539528
18446744073709551615
3108728704
0
2
6
9
11
16
17
0
0
0
0
3681
3849
23
24
0
169
169
9
2
0
18446744073709291343
18446744073709551615
18446744073709418472
18446744073709551615
18446744073709383252
18446744073709551615
8880302170
0
0
2
3
4
6
11
17
18
22
0
3704
3873
23
24
0
170
170
8
1
0
18446744073709437730
18446744073709551615
18446744073709464578
18446744073709551615
18446744073709543958
18446744073709551615
5125909595
0
0
2
5
9
10
12
13
23
0
0
3727
3897
23
24
0
171
171
7
6
0
18446744073709252072
18446744073709551615
18446744073709061524
18446744073709551615
18446744073709252768
18446744073709551615
16742315550
0
2
7
10
13
16
20
22
0
0
0
3750
3921
23
24
0
172
172
8
5
0
18446744073709343646
18446744073709551615
18446744073709431356
18446744073709551615
18446744073709073756
18446744073709551615
8952833685
0
1
8
13
14
15
18
22
23
0
0
3773
3945
23
24
0
173
173
6
4
0
18446744073709091776
18446744073709551615
18446744073709221544
18446744073709551615
18446744073709331560
18446744073709551615
22297840004
0
7
10
14
21
22
23
0
0
0
0
3796
3969
23
24
0
174
174
9
7
0
18446744073708951127
18446744073709551615
18446744073708773860
18446744073709551615
18446744073708675216
18446744073709551615
52670471077
0
1
2
3
4
10
11
14
21
23
0
3819
3993
23
24
0
175
175
7
6
0
18446744073709126959
18446744073709551615
18446744073709193212
18446744073709551615
18446744073709294792
18446744073709551615
9678615768
0
11
12
13
16
18
19
23
0
0
0
3842
4017
23
24
0
176
176
8
2
0
18446744073709374904
18446744073709551615
18446744073709336852
18446744073709551615
18446744073709465820
18446744073709551615
9635510420
0
3
5
8
11
15
19
22
23
0
0
3865
4041
23
24
0
177
177
10
2
0
18446744073709551451
18446744073709551615
18446744073709551460
18446744073709551615
18446744073709551468
18446744073709551615
8260
0
0
3
4
5
8
9
11
12
13
20
3888
4065
23
24
0
178
178
10
5
0
49
0
18446744073709551476
18446744073709551615
100
0
1525
0
0
3
5
6
8
13
14
19
22
23
3911
4089
23
24
0
179
179
9
3
0
18446744073709551574
18446744073709551615
18446744073709551448
18446744073709551615
18446744073709551376
18446744073709551615
6867
0
0
2
7
8
10
11
12
16
23
0
3934
4113
23
24
0
180
180
6
3
0
18446744073709551484
18446744073709551615
60
0
12
0
177
0
6
8
10
15
18
19
0
0
0
0
3957
4137
23
24
0
181
181
8
4
0
18446744073709551303
18446744073709551615
18446744073709551544
18446744073709551615
56
0
6408
0
3
7
13
15
16
18
20
22
0
0
3980
4161
23
24
0
182
182
9
4
0
18446744073709551592
18446744073709551615
18446744073709551376
18446744073709551615
24
0
308
0
3
5
10
13
14
15
17
22
23
0
4003
4185
23
24
0
183
183
10
1
0
18446744073709551550
18446744073709551615
18446744073709551598
18446744073709551615
18446744073709551594
18446744073709551615
715
0
0
1
3
4
5
11
16
17
18
21
4026
4209
23
24
0
184
184
7
4
0
18446744073709551342
18446744073709551615
80
0
18446744073709551544
18446744073709551615
5024
0
5
7
12
15
17
18
22
0
0
0
4049
4233
23
24
0
185
185
8
3
0
18446744073709551537
18446744073709551615
18446744073709551604
18446744073709551615
18446744073709551460
18446744073709551615
672
0
0
3
7
12
13
16
18
23
0
0
4072
4257
23
24
0
186
186
6
1
0
2
0
18446744073709551542
18446744073709551615
4
0
533
0
5
7
9
11
12
18
0
0
0
0
4095
4281
23
24
0
187
187
6
3
0
18446744073709551453
18446744073709551615
18446744073709551550
18446744073709551615
18446744073709551466
18446744073709551615
3225
0
8
15
16
19
20
23
0
0
0
0
4118
4305
23
24
0
188
188
10
2
0
20
0
18446744073709551492
18446744073709551615
18446744073709551544
18446744073709551615
2378
0
0
6
8
11
12
13
15
17
18
20
4141
4329
23
24
0
189
189
10
6
0
105
0
18446744073709551208
18446744073709551615
18446744073709551484
18446744073709551615
4398
0
0
2
4
5
6
10
11
13
21
22
4164
4353
23
24
0
190
190
4
7
0
55
0
18446744073709551588
18446744073709551615
18446744073709551350
18446744073709551615
18446744073709548396
18446744073709551615
2
7
20
22
0
0
0
0
0
0
4187
4377
23
24
0
191
191
8
7
0
18446744073709551320
18446744073709551615
112
0
18446744073709551210
18446744073709551615
8050
0
0
1
2
14
15
19
21
22
0
0
4210
4401
23
24
0
192
192
7
6
0
18446744073709551467
18446744073709551615
96
0
18446744073709551424
18446744073709551615
2784
0
2
3
7
8
12
13
17
0
0
0
4233
4425
23
24
0
193
193
9
7
0
18446744073709551107
18446744073709551615
18446744073709551504
18446744073709551615
18446744073709551448
18446744073709551615
8001
0
1
5
8
9
11
13
17
19
23
0
4256
4449
23
24
0
194
194
7
6
0
18446744073709551587
18446744073709551615
18446744073709551196
18446744073709551615
18446744073709551364
18446744073709551615
5964
0
2
4
8
10
11
14
23
0
0
0
4279
4473
23
24
0
195
195
7
6
0
43
0
18446744073709551244
18446744073709551615
18446744073709551556
18446744073709551615
5988
0
1
3
4
10
19
22
23
0
0
0
4302
4497
23
24
0
196
196
8
7
0
18446744073709551050
18446744073709551615
112
0
18446744073709551406
18446744073709551615
13195
0
7
9
10
11
15
17
21
22
0
0
4325
4521
23
24
0
197
197
7
6
0
107
0
18446744073709551520
18446744073709551615
18446744073709551160
18446744073709551615
7368
0
0
2
4
11
15
21
23
0
0
0
4348
4545
23
24
0
198
198
5
2
0
18446744073709551531
18446744073709551615
18446744073709551572
18446744073709551615
18446744073709551464
18446744073709551615
3770
0
1
9
15
17
21
0
0
0
0
0
4371
4569
23
24
0
199
199
8
7
0
70
0
18446744073709551112
18446744073709551615
18446744073709551098
18446744073709551615
18382
0
4
10
11
14
15
17
19
20
0
0
4394
4593
23
24
0
200
200
10
5
0
30
0
10
0
18446744073709551406
18446744073709551615
2175
0
2
6
8
9
11
12
15
16
21
22
4417
4617
23
24
0
201
201
9
7
0
18446744073708703341
18446744073709551615
18446744073709411490
18446744073709551615
18446744073708872476
18446744073709551615
40818148266
0
0
3
8
12
15
18
20
21
22
0
4440
4641
23
24
0
202
202
5
2
0
18446744073709375268
18446744073709551615
18446744073709495612
18446744073709551615
18446744073709488176
18446744073709551615
1290657028
0
3
14
16
20
21
0
0
0
0
0
4463
4665
23
24
0
203
203
10
7
0
18446744073709072614
18446744073709551615
18446744073709326482
18446744073709551615
18446744073709283978
18446744073709551615
2937069254
0
4
5
8
10
11
14
15
16
17
21
4486
4689
23
24
0
204
204
6
3
0
18446744073709488260
18446744073709551615
18446744073709214956
18446744073709551615
18446744073709459168
18446744073709551615
4322913987
0
0
3
4
7
10
12
0
0
0
0
4509
4713
23
24
0
205
205
6
1
0
18446744073709515982
18446744073709551615
18446744073709431368
18446744073709551615
18446744073709494466
18446744073709551615
4125570334
0
0
1
10
13
15
16
0
0
0
0
4532
4737
23
24
0
206
206
6
2
0
18446744073709372835
18446744073709551615
18446744073709470560
18446744073709551615
18446744073709460748
18446744073709551615
18446744073353464034
18446744073709551615
1
5
6
8
20
23
0
0
0
0
4555
4761
23
24
0
207
207
8
7
0
18446744073709122978
18446744073709551615
18446744073708940964
18446744073709551615
18446744073709463430
18446744073709551615
18446744064593156146
18446744073709551615
0
3
4
9
10
21
22
23
0
0
4578
4785
23
24
0
208
208
7
2
0
18446744073709437800
18446744073709551615
18446744073709339392
18446744073709551615
18446744073709332504
18446744073709551615
10352051824
0
0
2
9
15
17
19
20
0
0
0
4601
4809
23
24
0
209
209
4
6
0
18446744073709352524
18446744073709551615
18446744073709309660
18446744073709551615
18446744073708895660
18446744073709551615
19385944908
0
0
4
14
19
0
0
0
0
0
0
4624
4833
23
24
0
210
210
7
3
0
18446744073709175182
18446744073709551615
18446744073709330912
18446744073709551615
18446744073709546924
18446744073709551615
14566527060
0
2
3
11
14
15
18
21
0
0
0
4647
4857
23
24
0
211
211
9
2
0
18446744073709540327
18446744073709551615
18446744073709388604
18446744073709551615
18446744073709291456
18446744073709551615
9198162754
0
3
9
13
14
17
18
19
20
23
0
4670
4881
23
24
0
212
212
8
1
0
18446744073709489932
18446744073709551615
18446744073709421112
18446744073709551615
18446744073709533432
18446744073709551615
3062366276
0
1
6
7
11
14
15
20
21
0
0
4693
4905
23
24
0
213
213
6
5
0
18446744073709551566
18446744073709551615
18446744073709551536
18446744073709551615
18446744073709551526
18446744073709551615
18446744073709549821
18446744073709551615
0
8
9
14
22
23
0
0
0
0
4716
4929
23
24
0
214
214
7
5
0
18446744073709551404
18446744073709551615
18446744073709551306
18446744073709551615
18446744073709551376
18446744073709551615
8445
0
0
2
5
15
17
22
23
0
0
0
4739
4953
23
24
0
215
215
5
2
0
18446744073709551571
18446744073709551615
18446744073709551604
18446744073709551615
18446744073709551548
18446744073709551615
596
0
0
1
5
9
21
0
0
0
0
0
4762
4977
23
24
0
216
216
9
3
0
29
0
18446744073709551406
18446744073709551615
48
0
3699
0
1
2
4
5
11
15
16
18
21
0
4785
5001
23
24
0
217
217
6
6
0
18446744073709551436
18446744073709551615
18446744073709551472
18446744073709551615
18446744073709551424
18446744073709551615
3024
0
2
11
12
13
14
20
0
0
0
0
4808
5025
23
24
0
218
218
9
5
0
18446744073709551213
18446744073709551615
18446744073709551336
18446744073709551615
18446744073709551216
18446744073709551615
16000
0
1
6
7
14
15
18
19
20
21
0
4831
5049
23
24
0
219
219
4
6
0
119
0
48
0
96
0
786
0
1
4
9
19
0
0
0
0
0
0
4854
5073
23
24
0
220
220
10
2
0
18446744073709551503
18446744073709551615
18446744073709551460
18446744073709551615
18446744073709551452
18446744073709551615
7964
0
0
2
3
5
8
9
10
13
15
16
4877
5097
23
24
0
221
221
10
3
0
18446744073709551405
18446744073709551615
18446744073709551442
18446744073709551615
18446744073709551610
18446744073709551615
4326
0
0
1
2
4
10
13
14
16
17
23
4900
5121
23
24
0
222
222
8
4
0
18446744073709551591
18446744073709551615
18446744073709551568
18446744073709551615
18446744073709551480
18446744073709551615
760
0
4
8
9
12
19
20
21
22
0
0
4923
5145
23
24
0
223
223
8
1
0
14
0
18446744073709551610
18446744073709551615
18446744073709551558
18446744073709551615
799
0
1
6
8
14
16
19
21
23
0
0
4946
5169
23
24
0
224
224
9
4
0
18446744073709551598
18446744073709551615
18446744073709551296
18446744073709551615
18446744073709551408
18446744073709551615
8864
0
0
1
3
7
11
13
14
15
23
0
4969
5193
23
24
0
225
225
6
5
0
9
0
18446744073709551336
18446744073709551615
18446744073709551416
18446744073709551615
3280
0
0
1
2
7
14
21
0
0
0
0
4992
5217
23
24
0
226
226
6
2
0
18446744073709551540
18446744073709551615
18446744073709551488
18446744073709551615
18446744073709551560
18446744073709551615
3064
0
1
9
10
19
20
23
0
0
0
0
5015
5241
23
24
0
227
227
9
1
0
14
0
18446744073709551590
18446744073709551615
18446744073709551608
18446744073709551615
65
0
3
12
13
16
17
19
20
21
22
0
5038
5265
23
24
0
228
228
10
1
0
18446744073709551572
18446744073709551615
18446744073709551598
18446744073709551615
18446744073709551610
18446744073709551615
558
0
0
1
6
7
8
10
12
13
15
20
5061
5289
23
24
0
229
229
9
2
0
40
0
18446744073709551568
18446744073709551615
18446744073709551484
18446744073709551615
2648
0
4
7
8
11
14
17
19
21
23
0
5084
5313
23
24
0
230
230
7
7
0
18446744073709551458
18446744073709551615
18446744073709551392
18446744073709551615
56
0
18446744073709551567
18446744073709551615
6
7
8
13
16
18
21
0
0
0
5107
5337
23
24
0
231
231
9
4
0
64
0
18446744073709551392
18446744073709551615
18446744073709551480
18446744073709551615
704
0
2
3
4
6
12
16
17
19
21
0
5130
5361
23
24
0
232
232
4
7
0
18446744073709551053
18446744073709551615
18446744073709551126
18446744073709551615
18446744073709551602
18446744073709551615
16394
0
12
14
16
23
0
0
0
0
0
0
5153
5385
23
24
0
233
233
8
6
0
18446744073709551337
18446744073709551615
18446744073709551340
18446744073709551615
18446744073709551388
18446744073709551615
6978
0
2
3
4
8
14
19
20
23
0
0
5176
5409
23
24
0
234
234
7
7
0
18446744073709551501
18446744073709551615
18446744073709551588
18446744073709551615
18446744073709551196
18446744073709551615
4753
0
1
8
9
12
15
18
19
0
0
0
5199
5433
23
24
0
235
235
9
2
0
18446744073709551548
18446744073709551615
18446744073709551612
18446744073709551615
18446744073709551468
18446744073709551615
1750
0
0
2
3
4
5
7
11
14
18
0
5222
5457
23
24
0
236
236
10
2
0
18446744073709551528
18446744073709551615
18446744073709551596
18446744073709551615
18446744073709551580
18446744073709551615
980
0
0
1
2
3
4
6
10
12
13
14
5245
5481
23
24
0
237
237
7
1
0
18446744073709422138
18446744073709551615
18446744073709501082
18446744073709551615
18446744073709510308
18446744073709551615
5230936685
0
1
2
8
11
12
18
22
0
0
0
5268
5505
23
24
0
238
238
5
3
0
18446744073709306647
18446744073709551615
18446744073709439158
18446744073709551615
18446744073709164304
18446744073709551615
9606508944
0
5
12
13
20
23
0
0
0
0
0
5291
5529
23
24
0
239
239
6
1
0
18446744073709476516
18446744073709551615
18446744073709524726
18446744073709551615
18446744073709517814
18446744073709551615
1668881490
0
3
5
7
8
12
17
0
0
0
0
5314
5553
23
24
0
240
240
10
3
0
18446744073709471190
18446744073709551615
18446744073709179034
18446744073709551615
18446744073709344724
18446744073709551615
11995357875
0
4
5
8
9
12
14
17
20
22
23
5337
5577
23
24
0
241
241
10
5
0
18446744073709328826
18446744073709551615
18446744073709187626
18446744073709551615
18446744073709197786
18446744073709551615
11644996655
0
2
3
4
5
6
8
11
12
14
16
5360
5601
23
24
0
242
242
8
4
0
18446744073709033926
18446744073709551615
18446744073709431432
18446744073709551615
18446744073709370640
18446744073709551615
19636442292
0
10
13
14
16
17
18
19
23
0
0
5383
5625
23
24
0
243
243
10
5
0
18446744073709521835
18446744073709551615
18446744073708988196
18446744073709551615
18446744073709067526
18446744073709551615
21447200520
0
0
1
2
4
14
15
16
19
21
22
5406
5649
23
24
0
244
244
6
3
0
18446744073709291305
18446744073709551615
18446744073709335250
18446744073709551615
18446744073709186876
18446744073709551615
9501225966
0
3
7
8
13
17
18
0
0
0
0
5429
5673
23
24
0
245
245
9
3
0
18446744073709471016
18446744073709551615
18446744073709197322
18446744073709551615
18446744073709514158
18446744073709551615
8089281630
0
0
1
4
8
9
10
15
22
23
0
5452
5697
23
24
0
246
246
4
4
0
18446744073709040167
18446744073709551615
18446744073709515608
18446744073709551615
18446744073709150648
18446744073709551615
19277644876
0
1
3
7
10
0
0
0
0
0
0
5475
5721
23
24
0
247
247
9
1
0
18446744073709454252
18446744073709551615
18446744073709544452
18446744073709551615
18446744073709534874
18446744073709551615
144615553
0
0
1
2
3
6
13
14
19
22
0
5498
5745
23
24
0
248
248
4
3
0
18446744073709403620
18446744073709551615
18446744073709263928
18446744073709551615
18446744073709516264
18446744073709551615
8774146944
0
1
7
14
17
0
0
0
0
0
0
5521
5769
23
24
0
249
249
8
4
0
18446744073709551373
18446744073709551615
18446744073709551328
18446744073709551615
18446744073709551368
18446744073709551615
12528
0
0
3
5
11
13
17
20
23
0
0
5544
5793
23
24
0
250
250
6
2
0
18446744073709551599
18446744073709551615
18446744073709551520
18446744073709551615
18446744073709551540
18446744073709551615
1024
0
10
13
15
18
20
23
0
0
0
0
5567
5817
23
24
0
251
251
6
5
0
8
0
18446744073709551256
18446744073709551615
18446744073709551466
18446744073709551615
5190
0
1
8
9
10
18
23
0
0
0
0
5590
5841
23
24
0
252
252
6
6
0
18446744073709551232
18446744073709551615
18446744073709551412
18446744073709551615
18446744073709551388
18446744073709551615
5340
0
2
11
13
15
17
23
0
0
0
0
5613
5865
23
24
0
253
253
10
3
0
18446744073709551410
18446744073709551615
6
0
18446744073709551562
18446744073709551615
3666
0
0
1
2
3
5
7
9
10
11
12
5636
5889
23
24
0
254
254
4
3
0
48
0
42
0
18
0
18446744073709551550
18446744073709551615
4
11
13
18
0
0
0
0
0
0
5659
5913
23
24
0
255
255
5
7
0
18446744073709551224
18446744073709551615
18446744073709551364
18446744073709551615
18446744073709551448
18446744073709551615
4732
0
3
7
13
14
15
0
0
0
0
0
5682
5937
23
24
0
256
256
10
3
0
18446744073709551428
18446744073709551615
18446744073709551376
18446744073709551615
18446744073709551370
18446744073709551615
11859
0
2
3
4
8
9
13
18
21
22
23
5705
5961
23
24
0
257
257
8
2
0
32
0
18446744073709551560
18446744073709551615
4
0
18446744073709551080
18446744073709551615
3
6
8
12
16
19
22
23
0
0
5728
5985
23
24
0
258
258
7
7
0
18446744073709551359
18446744073709551615
42
0
28
0
18446744073709550888
18446744073709551615
2
5
6
10
20
21
22
0
0
0
5751
6009
23
24
0
259
259
8
6
0
18446744073709551168
18446744073709551615
18446744073709551184
18446744073709551615
18446744073709551544
18446744073709551615
16182
0
7
11
12
14
15
17
20
21
0
0
5774
6033
23
24
0
260
260
10
4
0
47
0
18446744073709551416
18446744073709551615
0
0
2068
0
1
2
9
12
13
15
17
18
19
22
5797
6057
23
24
0
261
261
7
6
0
18446744073709551144
18446744073709551615
18446744073709551124
18446744073709551615
18446744073709551376
18446744073709551615
16212
0
3
4
12
19
21
22
23
0
0
0
5820
6081
23
24
0
262
262
9
6
0
18446744073709551433
18446744073709551615
18446744073709551364
18446744073709551615
18446744073709551448
18446744073709551615
4686
0
0
1
4
6
11
12
14
22
23
0
5843
6105
23
24
0
263
263
9
7
0
18446744073709551210
18446744073709551615
18446744073709551322
18446744073709551615
18446744073709551336
18446744073709551615
4606
0
1
2
4
10
14
15
18
21
23
0
5866
6129
23
24
0
264
264
10
4
0
18446744073709551504
18446744073709551615
0
0
48
0
18446744073709549628
18446744073709551615
0
1
2
8
10
12
17
19
21
22
5889
6153
23
24
0
265
265
7
2
0
18446744073709551604
18446744073709551615
18446744073709551560
18446744073709551615
18446744073709551576
18446744073709551615
482
0
1
7
9
12
13
15
17
0
0
0
5912
6177
23
24
0
266
266
5
6
0
18446744073709551503
18446744073709551615
18446744073709551292
18446744073709551615
18446744073709551448
18446744073709551615
1662
0
0
13
18
20
23
0
0
0
0
0
5935
6201
23
24
0
267
267
4
5
0
18446744073709551436
18446744073709551615
18446744073709551526
18446744073709551615
18446744073709551516
18446744073709551615
525
0
1
6
14
18
0
0
0
0
0
0
5958
6225
23
24
0
268
268
10
6
0
18446744073709551435
18446744073709551615
18446744073709551592
18446744073709551615
18446744073709551124
18446744073709551615
11310
0
1
2
5
8
10
11
13
14
19
21
5981
6249
23
24
0
269
269
7
6
0
18446744073709551385
18446744073709551615
18446744073709551472
18446744073709551615
18446744073709551340
18446744073709551615
1158
0
0
7
8
10
11
22
23
0
0
0
6004
6273
23
24
0
270
270
10
3
0
11
0
18446744073709551538
18446744073709551615
36
0
480
0
0
2
3
4
7
8
11
14
15
20
6027
6297
23
24
0
271
271
7
1
0
18446744073709551586
18446744073709551615
18446744073709551542
18446744073709551615
18446744073709551586
18446744073709551615
1815
0
2
7
11
12
14
15
17
0
0
0
6050
6321
23
24
0
272
272
6
5
0
18446744073709551505
18446744073709551615
18446744073709551496
18446744073709551615
18446744073709551586
18446744073709551615
1245
0
0
11
15
17
21
23
0
0
0
0
6073
6345
23
24
0
273
273
7
5
0
18446744073709301393
18446744073709551615
18446744073709158546
18446744073709551615
18446744073709102946
18446744073709551615
20490906730
0
7
11
14
17
19
21
23
0
0
0
6096
6369
23
24
0
274
274
10
2
0
18446744073709302719
18446744073709551615
18446744073709493912
18446744073709551615
18446744073709529968
18446744073709551615
7519893350
0
0
5
6
9
10
11
17
19
20
21
6119
6393
23
24
0
275
275
10
6
0
18446744073709341254
18446744073709551615
18446744073709229188
18446744073709551615
18446744073709089904
18446744073709551615
18446744066950167832
18446744073709551615
0
2
3
4
5
6
7
10
11
13
6142
6417
23
24
0
276
276
9
3
0
18446744073709516276
18446744073709551615
18446744073709184806
18446744073709551615
18446744073709209394
18446744073709551615
20904783639
0
5
7
10
11
17
18
19
21
22
0
6165
6441
23
24
0
277
277
10
5
0
18446744073708996024
18446744073709551615
18446744073709248066
18446744073709551615
18446744073709489286
18446744073709551615
5649993475
0
0
2
4
10
14
15
16
17
20
23
6188
6465
23
24
0
278
278
10
2
0
18446744073709351616
18446744073709551615
18446744073709510612
18446744073709551615
18446744073709351620
18446744073709551615
7121614772
0
3
10
13
14
16
18
19
20
22
23
6211
6489
23
24
0
279
279
8
6
0
18446744073709163820
18446744073709551615
18446744073709182388
18446744073709551615
18446744073709518460
18446744073709551615
5672953062
0
1
2
4
8
13
14
15
21
0
0
6234
6513
23
24
0
280
280
6
2
0
18446744073709485507
18446744073709551615
18446744073709315584
18446744073709551615
18446744073709457296
18446744073709551615
6938115738
0
1
6
7
9
13
22
0
0
0
0
6257
6537
23
24
0
281
281
10
7
0
18446744073708979645
18446744073709551615
18446744073709254676
18446744073709551615
18446744073709417076
18446744073709551615
8942891027
0
1
5
6
7
9
12
13
14
18
21
6280
6561
23
24
0
282
282
5
2
0
18446744073709412892
18446744073709551615
18446744073709482668
18446744073709551615
18446744073709310492
18446744073709551615
9999038004
0
5
6
12
15
20
0
0
0
0
0
6303
6585
23
24
0
283
283
9
7
0
18446744073709470050
18446744073709551615
18446744073708669336
18446744073709551615
18446744073709327420
18446744073709551615
29383245577
0
1
2
4
7
9
11
13
22
23
0
6326
6609
23
24
0
284
284
8
3
0
18446744073709520794
18446744073709551615
18446744073709212112
18446744073709551615
18446744073709349254
18446744073709551615
9266188794
0
3
6
9
10
11
15
21
23
0
0
6349
6633
23
24
0
285
285
10
4
0
18446744073709551591
18446744073709551615
24
0
18446744073709551544
18446744073709551615
18446744073709550412
18446744073709551615
1
3
5
9
10
11
12
14
16
18
6372
6657
23
24
0
286
286
10
2
0
18446744073709551591
18446744073709551615
18446744073709551596
18446744073709551615
18446744073709551540
18446744073709551615
452
0
2
3
4
10
12
14
15
19
20
23
6395
6681
23
24
0
287
287
10
2
0
18446744073709551588
18446744073709551615
12
0
18446744073709551560
18446744073709551615
116
0
1
4
5
6
7
8
13
16
19
22
6418
6705
23
24
0
288
288
9
4
0
18446744073709551421
18446744073709551615
0
0
18446744073709551504
18446744073709551615
3088
0
3
9
10
12
14
15
16
21
22
0
6441
6729
23
24
0
289
289
10
4
0
18446744073709551583
18446744073709551615
18446744073709551520
18446744073709551615
18446744073709551368
18446744073709551615
4468
0
0
4
5
14
15
16
18
19
20
21
6464
6753
23
24
0
290
290
7
5
0
18446744073709551345
18446744073709551615
18446744073709551436
18446744073709551615
18446744073709551376
18446744073709551615
7020
0
1
7
8
15
17
21
23
0
0
0
6487
6777
23
24
0
291
291
7
3
0
18446744073709551543
18446744073709551615
18446744073709551394
18446744073709551615
18446744073709551592
18446744073709551615
4224
0
1
2
5
6
12
13
16
0
0
0
6510
6801
23
24
0
292
292
9
6
0
22
0
18446744073709551472
18446744073709551615
18446744073709551340
18446744073709551615
18446744073709549534
18446744073709551615
1
2
3
8
9
12
13
14
21
0
6533
6825
23
24
0
293
293
10
4
0
14
0
18446744073709551480
18446744073709551615
18446744073709551424
18446744073709551615
3472
0
0
3
5
6
7
9
10
14
18
20
6556
6849
23
24
0
294
294
9
5
0
97
0
18446744073709551606
18446744073709551615
18446744073709551386
18446744073709551615
2905
0
1
4
8
9
11
17
19
21
22
0
6579
6873
23
24
0
295
295
10
2
0
18446744073709551483
18446744073709551615
18446744073709551496
18446744073709551615
18446744073709551612
18446744073709551615
3980
0
3
5
9
10
12
13
14
15
18
21
6602
6897
23
24
0
296
296
6
7
0
18446744073709551597
18446744073709551615
18446744073709551098
18446744073709551615
28
0
9170
0
3
9
12
15
18
23
0
0
0
0
6625
6921
23
24
0
297
297
10
3
0
30
0
48
0
18446744073709551394
18446744073709551615
2646
0
2
4
5
7
8
10
11
13
14
16
6648
6945
23
24
0
298
298
8
6
0
18446744073709551275
18446744073709551615
96
0
18446744073709551196
18446744073709551615
12054
0
4
5
7
10
17
18
21
22
0
0
6671
6969
23
24
0
299
299
8
6
0
18446744073709551147
18446744073709551615
18446744073709551568
18446744073709551615
18446744073709551568
18446744073709551615
9264
0
1
3
5
7
8
12
20
22
0
0
6694
6993
23
24
0
300
300
4
7
0
18446744073709551122
18446744073709551615
18446744073709551602
18446744073709551615
18446744073709551126
18446744073709551615
15785
0
5
16
17
22
0
0
0
0
0
0
6717
7017
23
24
0
301
301
6
7
0
18446744073709551052
18446744073709551615
84
0
18446744073709551126
18446744073709551615
13727
0
0
6
7
10
22
23
0
0
0
0
6740
7041
23
24
0
302
302
9
6
0
18446744073709551193
18446744073709551615
48
0
18446744073709551268
18446744073709551615
9318
0
2
8
10
13
14
15
18
19
23
0
6763
7065
23
24
0
303
303
6
2
0
18446744073709551500
18446744073709551615
18446744073709551560
18446744073709551615
18446744073709551568
18446744073709551615
2234
0
0
1
4
17
18
20
0
0
0
0
6786
7089
23
24
0
304
304
10
3
0
18446744073709551430
18446744073709551615
18
0
6
0
2325
0
0
3
4
6
10
14
17
18
20
21
6809
7113
23
24
0
305
305
9
4
0
18446744073709551568
18446744073709551615
18446744073709551568
18446744073709551615
18446744073709551288
18446744073709551615
6528
0
0
2
4
6
12
18
19
20
23
0
6832
7137
23
24
0
306
306
10
6
0
18446744073709551398
18446744073709551615
18446744073709551484
18446744073709551615
18446744073709551556
18446744073709551615
2220
0
3
6
7
10
12
14
16
18
19
22
6855
7161
23
24
0
307
307
5
7
0
18446744073709551234
18446744073709551615
18446744073709551602
18446744073709551615
18446744073709551238
18446744073709551615
9961
0
1
8
12
13
23
0
0
0
0
0
6878
7185
23
24
0
308
308
10
3
0
18446744073709551447
18446744073709551615
18446744073709551466
18446744073709551615
18446744073709551370
18446744073709551615
8763
0
1
2
3
7
8
10
16
19
21
22
6901
7209
23
24
0
309
309
10
5
0
18446744073709444785
18446744073709551615
18446744073709051776
18446744073709551615
18446744073709472806
18446744073709551615
18446744072898532926
18446744073709551615
0
3
4
6
7
8
9
10
15
17
6924
7233
23
24
0
310
310
7
6
0
18446744073709497925
18446744073709551615
18446744073709004704
18446744073709551615
18446744073709243192
18446744073709551615
10861498392
0
1
4
6
7
8
10
12
0
0
0
6947
7257
23
24
0
311
311
7
7
0
18446744073709015776
18446744073709551615
18446744073708880708
18446744073709551615
18446744073708886084
18446744073709551615
14888262053
0
6
8
10
12
14
20
23
0
0
0
6970
7281
23
24
0
312
312
6
2
0
18446744073709311204
18446744073709551615
18446744073709459436
18446744073709551615
18446744073709363776
18446744073709551615
11766234610
0
1
7
9
12
15
16
0
0
0
0
6993
7305
23
24
0
313
313
8
1
0
18446744073709530166
18446744073709551615
18446744073709512752
18446744073709551615
18446744073709441404
18446744073709551615
3273651364
0
1
7
8
10
11
15
19
20
0
0
7016
7329
23
24
0
314
314
9
4
0
18446744073709528912
18446744073709551615
18446744073709442080
18446744073709551615
18446744073709062576
18446744073709551615
14744527036
0
0
3
5
8
10
14
16
19
23
0
7039
7353
23
24
0
315
315
10
2
0
18446744073709319576
18446744073709551615
18446744073709407616
18446744073709551615
18446744073709468508
18446744073709551615
10102869208
0
2
5
6
9
10
13
16
17
18
22
7062
7377
23
24
0
316
316
10
6
0
18446744073708879351
18446744073709551615
18446744073709307824
18446744073709551615
18446744073709170496
18446744073709551615
26996614584
0
0
2
6
9
10
11
13
17
18
20
7085
7401
23
24
0
317
317
6
3
0
18446744073709274794
18446744073709551615
18446744073709499962
18446744073709551615
18446744073709297144
18446744073709551615
8270299299
0
5
7
11
13
14
15
0
0
0
0
7108
7425
23
24
0
318
318
7
4
0
18446744073709121389
18446744073709551615
18446744073709450856
18446744073709551615
18446744073709167568
18446744073709551615
21162116544
0
2
7
10
17
19
21
22
0
0
0
7131
7449
23
24
0
319
319
3
5
0
18446744073709291322
18446744073709551615
18446744073709490636
18446744073709551615
18446744073709168936
18446744073709551615
10730818525
0
2
9
11
0
0
0
0
0
0
0
7154
7473
23
24
0
320
320
8
1
0
18446744073709473232
18446744073709551615
18446744073709551448
18446744073709551615
18446744073709474922
18446744073709551615
1591774560
0
1
6
9
13
15
17
22
23
0
0
7177
7497
23
24
0
321
321
3
1
0
18446744073709551564
18446744073709551615
18446744073709551566
18446744073709551615
18446744073709551542
18446744073709551615
2670
0
2
12
22
0
0
0
0
0
0
0
7200
7521
23
24
0
322
322
10
1
0
18446744073709551604
18446744073709551615
18446744073709551592
18446744073709551615
18446744073709551548
18446744073709551615
1012
0
0
2
11
12
13
15
17
18
20
21
7223
7545
23
24
0
323
323
10
4
0
18446744073709551455
18446744073709551615
18446744073709551488
18446744073709551615
18446744073709551576
18446744073709551615
1824
0
4
6
7
9
10
12
13
15
16
19
7246
7569
23
24
0
324
324
8
4
0
18446744073709551494
18446744073709551615
18446744073709551600
18446744073709551615
18446744073709551560
18446744073709551615
328
0
1
2
4
6
7
12
17
20
0
0
7269
7593
23
24
0
325
325
3
1
0
6
0
18446744073709551576
18446744073709551615
18446744073709551556
18446744073709551615
1209
0
8
19
20
0
0
0
0
0
0
0
7292
7617
23
24
0
326
326
10
1
0
18446744073709551542
18446744073709551615
18446744073709551594
18446744073709551615
18446744073709551584
18446744073709551615
1217
0
2
3
5
6
8
11
12
14
15
17
7315
7641
23
24
0
327
327
10
1
0
18446744073709551606
18446744073709551615
18446744073709551542
18446744073709551615
18446744073709551604
18446744073709551615
805
0
2
4
5
7
10
12
13
16
17
18
7338
7665
23
24
0
328
328
6
1
0
18446744073709551574
18446744073709551615
18446744073709551614
18446744073709551615
18446744073709551546
18446744073709551615
706
0
1
3
13
16
19
21
0
0
0
0
7361
7689
23
24
0
329
329
10
2
0
18446744073709551475
18446744073709551615
18446744073709551592
18446744073709551615
18446744073709551608
18446744073709551615
1648
0
1
2
7
8
10
11
12
14
15
17
7384
7713
23
24
0
330
330
6
3
0
18446744073709551573
18446744073709551615
18446744073709551424
18446744073709551615
18446744073709551556
18446744073709551615
3507
0
0
2
6
7
17
19
0
0
0
0
7407
7737
23
24
0
331
331
10
3
0
18446744073709551578
18446744073709551615
36
0
18446744073709551508
18446744073709551615
216
0
3
5
6
10
11
13
18
21
22
23
7430
7761
23
24
0
332
332
10
4
0
18446744073709551496
18446744073709551615
18446744073709551328
18446744073709551615
24
0
4356
0
0
2
3
6
10
12
13
15
18
19
7453
7785
23
24
0
333
333
5
3
0
18446744073709551465
18446744073709551615
18446744073709551610
18446744073709551615
18446744073709551568
18446744073709551615
1098
0
1
2
3
4
5
0
0
0
0
0
7476
7809
23
24
0
334
334
8
7
0
18446744073709551400
18446744073709551615
18446744073709551112
18446744073709551615
18446744073709551168
18446744073709551615
12712
0
1
4
11
12
13
14
17
22
0
0
7499
7833
23
24
0
335
335
7
6
0
18446744073709551590
18446744073709551615
18446744073709551352
18446744073709551615
18446744073709551496
18446744073709551615
3474
0
2
3
7
8
10
11
17
0
0
0
7522
7857
23
24
0
336
336
9
1
0
18446744073709551578
18446744073709551615
6
0
18446744073709551588
18446744073709551615
502
0
1
3
7
8
9
13
19
20
21
0
7545
7881
23
24
0
337
337
10
5
0
18446744073709551504
18446744073709551615
18446744073709551476
18446744073709551615
18446744073709551606
18446744073709551615
310
0
0
1
5
7
11
12
15
16
17
18
7568
7905
23
24
0
338
338
10
7
0
18446744073709551106
18446744073709551615
18446744073709551322
18446744073709551615
18446744073709551448
18446744073709551615
12915
0
1
3
4
5
6
9
10
11
13
18
7591
7929
23
24
0
339
339
9
4
0
18446744073709551597
18446744073709551615
18446744073709551496
18446744073709551615
18446744073709551392
18446744073709551615
2756
0
4
6
8
12
13
15
18
19
22
0
7614
7953
23
24
0
340
340
9
6
0
23
0
18446744073709551580
18446744073709551615
18446744073709551124
18446744073709551615
6708
0
0
7
12
15
17
18
19
20
23
0
7637
7977
23
24
0
341
341
7
4
0
18446744073709551376
18446744073709551615
18446744073709551488
18446744073709551615
18446744073709551456
18446744073709551615
3308
0
1
2
7
8
12
20
21
0
0
0
7660
8001
23
24
0
342
342
9
2
0
18446744073709551595
18446744073709551615
20
0
18446744073709551608
18446744073709551615
18446744073709551212
18446744073709551615
2
10
11
14
15
17
20
21
22
0
7683
8025
23
24
0
343
343
9
3
0
18446744073709551556
18446744073709551615
18446744073709551406
18446744073709551615
18446744073709551526
18446744073709551615
4503
0
0
3
4
5
6
10
11
15
23
0
7706
8049
23
24
0
344
344
7
1
0
18446744073709551590
18446744073709551615
18446744073709551564
18446744073709551615
18446744073709551566
18446744073709551615
1434
0
2
4
6
10
11
15
22
0
0
0
7729
8073
23
24
0
345
345
3
6
0
18446744073709209002
18446744073709551615
18446744073708789472
18446744073709551615
18446744073709111132
18446744073709551615
34687915260
0
7
9
11
0
0
0
0
0
0
0
7752
8097
23
24
0
346
346
9
5
0
18446744073709428062
18446744073709551615
18446744073708955766
18446744073709551615
18446744073708999556
18446744073709551615
31297610585
0
0
2
3
4
5
7
8
9
15
0
7775
8121
23
24
0
347
347
6
7
0
18446744073708819570
18446744073709551615
18446744073709032608
18446744073709551615
18446744073709152028
18446744073709551615
34435102471
0
3
4
11
15
18
19
0
0
0
0
7798
8145
23
24
0
348
348
10
1
0
18446744073709504254
18446744073709551615
18446744073709526042
18446744073709551615
18446744073709485372
18446744073709551615
1718300910
0
1
3
5
8
11
12
14
15
17
18
7821
8169
23
24
0
349
349
10
2
0
18446744073709505603
18446744073709551615
18446744073709384492
18446744073709551615
18446744073709368112
18446744073709551615
7604426892
0
0
2
3
4
5
8
11
12
13
14
7844
8193
23
24
0
350
350
9
1
0
18446744073709525002
18446744073709551615
18446744073709464052
18446744073709551615
18446744073709425742
18446744073709551615
5698173642
0
5
6
9
14
15
17
18
20
22
0
7867
8217
23
24
0
351
351
7
1
0
18446744073709508296
18446744073709551615
18446744073709523546
18446744073709551615
18446744073709434970
18446744073709551615
2798069730
0
4
7
10
12
14
16
19
0
0
0
7890
8241
23
24
0
352
352
7
6
0
18446744073709081272
18446744073709551615
18446744073708803308
18446744073709551615
18446744073708853852
18446744073709551615
46970422554
0
1
8
9
13
15
16
18
0
0
0
7913
8265
23
24
0
353
353
10
2
0
18446744073709342084
18446744073709551615
18446744073709539820
18446744073709551615
18446744073709503312
18446744073709551615
3102202434
0
0
2
4
7
8
9
11
12
16
23
7936
8289
23
24
0
354
354
9
5
0
18446744073709051002
18446744073709551615
18446744073709210966
18446744073709551615
18446744073709031966
18446744073709551615
31833529935
0
1
7
11
12
14
17
18
20
21
0
7959
8313
23
24
0
355
355
9
6
0
18446744073709325077
18446744073709551615
18446744073709344208
18446744073709551615
18446744073709012972
18446744073709551615
6166096104
0
0
1
2
3
4
12
13
14
18
0
7982
8337
23
24
0
356
356
4
1
0
18446744073709475372
18446744073709551615
18446744073709427086
18446744073709551615
18446744073709523194
18446744073709551615
5466332634
0
6
7
11
18
0
0
0
0
0
0
8005
8361
23
24
0
357
357
9
1
0
18446744073709551544
18446744073709551615
18446744073709551534
18446744073709551615
18
0
2833
0
0
2
3
8
16
17
20
22
23
0
8028
8385
23
24
0
358
358
10
2
0
18446744073709551488
18446744073709551615
18446744073709551608
18446744073709551615
18446744073709551520
18446744073709551615
3008
0
0
2
6
7
9
11
14
16
17
21
8051
8409
23
24
0
359
359
7
6
0
18446744073709551316
18446744073709551615
18446744073709551136
18446744073709551615
18446744073709551148
18446744073709551615
21750
0
0
4
7
10
11
12
15
0
0
0
8074
8433
23
24
0
360
360
8
6
0
18446744073709551204
18446744073709551615
18446744073709551304
18446744073709551615
18446744073709551484
18446744073709551615
11118
0
0
4
6
7
11
12
14
15
0
0
8097
8457
23
24
0
361
361
10
3
0
18446744073709551435
18446744073709551615
18446744073709551430
18446744073709551615
60
0
5883
0
3
8
10
11
12
13
14
15
16
19
8120
8481
23
24
0
362
362
10
3
0
34
0
18446744073709551496
18446744073709551615
18446744073709551424
18446744073709551615
1680
0
0
1
2
4
8
10
11
13
14
15
8143
8505
23
24
0
363
363
9
4
0
18446744073709551304
18446744073709551615
18446744073709551464
18446744073709551615
24
0
4648
0
3
4
6
7
10
13
14
20
23
0
8166
8529
23
24
0
364
364
10
1
0
18446744073709551536
18446744073709551615
18446744073709551576
18446744073709551615
18446744073709551550
18446744073709551615
2648
0
4
6
9
12
13
14
16
19
22
23
8189
8553
23
24
0
365
365
9
7
0
24
0
18446744073709551560
18446744073709551615
18446744073709551518
18446744073709551615
140
0
0
3
5
7
15
16
18
19
22
0
8212
8577
23
24
0
366
366
8
5
0
18446744073709551606
18446744073709551615
18446744073709551416
18446744073709551615
20
0
220
0
1
7
10
12
13
18
21
22
0
0
8235
8601
23
24
0
367
367
7
2
0
8
0
0
0
18446744073709551576
18446744073709551615
18446744073709551582
18446744073709551615
5
11
12
14
16
18
21
0
0
0
8258
8625
23
24
0
368
368
3
5
0
18446744073709551425
18446744073709551615
18446744073709551496
18446744073709551615
18446744073709551386
18446744073709551615
4765
0
4
9
19
0
0
0
0
0
0
0
8281
8649
23
24
0
369
369
7
4
0
0
0
18446744073709551472
18446744073709551615
18446744073709551544
18446744073709551615
324
0
2
3
6
8
15
16
22
0
0
0
8304
8673
23
24
0
370
370
10
6
0
18446744073709551374
18446744073709551615
18446744073709551256
18446744073709551615
18446744073709551352
18446744073709551615
10320
0
0
2
3
8
10
15
16
17
22
23
8327
8697
23
24
0
371
371
10
4
0
18446744073709551373
18446744073709551615
18446744073709551520
18446744073709551615
18446744073709551464
18446744073709551615
5620
0
0
3
6
7
12
15
16
17
18
19
8350
8721
23
24
0
372
372
8
7
0
18446744073709551317
18446744073709551615
140
0
18446744073709551602
18446744073709551615
2611
0
3
4
10
11
13
17
21
22
0
0
8373
8745
23
24
0
373
373
10
2
0
18446744073709551492
18446744073709551615
18446744073709551528
18446744073709551615
40
0
2640
0
0
1
2
5
6
9
11
13
15
16
8396
8769
23
24
0
374
374
10
2
0
31
0
18446744073709551604
18446744073709551615
18446744073709551612
18446744073709551615
18446744073709551186
18446744073709551615
3
4
5
7
12
14
15
17
18
20
8419
8793
23
24
0
375
375
6
3
0
18446744073709551410
18446744073709551615
30
0
18446744073709551592
18446744073709551615
708
0
6
9
11
16
21
23
0
0
0
0
8442
8817
23
24
0
376
376
6
6
0
18446744073709551155
18446744073709551615
108
0
18446744073709551220
18446744073709551615
14508
0
0
4
9
13
17
22
0
0
0
0
8465
8841
23
24
0
377
377
6
2
0
18446744073709551523
18446744073709551615
18446744073709551492
18446744073709551615
4
0
2404
0
6
7
9
11
12
20
0
0
0
0
8488
8865
23
24
0
378
378
8
1
0
18446744073709551580
18446744073709551615
18446744073709551548
18446744073709551615
12
0
1155
0
2
5
10
14
15
20
22
23
0
0
8511
8889
23
24
0
379
379
7
4
0
18446744073709551293
18446744073709551615
18446744073709551536
18446744073709551615
18446744073709551376
18446744073709551615
7696
0
5
6
7
9
18
19
20
0
0
0
8534
8913
23
24
0
380
380
9
7
0
18446744073709551569
18446744073709551615
112
0
18446744073709551140
18446744073709551615
8603
0
5
6
10
11
13
14
16
18
21
0
8557
8937
23
24
0
381
381
8
2
0
18446744073709444187
18446744073709551615
18446744073709505084
18446744073709551615
18446744073709398644
18446744073709551615
1080505716
0
0
3
4
5
7
9
13
22
0
0
8580
8961
23
24
0
382
382
10
6
0
18446744073709517605
18446744073709551615
18446744073709055332
18446744073709551615
18446744073709485508
18446744073709551615
18446744070427160782
18446744073709551615
0
3
6
7
9
13
15
16
19
21
8603
8985
23
24
0
383
383
6
1
0
18446744073709426020
18446744073709551615
18446744073709516342
18446744073709551615
18446744073709466606
18446744073709551615
5869809677
0
3
4
7
8
15
17
0
0
0
0
8626
9009
23
24
0
384
384
8
4
0
18446744073709139174
18446744073709551615
18446744073709220680
18446744073709551615
18446744073709519096
18446744073709551615
17403018632
0
1
5
7
9
12
14
22
23
0
0
8649
9033
23
24
0
385
385
7
2
0
18446744073709426743
18446744073709551615
18446744073709328264
18446744073709551615
18446744073709515720
18446744073709551615
8265337286
0
2
4
6
7
11
19
21
0
0
0
8672
9057
23
24
0
386
386
7
3
0
18446744073709251398
18446744073709551615
18446744073709347910
18446744073709551615
18446744073709267396
18446744073709551615
16136802108
0
10
12
15
19
21
22
23
0
0
0
8695
9081
23
24
0
387
387
7
2
0
18446744073709383072
18446744073709551615
18446744073709526676
18446744073709551615
18446744073709503260
18446744073709551615
18446744071468642828
18446744073709551615
1
2
5
9
11
18
23
0
0
0
8718
9105
23
24
0
388
388
10
4
0
18446744073709187552
18446744073709551615
18446744073709239176
18446744073709551615
18446744073709197432
18446744073709551615
11035646948
0
0
3
4
6
7
11
12
14
16
17
8741
9129
23
24
0
389
389
5
1
0
18446744073709494232
18446744073709551615
18446744073709460902
18446744073709551615
18446744073709446926
18446744073709551615
4052248137
0
3
8
15
18
23
0
0
0
0
0
8764
9153
23
24
0
390
390
9
5
0
18446744073709056115
18446744073709551615
18446744073709324496
18446744073709551615
18446744073709008576
18446744073709551615
29575938175
0
0
2
4
7
10
13
14
20
23
0
8787
9177
23
24
0
391
391
10
3
0
18446744073709342712
18446744073709551615
18446744073709522666
18446744073709551615
18446744073709499392
18446744073709551615
18446744065809938731
18446744073709551615
4
7
8
9
13
14
16
17
19
22
8810
9201
23
24
0
392
392
10
1
0
18446744073709503124
18446744073709551615
18446744073709493524
18446744073709551615
18446744073709445510
18446744073709551615
3622958145
0
0
4
5
6
8
12
13
15
21
23
8833
9225
23
24
0
393
393
4
3
0
18446744073709551602
18446744073709551615
18446744073709551412
18446744073709551615
18446744073709551520
18446744073709551615
4221
0
1
2
6
13
0
0
0
0
0
0
8856
9249
23
24
0
394
394
10
1
0
18446744073709551600
18446744073709551615
18446744073709551542
18446744073709551615
18446744073709551604
18446744073709551615
508
0
0
1
2
4
6
7
8
10
12
14
8879
9273
23
24
0
395
395
9
3
0
18446744073709551370
18446744073709551615
18446744073709551394
18446744073709551615
18446744073709551466
18446744073709551615
10158
0
0
4
6
11
12
13
16
21
22
0
8902
9297
23
24
0
396
396
10
4
0
18446744073709551430
18446744073709551615
18446744073709551312
18446744073709551615
18446744073709551504
18446744073709551615
6176
0
2
3
4
5
6
7
11
17
18
19
8925
9321
23
24
0
397
397
7
1
0
14
0
18446744073709551598
18446744073709551615
18446744073709551582
18446744073709551615
275
0
9
11
13
14
15
16
23
0
0
0
8948
9345
23
24
0
398
398
10
5
0
18446744073709551474
18446744073709551615
18446744073709551606
18446744073709551615
30
0
18446744073709550646
18446744073709551615
0
2
3
4
11
12
13
15
18
20
8971
9369
23
24
0
399
399
7
4
0
24
0
64
0
48
0
18446744073709548208
18446744073709551615
1
5
8
11
15
17
20
0
0
0
8994
9393
23
24
0
400
400
8
7
0
18446744073709551097
18446744073709551615
126
0
18446744073709551420
18446744073709551615
9499
0
1
2
10
11
12
15
17
21
0
0
9017
9417
23
24
0
401
401
6
7
0
18446744073709551204
18446744073709551615
18446744073709551504
18446744073709551615
70
0
1778
0
0
1
3
12
15
19
0
0
0
0
9040
9441
23
24
0
402
402
10
4
0
18446744073709551414
18446744073709551615
18446744073709551568
18446744073709551615
24
0
2536
0
0
3
4
5
9
14
18
19
20
22
9063
9465
23
24
0
403
403
10
4
0
18446744073709551461
18446744073709551615
18446744073709551600
18446744073709551615
18446744073709551496
18446744073709551615
1460
0
2
4
5
6
7
15
16
17
20
21
9086
9489
23
24
0
404
404
8
5
0
18446744073709551256
18446744073709551615
18446744073709551426
18446744073709551615
18446744073709551336
18446744073709551615
12205
0
1
5
6
7
10
11
13
17
0
0
9109
9513
23
24
0
405
405
4
3
0
36
0
18446744073709551550
18446744073709551615
18446744073709551604
18446744073709551615
435
0
0
1
12
22
0
0
0
0
0
0
9132
9537
23
24
0
406
406
10
1
0
18446744073709551552
18446744073709551615
18446744073709551574
18446744073709551615
18446744073709551584
18446744073709551615
1621
0
1
3
4
9
10
11
16
19
20
21
9155
9561
23
24
0
407
407
5
2
0
18446744073709551607
18446744073709551615
18446744073709551600
18446744073709551615
18446744073709551572
18446744073709551615
18446744073709551610
18446744073709551615
8
9
11
19
20
0
0
0
0
0
9178
9585
23
24
0
408
408
10
5
0
18446744073709551384
18446744073709551615
18446744073709551476
18446744073709551615
18446744073709551506
18446744073709551615
2425
0
1
5
8
10
11
13
14
18
19
20
9201
9609
23
24
0
409
409
5
7
0
18446744073709551064
18446744073709551615
112
0
18446744073709551042
18446744073709551615
17759
0
0
8
16
18
20
0
0
0
0
0
9224
9633
23
24
0
410
410
9
1
0
18446744073709551570
18446744073709551615
18446744073709551540
18446744073709551615
18446744073709551566
18446744073709551615
1757
0
0
3
6
9
13
17
18
21
22
0
9247
9657
23
24
0
411
411
7
4
0
18446744073709551413
18446744073709551615
18446744073709551576
18446744073709551615
18446744073709551568
18446744073709551615
980
0
1
3
10
11
18
22
23
0
0
0
9270
9681
23
24
0
412
412
10
2
0
18446744073709551487
18446744073709551615
18446744073709551576
18446744073709551615
18446744073709551564
18446744073709551615
1786
0
5
6
7
8
10
11
12
17
18
20
9293
9705
23
24
0
413
413
8
6
0
82
0
12
0
18446744073709551268
18446744073709551615
4860
0
0
3
12
13
16
18
19
22
0
0
9316
9729
23
24
0
414
414
10
2
0
18446744073709551604
18446744073709551615
18446744073709551516
18446744073709551615
18446744073709551500
18446744073709551615
2750
0
0
1
2
4
6
10
11
12
13
16
9339
9753
23
24
0
415
415
7
2
0
18446744073709551460
18446744073709551615
18446744073709551604
18446744073709551615
18446744073709551524
18446744073709551615
3606
0
0
4
5
7
14
22
23
0
0
0
9362
9777
23
24
0
416
416
6
6
0
69
0
60
0
18446744073709551136
18446744073709551615
4566
0
4
5
9
14
15
21
0
0
0
0
9385
9801
23
24
0
417
417
8
3
0
18446744073709352696
18446744073709551615
18446744073709438258
18446744073709551615
18446744073709429042
18446744073709551615
18446744067593402686
18446744073709551615
5
9
10
11
13
15
17
21
0
0
9408
9825
23
24
0
418
418
5
4
0
18446744073709154471
18446744073709551615
18446744073709280928
18446744073709551615
18446744073709230720
18446744073709551615
20437959956
0
4
5
11
14
20
0
0
0
0
0
9431
9849
23
24
0
419
419
9
5
0
18446744073709021922
18446744073709551615
18446744073709145476
18446744073709551615
18446744073709141556
18446744073709551615
16081371560
0
0
1
4
5
14
15
20
21
23
0
9454
9873
23
24
0
420
420
6
2
0
18446744073709349743
18446744073709551615
18446744073709354452
18446744073709551615
18446744073709302352
18446744073709551615
16546788074
0
6
12
13
15
20
22
0
0
0
0
9477
9897
23
24
0
421
421
10
4
0
18446744073709098071
18446744073709551615
18446744073709342936
18446744073709551615
18446744073709461440
18446744073709551615
15142361656
0
4
5
6
11
12
15
16
17
20
23
9500
9921
23
24
0
422
422
3
4
0
18446744073709331869
18446744073709551615
18446744073709032384
18446744073709551615
18446744073709101296
18446744073709551615
31499305744
0
1
2
15
0
0
0
0
0
0
0
9523
9945
23
24
0
423
423
10
4
0
18446744073709368016
18446744073709551615
18446744073709184120
18446744073709551615
18446744073709308872
18446744073709551615
7967609428
0
0
6
8
11
13
15
17
19
20
22
9546
9969
23
24
0
424
424
10
7
0
18446744073709527950
18446744073709551615
18446744073709166980
18446744073709551615
18446744073709348378
18446744073709551615
18446744062559595904
18446744073709551615
0
2
4
5
7
9
11
15
16
17
9569
9993
23
24
0
425
425
7
7
0
18446744073709338698
18446744073709551615
18446744073708663134
18446744073709551615
18446744073708793138
18446744073709551615
38471185886
0
2
9
10
12
16
18
22
0
0
0
9592
10017
23
24
0
426
426
10
3
0
18446744073709381947
18446744073709551615
18446744073709521382
18446744073709551615
18446744073709549690
18446744073709551615
588851751
0
1
3
6
8
9
14
15
17
18
19
9615
10041
23
24
0
427
427
7
6
0
18446744073708942387
18446744073709551615
18446744073709098256
18446744073709551615
18446744073709337392
18446744073709551615
24326731536
0
2
4
5
10
15
18
19
0
0
0
9638
10065
23
24
0
428
428
9
6
0
18446744073709445136
18446744073709551615
18446744073708867940
18446744073709551615
18446744073709526632
18446744073709551615
11940078708
0
3
4
6
7
11
15
18
19
20
0
9661
10089
23
24
0
429
429
9
4
0
18446744073709551349
18446744073709551615
18446744073709551320
18446744073709551615
18446744073709551536
18446744073709551615
9332
0
2
11
16
17
19
20
21
22
23
0
9684
10113
23
24
0
430
430
6
2
0
18446744073709551559
18446744073709551615
18446744073709551548
18446744073709551615
18446744073709551468
18446744073709551615
2140
0
0
5
12
15
17
19
0
0
0
0
9707
10137
23
24
0
431
431
8
1
0
18446744073709551546
18446744073709551615
18446744073709551558
18446744073709551615
18446744073709551542
18446744073709551615
3431
0
0
1
2
8
11
12
13
18
0
0
9730
10161
23
24
0
432
432
4
2
0
18446744073709551459
18446744073709551615
18446744073709551600
18446744073709551615
16
0
1424
0
0
4
6
23
0
0
0
0
0
0
9753
10185
23
24
0
433
433
9
6
0
18446744073709551253
18446744073709551615
18446744073709551472
18446744073709551615
18446744073709551172
18446744073709551615
13878
0
0
8
9
10
14
15
19
20
22
0
9776
10209
23
24
0
434
434
5
1
0
18446744073709551588
18446744073709551615
18446744073709551594
18446744073709551615
16
0
125
0
0
15
19
21
23
0
0
0
0
0
9799
10233
23
24
0
435
435
10
1
0
18446744073709551606
18446744073709551615
18446744073709551562
18446744073709551615
2
0
394
0
2
3
8
9
10
11
14
17
19
20
9822
10257
23
24
0
436
436
8
1
0
18446744073709551536
18446744073709551615
18446744073709551540
18446744073709551615
8
0
2384
0
0
9
10
12
13
14
15
20
0
0
9845
10281
23
24
0
437
437
6
1
0
18446744073709551576
18446744073709551615
18446744073709551614
18446744073709551615
18446744073709551580
18446744073709551615
676
0
7
10
13
15
19
20
0
0
0
0
9868
10305
23
24
0
438
438
10
6
0
8
0
18446744073709551340
18446744073709551615
18446744073709551496
18446744073709551615
606
0
8
9
13
14
16
17
18
19
20
23
9891
10329
23
24
0
439
439
8
7
0
66
0
18446744073709551322
18446744073709551615
18446744073709551308
18446744073709551615
5278
0
0
4
7
8
11
15
16
21
0
0
9914
10353
23
24
0
440
440
10
5
0
79
0
18446744073709551396
18446744073709551615
18446744073709551256
18446744073709551615
4415
0
0
2
4
5
6
10
11
14
18
21
9937
10377
23
24
0
441
441
4
1
0
18446744073709551576
18446744073709551615
18446744073709551582
18446744073709551615
18446744073709551570
18446744073709551615
542
0
15
19
21
22
0
0
0
0
0
0
9960
10401
23
24
0
442
442
7
1
0
18446744073709551562
18446744073709551615
18446744073709551568
18446744073709551615
18446744073709551602
18446744073709551615
570
0
0
3
9
11
19
22
23
0
0
0
9983
10425
23
24
0
443
443
7
5
0
69
0
50
0
18446744073709551416
18446744073709551615
18446744073709551106
18446744073709551615
0
3
10
14
15
17
20
0
0
0
10006
10449
23
24
0
444
444
7
7
0
18446744073709551166
18446744073709551615
18446744073709551448
18446744073709551615
126
0
8715
0
4
6
10
14
17
19
22
0
0
0
10029
10473
23
24
0
445
445
5
4
0
18446744073709551598
18446744073709551615
18446744073709551544
18446744073709551615
18446744073709551568
18446744073709551615
160
0
1
5
12
14
21
0
0
0
0
0
10052
10497
23
24
0
446
446
7
3
0
18446744073709551513
18446744073709551615
54
0
18446744073709551454
18446744073709551615
1110
0
2
7
10
11
13
18
19
0
0
0
10075
10521
23
24
0
447
447
9
7
0
18446744073709551182
18446744073709551615
18446744073709551448
18446744073709551615
18446744073709551602
18446744073709551615
1442
0
0
5
8
9
10
15
20
21
23
0
10098
10545
23
24
0
448
448
8
7
0
18446744073709551166
18446744073709551615
18446744073709551280
18446744073709551615
18446744073709551588
18446744073709551615
8141
0
1
4
6
9
12
15
18
21
0
0
10121
10569
23
24
0
449
449
9
1
0
18446744073709551550
18446744073709551615
6
0
18446744073709551610
18446744073709551615
1043
0
6
8
11
13
16
18
20
21
23
0
10144
10593
23
24
0
450
450
10
2
0
18446744073709551576
18446744073709551615
18446744073709551488
18446744073709551615
18446744073709551600
18446744073709551615
822
0
0
1
2
5
6
9
11
12
13
17
10167
10617
23
24
0
451
451
10
6
0
18446744073709551170
18446744073709551615
0
0
18446744073709551472
18446744073709551615
4032
0
2
3
5
7
10
11
14
16
17
19
10190
10641
23
24
0
452
452
7
7
0
18446744073709551149
18446744073709551615
42
0
18446744073709551392
18446744073709551615
9478
0
5
6
12
13
14
19
23
0
0
0
10213
10665
23
24
0
453
453
10
1
0
18446744073709470028
18446744073709551615
18446744073709501630
18446744073709551615
18446744073709491924
18446744073709551615
539268745
0
0
1
3
4
5
6
10
15
17
21
10236
10689
23
24
0
454
454
9
1
0
18446744073709510526
18446744073709551615
18446744073709442088
18446744073709551615
18446744073709524134
18446744073709551615
871160246
0
1
4
5
14
17
18
21
22
23
0
10259
10713
23
24
0
455
455
9
7
0
18446744073708907933
18446744073709551615
18446744073709118582
18446744073709551615
18446744073709417090
18446744073709551615
15546187454
0
1
4
5
6
7
16
17
21
22
0
10282
10737
23
24
0
456
456
9
1
0
18446744073709428468
18446744073709551615
18446744073709532790
18446744073709551615
18446744073709496960
18446744073709551615
3050135780
0
0
5
7
9
11
12
16
17
22
0
10305
10761
23
24
0
457
457
10
7
0
18446744073708923670
18446744073709551615
18446744073709372626
18446744073709551615
18446744073708955020
18446744073709551615
10087362803
0
2
4
5
6
7
9
11
12
13
15
10328
10785
23
24
0
458
458
10
1
0
18446744073709537408
18446744073709551615
18446744073709475812
18446744073709551615
18446744073709434662
18446744073709551615
2137092073
0
5
6
8
10
12
13
15
16
20
23
10351
10809
23
24
0
459
459
10
3
0
18446744073709306582
18446744073709551615
18446744073709214260
18446744073709551615
18446744073709343770
18446744073709551615
17326931847
0
0
2
3
4
6
12
18
21
22
23
10374
10833
23
24
0
460
460
6
6
0
18446744073709095903
18446744073709551615
18446744073708964432
18446744073709551615
18446744073709032328
18446744073709551615
28558291842
0
1
6
9
11
17
22
0
0
0
0
10397
10857
23
24
0
461
461
8
1
0
18446744073709494722
18446744073709551615
18446744073709450660
18446744073709551615
18446744073709485162
18446744073709551615
3059165797
0
5
8
13
14
15
16
18
23
0
0
10420
10881
23
24
0
462
462
10
2
0
18446744073709350203
18446744073709551615
18446744073709400508
18446744073709551615
18446744073709470480
18446744073709551615
4709266050
0
0
1
2
7
8
11
12
15
16
18
10443
10905
23
24
0
463
463
10
4
0
18446744073709443616
18446744073709551615
18446744073709234320
18446744073709551615
18446744073709458304
18446744073709551615
5673764524
0
1
3
4
6
7
10
11
13
15
21
10466
10929
23
24
0
464
464
9
2
0
18446744073709510144
18446744073709551615
18446744073709293132
18446744073709551615
18446744073709388668
18446744073709551615
10838847186
0
3
5
6
9
10
11
12
13
23
0
10489
10953
23
24
0
465
465
10
6
0
18446744073709551278
18446744073709551615
18446744073709551292
18446744073709551615
108
0
8028
0
0
2
3
9
10
12
14
17
20
22
10512
10977
23
24
0
466
466
10
5
0
18446744073709551323
18446744073709551615
40
0
18446744073709551286
18446744073709551615
9485
0
2
4
5
6
7
8
9
11
15
16
10535
11001
23
24
0
467
467
9
7
0
8
0
18446744073709551126
18446744073709551615
18446744073709551518
18446744073709551615
8477
0
1
3
5
11
12
15
16
17
18
0
10558
11025
23
24
0
468
468
8
5
0
18446744073709551582
18446744073709551615
20
0
50
0
18446744073709549601
18446744073709551615
2
3
5
10
13
16
17
21
0
0
10581
11049
23
24
0
469
469
10
5
0
18446744073709551514
18446744073709551615
0
0
70
0
245
0
0
1
2
3
5
6
7
10
13
15
10604
11073
23
24
0
470
470
10
3
0
18446744073709551532
18446744073709551615
18446744073709551484
18446744073709551615
18446744073709551394
18446744073709551615
3075
0
0
3
4
5
6
9
10
14
18
23
10627
11097
23
24
0
471
471
10
3
0
18446744073709551398
18446744073709551615
18446744073709551448
18446744073709551615
30
0
6123
0
2
3
5
7
9
11
12
17
18
20
10650
11121
23
24
0
472
472
6
3
0
18446744073709551579
18446744073709551615
0
0
18446744073709551562
18446744073709551615
51
0
3
4
10
14
15
18
0
0
0
0
10673
11145
23
24
0
473
473
10
7
0
18446744073709551414
18446744073709551615
18446744073709551406
18446744073709551615
18446744073709551560
18446744073709551615
791
0
1
2
3
4
5
11
13
16
18
19
10696
11169
23
24
0
474
474
10
7
0
111
0
18446744073709551602
18446744073709551615
18446744073709551602
18446744073709551615
399
0
0
2
3
6
7
9
16
17
21
23
10719
11193
23
24
0
475
475
6
6
0
18446744073709551181
18446744073709551615
18446744073709551268
18446744073709551615
60
0
12972
0
2
6
8
9
11
19
0
0
0
0
10742
11217
23
24
0
476
476
7
6
0
18446744073709551411
18446744073709551615
18446744073709551592
18446744073709551615
48
0
1638
0
0
5
8
11
18
21
22
0
0
0
10765
11241
23
24
0
477
477
7
7
0
18446744073709551554
18446744073709551615
18446744073709551336
18446744073709551615
18446744073709551322
18446744073709551615
4207
0
4
8
10
15
18
19
22
0
0
0
10788
11265
23
24
0
478
478
10
7
0
18446744073709551322
18446744073709551615
18446744073709551140
18446744073709551615
112
0
8540
0
0
1
2
6
7
10
16
17
21
23
10811
11289
23
24
0
479
479
9
4
0
18446744073709551296
18446744073709551615
24
0
18446744073709551456
18446744073709551615
5732
0
2
4
5
7
9
11
16
22
23
0
10834
11313
23
24
0
480
480
7
3
0
18446744073709551386
18446744073709551615
18446744073709551520
18446744073709551615
24
0
5136
0
3
6
9
11
18
20
22
0
0
0
10857
11337
23
24
0
481
481
8
6
0
18446744073709551265
18446744073709551615
0
0
18446744073709551376
18446744073709551615
6960
0
0
7
9
10
15
16
18
21
0
0
10880
11361
23
24
0
482
482
10
1
0
18446744073709551606
18446744073709551615
18446744073709551560
18446744073709551615
18446744073709551558
18446744073709551615
1074
0
0
1
2
5
7
8
10
11
12
14
10903
11385
23
24
0
483
483
10
7
0
18446744073709551512
18446744073709551615
18446744073709551392
18446744073709551615
18446744073709551336
18446744073709551615
4368
0
0
1
2
5
6
10
11
12
13
14
10926
11409
23
24
0
484
484
10
4
0
70
0
80
0
18446744073709551608
18446744073709551615
18446744073709551320
18446744073709551615
1
4
5
7
10
11
13
15
17
19
10949
11433
23
24
0
485
485
7
5
0
18446744073709551572
18446744073709551615
18446744073709551286
18446744073709551615
18446744073709551216
18446744073709551615
12920
0
5
8
9
12
16
18
22
0
0
0
10972
11457
23
24
0
486
486
6
3
0
18446744073709551554
18446744073709551615
18446744073709551592
18446744073709551615
18446744073709551394
18446744073709551615
4380
0
1
2
4
5
10
11
0
0
0
0
10995
11481
23
24
0
487
487
9
6
0
18446744073709551541
18446744073709551615
60
0
18446744073709551244
18446744073709551615
4596
0
2
3
4
7
11
16
18
19
22
0
11018
11505
23
24
0
488
488
10
6
0
18446744073709551371
18446744073709551615
18446744073709551604
18446744073709551615
18446744073709551160
18446744073709551615
10470
0
1
3
4
5
7
10
11
12
14
16
11041
11529
23
24
0
489
489
7
7
0
18446744073709464390
18446744073709551615
18446744073708645844
18446744073709551615
18446744073709280688
18446744073709551615
19044912089
0
0
2
5
11
12
15
21
0
0
0
11064
11553
23
24
0
490
490
3
6
0
18446744073709230337
18446744073709551615
18446744073709036816
18446744073709551615
18446744073709167172
18446744073709551615
5814548844
0
5
9
18
0
0
0
0
0
0
0
11087
11577
23
24
0
491
491
6
4
0
18446744073709143983
18446744073709551615
18446744073709048704
18446744073709551615
18446744073709148936
18446744073709551615
34856803632
0
0
5
17
18
20
23
0
0
0
0
11110
11601
23
24
0
492
492
10
4
0
18446744073709193639
18446744073709551615
18446744073709201088
18446744073709551615
18446744073709332064
18446744073709551615
10556895488
0
0
6
7
8
11
13
14
16
18
20
11133
11625
23
24
0
493
493
10
5
0
18446744073709144845
18446744073709551615
18446744073709252576
18446744073709551615
18446744073709549456
18446744073709551615
10911341485
0
0
2
3
6
9
11
12
13
14
15
11156
11649
23
24
0
494
494
7
5
0
18446744073709333145
18446744073709551615
18446744073709535516
18446744073709551615
18446744073709285666
18446744073709551615
2303836150
0
2
6
7
10
11
17
22
0
0
0
11179
11673
23
24
0
495
495
10
5
0
18446744073709521233
18446744073709551615
18446744073709341436
18446744073709551615
18446744073709472136
18446744073709551615
2048029235
0
2
3
4
6
7
8
9
10
13
14
11202
11697
23
24
0
496
496
9
1
0
18446744073709500754
18446744073709551615
18446744073709492362
18446744073709551615
18446744073709549644
18446744073709551615
1150618765
0
0
5
6
7
12
13
16
18
19
0
11225
11721
23
24
0
497
497
8
1
0
18446744073709476426
18446744073709551615
18446744073709432474
18446744073709551615
18446744073709501206
18446744073709551615
3388004075
0
1
5
7
10
11
16
17
18
0
0
11248
11745
23
24
0
498
498
9
7
0
18446744073708774728
18446744073709551615
18446744073709248446
18446744073709551615
18446744073708708354
18446744073709551615
21013042946
0
0
3
4
6
10
12
14
17
23
0
11271
11769
23
24
0
499
499
10
7
0
18446744073709163112
18446744073709551615
18446744073709290390
18446744073709551615
18446744073709252632
18446744073709551615
18446744066373833387
18446744073709551615
1
3
4
5
8
11
14
18
19
20
11294
11793
23
24
0
500
500
7
5
0
18446744073709251014
18446744073709551615
18446744073709305636
18446744073709551615
18446744073709156826
18446744073709551615
12455803205
0
0
5
7
10
11
16
18
0
0
0
11317
11817
23
24
0
501
501
8
2
0
18446744073709551551
18446744073709551615
18446744073709551476
18446744073709551615
18446744073709551472
18446744073709551615
4832
0
0
1
4
12
16
18
22
23
0
0
11340
11841
23
24
0
502
502
5
1
0
14
0
18446744073709551544
18446744073709551615
18446744073709551592
18446744073709551615
813
0
0
4
18
19
23
0
0
0
0
0
11363
11865
23
24
0
503
503
7
2
0
18446744073709551507
18446744073709551615
18446744073709551512
18446744073709551615
18446744073709551536
18446744073709551615
2642
0
0
1
4
14
18
21
22
0
0
0
11386
11889
23
24
0
504
504
10
4
0
18446744073709551391
18446744073709551615
18446744073709551528
18446744073709551615
64
0
2852
0
3
4
9
10
11
12
13
18
20
22
11409
11913
23
24
0
505
505
9
4
0
18446744073709551471
18446744073709551615
18446744073709551560
18446744073709551615
18446744073709551312
18446744073709551615
7168
0
0
1
10
11
13
14
16
18
23
0
11432
11937
23
24
0
506
506
7
4
0
18446744073709551446
18446744073709551615
18446744073709551304
18446744073709551615
18446744073709551376
18446744073709551615
10772
0
8
9
10
12
17
19
21
0
0
0
11455
11961
23
24
0
507
507
6
2
0
18446744073709551515
18446744073709551615
8
0
18446744073709551596
18446744073709551615
18446744073709550876
18446744073709551615
9
11
16
17
22
23
0
0
0
0
11478
11985
23
24
0
508
508
6
4
0
18446744073709551471
18446744073709551615
18446744073709551488
18446744073709551615
18446744073709551296
18446744073709551615
8656
0
2
6
8
9
13
16
0
0
0
0
11501
12009
23
24
0
509
509
4
5
0
18446744073709551526
18446744073709551615
18446744073709551216
18446744073709551615
18446744073709551216
18446744073709551615
15905
0
2
4
15
17
0
0
0
0
0
0
11524
12033
23
24
0
510
510
7
4
0
18446744073709551438
18446744073709551615
18446744073709551608
18446744073709551615
18446744073709551440
18446744073709551615
1760
0
2
8
12
14
16
21
23
0
0
0
11547
12057
23
24
0
511
511
4
5
0
36
0
18446744073709551266
18446744073709551615
18446744073709551496
18446744073709551615
6745
0
2
5
16
21
0
0
0
0
0
0
11570
12081
23
24
0
512
512
9
4
0
71
0
72
0
18446744073709551344
18446744073709551615
3976
0
1
2
3
6
8
9
13
16
19
0
11593
12105
23
24
0
513
513
5
6
0
18446744073709551179
18446744073709551615
18446744073709551580
18446744073709551615
18446744073709551472
18446744073709551615
7680
0
6
16
19
21
23
0
0
0
0
0
11616
12129
23
24
0
514
514
10
6
0
18446744073709551266
18446744073709551615
96
0
18446744073709551148
18446744073709551615
11652
0
0
5
9
10
13
15
17
18
19
22
11639
12153
23
24
0
515
515
10
6
0
18446744073709551266
18446744073709551615
18446744073709551268
18446744073709551615
18446744073709551196
18446744073709551615
16716
0
0
2
5
6
7
8
10
13
14
16
11662
12177
23
24
0
516
516
9
7
0
18446744073709551208
18446744073709551615
18446744073709551224
18446744073709551615
18446744073709551168
18446744073709551615
17843
0
0
1
4
11
13
18
19
20
23
0
11685
12201
23
24
0
517
517
9
2
0
19
0
18446744073709551572
18446744073709551615
18446744073709551464
18446744073709551615
3108
0
0
2
3
7
8
13
18
22
23
0
11708
12225
23
24
0
518
518
9
2
0
3
0
18446744073709551548
18446744073709551615
18446744073709551596
18446744073709551615
18446744073709551598
18446744073709551615
1
3
6
8
13
17
18
19
21
0
11731
12249
23
24
0
519
519
5
2
0
18446744073709551527
18446744073709551615
18446744073709551476
18446744073709551615
18446744073709551552
18446744073709551615
3282
0
10
15
17
18
20
0
0
0
0
0
11754
12273
23
24
0
520
520
7
2
0
18446744073709551567
18446744073709551615
18446744073709551524
18446744073709551615
18446744073709551468
18446744073709551615
3884
0
0
1
7
9
14
19
22
0
0
0
11777
12297
23
24
0
521
521
5
4
0
5
0
18446744073709551480
18446744073709551615
18446744073709551480
18446744073709551615
1740
0
0
13
17
21
23
0
0
0
0
0
11800
12321
23
24
0
522
522
9
4
0
18446744073709551576
18446744073709551615
18446744073709551528
18446744073709551615
18446744073709551400
18446744073709551615
1736
0
0
2
6
8
9
10
12
16
19
0
11823
12345
23
24
0
523
523
6
7
0
135
0
18446744073709551308
18446744073709551615
18446744073709551168
18446744073709551615
10248
0
8
10
13
16
18
21
0
0
0
0
11846
12369
23
24
0
524
524
9
6
0
18446744073709551231
18446744073709551615
18446744073709551268
18446744073709551615
12
0
8292
0
1
7
9
12
13
16
19
20
23
0
11869
12393
23
24
0
525
525
8
7
0
18446744073708829338
18446744073709551615
18446744073709489848
18446744073709551615
18446744073708782008
18446744073709551615
19159883463
0
2
3
4
7
9
13
14
20
0
0
11892
12417
23
24
0
526
526
8
5
0
18446744073709339023
18446744073709551615
18446744073709257536
18446744073709551615
18446744073709547876
18446744073709551615
5483300700
0
0
3
5
6
10
19
22
23
0
0
11915
12441
23
24
0
527
527
10
6
0
18446744073709509903
18446744073709551615
18446744073709324912
18446744073709551615
18446744073709227868
18446744073709551615
1911684432
0
0
2
6
9
10
13
17
19
21
23
11938
12465
23
24
0
528
528
10
1
0
18446744073709430352
18446744073709551615
18446744073709475452
18446744073709551615
18446744073709537544
18446744073709551615
1247953168
0
2
3
5
6
12
15
16
17
20
21
11961
12489
23
24
0
529
529
9
7
0
18446744073708948098
18446744073709551615
18446744073709490478
18446744073709551615
18446744073709443060
18446744073709551615
1602967191
0
0
5
6
8
9
14
16
21
22
0
11984
12513
23
24
0
530
530
7
2
0
18446744073709549620
18446744073709551615
18446744073709382332
18446744073709551615
18446744073709413056
18446744073709551615
3790476812
0
1
10
14
16
20
22
23
0
0
0
12007
12537
23
24
0
531
531
7
7
0
18446744073708655694
18446744073709551615
18446744073709104876
18446744073709551615
18446744073709447526
18446744073709551615
36162717227
0
1
6
7
12
17
21
22
0
0
0
12030
12561
23
24
0
532
532
7
4
0
18446744073709070215
18446744073709551615
18446744073709046176
18446744073709551615
18446744073709200144
18446744073709551615
38170655024
0
0
2
3
7
11
17
21
0
0
0
12053
12585
23
24
0
533
533
6
7
0
18446744073709395501
18446744073709551615
18446744073709298300
18446744073709551615
18446744073709519514
18446744073709551615
1404951835
0
3
11
17
18
22
23
0
0
0
0
12076
12609
23
24
0
534
534
8
6
0
18446744073708949645
18446744073709551615
18446744073709055836
18446744073709551615
18446744073709414300
18446744073709551615
23570475606
0
5
7
11
12
15
16
20
23
0
0
12099
12633
23
24
0
535
535
10
1
0
18446744073709469234
18446744073709551615
18446744073709502760
18446744073709551615
18446744073709529320
18446744073709551615
1650690544
0
3
5
6
7
8
9
10
14
15
17
12122
12657
23
24
0
536
536
6
2
0
18446744073709544064
18446744073709551615
18446744073709392348
18446744073709551615
18446744073709451212
18446744073709551615
2691158636
0
0
1
6
13
14
22
0
0
0
0
12145
12681
23
24
0
537
537
8
5
0
18446744073709551615
18446744073709551615
18446744073709551336
18446744073709551615
18446744073709551496
18446744073709551615
3020
0
0
5
8
9
11
12
16
20
0
0
12168
12705
23
24
0
538
538
10
1
0
18446744073709551590
18446744073709551615
18446744073709551558
18446744073709551615
18446744073709551562
18446744073709551615
1739
0
2
4
9
10
11
13
15
16
18
23
12191
12729
23
24
0
539
539
3
3
0
18446744073709551525
18446744073709551615
18446744073709551442
18446744073709551615
48
0
3090
0
1
5
6
0
0
0
0
0
0
0
12214
12753
23
24
0
540
540
5
1
0
0
0
18446744073709551570
18446744073709551615
2
0
449
0
7
10
11
12
19
0
0
0
0
0
12237
12777
23
24
0
541
541
5
6
0
20
0
18446744073709551412
18446744073709551615
18446744073709551592
18446744073709551615
1182
0
3
5
6
19
23
0
0
0
0
0
12260
12801
23
24
0
542
542
8
4
0
22
0
18446744073709551528
18446744073709551615
18446744073709551608
18446744073709551615
18446744073709550844
18446744073709551615
0
3
6
10
18
20
21
23
0
0
12283
12825
23
24
0
543
543
10
2
0
18446744073709551467
18446744073709551615
40
0
36
0
1948
0
3
5
7
8
11
13
15
17
22
23
12306
12849
23
24
0
544
544
9
3
0
18446744073709551555
18446744073709551615
18446744073709551478
18446744073709551615
18446744073709551400
18446744073709551615
3900
0
2
6
7
10
15
16
17
20
22
0
12329
12873
23
24
0
545
545
6
4
0
18446744073709551453
18446744073709551615
18446744073709551376
18446744073709551615
18446744073709551472
18446744073709551615
5820
0
1
2
3
8
10
17
0
0
0
0
12352
12897
23
24
0
546
546
7
5
0
39
0
18446744073709551556
18446744073709551615
18446744073709551486
18446744073709551615
925
0
4
6
7
8
12
13
14
0
0
0
12375
12921
23
24
0
547
547
7
7
0
18446744073709551247
18446744073709551615
18446744073709551140
18446744073709551615
18446744073709551224
18446744073709551615
16940
0
0
2
4
6
10
20
23
0
0
0
12398
12945
23
24
0
548
548
10
5
0
18446744073709551534
18446744073709551615
18446744073709551376
18446744073709551615
18446744073709551456
18446744073709551615
4160
0
0
2
4
5
9
10
12
13
17
18
12421
12969
23
24
0
549
549
10
4
0
18446744073709551607
18446744073709551615
18446744073709551448
18446744073709551615
18446744073709551552
18446744073709551615
18446744073709550276
18446744073709551615
3
5
11
14
15
16
17
18
21
22
12444
12993
23
24
0
550
550
10
2
0
18446744073709551603
18446744073709551615
18446744073709551452
18446744073709551615
18446744073709551564
18446744073709551615
3590
0
2
5
6
7
15
16
18
19
20
22
12467
13017
23
24
0
551
551
8
7
0
8
0
18446744073709551070
18446744073709551615
18446744073709551546
18446744073709551615
9037
0
0
1
2
3
4
8
20
21
0
0
12490
13041
23
24
0
552
552
9
3
0
18446744073709551555
18446744073709551615
18446744073709551466
18446744073709551615
18446744073709551604
18446744073709551615
159
0
1
2
4
8
9
10
18
20
23
0
12513
13065
23
24
0
553
553
6
1
0
18446744073709551564
18446744073709551615
18446744073709551576
18446744073709551615
18446744073709551574
18446744073709551615
1508
0
3
4
8
10
16
19
0
0
0
0
12536
13089
23
24
0
554
554
9
5
0
18446744073709551405
18446744073709551615
18446744073709551486
18446744073709551615
0
0
1925
0
0
2
3
7
9
10
14
15
21
0
12559
13113
23
24
0
555
555
10
5
0
18446744073709551224
18446744073709551615
18446744073709551296
18446744073709551615
18446744073709551236
18446744073709551615
19865
0
1
2
3
6
7
10
11
13
14
18
12582
13137
23
24
0
556
556
8
7
0
18446744073709551443
18446744073709551615
18446744073709551182
18446744073709551615
18446744073709551210
18446744073709551615
11830
0
2
5
6
12
15
18
19
23
0
0
12605
13161
23
24
0
557
557
8
6
0
18446744073709551433
18446744073709551615
18446744073709551604
18446744073709551615
120
0
1902
0
0
4
9
12
13
17
20
23
0
0
12628
13185
23
24
0
558
558
10
1
0
18446744073709551548
18446744073709551615
18446744073709551588
18446744073709551615
16
0
1220
0
0
1
2
3
7
10
13
16
22
23
12651
13209
23
24
0
559
559
5
4
0
18446744073709551406
18446744073709551615
80
0
18446744073709551456
18446744073709551615
2588
0
4
11
14
20
21
0
0
0
0
0
12674
13233
23
24
0
560
560
6
6
0
35
0
18446744073709551604
18446744073709551615
84
0
258
0
2
3
8
9
12
22
0
0
0
0
12697
13257
23
24
0
561
561
8
1
0
18446744073709527308
18446744073709551615
18446744073709529254
18446744073709551615
18446744073709512566
18446744073709551615
597770086
0
0
2
3
11
14
15
18
20
0
0
12720
13281
23
24
0
562
562
4
4
0
18446744073709237566
18446744073709551615
18446744073709449864
18446744073709551615
18446744073709067784
18446744073709551615
12196856648
0
1
6
18
22
0
0
0
0
0
0
12743
13305
23
24
0
563
563
10
4
0
18446744073709340360
18446744073709551615
18446744073709105688
18446744073709551615
18446744073709257232
18446744073709551615
9809604536
0
2
4
5
7
8
9
10
14
15
17
12766
13329
23
24
0
564
564
6
3
0
18446744073709321833
18446744073709551615
18446744073709445530
18446744073709551615
18446744073709228762
18446744073709551615
11956871853
0
8
9
12
14
17
19
0
0
0
0
12789
13353
23
24
0
565
565
7
5
0
18446744073709360285
18446744073709551615
18446744073709016236
18446744073709551615
18446744073709363276
18446744073709551615
14235255365
0
3
5
7
10
16
17
20
0
0
0
12812
13377
23
24
0
566
566
5
3
0
18446744073709363970
18446744073709551615
18446744073709365568
18446744073709551615
18446744073709305058
18446744073709551615
10165968780
0
2
8
12
17
18
0
0
0
0
0
12835
13401
23
24
0
567
567
7
6
0
18446744073709266532
18446744073709551615
18446744073709537732
18446744073709551615
18446744073709337368
18446744073709551615
18446744073660734926
18446744073709551615
5
8
10
14
15
17
20
0
0
0
12858
13425
23
24
0
568
568
7
6
0
18446744073708960864
18446744073709551615
18446744073708872836
18446744073709551615
18446744073709107832
18446744073709551615
23029658286
0
0
2
4
14
16
21
22
0
0
0
12881
13449
23
24
0
569
569
7
6
0
18446744073709472055
18446744073709551615
18446744073709488124
18446744073709551615
18446744073709470592
18446744073709551615
18446744049590880022
18446744073709551615
2
4
9
10
11
15
18
0
0
0
12904
13473
23
24
0
570
570
10
4
0
18446744073709049645
18446744073709551615
18446744073709545832
18446744073709551615
18446744073709271432
18446744073709551615
17713712596
0
1
3
4
6
7
10
13
14
19
23
12927
13497
23
24
0
571
571
10
4
0
18446744073709191246
18446744073709551615
18446744073709281944
18446744073709551615
18446744073709196240
18446744073709551615
9910137248
0
1
2
6
7
8
11
13
15
21
22
12950
13521
23
24
0
572
572
10
1
0
18446744073709451832
18446744073709551615
18446744073709432958
18446744073709551615
18446744073709448064
18446744073709551615
8686346625
0
0
1
3
7
10
11
13
15
16
17
12973
13545
23
24
0
573
573
6
4
0
32
0
18446744073709551312
18446744073709551615
18446744073709551352
18446744073709551615
9712
0
5
7
9
17
18
19
0
0
0
0
12996
13569
23
24
0
574
574
5
1
0
18446744073709551604
18446744073709551615
8
0
18446744073709551552
18446744073709551615
292
0
8
9
10
11
19
0
0
0
0
0
13019
13593
23
24
0
575
575
10
4
0
18446744073709551319
18446744073709551615
18446744073709551576
18446744073709551615
18446744073709551584
18446744073709551615
5240
0
1
2
3
4
5
6
13
16
17
20
13042
13617
23
24
0
576
576
10
1
0
18446744073709551590
18446744073709551615
18446744073709551602
18446744073709551615
18446744073709551612
18446744073709551615
18446744073709551514
18446744073709551615
1
4
6
7
9
10
15
16
17
19
13065
13641
23
24
0
577
577
9
4
0
46
0
18446744073709551528
18446744073709551615
18446744073709551600
18446744073709551615
18446744073709551584
18446744073709551615
0
2
3
10
11
16
20
22
23
0
13088
13665
23
24
0
578
578
7
1
0
18446744073709551562
18446744073709551615
18446744073709551598
18446744073709551615
18446744073709551598
18446744073709551615
407
0
2
4
6
11
12
16
17
0
0
0
13111
13689
23
24
0
579
579
10
3
0
18446744073709551483
18446744073709551615
18446744073709551592
18446744073709551615
18446744073709551490
18446744073709551615
300
0
0
1
2
5
12
13
16
17
21
22
13134
13713
23
24
0
580
580
10
1
0
18446744073709551578
18446744073709551615
18446744073709551564
18446744073709551615
18446744073709551596
18446744073709551615
881
0
0
2
3
4
6
9
12
13
15
21
13157
13737
23
24
0
581
581
9
2
0
18446744073709551512
18446744073709551615
18446744073709551580
18446744073709551615
28
0
644
0
3
5
9
10
12
18
20
22
23
0
13180
13761
23
24
0
582
582
6
6
0
36
0
18446744073709551520
18446744073709551615
36
0
18446744073709550758
18446744073709551615
1
6
7
10
17
23
0
0
0
0
13203
13785
23
24
0
583
583
10
7
0
18446744073709551078
18446744073709551615
98
0
18446744073709551504
18446744073709551615
3731
0
1
2
8
9
11
12
13
20
21
22
13226
13809
23
24
0
584
584
9
7
0
18446744073709551474
18446744073709551615
18446744073709551098
18446744073709551615
18446744073709551504
18446744073709551615
6699
0
1
3
4
6
12
17
18
19
20
0
13249
13833
23
24
0
585
585
10
7
0
18446744073709551555
18446744073709551615
18446744073709551392
18446744073709551615
18446744073709551266
18446744073709551615
1904
0
0
2
5
6
7
9
14
15
16
22
13272
13857
23
24
0
586
586
7
1
0
18446744073709551602
18446744073709551615
18446744073709551576
18446744073709551615
18446744073709551562
18446744073709551615
889
0
3
8
9
12
14
17
21
0
0
0
13295
13881
23
24
0
587
587
7
5
0
18446744073709551506
18446744073709551615
18446744073709551546
18446744073709551615
18446744073709551596
18446744073709551615
870
0
0
1
5
6
7
12
22
0
0
0
13318
13905
23
24
0
588
588
10
7
0
18446744073709551598
18446744073709551615
18446744073709551252
18446744073709551615
18446744073709551224
18446744073709551615
10164
0
3
5
6
7
9
10
13
15
19
21
13341
13929
23
24
0
589
589
3
3
0
18446744073709551465
18446744073709551615
18446744073709551370
18446744073709551615
18446744073709551454
18446744073709551615
8673
0
3
7
10
0
0
0
0
0
0
0
13364
13953
23
24
0
590
590
8
2
0
18446744073709551520
18446744073709551615
18446744073709551544
18446744073709551615
18446744073709551536
18446744073709551615
2592
0
0
2
8
9
11
13
18
19
0
0
13387
13977
23
24
0
591
591
4
7
0
18446744073709551474
18446744073709551615
18446744073709551588
18446744073709551615
18446744073709551252
18446744073709551615
5432
0
2
8
9
16
0
0
0
0
0
0
13410
14001
23
24
0
592
592
7
1
0
18446744073709551576
18446744073709551615
18446744073709551544
18446744073709551615
18446744073709551558
18446744073709551615
2416
0
5
7
12
13
19
22
23
0
0
0
13433
14025
23
24
0
593
593
6
6
0
18446744073709551217
18446744073709551615
18446744073709551496
18446744073709551615
18446744073709551484
18446744073709551615
7374
0
5
12
14
16
20
23
0
0
0
0
13456
14049
23
24
0
594
594
10
7
0
18446744073709551472
18446744073709551615
18446744073709551476
18446744073709551615
18446744073709551210
18446744073709551615
5495
0
0
1
2
8
12
13
14
15
16
18
13479
14073
23
24
0
595
595
9
6
0
47
0
84
0
24
0
18446744073709545886
18446744073709551615
2
3
7
9
10
17
20
21
23
0
13502
14097
23
24
0
596
596
7
7
0
18446744073709551432
18446744073709551615
18446744073709551042
18446744073709551615
18446744073709551560
18446744073709551615
12614
0
2
5
6
9
10
15
21
0
0
0
13525
14121
3
4
0
597
596
0
1
0
0
0
0
0
0
0
18446744073709551615
18446744073709551615
0
0
0
0
0
0
0
0
0
0
13528
14125
3
4
0
597
0
0
1
0
0
0
0
0
0
0
18446744073709551615
18446744073709551615
0
0
0
0
0
0
0
0
0
0
13531
14129
3
4
0
598
597
0
1
0
0
0
0
0
0
0
18446744073709551615
18446744073709551615
0
0
0
0
0
0
0
0
0
0
13534
14133
1
2
0
599
597
0
1
0
0
0
0
0
0
0
18446744073709551615
18446744073709551615
0
0
0
0
0
0
0
0
0
0
13535
14135
3
4
0
597
597
11
1
0
0
0
0
0
0
0
18446744073709551615
18446744073709551615
0
0
0
0
0
0
0
0
0
0
13538
14139
3
4
0
597
597
2
1
0
0
0
0
0
0
0
18446744073709551615
18446744073709551615
1
0
0
0
0
0
0
0
0
0
13541
14143
3
4
0
597
597
2
1
0
0
0
0
0
0
0
18446744073709551615
18446744073709551615
1
1
0
0
0
0
0
0
0
0
13544
14147
3
4
0
597
597
1
1
0
0
0
0
0
0
0
18446744073709551615
18446744073709551615
18446744073709551615
0
0
0
0
0
0
0
0
0
13547
14151
3
4
0
597
597
1
1
0
0
0
0
0
0
0
18446744073709551615
18446744073709551615
4
0
0
0
0
0
0
0
0
0
13550
14155
3
4
0
597
597
0
0
0
0
0
0
0
0
0
0
0
0
0
0
0
0
0
0
0
0
0
13553
14159
3
4
0
597
597
0
18446744073709551615
18446744073709551615
0
0
0
0
0
0
0
0
0
0
0
0
0
0
0
0
0
0
13556
14163
3
4
0
597
597
0
0
16
0
0
0
0
0
0
0
0
0
0
0
0
0
0
0
0
0
0
13559
14167
3
4
0
597
597
0
1
0
0
8388608
0
0
0
0
0
0
0
0
0
0
0
0
0
0
0
0
13562
14171
3
4
0
597
597
0
1
0
0
18446744073701163008
0
0
0
0
0
0
0
0
0
0
0
0
0
0
0
0
13565
14175
3
4
0
597
597
0
1
0
0
0
0
0
0
0
0
2199023255552
0
0
0
0
0
0
0
0
0
0
13568
14179
3
4
0
597
597
0
1
0
0
0
0
0
0
0
0
9223372036854775808
0
0
0
0
0
0
0
0
0
0
7344
0
2
1
4
1
0
4
0
0
3
3
0
0
4
1
6
2
0
4
0
0
3
3
0
0
0
1
1
1
0
4
0
0
1
3
0
0
18446744073709551615
1
1
1
0
4
0
0
1
3
0
0
18446744073709551615
1
1
0
0
3
0
0
1
3
0
0
2
1
5
1
0
2
0
0
3
3
0
0
18446744073709551615
1
1
0
0
0
0
0
1
3
0
0
18446744073709551615
1
1
0
0
0
0
0
1
3
0
0
0
1
1
1
0
0
0
0
1
3
0
0
18446744073709551615
1
1
0
0
65535
65535
65535
1
3
0
0
1
1
5
1
0
65535
0
0
4
3
0
0
18446744073709551615
1
1
0
0
0
65535
0
1
3
0
0
0
1
1
1
0
65535
0
0
1
3
0
0
1
1
6
1
0
32767
32767
32767
5
3
0
0
1
1
6
1
0
32767
32767
32767
5
3
0
0
1
1
6
1
0
32767
32767
32767
5
3
0
0
0
1
49
1
0
0
0
0
49
3
0
0
1
1
50
1
0
32767
32767
32767
49
3
0
0
18446744073709551615
1
1
0
0
0
0
0
1
3
0
0
0
1
2
1
0
32767
32767
32767
2
3
0
0
15
1
19
1
0
46411
29603
42536
4
3
0
0
18446744073709551615
1
13
0
0
9751
6141
21531
4
3
0
0
9
1
8
1
0
50039
50243
8725
4
3
0
0
15
1
11
1
0
26944
20519
65521
4
3
0
0
0
1
2
1
0
23798
43276
8233
2
3
0
0
10
1
6
1
0
60506
64111
14714
3
3
0
0
0
1
3
1
0
58852
24333
11801
3
3
0
0
18446744073709551615
1
5
0
0
55636
1787
15331
3
3
0
0
0
1
3
1
0
34331
7063
28085
3
3
0
0
2
1
3
1
0
42819
14140
8024
3
3
0
0
11
1
9
1
0
14813
12517
52005
4
3
0
0
14
1
12
2
0
48074
12448
19086
4
3
0
0
12
1
8
2
0
26
0
37
3
3
0
0
0
1
4
1
0
0
0
2
4
3
0
0
0
1
5
1
0
11
0
1
5
3
0
0
0
1
4
1
0
8
12
0
4
3
0
0
7
1
11
1
0
19
18
5
5
3
0
0
18446744073709551615
1
11
0
0
17
38
33
2
3
0
0
5
1
7
1
0
41
32
1
4
3
0
0
18446744073709551615
1
1
0
0
36
0
21
1
3
0
0
10
1
6
1
0
0
9
31
3
3
0
0
0
1
3
1
0
20
20
0
3
3
0
0
18446744073709551615
1
1
0
0
22
0
13
1
3
0
0
21
1
16
2
0
31
21
34
4
3
0
0
18446744073709551615
1
7
0
0
6
31
0
3
3
0
0
1
1
6
1
0
22
0
18
5
3
0
0
3
1
7
1
0
32
26
1
5
3
0
0
1
1
7
2
0
5
0
15
5
3
0
0
2
1
8
1
0
4
11
10
5
3
0
0
0
1
3
1
0
14
0
2
3
3
0
0
6
1
5
1
0
0
32
22
3
3
0
0
0
1
4
1
0
7
11
3
4
3
0
0
10
1
8
1
0
27
17
27
4
3
0
0
18446744073709551615
1
1
0
0
10
2
1
1
3
0
0
18446744073709551615
1
11
0
0
37
7
28
4
3
0
0
2
1
6
1
0
0
17
30
5
3
0
0
0
1
4
1
0
17249
16746
43458
4
3
0
0
1
1
3
1
0
34561
17387
57791
3
3
0
0
2
1
8
1
0
36045
15138
49151
4
3
0
0
0
1
3
1
0
47747
6809
50185
3
3
0
0
1
1
1
1
0
39571
33756
32008
1
3
0
0
12
1
5
1
0
59549
33388
61517
3
3
0
0
12
1
5
1
0
56833
29564
54185
3
3
0
0
0
1
3
1
0
57959
45344
43058
3
3
0
0
0
1
2
1
0
10391
41390
10734
2
3
0
0
18446744073709551615
1
9
0
0
57202
64142
56315
2
3
0
0
18446744073709551615
1
3
0
0
47418
42276
36899
2
3
0
0
0
1
2
1
0
38061
31600
646
2
3
0
0
18446744073709551615
1
3
0
0
4
0
14
2
3
0
0
18446744073709551615
1
1
0
0
15
0
37
1
3
0
0
18446744073709551615
1
9
0
0
13
12
12
5
3
0
0
4
1
8
1
0
19
35
0
5
3
0
0
5
1
12
2
0
18
15
33
5
3
0
0
0
1
5
1
0
13
17
13
5
3
0
0
4
1
9
1
0
41
11
0
5
3
0
0
2
1
6
1
0
34
0
8
5
3
0
0
18446744073709551615
1
1
0
0
28
22
27
1
3
0
0
0
1
5
1
0
1
31
0
5
3
0
0
20
1
11
1
0
19
6
41
4
3
0
0
8
1
17
1
0
0
27
30
5
3
0
0
18446744073709551615
1
1
0
0
40
38
39
1
3
0
0
18446744073709551615
1
7
1
0
22
4
0
4
3
0
0
18446744073709551615
1
1
0
0
0
37
17
1
3
0
0
18446744073709551615
1
3
0
0
0
38
37
2
3
0
0
18446744073709551615
1
1
0
0
35
8
0
1
3
0
0
3
1
7
2
0
0
19
12
4
3
0
0
2
1
5
1
0
30
6
0
4
3
0
0
18446744073709551615
1
7
0
0
29
36
0
3
3
0
0
0
1
4
1
0
0
13
15
4
3
0
0
18446744073709551615
1
1
0
0
14
30
38
1
3
0
0
18
1
13
3
0
0
6
40
4
3
0
0
18446744073709551615
1
7
0
0
0
0
31
3
3
0
0
1
1
3
1
0
45017
9676
24694
3
3
0
0
18446744073709551615
1
7
0
0
24829
24979
23541
4
3
0
0
16
1
8
1
0
11798
57921
47300
4
3
0
0
18446744073709551615
1
9
1
0
33420
4739
1163
5
3
0
0
2
1
6
1
0
15752
2750
44035
4
3
0
0
18446744073709551615
1
5
0
0
27096
48157
2115
3
3
0
0
4
1
9
1
0
49693
47899
49118
5
3
0
0
9
1
9
1
0
6173
18206
63913
4
3
0
0
0
1
3
1
0
28094
13062
11971
3
3
0
0
18446744073709551615
1
11
0
0
18127
16469
45403
4
3
0
0
0
1
3
1
0
35588
10411
42739
3
3
0
0
18446744073709551615
1
13
1
0
34152
63271
61031
3
3
0
0
18446744073709551615
1
3
0
0
23
0
38
2
3
0
0
2
1
6
1
0
9
11
33
5
3
0
0
2
1
8
1
0
13
37
15
6
3
0
0
10
1
8
1
0
28
25
17
3
3
0
0
11
1
9
1
0
18
0
32
4
3
0
0
2
1
6
1
0
24
13
30
5
3
0
0
16
1
9
1
0
4
34
26
4
3
0
0
18446744073709551615
1
1
0
0
37
15
28
1
3
0
0
18446744073709551615
1
1
0
0
16
39
26
1
3
0
0
18446744073709551615
1
9
0
0
39
32
0
3
3
0
0
10
1
8
1
0
34
24
14
3
3
0
0
0
1
5
1
0
14
15
0
5
3
0
0
18446744073709551615
1
1
0
0
41
18
25
1
3
0
0
5
1
6
1
0
39
2
0
4
3
0
0
7
1
7
1
0
27
24
0
4
3
0
0
18446744073709551615
1
17
0
0
2
38
9
3
3
0
0
4
1
6
1
0
18
23
36
5
3
0
0
18446744073709551615
1
3
0
0
31
0
7
2
3
0
0
0
1
6
1
0
11
0
31
6
3
0
0
18446744073709551615
1
1
0
0
35
17
0
1
3
0
0
0
1
4
1
0
5
0
0
4
3
0
0
3
1
9
1
0
24
22
8
6
3
0
0
5
1
6
1
0
37
0
3
4
3
0
0
18446744073709551615
1
1
0
0
16
0
25
1
3
0
0
6
1
10
1
0
45384
49771
53093
5
3
0
0
1
1
6
1
0
1370
27091
22651
5
3
0
0
11
1
11
1
0
53538
14575
59354
5
3
0
0
3
1
5
1
0
42670
21317
22503
4
3
0
0
10
1
7
1
0
7043
11633
54686
5
3
0
0
16
1
11
1
0
41622
32311
63771
4
3
0
0
3
1
5
1
0
59269
11736
26688
4
3
0
0
0
1
4
1
0
17641
34936
47898
4
3
0
0
5
1
9
1
0
43881
54230
62743
4
3
0
0
0
1
2
1
0
18682
37663
10802
2
3
0
0
16
1
15
2
0
4625
30696
53146
5
3
0
0
18446744073709551615
1
7
0
0
7530
46292
1532
3
3
0
0
19
1
27
3
0
15
0
20
8
3
0
0
18446744073709551615
1
1
0
0
23
0
23
1
3
0
0
18446744073709551615
1
7
0
0
19
7
39
3
3
0
0
18446744073709551615
1
9
0
0
28
25
13
3
3
0
0
16
1
9
1
0
18
9
28
6
3
0
0
18446744073709551615
1
9
0
0
30
10
26
3
3
0
0
11
1
11
1
0
33
37
0
4
3
0
0
0
1
4
1
0
2
1
6
4
3
0
0
0
1
5
1
0
25
4
0
5
3
0
0
3
1
4
1
0
5
10
7
4
3
0
0
18446744073709551615
1
21
1
0
12
0
15
6
3
0
0
12
1
10
1
0
29
35
22
4
3
0
0
12
1
18
3
0
35
0
28
6
3
0
0
18446744073709551615
1
1
0
0
10
0
18
1
3
0
0
11
1
11
1
0
19
7
22
6
3
0
0
18446744073709551615
1
21
4
0
12
3
28
6
3
0
0
0
1
6
1
0
0
0
11
6
3
0
0
18446744073709551615
1
9
0
0
31
0
40
3
3
0
0
11
1
13
2
0
9
1
40
7
3
0
0
16
1
11
2
0
23
0
38
4
3
0
0
1
1
5
1
0
9
0
17
5
3
0
0
5
1
8
2
0
9
34
7
4
3
0
0
17
1
18
2
0
13
34
28
4
3
0
0
18446744073709551615
1
9
0
0
0
41
19
3
3
0
0
2
1
6
1
0
31313
49920
38023
5
3
0
0
11
1
16
2
0
65035
47236
43792
5
3
0
0
0
1
3
1
0
45992
17737
24847
3
3
0
0
4
1
8
1
0
52916
22881
6044
5
3
0
0
5
1
9
3
0
65068
33286
42091
5
3
0
0
18446744073709551615
1
5
0
0
56943
43519
3829
3
3
0
0
9
1
9
1
0
24962
40841
24904
4
3
0
0
11
1
11
1
0
20797
12026
47786
4
3
0
0
17
1
16
1
0
57480
41259
27507
4
3
0
0
13
1
13
2
0
42892
55554
62600
4
3
0
0
2
1
6
1
0
35388
29867
21402
5
3
0
0
10
1
8
1
0
44178
53691
21449
4
3
0
0
18446744073709551615
1
7
0
0
41
39
37
2
3
0
0
18446744073709551615
1
1
0
0
0
14
0
1
3
0
0
18446744073709551615
1
9
0
0
7
28
40
3
3
0
0
1
1
7
1
0
22
0
0
5
3
0
0
18446744073709551615
1
1
0
0
39
9
0
1
3
0
0
6
1
13
2
0
3
30
0
5
3
0
0
2
1
5
1
0
33
9
11
4
3
0
0
18446744073709551615
1
1
0
0
34
0
9
1
3
0
0
2
1
9
2
0
13
2
26
6
3
0
0
6
1
7
1
0
0
37
0
4
3
0
0
4
1
9
1
0
27
11
25
5
3
0
0
18446744073709551615
1
15
0
0
0
31
18
4
3
0
0
7
1
5
1
0
0
34
11
3
3
0
0
0
1
4
1
0
0
2
19
4
3
0
0
16
1
11
2
0
21
0
29
4
3
0
0
18446744073709551615
1
1
0
0
12
0
16
1
3
0
0
3
1
6
1
0
36
8
12
4
3
0
0
7
1
5
1
0
2
35
21
3
3
0
0
18446744073709551615
1
1
0
0
0
31
5
1
3
0
0
18446744073709551615
1
1
0
0
40
0
15
1
3
0
0
18446744073709551615
1
7
0
0
0
8
38
3
3
0
0
18446744073709551615
1
15
0
0
21
11
38
3
3
0
0
18446744073709551615
1
1
0
0
0
36
37
1
3
0
0
18446744073709551615
1
1
0
0
0
0
21
1
3
0
0
18446744073709551615
1
13
1
0
60591
10009
48510
4
3
0
0
0
1
3
1
0
44087
14001
15860
3
3
0
0
0
1
4
1
0
34214
16081
19117
4
3
0
0
2
1
8
1
0
10559
56110
15408
6
3
0
0
18446744073709551615
1
11
1
0
17817
60124
28575
4
3
0
0
0
1
2
1
0
44695
20264
22717
2
3
0
0
1
1
2
1
0
30617
43618
6299
2
3
0
0
10
1
11
1
0
28454
53056
54778
4
3
0
0
15
1
7
2
0
16591
20163
54663
4
3
0
0
4
1
8
1
0
62739
36784
782
5
3
0
0
15
1
7
1
0
2822
40753
65040
3
3
0
0
8
1
11
1
0
30842
65252
9092
5
3
0
0
1
1
4
1
0
5
8
9
4
3
0
0
19
1
18
1
0
21
31
24
4
3
0
0
12
1
14
1
0
11
3
17
5
3
0
0
18446744073709551615
1
1
0
0
0
35
0
1
3
0
0
5
1
9
1
0
15
12
16
4
3
0
0
22
1
13
1
0
40
28
40
3
3
0
0
18446744073709551615
1
1
0
0
0
0
0
1
3
0
0
18446744073709551615
1
1
0
0
28
39
41
1
3
0
0
3
1
8
1
0
35
29
1
5
3
0
0
1
1
6
1
0
3
6
17
5
3
0
0
18446744073709551615
1
5
0
0
0
3
29
2
3
0
0
18446744073709551615
1
1
0
0
2
40
26
1
3
0
0
5
1
12
1
0
0
28
20
5
3
0
0
18446744073709551615
1
21
0
0
19
32
14
4
3
0
0
18446744073709551615
1
9
0
0
0
13
4
4
3
0
0
3
1
6
1
0
22
9
3
4
3
0
0
18446744073709551615
1
1
0
0
0
12
33
1
3
0
0
0
1
5
1
0
11
16
0
5
3
0
0
5
1
11
2
0
0
28
17
5
3
0
0
21
1
16
1
0
40
35
1
3
3
0
0
9
1
16
3
0
23
23
19
5
3
0
0
10
1
15
1
0
8
2
30
5
3
0
0
1
1
7
1
0
17
1
37
5
3
0
0
18446744073709551615
1
17
2
0
22
5
9
5
3
0
0
18446744073709551615
1
3
0
0
64739
25267
20654
2
3
0
0
8
1
14
1
0
40828
18743
64552
4
3
0
0
18446744073709551615
1
7
0
0
37550
13445
16901
4
3
0
0
6
1
9
3
0
13404
62097
34482
4
3
0
0
17
1
27
4
0
22279
36399
35383
5
3
0
0
18446744073709551615
1
3
0
0
64711
15023
22622
2
3
0
0
17
1
16
1
0
2978
56342
48409
4
3
0
0
4
1
9
1
0
43385
36061
60790
5
3
0
0
2
1
8
1
0
13433
59049
6243
5
3
0
0
11
1
12
2
0
63931
4501
50121
4
3
0
0
5
1
12
3
0
48682
3582
8371
5
3
0
0
18446744073709551615
1
7
0
0
24666
47948
5892
3
3
0
0
18446744073709551615
1
5
0
0
30
36
31
2
3
0
0
2
1
6
1
0
4
24
19
5
3
0
0
20
1
15
2
0
0
36
15
4
3
0
0
3
1
7
1
0
32
17
19
5
3
0
0
18446744073709551615
1
5
0
0
34
0
9
3
3
0
0
18446744073709551615
1
1
0
0
0
0
0
1
3
0
0
4
1
9
1
0
28
18
12
6
3
0
0
18446744073709551615
1
5
0
0
31
40
41
2
3
0
0
0
1
5
1
0
0
14
0
5
3
0
0
0
1
5
1
0
18
0
0
5
3
0
0
18446744073709551615
1
1
0
0
37
36
6
1
3
0
0
18446744073709551615
1
5
0
0
0
25
0
3
3
0
0
6
1
10
1
0
39
41
20
4
3
0
0
13
1
17
2
0
15
21
14
5
3
0
0
0
1
4
1
0
29
21
20
4
3
0
0
3
1
6
1
0
14
0
0
4
3
0
0
0
1
4
1
0
3
14
10
4
3
0
0
4
1
10
2
0
9
27
14
5
3
0
0
0
1
4
1
0
18
9
10
4
3
0
0
18446744073709551615
1
1
0
0
15
2
41
1
3
0
0
1
1
5
2
0
19
12
23
4
3
0
0
18446744073709551615
1
3
0
0
0
13
0
2
3
0
0
18446744073709551615
1
1
0
0
15
37
15
1
3
0
0
18446744073709551615
1
9
0
0
11
12
3
4
3
0
0
18446744073709551615
1
7
0
0
25022
39307
44867
3
3
0
0
18446744073709551615
1
11
0
0
62224
14426
5412
4
3
0
0
1
1
3
1
0
17530
26869
38476
3
3
0
0
18446744073709551615
1
9
1
0
5890
61135
57037
3
3
0
0
1
1
4
1
0
55559
30355
6233
4
3
0
0
6
1
8
1
0
50000
10251
49999
5
3
0
0
0
1
5
1
0
32316
30769
2763
5
3
0
0
11
1
11
1
0
16527
59008
23580
6
3
0
0
0
1
7
1
0
40855
21210
9610
7
3
0
0
18446744073709551615
1
7
0
0
34681
17237
60281
3
3
0
0
18446744073709551615
1
9
0
0
5826
63020
16014
4
3
0
0
12
1
11
1
0
5137
56584
33727
6
3
0
0
0
1
4
1
0
3
0
9
4
3
0
0
0
1
4
1
0
6
5
19
4
3
0
0
0
1
4
1
0
7
0
14
4
3
0
0
4
1
9
1
0
24
0
14
4
3
0
0
18446744073709551615
1
7
0
0
4
12
31
3
3
0
0
9
1
13
1
0
27
18
24
4
3
0
0
10
1
12
2
0
12
37
4
4
3
0
0
0
1
4
1
0
0
12
23
4
3
0
0
18446744073709551615
1
1
0
0
0
17
24
1
3
0
0
18446744073709551615
1
1
0
0
0
1
23
1
3
0
0
18446744073709551615
1
7
0
0
33
30
1
3
3
0
0
18446744073709551615
1
9
0
0
1
37
0
4
3
0
0
18446744073709551615
1
7
0
0
0
0
37
3
3
0
0
18446744073709551615
1
1
0
0
28
0
35
1
3
0
0
18446744073709551615
1
1
0
0
39
4
4
1
3
0
0
18446744073709551615
1
9
0
0
35
1
35
3
3
0
0
19
1
10
1
0
40
0
35
4
3
0
0
20
1
10
1
0
35
0
29
4
3
0
0
18446744073709551615
1
15
0
0
29
14
12
4
3
0
0
5
1
5
1
0
31
0
0
4
3
0
0
18446744073709551615
1
1
0
0
6
6
41
1
3
0
0
18446744073709551615
1
21
0
0
18
11
5
5
3
0
0
18446744073709551615
1
9
0
0
27
1
27
3
3
0
0
18446744073709551615
1
5
0
0
28
25
41
2
3
0
0
1
1
4
1
0
10683
49984
7881
4
3
0
0
3
1
8
1
0
4474
45576
25702
5
3
0
0
0
1
5
1
0
38274
47922
47538
5
3
0
0
18446744073709551615
1
15
0
0
60103
23045
46960
3
3
0
0
12
1
7
1
0
10725
19432
55106
4
3
0
0
18446744073709551615
1
9
0
0
2838
13692
61130
4
3
0
0
18446744073709551615
1
5
0
0
58010
36000
20777
3
3
0
0
18446744073709551615
1
13
0
0
56022
20316
31760
4
3
0
0
2
1
9
1
0
46137
8609
42412
6
3
0
0
18446744073709551615
1
9
0
0
53778
12595
48006
3
3
0
0
18446744073709551615
1
7
0
0
26029
6098
38268
3
3
0
0
0
1
5
1
0
39192
84
38347
5
3
0
0
18446744073709551615
1
1
0
0
26
25
37
1
3
0
0
14
1
5
1
0
6
12
34
3
3
0
0
1
1
7
1
0
20
16
5
6
3
0
0
0
1
5
1
0
15
2
7
5
3
0
0
18446744073709551615
1
9
0
0
0
20
30
3
3
0
0
4
1
7
1
0
37
11
16
4
3
0
0
6
1
9
2
0
5
37
6
5
3
0
0
2
1
6
1
0
21
1
35
5
3
0
0
3
1
6
1
0
35
6
2
4
3
0
0
18446744073709551615
1
9
0
0
7
32
10
4
3
0
0
14
1
16
1
0
6
0
18
6
3
0
0
7
1
9
1
0
15
36
0
6
3
0
0
0
1
3
1
0
25
1
8
3
3
0
0
6
1
14
1
0
15
36
32
5
3
0
0
18446744073709551615
1
9
0
0
2
22
10
4
3
0
0
18446744073709551615
1
9
0
0
19
0
14
4
3
0
0
2
1
9
2
0
11
14
1
5
3
0
0
18446744073709551615
1
1
0
0
36
21
12
1
3
0
0
14
1
17
3
0
2
15
28
5
3
0
0
14
1
7
1
0
0
3
41
4
3
0
0
0
1
3
1
0
30
16
20
3
3
0
0
18446744073709551615
1
7
0
0
5
0
2
3
3
0
0
18446744073709551615
1
13
0
0
10
35
15
4
3
0
0
18446744073709551615
1
9
0
0
13
26
25
3
3
0
0
18446744073709551615
1
17
0
0
28551
63512
36707
4
3
0
0
22
1
8
1
0
12355
59585
55206
3
3
0
0
18446744073709551615
1
5
0
0
52289
37072
28542
3
3
0
0
4
1
9
1
0
23681
12787
33122
5
3
0
0
20
1
10
1
0
11503
41781
45876
4
3
0
0
16
1
6
1
0
13307
43782
62937
4
3
0
0
0
1
5
1
0
21660
14035
58323
5
3
0
0
22
1
14
1
0
39195
62359
58147
3
3
0
0
6
1
11
1
0
52383
2949
12076
5
3
0
0
18446744073709551615
1
7
0
0
50061
34065
51965
2
3
0
0
5
1
4
1
0
18878
17284
44887
4
3
0
0
18446744073709551615
1
11
0
0
38122
62265
14211
4
3
0
0
18446744073709551615
1
3
0
0
36
41
0
2
3
0
0
18446744073709551615
1
11
0
0
32
2
24
4
3
0
0
18446744073709551615
1
1
0
0
25
40
39
1
3
0
0
18446744073709551615
1
11
0
0
34
26
11
3
3
0
0
18446744073709551615
1
1
0
0
30
31
0
1
3
0
0
9
1
13
2
0
0
20
32
6
3
0
0
5
1
10
2
0
39
19
0
5
3
0
0
18446744073709551615
1
15
1
0
40
20
33
4
3
0
0
18446744073709551615
1
5
0
0
0
4
7
3
3
0
0
8
1
17
3
0
1
20
0
6
3
0
0
18446744073709551615
1
13
0
0
0
0
10
6
3
0
0
16
1
10
1
0
19
12
23
4
3
0
0
5
1
13
1
0
0
18
9
5
3
0
0
19
1
14
1
0
20
30
22
3
3
0
0
18446744073709551615
1
7
0
0
30
12
19
3
3
0
0
18446744073709551615
1
7
0
0
21
0
1
4
3
0
0
18446744073709551615
1
7
0
0
31
22
0
3
3
0
0
18446744073709551615
1
5
0
0
0
3
1
3
3
0
0
0
1
4
1
0
34
0
4
4
3
0
0
18446744073709551615
1
5
0
0
38
0
33
2
3
0
0
8
1
9
1
0
23
31
0
4
3
0
0
18446744073709551615
1
11
1
0
18
34
0
4
3
0
0
4
1
7
1
0
40
10
30
4
3
0
0
18446744073709551615
1
1
0
0
3
0
34
1
3
0
0
1
1
4
1
0
26857
11633
38243
4
3
0
0
1
1
4
1
0
2834
41357
5509
4
3
0
0
18446744073709551615
1
9
0
0
62798
17637
42505
3
3
0
0
18446744073709551615
1
9
0
0
51555
41367
4065
3
3
0
0
18446744073709551615
1
9
0
0
31218
55838
8974
4
3
0
0
20
1
16
1
0
50036
33951
47370
4
3
0
0
0
1
3
1
0
42136
6235
12089
3
3
0
0
1
1
7
2
0
45508
39055
44273
5
3
0
0
11
1
16
2
0
28692
45357
52345
5
3
0
0
18446744073709551615
1
3
0
0
49550
22712
54304
2
3
0
0
0
1
3
1
0
34817
4825
8704
3
3
0
0
18
1
13
1
0
24246
29046
53053
4
3
0
0
18446744073709551615
1
5
0
0
2
34
16
3
3
0
0
9
1
12
4
0
8
37
6
5
3
0
0
18446744073709551615
1
1
0
0
41
37
25
1
3
0
0
9
1
10
1
0
23
38
14
5
3
0
0
18446744073709551615
1
7
0
0
0
9
17
3
3
0
0
1
1
5
1
0
14
1
0
5
3
0
0
0
1
5
1
0
0
0
0
5
3
0
0
18446744073709551615
1
3
0
0
37
0
14
2
3
0
0
5
1
9
2
0
29
8
0
5
3
0
0
18446744073709551615
1
9
0
0
25
6
0
4
3
0
0
1
1
7
1
0
19
2
15
6
3
0
0
18446744073709551615
1
1
0
0
36
19
28
1
3
0
0
18446744073709551615
1
1
0
0
0
11
2
1
3
0
0
18446744073709551615
1
25
2
0
32
21
16
4
3
0
0
0
1
4
1
0
2
4
11
4
3
0
0
2
1
5
1
0
23
14
11
4
3
0
0
13
1
8
1
0
39
0
41
4
3
0
0
7
1
13
2
0
23
38
25
4
3
0
0
2
1
5
1
0
25
5
6
4
3
0
0
1
1
7
1
0
32
10
13
5
3
0
0
18446744073709551615
1
9
0
0
0
0
29
4
3
0
0
18
1
8
1
0
3
25
29
3
3
0
0
13
1
8
1
0
39
3
23
4
3
0
0
10
1
13
2
0
0
0
40
6
3
0
0
0
1
2
1
0
33153
18893
20429
2
3
0
0
18446744073709551615
1
17
0
0
49643
33836
40112
3
3
0
0
2
1
7
1
0
52969
40614
41006
6
3
0
0
23
1
13
2
0
50468
49291
62316
3
3
0
0
18446744073709551615
1
11
1
0
56693
26085
11272
4
3
0
0
22
1
12
1
0
27468
64904
56290
3
3
0
0
1
1
7
2
0
22950
45937
30343
6
3
0
0
1
1
4
1
0
1690
27474
14517
4
3
0
0
14
1
13
1
0
15208
63463
54177
4
3
0
0
2
1
9
1
0
28278
5039
321
6
3
0
0
12
1
12
1
0
50769
37780
17852
4
3
0
0
0
1
6
1
0
8873
56973
2082
6
3
0
0
18446744073709551615
1
7
0
0
33
37
10
3
3
0
0
3
1
7
1
0
14
17
37
5
3
0
0
18446744073709551615
1
1
0
0
35
29
37
1
3
0
0
2
1
9
1
0
39
4
0
6
3
0
0
18446744073709551615
1
9
0
0
30
12
37
3
3
0
0
2
1
9
2
0
14
11
0
6
3
0
0
1
1
8
1
0
5
27
0
6
3
0
0
18446744073709551615
1
9
0
0
40
38
0
3
3
0
0
18446744073709551615
1
19
0
0
20
1
18
5
3
0
0
0
1
6
1
0
0
23
10
6
3
0
0
12
1
15
2
0
0
21
22
5
3
0
0
12
1
13
1
0
0
22
36
5
3
0
0
3
1
6
1
0
20
17
23
5
3
0
0
2
1
7
1
0
27
24
7
6
3
0
0
1
1
6
1
0
0
0
20
6
3
0
0
18446744073709551615
1
1
0
0
32
12
0
1
3
0
0
2
1
9
2
0
2
9
6
7
3
0
0
17
1
11
1
0
17
0
27
5
3
0
0
2
1
7
1
0
31
12
1
6
3
0
0
3
1
6
1
0
32
24
2
5
3
0
0
18446744073709551615
1
7
0
0
33
0
3
4
3
0
0
3
1
8
2
0
10
32
4
6
3
0
0
4
1
7
2
0
37
0
12
5
3
0
0
18446744073709551615
1
3
0
0
33
0
16
2
3
0
0
2
1
3
1
0
40794
24993
29846
3
3
0
0
0
1
4
1
0
20545
54764
13741
4
3
0
0
3
1
9
2
0
45977
30931
9609
5
3
0
0
2
1
5
1
0
61574
9413
27328
4
3
0
0
0
1
5
1
0
44853
12785
42614
5
3
0
0
0
1
5
1
0
7104
37902
58477
5
3
0
0
8
1
8
1
0
40839
56226
34641
3
3
0
0
5
1
9
1
0
37976
48932
43274
4
3
0
0
1
1
6
1
0
28447
50478
33227
5
3
0
0
3
1
5
2
0
50353
37777
20284
4
3
0
0
0
1
4
1
0
13500
39662
11664
4
3
0
0
15
1
14
1
0
10368
64621
40737
4
3
0
0
7
1
9
1
0
28
27
0
4
3
0
0
18446744073709551615
1
7
0
0
29
0
33
3
3
0
0
18446744073709551615
1
3
0
0
0
35
7
2
3
0
0
18446744073709551615
1
13
0
0
3
0
0
5
3
0
0
18446744073709551615
1
5
0
0
10
0
0
3
3
0
0
1
1
4
1
0
14
22
37
4
3
0
0
18446744073709551615
1
9
0
0
36
28
0
3
3
0
0
0
1
5
1
0
6
0
9
5
3
0
0
0
1
4
1
0
14
15
4
4
3
0
0
18446744073709551615
1
1
0
0
0
1
1
1
3
0
0
18446744073709551615
1
1
0
0
36
29
0
1
3
0
0
18446744073709551615
1
5
0
0
17
2
0
3
3
0
0
11
1
9
1
0
4
20
21
4
3
0
0
12
1
6
1
0
21
34
0
3
3
0
0
6
1
15
2
0
40
0
20
6
3
0
0
18446744073709551615
1
1
0
0
38
16
0
1
3
0
0
18446744073709551615
1
17
1
0
29
0
20
5
3
0
0
16
1
18
3
0
5
28
29
4
3
0
0
18
1
21
1
0
7
16
20
4
3
0
0
18446744073709551615
1
7
0
0
0
0
1
4
3
0
0
18446744073709551615
1
1
0
0
4
33
40
1
3
0
0
18446744073709551615
1
1
0
0
10
4
37
1
3
0
0
13
1
6
1
0
6
0
31
4
3
0
0
18446744073709551615
1
7
0
0
20
1
38
3
3
0
0
8
1
9
2
0
6230
64698
19352
5
3
0
0
0
1
4
1
0
26773
42900
32037
4
3
0
0
18446744073709551615
1
13
1
0
50954
62864
50335
3
3
0
0
2
1
6
1
0
44747
43816
27444
5
3
0
0
4
1
8
1
0
40677
29904
216
5
3
0
0
1
1
7
1
0
21847
1610
26595
6
3
0
0
18446744073709551615
1
9
0
0
3038
21018
7948
5
3
0
0
2
1
6
1
0
25431
29627
986
5
3
0
0
2
1
6
1
0
37595
59571
25205
5
3
0
0
5
1
5
1
0
55492
21655
60233
4
3
0
0
0
1
3
1
0
27750
18659
21356
3
3
0
0
6
1
10
1
0
30060
24598
39479
4
3
0
0
18446744073709551615
1
13
2
0
16
35
36
3
3
0
0
8
1
12
1
0
0
36
12
6
3
0
0
3
1
5
1
0
27
26
20
4
3
0
0
18446744073709551615
1
7
0
0
28
11
0
4
3
0
0
18446744073709551615
1
1
0
0
18
7
38
1
3
0
0
18446744073709551615
1
5
0
0
21
39
30
2
3
0
0
0
1
3
1
0
25
0
5
3
3
0
0
18446744073709551615
1
1
0
0
18
16
40
1
3
0
0
18446744073709551615
1
1
0
0
9
40
40
1
3
0
0
3
1
7
2
0
22
1
22
5
3
0
0
18446744073709551615
1
1
0
0
0
35
12
1
3
0
0
18446744073709551615
1
7
0
0
0
0
34
3
3
0
0
2
1
6
1
0
36
3
12
4
3
0
0
16
1
9
1
0
29
0
39
4
3
0
0
18446744073709551615
1
9
0
0
29
29
35
2
3
0
0
18446744073709551615
1
9
0
0
29
28
32
2
3
0
0
18446744073709551615
1
1
0
0
0
11
38
1
3
0
0
0
1
5
1
0
0
17
5
5
3
0
0
8
1
11
1
0
22
35
16
4
3
0
0
20
1
10
1
0
12
23
37
3
3
0
0
10
1
16
1
0
0
17
17
5
3
0
0
1
1
6
1
0
5
11
27
5
3
0
0
18446744073709551615
1
3
0
0
0
22
32
2
3
0
0
6
1
10
1
0
32
29
0
4
3
0
0
1
1
6
1
0
51591
4412
54972
5
3
0
0
18446744073709551615
1
9
0
0
21259
29408
374
5
3
0
0
1
1
7
2
0
3476
18892
26979
5
3
0
0
0
1
5
1
0
60632
38082
7036
5
3
0
0
1
1
6
2
0
43108
4367
7754
5
3
0
0
6
1
13
1
0
499
42321
34640
5
3
0
0
18446744073709551615
1
1
0
0
63994
31910
7435
1
3
0
0
18446744073709551615
1
7
0
0
60175
63180
43934
2
3
0
0
0
1
5
1
0
11151
18094
2293
5
3
0
0
18446744073709551615
1
13
1
0
50164
41315
11443
4
3
0
0
2
1
8
1
0
41191
24428
11148
5
3
0
0
8
1
17
2
0
1888
39817
25101
5
3
0
0
10
1
11
1
0
0
28
12
5
3
0
0
18446744073709551615
1
1
0
0
13
29
27
1
3
0
0
18446744073709551615
1
7
0
0
15
29
0
3
3
0
0
8
1
9
1
0
0
23
0
5
3
0
0
8
1
12
1
0
0
17
2
5
3
0
0
1
1
8
2
0
0
11
1
6
3
0
0
18446744073709551615
1
9
1
0
37
0
0
4
3
0
0
4
1
10
1
0
10
23
36
5
3
0
0
13
1
10
1
0
20
30
18
3
3
0
0
18446744073709551615
1
9
0
0
0
6
13
5
3
0
0
21
1
11
1
0
26
34
28
3
3
0
0
18446744073709551615
1
13
0
0
8
24
16
3
3
0
0
0
1
3
1
0
1
21
8
3
3
0
0
18446744073709551615
1
1
0
0
3
41
13
1
3
0
0
18446744073709551615
1
7
0
0
0
39
5
3
3
0
0
0
1
3
1
0
10
25
2
3
3
0
0
20
1
8
1
0
26
20
21
2
3
0
0
4
1
9
3
0
21
13
0
5
3
0
0
18446744073709551615
1
1
0
0
39
32
38
1
3
0
0
9
1
14
1
0
12
31
29
4
3
0
0
18446744073709551615
1
1
0
0
15
1
0
1
3
0
0
18446744073709551615
1
7
0
0
34
14
0
3
3
0
0
2
1
7
1
0
26
0
20
5
3
0
0
18446744073709551615
1
1
0
0
0
1
0
1
3
0
0
18446744073709551615
1
7
1
0
12154
11181
19525
4
3
0
0
0
1
4
1
0
39256
12719
60479
4
3
0
0
0
1
4
1
0
26407
55741
36798
4
3
0
0
10
1
7
1
0
38297
17681
53809
3
3
0
0
4
1
5
1
0
19133
53538
18834
3
3
0
0
10
1
8
1
0
31274
31008
41093
4
3
0
0
0
1
4
1
0
23757
1157
17854
4
3
0
0
1
1
5
1
0
49229
56565
36982
4
3
0
0
0
1
3
1
0
6630
5291
6752
3
3
0
0
12
1
13
1
0
62746
723
35023
4
3
0
0
0
1
4
1
0
45046
33709
44422
4
3
0
0
18446744073709551615
1
9
0
0
49892
59329
51776
2
3
0
0
18446744073709551615
1
3
0
0
0
38
33
2
3
0
0
0
1
4
1
0
6
0
32
4
3
0
0
18446744073709551615
1
11
1
0
37
5
4
5
3
0
0
0
1
4
1
0
13
7
2
4
3
0
0
18446744073709551615
1
7
0
0
0
11
2
3
3
0
0
0
1
4
1
0
27
9
9
4
3
0
0
3
1
3
1
0
22
4
21
3
3
0
0
7
1
9
2
0
19
26
10
4
3
0
0
2
1
5
1
0
26
9
0
4
3
0
0
18446744073709551615
1
9
0
0
0
8
0
4
3
0
0
0
1
4
1
0
38
0
8
4
3
0
0
5
1
4
1
0
10
37
8
3
3
0
0
1
1
4
1
0
4
16
25
4
3
0
0
4
1
8
1
0
7
20
27
5
3
0
0
18446744073709551615
1
1
0
0
11
7
2
1
3
0
0
18446744073709551615
1
5
0
0
1
26
28
2
3
0
0
18446744073709551615
1
9
0
0
25
41
27
2
3
0
0
18446744073709551615
1
5
0
0
24
18
20
2
3
0
0
18446744073709551615
1
11
0
0
10
2
26
4
3
0
0
18446744073709551615
1
9
1
0
20
36
29
2
3
0
0
6
1
7
1
0
33
10
11
4
3
0
0
4
1
10
2
0
10
10
29
5
3
0
0
0
1
5
1
0
0
0
0
5
3
0
0
18446744073709551615
1
1
0
0
13
41
4
1
3
0
2
18446744073709551615
0
0
0
0
0
0
0
0
0
0
2
18446744073709551615
0
0
0
0
0
0
0
0
0
0
2
18446744073709551615
0
0
0
0
0
0
0
0
0
0
2
18446744073709551615
0
0
0
0
0
0
0
0
0
0
2
18446744073709551615
0
0
0
0
0
0
0
0
0
0
2
18446744073709551615
0
0
0
0
0
0
0
0
0
0
2
18446744073709551615
0
0
0
0
0
0
0
0
0
0
2
18446744073709551615
0
0
0
0
0
0
0
0
0
0
2
18446744073709551615
0
0
0
0
0
0
0
0
0
0
1
18446744073709551615
0
0
0
0
0
0
0
0
0
0
1
18446744073709551615
0
0
0
0
0
0
0
0
0
0
1
18446744073709551615
0
0
0
0
0
0
0
0
0
0
1
18446744073709551615
0
0
0
0
0
0
0
0
0
0
1
18446744073709551615
0
0
0
0
0
0
0
0
0
0
1
18446744073709551615
0
0
0
0
0
0
0
0
0
0
1
18446744073709551615
0
0
0
0
0
0
0
0
0
0
