{"case":0,"call":0,"status":"unknown","root":23,"steps":0,"normalized":0,"accounting":"full_successor_reads_writes_no_last_pair_v2","successors":[]}
{"case":1,"call":0,"status":"unknown","root":23,"steps":7,"normalized":3,"accounting":"full_successor_reads_writes_no_last_pair_v2","successors":[]}
{"case":2,"call":0,"status":"unknown","root":23,"steps":18446744073709551615,"normalized":18446744073709551615,"accounting":"full_successor_reads_writes_no_last_pair_v2","successors":[]}
{"case":3,"call":0,"status":"unknown","root":23,"steps":0,"normalized":0,"accounting":"full_successor_reads_writes_no_last_pair_v2","successors":[]}
{"case":4,"call":0,"status":"unknown","root":23,"steps":7,"normalized":3,"accounting":"full_successor_reads_writes_no_last_pair_v2","successors":[]}
{"case":5,"call":0,"status":"unknown","root":23,"steps":18446744073709551615,"normalized":18446744073709551615,"accounting":"full_successor_reads_writes_no_last_pair_v2","successors":[]}
{"case":6,"call":0,"status":"budget","root":0,"steps":0,"normalized":0,"accounting":"full_successor_reads_writes_no_last_pair_v2","successors":[0]}
{"case":7,"call":0,"status":"ok","root":0,"steps":1,"normalized":0,"accounting":"full_successor_reads_writes_no_last_pair_v2","successors":[0]}
{"case":8,"call":0,"status":"ok","root":0,"steps":1,"normalized":0,"accounting":"full_successor_reads_writes_no_last_pair_v2","successors":[0]}
{"case":9,"call":0,"status":"budget","root":0,"steps":7,"normalized":3,"accounting":"full_successor_reads_writes_no_last_pair_v2","successors":[0]}
{"case":10,"call":0,"status":"ok","root":0,"steps":8,"normalized":3,"accounting":"full_successor_reads_writes_no_last_pair_v2","successors":[0]}
{"case":11,"call":0,"status":"ok","root":0,"steps":8,"normalized":3,"accounting":"full_successor_reads_writes_no_last_pair_v2","successors":[0]}
{"case":12,"call":0,"status":"budget","root":0,"steps":18446744073709551613,"normalized":18446744073709551612,"accounting":"full_successor_reads_writes_no_last_pair_v2","successors":[0]}
{"case":13,"call":0,"status":"ok","root":0,"steps":18446744073709551614,"normalized":18446744073709551612,"accounting":"full_successor_reads_writes_no_last_pair_v2","successors":[0]}
{"case":14,"call":0,"status":"ok","root":0,"steps":18446744073709551614,"normalized":18446744073709551612,"accounting":"full_successor_reads_writes_no_last_pair_v2","successors":[0]}
{"case":15,"call":0,"status":"budget","root":0,"steps":11,"normalized":4,"accounting":"full_successor_reads_writes_no_last_pair_v2","successors":[0]}
{"case":16,"call":0,"status":"unknown","root":23,"steps":0,"normalized":0,"accounting":"full_successor_reads_writes_no_last_pair_v2","successors":[0]}
{"case":17,"call":0,"status":"unknown","root":23,"steps":7,"normalized":3,"accounting":"full_successor_reads_writes_no_last_pair_v2","successors":[0]}
{"case":18,"call":0,"status":"unknown","root":23,"steps":18446744073709551615,"normalized":18446744073709551615,"accounting":"full_successor_reads_writes_no_last_pair_v2","successors":[0]}
{"case":19,"call":0,"status":"unknown","root":23,"steps":0,"normalized":0,"accounting":"full_successor_reads_writes_no_last_pair_v2","successors":[0]}
{"case":20,"call":0,"status":"unknown","root":23,"steps":7,"normalized":3,"accounting":"full_successor_reads_writes_no_last_pair_v2","successors":[0]}
{"case":21,"call":0,"status":"unknown","root":23,"steps":18446744073709551615,"normalized":18446744073709551615,"accounting":"full_successor_reads_writes_no_last_pair_v2","successors":[0]}
{"case":22,"call":0,"status":"budget","root":0,"steps":0,"normalized":0,"accounting":"full_successor_reads_writes_no_last_pair_v2","successors":[0,1]}
{"case":23,"call":0,"status":"ok","root":0,"steps":1,"normalized":0,"accounting":"full_successor_reads_writes_no_last_pair_v2","successors":[0,1]}
{"case":24,"call":0,"status":"ok","root":0,"steps":1,"normalized":0,"accounting":"full_successor_reads_writes_no_last_pair_v2","successors":[0,1]}
{"case":25,"call":0,"status":"budget","root":0,"steps":7,"normalized":3,"accounting":"full_successor_reads_writes_no_last_pair_v2","successors":[0,1]}
{"case":26,"call":0,"status":"ok","root":0,"steps":8,"normalized":3,"accounting":"full_successor_reads_writes_no_last_pair_v2","successors":[0,1]}
{"case":27,"call":0,"status":"ok","root":0,"steps":8,"normalized":3,"accounting":"full_successor_reads_writes_no_last_pair_v2","successors":[0,1]}
{"case":28,"call":0,"status":"budget","root":0,"steps":18446744073709551613,"normalized":18446744073709551612,"accounting":"full_successor_reads_writes_no_last_pair_v2","successors":[0,1]}
{"case":29,"call":0,"status":"ok","root":0,"steps":18446744073709551614,"normalized":18446744073709551612,"accounting":"full_successor_reads_writes_no_last_pair_v2","successors":[0,1]}
{"case":30,"call":0,"status":"ok","root":0,"steps":18446744073709551614,"normalized":18446744073709551612,"accounting":"full_successor_reads_writes_no_last_pair_v2","successors":[0,1]}
{"case":31,"call":0,"status":"budget","root":0,"steps":11,"normalized":4,"accounting":"full_successor_reads_writes_no_last_pair_v2","successors":[0,1]}
{"case":32,"call":0,"status":"budget","root":1,"steps":0,"normalized":0,"accounting":"full_successor_reads_writes_no_last_pair_v2","successors":[0,1]}
{"case":33,"call":0,"status":"ok","root":1,"steps":1,"normalized":0,"accounting":"full_successor_reads_writes_no_last_pair_v2","successors":[0,1]}
{"case":34,"call":0,"status":"ok","root":1,"steps":1,"normalized":0,"accounting":"full_successor_reads_writes_no_last_pair_v2","successors":[0,1]}
{"case":35,"call":0,"status":"budget","root":1,"steps":7,"normalized":3,"accounting":"full_successor_reads_writes_no_last_pair_v2","successors":[0,1]}
{"case":36,"call":0,"status":"ok","root":1,"steps":8,"normalized":3,"accounting":"full_successor_reads_writes_no_last_pair_v2","successors":[0,1]}
{"case":37,"call":0,"status":"ok","root":1,"steps":8,"normalized":3,"accounting":"full_successor_reads_writes_no_last_pair_v2","successors":[0,1]}
{"case":38,"call":0,"status":"budget","root":1,"steps":18446744073709551613,"normalized":18446744073709551612,"accounting":"full_successor_reads_writes_no_last_pair_v2","successors":[0,1]}
{"case":39,"call":0,"status":"ok","root":1,"steps":18446744073709551614,"normalized":18446744073709551612,"accounting":"full_successor_reads_writes_no_last_pair_v2","successors":[0,1]}
{"case":40,"call":0,"status":"ok","root":1,"steps":18446744073709551614,"normalized":18446744073709551612,"accounting":"full_successor_reads_writes_no_last_pair_v2","successors":[0,1]}
{"case":41,"call":0,"status":"budget","root":1,"steps":11,"normalized":4,"accounting":"full_successor_reads_writes_no_last_pair_v2","successors":[0,1]}
{"case":42,"call":0,"status":"unknown","root":23,"steps":0,"normalized":0,"accounting":"full_successor_reads_writes_no_last_pair_v2","successors":[0,1]}
{"case":43,"call":0,"status":"unknown","root":23,"steps":7,"normalized":3,"accounting":"full_successor_reads_writes_no_last_pair_v2","successors":[0,1]}
{"case":44,"call":0,"status":"unknown","root":23,"steps":18446744073709551615,"normalized":18446744073709551615,"accounting":"full_successor_reads_writes_no_last_pair_v2","successors":[0,1]}
{"case":45,"call":0,"status":"unknown","root":23,"steps":0,"normalized":0,"accounting":"full_successor_reads_writes_no_last_pair_v2","successors":[0,1]}
{"case":46,"call":0,"status":"unknown","root":23,"steps":7,"normalized":3,"accounting":"full_successor_reads_writes_no_last_pair_v2","successors":[0,1]}
{"case":47,"call":0,"status":"unknown","root":23,"steps":18446744073709551615,"normalized":18446744073709551615,"accounting":"full_successor_reads_writes_no_last_pair_v2","successors":[0,1]}
{"case":48,"call":0,"status":"budget","root":0,"steps":0,"normalized":0,"accounting":"full_successor_reads_writes_no_last_pair_v2","successors":[1,1]}
{"case":49,"call":0,"status":"budget","root":1,"steps":1,"normalized":0,"accounting":"full_successor_reads_writes_no_last_pair_v2","successors":[1,1]}
{"case":50,"call":0,"status":"ok","root":1,"steps":2,"normalized":1,"accounting":"full_successor_reads_writes_no_last_pair_v2","successors":[1,1]}
{"case":51,"call":0,"status":"ok","root":1,"steps":2,"normalized":1,"accounting":"full_successor_reads_writes_no_last_pair_v2","successors":[1,1]}
{"case":52,"call":0,"status":"budget","root":0,"steps":7,"normalized":3,"accounting":"full_successor_reads_writes_no_last_pair_v2","successors":[1,1]}
{"case":53,"call":0,"status":"budget","root":1,"steps":8,"normalized":3,"accounting":"full_successor_reads_writes_no_last_pair_v2","successors":[1,1]}
{"case":54,"call":0,"status":"ok","root":1,"steps":9,"normalized":4,"accounting":"full_successor_reads_writes_no_last_pair_v2","successors":[1,1]}
{"case":55,"call":0,"status":"ok","root":1,"steps":9,"normalized":4,"accounting":"full_successor_reads_writes_no_last_pair_v2","successors":[1,1]}
{"case":56,"call":0,"status":"budget","root":0,"steps":18446744073709551612,"normalized":18446744073709551611,"accounting":"full_successor_reads_writes_no_last_pair_v2","successors":[1,1]}
{"case":57,"call":0,"status":"budget","root":1,"steps":18446744073709551613,"normalized":18446744073709551611,"accounting":"full_successor_reads_writes_no_last_pair_v2","successors":[1,1]}
{"case":58,"call":0,"status":"ok","root":1,"steps":18446744073709551614,"normalized":18446744073709551612,"accounting":"full_successor_reads_writes_no_last_pair_v2","successors":[1,1]}
{"case":59,"call":0,"status":"ok","root":1,"steps":18446744073709551614,"normalized":18446744073709551612,"accounting":"full_successor_reads_writes_no_last_pair_v2","successors":[1,1]}
{"case":60,"call":0,"status":"budget","root":0,"steps":11,"normalized":4,"accounting":"full_successor_reads_writes_no_last_pair_v2","successors":[1,1]}
{"case":61,"call":0,"status":"budget","root":1,"steps":0,"normalized":0,"accounting":"full_successor_reads_writes_no_last_pair_v2","successors":[1,1]}
{"case":62,"call":0,"status":"ok","root":1,"steps":1,"normalized":0,"accounting":"full_successor_reads_writes_no_last_pair_v2","successors":[1,1]}
{"case":63,"call":0,"status":"ok","root":1,"steps":1,"normalized":0,"accounting":"full_successor_reads_writes_no_last_pair_v2","successors":[1,1]}
{"case":64,"call":0,"status":"budget","root":1,"steps":7,"normalized":3,"accounting":"full_successor_reads_writes_no_last_pair_v2","successors":[1,1]}
{"case":65,"call":0,"status":"ok","root":1,"steps":8,"normalized":3,"accounting":"full_successor_reads_writes_no_last_pair_v2","successors":[1,1]}
{"case":66,"call":0,"status":"ok","root":1,"steps":8,"normalized":3,"accounting":"full_successor_reads_writes_no_last_pair_v2","successors":[1,1]}
{"case":67,"call":0,"status":"budget","root":1,"steps":18446744073709551613,"normalized":18446744073709551612,"accounting":"full_successor_reads_writes_no_last_pair_v2","successors":[1,1]}
{"case":68,"call":0,"status":"ok","root":1,"steps":18446744073709551614,"normalized":18446744073709551612,"accounting":"full_successor_reads_writes_no_last_pair_v2","successors":[1,1]}
{"case":69,"call":0,"status":"ok","root":1,"steps":18446744073709551614,"normalized":18446744073709551612,"accounting":"full_successor_reads_writes_no_last_pair_v2","successors":[1,1]}
{"case":70,"call":0,"status":"budget","root":1,"steps":11,"normalized":4,"accounting":"full_successor_reads_writes_no_last_pair_v2","successors":[1,1]}
{"case":71,"call":0,"status":"unknown","root":23,"steps":0,"normalized":0,"accounting":"full_successor_reads_writes_no_last_pair_v2","successors":[1,1]}
{"case":72,"call":0,"status":"unknown","root":23,"steps":7,"normalized":3,"accounting":"full_successor_reads_writes_no_last_pair_v2","successors":[1,1]}
{"case":73,"call":0,"status":"unknown","root":23,"steps":18446744073709551615,"normalized":18446744073709551615,"accounting":"full_successor_reads_writes_no_last_pair_v2","successors":[1,1]}
{"case":74,"call":0,"status":"unknown","root":23,"steps":0,"normalized":0,"accounting":"full_successor_reads_writes_no_last_pair_v2","successors":[1,1]}
{"case":75,"call":0,"status":"unknown","root":23,"steps":7,"normalized":3,"accounting":"full_successor_reads_writes_no_last_pair_v2","successors":[1,1]}
{"case":76,"call":0,"status":"unknown","root":23,"steps":18446744073709551615,"normalized":18446744073709551615,"accounting":"full_successor_reads_writes_no_last_pair_v2","successors":[1,1]}
{"case":77,"call":0,"status":"budget","root":0,"steps":0,"normalized":0,"accounting":"full_successor_reads_writes_no_last_pair_v2","successors":[0,1,2]}
{"case":78,"call":0,"status":"ok","root":0,"steps":1,"normalized":0,"accounting":"full_successor_reads_writes_no_last_pair_v2","successors":[0,1,2]}
{"case":79,"call":0,"status":"ok","root":0,"steps":1,"normalized":0,"accounting":"full_successor_reads_writes_no_last_pair_v2","successors":[0,1,2]}
{"case":80,"call":0,"status":"budget","root":0,"steps":7,"normalized":3,"accounting":"full_successor_reads_writes_no_last_pair_v2","successors":[0,1,2]}
{"case":81,"call":0,"status":"ok","root":0,"steps":8,"normalized":3,"accounting":"full_successor_reads_writes_no_last_pair_v2","successors":[0,1,2]}
{"case":82,"call":0,"status":"ok","root":0,"steps":8,"normalized":3,"accounting":"full_successor_reads_writes_no_last_pair_v2","successors":[0,1,2]}
{"case":83,"call":0,"status":"budget","root":0,"steps":18446744073709551613,"normalized":18446744073709551612,"accounting":"full_successor_reads_writes_no_last_pair_v2","successors":[0,1,2]}
{"case":84,"call":0,"status":"ok","root":0,"steps":18446744073709551614,"normalized":18446744073709551612,"accounting":"full_successor_reads_writes_no_last_pair_v2","successors":[0,1,2]}
{"case":85,"call":0,"status":"ok","root":0,"steps":18446744073709551614,"normalized":18446744073709551612,"accounting":"full_successor_reads_writes_no_last_pair_v2","successors":[0,1,2]}
{"case":86,"call":0,"status":"budget","root":0,"steps":11,"normalized":4,"accounting":"full_successor_reads_writes_no_last_pair_v2","successors":[0,1,2]}
{"case":87,"call":0,"status":"budget","root":1,"steps":0,"normalized":0,"accounting":"full_successor_reads_writes_no_last_pair_v2","successors":[0,1,2]}
{"case":88,"call":0,"status":"ok","root":1,"steps":1,"normalized":0,"accounting":"full_successor_reads_writes_no_last_pair_v2","successors":[0,1,2]}
{"case":89,"call":0,"status":"ok","root":1,"steps":1,"normalized":0,"accounting":"full_successor_reads_writes_no_last_pair_v2","successors":[0,1,2]}
{"case":90,"call":0,"status":"budget","root":1,"steps":7,"normalized":3,"accounting":"full_successor_reads_writes_no_last_pair_v2","successors":[0,1,2]}
{"case":91,"call":0,"status":"ok","root":1,"steps":8,"normalized":3,"accounting":"full_successor_reads_writes_no_last_pair_v2","successors":[0,1,2]}
{"case":92,"call":0,"status":"ok","root":1,"steps":8,"normalized":3,"accounting":"full_successor_reads_writes_no_last_pair_v2","successors":[0,1,2]}
{"case":93,"call":0,"status":"budget","root":1,"steps":18446744073709551613,"normalized":18446744073709551612,"accounting":"full_successor_reads_writes_no_last_pair_v2","successors":[0,1,2]}
{"case":94,"call":0,"status":"ok","root":1,"steps":18446744073709551614,"normalized":18446744073709551612,"accounting":"full_successor_reads_writes_no_last_pair_v2","successors":[0,1,2]}
{"case":95,"call":0,"status":"ok","root":1,"steps":18446744073709551614,"normalized":18446744073709551612,"accounting":"full_successor_reads_writes_no_last_pair_v2","successors":[0,1,2]}
{"case":96,"call":0,"status":"budget","root":1,"steps":11,"normalized":4,"accounting":"full_successor_reads_writes_no_last_pair_v2","successors":[0,1,2]}
{"case":97,"call":0,"status":"budget","root":2,"steps":0,"normalized":0,"accounting":"full_successor_reads_writes_no_last_pair_v2","successors":[0,1,2]}
{"case":98,"call":0,"status":"ok","root":2,"steps":1,"normalized":0,"accounting":"full_successor_reads_writes_no_last_pair_v2","successors":[0,1,2]}
{"case":99,"call":0,"status":"ok","root":2,"steps":1,"normalized":0,"accounting":"full_successor_reads_writes_no_last_pair_v2","successors":[0,1,2]}
{"case":100,"call":0,"status":"budget","root":2,"steps":7,"normalized":3,"accounting":"full_successor_reads_writes_no_last_pair_v2","successors":[0,1,2]}
{"case":101,"call":0,"status":"ok","root":2,"steps":8,"normalized":3,"accounting":"full_successor_reads_writes_no_last_pair_v2","successors":[0,1,2]}
{"case":102,"call":0,"status":"ok","root":2,"steps":8,"normalized":3,"accounting":"full_successor_reads_writes_no_last_pair_v2","successors":[0,1,2]}
{"case":103,"call":0,"status":"budget","root":2,"steps":18446744073709551613,"normalized":18446744073709551612,"accounting":"full_successor_reads_writes_no_last_pair_v2","successors":[0,1,2]}
{"case":104,"call":0,"status":"ok","root":2,"steps":18446744073709551614,"normalized":18446744073709551612,"accounting":"full_successor_reads_writes_no_last_pair_v2","successors":[0,1,2]}
{"case":105,"call":0,"status":"ok","root":2,"steps":18446744073709551614,"normalized":18446744073709551612,"accounting":"full_successor_reads_writes_no_last_pair_v2","successors":[0,1,2]}
{"case":106,"call":0,"status":"budget","root":2,"steps":11,"normalized":4,"accounting":"full_successor_reads_writes_no_last_pair_v2","successors":[0,1,2]}
{"case":107,"call":0,"status":"unknown","root":23,"steps":0,"normalized":0,"accounting":"full_successor_reads_writes_no_last_pair_v2","successors":[0,1,2]}
{"case":108,"call":0,"status":"unknown","root":23,"steps":7,"normalized":3,"accounting":"full_successor_reads_writes_no_last_pair_v2","successors":[0,1,2]}
{"case":109,"call":0,"status":"unknown","root":23,"steps":18446744073709551615,"normalized":18446744073709551615,"accounting":"full_successor_reads_writes_no_last_pair_v2","successors":[0,1,2]}
{"case":110,"call":0,"status":"unknown","root":23,"steps":0,"normalized":0,"accounting":"full_successor_reads_writes_no_last_pair_v2","successors":[0,1,2]}
{"case":111,"call":0,"status":"unknown","root":23,"steps":7,"normalized":3,"accounting":"full_successor_reads_writes_no_last_pair_v2","successors":[0,1,2]}
{"case":112,"call":0,"status":"unknown","root":23,"steps":18446744073709551615,"normalized":18446744073709551615,"accounting":"full_successor_reads_writes_no_last_pair_v2","successors":[0,1,2]}
{"case":113,"call":0,"status":"budget","root":0,"steps":0,"normalized":0,"accounting":"full_successor_reads_writes_no_last_pair_v2","successors":[0,2,2]}
{"case":114,"call":0,"status":"ok","root":0,"steps":1,"normalized":0,"accounting":"full_successor_reads_writes_no_last_pair_v2","successors":[0,2,2]}
{"case":115,"call":0,"status":"ok","root":0,"steps":1,"normalized":0,"accounting":"full_successor_reads_writes_no_last_pair_v2","successors":[0,2,2]}
{"case":116,"call":0,"status":"budget","root":0,"steps":7,"normalized":3,"accounting":"full_successor_reads_writes_no_last_pair_v2","successors":[0,2,2]}
{"case":117,"call":0,"status":"ok","root":0,"steps":8,"normalized":3,"accounting":"full_successor_reads_writes_no_last_pair_v2","successors":[0,2,2]}
{"case":118,"call":0,"status":"ok","root":0,"steps":8,"normalized":3,"accounting":"full_successor_reads_writes_no_last_pair_v2","successors":[0,2,2]}
{"case":119,"call":0,"status":"budget","root":0,"steps":18446744073709551613,"normalized":18446744073709551612,"accounting":"full_successor_reads_writes_no_last_pair_v2","successors":[0,2,2]}
{"case":120,"call":0,"status":"ok","root":0,"steps":18446744073709551614,"normalized":18446744073709551612,"accounting":"full_successor_reads_writes_no_last_pair_v2","successors":[0,2,2]}
{"case":121,"call":0,"status":"ok","root":0,"steps":18446744073709551614,"normalized":18446744073709551612,"accounting":"full_successor_reads_writes_no_last_pair_v2","successors":[0,2,2]}
{"case":122,"call":0,"status":"budget","root":0,"steps":11,"normalized":4,"accounting":"full_successor_reads_writes_no_last_pair_v2","successors":[0,2,2]}
{"case":123,"call":0,"status":"budget","root":1,"steps":0,"normalized":0,"accounting":"full_successor_reads_writes_no_last_pair_v2","successors":[0,2,2]}
{"case":124,"call":0,"status":"budget","root":2,"steps":1,"normalized":0,"accounting":"full_successor_reads_writes_no_last_pair_v2","successors":[0,2,2]}
{"case":125,"call":0,"status":"ok","root":2,"steps":2,"normalized":1,"accounting":"full_successor_reads_writes_no_last_pair_v2","successors":[0,2,2]}
{"case":126,"call":0,"status":"ok","root":2,"steps":2,"normalized":1,"accounting":"full_successor_reads_writes_no_last_pair_v2","successors":[0,2,2]}
{"case":127,"call":0,"status":"budget","root":1,"steps":7,"normalized":3,"accounting":"full_successor_reads_writes_no_last_pair_v2","successors":[0,2,2]}
{"case":128,"call":0,"status":"budget","root":2,"steps":8,"normalized":3,"accounting":"full_successor_reads_writes_no_last_pair_v2","successors":[0,2,2]}
{"case":129,"call":0,"status":"ok","root":2,"steps":9,"normalized":4,"accounting":"full_successor_reads_writes_no_last_pair_v2","successors":[0,2,2]}
{"case":130,"call":0,"status":"ok","root":2,"steps":9,"normalized":4,"accounting":"full_successor_reads_writes_no_last_pair_v2","successors":[0,2,2]}
{"case":131,"call":0,"status":"budget","root":1,"steps":18446744073709551612,"normalized":18446744073709551611,"accounting":"full_successor_reads_writes_no_last_pair_v2","successors":[0,2,2]}
{"case":132,"call":0,"status":"budget","root":2,"steps":18446744073709551613,"normalized":18446744073709551611,"accounting":"full_successor_reads_writes_no_last_pair_v2","successors":[0,2,2]}
{"case":133,"call":0,"status":"ok","root":2,"steps":18446744073709551614,"normalized":18446744073709551612,"accounting":"full_successor_reads_writes_no_last_pair_v2","successors":[0,2,2]}
{"case":134,"call":0,"status":"ok","root":2,"steps":18446744073709551614,"normalized":18446744073709551612,"accounting":"full_successor_reads_writes_no_last_pair_v2","successors":[0,2,2]}
{"case":135,"call":0,"status":"budget","root":1,"steps":11,"normalized":4,"accounting":"full_successor_reads_writes_no_last_pair_v2","successors":[0,2,2]}
{"case":136,"call":0,"status":"budget","root":2,"steps":0,"normalized":0,"accounting":"full_successor_reads_writes_no_last_pair_v2","successors":[0,2,2]}
{"case":137,"call":0,"status":"ok","root":2,"steps":1,"normalized":0,"accounting":"full_successor_reads_writes_no_last_pair_v2","successors":[0,2,2]}
{"case":138,"call":0,"status":"ok","root":2,"steps":1,"normalized":0,"accounting":"full_successor_reads_writes_no_last_pair_v2","successors":[0,2,2]}
{"case":139,"call":0,"status":"budget","root":2,"steps":7,"normalized":3,"accounting":"full_successor_reads_writes_no_last_pair_v2","successors":[0,2,2]}
{"case":140,"call":0,"status":"ok","root":2,"steps":8,"normalized":3,"accounting":"full_successor_reads_writes_no_last_pair_v2","successors":[0,2,2]}
{"case":141,"call":0,"status":"ok","root":2,"steps":8,"normalized":3,"accounting":"full_successor_reads_writes_no_last_pair_v2","successors":[0,2,2]}
{"case":142,"call":0,"status":"budget","root":2,"steps":18446744073709551613,"normalized":18446744073709551612,"accounting":"full_successor_reads_writes_no_last_pair_v2","successors":[0,2,2]}
{"case":143,"call":0,"status":"ok","root":2,"steps":18446744073709551614,"normalized":18446744073709551612,"accounting":"full_successor_reads_writes_no_last_pair_v2","successors":[0,2,2]}
{"case":144,"call":0,"status":"ok","root":2,"steps":18446744073709551614,"normalized":18446744073709551612,"accounting":"full_successor_reads_writes_no_last_pair_v2","successors":[0,2,2]}
{"case":145,"call":0,"status":"budget","root":2,"steps":11,"normalized":4,"accounting":"full_successor_reads_writes_no_last_pair_v2","successors":[0,2,2]}
{"case":146,"call":0,"status":"unknown","root":23,"steps":0,"normalized":0,"accounting":"full_successor_reads_writes_no_last_pair_v2","successors":[0,2,2]}
{"case":147,"call":0,"status":"unknown","root":23,"steps":7,"normalized":3,"accounting":"full_successor_reads_writes_no_last_pair_v2","successors":[0,2,2]}
{"case":148,"call":0,"status":"unknown","root":23,"steps":18446744073709551615,"normalized":18446744073709551615,"accounting":"full_successor_reads_writes_no_last_pair_v2","successors":[0,2,2]}
{"case":149,"call":0,"status":"unknown","root":23,"steps":0,"normalized":0,"accounting":"full_successor_reads_writes_no_last_pair_v2","successors":[0,2,2]}
{"case":150,"call":0,"status":"unknown","root":23,"steps":7,"normalized":3,"accounting":"full_successor_reads_writes_no_last_pair_v2","successors":[0,2,2]}
{"case":151,"call":0,"status":"unknown","root":23,"steps":18446744073709551615,"normalized":18446744073709551615,"accounting":"full_successor_reads_writes_no_last_pair_v2","successors":[0,2,2]}
{"case":152,"call":0,"status":"budget","root":0,"steps":0,"normalized":0,"accounting":"full_successor_reads_writes_no_last_pair_v2","successors":[1,1,2]}
{"case":153,"call":0,"status":"budget","root":1,"steps":1,"normalized":0,"accounting":"full_successor_reads_writes_no_last_pair_v2","successors":[1,1,2]}
{"case":154,"call":0,"status":"ok","root":1,"steps":2,"normalized":1,"accounting":"full_successor_reads_writes_no_last_pair_v2","successors":[1,1,2]}
{"case":155,"call":0,"status":"ok","root":1,"steps":2,"normalized":1,"accounting":"full_successor_reads_writes_no_last_pair_v2","successors":[1,1,2]}
{"case":156,"call":0,"status":"budget","root":0,"steps":7,"normalized":3,"accounting":"full_successor_reads_writes_no_last_pair_v2","successors":[1,1,2]}
{"case":157,"call":0,"status":"budget","root":1,"steps":8,"normalized":3,"accounting":"full_successor_reads_writes_no_last_pair_v2","successors":[1,1,2]}
{"case":158,"call":0,"status":"ok","root":1,"steps":9,"normalized":4,"accounting":"full_successor_reads_writes_no_last_pair_v2","successors":[1,1,2]}
{"case":159,"call":0,"status":"ok","root":1,"steps":9,"normalized":4,"accounting":"full_successor_reads_writes_no_last_pair_v2","successors":[1,1,2]}
{"case":160,"call":0,"status":"budget","root":0,"steps":18446744073709551612,"normalized":18446744073709551611,"accounting":"full_successor_reads_writes_no_last_pair_v2","successors":[1,1,2]}
{"case":161,"call":0,"status":"budget","root":1,"steps":18446744073709551613,"normalized":18446744073709551611,"accounting":"full_successor_reads_writes_no_last_pair_v2","successors":[1,1,2]}
{"case":162,"call":0,"status":"ok","root":1,"steps":18446744073709551614,"normalized":18446744073709551612,"accounting":"full_successor_reads_writes_no_last_pair_v2","successors":[1,1,2]}
{"case":163,"call":0,"status":"ok","root":1,"steps":18446744073709551614,"normalized":18446744073709551612,"accounting":"full_successor_reads_writes_no_last_pair_v2","successors":[1,1,2]}
{"case":164,"call":0,"status":"budget","root":0,"steps":11,"normalized":4,"accounting":"full_successor_reads_writes_no_last_pair_v2","successors":[1,1,2]}
{"case":165,"call":0,"status":"budget","root":1,"steps":0,"normalized":0,"accounting":"full_successor_reads_writes_no_last_pair_v2","successors":[1,1,2]}
{"case":166,"call":0,"status":"ok","root":1,"steps":1,"normalized":0,"accounting":"full_successor_reads_writes_no_last_pair_v2","successors":[1,1,2]}
{"case":167,"call":0,"status":"ok","root":1,"steps":1,"normalized":0,"accounting":"full_successor_reads_writes_no_last_pair_v2","successors":[1,1,2]}
{"case":168,"call":0,"status":"budget","root":1,"steps":7,"normalized":3,"accounting":"full_successor_reads_writes_no_last_pair_v2","successors":[1,1,2]}
{"case":169,"call":0,"status":"ok","root":1,"steps":8,"normalized":3,"accounting":"full_successor_reads_writes_no_last_pair_v2","successors":[1,1,2]}
{"case":170,"call":0,"status":"ok","root":1,"steps":8,"normalized":3,"accounting":"full_successor_reads_writes_no_last_pair_v2","successors":[1,1,2]}
{"case":171,"call":0,"status":"budget","root":1,"steps":18446744073709551613,"normalized":18446744073709551612,"accounting":"full_successor_reads_writes_no_last_pair_v2","successors":[1,1,2]}
{"case":172,"call":0,"status":"ok","root":1,"steps":18446744073709551614,"normalized":18446744073709551612,"accounting":"full_successor_reads_writes_no_last_pair_v2","successors":[1,1,2]}
{"case":173,"call":0,"status":"ok","root":1,"steps":18446744073709551614,"normalized":18446744073709551612,"accounting":"full_successor_reads_writes_no_last_pair_v2","successors":[1,1,2]}
{"case":174,"call":0,"status":"budget","root":1,"steps":11,"normalized":4,"accounting":"full_successor_reads_writes_no_last_pair_v2","successors":[1,1,2]}
{"case":175,"call":0,"status":"budget","root":2,"steps":0,"normalized":0,"accounting":"full_successor_reads_writes_no_last_pair_v2","successors":[1,1,2]}
{"case":176,"call":0,"status":"ok","root":2,"steps":1,"normalized":0,"accounting":"full_successor_reads_writes_no_last_pair_v2","successors":[1,1,2]}
{"case":177,"call":0,"status":"ok","root":2,"steps":1,"normalized":0,"accounting":"full_successor_reads_writes_no_last_pair_v2","successors":[1,1,2]}
{"case":178,"call":0,"status":"budget","root":2,"steps":7,"normalized":3,"accounting":"full_successor_reads_writes_no_last_pair_v2","successors":[1,1,2]}
{"case":179,"call":0,"status":"ok","root":2,"steps":8,"normalized":3,"accounting":"full_successor_reads_writes_no_last_pair_v2","successors":[1,1,2]}
{"case":180,"call":0,"status":"ok","root":2,"steps":8,"normalized":3,"accounting":"full_successor_reads_writes_no_last_pair_v2","successors":[1,1,2]}
{"case":181,"call":0,"status":"budget","root":2,"steps":18446744073709551613,"normalized":18446744073709551612,"accounting":"full_successor_reads_writes_no_last_pair_v2","successors":[1,1,2]}
{"case":182,"call":0,"status":"ok","root":2,"steps":18446744073709551614,"normalized":18446744073709551612,"accounting":"full_successor_reads_writes_no_last_pair_v2","successors":[1,1,2]}
{"case":183,"call":0,"status":"ok","root":2,"steps":18446744073709551614,"normalized":18446744073709551612,"accounting":"full_successor_reads_writes_no_last_pair_v2","successors":[1,1,2]}
{"case":184,"call":0,"status":"budget","root":2,"steps":11,"normalized":4,"accounting":"full_successor_reads_writes_no_last_pair_v2","successors":[1,1,2]}
{"case":185,"call":0,"status":"unknown","root":23,"steps":0,"normalized":0,"accounting":"full_successor_reads_writes_no_last_pair_v2","successors":[1,1,2]}
{"case":186,"call":0,"status":"unknown","root":23,"steps":7,"normalized":3,"accounting":"full_successor_reads_writes_no_last_pair_v2","successors":[1,1,2]}
{"case":187,"call":0,"status":"unknown","root":23,"steps":18446744073709551615,"normalized":18446744073709551615,"accounting":"full_successor_reads_writes_no_last_pair_v2","successors":[1,1,2]}
{"case":188,"call":0,"status":"unknown","root":23,"steps":0,"normalized":0,"accounting":"full_successor_reads_writes_no_last_pair_v2","successors":[1,1,2]}
{"case":189,"call":0,"status":"unknown","root":23,"steps":7,"normalized":3,"accounting":"full_successor_reads_writes_no_last_pair_v2","successors":[1,1,2]}
{"case":190,"call":0,"status":"unknown","root":23,"steps":18446744073709551615,"normalized":18446744073709551615,"accounting":"full_successor_reads_writes_no_last_pair_v2","successors":[1,1,2]}
{"case":191,"call":0,"status":"budget","root":0,"steps":0,"normalized":0,"accounting":"full_successor_reads_writes_no_last_pair_v2","successors":[1,2,2]}
{"case":192,"call":0,"status":"budget","root":1,"steps":1,"normalized":0,"accounting":"full_successor_reads_writes_no_last_pair_v2","successors":[1,2,2]}
{"case":193,"call":0,"status":"budget","root":2,"steps":2,"normalized":0,"accounting":"full_successor_reads_writes_no_last_pair_v2","successors":[1,2,2]}
{"case":194,"call":0,"status":"budget","root":2,"steps":3,"normalized":1,"accounting":"full_successor_reads_writes_no_last_pair_v2","successors":[1,2,2]}
{"case":195,"call":0,"status":"budget","root":2,"steps":4,"normalized":1,"accounting":"full_successor_reads_writes_no_last_pair_v2","successors":[1,2,2]}
{"case":196,"call":0,"status":"ok","root":2,"steps":5,"normalized":1,"accounting":"full_successor_reads_writes_no_last_pair_v2","successors":[2,2,2]}
{"case":197,"call":0,"status":"ok","root":2,"steps":5,"normalized":1,"accounting":"full_successor_reads_writes_no_last_pair_v2","successors":[2,2,2]}
{"case":198,"call":0,"status":"budget","root":0,"steps":7,"normalized":3,"accounting":"full_successor_reads_writes_no_last_pair_v2","successors":[1,2,2]}
{"case":199,"call":0,"status":"budget","root":1,"steps":8,"normalized":3,"accounting":"full_successor_reads_writes_no_last_pair_v2","successors":[1,2,2]}
{"case":200,"call":0,"status":"budget","root":2,"steps":9,"normalized":3,"accounting":"full_successor_reads_writes_no_last_pair_v2","successors":[1,2,2]}
{"case":201,"call":0,"status":"budget","root":2,"steps":10,"normalized":4,"accounting":"full_successor_reads_writes_no_last_pair_v2","successors":[1,2,2]}
{"case":202,"call":0,"status":"budget","root":2,"steps":11,"normalized":4,"accounting":"full_successor_reads_writes_no_last_pair_v2","successors":[1,2,2]}
{"case":203,"call":0,"status":"ok","root":2,"steps":12,"normalized":4,"accounting":"full_successor_reads_writes_no_last_pair_v2","successors":[2,2,2]}
{"case":204,"call":0,"status":"ok","root":2,"steps":12,"normalized":4,"accounting":"full_successor_reads_writes_no_last_pair_v2","successors":[2,2,2]}
{"case":205,"call":0,"status":"budget","root":0,"steps":18446744073709551609,"normalized":18446744073709551608,"accounting":"full_successor_reads_writes_no_last_pair_v2","successors":[1,2,2]}
{"case":206,"call":0,"status":"budget","root":1,"steps":18446744073709551610,"normalized":18446744073709551608,"accounting":"full_successor_reads_writes_no_last_pair_v2","successors":[1,2,2]}
{"case":207,"call":0,"status":"budget","root":2,"steps":18446744073709551611,"normalized":18446744073709551608,"accounting":"full_successor_reads_writes_no_last_pair_v2","successors":[1,2,2]}
{"case":208,"call":0,"status":"budget","root":2,"steps":18446744073709551612,"normalized":18446744073709551609,"accounting":"full_successor_reads_writes_no_last_pair_v2","successors":[1,2,2]}
{"case":209,"call":0,"status":"budget","root":2,"steps":18446744073709551613,"normalized":18446744073709551609,"accounting":"full_successor_reads_writes_no_last_pair_v2","successors":[1,2,2]}
{"case":210,"call":0,"status":"ok","root":2,"steps":18446744073709551614,"normalized":18446744073709551609,"accounting":"full_successor_reads_writes_no_last_pair_v2","successors":[2,2,2]}
{"case":211,"call":0,"status":"ok","root":2,"steps":18446744073709551614,"normalized":18446744073709551609,"accounting":"full_successor_reads_writes_no_last_pair_v2","successors":[2,2,2]}
{"case":212,"call":0,"status":"budget","root":0,"steps":11,"normalized":4,"accounting":"full_successor_reads_writes_no_last_pair_v2","successors":[1,2,2]}
{"case":213,"call":0,"status":"budget","root":1,"steps":0,"normalized":0,"accounting":"full_successor_reads_writes_no_last_pair_v2","successors":[1,2,2]}
{"case":214,"call":0,"status":"budget","root":2,"steps":1,"normalized":0,"accounting":"full_successor_reads_writes_no_last_pair_v2","successors":[1,2,2]}
{"case":215,"call":0,"status":"ok","root":2,"steps":2,"normalized":1,"accounting":"full_successor_reads_writes_no_last_pair_v2","successors":[1,2,2]}
{"case":216,"call":0,"status":"ok","root":2,"steps":2,"normalized":1,"accounting":"full_successor_reads_writes_no_last_pair_v2","successors":[1,2,2]}
{"case":217,"call":0,"status":"budget","root":1,"steps":7,"normalized":3,"accounting":"full_successor_reads_writes_no_last_pair_v2","successors":[1,2,2]}
{"case":218,"call":0,"status":"budget","root":2,"steps":8,"normalized":3,"accounting":"full_successor_reads_writes_no_last_pair_v2","successors":[1,2,2]}
{"case":219,"call":0,"status":"ok","root":2,"steps":9,"normalized":4,"accounting":"full_successor_reads_writes_no_last_pair_v2","successors":[1,2,2]}
{"case":220,"call":0,"status":"ok","root":2,"steps":9,"normalized":4,"accounting":"full_successor_reads_writes_no_last_pair_v2","successors":[1,2,2]}
{"case":221,"call":0,"status":"budget","root":1,"steps":18446744073709551612,"normalized":18446744073709551611,"accounting":"full_successor_reads_writes_no_last_pair_v2","successors":[1,2,2]}
{"case":222,"call":0,"status":"budget","root":2,"steps":18446744073709551613,"normalized":18446744073709551611,"accounting":"full_successor_reads_writes_no_last_pair_v2","successors":[1,2,2]}
{"case":223,"call":0,"status":"ok","root":2,"steps":18446744073709551614,"normalized":18446744073709551612,"accounting":"full_successor_reads_writes_no_last_pair_v2","successors":[1,2,2]}
{"case":224,"call":0,"status":"ok","root":2,"steps":18446744073709551614,"normalized":18446744073709551612,"accounting":"full_successor_reads_writes_no_last_pair_v2","successors":[1,2,2]}
{"case":225,"call":0,"status":"budget","root":1,"steps":11,"normalized":4,"accounting":"full_successor_reads_writes_no_last_pair_v2","successors":[1,2,2]}
{"case":226,"call":0,"status":"budget","root":2,"steps":0,"normalized":0,"accounting":"full_successor_reads_writes_no_last_pair_v2","successors":[1,2,2]}
{"case":227,"call":0,"status":"ok","root":2,"steps":1,"normalized":0,"accounting":"full_successor_reads_writes_no_last_pair_v2","successors":[1,2,2]}
{"case":228,"call":0,"status":"ok","root":2,"steps":1,"normalized":0,"accounting":"full_successor_reads_writes_no_last_pair_v2","successors":[1,2,2]}
{"case":229,"call":0,"status":"budget","root":2,"steps":7,"normalized":3,"accounting":"full_successor_reads_writes_no_last_pair_v2","successors":[1,2,2]}
{"case":230,"call":0,"status":"ok","root":2,"steps":8,"normalized":3,"accounting":"full_successor_reads_writes_no_last_pair_v2","successors":[1,2,2]}
{"case":231,"call":0,"status":"ok","root":2,"steps":8,"normalized":3,"accounting":"full_successor_reads_writes_no_last_pair_v2","successors":[1,2,2]}
{"case":232,"call":0,"status":"budget","root":2,"steps":18446744073709551613,"normalized":18446744073709551612,"accounting":"full_successor_reads_writes_no_last_pair_v2","successors":[1,2,2]}
{"case":233,"call":0,"status":"ok","root":2,"steps":18446744073709551614,"normalized":18446744073709551612,"accounting":"full_successor_reads_writes_no_last_pair_v2","successors":[1,2,2]}
{"case":234,"call":0,"status":"ok","root":2,"steps":18446744073709551614,"normalized":18446744073709551612,"accounting":"full_successor_reads_writes_no_last_pair_v2","successors":[1,2,2]}
{"case":235,"call":0,"status":"budget","root":2,"steps":11,"normalized":4,"accounting":"full_successor_reads_writes_no_last_pair_v2","successors":[1,2,2]}
{"case":236,"call":0,"status":"unknown","root":23,"steps":0,"normalized":0,"accounting":"full_successor_reads_writes_no_last_pair_v2","successors":[1,2,2]}
{"case":237,"call":0,"status":"unknown","root":23,"steps":7,"normalized":3,"accounting":"full_successor_reads_writes_no_last_pair_v2","successors":[1,2,2]}
{"case":238,"call":0,"status":"unknown","root":23,"steps":18446744073709551615,"normalized":18446744073709551615,"accounting":"full_successor_reads_writes_no_last_pair_v2","successors":[1,2,2]}
{"case":239,"call":0,"status":"unknown","root":23,"steps":0,"normalized":0,"accounting":"full_successor_reads_writes_no_last_pair_v2","successors":[1,2,2]}
{"case":240,"call":0,"status":"unknown","root":23,"steps":7,"normalized":3,"accounting":"full_successor_reads_writes_no_last_pair_v2","successors":[1,2,2]}
{"case":241,"call":0,"status":"unknown","root":23,"steps":18446744073709551615,"normalized":18446744073709551615,"accounting":"full_successor_reads_writes_no_last_pair_v2","successors":[1,2,2]}
{"case":242,"call":0,"status":"budget","root":0,"steps":0,"normalized":0,"accounting":"full_successor_reads_writes_no_last_pair_v2","successors":[2,1,2]}
{"case":243,"call":0,"status":"budget","root":2,"steps":1,"normalized":0,"accounting":"full_successor_reads_writes_no_last_pair_v2","successors":[2,1,2]}
{"case":244,"call":0,"status":"ok","root":2,"steps":2,"normalized":1,"accounting":"full_successor_reads_writes_no_last_pair_v2","successors":[2,1,2]}
{"case":245,"call":0,"status":"ok","root":2,"steps":2,"normalized":1,"accounting":"full_successor_reads_writes_no_last_pair_v2","successors":[2,1,2]}
{"case":246,"call":0,"status":"budget","root":0,"steps":7,"normalized":3,"accounting":"full_successor_reads_writes_no_last_pair_v2","successors":[2,1,2]}
{"case":247,"call":0,"status":"budget","root":2,"steps":8,"normalized":3,"accounting":"full_successor_reads_writes_no_last_pair_v2","successors":[2,1,2]}
{"case":248,"call":0,"status":"ok","root":2,"steps":9,"normalized":4,"accounting":"full_successor_reads_writes_no_last_pair_v2","successors":[2,1,2]}
{"case":249,"call":0,"status":"ok","root":2,"steps":9,"normalized":4,"accounting":"full_successor_reads_writes_no_last_pair_v2","successors":[2,1,2]}
{"case":250,"call":0,"status":"budget","root":0,"steps":18446744073709551612,"normalized":18446744073709551611,"accounting":"full_successor_reads_writes_no_last_pair_v2","successors":[2,1,2]}
{"case":251,"call":0,"status":"budget","root":2,"steps":18446744073709551613,"normalized":18446744073709551611,"accounting":"full_successor_reads_writes_no_last_pair_v2","successors":[2,1,2]}
{"case":252,"call":0,"status":"ok","root":2,"steps":18446744073709551614,"normalized":18446744073709551612,"accounting":"full_successor_reads_writes_no_last_pair_v2","successors":[2,1,2]}
{"case":253,"call":0,"status":"ok","root":2,"steps":18446744073709551614,"normalized":18446744073709551612,"accounting":"full_successor_reads_writes_no_last_pair_v2","successors":[2,1,2]}
{"case":254,"call":0,"status":"budget","root":0,"steps":11,"normalized":4,"accounting":"full_successor_reads_writes_no_last_pair_v2","successors":[2,1,2]}
{"case":255,"call":0,"status":"budget","root":1,"steps":0,"normalized":0,"accounting":"full_successor_reads_writes_no_last_pair_v2","successors":[2,1,2]}
{"case":256,"call":0,"status":"ok","root":1,"steps":1,"normalized":0,"accounting":"full_successor_reads_writes_no_last_pair_v2","successors":[2,1,2]}
{"case":257,"call":0,"status":"ok","root":1,"steps":1,"normalized":0,"accounting":"full_successor_reads_writes_no_last_pair_v2","successors":[2,1,2]}
{"case":258,"call":0,"status":"budget","root":1,"steps":7,"normalized":3,"accounting":"full_successor_reads_writes_no_last_pair_v2","successors":[2,1,2]}
{"case":259,"call":0,"status":"ok","root":1,"steps":8,"normalized":3,"accounting":"full_successor_reads_writes_no_last_pair_v2","successors":[2,1,2]}
{"case":260,"call":0,"status":"ok","root":1,"steps":8,"normalized":3,"accounting":"full_successor_reads_writes_no_last_pair_v2","successors":[2,1,2]}
{"case":261,"call":0,"status":"budget","root":1,"steps":18446744073709551613,"normalized":18446744073709551612,"accounting":"full_successor_reads_writes_no_last_pair_v2","successors":[2,1,2]}
{"case":262,"call":0,"status":"ok","root":1,"steps":18446744073709551614,"normalized":18446744073709551612,"accounting":"full_successor_reads_writes_no_last_pair_v2","successors":[2,1,2]}
{"case":263,"call":0,"status":"ok","root":1,"steps":18446744073709551614,"normalized":18446744073709551612,"accounting":"full_successor_reads_writes_no_last_pair_v2","successors":[2,1,2]}
{"case":264,"call":0,"status":"budget","root":1,"steps":11,"normalized":4,"accounting":"full_successor_reads_writes_no_last_pair_v2","successors":[2,1,2]}
{"case":265,"call":0,"status":"budget","root":2,"steps":0,"normalized":0,"accounting":"full_successor_reads_writes_no_last_pair_v2","successors":[2,1,2]}
{"case":266,"call":0,"status":"ok","root":2,"steps":1,"normalized":0,"accounting":"full_successor_reads_writes_no_last_pair_v2","successors":[2,1,2]}
{"case":267,"call":0,"status":"ok","root":2,"steps":1,"normalized":0,"accounting":"full_successor_reads_writes_no_last_pair_v2","successors":[2,1,2]}
{"case":268,"call":0,"status":"budget","root":2,"steps":7,"normalized":3,"accounting":"full_successor_reads_writes_no_last_pair_v2","successors":[2,1,2]}
{"case":269,"call":0,"status":"ok","root":2,"steps":8,"normalized":3,"accounting":"full_successor_reads_writes_no_last_pair_v2","successors":[2,1,2]}
{"case":270,"call":0,"status":"ok","root":2,"steps":8,"normalized":3,"accounting":"full_successor_reads_writes_no_last_pair_v2","successors":[2,1,2]}
{"case":271,"call":0,"status":"budget","root":2,"steps":18446744073709551613,"normalized":18446744073709551612,"accounting":"full_successor_reads_writes_no_last_pair_v2","successors":[2,1,2]}
{"case":272,"call":0,"status":"ok","root":2,"steps":18446744073709551614,"normalized":18446744073709551612,"accounting":"full_successor_reads_writes_no_last_pair_v2","successors":[2,1,2]}
{"case":273,"call":0,"status":"ok","root":2,"steps":18446744073709551614,"normalized":18446744073709551612,"accounting":"full_successor_reads_writes_no_last_pair_v2","successors":[2,1,2]}
{"case":274,"call":0,"status":"budget","root":2,"steps":11,"normalized":4,"accounting":"full_successor_reads_writes_no_last_pair_v2","successors":[2,1,2]}
{"case":275,"call":0,"status":"unknown","root":23,"steps":0,"normalized":0,"accounting":"full_successor_reads_writes_no_last_pair_v2","successors":[2,1,2]}
{"case":276,"call":0,"status":"unknown","root":23,"steps":7,"normalized":3,"accounting":"full_successor_reads_writes_no_last_pair_v2","successors":[2,1,2]}
{"case":277,"call":0,"status":"unknown","root":23,"steps":18446744073709551615,"normalized":18446744073709551615,"accounting":"full_successor_reads_writes_no_last_pair_v2","successors":[2,1,2]}
{"case":278,"call":0,"status":"unknown","root":23,"steps":0,"normalized":0,"accounting":"full_successor_reads_writes_no_last_pair_v2","successors":[2,1,2]}
{"case":279,"call":0,"status":"unknown","root":23,"steps":7,"normalized":3,"accounting":"full_successor_reads_writes_no_last_pair_v2","successors":[2,1,2]}
{"case":280,"call":0,"status":"unknown","root":23,"steps":18446744073709551615,"normalized":18446744073709551615,"accounting":"full_successor_reads_writes_no_last_pair_v2","successors":[2,1,2]}
{"case":281,"call":0,"status":"budget","root":0,"steps":0,"normalized":0,"accounting":"full_successor_reads_writes_no_last_pair_v2","successors":[2,2,2]}
{"case":282,"call":0,"status":"budget","root":2,"steps":1,"normalized":0,"accounting":"full_successor_reads_writes_no_last_pair_v2","successors":[2,2,2]}
{"case":283,"call":0,"status":"ok","root":2,"steps":2,"normalized":1,"accounting":"full_successor_reads_writes_no_last_pair_v2","successors":[2,2,2]}
{"case":284,"call":0,"status":"ok","root":2,"steps":2,"normalized":1,"accounting":"full_successor_reads_writes_no_last_pair_v2","successors":[2,2,2]}
{"case":285,"call":0,"status":"budget","root":0,"steps":7,"normalized":3,"accounting":"full_successor_reads_writes_no_last_pair_v2","successors":[2,2,2]}
{"case":286,"call":0,"status":"budget","root":2,"steps":8,"normalized":3,"accounting":"full_successor_reads_writes_no_last_pair_v2","successors":[2,2,2]}
{"case":287,"call":0,"status":"ok","root":2,"steps":9,"normalized":4,"accounting":"full_successor_reads_writes_no_last_pair_v2","successors":[2,2,2]}
{"case":288,"call":0,"status":"ok","root":2,"steps":9,"normalized":4,"accounting":"full_successor_reads_writes_no_last_pair_v2","successors":[2,2,2]}
{"case":289,"call":0,"status":"budget","root":0,"steps":18446744073709551612,"normalized":18446744073709551611,"accounting":"full_successor_reads_writes_no_last_pair_v2","successors":[2,2,2]}
{"case":290,"call":0,"status":"budget","root":2,"steps":18446744073709551613,"normalized":18446744073709551611,"accounting":"full_successor_reads_writes_no_last_pair_v2","successors":[2,2,2]}
{"case":291,"call":0,"status":"ok","root":2,"steps":18446744073709551614,"normalized":18446744073709551612,"accounting":"full_successor_reads_writes_no_last_pair_v2","successors":[2,2,2]}
{"case":292,"call":0,"status":"ok","root":2,"steps":18446744073709551614,"normalized":18446744073709551612,"accounting":"full_successor_reads_writes_no_last_pair_v2","successors":[2,2,2]}
{"case":293,"call":0,"status":"budget","root":0,"steps":11,"normalized":4,"accounting":"full_successor_reads_writes_no_last_pair_v2","successors":[2,2,2]}
{"case":294,"call":0,"status":"budget","root":1,"steps":0,"normalized":0,"accounting":"full_successor_reads_writes_no_last_pair_v2","successors":[2,2,2]}
{"case":295,"call":0,"status":"budget","root":2,"steps":1,"normalized":0,"accounting":"full_successor_reads_writes_no_last_pair_v2","successors":[2,2,2]}
{"case":296,"call":0,"status":"ok","root":2,"steps":2,"normalized":1,"accounting":"full_successor_reads_writes_no_last_pair_v2","successors":[2,2,2]}
{"case":297,"call":0,"status":"ok","root":2,"steps":2,"normalized":1,"accounting":"full_successor_reads_writes_no_last_pair_v2","successors":[2,2,2]}
{"case":298,"call":0,"status":"budget","root":1,"steps":7,"normalized":3,"accounting":"full_successor_reads_writes_no_last_pair_v2","successors":[2,2,2]}
{"case":299,"call":0,"status":"budget","root":2,"steps":8,"normalized":3,"accounting":"full_successor_reads_writes_no_last_pair_v2","successors":[2,2,2]}
{"case":300,"call":0,"status":"ok","root":2,"steps":9,"normalized":4,"accounting":"full_successor_reads_writes_no_last_pair_v2","successors":[2,2,2]}
{"case":301,"call":0,"status":"ok","root":2,"steps":9,"normalized":4,"accounting":"full_successor_reads_writes_no_last_pair_v2","successors":[2,2,2]}
{"case":302,"call":0,"status":"budget","root":1,"steps":18446744073709551612,"normalized":18446744073709551611,"accounting":"full_successor_reads_writes_no_last_pair_v2","successors":[2,2,2]}
{"case":303,"call":0,"status":"budget","root":2,"steps":18446744073709551613,"normalized":18446744073709551611,"accounting":"full_successor_reads_writes_no_last_pair_v2","successors":[2,2,2]}
{"case":304,"call":0,"status":"ok","root":2,"steps":18446744073709551614,"normalized":18446744073709551612,"accounting":"full_successor_reads_writes_no_last_pair_v2","successors":[2,2,2]}
{"case":305,"call":0,"status":"ok","root":2,"steps":18446744073709551614,"normalized":18446744073709551612,"accounting":"full_successor_reads_writes_no_last_pair_v2","successors":[2,2,2]}
{"case":306,"call":0,"status":"budget","root":1,"steps":11,"normalized":4,"accounting":"full_successor_reads_writes_no_last_pair_v2","successors":[2,2,2]}
{"case":307,"call":0,"status":"budget","root":2,"steps":0,"normalized":0,"accounting":"full_successor_reads_writes_no_last_pair_v2","successors":[2,2,2]}
{"case":308,"call":0,"status":"ok","root":2,"steps":1,"normalized":0,"accounting":"full_successor_reads_writes_no_last_pair_v2","successors":[2,2,2]}
{"case":309,"call":0,"status":"ok","root":2,"steps":1,"normalized":0,"accounting":"full_successor_reads_writes_no_last_pair_v2","successors":[2,2,2]}
{"case":310,"call":0,"status":"budget","root":2,"steps":7,"normalized":3,"accounting":"full_successor_reads_writes_no_last_pair_v2","successors":[2,2,2]}
{"case":311,"call":0,"status":"ok","root":2,"steps":8,"normalized":3,"accounting":"full_successor_reads_writes_no_last_pair_v2","successors":[2,2,2]}
{"case":312,"call":0,"status":"ok","root":2,"steps":8,"normalized":3,"accounting":"full_successor_reads_writes_no_last_pair_v2","successors":[2,2,2]}
{"case":313,"call":0,"status":"budget","root":2,"steps":18446744073709551613,"normalized":18446744073709551612,"accounting":"full_successor_reads_writes_no_last_pair_v2","successors":[2,2,2]}
{"case":314,"call":0,"status":"ok","root":2,"steps":18446744073709551614,"normalized":18446744073709551612,"accounting":"full_successor_reads_writes_no_last_pair_v2","successors":[2,2,2]}
{"case":315,"call":0,"status":"ok","root":2,"steps":18446744073709551614,"normalized":18446744073709551612,"accounting":"full_successor_reads_writes_no_last_pair_v2","successors":[2,2,2]}
{"case":316,"call":0,"status":"budget","root":2,"steps":11,"normalized":4,"accounting":"full_successor_reads_writes_no_last_pair_v2","successors":[2,2,2]}
{"case":317,"call":0,"status":"unknown","root":23,"steps":0,"normalized":0,"accounting":"full_successor_reads_writes_no_last_pair_v2","successors":[2,2,2]}
{"case":318,"call":0,"status":"unknown","root":23,"steps":7,"normalized":3,"accounting":"full_successor_reads_writes_no_last_pair_v2","successors":[2,2,2]}
{"case":319,"call":0,"status":"unknown","root":23,"steps":18446744073709551615,"normalized":18446744073709551615,"accounting":"full_successor_reads_writes_no_last_pair_v2","successors":[2,2,2]}
{"case":320,"call":0,"status":"unknown","root":23,"steps":0,"normalized":0,"accounting":"full_successor_reads_writes_no_last_pair_v2","successors":[2,2,2]}
{"case":321,"call":0,"status":"unknown","root":23,"steps":7,"normalized":3,"accounting":"full_successor_reads_writes_no_last_pair_v2","successors":[2,2,2]}
{"case":322,"call":0,"status":"unknown","root":23,"steps":18446744073709551615,"normalized":18446744073709551615,"accounting":"full_successor_reads_writes_no_last_pair_v2","successors":[2,2,2]}
{"case":323,"call":0,"status":"budget","root":0,"steps":0,"normalized":0,"accounting":"full_successor_reads_writes_no_last_pair_v2","successors":[0,1,2,3]}
{"case":324,"call":0,"status":"ok","root":0,"steps":1,"normalized":0,"accounting":"full_successor_reads_writes_no_last_pair_v2","successors":[0,1,2,3]}
{"case":325,"call":0,"status":"ok","root":0,"steps":1,"normalized":0,"accounting":"full_successor_reads_writes_no_last_pair_v2","successors":[0,1,2,3]}
{"case":326,"call":0,"status":"budget","root":0,"steps":7,"normalized":3,"accounting":"full_successor_reads_writes_no_last_pair_v2","successors":[0,1,2,3]}
{"case":327,"call":0,"status":"ok","root":0,"steps":8,"normalized":3,"accounting":"full_successor_reads_writes_no_last_pair_v2","successors":[0,1,2,3]}
{"case":328,"call":0,"status":"ok","root":0,"steps":8,"normalized":3,"accounting":"full_successor_reads_writes_no_last_pair_v2","successors":[0,1,2,3]}
{"case":329,"call":0,"status":"budget","root":0,"steps":18446744073709551613,"normalized":18446744073709551612,"accounting":"full_successor_reads_writes_no_last_pair_v2","successors":[0,1,2,3]}
{"case":330,"call":0,"status":"ok","root":0,"steps":18446744073709551614,"normalized":18446744073709551612,"accounting":"full_successor_reads_writes_no_last_pair_v2","successors":[0,1,2,3]}
{"case":331,"call":0,"status":"ok","root":0,"steps":18446744073709551614,"normalized":18446744073709551612,"accounting":"full_successor_reads_writes_no_last_pair_v2","successors":[0,1,2,3]}
{"case":332,"call":0,"status":"budget","root":0,"steps":11,"normalized":4,"accounting":"full_successor_reads_writes_no_last_pair_v2","successors":[0,1,2,3]}
{"case":333,"call":0,"status":"budget","root":1,"steps":0,"normalized":0,"accounting":"full_successor_reads_writes_no_last_pair_v2","successors":[0,1,2,3]}
{"case":334,"call":0,"status":"ok","root":1,"steps":1,"normalized":0,"accounting":"full_successor_reads_writes_no_last_pair_v2","successors":[0,1,2,3]}
{"case":335,"call":0,"status":"ok","root":1,"steps":1,"normalized":0,"accounting":"full_successor_reads_writes_no_last_pair_v2","successors":[0,1,2,3]}
{"case":336,"call":0,"status":"budget","root":1,"steps":7,"normalized":3,"accounting":"full_successor_reads_writes_no_last_pair_v2","successors":[0,1,2,3]}
{"case":337,"call":0,"status":"ok","root":1,"steps":8,"normalized":3,"accounting":"full_successor_reads_writes_no_last_pair_v2","successors":[0,1,2,3]}
{"case":338,"call":0,"status":"ok","root":1,"steps":8,"normalized":3,"accounting":"full_successor_reads_writes_no_last_pair_v2","successors":[0,1,2,3]}
{"case":339,"call":0,"status":"budget","root":1,"steps":18446744073709551613,"normalized":18446744073709551612,"accounting":"full_successor_reads_writes_no_last_pair_v2","successors":[0,1,2,3]}
{"case":340,"call":0,"status":"ok","root":1,"steps":18446744073709551614,"normalized":18446744073709551612,"accounting":"full_successor_reads_writes_no_last_pair_v2","successors":[0,1,2,3]}
{"case":341,"call":0,"status":"ok","root":1,"steps":18446744073709551614,"normalized":18446744073709551612,"accounting":"full_successor_reads_writes_no_last_pair_v2","successors":[0,1,2,3]}
{"case":342,"call":0,"status":"budget","root":1,"steps":11,"normalized":4,"accounting":"full_successor_reads_writes_no_last_pair_v2","successors":[0,1,2,3]}
{"case":343,"call":0,"status":"budget","root":2,"steps":0,"normalized":0,"accounting":"full_successor_reads_writes_no_last_pair_v2","successors":[0,1,2,3]}
{"case":344,"call":0,"status":"ok","root":2,"steps":1,"normalized":0,"accounting":"full_successor_reads_writes_no_last_pair_v2","successors":[0,1,2,3]}
{"case":345,"call":0,"status":"ok","root":2,"steps":1,"normalized":0,"accounting":"full_successor_reads_writes_no_last_pair_v2","successors":[0,1,2,3]}
{"case":346,"call":0,"status":"budget","root":2,"steps":7,"normalized":3,"accounting":"full_successor_reads_writes_no_last_pair_v2","successors":[0,1,2,3]}
{"case":347,"call":0,"status":"ok","root":2,"steps":8,"normalized":3,"accounting":"full_successor_reads_writes_no_last_pair_v2","successors":[0,1,2,3]}
{"case":348,"call":0,"status":"ok","root":2,"steps":8,"normalized":3,"accounting":"full_successor_reads_writes_no_last_pair_v2","successors":[0,1,2,3]}
{"case":349,"call":0,"status":"budget","root":2,"steps":18446744073709551613,"normalized":18446744073709551612,"accounting":"full_successor_reads_writes_no_last_pair_v2","successors":[0,1,2,3]}
{"case":350,"call":0,"status":"ok","root":2,"steps":18446744073709551614,"normalized":18446744073709551612,"accounting":"full_successor_reads_writes_no_last_pair_v2","successors":[0,1,2,3]}
{"case":351,"call":0,"status":"ok","root":2,"steps":18446744073709551614,"normalized":18446744073709551612,"accounting":"full_successor_reads_writes_no_last_pair_v2","successors":[0,1,2,3]}
{"case":352,"call":0,"status":"budget","root":2,"steps":11,"normalized":4,"accounting":"full_successor_reads_writes_no_last_pair_v2","successors":[0,1,2,3]}
{"case":353,"call":0,"status":"budget","root":3,"steps":0,"normalized":0,"accounting":"full_successor_reads_writes_no_last_pair_v2","successors":[0,1,2,3]}
{"case":354,"call":0,"status":"ok","root":3,"steps":1,"normalized":0,"accounting":"full_successor_reads_writes_no_last_pair_v2","successors":[0,1,2,3]}
{"case":355,"call":0,"status":"ok","root":3,"steps":1,"normalized":0,"accounting":"full_successor_reads_writes_no_last_pair_v2","successors":[0,1,2,3]}
{"case":356,"call":0,"status":"budget","root":3,"steps":7,"normalized":3,"accounting":"full_successor_reads_writes_no_last_pair_v2","successors":[0,1,2,3]}
{"case":357,"call":0,"status":"ok","root":3,"steps":8,"normalized":3,"accounting":"full_successor_reads_writes_no_last_pair_v2","successors":[0,1,2,3]}
{"case":358,"call":0,"status":"ok","root":3,"steps":8,"normalized":3,"accounting":"full_successor_reads_writes_no_last_pair_v2","successors":[0,1,2,3]}
{"case":359,"call":0,"status":"budget","root":3,"steps":18446744073709551613,"normalized":18446744073709551612,"accounting":"full_successor_reads_writes_no_last_pair_v2","successors":[0,1,2,3]}
{"case":360,"call":0,"status":"ok","root":3,"steps":18446744073709551614,"normalized":18446744073709551612,"accounting":"full_successor_reads_writes_no_last_pair_v2","successors":[0,1,2,3]}
{"case":361,"call":0,"status":"ok","root":3,"steps":18446744073709551614,"normalized":18446744073709551612,"accounting":"full_successor_reads_writes_no_last_pair_v2","successors":[0,1,2,3]}
{"case":362,"call":0,"status":"budget","root":3,"steps":11,"normalized":4,"accounting":"full_successor_reads_writes_no_last_pair_v2","successors":[0,1,2,3]}
{"case":363,"call":0,"status":"unknown","root":23,"steps":0,"normalized":0,"accounting":"full_successor_reads_writes_no_last_pair_v2","successors":[0,1,2,3]}
{"case":364,"call":0,"status":"unknown","root":23,"steps":7,"normalized":3,"accounting":"full_successor_reads_writes_no_last_pair_v2","successors":[0,1,2,3]}
{"case":365,"call":0,"status":"unknown","root":23,"steps":18446744073709551615,"normalized":18446744073709551615,"accounting":"full_successor_reads_writes_no_last_pair_v2","successors":[0,1,2,3]}
{"case":366,"call":0,"status":"unknown","root":23,"steps":0,"normalized":0,"accounting":"full_successor_reads_writes_no_last_pair_v2","successors":[0,1,2,3]}
{"case":367,"call":0,"status":"unknown","root":23,"steps":7,"normalized":3,"accounting":"full_successor_reads_writes_no_last_pair_v2","successors":[0,1,2,3]}
{"case":368,"call":0,"status":"unknown","root":23,"steps":18446744073709551615,"normalized":18446744073709551615,"accounting":"full_successor_reads_writes_no_last_pair_v2","successors":[0,1,2,3]}
{"case":369,"call":0,"status":"budget","root":0,"steps":0,"normalized":0,"accounting":"full_successor_reads_writes_no_last_pair_v2","successors":[0,1,3,3]}
{"case":370,"call":0,"status":"ok","root":0,"steps":1,"normalized":0,"accounting":"full_successor_reads_writes_no_last_pair_v2","successors":[0,1,3,3]}
{"case":371,"call":0,"status":"ok","root":0,"steps":1,"normalized":0,"accounting":"full_successor_reads_writes_no_last_pair_v2","successors":[0,1,3,3]}
{"case":372,"call":0,"status":"budget","root":0,"steps":7,"normalized":3,"accounting":"full_successor_reads_writes_no_last_pair_v2","successors":[0,1,3,3]}
{"case":373,"call":0,"status":"ok","root":0,"steps":8,"normalized":3,"accounting":"full_successor_reads_writes_no_last_pair_v2","successors":[0,1,3,3]}
{"case":374,"call":0,"status":"ok","root":0,"steps":8,"normalized":3,"accounting":"full_successor_reads_writes_no_last_pair_v2","successors":[0,1,3,3]}
{"case":375,"call":0,"status":"budget","root":0,"steps":18446744073709551613,"normalized":18446744073709551612,"accounting":"full_successor_reads_writes_no_last_pair_v2","successors":[0,1,3,3]}
{"case":376,"call":0,"status":"ok","root":0,"steps":18446744073709551614,"normalized":18446744073709551612,"accounting":"full_successor_reads_writes_no_last_pair_v2","successors":[0,1,3,3]}
{"case":377,"call":0,"status":"ok","root":0,"steps":18446744073709551614,"normalized":18446744073709551612,"accounting":"full_successor_reads_writes_no_last_pair_v2","successors":[0,1,3,3]}
{"case":378,"call":0,"status":"budget","root":0,"steps":11,"normalized":4,"accounting":"full_successor_reads_writes_no_last_pair_v2","successors":[0,1,3,3]}
{"case":379,"call":0,"status":"budget","root":1,"steps":0,"normalized":0,"accounting":"full_successor_reads_writes_no_last_pair_v2","successors":[0,1,3,3]}
{"case":380,"call":0,"status":"ok","root":1,"steps":1,"normalized":0,"accounting":"full_successor_reads_writes_no_last_pair_v2","successors":[0,1,3,3]}
{"case":381,"call":0,"status":"ok","root":1,"steps":1,"normalized":0,"accounting":"full_successor_reads_writes_no_last_pair_v2","successors":[0,1,3,3]}
{"case":382,"call":0,"status":"budget","root":1,"steps":7,"normalized":3,"accounting":"full_successor_reads_writes_no_last_pair_v2","successors":[0,1,3,3]}
{"case":383,"call":0,"status":"ok","root":1,"steps":8,"normalized":3,"accounting":"full_successor_reads_writes_no_last_pair_v2","successors":[0,1,3,3]}
{"case":384,"call":0,"status":"ok","root":1,"steps":8,"normalized":3,"accounting":"full_successor_reads_writes_no_last_pair_v2","successors":[0,1,3,3]}
{"case":385,"call":0,"status":"budget","root":1,"steps":18446744073709551613,"normalized":18446744073709551612,"accounting":"full_successor_reads_writes_no_last_pair_v2","successors":[0,1,3,3]}
{"case":386,"call":0,"status":"ok","root":1,"steps":18446744073709551614,"normalized":18446744073709551612,"accounting":"full_successor_reads_writes_no_last_pair_v2","successors":[0,1,3,3]}
{"case":387,"call":0,"status":"ok","root":1,"steps":18446744073709551614,"normalized":18446744073709551612,"accounting":"full_successor_reads_writes_no_last_pair_v2","successors":[0,1,3,3]}
{"case":388,"call":0,"status":"budget","root":1,"steps":11,"normalized":4,"accounting":"full_successor_reads_writes_no_last_pair_v2","successors":[0,1,3,3]}
{"case":389,"call":0,"status":"budget","root":2,"steps":0,"normalized":0,"accounting":"full_successor_reads_writes_no_last_pair_v2","successors":[0,1,3,3]}
{"case":390,"call":0,"status":"budget","root":3,"steps":1,"normalized":0,"accounting":"full_successor_reads_writes_no_last_pair_v2","successors":[0,1,3,3]}
{"case":391,"call":0,"status":"ok","root":3,"steps":2,"normalized":1,"accounting":"full_successor_reads_writes_no_last_pair_v2","successors":[0,1,3,3]}
{"case":392,"call":0,"status":"ok","root":3,"steps":2,"normalized":1,"accounting":"full_successor_reads_writes_no_last_pair_v2","successors":[0,1,3,3]}
{"case":393,"call":0,"status":"budget","root":2,"steps":7,"normalized":3,"accounting":"full_successor_reads_writes_no_last_pair_v2","successors":[0,1,3,3]}
{"case":394,"call":0,"status":"budget","root":3,"steps":8,"normalized":3,"accounting":"full_successor_reads_writes_no_last_pair_v2","successors":[0,1,3,3]}
{"case":395,"call":0,"status":"ok","root":3,"steps":9,"normalized":4,"accounting":"full_successor_reads_writes_no_last_pair_v2","successors":[0,1,3,3]}
{"case":396,"call":0,"status":"ok","root":3,"steps":9,"normalized":4,"accounting":"full_successor_reads_writes_no_last_pair_v2","successors":[0,1,3,3]}
{"case":397,"call":0,"status":"budget","root":2,"steps":18446744073709551612,"normalized":18446744073709551611,"accounting":"full_successor_reads_writes_no_last_pair_v2","successors":[0,1,3,3]}
{"case":398,"call":0,"status":"budget","root":3,"steps":18446744073709551613,"normalized":18446744073709551611,"accounting":"full_successor_reads_writes_no_last_pair_v2","successors":[0,1,3,3]}
{"case":399,"call":0,"status":"ok","root":3,"steps":18446744073709551614,"normalized":18446744073709551612,"accounting":"full_successor_reads_writes_no_last_pair_v2","successors":[0,1,3,3]}
{"case":400,"call":0,"status":"ok","root":3,"steps":18446744073709551614,"normalized":18446744073709551612,"accounting":"full_successor_reads_writes_no_last_pair_v2","successors":[0,1,3,3]}
{"case":401,"call":0,"status":"budget","root":2,"steps":11,"normalized":4,"accounting":"full_successor_reads_writes_no_last_pair_v2","successors":[0,1,3,3]}
{"case":402,"call":0,"status":"budget","root":3,"steps":0,"normalized":0,"accounting":"full_successor_reads_writes_no_last_pair_v2","successors":[0,1,3,3]}
{"case":403,"call":0,"status":"ok","root":3,"steps":1,"normalized":0,"accounting":"full_successor_reads_writes_no_last_pair_v2","successors":[0,1,3,3]}
{"case":404,"call":0,"status":"ok","root":3,"steps":1,"normalized":0,"accounting":"full_successor_reads_writes_no_last_pair_v2","successors":[0,1,3,3]}
{"case":405,"call":0,"status":"budget","root":3,"steps":7,"normalized":3,"accounting":"full_successor_reads_writes_no_last_pair_v2","successors":[0,1,3,3]}
{"case":406,"call":0,"status":"ok","root":3,"steps":8,"normalized":3,"accounting":"full_successor_reads_writes_no_last_pair_v2","successors":[0,1,3,3]}
{"case":407,"call":0,"status":"ok","root":3,"steps":8,"normalized":3,"accounting":"full_successor_reads_writes_no_last_pair_v2","successors":[0,1,3,3]}
{"case":408,"call":0,"status":"budget","root":3,"steps":18446744073709551613,"normalized":18446744073709551612,"accounting":"full_successor_reads_writes_no_last_pair_v2","successors":[0,1,3,3]}
{"case":409,"call":0,"status":"ok","root":3,"steps":18446744073709551614,"normalized":18446744073709551612,"accounting":"full_successor_reads_writes_no_last_pair_v2","successors":[0,1,3,3]}
{"case":410,"call":0,"status":"ok","root":3,"steps":18446744073709551614,"normalized":18446744073709551612,"accounting":"full_successor_reads_writes_no_last_pair_v2","successors":[0,1,3,3]}
{"case":411,"call":0,"status":"budget","root":3,"steps":11,"normalized":4,"accounting":"full_successor_reads_writes_no_last_pair_v2","successors":[0,1,3,3]}
{"case":412,"call":0,"status":"unknown","root":23,"steps":0,"normalized":0,"accounting":"full_successor_reads_writes_no_last_pair_v2","successors":[0,1,3,3]}
{"case":413,"call":0,"status":"unknown","root":23,"steps":7,"normalized":3,"accounting":"full_successor_reads_writes_no_last_pair_v2","successors":[0,1,3,3]}
{"case":414,"call":0,"status":"unknown","root":23,"steps":18446744073709551615,"normalized":18446744073709551615,"accounting":"full_successor_reads_writes_no_last_pair_v2","successors":[0,1,3,3]}
{"case":415,"call":0,"status":"unknown","root":23,"steps":0,"normalized":0,"accounting":"full_successor_reads_writes_no_last_pair_v2","successors":[0,1,3,3]}
{"case":416,"call":0,"status":"unknown","root":23,"steps":7,"normalized":3,"accounting":"full_successor_reads_writes_no_last_pair_v2","successors":[0,1,3,3]}
{"case":417,"call":0,"status":"unknown","root":23,"steps":18446744073709551615,"normalized":18446744073709551615,"accounting":"full_successor_reads_writes_no_last_pair_v2","successors":[0,1,3,3]}
{"case":418,"call":0,"status":"budget","root":0,"steps":0,"normalized":0,"accounting":"full_successor_reads_writes_no_last_pair_v2","successors":[0,2,2,3]}
{"case":419,"call":0,"status":"ok","root":0,"steps":1,"normalized":0,"accounting":"full_successor_reads_writes_no_last_pair_v2","successors":[0,2,2,3]}
{"case":420,"call":0,"status":"ok","root":0,"steps":1,"normalized":0,"accounting":"full_successor_reads_writes_no_last_pair_v2","successors":[0,2,2,3]}
{"case":421,"call":0,"status":"budget","root":0,"steps":7,"normalized":3,"accounting":"full_successor_reads_writes_no_last_pair_v2","successors":[0,2,2,3]}
{"case":422,"call":0,"status":"ok","root":0,"steps":8,"normalized":3,"accounting":"full_successor_reads_writes_no_last_pair_v2","successors":[0,2,2,3]}
{"case":423,"call":0,"status":"ok","root":0,"steps":8,"normalized":3,"accounting":"full_successor_reads_writes_no_last_pair_v2","successors":[0,2,2,3]}
{"case":424,"call":0,"status":"budget","root":0,"steps":18446744073709551613,"normalized":18446744073709551612,"accounting":"full_successor_reads_writes_no_last_pair_v2","successors":[0,2,2,3]}
{"case":425,"call":0,"status":"ok","root":0,"steps":18446744073709551614,"normalized":18446744073709551612,"accounting":"full_successor_reads_writes_no_last_pair_v2","successors":[0,2,2,3]}
{"case":426,"call":0,"status":"ok","root":0,"steps":18446744073709551614,"normalized":18446744073709551612,"accounting":"full_successor_reads_writes_no_last_pair_v2","successors":[0,2,2,3]}
{"case":427,"call":0,"status":"budget","root":0,"steps":11,"normalized":4,"accounting":"full_successor_reads_writes_no_last_pair_v2","successors":[0,2,2,3]}
{"case":428,"call":0,"status":"budget","root":1,"steps":0,"normalized":0,"accounting":"full_successor_reads_writes_no_last_pair_v2","successors":[0,2,2,3]}
{"case":429,"call":0,"status":"budget","root":2,"steps":1,"normalized":0,"accounting":"full_successor_reads_writes_no_last_pair_v2","successors":[0,2,2,3]}
{"case":430,"call":0,"status":"ok","root":2,"steps":2,"normalized":1,"accounting":"full_successor_reads_writes_no_last_pair_v2","successors":[0,2,2,3]}
{"case":431,"call":0,"status":"ok","root":2,"steps":2,"normalized":1,"accounting":"full_successor_reads_writes_no_last_pair_v2","successors":[0,2,2,3]}
{"case":432,"call":0,"status":"budget","root":1,"steps":7,"normalized":3,"accounting":"full_successor_reads_writes_no_last_pair_v2","successors":[0,2,2,3]}
{"case":433,"call":0,"status":"budget","root":2,"steps":8,"normalized":3,"accounting":"full_successor_reads_writes_no_last_pair_v2","successors":[0,2,2,3]}
{"case":434,"call":0,"status":"ok","root":2,"steps":9,"normalized":4,"accounting":"full_successor_reads_writes_no_last_pair_v2","successors":[0,2,2,3]}
{"case":435,"call":0,"status":"ok","root":2,"steps":9,"normalized":4,"accounting":"full_successor_reads_writes_no_last_pair_v2","successors":[0,2,2,3]}
{"case":436,"call":0,"status":"budget","root":1,"steps":18446744073709551612,"normalized":18446744073709551611,"accounting":"full_successor_reads_writes_no_last_pair_v2","successors":[0,2,2,3]}
{"case":437,"call":0,"status":"budget","root":2,"steps":18446744073709551613,"normalized":18446744073709551611,"accounting":"full_successor_reads_writes_no_last_pair_v2","successors":[0,2,2,3]}
{"case":438,"call":0,"status":"ok","root":2,"steps":18446744073709551614,"normalized":18446744073709551612,"accounting":"full_successor_reads_writes_no_last_pair_v2","successors":[0,2,2,3]}
{"case":439,"call":0,"status":"ok","root":2,"steps":18446744073709551614,"normalized":18446744073709551612,"accounting":"full_successor_reads_writes_no_last_pair_v2","successors":[0,2,2,3]}
{"case":440,"call":0,"status":"budget","root":1,"steps":11,"normalized":4,"accounting":"full_successor_reads_writes_no_last_pair_v2","successors":[0,2,2,3]}
{"case":441,"call":0,"status":"budget","root":2,"steps":0,"normalized":0,"accounting":"full_successor_reads_writes_no_last_pair_v2","successors":[0,2,2,3]}
{"case":442,"call":0,"status":"ok","root":2,"steps":1,"normalized":0,"accounting":"full_successor_reads_writes_no_last_pair_v2","successors":[0,2,2,3]}
{"case":443,"call":0,"status":"ok","root":2,"steps":1,"normalized":0,"accounting":"full_successor_reads_writes_no_last_pair_v2","successors":[0,2,2,3]}
{"case":444,"call":0,"status":"budget","root":2,"steps":7,"normalized":3,"accounting":"full_successor_reads_writes_no_last_pair_v2","successors":[0,2,2,3]}
{"case":445,"call":0,"status":"ok","root":2,"steps":8,"normalized":3,"accounting":"full_successor_reads_writes_no_last_pair_v2","successors":[0,2,2,3]}
{"case":446,"call":0,"status":"ok","root":2,"steps":8,"normalized":3,"accounting":"full_successor_reads_writes_no_last_pair_v2","successors":[0,2,2,3]}
{"case":447,"call":0,"status":"budget","root":2,"steps":18446744073709551613,"normalized":18446744073709551612,"accounting":"full_successor_reads_writes_no_last_pair_v2","successors":[0,2,2,3]}
{"case":448,"call":0,"status":"ok","root":2,"steps":18446744073709551614,"normalized":18446744073709551612,"accounting":"full_successor_reads_writes_no_last_pair_v2","successors":[0,2,2,3]}
{"case":449,"call":0,"status":"ok","root":2,"steps":18446744073709551614,"normalized":18446744073709551612,"accounting":"full_successor_reads_writes_no_last_pair_v2","successors":[0,2,2,3]}
{"case":450,"call":0,"status":"budget","root":2,"steps":11,"normalized":4,"accounting":"full_successor_reads_writes_no_last_pair_v2","successors":[0,2,2,3]}
{"case":451,"call":0,"status":"budget","root":3,"steps":0,"normalized":0,"accounting":"full_successor_reads_writes_no_last_pair_v2","successors":[0,2,2,3]}
{"case":452,"call":0,"status":"ok","root":3,"steps":1,"normalized":0,"accounting":"full_successor_reads_writes_no_last_pair_v2","successors":[0,2,2,3]}
{"case":453,"call":0,"status":"ok","root":3,"steps":1,"normalized":0,"accounting":"full_successor_reads_writes_no_last_pair_v2","successors":[0,2,2,3]}
{"case":454,"call":0,"status":"budget","root":3,"steps":7,"normalized":3,"accounting":"full_successor_reads_writes_no_last_pair_v2","successors":[0,2,2,3]}
{"case":455,"call":0,"status":"ok","root":3,"steps":8,"normalized":3,"accounting":"full_successor_reads_writes_no_last_pair_v2","successors":[0,2,2,3]}
{"case":456,"call":0,"status":"ok","root":3,"steps":8,"normalized":3,"accounting":"full_successor_reads_writes_no_last_pair_v2","successors":[0,2,2,3]}
{"case":457,"call":0,"status":"budget","root":3,"steps":18446744073709551613,"normalized":18446744073709551612,"accounting":"full_successor_reads_writes_no_last_pair_v2","successors":[0,2,2,3]}
{"case":458,"call":0,"status":"ok","root":3,"steps":18446744073709551614,"normalized":18446744073709551612,"accounting":"full_successor_reads_writes_no_last_pair_v2","successors":[0,2,2,3]}
{"case":459,"call":0,"status":"ok","root":3,"steps":18446744073709551614,"normalized":18446744073709551612,"accounting":"full_successor_reads_writes_no_last_pair_v2","successors":[0,2,2,3]}
{"case":460,"call":0,"status":"budget","root":3,"steps":11,"normalized":4,"accounting":"full_successor_reads_writes_no_last_pair_v2","successors":[0,2,2,3]}
{"case":461,"call":0,"status":"unknown","root":23,"steps":0,"normalized":0,"accounting":"full_successor_reads_writes_no_last_pair_v2","successors":[0,2,2,3]}
{"case":462,"call":0,"status":"unknown","root":23,"steps":7,"normalized":3,"accounting":"full_successor_reads_writes_no_last_pair_v2","successors":[0,2,2,3]}
{"case":463,"call":0,"status":"unknown","root":23,"steps":18446744073709551615,"normalized":18446744073709551615,"accounting":"full_successor_reads_writes_no_last_pair_v2","successors":[0,2,2,3]}
{"case":464,"call":0,"status":"unknown","root":23,"steps":0,"normalized":0,"accounting":"full_successor_reads_writes_no_last_pair_v2","successors":[0,2,2,3]}
{"case":465,"call":0,"status":"unknown","root":23,"steps":7,"normalized":3,"accounting":"full_successor_reads_writes_no_last_pair_v2","successors":[0,2,2,3]}
{"case":466,"call":0,"status":"unknown","root":23,"steps":18446744073709551615,"normalized":18446744073709551615,"accounting":"full_successor_reads_writes_no_last_pair_v2","successors":[0,2,2,3]}
{"case":467,"call":0,"status":"budget","root":0,"steps":0,"normalized":0,"accounting":"full_successor_reads_writes_no_last_pair_v2","successors":[0,2,3,3]}
{"case":468,"call":0,"status":"ok","root":0,"steps":1,"normalized":0,"accounting":"full_successor_reads_writes_no_last_pair_v2","successors":[0,2,3,3]}
{"case":469,"call":0,"status":"ok","root":0,"steps":1,"normalized":0,"accounting":"full_successor_reads_writes_no_last_pair_v2","successors":[0,2,3,3]}
{"case":470,"call":0,"status":"budget","root":0,"steps":7,"normalized":3,"accounting":"full_successor_reads_writes_no_last_pair_v2","successors":[0,2,3,3]}
{"case":471,"call":0,"status":"ok","root":0,"steps":8,"normalized":3,"accounting":"full_successor_reads_writes_no_last_pair_v2","successors":[0,2,3,3]}
{"case":472,"call":0,"status":"ok","root":0,"steps":8,"normalized":3,"accounting":"full_successor_reads_writes_no_last_pair_v2","successors":[0,2,3,3]}
{"case":473,"call":0,"status":"budget","root":0,"steps":18446744073709551613,"normalized":18446744073709551612,"accounting":"full_successor_reads_writes_no_last_pair_v2","successors":[0,2,3,3]}
{"case":474,"call":0,"status":"ok","root":0,"steps":18446744073709551614,"normalized":18446744073709551612,"accounting":"full_successor_reads_writes_no_last_pair_v2","successors":[0,2,3,3]}
{"case":475,"call":0,"status":"ok","root":0,"steps":18446744073709551614,"normalized":18446744073709551612,"accounting":"full_successor_reads_writes_no_last_pair_v2","successors":[0,2,3,3]}
{"case":476,"call":0,"status":"budget","root":0,"steps":11,"normalized":4,"accounting":"full_successor_reads_writes_no_last_pair_v2","successors":[0,2,3,3]}
{"case":477,"call":0,"status":"budget","root":1,"steps":0,"normalized":0,"accounting":"full_successor_reads_writes_no_last_pair_v2","successors":[0,2,3,3]}
{"case":478,"call":0,"status":"budget","root":2,"steps":1,"normalized":0,"accounting":"full_successor_reads_writes_no_last_pair_v2","successors":[0,2,3,3]}
{"case":479,"call":0,"status":"budget","root":3,"steps":2,"normalized":0,"accounting":"full_successor_reads_writes_no_last_pair_v2","successors":[0,2,3,3]}
{"case":480,"call":0,"status":"budget","root":3,"steps":3,"normalized":1,"accounting":"full_successor_reads_writes_no_last_pair_v2","successors":[0,2,3,3]}
{"case":481,"call":0,"status":"budget","root":3,"steps":4,"normalized":1,"accounting":"full_successor_reads_writes_no_last_pair_v2","successors":[0,2,3,3]}
{"case":482,"call":0,"status":"ok","root":3,"steps":5,"normalized":1,"accounting":"full_successor_reads_writes_no_last_pair_v2","successors":[0,3,3,3]}
{"case":483,"call":0,"status":"ok","root":3,"steps":5,"normalized":1,"accounting":"full_successor_reads_writes_no_last_pair_v2","successors":[0,3,3,3]}
{"case":484,"call":0,"status":"budget","root":1,"steps":7,"normalized":3,"accounting":"full_successor_reads_writes_no_last_pair_v2","successors":[0,2,3,3]}
{"case":485,"call":0,"status":"budget","root":2,"steps":8,"normalized":3,"accounting":"full_successor_reads_writes_no_last_pair_v2","successors":[0,2,3,3]}
{"case":486,"call":0,"status":"budget","root":3,"steps":9,"normalized":3,"accounting":"full_successor_reads_writes_no_last_pair_v2","successors":[0,2,3,3]}
{"case":487,"call":0,"status":"budget","root":3,"steps":10,"normalized":4,"accounting":"full_successor_reads_writes_no_last_pair_v2","successors":[0,2,3,3]}
{"case":488,"call":0,"status":"budget","root":3,"steps":11,"normalized":4,"accounting":"full_successor_reads_writes_no_last_pair_v2","successors":[0,2,3,3]}
{"case":489,"call":0,"status":"ok","root":3,"steps":12,"normalized":4,"accounting":"full_successor_reads_writes_no_last_pair_v2","successors":[0,3,3,3]}
{"case":490,"call":0,"status":"ok","root":3,"steps":12,"normalized":4,"accounting":"full_successor_reads_writes_no_last_pair_v2","successors":[0,3,3,3]}
{"case":491,"call":0,"status":"budget","root":1,"steps":18446744073709551609,"normalized":18446744073709551608,"accounting":"full_successor_reads_writes_no_last_pair_v2","successors":[0,2,3,3]}
{"case":492,"call":0,"status":"budget","root":2,"steps":18446744073709551610,"normalized":18446744073709551608,"accounting":"full_successor_reads_writes_no_last_pair_v2","successors":[0,2,3,3]}
{"case":493,"call":0,"status":"budget","root":3,"steps":18446744073709551611,"normalized":18446744073709551608,"accounting":"full_successor_reads_writes_no_last_pair_v2","successors":[0,2,3,3]}
{"case":494,"call":0,"status":"budget","root":3,"steps":18446744073709551612,"normalized":18446744073709551609,"accounting":"full_successor_reads_writes_no_last_pair_v2","successors":[0,2,3,3]}
{"case":495,"call":0,"status":"budget","root":3,"steps":18446744073709551613,"normalized":18446744073709551609,"accounting":"full_successor_reads_writes_no_last_pair_v2","successors":[0,2,3,3]}
{"case":496,"call":0,"status":"ok","root":3,"steps":18446744073709551614,"normalized":18446744073709551609,"accounting":"full_successor_reads_writes_no_last_pair_v2","successors":[0,3,3,3]}
{"case":497,"call":0,"status":"ok","root":3,"steps":18446744073709551614,"normalized":18446744073709551609,"accounting":"full_successor_reads_writes_no_last_pair_v2","successors":[0,3,3,3]}
{"case":498,"call":0,"status":"budget","root":1,"steps":11,"normalized":4,"accounting":"full_successor_reads_writes_no_last_pair_v2","successors":[0,2,3,3]}
{"case":499,"call":0,"status":"budget","root":2,"steps":0,"normalized":0,"accounting":"full_successor_reads_writes_no_last_pair_v2","successors":[0,2,3,3]}
{"case":500,"call":0,"status":"budget","root":3,"steps":1,"normalized":0,"accounting":"full_successor_reads_writes_no_last_pair_v2","successors":[0,2,3,3]}
{"case":501,"call":0,"status":"ok","root":3,"steps":2,"normalized":1,"accounting":"full_successor_reads_writes_no_last_pair_v2","successors":[0,2,3,3]}
{"case":502,"call":0,"status":"ok","root":3,"steps":2,"normalized":1,"accounting":"full_successor_reads_writes_no_last_pair_v2","successors":[0,2,3,3]}
{"case":503,"call":0,"status":"budget","root":2,"steps":7,"normalized":3,"accounting":"full_successor_reads_writes_no_last_pair_v2","successors":[0,2,3,3]}
{"case":504,"call":0,"status":"budget","root":3,"steps":8,"normalized":3,"accounting":"full_successor_reads_writes_no_last_pair_v2","successors":[0,2,3,3]}
{"case":505,"call":0,"status":"ok","root":3,"steps":9,"normalized":4,"accounting":"full_successor_reads_writes_no_last_pair_v2","successors":[0,2,3,3]}
{"case":506,"call":0,"status":"ok","root":3,"steps":9,"normalized":4,"accounting":"full_successor_reads_writes_no_last_pair_v2","successors":[0,2,3,3]}
{"case":507,"call":0,"status":"budget","root":2,"steps":18446744073709551612,"normalized":18446744073709551611,"accounting":"full_successor_reads_writes_no_last_pair_v2","successors":[0,2,3,3]}
{"case":508,"call":0,"status":"budget","root":3,"steps":18446744073709551613,"normalized":18446744073709551611,"accounting":"full_successor_reads_writes_no_last_pair_v2","successors":[0,2,3,3]}
{"case":509,"call":0,"status":"ok","root":3,"steps":18446744073709551614,"normalized":18446744073709551612,"accounting":"full_successor_reads_writes_no_last_pair_v2","successors":[0,2,3,3]}
{"case":510,"call":0,"status":"ok","root":3,"steps":18446744073709551614,"normalized":18446744073709551612,"accounting":"full_successor_reads_writes_no_last_pair_v2","successors":[0,2,3,3]}
{"case":511,"call":0,"status":"budget","root":2,"steps":11,"normalized":4,"accounting":"full_successor_reads_writes_no_last_pair_v2","successors":[0,2,3,3]}
{"case":512,"call":0,"status":"budget","root":3,"steps":0,"normalized":0,"accounting":"full_successor_reads_writes_no_last_pair_v2","successors":[0,2,3,3]}
{"case":513,"call":0,"status":"ok","root":3,"steps":1,"normalized":0,"accounting":"full_successor_reads_writes_no_last_pair_v2","successors":[0,2,3,3]}
{"case":514,"call":0,"status":"ok","root":3,"steps":1,"normalized":0,"accounting":"full_successor_reads_writes_no_last_pair_v2","successors":[0,2,3,3]}
{"case":515,"call":0,"status":"budget","root":3,"steps":7,"normalized":3,"accounting":"full_successor_reads_writes_no_last_pair_v2","successors":[0,2,3,3]}
{"case":516,"call":0,"status":"ok","root":3,"steps":8,"normalized":3,"accounting":"full_successor_reads_writes_no_last_pair_v2","successors":[0,2,3,3]}
{"case":517,"call":0,"status":"ok","root":3,"steps":8,"normalized":3,"accounting":"full_successor_reads_writes_no_last_pair_v2","successors":[0,2,3,3]}
{"case":518,"call":0,"status":"budget","root":3,"steps":18446744073709551613,"normalized":18446744073709551612,"accounting":"full_successor_reads_writes_no_last_pair_v2","successors":[0,2,3,3]}
{"case":519,"call":0,"status":"ok","root":3,"steps":18446744073709551614,"normalized":18446744073709551612,"accounting":"full_successor_reads_writes_no_last_pair_v2","successors":[0,2,3,3]}
{"case":520,"call":0,"status":"ok","root":3,"steps":18446744073709551614,"normalized":18446744073709551612,"accounting":"full_successor_reads_writes_no_last_pair_v2","successors":[0,2,3,3]}
{"case":521,"call":0,"status":"budget","root":3,"steps":11,"normalized":4,"accounting":"full_successor_reads_writes_no_last_pair_v2","successors":[0,2,3,3]}
{"case":522,"call":0,"status":"unknown","root":23,"steps":0,"normalized":0,"accounting":"full_successor_reads_writes_no_last_pair_v2","successors":[0,2,3,3]}
{"case":523,"call":0,"status":"unknown","root":23,"steps":7,"normalized":3,"accounting":"full_successor_reads_writes_no_last_pair_v2","successors":[0,2,3,3]}
{"case":524,"call":0,"status":"unknown","root":23,"steps":18446744073709551615,"normalized":18446744073709551615,"accounting":"full_successor_reads_writes_no_last_pair_v2","successors":[0,2,3,3]}
{"case":525,"call":0,"status":"unknown","root":23,"steps":0,"normalized":0,"accounting":"full_successor_reads_writes_no_last_pair_v2","successors":[0,2,3,3]}
{"case":526,"call":0,"status":"unknown","root":23,"steps":7,"normalized":3,"accounting":"full_successor_reads_writes_no_last_pair_v2","successors":[0,2,3,3]}
{"case":527,"call":0,"status":"unknown","root":23,"steps":18446744073709551615,"normalized":18446744073709551615,"accounting":"full_successor_reads_writes_no_last_pair_v2","successors":[0,2,3,3]}
{"case":528,"call":0,"status":"budget","root":0,"steps":0,"normalized":0,"accounting":"full_successor_reads_writes_no_last_pair_v2","successors":[0,3,2,3]}
{"case":529,"call":0,"status":"ok","root":0,"steps":1,"normalized":0,"accounting":"full_successor_reads_writes_no_last_pair_v2","successors":[0,3,2,3]}
{"case":530,"call":0,"status":"ok","root":0,"steps":1,"normalized":0,"accounting":"full_successor_reads_writes_no_last_pair_v2","successors":[0,3,2,3]}
{"case":531,"call":0,"status":"budget","root":0,"steps":7,"normalized":3,"accounting":"full_successor_reads_writes_no_last_pair_v2","successors":[0,3,2,3]}
{"case":532,"call":0,"status":"ok","root":0,"steps":8,"normalized":3,"accounting":"full_successor_reads_writes_no_last_pair_v2","successors":[0,3,2,3]}
{"case":533,"call":0,"status":"ok","root":0,"steps":8,"normalized":3,"accounting":"full_successor_reads_writes_no_last_pair_v2","successors":[0,3,2,3]}
{"case":534,"call":0,"status":"budget","root":0,"steps":18446744073709551613,"normalized":18446744073709551612,"accounting":"full_successor_reads_writes_no_last_pair_v2","successors":[0,3,2,3]}
{"case":535,"call":0,"status":"ok","root":0,"steps":18446744073709551614,"normalized":18446744073709551612,"accounting":"full_successor_reads_writes_no_last_pair_v2","successors":[0,3,2,3]}
{"case":536,"call":0,"status":"ok","root":0,"steps":18446744073709551614,"normalized":18446744073709551612,"accounting":"full_successor_reads_writes_no_last_pair_v2","successors":[0,3,2,3]}
{"case":537,"call":0,"status":"budget","root":0,"steps":11,"normalized":4,"accounting":"full_successor_reads_writes_no_last_pair_v2","successors":[0,3,2,3]}
{"case":538,"call":0,"status":"budget","root":1,"steps":0,"normalized":0,"accounting":"full_successor_reads_writes_no_last_pair_v2","successors":[0,3,2,3]}
{"case":539,"call":0,"status":"budget","root":3,"steps":1,"normalized":0,"accounting":"full_successor_reads_writes_no_last_pair_v2","successors":[0,3,2,3]}
{"case":540,"call":0,"status":"ok","root":3,"steps":2,"normalized":1,"accounting":"full_successor_reads_writes_no_last_pair_v2","successors":[0,3,2,3]}
{"case":541,"call":0,"status":"ok","root":3,"steps":2,"normalized":1,"accounting":"full_successor_reads_writes_no_last_pair_v2","successors":[0,3,2,3]}
{"case":542,"call":0,"status":"budget","root":1,"steps":7,"normalized":3,"accounting":"full_successor_reads_writes_no_last_pair_v2","successors":[0,3,2,3]}
{"case":543,"call":0,"status":"budget","root":3,"steps":8,"normalized":3,"accounting":"full_successor_reads_writes_no_last_pair_v2","successors":[0,3,2,3]}
{"case":544,"call":0,"status":"ok","root":3,"steps":9,"normalized":4,"accounting":"full_successor_reads_writes_no_last_pair_v2","successors":[0,3,2,3]}
{"case":545,"call":0,"status":"ok","root":3,"steps":9,"normalized":4,"accounting":"full_successor_reads_writes_no_last_pair_v2","successors":[0,3,2,3]}
{"case":546,"call":0,"status":"budget","root":1,"steps":18446744073709551612,"normalized":18446744073709551611,"accounting":"full_successor_reads_writes_no_last_pair_v2","successors":[0,3,2,3]}
{"case":547,"call":0,"status":"budget","root":3,"steps":18446744073709551613,"normalized":18446744073709551611,"accounting":"full_successor_reads_writes_no_last_pair_v2","successors":[0,3,2,3]}
{"case":548,"call":0,"status":"ok","root":3,"steps":18446744073709551614,"normalized":18446744073709551612,"accounting":"full_successor_reads_writes_no_last_pair_v2","successors":[0,3,2,3]}
{"case":549,"call":0,"status":"ok","root":3,"steps":18446744073709551614,"normalized":18446744073709551612,"accounting":"full_successor_reads_writes_no_last_pair_v2","successors":[0,3,2,3]}
{"case":550,"call":0,"status":"budget","root":1,"steps":11,"normalized":4,"accounting":"full_successor_reads_writes_no_last_pair_v2","successors":[0,3,2,3]}
{"case":551,"call":0,"status":"budget","root":2,"steps":0,"normalized":0,"accounting":"full_successor_reads_writes_no_last_pair_v2","successors":[0,3,2,3]}
{"case":552,"call":0,"status":"ok","root":2,"steps":1,"normalized":0,"accounting":"full_successor_reads_writes_no_last_pair_v2","successors":[0,3,2,3]}
{"case":553,"call":0,"status":"ok","root":2,"steps":1,"normalized":0,"accounting":"full_successor_reads_writes_no_last_pair_v2","successors":[0,3,2,3]}
{"case":554,"call":0,"status":"budget","root":2,"steps":7,"normalized":3,"accounting":"full_successor_reads_writes_no_last_pair_v2","successors":[0,3,2,3]}
{"case":555,"call":0,"status":"ok","root":2,"steps":8,"normalized":3,"accounting":"full_successor_reads_writes_no_last_pair_v2","successors":[0,3,2,3]}
{"case":556,"call":0,"status":"ok","root":2,"steps":8,"normalized":3,"accounting":"full_successor_reads_writes_no_last_pair_v2","successors":[0,3,2,3]}
{"case":557,"call":0,"status":"budget","root":2,"steps":18446744073709551613,"normalized":18446744073709551612,"accounting":"full_successor_reads_writes_no_last_pair_v2","successors":[0,3,2,3]}
{"case":558,"call":0,"status":"ok","root":2,"steps":18446744073709551614,"normalized":18446744073709551612,"accounting":"full_successor_reads_writes_no_last_pair_v2","successors":[0,3,2,3]}
{"case":559,"call":0,"status":"ok","root":2,"steps":18446744073709551614,"normalized":18446744073709551612,"accounting":"full_successor_reads_writes_no_last_pair_v2","successors":[0,3,2,3]}
{"case":560,"call":0,"status":"budget","root":2,"steps":11,"normalized":4,"accounting":"full_successor_reads_writes_no_last_pair_v2","successors":[0,3,2,3]}
{"case":561,"call":0,"status":"budget","root":3,"steps":0,"normalized":0,"accounting":"full_successor_reads_writes_no_last_pair_v2","successors":[0,3,2,3]}
{"case":562,"call":0,"status":"ok","root":3,"steps":1,"normalized":0,"accounting":"full_successor_reads_writes_no_last_pair_v2","successors":[0,3,2,3]}
{"case":563,"call":0,"status":"ok","root":3,"steps":1,"normalized":0,"accounting":"full_successor_reads_writes_no_last_pair_v2","successors":[0,3,2,3]}
{"case":564,"call":0,"status":"budget","root":3,"steps":7,"normalized":3,"accounting":"full_successor_reads_writes_no_last_pair_v2","successors":[0,3,2,3]}
{"case":565,"call":0,"status":"ok","root":3,"steps":8,"normalized":3,"accounting":"full_successor_reads_writes_no_last_pair_v2","successors":[0,3,2,3]}
{"case":566,"call":0,"status":"ok","root":3,"steps":8,"normalized":3,"accounting":"full_successor_reads_writes_no_last_pair_v2","successors":[0,3,2,3]}
{"case":567,"call":0,"status":"budget","root":3,"steps":18446744073709551613,"normalized":18446744073709551612,"accounting":"full_successor_reads_writes_no_last_pair_v2","successors":[0,3,2,3]}
{"case":568,"call":0,"status":"ok","root":3,"steps":18446744073709551614,"normalized":18446744073709551612,"accounting":"full_successor_reads_writes_no_last_pair_v2","successors":[0,3,2,3]}
{"case":569,"call":0,"status":"ok","root":3,"steps":18446744073709551614,"normalized":18446744073709551612,"accounting":"full_successor_reads_writes_no_last_pair_v2","successors":[0,3,2,3]}
{"case":570,"call":0,"status":"budget","root":3,"steps":11,"normalized":4,"accounting":"full_successor_reads_writes_no_last_pair_v2","successors":[0,3,2,3]}
{"case":571,"call":0,"status":"unknown","root":23,"steps":0,"normalized":0,"accounting":"full_successor_reads_writes_no_last_pair_v2","successors":[0,3,2,3]}
{"case":572,"call":0,"status":"unknown","root":23,"steps":7,"normalized":3,"accounting":"full_successor_reads_writes_no_last_pair_v2","successors":[0,3,2,3]}
{"case":573,"call":0,"status":"unknown","root":23,"steps":18446744073709551615,"normalized":18446744073709551615,"accounting":"full_successor_reads_writes_no_last_pair_v2","successors":[0,3,2,3]}
{"case":574,"call":0,"status":"unknown","root":23,"steps":0,"normalized":0,"accounting":"full_successor_reads_writes_no_last_pair_v2","successors":[0,3,2,3]}
{"case":575,"call":0,"status":"unknown","root":23,"steps":7,"normalized":3,"accounting":"full_successor_reads_writes_no_last_pair_v2","successors":[0,3,2,3]}
{"case":576,"call":0,"status":"unknown","root":23,"steps":18446744073709551615,"normalized":18446744073709551615,"accounting":"full_successor_reads_writes_no_last_pair_v2","successors":[0,3,2,3]}
{"case":577,"call":0,"status":"budget","root":0,"steps":0,"normalized":0,"accounting":"full_successor_reads_writes_no_last_pair_v2","successors":[0,3,3,3]}
{"case":578,"call":0,"status":"ok","root":0,"steps":1,"normalized":0,"accounting":"full_successor_reads_writes_no_last_pair_v2","successors":[0,3,3,3]}
{"case":579,"call":0,"status":"ok","root":0,"steps":1,"normalized":0,"accounting":"full_successor_reads_writes_no_last_pair_v2","successors":[0,3,3,3]}
{"case":580,"call":0,"status":"budget","root":0,"steps":7,"normalized":3,"accounting":"full_successor_reads_writes_no_last_pair_v2","successors":[0,3,3,3]}
{"case":581,"call":0,"status":"ok","root":0,"steps":8,"normalized":3,"accounting":"full_successor_reads_writes_no_last_pair_v2","successors":[0,3,3,3]}
{"case":582,"call":0,"status":"ok","root":0,"steps":8,"normalized":3,"accounting":"full_successor_reads_writes_no_last_pair_v2","successors":[0,3,3,3]}
{"case":583,"call":0,"status":"budget","root":0,"steps":18446744073709551613,"normalized":18446744073709551612,"accounting":"full_successor_reads_writes_no_last_pair_v2","successors":[0,3,3,3]}
{"case":584,"call":0,"status":"ok","root":0,"steps":18446744073709551614,"normalized":18446744073709551612,"accounting":"full_successor_reads_writes_no_last_pair_v2","successors":[0,3,3,3]}
{"case":585,"call":0,"status":"ok","root":0,"steps":18446744073709551614,"normalized":18446744073709551612,"accounting":"full_successor_reads_writes_no_last_pair_v2","successors":[0,3,3,3]}
{"case":586,"call":0,"status":"budget","root":0,"steps":11,"normalized":4,"accounting":"full_successor_reads_writes_no_last_pair_v2","successors":[0,3,3,3]}
{"case":587,"call":0,"status":"budget","root":1,"steps":0,"normalized":0,"accounting":"full_successor_reads_writes_no_last_pair_v2","successors":[0,3,3,3]}
{"case":588,"call":0,"status":"budget","root":3,"steps":1,"normalized":0,"accounting":"full_successor_reads_writes_no_last_pair_v2","successors":[0,3,3,3]}
{"case":589,"call":0,"status":"ok","root":3,"steps":2,"normalized":1,"accounting":"full_successor_reads_writes_no_last_pair_v2","successors":[0,3,3,3]}
{"case":590,"call":0,"status":"ok","root":3,"steps":2,"normalized":1,"accounting":"full_successor_reads_writes_no_last_pair_v2","successors":[0,3,3,3]}
{"case":591,"call":0,"status":"budget","root":1,"steps":7,"normalized":3,"accounting":"full_successor_reads_writes_no_last_pair_v2","successors":[0,3,3,3]}
{"case":592,"call":0,"status":"budget","root":3,"steps":8,"normalized":3,"accounting":"full_successor_reads_writes_no_last_pair_v2","successors":[0,3,3,3]}
{"case":593,"call":0,"status":"ok","root":3,"steps":9,"normalized":4,"accounting":"full_successor_reads_writes_no_last_pair_v2","successors":[0,3,3,3]}
{"case":594,"call":0,"status":"ok","root":3,"steps":9,"normalized":4,"accounting":"full_successor_reads_writes_no_last_pair_v2","successors":[0,3,3,3]}
{"case":595,"call":0,"status":"budget","root":1,"steps":18446744073709551612,"normalized":18446744073709551611,"accounting":"full_successor_reads_writes_no_last_pair_v2","successors":[0,3,3,3]}
{"case":596,"call":0,"status":"budget","root":3,"steps":18446744073709551613,"normalized":18446744073709551611,"accounting":"full_successor_reads_writes_no_last_pair_v2","successors":[0,3,3,3]}
{"case":597,"call":0,"status":"ok","root":3,"steps":18446744073709551614,"normalized":18446744073709551612,"accounting":"full_successor_reads_writes_no_last_pair_v2","successors":[0,3,3,3]}
{"case":598,"call":0,"status":"ok","root":3,"steps":18446744073709551614,"normalized":18446744073709551612,"accounting":"full_successor_reads_writes_no_last_pair_v2","successors":[0,3,3,3]}
{"case":599,"call":0,"status":"budget","root":1,"steps":11,"normalized":4,"accounting":"full_successor_reads_writes_no_last_pair_v2","successors":[0,3,3,3]}
{"case":600,"call":0,"status":"budget","root":2,"steps":0,"normalized":0,"accounting":"full_successor_reads_writes_no_last_pair_v2","successors":[0,3,3,3]}
{"case":601,"call":0,"status":"budget","root":3,"steps":1,"normalized":0,"accounting":"full_successor_reads_writes_no_last_pair_v2","successors":[0,3,3,3]}
{"case":602,"call":0,"status":"ok","root":3,"steps":2,"normalized":1,"accounting":"full_successor_reads_writes_no_last_pair_v2","successors":[0,3,3,3]}
{"case":603,"call":0,"status":"ok","root":3,"steps":2,"normalized":1,"accounting":"full_successor_reads_writes_no_last_pair_v2","successors":[0,3,3,3]}
{"case":604,"call":0,"status":"budget","root":2,"steps":7,"normalized":3,"accounting":"full_successor_reads_writes_no_last_pair_v2","successors":[0,3,3,3]}
{"case":605,"call":0,"status":"budget","root":3,"steps":8,"normalized":3,"accounting":"full_successor_reads_writes_no_last_pair_v2","successors":[0,3,3,3]}
{"case":606,"call":0,"status":"ok","root":3,"steps":9,"normalized":4,"accounting":"full_successor_reads_writes_no_last_pair_v2","successors":[0,3,3,3]}
{"case":607,"call":0,"status":"ok","root":3,"steps":9,"normalized":4,"accounting":"full_successor_reads_writes_no_last_pair_v2","successors":[0,3,3,3]}
{"case":608,"call":0,"status":"budget","root":2,"steps":18446744073709551612,"normalized":18446744073709551611,"accounting":"full_successor_reads_writes_no_last_pair_v2","successors":[0,3,3,3]}
{"case":609,"call":0,"status":"budget","root":3,"steps":18446744073709551613,"normalized":18446744073709551611,"accounting":"full_successor_reads_writes_no_last_pair_v2","successors":[0,3,3,3]}
{"case":610,"call":0,"status":"ok","root":3,"steps":18446744073709551614,"normalized":18446744073709551612,"accounting":"full_successor_reads_writes_no_last_pair_v2","successors":[0,3,3,3]}
{"case":611,"call":0,"status":"ok","root":3,"steps":18446744073709551614,"normalized":18446744073709551612,"accounting":"full_successor_reads_writes_no_last_pair_v2","successors":[0,3,3,3]}
{"case":612,"call":0,"status":"budget","root":2,"steps":11,"normalized":4,"accounting":"full_successor_reads_writes_no_last_pair_v2","successors":[0,3,3,3]}
{"case":613,"call":0,"status":"budget","root":3,"steps":0,"normalized":0,"accounting":"full_successor_reads_writes_no_last_pair_v2","successors":[0,3,3,3]}
{"case":614,"call":0,"status":"ok","root":3,"steps":1,"normalized":0,"accounting":"full_successor_reads_writes_no_last_pair_v2","successors":[0,3,3,3]}
{"case":615,"call":0,"status":"ok","root":3,"steps":1,"normalized":0,"accounting":"full_successor_reads_writes_no_last_pair_v2","successors":[0,3,3,3]}
{"case":616,"call":0,"status":"budget","root":3,"steps":7,"normalized":3,"accounting":"full_successor_reads_writes_no_last_pair_v2","successors":[0,3,3,3]}
{"case":617,"call":0,"status":"ok","root":3,"steps":8,"normalized":3,"accounting":"full_successor_reads_writes_no_last_pair_v2","successors":[0,3,3,3]}
{"case":618,"call":0,"status":"ok","root":3,"steps":8,"normalized":3,"accounting":"full_successor_reads_writes_no_last_pair_v2","successors":[0,3,3,3]}
{"case":619,"call":0,"status":"budget","root":3,"steps":18446744073709551613,"normalized":18446744073709551612,"accounting":"full_successor_reads_writes_no_last_pair_v2","successors":[0,3,3,3]}
{"case":620,"call":0,"status":"ok","root":3,"steps":18446744073709551614,"normalized":18446744073709551612,"accounting":"full_successor_reads_writes_no_last_pair_v2","successors":[0,3,3,3]}
{"case":621,"call":0,"status":"ok","root":3,"steps":18446744073709551614,"normalized":18446744073709551612,"accounting":"full_successor_reads_writes_no_last_pair_v2","successors":[0,3,3,3]}
{"case":622,"call":0,"status":"budget","root":3,"steps":11,"normalized":4,"accounting":"full_successor_reads_writes_no_last_pair_v2","successors":[0,3,3,3]}
{"case":623,"call":0,"status":"unknown","root":23,"steps":0,"normalized":0,"accounting":"full_successor_reads_writes_no_last_pair_v2","successors":[0,3,3,3]}
{"case":624,"call":0,"status":"unknown","root":23,"steps":7,"normalized":3,"accounting":"full_successor_reads_writes_no_last_pair_v2","successors":[0,3,3,3]}
{"case":625,"call":0,"status":"unknown","root":23,"steps":18446744073709551615,"normalized":18446744073709551615,"accounting":"full_successor_reads_writes_no_last_pair_v2","successors":[0,3,3,3]}
{"case":626,"call":0,"status":"unknown","root":23,"steps":0,"normalized":0,"accounting":"full_successor_reads_writes_no_last_pair_v2","successors":[0,3,3,3]}
{"case":627,"call":0,"status":"unknown","root":23,"steps":7,"normalized":3,"accounting":"full_successor_reads_writes_no_last_pair_v2","successors":[0,3,3,3]}
{"case":628,"call":0,"status":"unknown","root":23,"steps":18446744073709551615,"normalized":18446744073709551615,"accounting":"full_successor_reads_writes_no_last_pair_v2","successors":[0,3,3,3]}
{"case":629,"call":0,"status":"budget","root":0,"steps":0,"normalized":0,"accounting":"full_successor_reads_writes_no_last_pair_v2","successors":[1,1,2,3]}
{"case":630,"call":0,"status":"budget","root":1,"steps":1,"normalized":0,"accounting":"full_successor_reads_writes_no_last_pair_v2","successors":[1,1,2,3]}
{"case":631,"call":0,"status":"ok","root":1,"steps":2,"normalized":1,"accounting":"full_successor_reads_writes_no_last_pair_v2","successors":[1,1,2,3]}
{"case":632,"call":0,"status":"ok","root":1,"steps":2,"normalized":1,"accounting":"full_successor_reads_writes_no_last_pair_v2","successors":[1,1,2,3]}
{"case":633,"call":0,"status":"budget","root":0,"steps":7,"normalized":3,"accounting":"full_successor_reads_writes_no_last_pair_v2","successors":[1,1,2,3]}
{"case":634,"call":0,"status":"budget","root":1,"steps":8,"normalized":3,"accounting":"full_successor_reads_writes_no_last_pair_v2","successors":[1,1,2,3]}
{"case":635,"call":0,"status":"ok","root":1,"steps":9,"normalized":4,"accounting":"full_successor_reads_writes_no_last_pair_v2","successors":[1,1,2,3]}
{"case":636,"call":0,"status":"ok","root":1,"steps":9,"normalized":4,"accounting":"full_successor_reads_writes_no_last_pair_v2","successors":[1,1,2,3]}
{"case":637,"call":0,"status":"budget","root":0,"steps":18446744073709551612,"normalized":18446744073709551611,"accounting":"full_successor_reads_writes_no_last_pair_v2","successors":[1,1,2,3]}
{"case":638,"call":0,"status":"budget","root":1,"steps":18446744073709551613,"normalized":18446744073709551611,"accounting":"full_successor_reads_writes_no_last_pair_v2","successors":[1,1,2,3]}
{"case":639,"call":0,"status":"ok","root":1,"steps":18446744073709551614,"normalized":18446744073709551612,"accounting":"full_successor_reads_writes_no_last_pair_v2","successors":[1,1,2,3]}
{"case":640,"call":0,"status":"ok","root":1,"steps":18446744073709551614,"normalized":18446744073709551612,"accounting":"full_successor_reads_writes_no_last_pair_v2","successors":[1,1,2,3]}
{"case":641,"call":0,"status":"budget","root":0,"steps":11,"normalized":4,"accounting":"full_successor_reads_writes_no_last_pair_v2","successors":[1,1,2,3]}
{"case":642,"call":0,"status":"budget","root":1,"steps":0,"normalized":0,"accounting":"full_successor_reads_writes_no_last_pair_v2","successors":[1,1,2,3]}
{"case":643,"call":0,"status":"ok","root":1,"steps":1,"normalized":0,"accounting":"full_successor_reads_writes_no_last_pair_v2","successors":[1,1,2,3]}
{"case":644,"call":0,"status":"ok","root":1,"steps":1,"normalized":0,"accounting":"full_successor_reads_writes_no_last_pair_v2","successors":[1,1,2,3]}
{"case":645,"call":0,"status":"budget","root":1,"steps":7,"normalized":3,"accounting":"full_successor_reads_writes_no_last_pair_v2","successors":[1,1,2,3]}
{"case":646,"call":0,"status":"ok","root":1,"steps":8,"normalized":3,"accounting":"full_successor_reads_writes_no_last_pair_v2","successors":[1,1,2,3]}
{"case":647,"call":0,"status":"ok","root":1,"steps":8,"normalized":3,"accounting":"full_successor_reads_writes_no_last_pair_v2","successors":[1,1,2,3]}
{"case":648,"call":0,"status":"budget","root":1,"steps":18446744073709551613,"normalized":18446744073709551612,"accounting":"full_successor_reads_writes_no_last_pair_v2","successors":[1,1,2,3]}
{"case":649,"call":0,"status":"ok","root":1,"steps":18446744073709551614,"normalized":18446744073709551612,"accounting":"full_successor_reads_writes_no_last_pair_v2","successors":[1,1,2,3]}
{"case":650,"call":0,"status":"ok","root":1,"steps":18446744073709551614,"normalized":18446744073709551612,"accounting":"full_successor_reads_writes_no_last_pair_v2","successors":[1,1,2,3]}
{"case":651,"call":0,"status":"budget","root":1,"steps":11,"normalized":4,"accounting":"full_successor_reads_writes_no_last_pair_v2","successors":[1,1,2,3]}
{"case":652,"call":0,"status":"budget","root":2,"steps":0,"normalized":0,"accounting":"full_successor_reads_writes_no_last_pair_v2","successors":[1,1,2,3]}
{"case":653,"call":0,"status":"ok","root":2,"steps":1,"normalized":0,"accounting":"full_successor_reads_writes_no_last_pair_v2","successors":[1,1,2,3]}
{"case":654,"call":0,"status":"ok","root":2,"steps":1,"normalized":0,"accounting":"full_successor_reads_writes_no_last_pair_v2","successors":[1,1,2,3]}
{"case":655,"call":0,"status":"budget","root":2,"steps":7,"normalized":3,"accounting":"full_successor_reads_writes_no_last_pair_v2","successors":[1,1,2,3]}
{"case":656,"call":0,"status":"ok","root":2,"steps":8,"normalized":3,"accounting":"full_successor_reads_writes_no_last_pair_v2","successors":[1,1,2,3]}
{"case":657,"call":0,"status":"ok","root":2,"steps":8,"normalized":3,"accounting":"full_successor_reads_writes_no_last_pair_v2","successors":[1,1,2,3]}
{"case":658,"call":0,"status":"budget","root":2,"steps":18446744073709551613,"normalized":18446744073709551612,"accounting":"full_successor_reads_writes_no_last_pair_v2","successors":[1,1,2,3]}
{"case":659,"call":0,"status":"ok","root":2,"steps":18446744073709551614,"normalized":18446744073709551612,"accounting":"full_successor_reads_writes_no_last_pair_v2","successors":[1,1,2,3]}
{"case":660,"call":0,"status":"ok","root":2,"steps":18446744073709551614,"normalized":18446744073709551612,"accounting":"full_successor_reads_writes_no_last_pair_v2","successors":[1,1,2,3]}
{"case":661,"call":0,"status":"budget","root":2,"steps":11,"normalized":4,"accounting":"full_successor_reads_writes_no_last_pair_v2","successors":[1,1,2,3]}
{"case":662,"call":0,"status":"budget","root":3,"steps":0,"normalized":0,"accounting":"full_successor_reads_writes_no_last_pair_v2","successors":[1,1,2,3]}
{"case":663,"call":0,"status":"ok","root":3,"steps":1,"normalized":0,"accounting":"full_successor_reads_writes_no_last_pair_v2","successors":[1,1,2,3]}
{"case":664,"call":0,"status":"ok","root":3,"steps":1,"normalized":0,"accounting":"full_successor_reads_writes_no_last_pair_v2","successors":[1,1,2,3]}
{"case":665,"call":0,"status":"budget","root":3,"steps":7,"normalized":3,"accounting":"full_successor_reads_writes_no_last_pair_v2","successors":[1,1,2,3]}
{"case":666,"call":0,"status":"ok","root":3,"steps":8,"normalized":3,"accounting":"full_successor_reads_writes_no_last_pair_v2","successors":[1,1,2,3]}
{"case":667,"call":0,"status":"ok","root":3,"steps":8,"normalized":3,"accounting":"full_successor_reads_writes_no_last_pair_v2","successors":[1,1,2,3]}
{"case":668,"call":0,"status":"budget","root":3,"steps":18446744073709551613,"normalized":18446744073709551612,"accounting":"full_successor_reads_writes_no_last_pair_v2","successors":[1,1,2,3]}
{"case":669,"call":0,"status":"ok","root":3,"steps":18446744073709551614,"normalized":18446744073709551612,"accounting":"full_successor_reads_writes_no_last_pair_v2","successors":[1,1,2,3]}
{"case":670,"call":0,"status":"ok","root":3,"steps":18446744073709551614,"normalized":18446744073709551612,"accounting":"full_successor_reads_writes_no_last_pair_v2","successors":[1,1,2,3]}
{"case":671,"call":0,"status":"budget","root":3,"steps":11,"normalized":4,"accounting":"full_successor_reads_writes_no_last_pair_v2","successors":[1,1,2,3]}
{"case":672,"call":0,"status":"unknown","root":23,"steps":0,"normalized":0,"accounting":"full_successor_reads_writes_no_last_pair_v2","successors":[1,1,2,3]}
{"case":673,"call":0,"status":"unknown","root":23,"steps":7,"normalized":3,"accounting":"full_successor_reads_writes_no_last_pair_v2","successors":[1,1,2,3]}
{"case":674,"call":0,"status":"unknown","root":23,"steps":18446744073709551615,"normalized":18446744073709551615,"accounting":"full_successor_reads_writes_no_last_pair_v2","successors":[1,1,2,3]}
{"case":675,"call":0,"status":"unknown","root":23,"steps":0,"normalized":0,"accounting":"full_successor_reads_writes_no_last_pair_v2","successors":[1,1,2,3]}
{"case":676,"call":0,"status":"unknown","root":23,"steps":7,"normalized":3,"accounting":"full_successor_reads_writes_no_last_pair_v2","successors":[1,1,2,3]}
{"case":677,"call":0,"status":"unknown","root":23,"steps":18446744073709551615,"normalized":18446744073709551615,"accounting":"full_successor_reads_writes_no_last_pair_v2","successors":[1,1,2,3]}
{"case":678,"call":0,"status":"budget","root":0,"steps":0,"normalized":0,"accounting":"full_successor_reads_writes_no_last_pair_v2","successors":[1,1,3,3]}
{"case":679,"call":0,"status":"budget","root":1,"steps":1,"normalized":0,"accounting":"full_successor_reads_writes_no_last_pair_v2","successors":[1,1,3,3]}
{"case":680,"call":0,"status":"ok","root":1,"steps":2,"normalized":1,"accounting":"full_successor_reads_writes_no_last_pair_v2","successors":[1,1,3,3]}
{"case":681,"call":0,"status":"ok","root":1,"steps":2,"normalized":1,"accounting":"full_successor_reads_writes_no_last_pair_v2","successors":[1,1,3,3]}
{"case":682,"call":0,"status":"budget","root":0,"steps":7,"normalized":3,"accounting":"full_successor_reads_writes_no_last_pair_v2","successors":[1,1,3,3]}
{"case":683,"call":0,"status":"budget","root":1,"steps":8,"normalized":3,"accounting":"full_successor_reads_writes_no_last_pair_v2","successors":[1,1,3,3]}
{"case":684,"call":0,"status":"ok","root":1,"steps":9,"normalized":4,"accounting":"full_successor_reads_writes_no_last_pair_v2","successors":[1,1,3,3]}
{"case":685,"call":0,"status":"ok","root":1,"steps":9,"normalized":4,"accounting":"full_successor_reads_writes_no_last_pair_v2","successors":[1,1,3,3]}
{"case":686,"call":0,"status":"budget","root":0,"steps":18446744073709551612,"normalized":18446744073709551611,"accounting":"full_successor_reads_writes_no_last_pair_v2","successors":[1,1,3,3]}
{"case":687,"call":0,"status":"budget","root":1,"steps":18446744073709551613,"normalized":18446744073709551611,"accounting":"full_successor_reads_writes_no_last_pair_v2","successors":[1,1,3,3]}
{"case":688,"call":0,"status":"ok","root":1,"steps":18446744073709551614,"normalized":18446744073709551612,"accounting":"full_successor_reads_writes_no_last_pair_v2","successors":[1,1,3,3]}
{"case":689,"call":0,"status":"ok","root":1,"steps":18446744073709551614,"normalized":18446744073709551612,"accounting":"full_successor_reads_writes_no_last_pair_v2","successors":[1,1,3,3]}
{"case":690,"call":0,"status":"budget","root":0,"steps":11,"normalized":4,"accounting":"full_successor_reads_writes_no_last_pair_v2","successors":[1,1,3,3]}
{"case":691,"call":0,"status":"budget","root":1,"steps":0,"normalized":0,"accounting":"full_successor_reads_writes_no_last_pair_v2","successors":[1,1,3,3]}
{"case":692,"call":0,"status":"ok","root":1,"steps":1,"normalized":0,"accounting":"full_successor_reads_writes_no_last_pair_v2","successors":[1,1,3,3]}
{"case":693,"call":0,"status":"ok","root":1,"steps":1,"normalized":0,"accounting":"full_successor_reads_writes_no_last_pair_v2","successors":[1,1,3,3]}
{"case":694,"call":0,"status":"budget","root":1,"steps":7,"normalized":3,"accounting":"full_successor_reads_writes_no_last_pair_v2","successors":[1,1,3,3]}
{"case":695,"call":0,"status":"ok","root":1,"steps":8,"normalized":3,"accounting":"full_successor_reads_writes_no_last_pair_v2","successors":[1,1,3,3]}
{"case":696,"call":0,"status":"ok","root":1,"steps":8,"normalized":3,"accounting":"full_successor_reads_writes_no_last_pair_v2","successors":[1,1,3,3]}
{"case":697,"call":0,"status":"budget","root":1,"steps":18446744073709551613,"normalized":18446744073709551612,"accounting":"full_successor_reads_writes_no_last_pair_v2","successors":[1,1,3,3]}
{"case":698,"call":0,"status":"ok","root":1,"steps":18446744073709551614,"normalized":18446744073709551612,"accounting":"full_successor_reads_writes_no_last_pair_v2","successors":[1,1,3,3]}
{"case":699,"call":0,"status":"ok","root":1,"steps":18446744073709551614,"normalized":18446744073709551612,"accounting":"full_successor_reads_writes_no_last_pair_v2","successors":[1,1,3,3]}
{"case":700,"call":0,"status":"budget","root":1,"steps":11,"normalized":4,"accounting":"full_successor_reads_writes_no_last_pair_v2","successors":[1,1,3,3]}
{"case":701,"call":0,"status":"budget","root":2,"steps":0,"normalized":0,"accounting":"full_successor_reads_writes_no_last_pair_v2","successors":[1,1,3,3]}
{"case":702,"call":0,"status":"budget","root":3,"steps":1,"normalized":0,"accounting":"full_successor_reads_writes_no_last_pair_v2","successors":[1,1,3,3]}
{"case":703,"call":0,"status":"ok","root":3,"steps":2,"normalized":1,"accounting":"full_successor_reads_writes_no_last_pair_v2","successors":[1,1,3,3]}
{"case":704,"call":0,"status":"ok","root":3,"steps":2,"normalized":1,"accounting":"full_successor_reads_writes_no_last_pair_v2","successors":[1,1,3,3]}
{"case":705,"call":0,"status":"budget","root":2,"steps":7,"normalized":3,"accounting":"full_successor_reads_writes_no_last_pair_v2","successors":[1,1,3,3]}
{"case":706,"call":0,"status":"budget","root":3,"steps":8,"normalized":3,"accounting":"full_successor_reads_writes_no_last_pair_v2","successors":[1,1,3,3]}
{"case":707,"call":0,"status":"ok","root":3,"steps":9,"normalized":4,"accounting":"full_successor_reads_writes_no_last_pair_v2","successors":[1,1,3,3]}
{"case":708,"call":0,"status":"ok","root":3,"steps":9,"normalized":4,"accounting":"full_successor_reads_writes_no_last_pair_v2","successors":[1,1,3,3]}
{"case":709,"call":0,"status":"budget","root":2,"steps":18446744073709551612,"normalized":18446744073709551611,"accounting":"full_successor_reads_writes_no_last_pair_v2","successors":[1,1,3,3]}
{"case":710,"call":0,"status":"budget","root":3,"steps":18446744073709551613,"normalized":18446744073709551611,"accounting":"full_successor_reads_writes_no_last_pair_v2","successors":[1,1,3,3]}
{"case":711,"call":0,"status":"ok","root":3,"steps":18446744073709551614,"normalized":18446744073709551612,"accounting":"full_successor_reads_writes_no_last_pair_v2","successors":[1,1,3,3]}
{"case":712,"call":0,"status":"ok","root":3,"steps":18446744073709551614,"normalized":18446744073709551612,"accounting":"full_successor_reads_writes_no_last_pair_v2","successors":[1,1,3,3]}
{"case":713,"call":0,"status":"budget","root":2,"steps":11,"normalized":4,"accounting":"full_successor_reads_writes_no_last_pair_v2","successors":[1,1,3,3]}
{"case":714,"call":0,"status":"budget","root":3,"steps":0,"normalized":0,"accounting":"full_successor_reads_writes_no_last_pair_v2","successors":[1,1,3,3]}
{"case":715,"call":0,"status":"ok","root":3,"steps":1,"normalized":0,"accounting":"full_successor_reads_writes_no_last_pair_v2","successors":[1,1,3,3]}
{"case":716,"call":0,"status":"ok","root":3,"steps":1,"normalized":0,"accounting":"full_successor_reads_writes_no_last_pair_v2","successors":[1,1,3,3]}
{"case":717,"call":0,"status":"budget","root":3,"steps":7,"normalized":3,"accounting":"full_successor_reads_writes_no_last_pair_v2","successors":[1,1,3,3]}
{"case":718,"call":0,"status":"ok","root":3,"steps":8,"normalized":3,"accounting":"full_successor_reads_writes_no_last_pair_v2","successors":[1,1,3,3]}
{"case":719,"call":0,"status":"ok","root":3,"steps":8,"normalized":3,"accounting":"full_successor_reads_writes_no_last_pair_v2","successors":[1,1,3,3]}
{"case":720,"call":0,"status":"budget","root":3,"steps":18446744073709551613,"normalized":18446744073709551612,"accounting":"full_successor_reads_writes_no_last_pair_v2","successors":[1,1,3,3]}
{"case":721,"call":0,"status":"ok","root":3,"steps":18446744073709551614,"normalized":18446744073709551612,"accounting":"full_successor_reads_writes_no_last_pair_v2","successors":[1,1,3,3]}
{"case":722,"call":0,"status":"ok","root":3,"steps":18446744073709551614,"normalized":18446744073709551612,"accounting":"full_successor_reads_writes_no_last_pair_v2","successors":[1,1,3,3]}
{"case":723,"call":0,"status":"budget","root":3,"steps":11,"normalized":4,"accounting":"full_successor_reads_writes_no_last_pair_v2","successors":[1,1,3,3]}
{"case":724,"call":0,"status":"unknown","root":23,"steps":0,"normalized":0,"accounting":"full_successor_reads_writes_no_last_pair_v2","successors":[1,1,3,3]}
{"case":725,"call":0,"status":"unknown","root":23,"steps":7,"normalized":3,"accounting":"full_successor_reads_writes_no_last_pair_v2","successors":[1,1,3,3]}
{"case":726,"call":0,"status":"unknown","root":23,"steps":18446744073709551615,"normalized":18446744073709551615,"accounting":"full_successor_reads_writes_no_last_pair_v2","successors":[1,1,3,3]}
{"case":727,"call":0,"status":"unknown","root":23,"steps":0,"normalized":0,"accounting":"full_successor_reads_writes_no_last_pair_v2","successors":[1,1,3,3]}
{"case":728,"call":0,"status":"unknown","root":23,"steps":7,"normalized":3,"accounting":"full_successor_reads_writes_no_last_pair_v2","successors":[1,1,3,3]}
{"case":729,"call":0,"status":"unknown","root":23,"steps":18446744073709551615,"normalized":18446744073709551615,"accounting":"full_successor_reads_writes_no_last_pair_v2","successors":[1,1,3,3]}
{"case":730,"call":0,"status":"budget","root":0,"steps":0,"normalized":0,"accounting":"full_successor_reads_writes_no_last_pair_v2","successors":[1,2,2,3]}
{"case":731,"call":0,"status":"budget","root":1,"steps":1,"normalized":0,"accounting":"full_successor_reads_writes_no_last_pair_v2","successors":[1,2,2,3]}
{"case":732,"call":0,"status":"budget","root":2,"steps":2,"normalized":0,"accounting":"full_successor_reads_writes_no_last_pair_v2","successors":[1,2,2,3]}
{"case":733,"call":0,"status":"budget","root":2,"steps":3,"normalized":1,"accounting":"full_successor_reads_writes_no_last_pair_v2","successors":[1,2,2,3]}
{"case":734,"call":0,"status":"budget","root":2,"steps":4,"normalized":1,"accounting":"full_successor_reads_writes_no_last_pair_v2","successors":[1,2,2,3]}
{"case":735,"call":0,"status":"ok","root":2,"steps":5,"normalized":1,"accounting":"full_successor_reads_writes_no_last_pair_v2","successors":[2,2,2,3]}
{"case":736,"call":0,"status":"ok","root":2,"steps":5,"normalized":1,"accounting":"full_successor_reads_writes_no_last_pair_v2","successors":[2,2,2,3]}
{"case":737,"call":0,"status":"budget","root":0,"steps":7,"normalized":3,"accounting":"full_successor_reads_writes_no_last_pair_v2","successors":[1,2,2,3]}
{"case":738,"call":0,"status":"budget","root":1,"steps":8,"normalized":3,"accounting":"full_successor_reads_writes_no_last_pair_v2","successors":[1,2,2,3]}
{"case":739,"call":0,"status":"budget","root":2,"steps":9,"normalized":3,"accounting":"full_successor_reads_writes_no_last_pair_v2","successors":[1,2,2,3]}
{"case":740,"call":0,"status":"budget","root":2,"steps":10,"normalized":4,"accounting":"full_successor_reads_writes_no_last_pair_v2","successors":[1,2,2,3]}
{"case":741,"call":0,"status":"budget","root":2,"steps":11,"normalized":4,"accounting":"full_successor_reads_writes_no_last_pair_v2","successors":[1,2,2,3]}
{"case":742,"call":0,"status":"ok","root":2,"steps":12,"normalized":4,"accounting":"full_successor_reads_writes_no_last_pair_v2","successors":[2,2,2,3]}
{"case":743,"call":0,"status":"ok","root":2,"steps":12,"normalized":4,"accounting":"full_successor_reads_writes_no_last_pair_v2","successors":[2,2,2,3]}
{"case":744,"call":0,"status":"budget","root":0,"steps":18446744073709551609,"normalized":18446744073709551608,"accounting":"full_successor_reads_writes_no_last_pair_v2","successors":[1,2,2,3]}
{"case":745,"call":0,"status":"budget","root":1,"steps":18446744073709551610,"normalized":18446744073709551608,"accounting":"full_successor_reads_writes_no_last_pair_v2","successors":[1,2,2,3]}
{"case":746,"call":0,"status":"budget","root":2,"steps":18446744073709551611,"normalized":18446744073709551608,"accounting":"full_successor_reads_writes_no_last_pair_v2","successors":[1,2,2,3]}
{"case":747,"call":0,"status":"budget","root":2,"steps":18446744073709551612,"normalized":18446744073709551609,"accounting":"full_successor_reads_writes_no_last_pair_v2","successors":[1,2,2,3]}
{"case":748,"call":0,"status":"budget","root":2,"steps":18446744073709551613,"normalized":18446744073709551609,"accounting":"full_successor_reads_writes_no_last_pair_v2","successors":[1,2,2,3]}
{"case":749,"call":0,"status":"ok","root":2,"steps":18446744073709551614,"normalized":18446744073709551609,"accounting":"full_successor_reads_writes_no_last_pair_v2","successors":[2,2,2,3]}
{"case":750,"call":0,"status":"ok","root":2,"steps":18446744073709551614,"normalized":18446744073709551609,"accounting":"full_successor_reads_writes_no_last_pair_v2","successors":[2,2,2,3]}
{"case":751,"call":0,"status":"budget","root":0,"steps":11,"normalized":4,"accounting":"full_successor_reads_writes_no_last_pair_v2","successors":[1,2,2,3]}
{"case":752,"call":0,"status":"budget","root":1,"steps":0,"normalized":0,"accounting":"full_successor_reads_writes_no_last_pair_v2","successors":[1,2,2,3]}
{"case":753,"call":0,"status":"budget","root":2,"steps":1,"normalized":0,"accounting":"full_successor_reads_writes_no_last_pair_v2","successors":[1,2,2,3]}
{"case":754,"call":0,"status":"ok","root":2,"steps":2,"normalized":1,"accounting":"full_successor_reads_writes_no_last_pair_v2","successors":[1,2,2,3]}
{"case":755,"call":0,"status":"ok","root":2,"steps":2,"normalized":1,"accounting":"full_successor_reads_writes_no_last_pair_v2","successors":[1,2,2,3]}
{"case":756,"call":0,"status":"budget","root":1,"steps":7,"normalized":3,"accounting":"full_successor_reads_writes_no_last_pair_v2","successors":[1,2,2,3]}
{"case":757,"call":0,"status":"budget","root":2,"steps":8,"normalized":3,"accounting":"full_successor_reads_writes_no_last_pair_v2","successors":[1,2,2,3]}
{"case":758,"call":0,"status":"ok","root":2,"steps":9,"normalized":4,"accounting":"full_successor_reads_writes_no_last_pair_v2","successors":[1,2,2,3]}
{"case":759,"call":0,"status":"ok","root":2,"steps":9,"normalized":4,"accounting":"full_successor_reads_writes_no_last_pair_v2","successors":[1,2,2,3]}
{"case":760,"call":0,"status":"budget","root":1,"steps":18446744073709551612,"normalized":18446744073709551611,"accounting":"full_successor_reads_writes_no_last_pair_v2","successors":[1,2,2,3]}
{"case":761,"call":0,"status":"budget","root":2,"steps":18446744073709551613,"normalized":18446744073709551611,"accounting":"full_successor_reads_writes_no_last_pair_v2","successors":[1,2,2,3]}
{"case":762,"call":0,"status":"ok","root":2,"steps":18446744073709551614,"normalized":18446744073709551612,"accounting":"full_successor_reads_writes_no_last_pair_v2","successors":[1,2,2,3]}
{"case":763,"call":0,"status":"ok","root":2,"steps":18446744073709551614,"normalized":18446744073709551612,"accounting":"full_successor_reads_writes_no_last_pair_v2","successors":[1,2,2,3]}
{"case":764,"call":0,"status":"budget","root":1,"steps":11,"normalized":4,"accounting":"full_successor_reads_writes_no_last_pair_v2","successors":[1,2,2,3]}
{"case":765,"call":0,"status":"budget","root":2,"steps":0,"normalized":0,"accounting":"full_successor_reads_writes_no_last_pair_v2","successors":[1,2,2,3]}
{"case":766,"call":0,"status":"ok","root":2,"steps":1,"normalized":0,"accounting":"full_successor_reads_writes_no_last_pair_v2","successors":[1,2,2,3]}
{"case":767,"call":0,"status":"ok","root":2,"steps":1,"normalized":0,"accounting":"full_successor_reads_writes_no_last_pair_v2","successors":[1,2,2,3]}
{"case":768,"call":0,"status":"budget","root":2,"steps":7,"normalized":3,"accounting":"full_successor_reads_writes_no_last_pair_v2","successors":[1,2,2,3]}
{"case":769,"call":0,"status":"ok","root":2,"steps":8,"normalized":3,"accounting":"full_successor_reads_writes_no_last_pair_v2","successors":[1,2,2,3]}
{"case":770,"call":0,"status":"ok","root":2,"steps":8,"normalized":3,"accounting":"full_successor_reads_writes_no_last_pair_v2","successors":[1,2,2,3]}
{"case":771,"call":0,"status":"budget","root":2,"steps":18446744073709551613,"normalized":18446744073709551612,"accounting":"full_successor_reads_writes_no_last_pair_v2","successors":[1,2,2,3]}
{"case":772,"call":0,"status":"ok","root":2,"steps":18446744073709551614,"normalized":18446744073709551612,"accounting":"full_successor_reads_writes_no_last_pair_v2","successors":[1,2,2,3]}
{"case":773,"call":0,"status":"ok","root":2,"steps":18446744073709551614,"normalized":18446744073709551612,"accounting":"full_successor_reads_writes_no_last_pair_v2","successors":[1,2,2,3]}
{"case":774,"call":0,"status":"budget","root":2,"steps":11,"normalized":4,"accounting":"full_successor_reads_writes_no_last_pair_v2","successors":[1,2,2,3]}
{"case":775,"call":0,"status":"budget","root":3,"steps":0,"normalized":0,"accounting":"full_successor_reads_writes_no_last_pair_v2","successors":[1,2,2,3]}
{"case":776,"call":0,"status":"ok","root":3,"steps":1,"normalized":0,"accounting":"full_successor_reads_writes_no_last_pair_v2","successors":[1,2,2,3]}
{"case":777,"call":0,"status":"ok","root":3,"steps":1,"normalized":0,"accounting":"full_successor_reads_writes_no_last_pair_v2","successors":[1,2,2,3]}
{"case":778,"call":0,"status":"budget","root":3,"steps":7,"normalized":3,"accounting":"full_successor_reads_writes_no_last_pair_v2","successors":[1,2,2,3]}
{"case":779,"call":0,"status":"ok","root":3,"steps":8,"normalized":3,"accounting":"full_successor_reads_writes_no_last_pair_v2","successors":[1,2,2,3]}
{"case":780,"call":0,"status":"ok","root":3,"steps":8,"normalized":3,"accounting":"full_successor_reads_writes_no_last_pair_v2","successors":[1,2,2,3]}
{"case":781,"call":0,"status":"budget","root":3,"steps":18446744073709551613,"normalized":18446744073709551612,"accounting":"full_successor_reads_writes_no_last_pair_v2","successors":[1,2,2,3]}
{"case":782,"call":0,"status":"ok","root":3,"steps":18446744073709551614,"normalized":18446744073709551612,"accounting":"full_successor_reads_writes_no_last_pair_v2","successors":[1,2,2,3]}
{"case":783,"call":0,"status":"ok","root":3,"steps":18446744073709551614,"normalized":18446744073709551612,"accounting":"full_successor_reads_writes_no_last_pair_v2","successors":[1,2,2,3]}
{"case":784,"call":0,"status":"budget","root":3,"steps":11,"normalized":4,"accounting":"full_successor_reads_writes_no_last_pair_v2","successors":[1,2,2,3]}
{"case":785,"call":0,"status":"unknown","root":23,"steps":0,"normalized":0,"accounting":"full_successor_reads_writes_no_last_pair_v2","successors":[1,2,2,3]}
{"case":786,"call":0,"status":"unknown","root":23,"steps":7,"normalized":3,"accounting":"full_successor_reads_writes_no_last_pair_v2","successors":[1,2,2,3]}
{"case":787,"call":0,"status":"unknown","root":23,"steps":18446744073709551615,"normalized":18446744073709551615,"accounting":"full_successor_reads_writes_no_last_pair_v2","successors":[1,2,2,3]}
{"case":788,"call":0,"status":"unknown","root":23,"steps":0,"normalized":0,"accounting":"full_successor_reads_writes_no_last_pair_v2","successors":[1,2,2,3]}
{"case":789,"call":0,"status":"unknown","root":23,"steps":7,"normalized":3,"accounting":"full_successor_reads_writes_no_last_pair_v2","successors":[1,2,2,3]}
{"case":790,"call":0,"status":"unknown","root":23,"steps":18446744073709551615,"normalized":18446744073709551615,"accounting":"full_successor_reads_writes_no_last_pair_v2","successors":[1,2,2,3]}
{"case":791,"call":0,"status":"budget","root":0,"steps":0,"normalized":0,"accounting":"full_successor_reads_writes_no_last_pair_v2","successors":[1,2,3,3]}
{"case":792,"call":0,"status":"budget","root":1,"steps":1,"normalized":0,"accounting":"full_successor_reads_writes_no_last_pair_v2","successors":[1,2,3,3]}
{"case":793,"call":0,"status":"budget","root":2,"steps":2,"normalized":0,"accounting":"full_successor_reads_writes_no_last_pair_v2","successors":[1,2,3,3]}
{"case":794,"call":0,"status":"budget","root":3,"steps":3,"normalized":0,"accounting":"full_successor_reads_writes_no_last_pair_v2","successors":[1,2,3,3]}
{"case":795,"call":0,"status":"budget","root":3,"steps":4,"normalized":1,"accounting":"full_successor_reads_writes_no_last_pair_v2","successors":[1,2,3,3]}
{"case":796,"call":0,"status":"budget","root":3,"steps":5,"normalized":1,"accounting":"full_successor_reads_writes_no_last_pair_v2","successors":[1,2,3,3]}
{"case":797,"call":0,"status":"budget","root":3,"steps":6,"normalized":1,"accounting":"full_successor_reads_writes_no_last_pair_v2","successors":[3,2,3,3]}
{"case":798,"call":0,"status":"budget","root":3,"steps":7,"normalized":1,"accounting":"full_successor_reads_writes_no_last_pair_v2","successors":[3,2,3,3]}
{"case":799,"call":0,"status":"ok","root":3,"steps":8,"normalized":1,"accounting":"full_successor_reads_writes_no_last_pair_v2","successors":[3,3,3,3]}
{"case":800,"call":0,"status":"ok","root":3,"steps":8,"normalized":1,"accounting":"full_successor_reads_writes_no_last_pair_v2","successors":[3,3,3,3]}
{"case":801,"call":0,"status":"budget","root":0,"steps":7,"normalized":3,"accounting":"full_successor_reads_writes_no_last_pair_v2","successors":[1,2,3,3]}
{"case":802,"call":0,"status":"budget","root":1,"steps":8,"normalized":3,"accounting":"full_successor_reads_writes_no_last_pair_v2","successors":[1,2,3,3]}
{"case":803,"call":0,"status":"budget","root":2,"steps":9,"normalized":3,"accounting":"full_successor_reads_writes_no_last_pair_v2","successors":[1,2,3,3]}
{"case":804,"call":0,"status":"budget","root":3,"steps":10,"normalized":3,"accounting":"full_successor_reads_writes_no_last_pair_v2","successors":[1,2,3,3]}
{"case":805,"call":0,"status":"budget","root":3,"steps":11,"normalized":4,"accounting":"full_successor_reads_writes_no_last_pair_v2","successors":[1,2,3,3]}
{"case":806,"call":0,"status":"budget","root":3,"steps":12,"normalized":4,"accounting":"full_successor_reads_writes_no_last_pair_v2","successors":[1,2,3,3]}
{"case":807,"call":0,"status":"budget","root":3,"steps":13,"normalized":4,"accounting":"full_successor_reads_writes_no_last_pair_v2","successors":[3,2,3,3]}
{"case":808,"call":0,"status":"budget","root":3,"steps":14,"normalized":4,"accounting":"full_successor_reads_writes_no_last_pair_v2","successors":[3,2,3,3]}
{"case":809,"call":0,"status":"ok","root":3,"steps":15,"normalized":4,"accounting":"full_successor_reads_writes_no_last_pair_v2","successors":[3,3,3,3]}
{"case":810,"call":0,"status":"ok","root":3,"steps":15,"normalized":4,"accounting":"full_successor_reads_writes_no_last_pair_v2","successors":[3,3,3,3]}
{"case":811,"call":0,"status":"budget","root":0,"steps":18446744073709551606,"normalized":18446744073709551605,"accounting":"full_successor_reads_writes_no_last_pair_v2","successors":[1,2,3,3]}
{"case":812,"call":0,"status":"budget","root":1,"steps":18446744073709551607,"normalized":18446744073709551605,"accounting":"full_successor_reads_writes_no_last_pair_v2","successors":[1,2,3,3]}
{"case":813,"call":0,"status":"budget","root":2,"steps":18446744073709551608,"normalized":18446744073709551605,"accounting":"full_successor_reads_writes_no_last_pair_v2","successors":[1,2,3,3]}
{"case":814,"call":0,"status":"budget","root":3,"steps":18446744073709551609,"normalized":18446744073709551605,"accounting":"full_successor_reads_writes_no_last_pair_v2","successors":[1,2,3,3]}
{"case":815,"call":0,"status":"budget","root":3,"steps":18446744073709551610,"normalized":18446744073709551606,"accounting":"full_successor_reads_writes_no_last_pair_v2","successors":[1,2,3,3]}
{"case":816,"call":0,"status":"budget","root":3,"steps":18446744073709551611,"normalized":18446744073709551606,"accounting":"full_successor_reads_writes_no_last_pair_v2","successors":[1,2,3,3]}
{"case":817,"call":0,"status":"budget","root":3,"steps":18446744073709551612,"normalized":18446744073709551606,"accounting":"full_successor_reads_writes_no_last_pair_v2","successors":[3,2,3,3]}
{"case":818,"call":0,"status":"budget","root":3,"steps":18446744073709551613,"normalized":18446744073709551606,"accounting":"full_successor_reads_writes_no_last_pair_v2","successors":[3,2,3,3]}
{"case":819,"call":0,"status":"ok","root":3,"steps":18446744073709551614,"normalized":18446744073709551606,"accounting":"full_successor_reads_writes_no_last_pair_v2","successors":[3,3,3,3]}
{"case":820,"call":0,"status":"ok","root":3,"steps":18446744073709551614,"normalized":18446744073709551606,"accounting":"full_successor_reads_writes_no_last_pair_v2","successors":[3,3,3,3]}
{"case":821,"call":0,"status":"budget","root":0,"steps":11,"normalized":4,"accounting":"full_successor_reads_writes_no_last_pair_v2","successors":[1,2,3,3]}
{"case":822,"call":0,"status":"budget","root":1,"steps":0,"normalized":0,"accounting":"full_successor_reads_writes_no_last_pair_v2","successors":[1,2,3,3]}
{"case":823,"call":0,"status":"budget","root":2,"steps":1,"normalized":0,"accounting":"full_successor_reads_writes_no_last_pair_v2","successors":[1,2,3,3]}
{"case":824,"call":0,"status":"budget","root":3,"steps":2,"normalized":0,"accounting":"full_successor_reads_writes_no_last_pair_v2","successors":[1,2,3,3]}
{"case":825,"call":0,"status":"budget","root":3,"steps":3,"normalized":1,"accounting":"full_successor_reads_writes_no_last_pair_v2","successors":[1,2,3,3]}
{"case":826,"call":0,"status":"budget","root":3,"steps":4,"normalized":1,"accounting":"full_successor_reads_writes_no_last_pair_v2","successors":[1,2,3,3]}
{"case":827,"call":0,"status":"ok","root":3,"steps":5,"normalized":1,"accounting":"full_successor_reads_writes_no_last_pair_v2","successors":[1,3,3,3]}
{"case":828,"call":0,"status":"ok","root":3,"steps":5,"normalized":1,"accounting":"full_successor_reads_writes_no_last_pair_v2","successors":[1,3,3,3]}
{"case":829,"call":0,"status":"budget","root":1,"steps":7,"normalized":3,"accounting":"full_successor_reads_writes_no_last_pair_v2","successors":[1,2,3,3]}
{"case":830,"call":0,"status":"budget","root":2,"steps":8,"normalized":3,"accounting":"full_successor_reads_writes_no_last_pair_v2","successors":[1,2,3,3]}
{"case":831,"call":0,"status":"budget","root":3,"steps":9,"normalized":3,"accounting":"full_successor_reads_writes_no_last_pair_v2","successors":[1,2,3,3]}
{"case":832,"call":0,"status":"budget","root":3,"steps":10,"normalized":4,"accounting":"full_successor_reads_writes_no_last_pair_v2","successors":[1,2,3,3]}
{"case":833,"call":0,"status":"budget","root":3,"steps":11,"normalized":4,"accounting":"full_successor_reads_writes_no_last_pair_v2","successors":[1,2,3,3]}
{"case":834,"call":0,"status":"ok","root":3,"steps":12,"normalized":4,"accounting":"full_successor_reads_writes_no_last_pair_v2","successors":[1,3,3,3]}
{"case":835,"call":0,"status":"ok","root":3,"steps":12,"normalized":4,"accounting":"full_successor_reads_writes_no_last_pair_v2","successors":[1,3,3,3]}
{"case":836,"call":0,"status":"budget","root":1,"steps":18446744073709551609,"normalized":18446744073709551608,"accounting":"full_successor_reads_writes_no_last_pair_v2","successors":[1,2,3,3]}
{"case":837,"call":0,"status":"budget","root":2,"steps":18446744073709551610,"normalized":18446744073709551608,"accounting":"full_successor_reads_writes_no_last_pair_v2","successors":[1,2,3,3]}
{"case":838,"call":0,"status":"budget","root":3,"steps":18446744073709551611,"normalized":18446744073709551608,"accounting":"full_successor_reads_writes_no_last_pair_v2","successors":[1,2,3,3]}
{"case":839,"call":0,"status":"budget","root":3,"steps":18446744073709551612,"normalized":18446744073709551609,"accounting":"full_successor_reads_writes_no_last_pair_v2","successors":[1,2,3,3]}
{"case":840,"call":0,"status":"budget","root":3,"steps":18446744073709551613,"normalized":18446744073709551609,"accounting":"full_successor_reads_writes_no_last_pair_v2","successors":[1,2,3,3]}
{"case":841,"call":0,"status":"ok","root":3,"steps":18446744073709551614,"normalized":18446744073709551609,"accounting":"full_successor_reads_writes_no_last_pair_v2","successors":[1,3,3,3]}
{"case":842,"call":0,"status":"ok","root":3,"steps":18446744073709551614,"normalized":18446744073709551609,"accounting":"full_successor_reads_writes_no_last_pair_v2","successors":[1,3,3,3]}
{"case":843,"call":0,"status":"budget","root":1,"steps":11,"normalized":4,"accounting":"full_successor_reads_writes_no_last_pair_v2","successors":[1,2,3,3]}
{"case":844,"call":0,"status":"budget","root":2,"steps":0,"normalized":0,"accounting":"full_successor_reads_writes_no_last_pair_v2","successors":[1,2,3,3]}
{"case":845,"call":0,"status":"budget","root":3,"steps":1,"normalized":0,"accounting":"full_successor_reads_writes_no_last_pair_v2","successors":[1,2,3,3]}
{"case":846,"call":0,"status":"ok","root":3,"steps":2,"normalized":1,"accounting":"full_successor_reads_writes_no_last_pair_v2","successors":[1,2,3,3]}
{"case":847,"call":0,"status":"ok","root":3,"steps":2,"normalized":1,"accounting":"full_successor_reads_writes_no_last_pair_v2","successors":[1,2,3,3]}
{"case":848,"call":0,"status":"budget","root":2,"steps":7,"normalized":3,"accounting":"full_successor_reads_writes_no_last_pair_v2","successors":[1,2,3,3]}
{"case":849,"call":0,"status":"budget","root":3,"steps":8,"normalized":3,"accounting":"full_successor_reads_writes_no_last_pair_v2","successors":[1,2,3,3]}
{"case":850,"call":0,"status":"ok","root":3,"steps":9,"normalized":4,"accounting":"full_successor_reads_writes_no_last_pair_v2","successors":[1,2,3,3]}
{"case":851,"call":0,"status":"ok","root":3,"steps":9,"normalized":4,"accounting":"full_successor_reads_writes_no_last_pair_v2","successors":[1,2,3,3]}
{"case":852,"call":0,"status":"budget","root":2,"steps":18446744073709551612,"normalized":18446744073709551611,"accounting":"full_successor_reads_writes_no_last_pair_v2","successors":[1,2,3,3]}
{"case":853,"call":0,"status":"budget","root":3,"steps":18446744073709551613,"normalized":18446744073709551611,"accounting":"full_successor_reads_writes_no_last_pair_v2","successors":[1,2,3,3]}
{"case":854,"call":0,"status":"ok","root":3,"steps":18446744073709551614,"normalized":18446744073709551612,"accounting":"full_successor_reads_writes_no_last_pair_v2","successors":[1,2,3,3]}
{"case":855,"call":0,"status":"ok","root":3,"steps":18446744073709551614,"normalized":18446744073709551612,"accounting":"full_successor_reads_writes_no_last_pair_v2","successors":[1,2,3,3]}
{"case":856,"call":0,"status":"budget","root":2,"steps":11,"normalized":4,"accounting":"full_successor_reads_writes_no_last_pair_v2","successors":[1,2,3,3]}
{"case":857,"call":0,"status":"budget","root":3,"steps":0,"normalized":0,"accounting":"full_successor_reads_writes_no_last_pair_v2","successors":[1,2,3,3]}
{"case":858,"call":0,"status":"ok","root":3,"steps":1,"normalized":0,"accounting":"full_successor_reads_writes_no_last_pair_v2","successors":[1,2,3,3]}
{"case":859,"call":0,"status":"ok","root":3,"steps":1,"normalized":0,"accounting":"full_successor_reads_writes_no_last_pair_v2","successors":[1,2,3,3]}
{"case":860,"call":0,"status":"budget","root":3,"steps":7,"normalized":3,"accounting":"full_successor_reads_writes_no_last_pair_v2","successors":[1,2,3,3]}
{"case":861,"call":0,"status":"ok","root":3,"steps":8,"normalized":3,"accounting":"full_successor_reads_writes_no_last_pair_v2","successors":[1,2,3,3]}
{"case":862,"call":0,"status":"ok","root":3,"steps":8,"normalized":3,"accounting":"full_successor_reads_writes_no_last_pair_v2","successors":[1,2,3,3]}
{"case":863,"call":0,"status":"budget","root":3,"steps":18446744073709551613,"normalized":18446744073709551612,"accounting":"full_successor_reads_writes_no_last_pair_v2","successors":[1,2,3,3]}
{"case":864,"call":0,"status":"ok","root":3,"steps":18446744073709551614,"normalized":18446744073709551612,"accounting":"full_successor_reads_writes_no_last_pair_v2","successors":[1,2,3,3]}
{"case":865,"call":0,"status":"ok","root":3,"steps":18446744073709551614,"normalized":18446744073709551612,"accounting":"full_successor_reads_writes_no_last_pair_v2","successors":[1,2,3,3]}
{"case":866,"call":0,"status":"budget","root":3,"steps":11,"normalized":4,"accounting":"full_successor_reads_writes_no_last_pair_v2","successors":[1,2,3,3]}
{"case":867,"call":0,"status":"unknown","root":23,"steps":0,"normalized":0,"accounting":"full_successor_reads_writes_no_last_pair_v2","successors":[1,2,3,3]}
{"case":868,"call":0,"status":"unknown","root":23,"steps":7,"normalized":3,"accounting":"full_successor_reads_writes_no_last_pair_v2","successors":[1,2,3,3]}
{"case":869,"call":0,"status":"unknown","root":23,"steps":18446744073709551615,"normalized":18446744073709551615,"accounting":"full_successor_reads_writes_no_last_pair_v2","successors":[1,2,3,3]}
{"case":870,"call":0,"status":"unknown","root":23,"steps":0,"normalized":0,"accounting":"full_successor_reads_writes_no_last_pair_v2","successors":[1,2,3,3]}
{"case":871,"call":0,"status":"unknown","root":23,"steps":7,"normalized":3,"accounting":"full_successor_reads_writes_no_last_pair_v2","successors":[1,2,3,3]}
{"case":872,"call":0,"status":"unknown","root":23,"steps":18446744073709551615,"normalized":18446744073709551615,"accounting":"full_successor_reads_writes_no_last_pair_v2","successors":[1,2,3,3]}
{"case":873,"call":0,"status":"budget","root":0,"steps":0,"normalized":0,"accounting":"full_successor_reads_writes_no_last_pair_v2","successors":[1,3,2,3]}
{"case":874,"call":0,"status":"budget","root":1,"steps":1,"normalized":0,"accounting":"full_successor_reads_writes_no_last_pair_v2","successors":[1,3,2,3]}
{"case":875,"call":0,"status":"budget","root":3,"steps":2,"normalized":0,"accounting":"full_successor_reads_writes_no_last_pair_v2","successors":[1,3,2,3]}
{"case":876,"call":0,"status":"budget","root":3,"steps":3,"normalized":1,"accounting":"full_successor_reads_writes_no_last_pair_v2","successors":[1,3,2,3]}
{"case":877,"call":0,"status":"budget","root":3,"steps":4,"normalized":1,"accounting":"full_successor_reads_writes_no_last_pair_v2","successors":[1,3,2,3]}
{"case":878,"call":0,"status":"ok","root":3,"steps":5,"normalized":1,"accounting":"full_successor_reads_writes_no_last_pair_v2","successors":[3,3,2,3]}
{"case":879,"call":0,"status":"ok","root":3,"steps":5,"normalized":1,"accounting":"full_successor_reads_writes_no_last_pair_v2","successors":[3,3,2,3]}
{"case":880,"call":0,"status":"budget","root":0,"steps":7,"normalized":3,"accounting":"full_successor_reads_writes_no_last_pair_v2","successors":[1,3,2,3]}
{"case":881,"call":0,"status":"budget","root":1,"steps":8,"normalized":3,"accounting":"full_successor_reads_writes_no_last_pair_v2","successors":[1,3,2,3]}
{"case":882,"call":0,"status":"budget","root":3,"steps":9,"normalized":3,"accounting":"full_successor_reads_writes_no_last_pair_v2","successors":[1,3,2,3]}
{"case":883,"call":0,"status":"budget","root":3,"steps":10,"normalized":4,"accounting":"full_successor_reads_writes_no_last_pair_v2","successors":[1,3,2,3]}
{"case":884,"call":0,"status":"budget","root":3,"steps":11,"normalized":4,"accounting":"full_successor_reads_writes_no_last_pair_v2","successors":[1,3,2,3]}
{"case":885,"call":0,"status":"ok","root":3,"steps":12,"normalized":4,"accounting":"full_successor_reads_writes_no_last_pair_v2","successors":[3,3,2,3]}
{"case":886,"call":0,"status":"ok","root":3,"steps":12,"normalized":4,"accounting":"full_successor_reads_writes_no_last_pair_v2","successors":[3,3,2,3]}
{"case":887,"call":0,"status":"budget","root":0,"steps":18446744073709551609,"normalized":18446744073709551608,"accounting":"full_successor_reads_writes_no_last_pair_v2","successors":[1,3,2,3]}
{"case":888,"call":0,"status":"budget","root":1,"steps":18446744073709551610,"normalized":18446744073709551608,"accounting":"full_successor_reads_writes_no_last_pair_v2","successors":[1,3,2,3]}
{"case":889,"call":0,"status":"budget","root":3,"steps":18446744073709551611,"normalized":18446744073709551608,"accounting":"full_successor_reads_writes_no_last_pair_v2","successors":[1,3,2,3]}
{"case":890,"call":0,"status":"budget","root":3,"steps":18446744073709551612,"normalized":18446744073709551609,"accounting":"full_successor_reads_writes_no_last_pair_v2","successors":[1,3,2,3]}
{"case":891,"call":0,"status":"budget","root":3,"steps":18446744073709551613,"normalized":18446744073709551609,"accounting":"full_successor_reads_writes_no_last_pair_v2","successors":[1,3,2,3]}
{"case":892,"call":0,"status":"ok","root":3,"steps":18446744073709551614,"normalized":18446744073709551609,"accounting":"full_successor_reads_writes_no_last_pair_v2","successors":[3,3,2,3]}
{"case":893,"call":0,"status":"ok","root":3,"steps":18446744073709551614,"normalized":18446744073709551609,"accounting":"full_successor_reads_writes_no_last_pair_v2","successors":[3,3,2,3]}
{"case":894,"call":0,"status":"budget","root":0,"steps":11,"normalized":4,"accounting":"full_successor_reads_writes_no_last_pair_v2","successors":[1,3,2,3]}
{"case":895,"call":0,"status":"budget","root":1,"steps":0,"normalized":0,"accounting":"full_successor_reads_writes_no_last_pair_v2","successors":[1,3,2,3]}
{"case":896,"call":0,"status":"budget","root":3,"steps":1,"normalized":0,"accounting":"full_successor_reads_writes_no_last_pair_v2","successors":[1,3,2,3]}
{"case":897,"call":0,"status":"ok","root":3,"steps":2,"normalized":1,"accounting":"full_successor_reads_writes_no_last_pair_v2","successors":[1,3,2,3]}
{"case":898,"call":0,"status":"ok","root":3,"steps":2,"normalized":1,"accounting":"full_successor_reads_writes_no_last_pair_v2","successors":[1,3,2,3]}
{"case":899,"call":0,"status":"budget","root":1,"steps":7,"normalized":3,"accounting":"full_successor_reads_writes_no_last_pair_v2","successors":[1,3,2,3]}
{"case":900,"call":0,"status":"budget","root":3,"steps":8,"normalized":3,"accounting":"full_successor_reads_writes_no_last_pair_v2","successors":[1,3,2,3]}
{"case":901,"call":0,"status":"ok","root":3,"steps":9,"normalized":4,"accounting":"full_successor_reads_writes_no_last_pair_v2","successors":[1,3,2,3]}
{"case":902,"call":0,"status":"ok","root":3,"steps":9,"normalized":4,"accounting":"full_successor_reads_writes_no_last_pair_v2","successors":[1,3,2,3]}
{"case":903,"call":0,"status":"budget","root":1,"steps":18446744073709551612,"normalized":18446744073709551611,"accounting":"full_successor_reads_writes_no_last_pair_v2","successors":[1,3,2,3]}
{"case":904,"call":0,"status":"budget","root":3,"steps":18446744073709551613,"normalized":18446744073709551611,"accounting":"full_successor_reads_writes_no_last_pair_v2","successors":[1,3,2,3]}
{"case":905,"call":0,"status":"ok","root":3,"steps":18446744073709551614,"normalized":18446744073709551612,"accounting":"full_successor_reads_writes_no_last_pair_v2","successors":[1,3,2,3]}
{"case":906,"call":0,"status":"ok","root":3,"steps":18446744073709551614,"normalized":18446744073709551612,"accounting":"full_successor_reads_writes_no_last_pair_v2","successors":[1,3,2,3]}
{"case":907,"call":0,"status":"budget","root":1,"steps":11,"normalized":4,"accounting":"full_successor_reads_writes_no_last_pair_v2","successors":[1,3,2,3]}
{"case":908,"call":0,"status":"budget","root":2,"steps":0,"normalized":0,"accounting":"full_successor_reads_writes_no_last_pair_v2","successors":[1,3,2,3]}
{"case":909,"call":0,"status":"ok","root":2,"steps":1,"normalized":0,"accounting":"full_successor_reads_writes_no_last_pair_v2","successors":[1,3,2,3]}
{"case":910,"call":0,"status":"ok","root":2,"steps":1,"normalized":0,"accounting":"full_successor_reads_writes_no_last_pair_v2","successors":[1,3,2,3]}
{"case":911,"call":0,"status":"budget","root":2,"steps":7,"normalized":3,"accounting":"full_successor_reads_writes_no_last_pair_v2","successors":[1,3,2,3]}
{"case":912,"call":0,"status":"ok","root":2,"steps":8,"normalized":3,"accounting":"full_successor_reads_writes_no_last_pair_v2","successors":[1,3,2,3]}
{"case":913,"call":0,"status":"ok","root":2,"steps":8,"normalized":3,"accounting":"full_successor_reads_writes_no_last_pair_v2","successors":[1,3,2,3]}
{"case":914,"call":0,"status":"budget","root":2,"steps":18446744073709551613,"normalized":18446744073709551612,"accounting":"full_successor_reads_writes_no_last_pair_v2","successors":[1,3,2,3]}
{"case":915,"call":0,"status":"ok","root":2,"steps":18446744073709551614,"normalized":18446744073709551612,"accounting":"full_successor_reads_writes_no_last_pair_v2","successors":[1,3,2,3]}
{"case":916,"call":0,"status":"ok","root":2,"steps":18446744073709551614,"normalized":18446744073709551612,"accounting":"full_successor_reads_writes_no_last_pair_v2","successors":[1,3,2,3]}
{"case":917,"call":0,"status":"budget","root":2,"steps":11,"normalized":4,"accounting":"full_successor_reads_writes_no_last_pair_v2","successors":[1,3,2,3]}
{"case":918,"call":0,"status":"budget","root":3,"steps":0,"normalized":0,"accounting":"full_successor_reads_writes_no_last_pair_v2","successors":[1,3,2,3]}
{"case":919,"call":0,"status":"ok","root":3,"steps":1,"normalized":0,"accounting":"full_successor_reads_writes_no_last_pair_v2","successors":[1,3,2,3]}
{"case":920,"call":0,"status":"ok","root":3,"steps":1,"normalized":0,"accounting":"full_successor_reads_writes_no_last_pair_v2","successors":[1,3,2,3]}
{"case":921,"call":0,"status":"budget","root":3,"steps":7,"normalized":3,"accounting":"full_successor_reads_writes_no_last_pair_v2","successors":[1,3,2,3]}
{"case":922,"call":0,"status":"ok","root":3,"steps":8,"normalized":3,"accounting":"full_successor_reads_writes_no_last_pair_v2","successors":[1,3,2,3]}
{"case":923,"call":0,"status":"ok","root":3,"steps":8,"normalized":3,"accounting":"full_successor_reads_writes_no_last_pair_v2","successors":[1,3,2,3]}
{"case":924,"call":0,"status":"budget","root":3,"steps":18446744073709551613,"normalized":18446744073709551612,"accounting":"full_successor_reads_writes_no_last_pair_v2","successors":[1,3,2,3]}
{"case":925,"call":0,"status":"ok","root":3,"steps":18446744073709551614,"normalized":18446744073709551612,"accounting":"full_successor_reads_writes_no_last_pair_v2","successors":[1,3,2,3]}
{"case":926,"call":0,"status":"ok","root":3,"steps":18446744073709551614,"normalized":18446744073709551612,"accounting":"full_successor_reads_writes_no_last_pair_v2","successors":[1,3,2,3]}
{"case":927,"call":0,"status":"budget","root":3,"steps":11,"normalized":4,"accounting":"full_successor_reads_writes_no_last_pair_v2","successors":[1,3,2,3]}
{"case":928,"call":0,"status":"unknown","root":23,"steps":0,"normalized":0,"accounting":"full_successor_reads_writes_no_last_pair_v2","successors":[1,3,2,3]}
{"case":929,"call":0,"status":"unknown","root":23,"steps":7,"normalized":3,"accounting":"full_successor_reads_writes_no_last_pair_v2","successors":[1,3,2,3]}
{"case":930,"call":0,"status":"unknown","root":23,"steps":18446744073709551615,"normalized":18446744073709551615,"accounting":"full_successor_reads_writes_no_last_pair_v2","successors":[1,3,2,3]}
{"case":931,"call":0,"status":"unknown","root":23,"steps":0,"normalized":0,"accounting":"full_successor_reads_writes_no_last_pair_v2","successors":[1,3,2,3]}
{"case":932,"call":0,"status":"unknown","root":23,"steps":7,"normalized":3,"accounting":"full_successor_reads_writes_no_last_pair_v2","successors":[1,3,2,3]}
{"case":933,"call":0,"status":"unknown","root":23,"steps":18446744073709551615,"normalized":18446744073709551615,"accounting":"full_successor_reads_writes_no_last_pair_v2","successors":[1,3,2,3]}
{"case":934,"call":0,"status":"budget","root":0,"steps":0,"normalized":0,"accounting":"full_successor_reads_writes_no_last_pair_v2","successors":[1,3,3,3]}
{"case":935,"call":0,"status":"budget","root":1,"steps":1,"normalized":0,"accounting":"full_successor_reads_writes_no_last_pair_v2","successors":[1,3,3,3]}
{"case":936,"call":0,"status":"budget","root":3,"steps":2,"normalized":0,"accounting":"full_successor_reads_writes_no_last_pair_v2","successors":[1,3,3,3]}
{"case":937,"call":0,"status":"budget","root":3,"steps":3,"normalized":1,"accounting":"full_successor_reads_writes_no_last_pair_v2","successors":[1,3,3,3]}
{"case":938,"call":0,"status":"budget","root":3,"steps":4,"normalized":1,"accounting":"full_successor_reads_writes_no_last_pair_v2","successors":[1,3,3,3]}
{"case":939,"call":0,"status":"ok","root":3,"steps":5,"normalized":1,"accounting":"full_successor_reads_writes_no_last_pair_v2","successors":[3,3,3,3]}
{"case":940,"call":0,"status":"ok","root":3,"steps":5,"normalized":1,"accounting":"full_successor_reads_writes_no_last_pair_v2","successors":[3,3,3,3]}
{"case":941,"call":0,"status":"budget","root":0,"steps":7,"normalized":3,"accounting":"full_successor_reads_writes_no_last_pair_v2","successors":[1,3,3,3]}
{"case":942,"call":0,"status":"budget","root":1,"steps":8,"normalized":3,"accounting":"full_successor_reads_writes_no_last_pair_v2","successors":[1,3,3,3]}
{"case":943,"call":0,"status":"budget","root":3,"steps":9,"normalized":3,"accounting":"full_successor_reads_writes_no_last_pair_v2","successors":[1,3,3,3]}
{"case":944,"call":0,"status":"budget","root":3,"steps":10,"normalized":4,"accounting":"full_successor_reads_writes_no_last_pair_v2","successors":[1,3,3,3]}
{"case":945,"call":0,"status":"budget","root":3,"steps":11,"normalized":4,"accounting":"full_successor_reads_writes_no_last_pair_v2","successors":[1,3,3,3]}
{"case":946,"call":0,"status":"ok","root":3,"steps":12,"normalized":4,"accounting":"full_successor_reads_writes_no_last_pair_v2","successors":[3,3,3,3]}
{"case":947,"call":0,"status":"ok","root":3,"steps":12,"normalized":4,"accounting":"full_successor_reads_writes_no_last_pair_v2","successors":[3,3,3,3]}
{"case":948,"call":0,"status":"budget","root":0,"steps":18446744073709551609,"normalized":18446744073709551608,"accounting":"full_successor_reads_writes_no_last_pair_v2","successors":[1,3,3,3]}
{"case":949,"call":0,"status":"budget","root":1,"steps":18446744073709551610,"normalized":18446744073709551608,"accounting":"full_successor_reads_writes_no_last_pair_v2","successors":[1,3,3,3]}
{"case":950,"call":0,"status":"budget","root":3,"steps":18446744073709551611,"normalized":18446744073709551608,"accounting":"full_successor_reads_writes_no_last_pair_v2","successors":[1,3,3,3]}
{"case":951,"call":0,"status":"budget","root":3,"steps":18446744073709551612,"normalized":18446744073709551609,"accounting":"full_successor_reads_writes_no_last_pair_v2","successors":[1,3,3,3]}
{"case":952,"call":0,"status":"budget","root":3,"steps":18446744073709551613,"normalized":18446744073709551609,"accounting":"full_successor_reads_writes_no_last_pair_v2","successors":[1,3,3,3]}
{"case":953,"call":0,"status":"ok","root":3,"steps":18446744073709551614,"normalized":18446744073709551609,"accounting":"full_successor_reads_writes_no_last_pair_v2","successors":[3,3,3,3]}
{"case":954,"call":0,"status":"ok","root":3,"steps":18446744073709551614,"normalized":18446744073709551609,"accounting":"full_successor_reads_writes_no_last_pair_v2","successors":[3,3,3,3]}
{"case":955,"call":0,"status":"budget","root":0,"steps":11,"normalized":4,"accounting":"full_successor_reads_writes_no_last_pair_v2","successors":[1,3,3,3]}
{"case":956,"call":0,"status":"budget","root":1,"steps":0,"normalized":0,"accounting":"full_successor_reads_writes_no_last_pair_v2","successors":[1,3,3,3]}
{"case":957,"call":0,"status":"budget","root":3,"steps":1,"normalized":0,"accounting":"full_successor_reads_writes_no_last_pair_v2","successors":[1,3,3,3]}
{"case":958,"call":0,"status":"ok","root":3,"steps":2,"normalized":1,"accounting":"full_successor_reads_writes_no_last_pair_v2","successors":[1,3,3,3]}
{"case":959,"call":0,"status":"ok","root":3,"steps":2,"normalized":1,"accounting":"full_successor_reads_writes_no_last_pair_v2","successors":[1,3,3,3]}
{"case":960,"call":0,"status":"budget","root":1,"steps":7,"normalized":3,"accounting":"full_successor_reads_writes_no_last_pair_v2","successors":[1,3,3,3]}
{"case":961,"call":0,"status":"budget","root":3,"steps":8,"normalized":3,"accounting":"full_successor_reads_writes_no_last_pair_v2","successors":[1,3,3,3]}
{"case":962,"call":0,"status":"ok","root":3,"steps":9,"normalized":4,"accounting":"full_successor_reads_writes_no_last_pair_v2","successors":[1,3,3,3]}
{"case":963,"call":0,"status":"ok","root":3,"steps":9,"normalized":4,"accounting":"full_successor_reads_writes_no_last_pair_v2","successors":[1,3,3,3]}
{"case":964,"call":0,"status":"budget","root":1,"steps":18446744073709551612,"normalized":18446744073709551611,"accounting":"full_successor_reads_writes_no_last_pair_v2","successors":[1,3,3,3]}
{"case":965,"call":0,"status":"budget","root":3,"steps":18446744073709551613,"normalized":18446744073709551611,"accounting":"full_successor_reads_writes_no_last_pair_v2","successors":[1,3,3,3]}
{"case":966,"call":0,"status":"ok","root":3,"steps":18446744073709551614,"normalized":18446744073709551612,"accounting":"full_successor_reads_writes_no_last_pair_v2","successors":[1,3,3,3]}
{"case":967,"call":0,"status":"ok","root":3,"steps":18446744073709551614,"normalized":18446744073709551612,"accounting":"full_successor_reads_writes_no_last_pair_v2","successors":[1,3,3,3]}
{"case":968,"call":0,"status":"budget","root":1,"steps":11,"normalized":4,"accounting":"full_successor_reads_writes_no_last_pair_v2","successors":[1,3,3,3]}
{"case":969,"call":0,"status":"budget","root":2,"steps":0,"normalized":0,"accounting":"full_successor_reads_writes_no_last_pair_v2","successors":[1,3,3,3]}
{"case":970,"call":0,"status":"budget","root":3,"steps":1,"normalized":0,"accounting":"full_successor_reads_writes_no_last_pair_v2","successors":[1,3,3,3]}
{"case":971,"call":0,"status":"ok","root":3,"steps":2,"normalized":1,"accounting":"full_successor_reads_writes_no_last_pair_v2","successors":[1,3,3,3]}
{"case":972,"call":0,"status":"ok","root":3,"steps":2,"normalized":1,"accounting":"full_successor_reads_writes_no_last_pair_v2","successors":[1,3,3,3]}
{"case":973,"call":0,"status":"budget","root":2,"steps":7,"normalized":3,"accounting":"full_successor_reads_writes_no_last_pair_v2","successors":[1,3,3,3]}
{"case":974,"call":0,"status":"budget","root":3,"steps":8,"normalized":3,"accounting":"full_successor_reads_writes_no_last_pair_v2","successors":[1,3,3,3]}
{"case":975,"call":0,"status":"ok","root":3,"steps":9,"normalized":4,"accounting":"full_successor_reads_writes_no_last_pair_v2","successors":[1,3,3,3]}
{"case":976,"call":0,"status":"ok","root":3,"steps":9,"normalized":4,"accounting":"full_successor_reads_writes_no_last_pair_v2","successors":[1,3,3,3]}
{"case":977,"call":0,"status":"budget","root":2,"steps":18446744073709551612,"normalized":18446744073709551611,"accounting":"full_successor_reads_writes_no_last_pair_v2","successors":[1,3,3,3]}
{"case":978,"call":0,"status":"budget","root":3,"steps":18446744073709551613,"normalized":18446744073709551611,"accounting":"full_successor_reads_writes_no_last_pair_v2","successors":[1,3,3,3]}
{"case":979,"call":0,"status":"ok","root":3,"steps":18446744073709551614,"normalized":18446744073709551612,"accounting":"full_successor_reads_writes_no_last_pair_v2","successors":[1,3,3,3]}
{"case":980,"call":0,"status":"ok","root":3,"steps":18446744073709551614,"normalized":18446744073709551612,"accounting":"full_successor_reads_writes_no_last_pair_v2","successors":[1,3,3,3]}
{"case":981,"call":0,"status":"budget","root":2,"steps":11,"normalized":4,"accounting":"full_successor_reads_writes_no_last_pair_v2","successors":[1,3,3,3]}
{"case":982,"call":0,"status":"budget","root":3,"steps":0,"normalized":0,"accounting":"full_successor_reads_writes_no_last_pair_v2","successors":[1,3,3,3]}
{"case":983,"call":0,"status":"ok","root":3,"steps":1,"normalized":0,"accounting":"full_successor_reads_writes_no_last_pair_v2","successors":[1,3,3,3]}
{"case":984,"call":0,"status":"ok","root":3,"steps":1,"normalized":0,"accounting":"full_successor_reads_writes_no_last_pair_v2","successors":[1,3,3,3]}
{"case":985,"call":0,"status":"budget","root":3,"steps":7,"normalized":3,"accounting":"full_successor_reads_writes_no_last_pair_v2","successors":[1,3,3,3]}
{"case":986,"call":0,"status":"ok","root":3,"steps":8,"normalized":3,"accounting":"full_successor_reads_writes_no_last_pair_v2","successors":[1,3,3,3]}
{"case":987,"call":0,"status":"ok","root":3,"steps":8,"normalized":3,"accounting":"full_successor_reads_writes_no_last_pair_v2","successors":[1,3,3,3]}
{"case":988,"call":0,"status":"budget","root":3,"steps":18446744073709551613,"normalized":18446744073709551612,"accounting":"full_successor_reads_writes_no_last_pair_v2","successors":[1,3,3,3]}
{"case":989,"call":0,"status":"ok","root":3,"steps":18446744073709551614,"normalized":18446744073709551612,"accounting":"full_successor_reads_writes_no_last_pair_v2","successors":[1,3,3,3]}
{"case":990,"call":0,"status":"ok","root":3,"steps":18446744073709551614,"normalized":18446744073709551612,"accounting":"full_successor_reads_writes_no_last_pair_v2","successors":[1,3,3,3]}
{"case":991,"call":0,"status":"budget","root":3,"steps":11,"normalized":4,"accounting":"full_successor_reads_writes_no_last_pair_v2","successors":[1,3,3,3]}
{"case":992,"call":0,"status":"unknown","root":23,"steps":0,"normalized":0,"accounting":"full_successor_reads_writes_no_last_pair_v2","successors":[1,3,3,3]}
{"case":993,"call":0,"status":"unknown","root":23,"steps":7,"normalized":3,"accounting":"full_successor_reads_writes_no_last_pair_v2","successors":[1,3,3,3]}
{"case":994,"call":0,"status":"unknown","root":23,"steps":18446744073709551615,"normalized":18446744073709551615,"accounting":"full_successor_reads_writes_no_last_pair_v2","successors":[1,3,3,3]}
{"case":995,"call":0,"status":"unknown","root":23,"steps":0,"normalized":0,"accounting":"full_successor_reads_writes_no_last_pair_v2","successors":[1,3,3,3]}
{"case":996,"call":0,"status":"unknown","root":23,"steps":7,"normalized":3,"accounting":"full_successor_reads_writes_no_last_pair_v2","successors":[1,3,3,3]}
{"case":997,"call":0,"status":"unknown","root":23,"steps":18446744073709551615,"normalized":18446744073709551615,"accounting":"full_successor_reads_writes_no_last_pair_v2","successors":[1,3,3,3]}
{"case":998,"call":0,"status":"budget","root":0,"steps":0,"normalized":0,"accounting":"full_successor_reads_writes_no_last_pair_v2","successors":[2,1,2,3]}
{"case":999,"call":0,"status":"budget","root":2,"steps":1,"normalized":0,"accounting":"full_successor_reads_writes_no_last_pair_v2","successors":[2,1,2,3]}
{"case":1000,"call":0,"status":"ok","root":2,"steps":2,"normalized":1,"accounting":"full_successor_reads_writes_no_last_pair_v2","successors":[2,1,2,3]}
{"case":1001,"call":0,"status":"ok","root":2,"steps":2,"normalized":1,"accounting":"full_successor_reads_writes_no_last_pair_v2","successors":[2,1,2,3]}
{"case":1002,"call":0,"status":"budget","root":0,"steps":7,"normalized":3,"accounting":"full_successor_reads_writes_no_last_pair_v2","successors":[2,1,2,3]}
{"case":1003,"call":0,"status":"budget","root":2,"steps":8,"normalized":3,"accounting":"full_successor_reads_writes_no_last_pair_v2","successors":[2,1,2,3]}
{"case":1004,"call":0,"status":"ok","root":2,"steps":9,"normalized":4,"accounting":"full_successor_reads_writes_no_last_pair_v2","successors":[2,1,2,3]}
{"case":1005,"call":0,"status":"ok","root":2,"steps":9,"normalized":4,"accounting":"full_successor_reads_writes_no_last_pair_v2","successors":[2,1,2,3]}
{"case":1006,"call":0,"status":"budget","root":0,"steps":18446744073709551612,"normalized":18446744073709551611,"accounting":"full_successor_reads_writes_no_last_pair_v2","successors":[2,1,2,3]}
{"case":1007,"call":0,"status":"budget","root":2,"steps":18446744073709551613,"normalized":18446744073709551611,"accounting":"full_successor_reads_writes_no_last_pair_v2","successors":[2,1,2,3]}
{"case":1008,"call":0,"status":"ok","root":2,"steps":18446744073709551614,"normalized":18446744073709551612,"accounting":"full_successor_reads_writes_no_last_pair_v2","successors":[2,1,2,3]}
{"case":1009,"call":0,"status":"ok","root":2,"steps":18446744073709551614,"normalized":18446744073709551612,"accounting":"full_successor_reads_writes_no_last_pair_v2","successors":[2,1,2,3]}
{"case":1010,"call":0,"status":"budget","root":0,"steps":11,"normalized":4,"accounting":"full_successor_reads_writes_no_last_pair_v2","successors":[2,1,2,3]}
{"case":1011,"call":0,"status":"budget","root":1,"steps":0,"normalized":0,"accounting":"full_successor_reads_writes_no_last_pair_v2","successors":[2,1,2,3]}
{"case":1012,"call":0,"status":"ok","root":1,"steps":1,"normalized":0,"accounting":"full_successor_reads_writes_no_last_pair_v2","successors":[2,1,2,3]}
{"case":1013,"call":0,"status":"ok","root":1,"steps":1,"normalized":0,"accounting":"full_successor_reads_writes_no_last_pair_v2","successors":[2,1,2,3]}
{"case":1014,"call":0,"status":"budget","root":1,"steps":7,"normalized":3,"accounting":"full_successor_reads_writes_no_last_pair_v2","successors":[2,1,2,3]}
{"case":1015,"call":0,"status":"ok","root":1,"steps":8,"normalized":3,"accounting":"full_successor_reads_writes_no_last_pair_v2","successors":[2,1,2,3]}
{"case":1016,"call":0,"status":"ok","root":1,"steps":8,"normalized":3,"accounting":"full_successor_reads_writes_no_last_pair_v2","successors":[2,1,2,3]}
{"case":1017,"call":0,"status":"budget","root":1,"steps":18446744073709551613,"normalized":18446744073709551612,"accounting":"full_successor_reads_writes_no_last_pair_v2","successors":[2,1,2,3]}
{"case":1018,"call":0,"status":"ok","root":1,"steps":18446744073709551614,"normalized":18446744073709551612,"accounting":"full_successor_reads_writes_no_last_pair_v2","successors":[2,1,2,3]}
{"case":1019,"call":0,"status":"ok","root":1,"steps":18446744073709551614,"normalized":18446744073709551612,"accounting":"full_successor_reads_writes_no_last_pair_v2","successors":[2,1,2,3]}
{"case":1020,"call":0,"status":"budget","root":1,"steps":11,"normalized":4,"accounting":"full_successor_reads_writes_no_last_pair_v2","successors":[2,1,2,3]}
{"case":1021,"call":0,"status":"budget","root":2,"steps":0,"normalized":0,"accounting":"full_successor_reads_writes_no_last_pair_v2","successors":[2,1,2,3]}
{"case":1022,"call":0,"status":"ok","root":2,"steps":1,"normalized":0,"accounting":"full_successor_reads_writes_no_last_pair_v2","successors":[2,1,2,3]}
{"case":1023,"call":0,"status":"ok","root":2,"steps":1,"normalized":0,"accounting":"full_successor_reads_writes_no_last_pair_v2","successors":[2,1,2,3]}
{"case":1024,"call":0,"status":"budget","root":2,"steps":7,"normalized":3,"accounting":"full_successor_reads_writes_no_last_pair_v2","successors":[2,1,2,3]}
{"case":1025,"call":0,"status":"ok","root":2,"steps":8,"normalized":3,"accounting":"full_successor_reads_writes_no_last_pair_v2","successors":[2,1,2,3]}
{"case":1026,"call":0,"status":"ok","root":2,"steps":8,"normalized":3,"accounting":"full_successor_reads_writes_no_last_pair_v2","successors":[2,1,2,3]}
{"case":1027,"call":0,"status":"budget","root":2,"steps":18446744073709551613,"normalized":18446744073709551612,"accounting":"full_successor_reads_writes_no_last_pair_v2","successors":[2,1,2,3]}
{"case":1028,"call":0,"status":"ok","root":2,"steps":18446744073709551614,"normalized":18446744073709551612,"accounting":"full_successor_reads_writes_no_last_pair_v2","successors":[2,1,2,3]}
{"case":1029,"call":0,"status":"ok","root":2,"steps":18446744073709551614,"normalized":18446744073709551612,"accounting":"full_successor_reads_writes_no_last_pair_v2","successors":[2,1,2,3]}
{"case":1030,"call":0,"status":"budget","root":2,"steps":11,"normalized":4,"accounting":"full_successor_reads_writes_no_last_pair_v2","successors":[2,1,2,3]}
{"case":1031,"call":0,"status":"budget","root":3,"steps":0,"normalized":0,"accounting":"full_successor_reads_writes_no_last_pair_v2","successors":[2,1,2,3]}
{"case":1032,"call":0,"status":"ok","root":3,"steps":1,"normalized":0,"accounting":"full_successor_reads_writes_no_last_pair_v2","successors":[2,1,2,3]}
{"case":1033,"call":0,"status":"ok","root":3,"steps":1,"normalized":0,"accounting":"full_successor_reads_writes_no_last_pair_v2","successors":[2,1,2,3]}
{"case":1034,"call":0,"status":"budget","root":3,"steps":7,"normalized":3,"accounting":"full_successor_reads_writes_no_last_pair_v2","successors":[2,1,2,3]}
{"case":1035,"call":0,"status":"ok","root":3,"steps":8,"normalized":3,"accounting":"full_successor_reads_writes_no_last_pair_v2","successors":[2,1,2,3]}
{"case":1036,"call":0,"status":"ok","root":3,"steps":8,"normalized":3,"accounting":"full_successor_reads_writes_no_last_pair_v2","successors":[2,1,2,3]}
{"case":1037,"call":0,"status":"budget","root":3,"steps":18446744073709551613,"normalized":18446744073709551612,"accounting":"full_successor_reads_writes_no_last_pair_v2","successors":[2,1,2,3]}
{"case":1038,"call":0,"status":"ok","root":3,"steps":18446744073709551614,"normalized":18446744073709551612,"accounting":"full_successor_reads_writes_no_last_pair_v2","successors":[2,1,2,3]}
{"case":1039,"call":0,"status":"ok","root":3,"steps":18446744073709551614,"normalized":18446744073709551612,"accounting":"full_successor_reads_writes_no_last_pair_v2","successors":[2,1,2,3]}
{"case":1040,"call":0,"status":"budget","root":3,"steps":11,"normalized":4,"accounting":"full_successor_reads_writes_no_last_pair_v2","successors":[2,1,2,3]}
{"case":1041,"call":0,"status":"unknown","root":23,"steps":0,"normalized":0,"accounting":"full_successor_reads_writes_no_last_pair_v2","successors":[2,1,2,3]}
{"case":1042,"call":0,"status":"unknown","root":23,"steps":7,"normalized":3,"accounting":"full_successor_reads_writes_no_last_pair_v2","successors":[2,1,2,3]}
{"case":1043,"call":0,"status":"unknown","root":23,"steps":18446744073709551615,"normalized":18446744073709551615,"accounting":"full_successor_reads_writes_no_last_pair_v2","successors":[2,1,2,3]}
{"case":1044,"call":0,"status":"unknown","root":23,"steps":0,"normalized":0,"accounting":"full_successor_reads_writes_no_last_pair_v2","successors":[2,1,2,3]}
{"case":1045,"call":0,"status":"unknown","root":23,"steps":7,"normalized":3,"accounting":"full_successor_reads_writes_no_last_pair_v2","successors":[2,1,2,3]}
{"case":1046,"call":0,"status":"unknown","root":23,"steps":18446744073709551615,"normalized":18446744073709551615,"accounting":"full_successor_reads_writes_no_last_pair_v2","successors":[2,1,2,3]}
{"case":1047,"call":0,"status":"budget","root":0,"steps":0,"normalized":0,"accounting":"full_successor_reads_writes_no_last_pair_v2","successors":[2,1,3,3]}
{"case":1048,"call":0,"status":"budget","root":2,"steps":1,"normalized":0,"accounting":"full_successor_reads_writes_no_last_pair_v2","successors":[2,1,3,3]}
{"case":1049,"call":0,"status":"budget","root":3,"steps":2,"normalized":0,"accounting":"full_successor_reads_writes_no_last_pair_v2","successors":[2,1,3,3]}
{"case":1050,"call":0,"status":"budget","root":3,"steps":3,"normalized":1,"accounting":"full_successor_reads_writes_no_last_pair_v2","successors":[2,1,3,3]}
{"case":1051,"call":0,"status":"budget","root":3,"steps":4,"normalized":1,"accounting":"full_successor_reads_writes_no_last_pair_v2","successors":[2,1,3,3]}
{"case":1052,"call":0,"status":"ok","root":3,"steps":5,"normalized":1,"accounting":"full_successor_reads_writes_no_last_pair_v2","successors":[3,1,3,3]}
{"case":1053,"call":0,"status":"ok","root":3,"steps":5,"normalized":1,"accounting":"full_successor_reads_writes_no_last_pair_v2","successors":[3,1,3,3]}
{"case":1054,"call":0,"status":"budget","root":0,"steps":7,"normalized":3,"accounting":"full_successor_reads_writes_no_last_pair_v2","successors":[2,1,3,3]}
{"case":1055,"call":0,"status":"budget","root":2,"steps":8,"normalized":3,"accounting":"full_successor_reads_writes_no_last_pair_v2","successors":[2,1,3,3]}
{"case":1056,"call":0,"status":"budget","root":3,"steps":9,"normalized":3,"accounting":"full_successor_reads_writes_no_last_pair_v2","successors":[2,1,3,3]}
{"case":1057,"call":0,"status":"budget","root":3,"steps":10,"normalized":4,"accounting":"full_successor_reads_writes_no_last_pair_v2","successors":[2,1,3,3]}
{"case":1058,"call":0,"status":"budget","root":3,"steps":11,"normalized":4,"accounting":"full_successor_reads_writes_no_last_pair_v2","successors":[2,1,3,3]}
{"case":1059,"call":0,"status":"ok","root":3,"steps":12,"normalized":4,"accounting":"full_successor_reads_writes_no_last_pair_v2","successors":[3,1,3,3]}
{"case":1060,"call":0,"status":"ok","root":3,"steps":12,"normalized":4,"accounting":"full_successor_reads_writes_no_last_pair_v2","successors":[3,1,3,3]}
{"case":1061,"call":0,"status":"budget","root":0,"steps":18446744073709551609,"normalized":18446744073709551608,"accounting":"full_successor_reads_writes_no_last_pair_v2","successors":[2,1,3,3]}
{"case":1062,"call":0,"status":"budget","root":2,"steps":18446744073709551610,"normalized":18446744073709551608,"accounting":"full_successor_reads_writes_no_last_pair_v2","successors":[2,1,3,3]}
{"case":1063,"call":0,"status":"budget","root":3,"steps":18446744073709551611,"normalized":18446744073709551608,"accounting":"full_successor_reads_writes_no_last_pair_v2","successors":[2,1,3,3]}
{"case":1064,"call":0,"status":"budget","root":3,"steps":18446744073709551612,"normalized":18446744073709551609,"accounting":"full_successor_reads_writes_no_last_pair_v2","successors":[2,1,3,3]}
{"case":1065,"call":0,"status":"budget","root":3,"steps":18446744073709551613,"normalized":18446744073709551609,"accounting":"full_successor_reads_writes_no_last_pair_v2","successors":[2,1,3,3]}
{"case":1066,"call":0,"status":"ok","root":3,"steps":18446744073709551614,"normalized":18446744073709551609,"accounting":"full_successor_reads_writes_no_last_pair_v2","successors":[3,1,3,3]}
{"case":1067,"call":0,"status":"ok","root":3,"steps":18446744073709551614,"normalized":18446744073709551609,"accounting":"full_successor_reads_writes_no_last_pair_v2","successors":[3,1,3,3]}
{"case":1068,"call":0,"status":"budget","root":0,"steps":11,"normalized":4,"accounting":"full_successor_reads_writes_no_last_pair_v2","successors":[2,1,3,3]}
{"case":1069,"call":0,"status":"budget","root":1,"steps":0,"normalized":0,"accounting":"full_successor_reads_writes_no_last_pair_v2","successors":[2,1,3,3]}
{"case":1070,"call":0,"status":"ok","root":1,"steps":1,"normalized":0,"accounting":"full_successor_reads_writes_no_last_pair_v2","successors":[2,1,3,3]}
{"case":1071,"call":0,"status":"ok","root":1,"steps":1,"normalized":0,"accounting":"full_successor_reads_writes_no_last_pair_v2","successors":[2,1,3,3]}
{"case":1072,"call":0,"status":"budget","root":1,"steps":7,"normalized":3,"accounting":"full_successor_reads_writes_no_last_pair_v2","successors":[2,1,3,3]}
{"case":1073,"call":0,"status":"ok","root":1,"steps":8,"normalized":3,"accounting":"full_successor_reads_writes_no_last_pair_v2","successors":[2,1,3,3]}
{"case":1074,"call":0,"status":"ok","root":1,"steps":8,"normalized":3,"accounting":"full_successor_reads_writes_no_last_pair_v2","successors":[2,1,3,3]}
{"case":1075,"call":0,"status":"budget","root":1,"steps":18446744073709551613,"normalized":18446744073709551612,"accounting":"full_successor_reads_writes_no_last_pair_v2","successors":[2,1,3,3]}
{"case":1076,"call":0,"status":"ok","root":1,"steps":18446744073709551614,"normalized":18446744073709551612,"accounting":"full_successor_reads_writes_no_last_pair_v2","successors":[2,1,3,3]}
{"case":1077,"call":0,"status":"ok","root":1,"steps":18446744073709551614,"normalized":18446744073709551612,"accounting":"full_successor_reads_writes_no_last_pair_v2","successors":[2,1,3,3]}
{"case":1078,"call":0,"status":"budget","root":1,"steps":11,"normalized":4,"accounting":"full_successor_reads_writes_no_last_pair_v2","successors":[2,1,3,3]}
{"case":1079,"call":0,"status":"budget","root":2,"steps":0,"normalized":0,"accounting":"full_successor_reads_writes_no_last_pair_v2","successors":[2,1,3,3]}
{"case":1080,"call":0,"status":"budget","root":3,"steps":1,"normalized":0,"accounting":"full_successor_reads_writes_no_last_pair_v2","successors":[2,1,3,3]}
{"case":1081,"call":0,"status":"ok","root":3,"steps":2,"normalized":1,"accounting":"full_successor_reads_writes_no_last_pair_v2","successors":[2,1,3,3]}
{"case":1082,"call":0,"status":"ok","root":3,"steps":2,"normalized":1,"accounting":"full_successor_reads_writes_no_last_pair_v2","successors":[2,1,3,3]}
{"case":1083,"call":0,"status":"budget","root":2,"steps":7,"normalized":3,"accounting":"full_successor_reads_writes_no_last_pair_v2","successors":[2,1,3,3]}
{"case":1084,"call":0,"status":"budget","root":3,"steps":8,"normalized":3,"accounting":"full_successor_reads_writes_no_last_pair_v2","successors":[2,1,3,3]}
{"case":1085,"call":0,"status":"ok","root":3,"steps":9,"normalized":4,"accounting":"full_successor_reads_writes_no_last_pair_v2","successors":[2,1,3,3]}
{"case":1086,"call":0,"status":"ok","root":3,"steps":9,"normalized":4,"accounting":"full_successor_reads_writes_no_last_pair_v2","successors":[2,1,3,3]}
{"case":1087,"call":0,"status":"budget","root":2,"steps":18446744073709551612,"normalized":18446744073709551611,"accounting":"full_successor_reads_writes_no_last_pair_v2","successors":[2,1,3,3]}
{"case":1088,"call":0,"status":"budget","root":3,"steps":18446744073709551613,"normalized":18446744073709551611,"accounting":"full_successor_reads_writes_no_last_pair_v2","successors":[2,1,3,3]}
{"case":1089,"call":0,"status":"ok","root":3,"steps":18446744073709551614,"normalized":18446744073709551612,"accounting":"full_successor_reads_writes_no_last_pair_v2","successors":[2,1,3,3]}
{"case":1090,"call":0,"status":"ok","root":3,"steps":18446744073709551614,"normalized":18446744073709551612,"accounting":"full_successor_reads_writes_no_last_pair_v2","successors":[2,1,3,3]}
{"case":1091,"call":0,"status":"budget","root":2,"steps":11,"normalized":4,"accounting":"full_successor_reads_writes_no_last_pair_v2","successors":[2,1,3,3]}
{"case":1092,"call":0,"status":"budget","root":3,"steps":0,"normalized":0,"accounting":"full_successor_reads_writes_no_last_pair_v2","successors":[2,1,3,3]}
{"case":1093,"call":0,"status":"ok","root":3,"steps":1,"normalized":0,"accounting":"full_successor_reads_writes_no_last_pair_v2","successors":[2,1,3,3]}
{"case":1094,"call":0,"status":"ok","root":3,"steps":1,"normalized":0,"accounting":"full_successor_reads_writes_no_last_pair_v2","successors":[2,1,3,3]}
{"case":1095,"call":0,"status":"budget","root":3,"steps":7,"normalized":3,"accounting":"full_successor_reads_writes_no_last_pair_v2","successors":[2,1,3,3]}
{"case":1096,"call":0,"status":"ok","root":3,"steps":8,"normalized":3,"accounting":"full_successor_reads_writes_no_last_pair_v2","successors":[2,1,3,3]}
{"case":1097,"call":0,"status":"ok","root":3,"steps":8,"normalized":3,"accounting":"full_successor_reads_writes_no_last_pair_v2","successors":[2,1,3,3]}
{"case":1098,"call":0,"status":"budget","root":3,"steps":18446744073709551613,"normalized":18446744073709551612,"accounting":"full_successor_reads_writes_no_last_pair_v2","successors":[2,1,3,3]}
{"case":1099,"call":0,"status":"ok","root":3,"steps":18446744073709551614,"normalized":18446744073709551612,"accounting":"full_successor_reads_writes_no_last_pair_v2","successors":[2,1,3,3]}
{"case":1100,"call":0,"status":"ok","root":3,"steps":18446744073709551614,"normalized":18446744073709551612,"accounting":"full_successor_reads_writes_no_last_pair_v2","successors":[2,1,3,3]}
{"case":1101,"call":0,"status":"budget","root":3,"steps":11,"normalized":4,"accounting":"full_successor_reads_writes_no_last_pair_v2","successors":[2,1,3,3]}
{"case":1102,"call":0,"status":"unknown","root":23,"steps":0,"normalized":0,"accounting":"full_successor_reads_writes_no_last_pair_v2","successors":[2,1,3,3]}
{"case":1103,"call":0,"status":"unknown","root":23,"steps":7,"normalized":3,"accounting":"full_successor_reads_writes_no_last_pair_v2","successors":[2,1,3,3]}
{"case":1104,"call":0,"status":"unknown","root":23,"steps":18446744073709551615,"normalized":18446744073709551615,"accounting":"full_successor_reads_writes_no_last_pair_v2","successors":[2,1,3,3]}
{"case":1105,"call":0,"status":"unknown","root":23,"steps":0,"normalized":0,"accounting":"full_successor_reads_writes_no_last_pair_v2","successors":[2,1,3,3]}
{"case":1106,"call":0,"status":"unknown","root":23,"steps":7,"normalized":3,"accounting":"full_successor_reads_writes_no_last_pair_v2","successors":[2,1,3,3]}
{"case":1107,"call":0,"status":"unknown","root":23,"steps":18446744073709551615,"normalized":18446744073709551615,"accounting":"full_successor_reads_writes_no_last_pair_v2","successors":[2,1,3,3]}
{"case":1108,"call":0,"status":"budget","root":0,"steps":0,"normalized":0,"accounting":"full_successor_reads_writes_no_last_pair_v2","successors":[2,2,2,3]}
{"case":1109,"call":0,"status":"budget","root":2,"steps":1,"normalized":0,"accounting":"full_successor_reads_writes_no_last_pair_v2","successors":[2,2,2,3]}
{"case":1110,"call":0,"status":"ok","root":2,"steps":2,"normalized":1,"accounting":"full_successor_reads_writes_no_last_pair_v2","successors":[2,2,2,3]}
{"case":1111,"call":0,"status":"ok","root":2,"steps":2,"normalized":1,"accounting":"full_successor_reads_writes_no_last_pair_v2","successors":[2,2,2,3]}
{"case":1112,"call":0,"status":"budget","root":0,"steps":7,"normalized":3,"accounting":"full_successor_reads_writes_no_last_pair_v2","successors":[2,2,2,3]}
{"case":1113,"call":0,"status":"budget","root":2,"steps":8,"normalized":3,"accounting":"full_successor_reads_writes_no_last_pair_v2","successors":[2,2,2,3]}
{"case":1114,"call":0,"status":"ok","root":2,"steps":9,"normalized":4,"accounting":"full_successor_reads_writes_no_last_pair_v2","successors":[2,2,2,3]}
{"case":1115,"call":0,"status":"ok","root":2,"steps":9,"normalized":4,"accounting":"full_successor_reads_writes_no_last_pair_v2","successors":[2,2,2,3]}
{"case":1116,"call":0,"status":"budget","root":0,"steps":18446744073709551612,"normalized":18446744073709551611,"accounting":"full_successor_reads_writes_no_last_pair_v2","successors":[2,2,2,3]}
{"case":1117,"call":0,"status":"budget","root":2,"steps":18446744073709551613,"normalized":18446744073709551611,"accounting":"full_successor_reads_writes_no_last_pair_v2","successors":[2,2,2,3]}
{"case":1118,"call":0,"status":"ok","root":2,"steps":18446744073709551614,"normalized":18446744073709551612,"accounting":"full_successor_reads_writes_no_last_pair_v2","successors":[2,2,2,3]}
{"case":1119,"call":0,"status":"ok","root":2,"steps":18446744073709551614,"normalized":18446744073709551612,"accounting":"full_successor_reads_writes_no_last_pair_v2","successors":[2,2,2,3]}
{"case":1120,"call":0,"status":"budget","root":0,"steps":11,"normalized":4,"accounting":"full_successor_reads_writes_no_last_pair_v2","successors":[2,2,2,3]}
{"case":1121,"call":0,"status":"budget","root":1,"steps":0,"normalized":0,"accounting":"full_successor_reads_writes_no_last_pair_v2","successors":[2,2,2,3]}
{"case":1122,"call":0,"status":"budget","root":2,"steps":1,"normalized":0,"accounting":"full_successor_reads_writes_no_last_pair_v2","successors":[2,2,2,3]}
{"case":1123,"call":0,"status":"ok","root":2,"steps":2,"normalized":1,"accounting":"full_successor_reads_writes_no_last_pair_v2","successors":[2,2,2,3]}
{"case":1124,"call":0,"status":"ok","root":2,"steps":2,"normalized":1,"accounting":"full_successor_reads_writes_no_last_pair_v2","successors":[2,2,2,3]}
{"case":1125,"call":0,"status":"budget","root":1,"steps":7,"normalized":3,"accounting":"full_successor_reads_writes_no_last_pair_v2","successors":[2,2,2,3]}
{"case":1126,"call":0,"status":"budget","root":2,"steps":8,"normalized":3,"accounting":"full_successor_reads_writes_no_last_pair_v2","successors":[2,2,2,3]}
{"case":1127,"call":0,"status":"ok","root":2,"steps":9,"normalized":4,"accounting":"full_successor_reads_writes_no_last_pair_v2","successors":[2,2,2,3]}
{"case":1128,"call":0,"status":"ok","root":2,"steps":9,"normalized":4,"accounting":"full_successor_reads_writes_no_last_pair_v2","successors":[2,2,2,3]}
{"case":1129,"call":0,"status":"budget","root":1,"steps":18446744073709551612,"normalized":18446744073709551611,"accounting":"full_successor_reads_writes_no_last_pair_v2","successors":[2,2,2,3]}
{"case":1130,"call":0,"status":"budget","root":2,"steps":18446744073709551613,"normalized":18446744073709551611,"accounting":"full_successor_reads_writes_no_last_pair_v2","successors":[2,2,2,3]}
{"case":1131,"call":0,"status":"ok","root":2,"steps":18446744073709551614,"normalized":18446744073709551612,"accounting":"full_successor_reads_writes_no_last_pair_v2","successors":[2,2,2,3]}
{"case":1132,"call":0,"status":"ok","root":2,"steps":18446744073709551614,"normalized":18446744073709551612,"accounting":"full_successor_reads_writes_no_last_pair_v2","successors":[2,2,2,3]}
{"case":1133,"call":0,"status":"budget","root":1,"steps":11,"normalized":4,"accounting":"full_successor_reads_writes_no_last_pair_v2","successors":[2,2,2,3]}
{"case":1134,"call":0,"status":"budget","root":2,"steps":0,"normalized":0,"accounting":"full_successor_reads_writes_no_last_pair_v2","successors":[2,2,2,3]}
{"case":1135,"call":0,"status":"ok","root":2,"steps":1,"normalized":0,"accounting":"full_successor_reads_writes_no_last_pair_v2","successors":[2,2,2,3]}
{"case":1136,"call":0,"status":"ok","root":2,"steps":1,"normalized":0,"accounting":"full_successor_reads_writes_no_last_pair_v2","successors":[2,2,2,3]}
{"case":1137,"call":0,"status":"budget","root":2,"steps":7,"normalized":3,"accounting":"full_successor_reads_writes_no_last_pair_v2","successors":[2,2,2,3]}
{"case":1138,"call":0,"status":"ok","root":2,"steps":8,"normalized":3,"accounting":"full_successor_reads_writes_no_last_pair_v2","successors":[2,2,2,3]}
{"case":1139,"call":0,"status":"ok","root":2,"steps":8,"normalized":3,"accounting":"full_successor_reads_writes_no_last_pair_v2","successors":[2,2,2,3]}
{"case":1140,"call":0,"status":"budget","root":2,"steps":18446744073709551613,"normalized":18446744073709551612,"accounting":"full_successor_reads_writes_no_last_pair_v2","successors":[2,2,2,3]}
{"case":1141,"call":0,"status":"ok","root":2,"steps":18446744073709551614,"normalized":18446744073709551612,"accounting":"full_successor_reads_writes_no_last_pair_v2","successors":[2,2,2,3]}
{"case":1142,"call":0,"status":"ok","root":2,"steps":18446744073709551614,"normalized":18446744073709551612,"accounting":"full_successor_reads_writes_no_last_pair_v2","successors":[2,2,2,3]}
{"case":1143,"call":0,"status":"budget","root":2,"steps":11,"normalized":4,"accounting":"full_successor_reads_writes_no_last_pair_v2","successors":[2,2,2,3]}
{"case":1144,"call":0,"status":"budget","root":3,"steps":0,"normalized":0,"accounting":"full_successor_reads_writes_no_last_pair_v2","successors":[2,2,2,3]}
{"case":1145,"call":0,"status":"ok","root":3,"steps":1,"normalized":0,"accounting":"full_successor_reads_writes_no_last_pair_v2","successors":[2,2,2,3]}
{"case":1146,"call":0,"status":"ok","root":3,"steps":1,"normalized":0,"accounting":"full_successor_reads_writes_no_last_pair_v2","successors":[2,2,2,3]}
{"case":1147,"call":0,"status":"budget","root":3,"steps":7,"normalized":3,"accounting":"full_successor_reads_writes_no_last_pair_v2","successors":[2,2,2,3]}
{"case":1148,"call":0,"status":"ok","root":3,"steps":8,"normalized":3,"accounting":"full_successor_reads_writes_no_last_pair_v2","successors":[2,2,2,3]}
{"case":1149,"call":0,"status":"ok","root":3,"steps":8,"normalized":3,"accounting":"full_successor_reads_writes_no_last_pair_v2","successors":[2,2,2,3]}
{"case":1150,"call":0,"status":"budget","root":3,"steps":18446744073709551613,"normalized":18446744073709551612,"accounting":"full_successor_reads_writes_no_last_pair_v2","successors":[2,2,2,3]}
{"case":1151,"call":0,"status":"ok","root":3,"steps":18446744073709551614,"normalized":18446744073709551612,"accounting":"full_successor_reads_writes_no_last_pair_v2","successors":[2,2,2,3]}
{"case":1152,"call":0,"status":"ok","root":3,"steps":18446744073709551614,"normalized":18446744073709551612,"accounting":"full_successor_reads_writes_no_last_pair_v2","successors":[2,2,2,3]}
{"case":1153,"call":0,"status":"budget","root":3,"steps":11,"normalized":4,"accounting":"full_successor_reads_writes_no_last_pair_v2","successors":[2,2,2,3]}
{"case":1154,"call":0,"status":"unknown","root":23,"steps":0,"normalized":0,"accounting":"full_successor_reads_writes_no_last_pair_v2","successors":[2,2,2,3]}
{"case":1155,"call":0,"status":"unknown","root":23,"steps":7,"normalized":3,"accounting":"full_successor_reads_writes_no_last_pair_v2","successors":[2,2,2,3]}
{"case":1156,"call":0,"status":"unknown","root":23,"steps":18446744073709551615,"normalized":18446744073709551615,"accounting":"full_successor_reads_writes_no_last_pair_v2","successors":[2,2,2,3]}
{"case":1157,"call":0,"status":"unknown","root":23,"steps":0,"normalized":0,"accounting":"full_successor_reads_writes_no_last_pair_v2","successors":[2,2,2,3]}
{"case":1158,"call":0,"status":"unknown","root":23,"steps":7,"normalized":3,"accounting":"full_successor_reads_writes_no_last_pair_v2","successors":[2,2,2,3]}
{"case":1159,"call":0,"status":"unknown","root":23,"steps":18446744073709551615,"normalized":18446744073709551615,"accounting":"full_successor_reads_writes_no_last_pair_v2","successors":[2,2,2,3]}
{"case":1160,"call":0,"status":"budget","root":0,"steps":0,"normalized":0,"accounting":"full_successor_reads_writes_no_last_pair_v2","successors":[2,2,3,3]}
{"case":1161,"call":0,"status":"budget","root":2,"steps":1,"normalized":0,"accounting":"full_successor_reads_writes_no_last_pair_v2","successors":[2,2,3,3]}
{"case":1162,"call":0,"status":"budget","root":3,"steps":2,"normalized":0,"accounting":"full_successor_reads_writes_no_last_pair_v2","successors":[2,2,3,3]}
{"case":1163,"call":0,"status":"budget","root":3,"steps":3,"normalized":1,"accounting":"full_successor_reads_writes_no_last_pair_v2","successors":[2,2,3,3]}
{"case":1164,"call":0,"status":"budget","root":3,"steps":4,"normalized":1,"accounting":"full_successor_reads_writes_no_last_pair_v2","successors":[2,2,3,3]}
{"case":1165,"call":0,"status":"ok","root":3,"steps":5,"normalized":1,"accounting":"full_successor_reads_writes_no_last_pair_v2","successors":[3,2,3,3]}
{"case":1166,"call":0,"status":"ok","root":3,"steps":5,"normalized":1,"accounting":"full_successor_reads_writes_no_last_pair_v2","successors":[3,2,3,3]}
{"case":1167,"call":0,"status":"budget","root":0,"steps":7,"normalized":3,"accounting":"full_successor_reads_writes_no_last_pair_v2","successors":[2,2,3,3]}
{"case":1168,"call":0,"status":"budget","root":2,"steps":8,"normalized":3,"accounting":"full_successor_reads_writes_no_last_pair_v2","successors":[2,2,3,3]}
{"case":1169,"call":0,"status":"budget","root":3,"steps":9,"normalized":3,"accounting":"full_successor_reads_writes_no_last_pair_v2","successors":[2,2,3,3]}
{"case":1170,"call":0,"status":"budget","root":3,"steps":10,"normalized":4,"accounting":"full_successor_reads_writes_no_last_pair_v2","successors":[2,2,3,3]}
{"case":1171,"call":0,"status":"budget","root":3,"steps":11,"normalized":4,"accounting":"full_successor_reads_writes_no_last_pair_v2","successors":[2,2,3,3]}
{"case":1172,"call":0,"status":"ok","root":3,"steps":12,"normalized":4,"accounting":"full_successor_reads_writes_no_last_pair_v2","successors":[3,2,3,3]}
{"case":1173,"call":0,"status":"ok","root":3,"steps":12,"normalized":4,"accounting":"full_successor_reads_writes_no_last_pair_v2","successors":[3,2,3,3]}
{"case":1174,"call":0,"status":"budget","root":0,"steps":18446744073709551609,"normalized":18446744073709551608,"accounting":"full_successor_reads_writes_no_last_pair_v2","successors":[2,2,3,3]}
{"case":1175,"call":0,"status":"budget","root":2,"steps":18446744073709551610,"normalized":18446744073709551608,"accounting":"full_successor_reads_writes_no_last_pair_v2","successors":[2,2,3,3]}
{"case":1176,"call":0,"status":"budget","root":3,"steps":18446744073709551611,"normalized":18446744073709551608,"accounting":"full_successor_reads_writes_no_last_pair_v2","successors":[2,2,3,3]}
{"case":1177,"call":0,"status":"budget","root":3,"steps":18446744073709551612,"normalized":18446744073709551609,"accounting":"full_successor_reads_writes_no_last_pair_v2","successors":[2,2,3,3]}
{"case":1178,"call":0,"status":"budget","root":3,"steps":18446744073709551613,"normalized":18446744073709551609,"accounting":"full_successor_reads_writes_no_last_pair_v2","successors":[2,2,3,3]}
{"case":1179,"call":0,"status":"ok","root":3,"steps":18446744073709551614,"normalized":18446744073709551609,"accounting":"full_successor_reads_writes_no_last_pair_v2","successors":[3,2,3,3]}
{"case":1180,"call":0,"status":"ok","root":3,"steps":18446744073709551614,"normalized":18446744073709551609,"accounting":"full_successor_reads_writes_no_last_pair_v2","successors":[3,2,3,3]}
{"case":1181,"call":0,"status":"budget","root":0,"steps":11,"normalized":4,"accounting":"full_successor_reads_writes_no_last_pair_v2","successors":[2,2,3,3]}
{"case":1182,"call":0,"status":"budget","root":1,"steps":0,"normalized":0,"accounting":"full_successor_reads_writes_no_last_pair_v2","successors":[2,2,3,3]}
{"case":1183,"call":0,"status":"budget","root":2,"steps":1,"normalized":0,"accounting":"full_successor_reads_writes_no_last_pair_v2","successors":[2,2,3,3]}
{"case":1184,"call":0,"status":"budget","root":3,"steps":2,"normalized":0,"accounting":"full_successor_reads_writes_no_last_pair_v2","successors":[2,2,3,3]}
{"case":1185,"call":0,"status":"budget","root":3,"steps":3,"normalized":1,"accounting":"full_successor_reads_writes_no_last_pair_v2","successors":[2,2,3,3]}
{"case":1186,"call":0,"status":"budget","root":3,"steps":4,"normalized":1,"accounting":"full_successor_reads_writes_no_last_pair_v2","successors":[2,2,3,3]}
{"case":1187,"call":0,"status":"ok","root":3,"steps":5,"normalized":1,"accounting":"full_successor_reads_writes_no_last_pair_v2","successors":[2,3,3,3]}
{"case":1188,"call":0,"status":"ok","root":3,"steps":5,"normalized":1,"accounting":"full_successor_reads_writes_no_last_pair_v2","successors":[2,3,3,3]}
{"case":1189,"call":0,"status":"budget","root":1,"steps":7,"normalized":3,"accounting":"full_successor_reads_writes_no_last_pair_v2","successors":[2,2,3,3]}
{"case":1190,"call":0,"status":"budget","root":2,"steps":8,"normalized":3,"accounting":"full_successor_reads_writes_no_last_pair_v2","successors":[2,2,3,3]}
{"case":1191,"call":0,"status":"budget","root":3,"steps":9,"normalized":3,"accounting":"full_successor_reads_writes_no_last_pair_v2","successors":[2,2,3,3]}
{"case":1192,"call":0,"status":"budget","root":3,"steps":10,"normalized":4,"accounting":"full_successor_reads_writes_no_last_pair_v2","successors":[2,2,3,3]}
{"case":1193,"call":0,"status":"budget","root":3,"steps":11,"normalized":4,"accounting":"full_successor_reads_writes_no_last_pair_v2","successors":[2,2,3,3]}
{"case":1194,"call":0,"status":"ok","root":3,"steps":12,"normalized":4,"accounting":"full_successor_reads_writes_no_last_pair_v2","successors":[2,3,3,3]}
{"case":1195,"call":0,"status":"ok","root":3,"steps":12,"normalized":4,"accounting":"full_successor_reads_writes_no_last_pair_v2","successors":[2,3,3,3]}
{"case":1196,"call":0,"status":"budget","root":1,"steps":18446744073709551609,"normalized":18446744073709551608,"accounting":"full_successor_reads_writes_no_last_pair_v2","successors":[2,2,3,3]}
{"case":1197,"call":0,"status":"budget","root":2,"steps":18446744073709551610,"normalized":18446744073709551608,"accounting":"full_successor_reads_writes_no_last_pair_v2","successors":[2,2,3,3]}
{"case":1198,"call":0,"status":"budget","root":3,"steps":18446744073709551611,"normalized":18446744073709551608,"accounting":"full_successor_reads_writes_no_last_pair_v2","successors":[2,2,3,3]}
{"case":1199,"call":0,"status":"budget","root":3,"steps":18446744073709551612,"normalized":18446744073709551609,"accounting":"full_successor_reads_writes_no_last_pair_v2","successors":[2,2,3,3]}
{"case":1200,"call":0,"status":"budget","root":3,"steps":18446744073709551613,"normalized":18446744073709551609,"accounting":"full_successor_reads_writes_no_last_pair_v2","successors":[2,2,3,3]}
{"case":1201,"call":0,"status":"ok","root":3,"steps":18446744073709551614,"normalized":18446744073709551609,"accounting":"full_successor_reads_writes_no_last_pair_v2","successors":[2,3,3,3]}
{"case":1202,"call":0,"status":"ok","root":3,"steps":18446744073709551614,"normalized":18446744073709551609,"accounting":"full_successor_reads_writes_no_last_pair_v2","successors":[2,3,3,3]}
{"case":1203,"call":0,"status":"budget","root":1,"steps":11,"normalized":4,"accounting":"full_successor_reads_writes_no_last_pair_v2","successors":[2,2,3,3]}
{"case":1204,"call":0,"status":"budget","root":2,"steps":0,"normalized":0,"accounting":"full_successor_reads_writes_no_last_pair_v2","successors":[2,2,3,3]}
{"case":1205,"call":0,"status":"budget","root":3,"steps":1,"normalized":0,"accounting":"full_successor_reads_writes_no_last_pair_v2","successors":[2,2,3,3]}
{"case":1206,"call":0,"status":"ok","root":3,"steps":2,"normalized":1,"accounting":"full_successor_reads_writes_no_last_pair_v2","successors":[2,2,3,3]}
{"case":1207,"call":0,"status":"ok","root":3,"steps":2,"normalized":1,"accounting":"full_successor_reads_writes_no_last_pair_v2","successors":[2,2,3,3]}
{"case":1208,"call":0,"status":"budget","root":2,"steps":7,"normalized":3,"accounting":"full_successor_reads_writes_no_last_pair_v2","successors":[2,2,3,3]}
{"case":1209,"call":0,"status":"budget","root":3,"steps":8,"normalized":3,"accounting":"full_successor_reads_writes_no_last_pair_v2","successors":[2,2,3,3]}
{"case":1210,"call":0,"status":"ok","root":3,"steps":9,"normalized":4,"accounting":"full_successor_reads_writes_no_last_pair_v2","successors":[2,2,3,3]}
{"case":1211,"call":0,"status":"ok","root":3,"steps":9,"normalized":4,"accounting":"full_successor_reads_writes_no_last_pair_v2","successors":[2,2,3,3]}
{"case":1212,"call":0,"status":"budget","root":2,"steps":18446744073709551612,"normalized":18446744073709551611,"accounting":"full_successor_reads_writes_no_last_pair_v2","successors":[2,2,3,3]}
{"case":1213,"call":0,"status":"budget","root":3,"steps":18446744073709551613,"normalized":18446744073709551611,"accounting":"full_successor_reads_writes_no_last_pair_v2","successors":[2,2,3,3]}
{"case":1214,"call":0,"status":"ok","root":3,"steps":18446744073709551614,"normalized":18446744073709551612,"accounting":"full_successor_reads_writes_no_last_pair_v2","successors":[2,2,3,3]}
{"case":1215,"call":0,"status":"ok","root":3,"steps":18446744073709551614,"normalized":18446744073709551612,"accounting":"full_successor_reads_writes_no_last_pair_v2","successors":[2,2,3,3]}
{"case":1216,"call":0,"status":"budget","root":2,"steps":11,"normalized":4,"accounting":"full_successor_reads_writes_no_last_pair_v2","successors":[2,2,3,3]}
{"case":1217,"call":0,"status":"budget","root":3,"steps":0,"normalized":0,"accounting":"full_successor_reads_writes_no_last_pair_v2","successors":[2,2,3,3]}
{"case":1218,"call":0,"status":"ok","root":3,"steps":1,"normalized":0,"accounting":"full_successor_reads_writes_no_last_pair_v2","successors":[2,2,3,3]}
{"case":1219,"call":0,"status":"ok","root":3,"steps":1,"normalized":0,"accounting":"full_successor_reads_writes_no_last_pair_v2","successors":[2,2,3,3]}
{"case":1220,"call":0,"status":"budget","root":3,"steps":7,"normalized":3,"accounting":"full_successor_reads_writes_no_last_pair_v2","successors":[2,2,3,3]}
{"case":1221,"call":0,"status":"ok","root":3,"steps":8,"normalized":3,"accounting":"full_successor_reads_writes_no_last_pair_v2","successors":[2,2,3,3]}
{"case":1222,"call":0,"status":"ok","root":3,"steps":8,"normalized":3,"accounting":"full_successor_reads_writes_no_last_pair_v2","successors":[2,2,3,3]}
{"case":1223,"call":0,"status":"budget","root":3,"steps":18446744073709551613,"normalized":18446744073709551612,"accounting":"full_successor_reads_writes_no_last_pair_v2","successors":[2,2,3,3]}
{"case":1224,"call":0,"status":"ok","root":3,"steps":18446744073709551614,"normalized":18446744073709551612,"accounting":"full_successor_reads_writes_no_last_pair_v2","successors":[2,2,3,3]}
{"case":1225,"call":0,"status":"ok","root":3,"steps":18446744073709551614,"normalized":18446744073709551612,"accounting":"full_successor_reads_writes_no_last_pair_v2","successors":[2,2,3,3]}
{"case":1226,"call":0,"status":"budget","root":3,"steps":11,"normalized":4,"accounting":"full_successor_reads_writes_no_last_pair_v2","successors":[2,2,3,3]}
{"case":1227,"call":0,"status":"unknown","root":23,"steps":0,"normalized":0,"accounting":"full_successor_reads_writes_no_last_pair_v2","successors":[2,2,3,3]}
{"case":1228,"call":0,"status":"unknown","root":23,"steps":7,"normalized":3,"accounting":"full_successor_reads_writes_no_last_pair_v2","successors":[2,2,3,3]}
{"case":1229,"call":0,"status":"unknown","root":23,"steps":18446744073709551615,"normalized":18446744073709551615,"accounting":"full_successor_reads_writes_no_last_pair_v2","successors":[2,2,3,3]}
{"case":1230,"call":0,"status":"unknown","root":23,"steps":0,"normalized":0,"accounting":"full_successor_reads_writes_no_last_pair_v2","successors":[2,2,3,3]}
{"case":1231,"call":0,"status":"unknown","root":23,"steps":7,"normalized":3,"accounting":"full_successor_reads_writes_no_last_pair_v2","successors":[2,2,3,3]}
{"case":1232,"call":0,"status":"unknown","root":23,"steps":18446744073709551615,"normalized":18446744073709551615,"accounting":"full_successor_reads_writes_no_last_pair_v2","successors":[2,2,3,3]}
{"case":1233,"call":0,"status":"budget","root":0,"steps":0,"normalized":0,"accounting":"full_successor_reads_writes_no_last_pair_v2","successors":[2,3,2,3]}
{"case":1234,"call":0,"status":"budget","root":2,"steps":1,"normalized":0,"accounting":"full_successor_reads_writes_no_last_pair_v2","successors":[2,3,2,3]}
{"case":1235,"call":0,"status":"ok","root":2,"steps":2,"normalized":1,"accounting":"full_successor_reads_writes_no_last_pair_v2","successors":[2,3,2,3]}
{"case":1236,"call":0,"status":"ok","root":2,"steps":2,"normalized":1,"accounting":"full_successor_reads_writes_no_last_pair_v2","successors":[2,3,2,3]}
{"case":1237,"call":0,"status":"budget","root":0,"steps":7,"normalized":3,"accounting":"full_successor_reads_writes_no_last_pair_v2","successors":[2,3,2,3]}
{"case":1238,"call":0,"status":"budget","root":2,"steps":8,"normalized":3,"accounting":"full_successor_reads_writes_no_last_pair_v2","successors":[2,3,2,3]}
{"case":1239,"call":0,"status":"ok","root":2,"steps":9,"normalized":4,"accounting":"full_successor_reads_writes_no_last_pair_v2","successors":[2,3,2,3]}
{"case":1240,"call":0,"status":"ok","root":2,"steps":9,"normalized":4,"accounting":"full_successor_reads_writes_no_last_pair_v2","successors":[2,3,2,3]}
{"case":1241,"call":0,"status":"budget","root":0,"steps":18446744073709551612,"normalized":18446744073709551611,"accounting":"full_successor_reads_writes_no_last_pair_v2","successors":[2,3,2,3]}
{"case":1242,"call":0,"status":"budget","root":2,"steps":18446744073709551613,"normalized":18446744073709551611,"accounting":"full_successor_reads_writes_no_last_pair_v2","successors":[2,3,2,3]}
{"case":1243,"call":0,"status":"ok","root":2,"steps":18446744073709551614,"normalized":18446744073709551612,"accounting":"full_successor_reads_writes_no_last_pair_v2","successors":[2,3,2,3]}
{"case":1244,"call":0,"status":"ok","root":2,"steps":18446744073709551614,"normalized":18446744073709551612,"accounting":"full_successor_reads_writes_no_last_pair_v2","successors":[2,3,2,3]}
{"case":1245,"call":0,"status":"budget","root":0,"steps":11,"normalized":4,"accounting":"full_successor_reads_writes_no_last_pair_v2","successors":[2,3,2,3]}
{"case":1246,"call":0,"status":"budget","root":1,"steps":0,"normalized":0,"accounting":"full_successor_reads_writes_no_last_pair_v2","successors":[2,3,2,3]}
{"case":1247,"call":0,"status":"budget","root":3,"steps":1,"normalized":0,"accounting":"full_successor_reads_writes_no_last_pair_v2","successors":[2,3,2,3]}
{"case":1248,"call":0,"status":"ok","root":3,"steps":2,"normalized":1,"accounting":"full_successor_reads_writes_no_last_pair_v2","successors":[2,3,2,3]}
{"case":1249,"call":0,"status":"ok","root":3,"steps":2,"normalized":1,"accounting":"full_successor_reads_writes_no_last_pair_v2","successors":[2,3,2,3]}
{"case":1250,"call":0,"status":"budget","root":1,"steps":7,"normalized":3,"accounting":"full_successor_reads_writes_no_last_pair_v2","successors":[2,3,2,3]}
{"case":1251,"call":0,"status":"budget","root":3,"steps":8,"normalized":3,"accounting":"full_successor_reads_writes_no_last_pair_v2","successors":[2,3,2,3]}
{"case":1252,"call":0,"status":"ok","root":3,"steps":9,"normalized":4,"accounting":"full_successor_reads_writes_no_last_pair_v2","successors":[2,3,2,3]}
{"case":1253,"call":0,"status":"ok","root":3,"steps":9,"normalized":4,"accounting":"full_successor_reads_writes_no_last_pair_v2","successors":[2,3,2,3]}
{"case":1254,"call":0,"status":"budget","root":1,"steps":18446744073709551612,"normalized":18446744073709551611,"accounting":"full_successor_reads_writes_no_last_pair_v2","successors":[2,3,2,3]}
{"case":1255,"call":0,"status":"budget","root":3,"steps":18446744073709551613,"normalized":18446744073709551611,"accounting":"full_successor_reads_writes_no_last_pair_v2","successors":[2,3,2,3]}
{"case":1256,"call":0,"status":"ok","root":3,"steps":18446744073709551614,"normalized":18446744073709551612,"accounting":"full_successor_reads_writes_no_last_pair_v2","successors":[2,3,2,3]}
{"case":1257,"call":0,"status":"ok","root":3,"steps":18446744073709551614,"normalized":18446744073709551612,"accounting":"full_successor_reads_writes_no_last_pair_v2","successors":[2,3,2,3]}
{"case":1258,"call":0,"status":"budget","root":1,"steps":11,"normalized":4,"accounting":"full_successor_reads_writes_no_last_pair_v2","successors":[2,3,2,3]}
{"case":1259,"call":0,"status":"budget","root":2,"steps":0,"normalized":0,"accounting":"full_successor_reads_writes_no_last_pair_v2","successors":[2,3,2,3]}
{"case":1260,"call":0,"status":"ok","root":2,"steps":1,"normalized":0,"accounting":"full_successor_reads_writes_no_last_pair_v2","successors":[2,3,2,3]}
{"case":1261,"call":0,"status":"ok","root":2,"steps":1,"normalized":0,"accounting":"full_successor_reads_writes_no_last_pair_v2","successors":[2,3,2,3]}
{"case":1262,"call":0,"status":"budget","root":2,"steps":7,"normalized":3,"accounting":"full_successor_reads_writes_no_last_pair_v2","successors":[2,3,2,3]}
{"case":1263,"call":0,"status":"ok","root":2,"steps":8,"normalized":3,"accounting":"full_successor_reads_writes_no_last_pair_v2","successors":[2,3,2,3]}
{"case":1264,"call":0,"status":"ok","root":2,"steps":8,"normalized":3,"accounting":"full_successor_reads_writes_no_last_pair_v2","successors":[2,3,2,3]}
{"case":1265,"call":0,"status":"budget","root":2,"steps":18446744073709551613,"normalized":18446744073709551612,"accounting":"full_successor_reads_writes_no_last_pair_v2","successors":[2,3,2,3]}
{"case":1266,"call":0,"status":"ok","root":2,"steps":18446744073709551614,"normalized":18446744073709551612,"accounting":"full_successor_reads_writes_no_last_pair_v2","successors":[2,3,2,3]}
{"case":1267,"call":0,"status":"ok","root":2,"steps":18446744073709551614,"normalized":18446744073709551612,"accounting":"full_successor_reads_writes_no_last_pair_v2","successors":[2,3,2,3]}
{"case":1268,"call":0,"status":"budget","root":2,"steps":11,"normalized":4,"accounting":"full_successor_reads_writes_no_last_pair_v2","successors":[2,3,2,3]}
{"case":1269,"call":0,"status":"budget","root":3,"steps":0,"normalized":0,"accounting":"full_successor_reads_writes_no_last_pair_v2","successors":[2,3,2,3]}
{"case":1270,"call":0,"status":"ok","root":3,"steps":1,"normalized":0,"accounting":"full_successor_reads_writes_no_last_pair_v2","successors":[2,3,2,3]}
{"case":1271,"call":0,"status":"ok","root":3,"steps":1,"normalized":0,"accounting":"full_successor_reads_writes_no_last_pair_v2","successors":[2,3,2,3]}
{"case":1272,"call":0,"status":"budget","root":3,"steps":7,"normalized":3,"accounting":"full_successor_reads_writes_no_last_pair_v2","successors":[2,3,2,3]}
{"case":1273,"call":0,"status":"ok","root":3,"steps":8,"normalized":3,"accounting":"full_successor_reads_writes_no_last_pair_v2","successors":[2,3,2,3]}
{"case":1274,"call":0,"status":"ok","root":3,"steps":8,"normalized":3,"accounting":"full_successor_reads_writes_no_last_pair_v2","successors":[2,3,2,3]}
{"case":1275,"call":0,"status":"budget","root":3,"steps":18446744073709551613,"normalized":18446744073709551612,"accounting":"full_successor_reads_writes_no_last_pair_v2","successors":[2,3,2,3]}
{"case":1276,"call":0,"status":"ok","root":3,"steps":18446744073709551614,"normalized":18446744073709551612,"accounting":"full_successor_reads_writes_no_last_pair_v2","successors":[2,3,2,3]}
{"case":1277,"call":0,"status":"ok","root":3,"steps":18446744073709551614,"normalized":18446744073709551612,"accounting":"full_successor_reads_writes_no_last_pair_v2","successors":[2,3,2,3]}
{"case":1278,"call":0,"status":"budget","root":3,"steps":11,"normalized":4,"accounting":"full_successor_reads_writes_no_last_pair_v2","successors":[2,3,2,3]}
{"case":1279,"call":0,"status":"unknown","root":23,"steps":0,"normalized":0,"accounting":"full_successor_reads_writes_no_last_pair_v2","successors":[2,3,2,3]}
{"case":1280,"call":0,"status":"unknown","root":23,"steps":7,"normalized":3,"accounting":"full_successor_reads_writes_no_last_pair_v2","successors":[2,3,2,3]}
{"case":1281,"call":0,"status":"unknown","root":23,"steps":18446744073709551615,"normalized":18446744073709551615,"accounting":"full_successor_reads_writes_no_last_pair_v2","successors":[2,3,2,3]}
{"case":1282,"call":0,"status":"unknown","root":23,"steps":0,"normalized":0,"accounting":"full_successor_reads_writes_no_last_pair_v2","successors":[2,3,2,3]}
{"case":1283,"call":0,"status":"unknown","root":23,"steps":7,"normalized":3,"accounting":"full_successor_reads_writes_no_last_pair_v2","successors":[2,3,2,3]}
{"case":1284,"call":0,"status":"unknown","root":23,"steps":18446744073709551615,"normalized":18446744073709551615,"accounting":"full_successor_reads_writes_no_last_pair_v2","successors":[2,3,2,3]}
{"case":1285,"call":0,"status":"budget","root":0,"steps":0,"normalized":0,"accounting":"full_successor_reads_writes_no_last_pair_v2","successors":[2,3,3,3]}
{"case":1286,"call":0,"status":"budget","root":2,"steps":1,"normalized":0,"accounting":"full_successor_reads_writes_no_last_pair_v2","successors":[2,3,3,3]}
{"case":1287,"call":0,"status":"budget","root":3,"steps":2,"normalized":0,"accounting":"full_successor_reads_writes_no_last_pair_v2","successors":[2,3,3,3]}
{"case":1288,"call":0,"status":"budget","root":3,"steps":3,"normalized":1,"accounting":"full_successor_reads_writes_no_last_pair_v2","successors":[2,3,3,3]}
{"case":1289,"call":0,"status":"budget","root":3,"steps":4,"normalized":1,"accounting":"full_successor_reads_writes_no_last_pair_v2","successors":[2,3,3,3]}
{"case":1290,"call":0,"status":"ok","root":3,"steps":5,"normalized":1,"accounting":"full_successor_reads_writes_no_last_pair_v2","successors":[3,3,3,3]}
{"case":1291,"call":0,"status":"ok","root":3,"steps":5,"normalized":1,"accounting":"full_successor_reads_writes_no_last_pair_v2","successors":[3,3,3,3]}
{"case":1292,"call":0,"status":"budget","root":0,"steps":7,"normalized":3,"accounting":"full_successor_reads_writes_no_last_pair_v2","successors":[2,3,3,3]}
{"case":1293,"call":0,"status":"budget","root":2,"steps":8,"normalized":3,"accounting":"full_successor_reads_writes_no_last_pair_v2","successors":[2,3,3,3]}
{"case":1294,"call":0,"status":"budget","root":3,"steps":9,"normalized":3,"accounting":"full_successor_reads_writes_no_last_pair_v2","successors":[2,3,3,3]}
{"case":1295,"call":0,"status":"budget","root":3,"steps":10,"normalized":4,"accounting":"full_successor_reads_writes_no_last_pair_v2","successors":[2,3,3,3]}
{"case":1296,"call":0,"status":"budget","root":3,"steps":11,"normalized":4,"accounting":"full_successor_reads_writes_no_last_pair_v2","successors":[2,3,3,3]}
{"case":1297,"call":0,"status":"ok","root":3,"steps":12,"normalized":4,"accounting":"full_successor_reads_writes_no_last_pair_v2","successors":[3,3,3,3]}
{"case":1298,"call":0,"status":"ok","root":3,"steps":12,"normalized":4,"accounting":"full_successor_reads_writes_no_last_pair_v2","successors":[3,3,3,3]}
{"case":1299,"call":0,"status":"budget","root":0,"steps":18446744073709551609,"normalized":18446744073709551608,"accounting":"full_successor_reads_writes_no_last_pair_v2","successors":[2,3,3,3]}
{"case":1300,"call":0,"status":"budget","root":2,"steps":18446744073709551610,"normalized":18446744073709551608,"accounting":"full_successor_reads_writes_no_last_pair_v2","successors":[2,3,3,3]}
{"case":1301,"call":0,"status":"budget","root":3,"steps":18446744073709551611,"normalized":18446744073709551608,"accounting":"full_successor_reads_writes_no_last_pair_v2","successors":[2,3,3,3]}
{"case":1302,"call":0,"status":"budget","root":3,"steps":18446744073709551612,"normalized":18446744073709551609,"accounting":"full_successor_reads_writes_no_last_pair_v2","successors":[2,3,3,3]}
{"case":1303,"call":0,"status":"budget","root":3,"steps":18446744073709551613,"normalized":18446744073709551609,"accounting":"full_successor_reads_writes_no_last_pair_v2","successors":[2,3,3,3]}
{"case":1304,"call":0,"status":"ok","root":3,"steps":18446744073709551614,"normalized":18446744073709551609,"accounting":"full_successor_reads_writes_no_last_pair_v2","successors":[3,3,3,3]}
{"case":1305,"call":0,"status":"ok","root":3,"steps":18446744073709551614,"normalized":18446744073709551609,"accounting":"full_successor_reads_writes_no_last_pair_v2","successors":[3,3,3,3]}
{"case":1306,"call":0,"status":"budget","root":0,"steps":11,"normalized":4,"accounting":"full_successor_reads_writes_no_last_pair_v2","successors":[2,3,3,3]}
{"case":1307,"call":0,"status":"budget","root":1,"steps":0,"normalized":0,"accounting":"full_successor_reads_writes_no_last_pair_v2","successors":[2,3,3,3]}
{"case":1308,"call":0,"status":"budget","root":3,"steps":1,"normalized":0,"accounting":"full_successor_reads_writes_no_last_pair_v2","successors":[2,3,3,3]}
{"case":1309,"call":0,"status":"ok","root":3,"steps":2,"normalized":1,"accounting":"full_successor_reads_writes_no_last_pair_v2","successors":[2,3,3,3]}
{"case":1310,"call":0,"status":"ok","root":3,"steps":2,"normalized":1,"accounting":"full_successor_reads_writes_no_last_pair_v2","successors":[2,3,3,3]}
{"case":1311,"call":0,"status":"budget","root":1,"steps":7,"normalized":3,"accounting":"full_successor_reads_writes_no_last_pair_v2","successors":[2,3,3,3]}
{"case":1312,"call":0,"status":"budget","root":3,"steps":8,"normalized":3,"accounting":"full_successor_reads_writes_no_last_pair_v2","successors":[2,3,3,3]}
{"case":1313,"call":0,"status":"ok","root":3,"steps":9,"normalized":4,"accounting":"full_successor_reads_writes_no_last_pair_v2","successors":[2,3,3,3]}
{"case":1314,"call":0,"status":"ok","root":3,"steps":9,"normalized":4,"accounting":"full_successor_reads_writes_no_last_pair_v2","successors":[2,3,3,3]}
{"case":1315,"call":0,"status":"budget","root":1,"steps":18446744073709551612,"normalized":18446744073709551611,"accounting":"full_successor_reads_writes_no_last_pair_v2","successors":[2,3,3,3]}
{"case":1316,"call":0,"status":"budget","root":3,"steps":18446744073709551613,"normalized":18446744073709551611,"accounting":"full_successor_reads_writes_no_last_pair_v2","successors":[2,3,3,3]}
{"case":1317,"call":0,"status":"ok","root":3,"steps":18446744073709551614,"normalized":18446744073709551612,"accounting":"full_successor_reads_writes_no_last_pair_v2","successors":[2,3,3,3]}
{"case":1318,"call":0,"status":"ok","root":3,"steps":18446744073709551614,"normalized":18446744073709551612,"accounting":"full_successor_reads_writes_no_last_pair_v2","successors":[2,3,3,3]}
{"case":1319,"call":0,"status":"budget","root":1,"steps":11,"normalized":4,"accounting":"full_successor_reads_writes_no_last_pair_v2","successors":[2,3,3,3]}
{"case":1320,"call":0,"status":"budget","root":2,"steps":0,"normalized":0,"accounting":"full_successor_reads_writes_no_last_pair_v2","successors":[2,3,3,3]}
{"case":1321,"call":0,"status":"budget","root":3,"steps":1,"normalized":0,"accounting":"full_successor_reads_writes_no_last_pair_v2","successors":[2,3,3,3]}
{"case":1322,"call":0,"status":"ok","root":3,"steps":2,"normalized":1,"accounting":"full_successor_reads_writes_no_last_pair_v2","successors":[2,3,3,3]}
{"case":1323,"call":0,"status":"ok","root":3,"steps":2,"normalized":1,"accounting":"full_successor_reads_writes_no_last_pair_v2","successors":[2,3,3,3]}
{"case":1324,"call":0,"status":"budget","root":2,"steps":7,"normalized":3,"accounting":"full_successor_reads_writes_no_last_pair_v2","successors":[2,3,3,3]}
{"case":1325,"call":0,"status":"budget","root":3,"steps":8,"normalized":3,"accounting":"full_successor_reads_writes_no_last_pair_v2","successors":[2,3,3,3]}
{"case":1326,"call":0,"status":"ok","root":3,"steps":9,"normalized":4,"accounting":"full_successor_reads_writes_no_last_pair_v2","successors":[2,3,3,3]}
{"case":1327,"call":0,"status":"ok","root":3,"steps":9,"normalized":4,"accounting":"full_successor_reads_writes_no_last_pair_v2","successors":[2,3,3,3]}
{"case":1328,"call":0,"status":"budget","root":2,"steps":18446744073709551612,"normalized":18446744073709551611,"accounting":"full_successor_reads_writes_no_last_pair_v2","successors":[2,3,3,3]}
{"case":1329,"call":0,"status":"budget","root":3,"steps":18446744073709551613,"normalized":18446744073709551611,"accounting":"full_successor_reads_writes_no_last_pair_v2","successors":[2,3,3,3]}
{"case":1330,"call":0,"status":"ok","root":3,"steps":18446744073709551614,"normalized":18446744073709551612,"accounting":"full_successor_reads_writes_no_last_pair_v2","successors":[2,3,3,3]}
{"case":1331,"call":0,"status":"ok","root":3,"steps":18446744073709551614,"normalized":18446744073709551612,"accounting":"full_successor_reads_writes_no_last_pair_v2","successors":[2,3,3,3]}
{"case":1332,"call":0,"status":"budget","root":2,"steps":11,"normalized":4,"accounting":"full_successor_reads_writes_no_last_pair_v2","successors":[2,3,3,3]}
{"case":1333,"call":0,"status":"budget","root":3,"steps":0,"normalized":0,"accounting":"full_successor_reads_writes_no_last_pair_v2","successors":[2,3,3,3]}
{"case":1334,"call":0,"status":"ok","root":3,"steps":1,"normalized":0,"accounting":"full_successor_reads_writes_no_last_pair_v2","successors":[2,3,3,3]}
{"case":1335,"call":0,"status":"ok","root":3,"steps":1,"normalized":0,"accounting":"full_successor_reads_writes_no_last_pair_v2","successors":[2,3,3,3]}
{"case":1336,"call":0,"status":"budget","root":3,"steps":7,"normalized":3,"accounting":"full_successor_reads_writes_no_last_pair_v2","successors":[2,3,3,3]}
{"case":1337,"call":0,"status":"ok","root":3,"steps":8,"normalized":3,"accounting":"full_successor_reads_writes_no_last_pair_v2","successors":[2,3,3,3]}
{"case":1338,"call":0,"status":"ok","root":3,"steps":8,"normalized":3,"accounting":"full_successor_reads_writes_no_last_pair_v2","successors":[2,3,3,3]}
{"case":1339,"call":0,"status":"budget","root":3,"steps":18446744073709551613,"normalized":18446744073709551612,"accounting":"full_successor_reads_writes_no_last_pair_v2","successors":[2,3,3,3]}
{"case":1340,"call":0,"status":"ok","root":3,"steps":18446744073709551614,"normalized":18446744073709551612,"accounting":"full_successor_reads_writes_no_last_pair_v2","successors":[2,3,3,3]}
{"case":1341,"call":0,"status":"ok","root":3,"steps":18446744073709551614,"normalized":18446744073709551612,"accounting":"full_successor_reads_writes_no_last_pair_v2","successors":[2,3,3,3]}
{"case":1342,"call":0,"status":"budget","root":3,"steps":11,"normalized":4,"accounting":"full_successor_reads_writes_no_last_pair_v2","successors":[2,3,3,3]}
{"case":1343,"call":0,"status":"unknown","root":23,"steps":0,"normalized":0,"accounting":"full_successor_reads_writes_no_last_pair_v2","successors":[2,3,3,3]}
{"case":1344,"call":0,"status":"unknown","root":23,"steps":7,"normalized":3,"accounting":"full_successor_reads_writes_no_last_pair_v2","successors":[2,3,3,3]}
{"case":1345,"call":0,"status":"unknown","root":23,"steps":18446744073709551615,"normalized":18446744073709551615,"accounting":"full_successor_reads_writes_no_last_pair_v2","successors":[2,3,3,3]}
{"case":1346,"call":0,"status":"unknown","root":23,"steps":0,"normalized":0,"accounting":"full_successor_reads_writes_no_last_pair_v2","successors":[2,3,3,3]}
{"case":1347,"call":0,"status":"unknown","root":23,"steps":7,"normalized":3,"accounting":"full_successor_reads_writes_no_last_pair_v2","successors":[2,3,3,3]}
{"case":1348,"call":0,"status":"unknown","root":23,"steps":18446744073709551615,"normalized":18446744073709551615,"accounting":"full_successor_reads_writes_no_last_pair_v2","successors":[2,3,3,3]}
{"case":1349,"call":0,"status":"budget","root":0,"steps":0,"normalized":0,"accounting":"full_successor_reads_writes_no_last_pair_v2","successors":[3,1,2,3]}
{"case":1350,"call":0,"status":"budget","root":3,"steps":1,"normalized":0,"accounting":"full_successor_reads_writes_no_last_pair_v2","successors":[3,1,2,3]}
{"case":1351,"call":0,"status":"ok","root":3,"steps":2,"normalized":1,"accounting":"full_successor_reads_writes_no_last_pair_v2","successors":[3,1,2,3]}
{"case":1352,"call":0,"status":"ok","root":3,"steps":2,"normalized":1,"accounting":"full_successor_reads_writes_no_last_pair_v2","successors":[3,1,2,3]}
{"case":1353,"call":0,"status":"budget","root":0,"steps":7,"normalized":3,"accounting":"full_successor_reads_writes_no_last_pair_v2","successors":[3,1,2,3]}
{"case":1354,"call":0,"status":"budget","root":3,"steps":8,"normalized":3,"accounting":"full_successor_reads_writes_no_last_pair_v2","successors":[3,1,2,3]}
{"case":1355,"call":0,"status":"ok","root":3,"steps":9,"normalized":4,"accounting":"full_successor_reads_writes_no_last_pair_v2","successors":[3,1,2,3]}
{"case":1356,"call":0,"status":"ok","root":3,"steps":9,"normalized":4,"accounting":"full_successor_reads_writes_no_last_pair_v2","successors":[3,1,2,3]}
{"case":1357,"call":0,"status":"budget","root":0,"steps":18446744073709551612,"normalized":18446744073709551611,"accounting":"full_successor_reads_writes_no_last_pair_v2","successors":[3,1,2,3]}
{"case":1358,"call":0,"status":"budget","root":3,"steps":18446744073709551613,"normalized":18446744073709551611,"accounting":"full_successor_reads_writes_no_last_pair_v2","successors":[3,1,2,3]}
{"case":1359,"call":0,"status":"ok","root":3,"steps":18446744073709551614,"normalized":18446744073709551612,"accounting":"full_successor_reads_writes_no_last_pair_v2","successors":[3,1,2,3]}
{"case":1360,"call":0,"status":"ok","root":3,"steps":18446744073709551614,"normalized":18446744073709551612,"accounting":"full_successor_reads_writes_no_last_pair_v2","successors":[3,1,2,3]}
{"case":1361,"call":0,"status":"budget","root":0,"steps":11,"normalized":4,"accounting":"full_successor_reads_writes_no_last_pair_v2","successors":[3,1,2,3]}
{"case":1362,"call":0,"status":"budget","root":1,"steps":0,"normalized":0,"accounting":"full_successor_reads_writes_no_last_pair_v2","successors":[3,1,2,3]}
{"case":1363,"call":0,"status":"ok","root":1,"steps":1,"normalized":0,"accounting":"full_successor_reads_writes_no_last_pair_v2","successors":[3,1,2,3]}
{"case":1364,"call":0,"status":"ok","root":1,"steps":1,"normalized":0,"accounting":"full_successor_reads_writes_no_last_pair_v2","successors":[3,1,2,3]}
{"case":1365,"call":0,"status":"budget","root":1,"steps":7,"normalized":3,"accounting":"full_successor_reads_writes_no_last_pair_v2","successors":[3,1,2,3]}
{"case":1366,"call":0,"status":"ok","root":1,"steps":8,"normalized":3,"accounting":"full_successor_reads_writes_no_last_pair_v2","successors":[3,1,2,3]}
{"case":1367,"call":0,"status":"ok","root":1,"steps":8,"normalized":3,"accounting":"full_successor_reads_writes_no_last_pair_v2","successors":[3,1,2,3]}
{"case":1368,"call":0,"status":"budget","root":1,"steps":18446744073709551613,"normalized":18446744073709551612,"accounting":"full_successor_reads_writes_no_last_pair_v2","successors":[3,1,2,3]}
{"case":1369,"call":0,"status":"ok","root":1,"steps":18446744073709551614,"normalized":18446744073709551612,"accounting":"full_successor_reads_writes_no_last_pair_v2","successors":[3,1,2,3]}
{"case":1370,"call":0,"status":"ok","root":1,"steps":18446744073709551614,"normalized":18446744073709551612,"accounting":"full_successor_reads_writes_no_last_pair_v2","successors":[3,1,2,3]}
{"case":1371,"call":0,"status":"budget","root":1,"steps":11,"normalized":4,"accounting":"full_successor_reads_writes_no_last_pair_v2","successors":[3,1,2,3]}
{"case":1372,"call":0,"status":"budget","root":2,"steps":0,"normalized":0,"accounting":"full_successor_reads_writes_no_last_pair_v2","successors":[3,1,2,3]}
{"case":1373,"call":0,"status":"ok","root":2,"steps":1,"normalized":0,"accounting":"full_successor_reads_writes_no_last_pair_v2","successors":[3,1,2,3]}
{"case":1374,"call":0,"status":"ok","root":2,"steps":1,"normalized":0,"accounting":"full_successor_reads_writes_no_last_pair_v2","successors":[3,1,2,3]}
{"case":1375,"call":0,"status":"budget","root":2,"steps":7,"normalized":3,"accounting":"full_successor_reads_writes_no_last_pair_v2","successors":[3,1,2,3]}
{"case":1376,"call":0,"status":"ok","root":2,"steps":8,"normalized":3,"accounting":"full_successor_reads_writes_no_last_pair_v2","successors":[3,1,2,3]}
{"case":1377,"call":0,"status":"ok","root":2,"steps":8,"normalized":3,"accounting":"full_successor_reads_writes_no_last_pair_v2","successors":[3,1,2,3]}
{"case":1378,"call":0,"status":"budget","root":2,"steps":18446744073709551613,"normalized":18446744073709551612,"accounting":"full_successor_reads_writes_no_last_pair_v2","successors":[3,1,2,3]}
{"case":1379,"call":0,"status":"ok","root":2,"steps":18446744073709551614,"normalized":18446744073709551612,"accounting":"full_successor_reads_writes_no_last_pair_v2","successors":[3,1,2,3]}
{"case":1380,"call":0,"status":"ok","root":2,"steps":18446744073709551614,"normalized":18446744073709551612,"accounting":"full_successor_reads_writes_no_last_pair_v2","successors":[3,1,2,3]}
{"case":1381,"call":0,"status":"budget","root":2,"steps":11,"normalized":4,"accounting":"full_successor_reads_writes_no_last_pair_v2","successors":[3,1,2,3]}
{"case":1382,"call":0,"status":"budget","root":3,"steps":0,"normalized":0,"accounting":"full_successor_reads_writes_no_last_pair_v2","successors":[3,1,2,3]}
{"case":1383,"call":0,"status":"ok","root":3,"steps":1,"normalized":0,"accounting":"full_successor_reads_writes_no_last_pair_v2","successors":[3,1,2,3]}
{"case":1384,"call":0,"status":"ok","root":3,"steps":1,"normalized":0,"accounting":"full_successor_reads_writes_no_last_pair_v2","successors":[3,1,2,3]}
{"case":1385,"call":0,"status":"budget","root":3,"steps":7,"normalized":3,"accounting":"full_successor_reads_writes_no_last_pair_v2","successors":[3,1,2,3]}
{"case":1386,"call":0,"status":"ok","root":3,"steps":8,"normalized":3,"accounting":"full_successor_reads_writes_no_last_pair_v2","successors":[3,1,2,3]}
{"case":1387,"call":0,"status":"ok","root":3,"steps":8,"normalized":3,"accounting":"full_successor_reads_writes_no_last_pair_v2","successors":[3,1,2,3]}
{"case":1388,"call":0,"status":"budget","root":3,"steps":18446744073709551613,"normalized":18446744073709551612,"accounting":"full_successor_reads_writes_no_last_pair_v2","successors":[3,1,2,3]}
{"case":1389,"call":0,"status":"ok","root":3,"steps":18446744073709551614,"normalized":18446744073709551612,"accounting":"full_successor_reads_writes_no_last_pair_v2","successors":[3,1,2,3]}
{"case":1390,"call":0,"status":"ok","root":3,"steps":18446744073709551614,"normalized":18446744073709551612,"accounting":"full_successor_reads_writes_no_last_pair_v2","successors":[3,1,2,3]}
{"case":1391,"call":0,"status":"budget","root":3,"steps":11,"normalized":4,"accounting":"full_successor_reads_writes_no_last_pair_v2","successors":[3,1,2,3]}
{"case":1392,"call":0,"status":"unknown","root":23,"steps":0,"normalized":0,"accounting":"full_successor_reads_writes_no_last_pair_v2","successors":[3,1,2,3]}
{"case":1393,"call":0,"status":"unknown","root":23,"steps":7,"normalized":3,"accounting":"full_successor_reads_writes_no_last_pair_v2","successors":[3,1,2,3]}
{"case":1394,"call":0,"status":"unknown","root":23,"steps":18446744073709551615,"normalized":18446744073709551615,"accounting":"full_successor_reads_writes_no_last_pair_v2","successors":[3,1,2,3]}
{"case":1395,"call":0,"status":"unknown","root":23,"steps":0,"normalized":0,"accounting":"full_successor_reads_writes_no_last_pair_v2","successors":[3,1,2,3]}
{"case":1396,"call":0,"status":"unknown","root":23,"steps":7,"normalized":3,"accounting":"full_successor_reads_writes_no_last_pair_v2","successors":[3,1,2,3]}
{"case":1397,"call":0,"status":"unknown","root":23,"steps":18446744073709551615,"normalized":18446744073709551615,"accounting":"full_successor_reads_writes_no_last_pair_v2","successors":[3,1,2,3]}
{"case":1398,"call":0,"status":"budget","root":0,"steps":0,"normalized":0,"accounting":"full_successor_reads_writes_no_last_pair_v2","successors":[3,1,3,3]}
{"case":1399,"call":0,"status":"budget","root":3,"steps":1,"normalized":0,"accounting":"full_successor_reads_writes_no_last_pair_v2","successors":[3,1,3,3]}
{"case":1400,"call":0,"status":"ok","root":3,"steps":2,"normalized":1,"accounting":"full_successor_reads_writes_no_last_pair_v2","successors":[3,1,3,3]}
{"case":1401,"call":0,"status":"ok","root":3,"steps":2,"normalized":1,"accounting":"full_successor_reads_writes_no_last_pair_v2","successors":[3,1,3,3]}
{"case":1402,"call":0,"status":"budget","root":0,"steps":7,"normalized":3,"accounting":"full_successor_reads_writes_no_last_pair_v2","successors":[3,1,3,3]}
{"case":1403,"call":0,"status":"budget","root":3,"steps":8,"normalized":3,"accounting":"full_successor_reads_writes_no_last_pair_v2","successors":[3,1,3,3]}
{"case":1404,"call":0,"status":"ok","root":3,"steps":9,"normalized":4,"accounting":"full_successor_reads_writes_no_last_pair_v2","successors":[3,1,3,3]}
{"case":1405,"call":0,"status":"ok","root":3,"steps":9,"normalized":4,"accounting":"full_successor_reads_writes_no_last_pair_v2","successors":[3,1,3,3]}
{"case":1406,"call":0,"status":"budget","root":0,"steps":18446744073709551612,"normalized":18446744073709551611,"accounting":"full_successor_reads_writes_no_last_pair_v2","successors":[3,1,3,3]}
{"case":1407,"call":0,"status":"budget","root":3,"steps":18446744073709551613,"normalized":18446744073709551611,"accounting":"full_successor_reads_writes_no_last_pair_v2","successors":[3,1,3,3]}
{"case":1408,"call":0,"status":"ok","root":3,"steps":18446744073709551614,"normalized":18446744073709551612,"accounting":"full_successor_reads_writes_no_last_pair_v2","successors":[3,1,3,3]}
{"case":1409,"call":0,"status":"ok","root":3,"steps":18446744073709551614,"normalized":18446744073709551612,"accounting":"full_successor_reads_writes_no_last_pair_v2","successors":[3,1,3,3]}
{"case":1410,"call":0,"status":"budget","root":0,"steps":11,"normalized":4,"accounting":"full_successor_reads_writes_no_last_pair_v2","successors":[3,1,3,3]}
{"case":1411,"call":0,"status":"budget","root":1,"steps":0,"normalized":0,"accounting":"full_successor_reads_writes_no_last_pair_v2","successors":[3,1,3,3]}
{"case":1412,"call":0,"status":"ok","root":1,"steps":1,"normalized":0,"accounting":"full_successor_reads_writes_no_last_pair_v2","successors":[3,1,3,3]}
{"case":1413,"call":0,"status":"ok","root":1,"steps":1,"normalized":0,"accounting":"full_successor_reads_writes_no_last_pair_v2","successors":[3,1,3,3]}
{"case":1414,"call":0,"status":"budget","root":1,"steps":7,"normalized":3,"accounting":"full_successor_reads_writes_no_last_pair_v2","successors":[3,1,3,3]}
{"case":1415,"call":0,"status":"ok","root":1,"steps":8,"normalized":3,"accounting":"full_successor_reads_writes_no_last_pair_v2","successors":[3,1,3,3]}
{"case":1416,"call":0,"status":"ok","root":1,"steps":8,"normalized":3,"accounting":"full_successor_reads_writes_no_last_pair_v2","successors":[3,1,3,3]}
{"case":1417,"call":0,"status":"budget","root":1,"steps":18446744073709551613,"normalized":18446744073709551612,"accounting":"full_successor_reads_writes_no_last_pair_v2","successors":[3,1,3,3]}
{"case":1418,"call":0,"status":"ok","root":1,"steps":18446744073709551614,"normalized":18446744073709551612,"accounting":"full_successor_reads_writes_no_last_pair_v2","successors":[3,1,3,3]}
{"case":1419,"call":0,"status":"ok","root":1,"steps":18446744073709551614,"normalized":18446744073709551612,"accounting":"full_successor_reads_writes_no_last_pair_v2","successors":[3,1,3,3]}
{"case":1420,"call":0,"status":"budget","root":1,"steps":11,"normalized":4,"accounting":"full_successor_reads_writes_no_last_pair_v2","successors":[3,1,3,3]}
{"case":1421,"call":0,"status":"budget","root":2,"steps":0,"normalized":0,"accounting":"full_successor_reads_writes_no_last_pair_v2","successors":[3,1,3,3]}
{"case":1422,"call":0,"status":"budget","root":3,"steps":1,"normalized":0,"accounting":"full_successor_reads_writes_no_last_pair_v2","successors":[3,1,3,3]}
{"case":1423,"call":0,"status":"ok","root":3,"steps":2,"normalized":1,"accounting":"full_successor_reads_writes_no_last_pair_v2","successors":[3,1,3,3]}
{"case":1424,"call":0,"status":"ok","root":3,"steps":2,"normalized":1,"accounting":"full_successor_reads_writes_no_last_pair_v2","successors":[3,1,3,3]}
{"case":1425,"call":0,"status":"budget","root":2,"steps":7,"normalized":3,"accounting":"full_successor_reads_writes_no_last_pair_v2","successors":[3,1,3,3]}
{"case":1426,"call":0,"status":"budget","root":3,"steps":8,"normalized":3,"accounting":"full_successor_reads_writes_no_last_pair_v2","successors":[3,1,3,3]}
{"case":1427,"call":0,"status":"ok","root":3,"steps":9,"normalized":4,"accounting":"full_successor_reads_writes_no_last_pair_v2","successors":[3,1,3,3]}
{"case":1428,"call":0,"status":"ok","root":3,"steps":9,"normalized":4,"accounting":"full_successor_reads_writes_no_last_pair_v2","successors":[3,1,3,3]}
{"case":1429,"call":0,"status":"budget","root":2,"steps":18446744073709551612,"normalized":18446744073709551611,"accounting":"full_successor_reads_writes_no_last_pair_v2","successors":[3,1,3,3]}
{"case":1430,"call":0,"status":"budget","root":3,"steps":18446744073709551613,"normalized":18446744073709551611,"accounting":"full_successor_reads_writes_no_last_pair_v2","successors":[3,1,3,3]}
{"case":1431,"call":0,"status":"ok","root":3,"steps":18446744073709551614,"normalized":18446744073709551612,"accounting":"full_successor_reads_writes_no_last_pair_v2","successors":[3,1,3,3]}
{"case":1432,"call":0,"status":"ok","root":3,"steps":18446744073709551614,"normalized":18446744073709551612,"accounting":"full_successor_reads_writes_no_last_pair_v2","successors":[3,1,3,3]}
{"case":1433,"call":0,"status":"budget","root":2,"steps":11,"normalized":4,"accounting":"full_successor_reads_writes_no_last_pair_v2","successors":[3,1,3,3]}
{"case":1434,"call":0,"status":"budget","root":3,"steps":0,"normalized":0,"accounting":"full_successor_reads_writes_no_last_pair_v2","successors":[3,1,3,3]}
{"case":1435,"call":0,"status":"ok","root":3,"steps":1,"normalized":0,"accounting":"full_successor_reads_writes_no_last_pair_v2","successors":[3,1,3,3]}
{"case":1436,"call":0,"status":"ok","root":3,"steps":1,"normalized":0,"accounting":"full_successor_reads_writes_no_last_pair_v2","successors":[3,1,3,3]}
{"case":1437,"call":0,"status":"budget","root":3,"steps":7,"normalized":3,"accounting":"full_successor_reads_writes_no_last_pair_v2","successors":[3,1,3,3]}
{"case":1438,"call":0,"status":"ok","root":3,"steps":8,"normalized":3,"accounting":"full_successor_reads_writes_no_last_pair_v2","successors":[3,1,3,3]}
{"case":1439,"call":0,"status":"ok","root":3,"steps":8,"normalized":3,"accounting":"full_successor_reads_writes_no_last_pair_v2","successors":[3,1,3,3]}
{"case":1440,"call":0,"status":"budget","root":3,"steps":18446744073709551613,"normalized":18446744073709551612,"accounting":"full_successor_reads_writes_no_last_pair_v2","successors":[3,1,3,3]}
{"case":1441,"call":0,"status":"ok","root":3,"steps":18446744073709551614,"normalized":18446744073709551612,"accounting":"full_successor_reads_writes_no_last_pair_v2","successors":[3,1,3,3]}
{"case":1442,"call":0,"status":"ok","root":3,"steps":18446744073709551614,"normalized":18446744073709551612,"accounting":"full_successor_reads_writes_no_last_pair_v2","successors":[3,1,3,3]}
{"case":1443,"call":0,"status":"budget","root":3,"steps":11,"normalized":4,"accounting":"full_successor_reads_writes_no_last_pair_v2","successors":[3,1,3,3]}
{"case":1444,"call":0,"status":"unknown","root":23,"steps":0,"normalized":0,"accounting":"full_successor_reads_writes_no_last_pair_v2","successors":[3,1,3,3]}
{"case":1445,"call":0,"status":"unknown","root":23,"steps":7,"normalized":3,"accounting":"full_successor_reads_writes_no_last_pair_v2","successors":[3,1,3,3]}
{"case":1446,"call":0,"status":"unknown","root":23,"steps":18446744073709551615,"normalized":18446744073709551615,"accounting":"full_successor_reads_writes_no_last_pair_v2","successors":[3,1,3,3]}
{"case":1447,"call":0,"status":"unknown","root":23,"steps":0,"normalized":0,"accounting":"full_successor_reads_writes_no_last_pair_v2","successors":[3,1,3,3]}
{"case":1448,"call":0,"status":"unknown","root":23,"steps":7,"normalized":3,"accounting":"full_successor_reads_writes_no_last_pair_v2","successors":[3,1,3,3]}
{"case":1449,"call":0,"status":"unknown","root":23,"steps":18446744073709551615,"normalized":18446744073709551615,"accounting":"full_successor_reads_writes_no_last_pair_v2","successors":[3,1,3,3]}
{"case":1450,"call":0,"status":"budget","root":0,"steps":0,"normalized":0,"accounting":"full_successor_reads_writes_no_last_pair_v2","successors":[3,2,2,3]}
{"case":1451,"call":0,"status":"budget","root":3,"steps":1,"normalized":0,"accounting":"full_successor_reads_writes_no_last_pair_v2","successors":[3,2,2,3]}
{"case":1452,"call":0,"status":"ok","root":3,"steps":2,"normalized":1,"accounting":"full_successor_reads_writes_no_last_pair_v2","successors":[3,2,2,3]}
{"case":1453,"call":0,"status":"ok","root":3,"steps":2,"normalized":1,"accounting":"full_successor_reads_writes_no_last_pair_v2","successors":[3,2,2,3]}
{"case":1454,"call":0,"status":"budget","root":0,"steps":7,"normalized":3,"accounting":"full_successor_reads_writes_no_last_pair_v2","successors":[3,2,2,3]}
{"case":1455,"call":0,"status":"budget","root":3,"steps":8,"normalized":3,"accounting":"full_successor_reads_writes_no_last_pair_v2","successors":[3,2,2,3]}
{"case":1456,"call":0,"status":"ok","root":3,"steps":9,"normalized":4,"accounting":"full_successor_reads_writes_no_last_pair_v2","successors":[3,2,2,3]}
{"case":1457,"call":0,"status":"ok","root":3,"steps":9,"normalized":4,"accounting":"full_successor_reads_writes_no_last_pair_v2","successors":[3,2,2,3]}
{"case":1458,"call":0,"status":"budget","root":0,"steps":18446744073709551612,"normalized":18446744073709551611,"accounting":"full_successor_reads_writes_no_last_pair_v2","successors":[3,2,2,3]}
{"case":1459,"call":0,"status":"budget","root":3,"steps":18446744073709551613,"normalized":18446744073709551611,"accounting":"full_successor_reads_writes_no_last_pair_v2","successors":[3,2,2,3]}
{"case":1460,"call":0,"status":"ok","root":3,"steps":18446744073709551614,"normalized":18446744073709551612,"accounting":"full_successor_reads_writes_no_last_pair_v2","successors":[3,2,2,3]}
{"case":1461,"call":0,"status":"ok","root":3,"steps":18446744073709551614,"normalized":18446744073709551612,"accounting":"full_successor_reads_writes_no_last_pair_v2","successors":[3,2,2,3]}
{"case":1462,"call":0,"status":"budget","root":0,"steps":11,"normalized":4,"accounting":"full_successor_reads_writes_no_last_pair_v2","successors":[3,2,2,3]}
{"case":1463,"call":0,"status":"budget","root":1,"steps":0,"normalized":0,"accounting":"full_successor_reads_writes_no_last_pair_v2","successors":[3,2,2,3]}
{"case":1464,"call":0,"status":"budget","root":2,"steps":1,"normalized":0,"accounting":"full_successor_reads_writes_no_last_pair_v2","successors":[3,2,2,3]}
{"case":1465,"call":0,"status":"ok","root":2,"steps":2,"normalized":1,"accounting":"full_successor_reads_writes_no_last_pair_v2","successors":[3,2,2,3]}
{"case":1466,"call":0,"status":"ok","root":2,"steps":2,"normalized":1,"accounting":"full_successor_reads_writes_no_last_pair_v2","successors":[3,2,2,3]}
{"case":1467,"call":0,"status":"budget","root":1,"steps":7,"normalized":3,"accounting":"full_successor_reads_writes_no_last_pair_v2","successors":[3,2,2,3]}
{"case":1468,"call":0,"status":"budget","root":2,"steps":8,"normalized":3,"accounting":"full_successor_reads_writes_no_last_pair_v2","successors":[3,2,2,3]}
{"case":1469,"call":0,"status":"ok","root":2,"steps":9,"normalized":4,"accounting":"full_successor_reads_writes_no_last_pair_v2","successors":[3,2,2,3]}
{"case":1470,"call":0,"status":"ok","root":2,"steps":9,"normalized":4,"accounting":"full_successor_reads_writes_no_last_pair_v2","successors":[3,2,2,3]}
{"case":1471,"call":0,"status":"budget","root":1,"steps":18446744073709551612,"normalized":18446744073709551611,"accounting":"full_successor_reads_writes_no_last_pair_v2","successors":[3,2,2,3]}
{"case":1472,"call":0,"status":"budget","root":2,"steps":18446744073709551613,"normalized":18446744073709551611,"accounting":"full_successor_reads_writes_no_last_pair_v2","successors":[3,2,2,3]}
{"case":1473,"call":0,"status":"ok","root":2,"steps":18446744073709551614,"normalized":18446744073709551612,"accounting":"full_successor_reads_writes_no_last_pair_v2","successors":[3,2,2,3]}
{"case":1474,"call":0,"status":"ok","root":2,"steps":18446744073709551614,"normalized":18446744073709551612,"accounting":"full_successor_reads_writes_no_last_pair_v2","successors":[3,2,2,3]}
{"case":1475,"call":0,"status":"budget","root":1,"steps":11,"normalized":4,"accounting":"full_successor_reads_writes_no_last_pair_v2","successors":[3,2,2,3]}
{"case":1476,"call":0,"status":"budget","root":2,"steps":0,"normalized":0,"accounting":"full_successor_reads_writes_no_last_pair_v2","successors":[3,2,2,3]}
{"case":1477,"call":0,"status":"ok","root":2,"steps":1,"normalized":0,"accounting":"full_successor_reads_writes_no_last_pair_v2","successors":[3,2,2,3]}
{"case":1478,"call":0,"status":"ok","root":2,"steps":1,"normalized":0,"accounting":"full_successor_reads_writes_no_last_pair_v2","successors":[3,2,2,3]}
{"case":1479,"call":0,"status":"budget","root":2,"steps":7,"normalized":3,"accounting":"full_successor_reads_writes_no_last_pair_v2","successors":[3,2,2,3]}
{"case":1480,"call":0,"status":"ok","root":2,"steps":8,"normalized":3,"accounting":"full_successor_reads_writes_no_last_pair_v2","successors":[3,2,2,3]}
{"case":1481,"call":0,"status":"ok","root":2,"steps":8,"normalized":3,"accounting":"full_successor_reads_writes_no_last_pair_v2","successors":[3,2,2,3]}
{"case":1482,"call":0,"status":"budget","root":2,"steps":18446744073709551613,"normalized":18446744073709551612,"accounting":"full_successor_reads_writes_no_last_pair_v2","successors":[3,2,2,3]}
{"case":1483,"call":0,"status":"ok","root":2,"steps":18446744073709551614,"normalized":18446744073709551612,"accounting":"full_successor_reads_writes_no_last_pair_v2","successors":[3,2,2,3]}
{"case":1484,"call":0,"status":"ok","root":2,"steps":18446744073709551614,"normalized":18446744073709551612,"accounting":"full_successor_reads_writes_no_last_pair_v2","successors":[3,2,2,3]}
{"case":1485,"call":0,"status":"budget","root":2,"steps":11,"normalized":4,"accounting":"full_successor_reads_writes_no_last_pair_v2","successors":[3,2,2,3]}
{"case":1486,"call":0,"status":"budget","root":3,"steps":0,"normalized":0,"accounting":"full_successor_reads_writes_no_last_pair_v2","successors":[3,2,2,3]}
{"case":1487,"call":0,"status":"ok","root":3,"steps":1,"normalized":0,"accounting":"full_successor_reads_writes_no_last_pair_v2","successors":[3,2,2,3]}
{"case":1488,"call":0,"status":"ok","root":3,"steps":1,"normalized":0,"accounting":"full_successor_reads_writes_no_last_pair_v2","successors":[3,2,2,3]}
{"case":1489,"call":0,"status":"budget","root":3,"steps":7,"normalized":3,"accounting":"full_successor_reads_writes_no_last_pair_v2","successors":[3,2,2,3]}
{"case":1490,"call":0,"status":"ok","root":3,"steps":8,"normalized":3,"accounting":"full_successor_reads_writes_no_last_pair_v2","successors":[3,2,2,3]}
{"case":1491,"call":0,"status":"ok","root":3,"steps":8,"normalized":3,"accounting":"full_successor_reads_writes_no_last_pair_v2","successors":[3,2,2,3]}
{"case":1492,"call":0,"status":"budget","root":3,"steps":18446744073709551613,"normalized":18446744073709551612,"accounting":"full_successor_reads_writes_no_last_pair_v2","successors":[3,2,2,3]}
{"case":1493,"call":0,"status":"ok","root":3,"steps":18446744073709551614,"normalized":18446744073709551612,"accounting":"full_successor_reads_writes_no_last_pair_v2","successors":[3,2,2,3]}
{"case":1494,"call":0,"status":"ok","root":3,"steps":18446744073709551614,"normalized":18446744073709551612,"accounting":"full_successor_reads_writes_no_last_pair_v2","successors":[3,2,2,3]}
{"case":1495,"call":0,"status":"budget","root":3,"steps":11,"normalized":4,"accounting":"full_successor_reads_writes_no_last_pair_v2","successors":[3,2,2,3]}
{"case":1496,"call":0,"status":"unknown","root":23,"steps":0,"normalized":0,"accounting":"full_successor_reads_writes_no_last_pair_v2","successors":[3,2,2,3]}
{"case":1497,"call":0,"status":"unknown","root":23,"steps":7,"normalized":3,"accounting":"full_successor_reads_writes_no_last_pair_v2","successors":[3,2,2,3]}
{"case":1498,"call":0,"status":"unknown","root":23,"steps":18446744073709551615,"normalized":18446744073709551615,"accounting":"full_successor_reads_writes_no_last_pair_v2","successors":[3,2,2,3]}
{"case":1499,"call":0,"status":"unknown","root":23,"steps":0,"normalized":0,"accounting":"full_successor_reads_writes_no_last_pair_v2","successors":[3,2,2,3]}
{"case":1500,"call":0,"status":"unknown","root":23,"steps":7,"normalized":3,"accounting":"full_successor_reads_writes_no_last_pair_v2","successors":[3,2,2,3]}
{"case":1501,"call":0,"status":"unknown","root":23,"steps":18446744073709551615,"normalized":18446744073709551615,"accounting":"full_successor_reads_writes_no_last_pair_v2","successors":[3,2,2,3]}
{"case":1502,"call":0,"status":"budget","root":0,"steps":0,"normalized":0,"accounting":"full_successor_reads_writes_no_last_pair_v2","successors":[3,2,3,3]}
{"case":1503,"call":0,"status":"budget","root":3,"steps":1,"normalized":0,"accounting":"full_successor_reads_writes_no_last_pair_v2","successors":[3,2,3,3]}
{"case":1504,"call":0,"status":"ok","root":3,"steps":2,"normalized":1,"accounting":"full_successor_reads_writes_no_last_pair_v2","successors":[3,2,3,3]}
{"case":1505,"call":0,"status":"ok","root":3,"steps":2,"normalized":1,"accounting":"full_successor_reads_writes_no_last_pair_v2","successors":[3,2,3,3]}
{"case":1506,"call":0,"status":"budget","root":0,"steps":7,"normalized":3,"accounting":"full_successor_reads_writes_no_last_pair_v2","successors":[3,2,3,3]}
{"case":1507,"call":0,"status":"budget","root":3,"steps":8,"normalized":3,"accounting":"full_successor_reads_writes_no_last_pair_v2","successors":[3,2,3,3]}
{"case":1508,"call":0,"status":"ok","root":3,"steps":9,"normalized":4,"accounting":"full_successor_reads_writes_no_last_pair_v2","successors":[3,2,3,3]}
{"case":1509,"call":0,"status":"ok","root":3,"steps":9,"normalized":4,"accounting":"full_successor_reads_writes_no_last_pair_v2","successors":[3,2,3,3]}
{"case":1510,"call":0,"status":"budget","root":0,"steps":18446744073709551612,"normalized":18446744073709551611,"accounting":"full_successor_reads_writes_no_last_pair_v2","successors":[3,2,3,3]}
{"case":1511,"call":0,"status":"budget","root":3,"steps":18446744073709551613,"normalized":18446744073709551611,"accounting":"full_successor_reads_writes_no_last_pair_v2","successors":[3,2,3,3]}
{"case":1512,"call":0,"status":"ok","root":3,"steps":18446744073709551614,"normalized":18446744073709551612,"accounting":"full_successor_reads_writes_no_last_pair_v2","successors":[3,2,3,3]}
{"case":1513,"call":0,"status":"ok","root":3,"steps":18446744073709551614,"normalized":18446744073709551612,"accounting":"full_successor_reads_writes_no_last_pair_v2","successors":[3,2,3,3]}
{"case":1514,"call":0,"status":"budget","root":0,"steps":11,"normalized":4,"accounting":"full_successor_reads_writes_no_last_pair_v2","successors":[3,2,3,3]}
{"case":1515,"call":0,"status":"budget","root":1,"steps":0,"normalized":0,"accounting":"full_successor_reads_writes_no_last_pair_v2","successors":[3,2,3,3]}
{"case":1516,"call":0,"status":"budget","root":2,"steps":1,"normalized":0,"accounting":"full_successor_reads_writes_no_last_pair_v2","successors":[3,2,3,3]}
{"case":1517,"call":0,"status":"budget","root":3,"steps":2,"normalized":0,"accounting":"full_successor_reads_writes_no_last_pair_v2","successors":[3,2,3,3]}
{"case":1518,"call":0,"status":"budget","root":3,"steps":3,"normalized":1,"accounting":"full_successor_reads_writes_no_last_pair_v2","successors":[3,2,3,3]}
{"case":1519,"call":0,"status":"budget","root":3,"steps":4,"normalized":1,"accounting":"full_successor_reads_writes_no_last_pair_v2","successors":[3,2,3,3]}
{"case":1520,"call":0,"status":"ok","root":3,"steps":5,"normalized":1,"accounting":"full_successor_reads_writes_no_last_pair_v2","successors":[3,3,3,3]}
{"case":1521,"call":0,"status":"ok","root":3,"steps":5,"normalized":1,"accounting":"full_successor_reads_writes_no_last_pair_v2","successors":[3,3,3,3]}
{"case":1522,"call":0,"status":"budget","root":1,"steps":7,"normalized":3,"accounting":"full_successor_reads_writes_no_last_pair_v2","successors":[3,2,3,3]}
{"case":1523,"call":0,"status":"budget","root":2,"steps":8,"normalized":3,"accounting":"full_successor_reads_writes_no_last_pair_v2","successors":[3,2,3,3]}
{"case":1524,"call":0,"status":"budget","root":3,"steps":9,"normalized":3,"accounting":"full_successor_reads_writes_no_last_pair_v2","successors":[3,2,3,3]}
{"case":1525,"call":0,"status":"budget","root":3,"steps":10,"normalized":4,"accounting":"full_successor_reads_writes_no_last_pair_v2","successors":[3,2,3,3]}
{"case":1526,"call":0,"status":"budget","root":3,"steps":11,"normalized":4,"accounting":"full_successor_reads_writes_no_last_pair_v2","successors":[3,2,3,3]}
{"case":1527,"call":0,"status":"ok","root":3,"steps":12,"normalized":4,"accounting":"full_successor_reads_writes_no_last_pair_v2","successors":[3,3,3,3]}
{"case":1528,"call":0,"status":"ok","root":3,"steps":12,"normalized":4,"accounting":"full_successor_reads_writes_no_last_pair_v2","successors":[3,3,3,3]}
{"case":1529,"call":0,"status":"budget","root":1,"steps":18446744073709551609,"normalized":18446744073709551608,"accounting":"full_successor_reads_writes_no_last_pair_v2","successors":[3,2,3,3]}
{"case":1530,"call":0,"status":"budget","root":2,"steps":18446744073709551610,"normalized":18446744073709551608,"accounting":"full_successor_reads_writes_no_last_pair_v2","successors":[3,2,3,3]}
{"case":1531,"call":0,"status":"budget","root":3,"steps":18446744073709551611,"normalized":18446744073709551608,"accounting":"full_successor_reads_writes_no_last_pair_v2","successors":[3,2,3,3]}
{"case":1532,"call":0,"status":"budget","root":3,"steps":18446744073709551612,"normalized":18446744073709551609,"accounting":"full_successor_reads_writes_no_last_pair_v2","successors":[3,2,3,3]}
{"case":1533,"call":0,"status":"budget","root":3,"steps":18446744073709551613,"normalized":18446744073709551609,"accounting":"full_successor_reads_writes_no_last_pair_v2","successors":[3,2,3,3]}
{"case":1534,"call":0,"status":"ok","root":3,"steps":18446744073709551614,"normalized":18446744073709551609,"accounting":"full_successor_reads_writes_no_last_pair_v2","successors":[3,3,3,3]}
{"case":1535,"call":0,"status":"ok","root":3,"steps":18446744073709551614,"normalized":18446744073709551609,"accounting":"full_successor_reads_writes_no_last_pair_v2","successors":[3,3,3,3]}
{"case":1536,"call":0,"status":"budget","root":1,"steps":11,"normalized":4,"accounting":"full_successor_reads_writes_no_last_pair_v2","successors":[3,2,3,3]}
{"case":1537,"call":0,"status":"budget","root":2,"steps":0,"normalized":0,"accounting":"full_successor_reads_writes_no_last_pair_v2","successors":[3,2,3,3]}
{"case":1538,"call":0,"status":"budget","root":3,"steps":1,"normalized":0,"accounting":"full_successor_reads_writes_no_last_pair_v2","successors":[3,2,3,3]}
{"case":1539,"call":0,"status":"ok","root":3,"steps":2,"normalized":1,"accounting":"full_successor_reads_writes_no_last_pair_v2","successors":[3,2,3,3]}
{"case":1540,"call":0,"status":"ok","root":3,"steps":2,"normalized":1,"accounting":"full_successor_reads_writes_no_last_pair_v2","successors":[3,2,3,3]}
{"case":1541,"call":0,"status":"budget","root":2,"steps":7,"normalized":3,"accounting":"full_successor_reads_writes_no_last_pair_v2","successors":[3,2,3,3]}
{"case":1542,"call":0,"status":"budget","root":3,"steps":8,"normalized":3,"accounting":"full_successor_reads_writes_no_last_pair_v2","successors":[3,2,3,3]}
{"case":1543,"call":0,"status":"ok","root":3,"steps":9,"normalized":4,"accounting":"full_successor_reads_writes_no_last_pair_v2","successors":[3,2,3,3]}
{"case":1544,"call":0,"status":"ok","root":3,"steps":9,"normalized":4,"accounting":"full_successor_reads_writes_no_last_pair_v2","successors":[3,2,3,3]}
{"case":1545,"call":0,"status":"budget","root":2,"steps":18446744073709551612,"normalized":18446744073709551611,"accounting":"full_successor_reads_writes_no_last_pair_v2","successors":[3,2,3,3]}
{"case":1546,"call":0,"status":"budget","root":3,"steps":18446744073709551613,"normalized":18446744073709551611,"accounting":"full_successor_reads_writes_no_last_pair_v2","successors":[3,2,3,3]}
{"case":1547,"call":0,"status":"ok","root":3,"steps":18446744073709551614,"normalized":18446744073709551612,"accounting":"full_successor_reads_writes_no_last_pair_v2","successors":[3,2,3,3]}
{"case":1548,"call":0,"status":"ok","root":3,"steps":18446744073709551614,"normalized":18446744073709551612,"accounting":"full_successor_reads_writes_no_last_pair_v2","successors":[3,2,3,3]}
{"case":1549,"call":0,"status":"budget","root":2,"steps":11,"normalized":4,"accounting":"full_successor_reads_writes_no_last_pair_v2","successors":[3,2,3,3]}
{"case":1550,"call":0,"status":"budget","root":3,"steps":0,"normalized":0,"accounting":"full_successor_reads_writes_no_last_pair_v2","successors":[3,2,3,3]}
{"case":1551,"call":0,"status":"ok","root":3,"steps":1,"normalized":0,"accounting":"full_successor_reads_writes_no_last_pair_v2","successors":[3,2,3,3]}
{"case":1552,"call":0,"status":"ok","root":3,"steps":1,"normalized":0,"accounting":"full_successor_reads_writes_no_last_pair_v2","successors":[3,2,3,3]}
{"case":1553,"call":0,"status":"budget","root":3,"steps":7,"normalized":3,"accounting":"full_successor_reads_writes_no_last_pair_v2","successors":[3,2,3,3]}
{"case":1554,"call":0,"status":"ok","root":3,"steps":8,"normalized":3,"accounting":"full_successor_reads_writes_no_last_pair_v2","successors":[3,2,3,3]}
{"case":1555,"call":0,"status":"ok","root":3,"steps":8,"normalized":3,"accounting":"full_successor_reads_writes_no_last_pair_v2","successors":[3,2,3,3]}
{"case":1556,"call":0,"status":"budget","root":3,"steps":18446744073709551613,"normalized":18446744073709551612,"accounting":"full_successor_reads_writes_no_last_pair_v2","successors":[3,2,3,3]}
{"case":1557,"call":0,"status":"ok","root":3,"steps":18446744073709551614,"normalized":18446744073709551612,"accounting":"full_successor_reads_writes_no_last_pair_v2","successors":[3,2,3,3]}
{"case":1558,"call":0,"status":"ok","root":3,"steps":18446744073709551614,"normalized":18446744073709551612,"accounting":"full_successor_reads_writes_no_last_pair_v2","successors":[3,2,3,3]}
{"case":1559,"call":0,"status":"budget","root":3,"steps":11,"normalized":4,"accounting":"full_successor_reads_writes_no_last_pair_v2","successors":[3,2,3,3]}
{"case":1560,"call":0,"status":"unknown","root":23,"steps":0,"normalized":0,"accounting":"full_successor_reads_writes_no_last_pair_v2","successors":[3,2,3,3]}
{"case":1561,"call":0,"status":"unknown","root":23,"steps":7,"normalized":3,"accounting":"full_successor_reads_writes_no_last_pair_v2","successors":[3,2,3,3]}
{"case":1562,"call":0,"status":"unknown","root":23,"steps":18446744073709551615,"normalized":18446744073709551615,"accounting":"full_successor_reads_writes_no_last_pair_v2","successors":[3,2,3,3]}
{"case":1563,"call":0,"status":"unknown","root":23,"steps":0,"normalized":0,"accounting":"full_successor_reads_writes_no_last_pair_v2","successors":[3,2,3,3]}
{"case":1564,"call":0,"status":"unknown","root":23,"steps":7,"normalized":3,"accounting":"full_successor_reads_writes_no_last_pair_v2","successors":[3,2,3,3]}
{"case":1565,"call":0,"status":"unknown","root":23,"steps":18446744073709551615,"normalized":18446744073709551615,"accounting":"full_successor_reads_writes_no_last_pair_v2","successors":[3,2,3,3]}
{"case":1566,"call":0,"status":"budget","root":0,"steps":0,"normalized":0,"accounting":"full_successor_reads_writes_no_last_pair_v2","successors":[3,3,2,3]}
{"case":1567,"call":0,"status":"budget","root":3,"steps":1,"normalized":0,"accounting":"full_successor_reads_writes_no_last_pair_v2","successors":[3,3,2,3]}
{"case":1568,"call":0,"status":"ok","root":3,"steps":2,"normalized":1,"accounting":"full_successor_reads_writes_no_last_pair_v2","successors":[3,3,2,3]}
{"case":1569,"call":0,"status":"ok","root":3,"steps":2,"normalized":1,"accounting":"full_successor_reads_writes_no_last_pair_v2","successors":[3,3,2,3]}
{"case":1570,"call":0,"status":"budget","root":0,"steps":7,"normalized":3,"accounting":"full_successor_reads_writes_no_last_pair_v2","successors":[3,3,2,3]}
{"case":1571,"call":0,"status":"budget","root":3,"steps":8,"normalized":3,"accounting":"full_successor_reads_writes_no_last_pair_v2","successors":[3,3,2,3]}
{"case":1572,"call":0,"status":"ok","root":3,"steps":9,"normalized":4,"accounting":"full_successor_reads_writes_no_last_pair_v2","successors":[3,3,2,3]}
{"case":1573,"call":0,"status":"ok","root":3,"steps":9,"normalized":4,"accounting":"full_successor_reads_writes_no_last_pair_v2","successors":[3,3,2,3]}
{"case":1574,"call":0,"status":"budget","root":0,"steps":18446744073709551612,"normalized":18446744073709551611,"accounting":"full_successor_reads_writes_no_last_pair_v2","successors":[3,3,2,3]}
{"case":1575,"call":0,"status":"budget","root":3,"steps":18446744073709551613,"normalized":18446744073709551611,"accounting":"full_successor_reads_writes_no_last_pair_v2","successors":[3,3,2,3]}
{"case":1576,"call":0,"status":"ok","root":3,"steps":18446744073709551614,"normalized":18446744073709551612,"accounting":"full_successor_reads_writes_no_last_pair_v2","successors":[3,3,2,3]}
{"case":1577,"call":0,"status":"ok","root":3,"steps":18446744073709551614,"normalized":18446744073709551612,"accounting":"full_successor_reads_writes_no_last_pair_v2","successors":[3,3,2,3]}
{"case":1578,"call":0,"status":"budget","root":0,"steps":11,"normalized":4,"accounting":"full_successor_reads_writes_no_last_pair_v2","successors":[3,3,2,3]}
{"case":1579,"call":0,"status":"budget","root":1,"steps":0,"normalized":0,"accounting":"full_successor_reads_writes_no_last_pair_v2","successors":[3,3,2,3]}
{"case":1580,"call":0,"status":"budget","root":3,"steps":1,"normalized":0,"accounting":"full_successor_reads_writes_no_last_pair_v2","successors":[3,3,2,3]}
{"case":1581,"call":0,"status":"ok","root":3,"steps":2,"normalized":1,"accounting":"full_successor_reads_writes_no_last_pair_v2","successors":[3,3,2,3]}
{"case":1582,"call":0,"status":"ok","root":3,"steps":2,"normalized":1,"accounting":"full_successor_reads_writes_no_last_pair_v2","successors":[3,3,2,3]}
{"case":1583,"call":0,"status":"budget","root":1,"steps":7,"normalized":3,"accounting":"full_successor_reads_writes_no_last_pair_v2","successors":[3,3,2,3]}
{"case":1584,"call":0,"status":"budget","root":3,"steps":8,"normalized":3,"accounting":"full_successor_reads_writes_no_last_pair_v2","successors":[3,3,2,3]}
{"case":1585,"call":0,"status":"ok","root":3,"steps":9,"normalized":4,"accounting":"full_successor_reads_writes_no_last_pair_v2","successors":[3,3,2,3]}
{"case":1586,"call":0,"status":"ok","root":3,"steps":9,"normalized":4,"accounting":"full_successor_reads_writes_no_last_pair_v2","successors":[3,3,2,3]}
{"case":1587,"call":0,"status":"budget","root":1,"steps":18446744073709551612,"normalized":18446744073709551611,"accounting":"full_successor_reads_writes_no_last_pair_v2","successors":[3,3,2,3]}
{"case":1588,"call":0,"status":"budget","root":3,"steps":18446744073709551613,"normalized":18446744073709551611,"accounting":"full_successor_reads_writes_no_last_pair_v2","successors":[3,3,2,3]}
{"case":1589,"call":0,"status":"ok","root":3,"steps":18446744073709551614,"normalized":18446744073709551612,"accounting":"full_successor_reads_writes_no_last_pair_v2","successors":[3,3,2,3]}
{"case":1590,"call":0,"status":"ok","root":3,"steps":18446744073709551614,"normalized":18446744073709551612,"accounting":"full_successor_reads_writes_no_last_pair_v2","successors":[3,3,2,3]}
{"case":1591,"call":0,"status":"budget","root":1,"steps":11,"normalized":4,"accounting":"full_successor_reads_writes_no_last_pair_v2","successors":[3,3,2,3]}
{"case":1592,"call":0,"status":"budget","root":2,"steps":0,"normalized":0,"accounting":"full_successor_reads_writes_no_last_pair_v2","successors":[3,3,2,3]}
{"case":1593,"call":0,"status":"ok","root":2,"steps":1,"normalized":0,"accounting":"full_successor_reads_writes_no_last_pair_v2","successors":[3,3,2,3]}
{"case":1594,"call":0,"status":"ok","root":2,"steps":1,"normalized":0,"accounting":"full_successor_reads_writes_no_last_pair_v2","successors":[3,3,2,3]}
{"case":1595,"call":0,"status":"budget","root":2,"steps":7,"normalized":3,"accounting":"full_successor_reads_writes_no_last_pair_v2","successors":[3,3,2,3]}
{"case":1596,"call":0,"status":"ok","root":2,"steps":8,"normalized":3,"accounting":"full_successor_reads_writes_no_last_pair_v2","successors":[3,3,2,3]}
{"case":1597,"call":0,"status":"ok","root":2,"steps":8,"normalized":3,"accounting":"full_successor_reads_writes_no_last_pair_v2","successors":[3,3,2,3]}
{"case":1598,"call":0,"status":"budget","root":2,"steps":18446744073709551613,"normalized":18446744073709551612,"accounting":"full_successor_reads_writes_no_last_pair_v2","successors":[3,3,2,3]}
{"case":1599,"call":0,"status":"ok","root":2,"steps":18446744073709551614,"normalized":18446744073709551612,"accounting":"full_successor_reads_writes_no_last_pair_v2","successors":[3,3,2,3]}
{"case":1600,"call":0,"status":"ok","root":2,"steps":18446744073709551614,"normalized":18446744073709551612,"accounting":"full_successor_reads_writes_no_last_pair_v2","successors":[3,3,2,3]}
{"case":1601,"call":0,"status":"budget","root":2,"steps":11,"normalized":4,"accounting":"full_successor_reads_writes_no_last_pair_v2","successors":[3,3,2,3]}
{"case":1602,"call":0,"status":"budget","root":3,"steps":0,"normalized":0,"accounting":"full_successor_reads_writes_no_last_pair_v2","successors":[3,3,2,3]}
{"case":1603,"call":0,"status":"ok","root":3,"steps":1,"normalized":0,"accounting":"full_successor_reads_writes_no_last_pair_v2","successors":[3,3,2,3]}
{"case":1604,"call":0,"status":"ok","root":3,"steps":1,"normalized":0,"accounting":"full_successor_reads_writes_no_last_pair_v2","successors":[3,3,2,3]}
{"case":1605,"call":0,"status":"budget","root":3,"steps":7,"normalized":3,"accounting":"full_successor_reads_writes_no_last_pair_v2","successors":[3,3,2,3]}
{"case":1606,"call":0,"status":"ok","root":3,"steps":8,"normalized":3,"accounting":"full_successor_reads_writes_no_last_pair_v2","successors":[3,3,2,3]}
{"case":1607,"call":0,"status":"ok","root":3,"steps":8,"normalized":3,"accounting":"full_successor_reads_writes_no_last_pair_v2","successors":[3,3,2,3]}
{"case":1608,"call":0,"status":"budget","root":3,"steps":18446744073709551613,"normalized":18446744073709551612,"accounting":"full_successor_reads_writes_no_last_pair_v2","successors":[3,3,2,3]}
{"case":1609,"call":0,"status":"ok","root":3,"steps":18446744073709551614,"normalized":18446744073709551612,"accounting":"full_successor_reads_writes_no_last_pair_v2","successors":[3,3,2,3]}
{"case":1610,"call":0,"status":"ok","root":3,"steps":18446744073709551614,"normalized":18446744073709551612,"accounting":"full_successor_reads_writes_no_last_pair_v2","successors":[3,3,2,3]}
{"case":1611,"call":0,"status":"budget","root":3,"steps":11,"normalized":4,"accounting":"full_successor_reads_writes_no_last_pair_v2","successors":[3,3,2,3]}
{"case":1612,"call":0,"status":"unknown","root":23,"steps":0,"normalized":0,"accounting":"full_successor_reads_writes_no_last_pair_v2","successors":[3,3,2,3]}
{"case":1613,"call":0,"status":"unknown","root":23,"steps":7,"normalized":3,"accounting":"full_successor_reads_writes_no_last_pair_v2","successors":[3,3,2,3]}
{"case":1614,"call":0,"status":"unknown","root":23,"steps":18446744073709551615,"normalized":18446744073709551615,"accounting":"full_successor_reads_writes_no_last_pair_v2","successors":[3,3,2,3]}
{"case":1615,"call":0,"status":"unknown","root":23,"steps":0,"normalized":0,"accounting":"full_successor_reads_writes_no_last_pair_v2","successors":[3,3,2,3]}
{"case":1616,"call":0,"status":"unknown","root":23,"steps":7,"normalized":3,"accounting":"full_successor_reads_writes_no_last_pair_v2","successors":[3,3,2,3]}
{"case":1617,"call":0,"status":"unknown","root":23,"steps":18446744073709551615,"normalized":18446744073709551615,"accounting":"full_successor_reads_writes_no_last_pair_v2","successors":[3,3,2,3]}
{"case":1618,"call":0,"status":"budget","root":0,"steps":0,"normalized":0,"accounting":"full_successor_reads_writes_no_last_pair_v2","successors":[3,3,3,3]}
{"case":1619,"call":0,"status":"budget","root":3,"steps":1,"normalized":0,"accounting":"full_successor_reads_writes_no_last_pair_v2","successors":[3,3,3,3]}
{"case":1620,"call":0,"status":"ok","root":3,"steps":2,"normalized":1,"accounting":"full_successor_reads_writes_no_last_pair_v2","successors":[3,3,3,3]}
{"case":1621,"call":0,"status":"ok","root":3,"steps":2,"normalized":1,"accounting":"full_successor_reads_writes_no_last_pair_v2","successors":[3,3,3,3]}
{"case":1622,"call":0,"status":"budget","root":0,"steps":7,"normalized":3,"accounting":"full_successor_reads_writes_no_last_pair_v2","successors":[3,3,3,3]}
{"case":1623,"call":0,"status":"budget","root":3,"steps":8,"normalized":3,"accounting":"full_successor_reads_writes_no_last_pair_v2","successors":[3,3,3,3]}
{"case":1624,"call":0,"status":"ok","root":3,"steps":9,"normalized":4,"accounting":"full_successor_reads_writes_no_last_pair_v2","successors":[3,3,3,3]}
{"case":1625,"call":0,"status":"ok","root":3,"steps":9,"normalized":4,"accounting":"full_successor_reads_writes_no_last_pair_v2","successors":[3,3,3,3]}
{"case":1626,"call":0,"status":"budget","root":0,"steps":18446744073709551612,"normalized":18446744073709551611,"accounting":"full_successor_reads_writes_no_last_pair_v2","successors":[3,3,3,3]}
{"case":1627,"call":0,"status":"budget","root":3,"steps":18446744073709551613,"normalized":18446744073709551611,"accounting":"full_successor_reads_writes_no_last_pair_v2","successors":[3,3,3,3]}
{"case":1628,"call":0,"status":"ok","root":3,"steps":18446744073709551614,"normalized":18446744073709551612,"accounting":"full_successor_reads_writes_no_last_pair_v2","successors":[3,3,3,3]}
{"case":1629,"call":0,"status":"ok","root":3,"steps":18446744073709551614,"normalized":18446744073709551612,"accounting":"full_successor_reads_writes_no_last_pair_v2","successors":[3,3,3,3]}
{"case":1630,"call":0,"status":"budget","root":0,"steps":11,"normalized":4,"accounting":"full_successor_reads_writes_no_last_pair_v2","successors":[3,3,3,3]}
{"case":1631,"call":0,"status":"budget","root":1,"steps":0,"normalized":0,"accounting":"full_successor_reads_writes_no_last_pair_v2","successors":[3,3,3,3]}
{"case":1632,"call":0,"status":"budget","root":3,"steps":1,"normalized":0,"accounting":"full_successor_reads_writes_no_last_pair_v2","successors":[3,3,3,3]}
{"case":1633,"call":0,"status":"ok","root":3,"steps":2,"normalized":1,"accounting":"full_successor_reads_writes_no_last_pair_v2","successors":[3,3,3,3]}
{"case":1634,"call":0,"status":"ok","root":3,"steps":2,"normalized":1,"accounting":"full_successor_reads_writes_no_last_pair_v2","successors":[3,3,3,3]}
{"case":1635,"call":0,"status":"budget","root":1,"steps":7,"normalized":3,"accounting":"full_successor_reads_writes_no_last_pair_v2","successors":[3,3,3,3]}
{"case":1636,"call":0,"status":"budget","root":3,"steps":8,"normalized":3,"accounting":"full_successor_reads_writes_no_last_pair_v2","successors":[3,3,3,3]}
{"case":1637,"call":0,"status":"ok","root":3,"steps":9,"normalized":4,"accounting":"full_successor_reads_writes_no_last_pair_v2","successors":[3,3,3,3]}
{"case":1638,"call":0,"status":"ok","root":3,"steps":9,"normalized":4,"accounting":"full_successor_reads_writes_no_last_pair_v2","successors":[3,3,3,3]}
{"case":1639,"call":0,"status":"budget","root":1,"steps":18446744073709551612,"normalized":18446744073709551611,"accounting":"full_successor_reads_writes_no_last_pair_v2","successors":[3,3,3,3]}
{"case":1640,"call":0,"status":"budget","root":3,"steps":18446744073709551613,"normalized":18446744073709551611,"accounting":"full_successor_reads_writes_no_last_pair_v2","successors":[3,3,3,3]}
{"case":1641,"call":0,"status":"ok","root":3,"steps":18446744073709551614,"normalized":18446744073709551612,"accounting":"full_successor_reads_writes_no_last_pair_v2","successors":[3,3,3,3]}
{"case":1642,"call":0,"status":"ok","root":3,"steps":18446744073709551614,"normalized":18446744073709551612,"accounting":"full_successor_reads_writes_no_last_pair_v2","successors":[3,3,3,3]}
{"case":1643,"call":0,"status":"budget","root":1,"steps":11,"normalized":4,"accounting":"full_successor_reads_writes_no_last_pair_v2","successors":[3,3,3,3]}
{"case":1644,"call":0,"status":"budget","root":2,"steps":0,"normalized":0,"accounting":"full_successor_reads_writes_no_last_pair_v2","successors":[3,3,3,3]}
{"case":1645,"call":0,"status":"budget","root":3,"steps":1,"normalized":0,"accounting":"full_successor_reads_writes_no_last_pair_v2","successors":[3,3,3,3]}
{"case":1646,"call":0,"status":"ok","root":3,"steps":2,"normalized":1,"accounting":"full_successor_reads_writes_no_last_pair_v2","successors":[3,3,3,3]}
{"case":1647,"call":0,"status":"ok","root":3,"steps":2,"normalized":1,"accounting":"full_successor_reads_writes_no_last_pair_v2","successors":[3,3,3,3]}
{"case":1648,"call":0,"status":"budget","root":2,"steps":7,"normalized":3,"accounting":"full_successor_reads_writes_no_last_pair_v2","successors":[3,3,3,3]}
{"case":1649,"call":0,"status":"budget","root":3,"steps":8,"normalized":3,"accounting":"full_successor_reads_writes_no_last_pair_v2","successors":[3,3,3,3]}
{"case":1650,"call":0,"status":"ok","root":3,"steps":9,"normalized":4,"accounting":"full_successor_reads_writes_no_last_pair_v2","successors":[3,3,3,3]}
{"case":1651,"call":0,"status":"ok","root":3,"steps":9,"normalized":4,"accounting":"full_successor_reads_writes_no_last_pair_v2","successors":[3,3,3,3]}
{"case":1652,"call":0,"status":"budget","root":2,"steps":18446744073709551612,"normalized":18446744073709551611,"accounting":"full_successor_reads_writes_no_last_pair_v2","successors":[3,3,3,3]}
{"case":1653,"call":0,"status":"budget","root":3,"steps":18446744073709551613,"normalized":18446744073709551611,"accounting":"full_successor_reads_writes_no_last_pair_v2","successors":[3,3,3,3]}
{"case":1654,"call":0,"status":"ok","root":3,"steps":18446744073709551614,"normalized":18446744073709551612,"accounting":"full_successor_reads_writes_no_last_pair_v2","successors":[3,3,3,3]}
{"case":1655,"call":0,"status":"ok","root":3,"steps":18446744073709551614,"normalized":18446744073709551612,"accounting":"full_successor_reads_writes_no_last_pair_v2","successors":[3,3,3,3]}
{"case":1656,"call":0,"status":"budget","root":2,"steps":11,"normalized":4,"accounting":"full_successor_reads_writes_no_last_pair_v2","successors":[3,3,3,3]}
{"case":1657,"call":0,"status":"budget","root":3,"steps":0,"normalized":0,"accounting":"full_successor_reads_writes_no_last_pair_v2","successors":[3,3,3,3]}
{"case":1658,"call":0,"status":"ok","root":3,"steps":1,"normalized":0,"accounting":"full_successor_reads_writes_no_last_pair_v2","successors":[3,3,3,3]}
{"case":1659,"call":0,"status":"ok","root":3,"steps":1,"normalized":0,"accounting":"full_successor_reads_writes_no_last_pair_v2","successors":[3,3,3,3]}
{"case":1660,"call":0,"status":"budget","root":3,"steps":7,"normalized":3,"accounting":"full_successor_reads_writes_no_last_pair_v2","successors":[3,3,3,3]}
{"case":1661,"call":0,"status":"ok","root":3,"steps":8,"normalized":3,"accounting":"full_successor_reads_writes_no_last_pair_v2","successors":[3,3,3,3]}
{"case":1662,"call":0,"status":"ok","root":3,"steps":8,"normalized":3,"accounting":"full_successor_reads_writes_no_last_pair_v2","successors":[3,3,3,3]}
{"case":1663,"call":0,"status":"budget","root":3,"steps":18446744073709551613,"normalized":18446744073709551612,"accounting":"full_successor_reads_writes_no_last_pair_v2","successors":[3,3,3,3]}
{"case":1664,"call":0,"status":"ok","root":3,"steps":18446744073709551614,"normalized":18446744073709551612,"accounting":"full_successor_reads_writes_no_last_pair_v2","successors":[3,3,3,3]}
{"case":1665,"call":0,"status":"ok","root":3,"steps":18446744073709551614,"normalized":18446744073709551612,"accounting":"full_successor_reads_writes_no_last_pair_v2","successors":[3,3,3,3]}
{"case":1666,"call":0,"status":"budget","root":3,"steps":11,"normalized":4,"accounting":"full_successor_reads_writes_no_last_pair_v2","successors":[3,3,3,3]}
{"case":1667,"call":0,"status":"unknown","root":23,"steps":0,"normalized":0,"accounting":"full_successor_reads_writes_no_last_pair_v2","successors":[3,3,3,3]}
{"case":1668,"call":0,"status":"unknown","root":23,"steps":7,"normalized":3,"accounting":"full_successor_reads_writes_no_last_pair_v2","successors":[3,3,3,3]}
{"case":1669,"call":0,"status":"unknown","root":23,"steps":18446744073709551615,"normalized":18446744073709551615,"accounting":"full_successor_reads_writes_no_last_pair_v2","successors":[3,3,3,3]}
{"case":1670,"call":0,"status":"unknown","root":23,"steps":0,"normalized":0,"accounting":"full_successor_reads_writes_no_last_pair_v2","successors":[3,3,3,3]}
{"case":1671,"call":0,"status":"unknown","root":23,"steps":7,"normalized":3,"accounting":"full_successor_reads_writes_no_last_pair_v2","successors":[3,3,3,3]}
{"case":1672,"call":0,"status":"unknown","root":23,"steps":18446744073709551615,"normalized":18446744073709551615,"accounting":"full_successor_reads_writes_no_last_pair_v2","successors":[3,3,3,3]}
{"case":1673,"call":0,"status":"budget","root":0,"steps":0,"normalized":0,"accounting":"full_successor_reads_writes_no_last_pair_v2","successors":[3,1,8,6,4,10,9,7,11,11,10,11]}
{"case":1674,"call":0,"status":"budget","root":3,"steps":1,"normalized":0,"accounting":"full_successor_reads_writes_no_last_pair_v2","successors":[3,1,8,6,4,10,9,7,11,11,10,11]}
{"case":1675,"call":0,"status":"budget","root":6,"steps":2,"normalized":0,"accounting":"full_successor_reads_writes_no_last_pair_v2","successors":[3,1,8,6,4,10,9,7,11,11,10,11]}
{"case":1676,"call":0,"status":"budget","root":9,"steps":3,"normalized":0,"accounting":"full_successor_reads_writes_no_last_pair_v2","successors":[3,1,8,6,4,10,9,7,11,11,10,11]}
{"case":1677,"call":0,"status":"budget","root":11,"steps":4,"normalized":0,"accounting":"full_successor_reads_writes_no_last_pair_v2","successors":[3,1,8,6,4,10,9,7,11,11,10,11]}
{"case":1678,"call":0,"status":"budget","root":11,"steps":5,"normalized":1,"accounting":"full_successor_reads_writes_no_last_pair_v2","successors":[3,1,8,6,4,10,9,7,11,11,10,11]}
{"case":1679,"call":0,"status":"budget","root":11,"steps":6,"normalized":1,"accounting":"full_successor_reads_writes_no_last_pair_v2","successors":[3,1,8,6,4,10,9,7,11,11,10,11]}
{"case":1680,"call":0,"status":"budget","root":11,"steps":7,"normalized":1,"accounting":"full_successor_reads_writes_no_last_pair_v2","successors":[11,1,8,6,4,10,9,7,11,11,10,11]}
{"case":1681,"call":0,"status":"budget","root":11,"steps":8,"normalized":1,"accounting":"full_successor_reads_writes_no_last_pair_v2","successors":[11,1,8,6,4,10,9,7,11,11,10,11]}
{"case":1682,"call":0,"status":"budget","root":11,"steps":9,"normalized":1,"accounting":"full_successor_reads_writes_no_last_pair_v2","successors":[11,1,8,11,4,10,9,7,11,11,10,11]}
{"case":1683,"call":0,"status":"budget","root":11,"steps":10,"normalized":1,"accounting":"full_successor_reads_writes_no_last_pair_v2","successors":[11,1,8,11,4,10,9,7,11,11,10,11]}
{"case":1684,"call":0,"status":"ok","root":11,"steps":11,"normalized":1,"accounting":"full_successor_reads_writes_no_last_pair_v2","successors":[11,1,8,11,4,10,11,7,11,11,10,11]}
{"case":1685,"call":0,"status":"ok","root":11,"steps":11,"normalized":1,"accounting":"full_successor_reads_writes_no_last_pair_v2","successors":[11,1,8,11,4,10,11,7,11,11,10,11]}
{"case":1686,"call":0,"status":"budget","root":0,"steps":7,"normalized":3,"accounting":"full_successor_reads_writes_no_last_pair_v2","successors":[3,1,8,6,4,10,9,7,11,11,10,11]}
{"case":1687,"call":0,"status":"budget","root":3,"steps":8,"normalized":3,"accounting":"full_successor_reads_writes_no_last_pair_v2","successors":[3,1,8,6,4,10,9,7,11,11,10,11]}
{"case":1688,"call":0,"status":"budget","root":6,"steps":9,"normalized":3,"accounting":"full_successor_reads_writes_no_last_pair_v2","successors":[3,1,8,6,4,10,9,7,11,11,10,11]}
{"case":1689,"call":0,"status":"budget","root":9,"steps":10,"normalized":3,"accounting":"full_successor_reads_writes_no_last_pair_v2","successors":[3,1,8,6,4,10,9,7,11,11,10,11]}
{"case":1690,"call":0,"status":"budget","root":11,"steps":11,"normalized":3,"accounting":"full_successor_reads_writes_no_last_pair_v2","successors":[3,1,8,6,4,10,9,7,11,11,10,11]}
{"case":1691,"call":0,"status":"budget","root":11,"steps":12,"normalized":4,"accounting":"full_successor_reads_writes_no_last_pair_v2","successors":[3,1,8,6,4,10,9,7,11,11,10,11]}
{"case":1692,"call":0,"status":"budget","root":11,"steps":13,"normalized":4,"accounting":"full_successor_reads_writes_no_last_pair_v2","successors":[3,1,8,6,4,10,9,7,11,11,10,11]}
{"case":1693,"call":0,"status":"budget","root":11,"steps":14,"normalized":4,"accounting":"full_successor_reads_writes_no_last_pair_v2","successors":[11,1,8,6,4,10,9,7,11,11,10,11]}
{"case":1694,"call":0,"status":"budget","root":11,"steps":15,"normalized":4,"accounting":"full_successor_reads_writes_no_last_pair_v2","successors":[11,1,8,6,4,10,9,7,11,11,10,11]}
{"case":1695,"call":0,"status":"budget","root":11,"steps":16,"normalized":4,"accounting":"full_successor_reads_writes_no_last_pair_v2","successors":[11,1,8,11,4,10,9,7,11,11,10,11]}
{"case":1696,"call":0,"status":"budget","root":11,"steps":17,"normalized":4,"accounting":"full_successor_reads_writes_no_last_pair_v2","successors":[11,1,8,11,4,10,9,7,11,11,10,11]}
{"case":1697,"call":0,"status":"ok","root":11,"steps":18,"normalized":4,"accounting":"full_successor_reads_writes_no_last_pair_v2","successors":[11,1,8,11,4,10,11,7,11,11,10,11]}
{"case":1698,"call":0,"status":"ok","root":11,"steps":18,"normalized":4,"accounting":"full_successor_reads_writes_no_last_pair_v2","successors":[11,1,8,11,4,10,11,7,11,11,10,11]}
{"case":1699,"call":0,"status":"budget","root":0,"steps":18446744073709551603,"normalized":18446744073709551602,"accounting":"full_successor_reads_writes_no_last_pair_v2","successors":[3,1,8,6,4,10,9,7,11,11,10,11]}
{"case":1700,"call":0,"status":"budget","root":3,"steps":18446744073709551604,"normalized":18446744073709551602,"accounting":"full_successor_reads_writes_no_last_pair_v2","successors":[3,1,8,6,4,10,9,7,11,11,10,11]}
{"case":1701,"call":0,"status":"budget","root":6,"steps":18446744073709551605,"normalized":18446744073709551602,"accounting":"full_successor_reads_writes_no_last_pair_v2","successors":[3,1,8,6,4,10,9,7,11,11,10,11]}
{"case":1702,"call":0,"status":"budget","root":9,"steps":18446744073709551606,"normalized":18446744073709551602,"accounting":"full_successor_reads_writes_no_last_pair_v2","successors":[3,1,8,6,4,10,9,7,11,11,10,11]}
{"case":1703,"call":0,"status":"budget","root":11,"steps":18446744073709551607,"normalized":18446744073709551602,"accounting":"full_successor_reads_writes_no_last_pair_v2","successors":[3,1,8,6,4,10,9,7,11,11,10,11]}
{"case":1704,"call":0,"status":"budget","root":11,"steps":18446744073709551608,"normalized":18446744073709551603,"accounting":"full_successor_reads_writes_no_last_pair_v2","successors":[3,1,8,6,4,10,9,7,11,11,10,11]}
{"case":1705,"call":0,"status":"budget","root":11,"steps":18446744073709551609,"normalized":18446744073709551603,"accounting":"full_successor_reads_writes_no_last_pair_v2","successors":[3,1,8,6,4,10,9,7,11,11,10,11]}
{"case":1706,"call":0,"status":"budget","root":11,"steps":18446744073709551610,"normalized":18446744073709551603,"accounting":"full_successor_reads_writes_no_last_pair_v2","successors":[11,1,8,6,4,10,9,7,11,11,10,11]}
{"case":1707,"call":0,"status":"budget","root":11,"steps":18446744073709551611,"normalized":18446744073709551603,"accounting":"full_successor_reads_writes_no_last_pair_v2","successors":[11,1,8,6,4,10,9,7,11,11,10,11]}
{"case":1708,"call":0,"status":"budget","root":11,"steps":18446744073709551612,"normalized":18446744073709551603,"accounting":"full_successor_reads_writes_no_last_pair_v2","successors":[11,1,8,11,4,10,9,7,11,11,10,11]}
{"case":1709,"call":0,"status":"budget","root":11,"steps":18446744073709551613,"normalized":18446744073709551603,"accounting":"full_successor_reads_writes_no_last_pair_v2","successors":[11,1,8,11,4,10,9,7,11,11,10,11]}
{"case":1710,"call":0,"status":"ok","root":11,"steps":18446744073709551614,"normalized":18446744073709551603,"accounting":"full_successor_reads_writes_no_last_pair_v2","successors":[11,1,8,11,4,10,11,7,11,11,10,11]}
{"case":1711,"call":0,"status":"ok","root":11,"steps":18446744073709551614,"normalized":18446744073709551603,"accounting":"full_successor_reads_writes_no_last_pair_v2","successors":[11,1,8,11,4,10,11,7,11,11,10,11]}
{"case":1712,"call":0,"status":"budget","root":0,"steps":11,"normalized":4,"accounting":"full_successor_reads_writes_no_last_pair_v2","successors":[3,1,8,6,4,10,9,7,11,11,10,11]}
{"case":1713,"call":0,"status":"budget","root":1,"steps":0,"normalized":0,"accounting":"full_successor_reads_writes_no_last_pair_v2","successors":[3,1,8,6,4,10,9,7,11,11,10,11]}
{"case":1714,"call":0,"status":"ok","root":1,"steps":1,"normalized":0,"accounting":"full_successor_reads_writes_no_last_pair_v2","successors":[3,1,8,6,4,10,9,7,11,11,10,11]}
{"case":1715,"call":0,"status":"ok","root":1,"steps":1,"normalized":0,"accounting":"full_successor_reads_writes_no_last_pair_v2","successors":[3,1,8,6,4,10,9,7,11,11,10,11]}
{"case":1716,"call":0,"status":"budget","root":1,"steps":7,"normalized":3,"accounting":"full_successor_reads_writes_no_last_pair_v2","successors":[3,1,8,6,4,10,9,7,11,11,10,11]}
{"case":1717,"call":0,"status":"ok","root":1,"steps":8,"normalized":3,"accounting":"full_successor_reads_writes_no_last_pair_v2","successors":[3,1,8,6,4,10,9,7,11,11,10,11]}
{"case":1718,"call":0,"status":"ok","root":1,"steps":8,"normalized":3,"accounting":"full_successor_reads_writes_no_last_pair_v2","successors":[3,1,8,6,4,10,9,7,11,11,10,11]}
{"case":1719,"call":0,"status":"budget","root":1,"steps":18446744073709551613,"normalized":18446744073709551612,"accounting":"full_successor_reads_writes_no_last_pair_v2","successors":[3,1,8,6,4,10,9,7,11,11,10,11]}
{"case":1720,"call":0,"status":"ok","root":1,"steps":18446744073709551614,"normalized":18446744073709551612,"accounting":"full_successor_reads_writes_no_last_pair_v2","successors":[3,1,8,6,4,10,9,7,11,11,10,11]}
{"case":1721,"call":0,"status":"ok","root":1,"steps":18446744073709551614,"normalized":18446744073709551612,"accounting":"full_successor_reads_writes_no_last_pair_v2","successors":[3,1,8,6,4,10,9,7,11,11,10,11]}
{"case":1722,"call":0,"status":"budget","root":1,"steps":11,"normalized":4,"accounting":"full_successor_reads_writes_no_last_pair_v2","successors":[3,1,8,6,4,10,9,7,11,11,10,11]}
{"case":1723,"call":0,"status":"budget","root":2,"steps":0,"normalized":0,"accounting":"full_successor_reads_writes_no_last_pair_v2","successors":[3,1,8,6,4,10,9,7,11,11,10,11]}
{"case":1724,"call":0,"status":"budget","root":8,"steps":1,"normalized":0,"accounting":"full_successor_reads_writes_no_last_pair_v2","successors":[3,1,8,6,4,10,9,7,11,11,10,11]}
{"case":1725,"call":0,"status":"budget","root":11,"steps":2,"normalized":0,"accounting":"full_successor_reads_writes_no_last_pair_v2","successors":[3,1,8,6,4,10,9,7,11,11,10,11]}
{"case":1726,"call":0,"status":"budget","root":11,"steps":3,"normalized":1,"accounting":"full_successor_reads_writes_no_last_pair_v2","successors":[3,1,8,6,4,10,9,7,11,11,10,11]}
{"case":1727,"call":0,"status":"budget","root":11,"steps":4,"normalized":1,"accounting":"full_successor_reads_writes_no_last_pair_v2","successors":[3,1,8,6,4,10,9,7,11,11,10,11]}
{"case":1728,"call":0,"status":"ok","root":11,"steps":5,"normalized":1,"accounting":"full_successor_reads_writes_no_last_pair_v2","successors":[3,1,11,6,4,10,9,7,11,11,10,11]}
{"case":1729,"call":0,"status":"ok","root":11,"steps":5,"normalized":1,"accounting":"full_successor_reads_writes_no_last_pair_v2","successors":[3,1,11,6,4,10,9,7,11,11,10,11]}
{"case":1730,"call":0,"status":"budget","root":2,"steps":7,"normalized":3,"accounting":"full_successor_reads_writes_no_last_pair_v2","successors":[3,1,8,6,4,10,9,7,11,11,10,11]}
{"case":1731,"call":0,"status":"budget","root":8,"steps":8,"normalized":3,"accounting":"full_successor_reads_writes_no_last_pair_v2","successors":[3,1,8,6,4,10,9,7,11,11,10,11]}
{"case":1732,"call":0,"status":"budget","root":11,"steps":9,"normalized":3,"accounting":"full_successor_reads_writes_no_last_pair_v2","successors":[3,1,8,6,4,10,9,7,11,11,10,11]}
{"case":1733,"call":0,"status":"budget","root":11,"steps":10,"normalized":4,"accounting":"full_successor_reads_writes_no_last_pair_v2","successors":[3,1,8,6,4,10,9,7,11,11,10,11]}
{"case":1734,"call":0,"status":"budget","root":11,"steps":11,"normalized":4,"accounting":"full_successor_reads_writes_no_last_pair_v2","successors":[3,1,8,6,4,10,9,7,11,11,10,11]}
{"case":1735,"call":0,"status":"ok","root":11,"steps":12,"normalized":4,"accounting":"full_successor_reads_writes_no_last_pair_v2","successors":[3,1,11,6,4,10,9,7,11,11,10,11]}
{"case":1736,"call":0,"status":"ok","root":11,"steps":12,"normalized":4,"accounting":"full_successor_reads_writes_no_last_pair_v2","successors":[3,1,11,6,4,10,9,7,11,11,10,11]}
{"case":1737,"call":0,"status":"budget","root":2,"steps":18446744073709551609,"normalized":18446744073709551608,"accounting":"full_successor_reads_writes_no_last_pair_v2","successors":[3,1,8,6,4,10,9,7,11,11,10,11]}
{"case":1738,"call":0,"status":"budget","root":8,"steps":18446744073709551610,"normalized":18446744073709551608,"accounting":"full_successor_reads_writes_no_last_pair_v2","successors":[3,1,8,6,4,10,9,7,11,11,10,11]}
{"case":1739,"call":0,"status":"budget","root":11,"steps":18446744073709551611,"normalized":18446744073709551608,"accounting":"full_successor_reads_writes_no_last_pair_v2","successors":[3,1,8,6,4,10,9,7,11,11,10,11]}
{"case":1740,"call":0,"status":"budget","root":11,"steps":18446744073709551612,"normalized":18446744073709551609,"accounting":"full_successor_reads_writes_no_last_pair_v2","successors":[3,1,8,6,4,10,9,7,11,11,10,11]}
{"case":1741,"call":0,"status":"budget","root":11,"steps":18446744073709551613,"normalized":18446744073709551609,"accounting":"full_successor_reads_writes_no_last_pair_v2","successors":[3,1,8,6,4,10,9,7,11,11,10,11]}
{"case":1742,"call":0,"status":"ok","root":11,"steps":18446744073709551614,"normalized":18446744073709551609,"accounting":"full_successor_reads_writes_no_last_pair_v2","successors":[3,1,11,6,4,10,9,7,11,11,10,11]}
{"case":1743,"call":0,"status":"ok","root":11,"steps":18446744073709551614,"normalized":18446744073709551609,"accounting":"full_successor_reads_writes_no_last_pair_v2","successors":[3,1,11,6,4,10,9,7,11,11,10,11]}
{"case":1744,"call":0,"status":"budget","root":2,"steps":11,"normalized":4,"accounting":"full_successor_reads_writes_no_last_pair_v2","successors":[3,1,8,6,4,10,9,7,11,11,10,11]}
{"case":1745,"call":0,"status":"budget","root":3,"steps":0,"normalized":0,"accounting":"full_successor_reads_writes_no_last_pair_v2","successors":[3,1,8,6,4,10,9,7,11,11,10,11]}
{"case":1746,"call":0,"status":"budget","root":6,"steps":1,"normalized":0,"accounting":"full_successor_reads_writes_no_last_pair_v2","successors":[3,1,8,6,4,10,9,7,11,11,10,11]}
{"case":1747,"call":0,"status":"budget","root":9,"steps":2,"normalized":0,"accounting":"full_successor_reads_writes_no_last_pair_v2","successors":[3,1,8,6,4,10,9,7,11,11,10,11]}
{"case":1748,"call":0,"status":"budget","root":11,"steps":3,"normalized":0,"accounting":"full_successor_reads_writes_no_last_pair_v2","successors":[3,1,8,6,4,10,9,7,11,11,10,11]}
{"case":1749,"call":0,"status":"budget","root":11,"steps":4,"normalized":1,"accounting":"full_successor_reads_writes_no_last_pair_v2","successors":[3,1,8,6,4,10,9,7,11,11,10,11]}
{"case":1750,"call":0,"status":"budget","root":11,"steps":5,"normalized":1,"accounting":"full_successor_reads_writes_no_last_pair_v2","successors":[3,1,8,6,4,10,9,7,11,11,10,11]}
{"case":1751,"call":0,"status":"budget","root":11,"steps":6,"normalized":1,"accounting":"full_successor_reads_writes_no_last_pair_v2","successors":[3,1,8,11,4,10,9,7,11,11,10,11]}
{"case":1752,"call":0,"status":"budget","root":11,"steps":7,"normalized":1,"accounting":"full_successor_reads_writes_no_last_pair_v2","successors":[3,1,8,11,4,10,9,7,11,11,10,11]}
{"case":1753,"call":0,"status":"ok","root":11,"steps":8,"normalized":1,"accounting":"full_successor_reads_writes_no_last_pair_v2","successors":[3,1,8,11,4,10,11,7,11,11,10,11]}
{"case":1754,"call":0,"status":"ok","root":11,"steps":8,"normalized":1,"accounting":"full_successor_reads_writes_no_last_pair_v2","successors":[3,1,8,11,4,10,11,7,11,11,10,11]}
{"case":1755,"call":0,"status":"budget","root":3,"steps":7,"normalized":3,"accounting":"full_successor_reads_writes_no_last_pair_v2","successors":[3,1,8,6,4,10,9,7,11,11,10,11]}
{"case":1756,"call":0,"status":"budget","root":6,"steps":8,"normalized":3,"accounting":"full_successor_reads_writes_no_last_pair_v2","successors":[3,1,8,6,4,10,9,7,11,11,10,11]}
{"case":1757,"call":0,"status":"budget","root":9,"steps":9,"normalized":3,"accounting":"full_successor_reads_writes_no_last_pair_v2","successors":[3,1,8,6,4,10,9,7,11,11,10,11]}
{"case":1758,"call":0,"status":"budget","root":11,"steps":10,"normalized":3,"accounting":"full_successor_reads_writes_no_last_pair_v2","successors":[3,1,8,6,4,10,9,7,11,11,10,11]}
{"case":1759,"call":0,"status":"budget","root":11,"steps":11,"normalized":4,"accounting":"full_successor_reads_writes_no_last_pair_v2","successors":[3,1,8,6,4,10,9,7,11,11,10,11]}
{"case":1760,"call":0,"status":"budget","root":11,"steps":12,"normalized":4,"accounting":"full_successor_reads_writes_no_last_pair_v2","successors":[3,1,8,6,4,10,9,7,11,11,10,11]}
{"case":1761,"call":0,"status":"budget","root":11,"steps":13,"normalized":4,"accounting":"full_successor_reads_writes_no_last_pair_v2","successors":[3,1,8,11,4,10,9,7,11,11,10,11]}
{"case":1762,"call":0,"status":"budget","root":11,"steps":14,"normalized":4,"accounting":"full_successor_reads_writes_no_last_pair_v2","successors":[3,1,8,11,4,10,9,7,11,11,10,11]}
{"case":1763,"call":0,"status":"ok","root":11,"steps":15,"normalized":4,"accounting":"full_successor_reads_writes_no_last_pair_v2","successors":[3,1,8,11,4,10,11,7,11,11,10,11]}
{"case":1764,"call":0,"status":"ok","root":11,"steps":15,"normalized":4,"accounting":"full_successor_reads_writes_no_last_pair_v2","successors":[3,1,8,11,4,10,11,7,11,11,10,11]}
{"case":1765,"call":0,"status":"budget","root":3,"steps":18446744073709551606,"normalized":18446744073709551605,"accounting":"full_successor_reads_writes_no_last_pair_v2","successors":[3,1,8,6,4,10,9,7,11,11,10,11]}
{"case":1766,"call":0,"status":"budget","root":6,"steps":18446744073709551607,"normalized":18446744073709551605,"accounting":"full_successor_reads_writes_no_last_pair_v2","successors":[3,1,8,6,4,10,9,7,11,11,10,11]}
{"case":1767,"call":0,"status":"budget","root":9,"steps":18446744073709551608,"normalized":18446744073709551605,"accounting":"full_successor_reads_writes_no_last_pair_v2","successors":[3,1,8,6,4,10,9,7,11,11,10,11]}
{"case":1768,"call":0,"status":"budget","root":11,"steps":18446744073709551609,"normalized":18446744073709551605,"accounting":"full_successor_reads_writes_no_last_pair_v2","successors":[3,1,8,6,4,10,9,7,11,11,10,11]}
{"case":1769,"call":0,"status":"budget","root":11,"steps":18446744073709551610,"normalized":18446744073709551606,"accounting":"full_successor_reads_writes_no_last_pair_v2","successors":[3,1,8,6,4,10,9,7,11,11,10,11]}
{"case":1770,"call":0,"status":"budget","root":11,"steps":18446744073709551611,"normalized":18446744073709551606,"accounting":"full_successor_reads_writes_no_last_pair_v2","successors":[3,1,8,6,4,10,9,7,11,11,10,11]}
{"case":1771,"call":0,"status":"budget","root":11,"steps":18446744073709551612,"normalized":18446744073709551606,"accounting":"full_successor_reads_writes_no_last_pair_v2","successors":[3,1,8,11,4,10,9,7,11,11,10,11]}
{"case":1772,"call":0,"status":"budget","root":11,"steps":18446744073709551613,"normalized":18446744073709551606,"accounting":"full_successor_reads_writes_no_last_pair_v2","successors":[3,1,8,11,4,10,9,7,11,11,10,11]}
{"case":1773,"call":0,"status":"ok","root":11,"steps":18446744073709551614,"normalized":18446744073709551606,"accounting":"full_successor_reads_writes_no_last_pair_v2","successors":[3,1,8,11,4,10,11,7,11,11,10,11]}
{"case":1774,"call":0,"status":"ok","root":11,"steps":18446744073709551614,"normalized":18446744073709551606,"accounting":"full_successor_reads_writes_no_last_pair_v2","successors":[3,1,8,11,4,10,11,7,11,11,10,11]}
{"case":1775,"call":0,"status":"budget","root":3,"steps":11,"normalized":4,"accounting":"full_successor_reads_writes_no_last_pair_v2","successors":[3,1,8,6,4,10,9,7,11,11,10,11]}
{"case":1776,"call":0,"status":"budget","root":4,"steps":0,"normalized":0,"accounting":"full_successor_reads_writes_no_last_pair_v2","successors":[3,1,8,6,4,10,9,7,11,11,10,11]}
{"case":1777,"call":0,"status":"ok","root":4,"steps":1,"normalized":0,"accounting":"full_successor_reads_writes_no_last_pair_v2","successors":[3,1,8,6,4,10,9,7,11,11,10,11]}
{"case":1778,"call":0,"status":"ok","root":4,"steps":1,"normalized":0,"accounting":"full_successor_reads_writes_no_last_pair_v2","successors":[3,1,8,6,4,10,9,7,11,11,10,11]}
{"case":1779,"call":0,"status":"budget","root":4,"steps":7,"normalized":3,"accounting":"full_successor_reads_writes_no_last_pair_v2","successors":[3,1,8,6,4,10,9,7,11,11,10,11]}
{"case":1780,"call":0,"status":"ok","root":4,"steps":8,"normalized":3,"accounting":"full_successor_reads_writes_no_last_pair_v2","successors":[3,1,8,6,4,10,9,7,11,11,10,11]}
{"case":1781,"call":0,"status":"ok","root":4,"steps":8,"normalized":3,"accounting":"full_successor_reads_writes_no_last_pair_v2","successors":[3,1,8,6,4,10,9,7,11,11,10,11]}
{"case":1782,"call":0,"status":"budget","root":4,"steps":18446744073709551613,"normalized":18446744073709551612,"accounting":"full_successor_reads_writes_no_last_pair_v2","successors":[3,1,8,6,4,10,9,7,11,11,10,11]}
{"case":1783,"call":0,"status":"ok","root":4,"steps":18446744073709551614,"normalized":18446744073709551612,"accounting":"full_successor_reads_writes_no_last_pair_v2","successors":[3,1,8,6,4,10,9,7,11,11,10,11]}
{"case":1784,"call":0,"status":"ok","root":4,"steps":18446744073709551614,"normalized":18446744073709551612,"accounting":"full_successor_reads_writes_no_last_pair_v2","successors":[3,1,8,6,4,10,9,7,11,11,10,11]}
{"case":1785,"call":0,"status":"budget","root":4,"steps":11,"normalized":4,"accounting":"full_successor_reads_writes_no_last_pair_v2","successors":[3,1,8,6,4,10,9,7,11,11,10,11]}
{"case":1786,"call":0,"status":"budget","root":5,"steps":0,"normalized":0,"accounting":"full_successor_reads_writes_no_last_pair_v2","successors":[3,1,8,6,4,10,9,7,11,11,10,11]}
{"case":1787,"call":0,"status":"budget","root":10,"steps":1,"normalized":0,"accounting":"full_successor_reads_writes_no_last_pair_v2","successors":[3,1,8,6,4,10,9,7,11,11,10,11]}
{"case":1788,"call":0,"status":"ok","root":10,"steps":2,"normalized":1,"accounting":"full_successor_reads_writes_no_last_pair_v2","successors":[3,1,8,6,4,10,9,7,11,11,10,11]}
{"case":1789,"call":0,"status":"ok","root":10,"steps":2,"normalized":1,"accounting":"full_successor_reads_writes_no_last_pair_v2","successors":[3,1,8,6,4,10,9,7,11,11,10,11]}
{"case":1790,"call":0,"status":"budget","root":5,"steps":7,"normalized":3,"accounting":"full_successor_reads_writes_no_last_pair_v2","successors":[3,1,8,6,4,10,9,7,11,11,10,11]}
{"case":1791,"call":0,"status":"budget","root":10,"steps":8,"normalized":3,"accounting":"full_successor_reads_writes_no_last_pair_v2","successors":[3,1,8,6,4,10,9,7,11,11,10,11]}
{"case":1792,"call":0,"status":"ok","root":10,"steps":9,"normalized":4,"accounting":"full_successor_reads_writes_no_last_pair_v2","successors":[3,1,8,6,4,10,9,7,11,11,10,11]}
{"case":1793,"call":0,"status":"ok","root":10,"steps":9,"normalized":4,"accounting":"full_successor_reads_writes_no_last_pair_v2","successors":[3,1,8,6,4,10,9,7,11,11,10,11]}
{"case":1794,"call":0,"status":"budget","root":5,"steps":18446744073709551612,"normalized":18446744073709551611,"accounting":"full_successor_reads_writes_no_last_pair_v2","successors":[3,1,8,6,4,10,9,7,11,11,10,11]}
{"case":1795,"call":0,"status":"budget","root":10,"steps":18446744073709551613,"normalized":18446744073709551611,"accounting":"full_successor_reads_writes_no_last_pair_v2","successors":[3,1,8,6,4,10,9,7,11,11,10,11]}
{"case":1796,"call":0,"status":"ok","root":10,"steps":18446744073709551614,"normalized":18446744073709551612,"accounting":"full_successor_reads_writes_no_last_pair_v2","successors":[3,1,8,6,4,10,9,7,11,11,10,11]}
{"case":1797,"call":0,"status":"ok","root":10,"steps":18446744073709551614,"normalized":18446744073709551612,"accounting":"full_successor_reads_writes_no_last_pair_v2","successors":[3,1,8,6,4,10,9,7,11,11,10,11]}
{"case":1798,"call":0,"status":"budget","root":5,"steps":11,"normalized":4,"accounting":"full_successor_reads_writes_no_last_pair_v2","successors":[3,1,8,6,4,10,9,7,11,11,10,11]}
{"case":1799,"call":0,"status":"budget","root":6,"steps":0,"normalized":0,"accounting":"full_successor_reads_writes_no_last_pair_v2","successors":[3,1,8,6,4,10,9,7,11,11,10,11]}
{"case":1800,"call":0,"status":"budget","root":9,"steps":1,"normalized":0,"accounting":"full_successor_reads_writes_no_last_pair_v2","successors":[3,1,8,6,4,10,9,7,11,11,10,11]}
{"case":1801,"call":0,"status":"budget","root":11,"steps":2,"normalized":0,"accounting":"full_successor_reads_writes_no_last_pair_v2","successors":[3,1,8,6,4,10,9,7,11,11,10,11]}
{"case":1802,"call":0,"status":"budget","root":11,"steps":3,"normalized":1,"accounting":"full_successor_reads_writes_no_last_pair_v2","successors":[3,1,8,6,4,10,9,7,11,11,10,11]}
{"case":1803,"call":0,"status":"budget","root":11,"steps":4,"normalized":1,"accounting":"full_successor_reads_writes_no_last_pair_v2","successors":[3,1,8,6,4,10,9,7,11,11,10,11]}
{"case":1804,"call":0,"status":"ok","root":11,"steps":5,"normalized":1,"accounting":"full_successor_reads_writes_no_last_pair_v2","successors":[3,1,8,6,4,10,11,7,11,11,10,11]}
{"case":1805,"call":0,"status":"ok","root":11,"steps":5,"normalized":1,"accounting":"full_successor_reads_writes_no_last_pair_v2","successors":[3,1,8,6,4,10,11,7,11,11,10,11]}
{"case":1806,"call":0,"status":"budget","root":6,"steps":7,"normalized":3,"accounting":"full_successor_reads_writes_no_last_pair_v2","successors":[3,1,8,6,4,10,9,7,11,11,10,11]}
{"case":1807,"call":0,"status":"budget","root":9,"steps":8,"normalized":3,"accounting":"full_successor_reads_writes_no_last_pair_v2","successors":[3,1,8,6,4,10,9,7,11,11,10,11]}
{"case":1808,"call":0,"status":"budget","root":11,"steps":9,"normalized":3,"accounting":"full_successor_reads_writes_no_last_pair_v2","successors":[3,1,8,6,4,10,9,7,11,11,10,11]}
{"case":1809,"call":0,"status":"budget","root":11,"steps":10,"normalized":4,"accounting":"full_successor_reads_writes_no_last_pair_v2","successors":[3,1,8,6,4,10,9,7,11,11,10,11]}
{"case":1810,"call":0,"status":"budget","root":11,"steps":11,"normalized":4,"accounting":"full_successor_reads_writes_no_last_pair_v2","successors":[3,1,8,6,4,10,9,7,11,11,10,11]}
{"case":1811,"call":0,"status":"ok","root":11,"steps":12,"normalized":4,"accounting":"full_successor_reads_writes_no_last_pair_v2","successors":[3,1,8,6,4,10,11,7,11,11,10,11]}
{"case":1812,"call":0,"status":"ok","root":11,"steps":12,"normalized":4,"accounting":"full_successor_reads_writes_no_last_pair_v2","successors":[3,1,8,6,4,10,11,7,11,11,10,11]}
{"case":1813,"call":0,"status":"budget","root":6,"steps":18446744073709551609,"normalized":18446744073709551608,"accounting":"full_successor_reads_writes_no_last_pair_v2","successors":[3,1,8,6,4,10,9,7,11,11,10,11]}
{"case":1814,"call":0,"status":"budget","root":9,"steps":18446744073709551610,"normalized":18446744073709551608,"accounting":"full_successor_reads_writes_no_last_pair_v2","successors":[3,1,8,6,4,10,9,7,11,11,10,11]}
{"case":1815,"call":0,"status":"budget","root":11,"steps":18446744073709551611,"normalized":18446744073709551608,"accounting":"full_successor_reads_writes_no_last_pair_v2","successors":[3,1,8,6,4,10,9,7,11,11,10,11]}
{"case":1816,"call":0,"status":"budget","root":11,"steps":18446744073709551612,"normalized":18446744073709551609,"accounting":"full_successor_reads_writes_no_last_pair_v2","successors":[3,1,8,6,4,10,9,7,11,11,10,11]}
{"case":1817,"call":0,"status":"budget","root":11,"steps":18446744073709551613,"normalized":18446744073709551609,"accounting":"full_successor_reads_writes_no_last_pair_v2","successors":[3,1,8,6,4,10,9,7,11,11,10,11]}
{"case":1818,"call":0,"status":"ok","root":11,"steps":18446744073709551614,"normalized":18446744073709551609,"accounting":"full_successor_reads_writes_no_last_pair_v2","successors":[3,1,8,6,4,10,11,7,11,11,10,11]}
{"case":1819,"call":0,"status":"ok","root":11,"steps":18446744073709551614,"normalized":18446744073709551609,"accounting":"full_successor_reads_writes_no_last_pair_v2","successors":[3,1,8,6,4,10,11,7,11,11,10,11]}
{"case":1820,"call":0,"status":"budget","root":6,"steps":11,"normalized":4,"accounting":"full_successor_reads_writes_no_last_pair_v2","successors":[3,1,8,6,4,10,9,7,11,11,10,11]}
{"case":1821,"call":0,"status":"budget","root":7,"steps":0,"normalized":0,"accounting":"full_successor_reads_writes_no_last_pair_v2","successors":[3,1,8,6,4,10,9,7,11,11,10,11]}
{"case":1822,"call":0,"status":"ok","root":7,"steps":1,"normalized":0,"accounting":"full_successor_reads_writes_no_last_pair_v2","successors":[3,1,8,6,4,10,9,7,11,11,10,11]}
{"case":1823,"call":0,"status":"ok","root":7,"steps":1,"normalized":0,"accounting":"full_successor_reads_writes_no_last_pair_v2","successors":[3,1,8,6,4,10,9,7,11,11,10,11]}
{"case":1824,"call":0,"status":"budget","root":7,"steps":7,"normalized":3,"accounting":"full_successor_reads_writes_no_last_pair_v2","successors":[3,1,8,6,4,10,9,7,11,11,10,11]}
{"case":1825,"call":0,"status":"ok","root":7,"steps":8,"normalized":3,"accounting":"full_successor_reads_writes_no_last_pair_v2","successors":[3,1,8,6,4,10,9,7,11,11,10,11]}
{"case":1826,"call":0,"status":"ok","root":7,"steps":8,"normalized":3,"accounting":"full_successor_reads_writes_no_last_pair_v2","successors":[3,1,8,6,4,10,9,7,11,11,10,11]}
{"case":1827,"call":0,"status":"budget","root":7,"steps":18446744073709551613,"normalized":18446744073709551612,"accounting":"full_successor_reads_writes_no_last_pair_v2","successors":[3,1,8,6,4,10,9,7,11,11,10,11]}
{"case":1828,"call":0,"status":"ok","root":7,"steps":18446744073709551614,"normalized":18446744073709551612,"accounting":"full_successor_reads_writes_no_last_pair_v2","successors":[3,1,8,6,4,10,9,7,11,11,10,11]}
{"case":1829,"call":0,"status":"ok","root":7,"steps":18446744073709551614,"normalized":18446744073709551612,"accounting":"full_successor_reads_writes_no_last_pair_v2","successors":[3,1,8,6,4,10,9,7,11,11,10,11]}
{"case":1830,"call":0,"status":"budget","root":7,"steps":11,"normalized":4,"accounting":"full_successor_reads_writes_no_last_pair_v2","successors":[3,1,8,6,4,10,9,7,11,11,10,11]}
{"case":1831,"call":0,"status":"budget","root":8,"steps":0,"normalized":0,"accounting":"full_successor_reads_writes_no_last_pair_v2","successors":[3,1,8,6,4,10,9,7,11,11,10,11]}
{"case":1832,"call":0,"status":"budget","root":11,"steps":1,"normalized":0,"accounting":"full_successor_reads_writes_no_last_pair_v2","successors":[3,1,8,6,4,10,9,7,11,11,10,11]}
{"case":1833,"call":0,"status":"ok","root":11,"steps":2,"normalized":1,"accounting":"full_successor_reads_writes_no_last_pair_v2","successors":[3,1,8,6,4,10,9,7,11,11,10,11]}
{"case":1834,"call":0,"status":"ok","root":11,"steps":2,"normalized":1,"accounting":"full_successor_reads_writes_no_last_pair_v2","successors":[3,1,8,6,4,10,9,7,11,11,10,11]}
{"case":1835,"call":0,"status":"budget","root":8,"steps":7,"normalized":3,"accounting":"full_successor_reads_writes_no_last_pair_v2","successors":[3,1,8,6,4,10,9,7,11,11,10,11]}
{"case":1836,"call":0,"status":"budget","root":11,"steps":8,"normalized":3,"accounting":"full_successor_reads_writes_no_last_pair_v2","successors":[3,1,8,6,4,10,9,7,11,11,10,11]}
{"case":1837,"call":0,"status":"ok","root":11,"steps":9,"normalized":4,"accounting":"full_successor_reads_writes_no_last_pair_v2","successors":[3,1,8,6,4,10,9,7,11,11,10,11]}
{"case":1838,"call":0,"status":"ok","root":11,"steps":9,"normalized":4,"accounting":"full_successor_reads_writes_no_last_pair_v2","successors":[3,1,8,6,4,10,9,7,11,11,10,11]}
{"case":1839,"call":0,"status":"budget","root":8,"steps":18446744073709551612,"normalized":18446744073709551611,"accounting":"full_successor_reads_writes_no_last_pair_v2","successors":[3,1,8,6,4,10,9,7,11,11,10,11]}
{"case":1840,"call":0,"status":"budget","root":11,"steps":18446744073709551613,"normalized":18446744073709551611,"accounting":"full_successor_reads_writes_no_last_pair_v2","successors":[3,1,8,6,4,10,9,7,11,11,10,11]}
{"case":1841,"call":0,"status":"ok","root":11,"steps":18446744073709551614,"normalized":18446744073709551612,"accounting":"full_successor_reads_writes_no_last_pair_v2","successors":[3,1,8,6,4,10,9,7,11,11,10,11]}
{"case":1842,"call":0,"status":"ok","root":11,"steps":18446744073709551614,"normalized":18446744073709551612,"accounting":"full_successor_reads_writes_no_last_pair_v2","successors":[3,1,8,6,4,10,9,7,11,11,10,11]}
{"case":1843,"call":0,"status":"budget","root":8,"steps":11,"normalized":4,"accounting":"full_successor_reads_writes_no_last_pair_v2","successors":[3,1,8,6,4,10,9,7,11,11,10,11]}
{"case":1844,"call":0,"status":"budget","root":9,"steps":0,"normalized":0,"accounting":"full_successor_reads_writes_no_last_pair_v2","successors":[3,1,8,6,4,10,9,7,11,11,10,11]}
{"case":1845,"call":0,"status":"budget","root":11,"steps":1,"normalized":0,"accounting":"full_successor_reads_writes_no_last_pair_v2","successors":[3,1,8,6,4,10,9,7,11,11,10,11]}
{"case":1846,"call":0,"status":"ok","root":11,"steps":2,"normalized":1,"accounting":"full_successor_reads_writes_no_last_pair_v2","successors":[3,1,8,6,4,10,9,7,11,11,10,11]}
{"case":1847,"call":0,"status":"ok","root":11,"steps":2,"normalized":1,"accounting":"full_successor_reads_writes_no_last_pair_v2","successors":[3,1,8,6,4,10,9,7,11,11,10,11]}
{"case":1848,"call":0,"status":"budget","root":9,"steps":7,"normalized":3,"accounting":"full_successor_reads_writes_no_last_pair_v2","successors":[3,1,8,6,4,10,9,7,11,11,10,11]}
{"case":1849,"call":0,"status":"budget","root":11,"steps":8,"normalized":3,"accounting":"full_successor_reads_writes_no_last_pair_v2","successors":[3,1,8,6,4,10,9,7,11,11,10,11]}
{"case":1850,"call":0,"status":"ok","root":11,"steps":9,"normalized":4,"accounting":"full_successor_reads_writes_no_last_pair_v2","successors":[3,1,8,6,4,10,9,7,11,11,10,11]}
{"case":1851,"call":0,"status":"ok","root":11,"steps":9,"normalized":4,"accounting":"full_successor_reads_writes_no_last_pair_v2","successors":[3,1,8,6,4,10,9,7,11,11,10,11]}
{"case":1852,"call":0,"status":"budget","root":9,"steps":18446744073709551612,"normalized":18446744073709551611,"accounting":"full_successor_reads_writes_no_last_pair_v2","successors":[3,1,8,6,4,10,9,7,11,11,10,11]}
{"case":1853,"call":0,"status":"budget","root":11,"steps":18446744073709551613,"normalized":18446744073709551611,"accounting":"full_successor_reads_writes_no_last_pair_v2","successors":[3,1,8,6,4,10,9,7,11,11,10,11]}
{"case":1854,"call":0,"status":"ok","root":11,"steps":18446744073709551614,"normalized":18446744073709551612,"accounting":"full_successor_reads_writes_no_last_pair_v2","successors":[3,1,8,6,4,10,9,7,11,11,10,11]}
{"case":1855,"call":0,"status":"ok","root":11,"steps":18446744073709551614,"normalized":18446744073709551612,"accounting":"full_successor_reads_writes_no_last_pair_v2","successors":[3,1,8,6,4,10,9,7,11,11,10,11]}
{"case":1856,"call":0,"status":"budget","root":9,"steps":11,"normalized":4,"accounting":"full_successor_reads_writes_no_last_pair_v2","successors":[3,1,8,6,4,10,9,7,11,11,10,11]}
{"case":1857,"call":0,"status":"budget","root":10,"steps":0,"normalized":0,"accounting":"full_successor_reads_writes_no_last_pair_v2","successors":[3,1,8,6,4,10,9,7,11,11,10,11]}
{"case":1858,"call":0,"status":"ok","root":10,"steps":1,"normalized":0,"accounting":"full_successor_reads_writes_no_last_pair_v2","successors":[3,1,8,6,4,10,9,7,11,11,10,11]}
{"case":1859,"call":0,"status":"ok","root":10,"steps":1,"normalized":0,"accounting":"full_successor_reads_writes_no_last_pair_v2","successors":[3,1,8,6,4,10,9,7,11,11,10,11]}
{"case":1860,"call":0,"status":"budget","root":10,"steps":7,"normalized":3,"accounting":"full_successor_reads_writes_no_last_pair_v2","successors":[3,1,8,6,4,10,9,7,11,11,10,11]}
{"case":1861,"call":0,"status":"ok","root":10,"steps":8,"normalized":3,"accounting":"full_successor_reads_writes_no_last_pair_v2","successors":[3,1,8,6,4,10,9,7,11,11,10,11]}
{"case":1862,"call":0,"status":"ok","root":10,"steps":8,"normalized":3,"accounting":"full_successor_reads_writes_no_last_pair_v2","successors":[3,1,8,6,4,10,9,7,11,11,10,11]}
{"case":1863,"call":0,"status":"budget","root":10,"steps":18446744073709551613,"normalized":18446744073709551612,"accounting":"full_successor_reads_writes_no_last_pair_v2","successors":[3,1,8,6,4,10,9,7,11,11,10,11]}
{"case":1864,"call":0,"status":"ok","root":10,"steps":18446744073709551614,"normalized":18446744073709551612,"accounting":"full_successor_reads_writes_no_last_pair_v2","successors":[3,1,8,6,4,10,9,7,11,11,10,11]}
{"case":1865,"call":0,"status":"ok","root":10,"steps":18446744073709551614,"normalized":18446744073709551612,"accounting":"full_successor_reads_writes_no_last_pair_v2","successors":[3,1,8,6,4,10,9,7,11,11,10,11]}
{"case":1866,"call":0,"status":"budget","root":10,"steps":11,"normalized":4,"accounting":"full_successor_reads_writes_no_last_pair_v2","successors":[3,1,8,6,4,10,9,7,11,11,10,11]}
{"case":1867,"call":0,"status":"budget","root":11,"steps":0,"normalized":0,"accounting":"full_successor_reads_writes_no_last_pair_v2","successors":[3,1,8,6,4,10,9,7,11,11,10,11]}
{"case":1868,"call":0,"status":"ok","root":11,"steps":1,"normalized":0,"accounting":"full_successor_reads_writes_no_last_pair_v2","successors":[3,1,8,6,4,10,9,7,11,11,10,11]}
{"case":1869,"call":0,"status":"ok","root":11,"steps":1,"normalized":0,"accounting":"full_successor_reads_writes_no_last_pair_v2","successors":[3,1,8,6,4,10,9,7,11,11,10,11]}
{"case":1870,"call":0,"status":"budget","root":11,"steps":7,"normalized":3,"accounting":"full_successor_reads_writes_no_last_pair_v2","successors":[3,1,8,6,4,10,9,7,11,11,10,11]}
{"case":1871,"call":0,"status":"ok","root":11,"steps":8,"normalized":3,"accounting":"full_successor_reads_writes_no_last_pair_v2","successors":[3,1,8,6,4,10,9,7,11,11,10,11]}
{"case":1872,"call":0,"status":"ok","root":11,"steps":8,"normalized":3,"accounting":"full_successor_reads_writes_no_last_pair_v2","successors":[3,1,8,6,4,10,9,7,11,11,10,11]}
{"case":1873,"call":0,"status":"budget","root":11,"steps":18446744073709551613,"normalized":18446744073709551612,"accounting":"full_successor_reads_writes_no_last_pair_v2","successors":[3,1,8,6,4,10,9,7,11,11,10,11]}
{"case":1874,"call":0,"status":"ok","root":11,"steps":18446744073709551614,"normalized":18446744073709551612,"accounting":"full_successor_reads_writes_no_last_pair_v2","successors":[3,1,8,6,4,10,9,7,11,11,10,11]}
{"case":1875,"call":0,"status":"ok","root":11,"steps":18446744073709551614,"normalized":18446744073709551612,"accounting":"full_successor_reads_writes_no_last_pair_v2","successors":[3,1,8,6,4,10,9,7,11,11,10,11]}
{"case":1876,"call":0,"status":"budget","root":11,"steps":11,"normalized":4,"accounting":"full_successor_reads_writes_no_last_pair_v2","successors":[3,1,8,6,4,10,9,7,11,11,10,11]}
{"case":1877,"call":0,"status":"unknown","root":23,"steps":0,"normalized":0,"accounting":"full_successor_reads_writes_no_last_pair_v2","successors":[3,1,8,6,4,10,9,7,11,11,10,11]}
{"case":1878,"call":0,"status":"unknown","root":23,"steps":7,"normalized":3,"accounting":"full_successor_reads_writes_no_last_pair_v2","successors":[3,1,8,6,4,10,9,7,11,11,10,11]}
{"case":1879,"call":0,"status":"unknown","root":23,"steps":18446744073709551615,"normalized":18446744073709551615,"accounting":"full_successor_reads_writes_no_last_pair_v2","successors":[3,1,8,6,4,10,9,7,11,11,10,11]}
{"case":1880,"call":0,"status":"unknown","root":23,"steps":0,"normalized":0,"accounting":"full_successor_reads_writes_no_last_pair_v2","successors":[3,1,8,6,4,10,9,7,11,11,10,11]}
{"case":1881,"call":0,"status":"unknown","root":23,"steps":7,"normalized":3,"accounting":"full_successor_reads_writes_no_last_pair_v2","successors":[3,1,8,6,4,10,9,7,11,11,10,11]}
{"case":1882,"call":0,"status":"unknown","root":23,"steps":18446744073709551615,"normalized":18446744073709551615,"accounting":"full_successor_reads_writes_no_last_pair_v2","successors":[3,1,8,6,4,10,9,7,11,11,10,11]}
{"case":1883,"call":0,"status":"budget","root":0,"steps":0,"normalized":0,"accounting":"full_successor_reads_writes_no_last_pair_v2","successors":[1,2,3,4,5,6,7,8,9,10,11,12,13,14,15,16,16]}
{"case":1884,"call":0,"status":"budget","root":1,"steps":1,"normalized":0,"accounting":"full_successor_reads_writes_no_last_pair_v2","successors":[1,2,3,4,5,6,7,8,9,10,11,12,13,14,15,16,16]}
{"case":1885,"call":0,"status":"budget","root":2,"steps":2,"normalized":0,"accounting":"full_successor_reads_writes_no_last_pair_v2","successors":[1,2,3,4,5,6,7,8,9,10,11,12,13,14,15,16,16]}
{"case":1886,"call":0,"status":"budget","root":3,"steps":3,"normalized":0,"accounting":"full_successor_reads_writes_no_last_pair_v2","successors":[1,2,3,4,5,6,7,8,9,10,11,12,13,14,15,16,16]}
{"case":1887,"call":0,"status":"budget","root":4,"steps":4,"normalized":0,"accounting":"full_successor_reads_writes_no_last_pair_v2","successors":[1,2,3,4,5,6,7,8,9,10,11,12,13,14,15,16,16]}
{"case":1888,"call":0,"status":"budget","root":5,"steps":5,"normalized":0,"accounting":"full_successor_reads_writes_no_last_pair_v2","successors":[1,2,3,4,5,6,7,8,9,10,11,12,13,14,15,16,16]}
{"case":1889,"call":0,"status":"budget","root":6,"steps":6,"normalized":0,"accounting":"full_successor_reads_writes_no_last_pair_v2","successors":[1,2,3,4,5,6,7,8,9,10,11,12,13,14,15,16,16]}
{"case":1890,"call":0,"status":"budget","root":7,"steps":7,"normalized":0,"accounting":"full_successor_reads_writes_no_last_pair_v2","successors":[1,2,3,4,5,6,7,8,9,10,11,12,13,14,15,16,16]}
{"case":1891,"call":0,"status":"budget","root":8,"steps":8,"normalized":0,"accounting":"full_successor_reads_writes_no_last_pair_v2","successors":[1,2,3,4,5,6,7,8,9,10,11,12,13,14,15,16,16]}
{"case":1892,"call":0,"status":"budget","root":9,"steps":9,"normalized":0,"accounting":"full_successor_reads_writes_no_last_pair_v2","successors":[1,2,3,4,5,6,7,8,9,10,11,12,13,14,15,16,16]}
{"case":1893,"call":0,"status":"budget","root":10,"steps":10,"normalized":0,"accounting":"full_successor_reads_writes_no_last_pair_v2","successors":[1,2,3,4,5,6,7,8,9,10,11,12,13,14,15,16,16]}
{"case":1894,"call":0,"status":"budget","root":11,"steps":11,"normalized":0,"accounting":"full_successor_reads_writes_no_last_pair_v2","successors":[1,2,3,4,5,6,7,8,9,10,11,12,13,14,15,16,16]}
{"case":1895,"call":0,"status":"budget","root":12,"steps":12,"normalized":0,"accounting":"full_successor_reads_writes_no_last_pair_v2","successors":[1,2,3,4,5,6,7,8,9,10,11,12,13,14,15,16,16]}
{"case":1896,"call":0,"status":"budget","root":13,"steps":13,"normalized":0,"accounting":"full_successor_reads_writes_no_last_pair_v2","successors":[1,2,3,4,5,6,7,8,9,10,11,12,13,14,15,16,16]}
{"case":1897,"call":0,"status":"budget","root":14,"steps":14,"normalized":0,"accounting":"full_successor_reads_writes_no_last_pair_v2","successors":[1,2,3,4,5,6,7,8,9,10,11,12,13,14,15,16,16]}
{"case":1898,"call":0,"status":"budget","root":15,"steps":15,"normalized":0,"accounting":"full_successor_reads_writes_no_last_pair_v2","successors":[1,2,3,4,5,6,7,8,9,10,11,12,13,14,15,16,16]}
{"case":1899,"call":0,"status":"budget","root":16,"steps":16,"normalized":0,"accounting":"full_successor_reads_writes_no_last_pair_v2","successors":[1,2,3,4,5,6,7,8,9,10,11,12,13,14,15,16,16]}
{"case":1900,"call":0,"status":"budget","root":16,"steps":17,"normalized":1,"accounting":"full_successor_reads_writes_no_last_pair_v2","successors":[1,2,3,4,5,6,7,8,9,10,11,12,13,14,15,16,16]}
{"case":1901,"call":0,"status":"budget","root":16,"steps":18,"normalized":1,"accounting":"full_successor_reads_writes_no_last_pair_v2","successors":[1,2,3,4,5,6,7,8,9,10,11,12,13,14,15,16,16]}
{"case":1902,"call":0,"status":"budget","root":16,"steps":19,"normalized":1,"accounting":"full_successor_reads_writes_no_last_pair_v2","successors":[16,2,3,4,5,6,7,8,9,10,11,12,13,14,15,16,16]}
{"case":1903,"call":0,"status":"budget","root":16,"steps":20,"normalized":1,"accounting":"full_successor_reads_writes_no_last_pair_v2","successors":[16,2,3,4,5,6,7,8,9,10,11,12,13,14,15,16,16]}
{"case":1904,"call":0,"status":"budget","root":16,"steps":21,"normalized":1,"accounting":"full_successor_reads_writes_no_last_pair_v2","successors":[16,16,3,4,5,6,7,8,9,10,11,12,13,14,15,16,16]}
{"case":1905,"call":0,"status":"budget","root":16,"steps":22,"normalized":1,"accounting":"full_successor_reads_writes_no_last_pair_v2","successors":[16,16,3,4,5,6,7,8,9,10,11,12,13,14,15,16,16]}
{"case":1906,"call":0,"status":"budget","root":16,"steps":23,"normalized":1,"accounting":"full_successor_reads_writes_no_last_pair_v2","successors":[16,16,16,4,5,6,7,8,9,10,11,12,13,14,15,16,16]}
{"case":1907,"call":0,"status":"budget","root":16,"steps":24,"normalized":1,"accounting":"full_successor_reads_writes_no_last_pair_v2","successors":[16,16,16,4,5,6,7,8,9,10,11,12,13,14,15,16,16]}
{"case":1908,"call":0,"status":"budget","root":16,"steps":25,"normalized":1,"accounting":"full_successor_reads_writes_no_last_pair_v2","successors":[16,16,16,16,5,6,7,8,9,10,11,12,13,14,15,16,16]}
{"case":1909,"call":0,"status":"budget","root":16,"steps":26,"normalized":1,"accounting":"full_successor_reads_writes_no_last_pair_v2","successors":[16,16,16,16,5,6,7,8,9,10,11,12,13,14,15,16,16]}
{"case":1910,"call":0,"status":"budget","root":16,"steps":27,"normalized":1,"accounting":"full_successor_reads_writes_no_last_pair_v2","successors":[16,16,16,16,16,6,7,8,9,10,11,12,13,14,15,16,16]}
{"case":1911,"call":0,"status":"budget","root":16,"steps":28,"normalized":1,"accounting":"full_successor_reads_writes_no_last_pair_v2","successors":[16,16,16,16,16,6,7,8,9,10,11,12,13,14,15,16,16]}
{"case":1912,"call":0,"status":"budget","root":16,"steps":29,"normalized":1,"accounting":"full_successor_reads_writes_no_last_pair_v2","successors":[16,16,16,16,16,16,7,8,9,10,11,12,13,14,15,16,16]}
{"case":1913,"call":0,"status":"budget","root":16,"steps":30,"normalized":1,"accounting":"full_successor_reads_writes_no_last_pair_v2","successors":[16,16,16,16,16,16,7,8,9,10,11,12,13,14,15,16,16]}
{"case":1914,"call":0,"status":"budget","root":16,"steps":31,"normalized":1,"accounting":"full_successor_reads_writes_no_last_pair_v2","successors":[16,16,16,16,16,16,16,8,9,10,11,12,13,14,15,16,16]}
{"case":1915,"call":0,"status":"budget","root":16,"steps":32,"normalized":1,"accounting":"full_successor_reads_writes_no_last_pair_v2","successors":[16,16,16,16,16,16,16,8,9,10,11,12,13,14,15,16,16]}
{"case":1916,"call":0,"status":"budget","root":16,"steps":33,"normalized":1,"accounting":"full_successor_reads_writes_no_last_pair_v2","successors":[16,16,16,16,16,16,16,16,9,10,11,12,13,14,15,16,16]}
{"case":1917,"call":0,"status":"budget","root":16,"steps":34,"normalized":1,"accounting":"full_successor_reads_writes_no_last_pair_v2","successors":[16,16,16,16,16,16,16,16,9,10,11,12,13,14,15,16,16]}
{"case":1918,"call":0,"status":"budget","root":16,"steps":35,"normalized":1,"accounting":"full_successor_reads_writes_no_last_pair_v2","successors":[16,16,16,16,16,16,16,16,16,10,11,12,13,14,15,16,16]}
{"case":1919,"call":0,"status":"budget","root":16,"steps":36,"normalized":1,"accounting":"full_successor_reads_writes_no_last_pair_v2","successors":[16,16,16,16,16,16,16,16,16,10,11,12,13,14,15,16,16]}
{"case":1920,"call":0,"status":"budget","root":16,"steps":37,"normalized":1,"accounting":"full_successor_reads_writes_no_last_pair_v2","successors":[16,16,16,16,16,16,16,16,16,16,11,12,13,14,15,16,16]}
{"case":1921,"call":0,"status":"budget","root":16,"steps":38,"normalized":1,"accounting":"full_successor_reads_writes_no_last_pair_v2","successors":[16,16,16,16,16,16,16,16,16,16,11,12,13,14,15,16,16]}
{"case":1922,"call":0,"status":"budget","root":16,"steps":39,"normalized":1,"accounting":"full_successor_reads_writes_no_last_pair_v2","successors":[16,16,16,16,16,16,16,16,16,16,16,12,13,14,15,16,16]}
{"case":1923,"call":0,"status":"budget","root":16,"steps":40,"normalized":1,"accounting":"full_successor_reads_writes_no_last_pair_v2","successors":[16,16,16,16,16,16,16,16,16,16,16,12,13,14,15,16,16]}
{"case":1924,"call":0,"status":"budget","root":16,"steps":41,"normalized":1,"accounting":"full_successor_reads_writes_no_last_pair_v2","successors":[16,16,16,16,16,16,16,16,16,16,16,16,13,14,15,16,16]}
{"case":1925,"call":0,"status":"budget","root":16,"steps":42,"normalized":1,"accounting":"full_successor_reads_writes_no_last_pair_v2","successors":[16,16,16,16,16,16,16,16,16,16,16,16,13,14,15,16,16]}
{"case":1926,"call":0,"status":"budget","root":16,"steps":43,"normalized":1,"accounting":"full_successor_reads_writes_no_last_pair_v2","successors":[16,16,16,16,16,16,16,16,16,16,16,16,16,14,15,16,16]}
{"case":1927,"call":0,"status":"budget","root":16,"steps":44,"normalized":1,"accounting":"full_successor_reads_writes_no_last_pair_v2","successors":[16,16,16,16,16,16,16,16,16,16,16,16,16,14,15,16,16]}
{"case":1928,"call":0,"status":"budget","root":16,"steps":45,"normalized":1,"accounting":"full_successor_reads_writes_no_last_pair_v2","successors":[16,16,16,16,16,16,16,16,16,16,16,16,16,16,15,16,16]}
{"case":1929,"call":0,"status":"budget","root":16,"steps":46,"normalized":1,"accounting":"full_successor_reads_writes_no_last_pair_v2","successors":[16,16,16,16,16,16,16,16,16,16,16,16,16,16,15,16,16]}
{"case":1930,"call":0,"status":"ok","root":16,"steps":47,"normalized":1,"accounting":"full_successor_reads_writes_no_last_pair_v2","successors":[16,16,16,16,16,16,16,16,16,16,16,16,16,16,16,16,16]}
{"case":1931,"call":0,"status":"ok","root":16,"steps":47,"normalized":1,"accounting":"full_successor_reads_writes_no_last_pair_v2","successors":[16,16,16,16,16,16,16,16,16,16,16,16,16,16,16,16,16]}
{"case":1932,"call":0,"status":"budget","root":0,"steps":7,"normalized":3,"accounting":"full_successor_reads_writes_no_last_pair_v2","successors":[1,2,3,4,5,6,7,8,9,10,11,12,13,14,15,16,16]}
{"case":1933,"call":0,"status":"budget","root":1,"steps":8,"normalized":3,"accounting":"full_successor_reads_writes_no_last_pair_v2","successors":[1,2,3,4,5,6,7,8,9,10,11,12,13,14,15,16,16]}
{"case":1934,"call":0,"status":"budget","root":2,"steps":9,"normalized":3,"accounting":"full_successor_reads_writes_no_last_pair_v2","successors":[1,2,3,4,5,6,7,8,9,10,11,12,13,14,15,16,16]}
{"case":1935,"call":0,"status":"budget","root":3,"steps":10,"normalized":3,"accounting":"full_successor_reads_writes_no_last_pair_v2","successors":[1,2,3,4,5,6,7,8,9,10,11,12,13,14,15,16,16]}
{"case":1936,"call":0,"status":"budget","root":4,"steps":11,"normalized":3,"accounting":"full_successor_reads_writes_no_last_pair_v2","successors":[1,2,3,4,5,6,7,8,9,10,11,12,13,14,15,16,16]}
{"case":1937,"call":0,"status":"budget","root":5,"steps":12,"normalized":3,"accounting":"full_successor_reads_writes_no_last_pair_v2","successors":[1,2,3,4,5,6,7,8,9,10,11,12,13,14,15,16,16]}
{"case":1938,"call":0,"status":"budget","root":6,"steps":13,"normalized":3,"accounting":"full_successor_reads_writes_no_last_pair_v2","successors":[1,2,3,4,5,6,7,8,9,10,11,12,13,14,15,16,16]}
{"case":1939,"call":0,"status":"budget","root":7,"steps":14,"normalized":3,"accounting":"full_successor_reads_writes_no_last_pair_v2","successors":[1,2,3,4,5,6,7,8,9,10,11,12,13,14,15,16,16]}
{"case":1940,"call":0,"status":"budget","root":8,"steps":15,"normalized":3,"accounting":"full_successor_reads_writes_no_last_pair_v2","successors":[1,2,3,4,5,6,7,8,9,10,11,12,13,14,15,16,16]}
{"case":1941,"call":0,"status":"budget","root":9,"steps":16,"normalized":3,"accounting":"full_successor_reads_writes_no_last_pair_v2","successors":[1,2,3,4,5,6,7,8,9,10,11,12,13,14,15,16,16]}
{"case":1942,"call":0,"status":"budget","root":10,"steps":17,"normalized":3,"accounting":"full_successor_reads_writes_no_last_pair_v2","successors":[1,2,3,4,5,6,7,8,9,10,11,12,13,14,15,16,16]}
{"case":1943,"call":0,"status":"budget","root":11,"steps":18,"normalized":3,"accounting":"full_successor_reads_writes_no_last_pair_v2","successors":[1,2,3,4,5,6,7,8,9,10,11,12,13,14,15,16,16]}
{"case":1944,"call":0,"status":"budget","root":12,"steps":19,"normalized":3,"accounting":"full_successor_reads_writes_no_last_pair_v2","successors":[1,2,3,4,5,6,7,8,9,10,11,12,13,14,15,16,16]}
{"case":1945,"call":0,"status":"budget","root":13,"steps":20,"normalized":3,"accounting":"full_successor_reads_writes_no_last_pair_v2","successors":[1,2,3,4,5,6,7,8,9,10,11,12,13,14,15,16,16]}
{"case":1946,"call":0,"status":"budget","root":14,"steps":21,"normalized":3,"accounting":"full_successor_reads_writes_no_last_pair_v2","successors":[1,2,3,4,5,6,7,8,9,10,11,12,13,14,15,16,16]}
{"case":1947,"call":0,"status":"budget","root":15,"steps":22,"normalized":3,"accounting":"full_successor_reads_writes_no_last_pair_v2","successors":[1,2,3,4,5,6,7,8,9,10,11,12,13,14,15,16,16]}
{"case":1948,"call":0,"status":"budget","root":16,"steps":23,"normalized":3,"accounting":"full_successor_reads_writes_no_last_pair_v2","successors":[1,2,3,4,5,6,7,8,9,10,11,12,13,14,15,16,16]}
{"case":1949,"call":0,"status":"budget","root":16,"steps":24,"normalized":4,"accounting":"full_successor_reads_writes_no_last_pair_v2","successors":[1,2,3,4,5,6,7,8,9,10,11,12,13,14,15,16,16]}
{"case":1950,"call":0,"status":"budget","root":16,"steps":25,"normalized":4,"accounting":"full_successor_reads_writes_no_last_pair_v2","successors":[1,2,3,4,5,6,7,8,9,10,11,12,13,14,15,16,16]}
{"case":1951,"call":0,"status":"budget","root":16,"steps":26,"normalized":4,"accounting":"full_successor_reads_writes_no_last_pair_v2","successors":[16,2,3,4,5,6,7,8,9,10,11,12,13,14,15,16,16]}
{"case":1952,"call":0,"status":"budget","root":16,"steps":27,"normalized":4,"accounting":"full_successor_reads_writes_no_last_pair_v2","successors":[16,2,3,4,5,6,7,8,9,10,11,12,13,14,15,16,16]}
{"case":1953,"call":0,"status":"budget","root":16,"steps":28,"normalized":4,"accounting":"full_successor_reads_writes_no_last_pair_v2","successors":[16,16,3,4,5,6,7,8,9,10,11,12,13,14,15,16,16]}
{"case":1954,"call":0,"status":"budget","root":16,"steps":29,"normalized":4,"accounting":"full_successor_reads_writes_no_last_pair_v2","successors":[16,16,3,4,5,6,7,8,9,10,11,12,13,14,15,16,16]}
{"case":1955,"call":0,"status":"budget","root":16,"steps":30,"normalized":4,"accounting":"full_successor_reads_writes_no_last_pair_v2","successors":[16,16,16,4,5,6,7,8,9,10,11,12,13,14,15,16,16]}
{"case":1956,"call":0,"status":"budget","root":16,"steps":31,"normalized":4,"accounting":"full_successor_reads_writes_no_last_pair_v2","successors":[16,16,16,4,5,6,7,8,9,10,11,12,13,14,15,16,16]}
{"case":1957,"call":0,"status":"budget","root":16,"steps":32,"normalized":4,"accounting":"full_successor_reads_writes_no_last_pair_v2","successors":[16,16,16,16,5,6,7,8,9,10,11,12,13,14,15,16,16]}
{"case":1958,"call":0,"status":"budget","root":16,"steps":33,"normalized":4,"accounting":"full_successor_reads_writes_no_last_pair_v2","successors":[16,16,16,16,5,6,7,8,9,10,11,12,13,14,15,16,16]}
{"case":1959,"call":0,"status":"budget","root":16,"steps":34,"normalized":4,"accounting":"full_successor_reads_writes_no_last_pair_v2","successors":[16,16,16,16,16,6,7,8,9,10,11,12,13,14,15,16,16]}
{"case":1960,"call":0,"status":"budget","root":16,"steps":35,"normalized":4,"accounting":"full_successor_reads_writes_no_last_pair_v2","successors":[16,16,16,16,16,6,7,8,9,10,11,12,13,14,15,16,16]}
{"case":1961,"call":0,"status":"budget","root":16,"steps":36,"normalized":4,"accounting":"full_successor_reads_writes_no_last_pair_v2","successors":[16,16,16,16,16,16,7,8,9,10,11,12,13,14,15,16,16]}
{"case":1962,"call":0,"status":"budget","root":16,"steps":37,"normalized":4,"accounting":"full_successor_reads_writes_no_last_pair_v2","successors":[16,16,16,16,16,16,7,8,9,10,11,12,13,14,15,16,16]}
{"case":1963,"call":0,"status":"budget","root":16,"steps":38,"normalized":4,"accounting":"full_successor_reads_writes_no_last_pair_v2","successors":[16,16,16,16,16,16,16,8,9,10,11,12,13,14,15,16,16]}
{"case":1964,"call":0,"status":"budget","root":16,"steps":39,"normalized":4,"accounting":"full_successor_reads_writes_no_last_pair_v2","successors":[16,16,16,16,16,16,16,8,9,10,11,12,13,14,15,16,16]}
{"case":1965,"call":0,"status":"budget","root":16,"steps":40,"normalized":4,"accounting":"full_successor_reads_writes_no_last_pair_v2","successors":[16,16,16,16,16,16,16,16,9,10,11,12,13,14,15,16,16]}
{"case":1966,"call":0,"status":"budget","root":16,"steps":41,"normalized":4,"accounting":"full_successor_reads_writes_no_last_pair_v2","successors":[16,16,16,16,16,16,16,16,9,10,11,12,13,14,15,16,16]}
{"case":1967,"call":0,"status":"budget","root":16,"steps":42,"normalized":4,"accounting":"full_successor_reads_writes_no_last_pair_v2","successors":[16,16,16,16,16,16,16,16,16,10,11,12,13,14,15,16,16]}
{"case":1968,"call":0,"status":"budget","root":16,"steps":43,"normalized":4,"accounting":"full_successor_reads_writes_no_last_pair_v2","successors":[16,16,16,16,16,16,16,16,16,10,11,12,13,14,15,16,16]}
{"case":1969,"call":0,"status":"budget","root":16,"steps":44,"normalized":4,"accounting":"full_successor_reads_writes_no_last_pair_v2","successors":[16,16,16,16,16,16,16,16,16,16,11,12,13,14,15,16,16]}
{"case":1970,"call":0,"status":"budget","root":16,"steps":45,"normalized":4,"accounting":"full_successor_reads_writes_no_last_pair_v2","successors":[16,16,16,16,16,16,16,16,16,16,11,12,13,14,15,16,16]}
{"case":1971,"call":0,"status":"budget","root":16,"steps":46,"normalized":4,"accounting":"full_successor_reads_writes_no_last_pair_v2","successors":[16,16,16,16,16,16,16,16,16,16,16,12,13,14,15,16,16]}
{"case":1972,"call":0,"status":"budget","root":16,"steps":47,"normalized":4,"accounting":"full_successor_reads_writes_no_last_pair_v2","successors":[16,16,16,16,16,16,16,16,16,16,16,12,13,14,15,16,16]}
{"case":1973,"call":0,"status":"budget","root":16,"steps":48,"normalized":4,"accounting":"full_successor_reads_writes_no_last_pair_v2","successors":[16,16,16,16,16,16,16,16,16,16,16,16,13,14,15,16,16]}
{"case":1974,"call":0,"status":"budget","root":16,"steps":49,"normalized":4,"accounting":"full_successor_reads_writes_no_last_pair_v2","successors":[16,16,16,16,16,16,16,16,16,16,16,16,13,14,15,16,16]}
{"case":1975,"call":0,"status":"budget","root":16,"steps":50,"normalized":4,"accounting":"full_successor_reads_writes_no_last_pair_v2","successors":[16,16,16,16,16,16,16,16,16,16,16,16,16,14,15,16,16]}
{"case":1976,"call":0,"status":"budget","root":16,"steps":51,"normalized":4,"accounting":"full_successor_reads_writes_no_last_pair_v2","successors":[16,16,16,16,16,16,16,16,16,16,16,16,16,14,15,16,16]}
{"case":1977,"call":0,"status":"budget","root":16,"steps":52,"normalized":4,"accounting":"full_successor_reads_writes_no_last_pair_v2","successors":[16,16,16,16,16,16,16,16,16,16,16,16,16,16,15,16,16]}
{"case":1978,"call":0,"status":"budget","root":16,"steps":53,"normalized":4,"accounting":"full_successor_reads_writes_no_last_pair_v2","successors":[16,16,16,16,16,16,16,16,16,16,16,16,16,16,15,16,16]}
{"case":1979,"call":0,"status":"ok","root":16,"steps":54,"normalized":4,"accounting":"full_successor_reads_writes_no_last_pair_v2","successors":[16,16,16,16,16,16,16,16,16,16,16,16,16,16,16,16,16]}
{"case":1980,"call":0,"status":"ok","root":16,"steps":54,"normalized":4,"accounting":"full_successor_reads_writes_no_last_pair_v2","successors":[16,16,16,16,16,16,16,16,16,16,16,16,16,16,16,16,16]}
{"case":1981,"call":0,"status":"budget","root":0,"steps":18446744073709551567,"normalized":18446744073709551566,"accounting":"full_successor_reads_writes_no_last_pair_v2","successors":[1,2,3,4,5,6,7,8,9,10,11,12,13,14,15,16,16]}
{"case":1982,"call":0,"status":"budget","root":1,"steps":18446744073709551568,"normalized":18446744073709551566,"accounting":"full_successor_reads_writes_no_last_pair_v2","successors":[1,2,3,4,5,6,7,8,9,10,11,12,13,14,15,16,16]}
{"case":1983,"call":0,"status":"budget","root":2,"steps":18446744073709551569,"normalized":18446744073709551566,"accounting":"full_successor_reads_writes_no_last_pair_v2","successors":[1,2,3,4,5,6,7,8,9,10,11,12,13,14,15,16,16]}
{"case":1984,"call":0,"status":"budget","root":3,"steps":18446744073709551570,"normalized":18446744073709551566,"accounting":"full_successor_reads_writes_no_last_pair_v2","successors":[1,2,3,4,5,6,7,8,9,10,11,12,13,14,15,16,16]}
{"case":1985,"call":0,"status":"budget","root":4,"steps":18446744073709551571,"normalized":18446744073709551566,"accounting":"full_successor_reads_writes_no_last_pair_v2","successors":[1,2,3,4,5,6,7,8,9,10,11,12,13,14,15,16,16]}
{"case":1986,"call":0,"status":"budget","root":5,"steps":18446744073709551572,"normalized":18446744073709551566,"accounting":"full_successor_reads_writes_no_last_pair_v2","successors":[1,2,3,4,5,6,7,8,9,10,11,12,13,14,15,16,16]}
{"case":1987,"call":0,"status":"budget","root":6,"steps":18446744073709551573,"normalized":18446744073709551566,"accounting":"full_successor_reads_writes_no_last_pair_v2","successors":[1,2,3,4,5,6,7,8,9,10,11,12,13,14,15,16,16]}
{"case":1988,"call":0,"status":"budget","root":7,"steps":18446744073709551574,"normalized":18446744073709551566,"accounting":"full_successor_reads_writes_no_last_pair_v2","successors":[1,2,3,4,5,6,7,8,9,10,11,12,13,14,15,16,16]}
{"case":1989,"call":0,"status":"budget","root":8,"steps":18446744073709551575,"normalized":18446744073709551566,"accounting":"full_successor_reads_writes_no_last_pair_v2","successors":[1,2,3,4,5,6,7,8,9,10,11,12,13,14,15,16,16]}
{"case":1990,"call":0,"status":"budget","root":9,"steps":18446744073709551576,"normalized":18446744073709551566,"accounting":"full_successor_reads_writes_no_last_pair_v2","successors":[1,2,3,4,5,6,7,8,9,10,11,12,13,14,15,16,16]}
{"case":1991,"call":0,"status":"budget","root":10,"steps":18446744073709551577,"normalized":18446744073709551566,"accounting":"full_successor_reads_writes_no_last_pair_v2","successors":[1,2,3,4,5,6,7,8,9,10,11,12,13,14,15,16,16]}
{"case":1992,"call":0,"status":"budget","root":11,"steps":18446744073709551578,"normalized":18446744073709551566,"accounting":"full_successor_reads_writes_no_last_pair_v2","successors":[1,2,3,4,5,6,7,8,9,10,11,12,13,14,15,16,16]}
{"case":1993,"call":0,"status":"budget","root":12,"steps":18446744073709551579,"normalized":18446744073709551566,"accounting":"full_successor_reads_writes_no_last_pair_v2","successors":[1,2,3,4,5,6,7,8,9,10,11,12,13,14,15,16,16]}
{"case":1994,"call":0,"status":"budget","root":13,"steps":18446744073709551580,"normalized":18446744073709551566,"accounting":"full_successor_reads_writes_no_last_pair_v2","successors":[1,2,3,4,5,6,7,8,9,10,11,12,13,14,15,16,16]}
{"case":1995,"call":0,"status":"budget","root":14,"steps":18446744073709551581,"normalized":18446744073709551566,"accounting":"full_successor_reads_writes_no_last_pair_v2","successors":[1,2,3,4,5,6,7,8,9,10,11,12,13,14,15,16,16]}
{"case":1996,"call":0,"status":"budget","root":15,"steps":18446744073709551582,"normalized":18446744073709551566,"accounting":"full_successor_reads_writes_no_last_pair_v2","successors":[1,2,3,4,5,6,7,8,9,10,11,12,13,14,15,16,16]}
{"case":1997,"call":0,"status":"budget","root":16,"steps":18446744073709551583,"normalized":18446744073709551566,"accounting":"full_successor_reads_writes_no_last_pair_v2","successors":[1,2,3,4,5,6,7,8,9,10,11,12,13,14,15,16,16]}
{"case":1998,"call":0,"status":"budget","root":16,"steps":18446744073709551584,"normalized":18446744073709551567,"accounting":"full_successor_reads_writes_no_last_pair_v2","successors":[1,2,3,4,5,6,7,8,9,10,11,12,13,14,15,16,16]}
{"case":1999,"call":0,"status":"budget","root":16,"steps":18446744073709551585,"normalized":18446744073709551567,"accounting":"full_successor_reads_writes_no_last_pair_v2","successors":[1,2,3,4,5,6,7,8,9,10,11,12,13,14,15,16,16]}
{"case":2000,"call":0,"status":"budget","root":16,"steps":18446744073709551586,"normalized":18446744073709551567,"accounting":"full_successor_reads_writes_no_last_pair_v2","successors":[16,2,3,4,5,6,7,8,9,10,11,12,13,14,15,16,16]}
{"case":2001,"call":0,"status":"budget","root":16,"steps":18446744073709551587,"normalized":18446744073709551567,"accounting":"full_successor_reads_writes_no_last_pair_v2","successors":[16,2,3,4,5,6,7,8,9,10,11,12,13,14,15,16,16]}
{"case":2002,"call":0,"status":"budget","root":16,"steps":18446744073709551588,"normalized":18446744073709551567,"accounting":"full_successor_reads_writes_no_last_pair_v2","successors":[16,16,3,4,5,6,7,8,9,10,11,12,13,14,15,16,16]}
{"case":2003,"call":0,"status":"budget","root":16,"steps":18446744073709551589,"normalized":18446744073709551567,"accounting":"full_successor_reads_writes_no_last_pair_v2","successors":[16,16,3,4,5,6,7,8,9,10,11,12,13,14,15,16,16]}
{"case":2004,"call":0,"status":"budget","root":16,"steps":18446744073709551590,"normalized":18446744073709551567,"accounting":"full_successor_reads_writes_no_last_pair_v2","successors":[16,16,16,4,5,6,7,8,9,10,11,12,13,14,15,16,16]}
{"case":2005,"call":0,"status":"budget","root":16,"steps":18446744073709551591,"normalized":18446744073709551567,"accounting":"full_successor_reads_writes_no_last_pair_v2","successors":[16,16,16,4,5,6,7,8,9,10,11,12,13,14,15,16,16]}
{"case":2006,"call":0,"status":"budget","root":16,"steps":18446744073709551592,"normalized":18446744073709551567,"accounting":"full_successor_reads_writes_no_last_pair_v2","successors":[16,16,16,16,5,6,7,8,9,10,11,12,13,14,15,16,16]}
{"case":2007,"call":0,"status":"budget","root":16,"steps":18446744073709551593,"normalized":18446744073709551567,"accounting":"full_successor_reads_writes_no_last_pair_v2","successors":[16,16,16,16,5,6,7,8,9,10,11,12,13,14,15,16,16]}
{"case":2008,"call":0,"status":"budget","root":16,"steps":18446744073709551594,"normalized":18446744073709551567,"accounting":"full_successor_reads_writes_no_last_pair_v2","successors":[16,16,16,16,16,6,7,8,9,10,11,12,13,14,15,16,16]}
{"case":2009,"call":0,"status":"budget","root":16,"steps":18446744073709551595,"normalized":18446744073709551567,"accounting":"full_successor_reads_writes_no_last_pair_v2","successors":[16,16,16,16,16,6,7,8,9,10,11,12,13,14,15,16,16]}
{"case":2010,"call":0,"status":"budget","root":16,"steps":18446744073709551596,"normalized":18446744073709551567,"accounting":"full_successor_reads_writes_no_last_pair_v2","successors":[16,16,16,16,16,16,7,8,9,10,11,12,13,14,15,16,16]}
{"case":2011,"call":0,"status":"budget","root":16,"steps":18446744073709551597,"normalized":18446744073709551567,"accounting":"full_successor_reads_writes_no_last_pair_v2","successors":[16,16,16,16,16,16,7,8,9,10,11,12,13,14,15,16,16]}
{"case":2012,"call":0,"status":"budget","root":16,"steps":18446744073709551598,"normalized":18446744073709551567,"accounting":"full_successor_reads_writes_no_last_pair_v2","successors":[16,16,16,16,16,16,16,8,9,10,11,12,13,14,15,16,16]}
{"case":2013,"call":0,"status":"budget","root":16,"steps":18446744073709551599,"normalized":18446744073709551567,"accounting":"full_successor_reads_writes_no_last_pair_v2","successors":[16,16,16,16,16,16,16,8,9,10,11,12,13,14,15,16,16]}
{"case":2014,"call":0,"status":"budget","root":16,"steps":18446744073709551600,"normalized":18446744073709551567,"accounting":"full_successor_reads_writes_no_last_pair_v2","successors":[16,16,16,16,16,16,16,16,9,10,11,12,13,14,15,16,16]}
{"case":2015,"call":0,"status":"budget","root":16,"steps":18446744073709551601,"normalized":18446744073709551567,"accounting":"full_successor_reads_writes_no_last_pair_v2","successors":[16,16,16,16,16,16,16,16,9,10,11,12,13,14,15,16,16]}
{"case":2016,"call":0,"status":"budget","root":16,"steps":18446744073709551602,"normalized":18446744073709551567,"accounting":"full_successor_reads_writes_no_last_pair_v2","successors":[16,16,16,16,16,16,16,16,16,10,11,12,13,14,15,16,16]}
{"case":2017,"call":0,"status":"budget","root":16,"steps":18446744073709551603,"normalized":18446744073709551567,"accounting":"full_successor_reads_writes_no_last_pair_v2","successors":[16,16,16,16,16,16,16,16,16,10,11,12,13,14,15,16,16]}
{"case":2018,"call":0,"status":"budget","root":16,"steps":18446744073709551604,"normalized":18446744073709551567,"accounting":"full_successor_reads_writes_no_last_pair_v2","successors":[16,16,16,16,16,16,16,16,16,16,11,12,13,14,15,16,16]}
{"case":2019,"call":0,"status":"budget","root":16,"steps":18446744073709551605,"normalized":18446744073709551567,"accounting":"full_successor_reads_writes_no_last_pair_v2","successors":[16,16,16,16,16,16,16,16,16,16,11,12,13,14,15,16,16]}
{"case":2020,"call":0,"status":"budget","root":16,"steps":18446744073709551606,"normalized":18446744073709551567,"accounting":"full_successor_reads_writes_no_last_pair_v2","successors":[16,16,16,16,16,16,16,16,16,16,16,12,13,14,15,16,16]}
{"case":2021,"call":0,"status":"budget","root":16,"steps":18446744073709551607,"normalized":18446744073709551567,"accounting":"full_successor_reads_writes_no_last_pair_v2","successors":[16,16,16,16,16,16,16,16,16,16,16,12,13,14,15,16,16]}
{"case":2022,"call":0,"status":"budget","root":16,"steps":18446744073709551608,"normalized":18446744073709551567,"accounting":"full_successor_reads_writes_no_last_pair_v2","successors":[16,16,16,16,16,16,16,16,16,16,16,16,13,14,15,16,16]}
{"case":2023,"call":0,"status":"budget","root":16,"steps":18446744073709551609,"normalized":18446744073709551567,"accounting":"full_successor_reads_writes_no_last_pair_v2","successors":[16,16,16,16,16,16,16,16,16,16,16,16,13,14,15,16,16]}
{"case":2024,"call":0,"status":"budget","root":16,"steps":18446744073709551610,"normalized":18446744073709551567,"accounting":"full_successor_reads_writes_no_last_pair_v2","successors":[16,16,16,16,16,16,16,16,16,16,16,16,16,14,15,16,16]}
{"case":2025,"call":0,"status":"budget","root":16,"steps":18446744073709551611,"normalized":18446744073709551567,"accounting":"full_successor_reads_writes_no_last_pair_v2","successors":[16,16,16,16,16,16,16,16,16,16,16,16,16,14,15,16,16]}
{"case":2026,"call":0,"status":"budget","root":16,"steps":18446744073709551612,"normalized":18446744073709551567,"accounting":"full_successor_reads_writes_no_last_pair_v2","successors":[16,16,16,16,16,16,16,16,16,16,16,16,16,16,15,16,16]}
{"case":2027,"call":0,"status":"budget","root":16,"steps":18446744073709551613,"normalized":18446744073709551567,"accounting":"full_successor_reads_writes_no_last_pair_v2","successors":[16,16,16,16,16,16,16,16,16,16,16,16,16,16,15,16,16]}
{"case":2028,"call":0,"status":"ok","root":16,"steps":18446744073709551614,"normalized":18446744073709551567,"accounting":"full_successor_reads_writes_no_last_pair_v2","successors":[16,16,16,16,16,16,16,16,16,16,16,16,16,16,16,16,16]}
{"case":2029,"call":0,"status":"ok","root":16,"steps":18446744073709551614,"normalized":18446744073709551567,"accounting":"full_successor_reads_writes_no_last_pair_v2","successors":[16,16,16,16,16,16,16,16,16,16,16,16,16,16,16,16,16]}
{"case":2030,"call":0,"status":"budget","root":0,"steps":11,"normalized":4,"accounting":"full_successor_reads_writes_no_last_pair_v2","successors":[1,2,3,4,5,6,7,8,9,10,11,12,13,14,15,16,16]}
{"case":2031,"call":0,"status":"budget","root":1,"steps":0,"normalized":0,"accounting":"full_successor_reads_writes_no_last_pair_v2","successors":[1,2,3,4,5,6,7,8,9,10,11,12,13,14,15,16,16]}
{"case":2032,"call":0,"status":"budget","root":2,"steps":1,"normalized":0,"accounting":"full_successor_reads_writes_no_last_pair_v2","successors":[1,2,3,4,5,6,7,8,9,10,11,12,13,14,15,16,16]}
{"case":2033,"call":0,"status":"budget","root":3,"steps":2,"normalized":0,"accounting":"full_successor_reads_writes_no_last_pair_v2","successors":[1,2,3,4,5,6,7,8,9,10,11,12,13,14,15,16,16]}
{"case":2034,"call":0,"status":"budget","root":4,"steps":3,"normalized":0,"accounting":"full_successor_reads_writes_no_last_pair_v2","successors":[1,2,3,4,5,6,7,8,9,10,11,12,13,14,15,16,16]}
{"case":2035,"call":0,"status":"budget","root":5,"steps":4,"normalized":0,"accounting":"full_successor_reads_writes_no_last_pair_v2","successors":[1,2,3,4,5,6,7,8,9,10,11,12,13,14,15,16,16]}
{"case":2036,"call":0,"status":"budget","root":6,"steps":5,"normalized":0,"accounting":"full_successor_reads_writes_no_last_pair_v2","successors":[1,2,3,4,5,6,7,8,9,10,11,12,13,14,15,16,16]}
{"case":2037,"call":0,"status":"budget","root":7,"steps":6,"normalized":0,"accounting":"full_successor_reads_writes_no_last_pair_v2","successors":[1,2,3,4,5,6,7,8,9,10,11,12,13,14,15,16,16]}
{"case":2038,"call":0,"status":"budget","root":8,"steps":7,"normalized":0,"accounting":"full_successor_reads_writes_no_last_pair_v2","successors":[1,2,3,4,5,6,7,8,9,10,11,12,13,14,15,16,16]}
{"case":2039,"call":0,"status":"budget","root":9,"steps":8,"normalized":0,"accounting":"full_successor_reads_writes_no_last_pair_v2","successors":[1,2,3,4,5,6,7,8,9,10,11,12,13,14,15,16,16]}
{"case":2040,"call":0,"status":"budget","root":10,"steps":9,"normalized":0,"accounting":"full_successor_reads_writes_no_last_pair_v2","successors":[1,2,3,4,5,6,7,8,9,10,11,12,13,14,15,16,16]}
{"case":2041,"call":0,"status":"budget","root":11,"steps":10,"normalized":0,"accounting":"full_successor_reads_writes_no_last_pair_v2","successors":[1,2,3,4,5,6,7,8,9,10,11,12,13,14,15,16,16]}
{"case":2042,"call":0,"status":"budget","root":12,"steps":11,"normalized":0,"accounting":"full_successor_reads_writes_no_last_pair_v2","successors":[1,2,3,4,5,6,7,8,9,10,11,12,13,14,15,16,16]}
{"case":2043,"call":0,"status":"budget","root":13,"steps":12,"normalized":0,"accounting":"full_successor_reads_writes_no_last_pair_v2","successors":[1,2,3,4,5,6,7,8,9,10,11,12,13,14,15,16,16]}
{"case":2044,"call":0,"status":"budget","root":14,"steps":13,"normalized":0,"accounting":"full_successor_reads_writes_no_last_pair_v2","successors":[1,2,3,4,5,6,7,8,9,10,11,12,13,14,15,16,16]}
{"case":2045,"call":0,"status":"budget","root":15,"steps":14,"normalized":0,"accounting":"full_successor_reads_writes_no_last_pair_v2","successors":[1,2,3,4,5,6,7,8,9,10,11,12,13,14,15,16,16]}
{"case":2046,"call":0,"status":"budget","root":16,"steps":15,"normalized":0,"accounting":"full_successor_reads_writes_no_last_pair_v2","successors":[1,2,3,4,5,6,7,8,9,10,11,12,13,14,15,16,16]}
{"case":2047,"call":0,"status":"budget","root":16,"steps":16,"normalized":1,"accounting":"full_successor_reads_writes_no_last_pair_v2","successors":[1,2,3,4,5,6,7,8,9,10,11,12,13,14,15,16,16]}
{"case":2048,"call":0,"status":"budget","root":16,"steps":17,"normalized":1,"accounting":"full_successor_reads_writes_no_last_pair_v2","successors":[1,2,3,4,5,6,7,8,9,10,11,12,13,14,15,16,16]}
{"case":2049,"call":0,"status":"budget","root":16,"steps":18,"normalized":1,"accounting":"full_successor_reads_writes_no_last_pair_v2","successors":[1,16,3,4,5,6,7,8,9,10,11,12,13,14,15,16,16]}
{"case":2050,"call":0,"status":"budget","root":16,"steps":19,"normalized":1,"accounting":"full_successor_reads_writes_no_last_pair_v2","successors":[1,16,3,4,5,6,7,8,9,10,11,12,13,14,15,16,16]}
{"case":2051,"call":0,"status":"budget","root":16,"steps":20,"normalized":1,"accounting":"full_successor_reads_writes_no_last_pair_v2","successors":[1,16,16,4,5,6,7,8,9,10,11,12,13,14,15,16,16]}
{"case":2052,"call":0,"status":"budget","root":16,"steps":21,"normalized":1,"accounting":"full_successor_reads_writes_no_last_pair_v2","successors":[1,16,16,4,5,6,7,8,9,10,11,12,13,14,15,16,16]}
{"case":2053,"call":0,"status":"budget","root":16,"steps":22,"normalized":1,"accounting":"full_successor_reads_writes_no_last_pair_v2","successors":[1,16,16,16,5,6,7,8,9,10,11,12,13,14,15,16,16]}
{"case":2054,"call":0,"status":"budget","root":16,"steps":23,"normalized":1,"accounting":"full_successor_reads_writes_no_last_pair_v2","successors":[1,16,16,16,5,6,7,8,9,10,11,12,13,14,15,16,16]}
{"case":2055,"call":0,"status":"budget","root":16,"steps":24,"normalized":1,"accounting":"full_successor_reads_writes_no_last_pair_v2","successors":[1,16,16,16,16,6,7,8,9,10,11,12,13,14,15,16,16]}
{"case":2056,"call":0,"status":"budget","root":16,"steps":25,"normalized":1,"accounting":"full_successor_reads_writes_no_last_pair_v2","successors":[1,16,16,16,16,6,7,8,9,10,11,12,13,14,15,16,16]}
{"case":2057,"call":0,"status":"budget","root":16,"steps":26,"normalized":1,"accounting":"full_successor_reads_writes_no_last_pair_v2","successors":[1,16,16,16,16,16,7,8,9,10,11,12,13,14,15,16,16]}
{"case":2058,"call":0,"status":"budget","root":16,"steps":27,"normalized":1,"accounting":"full_successor_reads_writes_no_last_pair_v2","successors":[1,16,16,16,16,16,7,8,9,10,11,12,13,14,15,16,16]}
{"case":2059,"call":0,"status":"budget","root":16,"steps":28,"normalized":1,"accounting":"full_successor_reads_writes_no_last_pair_v2","successors":[1,16,16,16,16,16,16,8,9,10,11,12,13,14,15,16,16]}
{"case":2060,"call":0,"status":"budget","root":16,"steps":29,"normalized":1,"accounting":"full_successor_reads_writes_no_last_pair_v2","successors":[1,16,16,16,16,16,16,8,9,10,11,12,13,14,15,16,16]}
{"case":2061,"call":0,"status":"budget","root":16,"steps":30,"normalized":1,"accounting":"full_successor_reads_writes_no_last_pair_v2","successors":[1,16,16,16,16,16,16,16,9,10,11,12,13,14,15,16,16]}
{"case":2062,"call":0,"status":"budget","root":16,"steps":31,"normalized":1,"accounting":"full_successor_reads_writes_no_last_pair_v2","successors":[1,16,16,16,16,16,16,16,9,10,11,12,13,14,15,16,16]}
{"case":2063,"call":0,"status":"budget","root":16,"steps":32,"normalized":1,"accounting":"full_successor_reads_writes_no_last_pair_v2","successors":[1,16,16,16,16,16,16,16,16,10,11,12,13,14,15,16,16]}
{"case":2064,"call":0,"status":"budget","root":16,"steps":33,"normalized":1,"accounting":"full_successor_reads_writes_no_last_pair_v2","successors":[1,16,16,16,16,16,16,16,16,10,11,12,13,14,15,16,16]}
{"case":2065,"call":0,"status":"budget","root":16,"steps":34,"normalized":1,"accounting":"full_successor_reads_writes_no_last_pair_v2","successors":[1,16,16,16,16,16,16,16,16,16,11,12,13,14,15,16,16]}
{"case":2066,"call":0,"status":"budget","root":16,"steps":35,"normalized":1,"accounting":"full_successor_reads_writes_no_last_pair_v2","successors":[1,16,16,16,16,16,16,16,16,16,11,12,13,14,15,16,16]}
{"case":2067,"call":0,"status":"budget","root":16,"steps":36,"normalized":1,"accounting":"full_successor_reads_writes_no_last_pair_v2","successors":[1,16,16,16,16,16,16,16,16,16,16,12,13,14,15,16,16]}
{"case":2068,"call":0,"status":"budget","root":16,"steps":37,"normalized":1,"accounting":"full_successor_reads_writes_no_last_pair_v2","successors":[1,16,16,16,16,16,16,16,16,16,16,12,13,14,15,16,16]}
{"case":2069,"call":0,"status":"budget","root":16,"steps":38,"normalized":1,"accounting":"full_successor_reads_writes_no_last_pair_v2","successors":[1,16,16,16,16,16,16,16,16,16,16,16,13,14,15,16,16]}
{"case":2070,"call":0,"status":"budget","root":16,"steps":39,"normalized":1,"accounting":"full_successor_reads_writes_no_last_pair_v2","successors":[1,16,16,16,16,16,16,16,16,16,16,16,13,14,15,16,16]}
{"case":2071,"call":0,"status":"budget","root":16,"steps":40,"normalized":1,"accounting":"full_successor_reads_writes_no_last_pair_v2","successors":[1,16,16,16,16,16,16,16,16,16,16,16,16,14,15,16,16]}
{"case":2072,"call":0,"status":"budget","root":16,"steps":41,"normalized":1,"accounting":"full_successor_reads_writes_no_last_pair_v2","successors":[1,16,16,16,16,16,16,16,16,16,16,16,16,14,15,16,16]}
{"case":2073,"call":0,"status":"budget","root":16,"steps":42,"normalized":1,"accounting":"full_successor_reads_writes_no_last_pair_v2","successors":[1,16,16,16,16,16,16,16,16,16,16,16,16,16,15,16,16]}
{"case":2074,"call":0,"status":"budget","root":16,"steps":43,"normalized":1,"accounting":"full_successor_reads_writes_no_last_pair_v2","successors":[1,16,16,16,16,16,16,16,16,16,16,16,16,16,15,16,16]}
{"case":2075,"call":0,"status":"ok","root":16,"steps":44,"normalized":1,"accounting":"full_successor_reads_writes_no_last_pair_v2","successors":[1,16,16,16,16,16,16,16,16,16,16,16,16,16,16,16,16]}
{"case":2076,"call":0,"status":"ok","root":16,"steps":44,"normalized":1,"accounting":"full_successor_reads_writes_no_last_pair_v2","successors":[1,16,16,16,16,16,16,16,16,16,16,16,16,16,16,16,16]}
{"case":2077,"call":0,"status":"budget","root":1,"steps":7,"normalized":3,"accounting":"full_successor_reads_writes_no_last_pair_v2","successors":[1,2,3,4,5,6,7,8,9,10,11,12,13,14,15,16,16]}
{"case":2078,"call":0,"status":"budget","root":2,"steps":8,"normalized":3,"accounting":"full_successor_reads_writes_no_last_pair_v2","successors":[1,2,3,4,5,6,7,8,9,10,11,12,13,14,15,16,16]}
{"case":2079,"call":0,"status":"budget","root":3,"steps":9,"normalized":3,"accounting":"full_successor_reads_writes_no_last_pair_v2","successors":[1,2,3,4,5,6,7,8,9,10,11,12,13,14,15,16,16]}
{"case":2080,"call":0,"status":"budget","root":4,"steps":10,"normalized":3,"accounting":"full_successor_reads_writes_no_last_pair_v2","successors":[1,2,3,4,5,6,7,8,9,10,11,12,13,14,15,16,16]}
{"case":2081,"call":0,"status":"budget","root":5,"steps":11,"normalized":3,"accounting":"full_successor_reads_writes_no_last_pair_v2","successors":[1,2,3,4,5,6,7,8,9,10,11,12,13,14,15,16,16]}
{"case":2082,"call":0,"status":"budget","root":6,"steps":12,"normalized":3,"accounting":"full_successor_reads_writes_no_last_pair_v2","successors":[1,2,3,4,5,6,7,8,9,10,11,12,13,14,15,16,16]}
{"case":2083,"call":0,"status":"budget","root":7,"steps":13,"normalized":3,"accounting":"full_successor_reads_writes_no_last_pair_v2","successors":[1,2,3,4,5,6,7,8,9,10,11,12,13,14,15,16,16]}
{"case":2084,"call":0,"status":"budget","root":8,"steps":14,"normalized":3,"accounting":"full_successor_reads_writes_no_last_pair_v2","successors":[1,2,3,4,5,6,7,8,9,10,11,12,13,14,15,16,16]}
{"case":2085,"call":0,"status":"budget","root":9,"steps":15,"normalized":3,"accounting":"full_successor_reads_writes_no_last_pair_v2","successors":[1,2,3,4,5,6,7,8,9,10,11,12,13,14,15,16,16]}
{"case":2086,"call":0,"status":"budget","root":10,"steps":16,"normalized":3,"accounting":"full_successor_reads_writes_no_last_pair_v2","successors":[1,2,3,4,5,6,7,8,9,10,11,12,13,14,15,16,16]}
{"case":2087,"call":0,"status":"budget","root":11,"steps":17,"normalized":3,"accounting":"full_successor_reads_writes_no_last_pair_v2","successors":[1,2,3,4,5,6,7,8,9,10,11,12,13,14,15,16,16]}
{"case":2088,"call":0,"status":"budget","root":12,"steps":18,"normalized":3,"accounting":"full_successor_reads_writes_no_last_pair_v2","successors":[1,2,3,4,5,6,7,8,9,10,11,12,13,14,15,16,16]}
{"case":2089,"call":0,"status":"budget","root":13,"steps":19,"normalized":3,"accounting":"full_successor_reads_writes_no_last_pair_v2","successors":[1,2,3,4,5,6,7,8,9,10,11,12,13,14,15,16,16]}
{"case":2090,"call":0,"status":"budget","root":14,"steps":20,"normalized":3,"accounting":"full_successor_reads_writes_no_last_pair_v2","successors":[1,2,3,4,5,6,7,8,9,10,11,12,13,14,15,16,16]}
{"case":2091,"call":0,"status":"budget","root":15,"steps":21,"normalized":3,"accounting":"full_successor_reads_writes_no_last_pair_v2","successors":[1,2,3,4,5,6,7,8,9,10,11,12,13,14,15,16,16]}
{"case":2092,"call":0,"status":"budget","root":16,"steps":22,"normalized":3,"accounting":"full_successor_reads_writes_no_last_pair_v2","successors":[1,2,3,4,5,6,7,8,9,10,11,12,13,14,15,16,16]}
{"case":2093,"call":0,"status":"budget","root":16,"steps":23,"normalized":4,"accounting":"full_successor_reads_writes_no_last_pair_v2","successors":[1,2,3,4,5,6,7,8,9,10,11,12,13,14,15,16,16]}
{"case":2094,"call":0,"status":"budget","root":16,"steps":24,"normalized":4,"accounting":"full_successor_reads_writes_no_last_pair_v2","successors":[1,2,3,4,5,6,7,8,9,10,11,12,13,14,15,16,16]}
{"case":2095,"call":0,"status":"budget","root":16,"steps":25,"normalized":4,"accounting":"full_successor_reads_writes_no_last_pair_v2","successors":[1,16,3,4,5,6,7,8,9,10,11,12,13,14,15,16,16]}
{"case":2096,"call":0,"status":"budget","root":16,"steps":26,"normalized":4,"accounting":"full_successor_reads_writes_no_last_pair_v2","successors":[1,16,3,4,5,6,7,8,9,10,11,12,13,14,15,16,16]}
{"case":2097,"call":0,"status":"budget","root":16,"steps":27,"normalized":4,"accounting":"full_successor_reads_writes_no_last_pair_v2","successors":[1,16,16,4,5,6,7,8,9,10,11,12,13,14,15,16,16]}
{"case":2098,"call":0,"status":"budget","root":16,"steps":28,"normalized":4,"accounting":"full_successor_reads_writes_no_last_pair_v2","successors":[1,16,16,4,5,6,7,8,9,10,11,12,13,14,15,16,16]}
{"case":2099,"call":0,"status":"budget","root":16,"steps":29,"normalized":4,"accounting":"full_successor_reads_writes_no_last_pair_v2","successors":[1,16,16,16,5,6,7,8,9,10,11,12,13,14,15,16,16]}
{"case":2100,"call":0,"status":"budget","root":16,"steps":30,"normalized":4,"accounting":"full_successor_reads_writes_no_last_pair_v2","successors":[1,16,16,16,5,6,7,8,9,10,11,12,13,14,15,16,16]}
{"case":2101,"call":0,"status":"budget","root":16,"steps":31,"normalized":4,"accounting":"full_successor_reads_writes_no_last_pair_v2","successors":[1,16,16,16,16,6,7,8,9,10,11,12,13,14,15,16,16]}
{"case":2102,"call":0,"status":"budget","root":16,"steps":32,"normalized":4,"accounting":"full_successor_reads_writes_no_last_pair_v2","successors":[1,16,16,16,16,6,7,8,9,10,11,12,13,14,15,16,16]}
{"case":2103,"call":0,"status":"budget","root":16,"steps":33,"normalized":4,"accounting":"full_successor_reads_writes_no_last_pair_v2","successors":[1,16,16,16,16,16,7,8,9,10,11,12,13,14,15,16,16]}
{"case":2104,"call":0,"status":"budget","root":16,"steps":34,"normalized":4,"accounting":"full_successor_reads_writes_no_last_pair_v2","successors":[1,16,16,16,16,16,7,8,9,10,11,12,13,14,15,16,16]}
{"case":2105,"call":0,"status":"budget","root":16,"steps":35,"normalized":4,"accounting":"full_successor_reads_writes_no_last_pair_v2","successors":[1,16,16,16,16,16,16,8,9,10,11,12,13,14,15,16,16]}
{"case":2106,"call":0,"status":"budget","root":16,"steps":36,"normalized":4,"accounting":"full_successor_reads_writes_no_last_pair_v2","successors":[1,16,16,16,16,16,16,8,9,10,11,12,13,14,15,16,16]}
{"case":2107,"call":0,"status":"budget","root":16,"steps":37,"normalized":4,"accounting":"full_successor_reads_writes_no_last_pair_v2","successors":[1,16,16,16,16,16,16,16,9,10,11,12,13,14,15,16,16]}
{"case":2108,"call":0,"status":"budget","root":16,"steps":38,"normalized":4,"accounting":"full_successor_reads_writes_no_last_pair_v2","successors":[1,16,16,16,16,16,16,16,9,10,11,12,13,14,15,16,16]}
{"case":2109,"call":0,"status":"budget","root":16,"steps":39,"normalized":4,"accounting":"full_successor_reads_writes_no_last_pair_v2","successors":[1,16,16,16,16,16,16,16,16,10,11,12,13,14,15,16,16]}
{"case":2110,"call":0,"status":"budget","root":16,"steps":40,"normalized":4,"accounting":"full_successor_reads_writes_no_last_pair_v2","successors":[1,16,16,16,16,16,16,16,16,10,11,12,13,14,15,16,16]}
{"case":2111,"call":0,"status":"budget","root":16,"steps":41,"normalized":4,"accounting":"full_successor_reads_writes_no_last_pair_v2","successors":[1,16,16,16,16,16,16,16,16,16,11,12,13,14,15,16,16]}
{"case":2112,"call":0,"status":"budget","root":16,"steps":42,"normalized":4,"accounting":"full_successor_reads_writes_no_last_pair_v2","successors":[1,16,16,16,16,16,16,16,16,16,11,12,13,14,15,16,16]}
{"case":2113,"call":0,"status":"budget","root":16,"steps":43,"normalized":4,"accounting":"full_successor_reads_writes_no_last_pair_v2","successors":[1,16,16,16,16,16,16,16,16,16,16,12,13,14,15,16,16]}
{"case":2114,"call":0,"status":"budget","root":16,"steps":44,"normalized":4,"accounting":"full_successor_reads_writes_no_last_pair_v2","successors":[1,16,16,16,16,16,16,16,16,16,16,12,13,14,15,16,16]}
{"case":2115,"call":0,"status":"budget","root":16,"steps":45,"normalized":4,"accounting":"full_successor_reads_writes_no_last_pair_v2","successors":[1,16,16,16,16,16,16,16,16,16,16,16,13,14,15,16,16]}
{"case":2116,"call":0,"status":"budget","root":16,"steps":46,"normalized":4,"accounting":"full_successor_reads_writes_no_last_pair_v2","successors":[1,16,16,16,16,16,16,16,16,16,16,16,13,14,15,16,16]}
{"case":2117,"call":0,"status":"budget","root":16,"steps":47,"normalized":4,"accounting":"full_successor_reads_writes_no_last_pair_v2","successors":[1,16,16,16,16,16,16,16,16,16,16,16,16,14,15,16,16]}
{"case":2118,"call":0,"status":"budget","root":16,"steps":48,"normalized":4,"accounting":"full_successor_reads_writes_no_last_pair_v2","successors":[1,16,16,16,16,16,16,16,16,16,16,16,16,14,15,16,16]}
{"case":2119,"call":0,"status":"budget","root":16,"steps":49,"normalized":4,"accounting":"full_successor_reads_writes_no_last_pair_v2","successors":[1,16,16,16,16,16,16,16,16,16,16,16,16,16,15,16,16]}
{"case":2120,"call":0,"status":"budget","root":16,"steps":50,"normalized":4,"accounting":"full_successor_reads_writes_no_last_pair_v2","successors":[1,16,16,16,16,16,16,16,16,16,16,16,16,16,15,16,16]}
{"case":2121,"call":0,"status":"ok","root":16,"steps":51,"normalized":4,"accounting":"full_successor_reads_writes_no_last_pair_v2","successors":[1,16,16,16,16,16,16,16,16,16,16,16,16,16,16,16,16]}
{"case":2122,"call":0,"status":"ok","root":16,"steps":51,"normalized":4,"accounting":"full_successor_reads_writes_no_last_pair_v2","successors":[1,16,16,16,16,16,16,16,16,16,16,16,16,16,16,16,16]}
{"case":2123,"call":0,"status":"budget","root":1,"steps":18446744073709551570,"normalized":18446744073709551569,"accounting":"full_successor_reads_writes_no_last_pair_v2","successors":[1,2,3,4,5,6,7,8,9,10,11,12,13,14,15,16,16]}
{"case":2124,"call":0,"status":"budget","root":2,"steps":18446744073709551571,"normalized":18446744073709551569,"accounting":"full_successor_reads_writes_no_last_pair_v2","successors":[1,2,3,4,5,6,7,8,9,10,11,12,13,14,15,16,16]}
{"case":2125,"call":0,"status":"budget","root":3,"steps":18446744073709551572,"normalized":18446744073709551569,"accounting":"full_successor_reads_writes_no_last_pair_v2","successors":[1,2,3,4,5,6,7,8,9,10,11,12,13,14,15,16,16]}
{"case":2126,"call":0,"status":"budget","root":4,"steps":18446744073709551573,"normalized":18446744073709551569,"accounting":"full_successor_reads_writes_no_last_pair_v2","successors":[1,2,3,4,5,6,7,8,9,10,11,12,13,14,15,16,16]}
{"case":2127,"call":0,"status":"budget","root":5,"steps":18446744073709551574,"normalized":18446744073709551569,"accounting":"full_successor_reads_writes_no_last_pair_v2","successors":[1,2,3,4,5,6,7,8,9,10,11,12,13,14,15,16,16]}
{"case":2128,"call":0,"status":"budget","root":6,"steps":18446744073709551575,"normalized":18446744073709551569,"accounting":"full_successor_reads_writes_no_last_pair_v2","successors":[1,2,3,4,5,6,7,8,9,10,11,12,13,14,15,16,16]}
{"case":2129,"call":0,"status":"budget","root":7,"steps":18446744073709551576,"normalized":18446744073709551569,"accounting":"full_successor_reads_writes_no_last_pair_v2","successors":[1,2,3,4,5,6,7,8,9,10,11,12,13,14,15,16,16]}
{"case":2130,"call":0,"status":"budget","root":8,"steps":18446744073709551577,"normalized":18446744073709551569,"accounting":"full_successor_reads_writes_no_last_pair_v2","successors":[1,2,3,4,5,6,7,8,9,10,11,12,13,14,15,16,16]}
{"case":2131,"call":0,"status":"budget","root":9,"steps":18446744073709551578,"normalized":18446744073709551569,"accounting":"full_successor_reads_writes_no_last_pair_v2","successors":[1,2,3,4,5,6,7,8,9,10,11,12,13,14,15,16,16]}
{"case":2132,"call":0,"status":"budget","root":10,"steps":18446744073709551579,"normalized":18446744073709551569,"accounting":"full_successor_reads_writes_no_last_pair_v2","successors":[1,2,3,4,5,6,7,8,9,10,11,12,13,14,15,16,16]}
{"case":2133,"call":0,"status":"budget","root":11,"steps":18446744073709551580,"normalized":18446744073709551569,"accounting":"full_successor_reads_writes_no_last_pair_v2","successors":[1,2,3,4,5,6,7,8,9,10,11,12,13,14,15,16,16]}
{"case":2134,"call":0,"status":"budget","root":12,"steps":18446744073709551581,"normalized":18446744073709551569,"accounting":"full_successor_reads_writes_no_last_pair_v2","successors":[1,2,3,4,5,6,7,8,9,10,11,12,13,14,15,16,16]}
{"case":2135,"call":0,"status":"budget","root":13,"steps":18446744073709551582,"normalized":18446744073709551569,"accounting":"full_successor_reads_writes_no_last_pair_v2","successors":[1,2,3,4,5,6,7,8,9,10,11,12,13,14,15,16,16]}
{"case":2136,"call":0,"status":"budget","root":14,"steps":18446744073709551583,"normalized":18446744073709551569,"accounting":"full_successor_reads_writes_no_last_pair_v2","successors":[1,2,3,4,5,6,7,8,9,10,11,12,13,14,15,16,16]}
{"case":2137,"call":0,"status":"budget","root":15,"steps":18446744073709551584,"normalized":18446744073709551569,"accounting":"full_successor_reads_writes_no_last_pair_v2","successors":[1,2,3,4,5,6,7,8,9,10,11,12,13,14,15,16,16]}
{"case":2138,"call":0,"status":"budget","root":16,"steps":18446744073709551585,"normalized":18446744073709551569,"accounting":"full_successor_reads_writes_no_last_pair_v2","successors":[1,2,3,4,5,6,7,8,9,10,11,12,13,14,15,16,16]}
{"case":2139,"call":0,"status":"budget","root":16,"steps":18446744073709551586,"normalized":18446744073709551570,"accounting":"full_successor_reads_writes_no_last_pair_v2","successors":[1,2,3,4,5,6,7,8,9,10,11,12,13,14,15,16,16]}
{"case":2140,"call":0,"status":"budget","root":16,"steps":18446744073709551587,"normalized":18446744073709551570,"accounting":"full_successor_reads_writes_no_last_pair_v2","successors":[1,2,3,4,5,6,7,8,9,10,11,12,13,14,15,16,16]}
{"case":2141,"call":0,"status":"budget","root":16,"steps":18446744073709551588,"normalized":18446744073709551570,"accounting":"full_successor_reads_writes_no_last_pair_v2","successors":[1,16,3,4,5,6,7,8,9,10,11,12,13,14,15,16,16]}
{"case":2142,"call":0,"status":"budget","root":16,"steps":18446744073709551589,"normalized":18446744073709551570,"accounting":"full_successor_reads_writes_no_last_pair_v2","successors":[1,16,3,4,5,6,7,8,9,10,11,12,13,14,15,16,16]}
{"case":2143,"call":0,"status":"budget","root":16,"steps":18446744073709551590,"normalized":18446744073709551570,"accounting":"full_successor_reads_writes_no_last_pair_v2","successors":[1,16,16,4,5,6,7,8,9,10,11,12,13,14,15,16,16]}
{"case":2144,"call":0,"status":"budget","root":16,"steps":18446744073709551591,"normalized":18446744073709551570,"accounting":"full_successor_reads_writes_no_last_pair_v2","successors":[1,16,16,4,5,6,7,8,9,10,11,12,13,14,15,16,16]}
{"case":2145,"call":0,"status":"budget","root":16,"steps":18446744073709551592,"normalized":18446744073709551570,"accounting":"full_successor_reads_writes_no_last_pair_v2","successors":[1,16,16,16,5,6,7,8,9,10,11,12,13,14,15,16,16]}
{"case":2146,"call":0,"status":"budget","root":16,"steps":18446744073709551593,"normalized":18446744073709551570,"accounting":"full_successor_reads_writes_no_last_pair_v2","successors":[1,16,16,16,5,6,7,8,9,10,11,12,13,14,15,16,16]}
{"case":2147,"call":0,"status":"budget","root":16,"steps":18446744073709551594,"normalized":18446744073709551570,"accounting":"full_successor_reads_writes_no_last_pair_v2","successors":[1,16,16,16,16,6,7,8,9,10,11,12,13,14,15,16,16]}
{"case":2148,"call":0,"status":"budget","root":16,"steps":18446744073709551595,"normalized":18446744073709551570,"accounting":"full_successor_reads_writes_no_last_pair_v2","successors":[1,16,16,16,16,6,7,8,9,10,11,12,13,14,15,16,16]}
{"case":2149,"call":0,"status":"budget","root":16,"steps":18446744073709551596,"normalized":18446744073709551570,"accounting":"full_successor_reads_writes_no_last_pair_v2","successors":[1,16,16,16,16,16,7,8,9,10,11,12,13,14,15,16,16]}
{"case":2150,"call":0,"status":"budget","root":16,"steps":18446744073709551597,"normalized":18446744073709551570,"accounting":"full_successor_reads_writes_no_last_pair_v2","successors":[1,16,16,16,16,16,7,8,9,10,11,12,13,14,15,16,16]}
{"case":2151,"call":0,"status":"budget","root":16,"steps":18446744073709551598,"normalized":18446744073709551570,"accounting":"full_successor_reads_writes_no_last_pair_v2","successors":[1,16,16,16,16,16,16,8,9,10,11,12,13,14,15,16,16]}
{"case":2152,"call":0,"status":"budget","root":16,"steps":18446744073709551599,"normalized":18446744073709551570,"accounting":"full_successor_reads_writes_no_last_pair_v2","successors":[1,16,16,16,16,16,16,8,9,10,11,12,13,14,15,16,16]}
{"case":2153,"call":0,"status":"budget","root":16,"steps":18446744073709551600,"normalized":18446744073709551570,"accounting":"full_successor_reads_writes_no_last_pair_v2","successors":[1,16,16,16,16,16,16,16,9,10,11,12,13,14,15,16,16]}
{"case":2154,"call":0,"status":"budget","root":16,"steps":18446744073709551601,"normalized":18446744073709551570,"accounting":"full_successor_reads_writes_no_last_pair_v2","successors":[1,16,16,16,16,16,16,16,9,10,11,12,13,14,15,16,16]}
{"case":2155,"call":0,"status":"budget","root":16,"steps":18446744073709551602,"normalized":18446744073709551570,"accounting":"full_successor_reads_writes_no_last_pair_v2","successors":[1,16,16,16,16,16,16,16,16,10,11,12,13,14,15,16,16]}
{"case":2156,"call":0,"status":"budget","root":16,"steps":18446744073709551603,"normalized":18446744073709551570,"accounting":"full_successor_reads_writes_no_last_pair_v2","successors":[1,16,16,16,16,16,16,16,16,10,11,12,13,14,15,16,16]}
{"case":2157,"call":0,"status":"budget","root":16,"steps":18446744073709551604,"normalized":18446744073709551570,"accounting":"full_successor_reads_writes_no_last_pair_v2","successors":[1,16,16,16,16,16,16,16,16,16,11,12,13,14,15,16,16]}
{"case":2158,"call":0,"status":"budget","root":16,"steps":18446744073709551605,"normalized":18446744073709551570,"accounting":"full_successor_reads_writes_no_last_pair_v2","successors":[1,16,16,16,16,16,16,16,16,16,11,12,13,14,15,16,16]}
{"case":2159,"call":0,"status":"budget","root":16,"steps":18446744073709551606,"normalized":18446744073709551570,"accounting":"full_successor_reads_writes_no_last_pair_v2","successors":[1,16,16,16,16,16,16,16,16,16,16,12,13,14,15,16,16]}
{"case":2160,"call":0,"status":"budget","root":16,"steps":18446744073709551607,"normalized":18446744073709551570,"accounting":"full_successor_reads_writes_no_last_pair_v2","successors":[1,16,16,16,16,16,16,16,16,16,16,12,13,14,15,16,16]}
{"case":2161,"call":0,"status":"budget","root":16,"steps":18446744073709551608,"normalized":18446744073709551570,"accounting":"full_successor_reads_writes_no_last_pair_v2","successors":[1,16,16,16,16,16,16,16,16,16,16,16,13,14,15,16,16]}
{"case":2162,"call":0,"status":"budget","root":16,"steps":18446744073709551609,"normalized":18446744073709551570,"accounting":"full_successor_reads_writes_no_last_pair_v2","successors":[1,16,16,16,16,16,16,16,16,16,16,16,13,14,15,16,16]}
{"case":2163,"call":0,"status":"budget","root":16,"steps":18446744073709551610,"normalized":18446744073709551570,"accounting":"full_successor_reads_writes_no_last_pair_v2","successors":[1,16,16,16,16,16,16,16,16,16,16,16,16,14,15,16,16]}
{"case":2164,"call":0,"status":"budget","root":16,"steps":18446744073709551611,"normalized":18446744073709551570,"accounting":"full_successor_reads_writes_no_last_pair_v2","successors":[1,16,16,16,16,16,16,16,16,16,16,16,16,14,15,16,16]}
{"case":2165,"call":0,"status":"budget","root":16,"steps":18446744073709551612,"normalized":18446744073709551570,"accounting":"full_successor_reads_writes_no_last_pair_v2","successors":[1,16,16,16,16,16,16,16,16,16,16,16,16,16,15,16,16]}
{"case":2166,"call":0,"status":"budget","root":16,"steps":18446744073709551613,"normalized":18446744073709551570,"accounting":"full_successor_reads_writes_no_last_pair_v2","successors":[1,16,16,16,16,16,16,16,16,16,16,16,16,16,15,16,16]}
{"case":2167,"call":0,"status":"ok","root":16,"steps":18446744073709551614,"normalized":18446744073709551570,"accounting":"full_successor_reads_writes_no_last_pair_v2","successors":[1,16,16,16,16,16,16,16,16,16,16,16,16,16,16,16,16]}
{"case":2168,"call":0,"status":"ok","root":16,"steps":18446744073709551614,"normalized":18446744073709551570,"accounting":"full_successor_reads_writes_no_last_pair_v2","successors":[1,16,16,16,16,16,16,16,16,16,16,16,16,16,16,16,16]}
{"case":2169,"call":0,"status":"budget","root":1,"steps":11,"normalized":4,"accounting":"full_successor_reads_writes_no_last_pair_v2","successors":[1,2,3,4,5,6,7,8,9,10,11,12,13,14,15,16,16]}
{"case":2170,"call":0,"status":"budget","root":2,"steps":0,"normalized":0,"accounting":"full_successor_reads_writes_no_last_pair_v2","successors":[1,2,3,4,5,6,7,8,9,10,11,12,13,14,15,16,16]}
{"case":2171,"call":0,"status":"budget","root":3,"steps":1,"normalized":0,"accounting":"full_successor_reads_writes_no_last_pair_v2","successors":[1,2,3,4,5,6,7,8,9,10,11,12,13,14,15,16,16]}
{"case":2172,"call":0,"status":"budget","root":4,"steps":2,"normalized":0,"accounting":"full_successor_reads_writes_no_last_pair_v2","successors":[1,2,3,4,5,6,7,8,9,10,11,12,13,14,15,16,16]}
{"case":2173,"call":0,"status":"budget","root":5,"steps":3,"normalized":0,"accounting":"full_successor_reads_writes_no_last_pair_v2","successors":[1,2,3,4,5,6,7,8,9,10,11,12,13,14,15,16,16]}
{"case":2174,"call":0,"status":"budget","root":6,"steps":4,"normalized":0,"accounting":"full_successor_reads_writes_no_last_pair_v2","successors":[1,2,3,4,5,6,7,8,9,10,11,12,13,14,15,16,16]}
{"case":2175,"call":0,"status":"budget","root":7,"steps":5,"normalized":0,"accounting":"full_successor_reads_writes_no_last_pair_v2","successors":[1,2,3,4,5,6,7,8,9,10,11,12,13,14,15,16,16]}
{"case":2176,"call":0,"status":"budget","root":8,"steps":6,"normalized":0,"accounting":"full_successor_reads_writes_no_last_pair_v2","successors":[1,2,3,4,5,6,7,8,9,10,11,12,13,14,15,16,16]}
{"case":2177,"call":0,"status":"budget","root":9,"steps":7,"normalized":0,"accounting":"full_successor_reads_writes_no_last_pair_v2","successors":[1,2,3,4,5,6,7,8,9,10,11,12,13,14,15,16,16]}
{"case":2178,"call":0,"status":"budget","root":10,"steps":8,"normalized":0,"accounting":"full_successor_reads_writes_no_last_pair_v2","successors":[1,2,3,4,5,6,7,8,9,10,11,12,13,14,15,16,16]}
{"case":2179,"call":0,"status":"budget","root":11,"steps":9,"normalized":0,"accounting":"full_successor_reads_writes_no_last_pair_v2","successors":[1,2,3,4,5,6,7,8,9,10,11,12,13,14,15,16,16]}
{"case":2180,"call":0,"status":"budget","root":12,"steps":10,"normalized":0,"accounting":"full_successor_reads_writes_no_last_pair_v2","successors":[1,2,3,4,5,6,7,8,9,10,11,12,13,14,15,16,16]}
{"case":2181,"call":0,"status":"budget","root":13,"steps":11,"normalized":0,"accounting":"full_successor_reads_writes_no_last_pair_v2","successors":[1,2,3,4,5,6,7,8,9,10,11,12,13,14,15,16,16]}
{"case":2182,"call":0,"status":"budget","root":14,"steps":12,"normalized":0,"accounting":"full_successor_reads_writes_no_last_pair_v2","successors":[1,2,3,4,5,6,7,8,9,10,11,12,13,14,15,16,16]}
{"case":2183,"call":0,"status":"budget","root":15,"steps":13,"normalized":0,"accounting":"full_successor_reads_writes_no_last_pair_v2","successors":[1,2,3,4,5,6,7,8,9,10,11,12,13,14,15,16,16]}
{"case":2184,"call":0,"status":"budget","root":16,"steps":14,"normalized":0,"accounting":"full_successor_reads_writes_no_last_pair_v2","successors":[1,2,3,4,5,6,7,8,9,10,11,12,13,14,15,16,16]}
{"case":2185,"call":0,"status":"budget","root":16,"steps":15,"normalized":1,"accounting":"full_successor_reads_writes_no_last_pair_v2","successors":[1,2,3,4,5,6,7,8,9,10,11,12,13,14,15,16,16]}
{"case":2186,"call":0,"status":"budget","root":16,"steps":16,"normalized":1,"accounting":"full_successor_reads_writes_no_last_pair_v2","successors":[1,2,3,4,5,6,7,8,9,10,11,12,13,14,15,16,16]}
{"case":2187,"call":0,"status":"budget","root":16,"steps":17,"normalized":1,"accounting":"full_successor_reads_writes_no_last_pair_v2","successors":[1,2,16,4,5,6,7,8,9,10,11,12,13,14,15,16,16]}
{"case":2188,"call":0,"status":"budget","root":16,"steps":18,"normalized":1,"accounting":"full_successor_reads_writes_no_last_pair_v2","successors":[1,2,16,4,5,6,7,8,9,10,11,12,13,14,15,16,16]}
{"case":2189,"call":0,"status":"budget","root":16,"steps":19,"normalized":1,"accounting":"full_successor_reads_writes_no_last_pair_v2","successors":[1,2,16,16,5,6,7,8,9,10,11,12,13,14,15,16,16]}
{"case":2190,"call":0,"status":"budget","root":16,"steps":20,"normalized":1,"accounting":"full_successor_reads_writes_no_last_pair_v2","successors":[1,2,16,16,5,6,7,8,9,10,11,12,13,14,15,16,16]}
{"case":2191,"call":0,"status":"budget","root":16,"steps":21,"normalized":1,"accounting":"full_successor_reads_writes_no_last_pair_v2","successors":[1,2,16,16,16,6,7,8,9,10,11,12,13,14,15,16,16]}
{"case":2192,"call":0,"status":"budget","root":16,"steps":22,"normalized":1,"accounting":"full_successor_reads_writes_no_last_pair_v2","successors":[1,2,16,16,16,6,7,8,9,10,11,12,13,14,15,16,16]}
{"case":2193,"call":0,"status":"budget","root":16,"steps":23,"normalized":1,"accounting":"full_successor_reads_writes_no_last_pair_v2","successors":[1,2,16,16,16,16,7,8,9,10,11,12,13,14,15,16,16]}
{"case":2194,"call":0,"status":"budget","root":16,"steps":24,"normalized":1,"accounting":"full_successor_reads_writes_no_last_pair_v2","successors":[1,2,16,16,16,16,7,8,9,10,11,12,13,14,15,16,16]}
{"case":2195,"call":0,"status":"budget","root":16,"steps":25,"normalized":1,"accounting":"full_successor_reads_writes_no_last_pair_v2","successors":[1,2,16,16,16,16,16,8,9,10,11,12,13,14,15,16,16]}
{"case":2196,"call":0,"status":"budget","root":16,"steps":26,"normalized":1,"accounting":"full_successor_reads_writes_no_last_pair_v2","successors":[1,2,16,16,16,16,16,8,9,10,11,12,13,14,15,16,16]}
{"case":2197,"call":0,"status":"budget","root":16,"steps":27,"normalized":1,"accounting":"full_successor_reads_writes_no_last_pair_v2","successors":[1,2,16,16,16,16,16,16,9,10,11,12,13,14,15,16,16]}
{"case":2198,"call":0,"status":"budget","root":16,"steps":28,"normalized":1,"accounting":"full_successor_reads_writes_no_last_pair_v2","successors":[1,2,16,16,16,16,16,16,9,10,11,12,13,14,15,16,16]}
{"case":2199,"call":0,"status":"budget","root":16,"steps":29,"normalized":1,"accounting":"full_successor_reads_writes_no_last_pair_v2","successors":[1,2,16,16,16,16,16,16,16,10,11,12,13,14,15,16,16]}
{"case":2200,"call":0,"status":"budget","root":16,"steps":30,"normalized":1,"accounting":"full_successor_reads_writes_no_last_pair_v2","successors":[1,2,16,16,16,16,16,16,16,10,11,12,13,14,15,16,16]}
{"case":2201,"call":0,"status":"budget","root":16,"steps":31,"normalized":1,"accounting":"full_successor_reads_writes_no_last_pair_v2","successors":[1,2,16,16,16,16,16,16,16,16,11,12,13,14,15,16,16]}
{"case":2202,"call":0,"status":"budget","root":16,"steps":32,"normalized":1,"accounting":"full_successor_reads_writes_no_last_pair_v2","successors":[1,2,16,16,16,16,16,16,16,16,11,12,13,14,15,16,16]}
{"case":2203,"call":0,"status":"budget","root":16,"steps":33,"normalized":1,"accounting":"full_successor_reads_writes_no_last_pair_v2","successors":[1,2,16,16,16,16,16,16,16,16,16,12,13,14,15,16,16]}
{"case":2204,"call":0,"status":"budget","root":16,"steps":34,"normalized":1,"accounting":"full_successor_reads_writes_no_last_pair_v2","successors":[1,2,16,16,16,16,16,16,16,16,16,12,13,14,15,16,16]}
{"case":2205,"call":0,"status":"budget","root":16,"steps":35,"normalized":1,"accounting":"full_successor_reads_writes_no_last_pair_v2","successors":[1,2,16,16,16,16,16,16,16,16,16,16,13,14,15,16,16]}
{"case":2206,"call":0,"status":"budget","root":16,"steps":36,"normalized":1,"accounting":"full_successor_reads_writes_no_last_pair_v2","successors":[1,2,16,16,16,16,16,16,16,16,16,16,13,14,15,16,16]}
{"case":2207,"call":0,"status":"budget","root":16,"steps":37,"normalized":1,"accounting":"full_successor_reads_writes_no_last_pair_v2","successors":[1,2,16,16,16,16,16,16,16,16,16,16,16,14,15,16,16]}
{"case":2208,"call":0,"status":"budget","root":16,"steps":38,"normalized":1,"accounting":"full_successor_reads_writes_no_last_pair_v2","successors":[1,2,16,16,16,16,16,16,16,16,16,16,16,14,15,16,16]}
{"case":2209,"call":0,"status":"budget","root":16,"steps":39,"normalized":1,"accounting":"full_successor_reads_writes_no_last_pair_v2","successors":[1,2,16,16,16,16,16,16,16,16,16,16,16,16,15,16,16]}
{"case":2210,"call":0,"status":"budget","root":16,"steps":40,"normalized":1,"accounting":"full_successor_reads_writes_no_last_pair_v2","successors":[1,2,16,16,16,16,16,16,16,16,16,16,16,16,15,16,16]}
{"case":2211,"call":0,"status":"ok","root":16,"steps":41,"normalized":1,"accounting":"full_successor_reads_writes_no_last_pair_v2","successors":[1,2,16,16,16,16,16,16,16,16,16,16,16,16,16,16,16]}
{"case":2212,"call":0,"status":"ok","root":16,"steps":41,"normalized":1,"accounting":"full_successor_reads_writes_no_last_pair_v2","successors":[1,2,16,16,16,16,16,16,16,16,16,16,16,16,16,16,16]}
{"case":2213,"call":0,"status":"budget","root":2,"steps":7,"normalized":3,"accounting":"full_successor_reads_writes_no_last_pair_v2","successors":[1,2,3,4,5,6,7,8,9,10,11,12,13,14,15,16,16]}
{"case":2214,"call":0,"status":"budget","root":3,"steps":8,"normalized":3,"accounting":"full_successor_reads_writes_no_last_pair_v2","successors":[1,2,3,4,5,6,7,8,9,10,11,12,13,14,15,16,16]}
{"case":2215,"call":0,"status":"budget","root":4,"steps":9,"normalized":3,"accounting":"full_successor_reads_writes_no_last_pair_v2","successors":[1,2,3,4,5,6,7,8,9,10,11,12,13,14,15,16,16]}
{"case":2216,"call":0,"status":"budget","root":5,"steps":10,"normalized":3,"accounting":"full_successor_reads_writes_no_last_pair_v2","successors":[1,2,3,4,5,6,7,8,9,10,11,12,13,14,15,16,16]}
{"case":2217,"call":0,"status":"budget","root":6,"steps":11,"normalized":3,"accounting":"full_successor_reads_writes_no_last_pair_v2","successors":[1,2,3,4,5,6,7,8,9,10,11,12,13,14,15,16,16]}
{"case":2218,"call":0,"status":"budget","root":7,"steps":12,"normalized":3,"accounting":"full_successor_reads_writes_no_last_pair_v2","successors":[1,2,3,4,5,6,7,8,9,10,11,12,13,14,15,16,16]}
{"case":2219,"call":0,"status":"budget","root":8,"steps":13,"normalized":3,"accounting":"full_successor_reads_writes_no_last_pair_v2","successors":[1,2,3,4,5,6,7,8,9,10,11,12,13,14,15,16,16]}
{"case":2220,"call":0,"status":"budget","root":9,"steps":14,"normalized":3,"accounting":"full_successor_reads_writes_no_last_pair_v2","successors":[1,2,3,4,5,6,7,8,9,10,11,12,13,14,15,16,16]}
{"case":2221,"call":0,"status":"budget","root":10,"steps":15,"normalized":3,"accounting":"full_successor_reads_writes_no_last_pair_v2","successors":[1,2,3,4,5,6,7,8,9,10,11,12,13,14,15,16,16]}
{"case":2222,"call":0,"status":"budget","root":11,"steps":16,"normalized":3,"accounting":"full_successor_reads_writes_no_last_pair_v2","successors":[1,2,3,4,5,6,7,8,9,10,11,12,13,14,15,16,16]}
{"case":2223,"call":0,"status":"budget","root":12,"steps":17,"normalized":3,"accounting":"full_successor_reads_writes_no_last_pair_v2","successors":[1,2,3,4,5,6,7,8,9,10,11,12,13,14,15,16,16]}
{"case":2224,"call":0,"status":"budget","root":13,"steps":18,"normalized":3,"accounting":"full_successor_reads_writes_no_last_pair_v2","successors":[1,2,3,4,5,6,7,8,9,10,11,12,13,14,15,16,16]}
{"case":2225,"call":0,"status":"budget","root":14,"steps":19,"normalized":3,"accounting":"full_successor_reads_writes_no_last_pair_v2","successors":[1,2,3,4,5,6,7,8,9,10,11,12,13,14,15,16,16]}
{"case":2226,"call":0,"status":"budget","root":15,"steps":20,"normalized":3,"accounting":"full_successor_reads_writes_no_last_pair_v2","successors":[1,2,3,4,5,6,7,8,9,10,11,12,13,14,15,16,16]}
{"case":2227,"call":0,"status":"budget","root":16,"steps":21,"normalized":3,"accounting":"full_successor_reads_writes_no_last_pair_v2","successors":[1,2,3,4,5,6,7,8,9,10,11,12,13,14,15,16,16]}
{"case":2228,"call":0,"status":"budget","root":16,"steps":22,"normalized":4,"accounting":"full_successor_reads_writes_no_last_pair_v2","successors":[1,2,3,4,5,6,7,8,9,10,11,12,13,14,15,16,16]}
{"case":2229,"call":0,"status":"budget","root":16,"steps":23,"normalized":4,"accounting":"full_successor_reads_writes_no_last_pair_v2","successors":[1,2,3,4,5,6,7,8,9,10,11,12,13,14,15,16,16]}
{"case":2230,"call":0,"status":"budget","root":16,"steps":24,"normalized":4,"accounting":"full_successor_reads_writes_no_last_pair_v2","successors":[1,2,16,4,5,6,7,8,9,10,11,12,13,14,15,16,16]}
{"case":2231,"call":0,"status":"budget","root":16,"steps":25,"normalized":4,"accounting":"full_successor_reads_writes_no_last_pair_v2","successors":[1,2,16,4,5,6,7,8,9,10,11,12,13,14,15,16,16]}
{"case":2232,"call":0,"status":"budget","root":16,"steps":26,"normalized":4,"accounting":"full_successor_reads_writes_no_last_pair_v2","successors":[1,2,16,16,5,6,7,8,9,10,11,12,13,14,15,16,16]}
{"case":2233,"call":0,"status":"budget","root":16,"steps":27,"normalized":4,"accounting":"full_successor_reads_writes_no_last_pair_v2","successors":[1,2,16,16,5,6,7,8,9,10,11,12,13,14,15,16,16]}
{"case":2234,"call":0,"status":"budget","root":16,"steps":28,"normalized":4,"accounting":"full_successor_reads_writes_no_last_pair_v2","successors":[1,2,16,16,16,6,7,8,9,10,11,12,13,14,15,16,16]}
{"case":2235,"call":0,"status":"budget","root":16,"steps":29,"normalized":4,"accounting":"full_successor_reads_writes_no_last_pair_v2","successors":[1,2,16,16,16,6,7,8,9,10,11,12,13,14,15,16,16]}
{"case":2236,"call":0,"status":"budget","root":16,"steps":30,"normalized":4,"accounting":"full_successor_reads_writes_no_last_pair_v2","successors":[1,2,16,16,16,16,7,8,9,10,11,12,13,14,15,16,16]}
{"case":2237,"call":0,"status":"budget","root":16,"steps":31,"normalized":4,"accounting":"full_successor_reads_writes_no_last_pair_v2","successors":[1,2,16,16,16,16,7,8,9,10,11,12,13,14,15,16,16]}
{"case":2238,"call":0,"status":"budget","root":16,"steps":32,"normalized":4,"accounting":"full_successor_reads_writes_no_last_pair_v2","successors":[1,2,16,16,16,16,16,8,9,10,11,12,13,14,15,16,16]}
{"case":2239,"call":0,"status":"budget","root":16,"steps":33,"normalized":4,"accounting":"full_successor_reads_writes_no_last_pair_v2","successors":[1,2,16,16,16,16,16,8,9,10,11,12,13,14,15,16,16]}
{"case":2240,"call":0,"status":"budget","root":16,"steps":34,"normalized":4,"accounting":"full_successor_reads_writes_no_last_pair_v2","successors":[1,2,16,16,16,16,16,16,9,10,11,12,13,14,15,16,16]}
{"case":2241,"call":0,"status":"budget","root":16,"steps":35,"normalized":4,"accounting":"full_successor_reads_writes_no_last_pair_v2","successors":[1,2,16,16,16,16,16,16,9,10,11,12,13,14,15,16,16]}
{"case":2242,"call":0,"status":"budget","root":16,"steps":36,"normalized":4,"accounting":"full_successor_reads_writes_no_last_pair_v2","successors":[1,2,16,16,16,16,16,16,16,10,11,12,13,14,15,16,16]}
{"case":2243,"call":0,"status":"budget","root":16,"steps":37,"normalized":4,"accounting":"full_successor_reads_writes_no_last_pair_v2","successors":[1,2,16,16,16,16,16,16,16,10,11,12,13,14,15,16,16]}
{"case":2244,"call":0,"status":"budget","root":16,"steps":38,"normalized":4,"accounting":"full_successor_reads_writes_no_last_pair_v2","successors":[1,2,16,16,16,16,16,16,16,16,11,12,13,14,15,16,16]}
{"case":2245,"call":0,"status":"budget","root":16,"steps":39,"normalized":4,"accounting":"full_successor_reads_writes_no_last_pair_v2","successors":[1,2,16,16,16,16,16,16,16,16,11,12,13,14,15,16,16]}
{"case":2246,"call":0,"status":"budget","root":16,"steps":40,"normalized":4,"accounting":"full_successor_reads_writes_no_last_pair_v2","successors":[1,2,16,16,16,16,16,16,16,16,16,12,13,14,15,16,16]}
{"case":2247,"call":0,"status":"budget","root":16,"steps":41,"normalized":4,"accounting":"full_successor_reads_writes_no_last_pair_v2","successors":[1,2,16,16,16,16,16,16,16,16,16,12,13,14,15,16,16]}
{"case":2248,"call":0,"status":"budget","root":16,"steps":42,"normalized":4,"accounting":"full_successor_reads_writes_no_last_pair_v2","successors":[1,2,16,16,16,16,16,16,16,16,16,16,13,14,15,16,16]}
{"case":2249,"call":0,"status":"budget","root":16,"steps":43,"normalized":4,"accounting":"full_successor_reads_writes_no_last_pair_v2","successors":[1,2,16,16,16,16,16,16,16,16,16,16,13,14,15,16,16]}
{"case":2250,"call":0,"status":"budget","root":16,"steps":44,"normalized":4,"accounting":"full_successor_reads_writes_no_last_pair_v2","successors":[1,2,16,16,16,16,16,16,16,16,16,16,16,14,15,16,16]}
{"case":2251,"call":0,"status":"budget","root":16,"steps":45,"normalized":4,"accounting":"full_successor_reads_writes_no_last_pair_v2","successors":[1,2,16,16,16,16,16,16,16,16,16,16,16,14,15,16,16]}
{"case":2252,"call":0,"status":"budget","root":16,"steps":46,"normalized":4,"accounting":"full_successor_reads_writes_no_last_pair_v2","successors":[1,2,16,16,16,16,16,16,16,16,16,16,16,16,15,16,16]}
{"case":2253,"call":0,"status":"budget","root":16,"steps":47,"normalized":4,"accounting":"full_successor_reads_writes_no_last_pair_v2","successors":[1,2,16,16,16,16,16,16,16,16,16,16,16,16,15,16,16]}
{"case":2254,"call":0,"status":"ok","root":16,"steps":48,"normalized":4,"accounting":"full_successor_reads_writes_no_last_pair_v2","successors":[1,2,16,16,16,16,16,16,16,16,16,16,16,16,16,16,16]}
{"case":2255,"call":0,"status":"ok","root":16,"steps":48,"normalized":4,"accounting":"full_successor_reads_writes_no_last_pair_v2","successors":[1,2,16,16,16,16,16,16,16,16,16,16,16,16,16,16,16]}
{"case":2256,"call":0,"status":"budget","root":2,"steps":18446744073709551573,"normalized":18446744073709551572,"accounting":"full_successor_reads_writes_no_last_pair_v2","successors":[1,2,3,4,5,6,7,8,9,10,11,12,13,14,15,16,16]}
{"case":2257,"call":0,"status":"budget","root":3,"steps":18446744073709551574,"normalized":18446744073709551572,"accounting":"full_successor_reads_writes_no_last_pair_v2","successors":[1,2,3,4,5,6,7,8,9,10,11,12,13,14,15,16,16]}
{"case":2258,"call":0,"status":"budget","root":4,"steps":18446744073709551575,"normalized":18446744073709551572,"accounting":"full_successor_reads_writes_no_last_pair_v2","successors":[1,2,3,4,5,6,7,8,9,10,11,12,13,14,15,16,16]}
{"case":2259,"call":0,"status":"budget","root":5,"steps":18446744073709551576,"normalized":18446744073709551572,"accounting":"full_successor_reads_writes_no_last_pair_v2","successors":[1,2,3,4,5,6,7,8,9,10,11,12,13,14,15,16,16]}
{"case":2260,"call":0,"status":"budget","root":6,"steps":18446744073709551577,"normalized":18446744073709551572,"accounting":"full_successor_reads_writes_no_last_pair_v2","successors":[1,2,3,4,5,6,7,8,9,10,11,12,13,14,15,16,16]}
{"case":2261,"call":0,"status":"budget","root":7,"steps":18446744073709551578,"normalized":18446744073709551572,"accounting":"full_successor_reads_writes_no_last_pair_v2","successors":[1,2,3,4,5,6,7,8,9,10,11,12,13,14,15,16,16]}
{"case":2262,"call":0,"status":"budget","root":8,"steps":18446744073709551579,"normalized":18446744073709551572,"accounting":"full_successor_reads_writes_no_last_pair_v2","successors":[1,2,3,4,5,6,7,8,9,10,11,12,13,14,15,16,16]}
{"case":2263,"call":0,"status":"budget","root":9,"steps":18446744073709551580,"normalized":18446744073709551572,"accounting":"full_successor_reads_writes_no_last_pair_v2","successors":[1,2,3,4,5,6,7,8,9,10,11,12,13,14,15,16,16]}
{"case":2264,"call":0,"status":"budget","root":10,"steps":18446744073709551581,"normalized":18446744073709551572,"accounting":"full_successor_reads_writes_no_last_pair_v2","successors":[1,2,3,4,5,6,7,8,9,10,11,12,13,14,15,16,16]}
{"case":2265,"call":0,"status":"budget","root":11,"steps":18446744073709551582,"normalized":18446744073709551572,"accounting":"full_successor_reads_writes_no_last_pair_v2","successors":[1,2,3,4,5,6,7,8,9,10,11,12,13,14,15,16,16]}
{"case":2266,"call":0,"status":"budget","root":12,"steps":18446744073709551583,"normalized":18446744073709551572,"accounting":"full_successor_reads_writes_no_last_pair_v2","successors":[1,2,3,4,5,6,7,8,9,10,11,12,13,14,15,16,16]}
{"case":2267,"call":0,"status":"budget","root":13,"steps":18446744073709551584,"normalized":18446744073709551572,"accounting":"full_successor_reads_writes_no_last_pair_v2","successors":[1,2,3,4,5,6,7,8,9,10,11,12,13,14,15,16,16]}
{"case":2268,"call":0,"status":"budget","root":14,"steps":18446744073709551585,"normalized":18446744073709551572,"accounting":"full_successor_reads_writes_no_last_pair_v2","successors":[1,2,3,4,5,6,7,8,9,10,11,12,13,14,15,16,16]}
{"case":2269,"call":0,"status":"budget","root":15,"steps":18446744073709551586,"normalized":18446744073709551572,"accounting":"full_successor_reads_writes_no_last_pair_v2","successors":[1,2,3,4,5,6,7,8,9,10,11,12,13,14,15,16,16]}
{"case":2270,"call":0,"status":"budget","root":16,"steps":18446744073709551587,"normalized":18446744073709551572,"accounting":"full_successor_reads_writes_no_last_pair_v2","successors":[1,2,3,4,5,6,7,8,9,10,11,12,13,14,15,16,16]}
{"case":2271,"call":0,"status":"budget","root":16,"steps":18446744073709551588,"normalized":18446744073709551573,"accounting":"full_successor_reads_writes_no_last_pair_v2","successors":[1,2,3,4,5,6,7,8,9,10,11,12,13,14,15,16,16]}
{"case":2272,"call":0,"status":"budget","root":16,"steps":18446744073709551589,"normalized":18446744073709551573,"accounting":"full_successor_reads_writes_no_last_pair_v2","successors":[1,2,3,4,5,6,7,8,9,10,11,12,13,14,15,16,16]}
{"case":2273,"call":0,"status":"budget","root":16,"steps":18446744073709551590,"normalized":18446744073709551573,"accounting":"full_successor_reads_writes_no_last_pair_v2","successors":[1,2,16,4,5,6,7,8,9,10,11,12,13,14,15,16,16]}
{"case":2274,"call":0,"status":"budget","root":16,"steps":18446744073709551591,"normalized":18446744073709551573,"accounting":"full_successor_reads_writes_no_last_pair_v2","successors":[1,2,16,4,5,6,7,8,9,10,11,12,13,14,15,16,16]}
{"case":2275,"call":0,"status":"budget","root":16,"steps":18446744073709551592,"normalized":18446744073709551573,"accounting":"full_successor_reads_writes_no_last_pair_v2","successors":[1,2,16,16,5,6,7,8,9,10,11,12,13,14,15,16,16]}
{"case":2276,"call":0,"status":"budget","root":16,"steps":18446744073709551593,"normalized":18446744073709551573,"accounting":"full_successor_reads_writes_no_last_pair_v2","successors":[1,2,16,16,5,6,7,8,9,10,11,12,13,14,15,16,16]}
{"case":2277,"call":0,"status":"budget","root":16,"steps":18446744073709551594,"normalized":18446744073709551573,"accounting":"full_successor_reads_writes_no_last_pair_v2","successors":[1,2,16,16,16,6,7,8,9,10,11,12,13,14,15,16,16]}
{"case":2278,"call":0,"status":"budget","root":16,"steps":18446744073709551595,"normalized":18446744073709551573,"accounting":"full_successor_reads_writes_no_last_pair_v2","successors":[1,2,16,16,16,6,7,8,9,10,11,12,13,14,15,16,16]}
{"case":2279,"call":0,"status":"budget","root":16,"steps":18446744073709551596,"normalized":18446744073709551573,"accounting":"full_successor_reads_writes_no_last_pair_v2","successors":[1,2,16,16,16,16,7,8,9,10,11,12,13,14,15,16,16]}
{"case":2280,"call":0,"status":"budget","root":16,"steps":18446744073709551597,"normalized":18446744073709551573,"accounting":"full_successor_reads_writes_no_last_pair_v2","successors":[1,2,16,16,16,16,7,8,9,10,11,12,13,14,15,16,16]}
{"case":2281,"call":0,"status":"budget","root":16,"steps":18446744073709551598,"normalized":18446744073709551573,"accounting":"full_successor_reads_writes_no_last_pair_v2","successors":[1,2,16,16,16,16,16,8,9,10,11,12,13,14,15,16,16]}
{"case":2282,"call":0,"status":"budget","root":16,"steps":18446744073709551599,"normalized":18446744073709551573,"accounting":"full_successor_reads_writes_no_last_pair_v2","successors":[1,2,16,16,16,16,16,8,9,10,11,12,13,14,15,16,16]}
{"case":2283,"call":0,"status":"budget","root":16,"steps":18446744073709551600,"normalized":18446744073709551573,"accounting":"full_successor_reads_writes_no_last_pair_v2","successors":[1,2,16,16,16,16,16,16,9,10,11,12,13,14,15,16,16]}
{"case":2284,"call":0,"status":"budget","root":16,"steps":18446744073709551601,"normalized":18446744073709551573,"accounting":"full_successor_reads_writes_no_last_pair_v2","successors":[1,2,16,16,16,16,16,16,9,10,11,12,13,14,15,16,16]}
{"case":2285,"call":0,"status":"budget","root":16,"steps":18446744073709551602,"normalized":18446744073709551573,"accounting":"full_successor_reads_writes_no_last_pair_v2","successors":[1,2,16,16,16,16,16,16,16,10,11,12,13,14,15,16,16]}
{"case":2286,"call":0,"status":"budget","root":16,"steps":18446744073709551603,"normalized":18446744073709551573,"accounting":"full_successor_reads_writes_no_last_pair_v2","successors":[1,2,16,16,16,16,16,16,16,10,11,12,13,14,15,16,16]}
{"case":2287,"call":0,"status":"budget","root":16,"steps":18446744073709551604,"normalized":18446744073709551573,"accounting":"full_successor_reads_writes_no_last_pair_v2","successors":[1,2,16,16,16,16,16,16,16,16,11,12,13,14,15,16,16]}
{"case":2288,"call":0,"status":"budget","root":16,"steps":18446744073709551605,"normalized":18446744073709551573,"accounting":"full_successor_reads_writes_no_last_pair_v2","successors":[1,2,16,16,16,16,16,16,16,16,11,12,13,14,15,16,16]}
{"case":2289,"call":0,"status":"budget","root":16,"steps":18446744073709551606,"normalized":18446744073709551573,"accounting":"full_successor_reads_writes_no_last_pair_v2","successors":[1,2,16,16,16,16,16,16,16,16,16,12,13,14,15,16,16]}
{"case":2290,"call":0,"status":"budget","root":16,"steps":18446744073709551607,"normalized":18446744073709551573,"accounting":"full_successor_reads_writes_no_last_pair_v2","successors":[1,2,16,16,16,16,16,16,16,16,16,12,13,14,15,16,16]}
{"case":2291,"call":0,"status":"budget","root":16,"steps":18446744073709551608,"normalized":18446744073709551573,"accounting":"full_successor_reads_writes_no_last_pair_v2","successors":[1,2,16,16,16,16,16,16,16,16,16,16,13,14,15,16,16]}
{"case":2292,"call":0,"status":"budget","root":16,"steps":18446744073709551609,"normalized":18446744073709551573,"accounting":"full_successor_reads_writes_no_last_pair_v2","successors":[1,2,16,16,16,16,16,16,16,16,16,16,13,14,15,16,16]}
{"case":2293,"call":0,"status":"budget","root":16,"steps":18446744073709551610,"normalized":18446744073709551573,"accounting":"full_successor_reads_writes_no_last_pair_v2","successors":[1,2,16,16,16,16,16,16,16,16,16,16,16,14,15,16,16]}
{"case":2294,"call":0,"status":"budget","root":16,"steps":18446744073709551611,"normalized":18446744073709551573,"accounting":"full_successor_reads_writes_no_last_pair_v2","successors":[1,2,16,16,16,16,16,16,16,16,16,16,16,14,15,16,16]}
{"case":2295,"call":0,"status":"budget","root":16,"steps":18446744073709551612,"normalized":18446744073709551573,"accounting":"full_successor_reads_writes_no_last_pair_v2","successors":[1,2,16,16,16,16,16,16,16,16,16,16,16,16,15,16,16]}
{"case":2296,"call":0,"status":"budget","root":16,"steps":18446744073709551613,"normalized":18446744073709551573,"accounting":"full_successor_reads_writes_no_last_pair_v2","successors":[1,2,16,16,16,16,16,16,16,16,16,16,16,16,15,16,16]}
{"case":2297,"call":0,"status":"ok","root":16,"steps":18446744073709551614,"normalized":18446744073709551573,"accounting":"full_successor_reads_writes_no_last_pair_v2","successors":[1,2,16,16,16,16,16,16,16,16,16,16,16,16,16,16,16]}
{"case":2298,"call":0,"status":"ok","root":16,"steps":18446744073709551614,"normalized":18446744073709551573,"accounting":"full_successor_reads_writes_no_last_pair_v2","successors":[1,2,16,16,16,16,16,16,16,16,16,16,16,16,16,16,16]}
{"case":2299,"call":0,"status":"budget","root":2,"steps":11,"normalized":4,"accounting":"full_successor_reads_writes_no_last_pair_v2","successors":[1,2,3,4,5,6,7,8,9,10,11,12,13,14,15,16,16]}
{"case":2300,"call":0,"status":"budget","root":3,"steps":0,"normalized":0,"accounting":"full_successor_reads_writes_no_last_pair_v2","successors":[1,2,3,4,5,6,7,8,9,10,11,12,13,14,15,16,16]}
{"case":2301,"call":0,"status":"budget","root":4,"steps":1,"normalized":0,"accounting":"full_successor_reads_writes_no_last_pair_v2","successors":[1,2,3,4,5,6,7,8,9,10,11,12,13,14,15,16,16]}
{"case":2302,"call":0,"status":"budget","root":5,"steps":2,"normalized":0,"accounting":"full_successor_reads_writes_no_last_pair_v2","successors":[1,2,3,4,5,6,7,8,9,10,11,12,13,14,15,16,16]}
{"case":2303,"call":0,"status":"budget","root":6,"steps":3,"normalized":0,"accounting":"full_successor_reads_writes_no_last_pair_v2","successors":[1,2,3,4,5,6,7,8,9,10,11,12,13,14,15,16,16]}
{"case":2304,"call":0,"status":"budget","root":7,"steps":4,"normalized":0,"accounting":"full_successor_reads_writes_no_last_pair_v2","successors":[1,2,3,4,5,6,7,8,9,10,11,12,13,14,15,16,16]}
{"case":2305,"call":0,"status":"budget","root":8,"steps":5,"normalized":0,"accounting":"full_successor_reads_writes_no_last_pair_v2","successors":[1,2,3,4,5,6,7,8,9,10,11,12,13,14,15,16,16]}
{"case":2306,"call":0,"status":"budget","root":9,"steps":6,"normalized":0,"accounting":"full_successor_reads_writes_no_last_pair_v2","successors":[1,2,3,4,5,6,7,8,9,10,11,12,13,14,15,16,16]}
{"case":2307,"call":0,"status":"budget","root":10,"steps":7,"normalized":0,"accounting":"full_successor_reads_writes_no_last_pair_v2","successors":[1,2,3,4,5,6,7,8,9,10,11,12,13,14,15,16,16]}
{"case":2308,"call":0,"status":"budget","root":11,"steps":8,"normalized":0,"accounting":"full_successor_reads_writes_no_last_pair_v2","successors":[1,2,3,4,5,6,7,8,9,10,11,12,13,14,15,16,16]}
{"case":2309,"call":0,"status":"budget","root":12,"steps":9,"normalized":0,"accounting":"full_successor_reads_writes_no_last_pair_v2","successors":[1,2,3,4,5,6,7,8,9,10,11,12,13,14,15,16,16]}
{"case":2310,"call":0,"status":"budget","root":13,"steps":10,"normalized":0,"accounting":"full_successor_reads_writes_no_last_pair_v2","successors":[1,2,3,4,5,6,7,8,9,10,11,12,13,14,15,16,16]}
{"case":2311,"call":0,"status":"budget","root":14,"steps":11,"normalized":0,"accounting":"full_successor_reads_writes_no_last_pair_v2","successors":[1,2,3,4,5,6,7,8,9,10,11,12,13,14,15,16,16]}
{"case":2312,"call":0,"status":"budget","root":15,"steps":12,"normalized":0,"accounting":"full_successor_reads_writes_no_last_pair_v2","successors":[1,2,3,4,5,6,7,8,9,10,11,12,13,14,15,16,16]}
{"case":2313,"call":0,"status":"budget","root":16,"steps":13,"normalized":0,"accounting":"full_successor_reads_writes_no_last_pair_v2","successors":[1,2,3,4,5,6,7,8,9,10,11,12,13,14,15,16,16]}
{"case":2314,"call":0,"status":"budget","root":16,"steps":14,"normalized":1,"accounting":"full_successor_reads_writes_no_last_pair_v2","successors":[1,2,3,4,5,6,7,8,9,10,11,12,13,14,15,16,16]}
{"case":2315,"call":0,"status":"budget","root":16,"steps":15,"normalized":1,"accounting":"full_successor_reads_writes_no_last_pair_v2","successors":[1,2,3,4,5,6,7,8,9,10,11,12,13,14,15,16,16]}
{"case":2316,"call":0,"status":"budget","root":16,"steps":16,"normalized":1,"accounting":"full_successor_reads_writes_no_last_pair_v2","successors":[1,2,3,16,5,6,7,8,9,10,11,12,13,14,15,16,16]}
{"case":2317,"call":0,"status":"budget","root":16,"steps":17,"normalized":1,"accounting":"full_successor_reads_writes_no_last_pair_v2","successors":[1,2,3,16,5,6,7,8,9,10,11,12,13,14,15,16,16]}
{"case":2318,"call":0,"status":"budget","root":16,"steps":18,"normalized":1,"accounting":"full_successor_reads_writes_no_last_pair_v2","successors":[1,2,3,16,16,6,7,8,9,10,11,12,13,14,15,16,16]}
{"case":2319,"call":0,"status":"budget","root":16,"steps":19,"normalized":1,"accounting":"full_successor_reads_writes_no_last_pair_v2","successors":[1,2,3,16,16,6,7,8,9,10,11,12,13,14,15,16,16]}
{"case":2320,"call":0,"status":"budget","root":16,"steps":20,"normalized":1,"accounting":"full_successor_reads_writes_no_last_pair_v2","successors":[1,2,3,16,16,16,7,8,9,10,11,12,13,14,15,16,16]}
{"case":2321,"call":0,"status":"budget","root":16,"steps":21,"normalized":1,"accounting":"full_successor_reads_writes_no_last_pair_v2","successors":[1,2,3,16,16,16,7,8,9,10,11,12,13,14,15,16,16]}
{"case":2322,"call":0,"status":"budget","root":16,"steps":22,"normalized":1,"accounting":"full_successor_reads_writes_no_last_pair_v2","successors":[1,2,3,16,16,16,16,8,9,10,11,12,13,14,15,16,16]}
{"case":2323,"call":0,"status":"budget","root":16,"steps":23,"normalized":1,"accounting":"full_successor_reads_writes_no_last_pair_v2","successors":[1,2,3,16,16,16,16,8,9,10,11,12,13,14,15,16,16]}
{"case":2324,"call":0,"status":"budget","root":16,"steps":24,"normalized":1,"accounting":"full_successor_reads_writes_no_last_pair_v2","successors":[1,2,3,16,16,16,16,16,9,10,11,12,13,14,15,16,16]}
{"case":2325,"call":0,"status":"budget","root":16,"steps":25,"normalized":1,"accounting":"full_successor_reads_writes_no_last_pair_v2","successors":[1,2,3,16,16,16,16,16,9,10,11,12,13,14,15,16,16]}
{"case":2326,"call":0,"status":"budget","root":16,"steps":26,"normalized":1,"accounting":"full_successor_reads_writes_no_last_pair_v2","successors":[1,2,3,16,16,16,16,16,16,10,11,12,13,14,15,16,16]}
{"case":2327,"call":0,"status":"budget","root":16,"steps":27,"normalized":1,"accounting":"full_successor_reads_writes_no_last_pair_v2","successors":[1,2,3,16,16,16,16,16,16,10,11,12,13,14,15,16,16]}
{"case":2328,"call":0,"status":"budget","root":16,"steps":28,"normalized":1,"accounting":"full_successor_reads_writes_no_last_pair_v2","successors":[1,2,3,16,16,16,16,16,16,16,11,12,13,14,15,16,16]}
{"case":2329,"call":0,"status":"budget","root":16,"steps":29,"normalized":1,"accounting":"full_successor_reads_writes_no_last_pair_v2","successors":[1,2,3,16,16,16,16,16,16,16,11,12,13,14,15,16,16]}
{"case":2330,"call":0,"status":"budget","root":16,"steps":30,"normalized":1,"accounting":"full_successor_reads_writes_no_last_pair_v2","successors":[1,2,3,16,16,16,16,16,16,16,16,12,13,14,15,16,16]}
{"case":2331,"call":0,"status":"budget","root":16,"steps":31,"normalized":1,"accounting":"full_successor_reads_writes_no_last_pair_v2","successors":[1,2,3,16,16,16,16,16,16,16,16,12,13,14,15,16,16]}
{"case":2332,"call":0,"status":"budget","root":16,"steps":32,"normalized":1,"accounting":"full_successor_reads_writes_no_last_pair_v2","successors":[1,2,3,16,16,16,16,16,16,16,16,16,13,14,15,16,16]}
{"case":2333,"call":0,"status":"budget","root":16,"steps":33,"normalized":1,"accounting":"full_successor_reads_writes_no_last_pair_v2","successors":[1,2,3,16,16,16,16,16,16,16,16,16,13,14,15,16,16]}
{"case":2334,"call":0,"status":"budget","root":16,"steps":34,"normalized":1,"accounting":"full_successor_reads_writes_no_last_pair_v2","successors":[1,2,3,16,16,16,16,16,16,16,16,16,16,14,15,16,16]}
{"case":2335,"call":0,"status":"budget","root":16,"steps":35,"normalized":1,"accounting":"full_successor_reads_writes_no_last_pair_v2","successors":[1,2,3,16,16,16,16,16,16,16,16,16,16,14,15,16,16]}
{"case":2336,"call":0,"status":"budget","root":16,"steps":36,"normalized":1,"accounting":"full_successor_reads_writes_no_last_pair_v2","successors":[1,2,3,16,16,16,16,16,16,16,16,16,16,16,15,16,16]}
{"case":2337,"call":0,"status":"budget","root":16,"steps":37,"normalized":1,"accounting":"full_successor_reads_writes_no_last_pair_v2","successors":[1,2,3,16,16,16,16,16,16,16,16,16,16,16,15,16,16]}
{"case":2338,"call":0,"status":"ok","root":16,"steps":38,"normalized":1,"accounting":"full_successor_reads_writes_no_last_pair_v2","successors":[1,2,3,16,16,16,16,16,16,16,16,16,16,16,16,16,16]}
{"case":2339,"call":0,"status":"ok","root":16,"steps":38,"normalized":1,"accounting":"full_successor_reads_writes_no_last_pair_v2","successors":[1,2,3,16,16,16,16,16,16,16,16,16,16,16,16,16,16]}
{"case":2340,"call":0,"status":"budget","root":3,"steps":7,"normalized":3,"accounting":"full_successor_reads_writes_no_last_pair_v2","successors":[1,2,3,4,5,6,7,8,9,10,11,12,13,14,15,16,16]}
{"case":2341,"call":0,"status":"budget","root":4,"steps":8,"normalized":3,"accounting":"full_successor_reads_writes_no_last_pair_v2","successors":[1,2,3,4,5,6,7,8,9,10,11,12,13,14,15,16,16]}
{"case":2342,"call":0,"status":"budget","root":5,"steps":9,"normalized":3,"accounting":"full_successor_reads_writes_no_last_pair_v2","successors":[1,2,3,4,5,6,7,8,9,10,11,12,13,14,15,16,16]}
{"case":2343,"call":0,"status":"budget","root":6,"steps":10,"normalized":3,"accounting":"full_successor_reads_writes_no_last_pair_v2","successors":[1,2,3,4,5,6,7,8,9,10,11,12,13,14,15,16,16]}
{"case":2344,"call":0,"status":"budget","root":7,"steps":11,"normalized":3,"accounting":"full_successor_reads_writes_no_last_pair_v2","successors":[1,2,3,4,5,6,7,8,9,10,11,12,13,14,15,16,16]}
{"case":2345,"call":0,"status":"budget","root":8,"steps":12,"normalized":3,"accounting":"full_successor_reads_writes_no_last_pair_v2","successors":[1,2,3,4,5,6,7,8,9,10,11,12,13,14,15,16,16]}
{"case":2346,"call":0,"status":"budget","root":9,"steps":13,"normalized":3,"accounting":"full_successor_reads_writes_no_last_pair_v2","successors":[1,2,3,4,5,6,7,8,9,10,11,12,13,14,15,16,16]}
{"case":2347,"call":0,"status":"budget","root":10,"steps":14,"normalized":3,"accounting":"full_successor_reads_writes_no_last_pair_v2","successors":[1,2,3,4,5,6,7,8,9,10,11,12,13,14,15,16,16]}
{"case":2348,"call":0,"status":"budget","root":11,"steps":15,"normalized":3,"accounting":"full_successor_reads_writes_no_last_pair_v2","successors":[1,2,3,4,5,6,7,8,9,10,11,12,13,14,15,16,16]}
{"case":2349,"call":0,"status":"budget","root":12,"steps":16,"normalized":3,"accounting":"full_successor_reads_writes_no_last_pair_v2","successors":[1,2,3,4,5,6,7,8,9,10,11,12,13,14,15,16,16]}
{"case":2350,"call":0,"status":"budget","root":13,"steps":17,"normalized":3,"accounting":"full_successor_reads_writes_no_last_pair_v2","successors":[1,2,3,4,5,6,7,8,9,10,11,12,13,14,15,16,16]}
{"case":2351,"call":0,"status":"budget","root":14,"steps":18,"normalized":3,"accounting":"full_successor_reads_writes_no_last_pair_v2","successors":[1,2,3,4,5,6,7,8,9,10,11,12,13,14,15,16,16]}
{"case":2352,"call":0,"status":"budget","root":15,"steps":19,"normalized":3,"accounting":"full_successor_reads_writes_no_last_pair_v2","successors":[1,2,3,4,5,6,7,8,9,10,11,12,13,14,15,16,16]}
{"case":2353,"call":0,"status":"budget","root":16,"steps":20,"normalized":3,"accounting":"full_successor_reads_writes_no_last_pair_v2","successors":[1,2,3,4,5,6,7,8,9,10,11,12,13,14,15,16,16]}
{"case":2354,"call":0,"status":"budget","root":16,"steps":21,"normalized":4,"accounting":"full_successor_reads_writes_no_last_pair_v2","successors":[1,2,3,4,5,6,7,8,9,10,11,12,13,14,15,16,16]}
{"case":2355,"call":0,"status":"budget","root":16,"steps":22,"normalized":4,"accounting":"full_successor_reads_writes_no_last_pair_v2","successors":[1,2,3,4,5,6,7,8,9,10,11,12,13,14,15,16,16]}
{"case":2356,"call":0,"status":"budget","root":16,"steps":23,"normalized":4,"accounting":"full_successor_reads_writes_no_last_pair_v2","successors":[1,2,3,16,5,6,7,8,9,10,11,12,13,14,15,16,16]}
{"case":2357,"call":0,"status":"budget","root":16,"steps":24,"normalized":4,"accounting":"full_successor_reads_writes_no_last_pair_v2","successors":[1,2,3,16,5,6,7,8,9,10,11,12,13,14,15,16,16]}
{"case":2358,"call":0,"status":"budget","root":16,"steps":25,"normalized":4,"accounting":"full_successor_reads_writes_no_last_pair_v2","successors":[1,2,3,16,16,6,7,8,9,10,11,12,13,14,15,16,16]}
{"case":2359,"call":0,"status":"budget","root":16,"steps":26,"normalized":4,"accounting":"full_successor_reads_writes_no_last_pair_v2","successors":[1,2,3,16,16,6,7,8,9,10,11,12,13,14,15,16,16]}
{"case":2360,"call":0,"status":"budget","root":16,"steps":27,"normalized":4,"accounting":"full_successor_reads_writes_no_last_pair_v2","successors":[1,2,3,16,16,16,7,8,9,10,11,12,13,14,15,16,16]}
{"case":2361,"call":0,"status":"budget","root":16,"steps":28,"normalized":4,"accounting":"full_successor_reads_writes_no_last_pair_v2","successors":[1,2,3,16,16,16,7,8,9,10,11,12,13,14,15,16,16]}
{"case":2362,"call":0,"status":"budget","root":16,"steps":29,"normalized":4,"accounting":"full_successor_reads_writes_no_last_pair_v2","successors":[1,2,3,16,16,16,16,8,9,10,11,12,13,14,15,16,16]}
{"case":2363,"call":0,"status":"budget","root":16,"steps":30,"normalized":4,"accounting":"full_successor_reads_writes_no_last_pair_v2","successors":[1,2,3,16,16,16,16,8,9,10,11,12,13,14,15,16,16]}
{"case":2364,"call":0,"status":"budget","root":16,"steps":31,"normalized":4,"accounting":"full_successor_reads_writes_no_last_pair_v2","successors":[1,2,3,16,16,16,16,16,9,10,11,12,13,14,15,16,16]}
{"case":2365,"call":0,"status":"budget","root":16,"steps":32,"normalized":4,"accounting":"full_successor_reads_writes_no_last_pair_v2","successors":[1,2,3,16,16,16,16,16,9,10,11,12,13,14,15,16,16]}
{"case":2366,"call":0,"status":"budget","root":16,"steps":33,"normalized":4,"accounting":"full_successor_reads_writes_no_last_pair_v2","successors":[1,2,3,16,16,16,16,16,16,10,11,12,13,14,15,16,16]}
{"case":2367,"call":0,"status":"budget","root":16,"steps":34,"normalized":4,"accounting":"full_successor_reads_writes_no_last_pair_v2","successors":[1,2,3,16,16,16,16,16,16,10,11,12,13,14,15,16,16]}
{"case":2368,"call":0,"status":"budget","root":16,"steps":35,"normalized":4,"accounting":"full_successor_reads_writes_no_last_pair_v2","successors":[1,2,3,16,16,16,16,16,16,16,11,12,13,14,15,16,16]}
{"case":2369,"call":0,"status":"budget","root":16,"steps":36,"normalized":4,"accounting":"full_successor_reads_writes_no_last_pair_v2","successors":[1,2,3,16,16,16,16,16,16,16,11,12,13,14,15,16,16]}
{"case":2370,"call":0,"status":"budget","root":16,"steps":37,"normalized":4,"accounting":"full_successor_reads_writes_no_last_pair_v2","successors":[1,2,3,16,16,16,16,16,16,16,16,12,13,14,15,16,16]}
{"case":2371,"call":0,"status":"budget","root":16,"steps":38,"normalized":4,"accounting":"full_successor_reads_writes_no_last_pair_v2","successors":[1,2,3,16,16,16,16,16,16,16,16,12,13,14,15,16,16]}
{"case":2372,"call":0,"status":"budget","root":16,"steps":39,"normalized":4,"accounting":"full_successor_reads_writes_no_last_pair_v2","successors":[1,2,3,16,16,16,16,16,16,16,16,16,13,14,15,16,16]}
{"case":2373,"call":0,"status":"budget","root":16,"steps":40,"normalized":4,"accounting":"full_successor_reads_writes_no_last_pair_v2","successors":[1,2,3,16,16,16,16,16,16,16,16,16,13,14,15,16,16]}
{"case":2374,"call":0,"status":"budget","root":16,"steps":41,"normalized":4,"accounting":"full_successor_reads_writes_no_last_pair_v2","successors":[1,2,3,16,16,16,16,16,16,16,16,16,16,14,15,16,16]}
{"case":2375,"call":0,"status":"budget","root":16,"steps":42,"normalized":4,"accounting":"full_successor_reads_writes_no_last_pair_v2","successors":[1,2,3,16,16,16,16,16,16,16,16,16,16,14,15,16,16]}
{"case":2376,"call":0,"status":"budget","root":16,"steps":43,"normalized":4,"accounting":"full_successor_reads_writes_no_last_pair_v2","successors":[1,2,3,16,16,16,16,16,16,16,16,16,16,16,15,16,16]}
{"case":2377,"call":0,"status":"budget","root":16,"steps":44,"normalized":4,"accounting":"full_successor_reads_writes_no_last_pair_v2","successors":[1,2,3,16,16,16,16,16,16,16,16,16,16,16,15,16,16]}
{"case":2378,"call":0,"status":"ok","root":16,"steps":45,"normalized":4,"accounting":"full_successor_reads_writes_no_last_pair_v2","successors":[1,2,3,16,16,16,16,16,16,16,16,16,16,16,16,16,16]}
{"case":2379,"call":0,"status":"ok","root":16,"steps":45,"normalized":4,"accounting":"full_successor_reads_writes_no_last_pair_v2","successors":[1,2,3,16,16,16,16,16,16,16,16,16,16,16,16,16,16]}
{"case":2380,"call":0,"status":"budget","root":3,"steps":18446744073709551576,"normalized":18446744073709551575,"accounting":"full_successor_reads_writes_no_last_pair_v2","successors":[1,2,3,4,5,6,7,8,9,10,11,12,13,14,15,16,16]}
{"case":2381,"call":0,"status":"budget","root":4,"steps":18446744073709551577,"normalized":18446744073709551575,"accounting":"full_successor_reads_writes_no_last_pair_v2","successors":[1,2,3,4,5,6,7,8,9,10,11,12,13,14,15,16,16]}
{"case":2382,"call":0,"status":"budget","root":5,"steps":18446744073709551578,"normalized":18446744073709551575,"accounting":"full_successor_reads_writes_no_last_pair_v2","successors":[1,2,3,4,5,6,7,8,9,10,11,12,13,14,15,16,16]}
{"case":2383,"call":0,"status":"budget","root":6,"steps":18446744073709551579,"normalized":18446744073709551575,"accounting":"full_successor_reads_writes_no_last_pair_v2","successors":[1,2,3,4,5,6,7,8,9,10,11,12,13,14,15,16,16]}
{"case":2384,"call":0,"status":"budget","root":7,"steps":18446744073709551580,"normalized":18446744073709551575,"accounting":"full_successor_reads_writes_no_last_pair_v2","successors":[1,2,3,4,5,6,7,8,9,10,11,12,13,14,15,16,16]}
{"case":2385,"call":0,"status":"budget","root":8,"steps":18446744073709551581,"normalized":18446744073709551575,"accounting":"full_successor_reads_writes_no_last_pair_v2","successors":[1,2,3,4,5,6,7,8,9,10,11,12,13,14,15,16,16]}
{"case":2386,"call":0,"status":"budget","root":9,"steps":18446744073709551582,"normalized":18446744073709551575,"accounting":"full_successor_reads_writes_no_last_pair_v2","successors":[1,2,3,4,5,6,7,8,9,10,11,12,13,14,15,16,16]}
{"case":2387,"call":0,"status":"budget","root":10,"steps":18446744073709551583,"normalized":18446744073709551575,"accounting":"full_successor_reads_writes_no_last_pair_v2","successors":[1,2,3,4,5,6,7,8,9,10,11,12,13,14,15,16,16]}
{"case":2388,"call":0,"status":"budget","root":11,"steps":18446744073709551584,"normalized":18446744073709551575,"accounting":"full_successor_reads_writes_no_last_pair_v2","successors":[1,2,3,4,5,6,7,8,9,10,11,12,13,14,15,16,16]}
{"case":2389,"call":0,"status":"budget","root":12,"steps":18446744073709551585,"normalized":18446744073709551575,"accounting":"full_successor_reads_writes_no_last_pair_v2","successors":[1,2,3,4,5,6,7,8,9,10,11,12,13,14,15,16,16]}
{"case":2390,"call":0,"status":"budget","root":13,"steps":18446744073709551586,"normalized":18446744073709551575,"accounting":"full_successor_reads_writes_no_last_pair_v2","successors":[1,2,3,4,5,6,7,8,9,10,11,12,13,14,15,16,16]}
{"case":2391,"call":0,"status":"budget","root":14,"steps":18446744073709551587,"normalized":18446744073709551575,"accounting":"full_successor_reads_writes_no_last_pair_v2","successors":[1,2,3,4,5,6,7,8,9,10,11,12,13,14,15,16,16]}
{"case":2392,"call":0,"status":"budget","root":15,"steps":18446744073709551588,"normalized":18446744073709551575,"accounting":"full_successor_reads_writes_no_last_pair_v2","successors":[1,2,3,4,5,6,7,8,9,10,11,12,13,14,15,16,16]}
{"case":2393,"call":0,"status":"budget","root":16,"steps":18446744073709551589,"normalized":18446744073709551575,"accounting":"full_successor_reads_writes_no_last_pair_v2","successors":[1,2,3,4,5,6,7,8,9,10,11,12,13,14,15,16,16]}
{"case":2394,"call":0,"status":"budget","root":16,"steps":18446744073709551590,"normalized":18446744073709551576,"accounting":"full_successor_reads_writes_no_last_pair_v2","successors":[1,2,3,4,5,6,7,8,9,10,11,12,13,14,15,16,16]}
{"case":2395,"call":0,"status":"budget","root":16,"steps":18446744073709551591,"normalized":18446744073709551576,"accounting":"full_successor_reads_writes_no_last_pair_v2","successors":[1,2,3,4,5,6,7,8,9,10,11,12,13,14,15,16,16]}
{"case":2396,"call":0,"status":"budget","root":16,"steps":18446744073709551592,"normalized":18446744073709551576,"accounting":"full_successor_reads_writes_no_last_pair_v2","successors":[1,2,3,16,5,6,7,8,9,10,11,12,13,14,15,16,16]}
{"case":2397,"call":0,"status":"budget","root":16,"steps":18446744073709551593,"normalized":18446744073709551576,"accounting":"full_successor_reads_writes_no_last_pair_v2","successors":[1,2,3,16,5,6,7,8,9,10,11,12,13,14,15,16,16]}
{"case":2398,"call":0,"status":"budget","root":16,"steps":18446744073709551594,"normalized":18446744073709551576,"accounting":"full_successor_reads_writes_no_last_pair_v2","successors":[1,2,3,16,16,6,7,8,9,10,11,12,13,14,15,16,16]}
{"case":2399,"call":0,"status":"budget","root":16,"steps":18446744073709551595,"normalized":18446744073709551576,"accounting":"full_successor_reads_writes_no_last_pair_v2","successors":[1,2,3,16,16,6,7,8,9,10,11,12,13,14,15,16,16]}
{"case":2400,"call":0,"status":"budget","root":16,"steps":18446744073709551596,"normalized":18446744073709551576,"accounting":"full_successor_reads_writes_no_last_pair_v2","successors":[1,2,3,16,16,16,7,8,9,10,11,12,13,14,15,16,16]}
{"case":2401,"call":0,"status":"budget","root":16,"steps":18446744073709551597,"normalized":18446744073709551576,"accounting":"full_successor_reads_writes_no_last_pair_v2","successors":[1,2,3,16,16,16,7,8,9,10,11,12,13,14,15,16,16]}
{"case":2402,"call":0,"status":"budget","root":16,"steps":18446744073709551598,"normalized":18446744073709551576,"accounting":"full_successor_reads_writes_no_last_pair_v2","successors":[1,2,3,16,16,16,16,8,9,10,11,12,13,14,15,16,16]}
{"case":2403,"call":0,"status":"budget","root":16,"steps":18446744073709551599,"normalized":18446744073709551576,"accounting":"full_successor_reads_writes_no_last_pair_v2","successors":[1,2,3,16,16,16,16,8,9,10,11,12,13,14,15,16,16]}
{"case":2404,"call":0,"status":"budget","root":16,"steps":18446744073709551600,"normalized":18446744073709551576,"accounting":"full_successor_reads_writes_no_last_pair_v2","successors":[1,2,3,16,16,16,16,16,9,10,11,12,13,14,15,16,16]}
{"case":2405,"call":0,"status":"budget","root":16,"steps":18446744073709551601,"normalized":18446744073709551576,"accounting":"full_successor_reads_writes_no_last_pair_v2","successors":[1,2,3,16,16,16,16,16,9,10,11,12,13,14,15,16,16]}
{"case":2406,"call":0,"status":"budget","root":16,"steps":18446744073709551602,"normalized":18446744073709551576,"accounting":"full_successor_reads_writes_no_last_pair_v2","successors":[1,2,3,16,16,16,16,16,16,10,11,12,13,14,15,16,16]}
{"case":2407,"call":0,"status":"budget","root":16,"steps":18446744073709551603,"normalized":18446744073709551576,"accounting":"full_successor_reads_writes_no_last_pair_v2","successors":[1,2,3,16,16,16,16,16,16,10,11,12,13,14,15,16,16]}
{"case":2408,"call":0,"status":"budget","root":16,"steps":18446744073709551604,"normalized":18446744073709551576,"accounting":"full_successor_reads_writes_no_last_pair_v2","successors":[1,2,3,16,16,16,16,16,16,16,11,12,13,14,15,16,16]}
{"case":2409,"call":0,"status":"budget","root":16,"steps":18446744073709551605,"normalized":18446744073709551576,"accounting":"full_successor_reads_writes_no_last_pair_v2","successors":[1,2,3,16,16,16,16,16,16,16,11,12,13,14,15,16,16]}
{"case":2410,"call":0,"status":"budget","root":16,"steps":18446744073709551606,"normalized":18446744073709551576,"accounting":"full_successor_reads_writes_no_last_pair_v2","successors":[1,2,3,16,16,16,16,16,16,16,16,12,13,14,15,16,16]}
{"case":2411,"call":0,"status":"budget","root":16,"steps":18446744073709551607,"normalized":18446744073709551576,"accounting":"full_successor_reads_writes_no_last_pair_v2","successors":[1,2,3,16,16,16,16,16,16,16,16,12,13,14,15,16,16]}
{"case":2412,"call":0,"status":"budget","root":16,"steps":18446744073709551608,"normalized":18446744073709551576,"accounting":"full_successor_reads_writes_no_last_pair_v2","successors":[1,2,3,16,16,16,16,16,16,16,16,16,13,14,15,16,16]}
{"case":2413,"call":0,"status":"budget","root":16,"steps":18446744073709551609,"normalized":18446744073709551576,"accounting":"full_successor_reads_writes_no_last_pair_v2","successors":[1,2,3,16,16,16,16,16,16,16,16,16,13,14,15,16,16]}
{"case":2414,"call":0,"status":"budget","root":16,"steps":18446744073709551610,"normalized":18446744073709551576,"accounting":"full_successor_reads_writes_no_last_pair_v2","successors":[1,2,3,16,16,16,16,16,16,16,16,16,16,14,15,16,16]}
{"case":2415,"call":0,"status":"budget","root":16,"steps":18446744073709551611,"normalized":18446744073709551576,"accounting":"full_successor_reads_writes_no_last_pair_v2","successors":[1,2,3,16,16,16,16,16,16,16,16,16,16,14,15,16,16]}
{"case":2416,"call":0,"status":"budget","root":16,"steps":18446744073709551612,"normalized":18446744073709551576,"accounting":"full_successor_reads_writes_no_last_pair_v2","successors":[1,2,3,16,16,16,16,16,16,16,16,16,16,16,15,16,16]}
{"case":2417,"call":0,"status":"budget","root":16,"steps":18446744073709551613,"normalized":18446744073709551576,"accounting":"full_successor_reads_writes_no_last_pair_v2","successors":[1,2,3,16,16,16,16,16,16,16,16,16,16,16,15,16,16]}
{"case":2418,"call":0,"status":"ok","root":16,"steps":18446744073709551614,"normalized":18446744073709551576,"accounting":"full_successor_reads_writes_no_last_pair_v2","successors":[1,2,3,16,16,16,16,16,16,16,16,16,16,16,16,16,16]}
{"case":2419,"call":0,"status":"ok","root":16,"steps":18446744073709551614,"normalized":18446744073709551576,"accounting":"full_successor_reads_writes_no_last_pair_v2","successors":[1,2,3,16,16,16,16,16,16,16,16,16,16,16,16,16,16]}
{"case":2420,"call":0,"status":"budget","root":3,"steps":11,"normalized":4,"accounting":"full_successor_reads_writes_no_last_pair_v2","successors":[1,2,3,4,5,6,7,8,9,10,11,12,13,14,15,16,16]}
{"case":2421,"call":0,"status":"budget","root":4,"steps":0,"normalized":0,"accounting":"full_successor_reads_writes_no_last_pair_v2","successors":[1,2,3,4,5,6,7,8,9,10,11,12,13,14,15,16,16]}
{"case":2422,"call":0,"status":"budget","root":5,"steps":1,"normalized":0,"accounting":"full_successor_reads_writes_no_last_pair_v2","successors":[1,2,3,4,5,6,7,8,9,10,11,12,13,14,15,16,16]}
{"case":2423,"call":0,"status":"budget","root":6,"steps":2,"normalized":0,"accounting":"full_successor_reads_writes_no_last_pair_v2","successors":[1,2,3,4,5,6,7,8,9,10,11,12,13,14,15,16,16]}
{"case":2424,"call":0,"status":"budget","root":7,"steps":3,"normalized":0,"accounting":"full_successor_reads_writes_no_last_pair_v2","successors":[1,2,3,4,5,6,7,8,9,10,11,12,13,14,15,16,16]}
{"case":2425,"call":0,"status":"budget","root":8,"steps":4,"normalized":0,"accounting":"full_successor_reads_writes_no_last_pair_v2","successors":[1,2,3,4,5,6,7,8,9,10,11,12,13,14,15,16,16]}
{"case":2426,"call":0,"status":"budget","root":9,"steps":5,"normalized":0,"accounting":"full_successor_reads_writes_no_last_pair_v2","successors":[1,2,3,4,5,6,7,8,9,10,11,12,13,14,15,16,16]}
{"case":2427,"call":0,"status":"budget","root":10,"steps":6,"normalized":0,"accounting":"full_successor_reads_writes_no_last_pair_v2","successors":[1,2,3,4,5,6,7,8,9,10,11,12,13,14,15,16,16]}
{"case":2428,"call":0,"status":"budget","root":11,"steps":7,"normalized":0,"accounting":"full_successor_reads_writes_no_last_pair_v2","successors":[1,2,3,4,5,6,7,8,9,10,11,12,13,14,15,16,16]}
{"case":2429,"call":0,"status":"budget","root":12,"steps":8,"normalized":0,"accounting":"full_successor_reads_writes_no_last_pair_v2","successors":[1,2,3,4,5,6,7,8,9,10,11,12,13,14,15,16,16]}
{"case":2430,"call":0,"status":"budget","root":13,"steps":9,"normalized":0,"accounting":"full_successor_reads_writes_no_last_pair_v2","successors":[1,2,3,4,5,6,7,8,9,10,11,12,13,14,15,16,16]}
{"case":2431,"call":0,"status":"budget","root":14,"steps":10,"normalized":0,"accounting":"full_successor_reads_writes_no_last_pair_v2","successors":[1,2,3,4,5,6,7,8,9,10,11,12,13,14,15,16,16]}
{"case":2432,"call":0,"status":"budget","root":15,"steps":11,"normalized":0,"accounting":"full_successor_reads_writes_no_last_pair_v2","successors":[1,2,3,4,5,6,7,8,9,10,11,12,13,14,15,16,16]}
{"case":2433,"call":0,"status":"budget","root":16,"steps":12,"normalized":0,"accounting":"full_successor_reads_writes_no_last_pair_v2","successors":[1,2,3,4,5,6,7,8,9,10,11,12,13,14,15,16,16]}
{"case":2434,"call":0,"status":"budget","root":16,"steps":13,"normalized":1,"accounting":"full_successor_reads_writes_no_last_pair_v2","successors":[1,2,3,4,5,6,7,8,9,10,11,12,13,14,15,16,16]}
{"case":2435,"call":0,"status":"budget","root":16,"steps":14,"normalized":1,"accounting":"full_successor_reads_writes_no_last_pair_v2","successors":[1,2,3,4,5,6,7,8,9,10,11,12,13,14,15,16,16]}
{"case":2436,"call":0,"status":"budget","root":16,"steps":15,"normalized":1,"accounting":"full_successor_reads_writes_no_last_pair_v2","successors":[1,2,3,4,16,6,7,8,9,10,11,12,13,14,15,16,16]}
{"case":2437,"call":0,"status":"budget","root":16,"steps":16,"normalized":1,"accounting":"full_successor_reads_writes_no_last_pair_v2","successors":[1,2,3,4,16,6,7,8,9,10,11,12,13,14,15,16,16]}
{"case":2438,"call":0,"status":"budget","root":16,"steps":17,"normalized":1,"accounting":"full_successor_reads_writes_no_last_pair_v2","successors":[1,2,3,4,16,16,7,8,9,10,11,12,13,14,15,16,16]}
{"case":2439,"call":0,"status":"budget","root":16,"steps":18,"normalized":1,"accounting":"full_successor_reads_writes_no_last_pair_v2","successors":[1,2,3,4,16,16,7,8,9,10,11,12,13,14,15,16,16]}
{"case":2440,"call":0,"status":"budget","root":16,"steps":19,"normalized":1,"accounting":"full_successor_reads_writes_no_last_pair_v2","successors":[1,2,3,4,16,16,16,8,9,10,11,12,13,14,15,16,16]}
{"case":2441,"call":0,"status":"budget","root":16,"steps":20,"normalized":1,"accounting":"full_successor_reads_writes_no_last_pair_v2","successors":[1,2,3,4,16,16,16,8,9,10,11,12,13,14,15,16,16]}
{"case":2442,"call":0,"status":"budget","root":16,"steps":21,"normalized":1,"accounting":"full_successor_reads_writes_no_last_pair_v2","successors":[1,2,3,4,16,16,16,16,9,10,11,12,13,14,15,16,16]}
{"case":2443,"call":0,"status":"budget","root":16,"steps":22,"normalized":1,"accounting":"full_successor_reads_writes_no_last_pair_v2","successors":[1,2,3,4,16,16,16,16,9,10,11,12,13,14,15,16,16]}
{"case":2444,"call":0,"status":"budget","root":16,"steps":23,"normalized":1,"accounting":"full_successor_reads_writes_no_last_pair_v2","successors":[1,2,3,4,16,16,16,16,16,10,11,12,13,14,15,16,16]}
{"case":2445,"call":0,"status":"budget","root":16,"steps":24,"normalized":1,"accounting":"full_successor_reads_writes_no_last_pair_v2","successors":[1,2,3,4,16,16,16,16,16,10,11,12,13,14,15,16,16]}
{"case":2446,"call":0,"status":"budget","root":16,"steps":25,"normalized":1,"accounting":"full_successor_reads_writes_no_last_pair_v2","successors":[1,2,3,4,16,16,16,16,16,16,11,12,13,14,15,16,16]}
{"case":2447,"call":0,"status":"budget","root":16,"steps":26,"normalized":1,"accounting":"full_successor_reads_writes_no_last_pair_v2","successors":[1,2,3,4,16,16,16,16,16,16,11,12,13,14,15,16,16]}
{"case":2448,"call":0,"status":"budget","root":16,"steps":27,"normalized":1,"accounting":"full_successor_reads_writes_no_last_pair_v2","successors":[1,2,3,4,16,16,16,16,16,16,16,12,13,14,15,16,16]}
{"case":2449,"call":0,"status":"budget","root":16,"steps":28,"normalized":1,"accounting":"full_successor_reads_writes_no_last_pair_v2","successors":[1,2,3,4,16,16,16,16,16,16,16,12,13,14,15,16,16]}
{"case":2450,"call":0,"status":"budget","root":16,"steps":29,"normalized":1,"accounting":"full_successor_reads_writes_no_last_pair_v2","successors":[1,2,3,4,16,16,16,16,16,16,16,16,13,14,15,16,16]}
{"case":2451,"call":0,"status":"budget","root":16,"steps":30,"normalized":1,"accounting":"full_successor_reads_writes_no_last_pair_v2","successors":[1,2,3,4,16,16,16,16,16,16,16,16,13,14,15,16,16]}
{"case":2452,"call":0,"status":"budget","root":16,"steps":31,"normalized":1,"accounting":"full_successor_reads_writes_no_last_pair_v2","successors":[1,2,3,4,16,16,16,16,16,16,16,16,16,14,15,16,16]}
{"case":2453,"call":0,"status":"budget","root":16,"steps":32,"normalized":1,"accounting":"full_successor_reads_writes_no_last_pair_v2","successors":[1,2,3,4,16,16,16,16,16,16,16,16,16,14,15,16,16]}
{"case":2454,"call":0,"status":"budget","root":16,"steps":33,"normalized":1,"accounting":"full_successor_reads_writes_no_last_pair_v2","successors":[1,2,3,4,16,16,16,16,16,16,16,16,16,16,15,16,16]}
{"case":2455,"call":0,"status":"budget","root":16,"steps":34,"normalized":1,"accounting":"full_successor_reads_writes_no_last_pair_v2","successors":[1,2,3,4,16,16,16,16,16,16,16,16,16,16,15,16,16]}
{"case":2456,"call":0,"status":"ok","root":16,"steps":35,"normalized":1,"accounting":"full_successor_reads_writes_no_last_pair_v2","successors":[1,2,3,4,16,16,16,16,16,16,16,16,16,16,16,16,16]}
{"case":2457,"call":0,"status":"ok","root":16,"steps":35,"normalized":1,"accounting":"full_successor_reads_writes_no_last_pair_v2","successors":[1,2,3,4,16,16,16,16,16,16,16,16,16,16,16,16,16]}
{"case":2458,"call":0,"status":"budget","root":4,"steps":7,"normalized":3,"accounting":"full_successor_reads_writes_no_last_pair_v2","successors":[1,2,3,4,5,6,7,8,9,10,11,12,13,14,15,16,16]}
{"case":2459,"call":0,"status":"budget","root":5,"steps":8,"normalized":3,"accounting":"full_successor_reads_writes_no_last_pair_v2","successors":[1,2,3,4,5,6,7,8,9,10,11,12,13,14,15,16,16]}
{"case":2460,"call":0,"status":"budget","root":6,"steps":9,"normalized":3,"accounting":"full_successor_reads_writes_no_last_pair_v2","successors":[1,2,3,4,5,6,7,8,9,10,11,12,13,14,15,16,16]}
{"case":2461,"call":0,"status":"budget","root":7,"steps":10,"normalized":3,"accounting":"full_successor_reads_writes_no_last_pair_v2","successors":[1,2,3,4,5,6,7,8,9,10,11,12,13,14,15,16,16]}
{"case":2462,"call":0,"status":"budget","root":8,"steps":11,"normalized":3,"accounting":"full_successor_reads_writes_no_last_pair_v2","successors":[1,2,3,4,5,6,7,8,9,10,11,12,13,14,15,16,16]}
{"case":2463,"call":0,"status":"budget","root":9,"steps":12,"normalized":3,"accounting":"full_successor_reads_writes_no_last_pair_v2","successors":[1,2,3,4,5,6,7,8,9,10,11,12,13,14,15,16,16]}
{"case":2464,"call":0,"status":"budget","root":10,"steps":13,"normalized":3,"accounting":"full_successor_reads_writes_no_last_pair_v2","successors":[1,2,3,4,5,6,7,8,9,10,11,12,13,14,15,16,16]}
{"case":2465,"call":0,"status":"budget","root":11,"steps":14,"normalized":3,"accounting":"full_successor_reads_writes_no_last_pair_v2","successors":[1,2,3,4,5,6,7,8,9,10,11,12,13,14,15,16,16]}
{"case":2466,"call":0,"status":"budget","root":12,"steps":15,"normalized":3,"accounting":"full_successor_reads_writes_no_last_pair_v2","successors":[1,2,3,4,5,6,7,8,9,10,11,12,13,14,15,16,16]}
{"case":2467,"call":0,"status":"budget","root":13,"steps":16,"normalized":3,"accounting":"full_successor_reads_writes_no_last_pair_v2","successors":[1,2,3,4,5,6,7,8,9,10,11,12,13,14,15,16,16]}
{"case":2468,"call":0,"status":"budget","root":14,"steps":17,"normalized":3,"accounting":"full_successor_reads_writes_no_last_pair_v2","successors":[1,2,3,4,5,6,7,8,9,10,11,12,13,14,15,16,16]}
{"case":2469,"call":0,"status":"budget","root":15,"steps":18,"normalized":3,"accounting":"full_successor_reads_writes_no_last_pair_v2","successors":[1,2,3,4,5,6,7,8,9,10,11,12,13,14,15,16,16]}
{"case":2470,"call":0,"status":"budget","root":16,"steps":19,"normalized":3,"accounting":"full_successor_reads_writes_no_last_pair_v2","successors":[1,2,3,4,5,6,7,8,9,10,11,12,13,14,15,16,16]}
{"case":2471,"call":0,"status":"budget","root":16,"steps":20,"normalized":4,"accounting":"full_successor_reads_writes_no_last_pair_v2","successors":[1,2,3,4,5,6,7,8,9,10,11,12,13,14,15,16,16]}
{"case":2472,"call":0,"status":"budget","root":16,"steps":21,"normalized":4,"accounting":"full_successor_reads_writes_no_last_pair_v2","successors":[1,2,3,4,5,6,7,8,9,10,11,12,13,14,15,16,16]}
{"case":2473,"call":0,"status":"budget","root":16,"steps":22,"normalized":4,"accounting":"full_successor_reads_writes_no_last_pair_v2","successors":[1,2,3,4,16,6,7,8,9,10,11,12,13,14,15,16,16]}
{"case":2474,"call":0,"status":"budget","root":16,"steps":23,"normalized":4,"accounting":"full_successor_reads_writes_no_last_pair_v2","successors":[1,2,3,4,16,6,7,8,9,10,11,12,13,14,15,16,16]}
{"case":2475,"call":0,"status":"budget","root":16,"steps":24,"normalized":4,"accounting":"full_successor_reads_writes_no_last_pair_v2","successors":[1,2,3,4,16,16,7,8,9,10,11,12,13,14,15,16,16]}
{"case":2476,"call":0,"status":"budget","root":16,"steps":25,"normalized":4,"accounting":"full_successor_reads_writes_no_last_pair_v2","successors":[1,2,3,4,16,16,7,8,9,10,11,12,13,14,15,16,16]}
{"case":2477,"call":0,"status":"budget","root":16,"steps":26,"normalized":4,"accounting":"full_successor_reads_writes_no_last_pair_v2","successors":[1,2,3,4,16,16,16,8,9,10,11,12,13,14,15,16,16]}
{"case":2478,"call":0,"status":"budget","root":16,"steps":27,"normalized":4,"accounting":"full_successor_reads_writes_no_last_pair_v2","successors":[1,2,3,4,16,16,16,8,9,10,11,12,13,14,15,16,16]}
{"case":2479,"call":0,"status":"budget","root":16,"steps":28,"normalized":4,"accounting":"full_successor_reads_writes_no_last_pair_v2","successors":[1,2,3,4,16,16,16,16,9,10,11,12,13,14,15,16,16]}
{"case":2480,"call":0,"status":"budget","root":16,"steps":29,"normalized":4,"accounting":"full_successor_reads_writes_no_last_pair_v2","successors":[1,2,3,4,16,16,16,16,9,10,11,12,13,14,15,16,16]}
{"case":2481,"call":0,"status":"budget","root":16,"steps":30,"normalized":4,"accounting":"full_successor_reads_writes_no_last_pair_v2","successors":[1,2,3,4,16,16,16,16,16,10,11,12,13,14,15,16,16]}
{"case":2482,"call":0,"status":"budget","root":16,"steps":31,"normalized":4,"accounting":"full_successor_reads_writes_no_last_pair_v2","successors":[1,2,3,4,16,16,16,16,16,10,11,12,13,14,15,16,16]}
{"case":2483,"call":0,"status":"budget","root":16,"steps":32,"normalized":4,"accounting":"full_successor_reads_writes_no_last_pair_v2","successors":[1,2,3,4,16,16,16,16,16,16,11,12,13,14,15,16,16]}
{"case":2484,"call":0,"status":"budget","root":16,"steps":33,"normalized":4,"accounting":"full_successor_reads_writes_no_last_pair_v2","successors":[1,2,3,4,16,16,16,16,16,16,11,12,13,14,15,16,16]}
{"case":2485,"call":0,"status":"budget","root":16,"steps":34,"normalized":4,"accounting":"full_successor_reads_writes_no_last_pair_v2","successors":[1,2,3,4,16,16,16,16,16,16,16,12,13,14,15,16,16]}
{"case":2486,"call":0,"status":"budget","root":16,"steps":35,"normalized":4,"accounting":"full_successor_reads_writes_no_last_pair_v2","successors":[1,2,3,4,16,16,16,16,16,16,16,12,13,14,15,16,16]}
{"case":2487,"call":0,"status":"budget","root":16,"steps":36,"normalized":4,"accounting":"full_successor_reads_writes_no_last_pair_v2","successors":[1,2,3,4,16,16,16,16,16,16,16,16,13,14,15,16,16]}
{"case":2488,"call":0,"status":"budget","root":16,"steps":37,"normalized":4,"accounting":"full_successor_reads_writes_no_last_pair_v2","successors":[1,2,3,4,16,16,16,16,16,16,16,16,13,14,15,16,16]}
{"case":2489,"call":0,"status":"budget","root":16,"steps":38,"normalized":4,"accounting":"full_successor_reads_writes_no_last_pair_v2","successors":[1,2,3,4,16,16,16,16,16,16,16,16,16,14,15,16,16]}
{"case":2490,"call":0,"status":"budget","root":16,"steps":39,"normalized":4,"accounting":"full_successor_reads_writes_no_last_pair_v2","successors":[1,2,3,4,16,16,16,16,16,16,16,16,16,14,15,16,16]}
{"case":2491,"call":0,"status":"budget","root":16,"steps":40,"normalized":4,"accounting":"full_successor_reads_writes_no_last_pair_v2","successors":[1,2,3,4,16,16,16,16,16,16,16,16,16,16,15,16,16]}
{"case":2492,"call":0,"status":"budget","root":16,"steps":41,"normalized":4,"accounting":"full_successor_reads_writes_no_last_pair_v2","successors":[1,2,3,4,16,16,16,16,16,16,16,16,16,16,15,16,16]}
{"case":2493,"call":0,"status":"ok","root":16,"steps":42,"normalized":4,"accounting":"full_successor_reads_writes_no_last_pair_v2","successors":[1,2,3,4,16,16,16,16,16,16,16,16,16,16,16,16,16]}
{"case":2494,"call":0,"status":"ok","root":16,"steps":42,"normalized":4,"accounting":"full_successor_reads_writes_no_last_pair_v2","successors":[1,2,3,4,16,16,16,16,16,16,16,16,16,16,16,16,16]}
{"case":2495,"call":0,"status":"budget","root":4,"steps":18446744073709551579,"normalized":18446744073709551578,"accounting":"full_successor_reads_writes_no_last_pair_v2","successors":[1,2,3,4,5,6,7,8,9,10,11,12,13,14,15,16,16]}
{"case":2496,"call":0,"status":"budget","root":5,"steps":18446744073709551580,"normalized":18446744073709551578,"accounting":"full_successor_reads_writes_no_last_pair_v2","successors":[1,2,3,4,5,6,7,8,9,10,11,12,13,14,15,16,16]}
{"case":2497,"call":0,"status":"budget","root":6,"steps":18446744073709551581,"normalized":18446744073709551578,"accounting":"full_successor_reads_writes_no_last_pair_v2","successors":[1,2,3,4,5,6,7,8,9,10,11,12,13,14,15,16,16]}
{"case":2498,"call":0,"status":"budget","root":7,"steps":18446744073709551582,"normalized":18446744073709551578,"accounting":"full_successor_reads_writes_no_last_pair_v2","successors":[1,2,3,4,5,6,7,8,9,10,11,12,13,14,15,16,16]}
{"case":2499,"call":0,"status":"budget","root":8,"steps":18446744073709551583,"normalized":18446744073709551578,"accounting":"full_successor_reads_writes_no_last_pair_v2","successors":[1,2,3,4,5,6,7,8,9,10,11,12,13,14,15,16,16]}
{"case":2500,"call":0,"status":"budget","root":9,"steps":18446744073709551584,"normalized":18446744073709551578,"accounting":"full_successor_reads_writes_no_last_pair_v2","successors":[1,2,3,4,5,6,7,8,9,10,11,12,13,14,15,16,16]}
{"case":2501,"call":0,"status":"budget","root":10,"steps":18446744073709551585,"normalized":18446744073709551578,"accounting":"full_successor_reads_writes_no_last_pair_v2","successors":[1,2,3,4,5,6,7,8,9,10,11,12,13,14,15,16,16]}
{"case":2502,"call":0,"status":"budget","root":11,"steps":18446744073709551586,"normalized":18446744073709551578,"accounting":"full_successor_reads_writes_no_last_pair_v2","successors":[1,2,3,4,5,6,7,8,9,10,11,12,13,14,15,16,16]}
{"case":2503,"call":0,"status":"budget","root":12,"steps":18446744073709551587,"normalized":18446744073709551578,"accounting":"full_successor_reads_writes_no_last_pair_v2","successors":[1,2,3,4,5,6,7,8,9,10,11,12,13,14,15,16,16]}
{"case":2504,"call":0,"status":"budget","root":13,"steps":18446744073709551588,"normalized":18446744073709551578,"accounting":"full_successor_reads_writes_no_last_pair_v2","successors":[1,2,3,4,5,6,7,8,9,10,11,12,13,14,15,16,16]}
{"case":2505,"call":0,"status":"budget","root":14,"steps":18446744073709551589,"normalized":18446744073709551578,"accounting":"full_successor_reads_writes_no_last_pair_v2","successors":[1,2,3,4,5,6,7,8,9,10,11,12,13,14,15,16,16]}
{"case":2506,"call":0,"status":"budget","root":15,"steps":18446744073709551590,"normalized":18446744073709551578,"accounting":"full_successor_reads_writes_no_last_pair_v2","successors":[1,2,3,4,5,6,7,8,9,10,11,12,13,14,15,16,16]}
{"case":2507,"call":0,"status":"budget","root":16,"steps":18446744073709551591,"normalized":18446744073709551578,"accounting":"full_successor_reads_writes_no_last_pair_v2","successors":[1,2,3,4,5,6,7,8,9,10,11,12,13,14,15,16,16]}
{"case":2508,"call":0,"status":"budget","root":16,"steps":18446744073709551592,"normalized":18446744073709551579,"accounting":"full_successor_reads_writes_no_last_pair_v2","successors":[1,2,3,4,5,6,7,8,9,10,11,12,13,14,15,16,16]}
{"case":2509,"call":0,"status":"budget","root":16,"steps":18446744073709551593,"normalized":18446744073709551579,"accounting":"full_successor_reads_writes_no_last_pair_v2","successors":[1,2,3,4,5,6,7,8,9,10,11,12,13,14,15,16,16]}
{"case":2510,"call":0,"status":"budget","root":16,"steps":18446744073709551594,"normalized":18446744073709551579,"accounting":"full_successor_reads_writes_no_last_pair_v2","successors":[1,2,3,4,16,6,7,8,9,10,11,12,13,14,15,16,16]}
{"case":2511,"call":0,"status":"budget","root":16,"steps":18446744073709551595,"normalized":18446744073709551579,"accounting":"full_successor_reads_writes_no_last_pair_v2","successors":[1,2,3,4,16,6,7,8,9,10,11,12,13,14,15,16,16]}
{"case":2512,"call":0,"status":"budget","root":16,"steps":18446744073709551596,"normalized":18446744073709551579,"accounting":"full_successor_reads_writes_no_last_pair_v2","successors":[1,2,3,4,16,16,7,8,9,10,11,12,13,14,15,16,16]}
{"case":2513,"call":0,"status":"budget","root":16,"steps":18446744073709551597,"normalized":18446744073709551579,"accounting":"full_successor_reads_writes_no_last_pair_v2","successors":[1,2,3,4,16,16,7,8,9,10,11,12,13,14,15,16,16]}
{"case":2514,"call":0,"status":"budget","root":16,"steps":18446744073709551598,"normalized":18446744073709551579,"accounting":"full_successor_reads_writes_no_last_pair_v2","successors":[1,2,3,4,16,16,16,8,9,10,11,12,13,14,15,16,16]}
{"case":2515,"call":0,"status":"budget","root":16,"steps":18446744073709551599,"normalized":18446744073709551579,"accounting":"full_successor_reads_writes_no_last_pair_v2","successors":[1,2,3,4,16,16,16,8,9,10,11,12,13,14,15,16,16]}
{"case":2516,"call":0,"status":"budget","root":16,"steps":18446744073709551600,"normalized":18446744073709551579,"accounting":"full_successor_reads_writes_no_last_pair_v2","successors":[1,2,3,4,16,16,16,16,9,10,11,12,13,14,15,16,16]}
{"case":2517,"call":0,"status":"budget","root":16,"steps":18446744073709551601,"normalized":18446744073709551579,"accounting":"full_successor_reads_writes_no_last_pair_v2","successors":[1,2,3,4,16,16,16,16,9,10,11,12,13,14,15,16,16]}
{"case":2518,"call":0,"status":"budget","root":16,"steps":18446744073709551602,"normalized":18446744073709551579,"accounting":"full_successor_reads_writes_no_last_pair_v2","successors":[1,2,3,4,16,16,16,16,16,10,11,12,13,14,15,16,16]}
{"case":2519,"call":0,"status":"budget","root":16,"steps":18446744073709551603,"normalized":18446744073709551579,"accounting":"full_successor_reads_writes_no_last_pair_v2","successors":[1,2,3,4,16,16,16,16,16,10,11,12,13,14,15,16,16]}
{"case":2520,"call":0,"status":"budget","root":16,"steps":18446744073709551604,"normalized":18446744073709551579,"accounting":"full_successor_reads_writes_no_last_pair_v2","successors":[1,2,3,4,16,16,16,16,16,16,11,12,13,14,15,16,16]}
{"case":2521,"call":0,"status":"budget","root":16,"steps":18446744073709551605,"normalized":18446744073709551579,"accounting":"full_successor_reads_writes_no_last_pair_v2","successors":[1,2,3,4,16,16,16,16,16,16,11,12,13,14,15,16,16]}
{"case":2522,"call":0,"status":"budget","root":16,"steps":18446744073709551606,"normalized":18446744073709551579,"accounting":"full_successor_reads_writes_no_last_pair_v2","successors":[1,2,3,4,16,16,16,16,16,16,16,12,13,14,15,16,16]}
{"case":2523,"call":0,"status":"budget","root":16,"steps":18446744073709551607,"normalized":18446744073709551579,"accounting":"full_successor_reads_writes_no_last_pair_v2","successors":[1,2,3,4,16,16,16,16,16,16,16,12,13,14,15,16,16]}
{"case":2524,"call":0,"status":"budget","root":16,"steps":18446744073709551608,"normalized":18446744073709551579,"accounting":"full_successor_reads_writes_no_last_pair_v2","successors":[1,2,3,4,16,16,16,16,16,16,16,16,13,14,15,16,16]}
{"case":2525,"call":0,"status":"budget","root":16,"steps":18446744073709551609,"normalized":18446744073709551579,"accounting":"full_successor_reads_writes_no_last_pair_v2","successors":[1,2,3,4,16,16,16,16,16,16,16,16,13,14,15,16,16]}
{"case":2526,"call":0,"status":"budget","root":16,"steps":18446744073709551610,"normalized":18446744073709551579,"accounting":"full_successor_reads_writes_no_last_pair_v2","successors":[1,2,3,4,16,16,16,16,16,16,16,16,16,14,15,16,16]}
{"case":2527,"call":0,"status":"budget","root":16,"steps":18446744073709551611,"normalized":18446744073709551579,"accounting":"full_successor_reads_writes_no_last_pair_v2","successors":[1,2,3,4,16,16,16,16,16,16,16,16,16,14,15,16,16]}
{"case":2528,"call":0,"status":"budget","root":16,"steps":18446744073709551612,"normalized":18446744073709551579,"accounting":"full_successor_reads_writes_no_last_pair_v2","successors":[1,2,3,4,16,16,16,16,16,16,16,16,16,16,15,16,16]}
{"case":2529,"call":0,"status":"budget","root":16,"steps":18446744073709551613,"normalized":18446744073709551579,"accounting":"full_successor_reads_writes_no_last_pair_v2","successors":[1,2,3,4,16,16,16,16,16,16,16,16,16,16,15,16,16]}
{"case":2530,"call":0,"status":"ok","root":16,"steps":18446744073709551614,"normalized":18446744073709551579,"accounting":"full_successor_reads_writes_no_last_pair_v2","successors":[1,2,3,4,16,16,16,16,16,16,16,16,16,16,16,16,16]}
{"case":2531,"call":0,"status":"ok","root":16,"steps":18446744073709551614,"normalized":18446744073709551579,"accounting":"full_successor_reads_writes_no_last_pair_v2","successors":[1,2,3,4,16,16,16,16,16,16,16,16,16,16,16,16,16]}
{"case":2532,"call":0,"status":"budget","root":4,"steps":11,"normalized":4,"accounting":"full_successor_reads_writes_no_last_pair_v2","successors":[1,2,3,4,5,6,7,8,9,10,11,12,13,14,15,16,16]}
{"case":2533,"call":0,"status":"budget","root":5,"steps":0,"normalized":0,"accounting":"full_successor_reads_writes_no_last_pair_v2","successors":[1,2,3,4,5,6,7,8,9,10,11,12,13,14,15,16,16]}
{"case":2534,"call":0,"status":"budget","root":6,"steps":1,"normalized":0,"accounting":"full_successor_reads_writes_no_last_pair_v2","successors":[1,2,3,4,5,6,7,8,9,10,11,12,13,14,15,16,16]}
{"case":2535,"call":0,"status":"budget","root":7,"steps":2,"normalized":0,"accounting":"full_successor_reads_writes_no_last_pair_v2","successors":[1,2,3,4,5,6,7,8,9,10,11,12,13,14,15,16,16]}
{"case":2536,"call":0,"status":"budget","root":8,"steps":3,"normalized":0,"accounting":"full_successor_reads_writes_no_last_pair_v2","successors":[1,2,3,4,5,6,7,8,9,10,11,12,13,14,15,16,16]}
{"case":2537,"call":0,"status":"budget","root":9,"steps":4,"normalized":0,"accounting":"full_successor_reads_writes_no_last_pair_v2","successors":[1,2,3,4,5,6,7,8,9,10,11,12,13,14,15,16,16]}
{"case":2538,"call":0,"status":"budget","root":10,"steps":5,"normalized":0,"accounting":"full_successor_reads_writes_no_last_pair_v2","successors":[1,2,3,4,5,6,7,8,9,10,11,12,13,14,15,16,16]}
{"case":2539,"call":0,"status":"budget","root":11,"steps":6,"normalized":0,"accounting":"full_successor_reads_writes_no_last_pair_v2","successors":[1,2,3,4,5,6,7,8,9,10,11,12,13,14,15,16,16]}
{"case":2540,"call":0,"status":"budget","root":12,"steps":7,"normalized":0,"accounting":"full_successor_reads_writes_no_last_pair_v2","successors":[1,2,3,4,5,6,7,8,9,10,11,12,13,14,15,16,16]}
{"case":2541,"call":0,"status":"budget","root":13,"steps":8,"normalized":0,"accounting":"full_successor_reads_writes_no_last_pair_v2","successors":[1,2,3,4,5,6,7,8,9,10,11,12,13,14,15,16,16]}
{"case":2542,"call":0,"status":"budget","root":14,"steps":9,"normalized":0,"accounting":"full_successor_reads_writes_no_last_pair_v2","successors":[1,2,3,4,5,6,7,8,9,10,11,12,13,14,15,16,16]}
{"case":2543,"call":0,"status":"budget","root":15,"steps":10,"normalized":0,"accounting":"full_successor_reads_writes_no_last_pair_v2","successors":[1,2,3,4,5,6,7,8,9,10,11,12,13,14,15,16,16]}
{"case":2544,"call":0,"status":"budget","root":16,"steps":11,"normalized":0,"accounting":"full_successor_reads_writes_no_last_pair_v2","successors":[1,2,3,4,5,6,7,8,9,10,11,12,13,14,15,16,16]}
{"case":2545,"call":0,"status":"budget","root":16,"steps":12,"normalized":1,"accounting":"full_successor_reads_writes_no_last_pair_v2","successors":[1,2,3,4,5,6,7,8,9,10,11,12,13,14,15,16,16]}
{"case":2546,"call":0,"status":"budget","root":16,"steps":13,"normalized":1,"accounting":"full_successor_reads_writes_no_last_pair_v2","successors":[1,2,3,4,5,6,7,8,9,10,11,12,13,14,15,16,16]}
{"case":2547,"call":0,"status":"budget","root":16,"steps":14,"normalized":1,"accounting":"full_successor_reads_writes_no_last_pair_v2","successors":[1,2,3,4,5,16,7,8,9,10,11,12,13,14,15,16,16]}
{"case":2548,"call":0,"status":"budget","root":16,"steps":15,"normalized":1,"accounting":"full_successor_reads_writes_no_last_pair_v2","successors":[1,2,3,4,5,16,7,8,9,10,11,12,13,14,15,16,16]}
{"case":2549,"call":0,"status":"budget","root":16,"steps":16,"normalized":1,"accounting":"full_successor_reads_writes_no_last_pair_v2","successors":[1,2,3,4,5,16,16,8,9,10,11,12,13,14,15,16,16]}
{"case":2550,"call":0,"status":"budget","root":16,"steps":17,"normalized":1,"accounting":"full_successor_reads_writes_no_last_pair_v2","successors":[1,2,3,4,5,16,16,8,9,10,11,12,13,14,15,16,16]}
{"case":2551,"call":0,"status":"budget","root":16,"steps":18,"normalized":1,"accounting":"full_successor_reads_writes_no_last_pair_v2","successors":[1,2,3,4,5,16,16,16,9,10,11,12,13,14,15,16,16]}
{"case":2552,"call":0,"status":"budget","root":16,"steps":19,"normalized":1,"accounting":"full_successor_reads_writes_no_last_pair_v2","successors":[1,2,3,4,5,16,16,16,9,10,11,12,13,14,15,16,16]}
{"case":2553,"call":0,"status":"budget","root":16,"steps":20,"normalized":1,"accounting":"full_successor_reads_writes_no_last_pair_v2","successors":[1,2,3,4,5,16,16,16,16,10,11,12,13,14,15,16,16]}
{"case":2554,"call":0,"status":"budget","root":16,"steps":21,"normalized":1,"accounting":"full_successor_reads_writes_no_last_pair_v2","successors":[1,2,3,4,5,16,16,16,16,10,11,12,13,14,15,16,16]}
{"case":2555,"call":0,"status":"budget","root":16,"steps":22,"normalized":1,"accounting":"full_successor_reads_writes_no_last_pair_v2","successors":[1,2,3,4,5,16,16,16,16,16,11,12,13,14,15,16,16]}
{"case":2556,"call":0,"status":"budget","root":16,"steps":23,"normalized":1,"accounting":"full_successor_reads_writes_no_last_pair_v2","successors":[1,2,3,4,5,16,16,16,16,16,11,12,13,14,15,16,16]}
{"case":2557,"call":0,"status":"budget","root":16,"steps":24,"normalized":1,"accounting":"full_successor_reads_writes_no_last_pair_v2","successors":[1,2,3,4,5,16,16,16,16,16,16,12,13,14,15,16,16]}
{"case":2558,"call":0,"status":"budget","root":16,"steps":25,"normalized":1,"accounting":"full_successor_reads_writes_no_last_pair_v2","successors":[1,2,3,4,5,16,16,16,16,16,16,12,13,14,15,16,16]}
{"case":2559,"call":0,"status":"budget","root":16,"steps":26,"normalized":1,"accounting":"full_successor_reads_writes_no_last_pair_v2","successors":[1,2,3,4,5,16,16,16,16,16,16,16,13,14,15,16,16]}
{"case":2560,"call":0,"status":"budget","root":16,"steps":27,"normalized":1,"accounting":"full_successor_reads_writes_no_last_pair_v2","successors":[1,2,3,4,5,16,16,16,16,16,16,16,13,14,15,16,16]}
{"case":2561,"call":0,"status":"budget","root":16,"steps":28,"normalized":1,"accounting":"full_successor_reads_writes_no_last_pair_v2","successors":[1,2,3,4,5,16,16,16,16,16,16,16,16,14,15,16,16]}
{"case":2562,"call":0,"status":"budget","root":16,"steps":29,"normalized":1,"accounting":"full_successor_reads_writes_no_last_pair_v2","successors":[1,2,3,4,5,16,16,16,16,16,16,16,16,14,15,16,16]}
{"case":2563,"call":0,"status":"budget","root":16,"steps":30,"normalized":1,"accounting":"full_successor_reads_writes_no_last_pair_v2","successors":[1,2,3,4,5,16,16,16,16,16,16,16,16,16,15,16,16]}
{"case":2564,"call":0,"status":"budget","root":16,"steps":31,"normalized":1,"accounting":"full_successor_reads_writes_no_last_pair_v2","successors":[1,2,3,4,5,16,16,16,16,16,16,16,16,16,15,16,16]}
{"case":2565,"call":0,"status":"ok","root":16,"steps":32,"normalized":1,"accounting":"full_successor_reads_writes_no_last_pair_v2","successors":[1,2,3,4,5,16,16,16,16,16,16,16,16,16,16,16,16]}
{"case":2566,"call":0,"status":"ok","root":16,"steps":32,"normalized":1,"accounting":"full_successor_reads_writes_no_last_pair_v2","successors":[1,2,3,4,5,16,16,16,16,16,16,16,16,16,16,16,16]}
{"case":2567,"call":0,"status":"budget","root":5,"steps":7,"normalized":3,"accounting":"full_successor_reads_writes_no_last_pair_v2","successors":[1,2,3,4,5,6,7,8,9,10,11,12,13,14,15,16,16]}
{"case":2568,"call":0,"status":"budget","root":6,"steps":8,"normalized":3,"accounting":"full_successor_reads_writes_no_last_pair_v2","successors":[1,2,3,4,5,6,7,8,9,10,11,12,13,14,15,16,16]}
{"case":2569,"call":0,"status":"budget","root":7,"steps":9,"normalized":3,"accounting":"full_successor_reads_writes_no_last_pair_v2","successors":[1,2,3,4,5,6,7,8,9,10,11,12,13,14,15,16,16]}
{"case":2570,"call":0,"status":"budget","root":8,"steps":10,"normalized":3,"accounting":"full_successor_reads_writes_no_last_pair_v2","successors":[1,2,3,4,5,6,7,8,9,10,11,12,13,14,15,16,16]}
{"case":2571,"call":0,"status":"budget","root":9,"steps":11,"normalized":3,"accounting":"full_successor_reads_writes_no_last_pair_v2","successors":[1,2,3,4,5,6,7,8,9,10,11,12,13,14,15,16,16]}
{"case":2572,"call":0,"status":"budget","root":10,"steps":12,"normalized":3,"accounting":"full_successor_reads_writes_no_last_pair_v2","successors":[1,2,3,4,5,6,7,8,9,10,11,12,13,14,15,16,16]}
{"case":2573,"call":0,"status":"budget","root":11,"steps":13,"normalized":3,"accounting":"full_successor_reads_writes_no_last_pair_v2","successors":[1,2,3,4,5,6,7,8,9,10,11,12,13,14,15,16,16]}
{"case":2574,"call":0,"status":"budget","root":12,"steps":14,"normalized":3,"accounting":"full_successor_reads_writes_no_last_pair_v2","successors":[1,2,3,4,5,6,7,8,9,10,11,12,13,14,15,16,16]}
{"case":2575,"call":0,"status":"budget","root":13,"steps":15,"normalized":3,"accounting":"full_successor_reads_writes_no_last_pair_v2","successors":[1,2,3,4,5,6,7,8,9,10,11,12,13,14,15,16,16]}
{"case":2576,"call":0,"status":"budget","root":14,"steps":16,"normalized":3,"accounting":"full_successor_reads_writes_no_last_pair_v2","successors":[1,2,3,4,5,6,7,8,9,10,11,12,13,14,15,16,16]}
{"case":2577,"call":0,"status":"budget","root":15,"steps":17,"normalized":3,"accounting":"full_successor_reads_writes_no_last_pair_v2","successors":[1,2,3,4,5,6,7,8,9,10,11,12,13,14,15,16,16]}
{"case":2578,"call":0,"status":"budget","root":16,"steps":18,"normalized":3,"accounting":"full_successor_reads_writes_no_last_pair_v2","successors":[1,2,3,4,5,6,7,8,9,10,11,12,13,14,15,16,16]}
{"case":2579,"call":0,"status":"budget","root":16,"steps":19,"normalized":4,"accounting":"full_successor_reads_writes_no_last_pair_v2","successors":[1,2,3,4,5,6,7,8,9,10,11,12,13,14,15,16,16]}
{"case":2580,"call":0,"status":"budget","root":16,"steps":20,"normalized":4,"accounting":"full_successor_reads_writes_no_last_pair_v2","successors":[1,2,3,4,5,6,7,8,9,10,11,12,13,14,15,16,16]}
{"case":2581,"call":0,"status":"budget","root":16,"steps":21,"normalized":4,"accounting":"full_successor_reads_writes_no_last_pair_v2","successors":[1,2,3,4,5,16,7,8,9,10,11,12,13,14,15,16,16]}
{"case":2582,"call":0,"status":"budget","root":16,"steps":22,"normalized":4,"accounting":"full_successor_reads_writes_no_last_pair_v2","successors":[1,2,3,4,5,16,7,8,9,10,11,12,13,14,15,16,16]}
{"case":2583,"call":0,"status":"budget","root":16,"steps":23,"normalized":4,"accounting":"full_successor_reads_writes_no_last_pair_v2","successors":[1,2,3,4,5,16,16,8,9,10,11,12,13,14,15,16,16]}
{"case":2584,"call":0,"status":"budget","root":16,"steps":24,"normalized":4,"accounting":"full_successor_reads_writes_no_last_pair_v2","successors":[1,2,3,4,5,16,16,8,9,10,11,12,13,14,15,16,16]}
{"case":2585,"call":0,"status":"budget","root":16,"steps":25,"normalized":4,"accounting":"full_successor_reads_writes_no_last_pair_v2","successors":[1,2,3,4,5,16,16,16,9,10,11,12,13,14,15,16,16]}
{"case":2586,"call":0,"status":"budget","root":16,"steps":26,"normalized":4,"accounting":"full_successor_reads_writes_no_last_pair_v2","successors":[1,2,3,4,5,16,16,16,9,10,11,12,13,14,15,16,16]}
{"case":2587,"call":0,"status":"budget","root":16,"steps":27,"normalized":4,"accounting":"full_successor_reads_writes_no_last_pair_v2","successors":[1,2,3,4,5,16,16,16,16,10,11,12,13,14,15,16,16]}
{"case":2588,"call":0,"status":"budget","root":16,"steps":28,"normalized":4,"accounting":"full_successor_reads_writes_no_last_pair_v2","successors":[1,2,3,4,5,16,16,16,16,10,11,12,13,14,15,16,16]}
{"case":2589,"call":0,"status":"budget","root":16,"steps":29,"normalized":4,"accounting":"full_successor_reads_writes_no_last_pair_v2","successors":[1,2,3,4,5,16,16,16,16,16,11,12,13,14,15,16,16]}
{"case":2590,"call":0,"status":"budget","root":16,"steps":30,"normalized":4,"accounting":"full_successor_reads_writes_no_last_pair_v2","successors":[1,2,3,4,5,16,16,16,16,16,11,12,13,14,15,16,16]}
{"case":2591,"call":0,"status":"budget","root":16,"steps":31,"normalized":4,"accounting":"full_successor_reads_writes_no_last_pair_v2","successors":[1,2,3,4,5,16,16,16,16,16,16,12,13,14,15,16,16]}
{"case":2592,"call":0,"status":"budget","root":16,"steps":32,"normalized":4,"accounting":"full_successor_reads_writes_no_last_pair_v2","successors":[1,2,3,4,5,16,16,16,16,16,16,12,13,14,15,16,16]}
{"case":2593,"call":0,"status":"budget","root":16,"steps":33,"normalized":4,"accounting":"full_successor_reads_writes_no_last_pair_v2","successors":[1,2,3,4,5,16,16,16,16,16,16,16,13,14,15,16,16]}
{"case":2594,"call":0,"status":"budget","root":16,"steps":34,"normalized":4,"accounting":"full_successor_reads_writes_no_last_pair_v2","successors":[1,2,3,4,5,16,16,16,16,16,16,16,13,14,15,16,16]}
{"case":2595,"call":0,"status":"budget","root":16,"steps":35,"normalized":4,"accounting":"full_successor_reads_writes_no_last_pair_v2","successors":[1,2,3,4,5,16,16,16,16,16,16,16,16,14,15,16,16]}
{"case":2596,"call":0,"status":"budget","root":16,"steps":36,"normalized":4,"accounting":"full_successor_reads_writes_no_last_pair_v2","successors":[1,2,3,4,5,16,16,16,16,16,16,16,16,14,15,16,16]}
{"case":2597,"call":0,"status":"budget","root":16,"steps":37,"normalized":4,"accounting":"full_successor_reads_writes_no_last_pair_v2","successors":[1,2,3,4,5,16,16,16,16,16,16,16,16,16,15,16,16]}
{"case":2598,"call":0,"status":"budget","root":16,"steps":38,"normalized":4,"accounting":"full_successor_reads_writes_no_last_pair_v2","successors":[1,2,3,4,5,16,16,16,16,16,16,16,16,16,15,16,16]}
{"case":2599,"call":0,"status":"ok","root":16,"steps":39,"normalized":4,"accounting":"full_successor_reads_writes_no_last_pair_v2","successors":[1,2,3,4,5,16,16,16,16,16,16,16,16,16,16,16,16]}
{"case":2600,"call":0,"status":"ok","root":16,"steps":39,"normalized":4,"accounting":"full_successor_reads_writes_no_last_pair_v2","successors":[1,2,3,4,5,16,16,16,16,16,16,16,16,16,16,16,16]}
{"case":2601,"call":0,"status":"budget","root":5,"steps":18446744073709551582,"normalized":18446744073709551581,"accounting":"full_successor_reads_writes_no_last_pair_v2","successors":[1,2,3,4,5,6,7,8,9,10,11,12,13,14,15,16,16]}
{"case":2602,"call":0,"status":"budget","root":6,"steps":18446744073709551583,"normalized":18446744073709551581,"accounting":"full_successor_reads_writes_no_last_pair_v2","successors":[1,2,3,4,5,6,7,8,9,10,11,12,13,14,15,16,16]}
{"case":2603,"call":0,"status":"budget","root":7,"steps":18446744073709551584,"normalized":18446744073709551581,"accounting":"full_successor_reads_writes_no_last_pair_v2","successors":[1,2,3,4,5,6,7,8,9,10,11,12,13,14,15,16,16]}
{"case":2604,"call":0,"status":"budget","root":8,"steps":18446744073709551585,"normalized":18446744073709551581,"accounting":"full_successor_reads_writes_no_last_pair_v2","successors":[1,2,3,4,5,6,7,8,9,10,11,12,13,14,15,16,16]}
{"case":2605,"call":0,"status":"budget","root":9,"steps":18446744073709551586,"normalized":18446744073709551581,"accounting":"full_successor_reads_writes_no_last_pair_v2","successors":[1,2,3,4,5,6,7,8,9,10,11,12,13,14,15,16,16]}
{"case":2606,"call":0,"status":"budget","root":10,"steps":18446744073709551587,"normalized":18446744073709551581,"accounting":"full_successor_reads_writes_no_last_pair_v2","successors":[1,2,3,4,5,6,7,8,9,10,11,12,13,14,15,16,16]}
{"case":2607,"call":0,"status":"budget","root":11,"steps":18446744073709551588,"normalized":18446744073709551581,"accounting":"full_successor_reads_writes_no_last_pair_v2","successors":[1,2,3,4,5,6,7,8,9,10,11,12,13,14,15,16,16]}
{"case":2608,"call":0,"status":"budget","root":12,"steps":18446744073709551589,"normalized":18446744073709551581,"accounting":"full_successor_reads_writes_no_last_pair_v2","successors":[1,2,3,4,5,6,7,8,9,10,11,12,13,14,15,16,16]}
{"case":2609,"call":0,"status":"budget","root":13,"steps":18446744073709551590,"normalized":18446744073709551581,"accounting":"full_successor_reads_writes_no_last_pair_v2","successors":[1,2,3,4,5,6,7,8,9,10,11,12,13,14,15,16,16]}
{"case":2610,"call":0,"status":"budget","root":14,"steps":18446744073709551591,"normalized":18446744073709551581,"accounting":"full_successor_reads_writes_no_last_pair_v2","successors":[1,2,3,4,5,6,7,8,9,10,11,12,13,14,15,16,16]}
{"case":2611,"call":0,"status":"budget","root":15,"steps":18446744073709551592,"normalized":18446744073709551581,"accounting":"full_successor_reads_writes_no_last_pair_v2","successors":[1,2,3,4,5,6,7,8,9,10,11,12,13,14,15,16,16]}
{"case":2612,"call":0,"status":"budget","root":16,"steps":18446744073709551593,"normalized":18446744073709551581,"accounting":"full_successor_reads_writes_no_last_pair_v2","successors":[1,2,3,4,5,6,7,8,9,10,11,12,13,14,15,16,16]}
{"case":2613,"call":0,"status":"budget","root":16,"steps":18446744073709551594,"normalized":18446744073709551582,"accounting":"full_successor_reads_writes_no_last_pair_v2","successors":[1,2,3,4,5,6,7,8,9,10,11,12,13,14,15,16,16]}
{"case":2614,"call":0,"status":"budget","root":16,"steps":18446744073709551595,"normalized":18446744073709551582,"accounting":"full_successor_reads_writes_no_last_pair_v2","successors":[1,2,3,4,5,6,7,8,9,10,11,12,13,14,15,16,16]}
{"case":2615,"call":0,"status":"budget","root":16,"steps":18446744073709551596,"normalized":18446744073709551582,"accounting":"full_successor_reads_writes_no_last_pair_v2","successors":[1,2,3,4,5,16,7,8,9,10,11,12,13,14,15,16,16]}
{"case":2616,"call":0,"status":"budget","root":16,"steps":18446744073709551597,"normalized":18446744073709551582,"accounting":"full_successor_reads_writes_no_last_pair_v2","successors":[1,2,3,4,5,16,7,8,9,10,11,12,13,14,15,16,16]}
{"case":2617,"call":0,"status":"budget","root":16,"steps":18446744073709551598,"normalized":18446744073709551582,"accounting":"full_successor_reads_writes_no_last_pair_v2","successors":[1,2,3,4,5,16,16,8,9,10,11,12,13,14,15,16,16]}
{"case":2618,"call":0,"status":"budget","root":16,"steps":18446744073709551599,"normalized":18446744073709551582,"accounting":"full_successor_reads_writes_no_last_pair_v2","successors":[1,2,3,4,5,16,16,8,9,10,11,12,13,14,15,16,16]}
{"case":2619,"call":0,"status":"budget","root":16,"steps":18446744073709551600,"normalized":18446744073709551582,"accounting":"full_successor_reads_writes_no_last_pair_v2","successors":[1,2,3,4,5,16,16,16,9,10,11,12,13,14,15,16,16]}
{"case":2620,"call":0,"status":"budget","root":16,"steps":18446744073709551601,"normalized":18446744073709551582,"accounting":"full_successor_reads_writes_no_last_pair_v2","successors":[1,2,3,4,5,16,16,16,9,10,11,12,13,14,15,16,16]}
{"case":2621,"call":0,"status":"budget","root":16,"steps":18446744073709551602,"normalized":18446744073709551582,"accounting":"full_successor_reads_writes_no_last_pair_v2","successors":[1,2,3,4,5,16,16,16,16,10,11,12,13,14,15,16,16]}
{"case":2622,"call":0,"status":"budget","root":16,"steps":18446744073709551603,"normalized":18446744073709551582,"accounting":"full_successor_reads_writes_no_last_pair_v2","successors":[1,2,3,4,5,16,16,16,16,10,11,12,13,14,15,16,16]}
{"case":2623,"call":0,"status":"budget","root":16,"steps":18446744073709551604,"normalized":18446744073709551582,"accounting":"full_successor_reads_writes_no_last_pair_v2","successors":[1,2,3,4,5,16,16,16,16,16,11,12,13,14,15,16,16]}
{"case":2624,"call":0,"status":"budget","root":16,"steps":18446744073709551605,"normalized":18446744073709551582,"accounting":"full_successor_reads_writes_no_last_pair_v2","successors":[1,2,3,4,5,16,16,16,16,16,11,12,13,14,15,16,16]}
{"case":2625,"call":0,"status":"budget","root":16,"steps":18446744073709551606,"normalized":18446744073709551582,"accounting":"full_successor_reads_writes_no_last_pair_v2","successors":[1,2,3,4,5,16,16,16,16,16,16,12,13,14,15,16,16]}
{"case":2626,"call":0,"status":"budget","root":16,"steps":18446744073709551607,"normalized":18446744073709551582,"accounting":"full_successor_reads_writes_no_last_pair_v2","successors":[1,2,3,4,5,16,16,16,16,16,16,12,13,14,15,16,16]}
{"case":2627,"call":0,"status":"budget","root":16,"steps":18446744073709551608,"normalized":18446744073709551582,"accounting":"full_successor_reads_writes_no_last_pair_v2","successors":[1,2,3,4,5,16,16,16,16,16,16,16,13,14,15,16,16]}
{"case":2628,"call":0,"status":"budget","root":16,"steps":18446744073709551609,"normalized":18446744073709551582,"accounting":"full_successor_reads_writes_no_last_pair_v2","successors":[1,2,3,4,5,16,16,16,16,16,16,16,13,14,15,16,16]}
{"case":2629,"call":0,"status":"budget","root":16,"steps":18446744073709551610,"normalized":18446744073709551582,"accounting":"full_successor_reads_writes_no_last_pair_v2","successors":[1,2,3,4,5,16,16,16,16,16,16,16,16,14,15,16,16]}
{"case":2630,"call":0,"status":"budget","root":16,"steps":18446744073709551611,"normalized":18446744073709551582,"accounting":"full_successor_reads_writes_no_last_pair_v2","successors":[1,2,3,4,5,16,16,16,16,16,16,16,16,14,15,16,16]}
{"case":2631,"call":0,"status":"budget","root":16,"steps":18446744073709551612,"normalized":18446744073709551582,"accounting":"full_successor_reads_writes_no_last_pair_v2","successors":[1,2,3,4,5,16,16,16,16,16,16,16,16,16,15,16,16]}
{"case":2632,"call":0,"status":"budget","root":16,"steps":18446744073709551613,"normalized":18446744073709551582,"accounting":"full_successor_reads_writes_no_last_pair_v2","successors":[1,2,3,4,5,16,16,16,16,16,16,16,16,16,15,16,16]}
{"case":2633,"call":0,"status":"ok","root":16,"steps":18446744073709551614,"normalized":18446744073709551582,"accounting":"full_successor_reads_writes_no_last_pair_v2","successors":[1,2,3,4,5,16,16,16,16,16,16,16,16,16,16,16,16]}
{"case":2634,"call":0,"status":"ok","root":16,"steps":18446744073709551614,"normalized":18446744073709551582,"accounting":"full_successor_reads_writes_no_last_pair_v2","successors":[1,2,3,4,5,16,16,16,16,16,16,16,16,16,16,16,16]}
{"case":2635,"call":0,"status":"budget","root":5,"steps":11,"normalized":4,"accounting":"full_successor_reads_writes_no_last_pair_v2","successors":[1,2,3,4,5,6,7,8,9,10,11,12,13,14,15,16,16]}
{"case":2636,"call":0,"status":"budget","root":6,"steps":0,"normalized":0,"accounting":"full_successor_reads_writes_no_last_pair_v2","successors":[1,2,3,4,5,6,7,8,9,10,11,12,13,14,15,16,16]}
{"case":2637,"call":0,"status":"budget","root":7,"steps":1,"normalized":0,"accounting":"full_successor_reads_writes_no_last_pair_v2","successors":[1,2,3,4,5,6,7,8,9,10,11,12,13,14,15,16,16]}
{"case":2638,"call":0,"status":"budget","root":8,"steps":2,"normalized":0,"accounting":"full_successor_reads_writes_no_last_pair_v2","successors":[1,2,3,4,5,6,7,8,9,10,11,12,13,14,15,16,16]}
{"case":2639,"call":0,"status":"budget","root":9,"steps":3,"normalized":0,"accounting":"full_successor_reads_writes_no_last_pair_v2","successors":[1,2,3,4,5,6,7,8,9,10,11,12,13,14,15,16,16]}
{"case":2640,"call":0,"status":"budget","root":10,"steps":4,"normalized":0,"accounting":"full_successor_reads_writes_no_last_pair_v2","successors":[1,2,3,4,5,6,7,8,9,10,11,12,13,14,15,16,16]}
{"case":2641,"call":0,"status":"budget","root":11,"steps":5,"normalized":0,"accounting":"full_successor_reads_writes_no_last_pair_v2","successors":[1,2,3,4,5,6,7,8,9,10,11,12,13,14,15,16,16]}
{"case":2642,"call":0,"status":"budget","root":12,"steps":6,"normalized":0,"accounting":"full_successor_reads_writes_no_last_pair_v2","successors":[1,2,3,4,5,6,7,8,9,10,11,12,13,14,15,16,16]}
{"case":2643,"call":0,"status":"budget","root":13,"steps":7,"normalized":0,"accounting":"full_successor_reads_writes_no_last_pair_v2","successors":[1,2,3,4,5,6,7,8,9,10,11,12,13,14,15,16,16]}
{"case":2644,"call":0,"status":"budget","root":14,"steps":8,"normalized":0,"accounting":"full_successor_reads_writes_no_last_pair_v2","successors":[1,2,3,4,5,6,7,8,9,10,11,12,13,14,15,16,16]}
{"case":2645,"call":0,"status":"budget","root":15,"steps":9,"normalized":0,"accounting":"full_successor_reads_writes_no_last_pair_v2","successors":[1,2,3,4,5,6,7,8,9,10,11,12,13,14,15,16,16]}
{"case":2646,"call":0,"status":"budget","root":16,"steps":10,"normalized":0,"accounting":"full_successor_reads_writes_no_last_pair_v2","successors":[1,2,3,4,5,6,7,8,9,10,11,12,13,14,15,16,16]}
{"case":2647,"call":0,"status":"budget","root":16,"steps":11,"normalized":1,"accounting":"full_successor_reads_writes_no_last_pair_v2","successors":[1,2,3,4,5,6,7,8,9,10,11,12,13,14,15,16,16]}
{"case":2648,"call":0,"status":"budget","root":16,"steps":12,"normalized":1,"accounting":"full_successor_reads_writes_no_last_pair_v2","successors":[1,2,3,4,5,6,7,8,9,10,11,12,13,14,15,16,16]}
{"case":2649,"call":0,"status":"budget","root":16,"steps":13,"normalized":1,"accounting":"full_successor_reads_writes_no_last_pair_v2","successors":[1,2,3,4,5,6,16,8,9,10,11,12,13,14,15,16,16]}
{"case":2650,"call":0,"status":"budget","root":16,"steps":14,"normalized":1,"accounting":"full_successor_reads_writes_no_last_pair_v2","successors":[1,2,3,4,5,6,16,8,9,10,11,12,13,14,15,16,16]}
{"case":2651,"call":0,"status":"budget","root":16,"steps":15,"normalized":1,"accounting":"full_successor_reads_writes_no_last_pair_v2","successors":[1,2,3,4,5,6,16,16,9,10,11,12,13,14,15,16,16]}
{"case":2652,"call":0,"status":"budget","root":16,"steps":16,"normalized":1,"accounting":"full_successor_reads_writes_no_last_pair_v2","successors":[1,2,3,4,5,6,16,16,9,10,11,12,13,14,15,16,16]}
{"case":2653,"call":0,"status":"budget","root":16,"steps":17,"normalized":1,"accounting":"full_successor_reads_writes_no_last_pair_v2","successors":[1,2,3,4,5,6,16,16,16,10,11,12,13,14,15,16,16]}
{"case":2654,"call":0,"status":"budget","root":16,"steps":18,"normalized":1,"accounting":"full_successor_reads_writes_no_last_pair_v2","successors":[1,2,3,4,5,6,16,16,16,10,11,12,13,14,15,16,16]}
{"case":2655,"call":0,"status":"budget","root":16,"steps":19,"normalized":1,"accounting":"full_successor_reads_writes_no_last_pair_v2","successors":[1,2,3,4,5,6,16,16,16,16,11,12,13,14,15,16,16]}
{"case":2656,"call":0,"status":"budget","root":16,"steps":20,"normalized":1,"accounting":"full_successor_reads_writes_no_last_pair_v2","successors":[1,2,3,4,5,6,16,16,16,16,11,12,13,14,15,16,16]}
{"case":2657,"call":0,"status":"budget","root":16,"steps":21,"normalized":1,"accounting":"full_successor_reads_writes_no_last_pair_v2","successors":[1,2,3,4,5,6,16,16,16,16,16,12,13,14,15,16,16]}
{"case":2658,"call":0,"status":"budget","root":16,"steps":22,"normalized":1,"accounting":"full_successor_reads_writes_no_last_pair_v2","successors":[1,2,3,4,5,6,16,16,16,16,16,12,13,14,15,16,16]}
{"case":2659,"call":0,"status":"budget","root":16,"steps":23,"normalized":1,"accounting":"full_successor_reads_writes_no_last_pair_v2","successors":[1,2,3,4,5,6,16,16,16,16,16,16,13,14,15,16,16]}
{"case":2660,"call":0,"status":"budget","root":16,"steps":24,"normalized":1,"accounting":"full_successor_reads_writes_no_last_pair_v2","successors":[1,2,3,4,5,6,16,16,16,16,16,16,13,14,15,16,16]}
{"case":2661,"call":0,"status":"budget","root":16,"steps":25,"normalized":1,"accounting":"full_successor_reads_writes_no_last_pair_v2","successors":[1,2,3,4,5,6,16,16,16,16,16,16,16,14,15,16,16]}
{"case":2662,"call":0,"status":"budget","root":16,"steps":26,"normalized":1,"accounting":"full_successor_reads_writes_no_last_pair_v2","successors":[1,2,3,4,5,6,16,16,16,16,16,16,16,14,15,16,16]}
{"case":2663,"call":0,"status":"budget","root":16,"steps":27,"normalized":1,"accounting":"full_successor_reads_writes_no_last_pair_v2","successors":[1,2,3,4,5,6,16,16,16,16,16,16,16,16,15,16,16]}
{"case":2664,"call":0,"status":"budget","root":16,"steps":28,"normalized":1,"accounting":"full_successor_reads_writes_no_last_pair_v2","successors":[1,2,3,4,5,6,16,16,16,16,16,16,16,16,15,16,16]}
{"case":2665,"call":0,"status":"ok","root":16,"steps":29,"normalized":1,"accounting":"full_successor_reads_writes_no_last_pair_v2","successors":[1,2,3,4,5,6,16,16,16,16,16,16,16,16,16,16,16]}
{"case":2666,"call":0,"status":"ok","root":16,"steps":29,"normalized":1,"accounting":"full_successor_reads_writes_no_last_pair_v2","successors":[1,2,3,4,5,6,16,16,16,16,16,16,16,16,16,16,16]}
{"case":2667,"call":0,"status":"budget","root":6,"steps":7,"normalized":3,"accounting":"full_successor_reads_writes_no_last_pair_v2","successors":[1,2,3,4,5,6,7,8,9,10,11,12,13,14,15,16,16]}
{"case":2668,"call":0,"status":"budget","root":7,"steps":8,"normalized":3,"accounting":"full_successor_reads_writes_no_last_pair_v2","successors":[1,2,3,4,5,6,7,8,9,10,11,12,13,14,15,16,16]}
{"case":2669,"call":0,"status":"budget","root":8,"steps":9,"normalized":3,"accounting":"full_successor_reads_writes_no_last_pair_v2","successors":[1,2,3,4,5,6,7,8,9,10,11,12,13,14,15,16,16]}
{"case":2670,"call":0,"status":"budget","root":9,"steps":10,"normalized":3,"accounting":"full_successor_reads_writes_no_last_pair_v2","successors":[1,2,3,4,5,6,7,8,9,10,11,12,13,14,15,16,16]}
{"case":2671,"call":0,"status":"budget","root":10,"steps":11,"normalized":3,"accounting":"full_successor_reads_writes_no_last_pair_v2","successors":[1,2,3,4,5,6,7,8,9,10,11,12,13,14,15,16,16]}
{"case":2672,"call":0,"status":"budget","root":11,"steps":12,"normalized":3,"accounting":"full_successor_reads_writes_no_last_pair_v2","successors":[1,2,3,4,5,6,7,8,9,10,11,12,13,14,15,16,16]}
{"case":2673,"call":0,"status":"budget","root":12,"steps":13,"normalized":3,"accounting":"full_successor_reads_writes_no_last_pair_v2","successors":[1,2,3,4,5,6,7,8,9,10,11,12,13,14,15,16,16]}
{"case":2674,"call":0,"status":"budget","root":13,"steps":14,"normalized":3,"accounting":"full_successor_reads_writes_no_last_pair_v2","successors":[1,2,3,4,5,6,7,8,9,10,11,12,13,14,15,16,16]}
{"case":2675,"call":0,"status":"budget","root":14,"steps":15,"normalized":3,"accounting":"full_successor_reads_writes_no_last_pair_v2","successors":[1,2,3,4,5,6,7,8,9,10,11,12,13,14,15,16,16]}
{"case":2676,"call":0,"status":"budget","root":15,"steps":16,"normalized":3,"accounting":"full_successor_reads_writes_no_last_pair_v2","successors":[1,2,3,4,5,6,7,8,9,10,11,12,13,14,15,16,16]}
{"case":2677,"call":0,"status":"budget","root":16,"steps":17,"normalized":3,"accounting":"full_successor_reads_writes_no_last_pair_v2","successors":[1,2,3,4,5,6,7,8,9,10,11,12,13,14,15,16,16]}
{"case":2678,"call":0,"status":"budget","root":16,"steps":18,"normalized":4,"accounting":"full_successor_reads_writes_no_last_pair_v2","successors":[1,2,3,4,5,6,7,8,9,10,11,12,13,14,15,16,16]}
{"case":2679,"call":0,"status":"budget","root":16,"steps":19,"normalized":4,"accounting":"full_successor_reads_writes_no_last_pair_v2","successors":[1,2,3,4,5,6,7,8,9,10,11,12,13,14,15,16,16]}
{"case":2680,"call":0,"status":"budget","root":16,"steps":20,"normalized":4,"accounting":"full_successor_reads_writes_no_last_pair_v2","successors":[1,2,3,4,5,6,16,8,9,10,11,12,13,14,15,16,16]}
{"case":2681,"call":0,"status":"budget","root":16,"steps":21,"normalized":4,"accounting":"full_successor_reads_writes_no_last_pair_v2","successors":[1,2,3,4,5,6,16,8,9,10,11,12,13,14,15,16,16]}
{"case":2682,"call":0,"status":"budget","root":16,"steps":22,"normalized":4,"accounting":"full_successor_reads_writes_no_last_pair_v2","successors":[1,2,3,4,5,6,16,16,9,10,11,12,13,14,15,16,16]}
{"case":2683,"call":0,"status":"budget","root":16,"steps":23,"normalized":4,"accounting":"full_successor_reads_writes_no_last_pair_v2","successors":[1,2,3,4,5,6,16,16,9,10,11,12,13,14,15,16,16]}
{"case":2684,"call":0,"status":"budget","root":16,"steps":24,"normalized":4,"accounting":"full_successor_reads_writes_no_last_pair_v2","successors":[1,2,3,4,5,6,16,16,16,10,11,12,13,14,15,16,16]}
{"case":2685,"call":0,"status":"budget","root":16,"steps":25,"normalized":4,"accounting":"full_successor_reads_writes_no_last_pair_v2","successors":[1,2,3,4,5,6,16,16,16,10,11,12,13,14,15,16,16]}
{"case":2686,"call":0,"status":"budget","root":16,"steps":26,"normalized":4,"accounting":"full_successor_reads_writes_no_last_pair_v2","successors":[1,2,3,4,5,6,16,16,16,16,11,12,13,14,15,16,16]}
{"case":2687,"call":0,"status":"budget","root":16,"steps":27,"normalized":4,"accounting":"full_successor_reads_writes_no_last_pair_v2","successors":[1,2,3,4,5,6,16,16,16,16,11,12,13,14,15,16,16]}
{"case":2688,"call":0,"status":"budget","root":16,"steps":28,"normalized":4,"accounting":"full_successor_reads_writes_no_last_pair_v2","successors":[1,2,3,4,5,6,16,16,16,16,16,12,13,14,15,16,16]}
{"case":2689,"call":0,"status":"budget","root":16,"steps":29,"normalized":4,"accounting":"full_successor_reads_writes_no_last_pair_v2","successors":[1,2,3,4,5,6,16,16,16,16,16,12,13,14,15,16,16]}
{"case":2690,"call":0,"status":"budget","root":16,"steps":30,"normalized":4,"accounting":"full_successor_reads_writes_no_last_pair_v2","successors":[1,2,3,4,5,6,16,16,16,16,16,16,13,14,15,16,16]}
{"case":2691,"call":0,"status":"budget","root":16,"steps":31,"normalized":4,"accounting":"full_successor_reads_writes_no_last_pair_v2","successors":[1,2,3,4,5,6,16,16,16,16,16,16,13,14,15,16,16]}
{"case":2692,"call":0,"status":"budget","root":16,"steps":32,"normalized":4,"accounting":"full_successor_reads_writes_no_last_pair_v2","successors":[1,2,3,4,5,6,16,16,16,16,16,16,16,14,15,16,16]}
{"case":2693,"call":0,"status":"budget","root":16,"steps":33,"normalized":4,"accounting":"full_successor_reads_writes_no_last_pair_v2","successors":[1,2,3,4,5,6,16,16,16,16,16,16,16,14,15,16,16]}
{"case":2694,"call":0,"status":"budget","root":16,"steps":34,"normalized":4,"accounting":"full_successor_reads_writes_no_last_pair_v2","successors":[1,2,3,4,5,6,16,16,16,16,16,16,16,16,15,16,16]}
{"case":2695,"call":0,"status":"budget","root":16,"steps":35,"normalized":4,"accounting":"full_successor_reads_writes_no_last_pair_v2","successors":[1,2,3,4,5,6,16,16,16,16,16,16,16,16,15,16,16]}
{"case":2696,"call":0,"status":"ok","root":16,"steps":36,"normalized":4,"accounting":"full_successor_reads_writes_no_last_pair_v2","successors":[1,2,3,4,5,6,16,16,16,16,16,16,16,16,16,16,16]}
{"case":2697,"call":0,"status":"ok","root":16,"steps":36,"normalized":4,"accounting":"full_successor_reads_writes_no_last_pair_v2","successors":[1,2,3,4,5,6,16,16,16,16,16,16,16,16,16,16,16]}
{"case":2698,"call":0,"status":"budget","root":6,"steps":18446744073709551585,"normalized":18446744073709551584,"accounting":"full_successor_reads_writes_no_last_pair_v2","successors":[1,2,3,4,5,6,7,8,9,10,11,12,13,14,15,16,16]}
{"case":2699,"call":0,"status":"budget","root":7,"steps":18446744073709551586,"normalized":18446744073709551584,"accounting":"full_successor_reads_writes_no_last_pair_v2","successors":[1,2,3,4,5,6,7,8,9,10,11,12,13,14,15,16,16]}
{"case":2700,"call":0,"status":"budget","root":8,"steps":18446744073709551587,"normalized":18446744073709551584,"accounting":"full_successor_reads_writes_no_last_pair_v2","successors":[1,2,3,4,5,6,7,8,9,10,11,12,13,14,15,16,16]}
{"case":2701,"call":0,"status":"budget","root":9,"steps":18446744073709551588,"normalized":18446744073709551584,"accounting":"full_successor_reads_writes_no_last_pair_v2","successors":[1,2,3,4,5,6,7,8,9,10,11,12,13,14,15,16,16]}
{"case":2702,"call":0,"status":"budget","root":10,"steps":18446744073709551589,"normalized":18446744073709551584,"accounting":"full_successor_reads_writes_no_last_pair_v2","successors":[1,2,3,4,5,6,7,8,9,10,11,12,13,14,15,16,16]}
{"case":2703,"call":0,"status":"budget","root":11,"steps":18446744073709551590,"normalized":18446744073709551584,"accounting":"full_successor_reads_writes_no_last_pair_v2","successors":[1,2,3,4,5,6,7,8,9,10,11,12,13,14,15,16,16]}
{"case":2704,"call":0,"status":"budget","root":12,"steps":18446744073709551591,"normalized":18446744073709551584,"accounting":"full_successor_reads_writes_no_last_pair_v2","successors":[1,2,3,4,5,6,7,8,9,10,11,12,13,14,15,16,16]}
{"case":2705,"call":0,"status":"budget","root":13,"steps":18446744073709551592,"normalized":18446744073709551584,"accounting":"full_successor_reads_writes_no_last_pair_v2","successors":[1,2,3,4,5,6,7,8,9,10,11,12,13,14,15,16,16]}
{"case":2706,"call":0,"status":"budget","root":14,"steps":18446744073709551593,"normalized":18446744073709551584,"accounting":"full_successor_reads_writes_no_last_pair_v2","successors":[1,2,3,4,5,6,7,8,9,10,11,12,13,14,15,16,16]}
{"case":2707,"call":0,"status":"budget","root":15,"steps":18446744073709551594,"normalized":18446744073709551584,"accounting":"full_successor_reads_writes_no_last_pair_v2","successors":[1,2,3,4,5,6,7,8,9,10,11,12,13,14,15,16,16]}
{"case":2708,"call":0,"status":"budget","root":16,"steps":18446744073709551595,"normalized":18446744073709551584,"accounting":"full_successor_reads_writes_no_last_pair_v2","successors":[1,2,3,4,5,6,7,8,9,10,11,12,13,14,15,16,16]}
{"case":2709,"call":0,"status":"budget","root":16,"steps":18446744073709551596,"normalized":18446744073709551585,"accounting":"full_successor_reads_writes_no_last_pair_v2","successors":[1,2,3,4,5,6,7,8,9,10,11,12,13,14,15,16,16]}
{"case":2710,"call":0,"status":"budget","root":16,"steps":18446744073709551597,"normalized":18446744073709551585,"accounting":"full_successor_reads_writes_no_last_pair_v2","successors":[1,2,3,4,5,6,7,8,9,10,11,12,13,14,15,16,16]}
{"case":2711,"call":0,"status":"budget","root":16,"steps":18446744073709551598,"normalized":18446744073709551585,"accounting":"full_successor_reads_writes_no_last_pair_v2","successors":[1,2,3,4,5,6,16,8,9,10,11,12,13,14,15,16,16]}
{"case":2712,"call":0,"status":"budget","root":16,"steps":18446744073709551599,"normalized":18446744073709551585,"accounting":"full_successor_reads_writes_no_last_pair_v2","successors":[1,2,3,4,5,6,16,8,9,10,11,12,13,14,15,16,16]}
{"case":2713,"call":0,"status":"budget","root":16,"steps":18446744073709551600,"normalized":18446744073709551585,"accounting":"full_successor_reads_writes_no_last_pair_v2","successors":[1,2,3,4,5,6,16,16,9,10,11,12,13,14,15,16,16]}
{"case":2714,"call":0,"status":"budget","root":16,"steps":18446744073709551601,"normalized":18446744073709551585,"accounting":"full_successor_reads_writes_no_last_pair_v2","successors":[1,2,3,4,5,6,16,16,9,10,11,12,13,14,15,16,16]}
{"case":2715,"call":0,"status":"budget","root":16,"steps":18446744073709551602,"normalized":18446744073709551585,"accounting":"full_successor_reads_writes_no_last_pair_v2","successors":[1,2,3,4,5,6,16,16,16,10,11,12,13,14,15,16,16]}
{"case":2716,"call":0,"status":"budget","root":16,"steps":18446744073709551603,"normalized":18446744073709551585,"accounting":"full_successor_reads_writes_no_last_pair_v2","successors":[1,2,3,4,5,6,16,16,16,10,11,12,13,14,15,16,16]}
{"case":2717,"call":0,"status":"budget","root":16,"steps":18446744073709551604,"normalized":18446744073709551585,"accounting":"full_successor_reads_writes_no_last_pair_v2","successors":[1,2,3,4,5,6,16,16,16,16,11,12,13,14,15,16,16]}
{"case":2718,"call":0,"status":"budget","root":16,"steps":18446744073709551605,"normalized":18446744073709551585,"accounting":"full_successor_reads_writes_no_last_pair_v2","successors":[1,2,3,4,5,6,16,16,16,16,11,12,13,14,15,16,16]}
{"case":2719,"call":0,"status":"budget","root":16,"steps":18446744073709551606,"normalized":18446744073709551585,"accounting":"full_successor_reads_writes_no_last_pair_v2","successors":[1,2,3,4,5,6,16,16,16,16,16,12,13,14,15,16,16]}
{"case":2720,"call":0,"status":"budget","root":16,"steps":18446744073709551607,"normalized":18446744073709551585,"accounting":"full_successor_reads_writes_no_last_pair_v2","successors":[1,2,3,4,5,6,16,16,16,16,16,12,13,14,15,16,16]}
{"case":2721,"call":0,"status":"budget","root":16,"steps":18446744073709551608,"normalized":18446744073709551585,"accounting":"full_successor_reads_writes_no_last_pair_v2","successors":[1,2,3,4,5,6,16,16,16,16,16,16,13,14,15,16,16]}
{"case":2722,"call":0,"status":"budget","root":16,"steps":18446744073709551609,"normalized":18446744073709551585,"accounting":"full_successor_reads_writes_no_last_pair_v2","successors":[1,2,3,4,5,6,16,16,16,16,16,16,13,14,15,16,16]}
{"case":2723,"call":0,"status":"budget","root":16,"steps":18446744073709551610,"normalized":18446744073709551585,"accounting":"full_successor_reads_writes_no_last_pair_v2","successors":[1,2,3,4,5,6,16,16,16,16,16,16,16,14,15,16,16]}
{"case":2724,"call":0,"status":"budget","root":16,"steps":18446744073709551611,"normalized":18446744073709551585,"accounting":"full_successor_reads_writes_no_last_pair_v2","successors":[1,2,3,4,5,6,16,16,16,16,16,16,16,14,15,16,16]}
{"case":2725,"call":0,"status":"budget","root":16,"steps":18446744073709551612,"normalized":18446744073709551585,"accounting":"full_successor_reads_writes_no_last_pair_v2","successors":[1,2,3,4,5,6,16,16,16,16,16,16,16,16,15,16,16]}
{"case":2726,"call":0,"status":"budget","root":16,"steps":18446744073709551613,"normalized":18446744073709551585,"accounting":"full_successor_reads_writes_no_last_pair_v2","successors":[1,2,3,4,5,6,16,16,16,16,16,16,16,16,15,16,16]}
{"case":2727,"call":0,"status":"ok","root":16,"steps":18446744073709551614,"normalized":18446744073709551585,"accounting":"full_successor_reads_writes_no_last_pair_v2","successors":[1,2,3,4,5,6,16,16,16,16,16,16,16,16,16,16,16]}
{"case":2728,"call":0,"status":"ok","root":16,"steps":18446744073709551614,"normalized":18446744073709551585,"accounting":"full_successor_reads_writes_no_last_pair_v2","successors":[1,2,3,4,5,6,16,16,16,16,16,16,16,16,16,16,16]}
{"case":2729,"call":0,"status":"budget","root":6,"steps":11,"normalized":4,"accounting":"full_successor_reads_writes_no_last_pair_v2","successors":[1,2,3,4,5,6,7,8,9,10,11,12,13,14,15,16,16]}
{"case":2730,"call":0,"status":"budget","root":7,"steps":0,"normalized":0,"accounting":"full_successor_reads_writes_no_last_pair_v2","successors":[1,2,3,4,5,6,7,8,9,10,11,12,13,14,15,16,16]}
{"case":2731,"call":0,"status":"budget","root":8,"steps":1,"normalized":0,"accounting":"full_successor_reads_writes_no_last_pair_v2","successors":[1,2,3,4,5,6,7,8,9,10,11,12,13,14,15,16,16]}
{"case":2732,"call":0,"status":"budget","root":9,"steps":2,"normalized":0,"accounting":"full_successor_reads_writes_no_last_pair_v2","successors":[1,2,3,4,5,6,7,8,9,10,11,12,13,14,15,16,16]}
{"case":2733,"call":0,"status":"budget","root":10,"steps":3,"normalized":0,"accounting":"full_successor_reads_writes_no_last_pair_v2","successors":[1,2,3,4,5,6,7,8,9,10,11,12,13,14,15,16,16]}
{"case":2734,"call":0,"status":"budget","root":11,"steps":4,"normalized":0,"accounting":"full_successor_reads_writes_no_last_pair_v2","successors":[1,2,3,4,5,6,7,8,9,10,11,12,13,14,15,16,16]}
{"case":2735,"call":0,"status":"budget","root":12,"steps":5,"normalized":0,"accounting":"full_successor_reads_writes_no_last_pair_v2","successors":[1,2,3,4,5,6,7,8,9,10,11,12,13,14,15,16,16]}
{"case":2736,"call":0,"status":"budget","root":13,"steps":6,"normalized":0,"accounting":"full_successor_reads_writes_no_last_pair_v2","successors":[1,2,3,4,5,6,7,8,9,10,11,12,13,14,15,16,16]}
{"case":2737,"call":0,"status":"budget","root":14,"steps":7,"normalized":0,"accounting":"full_successor_reads_writes_no_last_pair_v2","successors":[1,2,3,4,5,6,7,8,9,10,11,12,13,14,15,16,16]}
{"case":2738,"call":0,"status":"budget","root":15,"steps":8,"normalized":0,"accounting":"full_successor_reads_writes_no_last_pair_v2","successors":[1,2,3,4,5,6,7,8,9,10,11,12,13,14,15,16,16]}
{"case":2739,"call":0,"status":"budget","root":16,"steps":9,"normalized":0,"accounting":"full_successor_reads_writes_no_last_pair_v2","successors":[1,2,3,4,5,6,7,8,9,10,11,12,13,14,15,16,16]}
{"case":2740,"call":0,"status":"budget","root":16,"steps":10,"normalized":1,"accounting":"full_successor_reads_writes_no_last_pair_v2","successors":[1,2,3,4,5,6,7,8,9,10,11,12,13,14,15,16,16]}
{"case":2741,"call":0,"status":"budget","root":16,"steps":11,"normalized":1,"accounting":"full_successor_reads_writes_no_last_pair_v2","successors":[1,2,3,4,5,6,7,8,9,10,11,12,13,14,15,16,16]}
{"case":2742,"call":0,"status":"budget","root":16,"steps":12,"normalized":1,"accounting":"full_successor_reads_writes_no_last_pair_v2","successors":[1,2,3,4,5,6,7,16,9,10,11,12,13,14,15,16,16]}
{"case":2743,"call":0,"status":"budget","root":16,"steps":13,"normalized":1,"accounting":"full_successor_reads_writes_no_last_pair_v2","successors":[1,2,3,4,5,6,7,16,9,10,11,12,13,14,15,16,16]}
{"case":2744,"call":0,"status":"budget","root":16,"steps":14,"normalized":1,"accounting":"full_successor_reads_writes_no_last_pair_v2","successors":[1,2,3,4,5,6,7,16,16,10,11,12,13,14,15,16,16]}
{"case":2745,"call":0,"status":"budget","root":16,"steps":15,"normalized":1,"accounting":"full_successor_reads_writes_no_last_pair_v2","successors":[1,2,3,4,5,6,7,16,16,10,11,12,13,14,15,16,16]}
{"case":2746,"call":0,"status":"budget","root":16,"steps":16,"normalized":1,"accounting":"full_successor_reads_writes_no_last_pair_v2","successors":[1,2,3,4,5,6,7,16,16,16,11,12,13,14,15,16,16]}
{"case":2747,"call":0,"status":"budget","root":16,"steps":17,"normalized":1,"accounting":"full_successor_reads_writes_no_last_pair_v2","successors":[1,2,3,4,5,6,7,16,16,16,11,12,13,14,15,16,16]}
{"case":2748,"call":0,"status":"budget","root":16,"steps":18,"normalized":1,"accounting":"full_successor_reads_writes_no_last_pair_v2","successors":[1,2,3,4,5,6,7,16,16,16,16,12,13,14,15,16,16]}
{"case":2749,"call":0,"status":"budget","root":16,"steps":19,"normalized":1,"accounting":"full_successor_reads_writes_no_last_pair_v2","successors":[1,2,3,4,5,6,7,16,16,16,16,12,13,14,15,16,16]}
{"case":2750,"call":0,"status":"budget","root":16,"steps":20,"normalized":1,"accounting":"full_successor_reads_writes_no_last_pair_v2","successors":[1,2,3,4,5,6,7,16,16,16,16,16,13,14,15,16,16]}
{"case":2751,"call":0,"status":"budget","root":16,"steps":21,"normalized":1,"accounting":"full_successor_reads_writes_no_last_pair_v2","successors":[1,2,3,4,5,6,7,16,16,16,16,16,13,14,15,16,16]}
{"case":2752,"call":0,"status":"budget","root":16,"steps":22,"normalized":1,"accounting":"full_successor_reads_writes_no_last_pair_v2","successors":[1,2,3,4,5,6,7,16,16,16,16,16,16,14,15,16,16]}
{"case":2753,"call":0,"status":"budget","root":16,"steps":23,"normalized":1,"accounting":"full_successor_reads_writes_no_last_pair_v2","successors":[1,2,3,4,5,6,7,16,16,16,16,16,16,14,15,16,16]}
{"case":2754,"call":0,"status":"budget","root":16,"steps":24,"normalized":1,"accounting":"full_successor_reads_writes_no_last_pair_v2","successors":[1,2,3,4,5,6,7,16,16,16,16,16,16,16,15,16,16]}
{"case":2755,"call":0,"status":"budget","root":16,"steps":25,"normalized":1,"accounting":"full_successor_reads_writes_no_last_pair_v2","successors":[1,2,3,4,5,6,7,16,16,16,16,16,16,16,15,16,16]}
{"case":2756,"call":0,"status":"ok","root":16,"steps":26,"normalized":1,"accounting":"full_successor_reads_writes_no_last_pair_v2","successors":[1,2,3,4,5,6,7,16,16,16,16,16,16,16,16,16,16]}
{"case":2757,"call":0,"status":"ok","root":16,"steps":26,"normalized":1,"accounting":"full_successor_reads_writes_no_last_pair_v2","successors":[1,2,3,4,5,6,7,16,16,16,16,16,16,16,16,16,16]}
{"case":2758,"call":0,"status":"budget","root":7,"steps":7,"normalized":3,"accounting":"full_successor_reads_writes_no_last_pair_v2","successors":[1,2,3,4,5,6,7,8,9,10,11,12,13,14,15,16,16]}
{"case":2759,"call":0,"status":"budget","root":8,"steps":8,"normalized":3,"accounting":"full_successor_reads_writes_no_last_pair_v2","successors":[1,2,3,4,5,6,7,8,9,10,11,12,13,14,15,16,16]}
{"case":2760,"call":0,"status":"budget","root":9,"steps":9,"normalized":3,"accounting":"full_successor_reads_writes_no_last_pair_v2","successors":[1,2,3,4,5,6,7,8,9,10,11,12,13,14,15,16,16]}
{"case":2761,"call":0,"status":"budget","root":10,"steps":10,"normalized":3,"accounting":"full_successor_reads_writes_no_last_pair_v2","successors":[1,2,3,4,5,6,7,8,9,10,11,12,13,14,15,16,16]}
{"case":2762,"call":0,"status":"budget","root":11,"steps":11,"normalized":3,"accounting":"full_successor_reads_writes_no_last_pair_v2","successors":[1,2,3,4,5,6,7,8,9,10,11,12,13,14,15,16,16]}
{"case":2763,"call":0,"status":"budget","root":12,"steps":12,"normalized":3,"accounting":"full_successor_reads_writes_no_last_pair_v2","successors":[1,2,3,4,5,6,7,8,9,10,11,12,13,14,15,16,16]}
{"case":2764,"call":0,"status":"budget","root":13,"steps":13,"normalized":3,"accounting":"full_successor_reads_writes_no_last_pair_v2","successors":[1,2,3,4,5,6,7,8,9,10,11,12,13,14,15,16,16]}
{"case":2765,"call":0,"status":"budget","root":14,"steps":14,"normalized":3,"accounting":"full_successor_reads_writes_no_last_pair_v2","successors":[1,2,3,4,5,6,7,8,9,10,11,12,13,14,15,16,16]}
{"case":2766,"call":0,"status":"budget","root":15,"steps":15,"normalized":3,"accounting":"full_successor_reads_writes_no_last_pair_v2","successors":[1,2,3,4,5,6,7,8,9,10,11,12,13,14,15,16,16]}
{"case":2767,"call":0,"status":"budget","root":16,"steps":16,"normalized":3,"accounting":"full_successor_reads_writes_no_last_pair_v2","successors":[1,2,3,4,5,6,7,8,9,10,11,12,13,14,15,16,16]}
{"case":2768,"call":0,"status":"budget","root":16,"steps":17,"normalized":4,"accounting":"full_successor_reads_writes_no_last_pair_v2","successors":[1,2,3,4,5,6,7,8,9,10,11,12,13,14,15,16,16]}
{"case":2769,"call":0,"status":"budget","root":16,"steps":18,"normalized":4,"accounting":"full_successor_reads_writes_no_last_pair_v2","successors":[1,2,3,4,5,6,7,8,9,10,11,12,13,14,15,16,16]}
{"case":2770,"call":0,"status":"budget","root":16,"steps":19,"normalized":4,"accounting":"full_successor_reads_writes_no_last_pair_v2","successors":[1,2,3,4,5,6,7,16,9,10,11,12,13,14,15,16,16]}
{"case":2771,"call":0,"status":"budget","root":16,"steps":20,"normalized":4,"accounting":"full_successor_reads_writes_no_last_pair_v2","successors":[1,2,3,4,5,6,7,16,9,10,11,12,13,14,15,16,16]}
{"case":2772,"call":0,"status":"budget","root":16,"steps":21,"normalized":4,"accounting":"full_successor_reads_writes_no_last_pair_v2","successors":[1,2,3,4,5,6,7,16,16,10,11,12,13,14,15,16,16]}
{"case":2773,"call":0,"status":"budget","root":16,"steps":22,"normalized":4,"accounting":"full_successor_reads_writes_no_last_pair_v2","successors":[1,2,3,4,5,6,7,16,16,10,11,12,13,14,15,16,16]}
{"case":2774,"call":0,"status":"budget","root":16,"steps":23,"normalized":4,"accounting":"full_successor_reads_writes_no_last_pair_v2","successors":[1,2,3,4,5,6,7,16,16,16,11,12,13,14,15,16,16]}
{"case":2775,"call":0,"status":"budget","root":16,"steps":24,"normalized":4,"accounting":"full_successor_reads_writes_no_last_pair_v2","successors":[1,2,3,4,5,6,7,16,16,16,11,12,13,14,15,16,16]}
{"case":2776,"call":0,"status":"budget","root":16,"steps":25,"normalized":4,"accounting":"full_successor_reads_writes_no_last_pair_v2","successors":[1,2,3,4,5,6,7,16,16,16,16,12,13,14,15,16,16]}
{"case":2777,"call":0,"status":"budget","root":16,"steps":26,"normalized":4,"accounting":"full_successor_reads_writes_no_last_pair_v2","successors":[1,2,3,4,5,6,7,16,16,16,16,12,13,14,15,16,16]}
{"case":2778,"call":0,"status":"budget","root":16,"steps":27,"normalized":4,"accounting":"full_successor_reads_writes_no_last_pair_v2","successors":[1,2,3,4,5,6,7,16,16,16,16,16,13,14,15,16,16]}
{"case":2779,"call":0,"status":"budget","root":16,"steps":28,"normalized":4,"accounting":"full_successor_reads_writes_no_last_pair_v2","successors":[1,2,3,4,5,6,7,16,16,16,16,16,13,14,15,16,16]}
{"case":2780,"call":0,"status":"budget","root":16,"steps":29,"normalized":4,"accounting":"full_successor_reads_writes_no_last_pair_v2","successors":[1,2,3,4,5,6,7,16,16,16,16,16,16,14,15,16,16]}
{"case":2781,"call":0,"status":"budget","root":16,"steps":30,"normalized":4,"accounting":"full_successor_reads_writes_no_last_pair_v2","successors":[1,2,3,4,5,6,7,16,16,16,16,16,16,14,15,16,16]}
{"case":2782,"call":0,"status":"budget","root":16,"steps":31,"normalized":4,"accounting":"full_successor_reads_writes_no_last_pair_v2","successors":[1,2,3,4,5,6,7,16,16,16,16,16,16,16,15,16,16]}
{"case":2783,"call":0,"status":"budget","root":16,"steps":32,"normalized":4,"accounting":"full_successor_reads_writes_no_last_pair_v2","successors":[1,2,3,4,5,6,7,16,16,16,16,16,16,16,15,16,16]}
{"case":2784,"call":0,"status":"ok","root":16,"steps":33,"normalized":4,"accounting":"full_successor_reads_writes_no_last_pair_v2","successors":[1,2,3,4,5,6,7,16,16,16,16,16,16,16,16,16,16]}
{"case":2785,"call":0,"status":"ok","root":16,"steps":33,"normalized":4,"accounting":"full_successor_reads_writes_no_last_pair_v2","successors":[1,2,3,4,5,6,7,16,16,16,16,16,16,16,16,16,16]}
{"case":2786,"call":0,"status":"budget","root":7,"steps":18446744073709551588,"normalized":18446744073709551587,"accounting":"full_successor_reads_writes_no_last_pair_v2","successors":[1,2,3,4,5,6,7,8,9,10,11,12,13,14,15,16,16]}
{"case":2787,"call":0,"status":"budget","root":8,"steps":18446744073709551589,"normalized":18446744073709551587,"accounting":"full_successor_reads_writes_no_last_pair_v2","successors":[1,2,3,4,5,6,7,8,9,10,11,12,13,14,15,16,16]}
{"case":2788,"call":0,"status":"budget","root":9,"steps":18446744073709551590,"normalized":18446744073709551587,"accounting":"full_successor_reads_writes_no_last_pair_v2","successors":[1,2,3,4,5,6,7,8,9,10,11,12,13,14,15,16,16]}
{"case":2789,"call":0,"status":"budget","root":10,"steps":18446744073709551591,"normalized":18446744073709551587,"accounting":"full_successor_reads_writes_no_last_pair_v2","successors":[1,2,3,4,5,6,7,8,9,10,11,12,13,14,15,16,16]}
{"case":2790,"call":0,"status":"budget","root":11,"steps":18446744073709551592,"normalized":18446744073709551587,"accounting":"full_successor_reads_writes_no_last_pair_v2","successors":[1,2,3,4,5,6,7,8,9,10,11,12,13,14,15,16,16]}
{"case":2791,"call":0,"status":"budget","root":12,"steps":18446744073709551593,"normalized":18446744073709551587,"accounting":"full_successor_reads_writes_no_last_pair_v2","successors":[1,2,3,4,5,6,7,8,9,10,11,12,13,14,15,16,16]}
{"case":2792,"call":0,"status":"budget","root":13,"steps":18446744073709551594,"normalized":18446744073709551587,"accounting":"full_successor_reads_writes_no_last_pair_v2","successors":[1,2,3,4,5,6,7,8,9,10,11,12,13,14,15,16,16]}
{"case":2793,"call":0,"status":"budget","root":14,"steps":18446744073709551595,"normalized":18446744073709551587,"accounting":"full_successor_reads_writes_no_last_pair_v2","successors":[1,2,3,4,5,6,7,8,9,10,11,12,13,14,15,16,16]}
{"case":2794,"call":0,"status":"budget","root":15,"steps":18446744073709551596,"normalized":18446744073709551587,"accounting":"full_successor_reads_writes_no_last_pair_v2","successors":[1,2,3,4,5,6,7,8,9,10,11,12,13,14,15,16,16]}
{"case":2795,"call":0,"status":"budget","root":16,"steps":18446744073709551597,"normalized":18446744073709551587,"accounting":"full_successor_reads_writes_no_last_pair_v2","successors":[1,2,3,4,5,6,7,8,9,10,11,12,13,14,15,16,16]}
{"case":2796,"call":0,"status":"budget","root":16,"steps":18446744073709551598,"normalized":18446744073709551588,"accounting":"full_successor_reads_writes_no_last_pair_v2","successors":[1,2,3,4,5,6,7,8,9,10,11,12,13,14,15,16,16]}
{"case":2797,"call":0,"status":"budget","root":16,"steps":18446744073709551599,"normalized":18446744073709551588,"accounting":"full_successor_reads_writes_no_last_pair_v2","successors":[1,2,3,4,5,6,7,8,9,10,11,12,13,14,15,16,16]}
{"case":2798,"call":0,"status":"budget","root":16,"steps":18446744073709551600,"normalized":18446744073709551588,"accounting":"full_successor_reads_writes_no_last_pair_v2","successors":[1,2,3,4,5,6,7,16,9,10,11,12,13,14,15,16,16]}
{"case":2799,"call":0,"status":"budget","root":16,"steps":18446744073709551601,"normalized":18446744073709551588,"accounting":"full_successor_reads_writes_no_last_pair_v2","successors":[1,2,3,4,5,6,7,16,9,10,11,12,13,14,15,16,16]}
{"case":2800,"call":0,"status":"budget","root":16,"steps":18446744073709551602,"normalized":18446744073709551588,"accounting":"full_successor_reads_writes_no_last_pair_v2","successors":[1,2,3,4,5,6,7,16,16,10,11,12,13,14,15,16,16]}
{"case":2801,"call":0,"status":"budget","root":16,"steps":18446744073709551603,"normalized":18446744073709551588,"accounting":"full_successor_reads_writes_no_last_pair_v2","successors":[1,2,3,4,5,6,7,16,16,10,11,12,13,14,15,16,16]}
{"case":2802,"call":0,"status":"budget","root":16,"steps":18446744073709551604,"normalized":18446744073709551588,"accounting":"full_successor_reads_writes_no_last_pair_v2","successors":[1,2,3,4,5,6,7,16,16,16,11,12,13,14,15,16,16]}
{"case":2803,"call":0,"status":"budget","root":16,"steps":18446744073709551605,"normalized":18446744073709551588,"accounting":"full_successor_reads_writes_no_last_pair_v2","successors":[1,2,3,4,5,6,7,16,16,16,11,12,13,14,15,16,16]}
{"case":2804,"call":0,"status":"budget","root":16,"steps":18446744073709551606,"normalized":18446744073709551588,"accounting":"full_successor_reads_writes_no_last_pair_v2","successors":[1,2,3,4,5,6,7,16,16,16,16,12,13,14,15,16,16]}
{"case":2805,"call":0,"status":"budget","root":16,"steps":18446744073709551607,"normalized":18446744073709551588,"accounting":"full_successor_reads_writes_no_last_pair_v2","successors":[1,2,3,4,5,6,7,16,16,16,16,12,13,14,15,16,16]}
{"case":2806,"call":0,"status":"budget","root":16,"steps":18446744073709551608,"normalized":18446744073709551588,"accounting":"full_successor_reads_writes_no_last_pair_v2","successors":[1,2,3,4,5,6,7,16,16,16,16,16,13,14,15,16,16]}
{"case":2807,"call":0,"status":"budget","root":16,"steps":18446744073709551609,"normalized":18446744073709551588,"accounting":"full_successor_reads_writes_no_last_pair_v2","successors":[1,2,3,4,5,6,7,16,16,16,16,16,13,14,15,16,16]}
{"case":2808,"call":0,"status":"budget","root":16,"steps":18446744073709551610,"normalized":18446744073709551588,"accounting":"full_successor_reads_writes_no_last_pair_v2","successors":[1,2,3,4,5,6,7,16,16,16,16,16,16,14,15,16,16]}
{"case":2809,"call":0,"status":"budget","root":16,"steps":18446744073709551611,"normalized":18446744073709551588,"accounting":"full_successor_reads_writes_no_last_pair_v2","successors":[1,2,3,4,5,6,7,16,16,16,16,16,16,14,15,16,16]}
{"case":2810,"call":0,"status":"budget","root":16,"steps":18446744073709551612,"normalized":18446744073709551588,"accounting":"full_successor_reads_writes_no_last_pair_v2","successors":[1,2,3,4,5,6,7,16,16,16,16,16,16,16,15,16,16]}
{"case":2811,"call":0,"status":"budget","root":16,"steps":18446744073709551613,"normalized":18446744073709551588,"accounting":"full_successor_reads_writes_no_last_pair_v2","successors":[1,2,3,4,5,6,7,16,16,16,16,16,16,16,15,16,16]}
{"case":2812,"call":0,"status":"ok","root":16,"steps":18446744073709551614,"normalized":18446744073709551588,"accounting":"full_successor_reads_writes_no_last_pair_v2","successors":[1,2,3,4,5,6,7,16,16,16,16,16,16,16,16,16,16]}
{"case":2813,"call":0,"status":"ok","root":16,"steps":18446744073709551614,"normalized":18446744073709551588,"accounting":"full_successor_reads_writes_no_last_pair_v2","successors":[1,2,3,4,5,6,7,16,16,16,16,16,16,16,16,16,16]}
{"case":2814,"call":0,"status":"budget","root":7,"steps":11,"normalized":4,"accounting":"full_successor_reads_writes_no_last_pair_v2","successors":[1,2,3,4,5,6,7,8,9,10,11,12,13,14,15,16,16]}
{"case":2815,"call":0,"status":"budget","root":8,"steps":0,"normalized":0,"accounting":"full_successor_reads_writes_no_last_pair_v2","successors":[1,2,3,4,5,6,7,8,9,10,11,12,13,14,15,16,16]}
{"case":2816,"call":0,"status":"budget","root":9,"steps":1,"normalized":0,"accounting":"full_successor_reads_writes_no_last_pair_v2","successors":[1,2,3,4,5,6,7,8,9,10,11,12,13,14,15,16,16]}
{"case":2817,"call":0,"status":"budget","root":10,"steps":2,"normalized":0,"accounting":"full_successor_reads_writes_no_last_pair_v2","successors":[1,2,3,4,5,6,7,8,9,10,11,12,13,14,15,16,16]}
{"case":2818,"call":0,"status":"budget","root":11,"steps":3,"normalized":0,"accounting":"full_successor_reads_writes_no_last_pair_v2","successors":[1,2,3,4,5,6,7,8,9,10,11,12,13,14,15,16,16]}
{"case":2819,"call":0,"status":"budget","root":12,"steps":4,"normalized":0,"accounting":"full_successor_reads_writes_no_last_pair_v2","successors":[1,2,3,4,5,6,7,8,9,10,11,12,13,14,15,16,16]}
{"case":2820,"call":0,"status":"budget","root":13,"steps":5,"normalized":0,"accounting":"full_successor_reads_writes_no_last_pair_v2","successors":[1,2,3,4,5,6,7,8,9,10,11,12,13,14,15,16,16]}
{"case":2821,"call":0,"status":"budget","root":14,"steps":6,"normalized":0,"accounting":"full_successor_reads_writes_no_last_pair_v2","successors":[1,2,3,4,5,6,7,8,9,10,11,12,13,14,15,16,16]}
{"case":2822,"call":0,"status":"budget","root":15,"steps":7,"normalized":0,"accounting":"full_successor_reads_writes_no_last_pair_v2","successors":[1,2,3,4,5,6,7,8,9,10,11,12,13,14,15,16,16]}
{"case":2823,"call":0,"status":"budget","root":16,"steps":8,"normalized":0,"accounting":"full_successor_reads_writes_no_last_pair_v2","successors":[1,2,3,4,5,6,7,8,9,10,11,12,13,14,15,16,16]}
{"case":2824,"call":0,"status":"budget","root":16,"steps":9,"normalized":1,"accounting":"full_successor_reads_writes_no_last_pair_v2","successors":[1,2,3,4,5,6,7,8,9,10,11,12,13,14,15,16,16]}
{"case":2825,"call":0,"status":"budget","root":16,"steps":10,"normalized":1,"accounting":"full_successor_reads_writes_no_last_pair_v2","successors":[1,2,3,4,5,6,7,8,9,10,11,12,13,14,15,16,16]}
{"case":2826,"call":0,"status":"budget","root":16,"steps":11,"normalized":1,"accounting":"full_successor_reads_writes_no_last_pair_v2","successors":[1,2,3,4,5,6,7,8,16,10,11,12,13,14,15,16,16]}
{"case":2827,"call":0,"status":"budget","root":16,"steps":12,"normalized":1,"accounting":"full_successor_reads_writes_no_last_pair_v2","successors":[1,2,3,4,5,6,7,8,16,10,11,12,13,14,15,16,16]}
{"case":2828,"call":0,"status":"budget","root":16,"steps":13,"normalized":1,"accounting":"full_successor_reads_writes_no_last_pair_v2","successors":[1,2,3,4,5,6,7,8,16,16,11,12,13,14,15,16,16]}
{"case":2829,"call":0,"status":"budget","root":16,"steps":14,"normalized":1,"accounting":"full_successor_reads_writes_no_last_pair_v2","successors":[1,2,3,4,5,6,7,8,16,16,11,12,13,14,15,16,16]}
{"case":2830,"call":0,"status":"budget","root":16,"steps":15,"normalized":1,"accounting":"full_successor_reads_writes_no_last_pair_v2","successors":[1,2,3,4,5,6,7,8,16,16,16,12,13,14,15,16,16]}
{"case":2831,"call":0,"status":"budget","root":16,"steps":16,"normalized":1,"accounting":"full_successor_reads_writes_no_last_pair_v2","successors":[1,2,3,4,5,6,7,8,16,16,16,12,13,14,15,16,16]}
{"case":2832,"call":0,"status":"budget","root":16,"steps":17,"normalized":1,"accounting":"full_successor_reads_writes_no_last_pair_v2","successors":[1,2,3,4,5,6,7,8,16,16,16,16,13,14,15,16,16]}
{"case":2833,"call":0,"status":"budget","root":16,"steps":18,"normalized":1,"accounting":"full_successor_reads_writes_no_last_pair_v2","successors":[1,2,3,4,5,6,7,8,16,16,16,16,13,14,15,16,16]}
{"case":2834,"call":0,"status":"budget","root":16,"steps":19,"normalized":1,"accounting":"full_successor_reads_writes_no_last_pair_v2","successors":[1,2,3,4,5,6,7,8,16,16,16,16,16,14,15,16,16]}
{"case":2835,"call":0,"status":"budget","root":16,"steps":20,"normalized":1,"accounting":"full_successor_reads_writes_no_last_pair_v2","successors":[1,2,3,4,5,6,7,8,16,16,16,16,16,14,15,16,16]}
{"case":2836,"call":0,"status":"budget","root":16,"steps":21,"normalized":1,"accounting":"full_successor_reads_writes_no_last_pair_v2","successors":[1,2,3,4,5,6,7,8,16,16,16,16,16,16,15,16,16]}
{"case":2837,"call":0,"status":"budget","root":16,"steps":22,"normalized":1,"accounting":"full_successor_reads_writes_no_last_pair_v2","successors":[1,2,3,4,5,6,7,8,16,16,16,16,16,16,15,16,16]}
{"case":2838,"call":0,"status":"ok","root":16,"steps":23,"normalized":1,"accounting":"full_successor_reads_writes_no_last_pair_v2","successors":[1,2,3,4,5,6,7,8,16,16,16,16,16,16,16,16,16]}
{"case":2839,"call":0,"status":"ok","root":16,"steps":23,"normalized":1,"accounting":"full_successor_reads_writes_no_last_pair_v2","successors":[1,2,3,4,5,6,7,8,16,16,16,16,16,16,16,16,16]}
{"case":2840,"call":0,"status":"budget","root":8,"steps":7,"normalized":3,"accounting":"full_successor_reads_writes_no_last_pair_v2","successors":[1,2,3,4,5,6,7,8,9,10,11,12,13,14,15,16,16]}
{"case":2841,"call":0,"status":"budget","root":9,"steps":8,"normalized":3,"accounting":"full_successor_reads_writes_no_last_pair_v2","successors":[1,2,3,4,5,6,7,8,9,10,11,12,13,14,15,16,16]}
{"case":2842,"call":0,"status":"budget","root":10,"steps":9,"normalized":3,"accounting":"full_successor_reads_writes_no_last_pair_v2","successors":[1,2,3,4,5,6,7,8,9,10,11,12,13,14,15,16,16]}
{"case":2843,"call":0,"status":"budget","root":11,"steps":10,"normalized":3,"accounting":"full_successor_reads_writes_no_last_pair_v2","successors":[1,2,3,4,5,6,7,8,9,10,11,12,13,14,15,16,16]}
{"case":2844,"call":0,"status":"budget","root":12,"steps":11,"normalized":3,"accounting":"full_successor_reads_writes_no_last_pair_v2","successors":[1,2,3,4,5,6,7,8,9,10,11,12,13,14,15,16,16]}
{"case":2845,"call":0,"status":"budget","root":13,"steps":12,"normalized":3,"accounting":"full_successor_reads_writes_no_last_pair_v2","successors":[1,2,3,4,5,6,7,8,9,10,11,12,13,14,15,16,16]}
{"case":2846,"call":0,"status":"budget","root":14,"steps":13,"normalized":3,"accounting":"full_successor_reads_writes_no_last_pair_v2","successors":[1,2,3,4,5,6,7,8,9,10,11,12,13,14,15,16,16]}
{"case":2847,"call":0,"status":"budget","root":15,"steps":14,"normalized":3,"accounting":"full_successor_reads_writes_no_last_pair_v2","successors":[1,2,3,4,5,6,7,8,9,10,11,12,13,14,15,16,16]}
{"case":2848,"call":0,"status":"budget","root":16,"steps":15,"normalized":3,"accounting":"full_successor_reads_writes_no_last_pair_v2","successors":[1,2,3,4,5,6,7,8,9,10,11,12,13,14,15,16,16]}
{"case":2849,"call":0,"status":"budget","root":16,"steps":16,"normalized":4,"accounting":"full_successor_reads_writes_no_last_pair_v2","successors":[1,2,3,4,5,6,7,8,9,10,11,12,13,14,15,16,16]}
{"case":2850,"call":0,"status":"budget","root":16,"steps":17,"normalized":4,"accounting":"full_successor_reads_writes_no_last_pair_v2","successors":[1,2,3,4,5,6,7,8,9,10,11,12,13,14,15,16,16]}
{"case":2851,"call":0,"status":"budget","root":16,"steps":18,"normalized":4,"accounting":"full_successor_reads_writes_no_last_pair_v2","successors":[1,2,3,4,5,6,7,8,16,10,11,12,13,14,15,16,16]}
{"case":2852,"call":0,"status":"budget","root":16,"steps":19,"normalized":4,"accounting":"full_successor_reads_writes_no_last_pair_v2","successors":[1,2,3,4,5,6,7,8,16,10,11,12,13,14,15,16,16]}
{"case":2853,"call":0,"status":"budget","root":16,"steps":20,"normalized":4,"accounting":"full_successor_reads_writes_no_last_pair_v2","successors":[1,2,3,4,5,6,7,8,16,16,11,12,13,14,15,16,16]}
{"case":2854,"call":0,"status":"budget","root":16,"steps":21,"normalized":4,"accounting":"full_successor_reads_writes_no_last_pair_v2","successors":[1,2,3,4,5,6,7,8,16,16,11,12,13,14,15,16,16]}
{"case":2855,"call":0,"status":"budget","root":16,"steps":22,"normalized":4,"accounting":"full_successor_reads_writes_no_last_pair_v2","successors":[1,2,3,4,5,6,7,8,16,16,16,12,13,14,15,16,16]}
{"case":2856,"call":0,"status":"budget","root":16,"steps":23,"normalized":4,"accounting":"full_successor_reads_writes_no_last_pair_v2","successors":[1,2,3,4,5,6,7,8,16,16,16,12,13,14,15,16,16]}
{"case":2857,"call":0,"status":"budget","root":16,"steps":24,"normalized":4,"accounting":"full_successor_reads_writes_no_last_pair_v2","successors":[1,2,3,4,5,6,7,8,16,16,16,16,13,14,15,16,16]}
{"case":2858,"call":0,"status":"budget","root":16,"steps":25,"normalized":4,"accounting":"full_successor_reads_writes_no_last_pair_v2","successors":[1,2,3,4,5,6,7,8,16,16,16,16,13,14,15,16,16]}
{"case":2859,"call":0,"status":"budget","root":16,"steps":26,"normalized":4,"accounting":"full_successor_reads_writes_no_last_pair_v2","successors":[1,2,3,4,5,6,7,8,16,16,16,16,16,14,15,16,16]}
{"case":2860,"call":0,"status":"budget","root":16,"steps":27,"normalized":4,"accounting":"full_successor_reads_writes_no_last_pair_v2","successors":[1,2,3,4,5,6,7,8,16,16,16,16,16,14,15,16,16]}
{"case":2861,"call":0,"status":"budget","root":16,"steps":28,"normalized":4,"accounting":"full_successor_reads_writes_no_last_pair_v2","successors":[1,2,3,4,5,6,7,8,16,16,16,16,16,16,15,16,16]}
{"case":2862,"call":0,"status":"budget","root":16,"steps":29,"normalized":4,"accounting":"full_successor_reads_writes_no_last_pair_v2","successors":[1,2,3,4,5,6,7,8,16,16,16,16,16,16,15,16,16]}
{"case":2863,"call":0,"status":"ok","root":16,"steps":30,"normalized":4,"accounting":"full_successor_reads_writes_no_last_pair_v2","successors":[1,2,3,4,5,6,7,8,16,16,16,16,16,16,16,16,16]}
{"case":2864,"call":0,"status":"ok","root":16,"steps":30,"normalized":4,"accounting":"full_successor_reads_writes_no_last_pair_v2","successors":[1,2,3,4,5,6,7,8,16,16,16,16,16,16,16,16,16]}
{"case":2865,"call":0,"status":"budget","root":8,"steps":18446744073709551591,"normalized":18446744073709551590,"accounting":"full_successor_reads_writes_no_last_pair_v2","successors":[1,2,3,4,5,6,7,8,9,10,11,12,13,14,15,16,16]}
{"case":2866,"call":0,"status":"budget","root":9,"steps":18446744073709551592,"normalized":18446744073709551590,"accounting":"full_successor_reads_writes_no_last_pair_v2","successors":[1,2,3,4,5,6,7,8,9,10,11,12,13,14,15,16,16]}
{"case":2867,"call":0,"status":"budget","root":10,"steps":18446744073709551593,"normalized":18446744073709551590,"accounting":"full_successor_reads_writes_no_last_pair_v2","successors":[1,2,3,4,5,6,7,8,9,10,11,12,13,14,15,16,16]}
{"case":2868,"call":0,"status":"budget","root":11,"steps":18446744073709551594,"normalized":18446744073709551590,"accounting":"full_successor_reads_writes_no_last_pair_v2","successors":[1,2,3,4,5,6,7,8,9,10,11,12,13,14,15,16,16]}
{"case":2869,"call":0,"status":"budget","root":12,"steps":18446744073709551595,"normalized":18446744073709551590,"accounting":"full_successor_reads_writes_no_last_pair_v2","successors":[1,2,3,4,5,6,7,8,9,10,11,12,13,14,15,16,16]}
{"case":2870,"call":0,"status":"budget","root":13,"steps":18446744073709551596,"normalized":18446744073709551590,"accounting":"full_successor_reads_writes_no_last_pair_v2","successors":[1,2,3,4,5,6,7,8,9,10,11,12,13,14,15,16,16]}
{"case":2871,"call":0,"status":"budget","root":14,"steps":18446744073709551597,"normalized":18446744073709551590,"accounting":"full_successor_reads_writes_no_last_pair_v2","successors":[1,2,3,4,5,6,7,8,9,10,11,12,13,14,15,16,16]}
{"case":2872,"call":0,"status":"budget","root":15,"steps":18446744073709551598,"normalized":18446744073709551590,"accounting":"full_successor_reads_writes_no_last_pair_v2","successors":[1,2,3,4,5,6,7,8,9,10,11,12,13,14,15,16,16]}
{"case":2873,"call":0,"status":"budget","root":16,"steps":18446744073709551599,"normalized":18446744073709551590,"accounting":"full_successor_reads_writes_no_last_pair_v2","successors":[1,2,3,4,5,6,7,8,9,10,11,12,13,14,15,16,16]}
{"case":2874,"call":0,"status":"budget","root":16,"steps":18446744073709551600,"normalized":18446744073709551591,"accounting":"full_successor_reads_writes_no_last_pair_v2","successors":[1,2,3,4,5,6,7,8,9,10,11,12,13,14,15,16,16]}
{"case":2875,"call":0,"status":"budget","root":16,"steps":18446744073709551601,"normalized":18446744073709551591,"accounting":"full_successor_reads_writes_no_last_pair_v2","successors":[1,2,3,4,5,6,7,8,9,10,11,12,13,14,15,16,16]}
{"case":2876,"call":0,"status":"budget","root":16,"steps":18446744073709551602,"normalized":18446744073709551591,"accounting":"full_successor_reads_writes_no_last_pair_v2","successors":[1,2,3,4,5,6,7,8,16,10,11,12,13,14,15,16,16]}
{"case":2877,"call":0,"status":"budget","root":16,"steps":18446744073709551603,"normalized":18446744073709551591,"accounting":"full_successor_reads_writes_no_last_pair_v2","successors":[1,2,3,4,5,6,7,8,16,10,11,12,13,14,15,16,16]}
{"case":2878,"call":0,"status":"budget","root":16,"steps":18446744073709551604,"normalized":18446744073709551591,"accounting":"full_successor_reads_writes_no_last_pair_v2","successors":[1,2,3,4,5,6,7,8,16,16,11,12,13,14,15,16,16]}
{"case":2879,"call":0,"status":"budget","root":16,"steps":18446744073709551605,"normalized":18446744073709551591,"accounting":"full_successor_reads_writes_no_last_pair_v2","successors":[1,2,3,4,5,6,7,8,16,16,11,12,13,14,15,16,16]}
{"case":2880,"call":0,"status":"budget","root":16,"steps":18446744073709551606,"normalized":18446744073709551591,"accounting":"full_successor_reads_writes_no_last_pair_v2","successors":[1,2,3,4,5,6,7,8,16,16,16,12,13,14,15,16,16]}
{"case":2881,"call":0,"status":"budget","root":16,"steps":18446744073709551607,"normalized":18446744073709551591,"accounting":"full_successor_reads_writes_no_last_pair_v2","successors":[1,2,3,4,5,6,7,8,16,16,16,12,13,14,15,16,16]}
{"case":2882,"call":0,"status":"budget","root":16,"steps":18446744073709551608,"normalized":18446744073709551591,"accounting":"full_successor_reads_writes_no_last_pair_v2","successors":[1,2,3,4,5,6,7,8,16,16,16,16,13,14,15,16,16]}
{"case":2883,"call":0,"status":"budget","root":16,"steps":18446744073709551609,"normalized":18446744073709551591,"accounting":"full_successor_reads_writes_no_last_pair_v2","successors":[1,2,3,4,5,6,7,8,16,16,16,16,13,14,15,16,16]}
{"case":2884,"call":0,"status":"budget","root":16,"steps":18446744073709551610,"normalized":18446744073709551591,"accounting":"full_successor_reads_writes_no_last_pair_v2","successors":[1,2,3,4,5,6,7,8,16,16,16,16,16,14,15,16,16]}
{"case":2885,"call":0,"status":"budget","root":16,"steps":18446744073709551611,"normalized":18446744073709551591,"accounting":"full_successor_reads_writes_no_last_pair_v2","successors":[1,2,3,4,5,6,7,8,16,16,16,16,16,14,15,16,16]}
{"case":2886,"call":0,"status":"budget","root":16,"steps":18446744073709551612,"normalized":18446744073709551591,"accounting":"full_successor_reads_writes_no_last_pair_v2","successors":[1,2,3,4,5,6,7,8,16,16,16,16,16,16,15,16,16]}
{"case":2887,"call":0,"status":"budget","root":16,"steps":18446744073709551613,"normalized":18446744073709551591,"accounting":"full_successor_reads_writes_no_last_pair_v2","successors":[1,2,3,4,5,6,7,8,16,16,16,16,16,16,15,16,16]}
{"case":2888,"call":0,"status":"ok","root":16,"steps":18446744073709551614,"normalized":18446744073709551591,"accounting":"full_successor_reads_writes_no_last_pair_v2","successors":[1,2,3,4,5,6,7,8,16,16,16,16,16,16,16,16,16]}
{"case":2889,"call":0,"status":"ok","root":16,"steps":18446744073709551614,"normalized":18446744073709551591,"accounting":"full_successor_reads_writes_no_last_pair_v2","successors":[1,2,3,4,5,6,7,8,16,16,16,16,16,16,16,16,16]}
{"case":2890,"call":0,"status":"budget","root":8,"steps":11,"normalized":4,"accounting":"full_successor_reads_writes_no_last_pair_v2","successors":[1,2,3,4,5,6,7,8,9,10,11,12,13,14,15,16,16]}
{"case":2891,"call":0,"status":"budget","root":9,"steps":0,"normalized":0,"accounting":"full_successor_reads_writes_no_last_pair_v2","successors":[1,2,3,4,5,6,7,8,9,10,11,12,13,14,15,16,16]}
{"case":2892,"call":0,"status":"budget","root":10,"steps":1,"normalized":0,"accounting":"full_successor_reads_writes_no_last_pair_v2","successors":[1,2,3,4,5,6,7,8,9,10,11,12,13,14,15,16,16]}
{"case":2893,"call":0,"status":"budget","root":11,"steps":2,"normalized":0,"accounting":"full_successor_reads_writes_no_last_pair_v2","successors":[1,2,3,4,5,6,7,8,9,10,11,12,13,14,15,16,16]}
{"case":2894,"call":0,"status":"budget","root":12,"steps":3,"normalized":0,"accounting":"full_successor_reads_writes_no_last_pair_v2","successors":[1,2,3,4,5,6,7,8,9,10,11,12,13,14,15,16,16]}
{"case":2895,"call":0,"status":"budget","root":13,"steps":4,"normalized":0,"accounting":"full_successor_reads_writes_no_last_pair_v2","successors":[1,2,3,4,5,6,7,8,9,10,11,12,13,14,15,16,16]}
{"case":2896,"call":0,"status":"budget","root":14,"steps":5,"normalized":0,"accounting":"full_successor_reads_writes_no_last_pair_v2","successors":[1,2,3,4,5,6,7,8,9,10,11,12,13,14,15,16,16]}
{"case":2897,"call":0,"status":"budget","root":15,"steps":6,"normalized":0,"accounting":"full_successor_reads_writes_no_last_pair_v2","successors":[1,2,3,4,5,6,7,8,9,10,11,12,13,14,15,16,16]}
{"case":2898,"call":0,"status":"budget","root":16,"steps":7,"normalized":0,"accounting":"full_successor_reads_writes_no_last_pair_v2","successors":[1,2,3,4,5,6,7,8,9,10,11,12,13,14,15,16,16]}
{"case":2899,"call":0,"status":"budget","root":16,"steps":8,"normalized":1,"accounting":"full_successor_reads_writes_no_last_pair_v2","successors":[1,2,3,4,5,6,7,8,9,10,11,12,13,14,15,16,16]}
{"case":2900,"call":0,"status":"budget","root":16,"steps":9,"normalized":1,"accounting":"full_successor_reads_writes_no_last_pair_v2","successors":[1,2,3,4,5,6,7,8,9,10,11,12,13,14,15,16,16]}
{"case":2901,"call":0,"status":"budget","root":16,"steps":10,"normalized":1,"accounting":"full_successor_reads_writes_no_last_pair_v2","successors":[1,2,3,4,5,6,7,8,9,16,11,12,13,14,15,16,16]}
{"case":2902,"call":0,"status":"budget","root":16,"steps":11,"normalized":1,"accounting":"full_successor_reads_writes_no_last_pair_v2","successors":[1,2,3,4,5,6,7,8,9,16,11,12,13,14,15,16,16]}
{"case":2903,"call":0,"status":"budget","root":16,"steps":12,"normalized":1,"accounting":"full_successor_reads_writes_no_last_pair_v2","successors":[1,2,3,4,5,6,7,8,9,16,16,12,13,14,15,16,16]}
{"case":2904,"call":0,"status":"budget","root":16,"steps":13,"normalized":1,"accounting":"full_successor_reads_writes_no_last_pair_v2","successors":[1,2,3,4,5,6,7,8,9,16,16,12,13,14,15,16,16]}
{"case":2905,"call":0,"status":"budget","root":16,"steps":14,"normalized":1,"accounting":"full_successor_reads_writes_no_last_pair_v2","successors":[1,2,3,4,5,6,7,8,9,16,16,16,13,14,15,16,16]}
{"case":2906,"call":0,"status":"budget","root":16,"steps":15,"normalized":1,"accounting":"full_successor_reads_writes_no_last_pair_v2","successors":[1,2,3,4,5,6,7,8,9,16,16,16,13,14,15,16,16]}
{"case":2907,"call":0,"status":"budget","root":16,"steps":16,"normalized":1,"accounting":"full_successor_reads_writes_no_last_pair_v2","successors":[1,2,3,4,5,6,7,8,9,16,16,16,16,14,15,16,16]}
{"case":2908,"call":0,"status":"budget","root":16,"steps":17,"normalized":1,"accounting":"full_successor_reads_writes_no_last_pair_v2","successors":[1,2,3,4,5,6,7,8,9,16,16,16,16,14,15,16,16]}
{"case":2909,"call":0,"status":"budget","root":16,"steps":18,"normalized":1,"accounting":"full_successor_reads_writes_no_last_pair_v2","successors":[1,2,3,4,5,6,7,8,9,16,16,16,16,16,15,16,16]}
{"case":2910,"call":0,"status":"budget","root":16,"steps":19,"normalized":1,"accounting":"full_successor_reads_writes_no_last_pair_v2","successors":[1,2,3,4,5,6,7,8,9,16,16,16,16,16,15,16,16]}
{"case":2911,"call":0,"status":"ok","root":16,"steps":20,"normalized":1,"accounting":"full_successor_reads_writes_no_last_pair_v2","successors":[1,2,3,4,5,6,7,8,9,16,16,16,16,16,16,16,16]}
{"case":2912,"call":0,"status":"ok","root":16,"steps":20,"normalized":1,"accounting":"full_successor_reads_writes_no_last_pair_v2","successors":[1,2,3,4,5,6,7,8,9,16,16,16,16,16,16,16,16]}
{"case":2913,"call":0,"status":"budget","root":9,"steps":7,"normalized":3,"accounting":"full_successor_reads_writes_no_last_pair_v2","successors":[1,2,3,4,5,6,7,8,9,10,11,12,13,14,15,16,16]}
{"case":2914,"call":0,"status":"budget","root":10,"steps":8,"normalized":3,"accounting":"full_successor_reads_writes_no_last_pair_v2","successors":[1,2,3,4,5,6,7,8,9,10,11,12,13,14,15,16,16]}
{"case":2915,"call":0,"status":"budget","root":11,"steps":9,"normalized":3,"accounting":"full_successor_reads_writes_no_last_pair_v2","successors":[1,2,3,4,5,6,7,8,9,10,11,12,13,14,15,16,16]}
{"case":2916,"call":0,"status":"budget","root":12,"steps":10,"normalized":3,"accounting":"full_successor_reads_writes_no_last_pair_v2","successors":[1,2,3,4,5,6,7,8,9,10,11,12,13,14,15,16,16]}
{"case":2917,"call":0,"status":"budget","root":13,"steps":11,"normalized":3,"accounting":"full_successor_reads_writes_no_last_pair_v2","successors":[1,2,3,4,5,6,7,8,9,10,11,12,13,14,15,16,16]}
{"case":2918,"call":0,"status":"budget","root":14,"steps":12,"normalized":3,"accounting":"full_successor_reads_writes_no_last_pair_v2","successors":[1,2,3,4,5,6,7,8,9,10,11,12,13,14,15,16,16]}
{"case":2919,"call":0,"status":"budget","root":15,"steps":13,"normalized":3,"accounting":"full_successor_reads_writes_no_last_pair_v2","successors":[1,2,3,4,5,6,7,8,9,10,11,12,13,14,15,16,16]}
{"case":2920,"call":0,"status":"budget","root":16,"steps":14,"normalized":3,"accounting":"full_successor_reads_writes_no_last_pair_v2","successors":[1,2,3,4,5,6,7,8,9,10,11,12,13,14,15,16,16]}
{"case":2921,"call":0,"status":"budget","root":16,"steps":15,"normalized":4,"accounting":"full_successor_reads_writes_no_last_pair_v2","successors":[1,2,3,4,5,6,7,8,9,10,11,12,13,14,15,16,16]}
{"case":2922,"call":0,"status":"budget","root":16,"steps":16,"normalized":4,"accounting":"full_successor_reads_writes_no_last_pair_v2","successors":[1,2,3,4,5,6,7,8,9,10,11,12,13,14,15,16,16]}
{"case":2923,"call":0,"status":"budget","root":16,"steps":17,"normalized":4,"accounting":"full_successor_reads_writes_no_last_pair_v2","successors":[1,2,3,4,5,6,7,8,9,16,11,12,13,14,15,16,16]}
{"case":2924,"call":0,"status":"budget","root":16,"steps":18,"normalized":4,"accounting":"full_successor_reads_writes_no_last_pair_v2","successors":[1,2,3,4,5,6,7,8,9,16,11,12,13,14,15,16,16]}
{"case":2925,"call":0,"status":"budget","root":16,"steps":19,"normalized":4,"accounting":"full_successor_reads_writes_no_last_pair_v2","successors":[1,2,3,4,5,6,7,8,9,16,16,12,13,14,15,16,16]}
{"case":2926,"call":0,"status":"budget","root":16,"steps":20,"normalized":4,"accounting":"full_successor_reads_writes_no_last_pair_v2","successors":[1,2,3,4,5,6,7,8,9,16,16,12,13,14,15,16,16]}
{"case":2927,"call":0,"status":"budget","root":16,"steps":21,"normalized":4,"accounting":"full_successor_reads_writes_no_last_pair_v2","successors":[1,2,3,4,5,6,7,8,9,16,16,16,13,14,15,16,16]}
{"case":2928,"call":0,"status":"budget","root":16,"steps":22,"normalized":4,"accounting":"full_successor_reads_writes_no_last_pair_v2","successors":[1,2,3,4,5,6,7,8,9,16,16,16,13,14,15,16,16]}
{"case":2929,"call":0,"status":"budget","root":16,"steps":23,"normalized":4,"accounting":"full_successor_reads_writes_no_last_pair_v2","successors":[1,2,3,4,5,6,7,8,9,16,16,16,16,14,15,16,16]}
{"case":2930,"call":0,"status":"budget","root":16,"steps":24,"normalized":4,"accounting":"full_successor_reads_writes_no_last_pair_v2","successors":[1,2,3,4,5,6,7,8,9,16,16,16,16,14,15,16,16]}
{"case":2931,"call":0,"status":"budget","root":16,"steps":25,"normalized":4,"accounting":"full_successor_reads_writes_no_last_pair_v2","successors":[1,2,3,4,5,6,7,8,9,16,16,16,16,16,15,16,16]}
{"case":2932,"call":0,"status":"budget","root":16,"steps":26,"normalized":4,"accounting":"full_successor_reads_writes_no_last_pair_v2","successors":[1,2,3,4,5,6,7,8,9,16,16,16,16,16,15,16,16]}
{"case":2933,"call":0,"status":"ok","root":16,"steps":27,"normalized":4,"accounting":"full_successor_reads_writes_no_last_pair_v2","successors":[1,2,3,4,5,6,7,8,9,16,16,16,16,16,16,16,16]}
{"case":2934,"call":0,"status":"ok","root":16,"steps":27,"normalized":4,"accounting":"full_successor_reads_writes_no_last_pair_v2","successors":[1,2,3,4,5,6,7,8,9,16,16,16,16,16,16,16,16]}
{"case":2935,"call":0,"status":"budget","root":9,"steps":18446744073709551594,"normalized":18446744073709551593,"accounting":"full_successor_reads_writes_no_last_pair_v2","successors":[1,2,3,4,5,6,7,8,9,10,11,12,13,14,15,16,16]}
{"case":2936,"call":0,"status":"budget","root":10,"steps":18446744073709551595,"normalized":18446744073709551593,"accounting":"full_successor_reads_writes_no_last_pair_v2","successors":[1,2,3,4,5,6,7,8,9,10,11,12,13,14,15,16,16]}
{"case":2937,"call":0,"status":"budget","root":11,"steps":18446744073709551596,"normalized":18446744073709551593,"accounting":"full_successor_reads_writes_no_last_pair_v2","successors":[1,2,3,4,5,6,7,8,9,10,11,12,13,14,15,16,16]}
{"case":2938,"call":0,"status":"budget","root":12,"steps":18446744073709551597,"normalized":18446744073709551593,"accounting":"full_successor_reads_writes_no_last_pair_v2","successors":[1,2,3,4,5,6,7,8,9,10,11,12,13,14,15,16,16]}
{"case":2939,"call":0,"status":"budget","root":13,"steps":18446744073709551598,"normalized":18446744073709551593,"accounting":"full_successor_reads_writes_no_last_pair_v2","successors":[1,2,3,4,5,6,7,8,9,10,11,12,13,14,15,16,16]}
{"case":2940,"call":0,"status":"budget","root":14,"steps":18446744073709551599,"normalized":18446744073709551593,"accounting":"full_successor_reads_writes_no_last_pair_v2","successors":[1,2,3,4,5,6,7,8,9,10,11,12,13,14,15,16,16]}
{"case":2941,"call":0,"status":"budget","root":15,"steps":18446744073709551600,"normalized":18446744073709551593,"accounting":"full_successor_reads_writes_no_last_pair_v2","successors":[1,2,3,4,5,6,7,8,9,10,11,12,13,14,15,16,16]}
{"case":2942,"call":0,"status":"budget","root":16,"steps":18446744073709551601,"normalized":18446744073709551593,"accounting":"full_successor_reads_writes_no_last_pair_v2","successors":[1,2,3,4,5,6,7,8,9,10,11,12,13,14,15,16,16]}
{"case":2943,"call":0,"status":"budget","root":16,"steps":18446744073709551602,"normalized":18446744073709551594,"accounting":"full_successor_reads_writes_no_last_pair_v2","successors":[1,2,3,4,5,6,7,8,9,10,11,12,13,14,15,16,16]}
{"case":2944,"call":0,"status":"budget","root":16,"steps":18446744073709551603,"normalized":18446744073709551594,"accounting":"full_successor_reads_writes_no_last_pair_v2","successors":[1,2,3,4,5,6,7,8,9,10,11,12,13,14,15,16,16]}
{"case":2945,"call":0,"status":"budget","root":16,"steps":18446744073709551604,"normalized":18446744073709551594,"accounting":"full_successor_reads_writes_no_last_pair_v2","successors":[1,2,3,4,5,6,7,8,9,16,11,12,13,14,15,16,16]}
{"case":2946,"call":0,"status":"budget","root":16,"steps":18446744073709551605,"normalized":18446744073709551594,"accounting":"full_successor_reads_writes_no_last_pair_v2","successors":[1,2,3,4,5,6,7,8,9,16,11,12,13,14,15,16,16]}
{"case":2947,"call":0,"status":"budget","root":16,"steps":18446744073709551606,"normalized":18446744073709551594,"accounting":"full_successor_reads_writes_no_last_pair_v2","successors":[1,2,3,4,5,6,7,8,9,16,16,12,13,14,15,16,16]}
{"case":2948,"call":0,"status":"budget","root":16,"steps":18446744073709551607,"normalized":18446744073709551594,"accounting":"full_successor_reads_writes_no_last_pair_v2","successors":[1,2,3,4,5,6,7,8,9,16,16,12,13,14,15,16,16]}
{"case":2949,"call":0,"status":"budget","root":16,"steps":18446744073709551608,"normalized":18446744073709551594,"accounting":"full_successor_reads_writes_no_last_pair_v2","successors":[1,2,3,4,5,6,7,8,9,16,16,16,13,14,15,16,16]}
{"case":2950,"call":0,"status":"budget","root":16,"steps":18446744073709551609,"normalized":18446744073709551594,"accounting":"full_successor_reads_writes_no_last_pair_v2","successors":[1,2,3,4,5,6,7,8,9,16,16,16,13,14,15,16,16]}
{"case":2951,"call":0,"status":"budget","root":16,"steps":18446744073709551610,"normalized":18446744073709551594,"accounting":"full_successor_reads_writes_no_last_pair_v2","successors":[1,2,3,4,5,6,7,8,9,16,16,16,16,14,15,16,16]}
{"case":2952,"call":0,"status":"budget","root":16,"steps":18446744073709551611,"normalized":18446744073709551594,"accounting":"full_successor_reads_writes_no_last_pair_v2","successors":[1,2,3,4,5,6,7,8,9,16,16,16,16,14,15,16,16]}
{"case":2953,"call":0,"status":"budget","root":16,"steps":18446744073709551612,"normalized":18446744073709551594,"accounting":"full_successor_reads_writes_no_last_pair_v2","successors":[1,2,3,4,5,6,7,8,9,16,16,16,16,16,15,16,16]}
{"case":2954,"call":0,"status":"budget","root":16,"steps":18446744073709551613,"normalized":18446744073709551594,"accounting":"full_successor_reads_writes_no_last_pair_v2","successors":[1,2,3,4,5,6,7,8,9,16,16,16,16,16,15,16,16]}
{"case":2955,"call":0,"status":"ok","root":16,"steps":18446744073709551614,"normalized":18446744073709551594,"accounting":"full_successor_reads_writes_no_last_pair_v2","successors":[1,2,3,4,5,6,7,8,9,16,16,16,16,16,16,16,16]}
{"case":2956,"call":0,"status":"ok","root":16,"steps":18446744073709551614,"normalized":18446744073709551594,"accounting":"full_successor_reads_writes_no_last_pair_v2","successors":[1,2,3,4,5,6,7,8,9,16,16,16,16,16,16,16,16]}
{"case":2957,"call":0,"status":"budget","root":9,"steps":11,"normalized":4,"accounting":"full_successor_reads_writes_no_last_pair_v2","successors":[1,2,3,4,5,6,7,8,9,10,11,12,13,14,15,16,16]}
{"case":2958,"call":0,"status":"budget","root":10,"steps":0,"normalized":0,"accounting":"full_successor_reads_writes_no_last_pair_v2","successors":[1,2,3,4,5,6,7,8,9,10,11,12,13,14,15,16,16]}
{"case":2959,"call":0,"status":"budget","root":11,"steps":1,"normalized":0,"accounting":"full_successor_reads_writes_no_last_pair_v2","successors":[1,2,3,4,5,6,7,8,9,10,11,12,13,14,15,16,16]}
{"case":2960,"call":0,"status":"budget","root":12,"steps":2,"normalized":0,"accounting":"full_successor_reads_writes_no_last_pair_v2","successors":[1,2,3,4,5,6,7,8,9,10,11,12,13,14,15,16,16]}
{"case":2961,"call":0,"status":"budget","root":13,"steps":3,"normalized":0,"accounting":"full_successor_reads_writes_no_last_pair_v2","successors":[1,2,3,4,5,6,7,8,9,10,11,12,13,14,15,16,16]}
{"case":2962,"call":0,"status":"budget","root":14,"steps":4,"normalized":0,"accounting":"full_successor_reads_writes_no_last_pair_v2","successors":[1,2,3,4,5,6,7,8,9,10,11,12,13,14,15,16,16]}
{"case":2963,"call":0,"status":"budget","root":15,"steps":5,"normalized":0,"accounting":"full_successor_reads_writes_no_last_pair_v2","successors":[1,2,3,4,5,6,7,8,9,10,11,12,13,14,15,16,16]}
{"case":2964,"call":0,"status":"budget","root":16,"steps":6,"normalized":0,"accounting":"full_successor_reads_writes_no_last_pair_v2","successors":[1,2,3,4,5,6,7,8,9,10,11,12,13,14,15,16,16]}
{"case":2965,"call":0,"status":"budget","root":16,"steps":7,"normalized":1,"accounting":"full_successor_reads_writes_no_last_pair_v2","successors":[1,2,3,4,5,6,7,8,9,10,11,12,13,14,15,16,16]}
{"case":2966,"call":0,"status":"budget","root":16,"steps":8,"normalized":1,"accounting":"full_successor_reads_writes_no_last_pair_v2","successors":[1,2,3,4,5,6,7,8,9,10,11,12,13,14,15,16,16]}
{"case":2967,"call":0,"status":"budget","root":16,"steps":9,"normalized":1,"accounting":"full_successor_reads_writes_no_last_pair_v2","successors":[1,2,3,4,5,6,7,8,9,10,16,12,13,14,15,16,16]}
{"case":2968,"call":0,"status":"budget","root":16,"steps":10,"normalized":1,"accounting":"full_successor_reads_writes_no_last_pair_v2","successors":[1,2,3,4,5,6,7,8,9,10,16,12,13,14,15,16,16]}
{"case":2969,"call":0,"status":"budget","root":16,"steps":11,"normalized":1,"accounting":"full_successor_reads_writes_no_last_pair_v2","successors":[1,2,3,4,5,6,7,8,9,10,16,16,13,14,15,16,16]}
{"case":2970,"call":0,"status":"budget","root":16,"steps":12,"normalized":1,"accounting":"full_successor_reads_writes_no_last_pair_v2","successors":[1,2,3,4,5,6,7,8,9,10,16,16,13,14,15,16,16]}
{"case":2971,"call":0,"status":"budget","root":16,"steps":13,"normalized":1,"accounting":"full_successor_reads_writes_no_last_pair_v2","successors":[1,2,3,4,5,6,7,8,9,10,16,16,16,14,15,16,16]}
{"case":2972,"call":0,"status":"budget","root":16,"steps":14,"normalized":1,"accounting":"full_successor_reads_writes_no_last_pair_v2","successors":[1,2,3,4,5,6,7,8,9,10,16,16,16,14,15,16,16]}
{"case":2973,"call":0,"status":"budget","root":16,"steps":15,"normalized":1,"accounting":"full_successor_reads_writes_no_last_pair_v2","successors":[1,2,3,4,5,6,7,8,9,10,16,16,16,16,15,16,16]}
{"case":2974,"call":0,"status":"budget","root":16,"steps":16,"normalized":1,"accounting":"full_successor_reads_writes_no_last_pair_v2","successors":[1,2,3,4,5,6,7,8,9,10,16,16,16,16,15,16,16]}
{"case":2975,"call":0,"status":"ok","root":16,"steps":17,"normalized":1,"accounting":"full_successor_reads_writes_no_last_pair_v2","successors":[1,2,3,4,5,6,7,8,9,10,16,16,16,16,16,16,16]}
{"case":2976,"call":0,"status":"ok","root":16,"steps":17,"normalized":1,"accounting":"full_successor_reads_writes_no_last_pair_v2","successors":[1,2,3,4,5,6,7,8,9,10,16,16,16,16,16,16,16]}
{"case":2977,"call":0,"status":"budget","root":10,"steps":7,"normalized":3,"accounting":"full_successor_reads_writes_no_last_pair_v2","successors":[1,2,3,4,5,6,7,8,9,10,11,12,13,14,15,16,16]}
{"case":2978,"call":0,"status":"budget","root":11,"steps":8,"normalized":3,"accounting":"full_successor_reads_writes_no_last_pair_v2","successors":[1,2,3,4,5,6,7,8,9,10,11,12,13,14,15,16,16]}
{"case":2979,"call":0,"status":"budget","root":12,"steps":9,"normalized":3,"accounting":"full_successor_reads_writes_no_last_pair_v2","successors":[1,2,3,4,5,6,7,8,9,10,11,12,13,14,15,16,16]}
{"case":2980,"call":0,"status":"budget","root":13,"steps":10,"normalized":3,"accounting":"full_successor_reads_writes_no_last_pair_v2","successors":[1,2,3,4,5,6,7,8,9,10,11,12,13,14,15,16,16]}
{"case":2981,"call":0,"status":"budget","root":14,"steps":11,"normalized":3,"accounting":"full_successor_reads_writes_no_last_pair_v2","successors":[1,2,3,4,5,6,7,8,9,10,11,12,13,14,15,16,16]}
{"case":2982,"call":0,"status":"budget","root":15,"steps":12,"normalized":3,"accounting":"full_successor_reads_writes_no_last_pair_v2","successors":[1,2,3,4,5,6,7,8,9,10,11,12,13,14,15,16,16]}
{"case":2983,"call":0,"status":"budget","root":16,"steps":13,"normalized":3,"accounting":"full_successor_reads_writes_no_last_pair_v2","successors":[1,2,3,4,5,6,7,8,9,10,11,12,13,14,15,16,16]}
{"case":2984,"call":0,"status":"budget","root":16,"steps":14,"normalized":4,"accounting":"full_successor_reads_writes_no_last_pair_v2","successors":[1,2,3,4,5,6,7,8,9,10,11,12,13,14,15,16,16]}
{"case":2985,"call":0,"status":"budget","root":16,"steps":15,"normalized":4,"accounting":"full_successor_reads_writes_no_last_pair_v2","successors":[1,2,3,4,5,6,7,8,9,10,11,12,13,14,15,16,16]}
{"case":2986,"call":0,"status":"budget","root":16,"steps":16,"normalized":4,"accounting":"full_successor_reads_writes_no_last_pair_v2","successors":[1,2,3,4,5,6,7,8,9,10,16,12,13,14,15,16,16]}
{"case":2987,"call":0,"status":"budget","root":16,"steps":17,"normalized":4,"accounting":"full_successor_reads_writes_no_last_pair_v2","successors":[1,2,3,4,5,6,7,8,9,10,16,12,13,14,15,16,16]}
{"case":2988,"call":0,"status":"budget","root":16,"steps":18,"normalized":4,"accounting":"full_successor_reads_writes_no_last_pair_v2","successors":[1,2,3,4,5,6,7,8,9,10,16,16,13,14,15,16,16]}
{"case":2989,"call":0,"status":"budget","root":16,"steps":19,"normalized":4,"accounting":"full_successor_reads_writes_no_last_pair_v2","successors":[1,2,3,4,5,6,7,8,9,10,16,16,13,14,15,16,16]}
{"case":2990,"call":0,"status":"budget","root":16,"steps":20,"normalized":4,"accounting":"full_successor_reads_writes_no_last_pair_v2","successors":[1,2,3,4,5,6,7,8,9,10,16,16,16,14,15,16,16]}
{"case":2991,"call":0,"status":"budget","root":16,"steps":21,"normalized":4,"accounting":"full_successor_reads_writes_no_last_pair_v2","successors":[1,2,3,4,5,6,7,8,9,10,16,16,16,14,15,16,16]}
{"case":2992,"call":0,"status":"budget","root":16,"steps":22,"normalized":4,"accounting":"full_successor_reads_writes_no_last_pair_v2","successors":[1,2,3,4,5,6,7,8,9,10,16,16,16,16,15,16,16]}
{"case":2993,"call":0,"status":"budget","root":16,"steps":23,"normalized":4,"accounting":"full_successor_reads_writes_no_last_pair_v2","successors":[1,2,3,4,5,6,7,8,9,10,16,16,16,16,15,16,16]}
{"case":2994,"call":0,"status":"ok","root":16,"steps":24,"normalized":4,"accounting":"full_successor_reads_writes_no_last_pair_v2","successors":[1,2,3,4,5,6,7,8,9,10,16,16,16,16,16,16,16]}
{"case":2995,"call":0,"status":"ok","root":16,"steps":24,"normalized":4,"accounting":"full_successor_reads_writes_no_last_pair_v2","successors":[1,2,3,4,5,6,7,8,9,10,16,16,16,16,16,16,16]}
{"case":2996,"call":0,"status":"budget","root":10,"steps":18446744073709551597,"normalized":18446744073709551596,"accounting":"full_successor_reads_writes_no_last_pair_v2","successors":[1,2,3,4,5,6,7,8,9,10,11,12,13,14,15,16,16]}
{"case":2997,"call":0,"status":"budget","root":11,"steps":18446744073709551598,"normalized":18446744073709551596,"accounting":"full_successor_reads_writes_no_last_pair_v2","successors":[1,2,3,4,5,6,7,8,9,10,11,12,13,14,15,16,16]}
{"case":2998,"call":0,"status":"budget","root":12,"steps":18446744073709551599,"normalized":18446744073709551596,"accounting":"full_successor_reads_writes_no_last_pair_v2","successors":[1,2,3,4,5,6,7,8,9,10,11,12,13,14,15,16,16]}
{"case":2999,"call":0,"status":"budget","root":13,"steps":18446744073709551600,"normalized":18446744073709551596,"accounting":"full_successor_reads_writes_no_last_pair_v2","successors":[1,2,3,4,5,6,7,8,9,10,11,12,13,14,15,16,16]}
{"case":3000,"call":0,"status":"budget","root":14,"steps":18446744073709551601,"normalized":18446744073709551596,"accounting":"full_successor_reads_writes_no_last_pair_v2","successors":[1,2,3,4,5,6,7,8,9,10,11,12,13,14,15,16,16]}
{"case":3001,"call":0,"status":"budget","root":15,"steps":18446744073709551602,"normalized":18446744073709551596,"accounting":"full_successor_reads_writes_no_last_pair_v2","successors":[1,2,3,4,5,6,7,8,9,10,11,12,13,14,15,16,16]}
{"case":3002,"call":0,"status":"budget","root":16,"steps":18446744073709551603,"normalized":18446744073709551596,"accounting":"full_successor_reads_writes_no_last_pair_v2","successors":[1,2,3,4,5,6,7,8,9,10,11,12,13,14,15,16,16]}
{"case":3003,"call":0,"status":"budget","root":16,"steps":18446744073709551604,"normalized":18446744073709551597,"accounting":"full_successor_reads_writes_no_last_pair_v2","successors":[1,2,3,4,5,6,7,8,9,10,11,12,13,14,15,16,16]}
{"case":3004,"call":0,"status":"budget","root":16,"steps":18446744073709551605,"normalized":18446744073709551597,"accounting":"full_successor_reads_writes_no_last_pair_v2","successors":[1,2,3,4,5,6,7,8,9,10,11,12,13,14,15,16,16]}
{"case":3005,"call":0,"status":"budget","root":16,"steps":18446744073709551606,"normalized":18446744073709551597,"accounting":"full_successor_reads_writes_no_last_pair_v2","successors":[1,2,3,4,5,6,7,8,9,10,16,12,13,14,15,16,16]}
{"case":3006,"call":0,"status":"budget","root":16,"steps":18446744073709551607,"normalized":18446744073709551597,"accounting":"full_successor_reads_writes_no_last_pair_v2","successors":[1,2,3,4,5,6,7,8,9,10,16,12,13,14,15,16,16]}
{"case":3007,"call":0,"status":"budget","root":16,"steps":18446744073709551608,"normalized":18446744073709551597,"accounting":"full_successor_reads_writes_no_last_pair_v2","successors":[1,2,3,4,5,6,7,8,9,10,16,16,13,14,15,16,16]}
{"case":3008,"call":0,"status":"budget","root":16,"steps":18446744073709551609,"normalized":18446744073709551597,"accounting":"full_successor_reads_writes_no_last_pair_v2","successors":[1,2,3,4,5,6,7,8,9,10,16,16,13,14,15,16,16]}
{"case":3009,"call":0,"status":"budget","root":16,"steps":18446744073709551610,"normalized":18446744073709551597,"accounting":"full_successor_reads_writes_no_last_pair_v2","successors":[1,2,3,4,5,6,7,8,9,10,16,16,16,14,15,16,16]}
{"case":3010,"call":0,"status":"budget","root":16,"steps":18446744073709551611,"normalized":18446744073709551597,"accounting":"full_successor_reads_writes_no_last_pair_v2","successors":[1,2,3,4,5,6,7,8,9,10,16,16,16,14,15,16,16]}
{"case":3011,"call":0,"status":"budget","root":16,"steps":18446744073709551612,"normalized":18446744073709551597,"accounting":"full_successor_reads_writes_no_last_pair_v2","successors":[1,2,3,4,5,6,7,8,9,10,16,16,16,16,15,16,16]}
{"case":3012,"call":0,"status":"budget","root":16,"steps":18446744073709551613,"normalized":18446744073709551597,"accounting":"full_successor_reads_writes_no_last_pair_v2","successors":[1,2,3,4,5,6,7,8,9,10,16,16,16,16,15,16,16]}
{"case":3013,"call":0,"status":"ok","root":16,"steps":18446744073709551614,"normalized":18446744073709551597,"accounting":"full_successor_reads_writes_no_last_pair_v2","successors":[1,2,3,4,5,6,7,8,9,10,16,16,16,16,16,16,16]}
{"case":3014,"call":0,"status":"ok","root":16,"steps":18446744073709551614,"normalized":18446744073709551597,"accounting":"full_successor_reads_writes_no_last_pair_v2","successors":[1,2,3,4,5,6,7,8,9,10,16,16,16,16,16,16,16]}
{"case":3015,"call":0,"status":"budget","root":10,"steps":11,"normalized":4,"accounting":"full_successor_reads_writes_no_last_pair_v2","successors":[1,2,3,4,5,6,7,8,9,10,11,12,13,14,15,16,16]}
{"case":3016,"call":0,"status":"budget","root":11,"steps":0,"normalized":0,"accounting":"full_successor_reads_writes_no_last_pair_v2","successors":[1,2,3,4,5,6,7,8,9,10,11,12,13,14,15,16,16]}
{"case":3017,"call":0,"status":"budget","root":12,"steps":1,"normalized":0,"accounting":"full_successor_reads_writes_no_last_pair_v2","successors":[1,2,3,4,5,6,7,8,9,10,11,12,13,14,15,16,16]}
{"case":3018,"call":0,"status":"budget","root":13,"steps":2,"normalized":0,"accounting":"full_successor_reads_writes_no_last_pair_v2","successors":[1,2,3,4,5,6,7,8,9,10,11,12,13,14,15,16,16]}
{"case":3019,"call":0,"status":"budget","root":14,"steps":3,"normalized":0,"accounting":"full_successor_reads_writes_no_last_pair_v2","successors":[1,2,3,4,5,6,7,8,9,10,11,12,13,14,15,16,16]}
{"case":3020,"call":0,"status":"budget","root":15,"steps":4,"normalized":0,"accounting":"full_successor_reads_writes_no_last_pair_v2","successors":[1,2,3,4,5,6,7,8,9,10,11,12,13,14,15,16,16]}
{"case":3021,"call":0,"status":"budget","root":16,"steps":5,"normalized":0,"accounting":"full_successor_reads_writes_no_last_pair_v2","successors":[1,2,3,4,5,6,7,8,9,10,11,12,13,14,15,16,16]}
{"case":3022,"call":0,"status":"budget","root":16,"steps":6,"normalized":1,"accounting":"full_successor_reads_writes_no_last_pair_v2","successors":[1,2,3,4,5,6,7,8,9,10,11,12,13,14,15,16,16]}
{"case":3023,"call":0,"status":"budget","root":16,"steps":7,"normalized":1,"accounting":"full_successor_reads_writes_no_last_pair_v2","successors":[1,2,3,4,5,6,7,8,9,10,11,12,13,14,15,16,16]}
{"case":3024,"call":0,"status":"budget","root":16,"steps":8,"normalized":1,"accounting":"full_successor_reads_writes_no_last_pair_v2","successors":[1,2,3,4,5,6,7,8,9,10,11,16,13,14,15,16,16]}
{"case":3025,"call":0,"status":"budget","root":16,"steps":9,"normalized":1,"accounting":"full_successor_reads_writes_no_last_pair_v2","successors":[1,2,3,4,5,6,7,8,9,10,11,16,13,14,15,16,16]}
{"case":3026,"call":0,"status":"budget","root":16,"steps":10,"normalized":1,"accounting":"full_successor_reads_writes_no_last_pair_v2","successors":[1,2,3,4,5,6,7,8,9,10,11,16,16,14,15,16,16]}
{"case":3027,"call":0,"status":"budget","root":16,"steps":11,"normalized":1,"accounting":"full_successor_reads_writes_no_last_pair_v2","successors":[1,2,3,4,5,6,7,8,9,10,11,16,16,14,15,16,16]}
{"case":3028,"call":0,"status":"budget","root":16,"steps":12,"normalized":1,"accounting":"full_successor_reads_writes_no_last_pair_v2","successors":[1,2,3,4,5,6,7,8,9,10,11,16,16,16,15,16,16]}
{"case":3029,"call":0,"status":"budget","root":16,"steps":13,"normalized":1,"accounting":"full_successor_reads_writes_no_last_pair_v2","successors":[1,2,3,4,5,6,7,8,9,10,11,16,16,16,15,16,16]}
{"case":3030,"call":0,"status":"ok","root":16,"steps":14,"normalized":1,"accounting":"full_successor_reads_writes_no_last_pair_v2","successors":[1,2,3,4,5,6,7,8,9,10,11,16,16,16,16,16,16]}
{"case":3031,"call":0,"status":"ok","root":16,"steps":14,"normalized":1,"accounting":"full_successor_reads_writes_no_last_pair_v2","successors":[1,2,3,4,5,6,7,8,9,10,11,16,16,16,16,16,16]}
{"case":3032,"call":0,"status":"budget","root":11,"steps":7,"normalized":3,"accounting":"full_successor_reads_writes_no_last_pair_v2","successors":[1,2,3,4,5,6,7,8,9,10,11,12,13,14,15,16,16]}
{"case":3033,"call":0,"status":"budget","root":12,"steps":8,"normalized":3,"accounting":"full_successor_reads_writes_no_last_pair_v2","successors":[1,2,3,4,5,6,7,8,9,10,11,12,13,14,15,16,16]}
{"case":3034,"call":0,"status":"budget","root":13,"steps":9,"normalized":3,"accounting":"full_successor_reads_writes_no_last_pair_v2","successors":[1,2,3,4,5,6,7,8,9,10,11,12,13,14,15,16,16]}
{"case":3035,"call":0,"status":"budget","root":14,"steps":10,"normalized":3,"accounting":"full_successor_reads_writes_no_last_pair_v2","successors":[1,2,3,4,5,6,7,8,9,10,11,12,13,14,15,16,16]}
{"case":3036,"call":0,"status":"budget","root":15,"steps":11,"normalized":3,"accounting":"full_successor_reads_writes_no_last_pair_v2","successors":[1,2,3,4,5,6,7,8,9,10,11,12,13,14,15,16,16]}
{"case":3037,"call":0,"status":"budget","root":16,"steps":12,"normalized":3,"accounting":"full_successor_reads_writes_no_last_pair_v2","successors":[1,2,3,4,5,6,7,8,9,10,11,12,13,14,15,16,16]}
{"case":3038,"call":0,"status":"budget","root":16,"steps":13,"normalized":4,"accounting":"full_successor_reads_writes_no_last_pair_v2","successors":[1,2,3,4,5,6,7,8,9,10,11,12,13,14,15,16,16]}
{"case":3039,"call":0,"status":"budget","root":16,"steps":14,"normalized":4,"accounting":"full_successor_reads_writes_no_last_pair_v2","successors":[1,2,3,4,5,6,7,8,9,10,11,12,13,14,15,16,16]}
{"case":3040,"call":0,"status":"budget","root":16,"steps":15,"normalized":4,"accounting":"full_successor_reads_writes_no_last_pair_v2","successors":[1,2,3,4,5,6,7,8,9,10,11,16,13,14,15,16,16]}
{"case":3041,"call":0,"status":"budget","root":16,"steps":16,"normalized":4,"accounting":"full_successor_reads_writes_no_last_pair_v2","successors":[1,2,3,4,5,6,7,8,9,10,11,16,13,14,15,16,16]}
{"case":3042,"call":0,"status":"budget","root":16,"steps":17,"normalized":4,"accounting":"full_successor_reads_writes_no_last_pair_v2","successors":[1,2,3,4,5,6,7,8,9,10,11,16,16,14,15,16,16]}
{"case":3043,"call":0,"status":"budget","root":16,"steps":18,"normalized":4,"accounting":"full_successor_reads_writes_no_last_pair_v2","successors":[1,2,3,4,5,6,7,8,9,10,11,16,16,14,15,16,16]}
{"case":3044,"call":0,"status":"budget","root":16,"steps":19,"normalized":4,"accounting":"full_successor_reads_writes_no_last_pair_v2","successors":[1,2,3,4,5,6,7,8,9,10,11,16,16,16,15,16,16]}
{"case":3045,"call":0,"status":"budget","root":16,"steps":20,"normalized":4,"accounting":"full_successor_reads_writes_no_last_pair_v2","successors":[1,2,3,4,5,6,7,8,9,10,11,16,16,16,15,16,16]}
{"case":3046,"call":0,"status":"ok","root":16,"steps":21,"normalized":4,"accounting":"full_successor_reads_writes_no_last_pair_v2","successors":[1,2,3,4,5,6,7,8,9,10,11,16,16,16,16,16,16]}
{"case":3047,"call":0,"status":"ok","root":16,"steps":21,"normalized":4,"accounting":"full_successor_reads_writes_no_last_pair_v2","successors":[1,2,3,4,5,6,7,8,9,10,11,16,16,16,16,16,16]}
{"case":3048,"call":0,"status":"budget","root":11,"steps":18446744073709551600,"normalized":18446744073709551599,"accounting":"full_successor_reads_writes_no_last_pair_v2","successors":[1,2,3,4,5,6,7,8,9,10,11,12,13,14,15,16,16]}
{"case":3049,"call":0,"status":"budget","root":12,"steps":18446744073709551601,"normalized":18446744073709551599,"accounting":"full_successor_reads_writes_no_last_pair_v2","successors":[1,2,3,4,5,6,7,8,9,10,11,12,13,14,15,16,16]}
{"case":3050,"call":0,"status":"budget","root":13,"steps":18446744073709551602,"normalized":18446744073709551599,"accounting":"full_successor_reads_writes_no_last_pair_v2","successors":[1,2,3,4,5,6,7,8,9,10,11,12,13,14,15,16,16]}
{"case":3051,"call":0,"status":"budget","root":14,"steps":18446744073709551603,"normalized":18446744073709551599,"accounting":"full_successor_reads_writes_no_last_pair_v2","successors":[1,2,3,4,5,6,7,8,9,10,11,12,13,14,15,16,16]}
{"case":3052,"call":0,"status":"budget","root":15,"steps":18446744073709551604,"normalized":18446744073709551599,"accounting":"full_successor_reads_writes_no_last_pair_v2","successors":[1,2,3,4,5,6,7,8,9,10,11,12,13,14,15,16,16]}
{"case":3053,"call":0,"status":"budget","root":16,"steps":18446744073709551605,"normalized":18446744073709551599,"accounting":"full_successor_reads_writes_no_last_pair_v2","successors":[1,2,3,4,5,6,7,8,9,10,11,12,13,14,15,16,16]}
{"case":3054,"call":0,"status":"budget","root":16,"steps":18446744073709551606,"normalized":18446744073709551600,"accounting":"full_successor_reads_writes_no_last_pair_v2","successors":[1,2,3,4,5,6,7,8,9,10,11,12,13,14,15,16,16]}
{"case":3055,"call":0,"status":"budget","root":16,"steps":18446744073709551607,"normalized":18446744073709551600,"accounting":"full_successor_reads_writes_no_last_pair_v2","successors":[1,2,3,4,5,6,7,8,9,10,11,12,13,14,15,16,16]}
{"case":3056,"call":0,"status":"budget","root":16,"steps":18446744073709551608,"normalized":18446744073709551600,"accounting":"full_successor_reads_writes_no_last_pair_v2","successors":[1,2,3,4,5,6,7,8,9,10,11,16,13,14,15,16,16]}
{"case":3057,"call":0,"status":"budget","root":16,"steps":18446744073709551609,"normalized":18446744073709551600,"accounting":"full_successor_reads_writes_no_last_pair_v2","successors":[1,2,3,4,5,6,7,8,9,10,11,16,13,14,15,16,16]}
{"case":3058,"call":0,"status":"budget","root":16,"steps":18446744073709551610,"normalized":18446744073709551600,"accounting":"full_successor_reads_writes_no_last_pair_v2","successors":[1,2,3,4,5,6,7,8,9,10,11,16,16,14,15,16,16]}
{"case":3059,"call":0,"status":"budget","root":16,"steps":18446744073709551611,"normalized":18446744073709551600,"accounting":"full_successor_reads_writes_no_last_pair_v2","successors":[1,2,3,4,5,6,7,8,9,10,11,16,16,14,15,16,16]}
{"case":3060,"call":0,"status":"budget","root":16,"steps":18446744073709551612,"normalized":18446744073709551600,"accounting":"full_successor_reads_writes_no_last_pair_v2","successors":[1,2,3,4,5,6,7,8,9,10,11,16,16,16,15,16,16]}
{"case":3061,"call":0,"status":"budget","root":16,"steps":18446744073709551613,"normalized":18446744073709551600,"accounting":"full_successor_reads_writes_no_last_pair_v2","successors":[1,2,3,4,5,6,7,8,9,10,11,16,16,16,15,16,16]}
{"case":3062,"call":0,"status":"ok","root":16,"steps":18446744073709551614,"normalized":18446744073709551600,"accounting":"full_successor_reads_writes_no_last_pair_v2","successors":[1,2,3,4,5,6,7,8,9,10,11,16,16,16,16,16,16]}
{"case":3063,"call":0,"status":"ok","root":16,"steps":18446744073709551614,"normalized":18446744073709551600,"accounting":"full_successor_reads_writes_no_last_pair_v2","successors":[1,2,3,4,5,6,7,8,9,10,11,16,16,16,16,16,16]}
{"case":3064,"call":0,"status":"budget","root":11,"steps":11,"normalized":4,"accounting":"full_successor_reads_writes_no_last_pair_v2","successors":[1,2,3,4,5,6,7,8,9,10,11,12,13,14,15,16,16]}
{"case":3065,"call":0,"status":"budget","root":12,"steps":0,"normalized":0,"accounting":"full_successor_reads_writes_no_last_pair_v2","successors":[1,2,3,4,5,6,7,8,9,10,11,12,13,14,15,16,16]}
{"case":3066,"call":0,"status":"budget","root":13,"steps":1,"normalized":0,"accounting":"full_successor_reads_writes_no_last_pair_v2","successors":[1,2,3,4,5,6,7,8,9,10,11,12,13,14,15,16,16]}
{"case":3067,"call":0,"status":"budget","root":14,"steps":2,"normalized":0,"accounting":"full_successor_reads_writes_no_last_pair_v2","successors":[1,2,3,4,5,6,7,8,9,10,11,12,13,14,15,16,16]}
{"case":3068,"call":0,"status":"budget","root":15,"steps":3,"normalized":0,"accounting":"full_successor_reads_writes_no_last_pair_v2","successors":[1,2,3,4,5,6,7,8,9,10,11,12,13,14,15,16,16]}
{"case":3069,"call":0,"status":"budget","root":16,"steps":4,"normalized":0,"accounting":"full_successor_reads_writes_no_last_pair_v2","successors":[1,2,3,4,5,6,7,8,9,10,11,12,13,14,15,16,16]}
{"case":3070,"call":0,"status":"budget","root":16,"steps":5,"normalized":1,"accounting":"full_successor_reads_writes_no_last_pair_v2","successors":[1,2,3,4,5,6,7,8,9,10,11,12,13,14,15,16,16]}
{"case":3071,"call":0,"status":"budget","root":16,"steps":6,"normalized":1,"accounting":"full_successor_reads_writes_no_last_pair_v2","successors":[1,2,3,4,5,6,7,8,9,10,11,12,13,14,15,16,16]}
{"case":3072,"call":0,"status":"budget","root":16,"steps":7,"normalized":1,"accounting":"full_successor_reads_writes_no_last_pair_v2","successors":[1,2,3,4,5,6,7,8,9,10,11,12,16,14,15,16,16]}
{"case":3073,"call":0,"status":"budget","root":16,"steps":8,"normalized":1,"accounting":"full_successor_reads_writes_no_last_pair_v2","successors":[1,2,3,4,5,6,7,8,9,10,11,12,16,14,15,16,16]}
{"case":3074,"call":0,"status":"budget","root":16,"steps":9,"normalized":1,"accounting":"full_successor_reads_writes_no_last_pair_v2","successors":[1,2,3,4,5,6,7,8,9,10,11,12,16,16,15,16,16]}
{"case":3075,"call":0,"status":"budget","root":16,"steps":10,"normalized":1,"accounting":"full_successor_reads_writes_no_last_pair_v2","successors":[1,2,3,4,5,6,7,8,9,10,11,12,16,16,15,16,16]}
{"case":3076,"call":0,"status":"ok","root":16,"steps":11,"normalized":1,"accounting":"full_successor_reads_writes_no_last_pair_v2","successors":[1,2,3,4,5,6,7,8,9,10,11,12,16,16,16,16,16]}
{"case":3077,"call":0,"status":"ok","root":16,"steps":11,"normalized":1,"accounting":"full_successor_reads_writes_no_last_pair_v2","successors":[1,2,3,4,5,6,7,8,9,10,11,12,16,16,16,16,16]}
{"case":3078,"call":0,"status":"budget","root":12,"steps":7,"normalized":3,"accounting":"full_successor_reads_writes_no_last_pair_v2","successors":[1,2,3,4,5,6,7,8,9,10,11,12,13,14,15,16,16]}
{"case":3079,"call":0,"status":"budget","root":13,"steps":8,"normalized":3,"accounting":"full_successor_reads_writes_no_last_pair_v2","successors":[1,2,3,4,5,6,7,8,9,10,11,12,13,14,15,16,16]}
{"case":3080,"call":0,"status":"budget","root":14,"steps":9,"normalized":3,"accounting":"full_successor_reads_writes_no_last_pair_v2","successors":[1,2,3,4,5,6,7,8,9,10,11,12,13,14,15,16,16]}
{"case":3081,"call":0,"status":"budget","root":15,"steps":10,"normalized":3,"accounting":"full_successor_reads_writes_no_last_pair_v2","successors":[1,2,3,4,5,6,7,8,9,10,11,12,13,14,15,16,16]}
{"case":3082,"call":0,"status":"budget","root":16,"steps":11,"normalized":3,"accounting":"full_successor_reads_writes_no_last_pair_v2","successors":[1,2,3,4,5,6,7,8,9,10,11,12,13,14,15,16,16]}
{"case":3083,"call":0,"status":"budget","root":16,"steps":12,"normalized":4,"accounting":"full_successor_reads_writes_no_last_pair_v2","successors":[1,2,3,4,5,6,7,8,9,10,11,12,13,14,15,16,16]}
{"case":3084,"call":0,"status":"budget","root":16,"steps":13,"normalized":4,"accounting":"full_successor_reads_writes_no_last_pair_v2","successors":[1,2,3,4,5,6,7,8,9,10,11,12,13,14,15,16,16]}
{"case":3085,"call":0,"status":"budget","root":16,"steps":14,"normalized":4,"accounting":"full_successor_reads_writes_no_last_pair_v2","successors":[1,2,3,4,5,6,7,8,9,10,11,12,16,14,15,16,16]}
{"case":3086,"call":0,"status":"budget","root":16,"steps":15,"normalized":4,"accounting":"full_successor_reads_writes_no_last_pair_v2","successors":[1,2,3,4,5,6,7,8,9,10,11,12,16,14,15,16,16]}
{"case":3087,"call":0,"status":"budget","root":16,"steps":16,"normalized":4,"accounting":"full_successor_reads_writes_no_last_pair_v2","successors":[1,2,3,4,5,6,7,8,9,10,11,12,16,16,15,16,16]}
{"case":3088,"call":0,"status":"budget","root":16,"steps":17,"normalized":4,"accounting":"full_successor_reads_writes_no_last_pair_v2","successors":[1,2,3,4,5,6,7,8,9,10,11,12,16,16,15,16,16]}
{"case":3089,"call":0,"status":"ok","root":16,"steps":18,"normalized":4,"accounting":"full_successor_reads_writes_no_last_pair_v2","successors":[1,2,3,4,5,6,7,8,9,10,11,12,16,16,16,16,16]}
{"case":3090,"call":0,"status":"ok","root":16,"steps":18,"normalized":4,"accounting":"full_successor_reads_writes_no_last_pair_v2","successors":[1,2,3,4,5,6,7,8,9,10,11,12,16,16,16,16,16]}
{"case":3091,"call":0,"status":"budget","root":12,"steps":18446744073709551603,"normalized":18446744073709551602,"accounting":"full_successor_reads_writes_no_last_pair_v2","successors":[1,2,3,4,5,6,7,8,9,10,11,12,13,14,15,16,16]}
{"case":3092,"call":0,"status":"budget","root":13,"steps":18446744073709551604,"normalized":18446744073709551602,"accounting":"full_successor_reads_writes_no_last_pair_v2","successors":[1,2,3,4,5,6,7,8,9,10,11,12,13,14,15,16,16]}
{"case":3093,"call":0,"status":"budget","root":14,"steps":18446744073709551605,"normalized":18446744073709551602,"accounting":"full_successor_reads_writes_no_last_pair_v2","successors":[1,2,3,4,5,6,7,8,9,10,11,12,13,14,15,16,16]}
{"case":3094,"call":0,"status":"budget","root":15,"steps":18446744073709551606,"normalized":18446744073709551602,"accounting":"full_successor_reads_writes_no_last_pair_v2","successors":[1,2,3,4,5,6,7,8,9,10,11,12,13,14,15,16,16]}
{"case":3095,"call":0,"status":"budget","root":16,"steps":18446744073709551607,"normalized":18446744073709551602,"accounting":"full_successor_reads_writes_no_last_pair_v2","successors":[1,2,3,4,5,6,7,8,9,10,11,12,13,14,15,16,16]}
{"case":3096,"call":0,"status":"budget","root":16,"steps":18446744073709551608,"normalized":18446744073709551603,"accounting":"full_successor_reads_writes_no_last_pair_v2","successors":[1,2,3,4,5,6,7,8,9,10,11,12,13,14,15,16,16]}
{"case":3097,"call":0,"status":"budget","root":16,"steps":18446744073709551609,"normalized":18446744073709551603,"accounting":"full_successor_reads_writes_no_last_pair_v2","successors":[1,2,3,4,5,6,7,8,9,10,11,12,13,14,15,16,16]}
{"case":3098,"call":0,"status":"budget","root":16,"steps":18446744073709551610,"normalized":18446744073709551603,"accounting":"full_successor_reads_writes_no_last_pair_v2","successors":[1,2,3,4,5,6,7,8,9,10,11,12,16,14,15,16,16]}
{"case":3099,"call":0,"status":"budget","root":16,"steps":18446744073709551611,"normalized":18446744073709551603,"accounting":"full_successor_reads_writes_no_last_pair_v2","successors":[1,2,3,4,5,6,7,8,9,10,11,12,16,14,15,16,16]}
{"case":3100,"call":0,"status":"budget","root":16,"steps":18446744073709551612,"normalized":18446744073709551603,"accounting":"full_successor_reads_writes_no_last_pair_v2","successors":[1,2,3,4,5,6,7,8,9,10,11,12,16,16,15,16,16]}
{"case":3101,"call":0,"status":"budget","root":16,"steps":18446744073709551613,"normalized":18446744073709551603,"accounting":"full_successor_reads_writes_no_last_pair_v2","successors":[1,2,3,4,5,6,7,8,9,10,11,12,16,16,15,16,16]}
{"case":3102,"call":0,"status":"ok","root":16,"steps":18446744073709551614,"normalized":18446744073709551603,"accounting":"full_successor_reads_writes_no_last_pair_v2","successors":[1,2,3,4,5,6,7,8,9,10,11,12,16,16,16,16,16]}
{"case":3103,"call":0,"status":"ok","root":16,"steps":18446744073709551614,"normalized":18446744073709551603,"accounting":"full_successor_reads_writes_no_last_pair_v2","successors":[1,2,3,4,5,6,7,8,9,10,11,12,16,16,16,16,16]}
{"case":3104,"call":0,"status":"budget","root":12,"steps":11,"normalized":4,"accounting":"full_successor_reads_writes_no_last_pair_v2","successors":[1,2,3,4,5,6,7,8,9,10,11,12,13,14,15,16,16]}
{"case":3105,"call":0,"status":"budget","root":13,"steps":0,"normalized":0,"accounting":"full_successor_reads_writes_no_last_pair_v2","successors":[1,2,3,4,5,6,7,8,9,10,11,12,13,14,15,16,16]}
{"case":3106,"call":0,"status":"budget","root":14,"steps":1,"normalized":0,"accounting":"full_successor_reads_writes_no_last_pair_v2","successors":[1,2,3,4,5,6,7,8,9,10,11,12,13,14,15,16,16]}
{"case":3107,"call":0,"status":"budget","root":15,"steps":2,"normalized":0,"accounting":"full_successor_reads_writes_no_last_pair_v2","successors":[1,2,3,4,5,6,7,8,9,10,11,12,13,14,15,16,16]}
{"case":3108,"call":0,"status":"budget","root":16,"steps":3,"normalized":0,"accounting":"full_successor_reads_writes_no_last_pair_v2","successors":[1,2,3,4,5,6,7,8,9,10,11,12,13,14,15,16,16]}
{"case":3109,"call":0,"status":"budget","root":16,"steps":4,"normalized":1,"accounting":"full_successor_reads_writes_no_last_pair_v2","successors":[1,2,3,4,5,6,7,8,9,10,11,12,13,14,15,16,16]}
{"case":3110,"call":0,"status":"budget","root":16,"steps":5,"normalized":1,"accounting":"full_successor_reads_writes_no_last_pair_v2","successors":[1,2,3,4,5,6,7,8,9,10,11,12,13,14,15,16,16]}
{"case":3111,"call":0,"status":"budget","root":16,"steps":6,"normalized":1,"accounting":"full_successor_reads_writes_no_last_pair_v2","successors":[1,2,3,4,5,6,7,8,9,10,11,12,13,16,15,16,16]}
{"case":3112,"call":0,"status":"budget","root":16,"steps":7,"normalized":1,"accounting":"full_successor_reads_writes_no_last_pair_v2","successors":[1,2,3,4,5,6,7,8,9,10,11,12,13,16,15,16,16]}
{"case":3113,"call":0,"status":"ok","root":16,"steps":8,"normalized":1,"accounting":"full_successor_reads_writes_no_last_pair_v2","successors":[1,2,3,4,5,6,7,8,9,10,11,12,13,16,16,16,16]}
{"case":3114,"call":0,"status":"ok","root":16,"steps":8,"normalized":1,"accounting":"full_successor_reads_writes_no_last_pair_v2","successors":[1,2,3,4,5,6,7,8,9,10,11,12,13,16,16,16,16]}
{"case":3115,"call":0,"status":"budget","root":13,"steps":7,"normalized":3,"accounting":"full_successor_reads_writes_no_last_pair_v2","successors":[1,2,3,4,5,6,7,8,9,10,11,12,13,14,15,16,16]}
{"case":3116,"call":0,"status":"budget","root":14,"steps":8,"normalized":3,"accounting":"full_successor_reads_writes_no_last_pair_v2","successors":[1,2,3,4,5,6,7,8,9,10,11,12,13,14,15,16,16]}
{"case":3117,"call":0,"status":"budget","root":15,"steps":9,"normalized":3,"accounting":"full_successor_reads_writes_no_last_pair_v2","successors":[1,2,3,4,5,6,7,8,9,10,11,12,13,14,15,16,16]}
{"case":3118,"call":0,"status":"budget","root":16,"steps":10,"normalized":3,"accounting":"full_successor_reads_writes_no_last_pair_v2","successors":[1,2,3,4,5,6,7,8,9,10,11,12,13,14,15,16,16]}
{"case":3119,"call":0,"status":"budget","root":16,"steps":11,"normalized":4,"accounting":"full_successor_reads_writes_no_last_pair_v2","successors":[1,2,3,4,5,6,7,8,9,10,11,12,13,14,15,16,16]}
{"case":3120,"call":0,"status":"budget","root":16,"steps":12,"normalized":4,"accounting":"full_successor_reads_writes_no_last_pair_v2","successors":[1,2,3,4,5,6,7,8,9,10,11,12,13,14,15,16,16]}
{"case":3121,"call":0,"status":"budget","root":16,"steps":13,"normalized":4,"accounting":"full_successor_reads_writes_no_last_pair_v2","successors":[1,2,3,4,5,6,7,8,9,10,11,12,13,16,15,16,16]}
{"case":3122,"call":0,"status":"budget","root":16,"steps":14,"normalized":4,"accounting":"full_successor_reads_writes_no_last_pair_v2","successors":[1,2,3,4,5,6,7,8,9,10,11,12,13,16,15,16,16]}
{"case":3123,"call":0,"status":"ok","root":16,"steps":15,"normalized":4,"accounting":"full_successor_reads_writes_no_last_pair_v2","successors":[1,2,3,4,5,6,7,8,9,10,11,12,13,16,16,16,16]}
{"case":3124,"call":0,"status":"ok","root":16,"steps":15,"normalized":4,"accounting":"full_successor_reads_writes_no_last_pair_v2","successors":[1,2,3,4,5,6,7,8,9,10,11,12,13,16,16,16,16]}
{"case":3125,"call":0,"status":"budget","root":13,"steps":18446744073709551606,"normalized":18446744073709551605,"accounting":"full_successor_reads_writes_no_last_pair_v2","successors":[1,2,3,4,5,6,7,8,9,10,11,12,13,14,15,16,16]}
{"case":3126,"call":0,"status":"budget","root":14,"steps":18446744073709551607,"normalized":18446744073709551605,"accounting":"full_successor_reads_writes_no_last_pair_v2","successors":[1,2,3,4,5,6,7,8,9,10,11,12,13,14,15,16,16]}
{"case":3127,"call":0,"status":"budget","root":15,"steps":18446744073709551608,"normalized":18446744073709551605,"accounting":"full_successor_reads_writes_no_last_pair_v2","successors":[1,2,3,4,5,6,7,8,9,10,11,12,13,14,15,16,16]}
{"case":3128,"call":0,"status":"budget","root":16,"steps":18446744073709551609,"normalized":18446744073709551605,"accounting":"full_successor_reads_writes_no_last_pair_v2","successors":[1,2,3,4,5,6,7,8,9,10,11,12,13,14,15,16,16]}
{"case":3129,"call":0,"status":"budget","root":16,"steps":18446744073709551610,"normalized":18446744073709551606,"accounting":"full_successor_reads_writes_no_last_pair_v2","successors":[1,2,3,4,5,6,7,8,9,10,11,12,13,14,15,16,16]}
{"case":3130,"call":0,"status":"budget","root":16,"steps":18446744073709551611,"normalized":18446744073709551606,"accounting":"full_successor_reads_writes_no_last_pair_v2","successors":[1,2,3,4,5,6,7,8,9,10,11,12,13,14,15,16,16]}
{"case":3131,"call":0,"status":"budget","root":16,"steps":18446744073709551612,"normalized":18446744073709551606,"accounting":"full_successor_reads_writes_no_last_pair_v2","successors":[1,2,3,4,5,6,7,8,9,10,11,12,13,16,15,16,16]}
{"case":3132,"call":0,"status":"budget","root":16,"steps":18446744073709551613,"normalized":18446744073709551606,"accounting":"full_successor_reads_writes_no_last_pair_v2","successors":[1,2,3,4,5,6,7,8,9,10,11,12,13,16,15,16,16]}
{"case":3133,"call":0,"status":"ok","root":16,"steps":18446744073709551614,"normalized":18446744073709551606,"accounting":"full_successor_reads_writes_no_last_pair_v2","successors":[1,2,3,4,5,6,7,8,9,10,11,12,13,16,16,16,16]}
{"case":3134,"call":0,"status":"ok","root":16,"steps":18446744073709551614,"normalized":18446744073709551606,"accounting":"full_successor_reads_writes_no_last_pair_v2","successors":[1,2,3,4,5,6,7,8,9,10,11,12,13,16,16,16,16]}
{"case":3135,"call":0,"status":"budget","root":13,"steps":11,"normalized":4,"accounting":"full_successor_reads_writes_no_last_pair_v2","successors":[1,2,3,4,5,6,7,8,9,10,11,12,13,14,15,16,16]}
{"case":3136,"call":0,"status":"budget","root":14,"steps":0,"normalized":0,"accounting":"full_successor_reads_writes_no_last_pair_v2","successors":[1,2,3,4,5,6,7,8,9,10,11,12,13,14,15,16,16]}
{"case":3137,"call":0,"status":"budget","root":15,"steps":1,"normalized":0,"accounting":"full_successor_reads_writes_no_last_pair_v2","successors":[1,2,3,4,5,6,7,8,9,10,11,12,13,14,15,16,16]}
{"case":3138,"call":0,"status":"budget","root":16,"steps":2,"normalized":0,"accounting":"full_successor_reads_writes_no_last_pair_v2","successors":[1,2,3,4,5,6,7,8,9,10,11,12,13,14,15,16,16]}
{"case":3139,"call":0,"status":"budget","root":16,"steps":3,"normalized":1,"accounting":"full_successor_reads_writes_no_last_pair_v2","successors":[1,2,3,4,5,6,7,8,9,10,11,12,13,14,15,16,16]}
{"case":3140,"call":0,"status":"budget","root":16,"steps":4,"normalized":1,"accounting":"full_successor_reads_writes_no_last_pair_v2","successors":[1,2,3,4,5,6,7,8,9,10,11,12,13,14,15,16,16]}
{"case":3141,"call":0,"status":"ok","root":16,"steps":5,"normalized":1,"accounting":"full_successor_reads_writes_no_last_pair_v2","successors":[1,2,3,4,5,6,7,8,9,10,11,12,13,14,16,16,16]}
{"case":3142,"call":0,"status":"ok","root":16,"steps":5,"normalized":1,"accounting":"full_successor_reads_writes_no_last_pair_v2","successors":[1,2,3,4,5,6,7,8,9,10,11,12,13,14,16,16,16]}
{"case":3143,"call":0,"status":"budget","root":14,"steps":7,"normalized":3,"accounting":"full_successor_reads_writes_no_last_pair_v2","successors":[1,2,3,4,5,6,7,8,9,10,11,12,13,14,15,16,16]}
{"case":3144,"call":0,"status":"budget","root":15,"steps":8,"normalized":3,"accounting":"full_successor_reads_writes_no_last_pair_v2","successors":[1,2,3,4,5,6,7,8,9,10,11,12,13,14,15,16,16]}
{"case":3145,"call":0,"status":"budget","root":16,"steps":9,"normalized":3,"accounting":"full_successor_reads_writes_no_last_pair_v2","successors":[1,2,3,4,5,6,7,8,9,10,11,12,13,14,15,16,16]}
{"case":3146,"call":0,"status":"budget","root":16,"steps":10,"normalized":4,"accounting":"full_successor_reads_writes_no_last_pair_v2","successors":[1,2,3,4,5,6,7,8,9,10,11,12,13,14,15,16,16]}
{"case":3147,"call":0,"status":"budget","root":16,"steps":11,"normalized":4,"accounting":"full_successor_reads_writes_no_last_pair_v2","successors":[1,2,3,4,5,6,7,8,9,10,11,12,13,14,15,16,16]}
{"case":3148,"call":0,"status":"ok","root":16,"steps":12,"normalized":4,"accounting":"full_successor_reads_writes_no_last_pair_v2","successors":[1,2,3,4,5,6,7,8,9,10,11,12,13,14,16,16,16]}
{"case":3149,"call":0,"status":"ok","root":16,"steps":12,"normalized":4,"accounting":"full_successor_reads_writes_no_last_pair_v2","successors":[1,2,3,4,5,6,7,8,9,10,11,12,13,14,16,16,16]}
{"case":3150,"call":0,"status":"budget","root":14,"steps":18446744073709551609,"normalized":18446744073709551608,"accounting":"full_successor_reads_writes_no_last_pair_v2","successors":[1,2,3,4,5,6,7,8,9,10,11,12,13,14,15,16,16]}
{"case":3151,"call":0,"status":"budget","root":15,"steps":18446744073709551610,"normalized":18446744073709551608,"accounting":"full_successor_reads_writes_no_last_pair_v2","successors":[1,2,3,4,5,6,7,8,9,10,11,12,13,14,15,16,16]}
{"case":3152,"call":0,"status":"budget","root":16,"steps":18446744073709551611,"normalized":18446744073709551608,"accounting":"full_successor_reads_writes_no_last_pair_v2","successors":[1,2,3,4,5,6,7,8,9,10,11,12,13,14,15,16,16]}
{"case":3153,"call":0,"status":"budget","root":16,"steps":18446744073709551612,"normalized":18446744073709551609,"accounting":"full_successor_reads_writes_no_last_pair_v2","successors":[1,2,3,4,5,6,7,8,9,10,11,12,13,14,15,16,16]}
{"case":3154,"call":0,"status":"budget","root":16,"steps":18446744073709551613,"normalized":18446744073709551609,"accounting":"full_successor_reads_writes_no_last_pair_v2","successors":[1,2,3,4,5,6,7,8,9,10,11,12,13,14,15,16,16]}
{"case":3155,"call":0,"status":"ok","root":16,"steps":18446744073709551614,"normalized":18446744073709551609,"accounting":"full_successor_reads_writes_no_last_pair_v2","successors":[1,2,3,4,5,6,7,8,9,10,11,12,13,14,16,16,16]}
{"case":3156,"call":0,"status":"ok","root":16,"steps":18446744073709551614,"normalized":18446744073709551609,"accounting":"full_successor_reads_writes_no_last_pair_v2","successors":[1,2,3,4,5,6,7,8,9,10,11,12,13,14,16,16,16]}
{"case":3157,"call":0,"status":"budget","root":14,"steps":11,"normalized":4,"accounting":"full_successor_reads_writes_no_last_pair_v2","successors":[1,2,3,4,5,6,7,8,9,10,11,12,13,14,15,16,16]}
{"case":3158,"call":0,"status":"budget","root":15,"steps":0,"normalized":0,"accounting":"full_successor_reads_writes_no_last_pair_v2","successors":[1,2,3,4,5,6,7,8,9,10,11,12,13,14,15,16,16]}
{"case":3159,"call":0,"status":"budget","root":16,"steps":1,"normalized":0,"accounting":"full_successor_reads_writes_no_last_pair_v2","successors":[1,2,3,4,5,6,7,8,9,10,11,12,13,14,15,16,16]}
{"case":3160,"call":0,"status":"ok","root":16,"steps":2,"normalized":1,"accounting":"full_successor_reads_writes_no_last_pair_v2","successors":[1,2,3,4,5,6,7,8,9,10,11,12,13,14,15,16,16]}
{"case":3161,"call":0,"status":"ok","root":16,"steps":2,"normalized":1,"accounting":"full_successor_reads_writes_no_last_pair_v2","successors":[1,2,3,4,5,6,7,8,9,10,11,12,13,14,15,16,16]}
{"case":3162,"call":0,"status":"budget","root":15,"steps":7,"normalized":3,"accounting":"full_successor_reads_writes_no_last_pair_v2","successors":[1,2,3,4,5,6,7,8,9,10,11,12,13,14,15,16,16]}
{"case":3163,"call":0,"status":"budget","root":16,"steps":8,"normalized":3,"accounting":"full_successor_reads_writes_no_last_pair_v2","successors":[1,2,3,4,5,6,7,8,9,10,11,12,13,14,15,16,16]}
{"case":3164,"call":0,"status":"ok","root":16,"steps":9,"normalized":4,"accounting":"full_successor_reads_writes_no_last_pair_v2","successors":[1,2,3,4,5,6,7,8,9,10,11,12,13,14,15,16,16]}
{"case":3165,"call":0,"status":"ok","root":16,"steps":9,"normalized":4,"accounting":"full_successor_reads_writes_no_last_pair_v2","successors":[1,2,3,4,5,6,7,8,9,10,11,12,13,14,15,16,16]}
{"case":3166,"call":0,"status":"budget","root":15,"steps":18446744073709551612,"normalized":18446744073709551611,"accounting":"full_successor_reads_writes_no_last_pair_v2","successors":[1,2,3,4,5,6,7,8,9,10,11,12,13,14,15,16,16]}
{"case":3167,"call":0,"status":"budget","root":16,"steps":18446744073709551613,"normalized":18446744073709551611,"accounting":"full_successor_reads_writes_no_last_pair_v2","successors":[1,2,3,4,5,6,7,8,9,10,11,12,13,14,15,16,16]}
{"case":3168,"call":0,"status":"ok","root":16,"steps":18446744073709551614,"normalized":18446744073709551612,"accounting":"full_successor_reads_writes_no_last_pair_v2","successors":[1,2,3,4,5,6,7,8,9,10,11,12,13,14,15,16,16]}
{"case":3169,"call":0,"status":"ok","root":16,"steps":18446744073709551614,"normalized":18446744073709551612,"accounting":"full_successor_reads_writes_no_last_pair_v2","successors":[1,2,3,4,5,6,7,8,9,10,11,12,13,14,15,16,16]}
{"case":3170,"call":0,"status":"budget","root":15,"steps":11,"normalized":4,"accounting":"full_successor_reads_writes_no_last_pair_v2","successors":[1,2,3,4,5,6,7,8,9,10,11,12,13,14,15,16,16]}
{"case":3171,"call":0,"status":"budget","root":16,"steps":0,"normalized":0,"accounting":"full_successor_reads_writes_no_last_pair_v2","successors":[1,2,3,4,5,6,7,8,9,10,11,12,13,14,15,16,16]}
{"case":3172,"call":0,"status":"ok","root":16,"steps":1,"normalized":0,"accounting":"full_successor_reads_writes_no_last_pair_v2","successors":[1,2,3,4,5,6,7,8,9,10,11,12,13,14,15,16,16]}
{"case":3173,"call":0,"status":"ok","root":16,"steps":1,"normalized":0,"accounting":"full_successor_reads_writes_no_last_pair_v2","successors":[1,2,3,4,5,6,7,8,9,10,11,12,13,14,15,16,16]}
{"case":3174,"call":0,"status":"budget","root":16,"steps":7,"normalized":3,"accounting":"full_successor_reads_writes_no_last_pair_v2","successors":[1,2,3,4,5,6,7,8,9,10,11,12,13,14,15,16,16]}
{"case":3175,"call":0,"status":"ok","root":16,"steps":8,"normalized":3,"accounting":"full_successor_reads_writes_no_last_pair_v2","successors":[1,2,3,4,5,6,7,8,9,10,11,12,13,14,15,16,16]}
{"case":3176,"call":0,"status":"ok","root":16,"steps":8,"normalized":3,"accounting":"full_successor_reads_writes_no_last_pair_v2","successors":[1,2,3,4,5,6,7,8,9,10,11,12,13,14,15,16,16]}
{"case":3177,"call":0,"status":"budget","root":16,"steps":18446744073709551613,"normalized":18446744073709551612,"accounting":"full_successor_reads_writes_no_last_pair_v2","successors":[1,2,3,4,5,6,7,8,9,10,11,12,13,14,15,16,16]}
{"case":3178,"call":0,"status":"ok","root":16,"steps":18446744073709551614,"normalized":18446744073709551612,"accounting":"full_successor_reads_writes_no_last_pair_v2","successors":[1,2,3,4,5,6,7,8,9,10,11,12,13,14,15,16,16]}
{"case":3179,"call":0,"status":"ok","root":16,"steps":18446744073709551614,"normalized":18446744073709551612,"accounting":"full_successor_reads_writes_no_last_pair_v2","successors":[1,2,3,4,5,6,7,8,9,10,11,12,13,14,15,16,16]}
{"case":3180,"call":0,"status":"budget","root":16,"steps":11,"normalized":4,"accounting":"full_successor_reads_writes_no_last_pair_v2","successors":[1,2,3,4,5,6,7,8,9,10,11,12,13,14,15,16,16]}
{"case":3181,"call":0,"status":"unknown","root":23,"steps":0,"normalized":0,"accounting":"full_successor_reads_writes_no_last_pair_v2","successors":[1,2,3,4,5,6,7,8,9,10,11,12,13,14,15,16,16]}
{"case":3182,"call":0,"status":"unknown","root":23,"steps":7,"normalized":3,"accounting":"full_successor_reads_writes_no_last_pair_v2","successors":[1,2,3,4,5,6,7,8,9,10,11,12,13,14,15,16,16]}
{"case":3183,"call":0,"status":"unknown","root":23,"steps":18446744073709551615,"normalized":18446744073709551615,"accounting":"full_successor_reads_writes_no_last_pair_v2","successors":[1,2,3,4,5,6,7,8,9,10,11,12,13,14,15,16,16]}
{"case":3184,"call":0,"status":"unknown","root":23,"steps":0,"normalized":0,"accounting":"full_successor_reads_writes_no_last_pair_v2","successors":[1,2,3,4,5,6,7,8,9,10,11,12,13,14,15,16,16]}
{"case":3185,"call":0,"status":"unknown","root":23,"steps":7,"normalized":3,"accounting":"full_successor_reads_writes_no_last_pair_v2","successors":[1,2,3,4,5,6,7,8,9,10,11,12,13,14,15,16,16]}
{"case":3186,"call":0,"status":"unknown","root":23,"steps":18446744073709551615,"normalized":18446744073709551615,"accounting":"full_successor_reads_writes_no_last_pair_v2","successors":[1,2,3,4,5,6,7,8,9,10,11,12,13,14,15,16,16]}
{"case":3187,"call":0,"status":"budget","root":0,"steps":0,"normalized":0,"accounting":"full_successor_reads_writes_no_last_pair_v2","successors":[4,6,4,8,9,6,11,7,11,11,10,11]}
{"case":3188,"call":0,"status":"budget","root":4,"steps":1,"normalized":0,"accounting":"full_successor_reads_writes_no_last_pair_v2","successors":[4,6,4,8,9,6,11,7,11,11,10,11]}
{"case":3189,"call":0,"status":"budget","root":9,"steps":2,"normalized":0,"accounting":"full_successor_reads_writes_no_last_pair_v2","successors":[4,6,4,8,9,6,11,7,11,11,10,11]}
{"case":3190,"call":0,"status":"budget","root":11,"steps":3,"normalized":0,"accounting":"full_successor_reads_writes_no_last_pair_v2","successors":[4,6,4,8,9,6,11,7,11,11,10,11]}
{"case":3191,"call":0,"status":"budget","root":11,"steps":4,"normalized":1,"accounting":"full_successor_reads_writes_no_last_pair_v2","successors":[4,6,4,8,9,6,11,7,11,11,10,11]}
{"case":3192,"call":0,"status":"budget","root":11,"steps":5,"normalized":1,"accounting":"full_successor_reads_writes_no_last_pair_v2","successors":[4,6,4,8,9,6,11,7,11,11,10,11]}
{"case":3193,"call":0,"status":"budget","root":11,"steps":6,"normalized":1,"accounting":"full_successor_reads_writes_no_last_pair_v2","successors":[11,6,4,8,9,6,11,7,11,11,10,11]}
{"case":3194,"call":0,"status":"budget","root":11,"steps":7,"normalized":1,"accounting":"full_successor_reads_writes_no_last_pair_v2","successors":[11,6,4,8,9,6,11,7,11,11,10,11]}
{"case":3195,"call":0,"status":"ok","root":11,"steps":8,"normalized":1,"accounting":"full_successor_reads_writes_no_last_pair_v2","successors":[11,6,4,8,11,6,11,7,11,11,10,11]}
{"case":3196,"call":0,"status":"ok","root":11,"steps":8,"normalized":1,"accounting":"full_successor_reads_writes_no_last_pair_v2","successors":[11,6,4,8,11,6,11,7,11,11,10,11]}
{"case":3197,"call":0,"status":"budget","root":0,"steps":7,"normalized":3,"accounting":"full_successor_reads_writes_no_last_pair_v2","successors":[4,6,4,8,9,6,11,7,11,11,10,11]}
{"case":3198,"call":0,"status":"budget","root":4,"steps":8,"normalized":3,"accounting":"full_successor_reads_writes_no_last_pair_v2","successors":[4,6,4,8,9,6,11,7,11,11,10,11]}
{"case":3199,"call":0,"status":"budget","root":9,"steps":9,"normalized":3,"accounting":"full_successor_reads_writes_no_last_pair_v2","successors":[4,6,4,8,9,6,11,7,11,11,10,11]}
{"case":3200,"call":0,"status":"budget","root":11,"steps":10,"normalized":3,"accounting":"full_successor_reads_writes_no_last_pair_v2","successors":[4,6,4,8,9,6,11,7,11,11,10,11]}
{"case":3201,"call":0,"status":"budget","root":11,"steps":11,"normalized":4,"accounting":"full_successor_reads_writes_no_last_pair_v2","successors":[4,6,4,8,9,6,11,7,11,11,10,11]}
{"case":3202,"call":0,"status":"budget","root":11,"steps":12,"normalized":4,"accounting":"full_successor_reads_writes_no_last_pair_v2","successors":[4,6,4,8,9,6,11,7,11,11,10,11]}
{"case":3203,"call":0,"status":"budget","root":11,"steps":13,"normalized":4,"accounting":"full_successor_reads_writes_no_last_pair_v2","successors":[11,6,4,8,9,6,11,7,11,11,10,11]}
{"case":3204,"call":0,"status":"budget","root":11,"steps":14,"normalized":4,"accounting":"full_successor_reads_writes_no_last_pair_v2","successors":[11,6,4,8,9,6,11,7,11,11,10,11]}
{"case":3205,"call":0,"status":"ok","root":11,"steps":15,"normalized":4,"accounting":"full_successor_reads_writes_no_last_pair_v2","successors":[11,6,4,8,11,6,11,7,11,11,10,11]}
{"case":3206,"call":0,"status":"ok","root":11,"steps":15,"normalized":4,"accounting":"full_successor_reads_writes_no_last_pair_v2","successors":[11,6,4,8,11,6,11,7,11,11,10,11]}
{"case":3207,"call":0,"status":"budget","root":0,"steps":18446744073709551606,"normalized":18446744073709551605,"accounting":"full_successor_reads_writes_no_last_pair_v2","successors":[4,6,4,8,9,6,11,7,11,11,10,11]}
{"case":3208,"call":0,"status":"budget","root":4,"steps":18446744073709551607,"normalized":18446744073709551605,"accounting":"full_successor_reads_writes_no_last_pair_v2","successors":[4,6,4,8,9,6,11,7,11,11,10,11]}
{"case":3209,"call":0,"status":"budget","root":9,"steps":18446744073709551608,"normalized":18446744073709551605,"accounting":"full_successor_reads_writes_no_last_pair_v2","successors":[4,6,4,8,9,6,11,7,11,11,10,11]}
{"case":3210,"call":0,"status":"budget","root":11,"steps":18446744073709551609,"normalized":18446744073709551605,"accounting":"full_successor_reads_writes_no_last_pair_v2","successors":[4,6,4,8,9,6,11,7,11,11,10,11]}
{"case":3211,"call":0,"status":"budget","root":11,"steps":18446744073709551610,"normalized":18446744073709551606,"accounting":"full_successor_reads_writes_no_last_pair_v2","successors":[4,6,4,8,9,6,11,7,11,11,10,11]}
{"case":3212,"call":0,"status":"budget","root":11,"steps":18446744073709551611,"normalized":18446744073709551606,"accounting":"full_successor_reads_writes_no_last_pair_v2","successors":[4,6,4,8,9,6,11,7,11,11,10,11]}
{"case":3213,"call":0,"status":"budget","root":11,"steps":18446744073709551612,"normalized":18446744073709551606,"accounting":"full_successor_reads_writes_no_last_pair_v2","successors":[11,6,4,8,9,6,11,7,11,11,10,11]}
{"case":3214,"call":0,"status":"budget","root":11,"steps":18446744073709551613,"normalized":18446744073709551606,"accounting":"full_successor_reads_writes_no_last_pair_v2","successors":[11,6,4,8,9,6,11,7,11,11,10,11]}
{"case":3215,"call":0,"status":"ok","root":11,"steps":18446744073709551614,"normalized":18446744073709551606,"accounting":"full_successor_reads_writes_no_last_pair_v2","successors":[11,6,4,8,11,6,11,7,11,11,10,11]}
{"case":3216,"call":0,"status":"ok","root":11,"steps":18446744073709551614,"normalized":18446744073709551606,"accounting":"full_successor_reads_writes_no_last_pair_v2","successors":[11,6,4,8,11,6,11,7,11,11,10,11]}
{"case":3217,"call":0,"status":"budget","root":0,"steps":11,"normalized":4,"accounting":"full_successor_reads_writes_no_last_pair_v2","successors":[4,6,4,8,9,6,11,7,11,11,10,11]}
{"case":3218,"call":0,"status":"budget","root":1,"steps":0,"normalized":0,"accounting":"full_successor_reads_writes_no_last_pair_v2","successors":[4,6,4,8,9,6,11,7,11,11,10,11]}
{"case":3219,"call":0,"status":"budget","root":6,"steps":1,"normalized":0,"accounting":"full_successor_reads_writes_no_last_pair_v2","successors":[4,6,4,8,9,6,11,7,11,11,10,11]}
{"case":3220,"call":0,"status":"budget","root":11,"steps":2,"normalized":0,"accounting":"full_successor_reads_writes_no_last_pair_v2","successors":[4,6,4,8,9,6,11,7,11,11,10,11]}
{"case":3221,"call":0,"status":"budget","root":11,"steps":3,"normalized":1,"accounting":"full_successor_reads_writes_no_last_pair_v2","successors":[4,6,4,8,9,6,11,7,11,11,10,11]}
{"case":3222,"call":0,"status":"budget","root":11,"steps":4,"normalized":1,"accounting":"full_successor_reads_writes_no_last_pair_v2","successors":[4,6,4,8,9,6,11,7,11,11,10,11]}
{"case":3223,"call":0,"status":"ok","root":11,"steps":5,"normalized":1,"accounting":"full_successor_reads_writes_no_last_pair_v2","successors":[4,11,4,8,9,6,11,7,11,11,10,11]}
{"case":3224,"call":0,"status":"ok","root":11,"steps":5,"normalized":1,"accounting":"full_successor_reads_writes_no_last_pair_v2","successors":[4,11,4,8,9,6,11,7,11,11,10,11]}
{"case":3225,"call":0,"status":"budget","root":1,"steps":7,"normalized":3,"accounting":"full_successor_reads_writes_no_last_pair_v2","successors":[4,6,4,8,9,6,11,7,11,11,10,11]}
{"case":3226,"call":0,"status":"budget","root":6,"steps":8,"normalized":3,"accounting":"full_successor_reads_writes_no_last_pair_v2","successors":[4,6,4,8,9,6,11,7,11,11,10,11]}
{"case":3227,"call":0,"status":"budget","root":11,"steps":9,"normalized":3,"accounting":"full_successor_reads_writes_no_last_pair_v2","successors":[4,6,4,8,9,6,11,7,11,11,10,11]}
{"case":3228,"call":0,"status":"budget","root":11,"steps":10,"normalized":4,"accounting":"full_successor_reads_writes_no_last_pair_v2","successors":[4,6,4,8,9,6,11,7,11,11,10,11]}
{"case":3229,"call":0,"status":"budget","root":11,"steps":11,"normalized":4,"accounting":"full_successor_reads_writes_no_last_pair_v2","successors":[4,6,4,8,9,6,11,7,11,11,10,11]}
{"case":3230,"call":0,"status":"ok","root":11,"steps":12,"normalized":4,"accounting":"full_successor_reads_writes_no_last_pair_v2","successors":[4,11,4,8,9,6,11,7,11,11,10,11]}
{"case":3231,"call":0,"status":"ok","root":11,"steps":12,"normalized":4,"accounting":"full_successor_reads_writes_no_last_pair_v2","successors":[4,11,4,8,9,6,11,7,11,11,10,11]}
{"case":3232,"call":0,"status":"budget","root":1,"steps":18446744073709551609,"normalized":18446744073709551608,"accounting":"full_successor_reads_writes_no_last_pair_v2","successors":[4,6,4,8,9,6,11,7,11,11,10,11]}
{"case":3233,"call":0,"status":"budget","root":6,"steps":18446744073709551610,"normalized":18446744073709551608,"accounting":"full_successor_reads_writes_no_last_pair_v2","successors":[4,6,4,8,9,6,11,7,11,11,10,11]}
{"case":3234,"call":0,"status":"budget","root":11,"steps":18446744073709551611,"normalized":18446744073709551608,"accounting":"full_successor_reads_writes_no_last_pair_v2","successors":[4,6,4,8,9,6,11,7,11,11,10,11]}
{"case":3235,"call":0,"status":"budget","root":11,"steps":18446744073709551612,"normalized":18446744073709551609,"accounting":"full_successor_reads_writes_no_last_pair_v2","successors":[4,6,4,8,9,6,11,7,11,11,10,11]}
{"case":3236,"call":0,"status":"budget","root":11,"steps":18446744073709551613,"normalized":18446744073709551609,"accounting":"full_successor_reads_writes_no_last_pair_v2","successors":[4,6,4,8,9,6,11,7,11,11,10,11]}
{"case":3237,"call":0,"status":"ok","root":11,"steps":18446744073709551614,"normalized":18446744073709551609,"accounting":"full_successor_reads_writes_no_last_pair_v2","successors":[4,11,4,8,9,6,11,7,11,11,10,11]}
{"case":3238,"call":0,"status":"ok","root":11,"steps":18446744073709551614,"normalized":18446744073709551609,"accounting":"full_successor_reads_writes_no_last_pair_v2","successors":[4,11,4,8,9,6,11,7,11,11,10,11]}
{"case":3239,"call":0,"status":"budget","root":1,"steps":11,"normalized":4,"accounting":"full_successor_reads_writes_no_last_pair_v2","successors":[4,6,4,8,9,6,11,7,11,11,10,11]}
{"case":3240,"call":0,"status":"budget","root":2,"steps":0,"normalized":0,"accounting":"full_successor_reads_writes_no_last_pair_v2","successors":[4,6,4,8,9,6,11,7,11,11,10,11]}
{"case":3241,"call":0,"status":"budget","root":4,"steps":1,"normalized":0,"accounting":"full_successor_reads_writes_no_last_pair_v2","successors":[4,6,4,8,9,6,11,7,11,11,10,11]}
{"case":3242,"call":0,"status":"budget","root":9,"steps":2,"normalized":0,"accounting":"full_successor_reads_writes_no_last_pair_v2","successors":[4,6,4,8,9,6,11,7,11,11,10,11]}
{"case":3243,"call":0,"status":"budget","root":11,"steps":3,"normalized":0,"accounting":"full_successor_reads_writes_no_last_pair_v2","successors":[4,6,4,8,9,6,11,7,11,11,10,11]}
{"case":3244,"call":0,"status":"budget","root":11,"steps":4,"normalized":1,"accounting":"full_successor_reads_writes_no_last_pair_v2","successors":[4,6,4,8,9,6,11,7,11,11,10,11]}
{"case":3245,"call":0,"status":"budget","root":11,"steps":5,"normalized":1,"accounting":"full_successor_reads_writes_no_last_pair_v2","successors":[4,6,4,8,9,6,11,7,11,11,10,11]}
{"case":3246,"call":0,"status":"budget","root":11,"steps":6,"normalized":1,"accounting":"full_successor_reads_writes_no_last_pair_v2","successors":[4,6,11,8,9,6,11,7,11,11,10,11]}
{"case":3247,"call":0,"status":"budget","root":11,"steps":7,"normalized":1,"accounting":"full_successor_reads_writes_no_last_pair_v2","successors":[4,6,11,8,9,6,11,7,11,11,10,11]}
{"case":3248,"call":0,"status":"ok","root":11,"steps":8,"normalized":1,"accounting":"full_successor_reads_writes_no_last_pair_v2","successors":[4,6,11,8,11,6,11,7,11,11,10,11]}
{"case":3249,"call":0,"status":"ok","root":11,"steps":8,"normalized":1,"accounting":"full_successor_reads_writes_no_last_pair_v2","successors":[4,6,11,8,11,6,11,7,11,11,10,11]}
{"case":3250,"call":0,"status":"budget","root":2,"steps":7,"normalized":3,"accounting":"full_successor_reads_writes_no_last_pair_v2","successors":[4,6,4,8,9,6,11,7,11,11,10,11]}
{"case":3251,"call":0,"status":"budget","root":4,"steps":8,"normalized":3,"accounting":"full_successor_reads_writes_no_last_pair_v2","successors":[4,6,4,8,9,6,11,7,11,11,10,11]}
{"case":3252,"call":0,"status":"budget","root":9,"steps":9,"normalized":3,"accounting":"full_successor_reads_writes_no_last_pair_v2","successors":[4,6,4,8,9,6,11,7,11,11,10,11]}
{"case":3253,"call":0,"status":"budget","root":11,"steps":10,"normalized":3,"accounting":"full_successor_reads_writes_no_last_pair_v2","successors":[4,6,4,8,9,6,11,7,11,11,10,11]}
{"case":3254,"call":0,"status":"budget","root":11,"steps":11,"normalized":4,"accounting":"full_successor_reads_writes_no_last_pair_v2","successors":[4,6,4,8,9,6,11,7,11,11,10,11]}
{"case":3255,"call":0,"status":"budget","root":11,"steps":12,"normalized":4,"accounting":"full_successor_reads_writes_no_last_pair_v2","successors":[4,6,4,8,9,6,11,7,11,11,10,11]}
{"case":3256,"call":0,"status":"budget","root":11,"steps":13,"normalized":4,"accounting":"full_successor_reads_writes_no_last_pair_v2","successors":[4,6,11,8,9,6,11,7,11,11,10,11]}
{"case":3257,"call":0,"status":"budget","root":11,"steps":14,"normalized":4,"accounting":"full_successor_reads_writes_no_last_pair_v2","successors":[4,6,11,8,9,6,11,7,11,11,10,11]}
{"case":3258,"call":0,"status":"ok","root":11,"steps":15,"normalized":4,"accounting":"full_successor_reads_writes_no_last_pair_v2","successors":[4,6,11,8,11,6,11,7,11,11,10,11]}
{"case":3259,"call":0,"status":"ok","root":11,"steps":15,"normalized":4,"accounting":"full_successor_reads_writes_no_last_pair_v2","successors":[4,6,11,8,11,6,11,7,11,11,10,11]}
{"case":3260,"call":0,"status":"budget","root":2,"steps":18446744073709551606,"normalized":18446744073709551605,"accounting":"full_successor_reads_writes_no_last_pair_v2","successors":[4,6,4,8,9,6,11,7,11,11,10,11]}
{"case":3261,"call":0,"status":"budget","root":4,"steps":18446744073709551607,"normalized":18446744073709551605,"accounting":"full_successor_reads_writes_no_last_pair_v2","successors":[4,6,4,8,9,6,11,7,11,11,10,11]}
{"case":3262,"call":0,"status":"budget","root":9,"steps":18446744073709551608,"normalized":18446744073709551605,"accounting":"full_successor_reads_writes_no_last_pair_v2","successors":[4,6,4,8,9,6,11,7,11,11,10,11]}
{"case":3263,"call":0,"status":"budget","root":11,"steps":18446744073709551609,"normalized":18446744073709551605,"accounting":"full_successor_reads_writes_no_last_pair_v2","successors":[4,6,4,8,9,6,11,7,11,11,10,11]}
{"case":3264,"call":0,"status":"budget","root":11,"steps":18446744073709551610,"normalized":18446744073709551606,"accounting":"full_successor_reads_writes_no_last_pair_v2","successors":[4,6,4,8,9,6,11,7,11,11,10,11]}
{"case":3265,"call":0,"status":"budget","root":11,"steps":18446744073709551611,"normalized":18446744073709551606,"accounting":"full_successor_reads_writes_no_last_pair_v2","successors":[4,6,4,8,9,6,11,7,11,11,10,11]}
{"case":3266,"call":0,"status":"budget","root":11,"steps":18446744073709551612,"normalized":18446744073709551606,"accounting":"full_successor_reads_writes_no_last_pair_v2","successors":[4,6,11,8,9,6,11,7,11,11,10,11]}
{"case":3267,"call":0,"status":"budget","root":11,"steps":18446744073709551613,"normalized":18446744073709551606,"accounting":"full_successor_reads_writes_no_last_pair_v2","successors":[4,6,11,8,9,6,11,7,11,11,10,11]}
{"case":3268,"call":0,"status":"ok","root":11,"steps":18446744073709551614,"normalized":18446744073709551606,"accounting":"full_successor_reads_writes_no_last_pair_v2","successors":[4,6,11,8,11,6,11,7,11,11,10,11]}
{"case":3269,"call":0,"status":"ok","root":11,"steps":18446744073709551614,"normalized":18446744073709551606,"accounting":"full_successor_reads_writes_no_last_pair_v2","successors":[4,6,11,8,11,6,11,7,11,11,10,11]}
{"case":3270,"call":0,"status":"budget","root":2,"steps":11,"normalized":4,"accounting":"full_successor_reads_writes_no_last_pair_v2","successors":[4,6,4,8,9,6,11,7,11,11,10,11]}
{"case":3271,"call":0,"status":"budget","root":3,"steps":0,"normalized":0,"accounting":"full_successor_reads_writes_no_last_pair_v2","successors":[4,6,4,8,9,6,11,7,11,11,10,11]}
{"case":3272,"call":0,"status":"budget","root":8,"steps":1,"normalized":0,"accounting":"full_successor_reads_writes_no_last_pair_v2","successors":[4,6,4,8,9,6,11,7,11,11,10,11]}
{"case":3273,"call":0,"status":"budget","root":11,"steps":2,"normalized":0,"accounting":"full_successor_reads_writes_no_last_pair_v2","successors":[4,6,4,8,9,6,11,7,11,11,10,11]}
{"case":3274,"call":0,"status":"budget","root":11,"steps":3,"normalized":1,"accounting":"full_successor_reads_writes_no_last_pair_v2","successors":[4,6,4,8,9,6,11,7,11,11,10,11]}
{"case":3275,"call":0,"status":"budget","root":11,"steps":4,"normalized":1,"accounting":"full_successor_reads_writes_no_last_pair_v2","successors":[4,6,4,8,9,6,11,7,11,11,10,11]}
{"case":3276,"call":0,"status":"ok","root":11,"steps":5,"normalized":1,"accounting":"full_successor_reads_writes_no_last_pair_v2","successors":[4,6,4,11,9,6,11,7,11,11,10,11]}
{"case":3277,"call":0,"status":"ok","root":11,"steps":5,"normalized":1,"accounting":"full_successor_reads_writes_no_last_pair_v2","successors":[4,6,4,11,9,6,11,7,11,11,10,11]}
{"case":3278,"call":0,"status":"budget","root":3,"steps":7,"normalized":3,"accounting":"full_successor_reads_writes_no_last_pair_v2","successors":[4,6,4,8,9,6,11,7,11,11,10,11]}
{"case":3279,"call":0,"status":"budget","root":8,"steps":8,"normalized":3,"accounting":"full_successor_reads_writes_no_last_pair_v2","successors":[4,6,4,8,9,6,11,7,11,11,10,11]}
{"case":3280,"call":0,"status":"budget","root":11,"steps":9,"normalized":3,"accounting":"full_successor_reads_writes_no_last_pair_v2","successors":[4,6,4,8,9,6,11,7,11,11,10,11]}
{"case":3281,"call":0,"status":"budget","root":11,"steps":10,"normalized":4,"accounting":"full_successor_reads_writes_no_last_pair_v2","successors":[4,6,4,8,9,6,11,7,11,11,10,11]}
{"case":3282,"call":0,"status":"budget","root":11,"steps":11,"normalized":4,"accounting":"full_successor_reads_writes_no_last_pair_v2","successors":[4,6,4,8,9,6,11,7,11,11,10,11]}
{"case":3283,"call":0,"status":"ok","root":11,"steps":12,"normalized":4,"accounting":"full_successor_reads_writes_no_last_pair_v2","successors":[4,6,4,11,9,6,11,7,11,11,10,11]}
{"case":3284,"call":0,"status":"ok","root":11,"steps":12,"normalized":4,"accounting":"full_successor_reads_writes_no_last_pair_v2","successors":[4,6,4,11,9,6,11,7,11,11,10,11]}
{"case":3285,"call":0,"status":"budget","root":3,"steps":18446744073709551609,"normalized":18446744073709551608,"accounting":"full_successor_reads_writes_no_last_pair_v2","successors":[4,6,4,8,9,6,11,7,11,11,10,11]}
{"case":3286,"call":0,"status":"budget","root":8,"steps":18446744073709551610,"normalized":18446744073709551608,"accounting":"full_successor_reads_writes_no_last_pair_v2","successors":[4,6,4,8,9,6,11,7,11,11,10,11]}
{"case":3287,"call":0,"status":"budget","root":11,"steps":18446744073709551611,"normalized":18446744073709551608,"accounting":"full_successor_reads_writes_no_last_pair_v2","successors":[4,6,4,8,9,6,11,7,11,11,10,11]}
{"case":3288,"call":0,"status":"budget","root":11,"steps":18446744073709551612,"normalized":18446744073709551609,"accounting":"full_successor_reads_writes_no_last_pair_v2","successors":[4,6,4,8,9,6,11,7,11,11,10,11]}
{"case":3289,"call":0,"status":"budget","root":11,"steps":18446744073709551613,"normalized":18446744073709551609,"accounting":"full_successor_reads_writes_no_last_pair_v2","successors":[4,6,4,8,9,6,11,7,11,11,10,11]}
{"case":3290,"call":0,"status":"ok","root":11,"steps":18446744073709551614,"normalized":18446744073709551609,"accounting":"full_successor_reads_writes_no_last_pair_v2","successors":[4,6,4,11,9,6,11,7,11,11,10,11]}
{"case":3291,"call":0,"status":"ok","root":11,"steps":18446744073709551614,"normalized":18446744073709551609,"accounting":"full_successor_reads_writes_no_last_pair_v2","successors":[4,6,4,11,9,6,11,7,11,11,10,11]}
{"case":3292,"call":0,"status":"budget","root":3,"steps":11,"normalized":4,"accounting":"full_successor_reads_writes_no_last_pair_v2","successors":[4,6,4,8,9,6,11,7,11,11,10,11]}
{"case":3293,"call":0,"status":"budget","root":4,"steps":0,"normalized":0,"accounting":"full_successor_reads_writes_no_last_pair_v2","successors":[4,6,4,8,9,6,11,7,11,11,10,11]}
{"case":3294,"call":0,"status":"budget","root":9,"steps":1,"normalized":0,"accounting":"full_successor_reads_writes_no_last_pair_v2","successors":[4,6,4,8,9,6,11,7,11,11,10,11]}
{"case":3295,"call":0,"status":"budget","root":11,"steps":2,"normalized":0,"accounting":"full_successor_reads_writes_no_last_pair_v2","successors":[4,6,4,8,9,6,11,7,11,11,10,11]}
{"case":3296,"call":0,"status":"budget","root":11,"steps":3,"normalized":1,"accounting":"full_successor_reads_writes_no_last_pair_v2","successors":[4,6,4,8,9,6,11,7,11,11,10,11]}
{"case":3297,"call":0,"status":"budget","root":11,"steps":4,"normalized":1,"accounting":"full_successor_reads_writes_no_last_pair_v2","successors":[4,6,4,8,9,6,11,7,11,11,10,11]}
{"case":3298,"call":0,"status":"ok","root":11,"steps":5,"normalized":1,"accounting":"full_successor_reads_writes_no_last_pair_v2","successors":[4,6,4,8,11,6,11,7,11,11,10,11]}
{"case":3299,"call":0,"status":"ok","root":11,"steps":5,"normalized":1,"accounting":"full_successor_reads_writes_no_last_pair_v2","successors":[4,6,4,8,11,6,11,7,11,11,10,11]}
{"case":3300,"call":0,"status":"budget","root":4,"steps":7,"normalized":3,"accounting":"full_successor_reads_writes_no_last_pair_v2","successors":[4,6,4,8,9,6,11,7,11,11,10,11]}
{"case":3301,"call":0,"status":"budget","root":9,"steps":8,"normalized":3,"accounting":"full_successor_reads_writes_no_last_pair_v2","successors":[4,6,4,8,9,6,11,7,11,11,10,11]}
{"case":3302,"call":0,"status":"budget","root":11,"steps":9,"normalized":3,"accounting":"full_successor_reads_writes_no_last_pair_v2","successors":[4,6,4,8,9,6,11,7,11,11,10,11]}
{"case":3303,"call":0,"status":"budget","root":11,"steps":10,"normalized":4,"accounting":"full_successor_reads_writes_no_last_pair_v2","successors":[4,6,4,8,9,6,11,7,11,11,10,11]}
{"case":3304,"call":0,"status":"budget","root":11,"steps":11,"normalized":4,"accounting":"full_successor_reads_writes_no_last_pair_v2","successors":[4,6,4,8,9,6,11,7,11,11,10,11]}
{"case":3305,"call":0,"status":"ok","root":11,"steps":12,"normalized":4,"accounting":"full_successor_reads_writes_no_last_pair_v2","successors":[4,6,4,8,11,6,11,7,11,11,10,11]}
{"case":3306,"call":0,"status":"ok","root":11,"steps":12,"normalized":4,"accounting":"full_successor_reads_writes_no_last_pair_v2","successors":[4,6,4,8,11,6,11,7,11,11,10,11]}
{"case":3307,"call":0,"status":"budget","root":4,"steps":18446744073709551609,"normalized":18446744073709551608,"accounting":"full_successor_reads_writes_no_last_pair_v2","successors":[4,6,4,8,9,6,11,7,11,11,10,11]}
{"case":3308,"call":0,"status":"budget","root":9,"steps":18446744073709551610,"normalized":18446744073709551608,"accounting":"full_successor_reads_writes_no_last_pair_v2","successors":[4,6,4,8,9,6,11,7,11,11,10,11]}
{"case":3309,"call":0,"status":"budget","root":11,"steps":18446744073709551611,"normalized":18446744073709551608,"accounting":"full_successor_reads_writes_no_last_pair_v2","successors":[4,6,4,8,9,6,11,7,11,11,10,11]}
{"case":3310,"call":0,"status":"budget","root":11,"steps":18446744073709551612,"normalized":18446744073709551609,"accounting":"full_successor_reads_writes_no_last_pair_v2","successors":[4,6,4,8,9,6,11,7,11,11,10,11]}
{"case":3311,"call":0,"status":"budget","root":11,"steps":18446744073709551613,"normalized":18446744073709551609,"accounting":"full_successor_reads_writes_no_last_pair_v2","successors":[4,6,4,8,9,6,11,7,11,11,10,11]}
{"case":3312,"call":0,"status":"ok","root":11,"steps":18446744073709551614,"normalized":18446744073709551609,"accounting":"full_successor_reads_writes_no_last_pair_v2","successors":[4,6,4,8,11,6,11,7,11,11,10,11]}
{"case":3313,"call":0,"status":"ok","root":11,"steps":18446744073709551614,"normalized":18446744073709551609,"accounting":"full_successor_reads_writes_no_last_pair_v2","successors":[4,6,4,8,11,6,11,7,11,11,10,11]}
{"case":3314,"call":0,"status":"budget","root":4,"steps":11,"normalized":4,"accounting":"full_successor_reads_writes_no_last_pair_v2","successors":[4,6,4,8,9,6,11,7,11,11,10,11]}
{"case":3315,"call":0,"status":"budget","root":5,"steps":0,"normalized":0,"accounting":"full_successor_reads_writes_no_last_pair_v2","successors":[4,6,4,8,9,6,11,7,11,11,10,11]}
{"case":3316,"call":0,"status":"budget","root":6,"steps":1,"normalized":0,"accounting":"full_successor_reads_writes_no_last_pair_v2","successors":[4,6,4,8,9,6,11,7,11,11,10,11]}
{"case":3317,"call":0,"status":"budget","root":11,"steps":2,"normalized":0,"accounting":"full_successor_reads_writes_no_last_pair_v2","successors":[4,6,4,8,9,6,11,7,11,11,10,11]}
{"case":3318,"call":0,"status":"budget","root":11,"steps":3,"normalized":1,"accounting":"full_successor_reads_writes_no_last_pair_v2","successors":[4,6,4,8,9,6,11,7,11,11,10,11]}
{"case":3319,"call":0,"status":"budget","root":11,"steps":4,"normalized":1,"accounting":"full_successor_reads_writes_no_last_pair_v2","successors":[4,6,4,8,9,6,11,7,11,11,10,11]}
{"case":3320,"call":0,"status":"ok","root":11,"steps":5,"normalized":1,"accounting":"full_successor_reads_writes_no_last_pair_v2","successors":[4,6,4,8,9,11,11,7,11,11,10,11]}
{"case":3321,"call":0,"status":"ok","root":11,"steps":5,"normalized":1,"accounting":"full_successor_reads_writes_no_last_pair_v2","successors":[4,6,4,8,9,11,11,7,11,11,10,11]}
{"case":3322,"call":0,"status":"budget","root":5,"steps":7,"normalized":3,"accounting":"full_successor_reads_writes_no_last_pair_v2","successors":[4,6,4,8,9,6,11,7,11,11,10,11]}
{"case":3323,"call":0,"status":"budget","root":6,"steps":8,"normalized":3,"accounting":"full_successor_reads_writes_no_last_pair_v2","successors":[4,6,4,8,9,6,11,7,11,11,10,11]}
{"case":3324,"call":0,"status":"budget","root":11,"steps":9,"normalized":3,"accounting":"full_successor_reads_writes_no_last_pair_v2","successors":[4,6,4,8,9,6,11,7,11,11,10,11]}
{"case":3325,"call":0,"status":"budget","root":11,"steps":10,"normalized":4,"accounting":"full_successor_reads_writes_no_last_pair_v2","successors":[4,6,4,8,9,6,11,7,11,11,10,11]}
{"case":3326,"call":0,"status":"budget","root":11,"steps":11,"normalized":4,"accounting":"full_successor_reads_writes_no_last_pair_v2","successors":[4,6,4,8,9,6,11,7,11,11,10,11]}
{"case":3327,"call":0,"status":"ok","root":11,"steps":12,"normalized":4,"accounting":"full_successor_reads_writes_no_last_pair_v2","successors":[4,6,4,8,9,11,11,7,11,11,10,11]}
{"case":3328,"call":0,"status":"ok","root":11,"steps":12,"normalized":4,"accounting":"full_successor_reads_writes_no_last_pair_v2","successors":[4,6,4,8,9,11,11,7,11,11,10,11]}
{"case":3329,"call":0,"status":"budget","root":5,"steps":18446744073709551609,"normalized":18446744073709551608,"accounting":"full_successor_reads_writes_no_last_pair_v2","successors":[4,6,4,8,9,6,11,7,11,11,10,11]}
{"case":3330,"call":0,"status":"budget","root":6,"steps":18446744073709551610,"normalized":18446744073709551608,"accounting":"full_successor_reads_writes_no_last_pair_v2","successors":[4,6,4,8,9,6,11,7,11,11,10,11]}
{"case":3331,"call":0,"status":"budget","root":11,"steps":18446744073709551611,"normalized":18446744073709551608,"accounting":"full_successor_reads_writes_no_last_pair_v2","successors":[4,6,4,8,9,6,11,7,11,11,10,11]}
{"case":3332,"call":0,"status":"budget","root":11,"steps":18446744073709551612,"normalized":18446744073709551609,"accounting":"full_successor_reads_writes_no_last_pair_v2","successors":[4,6,4,8,9,6,11,7,11,11,10,11]}
{"case":3333,"call":0,"status":"budget","root":11,"steps":18446744073709551613,"normalized":18446744073709551609,"accounting":"full_successor_reads_writes_no_last_pair_v2","successors":[4,6,4,8,9,6,11,7,11,11,10,11]}
{"case":3334,"call":0,"status":"ok","root":11,"steps":18446744073709551614,"normalized":18446744073709551609,"accounting":"full_successor_reads_writes_no_last_pair_v2","successors":[4,6,4,8,9,11,11,7,11,11,10,11]}
{"case":3335,"call":0,"status":"ok","root":11,"steps":18446744073709551614,"normalized":18446744073709551609,"accounting":"full_successor_reads_writes_no_last_pair_v2","successors":[4,6,4,8,9,11,11,7,11,11,10,11]}
{"case":3336,"call":0,"status":"budget","root":5,"steps":11,"normalized":4,"accounting":"full_successor_reads_writes_no_last_pair_v2","successors":[4,6,4,8,9,6,11,7,11,11,10,11]}
{"case":3337,"call":0,"status":"budget","root":6,"steps":0,"normalized":0,"accounting":"full_successor_reads_writes_no_last_pair_v2","successors":[4,6,4,8,9,6,11,7,11,11,10,11]}
{"case":3338,"call":0,"status":"budget","root":11,"steps":1,"normalized":0,"accounting":"full_successor_reads_writes_no_last_pair_v2","successors":[4,6,4,8,9,6,11,7,11,11,10,11]}
{"case":3339,"call":0,"status":"ok","root":11,"steps":2,"normalized":1,"accounting":"full_successor_reads_writes_no_last_pair_v2","successors":[4,6,4,8,9,6,11,7,11,11,10,11]}
{"case":3340,"call":0,"status":"ok","root":11,"steps":2,"normalized":1,"accounting":"full_successor_reads_writes_no_last_pair_v2","successors":[4,6,4,8,9,6,11,7,11,11,10,11]}
{"case":3341,"call":0,"status":"budget","root":6,"steps":7,"normalized":3,"accounting":"full_successor_reads_writes_no_last_pair_v2","successors":[4,6,4,8,9,6,11,7,11,11,10,11]}
{"case":3342,"call":0,"status":"budget","root":11,"steps":8,"normalized":3,"accounting":"full_successor_reads_writes_no_last_pair_v2","successors":[4,6,4,8,9,6,11,7,11,11,10,11]}
{"case":3343,"call":0,"status":"ok","root":11,"steps":9,"normalized":4,"accounting":"full_successor_reads_writes_no_last_pair_v2","successors":[4,6,4,8,9,6,11,7,11,11,10,11]}
{"case":3344,"call":0,"status":"ok","root":11,"steps":9,"normalized":4,"accounting":"full_successor_reads_writes_no_last_pair_v2","successors":[4,6,4,8,9,6,11,7,11,11,10,11]}
{"case":3345,"call":0,"status":"budget","root":6,"steps":18446744073709551612,"normalized":18446744073709551611,"accounting":"full_successor_reads_writes_no_last_pair_v2","successors":[4,6,4,8,9,6,11,7,11,11,10,11]}
{"case":3346,"call":0,"status":"budget","root":11,"steps":18446744073709551613,"normalized":18446744073709551611,"accounting":"full_successor_reads_writes_no_last_pair_v2","successors":[4,6,4,8,9,6,11,7,11,11,10,11]}
{"case":3347,"call":0,"status":"ok","root":11,"steps":18446744073709551614,"normalized":18446744073709551612,"accounting":"full_successor_reads_writes_no_last_pair_v2","successors":[4,6,4,8,9,6,11,7,11,11,10,11]}
{"case":3348,"call":0,"status":"ok","root":11,"steps":18446744073709551614,"normalized":18446744073709551612,"accounting":"full_successor_reads_writes_no_last_pair_v2","successors":[4,6,4,8,9,6,11,7,11,11,10,11]}
{"case":3349,"call":0,"status":"budget","root":6,"steps":11,"normalized":4,"accounting":"full_successor_reads_writes_no_last_pair_v2","successors":[4,6,4,8,9,6,11,7,11,11,10,11]}
{"case":3350,"call":0,"status":"budget","root":7,"steps":0,"normalized":0,"accounting":"full_successor_reads_writes_no_last_pair_v2","successors":[4,6,4,8,9,6,11,7,11,11,10,11]}
{"case":3351,"call":0,"status":"ok","root":7,"steps":1,"normalized":0,"accounting":"full_successor_reads_writes_no_last_pair_v2","successors":[4,6,4,8,9,6,11,7,11,11,10,11]}
{"case":3352,"call":0,"status":"ok","root":7,"steps":1,"normalized":0,"accounting":"full_successor_reads_writes_no_last_pair_v2","successors":[4,6,4,8,9,6,11,7,11,11,10,11]}
{"case":3353,"call":0,"status":"budget","root":7,"steps":7,"normalized":3,"accounting":"full_successor_reads_writes_no_last_pair_v2","successors":[4,6,4,8,9,6,11,7,11,11,10,11]}
{"case":3354,"call":0,"status":"ok","root":7,"steps":8,"normalized":3,"accounting":"full_successor_reads_writes_no_last_pair_v2","successors":[4,6,4,8,9,6,11,7,11,11,10,11]}
{"case":3355,"call":0,"status":"ok","root":7,"steps":8,"normalized":3,"accounting":"full_successor_reads_writes_no_last_pair_v2","successors":[4,6,4,8,9,6,11,7,11,11,10,11]}
{"case":3356,"call":0,"status":"budget","root":7,"steps":18446744073709551613,"normalized":18446744073709551612,"accounting":"full_successor_reads_writes_no_last_pair_v2","successors":[4,6,4,8,9,6,11,7,11,11,10,11]}
{"case":3357,"call":0,"status":"ok","root":7,"steps":18446744073709551614,"normalized":18446744073709551612,"accounting":"full_successor_reads_writes_no_last_pair_v2","successors":[4,6,4,8,9,6,11,7,11,11,10,11]}
{"case":3358,"call":0,"status":"ok","root":7,"steps":18446744073709551614,"normalized":18446744073709551612,"accounting":"full_successor_reads_writes_no_last_pair_v2","successors":[4,6,4,8,9,6,11,7,11,11,10,11]}
{"case":3359,"call":0,"status":"budget","root":7,"steps":11,"normalized":4,"accounting":"full_successor_reads_writes_no_last_pair_v2","successors":[4,6,4,8,9,6,11,7,11,11,10,11]}
{"case":3360,"call":0,"status":"budget","root":8,"steps":0,"normalized":0,"accounting":"full_successor_reads_writes_no_last_pair_v2","successors":[4,6,4,8,9,6,11,7,11,11,10,11]}
{"case":3361,"call":0,"status":"budget","root":11,"steps":1,"normalized":0,"accounting":"full_successor_reads_writes_no_last_pair_v2","successors":[4,6,4,8,9,6,11,7,11,11,10,11]}
{"case":3362,"call":0,"status":"ok","root":11,"steps":2,"normalized":1,"accounting":"full_successor_reads_writes_no_last_pair_v2","successors":[4,6,4,8,9,6,11,7,11,11,10,11]}
{"case":3363,"call":0,"status":"ok","root":11,"steps":2,"normalized":1,"accounting":"full_successor_reads_writes_no_last_pair_v2","successors":[4,6,4,8,9,6,11,7,11,11,10,11]}
{"case":3364,"call":0,"status":"budget","root":8,"steps":7,"normalized":3,"accounting":"full_successor_reads_writes_no_last_pair_v2","successors":[4,6,4,8,9,6,11,7,11,11,10,11]}
{"case":3365,"call":0,"status":"budget","root":11,"steps":8,"normalized":3,"accounting":"full_successor_reads_writes_no_last_pair_v2","successors":[4,6,4,8,9,6,11,7,11,11,10,11]}
{"case":3366,"call":0,"status":"ok","root":11,"steps":9,"normalized":4,"accounting":"full_successor_reads_writes_no_last_pair_v2","successors":[4,6,4,8,9,6,11,7,11,11,10,11]}
{"case":3367,"call":0,"status":"ok","root":11,"steps":9,"normalized":4,"accounting":"full_successor_reads_writes_no_last_pair_v2","successors":[4,6,4,8,9,6,11,7,11,11,10,11]}
{"case":3368,"call":0,"status":"budget","root":8,"steps":18446744073709551612,"normalized":18446744073709551611,"accounting":"full_successor_reads_writes_no_last_pair_v2","successors":[4,6,4,8,9,6,11,7,11,11,10,11]}
{"case":3369,"call":0,"status":"budget","root":11,"steps":18446744073709551613,"normalized":18446744073709551611,"accounting":"full_successor_reads_writes_no_last_pair_v2","successors":[4,6,4,8,9,6,11,7,11,11,10,11]}
{"case":3370,"call":0,"status":"ok","root":11,"steps":18446744073709551614,"normalized":18446744073709551612,"accounting":"full_successor_reads_writes_no_last_pair_v2","successors":[4,6,4,8,9,6,11,7,11,11,10,11]}
{"case":3371,"call":0,"status":"ok","root":11,"steps":18446744073709551614,"normalized":18446744073709551612,"accounting":"full_successor_reads_writes_no_last_pair_v2","successors":[4,6,4,8,9,6,11,7,11,11,10,11]}
{"case":3372,"call":0,"status":"budget","root":8,"steps":11,"normalized":4,"accounting":"full_successor_reads_writes_no_last_pair_v2","successors":[4,6,4,8,9,6,11,7,11,11,10,11]}
{"case":3373,"call":0,"status":"budget","root":9,"steps":0,"normalized":0,"accounting":"full_successor_reads_writes_no_last_pair_v2","successors":[4,6,4,8,9,6,11,7,11,11,10,11]}
{"case":3374,"call":0,"status":"budget","root":11,"steps":1,"normalized":0,"accounting":"full_successor_reads_writes_no_last_pair_v2","successors":[4,6,4,8,9,6,11,7,11,11,10,11]}
{"case":3375,"call":0,"status":"ok","root":11,"steps":2,"normalized":1,"accounting":"full_successor_reads_writes_no_last_pair_v2","successors":[4,6,4,8,9,6,11,7,11,11,10,11]}
{"case":3376,"call":0,"status":"ok","root":11,"steps":2,"normalized":1,"accounting":"full_successor_reads_writes_no_last_pair_v2","successors":[4,6,4,8,9,6,11,7,11,11,10,11]}
{"case":3377,"call":0,"status":"budget","root":9,"steps":7,"normalized":3,"accounting":"full_successor_reads_writes_no_last_pair_v2","successors":[4,6,4,8,9,6,11,7,11,11,10,11]}
{"case":3378,"call":0,"status":"budget","root":11,"steps":8,"normalized":3,"accounting":"full_successor_reads_writes_no_last_pair_v2","successors":[4,6,4,8,9,6,11,7,11,11,10,11]}
{"case":3379,"call":0,"status":"ok","root":11,"steps":9,"normalized":4,"accounting":"full_successor_reads_writes_no_last_pair_v2","successors":[4,6,4,8,9,6,11,7,11,11,10,11]}
{"case":3380,"call":0,"status":"ok","root":11,"steps":9,"normalized":4,"accounting":"full_successor_reads_writes_no_last_pair_v2","successors":[4,6,4,8,9,6,11,7,11,11,10,11]}
{"case":3381,"call":0,"status":"budget","root":9,"steps":18446744073709551612,"normalized":18446744073709551611,"accounting":"full_successor_reads_writes_no_last_pair_v2","successors":[4,6,4,8,9,6,11,7,11,11,10,11]}
{"case":3382,"call":0,"status":"budget","root":11,"steps":18446744073709551613,"normalized":18446744073709551611,"accounting":"full_successor_reads_writes_no_last_pair_v2","successors":[4,6,4,8,9,6,11,7,11,11,10,11]}
{"case":3383,"call":0,"status":"ok","root":11,"steps":18446744073709551614,"normalized":18446744073709551612,"accounting":"full_successor_reads_writes_no_last_pair_v2","successors":[4,6,4,8,9,6,11,7,11,11,10,11]}
{"case":3384,"call":0,"status":"ok","root":11,"steps":18446744073709551614,"normalized":18446744073709551612,"accounting":"full_successor_reads_writes_no_last_pair_v2","successors":[4,6,4,8,9,6,11,7,11,11,10,11]}
{"case":3385,"call":0,"status":"budget","root":9,"steps":11,"normalized":4,"accounting":"full_successor_reads_writes_no_last_pair_v2","successors":[4,6,4,8,9,6,11,7,11,11,10,11]}
{"case":3386,"call":0,"status":"budget","root":10,"steps":0,"normalized":0,"accounting":"full_successor_reads_writes_no_last_pair_v2","successors":[4,6,4,8,9,6,11,7,11,11,10,11]}
{"case":3387,"call":0,"status":"ok","root":10,"steps":1,"normalized":0,"accounting":"full_successor_reads_writes_no_last_pair_v2","successors":[4,6,4,8,9,6,11,7,11,11,10,11]}
{"case":3388,"call":0,"status":"ok","root":10,"steps":1,"normalized":0,"accounting":"full_successor_reads_writes_no_last_pair_v2","successors":[4,6,4,8,9,6,11,7,11,11,10,11]}
{"case":3389,"call":0,"status":"budget","root":10,"steps":7,"normalized":3,"accounting":"full_successor_reads_writes_no_last_pair_v2","successors":[4,6,4,8,9,6,11,7,11,11,10,11]}
{"case":3390,"call":0,"status":"ok","root":10,"steps":8,"normalized":3,"accounting":"full_successor_reads_writes_no_last_pair_v2","successors":[4,6,4,8,9,6,11,7,11,11,10,11]}
{"case":3391,"call":0,"status":"ok","root":10,"steps":8,"normalized":3,"accounting":"full_successor_reads_writes_no_last_pair_v2","successors":[4,6,4,8,9,6,11,7,11,11,10,11]}
{"case":3392,"call":0,"status":"budget","root":10,"steps":18446744073709551613,"normalized":18446744073709551612,"accounting":"full_successor_reads_writes_no_last_pair_v2","successors":[4,6,4,8,9,6,11,7,11,11,10,11]}
{"case":3393,"call":0,"status":"ok","root":10,"steps":18446744073709551614,"normalized":18446744073709551612,"accounting":"full_successor_reads_writes_no_last_pair_v2","successors":[4,6,4,8,9,6,11,7,11,11,10,11]}
{"case":3394,"call":0,"status":"ok","root":10,"steps":18446744073709551614,"normalized":18446744073709551612,"accounting":"full_successor_reads_writes_no_last_pair_v2","successors":[4,6,4,8,9,6,11,7,11,11,10,11]}
{"case":3395,"call":0,"status":"budget","root":10,"steps":11,"normalized":4,"accounting":"full_successor_reads_writes_no_last_pair_v2","successors":[4,6,4,8,9,6,11,7,11,11,10,11]}
{"case":3396,"call":0,"status":"budget","root":11,"steps":0,"normalized":0,"accounting":"full_successor_reads_writes_no_last_pair_v2","successors":[4,6,4,8,9,6,11,7,11,11,10,11]}
{"case":3397,"call":0,"status":"ok","root":11,"steps":1,"normalized":0,"accounting":"full_successor_reads_writes_no_last_pair_v2","successors":[4,6,4,8,9,6,11,7,11,11,10,11]}
{"case":3398,"call":0,"status":"ok","root":11,"steps":1,"normalized":0,"accounting":"full_successor_reads_writes_no_last_pair_v2","successors":[4,6,4,8,9,6,11,7,11,11,10,11]}
{"case":3399,"call":0,"status":"budget","root":11,"steps":7,"normalized":3,"accounting":"full_successor_reads_writes_no_last_pair_v2","successors":[4,6,4,8,9,6,11,7,11,11,10,11]}
{"case":3400,"call":0,"status":"ok","root":11,"steps":8,"normalized":3,"accounting":"full_successor_reads_writes_no_last_pair_v2","successors":[4,6,4,8,9,6,11,7,11,11,10,11]}
{"case":3401,"call":0,"status":"ok","root":11,"steps":8,"normalized":3,"accounting":"full_successor_reads_writes_no_last_pair_v2","successors":[4,6,4,8,9,6,11,7,11,11,10,11]}
{"case":3402,"call":0,"status":"budget","root":11,"steps":18446744073709551613,"normalized":18446744073709551612,"accounting":"full_successor_reads_writes_no_last_pair_v2","successors":[4,6,4,8,9,6,11,7,11,11,10,11]}
{"case":3403,"call":0,"status":"ok","root":11,"steps":18446744073709551614,"normalized":18446744073709551612,"accounting":"full_successor_reads_writes_no_last_pair_v2","successors":[4,6,4,8,9,6,11,7,11,11,10,11]}
{"case":3404,"call":0,"status":"ok","root":11,"steps":18446744073709551614,"normalized":18446744073709551612,"accounting":"full_successor_reads_writes_no_last_pair_v2","successors":[4,6,4,8,9,6,11,7,11,11,10,11]}
{"case":3405,"call":0,"status":"budget","root":11,"steps":11,"normalized":4,"accounting":"full_successor_reads_writes_no_last_pair_v2","successors":[4,6,4,8,9,6,11,7,11,11,10,11]}
{"case":3406,"call":0,"status":"unknown","root":23,"steps":0,"normalized":0,"accounting":"full_successor_reads_writes_no_last_pair_v2","successors":[4,6,4,8,9,6,11,7,11,11,10,11]}
{"case":3407,"call":0,"status":"unknown","root":23,"steps":7,"normalized":3,"accounting":"full_successor_reads_writes_no_last_pair_v2","successors":[4,6,4,8,9,6,11,7,11,11,10,11]}
{"case":3408,"call":0,"status":"unknown","root":23,"steps":18446744073709551615,"normalized":18446744073709551615,"accounting":"full_successor_reads_writes_no_last_pair_v2","successors":[4,6,4,8,9,6,11,7,11,11,10,11]}
{"case":3409,"call":0,"status":"unknown","root":23,"steps":0,"normalized":0,"accounting":"full_successor_reads_writes_no_last_pair_v2","successors":[4,6,4,8,9,6,11,7,11,11,10,11]}
{"case":3410,"call":0,"status":"unknown","root":23,"steps":7,"normalized":3,"accounting":"full_successor_reads_writes_no_last_pair_v2","successors":[4,6,4,8,9,6,11,7,11,11,10,11]}
{"case":3411,"call":0,"status":"unknown","root":23,"steps":18446744073709551615,"normalized":18446744073709551615,"accounting":"full_successor_reads_writes_no_last_pair_v2","successors":[4,6,4,8,9,6,11,7,11,11,10,11]}
{"case":3412,"call":0,"status":"budget","root":0,"steps":5,"normalized":2,"accounting":"full_successor_reads_writes_no_last_pair_v2","successors":[3,1,8,6,4,10,9,7,11,11,10,11]}
{"case":3412,"call":1,"status":"budget","root":0,"steps":5,"normalized":2,"accounting":"full_successor_reads_writes_no_last_pair_v2","successors":[3,1,8,6,4,10,9,7,11,11,10,11]}
{"case":3412,"call":2,"status":"ok","root":11,"steps":16,"normalized":3,"accounting":"full_successor_reads_writes_no_last_pair_v2","successors":[11,1,8,11,4,10,11,7,11,11,10,11]}
{"case":3412,"call":3,"status":"ok","root":11,"steps":18,"normalized":4,"accounting":"full_successor_reads_writes_no_last_pair_v2","successors":[11,1,8,11,4,10,11,7,11,11,10,11]}
{"case":3412,"call":4,"status":"ok","root":11,"steps":19,"normalized":4,"accounting":"full_successor_reads_writes_no_last_pair_v2","successors":[11,1,8,11,4,10,11,7,11,11,10,11]}
{"case":3412,"call":5,"status":"unknown","root":29,"steps":19,"normalized":4,"accounting":"full_successor_reads_writes_no_last_pair_v2","successors":[11,1,8,11,4,10,11,7,11,11,10,11]}
{"case":3413,"call":0,"status":"budget","root":3,"steps":6,"normalized":2,"accounting":"full_successor_reads_writes_no_last_pair_v2","successors":[3,1,8,6,4,10,9,7,11,11,10,11]}
{"case":3413,"call":1,"status":"budget","root":0,"steps":6,"normalized":2,"accounting":"full_successor_reads_writes_no_last_pair_v2","successors":[3,1,8,6,4,10,9,7,11,11,10,11]}
{"case":3413,"call":2,"status":"ok","root":11,"steps":17,"normalized":3,"accounting":"full_successor_reads_writes_no_last_pair_v2","successors":[11,1,8,11,4,10,11,7,11,11,10,11]}
{"case":3413,"call":3,"status":"ok","root":11,"steps":19,"normalized":4,"accounting":"full_successor_reads_writes_no_last_pair_v2","successors":[11,1,8,11,4,10,11,7,11,11,10,11]}
{"case":3413,"call":4,"status":"ok","root":11,"steps":20,"normalized":4,"accounting":"full_successor_reads_writes_no_last_pair_v2","successors":[11,1,8,11,4,10,11,7,11,11,10,11]}
{"case":3413,"call":5,"status":"unknown","root":29,"steps":20,"normalized":4,"accounting":"full_successor_reads_writes_no_last_pair_v2","successors":[11,1,8,11,4,10,11,7,11,11,10,11]}
{"case":3414,"call":0,"status":"budget","root":6,"steps":7,"normalized":2,"accounting":"full_successor_reads_writes_no_last_pair_v2","successors":[3,1,8,6,4,10,9,7,11,11,10,11]}
{"case":3414,"call":1,"status":"budget","root":0,"steps":7,"normalized":2,"accounting":"full_successor_reads_writes_no_last_pair_v2","successors":[3,1,8,6,4,10,9,7,11,11,10,11]}
{"case":3414,"call":2,"status":"ok","root":11,"steps":18,"normalized":3,"accounting":"full_successor_reads_writes_no_last_pair_v2","successors":[11,1,8,11,4,10,11,7,11,11,10,11]}
{"case":3414,"call":3,"status":"ok","root":11,"steps":20,"normalized":4,"accounting":"full_successor_reads_writes_no_last_pair_v2","successors":[11,1,8,11,4,10,11,7,11,11,10,11]}
{"case":3414,"call":4,"status":"ok","root":11,"steps":21,"normalized":4,"accounting":"full_successor_reads_writes_no_last_pair_v2","successors":[11,1,8,11,4,10,11,7,11,11,10,11]}
{"case":3414,"call":5,"status":"unknown","root":29,"steps":21,"normalized":4,"accounting":"full_successor_reads_writes_no_last_pair_v2","successors":[11,1,8,11,4,10,11,7,11,11,10,11]}
{"case":3415,"call":0,"status":"budget","root":9,"steps":8,"normalized":2,"accounting":"full_successor_reads_writes_no_last_pair_v2","successors":[3,1,8,6,4,10,9,7,11,11,10,11]}
{"case":3415,"call":1,"status":"budget","root":0,"steps":8,"normalized":2,"accounting":"full_successor_reads_writes_no_last_pair_v2","successors":[3,1,8,6,4,10,9,7,11,11,10,11]}
{"case":3415,"call":2,"status":"ok","root":11,"steps":19,"normalized":3,"accounting":"full_successor_reads_writes_no_last_pair_v2","successors":[11,1,8,11,4,10,11,7,11,11,10,11]}
{"case":3415,"call":3,"status":"ok","root":11,"steps":21,"normalized":4,"accounting":"full_successor_reads_writes_no_last_pair_v2","successors":[11,1,8,11,4,10,11,7,11,11,10,11]}
{"case":3415,"call":4,"status":"ok","root":11,"steps":22,"normalized":4,"accounting":"full_successor_reads_writes_no_last_pair_v2","successors":[11,1,8,11,4,10,11,7,11,11,10,11]}
{"case":3415,"call":5,"status":"unknown","root":29,"steps":22,"normalized":4,"accounting":"full_successor_reads_writes_no_last_pair_v2","successors":[11,1,8,11,4,10,11,7,11,11,10,11]}
{"case":3416,"call":0,"status":"budget","root":11,"steps":9,"normalized":2,"accounting":"full_successor_reads_writes_no_last_pair_v2","successors":[3,1,8,6,4,10,9,7,11,11,10,11]}
{"case":3416,"call":1,"status":"budget","root":0,"steps":9,"normalized":2,"accounting":"full_successor_reads_writes_no_last_pair_v2","successors":[3,1,8,6,4,10,9,7,11,11,10,11]}
{"case":3416,"call":2,"status":"ok","root":11,"steps":20,"normalized":3,"accounting":"full_successor_reads_writes_no_last_pair_v2","successors":[11,1,8,11,4,10,11,7,11,11,10,11]}
{"case":3416,"call":3,"status":"ok","root":11,"steps":22,"normalized":4,"accounting":"full_successor_reads_writes_no_last_pair_v2","successors":[11,1,8,11,4,10,11,7,11,11,10,11]}
{"case":3416,"call":4,"status":"ok","root":11,"steps":23,"normalized":4,"accounting":"full_successor_reads_writes_no_last_pair_v2","successors":[11,1,8,11,4,10,11,7,11,11,10,11]}
{"case":3416,"call":5,"status":"unknown","root":29,"steps":23,"normalized":4,"accounting":"full_successor_reads_writes_no_last_pair_v2","successors":[11,1,8,11,4,10,11,7,11,11,10,11]}
{"case":3417,"call":0,"status":"budget","root":11,"steps":10,"normalized":3,"accounting":"full_successor_reads_writes_no_last_pair_v2","successors":[3,1,8,6,4,10,9,7,11,11,10,11]}
{"case":3417,"call":1,"status":"budget","root":0,"steps":10,"normalized":3,"accounting":"full_successor_reads_writes_no_last_pair_v2","successors":[3,1,8,6,4,10,9,7,11,11,10,11]}
{"case":3417,"call":2,"status":"ok","root":11,"steps":21,"normalized":4,"accounting":"full_successor_reads_writes_no_last_pair_v2","successors":[11,1,8,11,4,10,11,7,11,11,10,11]}
{"case":3417,"call":3,"status":"ok","root":11,"steps":23,"normalized":5,"accounting":"full_successor_reads_writes_no_last_pair_v2","successors":[11,1,8,11,4,10,11,7,11,11,10,11]}
{"case":3417,"call":4,"status":"ok","root":11,"steps":24,"normalized":5,"accounting":"full_successor_reads_writes_no_last_pair_v2","successors":[11,1,8,11,4,10,11,7,11,11,10,11]}
{"case":3417,"call":5,"status":"unknown","root":29,"steps":24,"normalized":5,"accounting":"full_successor_reads_writes_no_last_pair_v2","successors":[11,1,8,11,4,10,11,7,11,11,10,11]}
{"case":3418,"call":0,"status":"budget","root":11,"steps":11,"normalized":3,"accounting":"full_successor_reads_writes_no_last_pair_v2","successors":[3,1,8,6,4,10,9,7,11,11,10,11]}
{"case":3418,"call":1,"status":"budget","root":0,"steps":11,"normalized":3,"accounting":"full_successor_reads_writes_no_last_pair_v2","successors":[3,1,8,6,4,10,9,7,11,11,10,11]}
{"case":3418,"call":2,"status":"ok","root":11,"steps":22,"normalized":4,"accounting":"full_successor_reads_writes_no_last_pair_v2","successors":[11,1,8,11,4,10,11,7,11,11,10,11]}
{"case":3418,"call":3,"status":"ok","root":11,"steps":24,"normalized":5,"accounting":"full_successor_reads_writes_no_last_pair_v2","successors":[11,1,8,11,4,10,11,7,11,11,10,11]}
{"case":3418,"call":4,"status":"ok","root":11,"steps":25,"normalized":5,"accounting":"full_successor_reads_writes_no_last_pair_v2","successors":[11,1,8,11,4,10,11,7,11,11,10,11]}
{"case":3418,"call":5,"status":"unknown","root":29,"steps":25,"normalized":5,"accounting":"full_successor_reads_writes_no_last_pair_v2","successors":[11,1,8,11,4,10,11,7,11,11,10,11]}
{"case":3419,"call":0,"status":"budget","root":11,"steps":12,"normalized":3,"accounting":"full_successor_reads_writes_no_last_pair_v2","successors":[11,1,8,6,4,10,9,7,11,11,10,11]}
{"case":3419,"call":1,"status":"budget","root":0,"steps":12,"normalized":3,"accounting":"full_successor_reads_writes_no_last_pair_v2","successors":[11,1,8,6,4,10,9,7,11,11,10,11]}
{"case":3419,"call":2,"status":"ok","root":11,"steps":14,"normalized":4,"accounting":"full_successor_reads_writes_no_last_pair_v2","successors":[11,1,8,6,4,10,9,7,11,11,10,11]}
{"case":3419,"call":3,"status":"ok","root":11,"steps":16,"normalized":5,"accounting":"full_successor_reads_writes_no_last_pair_v2","successors":[11,1,8,6,4,10,9,7,11,11,10,11]}
{"case":3419,"call":4,"status":"ok","root":11,"steps":17,"normalized":5,"accounting":"full_successor_reads_writes_no_last_pair_v2","successors":[11,1,8,6,4,10,9,7,11,11,10,11]}
{"case":3419,"call":5,"status":"unknown","root":29,"steps":17,"normalized":5,"accounting":"full_successor_reads_writes_no_last_pair_v2","successors":[11,1,8,6,4,10,9,7,11,11,10,11]}
{"case":3420,"call":0,"status":"budget","root":11,"steps":13,"normalized":3,"accounting":"full_successor_reads_writes_no_last_pair_v2","successors":[11,1,8,6,4,10,9,7,11,11,10,11]}
{"case":3420,"call":1,"status":"budget","root":0,"steps":13,"normalized":3,"accounting":"full_successor_reads_writes_no_last_pair_v2","successors":[11,1,8,6,4,10,9,7,11,11,10,11]}
{"case":3420,"call":2,"status":"ok","root":11,"steps":15,"normalized":4,"accounting":"full_successor_reads_writes_no_last_pair_v2","successors":[11,1,8,6,4,10,9,7,11,11,10,11]}
{"case":3420,"call":3,"status":"ok","root":11,"steps":17,"normalized":5,"accounting":"full_successor_reads_writes_no_last_pair_v2","successors":[11,1,8,6,4,10,9,7,11,11,10,11]}
{"case":3420,"call":4,"status":"ok","root":11,"steps":18,"normalized":5,"accounting":"full_successor_reads_writes_no_last_pair_v2","successors":[11,1,8,6,4,10,9,7,11,11,10,11]}
{"case":3420,"call":5,"status":"unknown","root":29,"steps":18,"normalized":5,"accounting":"full_successor_reads_writes_no_last_pair_v2","successors":[11,1,8,6,4,10,9,7,11,11,10,11]}
{"case":3421,"call":0,"status":"budget","root":11,"steps":14,"normalized":3,"accounting":"full_successor_reads_writes_no_last_pair_v2","successors":[11,1,8,11,4,10,9,7,11,11,10,11]}
{"case":3421,"call":1,"status":"budget","root":0,"steps":14,"normalized":3,"accounting":"full_successor_reads_writes_no_last_pair_v2","successors":[11,1,8,11,4,10,9,7,11,11,10,11]}
{"case":3421,"call":2,"status":"ok","root":11,"steps":16,"normalized":4,"accounting":"full_successor_reads_writes_no_last_pair_v2","successors":[11,1,8,11,4,10,9,7,11,11,10,11]}
{"case":3421,"call":3,"status":"ok","root":11,"steps":18,"normalized":5,"accounting":"full_successor_reads_writes_no_last_pair_v2","successors":[11,1,8,11,4,10,9,7,11,11,10,11]}
{"case":3421,"call":4,"status":"ok","root":11,"steps":19,"normalized":5,"accounting":"full_successor_reads_writes_no_last_pair_v2","successors":[11,1,8,11,4,10,9,7,11,11,10,11]}
{"case":3421,"call":5,"status":"unknown","root":29,"steps":19,"normalized":5,"accounting":"full_successor_reads_writes_no_last_pair_v2","successors":[11,1,8,11,4,10,9,7,11,11,10,11]}
{"case":3422,"call":0,"status":"budget","root":11,"steps":15,"normalized":3,"accounting":"full_successor_reads_writes_no_last_pair_v2","successors":[11,1,8,11,4,10,9,7,11,11,10,11]}
{"case":3422,"call":1,"status":"budget","root":0,"steps":15,"normalized":3,"accounting":"full_successor_reads_writes_no_last_pair_v2","successors":[11,1,8,11,4,10,9,7,11,11,10,11]}
{"case":3422,"call":2,"status":"ok","root":11,"steps":17,"normalized":4,"accounting":"full_successor_reads_writes_no_last_pair_v2","successors":[11,1,8,11,4,10,9,7,11,11,10,11]}
{"case":3422,"call":3,"status":"ok","root":11,"steps":19,"normalized":5,"accounting":"full_successor_reads_writes_no_last_pair_v2","successors":[11,1,8,11,4,10,9,7,11,11,10,11]}
{"case":3422,"call":4,"status":"ok","root":11,"steps":20,"normalized":5,"accounting":"full_successor_reads_writes_no_last_pair_v2","successors":[11,1,8,11,4,10,9,7,11,11,10,11]}
{"case":3422,"call":5,"status":"unknown","root":29,"steps":20,"normalized":5,"accounting":"full_successor_reads_writes_no_last_pair_v2","successors":[11,1,8,11,4,10,9,7,11,11,10,11]}
{"case":3423,"call":0,"status":"ok","root":11,"steps":16,"normalized":3,"accounting":"full_successor_reads_writes_no_last_pair_v2","successors":[11,1,8,11,4,10,11,7,11,11,10,11]}
{"case":3423,"call":1,"status":"budget","root":0,"steps":16,"normalized":3,"accounting":"full_successor_reads_writes_no_last_pair_v2","successors":[11,1,8,11,4,10,11,7,11,11,10,11]}
{"case":3423,"call":2,"status":"ok","root":11,"steps":18,"normalized":4,"accounting":"full_successor_reads_writes_no_last_pair_v2","successors":[11,1,8,11,4,10,11,7,11,11,10,11]}
{"case":3423,"call":3,"status":"ok","root":11,"steps":20,"normalized":5,"accounting":"full_successor_reads_writes_no_last_pair_v2","successors":[11,1,8,11,4,10,11,7,11,11,10,11]}
{"case":3423,"call":4,"status":"ok","root":11,"steps":21,"normalized":5,"accounting":"full_successor_reads_writes_no_last_pair_v2","successors":[11,1,8,11,4,10,11,7,11,11,10,11]}
{"case":3423,"call":5,"status":"unknown","root":29,"steps":21,"normalized":5,"accounting":"full_successor_reads_writes_no_last_pair_v2","successors":[11,1,8,11,4,10,11,7,11,11,10,11]}
{"case":3424,"call":0,"status":"ok","root":11,"steps":16,"normalized":3,"accounting":"full_successor_reads_writes_no_last_pair_v2","successors":[11,1,8,11,4,10,11,7,11,11,10,11]}
{"case":3424,"call":1,"status":"budget","root":11,"steps":17,"normalized":3,"accounting":"full_successor_reads_writes_no_last_pair_v2","successors":[11,1,8,11,4,10,11,7,11,11,10,11]}
{"case":3424,"call":2,"status":"ok","root":11,"steps":19,"normalized":4,"accounting":"full_successor_reads_writes_no_last_pair_v2","successors":[11,1,8,11,4,10,11,7,11,11,10,11]}
{"case":3424,"call":3,"status":"ok","root":11,"steps":21,"normalized":5,"accounting":"full_successor_reads_writes_no_last_pair_v2","successors":[11,1,8,11,4,10,11,7,11,11,10,11]}
{"case":3424,"call":4,"status":"ok","root":11,"steps":22,"normalized":5,"accounting":"full_successor_reads_writes_no_last_pair_v2","successors":[11,1,8,11,4,10,11,7,11,11,10,11]}
{"case":3424,"call":5,"status":"unknown","root":29,"steps":22,"normalized":5,"accounting":"full_successor_reads_writes_no_last_pair_v2","successors":[11,1,8,11,4,10,11,7,11,11,10,11]}
{"case":3425,"call":0,"status":"budget","root":0,"steps":5,"normalized":2,"accounting":"full_successor_reads_writes_no_last_pair_v2","successors":[1,2,3,4,5,6,7,8,9,10,11,12,13,14,15,16,16]}
{"case":3425,"call":1,"status":"budget","root":0,"steps":5,"normalized":2,"accounting":"full_successor_reads_writes_no_last_pair_v2","successors":[1,2,3,4,5,6,7,8,9,10,11,12,13,14,15,16,16]}
{"case":3425,"call":2,"status":"ok","root":16,"steps":52,"normalized":3,"accounting":"full_successor_reads_writes_no_last_pair_v2","successors":[16,16,16,16,16,16,16,16,16,16,16,16,16,16,16,16,16]}
{"case":3425,"call":3,"status":"ok","root":16,"steps":54,"normalized":4,"accounting":"full_successor_reads_writes_no_last_pair_v2","successors":[16,16,16,16,16,16,16,16,16,16,16,16,16,16,16,16,16]}
{"case":3425,"call":4,"status":"ok","root":16,"steps":55,"normalized":4,"accounting":"full_successor_reads_writes_no_last_pair_v2","successors":[16,16,16,16,16,16,16,16,16,16,16,16,16,16,16,16,16]}
{"case":3425,"call":5,"status":"unknown","root":29,"steps":55,"normalized":4,"accounting":"full_successor_reads_writes_no_last_pair_v2","successors":[16,16,16,16,16,16,16,16,16,16,16,16,16,16,16,16,16]}
{"case":3426,"call":0,"status":"budget","root":1,"steps":6,"normalized":2,"accounting":"full_successor_reads_writes_no_last_pair_v2","successors":[1,2,3,4,5,6,7,8,9,10,11,12,13,14,15,16,16]}
{"case":3426,"call":1,"status":"budget","root":0,"steps":6,"normalized":2,"accounting":"full_successor_reads_writes_no_last_pair_v2","successors":[1,2,3,4,5,6,7,8,9,10,11,12,13,14,15,16,16]}
{"case":3426,"call":2,"status":"ok","root":16,"steps":53,"normalized":3,"accounting":"full_successor_reads_writes_no_last_pair_v2","successors":[16,16,16,16,16,16,16,16,16,16,16,16,16,16,16,16,16]}
{"case":3426,"call":3,"status":"ok","root":16,"steps":55,"normalized":4,"accounting":"full_successor_reads_writes_no_last_pair_v2","successors":[16,16,16,16,16,16,16,16,16,16,16,16,16,16,16,16,16]}
{"case":3426,"call":4,"status":"ok","root":16,"steps":56,"normalized":4,"accounting":"full_successor_reads_writes_no_last_pair_v2","successors":[16,16,16,16,16,16,16,16,16,16,16,16,16,16,16,16,16]}
{"case":3426,"call":5,"status":"unknown","root":29,"steps":56,"normalized":4,"accounting":"full_successor_reads_writes_no_last_pair_v2","successors":[16,16,16,16,16,16,16,16,16,16,16,16,16,16,16,16,16]}
{"case":3427,"call":0,"status":"budget","root":2,"steps":7,"normalized":2,"accounting":"full_successor_reads_writes_no_last_pair_v2","successors":[1,2,3,4,5,6,7,8,9,10,11,12,13,14,15,16,16]}
{"case":3427,"call":1,"status":"budget","root":0,"steps":7,"normalized":2,"accounting":"full_successor_reads_writes_no_last_pair_v2","successors":[1,2,3,4,5,6,7,8,9,10,11,12,13,14,15,16,16]}
{"case":3427,"call":2,"status":"ok","root":16,"steps":54,"normalized":3,"accounting":"full_successor_reads_writes_no_last_pair_v2","successors":[16,16,16,16,16,16,16,16,16,16,16,16,16,16,16,16,16]}
{"case":3427,"call":3,"status":"ok","root":16,"steps":56,"normalized":4,"accounting":"full_successor_reads_writes_no_last_pair_v2","successors":[16,16,16,16,16,16,16,16,16,16,16,16,16,16,16,16,16]}
{"case":3427,"call":4,"status":"ok","root":16,"steps":57,"normalized":4,"accounting":"full_successor_reads_writes_no_last_pair_v2","successors":[16,16,16,16,16,16,16,16,16,16,16,16,16,16,16,16,16]}
{"case":3427,"call":5,"status":"unknown","root":29,"steps":57,"normalized":4,"accounting":"full_successor_reads_writes_no_last_pair_v2","successors":[16,16,16,16,16,16,16,16,16,16,16,16,16,16,16,16,16]}
{"case":3428,"call":0,"status":"budget","root":3,"steps":8,"normalized":2,"accounting":"full_successor_reads_writes_no_last_pair_v2","successors":[1,2,3,4,5,6,7,8,9,10,11,12,13,14,15,16,16]}
{"case":3428,"call":1,"status":"budget","root":0,"steps":8,"normalized":2,"accounting":"full_successor_reads_writes_no_last_pair_v2","successors":[1,2,3,4,5,6,7,8,9,10,11,12,13,14,15,16,16]}
{"case":3428,"call":2,"status":"ok","root":16,"steps":55,"normalized":3,"accounting":"full_successor_reads_writes_no_last_pair_v2","successors":[16,16,16,16,16,16,16,16,16,16,16,16,16,16,16,16,16]}
{"case":3428,"call":3,"status":"ok","root":16,"steps":57,"normalized":4,"accounting":"full_successor_reads_writes_no_last_pair_v2","successors":[16,16,16,16,16,16,16,16,16,16,16,16,16,16,16,16,16]}
{"case":3428,"call":4,"status":"ok","root":16,"steps":58,"normalized":4,"accounting":"full_successor_reads_writes_no_last_pair_v2","successors":[16,16,16,16,16,16,16,16,16,16,16,16,16,16,16,16,16]}
{"case":3428,"call":5,"status":"unknown","root":29,"steps":58,"normalized":4,"accounting":"full_successor_reads_writes_no_last_pair_v2","successors":[16,16,16,16,16,16,16,16,16,16,16,16,16,16,16,16,16]}
{"case":3429,"call":0,"status":"budget","root":4,"steps":9,"normalized":2,"accounting":"full_successor_reads_writes_no_last_pair_v2","successors":[1,2,3,4,5,6,7,8,9,10,11,12,13,14,15,16,16]}
{"case":3429,"call":1,"status":"budget","root":0,"steps":9,"normalized":2,"accounting":"full_successor_reads_writes_no_last_pair_v2","successors":[1,2,3,4,5,6,7,8,9,10,11,12,13,14,15,16,16]}
{"case":3429,"call":2,"status":"ok","root":16,"steps":56,"normalized":3,"accounting":"full_successor_reads_writes_no_last_pair_v2","successors":[16,16,16,16,16,16,16,16,16,16,16,16,16,16,16,16,16]}
{"case":3429,"call":3,"status":"ok","root":16,"steps":58,"normalized":4,"accounting":"full_successor_reads_writes_no_last_pair_v2","successors":[16,16,16,16,16,16,16,16,16,16,16,16,16,16,16,16,16]}
{"case":3429,"call":4,"status":"ok","root":16,"steps":59,"normalized":4,"accounting":"full_successor_reads_writes_no_last_pair_v2","successors":[16,16,16,16,16,16,16,16,16,16,16,16,16,16,16,16,16]}
{"case":3429,"call":5,"status":"unknown","root":29,"steps":59,"normalized":4,"accounting":"full_successor_reads_writes_no_last_pair_v2","successors":[16,16,16,16,16,16,16,16,16,16,16,16,16,16,16,16,16]}
{"case":3430,"call":0,"status":"budget","root":5,"steps":10,"normalized":2,"accounting":"full_successor_reads_writes_no_last_pair_v2","successors":[1,2,3,4,5,6,7,8,9,10,11,12,13,14,15,16,16]}
{"case":3430,"call":1,"status":"budget","root":0,"steps":10,"normalized":2,"accounting":"full_successor_reads_writes_no_last_pair_v2","successors":[1,2,3,4,5,6,7,8,9,10,11,12,13,14,15,16,16]}
{"case":3430,"call":2,"status":"ok","root":16,"steps":57,"normalized":3,"accounting":"full_successor_reads_writes_no_last_pair_v2","successors":[16,16,16,16,16,16,16,16,16,16,16,16,16,16,16,16,16]}
{"case":3430,"call":3,"status":"ok","root":16,"steps":59,"normalized":4,"accounting":"full_successor_reads_writes_no_last_pair_v2","successors":[16,16,16,16,16,16,16,16,16,16,16,16,16,16,16,16,16]}
{"case":3430,"call":4,"status":"ok","root":16,"steps":60,"normalized":4,"accounting":"full_successor_reads_writes_no_last_pair_v2","successors":[16,16,16,16,16,16,16,16,16,16,16,16,16,16,16,16,16]}
{"case":3430,"call":5,"status":"unknown","root":29,"steps":60,"normalized":4,"accounting":"full_successor_reads_writes_no_last_pair_v2","successors":[16,16,16,16,16,16,16,16,16,16,16,16,16,16,16,16,16]}
{"case":3431,"call":0,"status":"budget","root":6,"steps":11,"normalized":2,"accounting":"full_successor_reads_writes_no_last_pair_v2","successors":[1,2,3,4,5,6,7,8,9,10,11,12,13,14,15,16,16]}
{"case":3431,"call":1,"status":"budget","root":0,"steps":11,"normalized":2,"accounting":"full_successor_reads_writes_no_last_pair_v2","successors":[1,2,3,4,5,6,7,8,9,10,11,12,13,14,15,16,16]}
{"case":3431,"call":2,"status":"ok","root":16,"steps":58,"normalized":3,"accounting":"full_successor_reads_writes_no_last_pair_v2","successors":[16,16,16,16,16,16,16,16,16,16,16,16,16,16,16,16,16]}
{"case":3431,"call":3,"status":"ok","root":16,"steps":60,"normalized":4,"accounting":"full_successor_reads_writes_no_last_pair_v2","successors":[16,16,16,16,16,16,16,16,16,16,16,16,16,16,16,16,16]}
{"case":3431,"call":4,"status":"ok","root":16,"steps":61,"normalized":4,"accounting":"full_successor_reads_writes_no_last_pair_v2","successors":[16,16,16,16,16,16,16,16,16,16,16,16,16,16,16,16,16]}
{"case":3431,"call":5,"status":"unknown","root":29,"steps":61,"normalized":4,"accounting":"full_successor_reads_writes_no_last_pair_v2","successors":[16,16,16,16,16,16,16,16,16,16,16,16,16,16,16,16,16]}
{"case":3432,"call":0,"status":"budget","root":7,"steps":12,"normalized":2,"accounting":"full_successor_reads_writes_no_last_pair_v2","successors":[1,2,3,4,5,6,7,8,9,10,11,12,13,14,15,16,16]}
{"case":3432,"call":1,"status":"budget","root":0,"steps":12,"normalized":2,"accounting":"full_successor_reads_writes_no_last_pair_v2","successors":[1,2,3,4,5,6,7,8,9,10,11,12,13,14,15,16,16]}
{"case":3432,"call":2,"status":"ok","root":16,"steps":59,"normalized":3,"accounting":"full_successor_reads_writes_no_last_pair_v2","successors":[16,16,16,16,16,16,16,16,16,16,16,16,16,16,16,16,16]}
{"case":3432,"call":3,"status":"ok","root":16,"steps":61,"normalized":4,"accounting":"full_successor_reads_writes_no_last_pair_v2","successors":[16,16,16,16,16,16,16,16,16,16,16,16,16,16,16,16,16]}
{"case":3432,"call":4,"status":"ok","root":16,"steps":62,"normalized":4,"accounting":"full_successor_reads_writes_no_last_pair_v2","successors":[16,16,16,16,16,16,16,16,16,16,16,16,16,16,16,16,16]}
{"case":3432,"call":5,"status":"unknown","root":29,"steps":62,"normalized":4,"accounting":"full_successor_reads_writes_no_last_pair_v2","successors":[16,16,16,16,16,16,16,16,16,16,16,16,16,16,16,16,16]}
{"case":3433,"call":0,"status":"budget","root":8,"steps":13,"normalized":2,"accounting":"full_successor_reads_writes_no_last_pair_v2","successors":[1,2,3,4,5,6,7,8,9,10,11,12,13,14,15,16,16]}
{"case":3433,"call":1,"status":"budget","root":0,"steps":13,"normalized":2,"accounting":"full_successor_reads_writes_no_last_pair_v2","successors":[1,2,3,4,5,6,7,8,9,10,11,12,13,14,15,16,16]}
{"case":3433,"call":2,"status":"ok","root":16,"steps":60,"normalized":3,"accounting":"full_successor_reads_writes_no_last_pair_v2","successors":[16,16,16,16,16,16,16,16,16,16,16,16,16,16,16,16,16]}
{"case":3433,"call":3,"status":"ok","root":16,"steps":62,"normalized":4,"accounting":"full_successor_reads_writes_no_last_pair_v2","successors":[16,16,16,16,16,16,16,16,16,16,16,16,16,16,16,16,16]}
{"case":3433,"call":4,"status":"ok","root":16,"steps":63,"normalized":4,"accounting":"full_successor_reads_writes_no_last_pair_v2","successors":[16,16,16,16,16,16,16,16,16,16,16,16,16,16,16,16,16]}
{"case":3433,"call":5,"status":"unknown","root":29,"steps":63,"normalized":4,"accounting":"full_successor_reads_writes_no_last_pair_v2","successors":[16,16,16,16,16,16,16,16,16,16,16,16,16,16,16,16,16]}
{"case":3434,"call":0,"status":"budget","root":9,"steps":14,"normalized":2,"accounting":"full_successor_reads_writes_no_last_pair_v2","successors":[1,2,3,4,5,6,7,8,9,10,11,12,13,14,15,16,16]}
{"case":3434,"call":1,"status":"budget","root":0,"steps":14,"normalized":2,"accounting":"full_successor_reads_writes_no_last_pair_v2","successors":[1,2,3,4,5,6,7,8,9,10,11,12,13,14,15,16,16]}
{"case":3434,"call":2,"status":"ok","root":16,"steps":61,"normalized":3,"accounting":"full_successor_reads_writes_no_last_pair_v2","successors":[16,16,16,16,16,16,16,16,16,16,16,16,16,16,16,16,16]}
{"case":3434,"call":3,"status":"ok","root":16,"steps":63,"normalized":4,"accounting":"full_successor_reads_writes_no_last_pair_v2","successors":[16,16,16,16,16,16,16,16,16,16,16,16,16,16,16,16,16]}
{"case":3434,"call":4,"status":"ok","root":16,"steps":64,"normalized":4,"accounting":"full_successor_reads_writes_no_last_pair_v2","successors":[16,16,16,16,16,16,16,16,16,16,16,16,16,16,16,16,16]}
{"case":3434,"call":5,"status":"unknown","root":29,"steps":64,"normalized":4,"accounting":"full_successor_reads_writes_no_last_pair_v2","successors":[16,16,16,16,16,16,16,16,16,16,16,16,16,16,16,16,16]}
{"case":3435,"call":0,"status":"budget","root":10,"steps":15,"normalized":2,"accounting":"full_successor_reads_writes_no_last_pair_v2","successors":[1,2,3,4,5,6,7,8,9,10,11,12,13,14,15,16,16]}
{"case":3435,"call":1,"status":"budget","root":0,"steps":15,"normalized":2,"accounting":"full_successor_reads_writes_no_last_pair_v2","successors":[1,2,3,4,5,6,7,8,9,10,11,12,13,14,15,16,16]}
{"case":3435,"call":2,"status":"ok","root":16,"steps":62,"normalized":3,"accounting":"full_successor_reads_writes_no_last_pair_v2","successors":[16,16,16,16,16,16,16,16,16,16,16,16,16,16,16,16,16]}
{"case":3435,"call":3,"status":"ok","root":16,"steps":64,"normalized":4,"accounting":"full_successor_reads_writes_no_last_pair_v2","successors":[16,16,16,16,16,16,16,16,16,16,16,16,16,16,16,16,16]}
{"case":3435,"call":4,"status":"ok","root":16,"steps":65,"normalized":4,"accounting":"full_successor_reads_writes_no_last_pair_v2","successors":[16,16,16,16,16,16,16,16,16,16,16,16,16,16,16,16,16]}
{"case":3435,"call":5,"status":"unknown","root":29,"steps":65,"normalized":4,"accounting":"full_successor_reads_writes_no_last_pair_v2","successors":[16,16,16,16,16,16,16,16,16,16,16,16,16,16,16,16,16]}
{"case":3436,"call":0,"status":"budget","root":11,"steps":16,"normalized":2,"accounting":"full_successor_reads_writes_no_last_pair_v2","successors":[1,2,3,4,5,6,7,8,9,10,11,12,13,14,15,16,16]}
{"case":3436,"call":1,"status":"budget","root":0,"steps":16,"normalized":2,"accounting":"full_successor_reads_writes_no_last_pair_v2","successors":[1,2,3,4,5,6,7,8,9,10,11,12,13,14,15,16,16]}
{"case":3436,"call":2,"status":"ok","root":16,"steps":63,"normalized":3,"accounting":"full_successor_reads_writes_no_last_pair_v2","successors":[16,16,16,16,16,16,16,16,16,16,16,16,16,16,16,16,16]}
{"case":3436,"call":3,"status":"ok","root":16,"steps":65,"normalized":4,"accounting":"full_successor_reads_writes_no_last_pair_v2","successors":[16,16,16,16,16,16,16,16,16,16,16,16,16,16,16,16,16]}
{"case":3436,"call":4,"status":"ok","root":16,"steps":66,"normalized":4,"accounting":"full_successor_reads_writes_no_last_pair_v2","successors":[16,16,16,16,16,16,16,16,16,16,16,16,16,16,16,16,16]}
{"case":3436,"call":5,"status":"unknown","root":29,"steps":66,"normalized":4,"accounting":"full_successor_reads_writes_no_last_pair_v2","successors":[16,16,16,16,16,16,16,16,16,16,16,16,16,16,16,16,16]}
{"case":3437,"call":0,"status":"budget","root":12,"steps":17,"normalized":2,"accounting":"full_successor_reads_writes_no_last_pair_v2","successors":[1,2,3,4,5,6,7,8,9,10,11,12,13,14,15,16,16]}
{"case":3437,"call":1,"status":"budget","root":0,"steps":17,"normalized":2,"accounting":"full_successor_reads_writes_no_last_pair_v2","successors":[1,2,3,4,5,6,7,8,9,10,11,12,13,14,15,16,16]}
{"case":3437,"call":2,"status":"ok","root":16,"steps":64,"normalized":3,"accounting":"full_successor_reads_writes_no_last_pair_v2","successors":[16,16,16,16,16,16,16,16,16,16,16,16,16,16,16,16,16]}
{"case":3437,"call":3,"status":"ok","root":16,"steps":66,"normalized":4,"accounting":"full_successor_reads_writes_no_last_pair_v2","successors":[16,16,16,16,16,16,16,16,16,16,16,16,16,16,16,16,16]}
{"case":3437,"call":4,"status":"ok","root":16,"steps":67,"normalized":4,"accounting":"full_successor_reads_writes_no_last_pair_v2","successors":[16,16,16,16,16,16,16,16,16,16,16,16,16,16,16,16,16]}
{"case":3437,"call":5,"status":"unknown","root":29,"steps":67,"normalized":4,"accounting":"full_successor_reads_writes_no_last_pair_v2","successors":[16,16,16,16,16,16,16,16,16,16,16,16,16,16,16,16,16]}
{"case":3438,"call":0,"status":"budget","root":13,"steps":18,"normalized":2,"accounting":"full_successor_reads_writes_no_last_pair_v2","successors":[1,2,3,4,5,6,7,8,9,10,11,12,13,14,15,16,16]}
{"case":3438,"call":1,"status":"budget","root":0,"steps":18,"normalized":2,"accounting":"full_successor_reads_writes_no_last_pair_v2","successors":[1,2,3,4,5,6,7,8,9,10,11,12,13,14,15,16,16]}
{"case":3438,"call":2,"status":"ok","root":16,"steps":65,"normalized":3,"accounting":"full_successor_reads_writes_no_last_pair_v2","successors":[16,16,16,16,16,16,16,16,16,16,16,16,16,16,16,16,16]}
{"case":3438,"call":3,"status":"ok","root":16,"steps":67,"normalized":4,"accounting":"full_successor_reads_writes_no_last_pair_v2","successors":[16,16,16,16,16,16,16,16,16,16,16,16,16,16,16,16,16]}
{"case":3438,"call":4,"status":"ok","root":16,"steps":68,"normalized":4,"accounting":"full_successor_reads_writes_no_last_pair_v2","successors":[16,16,16,16,16,16,16,16,16,16,16,16,16,16,16,16,16]}
{"case":3438,"call":5,"status":"unknown","root":29,"steps":68,"normalized":4,"accounting":"full_successor_reads_writes_no_last_pair_v2","successors":[16,16,16,16,16,16,16,16,16,16,16,16,16,16,16,16,16]}
{"case":3439,"call":0,"status":"budget","root":14,"steps":19,"normalized":2,"accounting":"full_successor_reads_writes_no_last_pair_v2","successors":[1,2,3,4,5,6,7,8,9,10,11,12,13,14,15,16,16]}
{"case":3439,"call":1,"status":"budget","root":0,"steps":19,"normalized":2,"accounting":"full_successor_reads_writes_no_last_pair_v2","successors":[1,2,3,4,5,6,7,8,9,10,11,12,13,14,15,16,16]}
{"case":3439,"call":2,"status":"ok","root":16,"steps":66,"normalized":3,"accounting":"full_successor_reads_writes_no_last_pair_v2","successors":[16,16,16,16,16,16,16,16,16,16,16,16,16,16,16,16,16]}
{"case":3439,"call":3,"status":"ok","root":16,"steps":68,"normalized":4,"accounting":"full_successor_reads_writes_no_last_pair_v2","successors":[16,16,16,16,16,16,16,16,16,16,16,16,16,16,16,16,16]}
{"case":3439,"call":4,"status":"ok","root":16,"steps":69,"normalized":4,"accounting":"full_successor_reads_writes_no_last_pair_v2","successors":[16,16,16,16,16,16,16,16,16,16,16,16,16,16,16,16,16]}
{"case":3439,"call":5,"status":"unknown","root":29,"steps":69,"normalized":4,"accounting":"full_successor_reads_writes_no_last_pair_v2","successors":[16,16,16,16,16,16,16,16,16,16,16,16,16,16,16,16,16]}
{"case":3440,"call":0,"status":"budget","root":15,"steps":20,"normalized":2,"accounting":"full_successor_reads_writes_no_last_pair_v2","successors":[1,2,3,4,5,6,7,8,9,10,11,12,13,14,15,16,16]}
{"case":3440,"call":1,"status":"budget","root":0,"steps":20,"normalized":2,"accounting":"full_successor_reads_writes_no_last_pair_v2","successors":[1,2,3,4,5,6,7,8,9,10,11,12,13,14,15,16,16]}
{"case":3440,"call":2,"status":"ok","root":16,"steps":67,"normalized":3,"accounting":"full_successor_reads_writes_no_last_pair_v2","successors":[16,16,16,16,16,16,16,16,16,16,16,16,16,16,16,16,16]}
{"case":3440,"call":3,"status":"ok","root":16,"steps":69,"normalized":4,"accounting":"full_successor_reads_writes_no_last_pair_v2","successors":[16,16,16,16,16,16,16,16,16,16,16,16,16,16,16,16,16]}
{"case":3440,"call":4,"status":"ok","root":16,"steps":70,"normalized":4,"accounting":"full_successor_reads_writes_no_last_pair_v2","successors":[16,16,16,16,16,16,16,16,16,16,16,16,16,16,16,16,16]}
{"case":3440,"call":5,"status":"unknown","root":29,"steps":70,"normalized":4,"accounting":"full_successor_reads_writes_no_last_pair_v2","successors":[16,16,16,16,16,16,16,16,16,16,16,16,16,16,16,16,16]}
{"case":3441,"call":0,"status":"budget","root":16,"steps":21,"normalized":2,"accounting":"full_successor_reads_writes_no_last_pair_v2","successors":[1,2,3,4,5,6,7,8,9,10,11,12,13,14,15,16,16]}
{"case":3441,"call":1,"status":"budget","root":0,"steps":21,"normalized":2,"accounting":"full_successor_reads_writes_no_last_pair_v2","successors":[1,2,3,4,5,6,7,8,9,10,11,12,13,14,15,16,16]}
{"case":3441,"call":2,"status":"ok","root":16,"steps":68,"normalized":3,"accounting":"full_successor_reads_writes_no_last_pair_v2","successors":[16,16,16,16,16,16,16,16,16,16,16,16,16,16,16,16,16]}
{"case":3441,"call":3,"status":"ok","root":16,"steps":70,"normalized":4,"accounting":"full_successor_reads_writes_no_last_pair_v2","successors":[16,16,16,16,16,16,16,16,16,16,16,16,16,16,16,16,16]}
{"case":3441,"call":4,"status":"ok","root":16,"steps":71,"normalized":4,"accounting":"full_successor_reads_writes_no_last_pair_v2","successors":[16,16,16,16,16,16,16,16,16,16,16,16,16,16,16,16,16]}
{"case":3441,"call":5,"status":"unknown","root":29,"steps":71,"normalized":4,"accounting":"full_successor_reads_writes_no_last_pair_v2","successors":[16,16,16,16,16,16,16,16,16,16,16,16,16,16,16,16,16]}
{"case":3442,"call":0,"status":"budget","root":16,"steps":22,"normalized":3,"accounting":"full_successor_reads_writes_no_last_pair_v2","successors":[1,2,3,4,5,6,7,8,9,10,11,12,13,14,15,16,16]}
{"case":3442,"call":1,"status":"budget","root":0,"steps":22,"normalized":3,"accounting":"full_successor_reads_writes_no_last_pair_v2","successors":[1,2,3,4,5,6,7,8,9,10,11,12,13,14,15,16,16]}
{"case":3442,"call":2,"status":"ok","root":16,"steps":69,"normalized":4,"accounting":"full_successor_reads_writes_no_last_pair_v2","successors":[16,16,16,16,16,16,16,16,16,16,16,16,16,16,16,16,16]}
{"case":3442,"call":3,"status":"ok","root":16,"steps":71,"normalized":5,"accounting":"full_successor_reads_writes_no_last_pair_v2","successors":[16,16,16,16,16,16,16,16,16,16,16,16,16,16,16,16,16]}
{"case":3442,"call":4,"status":"ok","root":16,"steps":72,"normalized":5,"accounting":"full_successor_reads_writes_no_last_pair_v2","successors":[16,16,16,16,16,16,16,16,16,16,16,16,16,16,16,16,16]}
{"case":3442,"call":5,"status":"unknown","root":29,"steps":72,"normalized":5,"accounting":"full_successor_reads_writes_no_last_pair_v2","successors":[16,16,16,16,16,16,16,16,16,16,16,16,16,16,16,16,16]}
{"case":3443,"call":0,"status":"budget","root":16,"steps":23,"normalized":3,"accounting":"full_successor_reads_writes_no_last_pair_v2","successors":[1,2,3,4,5,6,7,8,9,10,11,12,13,14,15,16,16]}
{"case":3443,"call":1,"status":"budget","root":0,"steps":23,"normalized":3,"accounting":"full_successor_reads_writes_no_last_pair_v2","successors":[1,2,3,4,5,6,7,8,9,10,11,12,13,14,15,16,16]}
{"case":3443,"call":2,"status":"ok","root":16,"steps":70,"normalized":4,"accounting":"full_successor_reads_writes_no_last_pair_v2","successors":[16,16,16,16,16,16,16,16,16,16,16,16,16,16,16,16,16]}
{"case":3443,"call":3,"status":"ok","root":16,"steps":72,"normalized":5,"accounting":"full_successor_reads_writes_no_last_pair_v2","successors":[16,16,16,16,16,16,16,16,16,16,16,16,16,16,16,16,16]}
{"case":3443,"call":4,"status":"ok","root":16,"steps":73,"normalized":5,"accounting":"full_successor_reads_writes_no_last_pair_v2","successors":[16,16,16,16,16,16,16,16,16,16,16,16,16,16,16,16,16]}
{"case":3443,"call":5,"status":"unknown","root":29,"steps":73,"normalized":5,"accounting":"full_successor_reads_writes_no_last_pair_v2","successors":[16,16,16,16,16,16,16,16,16,16,16,16,16,16,16,16,16]}
{"case":3444,"call":0,"status":"budget","root":16,"steps":24,"normalized":3,"accounting":"full_successor_reads_writes_no_last_pair_v2","successors":[16,2,3,4,5,6,7,8,9,10,11,12,13,14,15,16,16]}
{"case":3444,"call":1,"status":"budget","root":0,"steps":24,"normalized":3,"accounting":"full_successor_reads_writes_no_last_pair_v2","successors":[16,2,3,4,5,6,7,8,9,10,11,12,13,14,15,16,16]}
{"case":3444,"call":2,"status":"ok","root":16,"steps":26,"normalized":4,"accounting":"full_successor_reads_writes_no_last_pair_v2","successors":[16,2,3,4,5,6,7,8,9,10,11,12,13,14,15,16,16]}
{"case":3444,"call":3,"status":"ok","root":16,"steps":28,"normalized":5,"accounting":"full_successor_reads_writes_no_last_pair_v2","successors":[16,2,3,4,5,6,7,8,9,10,11,12,13,14,15,16,16]}
{"case":3444,"call":4,"status":"ok","root":16,"steps":29,"normalized":5,"accounting":"full_successor_reads_writes_no_last_pair_v2","successors":[16,2,3,4,5,6,7,8,9,10,11,12,13,14,15,16,16]}
{"case":3444,"call":5,"status":"unknown","root":29,"steps":29,"normalized":5,"accounting":"full_successor_reads_writes_no_last_pair_v2","successors":[16,2,3,4,5,6,7,8,9,10,11,12,13,14,15,16,16]}
{"case":3445,"call":0,"status":"budget","root":16,"steps":25,"normalized":3,"accounting":"full_successor_reads_writes_no_last_pair_v2","successors":[16,2,3,4,5,6,7,8,9,10,11,12,13,14,15,16,16]}
{"case":3445,"call":1,"status":"budget","root":0,"steps":25,"normalized":3,"accounting":"full_successor_reads_writes_no_last_pair_v2","successors":[16,2,3,4,5,6,7,8,9,10,11,12,13,14,15,16,16]}
{"case":3445,"call":2,"status":"ok","root":16,"steps":27,"normalized":4,"accounting":"full_successor_reads_writes_no_last_pair_v2","successors":[16,2,3,4,5,6,7,8,9,10,11,12,13,14,15,16,16]}
{"case":3445,"call":3,"status":"ok","root":16,"steps":29,"normalized":5,"accounting":"full_successor_reads_writes_no_last_pair_v2","successors":[16,2,3,4,5,6,7,8,9,10,11,12,13,14,15,16,16]}
{"case":3445,"call":4,"status":"ok","root":16,"steps":30,"normalized":5,"accounting":"full_successor_reads_writes_no_last_pair_v2","successors":[16,2,3,4,5,6,7,8,9,10,11,12,13,14,15,16,16]}
{"case":3445,"call":5,"status":"unknown","root":29,"steps":30,"normalized":5,"accounting":"full_successor_reads_writes_no_last_pair_v2","successors":[16,2,3,4,5,6,7,8,9,10,11,12,13,14,15,16,16]}
{"case":3446,"call":0,"status":"budget","root":16,"steps":26,"normalized":3,"accounting":"full_successor_reads_writes_no_last_pair_v2","successors":[16,16,3,4,5,6,7,8,9,10,11,12,13,14,15,16,16]}
{"case":3446,"call":1,"status":"budget","root":0,"steps":26,"normalized":3,"accounting":"full_successor_reads_writes_no_last_pair_v2","successors":[16,16,3,4,5,6,7,8,9,10,11,12,13,14,15,16,16]}
{"case":3446,"call":2,"status":"ok","root":16,"steps":28,"normalized":4,"accounting":"full_successor_reads_writes_no_last_pair_v2","successors":[16,16,3,4,5,6,7,8,9,10,11,12,13,14,15,16,16]}
{"case":3446,"call":3,"status":"ok","root":16,"steps":30,"normalized":5,"accounting":"full_successor_reads_writes_no_last_pair_v2","successors":[16,16,3,4,5,6,7,8,9,10,11,12,13,14,15,16,16]}
{"case":3446,"call":4,"status":"ok","root":16,"steps":31,"normalized":5,"accounting":"full_successor_reads_writes_no_last_pair_v2","successors":[16,16,3,4,5,6,7,8,9,10,11,12,13,14,15,16,16]}
{"case":3446,"call":5,"status":"unknown","root":29,"steps":31,"normalized":5,"accounting":"full_successor_reads_writes_no_last_pair_v2","successors":[16,16,3,4,5,6,7,8,9,10,11,12,13,14,15,16,16]}
{"case":3447,"call":0,"status":"budget","root":16,"steps":27,"normalized":3,"accounting":"full_successor_reads_writes_no_last_pair_v2","successors":[16,16,3,4,5,6,7,8,9,10,11,12,13,14,15,16,16]}
{"case":3447,"call":1,"status":"budget","root":0,"steps":27,"normalized":3,"accounting":"full_successor_reads_writes_no_last_pair_v2","successors":[16,16,3,4,5,6,7,8,9,10,11,12,13,14,15,16,16]}
{"case":3447,"call":2,"status":"ok","root":16,"steps":29,"normalized":4,"accounting":"full_successor_reads_writes_no_last_pair_v2","successors":[16,16,3,4,5,6,7,8,9,10,11,12,13,14,15,16,16]}
{"case":3447,"call":3,"status":"ok","root":16,"steps":31,"normalized":5,"accounting":"full_successor_reads_writes_no_last_pair_v2","successors":[16,16,3,4,5,6,7,8,9,10,11,12,13,14,15,16,16]}
{"case":3447,"call":4,"status":"ok","root":16,"steps":32,"normalized":5,"accounting":"full_successor_reads_writes_no_last_pair_v2","successors":[16,16,3,4,5,6,7,8,9,10,11,12,13,14,15,16,16]}
{"case":3447,"call":5,"status":"unknown","root":29,"steps":32,"normalized":5,"accounting":"full_successor_reads_writes_no_last_pair_v2","successors":[16,16,3,4,5,6,7,8,9,10,11,12,13,14,15,16,16]}
{"case":3448,"call":0,"status":"budget","root":16,"steps":28,"normalized":3,"accounting":"full_successor_reads_writes_no_last_pair_v2","successors":[16,16,16,4,5,6,7,8,9,10,11,12,13,14,15,16,16]}
{"case":3448,"call":1,"status":"budget","root":0,"steps":28,"normalized":3,"accounting":"full_successor_reads_writes_no_last_pair_v2","successors":[16,16,16,4,5,6,7,8,9,10,11,12,13,14,15,16,16]}
{"case":3448,"call":2,"status":"ok","root":16,"steps":30,"normalized":4,"accounting":"full_successor_reads_writes_no_last_pair_v2","successors":[16,16,16,4,5,6,7,8,9,10,11,12,13,14,15,16,16]}
{"case":3448,"call":3,"status":"ok","root":16,"steps":32,"normalized":5,"accounting":"full_successor_reads_writes_no_last_pair_v2","successors":[16,16,16,4,5,6,7,8,9,10,11,12,13,14,15,16,16]}
{"case":3448,"call":4,"status":"ok","root":16,"steps":33,"normalized":5,"accounting":"full_successor_reads_writes_no_last_pair_v2","successors":[16,16,16,4,5,6,7,8,9,10,11,12,13,14,15,16,16]}
{"case":3448,"call":5,"status":"unknown","root":29,"steps":33,"normalized":5,"accounting":"full_successor_reads_writes_no_last_pair_v2","successors":[16,16,16,4,5,6,7,8,9,10,11,12,13,14,15,16,16]}
{"case":3449,"call":0,"status":"budget","root":16,"steps":29,"normalized":3,"accounting":"full_successor_reads_writes_no_last_pair_v2","successors":[16,16,16,4,5,6,7,8,9,10,11,12,13,14,15,16,16]}
{"case":3449,"call":1,"status":"budget","root":0,"steps":29,"normalized":3,"accounting":"full_successor_reads_writes_no_last_pair_v2","successors":[16,16,16,4,5,6,7,8,9,10,11,12,13,14,15,16,16]}
{"case":3449,"call":2,"status":"ok","root":16,"steps":31,"normalized":4,"accounting":"full_successor_reads_writes_no_last_pair_v2","successors":[16,16,16,4,5,6,7,8,9,10,11,12,13,14,15,16,16]}
{"case":3449,"call":3,"status":"ok","root":16,"steps":33,"normalized":5,"accounting":"full_successor_reads_writes_no_last_pair_v2","successors":[16,16,16,4,5,6,7,8,9,10,11,12,13,14,15,16,16]}
{"case":3449,"call":4,"status":"ok","root":16,"steps":34,"normalized":5,"accounting":"full_successor_reads_writes_no_last_pair_v2","successors":[16,16,16,4,5,6,7,8,9,10,11,12,13,14,15,16,16]}
{"case":3449,"call":5,"status":"unknown","root":29,"steps":34,"normalized":5,"accounting":"full_successor_reads_writes_no_last_pair_v2","successors":[16,16,16,4,5,6,7,8,9,10,11,12,13,14,15,16,16]}
{"case":3450,"call":0,"status":"budget","root":16,"steps":30,"normalized":3,"accounting":"full_successor_reads_writes_no_last_pair_v2","successors":[16,16,16,16,5,6,7,8,9,10,11,12,13,14,15,16,16]}
{"case":3450,"call":1,"status":"budget","root":0,"steps":30,"normalized":3,"accounting":"full_successor_reads_writes_no_last_pair_v2","successors":[16,16,16,16,5,6,7,8,9,10,11,12,13,14,15,16,16]}
{"case":3450,"call":2,"status":"ok","root":16,"steps":32,"normalized":4,"accounting":"full_successor_reads_writes_no_last_pair_v2","successors":[16,16,16,16,5,6,7,8,9,10,11,12,13,14,15,16,16]}
{"case":3450,"call":3,"status":"ok","root":16,"steps":34,"normalized":5,"accounting":"full_successor_reads_writes_no_last_pair_v2","successors":[16,16,16,16,5,6,7,8,9,10,11,12,13,14,15,16,16]}
{"case":3450,"call":4,"status":"ok","root":16,"steps":35,"normalized":5,"accounting":"full_successor_reads_writes_no_last_pair_v2","successors":[16,16,16,16,5,6,7,8,9,10,11,12,13,14,15,16,16]}
{"case":3450,"call":5,"status":"unknown","root":29,"steps":35,"normalized":5,"accounting":"full_successor_reads_writes_no_last_pair_v2","successors":[16,16,16,16,5,6,7,8,9,10,11,12,13,14,15,16,16]}
{"case":3451,"call":0,"status":"budget","root":16,"steps":31,"normalized":3,"accounting":"full_successor_reads_writes_no_last_pair_v2","successors":[16,16,16,16,5,6,7,8,9,10,11,12,13,14,15,16,16]}
{"case":3451,"call":1,"status":"budget","root":0,"steps":31,"normalized":3,"accounting":"full_successor_reads_writes_no_last_pair_v2","successors":[16,16,16,16,5,6,7,8,9,10,11,12,13,14,15,16,16]}
{"case":3451,"call":2,"status":"ok","root":16,"steps":33,"normalized":4,"accounting":"full_successor_reads_writes_no_last_pair_v2","successors":[16,16,16,16,5,6,7,8,9,10,11,12,13,14,15,16,16]}
{"case":3451,"call":3,"status":"ok","root":16,"steps":35,"normalized":5,"accounting":"full_successor_reads_writes_no_last_pair_v2","successors":[16,16,16,16,5,6,7,8,9,10,11,12,13,14,15,16,16]}
{"case":3451,"call":4,"status":"ok","root":16,"steps":36,"normalized":5,"accounting":"full_successor_reads_writes_no_last_pair_v2","successors":[16,16,16,16,5,6,7,8,9,10,11,12,13,14,15,16,16]}
{"case":3451,"call":5,"status":"unknown","root":29,"steps":36,"normalized":5,"accounting":"full_successor_reads_writes_no_last_pair_v2","successors":[16,16,16,16,5,6,7,8,9,10,11,12,13,14,15,16,16]}
{"case":3452,"call":0,"status":"budget","root":16,"steps":32,"normalized":3,"accounting":"full_successor_reads_writes_no_last_pair_v2","successors":[16,16,16,16,16,6,7,8,9,10,11,12,13,14,15,16,16]}
{"case":3452,"call":1,"status":"budget","root":0,"steps":32,"normalized":3,"accounting":"full_successor_reads_writes_no_last_pair_v2","successors":[16,16,16,16,16,6,7,8,9,10,11,12,13,14,15,16,16]}
{"case":3452,"call":2,"status":"ok","root":16,"steps":34,"normalized":4,"accounting":"full_successor_reads_writes_no_last_pair_v2","successors":[16,16,16,16,16,6,7,8,9,10,11,12,13,14,15,16,16]}
{"case":3452,"call":3,"status":"ok","root":16,"steps":36,"normalized":5,"accounting":"full_successor_reads_writes_no_last_pair_v2","successors":[16,16,16,16,16,6,7,8,9,10,11,12,13,14,15,16,16]}
{"case":3452,"call":4,"status":"ok","root":16,"steps":37,"normalized":5,"accounting":"full_successor_reads_writes_no_last_pair_v2","successors":[16,16,16,16,16,6,7,8,9,10,11,12,13,14,15,16,16]}
{"case":3452,"call":5,"status":"unknown","root":29,"steps":37,"normalized":5,"accounting":"full_successor_reads_writes_no_last_pair_v2","successors":[16,16,16,16,16,6,7,8,9,10,11,12,13,14,15,16,16]}
{"case":3453,"call":0,"status":"budget","root":16,"steps":33,"normalized":3,"accounting":"full_successor_reads_writes_no_last_pair_v2","successors":[16,16,16,16,16,6,7,8,9,10,11,12,13,14,15,16,16]}
{"case":3453,"call":1,"status":"budget","root":0,"steps":33,"normalized":3,"accounting":"full_successor_reads_writes_no_last_pair_v2","successors":[16,16,16,16,16,6,7,8,9,10,11,12,13,14,15,16,16]}
{"case":3453,"call":2,"status":"ok","root":16,"steps":35,"normalized":4,"accounting":"full_successor_reads_writes_no_last_pair_v2","successors":[16,16,16,16,16,6,7,8,9,10,11,12,13,14,15,16,16]}
{"case":3453,"call":3,"status":"ok","root":16,"steps":37,"normalized":5,"accounting":"full_successor_reads_writes_no_last_pair_v2","successors":[16,16,16,16,16,6,7,8,9,10,11,12,13,14,15,16,16]}
{"case":3453,"call":4,"status":"ok","root":16,"steps":38,"normalized":5,"accounting":"full_successor_reads_writes_no_last_pair_v2","successors":[16,16,16,16,16,6,7,8,9,10,11,12,13,14,15,16,16]}
{"case":3453,"call":5,"status":"unknown","root":29,"steps":38,"normalized":5,"accounting":"full_successor_reads_writes_no_last_pair_v2","successors":[16,16,16,16,16,6,7,8,9,10,11,12,13,14,15,16,16]}
{"case":3454,"call":0,"status":"budget","root":16,"steps":34,"normalized":3,"accounting":"full_successor_reads_writes_no_last_pair_v2","successors":[16,16,16,16,16,16,7,8,9,10,11,12,13,14,15,16,16]}
{"case":3454,"call":1,"status":"budget","root":0,"steps":34,"normalized":3,"accounting":"full_successor_reads_writes_no_last_pair_v2","successors":[16,16,16,16,16,16,7,8,9,10,11,12,13,14,15,16,16]}
{"case":3454,"call":2,"status":"ok","root":16,"steps":36,"normalized":4,"accounting":"full_successor_reads_writes_no_last_pair_v2","successors":[16,16,16,16,16,16,7,8,9,10,11,12,13,14,15,16,16]}
{"case":3454,"call":3,"status":"ok","root":16,"steps":38,"normalized":5,"accounting":"full_successor_reads_writes_no_last_pair_v2","successors":[16,16,16,16,16,16,7,8,9,10,11,12,13,14,15,16,16]}
{"case":3454,"call":4,"status":"ok","root":16,"steps":39,"normalized":5,"accounting":"full_successor_reads_writes_no_last_pair_v2","successors":[16,16,16,16,16,16,7,8,9,10,11,12,13,14,15,16,16]}
{"case":3454,"call":5,"status":"unknown","root":29,"steps":39,"normalized":5,"accounting":"full_successor_reads_writes_no_last_pair_v2","successors":[16,16,16,16,16,16,7,8,9,10,11,12,13,14,15,16,16]}
{"case":3455,"call":0,"status":"budget","root":16,"steps":35,"normalized":3,"accounting":"full_successor_reads_writes_no_last_pair_v2","successors":[16,16,16,16,16,16,7,8,9,10,11,12,13,14,15,16,16]}
{"case":3455,"call":1,"status":"budget","root":0,"steps":35,"normalized":3,"accounting":"full_successor_reads_writes_no_last_pair_v2","successors":[16,16,16,16,16,16,7,8,9,10,11,12,13,14,15,16,16]}
{"case":3455,"call":2,"status":"ok","root":16,"steps":37,"normalized":4,"accounting":"full_successor_reads_writes_no_last_pair_v2","successors":[16,16,16,16,16,16,7,8,9,10,11,12,13,14,15,16,16]}
{"case":3455,"call":3,"status":"ok","root":16,"steps":39,"normalized":5,"accounting":"full_successor_reads_writes_no_last_pair_v2","successors":[16,16,16,16,16,16,7,8,9,10,11,12,13,14,15,16,16]}
{"case":3455,"call":4,"status":"ok","root":16,"steps":40,"normalized":5,"accounting":"full_successor_reads_writes_no_last_pair_v2","successors":[16,16,16,16,16,16,7,8,9,10,11,12,13,14,15,16,16]}
{"case":3455,"call":5,"status":"unknown","root":29,"steps":40,"normalized":5,"accounting":"full_successor_reads_writes_no_last_pair_v2","successors":[16,16,16,16,16,16,7,8,9,10,11,12,13,14,15,16,16]}
{"case":3456,"call":0,"status":"budget","root":16,"steps":36,"normalized":3,"accounting":"full_successor_reads_writes_no_last_pair_v2","successors":[16,16,16,16,16,16,16,8,9,10,11,12,13,14,15,16,16]}
{"case":3456,"call":1,"status":"budget","root":0,"steps":36,"normalized":3,"accounting":"full_successor_reads_writes_no_last_pair_v2","successors":[16,16,16,16,16,16,16,8,9,10,11,12,13,14,15,16,16]}
{"case":3456,"call":2,"status":"ok","root":16,"steps":38,"normalized":4,"accounting":"full_successor_reads_writes_no_last_pair_v2","successors":[16,16,16,16,16,16,16,8,9,10,11,12,13,14,15,16,16]}
{"case":3456,"call":3,"status":"ok","root":16,"steps":40,"normalized":5,"accounting":"full_successor_reads_writes_no_last_pair_v2","successors":[16,16,16,16,16,16,16,8,9,10,11,12,13,14,15,16,16]}
{"case":3456,"call":4,"status":"ok","root":16,"steps":41,"normalized":5,"accounting":"full_successor_reads_writes_no_last_pair_v2","successors":[16,16,16,16,16,16,16,8,9,10,11,12,13,14,15,16,16]}
{"case":3456,"call":5,"status":"unknown","root":29,"steps":41,"normalized":5,"accounting":"full_successor_reads_writes_no_last_pair_v2","successors":[16,16,16,16,16,16,16,8,9,10,11,12,13,14,15,16,16]}
{"case":3457,"call":0,"status":"budget","root":16,"steps":37,"normalized":3,"accounting":"full_successor_reads_writes_no_last_pair_v2","successors":[16,16,16,16,16,16,16,8,9,10,11,12,13,14,15,16,16]}
{"case":3457,"call":1,"status":"budget","root":0,"steps":37,"normalized":3,"accounting":"full_successor_reads_writes_no_last_pair_v2","successors":[16,16,16,16,16,16,16,8,9,10,11,12,13,14,15,16,16]}
{"case":3457,"call":2,"status":"ok","root":16,"steps":39,"normalized":4,"accounting":"full_successor_reads_writes_no_last_pair_v2","successors":[16,16,16,16,16,16,16,8,9,10,11,12,13,14,15,16,16]}
{"case":3457,"call":3,"status":"ok","root":16,"steps":41,"normalized":5,"accounting":"full_successor_reads_writes_no_last_pair_v2","successors":[16,16,16,16,16,16,16,8,9,10,11,12,13,14,15,16,16]}
{"case":3457,"call":4,"status":"ok","root":16,"steps":42,"normalized":5,"accounting":"full_successor_reads_writes_no_last_pair_v2","successors":[16,16,16,16,16,16,16,8,9,10,11,12,13,14,15,16,16]}
{"case":3457,"call":5,"status":"unknown","root":29,"steps":42,"normalized":5,"accounting":"full_successor_reads_writes_no_last_pair_v2","successors":[16,16,16,16,16,16,16,8,9,10,11,12,13,14,15,16,16]}
{"case":3458,"call":0,"status":"budget","root":16,"steps":38,"normalized":3,"accounting":"full_successor_reads_writes_no_last_pair_v2","successors":[16,16,16,16,16,16,16,16,9,10,11,12,13,14,15,16,16]}
{"case":3458,"call":1,"status":"budget","root":0,"steps":38,"normalized":3,"accounting":"full_successor_reads_writes_no_last_pair_v2","successors":[16,16,16,16,16,16,16,16,9,10,11,12,13,14,15,16,16]}
{"case":3458,"call":2,"status":"ok","root":16,"steps":40,"normalized":4,"accounting":"full_successor_reads_writes_no_last_pair_v2","successors":[16,16,16,16,16,16,16,16,9,10,11,12,13,14,15,16,16]}
{"case":3458,"call":3,"status":"ok","root":16,"steps":42,"normalized":5,"accounting":"full_successor_reads_writes_no_last_pair_v2","successors":[16,16,16,16,16,16,16,16,9,10,11,12,13,14,15,16,16]}
{"case":3458,"call":4,"status":"ok","root":16,"steps":43,"normalized":5,"accounting":"full_successor_reads_writes_no_last_pair_v2","successors":[16,16,16,16,16,16,16,16,9,10,11,12,13,14,15,16,16]}
{"case":3458,"call":5,"status":"unknown","root":29,"steps":43,"normalized":5,"accounting":"full_successor_reads_writes_no_last_pair_v2","successors":[16,16,16,16,16,16,16,16,9,10,11,12,13,14,15,16,16]}
{"case":3459,"call":0,"status":"budget","root":16,"steps":39,"normalized":3,"accounting":"full_successor_reads_writes_no_last_pair_v2","successors":[16,16,16,16,16,16,16,16,9,10,11,12,13,14,15,16,16]}
{"case":3459,"call":1,"status":"budget","root":0,"steps":39,"normalized":3,"accounting":"full_successor_reads_writes_no_last_pair_v2","successors":[16,16,16,16,16,16,16,16,9,10,11,12,13,14,15,16,16]}
{"case":3459,"call":2,"status":"ok","root":16,"steps":41,"normalized":4,"accounting":"full_successor_reads_writes_no_last_pair_v2","successors":[16,16,16,16,16,16,16,16,9,10,11,12,13,14,15,16,16]}
{"case":3459,"call":3,"status":"ok","root":16,"steps":43,"normalized":5,"accounting":"full_successor_reads_writes_no_last_pair_v2","successors":[16,16,16,16,16,16,16,16,9,10,11,12,13,14,15,16,16]}
{"case":3459,"call":4,"status":"ok","root":16,"steps":44,"normalized":5,"accounting":"full_successor_reads_writes_no_last_pair_v2","successors":[16,16,16,16,16,16,16,16,9,10,11,12,13,14,15,16,16]}
{"case":3459,"call":5,"status":"unknown","root":29,"steps":44,"normalized":5,"accounting":"full_successor_reads_writes_no_last_pair_v2","successors":[16,16,16,16,16,16,16,16,9,10,11,12,13,14,15,16,16]}
{"case":3460,"call":0,"status":"budget","root":16,"steps":40,"normalized":3,"accounting":"full_successor_reads_writes_no_last_pair_v2","successors":[16,16,16,16,16,16,16,16,16,10,11,12,13,14,15,16,16]}
{"case":3460,"call":1,"status":"budget","root":0,"steps":40,"normalized":3,"accounting":"full_successor_reads_writes_no_last_pair_v2","successors":[16,16,16,16,16,16,16,16,16,10,11,12,13,14,15,16,16]}
{"case":3460,"call":2,"status":"ok","root":16,"steps":42,"normalized":4,"accounting":"full_successor_reads_writes_no_last_pair_v2","successors":[16,16,16,16,16,16,16,16,16,10,11,12,13,14,15,16,16]}
{"case":3460,"call":3,"status":"ok","root":16,"steps":44,"normalized":5,"accounting":"full_successor_reads_writes_no_last_pair_v2","successors":[16,16,16,16,16,16,16,16,16,10,11,12,13,14,15,16,16]}
{"case":3460,"call":4,"status":"ok","root":16,"steps":45,"normalized":5,"accounting":"full_successor_reads_writes_no_last_pair_v2","successors":[16,16,16,16,16,16,16,16,16,10,11,12,13,14,15,16,16]}
{"case":3460,"call":5,"status":"unknown","root":29,"steps":45,"normalized":5,"accounting":"full_successor_reads_writes_no_last_pair_v2","successors":[16,16,16,16,16,16,16,16,16,10,11,12,13,14,15,16,16]}
{"case":3461,"call":0,"status":"budget","root":16,"steps":41,"normalized":3,"accounting":"full_successor_reads_writes_no_last_pair_v2","successors":[16,16,16,16,16,16,16,16,16,10,11,12,13,14,15,16,16]}
{"case":3461,"call":1,"status":"budget","root":0,"steps":41,"normalized":3,"accounting":"full_successor_reads_writes_no_last_pair_v2","successors":[16,16,16,16,16,16,16,16,16,10,11,12,13,14,15,16,16]}
{"case":3461,"call":2,"status":"ok","root":16,"steps":43,"normalized":4,"accounting":"full_successor_reads_writes_no_last_pair_v2","successors":[16,16,16,16,16,16,16,16,16,10,11,12,13,14,15,16,16]}
{"case":3461,"call":3,"status":"ok","root":16,"steps":45,"normalized":5,"accounting":"full_successor_reads_writes_no_last_pair_v2","successors":[16,16,16,16,16,16,16,16,16,10,11,12,13,14,15,16,16]}
{"case":3461,"call":4,"status":"ok","root":16,"steps":46,"normalized":5,"accounting":"full_successor_reads_writes_no_last_pair_v2","successors":[16,16,16,16,16,16,16,16,16,10,11,12,13,14,15,16,16]}
{"case":3461,"call":5,"status":"unknown","root":29,"steps":46,"normalized":5,"accounting":"full_successor_reads_writes_no_last_pair_v2","successors":[16,16,16,16,16,16,16,16,16,10,11,12,13,14,15,16,16]}
{"case":3462,"call":0,"status":"budget","root":16,"steps":42,"normalized":3,"accounting":"full_successor_reads_writes_no_last_pair_v2","successors":[16,16,16,16,16,16,16,16,16,16,11,12,13,14,15,16,16]}
{"case":3462,"call":1,"status":"budget","root":0,"steps":42,"normalized":3,"accounting":"full_successor_reads_writes_no_last_pair_v2","successors":[16,16,16,16,16,16,16,16,16,16,11,12,13,14,15,16,16]}
{"case":3462,"call":2,"status":"ok","root":16,"steps":44,"normalized":4,"accounting":"full_successor_reads_writes_no_last_pair_v2","successors":[16,16,16,16,16,16,16,16,16,16,11,12,13,14,15,16,16]}
{"case":3462,"call":3,"status":"ok","root":16,"steps":46,"normalized":5,"accounting":"full_successor_reads_writes_no_last_pair_v2","successors":[16,16,16,16,16,16,16,16,16,16,11,12,13,14,15,16,16]}
{"case":3462,"call":4,"status":"ok","root":16,"steps":47,"normalized":5,"accounting":"full_successor_reads_writes_no_last_pair_v2","successors":[16,16,16,16,16,16,16,16,16,16,11,12,13,14,15,16,16]}
{"case":3462,"call":5,"status":"unknown","root":29,"steps":47,"normalized":5,"accounting":"full_successor_reads_writes_no_last_pair_v2","successors":[16,16,16,16,16,16,16,16,16,16,11,12,13,14,15,16,16]}
{"case":3463,"call":0,"status":"budget","root":16,"steps":43,"normalized":3,"accounting":"full_successor_reads_writes_no_last_pair_v2","successors":[16,16,16,16,16,16,16,16,16,16,11,12,13,14,15,16,16]}
{"case":3463,"call":1,"status":"budget","root":0,"steps":43,"normalized":3,"accounting":"full_successor_reads_writes_no_last_pair_v2","successors":[16,16,16,16,16,16,16,16,16,16,11,12,13,14,15,16,16]}
{"case":3463,"call":2,"status":"ok","root":16,"steps":45,"normalized":4,"accounting":"full_successor_reads_writes_no_last_pair_v2","successors":[16,16,16,16,16,16,16,16,16,16,11,12,13,14,15,16,16]}
{"case":3463,"call":3,"status":"ok","root":16,"steps":47,"normalized":5,"accounting":"full_successor_reads_writes_no_last_pair_v2","successors":[16,16,16,16,16,16,16,16,16,16,11,12,13,14,15,16,16]}
{"case":3463,"call":4,"status":"ok","root":16,"steps":48,"normalized":5,"accounting":"full_successor_reads_writes_no_last_pair_v2","successors":[16,16,16,16,16,16,16,16,16,16,11,12,13,14,15,16,16]}
{"case":3463,"call":5,"status":"unknown","root":29,"steps":48,"normalized":5,"accounting":"full_successor_reads_writes_no_last_pair_v2","successors":[16,16,16,16,16,16,16,16,16,16,11,12,13,14,15,16,16]}
{"case":3464,"call":0,"status":"budget","root":16,"steps":44,"normalized":3,"accounting":"full_successor_reads_writes_no_last_pair_v2","successors":[16,16,16,16,16,16,16,16,16,16,16,12,13,14,15,16,16]}
{"case":3464,"call":1,"status":"budget","root":0,"steps":44,"normalized":3,"accounting":"full_successor_reads_writes_no_last_pair_v2","successors":[16,16,16,16,16,16,16,16,16,16,16,12,13,14,15,16,16]}
{"case":3464,"call":2,"status":"ok","root":16,"steps":46,"normalized":4,"accounting":"full_successor_reads_writes_no_last_pair_v2","successors":[16,16,16,16,16,16,16,16,16,16,16,12,13,14,15,16,16]}
{"case":3464,"call":3,"status":"ok","root":16,"steps":48,"normalized":5,"accounting":"full_successor_reads_writes_no_last_pair_v2","successors":[16,16,16,16,16,16,16,16,16,16,16,12,13,14,15,16,16]}
{"case":3464,"call":4,"status":"ok","root":16,"steps":49,"normalized":5,"accounting":"full_successor_reads_writes_no_last_pair_v2","successors":[16,16,16,16,16,16,16,16,16,16,16,12,13,14,15,16,16]}
{"case":3464,"call":5,"status":"unknown","root":29,"steps":49,"normalized":5,"accounting":"full_successor_reads_writes_no_last_pair_v2","successors":[16,16,16,16,16,16,16,16,16,16,16,12,13,14,15,16,16]}
{"case":3465,"call":0,"status":"budget","root":16,"steps":45,"normalized":3,"accounting":"full_successor_reads_writes_no_last_pair_v2","successors":[16,16,16,16,16,16,16,16,16,16,16,12,13,14,15,16,16]}
{"case":3465,"call":1,"status":"budget","root":0,"steps":45,"normalized":3,"accounting":"full_successor_reads_writes_no_last_pair_v2","successors":[16,16,16,16,16,16,16,16,16,16,16,12,13,14,15,16,16]}
{"case":3465,"call":2,"status":"ok","root":16,"steps":47,"normalized":4,"accounting":"full_successor_reads_writes_no_last_pair_v2","successors":[16,16,16,16,16,16,16,16,16,16,16,12,13,14,15,16,16]}
{"case":3465,"call":3,"status":"ok","root":16,"steps":49,"normalized":5,"accounting":"full_successor_reads_writes_no_last_pair_v2","successors":[16,16,16,16,16,16,16,16,16,16,16,12,13,14,15,16,16]}
{"case":3465,"call":4,"status":"ok","root":16,"steps":50,"normalized":5,"accounting":"full_successor_reads_writes_no_last_pair_v2","successors":[16,16,16,16,16,16,16,16,16,16,16,12,13,14,15,16,16]}
{"case":3465,"call":5,"status":"unknown","root":29,"steps":50,"normalized":5,"accounting":"full_successor_reads_writes_no_last_pair_v2","successors":[16,16,16,16,16,16,16,16,16,16,16,12,13,14,15,16,16]}
{"case":3466,"call":0,"status":"budget","root":16,"steps":46,"normalized":3,"accounting":"full_successor_reads_writes_no_last_pair_v2","successors":[16,16,16,16,16,16,16,16,16,16,16,16,13,14,15,16,16]}
{"case":3466,"call":1,"status":"budget","root":0,"steps":46,"normalized":3,"accounting":"full_successor_reads_writes_no_last_pair_v2","successors":[16,16,16,16,16,16,16,16,16,16,16,16,13,14,15,16,16]}
{"case":3466,"call":2,"status":"ok","root":16,"steps":48,"normalized":4,"accounting":"full_successor_reads_writes_no_last_pair_v2","successors":[16,16,16,16,16,16,16,16,16,16,16,16,13,14,15,16,16]}
{"case":3466,"call":3,"status":"ok","root":16,"steps":50,"normalized":5,"accounting":"full_successor_reads_writes_no_last_pair_v2","successors":[16,16,16,16,16,16,16,16,16,16,16,16,13,14,15,16,16]}
{"case":3466,"call":4,"status":"ok","root":16,"steps":51,"normalized":5,"accounting":"full_successor_reads_writes_no_last_pair_v2","successors":[16,16,16,16,16,16,16,16,16,16,16,16,13,14,15,16,16]}
{"case":3466,"call":5,"status":"unknown","root":29,"steps":51,"normalized":5,"accounting":"full_successor_reads_writes_no_last_pair_v2","successors":[16,16,16,16,16,16,16,16,16,16,16,16,13,14,15,16,16]}
{"case":3467,"call":0,"status":"budget","root":16,"steps":47,"normalized":3,"accounting":"full_successor_reads_writes_no_last_pair_v2","successors":[16,16,16,16,16,16,16,16,16,16,16,16,13,14,15,16,16]}
{"case":3467,"call":1,"status":"budget","root":0,"steps":47,"normalized":3,"accounting":"full_successor_reads_writes_no_last_pair_v2","successors":[16,16,16,16,16,16,16,16,16,16,16,16,13,14,15,16,16]}
{"case":3467,"call":2,"status":"ok","root":16,"steps":49,"normalized":4,"accounting":"full_successor_reads_writes_no_last_pair_v2","successors":[16,16,16,16,16,16,16,16,16,16,16,16,13,14,15,16,16]}
{"case":3467,"call":3,"status":"ok","root":16,"steps":51,"normalized":5,"accounting":"full_successor_reads_writes_no_last_pair_v2","successors":[16,16,16,16,16,16,16,16,16,16,16,16,13,14,15,16,16]}
{"case":3467,"call":4,"status":"ok","root":16,"steps":52,"normalized":5,"accounting":"full_successor_reads_writes_no_last_pair_v2","successors":[16,16,16,16,16,16,16,16,16,16,16,16,13,14,15,16,16]}
{"case":3467,"call":5,"status":"unknown","root":29,"steps":52,"normalized":5,"accounting":"full_successor_reads_writes_no_last_pair_v2","successors":[16,16,16,16,16,16,16,16,16,16,16,16,13,14,15,16,16]}
{"case":3468,"call":0,"status":"budget","root":16,"steps":48,"normalized":3,"accounting":"full_successor_reads_writes_no_last_pair_v2","successors":[16,16,16,16,16,16,16,16,16,16,16,16,16,14,15,16,16]}
{"case":3468,"call":1,"status":"budget","root":0,"steps":48,"normalized":3,"accounting":"full_successor_reads_writes_no_last_pair_v2","successors":[16,16,16,16,16,16,16,16,16,16,16,16,16,14,15,16,16]}
{"case":3468,"call":2,"status":"ok","root":16,"steps":50,"normalized":4,"accounting":"full_successor_reads_writes_no_last_pair_v2","successors":[16,16,16,16,16,16,16,16,16,16,16,16,16,14,15,16,16]}
{"case":3468,"call":3,"status":"ok","root":16,"steps":52,"normalized":5,"accounting":"full_successor_reads_writes_no_last_pair_v2","successors":[16,16,16,16,16,16,16,16,16,16,16,16,16,14,15,16,16]}
{"case":3468,"call":4,"status":"ok","root":16,"steps":53,"normalized":5,"accounting":"full_successor_reads_writes_no_last_pair_v2","successors":[16,16,16,16,16,16,16,16,16,16,16,16,16,14,15,16,16]}
{"case":3468,"call":5,"status":"unknown","root":29,"steps":53,"normalized":5,"accounting":"full_successor_reads_writes_no_last_pair_v2","successors":[16,16,16,16,16,16,16,16,16,16,16,16,16,14,15,16,16]}
{"case":3469,"call":0,"status":"budget","root":16,"steps":49,"normalized":3,"accounting":"full_successor_reads_writes_no_last_pair_v2","successors":[16,16,16,16,16,16,16,16,16,16,16,16,16,14,15,16,16]}
{"case":3469,"call":1,"status":"budget","root":0,"steps":49,"normalized":3,"accounting":"full_successor_reads_writes_no_last_pair_v2","successors":[16,16,16,16,16,16,16,16,16,16,16,16,16,14,15,16,16]}
{"case":3469,"call":2,"status":"ok","root":16,"steps":51,"normalized":4,"accounting":"full_successor_reads_writes_no_last_pair_v2","successors":[16,16,16,16,16,16,16,16,16,16,16,16,16,14,15,16,16]}
{"case":3469,"call":3,"status":"ok","root":16,"steps":53,"normalized":5,"accounting":"full_successor_reads_writes_no_last_pair_v2","successors":[16,16,16,16,16,16,16,16,16,16,16,16,16,14,15,16,16]}
{"case":3469,"call":4,"status":"ok","root":16,"steps":54,"normalized":5,"accounting":"full_successor_reads_writes_no_last_pair_v2","successors":[16,16,16,16,16,16,16,16,16,16,16,16,16,14,15,16,16]}
{"case":3469,"call":5,"status":"unknown","root":29,"steps":54,"normalized":5,"accounting":"full_successor_reads_writes_no_last_pair_v2","successors":[16,16,16,16,16,16,16,16,16,16,16,16,16,14,15,16,16]}
{"case":3470,"call":0,"status":"budget","root":16,"steps":50,"normalized":3,"accounting":"full_successor_reads_writes_no_last_pair_v2","successors":[16,16,16,16,16,16,16,16,16,16,16,16,16,16,15,16,16]}
{"case":3470,"call":1,"status":"budget","root":0,"steps":50,"normalized":3,"accounting":"full_successor_reads_writes_no_last_pair_v2","successors":[16,16,16,16,16,16,16,16,16,16,16,16,16,16,15,16,16]}
{"case":3470,"call":2,"status":"ok","root":16,"steps":52,"normalized":4,"accounting":"full_successor_reads_writes_no_last_pair_v2","successors":[16,16,16,16,16,16,16,16,16,16,16,16,16,16,15,16,16]}
{"case":3470,"call":3,"status":"ok","root":16,"steps":54,"normalized":5,"accounting":"full_successor_reads_writes_no_last_pair_v2","successors":[16,16,16,16,16,16,16,16,16,16,16,16,16,16,15,16,16]}
{"case":3470,"call":4,"status":"ok","root":16,"steps":55,"normalized":5,"accounting":"full_successor_reads_writes_no_last_pair_v2","successors":[16,16,16,16,16,16,16,16,16,16,16,16,16,16,15,16,16]}
{"case":3470,"call":5,"status":"unknown","root":29,"steps":55,"normalized":5,"accounting":"full_successor_reads_writes_no_last_pair_v2","successors":[16,16,16,16,16,16,16,16,16,16,16,16,16,16,15,16,16]}
{"case":3471,"call":0,"status":"budget","root":16,"steps":51,"normalized":3,"accounting":"full_successor_reads_writes_no_last_pair_v2","successors":[16,16,16,16,16,16,16,16,16,16,16,16,16,16,15,16,16]}
{"case":3471,"call":1,"status":"budget","root":0,"steps":51,"normalized":3,"accounting":"full_successor_reads_writes_no_last_pair_v2","successors":[16,16,16,16,16,16,16,16,16,16,16,16,16,16,15,16,16]}
{"case":3471,"call":2,"status":"ok","root":16,"steps":53,"normalized":4,"accounting":"full_successor_reads_writes_no_last_pair_v2","successors":[16,16,16,16,16,16,16,16,16,16,16,16,16,16,15,16,16]}
{"case":3471,"call":3,"status":"ok","root":16,"steps":55,"normalized":5,"accounting":"full_successor_reads_writes_no_last_pair_v2","successors":[16,16,16,16,16,16,16,16,16,16,16,16,16,16,15,16,16]}
{"case":3471,"call":4,"status":"ok","root":16,"steps":56,"normalized":5,"accounting":"full_successor_reads_writes_no_last_pair_v2","successors":[16,16,16,16,16,16,16,16,16,16,16,16,16,16,15,16,16]}
{"case":3471,"call":5,"status":"unknown","root":29,"steps":56,"normalized":5,"accounting":"full_successor_reads_writes_no_last_pair_v2","successors":[16,16,16,16,16,16,16,16,16,16,16,16,16,16,15,16,16]}
{"case":3472,"call":0,"status":"ok","root":16,"steps":52,"normalized":3,"accounting":"full_successor_reads_writes_no_last_pair_v2","successors":[16,16,16,16,16,16,16,16,16,16,16,16,16,16,16,16,16]}
{"case":3472,"call":1,"status":"budget","root":0,"steps":52,"normalized":3,"accounting":"full_successor_reads_writes_no_last_pair_v2","successors":[16,16,16,16,16,16,16,16,16,16,16,16,16,16,16,16,16]}
{"case":3472,"call":2,"status":"ok","root":16,"steps":54,"normalized":4,"accounting":"full_successor_reads_writes_no_last_pair_v2","successors":[16,16,16,16,16,16,16,16,16,16,16,16,16,16,16,16,16]}
{"case":3472,"call":3,"status":"ok","root":16,"steps":56,"normalized":5,"accounting":"full_successor_reads_writes_no_last_pair_v2","successors":[16,16,16,16,16,16,16,16,16,16,16,16,16,16,16,16,16]}
{"case":3472,"call":4,"status":"ok","root":16,"steps":57,"normalized":5,"accounting":"full_successor_reads_writes_no_last_pair_v2","successors":[16,16,16,16,16,16,16,16,16,16,16,16,16,16,16,16,16]}
{"case":3472,"call":5,"status":"unknown","root":29,"steps":57,"normalized":5,"accounting":"full_successor_reads_writes_no_last_pair_v2","successors":[16,16,16,16,16,16,16,16,16,16,16,16,16,16,16,16,16]}
{"case":3473,"call":0,"status":"ok","root":16,"steps":52,"normalized":3,"accounting":"full_successor_reads_writes_no_last_pair_v2","successors":[16,16,16,16,16,16,16,16,16,16,16,16,16,16,16,16,16]}
{"case":3473,"call":1,"status":"budget","root":16,"steps":53,"normalized":3,"accounting":"full_successor_reads_writes_no_last_pair_v2","successors":[16,16,16,16,16,16,16,16,16,16,16,16,16,16,16,16,16]}
{"case":3473,"call":2,"status":"ok","root":16,"steps":55,"normalized":4,"accounting":"full_successor_reads_writes_no_last_pair_v2","successors":[16,16,16,16,16,16,16,16,16,16,16,16,16,16,16,16,16]}
{"case":3473,"call":3,"status":"ok","root":16,"steps":57,"normalized":5,"accounting":"full_successor_reads_writes_no_last_pair_v2","successors":[16,16,16,16,16,16,16,16,16,16,16,16,16,16,16,16,16]}
{"case":3473,"call":4,"status":"ok","root":16,"steps":58,"normalized":5,"accounting":"full_successor_reads_writes_no_last_pair_v2","successors":[16,16,16,16,16,16,16,16,16,16,16,16,16,16,16,16,16]}
{"case":3473,"call":5,"status":"unknown","root":29,"steps":58,"normalized":5,"accounting":"full_successor_reads_writes_no_last_pair_v2","successors":[16,16,16,16,16,16,16,16,16,16,16,16,16,16,16,16,16]}
{"case":3474,"call":0,"status":"budget","root":0,"steps":5,"normalized":2,"accounting":"full_successor_reads_writes_no_last_pair_v2","successors":[4,6,4,8,9,6,11,7,11,11,10,11]}
{"case":3474,"call":1,"status":"budget","root":0,"steps":5,"normalized":2,"accounting":"full_successor_reads_writes_no_last_pair_v2","successors":[4,6,4,8,9,6,11,7,11,11,10,11]}
{"case":3474,"call":2,"status":"ok","root":11,"steps":13,"normalized":3,"accounting":"full_successor_reads_writes_no_last_pair_v2","successors":[11,6,4,8,11,6,11,7,11,11,10,11]}
{"case":3474,"call":3,"status":"ok","root":11,"steps":15,"normalized":4,"accounting":"full_successor_reads_writes_no_last_pair_v2","successors":[11,6,4,8,11,6,11,7,11,11,10,11]}
{"case":3474,"call":4,"status":"ok","root":11,"steps":16,"normalized":4,"accounting":"full_successor_reads_writes_no_last_pair_v2","successors":[11,6,4,8,11,6,11,7,11,11,10,11]}
{"case":3474,"call":5,"status":"unknown","root":29,"steps":16,"normalized":4,"accounting":"full_successor_reads_writes_no_last_pair_v2","successors":[11,6,4,8,11,6,11,7,11,11,10,11]}
{"case":3475,"call":0,"status":"budget","root":4,"steps":6,"normalized":2,"accounting":"full_successor_reads_writes_no_last_pair_v2","successors":[4,6,4,8,9,6,11,7,11,11,10,11]}
{"case":3475,"call":1,"status":"budget","root":0,"steps":6,"normalized":2,"accounting":"full_successor_reads_writes_no_last_pair_v2","successors":[4,6,4,8,9,6,11,7,11,11,10,11]}
{"case":3475,"call":2,"status":"ok","root":11,"steps":14,"normalized":3,"accounting":"full_successor_reads_writes_no_last_pair_v2","successors":[11,6,4,8,11,6,11,7,11,11,10,11]}
{"case":3475,"call":3,"status":"ok","root":11,"steps":16,"normalized":4,"accounting":"full_successor_reads_writes_no_last_pair_v2","successors":[11,6,4,8,11,6,11,7,11,11,10,11]}
{"case":3475,"call":4,"status":"ok","root":11,"steps":17,"normalized":4,"accounting":"full_successor_reads_writes_no_last_pair_v2","successors":[11,6,4,8,11,6,11,7,11,11,10,11]}
{"case":3475,"call":5,"status":"unknown","root":29,"steps":17,"normalized":4,"accounting":"full_successor_reads_writes_no_last_pair_v2","successors":[11,6,4,8,11,6,11,7,11,11,10,11]}
{"case":3476,"call":0,"status":"budget","root":9,"steps":7,"normalized":2,"accounting":"full_successor_reads_writes_no_last_pair_v2","successors":[4,6,4,8,9,6,11,7,11,11,10,11]}
{"case":3476,"call":1,"status":"budget","root":0,"steps":7,"normalized":2,"accounting":"full_successor_reads_writes_no_last_pair_v2","successors":[4,6,4,8,9,6,11,7,11,11,10,11]}
{"case":3476,"call":2,"status":"ok","root":11,"steps":15,"normalized":3,"accounting":"full_successor_reads_writes_no_last_pair_v2","successors":[11,6,4,8,11,6,11,7,11,11,10,11]}
{"case":3476,"call":3,"status":"ok","root":11,"steps":17,"normalized":4,"accounting":"full_successor_reads_writes_no_last_pair_v2","successors":[11,6,4,8,11,6,11,7,11,11,10,11]}
{"case":3476,"call":4,"status":"ok","root":11,"steps":18,"normalized":4,"accounting":"full_successor_reads_writes_no_last_pair_v2","successors":[11,6,4,8,11,6,11,7,11,11,10,11]}
{"case":3476,"call":5,"status":"unknown","root":29,"steps":18,"normalized":4,"accounting":"full_successor_reads_writes_no_last_pair_v2","successors":[11,6,4,8,11,6,11,7,11,11,10,11]}
{"case":3477,"call":0,"status":"budget","root":11,"steps":8,"normalized":2,"accounting":"full_successor_reads_writes_no_last_pair_v2","successors":[4,6,4,8,9,6,11,7,11,11,10,11]}
{"case":3477,"call":1,"status":"budget","root":0,"steps":8,"normalized":2,"accounting":"full_successor_reads_writes_no_last_pair_v2","successors":[4,6,4,8,9,6,11,7,11,11,10,11]}
{"case":3477,"call":2,"status":"ok","root":11,"steps":16,"normalized":3,"accounting":"full_successor_reads_writes_no_last_pair_v2","successors":[11,6,4,8,11,6,11,7,11,11,10,11]}
{"case":3477,"call":3,"status":"ok","root":11,"steps":18,"normalized":4,"accounting":"full_successor_reads_writes_no_last_pair_v2","successors":[11,6,4,8,11,6,11,7,11,11,10,11]}
{"case":3477,"call":4,"status":"ok","root":11,"steps":19,"normalized":4,"accounting":"full_successor_reads_writes_no_last_pair_v2","successors":[11,6,4,8,11,6,11,7,11,11,10,11]}
{"case":3477,"call":5,"status":"unknown","root":29,"steps":19,"normalized":4,"accounting":"full_successor_reads_writes_no_last_pair_v2","successors":[11,6,4,8,11,6,11,7,11,11,10,11]}
{"case":3478,"call":0,"status":"budget","root":11,"steps":9,"normalized":3,"accounting":"full_successor_reads_writes_no_last_pair_v2","successors":[4,6,4,8,9,6,11,7,11,11,10,11]}
{"case":3478,"call":1,"status":"budget","root":0,"steps":9,"normalized":3,"accounting":"full_successor_reads_writes_no_last_pair_v2","successors":[4,6,4,8,9,6,11,7,11,11,10,11]}
{"case":3478,"call":2,"status":"ok","root":11,"steps":17,"normalized":4,"accounting":"full_successor_reads_writes_no_last_pair_v2","successors":[11,6,4,8,11,6,11,7,11,11,10,11]}
{"case":3478,"call":3,"status":"ok","root":11,"steps":19,"normalized":5,"accounting":"full_successor_reads_writes_no_last_pair_v2","successors":[11,6,4,8,11,6,11,7,11,11,10,11]}
{"case":3478,"call":4,"status":"ok","root":11,"steps":20,"normalized":5,"accounting":"full_successor_reads_writes_no_last_pair_v2","successors":[11,6,4,8,11,6,11,7,11,11,10,11]}
{"case":3478,"call":5,"status":"unknown","root":29,"steps":20,"normalized":5,"accounting":"full_successor_reads_writes_no_last_pair_v2","successors":[11,6,4,8,11,6,11,7,11,11,10,11]}
{"case":3479,"call":0,"status":"budget","root":11,"steps":10,"normalized":3,"accounting":"full_successor_reads_writes_no_last_pair_v2","successors":[4,6,4,8,9,6,11,7,11,11,10,11]}
{"case":3479,"call":1,"status":"budget","root":0,"steps":10,"normalized":3,"accounting":"full_successor_reads_writes_no_last_pair_v2","successors":[4,6,4,8,9,6,11,7,11,11,10,11]}
{"case":3479,"call":2,"status":"ok","root":11,"steps":18,"normalized":4,"accounting":"full_successor_reads_writes_no_last_pair_v2","successors":[11,6,4,8,11,6,11,7,11,11,10,11]}
{"case":3479,"call":3,"status":"ok","root":11,"steps":20,"normalized":5,"accounting":"full_successor_reads_writes_no_last_pair_v2","successors":[11,6,4,8,11,6,11,7,11,11,10,11]}
{"case":3479,"call":4,"status":"ok","root":11,"steps":21,"normalized":5,"accounting":"full_successor_reads_writes_no_last_pair_v2","successors":[11,6,4,8,11,6,11,7,11,11,10,11]}
{"case":3479,"call":5,"status":"unknown","root":29,"steps":21,"normalized":5,"accounting":"full_successor_reads_writes_no_last_pair_v2","successors":[11,6,4,8,11,6,11,7,11,11,10,11]}
{"case":3480,"call":0,"status":"budget","root":11,"steps":11,"normalized":3,"accounting":"full_successor_reads_writes_no_last_pair_v2","successors":[11,6,4,8,9,6,11,7,11,11,10,11]}
{"case":3480,"call":1,"status":"budget","root":0,"steps":11,"normalized":3,"accounting":"full_successor_reads_writes_no_last_pair_v2","successors":[11,6,4,8,9,6,11,7,11,11,10,11]}
{"case":3480,"call":2,"status":"ok","root":11,"steps":13,"normalized":4,"accounting":"full_successor_reads_writes_no_last_pair_v2","successors":[11,6,4,8,9,6,11,7,11,11,10,11]}
{"case":3480,"call":3,"status":"ok","root":11,"steps":15,"normalized":5,"accounting":"full_successor_reads_writes_no_last_pair_v2","successors":[11,6,4,8,9,6,11,7,11,11,10,11]}
{"case":3480,"call":4,"status":"ok","root":11,"steps":16,"normalized":5,"accounting":"full_successor_reads_writes_no_last_pair_v2","successors":[11,6,4,8,9,6,11,7,11,11,10,11]}
{"case":3480,"call":5,"status":"unknown","root":29,"steps":16,"normalized":5,"accounting":"full_successor_reads_writes_no_last_pair_v2","successors":[11,6,4,8,9,6,11,7,11,11,10,11]}
{"case":3481,"call":0,"status":"budget","root":11,"steps":12,"normalized":3,"accounting":"full_successor_reads_writes_no_last_pair_v2","successors":[11,6,4,8,9,6,11,7,11,11,10,11]}
{"case":3481,"call":1,"status":"budget","root":0,"steps":12,"normalized":3,"accounting":"full_successor_reads_writes_no_last_pair_v2","successors":[11,6,4,8,9,6,11,7,11,11,10,11]}
{"case":3481,"call":2,"status":"ok","root":11,"steps":14,"normalized":4,"accounting":"full_successor_reads_writes_no_last_pair_v2","successors":[11,6,4,8,9,6,11,7,11,11,10,11]}
{"case":3481,"call":3,"status":"ok","root":11,"steps":16,"normalized":5,"accounting":"full_successor_reads_writes_no_last_pair_v2","successors":[11,6,4,8,9,6,11,7,11,11,10,11]}
{"case":3481,"call":4,"status":"ok","root":11,"steps":17,"normalized":5,"accounting":"full_successor_reads_writes_no_last_pair_v2","successors":[11,6,4,8,9,6,11,7,11,11,10,11]}
{"case":3481,"call":5,"status":"unknown","root":29,"steps":17,"normalized":5,"accounting":"full_successor_reads_writes_no_last_pair_v2","successors":[11,6,4,8,9,6,11,7,11,11,10,11]}
{"case":3482,"call":0,"status":"ok","root":11,"steps":13,"normalized":3,"accounting":"full_successor_reads_writes_no_last_pair_v2","successors":[11,6,4,8,11,6,11,7,11,11,10,11]}
{"case":3482,"call":1,"status":"budget","root":0,"steps":13,"normalized":3,"accounting":"full_successor_reads_writes_no_last_pair_v2","successors":[11,6,4,8,11,6,11,7,11,11,10,11]}
{"case":3482,"call":2,"status":"ok","root":11,"steps":15,"normalized":4,"accounting":"full_successor_reads_writes_no_last_pair_v2","successors":[11,6,4,8,11,6,11,7,11,11,10,11]}
{"case":3482,"call":3,"status":"ok","root":11,"steps":17,"normalized":5,"accounting":"full_successor_reads_writes_no_last_pair_v2","successors":[11,6,4,8,11,6,11,7,11,11,10,11]}
{"case":3482,"call":4,"status":"ok","root":11,"steps":18,"normalized":5,"accounting":"full_successor_reads_writes_no_last_pair_v2","successors":[11,6,4,8,11,6,11,7,11,11,10,11]}
{"case":3482,"call":5,"status":"unknown","root":29,"steps":18,"normalized":5,"accounting":"full_successor_reads_writes_no_last_pair_v2","successors":[11,6,4,8,11,6,11,7,11,11,10,11]}
{"case":3483,"call":0,"status":"ok","root":11,"steps":13,"normalized":3,"accounting":"full_successor_reads_writes_no_last_pair_v2","successors":[11,6,4,8,11,6,11,7,11,11,10,11]}
{"case":3483,"call":1,"status":"budget","root":11,"steps":14,"normalized":3,"accounting":"full_successor_reads_writes_no_last_pair_v2","successors":[11,6,4,8,11,6,11,7,11,11,10,11]}
{"case":3483,"call":2,"status":"ok","root":11,"steps":16,"normalized":4,"accounting":"full_successor_reads_writes_no_last_pair_v2","successors":[11,6,4,8,11,6,11,7,11,11,10,11]}
{"case":3483,"call":3,"status":"ok","root":11,"steps":18,"normalized":5,"accounting":"full_successor_reads_writes_no_last_pair_v2","successors":[11,6,4,8,11,6,11,7,11,11,10,11]}
{"case":3483,"call":4,"status":"ok","root":11,"steps":19,"normalized":5,"accounting":"full_successor_reads_writes_no_last_pair_v2","successors":[11,6,4,8,11,6,11,7,11,11,10,11]}
{"case":3483,"call":5,"status":"unknown","root":29,"steps":19,"normalized":5,"accounting":"full_successor_reads_writes_no_last_pair_v2","successors":[11,6,4,8,11,6,11,7,11,11,10,11]}
{"case":3484,"call":0,"status":"budget","root":3,"steps":18446744073709551611,"normalized":18446744073709551606,"accounting":"full_successor_reads_writes_no_last_pair_v2","successors":[2,1,3,3]}
{"case":3484,"call":1,"status":"budget","root":3,"steps":18446744073709551615,"normalized":18446744073709551607,"accounting":"full_successor_reads_writes_no_last_pair_v2","successors":[2,1,3,3]}
{"case":3484,"call":2,"status":"budget","root":0,"steps":18446744073709551615,"normalized":18446744073709551607,"accounting":"full_successor_reads_writes_no_last_pair_v2","successors":[2,1,3,3]}
{"case":3484,"call":3,"status":"budget","root":3,"steps":18446744073709551615,"normalized":18446744073709551607,"accounting":"full_successor_reads_writes_no_last_pair_v2","successors":[2,1,3,3]}
{"case":3484,"call":4,"status":"unknown","root":104,"steps":18446744073709551615,"normalized":18446744073709551607,"accounting":"full_successor_reads_writes_no_last_pair_v2","successors":[2,1,3,3]}
{"case":3485,"call":0,"status":"budget","root":0,"steps":18446744073709551615,"normalized":18446744073709551615,"accounting":"full_successor_reads_writes_no_last_pair_v2","successors":[0]}
{"case":3485,"call":1,"status":"unknown","root":34,"steps":18446744073709551615,"normalized":18446744073709551615,"accounting":"full_successor_reads_writes_no_last_pair_v2","successors":[0]}
