3486
0 0 1 0 0

0 0 23
1 0 1 7 3

0 10 23
2 0 1 18446744073709551615 18446744073709551615

0 18446744073709551615 23
3 0 1 0 0

18446744073709551615 0 23
4 0 1 7 3

18446744073709551615 10 23
5 0 1 18446744073709551615 18446744073709551615

18446744073709551615 18446744073709551615 23
6 1 1 0 0
0
0 0 18446744073709551598
7 1 1 0 0
0
0 1 18446744073709551598
8 1 1 0 0
0
0 2 18446744073709551598
9 1 1 7 3
0
0 7 18446744073709551598
10 1 1 7 3
0
0 8 18446744073709551598
11 1 1 7 3
0
0 9 18446744073709551598
12 1 1 18446744073709551613 18446744073709551612
0
0 18446744073709551613 18446744073709551598
13 1 1 18446744073709551613 18446744073709551612
0
0 18446744073709551614 18446744073709551598
14 1 1 18446744073709551613 18446744073709551612
0
0 18446744073709551615 18446744073709551598
15 1 1 11 4
0
0 3 18446744073709551598
16 1 1 0 0
0
1 0 23
17 1 1 7 3
0
1 10 23
18 1 1 18446744073709551615 18446744073709551615
0
1 18446744073709551615 23
19 1 1 0 0
0
18446744073709551615 0 23
20 1 1 7 3
0
18446744073709551615 10 23
21 1 1 18446744073709551615 18446744073709551615
0
18446744073709551615 18446744073709551615 23
22 2 1 0 0
0 1
0 0 18446744073709551598
23 2 1 0 0
0 1
0 1 18446744073709551598
24 2 1 0 0
0 1
0 2 18446744073709551598
25 2 1 7 3
0 1
0 7 18446744073709551598
26 2 1 7 3
0 1
0 8 18446744073709551598
27 2 1 7 3
0 1
0 9 18446744073709551598
28 2 1 18446744073709551613 18446744073709551612
0 1
0 18446744073709551613 18446744073709551598
29 2 1 18446744073709551613 18446744073709551612
0 1
0 18446744073709551614 18446744073709551598
30 2 1 18446744073709551613 18446744073709551612
0 1
0 18446744073709551615 18446744073709551598
31 2 1 11 4
0 1
0 3 18446744073709551598
32 2 1 0 0
0 1
1 0 18446744073709551598
33 2 1 0 0
0 1
1 1 18446744073709551598
34 2 1 0 0
0 1
1 2 18446744073709551598
35 2 1 7 3
0 1
1 7 18446744073709551598
36 2 1 7 3
0 1
1 8 18446744073709551598
37 2 1 7 3
0 1
1 9 18446744073709551598
38 2 1 18446744073709551613 18446744073709551612
0 1
1 18446744073709551613 18446744073709551598
39 2 1 18446744073709551613 18446744073709551612
0 1
1 18446744073709551614 18446744073709551598
40 2 1 18446744073709551613 18446744073709551612
0 1
1 18446744073709551615 18446744073709551598
41 2 1 11 4
0 1
1 3 18446744073709551598
42 2 1 0 0
0 1
2 0 23
43 2 1 7 3
0 1
2 10 23
44 2 1 18446744073709551615 18446744073709551615
0 1
2 18446744073709551615 23
45 2 1 0 0
0 1
18446744073709551615 0 23
46 2 1 7 3
0 1
18446744073709551615 10 23
47 2 1 18446744073709551615 18446744073709551615
0 1
18446744073709551615 18446744073709551615 23
48 2 1 0 0
1 1
0 0 18446744073709551598
49 2 1 0 0
1 1
0 1 18446744073709551598
50 2 1 0 0
1 1
0 2 18446744073709551598
51 2 1 0 0
1 1
0 3 18446744073709551598
52 2 1 7 3
1 1
0 7 18446744073709551598
53 2 1 7 3
1 1
0 8 18446744073709551598
54 2 1 7 3
1 1
0 9 18446744073709551598
55 2 1 7 3
1 1
0 10 18446744073709551598
56 2 1 18446744073709551612 18446744073709551611
1 1
0 18446744073709551612 18446744073709551598
57 2 1 18446744073709551612 18446744073709551611
1 1
0 18446744073709551613 18446744073709551598
58 2 1 18446744073709551612 18446744073709551611
1 1
0 18446744073709551614 18446744073709551598
59 2 1 18446744073709551612 18446744073709551611
1 1
0 18446744073709551615 18446744073709551598
60 2 1 11 4
1 1
0 3 18446744073709551598
61 2 1 0 0
1 1
1 0 18446744073709551598
62 2 1 0 0
1 1
1 1 18446744073709551598
63 2 1 0 0
1 1
1 2 18446744073709551598
64 2 1 7 3
1 1
1 7 18446744073709551598
65 2 1 7 3
1 1
1 8 18446744073709551598
66 2 1 7 3
1 1
1 9 18446744073709551598
67 2 1 18446744073709551613 18446744073709551612
1 1
1 18446744073709551613 18446744073709551598
68 2 1 18446744073709551613 18446744073709551612
1 1
1 18446744073709551614 18446744073709551598
69 2 1 18446744073709551613 18446744073709551612
1 1
1 18446744073709551615 18446744073709551598
70 2 1 11 4
1 1
1 3 18446744073709551598
71 2 1 0 0
1 1
2 0 23
72 2 1 7 3
1 1
2 10 23
73 2 1 18446744073709551615 18446744073709551615
1 1
2 18446744073709551615 23
74 2 1 0 0
1 1
18446744073709551615 0 23
75 2 1 7 3
1 1
18446744073709551615 10 23
76 2 1 18446744073709551615 18446744073709551615
1 1
18446744073709551615 18446744073709551615 23
77 3 1 0 0
0 1 2
0 0 18446744073709551598
78 3 1 0 0
0 1 2
0 1 18446744073709551598
79 3 1 0 0
0 1 2
0 2 18446744073709551598
80 3 1 7 3
0 1 2
0 7 18446744073709551598
81 3 1 7 3
0 1 2
0 8 18446744073709551598
82 3 1 7 3
0 1 2
0 9 18446744073709551598
83 3 1 18446744073709551613 18446744073709551612
0 1 2
0 18446744073709551613 18446744073709551598
84 3 1 18446744073709551613 18446744073709551612
0 1 2
0 18446744073709551614 18446744073709551598
85 3 1 18446744073709551613 18446744073709551612
0 1 2
0 18446744073709551615 18446744073709551598
86 3 1 11 4
0 1 2
0 3 18446744073709551598
87 3 1 0 0
0 1 2
1 0 18446744073709551598
88 3 1 0 0
0 1 2
1 1 18446744073709551598
89 3 1 0 0
0 1 2
1 2 18446744073709551598
90 3 1 7 3
0 1 2
1 7 18446744073709551598
91 3 1 7 3
0 1 2
1 8 18446744073709551598
92 3 1 7 3
0 1 2
1 9 18446744073709551598
93 3 1 18446744073709551613 18446744073709551612
0 1 2
1 18446744073709551613 18446744073709551598
94 3 1 18446744073709551613 18446744073709551612
0 1 2
1 18446744073709551614 18446744073709551598
95 3 1 18446744073709551613 18446744073709551612
0 1 2
1 18446744073709551615 18446744073709551598
96 3 1 11 4
0 1 2
1 3 18446744073709551598
97 3 1 0 0
0 1 2
2 0 18446744073709551598
98 3 1 0 0
0 1 2
2 1 18446744073709551598
99 3 1 0 0
0 1 2
2 2 18446744073709551598
100 3 1 7 3
0 1 2
2 7 18446744073709551598
101 3 1 7 3
0 1 2
2 8 18446744073709551598
102 3 1 7 3
0 1 2
2 9 18446744073709551598
103 3 1 18446744073709551613 18446744073709551612
0 1 2
2 18446744073709551613 18446744073709551598
104 3 1 18446744073709551613 18446744073709551612
0 1 2
2 18446744073709551614 18446744073709551598
105 3 1 18446744073709551613 18446744073709551612
0 1 2
2 18446744073709551615 18446744073709551598
106 3 1 11 4
0 1 2
2 3 18446744073709551598
107 3 1 0 0
0 1 2
3 0 23
108 3 1 7 3
0 1 2
3 10 23
109 3 1 18446744073709551615 18446744073709551615
0 1 2
3 18446744073709551615 23
110 3 1 0 0
0 1 2
18446744073709551615 0 23
111 3 1 7 3
0 1 2
18446744073709551615 10 23
112 3 1 18446744073709551615 18446744073709551615
0 1 2
18446744073709551615 18446744073709551615 23
113 3 1 0 0
0 2 2
0 0 18446744073709551598
114 3 1 0 0
0 2 2
0 1 18446744073709551598
115 3 1 0 0
0 2 2
0 2 18446744073709551598
116 3 1 7 3
0 2 2
0 7 18446744073709551598
117 3 1 7 3
0 2 2
0 8 18446744073709551598
118 3 1 7 3
0 2 2
0 9 18446744073709551598
119 3 1 18446744073709551613 18446744073709551612
0 2 2
0 18446744073709551613 18446744073709551598
120 3 1 18446744073709551613 18446744073709551612
0 2 2
0 18446744073709551614 18446744073709551598
121 3 1 18446744073709551613 18446744073709551612
0 2 2
0 18446744073709551615 18446744073709551598
122 3 1 11 4
0 2 2
0 3 18446744073709551598
123 3 1 0 0
0 2 2
1 0 18446744073709551598
124 3 1 0 0
0 2 2
1 1 18446744073709551598
125 3 1 0 0
0 2 2
1 2 18446744073709551598
126 3 1 0 0
0 2 2
1 3 18446744073709551598
127 3 1 7 3
0 2 2
1 7 18446744073709551598
128 3 1 7 3
0 2 2
1 8 18446744073709551598
129 3 1 7 3
0 2 2
1 9 18446744073709551598
130 3 1 7 3
0 2 2
1 10 18446744073709551598
131 3 1 18446744073709551612 18446744073709551611
0 2 2
1 18446744073709551612 18446744073709551598
132 3 1 18446744073709551612 18446744073709551611
0 2 2
1 18446744073709551613 18446744073709551598
133 3 1 18446744073709551612 18446744073709551611
0 2 2
1 18446744073709551614 18446744073709551598
134 3 1 18446744073709551612 18446744073709551611
0 2 2
1 18446744073709551615 18446744073709551598
135 3 1 11 4
0 2 2
1 3 18446744073709551598
136 3 1 0 0
0 2 2
2 0 18446744073709551598
137 3 1 0 0
0 2 2
2 1 18446744073709551598
138 3 1 0 0
0 2 2
2 2 18446744073709551598
139 3 1 7 3
0 2 2
2 7 18446744073709551598
140 3 1 7 3
0 2 2
2 8 18446744073709551598
141 3 1 7 3
0 2 2
2 9 18446744073709551598
142 3 1 18446744073709551613 18446744073709551612
0 2 2
2 18446744073709551613 18446744073709551598
143 3 1 18446744073709551613 18446744073709551612
0 2 2
2 18446744073709551614 18446744073709551598
144 3 1 18446744073709551613 18446744073709551612
0 2 2
2 18446744073709551615 18446744073709551598
145 3 1 11 4
0 2 2
2 3 18446744073709551598
146 3 1 0 0
0 2 2
3 0 23
147 3 1 7 3
0 2 2
3 10 23
148 3 1 18446744073709551615 18446744073709551615
0 2 2
3 18446744073709551615 23
149 3 1 0 0
0 2 2
18446744073709551615 0 23
150 3 1 7 3
0 2 2
18446744073709551615 10 23
151 3 1 18446744073709551615 18446744073709551615
0 2 2
18446744073709551615 18446744073709551615 23
152 3 1 0 0
1 1 2
0 0 18446744073709551598
153 3 1 0 0
1 1 2
0 1 18446744073709551598
154 3 1 0 0
1 1 2
0 2 18446744073709551598
155 3 1 0 0
1 1 2
0 3 18446744073709551598
156 3 1 7 3
1 1 2
0 7 18446744073709551598
157 3 1 7 3
1 1 2
0 8 18446744073709551598
158 3 1 7 3
1 1 2
0 9 18446744073709551598
159 3 1 7 3
1 1 2
0 10 18446744073709551598
160 3 1 18446744073709551612 18446744073709551611
1 1 2
0 18446744073709551612 18446744073709551598
161 3 1 18446744073709551612 18446744073709551611
1 1 2
0 18446744073709551613 18446744073709551598
162 3 1 18446744073709551612 18446744073709551611
1 1 2
0 18446744073709551614 18446744073709551598
163 3 1 18446744073709551612 18446744073709551611
1 1 2
0 18446744073709551615 18446744073709551598
164 3 1 11 4
1 1 2
0 3 18446744073709551598
165 3 1 0 0
1 1 2
1 0 18446744073709551598
166 3 1 0 0
1 1 2
1 1 18446744073709551598
167 3 1 0 0
1 1 2
1 2 18446744073709551598
168 3 1 7 3
1 1 2
1 7 18446744073709551598
169 3 1 7 3
1 1 2
1 8 18446744073709551598
170 3 1 7 3
1 1 2
1 9 18446744073709551598
171 3 1 18446744073709551613 18446744073709551612
1 1 2
1 18446744073709551613 18446744073709551598
172 3 1 18446744073709551613 18446744073709551612
1 1 2
1 18446744073709551614 18446744073709551598
173 3 1 18446744073709551613 18446744073709551612
1 1 2
1 18446744073709551615 18446744073709551598
174 3 1 11 4
1 1 2
1 3 18446744073709551598
175 3 1 0 0
1 1 2
2 0 18446744073709551598
176 3 1 0 0
1 1 2
2 1 18446744073709551598
177 3 1 0 0
1 1 2
2 2 18446744073709551598
178 3 1 7 3
1 1 2
2 7 18446744073709551598
179 3 1 7 3
1 1 2
2 8 18446744073709551598
180 3 1 7 3
1 1 2
2 9 18446744073709551598
181 3 1 18446744073709551613 18446744073709551612
1 1 2
2 18446744073709551613 18446744073709551598
182 3 1 18446744073709551613 18446744073709551612
1 1 2
2 18446744073709551614 18446744073709551598
183 3 1 18446744073709551613 18446744073709551612
1 1 2
2 18446744073709551615 18446744073709551598
184 3 1 11 4
1 1 2
2 3 18446744073709551598
185 3 1 0 0
1 1 2
3 0 23
186 3 1 7 3
1 1 2
3 10 23
187 3 1 18446744073709551615 18446744073709551615
1 1 2
3 18446744073709551615 23
188 3 1 0 0
1 1 2
18446744073709551615 0 23
189 3 1 7 3
1 1 2
18446744073709551615 10 23
190 3 1 18446744073709551615 18446744073709551615
1 1 2
18446744073709551615 18446744073709551615 23
191 3 1 0 0
1 2 2
0 0 18446744073709551598
192 3 1 0 0
1 2 2
0 1 18446744073709551598
193 3 1 0 0
1 2 2
0 2 18446744073709551598
194 3 1 0 0
1 2 2
0 3 18446744073709551598
195 3 1 0 0
1 2 2
0 4 18446744073709551598
196 3 1 0 0
1 2 2
0 5 18446744073709551598
197 3 1 0 0
1 2 2
0 6 18446744073709551598
198 3 1 7 3
1 2 2
0 7 18446744073709551598
199 3 1 7 3
1 2 2
0 8 18446744073709551598
200 3 1 7 3
1 2 2
0 9 18446744073709551598
201 3 1 7 3
1 2 2
0 10 18446744073709551598
202 3 1 7 3
1 2 2
0 11 18446744073709551598
203 3 1 7 3
1 2 2
0 12 18446744073709551598
204 3 1 7 3
1 2 2
0 13 18446744073709551598
205 3 1 18446744073709551609 18446744073709551608
1 2 2
0 18446744073709551609 18446744073709551598
206 3 1 18446744073709551609 18446744073709551608
1 2 2
0 18446744073709551610 18446744073709551598
207 3 1 18446744073709551609 18446744073709551608
1 2 2
0 18446744073709551611 18446744073709551598
208 3 1 18446744073709551609 18446744073709551608
1 2 2
0 18446744073709551612 18446744073709551598
209 3 1 18446744073709551609 18446744073709551608
1 2 2
0 18446744073709551613 18446744073709551598
210 3 1 18446744073709551609 18446744073709551608
1 2 2
0 18446744073709551614 18446744073709551598
211 3 1 18446744073709551609 18446744073709551608
1 2 2
0 18446744073709551615 18446744073709551598
212 3 1 11 4
1 2 2
0 3 18446744073709551598
213 3 1 0 0
1 2 2
1 0 18446744073709551598
214 3 1 0 0
1 2 2
1 1 18446744073709551598
215 3 1 0 0
1 2 2
1 2 18446744073709551598
216 3 1 0 0
1 2 2
1 3 18446744073709551598
217 3 1 7 3
1 2 2
1 7 18446744073709551598
218 3 1 7 3
1 2 2
1 8 18446744073709551598
219 3 1 7 3
1 2 2
1 9 18446744073709551598
220 3 1 7 3
1 2 2
1 10 18446744073709551598
221 3 1 18446744073709551612 18446744073709551611
1 2 2
1 18446744073709551612 18446744073709551598
222 3 1 18446744073709551612 18446744073709551611
1 2 2
1 18446744073709551613 18446744073709551598
223 3 1 18446744073709551612 18446744073709551611
1 2 2
1 18446744073709551614 18446744073709551598
224 3 1 18446744073709551612 18446744073709551611
1 2 2
1 18446744073709551615 18446744073709551598
225 3 1 11 4
1 2 2
1 3 18446744073709551598
226 3 1 0 0
1 2 2
2 0 18446744073709551598
227 3 1 0 0
1 2 2
2 1 18446744073709551598
228 3 1 0 0
1 2 2
2 2 18446744073709551598
229 3 1 7 3
1 2 2
2 7 18446744073709551598
230 3 1 7 3
1 2 2
2 8 18446744073709551598
231 3 1 7 3
1 2 2
2 9 18446744073709551598
232 3 1 18446744073709551613 18446744073709551612
1 2 2
2 18446744073709551613 18446744073709551598
233 3 1 18446744073709551613 18446744073709551612
1 2 2
2 18446744073709551614 18446744073709551598
234 3 1 18446744073709551613 18446744073709551612
1 2 2
2 18446744073709551615 18446744073709551598
235 3 1 11 4
1 2 2
2 3 18446744073709551598
236 3 1 0 0
1 2 2
3 0 23
237 3 1 7 3
1 2 2
3 10 23
238 3 1 18446744073709551615 18446744073709551615
1 2 2
3 18446744073709551615 23
239 3 1 0 0
1 2 2
18446744073709551615 0 23
240 3 1 7 3
1 2 2
18446744073709551615 10 23
241 3 1 18446744073709551615 18446744073709551615
1 2 2
18446744073709551615 18446744073709551615 23
242 3 1 0 0
2 1 2
0 0 18446744073709551598
243 3 1 0 0
2 1 2
0 1 18446744073709551598
244 3 1 0 0
2 1 2
0 2 18446744073709551598
245 3 1 0 0
2 1 2
0 3 18446744073709551598
246 3 1 7 3
2 1 2
0 7 18446744073709551598
247 3 1 7 3
2 1 2
0 8 18446744073709551598
248 3 1 7 3
2 1 2
0 9 18446744073709551598
249 3 1 7 3
2 1 2
0 10 18446744073709551598
250 3 1 18446744073709551612 18446744073709551611
2 1 2
0 18446744073709551612 18446744073709551598
251 3 1 18446744073709551612 18446744073709551611
2 1 2
0 18446744073709551613 18446744073709551598
252 3 1 18446744073709551612 18446744073709551611
2 1 2
0 18446744073709551614 18446744073709551598
253 3 1 18446744073709551612 18446744073709551611
2 1 2
0 18446744073709551615 18446744073709551598
254 3 1 11 4
2 1 2
0 3 18446744073709551598
255 3 1 0 0
2 1 2
1 0 18446744073709551598
256 3 1 0 0
2 1 2
1 1 18446744073709551598
257 3 1 0 0
2 1 2
1 2 18446744073709551598
258 3 1 7 3
2 1 2
1 7 18446744073709551598
259 3 1 7 3
2 1 2
1 8 18446744073709551598
260 3 1 7 3
2 1 2
1 9 18446744073709551598
261 3 1 18446744073709551613 18446744073709551612
2 1 2
1 18446744073709551613 18446744073709551598
262 3 1 18446744073709551613 18446744073709551612
2 1 2
1 18446744073709551614 18446744073709551598
263 3 1 18446744073709551613 18446744073709551612
2 1 2
1 18446744073709551615 18446744073709551598
264 3 1 11 4
2 1 2
1 3 18446744073709551598
265 3 1 0 0
2 1 2
2 0 18446744073709551598
266 3 1 0 0
2 1 2
2 1 18446744073709551598
267 3 1 0 0
2 1 2
2 2 18446744073709551598
268 3 1 7 3
2 1 2
2 7 18446744073709551598
269 3 1 7 3
2 1 2
2 8 18446744073709551598
270 3 1 7 3
2 1 2
2 9 18446744073709551598
271 3 1 18446744073709551613 18446744073709551612
2 1 2
2 18446744073709551613 18446744073709551598
272 3 1 18446744073709551613 18446744073709551612
2 1 2
2 18446744073709551614 18446744073709551598
273 3 1 18446744073709551613 18446744073709551612
2 1 2
2 18446744073709551615 18446744073709551598
274 3 1 11 4
2 1 2
2 3 18446744073709551598
275 3 1 0 0
2 1 2
3 0 23
276 3 1 7 3
2 1 2
3 10 23
277 3 1 18446744073709551615 18446744073709551615
2 1 2
3 18446744073709551615 23
278 3 1 0 0
2 1 2
18446744073709551615 0 23
279 3 1 7 3
2 1 2
18446744073709551615 10 23
280 3 1 18446744073709551615 18446744073709551615
2 1 2
18446744073709551615 18446744073709551615 23
281 3 1 0 0
2 2 2
0 0 18446744073709551598
282 3 1 0 0
2 2 2
0 1 18446744073709551598
283 3 1 0 0
2 2 2
0 2 18446744073709551598
284 3 1 0 0
2 2 2
0 3 18446744073709551598
285 3 1 7 3
2 2 2
0 7 18446744073709551598
286 3 1 7 3
2 2 2
0 8 18446744073709551598
287 3 1 7 3
2 2 2
0 9 18446744073709551598
288 3 1 7 3
2 2 2
0 10 18446744073709551598
289 3 1 18446744073709551612 18446744073709551611
2 2 2
0 18446744073709551612 18446744073709551598
290 3 1 18446744073709551612 18446744073709551611
2 2 2
0 18446744073709551613 18446744073709551598
291 3 1 18446744073709551612 18446744073709551611
2 2 2
0 18446744073709551614 18446744073709551598
292 3 1 18446744073709551612 18446744073709551611
2 2 2
0 18446744073709551615 18446744073709551598
293 3 1 11 4
2 2 2
0 3 18446744073709551598
294 3 1 0 0
2 2 2
1 0 18446744073709551598
295 3 1 0 0
2 2 2
1 1 18446744073709551598
296 3 1 0 0
2 2 2
1 2 18446744073709551598
297 3 1 0 0
2 2 2
1 3 18446744073709551598
298 3 1 7 3
2 2 2
1 7 18446744073709551598
299 3 1 7 3
2 2 2
1 8 18446744073709551598
300 3 1 7 3
2 2 2
1 9 18446744073709551598
301 3 1 7 3
2 2 2
1 10 18446744073709551598
302 3 1 18446744073709551612 18446744073709551611
2 2 2
1 18446744073709551612 18446744073709551598
303 3 1 18446744073709551612 18446744073709551611
2 2 2
1 18446744073709551613 18446744073709551598
304 3 1 18446744073709551612 18446744073709551611
2 2 2
1 18446744073709551614 18446744073709551598
305 3 1 18446744073709551612 18446744073709551611
2 2 2
1 18446744073709551615 18446744073709551598
306 3 1 11 4
2 2 2
1 3 18446744073709551598
307 3 1 0 0
2 2 2
2 0 18446744073709551598
308 3 1 0 0
2 2 2
2 1 18446744073709551598
309 3 1 0 0
2 2 2
2 2 18446744073709551598
310 3 1 7 3
2 2 2
2 7 18446744073709551598
311 3 1 7 3
2 2 2
2 8 18446744073709551598
312 3 1 7 3
2 2 2
2 9 18446744073709551598
313 3 1 18446744073709551613 18446744073709551612
2 2 2
2 18446744073709551613 18446744073709551598
314 3 1 18446744073709551613 18446744073709551612
2 2 2
2 18446744073709551614 18446744073709551598
315 3 1 18446744073709551613 18446744073709551612
2 2 2
2 18446744073709551615 18446744073709551598
316 3 1 11 4
2 2 2
2 3 18446744073709551598
317 3 1 0 0
2 2 2
3 0 23
318 3 1 7 3
2 2 2
3 10 23
319 3 1 18446744073709551615 18446744073709551615
2 2 2
3 18446744073709551615 23
320 3 1 0 0
2 2 2
18446744073709551615 0 23
321 3 1 7 3
2 2 2
18446744073709551615 10 23
322 3 1 18446744073709551615 18446744073709551615
2 2 2
18446744073709551615 18446744073709551615 23
323 4 1 0 0
0 1 2 3
0 0 18446744073709551598
324 4 1 0 0
0 1 2 3
0 1 18446744073709551598
325 4 1 0 0
0 1 2 3
0 2 18446744073709551598
326 4 1 7 3
0 1 2 3
0 7 18446744073709551598
327 4 1 7 3
0 1 2 3
0 8 18446744073709551598
328 4 1 7 3
0 1 2 3
0 9 18446744073709551598
329 4 1 18446744073709551613 18446744073709551612
0 1 2 3
0 18446744073709551613 18446744073709551598
330 4 1 18446744073709551613 18446744073709551612
0 1 2 3
0 18446744073709551614 18446744073709551598
331 4 1 18446744073709551613 18446744073709551612
0 1 2 3
0 18446744073709551615 18446744073709551598
332 4 1 11 4
0 1 2 3
0 3 18446744073709551598
333 4 1 0 0
0 1 2 3
1 0 18446744073709551598
334 4 1 0 0
0 1 2 3
1 1 18446744073709551598
335 4 1 0 0
0 1 2 3
1 2 18446744073709551598
336 4 1 7 3
0 1 2 3
1 7 18446744073709551598
337 4 1 7 3
0 1 2 3
1 8 18446744073709551598
338 4 1 7 3
0 1 2 3
1 9 18446744073709551598
339 4 1 18446744073709551613 18446744073709551612
0 1 2 3
1 18446744073709551613 18446744073709551598
340 4 1 18446744073709551613 18446744073709551612
0 1 2 3
1 18446744073709551614 18446744073709551598
341 4 1 18446744073709551613 18446744073709551612
0 1 2 3
1 18446744073709551615 18446744073709551598
342 4 1 11 4
0 1 2 3
1 3 18446744073709551598
343 4 1 0 0
0 1 2 3
2 0 18446744073709551598
344 4 1 0 0
0 1 2 3
2 1 18446744073709551598
345 4 1 0 0
0 1 2 3
2 2 18446744073709551598
346 4 1 7 3
0 1 2 3
2 7 18446744073709551598
347 4 1 7 3
0 1 2 3
2 8 18446744073709551598
348 4 1 7 3
0 1 2 3
2 9 18446744073709551598
349 4 1 18446744073709551613 18446744073709551612
0 1 2 3
2 18446744073709551613 18446744073709551598
350 4 1 18446744073709551613 18446744073709551612
0 1 2 3
2 18446744073709551614 18446744073709551598
351 4 1 18446744073709551613 18446744073709551612
0 1 2 3
2 18446744073709551615 18446744073709551598
352 4 1 11 4
0 1 2 3
2 3 18446744073709551598
353 4 1 0 0
0 1 2 3
3 0 18446744073709551598
354 4 1 0 0
0 1 2 3
3 1 18446744073709551598
355 4 1 0 0
0 1 2 3
3 2 18446744073709551598
356 4 1 7 3
0 1 2 3
3 7 18446744073709551598
357 4 1 7 3
0 1 2 3
3 8 18446744073709551598
358 4 1 7 3
0 1 2 3
3 9 18446744073709551598
359 4 1 18446744073709551613 18446744073709551612
0 1 2 3
3 18446744073709551613 18446744073709551598
360 4 1 18446744073709551613 18446744073709551612
0 1 2 3
3 18446744073709551614 18446744073709551598
361 4 1 18446744073709551613 18446744073709551612
0 1 2 3
3 18446744073709551615 18446744073709551598
362 4 1 11 4
0 1 2 3
3 3 18446744073709551598
363 4 1 0 0
0 1 2 3
4 0 23
364 4 1 7 3
0 1 2 3
4 10 23
365 4 1 18446744073709551615 18446744073709551615
0 1 2 3
4 18446744073709551615 23
366 4 1 0 0
0 1 2 3
18446744073709551615 0 23
367 4 1 7 3
0 1 2 3
18446744073709551615 10 23
368 4 1 18446744073709551615 18446744073709551615
0 1 2 3
18446744073709551615 18446744073709551615 23
369 4 1 0 0
0 1 3 3
0 0 18446744073709551598
370 4 1 0 0
0 1 3 3
0 1 18446744073709551598
371 4 1 0 0
0 1 3 3
0 2 18446744073709551598
372 4 1 7 3
0 1 3 3
0 7 18446744073709551598
373 4 1 7 3
0 1 3 3
0 8 18446744073709551598
374 4 1 7 3
0 1 3 3
0 9 18446744073709551598
375 4 1 18446744073709551613 18446744073709551612
0 1 3 3
0 18446744073709551613 18446744073709551598
376 4 1 18446744073709551613 18446744073709551612
0 1 3 3
0 18446744073709551614 18446744073709551598
377 4 1 18446744073709551613 18446744073709551612
0 1 3 3
0 18446744073709551615 18446744073709551598
378 4 1 11 4
0 1 3 3
0 3 18446744073709551598
379 4 1 0 0
0 1 3 3
1 0 18446744073709551598
380 4 1 0 0
0 1 3 3
1 1 18446744073709551598
381 4 1 0 0
0 1 3 3
1 2 18446744073709551598
382 4 1 7 3
0 1 3 3
1 7 18446744073709551598
383 4 1 7 3
0 1 3 3
1 8 18446744073709551598
384 4 1 7 3
0 1 3 3
1 9 18446744073709551598
385 4 1 18446744073709551613 18446744073709551612
0 1 3 3
1 18446744073709551613 18446744073709551598
386 4 1 18446744073709551613 18446744073709551612
0 1 3 3
1 18446744073709551614 18446744073709551598
387 4 1 18446744073709551613 18446744073709551612
0 1 3 3
1 18446744073709551615 18446744073709551598
388 4 1 11 4
0 1 3 3
1 3 18446744073709551598
389 4 1 0 0
0 1 3 3
2 0 18446744073709551598
390 4 1 0 0
0 1 3 3
2 1 18446744073709551598
391 4 1 0 0
0 1 3 3
2 2 18446744073709551598
392 4 1 0 0
0 1 3 3
2 3 18446744073709551598
393 4 1 7 3
0 1 3 3
2 7 18446744073709551598
394 4 1 7 3
0 1 3 3
2 8 18446744073709551598
395 4 1 7 3
0 1 3 3
2 9 18446744073709551598
396 4 1 7 3
0 1 3 3
2 10 18446744073709551598
397 4 1 18446744073709551612 18446744073709551611
0 1 3 3
2 18446744073709551612 18446744073709551598
398 4 1 18446744073709551612 18446744073709551611
0 1 3 3
2 18446744073709551613 18446744073709551598
399 4 1 18446744073709551612 18446744073709551611
0 1 3 3
2 18446744073709551614 18446744073709551598
400 4 1 18446744073709551612 18446744073709551611
0 1 3 3
2 18446744073709551615 18446744073709551598
401 4 1 11 4
0 1 3 3
2 3 18446744073709551598
402 4 1 0 0
0 1 3 3
3 0 18446744073709551598
403 4 1 0 0
0 1 3 3
3 1 18446744073709551598
404 4 1 0 0
0 1 3 3
3 2 18446744073709551598
405 4 1 7 3
0 1 3 3
3 7 18446744073709551598
406 4 1 7 3
0 1 3 3
3 8 18446744073709551598
407 4 1 7 3
0 1 3 3
3 9 18446744073709551598
408 4 1 18446744073709551613 18446744073709551612
0 1 3 3
3 18446744073709551613 18446744073709551598
409 4 1 18446744073709551613 18446744073709551612
0 1 3 3
3 18446744073709551614 18446744073709551598
410 4 1 18446744073709551613 18446744073709551612
0 1 3 3
3 18446744073709551615 18446744073709551598
411 4 1 11 4
0 1 3 3
3 3 18446744073709551598
412 4 1 0 0
0 1 3 3
4 0 23
413 4 1 7 3
0 1 3 3
4 10 23
414 4 1 18446744073709551615 18446744073709551615
0 1 3 3
4 18446744073709551615 23
415 4 1 0 0
0 1 3 3
18446744073709551615 0 23
416 4 1 7 3
0 1 3 3
18446744073709551615 10 23
417 4 1 18446744073709551615 18446744073709551615
0 1 3 3
18446744073709551615 18446744073709551615 23
418 4 1 0 0
0 2 2 3
0 0 18446744073709551598
419 4 1 0 0
0 2 2 3
0 1 18446744073709551598
420 4 1 0 0
0 2 2 3
0 2 18446744073709551598
421 4 1 7 3
0 2 2 3
0 7 18446744073709551598
422 4 1 7 3
0 2 2 3
0 8 18446744073709551598
423 4 1 7 3
0 2 2 3
0 9 18446744073709551598
424 4 1 18446744073709551613 18446744073709551612
0 2 2 3
0 18446744073709551613 18446744073709551598
425 4 1 18446744073709551613 18446744073709551612
0 2 2 3
0 18446744073709551614 18446744073709551598
426 4 1 18446744073709551613 18446744073709551612
0 2 2 3
0 18446744073709551615 18446744073709551598
427 4 1 11 4
0 2 2 3
0 3 18446744073709551598
428 4 1 0 0
0 2 2 3
1 0 18446744073709551598
429 4 1 0 0
0 2 2 3
1 1 18446744073709551598
430 4 1 0 0
0 2 2 3
1 2 18446744073709551598
431 4 1 0 0
0 2 2 3
1 3 18446744073709551598
432 4 1 7 3
0 2 2 3
1 7 18446744073709551598
433 4 1 7 3
0 2 2 3
1 8 18446744073709551598
434 4 1 7 3
0 2 2 3
1 9 18446744073709551598
435 4 1 7 3
0 2 2 3
1 10 18446744073709551598
436 4 1 18446744073709551612 18446744073709551611
0 2 2 3
1 18446744073709551612 18446744073709551598
437 4 1 18446744073709551612 18446744073709551611
0 2 2 3
1 18446744073709551613 18446744073709551598
438 4 1 18446744073709551612 18446744073709551611
0 2 2 3
1 18446744073709551614 18446744073709551598
439 4 1 18446744073709551612 18446744073709551611
0 2 2 3
1 18446744073709551615 18446744073709551598
440 4 1 11 4
0 2 2 3
1 3 18446744073709551598
441 4 1 0 0
0 2 2 3
2 0 18446744073709551598
442 4 1 0 0
0 2 2 3
2 1 18446744073709551598
443 4 1 0 0
0 2 2 3
2 2 18446744073709551598
444 4 1 7 3
0 2 2 3
2 7 18446744073709551598
445 4 1 7 3
0 2 2 3
2 8 18446744073709551598
446 4 1 7 3
0 2 2 3
2 9 18446744073709551598
447 4 1 18446744073709551613 18446744073709551612
0 2 2 3
2 18446744073709551613 18446744073709551598
448 4 1 18446744073709551613 18446744073709551612
0 2 2 3
2 18446744073709551614 18446744073709551598
449 4 1 18446744073709551613 18446744073709551612
0 2 2 3
2 18446744073709551615 18446744073709551598
450 4 1 11 4
0 2 2 3
2 3 18446744073709551598
451 4 1 0 0
0 2 2 3
3 0 18446744073709551598
452 4 1 0 0
0 2 2 3
3 1 18446744073709551598
453 4 1 0 0
0 2 2 3
3 2 18446744073709551598
454 4 1 7 3
0 2 2 3
3 7 18446744073709551598
455 4 1 7 3
0 2 2 3
3 8 18446744073709551598
456 4 1 7 3
0 2 2 3
3 9 18446744073709551598
457 4 1 18446744073709551613 18446744073709551612
0 2 2 3
3 18446744073709551613 18446744073709551598
458 4 1 18446744073709551613 18446744073709551612
0 2 2 3
3 18446744073709551614 18446744073709551598
459 4 1 18446744073709551613 18446744073709551612
0 2 2 3
3 18446744073709551615 18446744073709551598
460 4 1 11 4
0 2 2 3
3 3 18446744073709551598
461 4 1 0 0
0 2 2 3
4 0 23
462 4 1 7 3
0 2 2 3
4 10 23
463 4 1 18446744073709551615 18446744073709551615
0 2 2 3
4 18446744073709551615 23
464 4 1 0 0
0 2 2 3
18446744073709551615 0 23
465 4 1 7 3
0 2 2 3
18446744073709551615 10 23
466 4 1 18446744073709551615 18446744073709551615
0 2 2 3
18446744073709551615 18446744073709551615 23
467 4 1 0 0
0 2 3 3
0 0 18446744073709551598
468 4 1 0 0
0 2 3 3
0 1 18446744073709551598
469 4 1 0 0
0 2 3 3
0 2 18446744073709551598
470 4 1 7 3
0 2 3 3
0 7 18446744073709551598
471 4 1 7 3
0 2 3 3
0 8 18446744073709551598
472 4 1 7 3
0 2 3 3
0 9 18446744073709551598
473 4 1 18446744073709551613 18446744073709551612
0 2 3 3
0 18446744073709551613 18446744073709551598
474 4 1 18446744073709551613 18446744073709551612
0 2 3 3
0 18446744073709551614 18446744073709551598
475 4 1 18446744073709551613 18446744073709551612
0 2 3 3
0 18446744073709551615 18446744073709551598
476 4 1 11 4
0 2 3 3
0 3 18446744073709551598
477 4 1 0 0
0 2 3 3
1 0 18446744073709551598
478 4 1 0 0
0 2 3 3
1 1 18446744073709551598
479 4 1 0 0
0 2 3 3
1 2 18446744073709551598
480 4 1 0 0
0 2 3 3
1 3 18446744073709551598
481 4 1 0 0
0 2 3 3
1 4 18446744073709551598
482 4 1 0 0
0 2 3 3
1 5 18446744073709551598
483 4 1 0 0
0 2 3 3
1 6 18446744073709551598
484 4 1 7 3
0 2 3 3
1 7 18446744073709551598
485 4 1 7 3
0 2 3 3
1 8 18446744073709551598
486 4 1 7 3
0 2 3 3
1 9 18446744073709551598
487 4 1 7 3
0 2 3 3
1 10 18446744073709551598
488 4 1 7 3
0 2 3 3
1 11 18446744073709551598
489 4 1 7 3
0 2 3 3
1 12 18446744073709551598
490 4 1 7 3
0 2 3 3
1 13 18446744073709551598
491 4 1 18446744073709551609 18446744073709551608
0 2 3 3
1 18446744073709551609 18446744073709551598
492 4 1 18446744073709551609 18446744073709551608
0 2 3 3
1 18446744073709551610 18446744073709551598
493 4 1 18446744073709551609 18446744073709551608
0 2 3 3
1 18446744073709551611 18446744073709551598
494 4 1 18446744073709551609 18446744073709551608
0 2 3 3
1 18446744073709551612 18446744073709551598
495 4 1 18446744073709551609 18446744073709551608
0 2 3 3
1 18446744073709551613 18446744073709551598
496 4 1 18446744073709551609 18446744073709551608
0 2 3 3
1 18446744073709551614 18446744073709551598
497 4 1 18446744073709551609 18446744073709551608
0 2 3 3
1 18446744073709551615 18446744073709551598
498 4 1 11 4
0 2 3 3
1 3 18446744073709551598
499 4 1 0 0
0 2 3 3
2 0 18446744073709551598
500 4 1 0 0
0 2 3 3
2 1 18446744073709551598
501 4 1 0 0
0 2 3 3
2 2 18446744073709551598
502 4 1 0 0
0 2 3 3
2 3 18446744073709551598
503 4 1 7 3
0 2 3 3
2 7 18446744073709551598
504 4 1 7 3
0 2 3 3
2 8 18446744073709551598
505 4 1 7 3
0 2 3 3
2 9 18446744073709551598
506 4 1 7 3
0 2 3 3
2 10 18446744073709551598
507 4 1 18446744073709551612 18446744073709551611
0 2 3 3
2 18446744073709551612 18446744073709551598
508 4 1 18446744073709551612 18446744073709551611
0 2 3 3
2 18446744073709551613 18446744073709551598
509 4 1 18446744073709551612 18446744073709551611
0 2 3 3
2 18446744073709551614 18446744073709551598
510 4 1 18446744073709551612 18446744073709551611
0 2 3 3
2 18446744073709551615 18446744073709551598
511 4 1 11 4
0 2 3 3
2 3 18446744073709551598
512 4 1 0 0
0 2 3 3
3 0 18446744073709551598
513 4 1 0 0
0 2 3 3
3 1 18446744073709551598
514 4 1 0 0
0 2 3 3
3 2 18446744073709551598
515 4 1 7 3
0 2 3 3
3 7 18446744073709551598
516 4 1 7 3
0 2 3 3
3 8 18446744073709551598
517 4 1 7 3
0 2 3 3
3 9 18446744073709551598
518 4 1 18446744073709551613 18446744073709551612
0 2 3 3
3 18446744073709551613 18446744073709551598
519 4 1 18446744073709551613 18446744073709551612
0 2 3 3
3 18446744073709551614 18446744073709551598
520 4 1 18446744073709551613 18446744073709551612
0 2 3 3
3 18446744073709551615 18446744073709551598
521 4 1 11 4
0 2 3 3
3 3 18446744073709551598
522 4 1 0 0
0 2 3 3
4 0 23
523 4 1 7 3
0 2 3 3
4 10 23
524 4 1 18446744073709551615 18446744073709551615
0 2 3 3
4 18446744073709551615 23
525 4 1 0 0
0 2 3 3
18446744073709551615 0 23
526 4 1 7 3
0 2 3 3
18446744073709551615 10 23
527 4 1 18446744073709551615 18446744073709551615
0 2 3 3
18446744073709551615 18446744073709551615 23
528 4 1 0 0
0 3 2 3
0 0 18446744073709551598
529 4 1 0 0
0 3 2 3
0 1 18446744073709551598
530 4 1 0 0
0 3 2 3
0 2 18446744073709551598
531 4 1 7 3
0 3 2 3
0 7 18446744073709551598
532 4 1 7 3
0 3 2 3
0 8 18446744073709551598
533 4 1 7 3
0 3 2 3
0 9 18446744073709551598
534 4 1 18446744073709551613 18446744073709551612
0 3 2 3
0 18446744073709551613 18446744073709551598
535 4 1 18446744073709551613 18446744073709551612
0 3 2 3
0 18446744073709551614 18446744073709551598
536 4 1 18446744073709551613 18446744073709551612
0 3 2 3
0 18446744073709551615 18446744073709551598
537 4 1 11 4
0 3 2 3
0 3 18446744073709551598
538 4 1 0 0
0 3 2 3
1 0 18446744073709551598
539 4 1 0 0
0 3 2 3
1 1 18446744073709551598
540 4 1 0 0
0 3 2 3
1 2 18446744073709551598
541 4 1 0 0
0 3 2 3
1 3 18446744073709551598
542 4 1 7 3
0 3 2 3
1 7 18446744073709551598
543 4 1 7 3
0 3 2 3
1 8 18446744073709551598
544 4 1 7 3
0 3 2 3
1 9 18446744073709551598
545 4 1 7 3
0 3 2 3
1 10 18446744073709551598
546 4 1 18446744073709551612 18446744073709551611
0 3 2 3
1 18446744073709551612 18446744073709551598
547 4 1 18446744073709551612 18446744073709551611
0 3 2 3
1 18446744073709551613 18446744073709551598
548 4 1 18446744073709551612 18446744073709551611
0 3 2 3
1 18446744073709551614 18446744073709551598
549 4 1 18446744073709551612 18446744073709551611
0 3 2 3
1 18446744073709551615 18446744073709551598
550 4 1 11 4
0 3 2 3
1 3 18446744073709551598
551 4 1 0 0
0 3 2 3
2 0 18446744073709551598
552 4 1 0 0
0 3 2 3
2 1 18446744073709551598
553 4 1 0 0
0 3 2 3
2 2 18446744073709551598
554 4 1 7 3
0 3 2 3
2 7 18446744073709551598
555 4 1 7 3
0 3 2 3
2 8 18446744073709551598
556 4 1 7 3
0 3 2 3
2 9 18446744073709551598
557 4 1 18446744073709551613 18446744073709551612
0 3 2 3
2 18446744073709551613 18446744073709551598
558 4 1 18446744073709551613 18446744073709551612
0 3 2 3
2 18446744073709551614 18446744073709551598
559 4 1 18446744073709551613 18446744073709551612
0 3 2 3
2 18446744073709551615 18446744073709551598
560 4 1 11 4
0 3 2 3
2 3 18446744073709551598
561 4 1 0 0
0 3 2 3
3 0 18446744073709551598
562 4 1 0 0
0 3 2 3
3 1 18446744073709551598
563 4 1 0 0
0 3 2 3
3 2 18446744073709551598
564 4 1 7 3
0 3 2 3
3 7 18446744073709551598
565 4 1 7 3
0 3 2 3
3 8 18446744073709551598
566 4 1 7 3
0 3 2 3
3 9 18446744073709551598
567 4 1 18446744073709551613 18446744073709551612
0 3 2 3
3 18446744073709551613 18446744073709551598
568 4 1 18446744073709551613 18446744073709551612
0 3 2 3
3 18446744073709551614 18446744073709551598
569 4 1 18446744073709551613 18446744073709551612
0 3 2 3
3 18446744073709551615 18446744073709551598
570 4 1 11 4
0 3 2 3
3 3 18446744073709551598
571 4 1 0 0
0 3 2 3
4 0 23
572 4 1 7 3
0 3 2 3
4 10 23
573 4 1 18446744073709551615 18446744073709551615
0 3 2 3
4 18446744073709551615 23
574 4 1 0 0
0 3 2 3
18446744073709551615 0 23
575 4 1 7 3
0 3 2 3
18446744073709551615 10 23
576 4 1 18446744073709551615 18446744073709551615
0 3 2 3
18446744073709551615 18446744073709551615 23
577 4 1 0 0
0 3 3 3
0 0 18446744073709551598
578 4 1 0 0
0 3 3 3
0 1 18446744073709551598
579 4 1 0 0
0 3 3 3
0 2 18446744073709551598
580 4 1 7 3
0 3 3 3
0 7 18446744073709551598
581 4 1 7 3
0 3 3 3
0 8 18446744073709551598
582 4 1 7 3
0 3 3 3
0 9 18446744073709551598
583 4 1 18446744073709551613 18446744073709551612
0 3 3 3
0 18446744073709551613 18446744073709551598
584 4 1 18446744073709551613 18446744073709551612
0 3 3 3
0 18446744073709551614 18446744073709551598
585 4 1 18446744073709551613 18446744073709551612
0 3 3 3
0 18446744073709551615 18446744073709551598
586 4 1 11 4
0 3 3 3
0 3 18446744073709551598
587 4 1 0 0
0 3 3 3
1 0 18446744073709551598
588 4 1 0 0
0 3 3 3
1 1 18446744073709551598
589 4 1 0 0
0 3 3 3
1 2 18446744073709551598
590 4 1 0 0
0 3 3 3
1 3 18446744073709551598
591 4 1 7 3
0 3 3 3
1 7 18446744073709551598
592 4 1 7 3
0 3 3 3
1 8 18446744073709551598
593 4 1 7 3
0 3 3 3
1 9 18446744073709551598
594 4 1 7 3
0 3 3 3
1 10 18446744073709551598
595 4 1 18446744073709551612 18446744073709551611
0 3 3 3
1 18446744073709551612 18446744073709551598
596 4 1 18446744073709551612 18446744073709551611
0 3 3 3
1 18446744073709551613 18446744073709551598
597 4 1 18446744073709551612 18446744073709551611
0 3 3 3
1 18446744073709551614 18446744073709551598
598 4 1 18446744073709551612 18446744073709551611
0 3 3 3
1 18446744073709551615 18446744073709551598
599 4 1 11 4
0 3 3 3
1 3 18446744073709551598
600 4 1 0 0
0 3 3 3
2 0 18446744073709551598
601 4 1 0 0
0 3 3 3
2 1 18446744073709551598
602 4 1 0 0
0 3 3 3
2 2 18446744073709551598
603 4 1 0 0
0 3 3 3
2 3 18446744073709551598
604 4 1 7 3
0 3 3 3
2 7 18446744073709551598
605 4 1 7 3
0 3 3 3
2 8 18446744073709551598
606 4 1 7 3
0 3 3 3
2 9 18446744073709551598
607 4 1 7 3
0 3 3 3
2 10 18446744073709551598
608 4 1 18446744073709551612 18446744073709551611
0 3 3 3
2 18446744073709551612 18446744073709551598
609 4 1 18446744073709551612 18446744073709551611
0 3 3 3
2 18446744073709551613 18446744073709551598
610 4 1 18446744073709551612 18446744073709551611
0 3 3 3
2 18446744073709551614 18446744073709551598
611 4 1 18446744073709551612 18446744073709551611
0 3 3 3
2 18446744073709551615 18446744073709551598
612 4 1 11 4
0 3 3 3
2 3 18446744073709551598
613 4 1 0 0
0 3 3 3
3 0 18446744073709551598
614 4 1 0 0
0 3 3 3
3 1 18446744073709551598
615 4 1 0 0
0 3 3 3
3 2 18446744073709551598
616 4 1 7 3
0 3 3 3
3 7 18446744073709551598
617 4 1 7 3
0 3 3 3
3 8 18446744073709551598
618 4 1 7 3
0 3 3 3
3 9 18446744073709551598
619 4 1 18446744073709551613 18446744073709551612
0 3 3 3
3 18446744073709551613 18446744073709551598
620 4 1 18446744073709551613 18446744073709551612
0 3 3 3
3 18446744073709551614 18446744073709551598
621 4 1 18446744073709551613 18446744073709551612
0 3 3 3
3 18446744073709551615 18446744073709551598
622 4 1 11 4
0 3 3 3
3 3 18446744073709551598
623 4 1 0 0
0 3 3 3
4 0 23
624 4 1 7 3
0 3 3 3
4 10 23
625 4 1 18446744073709551615 18446744073709551615
0 3 3 3
4 18446744073709551615 23
626 4 1 0 0
0 3 3 3
18446744073709551615 0 23
627 4 1 7 3
0 3 3 3
18446744073709551615 10 23
628 4 1 18446744073709551615 18446744073709551615
0 3 3 3
18446744073709551615 18446744073709551615 23
629 4 1 0 0
1 1 2 3
0 0 18446744073709551598
630 4 1 0 0
1 1 2 3
0 1 18446744073709551598
631 4 1 0 0
1 1 2 3
0 2 18446744073709551598
632 4 1 0 0
1 1 2 3
0 3 18446744073709551598
633 4 1 7 3
1 1 2 3
0 7 18446744073709551598
634 4 1 7 3
1 1 2 3
0 8 18446744073709551598
635 4 1 7 3
1 1 2 3
0 9 18446744073709551598
636 4 1 7 3
1 1 2 3
0 10 18446744073709551598
637 4 1 18446744073709551612 18446744073709551611
1 1 2 3
0 18446744073709551612 18446744073709551598
638 4 1 18446744073709551612 18446744073709551611
1 1 2 3
0 18446744073709551613 18446744073709551598
639 4 1 18446744073709551612 18446744073709551611
1 1 2 3
0 18446744073709551614 18446744073709551598
640 4 1 18446744073709551612 18446744073709551611
1 1 2 3
0 18446744073709551615 18446744073709551598
641 4 1 11 4
1 1 2 3
0 3 18446744073709551598
642 4 1 0 0
1 1 2 3
1 0 18446744073709551598
643 4 1 0 0
1 1 2 3
1 1 18446744073709551598
644 4 1 0 0
1 1 2 3
1 2 18446744073709551598
645 4 1 7 3
1 1 2 3
1 7 18446744073709551598
646 4 1 7 3
1 1 2 3
1 8 18446744073709551598
647 4 1 7 3
1 1 2 3
1 9 18446744073709551598
648 4 1 18446744073709551613 18446744073709551612
1 1 2 3
1 18446744073709551613 18446744073709551598
649 4 1 18446744073709551613 18446744073709551612
1 1 2 3
1 18446744073709551614 18446744073709551598
650 4 1 18446744073709551613 18446744073709551612
1 1 2 3
1 18446744073709551615 18446744073709551598
651 4 1 11 4
1 1 2 3
1 3 18446744073709551598
652 4 1 0 0
1 1 2 3
2 0 18446744073709551598
653 4 1 0 0
1 1 2 3
2 1 18446744073709551598
654 4 1 0 0
1 1 2 3
2 2 18446744073709551598
655 4 1 7 3
1 1 2 3
2 7 18446744073709551598
656 4 1 7 3
1 1 2 3
2 8 18446744073709551598
657 4 1 7 3
1 1 2 3
2 9 18446744073709551598
658 4 1 18446744073709551613 18446744073709551612
1 1 2 3
2 18446744073709551613 18446744073709551598
659 4 1 18446744073709551613 18446744073709551612
1 1 2 3
2 18446744073709551614 18446744073709551598
660 4 1 18446744073709551613 18446744073709551612
1 1 2 3
2 18446744073709551615 18446744073709551598
661 4 1 11 4
1 1 2 3
2 3 18446744073709551598
662 4 1 0 0
1 1 2 3
3 0 18446744073709551598
663 4 1 0 0
1 1 2 3
3 1 18446744073709551598
664 4 1 0 0
1 1 2 3
3 2 18446744073709551598
665 4 1 7 3
1 1 2 3
3 7 18446744073709551598
666 4 1 7 3
1 1 2 3
3 8 18446744073709551598
667 4 1 7 3
1 1 2 3
3 9 18446744073709551598
668 4 1 18446744073709551613 18446744073709551612
1 1 2 3
3 18446744073709551613 18446744073709551598
669 4 1 18446744073709551613 18446744073709551612
1 1 2 3
3 18446744073709551614 18446744073709551598
670 4 1 18446744073709551613 18446744073709551612
1 1 2 3
3 18446744073709551615 18446744073709551598
671 4 1 11 4
1 1 2 3
3 3 18446744073709551598
672 4 1 0 0
1 1 2 3
4 0 23
673 4 1 7 3
1 1 2 3
4 10 23
674 4 1 18446744073709551615 18446744073709551615
1 1 2 3
4 18446744073709551615 23
675 4 1 0 0
1 1 2 3
18446744073709551615 0 23
676 4 1 7 3
1 1 2 3
18446744073709551615 10 23
677 4 1 18446744073709551615 18446744073709551615
1 1 2 3
18446744073709551615 18446744073709551615 23
678 4 1 0 0
1 1 3 3
0 0 18446744073709551598
679 4 1 0 0
1 1 3 3
0 1 18446744073709551598
680 4 1 0 0
1 1 3 3
0 2 18446744073709551598
681 4 1 0 0
1 1 3 3
0 3 18446744073709551598
682 4 1 7 3
1 1 3 3
0 7 18446744073709551598
683 4 1 7 3
1 1 3 3
0 8 18446744073709551598
684 4 1 7 3
1 1 3 3
0 9 18446744073709551598
685 4 1 7 3
1 1 3 3
0 10 18446744073709551598
686 4 1 18446744073709551612 18446744073709551611
1 1 3 3
0 18446744073709551612 18446744073709551598
687 4 1 18446744073709551612 18446744073709551611
1 1 3 3
0 18446744073709551613 18446744073709551598
688 4 1 18446744073709551612 18446744073709551611
1 1 3 3
0 18446744073709551614 18446744073709551598
689 4 1 18446744073709551612 18446744073709551611
1 1 3 3
0 18446744073709551615 18446744073709551598
690 4 1 11 4
1 1 3 3
0 3 18446744073709551598
691 4 1 0 0
1 1 3 3
1 0 18446744073709551598
692 4 1 0 0
1 1 3 3
1 1 18446744073709551598
693 4 1 0 0
1 1 3 3
1 2 18446744073709551598
694 4 1 7 3
1 1 3 3
1 7 18446744073709551598
695 4 1 7 3
1 1 3 3
1 8 18446744073709551598
696 4 1 7 3
1 1 3 3
1 9 18446744073709551598
697 4 1 18446744073709551613 18446744073709551612
1 1 3 3
1 18446744073709551613 18446744073709551598
698 4 1 18446744073709551613 18446744073709551612
1 1 3 3
1 18446744073709551614 18446744073709551598
699 4 1 18446744073709551613 18446744073709551612
1 1 3 3
1 18446744073709551615 18446744073709551598
700 4 1 11 4
1 1 3 3
1 3 18446744073709551598
701 4 1 0 0
1 1 3 3
2 0 18446744073709551598
702 4 1 0 0
1 1 3 3
2 1 18446744073709551598
703 4 1 0 0
1 1 3 3
2 2 18446744073709551598
704 4 1 0 0
1 1 3 3
2 3 18446744073709551598
705 4 1 7 3
1 1 3 3
2 7 18446744073709551598
706 4 1 7 3
1 1 3 3
2 8 18446744073709551598
707 4 1 7 3
1 1 3 3
2 9 18446744073709551598
708 4 1 7 3
1 1 3 3
2 10 18446744073709551598
709 4 1 18446744073709551612 18446744073709551611
1 1 3 3
2 18446744073709551612 18446744073709551598
710 4 1 18446744073709551612 18446744073709551611
1 1 3 3
2 18446744073709551613 18446744073709551598
711 4 1 18446744073709551612 18446744073709551611
1 1 3 3
2 18446744073709551614 18446744073709551598
712 4 1 18446744073709551612 18446744073709551611
1 1 3 3
2 18446744073709551615 18446744073709551598
713 4 1 11 4
1 1 3 3
2 3 18446744073709551598
714 4 1 0 0
1 1 3 3
3 0 18446744073709551598
715 4 1 0 0
1 1 3 3
3 1 18446744073709551598
716 4 1 0 0
1 1 3 3
3 2 18446744073709551598
717 4 1 7 3
1 1 3 3
3 7 18446744073709551598
718 4 1 7 3
1 1 3 3
3 8 18446744073709551598
719 4 1 7 3
1 1 3 3
3 9 18446744073709551598
720 4 1 18446744073709551613 18446744073709551612
1 1 3 3
3 18446744073709551613 18446744073709551598
721 4 1 18446744073709551613 18446744073709551612
1 1 3 3
3 18446744073709551614 18446744073709551598
722 4 1 18446744073709551613 18446744073709551612
1 1 3 3
3 18446744073709551615 18446744073709551598
723 4 1 11 4
1 1 3 3
3 3 18446744073709551598
724 4 1 0 0
1 1 3 3
4 0 23
725 4 1 7 3
1 1 3 3
4 10 23
726 4 1 18446744073709551615 18446744073709551615
1 1 3 3
4 18446744073709551615 23
727 4 1 0 0
1 1 3 3
18446744073709551615 0 23
728 4 1 7 3
1 1 3 3
18446744073709551615 10 23
729 4 1 18446744073709551615 18446744073709551615
1 1 3 3
18446744073709551615 18446744073709551615 23
730 4 1 0 0
1 2 2 3
0 0 18446744073709551598
731 4 1 0 0
1 2 2 3
0 1 18446744073709551598
732 4 1 0 0
1 2 2 3
0 2 18446744073709551598
733 4 1 0 0
1 2 2 3
0 3 18446744073709551598
734 4 1 0 0
1 2 2 3
0 4 18446744073709551598
735 4 1 0 0
1 2 2 3
0 5 18446744073709551598
736 4 1 0 0
1 2 2 3
0 6 18446744073709551598
737 4 1 7 3
1 2 2 3
0 7 18446744073709551598
738 4 1 7 3
1 2 2 3
0 8 18446744073709551598
739 4 1 7 3
1 2 2 3
0 9 18446744073709551598
740 4 1 7 3
1 2 2 3
0 10 18446744073709551598
741 4 1 7 3
1 2 2 3
0 11 18446744073709551598
742 4 1 7 3
1 2 2 3
0 12 18446744073709551598
743 4 1 7 3
1 2 2 3
0 13 18446744073709551598
744 4 1 18446744073709551609 18446744073709551608
1 2 2 3
0 18446744073709551609 18446744073709551598
745 4 1 18446744073709551609 18446744073709551608
1 2 2 3
0 18446744073709551610 18446744073709551598
746 4 1 18446744073709551609 18446744073709551608
1 2 2 3
0 18446744073709551611 18446744073709551598
747 4 1 18446744073709551609 18446744073709551608
1 2 2 3
0 18446744073709551612 18446744073709551598
748 4 1 18446744073709551609 18446744073709551608
1 2 2 3
0 18446744073709551613 18446744073709551598
749 4 1 18446744073709551609 18446744073709551608
1 2 2 3
0 18446744073709551614 18446744073709551598
750 4 1 18446744073709551609 18446744073709551608
1 2 2 3
0 18446744073709551615 18446744073709551598
751 4 1 11 4
1 2 2 3
0 3 18446744073709551598
752 4 1 0 0
1 2 2 3
1 0 18446744073709551598
753 4 1 0 0
1 2 2 3
1 1 18446744073709551598
754 4 1 0 0
1 2 2 3
1 2 18446744073709551598
755 4 1 0 0
1 2 2 3
1 3 18446744073709551598
756 4 1 7 3
1 2 2 3
1 7 18446744073709551598
757 4 1 7 3
1 2 2 3
1 8 18446744073709551598
758 4 1 7 3
1 2 2 3
1 9 18446744073709551598
759 4 1 7 3
1 2 2 3
1 10 18446744073709551598
760 4 1 18446744073709551612 18446744073709551611
1 2 2 3
1 18446744073709551612 18446744073709551598
761 4 1 18446744073709551612 18446744073709551611
1 2 2 3
1 18446744073709551613 18446744073709551598
762 4 1 18446744073709551612 18446744073709551611
1 2 2 3
1 18446744073709551614 18446744073709551598
763 4 1 18446744073709551612 18446744073709551611
1 2 2 3
1 18446744073709551615 18446744073709551598
764 4 1 11 4
1 2 2 3
1 3 18446744073709551598
765 4 1 0 0
1 2 2 3
2 0 18446744073709551598
766 4 1 0 0
1 2 2 3
2 1 18446744073709551598
767 4 1 0 0
1 2 2 3
2 2 18446744073709551598
768 4 1 7 3
1 2 2 3
2 7 18446744073709551598
769 4 1 7 3
1 2 2 3
2 8 18446744073709551598
770 4 1 7 3
1 2 2 3
2 9 18446744073709551598
771 4 1 18446744073709551613 18446744073709551612
1 2 2 3
2 18446744073709551613 18446744073709551598
772 4 1 18446744073709551613 18446744073709551612
1 2 2 3
2 18446744073709551614 18446744073709551598
773 4 1 18446744073709551613 18446744073709551612
1 2 2 3
2 18446744073709551615 18446744073709551598
774 4 1 11 4
1 2 2 3
2 3 18446744073709551598
775 4 1 0 0
1 2 2 3
3 0 18446744073709551598
776 4 1 0 0
1 2 2 3
3 1 18446744073709551598
777 4 1 0 0
1 2 2 3
3 2 18446744073709551598
778 4 1 7 3
1 2 2 3
3 7 18446744073709551598
779 4 1 7 3
1 2 2 3
3 8 18446744073709551598
780 4 1 7 3
1 2 2 3
3 9 18446744073709551598
781 4 1 18446744073709551613 18446744073709551612
1 2 2 3
3 18446744073709551613 18446744073709551598
782 4 1 18446744073709551613 18446744073709551612
1 2 2 3
3 18446744073709551614 18446744073709551598
783 4 1 18446744073709551613 18446744073709551612
1 2 2 3
3 18446744073709551615 18446744073709551598
784 4 1 11 4
1 2 2 3
3 3 18446744073709551598
785 4 1 0 0
1 2 2 3
4 0 23
786 4 1 7 3
1 2 2 3
4 10 23
787 4 1 18446744073709551615 18446744073709551615
1 2 2 3
4 18446744073709551615 23
788 4 1 0 0
1 2 2 3
18446744073709551615 0 23
789 4 1 7 3
1 2 2 3
18446744073709551615 10 23
790 4 1 18446744073709551615 18446744073709551615
1 2 2 3
18446744073709551615 18446744073709551615 23
791 4 1 0 0
1 2 3 3
0 0 18446744073709551598
792 4 1 0 0
1 2 3 3
0 1 18446744073709551598
793 4 1 0 0
1 2 3 3
0 2 18446744073709551598
794 4 1 0 0
1 2 3 3
0 3 18446744073709551598
795 4 1 0 0
1 2 3 3
0 4 18446744073709551598
796 4 1 0 0
1 2 3 3
0 5 18446744073709551598
797 4 1 0 0
1 2 3 3
0 6 18446744073709551598
798 4 1 0 0
1 2 3 3
0 7 18446744073709551598
799 4 1 0 0
1 2 3 3
0 8 18446744073709551598
800 4 1 0 0
1 2 3 3
0 9 18446744073709551598
801 4 1 7 3
1 2 3 3
0 7 18446744073709551598
802 4 1 7 3
1 2 3 3
0 8 18446744073709551598
803 4 1 7 3
1 2 3 3
0 9 18446744073709551598
804 4 1 7 3
1 2 3 3
0 10 18446744073709551598
805 4 1 7 3
1 2 3 3
0 11 18446744073709551598
806 4 1 7 3
1 2 3 3
0 12 18446744073709551598
807 4 1 7 3
1 2 3 3
0 13 18446744073709551598
808 4 1 7 3
1 2 3 3
0 14 18446744073709551598
809 4 1 7 3
1 2 3 3
0 15 18446744073709551598
810 4 1 7 3
1 2 3 3
0 16 18446744073709551598
811 4 1 18446744073709551606 18446744073709551605
1 2 3 3
0 18446744073709551606 18446744073709551598
812 4 1 18446744073709551606 18446744073709551605
1 2 3 3
0 18446744073709551607 18446744073709551598
813 4 1 18446744073709551606 18446744073709551605
1 2 3 3
0 18446744073709551608 18446744073709551598
814 4 1 18446744073709551606 18446744073709551605
1 2 3 3
0 18446744073709551609 18446744073709551598
815 4 1 18446744073709551606 18446744073709551605
1 2 3 3
0 18446744073709551610 18446744073709551598
816 4 1 18446744073709551606 18446744073709551605
1 2 3 3
0 18446744073709551611 18446744073709551598
817 4 1 18446744073709551606 18446744073709551605
1 2 3 3
0 18446744073709551612 18446744073709551598
818 4 1 18446744073709551606 18446744073709551605
1 2 3 3
0 18446744073709551613 18446744073709551598
819 4 1 18446744073709551606 18446744073709551605
1 2 3 3
0 18446744073709551614 18446744073709551598
820 4 1 18446744073709551606 18446744073709551605
1 2 3 3
0 18446744073709551615 18446744073709551598
821 4 1 11 4
1 2 3 3
0 3 18446744073709551598
822 4 1 0 0
1 2 3 3
1 0 18446744073709551598
823 4 1 0 0
1 2 3 3
1 1 18446744073709551598
824 4 1 0 0
1 2 3 3
1 2 18446744073709551598
825 4 1 0 0
1 2 3 3
1 3 18446744073709551598
826 4 1 0 0
1 2 3 3
1 4 18446744073709551598
827 4 1 0 0
1 2 3 3
1 5 18446744073709551598
828 4 1 0 0
1 2 3 3
1 6 18446744073709551598
829 4 1 7 3
1 2 3 3
1 7 18446744073709551598
830 4 1 7 3
1 2 3 3
1 8 18446744073709551598
831 4 1 7 3
1 2 3 3
1 9 18446744073709551598
832 4 1 7 3
1 2 3 3
1 10 18446744073709551598
833 4 1 7 3
1 2 3 3
1 11 18446744073709551598
834 4 1 7 3
1 2 3 3
1 12 18446744073709551598
835 4 1 7 3
1 2 3 3
1 13 18446744073709551598
836 4 1 18446744073709551609 18446744073709551608
1 2 3 3
1 18446744073709551609 18446744073709551598
837 4 1 18446744073709551609 18446744073709551608
1 2 3 3
1 18446744073709551610 18446744073709551598
838 4 1 18446744073709551609 18446744073709551608
1 2 3 3
1 18446744073709551611 18446744073709551598
839 4 1 18446744073709551609 18446744073709551608
1 2 3 3
1 18446744073709551612 18446744073709551598
840 4 1 18446744073709551609 18446744073709551608
1 2 3 3
1 18446744073709551613 18446744073709551598
841 4 1 18446744073709551609 18446744073709551608
1 2 3 3
1 18446744073709551614 18446744073709551598
842 4 1 18446744073709551609 18446744073709551608
1 2 3 3
1 18446744073709551615 18446744073709551598
843 4 1 11 4
1 2 3 3
1 3 18446744073709551598
844 4 1 0 0
1 2 3 3
2 0 18446744073709551598
845 4 1 0 0
1 2 3 3
2 1 18446744073709551598
846 4 1 0 0
1 2 3 3
2 2 18446744073709551598
847 4 1 0 0
1 2 3 3
2 3 18446744073709551598
848 4 1 7 3
1 2 3 3
2 7 18446744073709551598
849 4 1 7 3
1 2 3 3
2 8 18446744073709551598
850 4 1 7 3
1 2 3 3
2 9 18446744073709551598
851 4 1 7 3
1 2 3 3
2 10 18446744073709551598
852 4 1 18446744073709551612 18446744073709551611
1 2 3 3
2 18446744073709551612 18446744073709551598
853 4 1 18446744073709551612 18446744073709551611
1 2 3 3
2 18446744073709551613 18446744073709551598
854 4 1 18446744073709551612 18446744073709551611
1 2 3 3
2 18446744073709551614 18446744073709551598
855 4 1 18446744073709551612 18446744073709551611
1 2 3 3
2 18446744073709551615 18446744073709551598
856 4 1 11 4
1 2 3 3
2 3 18446744073709551598
857 4 1 0 0
1 2 3 3
3 0 18446744073709551598
858 4 1 0 0
1 2 3 3
3 1 18446744073709551598
859 4 1 0 0
1 2 3 3
3 2 18446744073709551598
860 4 1 7 3
1 2 3 3
3 7 18446744073709551598
861 4 1 7 3
1 2 3 3
3 8 18446744073709551598
862 4 1 7 3
1 2 3 3
3 9 18446744073709551598
863 4 1 18446744073709551613 18446744073709551612
1 2 3 3
3 18446744073709551613 18446744073709551598
864 4 1 18446744073709551613 18446744073709551612
1 2 3 3
3 18446744073709551614 18446744073709551598
865 4 1 18446744073709551613 18446744073709551612
1 2 3 3
3 18446744073709551615 18446744073709551598
866 4 1 11 4
1 2 3 3
3 3 18446744073709551598
867 4 1 0 0
1 2 3 3
4 0 23
868 4 1 7 3
1 2 3 3
4 10 23
869 4 1 18446744073709551615 18446744073709551615
1 2 3 3
4 18446744073709551615 23
870 4 1 0 0
1 2 3 3
18446744073709551615 0 23
871 4 1 7 3
1 2 3 3
18446744073709551615 10 23
872 4 1 18446744073709551615 18446744073709551615
1 2 3 3
18446744073709551615 18446744073709551615 23
873 4 1 0 0
1 3 2 3
0 0 18446744073709551598
874 4 1 0 0
1 3 2 3
0 1 18446744073709551598
875 4 1 0 0
1 3 2 3
0 2 18446744073709551598
876 4 1 0 0
1 3 2 3
0 3 18446744073709551598
877 4 1 0 0
1 3 2 3
0 4 18446744073709551598
878 4 1 0 0
1 3 2 3
0 5 18446744073709551598
879 4 1 0 0
1 3 2 3
0 6 18446744073709551598
880 4 1 7 3
1 3 2 3
0 7 18446744073709551598
881 4 1 7 3
1 3 2 3
0 8 18446744073709551598
882 4 1 7 3
1 3 2 3
0 9 18446744073709551598
883 4 1 7 3
1 3 2 3
0 10 18446744073709551598
884 4 1 7 3
1 3 2 3
0 11 18446744073709551598
885 4 1 7 3
1 3 2 3
0 12 18446744073709551598
886 4 1 7 3
1 3 2 3
0 13 18446744073709551598
887 4 1 18446744073709551609 18446744073709551608
1 3 2 3
0 18446744073709551609 18446744073709551598
888 4 1 18446744073709551609 18446744073709551608
1 3 2 3
0 18446744073709551610 18446744073709551598
889 4 1 18446744073709551609 18446744073709551608
1 3 2 3
0 18446744073709551611 18446744073709551598
890 4 1 18446744073709551609 18446744073709551608
1 3 2 3
0 18446744073709551612 18446744073709551598
891 4 1 18446744073709551609 18446744073709551608
1 3 2 3
0 18446744073709551613 18446744073709551598
892 4 1 18446744073709551609 18446744073709551608
1 3 2 3
0 18446744073709551614 18446744073709551598
893 4 1 18446744073709551609 18446744073709551608
1 3 2 3
0 18446744073709551615 18446744073709551598
894 4 1 11 4
1 3 2 3
0 3 18446744073709551598
895 4 1 0 0
1 3 2 3
1 0 18446744073709551598
896 4 1 0 0
1 3 2 3
1 1 18446744073709551598
897 4 1 0 0
1 3 2 3
1 2 18446744073709551598
898 4 1 0 0
1 3 2 3
1 3 18446744073709551598
899 4 1 7 3
1 3 2 3
1 7 18446744073709551598
900 4 1 7 3
1 3 2 3
1 8 18446744073709551598
901 4 1 7 3
1 3 2 3
1 9 18446744073709551598
902 4 1 7 3
1 3 2 3
1 10 18446744073709551598
903 4 1 18446744073709551612 18446744073709551611
1 3 2 3
1 18446744073709551612 18446744073709551598
904 4 1 18446744073709551612 18446744073709551611
1 3 2 3
1 18446744073709551613 18446744073709551598
905 4 1 18446744073709551612 18446744073709551611
1 3 2 3
1 18446744073709551614 18446744073709551598
906 4 1 18446744073709551612 18446744073709551611
1 3 2 3
1 18446744073709551615 18446744073709551598
907 4 1 11 4
1 3 2 3
1 3 18446744073709551598
908 4 1 0 0
1 3 2 3
2 0 18446744073709551598
909 4 1 0 0
1 3 2 3
2 1 18446744073709551598
910 4 1 0 0
1 3 2 3
2 2 18446744073709551598
911 4 1 7 3
1 3 2 3
2 7 18446744073709551598
912 4 1 7 3
1 3 2 3
2 8 18446744073709551598
913 4 1 7 3
1 3 2 3
2 9 18446744073709551598
914 4 1 18446744073709551613 18446744073709551612
1 3 2 3
2 18446744073709551613 18446744073709551598
915 4 1 18446744073709551613 18446744073709551612
1 3 2 3
2 18446744073709551614 18446744073709551598
916 4 1 18446744073709551613 18446744073709551612
1 3 2 3
2 18446744073709551615 18446744073709551598
917 4 1 11 4
1 3 2 3
2 3 18446744073709551598
918 4 1 0 0
1 3 2 3
3 0 18446744073709551598
919 4 1 0 0
1 3 2 3
3 1 18446744073709551598
920 4 1 0 0
1 3 2 3
3 2 18446744073709551598
921 4 1 7 3
1 3 2 3
3 7 18446744073709551598
922 4 1 7 3
1 3 2 3
3 8 18446744073709551598
923 4 1 7 3
1 3 2 3
3 9 18446744073709551598
924 4 1 18446744073709551613 18446744073709551612
1 3 2 3
3 18446744073709551613 18446744073709551598
925 4 1 18446744073709551613 18446744073709551612
1 3 2 3
3 18446744073709551614 18446744073709551598
926 4 1 18446744073709551613 18446744073709551612
1 3 2 3
3 18446744073709551615 18446744073709551598
927 4 1 11 4
1 3 2 3
3 3 18446744073709551598
928 4 1 0 0
1 3 2 3
4 0 23
929 4 1 7 3
1 3 2 3
4 10 23
930 4 1 18446744073709551615 18446744073709551615
1 3 2 3
4 18446744073709551615 23
931 4 1 0 0
1 3 2 3
18446744073709551615 0 23
932 4 1 7 3
1 3 2 3
18446744073709551615 10 23
933 4 1 18446744073709551615 18446744073709551615
1 3 2 3
18446744073709551615 18446744073709551615 23
934 4 1 0 0
1 3 3 3
0 0 18446744073709551598
935 4 1 0 0
1 3 3 3
0 1 18446744073709551598
936 4 1 0 0
1 3 3 3
0 2 18446744073709551598
937 4 1 0 0
1 3 3 3
0 3 18446744073709551598
938 4 1 0 0
1 3 3 3
0 4 18446744073709551598
939 4 1 0 0
1 3 3 3
0 5 18446744073709551598
940 4 1 0 0
1 3 3 3
0 6 18446744073709551598
941 4 1 7 3
1 3 3 3
0 7 18446744073709551598
942 4 1 7 3
1 3 3 3
0 8 18446744073709551598
943 4 1 7 3
1 3 3 3
0 9 18446744073709551598
944 4 1 7 3
1 3 3 3
0 10 18446744073709551598
945 4 1 7 3
1 3 3 3
0 11 18446744073709551598
946 4 1 7 3
1 3 3 3
0 12 18446744073709551598
947 4 1 7 3
1 3 3 3
0 13 18446744073709551598
948 4 1 18446744073709551609 18446744073709551608
1 3 3 3
0 18446744073709551609 18446744073709551598
949 4 1 18446744073709551609 18446744073709551608
1 3 3 3
0 18446744073709551610 18446744073709551598
950 4 1 18446744073709551609 18446744073709551608
1 3 3 3
0 18446744073709551611 18446744073709551598
951 4 1 18446744073709551609 18446744073709551608
1 3 3 3
0 18446744073709551612 18446744073709551598
952 4 1 18446744073709551609 18446744073709551608
1 3 3 3
0 18446744073709551613 18446744073709551598
953 4 1 18446744073709551609 18446744073709551608
1 3 3 3
0 18446744073709551614 18446744073709551598
954 4 1 18446744073709551609 18446744073709551608
1 3 3 3
0 18446744073709551615 18446744073709551598
955 4 1 11 4
1 3 3 3
0 3 18446744073709551598
956 4 1 0 0
1 3 3 3
1 0 18446744073709551598
957 4 1 0 0
1 3 3 3
1 1 18446744073709551598
958 4 1 0 0
1 3 3 3
1 2 18446744073709551598
959 4 1 0 0
1 3 3 3
1 3 18446744073709551598
960 4 1 7 3
1 3 3 3
1 7 18446744073709551598
961 4 1 7 3
1 3 3 3
1 8 18446744073709551598
962 4 1 7 3
1 3 3 3
1 9 18446744073709551598
963 4 1 7 3
1 3 3 3
1 10 18446744073709551598
964 4 1 18446744073709551612 18446744073709551611
1 3 3 3
1 18446744073709551612 18446744073709551598
965 4 1 18446744073709551612 18446744073709551611
1 3 3 3
1 18446744073709551613 18446744073709551598
966 4 1 18446744073709551612 18446744073709551611
1 3 3 3
1 18446744073709551614 18446744073709551598
967 4 1 18446744073709551612 18446744073709551611
1 3 3 3
1 18446744073709551615 18446744073709551598
968 4 1 11 4
1 3 3 3
1 3 18446744073709551598
969 4 1 0 0
1 3 3 3
2 0 18446744073709551598
970 4 1 0 0
1 3 3 3
2 1 18446744073709551598
971 4 1 0 0
1 3 3 3
2 2 18446744073709551598
972 4 1 0 0
1 3 3 3
2 3 18446744073709551598
973 4 1 7 3
1 3 3 3
2 7 18446744073709551598
974 4 1 7 3
1 3 3 3
2 8 18446744073709551598
975 4 1 7 3
1 3 3 3
2 9 18446744073709551598
976 4 1 7 3
1 3 3 3
2 10 18446744073709551598
977 4 1 18446744073709551612 18446744073709551611
1 3 3 3
2 18446744073709551612 18446744073709551598
978 4 1 18446744073709551612 18446744073709551611
1 3 3 3
2 18446744073709551613 18446744073709551598
979 4 1 18446744073709551612 18446744073709551611
1 3 3 3
2 18446744073709551614 18446744073709551598
980 4 1 18446744073709551612 18446744073709551611
1 3 3 3
2 18446744073709551615 18446744073709551598
981 4 1 11 4
1 3 3 3
2 3 18446744073709551598
982 4 1 0 0
1 3 3 3
3 0 18446744073709551598
983 4 1 0 0
1 3 3 3
3 1 18446744073709551598
984 4 1 0 0
1 3 3 3
3 2 18446744073709551598
985 4 1 7 3
1 3 3 3
3 7 18446744073709551598
986 4 1 7 3
1 3 3 3
3 8 18446744073709551598
987 4 1 7 3
1 3 3 3
3 9 18446744073709551598
988 4 1 18446744073709551613 18446744073709551612
1 3 3 3
3 18446744073709551613 18446744073709551598
989 4 1 18446744073709551613 18446744073709551612
1 3 3 3
3 18446744073709551614 18446744073709551598
990 4 1 18446744073709551613 18446744073709551612
1 3 3 3
3 18446744073709551615 18446744073709551598
991 4 1 11 4
1 3 3 3
3 3 18446744073709551598
992 4 1 0 0
1 3 3 3
4 0 23
993 4 1 7 3
1 3 3 3
4 10 23
994 4 1 18446744073709551615 18446744073709551615
1 3 3 3
4 18446744073709551615 23
995 4 1 0 0
1 3 3 3
18446744073709551615 0 23
996 4 1 7 3
1 3 3 3
18446744073709551615 10 23
997 4 1 18446744073709551615 18446744073709551615
1 3 3 3
18446744073709551615 18446744073709551615 23
998 4 1 0 0
2 1 2 3
0 0 18446744073709551598
999 4 1 0 0
2 1 2 3
0 1 18446744073709551598
1000 4 1 0 0
2 1 2 3
0 2 18446744073709551598
1001 4 1 0 0
2 1 2 3
0 3 18446744073709551598
1002 4 1 7 3
2 1 2 3
0 7 18446744073709551598
1003 4 1 7 3
2 1 2 3
0 8 18446744073709551598
1004 4 1 7 3
2 1 2 3
0 9 18446744073709551598
1005 4 1 7 3
2 1 2 3
0 10 18446744073709551598
1006 4 1 18446744073709551612 18446744073709551611
2 1 2 3
0 18446744073709551612 18446744073709551598
1007 4 1 18446744073709551612 18446744073709551611
2 1 2 3
0 18446744073709551613 18446744073709551598
1008 4 1 18446744073709551612 18446744073709551611
2 1 2 3
0 18446744073709551614 18446744073709551598
1009 4 1 18446744073709551612 18446744073709551611
2 1 2 3
0 18446744073709551615 18446744073709551598
1010 4 1 11 4
2 1 2 3
0 3 18446744073709551598
1011 4 1 0 0
2 1 2 3
1 0 18446744073709551598
1012 4 1 0 0
2 1 2 3
1 1 18446744073709551598
1013 4 1 0 0
2 1 2 3
1 2 18446744073709551598
1014 4 1 7 3
2 1 2 3
1 7 18446744073709551598
1015 4 1 7 3
2 1 2 3
1 8 18446744073709551598
1016 4 1 7 3
2 1 2 3
1 9 18446744073709551598
1017 4 1 18446744073709551613 18446744073709551612
2 1 2 3
1 18446744073709551613 18446744073709551598
1018 4 1 18446744073709551613 18446744073709551612
2 1 2 3
1 18446744073709551614 18446744073709551598
1019 4 1 18446744073709551613 18446744073709551612
2 1 2 3
1 18446744073709551615 18446744073709551598
1020 4 1 11 4
2 1 2 3
1 3 18446744073709551598
1021 4 1 0 0
2 1 2 3
2 0 18446744073709551598
1022 4 1 0 0
2 1 2 3
2 1 18446744073709551598
1023 4 1 0 0
2 1 2 3
2 2 18446744073709551598
1024 4 1 7 3
2 1 2 3
2 7 18446744073709551598
1025 4 1 7 3
2 1 2 3
2 8 18446744073709551598
1026 4 1 7 3
2 1 2 3
2 9 18446744073709551598
1027 4 1 18446744073709551613 18446744073709551612
2 1 2 3
2 18446744073709551613 18446744073709551598
1028 4 1 18446744073709551613 18446744073709551612
2 1 2 3
2 18446744073709551614 18446744073709551598
1029 4 1 18446744073709551613 18446744073709551612
2 1 2 3
2 18446744073709551615 18446744073709551598
1030 4 1 11 4
2 1 2 3
2 3 18446744073709551598
1031 4 1 0 0
2 1 2 3
3 0 18446744073709551598
1032 4 1 0 0
2 1 2 3
3 1 18446744073709551598
1033 4 1 0 0
2 1 2 3
3 2 18446744073709551598
1034 4 1 7 3
2 1 2 3
3 7 18446744073709551598
1035 4 1 7 3
2 1 2 3
3 8 18446744073709551598
1036 4 1 7 3
2 1 2 3
3 9 18446744073709551598
1037 4 1 18446744073709551613 18446744073709551612
2 1 2 3
3 18446744073709551613 18446744073709551598
1038 4 1 18446744073709551613 18446744073709551612
2 1 2 3
3 18446744073709551614 18446744073709551598
1039 4 1 18446744073709551613 18446744073709551612
2 1 2 3
3 18446744073709551615 18446744073709551598
1040 4 1 11 4
2 1 2 3
3 3 18446744073709551598
1041 4 1 0 0
2 1 2 3
4 0 23
1042 4 1 7 3
2 1 2 3
4 10 23
1043 4 1 18446744073709551615 18446744073709551615
2 1 2 3
4 18446744073709551615 23
1044 4 1 0 0
2 1 2 3
18446744073709551615 0 23
1045 4 1 7 3
2 1 2 3
18446744073709551615 10 23
1046 4 1 18446744073709551615 18446744073709551615
2 1 2 3
18446744073709551615 18446744073709551615 23
1047 4 1 0 0
2 1 3 3
0 0 18446744073709551598
1048 4 1 0 0
2 1 3 3
0 1 18446744073709551598
1049 4 1 0 0
2 1 3 3
0 2 18446744073709551598
1050 4 1 0 0
2 1 3 3
0 3 18446744073709551598
1051 4 1 0 0
2 1 3 3
0 4 18446744073709551598
1052 4 1 0 0
2 1 3 3
0 5 18446744073709551598
1053 4 1 0 0
2 1 3 3
0 6 18446744073709551598
1054 4 1 7 3
2 1 3 3
0 7 18446744073709551598
1055 4 1 7 3
2 1 3 3
0 8 18446744073709551598
1056 4 1 7 3
2 1 3 3
0 9 18446744073709551598
1057 4 1 7 3
2 1 3 3
0 10 18446744073709551598
1058 4 1 7 3
2 1 3 3
0 11 18446744073709551598
1059 4 1 7 3
2 1 3 3
0 12 18446744073709551598
1060 4 1 7 3
2 1 3 3
0 13 18446744073709551598
1061 4 1 18446744073709551609 18446744073709551608
2 1 3 3
0 18446744073709551609 18446744073709551598
1062 4 1 18446744073709551609 18446744073709551608
2 1 3 3
0 18446744073709551610 18446744073709551598
1063 4 1 18446744073709551609 18446744073709551608
2 1 3 3
0 18446744073709551611 18446744073709551598
1064 4 1 18446744073709551609 18446744073709551608
2 1 3 3
0 18446744073709551612 18446744073709551598
1065 4 1 18446744073709551609 18446744073709551608
2 1 3 3
0 18446744073709551613 18446744073709551598
1066 4 1 18446744073709551609 18446744073709551608
2 1 3 3
0 18446744073709551614 18446744073709551598
1067 4 1 18446744073709551609 18446744073709551608
2 1 3 3
0 18446744073709551615 18446744073709551598
1068 4 1 11 4
2 1 3 3
0 3 18446744073709551598
1069 4 1 0 0
2 1 3 3
1 0 18446744073709551598
1070 4 1 0 0
2 1 3 3
1 1 18446744073709551598
1071 4 1 0 0
2 1 3 3
1 2 18446744073709551598
1072 4 1 7 3
2 1 3 3
1 7 18446744073709551598
1073 4 1 7 3
2 1 3 3
1 8 18446744073709551598
1074 4 1 7 3
2 1 3 3
1 9 18446744073709551598
1075 4 1 18446744073709551613 18446744073709551612
2 1 3 3
1 18446744073709551613 18446744073709551598
1076 4 1 18446744073709551613 18446744073709551612
2 1 3 3
1 18446744073709551614 18446744073709551598
1077 4 1 18446744073709551613 18446744073709551612
2 1 3 3
1 18446744073709551615 18446744073709551598
1078 4 1 11 4
2 1 3 3
1 3 18446744073709551598
1079 4 1 0 0
2 1 3 3
2 0 18446744073709551598
1080 4 1 0 0
2 1 3 3
2 1 18446744073709551598
1081 4 1 0 0
2 1 3 3
2 2 18446744073709551598
1082 4 1 0 0
2 1 3 3
2 3 18446744073709551598
1083 4 1 7 3
2 1 3 3
2 7 18446744073709551598
1084 4 1 7 3
2 1 3 3
2 8 18446744073709551598
1085 4 1 7 3
2 1 3 3
2 9 18446744073709551598
1086 4 1 7 3
2 1 3 3
2 10 18446744073709551598
1087 4 1 18446744073709551612 18446744073709551611
2 1 3 3
2 18446744073709551612 18446744073709551598
1088 4 1 18446744073709551612 18446744073709551611
2 1 3 3
2 18446744073709551613 18446744073709551598
1089 4 1 18446744073709551612 18446744073709551611
2 1 3 3
2 18446744073709551614 18446744073709551598
1090 4 1 18446744073709551612 18446744073709551611
2 1 3 3
2 18446744073709551615 18446744073709551598
1091 4 1 11 4
2 1 3 3
2 3 18446744073709551598
1092 4 1 0 0
2 1 3 3
3 0 18446744073709551598
1093 4 1 0 0
2 1 3 3
3 1 18446744073709551598
1094 4 1 0 0
2 1 3 3
3 2 18446744073709551598
1095 4 1 7 3
2 1 3 3
3 7 18446744073709551598
1096 4 1 7 3
2 1 3 3
3 8 18446744073709551598
1097 4 1 7 3
2 1 3 3
3 9 18446744073709551598
1098 4 1 18446744073709551613 18446744073709551612
2 1 3 3
3 18446744073709551613 18446744073709551598
1099 4 1 18446744073709551613 18446744073709551612
2 1 3 3
3 18446744073709551614 18446744073709551598
1100 4 1 18446744073709551613 18446744073709551612
2 1 3 3
3 18446744073709551615 18446744073709551598
1101 4 1 11 4
2 1 3 3
3 3 18446744073709551598
1102 4 1 0 0
2 1 3 3
4 0 23
1103 4 1 7 3
2 1 3 3
4 10 23
1104 4 1 18446744073709551615 18446744073709551615
2 1 3 3
4 18446744073709551615 23
1105 4 1 0 0
2 1 3 3
18446744073709551615 0 23
1106 4 1 7 3
2 1 3 3
18446744073709551615 10 23
1107 4 1 18446744073709551615 18446744073709551615
2 1 3 3
18446744073709551615 18446744073709551615 23
1108 4 1 0 0
2 2 2 3
0 0 18446744073709551598
1109 4 1 0 0
2 2 2 3
0 1 18446744073709551598
1110 4 1 0 0
2 2 2 3
0 2 18446744073709551598
1111 4 1 0 0
2 2 2 3
0 3 18446744073709551598
1112 4 1 7 3
2 2 2 3
0 7 18446744073709551598
1113 4 1 7 3
2 2 2 3
0 8 18446744073709551598
1114 4 1 7 3
2 2 2 3
0 9 18446744073709551598
1115 4 1 7 3
2 2 2 3
0 10 18446744073709551598
1116 4 1 18446744073709551612 18446744073709551611
2 2 2 3
0 18446744073709551612 18446744073709551598
1117 4 1 18446744073709551612 18446744073709551611
2 2 2 3
0 18446744073709551613 18446744073709551598
1118 4 1 18446744073709551612 18446744073709551611
2 2 2 3
0 18446744073709551614 18446744073709551598
1119 4 1 18446744073709551612 18446744073709551611
2 2 2 3
0 18446744073709551615 18446744073709551598
1120 4 1 11 4
2 2 2 3
0 3 18446744073709551598
1121 4 1 0 0
2 2 2 3
1 0 18446744073709551598
1122 4 1 0 0
2 2 2 3
1 1 18446744073709551598
1123 4 1 0 0
2 2 2 3
1 2 18446744073709551598
1124 4 1 0 0
2 2 2 3
1 3 18446744073709551598
1125 4 1 7 3
2 2 2 3
1 7 18446744073709551598
1126 4 1 7 3
2 2 2 3
1 8 18446744073709551598
1127 4 1 7 3
2 2 2 3
1 9 18446744073709551598
1128 4 1 7 3
2 2 2 3
1 10 18446744073709551598
1129 4 1 18446744073709551612 18446744073709551611
2 2 2 3
1 18446744073709551612 18446744073709551598
1130 4 1 18446744073709551612 18446744073709551611
2 2 2 3
1 18446744073709551613 18446744073709551598
1131 4 1 18446744073709551612 18446744073709551611
2 2 2 3
1 18446744073709551614 18446744073709551598
1132 4 1 18446744073709551612 18446744073709551611
2 2 2 3
1 18446744073709551615 18446744073709551598
1133 4 1 11 4
2 2 2 3
1 3 18446744073709551598
1134 4 1 0 0
2 2 2 3
2 0 18446744073709551598
1135 4 1 0 0
2 2 2 3
2 1 18446744073709551598
1136 4 1 0 0
2 2 2 3
2 2 18446744073709551598
1137 4 1 7 3
2 2 2 3
2 7 18446744073709551598
1138 4 1 7 3
2 2 2 3
2 8 18446744073709551598
1139 4 1 7 3
2 2 2 3
2 9 18446744073709551598
1140 4 1 18446744073709551613 18446744073709551612
2 2 2 3
2 18446744073709551613 18446744073709551598
1141 4 1 18446744073709551613 18446744073709551612
2 2 2 3
2 18446744073709551614 18446744073709551598
1142 4 1 18446744073709551613 18446744073709551612
2 2 2 3
2 18446744073709551615 18446744073709551598
1143 4 1 11 4
2 2 2 3
2 3 18446744073709551598
1144 4 1 0 0
2 2 2 3
3 0 18446744073709551598
1145 4 1 0 0
2 2 2 3
3 1 18446744073709551598
1146 4 1 0 0
2 2 2 3
3 2 18446744073709551598
1147 4 1 7 3
2 2 2 3
3 7 18446744073709551598
1148 4 1 7 3
2 2 2 3
3 8 18446744073709551598
1149 4 1 7 3
2 2 2 3
3 9 18446744073709551598
1150 4 1 18446744073709551613 18446744073709551612
2 2 2 3
3 18446744073709551613 18446744073709551598
1151 4 1 18446744073709551613 18446744073709551612
2 2 2 3
3 18446744073709551614 18446744073709551598
1152 4 1 18446744073709551613 18446744073709551612
2 2 2 3
3 18446744073709551615 18446744073709551598
1153 4 1 11 4
2 2 2 3
3 3 18446744073709551598
1154 4 1 0 0
2 2 2 3
4 0 23
1155 4 1 7 3
2 2 2 3
4 10 23
1156 4 1 18446744073709551615 18446744073709551615
2 2 2 3
4 18446744073709551615 23
1157 4 1 0 0
2 2 2 3
18446744073709551615 0 23
1158 4 1 7 3
2 2 2 3
18446744073709551615 10 23
1159 4 1 18446744073709551615 18446744073709551615
2 2 2 3
18446744073709551615 18446744073709551615 23
1160 4 1 0 0
2 2 3 3
0 0 18446744073709551598
1161 4 1 0 0
2 2 3 3
0 1 18446744073709551598
1162 4 1 0 0
2 2 3 3
0 2 18446744073709551598
1163 4 1 0 0
2 2 3 3
0 3 18446744073709551598
1164 4 1 0 0
2 2 3 3
0 4 18446744073709551598
1165 4 1 0 0
2 2 3 3
0 5 18446744073709551598
1166 4 1 0 0
2 2 3 3
0 6 18446744073709551598
1167 4 1 7 3
2 2 3 3
0 7 18446744073709551598
1168 4 1 7 3
2 2 3 3
0 8 18446744073709551598
1169 4 1 7 3
2 2 3 3
0 9 18446744073709551598
1170 4 1 7 3
2 2 3 3
0 10 18446744073709551598
1171 4 1 7 3
2 2 3 3
0 11 18446744073709551598
1172 4 1 7 3
2 2 3 3
0 12 18446744073709551598
1173 4 1 7 3
2 2 3 3
0 13 18446744073709551598
1174 4 1 18446744073709551609 18446744073709551608
2 2 3 3
0 18446744073709551609 18446744073709551598
1175 4 1 18446744073709551609 18446744073709551608
2 2 3 3
0 18446744073709551610 18446744073709551598
1176 4 1 18446744073709551609 18446744073709551608
2 2 3 3
0 18446744073709551611 18446744073709551598
1177 4 1 18446744073709551609 18446744073709551608
2 2 3 3
0 18446744073709551612 18446744073709551598
1178 4 1 18446744073709551609 18446744073709551608
2 2 3 3
0 18446744073709551613 18446744073709551598
1179 4 1 18446744073709551609 18446744073709551608
2 2 3 3
0 18446744073709551614 18446744073709551598
1180 4 1 18446744073709551609 18446744073709551608
2 2 3 3
0 18446744073709551615 18446744073709551598
1181 4 1 11 4
2 2 3 3
0 3 18446744073709551598
1182 4 1 0 0
2 2 3 3
1 0 18446744073709551598
1183 4 1 0 0
2 2 3 3
1 1 18446744073709551598
1184 4 1 0 0
2 2 3 3
1 2 18446744073709551598
1185 4 1 0 0
2 2 3 3
1 3 18446744073709551598
1186 4 1 0 0
2 2 3 3
1 4 18446744073709551598
1187 4 1 0 0
2 2 3 3
1 5 18446744073709551598
1188 4 1 0 0
2 2 3 3
1 6 18446744073709551598
1189 4 1 7 3
2 2 3 3
1 7 18446744073709551598
1190 4 1 7 3
2 2 3 3
1 8 18446744073709551598
1191 4 1 7 3
2 2 3 3
1 9 18446744073709551598
1192 4 1 7 3
2 2 3 3
1 10 18446744073709551598
1193 4 1 7 3
2 2 3 3
1 11 18446744073709551598
1194 4 1 7 3
2 2 3 3
1 12 18446744073709551598
1195 4 1 7 3
2 2 3 3
1 13 18446744073709551598
1196 4 1 18446744073709551609 18446744073709551608
2 2 3 3
1 18446744073709551609 18446744073709551598
1197 4 1 18446744073709551609 18446744073709551608
2 2 3 3
1 18446744073709551610 18446744073709551598
1198 4 1 18446744073709551609 18446744073709551608
2 2 3 3
1 18446744073709551611 18446744073709551598
1199 4 1 18446744073709551609 18446744073709551608
2 2 3 3
1 18446744073709551612 18446744073709551598
1200 4 1 18446744073709551609 18446744073709551608
2 2 3 3
1 18446744073709551613 18446744073709551598
1201 4 1 18446744073709551609 18446744073709551608
2 2 3 3
1 18446744073709551614 18446744073709551598
1202 4 1 18446744073709551609 18446744073709551608
2 2 3 3
1 18446744073709551615 18446744073709551598
1203 4 1 11 4
2 2 3 3
1 3 18446744073709551598
1204 4 1 0 0
2 2 3 3
2 0 18446744073709551598
1205 4 1 0 0
2 2 3 3
2 1 18446744073709551598
1206 4 1 0 0
2 2 3 3
2 2 18446744073709551598
1207 4 1 0 0
2 2 3 3
2 3 18446744073709551598
1208 4 1 7 3
2 2 3 3
2 7 18446744073709551598
1209 4 1 7 3
2 2 3 3
2 8 18446744073709551598
1210 4 1 7 3
2 2 3 3
2 9 18446744073709551598
1211 4 1 7 3
2 2 3 3
2 10 18446744073709551598
1212 4 1 18446744073709551612 18446744073709551611
2 2 3 3
2 18446744073709551612 18446744073709551598
1213 4 1 18446744073709551612 18446744073709551611
2 2 3 3
2 18446744073709551613 18446744073709551598
1214 4 1 18446744073709551612 18446744073709551611
2 2 3 3
2 18446744073709551614 18446744073709551598
1215 4 1 18446744073709551612 18446744073709551611
2 2 3 3
2 18446744073709551615 18446744073709551598
1216 4 1 11 4
2 2 3 3
2 3 18446744073709551598
1217 4 1 0 0
2 2 3 3
3 0 18446744073709551598
1218 4 1 0 0
2 2 3 3
3 1 18446744073709551598
1219 4 1 0 0
2 2 3 3
3 2 18446744073709551598
1220 4 1 7 3
2 2 3 3
3 7 18446744073709551598
1221 4 1 7 3
2 2 3 3
3 8 18446744073709551598
1222 4 1 7 3
2 2 3 3
3 9 18446744073709551598
1223 4 1 18446744073709551613 18446744073709551612
2 2 3 3
3 18446744073709551613 18446744073709551598
1224 4 1 18446744073709551613 18446744073709551612
2 2 3 3
3 18446744073709551614 18446744073709551598
1225 4 1 18446744073709551613 18446744073709551612
2 2 3 3
3 18446744073709551615 18446744073709551598
1226 4 1 11 4
2 2 3 3
3 3 18446744073709551598
1227 4 1 0 0
2 2 3 3
4 0 23
1228 4 1 7 3
2 2 3 3
4 10 23
1229 4 1 18446744073709551615 18446744073709551615
2 2 3 3
4 18446744073709551615 23
1230 4 1 0 0
2 2 3 3
18446744073709551615 0 23
1231 4 1 7 3
2 2 3 3
18446744073709551615 10 23
1232 4 1 18446744073709551615 18446744073709551615
2 2 3 3
18446744073709551615 18446744073709551615 23
1233 4 1 0 0
2 3 2 3
0 0 18446744073709551598
1234 4 1 0 0
2 3 2 3
0 1 18446744073709551598
1235 4 1 0 0
2 3 2 3
0 2 18446744073709551598
1236 4 1 0 0
2 3 2 3
0 3 18446744073709551598
1237 4 1 7 3
2 3 2 3
0 7 18446744073709551598
1238 4 1 7 3
2 3 2 3
0 8 18446744073709551598
1239 4 1 7 3
2 3 2 3
0 9 18446744073709551598
1240 4 1 7 3
2 3 2 3
0 10 18446744073709551598
1241 4 1 18446744073709551612 18446744073709551611
2 3 2 3
0 18446744073709551612 18446744073709551598
1242 4 1 18446744073709551612 18446744073709551611
2 3 2 3
0 18446744073709551613 18446744073709551598
1243 4 1 18446744073709551612 18446744073709551611
2 3 2 3
0 18446744073709551614 18446744073709551598
1244 4 1 18446744073709551612 18446744073709551611
2 3 2 3
0 18446744073709551615 18446744073709551598
1245 4 1 11 4
2 3 2 3
0 3 18446744073709551598
1246 4 1 0 0
2 3 2 3
1 0 18446744073709551598
1247 4 1 0 0
2 3 2 3
1 1 18446744073709551598
1248 4 1 0 0
2 3 2 3
1 2 18446744073709551598
1249 4 1 0 0
2 3 2 3
1 3 18446744073709551598
1250 4 1 7 3
2 3 2 3
1 7 18446744073709551598
1251 4 1 7 3
2 3 2 3
1 8 18446744073709551598
1252 4 1 7 3
2 3 2 3
1 9 18446744073709551598
1253 4 1 7 3
2 3 2 3
1 10 18446744073709551598
1254 4 1 18446744073709551612 18446744073709551611
2 3 2 3
1 18446744073709551612 18446744073709551598
1255 4 1 18446744073709551612 18446744073709551611
2 3 2 3
1 18446744073709551613 18446744073709551598
1256 4 1 18446744073709551612 18446744073709551611
2 3 2 3
1 18446744073709551614 18446744073709551598
1257 4 1 18446744073709551612 18446744073709551611
2 3 2 3
1 18446744073709551615 18446744073709551598
1258 4 1 11 4
2 3 2 3
1 3 18446744073709551598
1259 4 1 0 0
2 3 2 3
2 0 18446744073709551598
1260 4 1 0 0
2 3 2 3
2 1 18446744073709551598
1261 4 1 0 0
2 3 2 3
2 2 18446744073709551598
1262 4 1 7 3
2 3 2 3
2 7 18446744073709551598
1263 4 1 7 3
2 3 2 3
2 8 18446744073709551598
1264 4 1 7 3
2 3 2 3
2 9 18446744073709551598
1265 4 1 18446744073709551613 18446744073709551612
2 3 2 3
2 18446744073709551613 18446744073709551598
1266 4 1 18446744073709551613 18446744073709551612
2 3 2 3
2 18446744073709551614 18446744073709551598
1267 4 1 18446744073709551613 18446744073709551612
2 3 2 3
2 18446744073709551615 18446744073709551598
1268 4 1 11 4
2 3 2 3
2 3 18446744073709551598
1269 4 1 0 0
2 3 2 3
3 0 18446744073709551598
1270 4 1 0 0
2 3 2 3
3 1 18446744073709551598
1271 4 1 0 0
2 3 2 3
3 2 18446744073709551598
1272 4 1 7 3
2 3 2 3
3 7 18446744073709551598
1273 4 1 7 3
2 3 2 3
3 8 18446744073709551598
1274 4 1 7 3
2 3 2 3
3 9 18446744073709551598
1275 4 1 18446744073709551613 18446744073709551612
2 3 2 3
3 18446744073709551613 18446744073709551598
1276 4 1 18446744073709551613 18446744073709551612
2 3 2 3
3 18446744073709551614 18446744073709551598
1277 4 1 18446744073709551613 18446744073709551612
2 3 2 3
3 18446744073709551615 18446744073709551598
1278 4 1 11 4
2 3 2 3
3 3 18446744073709551598
1279 4 1 0 0
2 3 2 3
4 0 23
1280 4 1 7 3
2 3 2 3
4 10 23
1281 4 1 18446744073709551615 18446744073709551615
2 3 2 3
4 18446744073709551615 23
1282 4 1 0 0
2 3 2 3
18446744073709551615 0 23
1283 4 1 7 3
2 3 2 3
18446744073709551615 10 23
1284 4 1 18446744073709551615 18446744073709551615
2 3 2 3
18446744073709551615 18446744073709551615 23
1285 4 1 0 0
2 3 3 3
0 0 18446744073709551598
1286 4 1 0 0
2 3 3 3
0 1 18446744073709551598
1287 4 1 0 0
2 3 3 3
0 2 18446744073709551598
1288 4 1 0 0
2 3 3 3
0 3 18446744073709551598
1289 4 1 0 0
2 3 3 3
0 4 18446744073709551598
1290 4 1 0 0
2 3 3 3
0 5 18446744073709551598
1291 4 1 0 0
2 3 3 3
0 6 18446744073709551598
1292 4 1 7 3
2 3 3 3
0 7 18446744073709551598
1293 4 1 7 3
2 3 3 3
0 8 18446744073709551598
1294 4 1 7 3
2 3 3 3
0 9 18446744073709551598
1295 4 1 7 3
2 3 3 3
0 10 18446744073709551598
1296 4 1 7 3
2 3 3 3
0 11 18446744073709551598
1297 4 1 7 3
2 3 3 3
0 12 18446744073709551598
1298 4 1 7 3
2 3 3 3
0 13 18446744073709551598
1299 4 1 18446744073709551609 18446744073709551608
2 3 3 3
0 18446744073709551609 18446744073709551598
1300 4 1 18446744073709551609 18446744073709551608
2 3 3 3
0 18446744073709551610 18446744073709551598
1301 4 1 18446744073709551609 18446744073709551608
2 3 3 3
0 18446744073709551611 18446744073709551598
1302 4 1 18446744073709551609 18446744073709551608
2 3 3 3
0 18446744073709551612 18446744073709551598
1303 4 1 18446744073709551609 18446744073709551608
2 3 3 3
0 18446744073709551613 18446744073709551598
1304 4 1 18446744073709551609 18446744073709551608
2 3 3 3
0 18446744073709551614 18446744073709551598
1305 4 1 18446744073709551609 18446744073709551608
2 3 3 3
0 18446744073709551615 18446744073709551598
1306 4 1 11 4
2 3 3 3
0 3 18446744073709551598
1307 4 1 0 0
2 3 3 3
1 0 18446744073709551598
1308 4 1 0 0
2 3 3 3
1 1 18446744073709551598
1309 4 1 0 0
2 3 3 3
1 2 18446744073709551598
1310 4 1 0 0
2 3 3 3
1 3 18446744073709551598
1311 4 1 7 3
2 3 3 3
1 7 18446744073709551598
1312 4 1 7 3
2 3 3 3
1 8 18446744073709551598
1313 4 1 7 3
2 3 3 3
1 9 18446744073709551598
1314 4 1 7 3
2 3 3 3
1 10 18446744073709551598
1315 4 1 18446744073709551612 18446744073709551611
2 3 3 3
1 18446744073709551612 18446744073709551598
1316 4 1 18446744073709551612 18446744073709551611
2 3 3 3
1 18446744073709551613 18446744073709551598
1317 4 1 18446744073709551612 18446744073709551611
2 3 3 3
1 18446744073709551614 18446744073709551598
1318 4 1 18446744073709551612 18446744073709551611
2 3 3 3
1 18446744073709551615 18446744073709551598
1319 4 1 11 4
2 3 3 3
1 3 18446744073709551598
1320 4 1 0 0
2 3 3 3
2 0 18446744073709551598
1321 4 1 0 0
2 3 3 3
2 1 18446744073709551598
1322 4 1 0 0
2 3 3 3
2 2 18446744073709551598
1323 4 1 0 0
2 3 3 3
2 3 18446744073709551598
1324 4 1 7 3
2 3 3 3
2 7 18446744073709551598
1325 4 1 7 3
2 3 3 3
2 8 18446744073709551598
1326 4 1 7 3
2 3 3 3
2 9 18446744073709551598
1327 4 1 7 3
2 3 3 3
2 10 18446744073709551598
1328 4 1 18446744073709551612 18446744073709551611
2 3 3 3
2 18446744073709551612 18446744073709551598
1329 4 1 18446744073709551612 18446744073709551611
2 3 3 3
2 18446744073709551613 18446744073709551598
1330 4 1 18446744073709551612 18446744073709551611
2 3 3 3
2 18446744073709551614 18446744073709551598
1331 4 1 18446744073709551612 18446744073709551611
2 3 3 3
2 18446744073709551615 18446744073709551598
1332 4 1 11 4
2 3 3 3
2 3 18446744073709551598
1333 4 1 0 0
2 3 3 3
3 0 18446744073709551598
1334 4 1 0 0
2 3 3 3
3 1 18446744073709551598
1335 4 1 0 0
2 3 3 3
3 2 18446744073709551598
1336 4 1 7 3
2 3 3 3
3 7 18446744073709551598
1337 4 1 7 3
2 3 3 3
3 8 18446744073709551598
1338 4 1 7 3
2 3 3 3
3 9 18446744073709551598
1339 4 1 18446744073709551613 18446744073709551612
2 3 3 3
3 18446744073709551613 18446744073709551598
1340 4 1 18446744073709551613 18446744073709551612
2 3 3 3
3 18446744073709551614 18446744073709551598
1341 4 1 18446744073709551613 18446744073709551612
2 3 3 3
3 18446744073709551615 18446744073709551598
1342 4 1 11 4
2 3 3 3
3 3 18446744073709551598
1343 4 1 0 0
2 3 3 3
4 0 23
1344 4 1 7 3
2 3 3 3
4 10 23
1345 4 1 18446744073709551615 18446744073709551615
2 3 3 3
4 18446744073709551615 23
1346 4 1 0 0
2 3 3 3
18446744073709551615 0 23
1347 4 1 7 3
2 3 3 3
18446744073709551615 10 23
1348 4 1 18446744073709551615 18446744073709551615
2 3 3 3
18446744073709551615 18446744073709551615 23
1349 4 1 0 0
3 1 2 3
0 0 18446744073709551598
1350 4 1 0 0
3 1 2 3
0 1 18446744073709551598
1351 4 1 0 0
3 1 2 3
0 2 18446744073709551598
1352 4 1 0 0
3 1 2 3
0 3 18446744073709551598
1353 4 1 7 3
3 1 2 3
0 7 18446744073709551598
1354 4 1 7 3
3 1 2 3
0 8 18446744073709551598
1355 4 1 7 3
3 1 2 3
0 9 18446744073709551598
1356 4 1 7 3
3 1 2 3
0 10 18446744073709551598
1357 4 1 18446744073709551612 18446744073709551611
3 1 2 3
0 18446744073709551612 18446744073709551598
1358 4 1 18446744073709551612 18446744073709551611
3 1 2 3
0 18446744073709551613 18446744073709551598
1359 4 1 18446744073709551612 18446744073709551611
3 1 2 3
0 18446744073709551614 18446744073709551598
1360 4 1 18446744073709551612 18446744073709551611
3 1 2 3
0 18446744073709551615 18446744073709551598
1361 4 1 11 4
3 1 2 3
0 3 18446744073709551598
1362 4 1 0 0
3 1 2 3
1 0 18446744073709551598
1363 4 1 0 0
3 1 2 3
1 1 18446744073709551598
1364 4 1 0 0
3 1 2 3
1 2 18446744073709551598
1365 4 1 7 3
3 1 2 3
1 7 18446744073709551598
1366 4 1 7 3
3 1 2 3
1 8 18446744073709551598
1367 4 1 7 3
3 1 2 3
1 9 18446744073709551598
1368 4 1 18446744073709551613 18446744073709551612
3 1 2 3
1 18446744073709551613 18446744073709551598
1369 4 1 18446744073709551613 18446744073709551612
3 1 2 3
1 18446744073709551614 18446744073709551598
1370 4 1 18446744073709551613 18446744073709551612
3 1 2 3
1 18446744073709551615 18446744073709551598
1371 4 1 11 4
3 1 2 3
1 3 18446744073709551598
1372 4 1 0 0
3 1 2 3
2 0 18446744073709551598
1373 4 1 0 0
3 1 2 3
2 1 18446744073709551598
1374 4 1 0 0
3 1 2 3
2 2 18446744073709551598
1375 4 1 7 3
3 1 2 3
2 7 18446744073709551598
1376 4 1 7 3
3 1 2 3
2 8 18446744073709551598
1377 4 1 7 3
3 1 2 3
2 9 18446744073709551598
1378 4 1 18446744073709551613 18446744073709551612
3 1 2 3
2 18446744073709551613 18446744073709551598
1379 4 1 18446744073709551613 18446744073709551612
3 1 2 3
2 18446744073709551614 18446744073709551598
1380 4 1 18446744073709551613 18446744073709551612
3 1 2 3
2 18446744073709551615 18446744073709551598
1381 4 1 11 4
3 1 2 3
2 3 18446744073709551598
1382 4 1 0 0
3 1 2 3
3 0 18446744073709551598
1383 4 1 0 0
3 1 2 3
3 1 18446744073709551598
1384 4 1 0 0
3 1 2 3
3 2 18446744073709551598
1385 4 1 7 3
3 1 2 3
3 7 18446744073709551598
1386 4 1 7 3
3 1 2 3
3 8 18446744073709551598
1387 4 1 7 3
3 1 2 3
3 9 18446744073709551598
1388 4 1 18446744073709551613 18446744073709551612
3 1 2 3
3 18446744073709551613 18446744073709551598
1389 4 1 18446744073709551613 18446744073709551612
3 1 2 3
3 18446744073709551614 18446744073709551598
1390 4 1 18446744073709551613 18446744073709551612
3 1 2 3
3 18446744073709551615 18446744073709551598
1391 4 1 11 4
3 1 2 3
3 3 18446744073709551598
1392 4 1 0 0
3 1 2 3
4 0 23
1393 4 1 7 3
3 1 2 3
4 10 23
1394 4 1 18446744073709551615 18446744073709551615
3 1 2 3
4 18446744073709551615 23
1395 4 1 0 0
3 1 2 3
18446744073709551615 0 23
1396 4 1 7 3
3 1 2 3
18446744073709551615 10 23
1397 4 1 18446744073709551615 18446744073709551615
3 1 2 3
18446744073709551615 18446744073709551615 23
1398 4 1 0 0
3 1 3 3
0 0 18446744073709551598
1399 4 1 0 0
3 1 3 3
0 1 18446744073709551598
1400 4 1 0 0
3 1 3 3
0 2 18446744073709551598
1401 4 1 0 0
3 1 3 3
0 3 18446744073709551598
1402 4 1 7 3
3 1 3 3
0 7 18446744073709551598
1403 4 1 7 3
3 1 3 3
0 8 18446744073709551598
1404 4 1 7 3
3 1 3 3
0 9 18446744073709551598
1405 4 1 7 3
3 1 3 3
0 10 18446744073709551598
1406 4 1 18446744073709551612 18446744073709551611
3 1 3 3
0 18446744073709551612 18446744073709551598
1407 4 1 18446744073709551612 18446744073709551611
3 1 3 3
0 18446744073709551613 18446744073709551598
1408 4 1 18446744073709551612 18446744073709551611
3 1 3 3
0 18446744073709551614 18446744073709551598
1409 4 1 18446744073709551612 18446744073709551611
3 1 3 3
0 18446744073709551615 18446744073709551598
1410 4 1 11 4
3 1 3 3
0 3 18446744073709551598
1411 4 1 0 0
3 1 3 3
1 0 18446744073709551598
1412 4 1 0 0
3 1 3 3
1 1 18446744073709551598
1413 4 1 0 0
3 1 3 3
1 2 18446744073709551598
1414 4 1 7 3
3 1 3 3
1 7 18446744073709551598
1415 4 1 7 3
3 1 3 3
1 8 18446744073709551598
1416 4 1 7 3
3 1 3 3
1 9 18446744073709551598
1417 4 1 18446744073709551613 18446744073709551612
3 1 3 3
1 18446744073709551613 18446744073709551598
1418 4 1 18446744073709551613 18446744073709551612
3 1 3 3
1 18446744073709551614 18446744073709551598
1419 4 1 18446744073709551613 18446744073709551612
3 1 3 3
1 18446744073709551615 18446744073709551598
1420 4 1 11 4
3 1 3 3
1 3 18446744073709551598
1421 4 1 0 0
3 1 3 3
2 0 18446744073709551598
1422 4 1 0 0
3 1 3 3
2 1 18446744073709551598
1423 4 1 0 0
3 1 3 3
2 2 18446744073709551598
1424 4 1 0 0
3 1 3 3
2 3 18446744073709551598
1425 4 1 7 3
3 1 3 3
2 7 18446744073709551598
1426 4 1 7 3
3 1 3 3
2 8 18446744073709551598
1427 4 1 7 3
3 1 3 3
2 9 18446744073709551598
1428 4 1 7 3
3 1 3 3
2 10 18446744073709551598
1429 4 1 18446744073709551612 18446744073709551611
3 1 3 3
2 18446744073709551612 18446744073709551598
1430 4 1 18446744073709551612 18446744073709551611
3 1 3 3
2 18446744073709551613 18446744073709551598
1431 4 1 18446744073709551612 18446744073709551611
3 1 3 3
2 18446744073709551614 18446744073709551598
1432 4 1 18446744073709551612 18446744073709551611
3 1 3 3
2 18446744073709551615 18446744073709551598
1433 4 1 11 4
3 1 3 3
2 3 18446744073709551598
1434 4 1 0 0
3 1 3 3
3 0 18446744073709551598
1435 4 1 0 0
3 1 3 3
3 1 18446744073709551598
1436 4 1 0 0
3 1 3 3
3 2 18446744073709551598
1437 4 1 7 3
3 1 3 3
3 7 18446744073709551598
1438 4 1 7 3
3 1 3 3
3 8 18446744073709551598
1439 4 1 7 3
3 1 3 3
3 9 18446744073709551598
1440 4 1 18446744073709551613 18446744073709551612
3 1 3 3
3 18446744073709551613 18446744073709551598
1441 4 1 18446744073709551613 18446744073709551612
3 1 3 3
3 18446744073709551614 18446744073709551598
1442 4 1 18446744073709551613 18446744073709551612
3 1 3 3
3 18446744073709551615 18446744073709551598
1443 4 1 11 4
3 1 3 3
3 3 18446744073709551598
1444 4 1 0 0
3 1 3 3
4 0 23
1445 4 1 7 3
3 1 3 3
4 10 23
1446 4 1 18446744073709551615 18446744073709551615
3 1 3 3
4 18446744073709551615 23
1447 4 1 0 0
3 1 3 3
18446744073709551615 0 23
1448 4 1 7 3
3 1 3 3
18446744073709551615 10 23
1449 4 1 18446744073709551615 18446744073709551615
3 1 3 3
18446744073709551615 18446744073709551615 23
1450 4 1 0 0
3 2 2 3
0 0 18446744073709551598
1451 4 1 0 0
3 2 2 3
0 1 18446744073709551598
1452 4 1 0 0
3 2 2 3
0 2 18446744073709551598
1453 4 1 0 0
3 2 2 3
0 3 18446744073709551598
1454 4 1 7 3
3 2 2 3
0 7 18446744073709551598
1455 4 1 7 3
3 2 2 3
0 8 18446744073709551598
1456 4 1 7 3
3 2 2 3
0 9 18446744073709551598
1457 4 1 7 3
3 2 2 3
0 10 18446744073709551598
1458 4 1 18446744073709551612 18446744073709551611
3 2 2 3
0 18446744073709551612 18446744073709551598
1459 4 1 18446744073709551612 18446744073709551611
3 2 2 3
0 18446744073709551613 18446744073709551598
1460 4 1 18446744073709551612 18446744073709551611
3 2 2 3
0 18446744073709551614 18446744073709551598
1461 4 1 18446744073709551612 18446744073709551611
3 2 2 3
0 18446744073709551615 18446744073709551598
1462 4 1 11 4
3 2 2 3
0 3 18446744073709551598
1463 4 1 0 0
3 2 2 3
1 0 18446744073709551598
1464 4 1 0 0
3 2 2 3
1 1 18446744073709551598
1465 4 1 0 0
3 2 2 3
1 2 18446744073709551598
1466 4 1 0 0
3 2 2 3
1 3 18446744073709551598
1467 4 1 7 3
3 2 2 3
1 7 18446744073709551598
1468 4 1 7 3
3 2 2 3
1 8 18446744073709551598
1469 4 1 7 3
3 2 2 3
1 9 18446744073709551598
1470 4 1 7 3
3 2 2 3
1 10 18446744073709551598
1471 4 1 18446744073709551612 18446744073709551611
3 2 2 3
1 18446744073709551612 18446744073709551598
1472 4 1 18446744073709551612 18446744073709551611
3 2 2 3
1 18446744073709551613 18446744073709551598
1473 4 1 18446744073709551612 18446744073709551611
3 2 2 3
1 18446744073709551614 18446744073709551598
1474 4 1 18446744073709551612 18446744073709551611
3 2 2 3
1 18446744073709551615 18446744073709551598
1475 4 1 11 4
3 2 2 3
1 3 18446744073709551598
1476 4 1 0 0
3 2 2 3
2 0 18446744073709551598
1477 4 1 0 0
3 2 2 3
2 1 18446744073709551598
1478 4 1 0 0
3 2 2 3
2 2 18446744073709551598
1479 4 1 7 3
3 2 2 3
2 7 18446744073709551598
1480 4 1 7 3
3 2 2 3
2 8 18446744073709551598
1481 4 1 7 3
3 2 2 3
2 9 18446744073709551598
1482 4 1 18446744073709551613 18446744073709551612
3 2 2 3
2 18446744073709551613 18446744073709551598
1483 4 1 18446744073709551613 18446744073709551612
3 2 2 3
2 18446744073709551614 18446744073709551598
1484 4 1 18446744073709551613 18446744073709551612
3 2 2 3
2 18446744073709551615 18446744073709551598
1485 4 1 11 4
3 2 2 3
2 3 18446744073709551598
1486 4 1 0 0
3 2 2 3
3 0 18446744073709551598
1487 4 1 0 0
3 2 2 3
3 1 18446744073709551598
1488 4 1 0 0
3 2 2 3
3 2 18446744073709551598
1489 4 1 7 3
3 2 2 3
3 7 18446744073709551598
1490 4 1 7 3
3 2 2 3
3 8 18446744073709551598
1491 4 1 7 3
3 2 2 3
3 9 18446744073709551598
1492 4 1 18446744073709551613 18446744073709551612
3 2 2 3
3 18446744073709551613 18446744073709551598
1493 4 1 18446744073709551613 18446744073709551612
3 2 2 3
3 18446744073709551614 18446744073709551598
1494 4 1 18446744073709551613 18446744073709551612
3 2 2 3
3 18446744073709551615 18446744073709551598
1495 4 1 11 4
3 2 2 3
3 3 18446744073709551598
1496 4 1 0 0
3 2 2 3
4 0 23
1497 4 1 7 3
3 2 2 3
4 10 23
1498 4 1 18446744073709551615 18446744073709551615
3 2 2 3
4 18446744073709551615 23
1499 4 1 0 0
3 2 2 3
18446744073709551615 0 23
1500 4 1 7 3
3 2 2 3
18446744073709551615 10 23
1501 4 1 18446744073709551615 18446744073709551615
3 2 2 3
18446744073709551615 18446744073709551615 23
1502 4 1 0 0
3 2 3 3
0 0 18446744073709551598
1503 4 1 0 0
3 2 3 3
0 1 18446744073709551598
1504 4 1 0 0
3 2 3 3
0 2 18446744073709551598
1505 4 1 0 0
3 2 3 3
0 3 18446744073709551598
1506 4 1 7 3
3 2 3 3
0 7 18446744073709551598
1507 4 1 7 3
3 2 3 3
0 8 18446744073709551598
1508 4 1 7 3
3 2 3 3
0 9 18446744073709551598
1509 4 1 7 3
3 2 3 3
0 10 18446744073709551598
1510 4 1 18446744073709551612 18446744073709551611
3 2 3 3
0 18446744073709551612 18446744073709551598
1511 4 1 18446744073709551612 18446744073709551611
3 2 3 3
0 18446744073709551613 18446744073709551598
1512 4 1 18446744073709551612 18446744073709551611
3 2 3 3
0 18446744073709551614 18446744073709551598
1513 4 1 18446744073709551612 18446744073709551611
3 2 3 3
0 18446744073709551615 18446744073709551598
1514 4 1 11 4
3 2 3 3
0 3 18446744073709551598
1515 4 1 0 0
3 2 3 3
1 0 18446744073709551598
1516 4 1 0 0
3 2 3 3
1 1 18446744073709551598
1517 4 1 0 0
3 2 3 3
1 2 18446744073709551598
1518 4 1 0 0
3 2 3 3
1 3 18446744073709551598
1519 4 1 0 0
3 2 3 3
1 4 18446744073709551598
1520 4 1 0 0
3 2 3 3
1 5 18446744073709551598
1521 4 1 0 0
3 2 3 3
1 6 18446744073709551598
1522 4 1 7 3
3 2 3 3
1 7 18446744073709551598
1523 4 1 7 3
3 2 3 3
1 8 18446744073709551598
1524 4 1 7 3
3 2 3 3
1 9 18446744073709551598
1525 4 1 7 3
3 2 3 3
1 10 18446744073709551598
1526 4 1 7 3
3 2 3 3
1 11 18446744073709551598
1527 4 1 7 3
3 2 3 3
1 12 18446744073709551598
1528 4 1 7 3
3 2 3 3
1 13 18446744073709551598
1529 4 1 18446744073709551609 18446744073709551608
3 2 3 3
1 18446744073709551609 18446744073709551598
1530 4 1 18446744073709551609 18446744073709551608
3 2 3 3
1 18446744073709551610 18446744073709551598
1531 4 1 18446744073709551609 18446744073709551608
3 2 3 3
1 18446744073709551611 18446744073709551598
1532 4 1 18446744073709551609 18446744073709551608
3 2 3 3
1 18446744073709551612 18446744073709551598
1533 4 1 18446744073709551609 18446744073709551608
3 2 3 3
1 18446744073709551613 18446744073709551598
1534 4 1 18446744073709551609 18446744073709551608
3 2 3 3
1 18446744073709551614 18446744073709551598
1535 4 1 18446744073709551609 18446744073709551608
3 2 3 3
1 18446744073709551615 18446744073709551598
1536 4 1 11 4
3 2 3 3
1 3 18446744073709551598
1537 4 1 0 0
3 2 3 3
2 0 18446744073709551598
1538 4 1 0 0
3 2 3 3
2 1 18446744073709551598
1539 4 1 0 0
3 2 3 3
2 2 18446744073709551598
1540 4 1 0 0
3 2 3 3
2 3 18446744073709551598
1541 4 1 7 3
3 2 3 3
2 7 18446744073709551598
1542 4 1 7 3
3 2 3 3
2 8 18446744073709551598
1543 4 1 7 3
3 2 3 3
2 9 18446744073709551598
1544 4 1 7 3
3 2 3 3
2 10 18446744073709551598
1545 4 1 18446744073709551612 18446744073709551611
3 2 3 3
2 18446744073709551612 18446744073709551598
1546 4 1 18446744073709551612 18446744073709551611
3 2 3 3
2 18446744073709551613 18446744073709551598
1547 4 1 18446744073709551612 18446744073709551611
3 2 3 3
2 18446744073709551614 18446744073709551598
1548 4 1 18446744073709551612 18446744073709551611
3 2 3 3
2 18446744073709551615 18446744073709551598
1549 4 1 11 4
3 2 3 3
2 3 18446744073709551598
1550 4 1 0 0
3 2 3 3
3 0 18446744073709551598
1551 4 1 0 0
3 2 3 3
3 1 18446744073709551598
1552 4 1 0 0
3 2 3 3
3 2 18446744073709551598
1553 4 1 7 3
3 2 3 3
3 7 18446744073709551598
1554 4 1 7 3
3 2 3 3
3 8 18446744073709551598
1555 4 1 7 3
3 2 3 3
3 9 18446744073709551598
1556 4 1 18446744073709551613 18446744073709551612
3 2 3 3
3 18446744073709551613 18446744073709551598
1557 4 1 18446744073709551613 18446744073709551612
3 2 3 3
3 18446744073709551614 18446744073709551598
1558 4 1 18446744073709551613 18446744073709551612
3 2 3 3
3 18446744073709551615 18446744073709551598
1559 4 1 11 4
3 2 3 3
3 3 18446744073709551598
1560 4 1 0 0
3 2 3 3
4 0 23
1561 4 1 7 3
3 2 3 3
4 10 23
1562 4 1 18446744073709551615 18446744073709551615
3 2 3 3
4 18446744073709551615 23
1563 4 1 0 0
3 2 3 3
18446744073709551615 0 23
1564 4 1 7 3
3 2 3 3
18446744073709551615 10 23
1565 4 1 18446744073709551615 18446744073709551615
3 2 3 3
18446744073709551615 18446744073709551615 23
1566 4 1 0 0
3 3 2 3
0 0 18446744073709551598
1567 4 1 0 0
3 3 2 3
0 1 18446744073709551598
1568 4 1 0 0
3 3 2 3
0 2 18446744073709551598
1569 4 1 0 0
3 3 2 3
0 3 18446744073709551598
1570 4 1 7 3
3 3 2 3
0 7 18446744073709551598
1571 4 1 7 3
3 3 2 3
0 8 18446744073709551598
1572 4 1 7 3
3 3 2 3
0 9 18446744073709551598
1573 4 1 7 3
3 3 2 3
0 10 18446744073709551598
1574 4 1 18446744073709551612 18446744073709551611
3 3 2 3
0 18446744073709551612 18446744073709551598
1575 4 1 18446744073709551612 18446744073709551611
3 3 2 3
0 18446744073709551613 18446744073709551598
1576 4 1 18446744073709551612 18446744073709551611
3 3 2 3
0 18446744073709551614 18446744073709551598
1577 4 1 18446744073709551612 18446744073709551611
3 3 2 3
0 18446744073709551615 18446744073709551598
1578 4 1 11 4
3 3 2 3
0 3 18446744073709551598
1579 4 1 0 0
3 3 2 3
1 0 18446744073709551598
1580 4 1 0 0
3 3 2 3
1 1 18446744073709551598
1581 4 1 0 0
3 3 2 3
1 2 18446744073709551598
1582 4 1 0 0
3 3 2 3
1 3 18446744073709551598
1583 4 1 7 3
3 3 2 3
1 7 18446744073709551598
1584 4 1 7 3
3 3 2 3
1 8 18446744073709551598
1585 4 1 7 3
3 3 2 3
1 9 18446744073709551598
1586 4 1 7 3
3 3 2 3
1 10 18446744073709551598
1587 4 1 18446744073709551612 18446744073709551611
3 3 2 3
1 18446744073709551612 18446744073709551598
1588 4 1 18446744073709551612 18446744073709551611
3 3 2 3
1 18446744073709551613 18446744073709551598
1589 4 1 18446744073709551612 18446744073709551611
3 3 2 3
1 18446744073709551614 18446744073709551598
1590 4 1 18446744073709551612 18446744073709551611
3 3 2 3
1 18446744073709551615 18446744073709551598
1591 4 1 11 4
3 3 2 3
1 3 18446744073709551598
1592 4 1 0 0
3 3 2 3
2 0 18446744073709551598
1593 4 1 0 0
3 3 2 3
2 1 18446744073709551598
1594 4 1 0 0
3 3 2 3
2 2 18446744073709551598
1595 4 1 7 3
3 3 2 3
2 7 18446744073709551598
1596 4 1 7 3
3 3 2 3
2 8 18446744073709551598
1597 4 1 7 3
3 3 2 3
2 9 18446744073709551598
1598 4 1 18446744073709551613 18446744073709551612
3 3 2 3
2 18446744073709551613 18446744073709551598
1599 4 1 18446744073709551613 18446744073709551612
3 3 2 3
2 18446744073709551614 18446744073709551598
1600 4 1 18446744073709551613 18446744073709551612
3 3 2 3
2 18446744073709551615 18446744073709551598
1601 4 1 11 4
3 3 2 3
2 3 18446744073709551598
1602 4 1 0 0
3 3 2 3
3 0 18446744073709551598
1603 4 1 0 0
3 3 2 3
3 1 18446744073709551598
1604 4 1 0 0
3 3 2 3
3 2 18446744073709551598
1605 4 1 7 3
3 3 2 3
3 7 18446744073709551598
1606 4 1 7 3
3 3 2 3
3 8 18446744073709551598
1607 4 1 7 3
3 3 2 3
3 9 18446744073709551598
1608 4 1 18446744073709551613 18446744073709551612
3 3 2 3
3 18446744073709551613 18446744073709551598
1609 4 1 18446744073709551613 18446744073709551612
3 3 2 3
3 18446744073709551614 18446744073709551598
1610 4 1 18446744073709551613 18446744073709551612
3 3 2 3
3 18446744073709551615 18446744073709551598
1611 4 1 11 4
3 3 2 3
3 3 18446744073709551598
1612 4 1 0 0
3 3 2 3
4 0 23
1613 4 1 7 3
3 3 2 3
4 10 23
1614 4 1 18446744073709551615 18446744073709551615
3 3 2 3
4 18446744073709551615 23
1615 4 1 0 0
3 3 2 3
18446744073709551615 0 23
1616 4 1 7 3
3 3 2 3
18446744073709551615 10 23
1617 4 1 18446744073709551615 18446744073709551615
3 3 2 3
18446744073709551615 18446744073709551615 23
1618 4 1 0 0
3 3 3 3
0 0 18446744073709551598
1619 4 1 0 0
3 3 3 3
0 1 18446744073709551598
1620 4 1 0 0
3 3 3 3
0 2 18446744073709551598
1621 4 1 0 0
3 3 3 3
0 3 18446744073709551598
1622 4 1 7 3
3 3 3 3
0 7 18446744073709551598
1623 4 1 7 3
3 3 3 3
0 8 18446744073709551598
1624 4 1 7 3
3 3 3 3
0 9 18446744073709551598
1625 4 1 7 3
3 3 3 3
0 10 18446744073709551598
1626 4 1 18446744073709551612 18446744073709551611
3 3 3 3
0 18446744073709551612 18446744073709551598
1627 4 1 18446744073709551612 18446744073709551611
3 3 3 3
0 18446744073709551613 18446744073709551598
1628 4 1 18446744073709551612 18446744073709551611
3 3 3 3
0 18446744073709551614 18446744073709551598
1629 4 1 18446744073709551612 18446744073709551611
3 3 3 3
0 18446744073709551615 18446744073709551598
1630 4 1 11 4
3 3 3 3
0 3 18446744073709551598
1631 4 1 0 0
3 3 3 3
1 0 18446744073709551598
1632 4 1 0 0
3 3 3 3
1 1 18446744073709551598
1633 4 1 0 0
3 3 3 3
1 2 18446744073709551598
1634 4 1 0 0
3 3 3 3
1 3 18446744073709551598
1635 4 1 7 3
3 3 3 3
1 7 18446744073709551598
1636 4 1 7 3
3 3 3 3
1 8 18446744073709551598
1637 4 1 7 3
3 3 3 3
1 9 18446744073709551598
1638 4 1 7 3
3 3 3 3
1 10 18446744073709551598
1639 4 1 18446744073709551612 18446744073709551611
3 3 3 3
1 18446744073709551612 18446744073709551598
1640 4 1 18446744073709551612 18446744073709551611
3 3 3 3
1 18446744073709551613 18446744073709551598
1641 4 1 18446744073709551612 18446744073709551611
3 3 3 3
1 18446744073709551614 18446744073709551598
1642 4 1 18446744073709551612 18446744073709551611
3 3 3 3
1 18446744073709551615 18446744073709551598
1643 4 1 11 4
3 3 3 3
1 3 18446744073709551598
1644 4 1 0 0
3 3 3 3
2 0 18446744073709551598
1645 4 1 0 0
3 3 3 3
2 1 18446744073709551598
1646 4 1 0 0
3 3 3 3
2 2 18446744073709551598
1647 4 1 0 0
3 3 3 3
2 3 18446744073709551598
1648 4 1 7 3
3 3 3 3
2 7 18446744073709551598
1649 4 1 7 3
3 3 3 3
2 8 18446744073709551598
1650 4 1 7 3
3 3 3 3
2 9 18446744073709551598
1651 4 1 7 3
3 3 3 3
2 10 18446744073709551598
1652 4 1 18446744073709551612 18446744073709551611
3 3 3 3
2 18446744073709551612 18446744073709551598
1653 4 1 18446744073709551612 18446744073709551611
3 3 3 3
2 18446744073709551613 18446744073709551598
1654 4 1 18446744073709551612 18446744073709551611
3 3 3 3
2 18446744073709551614 18446744073709551598
1655 4 1 18446744073709551612 18446744073709551611
3 3 3 3
2 18446744073709551615 18446744073709551598
1656 4 1 11 4
3 3 3 3
2 3 18446744073709551598
1657 4 1 0 0
3 3 3 3
3 0 18446744073709551598
1658 4 1 0 0
3 3 3 3
3 1 18446744073709551598
1659 4 1 0 0
3 3 3 3
3 2 18446744073709551598
1660 4 1 7 3
3 3 3 3
3 7 18446744073709551598
1661 4 1 7 3
3 3 3 3
3 8 18446744073709551598
1662 4 1 7 3
3 3 3 3
3 9 18446744073709551598
1663 4 1 18446744073709551613 18446744073709551612
3 3 3 3
3 18446744073709551613 18446744073709551598
1664 4 1 18446744073709551613 18446744073709551612
3 3 3 3
3 18446744073709551614 18446744073709551598
1665 4 1 18446744073709551613 18446744073709551612
3 3 3 3
3 18446744073709551615 18446744073709551598
1666 4 1 11 4
3 3 3 3
3 3 18446744073709551598
1667 4 1 0 0
3 3 3 3
4 0 23
1668 4 1 7 3
3 3 3 3
4 10 23
1669 4 1 18446744073709551615 18446744073709551615
3 3 3 3
4 18446744073709551615 23
1670 4 1 0 0
3 3 3 3
18446744073709551615 0 23
1671 4 1 7 3
3 3 3 3
18446744073709551615 10 23
1672 4 1 18446744073709551615 18446744073709551615
3 3 3 3
18446744073709551615 18446744073709551615 23
1673 12 1 0 0
3 1 8 6 4 10 9 7 11 11 10 11
0 0 18446744073709551598
1674 12 1 0 0
3 1 8 6 4 10 9 7 11 11 10 11
0 1 18446744073709551598
1675 12 1 0 0
3 1 8 6 4 10 9 7 11 11 10 11
0 2 18446744073709551598
1676 12 1 0 0
3 1 8 6 4 10 9 7 11 11 10 11
0 3 18446744073709551598
1677 12 1 0 0
3 1 8 6 4 10 9 7 11 11 10 11
0 4 18446744073709551598
1678 12 1 0 0
3 1 8 6 4 10 9 7 11 11 10 11
0 5 18446744073709551598
1679 12 1 0 0
3 1 8 6 4 10 9 7 11 11 10 11
0 6 18446744073709551598
1680 12 1 0 0
3 1 8 6 4 10 9 7 11 11 10 11
0 7 18446744073709551598
1681 12 1 0 0
3 1 8 6 4 10 9 7 11 11 10 11
0 8 18446744073709551598
1682 12 1 0 0
3 1 8 6 4 10 9 7 11 11 10 11
0 9 18446744073709551598
1683 12 1 0 0
3 1 8 6 4 10 9 7 11 11 10 11
0 10 18446744073709551598
1684 12 1 0 0
3 1 8 6 4 10 9 7 11 11 10 11
0 11 18446744073709551598
1685 12 1 0 0
3 1 8 6 4 10 9 7 11 11 10 11
0 12 18446744073709551598
1686 12 1 7 3
3 1 8 6 4 10 9 7 11 11 10 11
0 7 18446744073709551598
1687 12 1 7 3
3 1 8 6 4 10 9 7 11 11 10 11
0 8 18446744073709551598
1688 12 1 7 3
3 1 8 6 4 10 9 7 11 11 10 11
0 9 18446744073709551598
1689 12 1 7 3
3 1 8 6 4 10 9 7 11 11 10 11
0 10 18446744073709551598
1690 12 1 7 3
3 1 8 6 4 10 9 7 11 11 10 11
0 11 18446744073709551598
1691 12 1 7 3
3 1 8 6 4 10 9 7 11 11 10 11
0 12 18446744073709551598
1692 12 1 7 3
3 1 8 6 4 10 9 7 11 11 10 11
0 13 18446744073709551598
1693 12 1 7 3
3 1 8 6 4 10 9 7 11 11 10 11
0 14 18446744073709551598
1694 12 1 7 3
3 1 8 6 4 10 9 7 11 11 10 11
0 15 18446744073709551598
1695 12 1 7 3
3 1 8 6 4 10 9 7 11 11 10 11
0 16 18446744073709551598
1696 12 1 7 3
3 1 8 6 4 10 9 7 11 11 10 11
0 17 18446744073709551598
1697 12 1 7 3
3 1 8 6 4 10 9 7 11 11 10 11
0 18 18446744073709551598
1698 12 1 7 3
3 1 8 6 4 10 9 7 11 11 10 11
0 19 18446744073709551598
1699 12 1 18446744073709551603 18446744073709551602
3 1 8 6 4 10 9 7 11 11 10 11
0 18446744073709551603 18446744073709551598
1700 12 1 18446744073709551603 18446744073709551602
3 1 8 6 4 10 9 7 11 11 10 11
0 18446744073709551604 18446744073709551598
1701 12 1 18446744073709551603 18446744073709551602
3 1 8 6 4 10 9 7 11 11 10 11
0 18446744073709551605 18446744073709551598
1702 12 1 18446744073709551603 18446744073709551602
3 1 8 6 4 10 9 7 11 11 10 11
0 18446744073709551606 18446744073709551598
1703 12 1 18446744073709551603 18446744073709551602
3 1 8 6 4 10 9 7 11 11 10 11
0 18446744073709551607 18446744073709551598
1704 12 1 18446744073709551603 18446744073709551602
3 1 8 6 4 10 9 7 11 11 10 11
0 18446744073709551608 18446744073709551598
1705 12 1 18446744073709551603 18446744073709551602
3 1 8 6 4 10 9 7 11 11 10 11
0 18446744073709551609 18446744073709551598
1706 12 1 18446744073709551603 18446744073709551602
3 1 8 6 4 10 9 7 11 11 10 11
0 18446744073709551610 18446744073709551598
1707 12 1 18446744073709551603 18446744073709551602
3 1 8 6 4 10 9 7 11 11 10 11
0 18446744073709551611 18446744073709551598
1708 12 1 18446744073709551603 18446744073709551602
3 1 8 6 4 10 9 7 11 11 10 11
0 18446744073709551612 18446744073709551598
1709 12 1 18446744073709551603 18446744073709551602
3 1 8 6 4 10 9 7 11 11 10 11
0 18446744073709551613 18446744073709551598
1710 12 1 18446744073709551603 18446744073709551602
3 1 8 6 4 10 9 7 11 11 10 11
0 18446744073709551614 18446744073709551598
1711 12 1 18446744073709551603 18446744073709551602
3 1 8 6 4 10 9 7 11 11 10 11
0 18446744073709551615 18446744073709551598
1712 12 1 11 4
3 1 8 6 4 10 9 7 11 11 10 11
0 3 18446744073709551598
1713 12 1 0 0
3 1 8 6 4 10 9 7 11 11 10 11
1 0 18446744073709551598
1714 12 1 0 0
3 1 8 6 4 10 9 7 11 11 10 11
1 1 18446744073709551598
1715 12 1 0 0
3 1 8 6 4 10 9 7 11 11 10 11
1 2 18446744073709551598
1716 12 1 7 3
3 1 8 6 4 10 9 7 11 11 10 11
1 7 18446744073709551598
1717 12 1 7 3
3 1 8 6 4 10 9 7 11 11 10 11
1 8 18446744073709551598
1718 12 1 7 3
3 1 8 6 4 10 9 7 11 11 10 11
1 9 18446744073709551598
1719 12 1 18446744073709551613 18446744073709551612
3 1 8 6 4 10 9 7 11 11 10 11
1 18446744073709551613 18446744073709551598
1720 12 1 18446744073709551613 18446744073709551612
3 1 8 6 4 10 9 7 11 11 10 11
1 18446744073709551614 18446744073709551598
1721 12 1 18446744073709551613 18446744073709551612
3 1 8 6 4 10 9 7 11 11 10 11
1 18446744073709551615 18446744073709551598
1722 12 1 11 4
3 1 8 6 4 10 9 7 11 11 10 11
1 3 18446744073709551598
1723 12 1 0 0
3 1 8 6 4 10 9 7 11 11 10 11
2 0 18446744073709551598
1724 12 1 0 0
3 1 8 6 4 10 9 7 11 11 10 11
2 1 18446744073709551598
1725 12 1 0 0
3 1 8 6 4 10 9 7 11 11 10 11
2 2 18446744073709551598
1726 12 1 0 0
3 1 8 6 4 10 9 7 11 11 10 11
2 3 18446744073709551598
1727 12 1 0 0
3 1 8 6 4 10 9 7 11 11 10 11
2 4 18446744073709551598
1728 12 1 0 0
3 1 8 6 4 10 9 7 11 11 10 11
2 5 18446744073709551598
1729 12 1 0 0
3 1 8 6 4 10 9 7 11 11 10 11
2 6 18446744073709551598
1730 12 1 7 3
3 1 8 6 4 10 9 7 11 11 10 11
2 7 18446744073709551598
1731 12 1 7 3
3 1 8 6 4 10 9 7 11 11 10 11
2 8 18446744073709551598
1732 12 1 7 3
3 1 8 6 4 10 9 7 11 11 10 11
2 9 18446744073709551598
1733 12 1 7 3
3 1 8 6 4 10 9 7 11 11 10 11
2 10 18446744073709551598
1734 12 1 7 3
3 1 8 6 4 10 9 7 11 11 10 11
2 11 18446744073709551598
1735 12 1 7 3
3 1 8 6 4 10 9 7 11 11 10 11
2 12 18446744073709551598
1736 12 1 7 3
3 1 8 6 4 10 9 7 11 11 10 11
2 13 18446744073709551598
1737 12 1 18446744073709551609 18446744073709551608
3 1 8 6 4 10 9 7 11 11 10 11
2 18446744073709551609 18446744073709551598
1738 12 1 18446744073709551609 18446744073709551608
3 1 8 6 4 10 9 7 11 11 10 11
2 18446744073709551610 18446744073709551598
1739 12 1 18446744073709551609 18446744073709551608
3 1 8 6 4 10 9 7 11 11 10 11
2 18446744073709551611 18446744073709551598
1740 12 1 18446744073709551609 18446744073709551608
3 1 8 6 4 10 9 7 11 11 10 11
2 18446744073709551612 18446744073709551598
1741 12 1 18446744073709551609 18446744073709551608
3 1 8 6 4 10 9 7 11 11 10 11
2 18446744073709551613 18446744073709551598
1742 12 1 18446744073709551609 18446744073709551608
3 1 8 6 4 10 9 7 11 11 10 11
2 18446744073709551614 18446744073709551598
1743 12 1 18446744073709551609 18446744073709551608
3 1 8 6 4 10 9 7 11 11 10 11
2 18446744073709551615 18446744073709551598
1744 12 1 11 4
3 1 8 6 4 10 9 7 11 11 10 11
2 3 18446744073709551598
1745 12 1 0 0
3 1 8 6 4 10 9 7 11 11 10 11
3 0 18446744073709551598
1746 12 1 0 0
3 1 8 6 4 10 9 7 11 11 10 11
3 1 18446744073709551598
1747 12 1 0 0
3 1 8 6 4 10 9 7 11 11 10 11
3 2 18446744073709551598
1748 12 1 0 0
3 1 8 6 4 10 9 7 11 11 10 11
3 3 18446744073709551598
1749 12 1 0 0
3 1 8 6 4 10 9 7 11 11 10 11
3 4 18446744073709551598
1750 12 1 0 0
3 1 8 6 4 10 9 7 11 11 10 11
3 5 18446744073709551598
1751 12 1 0 0
3 1 8 6 4 10 9 7 11 11 10 11
3 6 18446744073709551598
1752 12 1 0 0
3 1 8 6 4 10 9 7 11 11 10 11
3 7 18446744073709551598
1753 12 1 0 0
3 1 8 6 4 10 9 7 11 11 10 11
3 8 18446744073709551598
1754 12 1 0 0
3 1 8 6 4 10 9 7 11 11 10 11
3 9 18446744073709551598
1755 12 1 7 3
3 1 8 6 4 10 9 7 11 11 10 11
3 7 18446744073709551598
1756 12 1 7 3
3 1 8 6 4 10 9 7 11 11 10 11
3 8 18446744073709551598
1757 12 1 7 3
3 1 8 6 4 10 9 7 11 11 10 11
3 9 18446744073709551598
1758 12 1 7 3
3 1 8 6 4 10 9 7 11 11 10 11
3 10 18446744073709551598
1759 12 1 7 3
3 1 8 6 4 10 9 7 11 11 10 11
3 11 18446744073709551598
1760 12 1 7 3
3 1 8 6 4 10 9 7 11 11 10 11
3 12 18446744073709551598
1761 12 1 7 3
3 1 8 6 4 10 9 7 11 11 10 11
3 13 18446744073709551598
1762 12 1 7 3
3 1 8 6 4 10 9 7 11 11 10 11
3 14 18446744073709551598
1763 12 1 7 3
3 1 8 6 4 10 9 7 11 11 10 11
3 15 18446744073709551598
1764 12 1 7 3
3 1 8 6 4 10 9 7 11 11 10 11
3 16 18446744073709551598
1765 12 1 18446744073709551606 18446744073709551605
3 1 8 6 4 10 9 7 11 11 10 11
3 18446744073709551606 18446744073709551598
1766 12 1 18446744073709551606 18446744073709551605
3 1 8 6 4 10 9 7 11 11 10 11
3 18446744073709551607 18446744073709551598
1767 12 1 18446744073709551606 18446744073709551605
3 1 8 6 4 10 9 7 11 11 10 11
3 18446744073709551608 18446744073709551598
1768 12 1 18446744073709551606 18446744073709551605
3 1 8 6 4 10 9 7 11 11 10 11
3 18446744073709551609 18446744073709551598
1769 12 1 18446744073709551606 18446744073709551605
3 1 8 6 4 10 9 7 11 11 10 11
3 18446744073709551610 18446744073709551598
1770 12 1 18446744073709551606 18446744073709551605
3 1 8 6 4 10 9 7 11 11 10 11
3 18446744073709551611 18446744073709551598
1771 12 1 18446744073709551606 18446744073709551605
3 1 8 6 4 10 9 7 11 11 10 11
3 18446744073709551612 18446744073709551598
1772 12 1 18446744073709551606 18446744073709551605
3 1 8 6 4 10 9 7 11 11 10 11
3 18446744073709551613 18446744073709551598
1773 12 1 18446744073709551606 18446744073709551605
3 1 8 6 4 10 9 7 11 11 10 11
3 18446744073709551614 18446744073709551598
1774 12 1 18446744073709551606 18446744073709551605
3 1 8 6 4 10 9 7 11 11 10 11
3 18446744073709551615 18446744073709551598
1775 12 1 11 4
3 1 8 6 4 10 9 7 11 11 10 11
3 3 18446744073709551598
1776 12 1 0 0
3 1 8 6 4 10 9 7 11 11 10 11
4 0 18446744073709551598
1777 12 1 0 0
3 1 8 6 4 10 9 7 11 11 10 11
4 1 18446744073709551598
1778 12 1 0 0
3 1 8 6 4 10 9 7 11 11 10 11
4 2 18446744073709551598
1779 12 1 7 3
3 1 8 6 4 10 9 7 11 11 10 11
4 7 18446744073709551598
1780 12 1 7 3
3 1 8 6 4 10 9 7 11 11 10 11
4 8 18446744073709551598
1781 12 1 7 3
3 1 8 6 4 10 9 7 11 11 10 11
4 9 18446744073709551598
1782 12 1 18446744073709551613 18446744073709551612
3 1 8 6 4 10 9 7 11 11 10 11
4 18446744073709551613 18446744073709551598
1783 12 1 18446744073709551613 18446744073709551612
3 1 8 6 4 10 9 7 11 11 10 11
4 18446744073709551614 18446744073709551598
1784 12 1 18446744073709551613 18446744073709551612
3 1 8 6 4 10 9 7 11 11 10 11
4 18446744073709551615 18446744073709551598
1785 12 1 11 4
3 1 8 6 4 10 9 7 11 11 10 11
4 3 18446744073709551598
1786 12 1 0 0
3 1 8 6 4 10 9 7 11 11 10 11
5 0 18446744073709551598
1787 12 1 0 0
3 1 8 6 4 10 9 7 11 11 10 11
5 1 18446744073709551598
1788 12 1 0 0
3 1 8 6 4 10 9 7 11 11 10 11
5 2 18446744073709551598
1789 12 1 0 0
3 1 8 6 4 10 9 7 11 11 10 11
5 3 18446744073709551598
1790 12 1 7 3
3 1 8 6 4 10 9 7 11 11 10 11
5 7 18446744073709551598
1791 12 1 7 3
3 1 8 6 4 10 9 7 11 11 10 11
5 8 18446744073709551598
1792 12 1 7 3
3 1 8 6 4 10 9 7 11 11 10 11
5 9 18446744073709551598
1793 12 1 7 3
3 1 8 6 4 10 9 7 11 11 10 11
5 10 18446744073709551598
1794 12 1 18446744073709551612 18446744073709551611
3 1 8 6 4 10 9 7 11 11 10 11
5 18446744073709551612 18446744073709551598
1795 12 1 18446744073709551612 18446744073709551611
3 1 8 6 4 10 9 7 11 11 10 11
5 18446744073709551613 18446744073709551598
1796 12 1 18446744073709551612 18446744073709551611
3 1 8 6 4 10 9 7 11 11 10 11
5 18446744073709551614 18446744073709551598
1797 12 1 18446744073709551612 18446744073709551611
3 1 8 6 4 10 9 7 11 11 10 11
5 18446744073709551615 18446744073709551598
1798 12 1 11 4
3 1 8 6 4 10 9 7 11 11 10 11
5 3 18446744073709551598
1799 12 1 0 0
3 1 8 6 4 10 9 7 11 11 10 11
6 0 18446744073709551598
1800 12 1 0 0
3 1 8 6 4 10 9 7 11 11 10 11
6 1 18446744073709551598
1801 12 1 0 0
3 1 8 6 4 10 9 7 11 11 10 11
6 2 18446744073709551598
1802 12 1 0 0
3 1 8 6 4 10 9 7 11 11 10 11
6 3 18446744073709551598
1803 12 1 0 0
3 1 8 6 4 10 9 7 11 11 10 11
6 4 18446744073709551598
1804 12 1 0 0
3 1 8 6 4 10 9 7 11 11 10 11
6 5 18446744073709551598
1805 12 1 0 0
3 1 8 6 4 10 9 7 11 11 10 11
6 6 18446744073709551598
1806 12 1 7 3
3 1 8 6 4 10 9 7 11 11 10 11
6 7 18446744073709551598
1807 12 1 7 3
3 1 8 6 4 10 9 7 11 11 10 11
6 8 18446744073709551598
1808 12 1 7 3
3 1 8 6 4 10 9 7 11 11 10 11
6 9 18446744073709551598
1809 12 1 7 3
3 1 8 6 4 10 9 7 11 11 10 11
6 10 18446744073709551598
1810 12 1 7 3
3 1 8 6 4 10 9 7 11 11 10 11
6 11 18446744073709551598
1811 12 1 7 3
3 1 8 6 4 10 9 7 11 11 10 11
6 12 18446744073709551598
1812 12 1 7 3
3 1 8 6 4 10 9 7 11 11 10 11
6 13 18446744073709551598
1813 12 1 18446744073709551609 18446744073709551608
3 1 8 6 4 10 9 7 11 11 10 11
6 18446744073709551609 18446744073709551598
1814 12 1 18446744073709551609 18446744073709551608
3 1 8 6 4 10 9 7 11 11 10 11
6 18446744073709551610 18446744073709551598
1815 12 1 18446744073709551609 18446744073709551608
3 1 8 6 4 10 9 7 11 11 10 11
6 18446744073709551611 18446744073709551598
1816 12 1 18446744073709551609 18446744073709551608
3 1 8 6 4 10 9 7 11 11 10 11
6 18446744073709551612 18446744073709551598
1817 12 1 18446744073709551609 18446744073709551608
3 1 8 6 4 10 9 7 11 11 10 11
6 18446744073709551613 18446744073709551598
1818 12 1 18446744073709551609 18446744073709551608
3 1 8 6 4 10 9 7 11 11 10 11
6 18446744073709551614 18446744073709551598
1819 12 1 18446744073709551609 18446744073709551608
3 1 8 6 4 10 9 7 11 11 10 11
6 18446744073709551615 18446744073709551598
1820 12 1 11 4
3 1 8 6 4 10 9 7 11 11 10 11
6 3 18446744073709551598
1821 12 1 0 0
3 1 8 6 4 10 9 7 11 11 10 11
7 0 18446744073709551598
1822 12 1 0 0
3 1 8 6 4 10 9 7 11 11 10 11
7 1 18446744073709551598
1823 12 1 0 0
3 1 8 6 4 10 9 7 11 11 10 11
7 2 18446744073709551598
1824 12 1 7 3
3 1 8 6 4 10 9 7 11 11 10 11
7 7 18446744073709551598
1825 12 1 7 3
3 1 8 6 4 10 9 7 11 11 10 11
7 8 18446744073709551598
1826 12 1 7 3
3 1 8 6 4 10 9 7 11 11 10 11
7 9 18446744073709551598
1827 12 1 18446744073709551613 18446744073709551612
3 1 8 6 4 10 9 7 11 11 10 11
7 18446744073709551613 18446744073709551598
1828 12 1 18446744073709551613 18446744073709551612
3 1 8 6 4 10 9 7 11 11 10 11
7 18446744073709551614 18446744073709551598
1829 12 1 18446744073709551613 18446744073709551612
3 1 8 6 4 10 9 7 11 11 10 11
7 18446744073709551615 18446744073709551598
1830 12 1 11 4
3 1 8 6 4 10 9 7 11 11 10 11
7 3 18446744073709551598
1831 12 1 0 0
3 1 8 6 4 10 9 7 11 11 10 11
8 0 18446744073709551598
1832 12 1 0 0
3 1 8 6 4 10 9 7 11 11 10 11
8 1 18446744073709551598
1833 12 1 0 0
3 1 8 6 4 10 9 7 11 11 10 11
8 2 18446744073709551598
1834 12 1 0 0
3 1 8 6 4 10 9 7 11 11 10 11
8 3 18446744073709551598
1835 12 1 7 3
3 1 8 6 4 10 9 7 11 11 10 11
8 7 18446744073709551598
1836 12 1 7 3
3 1 8 6 4 10 9 7 11 11 10 11
8 8 18446744073709551598
1837 12 1 7 3
3 1 8 6 4 10 9 7 11 11 10 11
8 9 18446744073709551598
1838 12 1 7 3
3 1 8 6 4 10 9 7 11 11 10 11
8 10 18446744073709551598
1839 12 1 18446744073709551612 18446744073709551611
3 1 8 6 4 10 9 7 11 11 10 11
8 18446744073709551612 18446744073709551598
1840 12 1 18446744073709551612 18446744073709551611
3 1 8 6 4 10 9 7 11 11 10 11
8 18446744073709551613 18446744073709551598
1841 12 1 18446744073709551612 18446744073709551611
3 1 8 6 4 10 9 7 11 11 10 11
8 18446744073709551614 18446744073709551598
1842 12 1 18446744073709551612 18446744073709551611
3 1 8 6 4 10 9 7 11 11 10 11
8 18446744073709551615 18446744073709551598
1843 12 1 11 4
3 1 8 6 4 10 9 7 11 11 10 11
8 3 18446744073709551598
1844 12 1 0 0
3 1 8 6 4 10 9 7 11 11 10 11
9 0 18446744073709551598
1845 12 1 0 0
3 1 8 6 4 10 9 7 11 11 10 11
9 1 18446744073709551598
1846 12 1 0 0
3 1 8 6 4 10 9 7 11 11 10 11
9 2 18446744073709551598
1847 12 1 0 0
3 1 8 6 4 10 9 7 11 11 10 11
9 3 18446744073709551598
1848 12 1 7 3
3 1 8 6 4 10 9 7 11 11 10 11
9 7 18446744073709551598
1849 12 1 7 3
3 1 8 6 4 10 9 7 11 11 10 11
9 8 18446744073709551598
1850 12 1 7 3
3 1 8 6 4 10 9 7 11 11 10 11
9 9 18446744073709551598
1851 12 1 7 3
3 1 8 6 4 10 9 7 11 11 10 11
9 10 18446744073709551598
1852 12 1 18446744073709551612 18446744073709551611
3 1 8 6 4 10 9 7 11 11 10 11
9 18446744073709551612 18446744073709551598
1853 12 1 18446744073709551612 18446744073709551611
3 1 8 6 4 10 9 7 11 11 10 11
9 18446744073709551613 18446744073709551598
1854 12 1 18446744073709551612 18446744073709551611
3 1 8 6 4 10 9 7 11 11 10 11
9 18446744073709551614 18446744073709551598
1855 12 1 18446744073709551612 18446744073709551611
3 1 8 6 4 10 9 7 11 11 10 11
9 18446744073709551615 18446744073709551598
1856 12 1 11 4
3 1 8 6 4 10 9 7 11 11 10 11
9 3 18446744073709551598
1857 12 1 0 0
3 1 8 6 4 10 9 7 11 11 10 11
10 0 18446744073709551598
1858 12 1 0 0
3 1 8 6 4 10 9 7 11 11 10 11
10 1 18446744073709551598
1859 12 1 0 0
3 1 8 6 4 10 9 7 11 11 10 11
10 2 18446744073709551598
1860 12 1 7 3
3 1 8 6 4 10 9 7 11 11 10 11
10 7 18446744073709551598
1861 12 1 7 3
3 1 8 6 4 10 9 7 11 11 10 11
10 8 18446744073709551598
1862 12 1 7 3
3 1 8 6 4 10 9 7 11 11 10 11
10 9 18446744073709551598
1863 12 1 18446744073709551613 18446744073709551612
3 1 8 6 4 10 9 7 11 11 10 11
10 18446744073709551613 18446744073709551598
1864 12 1 18446744073709551613 18446744073709551612
3 1 8 6 4 10 9 7 11 11 10 11
10 18446744073709551614 18446744073709551598
1865 12 1 18446744073709551613 18446744073709551612
3 1 8 6 4 10 9 7 11 11 10 11
10 18446744073709551615 18446744073709551598
1866 12 1 11 4
3 1 8 6 4 10 9 7 11 11 10 11
10 3 18446744073709551598
1867 12 1 0 0
3 1 8 6 4 10 9 7 11 11 10 11
11 0 18446744073709551598
1868 12 1 0 0
3 1 8 6 4 10 9 7 11 11 10 11
11 1 18446744073709551598
1869 12 1 0 0
3 1 8 6 4 10 9 7 11 11 10 11
11 2 18446744073709551598
1870 12 1 7 3
3 1 8 6 4 10 9 7 11 11 10 11
11 7 18446744073709551598
1871 12 1 7 3
3 1 8 6 4 10 9 7 11 11 10 11
11 8 18446744073709551598
1872 12 1 7 3
3 1 8 6 4 10 9 7 11 11 10 11
11 9 18446744073709551598
1873 12 1 18446744073709551613 18446744073709551612
3 1 8 6 4 10 9 7 11 11 10 11
11 18446744073709551613 18446744073709551598
1874 12 1 18446744073709551613 18446744073709551612
3 1 8 6 4 10 9 7 11 11 10 11
11 18446744073709551614 18446744073709551598
1875 12 1 18446744073709551613 18446744073709551612
3 1 8 6 4 10 9 7 11 11 10 11
11 18446744073709551615 18446744073709551598
1876 12 1 11 4
3 1 8 6 4 10 9 7 11 11 10 11
11 3 18446744073709551598
1877 12 1 0 0
3 1 8 6 4 10 9 7 11 11 10 11
12 0 23
1878 12 1 7 3
3 1 8 6 4 10 9 7 11 11 10 11
12 10 23
1879 12 1 18446744073709551615 18446744073709551615
3 1 8 6 4 10 9 7 11 11 10 11
12 18446744073709551615 23
1880 12 1 0 0
3 1 8 6 4 10 9 7 11 11 10 11
18446744073709551615 0 23
1881 12 1 7 3
3 1 8 6 4 10 9 7 11 11 10 11
18446744073709551615 10 23
1882 12 1 18446744073709551615 18446744073709551615
3 1 8 6 4 10 9 7 11 11 10 11
18446744073709551615 18446744073709551615 23
1883 17 1 0 0
1 2 3 4 5 6 7 8 9 10 11 12 13 14 15 16 16
0 0 18446744073709551598
1884 17 1 0 0
1 2 3 4 5 6 7 8 9 10 11 12 13 14 15 16 16
0 1 18446744073709551598
1885 17 1 0 0
1 2 3 4 5 6 7 8 9 10 11 12 13 14 15 16 16
0 2 18446744073709551598
1886 17 1 0 0
1 2 3 4 5 6 7 8 9 10 11 12 13 14 15 16 16
0 3 18446744073709551598
1887 17 1 0 0
1 2 3 4 5 6 7 8 9 10 11 12 13 14 15 16 16
0 4 18446744073709551598
1888 17 1 0 0
1 2 3 4 5 6 7 8 9 10 11 12 13 14 15 16 16
0 5 18446744073709551598
1889 17 1 0 0
1 2 3 4 5 6 7 8 9 10 11 12 13 14 15 16 16
0 6 18446744073709551598
1890 17 1 0 0
1 2 3 4 5 6 7 8 9 10 11 12 13 14 15 16 16
0 7 18446744073709551598
1891 17 1 0 0
1 2 3 4 5 6 7 8 9 10 11 12 13 14 15 16 16
0 8 18446744073709551598
1892 17 1 0 0
1 2 3 4 5 6 7 8 9 10 11 12 13 14 15 16 16
0 9 18446744073709551598
1893 17 1 0 0
1 2 3 4 5 6 7 8 9 10 11 12 13 14 15 16 16
0 10 18446744073709551598
1894 17 1 0 0
1 2 3 4 5 6 7 8 9 10 11 12 13 14 15 16 16
0 11 18446744073709551598
1895 17 1 0 0
1 2 3 4 5 6 7 8 9 10 11 12 13 14 15 16 16
0 12 18446744073709551598
1896 17 1 0 0
1 2 3 4 5 6 7 8 9 10 11 12 13 14 15 16 16
0 13 18446744073709551598
1897 17 1 0 0
1 2 3 4 5 6 7 8 9 10 11 12 13 14 15 16 16
0 14 18446744073709551598
1898 17 1 0 0
1 2 3 4 5 6 7 8 9 10 11 12 13 14 15 16 16
0 15 18446744073709551598
1899 17 1 0 0
1 2 3 4 5 6 7 8 9 10 11 12 13 14 15 16 16
0 16 18446744073709551598
1900 17 1 0 0
1 2 3 4 5 6 7 8 9 10 11 12 13 14 15 16 16
0 17 18446744073709551598
1901 17 1 0 0
1 2 3 4 5 6 7 8 9 10 11 12 13 14 15 16 16
0 18 18446744073709551598
1902 17 1 0 0
1 2 3 4 5 6 7 8 9 10 11 12 13 14 15 16 16
0 19 18446744073709551598
1903 17 1 0 0
1 2 3 4 5 6 7 8 9 10 11 12 13 14 15 16 16
0 20 18446744073709551598
1904 17 1 0 0
1 2 3 4 5 6 7 8 9 10 11 12 13 14 15 16 16
0 21 18446744073709551598
1905 17 1 0 0
1 2 3 4 5 6 7 8 9 10 11 12 13 14 15 16 16
0 22 18446744073709551598
1906 17 1 0 0
1 2 3 4 5 6 7 8 9 10 11 12 13 14 15 16 16
0 23 18446744073709551598
1907 17 1 0 0
1 2 3 4 5 6 7 8 9 10 11 12 13 14 15 16 16
0 24 18446744073709551598
1908 17 1 0 0
1 2 3 4 5 6 7 8 9 10 11 12 13 14 15 16 16
0 25 18446744073709551598
1909 17 1 0 0
1 2 3 4 5 6 7 8 9 10 11 12 13 14 15 16 16
0 26 18446744073709551598
1910 17 1 0 0
1 2 3 4 5 6 7 8 9 10 11 12 13 14 15 16 16
0 27 18446744073709551598
1911 17 1 0 0
1 2 3 4 5 6 7 8 9 10 11 12 13 14 15 16 16
0 28 18446744073709551598
1912 17 1 0 0
1 2 3 4 5 6 7 8 9 10 11 12 13 14 15 16 16
0 29 18446744073709551598
1913 17 1 0 0
1 2 3 4 5 6 7 8 9 10 11 12 13 14 15 16 16
0 30 18446744073709551598
1914 17 1 0 0
1 2 3 4 5 6 7 8 9 10 11 12 13 14 15 16 16
0 31 18446744073709551598
1915 17 1 0 0
1 2 3 4 5 6 7 8 9 10 11 12 13 14 15 16 16
0 32 18446744073709551598
1916 17 1 0 0
1 2 3 4 5 6 7 8 9 10 11 12 13 14 15 16 16
0 33 18446744073709551598
1917 17 1 0 0
1 2 3 4 5 6 7 8 9 10 11 12 13 14 15 16 16
0 34 18446744073709551598
1918 17 1 0 0
1 2 3 4 5 6 7 8 9 10 11 12 13 14 15 16 16
0 35 18446744073709551598
1919 17 1 0 0
1 2 3 4 5 6 7 8 9 10 11 12 13 14 15 16 16
0 36 18446744073709551598
1920 17 1 0 0
1 2 3 4 5 6 7 8 9 10 11 12 13 14 15 16 16
0 37 18446744073709551598
1921 17 1 0 0
1 2 3 4 5 6 7 8 9 10 11 12 13 14 15 16 16
0 38 18446744073709551598
1922 17 1 0 0
1 2 3 4 5 6 7 8 9 10 11 12 13 14 15 16 16
0 39 18446744073709551598
1923 17 1 0 0
1 2 3 4 5 6 7 8 9 10 11 12 13 14 15 16 16
0 40 18446744073709551598
1924 17 1 0 0
1 2 3 4 5 6 7 8 9 10 11 12 13 14 15 16 16
0 41 18446744073709551598
1925 17 1 0 0
1 2 3 4 5 6 7 8 9 10 11 12 13 14 15 16 16
0 42 18446744073709551598
1926 17 1 0 0
1 2 3 4 5 6 7 8 9 10 11 12 13 14 15 16 16
0 43 18446744073709551598
1927 17 1 0 0
1 2 3 4 5 6 7 8 9 10 11 12 13 14 15 16 16
0 44 18446744073709551598
1928 17 1 0 0
1 2 3 4 5 6 7 8 9 10 11 12 13 14 15 16 16
0 45 18446744073709551598
1929 17 1 0 0
1 2 3 4 5 6 7 8 9 10 11 12 13 14 15 16 16
0 46 18446744073709551598
1930 17 1 0 0
1 2 3 4 5 6 7 8 9 10 11 12 13 14 15 16 16
0 47 18446744073709551598
1931 17 1 0 0
1 2 3 4 5 6 7 8 9 10 11 12 13 14 15 16 16
0 48 18446744073709551598
1932 17 1 7 3
1 2 3 4 5 6 7 8 9 10 11 12 13 14 15 16 16
0 7 18446744073709551598
1933 17 1 7 3
1 2 3 4 5 6 7 8 9 10 11 12 13 14 15 16 16
0 8 18446744073709551598
1934 17 1 7 3
1 2 3 4 5 6 7 8 9 10 11 12 13 14 15 16 16
0 9 18446744073709551598
1935 17 1 7 3
1 2 3 4 5 6 7 8 9 10 11 12 13 14 15 16 16
0 10 18446744073709551598
1936 17 1 7 3
1 2 3 4 5 6 7 8 9 10 11 12 13 14 15 16 16
0 11 18446744073709551598
1937 17 1 7 3
1 2 3 4 5 6 7 8 9 10 11 12 13 14 15 16 16
0 12 18446744073709551598
1938 17 1 7 3
1 2 3 4 5 6 7 8 9 10 11 12 13 14 15 16 16
0 13 18446744073709551598
1939 17 1 7 3
1 2 3 4 5 6 7 8 9 10 11 12 13 14 15 16 16
0 14 18446744073709551598
1940 17 1 7 3
1 2 3 4 5 6 7 8 9 10 11 12 13 14 15 16 16
0 15 18446744073709551598
1941 17 1 7 3
1 2 3 4 5 6 7 8 9 10 11 12 13 14 15 16 16
0 16 18446744073709551598
1942 17 1 7 3
1 2 3 4 5 6 7 8 9 10 11 12 13 14 15 16 16
0 17 18446744073709551598
1943 17 1 7 3
1 2 3 4 5 6 7 8 9 10 11 12 13 14 15 16 16
0 18 18446744073709551598
1944 17 1 7 3
1 2 3 4 5 6 7 8 9 10 11 12 13 14 15 16 16
0 19 18446744073709551598
1945 17 1 7 3
1 2 3 4 5 6 7 8 9 10 11 12 13 14 15 16 16
0 20 18446744073709551598
1946 17 1 7 3
1 2 3 4 5 6 7 8 9 10 11 12 13 14 15 16 16
0 21 18446744073709551598
1947 17 1 7 3
1 2 3 4 5 6 7 8 9 10 11 12 13 14 15 16 16
0 22 18446744073709551598
1948 17 1 7 3
1 2 3 4 5 6 7 8 9 10 11 12 13 14 15 16 16
0 23 18446744073709551598
1949 17 1 7 3
1 2 3 4 5 6 7 8 9 10 11 12 13 14 15 16 16
0 24 18446744073709551598
1950 17 1 7 3
1 2 3 4 5 6 7 8 9 10 11 12 13 14 15 16 16
0 25 18446744073709551598
1951 17 1 7 3
1 2 3 4 5 6 7 8 9 10 11 12 13 14 15 16 16
0 26 18446744073709551598
1952 17 1 7 3
1 2 3 4 5 6 7 8 9 10 11 12 13 14 15 16 16
0 27 18446744073709551598
1953 17 1 7 3
1 2 3 4 5 6 7 8 9 10 11 12 13 14 15 16 16
0 28 18446744073709551598
1954 17 1 7 3
1 2 3 4 5 6 7 8 9 10 11 12 13 14 15 16 16
0 29 18446744073709551598
1955 17 1 7 3
1 2 3 4 5 6 7 8 9 10 11 12 13 14 15 16 16
0 30 18446744073709551598
1956 17 1 7 3
1 2 3 4 5 6 7 8 9 10 11 12 13 14 15 16 16
0 31 18446744073709551598
1957 17 1 7 3
1 2 3 4 5 6 7 8 9 10 11 12 13 14 15 16 16
0 32 18446744073709551598
1958 17 1 7 3
1 2 3 4 5 6 7 8 9 10 11 12 13 14 15 16 16
0 33 18446744073709551598
1959 17 1 7 3
1 2 3 4 5 6 7 8 9 10 11 12 13 14 15 16 16
0 34 18446744073709551598
1960 17 1 7 3
1 2 3 4 5 6 7 8 9 10 11 12 13 14 15 16 16
0 35 18446744073709551598
1961 17 1 7 3
1 2 3 4 5 6 7 8 9 10 11 12 13 14 15 16 16
0 36 18446744073709551598
1962 17 1 7 3
1 2 3 4 5 6 7 8 9 10 11 12 13 14 15 16 16
0 37 18446744073709551598
1963 17 1 7 3
1 2 3 4 5 6 7 8 9 10 11 12 13 14 15 16 16
0 38 18446744073709551598
1964 17 1 7 3
1 2 3 4 5 6 7 8 9 10 11 12 13 14 15 16 16
0 39 18446744073709551598
1965 17 1 7 3
1 2 3 4 5 6 7 8 9 10 11 12 13 14 15 16 16
0 40 18446744073709551598
1966 17 1 7 3
1 2 3 4 5 6 7 8 9 10 11 12 13 14 15 16 16
0 41 18446744073709551598
1967 17 1 7 3
1 2 3 4 5 6 7 8 9 10 11 12 13 14 15 16 16
0 42 18446744073709551598
1968 17 1 7 3
1 2 3 4 5 6 7 8 9 10 11 12 13 14 15 16 16
0 43 18446744073709551598
1969 17 1 7 3
1 2 3 4 5 6 7 8 9 10 11 12 13 14 15 16 16
0 44 18446744073709551598
1970 17 1 7 3
1 2 3 4 5 6 7 8 9 10 11 12 13 14 15 16 16
0 45 18446744073709551598
1971 17 1 7 3
1 2 3 4 5 6 7 8 9 10 11 12 13 14 15 16 16
0 46 18446744073709551598
1972 17 1 7 3
1 2 3 4 5 6 7 8 9 10 11 12 13 14 15 16 16
0 47 18446744073709551598
1973 17 1 7 3
1 2 3 4 5 6 7 8 9 10 11 12 13 14 15 16 16
0 48 18446744073709551598
1974 17 1 7 3
1 2 3 4 5 6 7 8 9 10 11 12 13 14 15 16 16
0 49 18446744073709551598
1975 17 1 7 3
1 2 3 4 5 6 7 8 9 10 11 12 13 14 15 16 16
0 50 18446744073709551598
1976 17 1 7 3
1 2 3 4 5 6 7 8 9 10 11 12 13 14 15 16 16
0 51 18446744073709551598
1977 17 1 7 3
1 2 3 4 5 6 7 8 9 10 11 12 13 14 15 16 16
0 52 18446744073709551598
1978 17 1 7 3
1 2 3 4 5 6 7 8 9 10 11 12 13 14 15 16 16
0 53 18446744073709551598
1979 17 1 7 3
1 2 3 4 5 6 7 8 9 10 11 12 13 14 15 16 16
0 54 18446744073709551598
1980 17 1 7 3
1 2 3 4 5 6 7 8 9 10 11 12 13 14 15 16 16
0 55 18446744073709551598
1981 17 1 18446744073709551567 18446744073709551566
1 2 3 4 5 6 7 8 9 10 11 12 13 14 15 16 16
0 18446744073709551567 18446744073709551598
1982 17 1 18446744073709551567 18446744073709551566
1 2 3 4 5 6 7 8 9 10 11 12 13 14 15 16 16
0 18446744073709551568 18446744073709551598
1983 17 1 18446744073709551567 18446744073709551566
1 2 3 4 5 6 7 8 9 10 11 12 13 14 15 16 16
0 18446744073709551569 18446744073709551598
1984 17 1 18446744073709551567 18446744073709551566
1 2 3 4 5 6 7 8 9 10 11 12 13 14 15 16 16
0 18446744073709551570 18446744073709551598
1985 17 1 18446744073709551567 18446744073709551566
1 2 3 4 5 6 7 8 9 10 11 12 13 14 15 16 16
0 18446744073709551571 18446744073709551598
1986 17 1 18446744073709551567 18446744073709551566
1 2 3 4 5 6 7 8 9 10 11 12 13 14 15 16 16
0 18446744073709551572 18446744073709551598
1987 17 1 18446744073709551567 18446744073709551566
1 2 3 4 5 6 7 8 9 10 11 12 13 14 15 16 16
0 18446744073709551573 18446744073709551598
1988 17 1 18446744073709551567 18446744073709551566
1 2 3 4 5 6 7 8 9 10 11 12 13 14 15 16 16
0 18446744073709551574 18446744073709551598
1989 17 1 18446744073709551567 18446744073709551566
1 2 3 4 5 6 7 8 9 10 11 12 13 14 15 16 16
0 18446744073709551575 18446744073709551598
1990 17 1 18446744073709551567 18446744073709551566
1 2 3 4 5 6 7 8 9 10 11 12 13 14 15 16 16
0 18446744073709551576 18446744073709551598
1991 17 1 18446744073709551567 18446744073709551566
1 2 3 4 5 6 7 8 9 10 11 12 13 14 15 16 16
0 18446744073709551577 18446744073709551598
1992 17 1 18446744073709551567 18446744073709551566
1 2 3 4 5 6 7 8 9 10 11 12 13 14 15 16 16
0 18446744073709551578 18446744073709551598
1993 17 1 18446744073709551567 18446744073709551566
1 2 3 4 5 6 7 8 9 10 11 12 13 14 15 16 16
0 18446744073709551579 18446744073709551598
1994 17 1 18446744073709551567 18446744073709551566
1 2 3 4 5 6 7 8 9 10 11 12 13 14 15 16 16
0 18446744073709551580 18446744073709551598
1995 17 1 18446744073709551567 18446744073709551566
1 2 3 4 5 6 7 8 9 10 11 12 13 14 15 16 16
0 18446744073709551581 18446744073709551598
1996 17 1 18446744073709551567 18446744073709551566
1 2 3 4 5 6 7 8 9 10 11 12 13 14 15 16 16
0 18446744073709551582 18446744073709551598
1997 17 1 18446744073709551567 18446744073709551566
1 2 3 4 5 6 7 8 9 10 11 12 13 14 15 16 16
0 18446744073709551583 18446744073709551598
1998 17 1 18446744073709551567 18446744073709551566
1 2 3 4 5 6 7 8 9 10 11 12 13 14 15 16 16
0 18446744073709551584 18446744073709551598
1999 17 1 18446744073709551567 18446744073709551566
1 2 3 4 5 6 7 8 9 10 11 12 13 14 15 16 16
0 18446744073709551585 18446744073709551598
2000 17 1 18446744073709551567 18446744073709551566
1 2 3 4 5 6 7 8 9 10 11 12 13 14 15 16 16
0 18446744073709551586 18446744073709551598
2001 17 1 18446744073709551567 18446744073709551566
1 2 3 4 5 6 7 8 9 10 11 12 13 14 15 16 16
0 18446744073709551587 18446744073709551598
2002 17 1 18446744073709551567 18446744073709551566
1 2 3 4 5 6 7 8 9 10 11 12 13 14 15 16 16
0 18446744073709551588 18446744073709551598
2003 17 1 18446744073709551567 18446744073709551566
1 2 3 4 5 6 7 8 9 10 11 12 13 14 15 16 16
0 18446744073709551589 18446744073709551598
2004 17 1 18446744073709551567 18446744073709551566
1 2 3 4 5 6 7 8 9 10 11 12 13 14 15 16 16
0 18446744073709551590 18446744073709551598
2005 17 1 18446744073709551567 18446744073709551566
1 2 3 4 5 6 7 8 9 10 11 12 13 14 15 16 16
0 18446744073709551591 18446744073709551598
2006 17 1 18446744073709551567 18446744073709551566
1 2 3 4 5 6 7 8 9 10 11 12 13 14 15 16 16
0 18446744073709551592 18446744073709551598
2007 17 1 18446744073709551567 18446744073709551566
1 2 3 4 5 6 7 8 9 10 11 12 13 14 15 16 16
0 18446744073709551593 18446744073709551598
2008 17 1 18446744073709551567 18446744073709551566
1 2 3 4 5 6 7 8 9 10 11 12 13 14 15 16 16
0 18446744073709551594 18446744073709551598
2009 17 1 18446744073709551567 18446744073709551566
1 2 3 4 5 6 7 8 9 10 11 12 13 14 15 16 16
0 18446744073709551595 18446744073709551598
2010 17 1 18446744073709551567 18446744073709551566
1 2 3 4 5 6 7 8 9 10 11 12 13 14 15 16 16
0 18446744073709551596 18446744073709551598
2011 17 1 18446744073709551567 18446744073709551566
1 2 3 4 5 6 7 8 9 10 11 12 13 14 15 16 16
0 18446744073709551597 18446744073709551598
2012 17 1 18446744073709551567 18446744073709551566
1 2 3 4 5 6 7 8 9 10 11 12 13 14 15 16 16
0 18446744073709551598 18446744073709551598
2013 17 1 18446744073709551567 18446744073709551566
1 2 3 4 5 6 7 8 9 10 11 12 13 14 15 16 16
0 18446744073709551599 18446744073709551598
2014 17 1 18446744073709551567 18446744073709551566
1 2 3 4 5 6 7 8 9 10 11 12 13 14 15 16 16
0 18446744073709551600 18446744073709551598
2015 17 1 18446744073709551567 18446744073709551566
1 2 3 4 5 6 7 8 9 10 11 12 13 14 15 16 16
0 18446744073709551601 18446744073709551598
2016 17 1 18446744073709551567 18446744073709551566
1 2 3 4 5 6 7 8 9 10 11 12 13 14 15 16 16
0 18446744073709551602 18446744073709551598
2017 17 1 18446744073709551567 18446744073709551566
1 2 3 4 5 6 7 8 9 10 11 12 13 14 15 16 16
0 18446744073709551603 18446744073709551598
2018 17 1 18446744073709551567 18446744073709551566
1 2 3 4 5 6 7 8 9 10 11 12 13 14 15 16 16
0 18446744073709551604 18446744073709551598
2019 17 1 18446744073709551567 18446744073709551566
1 2 3 4 5 6 7 8 9 10 11 12 13 14 15 16 16
0 18446744073709551605 18446744073709551598
2020 17 1 18446744073709551567 18446744073709551566
1 2 3 4 5 6 7 8 9 10 11 12 13 14 15 16 16
0 18446744073709551606 18446744073709551598
2021 17 1 18446744073709551567 18446744073709551566
1 2 3 4 5 6 7 8 9 10 11 12 13 14 15 16 16
0 18446744073709551607 18446744073709551598
2022 17 1 18446744073709551567 18446744073709551566
1 2 3 4 5 6 7 8 9 10 11 12 13 14 15 16 16
0 18446744073709551608 18446744073709551598
2023 17 1 18446744073709551567 18446744073709551566
1 2 3 4 5 6 7 8 9 10 11 12 13 14 15 16 16
0 18446744073709551609 18446744073709551598
2024 17 1 18446744073709551567 18446744073709551566
1 2 3 4 5 6 7 8 9 10 11 12 13 14 15 16 16
0 18446744073709551610 18446744073709551598
2025 17 1 18446744073709551567 18446744073709551566
1 2 3 4 5 6 7 8 9 10 11 12 13 14 15 16 16
0 18446744073709551611 18446744073709551598
2026 17 1 18446744073709551567 18446744073709551566
1 2 3 4 5 6 7 8 9 10 11 12 13 14 15 16 16
0 18446744073709551612 18446744073709551598
2027 17 1 18446744073709551567 18446744073709551566
1 2 3 4 5 6 7 8 9 10 11 12 13 14 15 16 16
0 18446744073709551613 18446744073709551598
2028 17 1 18446744073709551567 18446744073709551566
1 2 3 4 5 6 7 8 9 10 11 12 13 14 15 16 16
0 18446744073709551614 18446744073709551598
2029 17 1 18446744073709551567 18446744073709551566
1 2 3 4 5 6 7 8 9 10 11 12 13 14 15 16 16
0 18446744073709551615 18446744073709551598
2030 17 1 11 4
1 2 3 4 5 6 7 8 9 10 11 12 13 14 15 16 16
0 3 18446744073709551598
2031 17 1 0 0
1 2 3 4 5 6 7 8 9 10 11 12 13 14 15 16 16
1 0 18446744073709551598
2032 17 1 0 0
1 2 3 4 5 6 7 8 9 10 11 12 13 14 15 16 16
1 1 18446744073709551598
2033 17 1 0 0
1 2 3 4 5 6 7 8 9 10 11 12 13 14 15 16 16
1 2 18446744073709551598
2034 17 1 0 0
1 2 3 4 5 6 7 8 9 10 11 12 13 14 15 16 16
1 3 18446744073709551598
2035 17 1 0 0
1 2 3 4 5 6 7 8 9 10 11 12 13 14 15 16 16
1 4 18446744073709551598
2036 17 1 0 0
1 2 3 4 5 6 7 8 9 10 11 12 13 14 15 16 16
1 5 18446744073709551598
2037 17 1 0 0
1 2 3 4 5 6 7 8 9 10 11 12 13 14 15 16 16
1 6 18446744073709551598
2038 17 1 0 0
1 2 3 4 5 6 7 8 9 10 11 12 13 14 15 16 16
1 7 18446744073709551598
2039 17 1 0 0
1 2 3 4 5 6 7 8 9 10 11 12 13 14 15 16 16
1 8 18446744073709551598
2040 17 1 0 0
1 2 3 4 5 6 7 8 9 10 11 12 13 14 15 16 16
1 9 18446744073709551598
2041 17 1 0 0
1 2 3 4 5 6 7 8 9 10 11 12 13 14 15 16 16
1 10 18446744073709551598
2042 17 1 0 0
1 2 3 4 5 6 7 8 9 10 11 12 13 14 15 16 16
1 11 18446744073709551598
2043 17 1 0 0
1 2 3 4 5 6 7 8 9 10 11 12 13 14 15 16 16
1 12 18446744073709551598
2044 17 1 0 0
1 2 3 4 5 6 7 8 9 10 11 12 13 14 15 16 16
1 13 18446744073709551598
2045 17 1 0 0
1 2 3 4 5 6 7 8 9 10 11 12 13 14 15 16 16
1 14 18446744073709551598
2046 17 1 0 0
1 2 3 4 5 6 7 8 9 10 11 12 13 14 15 16 16
1 15 18446744073709551598
2047 17 1 0 0
1 2 3 4 5 6 7 8 9 10 11 12 13 14 15 16 16
1 16 18446744073709551598
2048 17 1 0 0
1 2 3 4 5 6 7 8 9 10 11 12 13 14 15 16 16
1 17 18446744073709551598
2049 17 1 0 0
1 2 3 4 5 6 7 8 9 10 11 12 13 14 15 16 16
1 18 18446744073709551598
2050 17 1 0 0
1 2 3 4 5 6 7 8 9 10 11 12 13 14 15 16 16
1 19 18446744073709551598
2051 17 1 0 0
1 2 3 4 5 6 7 8 9 10 11 12 13 14 15 16 16
1 20 18446744073709551598
2052 17 1 0 0
1 2 3 4 5 6 7 8 9 10 11 12 13 14 15 16 16
1 21 18446744073709551598
2053 17 1 0 0
1 2 3 4 5 6 7 8 9 10 11 12 13 14 15 16 16
1 22 18446744073709551598
2054 17 1 0 0
1 2 3 4 5 6 7 8 9 10 11 12 13 14 15 16 16
1 23 18446744073709551598
2055 17 1 0 0
1 2 3 4 5 6 7 8 9 10 11 12 13 14 15 16 16
1 24 18446744073709551598
2056 17 1 0 0
1 2 3 4 5 6 7 8 9 10 11 12 13 14 15 16 16
1 25 18446744073709551598
2057 17 1 0 0
1 2 3 4 5 6 7 8 9 10 11 12 13 14 15 16 16
1 26 18446744073709551598
2058 17 1 0 0
1 2 3 4 5 6 7 8 9 10 11 12 13 14 15 16 16
1 27 18446744073709551598
2059 17 1 0 0
1 2 3 4 5 6 7 8 9 10 11 12 13 14 15 16 16
1 28 18446744073709551598
2060 17 1 0 0
1 2 3 4 5 6 7 8 9 10 11 12 13 14 15 16 16
1 29 18446744073709551598
2061 17 1 0 0
1 2 3 4 5 6 7 8 9 10 11 12 13 14 15 16 16
1 30 18446744073709551598
2062 17 1 0 0
1 2 3 4 5 6 7 8 9 10 11 12 13 14 15 16 16
1 31 18446744073709551598
2063 17 1 0 0
1 2 3 4 5 6 7 8 9 10 11 12 13 14 15 16 16
1 32 18446744073709551598
2064 17 1 0 0
1 2 3 4 5 6 7 8 9 10 11 12 13 14 15 16 16
1 33 18446744073709551598
2065 17 1 0 0
1 2 3 4 5 6 7 8 9 10 11 12 13 14 15 16 16
1 34 18446744073709551598
2066 17 1 0 0
1 2 3 4 5 6 7 8 9 10 11 12 13 14 15 16 16
1 35 18446744073709551598
2067 17 1 0 0
1 2 3 4 5 6 7 8 9 10 11 12 13 14 15 16 16
1 36 18446744073709551598
2068 17 1 0 0
1 2 3 4 5 6 7 8 9 10 11 12 13 14 15 16 16
1 37 18446744073709551598
2069 17 1 0 0
1 2 3 4 5 6 7 8 9 10 11 12 13 14 15 16 16
1 38 18446744073709551598
2070 17 1 0 0
1 2 3 4 5 6 7 8 9 10 11 12 13 14 15 16 16
1 39 18446744073709551598
2071 17 1 0 0
1 2 3 4 5 6 7 8 9 10 11 12 13 14 15 16 16
1 40 18446744073709551598
2072 17 1 0 0
1 2 3 4 5 6 7 8 9 10 11 12 13 14 15 16 16
1 41 18446744073709551598
2073 17 1 0 0
1 2 3 4 5 6 7 8 9 10 11 12 13 14 15 16 16
1 42 18446744073709551598
2074 17 1 0 0
1 2 3 4 5 6 7 8 9 10 11 12 13 14 15 16 16
1 43 18446744073709551598
2075 17 1 0 0
1 2 3 4 5 6 7 8 9 10 11 12 13 14 15 16 16
1 44 18446744073709551598
2076 17 1 0 0
1 2 3 4 5 6 7 8 9 10 11 12 13 14 15 16 16
1 45 18446744073709551598
2077 17 1 7 3
1 2 3 4 5 6 7 8 9 10 11 12 13 14 15 16 16
1 7 18446744073709551598
2078 17 1 7 3
1 2 3 4 5 6 7 8 9 10 11 12 13 14 15 16 16
1 8 18446744073709551598
2079 17 1 7 3
1 2 3 4 5 6 7 8 9 10 11 12 13 14 15 16 16
1 9 18446744073709551598
2080 17 1 7 3
1 2 3 4 5 6 7 8 9 10 11 12 13 14 15 16 16
1 10 18446744073709551598
2081 17 1 7 3
1 2 3 4 5 6 7 8 9 10 11 12 13 14 15 16 16
1 11 18446744073709551598
2082 17 1 7 3
1 2 3 4 5 6 7 8 9 10 11 12 13 14 15 16 16
1 12 18446744073709551598
2083 17 1 7 3
1 2 3 4 5 6 7 8 9 10 11 12 13 14 15 16 16
1 13 18446744073709551598
2084 17 1 7 3
1 2 3 4 5 6 7 8 9 10 11 12 13 14 15 16 16
1 14 18446744073709551598
2085 17 1 7 3
1 2 3 4 5 6 7 8 9 10 11 12 13 14 15 16 16
1 15 18446744073709551598
2086 17 1 7 3
1 2 3 4 5 6 7 8 9 10 11 12 13 14 15 16 16
1 16 18446744073709551598
2087 17 1 7 3
1 2 3 4 5 6 7 8 9 10 11 12 13 14 15 16 16
1 17 18446744073709551598
2088 17 1 7 3
1 2 3 4 5 6 7 8 9 10 11 12 13 14 15 16 16
1 18 18446744073709551598
2089 17 1 7 3
1 2 3 4 5 6 7 8 9 10 11 12 13 14 15 16 16
1 19 18446744073709551598
2090 17 1 7 3
1 2 3 4 5 6 7 8 9 10 11 12 13 14 15 16 16
1 20 18446744073709551598
2091 17 1 7 3
1 2 3 4 5 6 7 8 9 10 11 12 13 14 15 16 16
1 21 18446744073709551598
2092 17 1 7 3
1 2 3 4 5 6 7 8 9 10 11 12 13 14 15 16 16
1 22 18446744073709551598
2093 17 1 7 3
1 2 3 4 5 6 7 8 9 10 11 12 13 14 15 16 16
1 23 18446744073709551598
2094 17 1 7 3
1 2 3 4 5 6 7 8 9 10 11 12 13 14 15 16 16
1 24 18446744073709551598
2095 17 1 7 3
1 2 3 4 5 6 7 8 9 10 11 12 13 14 15 16 16
1 25 18446744073709551598
2096 17 1 7 3
1 2 3 4 5 6 7 8 9 10 11 12 13 14 15 16 16
1 26 18446744073709551598
2097 17 1 7 3
1 2 3 4 5 6 7 8 9 10 11 12 13 14 15 16 16
1 27 18446744073709551598
2098 17 1 7 3
1 2 3 4 5 6 7 8 9 10 11 12 13 14 15 16 16
1 28 18446744073709551598
2099 17 1 7 3
1 2 3 4 5 6 7 8 9 10 11 12 13 14 15 16 16
1 29 18446744073709551598
2100 17 1 7 3
1 2 3 4 5 6 7 8 9 10 11 12 13 14 15 16 16
1 30 18446744073709551598
2101 17 1 7 3
1 2 3 4 5 6 7 8 9 10 11 12 13 14 15 16 16
1 31 18446744073709551598
2102 17 1 7 3
1 2 3 4 5 6 7 8 9 10 11 12 13 14 15 16 16
1 32 18446744073709551598
2103 17 1 7 3
1 2 3 4 5 6 7 8 9 10 11 12 13 14 15 16 16
1 33 18446744073709551598
2104 17 1 7 3
1 2 3 4 5 6 7 8 9 10 11 12 13 14 15 16 16
1 34 18446744073709551598
2105 17 1 7 3
1 2 3 4 5 6 7 8 9 10 11 12 13 14 15 16 16
1 35 18446744073709551598
2106 17 1 7 3
1 2 3 4 5 6 7 8 9 10 11 12 13 14 15 16 16
1 36 18446744073709551598
2107 17 1 7 3
1 2 3 4 5 6 7 8 9 10 11 12 13 14 15 16 16
1 37 18446744073709551598
2108 17 1 7 3
1 2 3 4 5 6 7 8 9 10 11 12 13 14 15 16 16
1 38 18446744073709551598
2109 17 1 7 3
1 2 3 4 5 6 7 8 9 10 11 12 13 14 15 16 16
1 39 18446744073709551598
2110 17 1 7 3
1 2 3 4 5 6 7 8 9 10 11 12 13 14 15 16 16
1 40 18446744073709551598
2111 17 1 7 3
1 2 3 4 5 6 7 8 9 10 11 12 13 14 15 16 16
1 41 18446744073709551598
2112 17 1 7 3
1 2 3 4 5 6 7 8 9 10 11 12 13 14 15 16 16
1 42 18446744073709551598
2113 17 1 7 3
1 2 3 4 5 6 7 8 9 10 11 12 13 14 15 16 16
1 43 18446744073709551598
2114 17 1 7 3
1 2 3 4 5 6 7 8 9 10 11 12 13 14 15 16 16
1 44 18446744073709551598
2115 17 1 7 3
1 2 3 4 5 6 7 8 9 10 11 12 13 14 15 16 16
1 45 18446744073709551598
2116 17 1 7 3
1 2 3 4 5 6 7 8 9 10 11 12 13 14 15 16 16
1 46 18446744073709551598
2117 17 1 7 3
1 2 3 4 5 6 7 8 9 10 11 12 13 14 15 16 16
1 47 18446744073709551598
2118 17 1 7 3
1 2 3 4 5 6 7 8 9 10 11 12 13 14 15 16 16
1 48 18446744073709551598
2119 17 1 7 3
1 2 3 4 5 6 7 8 9 10 11 12 13 14 15 16 16
1 49 18446744073709551598
2120 17 1 7 3
1 2 3 4 5 6 7 8 9 10 11 12 13 14 15 16 16
1 50 18446744073709551598
2121 17 1 7 3
1 2 3 4 5 6 7 8 9 10 11 12 13 14 15 16 16
1 51 18446744073709551598
2122 17 1 7 3
1 2 3 4 5 6 7 8 9 10 11 12 13 14 15 16 16
1 52 18446744073709551598
2123 17 1 18446744073709551570 18446744073709551569
1 2 3 4 5 6 7 8 9 10 11 12 13 14 15 16 16
1 18446744073709551570 18446744073709551598
2124 17 1 18446744073709551570 18446744073709551569
1 2 3 4 5 6 7 8 9 10 11 12 13 14 15 16 16
1 18446744073709551571 18446744073709551598
2125 17 1 18446744073709551570 18446744073709551569
1 2 3 4 5 6 7 8 9 10 11 12 13 14 15 16 16
1 18446744073709551572 18446744073709551598
2126 17 1 18446744073709551570 18446744073709551569
1 2 3 4 5 6 7 8 9 10 11 12 13 14 15 16 16
1 18446744073709551573 18446744073709551598
2127 17 1 18446744073709551570 18446744073709551569
1 2 3 4 5 6 7 8 9 10 11 12 13 14 15 16 16
1 18446744073709551574 18446744073709551598
2128 17 1 18446744073709551570 18446744073709551569
1 2 3 4 5 6 7 8 9 10 11 12 13 14 15 16 16
1 18446744073709551575 18446744073709551598
2129 17 1 18446744073709551570 18446744073709551569
1 2 3 4 5 6 7 8 9 10 11 12 13 14 15 16 16
1 18446744073709551576 18446744073709551598
2130 17 1 18446744073709551570 18446744073709551569
1 2 3 4 5 6 7 8 9 10 11 12 13 14 15 16 16
1 18446744073709551577 18446744073709551598
2131 17 1 18446744073709551570 18446744073709551569
1 2 3 4 5 6 7 8 9 10 11 12 13 14 15 16 16
1 18446744073709551578 18446744073709551598
2132 17 1 18446744073709551570 18446744073709551569
1 2 3 4 5 6 7 8 9 10 11 12 13 14 15 16 16
1 18446744073709551579 18446744073709551598
2133 17 1 18446744073709551570 18446744073709551569
1 2 3 4 5 6 7 8 9 10 11 12 13 14 15 16 16
1 18446744073709551580 18446744073709551598
2134 17 1 18446744073709551570 18446744073709551569
1 2 3 4 5 6 7 8 9 10 11 12 13 14 15 16 16
1 18446744073709551581 18446744073709551598
2135 17 1 18446744073709551570 18446744073709551569
1 2 3 4 5 6 7 8 9 10 11 12 13 14 15 16 16
1 18446744073709551582 18446744073709551598
2136 17 1 18446744073709551570 18446744073709551569
1 2 3 4 5 6 7 8 9 10 11 12 13 14 15 16 16
1 18446744073709551583 18446744073709551598
2137 17 1 18446744073709551570 18446744073709551569
1 2 3 4 5 6 7 8 9 10 11 12 13 14 15 16 16
1 18446744073709551584 18446744073709551598
2138 17 1 18446744073709551570 18446744073709551569
1 2 3 4 5 6 7 8 9 10 11 12 13 14 15 16 16
1 18446744073709551585 18446744073709551598
2139 17 1 18446744073709551570 18446744073709551569
1 2 3 4 5 6 7 8 9 10 11 12 13 14 15 16 16
1 18446744073709551586 18446744073709551598
2140 17 1 18446744073709551570 18446744073709551569
1 2 3 4 5 6 7 8 9 10 11 12 13 14 15 16 16
1 18446744073709551587 18446744073709551598
2141 17 1 18446744073709551570 18446744073709551569
1 2 3 4 5 6 7 8 9 10 11 12 13 14 15 16 16
1 18446744073709551588 18446744073709551598
2142 17 1 18446744073709551570 18446744073709551569
1 2 3 4 5 6 7 8 9 10 11 12 13 14 15 16 16
1 18446744073709551589 18446744073709551598
2143 17 1 18446744073709551570 18446744073709551569
1 2 3 4 5 6 7 8 9 10 11 12 13 14 15 16 16
1 18446744073709551590 18446744073709551598
2144 17 1 18446744073709551570 18446744073709551569
1 2 3 4 5 6 7 8 9 10 11 12 13 14 15 16 16
1 18446744073709551591 18446744073709551598
2145 17 1 18446744073709551570 18446744073709551569
1 2 3 4 5 6 7 8 9 10 11 12 13 14 15 16 16
1 18446744073709551592 18446744073709551598
2146 17 1 18446744073709551570 18446744073709551569
1 2 3 4 5 6 7 8 9 10 11 12 13 14 15 16 16
1 18446744073709551593 18446744073709551598
2147 17 1 18446744073709551570 18446744073709551569
1 2 3 4 5 6 7 8 9 10 11 12 13 14 15 16 16
1 18446744073709551594 18446744073709551598
2148 17 1 18446744073709551570 18446744073709551569
1 2 3 4 5 6 7 8 9 10 11 12 13 14 15 16 16
1 18446744073709551595 18446744073709551598
2149 17 1 18446744073709551570 18446744073709551569
1 2 3 4 5 6 7 8 9 10 11 12 13 14 15 16 16
1 18446744073709551596 18446744073709551598
2150 17 1 18446744073709551570 18446744073709551569
1 2 3 4 5 6 7 8 9 10 11 12 13 14 15 16 16
1 18446744073709551597 18446744073709551598
2151 17 1 18446744073709551570 18446744073709551569
1 2 3 4 5 6 7 8 9 10 11 12 13 14 15 16 16
1 18446744073709551598 18446744073709551598
2152 17 1 18446744073709551570 18446744073709551569
1 2 3 4 5 6 7 8 9 10 11 12 13 14 15 16 16
1 18446744073709551599 18446744073709551598
2153 17 1 18446744073709551570 18446744073709551569
1 2 3 4 5 6 7 8 9 10 11 12 13 14 15 16 16
1 18446744073709551600 18446744073709551598
2154 17 1 18446744073709551570 18446744073709551569
1 2 3 4 5 6 7 8 9 10 11 12 13 14 15 16 16
1 18446744073709551601 18446744073709551598
2155 17 1 18446744073709551570 18446744073709551569
1 2 3 4 5 6 7 8 9 10 11 12 13 14 15 16 16
1 18446744073709551602 18446744073709551598
2156 17 1 18446744073709551570 18446744073709551569
1 2 3 4 5 6 7 8 9 10 11 12 13 14 15 16 16
1 18446744073709551603 18446744073709551598
2157 17 1 18446744073709551570 18446744073709551569
1 2 3 4 5 6 7 8 9 10 11 12 13 14 15 16 16
1 18446744073709551604 18446744073709551598
2158 17 1 18446744073709551570 18446744073709551569
1 2 3 4 5 6 7 8 9 10 11 12 13 14 15 16 16
1 18446744073709551605 18446744073709551598
2159 17 1 18446744073709551570 18446744073709551569
1 2 3 4 5 6 7 8 9 10 11 12 13 14 15 16 16
1 18446744073709551606 18446744073709551598
2160 17 1 18446744073709551570 18446744073709551569
1 2 3 4 5 6 7 8 9 10 11 12 13 14 15 16 16
1 18446744073709551607 18446744073709551598
2161 17 1 18446744073709551570 18446744073709551569
1 2 3 4 5 6 7 8 9 10 11 12 13 14 15 16 16
1 18446744073709551608 18446744073709551598
2162 17 1 18446744073709551570 18446744073709551569
1 2 3 4 5 6 7 8 9 10 11 12 13 14 15 16 16
1 18446744073709551609 18446744073709551598
2163 17 1 18446744073709551570 18446744073709551569
1 2 3 4 5 6 7 8 9 10 11 12 13 14 15 16 16
1 18446744073709551610 18446744073709551598
2164 17 1 18446744073709551570 18446744073709551569
1 2 3 4 5 6 7 8 9 10 11 12 13 14 15 16 16
1 18446744073709551611 18446744073709551598
2165 17 1 18446744073709551570 18446744073709551569
1 2 3 4 5 6 7 8 9 10 11 12 13 14 15 16 16
1 18446744073709551612 18446744073709551598
2166 17 1 18446744073709551570 18446744073709551569
1 2 3 4 5 6 7 8 9 10 11 12 13 14 15 16 16
1 18446744073709551613 18446744073709551598
2167 17 1 18446744073709551570 18446744073709551569
1 2 3 4 5 6 7 8 9 10 11 12 13 14 15 16 16
1 18446744073709551614 18446744073709551598
2168 17 1 18446744073709551570 18446744073709551569
1 2 3 4 5 6 7 8 9 10 11 12 13 14 15 16 16
1 18446744073709551615 18446744073709551598
2169 17 1 11 4
1 2 3 4 5 6 7 8 9 10 11 12 13 14 15 16 16
1 3 18446744073709551598
2170 17 1 0 0
1 2 3 4 5 6 7 8 9 10 11 12 13 14 15 16 16
2 0 18446744073709551598
2171 17 1 0 0
1 2 3 4 5 6 7 8 9 10 11 12 13 14 15 16 16
2 1 18446744073709551598
2172 17 1 0 0
1 2 3 4 5 6 7 8 9 10 11 12 13 14 15 16 16
2 2 18446744073709551598
2173 17 1 0 0
1 2 3 4 5 6 7 8 9 10 11 12 13 14 15 16 16
2 3 18446744073709551598
2174 17 1 0 0
1 2 3 4 5 6 7 8 9 10 11 12 13 14 15 16 16
2 4 18446744073709551598
2175 17 1 0 0
1 2 3 4 5 6 7 8 9 10 11 12 13 14 15 16 16
2 5 18446744073709551598
2176 17 1 0 0
1 2 3 4 5 6 7 8 9 10 11 12 13 14 15 16 16
2 6 18446744073709551598
2177 17 1 0 0
1 2 3 4 5 6 7 8 9 10 11 12 13 14 15 16 16
2 7 18446744073709551598
2178 17 1 0 0
1 2 3 4 5 6 7 8 9 10 11 12 13 14 15 16 16
2 8 18446744073709551598
2179 17 1 0 0
1 2 3 4 5 6 7 8 9 10 11 12 13 14 15 16 16
2 9 18446744073709551598
2180 17 1 0 0
1 2 3 4 5 6 7 8 9 10 11 12 13 14 15 16 16
2 10 18446744073709551598
2181 17 1 0 0
1 2 3 4 5 6 7 8 9 10 11 12 13 14 15 16 16
2 11 18446744073709551598
2182 17 1 0 0
1 2 3 4 5 6 7 8 9 10 11 12 13 14 15 16 16
2 12 18446744073709551598
2183 17 1 0 0
1 2 3 4 5 6 7 8 9 10 11 12 13 14 15 16 16
2 13 18446744073709551598
2184 17 1 0 0
1 2 3 4 5 6 7 8 9 10 11 12 13 14 15 16 16
2 14 18446744073709551598
2185 17 1 0 0
1 2 3 4 5 6 7 8 9 10 11 12 13 14 15 16 16
2 15 18446744073709551598
2186 17 1 0 0
1 2 3 4 5 6 7 8 9 10 11 12 13 14 15 16 16
2 16 18446744073709551598
2187 17 1 0 0
1 2 3 4 5 6 7 8 9 10 11 12 13 14 15 16 16
2 17 18446744073709551598
2188 17 1 0 0
1 2 3 4 5 6 7 8 9 10 11 12 13 14 15 16 16
2 18 18446744073709551598
2189 17 1 0 0
1 2 3 4 5 6 7 8 9 10 11 12 13 14 15 16 16
2 19 18446744073709551598
2190 17 1 0 0
1 2 3 4 5 6 7 8 9 10 11 12 13 14 15 16 16
2 20 18446744073709551598
2191 17 1 0 0
1 2 3 4 5 6 7 8 9 10 11 12 13 14 15 16 16
2 21 18446744073709551598
2192 17 1 0 0
1 2 3 4 5 6 7 8 9 10 11 12 13 14 15 16 16
2 22 18446744073709551598
2193 17 1 0 0
1 2 3 4 5 6 7 8 9 10 11 12 13 14 15 16 16
2 23 18446744073709551598
2194 17 1 0 0
1 2 3 4 5 6 7 8 9 10 11 12 13 14 15 16 16
2 24 18446744073709551598
2195 17 1 0 0
1 2 3 4 5 6 7 8 9 10 11 12 13 14 15 16 16
2 25 18446744073709551598
2196 17 1 0 0
1 2 3 4 5 6 7 8 9 10 11 12 13 14 15 16 16
2 26 18446744073709551598
2197 17 1 0 0
1 2 3 4 5 6 7 8 9 10 11 12 13 14 15 16 16
2 27 18446744073709551598
2198 17 1 0 0
1 2 3 4 5 6 7 8 9 10 11 12 13 14 15 16 16
2 28 18446744073709551598
2199 17 1 0 0
1 2 3 4 5 6 7 8 9 10 11 12 13 14 15 16 16
2 29 18446744073709551598
2200 17 1 0 0
1 2 3 4 5 6 7 8 9 10 11 12 13 14 15 16 16
2 30 18446744073709551598
2201 17 1 0 0
1 2 3 4 5 6 7 8 9 10 11 12 13 14 15 16 16
2 31 18446744073709551598
2202 17 1 0 0
1 2 3 4 5 6 7 8 9 10 11 12 13 14 15 16 16
2 32 18446744073709551598
2203 17 1 0 0
1 2 3 4 5 6 7 8 9 10 11 12 13 14 15 16 16
2 33 18446744073709551598
2204 17 1 0 0
1 2 3 4 5 6 7 8 9 10 11 12 13 14 15 16 16
2 34 18446744073709551598
2205 17 1 0 0
1 2 3 4 5 6 7 8 9 10 11 12 13 14 15 16 16
2 35 18446744073709551598
2206 17 1 0 0
1 2 3 4 5 6 7 8 9 10 11 12 13 14 15 16 16
2 36 18446744073709551598
2207 17 1 0 0
1 2 3 4 5 6 7 8 9 10 11 12 13 14 15 16 16
2 37 18446744073709551598
2208 17 1 0 0
1 2 3 4 5 6 7 8 9 10 11 12 13 14 15 16 16
2 38 18446744073709551598
2209 17 1 0 0
1 2 3 4 5 6 7 8 9 10 11 12 13 14 15 16 16
2 39 18446744073709551598
2210 17 1 0 0
1 2 3 4 5 6 7 8 9 10 11 12 13 14 15 16 16
2 40 18446744073709551598
2211 17 1 0 0
1 2 3 4 5 6 7 8 9 10 11 12 13 14 15 16 16
2 41 18446744073709551598
2212 17 1 0 0
1 2 3 4 5 6 7 8 9 10 11 12 13 14 15 16 16
2 42 18446744073709551598
2213 17 1 7 3
1 2 3 4 5 6 7 8 9 10 11 12 13 14 15 16 16
2 7 18446744073709551598
2214 17 1 7 3
1 2 3 4 5 6 7 8 9 10 11 12 13 14 15 16 16
2 8 18446744073709551598
2215 17 1 7 3
1 2 3 4 5 6 7 8 9 10 11 12 13 14 15 16 16
2 9 18446744073709551598
2216 17 1 7 3
1 2 3 4 5 6 7 8 9 10 11 12 13 14 15 16 16
2 10 18446744073709551598
2217 17 1 7 3
1 2 3 4 5 6 7 8 9 10 11 12 13 14 15 16 16
2 11 18446744073709551598
2218 17 1 7 3
1 2 3 4 5 6 7 8 9 10 11 12 13 14 15 16 16
2 12 18446744073709551598
2219 17 1 7 3
1 2 3 4 5 6 7 8 9 10 11 12 13 14 15 16 16
2 13 18446744073709551598
2220 17 1 7 3
1 2 3 4 5 6 7 8 9 10 11 12 13 14 15 16 16
2 14 18446744073709551598
2221 17 1 7 3
1 2 3 4 5 6 7 8 9 10 11 12 13 14 15 16 16
2 15 18446744073709551598
2222 17 1 7 3
1 2 3 4 5 6 7 8 9 10 11 12 13 14 15 16 16
2 16 18446744073709551598
2223 17 1 7 3
1 2 3 4 5 6 7 8 9 10 11 12 13 14 15 16 16
2 17 18446744073709551598
2224 17 1 7 3
1 2 3 4 5 6 7 8 9 10 11 12 13 14 15 16 16
2 18 18446744073709551598
2225 17 1 7 3
1 2 3 4 5 6 7 8 9 10 11 12 13 14 15 16 16
2 19 18446744073709551598
2226 17 1 7 3
1 2 3 4 5 6 7 8 9 10 11 12 13 14 15 16 16
2 20 18446744073709551598
2227 17 1 7 3
1 2 3 4 5 6 7 8 9 10 11 12 13 14 15 16 16
2 21 18446744073709551598
2228 17 1 7 3
1 2 3 4 5 6 7 8 9 10 11 12 13 14 15 16 16
2 22 18446744073709551598
2229 17 1 7 3
1 2 3 4 5 6 7 8 9 10 11 12 13 14 15 16 16
2 23 18446744073709551598
2230 17 1 7 3
1 2 3 4 5 6 7 8 9 10 11 12 13 14 15 16 16
2 24 18446744073709551598
2231 17 1 7 3
1 2 3 4 5 6 7 8 9 10 11 12 13 14 15 16 16
2 25 18446744073709551598
2232 17 1 7 3
1 2 3 4 5 6 7 8 9 10 11 12 13 14 15 16 16
2 26 18446744073709551598
2233 17 1 7 3
1 2 3 4 5 6 7 8 9 10 11 12 13 14 15 16 16
2 27 18446744073709551598
2234 17 1 7 3
1 2 3 4 5 6 7 8 9 10 11 12 13 14 15 16 16
2 28 18446744073709551598
2235 17 1 7 3
1 2 3 4 5 6 7 8 9 10 11 12 13 14 15 16 16
2 29 18446744073709551598
2236 17 1 7 3
1 2 3 4 5 6 7 8 9 10 11 12 13 14 15 16 16
2 30 18446744073709551598
2237 17 1 7 3
1 2 3 4 5 6 7 8 9 10 11 12 13 14 15 16 16
2 31 18446744073709551598
2238 17 1 7 3
1 2 3 4 5 6 7 8 9 10 11 12 13 14 15 16 16
2 32 18446744073709551598
2239 17 1 7 3
1 2 3 4 5 6 7 8 9 10 11 12 13 14 15 16 16
2 33 18446744073709551598
2240 17 1 7 3
1 2 3 4 5 6 7 8 9 10 11 12 13 14 15 16 16
2 34 18446744073709551598
2241 17 1 7 3
1 2 3 4 5 6 7 8 9 10 11 12 13 14 15 16 16
2 35 18446744073709551598
2242 17 1 7 3
1 2 3 4 5 6 7 8 9 10 11 12 13 14 15 16 16
2 36 18446744073709551598
2243 17 1 7 3
1 2 3 4 5 6 7 8 9 10 11 12 13 14 15 16 16
2 37 18446744073709551598
2244 17 1 7 3
1 2 3 4 5 6 7 8 9 10 11 12 13 14 15 16 16
2 38 18446744073709551598
2245 17 1 7 3
1 2 3 4 5 6 7 8 9 10 11 12 13 14 15 16 16
2 39 18446744073709551598
2246 17 1 7 3
1 2 3 4 5 6 7 8 9 10 11 12 13 14 15 16 16
2 40 18446744073709551598
2247 17 1 7 3
1 2 3 4 5 6 7 8 9 10 11 12 13 14 15 16 16
2 41 18446744073709551598
2248 17 1 7 3
1 2 3 4 5 6 7 8 9 10 11 12 13 14 15 16 16
2 42 18446744073709551598
2249 17 1 7 3
1 2 3 4 5 6 7 8 9 10 11 12 13 14 15 16 16
2 43 18446744073709551598
2250 17 1 7 3
1 2 3 4 5 6 7 8 9 10 11 12 13 14 15 16 16
2 44 18446744073709551598
2251 17 1 7 3
1 2 3 4 5 6 7 8 9 10 11 12 13 14 15 16 16
2 45 18446744073709551598
2252 17 1 7 3
1 2 3 4 5 6 7 8 9 10 11 12 13 14 15 16 16
2 46 18446744073709551598
2253 17 1 7 3
1 2 3 4 5 6 7 8 9 10 11 12 13 14 15 16 16
2 47 18446744073709551598
2254 17 1 7 3
1 2 3 4 5 6 7 8 9 10 11 12 13 14 15 16 16
2 48 18446744073709551598
2255 17 1 7 3
1 2 3 4 5 6 7 8 9 10 11 12 13 14 15 16 16
2 49 18446744073709551598
2256 17 1 18446744073709551573 18446744073709551572
1 2 3 4 5 6 7 8 9 10 11 12 13 14 15 16 16
2 18446744073709551573 18446744073709551598
2257 17 1 18446744073709551573 18446744073709551572
1 2 3 4 5 6 7 8 9 10 11 12 13 14 15 16 16
2 18446744073709551574 18446744073709551598
2258 17 1 18446744073709551573 18446744073709551572
1 2 3 4 5 6 7 8 9 10 11 12 13 14 15 16 16
2 18446744073709551575 18446744073709551598
2259 17 1 18446744073709551573 18446744073709551572
1 2 3 4 5 6 7 8 9 10 11 12 13 14 15 16 16
2 18446744073709551576 18446744073709551598
2260 17 1 18446744073709551573 18446744073709551572
1 2 3 4 5 6 7 8 9 10 11 12 13 14 15 16 16
2 18446744073709551577 18446744073709551598
2261 17 1 18446744073709551573 18446744073709551572
1 2 3 4 5 6 7 8 9 10 11 12 13 14 15 16 16
2 18446744073709551578 18446744073709551598
2262 17 1 18446744073709551573 18446744073709551572
1 2 3 4 5 6 7 8 9 10 11 12 13 14 15 16 16
2 18446744073709551579 18446744073709551598
2263 17 1 18446744073709551573 18446744073709551572
1 2 3 4 5 6 7 8 9 10 11 12 13 14 15 16 16
2 18446744073709551580 18446744073709551598
2264 17 1 18446744073709551573 18446744073709551572
1 2 3 4 5 6 7 8 9 10 11 12 13 14 15 16 16
2 18446744073709551581 18446744073709551598
2265 17 1 18446744073709551573 18446744073709551572
1 2 3 4 5 6 7 8 9 10 11 12 13 14 15 16 16
2 18446744073709551582 18446744073709551598
2266 17 1 18446744073709551573 18446744073709551572
1 2 3 4 5 6 7 8 9 10 11 12 13 14 15 16 16
2 18446744073709551583 18446744073709551598
2267 17 1 18446744073709551573 18446744073709551572
1 2 3 4 5 6 7 8 9 10 11 12 13 14 15 16 16
2 18446744073709551584 18446744073709551598
2268 17 1 18446744073709551573 18446744073709551572
1 2 3 4 5 6 7 8 9 10 11 12 13 14 15 16 16
2 18446744073709551585 18446744073709551598
2269 17 1 18446744073709551573 18446744073709551572
1 2 3 4 5 6 7 8 9 10 11 12 13 14 15 16 16
2 18446744073709551586 18446744073709551598
2270 17 1 18446744073709551573 18446744073709551572
1 2 3 4 5 6 7 8 9 10 11 12 13 14 15 16 16
2 18446744073709551587 18446744073709551598
2271 17 1 18446744073709551573 18446744073709551572
1 2 3 4 5 6 7 8 9 10 11 12 13 14 15 16 16
2 18446744073709551588 18446744073709551598
2272 17 1 18446744073709551573 18446744073709551572
1 2 3 4 5 6 7 8 9 10 11 12 13 14 15 16 16
2 18446744073709551589 18446744073709551598
2273 17 1 18446744073709551573 18446744073709551572
1 2 3 4 5 6 7 8 9 10 11 12 13 14 15 16 16
2 18446744073709551590 18446744073709551598
2274 17 1 18446744073709551573 18446744073709551572
1 2 3 4 5 6 7 8 9 10 11 12 13 14 15 16 16
2 18446744073709551591 18446744073709551598
2275 17 1 18446744073709551573 18446744073709551572
1 2 3 4 5 6 7 8 9 10 11 12 13 14 15 16 16
2 18446744073709551592 18446744073709551598
2276 17 1 18446744073709551573 18446744073709551572
1 2 3 4 5 6 7 8 9 10 11 12 13 14 15 16 16
2 18446744073709551593 18446744073709551598
2277 17 1 18446744073709551573 18446744073709551572
1 2 3 4 5 6 7 8 9 10 11 12 13 14 15 16 16
2 18446744073709551594 18446744073709551598
2278 17 1 18446744073709551573 18446744073709551572
1 2 3 4 5 6 7 8 9 10 11 12 13 14 15 16 16
2 18446744073709551595 18446744073709551598
2279 17 1 18446744073709551573 18446744073709551572
1 2 3 4 5 6 7 8 9 10 11 12 13 14 15 16 16
2 18446744073709551596 18446744073709551598
2280 17 1 18446744073709551573 18446744073709551572
1 2 3 4 5 6 7 8 9 10 11 12 13 14 15 16 16
2 18446744073709551597 18446744073709551598
2281 17 1 18446744073709551573 18446744073709551572
1 2 3 4 5 6 7 8 9 10 11 12 13 14 15 16 16
2 18446744073709551598 18446744073709551598
2282 17 1 18446744073709551573 18446744073709551572
1 2 3 4 5 6 7 8 9 10 11 12 13 14 15 16 16
2 18446744073709551599 18446744073709551598
2283 17 1 18446744073709551573 18446744073709551572
1 2 3 4 5 6 7 8 9 10 11 12 13 14 15 16 16
2 18446744073709551600 18446744073709551598
2284 17 1 18446744073709551573 18446744073709551572
1 2 3 4 5 6 7 8 9 10 11 12 13 14 15 16 16
2 18446744073709551601 18446744073709551598
2285 17 1 18446744073709551573 18446744073709551572
1 2 3 4 5 6 7 8 9 10 11 12 13 14 15 16 16
2 18446744073709551602 18446744073709551598
2286 17 1 18446744073709551573 18446744073709551572
1 2 3 4 5 6 7 8 9 10 11 12 13 14 15 16 16
2 18446744073709551603 18446744073709551598
2287 17 1 18446744073709551573 18446744073709551572
1 2 3 4 5 6 7 8 9 10 11 12 13 14 15 16 16
2 18446744073709551604 18446744073709551598
2288 17 1 18446744073709551573 18446744073709551572
1 2 3 4 5 6 7 8 9 10 11 12 13 14 15 16 16
2 18446744073709551605 18446744073709551598
2289 17 1 18446744073709551573 18446744073709551572
1 2 3 4 5 6 7 8 9 10 11 12 13 14 15 16 16
2 18446744073709551606 18446744073709551598
2290 17 1 18446744073709551573 18446744073709551572
1 2 3 4 5 6 7 8 9 10 11 12 13 14 15 16 16
2 18446744073709551607 18446744073709551598
2291 17 1 18446744073709551573 18446744073709551572
1 2 3 4 5 6 7 8 9 10 11 12 13 14 15 16 16
2 18446744073709551608 18446744073709551598
2292 17 1 18446744073709551573 18446744073709551572
1 2 3 4 5 6 7 8 9 10 11 12 13 14 15 16 16
2 18446744073709551609 18446744073709551598
2293 17 1 18446744073709551573 18446744073709551572
1 2 3 4 5 6 7 8 9 10 11 12 13 14 15 16 16
2 18446744073709551610 18446744073709551598
2294 17 1 18446744073709551573 18446744073709551572
1 2 3 4 5 6 7 8 9 10 11 12 13 14 15 16 16
2 18446744073709551611 18446744073709551598
2295 17 1 18446744073709551573 18446744073709551572
1 2 3 4 5 6 7 8 9 10 11 12 13 14 15 16 16
2 18446744073709551612 18446744073709551598
2296 17 1 18446744073709551573 18446744073709551572
1 2 3 4 5 6 7 8 9 10 11 12 13 14 15 16 16
2 18446744073709551613 18446744073709551598
2297 17 1 18446744073709551573 18446744073709551572
1 2 3 4 5 6 7 8 9 10 11 12 13 14 15 16 16
2 18446744073709551614 18446744073709551598
2298 17 1 18446744073709551573 18446744073709551572
1 2 3 4 5 6 7 8 9 10 11 12 13 14 15 16 16
2 18446744073709551615 18446744073709551598
2299 17 1 11 4
1 2 3 4 5 6 7 8 9 10 11 12 13 14 15 16 16
2 3 18446744073709551598
2300 17 1 0 0
1 2 3 4 5 6 7 8 9 10 11 12 13 14 15 16 16
3 0 18446744073709551598
2301 17 1 0 0
1 2 3 4 5 6 7 8 9 10 11 12 13 14 15 16 16
3 1 18446744073709551598
2302 17 1 0 0
1 2 3 4 5 6 7 8 9 10 11 12 13 14 15 16 16
3 2 18446744073709551598
2303 17 1 0 0
1 2 3 4 5 6 7 8 9 10 11 12 13 14 15 16 16
3 3 18446744073709551598
2304 17 1 0 0
1 2 3 4 5 6 7 8 9 10 11 12 13 14 15 16 16
3 4 18446744073709551598
2305 17 1 0 0
1 2 3 4 5 6 7 8 9 10 11 12 13 14 15 16 16
3 5 18446744073709551598
2306 17 1 0 0
1 2 3 4 5 6 7 8 9 10 11 12 13 14 15 16 16
3 6 18446744073709551598
2307 17 1 0 0
1 2 3 4 5 6 7 8 9 10 11 12 13 14 15 16 16
3 7 18446744073709551598
2308 17 1 0 0
1 2 3 4 5 6 7 8 9 10 11 12 13 14 15 16 16
3 8 18446744073709551598
2309 17 1 0 0
1 2 3 4 5 6 7 8 9 10 11 12 13 14 15 16 16
3 9 18446744073709551598
2310 17 1 0 0
1 2 3 4 5 6 7 8 9 10 11 12 13 14 15 16 16
3 10 18446744073709551598
2311 17 1 0 0
1 2 3 4 5 6 7 8 9 10 11 12 13 14 15 16 16
3 11 18446744073709551598
2312 17 1 0 0
1 2 3 4 5 6 7 8 9 10 11 12 13 14 15 16 16
3 12 18446744073709551598
2313 17 1 0 0
1 2 3 4 5 6 7 8 9 10 11 12 13 14 15 16 16
3 13 18446744073709551598
2314 17 1 0 0
1 2 3 4 5 6 7 8 9 10 11 12 13 14 15 16 16
3 14 18446744073709551598
2315 17 1 0 0
1 2 3 4 5 6 7 8 9 10 11 12 13 14 15 16 16
3 15 18446744073709551598
2316 17 1 0 0
1 2 3 4 5 6 7 8 9 10 11 12 13 14 15 16 16
3 16 18446744073709551598
2317 17 1 0 0
1 2 3 4 5 6 7 8 9 10 11 12 13 14 15 16 16
3 17 18446744073709551598
2318 17 1 0 0
1 2 3 4 5 6 7 8 9 10 11 12 13 14 15 16 16
3 18 18446744073709551598
2319 17 1 0 0
1 2 3 4 5 6 7 8 9 10 11 12 13 14 15 16 16
3 19 18446744073709551598
2320 17 1 0 0
1 2 3 4 5 6 7 8 9 10 11 12 13 14 15 16 16
3 20 18446744073709551598
2321 17 1 0 0
1 2 3 4 5 6 7 8 9 10 11 12 13 14 15 16 16
3 21 18446744073709551598
2322 17 1 0 0
1 2 3 4 5 6 7 8 9 10 11 12 13 14 15 16 16
3 22 18446744073709551598
2323 17 1 0 0
1 2 3 4 5 6 7 8 9 10 11 12 13 14 15 16 16
3 23 18446744073709551598
2324 17 1 0 0
1 2 3 4 5 6 7 8 9 10 11 12 13 14 15 16 16
3 24 18446744073709551598
2325 17 1 0 0
1 2 3 4 5 6 7 8 9 10 11 12 13 14 15 16 16
3 25 18446744073709551598
2326 17 1 0 0
1 2 3 4 5 6 7 8 9 10 11 12 13 14 15 16 16
3 26 18446744073709551598
2327 17 1 0 0
1 2 3 4 5 6 7 8 9 10 11 12 13 14 15 16 16
3 27 18446744073709551598
2328 17 1 0 0
1 2 3 4 5 6 7 8 9 10 11 12 13 14 15 16 16
3 28 18446744073709551598
2329 17 1 0 0
1 2 3 4 5 6 7 8 9 10 11 12 13 14 15 16 16
3 29 18446744073709551598
2330 17 1 0 0
1 2 3 4 5 6 7 8 9 10 11 12 13 14 15 16 16
3 30 18446744073709551598
2331 17 1 0 0
1 2 3 4 5 6 7 8 9 10 11 12 13 14 15 16 16
3 31 18446744073709551598
2332 17 1 0 0
1 2 3 4 5 6 7 8 9 10 11 12 13 14 15 16 16
3 32 18446744073709551598
2333 17 1 0 0
1 2 3 4 5 6 7 8 9 10 11 12 13 14 15 16 16
3 33 18446744073709551598
2334 17 1 0 0
1 2 3 4 5 6 7 8 9 10 11 12 13 14 15 16 16
3 34 18446744073709551598
2335 17 1 0 0
1 2 3 4 5 6 7 8 9 10 11 12 13 14 15 16 16
3 35 18446744073709551598
2336 17 1 0 0
1 2 3 4 5 6 7 8 9 10 11 12 13 14 15 16 16
3 36 18446744073709551598
2337 17 1 0 0
1 2 3 4 5 6 7 8 9 10 11 12 13 14 15 16 16
3 37 18446744073709551598
2338 17 1 0 0
1 2 3 4 5 6 7 8 9 10 11 12 13 14 15 16 16
3 38 18446744073709551598
2339 17 1 0 0
1 2 3 4 5 6 7 8 9 10 11 12 13 14 15 16 16
3 39 18446744073709551598
2340 17 1 7 3
1 2 3 4 5 6 7 8 9 10 11 12 13 14 15 16 16
3 7 18446744073709551598
2341 17 1 7 3
1 2 3 4 5 6 7 8 9 10 11 12 13 14 15 16 16
3 8 18446744073709551598
2342 17 1 7 3
1 2 3 4 5 6 7 8 9 10 11 12 13 14 15 16 16
3 9 18446744073709551598
2343 17 1 7 3
1 2 3 4 5 6 7 8 9 10 11 12 13 14 15 16 16
3 10 18446744073709551598
2344 17 1 7 3
1 2 3 4 5 6 7 8 9 10 11 12 13 14 15 16 16
3 11 18446744073709551598
2345 17 1 7 3
1 2 3 4 5 6 7 8 9 10 11 12 13 14 15 16 16
3 12 18446744073709551598
2346 17 1 7 3
1 2 3 4 5 6 7 8 9 10 11 12 13 14 15 16 16
3 13 18446744073709551598
2347 17 1 7 3
1 2 3 4 5 6 7 8 9 10 11 12 13 14 15 16 16
3 14 18446744073709551598
2348 17 1 7 3
1 2 3 4 5 6 7 8 9 10 11 12 13 14 15 16 16
3 15 18446744073709551598
2349 17 1 7 3
1 2 3 4 5 6 7 8 9 10 11 12 13 14 15 16 16
3 16 18446744073709551598
2350 17 1 7 3
1 2 3 4 5 6 7 8 9 10 11 12 13 14 15 16 16
3 17 18446744073709551598
2351 17 1 7 3
1 2 3 4 5 6 7 8 9 10 11 12 13 14 15 16 16
3 18 18446744073709551598
2352 17 1 7 3
1 2 3 4 5 6 7 8 9 10 11 12 13 14 15 16 16
3 19 18446744073709551598
2353 17 1 7 3
1 2 3 4 5 6 7 8 9 10 11 12 13 14 15 16 16
3 20 18446744073709551598
2354 17 1 7 3
1 2 3 4 5 6 7 8 9 10 11 12 13 14 15 16 16
3 21 18446744073709551598
2355 17 1 7 3
1 2 3 4 5 6 7 8 9 10 11 12 13 14 15 16 16
3 22 18446744073709551598
2356 17 1 7 3
1 2 3 4 5 6 7 8 9 10 11 12 13 14 15 16 16
3 23 18446744073709551598
2357 17 1 7 3
1 2 3 4 5 6 7 8 9 10 11 12 13 14 15 16 16
3 24 18446744073709551598
2358 17 1 7 3
1 2 3 4 5 6 7 8 9 10 11 12 13 14 15 16 16
3 25 18446744073709551598
2359 17 1 7 3
1 2 3 4 5 6 7 8 9 10 11 12 13 14 15 16 16
3 26 18446744073709551598
2360 17 1 7 3
1 2 3 4 5 6 7 8 9 10 11 12 13 14 15 16 16
3 27 18446744073709551598
2361 17 1 7 3
1 2 3 4 5 6 7 8 9 10 11 12 13 14 15 16 16
3 28 18446744073709551598
2362 17 1 7 3
1 2 3 4 5 6 7 8 9 10 11 12 13 14 15 16 16
3 29 18446744073709551598
2363 17 1 7 3
1 2 3 4 5 6 7 8 9 10 11 12 13 14 15 16 16
3 30 18446744073709551598
2364 17 1 7 3
1 2 3 4 5 6 7 8 9 10 11 12 13 14 15 16 16
3 31 18446744073709551598
2365 17 1 7 3
1 2 3 4 5 6 7 8 9 10 11 12 13 14 15 16 16
3 32 18446744073709551598
2366 17 1 7 3
1 2 3 4 5 6 7 8 9 10 11 12 13 14 15 16 16
3 33 18446744073709551598
2367 17 1 7 3
1 2 3 4 5 6 7 8 9 10 11 12 13 14 15 16 16
3 34 18446744073709551598
2368 17 1 7 3
1 2 3 4 5 6 7 8 9 10 11 12 13 14 15 16 16
3 35 18446744073709551598
2369 17 1 7 3
1 2 3 4 5 6 7 8 9 10 11 12 13 14 15 16 16
3 36 18446744073709551598
2370 17 1 7 3
1 2 3 4 5 6 7 8 9 10 11 12 13 14 15 16 16
3 37 18446744073709551598
2371 17 1 7 3
1 2 3 4 5 6 7 8 9 10 11 12 13 14 15 16 16
3 38 18446744073709551598
2372 17 1 7 3
1 2 3 4 5 6 7 8 9 10 11 12 13 14 15 16 16
3 39 18446744073709551598
2373 17 1 7 3
1 2 3 4 5 6 7 8 9 10 11 12 13 14 15 16 16
3 40 18446744073709551598
2374 17 1 7 3
1 2 3 4 5 6 7 8 9 10 11 12 13 14 15 16 16
3 41 18446744073709551598
2375 17 1 7 3
1 2 3 4 5 6 7 8 9 10 11 12 13 14 15 16 16
3 42 18446744073709551598
2376 17 1 7 3
1 2 3 4 5 6 7 8 9 10 11 12 13 14 15 16 16
3 43 18446744073709551598
2377 17 1 7 3
1 2 3 4 5 6 7 8 9 10 11 12 13 14 15 16 16
3 44 18446744073709551598
2378 17 1 7 3
1 2 3 4 5 6 7 8 9 10 11 12 13 14 15 16 16
3 45 18446744073709551598
2379 17 1 7 3
1 2 3 4 5 6 7 8 9 10 11 12 13 14 15 16 16
3 46 18446744073709551598
2380 17 1 18446744073709551576 18446744073709551575
1 2 3 4 5 6 7 8 9 10 11 12 13 14 15 16 16
3 18446744073709551576 18446744073709551598
2381 17 1 18446744073709551576 18446744073709551575
1 2 3 4 5 6 7 8 9 10 11 12 13 14 15 16 16
3 18446744073709551577 18446744073709551598
2382 17 1 18446744073709551576 18446744073709551575
1 2 3 4 5 6 7 8 9 10 11 12 13 14 15 16 16
3 18446744073709551578 18446744073709551598
2383 17 1 18446744073709551576 18446744073709551575
1 2 3 4 5 6 7 8 9 10 11 12 13 14 15 16 16
3 18446744073709551579 18446744073709551598
2384 17 1 18446744073709551576 18446744073709551575
1 2 3 4 5 6 7 8 9 10 11 12 13 14 15 16 16
3 18446744073709551580 18446744073709551598
2385 17 1 18446744073709551576 18446744073709551575
1 2 3 4 5 6 7 8 9 10 11 12 13 14 15 16 16
3 18446744073709551581 18446744073709551598
2386 17 1 18446744073709551576 18446744073709551575
1 2 3 4 5 6 7 8 9 10 11 12 13 14 15 16 16
3 18446744073709551582 18446744073709551598
2387 17 1 18446744073709551576 18446744073709551575
1 2 3 4 5 6 7 8 9 10 11 12 13 14 15 16 16
3 18446744073709551583 18446744073709551598
2388 17 1 18446744073709551576 18446744073709551575
1 2 3 4 5 6 7 8 9 10 11 12 13 14 15 16 16
3 18446744073709551584 18446744073709551598
2389 17 1 18446744073709551576 18446744073709551575
1 2 3 4 5 6 7 8 9 10 11 12 13 14 15 16 16
3 18446744073709551585 18446744073709551598
2390 17 1 18446744073709551576 18446744073709551575
1 2 3 4 5 6 7 8 9 10 11 12 13 14 15 16 16
3 18446744073709551586 18446744073709551598
2391 17 1 18446744073709551576 18446744073709551575
1 2 3 4 5 6 7 8 9 10 11 12 13 14 15 16 16
3 18446744073709551587 18446744073709551598
2392 17 1 18446744073709551576 18446744073709551575
1 2 3 4 5 6 7 8 9 10 11 12 13 14 15 16 16
3 18446744073709551588 18446744073709551598
2393 17 1 18446744073709551576 18446744073709551575
1 2 3 4 5 6 7 8 9 10 11 12 13 14 15 16 16
3 18446744073709551589 18446744073709551598
2394 17 1 18446744073709551576 18446744073709551575
1 2 3 4 5 6 7 8 9 10 11 12 13 14 15 16 16
3 18446744073709551590 18446744073709551598
2395 17 1 18446744073709551576 18446744073709551575
1 2 3 4 5 6 7 8 9 10 11 12 13 14 15 16 16
3 18446744073709551591 18446744073709551598
2396 17 1 18446744073709551576 18446744073709551575
1 2 3 4 5 6 7 8 9 10 11 12 13 14 15 16 16
3 18446744073709551592 18446744073709551598
2397 17 1 18446744073709551576 18446744073709551575
1 2 3 4 5 6 7 8 9 10 11 12 13 14 15 16 16
3 18446744073709551593 18446744073709551598
2398 17 1 18446744073709551576 18446744073709551575
1 2 3 4 5 6 7 8 9 10 11 12 13 14 15 16 16
3 18446744073709551594 18446744073709551598
2399 17 1 18446744073709551576 18446744073709551575
1 2 3 4 5 6 7 8 9 10 11 12 13 14 15 16 16
3 18446744073709551595 18446744073709551598
2400 17 1 18446744073709551576 18446744073709551575
1 2 3 4 5 6 7 8 9 10 11 12 13 14 15 16 16
3 18446744073709551596 18446744073709551598
2401 17 1 18446744073709551576 18446744073709551575
1 2 3 4 5 6 7 8 9 10 11 12 13 14 15 16 16
3 18446744073709551597 18446744073709551598
2402 17 1 18446744073709551576 18446744073709551575
1 2 3 4 5 6 7 8 9 10 11 12 13 14 15 16 16
3 18446744073709551598 18446744073709551598
2403 17 1 18446744073709551576 18446744073709551575
1 2 3 4 5 6 7 8 9 10 11 12 13 14 15 16 16
3 18446744073709551599 18446744073709551598
2404 17 1 18446744073709551576 18446744073709551575
1 2 3 4 5 6 7 8 9 10 11 12 13 14 15 16 16
3 18446744073709551600 18446744073709551598
2405 17 1 18446744073709551576 18446744073709551575
1 2 3 4 5 6 7 8 9 10 11 12 13 14 15 16 16
3 18446744073709551601 18446744073709551598
2406 17 1 18446744073709551576 18446744073709551575
1 2 3 4 5 6 7 8 9 10 11 12 13 14 15 16 16
3 18446744073709551602 18446744073709551598
2407 17 1 18446744073709551576 18446744073709551575
1 2 3 4 5 6 7 8 9 10 11 12 13 14 15 16 16
3 18446744073709551603 18446744073709551598
2408 17 1 18446744073709551576 18446744073709551575
1 2 3 4 5 6 7 8 9 10 11 12 13 14 15 16 16
3 18446744073709551604 18446744073709551598
2409 17 1 18446744073709551576 18446744073709551575
1 2 3 4 5 6 7 8 9 10 11 12 13 14 15 16 16
3 18446744073709551605 18446744073709551598
2410 17 1 18446744073709551576 18446744073709551575
1 2 3 4 5 6 7 8 9 10 11 12 13 14 15 16 16
3 18446744073709551606 18446744073709551598
2411 17 1 18446744073709551576 18446744073709551575
1 2 3 4 5 6 7 8 9 10 11 12 13 14 15 16 16
3 18446744073709551607 18446744073709551598
2412 17 1 18446744073709551576 18446744073709551575
1 2 3 4 5 6 7 8 9 10 11 12 13 14 15 16 16
3 18446744073709551608 18446744073709551598
2413 17 1 18446744073709551576 18446744073709551575
1 2 3 4 5 6 7 8 9 10 11 12 13 14 15 16 16
3 18446744073709551609 18446744073709551598
2414 17 1 18446744073709551576 18446744073709551575
1 2 3 4 5 6 7 8 9 10 11 12 13 14 15 16 16
3 18446744073709551610 18446744073709551598
2415 17 1 18446744073709551576 18446744073709551575
1 2 3 4 5 6 7 8 9 10 11 12 13 14 15 16 16
3 18446744073709551611 18446744073709551598
2416 17 1 18446744073709551576 18446744073709551575
1 2 3 4 5 6 7 8 9 10 11 12 13 14 15 16 16
3 18446744073709551612 18446744073709551598
2417 17 1 18446744073709551576 18446744073709551575
1 2 3 4 5 6 7 8 9 10 11 12 13 14 15 16 16
3 18446744073709551613 18446744073709551598
2418 17 1 18446744073709551576 18446744073709551575
1 2 3 4 5 6 7 8 9 10 11 12 13 14 15 16 16
3 18446744073709551614 18446744073709551598
2419 17 1 18446744073709551576 18446744073709551575
1 2 3 4 5 6 7 8 9 10 11 12 13 14 15 16 16
3 18446744073709551615 18446744073709551598
2420 17 1 11 4
1 2 3 4 5 6 7 8 9 10 11 12 13 14 15 16 16
3 3 18446744073709551598
2421 17 1 0 0
1 2 3 4 5 6 7 8 9 10 11 12 13 14 15 16 16
4 0 18446744073709551598
2422 17 1 0 0
1 2 3 4 5 6 7 8 9 10 11 12 13 14 15 16 16
4 1 18446744073709551598
2423 17 1 0 0
1 2 3 4 5 6 7 8 9 10 11 12 13 14 15 16 16
4 2 18446744073709551598
2424 17 1 0 0
1 2 3 4 5 6 7 8 9 10 11 12 13 14 15 16 16
4 3 18446744073709551598
2425 17 1 0 0
1 2 3 4 5 6 7 8 9 10 11 12 13 14 15 16 16
4 4 18446744073709551598
2426 17 1 0 0
1 2 3 4 5 6 7 8 9 10 11 12 13 14 15 16 16
4 5 18446744073709551598
2427 17 1 0 0
1 2 3 4 5 6 7 8 9 10 11 12 13 14 15 16 16
4 6 18446744073709551598
2428 17 1 0 0
1 2 3 4 5 6 7 8 9 10 11 12 13 14 15 16 16
4 7 18446744073709551598
2429 17 1 0 0
1 2 3 4 5 6 7 8 9 10 11 12 13 14 15 16 16
4 8 18446744073709551598
2430 17 1 0 0
1 2 3 4 5 6 7 8 9 10 11 12 13 14 15 16 16
4 9 18446744073709551598
2431 17 1 0 0
1 2 3 4 5 6 7 8 9 10 11 12 13 14 15 16 16
4 10 18446744073709551598
2432 17 1 0 0
1 2 3 4 5 6 7 8 9 10 11 12 13 14 15 16 16
4 11 18446744073709551598
2433 17 1 0 0
1 2 3 4 5 6 7 8 9 10 11 12 13 14 15 16 16
4 12 18446744073709551598
2434 17 1 0 0
1 2 3 4 5 6 7 8 9 10 11 12 13 14 15 16 16
4 13 18446744073709551598
2435 17 1 0 0
1 2 3 4 5 6 7 8 9 10 11 12 13 14 15 16 16
4 14 18446744073709551598
2436 17 1 0 0
1 2 3 4 5 6 7 8 9 10 11 12 13 14 15 16 16
4 15 18446744073709551598
2437 17 1 0 0
1 2 3 4 5 6 7 8 9 10 11 12 13 14 15 16 16
4 16 18446744073709551598
2438 17 1 0 0
1 2 3 4 5 6 7 8 9 10 11 12 13 14 15 16 16
4 17 18446744073709551598
2439 17 1 0 0
1 2 3 4 5 6 7 8 9 10 11 12 13 14 15 16 16
4 18 18446744073709551598
2440 17 1 0 0
1 2 3 4 5 6 7 8 9 10 11 12 13 14 15 16 16
4 19 18446744073709551598
2441 17 1 0 0
1 2 3 4 5 6 7 8 9 10 11 12 13 14 15 16 16
4 20 18446744073709551598
2442 17 1 0 0
1 2 3 4 5 6 7 8 9 10 11 12 13 14 15 16 16
4 21 18446744073709551598
2443 17 1 0 0
1 2 3 4 5 6 7 8 9 10 11 12 13 14 15 16 16
4 22 18446744073709551598
2444 17 1 0 0
1 2 3 4 5 6 7 8 9 10 11 12 13 14 15 16 16
4 23 18446744073709551598
2445 17 1 0 0
1 2 3 4 5 6 7 8 9 10 11 12 13 14 15 16 16
4 24 18446744073709551598
2446 17 1 0 0
1 2 3 4 5 6 7 8 9 10 11 12 13 14 15 16 16
4 25 18446744073709551598
2447 17 1 0 0
1 2 3 4 5 6 7 8 9 10 11 12 13 14 15 16 16
4 26 18446744073709551598
2448 17 1 0 0
1 2 3 4 5 6 7 8 9 10 11 12 13 14 15 16 16
4 27 18446744073709551598
2449 17 1 0 0
1 2 3 4 5 6 7 8 9 10 11 12 13 14 15 16 16
4 28 18446744073709551598
2450 17 1 0 0
1 2 3 4 5 6 7 8 9 10 11 12 13 14 15 16 16
4 29 18446744073709551598
2451 17 1 0 0
1 2 3 4 5 6 7 8 9 10 11 12 13 14 15 16 16
4 30 18446744073709551598
2452 17 1 0 0
1 2 3 4 5 6 7 8 9 10 11 12 13 14 15 16 16
4 31 18446744073709551598
2453 17 1 0 0
1 2 3 4 5 6 7 8 9 10 11 12 13 14 15 16 16
4 32 18446744073709551598
2454 17 1 0 0
1 2 3 4 5 6 7 8 9 10 11 12 13 14 15 16 16
4 33 18446744073709551598
2455 17 1 0 0
1 2 3 4 5 6 7 8 9 10 11 12 13 14 15 16 16
4 34 18446744073709551598
2456 17 1 0 0
1 2 3 4 5 6 7 8 9 10 11 12 13 14 15 16 16
4 35 18446744073709551598
2457 17 1 0 0
1 2 3 4 5 6 7 8 9 10 11 12 13 14 15 16 16
4 36 18446744073709551598
2458 17 1 7 3
1 2 3 4 5 6 7 8 9 10 11 12 13 14 15 16 16
4 7 18446744073709551598
2459 17 1 7 3
1 2 3 4 5 6 7 8 9 10 11 12 13 14 15 16 16
4 8 18446744073709551598
2460 17 1 7 3
1 2 3 4 5 6 7 8 9 10 11 12 13 14 15 16 16
4 9 18446744073709551598
2461 17 1 7 3
1 2 3 4 5 6 7 8 9 10 11 12 13 14 15 16 16
4 10 18446744073709551598
2462 17 1 7 3
1 2 3 4 5 6 7 8 9 10 11 12 13 14 15 16 16
4 11 18446744073709551598
2463 17 1 7 3
1 2 3 4 5 6 7 8 9 10 11 12 13 14 15 16 16
4 12 18446744073709551598
2464 17 1 7 3
1 2 3 4 5 6 7 8 9 10 11 12 13 14 15 16 16
4 13 18446744073709551598
2465 17 1 7 3
1 2 3 4 5 6 7 8 9 10 11 12 13 14 15 16 16
4 14 18446744073709551598
2466 17 1 7 3
1 2 3 4 5 6 7 8 9 10 11 12 13 14 15 16 16
4 15 18446744073709551598
2467 17 1 7 3
1 2 3 4 5 6 7 8 9 10 11 12 13 14 15 16 16
4 16 18446744073709551598
2468 17 1 7 3
1 2 3 4 5 6 7 8 9 10 11 12 13 14 15 16 16
4 17 18446744073709551598
2469 17 1 7 3
1 2 3 4 5 6 7 8 9 10 11 12 13 14 15 16 16
4 18 18446744073709551598
2470 17 1 7 3
1 2 3 4 5 6 7 8 9 10 11 12 13 14 15 16 16
4 19 18446744073709551598
2471 17 1 7 3
1 2 3 4 5 6 7 8 9 10 11 12 13 14 15 16 16
4 20 18446744073709551598
2472 17 1 7 3
1 2 3 4 5 6 7 8 9 10 11 12 13 14 15 16 16
4 21 18446744073709551598
2473 17 1 7 3
1 2 3 4 5 6 7 8 9 10 11 12 13 14 15 16 16
4 22 18446744073709551598
2474 17 1 7 3
1 2 3 4 5 6 7 8 9 10 11 12 13 14 15 16 16
4 23 18446744073709551598
2475 17 1 7 3
1 2 3 4 5 6 7 8 9 10 11 12 13 14 15 16 16
4 24 18446744073709551598
2476 17 1 7 3
1 2 3 4 5 6 7 8 9 10 11 12 13 14 15 16 16
4 25 18446744073709551598
2477 17 1 7 3
1 2 3 4 5 6 7 8 9 10 11 12 13 14 15 16 16
4 26 18446744073709551598
2478 17 1 7 3
1 2 3 4 5 6 7 8 9 10 11 12 13 14 15 16 16
4 27 18446744073709551598
2479 17 1 7 3
1 2 3 4 5 6 7 8 9 10 11 12 13 14 15 16 16
4 28 18446744073709551598
2480 17 1 7 3
1 2 3 4 5 6 7 8 9 10 11 12 13 14 15 16 16
4 29 18446744073709551598
2481 17 1 7 3
1 2 3 4 5 6 7 8 9 10 11 12 13 14 15 16 16
4 30 18446744073709551598
2482 17 1 7 3
1 2 3 4 5 6 7 8 9 10 11 12 13 14 15 16 16
4 31 18446744073709551598
2483 17 1 7 3
1 2 3 4 5 6 7 8 9 10 11 12 13 14 15 16 16
4 32 18446744073709551598
2484 17 1 7 3
1 2 3 4 5 6 7 8 9 10 11 12 13 14 15 16 16
4 33 18446744073709551598
2485 17 1 7 3
1 2 3 4 5 6 7 8 9 10 11 12 13 14 15 16 16
4 34 18446744073709551598
2486 17 1 7 3
1 2 3 4 5 6 7 8 9 10 11 12 13 14 15 16 16
4 35 18446744073709551598
2487 17 1 7 3
1 2 3 4 5 6 7 8 9 10 11 12 13 14 15 16 16
4 36 18446744073709551598
2488 17 1 7 3
1 2 3 4 5 6 7 8 9 10 11 12 13 14 15 16 16
4 37 18446744073709551598
2489 17 1 7 3
1 2 3 4 5 6 7 8 9 10 11 12 13 14 15 16 16
4 38 18446744073709551598
2490 17 1 7 3
1 2 3 4 5 6 7 8 9 10 11 12 13 14 15 16 16
4 39 18446744073709551598
2491 17 1 7 3
1 2 3 4 5 6 7 8 9 10 11 12 13 14 15 16 16
4 40 18446744073709551598
2492 17 1 7 3
1 2 3 4 5 6 7 8 9 10 11 12 13 14 15 16 16
4 41 18446744073709551598
2493 17 1 7 3
1 2 3 4 5 6 7 8 9 10 11 12 13 14 15 16 16
4 42 18446744073709551598
2494 17 1 7 3
1 2 3 4 5 6 7 8 9 10 11 12 13 14 15 16 16
4 43 18446744073709551598
2495 17 1 18446744073709551579 18446744073709551578
1 2 3 4 5 6 7 8 9 10 11 12 13 14 15 16 16
4 18446744073709551579 18446744073709551598
2496 17 1 18446744073709551579 18446744073709551578
1 2 3 4 5 6 7 8 9 10 11 12 13 14 15 16 16
4 18446744073709551580 18446744073709551598
2497 17 1 18446744073709551579 18446744073709551578
1 2 3 4 5 6 7 8 9 10 11 12 13 14 15 16 16
4 18446744073709551581 18446744073709551598
2498 17 1 18446744073709551579 18446744073709551578
1 2 3 4 5 6 7 8 9 10 11 12 13 14 15 16 16
4 18446744073709551582 18446744073709551598
2499 17 1 18446744073709551579 18446744073709551578
1 2 3 4 5 6 7 8 9 10 11 12 13 14 15 16 16
4 18446744073709551583 18446744073709551598
2500 17 1 18446744073709551579 18446744073709551578
1 2 3 4 5 6 7 8 9 10 11 12 13 14 15 16 16
4 18446744073709551584 18446744073709551598
2501 17 1 18446744073709551579 18446744073709551578
1 2 3 4 5 6 7 8 9 10 11 12 13 14 15 16 16
4 18446744073709551585 18446744073709551598
2502 17 1 18446744073709551579 18446744073709551578
1 2 3 4 5 6 7 8 9 10 11 12 13 14 15 16 16
4 18446744073709551586 18446744073709551598
2503 17 1 18446744073709551579 18446744073709551578
1 2 3 4 5 6 7 8 9 10 11 12 13 14 15 16 16
4 18446744073709551587 18446744073709551598
2504 17 1 18446744073709551579 18446744073709551578
1 2 3 4 5 6 7 8 9 10 11 12 13 14 15 16 16
4 18446744073709551588 18446744073709551598
2505 17 1 18446744073709551579 18446744073709551578
1 2 3 4 5 6 7 8 9 10 11 12 13 14 15 16 16
4 18446744073709551589 18446744073709551598
2506 17 1 18446744073709551579 18446744073709551578
1 2 3 4 5 6 7 8 9 10 11 12 13 14 15 16 16
4 18446744073709551590 18446744073709551598
2507 17 1 18446744073709551579 18446744073709551578
1 2 3 4 5 6 7 8 9 10 11 12 13 14 15 16 16
4 18446744073709551591 18446744073709551598
2508 17 1 18446744073709551579 18446744073709551578
1 2 3 4 5 6 7 8 9 10 11 12 13 14 15 16 16
4 18446744073709551592 18446744073709551598
2509 17 1 18446744073709551579 18446744073709551578
1 2 3 4 5 6 7 8 9 10 11 12 13 14 15 16 16
4 18446744073709551593 18446744073709551598
2510 17 1 18446744073709551579 18446744073709551578
1 2 3 4 5 6 7 8 9 10 11 12 13 14 15 16 16
4 18446744073709551594 18446744073709551598
2511 17 1 18446744073709551579 18446744073709551578
1 2 3 4 5 6 7 8 9 10 11 12 13 14 15 16 16
4 18446744073709551595 18446744073709551598
2512 17 1 18446744073709551579 18446744073709551578
1 2 3 4 5 6 7 8 9 10 11 12 13 14 15 16 16
4 18446744073709551596 18446744073709551598
2513 17 1 18446744073709551579 18446744073709551578
1 2 3 4 5 6 7 8 9 10 11 12 13 14 15 16 16
4 18446744073709551597 18446744073709551598
2514 17 1 18446744073709551579 18446744073709551578
1 2 3 4 5 6 7 8 9 10 11 12 13 14 15 16 16
4 18446744073709551598 18446744073709551598
2515 17 1 18446744073709551579 18446744073709551578
1 2 3 4 5 6 7 8 9 10 11 12 13 14 15 16 16
4 18446744073709551599 18446744073709551598
2516 17 1 18446744073709551579 18446744073709551578
1 2 3 4 5 6 7 8 9 10 11 12 13 14 15 16 16
4 18446744073709551600 18446744073709551598
2517 17 1 18446744073709551579 18446744073709551578
1 2 3 4 5 6 7 8 9 10 11 12 13 14 15 16 16
4 18446744073709551601 18446744073709551598
2518 17 1 18446744073709551579 18446744073709551578
1 2 3 4 5 6 7 8 9 10 11 12 13 14 15 16 16
4 18446744073709551602 18446744073709551598
2519 17 1 18446744073709551579 18446744073709551578
1 2 3 4 5 6 7 8 9 10 11 12 13 14 15 16 16
4 18446744073709551603 18446744073709551598
2520 17 1 18446744073709551579 18446744073709551578
1 2 3 4 5 6 7 8 9 10 11 12 13 14 15 16 16
4 18446744073709551604 18446744073709551598
2521 17 1 18446744073709551579 18446744073709551578
1 2 3 4 5 6 7 8 9 10 11 12 13 14 15 16 16
4 18446744073709551605 18446744073709551598
2522 17 1 18446744073709551579 18446744073709551578
1 2 3 4 5 6 7 8 9 10 11 12 13 14 15 16 16
4 18446744073709551606 18446744073709551598
2523 17 1 18446744073709551579 18446744073709551578
1 2 3 4 5 6 7 8 9 10 11 12 13 14 15 16 16
4 18446744073709551607 18446744073709551598
2524 17 1 18446744073709551579 18446744073709551578
1 2 3 4 5 6 7 8 9 10 11 12 13 14 15 16 16
4 18446744073709551608 18446744073709551598
2525 17 1 18446744073709551579 18446744073709551578
1 2 3 4 5 6 7 8 9 10 11 12 13 14 15 16 16
4 18446744073709551609 18446744073709551598
2526 17 1 18446744073709551579 18446744073709551578
1 2 3 4 5 6 7 8 9 10 11 12 13 14 15 16 16
4 18446744073709551610 18446744073709551598
2527 17 1 18446744073709551579 18446744073709551578
1 2 3 4 5 6 7 8 9 10 11 12 13 14 15 16 16
4 18446744073709551611 18446744073709551598
2528 17 1 18446744073709551579 18446744073709551578
1 2 3 4 5 6 7 8 9 10 11 12 13 14 15 16 16
4 18446744073709551612 18446744073709551598
2529 17 1 18446744073709551579 18446744073709551578
1 2 3 4 5 6 7 8 9 10 11 12 13 14 15 16 16
4 18446744073709551613 18446744073709551598
2530 17 1 18446744073709551579 18446744073709551578
1 2 3 4 5 6 7 8 9 10 11 12 13 14 15 16 16
4 18446744073709551614 18446744073709551598
2531 17 1 18446744073709551579 18446744073709551578
1 2 3 4 5 6 7 8 9 10 11 12 13 14 15 16 16
4 18446744073709551615 18446744073709551598
2532 17 1 11 4
1 2 3 4 5 6 7 8 9 10 11 12 13 14 15 16 16
4 3 18446744073709551598
2533 17 1 0 0
1 2 3 4 5 6 7 8 9 10 11 12 13 14 15 16 16
5 0 18446744073709551598
2534 17 1 0 0
1 2 3 4 5 6 7 8 9 10 11 12 13 14 15 16 16
5 1 18446744073709551598
2535 17 1 0 0
1 2 3 4 5 6 7 8 9 10 11 12 13 14 15 16 16
5 2 18446744073709551598
2536 17 1 0 0
1 2 3 4 5 6 7 8 9 10 11 12 13 14 15 16 16
5 3 18446744073709551598
2537 17 1 0 0
1 2 3 4 5 6 7 8 9 10 11 12 13 14 15 16 16
5 4 18446744073709551598
2538 17 1 0 0
1 2 3 4 5 6 7 8 9 10 11 12 13 14 15 16 16
5 5 18446744073709551598
2539 17 1 0 0
1 2 3 4 5 6 7 8 9 10 11 12 13 14 15 16 16
5 6 18446744073709551598
2540 17 1 0 0
1 2 3 4 5 6 7 8 9 10 11 12 13 14 15 16 16
5 7 18446744073709551598
2541 17 1 0 0
1 2 3 4 5 6 7 8 9 10 11 12 13 14 15 16 16
5 8 18446744073709551598
2542 17 1 0 0
1 2 3 4 5 6 7 8 9 10 11 12 13 14 15 16 16
5 9 18446744073709551598
2543 17 1 0 0
1 2 3 4 5 6 7 8 9 10 11 12 13 14 15 16 16
5 10 18446744073709551598
2544 17 1 0 0
1 2 3 4 5 6 7 8 9 10 11 12 13 14 15 16 16
5 11 18446744073709551598
2545 17 1 0 0
1 2 3 4 5 6 7 8 9 10 11 12 13 14 15 16 16
5 12 18446744073709551598
2546 17 1 0 0
1 2 3 4 5 6 7 8 9 10 11 12 13 14 15 16 16
5 13 18446744073709551598
2547 17 1 0 0
1 2 3 4 5 6 7 8 9 10 11 12 13 14 15 16 16
5 14 18446744073709551598
2548 17 1 0 0
1 2 3 4 5 6 7 8 9 10 11 12 13 14 15 16 16
5 15 18446744073709551598
2549 17 1 0 0
1 2 3 4 5 6 7 8 9 10 11 12 13 14 15 16 16
5 16 18446744073709551598
2550 17 1 0 0
1 2 3 4 5 6 7 8 9 10 11 12 13 14 15 16 16
5 17 18446744073709551598
2551 17 1 0 0
1 2 3 4 5 6 7 8 9 10 11 12 13 14 15 16 16
5 18 18446744073709551598
2552 17 1 0 0
1 2 3 4 5 6 7 8 9 10 11 12 13 14 15 16 16
5 19 18446744073709551598
2553 17 1 0 0
1 2 3 4 5 6 7 8 9 10 11 12 13 14 15 16 16
5 20 18446744073709551598
2554 17 1 0 0
1 2 3 4 5 6 7 8 9 10 11 12 13 14 15 16 16
5 21 18446744073709551598
2555 17 1 0 0
1 2 3 4 5 6 7 8 9 10 11 12 13 14 15 16 16
5 22 18446744073709551598
2556 17 1 0 0
1 2 3 4 5 6 7 8 9 10 11 12 13 14 15 16 16
5 23 18446744073709551598
2557 17 1 0 0
1 2 3 4 5 6 7 8 9 10 11 12 13 14 15 16 16
5 24 18446744073709551598
2558 17 1 0 0
1 2 3 4 5 6 7 8 9 10 11 12 13 14 15 16 16
5 25 18446744073709551598
2559 17 1 0 0
1 2 3 4 5 6 7 8 9 10 11 12 13 14 15 16 16
5 26 18446744073709551598
2560 17 1 0 0
1 2 3 4 5 6 7 8 9 10 11 12 13 14 15 16 16
5 27 18446744073709551598
2561 17 1 0 0
1 2 3 4 5 6 7 8 9 10 11 12 13 14 15 16 16
5 28 18446744073709551598
2562 17 1 0 0
1 2 3 4 5 6 7 8 9 10 11 12 13 14 15 16 16
5 29 18446744073709551598
2563 17 1 0 0
1 2 3 4 5 6 7 8 9 10 11 12 13 14 15 16 16
5 30 18446744073709551598
2564 17 1 0 0
1 2 3 4 5 6 7 8 9 10 11 12 13 14 15 16 16
5 31 18446744073709551598
2565 17 1 0 0
1 2 3 4 5 6 7 8 9 10 11 12 13 14 15 16 16
5 32 18446744073709551598
2566 17 1 0 0
1 2 3 4 5 6 7 8 9 10 11 12 13 14 15 16 16
5 33 18446744073709551598
2567 17 1 7 3
1 2 3 4 5 6 7 8 9 10 11 12 13 14 15 16 16
5 7 18446744073709551598
2568 17 1 7 3
1 2 3 4 5 6 7 8 9 10 11 12 13 14 15 16 16
5 8 18446744073709551598
2569 17 1 7 3
1 2 3 4 5 6 7 8 9 10 11 12 13 14 15 16 16
5 9 18446744073709551598
2570 17 1 7 3
1 2 3 4 5 6 7 8 9 10 11 12 13 14 15 16 16
5 10 18446744073709551598
2571 17 1 7 3
1 2 3 4 5 6 7 8 9 10 11 12 13 14 15 16 16
5 11 18446744073709551598
2572 17 1 7 3
1 2 3 4 5 6 7 8 9 10 11 12 13 14 15 16 16
5 12 18446744073709551598
2573 17 1 7 3
1 2 3 4 5 6 7 8 9 10 11 12 13 14 15 16 16
5 13 18446744073709551598
2574 17 1 7 3
1 2 3 4 5 6 7 8 9 10 11 12 13 14 15 16 16
5 14 18446744073709551598
2575 17 1 7 3
1 2 3 4 5 6 7 8 9 10 11 12 13 14 15 16 16
5 15 18446744073709551598
2576 17 1 7 3
1 2 3 4 5 6 7 8 9 10 11 12 13 14 15 16 16
5 16 18446744073709551598
2577 17 1 7 3
1 2 3 4 5 6 7 8 9 10 11 12 13 14 15 16 16
5 17 18446744073709551598
2578 17 1 7 3
1 2 3 4 5 6 7 8 9 10 11 12 13 14 15 16 16
5 18 18446744073709551598
2579 17 1 7 3
1 2 3 4 5 6 7 8 9 10 11 12 13 14 15 16 16
5 19 18446744073709551598
2580 17 1 7 3
1 2 3 4 5 6 7 8 9 10 11 12 13 14 15 16 16
5 20 18446744073709551598
2581 17 1 7 3
1 2 3 4 5 6 7 8 9 10 11 12 13 14 15 16 16
5 21 18446744073709551598
2582 17 1 7 3
1 2 3 4 5 6 7 8 9 10 11 12 13 14 15 16 16
5 22 18446744073709551598
2583 17 1 7 3
1 2 3 4 5 6 7 8 9 10 11 12 13 14 15 16 16
5 23 18446744073709551598
2584 17 1 7 3
1 2 3 4 5 6 7 8 9 10 11 12 13 14 15 16 16
5 24 18446744073709551598
2585 17 1 7 3
1 2 3 4 5 6 7 8 9 10 11 12 13 14 15 16 16
5 25 18446744073709551598
2586 17 1 7 3
1 2 3 4 5 6 7 8 9 10 11 12 13 14 15 16 16
5 26 18446744073709551598
2587 17 1 7 3
1 2 3 4 5 6 7 8 9 10 11 12 13 14 15 16 16
5 27 18446744073709551598
2588 17 1 7 3
1 2 3 4 5 6 7 8 9 10 11 12 13 14 15 16 16
5 28 18446744073709551598
2589 17 1 7 3
1 2 3 4 5 6 7 8 9 10 11 12 13 14 15 16 16
5 29 18446744073709551598
2590 17 1 7 3
1 2 3 4 5 6 7 8 9 10 11 12 13 14 15 16 16
5 30 18446744073709551598
2591 17 1 7 3
1 2 3 4 5 6 7 8 9 10 11 12 13 14 15 16 16
5 31 18446744073709551598
2592 17 1 7 3
1 2 3 4 5 6 7 8 9 10 11 12 13 14 15 16 16
5 32 18446744073709551598
2593 17 1 7 3
1 2 3 4 5 6 7 8 9 10 11 12 13 14 15 16 16
5 33 18446744073709551598
2594 17 1 7 3
1 2 3 4 5 6 7 8 9 10 11 12 13 14 15 16 16
5 34 18446744073709551598
2595 17 1 7 3
1 2 3 4 5 6 7 8 9 10 11 12 13 14 15 16 16
5 35 18446744073709551598
2596 17 1 7 3
1 2 3 4 5 6 7 8 9 10 11 12 13 14 15 16 16
5 36 18446744073709551598
2597 17 1 7 3
1 2 3 4 5 6 7 8 9 10 11 12 13 14 15 16 16
5 37 18446744073709551598
2598 17 1 7 3
1 2 3 4 5 6 7 8 9 10 11 12 13 14 15 16 16
5 38 18446744073709551598
2599 17 1 7 3
1 2 3 4 5 6 7 8 9 10 11 12 13 14 15 16 16
5 39 18446744073709551598
2600 17 1 7 3
1 2 3 4 5 6 7 8 9 10 11 12 13 14 15 16 16
5 40 18446744073709551598
2601 17 1 18446744073709551582 18446744073709551581
1 2 3 4 5 6 7 8 9 10 11 12 13 14 15 16 16
5 18446744073709551582 18446744073709551598
2602 17 1 18446744073709551582 18446744073709551581
1 2 3 4 5 6 7 8 9 10 11 12 13 14 15 16 16
5 18446744073709551583 18446744073709551598
2603 17 1 18446744073709551582 18446744073709551581
1 2 3 4 5 6 7 8 9 10 11 12 13 14 15 16 16
5 18446744073709551584 18446744073709551598
2604 17 1 18446744073709551582 18446744073709551581
1 2 3 4 5 6 7 8 9 10 11 12 13 14 15 16 16
5 18446744073709551585 18446744073709551598
2605 17 1 18446744073709551582 18446744073709551581
1 2 3 4 5 6 7 8 9 10 11 12 13 14 15 16 16
5 18446744073709551586 18446744073709551598
2606 17 1 18446744073709551582 18446744073709551581
1 2 3 4 5 6 7 8 9 10 11 12 13 14 15 16 16
5 18446744073709551587 18446744073709551598
2607 17 1 18446744073709551582 18446744073709551581
1 2 3 4 5 6 7 8 9 10 11 12 13 14 15 16 16
5 18446744073709551588 18446744073709551598
2608 17 1 18446744073709551582 18446744073709551581
1 2 3 4 5 6 7 8 9 10 11 12 13 14 15 16 16
5 18446744073709551589 18446744073709551598
2609 17 1 18446744073709551582 18446744073709551581
1 2 3 4 5 6 7 8 9 10 11 12 13 14 15 16 16
5 18446744073709551590 18446744073709551598
2610 17 1 18446744073709551582 18446744073709551581
1 2 3 4 5 6 7 8 9 10 11 12 13 14 15 16 16
5 18446744073709551591 18446744073709551598
2611 17 1 18446744073709551582 18446744073709551581
1 2 3 4 5 6 7 8 9 10 11 12 13 14 15 16 16
5 18446744073709551592 18446744073709551598
2612 17 1 18446744073709551582 18446744073709551581
1 2 3 4 5 6 7 8 9 10 11 12 13 14 15 16 16
5 18446744073709551593 18446744073709551598
2613 17 1 18446744073709551582 18446744073709551581
1 2 3 4 5 6 7 8 9 10 11 12 13 14 15 16 16
5 18446744073709551594 18446744073709551598
2614 17 1 18446744073709551582 18446744073709551581
1 2 3 4 5 6 7 8 9 10 11 12 13 14 15 16 16
5 18446744073709551595 18446744073709551598
2615 17 1 18446744073709551582 18446744073709551581
1 2 3 4 5 6 7 8 9 10 11 12 13 14 15 16 16
5 18446744073709551596 18446744073709551598
2616 17 1 18446744073709551582 18446744073709551581
1 2 3 4 5 6 7 8 9 10 11 12 13 14 15 16 16
5 18446744073709551597 18446744073709551598
2617 17 1 18446744073709551582 18446744073709551581
1 2 3 4 5 6 7 8 9 10 11 12 13 14 15 16 16
5 18446744073709551598 18446744073709551598
2618 17 1 18446744073709551582 18446744073709551581
1 2 3 4 5 6 7 8 9 10 11 12 13 14 15 16 16
5 18446744073709551599 18446744073709551598
2619 17 1 18446744073709551582 18446744073709551581
1 2 3 4 5 6 7 8 9 10 11 12 13 14 15 16 16
5 18446744073709551600 18446744073709551598
2620 17 1 18446744073709551582 18446744073709551581
1 2 3 4 5 6 7 8 9 10 11 12 13 14 15 16 16
5 18446744073709551601 18446744073709551598
2621 17 1 18446744073709551582 18446744073709551581
1 2 3 4 5 6 7 8 9 10 11 12 13 14 15 16 16
5 18446744073709551602 18446744073709551598
2622 17 1 18446744073709551582 18446744073709551581
1 2 3 4 5 6 7 8 9 10 11 12 13 14 15 16 16
5 18446744073709551603 18446744073709551598
2623 17 1 18446744073709551582 18446744073709551581
1 2 3 4 5 6 7 8 9 10 11 12 13 14 15 16 16
5 18446744073709551604 18446744073709551598
2624 17 1 18446744073709551582 18446744073709551581
1 2 3 4 5 6 7 8 9 10 11 12 13 14 15 16 16
5 18446744073709551605 18446744073709551598
2625 17 1 18446744073709551582 18446744073709551581
1 2 3 4 5 6 7 8 9 10 11 12 13 14 15 16 16
5 18446744073709551606 18446744073709551598
2626 17 1 18446744073709551582 18446744073709551581
1 2 3 4 5 6 7 8 9 10 11 12 13 14 15 16 16
5 18446744073709551607 18446744073709551598
2627 17 1 18446744073709551582 18446744073709551581
1 2 3 4 5 6 7 8 9 10 11 12 13 14 15 16 16
5 18446744073709551608 18446744073709551598
2628 17 1 18446744073709551582 18446744073709551581
1 2 3 4 5 6 7 8 9 10 11 12 13 14 15 16 16
5 18446744073709551609 18446744073709551598
2629 17 1 18446744073709551582 18446744073709551581
1 2 3 4 5 6 7 8 9 10 11 12 13 14 15 16 16
5 18446744073709551610 18446744073709551598
2630 17 1 18446744073709551582 18446744073709551581
1 2 3 4 5 6 7 8 9 10 11 12 13 14 15 16 16
5 18446744073709551611 18446744073709551598
2631 17 1 18446744073709551582 18446744073709551581
1 2 3 4 5 6 7 8 9 10 11 12 13 14 15 16 16
5 18446744073709551612 18446744073709551598
2632 17 1 18446744073709551582 18446744073709551581
1 2 3 4 5 6 7 8 9 10 11 12 13 14 15 16 16
5 18446744073709551613 18446744073709551598
2633 17 1 18446744073709551582 18446744073709551581
1 2 3 4 5 6 7 8 9 10 11 12 13 14 15 16 16
5 18446744073709551614 18446744073709551598
2634 17 1 18446744073709551582 18446744073709551581
1 2 3 4 5 6 7 8 9 10 11 12 13 14 15 16 16
5 18446744073709551615 18446744073709551598
2635 17 1 11 4
1 2 3 4 5 6 7 8 9 10 11 12 13 14 15 16 16
5 3 18446744073709551598
2636 17 1 0 0
1 2 3 4 5 6 7 8 9 10 11 12 13 14 15 16 16
6 0 18446744073709551598
2637 17 1 0 0
1 2 3 4 5 6 7 8 9 10 11 12 13 14 15 16 16
6 1 18446744073709551598
2638 17 1 0 0
1 2 3 4 5 6 7 8 9 10 11 12 13 14 15 16 16
6 2 18446744073709551598
2639 17 1 0 0
1 2 3 4 5 6 7 8 9 10 11 12 13 14 15 16 16
6 3 18446744073709551598
2640 17 1 0 0
1 2 3 4 5 6 7 8 9 10 11 12 13 14 15 16 16
6 4 18446744073709551598
2641 17 1 0 0
1 2 3 4 5 6 7 8 9 10 11 12 13 14 15 16 16
6 5 18446744073709551598
2642 17 1 0 0
1 2 3 4 5 6 7 8 9 10 11 12 13 14 15 16 16
6 6 18446744073709551598
2643 17 1 0 0
1 2 3 4 5 6 7 8 9 10 11 12 13 14 15 16 16
6 7 18446744073709551598
2644 17 1 0 0
1 2 3 4 5 6 7 8 9 10 11 12 13 14 15 16 16
6 8 18446744073709551598
2645 17 1 0 0
1 2 3 4 5 6 7 8 9 10 11 12 13 14 15 16 16
6 9 18446744073709551598
2646 17 1 0 0
1 2 3 4 5 6 7 8 9 10 11 12 13 14 15 16 16
6 10 18446744073709551598
2647 17 1 0 0
1 2 3 4 5 6 7 8 9 10 11 12 13 14 15 16 16
6 11 18446744073709551598
2648 17 1 0 0
1 2 3 4 5 6 7 8 9 10 11 12 13 14 15 16 16
6 12 18446744073709551598
2649 17 1 0 0
1 2 3 4 5 6 7 8 9 10 11 12 13 14 15 16 16
6 13 18446744073709551598
2650 17 1 0 0
1 2 3 4 5 6 7 8 9 10 11 12 13 14 15 16 16
6 14 18446744073709551598
2651 17 1 0 0
1 2 3 4 5 6 7 8 9 10 11 12 13 14 15 16 16
6 15 18446744073709551598
2652 17 1 0 0
1 2 3 4 5 6 7 8 9 10 11 12 13 14 15 16 16
6 16 18446744073709551598
2653 17 1 0 0
1 2 3 4 5 6 7 8 9 10 11 12 13 14 15 16 16
6 17 18446744073709551598
2654 17 1 0 0
1 2 3 4 5 6 7 8 9 10 11 12 13 14 15 16 16
6 18 18446744073709551598
2655 17 1 0 0
1 2 3 4 5 6 7 8 9 10 11 12 13 14 15 16 16
6 19 18446744073709551598
2656 17 1 0 0
1 2 3 4 5 6 7 8 9 10 11 12 13 14 15 16 16
6 20 18446744073709551598
2657 17 1 0 0
1 2 3 4 5 6 7 8 9 10 11 12 13 14 15 16 16
6 21 18446744073709551598
2658 17 1 0 0
1 2 3 4 5 6 7 8 9 10 11 12 13 14 15 16 16
6 22 18446744073709551598
2659 17 1 0 0
1 2 3 4 5 6 7 8 9 10 11 12 13 14 15 16 16
6 23 18446744073709551598
2660 17 1 0 0
1 2 3 4 5 6 7 8 9 10 11 12 13 14 15 16 16
6 24 18446744073709551598
2661 17 1 0 0
1 2 3 4 5 6 7 8 9 10 11 12 13 14 15 16 16
6 25 18446744073709551598
2662 17 1 0 0
1 2 3 4 5 6 7 8 9 10 11 12 13 14 15 16 16
6 26 18446744073709551598
2663 17 1 0 0
1 2 3 4 5 6 7 8 9 10 11 12 13 14 15 16 16
6 27 18446744073709551598
2664 17 1 0 0
1 2 3 4 5 6 7 8 9 10 11 12 13 14 15 16 16
6 28 18446744073709551598
2665 17 1 0 0
1 2 3 4 5 6 7 8 9 10 11 12 13 14 15 16 16
6 29 18446744073709551598
2666 17 1 0 0
1 2 3 4 5 6 7 8 9 10 11 12 13 14 15 16 16
6 30 18446744073709551598
2667 17 1 7 3
1 2 3 4 5 6 7 8 9 10 11 12 13 14 15 16 16
6 7 18446744073709551598
2668 17 1 7 3
1 2 3 4 5 6 7 8 9 10 11 12 13 14 15 16 16
6 8 18446744073709551598
2669 17 1 7 3
1 2 3 4 5 6 7 8 9 10 11 12 13 14 15 16 16
6 9 18446744073709551598
2670 17 1 7 3
1 2 3 4 5 6 7 8 9 10 11 12 13 14 15 16 16
6 10 18446744073709551598
2671 17 1 7 3
1 2 3 4 5 6 7 8 9 10 11 12 13 14 15 16 16
6 11 18446744073709551598
2672 17 1 7 3
1 2 3 4 5 6 7 8 9 10 11 12 13 14 15 16 16
6 12 18446744073709551598
2673 17 1 7 3
1 2 3 4 5 6 7 8 9 10 11 12 13 14 15 16 16
6 13 18446744073709551598
2674 17 1 7 3
1 2 3 4 5 6 7 8 9 10 11 12 13 14 15 16 16
6 14 18446744073709551598
2675 17 1 7 3
1 2 3 4 5 6 7 8 9 10 11 12 13 14 15 16 16
6 15 18446744073709551598
2676 17 1 7 3
1 2 3 4 5 6 7 8 9 10 11 12 13 14 15 16 16
6 16 18446744073709551598
2677 17 1 7 3
1 2 3 4 5 6 7 8 9 10 11 12 13 14 15 16 16
6 17 18446744073709551598
2678 17 1 7 3
1 2 3 4 5 6 7 8 9 10 11 12 13 14 15 16 16
6 18 18446744073709551598
2679 17 1 7 3
1 2 3 4 5 6 7 8 9 10 11 12 13 14 15 16 16
6 19 18446744073709551598
2680 17 1 7 3
1 2 3 4 5 6 7 8 9 10 11 12 13 14 15 16 16
6 20 18446744073709551598
2681 17 1 7 3
1 2 3 4 5 6 7 8 9 10 11 12 13 14 15 16 16
6 21 18446744073709551598
2682 17 1 7 3
1 2 3 4 5 6 7 8 9 10 11 12 13 14 15 16 16
6 22 18446744073709551598
2683 17 1 7 3
1 2 3 4 5 6 7 8 9 10 11 12 13 14 15 16 16
6 23 18446744073709551598
2684 17 1 7 3
1 2 3 4 5 6 7 8 9 10 11 12 13 14 15 16 16
6 24 18446744073709551598
2685 17 1 7 3
1 2 3 4 5 6 7 8 9 10 11 12 13 14 15 16 16
6 25 18446744073709551598
2686 17 1 7 3
1 2 3 4 5 6 7 8 9 10 11 12 13 14 15 16 16
6 26 18446744073709551598
2687 17 1 7 3
1 2 3 4 5 6 7 8 9 10 11 12 13 14 15 16 16
6 27 18446744073709551598
2688 17 1 7 3
1 2 3 4 5 6 7 8 9 10 11 12 13 14 15 16 16
6 28 18446744073709551598
2689 17 1 7 3
1 2 3 4 5 6 7 8 9 10 11 12 13 14 15 16 16
6 29 18446744073709551598
2690 17 1 7 3
1 2 3 4 5 6 7 8 9 10 11 12 13 14 15 16 16
6 30 18446744073709551598
2691 17 1 7 3
1 2 3 4 5 6 7 8 9 10 11 12 13 14 15 16 16
6 31 18446744073709551598
2692 17 1 7 3
1 2 3 4 5 6 7 8 9 10 11 12 13 14 15 16 16
6 32 18446744073709551598
2693 17 1 7 3
1 2 3 4 5 6 7 8 9 10 11 12 13 14 15 16 16
6 33 18446744073709551598
2694 17 1 7 3
1 2 3 4 5 6 7 8 9 10 11 12 13 14 15 16 16
6 34 18446744073709551598
2695 17 1 7 3
1 2 3 4 5 6 7 8 9 10 11 12 13 14 15 16 16
6 35 18446744073709551598
2696 17 1 7 3
1 2 3 4 5 6 7 8 9 10 11 12 13 14 15 16 16
6 36 18446744073709551598
2697 17 1 7 3
1 2 3 4 5 6 7 8 9 10 11 12 13 14 15 16 16
6 37 18446744073709551598
2698 17 1 18446744073709551585 18446744073709551584
1 2 3 4 5 6 7 8 9 10 11 12 13 14 15 16 16
6 18446744073709551585 18446744073709551598
2699 17 1 18446744073709551585 18446744073709551584
1 2 3 4 5 6 7 8 9 10 11 12 13 14 15 16 16
6 18446744073709551586 18446744073709551598
2700 17 1 18446744073709551585 18446744073709551584
1 2 3 4 5 6 7 8 9 10 11 12 13 14 15 16 16
6 18446744073709551587 18446744073709551598
2701 17 1 18446744073709551585 18446744073709551584
1 2 3 4 5 6 7 8 9 10 11 12 13 14 15 16 16
6 18446744073709551588 18446744073709551598
2702 17 1 18446744073709551585 18446744073709551584
1 2 3 4 5 6 7 8 9 10 11 12 13 14 15 16 16
6 18446744073709551589 18446744073709551598
2703 17 1 18446744073709551585 18446744073709551584
1 2 3 4 5 6 7 8 9 10 11 12 13 14 15 16 16
6 18446744073709551590 18446744073709551598
2704 17 1 18446744073709551585 18446744073709551584
1 2 3 4 5 6 7 8 9 10 11 12 13 14 15 16 16
6 18446744073709551591 18446744073709551598
2705 17 1 18446744073709551585 18446744073709551584
1 2 3 4 5 6 7 8 9 10 11 12 13 14 15 16 16
6 18446744073709551592 18446744073709551598
2706 17 1 18446744073709551585 18446744073709551584
1 2 3 4 5 6 7 8 9 10 11 12 13 14 15 16 16
6 18446744073709551593 18446744073709551598
2707 17 1 18446744073709551585 18446744073709551584
1 2 3 4 5 6 7 8 9 10 11 12 13 14 15 16 16
6 18446744073709551594 18446744073709551598
2708 17 1 18446744073709551585 18446744073709551584
1 2 3 4 5 6 7 8 9 10 11 12 13 14 15 16 16
6 18446744073709551595 18446744073709551598
2709 17 1 18446744073709551585 18446744073709551584
1 2 3 4 5 6 7 8 9 10 11 12 13 14 15 16 16
6 18446744073709551596 18446744073709551598
2710 17 1 18446744073709551585 18446744073709551584
1 2 3 4 5 6 7 8 9 10 11 12 13 14 15 16 16
6 18446744073709551597 18446744073709551598
2711 17 1 18446744073709551585 18446744073709551584
1 2 3 4 5 6 7 8 9 10 11 12 13 14 15 16 16
6 18446744073709551598 18446744073709551598
2712 17 1 18446744073709551585 18446744073709551584
1 2 3 4 5 6 7 8 9 10 11 12 13 14 15 16 16
6 18446744073709551599 18446744073709551598
2713 17 1 18446744073709551585 18446744073709551584
1 2 3 4 5 6 7 8 9 10 11 12 13 14 15 16 16
6 18446744073709551600 18446744073709551598
2714 17 1 18446744073709551585 18446744073709551584
1 2 3 4 5 6 7 8 9 10 11 12 13 14 15 16 16
6 18446744073709551601 18446744073709551598
2715 17 1 18446744073709551585 18446744073709551584
1 2 3 4 5 6 7 8 9 10 11 12 13 14 15 16 16
6 18446744073709551602 18446744073709551598
2716 17 1 18446744073709551585 18446744073709551584
1 2 3 4 5 6 7 8 9 10 11 12 13 14 15 16 16
6 18446744073709551603 18446744073709551598
2717 17 1 18446744073709551585 18446744073709551584
1 2 3 4 5 6 7 8 9 10 11 12 13 14 15 16 16
6 18446744073709551604 18446744073709551598
2718 17 1 18446744073709551585 18446744073709551584
1 2 3 4 5 6 7 8 9 10 11 12 13 14 15 16 16
6 18446744073709551605 18446744073709551598
2719 17 1 18446744073709551585 18446744073709551584
1 2 3 4 5 6 7 8 9 10 11 12 13 14 15 16 16
6 18446744073709551606 18446744073709551598
2720 17 1 18446744073709551585 18446744073709551584
1 2 3 4 5 6 7 8 9 10 11 12 13 14 15 16 16
6 18446744073709551607 18446744073709551598
2721 17 1 18446744073709551585 18446744073709551584
1 2 3 4 5 6 7 8 9 10 11 12 13 14 15 16 16
6 18446744073709551608 18446744073709551598
2722 17 1 18446744073709551585 18446744073709551584
1 2 3 4 5 6 7 8 9 10 11 12 13 14 15 16 16
6 18446744073709551609 18446744073709551598
2723 17 1 18446744073709551585 18446744073709551584
1 2 3 4 5 6 7 8 9 10 11 12 13 14 15 16 16
6 18446744073709551610 18446744073709551598
2724 17 1 18446744073709551585 18446744073709551584
1 2 3 4 5 6 7 8 9 10 11 12 13 14 15 16 16
6 18446744073709551611 18446744073709551598
2725 17 1 18446744073709551585 18446744073709551584
1 2 3 4 5 6 7 8 9 10 11 12 13 14 15 16 16
6 18446744073709551612 18446744073709551598
2726 17 1 18446744073709551585 18446744073709551584
1 2 3 4 5 6 7 8 9 10 11 12 13 14 15 16 16
6 18446744073709551613 18446744073709551598
2727 17 1 18446744073709551585 18446744073709551584
1 2 3 4 5 6 7 8 9 10 11 12 13 14 15 16 16
6 18446744073709551614 18446744073709551598
2728 17 1 18446744073709551585 18446744073709551584
1 2 3 4 5 6 7 8 9 10 11 12 13 14 15 16 16
6 18446744073709551615 18446744073709551598
2729 17 1 11 4
1 2 3 4 5 6 7 8 9 10 11 12 13 14 15 16 16
6 3 18446744073709551598
2730 17 1 0 0
1 2 3 4 5 6 7 8 9 10 11 12 13 14 15 16 16
7 0 18446744073709551598
2731 17 1 0 0
1 2 3 4 5 6 7 8 9 10 11 12 13 14 15 16 16
7 1 18446744073709551598
2732 17 1 0 0
1 2 3 4 5 6 7 8 9 10 11 12 13 14 15 16 16
7 2 18446744073709551598
2733 17 1 0 0
1 2 3 4 5 6 7 8 9 10 11 12 13 14 15 16 16
7 3 18446744073709551598
2734 17 1 0 0
1 2 3 4 5 6 7 8 9 10 11 12 13 14 15 16 16
7 4 18446744073709551598
2735 17 1 0 0
1 2 3 4 5 6 7 8 9 10 11 12 13 14 15 16 16
7 5 18446744073709551598
2736 17 1 0 0
1 2 3 4 5 6 7 8 9 10 11 12 13 14 15 16 16
7 6 18446744073709551598
2737 17 1 0 0
1 2 3 4 5 6 7 8 9 10 11 12 13 14 15 16 16
7 7 18446744073709551598
2738 17 1 0 0
1 2 3 4 5 6 7 8 9 10 11 12 13 14 15 16 16
7 8 18446744073709551598
2739 17 1 0 0
1 2 3 4 5 6 7 8 9 10 11 12 13 14 15 16 16
7 9 18446744073709551598
2740 17 1 0 0
1 2 3 4 5 6 7 8 9 10 11 12 13 14 15 16 16
7 10 18446744073709551598
2741 17 1 0 0
1 2 3 4 5 6 7 8 9 10 11 12 13 14 15 16 16
7 11 18446744073709551598
2742 17 1 0 0
1 2 3 4 5 6 7 8 9 10 11 12 13 14 15 16 16
7 12 18446744073709551598
2743 17 1 0 0
1 2 3 4 5 6 7 8 9 10 11 12 13 14 15 16 16
7 13 18446744073709551598
2744 17 1 0 0
1 2 3 4 5 6 7 8 9 10 11 12 13 14 15 16 16
7 14 18446744073709551598
2745 17 1 0 0
1 2 3 4 5 6 7 8 9 10 11 12 13 14 15 16 16
7 15 18446744073709551598
2746 17 1 0 0
1 2 3 4 5 6 7 8 9 10 11 12 13 14 15 16 16
7 16 18446744073709551598
2747 17 1 0 0
1 2 3 4 5 6 7 8 9 10 11 12 13 14 15 16 16
7 17 18446744073709551598
2748 17 1 0 0
1 2 3 4 5 6 7 8 9 10 11 12 13 14 15 16 16
7 18 18446744073709551598
2749 17 1 0 0
1 2 3 4 5 6 7 8 9 10 11 12 13 14 15 16 16
7 19 18446744073709551598
2750 17 1 0 0
1 2 3 4 5 6 7 8 9 10 11 12 13 14 15 16 16
7 20 18446744073709551598
2751 17 1 0 0
1 2 3 4 5 6 7 8 9 10 11 12 13 14 15 16 16
7 21 18446744073709551598
2752 17 1 0 0
1 2 3 4 5 6 7 8 9 10 11 12 13 14 15 16 16
7 22 18446744073709551598
2753 17 1 0 0
1 2 3 4 5 6 7 8 9 10 11 12 13 14 15 16 16
7 23 18446744073709551598
2754 17 1 0 0
1 2 3 4 5 6 7 8 9 10 11 12 13 14 15 16 16
7 24 18446744073709551598
2755 17 1 0 0
1 2 3 4 5 6 7 8 9 10 11 12 13 14 15 16 16
7 25 18446744073709551598
2756 17 1 0 0
1 2 3 4 5 6 7 8 9 10 11 12 13 14 15 16 16
7 26 18446744073709551598
2757 17 1 0 0
1 2 3 4 5 6 7 8 9 10 11 12 13 14 15 16 16
7 27 18446744073709551598
2758 17 1 7 3
1 2 3 4 5 6 7 8 9 10 11 12 13 14 15 16 16
7 7 18446744073709551598
2759 17 1 7 3
1 2 3 4 5 6 7 8 9 10 11 12 13 14 15 16 16
7 8 18446744073709551598
2760 17 1 7 3
1 2 3 4 5 6 7 8 9 10 11 12 13 14 15 16 16
7 9 18446744073709551598
2761 17 1 7 3
1 2 3 4 5 6 7 8 9 10 11 12 13 14 15 16 16
7 10 18446744073709551598
2762 17 1 7 3
1 2 3 4 5 6 7 8 9 10 11 12 13 14 15 16 16
7 11 18446744073709551598
2763 17 1 7 3
1 2 3 4 5 6 7 8 9 10 11 12 13 14 15 16 16
7 12 18446744073709551598
2764 17 1 7 3
1 2 3 4 5 6 7 8 9 10 11 12 13 14 15 16 16
7 13 18446744073709551598
2765 17 1 7 3
1 2 3 4 5 6 7 8 9 10 11 12 13 14 15 16 16
7 14 18446744073709551598
2766 17 1 7 3
1 2 3 4 5 6 7 8 9 10 11 12 13 14 15 16 16
7 15 18446744073709551598
2767 17 1 7 3
1 2 3 4 5 6 7 8 9 10 11 12 13 14 15 16 16
7 16 18446744073709551598
2768 17 1 7 3
1 2 3 4 5 6 7 8 9 10 11 12 13 14 15 16 16
7 17 18446744073709551598
2769 17 1 7 3
1 2 3 4 5 6 7 8 9 10 11 12 13 14 15 16 16
7 18 18446744073709551598
2770 17 1 7 3
1 2 3 4 5 6 7 8 9 10 11 12 13 14 15 16 16
7 19 18446744073709551598
2771 17 1 7 3
1 2 3 4 5 6 7 8 9 10 11 12 13 14 15 16 16
7 20 18446744073709551598
2772 17 1 7 3
1 2 3 4 5 6 7 8 9 10 11 12 13 14 15 16 16
7 21 18446744073709551598
2773 17 1 7 3
1 2 3 4 5 6 7 8 9 10 11 12 13 14 15 16 16
7 22 18446744073709551598
2774 17 1 7 3
1 2 3 4 5 6 7 8 9 10 11 12 13 14 15 16 16
7 23 18446744073709551598
2775 17 1 7 3
1 2 3 4 5 6 7 8 9 10 11 12 13 14 15 16 16
7 24 18446744073709551598
2776 17 1 7 3
1 2 3 4 5 6 7 8 9 10 11 12 13 14 15 16 16
7 25 18446744073709551598
2777 17 1 7 3
1 2 3 4 5 6 7 8 9 10 11 12 13 14 15 16 16
7 26 18446744073709551598
2778 17 1 7 3
1 2 3 4 5 6 7 8 9 10 11 12 13 14 15 16 16
7 27 18446744073709551598
2779 17 1 7 3
1 2 3 4 5 6 7 8 9 10 11 12 13 14 15 16 16
7 28 18446744073709551598
2780 17 1 7 3
1 2 3 4 5 6 7 8 9 10 11 12 13 14 15 16 16
7 29 18446744073709551598
2781 17 1 7 3
1 2 3 4 5 6 7 8 9 10 11 12 13 14 15 16 16
7 30 18446744073709551598
2782 17 1 7 3
1 2 3 4 5 6 7 8 9 10 11 12 13 14 15 16 16
7 31 18446744073709551598
2783 17 1 7 3
1 2 3 4 5 6 7 8 9 10 11 12 13 14 15 16 16
7 32 18446744073709551598
2784 17 1 7 3
1 2 3 4 5 6 7 8 9 10 11 12 13 14 15 16 16
7 33 18446744073709551598
2785 17 1 7 3
1 2 3 4 5 6 7 8 9 10 11 12 13 14 15 16 16
7 34 18446744073709551598
2786 17 1 18446744073709551588 18446744073709551587
1 2 3 4 5 6 7 8 9 10 11 12 13 14 15 16 16
7 18446744073709551588 18446744073709551598
2787 17 1 18446744073709551588 18446744073709551587
1 2 3 4 5 6 7 8 9 10 11 12 13 14 15 16 16
7 18446744073709551589 18446744073709551598
2788 17 1 18446744073709551588 18446744073709551587
1 2 3 4 5 6 7 8 9 10 11 12 13 14 15 16 16
7 18446744073709551590 18446744073709551598
2789 17 1 18446744073709551588 18446744073709551587
1 2 3 4 5 6 7 8 9 10 11 12 13 14 15 16 16
7 18446744073709551591 18446744073709551598
2790 17 1 18446744073709551588 18446744073709551587
1 2 3 4 5 6 7 8 9 10 11 12 13 14 15 16 16
7 18446744073709551592 18446744073709551598
2791 17 1 18446744073709551588 18446744073709551587
1 2 3 4 5 6 7 8 9 10 11 12 13 14 15 16 16
7 18446744073709551593 18446744073709551598
2792 17 1 18446744073709551588 18446744073709551587
1 2 3 4 5 6 7 8 9 10 11 12 13 14 15 16 16
7 18446744073709551594 18446744073709551598
2793 17 1 18446744073709551588 18446744073709551587
1 2 3 4 5 6 7 8 9 10 11 12 13 14 15 16 16
7 18446744073709551595 18446744073709551598
2794 17 1 18446744073709551588 18446744073709551587
1 2 3 4 5 6 7 8 9 10 11 12 13 14 15 16 16
7 18446744073709551596 18446744073709551598
2795 17 1 18446744073709551588 18446744073709551587
1 2 3 4 5 6 7 8 9 10 11 12 13 14 15 16 16
7 18446744073709551597 18446744073709551598
2796 17 1 18446744073709551588 18446744073709551587
1 2 3 4 5 6 7 8 9 10 11 12 13 14 15 16 16
7 18446744073709551598 18446744073709551598
2797 17 1 18446744073709551588 18446744073709551587
1 2 3 4 5 6 7 8 9 10 11 12 13 14 15 16 16
7 18446744073709551599 18446744073709551598
2798 17 1 18446744073709551588 18446744073709551587
1 2 3 4 5 6 7 8 9 10 11 12 13 14 15 16 16
7 18446744073709551600 18446744073709551598
2799 17 1 18446744073709551588 18446744073709551587
1 2 3 4 5 6 7 8 9 10 11 12 13 14 15 16 16
7 18446744073709551601 18446744073709551598
2800 17 1 18446744073709551588 18446744073709551587
1 2 3 4 5 6 7 8 9 10 11 12 13 14 15 16 16
7 18446744073709551602 18446744073709551598
2801 17 1 18446744073709551588 18446744073709551587
1 2 3 4 5 6 7 8 9 10 11 12 13 14 15 16 16
7 18446744073709551603 18446744073709551598
2802 17 1 18446744073709551588 18446744073709551587
1 2 3 4 5 6 7 8 9 10 11 12 13 14 15 16 16
7 18446744073709551604 18446744073709551598
2803 17 1 18446744073709551588 18446744073709551587
1 2 3 4 5 6 7 8 9 10 11 12 13 14 15 16 16
7 18446744073709551605 18446744073709551598
2804 17 1 18446744073709551588 18446744073709551587
1 2 3 4 5 6 7 8 9 10 11 12 13 14 15 16 16
7 18446744073709551606 18446744073709551598
2805 17 1 18446744073709551588 18446744073709551587
1 2 3 4 5 6 7 8 9 10 11 12 13 14 15 16 16
7 18446744073709551607 18446744073709551598
2806 17 1 18446744073709551588 18446744073709551587
1 2 3 4 5 6 7 8 9 10 11 12 13 14 15 16 16
7 18446744073709551608 18446744073709551598
2807 17 1 18446744073709551588 18446744073709551587
1 2 3 4 5 6 7 8 9 10 11 12 13 14 15 16 16
7 18446744073709551609 18446744073709551598
2808 17 1 18446744073709551588 18446744073709551587
1 2 3 4 5 6 7 8 9 10 11 12 13 14 15 16 16
7 18446744073709551610 18446744073709551598
2809 17 1 18446744073709551588 18446744073709551587
1 2 3 4 5 6 7 8 9 10 11 12 13 14 15 16 16
7 18446744073709551611 18446744073709551598
2810 17 1 18446744073709551588 18446744073709551587
1 2 3 4 5 6 7 8 9 10 11 12 13 14 15 16 16
7 18446744073709551612 18446744073709551598
2811 17 1 18446744073709551588 18446744073709551587
1 2 3 4 5 6 7 8 9 10 11 12 13 14 15 16 16
7 18446744073709551613 18446744073709551598
2812 17 1 18446744073709551588 18446744073709551587
1 2 3 4 5 6 7 8 9 10 11 12 13 14 15 16 16
7 18446744073709551614 18446744073709551598
2813 17 1 18446744073709551588 18446744073709551587
1 2 3 4 5 6 7 8 9 10 11 12 13 14 15 16 16
7 18446744073709551615 18446744073709551598
2814 17 1 11 4
1 2 3 4 5 6 7 8 9 10 11 12 13 14 15 16 16
7 3 18446744073709551598
2815 17 1 0 0
1 2 3 4 5 6 7 8 9 10 11 12 13 14 15 16 16
8 0 18446744073709551598
2816 17 1 0 0
1 2 3 4 5 6 7 8 9 10 11 12 13 14 15 16 16
8 1 18446744073709551598
2817 17 1 0 0
1 2 3 4 5 6 7 8 9 10 11 12 13 14 15 16 16
8 2 18446744073709551598
2818 17 1 0 0
1 2 3 4 5 6 7 8 9 10 11 12 13 14 15 16 16
8 3 18446744073709551598
2819 17 1 0 0
1 2 3 4 5 6 7 8 9 10 11 12 13 14 15 16 16
8 4 18446744073709551598
2820 17 1 0 0
1 2 3 4 5 6 7 8 9 10 11 12 13 14 15 16 16
8 5 18446744073709551598
2821 17 1 0 0
1 2 3 4 5 6 7 8 9 10 11 12 13 14 15 16 16
8 6 18446744073709551598
2822 17 1 0 0
1 2 3 4 5 6 7 8 9 10 11 12 13 14 15 16 16
8 7 18446744073709551598
2823 17 1 0 0
1 2 3 4 5 6 7 8 9 10 11 12 13 14 15 16 16
8 8 18446744073709551598
2824 17 1 0 0
1 2 3 4 5 6 7 8 9 10 11 12 13 14 15 16 16
8 9 18446744073709551598
2825 17 1 0 0
1 2 3 4 5 6 7 8 9 10 11 12 13 14 15 16 16
8 10 18446744073709551598
2826 17 1 0 0
1 2 3 4 5 6 7 8 9 10 11 12 13 14 15 16 16
8 11 18446744073709551598
2827 17 1 0 0
1 2 3 4 5 6 7 8 9 10 11 12 13 14 15 16 16
8 12 18446744073709551598
2828 17 1 0 0
1 2 3 4 5 6 7 8 9 10 11 12 13 14 15 16 16
8 13 18446744073709551598
2829 17 1 0 0
1 2 3 4 5 6 7 8 9 10 11 12 13 14 15 16 16
8 14 18446744073709551598
2830 17 1 0 0
1 2 3 4 5 6 7 8 9 10 11 12 13 14 15 16 16
8 15 18446744073709551598
2831 17 1 0 0
1 2 3 4 5 6 7 8 9 10 11 12 13 14 15 16 16
8 16 18446744073709551598
2832 17 1 0 0
1 2 3 4 5 6 7 8 9 10 11 12 13 14 15 16 16
8 17 18446744073709551598
2833 17 1 0 0
1 2 3 4 5 6 7 8 9 10 11 12 13 14 15 16 16
8 18 18446744073709551598
2834 17 1 0 0
1 2 3 4 5 6 7 8 9 10 11 12 13 14 15 16 16
8 19 18446744073709551598
2835 17 1 0 0
1 2 3 4 5 6 7 8 9 10 11 12 13 14 15 16 16
8 20 18446744073709551598
2836 17 1 0 0
1 2 3 4 5 6 7 8 9 10 11 12 13 14 15 16 16
8 21 18446744073709551598
2837 17 1 0 0
1 2 3 4 5 6 7 8 9 10 11 12 13 14 15 16 16
8 22 18446744073709551598
2838 17 1 0 0
1 2 3 4 5 6 7 8 9 10 11 12 13 14 15 16 16
8 23 18446744073709551598
2839 17 1 0 0
1 2 3 4 5 6 7 8 9 10 11 12 13 14 15 16 16
8 24 18446744073709551598
2840 17 1 7 3
1 2 3 4 5 6 7 8 9 10 11 12 13 14 15 16 16
8 7 18446744073709551598
2841 17 1 7 3
1 2 3 4 5 6 7 8 9 10 11 12 13 14 15 16 16
8 8 18446744073709551598
2842 17 1 7 3
1 2 3 4 5 6 7 8 9 10 11 12 13 14 15 16 16
8 9 18446744073709551598
2843 17 1 7 3
1 2 3 4 5 6 7 8 9 10 11 12 13 14 15 16 16
8 10 18446744073709551598
2844 17 1 7 3
1 2 3 4 5 6 7 8 9 10 11 12 13 14 15 16 16
8 11 18446744073709551598
2845 17 1 7 3
1 2 3 4 5 6 7 8 9 10 11 12 13 14 15 16 16
8 12 18446744073709551598
2846 17 1 7 3
1 2 3 4 5 6 7 8 9 10 11 12 13 14 15 16 16
8 13 18446744073709551598
2847 17 1 7 3
1 2 3 4 5 6 7 8 9 10 11 12 13 14 15 16 16
8 14 18446744073709551598
2848 17 1 7 3
1 2 3 4 5 6 7 8 9 10 11 12 13 14 15 16 16
8 15 18446744073709551598
2849 17 1 7 3
1 2 3 4 5 6 7 8 9 10 11 12 13 14 15 16 16
8 16 18446744073709551598
2850 17 1 7 3
1 2 3 4 5 6 7 8 9 10 11 12 13 14 15 16 16
8 17 18446744073709551598
2851 17 1 7 3
1 2 3 4 5 6 7 8 9 10 11 12 13 14 15 16 16
8 18 18446744073709551598
2852 17 1 7 3
1 2 3 4 5 6 7 8 9 10 11 12 13 14 15 16 16
8 19 18446744073709551598
2853 17 1 7 3
1 2 3 4 5 6 7 8 9 10 11 12 13 14 15 16 16
8 20 18446744073709551598
2854 17 1 7 3
1 2 3 4 5 6 7 8 9 10 11 12 13 14 15 16 16
8 21 18446744073709551598
2855 17 1 7 3
1 2 3 4 5 6 7 8 9 10 11 12 13 14 15 16 16
8 22 18446744073709551598
2856 17 1 7 3
1 2 3 4 5 6 7 8 9 10 11 12 13 14 15 16 16
8 23 18446744073709551598
2857 17 1 7 3
1 2 3 4 5 6 7 8 9 10 11 12 13 14 15 16 16
8 24 18446744073709551598
2858 17 1 7 3
1 2 3 4 5 6 7 8 9 10 11 12 13 14 15 16 16
8 25 18446744073709551598
2859 17 1 7 3
1 2 3 4 5 6 7 8 9 10 11 12 13 14 15 16 16
8 26 18446744073709551598
2860 17 1 7 3
1 2 3 4 5 6 7 8 9 10 11 12 13 14 15 16 16
8 27 18446744073709551598
2861 17 1 7 3
1 2 3 4 5 6 7 8 9 10 11 12 13 14 15 16 16
8 28 18446744073709551598
2862 17 1 7 3
1 2 3 4 5 6 7 8 9 10 11 12 13 14 15 16 16
8 29 18446744073709551598
2863 17 1 7 3
1 2 3 4 5 6 7 8 9 10 11 12 13 14 15 16 16
8 30 18446744073709551598
2864 17 1 7 3
1 2 3 4 5 6 7 8 9 10 11 12 13 14 15 16 16
8 31 18446744073709551598
2865 17 1 18446744073709551591 18446744073709551590
1 2 3 4 5 6 7 8 9 10 11 12 13 14 15 16 16
8 18446744073709551591 18446744073709551598
2866 17 1 18446744073709551591 18446744073709551590
1 2 3 4 5 6 7 8 9 10 11 12 13 14 15 16 16
8 18446744073709551592 18446744073709551598
2867 17 1 18446744073709551591 18446744073709551590
1 2 3 4 5 6 7 8 9 10 11 12 13 14 15 16 16
8 18446744073709551593 18446744073709551598
2868 17 1 18446744073709551591 18446744073709551590
1 2 3 4 5 6 7 8 9 10 11 12 13 14 15 16 16
8 18446744073709551594 18446744073709551598
2869 17 1 18446744073709551591 18446744073709551590
1 2 3 4 5 6 7 8 9 10 11 12 13 14 15 16 16
8 18446744073709551595 18446744073709551598
2870 17 1 18446744073709551591 18446744073709551590
1 2 3 4 5 6 7 8 9 10 11 12 13 14 15 16 16
8 18446744073709551596 18446744073709551598
2871 17 1 18446744073709551591 18446744073709551590
1 2 3 4 5 6 7 8 9 10 11 12 13 14 15 16 16
8 18446744073709551597 18446744073709551598
2872 17 1 18446744073709551591 18446744073709551590
1 2 3 4 5 6 7 8 9 10 11 12 13 14 15 16 16
8 18446744073709551598 18446744073709551598
2873 17 1 18446744073709551591 18446744073709551590
1 2 3 4 5 6 7 8 9 10 11 12 13 14 15 16 16
8 18446744073709551599 18446744073709551598
2874 17 1 18446744073709551591 18446744073709551590
1 2 3 4 5 6 7 8 9 10 11 12 13 14 15 16 16
8 18446744073709551600 18446744073709551598
2875 17 1 18446744073709551591 18446744073709551590
1 2 3 4 5 6 7 8 9 10 11 12 13 14 15 16 16
8 18446744073709551601 18446744073709551598
2876 17 1 18446744073709551591 18446744073709551590
1 2 3 4 5 6 7 8 9 10 11 12 13 14 15 16 16
8 18446744073709551602 18446744073709551598
2877 17 1 18446744073709551591 18446744073709551590
1 2 3 4 5 6 7 8 9 10 11 12 13 14 15 16 16
8 18446744073709551603 18446744073709551598
2878 17 1 18446744073709551591 18446744073709551590
1 2 3 4 5 6 7 8 9 10 11 12 13 14 15 16 16
8 18446744073709551604 18446744073709551598
2879 17 1 18446744073709551591 18446744073709551590
1 2 3 4 5 6 7 8 9 10 11 12 13 14 15 16 16
8 18446744073709551605 18446744073709551598
2880 17 1 18446744073709551591 18446744073709551590
1 2 3 4 5 6 7 8 9 10 11 12 13 14 15 16 16
8 18446744073709551606 18446744073709551598
2881 17 1 18446744073709551591 18446744073709551590
1 2 3 4 5 6 7 8 9 10 11 12 13 14 15 16 16
8 18446744073709551607 18446744073709551598
2882 17 1 18446744073709551591 18446744073709551590
1 2 3 4 5 6 7 8 9 10 11 12 13 14 15 16 16
8 18446744073709551608 18446744073709551598
2883 17 1 18446744073709551591 18446744073709551590
1 2 3 4 5 6 7 8 9 10 11 12 13 14 15 16 16
8 18446744073709551609 18446744073709551598
2884 17 1 18446744073709551591 18446744073709551590
1 2 3 4 5 6 7 8 9 10 11 12 13 14 15 16 16
8 18446744073709551610 18446744073709551598
2885 17 1 18446744073709551591 18446744073709551590
1 2 3 4 5 6 7 8 9 10 11 12 13 14 15 16 16
8 18446744073709551611 18446744073709551598
2886 17 1 18446744073709551591 18446744073709551590
1 2 3 4 5 6 7 8 9 10 11 12 13 14 15 16 16
8 18446744073709551612 18446744073709551598
2887 17 1 18446744073709551591 18446744073709551590
1 2 3 4 5 6 7 8 9 10 11 12 13 14 15 16 16
8 18446744073709551613 18446744073709551598
2888 17 1 18446744073709551591 18446744073709551590
1 2 3 4 5 6 7 8 9 10 11 12 13 14 15 16 16
8 18446744073709551614 18446744073709551598
2889 17 1 18446744073709551591 18446744073709551590
1 2 3 4 5 6 7 8 9 10 11 12 13 14 15 16 16
8 18446744073709551615 18446744073709551598
2890 17 1 11 4
1 2 3 4 5 6 7 8 9 10 11 12 13 14 15 16 16
8 3 18446744073709551598
2891 17 1 0 0
1 2 3 4 5 6 7 8 9 10 11 12 13 14 15 16 16
9 0 18446744073709551598
2892 17 1 0 0
1 2 3 4 5 6 7 8 9 10 11 12 13 14 15 16 16
9 1 18446744073709551598
2893 17 1 0 0
1 2 3 4 5 6 7 8 9 10 11 12 13 14 15 16 16
9 2 18446744073709551598
2894 17 1 0 0
1 2 3 4 5 6 7 8 9 10 11 12 13 14 15 16 16
9 3 18446744073709551598
2895 17 1 0 0
1 2 3 4 5 6 7 8 9 10 11 12 13 14 15 16 16
9 4 18446744073709551598
2896 17 1 0 0
1 2 3 4 5 6 7 8 9 10 11 12 13 14 15 16 16
9 5 18446744073709551598
2897 17 1 0 0
1 2 3 4 5 6 7 8 9 10 11 12 13 14 15 16 16
9 6 18446744073709551598
2898 17 1 0 0
1 2 3 4 5 6 7 8 9 10 11 12 13 14 15 16 16
9 7 18446744073709551598
2899 17 1 0 0
1 2 3 4 5 6 7 8 9 10 11 12 13 14 15 16 16
9 8 18446744073709551598
2900 17 1 0 0
1 2 3 4 5 6 7 8 9 10 11 12 13 14 15 16 16
9 9 18446744073709551598
2901 17 1 0 0
1 2 3 4 5 6 7 8 9 10 11 12 13 14 15 16 16
9 10 18446744073709551598
2902 17 1 0 0
1 2 3 4 5 6 7 8 9 10 11 12 13 14 15 16 16
9 11 18446744073709551598
2903 17 1 0 0
1 2 3 4 5 6 7 8 9 10 11 12 13 14 15 16 16
9 12 18446744073709551598
2904 17 1 0 0
1 2 3 4 5 6 7 8 9 10 11 12 13 14 15 16 16
9 13 18446744073709551598
2905 17 1 0 0
1 2 3 4 5 6 7 8 9 10 11 12 13 14 15 16 16
9 14 18446744073709551598
2906 17 1 0 0
1 2 3 4 5 6 7 8 9 10 11 12 13 14 15 16 16
9 15 18446744073709551598
2907 17 1 0 0
1 2 3 4 5 6 7 8 9 10 11 12 13 14 15 16 16
9 16 18446744073709551598
2908 17 1 0 0
1 2 3 4 5 6 7 8 9 10 11 12 13 14 15 16 16
9 17 18446744073709551598
2909 17 1 0 0
1 2 3 4 5 6 7 8 9 10 11 12 13 14 15 16 16
9 18 18446744073709551598
2910 17 1 0 0
1 2 3 4 5 6 7 8 9 10 11 12 13 14 15 16 16
9 19 18446744073709551598
2911 17 1 0 0
1 2 3 4 5 6 7 8 9 10 11 12 13 14 15 16 16
9 20 18446744073709551598
2912 17 1 0 0
1 2 3 4 5 6 7 8 9 10 11 12 13 14 15 16 16
9 21 18446744073709551598
2913 17 1 7 3
1 2 3 4 5 6 7 8 9 10 11 12 13 14 15 16 16
9 7 18446744073709551598
2914 17 1 7 3
1 2 3 4 5 6 7 8 9 10 11 12 13 14 15 16 16
9 8 18446744073709551598
2915 17 1 7 3
1 2 3 4 5 6 7 8 9 10 11 12 13 14 15 16 16
9 9 18446744073709551598
2916 17 1 7 3
1 2 3 4 5 6 7 8 9 10 11 12 13 14 15 16 16
9 10 18446744073709551598
2917 17 1 7 3
1 2 3 4 5 6 7 8 9 10 11 12 13 14 15 16 16
9 11 18446744073709551598
2918 17 1 7 3
1 2 3 4 5 6 7 8 9 10 11 12 13 14 15 16 16
9 12 18446744073709551598
2919 17 1 7 3
1 2 3 4 5 6 7 8 9 10 11 12 13 14 15 16 16
9 13 18446744073709551598
2920 17 1 7 3
1 2 3 4 5 6 7 8 9 10 11 12 13 14 15 16 16
9 14 18446744073709551598
2921 17 1 7 3
1 2 3 4 5 6 7 8 9 10 11 12 13 14 15 16 16
9 15 18446744073709551598
2922 17 1 7 3
1 2 3 4 5 6 7 8 9 10 11 12 13 14 15 16 16
9 16 18446744073709551598
2923 17 1 7 3
1 2 3 4 5 6 7 8 9 10 11 12 13 14 15 16 16
9 17 18446744073709551598
2924 17 1 7 3
1 2 3 4 5 6 7 8 9 10 11 12 13 14 15 16 16
9 18 18446744073709551598
2925 17 1 7 3
1 2 3 4 5 6 7 8 9 10 11 12 13 14 15 16 16
9 19 18446744073709551598
2926 17 1 7 3
1 2 3 4 5 6 7 8 9 10 11 12 13 14 15 16 16
9 20 18446744073709551598
2927 17 1 7 3
1 2 3 4 5 6 7 8 9 10 11 12 13 14 15 16 16
9 21 18446744073709551598
2928 17 1 7 3
1 2 3 4 5 6 7 8 9 10 11 12 13 14 15 16 16
9 22 18446744073709551598
2929 17 1 7 3
1 2 3 4 5 6 7 8 9 10 11 12 13 14 15 16 16
9 23 18446744073709551598
2930 17 1 7 3
1 2 3 4 5 6 7 8 9 10 11 12 13 14 15 16 16
9 24 18446744073709551598
2931 17 1 7 3
1 2 3 4 5 6 7 8 9 10 11 12 13 14 15 16 16
9 25 18446744073709551598
2932 17 1 7 3
1 2 3 4 5 6 7 8 9 10 11 12 13 14 15 16 16
9 26 18446744073709551598
2933 17 1 7 3
1 2 3 4 5 6 7 8 9 10 11 12 13 14 15 16 16
9 27 18446744073709551598
2934 17 1 7 3
1 2 3 4 5 6 7 8 9 10 11 12 13 14 15 16 16
9 28 18446744073709551598
2935 17 1 18446744073709551594 18446744073709551593
1 2 3 4 5 6 7 8 9 10 11 12 13 14 15 16 16
9 18446744073709551594 18446744073709551598
2936 17 1 18446744073709551594 18446744073709551593
1 2 3 4 5 6 7 8 9 10 11 12 13 14 15 16 16
9 18446744073709551595 18446744073709551598
2937 17 1 18446744073709551594 18446744073709551593
1 2 3 4 5 6 7 8 9 10 11 12 13 14 15 16 16
9 18446744073709551596 18446744073709551598
2938 17 1 18446744073709551594 18446744073709551593
1 2 3 4 5 6 7 8 9 10 11 12 13 14 15 16 16
9 18446744073709551597 18446744073709551598
2939 17 1 18446744073709551594 18446744073709551593
1 2 3 4 5 6 7 8 9 10 11 12 13 14 15 16 16
9 18446744073709551598 18446744073709551598
2940 17 1 18446744073709551594 18446744073709551593
1 2 3 4 5 6 7 8 9 10 11 12 13 14 15 16 16
9 18446744073709551599 18446744073709551598
2941 17 1 18446744073709551594 18446744073709551593
1 2 3 4 5 6 7 8 9 10 11 12 13 14 15 16 16
9 18446744073709551600 18446744073709551598
2942 17 1 18446744073709551594 18446744073709551593
1 2 3 4 5 6 7 8 9 10 11 12 13 14 15 16 16
9 18446744073709551601 18446744073709551598
2943 17 1 18446744073709551594 18446744073709551593
1 2 3 4 5 6 7 8 9 10 11 12 13 14 15 16 16
9 18446744073709551602 18446744073709551598
2944 17 1 18446744073709551594 18446744073709551593
1 2 3 4 5 6 7 8 9 10 11 12 13 14 15 16 16
9 18446744073709551603 18446744073709551598
2945 17 1 18446744073709551594 18446744073709551593
1 2 3 4 5 6 7 8 9 10 11 12 13 14 15 16 16
9 18446744073709551604 18446744073709551598
2946 17 1 18446744073709551594 18446744073709551593
1 2 3 4 5 6 7 8 9 10 11 12 13 14 15 16 16
9 18446744073709551605 18446744073709551598
2947 17 1 18446744073709551594 18446744073709551593
1 2 3 4 5 6 7 8 9 10 11 12 13 14 15 16 16
9 18446744073709551606 18446744073709551598
2948 17 1 18446744073709551594 18446744073709551593
1 2 3 4 5 6 7 8 9 10 11 12 13 14 15 16 16
9 18446744073709551607 18446744073709551598
2949 17 1 18446744073709551594 18446744073709551593
1 2 3 4 5 6 7 8 9 10 11 12 13 14 15 16 16
9 18446744073709551608 18446744073709551598
2950 17 1 18446744073709551594 18446744073709551593
1 2 3 4 5 6 7 8 9 10 11 12 13 14 15 16 16
9 18446744073709551609 18446744073709551598
2951 17 1 18446744073709551594 18446744073709551593
1 2 3 4 5 6 7 8 9 10 11 12 13 14 15 16 16
9 18446744073709551610 18446744073709551598
2952 17 1 18446744073709551594 18446744073709551593
1 2 3 4 5 6 7 8 9 10 11 12 13 14 15 16 16
9 18446744073709551611 18446744073709551598
2953 17 1 18446744073709551594 18446744073709551593
1 2 3 4 5 6 7 8 9 10 11 12 13 14 15 16 16
9 18446744073709551612 18446744073709551598
2954 17 1 18446744073709551594 18446744073709551593
1 2 3 4 5 6 7 8 9 10 11 12 13 14 15 16 16
9 18446744073709551613 18446744073709551598
2955 17 1 18446744073709551594 18446744073709551593
1 2 3 4 5 6 7 8 9 10 11 12 13 14 15 16 16
9 18446744073709551614 18446744073709551598
2956 17 1 18446744073709551594 18446744073709551593
1 2 3 4 5 6 7 8 9 10 11 12 13 14 15 16 16
9 18446744073709551615 18446744073709551598
2957 17 1 11 4
1 2 3 4 5 6 7 8 9 10 11 12 13 14 15 16 16
9 3 18446744073709551598
2958 17 1 0 0
1 2 3 4 5 6 7 8 9 10 11 12 13 14 15 16 16
10 0 18446744073709551598
2959 17 1 0 0
1 2 3 4 5 6 7 8 9 10 11 12 13 14 15 16 16
10 1 18446744073709551598
2960 17 1 0 0
1 2 3 4 5 6 7 8 9 10 11 12 13 14 15 16 16
10 2 18446744073709551598
2961 17 1 0 0
1 2 3 4 5 6 7 8 9 10 11 12 13 14 15 16 16
10 3 18446744073709551598
2962 17 1 0 0
1 2 3 4 5 6 7 8 9 10 11 12 13 14 15 16 16
10 4 18446744073709551598
2963 17 1 0 0
1 2 3 4 5 6 7 8 9 10 11 12 13 14 15 16 16
10 5 18446744073709551598
2964 17 1 0 0
1 2 3 4 5 6 7 8 9 10 11 12 13 14 15 16 16
10 6 18446744073709551598
2965 17 1 0 0
1 2 3 4 5 6 7 8 9 10 11 12 13 14 15 16 16
10 7 18446744073709551598
2966 17 1 0 0
1 2 3 4 5 6 7 8 9 10 11 12 13 14 15 16 16
10 8 18446744073709551598
2967 17 1 0 0
1 2 3 4 5 6 7 8 9 10 11 12 13 14 15 16 16
10 9 18446744073709551598
2968 17 1 0 0
1 2 3 4 5 6 7 8 9 10 11 12 13 14 15 16 16
10 10 18446744073709551598
2969 17 1 0 0
1 2 3 4 5 6 7 8 9 10 11 12 13 14 15 16 16
10 11 18446744073709551598
2970 17 1 0 0
1 2 3 4 5 6 7 8 9 10 11 12 13 14 15 16 16
10 12 18446744073709551598
2971 17 1 0 0
1 2 3 4 5 6 7 8 9 10 11 12 13 14 15 16 16
10 13 18446744073709551598
2972 17 1 0 0
1 2 3 4 5 6 7 8 9 10 11 12 13 14 15 16 16
10 14 18446744073709551598
2973 17 1 0 0
1 2 3 4 5 6 7 8 9 10 11 12 13 14 15 16 16
10 15 18446744073709551598
2974 17 1 0 0
1 2 3 4 5 6 7 8 9 10 11 12 13 14 15 16 16
10 16 18446744073709551598
2975 17 1 0 0
1 2 3 4 5 6 7 8 9 10 11 12 13 14 15 16 16
10 17 18446744073709551598
2976 17 1 0 0
1 2 3 4 5 6 7 8 9 10 11 12 13 14 15 16 16
10 18 18446744073709551598
2977 17 1 7 3
1 2 3 4 5 6 7 8 9 10 11 12 13 14 15 16 16
10 7 18446744073709551598
2978 17 1 7 3
1 2 3 4 5 6 7 8 9 10 11 12 13 14 15 16 16
10 8 18446744073709551598
2979 17 1 7 3
1 2 3 4 5 6 7 8 9 10 11 12 13 14 15 16 16
10 9 18446744073709551598
2980 17 1 7 3
1 2 3 4 5 6 7 8 9 10 11 12 13 14 15 16 16
10 10 18446744073709551598
2981 17 1 7 3
1 2 3 4 5 6 7 8 9 10 11 12 13 14 15 16 16
10 11 18446744073709551598
2982 17 1 7 3
1 2 3 4 5 6 7 8 9 10 11 12 13 14 15 16 16
10 12 18446744073709551598
2983 17 1 7 3
1 2 3 4 5 6 7 8 9 10 11 12 13 14 15 16 16
10 13 18446744073709551598
2984 17 1 7 3
1 2 3 4 5 6 7 8 9 10 11 12 13 14 15 16 16
10 14 18446744073709551598
2985 17 1 7 3
1 2 3 4 5 6 7 8 9 10 11 12 13 14 15 16 16
10 15 18446744073709551598
2986 17 1 7 3
1 2 3 4 5 6 7 8 9 10 11 12 13 14 15 16 16
10 16 18446744073709551598
2987 17 1 7 3
1 2 3 4 5 6 7 8 9 10 11 12 13 14 15 16 16
10 17 18446744073709551598
2988 17 1 7 3
1 2 3 4 5 6 7 8 9 10 11 12 13 14 15 16 16
10 18 18446744073709551598
2989 17 1 7 3
1 2 3 4 5 6 7 8 9 10 11 12 13 14 15 16 16
10 19 18446744073709551598
2990 17 1 7 3
1 2 3 4 5 6 7 8 9 10 11 12 13 14 15 16 16
10 20 18446744073709551598
2991 17 1 7 3
1 2 3 4 5 6 7 8 9 10 11 12 13 14 15 16 16
10 21 18446744073709551598
2992 17 1 7 3
1 2 3 4 5 6 7 8 9 10 11 12 13 14 15 16 16
10 22 18446744073709551598
2993 17 1 7 3
1 2 3 4 5 6 7 8 9 10 11 12 13 14 15 16 16
10 23 18446744073709551598
2994 17 1 7 3
1 2 3 4 5 6 7 8 9 10 11 12 13 14 15 16 16
10 24 18446744073709551598
2995 17 1 7 3
1 2 3 4 5 6 7 8 9 10 11 12 13 14 15 16 16
10 25 18446744073709551598
2996 17 1 18446744073709551597 18446744073709551596
1 2 3 4 5 6 7 8 9 10 11 12 13 14 15 16 16
10 18446744073709551597 18446744073709551598
2997 17 1 18446744073709551597 18446744073709551596
1 2 3 4 5 6 7 8 9 10 11 12 13 14 15 16 16
10 18446744073709551598 18446744073709551598
2998 17 1 18446744073709551597 18446744073709551596
1 2 3 4 5 6 7 8 9 10 11 12 13 14 15 16 16
10 18446744073709551599 18446744073709551598
2999 17 1 18446744073709551597 18446744073709551596
1 2 3 4 5 6 7 8 9 10 11 12 13 14 15 16 16
10 18446744073709551600 18446744073709551598
3000 17 1 18446744073709551597 18446744073709551596
1 2 3 4 5 6 7 8 9 10 11 12 13 14 15 16 16
10 18446744073709551601 18446744073709551598
3001 17 1 18446744073709551597 18446744073709551596
1 2 3 4 5 6 7 8 9 10 11 12 13 14 15 16 16
10 18446744073709551602 18446744073709551598
3002 17 1 18446744073709551597 18446744073709551596
1 2 3 4 5 6 7 8 9 10 11 12 13 14 15 16 16
10 18446744073709551603 18446744073709551598
3003 17 1 18446744073709551597 18446744073709551596
1 2 3 4 5 6 7 8 9 10 11 12 13 14 15 16 16
10 18446744073709551604 18446744073709551598
3004 17 1 18446744073709551597 18446744073709551596
1 2 3 4 5 6 7 8 9 10 11 12 13 14 15 16 16
10 18446744073709551605 18446744073709551598
3005 17 1 18446744073709551597 18446744073709551596
1 2 3 4 5 6 7 8 9 10 11 12 13 14 15 16 16
10 18446744073709551606 18446744073709551598
3006 17 1 18446744073709551597 18446744073709551596
1 2 3 4 5 6 7 8 9 10 11 12 13 14 15 16 16
10 18446744073709551607 18446744073709551598
3007 17 1 18446744073709551597 18446744073709551596
1 2 3 4 5 6 7 8 9 10 11 12 13 14 15 16 16
10 18446744073709551608 18446744073709551598
3008 17 1 18446744073709551597 18446744073709551596
1 2 3 4 5 6 7 8 9 10 11 12 13 14 15 16 16
10 18446744073709551609 18446744073709551598
3009 17 1 18446744073709551597 18446744073709551596
1 2 3 4 5 6 7 8 9 10 11 12 13 14 15 16 16
10 18446744073709551610 18446744073709551598
3010 17 1 18446744073709551597 18446744073709551596
1 2 3 4 5 6 7 8 9 10 11 12 13 14 15 16 16
10 18446744073709551611 18446744073709551598
3011 17 1 18446744073709551597 18446744073709551596
1 2 3 4 5 6 7 8 9 10 11 12 13 14 15 16 16
10 18446744073709551612 18446744073709551598
3012 17 1 18446744073709551597 18446744073709551596
1 2 3 4 5 6 7 8 9 10 11 12 13 14 15 16 16
10 18446744073709551613 18446744073709551598
3013 17 1 18446744073709551597 18446744073709551596
1 2 3 4 5 6 7 8 9 10 11 12 13 14 15 16 16
10 18446744073709551614 18446744073709551598
3014 17 1 18446744073709551597 18446744073709551596
1 2 3 4 5 6 7 8 9 10 11 12 13 14 15 16 16
10 18446744073709551615 18446744073709551598
3015 17 1 11 4
1 2 3 4 5 6 7 8 9 10 11 12 13 14 15 16 16
10 3 18446744073709551598
3016 17 1 0 0
1 2 3 4 5 6 7 8 9 10 11 12 13 14 15 16 16
11 0 18446744073709551598
3017 17 1 0 0
1 2 3 4 5 6 7 8 9 10 11 12 13 14 15 16 16
11 1 18446744073709551598
3018 17 1 0 0
1 2 3 4 5 6 7 8 9 10 11 12 13 14 15 16 16
11 2 18446744073709551598
3019 17 1 0 0
1 2 3 4 5 6 7 8 9 10 11 12 13 14 15 16 16
11 3 18446744073709551598
3020 17 1 0 0
1 2 3 4 5 6 7 8 9 10 11 12 13 14 15 16 16
11 4 18446744073709551598
3021 17 1 0 0
1 2 3 4 5 6 7 8 9 10 11 12 13 14 15 16 16
11 5 18446744073709551598
3022 17 1 0 0
1 2 3 4 5 6 7 8 9 10 11 12 13 14 15 16 16
11 6 18446744073709551598
3023 17 1 0 0
1 2 3 4 5 6 7 8 9 10 11 12 13 14 15 16 16
11 7 18446744073709551598
3024 17 1 0 0
1 2 3 4 5 6 7 8 9 10 11 12 13 14 15 16 16
11 8 18446744073709551598
3025 17 1 0 0
1 2 3 4 5 6 7 8 9 10 11 12 13 14 15 16 16
11 9 18446744073709551598
3026 17 1 0 0
1 2 3 4 5 6 7 8 9 10 11 12 13 14 15 16 16
11 10 18446744073709551598
3027 17 1 0 0
1 2 3 4 5 6 7 8 9 10 11 12 13 14 15 16 16
11 11 18446744073709551598
3028 17 1 0 0
1 2 3 4 5 6 7 8 9 10 11 12 13 14 15 16 16
11 12 18446744073709551598
3029 17 1 0 0
1 2 3 4 5 6 7 8 9 10 11 12 13 14 15 16 16
11 13 18446744073709551598
3030 17 1 0 0
1 2 3 4 5 6 7 8 9 10 11 12 13 14 15 16 16
11 14 18446744073709551598
3031 17 1 0 0
1 2 3 4 5 6 7 8 9 10 11 12 13 14 15 16 16
11 15 18446744073709551598
3032 17 1 7 3
1 2 3 4 5 6 7 8 9 10 11 12 13 14 15 16 16
11 7 18446744073709551598
3033 17 1 7 3
1 2 3 4 5 6 7 8 9 10 11 12 13 14 15 16 16
11 8 18446744073709551598
3034 17 1 7 3
1 2 3 4 5 6 7 8 9 10 11 12 13 14 15 16 16
11 9 18446744073709551598
3035 17 1 7 3
1 2 3 4 5 6 7 8 9 10 11 12 13 14 15 16 16
11 10 18446744073709551598
3036 17 1 7 3
1 2 3 4 5 6 7 8 9 10 11 12 13 14 15 16 16
11 11 18446744073709551598
3037 17 1 7 3
1 2 3 4 5 6 7 8 9 10 11 12 13 14 15 16 16
11 12 18446744073709551598
3038 17 1 7 3
1 2 3 4 5 6 7 8 9 10 11 12 13 14 15 16 16
11 13 18446744073709551598
3039 17 1 7 3
1 2 3 4 5 6 7 8 9 10 11 12 13 14 15 16 16
11 14 18446744073709551598
3040 17 1 7 3
1 2 3 4 5 6 7 8 9 10 11 12 13 14 15 16 16
11 15 18446744073709551598
3041 17 1 7 3
1 2 3 4 5 6 7 8 9 10 11 12 13 14 15 16 16
11 16 18446744073709551598
3042 17 1 7 3
1 2 3 4 5 6 7 8 9 10 11 12 13 14 15 16 16
11 17 18446744073709551598
3043 17 1 7 3
1 2 3 4 5 6 7 8 9 10 11 12 13 14 15 16 16
11 18 18446744073709551598
3044 17 1 7 3
1 2 3 4 5 6 7 8 9 10 11 12 13 14 15 16 16
11 19 18446744073709551598
3045 17 1 7 3
1 2 3 4 5 6 7 8 9 10 11 12 13 14 15 16 16
11 20 18446744073709551598
3046 17 1 7 3
1 2 3 4 5 6 7 8 9 10 11 12 13 14 15 16 16
11 21 18446744073709551598
3047 17 1 7 3
1 2 3 4 5 6 7 8 9 10 11 12 13 14 15 16 16
11 22 18446744073709551598
3048 17 1 18446744073709551600 18446744073709551599
1 2 3 4 5 6 7 8 9 10 11 12 13 14 15 16 16
11 18446744073709551600 18446744073709551598
3049 17 1 18446744073709551600 18446744073709551599
1 2 3 4 5 6 7 8 9 10 11 12 13 14 15 16 16
11 18446744073709551601 18446744073709551598
3050 17 1 18446744073709551600 18446744073709551599
1 2 3 4 5 6 7 8 9 10 11 12 13 14 15 16 16
11 18446744073709551602 18446744073709551598
3051 17 1 18446744073709551600 18446744073709551599
1 2 3 4 5 6 7 8 9 10 11 12 13 14 15 16 16
11 18446744073709551603 18446744073709551598
3052 17 1 18446744073709551600 18446744073709551599
1 2 3 4 5 6 7 8 9 10 11 12 13 14 15 16 16
11 18446744073709551604 18446744073709551598
3053 17 1 18446744073709551600 18446744073709551599
1 2 3 4 5 6 7 8 9 10 11 12 13 14 15 16 16
11 18446744073709551605 18446744073709551598
3054 17 1 18446744073709551600 18446744073709551599
1 2 3 4 5 6 7 8 9 10 11 12 13 14 15 16 16
11 18446744073709551606 18446744073709551598
3055 17 1 18446744073709551600 18446744073709551599
1 2 3 4 5 6 7 8 9 10 11 12 13 14 15 16 16
11 18446744073709551607 18446744073709551598
3056 17 1 18446744073709551600 18446744073709551599
1 2 3 4 5 6 7 8 9 10 11 12 13 14 15 16 16
11 18446744073709551608 18446744073709551598
3057 17 1 18446744073709551600 18446744073709551599
1 2 3 4 5 6 7 8 9 10 11 12 13 14 15 16 16
11 18446744073709551609 18446744073709551598
3058 17 1 18446744073709551600 18446744073709551599
1 2 3 4 5 6 7 8 9 10 11 12 13 14 15 16 16
11 18446744073709551610 18446744073709551598
3059 17 1 18446744073709551600 18446744073709551599
1 2 3 4 5 6 7 8 9 10 11 12 13 14 15 16 16
11 18446744073709551611 18446744073709551598
3060 17 1 18446744073709551600 18446744073709551599
1 2 3 4 5 6 7 8 9 10 11 12 13 14 15 16 16
11 18446744073709551612 18446744073709551598
3061 17 1 18446744073709551600 18446744073709551599
1 2 3 4 5 6 7 8 9 10 11 12 13 14 15 16 16
11 18446744073709551613 18446744073709551598
3062 17 1 18446744073709551600 18446744073709551599
1 2 3 4 5 6 7 8 9 10 11 12 13 14 15 16 16
11 18446744073709551614 18446744073709551598
3063 17 1 18446744073709551600 18446744073709551599
1 2 3 4 5 6 7 8 9 10 11 12 13 14 15 16 16
11 18446744073709551615 18446744073709551598
3064 17 1 11 4
1 2 3 4 5 6 7 8 9 10 11 12 13 14 15 16 16
11 3 18446744073709551598
3065 17 1 0 0
1 2 3 4 5 6 7 8 9 10 11 12 13 14 15 16 16
12 0 18446744073709551598
3066 17 1 0 0
1 2 3 4 5 6 7 8 9 10 11 12 13 14 15 16 16
12 1 18446744073709551598
3067 17 1 0 0
1 2 3 4 5 6 7 8 9 10 11 12 13 14 15 16 16
12 2 18446744073709551598
3068 17 1 0 0
1 2 3 4 5 6 7 8 9 10 11 12 13 14 15 16 16
12 3 18446744073709551598
3069 17 1 0 0
1 2 3 4 5 6 7 8 9 10 11 12 13 14 15 16 16
12 4 18446744073709551598
3070 17 1 0 0
1 2 3 4 5 6 7 8 9 10 11 12 13 14 15 16 16
12 5 18446744073709551598
3071 17 1 0 0
1 2 3 4 5 6 7 8 9 10 11 12 13 14 15 16 16
12 6 18446744073709551598
3072 17 1 0 0
1 2 3 4 5 6 7 8 9 10 11 12 13 14 15 16 16
12 7 18446744073709551598
3073 17 1 0 0
1 2 3 4 5 6 7 8 9 10 11 12 13 14 15 16 16
12 8 18446744073709551598
3074 17 1 0 0
1 2 3 4 5 6 7 8 9 10 11 12 13 14 15 16 16
12 9 18446744073709551598
3075 17 1 0 0
1 2 3 4 5 6 7 8 9 10 11 12 13 14 15 16 16
12 10 18446744073709551598
3076 17 1 0 0
1 2 3 4 5 6 7 8 9 10 11 12 13 14 15 16 16
12 11 18446744073709551598
3077 17 1 0 0
1 2 3 4 5 6 7 8 9 10 11 12 13 14 15 16 16
12 12 18446744073709551598
3078 17 1 7 3
1 2 3 4 5 6 7 8 9 10 11 12 13 14 15 16 16
12 7 18446744073709551598
3079 17 1 7 3
1 2 3 4 5 6 7 8 9 10 11 12 13 14 15 16 16
12 8 18446744073709551598
3080 17 1 7 3
1 2 3 4 5 6 7 8 9 10 11 12 13 14 15 16 16
12 9 18446744073709551598
3081 17 1 7 3
1 2 3 4 5 6 7 8 9 10 11 12 13 14 15 16 16
12 10 18446744073709551598
3082 17 1 7 3
1 2 3 4 5 6 7 8 9 10 11 12 13 14 15 16 16
12 11 18446744073709551598
3083 17 1 7 3
1 2 3 4 5 6 7 8 9 10 11 12 13 14 15 16 16
12 12 18446744073709551598
3084 17 1 7 3
1 2 3 4 5 6 7 8 9 10 11 12 13 14 15 16 16
12 13 18446744073709551598
3085 17 1 7 3
1 2 3 4 5 6 7 8 9 10 11 12 13 14 15 16 16
12 14 18446744073709551598
3086 17 1 7 3
1 2 3 4 5 6 7 8 9 10 11 12 13 14 15 16 16
12 15 18446744073709551598
3087 17 1 7 3
1 2 3 4 5 6 7 8 9 10 11 12 13 14 15 16 16
12 16 18446744073709551598
3088 17 1 7 3
1 2 3 4 5 6 7 8 9 10 11 12 13 14 15 16 16
12 17 18446744073709551598
3089 17 1 7 3
1 2 3 4 5 6 7 8 9 10 11 12 13 14 15 16 16
12 18 18446744073709551598
3090 17 1 7 3
1 2 3 4 5 6 7 8 9 10 11 12 13 14 15 16 16
12 19 18446744073709551598
3091 17 1 18446744073709551603 18446744073709551602
1 2 3 4 5 6 7 8 9 10 11 12 13 14 15 16 16
12 18446744073709551603 18446744073709551598
3092 17 1 18446744073709551603 18446744073709551602
1 2 3 4 5 6 7 8 9 10 11 12 13 14 15 16 16
12 18446744073709551604 18446744073709551598
3093 17 1 18446744073709551603 18446744073709551602
1 2 3 4 5 6 7 8 9 10 11 12 13 14 15 16 16
12 18446744073709551605 18446744073709551598
3094 17 1 18446744073709551603 18446744073709551602
1 2 3 4 5 6 7 8 9 10 11 12 13 14 15 16 16
12 18446744073709551606 18446744073709551598
3095 17 1 18446744073709551603 18446744073709551602
1 2 3 4 5 6 7 8 9 10 11 12 13 14 15 16 16
12 18446744073709551607 18446744073709551598
3096 17 1 18446744073709551603 18446744073709551602
1 2 3 4 5 6 7 8 9 10 11 12 13 14 15 16 16
12 18446744073709551608 18446744073709551598
3097 17 1 18446744073709551603 18446744073709551602
1 2 3 4 5 6 7 8 9 10 11 12 13 14 15 16 16
12 18446744073709551609 18446744073709551598
3098 17 1 18446744073709551603 18446744073709551602
1 2 3 4 5 6 7 8 9 10 11 12 13 14 15 16 16
12 18446744073709551610 18446744073709551598
3099 17 1 18446744073709551603 18446744073709551602
1 2 3 4 5 6 7 8 9 10 11 12 13 14 15 16 16
12 18446744073709551611 18446744073709551598
3100 17 1 18446744073709551603 18446744073709551602
1 2 3 4 5 6 7 8 9 10 11 12 13 14 15 16 16
12 18446744073709551612 18446744073709551598
3101 17 1 18446744073709551603 18446744073709551602
1 2 3 4 5 6 7 8 9 10 11 12 13 14 15 16 16
12 18446744073709551613 18446744073709551598
3102 17 1 18446744073709551603 18446744073709551602
1 2 3 4 5 6 7 8 9 10 11 12 13 14 15 16 16
12 18446744073709551614 18446744073709551598
3103 17 1 18446744073709551603 18446744073709551602
1 2 3 4 5 6 7 8 9 10 11 12 13 14 15 16 16
12 18446744073709551615 18446744073709551598
3104 17 1 11 4
1 2 3 4 5 6 7 8 9 10 11 12 13 14 15 16 16
12 3 18446744073709551598
3105 17 1 0 0
1 2 3 4 5 6 7 8 9 10 11 12 13 14 15 16 16
13 0 18446744073709551598
3106 17 1 0 0
1 2 3 4 5 6 7 8 9 10 11 12 13 14 15 16 16
13 1 18446744073709551598
3107 17 1 0 0
1 2 3 4 5 6 7 8 9 10 11 12 13 14 15 16 16
13 2 18446744073709551598
3108 17 1 0 0
1 2 3 4 5 6 7 8 9 10 11 12 13 14 15 16 16
13 3 18446744073709551598
3109 17 1 0 0
1 2 3 4 5 6 7 8 9 10 11 12 13 14 15 16 16
13 4 18446744073709551598
3110 17 1 0 0
1 2 3 4 5 6 7 8 9 10 11 12 13 14 15 16 16
13 5 18446744073709551598
3111 17 1 0 0
1 2 3 4 5 6 7 8 9 10 11 12 13 14 15 16 16
13 6 18446744073709551598
3112 17 1 0 0
1 2 3 4 5 6 7 8 9 10 11 12 13 14 15 16 16
13 7 18446744073709551598
3113 17 1 0 0
1 2 3 4 5 6 7 8 9 10 11 12 13 14 15 16 16
13 8 18446744073709551598
3114 17 1 0 0
1 2 3 4 5 6 7 8 9 10 11 12 13 14 15 16 16
13 9 18446744073709551598
3115 17 1 7 3
1 2 3 4 5 6 7 8 9 10 11 12 13 14 15 16 16
13 7 18446744073709551598
3116 17 1 7 3
1 2 3 4 5 6 7 8 9 10 11 12 13 14 15 16 16
13 8 18446744073709551598
3117 17 1 7 3
1 2 3 4 5 6 7 8 9 10 11 12 13 14 15 16 16
13 9 18446744073709551598
3118 17 1 7 3
1 2 3 4 5 6 7 8 9 10 11 12 13 14 15 16 16
13 10 18446744073709551598
3119 17 1 7 3
1 2 3 4 5 6 7 8 9 10 11 12 13 14 15 16 16
13 11 18446744073709551598
3120 17 1 7 3
1 2 3 4 5 6 7 8 9 10 11 12 13 14 15 16 16
13 12 18446744073709551598
3121 17 1 7 3
1 2 3 4 5 6 7 8 9 10 11 12 13 14 15 16 16
13 13 18446744073709551598
3122 17 1 7 3
1 2 3 4 5 6 7 8 9 10 11 12 13 14 15 16 16
13 14 18446744073709551598
3123 17 1 7 3
1 2 3 4 5 6 7 8 9 10 11 12 13 14 15 16 16
13 15 18446744073709551598
3124 17 1 7 3
1 2 3 4 5 6 7 8 9 10 11 12 13 14 15 16 16
13 16 18446744073709551598
3125 17 1 18446744073709551606 18446744073709551605
1 2 3 4 5 6 7 8 9 10 11 12 13 14 15 16 16
13 18446744073709551606 18446744073709551598
3126 17 1 18446744073709551606 18446744073709551605
1 2 3 4 5 6 7 8 9 10 11 12 13 14 15 16 16
13 18446744073709551607 18446744073709551598
3127 17 1 18446744073709551606 18446744073709551605
1 2 3 4 5 6 7 8 9 10 11 12 13 14 15 16 16
13 18446744073709551608 18446744073709551598
3128 17 1 18446744073709551606 18446744073709551605
1 2 3 4 5 6 7 8 9 10 11 12 13 14 15 16 16
13 18446744073709551609 18446744073709551598
3129 17 1 18446744073709551606 18446744073709551605
1 2 3 4 5 6 7 8 9 10 11 12 13 14 15 16 16
13 18446744073709551610 18446744073709551598
3130 17 1 18446744073709551606 18446744073709551605
1 2 3 4 5 6 7 8 9 10 11 12 13 14 15 16 16
13 18446744073709551611 18446744073709551598
3131 17 1 18446744073709551606 18446744073709551605
1 2 3 4 5 6 7 8 9 10 11 12 13 14 15 16 16
13 18446744073709551612 18446744073709551598
3132 17 1 18446744073709551606 18446744073709551605
1 2 3 4 5 6 7 8 9 10 11 12 13 14 15 16 16
13 18446744073709551613 18446744073709551598
3133 17 1 18446744073709551606 18446744073709551605
1 2 3 4 5 6 7 8 9 10 11 12 13 14 15 16 16
13 18446744073709551614 18446744073709551598
3134 17 1 18446744073709551606 18446744073709551605
1 2 3 4 5 6 7 8 9 10 11 12 13 14 15 16 16
13 18446744073709551615 18446744073709551598
3135 17 1 11 4
1 2 3 4 5 6 7 8 9 10 11 12 13 14 15 16 16
13 3 18446744073709551598
3136 17 1 0 0
1 2 3 4 5 6 7 8 9 10 11 12 13 14 15 16 16
14 0 18446744073709551598
3137 17 1 0 0
1 2 3 4 5 6 7 8 9 10 11 12 13 14 15 16 16
14 1 18446744073709551598
3138 17 1 0 0
1 2 3 4 5 6 7 8 9 10 11 12 13 14 15 16 16
14 2 18446744073709551598
3139 17 1 0 0
1 2 3 4 5 6 7 8 9 10 11 12 13 14 15 16 16
14 3 18446744073709551598
3140 17 1 0 0
1 2 3 4 5 6 7 8 9 10 11 12 13 14 15 16 16
14 4 18446744073709551598
3141 17 1 0 0
1 2 3 4 5 6 7 8 9 10 11 12 13 14 15 16 16
14 5 18446744073709551598
3142 17 1 0 0
1 2 3 4 5 6 7 8 9 10 11 12 13 14 15 16 16
14 6 18446744073709551598
3143 17 1 7 3
1 2 3 4 5 6 7 8 9 10 11 12 13 14 15 16 16
14 7 18446744073709551598
3144 17 1 7 3
1 2 3 4 5 6 7 8 9 10 11 12 13 14 15 16 16
14 8 18446744073709551598
3145 17 1 7 3
1 2 3 4 5 6 7 8 9 10 11 12 13 14 15 16 16
14 9 18446744073709551598
3146 17 1 7 3
1 2 3 4 5 6 7 8 9 10 11 12 13 14 15 16 16
14 10 18446744073709551598
3147 17 1 7 3
1 2 3 4 5 6 7 8 9 10 11 12 13 14 15 16 16
14 11 18446744073709551598
3148 17 1 7 3
1 2 3 4 5 6 7 8 9 10 11 12 13 14 15 16 16
14 12 18446744073709551598
3149 17 1 7 3
1 2 3 4 5 6 7 8 9 10 11 12 13 14 15 16 16
14 13 18446744073709551598
3150 17 1 18446744073709551609 18446744073709551608
1 2 3 4 5 6 7 8 9 10 11 12 13 14 15 16 16
14 18446744073709551609 18446744073709551598
3151 17 1 18446744073709551609 18446744073709551608
1 2 3 4 5 6 7 8 9 10 11 12 13 14 15 16 16
14 18446744073709551610 18446744073709551598
3152 17 1 18446744073709551609 18446744073709551608
1 2 3 4 5 6 7 8 9 10 11 12 13 14 15 16 16
14 18446744073709551611 18446744073709551598
3153 17 1 18446744073709551609 18446744073709551608
1 2 3 4 5 6 7 8 9 10 11 12 13 14 15 16 16
14 18446744073709551612 18446744073709551598
3154 17 1 18446744073709551609 18446744073709551608
1 2 3 4 5 6 7 8 9 10 11 12 13 14 15 16 16
14 18446744073709551613 18446744073709551598
3155 17 1 18446744073709551609 18446744073709551608
1 2 3 4 5 6 7 8 9 10 11 12 13 14 15 16 16
14 18446744073709551614 18446744073709551598
3156 17 1 18446744073709551609 18446744073709551608
1 2 3 4 5 6 7 8 9 10 11 12 13 14 15 16 16
14 18446744073709551615 18446744073709551598
3157 17 1 11 4
1 2 3 4 5 6 7 8 9 10 11 12 13 14 15 16 16
14 3 18446744073709551598
3158 17 1 0 0
1 2 3 4 5 6 7 8 9 10 11 12 13 14 15 16 16
15 0 18446744073709551598
3159 17 1 0 0
1 2 3 4 5 6 7 8 9 10 11 12 13 14 15 16 16
15 1 18446744073709551598
3160 17 1 0 0
1 2 3 4 5 6 7 8 9 10 11 12 13 14 15 16 16
15 2 18446744073709551598
3161 17 1 0 0
1 2 3 4 5 6 7 8 9 10 11 12 13 14 15 16 16
15 3 18446744073709551598
3162 17 1 7 3
1 2 3 4 5 6 7 8 9 10 11 12 13 14 15 16 16
15 7 18446744073709551598
3163 17 1 7 3
1 2 3 4 5 6 7 8 9 10 11 12 13 14 15 16 16
15 8 18446744073709551598
3164 17 1 7 3
1 2 3 4 5 6 7 8 9 10 11 12 13 14 15 16 16
15 9 18446744073709551598
3165 17 1 7 3
1 2 3 4 5 6 7 8 9 10 11 12 13 14 15 16 16
15 10 18446744073709551598
3166 17 1 18446744073709551612 18446744073709551611
1 2 3 4 5 6 7 8 9 10 11 12 13 14 15 16 16
15 18446744073709551612 18446744073709551598
3167 17 1 18446744073709551612 18446744073709551611
1 2 3 4 5 6 7 8 9 10 11 12 13 14 15 16 16
15 18446744073709551613 18446744073709551598
3168 17 1 18446744073709551612 18446744073709551611
1 2 3 4 5 6 7 8 9 10 11 12 13 14 15 16 16
15 18446744073709551614 18446744073709551598
3169 17 1 18446744073709551612 18446744073709551611
1 2 3 4 5 6 7 8 9 10 11 12 13 14 15 16 16
15 18446744073709551615 18446744073709551598
3170 17 1 11 4
1 2 3 4 5 6 7 8 9 10 11 12 13 14 15 16 16
15 3 18446744073709551598
3171 17 1 0 0
1 2 3 4 5 6 7 8 9 10 11 12 13 14 15 16 16
16 0 18446744073709551598
3172 17 1 0 0
1 2 3 4 5 6 7 8 9 10 11 12 13 14 15 16 16
16 1 18446744073709551598
3173 17 1 0 0
1 2 3 4 5 6 7 8 9 10 11 12 13 14 15 16 16
16 2 18446744073709551598
3174 17 1 7 3
1 2 3 4 5 6 7 8 9 10 11 12 13 14 15 16 16
16 7 18446744073709551598
3175 17 1 7 3
1 2 3 4 5 6 7 8 9 10 11 12 13 14 15 16 16
16 8 18446744073709551598
3176 17 1 7 3
1 2 3 4 5 6 7 8 9 10 11 12 13 14 15 16 16
16 9 18446744073709551598
3177 17 1 18446744073709551613 18446744073709551612
1 2 3 4 5 6 7 8 9 10 11 12 13 14 15 16 16
16 18446744073709551613 18446744073709551598
3178 17 1 18446744073709551613 18446744073709551612
1 2 3 4 5 6 7 8 9 10 11 12 13 14 15 16 16
16 18446744073709551614 18446744073709551598
3179 17 1 18446744073709551613 18446744073709551612
1 2 3 4 5 6 7 8 9 10 11 12 13 14 15 16 16
16 18446744073709551615 18446744073709551598
3180 17 1 11 4
1 2 3 4 5 6 7 8 9 10 11 12 13 14 15 16 16
16 3 18446744073709551598
3181 17 1 0 0
1 2 3 4 5 6 7 8 9 10 11 12 13 14 15 16 16
17 0 23
3182 17 1 7 3
1 2 3 4 5 6 7 8 9 10 11 12 13 14 15 16 16
17 10 23
3183 17 1 18446744073709551615 18446744073709551615
1 2 3 4 5 6 7 8 9 10 11 12 13 14 15 16 16
17 18446744073709551615 23
3184 17 1 0 0
1 2 3 4 5 6 7 8 9 10 11 12 13 14 15 16 16
18446744073709551615 0 23
3185 17 1 7 3
1 2 3 4 5 6 7 8 9 10 11 12 13 14 15 16 16
18446744073709551615 10 23
3186 17 1 18446744073709551615 18446744073709551615
1 2 3 4 5 6 7 8 9 10 11 12 13 14 15 16 16
18446744073709551615 18446744073709551615 23
3187 12 1 0 0
4 6 4 8 9 6 11 7 11 11 10 11
0 0 18446744073709551598
3188 12 1 0 0
4 6 4 8 9 6 11 7 11 11 10 11
0 1 18446744073709551598
3189 12 1 0 0
4 6 4 8 9 6 11 7 11 11 10 11
0 2 18446744073709551598
3190 12 1 0 0
4 6 4 8 9 6 11 7 11 11 10 11
0 3 18446744073709551598
3191 12 1 0 0
4 6 4 8 9 6 11 7 11 11 10 11
0 4 18446744073709551598
3192 12 1 0 0
4 6 4 8 9 6 11 7 11 11 10 11
0 5 18446744073709551598
3193 12 1 0 0
4 6 4 8 9 6 11 7 11 11 10 11
0 6 18446744073709551598
3194 12 1 0 0
4 6 4 8 9 6 11 7 11 11 10 11
0 7 18446744073709551598
3195 12 1 0 0
4 6 4 8 9 6 11 7 11 11 10 11
0 8 18446744073709551598
3196 12 1 0 0
4 6 4 8 9 6 11 7 11 11 10 11
0 9 18446744073709551598
3197 12 1 7 3
4 6 4 8 9 6 11 7 11 11 10 11
0 7 18446744073709551598
3198 12 1 7 3
4 6 4 8 9 6 11 7 11 11 10 11
0 8 18446744073709551598
3199 12 1 7 3
4 6 4 8 9 6 11 7 11 11 10 11
0 9 18446744073709551598
3200 12 1 7 3
4 6 4 8 9 6 11 7 11 11 10 11
0 10 18446744073709551598
3201 12 1 7 3
4 6 4 8 9 6 11 7 11 11 10 11
0 11 18446744073709551598
3202 12 1 7 3
4 6 4 8 9 6 11 7 11 11 10 11
0 12 18446744073709551598
3203 12 1 7 3
4 6 4 8 9 6 11 7 11 11 10 11
0 13 18446744073709551598
3204 12 1 7 3
4 6 4 8 9 6 11 7 11 11 10 11
0 14 18446744073709551598
3205 12 1 7 3
4 6 4 8 9 6 11 7 11 11 10 11
0 15 18446744073709551598
3206 12 1 7 3
4 6 4 8 9 6 11 7 11 11 10 11
0 16 18446744073709551598
3207 12 1 18446744073709551606 18446744073709551605
4 6 4 8 9 6 11 7 11 11 10 11
0 18446744073709551606 18446744073709551598
3208 12 1 18446744073709551606 18446744073709551605
4 6 4 8 9 6 11 7 11 11 10 11
0 18446744073709551607 18446744073709551598
3209 12 1 18446744073709551606 18446744073709551605
4 6 4 8 9 6 11 7 11 11 10 11
0 18446744073709551608 18446744073709551598
3210 12 1 18446744073709551606 18446744073709551605
4 6 4 8 9 6 11 7 11 11 10 11
0 18446744073709551609 18446744073709551598
3211 12 1 18446744073709551606 18446744073709551605
4 6 4 8 9 6 11 7 11 11 10 11
0 18446744073709551610 18446744073709551598
3212 12 1 18446744073709551606 18446744073709551605
4 6 4 8 9 6 11 7 11 11 10 11
0 18446744073709551611 18446744073709551598
3213 12 1 18446744073709551606 18446744073709551605
4 6 4 8 9 6 11 7 11 11 10 11
0 18446744073709551612 18446744073709551598
3214 12 1 18446744073709551606 18446744073709551605
4 6 4 8 9 6 11 7 11 11 10 11
0 18446744073709551613 18446744073709551598
3215 12 1 18446744073709551606 18446744073709551605
4 6 4 8 9 6 11 7 11 11 10 11
0 18446744073709551614 18446744073709551598
3216 12 1 18446744073709551606 18446744073709551605
4 6 4 8 9 6 11 7 11 11 10 11
0 18446744073709551615 18446744073709551598
3217 12 1 11 4
4 6 4 8 9 6 11 7 11 11 10 11
0 3 18446744073709551598
3218 12 1 0 0
4 6 4 8 9 6 11 7 11 11 10 11
1 0 18446744073709551598
3219 12 1 0 0
4 6 4 8 9 6 11 7 11 11 10 11
1 1 18446744073709551598
3220 12 1 0 0
4 6 4 8 9 6 11 7 11 11 10 11
1 2 18446744073709551598
3221 12 1 0 0
4 6 4 8 9 6 11 7 11 11 10 11
1 3 18446744073709551598
3222 12 1 0 0
4 6 4 8 9 6 11 7 11 11 10 11
1 4 18446744073709551598
3223 12 1 0 0
4 6 4 8 9 6 11 7 11 11 10 11
1 5 18446744073709551598
3224 12 1 0 0
4 6 4 8 9 6 11 7 11 11 10 11
1 6 18446744073709551598
3225 12 1 7 3
4 6 4 8 9 6 11 7 11 11 10 11
1 7 18446744073709551598
3226 12 1 7 3
4 6 4 8 9 6 11 7 11 11 10 11
1 8 18446744073709551598
3227 12 1 7 3
4 6 4 8 9 6 11 7 11 11 10 11
1 9 18446744073709551598
3228 12 1 7 3
4 6 4 8 9 6 11 7 11 11 10 11
1 10 18446744073709551598
3229 12 1 7 3
4 6 4 8 9 6 11 7 11 11 10 11
1 11 18446744073709551598
3230 12 1 7 3
4 6 4 8 9 6 11 7 11 11 10 11
1 12 18446744073709551598
3231 12 1 7 3
4 6 4 8 9 6 11 7 11 11 10 11
1 13 18446744073709551598
3232 12 1 18446744073709551609 18446744073709551608
4 6 4 8 9 6 11 7 11 11 10 11
1 18446744073709551609 18446744073709551598
3233 12 1 18446744073709551609 18446744073709551608
4 6 4 8 9 6 11 7 11 11 10 11
1 18446744073709551610 18446744073709551598
3234 12 1 18446744073709551609 18446744073709551608
4 6 4 8 9 6 11 7 11 11 10 11
1 18446744073709551611 18446744073709551598
3235 12 1 18446744073709551609 18446744073709551608
4 6 4 8 9 6 11 7 11 11 10 11
1 18446744073709551612 18446744073709551598
3236 12 1 18446744073709551609 18446744073709551608
4 6 4 8 9 6 11 7 11 11 10 11
1 18446744073709551613 18446744073709551598
3237 12 1 18446744073709551609 18446744073709551608
4 6 4 8 9 6 11 7 11 11 10 11
1 18446744073709551614 18446744073709551598
3238 12 1 18446744073709551609 18446744073709551608
4 6 4 8 9 6 11 7 11 11 10 11
1 18446744073709551615 18446744073709551598
3239 12 1 11 4
4 6 4 8 9 6 11 7 11 11 10 11
1 3 18446744073709551598
3240 12 1 0 0
4 6 4 8 9 6 11 7 11 11 10 11
2 0 18446744073709551598
3241 12 1 0 0
4 6 4 8 9 6 11 7 11 11 10 11
2 1 18446744073709551598
3242 12 1 0 0
4 6 4 8 9 6 11 7 11 11 10 11
2 2 18446744073709551598
3243 12 1 0 0
4 6 4 8 9 6 11 7 11 11 10 11
2 3 18446744073709551598
3244 12 1 0 0
4 6 4 8 9 6 11 7 11 11 10 11
2 4 18446744073709551598
3245 12 1 0 0
4 6 4 8 9 6 11 7 11 11 10 11
2 5 18446744073709551598
3246 12 1 0 0
4 6 4 8 9 6 11 7 11 11 10 11
2 6 18446744073709551598
3247 12 1 0 0
4 6 4 8 9 6 11 7 11 11 10 11
2 7 18446744073709551598
3248 12 1 0 0
4 6 4 8 9 6 11 7 11 11 10 11
2 8 18446744073709551598
3249 12 1 0 0
4 6 4 8 9 6 11 7 11 11 10 11
2 9 18446744073709551598
3250 12 1 7 3
4 6 4 8 9 6 11 7 11 11 10 11
2 7 18446744073709551598
3251 12 1 7 3
4 6 4 8 9 6 11 7 11 11 10 11
2 8 18446744073709551598
3252 12 1 7 3
4 6 4 8 9 6 11 7 11 11 10 11
2 9 18446744073709551598
3253 12 1 7 3
4 6 4 8 9 6 11 7 11 11 10 11
2 10 18446744073709551598
3254 12 1 7 3
4 6 4 8 9 6 11 7 11 11 10 11
2 11 18446744073709551598
3255 12 1 7 3
4 6 4 8 9 6 11 7 11 11 10 11
2 12 18446744073709551598
3256 12 1 7 3
4 6 4 8 9 6 11 7 11 11 10 11
2 13 18446744073709551598
3257 12 1 7 3
4 6 4 8 9 6 11 7 11 11 10 11
2 14 18446744073709551598
3258 12 1 7 3
4 6 4 8 9 6 11 7 11 11 10 11
2 15 18446744073709551598
3259 12 1 7 3
4 6 4 8 9 6 11 7 11 11 10 11
2 16 18446744073709551598
3260 12 1 18446744073709551606 18446744073709551605
4 6 4 8 9 6 11 7 11 11 10 11
2 18446744073709551606 18446744073709551598
3261 12 1 18446744073709551606 18446744073709551605
4 6 4 8 9 6 11 7 11 11 10 11
2 18446744073709551607 18446744073709551598
3262 12 1 18446744073709551606 18446744073709551605
4 6 4 8 9 6 11 7 11 11 10 11
2 18446744073709551608 18446744073709551598
3263 12 1 18446744073709551606 18446744073709551605
4 6 4 8 9 6 11 7 11 11 10 11
2 18446744073709551609 18446744073709551598
3264 12 1 18446744073709551606 18446744073709551605
4 6 4 8 9 6 11 7 11 11 10 11
2 18446744073709551610 18446744073709551598
3265 12 1 18446744073709551606 18446744073709551605
4 6 4 8 9 6 11 7 11 11 10 11
2 18446744073709551611 18446744073709551598
3266 12 1 18446744073709551606 18446744073709551605
4 6 4 8 9 6 11 7 11 11 10 11
2 18446744073709551612 18446744073709551598
3267 12 1 18446744073709551606 18446744073709551605
4 6 4 8 9 6 11 7 11 11 10 11
2 18446744073709551613 18446744073709551598
3268 12 1 18446744073709551606 18446744073709551605
4 6 4 8 9 6 11 7 11 11 10 11
2 18446744073709551614 18446744073709551598
3269 12 1 18446744073709551606 18446744073709551605
4 6 4 8 9 6 11 7 11 11 10 11
2 18446744073709551615 18446744073709551598
3270 12 1 11 4
4 6 4 8 9 6 11 7 11 11 10 11
2 3 18446744073709551598
3271 12 1 0 0
4 6 4 8 9 6 11 7 11 11 10 11
3 0 18446744073709551598
3272 12 1 0 0
4 6 4 8 9 6 11 7 11 11 10 11
3 1 18446744073709551598
3273 12 1 0 0
4 6 4 8 9 6 11 7 11 11 10 11
3 2 18446744073709551598
3274 12 1 0 0
4 6 4 8 9 6 11 7 11 11 10 11
3 3 18446744073709551598
3275 12 1 0 0
4 6 4 8 9 6 11 7 11 11 10 11
3 4 18446744073709551598
3276 12 1 0 0
4 6 4 8 9 6 11 7 11 11 10 11
3 5 18446744073709551598
3277 12 1 0 0
4 6 4 8 9 6 11 7 11 11 10 11
3 6 18446744073709551598
3278 12 1 7 3
4 6 4 8 9 6 11 7 11 11 10 11
3 7 18446744073709551598
3279 12 1 7 3
4 6 4 8 9 6 11 7 11 11 10 11
3 8 18446744073709551598
3280 12 1 7 3
4 6 4 8 9 6 11 7 11 11 10 11
3 9 18446744073709551598
3281 12 1 7 3
4 6 4 8 9 6 11 7 11 11 10 11
3 10 18446744073709551598
3282 12 1 7 3
4 6 4 8 9 6 11 7 11 11 10 11
3 11 18446744073709551598
3283 12 1 7 3
4 6 4 8 9 6 11 7 11 11 10 11
3 12 18446744073709551598
3284 12 1 7 3
4 6 4 8 9 6 11 7 11 11 10 11
3 13 18446744073709551598
3285 12 1 18446744073709551609 18446744073709551608
4 6 4 8 9 6 11 7 11 11 10 11
3 18446744073709551609 18446744073709551598
3286 12 1 18446744073709551609 18446744073709551608
4 6 4 8 9 6 11 7 11 11 10 11
3 18446744073709551610 18446744073709551598
3287 12 1 18446744073709551609 18446744073709551608
4 6 4 8 9 6 11 7 11 11 10 11
3 18446744073709551611 18446744073709551598
3288 12 1 18446744073709551609 18446744073709551608
4 6 4 8 9 6 11 7 11 11 10 11
3 18446744073709551612 18446744073709551598
3289 12 1 18446744073709551609 18446744073709551608
4 6 4 8 9 6 11 7 11 11 10 11
3 18446744073709551613 18446744073709551598
3290 12 1 18446744073709551609 18446744073709551608
4 6 4 8 9 6 11 7 11 11 10 11
3 18446744073709551614 18446744073709551598
3291 12 1 18446744073709551609 18446744073709551608
4 6 4 8 9 6 11 7 11 11 10 11
3 18446744073709551615 18446744073709551598
3292 12 1 11 4
4 6 4 8 9 6 11 7 11 11 10 11
3 3 18446744073709551598
3293 12 1 0 0
4 6 4 8 9 6 11 7 11 11 10 11
4 0 18446744073709551598
3294 12 1 0 0
4 6 4 8 9 6 11 7 11 11 10 11
4 1 18446744073709551598
3295 12 1 0 0
4 6 4 8 9 6 11 7 11 11 10 11
4 2 18446744073709551598
3296 12 1 0 0
4 6 4 8 9 6 11 7 11 11 10 11
4 3 18446744073709551598
3297 12 1 0 0
4 6 4 8 9 6 11 7 11 11 10 11
4 4 18446744073709551598
3298 12 1 0 0
4 6 4 8 9 6 11 7 11 11 10 11
4 5 18446744073709551598
3299 12 1 0 0
4 6 4 8 9 6 11 7 11 11 10 11
4 6 18446744073709551598
3300 12 1 7 3
4 6 4 8 9 6 11 7 11 11 10 11
4 7 18446744073709551598
3301 12 1 7 3
4 6 4 8 9 6 11 7 11 11 10 11
4 8 18446744073709551598
3302 12 1 7 3
4 6 4 8 9 6 11 7 11 11 10 11
4 9 18446744073709551598
3303 12 1 7 3
4 6 4 8 9 6 11 7 11 11 10 11
4 10 18446744073709551598
3304 12 1 7 3
4 6 4 8 9 6 11 7 11 11 10 11
4 11 18446744073709551598
3305 12 1 7 3
4 6 4 8 9 6 11 7 11 11 10 11
4 12 18446744073709551598
3306 12 1 7 3
4 6 4 8 9 6 11 7 11 11 10 11
4 13 18446744073709551598
3307 12 1 18446744073709551609 18446744073709551608
4 6 4 8 9 6 11 7 11 11 10 11
4 18446744073709551609 18446744073709551598
3308 12 1 18446744073709551609 18446744073709551608
4 6 4 8 9 6 11 7 11 11 10 11
4 18446744073709551610 18446744073709551598
3309 12 1 18446744073709551609 18446744073709551608
4 6 4 8 9 6 11 7 11 11 10 11
4 18446744073709551611 18446744073709551598
3310 12 1 18446744073709551609 18446744073709551608
4 6 4 8 9 6 11 7 11 11 10 11
4 18446744073709551612 18446744073709551598
3311 12 1 18446744073709551609 18446744073709551608
4 6 4 8 9 6 11 7 11 11 10 11
4 18446744073709551613 18446744073709551598
3312 12 1 18446744073709551609 18446744073709551608
4 6 4 8 9 6 11 7 11 11 10 11
4 18446744073709551614 18446744073709551598
3313 12 1 18446744073709551609 18446744073709551608
4 6 4 8 9 6 11 7 11 11 10 11
4 18446744073709551615 18446744073709551598
3314 12 1 11 4
4 6 4 8 9 6 11 7 11 11 10 11
4 3 18446744073709551598
3315 12 1 0 0
4 6 4 8 9 6 11 7 11 11 10 11
5 0 18446744073709551598
3316 12 1 0 0
4 6 4 8 9 6 11 7 11 11 10 11
5 1 18446744073709551598
3317 12 1 0 0
4 6 4 8 9 6 11 7 11 11 10 11
5 2 18446744073709551598
3318 12 1 0 0
4 6 4 8 9 6 11 7 11 11 10 11
5 3 18446744073709551598
3319 12 1 0 0
4 6 4 8 9 6 11 7 11 11 10 11
5 4 18446744073709551598
3320 12 1 0 0
4 6 4 8 9 6 11 7 11 11 10 11
5 5 18446744073709551598
3321 12 1 0 0
4 6 4 8 9 6 11 7 11 11 10 11
5 6 18446744073709551598
3322 12 1 7 3
4 6 4 8 9 6 11 7 11 11 10 11
5 7 18446744073709551598
3323 12 1 7 3
4 6 4 8 9 6 11 7 11 11 10 11
5 8 18446744073709551598
3324 12 1 7 3
4 6 4 8 9 6 11 7 11 11 10 11
5 9 18446744073709551598
3325 12 1 7 3
4 6 4 8 9 6 11 7 11 11 10 11
5 10 18446744073709551598
3326 12 1 7 3
4 6 4 8 9 6 11 7 11 11 10 11
5 11 18446744073709551598
3327 12 1 7 3
4 6 4 8 9 6 11 7 11 11 10 11
5 12 18446744073709551598
3328 12 1 7 3
4 6 4 8 9 6 11 7 11 11 10 11
5 13 18446744073709551598
3329 12 1 18446744073709551609 18446744073709551608
4 6 4 8 9 6 11 7 11 11 10 11
5 18446744073709551609 18446744073709551598
3330 12 1 18446744073709551609 18446744073709551608
4 6 4 8 9 6 11 7 11 11 10 11
5 18446744073709551610 18446744073709551598
3331 12 1 18446744073709551609 18446744073709551608
4 6 4 8 9 6 11 7 11 11 10 11
5 18446744073709551611 18446744073709551598
3332 12 1 18446744073709551609 18446744073709551608
4 6 4 8 9 6 11 7 11 11 10 11
5 18446744073709551612 18446744073709551598
3333 12 1 18446744073709551609 18446744073709551608
4 6 4 8 9 6 11 7 11 11 10 11
5 18446744073709551613 18446744073709551598
3334 12 1 18446744073709551609 18446744073709551608
4 6 4 8 9 6 11 7 11 11 10 11
5 18446744073709551614 18446744073709551598
3335 12 1 18446744073709551609 18446744073709551608
4 6 4 8 9 6 11 7 11 11 10 11
5 18446744073709551615 18446744073709551598
3336 12 1 11 4
4 6 4 8 9 6 11 7 11 11 10 11
5 3 18446744073709551598
3337 12 1 0 0
4 6 4 8 9 6 11 7 11 11 10 11
6 0 18446744073709551598
3338 12 1 0 0
4 6 4 8 9 6 11 7 11 11 10 11
6 1 18446744073709551598
3339 12 1 0 0
4 6 4 8 9 6 11 7 11 11 10 11
6 2 18446744073709551598
3340 12 1 0 0
4 6 4 8 9 6 11 7 11 11 10 11
6 3 18446744073709551598
3341 12 1 7 3
4 6 4 8 9 6 11 7 11 11 10 11
6 7 18446744073709551598
3342 12 1 7 3
4 6 4 8 9 6 11 7 11 11 10 11
6 8 18446744073709551598
3343 12 1 7 3
4 6 4 8 9 6 11 7 11 11 10 11
6 9 18446744073709551598
3344 12 1 7 3
4 6 4 8 9 6 11 7 11 11 10 11
6 10 18446744073709551598
3345 12 1 18446744073709551612 18446744073709551611
4 6 4 8 9 6 11 7 11 11 10 11
6 18446744073709551612 18446744073709551598
3346 12 1 18446744073709551612 18446744073709551611
4 6 4 8 9 6 11 7 11 11 10 11
6 18446744073709551613 18446744073709551598
3347 12 1 18446744073709551612 18446744073709551611
4 6 4 8 9 6 11 7 11 11 10 11
6 18446744073709551614 18446744073709551598
3348 12 1 18446744073709551612 18446744073709551611
4 6 4 8 9 6 11 7 11 11 10 11
6 18446744073709551615 18446744073709551598
3349 12 1 11 4
4 6 4 8 9 6 11 7 11 11 10 11
6 3 18446744073709551598
3350 12 1 0 0
4 6 4 8 9 6 11 7 11 11 10 11
7 0 18446744073709551598
3351 12 1 0 0
4 6 4 8 9 6 11 7 11 11 10 11
7 1 18446744073709551598
3352 12 1 0 0
4 6 4 8 9 6 11 7 11 11 10 11
7 2 18446744073709551598
3353 12 1 7 3
4 6 4 8 9 6 11 7 11 11 10 11
7 7 18446744073709551598
3354 12 1 7 3
4 6 4 8 9 6 11 7 11 11 10 11
7 8 18446744073709551598
3355 12 1 7 3
4 6 4 8 9 6 11 7 11 11 10 11
7 9 18446744073709551598
3356 12 1 18446744073709551613 18446744073709551612
4 6 4 8 9 6 11 7 11 11 10 11
7 18446744073709551613 18446744073709551598
3357 12 1 18446744073709551613 18446744073709551612
4 6 4 8 9 6 11 7 11 11 10 11
7 18446744073709551614 18446744073709551598
3358 12 1 18446744073709551613 18446744073709551612
4 6 4 8 9 6 11 7 11 11 10 11
7 18446744073709551615 18446744073709551598
3359 12 1 11 4
4 6 4 8 9 6 11 7 11 11 10 11
7 3 18446744073709551598
3360 12 1 0 0
4 6 4 8 9 6 11 7 11 11 10 11
8 0 18446744073709551598
3361 12 1 0 0
4 6 4 8 9 6 11 7 11 11 10 11
8 1 18446744073709551598
3362 12 1 0 0
4 6 4 8 9 6 11 7 11 11 10 11
8 2 18446744073709551598
3363 12 1 0 0
4 6 4 8 9 6 11 7 11 11 10 11
8 3 18446744073709551598
3364 12 1 7 3
4 6 4 8 9 6 11 7 11 11 10 11
8 7 18446744073709551598
3365 12 1 7 3
4 6 4 8 9 6 11 7 11 11 10 11
8 8 18446744073709551598
3366 12 1 7 3
4 6 4 8 9 6 11 7 11 11 10 11
8 9 18446744073709551598
3367 12 1 7 3
4 6 4 8 9 6 11 7 11 11 10 11
8 10 18446744073709551598
3368 12 1 18446744073709551612 18446744073709551611
4 6 4 8 9 6 11 7 11 11 10 11
8 18446744073709551612 18446744073709551598
3369 12 1 18446744073709551612 18446744073709551611
4 6 4 8 9 6 11 7 11 11 10 11
8 18446744073709551613 18446744073709551598
3370 12 1 18446744073709551612 18446744073709551611
4 6 4 8 9 6 11 7 11 11 10 11
8 18446744073709551614 18446744073709551598
3371 12 1 18446744073709551612 18446744073709551611
4 6 4 8 9 6 11 7 11 11 10 11
8 18446744073709551615 18446744073709551598
3372 12 1 11 4
4 6 4 8 9 6 11 7 11 11 10 11
8 3 18446744073709551598
3373 12 1 0 0
4 6 4 8 9 6 11 7 11 11 10 11
9 0 18446744073709551598
3374 12 1 0 0
4 6 4 8 9 6 11 7 11 11 10 11
9 1 18446744073709551598
3375 12 1 0 0
4 6 4 8 9 6 11 7 11 11 10 11
9 2 18446744073709551598
3376 12 1 0 0
4 6 4 8 9 6 11 7 11 11 10 11
9 3 18446744073709551598
3377 12 1 7 3
4 6 4 8 9 6 11 7 11 11 10 11
9 7 18446744073709551598
3378 12 1 7 3
4 6 4 8 9 6 11 7 11 11 10 11
9 8 18446744073709551598
3379 12 1 7 3
4 6 4 8 9 6 11 7 11 11 10 11
9 9 18446744073709551598
3380 12 1 7 3
4 6 4 8 9 6 11 7 11 11 10 11
9 10 18446744073709551598
3381 12 1 18446744073709551612 18446744073709551611
4 6 4 8 9 6 11 7 11 11 10 11
9 18446744073709551612 18446744073709551598
3382 12 1 18446744073709551612 18446744073709551611
4 6 4 8 9 6 11 7 11 11 10 11
9 18446744073709551613 18446744073709551598
3383 12 1 18446744073709551612 18446744073709551611
4 6 4 8 9 6 11 7 11 11 10 11
9 18446744073709551614 18446744073709551598
3384 12 1 18446744073709551612 18446744073709551611
4 6 4 8 9 6 11 7 11 11 10 11
9 18446744073709551615 18446744073709551598
3385 12 1 11 4
4 6 4 8 9 6 11 7 11 11 10 11
9 3 18446744073709551598
3386 12 1 0 0
4 6 4 8 9 6 11 7 11 11 10 11
10 0 18446744073709551598
3387 12 1 0 0
4 6 4 8 9 6 11 7 11 11 10 11
10 1 18446744073709551598
3388 12 1 0 0
4 6 4 8 9 6 11 7 11 11 10 11
10 2 18446744073709551598
3389 12 1 7 3
4 6 4 8 9 6 11 7 11 11 10 11
10 7 18446744073709551598
3390 12 1 7 3
4 6 4 8 9 6 11 7 11 11 10 11
10 8 18446744073709551598
3391 12 1 7 3
4 6 4 8 9 6 11 7 11 11 10 11
10 9 18446744073709551598
3392 12 1 18446744073709551613 18446744073709551612
4 6 4 8 9 6 11 7 11 11 10 11
10 18446744073709551613 18446744073709551598
3393 12 1 18446744073709551613 18446744073709551612
4 6 4 8 9 6 11 7 11 11 10 11
10 18446744073709551614 18446744073709551598
3394 12 1 18446744073709551613 18446744073709551612
4 6 4 8 9 6 11 7 11 11 10 11
10 18446744073709551615 18446744073709551598
3395 12 1 11 4
4 6 4 8 9 6 11 7 11 11 10 11
10 3 18446744073709551598
3396 12 1 0 0
4 6 4 8 9 6 11 7 11 11 10 11
11 0 18446744073709551598
3397 12 1 0 0
4 6 4 8 9 6 11 7 11 11 10 11
11 1 18446744073709551598
3398 12 1 0 0
4 6 4 8 9 6 11 7 11 11 10 11
11 2 18446744073709551598
3399 12 1 7 3
4 6 4 8 9 6 11 7 11 11 10 11
11 7 18446744073709551598
3400 12 1 7 3
4 6 4 8 9 6 11 7 11 11 10 11
11 8 18446744073709551598
3401 12 1 7 3
4 6 4 8 9 6 11 7 11 11 10 11
11 9 18446744073709551598
3402 12 1 18446744073709551613 18446744073709551612
4 6 4 8 9 6 11 7 11 11 10 11
11 18446744073709551613 18446744073709551598
3403 12 1 18446744073709551613 18446744073709551612
4 6 4 8 9 6 11 7 11 11 10 11
11 18446744073709551614 18446744073709551598
3404 12 1 18446744073709551613 18446744073709551612
4 6 4 8 9 6 11 7 11 11 10 11
11 18446744073709551615 18446744073709551598
3405 12 1 11 4
4 6 4 8 9 6 11 7 11 11 10 11
11 3 18446744073709551598
3406 12 1 0 0
4 6 4 8 9 6 11 7 11 11 10 11
12 0 23
3407 12 1 7 3
4 6 4 8 9 6 11 7 11 11 10 11
12 10 23
3408 12 1 18446744073709551615 18446744073709551615
4 6 4 8 9 6 11 7 11 11 10 11
12 18446744073709551615 23
3409 12 1 0 0
4 6 4 8 9 6 11 7 11 11 10 11
18446744073709551615 0 23
3410 12 1 7 3
4 6 4 8 9 6 11 7 11 11 10 11
18446744073709551615 10 23
3411 12 1 18446744073709551615 18446744073709551615
4 6 4 8 9 6 11 7 11 11 10 11
18446744073709551615 18446744073709551615 23
3412 12 6 5 2
3 1 8 6 4 10 9 7 11 11 10 11
0 5 18446744073709551598
0 5 19
0 18446744073709551615 18446744073709551598
0 18446744073709551615 22
11 18446744073709551615 18446744073709551598
18446744073709551615 18446744073709551615 29
3413 12 6 5 2
3 1 8 6 4 10 9 7 11 11 10 11
0 6 18446744073709551598
0 6 19
0 18446744073709551615 18446744073709551598
0 18446744073709551615 22
11 18446744073709551615 18446744073709551598
18446744073709551615 18446744073709551615 29
3414 12 6 5 2
3 1 8 6 4 10 9 7 11 11 10 11
0 7 18446744073709551598
0 7 19
0 18446744073709551615 18446744073709551598
0 18446744073709551615 22
11 18446744073709551615 18446744073709551598
18446744073709551615 18446744073709551615 29
3415 12 6 5 2
3 1 8 6 4 10 9 7 11 11 10 11
0 8 18446744073709551598
0 8 19
0 18446744073709551615 18446744073709551598
0 18446744073709551615 22
11 18446744073709551615 18446744073709551598
18446744073709551615 18446744073709551615 29
3416 12 6 5 2
3 1 8 6 4 10 9 7 11 11 10 11
0 9 18446744073709551598
0 9 19
0 18446744073709551615 18446744073709551598
0 18446744073709551615 22
11 18446744073709551615 18446744073709551598
18446744073709551615 18446744073709551615 29
3417 12 6 5 2
3 1 8 6 4 10 9 7 11 11 10 11
0 10 18446744073709551598
0 10 19
0 18446744073709551615 18446744073709551598
0 18446744073709551615 22
11 18446744073709551615 18446744073709551598
18446744073709551615 18446744073709551615 29
3418 12 6 5 2
3 1 8 6 4 10 9 7 11 11 10 11
0 11 18446744073709551598
0 11 19
0 18446744073709551615 18446744073709551598
0 18446744073709551615 22
11 18446744073709551615 18446744073709551598
18446744073709551615 18446744073709551615 29
3419 12 6 5 2
3 1 8 6 4 10 9 7 11 11 10 11
0 12 18446744073709551598
0 12 19
0 18446744073709551615 18446744073709551598
0 18446744073709551615 22
11 18446744073709551615 18446744073709551598
18446744073709551615 18446744073709551615 29
3420 12 6 5 2
3 1 8 6 4 10 9 7 11 11 10 11
0 13 18446744073709551598
0 13 19
0 18446744073709551615 18446744073709551598
0 18446744073709551615 22
11 18446744073709551615 18446744073709551598
18446744073709551615 18446744073709551615 29
3421 12 6 5 2
3 1 8 6 4 10 9 7 11 11 10 11
0 14 18446744073709551598
0 14 19
0 18446744073709551615 18446744073709551598
0 18446744073709551615 22
11 18446744073709551615 18446744073709551598
18446744073709551615 18446744073709551615 29
3422 12 6 5 2
3 1 8 6 4 10 9 7 11 11 10 11
0 15 18446744073709551598
0 15 19
0 18446744073709551615 18446744073709551598
0 18446744073709551615 22
11 18446744073709551615 18446744073709551598
18446744073709551615 18446744073709551615 29
3423 12 6 5 2
3 1 8 6 4 10 9 7 11 11 10 11
0 16 18446744073709551598
0 16 19
0 18446744073709551615 18446744073709551598
0 18446744073709551615 22
11 18446744073709551615 18446744073709551598
18446744073709551615 18446744073709551615 29
3424 12 6 5 2
3 1 8 6 4 10 9 7 11 11 10 11
0 17 18446744073709551598
0 17 19
0 18446744073709551615 18446744073709551598
0 18446744073709551615 22
11 18446744073709551615 18446744073709551598
18446744073709551615 18446744073709551615 29
3425 17 6 5 2
1 2 3 4 5 6 7 8 9 10 11 12 13 14 15 16 16
0 5 18446744073709551598
0 5 19
0 18446744073709551615 18446744073709551598
0 18446744073709551615 22
16 18446744073709551615 18446744073709551598
18446744073709551615 18446744073709551615 29
3426 17 6 5 2
1 2 3 4 5 6 7 8 9 10 11 12 13 14 15 16 16
0 6 18446744073709551598
0 6 19
0 18446744073709551615 18446744073709551598
0 18446744073709551615 22
16 18446744073709551615 18446744073709551598
18446744073709551615 18446744073709551615 29
3427 17 6 5 2
1 2 3 4 5 6 7 8 9 10 11 12 13 14 15 16 16
0 7 18446744073709551598
0 7 19
0 18446744073709551615 18446744073709551598
0 18446744073709551615 22
16 18446744073709551615 18446744073709551598
18446744073709551615 18446744073709551615 29
3428 17 6 5 2
1 2 3 4 5 6 7 8 9 10 11 12 13 14 15 16 16
0 8 18446744073709551598
0 8 19
0 18446744073709551615 18446744073709551598
0 18446744073709551615 22
16 18446744073709551615 18446744073709551598
18446744073709551615 18446744073709551615 29
3429 17 6 5 2
1 2 3 4 5 6 7 8 9 10 11 12 13 14 15 16 16
0 9 18446744073709551598
0 9 19
0 18446744073709551615 18446744073709551598
0 18446744073709551615 22
16 18446744073709551615 18446744073709551598
18446744073709551615 18446744073709551615 29
3430 17 6 5 2
1 2 3 4 5 6 7 8 9 10 11 12 13 14 15 16 16
0 10 18446744073709551598
0 10 19
0 18446744073709551615 18446744073709551598
0 18446744073709551615 22
16 18446744073709551615 18446744073709551598
18446744073709551615 18446744073709551615 29
3431 17 6 5 2
1 2 3 4 5 6 7 8 9 10 11 12 13 14 15 16 16
0 11 18446744073709551598
0 11 19
0 18446744073709551615 18446744073709551598
0 18446744073709551615 22
16 18446744073709551615 18446744073709551598
18446744073709551615 18446744073709551615 29
3432 17 6 5 2
1 2 3 4 5 6 7 8 9 10 11 12 13 14 15 16 16
0 12 18446744073709551598
0 12 19
0 18446744073709551615 18446744073709551598
0 18446744073709551615 22
16 18446744073709551615 18446744073709551598
18446744073709551615 18446744073709551615 29
3433 17 6 5 2
1 2 3 4 5 6 7 8 9 10 11 12 13 14 15 16 16
0 13 18446744073709551598
0 13 19
0 18446744073709551615 18446744073709551598
0 18446744073709551615 22
16 18446744073709551615 18446744073709551598
18446744073709551615 18446744073709551615 29
3434 17 6 5 2
1 2 3 4 5 6 7 8 9 10 11 12 13 14 15 16 16
0 14 18446744073709551598
0 14 19
0 18446744073709551615 18446744073709551598
0 18446744073709551615 22
16 18446744073709551615 18446744073709551598
18446744073709551615 18446744073709551615 29
3435 17 6 5 2
1 2 3 4 5 6 7 8 9 10 11 12 13 14 15 16 16
0 15 18446744073709551598
0 15 19
0 18446744073709551615 18446744073709551598
0 18446744073709551615 22
16 18446744073709551615 18446744073709551598
18446744073709551615 18446744073709551615 29
3436 17 6 5 2
1 2 3 4 5 6 7 8 9 10 11 12 13 14 15 16 16
0 16 18446744073709551598
0 16 19
0 18446744073709551615 18446744073709551598
0 18446744073709551615 22
16 18446744073709551615 18446744073709551598
18446744073709551615 18446744073709551615 29
3437 17 6 5 2
1 2 3 4 5 6 7 8 9 10 11 12 13 14 15 16 16
0 17 18446744073709551598
0 17 19
0 18446744073709551615 18446744073709551598
0 18446744073709551615 22
16 18446744073709551615 18446744073709551598
18446744073709551615 18446744073709551615 29
3438 17 6 5 2
1 2 3 4 5 6 7 8 9 10 11 12 13 14 15 16 16
0 18 18446744073709551598
0 18 19
0 18446744073709551615 18446744073709551598
0 18446744073709551615 22
16 18446744073709551615 18446744073709551598
18446744073709551615 18446744073709551615 29
3439 17 6 5 2
1 2 3 4 5 6 7 8 9 10 11 12 13 14 15 16 16
0 19 18446744073709551598
0 19 19
0 18446744073709551615 18446744073709551598
0 18446744073709551615 22
16 18446744073709551615 18446744073709551598
18446744073709551615 18446744073709551615 29
3440 17 6 5 2
1 2 3 4 5 6 7 8 9 10 11 12 13 14 15 16 16
0 20 18446744073709551598
0 20 19
0 18446744073709551615 18446744073709551598
0 18446744073709551615 22
16 18446744073709551615 18446744073709551598
18446744073709551615 18446744073709551615 29
3441 17 6 5 2
1 2 3 4 5 6 7 8 9 10 11 12 13 14 15 16 16
0 21 18446744073709551598
0 21 19
0 18446744073709551615 18446744073709551598
0 18446744073709551615 22
16 18446744073709551615 18446744073709551598
18446744073709551615 18446744073709551615 29
3442 17 6 5 2
1 2 3 4 5 6 7 8 9 10 11 12 13 14 15 16 16
0 22 18446744073709551598
0 22 19
0 18446744073709551615 18446744073709551598
0 18446744073709551615 22
16 18446744073709551615 18446744073709551598
18446744073709551615 18446744073709551615 29
3443 17 6 5 2
1 2 3 4 5 6 7 8 9 10 11 12 13 14 15 16 16
0 23 18446744073709551598
0 23 19
0 18446744073709551615 18446744073709551598
0 18446744073709551615 22
16 18446744073709551615 18446744073709551598
18446744073709551615 18446744073709551615 29
3444 17 6 5 2
1 2 3 4 5 6 7 8 9 10 11 12 13 14 15 16 16
0 24 18446744073709551598
0 24 19
0 18446744073709551615 18446744073709551598
0 18446744073709551615 22
16 18446744073709551615 18446744073709551598
18446744073709551615 18446744073709551615 29
3445 17 6 5 2
1 2 3 4 5 6 7 8 9 10 11 12 13 14 15 16 16
0 25 18446744073709551598
0 25 19
0 18446744073709551615 18446744073709551598
0 18446744073709551615 22
16 18446744073709551615 18446744073709551598
18446744073709551615 18446744073709551615 29
3446 17 6 5 2
1 2 3 4 5 6 7 8 9 10 11 12 13 14 15 16 16
0 26 18446744073709551598
0 26 19
0 18446744073709551615 18446744073709551598
0 18446744073709551615 22
16 18446744073709551615 18446744073709551598
18446744073709551615 18446744073709551615 29
3447 17 6 5 2
1 2 3 4 5 6 7 8 9 10 11 12 13 14 15 16 16
0 27 18446744073709551598
0 27 19
0 18446744073709551615 18446744073709551598
0 18446744073709551615 22
16 18446744073709551615 18446744073709551598
18446744073709551615 18446744073709551615 29
3448 17 6 5 2
1 2 3 4 5 6 7 8 9 10 11 12 13 14 15 16 16
0 28 18446744073709551598
0 28 19
0 18446744073709551615 18446744073709551598
0 18446744073709551615 22
16 18446744073709551615 18446744073709551598
18446744073709551615 18446744073709551615 29
3449 17 6 5 2
1 2 3 4 5 6 7 8 9 10 11 12 13 14 15 16 16
0 29 18446744073709551598
0 29 19
0 18446744073709551615 18446744073709551598
0 18446744073709551615 22
16 18446744073709551615 18446744073709551598
18446744073709551615 18446744073709551615 29
3450 17 6 5 2
1 2 3 4 5 6 7 8 9 10 11 12 13 14 15 16 16
0 30 18446744073709551598
0 30 19
0 18446744073709551615 18446744073709551598
0 18446744073709551615 22
16 18446744073709551615 18446744073709551598
18446744073709551615 18446744073709551615 29
3451 17 6 5 2
1 2 3 4 5 6 7 8 9 10 11 12 13 14 15 16 16
0 31 18446744073709551598
0 31 19
0 18446744073709551615 18446744073709551598
0 18446744073709551615 22
16 18446744073709551615 18446744073709551598
18446744073709551615 18446744073709551615 29
3452 17 6 5 2
1 2 3 4 5 6 7 8 9 10 11 12 13 14 15 16 16
0 32 18446744073709551598
0 32 19
0 18446744073709551615 18446744073709551598
0 18446744073709551615 22
16 18446744073709551615 18446744073709551598
18446744073709551615 18446744073709551615 29
3453 17 6 5 2
1 2 3 4 5 6 7 8 9 10 11 12 13 14 15 16 16
0 33 18446744073709551598
0 33 19
0 18446744073709551615 18446744073709551598
0 18446744073709551615 22
16 18446744073709551615 18446744073709551598
18446744073709551615 18446744073709551615 29
3454 17 6 5 2
1 2 3 4 5 6 7 8 9 10 11 12 13 14 15 16 16
0 34 18446744073709551598
0 34 19
0 18446744073709551615 18446744073709551598
0 18446744073709551615 22
16 18446744073709551615 18446744073709551598
18446744073709551615 18446744073709551615 29
3455 17 6 5 2
1 2 3 4 5 6 7 8 9 10 11 12 13 14 15 16 16
0 35 18446744073709551598
0 35 19
0 18446744073709551615 18446744073709551598
0 18446744073709551615 22
16 18446744073709551615 18446744073709551598
18446744073709551615 18446744073709551615 29
3456 17 6 5 2
1 2 3 4 5 6 7 8 9 10 11 12 13 14 15 16 16
0 36 18446744073709551598
0 36 19
0 18446744073709551615 18446744073709551598
0 18446744073709551615 22
16 18446744073709551615 18446744073709551598
18446744073709551615 18446744073709551615 29
3457 17 6 5 2
1 2 3 4 5 6 7 8 9 10 11 12 13 14 15 16 16
0 37 18446744073709551598
0 37 19
0 18446744073709551615 18446744073709551598
0 18446744073709551615 22
16 18446744073709551615 18446744073709551598
18446744073709551615 18446744073709551615 29
3458 17 6 5 2
1 2 3 4 5 6 7 8 9 10 11 12 13 14 15 16 16
0 38 18446744073709551598
0 38 19
0 18446744073709551615 18446744073709551598
0 18446744073709551615 22
16 18446744073709551615 18446744073709551598
18446744073709551615 18446744073709551615 29
3459 17 6 5 2
1 2 3 4 5 6 7 8 9 10 11 12 13 14 15 16 16
0 39 18446744073709551598
0 39 19
0 18446744073709551615 18446744073709551598
0 18446744073709551615 22
16 18446744073709551615 18446744073709551598
18446744073709551615 18446744073709551615 29
3460 17 6 5 2
1 2 3 4 5 6 7 8 9 10 11 12 13 14 15 16 16
0 40 18446744073709551598
0 40 19
0 18446744073709551615 18446744073709551598
0 18446744073709551615 22
16 18446744073709551615 18446744073709551598
18446744073709551615 18446744073709551615 29
3461 17 6 5 2
1 2 3 4 5 6 7 8 9 10 11 12 13 14 15 16 16
0 41 18446744073709551598
0 41 19
0 18446744073709551615 18446744073709551598
0 18446744073709551615 22
16 18446744073709551615 18446744073709551598
18446744073709551615 18446744073709551615 29
3462 17 6 5 2
1 2 3 4 5 6 7 8 9 10 11 12 13 14 15 16 16
0 42 18446744073709551598
0 42 19
0 18446744073709551615 18446744073709551598
0 18446744073709551615 22
16 18446744073709551615 18446744073709551598
18446744073709551615 18446744073709551615 29
3463 17 6 5 2
1 2 3 4 5 6 7 8 9 10 11 12 13 14 15 16 16
0 43 18446744073709551598
0 43 19
0 18446744073709551615 18446744073709551598
0 18446744073709551615 22
16 18446744073709551615 18446744073709551598
18446744073709551615 18446744073709551615 29
3464 17 6 5 2
1 2 3 4 5 6 7 8 9 10 11 12 13 14 15 16 16
0 44 18446744073709551598
0 44 19
0 18446744073709551615 18446744073709551598
0 18446744073709551615 22
16 18446744073709551615 18446744073709551598
18446744073709551615 18446744073709551615 29
3465 17 6 5 2
1 2 3 4 5 6 7 8 9 10 11 12 13 14 15 16 16
0 45 18446744073709551598
0 45 19
0 18446744073709551615 18446744073709551598
0 18446744073709551615 22
16 18446744073709551615 18446744073709551598
18446744073709551615 18446744073709551615 29
3466 17 6 5 2
1 2 3 4 5 6 7 8 9 10 11 12 13 14 15 16 16
0 46 18446744073709551598
0 46 19
0 18446744073709551615 18446744073709551598
0 18446744073709551615 22
16 18446744073709551615 18446744073709551598
18446744073709551615 18446744073709551615 29
3467 17 6 5 2
1 2 3 4 5 6 7 8 9 10 11 12 13 14 15 16 16
0 47 18446744073709551598
0 47 19
0 18446744073709551615 18446744073709551598
0 18446744073709551615 22
16 18446744073709551615 18446744073709551598
18446744073709551615 18446744073709551615 29
3468 17 6 5 2
1 2 3 4 5 6 7 8 9 10 11 12 13 14 15 16 16
0 48 18446744073709551598
0 48 19
0 18446744073709551615 18446744073709551598
0 18446744073709551615 22
16 18446744073709551615 18446744073709551598
18446744073709551615 18446744073709551615 29
3469 17 6 5 2
1 2 3 4 5 6 7 8 9 10 11 12 13 14 15 16 16
0 49 18446744073709551598
0 49 19
0 18446744073709551615 18446744073709551598
0 18446744073709551615 22
16 18446744073709551615 18446744073709551598
18446744073709551615 18446744073709551615 29
3470 17 6 5 2
1 2 3 4 5 6 7 8 9 10 11 12 13 14 15 16 16
0 50 18446744073709551598
0 50 19
0 18446744073709551615 18446744073709551598
0 18446744073709551615 22
16 18446744073709551615 18446744073709551598
18446744073709551615 18446744073709551615 29
3471 17 6 5 2
1 2 3 4 5 6 7 8 9 10 11 12 13 14 15 16 16
0 51 18446744073709551598
0 51 19
0 18446744073709551615 18446744073709551598
0 18446744073709551615 22
16 18446744073709551615 18446744073709551598
18446744073709551615 18446744073709551615 29
3472 17 6 5 2
1 2 3 4 5 6 7 8 9 10 11 12 13 14 15 16 16
0 52 18446744073709551598
0 52 19
0 18446744073709551615 18446744073709551598
0 18446744073709551615 22
16 18446744073709551615 18446744073709551598
18446744073709551615 18446744073709551615 29
3473 17 6 5 2
1 2 3 4 5 6 7 8 9 10 11 12 13 14 15 16 16
0 53 18446744073709551598
0 53 19
0 18446744073709551615 18446744073709551598
0 18446744073709551615 22
16 18446744073709551615 18446744073709551598
18446744073709551615 18446744073709551615 29
3474 12 6 5 2
4 6 4 8 9 6 11 7 11 11 10 11
0 5 18446744073709551598
0 5 19
0 18446744073709551615 18446744073709551598
0 18446744073709551615 22
11 18446744073709551615 18446744073709551598
18446744073709551615 18446744073709551615 29
3475 12 6 5 2
4 6 4 8 9 6 11 7 11 11 10 11
0 6 18446744073709551598
0 6 19
0 18446744073709551615 18446744073709551598
0 18446744073709551615 22
11 18446744073709551615 18446744073709551598
18446744073709551615 18446744073709551615 29
3476 12 6 5 2
4 6 4 8 9 6 11 7 11 11 10 11
0 7 18446744073709551598
0 7 19
0 18446744073709551615 18446744073709551598
0 18446744073709551615 22
11 18446744073709551615 18446744073709551598
18446744073709551615 18446744073709551615 29
3477 12 6 5 2
4 6 4 8 9 6 11 7 11 11 10 11
0 8 18446744073709551598
0 8 19
0 18446744073709551615 18446744073709551598
0 18446744073709551615 22
11 18446744073709551615 18446744073709551598
18446744073709551615 18446744073709551615 29
3478 12 6 5 2
4 6 4 8 9 6 11 7 11 11 10 11
0 9 18446744073709551598
0 9 19
0 18446744073709551615 18446744073709551598
0 18446744073709551615 22
11 18446744073709551615 18446744073709551598
18446744073709551615 18446744073709551615 29
3479 12 6 5 2
4 6 4 8 9 6 11 7 11 11 10 11
0 10 18446744073709551598
0 10 19
0 18446744073709551615 18446744073709551598
0 18446744073709551615 22
11 18446744073709551615 18446744073709551598
18446744073709551615 18446744073709551615 29
3480 12 6 5 2
4 6 4 8 9 6 11 7 11 11 10 11
0 11 18446744073709551598
0 11 19
0 18446744073709551615 18446744073709551598
0 18446744073709551615 22
11 18446744073709551615 18446744073709551598
18446744073709551615 18446744073709551615 29
3481 12 6 5 2
4 6 4 8 9 6 11 7 11 11 10 11
0 12 18446744073709551598
0 12 19
0 18446744073709551615 18446744073709551598
0 18446744073709551615 22
11 18446744073709551615 18446744073709551598
18446744073709551615 18446744073709551615 29
3482 12 6 5 2
4 6 4 8 9 6 11 7 11 11 10 11
0 13 18446744073709551598
0 13 19
0 18446744073709551615 18446744073709551598
0 18446744073709551615 22
11 18446744073709551615 18446744073709551598
18446744073709551615 18446744073709551615 29
3483 12 6 5 2
4 6 4 8 9 6 11 7 11 11 10 11
0 14 18446744073709551598
0 14 19
0 18446744073709551615 18446744073709551598
0 18446744073709551615 22
11 18446744073709551615 18446744073709551598
18446744073709551615 18446744073709551615 29
3484 4 5 18446744073709551607 18446744073709551605
2 1 3 3
0 18446744073709551611 100
0 18446744073709551615 101
0 18446744073709551615 102
3 18446744073709551615 103
18446744073709551615 18446744073709551615 104
3485 1 2 18446744073709551615 18446744073709551615
0
0 18446744073709551615 33
18446744073709551615 18446744073709551615 34
