case,k,method,target,target_size,iou,hdbscan_iou,delta,comparison
bridge_9331,10,core,0,233,0.9626556016597511,0.9626556016597511,0.0,tie
bridge_9331,10,core,1,233,0.9539748953974896,0.9583333333333334,-0.004358437935843794,loss
bridge_9331,10,core,2,233,0.676595744680851,0.7829787234042553,-0.10638297872340426,loss
bridge_9331,10,core,3,233,0.788135593220339,0.819327731092437,-0.031192137872097993,loss
bridge_9331,10,core,4,233,0.7637130801687764,0.773109243697479,-0.00939616352870262,loss
bridge_9331,10,core,5,233,0.6991525423728814,0.7805907172995781,-0.08143817492669671,loss
bridge_9331,10,core,6,233,0.7905982905982906,0.7905982905982906,0.0,tie
bridge_9331,10,core,7,233,0.6764705882352942,0.6764705882352942,0.0,tie
bridge_9331,10,first_cover_canonical,0,233,0.9585062240663901,0.9626556016597511,-0.004149377593360996,loss
bridge_9331,10,first_cover_canonical,1,233,0.9585062240663901,0.9583333333333334,0.00017289073305670817,win
bridge_9331,10,first_cover_canonical,2,233,0.9414225941422594,0.7829787234042553,0.1584438707380041,win
bridge_9331,10,first_cover_canonical,3,233,0.9504132231404959,0.819327731092437,0.1310854920480589,win
bridge_9331,10,first_cover_canonical,4,233,0.9423868312757202,0.773109243697479,0.16927758757824118,win
bridge_9331,10,first_cover_canonical,5,233,0.9049586776859504,0.7805907172995781,0.12436796038637235,win
bridge_9331,10,first_cover_canonical,6,233,0.9493670886075949,0.7905982905982906,0.15876879800930435,win
bridge_9331,10,first_cover_canonical,7,233,0.9098360655737705,0.6764705882352942,0.23336547733847637,win
bridge_9331,10,first_cover_lca_all_ties,0,233,0.9585062240663901,0.9626556016597511,-0.004149377593360996,loss
bridge_9331,10,first_cover_lca_all_ties,1,233,0.9585062240663901,0.9583333333333334,0.00017289073305670817,win
bridge_9331,10,first_cover_lca_all_ties,2,233,0.9414225941422594,0.7829787234042553,0.1584438707380041,win
bridge_9331,10,first_cover_lca_all_ties,3,233,0.9504132231404959,0.819327731092437,0.1310854920480589,win
bridge_9331,10,first_cover_lca_all_ties,4,233,0.9423868312757202,0.773109243697479,0.16927758757824118,win
bridge_9331,10,first_cover_lca_all_ties,5,233,0.9049586776859504,0.7805907172995781,0.12436796038637235,win
bridge_9331,10,first_cover_lca_all_ties,6,233,0.9493670886075949,0.7905982905982906,0.15876879800930435,win
bridge_9331,10,first_cover_lca_all_ties,7,233,0.9098360655737705,0.6764705882352942,0.23336547733847637,win
bridge_9331,10,qualified_m11,0,233,0.9585062240663901,0.9626556016597511,-0.004149377593360996,loss
bridge_9331,10,qualified_m11,1,233,0.9585062240663901,0.9583333333333334,0.00017289073305670817,win
bridge_9331,10,qualified_m11,2,233,0.9113924050632911,0.7829787234042553,0.12841368165903583,win
bridge_9331,10,qualified_m11,3,233,0.8786610878661087,0.819327731092437,0.05933335677367181,win
bridge_9331,10,qualified_m11,4,233,0.9083333333333333,0.773109243697479,0.13522408963585433,win
bridge_9331,10,qualified_m11,5,233,0.8879668049792531,0.7805907172995781,0.10737608767967505,win
bridge_9331,10,qualified_m11,6,233,0.902542372881356,0.7905982905982906,0.11194408228306534,win
bridge_9331,10,qualified_m11,7,233,0.8083333333333333,0.6764705882352942,0.13186274509803922,win
bridge_9331,10,qualified_m20,0,233,0.9585062240663901,0.9626556016597511,-0.004149377593360996,loss
bridge_9331,10,qualified_m20,1,233,0.9585062240663901,0.9583333333333334,0.00017289073305670817,win
bridge_9331,10,qualified_m20,2,233,0.9113924050632911,0.7829787234042553,0.12841368165903583,win
bridge_9331,10,qualified_m20,3,233,0.8786610878661087,0.819327731092437,0.05933335677367181,win
bridge_9331,10,qualified_m20,4,233,0.9166666666666666,0.773109243697479,0.14355742296918766,win
bridge_9331,10,qualified_m20,5,233,0.8879668049792531,0.7805907172995781,0.10737608767967505,win
bridge_9331,10,qualified_m20,6,233,0.9110169491525424,0.7905982905982906,0.12041865855425178,win
bridge_9331,10,qualified_m20,7,233,0.8083333333333333,0.6764705882352942,0.13186274509803922,win
bridge_9331,10,qualified_m3,0,233,0.9585062240663901,0.9626556016597511,-0.004149377593360996,loss
bridge_9331,10,qualified_m3,1,233,0.9585062240663901,0.9583333333333334,0.00017289073305670817,win
bridge_9331,10,qualified_m3,2,233,0.9117647058823529,0.7829787234042553,0.1287859824780976,win
bridge_9331,10,qualified_m3,3,233,0.8828451882845189,0.819327731092437,0.06351745719208185,win
bridge_9331,10,qualified_m3,4,233,0.9125,0.773109243697479,0.139390756302521,win
bridge_9331,10,qualified_m3,5,233,0.8879668049792531,0.7805907172995781,0.10737608767967505,win
bridge_9331,10,qualified_m3,6,233,0.8936170212765957,0.7905982905982906,0.10301873067830515,win
bridge_9331,10,qualified_m3,7,233,0.825,0.6764705882352942,0.14852941176470588,win
bridge_9331,2,core,0,233,0.946058091286307,0.9545454545454546,-0.008487363259147491,loss
bridge_9331,2,core,1,233,0.9426229508196722,0.9541666666666667,-0.011543715846994535,loss
bridge_9331,2,core,2,233,0.8270042194092827,0.8589211618257261,-0.03191694241644344,loss
bridge_9331,2,core,3,233,0.8354430379746836,0.9128630705394191,-0.07742003256473555,loss
bridge_9331,2,core,4,233,0.8410041841004184,0.8760330578512396,-0.03502887375082126,loss
bridge_9331,2,core,5,233,0.8,0.8921161825726142,-0.09211618257261411,loss
bridge_9331,2,core,6,233,0.8042553191489362,0.8728813559322034,-0.06862603678326722,loss
bridge_9331,2,core,7,233,0.75,0.8806584362139918,-0.13065843621399176,loss
bridge_9331,2,first_cover_canonical,0,233,0.9586776859504132,0.9545454545454546,0.004132231404958678,win
bridge_9331,2,first_cover_canonical,1,233,0.9583333333333334,0.9541666666666667,0.004166666666666667,win
bridge_9331,2,first_cover_canonical,2,233,0.9240506329113924,0.8589211618257261,0.06512947108566626,win
bridge_9331,2,first_cover_canonical,3,233,0.9336099585062241,0.9128630705394191,0.02074688796680498,win
bridge_9331,2,first_cover_canonical,4,233,0.9139344262295082,0.8760330578512396,0.037901368378268525,win
bridge_9331,2,first_cover_canonical,5,233,0.8791666666666667,0.8921161825726142,-0.012949515905947442,loss
bridge_9331,2,first_cover_canonical,6,233,0.9194915254237288,0.8728813559322034,0.046610169491525424,win
bridge_9331,2,first_cover_canonical,7,233,0.8647540983606558,0.8806584362139918,-0.01590433785333603,loss
bridge_9331,2,first_cover_lca_all_ties,0,233,0.9586776859504132,0.9545454545454546,0.004132231404958678,win
bridge_9331,2,first_cover_lca_all_ties,1,233,0.9583333333333334,0.9541666666666667,0.004166666666666667,win
bridge_9331,2,first_cover_lca_all_ties,2,233,0.9240506329113924,0.8589211618257261,0.06512947108566626,win
bridge_9331,2,first_cover_lca_all_ties,3,233,0.9336099585062241,0.9128630705394191,0.02074688796680498,win
bridge_9331,2,first_cover_lca_all_ties,4,233,0.9139344262295082,0.8760330578512396,0.037901368378268525,win
bridge_9331,2,first_cover_lca_all_ties,5,233,0.8791666666666667,0.8921161825726142,-0.012949515905947442,loss
bridge_9331,2,first_cover_lca_all_ties,6,233,0.9194915254237288,0.8728813559322034,0.046610169491525424,win
bridge_9331,2,first_cover_lca_all_ties,7,233,0.8647540983606558,0.8806584362139918,-0.01590433785333603,loss
bridge_9331,2,qualified_m20,0,233,0.9586776859504132,0.9545454545454546,0.004132231404958678,win
bridge_9331,2,qualified_m20,1,233,0.9545454545454546,0.9541666666666667,0.0003787878787878788,win
bridge_9331,2,qualified_m20,2,233,0.9033613445378151,0.8589211618257261,0.04444018271208899,win
bridge_9331,2,qualified_m20,3,233,0.8755186721991701,0.9128630705394191,-0.03734439834024896,loss
bridge_9331,2,qualified_m20,4,233,0.9049586776859504,0.8760330578512396,0.028925619834710745,win
bridge_9331,2,qualified_m20,5,233,0.8796680497925311,0.8921161825726142,-0.012448132780082987,loss
bridge_9331,2,qualified_m20,6,233,0.8940677966101694,0.8728813559322034,0.0211864406779661,win
bridge_9331,2,qualified_m20,7,233,0.7942386831275721,0.8806584362139918,-0.08641975308641975,loss
bridge_9331,2,qualified_m3,0,233,0.9586776859504132,0.9545454545454546,0.004132231404958678,win
bridge_9331,2,qualified_m3,1,233,0.9545454545454546,0.9541666666666667,0.0003787878787878788,win
bridge_9331,2,qualified_m3,2,233,0.9083333333333333,0.8589211618257261,0.04941217150760719,win
bridge_9331,2,qualified_m3,3,233,0.8966942148760331,0.9128630705394191,-0.01616885566338603,loss
bridge_9331,2,qualified_m3,4,233,0.9098360655737705,0.8760330578512396,0.03380300772253082,win
bridge_9331,2,qualified_m3,5,233,0.8791666666666667,0.8921161825726142,-0.012949515905947442,loss
bridge_9331,2,qualified_m3,6,233,0.9152542372881356,0.8728813559322034,0.0423728813559322,win
bridge_9331,2,qualified_m3,7,233,0.8641975308641975,0.8806584362139918,-0.01646090534979424,loss
bridge_9331,3,core,0,233,0.9428571428571428,0.9586776859504132,-0.015820543093270367,loss
bridge_9331,3,core,1,233,0.9541666666666667,0.9585062240663901,-0.004339557399723375,loss
bridge_9331,3,core,2,233,0.7899159663865546,0.8416666666666667,-0.05175070028011204,loss
bridge_9331,3,core,3,233,0.8016877637130801,0.9037656903765691,-0.10207792666348887,loss
bridge_9331,3,core,4,233,0.7383966244725738,0.8375,-0.09910337552742617,loss
bridge_9331,3,core,5,233,0.7689075630252101,0.875,-0.10609243697478991,loss
bridge_9331,3,core,6,233,0.7777777777777778,0.8468085106382979,-0.0690307328605201,loss
bridge_9331,3,core,7,233,0.6224066390041494,0.8518518518518519,-0.22944521284770247,loss
bridge_9331,3,first_cover_canonical,0,233,0.9625,0.9586776859504132,0.003822314049586777,win
bridge_9331,3,first_cover_canonical,1,233,0.9545454545454546,0.9585062240663901,-0.003960769520935496,loss
bridge_9331,3,first_cover_canonical,2,233,0.9336099585062241,0.8416666666666667,0.0919432918395574,win
bridge_9331,3,first_cover_canonical,3,233,0.9380165289256198,0.9037656903765691,0.0342508385490508,win
bridge_9331,3,first_cover_canonical,4,233,0.9033613445378151,0.8375,0.06586134453781513,win
bridge_9331,3,first_cover_canonical,5,233,0.9045643153526971,0.875,0.029564315352697094,win
bridge_9331,3,first_cover_canonical,6,233,0.9282700421940928,0.8468085106382979,0.08146153155579496,win
bridge_9331,3,first_cover_canonical,7,233,0.8353909465020576,0.8518518518518519,-0.01646090534979424,loss
bridge_9331,3,first_cover_lca_all_ties,0,233,0.9625,0.9586776859504132,0.003822314049586777,win
bridge_9331,3,first_cover_lca_all_ties,1,233,0.9545454545454546,0.9585062240663901,-0.003960769520935496,loss
bridge_9331,3,first_cover_lca_all_ties,2,233,0.9336099585062241,0.8416666666666667,0.0919432918395574,win
bridge_9331,3,first_cover_lca_all_ties,3,233,0.9380165289256198,0.9037656903765691,0.0342508385490508,win
bridge_9331,3,first_cover_lca_all_ties,4,233,0.9033613445378151,0.8375,0.06586134453781513,win
bridge_9331,3,first_cover_lca_all_ties,5,233,0.9045643153526971,0.875,0.029564315352697094,win
bridge_9331,3,first_cover_lca_all_ties,6,233,0.9282700421940928,0.8468085106382979,0.08146153155579496,win
bridge_9331,3,first_cover_lca_all_ties,7,233,0.8353909465020576,0.8518518518518519,-0.01646090534979424,loss
bridge_9331,3,qualified_m20,0,233,0.9625,0.9586776859504132,0.003822314049586777,win
bridge_9331,3,qualified_m20,1,233,0.9586776859504132,0.9585062240663901,0.00017146188402318165,win
bridge_9331,3,qualified_m20,2,233,0.8781512605042017,0.8416666666666667,0.036484593837535016,win
bridge_9331,3,qualified_m20,3,233,0.91701244813278,0.9037656903765691,0.013246757756211045,win
bridge_9331,3,qualified_m20,4,233,0.9083333333333333,0.8375,0.07083333333333333,win
bridge_9331,3,qualified_m20,5,233,0.8381742738589212,0.875,-0.03682572614107884,loss
bridge_9331,3,qualified_m20,6,233,0.8940677966101694,0.8468085106382979,0.047259285971871616,win
bridge_9331,3,qualified_m20,7,233,0.8065843621399177,0.8518518518518519,-0.04526748971193416,loss
bridge_9331,3,qualified_m3,0,233,0.9586776859504132,0.9586776859504132,0.0,tie
bridge_9331,3,qualified_m3,1,233,0.9545454545454546,0.9585062240663901,-0.003960769520935496,loss
bridge_9331,3,qualified_m3,2,233,0.9083333333333333,0.8416666666666667,0.06666666666666667,win
bridge_9331,3,qualified_m3,3,233,0.8966942148760331,0.9037656903765691,-0.00707147550053598,loss
bridge_9331,3,qualified_m3,4,233,0.9098360655737705,0.8375,0.0723360655737705,win
bridge_9331,3,qualified_m3,5,233,0.8791666666666667,0.875,0.004166666666666667,win
bridge_9331,3,qualified_m3,6,233,0.9152542372881356,0.8468085106382979,0.06844572664983772,win
bridge_9331,3,qualified_m3,7,233,0.8641975308641975,0.8518518518518519,0.012345679012345678,win
bridge_9331,3,qualified_m4,0,233,0.9586776859504132,0.9586776859504132,0.0,tie
bridge_9331,3,qualified_m4,1,233,0.9586776859504132,0.9585062240663901,0.00017146188402318165,win
bridge_9331,3,qualified_m4,2,233,0.9004149377593361,0.8416666666666667,0.05874827109266943,win
bridge_9331,3,qualified_m4,3,233,0.9090909090909091,0.9037656903765691,0.005325218714340053,win
bridge_9331,3,qualified_m4,4,233,0.9008264462809917,0.8375,0.06332644628099174,win
bridge_9331,3,qualified_m4,5,233,0.8583333333333333,0.875,-0.016666666666666666,loss
bridge_9331,3,qualified_m4,6,233,0.9110169491525424,0.8468085106382979,0.0642084385142445,win
bridge_9331,3,qualified_m4,7,233,0.8395061728395061,0.8518518518518519,-0.012345679012345678,loss
bridge_9331,5,core,0,233,0.9666666666666667,0.9666666666666667,0.0,tie
bridge_9331,5,core,1,233,0.946058091286307,0.9547325102880658,-0.00867441900175879,loss
bridge_9331,5,core,2,233,0.7574468085106383,0.7829787234042553,-0.02553191489361702,loss
bridge_9331,5,core,3,233,0.7754237288135594,0.8728813559322034,-0.09745762711864407,loss
bridge_9331,5,core,4,233,0.7415254237288136,0.8535564853556485,-0.11203106162683497,loss
bridge_9331,5,core,5,233,0.7669491525423728,0.810126582278481,-0.04317742973610813,loss
bridge_9331,5,core,6,233,0.774468085106383,0.8127659574468085,-0.03829787234042553,loss
bridge_9331,5,core,7,233,0.6473029045643154,0.7695473251028807,-0.12224442053856531,loss
bridge_9331,5,first_cover_canonical,0,233,0.9583333333333334,0.9666666666666667,-0.008333333333333333,loss
bridge_9331,5,first_cover_canonical,1,233,0.9545454545454546,0.9547325102880658,-0.00018705574261129816,loss
bridge_9331,5,first_cover_canonical,2,233,0.9333333333333333,0.7829787234042553,0.150354609929078,win
bridge_9331,5,first_cover_canonical,3,233,0.9462809917355371,0.8728813559322034,0.07339963580333381,win
bridge_9331,5,first_cover_canonical,4,233,0.9139344262295082,0.8535564853556485,0.06037794087385966,win
bridge_9331,5,first_cover_canonical,5,233,0.8884297520661157,0.810126582278481,0.07830316978763469,win
bridge_9331,5,first_cover_canonical,6,233,0.9327731092436975,0.8127659574468085,0.12000715179688896,win
bridge_9331,5,first_cover_canonical,7,233,0.8770491803278688,0.7695473251028807,0.10750185522498819,win
bridge_9331,5,first_cover_lca_all_ties,0,233,0.9583333333333334,0.9666666666666667,-0.008333333333333333,loss
bridge_9331,5,first_cover_lca_all_ties,1,233,0.9545454545454546,0.9547325102880658,-0.00018705574261129816,loss
bridge_9331,5,first_cover_lca_all_ties,2,233,0.9333333333333333,0.7829787234042553,0.150354609929078,win
bridge_9331,5,first_cover_lca_all_ties,3,233,0.9462809917355371,0.8728813559322034,0.07339963580333381,win
bridge_9331,5,first_cover_lca_all_ties,4,233,0.9139344262295082,0.8535564853556485,0.06037794087385966,win
bridge_9331,5,first_cover_lca_all_ties,5,233,0.8884297520661157,0.810126582278481,0.07830316978763469,win
bridge_9331,5,first_cover_lca_all_ties,6,233,0.9327731092436975,0.8127659574468085,0.12000715179688896,win
bridge_9331,5,first_cover_lca_all_ties,7,233,0.8770491803278688,0.7695473251028807,0.10750185522498819,win
bridge_9331,5,qualified_m20,0,233,0.9625,0.9666666666666667,-0.004166666666666667,loss
bridge_9331,5,qualified_m20,1,233,0.9547325102880658,0.9547325102880658,0.0,tie
bridge_9331,5,qualified_m20,2,233,0.9163179916317992,0.7829787234042553,0.13333926822754386,win
bridge_9331,5,qualified_m20,3,233,0.9004149377593361,0.8728813559322034,0.02753358182713271,win
bridge_9331,5,qualified_m20,4,233,0.8828451882845189,0.8535564853556485,0.029288702928870293,win
bridge_9331,5,qualified_m20,5,233,0.8838174273858921,0.810126582278481,0.0736908451074111,win
bridge_9331,5,qualified_m20,6,233,0.902542372881356,0.8127659574468085,0.08977641543454742,win
bridge_9331,5,qualified_m20,7,233,0.7791666666666667,0.7695473251028807,0.009619341563786007,win
bridge_9331,5,qualified_m3,0,233,0.9586776859504132,0.9666666666666667,-0.007988980716253443,loss
bridge_9331,5,qualified_m3,1,233,0.9545454545454546,0.9547325102880658,-0.00018705574261129816,loss
bridge_9331,5,qualified_m3,2,233,0.8983050847457628,0.7829787234042553,0.1153263613415074,win
bridge_9331,5,qualified_m3,3,233,0.9087136929460581,0.8728813559322034,0.0358323370138547,win
bridge_9331,5,qualified_m3,4,233,0.8966942148760331,0.8535564853556485,0.04313772952038452,win
bridge_9331,5,qualified_m3,5,233,0.8791666666666667,0.810126582278481,0.06904008438818565,win
bridge_9331,5,qualified_m3,6,233,0.9063829787234042,0.8127659574468085,0.09361702127659574,win
bridge_9331,5,qualified_m3,7,233,0.8065843621399177,0.7695473251028807,0.037037037037037035,win
bridge_9331,5,qualified_m6,0,233,0.9625,0.9666666666666667,-0.004166666666666667,loss
bridge_9331,5,qualified_m6,1,233,0.9547325102880658,0.9547325102880658,0.0,tie
bridge_9331,5,qualified_m6,2,233,0.9205020920502092,0.7829787234042553,0.13752336864595388,win
bridge_9331,5,qualified_m6,3,233,0.9128630705394191,0.8728813559322034,0.039981714607215696,win
bridge_9331,5,qualified_m6,4,233,0.8879668049792531,0.8535564853556485,0.03441031962360458,win
bridge_9331,5,qualified_m6,5,233,0.8838174273858921,0.810126582278481,0.0736908451074111,win
bridge_9331,5,qualified_m6,6,233,0.8851063829787233,0.8127659574468085,0.07234042553191489,win
bridge_9331,5,qualified_m6,7,233,0.8024691358024691,0.7695473251028807,0.03292181069958848,win
bridge_9332,10,core,0,233,0.9662447257383966,0.9746835443037974,-0.008438818565400843,loss
bridge_9332,10,core,1,233,0.9788135593220338,0.9533898305084746,0.025423728813559324,win
bridge_9332,10,core,2,233,0.8050847457627118,0.8220338983050848,-0.01694915254237288,loss
bridge_9332,10,core,3,233,0.7446808510638298,0.7489361702127659,-0.00425531914893617,loss
bridge_9332,10,core,4,233,0.7310924369747899,0.7310924369747899,0.0,tie
bridge_9332,10,core,5,233,0.7184873949579832,0.7184873949579832,0.0,tie
bridge_9332,10,core,6,233,0.7161016949152542,0.7063829787234043,0.009718716191849983,win
bridge_9332,10,core,7,233,0.6893617021276596,0.7627118644067796,-0.07335016227912008,loss
bridge_9332,10,first_cover_canonical,0,233,0.9789029535864979,0.9746835443037974,0.004219409282700422,win
bridge_9332,10,first_cover_canonical,1,233,0.9831223628691983,0.9533898305084746,0.029732532360723735,win
bridge_9332,10,first_cover_canonical,2,233,0.9338842975206612,0.8220338983050848,0.11185039921557641,win
bridge_9332,10,first_cover_canonical,3,233,0.9364406779661016,0.7489361702127659,0.18750450775333574,win
bridge_9332,10,first_cover_canonical,4,233,0.892,0.7310924369747899,0.1609075630252101,win
bridge_9332,10,first_cover_canonical,5,233,0.896,0.7184873949579832,0.1775126050420168,win
bridge_9332,10,first_cover_canonical,6,233,0.9214876033057852,0.7063829787234043,0.21510462458238086,win
bridge_9332,10,first_cover_canonical,7,233,0.9218106995884774,0.7627118644067796,0.1590988351816977,win
bridge_9332,10,first_cover_lca_all_ties,0,233,0.9789029535864979,0.9746835443037974,0.004219409282700422,win
bridge_9332,10,first_cover_lca_all_ties,1,233,0.9831223628691983,0.9533898305084746,0.029732532360723735,win
bridge_9332,10,first_cover_lca_all_ties,2,233,0.9338842975206612,0.8220338983050848,0.11185039921557641,win
bridge_9332,10,first_cover_lca_all_ties,3,233,0.9364406779661016,0.7489361702127659,0.18750450775333574,win
bridge_9332,10,first_cover_lca_all_ties,4,233,0.892,0.7310924369747899,0.1609075630252101,win
bridge_9332,10,first_cover_lca_all_ties,5,233,0.896,0.7184873949579832,0.1775126050420168,win
bridge_9332,10,first_cover_lca_all_ties,6,233,0.9214876033057852,0.7063829787234043,0.21510462458238086,win
bridge_9332,10,first_cover_lca_all_ties,7,233,0.9218106995884774,0.7627118644067796,0.1590988351816977,win
bridge_9332,10,qualified_m11,0,233,0.9789029535864979,0.9746835443037974,0.004219409282700422,win
bridge_9332,10,qualified_m11,1,233,0.9831223628691983,0.9533898305084746,0.029732532360723735,win
bridge_9332,10,qualified_m11,2,233,0.8991596638655462,0.8220338983050848,0.07712576556046147,win
bridge_9332,10,qualified_m11,3,233,0.8851063829787233,0.7489361702127659,0.13617021276595745,win
bridge_9332,10,qualified_m11,4,233,0.8790322580645161,0.7310924369747899,0.14793982108972623,win
bridge_9332,10,qualified_m11,5,233,0.8641975308641975,0.7184873949579832,0.14571013590621434,win
bridge_9332,10,qualified_m11,6,233,0.907563025210084,0.7063829787234043,0.20118004648667978,win
bridge_9332,10,qualified_m11,7,233,0.9029535864978903,0.7627118644067796,0.14024172209111063,win
bridge_9332,10,qualified_m20,0,233,0.9789029535864979,0.9746835443037974,0.004219409282700422,win
bridge_9332,10,qualified_m20,1,233,0.9831223628691983,0.9533898305084746,0.029732532360723735,win
bridge_9332,10,qualified_m20,2,233,0.8991596638655462,0.8220338983050848,0.07712576556046147,win
bridge_9332,10,qualified_m20,3,233,0.8851063829787233,0.7489361702127659,0.13617021276595745,win
bridge_9332,10,qualified_m20,4,233,0.8790322580645161,0.7310924369747899,0.14793982108972623,win
bridge_9332,10,qualified_m20,5,233,0.8553719008264463,0.7184873949579832,0.1368845058684631,win
bridge_9332,10,qualified_m20,6,233,0.899581589958159,0.7063829787234043,0.19319861123475474,win
bridge_9332,10,qualified_m20,7,233,0.9033613445378151,0.7627118644067796,0.14064948013103545,win
bridge_9332,10,qualified_m3,0,233,0.9789029535864979,0.9746835443037974,0.004219409282700422,win
bridge_9332,10,qualified_m3,1,233,0.9872881355932204,0.9533898305084746,0.03389830508474576,win
bridge_9332,10,qualified_m3,2,233,0.8823529411764706,0.8220338983050848,0.06031904287138584,win
bridge_9332,10,qualified_m3,3,233,0.8765957446808511,0.7489361702127659,0.1276595744680851,win
bridge_9332,10,qualified_m3,4,233,0.8790322580645161,0.7310924369747899,0.14793982108972623,win
bridge_9332,10,qualified_m3,5,233,0.8724279835390947,0.7184873949579832,0.15394058858111145,win
bridge_9332,10,qualified_m3,6,233,0.9037656903765691,0.7063829787234043,0.1973827116531648,win
bridge_9332,10,qualified_m3,7,233,0.9,0.7627118644067796,0.13728813559322034,win
bridge_9332,2,core,0,233,0.9704641350210971,0.9746835443037974,-0.004219409282700422,loss
bridge_9332,2,core,1,233,0.9322033898305084,0.957983193277311,-0.02577980344680245,loss
bridge_9332,2,core,2,233,0.8516949152542372,0.9029535864978903,-0.051258671243653006,loss
bridge_9332,2,core,3,233,0.8,0.8382978723404255,-0.03829787234042553,loss
bridge_9332,2,core,4,233,0.7346938775510204,0.8629032258064516,-0.1282093482554312,loss
bridge_9332,2,core,5,233,0.8008130081300813,0.8242677824267782,-0.023454774296696942,loss
bridge_9332,2,core,6,233,0.7679324894514767,0.9012345679012346,-0.13330207844975778,loss
bridge_9332,2,core,7,233,0.75,0.8780487804878049,-0.12804878048780488,loss
bridge_9332,2,first_cover_canonical,0,233,0.9746835443037974,0.9746835443037974,0.0,tie
bridge_9332,2,first_cover_canonical,1,233,0.9830508474576272,0.957983193277311,0.025067654180316194,win
bridge_9332,2,first_cover_canonical,2,233,0.9201680672268907,0.9029535864978903,0.01721448072900046,win
bridge_9332,2,first_cover_canonical,3,233,0.9063829787234042,0.8382978723404255,0.06808510638297872,win
bridge_9332,2,first_cover_canonical,4,233,0.8588709677419355,0.8629032258064516,-0.004032258064516129,loss
bridge_9332,2,first_cover_canonical,5,233,0.8888888888888888,0.8242677824267782,0.06462110646211065,win
bridge_9332,2,first_cover_canonical,6,233,0.8966942148760331,0.9012345679012346,-0.00454035302520151,loss
bridge_9332,2,first_cover_canonical,7,233,0.8583333333333333,0.8780487804878049,-0.019715447154471544,loss
bridge_9332,2,first_cover_lca_all_ties,0,233,0.9746835443037974,0.9746835443037974,0.0,tie
bridge_9332,2,first_cover_lca_all_ties,1,233,0.9830508474576272,0.957983193277311,0.025067654180316194,win
bridge_9332,2,first_cover_lca_all_ties,2,233,0.9201680672268907,0.9029535864978903,0.01721448072900046,win
bridge_9332,2,first_cover_lca_all_ties,3,233,0.9063829787234042,0.8382978723404255,0.06808510638297872,win
bridge_9332,2,first_cover_lca_all_ties,4,233,0.8588709677419355,0.8629032258064516,-0.004032258064516129,loss
bridge_9332,2,first_cover_lca_all_ties,5,233,0.8888888888888888,0.8242677824267782,0.06462110646211065,win
bridge_9332,2,first_cover_lca_all_ties,6,233,0.8966942148760331,0.9012345679012346,-0.00454035302520151,loss
bridge_9332,2,first_cover_lca_all_ties,7,233,0.8583333333333333,0.8780487804878049,-0.019715447154471544,loss
bridge_9332,2,qualified_m20,0,233,0.9746835443037974,0.9746835443037974,0.0,tie
bridge_9332,2,qualified_m20,1,233,0.9747899159663865,0.957983193277311,0.01680672268907563,win
bridge_9332,2,qualified_m20,2,233,0.9156118143459916,0.9029535864978903,0.012658227848101266,win
bridge_9332,2,qualified_m20,3,233,0.8723404255319149,0.8382978723404255,0.03404255319148936,win
bridge_9332,2,qualified_m20,4,233,0.842741935483871,0.8629032258064516,-0.020161290322580645,loss
bridge_9332,2,qualified_m20,5,233,0.8347107438016529,0.8242677824267782,0.01044296137487465,win
bridge_9332,2,qualified_m20,6,233,0.8833333333333333,0.9012345679012346,-0.017901234567901235,loss
bridge_9332,2,qualified_m20,7,233,0.8516949152542372,0.8780487804878049,-0.02635386523356759,loss
bridge_9332,2,qualified_m3,0,233,0.9746835443037974,0.9746835443037974,0.0,tie
bridge_9332,2,qualified_m3,1,233,0.9747899159663865,0.957983193277311,0.01680672268907563,win
bridge_9332,2,qualified_m3,2,233,0.9156118143459916,0.9029535864978903,0.012658227848101266,win
bridge_9332,2,qualified_m3,3,233,0.8893617021276595,0.8382978723404255,0.05106382978723404,win
bridge_9332,2,qualified_m3,4,233,0.8467741935483871,0.8629032258064516,-0.016129032258064516,loss
bridge_9332,2,qualified_m3,5,233,0.8600823045267489,0.8242677824267782,0.03581452209997073,win
bridge_9332,2,qualified_m3,6,233,0.9125,0.9012345679012346,0.011265432098765432,win
bridge_9332,2,qualified_m3,7,233,0.865546218487395,0.8780487804878049,-0.01250256200040992,loss
bridge_9332,3,core,0,233,0.9704641350210971,0.9746835443037974,-0.004219409282700422,loss
bridge_9332,3,core,1,233,0.940677966101695,0.9451476793248945,-0.0044697132231996,loss
bridge_9332,3,core,2,233,0.826271186440678,0.8813559322033898,-0.05508474576271186,loss
bridge_9332,3,core,3,233,0.6851063829787234,0.8,-0.1148936170212766,loss
bridge_9332,3,core,4,233,0.6861924686192469,0.8380566801619433,-0.15186421154269647,loss
bridge_9332,3,core,5,233,0.7016806722689075,0.7866108786610879,-0.0849302063921803,loss
bridge_9332,3,core,6,233,0.7203389830508474,0.8879668049792531,-0.16762782192840567,loss
bridge_9332,3,core,7,233,0.7288135593220338,0.8791666666666667,-0.15035310734463278,loss
bridge_9332,3,first_cover_canonical,0,233,0.9746835443037974,0.9746835443037974,0.0,tie
bridge_9332,3,first_cover_canonical,1,233,0.9789915966386554,0.9451476793248945,0.03384391731376095,win
bridge_9332,3,first_cover_canonical,2,233,0.9330543933054394,0.8813559322033898,0.0516984611020495,win
bridge_9332,3,first_cover_canonical,3,233,0.8893617021276595,0.8,0.08936170212765958,win
bridge_9332,3,first_cover_canonical,4,233,0.8588709677419355,0.8380566801619433,0.020814287579992163,win
bridge_9332,3,first_cover_canonical,5,233,0.8852459016393442,0.7866108786610879,0.0986350229782564,win
bridge_9332,3,first_cover_canonical,6,233,0.897119341563786,0.8879668049792531,0.009152536584532895,win
bridge_9332,3,first_cover_canonical,7,233,0.9094650205761317,0.8791666666666667,0.03029835390946502,win
bridge_9332,3,first_cover_lca_all_ties,0,233,0.9746835443037974,0.9746835443037974,0.0,tie
bridge_9332,3,first_cover_lca_all_ties,1,233,0.9789915966386554,0.9451476793248945,0.03384391731376095,win
bridge_9332,3,first_cover_lca_all_ties,2,233,0.9330543933054394,0.8813559322033898,0.0516984611020495,win
bridge_9332,3,first_cover_lca_all_ties,3,233,0.8893617021276595,0.8,0.08936170212765958,win
bridge_9332,3,first_cover_lca_all_ties,4,233,0.8588709677419355,0.8380566801619433,0.020814287579992163,win
bridge_9332,3,first_cover_lca_all_ties,5,233,0.8852459016393442,0.7866108786610879,0.0986350229782564,win
bridge_9332,3,first_cover_lca_all_ties,6,233,0.897119341563786,0.8879668049792531,0.009152536584532895,win
bridge_9332,3,first_cover_lca_all_ties,7,233,0.9094650205761317,0.8791666666666667,0.03029835390946502,win
bridge_9332,3,qualified_m20,0,233,0.9746835443037974,0.9746835443037974,0.0,tie
bridge_9332,3,qualified_m20,1,233,0.9789029535864979,0.9451476793248945,0.03375527426160337,win
bridge_9332,3,qualified_m20,2,233,0.9067796610169492,0.8813559322033898,0.025423728813559324,win
bridge_9332,3,qualified_m20,3,233,0.8595744680851064,0.8,0.059574468085106386,win
bridge_9332,3,qualified_m20,4,233,0.8489795918367347,0.8380566801619433,0.010922911674791374,win
bridge_9332,3,qualified_m20,5,233,0.8471074380165289,0.7866108786610879,0.06049655935544106,win
bridge_9332,3,qualified_m20,6,233,0.885593220338983,0.8879668049792531,-0.002373584640270061,loss
bridge_9332,3,qualified_m20,7,233,0.8571428571428571,0.8791666666666667,-0.022023809523809525,loss
bridge_9332,3,qualified_m3,0,233,0.9746835443037974,0.9746835443037974,0.0,tie
bridge_9332,3,qualified_m3,1,233,0.9747899159663865,0.9451476793248945,0.02964223664149204,win
bridge_9332,3,qualified_m3,2,233,0.9156118143459916,0.8813559322033898,0.03425588214260173,win
bridge_9332,3,qualified_m3,3,233,0.8893617021276595,0.8,0.08936170212765958,win
bridge_9332,3,qualified_m3,4,233,0.8467741935483871,0.8380566801619433,0.008717513386443778,win
bridge_9332,3,qualified_m3,5,233,0.8600823045267489,0.7866108786610879,0.0734714258656611,win
bridge_9332,3,qualified_m3,6,233,0.9125,0.8879668049792531,0.024533195020746888,win
bridge_9332,3,qualified_m3,7,233,0.865546218487395,0.8791666666666667,-0.013620448179271709,loss
bridge_9332,3,qualified_m4,0,233,0.9746835443037974,0.9746835443037974,0.0,tie
bridge_9332,3,qualified_m4,1,233,0.9789029535864979,0.9451476793248945,0.03375527426160337,win
bridge_9332,3,qualified_m4,2,233,0.9067796610169492,0.8813559322033898,0.025423728813559324,win
bridge_9332,3,qualified_m4,3,233,0.8595744680851064,0.8,0.059574468085106386,win
bridge_9332,3,qualified_m4,4,233,0.8577235772357723,0.8380566801619433,0.01966689707382904,win
bridge_9332,3,qualified_m4,5,233,0.8666666666666667,0.7866108786610879,0.0800557880055788,win
bridge_9332,3,qualified_m4,6,233,0.8870292887029289,0.8879668049792531,-0.0009375162763242417,loss
bridge_9332,3,qualified_m4,7,233,0.8833333333333333,0.8791666666666667,0.004166666666666667,win
bridge_9332,5,core,0,233,0.9620253164556962,0.9746835443037974,-0.012658227848101266,loss
bridge_9332,5,core,1,233,0.9533898305084746,0.9704641350210971,-0.01707430451262247,loss
bridge_9332,5,core,2,233,0.826271186440678,0.864406779661017,-0.038135593220338986,loss
bridge_9332,5,core,3,233,0.7191489361702128,0.7276595744680852,-0.00851063829787234,loss
bridge_9332,5,core,4,233,0.6751054852320675,0.8016528925619835,-0.12654740732991596,loss
bridge_9332,5,core,5,233,0.673728813559322,0.6822033898305084,-0.00847457627118644,loss
bridge_9332,5,core,6,233,0.6978723404255319,0.8613445378151261,-0.16347219738959415,loss
bridge_9332,5,core,7,233,0.6936170212765957,0.8177966101694916,-0.12417958889289578,loss
bridge_9332,5,first_cover_canonical,0,233,0.9789029535864979,0.9746835443037974,0.004219409282700422,win
bridge_9332,5,first_cover_canonical,1,233,0.9831223628691983,0.9704641350210971,0.012658227848101266,win
bridge_9332,5,first_cover_canonical,2,233,0.9208333333333333,0.864406779661017,0.05642655367231639,win
bridge_9332,5,first_cover_canonical,3,233,0.9110169491525424,0.7276595744680852,0.18335737468445726,win
bridge_9332,5,first_cover_canonical,4,233,0.8663967611336032,0.8016528925619835,0.06474386857161976,win
bridge_9332,5,first_cover_canonical,5,233,0.872,0.6822033898305084,0.18979661016949154,win
bridge_9332,5,first_cover_canonical,6,233,0.9012345679012346,0.8613445378151261,0.039890030086108516,win
bridge_9332,5,first_cover_canonical,7,233,0.8921161825726142,0.8177966101694916,0.07431957240312258,win
bridge_9332,5,first_cover_lca_all_ties,0,233,0.9789029535864979,0.9746835443037974,0.004219409282700422,win
bridge_9332,5,first_cover_lca_all_ties,1,233,0.9831223628691983,0.9704641350210971,0.012658227848101266,win
bridge_9332,5,first_cover_lca_all_ties,2,233,0.9208333333333333,0.864406779661017,0.05642655367231639,win
bridge_9332,5,first_cover_lca_all_ties,3,233,0.9110169491525424,0.7276595744680852,0.18335737468445726,win
bridge_9332,5,first_cover_lca_all_ties,4,233,0.8663967611336032,0.8016528925619835,0.06474386857161976,win
bridge_9332,5,first_cover_lca_all_ties,5,233,0.872,0.6822033898305084,0.18979661016949154,win
bridge_9332,5,first_cover_lca_all_ties,6,233,0.9012345679012346,0.8613445378151261,0.039890030086108516,win
bridge_9332,5,first_cover_lca_all_ties,7,233,0.8921161825726142,0.8177966101694916,0.07431957240312258,win
bridge_9332,5,qualified_m20,0,233,0.9789029535864979,0.9746835443037974,0.004219409282700422,win
bridge_9332,5,qualified_m20,1,233,0.9831223628691983,0.9704641350210971,0.012658227848101266,win
bridge_9332,5,qualified_m20,2,233,0.907563025210084,0.864406779661017,0.043156245549067086,win
bridge_9332,5,qualified_m20,3,233,0.8553191489361702,0.7276595744680852,0.1276595744680851,win
bridge_9332,5,qualified_m20,4,233,0.8582995951417004,0.8016528925619835,0.056646702579716934,win
bridge_9332,5,qualified_m20,5,233,0.8065843621399177,0.6822033898305084,0.12438097230940923,win
bridge_9332,5,qualified_m20,6,233,0.8823529411764706,0.8613445378151261,0.02100840336134454,win
bridge_9332,5,qualified_m20,7,233,0.8630705394190872,0.8177966101694916,0.04527392924959561,win
bridge_9332,5,qualified_m3,0,233,0.9746835443037974,0.9746835443037974,0.0,tie
bridge_9332,5,qualified_m3,1,233,0.9831223628691983,0.9704641350210971,0.012658227848101266,win
bridge_9332,5,qualified_m3,2,233,0.9246861924686193,0.864406779661017,0.060279412807602295,win
bridge_9332,5,qualified_m3,3,233,0.8808510638297873,0.7276595744680852,0.15319148936170213,win
bridge_9332,5,qualified_m3,4,233,0.8414634146341463,0.8016528925619835,0.03981052207216287,win
bridge_9332,5,qualified_m3,5,233,0.8636363636363636,0.6822033898305084,0.18143297380585516,win
bridge_9332,5,qualified_m3,6,233,0.8744769874476988,0.8613445378151261,0.013132449632572695,win
bridge_9332,5,qualified_m3,7,233,0.865546218487395,0.8177966101694916,0.04774960831790343,win
bridge_9332,5,qualified_m6,0,233,0.9789029535864979,0.9746835443037974,0.004219409282700422,win
bridge_9332,5,qualified_m6,1,233,0.9831223628691983,0.9704641350210971,0.012658227848101266,win
bridge_9332,5,qualified_m6,2,233,0.907563025210084,0.864406779661017,0.043156245549067086,win
bridge_9332,5,qualified_m6,3,233,0.8638297872340426,0.7276595744680852,0.13617021276595745,win
bridge_9332,5,qualified_m6,4,233,0.8163265306122449,0.8016528925619835,0.014673638050261426,win
bridge_9332,5,qualified_m6,5,233,0.8641975308641975,0.6822033898305084,0.18199414103368905,win
bridge_9332,5,qualified_m6,6,233,0.8529411764705882,0.8613445378151261,-0.008403361344537815,loss
bridge_9332,5,qualified_m6,7,233,0.8661087866108786,0.8177966101694916,0.048312176441387134,win
bridge_9333,10,core,0,233,0.91701244813278,0.9385245901639344,-0.021512142031154344,loss
bridge_9333,10,core,1,233,0.95,0.9541666666666667,-0.004166666666666667,loss
bridge_9333,10,core,2,233,0.70042194092827,0.7510548523206751,-0.05063291139240506,loss
bridge_9333,10,core,3,233,0.6848739495798319,0.7857142857142857,-0.10084033613445378,loss
bridge_9333,10,core,4,233,0.7468879668049793,0.7551867219917012,-0.008298755186721992,loss
bridge_9333,10,core,5,233,0.6186440677966102,0.7372881355932204,-0.11864406779661017,loss
bridge_9333,10,core,6,233,0.7196652719665272,0.7333333333333333,-0.013668061366806136,loss
bridge_9333,10,core,7,233,0.7711864406779662,0.7361702127659574,0.03501622791200865,win
bridge_9333,10,first_cover_canonical,0,233,0.9504132231404959,0.9385245901639344,0.01188863297656144,win
bridge_9333,10,first_cover_canonical,1,233,0.9626556016597511,0.9541666666666667,0.00848893499308437,win
bridge_9333,10,first_cover_canonical,2,233,0.941908713692946,0.7510548523206751,0.19085386137227095,win
bridge_9333,10,first_cover_canonical,3,233,0.9132231404958677,0.7857142857142857,0.12750885478158205,win
bridge_9333,10,first_cover_canonical,4,233,0.9098360655737705,0.7551867219917012,0.15464934358206925,win
bridge_9333,10,first_cover_canonical,5,233,0.9246861924686193,0.7372881355932204,0.1873980568753989,win
bridge_9333,10,first_cover_canonical,6,233,0.9227642276422764,0.7333333333333333,0.18943089430894308,win
bridge_9333,10,first_cover_canonical,7,233,0.9585062240663901,0.7361702127659574,0.2223360113004326,win
bridge_9333,10,first_cover_lca_all_ties,0,233,0.9504132231404959,0.9385245901639344,0.01188863297656144,win
bridge_9333,10,first_cover_lca_all_ties,1,233,0.9626556016597511,0.9541666666666667,0.00848893499308437,win
bridge_9333,10,first_cover_lca_all_ties,2,233,0.941908713692946,0.7510548523206751,0.19085386137227095,win
bridge_9333,10,first_cover_lca_all_ties,3,233,0.9132231404958677,0.7857142857142857,0.12750885478158205,win
bridge_9333,10,first_cover_lca_all_ties,4,233,0.9098360655737705,0.7551867219917012,0.15464934358206925,win
bridge_9333,10,first_cover_lca_all_ties,5,233,0.9246861924686193,0.7372881355932204,0.1873980568753989,win
bridge_9333,10,first_cover_lca_all_ties,6,233,0.9227642276422764,0.7333333333333333,0.18943089430894308,win
bridge_9333,10,first_cover_lca_all_ties,7,233,0.9585062240663901,0.7361702127659574,0.2223360113004326,win
bridge_9333,10,qualified_m11,0,233,0.9504132231404959,0.9385245901639344,0.01188863297656144,win
bridge_9333,10,qualified_m11,1,233,0.9626556016597511,0.9541666666666667,0.00848893499308437,win
bridge_9333,10,qualified_m11,2,233,0.8739495798319328,0.7510548523206751,0.12289472751125767,win
bridge_9333,10,qualified_m11,3,233,0.8672199170124482,0.7857142857142857,0.08150563129816242,win
bridge_9333,10,qualified_m11,4,233,0.8677685950413223,0.7551867219917012,0.11258187304962107,win
bridge_9333,10,qualified_m11,5,233,0.869198312236287,0.7372881355932204,0.1319101766430666,win
bridge_9333,10,qualified_m11,6,233,0.8589211618257261,0.7333333333333333,0.1255878284923928,win
bridge_9333,10,qualified_m11,7,233,0.9369747899159664,0.7361702127659574,0.20080457715000893,win
bridge_9333,10,qualified_m20,0,233,0.9504132231404959,0.9385245901639344,0.01188863297656144,win
bridge_9333,10,qualified_m20,1,233,0.9626556016597511,0.9541666666666667,0.00848893499308437,win
bridge_9333,10,qualified_m20,2,233,0.8697478991596639,0.7510548523206751,0.11869304683898876,win
bridge_9333,10,qualified_m20,3,233,0.8879668049792531,0.7857142857142857,0.1022525192649674,win
bridge_9333,10,qualified_m20,4,233,0.8677685950413223,0.7551867219917012,0.11258187304962107,win
bridge_9333,10,qualified_m20,5,233,0.8739495798319328,0.7372881355932204,0.13666144423871243,win
bridge_9333,10,qualified_m20,6,233,0.8506224066390041,0.7333333333333333,0.11728907330567082,win
bridge_9333,10,qualified_m20,7,233,0.9369747899159664,0.7361702127659574,0.20080457715000893,win
bridge_9333,10,qualified_m3,0,233,0.9465020576131687,0.9385245901639344,0.007977467449234298,win
bridge_9333,10,qualified_m3,1,233,0.9626556016597511,0.9541666666666667,0.00848893499308437,win
bridge_9333,10,qualified_m3,2,233,0.8781512605042017,0.7510548523206751,0.12709640818352658,win
bridge_9333,10,qualified_m3,3,233,0.8838174273858921,0.7857142857142857,0.0981031416716064,win
bridge_9333,10,qualified_m3,4,233,0.859504132231405,0.7551867219917012,0.10431741023970371,win
bridge_9333,10,qualified_m3,5,233,0.8649789029535865,0.7372881355932204,0.12769076736036616,win
bridge_9333,10,qualified_m3,6,233,0.8547717842323651,0.7333333333333333,0.12143845089903181,win
bridge_9333,10,qualified_m3,7,233,0.9411764705882353,0.7361702127659574,0.20500625782227785,win
bridge_9333,2,core,0,233,0.9308943089430894,0.9387755102040817,-0.007881201260992201,loss
bridge_9333,2,core,1,233,0.941908713692946,0.9543568464730291,-0.012448132780082987,loss
bridge_9333,2,core,2,233,0.8158995815899581,0.8381742738589212,-0.022274692268963003,loss
bridge_9333,2,core,3,233,0.7341772151898734,0.8708333333333333,-0.1366561181434599,loss
bridge_9333,2,core,4,233,0.71900826446281,0.8347107438016529,-0.11570247933884298,loss
bridge_9333,2,core,5,233,0.711864406779661,0.8547717842323651,-0.14290737745270413,loss
bridge_9333,2,core,6,233,0.6791666666666667,0.8271604938271605,-0.14799382716049383,loss
bridge_9333,2,core,7,233,0.7436974789915967,0.9243697478991597,-0.18067226890756302,loss
bridge_9333,2,first_cover_canonical,0,233,0.9462809917355371,0.9387755102040817,0.007505481531455557,win
bridge_9333,2,first_cover_canonical,1,233,0.9586776859504132,0.9543568464730291,0.004320839477384177,win
bridge_9333,2,first_cover_canonical,2,233,0.8958333333333334,0.8381742738589212,0.057659059474412175,win
bridge_9333,2,first_cover_canonical,3,233,0.8583333333333333,0.8708333333333333,-0.0125,loss
bridge_9333,2,first_cover_canonical,4,233,0.8442622950819673,0.8347107438016529,0.00955155128031432,win
bridge_9333,2,first_cover_canonical,5,233,0.8368200836820083,0.8547717842323651,-0.01795170055035678,loss
bridge_9333,2,first_cover_canonical,6,233,0.8471074380165289,0.8271604938271605,0.019946944189368432,win
bridge_9333,2,first_cover_canonical,7,233,0.8991596638655462,0.9243697478991597,-0.025210084033613446,loss
bridge_9333,2,first_cover_lca_all_ties,0,233,0.9462809917355371,0.9387755102040817,0.007505481531455557,win
bridge_9333,2,first_cover_lca_all_ties,1,233,0.9586776859504132,0.9543568464730291,0.004320839477384177,win
bridge_9333,2,first_cover_lca_all_ties,2,233,0.8958333333333334,0.8381742738589212,0.057659059474412175,win
bridge_9333,2,first_cover_lca_all_ties,3,233,0.8583333333333333,0.8708333333333333,-0.0125,loss
bridge_9333,2,first_cover_lca_all_ties,4,233,0.8442622950819673,0.8347107438016529,0.00955155128031432,win
bridge_9333,2,first_cover_lca_all_ties,5,233,0.8368200836820083,0.8547717842323651,-0.01795170055035678,loss
bridge_9333,2,first_cover_lca_all_ties,6,233,0.8471074380165289,0.8271604938271605,0.019946944189368432,win
bridge_9333,2,first_cover_lca_all_ties,7,233,0.8991596638655462,0.9243697478991597,-0.025210084033613446,loss
bridge_9333,2,qualified_m20,0,233,0.9462809917355371,0.9387755102040817,0.007505481531455557,win
bridge_9333,2,qualified_m20,1,233,0.9543568464730291,0.9543568464730291,0.0,tie
bridge_9333,2,qualified_m20,2,233,0.8708333333333333,0.8381742738589212,0.03265905947441217,win
bridge_9333,2,qualified_m20,3,233,0.819327731092437,0.8708333333333333,-0.051505602240896356,loss
bridge_9333,2,qualified_m20,4,233,0.8174273858921162,0.8347107438016529,-0.01728335790953671,loss
bridge_9333,2,qualified_m20,5,233,0.75,0.8547717842323651,-0.10477178423236515,loss
bridge_9333,2,qualified_m20,6,233,0.7625,0.8271604938271605,-0.06466049382716049,loss
bridge_9333,2,qualified_m20,7,233,0.9033613445378151,0.9243697478991597,-0.02100840336134454,loss
bridge_9333,2,qualified_m3,0,233,0.9428571428571428,0.9387755102040817,0.004081632653061225,win
bridge_9333,2,qualified_m3,1,233,0.9543568464730291,0.9543568464730291,0.0,tie
bridge_9333,2,qualified_m3,2,233,0.825,0.8381742738589212,-0.013174273858921162,loss
bridge_9333,2,qualified_m3,3,233,0.8277310924369747,0.8708333333333333,-0.04310224089635854,loss
bridge_9333,2,qualified_m3,4,233,0.8174273858921162,0.8347107438016529,-0.01728335790953671,loss
bridge_9333,2,qualified_m3,5,233,0.7966101694915254,0.8547717842323651,-0.05816161474083972,loss
bridge_9333,2,qualified_m3,6,233,0.8140495867768595,0.8271604938271605,-0.013110907050300989,loss
bridge_9333,2,qualified_m3,7,233,0.9033613445378151,0.9243697478991597,-0.02100840336134454,loss
bridge_9333,3,core,0,233,0.930327868852459,0.9471544715447154,-0.016826602692256432,loss
bridge_9333,3,core,1,233,0.9416666666666667,0.950207468879668,-0.008540802213001382,loss
bridge_9333,3,core,2,233,0.7184873949579832,0.799163179916318,-0.0806757849583348,loss
bridge_9333,3,core,3,233,0.7383966244725738,0.8529411764705882,-0.1145445519980144,loss
bridge_9333,3,core,4,233,0.7083333333333334,0.8049792531120332,-0.09664591977869987,loss
bridge_9333,3,core,5,233,0.711864406779661,0.8277310924369747,-0.11586668565731377,loss
bridge_9333,3,core,6,233,0.6708860759493671,0.7833333333333333,-0.11244725738396624,loss
bridge_9333,3,core,7,233,0.7815126050420168,0.8781512605042017,-0.09663865546218488,loss
bridge_9333,3,first_cover_canonical,0,233,0.9543568464730291,0.9471544715447154,0.007202374928313599,win
bridge_9333,3,first_cover_canonical,1,233,0.9545454545454546,0.950207468879668,0.004337985665786495,win
bridge_9333,3,first_cover_canonical,2,233,0.9083333333333333,0.799163179916318,0.10917015341701534,win
bridge_9333,3,first_cover_canonical,3,233,0.8879668049792531,0.8529411764705882,0.03502562850866488,win
bridge_9333,3,first_cover_canonical,4,233,0.8506224066390041,0.8049792531120332,0.04564315352697095,win
bridge_9333,3,first_cover_canonical,5,233,0.8949579831932774,0.8277310924369747,0.06722689075630252,win
bridge_9333,3,first_cover_canonical,6,233,0.8801652892561983,0.7833333333333333,0.09683195592286502,win
bridge_9333,3,first_cover_canonical,7,233,0.9285714285714286,0.8781512605042017,0.05042016806722689,win
bridge_9333,3,first_cover_lca_all_ties,0,233,0.9543568464730291,0.9471544715447154,0.007202374928313599,win
bridge_9333,3,first_cover_lca_all_ties,1,233,0.9545454545454546,0.950207468879668,0.004337985665786495,win
bridge_9333,3,first_cover_lca_all_ties,2,233,0.9083333333333333,0.799163179916318,0.10917015341701534,win
bridge_9333,3,first_cover_lca_all_ties,3,233,0.8879668049792531,0.8529411764705882,0.03502562850866488,win
bridge_9333,3,first_cover_lca_all_ties,4,233,0.8506224066390041,0.8049792531120332,0.04564315352697095,win
bridge_9333,3,first_cover_lca_all_ties,5,233,0.8949579831932774,0.8277310924369747,0.06722689075630252,win
bridge_9333,3,first_cover_lca_all_ties,6,233,0.8801652892561983,0.7833333333333333,0.09683195592286502,win
bridge_9333,3,first_cover_lca_all_ties,7,233,0.9285714285714286,0.8781512605042017,0.05042016806722689,win
bridge_9333,3,qualified_m20,0,233,0.9504132231404959,0.9471544715447154,0.0032587515957804205,win
bridge_9333,3,qualified_m20,1,233,0.9585062240663901,0.950207468879668,0.008298755186721992,win
bridge_9333,3,qualified_m20,2,233,0.9,0.799163179916318,0.10083682008368201,win
bridge_9333,3,qualified_m20,3,233,0.8577405857740585,0.8529411764705882,0.004799409303470342,win
bridge_9333,3,qualified_m20,4,233,0.8547717842323651,0.8049792531120332,0.04979253112033195,win
bridge_9333,3,qualified_m20,5,233,0.8312236286919831,0.8277310924369747,0.0034925362550083322,win
bridge_9333,3,qualified_m20,6,233,0.8547717842323651,0.7833333333333333,0.07143845089903181,win
bridge_9333,3,qualified_m20,7,233,0.8613445378151261,0.8781512605042017,-0.01680672268907563,loss
bridge_9333,3,qualified_m3,0,233,0.9428571428571428,0.9471544715447154,-0.0042973286875725904,loss
bridge_9333,3,qualified_m3,1,233,0.9543568464730291,0.950207468879668,0.004149377593360996,win
bridge_9333,3,qualified_m3,2,233,0.825,0.799163179916318,0.02583682008368201,win
bridge_9333,3,qualified_m3,3,233,0.8277310924369747,0.8529411764705882,-0.025210084033613446,loss
bridge_9333,3,qualified_m3,4,233,0.8174273858921162,0.8049792531120332,0.012448132780082987,win
bridge_9333,3,qualified_m3,5,233,0.7966101694915254,0.8277310924369747,-0.031120922945449367,loss
bridge_9333,3,qualified_m3,6,233,0.8140495867768595,0.7833333333333333,0.03071625344352617,win
bridge_9333,3,qualified_m3,7,233,0.9033613445378151,0.8781512605042017,0.025210084033613446,win
bridge_9333,3,qualified_m4,0,233,0.943089430894309,0.9471544715447154,-0.0040650406504065045,loss
bridge_9333,3,qualified_m4,1,233,0.9585062240663901,0.950207468879668,0.008298755186721992,win
bridge_9333,3,qualified_m4,2,233,0.9041666666666667,0.799163179916318,0.10500348675034868,win
bridge_9333,3,qualified_m4,3,233,0.8661087866108786,0.8529411764705882,0.013167610140290427,win
bridge_9333,3,qualified_m4,4,233,0.8641975308641975,0.8049792531120332,0.05921827775216434,win
bridge_9333,3,qualified_m4,5,233,0.8410041841004184,0.8277310924369747,0.01327309166344362,win
bridge_9333,3,qualified_m4,6,233,0.8672199170124482,0.7833333333333333,0.08388658367911479,win
bridge_9333,3,qualified_m4,7,233,0.8823529411764706,0.8781512605042017,0.004201680672268907,win
bridge_9333,5,core,0,233,0.9256198347107438,0.9346938775510204,-0.009074042840276606,loss
bridge_9333,5,core,1,233,0.941908713692946,0.950207468879668,-0.008298755186721992,loss
bridge_9333,5,core,2,233,0.6974789915966386,0.7899159663865546,-0.09243697478991597,loss
bridge_9333,5,core,3,233,0.7033898305084746,0.7468354430379747,-0.043445612529500105,loss
bridge_9333,5,core,4,233,0.7261410788381742,0.7593360995850622,-0.03319502074688797,loss
bridge_9333,5,core,5,233,0.6723404255319149,0.7130801687763713,-0.040739743244456415,loss
bridge_9333,5,core,6,233,0.7280334728033473,0.775,-0.04696652719665272,loss
bridge_9333,5,core,7,233,0.7553648068669528,0.8235294117647058,-0.0681646048977531,loss
bridge_9333,5,first_cover_canonical,0,233,0.9433198380566802,0.9346938775510204,0.008625960505659754,win
bridge_9333,5,first_cover_canonical,1,233,0.9626556016597511,0.950207468879668,0.012448132780082987,win
bridge_9333,5,first_cover_canonical,2,233,0.925,0.7899159663865546,0.13508403361344537,win
bridge_9333,5,first_cover_canonical,3,233,0.8916666666666667,0.7468354430379747,0.144831223628692,win
bridge_9333,5,first_cover_canonical,4,233,0.8979591836734694,0.7593360995850622,0.13862308408840715,win
bridge_9333,5,first_cover_canonical,5,233,0.9033613445378151,0.7130801687763713,0.19028117576144382,win
bridge_9333,5,first_cover_canonical,6,233,0.9183673469387755,0.775,0.1433673469387755,win
bridge_9333,5,first_cover_canonical,7,233,0.9411764705882353,0.8235294117647058,0.11764705882352941,win
bridge_9333,5,first_cover_lca_all_ties,0,233,0.9433198380566802,0.9346938775510204,0.008625960505659754,win
bridge_9333,5,first_cover_lca_all_ties,1,233,0.9626556016597511,0.950207468879668,0.012448132780082987,win
bridge_9333,5,first_cover_lca_all_ties,2,233,0.925,0.7899159663865546,0.13508403361344537,win
bridge_9333,5,first_cover_lca_all_ties,3,233,0.8916666666666667,0.7468354430379747,0.144831223628692,win
bridge_9333,5,first_cover_lca_all_ties,4,233,0.8979591836734694,0.7593360995850622,0.13862308408840715,win
bridge_9333,5,first_cover_lca_all_ties,5,233,0.9033613445378151,0.7130801687763713,0.19028117576144382,win
bridge_9333,5,first_cover_lca_all_ties,6,233,0.9183673469387755,0.775,0.1433673469387755,win
bridge_9333,5,first_cover_lca_all_ties,7,233,0.9411764705882353,0.8235294117647058,0.11764705882352941,win
bridge_9333,5,qualified_m20,0,233,0.9433198380566802,0.9346938775510204,0.008625960505659754,win
bridge_9333,5,qualified_m20,1,233,0.9626556016597511,0.950207468879668,0.012448132780082987,win
bridge_9333,5,qualified_m20,2,233,0.8541666666666666,0.7899159663865546,0.06425070028011204,win
bridge_9333,5,qualified_m20,3,233,0.8661087866108786,0.7468354430379747,0.11927334357290398,win
bridge_9333,5,qualified_m20,4,233,0.8464730290456431,0.7593360995850622,0.08713692946058091,win
bridge_9333,5,qualified_m20,5,233,0.7966101694915254,0.7130801687763713,0.08353000071515411,win
bridge_9333,5,qualified_m20,6,233,0.8512396694214877,0.775,0.0762396694214876,win
bridge_9333,5,qualified_m20,7,233,0.9159663865546218,0.8235294117647058,0.09243697478991597,win
bridge_9333,5,qualified_m3,0,233,0.9469387755102041,0.9346938775510204,0.012244897959183673,win
bridge_9333,5,qualified_m3,1,233,0.9585062240663901,0.950207468879668,0.008298755186721992,win
bridge_9333,5,qualified_m3,2,233,0.9,0.7899159663865546,0.11008403361344538,win
bridge_9333,5,qualified_m3,3,233,0.8403361344537815,0.7468354430379747,0.09350069141580683,win
bridge_9333,5,qualified_m3,4,233,0.8471074380165289,0.7593360995850622,0.08777133843146669,win
bridge_9333,5,qualified_m3,5,233,0.8185654008438819,0.7130801687763713,0.10548523206751055,win
bridge_9333,5,qualified_m3,6,233,0.8506224066390041,0.775,0.07562240663900414,win
bridge_9333,5,qualified_m3,7,233,0.8907563025210085,0.8235294117647058,0.06722689075630252,win
bridge_9333,5,qualified_m6,0,233,0.9433198380566802,0.9346938775510204,0.008625960505659754,win
bridge_9333,5,qualified_m6,1,233,0.9626556016597511,0.950207468879668,0.012448132780082987,win
bridge_9333,5,qualified_m6,2,233,0.875,0.7899159663865546,0.08508403361344538,win
bridge_9333,5,qualified_m6,3,233,0.8619246861924686,0.7468354430379747,0.11508924315449394,win
bridge_9333,5,qualified_m6,4,233,0.8429752066115702,0.7593360995850622,0.08363910702650801,win
bridge_9333,5,qualified_m6,5,233,0.8135593220338984,0.7130801687763713,0.100479153257527,win
bridge_9333,5,qualified_m6,6,233,0.8471074380165289,0.775,0.07210743801652893,win
bridge_9333,5,qualified_m6,7,233,0.9243697478991597,0.8235294117647058,0.10084033613445378,win
filaments_9331,10,core,0,238,0.48854961832061067,0.5948905109489051,-0.10634089262829442,loss
filaments_9331,10,core,1,238,0.8541666666666666,0.8200836820083682,0.03408298465829847,win
filaments_9331,10,core,2,238,0.389873417721519,0.389873417721519,0.0,tie
filaments_9331,10,core,3,238,0.29380053908355797,0.3137254901960784,-0.01992495111252048,loss
filaments_9331,10,core,4,237,0.9451476793248945,0.919831223628692,0.02531645569620253,win
filaments_9331,10,core,5,237,0.3989769820971867,0.41263940520446096,-0.013662423107274266,loss
filaments_9331,10,core,6,237,0.6118143459915611,0.6962025316455697,-0.08438818565400844,loss
filaments_9331,10,core,7,237,0.3872832369942196,0.4767123287671233,-0.08942909177290363,loss
filaments_9331,10,first_cover_canonical,0,238,0.9495798319327731,0.5948905109489051,0.354689320983868,win
filaments_9331,10,first_cover_canonical,1,238,0.9753086419753086,0.8200836820083682,0.15522495996694044,win
filaments_9331,10,first_cover_canonical,2,238,0.6182572614107884,0.389873417721519,0.2283838436892694,win
filaments_9331,10,first_cover_canonical,3,238,0.40816326530612246,0.3137254901960784,0.09443777511004402,win
filaments_9331,10,first_cover_canonical,4,237,0.9874476987447699,0.919831223628692,0.06761647511607789,win
filaments_9331,10,first_cover_canonical,5,237,0.7278688524590164,0.41263940520446096,0.31522944725455543,win
filaments_9331,10,first_cover_canonical,6,237,0.9665271966527197,0.6962025316455697,0.27032466500715,win
filaments_9331,10,first_cover_canonical,7,237,0.679324894514768,0.4767123287671233,0.20261256574764464,win
filaments_9331,10,first_cover_lca_all_ties,0,238,0.9495798319327731,0.5948905109489051,0.354689320983868,win
filaments_9331,10,first_cover_lca_all_ties,1,238,0.9753086419753086,0.8200836820083682,0.15522495996694044,win
filaments_9331,10,first_cover_lca_all_ties,2,238,0.6182572614107884,0.389873417721519,0.2283838436892694,win
filaments_9331,10,first_cover_lca_all_ties,3,238,0.40816326530612246,0.3137254901960784,0.09443777511004402,win
filaments_9331,10,first_cover_lca_all_ties,4,237,0.9874476987447699,0.919831223628692,0.06761647511607789,win
filaments_9331,10,first_cover_lca_all_ties,5,237,0.7278688524590164,0.41263940520446096,0.31522944725455543,win
filaments_9331,10,first_cover_lca_all_ties,6,237,0.9665271966527197,0.6962025316455697,0.27032466500715,win
filaments_9331,10,first_cover_lca_all_ties,7,237,0.679324894514768,0.4767123287671233,0.20261256574764464,win
filaments_9331,10,qualified_m11,0,238,0.8739495798319328,0.5948905109489051,0.27905906888302767,win
filaments_9331,10,qualified_m11,1,238,0.9585062240663901,0.8200836820083682,0.13842254205802185,win
filaments_9331,10,qualified_m11,2,238,0.5230125523012552,0.389873417721519,0.13313913457973625,win
filaments_9331,10,qualified_m11,3,238,0.45454545454545453,0.3137254901960784,0.1408199643493761,win
filaments_9331,10,qualified_m11,4,237,0.9874476987447699,0.919831223628692,0.06761647511607789,win
filaments_9331,10,qualified_m11,5,237,0.6426116838487973,0.41263940520446096,0.22997227864433628,win
filaments_9331,10,qualified_m11,6,237,0.9037656903765691,0.6962025316455697,0.20756315873099943,win
filaments_9331,10,qualified_m11,7,237,0.5077720207253886,0.4767123287671233,0.031059691958265315,win
filaments_9331,10,qualified_m20,0,238,0.8823529411764706,0.5948905109489051,0.28746243022756546,win
filaments_9331,10,qualified_m20,1,238,0.950207468879668,0.8200836820083682,0.13012378687129986,win
filaments_9331,10,qualified_m20,2,238,0.5732217573221757,0.389873417721519,0.18334833960065675,win
filaments_9331,10,qualified_m20,3,238,0.4806378132118451,0.3137254901960784,0.16691232301576667,win
filaments_9331,10,qualified_m20,4,237,0.9874476987447699,0.919831223628692,0.06761647511607789,win
filaments_9331,10,qualified_m20,5,237,0.6870748299319728,0.41263940520446096,0.2744354247275118,win
filaments_9331,10,qualified_m20,6,237,0.9037656903765691,0.6962025316455697,0.20756315873099943,win
filaments_9331,10,qualified_m20,7,237,0.4921052631578947,0.4767123287671233,0.015392934390771449,win
filaments_9331,10,qualified_m3,0,238,0.6877192982456141,0.5948905109489051,0.09282878729670893,win
filaments_9331,10,qualified_m3,1,238,0.9626556016597511,0.8200836820083682,0.14257191965138283,win
filaments_9331,10,qualified_m3,2,238,0.497907949790795,0.389873417721519,0.10803453206927599,win
filaments_9331,10,qualified_m3,3,238,0.4241486068111455,0.3137254901960784,0.11042311661506708,win
filaments_9331,10,qualified_m3,4,237,0.9874476987447699,0.919831223628692,0.06761647511607789,win
filaments_9331,10,qualified_m3,5,237,0.6118881118881119,0.41263940520446096,0.1992487066836509,win
filaments_9331,10,qualified_m3,6,237,0.9029535864978903,0.6962025316455697,0.20675105485232068,win
filaments_9331,10,qualified_m3,7,237,0.47593582887700536,0.4767123287671233,-0.0007764998901179401,loss
filaments_9331,2,core,0,238,0.6167247386759582,0.7474402730375427,-0.13071553436158448,loss
filaments_9331,2,core,1,238,0.8791666666666667,0.970954356846473,-0.09178769017980636,loss
filaments_9331,2,core,2,238,0.41455696202531644,0.46,-0.04544303797468354,loss
filaments_9331,2,core,3,238,0.42805755395683454,0.5084745762711864,-0.08041702231435191,loss
filaments_9331,2,core,4,237,0.9704641350210971,0.9789029535864979,-0.008438818565400843,loss
filaments_9331,2,core,5,237,0.40816326530612246,0.6171875,-0.20902423469387754,loss
filaments_9331,2,core,6,237,0.7310924369747899,0.5,0.23109243697478993,win
filaments_9331,2,core,7,237,0.4986449864498645,0.7016806722689075,-0.20303568581904308,loss
filaments_9331,2,first_cover_canonical,0,238,0.7317880794701986,0.7474402730375427,-0.015652193567343986,loss
filaments_9331,2,first_cover_canonical,1,238,0.9710743801652892,0.970954356846473,0.00012002331881622715,win
filaments_9331,2,first_cover_canonical,2,238,0.4956521739130435,0.46,0.035652173913043476,win
filaments_9331,2,first_cover_canonical,3,238,0.5,0.5084745762711864,-0.00847457627118644,loss
filaments_9331,2,first_cover_canonical,4,237,0.9789915966386554,0.9789029535864979,8.864305215757189e-05,win
filaments_9331,2,first_cover_canonical,5,237,0.46292134831460674,0.6171875,-0.15426615168539326,loss
filaments_9331,2,first_cover_canonical,6,237,0.8991596638655462,0.5,0.39915966386554624,win
filaments_9331,2,first_cover_canonical,7,237,0.6413502109704642,0.7016806722689075,-0.060330461298443425,loss
filaments_9331,2,first_cover_lca_all_ties,0,238,0.7317880794701986,0.7474402730375427,-0.015652193567343986,loss
filaments_9331,2,first_cover_lca_all_ties,1,238,0.9710743801652892,0.970954356846473,0.00012002331881622715,win
filaments_9331,2,first_cover_lca_all_ties,2,238,0.4956521739130435,0.46,0.035652173913043476,win
filaments_9331,2,first_cover_lca_all_ties,3,238,0.5,0.5084745762711864,-0.00847457627118644,loss
filaments_9331,2,first_cover_lca_all_ties,4,237,0.9789915966386554,0.9789029535864979,8.864305215757189e-05,win
filaments_9331,2,first_cover_lca_all_ties,5,237,0.46292134831460674,0.6171875,-0.15426615168539326,loss
filaments_9331,2,first_cover_lca_all_ties,6,237,0.8991596638655462,0.5,0.39915966386554624,win
filaments_9331,2,first_cover_lca_all_ties,7,237,0.6413502109704642,0.7016806722689075,-0.060330461298443425,loss
filaments_9331,2,qualified_m20,0,238,0.7319587628865979,0.7474402730375427,-0.015481510150944724,loss
filaments_9331,2,qualified_m20,1,238,0.9626556016597511,0.970954356846473,-0.008298755186721992,loss
filaments_9331,2,qualified_m20,2,238,0.48739495798319327,0.46,0.027394957983193278,win
filaments_9331,2,qualified_m20,3,238,0.5138888888888888,0.5084745762711864,0.005414312617702448,win
filaments_9331,2,qualified_m20,4,237,0.9789029535864979,0.9789029535864979,0.0,tie
filaments_9331,2,qualified_m20,5,237,0.4863013698630137,0.6171875,-0.1308861301369863,loss
filaments_9331,2,qualified_m20,6,237,0.8529411764705882,0.5,0.35294117647058826,win
filaments_9331,2,qualified_m20,7,237,0.6455696202531646,0.7016806722689075,-0.056111052015743006,loss
filaments_9331,2,qualified_m3,0,238,0.7423728813559322,0.7474402730375427,-0.005067391681610459,loss
filaments_9331,2,qualified_m3,1,238,0.970954356846473,0.970954356846473,0.0,tie
filaments_9331,2,qualified_m3,2,238,0.5294117647058824,0.46,0.06941176470588235,win
filaments_9331,2,qualified_m3,3,238,0.5136986301369864,0.5084745762711864,0.005224053865799861,win
filaments_9331,2,qualified_m3,4,237,0.9789915966386554,0.9789029535864979,8.864305215757189e-05,win
filaments_9331,2,qualified_m3,5,237,0.5782312925170068,0.6171875,-0.0389562074829932,loss
filaments_9331,2,qualified_m3,6,237,0.8907563025210085,0.5,0.3907563025210084,win
filaments_9331,2,qualified_m3,7,237,0.6329113924050633,0.7016806722689075,-0.06876927986384428,loss
filaments_9331,3,core,0,238,0.592436974789916,0.6996587030716723,-0.10722172828175638,loss
filaments_9331,3,core,1,238,0.8208333333333333,0.966804979253112,-0.1459716459197787,loss
filaments_9331,3,core,2,238,0.3785900783289817,0.4528735632183908,-0.07428348488940908,loss
filaments_9331,3,core,3,238,0.36996336996337,0.4965753424657534,-0.12661197250238346,loss
filaments_9331,3,core,4,237,0.9535864978902954,0.9746835443037974,-0.02109704641350211,loss
filaments_9331,3,core,5,237,0.387434554973822,0.5511811023622047,-0.16374654738838273,loss
filaments_9331,3,core,6,237,0.6582278481012658,0.48945147679324896,0.16877637130801687,win
filaments_9331,3,core,7,237,0.428169014084507,0.6582278481012658,-0.23005883401675878,loss
filaments_9331,3,first_cover_canonical,0,238,0.8991596638655462,0.6996587030716723,0.19950096079387386,win
filaments_9331,3,first_cover_canonical,1,238,0.9626556016597511,0.966804979253112,-0.004149377593360996,loss
filaments_9331,3,first_cover_canonical,2,238,0.47912087912087914,0.4528735632183908,0.026247315902488317,win
filaments_9331,3,first_cover_canonical,3,238,0.5,0.4965753424657534,0.003424657534246575,win
filaments_9331,3,first_cover_canonical,4,237,0.9833333333333333,0.9746835443037974,0.008649789029535865,win
filaments_9331,3,first_cover_canonical,5,237,0.5541795665634675,0.5511811023622047,0.002998464201262768,win
filaments_9331,3,first_cover_canonical,6,237,0.907563025210084,0.48945147679324896,0.41811154841683507,win
filaments_9331,3,first_cover_canonical,7,237,0.5907172995780591,0.6582278481012658,-0.06751054852320675,loss
filaments_9331,3,first_cover_lca_all_ties,0,238,0.8991596638655462,0.6996587030716723,0.19950096079387386,win
filaments_9331,3,first_cover_lca_all_ties,1,238,0.9626556016597511,0.966804979253112,-0.004149377593360996,loss
filaments_9331,3,first_cover_lca_all_ties,2,238,0.47912087912087914,0.4528735632183908,0.026247315902488317,win
filaments_9331,3,first_cover_lca_all_ties,3,238,0.5,0.4965753424657534,0.003424657534246575,win
filaments_9331,3,first_cover_lca_all_ties,4,237,0.9833333333333333,0.9746835443037974,0.008649789029535865,win
filaments_9331,3,first_cover_lca_all_ties,5,237,0.5541795665634675,0.5511811023622047,0.002998464201262768,win
filaments_9331,3,first_cover_lca_all_ties,6,237,0.907563025210084,0.48945147679324896,0.41811154841683507,win
filaments_9331,3,first_cover_lca_all_ties,7,237,0.5907172995780591,0.6582278481012658,-0.06751054852320675,loss
filaments_9331,3,qualified_m20,0,238,0.7941176470588235,0.6996587030716723,0.09445894398715117,win
filaments_9331,3,qualified_m20,1,238,0.9626556016597511,0.966804979253112,-0.004149377593360996,loss
filaments_9331,3,qualified_m20,2,238,0.4789915966386555,0.4528735632183908,0.02611803342026466,win
filaments_9331,3,qualified_m20,3,238,0.43902439024390244,0.4965753424657534,-0.057550952221850984,loss
filaments_9331,3,qualified_m20,4,237,0.9831932773109243,0.9746835443037974,0.008509733007126902,win
filaments_9331,3,qualified_m20,5,237,0.4861111111111111,0.5511811023622047,-0.06506999125109361,loss
filaments_9331,3,qualified_m20,6,237,0.8354430379746836,0.48945147679324896,0.3459915611814346,win
filaments_9331,3,qualified_m20,7,237,0.5443037974683544,0.6582278481012658,-0.11392405063291139,loss
filaments_9331,3,qualified_m3,0,238,0.7423728813559322,0.6996587030716723,0.04271417828425985,win
filaments_9331,3,qualified_m3,1,238,0.970954356846473,0.966804979253112,0.004149377593360996,win
filaments_9331,3,qualified_m3,2,238,0.5294117647058824,0.4528735632183908,0.07653820148749155,win
filaments_9331,3,qualified_m3,3,238,0.5136986301369864,0.4965753424657534,0.017123287671232876,win
filaments_9331,3,qualified_m3,4,237,0.9789915966386554,0.9746835443037974,0.0043080523348579935,win
filaments_9331,3,qualified_m3,5,237,0.5782312925170068,0.5511811023622047,0.02705019015480208,win
filaments_9331,3,qualified_m3,6,237,0.8907563025210085,0.48945147679324896,0.40130482572775944,win
filaments_9331,3,qualified_m3,7,237,0.6329113924050633,0.6582278481012658,-0.02531645569620253,loss
filaments_9331,3,qualified_m4,0,238,0.8487394957983193,0.6996587030716723,0.14908079272664698,win
filaments_9331,3,qualified_m4,1,238,0.9626556016597511,0.966804979253112,-0.004149377593360996,loss
filaments_9331,3,qualified_m4,2,238,0.5239616613418531,0.4528735632183908,0.07108809812346223,win
filaments_9331,3,qualified_m4,3,238,0.4965034965034965,0.4965753424657534,-7.184596225692116e-05,loss
filaments_9331,3,qualified_m4,4,237,0.9789029535864979,0.9746835443037974,0.004219409282700422,win
filaments_9331,3,qualified_m4,5,237,0.46318289786223277,0.5511811023622047,-0.08799820449997195,loss
filaments_9331,3,qualified_m4,6,237,0.8571428571428571,0.48945147679324896,0.3676913803496082,win
filaments_9331,3,qualified_m4,7,237,0.6371308016877637,0.6582278481012658,-0.02109704641350211,loss
filaments_9331,5,core,0,238,0.5328467153284672,0.6126760563380281,-0.07982934100956102,loss
filaments_9331,5,core,1,238,0.8458333333333333,0.9291666666666667,-0.08333333333333333,loss
filaments_9331,5,core,2,238,0.42606516290726815,0.42016806722689076,0.005897095680377414,win
filaments_9331,5,core,3,238,0.31314878892733566,0.45714285714285713,-0.1439940682155215,loss
filaments_9331,5,core,4,237,0.9451476793248945,0.9620253164556962,-0.016877637130801686,loss
filaments_9331,5,core,5,237,0.39753086419753086,0.5228070175438596,-0.12527615334632877,loss
filaments_9331,5,core,6,237,0.7130801687763713,0.4177215189873418,0.29535864978902954,win
filaments_9331,5,core,7,237,0.4164305949008499,0.533678756476684,-0.11724816157583408,loss
filaments_9331,5,first_cover_canonical,0,238,0.865546218487395,0.6126760563380281,0.2528701621493668,win
filaments_9331,5,first_cover_canonical,1,238,0.9711934156378601,0.9291666666666667,0.04202674897119341,win
filaments_9331,5,first_cover_canonical,2,238,0.5523012552301255,0.42016806722689076,0.13213318800323476,win
filaments_9331,5,first_cover_canonical,3,238,0.40344827586206894,0.45714285714285713,-0.053694581280788176,loss
filaments_9331,5,first_cover_canonical,4,237,0.983402489626556,0.9620253164556962,0.021377173170859815,win
filaments_9331,5,first_cover_canonical,5,237,0.6765676567656765,0.5228070175438596,0.15376063922181693,win
filaments_9331,5,first_cover_canonical,6,237,0.9539748953974896,0.4177215189873418,0.5362533764101478,win
filaments_9331,5,first_cover_canonical,7,237,0.6751054852320675,0.533678756476684,0.14142672875538356,win
filaments_9331,5,first_cover_lca_all_ties,0,238,0.865546218487395,0.6126760563380281,0.2528701621493668,win
filaments_9331,5,first_cover_lca_all_ties,1,238,0.9711934156378601,0.9291666666666667,0.04202674897119341,win
filaments_9331,5,first_cover_lca_all_ties,2,238,0.5523012552301255,0.42016806722689076,0.13213318800323476,win
filaments_9331,5,first_cover_lca_all_ties,3,238,0.40344827586206894,0.45714285714285713,-0.053694581280788176,loss
filaments_9331,5,first_cover_lca_all_ties,4,237,0.983402489626556,0.9620253164556962,0.021377173170859815,win
filaments_9331,5,first_cover_lca_all_ties,5,237,0.6765676567656765,0.5228070175438596,0.15376063922181693,win
filaments_9331,5,first_cover_lca_all_ties,6,237,0.9539748953974896,0.4177215189873418,0.5362533764101478,win
filaments_9331,5,first_cover_lca_all_ties,7,237,0.6751054852320675,0.533678756476684,0.14142672875538356,win
filaments_9331,5,qualified_m20,0,238,0.6816608996539792,0.6126760563380281,0.06898484331595107,win
filaments_9331,5,qualified_m20,1,238,0.9626556016597511,0.9291666666666667,0.03348893499308437,win
filaments_9331,5,qualified_m20,2,238,0.48535564853556484,0.42016806722689076,0.0651875813086741,win
filaments_9331,5,qualified_m20,3,238,0.42657342657342656,0.45714285714285713,-0.03056943056943057,loss
filaments_9331,5,qualified_m20,4,237,0.9831932773109243,0.9620253164556962,0.021167960855228166,win
filaments_9331,5,qualified_m20,5,237,0.5338078291814946,0.5228070175438596,0.011000811637635013,win
filaments_9331,5,qualified_m20,6,237,0.4430379746835443,0.4177215189873418,0.02531645569620253,win
filaments_9331,5,qualified_m20,7,237,0.4986449864498645,0.533678756476684,-0.03503377002681944,loss
filaments_9331,5,qualified_m3,0,238,0.7983193277310925,0.6126760563380281,0.18564327139306427,win
filaments_9331,5,qualified_m3,1,238,0.966804979253112,0.9291666666666667,0.037638312586445365,win
filaments_9331,5,qualified_m3,2,238,0.47058823529411764,0.42016806722689076,0.05042016806722689,win
filaments_9331,5,qualified_m3,3,238,0.5087108013937283,0.45714285714285713,0.05156794425087108,win
filaments_9331,5,qualified_m3,4,237,0.9873417721518988,0.9620253164556962,0.02531645569620253,win
filaments_9331,5,qualified_m3,5,237,0.4913494809688581,0.5228070175438596,-0.03145753657500152,loss
filaments_9331,5,qualified_m3,6,237,0.8565400843881856,0.4177215189873418,0.4388185654008439,win
filaments_9331,5,qualified_m3,7,237,0.6371308016877637,0.533678756476684,0.10345204521107977,win
filaments_9331,5,qualified_m6,0,238,0.7394957983193278,0.6126760563380281,0.12681974198129956,win
filaments_9331,5,qualified_m6,1,238,0.9626556016597511,0.9291666666666667,0.03348893499308437,win
filaments_9331,5,qualified_m6,2,238,0.47240618101545256,0.42016806722689076,0.05223811378856178,win
filaments_9331,5,qualified_m6,3,238,0.3824561403508772,0.45714285714285713,-0.07468671679197995,loss
filaments_9331,5,qualified_m6,4,237,0.9831932773109243,0.9620253164556962,0.021167960855228166,win
filaments_9331,5,qualified_m6,5,237,0.563573883161512,0.5228070175438596,0.04076686561765238,win
filaments_9331,5,qualified_m6,6,237,0.869198312236287,0.4177215189873418,0.45147679324894513,win
filaments_9331,5,qualified_m6,7,237,0.538860103626943,0.533678756476684,0.0051813471502590676,win
filaments_9332,10,core,0,238,0.4226044226044226,0.5941422594142259,-0.17153783680980333,loss
filaments_9332,10,core,1,238,0.8403361344537815,0.8613445378151261,-0.02100840336134454,loss
filaments_9332,10,core,2,238,0.9243697478991597,0.9663865546218487,-0.04201680672268908,loss
filaments_9332,10,core,3,238,0.4092009685230024,0.43661971830985913,-0.027418749786856735,loss
filaments_9332,10,core,4,237,0.759493670886076,0.8649789029535865,-0.10548523206751055,loss
filaments_9332,10,core,5,237,0.6751054852320675,0.7257383966244726,-0.05063291139240506,loss
filaments_9332,10,core,6,237,0.8535564853556485,0.8870292887029289,-0.03347280334728033,loss
filaments_9332,10,core,7,237,0.7805907172995781,0.8734177215189873,-0.09282700421940929,loss
filaments_9332,10,first_cover_canonical,0,238,0.4855371900826446,0.5941422594142259,-0.10860506933158132,loss
filaments_9332,10,first_cover_canonical,1,238,0.9833333333333333,0.8613445378151261,0.12198879551820728,win
filaments_9332,10,first_cover_canonical,2,238,0.9916666666666667,0.9663865546218487,0.025280112044817928,win
filaments_9332,10,first_cover_canonical,3,238,0.65,0.43661971830985913,0.21338028169014084,win
filaments_9332,10,first_cover_canonical,4,237,0.9915966386554622,0.8649789029535865,0.12661773570187568,win
filaments_9332,10,first_cover_canonical,5,237,0.9705882352941176,0.7257383966244726,0.24484983866964508,win
filaments_9332,10,first_cover_canonical,6,237,0.9832635983263598,0.8870292887029289,0.09623430962343096,win
filaments_9332,10,first_cover_canonical,7,237,0.9791666666666666,0.8734177215189873,0.10574894514767932,win
filaments_9332,10,first_cover_lca_all_ties,0,238,0.4855371900826446,0.5941422594142259,-0.10860506933158132,loss
filaments_9332,10,first_cover_lca_all_ties,1,238,0.9833333333333333,0.8613445378151261,0.12198879551820728,win
filaments_9332,10,first_cover_lca_all_ties,2,238,0.9916666666666667,0.9663865546218487,0.025280112044817928,win
filaments_9332,10,first_cover_lca_all_ties,3,238,0.65,0.43661971830985913,0.21338028169014084,win
filaments_9332,10,first_cover_lca_all_ties,4,237,0.9915966386554622,0.8649789029535865,0.12661773570187568,win
filaments_9332,10,first_cover_lca_all_ties,5,237,0.9705882352941176,0.7257383966244726,0.24484983866964508,win
filaments_9332,10,first_cover_lca_all_ties,6,237,0.9832635983263598,0.8870292887029289,0.09623430962343096,win
filaments_9332,10,first_cover_lca_all_ties,7,237,0.9791666666666666,0.8734177215189873,0.10574894514767932,win
filaments_9332,10,qualified_m11,0,238,0.8132780082987552,0.5941422594142259,0.21913574888452925,win
filaments_9332,10,qualified_m11,1,238,0.957983193277311,0.8613445378151261,0.09663865546218488,win
filaments_9332,10,qualified_m11,2,238,0.9832635983263598,0.9663865546218487,0.016877043704511093,win
filaments_9332,10,qualified_m11,3,238,0.8458333333333333,0.43661971830985913,0.4092136150234742,win
filaments_9332,10,qualified_m11,4,237,0.9621848739495799,0.8649789029535865,0.09720597099599333,win
filaments_9332,10,qualified_m11,5,237,0.957983193277311,0.7257383966244726,0.23224479665283834,win
filaments_9332,10,qualified_m11,6,237,0.9707112970711297,0.8870292887029289,0.08368200836820083,win
filaments_9332,10,qualified_m11,7,237,0.9456066945606695,0.8734177215189873,0.07218897304168212,win
filaments_9332,10,qualified_m20,0,238,0.8506224066390041,0.5941422594142259,0.2564801472247782,win
filaments_9332,10,qualified_m20,1,238,0.9623430962343096,0.8613445378151261,0.10099855841918358,win
filaments_9332,10,qualified_m20,2,238,0.9832635983263598,0.9663865546218487,0.016877043704511093,win
filaments_9332,10,qualified_m20,3,238,0.6307053941908713,0.43661971830985913,0.19408567588101222,win
filaments_9332,10,qualified_m20,4,237,0.9663865546218487,0.8649789029535865,0.10140765166826224,win
filaments_9332,10,qualified_m20,5,237,0.957983193277311,0.7257383966244726,0.23224479665283834,win
filaments_9332,10,qualified_m20,6,237,0.9707112970711297,0.8870292887029289,0.08368200836820083,win
filaments_9332,10,qualified_m20,7,237,0.9453781512605042,0.8734177215189873,0.07196042974151685,win
filaments_9332,10,qualified_m3,0,238,0.5170603674540682,0.5941422594142259,-0.0770818919601577,loss
filaments_9332,10,qualified_m3,1,238,0.9663865546218487,0.8613445378151261,0.10504201680672269,win
filaments_9332,10,qualified_m3,2,238,0.9832635983263598,0.9663865546218487,0.016877043704511093,win
filaments_9332,10,qualified_m3,3,238,0.5397489539748954,0.43661971830985913,0.10312923566503625,win
filaments_9332,10,qualified_m3,4,237,0.9663865546218487,0.8649789029535865,0.10140765166826224,win
filaments_9332,10,qualified_m3,5,237,0.9537815126050421,0.7257383966244726,0.22804311598056945,win
filaments_9332,10,qualified_m3,6,237,0.9665271966527197,0.8870292887029289,0.0794979079497908,win
filaments_9332,10,qualified_m3,7,237,0.9497907949790795,0.8734177215189873,0.07637307346009216,win
filaments_9332,2,core,0,238,0.6291666666666667,0.4907161803713528,0.13845048629531387,win
filaments_9332,2,core,1,238,0.7226890756302521,0.9201680672268907,-0.19747899159663865,loss
filaments_9332,2,core,2,238,0.9790794979079498,0.9874476987447699,-0.008368200836820083,loss
filaments_9332,2,core,3,238,0.6556016597510373,0.5252100840336135,0.1303915757174239,win
filaments_9332,2,core,4,237,0.8529411764705882,0.975,-0.12205882352941176,loss
filaments_9332,2,core,5,237,0.7046413502109705,0.810126582278481,-0.10548523206751055,loss
filaments_9332,2,core,6,237,0.8828451882845189,0.9665271966527197,-0.08368200836820083,loss
filaments_9332,2,core,7,237,0.7088607594936709,0.921161825726141,-0.2123010662324702,loss
filaments_9332,2,first_cover_canonical,0,238,0.8541666666666666,0.4907161803713528,0.3634504862953139,win
filaments_9332,2,first_cover_canonical,1,238,0.8875,0.9201680672268907,-0.03266806722689076,loss
filaments_9332,2,first_cover_canonical,2,238,0.9874476987447699,0.9874476987447699,0.0,tie
filaments_9332,2,first_cover_canonical,3,238,0.871900826446281,0.5252100840336135,0.34669074241266756,win
filaments_9332,2,first_cover_canonical,4,237,0.966804979253112,0.975,-0.008195020746887967,loss
filaments_9332,2,first_cover_canonical,5,237,0.9367088607594937,0.810126582278481,0.12658227848101267,win
filaments_9332,2,first_cover_canonical,6,237,0.9748953974895398,0.9665271966527197,0.008368200836820083,win
filaments_9332,2,first_cover_canonical,7,237,0.9029535864978903,0.921161825726141,-0.018208239228250784,loss
filaments_9332,2,first_cover_lca_all_ties,0,238,0.8541666666666666,0.4907161803713528,0.3634504862953139,win
filaments_9332,2,first_cover_lca_all_ties,1,238,0.8875,0.9201680672268907,-0.03266806722689076,loss
filaments_9332,2,first_cover_lca_all_ties,2,238,0.9874476987447699,0.9874476987447699,0.0,tie
filaments_9332,2,first_cover_lca_all_ties,3,238,0.871900826446281,0.5252100840336135,0.34669074241266756,win
filaments_9332,2,first_cover_lca_all_ties,4,237,0.966804979253112,0.975,-0.008195020746887967,loss
filaments_9332,2,first_cover_lca_all_ties,5,237,0.9367088607594937,0.810126582278481,0.12658227848101267,win
filaments_9332,2,first_cover_lca_all_ties,6,237,0.9748953974895398,0.9665271966527197,0.008368200836820083,win
filaments_9332,2,first_cover_lca_all_ties,7,237,0.9029535864978903,0.921161825726141,-0.018208239228250784,loss
filaments_9332,2,qualified_m20,0,238,0.8506224066390041,0.4907161803713528,0.35990622626765134,win
filaments_9332,2,qualified_m20,1,238,0.8786610878661087,0.9201680672268907,-0.04150697936078197,loss
filaments_9332,2,qualified_m20,2,238,0.9874476987447699,0.9874476987447699,0.0,tie
filaments_9332,2,qualified_m20,3,238,0.8284518828451883,0.5252100840336135,0.3032417988115748,win
filaments_9332,2,qualified_m20,4,237,0.9748953974895398,0.975,-0.00010460251046025104,loss
filaments_9332,2,qualified_m20,5,237,0.8438818565400844,0.810126582278481,0.03375527426160337,win
filaments_9332,2,qualified_m20,6,237,0.9414225941422594,0.9665271966527197,-0.02510460251046025,loss
filaments_9332,2,qualified_m20,7,237,0.9033613445378151,0.921161825726141,-0.017800481188325952,loss
filaments_9332,2,qualified_m3,0,238,0.8181818181818182,0.4907161803713528,0.3274656378104654,win
filaments_9332,2,qualified_m3,1,238,0.9246861924686193,0.9201680672268907,0.004518125241728491,win
filaments_9332,2,qualified_m3,2,238,0.9874476987447699,0.9874476987447699,0.0,tie
filaments_9332,2,qualified_m3,3,238,0.8174273858921162,0.5252100840336135,0.29221730185850275,win
filaments_9332,2,qualified_m3,4,237,0.9748953974895398,0.975,-0.00010460251046025104,loss
filaments_9332,2,qualified_m3,5,237,0.759493670886076,0.810126582278481,-0.05063291139240506,loss
filaments_9332,2,qualified_m3,6,237,0.9414225941422594,0.9665271966527197,-0.02510460251046025,loss
filaments_9332,2,qualified_m3,7,237,0.9117647058823529,0.921161825726141,-0.009397119843788137,loss
filaments_9332,3,core,0,238,0.475,0.4725274725274725,0.0024725274725274724,win
filaments_9332,3,core,1,238,0.7478991596638656,0.8865546218487395,-0.13865546218487396,loss
filaments_9332,3,core,2,238,0.9665271966527197,0.9832635983263598,-0.016736401673640166,loss
filaments_9332,3,core,3,238,0.4316546762589928,0.47058823529411764,-0.03893355903512484,loss
filaments_9332,3,core,4,237,0.8016877637130801,0.9707112970711297,-0.16902353335804954,loss
filaments_9332,3,core,5,237,0.7637130801687764,0.7341772151898734,0.029535864978902954,win
filaments_9332,3,core,6,237,0.8410041841004184,0.9456066945606695,-0.10460251046025104,loss
filaments_9332,3,core,7,237,0.7478991596638656,0.8755186721991701,-0.12761951253530457,loss
filaments_9332,3,first_cover_canonical,0,238,0.8388429752066116,0.4725274725274725,0.36631550267913904,win
filaments_9332,3,first_cover_canonical,1,238,0.9411764705882353,0.8865546218487395,0.0546218487394958,win
filaments_9332,3,first_cover_canonical,2,238,0.9875,0.9832635983263598,0.004236401673640167,win
filaments_9332,3,first_cover_canonical,3,238,0.5875,0.47058823529411764,0.11691176470588235,win
filaments_9332,3,first_cover_canonical,4,237,0.979253112033195,0.9707112970711297,0.008541814962065313,win
filaments_9332,3,first_cover_canonical,5,237,0.9705882352941176,0.7341772151898734,0.23641102010424422,win
filaments_9332,3,first_cover_canonical,6,237,0.9832635983263598,0.9456066945606695,0.03765690376569038,win
filaments_9332,3,first_cover_canonical,7,237,0.946058091286307,0.8755186721991701,0.07053941908713693,win
filaments_9332,3,first_cover_lca_all_ties,0,238,0.8388429752066116,0.4725274725274725,0.36631550267913904,win
filaments_9332,3,first_cover_lca_all_ties,1,238,0.9411764705882353,0.8865546218487395,0.0546218487394958,win
filaments_9332,3,first_cover_lca_all_ties,2,238,0.9875,0.9832635983263598,0.004236401673640167,win
filaments_9332,3,first_cover_lca_all_ties,3,238,0.5875,0.47058823529411764,0.11691176470588235,win
filaments_9332,3,first_cover_lca_all_ties,4,237,0.979253112033195,0.9707112970711297,0.008541814962065313,win
filaments_9332,3,first_cover_lca_all_ties,5,237,0.9705882352941176,0.7341772151898734,0.23641102010424422,win
filaments_9332,3,first_cover_lca_all_ties,6,237,0.9832635983263598,0.9456066945606695,0.03765690376569038,win
filaments_9332,3,first_cover_lca_all_ties,7,237,0.946058091286307,0.8755186721991701,0.07053941908713693,win
filaments_9332,3,qualified_m20,0,238,0.4726890756302521,0.4725274725274725,0.00016160310277957336,win
filaments_9332,3,qualified_m20,1,238,0.9159663865546218,0.8865546218487395,0.029411764705882353,win
filaments_9332,3,qualified_m20,2,238,0.9874476987447699,0.9832635983263598,0.0041841004184100415,win
filaments_9332,3,qualified_m20,3,238,0.5791666666666667,0.47058823529411764,0.10857843137254902,win
filaments_9332,3,qualified_m20,4,237,0.9621848739495799,0.9707112970711297,-0.008526423121549874,loss
filaments_9332,3,qualified_m20,5,237,0.9159663865546218,0.7341772151898734,0.18178917136474843,win
filaments_9332,3,qualified_m20,6,237,0.9707112970711297,0.9456066945606695,0.02510460251046025,win
filaments_9332,3,qualified_m20,7,237,0.9163179916317992,0.8755186721991701,0.04079931943262904,win
filaments_9332,3,qualified_m3,0,238,0.8181818181818182,0.4725274725274725,0.34565434565434566,win
filaments_9332,3,qualified_m3,1,238,0.9246861924686193,0.8865546218487395,0.03813157061987975,win
filaments_9332,3,qualified_m3,2,238,0.9874476987447699,0.9832635983263598,0.0041841004184100415,win
filaments_9332,3,qualified_m3,3,238,0.8174273858921162,0.47058823529411764,0.3468391505979985,win
filaments_9332,3,qualified_m3,4,237,0.9748953974895398,0.9707112970711297,0.0041841004184100415,win
filaments_9332,3,qualified_m3,5,237,0.759493670886076,0.7341772151898734,0.02531645569620253,win
filaments_9332,3,qualified_m3,6,237,0.9414225941422594,0.9456066945606695,-0.0041841004184100415,loss
filaments_9332,3,qualified_m3,7,237,0.9117647058823529,0.8755186721991701,0.03624603368318282,win
filaments_9332,3,qualified_m4,0,238,0.8174273858921162,0.4725274725274725,0.34489991336464365,win
filaments_9332,3,qualified_m4,1,238,0.8786610878661087,0.8865546218487395,-0.007893533982630709,loss
filaments_9332,3,qualified_m4,2,238,0.9874476987447699,0.9832635983263598,0.0041841004184100415,win
filaments_9332,3,qualified_m4,3,238,0.6,0.47058823529411764,0.12941176470588237,win
filaments_9332,3,qualified_m4,4,237,0.9623430962343096,0.9707112970711297,-0.008368200836820083,loss
filaments_9332,3,qualified_m4,5,237,0.9537815126050421,0.7341772151898734,0.2196042974151686,win
filaments_9332,3,qualified_m4,6,237,0.9707112970711297,0.9456066945606695,0.02510460251046025,win
filaments_9332,3,qualified_m4,7,237,0.8865546218487395,0.8755186721991701,0.011035949649569372,win
filaments_9332,5,core,0,238,0.4579831932773109,0.5909090909090909,-0.13292589763177998,loss
filaments_9332,5,core,1,238,0.8067226890756303,0.7647058823529411,0.04201680672268908,win
filaments_9332,5,core,2,238,0.9327731092436975,0.9663865546218487,-0.03361344537815126,loss
filaments_9332,5,core,3,238,0.4074074074074074,0.4312796208530806,-0.02387221344567316,loss
filaments_9332,5,core,4,237,0.7848101265822784,0.9324894514767933,-0.14767932489451477,loss
filaments_9332,5,core,5,237,0.6919831223628692,0.7130801687763713,-0.02109704641350211,loss
filaments_9332,5,core,6,237,0.899581589958159,0.899581589958159,0.0,tie
filaments_9332,5,core,7,237,0.8117154811715481,0.8067226890756303,0.004992792095917865,win
filaments_9332,5,first_cover_canonical,0,238,0.8512396694214877,0.5909090909090909,0.2603305785123967,win
filaments_9332,5,first_cover_canonical,1,238,0.9707112970711297,0.7647058823529411,0.20600541471818853,win
filaments_9332,5,first_cover_canonical,2,238,0.9875,0.9663865546218487,0.021113445378151262,win
filaments_9332,5,first_cover_canonical,3,238,0.640495867768595,0.4312796208530806,0.20921624691551446,win
filaments_9332,5,first_cover_canonical,4,237,0.979253112033195,0.9324894514767933,0.04676366055640177,win
filaments_9332,5,first_cover_canonical,5,237,0.9789915966386554,0.7130801687763713,0.26591142786228417,win
filaments_9332,5,first_cover_canonical,6,237,0.9833333333333333,0.899581589958159,0.08375174337517434,win
filaments_9332,5,first_cover_canonical,7,237,0.9710743801652892,0.8067226890756303,0.164351691089659,win
filaments_9332,5,first_cover_lca_all_ties,0,238,0.8512396694214877,0.5909090909090909,0.2603305785123967,win
filaments_9332,5,first_cover_lca_all_ties,1,238,0.9707112970711297,0.7647058823529411,0.20600541471818853,win
filaments_9332,5,first_cover_lca_all_ties,2,238,0.9875,0.9663865546218487,0.021113445378151262,win
filaments_9332,5,first_cover_lca_all_ties,3,238,0.640495867768595,0.4312796208530806,0.20921624691551446,win
filaments_9332,5,first_cover_lca_all_ties,4,237,0.979253112033195,0.9324894514767933,0.04676366055640177,win
filaments_9332,5,first_cover_lca_all_ties,5,237,0.9789915966386554,0.7130801687763713,0.26591142786228417,win
filaments_9332,5,first_cover_lca_all_ties,6,237,0.9833333333333333,0.899581589958159,0.08375174337517434,win
filaments_9332,5,first_cover_lca_all_ties,7,237,0.9710743801652892,0.8067226890756303,0.164351691089659,win
filaments_9332,5,qualified_m20,0,238,0.8553719008264463,0.5909090909090909,0.2644628099173554,win
filaments_9332,5,qualified_m20,1,238,0.9243697478991597,0.7647058823529411,0.15966386554621848,win
filaments_9332,5,qualified_m20,2,238,0.9874476987447699,0.9663865546218487,0.021061144122921135,win
filaments_9332,5,qualified_m20,3,238,0.85,0.4312796208530806,0.41872037914691945,win
filaments_9332,5,qualified_m20,4,237,0.9707112970711297,0.9324894514767933,0.03822184559433646,win
filaments_9332,5,qualified_m20,5,237,0.8991596638655462,0.7130801687763713,0.1860794950891749,win
filaments_9332,5,qualified_m20,6,237,0.9707112970711297,0.899581589958159,0.07112970711297072,win
filaments_9332,5,qualified_m20,7,237,0.9456066945606695,0.8067226890756303,0.1388840054850392,win
filaments_9332,5,qualified_m3,0,238,0.5207253886010362,0.5909090909090909,-0.07018370230805464,loss
filaments_9332,5,qualified_m3,1,238,0.9159663865546218,0.7647058823529411,0.15126050420168066,win
filaments_9332,5,qualified_m3,2,238,0.9874476987447699,0.9663865546218487,0.021061144122921135,win
filaments_9332,5,qualified_m3,3,238,0.55,0.4312796208530806,0.11872037914691944,win
filaments_9332,5,qualified_m3,4,237,0.9409282700421941,0.9324894514767933,0.008438818565400843,win
filaments_9332,5,qualified_m3,5,237,0.9495798319327731,0.7130801687763713,0.2364996631564018,win
filaments_9332,5,qualified_m3,6,237,0.9790794979079498,0.899581589958159,0.0794979079497908,win
filaments_9332,5,qualified_m3,7,237,0.91701244813278,0.8067226890756303,0.11028975905714983,win
filaments_9332,5,qualified_m6,0,238,0.5194805194805194,0.5909090909090909,-0.07142857142857142,loss
filaments_9332,5,qualified_m6,1,238,0.9369747899159664,0.7647058823529411,0.1722689075630252,win
filaments_9332,5,qualified_m6,2,238,0.9874476987447699,0.9663865546218487,0.021061144122921135,win
filaments_9332,5,qualified_m6,3,238,0.5291666666666667,0.4312796208530806,0.0978870458135861,win
filaments_9332,5,qualified_m6,4,237,0.9451476793248945,0.9324894514767933,0.012658227848101266,win
filaments_9332,5,qualified_m6,5,237,0.9285714285714286,0.7130801687763713,0.21549125979505726,win
filaments_9332,5,qualified_m6,6,237,0.9707112970711297,0.899581589958159,0.07112970711297072,win
filaments_9332,5,qualified_m6,7,237,0.9330543933054394,0.8067226890756303,0.12633170422980908,win
filaments_9333,10,core,0,238,0.7656903765690377,0.7656903765690377,0.0,tie
filaments_9333,10,core,1,238,0.957983193277311,0.9789915966386554,-0.02100840336134454,loss
filaments_9333,10,core,2,238,0.37344398340248963,0.35833333333333334,0.015110650069156293,win
filaments_9333,10,core,3,238,0.5840336134453782,0.634453781512605,-0.05042016806722689,loss
filaments_9333,10,core,4,237,0.3319027181688126,0.3619489559164733,-0.03004623774766073,loss
filaments_9333,10,core,5,237,0.95,0.95,0.0,tie
filaments_9333,10,core,6,237,0.3300423131170663,0.4228187919463087,-0.09277647882924243,loss
filaments_9333,10,core,7,237,0.6624472573839663,0.7172995780590717,-0.05485232067510549,loss
filaments_9333,10,first_cover_canonical,0,238,0.9711934156378601,0.7656903765690377,0.20550303906882242,win
filaments_9333,10,first_cover_canonical,1,238,0.9916317991631799,0.9789915966386554,0.012640202524524455,win
filaments_9333,10,first_cover_canonical,2,238,0.9338842975206612,0.35833333333333334,0.5755509641873279,win
filaments_9333,10,first_cover_canonical,3,238,0.9495798319327731,0.634453781512605,0.31512605042016806,win
filaments_9333,10,first_cover_canonical,4,237,0.5056947608200456,0.3619489559164733,0.14374580490357225,win
filaments_9333,10,first_cover_canonical,5,237,0.983402489626556,0.95,0.033402489626556016,win
filaments_9333,10,first_cover_canonical,6,237,0.6029850746268657,0.4228187919463087,0.18016628268055696,win
filaments_9333,10,first_cover_canonical,7,237,0.970954356846473,0.7172995780590717,0.2536547787874013,win
filaments_9333,10,first_cover_lca_all_ties,0,238,0.9711934156378601,0.7656903765690377,0.20550303906882242,win
filaments_9333,10,first_cover_lca_all_ties,1,238,0.9916317991631799,0.9789915966386554,0.012640202524524455,win
filaments_9333,10,first_cover_lca_all_ties,2,238,0.9338842975206612,0.35833333333333334,0.5755509641873279,win
filaments_9333,10,first_cover_lca_all_ties,3,238,0.9495798319327731,0.634453781512605,0.31512605042016806,win
filaments_9333,10,first_cover_lca_all_ties,4,237,0.5056947608200456,0.3619489559164733,0.14374580490357225,win
filaments_9333,10,first_cover_lca_all_ties,5,237,0.983402489626556,0.95,0.033402489626556016,win
filaments_9333,10,first_cover_lca_all_ties,6,237,0.6029850746268657,0.4228187919463087,0.18016628268055696,win
filaments_9333,10,first_cover_lca_all_ties,7,237,0.970954356846473,0.7172995780590717,0.2536547787874013,win
filaments_9333,10,qualified_m11,0,238,0.9253112033195021,0.7656903765690377,0.1596208267504644,win
filaments_9333,10,qualified_m11,1,238,0.9916317991631799,0.9789915966386554,0.012640202524524455,win
filaments_9333,10,qualified_m11,2,238,0.8132780082987552,0.35833333333333334,0.45494467496542185,win
filaments_9333,10,qualified_m11,3,238,0.8319327731092437,0.634453781512605,0.19747899159663865,win
filaments_9333,10,qualified_m11,4,237,0.5024038461538461,0.3619489559164733,0.14045489023737284,win
filaments_9333,10,qualified_m11,5,237,0.983402489626556,0.95,0.033402489626556016,win
filaments_9333,10,qualified_m11,6,237,0.5393939393939394,0.4228187919463087,0.11657514744763067,win
filaments_9333,10,qualified_m11,7,237,0.9324894514767933,0.7172995780590717,0.21518987341772153,win
filaments_9333,10,qualified_m20,0,238,0.9087136929460581,0.7656903765690377,0.14302331637702043,win
filaments_9333,10,qualified_m20,1,238,0.9916317991631799,0.9789915966386554,0.012640202524524455,win
filaments_9333,10,qualified_m20,2,238,0.48333333333333334,0.35833333333333334,0.125,win
filaments_9333,10,qualified_m20,3,238,0.8991596638655462,0.634453781512605,0.2647058823529412,win
filaments_9333,10,qualified_m20,4,237,0.48523206751054854,0.3619489559164733,0.1232831115940752,win
filaments_9333,10,qualified_m20,5,237,0.983402489626556,0.95,0.033402489626556016,win
filaments_9333,10,qualified_m20,6,237,0.4775,0.4228187919463087,0.054681208053691276,win
filaments_9333,10,qualified_m20,7,237,0.957983193277311,0.7172995780590717,0.2406836152182392,win
filaments_9333,10,qualified_m3,0,238,0.925,0.7656903765690377,0.15930962343096233,win
filaments_9333,10,qualified_m3,1,238,0.9915966386554622,0.9789915966386554,0.012605042016806723,win
filaments_9333,10,qualified_m3,2,238,0.4666666666666667,0.35833333333333334,0.10833333333333334,win
filaments_9333,10,qualified_m3,3,238,0.8319327731092437,0.634453781512605,0.19747899159663865,win
filaments_9333,10,qualified_m3,4,237,0.4767932489451477,0.3619489559164733,0.11484429302867435,win
filaments_9333,10,qualified_m3,5,237,0.983402489626556,0.95,0.033402489626556016,win
filaments_9333,10,qualified_m3,6,237,0.5186335403726708,0.4228187919463087,0.09581474842636208,win
filaments_9333,10,qualified_m3,7,237,0.9113924050632911,0.7172995780590717,0.1940928270042194,win
filaments_9333,2,core,0,238,0.7521008403361344,0.9462809917355371,-0.19418015139940273,loss
filaments_9333,2,core,1,238,0.9831932773109243,0.9916317991631799,-0.008438521852255547,loss
filaments_9333,2,core,2,238,0.36666666666666664,0.35833333333333334,0.008333333333333333,win
filaments_9333,2,core,3,238,0.6974789915966386,0.8553719008264463,-0.15789290922980762,loss
filaments_9333,2,core,4,237,0.38461538461538464,0.35185185185185186,0.03276353276353276,win
filaments_9333,2,core,5,237,0.9748953974895398,0.983402489626556,-0.008507092137016267,loss
filaments_9333,2,core,6,237,0.34915254237288135,0.40302267002518893,-0.05387012765230756,loss
filaments_9333,2,core,7,237,0.7521008403361344,0.9285714285714286,-0.17647058823529413,loss
filaments_9333,2,first_cover_canonical,0,238,0.8708333333333333,0.9462809917355371,-0.07544765840220385,loss
filaments_9333,2,first_cover_canonical,1,238,0.9916317991631799,0.9916317991631799,0.0,tie
filaments_9333,2,first_cover_canonical,2,238,0.49583333333333335,0.35833333333333334,0.1375,win
filaments_9333,2,first_cover_canonical,3,238,0.899581589958159,0.8553719008264463,0.044209689131712714,win
filaments_9333,2,first_cover_canonical,4,237,0.424901185770751,0.35185185185185186,0.07304933391889913,win
filaments_9333,2,first_cover_canonical,5,237,0.9833333333333333,0.983402489626556,-6.915629322268326e-05,loss
filaments_9333,2,first_cover_canonical,6,237,0.4371069182389937,0.40302267002518893,0.03408424821380479,win
filaments_9333,2,first_cover_canonical,7,237,0.95,0.9285714285714286,0.02142857142857143,win
filaments_9333,2,first_cover_lca_all_ties,0,238,0.8708333333333333,0.9462809917355371,-0.07544765840220385,loss
filaments_9333,2,first_cover_lca_all_ties,1,238,0.9916317991631799,0.9916317991631799,0.0,tie
filaments_9333,2,first_cover_lca_all_ties,2,238,0.49583333333333335,0.35833333333333334,0.1375,win
filaments_9333,2,first_cover_lca_all_ties,3,238,0.899581589958159,0.8553719008264463,0.044209689131712714,win
filaments_9333,2,first_cover_lca_all_ties,4,237,0.424901185770751,0.35185185185185186,0.07304933391889913,win
filaments_9333,2,first_cover_lca_all_ties,5,237,0.9833333333333333,0.983402489626556,-6.915629322268326e-05,loss
filaments_9333,2,first_cover_lca_all_ties,6,237,0.4371069182389937,0.40302267002518893,0.03408424821380479,win
filaments_9333,2,first_cover_lca_all_ties,7,237,0.95,0.9285714285714286,0.02142857142857143,win
filaments_9333,2,qualified_m20,0,238,0.8796680497925311,0.9462809917355371,-0.06661294194300607,loss
filaments_9333,2,qualified_m20,1,238,0.9916317991631799,0.9916317991631799,0.0,tie
filaments_9333,2,qualified_m20,2,238,0.49166666666666664,0.35833333333333334,0.13333333333333333,win
filaments_9333,2,qualified_m20,3,238,0.7899159663865546,0.8553719008264463,-0.06545593443989166,loss
filaments_9333,2,qualified_m20,4,237,0.43037974683544306,0.35185185185185186,0.07852789498359118,win
filaments_9333,2,qualified_m20,5,237,0.9833333333333333,0.983402489626556,-6.915629322268326e-05,loss
filaments_9333,2,qualified_m20,6,237,0.457286432160804,0.40302267002518893,0.0542637621356151,win
filaments_9333,2,qualified_m20,7,237,0.8791666666666667,0.9285714285714286,-0.0494047619047619,loss
filaments_9333,2,qualified_m3,0,238,0.9214876033057852,0.9462809917355371,-0.024793388429752067,loss
filaments_9333,2,qualified_m3,1,238,0.9916317991631799,0.9916317991631799,0.0,tie
filaments_9333,2,qualified_m3,2,238,0.49166666666666664,0.35833333333333334,0.13333333333333333,win
filaments_9333,2,qualified_m3,3,238,0.819327731092437,0.8553719008264463,-0.036044169734009306,loss
filaments_9333,2,qualified_m3,4,237,0.4936708860759494,0.35185185185185186,0.14181903422409753,win
filaments_9333,2,qualified_m3,5,237,0.9833333333333333,0.983402489626556,-6.915629322268326e-05,loss
filaments_9333,2,qualified_m3,6,237,0.43832020997375326,0.40302267002518893,0.03529753994856436,win
filaments_9333,2,qualified_m3,7,237,0.9045643153526971,0.9285714285714286,-0.024007113218731477,loss
filaments_9333,3,core,0,238,0.7907949790794979,0.9128630705394191,-0.12206809145992117,loss
filaments_9333,3,core,1,238,0.9789915966386554,0.9916317991631799,-0.012640202524524455,loss
filaments_9333,3,core,2,238,0.42916666666666664,0.3319386331938633,0.09722803347280334,win
filaments_9333,3,core,3,238,0.6092436974789915,0.8174273858921162,-0.2081836884131246,loss
filaments_9333,3,core,4,237,0.4075067024128686,0.3504424778761062,0.05706422453676244,win
filaments_9333,3,core,5,237,0.975,0.9875,-0.0125,loss
filaments_9333,3,core,6,237,0.44518272425249167,0.3787128712871287,0.06646985296536298,win
filaments_9333,3,core,7,237,0.6932773109243697,0.8945147679324894,-0.2012374570081197,loss
filaments_9333,3,first_cover_canonical,0,238,0.9423868312757202,0.9128630705394191,0.02952376073630108,win
filaments_9333,3,first_cover_canonical,1,238,0.9915966386554622,0.9916317991631799,-3.5160507717731446e-05,loss
filaments_9333,3,first_cover_canonical,2,238,0.5892116182572614,0.3319386331938633,0.2572729850633981,win
filaments_9333,3,first_cover_canonical,3,238,0.895397489539749,0.8174273858921162,0.07797010364763277,win
filaments_9333,3,first_cover_canonical,4,237,0.5316455696202531,0.3504424778761062,0.18120309174414698,win
filaments_9333,3,first_cover_canonical,5,237,0.983402489626556,0.9875,-0.004097510373443984,loss
filaments_9333,3,first_cover_canonical,6,237,0.6090909090909091,0.3787128712871287,0.23037803780378038,win
filaments_9333,3,first_cover_canonical,7,237,0.9416666666666667,0.8945147679324894,0.04715189873417722,win
filaments_9333,3,first_cover_lca_all_ties,0,238,0.9423868312757202,0.9128630705394191,0.02952376073630108,win
filaments_9333,3,first_cover_lca_all_ties,1,238,0.9915966386554622,0.9916317991631799,-3.5160507717731446e-05,loss
filaments_9333,3,first_cover_lca_all_ties,2,238,0.5892116182572614,0.3319386331938633,0.2572729850633981,win
filaments_9333,3,first_cover_lca_all_ties,3,238,0.895397489539749,0.8174273858921162,0.07797010364763277,win
filaments_9333,3,first_cover_lca_all_ties,4,237,0.5316455696202531,0.3504424778761062,0.18120309174414698,win
filaments_9333,3,first_cover_lca_all_ties,5,237,0.983402489626556,0.9875,-0.004097510373443984,loss
filaments_9333,3,first_cover_lca_all_ties,6,237,0.6090909090909091,0.3787128712871287,0.23037803780378038,win
filaments_9333,3,first_cover_lca_all_ties,7,237,0.9416666666666667,0.8945147679324894,0.04715189873417722,win
filaments_9333,3,qualified_m20,0,238,0.9256198347107438,0.9128630705394191,0.012756764171324715,win
filaments_9333,3,qualified_m20,1,238,0.9915966386554622,0.9916317991631799,-3.5160507717731446e-05,loss
filaments_9333,3,qualified_m20,2,238,0.48333333333333334,0.3319386331938633,0.15139470013947,win
filaments_9333,3,qualified_m20,3,238,0.8571428571428571,0.8174273858921162,0.03971547125074096,win
filaments_9333,3,qualified_m20,4,237,0.42424242424242425,0.3504424778761062,0.07379994636631805,win
filaments_9333,3,qualified_m20,5,237,0.9833333333333333,0.9875,-0.004166666666666667,loss
filaments_9333,3,qualified_m20,6,237,0.4623376623376623,0.3787128712871287,0.08362479105053362,win
filaments_9333,3,qualified_m20,7,237,0.9333333333333333,0.8945147679324894,0.038818565400843885,win
filaments_9333,3,qualified_m3,0,238,0.9214876033057852,0.9128630705394191,0.008624532766366037,win
filaments_9333,3,qualified_m3,1,238,0.9916317991631799,0.9916317991631799,0.0,tie
filaments_9333,3,qualified_m3,2,238,0.49166666666666664,0.3319386331938633,0.15972803347280334,win
filaments_9333,3,qualified_m3,3,238,0.819327731092437,0.8174273858921162,0.0019003452003207922,win
filaments_9333,3,qualified_m3,4,237,0.4936708860759494,0.3504424778761062,0.14322840819984317,win
filaments_9333,3,qualified_m3,5,237,0.9833333333333333,0.9875,-0.004166666666666667,loss
filaments_9333,3,qualified_m3,6,237,0.43832020997375326,0.3787128712871287,0.059607338686624566,win
filaments_9333,3,qualified_m3,7,237,0.9045643153526971,0.8945147679324894,0.010049547420207644,win
filaments_9333,3,qualified_m4,0,238,0.9256198347107438,0.9128630705394191,0.012756764171324715,win
filaments_9333,3,qualified_m4,1,238,0.9915966386554622,0.9916317991631799,-3.5160507717731446e-05,loss
filaments_9333,3,qualified_m4,2,238,0.4791666666666667,0.3319386331938633,0.14722803347280336,win
filaments_9333,3,qualified_m4,3,238,0.8361344537815126,0.8174273858921162,0.018707067889396422,win
filaments_9333,3,qualified_m4,4,237,0.4112734864300626,0.3504424778761062,0.060831008553956435,win
filaments_9333,3,qualified_m4,5,237,0.9833333333333333,0.9875,-0.004166666666666667,loss
filaments_9333,3,qualified_m4,6,237,0.5,0.3787128712871287,0.12128712871287128,win
filaments_9333,3,qualified_m4,7,237,0.9,0.8945147679324894,0.005485232067510549,win
filaments_9333,5,core,0,238,0.7625,0.8833333333333333,-0.12083333333333333,loss
filaments_9333,5,core,1,238,0.9537815126050421,0.9915966386554622,-0.037815126050420166,loss
filaments_9333,5,core,2,238,0.48132780082987553,0.45643153526970953,0.024896265560165973,win
filaments_9333,5,core,3,238,0.5168067226890757,0.6260504201680672,-0.1092436974789916,loss
filaments_9333,5,core,4,237,0.38461538461538464,0.41350210970464135,-0.028886725089256736,loss
filaments_9333,5,core,5,237,0.9458333333333333,0.975,-0.029166666666666667,loss
filaments_9333,5,core,6,237,0.34615384615384615,0.4628099173553719,-0.11665607120152574,loss
filaments_9333,5,core,7,237,0.6286919831223629,0.7689075630252101,-0.14021557990284722,loss
filaments_9333,5,first_cover_canonical,0,238,0.9586776859504132,0.8833333333333333,0.07534435261707989,win
filaments_9333,5,first_cover_canonical,1,238,0.9916666666666667,0.9915966386554622,7.002801120448179e-05,win
filaments_9333,5,first_cover_canonical,2,238,0.8838174273858921,0.45643153526970953,0.42738589211618255,win
filaments_9333,5,first_cover_canonical,3,238,0.907563025210084,0.6260504201680672,0.2815126050420168,win
filaments_9333,5,first_cover_canonical,4,237,0.5063291139240507,0.41350210970464135,0.09282700421940929,win
filaments_9333,5,first_cover_canonical,5,237,0.983402489626556,0.975,0.008402489626556016,win
filaments_9333,5,first_cover_canonical,6,237,0.5885885885885885,0.4628099173553719,0.12577867123321668,win
filaments_9333,5,first_cover_canonical,7,237,0.9539748953974896,0.7689075630252101,0.18506733237227946,win
filaments_9333,5,first_cover_lca_all_ties,0,238,0.9586776859504132,0.8833333333333333,0.07534435261707989,win
filaments_9333,5,first_cover_lca_all_ties,1,238,0.9916666666666667,0.9915966386554622,7.002801120448179e-05,win
filaments_9333,5,first_cover_lca_all_ties,2,238,0.8838174273858921,0.45643153526970953,0.42738589211618255,win
filaments_9333,5,first_cover_lca_all_ties,3,238,0.907563025210084,0.6260504201680672,0.2815126050420168,win
filaments_9333,5,first_cover_lca_all_ties,4,237,0.5063291139240507,0.41350210970464135,0.09282700421940929,win
filaments_9333,5,first_cover_lca_all_ties,5,237,0.983402489626556,0.975,0.008402489626556016,win
filaments_9333,5,first_cover_lca_all_ties,6,237,0.5885885885885885,0.4628099173553719,0.12577867123321668,win
filaments_9333,5,first_cover_lca_all_ties,7,237,0.9539748953974896,0.7689075630252101,0.18506733237227946,win
filaments_9333,5,qualified_m20,0,238,0.934156378600823,0.8833333333333333,0.050823045267489715,win
filaments_9333,5,qualified_m20,1,238,0.9915966386554622,0.9915966386554622,0.0,tie
filaments_9333,5,qualified_m20,2,238,0.4666666666666667,0.45643153526970953,0.010235131396957123,win
filaments_9333,5,qualified_m20,3,238,0.8319327731092437,0.6260504201680672,0.20588235294117646,win
filaments_9333,5,qualified_m20,4,237,0.43037974683544306,0.41350210970464135,0.016877637130801686,win
filaments_9333,5,qualified_m20,5,237,0.983402489626556,0.975,0.008402489626556016,win
filaments_9333,5,qualified_m20,6,237,0.5221518987341772,0.4628099173553719,0.059341981378805315,win
filaments_9333,5,qualified_m20,7,237,0.9409282700421941,0.7689075630252101,0.17202070701698402,win
filaments_9333,5,qualified_m3,0,238,0.9297520661157025,0.8833333333333333,0.046418732782369146,win
filaments_9333,5,qualified_m3,1,238,0.9916317991631799,0.9915966386554622,3.5160507717731446e-05,win
filaments_9333,5,qualified_m3,2,238,0.5352697095435685,0.45643153526970953,0.07883817427385892,win
filaments_9333,5,qualified_m3,3,238,0.8445378151260504,0.6260504201680672,0.2184873949579832,win
filaments_9333,5,qualified_m3,4,237,0.46835443037974683,0.41350210970464135,0.05485232067510549,win
filaments_9333,5,qualified_m3,5,237,0.983402489626556,0.975,0.008402489626556016,win
filaments_9333,5,qualified_m3,6,237,0.4832904884318766,0.4628099173553719,0.020480571076504705,win
filaments_9333,5,qualified_m3,7,237,0.9208333333333333,0.7689075630252101,0.15192577030812324,win
filaments_9333,5,qualified_m6,0,238,0.9297520661157025,0.8833333333333333,0.046418732782369146,win
filaments_9333,5,qualified_m6,1,238,0.9915966386554622,0.9915966386554622,0.0,tie
filaments_9333,5,qualified_m6,2,238,0.5083333333333333,0.45643153526970953,0.05190179806362379,win
filaments_9333,5,qualified_m6,3,238,0.8361344537815126,0.6260504201680672,0.21008403361344538,win
filaments_9333,5,qualified_m6,4,237,0.46835443037974683,0.41350210970464135,0.05485232067510549,win
filaments_9333,5,qualified_m6,5,237,0.983402489626556,0.975,0.008402489626556016,win
filaments_9333,5,qualified_m6,6,237,0.4888888888888889,0.4628099173553719,0.026078971533516987,win
filaments_9333,5,qualified_m6,7,237,0.9324894514767933,0.7689075630252101,0.16358188845158317,win
heteroscedastic_9331,10,core,0,238,0.9794238683127572,0.9794238683127572,0.0,tie
heteroscedastic_9331,10,core,1,238,0.6451612903225806,0.7007874015748031,-0.055626111252222506,loss
heteroscedastic_9331,10,core,2,238,0.12312467666839111,0.12312467666839111,0.0,tie
heteroscedastic_9331,10,core,3,238,0.9477911646586346,0.9477911646586346,0.0,tie
heteroscedastic_9331,10,core,4,237,0.3926553672316384,0.41304347826086957,-0.020388111029231146,loss
heteroscedastic_9331,10,core,5,237,0.1207335710646969,0.1207335710646969,0.0,tie
heteroscedastic_9331,10,core,6,237,0.9710743801652892,0.9752066115702479,-0.004132231404958678,loss
heteroscedastic_9331,10,core,7,237,0.30606860158311344,0.33587786259541985,-0.029809261012306392,loss
heteroscedastic_9331,10,first_cover_canonical,0,238,0.9794238683127572,0.9794238683127572,0.0,tie
heteroscedastic_9331,10,first_cover_canonical,1,238,0.7961538461538461,0.7007874015748031,0.095366444579043,win
heteroscedastic_9331,10,first_cover_canonical,2,238,0.1226172076249356,0.12312467666839111,-0.0005074690434555018,loss
heteroscedastic_9331,10,first_cover_canonical,3,238,0.9477911646586346,0.9477911646586346,0.0,tie
heteroscedastic_9331,10,first_cover_canonical,4,237,0.48329621380846327,0.41304347826086957,0.07025273554759369,win
heteroscedastic_9331,10,first_cover_canonical,5,237,0.1207335710646969,0.1207335710646969,0.0,tie
heteroscedastic_9331,10,first_cover_canonical,6,237,0.979253112033195,0.9752066115702479,0.004046500462947087,win
heteroscedastic_9331,10,first_cover_canonical,7,237,0.4245689655172414,0.33587786259541985,0.08869110292182153,win
heteroscedastic_9331,10,first_cover_lca_all_ties,0,238,0.9794238683127572,0.9794238683127572,0.0,tie
heteroscedastic_9331,10,first_cover_lca_all_ties,1,238,0.7961538461538461,0.7007874015748031,0.095366444579043,win
heteroscedastic_9331,10,first_cover_lca_all_ties,2,238,0.1226172076249356,0.12312467666839111,-0.0005074690434555018,loss
heteroscedastic_9331,10,first_cover_lca_all_ties,3,238,0.9477911646586346,0.9477911646586346,0.0,tie
heteroscedastic_9331,10,first_cover_lca_all_ties,4,237,0.48329621380846327,0.41304347826086957,0.07025273554759369,win
heteroscedastic_9331,10,first_cover_lca_all_ties,5,237,0.1207335710646969,0.1207335710646969,0.0,tie
heteroscedastic_9331,10,first_cover_lca_all_ties,6,237,0.979253112033195,0.9752066115702479,0.004046500462947087,win
heteroscedastic_9331,10,first_cover_lca_all_ties,7,237,0.4245689655172414,0.33587786259541985,0.08869110292182153,win
heteroscedastic_9331,10,qualified_m11,0,238,0.9794238683127572,0.9794238683127572,0.0,tie
heteroscedastic_9331,10,qualified_m11,1,238,0.7876447876447876,0.7007874015748031,0.0868573860699845,win
heteroscedastic_9331,10,qualified_m11,2,238,0.12242798353909465,0.12312467666839111,-0.0006966931292964517,loss
heteroscedastic_9331,10,qualified_m11,3,238,0.9477911646586346,0.9477911646586346,0.0,tie
heteroscedastic_9331,10,qualified_m11,4,237,0.43548387096774194,0.41304347826086957,0.02244039270687237,win
heteroscedastic_9331,10,qualified_m11,5,237,0.12067209775967414,0.1207335710646969,-6.14733050227581e-05,loss
heteroscedastic_9331,10,qualified_m11,6,237,0.979253112033195,0.9752066115702479,0.004046500462947087,win
heteroscedastic_9331,10,qualified_m11,7,237,0.35396039603960394,0.33587786259541985,0.018082533444184114,win
heteroscedastic_9331,10,qualified_m20,0,238,0.9794238683127572,0.9794238683127572,0.0,tie
heteroscedastic_9331,10,qualified_m20,1,238,0.7837837837837838,0.7007874015748031,0.08299638220898063,win
heteroscedastic_9331,10,qualified_m20,2,238,0.12242798353909465,0.12312467666839111,-0.0006966931292964517,loss
heteroscedastic_9331,10,qualified_m20,3,238,0.9477911646586346,0.9477911646586346,0.0,tie
heteroscedastic_9331,10,qualified_m20,4,237,0.44881889763779526,0.41304347826086957,0.03577541937692571,win
heteroscedastic_9331,10,qualified_m20,5,237,0.1207335710646969,0.1207335710646969,0.0,tie
heteroscedastic_9331,10,qualified_m20,6,237,0.979253112033195,0.9752066115702479,0.004046500462947087,win
heteroscedastic_9331,10,qualified_m20,7,237,0.349009900990099,0.33587786259541985,0.013132038394679163,win
heteroscedastic_9331,10,qualified_m3,0,238,0.9794238683127572,0.9794238683127572,0.0,tie
heteroscedastic_9331,10,qualified_m3,1,238,0.7799227799227799,0.7007874015748031,0.07913537834797678,win
heteroscedastic_9331,10,qualified_m3,2,238,0.12255406797116375,0.12312467666839111,-0.0005706086972273532,loss
heteroscedastic_9331,10,qualified_m3,3,238,0.9516129032258065,0.9477911646586346,0.0038217385671719135,win
heteroscedastic_9331,10,qualified_m3,4,237,0.44,0.41304347826086957,0.026956521739130435,win
heteroscedastic_9331,10,qualified_m3,5,237,0.12068076328004126,0.1207335710646969,-5.280778465563413e-05,loss
heteroscedastic_9331,10,qualified_m3,6,237,0.9752066115702479,0.9752066115702479,0.0,tie
heteroscedastic_9331,10,qualified_m3,7,237,0.35135135135135137,0.33587786259541985,0.015473488755931504,win
heteroscedastic_9331,2,core,0,238,0.9753086419753086,0.9753086419753086,0.0,tie
heteroscedastic_9331,2,core,1,238,0.6147859922178989,0.75,-0.13521400778210116,loss
heteroscedastic_9331,2,core,2,238,0.12065439672801637,0.12273433454168825,-0.0020799378136718847,loss
heteroscedastic_9331,2,core,3,238,0.9395161290322581,0.9395161290322581,0.0,tie
heteroscedastic_9331,2,core,4,237,0.41237113402061853,0.4665071770334928,-0.054136043012874266,loss
heteroscedastic_9331,2,core,5,237,0.119693094629156,0.12040816326530612,-0.0007150686361501122,loss
heteroscedastic_9331,2,core,6,237,0.9477911646586346,0.959349593495935,-0.01155842883730042,loss
heteroscedastic_9331,2,core,7,237,0.37220843672456577,0.4040632054176072,-0.03185476869304147,loss
heteroscedastic_9331,2,first_cover_canonical,0,238,0.9754098360655737,0.9753086419753086,0.00010119409026512852,win
heteroscedastic_9331,2,first_cover_canonical,1,238,0.7330827067669173,0.75,-0.016917293233082706,loss
heteroscedastic_9331,2,first_cover_canonical,2,238,0.12211390456644433,0.12273433454168825,-0.000620429975243914,loss
heteroscedastic_9331,2,first_cover_canonical,3,238,0.944,0.9395161290322581,0.004483870967741935,win
heteroscedastic_9331,2,first_cover_canonical,4,237,0.46788990825688076,0.4665071770334928,0.001382731223387911,win
heteroscedastic_9331,2,first_cover_canonical,5,237,0.12164948453608247,0.12040816326530612,0.0012413212707763517,win
heteroscedastic_9331,2,first_cover_canonical,6,237,0.9672131147540983,0.959349593495935,0.007863521258163402,win
heteroscedastic_9331,2,first_cover_canonical,7,237,0.42376681614349776,0.4040632054176072,0.019703610725890535,win
heteroscedastic_9331,2,first_cover_lca_all_ties,0,238,0.9754098360655737,0.9753086419753086,0.00010119409026512852,win
heteroscedastic_9331,2,first_cover_lca_all_ties,1,238,0.7330827067669173,0.75,-0.016917293233082706,loss
heteroscedastic_9331,2,first_cover_lca_all_ties,2,238,0.12211390456644433,0.12273433454168825,-0.000620429975243914,loss
heteroscedastic_9331,2,first_cover_lca_all_ties,3,238,0.944,0.9395161290322581,0.004483870967741935,win
heteroscedastic_9331,2,first_cover_lca_all_ties,4,237,0.46788990825688076,0.4665071770334928,0.001382731223387911,win
heteroscedastic_9331,2,first_cover_lca_all_ties,5,237,0.12164948453608247,0.12040816326530612,0.0012413212707763517,win
heteroscedastic_9331,2,first_cover_lca_all_ties,6,237,0.9672131147540983,0.959349593495935,0.007863521258163402,win
heteroscedastic_9331,2,first_cover_lca_all_ties,7,237,0.42376681614349776,0.4040632054176072,0.019703610725890535,win
heteroscedastic_9331,2,qualified_m20,0,238,0.9793388429752066,0.9753086419753086,0.004030200999897969,win
heteroscedastic_9331,2,qualified_m20,1,238,0.7290076335877863,0.75,-0.02099236641221374,loss
heteroscedastic_9331,2,qualified_m20,2,238,0.12209001551991723,0.12273433454168825,-0.0006443190217710174,loss
heteroscedastic_9331,2,qualified_m20,3,238,0.944,0.9395161290322581,0.004483870967741935,win
heteroscedastic_9331,2,qualified_m20,4,237,0.4627659574468085,0.4665071770334928,-0.0037412195866843123,loss
heteroscedastic_9331,2,qualified_m20,5,237,0.12107161257083977,0.12040816326530612,0.0006634493055336509,win
heteroscedastic_9331,2,qualified_m20,6,237,0.9672131147540983,0.959349593495935,0.007863521258163402,win
heteroscedastic_9331,2,qualified_m20,7,237,0.3901869158878505,0.4040632054176072,-0.013876289529756756,loss
heteroscedastic_9331,2,qualified_m3,0,238,0.9793388429752066,0.9753086419753086,0.004030200999897969,win
heteroscedastic_9331,2,qualified_m3,1,238,0.7384615384615385,0.75,-0.011538461538461539,loss
heteroscedastic_9331,2,qualified_m3,2,238,0.12287041817243159,0.12273433454168825,0.0001360836307433508,win
heteroscedastic_9331,2,qualified_m3,3,238,0.9395161290322581,0.9395161290322581,0.0,tie
heteroscedastic_9331,2,qualified_m3,4,237,0.453125,0.4665071770334928,-0.013382177033492823,loss
heteroscedastic_9331,2,qualified_m3,5,237,0.1211340206185567,0.12040816326530612,0.0007258573532505785,win
heteroscedastic_9331,2,qualified_m3,6,237,0.975103734439834,0.959349593495935,0.015754140943899066,win
heteroscedastic_9331,2,qualified_m3,7,237,0.36211031175059955,0.4040632054176072,-0.041952893667007704,loss
heteroscedastic_9331,3,core,0,238,0.9793388429752066,0.9793388429752066,0.0,tie
heteroscedastic_9331,3,core,1,238,0.6150793650793651,0.7237354085603113,-0.10865604348094621,loss
heteroscedastic_9331,3,core,2,238,0.12111959287531807,0.12149532710280374,-0.00037573422748567214,loss
heteroscedastic_9331,3,core,3,238,0.9354838709677419,0.9395161290322581,-0.004032258064516129,loss
heteroscedastic_9331,3,core,4,237,0.3392330383480826,0.43532338308457713,-0.09609034473649451,loss
heteroscedastic_9331,3,core,5,237,0.1202661207778915,0.120698510529019,-0.000432389751127499,loss
heteroscedastic_9331,3,core,6,237,0.951417004048583,0.9710743801652892,-0.01965737611670626,loss
heteroscedastic_9331,3,core,7,237,0.36363636363636365,0.38571428571428573,-0.02207792207792208,loss
heteroscedastic_9331,3,first_cover_canonical,0,238,0.9754098360655737,0.9793388429752066,-0.003929006909632841,loss
heteroscedastic_9331,3,first_cover_canonical,1,238,0.7602996254681648,0.7237354085603113,0.03656421690785351,win
heteroscedastic_9331,3,first_cover_canonical,2,238,0.12236503856041131,0.12149532710280374,0.0008697114576075727,win
heteroscedastic_9331,3,first_cover_canonical,3,238,0.9477911646586346,0.9395161290322581,0.008275035626376473,win
heteroscedastic_9331,3,first_cover_canonical,4,237,0.44063324538258575,0.43532338308457713,0.005309862298008637,win
heteroscedastic_9331,3,first_cover_canonical,5,237,0.14285714285714285,0.120698510529019,0.022158632328123852,win
heteroscedastic_9331,3,first_cover_canonical,6,237,0.9711934156378601,0.9710743801652892,0.0001190354725708261,win
heteroscedastic_9331,3,first_cover_canonical,7,237,0.43707093821510296,0.38571428571428573,0.05135665250081726,win
heteroscedastic_9331,3,first_cover_lca_all_ties,0,238,0.9754098360655737,0.9793388429752066,-0.003929006909632841,loss
heteroscedastic_9331,3,first_cover_lca_all_ties,1,238,0.7602996254681648,0.7237354085603113,0.03656421690785351,win
heteroscedastic_9331,3,first_cover_lca_all_ties,2,238,0.12236503856041131,0.12149532710280374,0.0008697114576075727,win
heteroscedastic_9331,3,first_cover_lca_all_ties,3,238,0.9477911646586346,0.9395161290322581,0.008275035626376473,win
heteroscedastic_9331,3,first_cover_lca_all_ties,4,237,0.44063324538258575,0.43532338308457713,0.005309862298008637,win
heteroscedastic_9331,3,first_cover_lca_all_ties,5,237,0.14285714285714285,0.120698510529019,0.022158632328123852,win
heteroscedastic_9331,3,first_cover_lca_all_ties,6,237,0.9711934156378601,0.9710743801652892,0.0001190354725708261,win
heteroscedastic_9331,3,first_cover_lca_all_ties,7,237,0.43707093821510296,0.38571428571428573,0.05135665250081726,win
heteroscedastic_9331,3,qualified_m20,0,238,0.9754098360655737,0.9793388429752066,-0.003929006909632841,loss
heteroscedastic_9331,3,qualified_m20,1,238,0.7748091603053435,0.7237354085603113,0.051073751745032224,win
heteroscedastic_9331,3,qualified_m20,2,238,0.12205128205128205,0.12149532710280374,0.0005559549484783129,win
heteroscedastic_9331,3,qualified_m20,3,238,0.9477911646586346,0.9395161290322581,0.008275035626376473,win
heteroscedastic_9331,3,qualified_m20,4,237,0.4476439790575916,0.43532338308457713,0.01232059597301451,win
heteroscedastic_9331,3,qualified_m20,5,237,0.12158681092220505,0.120698510529019,0.0008883003931860453,win
heteroscedastic_9331,3,qualified_m20,6,237,0.975103734439834,0.9710743801652892,0.004029354274544769,win
heteroscedastic_9331,3,qualified_m20,7,237,0.40792540792540793,0.38571428571428573,0.02221112221112221,win
heteroscedastic_9331,3,qualified_m3,0,238,0.9793388429752066,0.9793388429752066,0.0,tie
heteroscedastic_9331,3,qualified_m3,1,238,0.7384615384615385,0.7237354085603113,0.014726129901227177,win
heteroscedastic_9331,3,qualified_m3,2,238,0.12287041817243159,0.12149532710280374,0.001375091069627857,win
heteroscedastic_9331,3,qualified_m3,3,238,0.9395161290322581,0.9395161290322581,0.0,tie
heteroscedastic_9331,3,qualified_m3,4,237,0.453125,0.43532338308457713,0.017801616915422886,win
heteroscedastic_9331,3,qualified_m3,5,237,0.1211340206185567,0.120698510529019,0.0004355100895376974,win
heteroscedastic_9331,3,qualified_m3,6,237,0.975103734439834,0.9710743801652892,0.004029354274544769,win
heteroscedastic_9331,3,qualified_m3,7,237,0.36211031175059955,0.38571428571428573,-0.023603973963686194,loss
heteroscedastic_9331,3,qualified_m4,0,238,0.9754098360655737,0.9793388429752066,-0.003929006909632841,loss
heteroscedastic_9331,3,qualified_m4,1,238,0.7686567164179104,0.7237354085603113,0.044921307857599166,win
heteroscedastic_9331,3,qualified_m4,2,238,0.12201453790238836,0.12149532710280374,0.0005192107995846313,win
heteroscedastic_9331,3,qualified_m4,3,238,0.9477911646586346,0.9395161290322581,0.008275035626376473,win
heteroscedastic_9331,3,qualified_m4,4,237,0.45012165450121655,0.43532338308457713,0.014798271416639431,win
heteroscedastic_9331,3,qualified_m4,5,237,0.12132163138874548,0.120698510529019,0.0006231208597264791,win
heteroscedastic_9331,3,qualified_m4,6,237,0.979253112033195,0.9710743801652892,0.008178731867905764,win
heteroscedastic_9331,3,qualified_m4,7,237,0.4132420091324201,0.38571428571428573,0.02752772341813438,win
heteroscedastic_9331,5,core,0,238,0.979253112033195,0.979253112033195,0.0,tie
heteroscedastic_9331,5,core,1,238,0.6850393700787402,0.7054263565891473,-0.02038698651040713,loss
heteroscedastic_9331,5,core,2,238,0.1218014329580348,0.1218014329580348,0.0,tie
heteroscedastic_9331,5,core,3,238,0.9437751004016064,0.944,-0.0002248995983935743,loss
heteroscedastic_9331,5,core,4,237,0.3955431754874652,0.4083769633507853,-0.01283378786332016,loss
heteroscedastic_9331,5,core,5,237,0.12063655030800821,0.12065439672801637,-1.7846420008146367e-05,loss
heteroscedastic_9331,5,core,6,237,0.9541666666666667,0.9626556016597511,-0.00848893499308437,loss
heteroscedastic_9331,5,core,7,237,0.3113456464379947,0.3602015113350126,-0.04885586489701787,loss
heteroscedastic_9331,5,first_cover_canonical,0,238,0.9794238683127572,0.979253112033195,0.0001707562795621809,win
heteroscedastic_9331,5,first_cover_canonical,1,238,0.8,0.7054263565891473,0.09457364341085271,win
heteroscedastic_9331,5,first_cover_canonical,2,238,0.12306101344364012,0.1218014329580348,0.0012595804856053237,win
heteroscedastic_9331,5,first_cover_canonical,3,238,0.9477911646586346,0.944,0.003791164658634538,win
heteroscedastic_9331,5,first_cover_canonical,4,237,0.47392290249433106,0.4083769633507853,0.06554593914354573,win
heteroscedastic_9331,5,first_cover_canonical,5,237,0.15,0.12065439672801637,0.02934560327198364,win
heteroscedastic_9331,5,first_cover_canonical,6,237,0.9711934156378601,0.9626556016597511,0.008537813978109045,win
heteroscedastic_9331,5,first_cover_canonical,7,237,0.4266666666666667,0.3602015113350126,0.06646515533165408,win
heteroscedastic_9331,5,first_cover_lca_all_ties,0,238,0.9794238683127572,0.979253112033195,0.0001707562795621809,win
heteroscedastic_9331,5,first_cover_lca_all_ties,1,238,0.8,0.7054263565891473,0.09457364341085271,win
heteroscedastic_9331,5,first_cover_lca_all_ties,2,238,0.12306101344364012,0.1218014329580348,0.0012595804856053237,win
heteroscedastic_9331,5,first_cover_lca_all_ties,3,238,0.9477911646586346,0.944,0.003791164658634538,win
heteroscedastic_9331,5,first_cover_lca_all_ties,4,237,0.47392290249433106,0.4083769633507853,0.06554593914354573,win
heteroscedastic_9331,5,first_cover_lca_all_ties,5,237,0.15,0.12065439672801637,0.02934560327198364,win
heteroscedastic_9331,5,first_cover_lca_all_ties,6,237,0.9711934156378601,0.9626556016597511,0.008537813978109045,win
heteroscedastic_9331,5,first_cover_lca_all_ties,7,237,0.4266666666666667,0.3602015113350126,0.06646515533165408,win
heteroscedastic_9331,5,qualified_m20,0,238,0.9794238683127572,0.979253112033195,0.0001707562795621809,win
heteroscedastic_9331,5,qualified_m20,1,238,0.7954545454545454,0.7054263565891473,0.09002818886539816,win
heteroscedastic_9331,5,qualified_m20,2,238,0.12293388429752067,0.1218014329580348,0.0011324513394858607,win
heteroscedastic_9331,5,qualified_m20,3,238,0.9477911646586346,0.944,0.003791164658634538,win
heteroscedastic_9331,5,qualified_m20,4,237,0.46208530805687204,0.4083769633507853,0.053708344706086694,win
heteroscedastic_9331,5,qualified_m20,5,237,0.12143227815256875,0.12065439672801637,0.0007778814245523998,win
heteroscedastic_9331,5,qualified_m20,6,237,0.9711934156378601,0.9626556016597511,0.008537813978109045,win
heteroscedastic_9331,5,qualified_m20,7,237,0.41496598639455784,0.3602015113350126,0.05476447505954523,win
heteroscedastic_9331,5,qualified_m3,0,238,0.9754098360655737,0.979253112033195,-0.00384327596762125,loss
heteroscedastic_9331,5,qualified_m3,1,238,0.7765151515151515,0.7054263565891473,0.07108879492600423,win
heteroscedastic_9331,5,qualified_m3,2,238,0.12223934257832562,0.1218014329580348,0.0004379096202908288,win
heteroscedastic_9331,5,qualified_m3,3,238,0.9477911646586346,0.944,0.003791164658634538,win
heteroscedastic_9331,5,qualified_m3,4,237,0.4420289855072464,0.4083769633507853,0.033652022156461035,win
heteroscedastic_9331,5,qualified_m3,5,237,0.12121212121212122,0.12065439672801637,0.0005577244841048522,win
heteroscedastic_9331,5,qualified_m3,6,237,0.975103734439834,0.9626556016597511,0.012448132780082987,win
heteroscedastic_9331,5,qualified_m3,7,237,0.4160919540229885,0.3602015113350126,0.05589044268797591,win
heteroscedastic_9331,5,qualified_m6,0,238,0.9794238683127572,0.979253112033195,0.0001707562795621809,win
heteroscedastic_9331,5,qualified_m6,1,238,0.7969924812030075,0.7054263565891473,0.09156612461386023,win
heteroscedastic_9331,5,qualified_m6,2,238,0.1226172076249356,0.1218014329580348,0.0008157746669007998,win
heteroscedastic_9331,5,qualified_m6,3,238,0.9477911646586346,0.944,0.003791164658634538,win
heteroscedastic_9331,5,qualified_m6,4,237,0.45011600928074247,0.4083769633507853,0.04173904592995712,win
heteroscedastic_9331,5,qualified_m6,5,237,0.1245136186770428,0.12065439672801637,0.0038592219490264416,win
heteroscedastic_9331,5,qualified_m6,6,237,0.9711934156378601,0.9626556016597511,0.008537813978109045,win
heteroscedastic_9331,5,qualified_m6,7,237,0.42105263157894735,0.3602015113350126,0.06085112024393478,win
heteroscedastic_9332,10,core,0,238,0.9754098360655737,0.9754098360655737,0.0,tie
heteroscedastic_9332,10,core,1,238,0.4732510288065844,0.5390946502057613,-0.06584362139917696,loss
heteroscedastic_9332,10,core,2,238,0.12147616606868272,0.12147616606868272,0.0,tie
heteroscedastic_9332,10,core,3,238,0.9626556016597511,0.9628099173553719,-0.00015431569562086349,loss
heteroscedastic_9332,10,core,4,237,0.28690807799442897,0.32697547683923706,-0.04006739884480809,loss
heteroscedastic_9332,10,core,5,237,0.12082262210796915,0.12082262210796915,0.0,tie
heteroscedastic_9332,10,core,6,237,0.9833333333333333,0.9833333333333333,0.0,tie
heteroscedastic_9332,10,core,7,237,0.34402332361516036,0.3674033149171271,-0.02337999130196672,loss
heteroscedastic_9332,10,first_cover_canonical,0,238,0.9754098360655737,0.9754098360655737,0.0,tie
heteroscedastic_9332,10,first_cover_canonical,1,238,0.841897233201581,0.5390946502057613,0.3028025829958197,win
heteroscedastic_9332,10,first_cover_canonical,2,238,0.12197632527020072,0.12147616606868272,0.0005001592015179937,win
heteroscedastic_9332,10,first_cover_canonical,3,238,0.9634146341463414,0.9628099173553719,0.0006047167909695626,win
heteroscedastic_9332,10,first_cover_canonical,4,237,0.5112781954887218,0.32697547683923706,0.18430271864948475,win
heteroscedastic_9332,10,first_cover_canonical,5,237,0.12077789150460594,0.12082262210796915,-4.473060336321513e-05,loss
heteroscedastic_9332,10,first_cover_canonical,6,237,0.983402489626556,0.9833333333333333,6.915629322268326e-05,win
heteroscedastic_9332,10,first_cover_canonical,7,237,0.5308641975308642,0.3674033149171271,0.16346088261373712,win
heteroscedastic_9332,10,first_cover_lca_all_ties,0,238,0.9754098360655737,0.9754098360655737,0.0,tie
heteroscedastic_9332,10,first_cover_lca_all_ties,1,238,0.841897233201581,0.5390946502057613,0.3028025829958197,win
heteroscedastic_9332,10,first_cover_lca_all_ties,2,238,0.12197632527020072,0.12147616606868272,0.0005001592015179937,win
heteroscedastic_9332,10,first_cover_lca_all_ties,3,238,0.9634146341463414,0.9628099173553719,0.0006047167909695626,win
heteroscedastic_9332,10,first_cover_lca_all_ties,4,237,0.5112781954887218,0.32697547683923706,0.18430271864948475,win
heteroscedastic_9332,10,first_cover_lca_all_ties,5,237,0.12077789150460594,0.12082262210796915,-4.473060336321513e-05,loss
heteroscedastic_9332,10,first_cover_lca_all_ties,6,237,0.983402489626556,0.9833333333333333,6.915629322268326e-05,win
heteroscedastic_9332,10,first_cover_lca_all_ties,7,237,0.5308641975308642,0.3674033149171271,0.16346088261373712,win
heteroscedastic_9332,10,qualified_m11,0,238,0.9754098360655737,0.9754098360655737,0.0,tie
heteroscedastic_9332,10,qualified_m11,1,238,0.7658730158730159,0.5390946502057613,0.22677836566725457,win
heteroscedastic_9332,10,qualified_m11,2,238,0.12197632527020072,0.12147616606868272,0.0005001592015179937,win
heteroscedastic_9332,10,qualified_m11,3,238,0.9634146341463414,0.9628099173553719,0.0006047167909695626,win
heteroscedastic_9332,10,qualified_m11,4,237,0.3700980392156863,0.32697547683923706,0.043122562376449215,win
heteroscedastic_9332,10,qualified_m11,5,237,0.12071611253196932,0.12082262210796915,-0.0001065095759998422,loss
heteroscedastic_9332,10,qualified_m11,6,237,0.983402489626556,0.9833333333333333,6.915629322268326e-05,win
heteroscedastic_9332,10,qualified_m11,7,237,0.40601503759398494,0.3674033149171271,0.03861172267685789,win
heteroscedastic_9332,10,qualified_m20,0,238,0.9754098360655737,0.9754098360655737,0.0,tie
heteroscedastic_9332,10,qualified_m20,1,238,0.7429718875502008,0.5390946502057613,0.2038772373444395,win
heteroscedastic_9332,10,qualified_m20,2,238,0.12197632527020072,0.12147616606868272,0.0005001592015179937,win
heteroscedastic_9332,10,qualified_m20,3,238,0.9634146341463414,0.9628099173553719,0.0006047167909695626,win
heteroscedastic_9332,10,qualified_m20,4,237,0.3249370277078086,0.32697547683923706,-0.002038449131428493,loss
heteroscedastic_9332,10,qualified_m20,5,237,0.12077789150460594,0.12082262210796915,-4.473060336321513e-05,loss
heteroscedastic_9332,10,qualified_m20,6,237,0.983402489626556,0.9833333333333333,6.915629322268326e-05,win
heteroscedastic_9332,10,qualified_m20,7,237,0.41114058355437666,0.3674033149171271,0.04373726863724959,win
heteroscedastic_9332,10,qualified_m3,0,238,0.9754098360655737,0.9754098360655737,0.0,tie
heteroscedastic_9332,10,qualified_m3,1,238,0.7649402390438247,0.5390946502057613,0.22584558883806338,win
heteroscedastic_9332,10,qualified_m3,2,238,0.12197632527020072,0.12147616606868272,0.0005001592015179937,win
heteroscedastic_9332,10,qualified_m3,3,238,0.9634146341463414,0.9628099173553719,0.0006047167909695626,win
heteroscedastic_9332,10,qualified_m3,4,237,0.3062015503875969,0.32697547683923706,-0.020773926451640157,loss
heteroscedastic_9332,10,qualified_m3,5,237,0.12083973374295955,0.12082262210796915,1.711163499039774e-05,win
heteroscedastic_9332,10,qualified_m3,6,237,0.983402489626556,0.9833333333333333,6.915629322268326e-05,win
heteroscedastic_9332,10,qualified_m3,7,237,0.39039039039039036,0.3674033149171271,0.02298707547326332,win
heteroscedastic_9332,2,core,0,238,0.9669421487603306,0.9752066115702479,-0.008264462809917356,loss
heteroscedastic_9332,2,core,1,238,0.5691056910569106,0.7984189723320159,-0.22931328127510525,loss
heteroscedastic_9332,2,core,2,238,0.12075088787417554,0.12185089974293059,-0.001100011868755046,loss
heteroscedastic_9332,2,core,3,238,0.9465020576131687,0.9549180327868853,-0.008415975173716521,loss
heteroscedastic_9332,2,core,4,237,0.42803030303030304,0.3822784810126582,0.0457518220176448,win
heteroscedastic_9332,2,core,5,237,0.11928934010152284,0.12071611253196932,-0.0014267724304464669,loss
heteroscedastic_9332,2,core,6,237,0.9504132231404959,0.9631147540983607,-0.012701530957864788,loss
heteroscedastic_9332,2,core,7,237,0.3900414937759336,0.3865546218487395,0.0034868719271941143,win
heteroscedastic_9332,2,first_cover_canonical,0,238,0.9711934156378601,0.9752066115702479,-0.004013195932387852,loss
heteroscedastic_9332,2,first_cover_canonical,1,238,0.7609561752988048,0.7984189723320159,-0.03746279703321103,loss
heteroscedastic_9332,2,first_cover_canonical,2,238,0.12185089974293059,0.12185089974293059,0.0,tie
heteroscedastic_9332,2,first_cover_canonical,3,238,0.9628099173553719,0.9549180327868853,0.007891884568486655,win
heteroscedastic_9332,2,first_cover_canonical,4,237,0.5880149812734082,0.3822784810126582,0.20573650026075002,win
heteroscedastic_9332,2,first_cover_canonical,5,237,0.1205564142194745,0.12071611253196932,-0.0001596983124948118,loss
heteroscedastic_9332,2,first_cover_canonical,6,237,0.979253112033195,0.9631147540983607,0.016138357934834365,win
heteroscedastic_9332,2,first_cover_canonical,7,237,0.5080645161290323,0.3865546218487395,0.12150989428029277,win
heteroscedastic_9332,2,first_cover_lca_all_ties,0,238,0.9711934156378601,0.9752066115702479,-0.004013195932387852,loss
heteroscedastic_9332,2,first_cover_lca_all_ties,1,238,0.7609561752988048,0.7984189723320159,-0.03746279703321103,loss
heteroscedastic_9332,2,first_cover_lca_all_ties,2,238,0.12185089974293059,0.12185089974293059,0.0,tie
heteroscedastic_9332,2,first_cover_lca_all_ties,3,238,0.9628099173553719,0.9549180327868853,0.007891884568486655,win
heteroscedastic_9332,2,first_cover_lca_all_ties,4,237,0.5880149812734082,0.3822784810126582,0.20573650026075002,win
heteroscedastic_9332,2,first_cover_lca_all_ties,5,237,0.1205564142194745,0.12071611253196932,-0.0001596983124948118,loss
heteroscedastic_9332,2,first_cover_lca_all_ties,6,237,0.979253112033195,0.9631147540983607,0.016138357934834365,win
heteroscedastic_9332,2,first_cover_lca_all_ties,7,237,0.5080645161290323,0.3865546218487395,0.12150989428029277,win
heteroscedastic_9332,2,qualified_m20,0,238,0.9711934156378601,0.9752066115702479,-0.004013195932387852,loss
heteroscedastic_9332,2,qualified_m20,1,238,0.6816326530612244,0.7984189723320159,-0.11678631927079132,loss
heteroscedastic_9332,2,qualified_m20,2,238,0.12166324435318275,0.12185089974293059,-0.00018765538974783972,loss
heteroscedastic_9332,2,qualified_m20,3,238,0.9628099173553719,0.9549180327868853,0.007891884568486655,win
heteroscedastic_9332,2,qualified_m20,4,237,0.41645244215938304,0.3822784810126582,0.03417396114672481,win
heteroscedastic_9332,2,qualified_m20,5,237,0.12076053442959918,0.12071611253196932,4.442189762986834e-05,win
heteroscedastic_9332,2,qualified_m20,6,237,0.979253112033195,0.9631147540983607,0.016138357934834365,win
heteroscedastic_9332,2,qualified_m20,7,237,0.39705882352941174,0.3865546218487395,0.01050420168067227,win
heteroscedastic_9332,2,qualified_m3,0,238,0.9711934156378601,0.9752066115702479,-0.004013195932387852,loss
heteroscedastic_9332,2,qualified_m3,1,238,0.6935483870967742,0.7984189723320159,-0.10487058523524162,loss
heteroscedastic_9332,2,qualified_m3,2,238,0.1216008209338122,0.12185089974293059,-0.00025007880911837987,loss
heteroscedastic_9332,2,qualified_m3,3,238,0.9628099173553719,0.9549180327868853,0.007891884568486655,win
heteroscedastic_9332,2,qualified_m3,4,237,0.4275184275184275,0.3822784810126582,0.04523994650576929,win
heteroscedastic_9332,2,qualified_m3,5,237,0.12039439543331604,0.12071611253196932,-0.0003217170986532742,loss
heteroscedastic_9332,2,qualified_m3,6,237,0.970954356846473,0.9631147540983607,0.007839602748112373,win
heteroscedastic_9332,2,qualified_m3,7,237,0.3900709219858156,0.3865546218487395,0.003516300137076107,win
heteroscedastic_9332,3,core,0,238,0.959349593495935,0.9711934156378601,-0.011843822141925123,loss
heteroscedastic_9332,3,core,1,238,0.6138211382113821,0.7410358565737052,-0.12721471836232306,loss
heteroscedastic_9332,3,core,2,238,0.12091836734693878,0.12110373019928462,-0.0001853628523458438,loss
heteroscedastic_9332,3,core,3,238,0.9547325102880658,0.9547325102880658,0.0,tie
heteroscedastic_9332,3,core,4,237,0.36923076923076925,0.3674540682414698,0.0017767009892994145,win
heteroscedastic_9332,3,core,5,237,0.12045105074320861,0.12094698919197118,-0.0004959384487625676,loss
heteroscedastic_9332,3,core,6,237,0.9547325102880658,0.970954356846473,-0.016221846558407187,loss
heteroscedastic_9332,3,core,7,237,0.37656903765690375,0.36134453781512604,0.015224499841777716,win
heteroscedastic_9332,3,first_cover_canonical,0,238,0.9713114754098361,0.9711934156378601,0.00011805977197598326,win
heteroscedastic_9332,3,first_cover_canonical,1,238,0.8181818181818182,0.7410358565737052,0.077145961608113,win
heteroscedastic_9332,3,first_cover_canonical,2,238,0.12197632527020072,0.12110373019928462,0.0008725950709161012,win
heteroscedastic_9332,3,first_cover_canonical,3,238,0.9629629629629629,0.9547325102880658,0.00823045267489712,win
heteroscedastic_9332,3,first_cover_canonical,4,237,0.5543071161048689,0.3674540682414698,0.1868530478633991,win
heteroscedastic_9332,3,first_cover_canonical,5,237,0.11995916283818274,0.12094698919197118,-0.0009878263537884324,loss
heteroscedastic_9332,3,first_cover_canonical,6,237,0.9752066115702479,0.970954356846473,0.004252254723774905,win
heteroscedastic_9332,3,first_cover_canonical,7,237,0.5447154471544715,0.36134453781512604,0.1833709093393455,win
heteroscedastic_9332,3,first_cover_lca_all_ties,0,238,0.9713114754098361,0.9711934156378601,0.00011805977197598326,win
heteroscedastic_9332,3,first_cover_lca_all_ties,1,238,0.8181818181818182,0.7410358565737052,0.077145961608113,win
heteroscedastic_9332,3,first_cover_lca_all_ties,2,238,0.12197632527020072,0.12110373019928462,0.0008725950709161012,win
heteroscedastic_9332,3,first_cover_lca_all_ties,3,238,0.9629629629629629,0.9547325102880658,0.00823045267489712,win
heteroscedastic_9332,3,first_cover_lca_all_ties,4,237,0.5543071161048689,0.3674540682414698,0.1868530478633991,win
heteroscedastic_9332,3,first_cover_lca_all_ties,5,237,0.11995916283818274,0.12094698919197118,-0.0009878263537884324,loss
heteroscedastic_9332,3,first_cover_lca_all_ties,6,237,0.9752066115702479,0.970954356846473,0.004252254723774905,win
heteroscedastic_9332,3,first_cover_lca_all_ties,7,237,0.5447154471544715,0.36134453781512604,0.1833709093393455,win
heteroscedastic_9332,3,qualified_m20,0,238,0.9713114754098361,0.9711934156378601,0.00011805977197598326,win
heteroscedastic_9332,3,qualified_m20,1,238,0.726530612244898,0.7410358565737052,-0.01450524432880722,loss
heteroscedastic_9332,3,qualified_m20,2,238,0.12210200927357033,0.12110373019928462,0.0009982790742857053,win
heteroscedastic_9332,3,qualified_m20,3,238,0.9666666666666667,0.9547325102880658,0.011934156378600824,win
heteroscedastic_9332,3,qualified_m20,4,237,0.3955773955773956,0.3674540682414698,0.02812332733592576,win
heteroscedastic_9332,3,qualified_m20,5,237,0.12034676185619582,0.12094698919197118,-0.0006002273357753602,loss
heteroscedastic_9332,3,qualified_m20,6,237,0.979253112033195,0.970954356846473,0.008298755186721992,win
heteroscedastic_9332,3,qualified_m20,7,237,0.39950980392156865,0.36134453781512604,0.03816526610644258,win
heteroscedastic_9332,3,qualified_m3,0,238,0.9711934156378601,0.9711934156378601,0.0,tie
heteroscedastic_9332,3,qualified_m3,1,238,0.6935483870967742,0.7410358565737052,-0.047487469476930985,loss
heteroscedastic_9332,3,qualified_m3,2,238,0.1216008209338122,0.12110373019928462,0.0004970907345275921,win
heteroscedastic_9332,3,qualified_m3,3,238,0.9628099173553719,0.9547325102880658,0.008077407067306057,win
heteroscedastic_9332,3,qualified_m3,4,237,0.4275184275184275,0.3674540682414698,0.060064359276957704,win
heteroscedastic_9332,3,qualified_m3,5,237,0.12039439543331604,0.12094698919197118,-0.0005525937586551433,loss
heteroscedastic_9332,3,qualified_m3,6,237,0.970954356846473,0.970954356846473,0.0,tie
heteroscedastic_9332,3,qualified_m3,7,237,0.3900709219858156,0.36134453781512604,0.028726384170689553,win
heteroscedastic_9332,3,qualified_m4,0,238,0.9711934156378601,0.9711934156378601,0.0,tie
heteroscedastic_9332,3,qualified_m4,1,238,0.7338709677419355,0.7410358565737052,-0.007164888831769695,loss
heteroscedastic_9332,3,qualified_m4,2,238,0.12147616606868272,0.12110373019928462,0.0003724358693981075,win
heteroscedastic_9332,3,qualified_m4,3,238,0.9666666666666667,0.9547325102880658,0.011934156378600824,win
heteroscedastic_9332,3,qualified_m4,4,237,0.42857142857142855,0.3674540682414698,0.06111736032995876,win
heteroscedastic_9332,3,qualified_m4,5,237,0.12053802379720642,0.12094698919197118,-0.0004089653947647637,loss
heteroscedastic_9332,3,qualified_m4,6,237,0.979253112033195,0.970954356846473,0.008298755186721992,win
heteroscedastic_9332,3,qualified_m4,7,237,0.42857142857142855,0.36134453781512604,0.06722689075630252,win
heteroscedastic_9332,5,core,0,238,0.9711934156378601,0.9711934156378601,0.0,tie
heteroscedastic_9332,5,core,1,238,0.5491803278688525,0.6178861788617886,-0.06870585099293616,loss
heteroscedastic_9332,5,core,2,238,0.1216008209338122,0.1216008209338122,0.0,tie
heteroscedastic_9332,5,core,3,238,0.9585062240663901,0.9628099173553719,-0.004303693288981859,loss
heteroscedastic_9332,5,core,4,237,0.311614730878187,0.3974358974358974,-0.08582116655771047,loss
heteroscedastic_9332,5,core,5,237,0.1205564142194745,0.12066286897980322,-0.00010645476032871308,loss
heteroscedastic_9332,5,core,6,237,0.970954356846473,0.9752066115702479,-0.004252254723774905,loss
heteroscedastic_9332,5,core,7,237,0.31142857142857144,0.371571072319202,-0.060142500890630564,loss
heteroscedastic_9332,5,first_cover_canonical,0,238,0.9714285714285714,0.9711934156378601,0.00023515579071134627,win
heteroscedastic_9332,5,first_cover_canonical,1,238,0.8247011952191236,0.6178861788617886,0.20681501635733487,win
heteroscedastic_9332,5,first_cover_canonical,2,238,0.12216494845360824,0.1216008209338122,0.0005641275197960361,win
heteroscedastic_9332,5,first_cover_canonical,3,238,0.9666666666666667,0.9628099173553719,0.003856749311294766,win
heteroscedastic_9332,5,first_cover_canonical,4,237,0.5112781954887218,0.3974358974358974,0.11384229805282436,win
heteroscedastic_9332,5,first_cover_canonical,5,237,0.12110373019928462,0.12066286897980322,0.00044086121948140854,win
heteroscedastic_9332,5,first_cover_canonical,6,237,0.9833333333333333,0.9752066115702479,0.008126721763085399,win
heteroscedastic_9332,5,first_cover_canonical,7,237,0.5528455284552846,0.371571072319202,0.18127445613608256,win
heteroscedastic_9332,5,first_cover_lca_all_ties,0,238,0.9714285714285714,0.9711934156378601,0.00023515579071134627,win
heteroscedastic_9332,5,first_cover_lca_all_ties,1,238,0.8247011952191236,0.6178861788617886,0.20681501635733487,win
heteroscedastic_9332,5,first_cover_lca_all_ties,2,238,0.12216494845360824,0.1216008209338122,0.0005641275197960361,win
heteroscedastic_9332,5,first_cover_lca_all_ties,3,238,0.9666666666666667,0.9628099173553719,0.003856749311294766,win
heteroscedastic_9332,5,first_cover_lca_all_ties,4,237,0.5112781954887218,0.3974358974358974,0.11384229805282436,win
heteroscedastic_9332,5,first_cover_lca_all_ties,5,237,0.12110373019928462,0.12066286897980322,0.00044086121948140854,win
heteroscedastic_9332,5,first_cover_lca_all_ties,6,237,0.9833333333333333,0.9752066115702479,0.008126721763085399,win
heteroscedastic_9332,5,first_cover_lca_all_ties,7,237,0.5528455284552846,0.371571072319202,0.18127445613608256,win
heteroscedastic_9332,5,qualified_m20,0,238,0.9714285714285714,0.9711934156378601,0.00023515579071134627,win
heteroscedastic_9332,5,qualified_m20,1,238,0.772,0.6178861788617886,0.15411382113821137,win
heteroscedastic_9332,5,qualified_m20,2,238,0.12210200927357033,0.1216008209338122,0.0005011883397581132,win
heteroscedastic_9332,5,qualified_m20,3,238,0.9666666666666667,0.9628099173553719,0.003856749311294766,win
heteroscedastic_9332,5,qualified_m20,4,237,0.28097982708933716,0.3974358974358974,-0.11645607034656026,loss
heteroscedastic_9332,5,qualified_m20,5,237,0.12104187946884576,0.12066286897980322,0.0003790104890425502,win
heteroscedastic_9332,5,qualified_m20,6,237,0.9833333333333333,0.9752066115702479,0.008126721763085399,win
heteroscedastic_9332,5,qualified_m20,7,237,0.4059701492537313,0.371571072319202,0.03439907693452935,win
heteroscedastic_9332,5,qualified_m3,0,238,0.9713114754098361,0.9711934156378601,0.00011805977197598326,win
heteroscedastic_9332,5,qualified_m3,1,238,0.7217741935483871,0.6178861788617886,0.10388801468659847,win
heteroscedastic_9332,5,qualified_m3,2,238,0.12196382428940568,0.1216008209338122,0.0003630033555934734,win
heteroscedastic_9332,5,qualified_m3,3,238,0.9666666666666667,0.9628099173553719,0.003856749311294766,win
heteroscedastic_9332,5,qualified_m3,4,237,0.42911877394636017,0.3974358974358974,0.03168287651046272,win
heteroscedastic_9332,5,qualified_m3,5,237,0.12083973374295955,0.12066286897980322,0.00017686476315633863,win
heteroscedastic_9332,5,qualified_m3,6,237,0.979253112033195,0.9752066115702479,0.004046500462947087,win
heteroscedastic_9332,5,qualified_m3,7,237,0.45121951219512196,0.371571072319202,0.07964843987591996,win
heteroscedastic_9332,5,qualified_m6,0,238,0.9714285714285714,0.9711934156378601,0.00023515579071134627,win
heteroscedastic_9332,5,qualified_m6,1,238,0.7108433734939759,0.6178861788617886,0.09295719463218728,win
heteroscedastic_9332,5,qualified_m6,2,238,0.12210200927357033,0.1216008209338122,0.0005011883397581132,win
heteroscedastic_9332,5,qualified_m6,3,238,0.9666666666666667,0.9628099173553719,0.003856749311294766,win
heteroscedastic_9332,5,qualified_m6,4,237,0.35128205128205126,0.3974358974358974,-0.046153846153846156,loss
heteroscedastic_9332,5,qualified_m6,5,237,0.12079510703363915,0.12066286897980322,0.00013223805383593296,win
heteroscedastic_9332,5,qualified_m6,6,237,0.9833333333333333,0.9752066115702479,0.008126721763085399,win
heteroscedastic_9332,5,qualified_m6,7,237,0.4,0.371571072319202,0.028428927680798004,win
heteroscedastic_9333,10,core,0,238,0.9754098360655737,0.9754098360655737,0.0,tie
heteroscedastic_9333,10,core,1,238,0.6224899598393574,0.6546184738955824,-0.0321285140562249,loss
heteroscedastic_9333,10,core,2,238,0.12166324435318275,0.12166324435318275,0.0,tie
heteroscedastic_9333,10,core,3,238,0.9545454545454546,0.9545454545454546,0.0,tie
heteroscedastic_9333,10,core,4,237,0.2768595041322314,0.32510288065843623,-0.048243376526204806,loss
heteroscedastic_9333,10,core,5,237,0.12104187946884576,0.12104187946884576,0.0,tie
heteroscedastic_9333,10,core,6,237,0.9586776859504132,0.9710743801652892,-0.012396694214876033,loss
heteroscedastic_9333,10,core,7,237,0.35714285714285715,0.4309623430962343,-0.07381948595337717,loss
heteroscedastic_9333,10,first_cover_canonical,0,238,0.9754098360655737,0.9754098360655737,0.0,tie
heteroscedastic_9333,10,first_cover_canonical,1,238,0.832089552238806,0.6546184738955824,0.17747107834322365,win
heteroscedastic_9333,10,first_cover_canonical,2,238,0.15267175572519084,0.12166324435318275,0.031008511372008087,win
heteroscedastic_9333,10,first_cover_canonical,3,238,0.9549180327868853,0.9545454545454546,0.00037257824143070045,win
heteroscedastic_9333,10,first_cover_canonical,4,237,0.6796875,0.32510288065843623,0.35458461934156377,win
heteroscedastic_9333,10,first_cover_canonical,5,237,0.12085670576236614,0.12104187946884576,-0.00018517370647962126,loss
heteroscedastic_9333,10,first_cover_canonical,6,237,0.9710743801652892,0.9710743801652892,0.0,tie
heteroscedastic_9333,10,first_cover_canonical,7,237,0.6967213114754098,0.4309623430962343,0.2657589683791755,win
heteroscedastic_9333,10,first_cover_lca_all_ties,0,238,0.9754098360655737,0.9754098360655737,0.0,tie
heteroscedastic_9333,10,first_cover_lca_all_ties,1,238,0.832089552238806,0.6546184738955824,0.17747107834322365,win
heteroscedastic_9333,10,first_cover_lca_all_ties,2,238,0.15267175572519084,0.12166324435318275,0.031008511372008087,win
heteroscedastic_9333,10,first_cover_lca_all_ties,3,238,0.9549180327868853,0.9545454545454546,0.00037257824143070045,win
heteroscedastic_9333,10,first_cover_lca_all_ties,4,237,0.6796875,0.32510288065843623,0.35458461934156377,win
heteroscedastic_9333,10,first_cover_lca_all_ties,5,237,0.12085670576236614,0.12104187946884576,-0.00018517370647962126,loss
heteroscedastic_9333,10,first_cover_lca_all_ties,6,237,0.9710743801652892,0.9710743801652892,0.0,tie
heteroscedastic_9333,10,first_cover_lca_all_ties,7,237,0.6967213114754098,0.4309623430962343,0.2657589683791755,win
heteroscedastic_9333,10,qualified_m11,0,238,0.9754098360655737,0.9754098360655737,0.0,tie
heteroscedastic_9333,10,qualified_m11,1,238,0.81640625,0.6546184738955824,0.16178777610441766,win
heteroscedastic_9333,10,qualified_m11,2,238,0.12185089974293059,0.12166324435318275,0.00018765538974783972,win
heteroscedastic_9333,10,qualified_m11,3,238,0.9547325102880658,0.9545454545454546,0.00018705574261129816,win
heteroscedastic_9333,10,qualified_m11,4,237,0.4878048780487805,0.32510288065843623,0.16270199739034427,win
heteroscedastic_9333,10,qualified_m11,5,237,0.12085670576236614,0.12104187946884576,-0.00018517370647962126,loss
heteroscedastic_9333,10,qualified_m11,6,237,0.9710743801652892,0.9710743801652892,0.0,tie
heteroscedastic_9333,10,qualified_m11,7,237,0.5892116182572614,0.4309623430962343,0.1582492751610271,win
heteroscedastic_9333,10,qualified_m20,0,238,0.9754098360655737,0.9754098360655737,0.0,tie
heteroscedastic_9333,10,qualified_m20,1,238,0.8117647058823529,0.6546184738955824,0.1571462319867706,win
heteroscedastic_9333,10,qualified_m20,2,238,0.12185089974293059,0.12166324435318275,0.00018765538974783972,win
heteroscedastic_9333,10,qualified_m20,3,238,0.9547325102880658,0.9545454545454546,0.00018705574261129816,win
heteroscedastic_9333,10,qualified_m20,4,237,0.4530612244897959,0.32510288065843623,0.1279583438313597,win
heteroscedastic_9333,10,qualified_m20,5,237,0.12085670576236614,0.12104187946884576,-0.00018517370647962126,loss
heteroscedastic_9333,10,qualified_m20,6,237,0.9710743801652892,0.9710743801652892,0.0,tie
heteroscedastic_9333,10,qualified_m20,7,237,0.5991735537190083,0.4309623430962343,0.16821121062277394,win
heteroscedastic_9333,10,qualified_m3,0,238,0.9754098360655737,0.9754098360655737,0.0,tie
heteroscedastic_9333,10,qualified_m3,1,238,0.8185328185328186,0.6546184738955824,0.1639143446372362,win
heteroscedastic_9333,10,qualified_m3,2,238,0.12172573189522343,0.12166324435318275,6.24875420406691e-05,win
heteroscedastic_9333,10,qualified_m3,3,238,0.9586776859504132,0.9545454545454546,0.004132231404958678,win
heteroscedastic_9333,10,qualified_m3,4,237,0.3975409836065574,0.32510288065843623,0.07243810294812117,win
heteroscedastic_9333,10,qualified_m3,5,237,0.12085670576236614,0.12104187946884576,-0.00018517370647962126,loss
heteroscedastic_9333,10,qualified_m3,6,237,0.9710743801652892,0.9710743801652892,0.0,tie
heteroscedastic_9333,10,qualified_m3,7,237,0.5541666666666667,0.4309623430962343,0.12320432357043236,win
heteroscedastic_9333,2,core,0,238,0.9629629629629629,0.9794238683127572,-0.01646090534979424,loss
heteroscedastic_9333,2,core,1,238,0.596,0.8206106870229007,-0.22461068702290077,loss
heteroscedastic_9333,2,core,2,238,0.12116564417177914,0.12178828365878726,-0.0006226394870081149,loss
heteroscedastic_9333,2,core,3,238,0.9218106995884774,0.9435483870967742,-0.021737687508296827,loss
heteroscedastic_9333,2,core,4,237,0.3181818181818182,0.4959349593495935,-0.17775314116777532,loss
heteroscedastic_9333,2,core,5,237,0.11995916283818274,0.12030456852791878,-0.00034540568973603545,loss
heteroscedastic_9333,2,core,6,237,0.9506172839506173,0.9672131147540983,-0.016595830803481076,loss
heteroscedastic_9333,2,core,7,237,0.4100418410041841,0.4857142857142857,-0.07567244471010161,loss
heteroscedastic_9333,2,first_cover_canonical,0,238,0.979253112033195,0.9794238683127572,-0.0001707562795621809,loss
heteroscedastic_9333,2,first_cover_canonical,1,238,0.7598425196850394,0.8206106870229007,-0.060768167337861397,loss
heteroscedastic_9333,2,first_cover_canonical,2,238,0.15789473684210525,0.12178828365878726,0.03610645318331801,win
heteroscedastic_9333,2,first_cover_canonical,3,238,0.9435483870967742,0.9435483870967742,0.0,tie
heteroscedastic_9333,2,first_cover_canonical,4,237,0.4713114754098361,0.4959349593495935,-0.02462348393975743,loss
heteroscedastic_9333,2,first_cover_canonical,5,237,0.12014314928425358,0.12030456852791878,-0.000161419243665203,loss
heteroscedastic_9333,2,first_cover_canonical,6,237,0.9673469387755103,0.9672131147540983,0.00013382402141184343,win
heteroscedastic_9333,2,first_cover_canonical,7,237,0.5537190082644629,0.4857142857142857,0.0680047225501771,win
heteroscedastic_9333,2,first_cover_lca_all_ties,0,238,0.979253112033195,0.9794238683127572,-0.0001707562795621809,loss
heteroscedastic_9333,2,first_cover_lca_all_ties,1,238,0.7598425196850394,0.8206106870229007,-0.060768167337861397,loss
heteroscedastic_9333,2,first_cover_lca_all_ties,2,238,0.15789473684210525,0.12178828365878726,0.03610645318331801,win
heteroscedastic_9333,2,first_cover_lca_all_ties,3,238,0.9435483870967742,0.9435483870967742,0.0,tie
heteroscedastic_9333,2,first_cover_lca_all_ties,4,237,0.4713114754098361,0.4959349593495935,-0.02462348393975743,loss
heteroscedastic_9333,2,first_cover_lca_all_ties,5,237,0.12014314928425358,0.12030456852791878,-0.000161419243665203,loss
heteroscedastic_9333,2,first_cover_lca_all_ties,6,237,0.9673469387755103,0.9672131147540983,0.00013382402141184343,win
heteroscedastic_9333,2,first_cover_lca_all_ties,7,237,0.5537190082644629,0.4857142857142857,0.0680047225501771,win
heteroscedastic_9333,2,qualified_m20,0,238,0.979253112033195,0.9794238683127572,-0.0001707562795621809,loss
heteroscedastic_9333,2,qualified_m20,1,238,0.7713178294573644,0.8206106870229007,-0.049292857565536426,loss
heteroscedastic_9333,2,qualified_m20,2,238,0.12105798575788403,0.12178828365878726,-0.0007302979009032274,loss
heteroscedastic_9333,2,qualified_m20,3,238,0.9467213114754098,0.9435483870967742,0.0031729243786356425,win
heteroscedastic_9333,2,qualified_m20,4,237,0.5,0.4959349593495935,0.0040650406504065045,win
heteroscedastic_9333,2,qualified_m20,5,237,0.12104187946884576,0.12030456852791878,0.0007373109409269793,win
heteroscedastic_9333,2,qualified_m20,6,237,0.9711934156378601,0.9672131147540983,0.003980300883761722,win
heteroscedastic_9333,2,qualified_m20,7,237,0.5826446280991735,0.4857142857142857,0.09693034238488783,win
heteroscedastic_9333,2,qualified_m3,0,238,0.979253112033195,0.9794238683127572,-0.0001707562795621809,loss
heteroscedastic_9333,2,qualified_m3,1,238,0.7915057915057915,0.8206106870229007,-0.029104895517109257,loss
heteroscedastic_9333,2,qualified_m3,2,238,0.12094698919197118,0.12178828365878726,-0.0008412944668160774,loss
heteroscedastic_9333,2,qualified_m3,3,238,0.9467213114754098,0.9435483870967742,0.0031729243786356425,win
heteroscedastic_9333,2,qualified_m3,4,237,0.5532786885245902,0.4959349593495935,0.057343729174996666,win
heteroscedastic_9333,2,qualified_m3,5,237,0.12079510703363915,0.12030456852791878,0.000490538505720362,win
heteroscedastic_9333,2,qualified_m3,6,237,0.9711934156378601,0.9672131147540983,0.003980300883761722,win
heteroscedastic_9333,2,qualified_m3,7,237,0.5742971887550201,0.4857142857142857,0.08858290304073436,win
heteroscedastic_9333,3,core,0,238,0.9752066115702479,0.979253112033195,-0.004046500462947087,loss
heteroscedastic_9333,3,core,1,238,0.5836734693877551,0.8053435114503816,-0.22167004206262658,loss
heteroscedastic_9333,3,core,2,238,0.12153846153846154,0.12153846153846154,0.0,tie
heteroscedastic_9333,3,core,3,238,0.9132231404958677,0.9352226720647774,-0.02199953156890956,loss
heteroscedastic_9333,3,core,4,237,0.2863070539419087,0.44672131147540983,-0.1604142575335011,loss
heteroscedastic_9333,3,core,5,237,0.12104187946884576,0.12104187946884576,0.0,tie
heteroscedastic_9333,3,core,6,237,0.9467213114754098,0.9670781893004116,-0.020356877825001687,loss
heteroscedastic_9333,3,core,7,237,0.35684647302904565,0.43209876543209874,-0.07525229240305312,loss
heteroscedastic_9333,3,first_cover_canonical,0,238,0.9793388429752066,0.979253112033195,8.573094201159082e-05,win
heteroscedastic_9333,3,first_cover_canonical,1,238,0.8093385214007782,0.8053435114503816,0.0039950099503965305,win
heteroscedastic_9333,3,first_cover_canonical,2,238,0.120698510529019,0.12153846153846154,-0.0008399510094425349,loss
heteroscedastic_9333,3,first_cover_canonical,3,238,0.9469387755102041,0.9352226720647774,0.011716103445426753,win
heteroscedastic_9333,3,first_cover_canonical,4,237,0.5344129554655871,0.44672131147540983,0.0876916439901772,win
heteroscedastic_9333,3,first_cover_canonical,5,237,0.12127440904419322,0.12104187946884576,0.00023252957534745589,win
heteroscedastic_9333,3,first_cover_canonical,6,237,0.9669421487603306,0.9670781893004116,-0.0001360405400809441,loss
heteroscedastic_9333,3,first_cover_canonical,7,237,0.628,0.43209876543209874,0.19590123456790123,win
heteroscedastic_9333,3,first_cover_lca_all_ties,0,238,0.9793388429752066,0.979253112033195,8.573094201159082e-05,win
heteroscedastic_9333,3,first_cover_lca_all_ties,1,238,0.8093385214007782,0.8053435114503816,0.0039950099503965305,win
heteroscedastic_9333,3,first_cover_lca_all_ties,2,238,0.120698510529019,0.12153846153846154,-0.0008399510094425349,loss
heteroscedastic_9333,3,first_cover_lca_all_ties,3,238,0.9469387755102041,0.9352226720647774,0.011716103445426753,win
heteroscedastic_9333,3,first_cover_lca_all_ties,4,237,0.5344129554655871,0.44672131147540983,0.0876916439901772,win
heteroscedastic_9333,3,first_cover_lca_all_ties,5,237,0.12127440904419322,0.12104187946884576,0.00023252957534745589,win
heteroscedastic_9333,3,first_cover_lca_all_ties,6,237,0.9669421487603306,0.9670781893004116,-0.0001360405400809441,loss
heteroscedastic_9333,3,first_cover_lca_all_ties,7,237,0.628,0.43209876543209874,0.19590123456790123,win
heteroscedastic_9333,3,qualified_m20,0,238,0.9793388429752066,0.979253112033195,8.573094201159082e-05,win
heteroscedastic_9333,3,qualified_m20,1,238,0.7764705882352941,0.8053435114503816,-0.02887292321508756,loss
heteroscedastic_9333,3,qualified_m20,2,238,0.12110373019928462,0.12153846153846154,-0.00043473133917691913,loss
heteroscedastic_9333,3,qualified_m20,3,238,0.9473684210526315,0.9352226720647774,0.012145748987854251,win
heteroscedastic_9333,3,qualified_m20,4,237,0.4857142857142857,0.44672131147540983,0.03899297423887588,win
heteroscedastic_9333,3,qualified_m20,5,237,0.12172573189522343,0.12104187946884576,0.0006838524263776596,win
heteroscedastic_9333,3,qualified_m20,6,237,0.9752066115702479,0.9670781893004116,0.008128422269836412,win
heteroscedastic_9333,3,qualified_m20,7,237,0.5537190082644629,0.43209876543209874,0.12162024283236404,win
heteroscedastic_9333,3,qualified_m3,0,238,0.979253112033195,0.979253112033195,0.0,tie
heteroscedastic_9333,3,qualified_m3,1,238,0.7915057915057915,0.8053435114503816,-0.013837719944590174,loss
heteroscedastic_9333,3,qualified_m3,2,238,0.12094698919197118,0.12153846153846154,-0.0005914723464903598,loss
heteroscedastic_9333,3,qualified_m3,3,238,0.9467213114754098,0.9352226720647774,0.011498639410632509,win
heteroscedastic_9333,3,qualified_m3,4,237,0.5532786885245902,0.44672131147540983,0.10655737704918032,win
heteroscedastic_9333,3,qualified_m3,5,237,0.12079510703363915,0.12104187946884576,-0.00024677243520661725,loss
heteroscedastic_9333,3,qualified_m3,6,237,0.9711934156378601,0.9670781893004116,0.00411522633744856,win
heteroscedastic_9333,3,qualified_m3,7,237,0.5742971887550201,0.43209876543209874,0.14219842332292132,win
heteroscedastic_9333,3,qualified_m4,0,238,0.9793388429752066,0.979253112033195,8.573094201159082e-05,win
heteroscedastic_9333,3,qualified_m4,1,238,0.8038461538461539,0.8053435114503816,-0.0014973576042278333,loss
heteroscedastic_9333,3,qualified_m4,2,238,0.12098009188361408,0.12153846153846154,-0.0005583696548474497,loss
heteroscedastic_9333,3,qualified_m4,3,238,0.9473684210526315,0.9352226720647774,0.012145748987854251,win
heteroscedastic_9333,3,qualified_m4,4,237,0.4816326530612245,0.44672131147540983,0.03491134158581465,win
heteroscedastic_9333,3,qualified_m4,5,237,0.12153846153846154,0.12104187946884576,0.0004965820696157775,win
heteroscedastic_9333,3,qualified_m4,6,237,0.9752066115702479,0.9670781893004116,0.008128422269836412,win
heteroscedastic_9333,3,qualified_m4,7,237,0.5425101214574899,0.43209876543209874,0.11041135602539111,win
heteroscedastic_9333,5,core,0,238,0.979253112033195,0.979253112033195,0.0,tie
heteroscedastic_9333,5,core,1,238,0.6491935483870968,0.7411764705882353,-0.09198292220113852,loss
heteroscedastic_9333,5,core,2,238,0.1210877373011801,0.1210877373011801,0.0,tie
heteroscedastic_9333,5,core,3,238,0.9135802469135802,0.930327868852459,-0.01674762193887877,loss
heteroscedastic_9333,5,core,4,237,0.286144578313253,0.44583333333333336,-0.15968875502008031,loss
heteroscedastic_9333,5,core,5,237,0.12122762148337596,0.12122762148337596,0.0,tie
heteroscedastic_9333,5,core,6,237,0.9628099173553719,0.9752066115702479,-0.012396694214876033,loss
heteroscedastic_9333,5,core,7,237,0.2852852852852853,0.4793388429752066,-0.19405355768992133,loss
heteroscedastic_9333,5,first_cover_canonical,0,238,0.983402489626556,0.979253112033195,0.004149377593360996,win
heteroscedastic_9333,5,first_cover_canonical,1,238,0.8415094339622642,0.7411764705882353,0.10033296337402886,win
heteroscedastic_9333,5,first_cover_canonical,2,238,0.12135176651305683,0.1210877373011801,0.0002640292118767433,win
heteroscedastic_9333,5,first_cover_canonical,3,238,0.9547325102880658,0.930327868852459,0.024404641435606826,win
heteroscedastic_9333,5,first_cover_canonical,4,237,0.5910931174089069,0.44583333333333336,0.14525978407557355,win
heteroscedastic_9333,5,first_cover_canonical,5,237,0.12133676092544987,0.12122762148337596,0.00010913944207391239,win
heteroscedastic_9333,5,first_cover_canonical,6,237,0.9669421487603306,0.9752066115702479,-0.008264462809917356,loss
heteroscedastic_9333,5,first_cover_canonical,7,237,0.6007905138339921,0.4793388429752066,0.12145167085878548,win
heteroscedastic_9333,5,first_cover_lca_all_ties,0,238,0.983402489626556,0.979253112033195,0.004149377593360996,win
heteroscedastic_9333,5,first_cover_lca_all_ties,1,238,0.8415094339622642,0.7411764705882353,0.10033296337402886,win
heteroscedastic_9333,5,first_cover_lca_all_ties,2,238,0.12135176651305683,0.1210877373011801,0.0002640292118767433,win
heteroscedastic_9333,5,first_cover_lca_all_ties,3,238,0.9547325102880658,0.930327868852459,0.024404641435606826,win
heteroscedastic_9333,5,first_cover_lca_all_ties,4,237,0.5910931174089069,0.44583333333333336,0.14525978407557355,win
heteroscedastic_9333,5,first_cover_lca_all_ties,5,237,0.12133676092544987,0.12122762148337596,0.00010913944207391239,win
heteroscedastic_9333,5,first_cover_lca_all_ties,6,237,0.9669421487603306,0.9752066115702479,-0.008264462809917356,loss
heteroscedastic_9333,5,first_cover_lca_all_ties,7,237,0.6007905138339921,0.4793388429752066,0.12145167085878548,win
heteroscedastic_9333,5,qualified_m20,0,238,0.9793388429752066,0.979253112033195,8.573094201159082e-05,win
heteroscedastic_9333,5,qualified_m20,1,238,0.8146718146718147,0.7411764705882353,0.07349534408357938,win
heteroscedastic_9333,5,qualified_m20,2,238,0.12135176651305683,0.1210877373011801,0.0002640292118767433,win
heteroscedastic_9333,5,qualified_m20,3,238,0.9586776859504132,0.930327868852459,0.028349817097954207,win
heteroscedastic_9333,5,qualified_m20,4,237,0.3070539419087137,0.44583333333333336,-0.13877939142461965,loss
heteroscedastic_9333,5,qualified_m20,5,237,0.12114989733059549,0.12122762148337596,-7.772415278047653e-05,loss
heteroscedastic_9333,5,qualified_m20,6,237,0.9710743801652892,0.9752066115702479,-0.004132231404958678,loss
heteroscedastic_9333,5,qualified_m20,7,237,0.46443514644351463,0.4793388429752066,-0.014903696531691967,loss
heteroscedastic_9333,5,qualified_m3,0,238,0.9793388429752066,0.979253112033195,8.573094201159082e-05,win
heteroscedastic_9333,5,qualified_m3,1,238,0.7945736434108527,0.7411764705882353,0.05339717282261742,win
heteroscedastic_9333,5,qualified_m3,2,238,0.1210877373011801,0.1210877373011801,0.0,tie
heteroscedastic_9333,5,qualified_m3,3,238,0.9510204081632653,0.930327868852459,0.02069253931080629,win
heteroscedastic_9333,5,qualified_m3,4,237,0.5163934426229508,0.44583333333333336,0.07056010928961749,win
heteroscedastic_9333,5,qualified_m3,5,237,0.12102564102564102,0.12122762148337596,-0.00020198045773493344,loss
heteroscedastic_9333,5,qualified_m3,6,237,0.9752066115702479,0.9752066115702479,0.0,tie
heteroscedastic_9333,5,qualified_m3,7,237,0.5685483870967742,0.4793388429752066,0.08920954412156758,win
heteroscedastic_9333,5,qualified_m6,0,238,0.9793388429752066,0.979253112033195,8.573094201159082e-05,win
heteroscedastic_9333,5,qualified_m6,1,238,0.8084291187739464,0.7411764705882353,0.06725264818571107,win
heteroscedastic_9333,5,qualified_m6,2,238,0.12135176651305683,0.1210877373011801,0.0002640292118767433,win
heteroscedastic_9333,5,qualified_m6,3,238,0.9586776859504132,0.930327868852459,0.028349817097954207,win
heteroscedastic_9333,5,qualified_m6,4,237,0.42213114754098363,0.44583333333333336,-0.023702185792349728,loss
heteroscedastic_9333,5,qualified_m6,5,237,0.12110373019928462,0.12122762148337596,-0.00012389128409133975,loss
heteroscedastic_9333,5,qualified_m6,6,237,0.9710743801652892,0.9752066115702479,-0.004132231404958678,loss
heteroscedastic_9333,5,qualified_m6,7,237,0.516260162601626,0.4793388429752066,0.036921319626419404,win
hierarchical_9331,10,core,0,238,0.99581589958159,0.9916666666666667,0.004149232914923292,win
hierarchical_9331,10,core,1,238,1.0,0.99581589958159,0.0041841004184100415,win
hierarchical_9331,10,core,2,238,1.0,1.0,0.0,tie
hierarchical_9331,10,core,3,238,0.9916666666666667,0.9916666666666667,0.0,tie
hierarchical_9331,10,core,4,237,1.0,1.0,0.0,tie
hierarchical_9331,10,core,5,237,0.9916317991631799,0.9916317991631799,0.0,tie
hierarchical_9331,10,core,6,237,0.9957983193277311,0.9957983193277311,0.0,tie
hierarchical_9331,10,core,7,237,0.9957983193277311,0.9957983193277311,0.0,tie
hierarchical_9331,10,first_cover_canonical,0,238,0.9754098360655737,0.9916666666666667,-0.016256830601092898,loss
hierarchical_9331,10,first_cover_canonical,1,238,0.9875518672199171,0.99581589958159,-0.008264032361672946,loss
hierarchical_9331,10,first_cover_canonical,2,238,0.99581589958159,1.0,-0.0041841004184100415,loss
hierarchical_9331,10,first_cover_canonical,3,238,0.9916666666666667,0.9916666666666667,0.0,tie
hierarchical_9331,10,first_cover_canonical,4,237,0.9957983193277311,1.0,-0.004201680672268907,loss
hierarchical_9331,10,first_cover_canonical,5,237,0.9875,0.9916317991631799,-0.004131799163179916,loss
hierarchical_9331,10,first_cover_canonical,6,237,0.9957983193277311,0.9957983193277311,0.0,tie
hierarchical_9331,10,first_cover_canonical,7,237,0.9957983193277311,0.9957983193277311,0.0,tie
hierarchical_9331,10,first_cover_lca_all_ties,0,238,0.9754098360655737,0.9916666666666667,-0.016256830601092898,loss
hierarchical_9331,10,first_cover_lca_all_ties,1,238,0.9875518672199171,0.99581589958159,-0.008264032361672946,loss
hierarchical_9331,10,first_cover_lca_all_ties,2,238,0.99581589958159,1.0,-0.0041841004184100415,loss
hierarchical_9331,10,first_cover_lca_all_ties,3,238,0.9916666666666667,0.9916666666666667,0.0,tie
hierarchical_9331,10,first_cover_lca_all_ties,4,237,0.9957983193277311,1.0,-0.004201680672268907,loss
hierarchical_9331,10,first_cover_lca_all_ties,5,237,0.9875,0.9916317991631799,-0.004131799163179916,loss
hierarchical_9331,10,first_cover_lca_all_ties,6,237,0.9957983193277311,0.9957983193277311,0.0,tie
hierarchical_9331,10,first_cover_lca_all_ties,7,237,0.9957983193277311,0.9957983193277311,0.0,tie
hierarchical_9331,10,qualified_m11,0,238,0.9834710743801653,0.9916666666666667,-0.008195592286501378,loss
hierarchical_9331,10,qualified_m11,1,238,0.99581589958159,0.99581589958159,0.0,tie
hierarchical_9331,10,qualified_m11,2,238,1.0,1.0,0.0,tie
hierarchical_9331,10,qualified_m11,3,238,0.9916666666666667,0.9916666666666667,0.0,tie
hierarchical_9331,10,qualified_m11,4,237,1.0,1.0,0.0,tie
hierarchical_9331,10,qualified_m11,5,237,0.9916317991631799,0.9916317991631799,0.0,tie
hierarchical_9331,10,qualified_m11,6,237,0.9957983193277311,0.9957983193277311,0.0,tie
hierarchical_9331,10,qualified_m11,7,237,0.9957983193277311,0.9957983193277311,0.0,tie
hierarchical_9331,10,qualified_m20,0,238,0.9834710743801653,0.9916666666666667,-0.008195592286501378,loss
hierarchical_9331,10,qualified_m20,1,238,0.99581589958159,0.99581589958159,0.0,tie
hierarchical_9331,10,qualified_m20,2,238,1.0,1.0,0.0,tie
hierarchical_9331,10,qualified_m20,3,238,0.9916666666666667,0.9916666666666667,0.0,tie
hierarchical_9331,10,qualified_m20,4,237,1.0,1.0,0.0,tie
hierarchical_9331,10,qualified_m20,5,237,0.9916317991631799,0.9916317991631799,0.0,tie
hierarchical_9331,10,qualified_m20,6,237,0.9957983193277311,0.9957983193277311,0.0,tie
hierarchical_9331,10,qualified_m20,7,237,0.9957983193277311,0.9957983193277311,0.0,tie
hierarchical_9331,10,qualified_m3,0,238,0.9834710743801653,0.9916666666666667,-0.008195592286501378,loss
hierarchical_9331,10,qualified_m3,1,238,0.99581589958159,0.99581589958159,0.0,tie
hierarchical_9331,10,qualified_m3,2,238,1.0,1.0,0.0,tie
hierarchical_9331,10,qualified_m3,3,238,0.9916666666666667,0.9916666666666667,0.0,tie
hierarchical_9331,10,qualified_m3,4,237,1.0,1.0,0.0,tie
hierarchical_9331,10,qualified_m3,5,237,0.9916317991631799,0.9916317991631799,0.0,tie
hierarchical_9331,10,qualified_m3,6,237,0.9957983193277311,0.9957983193277311,0.0,tie
hierarchical_9331,10,qualified_m3,7,237,0.9957983193277311,0.9957983193277311,0.0,tie
hierarchical_9331,2,core,0,238,0.9875518672199171,0.9834710743801653,0.004080792839751723,win
hierarchical_9331,2,core,1,238,0.99581589958159,0.9916666666666667,0.004149232914923292,win
hierarchical_9331,2,core,2,238,1.0,1.0,0.0,tie
hierarchical_9331,2,core,3,238,0.99581589958159,0.9916666666666667,0.004149232914923292,win
hierarchical_9331,2,core,4,237,1.0,1.0,0.0,tie
hierarchical_9331,2,core,5,237,0.9916317991631799,0.9916317991631799,0.0,tie
hierarchical_9331,2,core,6,237,0.9957983193277311,0.9957983193277311,0.0,tie
hierarchical_9331,2,core,7,237,0.9957983193277311,0.9957983193277311,0.0,tie
hierarchical_9331,2,first_cover_canonical,0,238,0.9834710743801653,0.9834710743801653,0.0,tie
hierarchical_9331,2,first_cover_canonical,1,238,0.9916666666666667,0.9916666666666667,0.0,tie
hierarchical_9331,2,first_cover_canonical,2,238,1.0,1.0,0.0,tie
hierarchical_9331,2,first_cover_canonical,3,238,0.9916666666666667,0.9916666666666667,0.0,tie
hierarchical_9331,2,first_cover_canonical,4,237,1.0,1.0,0.0,tie
hierarchical_9331,2,first_cover_canonical,5,237,0.9875,0.9916317991631799,-0.004131799163179916,loss
hierarchical_9331,2,first_cover_canonical,6,237,0.9957983193277311,0.9957983193277311,0.0,tie
hierarchical_9331,2,first_cover_canonical,7,237,0.9957983193277311,0.9957983193277311,0.0,tie
hierarchical_9331,2,first_cover_lca_all_ties,0,238,0.9834710743801653,0.9834710743801653,0.0,tie
hierarchical_9331,2,first_cover_lca_all_ties,1,238,0.9916666666666667,0.9916666666666667,0.0,tie
hierarchical_9331,2,first_cover_lca_all_ties,2,238,1.0,1.0,0.0,tie
hierarchical_9331,2,first_cover_lca_all_ties,3,238,0.9916666666666667,0.9916666666666667,0.0,tie
hierarchical_9331,2,first_cover_lca_all_ties,4,237,1.0,1.0,0.0,tie
hierarchical_9331,2,first_cover_lca_all_ties,5,237,0.9875,0.9916317991631799,-0.004131799163179916,loss
hierarchical_9331,2,first_cover_lca_all_ties,6,237,0.9957983193277311,0.9957983193277311,0.0,tie
hierarchical_9331,2,first_cover_lca_all_ties,7,237,0.9957983193277311,0.9957983193277311,0.0,tie
hierarchical_9331,2,qualified_m20,0,238,0.9834710743801653,0.9834710743801653,0.0,tie
hierarchical_9331,2,qualified_m20,1,238,0.9916666666666667,0.9916666666666667,0.0,tie
hierarchical_9331,2,qualified_m20,2,238,1.0,1.0,0.0,tie
hierarchical_9331,2,qualified_m20,3,238,0.9916666666666667,0.9916666666666667,0.0,tie
hierarchical_9331,2,qualified_m20,4,237,1.0,1.0,0.0,tie
hierarchical_9331,2,qualified_m20,5,237,0.9916317991631799,0.9916317991631799,0.0,tie
hierarchical_9331,2,qualified_m20,6,237,0.9957983193277311,0.9957983193277311,0.0,tie
hierarchical_9331,2,qualified_m20,7,237,0.9957983193277311,0.9957983193277311,0.0,tie
hierarchical_9331,2,qualified_m3,0,238,0.9834710743801653,0.9834710743801653,0.0,tie
hierarchical_9331,2,qualified_m3,1,238,0.9916666666666667,0.9916666666666667,0.0,tie
hierarchical_9331,2,qualified_m3,2,238,1.0,1.0,0.0,tie
hierarchical_9331,2,qualified_m3,3,238,0.9916666666666667,0.9916666666666667,0.0,tie
hierarchical_9331,2,qualified_m3,4,237,1.0,1.0,0.0,tie
hierarchical_9331,2,qualified_m3,5,237,0.9916317991631799,0.9916317991631799,0.0,tie
hierarchical_9331,2,qualified_m3,6,237,0.9957983193277311,0.9957983193277311,0.0,tie
hierarchical_9331,2,qualified_m3,7,237,0.9957983193277311,0.9957983193277311,0.0,tie
hierarchical_9331,3,core,0,238,0.9875518672199171,0.9834710743801653,0.004080792839751723,win
hierarchical_9331,3,core,1,238,1.0,0.99581589958159,0.0041841004184100415,win
hierarchical_9331,3,core,2,238,1.0,1.0,0.0,tie
hierarchical_9331,3,core,3,238,0.9916666666666667,0.9916666666666667,0.0,tie
hierarchical_9331,3,core,4,237,1.0,1.0,0.0,tie
hierarchical_9331,3,core,5,237,0.9916317991631799,0.9916317991631799,0.0,tie
hierarchical_9331,3,core,6,237,0.9957983193277311,0.9957983193277311,0.0,tie
hierarchical_9331,3,core,7,237,0.9957983193277311,0.9957983193277311,0.0,tie
hierarchical_9331,3,first_cover_canonical,0,238,0.9834710743801653,0.9834710743801653,0.0,tie
hierarchical_9331,3,first_cover_canonical,1,238,0.9916666666666667,0.99581589958159,-0.004149232914923292,loss
hierarchical_9331,3,first_cover_canonical,2,238,1.0,1.0,0.0,tie
hierarchical_9331,3,first_cover_canonical,3,238,0.9916666666666667,0.9916666666666667,0.0,tie
hierarchical_9331,3,first_cover_canonical,4,237,1.0,1.0,0.0,tie
hierarchical_9331,3,first_cover_canonical,5,237,0.9875,0.9916317991631799,-0.004131799163179916,loss
hierarchical_9331,3,first_cover_canonical,6,237,0.9957983193277311,0.9957983193277311,0.0,tie
hierarchical_9331,3,first_cover_canonical,7,237,0.9957983193277311,0.9957983193277311,0.0,tie
hierarchical_9331,3,first_cover_lca_all_ties,0,238,0.9834710743801653,0.9834710743801653,0.0,tie
hierarchical_9331,3,first_cover_lca_all_ties,1,238,0.9916666666666667,0.99581589958159,-0.004149232914923292,loss
hierarchical_9331,3,first_cover_lca_all_ties,2,238,1.0,1.0,0.0,tie
hierarchical_9331,3,first_cover_lca_all_ties,3,238,0.9916666666666667,0.9916666666666667,0.0,tie
hierarchical_9331,3,first_cover_lca_all_ties,4,237,1.0,1.0,0.0,tie
hierarchical_9331,3,first_cover_lca_all_ties,5,237,0.9875,0.9916317991631799,-0.004131799163179916,loss
hierarchical_9331,3,first_cover_lca_all_ties,6,237,0.9957983193277311,0.9957983193277311,0.0,tie
hierarchical_9331,3,first_cover_lca_all_ties,7,237,0.9957983193277311,0.9957983193277311,0.0,tie
hierarchical_9331,3,qualified_m20,0,238,0.9834710743801653,0.9834710743801653,0.0,tie
hierarchical_9331,3,qualified_m20,1,238,0.99581589958159,0.99581589958159,0.0,tie
hierarchical_9331,3,qualified_m20,2,238,1.0,1.0,0.0,tie
hierarchical_9331,3,qualified_m20,3,238,0.9916666666666667,0.9916666666666667,0.0,tie
hierarchical_9331,3,qualified_m20,4,237,1.0,1.0,0.0,tie
hierarchical_9331,3,qualified_m20,5,237,0.9916317991631799,0.9916317991631799,0.0,tie
hierarchical_9331,3,qualified_m20,6,237,0.9957983193277311,0.9957983193277311,0.0,tie
hierarchical_9331,3,qualified_m20,7,237,0.9957983193277311,0.9957983193277311,0.0,tie
hierarchical_9331,3,qualified_m3,0,238,0.9834710743801653,0.9834710743801653,0.0,tie
hierarchical_9331,3,qualified_m3,1,238,0.9916666666666667,0.99581589958159,-0.004149232914923292,loss
hierarchical_9331,3,qualified_m3,2,238,1.0,1.0,0.0,tie
hierarchical_9331,3,qualified_m3,3,238,0.9916666666666667,0.9916666666666667,0.0,tie
hierarchical_9331,3,qualified_m3,4,237,1.0,1.0,0.0,tie
hierarchical_9331,3,qualified_m3,5,237,0.9916317991631799,0.9916317991631799,0.0,tie
hierarchical_9331,3,qualified_m3,6,237,0.9957983193277311,0.9957983193277311,0.0,tie
hierarchical_9331,3,qualified_m3,7,237,0.9957983193277311,0.9957983193277311,0.0,tie
hierarchical_9331,3,qualified_m4,0,238,0.9834710743801653,0.9834710743801653,0.0,tie
hierarchical_9331,3,qualified_m4,1,238,0.99581589958159,0.99581589958159,0.0,tie
hierarchical_9331,3,qualified_m4,2,238,1.0,1.0,0.0,tie
hierarchical_9331,3,qualified_m4,3,238,0.9916666666666667,0.9916666666666667,0.0,tie
hierarchical_9331,3,qualified_m4,4,237,1.0,1.0,0.0,tie
hierarchical_9331,3,qualified_m4,5,237,0.9916317991631799,0.9916317991631799,0.0,tie
hierarchical_9331,3,qualified_m4,6,237,0.9957983193277311,0.9957983193277311,0.0,tie
hierarchical_9331,3,qualified_m4,7,237,0.9957983193277311,0.9957983193277311,0.0,tie
hierarchical_9331,5,core,0,238,0.9916666666666667,0.9875518672199171,0.004114799446749654,win
hierarchical_9331,5,core,1,238,1.0,0.99581589958159,0.0041841004184100415,win
hierarchical_9331,5,core,2,238,1.0,1.0,0.0,tie
hierarchical_9331,5,core,3,238,0.9916666666666667,0.9916666666666667,0.0,tie
hierarchical_9331,5,core,4,237,1.0,1.0,0.0,tie
hierarchical_9331,5,core,5,237,0.9916317991631799,0.9916317991631799,0.0,tie
hierarchical_9331,5,core,6,237,0.9957983193277311,0.9957983193277311,0.0,tie
hierarchical_9331,5,core,7,237,0.9957983193277311,0.9957983193277311,0.0,tie
hierarchical_9331,5,first_cover_canonical,0,238,0.9754098360655737,0.9875518672199171,-0.012142031154343242,loss
hierarchical_9331,5,first_cover_canonical,1,238,0.9875518672199171,0.99581589958159,-0.008264032361672946,loss
hierarchical_9331,5,first_cover_canonical,2,238,0.99581589958159,1.0,-0.0041841004184100415,loss
hierarchical_9331,5,first_cover_canonical,3,238,0.9916666666666667,0.9916666666666667,0.0,tie
hierarchical_9331,5,first_cover_canonical,4,237,1.0,1.0,0.0,tie
hierarchical_9331,5,first_cover_canonical,5,237,0.9875,0.9916317991631799,-0.004131799163179916,loss
hierarchical_9331,5,first_cover_canonical,6,237,0.9957983193277311,0.9957983193277311,0.0,tie
hierarchical_9331,5,first_cover_canonical,7,237,0.9957983193277311,0.9957983193277311,0.0,tie
hierarchical_9331,5,first_cover_lca_all_ties,0,238,0.9754098360655737,0.9875518672199171,-0.012142031154343242,loss
hierarchical_9331,5,first_cover_lca_all_ties,1,238,0.9875518672199171,0.99581589958159,-0.008264032361672946,loss
hierarchical_9331,5,first_cover_lca_all_ties,2,238,0.99581589958159,1.0,-0.0041841004184100415,loss
hierarchical_9331,5,first_cover_lca_all_ties,3,238,0.9916666666666667,0.9916666666666667,0.0,tie
hierarchical_9331,5,first_cover_lca_all_ties,4,237,1.0,1.0,0.0,tie
hierarchical_9331,5,first_cover_lca_all_ties,5,237,0.9875,0.9916317991631799,-0.004131799163179916,loss
hierarchical_9331,5,first_cover_lca_all_ties,6,237,0.9957983193277311,0.9957983193277311,0.0,tie
hierarchical_9331,5,first_cover_lca_all_ties,7,237,0.9957983193277311,0.9957983193277311,0.0,tie
hierarchical_9331,5,qualified_m20,0,238,0.9834710743801653,0.9875518672199171,-0.004080792839751723,loss
hierarchical_9331,5,qualified_m20,1,238,0.99581589958159,0.99581589958159,0.0,tie
hierarchical_9331,5,qualified_m20,2,238,1.0,1.0,0.0,tie
hierarchical_9331,5,qualified_m20,3,238,0.9916666666666667,0.9916666666666667,0.0,tie
hierarchical_9331,5,qualified_m20,4,237,1.0,1.0,0.0,tie
hierarchical_9331,5,qualified_m20,5,237,0.9916317991631799,0.9916317991631799,0.0,tie
hierarchical_9331,5,qualified_m20,6,237,0.9957983193277311,0.9957983193277311,0.0,tie
hierarchical_9331,5,qualified_m20,7,237,0.9957983193277311,0.9957983193277311,0.0,tie
hierarchical_9331,5,qualified_m3,0,238,0.9834710743801653,0.9875518672199171,-0.004080792839751723,loss
hierarchical_9331,5,qualified_m3,1,238,0.99581589958159,0.99581589958159,0.0,tie
hierarchical_9331,5,qualified_m3,2,238,1.0,1.0,0.0,tie
hierarchical_9331,5,qualified_m3,3,238,0.9916666666666667,0.9916666666666667,0.0,tie
hierarchical_9331,5,qualified_m3,4,237,1.0,1.0,0.0,tie
hierarchical_9331,5,qualified_m3,5,237,0.9916317991631799,0.9916317991631799,0.0,tie
hierarchical_9331,5,qualified_m3,6,237,0.9957983193277311,0.9957983193277311,0.0,tie
hierarchical_9331,5,qualified_m3,7,237,0.9957983193277311,0.9957983193277311,0.0,tie
hierarchical_9331,5,qualified_m6,0,238,0.9834710743801653,0.9875518672199171,-0.004080792839751723,loss
hierarchical_9331,5,qualified_m6,1,238,0.99581589958159,0.99581589958159,0.0,tie
hierarchical_9331,5,qualified_m6,2,238,1.0,1.0,0.0,tie
hierarchical_9331,5,qualified_m6,3,238,0.9916666666666667,0.9916666666666667,0.0,tie
hierarchical_9331,5,qualified_m6,4,237,1.0,1.0,0.0,tie
hierarchical_9331,5,qualified_m6,5,237,0.9916317991631799,0.9916317991631799,0.0,tie
hierarchical_9331,5,qualified_m6,6,237,0.9957983193277311,0.9957983193277311,0.0,tie
hierarchical_9331,5,qualified_m6,7,237,0.9957983193277311,0.9957983193277311,0.0,tie
hierarchical_9332,10,core,0,238,1.0,0.99581589958159,0.0041841004184100415,win
hierarchical_9332,10,core,1,238,1.0,1.0,0.0,tie
hierarchical_9332,10,core,2,238,1.0,1.0,0.0,tie
hierarchical_9332,10,core,3,238,1.0,1.0,0.0,tie
hierarchical_9332,10,core,4,237,0.9957983193277311,0.9957983193277311,0.0,tie
hierarchical_9332,10,core,5,237,0.9957983193277311,0.9957983193277311,0.0,tie
hierarchical_9332,10,core,6,237,0.9957983193277311,0.9916317991631799,0.0041665201645511764,win
hierarchical_9332,10,core,7,237,0.9957983193277311,0.9916317991631799,0.0041665201645511764,win
hierarchical_9332,10,first_cover_canonical,0,238,0.9875518672199171,0.99581589958159,-0.008264032361672946,loss
hierarchical_9332,10,first_cover_canonical,1,238,0.99581589958159,1.0,-0.0041841004184100415,loss
hierarchical_9332,10,first_cover_canonical,2,238,0.99581589958159,1.0,-0.0041841004184100415,loss
hierarchical_9332,10,first_cover_canonical,3,238,0.9916666666666667,1.0,-0.008333333333333333,loss
hierarchical_9332,10,first_cover_canonical,4,237,0.9793388429752066,0.9957983193277311,-0.016459476352524482,loss
hierarchical_9332,10,first_cover_canonical,5,237,0.9875,0.9957983193277311,-0.008298319327731092,loss
hierarchical_9332,10,first_cover_canonical,6,237,0.983402489626556,0.9916317991631799,-0.0082293095366239,loss
hierarchical_9332,10,first_cover_canonical,7,237,0.9753086419753086,0.9916317991631799,-0.016323157187871275,loss
hierarchical_9332,10,first_cover_lca_all_ties,0,238,0.9875518672199171,0.99581589958159,-0.008264032361672946,loss
hierarchical_9332,10,first_cover_lca_all_ties,1,238,0.99581589958159,1.0,-0.0041841004184100415,loss
hierarchical_9332,10,first_cover_lca_all_ties,2,238,0.99581589958159,1.0,-0.0041841004184100415,loss
hierarchical_9332,10,first_cover_lca_all_ties,3,238,0.9916666666666667,1.0,-0.008333333333333333,loss
hierarchical_9332,10,first_cover_lca_all_ties,4,237,0.9793388429752066,0.9957983193277311,-0.016459476352524482,loss
hierarchical_9332,10,first_cover_lca_all_ties,5,237,0.9875,0.9957983193277311,-0.008298319327731092,loss
hierarchical_9332,10,first_cover_lca_all_ties,6,237,0.983402489626556,0.9916317991631799,-0.0082293095366239,loss
hierarchical_9332,10,first_cover_lca_all_ties,7,237,0.9753086419753086,0.9916317991631799,-0.016323157187871275,loss
hierarchical_9332,10,qualified_m11,0,238,0.9875518672199171,0.99581589958159,-0.008264032361672946,loss
hierarchical_9332,10,qualified_m11,1,238,0.99581589958159,1.0,-0.0041841004184100415,loss
hierarchical_9332,10,qualified_m11,2,238,0.99581589958159,1.0,-0.0041841004184100415,loss
hierarchical_9332,10,qualified_m11,3,238,0.99581589958159,1.0,-0.0041841004184100415,loss
hierarchical_9332,10,qualified_m11,4,237,0.983402489626556,0.9957983193277311,-0.012395829701175075,loss
hierarchical_9332,10,qualified_m11,5,237,0.9916317991631799,0.9957983193277311,-0.0041665201645511764,loss
hierarchical_9332,10,qualified_m11,6,237,0.9916317991631799,0.9916317991631799,0.0,tie
hierarchical_9332,10,qualified_m11,7,237,0.983402489626556,0.9916317991631799,-0.0082293095366239,loss
hierarchical_9332,10,qualified_m20,0,238,0.9875518672199171,0.99581589958159,-0.008264032361672946,loss
hierarchical_9332,10,qualified_m20,1,238,0.99581589958159,1.0,-0.0041841004184100415,loss
hierarchical_9332,10,qualified_m20,2,238,0.99581589958159,1.0,-0.0041841004184100415,loss
hierarchical_9332,10,qualified_m20,3,238,0.99581589958159,1.0,-0.0041841004184100415,loss
hierarchical_9332,10,qualified_m20,4,237,0.983402489626556,0.9957983193277311,-0.012395829701175075,loss
hierarchical_9332,10,qualified_m20,5,237,0.9916317991631799,0.9957983193277311,-0.0041665201645511764,loss
hierarchical_9332,10,qualified_m20,6,237,0.9916317991631799,0.9916317991631799,0.0,tie
hierarchical_9332,10,qualified_m20,7,237,0.983402489626556,0.9916317991631799,-0.0082293095366239,loss
hierarchical_9332,10,qualified_m3,0,238,0.9916666666666667,0.99581589958159,-0.004149232914923292,loss
hierarchical_9332,10,qualified_m3,1,238,0.99581589958159,1.0,-0.0041841004184100415,loss
hierarchical_9332,10,qualified_m3,2,238,0.99581589958159,1.0,-0.0041841004184100415,loss
hierarchical_9332,10,qualified_m3,3,238,0.99581589958159,1.0,-0.0041841004184100415,loss
hierarchical_9332,10,qualified_m3,4,237,0.983402489626556,0.9957983193277311,-0.012395829701175075,loss
hierarchical_9332,10,qualified_m3,5,237,0.9875,0.9957983193277311,-0.008298319327731092,loss
hierarchical_9332,10,qualified_m3,6,237,0.9916317991631799,0.9916317991631799,0.0,tie
hierarchical_9332,10,qualified_m3,7,237,0.983402489626556,0.9916317991631799,-0.0082293095366239,loss
hierarchical_9332,2,core,0,238,0.99581589958159,0.9916666666666667,0.004149232914923292,win
hierarchical_9332,2,core,1,238,1.0,1.0,0.0,tie
hierarchical_9332,2,core,2,238,0.99581589958159,0.99581589958159,0.0,tie
hierarchical_9332,2,core,3,238,1.0,0.9916666666666667,0.008333333333333333,win
hierarchical_9332,2,core,4,237,0.9875,0.983402489626556,0.004097510373443984,win
hierarchical_9332,2,core,5,237,0.9957983193277311,0.9875,0.008298319327731092,win
hierarchical_9332,2,core,6,237,0.9916317991631799,0.983402489626556,0.0082293095366239,win
hierarchical_9332,2,core,7,237,0.9957983193277311,0.9793388429752066,0.016459476352524482,win
hierarchical_9332,2,first_cover_canonical,0,238,0.9916666666666667,0.9916666666666667,0.0,tie
hierarchical_9332,2,first_cover_canonical,1,238,0.99581589958159,1.0,-0.0041841004184100415,loss
hierarchical_9332,2,first_cover_canonical,2,238,0.99581589958159,0.99581589958159,0.0,tie
hierarchical_9332,2,first_cover_canonical,3,238,0.9916666666666667,0.9916666666666667,0.0,tie
hierarchical_9332,2,first_cover_canonical,4,237,0.9793388429752066,0.983402489626556,-0.004063646651349405,loss
hierarchical_9332,2,first_cover_canonical,5,237,0.9875,0.9875,0.0,tie
hierarchical_9332,2,first_cover_canonical,6,237,0.9875,0.983402489626556,0.004097510373443984,win
hierarchical_9332,2,first_cover_canonical,7,237,0.9753086419753086,0.9793388429752066,-0.004030200999897969,loss
hierarchical_9332,2,first_cover_lca_all_ties,0,238,0.9916666666666667,0.9916666666666667,0.0,tie
hierarchical_9332,2,first_cover_lca_all_ties,1,238,0.99581589958159,1.0,-0.0041841004184100415,loss
hierarchical_9332,2,first_cover_lca_all_ties,2,238,0.99581589958159,0.99581589958159,0.0,tie
hierarchical_9332,2,first_cover_lca_all_ties,3,238,0.9916666666666667,0.9916666666666667,0.0,tie
hierarchical_9332,2,first_cover_lca_all_ties,4,237,0.9793388429752066,0.983402489626556,-0.004063646651349405,loss
hierarchical_9332,2,first_cover_lca_all_ties,5,237,0.9875,0.9875,0.0,tie
hierarchical_9332,2,first_cover_lca_all_ties,6,237,0.9875,0.983402489626556,0.004097510373443984,win
hierarchical_9332,2,first_cover_lca_all_ties,7,237,0.9753086419753086,0.9793388429752066,-0.004030200999897969,loss
hierarchical_9332,2,qualified_m20,0,238,0.9916666666666667,0.9916666666666667,0.0,tie
hierarchical_9332,2,qualified_m20,1,238,0.99581589958159,1.0,-0.0041841004184100415,loss
hierarchical_9332,2,qualified_m20,2,238,0.99581589958159,0.99581589958159,0.0,tie
hierarchical_9332,2,qualified_m20,3,238,0.9916666666666667,0.9916666666666667,0.0,tie
hierarchical_9332,2,qualified_m20,4,237,0.983402489626556,0.983402489626556,0.0,tie
hierarchical_9332,2,qualified_m20,5,237,0.9875,0.9875,0.0,tie
hierarchical_9332,2,qualified_m20,6,237,0.9875,0.983402489626556,0.004097510373443984,win
hierarchical_9332,2,qualified_m20,7,237,0.9753086419753086,0.9793388429752066,-0.004030200999897969,loss
hierarchical_9332,2,qualified_m3,0,238,0.9916666666666667,0.9916666666666667,0.0,tie
hierarchical_9332,2,qualified_m3,1,238,0.99581589958159,1.0,-0.0041841004184100415,loss
hierarchical_9332,2,qualified_m3,2,238,0.99581589958159,0.99581589958159,0.0,tie
hierarchical_9332,2,qualified_m3,3,238,0.9916666666666667,0.9916666666666667,0.0,tie
hierarchical_9332,2,qualified_m3,4,237,0.983402489626556,0.983402489626556,0.0,tie
hierarchical_9332,2,qualified_m3,5,237,0.9875,0.9875,0.0,tie
hierarchical_9332,2,qualified_m3,6,237,0.9875,0.983402489626556,0.004097510373443984,win
hierarchical_9332,2,qualified_m3,7,237,0.9753086419753086,0.9793388429752066,-0.004030200999897969,loss
hierarchical_9332,3,core,0,238,1.0,0.9916666666666667,0.008333333333333333,win
hierarchical_9332,3,core,1,238,1.0,1.0,0.0,tie
hierarchical_9332,3,core,2,238,1.0,0.99581589958159,0.0041841004184100415,win
hierarchical_9332,3,core,3,238,1.0,0.99581589958159,0.0041841004184100415,win
hierarchical_9332,3,core,4,237,0.9957983193277311,0.983402489626556,0.012395829701175075,win
hierarchical_9332,3,core,5,237,0.9957983193277311,0.9875,0.008298319327731092,win
hierarchical_9332,3,core,6,237,0.9957983193277311,0.9875,0.008298319327731092,win
hierarchical_9332,3,core,7,237,1.0,0.9793388429752066,0.02066115702479339,win
hierarchical_9332,3,first_cover_canonical,0,238,0.9916666666666667,0.9916666666666667,0.0,tie
hierarchical_9332,3,first_cover_canonical,1,238,0.99581589958159,1.0,-0.0041841004184100415,loss
hierarchical_9332,3,first_cover_canonical,2,238,0.99581589958159,0.99581589958159,0.0,tie
hierarchical_9332,3,first_cover_canonical,3,238,0.9916666666666667,0.99581589958159,-0.004149232914923292,loss
hierarchical_9332,3,first_cover_canonical,4,237,0.9793388429752066,0.983402489626556,-0.004063646651349405,loss
hierarchical_9332,3,first_cover_canonical,5,237,0.9875,0.9875,0.0,tie
hierarchical_9332,3,first_cover_canonical,6,237,0.9875,0.9875,0.0,tie
hierarchical_9332,3,first_cover_canonical,7,237,0.9753086419753086,0.9793388429752066,-0.004030200999897969,loss
hierarchical_9332,3,first_cover_lca_all_ties,0,238,0.9916666666666667,0.9916666666666667,0.0,tie
hierarchical_9332,3,first_cover_lca_all_ties,1,238,0.99581589958159,1.0,-0.0041841004184100415,loss
hierarchical_9332,3,first_cover_lca_all_ties,2,238,0.99581589958159,0.99581589958159,0.0,tie
hierarchical_9332,3,first_cover_lca_all_ties,3,238,0.9916666666666667,0.99581589958159,-0.004149232914923292,loss
hierarchical_9332,3,first_cover_lca_all_ties,4,237,0.9793388429752066,0.983402489626556,-0.004063646651349405,loss
hierarchical_9332,3,first_cover_lca_all_ties,5,237,0.9875,0.9875,0.0,tie
hierarchical_9332,3,first_cover_lca_all_ties,6,237,0.9875,0.9875,0.0,tie
hierarchical_9332,3,first_cover_lca_all_ties,7,237,0.9753086419753086,0.9793388429752066,-0.004030200999897969,loss
hierarchical_9332,3,qualified_m20,0,238,0.9916666666666667,0.9916666666666667,0.0,tie
hierarchical_9332,3,qualified_m20,1,238,0.99581589958159,1.0,-0.0041841004184100415,loss
hierarchical_9332,3,qualified_m20,2,238,0.99581589958159,0.99581589958159,0.0,tie
hierarchical_9332,3,qualified_m20,3,238,0.99581589958159,0.99581589958159,0.0,tie
hierarchical_9332,3,qualified_m20,4,237,0.9793388429752066,0.983402489626556,-0.004063646651349405,loss
hierarchical_9332,3,qualified_m20,5,237,0.9875,0.9875,0.0,tie
hierarchical_9332,3,qualified_m20,6,237,0.9875,0.9875,0.0,tie
hierarchical_9332,3,qualified_m20,7,237,0.9753086419753086,0.9793388429752066,-0.004030200999897969,loss
hierarchical_9332,3,qualified_m3,0,238,0.9916666666666667,0.9916666666666667,0.0,tie
hierarchical_9332,3,qualified_m3,1,238,0.99581589958159,1.0,-0.0041841004184100415,loss
hierarchical_9332,3,qualified_m3,2,238,0.99581589958159,0.99581589958159,0.0,tie
hierarchical_9332,3,qualified_m3,3,238,0.9916666666666667,0.99581589958159,-0.004149232914923292,loss
hierarchical_9332,3,qualified_m3,4,237,0.983402489626556,0.983402489626556,0.0,tie
hierarchical_9332,3,qualified_m3,5,237,0.9875,0.9875,0.0,tie
hierarchical_9332,3,qualified_m3,6,237,0.9875,0.9875,0.0,tie
hierarchical_9332,3,qualified_m3,7,237,0.9753086419753086,0.9793388429752066,-0.004030200999897969,loss
hierarchical_9332,3,qualified_m4,0,238,0.9916666666666667,0.9916666666666667,0.0,tie
hierarchical_9332,3,qualified_m4,1,238,0.99581589958159,1.0,-0.0041841004184100415,loss
hierarchical_9332,3,qualified_m4,2,238,0.99581589958159,0.99581589958159,0.0,tie
hierarchical_9332,3,qualified_m4,3,238,0.99581589958159,0.99581589958159,0.0,tie
hierarchical_9332,3,qualified_m4,4,237,0.9793388429752066,0.983402489626556,-0.004063646651349405,loss
hierarchical_9332,3,qualified_m4,5,237,0.9875,0.9875,0.0,tie
hierarchical_9332,3,qualified_m4,6,237,0.9875,0.9875,0.0,tie
hierarchical_9332,3,qualified_m4,7,237,0.9753086419753086,0.9793388429752066,-0.004030200999897969,loss
hierarchical_9332,5,core,0,238,1.0,0.9916666666666667,0.008333333333333333,win
hierarchical_9332,5,core,1,238,1.0,1.0,0.0,tie
hierarchical_9332,5,core,2,238,1.0,0.99581589958159,0.0041841004184100415,win
hierarchical_9332,5,core,3,238,1.0,1.0,0.0,tie
hierarchical_9332,5,core,4,237,0.9957983193277311,0.9916317991631799,0.0041665201645511764,win
hierarchical_9332,5,core,5,237,0.9957983193277311,0.9875,0.008298319327731092,win
hierarchical_9332,5,core,6,237,0.9957983193277311,0.9916317991631799,0.0041665201645511764,win
hierarchical_9332,5,core,7,237,1.0,0.983402489626556,0.016597510373443983,win
hierarchical_9332,5,first_cover_canonical,0,238,0.9875518672199171,0.9916666666666667,-0.004114799446749654,loss
hierarchical_9332,5,first_cover_canonical,1,238,0.99581589958159,1.0,-0.0041841004184100415,loss
hierarchical_9332,5,first_cover_canonical,2,238,0.99581589958159,0.99581589958159,0.0,tie
hierarchical_9332,5,first_cover_canonical,3,238,0.9916666666666667,1.0,-0.008333333333333333,loss
hierarchical_9332,5,first_cover_canonical,4,237,0.9793388429752066,0.9916317991631799,-0.012292956187973304,loss
hierarchical_9332,5,first_cover_canonical,5,237,0.9875,0.9875,0.0,tie
hierarchical_9332,5,first_cover_canonical,6,237,0.983402489626556,0.9916317991631799,-0.0082293095366239,loss
hierarchical_9332,5,first_cover_canonical,7,237,0.9753086419753086,0.983402489626556,-0.008093847651247375,loss
hierarchical_9332,5,first_cover_lca_all_ties,0,238,0.9875518672199171,0.9916666666666667,-0.004114799446749654,loss
hierarchical_9332,5,first_cover_lca_all_ties,1,238,0.99581589958159,1.0,-0.0041841004184100415,loss
hierarchical_9332,5,first_cover_lca_all_ties,2,238,0.99581589958159,0.99581589958159,0.0,tie
hierarchical_9332,5,first_cover_lca_all_ties,3,238,0.9916666666666667,1.0,-0.008333333333333333,loss
hierarchical_9332,5,first_cover_lca_all_ties,4,237,0.9793388429752066,0.9916317991631799,-0.012292956187973304,loss
hierarchical_9332,5,first_cover_lca_all_ties,5,237,0.9875,0.9875,0.0,tie
hierarchical_9332,5,first_cover_lca_all_ties,6,237,0.983402489626556,0.9916317991631799,-0.0082293095366239,loss
hierarchical_9332,5,first_cover_lca_all_ties,7,237,0.9753086419753086,0.983402489626556,-0.008093847651247375,loss
hierarchical_9332,5,qualified_m20,0,238,0.9916666666666667,0.9916666666666667,0.0,tie
hierarchical_9332,5,qualified_m20,1,238,0.99581589958159,1.0,-0.0041841004184100415,loss
hierarchical_9332,5,qualified_m20,2,238,0.99581589958159,0.99581589958159,0.0,tie
hierarchical_9332,5,qualified_m20,3,238,0.99581589958159,1.0,-0.0041841004184100415,loss
hierarchical_9332,5,qualified_m20,4,237,0.983402489626556,0.9916317991631799,-0.0082293095366239,loss
hierarchical_9332,5,qualified_m20,5,237,0.9875,0.9875,0.0,tie
hierarchical_9332,5,qualified_m20,6,237,0.9916317991631799,0.9916317991631799,0.0,tie
hierarchical_9332,5,qualified_m20,7,237,0.983402489626556,0.983402489626556,0.0,tie
hierarchical_9332,5,qualified_m3,0,238,0.9916666666666667,0.9916666666666667,0.0,tie
hierarchical_9332,5,qualified_m3,1,238,0.99581589958159,1.0,-0.0041841004184100415,loss
hierarchical_9332,5,qualified_m3,2,238,0.99581589958159,0.99581589958159,0.0,tie
hierarchical_9332,5,qualified_m3,3,238,0.99581589958159,1.0,-0.0041841004184100415,loss
hierarchical_9332,5,qualified_m3,4,237,0.983402489626556,0.9916317991631799,-0.0082293095366239,loss
hierarchical_9332,5,qualified_m3,5,237,0.9875,0.9875,0.0,tie
hierarchical_9332,5,qualified_m3,6,237,0.9875,0.9916317991631799,-0.004131799163179916,loss
hierarchical_9332,5,qualified_m3,7,237,0.9793388429752066,0.983402489626556,-0.004063646651349405,loss
hierarchical_9332,5,qualified_m6,0,238,0.9916666666666667,0.9916666666666667,0.0,tie
hierarchical_9332,5,qualified_m6,1,238,0.99581589958159,1.0,-0.0041841004184100415,loss
hierarchical_9332,5,qualified_m6,2,238,0.99581589958159,0.99581589958159,0.0,tie
hierarchical_9332,5,qualified_m6,3,238,0.99581589958159,1.0,-0.0041841004184100415,loss
hierarchical_9332,5,qualified_m6,4,237,0.983402489626556,0.9916317991631799,-0.0082293095366239,loss
hierarchical_9332,5,qualified_m6,5,237,0.9875,0.9875,0.0,tie
hierarchical_9332,5,qualified_m6,6,237,0.9916317991631799,0.9916317991631799,0.0,tie
hierarchical_9332,5,qualified_m6,7,237,0.983402489626556,0.983402489626556,0.0,tie
hierarchical_9333,10,core,0,238,0.99581589958159,0.99581589958159,0.0,tie
hierarchical_9333,10,core,1,238,1.0,1.0,0.0,tie
hierarchical_9333,10,core,2,238,1.0,0.99581589958159,0.0041841004184100415,win
hierarchical_9333,10,core,3,238,0.99581589958159,0.99581589958159,0.0,tie
hierarchical_9333,10,core,4,237,0.9957983193277311,0.9957983193277311,0.0,tie
hierarchical_9333,10,core,5,237,0.9957983193277311,0.9957983193277311,0.0,tie
hierarchical_9333,10,core,6,237,0.9957983193277311,0.9957983193277311,0.0,tie
hierarchical_9333,10,core,7,237,1.0,1.0,0.0,tie
hierarchical_9333,10,first_cover_canonical,0,238,0.9834710743801653,0.99581589958159,-0.012344825201424669,loss
hierarchical_9333,10,first_cover_canonical,1,238,0.99581589958159,1.0,-0.0041841004184100415,loss
hierarchical_9333,10,first_cover_canonical,2,238,0.9875518672199171,0.99581589958159,-0.008264032361672946,loss
hierarchical_9333,10,first_cover_canonical,3,238,0.99581589958159,0.99581589958159,0.0,tie
hierarchical_9333,10,first_cover_canonical,4,237,0.983402489626556,0.9957983193277311,-0.012395829701175075,loss
hierarchical_9333,10,first_cover_canonical,5,237,0.9916317991631799,0.9957983193277311,-0.0041665201645511764,loss
hierarchical_9333,10,first_cover_canonical,6,237,0.9916317991631799,0.9957983193277311,-0.0041665201645511764,loss
hierarchical_9333,10,first_cover_canonical,7,237,1.0,1.0,0.0,tie
hierarchical_9333,10,first_cover_lca_all_ties,0,238,0.9834710743801653,0.99581589958159,-0.012344825201424669,loss
hierarchical_9333,10,first_cover_lca_all_ties,1,238,0.99581589958159,1.0,-0.0041841004184100415,loss
hierarchical_9333,10,first_cover_lca_all_ties,2,238,0.9875518672199171,0.99581589958159,-0.008264032361672946,loss
hierarchical_9333,10,first_cover_lca_all_ties,3,238,0.99581589958159,0.99581589958159,0.0,tie
hierarchical_9333,10,first_cover_lca_all_ties,4,237,0.983402489626556,0.9957983193277311,-0.012395829701175075,loss
hierarchical_9333,10,first_cover_lca_all_ties,5,237,0.9916317991631799,0.9957983193277311,-0.0041665201645511764,loss
hierarchical_9333,10,first_cover_lca_all_ties,6,237,0.9916317991631799,0.9957983193277311,-0.0041665201645511764,loss
hierarchical_9333,10,first_cover_lca_all_ties,7,237,1.0,1.0,0.0,tie
hierarchical_9333,10,qualified_m11,0,238,0.9875518672199171,0.99581589958159,-0.008264032361672946,loss
hierarchical_9333,10,qualified_m11,1,238,0.99581589958159,1.0,-0.0041841004184100415,loss
hierarchical_9333,10,qualified_m11,2,238,0.9916666666666667,0.99581589958159,-0.004149232914923292,loss
hierarchical_9333,10,qualified_m11,3,238,0.99581589958159,0.99581589958159,0.0,tie
hierarchical_9333,10,qualified_m11,4,237,0.9916317991631799,0.9957983193277311,-0.0041665201645511764,loss
hierarchical_9333,10,qualified_m11,5,237,0.9916317991631799,0.9957983193277311,-0.0041665201645511764,loss
hierarchical_9333,10,qualified_m11,6,237,0.9957983193277311,0.9957983193277311,0.0,tie
hierarchical_9333,10,qualified_m11,7,237,1.0,1.0,0.0,tie
hierarchical_9333,10,qualified_m20,0,238,0.9875518672199171,0.99581589958159,-0.008264032361672946,loss
hierarchical_9333,10,qualified_m20,1,238,0.99581589958159,1.0,-0.0041841004184100415,loss
hierarchical_9333,10,qualified_m20,2,238,0.9916666666666667,0.99581589958159,-0.004149232914923292,loss
hierarchical_9333,10,qualified_m20,3,238,0.99581589958159,0.99581589958159,0.0,tie
hierarchical_9333,10,qualified_m20,4,237,0.9916317991631799,0.9957983193277311,-0.0041665201645511764,loss
hierarchical_9333,10,qualified_m20,5,237,0.9916317991631799,0.9957983193277311,-0.0041665201645511764,loss
hierarchical_9333,10,qualified_m20,6,237,0.9957983193277311,0.9957983193277311,0.0,tie
hierarchical_9333,10,qualified_m20,7,237,1.0,1.0,0.0,tie
hierarchical_9333,10,qualified_m3,0,238,0.9875518672199171,0.99581589958159,-0.008264032361672946,loss
hierarchical_9333,10,qualified_m3,1,238,0.99581589958159,1.0,-0.0041841004184100415,loss
hierarchical_9333,10,qualified_m3,2,238,0.9916666666666667,0.99581589958159,-0.004149232914923292,loss
hierarchical_9333,10,qualified_m3,3,238,0.99581589958159,0.99581589958159,0.0,tie
hierarchical_9333,10,qualified_m3,4,237,0.9916317991631799,0.9957983193277311,-0.0041665201645511764,loss
hierarchical_9333,10,qualified_m3,5,237,0.9916317991631799,0.9957983193277311,-0.0041665201645511764,loss
hierarchical_9333,10,qualified_m3,6,237,0.9957983193277311,0.9957983193277311,0.0,tie
hierarchical_9333,10,qualified_m3,7,237,1.0,1.0,0.0,tie
hierarchical_9333,2,core,0,238,0.9916666666666667,0.9834710743801653,0.008195592286501378,win
hierarchical_9333,2,core,1,238,0.99581589958159,0.99581589958159,0.0,tie
hierarchical_9333,2,core,2,238,0.99581589958159,0.9916666666666667,0.004149232914923292,win
hierarchical_9333,2,core,3,238,0.99581589958159,0.99581589958159,0.0,tie
hierarchical_9333,2,core,4,237,0.9916317991631799,0.9916317991631799,0.0,tie
hierarchical_9333,2,core,5,237,0.9957983193277311,0.9916317991631799,0.0041665201645511764,win
hierarchical_9333,2,core,6,237,0.9957983193277311,0.9916317991631799,0.0041665201645511764,win
hierarchical_9333,2,core,7,237,1.0,1.0,0.0,tie
hierarchical_9333,2,first_cover_canonical,0,238,0.9834710743801653,0.9834710743801653,0.0,tie
hierarchical_9333,2,first_cover_canonical,1,238,0.99581589958159,0.99581589958159,0.0,tie
hierarchical_9333,2,first_cover_canonical,2,238,0.9875518672199171,0.9916666666666667,-0.004114799446749654,loss
hierarchical_9333,2,first_cover_canonical,3,238,0.99581589958159,0.99581589958159,0.0,tie
hierarchical_9333,2,first_cover_canonical,4,237,0.9875,0.9916317991631799,-0.004131799163179916,loss
hierarchical_9333,2,first_cover_canonical,5,237,0.9916317991631799,0.9916317991631799,0.0,tie
hierarchical_9333,2,first_cover_canonical,6,237,0.9916317991631799,0.9916317991631799,0.0,tie
hierarchical_9333,2,first_cover_canonical,7,237,1.0,1.0,0.0,tie
hierarchical_9333,2,first_cover_lca_all_ties,0,238,0.9834710743801653,0.9834710743801653,0.0,tie
hierarchical_9333,2,first_cover_lca_all_ties,1,238,0.99581589958159,0.99581589958159,0.0,tie
hierarchical_9333,2,first_cover_lca_all_ties,2,238,0.9875518672199171,0.9916666666666667,-0.004114799446749654,loss
hierarchical_9333,2,first_cover_lca_all_ties,3,238,0.99581589958159,0.99581589958159,0.0,tie
hierarchical_9333,2,first_cover_lca_all_ties,4,237,0.9875,0.9916317991631799,-0.004131799163179916,loss
hierarchical_9333,2,first_cover_lca_all_ties,5,237,0.9916317991631799,0.9916317991631799,0.0,tie
hierarchical_9333,2,first_cover_lca_all_ties,6,237,0.9916317991631799,0.9916317991631799,0.0,tie
hierarchical_9333,2,first_cover_lca_all_ties,7,237,1.0,1.0,0.0,tie
hierarchical_9333,2,qualified_m20,0,238,0.9875518672199171,0.9834710743801653,0.004080792839751723,win
hierarchical_9333,2,qualified_m20,1,238,0.99581589958159,0.99581589958159,0.0,tie
hierarchical_9333,2,qualified_m20,2,238,0.9916666666666667,0.9916666666666667,0.0,tie
hierarchical_9333,2,qualified_m20,3,238,0.99581589958159,0.99581589958159,0.0,tie
hierarchical_9333,2,qualified_m20,4,237,0.9916317991631799,0.9916317991631799,0.0,tie
hierarchical_9333,2,qualified_m20,5,237,0.9916317991631799,0.9916317991631799,0.0,tie
hierarchical_9333,2,qualified_m20,6,237,0.9916317991631799,0.9916317991631799,0.0,tie
hierarchical_9333,2,qualified_m20,7,237,1.0,1.0,0.0,tie
hierarchical_9333,2,qualified_m3,0,238,0.9875518672199171,0.9834710743801653,0.004080792839751723,win
hierarchical_9333,2,qualified_m3,1,238,0.99581589958159,0.99581589958159,0.0,tie
hierarchical_9333,2,qualified_m3,2,238,0.9916666666666667,0.9916666666666667,0.0,tie
hierarchical_9333,2,qualified_m3,3,238,0.99581589958159,0.99581589958159,0.0,tie
hierarchical_9333,2,qualified_m3,4,237,0.9916317991631799,0.9916317991631799,0.0,tie
hierarchical_9333,2,qualified_m3,5,237,0.9916317991631799,0.9916317991631799,0.0,tie
hierarchical_9333,2,qualified_m3,6,237,0.9916317991631799,0.9916317991631799,0.0,tie
hierarchical_9333,2,qualified_m3,7,237,1.0,1.0,0.0,tie
hierarchical_9333,3,core,0,238,0.99581589958159,0.9875518672199171,0.008264032361672946,win
hierarchical_9333,3,core,1,238,0.99581589958159,0.99581589958159,0.0,tie
hierarchical_9333,3,core,2,238,1.0,0.9916666666666667,0.008333333333333333,win
hierarchical_9333,3,core,3,238,0.99581589958159,0.99581589958159,0.0,tie
hierarchical_9333,3,core,4,237,0.9957983193277311,0.9957983193277311,0.0,tie
hierarchical_9333,3,core,5,237,0.9957983193277311,0.9957983193277311,0.0,tie
hierarchical_9333,3,core,6,237,1.0,0.9957983193277311,0.004201680672268907,win
hierarchical_9333,3,core,7,237,1.0,1.0,0.0,tie
hierarchical_9333,3,first_cover_canonical,0,238,0.9834710743801653,0.9875518672199171,-0.004080792839751723,loss
hierarchical_9333,3,first_cover_canonical,1,238,0.99581589958159,0.99581589958159,0.0,tie
hierarchical_9333,3,first_cover_canonical,2,238,0.9875518672199171,0.9916666666666667,-0.004114799446749654,loss
hierarchical_9333,3,first_cover_canonical,3,238,0.99581589958159,0.99581589958159,0.0,tie
hierarchical_9333,3,first_cover_canonical,4,237,0.9916317991631799,0.9957983193277311,-0.0041665201645511764,loss
hierarchical_9333,3,first_cover_canonical,5,237,0.9916317991631799,0.9957983193277311,-0.0041665201645511764,loss
hierarchical_9333,3,first_cover_canonical,6,237,0.9916317991631799,0.9957983193277311,-0.0041665201645511764,loss
hierarchical_9333,3,first_cover_canonical,7,237,1.0,1.0,0.0,tie
hierarchical_9333,3,first_cover_lca_all_ties,0,238,0.9834710743801653,0.9875518672199171,-0.004080792839751723,loss
hierarchical_9333,3,first_cover_lca_all_ties,1,238,0.99581589958159,0.99581589958159,0.0,tie
hierarchical_9333,3,first_cover_lca_all_ties,2,238,0.9875518672199171,0.9916666666666667,-0.004114799446749654,loss
hierarchical_9333,3,first_cover_lca_all_ties,3,238,0.99581589958159,0.99581589958159,0.0,tie
hierarchical_9333,3,first_cover_lca_all_ties,4,237,0.9916317991631799,0.9957983193277311,-0.0041665201645511764,loss
hierarchical_9333,3,first_cover_lca_all_ties,5,237,0.9916317991631799,0.9957983193277311,-0.0041665201645511764,loss
hierarchical_9333,3,first_cover_lca_all_ties,6,237,0.9916317991631799,0.9957983193277311,-0.0041665201645511764,loss
hierarchical_9333,3,first_cover_lca_all_ties,7,237,1.0,1.0,0.0,tie
hierarchical_9333,3,qualified_m20,0,238,0.9875518672199171,0.9875518672199171,0.0,tie
hierarchical_9333,3,qualified_m20,1,238,0.99581589958159,0.99581589958159,0.0,tie
hierarchical_9333,3,qualified_m20,2,238,0.9875518672199171,0.9916666666666667,-0.004114799446749654,loss
hierarchical_9333,3,qualified_m20,3,238,0.99581589958159,0.99581589958159,0.0,tie
hierarchical_9333,3,qualified_m20,4,237,0.9916317991631799,0.9957983193277311,-0.0041665201645511764,loss
hierarchical_9333,3,qualified_m20,5,237,0.9957983193277311,0.9957983193277311,0.0,tie
hierarchical_9333,3,qualified_m20,6,237,0.9957983193277311,0.9957983193277311,0.0,tie
hierarchical_9333,3,qualified_m20,7,237,1.0,1.0,0.0,tie
hierarchical_9333,3,qualified_m3,0,238,0.9875518672199171,0.9875518672199171,0.0,tie
hierarchical_9333,3,qualified_m3,1,238,0.99581589958159,0.99581589958159,0.0,tie
hierarchical_9333,3,qualified_m3,2,238,0.9916666666666667,0.9916666666666667,0.0,tie
hierarchical_9333,3,qualified_m3,3,238,0.99581589958159,0.99581589958159,0.0,tie
hierarchical_9333,3,qualified_m3,4,237,0.9916317991631799,0.9957983193277311,-0.0041665201645511764,loss
hierarchical_9333,3,qualified_m3,5,237,0.9916317991631799,0.9957983193277311,-0.0041665201645511764,loss
hierarchical_9333,3,qualified_m3,6,237,0.9916317991631799,0.9957983193277311,-0.0041665201645511764,loss
hierarchical_9333,3,qualified_m3,7,237,1.0,1.0,0.0,tie
hierarchical_9333,3,qualified_m4,0,238,0.9875518672199171,0.9875518672199171,0.0,tie
hierarchical_9333,3,qualified_m4,1,238,0.99581589958159,0.99581589958159,0.0,tie
hierarchical_9333,3,qualified_m4,2,238,0.9875518672199171,0.9916666666666667,-0.004114799446749654,loss
hierarchical_9333,3,qualified_m4,3,238,0.99581589958159,0.99581589958159,0.0,tie
hierarchical_9333,3,qualified_m4,4,237,0.9916317991631799,0.9957983193277311,-0.0041665201645511764,loss
hierarchical_9333,3,qualified_m4,5,237,0.9957983193277311,0.9957983193277311,0.0,tie
hierarchical_9333,3,qualified_m4,6,237,0.9957983193277311,0.9957983193277311,0.0,tie
hierarchical_9333,3,qualified_m4,7,237,1.0,1.0,0.0,tie
hierarchical_9333,5,core,0,238,0.9916666666666667,0.9916666666666667,0.0,tie
hierarchical_9333,5,core,1,238,1.0,1.0,0.0,tie
hierarchical_9333,5,core,2,238,1.0,0.99581589958159,0.0041841004184100415,win
hierarchical_9333,5,core,3,238,0.99581589958159,0.99581589958159,0.0,tie
hierarchical_9333,5,core,4,237,0.9957983193277311,0.9957983193277311,0.0,tie
hierarchical_9333,5,core,5,237,0.9957983193277311,0.9957983193277311,0.0,tie
hierarchical_9333,5,core,6,237,1.0,0.9957983193277311,0.004201680672268907,win
hierarchical_9333,5,core,7,237,1.0,1.0,0.0,tie
hierarchical_9333,5,first_cover_canonical,0,238,0.9834710743801653,0.9916666666666667,-0.008195592286501378,loss
hierarchical_9333,5,first_cover_canonical,1,238,0.99581589958159,1.0,-0.0041841004184100415,loss
hierarchical_9333,5,first_cover_canonical,2,238,0.9875518672199171,0.99581589958159,-0.008264032361672946,loss
hierarchical_9333,5,first_cover_canonical,3,238,0.99581589958159,0.99581589958159,0.0,tie
hierarchical_9333,5,first_cover_canonical,4,237,0.9875,0.9957983193277311,-0.008298319327731092,loss
hierarchical_9333,5,first_cover_canonical,5,237,0.9916317991631799,0.9957983193277311,-0.0041665201645511764,loss
hierarchical_9333,5,first_cover_canonical,6,237,0.9916317991631799,0.9957983193277311,-0.0041665201645511764,loss
hierarchical_9333,5,first_cover_canonical,7,237,1.0,1.0,0.0,tie
hierarchical_9333,5,first_cover_lca_all_ties,0,238,0.9834710743801653,0.9916666666666667,-0.008195592286501378,loss
hierarchical_9333,5,first_cover_lca_all_ties,1,238,0.99581589958159,1.0,-0.0041841004184100415,loss
hierarchical_9333,5,first_cover_lca_all_ties,2,238,0.9875518672199171,0.99581589958159,-0.008264032361672946,loss
hierarchical_9333,5,first_cover_lca_all_ties,3,238,0.99581589958159,0.99581589958159,0.0,tie
hierarchical_9333,5,first_cover_lca_all_ties,4,237,0.9875,0.9957983193277311,-0.008298319327731092,loss
hierarchical_9333,5,first_cover_lca_all_ties,5,237,0.9916317991631799,0.9957983193277311,-0.0041665201645511764,loss
hierarchical_9333,5,first_cover_lca_all_ties,6,237,0.9916317991631799,0.9957983193277311,-0.0041665201645511764,loss
hierarchical_9333,5,first_cover_lca_all_ties,7,237,1.0,1.0,0.0,tie
hierarchical_9333,5,qualified_m20,0,238,0.9875518672199171,0.9916666666666667,-0.004114799446749654,loss
hierarchical_9333,5,qualified_m20,1,238,0.99581589958159,1.0,-0.0041841004184100415,loss
hierarchical_9333,5,qualified_m20,2,238,0.9875518672199171,0.99581589958159,-0.008264032361672946,loss
hierarchical_9333,5,qualified_m20,3,238,0.99581589958159,0.99581589958159,0.0,tie
hierarchical_9333,5,qualified_m20,4,237,0.9916317991631799,0.9957983193277311,-0.0041665201645511764,loss
hierarchical_9333,5,qualified_m20,5,237,0.9957983193277311,0.9957983193277311,0.0,tie
hierarchical_9333,5,qualified_m20,6,237,0.9957983193277311,0.9957983193277311,0.0,tie
hierarchical_9333,5,qualified_m20,7,237,1.0,1.0,0.0,tie
hierarchical_9333,5,qualified_m3,0,238,0.9875518672199171,0.9916666666666667,-0.004114799446749654,loss
hierarchical_9333,5,qualified_m3,1,238,0.99581589958159,1.0,-0.0041841004184100415,loss
hierarchical_9333,5,qualified_m3,2,238,0.9875518672199171,0.99581589958159,-0.008264032361672946,loss
hierarchical_9333,5,qualified_m3,3,238,0.99581589958159,0.99581589958159,0.0,tie
hierarchical_9333,5,qualified_m3,4,237,0.9916317991631799,0.9957983193277311,-0.0041665201645511764,loss
hierarchical_9333,5,qualified_m3,5,237,0.9957983193277311,0.9957983193277311,0.0,tie
hierarchical_9333,5,qualified_m3,6,237,0.9957983193277311,0.9957983193277311,0.0,tie
hierarchical_9333,5,qualified_m3,7,237,1.0,1.0,0.0,tie
hierarchical_9333,5,qualified_m6,0,238,0.9875518672199171,0.9916666666666667,-0.004114799446749654,loss
hierarchical_9333,5,qualified_m6,1,238,0.99581589958159,1.0,-0.0041841004184100415,loss
hierarchical_9333,5,qualified_m6,2,238,0.9875518672199171,0.99581589958159,-0.008264032361672946,loss
hierarchical_9333,5,qualified_m6,3,238,0.99581589958159,0.99581589958159,0.0,tie
hierarchical_9333,5,qualified_m6,4,237,0.9916317991631799,0.9957983193277311,-0.0041665201645511764,loss
hierarchical_9333,5,qualified_m6,5,237,0.9957983193277311,0.9957983193277311,0.0,tie
hierarchical_9333,5,qualified_m6,6,237,0.9957983193277311,0.9957983193277311,0.0,tie
hierarchical_9333,5,qualified_m6,7,237,1.0,1.0,0.0,tie
zoltan_01_velos_en_rang,10,core,0,265,0.5754985754985755,0.6210826210826211,-0.045584045584045586,loss
zoltan_01_velos_en_rang,10,core,1,194,0.3955056179775281,0.4043956043956044,-0.008889986418076305,loss
zoltan_01_velos_en_rang,10,core,2,207,0.6177474402730375,0.6357615894039735,-0.018014149130935967,loss
zoltan_01_velos_en_rang,10,first_cover_canonical,0,265,0.7013698630136986,0.6210826210826211,0.08028724193107754,win
zoltan_01_velos_en_rang,10,first_cover_canonical,1,194,0.4326923076923077,0.4043956043956044,0.028296703296703297,win
zoltan_01_velos_en_rang,10,first_cover_canonical,2,207,0.6699029126213593,0.6357615894039735,0.034141323217385715,win
zoltan_01_velos_en_rang,10,first_cover_lca_all_ties,0,265,0.7013698630136986,0.6210826210826211,0.08028724193107754,win
zoltan_01_velos_en_rang,10,first_cover_lca_all_ties,1,194,0.4326923076923077,0.4043956043956044,0.028296703296703297,win
zoltan_01_velos_en_rang,10,first_cover_lca_all_ties,2,207,0.6699029126213593,0.6357615894039735,0.034141323217385715,win
zoltan_01_velos_en_rang,10,qualified_m11,0,265,0.6787709497206704,0.6210826210826211,0.05768832863804931,win
zoltan_01_velos_en_rang,10,qualified_m11,1,194,0.445,0.4043956043956044,0.040604395604395604,win
zoltan_01_velos_en_rang,10,qualified_m11,2,207,0.6688524590163935,0.6357615894039735,0.033090869612419936,win
zoltan_01_velos_en_rang,10,qualified_m20,0,265,0.638235294117647,0.6210826210826211,0.017152673035025975,win
zoltan_01_velos_en_rang,10,qualified_m20,1,194,0.434052757793765,0.4043956043956044,0.029657153398160593,win
zoltan_01_velos_en_rang,10,qualified_m20,2,207,0.6480263157894737,0.6357615894039735,0.012264726385500174,win
zoltan_01_velos_en_rang,10,qualified_m3,0,265,0.6804407713498623,0.6210826210826211,0.05935815026724118,win
zoltan_01_velos_en_rang,10,qualified_m3,1,194,0.465,0.4043956043956044,0.0606043956043956,win
zoltan_01_velos_en_rang,10,qualified_m3,2,207,0.6688524590163935,0.6357615894039735,0.033090869612419936,win
zoltan_01_velos_en_rang,2,core,0,265,0.5802816901408451,0.6585365853658537,-0.07825489522500859,loss
zoltan_01_velos_en_rang,2,core,1,194,0.40476190476190477,0.41163793103448276,-0.006876026272577997,loss
zoltan_01_velos_en_rang,2,core,2,207,0.6414473684210527,0.6461038961038961,-0.0046565276828434725,loss
zoltan_01_velos_en_rang,2,first_cover_canonical,0,265,0.5935251798561151,0.6585365853658537,-0.06501140550973855,loss
zoltan_01_velos_en_rang,2,first_cover_canonical,1,194,0.4129032258064516,0.41163793103448276,0.0012652947719688542,win
zoltan_01_velos_en_rang,2,first_cover_canonical,2,207,0.6558441558441559,0.6461038961038961,0.00974025974025974,win
zoltan_01_velos_en_rang,2,first_cover_lca_all_ties,0,265,0.5935251798561151,0.6585365853658537,-0.06501140550973855,loss
zoltan_01_velos_en_rang,2,first_cover_lca_all_ties,1,194,0.4129032258064516,0.41163793103448276,0.0012652947719688542,win
zoltan_01_velos_en_rang,2,first_cover_lca_all_ties,2,207,0.6558441558441559,0.6461038961038961,0.00974025974025974,win
zoltan_01_velos_en_rang,2,qualified_m20,0,265,0.60431654676259,0.6585365853658537,-0.05422003860326373,loss
zoltan_01_velos_en_rang,2,qualified_m20,1,194,0.42890995260663506,0.41163793103448276,0.017272021572152314,win
zoltan_01_velos_en_rang,2,qualified_m20,2,207,0.6459016393442623,0.6461038961038961,-0.00020225675963380881,loss
zoltan_01_velos_en_rang,2,qualified_m3,0,265,0.630188679245283,0.6585365853658537,-0.02834790612057064,loss
zoltan_01_velos_en_rang,2,qualified_m3,1,194,0.43283582089552236,0.41163793103448276,0.02119788986103963,win
zoltan_01_velos_en_rang,2,qualified_m3,2,207,0.6482084690553745,0.6461038961038961,0.0021045729514784887,win
zoltan_01_velos_en_rang,3,core,0,265,0.5773584905660377,0.6483180428134556,-0.07095955224741793,loss
zoltan_01_velos_en_rang,3,core,1,194,0.425,0.41125541125541126,0.013744588744588745,win
zoltan_01_velos_en_rang,3,core,2,207,0.7342995169082126,0.6351791530944625,0.09912036381375001,win
zoltan_01_velos_en_rang,3,first_cover_canonical,0,265,0.6415094339622641,0.6483180428134556,-0.006808608851191507,loss
zoltan_01_velos_en_rang,3,first_cover_canonical,1,194,0.47783251231527096,0.41125541125541126,0.06657710105985969,win
zoltan_01_velos_en_rang,3,first_cover_canonical,2,207,0.8317307692307693,0.6351791530944625,0.1965516161363067,win
zoltan_01_velos_en_rang,3,first_cover_lca_all_ties,0,265,0.6415094339622641,0.6483180428134556,-0.006808608851191507,loss
zoltan_01_velos_en_rang,3,first_cover_lca_all_ties,1,194,0.47783251231527096,0.41125541125541126,0.06657710105985969,win
zoltan_01_velos_en_rang,3,first_cover_lca_all_ties,2,207,0.8317307692307693,0.6351791530944625,0.1965516161363067,win
zoltan_01_velos_en_rang,3,qualified_m20,0,265,0.5886792452830188,0.6483180428134556,-0.05963879753043679,loss
zoltan_01_velos_en_rang,3,qualified_m20,1,194,0.4470899470899471,0.41125541125541126,0.03583453583453584,win
zoltan_01_velos_en_rang,3,qualified_m20,2,207,0.6514657980456026,0.6351791530944625,0.016286644951140065,win
zoltan_01_velos_en_rang,3,qualified_m3,0,265,0.630188679245283,0.6483180428134556,-0.01812936356817264,loss
zoltan_01_velos_en_rang,3,qualified_m3,1,194,0.43283582089552236,0.41125541125541126,0.021580409640111133,win
zoltan_01_velos_en_rang,3,qualified_m3,2,207,0.6482084690553745,0.6351791530944625,0.013029315960912053,win
zoltan_01_velos_en_rang,3,qualified_m4,0,265,0.5886792452830188,0.6483180428134556,-0.05963879753043679,loss
zoltan_01_velos_en_rang,3,qualified_m4,1,194,0.4641025641025641,0.41125541125541126,0.05284715284715285,win
zoltan_01_velos_en_rang,3,qualified_m4,2,207,0.6514657980456026,0.6351791530944625,0.016286644951140065,win
zoltan_01_velos_en_rang,5,core,0,265,0.6495726495726496,0.6710963455149501,-0.021523695942300594,loss
zoltan_01_velos_en_rang,5,core,1,194,0.40444444444444444,0.40609137055837563,-0.0016469261139311902,loss
zoltan_01_velos_en_rang,5,core,2,207,0.6811594202898551,0.7536231884057971,-0.07246376811594203,loss
zoltan_01_velos_en_rang,5,first_cover_canonical,0,265,0.6978021978021978,0.6710963455149501,0.026705852287247638,win
zoltan_01_velos_en_rang,5,first_cover_canonical,1,194,0.41201716738197425,0.40609137055837563,0.005925796823598614,win
zoltan_01_velos_en_rang,5,first_cover_canonical,2,207,0.8461538461538461,0.7536231884057971,0.09253065774804906,win
zoltan_01_velos_en_rang,5,first_cover_lca_all_ties,0,265,0.6978021978021978,0.6710963455149501,0.026705852287247638,win
zoltan_01_velos_en_rang,5,first_cover_lca_all_ties,1,194,0.41201716738197425,0.40609137055837563,0.005925796823598614,win
zoltan_01_velos_en_rang,5,first_cover_lca_all_ties,2,207,0.8461538461538461,0.7536231884057971,0.09253065774804906,win
zoltan_01_velos_en_rang,5,qualified_m20,0,265,0.5922865013774105,0.6710963455149501,-0.07880984413753969,loss
zoltan_01_velos_en_rang,5,qualified_m20,1,194,0.4129032258064516,0.40609137055837563,0.0068118552480759785,win
zoltan_01_velos_en_rang,5,qualified_m20,2,207,0.6633986928104575,0.7536231884057971,-0.09022449559533958,loss
zoltan_01_velos_en_rang,5,qualified_m3,0,265,0.5884476534296029,0.6710963455149501,-0.08264869208534728,loss
zoltan_01_velos_en_rang,5,qualified_m3,1,194,0.43509615384615385,0.40609137055837563,0.02900478328777821,win
zoltan_01_velos_en_rang,5,qualified_m3,2,207,0.6590909090909091,0.7536231884057971,-0.09453227931488802,loss
zoltan_01_velos_en_rang,5,qualified_m6,0,265,0.6887052341597796,0.6710963455149501,0.01760888864482945,win
zoltan_01_velos_en_rang,5,qualified_m6,1,194,0.4405940594059406,0.40609137055837563,0.03450268884756496,win
zoltan_01_velos_en_rang,5,qualified_m6,2,207,0.6623376623376623,0.7536231884057971,-0.09128552606813477,loss
zoltan_02_velos_contre_facade,10,core,0,52,0.15384615384615385,0.15384615384615385,0.0,tie
zoltan_02_velos_contre_facade,10,core,1,98,0.11224489795918367,0.15306122448979592,-0.04081632653061224,loss
zoltan_02_velos_contre_facade,10,core,2,147,0.35714285714285715,0.5238095238095238,-0.16666666666666666,loss
zoltan_02_velos_contre_facade,10,first_cover_canonical,0,52,0.3333333333333333,0.15384615384615385,0.1794871794871795,win
zoltan_02_velos_contre_facade,10,first_cover_canonical,1,98,0.24,0.15306122448979592,0.08693877551020408,win
zoltan_02_velos_contre_facade,10,first_cover_canonical,2,147,0.4965986394557823,0.5238095238095238,-0.027210884353741496,loss
zoltan_02_velos_contre_facade,10,first_cover_lca_all_ties,0,52,0.3333333333333333,0.15384615384615385,0.1794871794871795,win
zoltan_02_velos_contre_facade,10,first_cover_lca_all_ties,1,98,0.24,0.15306122448979592,0.08693877551020408,win
zoltan_02_velos_contre_facade,10,first_cover_lca_all_ties,2,147,0.4965986394557823,0.5238095238095238,-0.027210884353741496,loss
zoltan_02_velos_contre_facade,10,qualified_m11,0,52,0.2962962962962963,0.15384615384615385,0.14245014245014245,win
zoltan_02_velos_contre_facade,10,qualified_m11,1,98,0.1836734693877551,0.15306122448979592,0.030612244897959183,win
zoltan_02_velos_contre_facade,10,qualified_m11,2,147,0.6598639455782312,0.5238095238095238,0.1360544217687075,win
zoltan_02_velos_contre_facade,10,qualified_m20,0,52,0.0037353638388046835,0.15384615384615385,-0.15011079000734917,loss
zoltan_02_velos_contre_facade,10,qualified_m20,1,98,0.1919191919191919,0.15306122448979592,0.038857967429396,win
zoltan_02_velos_contre_facade,10,qualified_m20,2,147,0.6530612244897959,0.5238095238095238,0.1292517006802721,win
zoltan_02_velos_contre_facade,10,qualified_m3,0,52,0.2777777777777778,0.15384615384615385,0.12393162393162394,win
zoltan_02_velos_contre_facade,10,qualified_m3,1,98,0.1836734693877551,0.15306122448979592,0.030612244897959183,win
zoltan_02_velos_contre_facade,10,qualified_m3,2,147,0.4185303514376997,0.5238095238095238,-0.10527917237182413,loss
zoltan_02_velos_contre_facade,2,core,0,52,0.2857142857142857,0.36363636363636365,-0.07792207792207792,loss
zoltan_02_velos_contre_facade,2,core,1,98,0.20408163265306123,0.24242424242424243,-0.0383426097711812,loss
zoltan_02_velos_contre_facade,2,core,2,147,0.5510204081632653,0.7074829931972789,-0.1564625850340136,loss
zoltan_02_velos_contre_facade,2,first_cover_canonical,0,52,0.3620689655172414,0.36363636363636365,-0.001567398119122257,loss
zoltan_02_velos_contre_facade,2,first_cover_canonical,1,98,0.22448979591836735,0.24242424242424243,-0.017934446505875078,loss
zoltan_02_velos_contre_facade,2,first_cover_canonical,2,147,0.673469387755102,0.7074829931972789,-0.034013605442176874,loss
zoltan_02_velos_contre_facade,2,first_cover_lca_all_ties,0,52,0.3620689655172414,0.36363636363636365,-0.001567398119122257,loss
zoltan_02_velos_contre_facade,2,first_cover_lca_all_ties,1,98,0.22448979591836735,0.24242424242424243,-0.017934446505875078,loss
zoltan_02_velos_contre_facade,2,first_cover_lca_all_ties,2,147,0.673469387755102,0.7074829931972789,-0.034013605442176874,loss
zoltan_02_velos_contre_facade,2,qualified_m20,0,52,0.0038910505836575876,0.36363636363636365,-0.3597453130527061,loss
zoltan_02_velos_contre_facade,2,qualified_m20,1,98,0.16,0.24242424242424243,-0.08242424242424243,loss
zoltan_02_velos_contre_facade,2,qualified_m20,2,147,0.6666666666666666,0.7074829931972789,-0.04081632653061224,loss
zoltan_02_velos_contre_facade,2,qualified_m3,0,52,0.23636363636363636,0.36363636363636365,-0.12727272727272726,loss
zoltan_02_velos_contre_facade,2,qualified_m3,1,98,0.23469387755102042,0.24242424242424243,-0.007730364873222016,loss
zoltan_02_velos_contre_facade,2,qualified_m3,2,147,0.6938775510204082,0.7074829931972789,-0.013605442176870748,loss
zoltan_02_velos_contre_facade,3,core,0,52,0.1320754716981132,0.32727272727272727,-0.19519725557461406,loss
zoltan_02_velos_contre_facade,3,core,1,98,0.2857142857142857,0.22448979591836735,0.061224489795918366,win
zoltan_02_velos_contre_facade,3,core,2,147,0.38311688311688313,0.6666666666666666,-0.28354978354978355,loss
zoltan_02_velos_contre_facade,3,first_cover_canonical,0,52,0.29310344827586204,0.32727272727272727,-0.034169278996865206,loss
zoltan_02_velos_contre_facade,3,first_cover_canonical,1,98,0.29591836734693877,0.22448979591836735,0.07142857142857142,win
zoltan_02_velos_contre_facade,3,first_cover_canonical,2,147,0.44339622641509435,0.6666666666666666,-0.22327044025157233,loss
zoltan_02_velos_contre_facade,3,first_cover_lca_all_ties,0,52,0.29310344827586204,0.32727272727272727,-0.034169278996865206,loss
zoltan_02_velos_contre_facade,3,first_cover_lca_all_ties,1,98,0.29591836734693877,0.22448979591836735,0.07142857142857142,win
zoltan_02_velos_contre_facade,3,first_cover_lca_all_ties,2,147,0.44339622641509435,0.6666666666666666,-0.22327044025157233,loss
zoltan_02_velos_contre_facade,3,qualified_m20,0,52,0.35185185185185186,0.32727272727272727,0.02457912457912458,win
zoltan_02_velos_contre_facade,3,qualified_m20,1,98,0.12751677852348994,0.22448979591836735,-0.09697301739487742,loss
zoltan_02_velos_contre_facade,3,qualified_m20,2,147,0.6462585034013606,0.6666666666666666,-0.02040816326530612,loss
zoltan_02_velos_contre_facade,3,qualified_m3,0,52,0.23636363636363636,0.32727272727272727,-0.09090909090909091,loss
zoltan_02_velos_contre_facade,3,qualified_m3,1,98,0.23469387755102042,0.22448979591836735,0.01020408163265306,win
zoltan_02_velos_contre_facade,3,qualified_m3,2,147,0.6938775510204082,0.6666666666666666,0.027210884353741496,win
zoltan_02_velos_contre_facade,3,qualified_m4,0,52,0.2222222222222222,0.32727272727272727,-0.10505050505050505,loss
zoltan_02_velos_contre_facade,3,qualified_m4,1,98,0.20652173913043478,0.22448979591836735,-0.017968056787932566,loss
zoltan_02_velos_contre_facade,3,qualified_m4,2,147,0.6870748299319728,0.6666666666666666,0.02040816326530612,win
zoltan_02_velos_contre_facade,5,core,0,52,0.11538461538461539,0.3148148148148148,-0.19943019943019943,loss
zoltan_02_velos_contre_facade,5,core,1,98,0.2755102040816326,0.1836734693877551,0.09183673469387756,win
zoltan_02_velos_contre_facade,5,core,2,147,0.4217687074829932,0.5986394557823129,-0.17687074829931973,loss
zoltan_02_velos_contre_facade,5,first_cover_canonical,0,52,0.3090909090909091,0.3148148148148148,-0.005723905723905724,loss
zoltan_02_velos_contre_facade,5,first_cover_canonical,1,98,0.3163265306122449,0.1836734693877551,0.1326530612244898,win
zoltan_02_velos_contre_facade,5,first_cover_canonical,2,147,0.6870748299319728,0.5986394557823129,0.08843537414965986,win
zoltan_02_velos_contre_facade,5,first_cover_lca_all_ties,0,52,0.3090909090909091,0.3148148148148148,-0.005723905723905724,loss
zoltan_02_velos_contre_facade,5,first_cover_lca_all_ties,1,98,0.3163265306122449,0.1836734693877551,0.1326530612244898,win
zoltan_02_velos_contre_facade,5,first_cover_lca_all_ties,2,147,0.6870748299319728,0.5986394557823129,0.08843537414965986,win
zoltan_02_velos_contre_facade,5,qualified_m20,0,52,0.32727272727272727,0.3148148148148148,0.012457912457912458,win
zoltan_02_velos_contre_facade,5,qualified_m20,1,98,0.21428571428571427,0.1836734693877551,0.030612244897959183,win
zoltan_02_velos_contre_facade,5,qualified_m20,2,147,0.6190476190476191,0.5986394557823129,0.02040816326530612,win
zoltan_02_velos_contre_facade,5,qualified_m3,0,52,0.4074074074074074,0.3148148148148148,0.09259259259259259,win
zoltan_02_velos_contre_facade,5,qualified_m3,1,98,0.20408163265306123,0.1836734693877551,0.02040816326530612,win
zoltan_02_velos_contre_facade,5,qualified_m3,2,147,0.6598639455782312,0.5986394557823129,0.061224489795918366,win
zoltan_02_velos_contre_facade,5,qualified_m6,0,52,0.375,0.3148148148148148,0.06018518518518518,win
zoltan_02_velos_contre_facade,5,qualified_m6,1,98,0.32653061224489793,0.1836734693877551,0.14285714285714285,win
zoltan_02_velos_contre_facade,5,qualified_m6,2,147,0.673469387755102,0.5986394557823129,0.07482993197278912,win
zoltan_03_pieton_contre_facade,10,core,0,54,0.4264705882352941,0.4411764705882353,-0.014705882352941176,loss
zoltan_03_pieton_contre_facade,10,core,1,70,1.0,1.0,0.0,tie
zoltan_03_pieton_contre_facade,10,core,2,50,0.9803921568627451,0.9803921568627451,0.0,tie
zoltan_03_pieton_contre_facade,10,first_cover_canonical,0,54,0.4444444444444444,0.4411764705882353,0.0032679738562091504,win
zoltan_03_pieton_contre_facade,10,first_cover_canonical,1,70,1.0,1.0,0.0,tie
zoltan_03_pieton_contre_facade,10,first_cover_canonical,2,50,0.9803921568627451,0.9803921568627451,0.0,tie
zoltan_03_pieton_contre_facade,10,first_cover_lca_all_ties,0,54,0.4444444444444444,0.4411764705882353,0.0032679738562091504,win
zoltan_03_pieton_contre_facade,10,first_cover_lca_all_ties,1,70,1.0,1.0,0.0,tie
zoltan_03_pieton_contre_facade,10,first_cover_lca_all_ties,2,50,0.9803921568627451,0.9803921568627451,0.0,tie
zoltan_03_pieton_contre_facade,10,qualified_m11,0,54,0.4444444444444444,0.4411764705882353,0.0032679738562091504,win
zoltan_03_pieton_contre_facade,10,qualified_m11,1,70,1.0,1.0,0.0,tie
zoltan_03_pieton_contre_facade,10,qualified_m11,2,50,0.9803921568627451,0.9803921568627451,0.0,tie
zoltan_03_pieton_contre_facade,10,qualified_m20,0,54,0.4576271186440678,0.4411764705882353,0.016450648055832504,win
zoltan_03_pieton_contre_facade,10,qualified_m20,1,70,1.0,1.0,0.0,tie
zoltan_03_pieton_contre_facade,10,qualified_m20,2,50,0.9803921568627451,0.9803921568627451,0.0,tie
zoltan_03_pieton_contre_facade,10,qualified_m3,0,54,0.45901639344262296,0.4411764705882353,0.017839922854387655,win
zoltan_03_pieton_contre_facade,10,qualified_m3,1,70,1.0,1.0,0.0,tie
zoltan_03_pieton_contre_facade,10,qualified_m3,2,50,0.9803921568627451,0.9803921568627451,0.0,tie
zoltan_03_pieton_contre_facade,2,core,0,54,0.4444444444444444,0.4444444444444444,0.0,tie
zoltan_03_pieton_contre_facade,2,core,1,70,1.0,1.0,0.0,tie
zoltan_03_pieton_contre_facade,2,core,2,50,0.9803921568627451,0.9803921568627451,0.0,tie
zoltan_03_pieton_contre_facade,2,first_cover_canonical,0,54,0.45,0.4444444444444444,0.005555555555555556,win
zoltan_03_pieton_contre_facade,2,first_cover_canonical,1,70,1.0,1.0,0.0,tie
zoltan_03_pieton_contre_facade,2,first_cover_canonical,2,50,0.9803921568627451,0.9803921568627451,0.0,tie
zoltan_03_pieton_contre_facade,2,first_cover_lca_all_ties,0,54,0.45,0.4444444444444444,0.005555555555555556,win
zoltan_03_pieton_contre_facade,2,first_cover_lca_all_ties,1,70,1.0,1.0,0.0,tie
zoltan_03_pieton_contre_facade,2,first_cover_lca_all_ties,2,50,0.9803921568627451,0.9803921568627451,0.0,tie
zoltan_03_pieton_contre_facade,2,qualified_m20,0,54,0.4444444444444444,0.4444444444444444,0.0,tie
zoltan_03_pieton_contre_facade,2,qualified_m20,1,70,1.0,1.0,0.0,tie
zoltan_03_pieton_contre_facade,2,qualified_m20,2,50,0.9803921568627451,0.9803921568627451,0.0,tie
zoltan_03_pieton_contre_facade,2,qualified_m3,0,54,0.4444444444444444,0.4444444444444444,0.0,tie
zoltan_03_pieton_contre_facade,2,qualified_m3,1,70,1.0,1.0,0.0,tie
zoltan_03_pieton_contre_facade,2,qualified_m3,2,50,0.9803921568627451,0.9803921568627451,0.0,tie
zoltan_03_pieton_contre_facade,3,core,0,54,0.4444444444444444,0.4444444444444444,0.0,tie
zoltan_03_pieton_contre_facade,3,core,1,70,1.0,1.0,0.0,tie
zoltan_03_pieton_contre_facade,3,core,2,50,0.9803921568627451,0.9803921568627451,0.0,tie
zoltan_03_pieton_contre_facade,3,first_cover_canonical,0,54,0.45901639344262296,0.4444444444444444,0.014571948998178506,win
zoltan_03_pieton_contre_facade,3,first_cover_canonical,1,70,1.0,1.0,0.0,tie
zoltan_03_pieton_contre_facade,3,first_cover_canonical,2,50,0.9803921568627451,0.9803921568627451,0.0,tie
zoltan_03_pieton_contre_facade,3,first_cover_lca_all_ties,0,54,0.45901639344262296,0.4444444444444444,0.014571948998178506,win
zoltan_03_pieton_contre_facade,3,first_cover_lca_all_ties,1,70,1.0,1.0,0.0,tie
zoltan_03_pieton_contre_facade,3,first_cover_lca_all_ties,2,50,0.9803921568627451,0.9803921568627451,0.0,tie
zoltan_03_pieton_contre_facade,3,qualified_m20,0,54,0.45161290322580644,0.4444444444444444,0.007168458781362007,win
zoltan_03_pieton_contre_facade,3,qualified_m20,1,70,1.0,1.0,0.0,tie
zoltan_03_pieton_contre_facade,3,qualified_m20,2,50,0.9803921568627451,0.9803921568627451,0.0,tie
zoltan_03_pieton_contre_facade,3,qualified_m3,0,54,0.4444444444444444,0.4444444444444444,0.0,tie
zoltan_03_pieton_contre_facade,3,qualified_m3,1,70,1.0,1.0,0.0,tie
zoltan_03_pieton_contre_facade,3,qualified_m3,2,50,0.9803921568627451,0.9803921568627451,0.0,tie
zoltan_03_pieton_contre_facade,3,qualified_m4,0,54,0.4444444444444444,0.4444444444444444,0.0,tie
zoltan_03_pieton_contre_facade,3,qualified_m4,1,70,1.0,1.0,0.0,tie
zoltan_03_pieton_contre_facade,3,qualified_m4,2,50,0.9803921568627451,0.9803921568627451,0.0,tie
zoltan_03_pieton_contre_facade,5,core,0,54,0.4,0.4444444444444444,-0.044444444444444446,loss
zoltan_03_pieton_contre_facade,5,core,1,70,1.0,1.0,0.0,tie
zoltan_03_pieton_contre_facade,5,core,2,50,0.9803921568627451,0.9803921568627451,0.0,tie
zoltan_03_pieton_contre_facade,5,first_cover_canonical,0,54,0.46774193548387094,0.4444444444444444,0.023297491039426525,win
zoltan_03_pieton_contre_facade,5,first_cover_canonical,1,70,1.0,1.0,0.0,tie
zoltan_03_pieton_contre_facade,5,first_cover_canonical,2,50,0.9803921568627451,0.9803921568627451,0.0,tie
zoltan_03_pieton_contre_facade,5,first_cover_lca_all_ties,0,54,0.46774193548387094,0.4444444444444444,0.023297491039426525,win
zoltan_03_pieton_contre_facade,5,first_cover_lca_all_ties,1,70,1.0,1.0,0.0,tie
zoltan_03_pieton_contre_facade,5,first_cover_lca_all_ties,2,50,0.9803921568627451,0.9803921568627451,0.0,tie
zoltan_03_pieton_contre_facade,5,qualified_m20,0,54,0.46296296296296297,0.4444444444444444,0.018518518518518517,win
zoltan_03_pieton_contre_facade,5,qualified_m20,1,70,1.0,1.0,0.0,tie
zoltan_03_pieton_contre_facade,5,qualified_m20,2,50,0.9803921568627451,0.9803921568627451,0.0,tie
zoltan_03_pieton_contre_facade,5,qualified_m3,0,54,0.4444444444444444,0.4444444444444444,0.0,tie
zoltan_03_pieton_contre_facade,5,qualified_m3,1,70,1.0,1.0,0.0,tie
zoltan_03_pieton_contre_facade,5,qualified_m3,2,50,0.9803921568627451,0.9803921568627451,0.0,tie
zoltan_03_pieton_contre_facade,5,qualified_m6,0,54,0.4444444444444444,0.4444444444444444,0.0,tie
zoltan_03_pieton_contre_facade,5,qualified_m6,1,70,1.0,1.0,0.0,tie
zoltan_03_pieton_contre_facade,5,qualified_m6,2,50,0.9803921568627451,0.9803921568627451,0.0,tie
zoltan_04_velos_en_rang_avec_sol,10,core,0,299,0.23411371237458195,0.2319277108433735,0.0021860015312084456,win
zoltan_04_velos_en_rang_avec_sol,10,core,1,218,0.22018348623853212,0.24311926605504589,-0.022935779816513763,loss
zoltan_04_velos_en_rang_avec_sol,10,core,2,223,0.3202979515828678,0.31390134529147984,0.006396606291387963,win
zoltan_04_velos_en_rang_avec_sol,10,first_cover_canonical,0,299,0.35451505016722407,0.2319277108433735,0.12258733932385059,win
zoltan_04_velos_en_rang_avec_sol,10,first_cover_canonical,1,218,0.3393665158371041,0.24311926605504589,0.0962472497820582,win
zoltan_04_velos_en_rang_avec_sol,10,first_cover_canonical,2,223,0.38333333333333336,0.31390134529147984,0.0694319880418535,win
zoltan_04_velos_en_rang_avec_sol,10,first_cover_lca_all_ties,0,299,0.35451505016722407,0.2319277108433735,0.12258733932385059,win
zoltan_04_velos_en_rang_avec_sol,10,first_cover_lca_all_ties,1,218,0.3393665158371041,0.24311926605504589,0.0962472497820582,win
zoltan_04_velos_en_rang_avec_sol,10,first_cover_lca_all_ties,2,223,0.38333333333333336,0.31390134529147984,0.0694319880418535,win
zoltan_04_velos_en_rang_avec_sol,10,qualified_m11,0,299,0.2809364548494983,0.2319277108433735,0.04900874400612484,win
zoltan_04_velos_en_rang_avec_sol,10,qualified_m11,1,218,0.39285714285714285,0.24311926605504589,0.149737876802097,win
zoltan_04_velos_en_rang_avec_sol,10,qualified_m11,2,223,0.34375,0.31390134529147984,0.02984865470852018,win
zoltan_04_velos_en_rang_avec_sol,10,qualified_m20,0,299,0.3194444444444444,0.2319277108433735,0.08751673360107096,win
zoltan_04_velos_en_rang_avec_sol,10,qualified_m20,1,218,0.3073394495412844,0.24311926605504589,0.06422018348623854,win
zoltan_04_velos_en_rang_avec_sol,10,qualified_m20,2,223,0.34375,0.31390134529147984,0.02984865470852018,win
zoltan_04_velos_en_rang_avec_sol,10,qualified_m3,0,299,0.2842809364548495,0.2319277108433735,0.052353225611476005,win
zoltan_04_velos_en_rang_avec_sol,10,qualified_m3,1,218,0.3901345291479821,0.24311926605504589,0.1470152630929362,win
zoltan_04_velos_en_rang_avec_sol,10,qualified_m3,2,223,0.35714285714285715,0.31390134529147984,0.04324151185137732,win
zoltan_04_velos_en_rang_avec_sol,2,core,0,299,0.39762611275964393,0.3,0.09762611275964392,win
zoltan_04_velos_en_rang_avec_sol,2,core,1,218,0.23371647509578544,0.3073394495412844,-0.07362297444549896,loss
zoltan_04_velos_en_rang_avec_sol,2,core,2,223,0.3605150214592275,0.36123348017621143,-0.0007184587169839859,loss
zoltan_04_velos_en_rang_avec_sol,2,first_cover_canonical,0,299,0.45132743362831856,0.3,0.15132743362831858,win
zoltan_04_velos_en_rang_avec_sol,2,first_cover_canonical,1,218,0.2623574144486692,0.3073394495412844,-0.044982035092615204,loss
zoltan_04_velos_en_rang_avec_sol,2,first_cover_canonical,2,223,0.3817427385892116,0.36123348017621143,0.020509258413000164,win
zoltan_04_velos_en_rang_avec_sol,2,first_cover_lca_all_ties,0,299,0.45132743362831856,0.3,0.15132743362831858,win
zoltan_04_velos_en_rang_avec_sol,2,first_cover_lca_all_ties,1,218,0.2623574144486692,0.3073394495412844,-0.044982035092615204,loss
zoltan_04_velos_en_rang_avec_sol,2,first_cover_lca_all_ties,2,223,0.3817427385892116,0.36123348017621143,0.020509258413000164,win
zoltan_04_velos_en_rang_avec_sol,2,qualified_m20,0,299,0.2508361204013378,0.3,-0.04916387959866221,loss
zoltan_04_velos_en_rang_avec_sol,2,qualified_m20,1,218,0.22018348623853212,0.3073394495412844,-0.0871559633027523,loss
zoltan_04_velos_en_rang_avec_sol,2,qualified_m20,2,223,0.35267857142857145,0.36123348017621143,-0.008554908747640024,loss
zoltan_04_velos_en_rang_avec_sol,2,qualified_m3,0,299,0.2861356932153392,0.3,-0.013864306784660767,loss
zoltan_04_velos_en_rang_avec_sol,2,qualified_m3,1,218,0.26146788990825687,0.3073394495412844,-0.045871559633027525,loss
zoltan_04_velos_en_rang_avec_sol,2,qualified_m3,2,223,0.3508771929824561,0.36123348017621143,-0.010356287193755313,loss
zoltan_04_velos_en_rang_avec_sol,3,core,0,299,0.2608695652173913,0.29,-0.029130434782608697,loss
zoltan_04_velos_en_rang_avec_sol,3,core,1,218,0.28699551569506726,0.2981651376146789,-0.011169621919611634,loss
zoltan_04_velos_en_rang_avec_sol,3,core,2,223,0.495114006514658,0.34801762114537443,0.14709638536928354,win
zoltan_04_velos_en_rang_avec_sol,3,first_cover_canonical,0,299,0.30434782608695654,0.29,0.014347826086956521,win
zoltan_04_velos_en_rang_avec_sol,3,first_cover_canonical,1,218,0.3274336283185841,0.2981651376146789,0.02926849070390517,win
zoltan_04_velos_en_rang_avec_sol,3,first_cover_canonical,2,223,0.5650793650793651,0.34801762114537443,0.21706174393399064,win
zoltan_04_velos_en_rang_avec_sol,3,first_cover_lca_all_ties,0,299,0.30434782608695654,0.29,0.014347826086956521,win
zoltan_04_velos_en_rang_avec_sol,3,first_cover_lca_all_ties,1,218,0.3274336283185841,0.2981651376146789,0.02926849070390517,win
zoltan_04_velos_en_rang_avec_sol,3,first_cover_lca_all_ties,2,223,0.5650793650793651,0.34801762114537443,0.21706174393399064,win
zoltan_04_velos_en_rang_avec_sol,3,qualified_m20,0,299,0.25752508361204013,0.29,-0.032474916387959865,loss
zoltan_04_velos_en_rang_avec_sol,3,qualified_m20,1,218,0.22935779816513763,0.2981651376146789,-0.06880733944954129,loss
zoltan_04_velos_en_rang_avec_sol,3,qualified_m20,2,223,0.34375,0.34801762114537443,-0.0042676211453744495,loss
zoltan_04_velos_en_rang_avec_sol,3,qualified_m3,0,299,0.2861356932153392,0.29,-0.003864306784660767,loss
zoltan_04_velos_en_rang_avec_sol,3,qualified_m3,1,218,0.26146788990825687,0.2981651376146789,-0.03669724770642202,loss
zoltan_04_velos_en_rang_avec_sol,3,qualified_m3,2,223,0.3508771929824561,0.34801762114537443,0.002859571837081691,win
zoltan_04_velos_en_rang_avec_sol,3,qualified_m4,0,299,0.2873051224944321,0.29,-0.0026948775055679287,loss
zoltan_04_velos_en_rang_avec_sol,3,qualified_m4,1,218,0.23394495412844038,0.2981651376146789,-0.06422018348623854,loss
zoltan_04_velos_en_rang_avec_sol,3,qualified_m4,2,223,0.34210526315789475,0.34801762114537443,-0.005912357987479713,loss
zoltan_04_velos_en_rang_avec_sol,5,core,0,299,0.24749163879598662,0.22073578595317725,0.026755852842809364,win
zoltan_04_velos_en_rang_avec_sol,5,core,1,218,0.2579185520361991,0.29411764705882354,-0.03619909502262444,loss
zoltan_04_velos_en_rang_avec_sol,5,core,2,223,0.3502673796791444,0.33482142857142855,0.015445951107715813,win
zoltan_04_velos_en_rang_avec_sol,5,first_cover_canonical,0,299,0.31438127090301005,0.22073578595317725,0.09364548494983277,win
zoltan_04_velos_en_rang_avec_sol,5,first_cover_canonical,1,218,0.32158590308370044,0.29411764705882354,0.02746825602487691,win
zoltan_04_velos_en_rang_avec_sol,5,first_cover_canonical,2,223,0.4583333333333333,0.33482142857142855,0.12351190476190477,win
zoltan_04_velos_en_rang_avec_sol,5,first_cover_lca_all_ties,0,299,0.31438127090301005,0.22073578595317725,0.09364548494983277,win
zoltan_04_velos_en_rang_avec_sol,5,first_cover_lca_all_ties,1,218,0.32158590308370044,0.29411764705882354,0.02746825602487691,win
zoltan_04_velos_en_rang_avec_sol,5,first_cover_lca_all_ties,2,223,0.4583333333333333,0.33482142857142855,0.12351190476190477,win
zoltan_04_velos_en_rang_avec_sol,5,qualified_m20,0,299,0.26755852842809363,0.22073578595317725,0.046822742474916385,win
zoltan_04_velos_en_rang_avec_sol,5,qualified_m20,1,218,0.29357798165137616,0.29411764705882354,-0.0005396654074473826,loss
zoltan_04_velos_en_rang_avec_sol,5,qualified_m20,2,223,0.34375,0.33482142857142855,0.008928571428571428,win
zoltan_04_velos_en_rang_avec_sol,5,qualified_m3,0,299,0.25418060200668896,0.22073578595317725,0.033444816053511704,win
zoltan_04_velos_en_rang_avec_sol,5,qualified_m3,1,218,0.22018348623853212,0.29411764705882354,-0.07393416082029142,loss
zoltan_04_velos_en_rang_avec_sol,5,qualified_m3,2,223,0.44274809160305345,0.33482142857142855,0.10792666303162486,win
zoltan_04_velos_en_rang_avec_sol,5,qualified_m6,0,299,0.25418060200668896,0.22073578595317725,0.033444816053511704,win
zoltan_04_velos_en_rang_avec_sol,5,qualified_m6,1,218,0.31981981981981983,0.29411764705882354,0.02570217276099629,win
zoltan_04_velos_en_rang_avec_sol,5,qualified_m6,2,223,0.5045317220543807,0.33482142857142855,0.1697102934829521,win
zoltan_05_temoin_voitures_en_file,10,core,0,1419,0.8439975624619135,0.8300852618757613,0.0139123005861522,win
zoltan_05_temoin_voitures_en_file,10,core,1,1199,0.9826446280991735,0.9834710743801653,-0.0008264462809917355,loss
zoltan_05_temoin_voitures_en_file,10,core,2,896,0.9944196428571429,0.9944196428571429,0.0,tie
zoltan_05_temoin_voitures_en_file,10,first_cover_canonical,0,1419,0.8507552870090634,0.8300852618757613,0.020670025133302176,win
zoltan_05_temoin_voitures_en_file,10,first_cover_canonical,1,1199,0.9834710743801653,0.9834710743801653,0.0,tie
zoltan_05_temoin_voitures_en_file,10,first_cover_canonical,2,896,0.9966517857142857,0.9944196428571429,0.002232142857142857,win
zoltan_05_temoin_voitures_en_file,10,first_cover_lca_all_ties,0,1419,0.8507552870090634,0.8300852618757613,0.020670025133302176,win
zoltan_05_temoin_voitures_en_file,10,first_cover_lca_all_ties,1,1199,0.9834710743801653,0.9834710743801653,0.0,tie
zoltan_05_temoin_voitures_en_file,10,first_cover_lca_all_ties,2,896,0.9966517857142857,0.9944196428571429,0.002232142857142857,win
zoltan_05_temoin_voitures_en_file,10,qualified_m11,0,1419,0.8990318118948825,0.8300852618757613,0.06894655001912117,win
zoltan_05_temoin_voitures_en_file,10,qualified_m11,1,1199,0.9834710743801653,0.9834710743801653,0.0,tie
zoltan_05_temoin_voitures_en_file,10,qualified_m11,2,896,0.9955357142857143,0.9944196428571429,0.0011160714285714285,win
zoltan_05_temoin_voitures_en_file,10,qualified_m20,0,1419,0.8990318118948825,0.8300852618757613,0.06894655001912117,win
zoltan_05_temoin_voitures_en_file,10,qualified_m20,1,1199,0.9834710743801653,0.9834710743801653,0.0,tie
zoltan_05_temoin_voitures_en_file,10,qualified_m20,2,896,0.9955357142857143,0.9944196428571429,0.0011160714285714285,win
zoltan_05_temoin_voitures_en_file,10,qualified_m3,0,1419,0.8990318118948825,0.8300852618757613,0.06894655001912117,win
zoltan_05_temoin_voitures_en_file,10,qualified_m3,1,1199,0.9834710743801653,0.9834710743801653,0.0,tie
zoltan_05_temoin_voitures_en_file,10,qualified_m3,2,896,0.9966517857142857,0.9944196428571429,0.002232142857142857,win
zoltan_05_temoin_voitures_en_file,2,core,0,1419,0.8594073053066851,0.8735314443676572,-0.014124139060972178,loss
zoltan_05_temoin_voitures_en_file,2,core,1,1199,0.9834710743801653,0.9834710743801653,0.0,tie
zoltan_05_temoin_voitures_en_file,2,core,2,896,1.0,0.9944196428571429,0.005580357142857143,win
zoltan_05_temoin_voitures_en_file,2,first_cover_canonical,0,1419,0.8636363636363636,0.8735314443676572,-0.009895080731293585,loss
zoltan_05_temoin_voitures_en_file,2,first_cover_canonical,1,1199,0.9834710743801653,0.9834710743801653,0.0,tie
zoltan_05_temoin_voitures_en_file,2,first_cover_canonical,2,896,1.0,0.9944196428571429,0.005580357142857143,win
zoltan_05_temoin_voitures_en_file,2,first_cover_lca_all_ties,0,1419,0.8636363636363636,0.8735314443676572,-0.009895080731293585,loss
zoltan_05_temoin_voitures_en_file,2,first_cover_lca_all_ties,1,1199,0.9834710743801653,0.9834710743801653,0.0,tie
zoltan_05_temoin_voitures_en_file,2,first_cover_lca_all_ties,2,896,1.0,0.9944196428571429,0.005580357142857143,win
zoltan_05_temoin_voitures_en_file,2,qualified_m20,0,1419,0.8650137741046832,0.8735314443676572,-0.008517670262974026,loss
zoltan_05_temoin_voitures_en_file,2,qualified_m20,1,1199,0.9834710743801653,0.9834710743801653,0.0,tie
zoltan_05_temoin_voitures_en_file,2,qualified_m20,2,896,0.9944196428571429,0.9944196428571429,0.0,tie
zoltan_05_temoin_voitures_en_file,2,qualified_m3,0,1419,0.8725895316804407,0.8735314443676572,-0.0009419126872164505,loss
zoltan_05_temoin_voitures_en_file,2,qualified_m3,1,1199,0.9834710743801653,0.9834710743801653,0.0,tie
zoltan_05_temoin_voitures_en_file,2,qualified_m3,2,896,0.9944196428571429,0.9944196428571429,0.0,tie
zoltan_05_temoin_voitures_en_file,3,core,0,1419,0.8941908713692946,0.8721492743607464,0.022041597008548235,win
zoltan_05_temoin_voitures_en_file,3,core,1,1199,0.9834710743801653,0.9834710743801653,0.0,tie
zoltan_05_temoin_voitures_en_file,3,core,2,896,0.9944196428571429,0.9944196428571429,0.0,tie
zoltan_05_temoin_voitures_en_file,3,first_cover_canonical,0,1419,0.8997233748271093,0.8721492743607464,0.027574100466362893,win
zoltan_05_temoin_voitures_en_file,3,first_cover_canonical,1,1199,0.9834710743801653,0.9834710743801653,0.0,tie
zoltan_05_temoin_voitures_en_file,3,first_cover_canonical,2,896,0.9944196428571429,0.9944196428571429,0.0,tie
zoltan_05_temoin_voitures_en_file,3,first_cover_lca_all_ties,0,1419,0.8997233748271093,0.8721492743607464,0.027574100466362893,win
zoltan_05_temoin_voitures_en_file,3,first_cover_lca_all_ties,1,1199,0.9834710743801653,0.9834710743801653,0.0,tie
zoltan_05_temoin_voitures_en_file,3,first_cover_lca_all_ties,2,896,0.9944196428571429,0.9944196428571429,0.0,tie
zoltan_05_temoin_voitures_en_file,3,qualified_m20,0,1419,0.8594073053066851,0.8721492743607464,-0.012741969054061327,loss
zoltan_05_temoin_voitures_en_file,3,qualified_m20,1,1199,0.984297520661157,0.9834710743801653,0.0008264462809917355,win
zoltan_05_temoin_voitures_en_file,3,qualified_m20,2,896,0.9966517857142857,0.9944196428571429,0.002232142857142857,win
zoltan_05_temoin_voitures_en_file,3,qualified_m3,0,1419,0.8725895316804407,0.8721492743607464,0.00044025731969439953,win
zoltan_05_temoin_voitures_en_file,3,qualified_m3,1,1199,0.9834710743801653,0.9834710743801653,0.0,tie
zoltan_05_temoin_voitures_en_file,3,qualified_m3,2,896,0.9944196428571429,0.9944196428571429,0.0,tie
zoltan_05_temoin_voitures_en_file,3,qualified_m4,0,1419,0.8990318118948825,0.8721492743607464,0.026882537534136063,win
zoltan_05_temoin_voitures_en_file,3,qualified_m4,1,1199,0.990909090909091,0.9834710743801653,0.00743801652892562,win
zoltan_05_temoin_voitures_en_file,3,qualified_m4,2,896,1.0,0.9944196428571429,0.005580357142857143,win
zoltan_05_temoin_voitures_en_file,5,core,0,1419,0.8891198891198892,0.8643598615916955,0.024760027528193618,win
zoltan_05_temoin_voitures_en_file,5,core,1,1199,0.9834710743801653,0.9834710743801653,0.0,tie
zoltan_05_temoin_voitures_en_file,5,core,2,896,0.9944196428571429,0.9944196428571429,0.0,tie
zoltan_05_temoin_voitures_en_file,5,first_cover_canonical,0,1419,0.901106500691563,0.8643598615916955,0.03674663909986743,win
zoltan_05_temoin_voitures_en_file,5,first_cover_canonical,1,1199,0.9834710743801653,0.9834710743801653,0.0,tie
zoltan_05_temoin_voitures_en_file,5,first_cover_canonical,2,896,0.9944196428571429,0.9944196428571429,0.0,tie
zoltan_05_temoin_voitures_en_file,5,first_cover_lca_all_ties,0,1419,0.901106500691563,0.8643598615916955,0.03674663909986743,win
zoltan_05_temoin_voitures_en_file,5,first_cover_lca_all_ties,1,1199,0.9834710743801653,0.9834710743801653,0.0,tie
zoltan_05_temoin_voitures_en_file,5,first_cover_lca_all_ties,2,896,0.9944196428571429,0.9944196428571429,0.0,tie
zoltan_05_temoin_voitures_en_file,5,qualified_m20,0,1419,0.8303324099722992,0.8643598615916955,-0.03402745161939633,loss
zoltan_05_temoin_voitures_en_file,5,qualified_m20,1,1199,0.9834710743801653,0.9834710743801653,0.0,tie
zoltan_05_temoin_voitures_en_file,5,qualified_m20,2,896,0.9966517857142857,0.9944196428571429,0.002232142857142857,win
zoltan_05_temoin_voitures_en_file,5,qualified_m3,0,1419,0.8976486860304288,0.8643598615916955,0.03328882443873327,win
zoltan_05_temoin_voitures_en_file,5,qualified_m3,1,1199,0.9834710743801653,0.9834710743801653,0.0,tie
zoltan_05_temoin_voitures_en_file,5,qualified_m3,2,896,1.0,0.9944196428571429,0.005580357142857143,win
zoltan_05_temoin_voitures_en_file,5,qualified_m6,0,1419,0.899584487534626,0.8643598615916955,0.035224625942930535,win
zoltan_05_temoin_voitures_en_file,5,qualified_m6,1,1199,0.9834710743801653,0.9834710743801653,0.0,tie
zoltan_05_temoin_voitures_en_file,5,qualified_m6,2,896,0.9966517857142857,0.9944196428571429,0.002232142857142857,win
