case,regime,communities,separation,seed,n,k,min_cluster_size,exp_z,method,ari_all,ari_true_inliers,ari_inliers_noise_singletons,ari_classified,nmi_all,coverage,clusters,noise_count,truth_classes,predicted_clusters,cluster_count_error,cluster_count_absolute_error,exact_classes,exact_class_fraction,matched_correct_points,matched_macro_precision,matched_macro_recall,matched_macro_f1,matched_micro_precision,matched_micro_recall,matched_micro_f1,eligible_classes,classes_below_min_cluster_size,threshold_unit,inherited_comparator,near_threshold_nodes,vote_ties,naive_gabriel_components,final_point_clusters_below_mass_threshold,final_point_sizes_json,model_ms,naive_mass_and_graph_ms,full_attachment_tree_ms,selection_ms,vote_ms,unit_origin
anisotropic_g8_d4_s1,anisotropic,8,4,2026092711,1200,5,20,1,hdbscan_common,0.0664081349078098,0.0664081349078098,0.07076461886957067,0.07816514776500387,0.2058770282831095,0.7891666666666667,2,253,8,2,-6,6,0,0.0,246,0.1409612256496688,0.20500000000000002,0.14251862326614204,0.25976768743400214,0.205,0.22915696320447135,8,0,points,True,,,,,,,,,,,new_parallel_worker
anisotropic_g8_d4_s1,anisotropic,8,4,2026092711,1200,5,20,1,hdbscan_standard,0.06580226837529828,0.06580226837529828,0.07005501563363453,0.07732073349204294,0.20276748515794393,0.79,2,252,8,2,-6,6,0,0.0,246,0.1409381850923896,0.20500000000000002,0.1424856487657189,0.25949367088607594,0.205,0.22905027932960895,8,0,points,True,,,,,,,,,,,new_parallel_worker
anisotropic_g8_d4_s1,anisotropic,8,4,2026092711,1200,5,20,1,hgp_first_coverage,0.3184106476443863,0.3184106476443863,0.3223796273221683,0.3406051955719984,0.5303237236452848,0.9141666666666667,3,103,8,3,-5,5,0,0.0,423,0.19655468377518343,0.3525,0.23220815742351475,0.3855970829535096,0.3525,0.36830648672181104,8,0,points,True,,,,,,,,,,,new_parallel_worker
anisotropic_g8_d4_s1,anisotropic,8,4,2026092711,1200,5,20,1,hgp_weighted_full_vote,0.31962438014568406,0.31962438014568406,0.3224384768638419,0.3375380414175357,0.5354132272424718,0.9275,3,87,8,3,-5,5,0,0.0,425,0.19630864876062654,0.35416666666666663,0.23218499765276018,0.38185085354896675,0.3541666666666667,0.3674881106787722,,,facet_mass_before_point_vote,False,0,0,59,0,"[143,428,542]",4217.14295700076,1604.7279349986638,2612.4150220020965,1083.1970420003927,96.58911200313014,new_parallel_worker
anisotropic_g8_d4_s1,anisotropic,8,4,2026092711,1200,5,20,2,hdbscan_common,0.19976656553587532,0.19976656553587532,0.3456949142920636,0.6729225875944262,0.4906493891525405,0.5783333333333334,8,506,8,8,0,0,0,0.0,461,0.6378651900761589,0.38416666666666666,0.44914626465618124,0.6642651296829971,0.38416666666666666,0.48680042238648363,8,0,points,True,,,,,,,,,,,new_parallel_worker
anisotropic_g8_d4_s1,anisotropic,8,4,2026092711,1200,5,20,2,hgp_first_coverage,0.3706590958453668,0.3706590958453668,0.40064288068281706,0.48441859041124313,0.5860581410870582,0.8025,10,237,8,10,2,2,0,0.0,536,0.6475582118327148,0.44666666666666666,0.46811521425862024,0.5565939771547248,0.44666666666666666,0.49560795191863155,8,0,points,True,,,,,,,,,,,new_parallel_worker
anisotropic_g8_d4_s1,anisotropic,8,4,2026092711,1200,5,20,2,hgp_weighted_full_vote,0.31962438014568406,0.31962438014568406,0.3224384768638419,0.3375380414175357,0.5354132272424718,0.9275,3,87,8,3,-5,5,0,0.0,425,0.19630864876062654,0.35416666666666663,0.23218499765276018,0.38185085354896675,0.3541666666666667,0.3674881106787722,,,facet_mass_before_point_vote,False,0,0,59,0,"[143,428,542]",4044.416229997296,1289.5350529979623,2754.8811769993335,1544.0753770017182,105.94522600149503,new_parallel_worker
anisotropic_g8_d4_s1,anisotropic,8,4,2026092711,1200,5,50,1,hdbscan_common,0.0664081349078098,0.0664081349078098,0.07076461886957067,0.07816514776500387,0.2058770282831095,0.7891666666666667,2,253,8,2,-6,6,0,0.0,246,0.1409612256496688,0.20500000000000002,0.14251862326614204,0.25976768743400214,0.205,0.22915696320447135,8,0,points,True,,,,,,,,,,,new_parallel_worker
anisotropic_g8_d4_s1,anisotropic,8,4,2026092711,1200,5,50,1,hdbscan_standard,0.06580226837529828,0.06580226837529828,0.07005501563363453,0.07732073349204294,0.20276748515794393,0.79,2,252,8,2,-6,6,0,0.0,246,0.1409381850923896,0.20500000000000002,0.1424856487657189,0.25949367088607594,0.205,0.22905027932960895,8,0,points,True,,,,,,,,,,,new_parallel_worker
anisotropic_g8_d4_s1,anisotropic,8,4,2026092711,1200,5,50,1,hgp_first_coverage,0.3184106476443863,0.3184106476443863,0.3223796273221683,0.3406051955719984,0.5303237236452848,0.9141666666666667,3,103,8,3,-5,5,0,0.0,423,0.19655468377518343,0.3525,0.23220815742351475,0.3855970829535096,0.3525,0.36830648672181104,8,0,points,True,,,,,,,,,,,new_parallel_worker
anisotropic_g8_d4_s1,anisotropic,8,4,2026092711,1200,5,50,1,hgp_weighted_full_vote,0.31962438014568406,0.31962438014568406,0.3224384768638419,0.3375380414175357,0.5354132272424718,0.9275,3,87,8,3,-5,5,0,0.0,425,0.19630864876062654,0.35416666666666663,0.23218499765276018,0.38185085354896675,0.3541666666666667,0.3674881106787722,,,facet_mass_before_point_vote,False,0,0,59,0,"[143,428,542]",4217.14295700076,1604.7279349986638,2612.4150220020965,1526.1379520015907,105.66218900203239,new_parallel_worker
anisotropic_g8_d4_s1,anisotropic,8,4,2026092711,1200,5,50,2,hdbscan_common,0.0664081349078098,0.0664081349078098,0.07076461886957067,0.07816514776500387,0.2058770282831095,0.7891666666666667,2,253,8,2,-6,6,0,0.0,246,0.1409612256496688,0.20500000000000002,0.14251862326614204,0.25976768743400214,0.205,0.22915696320447135,8,0,points,True,,,,,,,,,,,new_parallel_worker
anisotropic_g8_d4_s1,anisotropic,8,4,2026092711,1200,5,50,2,hgp_first_coverage,0.3184106476443863,0.3184106476443863,0.3223796273221683,0.3406051955719984,0.5303237236452848,0.9141666666666667,3,103,8,3,-5,5,0,0.0,423,0.19655468377518343,0.3525,0.23220815742351475,0.3855970829535096,0.3525,0.36830648672181104,8,0,points,True,,,,,,,,,,,new_parallel_worker
anisotropic_g8_d4_s1,anisotropic,8,4,2026092711,1200,5,50,2,hgp_weighted_full_vote,0.31962438014568406,0.31962438014568406,0.3224384768638419,0.3375380414175357,0.5354132272424718,0.9275,3,87,8,3,-5,5,0,0.0,425,0.19630864876062654,0.35416666666666663,0.23218499765276018,0.38185085354896675,0.3541666666666667,0.3674881106787722,,,facet_mass_before_point_vote,False,0,0,59,0,"[143,428,542]",4044.416229997296,1289.5350529979623,2754.8811769993335,1233.7498410015542,143.14271100010956,new_parallel_worker
anisotropic_g8_d4_s1,anisotropic,8,4,2026092711,1200,10,20,1,hdbscan_common,0.2053391633713272,0.2053391633713272,0.2610817630615169,0.34544529622668246,0.3949751696064856,0.6891666666666667,3,373,8,3,-5,5,0,0.0,326,0.20078949764972084,0.27166666666666667,0.21183780218373466,0.3941958887545345,0.27166666666666667,0.321657622101628,8,0,points,True,,,,,,,,,,,new_parallel_worker
anisotropic_g8_d4_s1,anisotropic,8,4,2026092711,1200,10,20,1,hdbscan_standard,0.20516934369246997,0.20516934369246997,0.2601353773388684,0.34350091692618195,0.39174496767116834,0.6908333333333333,3,371,8,3,-5,5,0,0.0,326,0.19951966319343545,0.27166666666666667,0.21130975969685648,0.39324487334137515,0.27166666666666667,0.32134056185312965,8,0,points,True,,,,,,,,,,,new_parallel_worker
anisotropic_g8_d4_s1,anisotropic,8,4,2026092711,1200,10,20,1,hgp_first_coverage,0.5093539087088712,0.5093539087088712,0.5553003094170974,0.6802602607779846,0.6505078184442586,0.8391666666666666,9,193,8,9,1,1,0,0.0,725,0.7749120748943095,0.6041666666666666,0.6544791302687695,0.7199602780536246,0.6041666666666666,0.6570004531037608,8,0,points,True,,,,,,,,,,,new_parallel_worker
anisotropic_g8_d4_s1,anisotropic,8,4,2026092711,1200,10,20,1,hgp_weighted_full_vote,0.32105712321362245,0.32105712321362245,0.32330811263518416,0.33594360323234523,0.5401318029321358,0.9391666666666667,3,73,8,3,-5,5,0,0.0,425,0.19303304164006113,0.35416666666666663,0.23034253008301453,0.37710736468500444,0.3541666666666667,0.365277180919639,,,facet_mass_before_point_vote,False,0,0,308,0,"[147,428,552]",19304.0811259998,6041.756675000215,13262.324450999586,5303.602799001965,684.2752390002715,new_parallel_worker
anisotropic_g8_d4_s1,anisotropic,8,4,2026092711,1200,10,20,2,hdbscan_common,0.2053391633713272,0.2053391633713272,0.2610817630615169,0.34544529622668246,0.3949751696064856,0.6891666666666667,3,373,8,3,-5,5,0,0.0,326,0.20078949764972084,0.27166666666666667,0.21183780218373466,0.3941958887545345,0.27166666666666667,0.321657622101628,8,0,points,True,,,,,,,,,,,new_parallel_worker
anisotropic_g8_d4_s1,anisotropic,8,4,2026092711,1200,10,20,2,hgp_first_coverage,0.4801049064751519,0.4801049064751519,0.5304748926369518,0.6620026043838723,0.6384473906164969,0.8283333333333334,10,206,8,10,2,2,0,0.0,689,0.7801257501079847,0.5741666666666667,0.6335303162862477,0.693158953722334,0.5741666666666667,0.6280765724703737,8,0,points,True,,,,,,,,,,,new_parallel_worker
anisotropic_g8_d4_s1,anisotropic,8,4,2026092711,1200,10,20,2,hgp_weighted_full_vote,0.32105712321362245,0.32105712321362245,0.32330811263518416,0.33594360323234523,0.5401318029321358,0.9391666666666667,3,73,8,3,-5,5,0,0.0,425,0.19303304164006113,0.35416666666666663,0.23034253008301453,0.37710736468500444,0.3541666666666667,0.365277180919639,,,facet_mass_before_point_vote,False,0,0,308,0,"[147,428,552]",20466.837051000766,8346.456586001295,12120.38046499947,5534.813417998521,715.8750480011804,new_parallel_worker
anisotropic_g8_d4_s1,anisotropic,8,4,2026092711,1200,10,50,1,hdbscan_common,0.2053391633713272,0.2053391633713272,0.2610817630615169,0.34544529622668246,0.3949751696064856,0.6891666666666667,3,373,8,3,-5,5,0,0.0,326,0.20078949764972084,0.27166666666666667,0.21183780218373466,0.3941958887545345,0.27166666666666667,0.321657622101628,8,0,points,True,,,,,,,,,,,new_parallel_worker
anisotropic_g8_d4_s1,anisotropic,8,4,2026092711,1200,10,50,1,hdbscan_standard,0.20516934369246997,0.20516934369246997,0.2601353773388684,0.34350091692618195,0.39174496767116834,0.6908333333333333,3,371,8,3,-5,5,0,0.0,326,0.19951966319343545,0.27166666666666667,0.21130975969685648,0.39324487334137515,0.27166666666666667,0.32134056185312965,8,0,points,True,,,,,,,,,,,new_parallel_worker
anisotropic_g8_d4_s1,anisotropic,8,4,2026092711,1200,10,50,1,hgp_first_coverage,0.457457371750891,0.457457371750891,0.4686065669597132,0.5122793733026415,0.6222235415467612,0.8975,5,123,8,5,-3,3,0,0.0,627,0.4393297480386039,0.5225,0.4546403423127561,0.5821727019498607,0.5225,0.5507246376811594,8,0,points,True,,,,,,,,,,,new_parallel_worker
anisotropic_g8_d4_s1,anisotropic,8,4,2026092711,1200,10,50,1,hgp_weighted_full_vote,0.32105712321362245,0.32105712321362245,0.32330811263518416,0.33594360323234523,0.5401318029321358,0.9391666666666667,3,73,8,3,-5,5,0,0.0,425,0.19303304164006113,0.35416666666666663,0.23034253008301453,0.37710736468500444,0.3541666666666667,0.365277180919639,,,facet_mass_before_point_vote,False,0,0,308,0,"[147,428,552]",19304.0811259998,6041.756675000215,13262.324450999586,5421.9715319995885,700.3616119982325,new_parallel_worker
anisotropic_g8_d4_s1,anisotropic,8,4,2026092711,1200,10,50,2,hdbscan_common,0.2053391633713272,0.2053391633713272,0.2610817630615169,0.34544529622668246,0.3949751696064856,0.6891666666666667,3,373,8,3,-5,5,0,0.0,326,0.20078949764972084,0.27166666666666667,0.21183780218373466,0.3941958887545345,0.27166666666666667,0.321657622101628,8,0,points,True,,,,,,,,,,,new_parallel_worker
anisotropic_g8_d4_s1,anisotropic,8,4,2026092711,1200,10,50,2,hgp_first_coverage,0.5314990898708061,0.5314990898708061,0.5755956767270647,0.6964781436739221,0.6580625835427317,0.8441666666666666,8,187,8,8,0,0,0,0.0,761,0.7271279626570722,0.6341666666666667,0.6616101660943147,0.7512339585389931,0.6341666666666667,0.6877541798463624,8,0,points,True,,,,,,,,,,,new_parallel_worker
anisotropic_g8_d4_s1,anisotropic,8,4,2026092711,1200,10,50,2,hgp_weighted_full_vote,0.32105712321362245,0.32105712321362245,0.32330811263518416,0.33594360323234523,0.5401318029321358,0.9391666666666667,3,73,8,3,-5,5,0,0.0,425,0.19303304164006113,0.35416666666666663,0.23034253008301453,0.37710736468500444,0.3541666666666667,0.365277180919639,,,facet_mass_before_point_vote,False,0,0,308,0,"[147,428,552]",20466.837051000766,8346.456586001295,12120.38046499947,7547.771432000445,725.025027000811,new_parallel_worker
anisotropic_g8_d4_s2,anisotropic,8,4,2026092712,1200,5,20,1,hdbscan_common,0.30488594731308644,0.30488594731308644,0.5009575513414938,0.9511744485048761,0.6117831524714153,0.6158333333333333,8,461,8,8,0,0,0,0.0,722,0.9769251983915164,0.6016666666666667,0.7395261282279855,0.9769959404600812,0.6016666666666667,0.7447137699845281,8,0,points,True,,,,,,,,,,,new_parallel_worker
anisotropic_g8_d4_s2,anisotropic,8,4,2026092712,1200,5,20,1,hdbscan_standard,0.06629223986977552,0.06629223986977552,0.06783467233118601,0.07186687902923568,0.2234083639893169,0.8566666666666667,2,172,8,2,-6,6,0,0.0,261,0.1441777041942605,0.2175,0.14503954991087345,0.2538910505836576,0.2175,0.23429084380610413,8,0,points,True,,,,,,,,,,,new_parallel_worker
anisotropic_g8_d4_s2,anisotropic,8,4,2026092712,1200,5,20,1,hgp_first_coverage,0.07556681952903845,0.07556681952903845,0.07556809657454781,0.07591810893830438,0.29436814652467885,0.9866666666666667,2,16,8,2,-6,6,0,0.0,298,0.1430984555984556,0.24833333333333335,0.1557799608406804,0.2516891891891892,0.24833333333333332,0.25,8,0,points,True,,,,,,,,,,,new_parallel_worker
anisotropic_g8_d4_s2,anisotropic,8,4,2026092712,1200,5,20,1,hgp_weighted_full_vote,0.07444267644236022,0.07444267644236022,0.0744437495000069,0.07478793390171641,0.2902217152354299,0.9866666666666667,2,16,8,2,-6,6,0,0.0,297,0.14308100289296047,0.2475,0.15532962310552875,0.25084459459459457,0.2475,0.24916107382550334,,,facet_mass_before_point_vote,False,0,0,46,0,"[147,1037]",3970.2181600005133,1502.696104998904,2467.5220550016093,1006.0296439987724,104.75812300137477,new_parallel_worker
anisotropic_g8_d4_s2,anisotropic,8,4,2026092712,1200,5,20,2,hdbscan_common,0.30488594731308644,0.30488594731308644,0.5009575513414938,0.9511744485048761,0.6117831524714153,0.6158333333333333,8,461,8,8,0,0,0,0.0,722,0.9769251983915164,0.6016666666666667,0.7395261282279855,0.9769959404600812,0.6016666666666667,0.7447137699845281,8,0,points,True,,,,,,,,,,,new_parallel_worker
anisotropic_g8_d4_s2,anisotropic,8,4,2026092712,1200,5,20,2,hgp_first_coverage,0.5803618923390602,0.5803618923390602,0.6642246179504954,0.8761177670674442,0.7229493876385255,0.8033333333333333,10,236,8,10,2,2,0,0.0,850,0.9760680809639569,0.7083333333333334,0.8089880716331668,0.8817427385892116,0.7083333333333334,0.7855822550831792,8,0,points,True,,,,,,,,,,,new_parallel_worker
anisotropic_g8_d4_s2,anisotropic,8,4,2026092712,1200,5,20,2,hgp_weighted_full_vote,0.07444267644236022,0.07444267644236022,0.0744437495000069,0.07478793390171641,0.2902217152354299,0.9866666666666667,2,16,8,2,-6,6,0,0.0,297,0.14308100289296047,0.2475,0.15532962310552875,0.25084459459459457,0.2475,0.24916107382550334,,,facet_mass_before_point_vote,False,0,0,46,0,"[147,1037]",3954.6410459952313,1212.1903339975688,2742.4507119976624,1510.2110560001165,110.96684899894171,new_parallel_worker
anisotropic_g8_d4_s2,anisotropic,8,4,2026092712,1200,5,50,1,hdbscan_common,0.06695169052582321,0.06695169052582321,0.06850838724802209,0.07259191523265789,0.22684826970013192,0.8558333333333333,2,173,8,2,-6,6,0,0.0,261,0.1441988950276243,0.2175,0.14507074156676888,0.25413826679649465,0.2175,0.23439604849573417,8,0,points,True,,,,,,,,,,,new_parallel_worker
anisotropic_g8_d4_s2,anisotropic,8,4,2026092712,1200,5,50,1,hdbscan_standard,0.06629223986977552,0.06629223986977552,0.06783467233118601,0.07186687902923568,0.2234083639893169,0.8566666666666667,2,172,8,2,-6,6,0,0.0,261,0.1441777041942605,0.2175,0.14503954991087345,0.2538910505836576,0.2175,0.23429084380610413,8,0,points,True,,,,,,,,,,,new_parallel_worker
anisotropic_g8_d4_s2,anisotropic,8,4,2026092712,1200,5,50,1,hgp_first_coverage,0.07556681952903845,0.07556681952903845,0.07556809657454781,0.07591810893830438,0.29436814652467885,0.9866666666666667,2,16,8,2,-6,6,0,0.0,298,0.1430984555984556,0.24833333333333335,0.1557799608406804,0.2516891891891892,0.24833333333333332,0.25,8,0,points,True,,,,,,,,,,,new_parallel_worker
anisotropic_g8_d4_s2,anisotropic,8,4,2026092712,1200,5,50,1,hgp_weighted_full_vote,0.07444267644236022,0.07444267644236022,0.0744437495000069,0.07478793390171641,0.2902217152354299,0.9866666666666667,2,16,8,2,-6,6,0,0.0,297,0.14308100289296047,0.2475,0.15532962310552875,0.25084459459459457,0.2475,0.24916107382550334,,,facet_mass_before_point_vote,False,0,0,46,0,"[147,1037]",3970.2181600005133,1502.696104998904,2467.5220550016093,1452.3159909986134,114.13237099986873,new_parallel_worker
anisotropic_g8_d4_s2,anisotropic,8,4,2026092712,1200,5,50,2,hdbscan_common,0.06695169052582321,0.06695169052582321,0.06850838724802209,0.07259191523265789,0.22684826970013192,0.8558333333333333,2,173,8,2,-6,6,0,0.0,261,0.1441988950276243,0.2175,0.14507074156676888,0.25413826679649465,0.2175,0.23439604849573417,8,0,points,True,,,,,,,,,,,new_parallel_worker
anisotropic_g8_d4_s2,anisotropic,8,4,2026092712,1200,5,50,2,hgp_first_coverage,0.6156838028791248,0.6156838028791248,0.6949699630053373,0.8976709383278901,0.7370157539031564,0.8141666666666667,9,223,8,9,1,1,0,0.0,896,0.9716821160516762,0.7466666666666667,0.8383883831596465,0.917093142272262,0.7466666666666667,0.8231511254019293,8,0,points,True,,,,,,,,,,,new_parallel_worker
anisotropic_g8_d4_s2,anisotropic,8,4,2026092712,1200,5,50,2,hgp_weighted_full_vote,0.07444267644236022,0.07444267644236022,0.0744437495000069,0.07478793390171641,0.2902217152354299,0.9866666666666667,2,16,8,2,-6,6,0,0.0,297,0.14308100289296047,0.2475,0.15532962310552875,0.25084459459459457,0.2475,0.24916107382550334,,,facet_mass_before_point_vote,False,0,0,46,0,"[147,1037]",3954.6410459952313,1212.1903339975688,2742.4507119976624,1066.0764720014413,111.67394799849717,new_parallel_worker
anisotropic_g8_d4_s2,anisotropic,8,4,2026092712,1200,10,20,1,hdbscan_common,0.06435112265181803,0.06435112265181803,0.06557111970547148,0.06927589448977041,0.22161320698018025,0.8516666666666667,2,178,8,2,-6,6,0,0.0,254,0.14403973509933776,0.21166666666666667,0.141693010936432,0.24853228962818003,0.21166666666666667,0.22862286228622863,8,0,points,True,,,,,,,,,,,new_parallel_worker
anisotropic_g8_d4_s2,anisotropic,8,4,2026092712,1200,10,20,1,hdbscan_standard,0.06479553808589772,0.06479553808589772,0.06606160030193382,0.06982015207528973,0.22257766043656368,0.8525,2,177,8,2,-6,6,0,0.0,255,0.14403973509933776,0.21250000000000002,0.14222101634320736,0.24926686217008798,0.2125,0.22941970310391363,8,0,points,True,,,,,,,,,,,new_parallel_worker
anisotropic_g8_d4_s2,anisotropic,8,4,2026092712,1200,10,20,1,hgp_first_coverage,0.556161617250633,0.556161617250633,0.6366091650855628,0.8388779246852023,0.6997068099394472,0.8075,11,231,8,11,3,3,0,0.0,831,0.9679719719097499,0.6925,0.7963203076013206,0.8575851393188855,0.6925,0.7662517289073306,8,0,points,True,,,,,,,,,,,new_parallel_worker
anisotropic_g8_d4_s2,anisotropic,8,4,2026092712,1200,10,20,1,hgp_weighted_full_vote,0.07047454008277314,0.07047454008277314,0.07048897944119373,0.07098077375523894,0.2755960886520411,0.98,2,24,8,2,-6,6,0,0.0,289,0.14297779922779924,0.24083333333333334,0.15209774960748967,0.2457482993197279,0.24083333333333334,0.24326599326599327,,,facet_mass_before_point_vote,False,0,0,332,0,"[140,1036]",18365.903113997774,5672.1173799996905,12693.785733998084,5182.027999999264,771.7436449966044,new_parallel_worker
anisotropic_g8_d4_s2,anisotropic,8,4,2026092712,1200,10,20,2,hdbscan_common,0.06435112265181803,0.06435112265181803,0.06557111970547148,0.06927589448977041,0.22161320698018025,0.8516666666666667,2,178,8,2,-6,6,0,0.0,254,0.14403973509933776,0.21166666666666667,0.141693010936432,0.24853228962818003,0.21166666666666667,0.22862286228622863,8,0,points,True,,,,,,,,,,,new_parallel_worker
anisotropic_g8_d4_s2,anisotropic,8,4,2026092712,1200,10,20,2,hgp_first_coverage,0.556161617250633,0.556161617250633,0.6366091650855628,0.8388779246852023,0.6997068099394472,0.8075,11,231,8,11,3,3,0,0.0,831,0.9679719719097499,0.6925,0.7963203076013206,0.8575851393188855,0.6925,0.7662517289073306,8,0,points,True,,,,,,,,,,,new_parallel_worker
anisotropic_g8_d4_s2,anisotropic,8,4,2026092712,1200,10,20,2,hgp_weighted_full_vote,0.07047454008277314,0.07047454008277314,0.07048897944119373,0.07098077375523894,0.2755960886520411,0.98,2,24,8,2,-6,6,0,0.0,289,0.14297779922779924,0.24083333333333334,0.15209774960748967,0.2457482993197279,0.24083333333333334,0.24326599326599327,,,facet_mass_before_point_vote,False,0,0,332,0,"[140,1036]",20372.126418002154,8152.955221001321,12219.171197000833,7575.430599001265,830.8324069985247,new_parallel_worker
anisotropic_g8_d4_s2,anisotropic,8,4,2026092712,1200,10,50,1,hdbscan_common,0.06435112265181803,0.06435112265181803,0.06557111970547148,0.06927589448977041,0.22161320698018025,0.8516666666666667,2,178,8,2,-6,6,0,0.0,254,0.14403973509933776,0.21166666666666667,0.141693010936432,0.24853228962818003,0.21166666666666667,0.22862286228622863,8,0,points,True,,,,,,,,,,,new_parallel_worker
anisotropic_g8_d4_s2,anisotropic,8,4,2026092712,1200,10,50,1,hdbscan_standard,0.06479553808589772,0.06479553808589772,0.06606160030193382,0.06982015207528973,0.22257766043656368,0.8525,2,177,8,2,-6,6,0,0.0,255,0.14403973509933776,0.21250000000000002,0.14222101634320736,0.24926686217008798,0.2125,0.22941970310391363,8,0,points,True,,,,,,,,,,,new_parallel_worker
anisotropic_g8_d4_s2,anisotropic,8,4,2026092712,1200,10,50,1,hgp_first_coverage,0.5759300558041863,0.5759300558041863,0.6632351023051041,0.8863188649208158,0.7127602290361404,0.7883333333333333,9,254,8,9,1,1,0,0.0,864,0.9679719719097499,0.72,0.8159694025520985,0.9133192389006343,0.72,0.8052190121155638,8,0,points,True,,,,,,,,,,,new_parallel_worker
anisotropic_g8_d4_s2,anisotropic,8,4,2026092712,1200,10,50,1,hgp_weighted_full_vote,0.07047454008277314,0.07047454008277314,0.07048897944119373,0.07098077375523894,0.2755960886520411,0.98,2,24,8,2,-6,6,0,0.0,289,0.14297779922779924,0.24083333333333334,0.15209774960748967,0.2457482993197279,0.24083333333333334,0.24326599326599327,,,facet_mass_before_point_vote,False,0,0,332,0,"[140,1036]",18365.903113997774,5672.1173799996905,12693.785733998084,5489.728563003155,843.0175260000397,new_parallel_worker
anisotropic_g8_d4_s2,anisotropic,8,4,2026092712,1200,10,50,2,hdbscan_common,0.06435112265181803,0.06435112265181803,0.06557111970547148,0.06927589448977041,0.22161320698018025,0.8516666666666667,2,178,8,2,-6,6,0,0.0,254,0.14403973509933776,0.21166666666666667,0.141693010936432,0.24853228962818003,0.21166666666666667,0.22862286228622863,8,0,points,True,,,,,,,,,,,new_parallel_worker
anisotropic_g8_d4_s2,anisotropic,8,4,2026092712,1200,10,50,2,hgp_first_coverage,0.5759300558041863,0.5759300558041863,0.6632351023051041,0.8863188649208158,0.7127602290361404,0.7883333333333333,9,254,8,9,1,1,0,0.0,864,0.9679719719097499,0.72,0.8159694025520985,0.9133192389006343,0.72,0.8052190121155638,8,0,points,True,,,,,,,,,,,new_parallel_worker
anisotropic_g8_d4_s2,anisotropic,8,4,2026092712,1200,10,50,2,hgp_weighted_full_vote,0.07047454008277314,0.07047454008277314,0.07048897944119373,0.07098077375523894,0.2755960886520411,0.98,2,24,8,2,-6,6,0,0.0,289,0.14297779922779924,0.24083333333333334,0.15209774960748967,0.2457482993197279,0.24083333333333334,0.24326599326599327,,,facet_mass_before_point_vote,False,0,0,332,0,"[140,1036]",20372.126418002154,8152.955221001321,12219.171197000833,5587.220755998715,825.4497310008446,new_parallel_worker
spherical_g16_d2_s1,spherical,16,2,2026092711,1200,5,20,1,hdbscan_common,0.023359704856133843,0.023359704856133843,0.02375254161419838,0.019569540080457127,0.11950535810955089,0.63,3,444,16,3,-13,13,0,0.0,123,0.10606922961260873,0.10250000000000001,0.0730449535978266,0.1626984126984127,0.1025,0.12576687116564417,16,0,points,True,,,,,,,,,,,new_parallel_worker
spherical_g16_d2_s1,spherical,16,2,2026092711,1200,5,20,1,hdbscan_standard,0.023359704856133843,0.023359704856133843,0.02375254161419838,0.019569540080457127,0.1195053581095509,0.63,3,444,16,3,-13,13,0,0.0,123,0.10606922961260873,0.10250000000000001,0.0730449535978266,0.1626984126984127,0.1025,0.12576687116564417,16,0,points,True,,,,,,,,,,,new_parallel_worker
spherical_g16_d2_s1,spherical,16,2,2026092711,1200,5,20,1,hgp_first_coverage,0.009573603694993858,0.009573603694993858,0.009293552080932648,0.009064094332687846,0.09204789435329037,0.8816666666666667,2,142,16,2,-14,14,0,0.0,121,0.06713191699604742,0.10083333333333333,0.056145316170824244,0.11436672967863894,0.10083333333333333,0.10717449069973428,16,0,points,True,,,,,,,,,,,new_parallel_worker
spherical_g16_d2_s1,spherical,16,2,2026092711,1200,5,20,1,hgp_weighted_full_vote,0.009624892350085403,0.009624892350085403,0.00944740303216768,0.009329669688311655,0.09356478733213872,0.8966666666666666,2,124,16,2,-14,14,0,0.0,122,0.06705539358600583,0.10166666666666667,0.05664758553100499,0.11338289962825279,0.10166666666666667,0.10720562390158173,,,facet_mass_before_point_vote,False,0,0,33,0,"[47,1029]",5203.474849000486,1913.521293001395,3289.953555999091,1940.2421090017015,115.55130700071459,new_parallel_worker
spherical_g16_d2_s1,spherical,16,2,2026092711,1200,5,20,2,hdbscan_common,0.023359704856133843,0.023359704856133843,0.02375254161419838,0.019569540080457127,0.11950535810955089,0.63,3,444,16,3,-13,13,0,0.0,123,0.10606922961260873,0.10250000000000001,0.0730449535978266,0.1626984126984127,0.1025,0.12576687116564417,16,0,points,True,,,,,,,,,,,new_parallel_worker
spherical_g16_d2_s1,spherical,16,2,2026092711,1200,5,20,2,hgp_first_coverage,0.03526898419403821,0.03526898419403821,0.12700795856991523,0.3408905514752297,0.29546789584912564,0.4583333333333333,15,650,16,15,-1,1,0,0.0,276,0.44925525825070356,0.23,0.297133422819231,0.5018181818181818,0.23,0.31542857142857145,16,0,points,True,,,,,,,,,,,new_parallel_worker
spherical_g16_d2_s1,spherical,16,2,2026092711,1200,5,20,2,hgp_weighted_full_vote,0.009624892350085403,0.009624892350085403,0.00944740303216768,0.009329669688311655,0.09356478733213872,0.8966666666666666,2,124,16,2,-14,14,0,0.0,122,0.06705539358600583,0.10166666666666667,0.05664758553100499,0.11338289962825279,0.10166666666666667,0.10720562390158173,,,facet_mass_before_point_vote,False,0,0,33,0,"[47,1029]",5430.990425003984,1747.4467720021494,3683.543653001834,1427.6437689986778,125.59799900191138,new_parallel_worker
spherical_g16_d2_s1,spherical,16,2,2026092711,1200,5,50,1,hdbscan_common,0.007672267564967103,0.007672267564967103,0.03399091124645317,0.06144017265642085,0.08284399157184756,0.16916666666666666,2,997,16,2,-14,14,0,0.0,53,0.03846631866766095,0.04416666666666667,0.03861693660022149,0.26108374384236455,0.04416666666666667,0.07555238774055595,16,0,points,True,,,,,,,,,,,new_parallel_worker
spherical_g16_d2_s1,spherical,16,2,2026092711,1200,5,50,1,hdbscan_standard,0.007800122224788581,0.007800122224788581,0.034166567484618174,0.06033649694064344,0.0835252927050876,0.17,2,996,16,2,-14,14,0,0.0,53,0.03800335570469799,0.04416666666666667,0.0384529532967033,0.25980392156862747,0.04416666666666667,0.0754985754985755,16,0,points,True,,,,,,,,,,,new_parallel_worker
spherical_g16_d2_s1,spherical,16,2,2026092711,1200,5,50,1,hgp_first_coverage,0.014111145783130878,0.014111145783130878,0.060679367286869165,0.18792662372839328,0.13479283724536076,0.20916666666666667,3,949,16,3,-13,13,0,0.0,92,0.06903344671201814,0.07666666666666666,0.07205508845682256,0.3665338645418327,0.07666666666666666,0.1268090971743625,16,0,points,True,,,,,,,,,,,new_parallel_worker
spherical_g16_d2_s1,spherical,16,2,2026092711,1200,5,50,1,hgp_weighted_full_vote,0.0,0.0,0.0,,0.0,0.0,0,1200,16,0,-16,16,0,0.0,0,0.0,0.0,0.0,0.0,0.0,0.0,,,facet_mass_before_point_vote,False,0,0,33,0,[],5203.474849000486,1913.521293001395,3289.953555999091,1389.9760770000285,78.14597399919876,new_parallel_worker
spherical_g16_d2_s1,spherical,16,2,2026092711,1200,5,50,2,hdbscan_common,0.007672267564967103,0.007672267564967103,0.03399091124645317,0.06144017265642085,0.08284399157184756,0.16916666666666666,2,997,16,2,-14,14,0,0.0,53,0.03846631866766095,0.04416666666666667,0.03861693660022149,0.26108374384236455,0.04416666666666667,0.07555238774055595,16,0,points,True,,,,,,,,,,,new_parallel_worker
spherical_g16_d2_s1,spherical,16,2,2026092711,1200,5,50,2,hgp_first_coverage,0.014111145783130878,0.014111145783130878,0.060679367286869165,0.18792662372839328,0.13479283724536076,0.20916666666666667,3,949,16,3,-13,13,0,0.0,92,0.06903344671201814,0.07666666666666666,0.07205508845682256,0.3665338645418327,0.07666666666666666,0.1268090971743625,16,0,points,True,,,,,,,,,,,new_parallel_worker
spherical_g16_d2_s1,spherical,16,2,2026092711,1200,5,50,2,hgp_weighted_full_vote,0.0,0.0,0.0,,0.0,0.0,0,1200,16,0,-16,16,0,0.0,0,0.0,0.0,0.0,0.0,0.0,0.0,,,facet_mass_before_point_vote,False,0,0,33,0,[],5430.990425003984,1747.4467720021494,3683.543653001834,2015.9844859990699,85.69946799980244,new_parallel_worker
spherical_g16_d2_s1,spherical,16,2,2026092711,1200,10,20,1,hdbscan_common,0.020349029416153384,0.020349029416153384,0.0224010658710623,0.017133209333956963,0.104199640683924,0.5675,3,519,16,3,-13,13,0,0.0,110,0.12221948818897638,0.09166666666666666,0.06634241352230108,0.16152716593245228,0.09166666666666666,0.11695906432748537,16,0,points,True,,,,,,,,,,,new_parallel_worker
spherical_g16_d2_s1,spherical,16,2,2026092711,1200,10,20,1,hdbscan_standard,0.0200883521778163,0.0200883521778163,0.022086867609319025,0.016972315697216266,0.10358832716714493,0.5691666666666667,3,517,16,3,-13,13,0,0.0,110,0.11967935759209344,0.09166666666666666,0.06609281873598752,0.16105417276720352,0.09166666666666666,0.11683483802442911,16,0,points,True,,,,,,,,,,,new_parallel_worker
spherical_g16_d2_s1,spherical,16,2,2026092711,1200,10,20,1,hgp_first_coverage,0.02120394832124282,0.02120394832124282,0.02113532995850937,0.02124197774070368,0.17436573145647033,0.915,3,102,16,3,-13,13,0,0.0,177,0.11825980392156862,0.1475,0.10601208350424754,0.16120218579234974,0.1475,0.15404699738903394,16,0,points,True,,,,,,,,,,,new_parallel_worker
spherical_g16_d2_s1,spherical,16,2,2026092711,1200,10,20,1,hgp_weighted_full_vote,0.011757573213749224,0.011757573213749224,0.011690651323507266,0.01169267920650794,0.11296113423318428,0.9491666666666667,2,61,16,2,-14,14,0,0.0,133,0.06578095574387947,0.11083333333333334,0.06222136072882341,0.11676909569798069,0.11083333333333334,0.11372381359555365,,,facet_mass_before_point_vote,False,0,0,175,0,"[59,1080]",28859.79505099749,9233.440019997943,19626.355030999548,8205.001602000266,1196.984607999184,new_parallel_worker
spherical_g16_d2_s1,spherical,16,2,2026092711,1200,10,20,2,hdbscan_common,0.020349029416153384,0.020349029416153384,0.0224010658710623,0.017133209333956963,0.104199640683924,0.5675,3,519,16,3,-13,13,0,0.0,110,0.12221948818897638,0.09166666666666666,0.06634241352230108,0.16152716593245228,0.09166666666666666,0.11695906432748537,16,0,points,True,,,,,,,,,,,new_parallel_worker
spherical_g16_d2_s1,spherical,16,2,2026092711,1200,10,20,2,hgp_first_coverage,0.02120394832124282,0.02120394832124282,0.02113532995850937,0.02124197774070368,0.17436573145647033,0.915,3,102,16,3,-13,13,0,0.0,177,0.11825980392156862,0.1475,0.10601208350424754,0.16120218579234974,0.1475,0.15404699738903394,16,0,points,True,,,,,,,,,,,new_parallel_worker
spherical_g16_d2_s1,spherical,16,2,2026092711,1200,10,20,2,hgp_weighted_full_vote,0.011757573213749224,0.011757573213749224,0.011690651323507266,0.01169267920650794,0.11296113423318428,0.9491666666666667,2,61,16,2,-14,14,0,0.0,133,0.06578095574387947,0.11083333333333334,0.06222136072882341,0.11676909569798069,0.11083333333333334,0.11372381359555365,,,facet_mass_before_point_vote,False,0,0,175,0,"[59,1080]",35024.667398996826,12953.613902998768,22071.053495998058,11658.025364999048,1310.3279319984722,new_parallel_worker
spherical_g16_d2_s1,spherical,16,2,2026092711,1200,10,50,1,hdbscan_common,0.0,0.0,0.0,,0.0,0.0,0,1200,16,0,-16,16,0,0.0,0,0.0,0.0,0.0,0.0,0.0,0.0,16,0,points,True,,,,,,,,,,,new_parallel_worker
spherical_g16_d2_s1,spherical,16,2,2026092711,1200,10,50,1,hdbscan_standard,0.0,0.0,0.0,,0.0,0.0,0,1200,16,0,-16,16,0,0.0,0,0.0,0.0,0.0,0.0,0.0,0.0,16,0,points,True,,,,,,,,,,,new_parallel_worker
spherical_g16_d2_s1,spherical,16,2,2026092711,1200,10,50,1,hgp_first_coverage,0.02120394832124282,0.02120394832124282,0.02113532995850937,0.02124197774070368,0.17436573145647033,0.915,3,102,16,3,-13,13,0,0.0,177,0.11825980392156862,0.1475,0.10601208350424754,0.16120218579234974,0.1475,0.15404699738903394,16,0,points,True,,,,,,,,,,,new_parallel_worker
spherical_g16_d2_s1,spherical,16,2,2026092711,1200,10,50,1,hgp_weighted_full_vote,0.0,0.0,0.0,,0.0,0.0,0,1200,16,0,-16,16,0,0.0,0,0.0,0.0,0.0,0.0,0.0,0.0,,,facet_mass_before_point_vote,False,0,0,175,0,[],28859.79505099749,9233.440019997943,19626.355030999548,8572.930610000185,512.7733320005063,new_parallel_worker
spherical_g16_d2_s1,spherical,16,2,2026092711,1200,10,50,2,hdbscan_common,0.0,0.0,0.0,,0.0,0.0,0,1200,16,0,-16,16,0,0.0,0,0.0,0.0,0.0,0.0,0.0,0.0,16,0,points,True,,,,,,,,,,,new_parallel_worker
spherical_g16_d2_s1,spherical,16,2,2026092711,1200,10,50,2,hgp_first_coverage,0.02120394832124282,0.02120394832124282,0.02113532995850937,0.02124197774070368,0.17436573145647033,0.915,3,102,16,3,-13,13,0,0.0,177,0.11825980392156862,0.1475,0.10601208350424754,0.16120218579234974,0.1475,0.15404699738903394,16,0,points,True,,,,,,,,,,,new_parallel_worker
spherical_g16_d2_s1,spherical,16,2,2026092711,1200,10,50,2,hgp_weighted_full_vote,0.0,0.0,0.0,,0.0,0.0,0,1200,16,0,-16,16,0,0.0,0,0.0,0.0,0.0,0.0,0.0,0.0,,,facet_mass_before_point_vote,False,0,0,175,0,[],35024.667398996826,12953.613902998768,22071.053495998058,8816.91125299767,524.4518370018341,new_parallel_worker
spherical_g16_d2_s2,spherical,16,2,2026092712,1200,5,20,1,hdbscan_common,0.012366884424546316,0.012366884424546316,0.010866019678743436,0.00931279616362613,0.0942926051774596,0.8341666666666666,2,199,16,2,-14,14,0,0.0,107,0.0671583850931677,0.08916666666666667,0.048418260413937646,0.1068931068931069,0.08916666666666667,0.09722853248523398,16,0,points,True,,,,,,,,,,,new_parallel_worker
spherical_g16_d2_s2,spherical,16,2,2026092712,1200,5,20,1,hdbscan_standard,0.012404892721071382,0.012404892721071382,0.011010108575220398,0.009568264069676247,0.095081394625994,0.835,2,198,16,2,-14,14,0,0.0,108,0.0671583850931677,0.09,0.049186073681750916,0.10778443113772455,0.09,0.09809264305177112,16,0,points,True,,,,,,,,,,,new_parallel_worker
spherical_g16_d2_s2,spherical,16,2,2026092712,1200,5,20,1,hgp_first_coverage,0.011683852500678256,0.011683852500678256,0.01045448446934492,0.009356607489447508,0.1071192032593754,0.9158333333333334,2,101,16,2,-14,14,0,0.0,115,0.06395853043204036,0.09583333333333333,0.05101684485518408,0.10464058234758872,0.09583333333333334,0.10004349717268378,16,0,points,True,,,,,,,,,,,new_parallel_worker
spherical_g16_d2_s2,spherical,16,2,2026092712,1200,5,20,1,hgp_weighted_full_vote,0.03239116296124492,0.03239116296124492,0.023937426960702276,0.014147125835071397,0.13660962407563648,0.7375,2,315,16,2,-14,14,0,0.0,111,0.040022952977638554,0.0925,0.04427181965549108,0.12542372881355932,0.0925,0.10647482014388489,,,facet_mass_before_point_vote,False,0,0,26,0,"[74,811]",4970.148823002091,1640.220840999973,3329.9279820021184,1398.752721001074,105.49235200232943,new_parallel_worker
spherical_g16_d2_s2,spherical,16,2,2026092712,1200,5,20,2,hdbscan_common,0.012366884424546316,0.012366884424546316,0.010866019678743436,0.00931279616362613,0.0942926051774596,0.8341666666666666,2,199,16,2,-14,14,0,0.0,107,0.0671583850931677,0.08916666666666667,0.048418260413937646,0.1068931068931069,0.08916666666666667,0.09722853248523398,16,0,points,True,,,,,,,,,,,new_parallel_worker
spherical_g16_d2_s2,spherical,16,2,2026092712,1200,5,20,2,hgp_first_coverage,0.011683852500678256,0.011683852500678256,0.01045448446934492,0.009356607489447508,0.1071192032593754,0.9158333333333334,2,101,16,2,-14,14,0,0.0,115,0.06395853043204036,0.09583333333333333,0.05101684485518408,0.10464058234758872,0.09583333333333334,0.10004349717268378,16,0,points,True,,,,,,,,,,,new_parallel_worker
spherical_g16_d2_s2,spherical,16,2,2026092712,1200,5,20,2,hgp_weighted_full_vote,0.03239116296124492,0.03239116296124492,0.023937426960702276,0.014147125835071397,0.13660962407563648,0.7375,2,315,16,2,-14,14,0,0.0,111,0.040022952977638554,0.0925,0.04427181965549108,0.12542372881355932,0.0925,0.10647482014388489,,,facet_mass_before_point_vote,False,0,0,26,0,"[74,811]",6178.926271000819,2421.0777080006665,3757.8485630001524,1508.895974002371,134.92388700251468,new_parallel_worker
spherical_g16_d2_s2,spherical,16,2,2026092712,1200,5,50,1,hdbscan_common,0.0,0.0,0.0,,0.0,0.0,0,1200,16,0,-16,16,0,0.0,0,0.0,0.0,0.0,0.0,0.0,0.0,16,0,points,True,,,,,,,,,,,new_parallel_worker
spherical_g16_d2_s2,spherical,16,2,2026092712,1200,5,50,1,hdbscan_standard,0.0,0.0,0.0,,0.0,0.0,0,1200,16,0,-16,16,0,0.0,0,0.0,0.0,0.0,0.0,0.0,0.0,16,0,points,True,,,,,,,,,,,new_parallel_worker
spherical_g16_d2_s2,spherical,16,2,2026092712,1200,5,50,1,hgp_first_coverage,0.03429010034963584,0.03429010034963584,0.02595334262120896,0.015086769914419346,0.1356659331399442,0.7075,2,351,16,2,-14,14,0,0.0,108,0.03850370531822144,0.09,0.04286517962889854,0.127208480565371,0.09,0.1054172767203514,16,0,points,True,,,,,,,,,,,new_parallel_worker
spherical_g16_d2_s2,spherical,16,2,2026092712,1200,5,50,1,hgp_weighted_full_vote,0.0,0.0,0.0,,0.0,0.0,0,1200,16,0,-16,16,0,0.0,0,0.0,0.0,0.0,0.0,0.0,0.0,,,facet_mass_before_point_vote,False,0,0,26,0,[],4970.148823002091,1640.220840999973,3329.9279820021184,1961.2142290025076,82.15806500084,new_parallel_worker
spherical_g16_d2_s2,spherical,16,2,2026092712,1200,5,50,2,hdbscan_common,0.0,0.0,0.0,,0.0,0.0,0,1200,16,0,-16,16,0,0.0,0,0.0,0.0,0.0,0.0,0.0,0.0,16,0,points,True,,,,,,,,,,,new_parallel_worker
spherical_g16_d2_s2,spherical,16,2,2026092712,1200,5,50,2,hgp_first_coverage,0.03429010034963584,0.03429010034963584,0.02595334262120896,0.015086769914419346,0.1356659331399442,0.7075,2,351,16,2,-14,14,0,0.0,108,0.03850370531822144,0.09,0.04286517962889854,0.127208480565371,0.09,0.1054172767203514,16,0,points,True,,,,,,,,,,,new_parallel_worker
spherical_g16_d2_s2,spherical,16,2,2026092712,1200,5,50,2,hgp_weighted_full_vote,0.0,0.0,0.0,,0.0,0.0,0,1200,16,0,-16,16,0,0.0,0,0.0,0.0,0.0,0.0,0.0,0.0,,,facet_mass_before_point_vote,False,0,0,26,0,[],6178.926271000819,2421.0777080006665,3757.8485630001524,1526.209605999611,85.14136700250674,new_parallel_worker
spherical_g16_d2_s2,spherical,16,2,2026092712,1200,10,20,1,hdbscan_common,0.021271341362654836,0.021271341362654836,0.04227147862535685,0.03211918812364239,0.11364179040312318,0.3675,3,759,16,3,-13,13,0,0.0,92,0.10515156374927949,0.07666666666666667,0.06057564128614354,0.20861678004535147,0.07666666666666666,0.11212675198049969,16,0,points,True,,,,,,,,,,,new_parallel_worker
spherical_g16_d2_s2,spherical,16,2,2026092712,1200,10,20,1,hdbscan_standard,0.021350174828761604,0.021350174828761604,0.042543134678720104,0.032838535898979025,0.11466770004027389,0.36833333333333335,3,758,16,3,-13,13,0,0.0,93,0.10569268929040503,0.0775,0.06163610090813667,0.21040723981900453,0.0775,0.11327649208282582,16,0,points,True,,,,,,,,,,,new_parallel_worker
spherical_g16_d2_s2,spherical,16,2,2026092712,1200,10,20,1,hgp_first_coverage,0.012083055357365447,0.012083055357365447,0.011428497129496371,0.010886753981466971,0.11725683119367167,0.9466666666666667,2,64,16,2,-14,14,0,0.0,123,0.06431629834254143,0.10250000000000001,0.05607493540051679,0.10827464788732394,0.1025,0.1053082191780822,16,0,points,True,,,,,,,,,,,new_parallel_worker
spherical_g16_d2_s2,spherical,16,2,2026092712,1200,10,20,1,hgp_weighted_full_vote,0.06079353247897208,0.06079353247897208,0.0715188396573592,0.04719113555626963,0.19376361826387528,0.5025,2,597,16,2,-14,14,0,0.0,114,0.03312729337759916,0.095,0.04497131754256106,0.1890547263681592,0.095,0.1264559068219634,,,facet_mass_before_point_vote,False,0,0,179,0,"[118,485]",28449.233544997696,9131.01904299765,19318.214502000046,8146.131464000064,642.5064909999492,new_parallel_worker
spherical_g16_d2_s2,spherical,16,2,2026092712,1200,10,20,2,hdbscan_common,0.021271341362654836,0.021271341362654836,0.04227147862535685,0.03211918812364239,0.11364179040312318,0.3675,3,759,16,3,-13,13,0,0.0,92,0.10515156374927949,0.07666666666666667,0.06057564128614354,0.20861678004535147,0.07666666666666666,0.11212675198049969,16,0,points,True,,,,,,,,,,,new_parallel_worker
spherical_g16_d2_s2,spherical,16,2,2026092712,1200,10,20,2,hgp_first_coverage,0.012083055357365447,0.012083055357365447,0.011428497129496371,0.010886753981466971,0.11725683119367167,0.9466666666666667,2,64,16,2,-14,14,0,0.0,123,0.06431629834254143,0.10250000000000001,0.05607493540051679,0.10827464788732394,0.1025,0.1053082191780822,16,0,points,True,,,,,,,,,,,new_parallel_worker
spherical_g16_d2_s2,spherical,16,2,2026092712,1200,10,20,2,hgp_weighted_full_vote,0.06079353247897208,0.06079353247897208,0.0715188396573592,0.04719113555626963,0.19376361826387528,0.5025,2,597,16,2,-14,14,0,0.0,114,0.03312729337759916,0.095,0.04497131754256106,0.1890547263681592,0.095,0.1264559068219634,,,facet_mass_before_point_vote,False,0,0,179,0,"[118,485]",34485.25916499784,12606.856153997796,21878.403011000046,8784.425936999469,703.6577679973561,new_parallel_worker
spherical_g16_d2_s2,spherical,16,2,2026092712,1200,10,50,1,hdbscan_common,0.0,0.0,0.0,,0.0,0.0,0,1200,16,0,-16,16,0,0.0,0,0.0,0.0,0.0,0.0,0.0,0.0,16,0,points,True,,,,,,,,,,,new_parallel_worker
spherical_g16_d2_s2,spherical,16,2,2026092712,1200,10,50,1,hdbscan_standard,0.0,0.0,0.0,,0.0,0.0,0,1200,16,0,-16,16,0,0.0,0,0.0,0.0,0.0,0.0,0.0,0.0,16,0,points,True,,,,,,,,,,,new_parallel_worker
spherical_g16_d2_s2,spherical,16,2,2026092712,1200,10,50,1,hgp_first_coverage,0.012083055357365447,0.012083055357365447,0.011428497129496371,0.010886753981466971,0.11725683119367167,0.9466666666666667,2,64,16,2,-14,14,0,0.0,123,0.06431629834254143,0.10250000000000001,0.05607493540051679,0.10827464788732394,0.1025,0.1053082191780822,16,0,points,True,,,,,,,,,,,new_parallel_worker
spherical_g16_d2_s2,spherical,16,2,2026092712,1200,10,50,1,hgp_weighted_full_vote,0.0,0.0,0.0,,0.0,0.0,0,1200,16,0,-16,16,0,0.0,0,0.0,0.0,0.0,0.0,0.0,0.0,,,facet_mass_before_point_vote,False,0,0,179,0,[],28449.233544997696,9131.01904299765,19318.214502000046,8415.545403000579,513.6019669989764,new_parallel_worker
spherical_g16_d2_s2,spherical,16,2,2026092712,1200,10,50,2,hdbscan_common,0.0,0.0,0.0,,0.0,0.0,0,1200,16,0,-16,16,0,0.0,0,0.0,0.0,0.0,0.0,0.0,0.0,16,0,points,True,,,,,,,,,,,new_parallel_worker
spherical_g16_d2_s2,spherical,16,2,2026092712,1200,10,50,2,hgp_first_coverage,0.012083055357365447,0.012083055357365447,0.011428497129496371,0.010886753981466971,0.11725683119367167,0.9466666666666667,2,64,16,2,-14,14,0,0.0,123,0.06431629834254143,0.10250000000000001,0.05607493540051679,0.10827464788732394,0.1025,0.1053082191780822,16,0,points,True,,,,,,,,,,,new_parallel_worker
spherical_g16_d2_s2,spherical,16,2,2026092712,1200,10,50,2,hgp_weighted_full_vote,0.0,0.0,0.0,,0.0,0.0,0,1200,16,0,-16,16,0,0.0,0,0.0,0.0,0.0,0.0,0.0,0.0,,,facet_mass_before_point_vote,False,0,0,179,0,[],34485.25916499784,12606.856153997796,21878.403011000046,12239.581623998674,719.652079998923,new_parallel_worker
spherical_g16_d2_s3,spherical,16,2,2026092713,1200,5,20,1,hdbscan_common,0.023334633217860692,0.023334633217860692,0.02048341571582608,0.009880930353614639,0.09310164130189963,0.59,2,492,16,2,-14,14,0,0.0,86,0.05632858727810651,0.07166666666666667,0.04036051619647324,0.12146892655367232,0.07166666666666667,0.09014675052410902,16,0,points,True,,,,,,,,,,,new_parallel_worker
spherical_g16_d2_s3,spherical,16,2,2026092713,1200,5,20,1,hdbscan_standard,0.023064954977139597,0.023064954977139597,0.020150997803516184,0.009617757835112737,0.09215719126624489,0.5908333333333333,2,491,16,2,-14,14,0,0.0,86,0.05632039327917282,0.07166666666666667,0.040347236031020084,0.12129760225669958,0.07166666666666667,0.09009952854897853,16,0,points,True,,,,,,,,,,,new_parallel_worker
spherical_g16_d2_s3,spherical,16,2,2026092713,1200,5,20,1,hgp_first_coverage,0.03890334165846114,0.03890334165846114,0.039949938291312055,0.039615780452861266,0.20021188688896793,0.7466666666666667,4,304,16,4,-12,12,0,0.0,186,0.1485412769238548,0.155,0.12604595198403248,0.20758928571428573,0.155,0.17748091603053434,16,0,points,True,,,,,,,,,,,new_parallel_worker
spherical_g16_d2_s3,spherical,16,2,2026092713,1200,5,20,1,hgp_weighted_full_vote,0.02570370046511031,0.02570370046511031,0.017550823395614236,0.009446184844842598,0.1380671548250754,0.8141666666666667,2,223,16,2,-14,14,0,0.0,116,0.052743541707749954,0.09666666666666668,0.049662448885116894,0.1187308085977482,0.09666666666666666,0.1065686724850712,,,facet_mass_before_point_vote,False,0,0,34,0,"[55,922]",5131.72190700061,1731.7824580022716,3399.939448998339,1410.7824019993132,115.54149900257471,new_parallel_worker
spherical_g16_d2_s3,spherical,16,2,2026092713,1200,5,20,2,hdbscan_common,0.023334633217860692,0.023334633217860692,0.02048341571582608,0.009880930353614639,0.09310164130189963,0.59,2,492,16,2,-14,14,0,0.0,86,0.05632858727810651,0.07166666666666667,0.04036051619647324,0.12146892655367232,0.07166666666666667,0.09014675052410902,16,0,points,True,,,,,,,,,,,new_parallel_worker
spherical_g16_d2_s3,spherical,16,2,2026092713,1200,5,20,2,hgp_first_coverage,0.06011180667596545,0.06011180667596545,0.15904631193948957,0.2853008927384978,0.3034703707394544,0.5175,10,579,16,10,-6,6,0,0.0,269,0.3073487236796415,0.22416666666666668,0.24058518668780435,0.4331723027375201,0.22416666666666665,0.2954420647995607,16,0,points,True,,,,,,,,,,,new_parallel_worker
spherical_g16_d2_s3,spherical,16,2,2026092713,1200,5,20,2,hgp_weighted_full_vote,0.025135835273217996,0.025135835273217996,0.024262150869841334,0.023647237274625543,0.17179315798697073,0.8591666666666666,3,169,16,3,-13,13,0,0.0,168,0.105206802620687,0.14,0.09718275255775348,0.1629485935984481,0.14,0.1506051098162259,,,facet_mass_before_point_vote,False,0,0,34,0,"[55,62,914]",5833.902491998742,2263.2447260002664,3570.657765998476,1424.8348399996758,122.61287300134427,new_parallel_worker
spherical_g16_d2_s3,spherical,16,2,2026092713,1200,5,50,1,hdbscan_common,0.013367539368851688,0.013367539368851688,0.04039598504466312,0.04842859750245146,0.1005795998617689,0.2916666666666667,2,850,16,2,-14,14,0,0.0,62,0.02788677773188306,0.051666666666666666,0.03347681872391175,0.17714285714285713,0.051666666666666666,0.08,16,0,points,True,,,,,,,,,,,new_parallel_worker
spherical_g16_d2_s3,spherical,16,2,2026092713,1200,5,50,1,hdbscan_standard,0.013427871636676438,0.013427871636676438,0.040283619385822374,0.04792893506129852,0.1002903019619911,0.2925,2,849,16,2,-14,14,0,0.0,62,0.027651532323873424,0.051666666666666666,0.03334922604058658,0.17663817663817663,0.051666666666666666,0.07994842037395229,16,0,points,True,,,,,,,,,,,new_parallel_worker
spherical_g16_d2_s3,spherical,16,2,2026092713,1200,5,50,1,hgp_first_coverage,0.024110598630467935,0.024110598630467935,0.022985228614403788,0.02204318478183285,0.16176208647715679,0.8408333333333333,3,191,16,3,-13,13,0,0.0,161,0.10661554211795324,0.13416666666666666,0.094402016824849,0.1595639246778989,0.13416666666666666,0.14576731552738795,16,0,points,True,,,,,,,,,,,new_parallel_worker
spherical_g16_d2_s3,spherical,16,2,2026092713,1200,5,50,1,hgp_weighted_full_vote,0.05455090087554835,0.05455090087554835,0.06734006595944786,0.05609960331101969,0.17005154455765734,0.5241666666666667,2,571,16,2,-14,14,0,0.0,108,0.025356711227308606,0.09,0.038276395195984705,0.17170111287758347,0.09,0.1180973209404046,,,facet_mass_before_point_vote,False,0,0,34,0,"[181,448]",5131.72190700061,1731.7824580022716,3399.939448998339,1943.9339889977418,92.9151410018676,new_parallel_worker
spherical_g16_d2_s3,spherical,16,2,2026092713,1200,5,50,2,hdbscan_common,0.013367539368851688,0.013367539368851688,0.04039598504466312,0.04842859750245146,0.1005795998617689,0.2916666666666667,2,850,16,2,-14,14,0,0.0,62,0.02788677773188306,0.051666666666666666,0.03347681872391175,0.17714285714285713,0.051666666666666666,0.08,16,0,points,True,,,,,,,,,,,new_parallel_worker
spherical_g16_d2_s3,spherical,16,2,2026092713,1200,5,50,2,hgp_first_coverage,0.024110598630467935,0.024110598630467935,0.022985228614403788,0.02204318478183285,0.16176208647715679,0.8408333333333333,3,191,16,3,-13,13,0,0.0,161,0.10661554211795324,0.13416666666666666,0.094402016824849,0.1595639246778989,0.13416666666666666,0.14576731552738795,16,0,points,True,,,,,,,,,,,new_parallel_worker
spherical_g16_d2_s3,spherical,16,2,2026092713,1200,5,50,2,hgp_weighted_full_vote,0.05489554072509323,0.05489554072509323,0.06804133254302894,0.057046221120834115,0.17081247349891113,0.5241666666666667,2,571,16,2,-14,14,0,0.0,108,0.025279949357130564,0.09,0.038207955036748814,0.17170111287758347,0.09,0.1180973209404046,,,facet_mass_before_point_vote,False,0,0,34,0,"[182,447]",5833.902491998742,2263.2447260002664,3570.657765998476,1507.0697289993404,103.81987299842876,new_parallel_worker
spherical_g16_d2_s3,spherical,16,2,2026092713,1200,10,20,1,hdbscan_common,0.02092813055707761,0.02092813055707761,0.025779927436919096,0.010984477580917308,0.08421869286674996,0.45666666666666667,2,652,16,2,-14,14,0,0.0,74,0.06051244382993433,0.06166666666666666,0.03592380396932947,0.13503649635036497,0.06166666666666667,0.08466819221967964,16,0,points,True,,,,,,,,,,,new_parallel_worker
spherical_g16_d2_s3,spherical,16,2,2026092713,1200,10,20,1,hdbscan_standard,0.021024054998095825,0.021024054998095825,0.02579911008108782,0.010939774487672072,0.08441843127706421,0.4575,2,651,16,2,-14,14,0,0.0,74,0.0605000431257547,0.06166666666666666,0.035904801863205126,0.13479052823315119,0.06166666666666667,0.08461978273299028,16,0,points,True,,,,,,,,,,,new_parallel_worker
spherical_g16_d2_s3,spherical,16,2,2026092713,1200,10,20,1,hgp_first_coverage,0.03688757312642331,0.03688757312642331,0.03622415972711002,0.03579838098521389,0.21518667774474598,0.8283333333333334,4,206,16,4,-12,12,0,0.0,200,0.1536455804871465,0.16666666666666666,0.13217838574629753,0.2012072434607646,0.16666666666666666,0.18231540565177756,16,0,points,True,,,,,,,,,,,new_parallel_worker
spherical_g16_d2_s3,spherical,16,2,2026092713,1200,10,20,1,hgp_weighted_full_vote,0.056444088379871846,0.056444088379871846,0.06603545165433224,0.05244928688469322,0.17638444495570682,0.5341666666666667,2,559,16,2,-14,14,0,0.0,110,0.026759578331110125,0.09166666666666667,0.03983525663874532,0.17160686427457097,0.09166666666666666,0.11950027159152635,,,facet_mass_before_point_vote,False,0,0,185,0,"[173,468]",28358.790041998873,9124.222170001303,19234.56787199757,8996.21726300029,725.7890220025729,new_parallel_worker
spherical_g16_d2_s3,spherical,16,2,2026092713,1200,10,20,2,hdbscan_common,0.02092813055707761,0.02092813055707761,0.025779927436919096,0.010984477580917308,0.08421869286674996,0.45666666666666667,2,652,16,2,-14,14,0,0.0,74,0.06051244382993433,0.06166666666666666,0.03592380396932947,0.13503649635036497,0.06166666666666667,0.08466819221967964,16,0,points,True,,,,,,,,,,,new_parallel_worker
spherical_g16_d2_s3,spherical,16,2,2026092713,1200,10,20,2,hgp_first_coverage,0.03688757312642331,0.03688757312642331,0.03622415972711002,0.03579838098521389,0.21518667774474598,0.8283333333333334,4,206,16,4,-12,12,0,0.0,200,0.1536455804871465,0.16666666666666666,0.13217838574629753,0.2012072434607646,0.16666666666666666,0.18231540565177756,16,0,points,True,,,,,,,,,,,new_parallel_worker
spherical_g16_d2_s3,spherical,16,2,2026092713,1200,10,20,2,hgp_weighted_full_vote,0.056444088379871846,0.056444088379871846,0.06603545165433224,0.05244928688469322,0.17638444495570682,0.5341666666666667,2,559,16,2,-14,14,0,0.0,110,0.026759578331110125,0.09166666666666667,0.03983525663874532,0.17160686427457097,0.09166666666666666,0.11950027159152635,,,facet_mass_before_point_vote,False,0,0,185,0,"[173,468]",36054.91446199812,13210.464709998632,22844.44975199949,12220.589746000769,710.6863600020006,new_parallel_worker
spherical_g16_d2_s3,spherical,16,2,2026092713,1200,10,50,1,hdbscan_common,0.014119712921998161,0.014119712921998161,0.04342552987734958,0.05247532970984249,0.10418250520941315,0.27666666666666667,2,868,16,2,-14,14,0,0.0,60,0.026517210144927535,0.05,0.03295314133637487,0.18072289156626506,0.05,0.0783289817232376,16,0,points,True,,,,,,,,,,,new_parallel_worker
spherical_g16_d2_s3,spherical,16,2,2026092713,1200,10,50,1,hdbscan_standard,0.014127802899172287,0.014127802899172287,0.04322279859751738,0.052006150117870215,0.10285023987719649,0.2775,2,867,16,2,-14,14,0,0.0,60,0.026327284946236557,0.05,0.03283730158730159,0.18018018018018017,0.05,0.07827788649706457,16,0,points,True,,,,,,,,,,,new_parallel_worker
spherical_g16_d2_s3,spherical,16,2,2026092713,1200,10,50,1,hgp_first_coverage,0.027244930340203036,0.027244930340203036,0.026369314875796027,0.02580738413779762,0.1854836196851019,0.8683333333333333,3,158,16,3,-13,13,0,0.0,175,0.10929084120966163,0.14583333333333331,0.1024312117752054,0.16794625719769674,0.14583333333333334,0.15611061552185548,16,0,points,True,,,,,,,,,,,new_parallel_worker
spherical_g16_d2_s3,spherical,16,2,2026092713,1200,10,50,1,hgp_weighted_full_vote,0.056444088379871846,0.056444088379871846,0.06603545165433224,0.05244928688469322,0.17638444495570682,0.5341666666666667,2,559,16,2,-14,14,0,0.0,110,0.026759578331110125,0.09166666666666667,0.03983525663874532,0.17160686427457097,0.09166666666666666,0.11950027159152635,,,facet_mass_before_point_vote,False,0,0,185,0,"[173,468]",28358.790041998873,9124.222170001303,19234.56787199757,8990.870109999378,699.3454780022148,new_parallel_worker
spherical_g16_d2_s3,spherical,16,2,2026092713,1200,10,50,2,hdbscan_common,0.014119712921998161,0.014119712921998161,0.04342552987734958,0.05247532970984249,0.10418250520941315,0.27666666666666667,2,868,16,2,-14,14,0,0.0,60,0.026517210144927535,0.05,0.03295314133637487,0.18072289156626506,0.05,0.0783289817232376,16,0,points,True,,,,,,,,,,,new_parallel_worker
spherical_g16_d2_s3,spherical,16,2,2026092713,1200,10,50,2,hgp_first_coverage,0.027244930340203036,0.027244930340203036,0.026369314875796027,0.02580738413779762,0.1854836196851019,0.8683333333333333,3,158,16,3,-13,13,0,0.0,175,0.10929084120966163,0.14583333333333331,0.1024312117752054,0.16794625719769674,0.14583333333333334,0.15611061552185548,16,0,points,True,,,,,,,,,,,new_parallel_worker
spherical_g16_d2_s3,spherical,16,2,2026092713,1200,10,50,2,hgp_weighted_full_vote,0.056444088379871846,0.056444088379871846,0.06603545165433224,0.05244928688469322,0.17638444495570682,0.5341666666666667,2,559,16,2,-14,14,0,0.0,110,0.026759578331110125,0.09166666666666667,0.03983525663874532,0.17160686427457097,0.09166666666666666,0.11950027159152635,,,facet_mass_before_point_vote,False,0,0,185,0,"[173,468]",36054.91446199812,13210.464709998632,22844.44975199949,8962.49339499991,738.1820690025052,new_parallel_worker
spherical_g2_d8_s1,spherical,2,8,2026092711,1200,5,20,1,hdbscan_common,1.0,1.0,1.0,1.0,1.0,1.0,2,0,2,2,0,0,2,1.0,1200,1.0,1.0,1.0,1.0,1.0,1.0,2,0,points,True,,,,,,,,,,,reused_interrupted_serial_unit
spherical_g2_d8_s1,spherical,2,8,2026092711,1200,5,20,1,hdbscan_standard,1.0,1.0,1.0,1.0,1.0,1.0,2,0,2,2,0,0,2,1.0,1200,1.0,1.0,1.0,1.0,1.0,1.0,2,0,points,True,,,,,,,,,,,reused_interrupted_serial_unit
spherical_g2_d8_s1,spherical,2,8,2026092711,1200,5,20,1,hgp_first_coverage,1.0,1.0,1.0,1.0,1.0,1.0,2,0,2,2,0,0,2,1.0,1200,1.0,1.0,1.0,1.0,1.0,1.0,2,0,points,True,,,,,,,,,,,reused_interrupted_serial_unit
spherical_g2_d8_s1,spherical,2,8,2026092711,1200,5,20,1,hgp_weighted_full_vote,1.0,1.0,1.0,1.0,1.0,1.0,2,0,2,2,0,0,2,1.0,1200,1.0,1.0,1.0,1.0,1.0,1.0,,,facet_mass_before_point_vote,False,0,0,26,0,"[600,600]",4862.900502001139,1855.4359020017728,3007.4645999993663,1266.586970003118,144.6302049989754,reused_interrupted_serial_unit
spherical_g2_d8_s1,spherical,2,8,2026092711,1200,5,20,2,hdbscan_common,1.0,1.0,1.0,1.0,1.0,1.0,2,0,2,2,0,0,2,1.0,1200,1.0,1.0,1.0,1.0,1.0,1.0,2,0,points,True,,,,,,,,,,,reused_interrupted_serial_unit
spherical_g2_d8_s1,spherical,2,8,2026092711,1200,5,20,2,hgp_first_coverage,1.0,1.0,1.0,1.0,1.0,1.0,2,0,2,2,0,0,2,1.0,1200,1.0,1.0,1.0,1.0,1.0,1.0,2,0,points,True,,,,,,,,,,,reused_interrupted_serial_unit
spherical_g2_d8_s1,spherical,2,8,2026092711,1200,5,20,2,hgp_weighted_full_vote,1.0,1.0,1.0,1.0,1.0,1.0,2,0,2,2,0,0,2,1.0,1200,1.0,1.0,1.0,1.0,1.0,1.0,,,facet_mass_before_point_vote,False,0,0,26,0,"[600,600]",4837.473177998618,1526.3492679987394,3311.1239099998784,1303.1667500035837,154.6674589990289,reused_interrupted_serial_unit
spherical_g2_d8_s1,spherical,2,8,2026092711,1200,5,50,1,hdbscan_common,1.0,1.0,1.0,1.0,1.0,1.0,2,0,2,2,0,0,2,1.0,1200,1.0,1.0,1.0,1.0,1.0,1.0,2,0,points,True,,,,,,,,,,,reused_interrupted_serial_unit
spherical_g2_d8_s1,spherical,2,8,2026092711,1200,5,50,1,hdbscan_standard,1.0,1.0,1.0,1.0,1.0,1.0,2,0,2,2,0,0,2,1.0,1200,1.0,1.0,1.0,1.0,1.0,1.0,2,0,points,True,,,,,,,,,,,reused_interrupted_serial_unit
spherical_g2_d8_s1,spherical,2,8,2026092711,1200,5,50,1,hgp_first_coverage,1.0,1.0,1.0,1.0,1.0,1.0,2,0,2,2,0,0,2,1.0,1200,1.0,1.0,1.0,1.0,1.0,1.0,2,0,points,True,,,,,,,,,,,reused_interrupted_serial_unit
spherical_g2_d8_s1,spherical,2,8,2026092711,1200,5,50,1,hgp_weighted_full_vote,1.0,1.0,1.0,1.0,1.0,1.0,2,0,2,2,0,0,2,1.0,1200,1.0,1.0,1.0,1.0,1.0,1.0,,,facet_mass_before_point_vote,False,0,0,26,0,"[600,600]",4862.900502001139,1855.4359020017728,3007.4645999993663,1833.736112999759,149.94029499939643,reused_interrupted_serial_unit
spherical_g2_d8_s1,spherical,2,8,2026092711,1200,5,50,2,hdbscan_common,1.0,1.0,1.0,1.0,1.0,1.0,2,0,2,2,0,0,2,1.0,1200,1.0,1.0,1.0,1.0,1.0,1.0,2,0,points,True,,,,,,,,,,,reused_interrupted_serial_unit
spherical_g2_d8_s1,spherical,2,8,2026092711,1200,5,50,2,hgp_first_coverage,1.0,1.0,1.0,1.0,1.0,1.0,2,0,2,2,0,0,2,1.0,1200,1.0,1.0,1.0,1.0,1.0,1.0,2,0,points,True,,,,,,,,,,,reused_interrupted_serial_unit
spherical_g2_d8_s1,spherical,2,8,2026092711,1200,5,50,2,hgp_weighted_full_vote,1.0,1.0,1.0,1.0,1.0,1.0,2,0,2,2,0,0,2,1.0,1200,1.0,1.0,1.0,1.0,1.0,1.0,,,facet_mass_before_point_vote,False,0,0,26,0,"[600,600]",4837.473177998618,1526.3492679987394,3311.1239099998784,1914.9398669978837,154.14807999695768,reused_interrupted_serial_unit
spherical_g2_d8_s1,spherical,2,8,2026092711,1200,10,20,1,hdbscan_common,1.0,1.0,1.0,1.0,1.0,1.0,2,0,2,2,0,0,2,1.0,1200,1.0,1.0,1.0,1.0,1.0,1.0,2,0,points,True,,,,,,,,,,,reused_interrupted_serial_unit
spherical_g2_d8_s1,spherical,2,8,2026092711,1200,10,20,1,hdbscan_standard,1.0,1.0,1.0,1.0,1.0,1.0,2,0,2,2,0,0,2,1.0,1200,1.0,1.0,1.0,1.0,1.0,1.0,2,0,points,True,,,,,,,,,,,reused_interrupted_serial_unit
spherical_g2_d8_s1,spherical,2,8,2026092711,1200,10,20,1,hgp_first_coverage,1.0,1.0,1.0,1.0,1.0,1.0,2,0,2,2,0,0,2,1.0,1200,1.0,1.0,1.0,1.0,1.0,1.0,2,0,points,True,,,,,,,,,,,reused_interrupted_serial_unit
spherical_g2_d8_s1,spherical,2,8,2026092711,1200,10,20,1,hgp_weighted_full_vote,1.0,1.0,1.0,1.0,1.0,1.0,2,0,2,2,0,0,2,1.0,1200,1.0,1.0,1.0,1.0,1.0,1.0,,,facet_mass_before_point_vote,False,0,0,236,0,"[600,600]",26118.10388899903,7815.0279549990955,18303.075933999935,7620.721541999956,1413.0833109993546,reused_interrupted_serial_unit
spherical_g2_d8_s1,spherical,2,8,2026092711,1200,10,20,2,hdbscan_common,1.0,1.0,1.0,1.0,1.0,1.0,2,0,2,2,0,0,2,1.0,1200,1.0,1.0,1.0,1.0,1.0,1.0,2,0,points,True,,,,,,,,,,,reused_interrupted_serial_unit
spherical_g2_d8_s1,spherical,2,8,2026092711,1200,10,20,2,hgp_first_coverage,1.0,1.0,1.0,1.0,1.0,1.0,2,0,2,2,0,0,2,1.0,1200,1.0,1.0,1.0,1.0,1.0,1.0,2,0,points,True,,,,,,,,,,,reused_interrupted_serial_unit
spherical_g2_d8_s1,spherical,2,8,2026092711,1200,10,20,2,hgp_weighted_full_vote,1.0,1.0,1.0,1.0,1.0,1.0,2,0,2,2,0,0,2,1.0,1200,1.0,1.0,1.0,1.0,1.0,1.0,,,facet_mass_before_point_vote,False,0,0,236,0,"[600,600]",30973.582877002627,11094.22339700177,19879.359480000858,10446.519648998219,1323.0463049985701,reused_interrupted_serial_unit
spherical_g2_d8_s1,spherical,2,8,2026092711,1200,10,50,1,hdbscan_common,1.0,1.0,1.0,1.0,1.0,1.0,2,0,2,2,0,0,2,1.0,1200,1.0,1.0,1.0,1.0,1.0,1.0,2,0,points,True,,,,,,,,,,,reused_interrupted_serial_unit
spherical_g2_d8_s1,spherical,2,8,2026092711,1200,10,50,1,hdbscan_standard,1.0,1.0,1.0,1.0,1.0,1.0,2,0,2,2,0,0,2,1.0,1200,1.0,1.0,1.0,1.0,1.0,1.0,2,0,points,True,,,,,,,,,,,reused_interrupted_serial_unit
spherical_g2_d8_s1,spherical,2,8,2026092711,1200,10,50,1,hgp_first_coverage,1.0,1.0,1.0,1.0,1.0,1.0,2,0,2,2,0,0,2,1.0,1200,1.0,1.0,1.0,1.0,1.0,1.0,2,0,points,True,,,,,,,,,,,reused_interrupted_serial_unit
spherical_g2_d8_s1,spherical,2,8,2026092711,1200,10,50,1,hgp_weighted_full_vote,1.0,1.0,1.0,1.0,1.0,1.0,2,0,2,2,0,0,2,1.0,1200,1.0,1.0,1.0,1.0,1.0,1.0,,,facet_mass_before_point_vote,False,0,0,236,0,"[600,600]",26118.10388899903,7815.0279549990955,18303.075933999935,7990.064957000868,1507.8025239999988,reused_interrupted_serial_unit
spherical_g2_d8_s1,spherical,2,8,2026092711,1200,10,50,2,hdbscan_common,1.0,1.0,1.0,1.0,1.0,1.0,2,0,2,2,0,0,2,1.0,1200,1.0,1.0,1.0,1.0,1.0,1.0,2,0,points,True,,,,,,,,,,,reused_interrupted_serial_unit
spherical_g2_d8_s1,spherical,2,8,2026092711,1200,10,50,2,hgp_first_coverage,1.0,1.0,1.0,1.0,1.0,1.0,2,0,2,2,0,0,2,1.0,1200,1.0,1.0,1.0,1.0,1.0,1.0,2,0,points,True,,,,,,,,,,,reused_interrupted_serial_unit
spherical_g2_d8_s1,spherical,2,8,2026092711,1200,10,50,2,hgp_weighted_full_vote,1.0,1.0,1.0,1.0,1.0,1.0,2,0,2,2,0,0,2,1.0,1200,1.0,1.0,1.0,1.0,1.0,1.0,,,facet_mass_before_point_vote,False,0,0,236,0,"[600,600]",30973.582877002627,11094.22339700177,19879.359480000858,7860.753658002068,1377.8399889997672,reused_interrupted_serial_unit
spherical_g2_d8_s2,spherical,2,8,2026092712,1200,5,20,1,hdbscan_common,1.0,1.0,1.0,1.0,1.0,1.0,2,0,2,2,0,0,2,1.0,1200,1.0,1.0,1.0,1.0,1.0,1.0,2,0,points,True,,,,,,,,,,,reused_interrupted_serial_unit
spherical_g2_d8_s2,spherical,2,8,2026092712,1200,5,20,1,hdbscan_standard,1.0,1.0,1.0,1.0,1.0,1.0,2,0,2,2,0,0,2,1.0,1200,1.0,1.0,1.0,1.0,1.0,1.0,2,0,points,True,,,,,,,,,,,reused_interrupted_serial_unit
spherical_g2_d8_s2,spherical,2,8,2026092712,1200,5,20,1,hgp_first_coverage,1.0,1.0,1.0,1.0,1.0,1.0,2,0,2,2,0,0,2,1.0,1200,1.0,1.0,1.0,1.0,1.0,1.0,2,0,points,True,,,,,,,,,,,reused_interrupted_serial_unit
spherical_g2_d8_s2,spherical,2,8,2026092712,1200,5,20,1,hgp_weighted_full_vote,1.0,1.0,1.0,1.0,1.0,1.0,2,0,2,2,0,0,2,1.0,1200,1.0,1.0,1.0,1.0,1.0,1.0,,,facet_mass_before_point_vote,False,0,0,37,0,"[600,600]",5590.5364509999345,1909.1509739992034,3681.385477000731,1861.612487999082,147.61578099933104,reused_interrupted_serial_unit
spherical_g2_d8_s2,spherical,2,8,2026092712,1200,5,20,2,hdbscan_common,1.0,1.0,1.0,1.0,1.0,1.0,2,0,2,2,0,0,2,1.0,1200,1.0,1.0,1.0,1.0,1.0,1.0,2,0,points,True,,,,,,,,,,,reused_interrupted_serial_unit
spherical_g2_d8_s2,spherical,2,8,2026092712,1200,5,20,2,hgp_first_coverage,1.0,1.0,1.0,1.0,1.0,1.0,2,0,2,2,0,0,2,1.0,1200,1.0,1.0,1.0,1.0,1.0,1.0,2,0,points,True,,,,,,,,,,,reused_interrupted_serial_unit
spherical_g2_d8_s2,spherical,2,8,2026092712,1200,5,20,2,hgp_weighted_full_vote,1.0,1.0,1.0,1.0,1.0,1.0,2,0,2,2,0,0,2,1.0,1200,1.0,1.0,1.0,1.0,1.0,1.0,,,facet_mass_before_point_vote,False,0,0,37,0,"[600,600]",6393.860187999962,2154.0684760002478,4239.791711999715,1339.4232950013247,151.73568300087936,reused_interrupted_serial_unit
spherical_g2_d8_s2,spherical,2,8,2026092712,1200,5,50,1,hdbscan_common,1.0,1.0,1.0,1.0,1.0,1.0,2,0,2,2,0,0,2,1.0,1200,1.0,1.0,1.0,1.0,1.0,1.0,2,0,points,True,,,,,,,,,,,reused_interrupted_serial_unit
spherical_g2_d8_s2,spherical,2,8,2026092712,1200,5,50,1,hdbscan_standard,1.0,1.0,1.0,1.0,1.0,1.0,2,0,2,2,0,0,2,1.0,1200,1.0,1.0,1.0,1.0,1.0,1.0,2,0,points,True,,,,,,,,,,,reused_interrupted_serial_unit
spherical_g2_d8_s2,spherical,2,8,2026092712,1200,5,50,1,hgp_first_coverage,1.0,1.0,1.0,1.0,1.0,1.0,2,0,2,2,0,0,2,1.0,1200,1.0,1.0,1.0,1.0,1.0,1.0,2,0,points,True,,,,,,,,,,,reused_interrupted_serial_unit
spherical_g2_d8_s2,spherical,2,8,2026092712,1200,5,50,1,hgp_weighted_full_vote,1.0,1.0,1.0,1.0,1.0,1.0,2,0,2,2,0,0,2,1.0,1200,1.0,1.0,1.0,1.0,1.0,1.0,,,facet_mass_before_point_vote,False,0,0,37,0,"[600,600]",5590.5364509999345,1909.1509739992034,3681.385477000731,1261.254844997893,151.98116099782055,reused_interrupted_serial_unit
spherical_g2_d8_s2,spherical,2,8,2026092712,1200,5,50,2,hdbscan_common,1.0,1.0,1.0,1.0,1.0,1.0,2,0,2,2,0,0,2,1.0,1200,1.0,1.0,1.0,1.0,1.0,1.0,2,0,points,True,,,,,,,,,,,reused_interrupted_serial_unit
spherical_g2_d8_s2,spherical,2,8,2026092712,1200,5,50,2,hgp_first_coverage,1.0,1.0,1.0,1.0,1.0,1.0,2,0,2,2,0,0,2,1.0,1200,1.0,1.0,1.0,1.0,1.0,1.0,2,0,points,True,,,,,,,,,,,reused_interrupted_serial_unit
spherical_g2_d8_s2,spherical,2,8,2026092712,1200,5,50,2,hgp_weighted_full_vote,1.0,1.0,1.0,1.0,1.0,1.0,2,0,2,2,0,0,2,1.0,1200,1.0,1.0,1.0,1.0,1.0,1.0,,,facet_mass_before_point_vote,False,0,0,37,0,"[600,600]",6393.860187999962,2154.0684760002478,4239.791711999715,1975.2235380001366,163.05395599920303,reused_interrupted_serial_unit
spherical_g2_d8_s2,spherical,2,8,2026092712,1200,10,20,1,hdbscan_common,1.0,1.0,1.0,1.0,1.0,1.0,2,0,2,2,0,0,2,1.0,1200,1.0,1.0,1.0,1.0,1.0,1.0,2,0,points,True,,,,,,,,,,,reused_interrupted_serial_unit
spherical_g2_d8_s2,spherical,2,8,2026092712,1200,10,20,1,hdbscan_standard,1.0,1.0,1.0,1.0,1.0,1.0,2,0,2,2,0,0,2,1.0,1200,1.0,1.0,1.0,1.0,1.0,1.0,2,0,points,True,,,,,,,,,,,reused_interrupted_serial_unit
spherical_g2_d8_s2,spherical,2,8,2026092712,1200,10,20,1,hgp_first_coverage,1.0,1.0,1.0,1.0,1.0,1.0,2,0,2,2,0,0,2,1.0,1200,1.0,1.0,1.0,1.0,1.0,1.0,2,0,points,True,,,,,,,,,,,reused_interrupted_serial_unit
spherical_g2_d8_s2,spherical,2,8,2026092712,1200,10,20,1,hgp_weighted_full_vote,1.0,1.0,1.0,1.0,1.0,1.0,2,0,2,2,0,0,2,1.0,1200,1.0,1.0,1.0,1.0,1.0,1.0,,,facet_mass_before_point_vote,False,0,0,227,0,"[600,600]",25705.745252998895,7751.020899999276,17954.72435299962,7244.5107940002345,1294.559271002072,reused_interrupted_serial_unit
spherical_g2_d8_s2,spherical,2,8,2026092712,1200,10,20,2,hdbscan_common,1.0,1.0,1.0,1.0,1.0,1.0,2,0,2,2,0,0,2,1.0,1200,1.0,1.0,1.0,1.0,1.0,1.0,2,0,points,True,,,,,,,,,,,reused_interrupted_serial_unit
spherical_g2_d8_s2,spherical,2,8,2026092712,1200,10,20,2,hgp_first_coverage,1.0,1.0,1.0,1.0,1.0,1.0,2,0,2,2,0,0,2,1.0,1200,1.0,1.0,1.0,1.0,1.0,1.0,2,0,points,True,,,,,,,,,,,reused_interrupted_serial_unit
spherical_g2_d8_s2,spherical,2,8,2026092712,1200,10,20,2,hgp_weighted_full_vote,1.0,1.0,1.0,1.0,1.0,1.0,2,0,2,2,0,0,2,1.0,1200,1.0,1.0,1.0,1.0,1.0,1.0,,,facet_mass_before_point_vote,False,0,0,227,0,"[600,600]",30816.05462800144,11017.190243001096,19798.864385000343,7585.434070999327,1323.3639479985868,reused_interrupted_serial_unit
spherical_g2_d8_s2,spherical,2,8,2026092712,1200,10,50,1,hdbscan_common,1.0,1.0,1.0,1.0,1.0,1.0,2,0,2,2,0,0,2,1.0,1200,1.0,1.0,1.0,1.0,1.0,1.0,2,0,points,True,,,,,,,,,,,reused_interrupted_serial_unit
spherical_g2_d8_s2,spherical,2,8,2026092712,1200,10,50,1,hdbscan_standard,1.0,1.0,1.0,1.0,1.0,1.0,2,0,2,2,0,0,2,1.0,1200,1.0,1.0,1.0,1.0,1.0,1.0,2,0,points,True,,,,,,,,,,,reused_interrupted_serial_unit
spherical_g2_d8_s2,spherical,2,8,2026092712,1200,10,50,1,hgp_first_coverage,1.0,1.0,1.0,1.0,1.0,1.0,2,0,2,2,0,0,2,1.0,1200,1.0,1.0,1.0,1.0,1.0,1.0,2,0,points,True,,,,,,,,,,,reused_interrupted_serial_unit
spherical_g2_d8_s2,spherical,2,8,2026092712,1200,10,50,1,hgp_weighted_full_vote,1.0,1.0,1.0,1.0,1.0,1.0,2,0,2,2,0,0,2,1.0,1200,1.0,1.0,1.0,1.0,1.0,1.0,,,facet_mass_before_point_vote,False,0,0,227,0,"[600,600]",25705.745252998895,7751.020899999276,17954.72435299962,7445.733967997512,1304.7650199987402,reused_interrupted_serial_unit
spherical_g2_d8_s2,spherical,2,8,2026092712,1200,10,50,2,hdbscan_common,1.0,1.0,1.0,1.0,1.0,1.0,2,0,2,2,0,0,2,1.0,1200,1.0,1.0,1.0,1.0,1.0,1.0,2,0,points,True,,,,,,,,,,,reused_interrupted_serial_unit
spherical_g2_d8_s2,spherical,2,8,2026092712,1200,10,50,2,hgp_first_coverage,1.0,1.0,1.0,1.0,1.0,1.0,2,0,2,2,0,0,2,1.0,1200,1.0,1.0,1.0,1.0,1.0,1.0,2,0,points,True,,,,,,,,,,,reused_interrupted_serial_unit
spherical_g2_d8_s2,spherical,2,8,2026092712,1200,10,50,2,hgp_weighted_full_vote,1.0,1.0,1.0,1.0,1.0,1.0,2,0,2,2,0,0,2,1.0,1200,1.0,1.0,1.0,1.0,1.0,1.0,,,facet_mass_before_point_vote,False,0,0,227,0,"[600,600]",30816.05462800144,11017.190243001096,19798.864385000343,10281.358534000901,1339.3419890016958,reused_interrupted_serial_unit
spherical_g2_d8_s3,spherical,2,8,2026092713,1200,5,20,1,hdbscan_common,1.0,1.0,1.0,1.0,1.0,1.0,2,0,2,2,0,0,2,1.0,1200,1.0,1.0,1.0,1.0,1.0,1.0,2,0,points,True,,,,,,,,,,,reused_interrupted_serial_unit
spherical_g2_d8_s3,spherical,2,8,2026092713,1200,5,20,1,hdbscan_standard,1.0,1.0,1.0,1.0,1.0,1.0,2,0,2,2,0,0,2,1.0,1200,1.0,1.0,1.0,1.0,1.0,1.0,2,0,points,True,,,,,,,,,,,reused_interrupted_serial_unit
spherical_g2_d8_s3,spherical,2,8,2026092713,1200,5,20,1,hgp_first_coverage,1.0,1.0,1.0,1.0,1.0,1.0,2,0,2,2,0,0,2,1.0,1200,1.0,1.0,1.0,1.0,1.0,1.0,2,0,points,True,,,,,,,,,,,reused_interrupted_serial_unit
spherical_g2_d8_s3,spherical,2,8,2026092713,1200,5,20,1,hgp_weighted_full_vote,1.0,1.0,1.0,1.0,1.0,1.0,2,0,2,2,0,0,2,1.0,1200,1.0,1.0,1.0,1.0,1.0,1.0,,,facet_mass_before_point_vote,False,0,0,26,0,"[600,600]",5598.710400998243,1915.9669029977522,3682.743498000491,1269.9812149985519,155.30784300062805,reused_interrupted_serial_unit
spherical_g2_d8_s3,spherical,2,8,2026092713,1200,5,20,2,hdbscan_common,1.0,1.0,1.0,1.0,1.0,1.0,2,0,2,2,0,0,2,1.0,1200,1.0,1.0,1.0,1.0,1.0,1.0,2,0,points,True,,,,,,,,,,,reused_interrupted_serial_unit
spherical_g2_d8_s3,spherical,2,8,2026092713,1200,5,20,2,hgp_first_coverage,1.0,1.0,1.0,1.0,1.0,1.0,2,0,2,2,0,0,2,1.0,1200,1.0,1.0,1.0,1.0,1.0,1.0,2,0,points,True,,,,,,,,,,,reused_interrupted_serial_unit
spherical_g2_d8_s3,spherical,2,8,2026092713,1200,5,20,2,hgp_weighted_full_vote,1.0,1.0,1.0,1.0,1.0,1.0,2,0,2,2,0,0,2,1.0,1200,1.0,1.0,1.0,1.0,1.0,1.0,,,facet_mass_before_point_vote,False,0,0,26,0,"[600,600]",6700.394323001092,2308.9287740003783,4391.4655490007135,1321.3596299974597,155.76609799973085,reused_interrupted_serial_unit
spherical_g2_d8_s3,spherical,2,8,2026092713,1200,5,50,1,hdbscan_common,1.0,1.0,1.0,1.0,1.0,1.0,2,0,2,2,0,0,2,1.0,1200,1.0,1.0,1.0,1.0,1.0,1.0,2,0,points,True,,,,,,,,,,,reused_interrupted_serial_unit
spherical_g2_d8_s3,spherical,2,8,2026092713,1200,5,50,1,hdbscan_standard,1.0,1.0,1.0,1.0,1.0,1.0,2,0,2,2,0,0,2,1.0,1200,1.0,1.0,1.0,1.0,1.0,1.0,2,0,points,True,,,,,,,,,,,reused_interrupted_serial_unit
spherical_g2_d8_s3,spherical,2,8,2026092713,1200,5,50,1,hgp_first_coverage,1.0,1.0,1.0,1.0,1.0,1.0,2,0,2,2,0,0,2,1.0,1200,1.0,1.0,1.0,1.0,1.0,1.0,2,0,points,True,,,,,,,,,,,reused_interrupted_serial_unit
spherical_g2_d8_s3,spherical,2,8,2026092713,1200,5,50,1,hgp_weighted_full_vote,1.0,1.0,1.0,1.0,1.0,1.0,2,0,2,2,0,0,2,1.0,1200,1.0,1.0,1.0,1.0,1.0,1.0,,,facet_mass_before_point_vote,False,0,0,26,0,"[600,600]",5598.710400998243,1915.9669029977522,3682.743498000491,1334.8281430007773,168.84924100304488,reused_interrupted_serial_unit
spherical_g2_d8_s3,spherical,2,8,2026092713,1200,5,50,2,hdbscan_common,1.0,1.0,1.0,1.0,1.0,1.0,2,0,2,2,0,0,2,1.0,1200,1.0,1.0,1.0,1.0,1.0,1.0,2,0,points,True,,,,,,,,,,,reused_interrupted_serial_unit
spherical_g2_d8_s3,spherical,2,8,2026092713,1200,5,50,2,hgp_first_coverage,1.0,1.0,1.0,1.0,1.0,1.0,2,0,2,2,0,0,2,1.0,1200,1.0,1.0,1.0,1.0,1.0,1.0,2,0,points,True,,,,,,,,,,,reused_interrupted_serial_unit
spherical_g2_d8_s3,spherical,2,8,2026092713,1200,5,50,2,hgp_weighted_full_vote,1.0,1.0,1.0,1.0,1.0,1.0,2,0,2,2,0,0,2,1.0,1200,1.0,1.0,1.0,1.0,1.0,1.0,,,facet_mass_before_point_vote,False,0,0,26,0,"[600,600]",6700.394323001092,2308.9287740003783,4391.4655490007135,2015.6590599981428,159.84682599810185,reused_interrupted_serial_unit
spherical_g2_d8_s3,spherical,2,8,2026092713,1200,10,20,1,hdbscan_common,0.9983347199093332,0.9983347199093332,0.9983347199093332,1.0,0.9955737162526257,0.9991666666666666,2,1,2,2,0,0,1,0.5,1199,1.0,0.9991666666666666,0.9995829858215179,1.0,0.9991666666666666,0.9995831596498541,2,0,points,True,,,,,,,,,,,reused_interrupted_serial_unit
spherical_g2_d8_s3,spherical,2,8,2026092713,1200,10,20,1,hdbscan_standard,0.9983347199093332,0.9983347199093332,0.9983347199093332,1.0,0.9955737162526257,0.9991666666666666,2,1,2,2,0,0,1,0.5,1199,1.0,0.9991666666666666,0.9995829858215179,1.0,0.9991666666666666,0.9995831596498541,2,0,points,True,,,,,,,,,,,reused_interrupted_serial_unit
spherical_g2_d8_s3,spherical,2,8,2026092713,1200,10,20,1,hgp_first_coverage,1.0,1.0,1.0,1.0,1.0,1.0,2,0,2,2,0,0,2,1.0,1200,1.0,1.0,1.0,1.0,1.0,1.0,2,0,points,True,,,,,,,,,,,reused_interrupted_serial_unit
spherical_g2_d8_s3,spherical,2,8,2026092713,1200,10,20,1,hgp_weighted_full_vote,1.0,1.0,1.0,1.0,1.0,1.0,2,0,2,2,0,0,2,1.0,1200,1.0,1.0,1.0,1.0,1.0,1.0,,,facet_mass_before_point_vote,False,0,0,208,0,"[600,600]",26902.195720002055,7841.755404999276,19060.44031500278,7400.403699997696,1394.9834929990175,reused_interrupted_serial_unit
spherical_g2_d8_s3,spherical,2,8,2026092713,1200,10,20,2,hdbscan_common,0.9983347199093332,0.9983347199093332,0.9983347199093332,1.0,0.9955737162526257,0.9991666666666666,2,1,2,2,0,0,1,0.5,1199,1.0,0.9991666666666666,0.9995829858215179,1.0,0.9991666666666666,0.9995831596498541,2,0,points,True,,,,,,,,,,,reused_interrupted_serial_unit
spherical_g2_d8_s3,spherical,2,8,2026092713,1200,10,20,2,hgp_first_coverage,1.0,1.0,1.0,1.0,1.0,1.0,2,0,2,2,0,0,2,1.0,1200,1.0,1.0,1.0,1.0,1.0,1.0,2,0,points,True,,,,,,,,,,,reused_interrupted_serial_unit
spherical_g2_d8_s3,spherical,2,8,2026092713,1200,10,20,2,hgp_weighted_full_vote,1.0,1.0,1.0,1.0,1.0,1.0,2,0,2,2,0,0,2,1.0,1200,1.0,1.0,1.0,1.0,1.0,1.0,,,facet_mass_before_point_vote,False,0,0,208,0,"[600,600]",31783.20434899797,11392.62588499696,20390.57846400101,10692.448305999278,1378.588044000935,reused_interrupted_serial_unit
spherical_g2_d8_s3,spherical,2,8,2026092713,1200,10,50,1,hdbscan_common,0.9983347199093332,0.9983347199093332,0.9983347199093332,1.0,0.9955737162526257,0.9991666666666666,2,1,2,2,0,0,1,0.5,1199,1.0,0.9991666666666666,0.9995829858215179,1.0,0.9991666666666666,0.9995831596498541,2,0,points,True,,,,,,,,,,,reused_interrupted_serial_unit
spherical_g2_d8_s3,spherical,2,8,2026092713,1200,10,50,1,hdbscan_standard,0.9983347199093332,0.9983347199093332,0.9983347199093332,1.0,0.9955737162526257,0.9991666666666666,2,1,2,2,0,0,1,0.5,1199,1.0,0.9991666666666666,0.9995829858215179,1.0,0.9991666666666666,0.9995831596498541,2,0,points,True,,,,,,,,,,,reused_interrupted_serial_unit
spherical_g2_d8_s3,spherical,2,8,2026092713,1200,10,50,1,hgp_first_coverage,1.0,1.0,1.0,1.0,1.0,1.0,2,0,2,2,0,0,2,1.0,1200,1.0,1.0,1.0,1.0,1.0,1.0,2,0,points,True,,,,,,,,,,,reused_interrupted_serial_unit
spherical_g2_d8_s3,spherical,2,8,2026092713,1200,10,50,1,hgp_weighted_full_vote,1.0,1.0,1.0,1.0,1.0,1.0,2,0,2,2,0,0,2,1.0,1200,1.0,1.0,1.0,1.0,1.0,1.0,,,facet_mass_before_point_vote,False,0,0,208,0,"[600,600]",26902.195720002055,7841.755404999276,19060.44031500278,7487.055673998839,1440.195410999877,reused_interrupted_serial_unit
spherical_g2_d8_s3,spherical,2,8,2026092713,1200,10,50,2,hdbscan_common,0.9983347199093332,0.9983347199093332,0.9983347199093332,1.0,0.9955737162526257,0.9991666666666666,2,1,2,2,0,0,1,0.5,1199,1.0,0.9991666666666666,0.9995829858215179,1.0,0.9991666666666666,0.9995831596498541,2,0,points,True,,,,,,,,,,,reused_interrupted_serial_unit
spherical_g2_d8_s3,spherical,2,8,2026092713,1200,10,50,2,hgp_first_coverage,1.0,1.0,1.0,1.0,1.0,1.0,2,0,2,2,0,0,2,1.0,1200,1.0,1.0,1.0,1.0,1.0,1.0,2,0,points,True,,,,,,,,,,,reused_interrupted_serial_unit
spherical_g2_d8_s3,spherical,2,8,2026092713,1200,10,50,2,hgp_weighted_full_vote,1.0,1.0,1.0,1.0,1.0,1.0,2,0,2,2,0,0,2,1.0,1200,1.0,1.0,1.0,1.0,1.0,1.0,,,facet_mass_before_point_vote,False,0,0,208,0,"[600,600]",31783.20434899797,11392.62588499696,20390.57846400101,8021.079185997223,1456.267196997942,reused_interrupted_serial_unit
spherical_g8_d4_s1,spherical,8,4,2026092711,1200,5,20,1,hdbscan_common,0.15767617987320126,0.15767617987320126,0.16023802568224027,0.1691523575011945,0.4155174579956619,0.8883333333333333,3,134,8,3,-5,5,0,0.0,397,0.2706253579903445,0.3308333333333333,0.2665735328692386,0.3724202626641651,0.3308333333333333,0.3503971756398941,8,0,points,True,,,,,,,,,,,reused_interrupted_serial_unit
spherical_g8_d4_s1,spherical,8,4,2026092711,1200,5,20,1,hdbscan_standard,0.15772209425752695,0.15772209425752695,0.16018589338809652,0.1689820757347766,0.4162664581215793,0.8891666666666667,3,133,8,3,-5,5,0,0.0,398,0.2707530978965972,0.33166666666666667,0.26679612468700287,0.37300843486410495,0.33166666666666667,0.3511248345831495,8,0,points,True,,,,,,,,,,,reused_interrupted_serial_unit
spherical_g8_d4_s1,spherical,8,4,2026092711,1200,5,20,1,hgp_first_coverage,0.1721646425914062,0.1721646425914062,0.17219807353144953,0.17303012972943915,0.4914296697491626,0.9891666666666666,3,13,8,3,-5,5,0,0.0,442,0.2675542563338544,0.36833333333333335,0.28120742239231444,0.37236731255265376,0.36833333333333335,0.37033933808127356,8,0,points,True,,,,,,,,,,,reused_interrupted_serial_unit
spherical_g8_d4_s1,spherical,8,4,2026092711,1200,5,20,1,hgp_weighted_full_vote,0.1721586010896236,0.1721586010896236,0.17218065370990393,0.17294031080236805,0.4992414171572762,0.99,3,12,8,3,-5,5,0,0.0,443,0.27011698997885447,0.36916666666666664,0.28254683027160465,0.3728956228956229,0.36916666666666664,0.3710217755443886,,,facet_mass_before_point_vote,False,0,0,38,0,"[146,148,894]",5323.4843500031275,1782.5726980008767,3540.911652002251,1190.0432599977648,151.39302299940027,reused_interrupted_serial_unit
spherical_g8_d4_s1,spherical,8,4,2026092711,1200,5,20,2,hdbscan_common,0.15767617987320126,0.15767617987320126,0.16023802568224027,0.1691523575011945,0.4155174579956619,0.8883333333333333,3,134,8,3,-5,5,0,0.0,397,0.2706253579903445,0.3308333333333333,0.2665735328692386,0.3724202626641651,0.3308333333333333,0.3503971756398941,8,0,points,True,,,,,,,,,,,reused_interrupted_serial_unit
spherical_g8_d4_s1,spherical,8,4,2026092711,1200,5,20,2,hgp_first_coverage,0.1721646425914062,0.1721646425914062,0.17219807353144953,0.17303012972943915,0.4914296697491626,0.9891666666666666,3,13,8,3,-5,5,0,0.0,442,0.2675542563338544,0.36833333333333335,0.28120742239231444,0.37236731255265376,0.36833333333333335,0.37033933808127356,8,0,points,True,,,,,,,,,,,reused_interrupted_serial_unit
spherical_g8_d4_s1,spherical,8,4,2026092711,1200,5,20,2,hgp_weighted_full_vote,0.1721586010896236,0.1721586010896236,0.17218065370990393,0.17294031080236805,0.4992414171572762,0.99,3,12,8,3,-5,5,0,0.0,443,0.27011698997885447,0.36916666666666664,0.28254683027160465,0.3728956228956229,0.36916666666666664,0.3710217755443886,,,facet_mass_before_point_vote,False,0,0,38,0,"[146,148,894]",4557.076770001004,1426.1029320005036,3130.9738380005,1240.500356998382,137.72749400231987,reused_interrupted_serial_unit
spherical_g8_d4_s1,spherical,8,4,2026092711,1200,5,50,1,hdbscan_common,0.15767617987320126,0.15767617987320126,0.16023802568224027,0.1691523575011945,0.4155174579956619,0.8883333333333333,3,134,8,3,-5,5,0,0.0,397,0.2706253579903445,0.3308333333333333,0.2665735328692386,0.3724202626641651,0.3308333333333333,0.3503971756398941,8,0,points,True,,,,,,,,,,,reused_interrupted_serial_unit
spherical_g8_d4_s1,spherical,8,4,2026092711,1200,5,50,1,hdbscan_standard,0.15772209425752695,0.15772209425752695,0.16018589338809652,0.1689820757347766,0.4162664581215793,0.8891666666666667,3,133,8,3,-5,5,0,0.0,398,0.2707530978965972,0.33166666666666667,0.26679612468700287,0.37300843486410495,0.33166666666666667,0.3511248345831495,8,0,points,True,,,,,,,,,,,reused_interrupted_serial_unit
spherical_g8_d4_s1,spherical,8,4,2026092711,1200,5,50,1,hgp_first_coverage,0.1721646425914062,0.1721646425914062,0.17219807353144953,0.17303012972943915,0.4914296697491626,0.9891666666666666,3,13,8,3,-5,5,0,0.0,442,0.2675542563338544,0.36833333333333335,0.28120742239231444,0.37236731255265376,0.36833333333333335,0.37033933808127356,8,0,points,True,,,,,,,,,,,reused_interrupted_serial_unit
spherical_g8_d4_s1,spherical,8,4,2026092711,1200,5,50,1,hgp_weighted_full_vote,0.1721586010896236,0.1721586010896236,0.17218065370990393,0.17294031080236805,0.4992414171572762,0.99,3,12,8,3,-5,5,0,0.0,443,0.27011698997885447,0.36916666666666664,0.28254683027160465,0.3728956228956229,0.36916666666666664,0.3710217755443886,,,facet_mass_before_point_vote,False,0,0,38,0,"[146,148,894]",5323.4843500031275,1782.5726980008767,3540.911652002251,1805.5691709996609,134.7581780028122,reused_interrupted_serial_unit
spherical_g8_d4_s1,spherical,8,4,2026092711,1200,5,50,2,hdbscan_common,0.15767617987320126,0.15767617987320126,0.16023802568224027,0.1691523575011945,0.4155174579956619,0.8883333333333333,3,134,8,3,-5,5,0,0.0,397,0.2706253579903445,0.3308333333333333,0.2665735328692386,0.3724202626641651,0.3308333333333333,0.3503971756398941,8,0,points,True,,,,,,,,,,,reused_interrupted_serial_unit
spherical_g8_d4_s1,spherical,8,4,2026092711,1200,5,50,2,hgp_first_coverage,0.1721646425914062,0.1721646425914062,0.17219807353144953,0.17303012972943915,0.4914296697491626,0.9891666666666666,3,13,8,3,-5,5,0,0.0,442,0.2675542563338544,0.36833333333333335,0.28120742239231444,0.37236731255265376,0.36833333333333335,0.37033933808127356,8,0,points,True,,,,,,,,,,,reused_interrupted_serial_unit
spherical_g8_d4_s1,spherical,8,4,2026092711,1200,5,50,2,hgp_weighted_full_vote,0.1721586010896236,0.1721586010896236,0.17218065370990393,0.17294031080236805,0.4992414171572762,0.99,3,12,8,3,-5,5,0,0.0,443,0.27011698997885447,0.36916666666666664,0.28254683027160465,0.3728956228956229,0.36916666666666664,0.3710217755443886,,,facet_mass_before_point_vote,False,0,0,38,0,"[146,148,894]",4557.076770001004,1426.1029320005036,3130.9738380005,1857.0031740018749,133.04023499949835,reused_interrupted_serial_unit
spherical_g8_d4_s1,spherical,8,4,2026092711,1200,10,20,1,hdbscan_common,0.1459529595054684,0.1459529595054684,0.15419596639293223,0.17071373276060725,0.3744351229693582,0.8133333333333334,3,224,8,3,-5,5,0,0.0,369,0.2723274695534506,0.3075,0.2574406288364256,0.3780737704918033,0.3075,0.3391544117647059,8,0,points,True,,,,,,,,,,,reused_interrupted_serial_unit
spherical_g8_d4_s1,spherical,8,4,2026092711,1200,10,20,1,hdbscan_standard,0.14609753246744786,0.14609753246744786,0.15402593091521286,0.17024144478200157,0.3732145131319919,0.815,3,222,8,3,-5,5,0,0.0,370,0.2714972239681542,0.30833333333333335,0.2572672462759451,0.3783231083844581,0.30833333333333335,0.3397612488521579,8,0,points,True,,,,,,,,,,,reused_interrupted_serial_unit
spherical_g8_d4_s1,spherical,8,4,2026092711,1200,10,20,1,hgp_first_coverage,0.17407025030087184,0.17407025030087184,0.17406111187929066,0.17430935701417494,0.5055981149289053,0.9966666666666667,3,4,8,3,-5,5,0,0.0,447,0.2684206723671846,0.3725,0.283345277025279,0.3737458193979933,0.3725,0.3731218697829716,8,0,points,True,,,,,,,,,,,reused_interrupted_serial_unit
spherical_g8_d4_s1,spherical,8,4,2026092711,1200,10,20,1,hgp_weighted_full_vote,0.174153306834378,0.174153306834378,0.17414420702115374,0.17439151923552357,0.5130062420701305,0.9966666666666667,3,4,8,3,-5,5,1,0.125,447,0.27085650723025584,0.3725,0.28448570548189234,0.3737458193979933,0.3725,0.3731218697829716,,,facet_mass_before_point_vote,False,0,0,283,0,"[147,150,899]",23602.833081000426,6713.059822999639,16889.773258000787,6380.851220998011,1076.443763999123,reused_interrupted_serial_unit
spherical_g8_d4_s1,spherical,8,4,2026092711,1200,10,20,2,hdbscan_common,0.1459529595054684,0.1459529595054684,0.15419596639293223,0.17071373276060725,0.3744351229693582,0.8133333333333334,3,224,8,3,-5,5,0,0.0,369,0.2723274695534506,0.3075,0.2574406288364256,0.3780737704918033,0.3075,0.3391544117647059,8,0,points,True,,,,,,,,,,,reused_interrupted_serial_unit
spherical_g8_d4_s1,spherical,8,4,2026092711,1200,10,20,2,hgp_first_coverage,0.17407025030087184,0.17407025030087184,0.17406111187929066,0.17430935701417494,0.5055981149289053,0.9966666666666667,3,4,8,3,-5,5,0,0.0,447,0.2684206723671846,0.3725,0.283345277025279,0.3737458193979933,0.3725,0.3731218697829716,8,0,points,True,,,,,,,,,,,reused_interrupted_serial_unit
spherical_g8_d4_s1,spherical,8,4,2026092711,1200,10,20,2,hgp_weighted_full_vote,0.174153306834378,0.174153306834378,0.17414420702115374,0.17439151923552357,0.5130062420701305,0.9966666666666667,3,4,8,3,-5,5,1,0.125,447,0.27085650723025584,0.3725,0.28448570548189234,0.3737458193979933,0.3725,0.3731218697829716,,,facet_mass_before_point_vote,False,0,0,283,0,"[147,150,899]",28431.66610299886,10537.22062199813,17894.44548100073,6935.712968999724,1069.4666229974246,reused_interrupted_serial_unit
spherical_g8_d4_s1,spherical,8,4,2026092711,1200,10,50,1,hdbscan_common,0.1459529595054684,0.1459529595054684,0.15419596639293223,0.17071373276060725,0.3744351229693582,0.8133333333333334,3,224,8,3,-5,5,0,0.0,369,0.2723274695534506,0.3075,0.2574406288364256,0.3780737704918033,0.3075,0.3391544117647059,8,0,points,True,,,,,,,,,,,reused_interrupted_serial_unit
spherical_g8_d4_s1,spherical,8,4,2026092711,1200,10,50,1,hdbscan_standard,0.14609753246744786,0.14609753246744786,0.15402593091521286,0.17024144478200157,0.3732145131319919,0.815,3,222,8,3,-5,5,0,0.0,370,0.2714972239681542,0.30833333333333335,0.2572672462759451,0.3783231083844581,0.30833333333333335,0.3397612488521579,8,0,points,True,,,,,,,,,,,reused_interrupted_serial_unit
spherical_g8_d4_s1,spherical,8,4,2026092711,1200,10,50,1,hgp_first_coverage,0.17407025030087184,0.17407025030087184,0.17406111187929066,0.17430935701417494,0.5055981149289053,0.9966666666666667,3,4,8,3,-5,5,0,0.0,447,0.2684206723671846,0.3725,0.283345277025279,0.3737458193979933,0.3725,0.3731218697829716,8,0,points,True,,,,,,,,,,,reused_interrupted_serial_unit
spherical_g8_d4_s1,spherical,8,4,2026092711,1200,10,50,1,hgp_weighted_full_vote,0.174153306834378,0.174153306834378,0.17414420702115374,0.17439151923552357,0.5130062420701305,0.9966666666666667,3,4,8,3,-5,5,1,0.125,447,0.27085650723025584,0.3725,0.28448570548189234,0.3737458193979933,0.3725,0.3731218697829716,,,facet_mass_before_point_vote,False,0,0,283,0,"[147,150,899]",23602.833081000426,6713.059822999639,16889.773258000787,6539.085290998628,1057.9912680004782,reused_interrupted_serial_unit
spherical_g8_d4_s1,spherical,8,4,2026092711,1200,10,50,2,hdbscan_common,0.1459529595054684,0.1459529595054684,0.15419596639293223,0.17071373276060725,0.3744351229693582,0.8133333333333334,3,224,8,3,-5,5,0,0.0,369,0.2723274695534506,0.3075,0.2574406288364256,0.3780737704918033,0.3075,0.3391544117647059,8,0,points,True,,,,,,,,,,,reused_interrupted_serial_unit
spherical_g8_d4_s1,spherical,8,4,2026092711,1200,10,50,2,hgp_first_coverage,0.17407025030087184,0.17407025030087184,0.17406111187929066,0.17430935701417494,0.5055981149289053,0.9966666666666667,3,4,8,3,-5,5,0,0.0,447,0.2684206723671846,0.3725,0.283345277025279,0.3737458193979933,0.3725,0.3731218697829716,8,0,points,True,,,,,,,,,,,reused_interrupted_serial_unit
spherical_g8_d4_s1,spherical,8,4,2026092711,1200,10,50,2,hgp_weighted_full_vote,0.174153306834378,0.174153306834378,0.17414420702115374,0.17439151923552357,0.5130062420701305,0.9966666666666667,3,4,8,3,-5,5,1,0.125,447,0.27085650723025584,0.3725,0.28448570548189234,0.3737458193979933,0.3725,0.3731218697829716,,,facet_mass_before_point_vote,False,0,0,283,0,"[147,150,899]",28431.66610299886,10537.22062199813,17894.44548100073,9759.682888001407,1103.2621749982354,reused_interrupted_serial_unit
spherical_g8_d4_s2,spherical,8,4,2026092712,1200,5,20,1,hdbscan_common,0.36142724946597676,0.36142724946597676,0.5401283910423742,0.9353609091468952,0.6316887349635787,0.6516666666666666,8,418,8,8,0,0,0,0.0,757,0.9665414915966386,0.6308333333333334,0.7568586961963446,0.9680306905370843,0.6308333333333334,0.763874873864783,8,0,points,True,,,,,,,,,,,reused_interrupted_serial_unit
spherical_g8_d4_s2,spherical,8,4,2026092712,1200,5,20,1,hdbscan_standard,0.36336940239153587,0.36336940239153587,0.5399565239896228,0.9291329432189546,0.6287540824432655,0.655,8,414,8,8,0,0,0,0.0,758,0.9621021079656509,0.6316666666666667,0.7564135432421841,0.9643765903307888,0.6316666666666667,0.7633434038267876,8,0,points,True,,,,,,,,,,,reused_interrupted_serial_unit
spherical_g8_d4_s2,spherical,8,4,2026092712,1200,5,20,1,hgp_first_coverage,0.6978289941807718,0.6978289941807718,0.7526115326998372,0.9150778268133263,0.7661129500601286,0.8483333333333334,8,182,8,8,0,0,0,0.0,977,0.9582531458086002,0.8141666666666667,0.8783690281541559,0.9597249508840865,0.8141666666666667,0.8809738503155996,8,0,points,True,,,,,,,,,,,reused_interrupted_serial_unit
spherical_g8_d4_s2,spherical,8,4,2026092712,1200,5,20,1,hgp_weighted_full_vote,0.1730912742922335,0.1730912742922335,0.1733905645775001,0.17625359380679928,0.47793902860721194,0.9641666666666666,3,43,8,3,-5,5,0,0.0,436,0.27034917703170297,0.36333333333333334,0.28103318333209937,0.37683664649956783,0.36333333333333334,0.36996181586762833,,,facet_mass_before_point_vote,False,0,0,39,0,"[142,148,867]",4086.78724299898,1246.9084660006047,2839.8787769983755,1136.0478839997086,124.08929600132979,reused_interrupted_serial_unit
spherical_g8_d4_s2,spherical,8,4,2026092712,1200,5,20,2,hdbscan_common,0.36142724946597676,0.36142724946597676,0.5401283910423742,0.9353609091468952,0.6316887349635787,0.6516666666666666,8,418,8,8,0,0,0,0.0,757,0.9665414915966386,0.6308333333333334,0.7568586961963446,0.9680306905370843,0.6308333333333334,0.763874873864783,8,0,points,True,,,,,,,,,,,reused_interrupted_serial_unit
spherical_g8_d4_s2,spherical,8,4,2026092712,1200,5,20,2,hgp_first_coverage,0.6978289941807718,0.6978289941807718,0.7526115326998372,0.9150778268133263,0.7661129500601286,0.8483333333333334,8,182,8,8,0,0,0,0.0,977,0.9582531458086002,0.8141666666666667,0.8783690281541559,0.9597249508840865,0.8141666666666667,0.8809738503155996,8,0,points,True,,,,,,,,,,,reused_interrupted_serial_unit
spherical_g8_d4_s2,spherical,8,4,2026092712,1200,5,20,2,hgp_weighted_full_vote,0.7321710548691314,0.7321710548691314,0.7720308708108724,0.9083737119648906,0.7794942768678746,0.8708333333333333,8,155,8,8,0,0,0,0.0,1000,0.9559695814061268,0.8333333333333334,0.8886031879208336,0.9569377990430622,0.8333333333333334,0.89086859688196,,,facet_mass_before_point_vote,False,0,0,39,0,"[112,116,126,128,133,139,143,148]",5649.281121000968,1913.5104730012245,3735.7706479997432,1826.6854169996805,104.19345000264002,reused_interrupted_serial_unit
spherical_g8_d4_s2,spherical,8,4,2026092712,1200,5,50,1,hdbscan_common,0.3645806668160139,0.3645806668160139,0.5216879295277473,0.8486227533398537,0.6120412468427144,0.6708333333333333,7,395,8,7,-1,1,0,0.0,699,0.7860057773109244,0.5825,0.6640261252033962,0.8683229813664596,0.5825,0.6972568578553616,8,0,points,True,,,,,,,,,,,reused_interrupted_serial_unit
spherical_g8_d4_s2,spherical,8,4,2026092712,1200,5,50,1,hdbscan_standard,0.36617004919314083,0.36617004919314083,0.5222658758904372,0.8468380923329712,0.6119443840293183,0.6725,7,393,8,7,-1,1,0,0.0,700,0.7849890127275557,0.5833333333333334,0.664287360455624,0.8674101610904585,0.5833333333333334,0.6975585450921774,8,0,points,True,,,,,,,,,,,reused_interrupted_serial_unit
spherical_g8_d4_s2,spherical,8,4,2026092712,1200,5,50,1,hgp_first_coverage,0.6978289941807718,0.6978289941807718,0.7526115326998372,0.9150778268133263,0.7661129500601286,0.8483333333333334,8,182,8,8,0,0,0,0.0,977,0.9582531458086002,0.8141666666666667,0.8783690281541559,0.9597249508840865,0.8141666666666667,0.8809738503155996,8,0,points,True,,,,,,,,,,,reused_interrupted_serial_unit
spherical_g8_d4_s2,spherical,8,4,2026092712,1200,5,50,1,hgp_weighted_full_vote,0.1730912742922335,0.1730912742922335,0.1733905645775001,0.17625359380679928,0.47793902860721194,0.9641666666666666,3,43,8,3,-5,5,0,0.0,436,0.27034917703170297,0.36333333333333334,0.28103318333209937,0.37683664649956783,0.36333333333333334,0.36996181586762833,,,facet_mass_before_point_vote,False,0,0,39,0,"[142,148,867]",4086.78724299898,1246.9084660006047,2839.8787769983755,1156.3860649985145,122.53794299977017,reused_interrupted_serial_unit
spherical_g8_d4_s2,spherical,8,4,2026092712,1200,5,50,2,hdbscan_common,0.36142724946597676,0.36142724946597676,0.5401283910423742,0.9353609091468952,0.6316887349635787,0.6516666666666666,8,418,8,8,0,0,0,0.0,757,0.9665414915966386,0.6308333333333334,0.7568586961963446,0.9680306905370843,0.6308333333333334,0.763874873864783,8,0,points,True,,,,,,,,,,,reused_interrupted_serial_unit
spherical_g8_d4_s2,spherical,8,4,2026092712,1200,5,50,2,hgp_first_coverage,0.6978289941807718,0.6978289941807718,0.7526115326998372,0.9150778268133263,0.7661129500601286,0.8483333333333334,8,182,8,8,0,0,0,0.0,977,0.9582531458086002,0.8141666666666667,0.8783690281541559,0.9597249508840865,0.8141666666666667,0.8809738503155996,8,0,points,True,,,,,,,,,,,reused_interrupted_serial_unit
spherical_g8_d4_s2,spherical,8,4,2026092712,1200,5,50,2,hgp_weighted_full_vote,0.1716377036899763,0.1716377036899763,0.17193403254621872,0.17476896053953603,0.47378453711362445,0.9641666666666666,3,43,8,3,-5,5,0,0.0,435,0.27031901470265524,0.3625,0.28057116182503056,0.3759723422644771,0.3625,0.36911327959270257,,,facet_mass_before_point_vote,False,0,0,39,0,"[142,147,868]",5649.281121000968,1913.5104730012245,3735.7706479997432,1226.9780119968345,123.18652300018584,reused_interrupted_serial_unit
spherical_g8_d4_s2,spherical,8,4,2026092712,1200,10,20,1,hdbscan_common,0.25843232561139007,0.25843232561139007,0.46011025270278627,0.9501806526359785,0.5862552974188963,0.5841666666666666,8,499,8,8,0,0,0,0.0,684,0.9752164432838517,0.57,0.7148921789307587,0.9757489300998573,0.57,0.7196212519726459,8,0,points,True,,,,,,,,,,,reused_interrupted_serial_unit
spherical_g8_d4_s2,spherical,8,4,2026092712,1200,10,20,1,hdbscan_standard,0.2598540010425352,0.2598540010425352,0.4601515710597457,0.9443706301592547,0.5842713214209527,0.5866666666666667,8,496,8,8,0,0,0,0.0,685,0.9725254426372706,0.5708333333333333,0.7148530436941221,0.9730113636363636,0.5708333333333333,0.7195378151260504,8,0,points,True,,,,,,,,,,,reused_interrupted_serial_unit
spherical_g8_d4_s2,spherical,8,4,2026092712,1200,10,20,1,hgp_first_coverage,0.786443356998077,0.786443356998077,0.8065388428362811,0.8994668679072946,0.8047371118259324,0.9108333333333334,8,107,8,8,0,0,0,0.0,1042,0.9532241912437582,0.8683333333333334,0.9077574233839512,0.9533394327538883,0.8683333333333333,0.9088530309638029,8,0,points,True,,,,,,,,,,,reused_interrupted_serial_unit
spherical_g8_d4_s2,spherical,8,4,2026092712,1200,10,20,1,hgp_weighted_full_vote,0.17441228637897752,0.17441228637897752,0.17447693102727246,0.1758458791648801,0.4917095957884748,0.9825,3,21,8,3,-5,5,0,0.0,443,0.26929138321995466,0.36916666666666664,0.2829150027405841,0.3757421543681086,0.36916666666666664,0.3724253888188314,,,facet_mass_before_point_vote,False,0,0,275,0,"[147,150,882]",22795.0938019967,7109.924388998479,15685.16941299822,6198.398368000198,1002.3026149974612,reused_interrupted_serial_unit
spherical_g8_d4_s2,spherical,8,4,2026092712,1200,10,20,2,hdbscan_common,0.25843232561139007,0.25843232561139007,0.46011025270278627,0.9501806526359785,0.5862552974188963,0.5841666666666666,8,499,8,8,0,0,0,0.0,684,0.9752164432838517,0.57,0.7148921789307587,0.9757489300998573,0.57,0.7196212519726459,8,0,points,True,,,,,,,,,,,reused_interrupted_serial_unit
spherical_g8_d4_s2,spherical,8,4,2026092712,1200,10,20,2,hgp_first_coverage,0.786443356998077,0.786443356998077,0.8065388428362811,0.8994668679072946,0.8047371118259324,0.9108333333333334,8,107,8,8,0,0,0,0.0,1042,0.9532241912437582,0.8683333333333334,0.9077574233839512,0.9533394327538883,0.8683333333333333,0.9088530309638029,8,0,points,True,,,,,,,,,,,reused_interrupted_serial_unit
spherical_g8_d4_s2,spherical,8,4,2026092712,1200,10,20,2,hgp_weighted_full_vote,0.5788643247218656,0.5788643247218656,0.5825398881045654,0.6116936613728557,0.7425573780872942,0.9458333333333333,6,65,8,6,-2,2,0,0.0,820,0.6401892054312869,0.6833333333333333,0.6424883224583693,0.7224669603524229,0.6833333333333333,0.702355460385439,,,facet_mass_before_point_vote,False,0,0,275,0,"[128,138,142,149,151,427]",27267.776000000595,9585.159128000669,17682.616871999926,6461.882711002545,847.8883479983779,reused_interrupted_serial_unit
spherical_g8_d4_s2,spherical,8,4,2026092712,1200,10,50,1,hdbscan_common,0.06755840610735775,0.06755840610735775,0.06902282930333786,0.07321679491352893,0.22706987861634026,0.8433333333333334,2,188,8,2,-6,6,0,0.0,265,0.1452020202020202,0.22083333333333333,0.14620574880100387,0.2618577075098814,0.22083333333333333,0.23960216998191683,8,0,points,True,,,,,,,,,,,reused_interrupted_serial_unit
spherical_g8_d4_s2,spherical,8,4,2026092712,1200,10,50,1,hdbscan_standard,0.06690235680434034,0.06690235680434034,0.06834257327777941,0.0724758963460787,0.22368333557754702,0.8441666666666666,2,187,8,2,-6,6,0,0.0,265,0.14517937219730942,0.22083333333333333,0.14617256057397426,0.26159921026653504,0.22083333333333333,0.2394938996836873,8,0,points,True,,,,,,,,,,,reused_interrupted_serial_unit
spherical_g8_d4_s2,spherical,8,4,2026092712,1200,10,50,1,hgp_first_coverage,0.786443356998077,0.786443356998077,0.8065388428362811,0.8994668679072946,0.8047371118259324,0.9108333333333334,8,107,8,8,0,0,0,0.0,1042,0.9532241912437582,0.8683333333333334,0.9077574233839512,0.9533394327538883,0.8683333333333333,0.9088530309638029,8,0,points,True,,,,,,,,,,,reused_interrupted_serial_unit
spherical_g8_d4_s2,spherical,8,4,2026092712,1200,10,50,1,hgp_weighted_full_vote,0.17441228637897752,0.17441228637897752,0.17447693102727246,0.1758458791648801,0.4917095957884748,0.9825,3,21,8,3,-5,5,0,0.0,443,0.26929138321995466,0.36916666666666664,0.2829150027405841,0.3757421543681086,0.36916666666666664,0.3724253888188314,,,facet_mass_before_point_vote,False,0,0,275,0,"[147,150,882]",22795.0938019967,7109.924388998479,15685.16941299822,6188.524507000693,988.4217740000167,reused_interrupted_serial_unit
spherical_g8_d4_s2,spherical,8,4,2026092712,1200,10,50,2,hdbscan_common,0.13244863853605943,0.13244863853605943,0.1502104779209559,0.1772489536859264,0.3419001536145754,0.7325,3,321,8,3,-5,5,0,0.0,345,0.27386363636363636,0.2875,0.2493028277056964,0.3924914675767918,0.2875,0.3318903318903319,8,0,points,True,,,,,,,,,,,reused_interrupted_serial_unit
spherical_g8_d4_s2,spherical,8,4,2026092712,1200,10,50,2,hgp_first_coverage,0.786443356998077,0.786443356998077,0.8065388428362811,0.8994668679072946,0.8047371118259324,0.9108333333333334,8,107,8,8,0,0,0,0.0,1042,0.9532241912437582,0.8683333333333334,0.9077574233839512,0.9533394327538883,0.8683333333333333,0.9088530309638029,8,0,points,True,,,,,,,,,,,reused_interrupted_serial_unit
spherical_g8_d4_s2,spherical,8,4,2026092712,1200,10,50,2,hgp_weighted_full_vote,0.172971358709891,0.172971358709891,0.17303534317984942,0.17439106238044122,0.48748007994955495,0.9825,3,21,8,3,-5,5,0,0.0,442,0.2692620360677049,0.36833333333333335,0.28245944810194146,0.3748939779474131,0.36833333333333335,0.37158469945355194,,,facet_mass_before_point_vote,False,0,0,275,0,"[147,149,883]",27267.776000000595,9585.159128000669,17682.616871999926,8982.82116900009,996.4797479988192,reused_interrupted_serial_unit
spherical_g8_d4_s3,spherical,8,4,2026092713,1200,5,20,1,hdbscan_common,0.15261916974303702,0.15261916974303702,0.1615917754116612,0.17921769532495674,0.3824225186188417,0.8158333333333333,3,221,8,3,-5,5,0,0.0,378,0.2714165688249297,0.315,0.2625156940768177,0.3861082737487232,0.315,0.3469481413492428,8,0,points,True,,,,,,,,,,,new_parallel_worker
spherical_g8_d4_s3,spherical,8,4,2026092713,1200,5,20,1,hdbscan_standard,0.15186418949044309,0.15186418949044309,0.160696008519145,0.17811085322776682,0.37961763718510433,0.8166666666666667,3,220,8,3,-5,5,0,0.0,378,0.27138596661073106,0.315,0.26247354706288534,0.38571428571428573,0.315,0.3467889908256881,8,0,points,True,,,,,,,,,,,new_parallel_worker
spherical_g8_d4_s3,spherical,8,4,2026092713,1200,5,20,1,hgp_first_coverage,0.6143417531462118,0.6143417531462118,0.6573000257874162,0.7835219266110179,0.7183162950015869,0.85,7,180,8,7,-1,1,0,0.0,868,0.791436656827275,0.7233333333333334,0.7449380030574261,0.8509803921568627,0.7233333333333334,0.781981981981982,8,0,points,True,,,,,,,,,,,new_parallel_worker
spherical_g8_d4_s3,spherical,8,4,2026092713,1200,5,20,1,hgp_weighted_full_vote,0.17351380649007123,0.17351380649007123,0.17404092055065673,0.17794084064839852,0.46221006280081334,0.9525,3,57,8,3,-5,5,0,0.0,434,0.26872997923474395,0.3616666666666667,0.28030162405162407,0.37970253718285213,0.3616666666666667,0.37046521553563805,,,facet_mass_before_point_vote,False,0,0,32,0,"[146,146,851]",4421.812144002615,1649.5939110027393,2772.218232999876,1162.4781139980769,116.20058799962862,new_parallel_worker
spherical_g8_d4_s3,spherical,8,4,2026092713,1200,5,20,2,hdbscan_common,0.15261916974303702,0.15261916974303702,0.1615917754116612,0.17921769532495674,0.3824225186188417,0.8158333333333333,3,221,8,3,-5,5,0,0.0,378,0.2714165688249297,0.315,0.2625156940768177,0.3861082737487232,0.315,0.3469481413492428,8,0,points,True,,,,,,,,,,,new_parallel_worker
spherical_g8_d4_s3,spherical,8,4,2026092713,1200,5,20,2,hgp_first_coverage,0.6143417531462118,0.6143417531462118,0.6573000257874162,0.7835219266110179,0.7183162950015869,0.85,7,180,8,7,-1,1,0,0.0,868,0.791436656827275,0.7233333333333334,0.7449380030574261,0.8509803921568627,0.7233333333333334,0.781981981981982,8,0,points,True,,,,,,,,,,,new_parallel_worker
spherical_g8_d4_s3,spherical,8,4,2026092713,1200,5,20,2,hgp_weighted_full_vote,0.6357539908957559,0.6357539908957559,0.6679053205655262,0.7746789141224257,0.7311346413467504,0.87,7,156,8,7,-1,1,0,0.0,884,0.7907054428332246,0.7366666666666667,0.750736695893004,0.8467432950191571,0.7366666666666667,0.7878787878787878,,,facet_mass_before_point_vote,False,0,0,32,0,"[110,120,122,127,146,147,272]",4387.886456999695,1386.109478000435,3001.77697899926,1235.8291789969371,104.42280799907167,new_parallel_worker
spherical_g8_d4_s3,spherical,8,4,2026092713,1200,5,50,1,hdbscan_common,0.15261916974303702,0.15261916974303702,0.1615917754116612,0.17921769532495674,0.3824225186188417,0.8158333333333333,3,221,8,3,-5,5,0,0.0,378,0.2714165688249297,0.315,0.2625156940768177,0.3861082737487232,0.315,0.3469481413492428,8,0,points,True,,,,,,,,,,,new_parallel_worker
spherical_g8_d4_s3,spherical,8,4,2026092713,1200,5,50,1,hdbscan_standard,0.15186418949044309,0.15186418949044309,0.160696008519145,0.17811085322776682,0.37961763718510433,0.8166666666666667,3,220,8,3,-5,5,0,0.0,378,0.27138596661073106,0.315,0.26247354706288534,0.38571428571428573,0.315,0.3467889908256881,8,0,points,True,,,,,,,,,,,new_parallel_worker
spherical_g8_d4_s3,spherical,8,4,2026092713,1200,5,50,1,hgp_first_coverage,0.6143417531462118,0.6143417531462118,0.6573000257874162,0.7835219266110179,0.7183162950015869,0.85,7,180,8,7,-1,1,0,0.0,868,0.791436656827275,0.7233333333333334,0.7449380030574261,0.8509803921568627,0.7233333333333334,0.781981981981982,8,0,points,True,,,,,,,,,,,new_parallel_worker
spherical_g8_d4_s3,spherical,8,4,2026092713,1200,5,50,1,hgp_weighted_full_vote,0.17351380649007123,0.17351380649007123,0.17404092055065673,0.17794084064839852,0.46221006280081334,0.9525,3,57,8,3,-5,5,0,0.0,434,0.26872997923474395,0.3616666666666667,0.28030162405162407,0.37970253718285213,0.3616666666666667,0.37046521553563805,,,facet_mass_before_point_vote,False,0,0,32,0,"[146,146,851]",4421.812144002615,1649.5939110027393,2772.218232999876,1697.5034950010013,118.75240600056713,new_parallel_worker
spherical_g8_d4_s3,spherical,8,4,2026092713,1200,5,50,2,hdbscan_common,0.15261916974303702,0.15261916974303702,0.1615917754116612,0.17921769532495674,0.3824225186188417,0.8158333333333333,3,221,8,3,-5,5,0,0.0,378,0.2714165688249297,0.315,0.2625156940768177,0.3861082737487232,0.315,0.3469481413492428,8,0,points,True,,,,,,,,,,,new_parallel_worker
spherical_g8_d4_s3,spherical,8,4,2026092713,1200,5,50,2,hgp_first_coverage,0.6143417531462118,0.6143417531462118,0.6573000257874162,0.7835219266110179,0.7183162950015869,0.85,7,180,8,7,-1,1,0,0.0,868,0.791436656827275,0.7233333333333334,0.7449380030574261,0.8509803921568627,0.7233333333333334,0.781981981981982,8,0,points,True,,,,,,,,,,,new_parallel_worker
spherical_g8_d4_s3,spherical,8,4,2026092713,1200,5,50,2,hgp_weighted_full_vote,0.17351380649007123,0.17351380649007123,0.17404092055065673,0.17794084064839852,0.46221006280081334,0.9525,3,57,8,3,-5,5,0,0.0,434,0.26872997923474395,0.3616666666666667,0.28030162405162407,0.37970253718285213,0.3616666666666667,0.37046521553563805,,,facet_mass_before_point_vote,False,0,0,32,0,"[146,146,851]",4387.886456999695,1386.109478000435,3001.77697899926,1308.0528829996183,123.77171399930376,new_parallel_worker
spherical_g8_d4_s3,spherical,8,4,2026092713,1200,10,20,1,hdbscan_common,0.14287809861647274,0.14287809861647274,0.15257169200743217,0.17061873615152404,0.3695396128158272,0.8,3,240,8,3,-5,5,0,0.0,367,0.27317994505494503,0.30583333333333335,0.25648076337079617,0.38229166666666664,0.30583333333333335,0.3398148148148148,8,0,points,True,,,,,,,,,,,new_parallel_worker
spherical_g8_d4_s3,spherical,8,4,2026092713,1200,10,20,1,hdbscan_standard,0.1429285536119352,0.1429285536119352,0.1524317073365175,0.1703111395811608,0.36791382697287744,0.8008333333333333,3,239,8,3,-5,5,0,0.0,367,0.2721023588480485,0.30583333333333335,0.2560729040999776,0.38189386056191466,0.30583333333333335,0.33965756594169366,8,0,points,True,,,,,,,,,,,new_parallel_worker
spherical_g8_d4_s3,spherical,8,4,2026092713,1200,10,20,1,hgp_first_coverage,0.6907729775096172,0.6907729775096172,0.7267243171581105,0.8569436170135021,0.749294981573178,0.8666666666666667,9,160,8,9,1,1,0,0.0,951,0.9427337836677446,0.7925,0.8425404855711889,0.9144230769230769,0.7925,0.8491071428571428,8,0,points,True,,,,,,,,,,,new_parallel_worker
spherical_g8_d4_s3,spherical,8,4,2026092713,1200,10,20,1,hgp_weighted_full_vote,0.1742914084650481,0.1742914084650481,0.17436132205418226,0.17573801881469983,0.48348533776006364,0.9825,3,21,8,3,-5,5,0,0.0,443,0.26689034946119106,0.36916666666666664,0.2817848323763099,0.3757421543681086,0.36916666666666664,0.3724253888188314,,,facet_mass_before_point_vote,False,0,0,227,0,"[148,152,879]",22766.770671001723,7062.300382000103,15704.47028900162,6604.558107999765,991.1829830016359,new_parallel_worker
spherical_g8_d4_s3,spherical,8,4,2026092713,1200,10,20,2,hdbscan_common,0.14287809861647274,0.14287809861647274,0.15257169200743217,0.17061873615152404,0.3695396128158272,0.8,3,240,8,3,-5,5,0,0.0,367,0.27317994505494503,0.30583333333333335,0.25648076337079617,0.38229166666666664,0.30583333333333335,0.3398148148148148,8,0,points,True,,,,,,,,,,,new_parallel_worker
spherical_g8_d4_s3,spherical,8,4,2026092713,1200,10,20,2,hgp_first_coverage,0.6907729775096172,0.6907729775096172,0.7267243171581105,0.8569436170135021,0.749294981573178,0.8666666666666667,9,160,8,9,1,1,0,0.0,951,0.9427337836677446,0.7925,0.8425404855711889,0.9144230769230769,0.7925,0.8491071428571428,8,0,points,True,,,,,,,,,,,new_parallel_worker
spherical_g8_d4_s3,spherical,8,4,2026092713,1200,10,20,2,hgp_weighted_full_vote,0.1742914084650481,0.1742914084650481,0.17436132205418226,0.17573801881469983,0.48348533776006364,0.9825,3,21,8,3,-5,5,0,0.0,443,0.26689034946119106,0.36916666666666664,0.2817848323763099,0.3757421543681086,0.36916666666666664,0.3724253888188314,,,facet_mass_before_point_vote,False,0,0,227,0,"[148,152,879]",25025.56852700218,10173.625785002514,14851.942741999665,9290.475009998772,1029.7195769999234,new_parallel_worker
spherical_g8_d4_s3,spherical,8,4,2026092713,1200,10,50,1,hdbscan_common,0.14287809861647274,0.14287809861647274,0.15257169200743217,0.17061873615152404,0.3695396128158272,0.8,3,240,8,3,-5,5,0,0.0,367,0.27317994505494503,0.30583333333333335,0.25648076337079617,0.38229166666666664,0.30583333333333335,0.3398148148148148,8,0,points,True,,,,,,,,,,,new_parallel_worker
spherical_g8_d4_s3,spherical,8,4,2026092713,1200,10,50,1,hdbscan_standard,0.1429285536119352,0.1429285536119352,0.1524317073365175,0.1703111395811608,0.36791382697287744,0.8008333333333333,3,239,8,3,-5,5,0,0.0,367,0.2721023588480485,0.30583333333333335,0.2560729040999776,0.38189386056191466,0.30583333333333335,0.33965756594169366,8,0,points,True,,,,,,,,,,,new_parallel_worker
spherical_g8_d4_s3,spherical,8,4,2026092713,1200,10,50,1,hgp_first_coverage,0.6799421124389721,0.6799421124389721,0.6980746434709918,0.775285803705408,0.7543905437575661,0.9058333333333334,7,113,8,7,-1,1,0,0.0,916,0.7858286329416997,0.7633333333333333,0.7639893053807623,0.8426862925482981,0.7633333333333333,0.8010494097070398,8,0,points,True,,,,,,,,,,,new_parallel_worker
spherical_g8_d4_s3,spherical,8,4,2026092713,1200,10,50,1,hgp_weighted_full_vote,0.1742914084650481,0.1742914084650481,0.17436132205418226,0.17573801881469983,0.48348533776006364,0.9825,3,21,8,3,-5,5,0,0.0,443,0.26689034946119106,0.36916666666666664,0.2817848323763099,0.3757421543681086,0.36916666666666664,0.3724253888188314,,,facet_mass_before_point_vote,False,0,0,227,0,"[148,152,879]",22766.770671001723,7062.300382000103,15704.47028900162,6478.64976299752,1044.8870539985364,new_parallel_worker
spherical_g8_d4_s3,spherical,8,4,2026092713,1200,10,50,2,hdbscan_common,0.14287809861647274,0.14287809861647274,0.15257169200743217,0.17061873615152404,0.3695396128158272,0.8,3,240,8,3,-5,5,0,0.0,367,0.27317994505494503,0.30583333333333335,0.25648076337079617,0.38229166666666664,0.30583333333333335,0.3398148148148148,8,0,points,True,,,,,,,,,,,new_parallel_worker
spherical_g8_d4_s3,spherical,8,4,2026092713,1200,10,50,2,hgp_first_coverage,0.6799421124389721,0.6799421124389721,0.6980746434709918,0.775285803705408,0.7543905437575661,0.9058333333333334,7,113,8,7,-1,1,0,0.0,916,0.7858286329416997,0.7633333333333333,0.7639893053807623,0.8426862925482981,0.7633333333333333,0.8010494097070398,8,0,points,True,,,,,,,,,,,new_parallel_worker
spherical_g8_d4_s3,spherical,8,4,2026092713,1200,10,50,2,hgp_weighted_full_vote,0.1742914084650481,0.1742914084650481,0.17436132205418226,0.17573801881469983,0.48348533776006364,0.9825,3,21,8,3,-5,5,0,0.0,443,0.26689034946119106,0.36916666666666664,0.2817848323763099,0.3757421543681086,0.36916666666666664,0.3724253888188314,,,facet_mass_before_point_vote,False,0,0,227,0,"[148,152,879]",25025.56852700218,10173.625785002514,14851.942741999665,7070.214065999608,1011.8356790007965,new_parallel_worker
unbalanced_g8_d4_s1,unbalanced,8,4,2026092711,1200,5,20,1,hdbscan_common,0.29502702452505464,0.29502702452505464,0.30826249457209237,0.3164926593184723,0.48303181539647627,0.8575,4,171,8,4,-4,4,0,0.0,516,0.3796399047894754,0.3921875,0.3625364163452684,0.5014577259475219,0.43,0.4629878869448183,8,0,points,True,,,,,,,,,,,new_parallel_worker
unbalanced_g8_d4_s1,unbalanced,8,4,2026092711,1200,5,20,1,hdbscan_standard,0.29485230602313445,0.29485230602313445,0.3078940304841345,0.31640256573489983,0.48157017814814057,0.8583333333333333,4,170,8,4,-4,4,0,0.0,516,0.3790638927309052,0.3921875,0.3622785601663596,0.5009708737864078,0.43,0.46278026905829595,8,0,points,True,,,,,,,,,,,new_parallel_worker
unbalanced_g8_d4_s1,unbalanced,8,4,2026092711,1200,5,20,1,hgp_first_coverage,0.3938729133650661,0.3938729133650661,0.39873768597200226,0.41401508175799245,0.6088366542681427,0.9158333333333334,6,101,8,6,-2,2,0,0.0,616,0.6203978019521785,0.5677083333333334,0.5516402928694351,0.5605095541401274,0.5133333333333333,0.5358851674641149,8,0,points,True,,,,,,,,,,,new_parallel_worker
unbalanced_g8_d4_s1,unbalanced,8,4,2026092711,1200,5,20,1,hgp_weighted_full_vote,0.3182502471787323,0.3182502471787323,0.31852964263790345,0.3164112157369296,0.5768179165143184,0.9675,4,39,8,4,-4,4,0,0.0,581,0.3745253196951174,0.4666666666666667,0.39712844309286227,0.5004306632213609,0.4841666666666667,0.4921643371452774,,,facet_mass_before_point_vote,False,0,0,36,0,"[61,62,239,799]",4724.146405998908,1827.1338300000934,2897.012575998815,1205.878324999503,124.02652899982058,new_parallel_worker
unbalanced_g8_d4_s1,unbalanced,8,4,2026092711,1200,5,20,2,hdbscan_common,0.29502702452505464,0.29502702452505464,0.30826249457209237,0.3164926593184723,0.48303181539647627,0.8575,4,171,8,4,-4,4,0,0.0,516,0.3796399047894754,0.3921875,0.3625364163452684,0.5014577259475219,0.43,0.4629878869448183,8,0,points,True,,,,,,,,,,,new_parallel_worker
unbalanced_g8_d4_s1,unbalanced,8,4,2026092711,1200,5,20,2,hgp_first_coverage,0.3938729133650661,0.3938729133650661,0.39873768597200226,0.41401508175799245,0.6088366542681427,0.9158333333333334,6,101,8,6,-2,2,0,0.0,616,0.6203978019521785,0.5677083333333334,0.5516402928694351,0.5605095541401274,0.5133333333333333,0.5358851674641149,8,0,points,True,,,,,,,,,,,new_parallel_worker
unbalanced_g8_d4_s1,unbalanced,8,4,2026092711,1200,5,20,2,hgp_weighted_full_vote,0.3172590228253278,0.3172590228253278,0.31753666228762667,0.31538496396172006,0.576422624959195,0.9675,4,39,8,4,-4,4,0,0.0,581,0.3760154668308814,0.4666666666666667,0.3978479410789081,0.5004306632213609,0.4841666666666667,0.4921643371452774,,,facet_mass_before_point_vote,False,0,0,36,0,"[60,62,239,800]",4622.122810000292,1440.1751629993669,3181.947647000925,1329.52945299985,141.92241599812405,new_parallel_worker
unbalanced_g8_d4_s1,unbalanced,8,4,2026092711,1200,5,50,1,hdbscan_common,0.232054495660365,0.232054495660365,0.23642548922296844,0.20949183161641932,0.41124823115001763,0.8608333333333333,2,167,8,2,-6,6,0,0.0,443,0.15941249218172515,0.23072916666666668,0.17169394877334387,0.42884801548886736,0.36916666666666664,0.3967756381549485,8,0,points,True,,,,,,,,,,,new_parallel_worker
unbalanced_g8_d4_s1,unbalanced,8,4,2026092711,1200,5,50,1,hdbscan_standard,0.23194526224187756,0.23194526224187756,0.2361339401713259,0.2096132653503054,0.409984928209534,0.8616666666666667,2,166,8,2,-6,6,0,0.0,443,0.15883648012315493,0.23072916666666668,0.17143609259443504,0.4284332688588008,0.36916666666666664,0.39659803043867503,8,0,points,True,,,,,,,,,,,new_parallel_worker
unbalanced_g8_d4_s1,unbalanced,8,4,2026092711,1200,5,50,1,hgp_first_coverage,0.3181663213352859,0.3181663213352859,0.3185405007217493,0.31701231073599195,0.5760601402520117,0.9658333333333333,4,41,8,4,-4,4,0,0.0,581,0.376555252680023,0.4666666666666667,0.39819996751407655,0.5012942191544435,0.4841666666666667,0.49258160237388726,8,0,points,True,,,,,,,,,,,new_parallel_worker
unbalanced_g8_d4_s1,unbalanced,8,4,2026092711,1200,5,50,1,hgp_weighted_full_vote,0.24113615270427383,0.24113615270427383,0.2359672342406092,0.20756103006280474,0.4952642963002553,0.9333333333333333,2,80,8,2,-6,6,0,0.0,477,0.1580061882892681,0.2484375,0.17721883793734716,0.42589285714285713,0.3975,0.41120689655172415,,,facet_mass_before_point_vote,False,0,0,36,0,"[239,881]",4724.146405998908,1827.1338300000934,2897.012575998815,1833.6175100012042,134.9895800012746,new_parallel_worker
unbalanced_g8_d4_s1,unbalanced,8,4,2026092711,1200,5,50,2,hdbscan_common,0.232054495660365,0.232054495660365,0.23642548922296844,0.20949183161641932,0.41124823115001763,0.8608333333333333,2,167,8,2,-6,6,0,0.0,443,0.15941249218172515,0.23072916666666668,0.17169394877334387,0.42884801548886736,0.36916666666666664,0.3967756381549485,8,0,points,True,,,,,,,,,,,new_parallel_worker
unbalanced_g8_d4_s1,unbalanced,8,4,2026092711,1200,5,50,2,hgp_first_coverage,0.3181663213352859,0.3181663213352859,0.3185405007217493,0.31701231073599195,0.5760601402520117,0.9658333333333333,4,41,8,4,-4,4,0,0.0,581,0.376555252680023,0.4666666666666667,0.39819996751407655,0.5012942191544435,0.4841666666666667,0.49258160237388726,8,0,points,True,,,,,,,,,,,new_parallel_worker
unbalanced_g8_d4_s1,unbalanced,8,4,2026092711,1200,5,50,2,hgp_weighted_full_vote,0.24113615270427383,0.24113615270427383,0.2359672342406092,0.20756103006280474,0.4952642963002553,0.9333333333333333,2,80,8,2,-6,6,0,0.0,477,0.1580061882892681,0.2484375,0.17721883793734716,0.42589285714285713,0.3975,0.41120689655172415,,,facet_mass_before_point_vote,False,0,0,36,0,"[239,881]",4622.122810000292,1440.1751629993669,3181.947647000925,1270.7459310004197,150.43531900300877,new_parallel_worker
unbalanced_g8_d4_s1,unbalanced,8,4,2026092711,1200,10,20,1,hdbscan_common,0.27568156727425985,0.27568156727425985,0.314401293867526,0.338768018194294,0.4437238590226931,0.7625,4,285,8,4,-4,4,0,0.0,471,0.38377408162644183,0.346875,0.3365155791217155,0.5147540983606558,0.3925,0.4453900709219858,8,0,points,True,,,,,,,,,,,new_parallel_worker
unbalanced_g8_d4_s1,unbalanced,8,4,2026092711,1200,10,20,1,hdbscan_standard,0.27568156727425985,0.27568156727425985,0.314401293867526,0.338768018194294,0.4437238590226931,0.7625,4,285,8,4,-4,4,0,0.0,471,0.38377408162644183,0.346875,0.3365155791217155,0.5147540983606558,0.3925,0.4453900709219858,8,0,points,True,,,,,,,,,,,new_parallel_worker
unbalanced_g8_d4_s1,unbalanced,8,4,2026092711,1200,10,20,1,hgp_first_coverage,0.3881314403479403,0.3881314403479403,0.38965691457106344,0.38453262489815093,0.6249182556520215,0.9333333333333333,5,80,8,5,-3,3,0,0.0,607,0.5042936877760311,0.5255208333333333,0.4840718013441496,0.5419642857142857,0.5058333333333334,0.5232758620689655,8,0,points,True,,,,,,,,,,,new_parallel_worker
unbalanced_g8_d4_s1,unbalanced,8,4,2026092711,1200,10,20,1,hgp_weighted_full_vote,0.31205541733224995,0.31205541733224995,0.31210834430957607,0.30939431559996056,0.5817129888830974,0.975,4,30,8,4,-4,4,0,0.0,584,0.3843929671725385,0.46979166666666666,0.4030222121911802,0.49914529914529915,0.4866666666666667,0.4928270042194093,,,facet_mass_before_point_vote,False,0,0,261,0,"[55,63,241,811]",23948.368549998122,7381.982109996898,16566.386440001224,6779.459404002409,1015.6991690018913,new_parallel_worker
unbalanced_g8_d4_s1,unbalanced,8,4,2026092711,1200,10,20,2,hdbscan_common,0.27568156727425985,0.27568156727425985,0.314401293867526,0.338768018194294,0.4437238590226931,0.7625,4,285,8,4,-4,4,0,0.0,471,0.38377408162644183,0.346875,0.3365155791217155,0.5147540983606558,0.3925,0.4453900709219858,8,0,points,True,,,,,,,,,,,new_parallel_worker
unbalanced_g8_d4_s1,unbalanced,8,4,2026092711,1200,10,20,2,hgp_first_coverage,0.3881314403479403,0.3881314403479403,0.38965691457106344,0.38453262489815093,0.6249182556520215,0.9333333333333333,5,80,8,5,-3,3,0,0.0,607,0.5042936877760311,0.5255208333333333,0.4840718013441496,0.5419642857142857,0.5058333333333334,0.5232758620689655,8,0,points,True,,,,,,,,,,,new_parallel_worker
unbalanced_g8_d4_s1,unbalanced,8,4,2026092711,1200,10,20,2,hgp_weighted_full_vote,0.31205541733224995,0.31205541733224995,0.31210834430957607,0.30939431559996056,0.5817129888830974,0.975,4,30,8,4,-4,4,0,0.0,584,0.3843929671725385,0.46979166666666666,0.4030222121911802,0.49914529914529915,0.4866666666666667,0.4928270042194093,,,facet_mass_before_point_vote,False,0,0,261,0,"[55,63,241,811]",25935.122687998955,10343.156183000247,15591.966504998709,9714.555329002906,1081.0168780008098,new_parallel_worker
unbalanced_g8_d4_s1,unbalanced,8,4,2026092711,1200,10,50,1,hdbscan_common,0.22936310124154996,0.22936310124154996,0.24167885000317993,0.21539696567574126,0.3857392636320213,0.8216666666666667,2,214,8,2,-6,6,0,0.0,428,0.16013038337067464,0.22291666666666665,0.16956717664644333,0.4340770791075051,0.3566666666666667,0.39158279963403475,8,0,points,True,,,,,,,,,,,new_parallel_worker
unbalanced_g8_d4_s1,unbalanced,8,4,2026092711,1200,10,50,1,hdbscan_standard,0.22874402430795107,0.22874402430795107,0.24078684857980798,0.21480288635439787,0.385784440424579,0.8225,2,213,8,2,-6,6,0,0.0,428,0.1600846251382967,0.22291666666666665,0.16951364396990554,0.4336372847011145,0.3566666666666667,0.3914037494284408,8,0,points,True,,,,,,,,,,,new_parallel_worker
unbalanced_g8_d4_s1,unbalanced,8,4,2026092711,1200,10,50,1,hgp_first_coverage,0.31540642964370214,0.31540642964370214,0.31561050028085774,0.312540393835869,0.580087896052486,0.9716666666666667,4,34,8,4,-4,4,0,0.0,582,0.3802863852391219,0.4671875,0.4000716064162182,0.49914236706689535,0.485,0.4919695688926458,8,0,points,True,,,,,,,,,,,new_parallel_worker
unbalanced_g8_d4_s1,unbalanced,8,4,2026092711,1200,10,50,1,hgp_weighted_full_vote,0.23608161424660468,0.23608161424660468,0.23037239278569516,0.20300342154717202,0.5051840966560589,0.9425,2,69,8,2,-6,6,0,0.0,478,0.15810927444321443,0.24895833333333334,0.1772206525668169,0.42263483642793986,0.3983333333333333,0.41012441012441014,,,facet_mass_before_point_vote,False,0,0,261,0,"[239,892]",23948.368549998122,7381.982109996898,16566.386440001224,7019.850767999742,1133.4800369986624,new_parallel_worker
unbalanced_g8_d4_s1,unbalanced,8,4,2026092711,1200,10,50,2,hdbscan_common,0.22936310124154996,0.22936310124154996,0.24167885000317993,0.21539696567574126,0.3857392636320213,0.8216666666666667,2,214,8,2,-6,6,0,0.0,428,0.16013038337067464,0.22291666666666665,0.16956717664644333,0.4340770791075051,0.3566666666666667,0.39158279963403475,8,0,points,True,,,,,,,,,,,new_parallel_worker
unbalanced_g8_d4_s1,unbalanced,8,4,2026092711,1200,10,50,2,hgp_first_coverage,0.31540642964370214,0.31540642964370214,0.31561050028085774,0.312540393835869,0.580087896052486,0.9716666666666667,4,34,8,4,-4,4,0,0.0,582,0.3802863852391219,0.4671875,0.4000716064162182,0.49914236706689535,0.485,0.4919695688926458,8,0,points,True,,,,,,,,,,,new_parallel_worker
unbalanced_g8_d4_s1,unbalanced,8,4,2026092711,1200,10,50,2,hgp_weighted_full_vote,0.23608161424660468,0.23608161424660468,0.23037239278569516,0.20300342154717202,0.5051840966560589,0.9425,2,69,8,2,-6,6,0,0.0,478,0.15810927444321443,0.24895833333333334,0.1772206525668169,0.42263483642793986,0.3983333333333333,0.41012441012441014,,,facet_mass_before_point_vote,False,0,0,261,0,"[239,892]",25935.122687998955,10343.156183000247,15591.966504998709,7279.746175998298,1139.7617590009759,new_parallel_worker
unbalanced_g8_d4_s2,unbalanced,8,4,2026092712,1200,5,20,1,hdbscan_common,0.2422399382693845,0.2422399382693845,0.2440527018980021,0.2394894271712287,0.47290778744475964,0.9366666666666666,3,76,8,3,-5,5,0,0.0,510,0.28438606847697756,0.3359375,0.2836120695608011,0.45373665480427045,0.425,0.4388984509466437,8,0,points,True,,,,,,,,,,,new_parallel_worker
unbalanced_g8_d4_s2,unbalanced,8,4,2026092712,1200,5,20,1,hdbscan_standard,0.2422399382693845,0.2422399382693845,0.2440527018980021,0.2394894271712287,0.47290778744475964,0.9366666666666666,3,76,8,3,-5,5,0,0.0,510,0.28438606847697756,0.3359375,0.2836120695608011,0.45373665480427045,0.425,0.4388984509466437,8,0,points,True,,,,,,,,,,,new_parallel_worker
unbalanced_g8_d4_s2,unbalanced,8,4,2026092712,1200,5,20,1,hgp_first_coverage,0.6779015967585879,0.6779015967585879,0.7371828917397636,0.9472803963644763,0.7554897863343792,0.805,8,234,8,8,0,0,0,0.0,941,0.9742340141406607,0.7557291666666667,0.8414892708605365,0.974120082815735,0.7841666666666667,0.8688827331486612,8,0,points,True,,,,,,,,,,,new_parallel_worker
unbalanced_g8_d4_s2,unbalanced,8,4,2026092712,1200,5,20,1,hgp_weighted_full_vote,0.30472038613280494,0.30472038613280494,0.304814833536696,0.3016950948208668,0.5874540322062017,0.9808333333333333,4,23,8,4,-4,4,0,0.0,584,0.39824139191291885,0.46979166666666666,0.4095825692851733,0.49617672047578587,0.4866666666666667,0.4913756836348338,,,facet_mass_before_point_vote,False,0,0,33,0,"[55,56,243,823]",4539.2143900025985,1681.9000540017441,2857.3143360008544,1207.4317110018455,124.80921799942735,new_parallel_worker
unbalanced_g8_d4_s2,unbalanced,8,4,2026092712,1200,5,20,2,hdbscan_common,0.39960859450671177,0.39960859450671177,0.5092564141850716,0.7697965422227323,0.5922095900292216,0.6608333333333334,7,407,8,7,-1,1,0,0.0,631,0.7858588090039874,0.5161458333333333,0.6000176806858415,0.7957124842370744,0.5258333333333334,0.6332162568991471,8,0,points,True,,,,,,,,,,,new_parallel_worker
unbalanced_g8_d4_s2,unbalanced,8,4,2026092712,1200,5,20,2,hgp_first_coverage,0.6779015967585879,0.6779015967585879,0.7371828917397636,0.9472803963644763,0.7554897863343792,0.805,8,234,8,8,0,0,0,0.0,941,0.9742340141406607,0.7557291666666667,0.8414892708605365,0.974120082815735,0.7841666666666667,0.8688827331486612,8,0,points,True,,,,,,,,,,,new_parallel_worker
unbalanced_g8_d4_s2,unbalanced,8,4,2026092712,1200,5,20,2,hgp_weighted_full_vote,0.30472038613280494,0.30472038613280494,0.304814833536696,0.3016950948208668,0.5874540322062017,0.9808333333333333,4,23,8,4,-4,4,0,0.0,584,0.39824139191291885,0.46979166666666666,0.4095825692851733,0.49617672047578587,0.4866666666666667,0.4913756836348338,,,facet_mass_before_point_vote,False,0,0,33,0,"[55,56,243,823]",4544.738746997609,1446.6084169980604,3098.130329999549,1318.3846040010394,138.13567599936505,new_parallel_worker
unbalanced_g8_d4_s2,unbalanced,8,4,2026092712,1200,5,50,1,hdbscan_common,0.24130626537245514,0.24130626537245514,0.24010838479878682,0.21358168297704155,0.4559822631125091,0.8991666666666667,2,121,8,2,-6,6,0,0.0,465,0.15938606847697756,0.2421875,0.17646921241794397,0.4309545875810936,0.3875,0.40807371654234315,8,0,points,True,,,,,,,,,,,new_parallel_worker
unbalanced_g8_d4_s2,unbalanced,8,4,2026092712,1200,5,50,1,hdbscan_standard,0.24130626537245514,0.24130626537245514,0.24010838479878682,0.21358168297704155,0.4559822631125091,0.8991666666666667,2,121,8,2,-6,6,0,0.0,465,0.15938606847697756,0.2421875,0.17646921241794397,0.4309545875810936,0.3875,0.40807371654234315,8,0,points,True,,,,,,,,,,,new_parallel_worker
unbalanced_g8_d4_s2,unbalanced,8,4,2026092712,1200,5,50,1,hgp_first_coverage,0.3059431908414441,0.3059431908414441,0.3060517515309924,0.3021531929569006,0.5906743587071621,0.9783333333333334,4,26,8,4,-4,4,0,0.0,584,0.40100780439618394,0.4682291666666667,0.4099045108966118,0.49744463373083475,0.4866666666666667,0.4919966301600674,8,0,points,True,,,,,,,,,,,new_parallel_worker
unbalanced_g8_d4_s2,unbalanced,8,4,2026092712,1200,5,50,1,hgp_weighted_full_vote,0.23608506152813727,0.23608506152813727,0.23083345737949718,0.20525537461506663,0.5002758806565448,0.9441666666666667,2,67,8,2,-6,6,0,0.0,480,0.157636975818794,0.25,0.17753172567881398,0.4236540158870256,0.4,0.4114873553364766,,,facet_mass_before_point_vote,False,0,0,33,0,"[242,891]",4539.2143900025985,1681.9000540017441,2857.3143360008544,1672.777642001165,128.82143999740947,new_parallel_worker
unbalanced_g8_d4_s2,unbalanced,8,4,2026092712,1200,5,50,2,hdbscan_common,0.24130626537245514,0.24130626537245514,0.24010838479878682,0.21358168297704155,0.4559822631125091,0.8991666666666667,2,121,8,2,-6,6,0,0.0,465,0.15938606847697756,0.2421875,0.17646921241794397,0.4309545875810936,0.3875,0.40807371654234315,8,0,points,True,,,,,,,,,,,new_parallel_worker
unbalanced_g8_d4_s2,unbalanced,8,4,2026092712,1200,5,50,2,hgp_first_coverage,0.3059431908414441,0.3059431908414441,0.3060517515309924,0.3021531929569006,0.5906743587071621,0.9783333333333334,4,26,8,4,-4,4,0,0.0,584,0.40100780439618394,0.4682291666666667,0.4099045108966118,0.49744463373083475,0.4866666666666667,0.4919966301600674,8,0,points,True,,,,,,,,,,,new_parallel_worker
unbalanced_g8_d4_s2,unbalanced,8,4,2026092712,1200,5,50,2,hgp_weighted_full_vote,0.23608506152813727,0.23608506152813727,0.23083345737949718,0.20525537461506663,0.5002758806565448,0.9441666666666667,2,67,8,2,-6,6,0,0.0,480,0.157636975818794,0.25,0.17753172567881398,0.4236540158870256,0.4,0.4114873553364766,,,facet_mass_before_point_vote,False,0,0,33,0,"[242,891]",4544.738746997609,1446.6084169980604,3098.130329999549,1319.918825996865,139.1562580029131,new_parallel_worker
unbalanced_g8_d4_s2,unbalanced,8,4,2026092712,1200,10,20,1,hdbscan_common,0.2533705203818951,0.2533705203818951,0.26369022689452215,0.2504518269856898,0.4295249959483913,0.8583333333333333,3,170,8,3,-5,5,0,0.0,475,0.28594351732991014,0.28802083333333334,0.25150497634222096,0.46116504854368934,0.3958333333333333,0.4260089686098655,8,0,points,True,,,,,,,,,,,new_parallel_worker
unbalanced_g8_d4_s2,unbalanced,8,4,2026092712,1200,10,20,1,hdbscan_standard,0.25321463827091806,0.25321463827091806,0.26334998103176094,0.2504734486896793,0.42727987537572365,0.8591666666666666,3,169,8,3,-5,5,0,0.0,475,0.2853904199847774,0.28802083333333334,0.2512453889131749,0.46071774975751695,0.3958333333333333,0.42581801882563874,8,0,points,True,,,,,,,,,,,new_parallel_worker
unbalanced_g8_d4_s2,unbalanced,8,4,2026092712,1200,10,20,1,hgp_first_coverage,0.742949748473249,0.742949748473249,0.7835103524273842,0.9381402595666593,0.7773446515152044,0.8466666666666667,8,184,8,8,0,0,0,0.0,985,0.970486294864721,0.7802083333333333,0.8501298146494009,0.969488188976378,0.8208333333333333,0.8889891696750902,8,0,points,True,,,,,,,,,,,new_parallel_worker
unbalanced_g8_d4_s2,unbalanced,8,4,2026092712,1200,10,20,1,hgp_weighted_full_vote,0.3084416816831061,0.3084416816831061,0.3085038613069914,0.3054274108985058,0.5894297309220963,0.9841666666666666,4,19,8,4,-4,4,0,0.0,588,0.3973748577796054,0.4765625,0.4126775703904199,0.497883149872989,0.49,0.49391012179756405,,,facet_mass_before_point_vote,False,0,0,254,0,"[57,57,246,821]",22697.803611998097,7169.589640998311,15528.213970999786,6285.602359999757,986.7962839998654,new_parallel_worker
unbalanced_g8_d4_s2,unbalanced,8,4,2026092712,1200,10,20,2,hdbscan_common,0.2533705203818951,0.2533705203818951,0.26369022689452215,0.2504518269856898,0.4295249959483913,0.8583333333333333,3,170,8,3,-5,5,0,0.0,475,0.28594351732991014,0.28802083333333334,0.25150497634222096,0.46116504854368934,0.3958333333333333,0.4260089686098655,8,0,points,True,,,,,,,,,,,new_parallel_worker
unbalanced_g8_d4_s2,unbalanced,8,4,2026092712,1200,10,20,2,hgp_first_coverage,0.742949748473249,0.742949748473249,0.7835103524273842,0.9381402595666593,0.7773446515152044,0.8466666666666667,8,184,8,8,0,0,0,0.0,985,0.970486294864721,0.7802083333333333,0.8501298146494009,0.969488188976378,0.8208333333333333,0.8889891696750902,8,0,points,True,,,,,,,,,,,new_parallel_worker
unbalanced_g8_d4_s2,unbalanced,8,4,2026092712,1200,10,20,2,hgp_weighted_full_vote,0.307862482302236,0.307862482302236,0.30792441879410315,0.3048378940036836,0.5907271446911971,0.9841666666666666,4,19,8,4,-4,4,0,0.0,588,0.3978283495495778,0.4765625,0.4128790933569896,0.497883149872989,0.49,0.49391012179756405,,,facet_mass_before_point_vote,False,0,0,254,0,"[57,57,245,822]",27895.79430699814,9699.777722998988,18196.016583999153,7106.01551900254,1195.9752199982177,new_parallel_worker
unbalanced_g8_d4_s2,unbalanced,8,4,2026092712,1200,10,50,1,hdbscan_common,0.2520353030693326,0.2520353030693326,0.2622641765897259,0.23377402751484472,0.41801079797688695,0.8366666666666667,2,196,8,2,-6,6,0,0.0,449,0.16094351732991014,0.23385416666666667,0.1759235809933838,0.44721115537848605,0.37416666666666665,0.4074410163339383,8,0,points,True,,,,,,,,,,,new_parallel_worker
unbalanced_g8_d4_s2,unbalanced,8,4,2026092712,1200,10,50,1,hdbscan_standard,0.2519182223541858,0.2519182223541858,0.2619243409399993,0.2338452086164916,0.41578085117783203,0.8375,2,195,8,2,-6,6,0,0.0,449,0.1603904199847774,0.23385416666666667,0.17566399356433765,0.44676616915422884,0.37416666666666665,0.4072562358276644,8,0,points,True,,,,,,,,,,,new_parallel_worker
unbalanced_g8_d4_s2,unbalanced,8,4,2026092712,1200,10,50,1,hgp_first_coverage,0.3073877328093768,0.3073877328093768,0.30746172317485637,0.3035834426789986,0.5941483764517607,0.9816666666666667,4,22,8,4,-4,4,0,0.0,587,0.3992139948533373,0.47291666666666665,0.41147575352030097,0.49830220713073003,0.4891666666666667,0.49369217830109335,8,0,points,True,,,,,,,,,,,new_parallel_worker
unbalanced_g8_d4_s2,unbalanced,8,4,2026092712,1200,10,50,1,hgp_weighted_full_vote,0.23165072738132916,0.23165072738132916,0.22648835022090713,0.20247363762965553,0.5012079697204566,0.95,2,60,8,2,-6,6,0,0.0,480,0.15737451453183382,0.25,0.17720540512947663,0.42105263157894735,0.4,0.41025641025641024,,,facet_mass_before_point_vote,False,0,0,254,0,"[242,898]",22697.803611998097,7169.589640998311,15528.213970999786,6568.19226099833,1084.5988170003693,new_parallel_worker
unbalanced_g8_d4_s2,unbalanced,8,4,2026092712,1200,10,50,2,hdbscan_common,0.2520353030693326,0.2520353030693326,0.2622641765897259,0.23377402751484472,0.41801079797688695,0.8366666666666667,2,196,8,2,-6,6,0,0.0,449,0.16094351732991014,0.23385416666666667,0.1759235809933838,0.44721115537848605,0.37416666666666665,0.4074410163339383,8,0,points,True,,,,,,,,,,,new_parallel_worker
unbalanced_g8_d4_s2,unbalanced,8,4,2026092712,1200,10,50,2,hgp_first_coverage,0.7032843377367992,0.7032843377367992,0.7767297631165995,0.9389413699062682,0.7595324401337282,0.7925,6,249,8,6,-2,2,0,0.0,921,0.7233272039556302,0.646875,0.6819496152192014,0.9684542586750788,0.7675,0.8563458856345886,8,0,points,True,,,,,,,,,,,new_parallel_worker
unbalanced_g8_d4_s2,unbalanced,8,4,2026092712,1200,10,50,2,hgp_weighted_full_vote,0.23165072738132916,0.23165072738132916,0.22648835022090713,0.20247363762965553,0.5012079697204566,0.95,2,60,8,2,-6,6,0,0.0,480,0.15737451453183382,0.25,0.17720540512947663,0.42105263157894735,0.4,0.41025641025641024,,,facet_mass_before_point_vote,False,0,0,254,0,"[242,898]",27895.79430699814,9699.777722998988,18196.016583999153,9784.203052000521,1161.2070640003367,new_parallel_worker
