{"op":"C","status":"READY","cmp":0,"lhs":[0,0,0,0,0,0,0,0],"rhs":[0,0,0,0,0,0,0,0]}
{"op":"C","status":"READY","cmp":-1,"lhs":[0,0,0,0,0,0,0,0],"rhs":[0,0,0,0,255,18446744073709551615,18446744073709551615,18446744073709551615]}
{"op":"C","status":"READY","cmp":0,"lhs":[262143,18446744073709551615,18446744073709551615,18446744073709550591,18446744073709551360,0,0,1],"rhs":[262143,18446744073709551615,18446744073709551615,18446744073709550591,18446744073709551360,0,0,1]}
{"op":"C","status":"READY","cmp":0,"lhs":[0,0,0,1023,18446744073709551615,18446744073709551615,18446744073709551615,18446744073709551615],"rhs":[0,0,0,1023,18446744073709551615,18446744073709551615,18446744073709551615,18446744073709551614]}
{"op":"C","status":"READY","cmp":0,"lhs":[0,0,0,1,0,0,0,1],"rhs":[0,0,0,1,0,0,0,0]}
{"op":"C","status":"READY","cmp":0,"lhs":[0,0,0,1,0,0,0,0],"rhs":[0,0,0,1,0,0,0,1]}
{"op":"C","status":"READY","cmp":0,"lhs":[262143,18446744073709551615,18446744073709551615,18446744073709549567,18446744073709551360,0,0,2],"rhs":[262143,18446744073709551615,18446744073709551615,18446744073709550591,18446744073709551360,0,0,1]}
{"op":"C","status":"READY","cmp":0,"lhs":[0,0,0,0,255,18446744073709551615,18446744073709551615,18446744073709551614],"rhs":[0,0,0,0,255,18446744073709551615,18446744073709551615,18446744073709551615]}
{"op":"C","status":"READY","cmp":-1,"lhs":[0,0,0,0,0,0,0,3],"rhs":[0,0,0,0,0,0,0,6]}
{"op":"C","status":"READY","cmp":1,"lhs":[0,0,0,0,0,0,0,6],"rhs":[0,0,0,0,0,0,0,3]}
{"op":"C","status":"READY","cmp":-1,"lhs":[0,0,0,0,0,0,0,15],"rhs":[0,0,0,0,0,0,0,20]}
{"op":"C","status":"READY","cmp":1,"lhs":[0,0,0,0,0,0,0,20],"rhs":[0,0,0,0,0,0,0,15]}
{"op":"C","status":"READY","cmp":-1,"lhs":[0,0,0,0,0,0,0,63],"rhs":[0,0,0,0,0,0,0,72]}
{"op":"C","status":"READY","cmp":1,"lhs":[0,0,0,0,0,0,0,72],"rhs":[0,0,0,0,0,0,0,63]}
{"op":"C","status":"READY","cmp":-1,"lhs":[0,0,0,0,0,0,0,255],"rhs":[0,0,0,0,0,0,0,272]}
{"op":"C","status":"READY","cmp":1,"lhs":[0,0,0,0,0,0,0,272],"rhs":[0,0,0,0,0,0,0,255]}
{"op":"C","status":"READY","cmp":-1,"lhs":[0,0,0,0,0,0,0,1023],"rhs":[0,0,0,0,0,0,0,1056]}
{"op":"C","status":"READY","cmp":1,"lhs":[0,0,0,0,0,0,0,1056],"rhs":[0,0,0,0,0,0,0,1023]}
{"op":"C","status":"READY","cmp":-1,"lhs":[0,0,0,0,0,0,0,4095],"rhs":[0,0,0,0,0,0,0,4160]}
{"op":"C","status":"READY","cmp":1,"lhs":[0,0,0,0,0,0,0,4160],"rhs":[0,0,0,0,0,0,0,4095]}
{"op":"C","status":"READY","cmp":-1,"lhs":[0,0,0,0,0,0,0,16383],"rhs":[0,0,0,0,0,0,0,16512]}
{"op":"C","status":"READY","cmp":1,"lhs":[0,0,0,0,0,0,0,16512],"rhs":[0,0,0,0,0,0,0,16383]}
{"op":"C","status":"READY","cmp":-1,"lhs":[0,0,0,0,0,0,0,65535],"rhs":[0,0,0,0,0,0,0,65792]}
{"op":"C","status":"READY","cmp":1,"lhs":[0,0,0,0,0,0,0,65792],"rhs":[0,0,0,0,0,0,0,65535]}
{"op":"C","status":"READY","cmp":-1,"lhs":[0,0,0,0,0,0,0,262143],"rhs":[0,0,0,0,0,0,0,262656]}
{"op":"C","status":"READY","cmp":1,"lhs":[0,0,0,0,0,0,0,262656],"rhs":[0,0,0,0,0,0,0,262143]}
{"op":"C","status":"READY","cmp":-1,"lhs":[0,0,0,0,0,0,0,1048575],"rhs":[0,0,0,0,0,0,0,1049600]}
{"op":"C","status":"READY","cmp":1,"lhs":[0,0,0,0,0,0,0,1049600],"rhs":[0,0,0,0,0,0,0,1048575]}
{"op":"C","status":"READY","cmp":-1,"lhs":[0,0,0,0,0,0,0,4194303],"rhs":[0,0,0,0,0,0,0,4196352]}
{"op":"C","status":"READY","cmp":1,"lhs":[0,0,0,0,0,0,0,4196352],"rhs":[0,0,0,0,0,0,0,4194303]}
{"op":"C","status":"READY","cmp":-1,"lhs":[0,0,0,0,0,0,0,16777215],"rhs":[0,0,0,0,0,0,0,16781312]}
{"op":"C","status":"READY","cmp":1,"lhs":[0,0,0,0,0,0,0,16781312],"rhs":[0,0,0,0,0,0,0,16777215]}
{"op":"C","status":"READY","cmp":-1,"lhs":[0,0,0,0,0,0,0,67108863],"rhs":[0,0,0,0,0,0,0,67117056]}
{"op":"C","status":"READY","cmp":1,"lhs":[0,0,0,0,0,0,0,67117056],"rhs":[0,0,0,0,0,0,0,67108863]}
{"op":"C","status":"READY","cmp":-1,"lhs":[0,0,0,0,0,0,0,268435455],"rhs":[0,0,0,0,0,0,0,268451840]}
{"op":"C","status":"READY","cmp":1,"lhs":[0,0,0,0,0,0,0,268451840],"rhs":[0,0,0,0,0,0,0,268435455]}
{"op":"C","status":"READY","cmp":-1,"lhs":[0,0,0,0,0,0,0,1073741823],"rhs":[0,0,0,0,0,0,0,1073774592]}
{"op":"C","status":"READY","cmp":1,"lhs":[0,0,0,0,0,0,0,1073774592],"rhs":[0,0,0,0,0,0,0,1073741823]}
{"op":"C","status":"READY","cmp":-1,"lhs":[0,0,0,0,0,0,0,4294967295],"rhs":[0,0,0,0,0,0,0,4295032832]}
{"op":"C","status":"READY","cmp":1,"lhs":[0,0,0,0,0,0,0,4295032832],"rhs":[0,0,0,0,0,0,0,4294967295]}
{"op":"C","status":"READY","cmp":-1,"lhs":[0,0,0,0,0,0,0,17179869183],"rhs":[0,0,0,0,0,0,0,17180000256]}
{"op":"C","status":"READY","cmp":1,"lhs":[0,0,0,0,0,0,0,17180000256],"rhs":[0,0,0,0,0,0,0,17179869183]}
{"op":"C","status":"READY","cmp":-1,"lhs":[0,0,0,0,0,0,0,68719476735],"rhs":[0,0,0,0,0,0,0,68719738880]}
{"op":"C","status":"READY","cmp":1,"lhs":[0,0,0,0,0,0,0,68719738880],"rhs":[0,0,0,0,0,0,0,68719476735]}
{"op":"C","status":"READY","cmp":-1,"lhs":[0,0,0,0,0,0,0,274877906943],"rhs":[0,0,0,0,0,0,0,274878431232]}
{"op":"C","status":"READY","cmp":1,"lhs":[0,0,0,0,0,0,0,274878431232],"rhs":[0,0,0,0,0,0,0,274877906943]}
{"op":"C","status":"READY","cmp":-1,"lhs":[0,0,0,0,0,0,0,1099511627775],"rhs":[0,0,0,0,0,0,0,1099512676352]}
{"op":"C","status":"READY","cmp":1,"lhs":[0,0,0,0,0,0,0,1099512676352],"rhs":[0,0,0,0,0,0,0,1099511627775]}
{"op":"C","status":"READY","cmp":-1,"lhs":[0,0,0,0,0,0,0,4398046511103],"rhs":[0,0,0,0,0,0,0,4398048608256]}
{"op":"C","status":"READY","cmp":1,"lhs":[0,0,0,0,0,0,0,4398048608256],"rhs":[0,0,0,0,0,0,0,4398046511103]}
{"op":"C","status":"READY","cmp":-1,"lhs":[0,0,0,0,0,0,0,17592186044415],"rhs":[0,0,0,0,0,0,0,17592190238720]}
{"op":"C","status":"READY","cmp":1,"lhs":[0,0,0,0,0,0,0,17592190238720],"rhs":[0,0,0,0,0,0,0,17592186044415]}
{"op":"C","status":"READY","cmp":-1,"lhs":[0,0,0,0,0,0,0,70368744177663],"rhs":[0,0,0,0,0,0,0,70368752566272]}
{"op":"C","status":"READY","cmp":1,"lhs":[0,0,0,0,0,0,0,70368752566272],"rhs":[0,0,0,0,0,0,0,70368744177663]}
{"op":"C","status":"READY","cmp":-1,"lhs":[0,0,0,0,0,0,0,281474976710655],"rhs":[0,0,0,0,0,0,0,281474993487872]}
{"op":"C","status":"READY","cmp":1,"lhs":[0,0,0,0,0,0,0,281474993487872],"rhs":[0,0,0,0,0,0,0,281474976710655]}
{"op":"C","status":"READY","cmp":-1,"lhs":[0,0,0,0,0,0,0,1125899906842623],"rhs":[0,0,0,0,0,0,0,1125899940397056]}
{"op":"C","status":"READY","cmp":1,"lhs":[0,0,0,0,0,0,0,1125899940397056],"rhs":[0,0,0,0,0,0,0,1125899906842623]}
{"op":"C","status":"READY","cmp":-1,"lhs":[0,0,0,0,0,0,0,4503599627370495],"rhs":[0,0,0,0,0,0,0,4503599694479360]}
{"op":"C","status":"READY","cmp":1,"lhs":[0,0,0,0,0,0,0,4503599694479360],"rhs":[0,0,0,0,0,0,0,4503599627370495]}
{"op":"C","status":"READY","cmp":-1,"lhs":[0,0,0,0,0,0,0,18014398509481983],"rhs":[0,0,0,0,0,0,0,18014398643699712]}
{"op":"C","status":"READY","cmp":1,"lhs":[0,0,0,0,0,0,0,18014398643699712],"rhs":[0,0,0,0,0,0,0,18014398509481983]}
{"op":"C","status":"READY","cmp":-1,"lhs":[0,0,0,0,0,0,0,72057594037927935],"rhs":[0,0,0,0,0,0,0,72057594306363392]}
{"op":"C","status":"READY","cmp":1,"lhs":[0,0,0,0,0,0,0,72057594306363392],"rhs":[0,0,0,0,0,0,0,72057594037927935]}
{"op":"C","status":"READY","cmp":-1,"lhs":[0,0,0,0,0,0,0,288230376151711743],"rhs":[0,0,0,0,0,0,0,288230376688582656]}
{"op":"C","status":"READY","cmp":1,"lhs":[0,0,0,0,0,0,0,288230376688582656],"rhs":[0,0,0,0,0,0,0,288230376151711743]}
{"op":"C","status":"READY","cmp":-1,"lhs":[0,0,0,0,0,0,0,1152921504606846975],"rhs":[0,0,0,0,0,0,0,1152921505680588800]}
{"op":"C","status":"READY","cmp":1,"lhs":[0,0,0,0,0,0,0,1152921505680588800],"rhs":[0,0,0,0,0,0,0,1152921504606846975]}
{"op":"C","status":"READY","cmp":-1,"lhs":[0,0,0,0,0,0,0,4611686018427387903],"rhs":[0,0,0,0,0,0,0,4611686020574871552]}
{"op":"C","status":"READY","cmp":1,"lhs":[0,0,0,0,0,0,0,4611686020574871552],"rhs":[0,0,0,0,0,0,0,4611686018427387903]}
{"op":"C","status":"READY","cmp":-1,"lhs":[0,0,0,0,0,0,0,18446744073709551615],"rhs":[0,0,0,0,0,0,1,4294967296]}
{"op":"C","status":"READY","cmp":1,"lhs":[0,0,0,0,0,0,1,4294967296],"rhs":[0,0,0,0,0,0,0,18446744073709551615]}
{"op":"C","status":"READY","cmp":-1,"lhs":[0,0,0,0,0,0,3,18446744073709551615],"rhs":[0,0,0,0,0,0,4,8589934592]}
{"op":"C","status":"READY","cmp":1,"lhs":[0,0,0,0,0,0,4,8589934592],"rhs":[0,0,0,0,0,0,3,18446744073709551615]}
{"op":"C","status":"READY","cmp":-1,"lhs":[0,0,0,0,0,0,15,18446744073709551615],"rhs":[0,0,0,0,0,0,16,17179869184]}
{"op":"C","status":"READY","cmp":1,"lhs":[0,0,0,0,0,0,16,17179869184],"rhs":[0,0,0,0,0,0,15,18446744073709551615]}
{"op":"C","status":"READY","cmp":-1,"lhs":[0,0,0,0,0,0,63,18446744073709551615],"rhs":[0,0,0,0,0,0,64,34359738368]}
{"op":"C","status":"READY","cmp":1,"lhs":[0,0,0,0,0,0,64,34359738368],"rhs":[0,0,0,0,0,0,63,18446744073709551615]}
{"op":"C","status":"READY","cmp":-1,"lhs":[0,0,0,0,0,0,255,18446744073709551615],"rhs":[0,0,0,0,0,0,256,68719476736]}
{"op":"C","status":"READY","cmp":1,"lhs":[0,0,0,0,0,0,256,68719476736],"rhs":[0,0,0,0,0,0,255,18446744073709551615]}
{"op":"C","status":"READY","cmp":-1,"lhs":[0,0,0,0,0,0,1023,18446744073709551615],"rhs":[0,0,0,0,0,0,1024,137438953472]}
{"op":"C","status":"READY","cmp":1,"lhs":[0,0,0,0,0,0,1024,137438953472],"rhs":[0,0,0,0,0,0,1023,18446744073709551615]}
{"op":"C","status":"READY","cmp":-1,"lhs":[0,0,0,0,0,0,4095,18446744073709551615],"rhs":[0,0,0,0,0,0,4096,274877906944]}
{"op":"C","status":"READY","cmp":1,"lhs":[0,0,0,0,0,0,4096,274877906944],"rhs":[0,0,0,0,0,0,4095,18446744073709551615]}
{"op":"C","status":"READY","cmp":-1,"lhs":[0,0,0,0,0,0,16383,18446744073709551615],"rhs":[0,0,0,0,0,0,16384,549755813888]}
{"op":"C","status":"READY","cmp":1,"lhs":[0,0,0,0,0,0,16384,549755813888],"rhs":[0,0,0,0,0,0,16383,18446744073709551615]}
{"op":"C","status":"READY","cmp":-1,"lhs":[0,0,0,0,0,0,65535,18446744073709551615],"rhs":[0,0,0,0,0,0,65536,1099511627776]}
{"op":"C","status":"READY","cmp":1,"lhs":[0,0,0,0,0,0,65536,1099511627776],"rhs":[0,0,0,0,0,0,65535,18446744073709551615]}
{"op":"C","status":"READY","cmp":-1,"lhs":[0,0,0,0,0,0,262143,18446744073709551615],"rhs":[0,0,0,0,0,0,262144,2199023255552]}
{"op":"C","status":"READY","cmp":1,"lhs":[0,0,0,0,0,0,262144,2199023255552],"rhs":[0,0,0,0,0,0,262143,18446744073709551615]}
{"op":"C","status":"READY","cmp":-1,"lhs":[0,0,0,0,0,0,1048575,18446744073709551615],"rhs":[0,0,0,0,0,0,1048576,4398046511104]}
{"op":"C","status":"READY","cmp":1,"lhs":[0,0,0,0,0,0,1048576,4398046511104],"rhs":[0,0,0,0,0,0,1048575,18446744073709551615]}
{"op":"C","status":"READY","cmp":-1,"lhs":[0,0,0,0,0,0,4194303,18446744073709551615],"rhs":[0,0,0,0,0,0,4194304,8796093022208]}
{"op":"C","status":"READY","cmp":1,"lhs":[0,0,0,0,0,0,4194304,8796093022208],"rhs":[0,0,0,0,0,0,4194303,18446744073709551615]}
{"op":"C","status":"READY","cmp":-1,"lhs":[0,0,0,0,0,0,16777215,18446744073709551615],"rhs":[0,0,0,0,0,0,16777216,17592186044416]}
{"op":"C","status":"READY","cmp":1,"lhs":[0,0,0,0,0,0,16777216,17592186044416],"rhs":[0,0,0,0,0,0,16777215,18446744073709551615]}
{"op":"C","status":"READY","cmp":-1,"lhs":[0,0,0,0,0,0,67108863,18446744073709551615],"rhs":[0,0,0,0,0,0,67108864,35184372088832]}
{"op":"C","status":"READY","cmp":1,"lhs":[0,0,0,0,0,0,67108864,35184372088832],"rhs":[0,0,0,0,0,0,67108863,18446744073709551615]}
{"op":"C","status":"READY","cmp":-1,"lhs":[0,0,0,0,0,0,268435455,18446744073709551615],"rhs":[0,0,0,0,0,0,268435456,70368744177664]}
{"op":"C","status":"READY","cmp":1,"lhs":[0,0,0,0,0,0,268435456,70368744177664],"rhs":[0,0,0,0,0,0,268435455,18446744073709551615]}
{"op":"C","status":"READY","cmp":-1,"lhs":[0,0,0,0,0,0,1073741823,18446744073709551615],"rhs":[0,0,0,0,0,0,1073741824,140737488355328]}
{"op":"C","status":"READY","cmp":1,"lhs":[0,0,0,0,0,0,1073741824,140737488355328],"rhs":[0,0,0,0,0,0,1073741823,18446744073709551615]}
{"op":"C","status":"READY","cmp":-1,"lhs":[0,0,0,0,0,0,4294967295,18446744073709551615],"rhs":[0,0,0,0,0,0,4294967296,281474976710656]}
{"op":"C","status":"READY","cmp":1,"lhs":[0,0,0,0,0,0,4294967296,281474976710656],"rhs":[0,0,0,0,0,0,4294967295,18446744073709551615]}
{"op":"C","status":"READY","cmp":-1,"lhs":[0,0,0,0,0,0,17179869183,18446744073709551615],"rhs":[0,0,0,0,0,0,17179869184,562949953421312]}
{"op":"C","status":"READY","cmp":1,"lhs":[0,0,0,0,0,0,17179869184,562949953421312],"rhs":[0,0,0,0,0,0,17179869183,18446744073709551615]}
{"op":"C","status":"READY","cmp":-1,"lhs":[0,0,0,0,0,0,68719476735,18446744073709551615],"rhs":[0,0,0,0,0,0,68719476736,1125899906842624]}
{"op":"C","status":"READY","cmp":1,"lhs":[0,0,0,0,0,0,68719476736,1125899906842624],"rhs":[0,0,0,0,0,0,68719476735,18446744073709551615]}
{"op":"C","status":"READY","cmp":-1,"lhs":[0,0,0,0,0,0,274877906943,18446744073709551615],"rhs":[0,0,0,0,0,0,274877906944,2251799813685248]}
{"op":"C","status":"READY","cmp":1,"lhs":[0,0,0,0,0,0,274877906944,2251799813685248],"rhs":[0,0,0,0,0,0,274877906943,18446744073709551615]}
{"op":"C","status":"READY","cmp":-1,"lhs":[0,0,0,0,0,0,1099511627775,18446744073709551615],"rhs":[0,0,0,0,0,0,1099511627776,4503599627370496]}
{"op":"C","status":"READY","cmp":1,"lhs":[0,0,0,0,0,0,1099511627776,4503599627370496],"rhs":[0,0,0,0,0,0,1099511627775,18446744073709551615]}
{"op":"C","status":"READY","cmp":-1,"lhs":[0,0,0,0,0,0,4398046511103,18446744073709551615],"rhs":[0,0,0,0,0,0,4398046511104,9007199254740992]}
{"op":"C","status":"READY","cmp":1,"lhs":[0,0,0,0,0,0,4398046511104,9007199254740992],"rhs":[0,0,0,0,0,0,4398046511103,18446744073709551615]}
{"op":"C","status":"READY","cmp":0,"lhs":[0,0,0,0,0,0,17592186044415,18446744073709551615],"rhs":[0,0,0,0,0,0,17592186044416,18014398509481984]}
{"op":"C","status":"READY","cmp":0,"lhs":[0,0,0,0,0,0,17592186044416,18014398509481984],"rhs":[0,0,0,0,0,0,17592186044415,18446744073709551615]}
{"op":"C","status":"READY","cmp":0,"lhs":[0,0,0,0,0,0,70368744177663,18446744073709551615],"rhs":[0,0,0,0,0,0,70368744177664,36028797018963968]}
{"op":"C","status":"READY","cmp":0,"lhs":[0,0,0,0,0,0,70368744177664,36028797018963968],"rhs":[0,0,0,0,0,0,70368744177663,18446744073709551615]}
{"op":"C","status":"READY","cmp":0,"lhs":[0,0,0,0,0,0,281474976710655,18446744073709551615],"rhs":[0,0,0,0,0,0,281474976710656,72057594037927936]}
{"op":"C","status":"READY","cmp":0,"lhs":[0,0,0,0,0,0,281474976710656,72057594037927936],"rhs":[0,0,0,0,0,0,281474976710655,18446744073709551615]}
{"op":"C","status":"READY","cmp":0,"lhs":[0,0,0,0,0,0,1125899906842623,18446744073709551615],"rhs":[0,0,0,0,0,0,1125899906842624,144115188075855872]}
{"op":"C","status":"READY","cmp":0,"lhs":[0,0,0,0,0,0,1125899906842624,144115188075855872],"rhs":[0,0,0,0,0,0,1125899906842623,18446744073709551615]}
{"op":"C","status":"READY","cmp":0,"lhs":[0,0,0,0,0,0,4503599627370495,18446744073709551615],"rhs":[0,0,0,0,0,0,4503599627370496,288230376151711744]}
{"op":"C","status":"READY","cmp":0,"lhs":[0,0,0,0,0,0,4503599627370496,288230376151711744],"rhs":[0,0,0,0,0,0,4503599627370495,18446744073709551615]}
{"op":"C","status":"READY","cmp":0,"lhs":[0,0,0,0,0,0,18014398509481983,18446744073709551615],"rhs":[0,0,0,0,0,0,18014398509481984,576460752303423488]}
{"op":"C","status":"READY","cmp":0,"lhs":[0,0,0,0,0,0,18014398509481984,576460752303423488],"rhs":[0,0,0,0,0,0,18014398509481983,18446744073709551615]}
{"op":"C","status":"READY","cmp":0,"lhs":[0,0,0,0,0,0,72057594037927935,18446744073709551615],"rhs":[0,0,0,0,0,0,72057594037927936,1152921504606846976]}
{"op":"C","status":"READY","cmp":0,"lhs":[0,0,0,0,0,0,72057594037927936,1152921504606846976],"rhs":[0,0,0,0,0,0,72057594037927935,18446744073709551615]}
{"op":"C","status":"READY","cmp":0,"lhs":[0,0,0,0,0,0,288230376151711743,18446744073709551615],"rhs":[0,0,0,0,0,0,288230376151711744,2305843009213693952]}
{"op":"C","status":"READY","cmp":0,"lhs":[0,0,0,0,0,0,288230376151711744,2305843009213693952],"rhs":[0,0,0,0,0,0,288230376151711743,18446744073709551615]}
{"op":"C","status":"READY","cmp":0,"lhs":[0,0,0,0,0,0,1152921504606846975,18446744073709551615],"rhs":[0,0,0,0,0,0,1152921504606846976,4611686018427387904]}
{"op":"C","status":"READY","cmp":0,"lhs":[0,0,0,0,0,0,1152921504606846976,4611686018427387904],"rhs":[0,0,0,0,0,0,1152921504606846975,18446744073709551615]}
{"op":"C","status":"READY","cmp":0,"lhs":[0,0,0,0,0,0,4611686018427387903,18446744073709551615],"rhs":[0,0,0,0,0,0,4611686018427387904,9223372036854775808]}
{"op":"C","status":"READY","cmp":0,"lhs":[0,0,0,0,0,0,4611686018427387904,9223372036854775808],"rhs":[0,0,0,0,0,0,4611686018427387903,18446744073709551615]}
{"op":"C","status":"READY","cmp":0,"lhs":[0,0,0,0,0,0,18446744073709551615,18446744073709551615],"rhs":[0,0,0,0,0,1,1,0]}
{"op":"C","status":"READY","cmp":0,"lhs":[0,0,0,0,0,1,1,0],"rhs":[0,0,0,0,0,0,18446744073709551615,18446744073709551615]}
{"op":"C","status":"READY","cmp":0,"lhs":[0,0,0,0,0,3,18446744073709551615,18446744073709551615],"rhs":[0,0,0,0,0,4,2,0]}
{"op":"C","status":"READY","cmp":0,"lhs":[0,0,0,0,0,4,2,0],"rhs":[0,0,0,0,0,3,18446744073709551615,18446744073709551615]}
{"op":"C","status":"READY","cmp":0,"lhs":[0,0,0,0,0,15,18446744073709551615,18446744073709551615],"rhs":[0,0,0,0,0,16,4,0]}
{"op":"C","status":"READY","cmp":0,"lhs":[0,0,0,0,0,16,4,0],"rhs":[0,0,0,0,0,15,18446744073709551615,18446744073709551615]}
{"op":"C","status":"READY","cmp":0,"lhs":[0,0,0,0,0,63,18446744073709551615,18446744073709551615],"rhs":[0,0,0,0,0,64,8,0]}
{"op":"C","status":"READY","cmp":0,"lhs":[0,0,0,0,0,64,8,0],"rhs":[0,0,0,0,0,63,18446744073709551615,18446744073709551615]}
{"op":"C","status":"READY","cmp":0,"lhs":[0,0,0,0,0,255,18446744073709551615,18446744073709551615],"rhs":[0,0,0,0,0,256,16,0]}
{"op":"C","status":"READY","cmp":0,"lhs":[0,0,0,0,0,256,16,0],"rhs":[0,0,0,0,0,255,18446744073709551615,18446744073709551615]}
{"op":"C","status":"READY","cmp":0,"lhs":[0,0,0,0,0,1023,18446744073709551615,18446744073709551615],"rhs":[0,0,0,0,0,1024,32,0]}
{"op":"C","status":"READY","cmp":0,"lhs":[0,0,0,0,0,1024,32,0],"rhs":[0,0,0,0,0,1023,18446744073709551615,18446744073709551615]}
{"op":"C","status":"READY","cmp":0,"lhs":[0,0,0,0,0,4095,18446744073709551615,18446744073709551615],"rhs":[0,0,0,0,0,4096,64,0]}
{"op":"C","status":"READY","cmp":0,"lhs":[0,0,0,0,0,4096,64,0],"rhs":[0,0,0,0,0,4095,18446744073709551615,18446744073709551615]}
{"op":"C","status":"READY","cmp":0,"lhs":[0,0,0,0,0,16383,18446744073709551615,18446744073709551615],"rhs":[0,0,0,0,0,16384,128,0]}
{"op":"C","status":"READY","cmp":0,"lhs":[0,0,0,0,0,16384,128,0],"rhs":[0,0,0,0,0,16383,18446744073709551615,18446744073709551615]}
{"op":"C","status":"READY","cmp":0,"lhs":[0,0,0,0,0,65535,18446744073709551615,18446744073709551615],"rhs":[0,0,0,0,0,65536,256,0]}
{"op":"C","status":"READY","cmp":0,"lhs":[0,0,0,0,0,65536,256,0],"rhs":[0,0,0,0,0,65535,18446744073709551615,18446744073709551615]}
{"op":"C","status":"READY","cmp":0,"lhs":[0,0,0,0,0,262143,18446744073709551615,18446744073709551615],"rhs":[0,0,0,0,0,262144,512,0]}
{"op":"C","status":"READY","cmp":0,"lhs":[0,0,0,0,0,262144,512,0],"rhs":[0,0,0,0,0,262143,18446744073709551615,18446744073709551615]}
{"op":"C","status":"READY","cmp":0,"lhs":[0,0,0,0,0,1048575,18446744073709551615,18446744073709551615],"rhs":[0,0,0,0,0,1048576,1024,0]}
{"op":"C","status":"READY","cmp":0,"lhs":[0,0,0,0,0,1048576,1024,0],"rhs":[0,0,0,0,0,1048575,18446744073709551615,18446744073709551615]}
{"op":"C","status":"READY","cmp":0,"lhs":[0,0,0,0,0,4194303,18446744073709551615,18446744073709551615],"rhs":[0,0,0,0,0,4194304,2048,0]}
{"op":"C","status":"READY","cmp":0,"lhs":[0,0,0,0,0,4194304,2048,0],"rhs":[0,0,0,0,0,4194303,18446744073709551615,18446744073709551615]}
{"op":"C","status":"READY","cmp":0,"lhs":[0,0,0,0,0,16777215,18446744073709551615,18446744073709551615],"rhs":[0,0,0,0,0,16777216,4096,0]}
{"op":"C","status":"READY","cmp":0,"lhs":[0,0,0,0,0,16777216,4096,0],"rhs":[0,0,0,0,0,16777215,18446744073709551615,18446744073709551615]}
{"op":"C","status":"READY","cmp":0,"lhs":[0,0,0,0,0,67108863,18446744073709551615,18446744073709551615],"rhs":[0,0,0,0,0,67108864,8192,0]}
{"op":"C","status":"READY","cmp":0,"lhs":[0,0,0,0,0,67108864,8192,0],"rhs":[0,0,0,0,0,67108863,18446744073709551615,18446744073709551615]}
{"op":"C","status":"READY","cmp":0,"lhs":[0,0,0,0,0,268435455,18446744073709551615,18446744073709551615],"rhs":[0,0,0,0,0,268435456,16384,0]}
{"op":"C","status":"READY","cmp":0,"lhs":[0,0,0,0,0,268435456,16384,0],"rhs":[0,0,0,0,0,268435455,18446744073709551615,18446744073709551615]}
{"op":"C","status":"READY","cmp":0,"lhs":[0,0,0,0,0,1073741823,18446744073709551615,18446744073709551615],"rhs":[0,0,0,0,0,1073741824,32768,0]}
{"op":"C","status":"READY","cmp":0,"lhs":[0,0,0,0,0,1073741824,32768,0],"rhs":[0,0,0,0,0,1073741823,18446744073709551615,18446744073709551615]}
{"op":"C","status":"READY","cmp":0,"lhs":[0,0,0,0,0,4294967295,18446744073709551615,18446744073709551615],"rhs":[0,0,0,0,0,4294967296,65536,0]}
{"op":"C","status":"READY","cmp":0,"lhs":[0,0,0,0,0,4294967296,65536,0],"rhs":[0,0,0,0,0,4294967295,18446744073709551615,18446744073709551615]}
{"op":"C","status":"READY","cmp":0,"lhs":[0,0,0,0,0,17179869183,18446744073709551615,18446744073709551615],"rhs":[0,0,0,0,0,17179869184,131072,0]}
{"op":"C","status":"READY","cmp":0,"lhs":[0,0,0,0,0,17179869184,131072,0],"rhs":[0,0,0,0,0,17179869183,18446744073709551615,18446744073709551615]}
{"op":"C","status":"READY","cmp":0,"lhs":[0,0,0,0,0,68719476735,18446744073709551615,18446744073709551615],"rhs":[0,0,0,0,0,68719476736,262144,0]}
{"op":"C","status":"READY","cmp":0,"lhs":[0,0,0,0,0,68719476736,262144,0],"rhs":[0,0,0,0,0,68719476735,18446744073709551615,18446744073709551615]}
{"op":"C","status":"READY","cmp":0,"lhs":[0,0,0,0,0,274877906943,18446744073709551615,18446744073709551615],"rhs":[0,0,0,0,0,274877906944,524288,0]}
{"op":"C","status":"READY","cmp":0,"lhs":[0,0,0,0,0,274877906944,524288,0],"rhs":[0,0,0,0,0,274877906943,18446744073709551615,18446744073709551615]}
{"op":"C","status":"READY","cmp":0,"lhs":[0,0,0,0,0,1099511627775,18446744073709551615,18446744073709551615],"rhs":[0,0,0,0,0,1099511627776,1048576,0]}
{"op":"C","status":"READY","cmp":0,"lhs":[0,0,0,0,0,1099511627776,1048576,0],"rhs":[0,0,0,0,0,1099511627775,18446744073709551615,18446744073709551615]}
{"op":"C","status":"READY","cmp":0,"lhs":[0,0,0,0,0,4398046511103,18446744073709551615,18446744073709551615],"rhs":[0,0,0,0,0,4398046511104,2097152,0]}
{"op":"C","status":"READY","cmp":0,"lhs":[0,0,0,0,0,4398046511104,2097152,0],"rhs":[0,0,0,0,0,4398046511103,18446744073709551615,18446744073709551615]}
{"op":"C","status":"READY","cmp":0,"lhs":[0,0,0,0,0,17592186044415,18446744073709551615,18446744073709551615],"rhs":[0,0,0,0,0,17592186044416,4194304,0]}
{"op":"C","status":"READY","cmp":0,"lhs":[0,0,0,0,0,17592186044416,4194304,0],"rhs":[0,0,0,0,0,17592186044415,18446744073709551615,18446744073709551615]}
{"op":"C","status":"READY","cmp":0,"lhs":[0,0,0,0,0,70368744177663,18446744073709551615,18446744073709551615],"rhs":[0,0,0,0,0,70368744177664,8388608,0]}
{"op":"C","status":"READY","cmp":0,"lhs":[0,0,0,0,0,70368744177664,8388608,0],"rhs":[0,0,0,0,0,70368744177663,18446744073709551615,18446744073709551615]}
{"op":"C","status":"READY","cmp":0,"lhs":[0,0,0,0,0,281474976710655,18446744073709551615,18446744073709551615],"rhs":[0,0,0,0,0,281474976710656,16777216,0]}
{"op":"C","status":"READY","cmp":0,"lhs":[0,0,0,0,0,281474976710656,16777216,0],"rhs":[0,0,0,0,0,281474976710655,18446744073709551615,18446744073709551615]}
{"op":"C","status":"READY","cmp":0,"lhs":[0,0,0,0,0,1125899906842623,18446744073709551615,18446744073709551615],"rhs":[0,0,0,0,0,1125899906842624,33554432,0]}
{"op":"C","status":"READY","cmp":0,"lhs":[0,0,0,0,0,1125899906842624,33554432,0],"rhs":[0,0,0,0,0,1125899906842623,18446744073709551615,18446744073709551615]}
{"op":"C","status":"READY","cmp":0,"lhs":[0,0,0,0,0,4503599627370495,18446744073709551615,18446744073709551615],"rhs":[0,0,0,0,0,4503599627370496,67108864,0]}
{"op":"C","status":"READY","cmp":0,"lhs":[0,0,0,0,0,4503599627370496,67108864,0],"rhs":[0,0,0,0,0,4503599627370495,18446744073709551615,18446744073709551615]}
{"op":"C","status":"READY","cmp":0,"lhs":[0,0,0,0,0,18014398509481983,18446744073709551615,18446744073709551615],"rhs":[0,0,0,0,0,18014398509481984,134217728,0]}
{"op":"C","status":"READY","cmp":0,"lhs":[0,0,0,0,0,18014398509481984,134217728,0],"rhs":[0,0,0,0,0,18014398509481983,18446744073709551615,18446744073709551615]}
{"op":"C","status":"READY","cmp":0,"lhs":[0,0,0,0,0,72057594037927935,18446744073709551615,18446744073709551615],"rhs":[0,0,0,0,0,72057594037927936,268435456,0]}
{"op":"C","status":"READY","cmp":0,"lhs":[0,0,0,0,0,72057594037927936,268435456,0],"rhs":[0,0,0,0,0,72057594037927935,18446744073709551615,18446744073709551615]}
{"op":"C","status":"READY","cmp":0,"lhs":[0,0,0,0,0,288230376151711743,18446744073709551615,18446744073709551615],"rhs":[0,0,0,0,0,288230376151711744,536870912,0]}
{"op":"C","status":"READY","cmp":0,"lhs":[0,0,0,0,0,288230376151711744,536870912,0],"rhs":[0,0,0,0,0,288230376151711743,18446744073709551615,18446744073709551615]}
{"op":"C","status":"READY","cmp":0,"lhs":[0,0,0,0,0,1152921504606846975,18446744073709551615,18446744073709551615],"rhs":[0,0,0,0,0,1152921504606846976,1073741824,0]}
{"op":"C","status":"READY","cmp":0,"lhs":[0,0,0,0,0,1152921504606846976,1073741824,0],"rhs":[0,0,0,0,0,1152921504606846975,18446744073709551615,18446744073709551615]}
{"op":"C","status":"READY","cmp":0,"lhs":[0,0,0,0,0,4611686018427387903,18446744073709551615,18446744073709551615],"rhs":[0,0,0,0,0,4611686018427387904,2147483648,0]}
{"op":"C","status":"READY","cmp":0,"lhs":[0,0,0,0,0,4611686018427387904,2147483648,0],"rhs":[0,0,0,0,0,4611686018427387903,18446744073709551615,18446744073709551615]}
{"op":"C","status":"READY","cmp":0,"lhs":[0,0,0,0,0,18446744073709551615,18446744073709551615,18446744073709551615],"rhs":[0,0,0,0,1,0,4294967296,0]}
{"op":"C","status":"READY","cmp":0,"lhs":[0,0,0,0,1,0,4294967296,0],"rhs":[0,0,0,0,0,18446744073709551615,18446744073709551615,18446744073709551615]}
{"op":"C","status":"READY","cmp":0,"lhs":[0,0,0,0,3,18446744073709551615,18446744073709551615,18446744073709551615],"rhs":[0,0,0,0,4,0,8589934592,0]}
{"op":"C","status":"READY","cmp":0,"lhs":[0,0,0,0,4,0,8589934592,0],"rhs":[0,0,0,0,3,18446744073709551615,18446744073709551615,18446744073709551615]}
{"op":"C","status":"READY","cmp":0,"lhs":[0,0,0,0,15,18446744073709551615,18446744073709551615,18446744073709551615],"rhs":[0,0,0,0,16,0,17179869184,0]}
{"op":"C","status":"READY","cmp":0,"lhs":[0,0,0,0,16,0,17179869184,0],"rhs":[0,0,0,0,15,18446744073709551615,18446744073709551615,18446744073709551615]}
{"op":"C","status":"READY","cmp":0,"lhs":[0,0,0,0,63,18446744073709551615,18446744073709551615,18446744073709551615],"rhs":[0,0,0,0,64,0,34359738368,0]}
{"op":"C","status":"READY","cmp":0,"lhs":[0,0,0,0,64,0,34359738368,0],"rhs":[0,0,0,0,63,18446744073709551615,18446744073709551615,18446744073709551615]}
{"op":"C","status":"READY","cmp":0,"lhs":[0,0,0,0,255,18446744073709551615,18446744073709551615,18446744073709551615],"rhs":[0,0,0,0,256,0,68719476736,0]}
{"op":"C","status":"READY","cmp":0,"lhs":[0,0,0,0,256,0,68719476736,0],"rhs":[0,0,0,0,255,18446744073709551615,18446744073709551615,18446744073709551615]}
{"op":"C","status":"READY","cmp":0,"lhs":[0,0,0,0,1023,18446744073709551615,18446744073709551615,18446744073709551615],"rhs":[0,0,0,0,1024,0,137438953472,0]}
{"op":"C","status":"READY","cmp":0,"lhs":[0,0,0,0,1024,0,137438953472,0],"rhs":[0,0,0,0,1023,18446744073709551615,18446744073709551615,18446744073709551615]}
{"op":"C","status":"READY","cmp":0,"lhs":[0,0,0,0,4095,18446744073709551615,18446744073709551615,18446744073709551615],"rhs":[0,0,0,0,4096,0,274877906944,0]}
{"op":"C","status":"READY","cmp":0,"lhs":[0,0,0,0,4096,0,274877906944,0],"rhs":[0,0,0,0,4095,18446744073709551615,18446744073709551615,18446744073709551615]}
{"op":"C","status":"READY","cmp":0,"lhs":[0,0,0,0,16383,18446744073709551615,18446744073709551615,18446744073709551615],"rhs":[0,0,0,0,16384,0,549755813888,0]}
{"op":"C","status":"READY","cmp":0,"lhs":[0,0,0,0,16384,0,549755813888,0],"rhs":[0,0,0,0,16383,18446744073709551615,18446744073709551615,18446744073709551615]}
{"op":"C","status":"READY","cmp":0,"lhs":[0,0,0,0,65535,18446744073709551615,18446744073709551615,18446744073709551615],"rhs":[0,0,0,0,65536,0,1099511627776,0]}
{"op":"C","status":"READY","cmp":0,"lhs":[0,0,0,0,65536,0,1099511627776,0],"rhs":[0,0,0,0,65535,18446744073709551615,18446744073709551615,18446744073709551615]}
{"op":"C","status":"READY","cmp":0,"lhs":[0,0,0,0,262143,18446744073709551615,18446744073709551615,18446744073709551615],"rhs":[0,0,0,0,262144,0,2199023255552,0]}
{"op":"C","status":"READY","cmp":0,"lhs":[0,0,0,0,262144,0,2199023255552,0],"rhs":[0,0,0,0,262143,18446744073709551615,18446744073709551615,18446744073709551615]}
{"op":"C","status":"READY","cmp":0,"lhs":[0,0,0,0,1048575,18446744073709551615,18446744073709551615,18446744073709551615],"rhs":[0,0,0,0,1048576,0,4398046511104,0]}
{"op":"C","status":"READY","cmp":0,"lhs":[0,0,0,0,1048576,0,4398046511104,0],"rhs":[0,0,0,0,1048575,18446744073709551615,18446744073709551615,18446744073709551615]}
{"op":"C","status":"READY","cmp":0,"lhs":[0,0,0,0,4194303,18446744073709551615,18446744073709551615,18446744073709551615],"rhs":[0,0,0,0,4194304,0,8796093022208,0]}
{"op":"C","status":"READY","cmp":0,"lhs":[0,0,0,0,4194304,0,8796093022208,0],"rhs":[0,0,0,0,4194303,18446744073709551615,18446744073709551615,18446744073709551615]}
{"op":"C","status":"READY","cmp":0,"lhs":[0,0,0,0,16777215,18446744073709551615,18446744073709551615,18446744073709551615],"rhs":[0,0,0,0,16777216,0,17592186044416,0]}
{"op":"C","status":"READY","cmp":0,"lhs":[0,0,0,0,16777216,0,17592186044416,0],"rhs":[0,0,0,0,16777215,18446744073709551615,18446744073709551615,18446744073709551615]}
{"op":"C","status":"READY","cmp":0,"lhs":[0,0,0,0,67108863,18446744073709551615,18446744073709551615,18446744073709551615],"rhs":[0,0,0,0,67108864,0,35184372088832,0]}
{"op":"C","status":"READY","cmp":0,"lhs":[0,0,0,0,67108864,0,35184372088832,0],"rhs":[0,0,0,0,67108863,18446744073709551615,18446744073709551615,18446744073709551615]}
{"op":"C","status":"READY","cmp":0,"lhs":[0,0,0,0,268435455,18446744073709551615,18446744073709551615,18446744073709551615],"rhs":[0,0,0,0,268435456,0,70368744177664,0]}
{"op":"C","status":"READY","cmp":0,"lhs":[0,0,0,0,268435456,0,70368744177664,0],"rhs":[0,0,0,0,268435455,18446744073709551615,18446744073709551615,18446744073709551615]}
{"op":"C","status":"READY","cmp":0,"lhs":[0,0,0,0,1073741823,18446744073709551615,18446744073709551615,18446744073709551615],"rhs":[0,0,0,0,1073741824,0,140737488355328,0]}
{"op":"C","status":"READY","cmp":0,"lhs":[0,0,0,0,1073741824,0,140737488355328,0],"rhs":[0,0,0,0,1073741823,18446744073709551615,18446744073709551615,18446744073709551615]}
{"op":"C","status":"READY","cmp":0,"lhs":[0,0,0,0,4294967295,18446744073709551615,18446744073709551615,18446744073709551615],"rhs":[0,0,0,0,4294967296,0,281474976710656,0]}
{"op":"C","status":"READY","cmp":0,"lhs":[0,0,0,0,4294967296,0,281474976710656,0],"rhs":[0,0,0,0,4294967295,18446744073709551615,18446744073709551615,18446744073709551615]}
{"op":"C","status":"READY","cmp":0,"lhs":[0,0,0,0,17179869183,18446744073709551615,18446744073709551615,18446744073709551615],"rhs":[0,0,0,0,17179869184,0,562949953421312,0]}
{"op":"C","status":"READY","cmp":0,"lhs":[0,0,0,0,17179869184,0,562949953421312,0],"rhs":[0,0,0,0,17179869183,18446744073709551615,18446744073709551615,18446744073709551615]}
{"op":"C","status":"READY","cmp":0,"lhs":[0,0,0,0,68719476735,18446744073709551615,18446744073709551615,18446744073709551615],"rhs":[0,0,0,0,68719476736,0,1125899906842624,0]}
{"op":"C","status":"READY","cmp":0,"lhs":[0,0,0,0,68719476736,0,1125899906842624,0],"rhs":[0,0,0,0,68719476735,18446744073709551615,18446744073709551615,18446744073709551615]}
{"op":"C","status":"READY","cmp":0,"lhs":[0,0,0,0,274877906943,18446744073709551615,18446744073709551615,18446744073709551615],"rhs":[0,0,0,0,274877906944,0,2251799813685248,0]}
{"op":"C","status":"READY","cmp":0,"lhs":[0,0,0,0,274877906944,0,2251799813685248,0],"rhs":[0,0,0,0,274877906943,18446744073709551615,18446744073709551615,18446744073709551615]}
{"op":"C","status":"READY","cmp":0,"lhs":[0,0,0,0,1099511627775,18446744073709551615,18446744073709551615,18446744073709551615],"rhs":[0,0,0,0,1099511627776,0,4503599627370496,0]}
{"op":"C","status":"READY","cmp":0,"lhs":[0,0,0,0,1099511627776,0,4503599627370496,0],"rhs":[0,0,0,0,1099511627775,18446744073709551615,18446744073709551615,18446744073709551615]}
{"op":"C","status":"READY","cmp":0,"lhs":[0,0,0,0,4398046511103,18446744073709551615,18446744073709551615,18446744073709551615],"rhs":[0,0,0,0,4398046511104,0,9007199254740992,0]}
{"op":"C","status":"READY","cmp":0,"lhs":[0,0,0,0,4398046511104,0,9007199254740992,0],"rhs":[0,0,0,0,4398046511103,18446744073709551615,18446744073709551615,18446744073709551615]}
{"op":"C","status":"READY","cmp":0,"lhs":[0,0,0,0,17592186044415,18446744073709551615,18446744073709551615,18446744073709551615],"rhs":[0,0,0,0,17592186044416,0,18014398509481984,0]}
{"op":"C","status":"READY","cmp":0,"lhs":[0,0,0,0,17592186044416,0,18014398509481984,0],"rhs":[0,0,0,0,17592186044415,18446744073709551615,18446744073709551615,18446744073709551615]}
{"op":"C","status":"READY","cmp":0,"lhs":[0,0,0,0,70368744177663,18446744073709551615,18446744073709551615,18446744073709551615],"rhs":[0,0,0,0,70368744177664,0,36028797018963968,0]}
{"op":"C","status":"READY","cmp":0,"lhs":[0,0,0,0,70368744177664,0,36028797018963968,0],"rhs":[0,0,0,0,70368744177663,18446744073709551615,18446744073709551615,18446744073709551615]}
{"op":"C","status":"READY","cmp":0,"lhs":[0,0,0,0,281474976710655,18446744073709551615,18446744073709551615,18446744073709551615],"rhs":[0,0,0,0,281474976710656,0,72057594037927936,0]}
{"op":"C","status":"READY","cmp":0,"lhs":[0,0,0,0,281474976710656,0,72057594037927936,0],"rhs":[0,0,0,0,281474976710655,18446744073709551615,18446744073709551615,18446744073709551615]}
{"op":"C","status":"READY","cmp":0,"lhs":[0,0,0,0,1125899906842623,18446744073709551615,18446744073709551615,18446744073709551615],"rhs":[0,0,0,0,1125899906842624,0,144115188075855872,0]}
{"op":"C","status":"READY","cmp":0,"lhs":[0,0,0,0,1125899906842624,0,144115188075855872,0],"rhs":[0,0,0,0,1125899906842623,18446744073709551615,18446744073709551615,18446744073709551615]}
{"op":"C","status":"READY","cmp":0,"lhs":[0,0,0,0,4503599627370495,18446744073709551615,18446744073709551615,18446744073709551615],"rhs":[0,0,0,0,4503599627370496,0,288230376151711744,0]}
{"op":"C","status":"READY","cmp":0,"lhs":[0,0,0,0,4503599627370496,0,288230376151711744,0],"rhs":[0,0,0,0,4503599627370495,18446744073709551615,18446744073709551615,18446744073709551615]}
{"op":"C","status":"READY","cmp":0,"lhs":[0,0,0,0,18014398509481983,18446744073709551615,18446744073709551615,18446744073709551615],"rhs":[0,0,0,0,18014398509481984,0,576460752303423488,0]}
{"op":"C","status":"READY","cmp":0,"lhs":[0,0,0,0,18014398509481984,0,576460752303423488,0],"rhs":[0,0,0,0,18014398509481983,18446744073709551615,18446744073709551615,18446744073709551615]}
{"op":"C","status":"READY","cmp":0,"lhs":[0,0,0,0,72057594037927935,18446744073709551615,18446744073709551615,18446744073709551615],"rhs":[0,0,0,0,72057594037927936,0,1152921504606846976,0]}
{"op":"C","status":"READY","cmp":0,"lhs":[0,0,0,0,72057594037927936,0,1152921504606846976,0],"rhs":[0,0,0,0,72057594037927935,18446744073709551615,18446744073709551615,18446744073709551615]}
{"op":"C","status":"READY","cmp":0,"lhs":[0,0,0,0,288230376151711743,18446744073709551615,18446744073709551615,18446744073709551615],"rhs":[0,0,0,0,288230376151711744,0,2305843009213693952,0]}
{"op":"C","status":"READY","cmp":0,"lhs":[0,0,0,0,288230376151711744,0,2305843009213693952,0],"rhs":[0,0,0,0,288230376151711743,18446744073709551615,18446744073709551615,18446744073709551615]}
{"op":"C","status":"READY","cmp":0,"lhs":[0,0,0,0,1152921504606846975,18446744073709551615,18446744073709551615,18446744073709551615],"rhs":[0,0,0,0,1152921504606846976,0,4611686018427387904,0]}
{"op":"C","status":"READY","cmp":0,"lhs":[0,0,0,0,1152921504606846976,0,4611686018427387904,0],"rhs":[0,0,0,0,1152921504606846975,18446744073709551615,18446744073709551615,18446744073709551615]}
{"op":"C","status":"READY","cmp":0,"lhs":[0,0,0,0,4611686018427387903,18446744073709551615,18446744073709551615,18446744073709551615],"rhs":[0,0,0,0,4611686018427387904,0,9223372036854775808,0]}
{"op":"C","status":"READY","cmp":0,"lhs":[0,0,0,0,4611686018427387904,0,9223372036854775808,0],"rhs":[0,0,0,0,4611686018427387903,18446744073709551615,18446744073709551615,18446744073709551615]}
{"op":"C","status":"READY","cmp":0,"lhs":[0,0,0,0,18446744073709551615,18446744073709551615,18446744073709551615,18446744073709551615],"rhs":[0,0,0,1,0,1,0,0]}
{"op":"C","status":"READY","cmp":0,"lhs":[0,0,0,1,0,1,0,0],"rhs":[0,0,0,0,18446744073709551615,18446744073709551615,18446744073709551615,18446744073709551615]}
{"op":"C","status":"READY","cmp":0,"lhs":[0,0,0,3,18446744073709551615,18446744073709551615,18446744073709551615,18446744073709551615],"rhs":[0,0,0,4,0,2,0,0]}
{"op":"C","status":"READY","cmp":0,"lhs":[0,0,0,4,0,2,0,0],"rhs":[0,0,0,3,18446744073709551615,18446744073709551615,18446744073709551615,18446744073709551615]}
{"op":"C","status":"READY","cmp":0,"lhs":[0,0,0,15,18446744073709551615,18446744073709551615,18446744073709551615,18446744073709551615],"rhs":[0,0,0,16,0,4,0,0]}
{"op":"C","status":"READY","cmp":0,"lhs":[0,0,0,16,0,4,0,0],"rhs":[0,0,0,15,18446744073709551615,18446744073709551615,18446744073709551615,18446744073709551615]}
{"op":"C","status":"READY","cmp":0,"lhs":[0,0,0,63,18446744073709551615,18446744073709551615,18446744073709551615,18446744073709551615],"rhs":[0,0,0,64,0,8,0,0]}
{"op":"C","status":"READY","cmp":0,"lhs":[0,0,0,64,0,8,0,0],"rhs":[0,0,0,63,18446744073709551615,18446744073709551615,18446744073709551615,18446744073709551615]}
{"op":"C","status":"READY","cmp":0,"lhs":[0,0,0,255,18446744073709551615,18446744073709551615,18446744073709551615,18446744073709551615],"rhs":[0,0,0,256,0,16,0,0]}
{"op":"C","status":"READY","cmp":0,"lhs":[0,0,0,256,0,16,0,0],"rhs":[0,0,0,255,18446744073709551615,18446744073709551615,18446744073709551615,18446744073709551615]}
{"op":"C","status":"READY","cmp":0,"lhs":[0,0,0,1023,18446744073709551615,18446744073709551615,18446744073709551615,18446744073709551615],"rhs":[0,0,0,1024,0,32,0,0]}
{"op":"C","status":"READY","cmp":0,"lhs":[0,0,0,1024,0,32,0,0],"rhs":[0,0,0,1023,18446744073709551615,18446744073709551615,18446744073709551615,18446744073709551615]}
{"op":"C","status":"READY","cmp":0,"lhs":[0,0,0,4095,18446744073709551615,18446744073709551615,18446744073709551615,18446744073709551615],"rhs":[0,0,0,4096,0,64,0,0]}
{"op":"C","status":"READY","cmp":0,"lhs":[0,0,0,4096,0,64,0,0],"rhs":[0,0,0,4095,18446744073709551615,18446744073709551615,18446744073709551615,18446744073709551615]}
{"op":"C","status":"READY","cmp":0,"lhs":[0,0,0,16383,18446744073709551615,18446744073709551615,18446744073709551615,18446744073709551615],"rhs":[0,0,0,16384,0,128,0,0]}
{"op":"C","status":"READY","cmp":0,"lhs":[0,0,0,16384,0,128,0,0],"rhs":[0,0,0,16383,18446744073709551615,18446744073709551615,18446744073709551615,18446744073709551615]}
{"op":"C","status":"READY","cmp":0,"lhs":[0,0,0,65535,18446744073709551615,18446744073709551615,18446744073709551615,18446744073709551615],"rhs":[0,0,0,65536,0,256,0,0]}
{"op":"C","status":"READY","cmp":0,"lhs":[0,0,0,65536,0,256,0,0],"rhs":[0,0,0,65535,18446744073709551615,18446744073709551615,18446744073709551615,18446744073709551615]}
{"op":"C","status":"READY","cmp":0,"lhs":[0,0,0,262143,18446744073709551615,18446744073709551615,18446744073709551615,18446744073709551615],"rhs":[0,0,0,262144,0,512,0,0]}
{"op":"C","status":"READY","cmp":0,"lhs":[0,0,0,262144,0,512,0,0],"rhs":[0,0,0,262143,18446744073709551615,18446744073709551615,18446744073709551615,18446744073709551615]}
{"op":"C","status":"READY","cmp":0,"lhs":[0,0,0,1048575,18446744073709551615,18446744073709551615,18446744073709551615,18446744073709551615],"rhs":[0,0,0,1048576,0,1024,0,0]}
{"op":"C","status":"READY","cmp":0,"lhs":[0,0,0,1048576,0,1024,0,0],"rhs":[0,0,0,1048575,18446744073709551615,18446744073709551615,18446744073709551615,18446744073709551615]}
{"op":"C","status":"READY","cmp":0,"lhs":[0,0,0,4194303,18446744073709551615,18446744073709551615,18446744073709551615,18446744073709551615],"rhs":[0,0,0,4194304,0,2048,0,0]}
{"op":"C","status":"READY","cmp":0,"lhs":[0,0,0,4194304,0,2048,0,0],"rhs":[0,0,0,4194303,18446744073709551615,18446744073709551615,18446744073709551615,18446744073709551615]}
{"op":"C","status":"READY","cmp":0,"lhs":[0,0,0,16777215,18446744073709551615,18446744073709551615,18446744073709551615,18446744073709551615],"rhs":[0,0,0,16777216,0,4096,0,0]}
{"op":"C","status":"READY","cmp":0,"lhs":[0,0,0,16777216,0,4096,0,0],"rhs":[0,0,0,16777215,18446744073709551615,18446744073709551615,18446744073709551615,18446744073709551615]}
{"op":"C","status":"READY","cmp":0,"lhs":[0,0,0,67108863,18446744073709551615,18446744073709551615,18446744073709551615,18446744073709551615],"rhs":[0,0,0,67108864,0,8192,0,0]}
{"op":"C","status":"READY","cmp":0,"lhs":[0,0,0,67108864,0,8192,0,0],"rhs":[0,0,0,67108863,18446744073709551615,18446744073709551615,18446744073709551615,18446744073709551615]}
{"op":"C","status":"READY","cmp":0,"lhs":[0,0,0,268435455,18446744073709551615,18446744073709551615,18446744073709551615,18446744073709551615],"rhs":[0,0,0,268435456,0,16384,0,0]}
{"op":"C","status":"READY","cmp":0,"lhs":[0,0,0,268435456,0,16384,0,0],"rhs":[0,0,0,268435455,18446744073709551615,18446744073709551615,18446744073709551615,18446744073709551615]}
{"op":"C","status":"READY","cmp":0,"lhs":[0,0,0,1073741823,18446744073709551615,18446744073709551615,18446744073709551615,18446744073709551615],"rhs":[0,0,0,1073741824,0,32768,0,0]}
{"op":"C","status":"READY","cmp":0,"lhs":[0,0,0,1073741824,0,32768,0,0],"rhs":[0,0,0,1073741823,18446744073709551615,18446744073709551615,18446744073709551615,18446744073709551615]}
{"op":"C","status":"READY","cmp":0,"lhs":[0,0,0,4294967295,18446744073709551615,18446744073709551615,18446744073709551615,18446744073709551615],"rhs":[0,0,0,4294967296,0,65536,0,0]}
{"op":"C","status":"READY","cmp":0,"lhs":[0,0,0,4294967296,0,65536,0,0],"rhs":[0,0,0,4294967295,18446744073709551615,18446744073709551615,18446744073709551615,18446744073709551615]}
{"op":"C","status":"READY","cmp":0,"lhs":[0,0,0,17179869183,18446744073709551615,18446744073709551615,18446744073709551615,18446744073709551615],"rhs":[0,0,0,17179869184,0,131072,0,0]}
{"op":"C","status":"READY","cmp":0,"lhs":[0,0,0,17179869184,0,131072,0,0],"rhs":[0,0,0,17179869183,18446744073709551615,18446744073709551615,18446744073709551615,18446744073709551615]}
{"op":"C","status":"READY","cmp":0,"lhs":[0,0,0,68719476735,18446744073709551615,18446744073709551615,18446744073709551615,18446744073709551615],"rhs":[0,0,0,68719476736,0,262144,0,0]}
{"op":"C","status":"READY","cmp":0,"lhs":[0,0,0,68719476736,0,262144,0,0],"rhs":[0,0,0,68719476735,18446744073709551615,18446744073709551615,18446744073709551615,18446744073709551615]}
{"op":"C","status":"READY","cmp":0,"lhs":[0,0,0,274877906943,18446744073709551615,18446744073709551615,18446744073709551615,18446744073709551615],"rhs":[0,0,0,274877906944,0,524288,0,0]}
{"op":"C","status":"READY","cmp":0,"lhs":[0,0,0,274877906944,0,524288,0,0],"rhs":[0,0,0,274877906943,18446744073709551615,18446744073709551615,18446744073709551615,18446744073709551615]}
{"op":"C","status":"READY","cmp":0,"lhs":[0,0,0,1099511627775,18446744073709551615,18446744073709551615,18446744073709551615,18446744073709551615],"rhs":[0,0,0,1099511627776,0,1048576,0,0]}
{"op":"C","status":"READY","cmp":0,"lhs":[0,0,0,1099511627776,0,1048576,0,0],"rhs":[0,0,0,1099511627775,18446744073709551615,18446744073709551615,18446744073709551615,18446744073709551615]}
{"op":"C","status":"READY","cmp":0,"lhs":[0,0,0,4398046511103,18446744073709551615,18446744073709551615,18446744073709551615,18446744073709551615],"rhs":[0,0,0,4398046511104,0,2097152,0,0]}
{"op":"C","status":"READY","cmp":0,"lhs":[0,0,0,4398046511104,0,2097152,0,0],"rhs":[0,0,0,4398046511103,18446744073709551615,18446744073709551615,18446744073709551615,18446744073709551615]}
{"op":"C","status":"READY","cmp":0,"lhs":[0,0,0,17592186044415,18446744073709551615,18446744073709551615,18446744073709551615,18446744073709551615],"rhs":[0,0,0,17592186044416,0,4194304,0,0]}
{"op":"C","status":"READY","cmp":0,"lhs":[0,0,0,17592186044416,0,4194304,0,0],"rhs":[0,0,0,17592186044415,18446744073709551615,18446744073709551615,18446744073709551615,18446744073709551615]}
{"op":"C","status":"READY","cmp":0,"lhs":[0,0,0,70368744177663,18446744073709551615,18446744073709551615,18446744073709551615,18446744073709551615],"rhs":[0,0,0,70368744177664,0,8388608,0,0]}
{"op":"C","status":"READY","cmp":0,"lhs":[0,0,0,70368744177664,0,8388608,0,0],"rhs":[0,0,0,70368744177663,18446744073709551615,18446744073709551615,18446744073709551615,18446744073709551615]}
{"op":"C","status":"READY","cmp":0,"lhs":[0,0,0,281474976710655,18446744073709551615,18446744073709551615,18446744073709551615,18446744073709551615],"rhs":[0,0,0,281474976710656,0,16777216,0,0]}
{"op":"C","status":"READY","cmp":0,"lhs":[0,0,0,281474976710656,0,16777216,0,0],"rhs":[0,0,0,281474976710655,18446744073709551615,18446744073709551615,18446744073709551615,18446744073709551615]}
{"op":"C","status":"READY","cmp":0,"lhs":[0,0,0,1125899906842623,18446744073709551615,18446744073709551615,18446744073709551615,18446744073709551615],"rhs":[0,0,0,1125899906842624,0,33554432,0,0]}
{"op":"C","status":"READY","cmp":0,"lhs":[0,0,0,1125899906842624,0,33554432,0,0],"rhs":[0,0,0,1125899906842623,18446744073709551615,18446744073709551615,18446744073709551615,18446744073709551615]}
{"op":"C","status":"READY","cmp":0,"lhs":[0,0,0,4503599627370495,18446744073709551615,18446744073709551615,18446744073709551615,18446744073709551615],"rhs":[0,0,0,4503599627370496,0,67108864,0,0]}
{"op":"C","status":"READY","cmp":0,"lhs":[0,0,0,4503599627370496,0,67108864,0,0],"rhs":[0,0,0,4503599627370495,18446744073709551615,18446744073709551615,18446744073709551615,18446744073709551615]}
{"op":"C","status":"READY","cmp":0,"lhs":[0,0,0,18014398509481983,18446744073709551615,18446744073709551615,18446744073709551615,18446744073709551615],"rhs":[0,0,0,18014398509481984,0,134217728,0,0]}
{"op":"C","status":"READY","cmp":0,"lhs":[0,0,0,18014398509481984,0,134217728,0,0],"rhs":[0,0,0,18014398509481983,18446744073709551615,18446744073709551615,18446744073709551615,18446744073709551615]}
{"op":"C","status":"READY","cmp":0,"lhs":[0,0,0,72057594037927935,18446744073709551615,18446744073709551615,18446744073709551615,18446744073709551615],"rhs":[0,0,0,72057594037927936,0,268435456,0,0]}
{"op":"C","status":"READY","cmp":0,"lhs":[0,0,0,72057594037927936,0,268435456,0,0],"rhs":[0,0,0,72057594037927935,18446744073709551615,18446744073709551615,18446744073709551615,18446744073709551615]}
{"op":"C","status":"READY","cmp":0,"lhs":[0,0,0,288230376151711743,18446744073709551615,18446744073709551615,18446744073709551615,18446744073709551615],"rhs":[0,0,0,288230376151711744,0,536870912,0,0]}
{"op":"C","status":"READY","cmp":0,"lhs":[0,0,0,288230376151711744,0,536870912,0,0],"rhs":[0,0,0,288230376151711743,18446744073709551615,18446744073709551615,18446744073709551615,18446744073709551615]}
{"op":"C","status":"READY","cmp":0,"lhs":[0,0,0,1152921504606846975,18446744073709551615,18446744073709551615,18446744073709551615,18446744073709551615],"rhs":[0,0,0,1152921504606846976,0,1073741824,0,0]}
{"op":"C","status":"READY","cmp":0,"lhs":[0,0,0,1152921504606846976,0,1073741824,0,0],"rhs":[0,0,0,1152921504606846975,18446744073709551615,18446744073709551615,18446744073709551615,18446744073709551615]}
{"op":"C","status":"READY","cmp":0,"lhs":[0,0,0,4611686018427387903,18446744073709551615,18446744073709551615,18446744073709551615,18446744073709551615],"rhs":[0,0,0,4611686018427387904,0,2147483648,0,0]}
{"op":"C","status":"READY","cmp":0,"lhs":[0,0,0,4611686018427387904,0,2147483648,0,0],"rhs":[0,0,0,4611686018427387903,18446744073709551615,18446744073709551615,18446744073709551615,18446744073709551615]}
{"op":"C","status":"READY","cmp":0,"lhs":[0,0,0,18446744073709551615,18446744073709551615,18446744073709551615,18446744073709551615,18446744073709551615],"rhs":[0,0,1,0,0,4294967296,0,0]}
{"op":"C","status":"READY","cmp":0,"lhs":[0,0,1,0,0,4294967296,0,0],"rhs":[0,0,0,18446744073709551615,18446744073709551615,18446744073709551615,18446744073709551615,18446744073709551615]}
{"op":"C","status":"READY","cmp":0,"lhs":[0,0,3,18446744073709551615,18446744073709551615,18446744073709551615,18446744073709551615,18446744073709551615],"rhs":[0,0,4,0,0,8589934592,0,0]}
{"op":"C","status":"READY","cmp":0,"lhs":[0,0,4,0,0,8589934592,0,0],"rhs":[0,0,3,18446744073709551615,18446744073709551615,18446744073709551615,18446744073709551615,18446744073709551615]}
{"op":"C","status":"READY","cmp":0,"lhs":[0,0,15,18446744073709551615,18446744073709551615,18446744073709551615,18446744073709551615,18446744073709551615],"rhs":[0,0,16,0,0,17179869184,0,0]}
{"op":"C","status":"READY","cmp":0,"lhs":[0,0,16,0,0,17179869184,0,0],"rhs":[0,0,15,18446744073709551615,18446744073709551615,18446744073709551615,18446744073709551615,18446744073709551615]}
{"op":"C","status":"READY","cmp":0,"lhs":[0,0,63,18446744073709551615,18446744073709551615,18446744073709551615,18446744073709551615,18446744073709551615],"rhs":[0,0,64,0,0,34359738368,0,0]}
{"op":"C","status":"READY","cmp":0,"lhs":[0,0,64,0,0,34359738368,0,0],"rhs":[0,0,63,18446744073709551615,18446744073709551615,18446744073709551615,18446744073709551615,18446744073709551615]}
{"op":"C","status":"READY","cmp":0,"lhs":[0,0,255,18446744073709551615,18446744073709551615,18446744073709551615,18446744073709551615,18446744073709551615],"rhs":[0,0,256,0,0,68719476736,0,0]}
{"op":"C","status":"READY","cmp":0,"lhs":[0,0,256,0,0,68719476736,0,0],"rhs":[0,0,255,18446744073709551615,18446744073709551615,18446744073709551615,18446744073709551615,18446744073709551615]}
{"op":"C","status":"READY","cmp":0,"lhs":[0,0,1023,18446744073709551615,18446744073709551615,18446744073709551615,18446744073709551615,18446744073709551615],"rhs":[0,0,1024,0,0,137438953472,0,0]}
{"op":"C","status":"READY","cmp":0,"lhs":[0,0,1024,0,0,137438953472,0,0],"rhs":[0,0,1023,18446744073709551615,18446744073709551615,18446744073709551615,18446744073709551615,18446744073709551615]}
{"op":"C","status":"READY","cmp":0,"lhs":[0,0,4095,18446744073709551615,18446744073709551615,18446744073709551615,18446744073709551615,18446744073709551615],"rhs":[0,0,4096,0,0,274877906944,0,0]}
{"op":"C","status":"READY","cmp":0,"lhs":[0,0,4096,0,0,274877906944,0,0],"rhs":[0,0,4095,18446744073709551615,18446744073709551615,18446744073709551615,18446744073709551615,18446744073709551615]}
{"op":"C","status":"READY","cmp":0,"lhs":[0,0,16383,18446744073709551615,18446744073709551615,18446744073709551615,18446744073709551615,18446744073709551615],"rhs":[0,0,16384,0,0,549755813888,0,0]}
{"op":"C","status":"READY","cmp":0,"lhs":[0,0,16384,0,0,549755813888,0,0],"rhs":[0,0,16383,18446744073709551615,18446744073709551615,18446744073709551615,18446744073709551615,18446744073709551615]}
{"op":"C","status":"READY","cmp":0,"lhs":[0,0,65535,18446744073709551615,18446744073709551615,18446744073709551615,18446744073709551615,18446744073709551615],"rhs":[0,0,65536,0,0,1099511627776,0,0]}
{"op":"C","status":"READY","cmp":0,"lhs":[0,0,65536,0,0,1099511627776,0,0],"rhs":[0,0,65535,18446744073709551615,18446744073709551615,18446744073709551615,18446744073709551615,18446744073709551615]}
{"op":"C","status":"READY","cmp":0,"lhs":[0,0,262143,18446744073709551615,18446744073709551615,18446744073709551615,18446744073709551615,18446744073709551615],"rhs":[0,0,262144,0,0,2199023255552,0,0]}
{"op":"C","status":"READY","cmp":0,"lhs":[0,0,262144,0,0,2199023255552,0,0],"rhs":[0,0,262143,18446744073709551615,18446744073709551615,18446744073709551615,18446744073709551615,18446744073709551615]}
{"op":"C","status":"READY","cmp":0,"lhs":[0,0,1048575,18446744073709551615,18446744073709551615,18446744073709551615,18446744073709551615,18446744073709551615],"rhs":[0,0,1048576,0,0,4398046511104,0,0]}
{"op":"C","status":"READY","cmp":0,"lhs":[0,0,1048576,0,0,4398046511104,0,0],"rhs":[0,0,1048575,18446744073709551615,18446744073709551615,18446744073709551615,18446744073709551615,18446744073709551615]}
{"op":"C","status":"READY","cmp":0,"lhs":[0,0,4194303,18446744073709551615,18446744073709551615,18446744073709551615,18446744073709551615,18446744073709551615],"rhs":[0,0,4194304,0,0,8796093022208,0,0]}
{"op":"C","status":"READY","cmp":0,"lhs":[0,0,4194304,0,0,8796093022208,0,0],"rhs":[0,0,4194303,18446744073709551615,18446744073709551615,18446744073709551615,18446744073709551615,18446744073709551615]}
{"op":"C","status":"READY","cmp":0,"lhs":[0,0,16777215,18446744073709551615,18446744073709551615,18446744073709551615,18446744073709551615,18446744073709551615],"rhs":[0,0,16777216,0,0,17592186044416,0,0]}
{"op":"C","status":"READY","cmp":0,"lhs":[0,0,16777216,0,0,17592186044416,0,0],"rhs":[0,0,16777215,18446744073709551615,18446744073709551615,18446744073709551615,18446744073709551615,18446744073709551615]}
{"op":"C","status":"READY","cmp":0,"lhs":[0,0,67108863,18446744073709551615,18446744073709551615,18446744073709551615,18446744073709551615,18446744073709551615],"rhs":[0,0,67108864,0,0,35184372088832,0,0]}
{"op":"C","status":"READY","cmp":0,"lhs":[0,0,67108864,0,0,35184372088832,0,0],"rhs":[0,0,67108863,18446744073709551615,18446744073709551615,18446744073709551615,18446744073709551615,18446744073709551615]}
{"op":"C","status":"READY","cmp":0,"lhs":[0,0,268435455,18446744073709551615,18446744073709551615,18446744073709551615,18446744073709551615,18446744073709551615],"rhs":[0,0,268435456,0,0,70368744177664,0,0]}
{"op":"C","status":"READY","cmp":0,"lhs":[0,0,268435456,0,0,70368744177664,0,0],"rhs":[0,0,268435455,18446744073709551615,18446744073709551615,18446744073709551615,18446744073709551615,18446744073709551615]}
{"op":"C","status":"READY","cmp":0,"lhs":[0,0,1073741823,18446744073709551615,18446744073709551615,18446744073709551615,18446744073709551615,18446744073709551615],"rhs":[0,0,1073741824,0,0,140737488355328,0,0]}
{"op":"C","status":"READY","cmp":0,"lhs":[0,0,1073741824,0,0,140737488355328,0,0],"rhs":[0,0,1073741823,18446744073709551615,18446744073709551615,18446744073709551615,18446744073709551615,18446744073709551615]}
{"op":"C","status":"READY","cmp":0,"lhs":[0,0,4294967295,18446744073709551615,18446744073709551615,18446744073709551615,18446744073709551615,18446744073709551615],"rhs":[0,0,4294967296,0,0,281474976710656,0,0]}
{"op":"C","status":"READY","cmp":0,"lhs":[0,0,4294967296,0,0,281474976710656,0,0],"rhs":[0,0,4294967295,18446744073709551615,18446744073709551615,18446744073709551615,18446744073709551615,18446744073709551615]}
{"op":"C","status":"READY","cmp":0,"lhs":[0,0,17179869183,18446744073709551615,18446744073709551615,18446744073709551615,18446744073709551615,18446744073709551615],"rhs":[0,0,17179869184,0,0,562949953421312,0,0]}
{"op":"C","status":"READY","cmp":0,"lhs":[0,0,17179869184,0,0,562949953421312,0,0],"rhs":[0,0,17179869183,18446744073709551615,18446744073709551615,18446744073709551615,18446744073709551615,18446744073709551615]}
{"op":"C","status":"READY","cmp":0,"lhs":[0,0,68719476735,18446744073709551615,18446744073709551615,18446744073709551615,18446744073709551615,18446744073709551615],"rhs":[0,0,68719476736,0,0,1125899906842624,0,0]}
{"op":"C","status":"READY","cmp":0,"lhs":[0,0,68719476736,0,0,1125899906842624,0,0],"rhs":[0,0,68719476735,18446744073709551615,18446744073709551615,18446744073709551615,18446744073709551615,18446744073709551615]}
{"op":"C","status":"READY","cmp":0,"lhs":[0,0,274877906943,18446744073709551615,18446744073709551615,18446744073709551615,18446744073709551615,18446744073709551615],"rhs":[0,0,274877906944,0,0,2251799813685248,0,0]}
{"op":"C","status":"READY","cmp":0,"lhs":[0,0,274877906944,0,0,2251799813685248,0,0],"rhs":[0,0,274877906943,18446744073709551615,18446744073709551615,18446744073709551615,18446744073709551615,18446744073709551615]}
{"op":"C","status":"READY","cmp":0,"lhs":[0,0,1099511627775,18446744073709551615,18446744073709551615,18446744073709551615,18446744073709551615,18446744073709551615],"rhs":[0,0,1099511627776,0,0,4503599627370496,0,0]}
{"op":"C","status":"READY","cmp":0,"lhs":[0,0,1099511627776,0,0,4503599627370496,0,0],"rhs":[0,0,1099511627775,18446744073709551615,18446744073709551615,18446744073709551615,18446744073709551615,18446744073709551615]}
{"op":"C","status":"READY","cmp":0,"lhs":[0,0,4398046511103,18446744073709551615,18446744073709551615,18446744073709551615,18446744073709551615,18446744073709551615],"rhs":[0,0,4398046511104,0,0,9007199254740992,0,0]}
{"op":"C","status":"READY","cmp":0,"lhs":[0,0,4398046511104,0,0,9007199254740992,0,0],"rhs":[0,0,4398046511103,18446744073709551615,18446744073709551615,18446744073709551615,18446744073709551615,18446744073709551615]}
{"op":"C","status":"READY","cmp":0,"lhs":[0,0,17592186044415,18446744073709551615,18446744073709551615,18446744073709551615,18446744073709551615,18446744073709551615],"rhs":[0,0,17592186044416,0,0,18014398509481984,0,0]}
{"op":"C","status":"READY","cmp":0,"lhs":[0,0,17592186044416,0,0,18014398509481984,0,0],"rhs":[0,0,17592186044415,18446744073709551615,18446744073709551615,18446744073709551615,18446744073709551615,18446744073709551615]}
{"op":"C","status":"READY","cmp":0,"lhs":[0,0,70368744177663,18446744073709551615,18446744073709551615,18446744073709551615,18446744073709551615,18446744073709551615],"rhs":[0,0,70368744177664,0,0,36028797018963968,0,0]}
{"op":"C","status":"READY","cmp":0,"lhs":[0,0,70368744177664,0,0,36028797018963968,0,0],"rhs":[0,0,70368744177663,18446744073709551615,18446744073709551615,18446744073709551615,18446744073709551615,18446744073709551615]}
{"op":"C","status":"READY","cmp":0,"lhs":[0,0,281474976710655,18446744073709551615,18446744073709551615,18446744073709551615,18446744073709551615,18446744073709551615],"rhs":[0,0,281474976710656,0,0,72057594037927936,0,0]}
{"op":"C","status":"READY","cmp":0,"lhs":[0,0,281474976710656,0,0,72057594037927936,0,0],"rhs":[0,0,281474976710655,18446744073709551615,18446744073709551615,18446744073709551615,18446744073709551615,18446744073709551615]}
{"op":"C","status":"READY","cmp":0,"lhs":[0,0,1125899906842623,18446744073709551615,18446744073709551615,18446744073709551615,18446744073709551615,18446744073709551615],"rhs":[0,0,1125899906842624,0,0,144115188075855872,0,0]}
{"op":"C","status":"READY","cmp":0,"lhs":[0,0,1125899906842624,0,0,144115188075855872,0,0],"rhs":[0,0,1125899906842623,18446744073709551615,18446744073709551615,18446744073709551615,18446744073709551615,18446744073709551615]}
{"op":"C","status":"READY","cmp":0,"lhs":[0,0,4503599627370495,18446744073709551615,18446744073709551615,18446744073709551615,18446744073709551615,18446744073709551615],"rhs":[0,0,4503599627370496,0,0,288230376151711744,0,0]}
{"op":"C","status":"READY","cmp":0,"lhs":[0,0,4503599627370496,0,0,288230376151711744,0,0],"rhs":[0,0,4503599627370495,18446744073709551615,18446744073709551615,18446744073709551615,18446744073709551615,18446744073709551615]}
{"op":"C","status":"READY","cmp":0,"lhs":[0,0,18014398509481983,18446744073709551615,18446744073709551615,18446744073709551615,18446744073709551615,18446744073709551615],"rhs":[0,0,18014398509481984,0,0,576460752303423488,0,0]}
{"op":"C","status":"READY","cmp":0,"lhs":[0,0,18014398509481984,0,0,576460752303423488,0,0],"rhs":[0,0,18014398509481983,18446744073709551615,18446744073709551615,18446744073709551615,18446744073709551615,18446744073709551615]}
{"op":"C","status":"READY","cmp":0,"lhs":[0,0,72057594037927935,18446744073709551615,18446744073709551615,18446744073709551615,18446744073709551615,18446744073709551615],"rhs":[0,0,72057594037927936,0,0,1152921504606846976,0,0]}
{"op":"C","status":"READY","cmp":0,"lhs":[0,0,72057594037927936,0,0,1152921504606846976,0,0],"rhs":[0,0,72057594037927935,18446744073709551615,18446744073709551615,18446744073709551615,18446744073709551615,18446744073709551615]}
{"op":"C","status":"READY","cmp":0,"lhs":[0,0,288230376151711743,18446744073709551615,18446744073709551615,18446744073709551615,18446744073709551615,18446744073709551615],"rhs":[0,0,288230376151711744,0,0,2305843009213693952,0,0]}
{"op":"C","status":"READY","cmp":0,"lhs":[0,0,288230376151711744,0,0,2305843009213693952,0,0],"rhs":[0,0,288230376151711743,18446744073709551615,18446744073709551615,18446744073709551615,18446744073709551615,18446744073709551615]}
{"op":"C","status":"READY","cmp":0,"lhs":[0,0,1152921504606846975,18446744073709551615,18446744073709551615,18446744073709551615,18446744073709551615,18446744073709551615],"rhs":[0,0,1152921504606846976,0,0,4611686018427387904,0,0]}
{"op":"C","status":"READY","cmp":0,"lhs":[0,0,1152921504606846976,0,0,4611686018427387904,0,0],"rhs":[0,0,1152921504606846975,18446744073709551615,18446744073709551615,18446744073709551615,18446744073709551615,18446744073709551615]}
{"op":"C","status":"READY","cmp":0,"lhs":[0,0,4611686018427387903,18446744073709551615,18446744073709551615,18446744073709551615,18446744073709551615,18446744073709551615],"rhs":[0,0,4611686018427387904,0,0,9223372036854775808,0,0]}
{"op":"C","status":"READY","cmp":0,"lhs":[0,0,4611686018427387904,0,0,9223372036854775808,0,0],"rhs":[0,0,4611686018427387903,18446744073709551615,18446744073709551615,18446744073709551615,18446744073709551615,18446744073709551615]}
{"op":"C","status":"READY","cmp":0,"lhs":[0,0,18446744073709551615,18446744073709551615,18446744073709551615,18446744073709551615,18446744073709551615,18446744073709551615],"rhs":[0,1,0,0,1,0,0,0]}
{"op":"C","status":"READY","cmp":0,"lhs":[0,1,0,0,1,0,0,0],"rhs":[0,0,18446744073709551615,18446744073709551615,18446744073709551615,18446744073709551615,18446744073709551615,18446744073709551615]}
{"op":"C","status":"READY","cmp":0,"lhs":[0,3,18446744073709551615,18446744073709551615,18446744073709551615,18446744073709551615,18446744073709551615,18446744073709551615],"rhs":[0,4,0,0,2,0,0,0]}
{"op":"C","status":"READY","cmp":0,"lhs":[0,4,0,0,2,0,0,0],"rhs":[0,3,18446744073709551615,18446744073709551615,18446744073709551615,18446744073709551615,18446744073709551615,18446744073709551615]}
{"op":"C","status":"READY","cmp":0,"lhs":[0,15,18446744073709551615,18446744073709551615,18446744073709551615,18446744073709551615,18446744073709551615,18446744073709551615],"rhs":[0,16,0,0,4,0,0,0]}
{"op":"C","status":"READY","cmp":0,"lhs":[0,16,0,0,4,0,0,0],"rhs":[0,15,18446744073709551615,18446744073709551615,18446744073709551615,18446744073709551615,18446744073709551615,18446744073709551615]}
{"op":"C","status":"READY","cmp":0,"lhs":[0,63,18446744073709551615,18446744073709551615,18446744073709551615,18446744073709551615,18446744073709551615,18446744073709551615],"rhs":[0,64,0,0,8,0,0,0]}
{"op":"C","status":"READY","cmp":0,"lhs":[0,64,0,0,8,0,0,0],"rhs":[0,63,18446744073709551615,18446744073709551615,18446744073709551615,18446744073709551615,18446744073709551615,18446744073709551615]}
{"op":"C","status":"READY","cmp":0,"lhs":[0,255,18446744073709551615,18446744073709551615,18446744073709551615,18446744073709551615,18446744073709551615,18446744073709551615],"rhs":[0,256,0,0,16,0,0,0]}
{"op":"C","status":"READY","cmp":0,"lhs":[0,256,0,0,16,0,0,0],"rhs":[0,255,18446744073709551615,18446744073709551615,18446744073709551615,18446744073709551615,18446744073709551615,18446744073709551615]}
{"op":"C","status":"READY","cmp":0,"lhs":[0,1023,18446744073709551615,18446744073709551615,18446744073709551615,18446744073709551615,18446744073709551615,18446744073709551615],"rhs":[0,1024,0,0,32,0,0,0]}
{"op":"C","status":"READY","cmp":0,"lhs":[0,1024,0,0,32,0,0,0],"rhs":[0,1023,18446744073709551615,18446744073709551615,18446744073709551615,18446744073709551615,18446744073709551615,18446744073709551615]}
{"op":"C","status":"READY","cmp":0,"lhs":[0,4095,18446744073709551615,18446744073709551615,18446744073709551615,18446744073709551615,18446744073709551615,18446744073709551615],"rhs":[0,4096,0,0,64,0,0,0]}
{"op":"C","status":"READY","cmp":0,"lhs":[0,4096,0,0,64,0,0,0],"rhs":[0,4095,18446744073709551615,18446744073709551615,18446744073709551615,18446744073709551615,18446744073709551615,18446744073709551615]}
{"op":"C","status":"READY","cmp":0,"lhs":[0,16383,18446744073709551615,18446744073709551615,18446744073709551615,18446744073709551615,18446744073709551615,18446744073709551615],"rhs":[0,16384,0,0,128,0,0,0]}
{"op":"C","status":"READY","cmp":0,"lhs":[0,16384,0,0,128,0,0,0],"rhs":[0,16383,18446744073709551615,18446744073709551615,18446744073709551615,18446744073709551615,18446744073709551615,18446744073709551615]}
{"op":"C","status":"READY","cmp":0,"lhs":[0,32768,0,0,127,18446744073709551615,18446744073709551615,18446744073709551615],"rhs":[0,32768,0,0,256,0,0,0]}
{"op":"C","status":"READY","cmp":0,"lhs":[0,32768,0,0,256,0,0,0],"rhs":[0,32768,0,0,127,18446744073709551615,18446744073709551615,18446744073709551615]}
{"op":"C","status":"READY","cmp":0,"lhs":[0,65536,0,0,383,18446744073709551615,18446744073709551615,18446744073709551615],"rhs":[0,65536,0,0,512,0,0,0]}
{"op":"C","status":"READY","cmp":0,"lhs":[0,65536,0,0,512,0,0,0],"rhs":[0,65536,0,0,383,18446744073709551615,18446744073709551615,18446744073709551615]}
{"op":"C","status":"READY","cmp":0,"lhs":[0,131072,0,0,895,18446744073709551615,18446744073709551615,18446744073709551615],"rhs":[0,131072,0,0,1024,0,0,0]}
{"op":"C","status":"READY","cmp":0,"lhs":[0,131072,0,0,1024,0,0,0],"rhs":[0,131072,0,0,895,18446744073709551615,18446744073709551615,18446744073709551615]}
{"op":"C","status":"READY","cmp":0,"lhs":[0,262144,0,0,1919,18446744073709551615,18446744073709551615,18446744073709551615],"rhs":[0,262144,0,0,2048,0,0,0]}
{"op":"C","status":"READY","cmp":0,"lhs":[0,262144,0,0,2048,0,0,0],"rhs":[0,262144,0,0,1919,18446744073709551615,18446744073709551615,18446744073709551615]}
{"op":"C","status":"READY","cmp":0,"lhs":[0,524288,0,0,3967,18446744073709551615,18446744073709551615,18446744073709551615],"rhs":[0,524288,0,0,4096,0,0,0]}
{"op":"C","status":"READY","cmp":0,"lhs":[0,524288,0,0,4096,0,0,0],"rhs":[0,524288,0,0,3967,18446744073709551615,18446744073709551615,18446744073709551615]}
{"op":"C","status":"READY","cmp":0,"lhs":[0,1048576,0,0,8063,18446744073709551615,18446744073709551615,18446744073709551615],"rhs":[0,1048576,0,0,8192,0,0,0]}
{"op":"C","status":"READY","cmp":0,"lhs":[0,1048576,0,0,8192,0,0,0],"rhs":[0,1048576,0,0,8063,18446744073709551615,18446744073709551615,18446744073709551615]}
{"op":"C","status":"READY","cmp":0,"lhs":[0,2097152,0,0,16255,18446744073709551615,18446744073709551615,18446744073709551615],"rhs":[0,2097152,0,0,16384,0,0,0]}
{"op":"C","status":"READY","cmp":0,"lhs":[0,2097152,0,0,16384,0,0,0],"rhs":[0,2097152,0,0,16255,18446744073709551615,18446744073709551615,18446744073709551615]}
{"op":"C","status":"READY","cmp":0,"lhs":[0,4194304,0,0,32639,18446744073709551615,18446744073709551615,18446744073709551615],"rhs":[0,4194304,0,0,32768,0,0,0]}
{"op":"C","status":"READY","cmp":0,"lhs":[0,4194304,0,0,32768,0,0,0],"rhs":[0,4194304,0,0,32639,18446744073709551615,18446744073709551615,18446744073709551615]}
{"op":"C","status":"READY","cmp":0,"lhs":[0,8388608,0,0,65407,18446744073709551615,18446744073709551615,18446744073709551615],"rhs":[0,8388608,0,0,65536,0,0,0]}
{"op":"C","status":"READY","cmp":0,"lhs":[0,8388608,0,0,65536,0,0,0],"rhs":[0,8388608,0,0,65407,18446744073709551615,18446744073709551615,18446744073709551615]}
{"op":"C","status":"READY","cmp":0,"lhs":[0,16777216,0,0,130943,18446744073709551615,18446744073709551615,18446744073709551615],"rhs":[0,16777216,0,0,131072,0,0,0]}
{"op":"C","status":"READY","cmp":0,"lhs":[0,16777216,0,0,131072,0,0,0],"rhs":[0,16777216,0,0,130943,18446744073709551615,18446744073709551615,18446744073709551615]}
{"op":"C","status":"READY","cmp":0,"lhs":[0,33554432,0,0,262015,18446744073709551615,18446744073709551615,18446744073709551615],"rhs":[0,33554432,0,0,262144,0,0,0]}
{"op":"C","status":"READY","cmp":0,"lhs":[0,33554432,0,0,262144,0,0,0],"rhs":[0,33554432,0,0,262015,18446744073709551615,18446744073709551615,18446744073709551615]}
{"op":"C","status":"READY","cmp":0,"lhs":[0,67108864,0,0,524159,18446744073709551615,18446744073709551615,18446744073709551615],"rhs":[0,67108864,0,0,524288,0,0,0]}
{"op":"C","status":"READY","cmp":0,"lhs":[0,67108864,0,0,524288,0,0,0],"rhs":[0,67108864,0,0,524159,18446744073709551615,18446744073709551615,18446744073709551615]}
{"op":"C","status":"READY","cmp":0,"lhs":[0,134217728,0,0,1048447,18446744073709551615,18446744073709551615,18446744073709551615],"rhs":[0,134217728,0,0,1048576,0,0,0]}
{"op":"C","status":"READY","cmp":0,"lhs":[0,134217728,0,0,1048576,0,0,0],"rhs":[0,134217728,0,0,1048447,18446744073709551615,18446744073709551615,18446744073709551615]}
{"op":"C","status":"READY","cmp":0,"lhs":[0,268435456,0,0,2097023,18446744073709551615,18446744073709551615,18446744073709551615],"rhs":[0,268435456,0,0,2097152,0,0,0]}
{"op":"C","status":"READY","cmp":0,"lhs":[0,268435456,0,0,2097152,0,0,0],"rhs":[0,268435456,0,0,2097023,18446744073709551615,18446744073709551615,18446744073709551615]}
{"op":"C","status":"READY","cmp":0,"lhs":[0,536870912,0,0,4194175,18446744073709551615,18446744073709551615,18446744073709551615],"rhs":[0,536870912,0,0,4194304,0,0,0]}
{"op":"C","status":"READY","cmp":0,"lhs":[0,536870912,0,0,4194304,0,0,0],"rhs":[0,536870912,0,0,4194175,18446744073709551615,18446744073709551615,18446744073709551615]}
{"op":"C","status":"READY","cmp":0,"lhs":[0,1073741824,0,0,8388479,18446744073709551615,18446744073709551615,18446744073709551615],"rhs":[0,1073741824,0,0,8388608,0,0,0]}
{"op":"C","status":"READY","cmp":0,"lhs":[0,1073741824,0,0,8388608,0,0,0],"rhs":[0,1073741824,0,0,8388479,18446744073709551615,18446744073709551615,18446744073709551615]}
{"op":"C","status":"READY","cmp":0,"lhs":[0,2147483648,0,0,16777087,18446744073709551615,18446744073709551615,18446744073709551615],"rhs":[0,2147483648,0,0,16777216,0,0,0]}
{"op":"C","status":"READY","cmp":0,"lhs":[0,2147483648,0,0,16777216,0,0,0],"rhs":[0,2147483648,0,0,16777087,18446744073709551615,18446744073709551615,18446744073709551615]}
{"op":"C","status":"READY","cmp":0,"lhs":[0,4294967296,0,0,33554303,18446744073709551615,18446744073709551615,18446744073709551615],"rhs":[0,4294967296,0,0,33554432,0,0,0]}
{"op":"C","status":"READY","cmp":0,"lhs":[0,4294967296,0,0,33554432,0,0,0],"rhs":[0,4294967296,0,0,33554303,18446744073709551615,18446744073709551615,18446744073709551615]}
{"op":"C","status":"READY","cmp":0,"lhs":[0,8589934592,0,0,67108735,18446744073709551615,18446744073709551615,18446744073709551615],"rhs":[0,8589934592,0,0,67108864,0,0,0]}
{"op":"C","status":"READY","cmp":0,"lhs":[0,8589934592,0,0,67108864,0,0,0],"rhs":[0,8589934592,0,0,67108735,18446744073709551615,18446744073709551615,18446744073709551615]}
{"op":"C","status":"READY","cmp":0,"lhs":[0,17179869184,0,0,134217599,18446744073709551615,18446744073709551615,18446744073709551615],"rhs":[0,17179869184,0,0,134217728,0,0,0]}
{"op":"C","status":"READY","cmp":0,"lhs":[0,17179869184,0,0,134217728,0,0,0],"rhs":[0,17179869184,0,0,134217599,18446744073709551615,18446744073709551615,18446744073709551615]}
{"op":"C","status":"READY","cmp":0,"lhs":[0,34359738368,0,0,268435327,18446744073709551615,18446744073709551615,18446744073709551615],"rhs":[0,34359738368,0,0,268435456,0,0,0]}
{"op":"C","status":"READY","cmp":0,"lhs":[0,34359738368,0,0,268435456,0,0,0],"rhs":[0,34359738368,0,0,268435327,18446744073709551615,18446744073709551615,18446744073709551615]}
{"op":"C","status":"READY","cmp":0,"lhs":[0,68719476736,0,0,536870783,18446744073709551615,18446744073709551615,18446744073709551615],"rhs":[0,68719476736,0,0,536870912,0,0,0]}
{"op":"C","status":"READY","cmp":0,"lhs":[0,68719476736,0,0,536870912,0,0,0],"rhs":[0,68719476736,0,0,536870783,18446744073709551615,18446744073709551615,18446744073709551615]}
{"op":"C","status":"READY","cmp":0,"lhs":[0,137438953472,0,0,1073741695,18446744073709551615,18446744073709551615,18446744073709551615],"rhs":[0,137438953472,0,0,1073741824,0,0,0]}
{"op":"C","status":"READY","cmp":0,"lhs":[0,137438953472,0,0,1073741824,0,0,0],"rhs":[0,137438953472,0,0,1073741695,18446744073709551615,18446744073709551615,18446744073709551615]}
{"op":"C","status":"READY","cmp":0,"lhs":[0,274877906944,0,0,2147483519,18446744073709551615,18446744073709551615,18446744073709551615],"rhs":[0,274877906944,0,0,2147483648,0,0,0]}
{"op":"C","status":"READY","cmp":0,"lhs":[0,274877906944,0,0,2147483648,0,0,0],"rhs":[0,274877906944,0,0,2147483519,18446744073709551615,18446744073709551615,18446744073709551615]}
{"op":"C","status":"READY","cmp":0,"lhs":[0,549755813888,0,0,4294967167,18446744073709551615,18446744073709551615,18446744073709551615],"rhs":[0,549755813888,0,0,4294967296,0,0,0]}
{"op":"C","status":"READY","cmp":0,"lhs":[0,549755813888,0,0,4294967296,0,0,0],"rhs":[0,549755813888,0,0,4294967167,18446744073709551615,18446744073709551615,18446744073709551615]}
{"op":"C","status":"READY","cmp":0,"lhs":[0,1099511627776,0,0,8589934463,18446744073709551615,18446744073709551615,18446744073709551615],"rhs":[0,1099511627776,0,0,8589934592,0,0,0]}
{"op":"C","status":"READY","cmp":0,"lhs":[0,1099511627776,0,0,8589934592,0,0,0],"rhs":[0,1099511627776,0,0,8589934463,18446744073709551615,18446744073709551615,18446744073709551615]}
{"op":"C","status":"READY","cmp":0,"lhs":[0,2199023255552,0,0,17179869055,18446744073709551615,18446744073709551615,18446744073709551615],"rhs":[0,2199023255552,0,0,17179869184,0,0,0]}
{"op":"C","status":"READY","cmp":0,"lhs":[0,2199023255552,0,0,17179869184,0,0,0],"rhs":[0,2199023255552,0,0,17179869055,18446744073709551615,18446744073709551615,18446744073709551615]}
{"op":"C","status":"READY","cmp":0,"lhs":[0,4398046511104,0,0,34359738239,18446744073709551615,18446744073709551615,18446744073709551615],"rhs":[0,4398046511104,0,0,34359738368,0,0,0]}
{"op":"C","status":"READY","cmp":0,"lhs":[0,4398046511104,0,0,34359738368,0,0,0],"rhs":[0,4398046511104,0,0,34359738239,18446744073709551615,18446744073709551615,18446744073709551615]}
{"op":"C","status":"READY","cmp":0,"lhs":[0,8796093022208,0,0,68719476607,18446744073709551615,18446744073709551615,18446744073709551615],"rhs":[0,8796093022208,0,0,68719476736,0,0,0]}
{"op":"C","status":"READY","cmp":0,"lhs":[0,8796093022208,0,0,68719476736,0,0,0],"rhs":[0,8796093022208,0,0,68719476607,18446744073709551615,18446744073709551615,18446744073709551615]}
{"op":"C","status":"READY","cmp":0,"lhs":[0,17592186044416,0,0,137438953343,18446744073709551615,18446744073709551615,18446744073709551615],"rhs":[0,17592186044416,0,0,137438953472,0,0,0]}
{"op":"C","status":"READY","cmp":0,"lhs":[0,17592186044416,0,0,137438953472,0,0,0],"rhs":[0,17592186044416,0,0,137438953343,18446744073709551615,18446744073709551615,18446744073709551615]}
{"op":"C","status":"READY","cmp":0,"lhs":[0,35184372088832,0,0,274877906815,18446744073709551615,18446744073709551615,18446744073709551615],"rhs":[0,35184372088832,0,0,274877906944,0,0,0]}
{"op":"C","status":"READY","cmp":0,"lhs":[0,35184372088832,0,0,274877906944,0,0,0],"rhs":[0,35184372088832,0,0,274877906815,18446744073709551615,18446744073709551615,18446744073709551615]}
{"op":"C","status":"READY","cmp":0,"lhs":[0,70368744177664,0,0,549755813759,18446744073709551615,18446744073709551615,18446744073709551615],"rhs":[0,70368744177664,0,0,549755813888,0,0,0]}
{"op":"C","status":"READY","cmp":0,"lhs":[0,70368744177664,0,0,549755813888,0,0,0],"rhs":[0,70368744177664,0,0,549755813759,18446744073709551615,18446744073709551615,18446744073709551615]}
{"op":"C","status":"READY","cmp":0,"lhs":[0,140737488355328,0,0,1099511627647,18446744073709551615,18446744073709551615,18446744073709551615],"rhs":[0,140737488355328,0,0,1099511627776,0,0,0]}
{"op":"C","status":"READY","cmp":0,"lhs":[0,140737488355328,0,0,1099511627776,0,0,0],"rhs":[0,140737488355328,0,0,1099511627647,18446744073709551615,18446744073709551615,18446744073709551615]}
{"op":"C","status":"READY","cmp":0,"lhs":[0,281474976710656,0,0,2199023255423,18446744073709551615,18446744073709551615,18446744073709551615],"rhs":[0,281474976710656,0,0,2199023255552,0,0,0]}
{"op":"C","status":"READY","cmp":0,"lhs":[0,281474976710656,0,0,2199023255552,0,0,0],"rhs":[0,281474976710656,0,0,2199023255423,18446744073709551615,18446744073709551615,18446744073709551615]}
{"op":"C","status":"READY","cmp":0,"lhs":[0,562949953421312,0,0,4398046510975,18446744073709551615,18446744073709551615,18446744073709551615],"rhs":[0,562949953421312,0,0,4398046511104,0,0,0]}
{"op":"C","status":"READY","cmp":0,"lhs":[0,562949953421312,0,0,4398046511104,0,0,0],"rhs":[0,562949953421312,0,0,4398046510975,18446744073709551615,18446744073709551615,18446744073709551615]}
{"op":"C","status":"READY","cmp":0,"lhs":[0,1125899906842624,0,0,8796093022079,18446744073709551615,18446744073709551615,18446744073709551615],"rhs":[0,1125899906842624,0,0,8796093022208,0,0,0]}
{"op":"C","status":"READY","cmp":0,"lhs":[0,1125899906842624,0,0,8796093022208,0,0,0],"rhs":[0,1125899906842624,0,0,8796093022079,18446744073709551615,18446744073709551615,18446744073709551615]}
{"op":"C","status":"READY","cmp":0,"lhs":[0,2251799813685248,0,0,17592186044287,18446744073709551615,18446744073709551615,18446744073709551615],"rhs":[0,2251799813685248,0,0,17592186044416,0,0,0]}
{"op":"C","status":"READY","cmp":0,"lhs":[0,2251799813685248,0,0,17592186044416,0,0,0],"rhs":[0,2251799813685248,0,0,17592186044287,18446744073709551615,18446744073709551615,18446744073709551615]}
{"op":"C","status":"READY","cmp":0,"lhs":[0,4503599627370496,0,0,35184372088703,18446744073709551615,18446744073709551615,18446744073709551615],"rhs":[0,4503599627370496,0,0,35184372088832,0,0,0]}
{"op":"C","status":"READY","cmp":0,"lhs":[0,4503599627370496,0,0,35184372088832,0,0,0],"rhs":[0,4503599627370496,0,0,35184372088703,18446744073709551615,18446744073709551615,18446744073709551615]}
{"op":"C","status":"READY","cmp":0,"lhs":[0,9007199254740992,0,0,70368744177535,18446744073709551615,18446744073709551615,18446744073709551615],"rhs":[0,9007199254740992,0,0,70368744177664,0,0,0]}
{"op":"C","status":"READY","cmp":0,"lhs":[0,9007199254740992,0,0,70368744177664,0,0,0],"rhs":[0,9007199254740992,0,0,70368744177535,18446744073709551615,18446744073709551615,18446744073709551615]}
{"op":"C","status":"READY","cmp":0,"lhs":[0,18014398509481984,0,0,140737488355199,18446744073709551615,18446744073709551615,18446744073709551615],"rhs":[0,18014398509481984,0,0,140737488355328,0,0,0]}
{"op":"C","status":"READY","cmp":0,"lhs":[0,18014398509481984,0,0,140737488355328,0,0,0],"rhs":[0,18014398509481984,0,0,140737488355199,18446744073709551615,18446744073709551615,18446744073709551615]}
{"op":"C","status":"READY","cmp":0,"lhs":[0,36028797018963968,0,0,281474976710527,18446744073709551615,18446744073709551615,18446744073709551615],"rhs":[0,36028797018963968,0,0,281474976710656,0,0,0]}
{"op":"C","status":"READY","cmp":0,"lhs":[0,36028797018963968,0,0,281474976710656,0,0,0],"rhs":[0,36028797018963968,0,0,281474976710527,18446744073709551615,18446744073709551615,18446744073709551615]}
{"op":"C","status":"READY","cmp":0,"lhs":[0,72057594037927936,0,0,562949953421183,18446744073709551615,18446744073709551615,18446744073709551615],"rhs":[0,72057594037927936,0,0,562949953421312,0,0,0]}
{"op":"C","status":"READY","cmp":0,"lhs":[0,72057594037927936,0,0,562949953421312,0,0,0],"rhs":[0,72057594037927936,0,0,562949953421183,18446744073709551615,18446744073709551615,18446744073709551615]}
{"op":"C","status":"READY","cmp":0,"lhs":[0,144115188075855872,0,0,1125899906842495,18446744073709551615,18446744073709551615,18446744073709551615],"rhs":[0,144115188075855872,0,0,1125899906842624,0,0,0]}
{"op":"C","status":"READY","cmp":0,"lhs":[0,144115188075855872,0,0,1125899906842624,0,0,0],"rhs":[0,144115188075855872,0,0,1125899906842495,18446744073709551615,18446744073709551615,18446744073709551615]}
{"op":"C","status":"READY","cmp":0,"lhs":[0,288230376151711744,0,0,2251799813685119,18446744073709551615,18446744073709551615,18446744073709551615],"rhs":[0,288230376151711744,0,0,2251799813685248,0,0,0]}
{"op":"C","status":"READY","cmp":0,"lhs":[0,288230376151711744,0,0,2251799813685248,0,0,0],"rhs":[0,288230376151711744,0,0,2251799813685119,18446744073709551615,18446744073709551615,18446744073709551615]}
{"op":"C","status":"READY","cmp":0,"lhs":[0,576460752303423488,0,0,4503599627370367,18446744073709551615,18446744073709551615,18446744073709551615],"rhs":[0,576460752303423488,0,0,4503599627370496,0,0,0]}
{"op":"C","status":"READY","cmp":0,"lhs":[0,576460752303423488,0,0,4503599627370496,0,0,0],"rhs":[0,576460752303423488,0,0,4503599627370367,18446744073709551615,18446744073709551615,18446744073709551615]}
{"op":"C","status":"READY","cmp":0,"lhs":[0,1152921504606846976,0,0,9007199254740863,18446744073709551615,18446744073709551615,18446744073709551615],"rhs":[0,1152921504606846976,0,0,9007199254740992,0,0,0]}
{"op":"C","status":"READY","cmp":0,"lhs":[0,1152921504606846976,0,0,9007199254740992,0,0,0],"rhs":[0,1152921504606846976,0,0,9007199254740863,18446744073709551615,18446744073709551615,18446744073709551615]}
{"op":"C","status":"READY","cmp":0,"lhs":[0,2305843009213693952,0,0,18014398509481855,18446744073709551615,18446744073709551615,18446744073709551615],"rhs":[0,2305843009213693952,0,0,18014398509481984,0,0,0]}
{"op":"C","status":"READY","cmp":0,"lhs":[0,2305843009213693952,0,0,18014398509481984,0,0,0],"rhs":[0,2305843009213693952,0,0,18014398509481855,18446744073709551615,18446744073709551615,18446744073709551615]}
{"op":"C","status":"READY","cmp":0,"lhs":[0,4611686018427387904,0,0,36028797018963839,18446744073709551615,18446744073709551615,18446744073709551615],"rhs":[0,4611686018427387904,0,0,36028797018963968,0,0,0]}
{"op":"C","status":"READY","cmp":0,"lhs":[0,4611686018427387904,0,0,36028797018963968,0,0,0],"rhs":[0,4611686018427387904,0,0,36028797018963839,18446744073709551615,18446744073709551615,18446744073709551615]}
{"op":"C","status":"READY","cmp":0,"lhs":[0,9223372036854775808,0,0,72057594037927807,18446744073709551615,18446744073709551615,18446744073709551615],"rhs":[0,9223372036854775808,0,0,72057594037927936,0,0,0]}
{"op":"C","status":"READY","cmp":0,"lhs":[0,9223372036854775808,0,0,72057594037927936,0,0,0],"rhs":[0,9223372036854775808,0,0,72057594037927807,18446744073709551615,18446744073709551615,18446744073709551615]}
{"op":"C","status":"READY","cmp":0,"lhs":[1,0,0,0,144115188075855743,18446744073709551615,18446744073709551615,18446744073709551615],"rhs":[1,0,0,0,144115188075855872,0,0,0]}
{"op":"C","status":"READY","cmp":0,"lhs":[1,0,0,0,144115188075855872,0,0,0],"rhs":[1,0,0,0,144115188075855743,18446744073709551615,18446744073709551615,18446744073709551615]}
{"op":"C","status":"READY","cmp":0,"lhs":[2,0,0,0,288230376151711615,18446744073709551615,18446744073709551615,18446744073709551615],"rhs":[2,0,0,0,288230376151711744,0,0,0]}
{"op":"C","status":"READY","cmp":0,"lhs":[2,0,0,0,288230376151711744,0,0,0],"rhs":[2,0,0,0,288230376151711615,18446744073709551615,18446744073709551615,18446744073709551615]}
{"op":"C","status":"READY","cmp":0,"lhs":[4,0,0,0,576460752303423359,18446744073709551615,18446744073709551615,18446744073709551615],"rhs":[4,0,0,0,576460752303423488,0,0,0]}
{"op":"C","status":"READY","cmp":0,"lhs":[4,0,0,0,576460752303423488,0,0,0],"rhs":[4,0,0,0,576460752303423359,18446744073709551615,18446744073709551615,18446744073709551615]}
{"op":"C","status":"READY","cmp":0,"lhs":[8,0,0,0,1152921504606846847,18446744073709551615,18446744073709551615,18446744073709551615],"rhs":[8,0,0,0,1152921504606846976,0,0,0]}
{"op":"C","status":"READY","cmp":0,"lhs":[8,0,0,0,1152921504606846976,0,0,0],"rhs":[8,0,0,0,1152921504606846847,18446744073709551615,18446744073709551615,18446744073709551615]}
{"op":"C","status":"READY","cmp":0,"lhs":[16,0,0,0,2305843009213693823,18446744073709551615,18446744073709551615,18446744073709551615],"rhs":[16,0,0,0,2305843009213693952,0,0,0]}
{"op":"C","status":"READY","cmp":0,"lhs":[16,0,0,0,2305843009213693952,0,0,0],"rhs":[16,0,0,0,2305843009213693823,18446744073709551615,18446744073709551615,18446744073709551615]}
{"op":"C","status":"READY","cmp":0,"lhs":[32,0,0,0,4611686018427387775,18446744073709551615,18446744073709551615,18446744073709551615],"rhs":[32,0,0,0,4611686018427387904,0,0,0]}
{"op":"C","status":"READY","cmp":0,"lhs":[32,0,0,0,4611686018427387904,0,0,0],"rhs":[32,0,0,0,4611686018427387775,18446744073709551615,18446744073709551615,18446744073709551615]}
{"op":"C","status":"READY","cmp":0,"lhs":[64,0,0,0,9223372036854775679,18446744073709551615,18446744073709551615,18446744073709551615],"rhs":[64,0,0,0,9223372036854775808,0,0,0]}
{"op":"C","status":"READY","cmp":0,"lhs":[64,0,0,0,9223372036854775808,0,0,0],"rhs":[64,0,0,0,9223372036854775679,18446744073709551615,18446744073709551615,18446744073709551615]}
{"op":"C","status":"READY","cmp":0,"lhs":[128,0,0,0,18446744073709551487,18446744073709551615,18446744073709551615,18446744073709551615],"rhs":[128,0,0,1,0,0,0,0]}
{"op":"C","status":"READY","cmp":0,"lhs":[128,0,0,1,0,0,0,0],"rhs":[128,0,0,0,18446744073709551487,18446744073709551615,18446744073709551615,18446744073709551615]}
{"op":"C","status":"READY","cmp":0,"lhs":[256,0,0,1,18446744073709551487,18446744073709551615,18446744073709551615,18446744073709551615],"rhs":[256,0,0,2,0,0,0,0]}
{"op":"C","status":"READY","cmp":0,"lhs":[256,0,0,2,0,0,0,0],"rhs":[256,0,0,1,18446744073709551487,18446744073709551615,18446744073709551615,18446744073709551615]}
{"op":"C","status":"READY","cmp":0,"lhs":[512,0,0,3,18446744073709551487,18446744073709551615,18446744073709551615,18446744073709551615],"rhs":[512,0,0,4,0,0,0,0]}
{"op":"C","status":"READY","cmp":0,"lhs":[512,0,0,4,0,0,0,0],"rhs":[512,0,0,3,18446744073709551487,18446744073709551615,18446744073709551615,18446744073709551615]}
{"op":"C","status":"READY","cmp":0,"lhs":[1024,0,0,7,18446744073709551487,18446744073709551615,18446744073709551615,18446744073709551615],"rhs":[1024,0,0,8,0,0,0,0]}
{"op":"C","status":"READY","cmp":0,"lhs":[1024,0,0,8,0,0,0,0],"rhs":[1024,0,0,7,18446744073709551487,18446744073709551615,18446744073709551615,18446744073709551615]}
{"op":"C","status":"READY","cmp":0,"lhs":[2048,0,0,15,18446744073709551487,18446744073709551615,18446744073709551615,18446744073709551615],"rhs":[2048,0,0,16,0,0,0,0]}
{"op":"C","status":"READY","cmp":0,"lhs":[2048,0,0,16,0,0,0,0],"rhs":[2048,0,0,15,18446744073709551487,18446744073709551615,18446744073709551615,18446744073709551615]}
{"op":"C","status":"READY","cmp":0,"lhs":[4096,0,0,31,18446744073709551487,18446744073709551615,18446744073709551615,18446744073709551615],"rhs":[4096,0,0,32,0,0,0,0]}
{"op":"C","status":"READY","cmp":0,"lhs":[4096,0,0,32,0,0,0,0],"rhs":[4096,0,0,31,18446744073709551487,18446744073709551615,18446744073709551615,18446744073709551615]}
{"op":"C","status":"READY","cmp":0,"lhs":[8192,0,0,63,18446744073709551487,18446744073709551615,18446744073709551615,18446744073709551615],"rhs":[8192,0,0,64,0,0,0,0]}
{"op":"C","status":"READY","cmp":0,"lhs":[8192,0,0,64,0,0,0,0],"rhs":[8192,0,0,63,18446744073709551487,18446744073709551615,18446744073709551615,18446744073709551615]}
{"op":"C","status":"READY","cmp":0,"lhs":[16384,0,0,127,18446744073709551487,18446744073709551615,18446744073709551615,18446744073709551615],"rhs":[16384,0,0,128,0,0,0,0]}
{"op":"C","status":"READY","cmp":0,"lhs":[16384,0,0,128,0,0,0,0],"rhs":[16384,0,0,127,18446744073709551487,18446744073709551615,18446744073709551615,18446744073709551615]}
{"op":"C","status":"READY","cmp":0,"lhs":[32768,0,0,255,18446744073709551487,18446744073709551615,18446744073709551615,18446744073709551615],"rhs":[32768,0,0,256,0,0,0,0]}
{"op":"C","status":"READY","cmp":0,"lhs":[32768,0,0,256,0,0,0,0],"rhs":[32768,0,0,255,18446744073709551487,18446744073709551615,18446744073709551615,18446744073709551615]}
{"op":"C","status":"READY","cmp":0,"lhs":[65536,0,0,511,18446744073709551487,18446744073709551615,18446744073709551615,18446744073709551615],"rhs":[65536,0,0,512,0,0,0,0]}
{"op":"C","status":"READY","cmp":0,"lhs":[65536,0,0,512,0,0,0,0],"rhs":[65536,0,0,511,18446744073709551487,18446744073709551615,18446744073709551615,18446744073709551615]}
{"op":"C","status":"READY","cmp":1,"lhs":[0,0,0,0,0,0,0,4503599627370498],"rhs":[0,0,0,0,0,0,0,2251799813685249]}
{"op":"C","status":"READY","cmp":1,"lhs":[0,0,0,0,0,0,0,18014398509481988],"rhs":[0,0,0,0,0,0,0,13510798882111491]}
{"op":"C","status":"READY","cmp":1,"lhs":[0,0,0,0,0,0,0,72057594037927944],"rhs":[0,0,0,0,0,0,0,63050394783186951]}
{"op":"C","status":"READY","cmp":1,"lhs":[0,0,0,0,0,0,0,288230376151711760],"rhs":[0,0,0,0,0,0,0,270215977642229775]}
{"op":"C","status":"READY","cmp":1,"lhs":[0,0,0,0,0,0,0,1152921504606847008],"rhs":[0,0,0,0,0,0,0,1116892707587883039]}
{"op":"C","status":"READY","cmp":1,"lhs":[0,0,0,0,0,0,0,4611686018427387968],"rhs":[0,0,0,0,0,0,0,4539628424389460031]}
{"op":"C","status":"READY","cmp":1,"lhs":[0,0,0,0,0,0,1,128],"rhs":[0,0,0,0,0,0,0,18302628885633695871]}
{"op":"C","status":"READY","cmp":1,"lhs":[0,0,0,0,0,0,4,256],"rhs":[0,0,0,0,0,0,3,18158513697557840127]}
{"op":"C","status":"READY","cmp":1,"lhs":[0,0,0,0,0,0,16,512],"rhs":[0,0,0,0,0,0,15,17870283321406128639]}
{"op":"C","status":"READY","cmp":1,"lhs":[0,0,0,0,0,0,64,1024],"rhs":[0,0,0,0,0,0,63,17293822569102705663]}
{"op":"C","status":"READY","cmp":1,"lhs":[0,0,0,0,0,0,256,2048],"rhs":[0,0,0,0,0,0,255,16140901064495859711]}
{"op":"C","status":"READY","cmp":1,"lhs":[0,0,0,0,0,0,1024,4096],"rhs":[0,0,0,0,0,0,1023,13835058055282167807]}
{"op":"C","status":"READY","cmp":1,"lhs":[0,0,0,0,0,0,4096,8192],"rhs":[0,0,0,0,0,0,4095,9223372036854783999]}
{"op":"C","status":"READY","cmp":1,"lhs":[0,0,0,0,0,0,16384,16384],"rhs":[0,0,0,0,0,0,16383,16383]}
{"op":"C","status":"READY","cmp":1,"lhs":[0,0,0,0,0,0,65536,32768],"rhs":[0,0,0,0,0,0,65534,32767]}
{"op":"C","status":"READY","cmp":1,"lhs":[0,0,0,0,0,0,262144,65536],"rhs":[0,0,0,0,0,0,262140,65535]}
{"op":"C","status":"READY","cmp":1,"lhs":[0,0,0,0,0,0,1048576,131072],"rhs":[0,0,0,0,0,0,1048568,131071]}
{"op":"C","status":"READY","cmp":1,"lhs":[0,0,0,0,0,0,4194304,262144],"rhs":[0,0,0,0,0,0,4194288,262143]}
{"op":"C","status":"READY","cmp":1,"lhs":[0,0,0,0,0,0,16777216,524288],"rhs":[0,0,0,0,0,0,16777184,524287]}
{"op":"C","status":"READY","cmp":1,"lhs":[0,0,0,0,0,0,67108864,1048576],"rhs":[0,0,0,0,0,0,67108800,1048575]}
{"op":"C","status":"READY","cmp":1,"lhs":[0,0,0,0,0,0,268435456,2097152],"rhs":[0,0,0,0,0,0,268435328,2097151]}
{"op":"C","status":"READY","cmp":1,"lhs":[0,0,0,0,0,0,1073741824,4194304],"rhs":[0,0,0,0,0,0,1073741568,4194303]}
{"op":"C","status":"READY","cmp":1,"lhs":[0,0,0,0,0,0,4294967296,8388608],"rhs":[0,0,0,0,0,0,4294966784,8388607]}
{"op":"C","status":"READY","cmp":1,"lhs":[0,0,0,0,0,0,17179869184,16777216],"rhs":[0,0,0,0,0,0,17179868160,16777215]}
{"op":"C","status":"READY","cmp":1,"lhs":[0,0,0,0,0,0,68719476736,33554432],"rhs":[0,0,0,0,0,0,68719474688,33554431]}
{"op":"C","status":"READY","cmp":1,"lhs":[0,0,0,0,0,0,274877906944,67108864],"rhs":[0,0,0,0,0,0,274877902848,67108863]}
{"op":"C","status":"READY","cmp":1,"lhs":[0,0,0,0,0,0,1099511627776,134217728],"rhs":[0,0,0,0,0,0,1099511619584,134217727]}
{"op":"C","status":"READY","cmp":1,"lhs":[0,0,0,0,0,0,4398046511104,268435456],"rhs":[0,0,0,0,0,0,4398046494720,268435455]}
{"op":"C","status":"READY","cmp":1,"lhs":[0,0,0,0,0,0,17592186044416,536870912],"rhs":[0,0,0,0,0,0,17592186011648,536870911]}
{"op":"C","status":"READY","cmp":1,"lhs":[0,0,0,0,0,0,70368744177664,1073741824],"rhs":[0,0,0,0,0,0,70368744112128,1073741823]}
{"op":"C","status":"READY","cmp":1,"lhs":[0,0,0,0,0,0,281474976710656,2147483648],"rhs":[0,0,0,0,0,0,281474976579584,2147483647]}
{"op":"C","status":"READY","cmp":1,"lhs":[0,0,0,0,0,0,1125899906842624,4294967296],"rhs":[0,0,0,0,0,0,1125899906580480,4294967295]}
{"op":"C","status":"READY","cmp":1,"lhs":[0,0,0,0,0,0,4503599627370496,8589934592],"rhs":[0,0,0,0,0,0,4503599626846208,8589934591]}
{"op":"C","status":"READY","cmp":1,"lhs":[0,0,0,0,0,0,18014398509481984,17179869184],"rhs":[0,0,0,0,0,0,18014398508433408,17179869183]}
{"op":"C","status":"READY","cmp":1,"lhs":[0,0,0,0,0,0,72057594037927936,34359738368],"rhs":[0,0,0,0,0,0,72057594035830784,34359738367]}
{"op":"C","status":"READY","cmp":1,"lhs":[0,0,0,0,0,0,288230376151711744,68719476736],"rhs":[0,0,0,0,0,0,288230376147517440,68719476735]}
{"op":"C","status":"READY","cmp":1,"lhs":[0,0,0,0,0,0,1152921504606846976,137438953472],"rhs":[0,0,0,0,0,0,1152921504598458368,137438953471]}
{"op":"C","status":"READY","cmp":1,"lhs":[0,0,0,0,0,0,4611686018427387904,274877906944],"rhs":[0,0,0,0,0,0,4611686018410610688,274877906943]}
{"op":"C","status":"READY","cmp":1,"lhs":[0,0,0,0,0,1,0,549755813888],"rhs":[0,0,0,0,0,0,18446744073675997184,549755813887]}
{"op":"C","status":"READY","cmp":1,"lhs":[0,0,0,0,0,4,0,1099511627776],"rhs":[0,0,0,0,0,3,18446744073642442752,1099511627775]}
{"op":"C","status":"READY","cmp":1,"lhs":[0,0,0,0,0,16,0,2199023255552],"rhs":[0,0,0,0,0,15,18446744073575333888,2199023255551]}
{"op":"C","status":"READY","cmp":1,"lhs":[0,0,0,0,0,64,0,4398046511104],"rhs":[0,0,0,0,0,63,18446744073441116160,4398046511103]}
{"op":"C","status":"READY","cmp":1,"lhs":[0,0,0,0,0,256,0,8796093022208],"rhs":[0,0,0,0,0,255,18446744073172680704,8796093022207]}
{"op":"C","status":"READY","cmp":1,"lhs":[0,0,0,0,0,1024,0,17592186044416],"rhs":[0,0,0,0,0,1023,18446744072635809792,17592186044415]}
{"op":"C","status":"READY","cmp":1,"lhs":[0,0,0,0,0,4096,0,35184372088832],"rhs":[0,0,0,0,0,4095,18446744071562067968,35184372088831]}
{"op":"C","status":"READY","cmp":1,"lhs":[0,0,0,0,0,16384,0,70368744177664],"rhs":[0,0,0,0,0,16383,18446744069414584320,70368744177663]}
{"op":"C","status":"READY","cmp":1,"lhs":[0,0,0,0,0,65536,0,140737488355328],"rhs":[0,0,0,0,0,65535,18446744065119617024,140737488355327]}
{"op":"C","status":"READY","cmp":1,"lhs":[0,0,0,0,0,262144,0,281474976710656],"rhs":[0,0,0,0,0,262143,18446744056529682432,281474976710655]}
{"op":"C","status":"READY","cmp":1,"lhs":[0,0,0,0,0,1048576,0,562949953421312],"rhs":[0,0,0,0,0,1048575,18446744039349813248,562949953421311]}
{"op":"C","status":"READY","cmp":1,"lhs":[0,0,0,0,0,4194304,0,1125899906842624],"rhs":[0,0,0,0,0,4194303,18446744004990074880,1125899906842623]}
{"op":"C","status":"READY","cmp":1,"lhs":[0,0,0,0,0,16777216,0,2251799813685248],"rhs":[0,0,0,0,0,16777215,18446743936270598144,2251799813685247]}
{"op":"C","status":"READY","cmp":1,"lhs":[0,0,0,0,0,67108864,0,4503599627370496],"rhs":[0,0,0,0,0,67108863,18446743798831644672,4503599627370495]}
{"op":"C","status":"READY","cmp":1,"lhs":[0,0,0,0,0,268435456,0,9007199254740992],"rhs":[0,0,0,0,0,268435455,18446743523953737728,9007199254740991]}
{"op":"C","status":"READY","cmp":0,"lhs":[0,0,0,0,0,1073741824,0,18014398509481984],"rhs":[0,0,0,0,0,1073741823,18446742974197923840,18014398509481983]}
{"op":"C","status":"READY","cmp":0,"lhs":[0,0,0,0,0,4294967296,0,36028797018963968],"rhs":[0,0,0,0,0,4294967295,18446741874686296064,36028797018963967]}
{"op":"C","status":"READY","cmp":0,"lhs":[0,0,0,0,0,17179869184,0,72057594037927936],"rhs":[0,0,0,0,0,17179869183,18446739675663040512,72057594037927935]}
{"op":"C","status":"READY","cmp":0,"lhs":[0,0,0,0,0,68719476736,0,144115188075855872],"rhs":[0,0,0,0,0,68719476735,18446735277616529408,144115188075855871]}
{"op":"C","status":"READY","cmp":0,"lhs":[0,0,0,0,0,274877906944,0,288230376151711744],"rhs":[0,0,0,0,0,274877906943,18446726481523507200,288230376151711743]}
{"op":"C","status":"READY","cmp":0,"lhs":[0,0,0,0,0,1099511627776,0,576460752303423488],"rhs":[0,0,0,0,0,1099511627775,18446708889337462784,576460752303423487]}
{"op":"C","status":"READY","cmp":0,"lhs":[0,0,0,0,0,4398046511104,0,1152921504606846976],"rhs":[0,0,0,0,0,4398046511103,18446673704965373952,1152921504606846975]}
{"op":"C","status":"READY","cmp":0,"lhs":[0,0,0,0,0,17592186044416,0,2305843009213693952],"rhs":[0,0,0,0,0,17592186044415,18446603336221196288,2305843009213693951]}
{"op":"C","status":"READY","cmp":0,"lhs":[0,0,0,0,0,70368744177664,0,4611686018427387904],"rhs":[0,0,0,0,0,70368744177663,18446462598732840960,4611686018427387903]}
{"op":"C","status":"READY","cmp":0,"lhs":[0,0,0,0,0,281474976710656,0,9223372036854775808],"rhs":[0,0,0,0,0,281474976710655,18446181123756130304,9223372036854775807]}
{"op":"C","status":"READY","cmp":0,"lhs":[0,0,0,0,0,1125899906842624,1,0],"rhs":[0,0,0,0,0,1125899906842623,18445618173802708992,18446744073709551615]}
{"op":"C","status":"READY","cmp":0,"lhs":[0,0,0,0,0,4503599627370496,2,0],"rhs":[0,0,0,0,0,4503599627370495,18444492273895866369,18446744073709551615]}
{"op":"C","status":"READY","cmp":0,"lhs":[0,0,0,0,0,18014398509481984,4,0],"rhs":[0,0,0,0,0,18014398509481983,18442240474082181123,18446744073709551615]}
{"op":"C","status":"READY","cmp":0,"lhs":[0,0,0,0,0,72057594037927936,8,0],"rhs":[0,0,0,0,0,72057594037927935,18437736874454810631,18446744073709551615]}
{"op":"C","status":"READY","cmp":0,"lhs":[0,0,0,0,0,288230376151711744,16,0],"rhs":[0,0,0,0,0,288230376151711743,18428729675200069647,18446744073709551615]}
{"op":"C","status":"READY","cmp":0,"lhs":[0,0,0,0,0,1152921504606846976,32,0],"rhs":[0,0,0,0,0,1152921504606846975,18410715276690587679,18446744073709551615]}
{"op":"C","status":"READY","cmp":0,"lhs":[0,0,0,0,0,4611686018427387904,64,0],"rhs":[0,0,0,0,0,4611686018427387903,18374686479671623743,18446744073709551615]}
{"op":"C","status":"READY","cmp":0,"lhs":[0,0,0,0,1,0,128,0],"rhs":[0,0,0,0,0,18446744073709551615,18302628885633695871,18446744073709551615]}
{"op":"C","status":"READY","cmp":0,"lhs":[0,0,0,0,4,0,256,0],"rhs":[0,0,0,0,3,18446744073709551615,18158513697557840127,18446744073709551615]}
{"op":"C","status":"READY","cmp":0,"lhs":[0,0,0,0,16,0,512,0],"rhs":[0,0,0,0,15,18446744073709551615,17870283321406128639,18446744073709551615]}
{"op":"C","status":"READY","cmp":0,"lhs":[0,0,0,0,64,0,1024,0],"rhs":[0,0,0,0,63,18446744073709551615,17293822569102705663,18446744073709551615]}
{"op":"C","status":"READY","cmp":0,"lhs":[0,0,0,0,256,0,2048,0],"rhs":[0,0,0,0,255,18446744073709551615,16140901064495859711,18446744073709551615]}
{"op":"C","status":"READY","cmp":0,"lhs":[0,0,0,0,1024,0,4096,0],"rhs":[0,0,0,0,1023,18446744073709551615,13835058055282167807,18446744073709551615]}
{"op":"C","status":"READY","cmp":0,"lhs":[0,0,0,0,4096,0,8192,0],"rhs":[0,0,0,0,4095,18446744073709551615,9223372036854783999,18446744073709551615]}
{"op":"C","status":"READY","cmp":0,"lhs":[0,0,0,0,16384,0,16384,0],"rhs":[0,0,0,0,16383,18446744073709551615,16383,18446744073709551615]}
{"op":"C","status":"READY","cmp":0,"lhs":[0,0,0,0,65536,0,32768,0],"rhs":[0,0,0,0,65535,18446744073709551614,32767,18446744073709551615]}
{"op":"C","status":"READY","cmp":0,"lhs":[0,0,0,0,262144,0,65536,0],"rhs":[0,0,0,0,262143,18446744073709551612,65535,18446744073709551615]}
{"op":"C","status":"READY","cmp":0,"lhs":[0,0,0,0,1048576,0,131072,0],"rhs":[0,0,0,0,1048575,18446744073709551608,131071,18446744073709551615]}
{"op":"C","status":"READY","cmp":0,"lhs":[0,0,0,0,4194304,0,262144,0],"rhs":[0,0,0,0,4194303,18446744073709551600,262143,18446744073709551615]}
{"op":"C","status":"READY","cmp":0,"lhs":[0,0,0,0,16777216,0,524288,0],"rhs":[0,0,0,0,16777215,18446744073709551584,524287,18446744073709551615]}
{"op":"C","status":"READY","cmp":0,"lhs":[0,0,0,0,67108864,0,1048576,0],"rhs":[0,0,0,0,67108863,18446744073709551552,1048575,18446744073709551615]}
{"op":"C","status":"READY","cmp":0,"lhs":[0,0,0,0,268435456,0,2097152,0],"rhs":[0,0,0,0,268435455,18446744073709551488,2097151,18446744073709551615]}
{"op":"C","status":"READY","cmp":0,"lhs":[0,0,0,0,1073741824,0,4194304,0],"rhs":[0,0,0,0,1073741823,18446744073709551360,4194303,18446744073709551615]}
{"op":"C","status":"READY","cmp":0,"lhs":[0,0,0,0,4294967296,0,8388608,0],"rhs":[0,0,0,0,4294967295,18446744073709551104,8388607,18446744073709551615]}
{"op":"C","status":"READY","cmp":0,"lhs":[0,0,0,0,17179869184,0,16777216,0],"rhs":[0,0,0,0,17179869183,18446744073709550592,16777215,18446744073709551615]}
{"op":"C","status":"READY","cmp":0,"lhs":[0,0,0,0,68719476736,0,33554432,0],"rhs":[0,0,0,0,68719476735,18446744073709549568,33554431,18446744073709551615]}
{"op":"C","status":"READY","cmp":0,"lhs":[0,0,0,0,274877906944,0,67108864,0],"rhs":[0,0,0,0,274877906943,18446744073709547520,67108863,18446744073709551615]}
{"op":"C","status":"READY","cmp":0,"lhs":[0,0,0,0,1099511627776,0,134217728,0],"rhs":[0,0,0,0,1099511627775,18446744073709543424,134217727,18446744073709551615]}
{"op":"C","status":"READY","cmp":0,"lhs":[0,0,0,0,4398046511104,0,268435456,0],"rhs":[0,0,0,0,4398046511103,18446744073709535232,268435455,18446744073709551615]}
{"op":"C","status":"READY","cmp":0,"lhs":[0,0,0,0,17592186044416,0,536870912,0],"rhs":[0,0,0,0,17592186044415,18446744073709518848,536870911,18446744073709551615]}
{"op":"C","status":"READY","cmp":0,"lhs":[0,0,0,0,70368744177664,0,1073741824,0],"rhs":[0,0,0,0,70368744177663,18446744073709486080,1073741823,18446744073709551615]}
{"op":"C","status":"READY","cmp":0,"lhs":[0,0,0,0,281474976710656,0,2147483648,0],"rhs":[0,0,0,0,281474976710655,18446744073709420544,2147483647,18446744073709551615]}
{"op":"C","status":"READY","cmp":0,"lhs":[0,0,0,0,1125899906842624,0,4294967296,0],"rhs":[0,0,0,0,1125899906842623,18446744073709289472,4294967295,18446744073709551615]}
{"op":"C","status":"READY","cmp":0,"lhs":[0,0,0,0,4503599627370496,0,8589934592,0],"rhs":[0,0,0,0,4503599627370495,18446744073709027328,8589934591,18446744073709551615]}
{"op":"C","status":"READY","cmp":0,"lhs":[0,0,0,0,18014398509481984,0,17179869184,0],"rhs":[0,0,0,0,18014398509481983,18446744073708503040,17179869183,18446744073709551615]}
{"op":"C","status":"READY","cmp":0,"lhs":[0,0,0,0,72057594037927936,0,34359738368,0],"rhs":[0,0,0,0,72057594037927935,18446744073707454464,34359738367,18446744073709551615]}
{"op":"C","status":"READY","cmp":0,"lhs":[0,0,0,0,288230376151711744,0,68719476736,0],"rhs":[0,0,0,0,288230376151711743,18446744073705357312,68719476735,18446744073709551615]}
{"op":"C","status":"READY","cmp":0,"lhs":[0,0,0,0,1152921504606846976,0,137438953472,0],"rhs":[0,0,0,0,1152921504606846975,18446744073701163008,137438953471,18446744073709551615]}
{"op":"C","status":"READY","cmp":0,"lhs":[0,0,0,0,4611686018427387904,0,274877906944,0],"rhs":[0,0,0,0,4611686018427387903,18446744073692774400,274877906943,18446744073709551615]}
{"op":"C","status":"READY","cmp":0,"lhs":[0,0,0,1,0,0,549755813888,0],"rhs":[0,0,0,0,18446744073709551615,18446744073675997184,549755813887,18446744073709551615]}
{"op":"C","status":"READY","cmp":0,"lhs":[0,0,0,4,0,0,1099511627776,0],"rhs":[0,0,0,3,18446744073709551615,18446744073642442752,1099511627775,18446744073709551615]}
{"op":"C","status":"READY","cmp":0,"lhs":[0,0,0,16,0,0,2199023255552,0],"rhs":[0,0,0,15,18446744073709551615,18446744073575333888,2199023255551,18446744073709551615]}
{"op":"C","status":"READY","cmp":0,"lhs":[0,0,0,64,0,0,4398046511104,0],"rhs":[0,0,0,63,18446744073709551615,18446744073441116160,4398046511103,18446744073709551615]}
{"op":"C","status":"READY","cmp":0,"lhs":[0,0,0,256,0,0,8796093022208,0],"rhs":[0,0,0,255,18446744073709551615,18446744073172680704,8796093022207,18446744073709551615]}
{"op":"C","status":"READY","cmp":0,"lhs":[0,0,0,1024,0,0,17592186044416,0],"rhs":[0,0,0,1023,18446744073709551615,18446744072635809792,17592186044415,18446744073709551615]}
{"op":"C","status":"READY","cmp":0,"lhs":[0,0,0,4096,0,0,35184372088832,0],"rhs":[0,0,0,4095,18446744073709551615,18446744071562067968,35184372088831,18446744073709551615]}
{"op":"C","status":"READY","cmp":0,"lhs":[0,0,0,16384,0,0,70368744177664,0],"rhs":[0,0,0,16383,18446744073709551615,18446744069414584320,70368744177663,18446744073709551615]}
{"op":"C","status":"READY","cmp":0,"lhs":[0,0,0,65536,0,0,140737488355328,0],"rhs":[0,0,0,65535,18446744073709551615,18446744065119617024,140737488355327,18446744073709551615]}
{"op":"C","status":"READY","cmp":0,"lhs":[0,0,0,262144,0,0,281474976710656,0],"rhs":[0,0,0,262143,18446744073709551615,18446744056529682432,281474976710655,18446744073709551615]}
{"op":"C","status":"READY","cmp":0,"lhs":[0,0,0,1048576,0,0,562949953421312,0],"rhs":[0,0,0,1048575,18446744073709551615,18446744039349813248,562949953421311,18446744073709551615]}
{"op":"C","status":"READY","cmp":0,"lhs":[0,0,0,4194304,0,0,1125899906842624,0],"rhs":[0,0,0,4194303,18446744073709551615,18446744004990074880,1125899906842623,18446744073709551615]}
{"op":"C","status":"READY","cmp":0,"lhs":[0,0,0,16777216,0,0,2251799813685248,0],"rhs":[0,0,0,16777215,18446744073709551615,18446743936270598144,2251799813685247,18446744073709551615]}
{"op":"C","status":"READY","cmp":0,"lhs":[0,0,0,67108864,0,0,4503599627370496,0],"rhs":[0,0,0,67108863,18446744073709551615,18446743798831644672,4503599627370495,18446744073709551615]}
{"op":"C","status":"READY","cmp":0,"lhs":[0,0,0,268435456,0,0,9007199254740992,0],"rhs":[0,0,0,268435455,18446744073709551615,18446743523953737728,9007199254740991,18446744073709551615]}
{"op":"C","status":"READY","cmp":0,"lhs":[0,0,0,1073741824,0,0,18014398509481984,0],"rhs":[0,0,0,1073741823,18446744073709551615,18446742974197923840,18014398509481983,18446744073709551615]}
{"op":"C","status":"READY","cmp":0,"lhs":[0,0,0,4294967296,0,0,36028797018963968,0],"rhs":[0,0,0,4294967295,18446744073709551615,18446741874686296064,36028797018963967,18446744073709551615]}
{"op":"C","status":"READY","cmp":0,"lhs":[0,0,0,17179869184,0,0,72057594037927936,0],"rhs":[0,0,0,17179869183,18446744073709551615,18446739675663040512,72057594037927935,18446744073709551615]}
{"op":"C","status":"READY","cmp":0,"lhs":[0,0,0,68719476736,0,0,144115188075855872,0],"rhs":[0,0,0,68719476735,18446744073709551615,18446735277616529408,144115188075855871,18446744073709551615]}
{"op":"C","status":"READY","cmp":0,"lhs":[0,0,0,274877906944,0,0,288230376151711744,0],"rhs":[0,0,0,274877906943,18446744073709551615,18446726481523507200,288230376151711743,18446744073709551615]}
{"op":"C","status":"READY","cmp":0,"lhs":[0,0,0,1099511627776,0,0,576460752303423488,0],"rhs":[0,0,0,1099511627775,18446744073709551615,18446708889337462784,576460752303423487,18446744073709551615]}
{"op":"C","status":"READY","cmp":0,"lhs":[0,0,0,4398046511104,0,0,1152921504606846976,0],"rhs":[0,0,0,4398046511103,18446744073709551615,18446673704965373952,1152921504606846975,18446744073709551615]}
{"op":"C","status":"READY","cmp":0,"lhs":[0,0,0,17592186044416,0,0,2305843009213693952,0],"rhs":[0,0,0,17592186044415,18446744073709551615,18446603336221196288,2305843009213693951,18446744073709551615]}
{"op":"C","status":"READY","cmp":0,"lhs":[0,0,0,70368744177664,0,0,4611686018427387904,0],"rhs":[0,0,0,70368744177663,18446744073709551615,18446462598732840960,4611686018427387903,18446744073709551615]}
{"op":"C","status":"READY","cmp":0,"lhs":[0,0,0,281474976710656,0,0,9223372036854775808,0],"rhs":[0,0,0,281474976710655,18446744073709551615,18446181123756130304,9223372036854775807,18446744073709551615]}
{"op":"C","status":"READY","cmp":0,"lhs":[0,0,0,1125899906842624,0,1,0,0],"rhs":[0,0,0,1125899906842623,18446744073709551615,18445618173802708992,18446744073709551615,18446744073709551615]}
{"op":"C","status":"READY","cmp":0,"lhs":[0,0,0,4503599627370496,0,2,0,0],"rhs":[0,0,0,4503599627370495,18446744073709551615,18444492273895866369,18446744073709551615,18446744073709551615]}
{"op":"C","status":"READY","cmp":0,"lhs":[0,0,0,18014398509481984,0,4,0,0],"rhs":[0,0,0,18014398509481983,18446744073709551615,18442240474082181123,18446744073709551615,18446744073709551615]}
{"op":"C","status":"READY","cmp":0,"lhs":[0,0,0,72057594037927936,0,8,0,0],"rhs":[0,0,0,72057594037927935,18446744073709551615,18437736874454810631,18446744073709551615,18446744073709551615]}
{"op":"C","status":"READY","cmp":0,"lhs":[0,0,0,288230376151711744,0,16,0,0],"rhs":[0,0,0,288230376151711743,18446744073709551615,18428729675200069647,18446744073709551615,18446744073709551615]}
{"op":"C","status":"READY","cmp":0,"lhs":[0,0,0,1152921504606846976,0,32,0,0],"rhs":[0,0,0,1152921504606846975,18446744073709551615,18410715276690587679,18446744073709551615,18446744073709551615]}
{"op":"C","status":"READY","cmp":0,"lhs":[0,0,0,4611686018427387904,0,64,0,0],"rhs":[0,0,0,4611686018427387903,18446744073709551615,18374686479671623743,18446744073709551615,18446744073709551615]}
{"op":"C","status":"READY","cmp":0,"lhs":[0,0,1,0,0,128,0,0],"rhs":[0,0,0,18446744073709551615,18446744073709551615,18302628885633695871,18446744073709551615,18446744073709551615]}
{"op":"C","status":"READY","cmp":0,"lhs":[0,0,4,0,0,256,0,0],"rhs":[0,0,3,18446744073709551615,18446744073709551615,18158513697557840127,18446744073709551615,18446744073709551615]}
{"op":"C","status":"READY","cmp":0,"lhs":[0,0,16,0,0,512,0,0],"rhs":[0,0,15,18446744073709551615,18446744073709551615,17870283321406128639,18446744073709551615,18446744073709551615]}
{"op":"C","status":"READY","cmp":0,"lhs":[0,0,64,0,0,1024,0,0],"rhs":[0,0,63,18446744073709551615,18446744073709551615,17293822569102705663,18446744073709551615,18446744073709551615]}
{"op":"C","status":"READY","cmp":0,"lhs":[0,0,256,0,0,2048,0,0],"rhs":[0,0,255,18446744073709551615,18446744073709551615,16140901064495859711,18446744073709551615,18446744073709551615]}
{"op":"C","status":"READY","cmp":0,"lhs":[0,0,1024,0,0,4096,0,0],"rhs":[0,0,1023,18446744073709551615,18446744073709551615,13835058055282167807,18446744073709551615,18446744073709551615]}
{"op":"C","status":"READY","cmp":0,"lhs":[0,0,4096,0,0,8192,0,0],"rhs":[0,0,4095,18446744073709551615,18446744073709551615,9223372036854783999,18446744073709551615,18446744073709551615]}
{"op":"C","status":"READY","cmp":0,"lhs":[0,0,16384,0,0,16384,0,0],"rhs":[0,0,16383,18446744073709551615,18446744073709551615,16383,18446744073709551615,18446744073709551615]}
{"op":"C","status":"READY","cmp":0,"lhs":[0,0,65536,0,0,32768,0,0],"rhs":[0,0,65535,18446744073709551615,18446744073709551614,32767,18446744073709551615,18446744073709551615]}
{"op":"C","status":"READY","cmp":0,"lhs":[0,0,262144,0,0,65536,0,0],"rhs":[0,0,262143,18446744073709551615,18446744073709551612,65535,18446744073709551615,18446744073709551615]}
{"op":"C","status":"READY","cmp":0,"lhs":[0,0,1048576,0,0,131072,0,0],"rhs":[0,0,1048575,18446744073709551615,18446744073709551608,131071,18446744073709551615,18446744073709551615]}
{"op":"C","status":"READY","cmp":0,"lhs":[0,0,4194304,0,0,262144,0,0],"rhs":[0,0,4194303,18446744073709551615,18446744073709551600,262143,18446744073709551615,18446744073709551615]}
{"op":"C","status":"READY","cmp":0,"lhs":[0,0,16777216,0,0,524288,0,0],"rhs":[0,0,16777215,18446744073709551615,18446744073709551584,524287,18446744073709551615,18446744073709551615]}
{"op":"C","status":"READY","cmp":0,"lhs":[0,0,67108864,0,0,1048576,0,0],"rhs":[0,0,67108863,18446744073709551615,18446744073709551552,1048575,18446744073709551615,18446744073709551615]}
{"op":"C","status":"READY","cmp":0,"lhs":[0,0,268435456,0,0,2097152,0,0],"rhs":[0,0,268435455,18446744073709551615,18446744073709551488,2097151,18446744073709551615,18446744073709551615]}
{"op":"C","status":"READY","cmp":0,"lhs":[0,0,1073741824,0,0,4194304,0,0],"rhs":[0,0,1073741823,18446744073709551615,18446744073709551360,4194303,18446744073709551615,18446744073709551615]}
{"op":"C","status":"READY","cmp":0,"lhs":[0,0,4294967296,0,0,8388608,0,0],"rhs":[0,0,4294967295,18446744073709551615,18446744073709551104,8388607,18446744073709551615,18446744073709551615]}
{"op":"C","status":"READY","cmp":0,"lhs":[0,0,17179869184,0,0,16777216,0,0],"rhs":[0,0,17179869183,18446744073709551615,18446744073709550592,16777215,18446744073709551615,18446744073709551615]}
{"op":"C","status":"READY","cmp":0,"lhs":[0,0,68719476736,0,0,33554432,0,0],"rhs":[0,0,68719476735,18446744073709551615,18446744073709549568,33554431,18446744073709551615,18446744073709551615]}
{"op":"C","status":"READY","cmp":0,"lhs":[0,0,274877906944,0,0,67108864,0,0],"rhs":[0,0,274877906943,18446744073709551615,18446744073709547520,67108863,18446744073709551615,18446744073709551615]}
{"op":"C","status":"READY","cmp":0,"lhs":[0,0,1099511627776,0,0,134217728,0,0],"rhs":[0,0,1099511627775,18446744073709551615,18446744073709543424,134217727,18446744073709551615,18446744073709551615]}
{"op":"C","status":"READY","cmp":0,"lhs":[0,0,4398046511104,0,0,268435456,0,0],"rhs":[0,0,4398046511103,18446744073709551615,18446744073709535232,268435455,18446744073709551615,18446744073709551615]}
{"op":"C","status":"READY","cmp":0,"lhs":[0,0,17592186044416,0,0,536870912,0,0],"rhs":[0,0,17592186044415,18446744073709551615,18446744073709518848,536870911,18446744073709551615,18446744073709551615]}
{"op":"C","status":"READY","cmp":0,"lhs":[0,0,70368744177664,0,0,1073741824,0,0],"rhs":[0,0,70368744177663,18446744073709551615,18446744073709486080,1073741823,18446744073709551615,18446744073709551615]}
{"op":"C","status":"READY","cmp":0,"lhs":[0,0,281474976710656,0,0,2147483648,0,0],"rhs":[0,0,281474976710655,18446744073709551615,18446744073709420544,2147483647,18446744073709551615,18446744073709551615]}
{"op":"C","status":"READY","cmp":0,"lhs":[0,0,1125899906842624,0,0,4294967296,0,0],"rhs":[0,0,1125899906842623,18446744073709551615,18446744073709289472,4294967295,18446744073709551615,18446744073709551615]}
{"op":"C","status":"READY","cmp":0,"lhs":[0,0,4503599627370496,0,0,8589934592,0,0],"rhs":[0,0,4503599627370495,18446744073709551615,18446744073709027328,8589934591,18446744073709551615,18446744073709551615]}
{"op":"C","status":"READY","cmp":0,"lhs":[0,0,18014398509481984,0,0,17179869184,0,0],"rhs":[0,0,18014398509481983,18446744073709551615,18446744073708503040,17179869183,18446744073709551615,18446744073709551615]}
{"op":"C","status":"READY","cmp":0,"lhs":[0,0,72057594037927936,0,0,34359738368,0,0],"rhs":[0,0,72057594037927935,18446744073709551615,18446744073707454464,34359738367,18446744073709551615,18446744073709551615]}
{"op":"C","status":"READY","cmp":0,"lhs":[0,0,288230376151711744,0,0,68719476736,0,0],"rhs":[0,0,288230376151711743,18446744073709551615,18446744073705357312,68719476735,18446744073709551615,18446744073709551615]}
{"op":"C","status":"READY","cmp":0,"lhs":[0,0,1152921504606846976,0,0,137438953472,0,0],"rhs":[0,0,1152921504606846975,18446744073709551615,18446744073701163008,137438953471,18446744073709551615,18446744073709551615]}
{"op":"C","status":"READY","cmp":0,"lhs":[0,0,4611686018427387904,0,0,274877906944,0,0],"rhs":[0,0,4611686018427387903,18446744073709551615,18446744073692774400,274877906943,18446744073709551615,18446744073709551615]}
{"op":"C","status":"READY","cmp":0,"lhs":[0,1,0,0,0,549755813888,0,0],"rhs":[0,0,18446744073709551615,18446744073709551615,18446744073675997184,549755813887,18446744073709551615,18446744073709551615]}
{"op":"C","status":"READY","cmp":0,"lhs":[0,4,0,0,0,1099511627776,0,0],"rhs":[0,3,18446744073709551615,18446744073709551615,18446744073642442752,1099511627775,18446744073709551615,18446744073709551615]}
{"op":"C","status":"READY","cmp":0,"lhs":[0,16,0,0,0,2199023255552,0,0],"rhs":[0,15,18446744073709551615,18446744073709551615,18446744073575333888,2199023255551,18446744073709551615,18446744073709551615]}
{"op":"C","status":"READY","cmp":0,"lhs":[0,64,0,0,0,4398046511104,0,0],"rhs":[0,63,18446744073709551615,18446744073709551615,18446744073441116160,4398046511103,18446744073709551615,18446744073709551615]}
{"op":"C","status":"READY","cmp":0,"lhs":[0,256,0,0,0,8796093022208,0,0],"rhs":[0,255,18446744073709551615,18446744073709551615,18446744073172680704,8796093022207,18446744073709551615,18446744073709551615]}
{"op":"C","status":"READY","cmp":0,"lhs":[0,1024,0,0,0,17592186044416,0,0],"rhs":[0,1023,18446744073709551615,18446744073709551615,18446744072635809792,17592186044415,18446744073709551615,18446744073709551615]}
{"op":"C","status":"READY","cmp":0,"lhs":[0,4096,0,0,0,35184372088832,0,0],"rhs":[0,4095,18446744073709551615,18446744073709551615,18446744071562067968,35184372088831,18446744073709551615,18446744073709551615]}
{"op":"C","status":"READY","cmp":0,"lhs":[0,16384,0,0,0,70368744177664,0,0],"rhs":[0,16383,18446744073709551615,18446744073709551615,18446744069414584320,70368744177663,18446744073709551615,18446744073709551615]}
{"op":"C","status":"READY","cmp":0,"lhs":[0,65536,0,0,0,140737488355328,0,0],"rhs":[0,65535,18446744073709551615,18446744073709551615,18446744065119617024,140737488355327,18446744073709551615,18446744073709551615]}
{"op":"C","status":"READY","cmp":0,"lhs":[0,262144,0,0,0,281474976710656,0,0],"rhs":[0,262143,18446744073709551615,18446744073709551615,18446744056529682432,281474976710655,18446744073709551615,18446744073709551615]}
{"op":"C","status":"READY","cmp":0,"lhs":[0,1048576,0,0,0,562949953421312,0,0],"rhs":[0,1048575,18446744073709551615,18446744073709551615,18446744039349813248,562949953421311,18446744073709551615,18446744073709551615]}
{"op":"C","status":"READY","cmp":0,"lhs":[0,4194304,0,0,0,1125899906842624,0,0],"rhs":[0,4194303,18446744073709551615,18446744073709551615,18446744004990074880,1125899906842623,18446744073709551615,18446744073709551615]}
{"op":"C","status":"READY","cmp":0,"lhs":[0,16777216,0,0,0,2251799813685248,0,0],"rhs":[0,16777215,18446744073709551615,18446744073709551615,18446743936270598144,2251799813685247,18446744073709551615,18446744073709551615]}
{"op":"C","status":"READY","cmp":0,"lhs":[0,67108864,0,0,0,4503599627370496,0,0],"rhs":[0,67108863,18446744073709551615,18446744073709551615,18446743798831644672,4503599627370495,18446744073709551615,18446744073709551615]}
{"op":"C","status":"READY","cmp":0,"lhs":[0,268435456,0,0,0,9007199254740992,0,0],"rhs":[0,268435455,18446744073709551615,18446744073709551615,18446743523953737728,9007199254740991,18446744073709551615,18446744073709551615]}
{"op":"C","status":"READY","cmp":0,"lhs":[0,1073741824,0,0,0,18014398509481984,0,0],"rhs":[0,1073741823,18446744073709551615,18446744073709551615,18446742974197923840,18014398509481983,18446744073709551615,18446744073709551615]}
{"op":"C","status":"READY","cmp":0,"lhs":[0,4294967296,0,0,0,36028797018963968,0,0],"rhs":[0,4294967295,18446744073709551615,18446744073709551615,18446741874686296064,36028797018963967,18446744073709551615,18446744073709551615]}
{"op":"C","status":"READY","cmp":0,"lhs":[0,17179869184,0,0,0,72057594037927936,0,0],"rhs":[0,17179869183,18446744073709551615,18446744073709551615,18446739675663040512,72057594037927935,18446744073709551615,18446744073709551615]}
{"op":"C","status":"READY","cmp":0,"lhs":[0,68719476736,0,0,0,144115188075855872,0,0],"rhs":[0,68719476735,18446744073709551615,18446744073709551615,18446735277616529408,144115188075855871,18446744073709551615,18446744073709551615]}
{"op":"C","status":"READY","cmp":0,"lhs":[0,274877906944,0,0,0,288230376151711744,0,0],"rhs":[0,274877906943,18446744073709551615,18446744073709551615,18446726481523507200,288230376151711743,18446744073709551615,18446744073709551615]}
{"op":"C","status":"READY","cmp":0,"lhs":[0,1099511627776,0,0,0,576460752303423488,0,0],"rhs":[0,1099511627775,18446744073709551615,18446744073709551615,18446708889337462784,576460752303423487,18446744073709551615,18446744073709551615]}
{"op":"C","status":"READY","cmp":0,"lhs":[0,4398046511104,0,0,0,1152921504606846976,0,0],"rhs":[0,4398046511103,18446744073709551615,18446744073709551615,18446673704965373952,1152921504606846975,18446744073709551615,18446744073709551615]}
{"op":"C","status":"READY","cmp":0,"lhs":[0,17592186044416,0,0,0,2305843009213693952,0,0],"rhs":[0,17592186044415,18446744073709551615,18446744073709551615,18446603336221196288,2305843009213693951,18446744073709551615,18446744073709551615]}
{"op":"C","status":"READY","cmp":0,"lhs":[0,70368744177664,0,0,0,4611686018427387904,0,0],"rhs":[0,70368744177663,18446744073709551615,18446744073709551615,18446462598732840960,4611686018427387903,18446744073709551615,18446744073709551615]}
{"op":"C","status":"READY","cmp":0,"lhs":[0,281474976710656,0,0,0,9223372036854775808,0,0],"rhs":[0,281474976710655,18446744073709551615,18446744073709551615,18446181123756130304,9223372036854775807,18446744073709551615,18446744073709551615]}
{"op":"C","status":"READY","cmp":0,"lhs":[0,1125899906842624,0,0,1,0,0,0],"rhs":[0,1125899906842623,18446744073709551615,18446744073709551615,18445618173802708992,18446744073709551615,18446744073709551615,18446744073709551615]}
{"op":"C","status":"READY","cmp":0,"lhs":[0,4503599627370496,0,0,2,0,0,0],"rhs":[0,4503599627370495,18446744073709551615,18446744073709551615,18444492273895866369,18446744073709551615,18446744073709551615,18446744073709551615]}
{"op":"C","status":"READY","cmp":0,"lhs":[0,18014398509481984,0,0,4,0,0,0],"rhs":[0,18014398509481983,18446744073709551615,18446744073709551615,18442240474082181123,18446744073709551615,18446744073709551615,18446744073709551615]}
{"op":"C","status":"READY","cmp":0,"lhs":[0,72057594037927936,0,0,8,0,0,0],"rhs":[0,72057594037927935,18446744073709551615,18446744073709551615,18437736874454810631,18446744073709551615,18446744073709551615,18446744073709551615]}
{"op":"C","status":"READY","cmp":0,"lhs":[0,288230376151711744,0,0,16,0,0,0],"rhs":[0,288230376151711743,18446744073709551615,18446744073709551615,18428729675200069647,18446744073709551615,18446744073709551615,18446744073709551615]}
{"op":"C","status":"READY","cmp":0,"lhs":[0,1152921504606846976,0,0,32,0,0,0],"rhs":[0,1152921504606846975,18446744073709551615,18446744073709551615,18410715276690587679,18446744073709551615,18446744073709551615,18446744073709551615]}
{"op":"C","status":"READY","cmp":0,"lhs":[0,4611686018427387904,0,0,64,0,0,0],"rhs":[0,4611686018427387903,18446744073709551615,18446744073709551615,18374686479671623743,18446744073709551615,18446744073709551615,18446744073709551615]}
{"op":"C","status":"READY","cmp":0,"lhs":[1,0,0,0,128,0,0,0],"rhs":[0,18446744073709551615,18446744073709551615,18446744073709551615,18302628885633695871,18446744073709551615,18446744073709551615,18446744073709551615]}
{"op":"C","status":"READY","cmp":0,"lhs":[0,0,1,1695733267729246387,9234244062013187201,13097056076756703441,13726973376101255859,15463387479116143856],"rhs":[0,0,1,1695733267729246387,9234244062013187201,13097056076756703441,13726973376101255859,15463387479116143856]}
{"op":"C","status":"READY","cmp":-1,"lhs":[0,0,1,13929963416681313184,5106883956512772273,5447170160371206557,2312796425208262412,12570315447143509332],"rhs":[0,0,1,13929963416681313184,5106883956512772273,5447170160371206557,2312796425208262412,12570315447143509332]}
{"op":"C","status":"READY","cmp":-1,"lhs":[0,0,2,12002229361729885758,13537471402848825355,9484018307845789963,6860348758006172498,2641911399484130634],"rhs":[0,0,2,12002229361729885758,13537471402848825355,9484018307845789963,6860348758006172498,2641911399484130634]}
{"op":"C","status":"READY","cmp":-1,"lhs":[0,0,2,17863752600928554989,8508596753373828981,3977462295069811411,16820820423191751175,9954434483502440688],"rhs":[0,0,2,17863752600928554989,8508596753373828981,3977462295069811411,16820820423191751175,9954434483502440688]}
{"op":"C","status":"READY","cmp":0,"lhs":[0,0,0,5442621262758932758,17118554979774076550,2540928157961912183,5706288043531396880,9935709159772129044],"rhs":[0,0,0,5442621262758932758,17118554979774076550,2540928157961912183,5706288043531396880,9935709159772129044]}
{"op":"C","status":"READY","cmp":0,"lhs":[0,0,4,17645886644199860979,9582996117658474569,7022309920513638107,15230335415417185398,11384758639837702656],"rhs":[0,0,4,17645886644199860979,9582996117658474569,7022309920513638107,15230335415417185398,11384758639837702656]}
{"op":"C","status":"READY","cmp":-1,"lhs":[0,0,2,18063004143373915768,15040593253571359605,6413779093788884017,5927914257690596168,14881854371068508800],"rhs":[0,0,2,18063004143373915768,15040593253571359605,6413779093788884017,5927914257690596168,14881854371068508800]}
{"op":"C","status":"READY","cmp":1,"lhs":[0,0,1,2244189802494872152,3340436137466850932,16454404298559853933,15290897644803151809,3458984647701925888],"rhs":[0,0,1,2244189802494872152,3340436137466850932,16454404298559853933,15290897644803151809,3458984647701925888]}
{"op":"C","status":"READY","cmp":-1,"lhs":[0,0,3,14612911540028828262,14052013168102394903,9433392938095430248,3288462853308729261,4051402335135190528],"rhs":[0,0,3,14612911540028828262,14052013168102394903,9433392938095430248,3288462853308729261,4051402335135190528]}
{"op":"C","status":"READY","cmp":0,"lhs":[0,0,1,144633403627514367,7871947413704837956,2786049942670129675,16127225675137362126,18145404696934602920],"rhs":[0,0,1,144633403627514367,7871947413704837956,2786049942670129675,16127225675137362126,18145404696934602920]}
{"op":"C","status":"READY","cmp":0,"lhs":[0,0,0,3111059921143924831,15027435882108382617,16522126051577494219,11044841221580984805,14295513140151523108],"rhs":[0,0,0,3111059921143924831,15027435882108382617,16522126051577494219,11044841221580984805,14295513140151523108]}
{"op":"C","status":"READY","cmp":1,"lhs":[0,0,0,3092559840585496231,10556226232367053788,769613829145076270,3171047782882851489,7885816734872486946],"rhs":[0,0,0,3092559840585496231,10556226232367053788,769613829145076270,3171047782882851489,7885816734872486946]}
{"op":"C","status":"READY","cmp":-1,"lhs":[0,0,0,101072436928449954,521955250608405713,10476999129056158738,5807627873860600492,7370233513862603780],"rhs":[0,0,0,101072436928449954,521955250608405713,10476999129056158738,5807627873860600492,7370233513862603780]}
{"op":"C","status":"READY","cmp":-1,"lhs":[0,0,0,917906174147483022,13420246789407156512,14084028898956628501,9069940394290730132,18230649508961274088],"rhs":[0,0,0,917906174147483022,13420246789407156512,14084028898956628501,9069940394290730132,18230649508961274088]}
{"op":"C","status":"READY","cmp":-1,"lhs":[0,0,0,3391258361070727931,7834494802103781183,353651591136028052,8705852534355753505,8533612484095660754],"rhs":[0,0,0,3391258361070727931,7834494802103781183,353651591136028052,8705852534355753505,8533612484095660754]}
{"op":"C","status":"READY","cmp":0,"lhs":[0,0,0,3513147606652847356,12407867669342693822,10745068839449293509,14394479295993495124,6785085086377761110],"rhs":[0,0,0,3513147606652847356,12407867669342693822,10745068839449293509,14394479295993495124,6785085086377761110]}
{"op":"C","status":"READY","cmp":0,"lhs":[0,0,0,9840623256514775884,14462905029250866045,14849925559252665612,15432198531759392,5201383511210599464],"rhs":[0,0,0,9840623256514775884,14462905029250866045,14849925559252665612,15432198531759392,5201383511210599464]}
{"op":"C","status":"READY","cmp":0,"lhs":[0,0,7,7538774220245295649,17157358182967398255,15028974057022008106,963429607109560220,10856840409386134918],"rhs":[0,0,7,7538774220245295649,17157358182967398255,15028974057022008106,963429607109560220,10856840409386134918]}
{"op":"C","status":"READY","cmp":0,"lhs":[0,0,1,6215326931686794336,10839799675951761893,8061221703222050254,6955534215510906760,5020543063943996824],"rhs":[0,0,1,6215326931686794336,10839799675951761893,8061221703222050254,6955534215510906760,5020543063943996824]}
{"op":"C","status":"READY","cmp":-1,"lhs":[0,0,0,11970972791510660101,12947229229344281061,1389165140104132113,9764342160854967902,14074614085914136768],"rhs":[0,0,0,11970972791510660101,12947229229344281061,1389165140104132113,9764342160854967902,14074614085914136768]}
{"op":"C","status":"READY","cmp":1,"lhs":[0,0,5,12373584874720593639,18191591243776943530,6563933557810169607,9470859338437640505,7793595953591321904],"rhs":[0,0,5,12373584874720593639,18191591243776943530,6563933557810169607,9470859338437640505,7793595953591321904]}
{"op":"C","status":"READY","cmp":0,"lhs":[0,0,3,12648611306676482347,4522286997159560148,1554553796744191641,16000641291271365290,10774575669717139392],"rhs":[0,0,3,12648611306676482347,4522286997159560148,1554553796744191641,16000641291271365290,10774575669717139392]}
{"op":"C","status":"READY","cmp":1,"lhs":[0,0,1,3310918017631863803,15701894575986463376,788761943094736574,6671701272398408140,29397616417870336],"rhs":[0,0,1,3310918017631863803,15701894575986463376,788761943094736574,6671701272398408140,29397616417870336]}
{"op":"C","status":"READY","cmp":0,"lhs":[0,0,1,1482002914859597768,3487790064216680613,10777680643948573589,8324578945122082627,3905056178720809200],"rhs":[0,0,1,1482002914859597768,3487790064216680613,10777680643948573589,8324578945122082627,3905056178720809200]}
{"op":"C","status":"READY","cmp":0,"lhs":[0,0,0,4219823168061967125,1081018004757338210,8337521119441041385,8224261944864883833,17246683031201323767],"rhs":[0,0,0,4219823168061967125,1081018004757338210,8337521119441041385,8224261944864883833,17246683031201323767]}
{"op":"C","status":"READY","cmp":1,"lhs":[0,0,2,12698022150571505413,7162986481982512633,6205626898954242515,14504839872408007598,2605405405805958144],"rhs":[0,0,2,12698022150571505413,7162986481982512633,6205626898954242515,14504839872408007598,2605405405805958144]}
{"op":"C","status":"READY","cmp":-1,"lhs":[0,0,1,2679720435408775464,4291604343710429150,5544885215171797697,6718058843016937382,2557105879429323776],"rhs":[0,0,1,2679720435408775464,4291604343710429150,5544885215171797697,6718058843016937382,2557105879429323776]}
{"op":"C","status":"READY","cmp":-1,"lhs":[0,0,0,1175645461757556330,18210891513568547548,10609231395499742385,17318515713603791906,3754970641689828000],"rhs":[0,0,0,1175645461757556330,18210891513568547548,10609231395499742385,17318515713603791906,3754970641689828000]}
{"op":"C","status":"READY","cmp":1,"lhs":[0,0,1,92269380344416234,219200877467726797,795008211837023129,8043198657140149525,3827000757983330214],"rhs":[0,0,1,92269380344416234,219200877467726797,795008211837023129,8043198657140149525,3827000757983330214]}
{"op":"C","status":"READY","cmp":-1,"lhs":[0,0,4,17062453965272164823,14620470545173674675,8976303312873160640,16766299978618238936,15121176077570745802],"rhs":[0,0,4,17062453965272164823,14620470545173674675,8976303312873160640,16766299978618238936,15121176077570745802]}
{"op":"C","status":"READY","cmp":1,"lhs":[0,0,0,5396053654028422910,9310700210103638152,5755063627732900620,6804953500972653999,9944668589675602029],"rhs":[0,0,0,5396053654028422910,9310700210103638152,5755063627732900620,6804953500972653999,9944668589675602029]}
{"op":"C","status":"READY","cmp":0,"lhs":[0,0,0,1436764328796437974,15590321416439903926,4583082932058318644,3960257455549944251,15484962546006517521],"rhs":[0,0,0,1436764328796437974,15590321416439903926,4583082932058318644,3960257455549944251,15484962546006517521]}
{"op":"C","status":"READY","cmp":0,"lhs":[0,0,3,13931078096715615137,12418570602053023227,4576637404264094523,18144594864983755646,7904410967777249450],"rhs":[0,0,3,13931078096715615137,12418570602053023227,4576637404264094523,18144594864983755646,7904410967777249450]}
{"op":"C","status":"READY","cmp":1,"lhs":[0,0,0,2838769195913510196,15565705700643943794,2688094687240192516,6737247620048254110,3919019978529056784],"rhs":[0,0,0,2838769195913510196,15565705700643943794,2688094687240192516,6737247620048254110,3919019978529056784]}
{"op":"C","status":"READY","cmp":0,"lhs":[0,0,0,188273203361001960,6307151870366967750,2178533859915237226,1653067749609437209,5117710151028747864],"rhs":[0,0,0,188273203361001960,6307151870366967750,2178533859915237226,1653067749609437209,5117710151028747864]}
{"op":"C","status":"READY","cmp":0,"lhs":[0,0,6,16157522393956304145,9362523384781158470,15136934403053538222,7164927967623191576,5094670041659324861],"rhs":[0,0,6,16157522393956304145,9362523384781158470,15136934403053538222,7164927967623191576,5094670041659324861]}
{"op":"C","status":"READY","cmp":0,"lhs":[0,0,1,6396772599880745862,5107721316322180406,3784475496719147088,6806072312183067193,9300660238213577972],"rhs":[0,0,1,6396772599880745862,5107721316322180406,3784475496719147088,6806072312183067193,9300660238213577972]}
{"op":"C","status":"READY","cmp":0,"lhs":[0,0,0,4088033676640008439,7655181775910359208,12168243342626536013,372688611655469195,6153929163003230720],"rhs":[0,0,0,4088033676640008439,7655181775910359208,12168243342626536013,372688611655469195,6153929163003230720]}
{"op":"C","status":"READY","cmp":1,"lhs":[0,0,0,14145284821136611990,9002405644704557466,13809925619741997451,4865561021956759756,6712732112239491238],"rhs":[0,0,0,14145284821136611990,9002405644704557466,13809925619741997451,4865561021956759756,6712732112239491238]}
{"op":"C","status":"READY","cmp":0,"lhs":[0,0,4,48146249359446901,3590518412715086022,1859410352450440842,8510045910847999521,1244830865042791860],"rhs":[0,0,4,48146249359446901,3590518412715086022,1859410352450440842,8510045910847999521,1244830865042791860]}
{"op":"C","status":"READY","cmp":-1,"lhs":[0,0,0,4235021884106078538,10148122690610913075,17919209151923451743,14052680306361696769,3179225378140769232],"rhs":[0,0,0,4235021884106078538,10148122690610913075,17919209151923451743,14052680306361696769,3179225378140769232]}
{"op":"C","status":"READY","cmp":0,"lhs":[0,0,1,7752109866319167996,10896929351259280949,12926502549600326290,14456055324337074399,86463293517544556],"rhs":[0,0,1,7752109866319167996,10896929351259280949,12926502549600326290,14456055324337074399,86463293517544556]}
{"op":"C","status":"READY","cmp":1,"lhs":[0,0,0,9720325794206518950,14551084544335412354,18256058011287481551,3943341390962107262,3350032159069449743],"rhs":[0,0,0,9720325794206518950,14551084544335412354,18256058011287481551,3943341390962107262,3350032159069449743]}
{"op":"C","status":"READY","cmp":0,"lhs":[0,0,0,108410765484052543,585077500331199276,16242253260192928035,3622596726454235300,17225774569605803392],"rhs":[0,0,0,108410765484052543,585077500331199276,16242253260192928035,3622596726454235300,17225774569605803392]}
{"op":"C","status":"READY","cmp":0,"lhs":[0,0,0,11661045264856088780,13169155106288844525,106566575771411139,6781141204572197218,2113204508858734788],"rhs":[0,0,0,11661045264856088780,13169155106288844525,106566575771411139,6781141204572197218,2113204508858734788]}
{"op":"C","status":"READY","cmp":0,"lhs":[0,0,3,12181544028004928217,15101196266777551884,15768474302041524329,15033666040143092464,3629781706088680224],"rhs":[0,0,3,12181544028004928217,15101196266777551884,15768474302041524329,15033666040143092464,3629781706088680224]}
{"op":"C","status":"READY","cmp":0,"lhs":[0,0,1,13142054238561592145,15880923052270890178,16995657710294909107,16347539763904733026,5102964947266519344],"rhs":[0,0,1,13142054238561592145,15880923052270890178,16995657710294909107,16347539763904733026,5102964947266519344]}
{"op":"C","status":"READY","cmp":-1,"lhs":[0,0,1,5379523026435993660,16383885002468262431,4005570406909924078,13887625460649344335,9119576044146710170],"rhs":[0,0,1,5379523026435993660,16383885002468262431,4005570406909924078,13887625460649344335,9119576044146710170]}
{"op":"C","status":"READY","cmp":0,"lhs":[0,0,0,6702263921491813141,10145897411384957115,3598614028758132293,1181640942195096781,2114330991171909128],"rhs":[0,0,0,6702263921491813141,10145897411384957115,3598614028758132293,1181640942195096781,2114330991171909128]}
{"op":"C","status":"READY","cmp":0,"lhs":[0,0,10,12649475977079742248,15298795019025641266,5881221704869518766,15733704293796009585,16978487687159360200],"rhs":[0,0,10,12649475977079742248,15298795019025641266,5881221704869518766,15733704293796009585,16978487687159360200]}
{"op":"C","status":"READY","cmp":1,"lhs":[0,0,0,2769375334626272045,17747410078663203578,10615034246526640787,10595237207434930781,11467694104538473774],"rhs":[0,0,0,2769375334626272045,17747410078663203578,10615034246526640787,10595237207434930781,11467694104538473774]}
{"op":"C","status":"READY","cmp":0,"lhs":[0,0,3,11375209709720242832,13842571961950432989,5489909816899968816,1371431117983872428,17182796383577766144],"rhs":[0,0,3,11375209709720242832,13842571961950432989,5489909816899968816,1371431117983872428,17182796383577766144]}
{"op":"C","status":"READY","cmp":0,"lhs":[0,0,1,17196266744771601687,3725700727439973934,507346242493315772,7535166252907208371,2027953916247687040],"rhs":[0,0,1,17196266744771601687,3725700727439973934,507346242493315772,7535166252907208371,2027953916247687040]}
{"op":"C","status":"READY","cmp":1,"lhs":[0,0,0,1289567448037899759,11765906106285483823,4186649470620593835,6892328876721972802,13431713953766669152],"rhs":[0,0,0,1289567448037899759,11765906106285483823,4186649470620593835,6892328876721972802,13431713953766669152]}
{"op":"C","status":"READY","cmp":0,"lhs":[0,0,1,7094342308898111012,11286714500596010137,6251093307403016880,1498356967588176504,5714240373075161216],"rhs":[0,0,1,7094342308898111012,11286714500596010137,6251093307403016880,1498356967588176504,5714240373075161216]}
{"op":"C","status":"READY","cmp":-1,"lhs":[0,0,2,11309069930512639690,16893416050800355496,17298881120194409767,16920728174942370374,8309321468518444288],"rhs":[0,0,2,11309069930512639690,16893416050800355496,17298881120194409767,16920728174942370374,8309321468518444288]}
{"op":"C","status":"READY","cmp":0,"lhs":[0,0,0,5193771315227586374,11782901330243014223,15269329861390958968,13227878884585555492,5887372349332358824],"rhs":[0,0,0,5193771315227586374,11782901330243014223,15269329861390958968,13227878884585555492,5887372349332358824]}
{"op":"C","status":"READY","cmp":-1,"lhs":[0,0,5,9552903375811526873,11905017608304030614,8052748989246731970,12569876631386139557,14880137738834496296],"rhs":[0,0,5,9552903375811526873,11905017608304030614,8052748989246731970,12569876631386139557,14880137738834496296]}
{"op":"C","status":"READY","cmp":1,"lhs":[0,0,3,15313898182778342397,14555555973509836231,1262166766794188995,7614263631681101010,13831035885589728784],"rhs":[0,0,3,15313898182778342397,14555555973509836231,1262166766794188995,7614263631681101010,13831035885589728784]}
{"op":"C","status":"READY","cmp":1,"lhs":[0,0,1,7112019502150412843,2243570935025377978,15158377752539151184,17672170452044914960,13932043269109681248],"rhs":[0,0,1,7112019502150412843,2243570935025377978,15158377752539151184,17672170452044914960,13932043269109681248]}
{"op":"C","status":"READY","cmp":0,"lhs":[0,0,0,4254734866095798158,9662835815137664697,17658253513828492251,11814543047288566326,14134449357411599872],"rhs":[0,0,0,4254734866095798158,9662835815137664697,17658253513828492251,11814543047288566326,14134449357411599872]}
{"op":"C","status":"READY","cmp":-1,"lhs":[0,0,1,10046572794064185101,16799213012688948568,2868584683494395156,3072791958290955937,1939156908077484692],"rhs":[0,0,1,10046572794064185101,16799213012688948568,2868584683494395156,3072791958290955937,1939156908077484692]}
{"op":"C","status":"READY","cmp":0,"lhs":[0,0,0,321150376410236952,12226606081411496592,14121933833793722394,11419149294848287995,3760609312084575324],"rhs":[0,0,0,321150376410236952,12226606081411496592,14121933833793722394,11419149294848287995,3760609312084575324]}
{"op":"C","status":"READY","cmp":0,"lhs":[0,0,0,9122522770969555,13355461471113731353,18345522027097836220,8558305383801278300,16214997158102255038],"rhs":[0,0,0,9122522770969555,13355461471113731353,18345522027097836220,8558305383801278300,16214997158102255038]}
{"op":"C","status":"READY","cmp":0,"lhs":[0,0,1,678845886017204200,1062900395306650292,16729780190332843956,1336823107211961851,7516931171333411315],"rhs":[0,0,1,678845886017204200,1062900395306650292,16729780190332843956,1336823107211961851,7516931171333411315]}
{"op":"C","status":"READY","cmp":0,"lhs":[0,0,1,6890123566939573311,15188140440132989588,18071852659570190752,3384279257704107937,343506590202438614],"rhs":[0,0,1,6890123566939573311,15188140440132989588,18071852659570190752,3384279257704107937,343506590202438614]}
{"op":"C","status":"READY","cmp":0,"lhs":[0,0,0,15857152469855606869,16229534870490769785,214899645955043417,6214327513982265759,14106141962847094912],"rhs":[0,0,0,15857152469855606869,16229534870490769785,214899645955043417,6214327513982265759,14106141962847094912]}
{"op":"C","status":"READY","cmp":1,"lhs":[0,0,2,1864990587862153457,14859312007970655319,1503546596464479125,14576859081921603981,2466913016305010528],"rhs":[0,0,2,1864990587862153457,14859312007970655319,1503546596464479125,14576859081921603981,2466913016305010528]}
{"op":"C","status":"READY","cmp":0,"lhs":[0,0,3,13636983589071657092,9562602010987904315,286630780559616120,6456867027679390182,916145487547526366],"rhs":[0,0,3,13636983589071657092,9562602010987904315,286630780559616120,6456867027679390182,916145487547526366]}
{"op":"C","status":"READY","cmp":-1,"lhs":[0,0,2,11000394111141894866,1006569610378719639,1742437069678639557,7502773002052863238,14318252626613534652],"rhs":[0,0,2,11000394111141894866,1006569610378719639,1742437069678639557,7502773002052863238,14318252626613534652]}
{"op":"C","status":"READY","cmp":0,"lhs":[0,0,9,8468551848870302980,1354671822660274029,3155816870349734225,4471024241246036569,7611175094455703936],"rhs":[0,0,9,8468551848870302980,1354671822660274029,3155816870349734225,4471024241246036569,7611175094455703936]}
{"op":"C","status":"READY","cmp":1,"lhs":[0,0,0,14627489064918979398,16590322426853201563,7443913788798485362,9812681678084352459,16488512277658745728],"rhs":[0,0,0,14627489064918979398,16590322426853201563,7443913788798485362,9812681678084352459,16488512277658745728]}
{"op":"C","status":"READY","cmp":-1,"lhs":[0,0,1,4316630973076282552,17722195987073110281,20727823193274356,16675751912040284201,12444464181783854100],"rhs":[0,0,1,4316630973076282552,17722195987073110281,20727823193274356,16675751912040284201,12444464181783854100]}
{"op":"C","status":"READY","cmp":0,"lhs":[0,0,1,1243544328977742772,3362482772679330381,4890206387679168161,1359238578278105958,17630929369993894208],"rhs":[0,0,1,1243544328977742772,3362482772679330381,4890206387679168161,1359238578278105958,17630929369993894208]}
{"op":"C","status":"READY","cmp":-1,"lhs":[0,0,0,3892173365070657814,15947577785400062522,16106847296403624877,1070250093639792655,2377189691839969984],"rhs":[0,0,0,3892173365070657814,15947577785400062522,16106847296403624877,1070250093639792655,2377189691839969984]}
{"op":"C","status":"READY","cmp":-1,"lhs":[0,0,0,4134936945780462784,14937369126413569005,18284416866201069756,3808292573285701950,15893214972032282976],"rhs":[0,0,0,4134936945780462784,14937369126413569005,18284416866201069756,3808292573285701950,15893214972032282976]}
{"op":"C","status":"READY","cmp":-1,"lhs":[0,0,0,1498114563979764839,11749929109093475541,3637735819849461957,5605360173850768675,6919755167208934128],"rhs":[0,0,0,1498114563979764839,11749929109093475541,3637735819849461957,5605360173850768675,6919755167208934128]}
{"op":"C","status":"READY","cmp":0,"lhs":[0,0,0,4088680713372220540,18178973063863270658,9667607799199246715,14172576640605173541,16180391512026619528],"rhs":[0,0,0,4088680713372220540,18178973063863270658,9667607799199246715,14172576640605173541,16180391512026619528]}
{"op":"C","status":"READY","cmp":-1,"lhs":[0,0,0,7690598545832350387,14761883416342346586,2917349740947066318,12796113544745761755,4026116876076042116],"rhs":[0,0,0,7690598545832350387,14761883416342346586,2917349740947066318,12796113544745761755,4026116876076042116]}
{"op":"C","status":"READY","cmp":0,"lhs":[0,0,0,541047270949599977,16349234760301103513,16261607455118262186,16050831959528664368,13141216104480419896],"rhs":[0,0,0,541047270949599977,16349234760301103513,16261607455118262186,16050831959528664368,13141216104480419896]}
{"op":"C","status":"READY","cmp":0,"lhs":[0,0,0,101339062271975506,16916178685546338971,18193316522402000431,4168536192178218214,9435637002332688583],"rhs":[0,0,0,101339062271975506,16916178685546338971,18193316522402000431,4168536192178218214,9435637002332688583]}
{"op":"C","status":"READY","cmp":1,"lhs":[0,0,0,925403805065685235,9286933860044215704,14876573968178644584,8903250095775039236,11576288383977392640],"rhs":[0,0,0,925403805065685235,9286933860044215704,14876573968178644584,8903250095775039236,11576288383977392640]}
{"op":"C","status":"READY","cmp":0,"lhs":[0,0,0,489102565654279865,16462600821044809827,18061558320605829623,1261301062232411600,374334257719877010],"rhs":[0,0,0,489102565654279865,16462600821044809827,18061558320605829623,1261301062232411600,374334257719877010]}
{"op":"C","status":"READY","cmp":0,"lhs":[0,0,1,7519230932850752276,18357888404254718626,12658126504641302230,9351295947651657425,9272723070764845208],"rhs":[0,0,1,7519230932850752276,18357888404254718626,12658126504641302230,9351295947651657425,9272723070764845208]}
{"op":"C","status":"READY","cmp":-1,"lhs":[0,0,0,15995720535842708270,17306888986775511776,9473728041217463781,13127976518857195529,9086455213582562569],"rhs":[0,0,0,15995720535842708270,17306888986775511776,9473728041217463781,13127976518857195529,9086455213582562569]}
{"op":"C","status":"READY","cmp":0,"lhs":[0,0,1,812742809213098238,11772828120190200861,243140997150841344,4992220064209307346,11819508619172248436],"rhs":[0,0,1,812742809213098238,11772828120190200861,243140997150841344,4992220064209307346,11819508619172248436]}
{"op":"C","status":"READY","cmp":0,"lhs":[0,0,4,3058696745941000193,3384936543118006866,7483180826439483011,4156736645280696406,14895422494532660753],"rhs":[0,0,4,3058696745941000193,3384936543118006866,7483180826439483011,4156736645280696406,14895422494532660753]}
{"op":"C","status":"READY","cmp":0,"lhs":[0,0,1,10789319209150658743,15931035429886579890,13314271037280615213,2911039432804088939,15128361608741903009],"rhs":[0,0,1,10789319209150658743,15931035429886579890,13314271037280615213,2911039432804088939,15128361608741903009]}
{"op":"C","status":"READY","cmp":0,"lhs":[0,0,0,5188914311395154491,6331676722241205183,15083008938522613933,14392010049043272578,11329551144613684288],"rhs":[0,0,0,5188914311395154491,6331676722241205183,15083008938522613933,14392010049043272578,11329551144613684288]}
{"op":"C","status":"READY","cmp":-1,"lhs":[0,0,0,1357432692935601637,13407466261143828075,17820762621312350248,7700505428024912526,4242903777969529870],"rhs":[0,0,0,1357432692935601637,13407466261143828075,17820762621312350248,7700505428024912526,4242903777969529870]}
{"op":"C","status":"READY","cmp":0,"lhs":[0,0,2,8501681895672063598,16735594690848583706,3692476550807978286,171298051291040218,17162994535047851457],"rhs":[0,0,2,8501681895672063598,16735594690848583706,3692476550807978286,171298051291040218,17162994535047851457]}
{"op":"C","status":"READY","cmp":0,"lhs":[0,0,0,5209311521489267834,3814450079282601617,1674756395662865104,15937537988453834181,13385291516303141968],"rhs":[0,0,0,5209311521489267834,3814450079282601617,1674756395662865104,15937537988453834181,13385291516303141968]}
{"op":"C","status":"READY","cmp":0,"lhs":[0,0,3,5852473281598797090,9460298318273804799,2306184394014305083,14763456642262417758,4788317171493193292],"rhs":[0,0,3,5852473281598797090,9460298318273804799,2306184394014305083,14763456642262417758,4788317171493193292]}
{"op":"C","status":"READY","cmp":0,"lhs":[0,0,1,15937095538296044937,6555367509043755119,1076891741740980351,16041130566755784353,4711030020109461648],"rhs":[0,0,1,15937095538296044937,6555367509043755119,1076891741740980351,16041130566755784353,4711030020109461648]}
{"op":"C","status":"READY","cmp":1,"lhs":[0,0,3,3115330334720661332,7425897943675120545,2258117683115555639,416933237988579300,6160773279189023441],"rhs":[0,0,3,3115330334720661332,7425897943675120545,2258117683115555639,416933237988579300,6160773279189023441]}
{"op":"C","status":"READY","cmp":1,"lhs":[0,0,0,28100889837592889,13041310554233954540,5972975158052126101,13313925718999342168,16945315657773696768],"rhs":[0,0,0,28100889837592889,13041310554233954540,5972975158052126101,13313925718999342168,16945315657773696768]}
{"op":"C","status":"READY","cmp":-1,"lhs":[0,0,0,1183005579307439753,1774719940527074450,13101370829562199317,7457743910971558138,3748080813568343332],"rhs":[0,0,0,1183005579307439753,1774719940527074450,13101370829562199317,7457743910971558138,3748080813568343332]}
{"op":"C","status":"READY","cmp":0,"lhs":[0,0,0,2081020489730908792,5542001911769783130,2688757673573794612,16063208608472488779,10305445722476010292],"rhs":[0,0,0,2081020489730908792,5542001911769783130,2688757673573794612,16063208608472488779,10305445722476010292]}
{"op":"C","status":"READY","cmp":1,"lhs":[0,0,0,757019016185996085,10231951043259315739,9319911945228135205,18391426807531813627,17410586293762898532],"rhs":[0,0,0,757019016185996085,10231951043259315739,9319911945228135205,18391426807531813627,17410586293762898532]}
{"op":"C","status":"READY","cmp":-1,"lhs":[0,0,0,9537553985934825791,2284541270173397274,1279367695544056888,18060417351609175497,10265281338586472504],"rhs":[0,0,0,9537553985934825791,2284541270173397274,1279367695544056888,18060417351609175497,10265281338586472504]}
{"op":"C","status":"READY","cmp":1,"lhs":[0,0,0,4052807221285380043,3906992408438337718,12001466670954350010,3238920335053452924,7085155483463576368],"rhs":[0,0,0,4052807221285380043,3906992408438337718,12001466670954350010,3238920335053452924,7085155483463576368]}
{"op":"C","status":"READY","cmp":-1,"lhs":[0,0,0,100283656717601102,11592076781078493094,8162150298279726966,16547422088040409029,7383376354811328129],"rhs":[0,0,0,100283656717601102,11592076781078493094,8162150298279726966,16547422088040409029,7383376354811328129]}
{"op":"C","status":"READY","cmp":-1,"lhs":[0,0,1,666424315835288189,7337577782651482077,13748026610475024035,13748731635668089047,9013097471228600108],"rhs":[0,0,1,666424315835288189,7337577782651482077,13748026610475024035,13748731635668089047,9013097471228600108]}
{"op":"C","status":"READY","cmp":-1,"lhs":[0,0,0,6914343124049332456,13988825823628589141,13190221591942230171,12758330323821761152,9484871150423264832],"rhs":[0,0,0,6914343124049332456,13988825823628589141,13190221591942230171,12758330323821761152,9484871150423264832]}
{"op":"C","status":"READY","cmp":-1,"lhs":[0,0,0,8871735392886967328,2723507804588664503,5007796175538469014,5972914572993331224,6801742571220049712],"rhs":[0,0,0,8871735392886967328,2723507804588664503,5007796175538469014,5972914572993331224,6801742571220049712]}
{"op":"C","status":"READY","cmp":0,"lhs":[0,0,0,5069426779917073532,9696001107703513711,410778458578879823,16821425940477637647,1531501187616602476],"rhs":[0,0,0,5069426779917073532,9696001107703513711,410778458578879823,16821425940477637647,1531501187616602476]}
{"op":"C","status":"READY","cmp":1,"lhs":[0,0,0,501143295293684320,15882858656706580961,184131717472989869,6598831970169726663,5780711069730193696],"rhs":[0,0,0,501143295293684320,15882858656706580961,184131717472989869,6598831970169726663,5780711069730193696]}
{"op":"C","status":"READY","cmp":1,"lhs":[0,0,1,16416588513661127964,15961100267252256051,1343994629526640525,3309298784780221938,4241508654764973116],"rhs":[0,0,1,16416588513661127964,15961100267252256051,1343994629526640525,3309298784780221938,4241508654764973116]}
{"op":"C","status":"READY","cmp":0,"lhs":[0,0,0,8921167224445007514,788454441976160201,13665319284378309745,13199212959577511710,6911944172058412184],"rhs":[0,0,0,8921167224445007514,788454441976160201,13665319284378309745,13199212959577511710,6911944172058412184]}
{"op":"C","status":"READY","cmp":0,"lhs":[0,0,0,6826750089091270577,17731935476660801186,9162202673865807297,13602909208871469365,15904506599932782720],"rhs":[0,0,0,6826750089091270577,17731935476660801186,9162202673865807297,13602909208871469365,15904506599932782720]}
{"op":"C","status":"READY","cmp":-1,"lhs":[0,0,0,7229547500654329841,13771313120682319642,17950817790440039081,9472251948929310223,2711909675500847424],"rhs":[0,0,0,7229547500654329841,13771313120682319642,17950817790440039081,9472251948929310223,2711909675500847424]}
{"op":"C","status":"READY","cmp":0,"lhs":[0,0,6,229751435091453529,10366277705261933233,4668557039083985696,2794506215462613722,17039084448064949754],"rhs":[0,0,6,229751435091453529,10366277705261933233,4668557039083985696,2794506215462613722,17039084448064949754]}
{"op":"C","status":"READY","cmp":0,"lhs":[0,0,4,5383006218256315943,332855028664868490,7102498815067174920,16348898573214841841,17351961479772654016],"rhs":[0,0,4,5383006218256315943,332855028664868490,7102498815067174920,16348898573214841841,17351961479772654016]}
{"op":"C","status":"READY","cmp":-1,"lhs":[0,0,2,11583121984802924940,14892852061778962028,992967195147095951,16631319441848546557,13637433840514909688],"rhs":[0,0,2,11583121984802924940,14892852061778962028,992967195147095951,16631319441848546557,13637433840514909688]}
{"op":"C","status":"READY","cmp":1,"lhs":[0,0,0,5389180582994954210,13920769192927120966,3923823602727950708,31601780134825096,8730091747680145072],"rhs":[0,0,0,5389180582994954210,13920769192927120966,3923823602727950708,31601780134825096,8730091747680145072]}
{"op":"C","status":"READY","cmp":1,"lhs":[0,0,2,1291245574096311864,4822312567303769822,13595286068643059617,4839304119190669981,4591007177009676456],"rhs":[0,0,2,1291245574096311864,4822312567303769822,13595286068643059617,4839304119190669981,4591007177009676456]}
{"op":"C","status":"READY","cmp":0,"lhs":[0,0,1,10917108998608512388,7384502172893788528,6144222721896597691,4965867923071260508,16104481694638272285],"rhs":[0,0,1,10917108998608512388,7384502172893788528,6144222721896597691,4965867923071260508,16104481694638272285]}
{"op":"C","status":"READY","cmp":0,"lhs":[0,0,1,7301759659592482754,8302014893928015340,10937811764473725272,3124968400944608561,7259751441171608568],"rhs":[0,0,1,7301759659592482754,8302014893928015340,10937811764473725272,3124968400944608561,7259751441171608568]}
{"op":"C","status":"READY","cmp":0,"lhs":[0,0,3,473535215972935654,16654976442597106156,1946491568198067792,2687085368993543153,12810171290891617800],"rhs":[0,0,3,473535215972935654,16654976442597106156,1946491568198067792,2687085368993543153,12810171290891617800]}
{"op":"C","status":"READY","cmp":-1,"lhs":[0,0,6,12604553447316766945,8699194352540299327,6082532218220346117,7370545898151449447,13784827153536741932],"rhs":[0,0,6,12604553447316766945,8699194352540299327,6082532218220346117,7370545898151449447,13784827153536741932]}
{"op":"C","status":"READY","cmp":-1,"lhs":[0,0,1,8758346892220128234,14903423683216611203,11851229961857148758,4506260524369044205,9724379676099750234],"rhs":[0,0,1,8758346892220128234,14903423683216611203,11851229961857148758,4506260524369044205,9724379676099750234]}
{"op":"C","status":"READY","cmp":-1,"lhs":[0,0,0,841032358315627816,116272994818297532,1132576057842691198,11372675738435167919,6771758633700620040],"rhs":[0,0,0,841032358315627816,116272994818297532,1132576057842691198,11372675738435167919,6771758633700620040]}
{"op":"C","status":"READY","cmp":1,"lhs":[0,0,13,618978881332073216,17870759014367671017,14550611065412723083,11633496904004322329,12765490933923901812],"rhs":[0,0,13,618978881332073216,17870759014367671017,14550611065412723083,11633496904004322329,12765490933923901812]}
{"op":"C","status":"READY","cmp":0,"lhs":[0,0,6,9552163594728241030,10793803760937402021,6896897470751023239,13148103918044736334,13818587017785513800],"rhs":[0,0,6,9552163594728241030,10793803760937402021,6896897470751023239,13148103918044736334,13818587017785513800]}
{"op":"C","status":"READY","cmp":-1,"lhs":[0,0,1,15853081615181437932,8631293105704060247,8196171484793567949,7563726434670031935,12970126444827824128],"rhs":[0,0,1,15853081615181437932,8631293105704060247,8196171484793567949,7563726434670031935,12970126444827824128]}
{"op":"C","status":"READY","cmp":0,"lhs":[0,0,0,595347601420359610,18340624946538468828,1245504450462658790,2898582701695986928,4740088406905291034],"rhs":[0,0,0,595347601420359610,18340624946538468828,1245504450462658790,2898582701695986928,4740088406905291034]}
{"op":"C","status":"READY","cmp":0,"lhs":[0,0,0,2695639369269850150,3660573607808468968,8165479226066826886,4897057294980000098,17520894431654092408],"rhs":[0,0,0,2695639369269850150,3660573607808468968,8165479226066826886,4897057294980000098,17520894431654092408]}
{"op":"C","status":"READY","cmp":1,"lhs":[0,0,1,7778244379687822423,9788600438259018879,8681645509535858899,8372922205534425348,13931188943479135650],"rhs":[0,0,1,7778244379687822423,9788600438259018879,8681645509535858899,8372922205534425348,13931188943479135650]}
{"op":"C","status":"READY","cmp":1,"lhs":[0,0,1,7241337913381601433,18054468975835789588,11169963020594604206,7751296707653291196,7271487010543350032],"rhs":[0,0,1,7241337913381601433,18054468975835789588,11169963020594604206,7751296707653291196,7271487010543350032]}
{"op":"C","status":"READY","cmp":1,"lhs":[0,0,4,15186250984642150430,2963966628833890173,10594094241145768768,6805692935530119158,6850495094307359823],"rhs":[0,0,4,15186250984642150430,2963966628833890173,10594094241145768768,6805692935530119158,6850495094307359823]}
{"op":"C","status":"READY","cmp":0,"lhs":[0,0,1,9264212589356862089,190010512378105555,17098509507578936181,16865151687904123787,9306162346272988512],"rhs":[0,0,1,9264212589356862089,190010512378105555,17098509507578936181,16865151687904123787,9306162346272988512]}
{"op":"C","status":"READY","cmp":1,"lhs":[0,0,2,10939465617878349408,10675003109164565014,17356788587818163633,12485071115518216429,16414375113810402048],"rhs":[0,0,2,10939465617878349408,10675003109164565014,17356788587818163633,12485071115518216429,16414375113810402048]}
{"op":"C","status":"READY","cmp":0,"lhs":[0,0,3,10088455715099515568,12215008319721280028,11419049489640323741,2816712772033741441,811891131370691364],"rhs":[0,0,3,10088455715099515568,12215008319721280028,11419049489640323741,2816712772033741441,811891131370691364]}
{"op":"C","status":"READY","cmp":0,"lhs":[0,0,1,6461793840392464258,13690657447749371711,10775425523029003587,10352090095170961610,11013310596820758648],"rhs":[0,0,1,6461793840392464258,13690657447749371711,10775425523029003587,10352090095170961610,11013310596820758648]}
{"op":"C","status":"READY","cmp":0,"lhs":[0,0,1,14914671155792895019,435366926253210331,8901084359306161380,16051119027787270118,7771088220231262360],"rhs":[0,0,1,14914671155792895019,435366926253210331,8901084359306161380,16051119027787270118,7771088220231262360]}
{"op":"C","status":"READY","cmp":0,"lhs":[0,0,11,8779719424822725263,6271415273154572309,12789549493216818673,2771327413211315173,15823610822604490016],"rhs":[0,0,11,8779719424822725263,6271415273154572309,12789549493216818673,2771327413211315173,15823610822604490016]}
{"op":"C","status":"READY","cmp":-1,"lhs":[0,0,2,13369012985202994569,13920031290642660851,8968687499468553580,1655872714833170170,18099221425208019852],"rhs":[0,0,2,13369012985202994569,13920031290642660851,8968687499468553580,1655872714833170170,18099221425208019852]}
{"op":"C","status":"READY","cmp":0,"lhs":[0,0,2,14343155913324803085,17281636480676347413,432968926656649646,17972527788313414905,7153924713216637184],"rhs":[0,0,2,14343155913324803085,17281636480676347413,432968926656649646,17972527788313414905,7153924713216637184]}
{"op":"C","status":"READY","cmp":1,"lhs":[0,0,1,1162535533219960549,4032927296016759419,722482573647808287,13011726040200032177,18017390967638045832],"rhs":[0,0,1,1162535533219960549,4032927296016759419,722482573647808287,13011726040200032177,18017390967638045832]}
{"op":"C","status":"READY","cmp":-1,"lhs":[0,0,4,5521290288775763490,6834621809158034123,3374902047494786272,4302151423981773447,6149140541589582464],"rhs":[0,0,4,5521290288775763490,6834621809158034123,3374902047494786272,4302151423981773447,6149140541589582464]}
{"op":"C","status":"READY","cmp":0,"lhs":[0,0,2,5194451915564606315,16080086601642992578,10434590928019594347,18238254290832109449,12589239680648411904],"rhs":[0,0,2,5194451915564606315,16080086601642992578,10434590928019594347,18238254290832109449,12589239680648411904]}
{"op":"C","status":"READY","cmp":0,"lhs":[0,0,0,9618407291791402765,8862854707461849862,1287199700056156111,6135532756085196779,9960505761091749856],"rhs":[0,0,0,9618407291791402765,8862854707461849862,1287199700056156111,6135532756085196779,9960505761091749856]}
{"op":"C","status":"READY","cmp":-1,"lhs":[0,0,10,11786277845999836695,13890243264908045251,5328396657971235756,16776017343825543243,14710105878322054912],"rhs":[0,0,10,11786277845999836695,13890243264908045251,5328396657971235756,16776017343825543243,14710105878322054912]}
{"op":"C","status":"READY","cmp":0,"lhs":[0,0,0,3752209504562704241,4379007531434325108,2488198159531153142,3691845014710103403,16737607767344432096],"rhs":[0,0,0,3752209504562704241,4379007531434325108,2488198159531153142,3691845014710103403,16737607767344432096]}
{"op":"C","status":"READY","cmp":1,"lhs":[0,0,3,11798278424627315911,11616974412727164448,6135119357972362298,18264843761373463377,7225185205207599923],"rhs":[0,0,3,11798278424627315911,11616974412727164448,6135119357972362298,18264843761373463377,7225185205207599923]}
{"op":"C","status":"READY","cmp":-1,"lhs":[0,0,1,377028235374118767,1223607910116963414,7322645549012252260,5590618943582186355,813390073297394608],"rhs":[0,0,1,377028235374118767,1223607910116963414,7322645549012252260,5590618943582186355,813390073297394608]}
{"op":"C","status":"READY","cmp":0,"lhs":[0,0,3,13031352157242855634,10417528104240874959,11395695576822063270,13700509203651176573,6135321341230033082],"rhs":[0,0,3,13031352157242855634,10417528104240874959,11395695576822063270,13700509203651176573,6135321341230033082]}
{"op":"C","status":"READY","cmp":0,"lhs":[0,0,3,2971200771148616277,326004108200750236,1386773754200469591,12972603033043262914,6533167004274373124],"rhs":[0,0,3,2971200771148616277,326004108200750236,1386773754200469591,12972603033043262914,6533167004274373124]}
{"op":"C","status":"READY","cmp":0,"lhs":[0,0,0,13252278973449803074,1719216631000840592,5497472521987973636,13752250587804159597,9471035178991174680],"rhs":[0,0,0,13252278973449803074,1719216631000840592,5497472521987973636,13752250587804159597,9471035178991174680]}
{"op":"C","status":"READY","cmp":0,"lhs":[0,0,1,13211436607517675106,12514154457993832998,15949243893703790483,7675159262044829832,6607038024933351078],"rhs":[0,0,1,13211436607517675106,12514154457993832998,15949243893703790483,7675159262044829832,6607038024933351078]}
{"op":"C","status":"READY","cmp":1,"lhs":[0,0,0,355969812282812061,1065415958485269674,13673750300518848030,5931339914343863949,6389918917444814212],"rhs":[0,0,0,355969812282812061,1065415958485269674,13673750300518848030,5931339914343863949,6389918917444814212]}
{"op":"C","status":"READY","cmp":0,"lhs":[0,0,0,13705578292388484423,761069539904907180,15049859201995483755,4892431185786417449,16478516287052178878],"rhs":[0,0,0,13705578292388484423,761069539904907180,15049859201995483755,4892431185786417449,16478516287052178878]}
{"op":"C","status":"READY","cmp":0,"lhs":[0,0,3,4607623730185923332,18381687524481777840,816725767670101068,433298913735460119,18418132681036008088],"rhs":[0,0,3,4607623730185923332,18381687524481777840,816725767670101068,433298913735460119,18418132681036008088]}
{"op":"C","status":"READY","cmp":0,"lhs":[0,0,1,13991560192867810329,2658787610119035602,670792589502872877,3178132493093289309,4086237588190069280],"rhs":[0,0,1,13991560192867810329,2658787610119035602,670792589502872877,3178132493093289309,4086237588190069280]}
{"op":"C","status":"READY","cmp":-1,"lhs":[0,0,0,16241515724941650366,235816558419551678,8110434377426398158,9468013185459319475,3588362879529516008],"rhs":[0,0,0,16241515724941650366,235816558419551678,8110434377426398158,9468013185459319475,3588362879529516008]}
{"op":"C","status":"READY","cmp":0,"lhs":[0,0,0,2179954348978395527,6452872368324865140,15818662374380009423,11115984775045806801,6886189199637490088],"rhs":[0,0,0,2179954348978395527,6452872368324865140,15818662374380009423,11115984775045806801,6886189199637490088]}
{"op":"C","status":"READY","cmp":0,"lhs":[0,0,1,14624324687501459369,480299026911934031,14433595691754531253,16680806312115907882,4316716843430076944],"rhs":[0,0,1,14624324687501459369,480299026911934031,14433595691754531253,16680806312115907882,4316716843430076944]}
{"op":"C","status":"READY","cmp":0,"lhs":[0,0,11,7927432191510791437,4576881396858970087,6724175460591278999,3853094215222886048,10345124114823332600],"rhs":[0,0,11,7927432191510791437,4576881396858970087,6724175460591278999,3853094215222886048,10345124114823332600]}
{"op":"C","status":"READY","cmp":0,"lhs":[0,0,0,5139921160259855966,9242834499579239721,17757129498553394457,3751097726636768402,7907741443198232384],"rhs":[0,0,0,5139921160259855966,9242834499579239721,17757129498553394457,3751097726636768402,7907741443198232384]}
{"op":"C","status":"READY","cmp":0,"lhs":[0,0,1,425082674475693772,4175797766290877570,3553916418668470714,10066935240350823589,13582907378273646752],"rhs":[0,0,1,425082674475693772,4175797766290877570,3553916418668470714,10066935240350823589,13582907378273646752]}
{"op":"C","status":"READY","cmp":0,"lhs":[0,0,2,7365715837771770526,7013445120505178867,9917637026232795078,10266991674801372953,4038218961240610064],"rhs":[0,0,2,7365715837771770526,7013445120505178867,9917637026232795078,10266991674801372953,4038218961240610064]}
{"op":"C","status":"READY","cmp":0,"lhs":[0,0,0,2467717541823778887,15327975042308150873,13057102499392068192,12059625240508256420,5226075186530074496],"rhs":[0,0,0,2467717541823778887,15327975042308150873,13057102499392068192,12059625240508256420,5226075186530074496]}
{"op":"C","status":"READY","cmp":1,"lhs":[0,0,5,6753462664391948586,9793571924135034255,17755670873192942879,5043828159700561863,2780746994454830488],"rhs":[0,0,5,6753462664391948586,9793571924135034255,17755670873192942879,5043828159700561863,2780746994454830488]}
{"op":"C","status":"READY","cmp":-1,"lhs":[0,0,8,3983258104578981632,15571530926454640910,3808942607824168898,15045308377310405051,11164221309379825856],"rhs":[0,0,8,3983258104578981632,15571530926454640910,3808942607824168898,15045308377310405051,11164221309379825856]}
{"op":"C","status":"READY","cmp":1,"lhs":[0,0,0,1983046360345654640,15554900645098412664,5842441947875293169,10270364944418524267,13603510492723173086],"rhs":[0,0,0,1983046360345654640,15554900645098412664,5842441947875293169,10270364944418524267,13603510492723173086]}
{"op":"C","status":"READY","cmp":-1,"lhs":[0,0,3,8478293495938546300,6636056742292375446,3605960838451910703,11837375416426947852,6879226485806457830],"rhs":[0,0,3,8478293495938546300,6636056742292375446,3605960838451910703,11837375416426947852,6879226485806457830]}
{"op":"C","status":"READY","cmp":1,"lhs":[0,0,4,2528047335900102834,10744110316374128625,11000342804198741991,2056185982462726913,8492170809686978218],"rhs":[0,0,4,2528047335900102834,10744110316374128625,11000342804198741991,2056185982462726913,8492170809686978218]}
{"op":"C","status":"READY","cmp":1,"lhs":[0,0,0,6539376880860722871,8601104513199617890,9206869052163617250,4428342414011462243,9235784899492159041],"rhs":[0,0,0,6539376880860722871,8601104513199617890,9206869052163617250,4428342414011462243,9235784899492159041]}
{"op":"C","status":"READY","cmp":1,"lhs":[0,0,1,17952861714342418822,4782494544880749024,2138965691762607057,2957660616998256158,3435420542030641512],"rhs":[0,0,1,17952861714342418822,4782494544880749024,2138965691762607057,2957660616998256158,3435420542030641512]}
{"op":"C","status":"READY","cmp":0,"lhs":[0,0,0,2313373833446499278,10558443774896574590,3409448669319014534,16747321503857506020,6499620284419914828],"rhs":[0,0,0,2313373833446499278,10558443774896574590,3409448669319014534,16747321503857506020,6499620284419914828]}
{"op":"C","status":"READY","cmp":0,"lhs":[0,0,1,610416014113466053,12348688845097117203,6806635369661956218,3670966697887384612,1784589181730154528],"rhs":[0,0,1,610416014113466053,12348688845097117203,6806635369661956218,3670966697887384612,1784589181730154528]}
{"op":"C","status":"READY","cmp":0,"lhs":[0,0,1,2935360050474140643,14154732601098424349,16953814567464714128,2054756615626362033,837930605182891864],"rhs":[0,0,1,2935360050474140643,14154732601098424349,16953814567464714128,2054756615626362033,837930605182891864]}
{"op":"C","status":"READY","cmp":0,"lhs":[0,0,0,9998566990458843891,302008837064891056,6517700556044966024,9249966806424319573,8754704319474795520],"rhs":[0,0,0,9998566990458843891,302008837064891056,6517700556044966024,9249966806424319573,8754704319474795520]}
{"op":"C","status":"READY","cmp":1,"lhs":[0,0,3,1240619776924298349,14499971010851269539,5059457921888067193,13765759434965737346,7068938635422182050],"rhs":[0,0,3,1240619776924298349,14499971010851269539,5059457921888067193,13765759434965737346,7068938635422182050]}
{"op":"C","status":"READY","cmp":1,"lhs":[0,0,7,11552378373462962734,15097667548518730701,408060229084131306,15141306772811658194,6281092863912416174],"rhs":[0,0,7,11552378373462962734,15097667548518730701,408060229084131306,15141306772811658194,6281092863912416174]}
{"op":"C","status":"READY","cmp":0,"lhs":[0,0,0,7004310274721201223,4741581004126154381,3309840822785207198,2164533041945638686,14550725780415378632],"rhs":[0,0,0,7004310274721201223,4741581004126154381,3309840822785207198,2164533041945638686,14550725780415378632]}
{"op":"C","status":"READY","cmp":1,"lhs":[0,0,0,13790007435700074528,15952977364137730095,9180965830831751608,2466600863158088359,5438296849118501152],"rhs":[0,0,0,13790007435700074528,15952977364137730095,9180965830831751608,2466600863158088359,5438296849118501152]}
{"op":"C","status":"READY","cmp":0,"lhs":[0,0,1,7368185680342057486,10036621659247423869,10120629390522098475,14832102147398918586,12178642492803192888],"rhs":[0,0,1,7368185680342057486,10036621659247423869,10120629390522098475,14832102147398918586,12178642492803192888]}
{"op":"C","status":"READY","cmp":0,"lhs":[0,0,0,13113211735427255763,13229672715485645070,3690590529766073527,4625493951136810110,11907165083765509040],"rhs":[0,0,0,13113211735427255763,13229672715485645070,3690590529766073527,4625493951136810110,11907165083765509040]}
{"op":"C","status":"READY","cmp":0,"lhs":[0,0,1,12538910278023869404,6425354193483015446,15604054138573375485,2464027247662669105,13966295722102417849],"rhs":[0,0,1,12538910278023869404,6425354193483015446,15604054138573375485,2464027247662669105,13966295722102417849]}
{"op":"C","status":"READY","cmp":0,"lhs":[0,0,4,2282473360913986403,308136418978432956,10165732694441345130,9968320250315722123,8146163766108321614],"rhs":[0,0,4,2282473360913986403,308136418978432956,10165732694441345130,9968320250315722123,8146163766108321614]}
{"op":"C","status":"READY","cmp":0,"lhs":[0,0,1,6685718263140762341,14669268864151722,13095719685885584687,11549350391987431417,10924769529622489917],"rhs":[0,0,1,6685718263140762341,14669268864151722,13095719685885584687,11549350391987431417,10924769529622489917]}
{"op":"C","status":"READY","cmp":0,"lhs":[0,0,0,3885837227351001569,8265186662302183673,14566145715142395334,404572702717280062,11438540295949300640],"rhs":[0,0,0,3885837227351001569,8265186662302183673,14566145715142395334,404572702717280062,11438540295949300640]}
{"op":"C","status":"READY","cmp":1,"lhs":[0,0,0,6480899643083981294,16893824671930887541,3578640608664478197,11938658047225869765,16154867288981670382],"rhs":[0,0,0,6480899643083981294,16893824671930887541,3578640608664478197,11938658047225869765,16154867288981670382]}
{"op":"C","status":"READY","cmp":1,"lhs":[0,0,2,10034501091730632200,8743342378937585082,11562501590772459577,10709079191611659694,7319973501265436640],"rhs":[0,0,2,10034501091730632200,8743342378937585082,11562501590772459577,10709079191611659694,7319973501265436640]}
{"op":"C","status":"READY","cmp":0,"lhs":[0,0,0,62892867356542767,7088821641348357648,15550475386713359632,9936819354887815926,6209169121167147298],"rhs":[0,0,0,62892867356542767,7088821641348357648,15550475386713359632,9936819354887815926,6209169121167147298]}
{"op":"C","status":"READY","cmp":0,"lhs":[0,0,2,3367745028544724788,6092027806102891167,9706886970685232482,13686764947031313455,9362994414115302480],"rhs":[0,0,2,3367745028544724788,6092027806102891167,9706886970685232482,13686764947031313455,9362994414115302480]}
{"op":"C","status":"READY","cmp":0,"lhs":[0,0,0,2184877143058499643,3506771266201538419,17367222434790140619,5960406155101015100,13620402190354119168],"rhs":[0,0,0,2184877143058499643,3506771266201538419,17367222434790140619,5960406155101015100,13620402190354119168]}
{"op":"C","status":"READY","cmp":1,"lhs":[0,0,3,16295068687626419888,12390444273991822232,15470886502873325868,8166002067068659299,14498018145769915232],"rhs":[0,0,3,16295068687626419888,12390444273991822232,15470886502873325868,8166002067068659299,14498018145769915232]}
{"op":"C","status":"READY","cmp":-1,"lhs":[0,0,3,1692119994593936394,6692450208086014944,14631450555085699035,1322612935517159580,12616329788751452049],"rhs":[0,0,3,1692119994593936394,6692450208086014944,14631450555085699035,1322612935517159580,12616329788751452049]}
{"op":"C","status":"READY","cmp":0,"lhs":[0,0,1,17506980097561629641,2807683586538155350,12001547513928144220,9363809090204778766,14788212811746471069],"rhs":[0,0,1,17506980097561629641,2807683586538155350,12001547513928144220,9363809090204778766,14788212811746471069]}
{"op":"C","status":"READY","cmp":-1,"lhs":[0,0,11,1661724928260329587,8469731364622268654,15511719104316751442,15585224660862182324,5992795291556415108],"rhs":[0,0,11,1661724928260329587,8469731364622268654,15511719104316751442,15585224660862182324,5992795291556415108]}
{"op":"C","status":"READY","cmp":1,"lhs":[0,0,0,16237798628662200726,17945069165601509689,1287479854656686590,11941292541062380972,6395100795910565248],"rhs":[0,0,0,16237798628662200726,17945069165601509689,1287479854656686590,11941292541062380972,6395100795910565248]}
{"op":"C","status":"READY","cmp":-1,"lhs":[0,0,9,5717101205022343834,13677583717966739846,10135640696958446967,9403243934494649027,11214778618876415720],"rhs":[0,0,9,5717101205022343834,13677583717966739846,10135640696958446967,9403243934494649027,11214778618876415720]}
{"op":"C","status":"READY","cmp":-1,"lhs":[0,0,0,17448666315212840749,14519102462254631217,7125095327480879030,14342207602223294303,12069929557703411764],"rhs":[0,0,0,17448666315212840749,14519102462254631217,7125095327480879030,14342207602223294303,12069929557703411764]}
{"op":"C","status":"READY","cmp":1,"lhs":[0,0,1,16804353813996691506,14284183418614484828,4712947855139683320,11554699794639502570,728155771094089505],"rhs":[0,0,1,16804353813996691506,14284183418614484828,4712947855139683320,11554699794639502570,728155771094089505]}
{"op":"C","status":"READY","cmp":-1,"lhs":[0,0,1,14885368437016171398,7378198075669456147,13652775699441260015,8970090621078592881,3376079446431455447],"rhs":[0,0,1,14885368437016171398,7378198075669456147,13652775699441260015,8970090621078592881,3376079446431455447]}
{"op":"C","status":"READY","cmp":-1,"lhs":[0,0,0,9617283914323658396,18333770013036540164,8176609032442046215,1458647941853663187,5800717225308502848],"rhs":[0,0,0,9617283914323658396,18333770013036540164,8176609032442046215,1458647941853663187,5800717225308502848]}
{"op":"C","status":"READY","cmp":0,"lhs":[0,0,4,1863436621275739063,4961145410316105484,13275188544455942750,10988208126043949121,14152775865042354979],"rhs":[0,0,4,1863436621275739063,4961145410316105484,13275188544455942750,10988208126043949121,14152775865042354979]}
{"op":"C","status":"READY","cmp":0,"lhs":[0,0,1,7251472852878569117,16489292145968562958,12550110023328032695,2680697765421210812,15090799602181398524],"rhs":[0,0,1,7251472852878569117,16489292145968562958,12550110023328032695,2680697765421210812,15090799602181398524]}
{"op":"C","status":"READY","cmp":0,"lhs":[0,0,3,5530291227387899895,14588401241077777825,5387954755873356556,2765735625631475230,10088127604077725556],"rhs":[0,0,3,5530291227387899895,14588401241077777825,5387954755873356556,2765735625631475230,10088127604077725556]}
{"op":"C","status":"READY","cmp":-1,"lhs":[0,0,3,4857347499716531023,378442859903456420,15143434746062967917,9002892885792822922,10686262259773418580],"rhs":[0,0,3,4857347499716531023,378442859903456420,15143434746062967917,9002892885792822922,10686262259773418580]}
{"op":"C","status":"READY","cmp":-1,"lhs":[0,0,0,16676983711106784680,207671482060235944,12959196900039265375,11334837618216352410,10278916426307278640],"rhs":[0,0,0,16676983711106784680,207671482060235944,12959196900039265375,11334837618216352410,10278916426307278640]}
{"op":"C","status":"READY","cmp":-1,"lhs":[0,0,0,15435484768366991003,16011788465185645881,4656425483518749482,12360993082737541585,4333934705802297484],"rhs":[0,0,0,15435484768366991003,16011788465185645881,4656425483518749482,12360993082737541585,4333934705802297484]}
{"op":"C","status":"READY","cmp":0,"lhs":[0,0,0,4449365499970488810,18024698565602646737,7298426150823943524,1200015605738402550,14199538901709848848],"rhs":[0,0,0,4449365499970488810,18024698565602646737,7298426150823943524,1200015605738402550,14199538901709848848]}
{"op":"C","status":"READY","cmp":-1,"lhs":[0,0,0,357958542850975344,11817099210129169777,14175672313300840992,2039690151355084136,4968221797665492996],"rhs":[0,0,0,357958542850975344,11817099210129169777,14175672313300840992,2039690151355084136,4968221797665492996]}
{"op":"C","status":"READY","cmp":0,"lhs":[0,0,0,1709931907992782973,5407061151255667918,12398365997853404811,6652801658628334251,14454800388194943008],"rhs":[0,0,0,1709931907992782973,5407061151255667918,12398365997853404811,6652801658628334251,14454800388194943008]}
{"op":"C","status":"READY","cmp":0,"lhs":[0,0,0,2895848286970293203,3038387353361129604,16281744141210933538,5670956982838869618,17467371313460924416],"rhs":[0,0,0,2895848286970293203,3038387353361129604,16281744141210933538,5670956982838869618,17467371313460924416]}
{"op":"C","status":"READY","cmp":1,"lhs":[0,0,0,11492508829416665434,1468332753498730759,839523934289291850,12372885593203229790,5952545870058418972],"rhs":[0,0,0,11492508829416665434,1468332753498730759,839523934289291850,12372885593203229790,5952545870058418972]}
{"op":"C","status":"READY","cmp":1,"lhs":[0,0,2,17619654864452952952,11810440049036712421,14423191024509423793,6507880762623389289,6113416291400723856],"rhs":[0,0,2,17619654864452952952,11810440049036712421,14423191024509423793,6507880762623389289,6113416291400723856]}
{"op":"C","status":"READY","cmp":0,"lhs":[0,0,2,6913332033124872718,7152389894460026360,18329246460436475710,8332865634623869233,4845319874950291691],"rhs":[0,0,2,6913332033124872718,7152389894460026360,18329246460436475710,8332865634623869233,4845319874950291691]}
{"op":"C","status":"READY","cmp":1,"lhs":[0,0,0,6223129707765993925,4618365958101966572,6605190888721409282,12526845749401815393,863834124623593408],"rhs":[0,0,0,6223129707765993925,4618365958101966572,6605190888721409282,12526845749401815393,863834124623593408]}
{"op":"C","status":"READY","cmp":1,"lhs":[0,0,2,6796715964951572131,1218179463338026860,12857290284463930946,7607081242941844518,12084957838893888796],"rhs":[0,0,2,6796715964951572131,1218179463338026860,12857290284463930946,7607081242941844518,12084957838893888796]}
{"op":"C","status":"READY","cmp":0,"lhs":[0,0,0,7170145729811898361,2584952747175305924,169230355164335720,17086930535411645204,5013142957758744356],"rhs":[0,0,0,7170145729811898361,2584952747175305924,169230355164335720,17086930535411645204,5013142957758744356]}
{"op":"C","status":"READY","cmp":-1,"lhs":[0,0,8,17930176391444724380,16248989468500761843,7332052781229810603,1585515049465573131,16193717136353563680],"rhs":[0,0,8,17930176391444724380,16248989468500761843,7332052781229810603,1585515049465573131,16193717136353563680]}
{"op":"C","status":"READY","cmp":0,"lhs":[0,0,4,12324741530649348615,1375817708855505571,6881200124380583430,13111483078408797773,7641456575720209076],"rhs":[0,0,4,12324741530649348615,1375817708855505571,6881200124380583430,13111483078408797773,7641456575720209076]}
{"op":"C","status":"READY","cmp":0,"lhs":[0,0,1,3504575182491629731,10775634584161221733,2080186138387073666,10885106136986075247,7996201314364299202],"rhs":[0,0,1,3504575182491629731,10775634584161221733,2080186138387073666,10885106136986075247,7996201314364299202]}
{"op":"C","status":"READY","cmp":1,"lhs":[0,0,0,6570226746153393074,11147288558918240284,12655324294182518401,3290056181302238867,9721995786742437936],"rhs":[0,0,0,6570226746153393074,11147288558918240284,12655324294182518401,3290056181302238867,9721995786742437936]}
{"op":"C","status":"READY","cmp":0,"lhs":[0,0,0,3862589181989609284,8041282970918081989,16440510115362975654,8519875415901441471,9168967017257056600],"rhs":[0,0,0,3862589181989609284,8041282970918081989,16440510115362975654,8519875415901441471,9168967017257056600]}
{"op":"C","status":"READY","cmp":-1,"lhs":[0,0,2,1532289663433524001,4968755803838529801,16812505270722208975,13721401102759261412,12771720946875019744],"rhs":[0,0,2,1532289663433524001,4968755803838529801,16812505270722208975,13721401102759261412,12771720946875019744]}
{"op":"C","status":"READY","cmp":-1,"lhs":[0,0,0,18408376070746407707,12452789143601350334,4279628605420177788,541204786408371972,5124999722966804306],"rhs":[0,0,0,18408376070746407707,12452789143601350334,4279628605420177788,541204786408371972,5124999722966804306]}
{"op":"C","status":"READY","cmp":1,"lhs":[0,0,0,16902726372104605024,103177360696356375,1811128745592741023,15936753667340862250,5250138254042462768],"rhs":[0,0,0,16902726372104605024,103177360696356375,1811128745592741023,15936753667340862250,5250138254042462768]}
{"op":"C","status":"READY","cmp":0,"lhs":[0,0,2,3301589569159194632,11034600275992423870,13391029525250438929,6438334843706533525,10475607630385361012],"rhs":[0,0,2,3301589569159194632,11034600275992423870,13391029525250438929,6438334843706533525,10475607630385361012]}
{"op":"C","status":"READY","cmp":1,"lhs":[0,0,0,8591060241584097580,17724438879609605160,2952226939066126064,17291712755588109041,3698638443792672320],"rhs":[0,0,0,8591060241584097580,17724438879609605160,2952226939066126064,17291712755588109041,3698638443792672320]}
{"op":"C","status":"READY","cmp":-1,"lhs":[0,0,0,1756526843728083371,6876833982418978193,18220461477361107834,15891916859992732131,6644593293646902896],"rhs":[0,0,0,1756526843728083371,6876833982418978193,18220461477361107834,15891916859992732131,6644593293646902896]}
{"op":"C","status":"READY","cmp":0,"lhs":[0,0,4,2292955381707141412,6723024807062936815,4016233196764220139,16142901113926750335,3115876023956736440],"rhs":[0,0,4,2292955381707141412,6723024807062936815,4016233196764220139,16142901113926750335,3115876023956736440]}
{"op":"C","status":"READY","cmp":0,"lhs":[0,0,2,13648076988443763145,10565045835947055717,1951518398740500612,3794555840759547660,10538471958447836997],"rhs":[0,0,2,13648076988443763145,10565045835947055717,1951518398740500612,3794555840759547660,10538471958447836997]}
{"op":"C","status":"READY","cmp":0,"lhs":[0,0,0,3309085451761289255,3546402798377743879,8787816306307542045,11453995270842701494,16766442856504335744],"rhs":[0,0,0,3309085451761289255,3546402798377743879,8787816306307542045,11453995270842701494,16766442856504335744]}
{"op":"C","status":"READY","cmp":0,"lhs":[0,0,2,184357173766554352,12277574323560967569,14680084416705394854,11402692507872048342,9312034978198832808],"rhs":[0,0,2,184357173766554352,12277574323560967569,14680084416705394854,11402692507872048342,9312034978198832808]}
{"op":"C","status":"READY","cmp":1,"lhs":[0,0,0,18014071190329091186,17656464160995680137,10572773566087922331,2326169108507613961,10810412213024314196],"rhs":[0,0,0,18014071190329091186,17656464160995680137,10572773566087922331,2326169108507613961,10810412213024314196]}
{"op":"C","status":"READY","cmp":0,"lhs":[0,0,0,5102784105704799201,1436931792753506612,5129710185743985082,1846492157564379510,9430566615469201032],"rhs":[0,0,0,5102784105704799201,1436931792753506612,5129710185743985082,1846492157564379510,9430566615469201032]}
{"op":"C","status":"READY","cmp":0,"lhs":[0,0,2,2649630642653908844,9456618763781873603,10329077254152909248,12114864468402536266,1320701799484333552],"rhs":[0,0,2,2649630642653908844,9456618763781873603,10329077254152909248,12114864468402536266,1320701799484333552]}
{"op":"C","status":"READY","cmp":1,"lhs":[0,0,0,17561043209771447015,9957470514559588513,12620899500998970266,8827181010512029762,16232314019521872879],"rhs":[0,0,0,17561043209771447015,9957470514559588513,12620899500998970266,8827181010512029762,16232314019521872879]}
{"op":"C","status":"READY","cmp":0,"lhs":[0,0,0,4060206811541410380,9862081902133578251,15380482328319337941,11573315967536741730,5617279891747744848],"rhs":[0,0,0,4060206811541410380,9862081902133578251,15380482328319337941,11573315967536741730,5617279891747744848]}
{"op":"C","status":"READY","cmp":0,"lhs":[0,0,0,16847256794896776163,14190292305352647960,9206392296400177890,8329084393466078383,18028632080493822984],"rhs":[0,0,0,16847256794896776163,14190292305352647960,9206392296400177890,8329084393466078383,18028632080493822984]}
{"op":"C","status":"READY","cmp":1,"lhs":[0,0,2,2801862553424070688,13400276085292431872,1104412747456202250,7325267972268115622,11302644201119160386],"rhs":[0,0,2,2801862553424070688,13400276085292431872,1104412747456202250,7325267972268115622,11302644201119160386]}
{"op":"C","status":"READY","cmp":0,"lhs":[0,0,3,11013436091378044138,420295456344316218,13266382021195280852,9413272685952652944,14715098244594170016],"rhs":[0,0,3,11013436091378044138,420295456344316218,13266382021195280852,9413272685952652944,14715098244594170016]}
{"op":"C","status":"READY","cmp":1,"lhs":[0,0,0,18059706833834583521,4463621831588970198,11911380217707452011,11804176093290083783,10945307046031604200],"rhs":[0,0,0,18059706833834583521,4463621831588970198,11911380217707452011,11804176093290083783,10945307046031604200]}
{"op":"C","status":"READY","cmp":1,"lhs":[0,0,3,2254802432514268335,3117789950253956620,12999042849988251405,11299794436113582292,340286789114268496],"rhs":[0,0,3,2254802432514268335,3117789950253956620,12999042849988251405,11299794436113582292,340286789114268496]}
{"op":"C","status":"READY","cmp":0,"lhs":[0,0,0,18165531156048960853,8383682748656134894,14269518042786676791,2547733202554661582,1164003830783156480],"rhs":[0,0,0,18165531156048960853,8383682748656134894,14269518042786676791,2547733202554661582,1164003830783156480]}
{"op":"C","status":"READY","cmp":-1,"lhs":[0,0,1,6517337578956725009,14582889120578392842,11164478751935206483,712472364758327333,12038374761921174608],"rhs":[0,0,1,6517337578956725009,14582889120578392842,11164478751935206483,712472364758327333,12038374761921174608]}
{"op":"C","status":"READY","cmp":0,"lhs":[0,0,1,7231488261557745835,15935813919060932407,1190474422506060330,13492203837643217708,18038533460577679360],"rhs":[0,0,1,7231488261557745835,15935813919060932407,1190474422506060330,13492203837643217708,18038533460577679360]}
{"op":"C","status":"READY","cmp":0,"lhs":[0,0,0,3264269265761515133,8276439818913375966,10905011036745991502,3368817874423779083,13896975825212085792],"rhs":[0,0,0,3264269265761515133,8276439818913375966,10905011036745991502,3368817874423779083,13896975825212085792]}
{"op":"C","status":"READY","cmp":1,"lhs":[0,0,1,15071890845467395321,6049066332451131796,8128832513310666463,10813795219711515705,13716088383772369361],"rhs":[0,0,1,15071890845467395321,6049066332451131796,8128832513310666463,10813795219711515705,13716088383772369361]}
{"op":"C","status":"READY","cmp":-1,"lhs":[0,0,0,210156952395008040,4303919515540227099,6431348940647361216,63482633707997184,4248256483285289652],"rhs":[0,0,0,210156952395008040,4303919515540227099,6431348940647361216,63482633707997184,4248256483285289652]}
{"op":"C","status":"READY","cmp":1,"lhs":[0,0,0,947053940408983814,18341416409910500648,123809902474411543,13060303097442450977,17597018505551680958],"rhs":[0,0,0,947053940408983814,18341416409910500648,123809902474411543,13060303097442450977,17597018505551680958]}
{"op":"C","status":"READY","cmp":0,"lhs":[0,0,0,1409439333124005538,9372659988029643078,4331216771138778984,13617679403568900816,11054236303541874014],"rhs":[0,0,0,1409439333124005538,9372659988029643078,4331216771138778984,13617679403568900816,11054236303541874014]}
{"op":"C","status":"READY","cmp":0,"lhs":[0,0,0,165208374901963479,11549114829667194458,5650758460589106067,3161714323420380888,489981867052424248],"rhs":[0,0,0,165208374901963479,11549114829667194458,5650758460589106067,3161714323420380888,489981867052424248]}
{"op":"C","status":"READY","cmp":-1,"lhs":[0,0,2,13800515638143449499,17097955665230526320,2343477870812160395,16279707752461196670,8934831675620414958],"rhs":[0,0,2,13800515638143449499,17097955665230526320,2343477870812160395,16279707752461196670,8934831675620414958]}
{"op":"C","status":"READY","cmp":0,"lhs":[0,0,1,16485571929477515184,5892681693145053108,8359573126316948022,11825053029334295318,15328797163246891524],"rhs":[0,0,1,16485571929477515184,5892681693145053108,8359573126316948022,11825053029334295318,15328797163246891524]}
{"op":"C","status":"READY","cmp":-1,"lhs":[0,0,0,0,0,754571642229545543,7310934758220021114,7252559619929918683],"rhs":[0,0,5000775071886,12744127393858313416,4895670907230822277,7573523924073969559,14178521121155638139,6370566486511414216]}
{"op":"C","status":"READY","cmp":-1,"lhs":[0,0,0,123635263,16118273918572873565,1677648540236455830,2497585398481398120,1062329974291175628],"rhs":[0,0,4093,14874245347859054031,7332646871634123511,15735366371674297658,15889952217438197832,10305942078619777478]}
{"op":"C","status":"READY","cmp":1,"lhs":[0,434650759436176,159620781815353657,958402570547296333,10261838099340388204,13661510877641830424,6954893271755643548,12418871098437600898],"rhs":[0,0,0,0,44811043658413620,339729540585303338,7592646085514614518,8773108915635740401]}
{"op":"C","status":"READY","cmp":1,"lhs":[0,2030447,13384479044660396858,11852980531365015676,6053191833753662741,7259615283016080080,13665797553888929082,1603042390945600440],"rhs":[0,0,0,0,72283,13260834454210510343,14507563659148438415,5176461850437311044]}
{"op":"C","status":"READY","cmp":1,"lhs":[0,0,0,0,0,0,3461874270050169,11580423708258020055],"rhs":[0,0,0,0,0,0,87,4822083811315020033]}
{"op":"C","status":"READY","cmp":-1,"lhs":[0,0,0,0,0,0,275190999,8831285150390132698],"rhs":[0,9661289509937128,15486323591835598593,8557316863511487217,2770074261191019798,17125619050094900863,9107203306877516938,5473910000751565666]}
{"op":"C","status":"READY","cmp":1,"lhs":[0,0,26196675098120534,5482680568584715111,9148183172367856040,10973909693799093078,7770280265111476703,11546887624882456142],"rhs":[0,0,0,0,617,13596888083214405332,16542086594158400494,5486095444423563472]}
{"op":"C","status":"READY","cmp":1,"lhs":[0,0,0,970,619162825053598488,8480899287606929224,5039467423202938846,18004380515318802315],"rhs":[0,0,0,0,0,0,224158946577860,3471757274757190921]}
{"op":"C","status":"READY","cmp":-1,"lhs":[0,0,0,0,0,23279119801584690,325038192011889864,14281452140646902656],"rhs":[0,0,0,26317,16597730772363306059,14064312080452236525,8791848019327519571,18389388334583818214]}
{"op":"C","status":"READY","cmp":1,"lhs":[0,0,0,7344778,13729148535224438169,2297713322790354057,4422116562679877749,7382115869427632],"rhs":[0,0,0,0,0,484932952,3117079559826330376,836857881035935852]}
{"op":"C","status":"READY","cmp":1,"lhs":[0,0,0,0,3683944942153,16080658017532644097,9188806792928186251,7038673549161760111],"rhs":[0,0,0,0,0,0,0,0]}
{"op":"C","status":"READY","cmp":-1,"lhs":[0,0,0,0,173191386955963,16999369976871221348,4961253731900325824,9919664367293639114],"rhs":[0,0,0,12771960485661770,17487794669019702461,8219215717171075099,15061565731186886475,1896209317992970698]}
{"op":"C","status":"READY","cmp":-1,"lhs":[0,0,0,0,0,545956023010872,2984486302781221030,4852098004843821338],"rhs":[0,193447,4249146388145259561,16667477158997039447,5302270256305222966,3143590371993864908,9166807956490463391,633755445892791959]}
{"op":"C","status":"READY","cmp":1,"lhs":[0,0,9088882010663027399,1355912840071715331,1621938809710381411,10142382280798496784,14973508234295108833,17040660851464695581],"rhs":[0,0,0,0,61261731572,12510934740044574457,15428705065984670414,569508964124852638]}
{"op":"C","status":"READY","cmp":-1,"lhs":[0,0,0,16,18156907737072728227,8533989360871002388,313850673416031907,3773633378654003782],"rhs":[0,0,55463030,17953137671204549819,16005288053403863284,9980975481784545090,17388949348186075470,3453551422933602022]}
{"op":"C","status":"READY","cmp":-1,"lhs":[0,0,0,0,0,0,15217111418851164799,691165381742192994],"rhs":[0,0,0,0,0,11378,913714102451879489,16544787746797215998]}
{"op":"C","status":"READY","cmp":1,"lhs":[0,0,0,0,1437205442846,12353149935785437600,6089336249397442113,6054872710196464843],"rhs":[0,0,0,0,14122661315,12553258408179919350,15048314506409216094,7603716197879257924]}
{"op":"C","status":"READY","cmp":-1,"lhs":[0,0,0,0,0,273,9869176052630835479,2753713186039416040],"rhs":[0,0,1772421,2668853436804208184,13782094203577111616,11513420058430311425,12154684448314490797,8261778556726161797]}
{"op":"C","status":"READY","cmp":1,"lhs":[0,0,0,0,1,6077945783306794433,324213270558441655,5022365370003832241],"rhs":[0,0,0,0,0,0,0,52937581112389561]}
{"op":"C","status":"READY","cmp":1,"lhs":[0,0,8,2608205450902035428,15286751431944479608,9302754115770071556,5996911357022413406,18244359825775136660],"rhs":[0,0,0,0,0,0,262,16739393098200146028]}
{"op":"C","status":"READY","cmp":-1,"lhs":[0,0,0,0,2932763605,8469208244814968744,14173412002731470326,17140804028550407752],"rhs":[0,0,0,361150086028061,17861790196696688783,8071078677692432070,12899421364163391167,11266882698553176924]}
{"op":"C","status":"READY","cmp":-1,"lhs":[0,0,0,0,0,0,12413217829807,8067689935030828409],"rhs":[0,0,0,0,0,0,856813774049109,16892597627860194233]}
{"op":"C","status":"READY","cmp":1,"lhs":[0,0,0,0,0,174732136514969253,2630111306066662678,16936688965094577479],"rhs":[0,0,0,0,0,14806595575932893,14989899040765304985,9575601565601554222]}
{"op":"C","status":"READY","cmp":1,"lhs":[0,0,544231885,13837857122928436479,4054308010497772375,7978530238649605002,2947047260350583016,8352427557469353848],"rhs":[0,0,0,7263694796634981,5894836045996848150,4059990652201393793,6892610177270846059,15116694620342837]}
{"op":"C","status":"READY","cmp":1,"lhs":[0,0,0,5622691417506567,16901584075433270031,14444378071427141123,8979913189334539730,17093066755124491838],"rhs":[0,0,0,40790,12260401355428781023,4045299044218431481,9520095649265344967,7965913270817288772]}
{"op":"C","status":"READY","cmp":-1,"lhs":[0,0,0,0,0,0,0,21524916441294360],"rhs":[0,0,0,0,1601429,1438451622995719372,4907495970438460667,10248857440610874673]}
{"op":"C","status":"READY","cmp":-1,"lhs":[0,0,0,0,213506008,4594008256035107510,17644034963270407317,17968362734427745090],"rhs":[0,103738,3399919988660816871,16679708922009586433,157827176921250345,7047772721876613977,327863214016331711,7169164067837751998]}
{"op":"C","status":"READY","cmp":1,"lhs":[0,0,935,7051276442786255521,2449467173257176217,1129929209122398112,4845532945078225046,10395673983656283188],"rhs":[0,0,0,0,2352480513,46219671295276194,11677459281407548153,13169192218480922471]}
{"op":"C","status":"READY","cmp":-1,"lhs":[0,0,0,0,0,529909877,8419792950653523322,1001872060136159166],"rhs":[0,0,0,0,1895122586429,8007634664564256758,15902900148447880037,12199515541975638544]}
{"op":"C","status":"READY","cmp":1,"lhs":[0,0,0,0,6397470168198472135,7519615199545961962,16140259441984992462,13996956376463106611],"rhs":[0,0,0,0,0,0,0,0]}
{"op":"C","status":"READY","cmp":-1,"lhs":[0,0,0,0,0,486205363911,590028556348045203,4906124969550400545],"rhs":[0,0,0,0,0,212352734792702162,15210863958083319898,11567641176768684003]}
{"op":"C","status":"READY","cmp":1,"lhs":[0,0,0,38,14787723603689823942,5083466018396382281,13528375335062415171,13755741903600852009],"rhs":[0,0,0,0,5950569,14328144244666613662,10002075786809588637,11036054740544006657]}
{"op":"C","status":"READY","cmp":1,"lhs":[0,0,0,0,0,116880117110,9570948074124326189,10055228537185855218],"rhs":[0,0,0,0,0,0,5489099442554,14499159942731118986]}
{"op":"C","status":"READY","cmp":1,"lhs":[0,0,319981772,17296739472982087934,15449631620431804846,1585872597597603085,10001347656216766224,3335603312201196332],"rhs":[0,0,0,0,0,16814728312165,17993755990778149360,5872636084588284950]}
{"op":"C","status":"READY","cmp":1,"lhs":[0,0,0,0,70,16415007055520653109,3723238030140596338,16407578986067344310],"rhs":[0,0,0,0,0,0,0,2448758155720400]}
{"op":"C","status":"READY","cmp":1,"lhs":[0,2517211,13037663364346121742,16415905361502807647,10797463038853190452,12048749944170255911,10998941757381387829,5111809320466418199],"rhs":[0,501316,6175157687095935722,1979693116124509364,9974319249924608726,1493376966164489193,2420329731264242421,14636305333505456003]}
{"op":"C","status":"READY","cmp":-1,"lhs":[0,0,0,0,0,0,142148539,3604093540344152043],"rhs":[0,607500,7894914695053892215,11474355670028558481,2206917671574001977,5011509529835677217,16711246119456071757,12908791682981431598]}
{"op":"C","status":"READY","cmp":-1,"lhs":[0,0,0,0,24510,16112600374538085248,10020765550528557005,6975547870849468608],"rhs":[0,0,0,552915988396917,319554217032500936,306318756816743721,7179917361645013983,8253441418603781008]}
{"op":"C","status":"READY","cmp":1,"lhs":[0,4758941,2149601301039073115,14188375619952352544,8682752103675747014,15694634080602177985,14656129064439629860,3541306092803364611],"rhs":[0,0,21,10595412486701349712,14990228133177012295,6182408142713360661,6587284565533099367,8872620815296657484]}
{"op":"C","status":"READY","cmp":1,"lhs":[0,0,3855,16006153825402563922,15487326370541699254,5943288583652666936,16646158526857813957,2294951284485990754],"rhs":[0,0,0,0,970673706860078748,15074695477502073389,16001883075233117306,14114875726880824386]}
{"op":"C","status":"READY","cmp":-1,"lhs":[0,0,0,0,0,17610282330018286000,15359217313049494911,3603607164483078290],"rhs":[0,0,84131993,608020876135221074,1157391430696831924,12115581736889326194,17743156339406129030,11369703766127658668]}
{"op":"C","status":"READY","cmp":-1,"lhs":[0,0,0,0,3120315072128433,8141691141671725527,1118328391484835387,11210604354293057547],"rhs":[0,0,0,9898686,5077746593217425477,13660101023384845710,8655006339203676741,4129664798782194416]}
{"op":"C","status":"READY","cmp":-1,"lhs":[0,0,0,1350,14686468546818750807,17790808484865644429,8199643720133187861,4795390075920371128],"rhs":[0,0,12363987776827566309,11556529685493458055,12882183309804802307,17725441327157772773,12390190932028837872,5921480429038750016]}
{"op":"C","status":"READY","cmp":1,"lhs":[0,0,1394839,10628081460310406251,9637077111022360034,11754389636461634629,7681021645869504799,11879193697407453342],"rhs":[0,0,0,895821272691372351,10408893409645117194,7221155310910929150,18025756866353368630,278986898012186690]}
{"op":"C","status":"READY","cmp":1,"lhs":[0,0,0,228,254938867650164315,16724767528039447906,18163685442287753161,14097216580941626406],"rhs":[0,0,0,0,407512224802626856,15288790911857876116,1823231151173307178,1416748638688993999]}
{"op":"C","status":"READY","cmp":1,"lhs":[0,0,0,8683,8096575100449832763,14975967845409668839,18345129093457596157,7847582165077744128],"rhs":[0,0,0,0,3444634804343008286,11228314605833531467,4266968228330208019,5538713027678892267]}
{"op":"C","status":"READY","cmp":-1,"lhs":[0,0,0,0,0,0,0,49015876],"rhs":[0,703569129,4247218851775084174,919566799914781047,11119885854856308199,6859506550928032992,5008124907692213248,10466105020331786765]}
{"op":"C","status":"READY","cmp":1,"lhs":[0,0,0,62346900423,429033972266775797,1928424360990310617,13360224043915459836,4975160784434212707],"rhs":[0,0,0,0,0,0,944,14467981095728035819]}
{"op":"C","status":"READY","cmp":-1,"lhs":[0,0,0,0,1,1849545799623483675,13778313450543747421,5011084438126124091],"rhs":[0,0,0,0,1839492764253827,17548898948052948302,1583492596722996359,2377203266052596804]}
{"op":"C","status":"READY","cmp":1,"lhs":[0,0,0,0,4844721684320647353,11201688109679618376,10161894085789255702,10678150629770974472],"rhs":[0,0,0,0,154245049,15652135107348575360,14225125890708194774,7651073659010015632]}
{"op":"C","status":"READY","cmp":1,"lhs":[0,28,16882069474754476358,2037203088367263513,4881561373666440988,1736639435979593790,15080265393332927221,15103023824340244848],"rhs":[0,0,0,0,0,3227,17464512574547576250,6072828738287425472]}
{"op":"C","status":"READY","cmp":-1,"lhs":[0,0,0,0,0,1369234515498,11326691427650078291,2383660774332275560],"rhs":[0,0,12855,1094111991624719895,7887731526362549843,9436912224826408675,9086781143748148540,2977261765039772780]}
{"op":"C","status":"READY","cmp":1,"lhs":[0,0,0,0,15190904431834858470,15008125551432824843,11581187792059884761,11890959628366710542],"rhs":[0,0,0,0,0,0,2559924285264923,780778877148814802]}
{"op":"C","status":"READY","cmp":-1,"lhs":[0,0,0,8611,563837313984469443,1245468801304215555,1085589353423851533,5607641781256708268],"rhs":[0,0,37939342228747,17344103541431729582,16855172070599656936,7647138421830247831,15280322146567846348,8303304136868331645]}
{"op":"C","status":"READY","cmp":1,"lhs":[0,0,0,0,0,41897102937,1175696418027768949,5426030251147863234],"rhs":[0,0,0,0,0,0,0,628211914986356388]}
{"op":"C","status":"READY","cmp":-1,"lhs":[0,0,0,0,8731646145,12636254702962885465,15043738431401878525,17736810067215955935],"rhs":[0,0,0,1055,3698755141070442019,12361539571374545355,15269825631222821987,17560928930117728480]}
{"op":"C","status":"READY","cmp":-1,"lhs":[0,0,0,0,0,0,183927001,14502453536329555354],"rhs":[0,0,0,0,672227440808,16281309688844102374,13408940645839147253,15710020234308945040]}
{"op":"C","status":"READY","cmp":1,"lhs":[0,0,556553639573627745,5709196495321141405,6221430948049911372,3368203057463999064,16165836885532523880,17461496197712099674],"rhs":[0,0,214915072340,13362363163070430599,12848160924562558176,1445344305774851869,15780897180484368348,5656217914701823613]}
{"op":"C","status":"READY","cmp":-1,"lhs":[0,0,0,0,0,578,8813278313557829348,5118470121189669194],"rhs":[0,0,0,0,15,13094139659050293161,17777638305210659641,17874561131573418456]}
{"op":"C","status":"READY","cmp":1,"lhs":[0,1814998,1845676039253624399,1813821009802819974,18183635144645372330,3326617039957783196,7260099906896979264,18271583233420301360],"rhs":[0,0,0,0,0,460641179392,9688154173674607345,7203367433240579682]}
{"op":"C","status":"READY","cmp":1,"lhs":[0,0,4208,12207563039635646046,16404507869037216396,10874136467938966792,9311188460931468647,3004497409950294793],"rhs":[0,0,0,0,165633743430,2778250519872004858,7263586921091219522,9678140665509560304]}
{"op":"C","status":"READY","cmp":1,"lhs":[0,0,0,0,0,167946377383,17686384335138623634,72055849168904704],"rhs":[0,0,0,0,0,0,23974271436,5304996349967102352]}
{"op":"C","status":"READY","cmp":-1,"lhs":[0,0,0,0,0,10415822,7643503846148111458,14437936116367724592],"rhs":[0,0,0,0,0,226134399019,11388406427156500257,5329277319241044167]}
{"op":"C","status":"READY","cmp":-1,"lhs":[0,0,0,0,0,0,494290979444554868,9772429179739545697],"rhs":[0,0,0,106413714637,1374113618303218033,10194844891523278616,11220718971245680417,6757124306081065490]}
{"op":"C","status":"READY","cmp":1,"lhs":[0,0,38473899,17794095326052751177,2831744911094443489,3308320698595237684,3621760399278343403,16291228053140554288],"rhs":[0,0,0,5158418205234967,15313010884489523537,16114597845906407784,3983365530898290734,5250957062213683843]}
{"op":"C","status":"READY","cmp":-1,"lhs":[0,0,0,0,27,11999550961112264554,10538219865883814622,5308473266844471536],"rhs":[0,0,70425434545,10297013185052738916,4886980119598521084,10592565448626397553,2134496766254622810,12900143242403009433]}
{"op":"C","status":"READY","cmp":1,"lhs":[0,0,86922002033,18192793828116645814,14506781724711469433,2655635531583867308,14171182930105344458,13341254665905229508],"rhs":[0,0,0,0,121974891183,4184669809987663463,8487684264186383519,239407931160317764]}
{"op":"C","status":"READY","cmp":1,"lhs":[0,0,0,0,11067670,2679945142848227584,10133774912771738499,10714767577707465476],"rhs":[0,0,0,0,0,0,0,6182113662095420]}
{"op":"C","status":"READY","cmp":-1,"lhs":[0,0,0,0,0,0,45,3565744610315657908],"rhs":[0,0,0,0,632,15939865333073404088,17278139843888931903,15494835861113683315]}
{"op":"C","status":"READY","cmp":1,"lhs":[0,0,0,0,120918809266267,10011355720791683881,8618861016960410425,14051463647070366324],"rhs":[0,0,0,0,0,85,16857078663358778738,10805288003036672890]}
{"op":"C","status":"READY","cmp":-1,"lhs":[0,0,0,0,36685,2143436735624109428,11064775529302416047,16668299864837775794],"rhs":[0,12977871,4523304292440545870,8548806190198528459,5832577944936145371,13042986913473618913,1676335864152587784,520278356266357688]}
{"op":"C","status":"READY","cmp":1,"lhs":[0,0,0,0,476601,6039317127477035970,12078878431281577101,16636808525921849937],"rhs":[0,0,0,0,197317,13173643051356339447,6104298880104527152,6643269962108305300]}
{"op":"C","status":"READY","cmp":-1,"lhs":[0,0,0,0,0,0,115700872817,11070037530061527968],"rhs":[0,0,472431,5250515220262680963,1638862596155987986,9946176891108299382,6351678498240672115,789292384324680163]}
{"op":"C","status":"READY","cmp":-1,"lhs":[0,0,0,0,928103819,1193642800324480072,12212364622652076765,10332875002563983124],"rhs":[0,0,13096816315251434,4523079738071902252,11449919711909247461,17674829360769737686,1318184514063921931,8785744789841345010]}
{"op":"C","status":"READY","cmp":-1,"lhs":[0,0,0,0,0,48851170,18017335569277161997,4736331705631308078],"rhs":[0,0,8606176,3180882055276261086,11582550486938290944,6180855190171637602,17992500947856331060,14573817904864280632]}
{"op":"C","status":"READY","cmp":1,"lhs":[0,0,0,533,8673136310640985927,1846158734880255330,13712129735500286459,7393542734133783038],"rhs":[0,0,0,0,0,2324689223383434,15253030369334814871,12806572710955755088]}
{"op":"C","status":"READY","cmp":-1,"lhs":[0,0,0,0,0,0,2024,4432725206575632196],"rhs":[0,0,0,0,319,16102702454775788721,7344289162111387764,3173329057061920931]}
{"op":"C","status":"READY","cmp":-1,"lhs":[0,0,0,0,0,4183522092282,8005390020817840511,10751503028379735442],"rhs":[0,0,0,0,0,6083717865346,1678877670791128181,8693823014561308764]}
{"op":"C","status":"READY","cmp":1,"lhs":[0,0,0,5786861938219,13990902481200168810,6131239482360032638,9217732030058271802,14661755735178153128],"rhs":[0,0,0,0,0,5033785,1138611565590978001,11677691828236713424]}
{"op":"C","status":"READY","cmp":1,"lhs":[0,0,855,5054318474023903970,2994315789293013596,4109778377135174079,9824181056673521887,5385426666793962790],"rhs":[0,0,0,3147387,10125397710480857689,1359462214834150457,9314056409978781976,8143056792733752624]}
{"op":"C","status":"READY","cmp":1,"lhs":[0,0,0,0,795043823,3633391580130682653,11609811722448182861,6361748447974505798],"rhs":[0,0,0,0,0,0,6272960088158278,16687888417314981059]}
{"op":"C","status":"READY","cmp":1,"lhs":[0,0,37706038,9091692495784478299,9496129721481751738,3390026431738862975,606978066484946534,9397096313158902197],"rhs":[0,0,0,0,0,0,0,57271548072]}
{"op":"C","status":"READY","cmp":1,"lhs":[0,0,0,0,194898785342206951,82316949797382982,5730005516289511333,10410546339491227872],"rhs":[0,0,0,0,0,1213661,12545567143194569423,17126080121048177864]}
{"op":"C","status":"READY","cmp":1,"lhs":[0,0,0,492992877821400,7756392018267194700,9681766129694176637,14891278922150428273,13972589316459934424],"rhs":[0,0,0,0,57628166304,3364127615463683867,8509883259441337811,1879821456056814158]}
{"op":"C","status":"READY","cmp":1,"lhs":[0,0,106464767799,16699479614321829898,17099029692682845959,919974654308078070,2379703810607526183,13123955082988061952],"rhs":[0,0,0,0,820981143713595455,2864367090760866399,8568272821463542775,13503441550193049284]}
{"op":"C","status":"READY","cmp":1,"lhs":[0,232960152494178,14458719689877509406,9283169637613556863,9980117667488899425,6675591890933175037,393120814811393152,144313922121749232],"rhs":[0,0,0,5,3119679535002337179,3099428383778733469,17416231319689111409,11009883078885169203]}
{"op":"C","status":"READY","cmp":1,"lhs":[0,0,0,17089963193055,11396231497273060173,12346366620556549857,3645870946117861809,14846379606916093086],"rhs":[0,0,0,0,0,160,12181743483334017587,17099656647738439518]}
{"op":"C","status":"READY","cmp":1,"lhs":[0,0,135612496446,7807948251318613308,12752674974108641788,16294912232693132063,16299062769386677215,14836499770050012675],"rhs":[0,0,89,17674312219439333883,5213638569115760858,13984803554233065158,6238685025133073138,2820979434781987336]}
{"op":"C","status":"READY","cmp":1,"lhs":[0,0,0,3196991894,7165457390136605312,6766142742141645375,16725092130683251053,4186645398116425708],"rhs":[0,0,0,0,4,8357372311921487425,16701321871732892013,2595160437896966148]}
{"op":"C","status":"READY","cmp":1,"lhs":[0,0,0,0,0,9012318150480,5955307274956518102,11639025618602738580],"rhs":[0,0,0,0,0,0,3534537565157257779,7602158290955327134]}
{"op":"C","status":"READY","cmp":-1,"lhs":[0,0,0,0,0,0,0,0],"rhs":[0,0,0,0,0,7442490699,113989054864771322,953921039330281834]}
{"op":"C","status":"READY","cmp":1,"lhs":[0,214276,10735989197925846391,871335785973109646,16033356647924473868,1457599384333439844,2482753822235820882,9292283951173538928],"rhs":[0,0,0,0,5013053342988711,1992054561447225456,10090829633455260725,16138611082930618378]}
{"op":"C","status":"READY","cmp":-1,"lhs":[0,0,0,0,91345557589,9936664407011722217,13516103071623165154,9098861886770319356],"rhs":[0,0,65,848829194365334944,9829426297895808183,16398313760460975322,17233162772156803407,8451454052411753282]}
{"op":"C","status":"READY","cmp":1,"lhs":[0,0,0,0,932801610,11798103518400000106,16023608668489383084,17985661327274605973],"rhs":[0,0,0,0,0,0,0,462170780225434504]}
{"op":"C","status":"READY","cmp":1,"lhs":[0,0,0,65350975932413590,16092178054216764268,6888333813303115775,5268139228989558324,4990571803141429136],"rhs":[0,0,0,0,12017597,4715885702727848413,17424603829693302852,12002605735171365783]}
{"op":"C","status":"READY","cmp":-1,"lhs":[0,0,0,0,0,2245587501,11574373874435708449,9705315100924670464],"rhs":[0,0,0,0,161546393199099,16848923117748022264,2666613043848358241,3416835545388976195]}
{"op":"C","status":"READY","cmp":1,"lhs":[0,0,0,0,270545611214482533,11326266055109516895,3268981903938055775,14367433347696935592],"rhs":[0,0,0,0,111944253,12952246919104984502,13474689958485116087,665789061704994160]}
{"op":"C","status":"READY","cmp":1,"lhs":[0,0,0,438,2294889104734182678,12337629570775900322,4164149889029386702,2072529716762171220],"rhs":[0,0,0,0,0,0,1223385509558787441,978203331263213769]}
{"op":"C","status":"READY","cmp":1,"lhs":[0,0,0,46159466,4587703353274823915,15165893234034612822,1500681289628955796,8624042088230378656],"rhs":[0,0,0,0,0,0,12604211792284418909,12505449128880939724]}
{"op":"C","status":"READY","cmp":1,"lhs":[0,0,0,0,0,232,15795632266763211864,8528414178036082397],"rhs":[0,0,0,0,0,0,0,257477773889426193]}
{"op":"C","status":"READY","cmp":-1,"lhs":[0,0,0,0,0,0,8770960760084754,2978611685267773728],"rhs":[0,0,0,0,44545,2101573791194978873,7136302132930786572,6868793757027188904]}
{"op":"C","status":"READY","cmp":-1,"lhs":[0,0,0,0,0,524058,15563649436028981375,337711779815082943],"rhs":[0,0,0,35986575,15542498118286825924,1695118457068930361,2590441550047044008,10081711454809527640]}
{"op":"C","status":"READY","cmp":1,"lhs":[0,0,0,0,1840573,12310653726583267514,1745453827539913736,11515095229620062428],"rhs":[0,0,0,0,451572,8592936096335390584,1398885838273696135,15849287600471424584]}
{"op":"C","status":"READY","cmp":1,"lhs":[0,2451767198,2371208377514458862,2495887522961521802,7982907478651259276,10364930329224092261,1168606582826117189,9835943403865254644],"rhs":[0,0,0,0,0,9656651,6608379350860841177,10289907327531959837]}
{"op":"C","status":"READY","cmp":-1,"lhs":[0,0,0,0,0,97861366269919753,15996538860692016850,13731801774598418357],"rhs":[0,0,0,890103139021,16562329249986275282,2091125952103323771,10820576450734164507,10580429124283441635]}
{"op":"C","status":"READY","cmp":1,"lhs":[0,0,0,28623,4024123004100266807,10233289116562186054,10609682396169880762,7549491540792330848],"rhs":[0,0,0,0,0,0,0,5954092388110200]}
{"op":"C","status":"READY","cmp":1,"lhs":[0,0,0,854303454381785506,5503688374842176472,7417750489773825848,12527762300523262505,6223958955855437398],"rhs":[0,0,0,0,0,137593571629753,14368402796141215338,14709648333581128528]}
{"op":"C","status":"READY","cmp":1,"lhs":[0,0,0,0,0,12682605890227,13878393129520806118,11900936198746768831],"rhs":[0,0,0,0,0,0,0,36063114]}
{"op":"C","status":"READY","cmp":-1,"lhs":[0,0,0,0,4732433,5611838797112021256,2656328175769845162,9027552683567831002],"rhs":[0,0,0,527206359400,2506471376445635415,2088324219703828374,11727486674500936210,10435101129927720545]}
{"op":"C","status":"READY","cmp":1,"lhs":[0,1,4339379152511675765,8241428062039134481,12831429632199708827,3036460060703500706,2663712584872991323,13067421458281893095],"rhs":[0,0,0,0,0,47560870804884,6602746942108838659,12624211281576292519]}
{"op":"C","status":"READY","cmp":-1,"lhs":[0,0,0,26536,10687338022328688090,4144542926956729785,13206411021239109746,15298160651394767568],"rhs":[0,0,526792838116,9065524365664761704,13908853948322295827,7123529488914548790,2768896277859291787,5985167512996536404]}
{"op":"C","status":"READY","cmp":1,"lhs":[0,0,0,0,11980855660,17343843966646265197,749482165414181360,15027418088902963526],"rhs":[0,0,0,0,0,118144572703859055,1215801043658710719,14034609412163655616]}
{"op":"C","status":"READY","cmp":1,"lhs":[0,0,0,594,8362316305016560003,17299878582291185972,14127362365142627879,16886187710156580352],"rhs":[0,0,0,0,0,20045931353494,16896805902115520091,2783581232933239940]}
{"op":"C","status":"READY","cmp":1,"lhs":[0,13267912688728692,3358648665336728422,8019213745074923876,2350284087368398720,12423239546785190417,3720542366079025593,16312075248510606225],"rhs":[0,0,0,0,0,0,9355711,11706120007440469948]}
{"op":"C","status":"READY","cmp":1,"lhs":[0,90,11600262273798713818,12906811063211433234,7076968373055968554,829880982897026050,3887117923360005342,6151545658905176271],"rhs":[0,0,0,0,0,0,809093,17521254216562040186]}
{"op":"C","status":"READY","cmp":-1,"lhs":[0,0,0,0,0,0,0,14119850639903349107],"rhs":[0,0,6285140761931993564,2055942127241963453,13140153647376762458,6165481945836807135,10030325111948637509,8253600394007740692]}
{"op":"C","status":"READY","cmp":-1,"lhs":[0,0,0,0,9571005794697031,17256121637651845836,6421921755846034020,9347124100430915882],"rhs":[0,0,299792271413,14243767755037533664,6483787796626498924,1561779834752406714,11132979401624980487,7959728847513943923]}
{"op":"C","status":"READY","cmp":1,"lhs":[0,0,0,0,0,0,3651482,6395028158672539968],"rhs":[0,0,0,0,0,0,426,13952117203438493829]}
{"op":"C","status":"READY","cmp":-1,"lhs":[0,0,0,0,3769951450012,2184702715939334405,12443712503757494735,10689100696219120208],"rhs":[0,0,0,12633487419882222550,8206056058721526928,8731862286184304310,8446376648782486360,81558310328751212]}
{"op":"C","status":"READY","cmp":-1,"lhs":[0,0,0,0,9775197,9292626766917023080,6931631610303875456,897188598128912979],"rhs":[0,0,148285957,2099861816115209455,6457204145483358841,13864736280320938618,9297038096961845135,11457073669270689979]}
{"op":"C","status":"READY","cmp":1,"lhs":[0,0,0,307054004360,11093704139834258147,4231510291929559689,9775252861071013007,2023272949298442380],"rhs":[0,0,0,0,0,8,3560961098118068679,17861223397644268588]}
{"op":"C","status":"READY","cmp":1,"lhs":[0,0,0,0,704044582772002336,11647940330557850123,14800045793323843961,16562206159927193764],"rhs":[0,0,0,0,1646993217,3939619938083493554,15113012177728667115,73706249576194512]}
{"op":"C","status":"READY","cmp":-1,"lhs":[0,0,0,0,0,1827851,18181445582439220689,11410875225199483893],"rhs":[0,0,0,0,1,14566446253854601141,15557741742239128563,17403662796300277130]}
{"op":"C","status":"READY","cmp":1,"lhs":[0,0,0,0,122,15863942415452167316,6868220295935161335,18114649209664458792],"rhs":[0,0,0,0,0,1546751,951643959711944343,6011683697299837774]}
{"op":"C","status":"READY","cmp":1,"lhs":[0,0,47963909794318421,977785701128694808,10420652852833901248,7117930866592538417,9693914643070385850,15974260922383218579],"rhs":[0,0,0,0,0,36878,5248142640457077685,12086185490162789824]}
{"op":"C","status":"READY","cmp":-1,"lhs":[0,0,0,0,0,2006,12085157456893967899,8111430534828391623],"rhs":[0,0,0,0,9922500777,14887642029880295266,13401980358541532587,3131693020432568848]}
{"op":"C","status":"READY","cmp":1,"lhs":[0,0,0,0,0,0,3261305411,3402495303624863494],"rhs":[0,0,0,0,0,0,4801,13363674730535657318]}
{"op":"C","status":"READY","cmp":-1,"lhs":[0,0,0,0,0,0,960627989,11274206706075863461],"rhs":[0,0,0,2,4379653564879809639,17643704401770069877,3650497762155353839,17128916391820928480]}
{"op":"C","status":"READY","cmp":1,"lhs":[0,0,0,0,0,296297229911,8707626961950892358,6137863902774499441],"rhs":[0,0,0,0,0,0,18563308275566,14603494389207347509]}
{"op":"C","status":"READY","cmp":1,"lhs":[0,0,9446714967526659856,3883020472904603546,9625369894542635626,985441626184448935,9903735136412323246,10452483631100606730],"rhs":[0,0,0,0,0,0,0,304944219707463]}
{"op":"C","status":"READY","cmp":1,"lhs":[0,0,0,0,19204361077154,16378590800921371699,10861777096121339156,11416772422979499453],"rhs":[0,0,0,0,0,16598488438742873,6543133125863865035,1190999414686396791]}
{"op":"C","status":"READY","cmp":1,"lhs":[0,0,0,30409598,12874501652591448793,13158674004515486045,12948833169895864959,4817878428821106838],"rhs":[0,0,0,0,0,0,89349055383,4399093265886414879]}
{"op":"C","status":"READY","cmp":-1,"lhs":[0,0,0,0,120,4261006163517491803,12638414323238282580,13485812351397446282],"rhs":[0,0,10248720581169,8117091702975927834,8250623923844622480,2460828412058823050,10825945646374878567,8279873161888173943]}
{"op":"C","status":"READY","cmp":-1,"lhs":[0,0,0,0,14283353681846,5168104140901553514,14964609563492130097,12980067220686209648],"rhs":[0,0,2001017,9178378171051854184,14161584318746247652,3763671757682809601,15342135909542528868,3743474662875674132]}
{"op":"C","status":"READY","cmp":-1,"lhs":[0,0,0,0,0,0,84,16978065890950252838],"rhs":[0,0,2700359,115112278384141667,8388126017979564635,796440025882631838,351134116407343060,7277866470854499008]}
{"op":"C","status":"READY","cmp":-1,"lhs":[0,0,0,0,0,6712504290,13012373086126148925,6947202205380738441],"rhs":[0,0,0,23,14628431007010398263,8027682512907076938,6839535071432020396,9729188414101604800]}
{"op":"C","status":"READY","cmp":1,"lhs":[0,0,184705370,18357479494041241257,11616755093888535603,7910826685484430494,348065135324127459,16958240075293677608],"rhs":[0,0,0,0,19502699,6586242280666373711,12156462772645752381,14359636393804534327]}
{"op":"C","status":"READY","cmp":-1,"lhs":[0,0,0,119229,4917196320569710440,5430698442654582969,16374443846467342269,15005216865908960328],"rhs":[0,0,0,220280747099285454,10325567667483706809,12383874784473145906,7110718110630919009,3072515118745786087]}
{"op":"C","status":"READY","cmp":1,"lhs":[0,0,0,1018835211525166,9053433870882821089,1300985041598616315,7757885107828709473,2640135842783387520],"rhs":[0,0,0,0,34227,2689749629785074309,18366261077638463004,3824543854233412272]}
{"op":"C","status":"READY","cmp":-1,"lhs":[0,0,0,0,602188557901937,1981936108487486860,7339766931672931770,10118949687540524590],"rhs":[0,0,0,2715823067929,3554885928589711292,18336797711383297354,7094280079772455115,8699263321261558736]}
{"op":"C","status":"READY","cmp":1,"lhs":[0,0,0,0,25281349314,12167190840626193343,16919100003455509915,16711404066121629783],"rhs":[0,0,0,0,0,13596258553915,3517731968976491573,13753844953692622944]}
{"op":"C","status":"READY","cmp":1,"lhs":[0,0,0,431301664,15152495238488890480,13394744746842052978,9868050667673456925,6151825760668078050],"rhs":[0,0,0,0,0,297747760254953,9191004003809835722,7581698667858865430]}
{"op":"C","status":"READY","cmp":-1,"lhs":[0,0,0,0,2,837414331119130667,3488547705003867352,18161203638559925434],"rhs":[0,0,0,0,430543922,6107558145495423318,9017823979855719628,5302927202601669402]}
{"op":"C","status":"READY","cmp":1,"lhs":[0,0,760908796131690,10816109973662165711,2015079419173220784,2093989673680621264,17761539222070329890,17174094218625580356],"rhs":[0,0,0,0,1429447,9602656053171434438,12186587346657749218,17170838008009466192]}
{"op":"C","status":"READY","cmp":1,"lhs":[0,0,15437600414982392,9469456315530690187,1887629572426850346,1640008088750396301,10958083935078519395,15845181263653967359],"rhs":[0,0,0,0,0,0,669949264,3034271451674375254]}
{"op":"C","status":"READY","cmp":1,"lhs":[0,0,0,0,40326060133716,114044417711403257,8342948389735899185,5296849853159319772],"rhs":[0,0,0,0,0,0,8258286338199,9846589188143386920]}
{"op":"C","status":"READY","cmp":1,"lhs":[0,0,498,10156152696889848404,7693161347919844578,13068202944179761297,5460170276405669954,15204576686196452716],"rhs":[0,0,0,0,0,149088344198620740,10911466870179683757,8455259803798992173]}
{"op":"C","status":"READY","cmp":1,"lhs":[0,0,0,643626665413832,15088694172255356528,13662026787221662542,1392679648611285779,7705400988500158968],"rhs":[0,0,0,0,1075,12741022817011541421,10785877536016259103,18089658658166720901]}
{"op":"C","status":"READY","cmp":-1,"lhs":[0,0,0,0,0,0,728884,131515547790467091],"rhs":[0,0,0,2865522,7353751611669445629,981604095016941376,10593062239794673929,12627710499264818171]}
{"op":"C","status":"READY","cmp":1,"lhs":[0,0,0,0,34408481644279,10776093040586309033,13080246169532616740,3786828509259953115],"rhs":[0,0,0,0,0,0,0,13349735579232]}
{"op":"C","status":"READY","cmp":1,"lhs":[0,0,0,0,0,6494365869,11915011168110546471,3718183158220722480],"rhs":[0,0,0,0,0,251816,896435160768086221,7056471036859544346]}
{"op":"C","status":"READY","cmp":-1,"lhs":[0,0,0,0,0,1878435817982202931,13587870382350777490,7585555744473283924],"rhs":[0,0,0,0,204548479,16078409617494417414,8681347241468911166,11396624387619717719]}
{"op":"C","status":"READY","cmp":1,"lhs":[0,0,0,0,732014547055869332,5242501905907700434,4574747940359908820,13075902834753922112],"rhs":[0,0,0,0,0,0,0,0]}
{"op":"C","status":"READY","cmp":1,"lhs":[0,0,336084051009085069,11018778508229057375,2822657266608952678,18055454457759295047,435024410005117633,7936515719454982068],"rhs":[0,0,4197606246636898,6613582578677392786,13498475145309775993,5540381838981110491,15385079572889541496,10038742388960906086]}
{"op":"C","status":"READY","cmp":1,"lhs":[0,0,0,0,3252950154459,3233420336133288565,2523809471266029087,16756292041812759284],"rhs":[0,0,0,0,0,2870667868991,10968798636610506999,12158842017565526774]}
{"op":"C","status":"READY","cmp":-1,"lhs":[0,0,2,18261399796530205833,10595567347485790706,974617349096855432,10979515027511144799,13968001368150036864],"rhs":[0,823,4214871809877243934,2427445745491979394,1836750463895477685,15125451045925235021,8137674601030021790,11704581773369471487]}
{"op":"C","status":"READY","cmp":1,"lhs":[0,99034917,18179116383265762990,12627865862374360328,10039912988741959515,17818410621188279124,10448977146874325701,2809583390991274060],"rhs":[0,0,0,0,0,0,0,152334]}
{"op":"C","status":"READY","cmp":-1,"lhs":[0,0,0,0,0,0,0,158949],"rhs":[0,440058,17396228571563307949,5011872636111187245,13081299612525527750,13160858865337313995,14985761874499357833,1039708469686624127]}
{"op":"C","status":"READY","cmp":-1,"lhs":[0,0,0,0,0,0,0,227799902413828661],"rhs":[0,0,0,0,0,1202690691,13676168516863709417,4569137745416520577]}
{"op":"C","status":"READY","cmp":-1,"lhs":[0,0,0,0,0,6218965635009803203,10826676632460971096,17883653758906686679],"rhs":[0,0,20106,12302628405855304514,16926523406030086032,10546294219245030194,14564266106358822881,3381770743724122149]}
{"op":"C","status":"READY","cmp":-1,"lhs":[0,0,0,0,0,0,887193871589818350,13144769353582746610],"rhs":[0,362,17198783031138668458,4309746845716378114,840916900917728245,16840156523761451193,17825723555874547455,15711471482567601128]}
{"op":"C","status":"READY","cmp":1,"lhs":[0,0,3796713464,8893187529785568145,4829692880866326870,14074150363584498953,3268773514927121973,10876492807754520403],"rhs":[0,0,0,0,2634,5718871301715950303,3439517567349849443,13799883608007324717]}
{"op":"C","status":"READY","cmp":-1,"lhs":[0,0,0,0,0,0,6765585044940097489,14844711979688685901],"rhs":[0,3,9684190473711249756,10809594208114609259,5196683688377505480,4127184536998450979,182295038464237572,87845585199525204]}
{"op":"C","status":"READY","cmp":-1,"lhs":[0,0,0,0,0,322210615,6363201558662914888,18080043400071503328],"rhs":[0,0,0,0,0,9007485481312806121,3267192347572164239,13989242466713983380]}
{"op":"C","status":"READY","cmp":-1,"lhs":[0,0,0,0,0,0,0,320],"rhs":[0,0,0,0,0,0,194929587,8421234947378088408]}
{"op":"C","status":"READY","cmp":1,"lhs":[0,0,369005786859807,7218403751479462685,762573269827432763,12699834027474281449,9293374143686920459,928769613044664067],"rhs":[0,0,0,1750295614243,12364404891064208452,18128493364548003461,15355847586154815485,15382902769159264562]}
{"op":"C","status":"READY","cmp":1,"lhs":[0,6154543,7627666924797079488,11510802946452604611,4052290120760230317,7563776063584596319,12407045018324408482,1405777547167929940],"rhs":[0,0,0,141514879119,5515279328717297258,3057462155910536875,16139468595287167663,14237693583236657072]}
{"op":"C","status":"READY","cmp":1,"lhs":[0,0,697794427,14995250659610162714,1790000947388658778,5626834204090922500,7702014632176216141,1101966653115095607],"rhs":[0,0,0,0,0,2721418531950,7247666511599629233,16977234746818291609]}
{"op":"C","status":"READY","cmp":1,"lhs":[0,0,0,0,21332192528551243,11678268378351767216,17918018950677257651,10529589237689137515],"rhs":[0,0,0,0,0,0,0,0]}
{"op":"C","status":"READY","cmp":1,"lhs":[0,206913130258052942,8783796608320220785,3248971070392163421,10998342623461781363,16396803584415861993,116885352252298650,3251391088036579558],"rhs":[0,451860822,8016818739719460390,8206689899415503821,10355887499040318735,5119369074492533119,7249015941701900794,17972294174099034476]}
{"op":"C","status":"READY","cmp":1,"lhs":[0,0,0,0,2,6461795484019639502,14977266681348622253,12248142251248709408],"rhs":[0,0,0,0,0,2300315635104176396,16344311718598446795,4532718026792931244]}
{"op":"C","status":"READY","cmp":-1,"lhs":[0,0,0,0,99,17435515885507464375,3982117088520902428,14933333029772845952],"rhs":[0,0,114725,12305322252197693806,6432503199302580694,3087069049836013862,5642823904803364013,16446221133650897256]}
{"op":"C","status":"READY","cmp":-1,"lhs":[0,0,0,0,299558917,13691649408096068650,3238560319729014261,9727236057306645274],"rhs":[0,0,0,51261,18360424342989969132,2312133691091836193,14003567224989393679,17155000146089943925]}
{"op":"C","status":"READY","cmp":1,"lhs":[0,0,87816173,12002405857521603649,7711057362020866589,1902044807190030879,777275037065613605,1234224493190332208],"rhs":[0,0,0,0,6316001049437151,5277736137537887682,8475926735330430695,1130198517094566515]}
{"op":"C","status":"READY","cmp":1,"lhs":[0,0,195425,6506866673954761671,12766078708572876374,3198272189318929650,8572660207646514459,10127987329241923146],"rhs":[0,0,0,0,11259594123635117952,12017674314160282033,18319926285465705638,16179559646581559224]}
{"op":"C","status":"READY","cmp":-1,"lhs":[0,0,0,0,12825597515,7451586354194804612,5471546439640597170,2849011391003278148],"rhs":[0,0,0,0,133711106344942250,13310988335864026361,6981248220257678385,12716715077727982178]}
{"op":"C","status":"READY","cmp":1,"lhs":[0,0,0,0,0,0,16844215049737743341,2350545574530156975],"rhs":[0,0,0,0,0,0,70,12057764072725880922]}
{"op":"C","status":"READY","cmp":-1,"lhs":[0,0,0,8537224432,383955437392345461,6845465488350562079,5355244737394516520,5760544325350918363],"rhs":[0,14,3753736128327528669,3374845835463204759,3889370357669787080,15216090680974672061,168261151921560303,2994054341551647264]}
{"op":"C","status":"READY","cmp":1,"lhs":[0,0,144,12318030853050157057,10411586210172422825,6032021416295672348,4567818158074907535,2758675608605356717],"rhs":[0,0,0,207267060337240,5196990336764012981,596364534610738684,9411583003540222939,13994645899969330729]}
{"op":"C","status":"READY","cmp":1,"lhs":[0,0,0,0,1118156,12570675494588645813,6769278060027754227,1877738879331113120],"rhs":[0,0,0,0,0,564459855225981139,8236180913895572656,17511756500842275928]}
{"op":"C","status":"READY","cmp":-1,"lhs":[0,0,0,0,0,0,6705194505,16040952257336545888],"rhs":[0,0,0,0,14027194867486694,16981447220055580893,13362773122765418746,18203306707113295202]}
{"op":"C","status":"READY","cmp":1,"lhs":[0,0,0,0,19005922,2574939561654361779,16363133836644100352,9493846797757102704],"rhs":[0,0,0,0,0,0,2023,16191459201795907232]}
{"op":"C","status":"READY","cmp":1,"lhs":[0,0,118,17531380836583415445,6850981772039078932,7651867244455784093,9978547744746332326,10613380442320867584],"rhs":[0,0,0,0,616271766777,10993236941464872631,1598845808837181033,16261792447363477244]}
{"op":"C","status":"READY","cmp":1,"lhs":[0,0,49697811,12606770830037787008,11047460150078862150,10275679146197202070,15928596683915017745,13859195268295665277],"rhs":[0,0,0,0,0,1991761002,9078207445464817873,644236601305803200]}
{"op":"C","status":"READY","cmp":-1,"lhs":[0,0,0,0,696122435241,15882315771058514092,5755638886539220315,10914121332722034752],"rhs":[0,0,0,439,82097044882198589,8694520862745898750,17282963397167538271,7039697667001670944]}
{"op":"C","status":"READY","cmp":-1,"lhs":[0,0,0,0,11059311,5611199978683912312,2498858552348204473,5470430880493790342],"rhs":[0,0,103687,6513483893793379863,2077041058860905507,5593791118274423699,15063877721147546130,6067910691708434752]}
{"op":"C","status":"READY","cmp":-1,"lhs":[0,0,0,1187334,1133840773617896956,3197341266583348838,15589372247013305925,9728420775594722277],"rhs":[0,0,653,6222582770364346002,12123818537975225595,14057641961053159272,2174865252296185804,18005752043619583488]}
{"op":"C","status":"READY","cmp":-1,"lhs":[0,0,0,0,0,0,0,1571156448],"rhs":[0,0,3743,9652141034450380678,2789588364357174115,13817134961243279635,2876142161795675930,17793719597263425782]}
{"op":"C","status":"READY","cmp":1,"lhs":[0,0,71645264545783793,16555603840437184693,7739656755704277568,12867894835795112453,6930128704102285229,3757516807211852344],"rhs":[0,0,0,543315,488010978823584680,1624017288873668442,11110368252733847298,2542030451458133239]}
{"op":"C","status":"READY","cmp":-1,"lhs":[0,0,0,267596,12737406403649582751,17195253873805168200,5398286826812150797,10699914715120048932],"rhs":[0,0,0,1992906094,15392754133925368635,12243882560490641160,5267982147004632951,18231977642012096372]}
{"op":"C","status":"READY","cmp":1,"lhs":[0,0,0,0,13651013,15960237655296703864,12950479437133199454,13562378675443897920],"rhs":[0,0,0,0,0,0,5579431770662336,15056700914618778460]}
{"op":"C","status":"READY","cmp":1,"lhs":[0,0,0,0,496374407708817,17811400738325815092,2230159494130591856,1860730149452596547],"rhs":[0,0,0,0,0,0,19491381008,12777907406195875788]}
{"op":"C","status":"READY","cmp":-1,"lhs":[0,0,0,1889310,4650647796712904866,4228157517583635866,17229471610169771551,14432330331810106618],"rhs":[0,0,37580656744505,17070587352771571675,11156212443127058733,992210222476052669,7619258776312540285,5334388526226546415]}
{"op":"C","status":"READY","cmp":-1,"lhs":[0,0,0,0,0,529660983945,3554499978313362301,11615557101948616676],"rhs":[0,0,0,0,1,7876635933632217947,3837571077264977757,8971083535923798410]}
{"op":"C","status":"READY","cmp":-1,"lhs":[0,0,0,0,0,1258554353617,4807745678348411017,14204217882128004820],"rhs":[0,0,0,0,713586772,16631271533885517577,15565327993543698602,12142511309845086334]}
{"op":"C","status":"READY","cmp":-1,"lhs":[0,0,0,0,0,0,3,15542145219892890744],"rhs":[0,0,0,0,8577,16340741693022246397,12408146964045731861,1382144875627879260]}
{"op":"C","status":"READY","cmp":-1,"lhs":[0,0,0,0,0,0,632524,16903512058072845668],"rhs":[0,0,403996374922795,14681747663681820687,15730457566394495754,2342644789739995243,6726433808212562630,4475324837093816560]}
{"op":"C","status":"READY","cmp":1,"lhs":[0,0,0,1167241278700,13189354556781741251,15370809249769089401,4284652441603490023,7955123978662644108],"rhs":[0,0,0,0,0,196226595466731639,3143642878912003533,2268003049201210473]}
{"op":"C","status":"READY","cmp":-1,"lhs":[0,0,0,0,98,1082861245880626114,3983626251450953617,5101464900328807668],"rhs":[0,0,0,0,3001,8152595281297117244,855464873700801725,9505654548143811702]}
{"op":"C","status":"READY","cmp":1,"lhs":[0,0,754896,132059891008039291,13982571437257867589,9286026197566693941,16383940308434128491,12498829845186148364],"rhs":[0,0,0,0,0,0,1575857393,7585748167877499904]}
{"op":"C","status":"READY","cmp":1,"lhs":[0,0,0,0,45107949746,9252138011353647257,9785365071838726874,2374483391531244606],"rhs":[0,0,0,0,3278415,11081269260046136039,12357869328771256582,6801327376763776811]}
{"op":"C","status":"READY","cmp":-1,"lhs":[0,0,0,10342,14610884696344836026,2516746608793214514,11648700824348474338,14461937552390111142],"rhs":[0,20,10057854535131007529,15317674598065012507,2407692122178413502,9512638888611819257,4749708031914866412,1281679724081066790]}
{"op":"C","status":"READY","cmp":-1,"lhs":[0,0,0,0,0,0,6693,6402014396614968720],"rhs":[0,0,104430768,12411559212239488111,10312464414021463130,10954196523093029114,11504973278690990598,17326426534407836320]}
{"op":"C","status":"READY","cmp":1,"lhs":[0,0,36462475779,3375382899414951931,1013550906567554216,8039955335583041582,7295726442313392496,13447379686085335452],"rhs":[0,0,0,0,10172543292858834986,14601613851217486010,293849476654910791,13810310353525292491]}
{"op":"C","status":"READY","cmp":-1,"lhs":[0,0,0,7588487418,7803871785890408767,14431374487202967106,5164954711375444501,15200020730370585893],"rhs":[0,0,2364544,6390147099105285030,1363296480825992321,4823863420797786687,1386723019035731675,13372749799387775911]}
{"op":"C","status":"READY","cmp":1,"lhs":[0,0,0,13621445086,15789377131441107889,14263675945420427494,16533122012799488896,3898075740350579950],"rhs":[0,0,0,294439703,12334118798265174139,1746830039922371212,15811161114357334924,3824405169974531647]}
{"op":"C","status":"READY","cmp":1,"lhs":[0,0,0,0,0,0,4110895,1168820837134498160],"rhs":[0,0,0,0,0,0,0,2399113620]}
{"op":"C","status":"READY","cmp":-1,"lhs":[0,0,0,0,0,0,40291,1434396011912604599],"rhs":[0,0,0,0,837310756792045,6929051975469362473,4614519096823386620,4309681739493167624]}
{"op":"C","status":"READY","cmp":1,"lhs":[0,0,0,0,63936760,7901309462212562252,18308169107404636209,17984375500334021106],"rhs":[0,0,0,0,0,23285476424800,7816691997980157250,9811882263688801446]}
{"op":"C","status":"READY","cmp":-1,"lhs":[0,0,0,0,0,0,2104247896,340339308080490476],"rhs":[0,0,0,0,262647677515748126,14433898238154723057,9347174422409999882,12276901626226125373]}
{"op":"C","status":"READY","cmp":1,"lhs":[0,0,0,0,2863422,687607682604740358,15865088838111234563,14959419569345723722],"rhs":[0,0,0,0,95238,9677626565000156738,17888779306529873038,18181264080443966583]}
{"op":"C","status":"READY","cmp":-1,"lhs":[0,0,0,0,135915750612,10522925107468377742,11575012049438382086,3557893142199890285],"rhs":[0,0,125809434266618,16045598342646455089,11670044189995399446,11530384407304908966,12381016792822629348,6275270352686638448]}
{"op":"C","status":"READY","cmp":1,"lhs":[0,0,0,33,2183725385525021729,3274640306687685950,13257726705382794069,3683584409723902778],"rhs":[0,0,0,0,30123459299,6887057107330709279,16995412436230127844,1111111792291292193]}
{"op":"C","status":"READY","cmp":-1,"lhs":[0,0,0,0,25,2682555326882174180,9442904829147411212,10463375350073037664],"rhs":[0,189,16310006635403444669,658449778210261726,11089113385562695090,8842091975996348157,8808786283346719443,17843803282317255638]}
{"op":"C","status":"READY","cmp":1,"lhs":[0,0,0,9439810698,5219207132157405639,5927841398036774075,15513051584699701810,15155784457301619520],"rhs":[0,0,0,0,0,162662635056,11100345501765102506,16464396110327129536]}
{"op":"C","status":"READY","cmp":1,"lhs":[0,0,0,331,5925869251128068651,8279750617798069553,1484641539660123378,13919874140078855998],"rhs":[0,0,0,0,0,0,28505034,1407691831869894666]}
{"op":"C","status":"READY","cmp":-1,"lhs":[0,0,0,0,0,1974321726520336,13798530586879735799,15022127060026460064],"rhs":[0,0,0,0,453316914,215021000047360929,5047301648329484101,5267529790324069788]}
{"op":"C","status":"READY","cmp":1,"lhs":[0,0,0,0,384,16639722883791405671,7139903534457125024,1172056240536790383],"rhs":[0,0,0,0,0,0,87395880662,6100988214266709752]}
{"op":"C","status":"READY","cmp":-1,"lhs":[0,0,0,0,0,37,12160182980209446488,803234714105625597],"rhs":[0,0,0,1269731,6513336344347282608,5294724645653231529,4140216733466766047,8602656760590761684]}
{"op":"C","status":"READY","cmp":1,"lhs":[0,0,0,0,0,83148259072808,365954861509315520,2301983091086563654],"rhs":[0,0,0,0,0,0,43189321647,781073102081637348]}
{"op":"C","status":"READY","cmp":-1,"lhs":[0,0,0,0,0,0,8132195472156464,11183052507747970069],"rhs":[0,0,0,0,0,24,13001826860894605242,6819739024649894300]}
{"op":"C","status":"READY","cmp":1,"lhs":[0,0,0,103556940537975,4514210852792652376,2921781433351837902,5231391293491030278,1023011656132324044],"rhs":[0,0,0,0,0,0,125399565978278786,12347869582394480512]}
{"op":"C","status":"READY","cmp":1,"lhs":[0,0,0,0,0,2260,11272680495805763887,7058575253950778188],"rhs":[0,0,0,0,0,0,11286708842982,10653387701707726094]}
{"op":"C","status":"READY","cmp":1,"lhs":[0,0,40,11402489905053325227,2333073256150176939,416812611147491457,11153634128204009150,12287462374710590897],"rhs":[0,0,0,150955,5572175127826486126,10434038222930828900,3060207385315486802,471982842097882581]}
{"op":"C","status":"READY","cmp":-1,"lhs":[0,0,331,1478467075831835025,173386748285476065,12633822463247243131,4738886846991808365,7570123607979379630],"rhs":[0,1013284610514,5819130881502936272,4904669541279390840,7656751159756615539,5322333544705649343,5737434875085588721,13566484452057355955]}
{"op":"C","status":"READY","cmp":1,"lhs":[0,0,0,9327376675881282,5991973053791693548,10454603746680599261,14649557368027290155,3050336002241576602],"rhs":[0,0,0,0,320074092346317,18250192612296708126,2031023114528466612,1982595315761593578]}
{"op":"C","status":"READY","cmp":-1,"lhs":[0,0,0,0,475,4605555649177366631,5581196910355557715,16997855679340977080],"rhs":[0,0,0,0,394824456162453528,9485580045871962272,4844776984337245696,9045864842559902574]}
{"op":"C","status":"READY","cmp":-1,"lhs":[0,0,0,0,0,137726353461444902,14581100944578643659,11551339506919304000],"rhs":[0,0,0,0,234574,11505237728333358916,5231086542946583236,3585484490120491596]}
{"op":"C","status":"READY","cmp":1,"lhs":[0,0,0,6567451451908439338,13662661715910436894,5363641150645275535,1851589356530123567,6461882519697958230],"rhs":[0,0,0,0,21473,16725021169596588846,7321264190811763444,136989339179618076]}
{"op":"C","status":"READY","cmp":1,"lhs":[0,0,0,43729536,17234434479542981468,6903729501194292268,8549359904829454155,228454164115843236],"rhs":[0,0,0,0,0,238,8472533859593268553,6002057373124821691]}
{"op":"C","status":"READY","cmp":-1,"lhs":[0,0,0,0,550633135,14159520971245002039,7168523800460726303,13641541406284233012],"rhs":[0,0,0,316649435,18304250811129230516,17438279836755758289,11264697699912030981,10395580858188017156]}
{"op":"C","status":"READY","cmp":-1,"lhs":[0,0,0,2853602367533215835,12914188891122540010,899046723879090749,5243923651780543780,3975726573360770198],"rhs":[0,914285,4747773824226076686,10875381624096134542,4380390207574840363,11373019664508544447,9674384237532364006,16849930929110563664]}
{"op":"C","status":"READY","cmp":1,"lhs":[0,0,0,0,689128040582964046,2147728031170734434,15658673607885550136,10687799702079554258],"rhs":[0,0,0,0,1561194048664,8619227507135808769,12708227258626196647,6342934391096043878]}
{"op":"C","status":"READY","cmp":1,"lhs":[0,0,0,0,1625424627590087539,1965948520182799510,959482242057321572,16141367122883028074],"rhs":[0,0,0,0,0,0,3162796,742317398185103864]}
{"op":"C","status":"READY","cmp":1,"lhs":[0,26638192,8940627423138880174,14312193089745137171,1617012490531090968,10186173812040830997,4837102737972308457,10356244605844624816],"rhs":[0,0,0,0,0,97324789795062545,5358244246581434123,8682786504791018212]}
{"op":"C","status":"READY","cmp":-1,"lhs":[0,0,0,0,88342,7498465410290553616,14937334868575600480,10270088216325167856],"rhs":[0,6928967,1679370829777138095,3303288265193104045,18428305314718992306,8080529916646799121,7304867463402401311,12512029814560556864]}
{"op":"C","status":"READY","cmp":1,"lhs":[0,0,0,1,2199483350854896091,11560486457396535979,8642578775516368784,5646437642004463834],"rhs":[0,0,0,0,24816046063015084,13246305694651073988,15740237543484158667,17625320903495048264]}
{"op":"C","status":"READY","cmp":1,"lhs":[0,0,9425412639109705147,17690671333035036051,13684090023981888305,17525275382508470955,16854063495241237801,11521636307860818752],"rhs":[0,0,0,0,0,1170872835,9111031344163552994,8724725614175168152]}
{"op":"C","status":"READY","cmp":-1,"lhs":[0,0,0,0,0,19,12748584441308697446,10347082969748274150],"rhs":[0,0,558841489,14550722683986995388,2150669402479337833,11140858496524805236,3670664319308113371,11109512603384724528]}
{"op":"C","status":"READY","cmp":1,"lhs":[0,0,0,0,0,404556137919,11223712630626500868,16075230761582666229],"rhs":[0,0,0,0,0,443159926,10377770017844013948,16950586222580253264]}
{"op":"C","status":"READY","cmp":-1,"lhs":[0,0,0,0,0,82096305066722,14618633632809990445,17386270117716986782],"rhs":[0,0,0,0,42233500184,15237594915073212370,6909450583778357435,3162196278813564472]}
{"op":"C","status":"READY","cmp":-1,"lhs":[0,0,0,0,209755,5490735286928386290,17221354770486832017,2691449781405924488],"rhs":[0,0,0,4331472077,1077437509239919500,10721958758965813874,17942866709578323210,13679599027244873708]}
{"op":"C","status":"READY","cmp":-1,"lhs":[0,0,0,0,0,448162336151724313,9652148671781147465,8674235017113866967],"rhs":[0,0,0,35383463470,2788092235531811152,13592736887599685794,12569451861053926566,15776064899038986724]}
{"op":"C","status":"READY","cmp":1,"lhs":[0,0,0,0,0,0,286380362739360786,8382537307852766814],"rhs":[0,0,0,0,0,0,0,3088225350]}
{"op":"C","status":"READY","cmp":1,"lhs":[0,0,0,0,0,71376863272485,16154977795391487025,415837266795814552],"rhs":[0,0,0,0,0,535,1975410732850708183,4569573452541066052]}
{"op":"C","status":"READY","cmp":-1,"lhs":[0,0,0,0,5802557035835315,16638949723890048288,17294879234582484159,7016588480424550968],"rhs":[0,37280259,17033930205624738935,14050321722608643109,17898565529220866123,3991742244662272732,6840190409764791652,5738863564883232992]}
{"op":"C","status":"READY","cmp":1,"lhs":[0,0,0,0,0,24,13281317633361364362,9942276821080791652],"rhs":[0,0,0,0,0,0,3419803159955151,2592069869908162256]}
{"op":"C","status":"READY","cmp":1,"lhs":[0,0,0,0,3054345,810581949743607273,14919253482843669288,10798365041728851264],"rhs":[0,0,0,0,0,50867823407340273,13627716259295538366,10643963060943720286]}
{"op":"C","status":"READY","cmp":1,"lhs":[0,0,0,0,5309282565553395538,5375797551543971811,8371880636682748429,21375522089279812],"rhs":[0,0,0,0,467,4879792445396961230,17404981913755718600,6694905814245518111]}
{"op":"C","status":"READY","cmp":-1,"lhs":[0,0,0,0,0,0,13409,2104408512543107815],"rhs":[0,0,0,640384,17178839152307464697,1332672839390402758,9836981666474389456,6317811430977722620]}
{"op":"C","status":"READY","cmp":-1,"lhs":[0,0,0,0,6,14840873350508123057,13664519995291904996,6858969060562987874],"rhs":[0,0,0,0,60640440770405239,15217438532282341491,6239814367125489773,10434771411731807032]}
{"op":"C","status":"READY","cmp":-1,"lhs":[0,0,0,0,3751750073983,5197594356027211620,11722302038392054164,11649061470274612728],"rhs":[0,0,0,0,962809213598037114,17127989670927763298,5351487148568876815,9448873936160839023]}
{"op":"C","status":"READY","cmp":-1,"lhs":[0,0,0,0,0,401,3339808389847771336,14289523921412312256],"rhs":[0,0,0,0,0,101351250922,8230761071604446426,931198376401720749]}
{"op":"C","status":"READY","cmp":1,"lhs":[0,0,56713773605,14207472645139048802,11905382990002025086,18240925026735932230,353867037161452336,15949443571135726644],"rhs":[0,0,0,0,0,377751396,6234978112364754180,2927772456937493048]}
{"op":"C","status":"READY","cmp":-1,"lhs":[0,0,0,0,0,0,1748509184834,14180643520846106411],"rhs":[0,0,0,0,0,12937052269814785598,6063377936474314082,17848685947623370997]}
{"op":"C","status":"READY","cmp":-1,"lhs":[0,0,0,0,0,0,343320761105880672,10662231648003470948],"rhs":[0,0,57,12997337088720386960,18012985984127264808,3671629958915632870,3668134970286226973,18295401241249554454]}
{"op":"C","status":"READY","cmp":1,"lhs":[0,0,0,0,862602866871892248,14216339581317448483,13563454730195741716,1399954510106181760],"rhs":[0,0,0,0,2979351,470974177829607669,16046860663069138042,2225866207250750018]}
{"op":"C","status":"READY","cmp":-1,"lhs":[0,0,0,0,0,0,0,3404596973570],"rhs":[0,0,0,0,246762213871229880,16244565832882917023,17992041993663566349,15233845096368695908]}
{"op":"C","status":"READY","cmp":1,"lhs":[0,0,1761489,8120776466432545306,17698793952053450827,7730517642508216669,16523186364416432012,10928617549350880180],"rhs":[0,0,682750,14116361148841239973,572257723066876224,16451088525454471284,15565818565534005231,9030167651190842960]}
{"op":"C","status":"READY","cmp":1,"lhs":[0,0,0,43421356,3688103602095857117,17049523746002417945,10187603157753897347,14209843524343495971],"rhs":[0,0,0,0,3,479677780229417883,2875449060019415464,7852068848266078794]}
{"op":"C","status":"READY","cmp":-1,"lhs":[0,0,0,0,0,0,1169033,16076144567897488512],"rhs":[0,0,0,0,0,0,1933927203,13788159697312018397]}
{"op":"C","status":"READY","cmp":1,"lhs":[0,0,0,0,0,0,543253483091646755,17795256468725448333],"rhs":[0,0,0,0,0,0,103796,7104916964443589960]}
{"op":"C","status":"READY","cmp":-1,"lhs":[0,0,0,0,0,14180923594089243802,149892558422712547,5708493543114920610],"rhs":[0,0,1,1702107365532497352,5921786333425391285,5246411867800956487,12130266472773159335,4975250901697517922]}
{"op":"C","status":"READY","cmp":1,"lhs":[0,0,0,57430,18103440674936239465,4375486214558034428,14948742764545204937,14391952856240115433],"rhs":[0,0,0,0,38760354,7436232565630086508,9277258421827121303,16960340641765558506]}
{"op":"C","status":"READY","cmp":-1,"lhs":[0,0,0,0,185709679624250,13527873121651666712,9768259961275460247,5072694585928428311],"rhs":[0,0,227923645656,6598943277059080162,2481437195627803273,13517685736342177461,16807640948767477969,9924952833146492232]}
{"op":"C","status":"READY","cmp":-1,"lhs":[0,0,0,0,18072479158,1591533437105327154,3325379518589211021,5350071403915409990],"rhs":[0,0,0,0,69516053277290008,728587379215636704,13216387674630069649,7232380428991670520]}
{"op":"C","status":"READY","cmp":1,"lhs":[0,0,0,8292531323843,14897987777254216093,18230998678648153136,18394460922529585551,5381190599606891237],"rhs":[0,0,0,0,0,0,3099400915342,3468356309133690365]}
{"op":"C","status":"READY","cmp":-1,"lhs":[0,0,0,773,4812091223204116755,3100417425565286006,14204610889263526231,6701744756767462880],"rhs":[0,0,3063852522223611061,9820579319458604067,9472818102767229636,7461828374247330906,4251486164474614743,5948788632271786390]}
{"op":"C","status":"READY","cmp":1,"lhs":[0,0,0,0,0,0,113267957856,10981458206944564142],"rhs":[0,0,0,0,0,0,1682,10623168437528999635]}
{"op":"C","status":"READY","cmp":-1,"lhs":[0,0,0,0,0,0,0,1305],"rhs":[0,0,152898558,10129756582617248036,3625037347706654969,13587484887151239937,804901895468490877,17583267564294176085]}
{"op":"C","status":"READY","cmp":1,"lhs":[0,225818,8691236077936387026,12147986221649335927,11862729844631855954,292355355956206350,4570729232003690268,12967617592581216894],"rhs":[0,0,0,408488666,13008848140838420562,7122097160753720553,12573225947113300587,9005108236818644494]}
{"op":"C","status":"READY","cmp":1,"lhs":[0,8718,7181997669756297050,15866953943660267898,6388773069306172176,9381432528650699044,17941786636899474007,3000902129615061312],"rhs":[0,0,0,0,0,0,271728344120046,10570824282724155928]}
{"op":"C","status":"READY","cmp":-1,"lhs":[0,0,0,0,0,5,5452275769703638490,2424520369496530595],"rhs":[0,0,0,0,21420303,1575614860346933889,5858394926780602719,13199524002837489453]}
{"op":"C","status":"READY","cmp":1,"lhs":[0,0,0,5697024,4408473754704008819,18154280733528425839,15521463369307478994,7725536451201157512],"rhs":[0,0,0,0,0,31181001879138341,7194341874550366398,16775478695396635689]}
{"op":"C","status":"READY","cmp":-1,"lhs":[0,0,0,18,12485929740033823523,8001831512641740565,8651932930758973215,12908259111785740038],"rhs":[0,0,12185695,8374560199267473254,11817414631559406191,11839090478120246743,1898399179623492989,18244618167203971933]}
{"op":"C","status":"READY","cmp":-1,"lhs":[0,0,0,0,0,64157683533,3954203737972769220,17382911879080543506],"rhs":[0,0,0,0,258915087420884424,18029490797097618646,11415822534228560814,10263752331193353900]}
{"op":"C","status":"READY","cmp":-1,"lhs":[0,0,0,0,4056,14158198122922667290,17392406430308036260,4310258145163473216],"rhs":[0,0,4614748047810912146,17737643857493187163,4702186948451002649,16848201398677864976,17895462642668828608,14365370687351182288]}
{"op":"C","status":"READY","cmp":1,"lhs":[0,0,0,2697,1926951659023463838,11639269745243678479,13498700448088115637,14619322112445168084],"rhs":[0,0,0,0,0,0,9529816699031536,13214597126801858585]}
{"op":"C","status":"READY","cmp":-1,"lhs":[0,0,0,0,0,0,91851,4710223895049863748],"rhs":[0,0,0,0,0,492072924009,7528748814168306266,12936488822050677928]}
{"op":"C","status":"READY","cmp":-1,"lhs":[0,0,1,12654637365078282234,16182605649944350484,16164966386549136233,17808814544029287761,504251282586207994],"rhs":[0,8,12079318131829751573,4311415970186916103,14995185377316332350,4760288546386841844,1187888653395437271,8704955083583879304]}
{"op":"C","status":"READY","cmp":1,"lhs":[0,10,893154452784734816,4741335728810698963,10937350459222873004,10250843186936106848,5742385626787311055,18220969171562910444],"rhs":[0,0,0,0,57516255562,8317485124945248796,14819336627005956255,5114252593431507048]}
{"op":"C","status":"READY","cmp":1,"lhs":[0,0,0,0,770636282253564819,13041400222968478839,7927100832081288528,10720347226066201110],"rhs":[0,0,0,0,0,3812371071,15005989253959772928,10804874437711711360]}
{"op":"C","status":"READY","cmp":-1,"lhs":[0,0,0,0,0,0,69878461150338,4504488676769921299],"rhs":[0,0,0,9,8805048662628201360,8711833111256695534,13766396284513572510,17958514542777163032]}
{"op":"C","status":"READY","cmp":-1,"lhs":[0,0,0,0,417820899,17270067659451891610,4942525399441489196,5843367640037616376],"rhs":[0,0,89067751513886,1002210857084278926,4729719450780468218,4502198707491292214,13000322968428082700,15179214252423645816]}
{"op":"C","status":"READY","cmp":-1,"lhs":[0,0,0,0,1,4085454286704929062,6304855621989207475,12205199277963900650],"rhs":[0,0,0,74305411,5381646990867228465,2329565205539605403,284241056268215270,11636213137353766144]}
{"op":"C","status":"READY","cmp":1,"lhs":[0,0,0,0,646867034910876656,4318722759029124991,13052851876300420938,9908751765666914520],"rhs":[0,0,0,0,0,7345,6840513690984349906,11922344431982500684]}
{"op":"C","status":"READY","cmp":1,"lhs":[0,0,289510,29408773783896693,15527553747087366368,9439337700652582872,9914096858527838534,1295095024545713092],"rhs":[0,0,0,0,0,4301,11404267255120296085,1779307896184124059]}
{"op":"C","status":"READY","cmp":1,"lhs":[0,0,0,0,2071,8886995418406995894,12547091043278803812,394071378501740692],"rhs":[0,0,0,0,0,528430027,10417012683660386120,4266889140748695046]}
{"op":"C","status":"READY","cmp":-1,"lhs":[0,0,0,0,0,0,0,28847424320],"rhs":[0,0,2,990023586425689991,10421385300363105323,16536844184108951442,14189977747963947380,16036916190478344117]}
{"op":"C","status":"READY","cmp":1,"lhs":[0,158,8540256662372487611,6237535297196390418,9778417918210055613,17837208384858881691,4965257094053016627,16128302077799359169],"rhs":[0,0,0,0,0,5614099605017599398,15327100307866979090,5464752649475004975]}
{"op":"C","status":"READY","cmp":-1,"lhs":[0,0,0,1118327470599,3151784703212694196,1155234476480726896,16400719820832796314,10653481302007980193],"rhs":[0,0,0,3054101167524,11048092131382992000,14741235325298917376,10256267562386552875,1227982175208856560]}
{"op":"C","status":"READY","cmp":-1,"lhs":[0,0,0,0,0,418,8100398687342004898,16037953581859623874],"rhs":[0,0,0,53299150186,7021790971851568353,4465401948610624642,7864591166634061734,2572334778792644652]}
{"op":"C","status":"READY","cmp":1,"lhs":[0,0,0,0,0,2015895477587381,2089439670009118155,225669865322980114],"rhs":[0,0,0,0,0,0,0,12491696622825]}
{"op":"C","status":"READY","cmp":-1,"lhs":[0,0,0,0,0,196024323766815803,789861180366874404,2466100885976184118],"rhs":[0,0,0,4752682878498140,16747794404750993138,17139484903531332871,6113487684431055085,17050229543895647228]}
{"op":"C","status":"READY","cmp":-1,"lhs":[0,0,0,0,0,1,1584328432791834112,9662168423469638584],"rhs":[0,0,0,174016,10073643421391215156,6005297281302294174,5124104890670523704,13459337790824549434]}
{"op":"C","status":"READY","cmp":1,"lhs":[0,0,0,0,0,0,136462571673,14271361540802662912],"rhs":[0,0,0,0,0,0,38,11689958188504157613]}
{"op":"C","status":"READY","cmp":1,"lhs":[0,0,45,12122211768176721900,15491018927317304606,11015451746988561327,10338874280198940320,5605882720795453622],"rhs":[0,0,0,0,0,3456707346048564,14462675483001111247,15892284661229101654]}
{"op":"C","status":"READY","cmp":-1,"lhs":[0,0,0,0,0,0,125396937,9085442003166178790],"rhs":[0,0,18598798236,5046467542142415733,8495501573428305057,12881700371531516667,2129694588761173471,6963111420462151574]}
{"op":"C","status":"READY","cmp":-1,"lhs":[0,0,0,0,16172115450,6022813523408950553,17293282811971162828,15131438869849359888],"rhs":[0,0,1873,291178756592284161,15771700900795050074,9902860334369398207,9362701745123936239,8142194237891717312]}
{"op":"C","status":"READY","cmp":1,"lhs":[0,0,3310248739618,10430964370295825162,15704821414940393271,11702522038309799881,6900260858434909304,12862545861463608918],"rhs":[0,0,0,0,0,0,56413668,10439264244868133632]}
{"op":"C","status":"READY","cmp":-1,"lhs":[0,0,0,8050620,17295049739561879480,17234239141381100185,4319480668721715301,7067948718095328965],"rhs":[0,0,0,14501863134913095,10673907025412191246,15023365250540862791,18133021305359249700,4954941838365797898]}
{"op":"C","status":"READY","cmp":1,"lhs":[0,0,0,0,16369861344605,7596801042883964256,9133169908657993989,15089075082051977536],"rhs":[0,0,0,0,17,18224444143309723524,16228561357400689951,15581610372814453176]}
{"op":"C","status":"READY","cmp":1,"lhs":[0,0,4442720,16307352985238563730,3965972635278095564,10547714639949899586,7502245442558793404,9158162043487613018],"rhs":[0,0,0,0,0,45209410197608,18430055042506773485,13161220957553017254]}
{"op":"C","status":"READY","cmp":-1,"lhs":[0,0,0,0,0,62667895684586411,2762787362479362256,789436509862570542],"rhs":[0,0,3886717810749235,9708656035379941741,5066062258830216753,12153496297381400647,17372601064105064953,7569148803819543644]}
{"op":"C","status":"READY","cmp":1,"lhs":[0,0,0,324190582271570510,10144764064399283666,9306368582993463983,17135317896990528198,5497295884796385933],"rhs":[0,0,0,0,0,0,0,35591396286012]}
{"op":"C","status":"READY","cmp":1,"lhs":[0,0,2,10852824854617884283,5400441848116590443,13977646934977609352,4554293984362921002,7130156783505947220],"rhs":[0,0,0,0,11807453093074236867,15069171472403218303,10424988367634703659,11911208958452752424]}
{"op":"C","status":"READY","cmp":1,"lhs":[0,0,893153528973,6755196254182090689,13579950155076818203,8079916605074719009,14330811614813779441,421646427310288996],"rhs":[0,0,0,1245926402,7188940885074043509,14592122986164481617,684630851978143688,13610827980318248902]}
{"op":"C","status":"READY","cmp":-1,"lhs":[0,0,0,0,0,0,4241694718877,17569457831035491493],"rhs":[0,0,0,155845064826,16576090263040635408,5034199777473308193,3564890184068466150,13531393955363411965]}
{"op":"C","status":"READY","cmp":-1,"lhs":[0,0,0,0,0,0,0,3825436508959439],"rhs":[0,24965203,14258609978015280321,12890233778788492,5573442167633597295,6176338242678632651,15197939038636437687,16033836300544424295]}
{"op":"C","status":"READY","cmp":-1,"lhs":[0,0,0,0,0,0,25823766770645910,4974840965603103588],"rhs":[0,0,0,0,10898,3373473952138484376,15030752886869337164,11079322848546784563]}
{"op":"C","status":"READY","cmp":1,"lhs":[0,0,0,3834657521,434742897119676411,7810931765503198900,10889506151963777001,5415217722874944552],"rhs":[0,0,0,1045592217,11204908587901245635,16966835485510888172,3536088977403398,4830483221061579892]}
{"op":"C","status":"READY","cmp":1,"lhs":[0,0,0,0,13597300535919686532,11068844397353270423,16874955357729504439,17201731156924473489],"rhs":[0,0,0,0,0,0,0,0]}
{"op":"C","status":"READY","cmp":-1,"lhs":[0,0,0,0,0,1014,1128352527975276446,9605392769893432921],"rhs":[0,0,0,0,1404044346503472737,9977655623418782831,14649549685863808589,14210574694951326408]}
{"op":"C","status":"READY","cmp":-1,"lhs":[0,0,0,0,0,23870456,9098866865897689752,16273682115673072507],"rhs":[0,0,1,8535884501176054231,2865259852195170539,15903983959725056132,15315687663557855115,5858486073338335614]}
{"op":"C","status":"READY","cmp":1,"lhs":[0,200540369609967,5409916117196222114,4770020767056460316,7808243914247548150,3783517106687166052,7356369888310566104,8323889898267473482],"rhs":[0,0,20592082391,10696749867892302582,9980088386792622790,15751508965407213669,5108282586449783343,11566144213619094308]}
{"op":"C","status":"READY","cmp":1,"lhs":[0,0,0,0,90182912261997,11011179247954438675,1930178911363010974,8899261972464157504],"rhs":[0,0,0,0,0,25006693366485,16041357119854332190,12832106968225847162]}
{"op":"C","status":"READY","cmp":-1,"lhs":[0,0,0,0,0,0,0,6795346599763973],"rhs":[0,0,0,81487844,11586410531547265164,11900387909750791404,7717988152188931177,8625713773419220656]}
{"op":"C","status":"READY","cmp":-1,"lhs":[0,0,0,11320434,446546339180168537,4786906691002473059,3471988855826502703,7291680688347834872],"rhs":[0,0,0,656430743441225514,13152246199532518785,8462932647336763326,15761313937378755863,647787572823414972]}
{"op":"C","status":"READY","cmp":1,"lhs":[0,0,0,1539222661537,14406604612870828627,13394735114427669490,6137889100603263796,16559553080297629504],"rhs":[0,0,0,0,197167838316635,9259297771535524581,9619767503798647965,14519267880463610572]}
{"op":"C","status":"READY","cmp":-1,"lhs":[0,0,0,0,0,150114129319222,8874998696871903945,8021901403115049194],"rhs":[0,0,0,0,265618666941920,12311487986654427801,6350068119181884129,2893769222202484704]}
{"op":"C","status":"READY","cmp":1,"lhs":[0,0,0,0,0,0,559204386956479743,2911900215822935559],"rhs":[0,0,0,0,0,0,0,16624]}
{"op":"C","status":"READY","cmp":1,"lhs":[0,0,20968977,293523842674279257,11292855476675818659,10756589821715391898,4699710651680350479,13281472232138195505],"rhs":[0,0,0,196807,8961894198520621716,11860708527810401260,7272828727790826096,13178863549709240186]}
{"op":"C","status":"READY","cmp":1,"lhs":[0,0,0,77152931143025,15019593581857421959,7408014924066375448,12905862651677942602,17273220245269837963],"rhs":[0,0,0,0,0,0,0,1667428367033353781]}
{"op":"C","status":"READY","cmp":1,"lhs":[0,0,0,0,0,0,584619968206104,3435090649962438154],"rhs":[0,0,0,0,0,0,2327718050,5143553695630018606]}
{"op":"C","status":"READY","cmp":-1,"lhs":[0,0,0,276444938156984744,5585725852695838563,5367173228064175477,13602115698007387431,14547225133763471858],"rhs":[0,1724520038577589,12081658847098614910,14495177513762401696,10848513221991267846,15718947277814845578,5641035968910256222,2550623970385034132]}
{"op":"C","status":"READY","cmp":1,"lhs":[0,0,7188256,3779317619302005170,9902583830465969220,17543963109097524612,4201065461740681754,5715802866359069308],"rhs":[0,0,11638,3609311864098305436,18334748931144595589,18062813388845825211,5638928370785202713,10308901738178841306]}
{"op":"C","status":"READY","cmp":1,"lhs":[0,0,0,0,5349708,4444462668523483799,16017528642104394799,3990137363579104359],"rhs":[0,0,0,0,0,17425816,719584458826832089,5719495489879850758]}
{"op":"C","status":"READY","cmp":-1,"lhs":[0,0,0,0,0,0,0,0],"rhs":[0,0,0,0,0,0,0,55573]}
{"op":"C","status":"READY","cmp":1,"lhs":[0,0,126243556674500695,8074427941145685656,16033581511051769595,1644201860659151923,10457129366443820847,15558464665845820462],"rhs":[0,0,0,0,63500202623,3290381944181778206,14618655448837497731,14553640563711309068]}
{"op":"C","status":"READY","cmp":-1,"lhs":[0,0,0,0,10193647328872143,6237985749240063249,12888102313581935166,750682889365736696],"rhs":[0,5961,13255730801267479074,9001609981641671449,6233523246654422927,2406359205566278114,7063929713611688292,6835469593677953306]}
{"op":"C","status":"READY","cmp":-1,"lhs":[0,0,0,0,0,3878161030542582,14023970593680535584,11679530517727532552],"rhs":[0,0,0,0,115069858293606208,3594675633793294071,5672252657770446279,8236723738034154704]}
{"op":"C","status":"READY","cmp":-1,"lhs":[0,0,0,0,0,6911756612,18089603832293241641,10291343393958083147],"rhs":[0,0,0,0,59757037,17651586809855737622,12485743189133143866,411590535466842643]}
{"op":"C","status":"READY","cmp":-1,"lhs":[0,0,0,0,487878652755495,15657935186900684454,3691983976804909754,4555293564969775128],"rhs":[0,212018,5703473594097282054,14967533778086074429,5553881283316310314,12112170321233756818,4393144037286318900,1322428350330246742]}
{"op":"C","status":"READY","cmp":1,"lhs":[0,0,0,0,89420,13311567248008567906,16452352778214730908,9932734031359278171],"rhs":[0,0,0,0,0,11249,6165765075308609656,2610546088930963456]}
{"op":"C","status":"READY","cmp":1,"lhs":[0,0,0,4,11744575846637137785,2921994374584237408,14706018773642046403,9767976228968662060],"rhs":[0,0,0,0,0,13453770,17511456323562207445,8564364110632343628]}
{"op":"C","status":"READY","cmp":-1,"lhs":[0,0,0,0,0,1361936218920804,16655957390536356490,10859922613980384827],"rhs":[0,0,0,0,111167286071617,1388741461471108825,9999561587007518900,15620730392545158496]}
{"op":"C","status":"READY","cmp":1,"lhs":[0,0,0,0,0,0,28248096235933672,5663714284450960973],"rhs":[0,0,0,0,0,0,571,18179886753739561694]}
{"op":"C","status":"READY","cmp":-1,"lhs":[0,0,0,0,26773338730331,2828144990824464134,10164317288270735686,8231092358775268903],"rhs":[0,0,0,166539787380544207,2198638402109513758,10668953787657189333,6343246146137919115,12261996317096254837]}
{"op":"C","status":"READY","cmp":-1,"lhs":[0,0,0,0,1562552346,4021355239681087474,1627318986972072527,2890234930470450491],"rhs":[0,0,0,6799825974,2465692214134845629,11339985924020034905,18430537252991931771,345859371676140821]}
{"op":"C","status":"READY","cmp":1,"lhs":[0,0,0,131391512502872,13929125523946887403,9257000590874884703,3609115466074251637,13872651492171215186],"rhs":[0,0,0,87454040,4835748022751394277,3999464741758896532,13553494863087260366,46302416132203684]}
{"op":"C","status":"READY","cmp":1,"lhs":[0,0,0,0,1602,4008688897900968853,375123103532370416,5559936583878181992],"rhs":[0,0,0,0,0,0,0,10258095600]}
{"op":"C","status":"READY","cmp":1,"lhs":[0,0,0,0,0,8746641441,10431728420499875277,8078667713216420941],"rhs":[0,0,0,0,0,0,6333655223575156,1920384400560904613]}
{"op":"C","status":"READY","cmp":1,"lhs":[0,0,0,2319344876304,3716344498666502170,669947893678752702,5054313773925691009,10906667128544854240],"rhs":[0,0,0,0,0,0,11634193515,717588776245036278]}
{"op":"C","status":"READY","cmp":1,"lhs":[0,0,16380220,17056957738786545341,13926862017085480898,1968186789412064565,2634889461505118865,1047277115779570511],"rhs":[0,0,0,677140682190272275,12559669123875479604,3030111964889072841,9524178149389844094,2539627157460043575]}
{"op":"C","status":"READY","cmp":1,"lhs":[0,0,118772758478928127,17329691764862052893,11939208831552131396,8526841074273688377,1357702813267004814,3981853497466830306],"rhs":[0,0,0,0,239914123857,7675405462466513362,15136927186716618258,1721688548927840312]}
{"op":"C","status":"READY","cmp":1,"lhs":[0,53431,142920246189839277,4457929123328551454,11753149365100656898,4114242288606818450,4055288086495862146,13147340865304129928],"rhs":[0,0,0,380450734688003,715855140001879017,15829686661725962746,4755276989003088426,3069873877980805248]}
{"op":"C","status":"READY","cmp":1,"lhs":[0,0,0,3303768084,17573360154386633031,4128112200126574561,16597748724396757822,6579682578862052484],"rhs":[0,0,0,0,3,6882528928670116677,13945796797028473963,6206787029570403880]}
{"op":"C","status":"READY","cmp":1,"lhs":[0,0,0,0,28851045169237,2584235039356475860,16518427225169935830,12386310013688929600],"rhs":[0,0,0,0,3416790,4316549995662664385,8485497591865477524,14869214590258067738]}
{"op":"C","status":"READY","cmp":-1,"lhs":[0,0,0,0,0,1838017229405762079,11897611449327394797,6236858262852375144],"rhs":[0,0,0,0,79494684190,16609096778205375469,3578601187979429143,3650891761638168684]}
{"op":"C","status":"READY","cmp":-1,"lhs":[0,0,0,0,0,0,0,2489029764],"rhs":[0,0,0,0,0,0,0,303343462026]}
{"op":"C","status":"READY","cmp":-1,"lhs":[0,0,0,0,0,11339619367159269,2494781125461747167,17077508624493648566],"rhs":[0,0,0,0,11801937586131738,5504250051869872113,4221712825399363632,14026256211610433312]}
{"op":"C","status":"READY","cmp":-1,"lhs":[0,0,0,0,0,6639372,17519670601658561336,9093511606230159484],"rhs":[0,0,0,0,0,341192145816103,15803085664725414446,14211749012461286226]}
{"op":"C","status":"READY","cmp":1,"lhs":[0,0,0,0,134912223767584128,1500056412153962319,9321048857995814324,7159788228091164602],"rhs":[0,0,0,0,6498906037078384,13722714368740734631,2935284926021349333,17548681530984055768]}
{"op":"C","status":"READY","cmp":-1,"lhs":[0,0,0,0,0,1530224156661421902,15336388057589793140,7827091465077009728],"rhs":[0,0,0,0,35,4262223223660355008,3164739175695832009,2841078567361829724]}
{"op":"C","status":"READY","cmp":1,"lhs":[0,637326,3039497659184180689,5677955237141859754,13669570326408205569,4976003264160664985,12985850704082499427,3297157016486425860],"rhs":[0,0,0,0,221820132742,10887587234978361326,10076623405167112187,14247048472730225920]}
{"op":"C","status":"READY","cmp":1,"lhs":[0,0,0,0,427,225584711078384999,11824943737959173044,4974967443184004600],"rhs":[0,0,0,0,0,16217156,18017324913897370017,18008710603902818352]}
{"op":"C","status":"READY","cmp":1,"lhs":[0,0,0,7086007,7011627135023500597,16591793740342743574,12092366978035898289,13610290490192788593],"rhs":[0,0,0,0,0,21884129184142769,9934186442507028803,3188048297616634144]}
{"op":"C","status":"READY","cmp":1,"lhs":[0,0,0,0,2657075013,2563762369108611902,6516616488397295364,8101047068018699641],"rhs":[0,0,0,0,0,136,4895108258444600053,17405564962604788023]}
{"op":"C","status":"READY","cmp":-1,"lhs":[0,0,0,0,113755813,2560845421869957761,3508438456973458911,9593772074133064640],"rhs":[0,0,37904,4540064952862899137,319839869026442427,6131266869658467367,12945005756557633744,7044916586533013556]}
{"op":"C","status":"READY","cmp":1,"lhs":[0,28282395,3741081254353408020,115386082233706340,2431165654267215303,8461236287741997557,17828050727727916007,17738753826150424118],"rhs":[0,0,405181074297,15191460855952089488,516381970372618799,17559307145154239615,9937515975487169513,1170781962479580856]}
{"op":"C","status":"READY","cmp":1,"lhs":[0,0,0,0,39126335,2967116018114660895,7155636501518654070,6642518268924971560],"rhs":[0,0,0,0,0,0,0,750969194932656]}
{"op":"C","status":"READY","cmp":-1,"lhs":[0,0,0,0,0,1078288,15233546831840273401,3742976908564185716],"rhs":[0,0,0,1449,12535718758910686914,6991829748596855812,12995201000452390004,9017495482172409120]}
{"op":"C","status":"READY","cmp":-1,"lhs":[0,0,0,0,44851700,5495977182585851411,17715781747972075551,12461619728878309053],"rhs":[0,0,6,6903368783707428858,12413062390862821836,4537627260035194914,9907319394382488243,9119320359466410525]}
{"op":"C","status":"READY","cmp":1,"lhs":[0,0,0,91543028228712,7760094642456000757,2148378278135169000,11653161737959154193,9638196281080690584],"rhs":[0,0,0,0,0,0,0,459750495602920]}
{"op":"C","status":"READY","cmp":-1,"lhs":[0,0,0,0,99305,16030037530051009358,7583435336596382226,4517128342907656856],"rhs":[0,0,0,817873398074346706,10714804565266855352,10638662211481061238,5540974806131917466,9671318156789652811]}
{"op":"C","status":"READY","cmp":1,"lhs":[0,0,0,3493749561434109545,15202945391827322554,1682248583562060987,12807143206030515377,16106176635587885502],"rhs":[0,0,0,31211292,5129839998450193761,9682766046444657619,17138986316133332382,15165713820640821832]}
{"op":"C","status":"READY","cmp":-1,"lhs":[0,0,0,0,0,0,17092908785772,60102722102147058],"rhs":[0,0,0,0,10137048,11040801354270208304,5360357566421753747,90164704499280444]}
{"op":"C","status":"READY","cmp":-1,"lhs":[0,0,0,0,0,0,0,12270919504701],"rhs":[0,0,0,0,1289705023,16993651128403297643,17338608250126281425,2374841681699659729]}
{"op":"C","status":"READY","cmp":-1,"lhs":[0,0,0,0,0,2936309165,15131839529257771933,4365500124242208653],"rhs":[0,0,0,0,2114940416461,5360410822571963914,3351007895554000181,17372200462253729096]}
{"op":"C","status":"READY","cmp":-1,"lhs":[0,0,0,0,0,1039375976,10231995312924272949,124359551257342170],"rhs":[0,0,0,0,1016,8089087526509064858,12411136014758234118,8643605176188465955]}
{"op":"C","status":"READY","cmp":-1,"lhs":[0,0,0,0,0,0,0,20814],"rhs":[0,0,377229,13578736690850932223,10932553698359840013,5879588047048647857,13420479473581487471,2275449660762930294]}
{"op":"C","status":"READY","cmp":-1,"lhs":[0,0,0,10843518703,17038103820289911726,365414700432034559,17628667967139832881,8442449547518291652],"rhs":[0,0,190719974,14209608964774690504,12033100561513955110,10663148702602334710,7405692702845848228,11899761611221244254]}
{"op":"C","status":"READY","cmp":1,"lhs":[0,0,0,6397457971574,2867177913125441397,16314344208338500638,16022353008119302301,4753586149499697515],"rhs":[0,0,0,0,0,0,0,74711481280]}
{"op":"C","status":"READY","cmp":1,"lhs":[0,0,461,14069689905122257342,7562572331140605514,11773765344992858523,18431289311334469238,684238518666122728],"rhs":[0,0,0,87849338572914,2189834999387971952,3250283005403403722,13741360344343390789,14589434213321056343]}
{"op":"C","status":"READY","cmp":1,"lhs":[0,0,0,120676114,4403353887358737660,13027899199629478631,10708718870031342312,13087631379552460728],"rhs":[0,0,0,0,2,4846272208817917372,9744086619042335363,9523979940920143906]}
{"op":"C","status":"READY","cmp":-1,"lhs":[0,0,0,0,0,0,135144496229479,14042580889041815173],"rhs":[0,0,0,0,0,582152909647,5958417082025426500,7767926684938247605]}
{"op":"C","status":"READY","cmp":-1,"lhs":[0,0,0,0,4725923685400,1402541572196512790,12423774572873443543,13512363716017696751],"rhs":[0,40,14816018435051367404,373814965002855690,10874683644069142663,11021953672353988923,9422077670366811087,5155067509955225613]}
{"op":"C","status":"READY","cmp":1,"lhs":[0,0,0,0,62560,1927356201696272332,15862556834426973213,8726695511253620299],"rhs":[0,0,0,0,21,5906347800909123565,524173527119496519,4853834181692576285]}
{"op":"C","status":"READY","cmp":1,"lhs":[0,1123105820655,13815673774169157630,1402963068990083866,1337154098100922867,8506110927628752653,2813971096553054691,14549263021000312353],"rhs":[0,0,0,4728963662696,5236125020035413744,16912303804488458474,2992530932527190069,4802218825795342860]}
{"op":"C","status":"READY","cmp":-1,"lhs":[0,0,0,50172935,12128025187347440001,12244804479443046364,7380380313432073103,8704497260205201154],"rhs":[0,0,0,25703669206,14235806110981126290,611682473778214124,4725415216313785755,6875820792896308261]}
{"op":"C","status":"READY","cmp":-1,"lhs":[0,0,13184573398,5009442490560502992,1526575637084566090,14067716786756690747,11940552357118390721,4869538354589745765],"rhs":[0,0,120329046429698252,14232474372207985457,14684635500074726521,4804586460755149181,11557662114373816716,5745980572910271708]}
{"op":"C","status":"READY","cmp":-1,"lhs":[0,0,0,0,0,0,42175,657355045507995785],"rhs":[0,0,0,0,1157476911222155573,17602471015613534194,11273876413668072787,17078780946788611436]}
{"op":"C","status":"READY","cmp":-1,"lhs":[0,0,0,0,0,23133192,10458434752706592636,13642779811373754742],"rhs":[0,0,1960,1071274264141457063,15684809497824358328,9218941959692085252,13602334330266950975,13382952703837107988]}
{"op":"C","status":"READY","cmp":-1,"lhs":[0,0,0,0,269,7826815940706511600,12682784390042708729,5838079315790552464],"rhs":[0,0,171319512169649092,7239891693274571726,8594232199374494144,13884886409539790680,16507492218227719932,16060561034439319021]}
{"op":"C","status":"READY","cmp":1,"lhs":[0,0,25201908767,4490148576112665901,5733954492500837001,7756142297981919179,16056944471357371833,10164304860601581486],"rhs":[0,0,0,0,0,0,832808403,11466705036576241568]}
{"op":"C","status":"READY","cmp":1,"lhs":[0,0,0,3602260885,5227310929209117751,9673704104397775809,5828721198970478500,3782992447823224070],"rhs":[0,0,0,0,33840168972,1268755596089918802,6374314346001894881,9159997018342693339]}
{"op":"C","status":"READY","cmp":1,"lhs":[0,0,0,0,0,2899028878057088947,6789168637785137054,13842546689089349616],"rhs":[0,0,0,0,0,23003147409313,11082885112427379550,17910860690258212992]}
{"op":"C","status":"READY","cmp":-1,"lhs":[0,0,0,1,7810129585189541642,11086955063654694646,17506915749232412577,16584848609943017360],"rhs":[0,0,141940586144050,8639258627130767230,2645984883453162876,10434193781217876995,2347162064982451475,14128823017136932212]}
{"op":"C","status":"READY","cmp":-1,"lhs":[0,0,0,0,0,0,0,546318514640004],"rhs":[0,0,0,0,64680493344869,11552864143168502659,10092595360245521711,17176496280140515003]}
{"op":"C","status":"READY","cmp":1,"lhs":[0,0,0,2171779553428285795,5759551308366297931,17315173970527219348,18118868727342069544,454887309747217590],"rhs":[0,0,0,0,0,0,135103934382576883,7733917567213224368]}
{"op":"C","status":"READY","cmp":1,"lhs":[0,23299,16944086714176819679,4141149571751789248,9429951576809793058,7666350758077825774,1730069107331025668,8476064952034705042],"rhs":[0,0,0,0,0,608376480896,17473387694558815165,18034260848935981414]}
{"op":"C","status":"READY","cmp":-1,"lhs":[0,0,0,0,589976816834,13158132419257791646,17545276610903974483,13209456864125838146],"rhs":[0,0,0,663592965,6383413702650571460,2520641643408408172,6295946220071280739,11797711702270810981]}
{"op":"C","status":"READY","cmp":1,"lhs":[0,0,0,834080816737128,3784622415125704050,4765361463357073358,11729697442838034369,3199385756203676589],"rhs":[0,0,0,1057412,6372417405080107439,6315046738862938757,8771333385943798115,16603332395883200794]}
{"op":"C","status":"READY","cmp":1,"lhs":[0,143150579737704,6139918020164554788,2070955755022025798,18442897762544767870,3989512206538997542,4647401119266233181,9744398747715874076],"rhs":[0,0,1821854,3496629657799031568,15631430726433994207,15865306320404020211,2792608631866185497,13921749992765124608]}
{"op":"C","status":"READY","cmp":1,"lhs":[0,0,0,0,36,6345179449354811215,14473116054429457628,14019640515218366695],"rhs":[0,0,0,0,0,15094859381,757092623404068498,10179036931182084184]}
{"op":"C","status":"READY","cmp":-1,"lhs":[0,0,0,0,18715893133,15204250619576086903,14613887502221912091,12154823300467956064],"rhs":[0,0,0,100235181292,14526652021577715921,4167772129212556235,2094154533872403385,18033628874211704268]}
{"op":"C","status":"READY","cmp":-1,"lhs":[0,0,0,0,644106262600688,16182369683517210745,10136339994977617764,3091668556194426588],"rhs":[0,0,0,28121482,16006266079965511175,7708235137844394054,7950658715880692295,15408766500523138314]}
{"op":"C","status":"READY","cmp":-1,"lhs":[0,0,420164,15772966432200254515,7384594229430997764,11341036459286339298,16694399159258635365,7685941838677643576],"rhs":[0,578,13396589537088574932,3782836876339774709,8213980296266643300,15527736962491436672,10488046447189311527,5779073229258837307]}
{"op":"C","status":"READY","cmp":-1,"lhs":[0,0,0,0,0,72750985530381,9053380714602631395,11138849290199018022],"rhs":[0,0,0,21575313190927,4624574270560068958,16469977754062969878,5612534324019671855,10112577247401679355]}
{"op":"C","status":"READY","cmp":-1,"lhs":[0,0,0,0,0,128395198,12133219236651857211,16733475971859058336],"rhs":[0,0,0,53474445318701,3873667127670321907,6137646202822832921,853876325049461328,13854178981701181808]}
{"op":"C","status":"READY","cmp":-1,"lhs":[0,0,0,0,0,5193516584,14849627325961416872,1736880947500680380],"rhs":[0,0,0,0,21792,3647839194085688631,9701708229632924059,114648540104517336]}
{"op":"C","status":"READY","cmp":1,"lhs":[0,0,0,0,5193572292414,13750863925645136402,11842327807680158457,9677673896047213696],"rhs":[0,0,0,0,0,0,34,2706066125337965106]}
{"op":"C","status":"READY","cmp":1,"lhs":[0,0,2773591,16898493172167726826,9690316456265263889,269570225341647137,15357044609575458355,9032185921052283712],"rhs":[0,0,0,23779833892457,16939021356261156242,16777991875535143220,6826980686632921461,18083416975589499105]}
{"op":"C","status":"READY","cmp":-1,"lhs":[0,0,0,0,0,9734795810103,2362183193835581292,309086103284701980],"rhs":[0,0,0,0,12929227028092862709,13422938188320951725,11886868782107892521,16125392808913430396]}
{"op":"C","status":"READY","cmp":-1,"lhs":[0,0,0,0,0,17180859479563032219,16554315580168695011,7090125557528081868],"rhs":[0,0,0,0,55,13422802163394951460,3731000822729710132,2205824809957508355]}
{"op":"C","status":"READY","cmp":1,"lhs":[0,0,0,0,3737637239964,14069220117796517551,9996655991611607601,9183286488356134978],"rhs":[0,0,0,0,0,18521848,15407926989007882782,6955069575869115604]}
{"op":"C","status":"READY","cmp":1,"lhs":[0,0,0,0,6150436221906101101,7806742225054607513,2654227166940156249,12843261991907223864],"rhs":[0,0,0,0,0,0,1272993730344255793,7981810329760684412]}
{"op":"C","status":"READY","cmp":1,"lhs":[0,0,279908511207475038,3317820936911382021,3490713529540354062,5137875691299358595,11104459269423247913,15114744820856161784],"rhs":[0,0,0,0,121,11164259882421368940,11784215118451162249,3406994222953213585]}
{"op":"C","status":"READY","cmp":1,"lhs":[0,0,0,16,6935695440756933362,16739529421213724509,10528385978674678238,17717915487871499712],"rhs":[0,0,0,0,0,130006974611,15988104794628339135,3496859507618086444]}
{"op":"C","status":"READY","cmp":-1,"lhs":[0,0,0,0,2138893365010363,18187747508961392803,5133070352740578073,15737781433047841850],"rhs":[0,0,15719,14798488630643391777,9079739173966005666,3728251218598695509,8098507528836737848,911876947886642563]}
{"op":"C","status":"READY","cmp":-1,"lhs":[0,0,0,0,0,0,2754829,18072790465233812792],"rhs":[0,0,28111202476617,17091667281335427310,8241898878812724456,10968413375748548935,14435808798554619452,2017713510627466538]}
{"op":"C","status":"READY","cmp":1,"lhs":[0,0,311664064,2774006306936006024,11914389513870228893,15030192296768957605,14857664936911331669,10372821893666361538],"rhs":[0,0,263898914,12244174086664768021,6389779415064926245,3498291449161453063,5827940514312899056,17395904671898602642]}
{"op":"C","status":"READY","cmp":1,"lhs":[0,0,74092329,8171554936620934905,13925919951040586983,10057190993789517485,8833883466480550201,6334965439489164562],"rhs":[0,0,0,0,17596,997205549839746229,8273484567716887790,5658587922182905052]}
{"op":"C","status":"READY","cmp":-1,"lhs":[0,0,0,0,0,0,7984,6240168059299055993],"rhs":[0,0,0,654905306391,8971413877972200092,5761654597312330790,12286560916643107416,8232767653774315895]}
{"op":"C","status":"READY","cmp":-1,"lhs":[0,0,0,0,3052605283347495,11022864873956181645,4401465620544891297,4382579686146870943],"rhs":[0,0,0,0,32573087137564688,2850187027334928600,5453427558700209241,6664775371027936499]}
{"op":"C","status":"READY","cmp":-1,"lhs":[0,0,0,0,0,0,37,10980550731097571905],"rhs":[0,0,0,0,0,16981,10570273584910549338,12424268176574611586]}
{"op":"C","status":"READY","cmp":1,"lhs":[0,0,322387,16150010352890867205,16847484990757056437,4186006077133031326,17457695638990289077,13196469626630391520],"rhs":[0,0,0,0,0,1166493510920683506,15564280206373110301,5111615547436039838]}
{"op":"C","status":"READY","cmp":-1,"lhs":[0,0,0,0,0,155059569015,7905850652259811347,8935566382600434133],"rhs":[0,0,1135887484,7797910748798008378,2060354515703083826,2135563215433309558,1040092514015195816,11391213534644360957]}
{"op":"C","status":"READY","cmp":1,"lhs":[0,0,5671191061075215,2280133588444475317,7411758657331132303,11376015769922097462,11454629816433460014,9717320875545353089],"rhs":[0,0,0,37426519051619,5873748720538121400,767475255078358576,5344221024863767478,3258827000757884272]}
{"op":"C","status":"READY","cmp":-1,"lhs":[0,0,0,0,0,0,0,0],"rhs":[0,0,0,0,4,15584718844506937415,11123572770415971272,15016196356986193231]}
{"op":"C","status":"READY","cmp":1,"lhs":[0,0,0,0,1685619,13800197766413725404,17417702647080570676,2430553279326141395],"rhs":[0,0,0,0,35679,11700483161709331727,2717009809905664648,4906197574380254361]}
{"op":"C","status":"READY","cmp":1,"lhs":[0,771355948,3751276439306774132,14202927582153754028,1860866256664516851,17839695506240100793,4574015763280405355,13602033119909454011],"rhs":[0,0,0,0,0,0,0,0]}
{"op":"C","status":"READY","cmp":1,"lhs":[0,0,0,2869537535,14592015487027919677,3845487481508681908,4184517984254750695,12174989590850558656],"rhs":[0,0,0,0,0,8,10564482694305786693,957575865392942669]}
{"op":"C","status":"READY","cmp":1,"lhs":[0,0,0,0,74426280292,14148994183372742483,14964336491624816961,5199804325145158845],"rhs":[0,0,0,0,0,257890198,5855233288494937719,11599760887941747644]}
{"op":"C","status":"READY","cmp":1,"lhs":[0,0,0,0,93049,7521828273394600630,16763663617444714585,8149033469314177712],"rhs":[0,0,0,0,0,0,0,129547255287014784]}
{"op":"C","status":"READY","cmp":1,"lhs":[0,0,0,0,709596852782731,9200997833953353584,5852317484386005099,1592925667816370016],"rhs":[0,0,0,0,546373130,1947749142762664538,2597750793259549017,15452752065980365868]}
{"op":"C","status":"READY","cmp":-1,"lhs":[0,0,0,0,0,64469252528,5854617078062921866,8932355362303185026],"rhs":[0,0,0,5570609,7982371902413093413,7463828086454220168,16712952385389569826,14411569744465001223]}
{"op":"C","status":"READY","cmp":1,"lhs":[0,24308,7499214975008488292,11954355948590569099,5900494575445308205,9011246487983369055,8425899251500684021,2283502129629051128],"rhs":[0,0,0,70668981991154,6367493030828553474,16417680529100468800,7444667408702396804,4152126139419604608]}
{"op":"C","status":"READY","cmp":-1,"lhs":[0,0,0,0,0,0,0,71406551110231980],"rhs":[0,0,0,0,0,0,4553650498712650066,74743129062847361]}
{"op":"C","status":"READY","cmp":-1,"lhs":[0,0,0,0,70701,2450348252344680395,5144342081694496106,969749529515340480],"rhs":[0,0,0,16934,3975876189850038792,17875379642731205680,6487207903196348777,3766072245391110692]}
{"op":"C","status":"READY","cmp":1,"lhs":[0,0,0,0,0,35998416738,12114758443957787157,16555359589145928547],"rhs":[0,0,0,0,0,0,162358878634353546,6191476867796576402]}
{"op":"C","status":"READY","cmp":1,"lhs":[0,15284301061975949,16756932042038638998,5066610341206685057,7332673844805931932,3640775838840974918,1574525775978473168,5399616896178804516],"rhs":[0,0,0,0,1860717770054066,2399813052273121583,13973022500411710942,12653025222235793344]}
{"op":"C","status":"READY","cmp":-1,"lhs":[0,0,0,0,0,0,5050450,1554711430698452042],"rhs":[0,0,0,0,0,28789977684128011,15203010975844167363,15887264219756883385]}
{"op":"C","status":"READY","cmp":-1,"lhs":[0,0,0,0,0,7435,10389028903170612600,9252309180490533749],"rhs":[0,0,0,0,1038626801,8892688638977722643,2684283377568948035,10693521387062116424]}
{"op":"C","status":"READY","cmp":-1,"lhs":[0,0,0,0,85229135777306627,11970802711328470430,381565295615422530,1641545397959014509],"rhs":[0,0,181845483527270,13347559137152835336,10157362034518786854,5083262560239493908,5315299283355981589,2708325139759579987]}
{"op":"C","status":"READY","cmp":1,"lhs":[0,0,17172430091069,11977943969360319852,4718196447172018259,11172515014387558522,10676896327109065976,1243267440868672779],"rhs":[0,0,0,0,0,0,1152412250246,5127025430403310712]}
{"op":"C","status":"READY","cmp":1,"lhs":[0,0,98923216983576,14821335815891719407,5959272947675663354,8046289872381748393,16663350774054653514,17033998027928134887],"rhs":[0,0,10,9257812812807912862,3987709607580750466,9863045025198198159,722971696041462933,5197520918152741815]}
{"op":"C","status":"READY","cmp":-1,"lhs":[0,0,0,0,106595041962490657,15409284870881059758,5577632176972835671,3358153031567203914],"rhs":[0,17642311383093,3468178601674568666,4679459769722768332,9912639675551172147,4449006377835096692,15625889158318499663,1453791589008273470]}
{"op":"C","status":"READY","cmp":-1,"lhs":[0,0,0,0,0,2517456497109,16077932712934229422,10952101141253061518],"rhs":[0,0,1876159353009767,22519825933870366,4277934549986647309,12775514205636971297,5929227266864169319,14475776663870160623]}
{"op":"C","status":"READY","cmp":-1,"lhs":[0,0,0,0,0,0,2237263,16370413538122591019],"rhs":[0,0,22976600662251,702076398093007518,10972489465901470102,8745765168362699199,3510328672782056485,1338897777943936064]}
{"op":"C","status":"READY","cmp":1,"lhs":[0,0,0,0,9939,16001843848746687177,6774726582339383793,786514344644245856],"rhs":[0,0,0,0,0,12,11689712761415781351,15002721326406421854]}
{"op":"C","status":"READY","cmp":1,"lhs":[0,342619,11232998549096970776,8250522538648145477,13075591229153074436,5740943012049909051,13087265963204314816,9562932099865253100],"rhs":[0,94198,13858988346064630809,13845894998144636717,10668109922185532238,13460879342376787909,14008031255564386871,173338868431129938]}
{"op":"C","status":"READY","cmp":1,"lhs":[0,0,5512892934710,11175295526053407189,612076743448763036,12250225139056673837,5369781482879499844,8362933732410324440],"rhs":[0,0,0,0,320,2221397190108041058,7541309826675342269,8662266113566080638]}
{"op":"C","status":"READY","cmp":1,"lhs":[0,0,0,0,0,0,4239479137100,9279759403445394015],"rhs":[0,0,0,0,0,0,95198,11118908836637453765]}
{"op":"C","status":"READY","cmp":-1,"lhs":[0,0,0,0,80568506752564,7865515940675329064,15617957216357977274,8246069280353878823],"rhs":[0,0,0,213687,9561344096696262159,17535741060765138386,298581886339967367,899794944592473644]}
{"op":"C","status":"READY","cmp":1,"lhs":[0,0,0,0,0,47788986948791854,844808301064122491,8075733958788301098],"rhs":[0,0,0,0,0,8897124602,12979306061187008794,12685024552785066618]}
{"op":"C","status":"READY","cmp":1,"lhs":[0,14,7042613275751391736,15646616673517317124,623529266066826295,7532924153211123318,18331487279279033653,12285199181781826440],"rhs":[0,0,352,16692547707553401939,9439976091769754331,13307731438897977143,9788548980415350324,12526276701160449073]}
{"op":"C","status":"READY","cmp":-1,"lhs":[0,0,0,27,3218634917298665118,5493706591695488493,1786934720534929854,18272966250096306537],"rhs":[0,0,573359480944,3791333023988684864,8708239142818104903,17003328005856859353,2503395822044820436,16918903032418220528]}
{"op":"C","status":"READY","cmp":1,"lhs":[0,0,1036315815,6796387316742690394,12908794000616290027,12568192050234905855,2215957714763989432,15148111510797625392],"rhs":[0,0,0,1773523,9340569047041550193,6987141730354995169,7252830630011468638,13249963595695162385]}
{"op":"C","status":"READY","cmp":1,"lhs":[0,0,0,31372944179725,8781227704396408477,10726785470732647553,9025323862248006747,16902838574785371514],"rhs":[0,0,0,0,0,23892215446335297,2153030809575160745,12850447031012087980]}
{"op":"C","status":"READY","cmp":0,"lhs":[0,0,0,0,0,0,0,8],"rhs":[0,0,0,0,0,0,0,8]}
{"op":"C","status":"READY","cmp":-1,"lhs":[0,0,0,0,0,0,0,24],"rhs":[0,0,0,0,0,0,0,32]}
{"op":"C","status":"READY","cmp":-1,"lhs":[0,0,0,0,0,0,0,32],"rhs":[0,0,0,0,0,0,0,48]}
{"op":"C","status":"READY","cmp":-1,"lhs":[0,0,0,0,0,0,0,8],"rhs":[0,0,0,0,0,0,0,1352]}
{"op":"C","status":"READY","cmp":-1,"lhs":[0,0,0,0,0,0,0,685464],"rhs":[0,0,0,0,0,0,0,154457888]}
{"op":"C","status":"READY","cmp":-1,"lhs":[0,0,0,0,0,0,0,154457888],"rhs":[0,0,0,0,0,0,0,39155074608]}
{"op":"C","status":"READY","cmp":-1,"lhs":[0,0,0,0,0,0,0,8],"rhs":[0,0,0,0,0,0,0,134152200]}
{"op":"C","status":"READY","cmp":-1,"lhs":[0,0,0,0,0,0,0,6748804786815000],"rhs":[0,0,0,0,0,0,8180,135064016408281120]}
{"op":"C","status":"READY","cmp":-1,"lhs":[0,0,0,0,0,0,8180,135064016408281120],"rhs":[0,0,0,0,0,0,205756120920,945571226341343280]}
{"op":"C","status":"READY","cmp":-1,"lhs":[0,0,0,0,0,0,0,8],"rhs":[0,0,0,0,0,0,0,549751619592]}
{"op":"C","status":"READY","cmp":-1,"lhs":[0,0,0,0,0,0,6143,16717371712378765336],"rhs":[0,0,0,0,0,0,562937068642303,6917562012939583520]}
{"op":"C","status":"READY","cmp":-1,"lhs":[0,0,0,0,0,0,562937068642303,6917562012939583520],"rhs":[0,0,0,0,0,3145632,23643717655928829,6917621386517151792]}
{"op":"C","status":"READY","cmp":-1,"lhs":[0,0,0,0,0,0,0,8],"rhs":[0,0,0,0,0,0,0,35184338534408]}
{"op":"C","status":"READY","cmp":-1,"lhs":[0,0,0,0,0,0,25165776,633318496272408],"rhs":[0,0,0,0,0,7,18446321861747801792,2111061922676768]}
{"op":"C","status":"READY","cmp":-1,"lhs":[0,0,0,0,0,7,18446321861747801792,2111061922676768],"rhs":[0,0,0,0,0,52776356806991,18440833102721841856,5910973705617456]}
{"op":"C","status":"READY","cmp":-1,"lhs":[0,0,0,0,0,0,0,8],"rhs":[0,0,0,0,0,0,0,2251799545249800]}
{"op":"C","status":"READY","cmp":-1,"lhs":[0,0,0,0,0,0,103079190528,40532395035721752],"rhs":[0,0,0,0,0,2097151,4611688080011526144,135107985599889440]}
{"op":"C","status":"READY","cmp":-1,"lhs":[0,0,0,0,0,2097151,4611688080011526144,135107985599889440],"rhs":[0,0,0,0,47,18446321861332566005,9223386467944202240,378302362256670768]}
{"op":"C","status":"READY","cmp":-1,"lhs":[0,0,0,0,0,0,0,8],"rhs":[0,0,0,0,0,0,7,18446744004990074888]}
{"op":"C","status":"READY","cmp":-1,"lhs":[0,0,0,0,0,23,18446743661392691343,18446743661392691224],"rhs":[0,0,0,0,31,18446743249075831263,18446741324930482655,18446743249075830816]}
{"op":"C","status":"READY","cmp":-1,"lhs":[0,0,0,0,31,18446743249075831263,18446741324930482655,18446743249075830816],"rhs":[0,0,0,47,18446742424442111295,18446732528837463327,18446732528837461311,18446742424442110000]}
{"op":"C","status":"READY","cmp":-1,"lhs":[0,0,0,0,0,0,0,8],"rhs":[0,0,0,0,0,0,0,2251799411032088]}
{"op":"C","status":"READY","cmp":-1,"lhs":[0,0,0,0,0,0,103079165952,175640370166628880],"rhs":[0,0,0,0,0,2097150,9223380832946237440,3001648977293611400]}
{"op":"C","status":"READY","cmp":-1,"lhs":[0,0,0,0,0,2097150,4611697563297259520,4397764791851029792],"rhs":[0,0,0,0,47,18445758911788089196,8070969364232347653,3966540827462827440]}
{"op":"C","status":"READY","cmp":-1,"lhs":[0,0,0,0,0,0,0,8],"rhs":[0,0,0,0,0,0,7,18446743970630336536]}
{"op":"C","status":"READY","cmp":-1,"lhs":[0,0,0,0,0,23,18446743249075831407,18446740156699378192],"rhs":[0,0,0,0,31,18446742424442111999,18446717891588925863,18446699440409416072]}
{"op":"C","status":"READY","cmp":-1,"lhs":[0,0,0,0,31,18446742149564205695,18446706827753176327,18446681538985727264],"rhs":[0,0,0,47,18446740225418861983,18446581827025098719,18445654595125720843,18445580721687985584]}
{"op":"C","status":"READY","cmp":1,"lhs":[0,0,0,0,0,0,0,32],"rhs":[0,0,0,0,0,0,0,24]}
{"op":"C","status":"READY","cmp":0,"lhs":[0,0,0,0,0,0,0,96],"rhs":[0,0,0,0,0,0,0,96]}
{"op":"C","status":"READY","cmp":-1,"lhs":[0,0,0,0,0,0,0,128],"rhs":[0,0,0,0,0,0,0,144]}
{"op":"C","status":"READY","cmp":-1,"lhs":[0,0,0,0,0,0,0,32],"rhs":[0,0,0,0,0,0,0,4056]}
{"op":"C","status":"READY","cmp":-1,"lhs":[0,0,0,0,0,0,0,2741856],"rhs":[0,0,0,0,0,0,0,463373664]}
{"op":"C","status":"READY","cmp":-1,"lhs":[0,0,0,0,0,0,0,617831552],"rhs":[0,0,0,0,0,0,0,117465223824]}
{"op":"C","status":"READY","cmp":-1,"lhs":[0,0,0,0,0,0,0,32],"rhs":[0,0,0,0,0,0,0,402456600]}
{"op":"C","status":"READY","cmp":-1,"lhs":[0,0,0,0,0,0,0,26995219147260000],"rhs":[0,0,0,0,0,0,24540,405192049224843360]}
{"op":"C","status":"READY","cmp":-1,"lhs":[0,0,0,0,0,0,32720,540256065633124480],"rhs":[0,0,0,0,0,0,617268362760,2836713679024029840]}
{"op":"C","status":"READY","cmp":-1,"lhs":[0,0,0,0,0,0,0,32],"rhs":[0,0,0,0,0,0,0,1649254858776]}
{"op":"C","status":"READY","cmp":-1,"lhs":[0,0,0,0,0,0,24575,11529254628386406496],"rhs":[0,0,0,0,0,0,1688811205926910,2305941965109198944]}
{"op":"C","status":"READY","cmp":-1,"lhs":[0,0,0,0,0,0,2251748274569213,9223503978048782464],"rhs":[0,0,0,0,0,9436896,70931152967786488,2306120085841903760]}
{"op":"C","status":"READY","cmp":-1,"lhs":[0,0,0,0,0,0,0,32],"rhs":[0,0,0,0,0,0,0,105553015603224]}
{"op":"C","status":"READY","cmp":-1,"lhs":[0,0,0,0,0,0,100663104,2533273985089632],"rhs":[0,0,0,0,0,23,18445477437824302144,6333185768030304]}
{"op":"C","status":"READY","cmp":-1,"lhs":[0,0,0,0,0,31,18445055225862552320,8444247690707072],"rhs":[0,0,0,0,0,158329070420975,18429011160746422336,17732921116852368]}
{"op":"C","status":"READY","cmp":-1,"lhs":[0,0,0,0,0,0,0,32],"rhs":[0,0,0,0,0,0,0,6755398635749400]}
{"op":"C","status":"READY","cmp":-1,"lhs":[0,0,0,0,0,0,412316762112,162129580142887008],"rhs":[0,0,0,0,0,6291453,13835064240034578432,405323956799668320]}
{"op":"C","status":"READY","cmp":-1,"lhs":[0,0,0,0,0,8388605,8246336552960,540431942399557760],"rhs":[0,0,0,0,143,18445477436578594784,9223415330123055104,1134907086770012304]}
{"op":"C","status":"READY","cmp":-1,"lhs":[0,0,0,0,0,0,0,32],"rhs":[0,0,0,0,0,0,23,18446743867551121432]}
{"op":"C","status":"READY","cmp":-1,"lhs":[0,0,0,0,0,95,18446742424442110527,18446742424442110048],"rhs":[0,0,0,0,95,18446741599808390559,18446735827372344735,18446741599808389216]}
{"op":"C","status":"READY","cmp":-1,"lhs":[0,0,0,0,127,18446740775174670207,18446733078593275775,18446740775174668416],"rhs":[0,0,0,143,18446739125907230655,18446709439093286751,18446709439093280703,18446739125907226768]}
{"op":"C","status":"READY","cmp":-1,"lhs":[0,0,0,0,0,0,0,32],"rhs":[0,0,0,0,0,0,0,6755398233096264]}
{"op":"C","status":"READY","cmp":-1,"lhs":[0,0,0,0,0,0,412316663808,702561480666515520],"rhs":[0,0,0,0,0,6291451,9223398425129160704,9004946931880834200]}
{"op":"C","status":"READY","cmp":-1,"lhs":[0,0,0,0,0,8388601,46179479486464,17591059167404119168],"rhs":[0,0,0,0,143,18443788587945164357,5766164018987491343,11899622482388482320]}
{"op":"C","status":"READY","cmp":-1,"lhs":[0,0,0,0,0,0,0,32],"rhs":[0,0,0,0,0,0,23,18446743764471906376]}
{"op":"C","status":"READY","cmp":-1,"lhs":[0,0,0,0,0,95,18446740775174670783,18446728405668857920],"rhs":[0,0,0,0,95,18446739125907232767,18446665527347674359,18446610173809144984]}
{"op":"C","status":"READY","cmp":-1,"lhs":[0,0,0,0,127,18446736377128167935,18446595089884050463,18446493934814254208],"rhs":[0,0,0,143,18446732528837482719,18446257333656192927,18443475637958059299,18443254017644853520]}
{"op":"C","status":"READY","cmp":1,"lhs":[0,0,0,0,0,0,0,48],"rhs":[0,0,0,0,0,0,0,32]}
{"op":"C","status":"READY","cmp":1,"lhs":[0,0,0,0,0,0,0,144],"rhs":[0,0,0,0,0,0,0,128]}
{"op":"C","status":"READY","cmp":0,"lhs":[0,0,0,0,0,0,0,192],"rhs":[0,0,0,0,0,0,0,192]}
{"op":"C","status":"READY","cmp":-1,"lhs":[0,0,0,0,0,0,0,48],"rhs":[0,0,0,0,0,0,0,5408]}
{"op":"C","status":"READY","cmp":-1,"lhs":[0,0,0,0,0,0,0,4112784],"rhs":[0,0,0,0,0,0,0,617831552]}
{"op":"C","status":"READY","cmp":-1,"lhs":[0,0,0,0,0,0,0,926747328],"rhs":[0,0,0,0,0,0,0,156620298432]}
{"op":"C","status":"READY","cmp":-1,"lhs":[0,0,0,0,0,0,0,48],"rhs":[0,0,0,0,0,0,0,536608800]}
{"op":"C","status":"READY","cmp":-1,"lhs":[0,0,0,0,0,0,0,40492828720890000],"rhs":[0,0,0,0,0,0,32720,540256065633124480]}
{"op":"C","status":"READY","cmp":-1,"lhs":[0,0,0,0,0,0,49080,810384098449686720],"rhs":[0,0,0,0,0,0,823024483680,3782284905365373120]}
{"op":"C","status":"READY","cmp":-1,"lhs":[0,0,0,0,0,0,0,48],"rhs":[0,0,0,0,0,0,0,2199006478368]}
{"op":"C","status":"READY","cmp":-1,"lhs":[0,0,0,0,0,0,36863,8070509905724833936],"rhs":[0,0,0,0,0,0,2251748274569213,9223503978048782464]}
{"op":"C","status":"READY","cmp":-1,"lhs":[0,0,0,0,0,0,3377622411853820,4611883930218397888],"rhs":[0,0,0,0,0,12582528,94574870623715317,9223741472359055552]}
{"op":"C","status":"READY","cmp":-1,"lhs":[0,0,0,0,0,0,0,48],"rhs":[0,0,0,0,0,0,0,140737354137632]}
{"op":"C","status":"READY","cmp":-1,"lhs":[0,0,0,0,0,0,150994656,3799910977634448],"rhs":[0,0,0,0,0,31,18445055225862552320,8444247690707072]}
{"op":"C","status":"READY","cmp":-1,"lhs":[0,0,0,0,0,47,18444210801939052672,12666371536060608],"rhs":[0,0,0,0,0,211105427227967,18423100189758712576,23643894822469824]}
{"op":"C","status":"READY","cmp":-1,"lhs":[0,0,0,0,0,0,0,48],"rhs":[0,0,0,0,0,0,0,9007198180999200]}
{"op":"C","status":"READY","cmp":-1,"lhs":[0,0,0,0,0,0,618475143168,243194370214330512],"rhs":[0,0,0,0,0,8388605,8246336552960,540431942399557760]}
{"op":"C","status":"READY","cmp":-1,"lhs":[0,0,0,0,0,12582907,9223384406359605248,810647913599336640],"rhs":[0,0,0,0,191,18445055224201609174,57724357705728,1513209449026683072]}
{"op":"C","status":"READY","cmp":-1,"lhs":[0,0,0,0,0,0,0,48],"rhs":[0,0,0,0,0,0,31,18446743798831644704]}
{"op":"C","status":"READY","cmp":-1,"lhs":[0,0,0,0,0,143,18446741599808389983,18446741599808389264],"rhs":[0,0,0,0,127,18446740775174670207,18446733078593275775,18446740775174668416]}
{"op":"C","status":"READY","cmp":-1,"lhs":[0,0,0,0,191,18446739125907229503,18446727581035137855,18446739125907226816],"rhs":[0,0,0,191,18446737476639790335,18446697894221198463,18446697894221190399,18446737476639785152]}
{"op":"C","status":"READY","cmp":-1,"lhs":[0,0,0,0,0,0,0,48],"rhs":[0,0,0,0,0,0,0,9007197644128352]}
{"op":"C","status":"READY","cmp":-1,"lhs":[0,0,0,0,0,0,618474995712,1053842220999773280],"rhs":[0,0,0,0,0,8388602,35184365846528,12006595909174445600]}
{"op":"C","status":"READY","cmp":-1,"lhs":[0,0,0,0,0,12582901,9223441306074005505,7939844677396627136],"rhs":[0,0,0,0,191,18442803426023701937,13837133383219838996,15866163309851309760]}
{"op":"C","status":"READY","cmp":-1,"lhs":[0,0,0,0,0,0,0,48],"rhs":[0,0,0,0,0,0,31,18446743661392691296]}
{"op":"C","status":"READY","cmp":-1,"lhs":[0,0,0,0,0,143,18446739125907230367,18446720571648511072],"rhs":[0,0,0,0,127,18446737476639793151,18446639345227048607,18446565540509009440]}
{"op":"C","status":"READY","cmp":-1,"lhs":[0,0,0,0,191,18446732528837476095,18446520597971299887,18446368865366605504],"rhs":[0,0,0,191,18446728680546793087,18446095086971740031,18442386159374228527,18442090665623287488]}
{"op":"C","status":"READY","cmp":1,"lhs":[0,0,0,0,0,0,0,1352],"rhs":[0,0,0,0,0,0,0,8]}
{"op":"C","status":"READY","cmp":1,"lhs":[0,0,0,0,0,0,0,4056],"rhs":[0,0,0,0,0,0,0,32]}
{"op":"C","status":"READY","cmp":1,"lhs":[0,0,0,0,0,0,0,5408],"rhs":[0,0,0,0,0,0,0,48]}
{"op":"C","status":"READY","cmp":0,"lhs":[0,0,0,0,0,0,0,1352],"rhs":[0,0,0,0,0,0,0,1352]}
{"op":"C","status":"READY","cmp":-1,"lhs":[0,0,0,0,0,0,0,115843416],"rhs":[0,0,0,0,0,0,0,154457888]}
{"op":"C","status":"READY","cmp":-1,"lhs":[0,0,0,0,0,0,0,26103383072],"rhs":[0,0,0,0,0,0,0,39155074608]}
{"op":"C","status":"READY","cmp":-1,"lhs":[0,0,0,0,0,0,0,1352],"rhs":[0,0,0,0,0,0,0,134152200]}
{"op":"C","status":"READY","cmp":-1,"lhs":[0,0,0,0,0,0,0,1140548008971735000],"rhs":[0,0,0,0,0,0,8180,135064016408281120]}
{"op":"C","status":"READY","cmp":-1,"lhs":[0,0,0,0,0,0,1382421,4379074699289957664],"rhs":[0,0,0,0,0,0,205756120920,945571226341343280]}
{"op":"C","status":"READY","cmp":-1,"lhs":[0,0,0,0,0,0,0,1352],"rhs":[0,0,0,0,0,0,0,549751619592]}
{"op":"C","status":"READY","cmp":-1,"lhs":[0,0,0,0,0,0,1038320,2883976114449944536],"rhs":[0,0,0,0,0,0,562937068642303,6917562012939583520]}
{"op":"C","status":"READY","cmp":-1,"lhs":[0,0,0,0,0,0,95136364600549270,6923103543087863072],"rhs":[0,0,0,0,0,3145632,23643717655928829,6917621386517151792]}
{"op":"C","status":"READY","cmp":-1,"lhs":[0,0,0,0,0,0,0,1352],"rhs":[0,0,0,0,0,0,0,35184338534408]}
{"op":"C","status":"READY","cmp":-1,"lhs":[0,0,0,0,0,0,4253016144,107030825870036952],"rhs":[0,0,0,0,0,7,18446321861747801792,2111061922676768]}
{"op":"C","status":"READY","cmp":-1,"lhs":[0,0,0,0,0,1351,18375390252173831360,356769464932373792],"rhs":[0,0,0,0,0,52776356806991,18440833102721841856,5910973705617456]}
{"op":"C","status":"READY","cmp":-1,"lhs":[0,0,0,0,0,0,0,1352],"rhs":[0,0,0,0,0,0,0,2251799545249800]}
{"op":"C","status":"READY","cmp":-1,"lhs":[0,0,0,0,0,0,17420383199232,6849974761036976088],"rhs":[0,0,0,0,0,2097151,4611688080011526144,135107985599889440]}
{"op":"C","status":"READY","cmp":-1,"lhs":[0,0,0,0,0,354418561,4612034426146750465,4386505492671763744],"rhs":[0,0,0,0,47,18446321861332566005,9223386467944202240,378302362256670768]}
{"op":"C","status":"READY","cmp":-1,"lhs":[0,0,0,0,0,0,0,1352],"rhs":[0,0,0,0,0,0,7,18446744004990074888]}
{"op":"C","status":"READY","cmp":-1,"lhs":[0,0,0,0,0,4055,18446674392160165647,18446674392160145368],"rhs":[0,0,0,0,31,18446743249075831263,18446741324930482655,18446743249075830816]}
{"op":"C","status":"READY","cmp":-1,"lhs":[0,0,0,0,5407,18446604710610812127,18446279530046897375,18446604710610736416],"rhs":[0,0,0,47,18446742424442111295,18446732528837463327,18446732528837461311,18446742424442110000]}
{"op":"C","status":"READY","cmp":-1,"lhs":[0,0,0,0,0,0,0,1352],"rhs":[0,0,0,0,0,0,0,2251799411032088]}
{"op":"C","status":"READY","cmp":-1,"lhs":[0,0,0,0,0,0,17420379045889,11236478484450729104],"rhs":[0,0,0,0,0,2097150,9223380832946237440,3001648977293611400]}
{"op":"C","status":"READY","cmp":-1,"lhs":[0,0,0,0,0,354418392,4613637101435691048,5352486874441970208],"rhs":[0,0,0,0,47,18445758911788089196,8070969364232347653,3966540827462827440]}
{"op":"C","status":"READY","cmp":-1,"lhs":[0,0,0,0,0,0,0,1352],"rhs":[0,0,0,0,0,0,7,18446743970630336536]}
{"op":"C","status":"READY","cmp":-1,"lhs":[0,0,0,0,0,4055,18446604710610836463,18446082098990242960],"rhs":[0,0,0,0,31,18446742424442111999,18446717891588925863,18446699440409416072]}
{"op":"C","status":"READY","cmp":-1,"lhs":[0,0,0,0,5407,18446418893146091135,18440449507082127943,18436175705383236128],"rhs":[0,0,0,47,18446740225418861983,18446581827025098719,18445654595125720843,18445580721687985584]}
{"op":"C","status":"READY","cmp":1,"lhs":[0,0,0,0,0,0,0,154457888],"rhs":[0,0,0,0,0,0,0,685464]}
{"op":"C","status":"READY","cmp":1,"lhs":[0,0,0,0,0,0,0,463373664],"rhs":[0,0,0,0,0,0,0,2741856]}
{"op":"C","status":"READY","cmp":1,"lhs":[0,0,0,0,0,0,0,617831552],"rhs":[0,0,0,0,0,0,0,4112784]}
{"op":"C","status":"READY","cmp":1,"lhs":[0,0,0,0,0,0,0,154457888],"rhs":[0,0,0,0,0,0,0,115843416]}
{"op":"C","status":"READY","cmp":0,"lhs":[0,0,0,0,0,0,0,13234415217504],"rhs":[0,0,0,0,0,0,0,13234415217504]}
{"op":"C","status":"READY","cmp":-1,"lhs":[0,0,0,0,0,0,0,2982154895677568],"rhs":[0,0,0,0,0,0,0,3354924257637264]}
{"op":"C","status":"READY","cmp":-1,"lhs":[0,0,0,0,0,0,0,154457888],"rhs":[0,0,0,0,0,0,0,11494562952600]}
{"op":"C","status":"READY","cmp":-1,"lhs":[0,0,0,0,0,0,7063,11413344356330276192],"rhs":[0,0,0,0,0,0,700887567,6581583694862341728]}
{"op":"C","status":"READY","cmp":-1,"lhs":[0,0,0,0,0,0,157933331844,7310666678883540096],"rhs":[0,0,0,0,0,0,17629801708792752,1279414872965562768]}
{"op":"C","status":"READY","cmp":-1,"lhs":[0,0,0,0,0,0,0,154457888],"rhs":[0,0,0,0,0,0,0,47104368021501336]}
{"op":"C","status":"READY","cmp":-1,"lhs":[0,0,0,0,0,0,118621847940,18118062766871709024],"rhs":[0,0,0,0,0,2,11340648705059376848,5132122340731770464]}
{"op":"C","status":"READY","cmp":-1,"lhs":[0,0,0,0,0,589,3626578010224942932,442272159093709952],"rhs":[0,0,0,0,0,269527186765,15169555878608761194,10219428587514020240]}
{"op":"C","status":"READY","cmp":-1,"lhs":[0,0,0,0,0,0,0,154457888],"rhs":[0,0,0,0,0,0,0,3014699678643680664]}
{"op":"C","status":"READY","cmp":-1,"lhs":[0,0,0,0,0,0,485881576355798,15885093900778374496],"rhs":[0,0,0,0,0,685462,717100628808933449,14861422057327548000]}
{"op":"C","status":"READY","cmp":-1,"lhs":[0,0,0,0,0,154457446,1714893052796890017,9913092909711973504],"rhs":[0,0,0,0,0,4522036580293495508,10039106923932079195,8407870028262588816]}
{"op":"C","status":"READY","cmp":-1,"lhs":[0,0,0,0,0,0,0,154457888],"rhs":[0,0,0,0,0,0,10,8473499698543097240]}
{"op":"C","status":"READY","cmp":-1,"lhs":[0,0,0,0,0,0,1990174258213103031,2292760927987991904],"rhs":[0,0,0,0,0,179690210553,14011700768998982259,10348995939438024288]}
{"op":"C","status":"READY","cmp":-1,"lhs":[0,0,0,0,0,40490194111447,2910003343437342818,7683998399297969280],"rhs":[0,0,0,0,4112782,717065050161038760,10459871072179750621,3151967730639225232]}
{"op":"C","status":"READY","cmp":-1,"lhs":[0,0,0,0,0,0,0,154457888],"rhs":[0,0,0,0,0,0,685463,18440855982785066392]}
{"op":"C","status":"READY","cmp":-1,"lhs":[0,0,0,0,0,463373663,10486045145659023423,10486045143342155104],"rhs":[0,0,0,0,2741855,18376086982648631199,18211220436743851935,18376086982610245216]}
{"op":"C","status":"READY","cmp":-1,"lhs":[0,0,0,0,617831551,2525346221315484541,2268906024857660287,2525346212665842816],"rhs":[0,0,0,4112783,18305429891620613055,17457544798568770911,17457544798396033983,18305429891509567888]}
{"op":"C","status":"READY","cmp":-1,"lhs":[0,0,0,0,0,0,0,154457888],"rhs":[0,0,0,0,0,0,10,8473488198366879944]}
{"op":"C","status":"READY","cmp":-1,"lhs":[0,0,0,0,0,0,1990173783718612505,9774632215108351552],"rhs":[0,0,0,0,0,179690146291,9977047541561804406,5783445789936955928]}
{"op":"C","status":"READY","cmp":-1,"lhs":[0,0,0,0,0,40490174804221,1538598316069796892,16837928424227475584],"rhs":[0,0,0,0,4112779,7822091451883262708,13326200296572989815,2304905472664568336]}
{"op":"C","status":"READY","cmp":-1,"lhs":[0,0,0,0,0,0,0,154457888],"rhs":[0,0,0,0,0,0,685463,18437911937323851976]}
{"op":"C","status":"READY","cmp":-1,"lhs":[0,0,0,0,0,463373663,2525346224095726523,16607080535849662016],"rhs":[0,0,0,0,2741855,18305429891680933887,16203381432133242999,14622429018195735064]}
{"op":"C","status":"READY","cmp":-1,"lhs":[0,0,0,0,617831549,18190303929149577689,306549091282528990,10112437793243795584],"rhs":[0,0,0,4112783,18117010982549812959,4544961409732063642,17330670943885272414,11000973178414989840]}
{"op":"C","status":"READY","cmp":1,"lhs":[0,0,0,0,0,0,0,39155074608],"rhs":[0,0,0,0,0,0,0,154457888]}
{"op":"C","status":"READY","cmp":1,"lhs":[0,0,0,0,0,0,0,117465223824],"rhs":[0,0,0,0,0,0,0,617831552]}
{"op":"C","status":"READY","cmp":1,"lhs":[0,0,0,0,0,0,0,156620298432],"rhs":[0,0,0,0,0,0,0,926747328]}
{"op":"C","status":"READY","cmp":1,"lhs":[0,0,0,0,0,0,0,39155074608],"rhs":[0,0,0,0,0,0,0,26103383072]}
{"op":"C","status":"READY","cmp":1,"lhs":[0,0,0,0,0,0,0,3354924257637264],"rhs":[0,0,0,0,0,0,0,2982154895677568]}
{"op":"C","status":"READY","cmp":0,"lhs":[0,0,0,0,0,0,0,755976266054263488],"rhs":[0,0,0,0,0,0,0,755976266054263488]}
{"op":"C","status":"READY","cmp":-1,"lhs":[0,0,0,0,0,0,0,39155074608],"rhs":[0,0,0,0,0,0,0,2590108185319200]}
{"op":"C","status":"READY","cmp":-1,"lhs":[0,0,0,0,0,0,1790627,6367346794180186768],"rhs":[0,0,0,0,0,0,157933331844,7310666678883540096]}
{"op":"C","status":"READY","cmp":-1,"lhs":[0,0,0,0,0,0,40036099622554,8579595726022252736],"rhs":[0,0,0,0,0,0,3972581985047966799,11593656935930202816]}
{"op":"C","status":"READY","cmp":-1,"lhs":[0,0,0,0,0,0,0,39155074608],"rhs":[0,0,0,0,0,0,0,10614184260844967712]}
{"op":"C","status":"READY","cmp":-1,"lhs":[0,0,0,0,0,0,30070638453038,18136381122009436816],"rhs":[0,0,0,0,0,589,3626578010224942932,442272159093709952]}
{"op":"C","status":"READY","cmp":-1,"lhs":[0,0,0,0,0,149361,6223693943400228276,1435527887998163136],"rhs":[0,0,0,0,0,60733459417898,11707852368143657418,3083813864035125952]}
{"op":"C","status":"READY","cmp":-1,"lhs":[0,0,0,0,0,0,0,39155074608],"rhs":[0,0,0,0,0,0,36,15229540934165518112]}
{"op":"C","status":"READY","cmp":-1,"lhs":[0,0,0,0,0,0,123170979606195011,5481095778635682448],"rhs":[0,0,0,0,0,154457446,1714893052796890017,9913092909711973504]}
{"op":"C","status":"READY","cmp":-1,"lhs":[0,0,0,0,0,39154962584,10450275188691932277,13435230624341039296],"rhs":[0,0,0,0,55,4394652038775649045,5493735175560031018,13005484183462415040]}
{"op":"C","status":"READY","cmp":-1,"lhs":[0,0,0,0,0,0,0,39155074608],"rhs":[0,0,0,0,0,0,2356,15496207170863945504]}
{"op":"C","status":"READY","cmp":-1,"lhs":[0,0,0,0,0,27,6447084466863724758,142456923105071760],"rhs":[0,0,0,0,0,40490194111447,2910003343437342818,7683998399297969280]}
{"op":"C","status":"READY","cmp":-1,"lhs":[0,0,0,0,0,10264264207251854,9039456649839115636,10985466482532292800],"rhs":[0,0,0,0,926746886,1706875997471286709,1923288187584383661,3118205811839273664]}
{"op":"C","status":"READY","cmp":-1,"lhs":[0,0,0,0,0,0,0,39155074608],"rhs":[0,0,0,0,0,0,154457887,17119960918725547808]}
{"op":"C","status":"READY","cmp":-1,"lhs":[0,0,0,0,0,117465223714,11104669847241780978,11104669259915661968],"rhs":[0,0,0,0,617831551,2525346221315484541,2268906024857660287,2525346212665842816]}
{"op":"C","status":"READY","cmp":-1,"lhs":[0,0,0,0,156620298213,3762596560495800422,12541983053275558501,3762594367811623104],"rhs":[0,0,0,926747326,5050692450044947699,16908102959834919027,16908102920911531262,5050692425022769856]}
{"op":"C","status":"READY","cmp":-1,"lhs":[0,0,0,0,0,0,0,39155074608],"rhs":[0,0,0,0,0,0,2356,15493615797822981472]}
{"op":"C","status":"READY","cmp":-1,"lhs":[0,0,0,0,0,27,6446964182510376519,15228932689741977696],"rhs":[0,0,0,0,0,40490179631027,3807517063931146275,18079947530695306528]}
{"op":"C","status":"READY","cmp":-1,"lhs":[0,0,0,0,0,10264259312870044,11876419612647704225,7216974514758637248],"rhs":[0,0,0,0,926746296,16286168179857644050,14464593553499676549,9012113801118470336]}
{"op":"C","status":"READY","cmp":-1,"lhs":[0,0,0,0,0,0,0,39155074608],"rhs":[0,0,0,0,0,0,154457887,16456569341465232736]}
{"op":"C","status":"READY","cmp":-1,"lhs":[0,0,0,0,0,117465223605,3762597265287143056,13260639068966328416],"rhs":[0,0,0,0,617831550,5050692463637241828,11004452162005903729,5251312288568929568]}
{"op":"C","status":"READY","cmp":-1,"lhs":[0,0,0,0,156620297921,8779399648884815973,13146590382137668447,17852298415384057536],"rhs":[0,0,0,926747323,17933863827219980758,3411465581029818123,12914853136099326446,7022250325764460736]}
{"op":"C","status":"READY","cmp":1,"lhs":[0,0,0,0,0,0,0,134152200],"rhs":[0,0,0,0,0,0,0,8]}
{"op":"C","status":"READY","cmp":1,"lhs":[0,0,0,0,0,0,0,402456600],"rhs":[0,0,0,0,0,0,0,32]}
{"op":"C","status":"READY","cmp":1,"lhs":[0,0,0,0,0,0,0,536608800],"rhs":[0,0,0,0,0,0,0,48]}
{"op":"C","status":"READY","cmp":1,"lhs":[0,0,0,0,0,0,0,134152200],"rhs":[0,0,0,0,0,0,0,1352]}
{"op":"C","status":"READY","cmp":1,"lhs":[0,0,0,0,0,0,0,11494562952600],"rhs":[0,0,0,0,0,0,0,154457888]}
{"op":"C","status":"READY","cmp":1,"lhs":[0,0,0,0,0,0,0,2590108185319200],"rhs":[0,0,0,0,0,0,0,39155074608]}
{"op":"C","status":"READY","cmp":0,"lhs":[0,0,0,0,0,0,0,134152200],"rhs":[0,0,0,0,0,0,0,134152200]}
{"op":"C","status":"READY","cmp":-1,"lhs":[0,0,0,0,0,0,6135,101298012306210840],"rhs":[0,0,0,0,0,0,8180,135064016408281120]}
{"op":"C","status":"READY","cmp":-1,"lhs":[0,0,0,0,0,0,137170747280,630380817560895520],"rhs":[0,0,0,0,0,0,205756120920,945571226341343280]}
{"op":"C","status":"READY","cmp":-1,"lhs":[0,0,0,0,0,0,0,134152200],"rhs":[0,0,0,0,0,0,0,549751619592]}
{"op":"C","status":"READY","cmp":-1,"lhs":[0,0,0,0,0,0,103027317512,16635884913181917208],"rhs":[0,0,0,0,0,0,562937068642303,6917562012939583520]}
{"op":"C","status":"READY","cmp":-1,"lhs":[0,0,0,0,0,511,13619555823920477213,6646502023220690976],"rhs":[0,0,0,0,0,3145632,23643717655928829,6917621386517151792]}
{"op":"C","status":"READY","cmp":-1,"lhs":[0,0,0,0,0,0,0,134152200],"rhs":[0,0,0,0,0,0,0,35184338534408]}
{"op":"C","status":"READY","cmp":-1,"lhs":[0,0,0,0,0,0,422005526888975,13255854571424383000],"rhs":[0,0,0,0,0,7,18446321861747801792,2111061922676768]}
{"op":"C","status":"READY","cmp":-1,"lhs":[0,0,0,0,0,134151816,3466782422625420863,1148280466159960096],"rhs":[0,0,0,0,0,52776356806991,18440833102721841856,5910973705617456]}
{"op":"C","status":"READY","cmp":-1,"lhs":[0,0,0,0,0,0,0,134152200],"rhs":[0,0,0,0,0,0,0,2251799545249800]}
{"op":"C","status":"READY","cmp":-1,"lhs":[0,0,0,0,0,0,1728537522943832046,13523991813488664],"rhs":[0,0,0,0,0,2097151,4611688080011526144,135107985599889440]}
{"op":"C","status":"READY","cmp":-1,"lhs":[0,0,0,0,0,35167181740033,2288953824758423492,81091178887118880],"rhs":[0,0,0,0,47,18446321861332566005,9223386467944202240,378302362256670768]}
{"op":"C","status":"READY","cmp":-1,"lhs":[0,0,0,0,0,0,0,134152200],"rhs":[0,0,0,0,0,0,7,18446744004990074888]}
{"op":"C","status":"READY","cmp":-1,"lhs":[0,0,0,0,0,402456599,11532592335886876815,11532592333874593816],"rhs":[0,0,0,0,31,18446743249075831263,18446741324930482655,18446743249075830816]}
{"op":"C","status":"READY","cmp":-1,"lhs":[0,0,0,0,536608799,4618440601283854813,9245887294261690847,4618440593771331616],"rhs":[0,0,0,47,18446742424442111295,18446732528837463327,18446732528837461311,18446742424442110000]}
{"op":"C","status":"READY","cmp":-1,"lhs":[0,0,0,0,0,0,0,134152200],"rhs":[0,0,0,0,0,0,0,2251799411032088]}
{"op":"C","status":"READY","cmp":-1,"lhs":[0,0,0,0,0,0,1728537110828396465,18365804618295673360],"rhs":[0,0,0,0,0,2097150,9223380832946237440,3001648977293611400]}
{"op":"C","status":"READY","cmp":-1,"lhs":[0,0,0,0,0,35167164971016,13740456780211363935,301490332793312544],"rhs":[0,0,0,0,47,18445758911788089196,8070969364232347653,3966540827462827440]}
{"op":"C","status":"READY","cmp":-1,"lhs":[0,0,0,0,0,0,0,134152200],"rhs":[0,0,0,0,0,0,7,18446743970630336536]}
{"op":"C","status":"READY","cmp":-1,"lhs":[0,0,0,0,0,402456599,4618440603698594412,8102534771436814864],"rhs":[0,0,0,0,31,18446742424442111999,18446717891588925863,18446699440409416072]}
{"op":"C","status":"READY","cmp":-1,"lhs":[0,0,0,0,536608798,4627446738052975198,2610924900010900687,2818065022790145312],"rhs":[0,0,0,47,18446740225418861983,18446581827025098719,18445654595125720843,18445580721687985584]}
{"op":"C","status":"READY","cmp":1,"lhs":[0,0,0,0,0,0,8180,135064016408281120],"rhs":[0,0,0,0,0,0,0,6748804786815000]}
{"op":"C","status":"READY","cmp":1,"lhs":[0,0,0,0,0,0,24540,405192049224843360],"rhs":[0,0,0,0,0,0,0,26995219147260000]}
{"op":"C","status":"READY","cmp":1,"lhs":[0,0,0,0,0,0,32720,540256065633124480],"rhs":[0,0,0,0,0,0,0,40492828720890000]}
{"op":"C","status":"READY","cmp":1,"lhs":[0,0,0,0,0,0,8180,135064016408281120],"rhs":[0,0,0,0,0,0,0,1140548008971735000]}
{"op":"C","status":"READY","cmp":1,"lhs":[0,0,0,0,0,0,700887567,6581583694862341728],"rhs":[0,0,0,0,0,0,7063,11413344356330276192]}
{"op":"C","status":"READY","cmp":1,"lhs":[0,0,0,0,0,0,157933331844,7310666678883540096],"rhs":[0,0,0,0,0,0,1790627,6367346794180186768]}
{"op":"C","status":"READY","cmp":1,"lhs":[0,0,0,0,0,0,8180,135064016408281120],"rhs":[0,0,0,0,0,0,6135,101298012306210840]}
{"op":"C","status":"READY","cmp":0,"lhs":[0,0,0,0,0,0,6900659071222725144,5673743954588467296],"rhs":[0,0,0,0,0,0,6900659071222725144,5673743954588467296]}
{"op":"C","status":"READY","cmp":-1,"lhs":[0,0,0,0,0,8364064,17951620137556502336,17832319525649907840],"rhs":[0,0,0,0,0,9409573,1748828581041513513,1614615392646594704]}
{"op":"C","status":"READY","cmp":-1,"lhs":[0,0,0,0,0,0,8180,135064016408281120],"rhs":[0,0,0,0,0,0,25141065,3437226938861223960]}
{"op":"C","status":"READY","cmp":-1,"lhs":[0,0,0,0,0,6282149,14098053076014566399,1712966847241650272],"rhs":[0,0,0,0,0,25744057923,16761977996774969628,5308130161989255264]}
{"op":"C","status":"READY","cmp":-1,"lhs":[0,0,0,0,0,575603667903296749,12898105425298342628,6470507763969556608],"rhs":[0,0,0,0,143,15772635935606310469,7150746099516066788,6999962177345683600]}
{"op":"C","status":"READY","cmp":-1,"lhs":[0,0,0,0,0,0,8180,135064016408281120],"rhs":[0,0,0,0,0,0,1609038913,7490712687852781592]}
{"op":"C","status":"READY","cmp":-1,"lhs":[0,0,0,0,0,25732028992,9085886954578777684,11734298177256030304],"rhs":[0,0,0,0,0,6748785478352642,11409968063665158988,6829280033826668640]}
{"op":"C","status":"READY","cmp":-1,"lhs":[0,0,0,0,8179,18150095972807847788,1872604742347955516,13978473984561250432],"rhs":[0,0,0,0,2413551464,16075489848777310050,4523956410483006036,4426756970805723280]}
{"op":"C","status":"READY","cmp":-1,"lhs":[0,0,0,0,0,0,8180,135064016408281120],"rhs":[0,0,0,0,0,0,102978576389,18379196677978980376]}
{"op":"C","status":"READY","cmp":-1,"lhs":[0,0,0,0,0,105398566655985,6981716447639249123,17392928166898303072],"rhs":[0,0,0,0,95,16717362332069472280,33739890702679847,17906444059818852448]}
{"op":"C","status":"READY","cmp":-1,"lhs":[0,0,0,0,2144339072,9214928613159960543,495359655803486399,16285157009384276096],"rhs":[0,0,0,0,40492809412408653,3475235127038970029,4469675449961315631,17676905609525198992]}
{"op":"C","status":"READY","cmp":-1,"lhs":[0,0,0,0,0,0,8180,135064016408281120],"rhs":[0,0,0,0,0,0,6748804783672342,16151027362844770328]}
{"op":"C","status":"READY","cmp":-1,"lhs":[0,0,0,0,24540,404770454857850737,11694633485215613445,9669094833458511968],"rhs":[0,0,0,0,26995219109548114,9668830246683141491,540028029655094674,9290897178747207776]}
{"op":"C","status":"READY","cmp":-1,"lhs":[0,0,0,32720,539412876899335555,8182091850140877850,8373202778288572195,621317560390910080],"rhs":[0,0,0,40492828645466229,1214859049147297539,3401916928366741155,1701218122541903781,121552674211233936]}
{"op":"C","status":"READY","cmp":-1,"lhs":[0,0,0,0,0,0,8180,135064016408281120],"rhs":[0,0,0,0,0,0,102978570251,18352168487573389384]}
{"op":"C","status":"READY","cmp":-1,"lhs":[0,0,0,0,0,105398541527010,6914247373183109903,12662724043622320192],"rhs":[0,0,0,0,95,16716729631928688708,2007171991159478065,15488244988451107992]}
{"op":"C","status":"READY","cmp":-1,"lhs":[0,0,0,0,2144338049,18431114316305460082,16004002207335121180,10595760528600093824],"rhs":[0,0,0,0,40492783667780188,7516622606169855959,17658473410639640588,13479087244782369040]}
{"op":"C","status":"READY","cmp":-1,"lhs":[0,0,0,0,0,0,8180,135064016408281120],"rhs":[0,0,0,0,0,0,6748804782101014,5789920177737826376]}
{"op":"C","status":"READY","cmp":-1,"lhs":[0,0,0,0,24540,404348860491201675,10612049628116424146,13910953201473423424],"rhs":[0,0,0,0,26995219071836229,1808753869717631571,17200510853583531037,11744369077019882648]}
{"op":"C","status":"READY","cmp":-1,"lhs":[0,0,0,32720,538288625255886937,8639080829049194129,18346314751176714016,14440090112770462848],"rhs":[0,0,0,40492828544901201,6587006569958275717,15341651153433946630,14436139271866803910,8174438653729208592]}
{"op":"C","status":"READY","cmp":1,"lhs":[0,0,0,0,0,0,205756120920,945571226341343280],"rhs":[0,0,0,0,0,0,8180,135064016408281120]}
{"op":"C","status":"READY","cmp":1,"lhs":[0,0,0,0,0,0,617268362760,2836713679024029840],"rhs":[0,0,0,0,0,0,32720,540256065633124480]}
{"op":"C","status":"READY","cmp":1,"lhs":[0,0,0,0,0,0,823024483680,3782284905365373120],"rhs":[0,0,0,0,0,0,49080,810384098449686720]}
{"op":"C","status":"READY","cmp":1,"lhs":[0,0,0,0,0,0,205756120920,945571226341343280],"rhs":[0,0,0,0,0,0,1382421,4379074699289957664]}
{"op":"C","status":"READY","cmp":1,"lhs":[0,0,0,0,0,0,17629801708792752,1279414872965562768],"rhs":[0,0,0,0,0,0,157933331844,7310666678883540096]}
{"op":"C","status":"READY","cmp":1,"lhs":[0,0,0,0,0,0,3972581985047966799,11593656935930202816],"rhs":[0,0,0,0,0,0,40036099622554,8579595726022252736]}
{"op":"C","status":"READY","cmp":1,"lhs":[0,0,0,0,0,0,205756120920,945571226341343280],"rhs":[0,0,0,0,0,0,137170747280,630380817560895520]}
{"op":"C","status":"READY","cmp":1,"lhs":[0,0,0,0,0,9409573,1748828581041513513,1614615392646594704],"rhs":[0,0,0,0,0,8364064,17951620137556502336,17832319525649907840]}
{"op":"C","status":"READY","cmp":0,"lhs":[0,0,0,0,0,210385821954798,7075378899043738154,17198948202885677248],"rhs":[0,0,0,0,0,210385821954798,7075378899043738154,17198948202885677248]}
{"op":"C","status":"READY","cmp":-1,"lhs":[0,0,0,0,0,0,205756120920,945571226341343280],"rhs":[0,0,0,0,0,0,562121534181651,4688487325979901984]}
{"op":"C","status":"READY","cmp":-1,"lhs":[0,0,0,0,0,158018289675854,5966271537380140558,18114113836250824848],"rhs":[0,0,0,0,0,575603667903296749,12898105425298342628,6470507763969556608]}
{"op":"C","status":"READY","cmp":-1,"lhs":[0,0,0,0,784879,6403914042004372670,9324229143449519435,1767131879512735936],"rhs":[0,0,0,0,3216411600,5264298460873017487,6387267414959315835,853547626018635968]}
{"op":"C","status":"READY","cmp":-1,"lhs":[0,0,0,0,0,0,205756120920,945571226341343280],"rhs":[0,0,0,0,0,0,35976018353172349,15089410614981034016]}
{"op":"C","status":"READY","cmp":-1,"lhs":[0,0,0,0,0,647251556213748497,7220580554487203805,6884785637798969488],"rhs":[0,0,0,0,8179,18150095972807847788,1872604742347955516,13978473984561250432]}
{"op":"C","status":"READY","cmp":-1,"lhs":[0,0,0,0,205755532247,14187712943708388736,16315242367079842753,11883495372496044224],"rhs":[0,0,0,0,53963873137621379,12684881660703888676,14545931854304401288,9246831262037442752]}
{"op":"C","status":"READY","cmp":-1,"lhs":[0,0,0,0,0,0,205756120920,945571226341343280],"rhs":[0,0,0,0,0,0,2302467095931011127,18320625698935668768]}
{"op":"C","status":"READY","cmp":-1,"lhs":[0,0,0,0,143,13262396287111935950,9000566300116681783,16987340357907251344],"rhs":[0,0,0,0,2144339072,9214928613159960543,495359655803486399,16285157009384276096]}
{"op":"C","status":"READY","cmp":-1,"lhs":[0,0,0,0,53937713272832455,9225042749026844243,702840197200873343,13961053362592940224],"rhs":[0,0,0,49080,378671556560730039,13759509445394423944,11020013033882107735,14285787476470005952]}
{"op":"C","status":"READY","cmp":-1,"lhs":[0,0,0,0,0,0,205756120920,945571226341343280],"rhs":[0,0,0,0,0,8180,134993750680432656,4753505159398817824]}
{"op":"C","status":"READY","cmp":-1,"lhs":[0,0,0,0,617268362185,5124836124327301699,942719678787592489,2917775998415536272],"rhs":[0,0,0,32720,539412876899335555,8182091850140877850,8373202778288572195,621317560390910080]}
{"op":"C","status":"READY","cmp":-1,"lhs":[0,0,0,823024482530,8358534734118816236,10661388596886330817,6510695128372660258,3944409544148385984],"rhs":[0,0,49080,808697720982501511,4394329030120767197,2509710954679872043,5377185232022164574,972507087965257920]}
{"op":"C","status":"READY","cmp":-1,"lhs":[0,0,0,0,0,0,205756120920,945571226341343280],"rhs":[0,0,0,0,0,0,2302466958693277768,8914862824226912]}
{"op":"C","status":"READY","cmp":-1,"lhs":[0,0,0,0,143,13261764204496844888,14337552752028637233,1891337317932600416],"rhs":[0,0,0,0,2144338305,11514995410737165548,907382761191838251,4523091191393437216]}
{"op":"C","status":"READY","cmp":-1,"lhs":[0,0,0,0,53937687553330562,11767463252641512956,5837035303790032806,14023941540773134016],"rhs":[0,0,0,49079,18249799205814784590,7182451737183379698,12989915686891481772,6084065037716944576]}
{"op":"C","status":"READY","cmp":-1,"lhs":[0,0,0,0,0,0,205756120920,945571226341343280],"rhs":[0,0,0,0,0,8180,134958617816520694,7332853763710648416]}
{"op":"C","status":"READY","cmp":-1,"lhs":[0,0,0,0,617268361610,7412967211387647888,12643473587703197948,17060932788474088544],"rhs":[0,0,0,32720,538569688166659111,16264995874023508985,2712644021891996372,13288919341613729312]}
{"op":"C","status":"READY","cmp":-1,"lhs":[0,0,0,823024480997,8311326809419880528,14424098343201174251,18190000755303181664,5864558201292226240],"rhs":[0,0,49080,806449217697469316,17572612704983507081,11324597846216619504,755605827265542155,16200399156311619264]}
{"op":"C","status":"READY","cmp":1,"lhs":[0,0,0,0,0,0,0,549751619592],"rhs":[0,0,0,0,0,0,0,8]}
{"op":"C","status":"READY","cmp":1,"lhs":[0,0,0,0,0,0,0,1649254858776],"rhs":[0,0,0,0,0,0,0,32]}
{"op":"C","status":"READY","cmp":1,"lhs":[0,0,0,0,0,0,0,2199006478368],"rhs":[0,0,0,0,0,0,0,48]}
{"op":"C","status":"READY","cmp":1,"lhs":[0,0,0,0,0,0,0,549751619592],"rhs":[0,0,0,0,0,0,0,1352]}
{"op":"C","status":"READY","cmp":1,"lhs":[0,0,0,0,0,0,0,47104368021501336],"rhs":[0,0,0,0,0,0,0,154457888]}
{"op":"C","status":"READY","cmp":1,"lhs":[0,0,0,0,0,0,0,10614184260844967712],"rhs":[0,0,0,0,0,0,0,39155074608]}
{"op":"C","status":"READY","cmp":1,"lhs":[0,0,0,0,0,0,0,549751619592],"rhs":[0,0,0,0,0,0,0,134152200]}
{"op":"C","status":"READY","cmp":1,"lhs":[0,0,0,0,0,0,25141065,3437226938861223960],"rhs":[0,0,0,0,0,0,8180,135064016408281120]}
{"op":"C","status":"READY","cmp":1,"lhs":[0,0,0,0,0,0,562121534181651,4688487325979901984],"rhs":[0,0,0,0,0,0,205756120920,945571226341343280]}
{"op":"C","status":"READY","cmp":0,"lhs":[0,0,0,0,0,0,0,549751619592],"rhs":[0,0,0,0,0,0,0,549751619592]}
{"op":"C","status":"READY","cmp":-1,"lhs":[0,0,0,0,0,0,422202801481727,9799857528132075544],"rhs":[0,0,0,0,0,0,562937068642303,6917562012939583520]}
{"op":"C","status":"READY","cmp":-1,"lhs":[0,0,0,0,0,2097088,15762478437285886,4611747591011434528],"rhs":[0,0,0,0,0,3145632,23643717655928829,6917621386517151792]}
{"op":"C","status":"READY","cmp":-1,"lhs":[0,0,0,0,0,0,0,549751619592],"rhs":[0,0,0,0,0,0,0,35184338534408]}
{"op":"C","status":"READY","cmp":-1,"lhs":[0,0,0,0,0,0,1729365764288544701,4612426539294785560],"rhs":[0,0,0,0,0,7,18446321861747801792,2111061922676768]}
{"op":"C","status":"READY","cmp":-1,"lhs":[0,0,0,0,0,549750046741,16140192979686522498,9225696404016463904],"rhs":[0,0,0,0,0,52776356806991,18440833102721841856,5910973705617456]}
{"op":"C","status":"READY","cmp":-1,"lhs":[0,0,0,0,0,0,0,549751619592],"rhs":[0,0,0,0,0,0,0,2251799545249800]}
{"op":"C","status":"READY","cmp":-1,"lhs":[0,0,0,0,0,383,18391012144435927930,41378469220712472],"rhs":[0,0,0,0,0,2097151,4611688080011526144,135107985599889440]}
{"op":"C","status":"READY","cmp":-1,"lhs":[0,0,0,0,0,144114037027118591,3519565256776839412,136799034466631712],"rhs":[0,0,0,0,47,18446321861332566005,9223386467944202240,378302362256670768]}
{"op":"C","status":"READY","cmp":-1,"lhs":[0,0,0,0,0,0,0,549751619592],"rhs":[0,0,0,0,0,0,7,18446744004990074888]}
{"op":"C","status":"READY","cmp":-1,"lhs":[0,0,0,0,0,1649254857240,216182265326074512,216174019051782168],"rhs":[0,0,0,0,31,18446743249075831263,18446741324930482655,18446743249075830816]}
{"op":"C","status":"READY","cmp":-1,"lhs":[0,0,0,0,2199006475296,432377724691012064,1441182117076661728,432346938600325152],"rhs":[0,0,0,47,18446742424442111295,18446732528837463327,18446732528837461311,18446742424442110000]}
{"op":"C","status":"READY","cmp":-1,"lhs":[0,0,0,0,0,0,0,549751619592],"rhs":[0,0,0,0,0,0,0,2251799411032088]}
{"op":"C","status":"READY","cmp":-1,"lhs":[0,0,0,0,0,383,18389323307963853895,183698690609775120],"rhs":[0,0,0,0,0,2097150,9223380832946237440,3001648977293611400]}
{"op":"C","status":"READY","cmp":-1,"lhs":[0,0,0,0,0,144113968308201469,16853045480762651698,4526207538349217056],"rhs":[0,0,0,0,47,18445758911788089196,8070969364232347653,3966540827462827440]}
{"op":"C","status":"READY","cmp":-1,"lhs":[0,0,0,0,0,0,0,549751619592],"rhs":[0,0,0,0,0,0,7,18446743970630336536]}
{"op":"C","status":"READY","cmp":-1,"lhs":[0,0,0,0,0,1649254855704,432387620220160368,2053673796677665296],"rhs":[0,0,0,0,31,18446742424442111999,18446717891588925863,18446699440409416072]}
{"op":"C","status":"READY","cmp":-1,"lhs":[0,0,0,0,2199006471200,1008989108929686657,1081900329525358345,14339770310918673696],"rhs":[0,0,0,47,18446740225418861983,18446581827025098719,18445654595125720843,18445580721687985584]}
{"op":"C","status":"READY","cmp":1,"lhs":[0,0,0,0,0,0,562937068642303,6917562012939583520],"rhs":[0,0,0,0,0,0,6143,16717371712378765336]}
{"op":"C","status":"READY","cmp":1,"lhs":[0,0,0,0,0,0,1688811205926910,2305941965109198944],"rhs":[0,0,0,0,0,0,24575,11529254628386406496]}
{"op":"C","status":"READY","cmp":1,"lhs":[0,0,0,0,0,0,2251748274569213,9223503978048782464],"rhs":[0,0,0,0,0,0,36863,8070509905724833936]}
{"op":"C","status":"READY","cmp":1,"lhs":[0,0,0,0,0,0,562937068642303,6917562012939583520],"rhs":[0,0,0,0,0,0,1038320,2883976114449944536]}
{"op":"C","status":"READY","cmp":1,"lhs":[0,0,0,0,0,2,11340648705059376848,5132122340731770464],"rhs":[0,0,0,0,0,0,118621847940,18118062766871709024]}
{"op":"C","status":"READY","cmp":1,"lhs":[0,0,0,0,0,589,3626578010224942932,442272159093709952],"rhs":[0,0,0,0,0,0,30070638453038,18136381122009436816]}
{"op":"C","status":"READY","cmp":1,"lhs":[0,0,0,0,0,0,562937068642303,6917562012939583520],"rhs":[0,0,0,0,0,0,103027317512,16635884913181917208]}
{"op":"C","status":"READY","cmp":1,"lhs":[0,0,0,0,0,25744057923,16761977996774969628,5308130161989255264],"rhs":[0,0,0,0,0,6282149,14098053076014566399,1712966847241650272]}
{"op":"C","status":"READY","cmp":1,"lhs":[0,0,0,0,0,575603667903296749,12898105425298342628,6470507763969556608],"rhs":[0,0,0,0,0,158018289675854,5966271537380140558,18114113836250824848]}
{"op":"C","status":"READY","cmp":1,"lhs":[0,0,0,0,0,0,562937068642303,6917562012939583520],"rhs":[0,0,0,0,0,0,422202801481727,9799857528132075544]}
{"op":"C","status":"READY","cmp":0,"lhs":[0,0,0,0,0,432329071836263616,354656847162949620,13835354923170005088],"rhs":[0,0,0,0,0,432329071836263616,354656847162949620,13835354923170005088]}
{"op":"C","status":"READY","cmp":-1,"lhs":[0,0,0,0,2147385346,1152437723642961152,2080656224633192420,9223952578591588480],"rhs":[0,0,0,0,2415808514,5908178457525719200,2340738252712341473,1153574614060761232]}
{"op":"C","status":"READY","cmp":-1,"lhs":[0,0,0,0,0,0,562937068642303,6917562012939583520],"rhs":[0,0,0,0,0,0,27021159680317431,12105896800083247128]}
{"op":"C","status":"READY","cmp":-1,"lhs":[0,0,0,0,95,18402834443612316937,16970843395530792505,2309741876489486432],"rhs":[0,0,0,0,6143,16393117873523015813,10841397098796571324,11536854451549634656]}
{"op":"C","status":"READY","cmp":-1,"lhs":[0,0,0,0,562935458068350,18045997931772390203,5400225336850347987,9234481500529885312],"rhs":[0,0,0,0,40531623558377445,5837944353801783516,4509080089563003929,8090776101632082064]}
{"op":"C","status":"READY","cmp":-1,"lhs":[0,0,0,0,0,0,562937068642303,6917562012939583520],"rhs":[0,0,0,0,0,0,1729355662626920045,16724971535944646680]}
{"op":"C","status":"READY","cmp":-1,"lhs":[0,0,0,0,393206,16718984842146630049,15677780157517785238,2478204644413669472],"rhs":[0,0,0,0,1610587584,2757778719635809155,228104519596672295,11944711684347658336]}
{"op":"C","status":"READY","cmp":-1,"lhs":[0,0,0,7,18443313630858793547,16677218105735973485,757268202856958253,9784202118771507328],"rhs":[0,0,0,36863,7746255747972866398,549958160841368429,13700060970777317967,9225683190818013328]}
{"op":"C","status":"READY","cmp":-1,"lhs":[0,0,0,0,0,0,562937068642303,6917562012939583520],"rhs":[0,0,0,0,0,6143,16717318936625939991,16933544288334118936]}
{"op":"C","status":"READY","cmp":-1,"lhs":[0,0,0,0,1688811204354082,2309741677579360376,16425079183195257406,4900013701207162976],"rhs":[0,0,0,24575,11528621319352797274,9510082643761485210,15564392491590323615,14123325539850649696]}
{"op":"C","status":"READY","cmp":-1,"lhs":[0,0,0,2251748271423557,9244613892629180746,14405049819317348259,8062004093788665725,14411647450244710528],"rhs":[0,0,36863,8069243287657910400,9792623972236107674,10948009476057470802,4035586470793113535,13258651728653320336]}
{"op":"C","status":"READY","cmp":-1,"lhs":[0,0,0,0,0,0,562937068642303,6917562012939583520],"rhs":[0,0,0,0,0,0,1729355559549290084,13266649025345486920]}
{"op":"C","status":"READY","cmp":-1,"lhs":[0,0,0,0,393206,14989642682661701011,9980656458929784954,14636061007684831296],"rhs":[0,0,0,0,1610587008,2925079401215379430,15904649955972557472,17052942124036666520]}
{"op":"C","status":"READY","cmp":-1,"lhs":[0,0,0,7,18443243263761388296,2702916068520811479,14226373355955832338,9926838565176628352],"rhs":[0,0,0,36863,7313917094841902763,1452101278083155501,10347228107467748101,6716091154095700240]}
{"op":"C","status":"READY","cmp":-1,"lhs":[0,0,0,0,0,0,562937068642303,6917562012939583520],"rhs":[0,0,0,0,0,6143,16717292548749536535,13582885853650223176]}
{"op":"C","status":"READY","cmp":-1,"lhs":[0,0,0,0,1688811202781254,2337184746920702341,9779391220180479384,1587428430494828608],"rhs":[0,0,0,24575,11527988010320023624,5170567529455830407,9130148852446751179,329676693360882840]}
{"op":"C","status":"READY","cmp":-1,"lhs":[0,0,0,2251748267229349,9383096110739324002,12644072276574540444,925440170795149966,15298257858932528256],"rhs":[0,0,36863,8067554463572095031,14296284719722131828,104863259446730932,11487605453867868017,6098154856902850832]}
{"op":"C","status":"READY","cmp":1,"lhs":[0,0,0,0,0,3145632,23643717655928829,6917621386517151792],"rhs":[0,0,0,0,0,0,562937068642303,6917562012939583520]}
{"op":"C","status":"READY","cmp":1,"lhs":[0,0,0,0,0,9436896,70931152967786488,2306120085841903760],"rhs":[0,0,0,0,0,0,2251748274569213,9223503978048782464]}
{"op":"C","status":"READY","cmp":1,"lhs":[0,0,0,0,0,12582528,94574870623715317,9223741472359055552],"rhs":[0,0,0,0,0,0,3377622411853820,4611883930218397888]}
{"op":"C","status":"READY","cmp":1,"lhs":[0,0,0,0,0,3145632,23643717655928829,6917621386517151792],"rhs":[0,0,0,0,0,0,95136364600549270,6923103543087863072]}
{"op":"C","status":"READY","cmp":1,"lhs":[0,0,0,0,0,269527186765,15169555878608761194,10219428587514020240],"rhs":[0,0,0,0,0,589,3626578010224942932,442272159093709952]}
{"op":"C","status":"READY","cmp":1,"lhs":[0,0,0,0,0,60733459417898,11707852368143657418,3083813864035125952],"rhs":[0,0,0,0,0,149361,6223693943400228276,1435527887998163136]}
{"op":"C","status":"READY","cmp":1,"lhs":[0,0,0,0,0,3145632,23643717655928829,6917621386517151792],"rhs":[0,0,0,0,0,511,13619555823920477213,6646502023220690976]}
{"op":"C","status":"READY","cmp":1,"lhs":[0,0,0,0,143,15772635935606310469,7150746099516066788,6999962177345683600],"rhs":[0,0,0,0,0,575603667903296749,12898105425298342628,6470507763969556608]}
{"op":"C","status":"READY","cmp":1,"lhs":[0,0,0,0,3216411600,5264298460873017487,6387267414959315835,853547626018635968],"rhs":[0,0,0,0,784879,6403914042004372670,9324229143449519435,1767131879512735936]}
{"op":"C","status":"READY","cmp":1,"lhs":[0,0,0,0,0,3145632,23643717655928829,6917621386517151792],"rhs":[0,0,0,0,0,2097088,15762478437285886,4611747591011434528]}
{"op":"C","status":"READY","cmp":1,"lhs":[0,0,0,0,2415808514,5908178457525719200,2340738252712341473,1153574614060761232],"rhs":[0,0,0,0,2147385346,1152437723642961152,2080656224633192420,9223952578591588480]}
{"op":"C","status":"READY","cmp":0,"lhs":[0,0,0,11,18434922417814749230,16998988563900890240,10143206465220820923,13836258721275052224],"rhs":[0,0,0,11,18434922417814749230,16998988563900890240,10143206465220820923,13836258721275052224]}
{"op":"C","status":"READY","cmp":-1,"lhs":[0,0,0,0,0,3145632,23643717655928829,6917621386517151792],"rhs":[0,0,0,0,0,134214528,595034823716888555,16141285893381029920]}
{"op":"C","status":"READY","cmp":-1,"lhs":[0,0,0,0,9895283790349,8506379998376423683,8140281418891091114,2312453271609933968],"rhs":[0,0,0,0,562935458068350,18045997931772390203,5400225336850347987,9234481500529885312]}
{"op":"C","status":"READY","cmp":-1,"lhs":[0,0,0,3145623,28908105518959143,4541451516656133504,14781027256429212121,9241474393475907776],"rhs":[0,0,0,201321216,1158543224914760737,9510480035804685473,9030808739670336104,4640594374621659328]}
{"op":"C","status":"READY","cmp":-1,"lhs":[0,0,0,0,0,3145632,23643717655928829,6917621386517151792],"rhs":[0,0,0,0,0,8589736961,16573629521287306435,6928258060980846624]}
{"op":"C","status":"READY","cmp":-1,"lhs":[0,0,0,0,40531150048887518,677543134033947470,2511921037762146312,2569580654379401360],"rhs":[0,0,0,7,18443313630858793547,16677218105735973485,757268202856958253,9784202118771507328]}
{"op":"C","status":"READY","cmp":-1,"lhs":[0,0,0,824608260441,761118960690284111,4295329273130296209,7958231677994799125,10074921782604726464],"rhs":[0,0,0,3377620801278283,16430876635566999157,16505500112960203532,8953963589532598876,6165625775891415232]}
{"op":"C","status":"READY","cmp":-1,"lhs":[0,0,0,0,0,3145632,23643717655928829,6917621386517151792],"rhs":[0,0,0,0,0,562937068380165,6917069424214254623,7349907302289244192]}
{"op":"C","status":"READY","cmp":-1,"lhs":[0,0,0,9436895,18355550587884886832,2525250191268270393,604719717598589784,7494264382671552656],"rhs":[0,0,0,2251748271423557,9244613892629180746,14405049819317348259,8062004093788665725,14411647450244710528]}
{"op":"C","status":"READY","cmp":-1,"lhs":[0,0,12582527,18217069666823859557,9472869259161605827,1957284047434108180,6928964591073143606,1153285992308801728],"rhs":[0,0,3377622405562508,4681124738650956871,10440933709938702317,8001503272268715178,17277362923119162620,14988170874610254016]}
{"op":"C","status":"READY","cmp":-1,"lhs":[0,0,0,0,0,3145632,23643717655928829,6917621386517151792],"rhs":[0,0,0,0,0,8589736449,16790926115964558500,2317482437543723104]}
{"op":"C","status":"READY","cmp":-1,"lhs":[0,0,0,0,40531140385508890,204361526024322642,7995400234100049386,15087524846172638304],"rhs":[0,0,0,7,18443260855534297850,11810943066628866057,4668965464927135592,1592793599806817824]}
{"op":"C","status":"READY","cmp":-1,"lhs":[0,0,0,824607867237,4487029381009135275,7437955867796411704,13671798804774198755,1852613986445459136],"rhs":[0,0,0,3377618653845347,7115719473887460063,6283074122262062309,15305320689082662408,12577782901166700224]}
{"op":"C","status":"READY","cmp":-1,"lhs":[0,0,0,0,0,3145632,23643717655928829,6917621386517151792],"rhs":[0,0,0,0,0,562937068249096,6917667535454553630,2954459899133689952]}
{"op":"C","status":"READY","cmp":-1,"lhs":[0,0,0,9436895,18193425949224552104,2521481647064340919,16134508321074636277,7788292339855789152],"rhs":[0,0,0,2251748268277901,9342283248466028750,10732970965635186688,14517972738557365072,11043138107061847584]}
{"op":"C","status":"READY","cmp":-1,"lhs":[0,0,12582527,17784737297427860261,2315888091671655112,4931488502346795051,5404368291501487980,2944363153397415616],"rhs":[0,0,3377622397174092,5086438826210006471,2580743488773089646,4786220106988883308,2228986128080978923,830574592040236736]}
{"op":"C","status":"READY","cmp":1,"lhs":[0,0,0,0,0,0,0,35184338534408],"rhs":[0,0,0,0,0,0,0,8]}
{"op":"C","status":"READY","cmp":1,"lhs":[0,0,0,0,0,0,0,105553015603224],"rhs":[0,0,0,0,0,0,0,32]}
{"op":"C","status":"READY","cmp":1,"lhs":[0,0,0,0,0,0,0,140737354137632],"rhs":[0,0,0,0,0,0,0,48]}
{"op":"C","status":"READY","cmp":1,"lhs":[0,0,0,0,0,0,0,35184338534408],"rhs":[0,0,0,0,0,0,0,1352]}
{"op":"C","status":"READY","cmp":1,"lhs":[0,0,0,0,0,0,0,3014699678643680664],"rhs":[0,0,0,0,0,0,0,154457888]}
{"op":"C","status":"READY","cmp":1,"lhs":[0,0,0,0,0,0,36,15229540934165518112],"rhs":[0,0,0,0,0,0,0,39155074608]}
{"op":"C","status":"READY","cmp":1,"lhs":[0,0,0,0,0,0,0,35184338534408],"rhs":[0,0,0,0,0,0,0,134152200]}
{"op":"C","status":"READY","cmp":1,"lhs":[0,0,0,0,0,0,1609038913,7490712687852781592],"rhs":[0,0,0,0,0,0,8180,135064016408281120]}
{"op":"C","status":"READY","cmp":1,"lhs":[0,0,0,0,0,0,35976018353172349,15089410614981034016],"rhs":[0,0,0,0,0,0,205756120920,945571226341343280]}
{"op":"C","status":"READY","cmp":1,"lhs":[0,0,0,0,0,0,0,35184338534408],"rhs":[0,0,0,0,0,0,0,549751619592]}
{"op":"C","status":"READY","cmp":1,"lhs":[0,0,0,0,0,0,27021159680317431,12105896800083247128],"rhs":[0,0,0,0,0,0,562937068642303,6917562012939583520]}
{"op":"C","status":"READY","cmp":1,"lhs":[0,0,0,0,0,134214528,595034823716888555,16141285893381029920],"rhs":[0,0,0,0,0,3145632,23643717655928829,6917621386517151792]}
{"op":"C","status":"READY","cmp":0,"lhs":[0,0,0,0,0,0,0,35184338534408],"rhs":[0,0,0,0,0,0,0,35184338534408]}
{"op":"C","status":"READY","cmp":-1,"lhs":[0,0,0,0,0,5,18446427414738239248,1583296442007576],"rhs":[0,0,0,0,0,7,18446321861747801792,2111061922676768]}
{"op":"C","status":"READY","cmp":-1,"lhs":[0,0,0,0,0,35184237871327,18442803426384411776,3940649137078304],"rhs":[0,0,0,0,0,52776356806991,18440833102721841856,5910973705617456]}
{"op":"C","status":"READY","cmp":-1,"lhs":[0,0,0,0,0,0,0,35184338534408],"rhs":[0,0,0,0,0,0,0,2251799545249800]}
{"op":"C","status":"READY","cmp":-1,"lhs":[0,0,0,0,0,24575,17906312334247164544,47393347492380696],"rhs":[0,0,0,0,0,2097151,4611688080011526144,135107985599889440]}
{"op":"C","status":"READY","cmp":-1,"lhs":[0,0,0,0,0,9223359942232604670,13690945648197436672,148759521836138528],"rhs":[0,0,0,0,47,18446321861332566005,9223386467944202240,378302362256670768]}
{"op":"C","status":"READY","cmp":-1,"lhs":[0,0,0,0,0,0,0,35184338534408],"rhs":[0,0,0,0,0,0,7,18446744004990074888]}
{"op":"C","status":"READY","cmp":-1,"lhs":[0,0,0,0,0,105553015504920,1730015162686931088,1729487397609013272],"rhs":[0,0,0,0,31,18446743249075831263,18446741324930482655,18446743249075830816]}
{"op":"C","status":"READY","cmp":-1,"lhs":[0,0,0,0,140737353941024,3460874749498229216,11531323357601268192,3458904426540957728],"rhs":[0,0,0,47,18446742424442111295,18446732528837463327,18446732528837461311,18446742424442110000]}
{"op":"C","status":"READY","cmp":-1,"lhs":[0,0,0,0,0,0,0,35184338534408],"rhs":[0,0,0,0,0,0,0,2251799411032088]}
{"op":"C","status":"READY","cmp":-1,"lhs":[0,0,0,0,0,24575,17798226078481683904,242138831199928848],"rhs":[0,0,0,0,0,2097150,9223380832946237440,3001648977293611400]}
{"op":"C","status":"READY","cmp":-1,"lhs":[0,0,0,0,0,9223355544192548859,1765432958796036736,5446118319927072032],"rhs":[0,0,0,0,47,18445758911788089196,8070969364232347653,3966540827462827440]}
{"op":"C","status":"READY","cmp":-1,"lhs":[0,0,0,0,0,0,0,35184338534408],"rhs":[0,0,0,0,0,0,7,18446743970630336536]}
{"op":"C","status":"READY","cmp":-1,"lhs":[0,0,0,0,0,105553015406616,3461508067591570032,16431449689980666384],"rhs":[0,0,0,0,31,18446742424442111999,18446717891588925863,18446699440409416072]}
{"op":"C","status":"READY","cmp":-1,"lhs":[0,0,0,0,140737353678880,8082270545841261192,8715589051737750806,4058947344249394464],"rhs":[0,0,0,47,18446740225418861983,18446581827025098719,18445654595125720843,18445580721687985584]}
{"op":"C","status":"READY","cmp":1,"lhs":[0,0,0,0,0,7,18446321861747801792,2111061922676768],"rhs":[0,0,0,0,0,0,25165776,633318496272408]}
{"op":"C","status":"READY","cmp":1,"lhs":[0,0,0,0,0,23,18445477437824302144,6333185768030304],"rhs":[0,0,0,0,0,0,100663104,2533273985089632]}
{"op":"C","status":"READY","cmp":1,"lhs":[0,0,0,0,0,31,18445055225862552320,8444247690707072],"rhs":[0,0,0,0,0,0,150994656,3799910977634448]}
{"op":"C","status":"READY","cmp":1,"lhs":[0,0,0,0,0,7,18446321861747801792,2111061922676768],"rhs":[0,0,0,0,0,0,4253016144,107030825870036952]}
{"op":"C","status":"READY","cmp":1,"lhs":[0,0,0,0,0,685462,717100628808933449,14861422057327548000],"rhs":[0,0,0,0,0,0,485881576355798,15885093900778374496]}
{"op":"C","status":"READY","cmp":1,"lhs":[0,0,0,0,0,154457446,1714893052796890017,9913092909711973504],"rhs":[0,0,0,0,0,0,123170979606195011,5481095778635682448]}
{"op":"C","status":"READY","cmp":1,"lhs":[0,0,0,0,0,7,18446321861747801792,2111061922676768],"rhs":[0,0,0,0,0,0,422005526888975,13255854571424383000]}
{"op":"C","status":"READY","cmp":1,"lhs":[0,0,0,0,0,6748785478352642,11409968063665158988,6829280033826668640],"rhs":[0,0,0,0,0,25732028992,9085886954578777684,11734298177256030304]}
{"op":"C","status":"READY","cmp":1,"lhs":[0,0,0,0,8179,18150095972807847788,1872604742347955516,13978473984561250432],"rhs":[0,0,0,0,0,647251556213748497,7220580554487203805,6884785637798969488]}
{"op":"C","status":"READY","cmp":1,"lhs":[0,0,0,0,0,7,18446321861747801792,2111061922676768],"rhs":[0,0,0,0,0,0,1729365764288544701,4612426539294785560]}
{"op":"C","status":"READY","cmp":1,"lhs":[0,0,0,0,6143,16393117873523015813,10841397098796571324,11536854451549634656],"rhs":[0,0,0,0,95,18402834443612316937,16970843395530792505,2309741876489486432]}
{"op":"C","status":"READY","cmp":1,"lhs":[0,0,0,0,562935458068350,18045997931772390203,5400225336850347987,9234481500529885312],"rhs":[0,0,0,0,9895283790349,8506379998376423683,8140281418891091114,2312453271609933968]}
{"op":"C","status":"READY","cmp":1,"lhs":[0,0,0,0,0,7,18446321861747801792,2111061922676768],"rhs":[0,0,0,0,0,5,18446427414738239248,1583296442007576]}
{"op":"C","status":"READY","cmp":0,"lhs":[0,0,0,0,25165704,4749884192199599,18393545324250524032,18999558914703456],"rhs":[0,0,0,0,25165704,4749884192199599,18393545324250524032,18999558914703456]}
{"op":"C","status":"READY","cmp":-1,"lhs":[0,0,0,7,18445899650994008640,69665003585696639,18223815958592473344,37154693704581248],"rhs":[0,0,0,8,18445794098154565768,78373129033908719,18195949944202838560,41799030417653904]}
{"op":"C","status":"READY","cmp":-1,"lhs":[0,0,0,0,0,7,18446321861747801792,2111061922676768],"rhs":[0,0,0,0,0,383,18432388861196758864,14144116573077528]}
{"op":"C","status":"READY","cmp":-1,"lhs":[0,0,0,0,103078895616,7822746765813591575,5049522639723065920,249527559203586144],"rhs":[0,0,0,0,6597054824461,15708430465215388154,3502685517356824896,488922024077426784]}
{"op":"C","status":"READY","cmp":-1,"lhs":[0,0,0,2097145,4611859603688489027,9358083399487400980,13414552996347356928,711005776675602560],"rhs":[0,0,0,150994584,6610260324779147,8498392862238505929,13562652550705459936,1300836584332984464]}
{"op":"C","status":"READY","cmp":-1,"lhs":[0,0,0,0,0,7,18446321861747801792,2111061922676768],"rhs":[0,0,0,0,0,25165775,18231205022433771496,1730015369248112664]}
{"op":"C","status":"READY","cmp":-1,"lhs":[0,0,0,23,18445477025508621518,10951503744574417399,13295344625102749313,2312174545714282592],"rhs":[0,0,0,100663103,15855208911637968160,12143688928419641955,11278980481255343329,2308373809297621088]}
{"op":"C","status":"READY","cmp":-1,"lhs":[0,0,31,18445054401231191261,3441906280372090712,16242337890108685476,12807133408409682562,4620126967583211648],"rhs":[0,0,150994655,13262407113781797136,5294608610054881549,14677547214814578671,8753284053057408674,4615480981602697360]}
{"op":"C","status":"READY","cmp":-1,"lhs":[0,0,0,0,0,7,18446321861747801792,2111061922676768],"rhs":[0,0,0,0,0,383,18431966649587330224,18788452883497032]}
{"op":"C","status":"READY","cmp":-1,"lhs":[0,0,0,0,103078871040,9254889500893401358,10718854632143193728,1612007103843534912],"rhs":[0,0,0,0,6597052465171,9223142827426754407,14696310349870546960,13747870545255347352]}
{"op":"C","status":"READY","cmp":-1,"lhs":[0,0,0,2097144,4611921863442309265,17799295885944986831,6594063743582783745,12866219936145495168],"rhs":[0,0,0,150994488,11274383349060082,15678092945752493194,13862614562171144054,4869923217525209360]}
{"op":"C","status":"READY","cmp":-1,"lhs":[0,0,0,0,0,7,18446321861747801792,2111061922676768],"rhs":[0,0,0,0,0,25165775,18123118837585493896,2595973031616577608]}
{"op":"C","status":"READY","cmp":-1,"lhs":[0,0,0,23,18445476613192941229,3432194234910154980,16566081662956910410,12821450969531287616],"rhs":[0,0,0,100663103,13261140479003840605,14645858115024363052,2825986658939524100,16784289217155970200]}
{"op":"C","status":"READY","cmp":-1,"lhs":[0,0,31,18445053301722711417,7937071280727300366,3921381717442475376,10180909328415565770,12956042766902645888],"rhs":[0,0,150994655,6344891299900116665,11337929760659786180,1354594775285056097,7244189756831185207,9461244314316470544]}
{"op":"C","status":"READY","cmp":1,"lhs":[0,0,0,0,0,52776356806991,18440833102721841856,5910973705617456],"rhs":[0,0,0,0,0,7,18446321861747801792,2111061922676768]}
{"op":"C","status":"READY","cmp":1,"lhs":[0,0,0,0,0,158329070420975,18429011160746422336,17732921116852368],"rhs":[0,0,0,0,0,31,18445055225862552320,8444247690707072]}
{"op":"C","status":"READY","cmp":1,"lhs":[0,0,0,0,0,211105427227967,18423100189758712576,23643894822469824],"rhs":[0,0,0,0,0,47,18444210801939052672,12666371536060608]}
{"op":"C","status":"READY","cmp":1,"lhs":[0,0,0,0,0,52776356806991,18440833102721841856,5910973705617456],"rhs":[0,0,0,0,0,1351,18375390252173831360,356769464932373792]}
{"op":"C","status":"READY","cmp":1,"lhs":[0,0,0,0,0,4522036580293495508,10039106923932079195,8407870028262588816],"rhs":[0,0,0,0,0,154457446,1714893052796890017,9913092909711973504]}
{"op":"C","status":"READY","cmp":1,"lhs":[0,0,0,0,55,4394652038775649045,5493735175560031018,13005484183462415040],"rhs":[0,0,0,0,0,39154962584,10450275188691932277,13435230624341039296]}
{"op":"C","status":"READY","cmp":1,"lhs":[0,0,0,0,0,52776356806991,18440833102721841856,5910973705617456],"rhs":[0,0,0,0,0,134151816,3466782422625420863,1148280466159960096]}
{"op":"C","status":"READY","cmp":1,"lhs":[0,0,0,0,2413551464,16075489848777310050,4523956410483006036,4426756970805723280],"rhs":[0,0,0,0,8179,18150095972807847788,1872604742347955516,13978473984561250432]}
{"op":"C","status":"READY","cmp":1,"lhs":[0,0,0,0,53963873137621379,12684881660703888676,14545931854304401288,9246831262037442752],"rhs":[0,0,0,0,205755532247,14187712943708388736,16315242367079842753,11883495372496044224]}
{"op":"C","status":"READY","cmp":1,"lhs":[0,0,0,0,0,52776356806991,18440833102721841856,5910973705617456],"rhs":[0,0,0,0,0,549750046741,16140192979686522498,9225696404016463904]}
{"op":"C","status":"READY","cmp":1,"lhs":[0,0,0,0,40531623558377445,5837944353801783516,4509080089563003929,8090776101632082064],"rhs":[0,0,0,0,562935458068350,18045997931772390203,5400225336850347987,9234481500529885312]}
{"op":"C","status":"READY","cmp":1,"lhs":[0,0,0,201321216,1158543224914760737,9510480035804685473,9030808739670336104,4640594374621659328],"rhs":[0,0,0,3145623,28908105518959143,4541451516656133504,14781027256429212121,9241474393475907776]}
{"op":"C","status":"READY","cmp":1,"lhs":[0,0,0,0,0,52776356806991,18440833102721841856,5910973705617456],"rhs":[0,0,0,0,0,35184237871327,18442803426384411776,3940649137078304]}
{"op":"C","status":"READY","cmp":1,"lhs":[0,0,0,8,18445794098154565768,78373129033908719,18195949944202838560,41799030417653904],"rhs":[0,0,0,7,18445899650994008640,69665003585696639,18223815958592473344,37154693704581248]}
{"op":"C","status":"READY","cmp":0,"lhs":[0,0,0,52776205812803,18408322789770478672,633951670820287247,17601474920175335296,76842663004864704],"rhs":[0,0,0,52776205812803,18408322789770478672,633951670820287247,17601474920175335296,76842663004864704]}
{"op":"C","status":"READY","cmp":-1,"lhs":[0,0,0,0,0,52776356806991,18440833102721841856,5910973705617456],"rhs":[0,0,0,0,0,2251793102807303,18339361413547415488,24629058985787424]}
{"op":"C","status":"READY","cmp":-1,"lhs":[0,0,0,36863,15690546064051430851,9957587273426781166,822193403998065728,423056877916520592],"rhs":[0,0,0,2097145,4611859603688489027,9358083399487400980,13414552996347356928,711005776675602560]}
{"op":"C","status":"READY","cmp":-1,"lhs":[0,0,0,13835000331029397385,11602841140989537418,1719396854627775784,6988495550868075264,1158550981592481984],"rhs":[0,0,47,18443788590770024921,9259037020282391555,3827552407941150675,17318408923426115712,1850134993733419200]}
{"op":"C","status":"READY","cmp":-1,"lhs":[0,0,0,0,0,52776356806991,18440833102721841856,5910973705617456],"rhs":[0,0,0,0,7,18446321793028521671,14124980030172888800,3460875300865310752]}
{"op":"C","status":"READY","cmp":-1,"lhs":[0,0,0,158329070273520,10359493285629249494,13170143027311650296,7582721188997362594,4629416465643077776],"rhs":[0,0,31,18445054401231191261,3441906280372090712,16242337890108685476,12807133408409682562,4620126967583211648]}
{"op":"C","status":"READY","cmp":-1,"lhs":[0,0,211105426933057,2285331072087046576,825096811396109380,633480889685371,6095744107178096196,9247010983874920640],"rhs":[0,47,18444209152676330938,6859318215438187453,2483616041098153272,3121971373131391689,16493045986920762756,9236031811321069760]}
{"op":"C","status":"READY","cmp":-1,"lhs":[0,0,0,0,0,52776356806991,18440833102721841856,5910973705617456],"rhs":[0,0,0,0,0,2251792968589975,18330072745691303360,35606581735325792]}
{"op":"C","status":"READY","cmp":-1,"lhs":[0,0,0,36863,15528417144258544292,15691725899777354907,8904194817767123840,2984197558131231840],"rhs":[0,0,0,2097144,9223591938975346812,11575542676327261132,10321429109480815681,3519421448017954336]}
{"op":"C","status":"READY","cmp":-1,"lhs":[0,0,0,13834993733988187985,17638855080865456560,16505236469391414383,8815182685193594626,18078572794127351488],"rhs":[0,0,47,18443225642836157758,8162100139319322045,558881521134158168,14766048244282935714,12120570876756620992]}
{"op":"C","status":"READY","cmp":-1,"lhs":[0,0,0,0,0,52776356806991,18440833102721841856,5910973705617456],"rhs":[0,0,0,0,7,18446321758668881623,11962409159500594272,5194479544181981280]}
{"op":"C","status":"READY","cmp":-1,"lhs":[0,0,0,158329070126065,2292192017496864401,11665810246158302550,18230098671157163061,7307629790150790240],"rhs":[0,0,31,18445053576599831290,6817926801752189395,3725614251373702903,6469975313319160281,15595646013006693920]}
{"op":"C","status":"READY","cmp":-1,"lhs":[0,0,211105426539842,11523223203963888644,14280289859934477558,1434011255470531574,12746744385470173829,8607129035081809600],"rhs":[0,47,18444206953659373074,15753302181645661568,16672088535782581699,12151891243964120945,9268422250810983703,10791877355598378688]}
{"op":"C","status":"READY","cmp":1,"lhs":[0,0,0,0,0,0,0,2251799545249800],"rhs":[0,0,0,0,0,0,0,8]}
{"op":"C","status":"READY","cmp":1,"lhs":[0,0,0,0,0,0,0,6755398635749400],"rhs":[0,0,0,0,0,0,0,32]}
{"op":"C","status":"READY","cmp":1,"lhs":[0,0,0,0,0,0,0,9007198180999200],"rhs":[0,0,0,0,0,0,0,48]}
{"op":"C","status":"READY","cmp":1,"lhs":[0,0,0,0,0,0,0,2251799545249800],"rhs":[0,0,0,0,0,0,0,1352]}
{"op":"C","status":"READY","cmp":1,"lhs":[0,0,0,0,0,0,10,8473499698543097240],"rhs":[0,0,0,0,0,0,0,154457888]}
{"op":"C","status":"READY","cmp":1,"lhs":[0,0,0,0,0,0,2356,15496207170863945504],"rhs":[0,0,0,0,0,0,0,39155074608]}
{"op":"C","status":"READY","cmp":1,"lhs":[0,0,0,0,0,0,0,2251799545249800],"rhs":[0,0,0,0,0,0,0,134152200]}
{"op":"C","status":"READY","cmp":1,"lhs":[0,0,0,0,0,0,102978576389,18379196677978980376],"rhs":[0,0,0,0,0,0,8180,135064016408281120]}
{"op":"C","status":"READY","cmp":1,"lhs":[0,0,0,0,0,0,2302467095931011127,18320625698935668768],"rhs":[0,0,0,0,0,0,205756120920,945571226341343280]}
{"op":"C","status":"READY","cmp":1,"lhs":[0,0,0,0,0,0,0,2251799545249800],"rhs":[0,0,0,0,0,0,0,549751619592]}
{"op":"C","status":"READY","cmp":1,"lhs":[0,0,0,0,0,0,1729355662626920045,16724971535944646680],"rhs":[0,0,0,0,0,0,562937068642303,6917562012939583520]}
{"op":"C","status":"READY","cmp":1,"lhs":[0,0,0,0,0,8589736961,16573629521287306435,6928258060980846624],"rhs":[0,0,0,0,0,3145632,23643717655928829,6917621386517151792]}
{"op":"C","status":"READY","cmp":1,"lhs":[0,0,0,0,0,0,0,2251799545249800],"rhs":[0,0,0,0,0,0,0,35184338534408]}
{"op":"C","status":"READY","cmp":1,"lhs":[0,0,0,0,0,383,18432388861196758864,14144116573077528],"rhs":[0,0,0,0,0,7,18446321861747801792,2111061922676768]}
{"op":"C","status":"READY","cmp":1,"lhs":[0,0,0,0,0,2251793102807303,18339361413547415488,24629058985787424],"rhs":[0,0,0,0,0,52776356806991,18440833102721841856,5910973705617456]}
{"op":"C","status":"READY","cmp":0,"lhs":[0,0,0,0,0,0,0,2251799545249800],"rhs":[0,0,0,0,0,0,0,2251799545249800]}
{"op":"C","status":"READY","cmp":-1,"lhs":[0,0,0,0,0,1572863,8070452078436032512,101330989199917080],"rhs":[0,0,0,0,0,2097151,4611688080011526144,135107985599889440]}
{"op":"C","status":"READY","cmp":-1,"lhs":[0,0,0,0,31,18446462598791561209,9620726284288,252201574837780512],"rhs":[0,0,0,0,47,18446321861332566005,9223386467944202240,378302362256670768]}
{"op":"C","status":"READY","cmp":-1,"lhs":[0,0,0,0,0,0,0,2251799545249800],"rhs":[0,0,0,0,0,0,7,18446744004990074888]}
{"op":"C","status":"READY","cmp":-1,"lhs":[0,0,0,0,0,6755398629457944,13875590034773508240,13841813041601052696],"rhs":[0,0,0,0,31,18446743249075831263,18446741324930482655,18446743249075830816]}
{"op":"C","status":"READY","cmp":-1,"lhs":[0,0,0,0,9007198168416289,9358479184894099941,135105223923335649,9232378410402054176],"rhs":[0,0,0,47,18446742424442111295,18446732528837463327,18446732528837461311,18446742424442110000]}
{"op":"C","status":"READY","cmp":1,"lhs":[0,0,0,0,0,0,0,2251799545249800],"rhs":[0,0,0,0,0,0,0,2251799411032088]}
{"op":"C","status":"READY","cmp":-1,"lhs":[0,0,0,0,0,1572863,1152925937012494336,837669497673351696],"rhs":[0,0,0,0,0,2097150,9223380832946237440,3001648977293611400]}
{"op":"C","status":"READY","cmp":-1,"lhs":[0,0,0,0,31,18446181123993108423,6917682168981041152,14116532606254191904],"rhs":[0,0,0,0,47,18445758911788089196,8070969364232347653,3966540827462827440]}
{"op":"C","status":"READY","cmp":-1,"lhs":[0,0,0,0,0,0,0,2251799545249800],"rhs":[0,0,0,0,0,0,7,18446743970630336536]}
{"op":"C","status":"READY","cmp":-1,"lhs":[0,0,0,0,0,6755398623166489,9399011576690770551,2454457862190006800],"rhs":[0,0,0,0,31,18446742424442111999,18446717891588925863,18446699440409416072]}
{"op":"C","status":"READY","cmp":-1,"lhs":[0,0,0,0,9007198151639075,9979974759345031875,18232785320244428153,15357212013147198752],"rhs":[0,0,0,47,18446740225418861983,18446581827025098719,18445654595125720843,18445580721687985584]}
{"op":"C","status":"READY","cmp":1,"lhs":[0,0,0,0,0,2097151,4611688080011526144,135107985599889440],"rhs":[0,0,0,0,0,0,103079190528,40532395035721752]}
{"op":"C","status":"READY","cmp":1,"lhs":[0,0,0,0,0,6291453,13835064240034578432,405323956799668320],"rhs":[0,0,0,0,0,0,412316762112,162129580142887008]}
{"op":"C","status":"READY","cmp":1,"lhs":[0,0,0,0,0,8388605,8246336552960,540431942399557760],"rhs":[0,0,0,0,0,0,618475143168,243194370214330512]}
{"op":"C","status":"READY","cmp":1,"lhs":[0,0,0,0,0,2097151,4611688080011526144,135107985599889440],"rhs":[0,0,0,0,0,0,17420383199232,6849974761036976088]}
{"op":"C","status":"READY","cmp":1,"lhs":[0,0,0,0,0,179690210553,14011700768998982259,10348995939438024288],"rhs":[0,0,0,0,0,0,1990174258213103031,2292760927987991904]}
{"op":"C","status":"READY","cmp":1,"lhs":[0,0,0,0,0,40490194111447,2910003343437342818,7683998399297969280],"rhs":[0,0,0,0,0,27,6447084466863724758,142456923105071760]}
{"op":"C","status":"READY","cmp":1,"lhs":[0,0,0,0,0,2097151,4611688080011526144,135107985599889440],"rhs":[0,0,0,0,0,0,1728537522943832046,13523991813488664]}
{"op":"C","status":"READY","cmp":1,"lhs":[0,0,0,0,95,16717362332069472280,33739890702679847,17906444059818852448],"rhs":[0,0,0,0,0,105398566655985,6981716447639249123,17392928166898303072]}
{"op":"C","status":"READY","cmp":1,"lhs":[0,0,0,0,2144339072,9214928613159960543,495359655803486399,16285157009384276096],"rhs":[0,0,0,0,143,13262396287111935950,9000566300116681783,16987340357907251344]}
{"op":"C","status":"READY","cmp":1,"lhs":[0,0,0,0,0,2097151,4611688080011526144,135107985599889440],"rhs":[0,0,0,0,0,383,18391012144435927930,41378469220712472]}
{"op":"C","status":"READY","cmp":1,"lhs":[0,0,0,0,1610587584,2757778719635809155,228104519596672295,11944711684347658336],"rhs":[0,0,0,0,393206,16718984842146630049,15677780157517785238,2478204644413669472]}
{"op":"C","status":"READY","cmp":1,"lhs":[0,0,0,7,18443313630858793547,16677218105735973485,757268202856958253,9784202118771507328],"rhs":[0,0,0,0,40531150048887518,677543134033947470,2511921037762146312,2569580654379401360]}
{"op":"C","status":"READY","cmp":1,"lhs":[0,0,0,0,0,2097151,4611688080011526144,135107985599889440],"rhs":[0,0,0,0,0,24575,17906312334247164544,47393347492380696]}
{"op":"C","status":"READY","cmp":1,"lhs":[0,0,0,0,6597054824461,15708430465215388154,3502685517356824896,488922024077426784],"rhs":[0,0,0,0,103078895616,7822746765813591575,5049522639723065920,249527559203586144]}
{"op":"C","status":"READY","cmp":1,"lhs":[0,0,0,2097145,4611859603688489027,9358083399487400980,13414552996347356928,711005776675602560],"rhs":[0,0,0,36863,15690546064051430851,9957587273426781166,822193403998065728,423056877916520592]}
{"op":"C","status":"READY","cmp":1,"lhs":[0,0,0,0,0,2097151,4611688080011526144,135107985599889440],"rhs":[0,0,0,0,0,1572863,8070452078436032512,101330989199917080]}
{"op":"C","status":"READY","cmp":0,"lhs":[0,0,0,0,27021581658099935,18434077701078777761,9223458623392514048,1215971883283906656],"rhs":[0,0,0,0,27021581658099935,18434077701078777761,9223458623392514048,1215971883283906656]}
{"op":"C","status":"READY","cmp":-1,"lhs":[0,0,0,549755420672,2377900130805282687,18335279990683205236,272129120665600,2377900577481818240],"rhs":[0,0,0,618474848256,2675137647155943023,18321346980304911938,9223678182115524608,2675138149667045520]}
{"op":"C","status":"READY","cmp":-1,"lhs":[0,0,0,0,0,2097151,4611688080011526144,135107985599889440],"rhs":[0,0,0,0,0,103079190480,40743604328570904,13875590244159455256]}
{"op":"C","status":"READY","cmp":-1,"lhs":[0,0,0,6291453,13726977887670135154,9529090998696864230,16275450580488979017,405322307532226656],"rhs":[0,0,0,412316761536,164669039458220265,2440391661539918718,2434469142686762409,162127106241724512]}
{"op":"C","status":"READY","cmp":-1,"lhs":[0,0,8388604,18230579615367549650,18283612526449617509,7946721820536330937,8123364885061306258,540428643864674432],"rhs":[0,0,618475142016,248278236646138146,6844946555353591998,17059054441585517406,6814474898987929554,243189422412005520]}
{"op":"C","status":"READY","cmp":1,"lhs":[0,0,0,0,0,2097151,4611688080011526144,135107985599889440],"rhs":[0,0,0,0,0,1572863,6341070440000966656,209417376632930376]}
{"op":"C","status":"READY","cmp":1,"lhs":[0,0,0,0,27021575215653215,18411489338004078086,9224002469305499648,15780612820502054976],"rhs":[0,0,0,0,27021571994430527,18391592580075223937,4036983694355308547,11504443821517714584]}
{"op":"C","status":"READY","cmp":-1,"lhs":[0,0,0,549755158528,6593267696249809567,17131482018788398250,9234734801893801995,4368488483895923840],"rhs":[0,0,0,618474455040,9673728291156963887,15165520341834618752,5820879185320964188,1460258874119715088]}
{"op":"C","status":"READY","cmp":-1,"lhs":[0,0,0,0,0,2097151,4611688080011526144,135107985599889440],"rhs":[0,0,0,0,0,103079190456,40849363593781273,2427439885083213896]}
{"op":"C","status":"READY","cmp":-1,"lhs":[0,0,0,6291453,13618891535393772229,8618924947382479489,1395403970731248149,18140483418406783040],"rhs":[0,0,0,412316760960,167222517543450882,10456857053307322200,12661601183605858016,6597638650643625112]}
{"op":"C","status":"READY","cmp":-1,"lhs":[0,0,8388604,17942349342873851395,9263474707121834610,15934944056726017728,6893434578483476857,17545771831791735936],"rhs":[0,0,618475140480,255114037251720716,2031189067797250892,2035719457483309120,10405951291251201751,10832150975364757776]}
{"op":"C","status":"READY","cmp":1,"lhs":[0,0,0,0,47,18446321861332566005,9223386467944202240,378302362256670768],"rhs":[0,0,0,0,0,2097151,4611688080011526144,135107985599889440]}
{"op":"C","status":"READY","cmp":1,"lhs":[0,0,0,0,143,18445477436578594784,9223415330123055104,1134907086770012304],"rhs":[0,0,0,0,0,8388605,8246336552960,540431942399557760]}
{"op":"C","status":"READY","cmp":1,"lhs":[0,0,0,0,191,18445055224201609174,57724357705728,1513209449026683072],"rhs":[0,0,0,0,0,12582907,9223384406359605248,810647913599336640]}
{"op":"C","status":"READY","cmp":1,"lhs":[0,0,0,0,47,18446321861332566005,9223386467944202240,378302362256670768],"rhs":[0,0,0,0,0,354418561,4612034426146750465,4386505492671763744]}
{"op":"C","status":"READY","cmp":1,"lhs":[0,0,0,0,4112782,717065050161038760,10459871072179750621,3151967730639225232],"rhs":[0,0,0,0,0,40490194111447,2910003343437342818,7683998399297969280]}
{"op":"C","status":"READY","cmp":1,"lhs":[0,0,0,0,926746886,1706875997471286709,1923288187584383661,3118205811839273664],"rhs":[0,0,0,0,0,10264264207251854,9039456649839115636,10985466482532292800]}
{"op":"C","status":"READY","cmp":1,"lhs":[0,0,0,0,47,18446321861332566005,9223386467944202240,378302362256670768],"rhs":[0,0,0,0,0,35167181740033,2288953824758423492,81091178887118880]}
{"op":"C","status":"READY","cmp":1,"lhs":[0,0,0,0,40492809412408653,3475235127038970029,4469675449961315631,17676905609525198992],"rhs":[0,0,0,0,2144339072,9214928613159960543,495359655803486399,16285157009384276096]}
{"op":"C","status":"READY","cmp":1,"lhs":[0,0,0,49080,378671556560730039,13759509445394423944,11020013033882107735,14285787476470005952],"rhs":[0,0,0,0,53937713272832455,9225042749026844243,702840197200873343,13961053362592940224]}
{"op":"C","status":"READY","cmp":1,"lhs":[0,0,0,0,47,18446321861332566005,9223386467944202240,378302362256670768],"rhs":[0,0,0,0,0,144114037027118591,3519565256776839412,136799034466631712]}
{"op":"C","status":"READY","cmp":1,"lhs":[0,0,0,36863,7746255747972866398,549958160841368429,13700060970777317967,9225683190818013328],"rhs":[0,0,0,7,18443313630858793547,16677218105735973485,757268202856958253,9784202118771507328]}
{"op":"C","status":"READY","cmp":1,"lhs":[0,0,0,3377620801278283,16430876635566999157,16505500112960203532,8953963589532598876,6165625775891415232],"rhs":[0,0,0,824608260441,761118960690284111,4295329273130296209,7958231677994799125,10074921782604726464]}
{"op":"C","status":"READY","cmp":1,"lhs":[0,0,0,0,47,18446321861332566005,9223386467944202240,378302362256670768],"rhs":[0,0,0,0,0,9223359942232604670,13690945648197436672,148759521836138528]}
{"op":"C","status":"READY","cmp":1,"lhs":[0,0,0,150994584,6610260324779147,8498392862238505929,13562652550705459936,1300836584332984464],"rhs":[0,0,0,2097145,4611859603688489027,9358083399487400980,13414552996347356928,711005776675602560]}
{"op":"C","status":"READY","cmp":1,"lhs":[0,0,47,18443788590770024921,9259037020282391555,3827552407941150675,17318408923426115712,1850134993733419200],"rhs":[0,0,0,13835000331029397385,11602841140989537418,1719396854627775784,6988495550868075264,1158550981592481984]}
{"op":"C","status":"READY","cmp":1,"lhs":[0,0,0,0,47,18446321861332566005,9223386467944202240,378302362256670768],"rhs":[0,0,0,0,31,18446462598791561209,9620726284288,252201574837780512]}
{"op":"C","status":"READY","cmp":1,"lhs":[0,0,0,618474848256,2675137647155943023,18321346980304911938,9223678182115524608,2675138149667045520],"rhs":[0,0,0,549755420672,2377900130805282687,18335279990683205236,272129120665600,2377900577481818240]}
{"op":"C","status":"READY","cmp":0,"lhs":[0,0,12582901,9223447078505480194,17203744127662476351,17722227521442806306,9224197495191437312,4917930747991425216],"rhs":[0,0,12582901,9223447078505480194,17203744127662476351,17722227521442806306,9224197495191437312,4917930747991425216]}
{"op":"C","status":"READY","cmp":-1,"lhs":[0,0,0,0,47,18446321861332566005,9223386467944202240,378302362256670768],"rhs":[0,0,0,0,2097151,4593673687946591295,4748203440432054305,9358479747576758304]}
{"op":"C","status":"READY","cmp":-1,"lhs":[0,0,143,18445474962678612800,4676185150213710418,15076482245743239938,16068321222850544498,1134904612868849808],"rhs":[0,0,8388604,18230579615367549650,18283612526449617509,7946721820536330937,8123364885061306258,540428643864674432]}
{"op":"C","status":"READY","cmp":-1,"lhs":[0,191,18445050276401646357,9342196796334329288,8188971575251952942,13854497010398843023,4322370585391139684,1513204501224358080],"rhs":[0,12582907,8791038997103158657,16265097462758869418,1462277878298419073,1209515457742887800,13508512729638442276,810641316529569984]}
{"op":"C","status":"READY","cmp":1,"lhs":[0,0,0,0,47,18446321861332566005,9223386467944202240,378302362256670768],"rhs":[0,0,0,0,31,18446427414436249589,11529231538741977088,576460741029134432]}
{"op":"C","status":"READY","cmp":1,"lhs":[0,0,0,618474700800,4782821533494244415,17922356239661003709,4614445036606259202,1450158563006614624],"rhs":[0,0,0,549755224064,5440346686637818271,17511156535575699832,6925667887264489480,10430334232487282208]}
{"op":"C","status":"READY","cmp":1,"lhs":[0,0,12582895,9223556754739871761,3220016753320085247,4617598025120816798,9267269762419146777,17667615517420060352],"rhs":[0,0,12582893,9223607057365188637,5314132769798208749,15073938642790263872,4846231150283759825,9434983697918326464]}
{"op":"C","status":"READY","cmp":-1,"lhs":[0,0,0,0,47,18446321861332566005,9223386467944202240,378302362256670768],"rhs":[0,0,0,0,2097151,4584666491917269597,13972283287865425954,5017009562910195808]}
{"op":"C","status":"READY","cmp":-1,"lhs":[0,0,143,18445472488778632832,111203496221101610,13392865717385635264,11398713223492079436,6521188333169675360],"rhs":[0,0,8388604,18014406910974207295,12157997402600138749,9591189913178610944,10381703889063127666,6620111111926597152]}
{"op":"C","status":"READY","cmp":-1,"lhs":[0,191,18445043679335038676,15566528915767722321,15054004506816322587,4171563906177194568,6343269124244207847,15924348718942289600],"rhs":[0,12582907,8214578452593912630,13699667867851243278,11856821749801929483,12041726692823916054,12807810310652968890,17667432185667647168]}
{"op":"C","status":"READY","cmp":1,"lhs":[0,0,0,0,0,0,7,18446744004990074888],"rhs":[0,0,0,0,0,0,0,8]}
{"op":"C","status":"READY","cmp":1,"lhs":[0,0,0,0,0,0,23,18446743867551121432],"rhs":[0,0,0,0,0,0,0,32]}
{"op":"C","status":"READY","cmp":1,"lhs":[0,0,0,0,0,0,31,18446743798831644704],"rhs":[0,0,0,0,0,0,0,48]}
{"op":"C","status":"READY","cmp":1,"lhs":[0,0,0,0,0,0,7,18446744004990074888],"rhs":[0,0,0,0,0,0,0,1352]}
{"op":"C","status":"READY","cmp":1,"lhs":[0,0,0,0,0,0,685463,18440855982785066392],"rhs":[0,0,0,0,0,0,0,154457888]}
{"op":"C","status":"READY","cmp":1,"lhs":[0,0,0,0,0,0,154457887,17119960918725547808],"rhs":[0,0,0,0,0,0,0,39155074608]}
{"op":"C","status":"READY","cmp":1,"lhs":[0,0,0,0,0,0,7,18446744004990074888],"rhs":[0,0,0,0,0,0,0,134152200]}
{"op":"C","status":"READY","cmp":1,"lhs":[0,0,0,0,0,0,6748804783672342,16151027362844770328],"rhs":[0,0,0,0,0,0,8180,135064016408281120]}
{"op":"C","status":"READY","cmp":1,"lhs":[0,0,0,0,0,8180,134993750680432656,4753505159398817824],"rhs":[0,0,0,0,0,0,205756120920,945571226341343280]}
{"op":"C","status":"READY","cmp":1,"lhs":[0,0,0,0,0,0,7,18446744004990074888],"rhs":[0,0,0,0,0,0,0,549751619592]}
{"op":"C","status":"READY","cmp":1,"lhs":[0,0,0,0,0,6143,16717318936625939991,16933544288334118936],"rhs":[0,0,0,0,0,0,562937068642303,6917562012939583520]}
{"op":"C","status":"READY","cmp":1,"lhs":[0,0,0,0,0,562937068380165,6917069424214254623,7349907302289244192],"rhs":[0,0,0,0,0,3145632,23643717655928829,6917621386517151792]}
{"op":"C","status":"READY","cmp":1,"lhs":[0,0,0,0,0,0,7,18446744004990074888],"rhs":[0,0,0,0,0,0,0,35184338534408]}
{"op":"C","status":"READY","cmp":1,"lhs":[0,0,0,0,0,25165775,18231205022433771496,1730015369248112664],"rhs":[0,0,0,0,0,7,18446321861747801792,2111061922676768]}
{"op":"C","status":"READY","cmp":1,"lhs":[0,0,0,0,7,18446321793028521671,14124980030172888800,3460875300865310752],"rhs":[0,0,0,0,0,52776356806991,18440833102721841856,5910973705617456]}
{"op":"C","status":"READY","cmp":1,"lhs":[0,0,0,0,0,0,7,18446744004990074888],"rhs":[0,0,0,0,0,0,0,2251799545249800]}
{"op":"C","status":"READY","cmp":1,"lhs":[0,0,0,0,0,103079190480,40743604328570904,13875590244159455256],"rhs":[0,0,0,0,0,2097151,4611688080011526144,135107985599889440]}
{"op":"C","status":"READY","cmp":1,"lhs":[0,0,0,0,2097151,4593673687946591295,4748203440432054305,9358479747576758304],"rhs":[0,0,0,0,47,18446321861332566005,9223386467944202240,378302362256670768]}
{"op":"C","status":"READY","cmp":0,"lhs":[0,0,0,0,0,0,7,18446744004990074888],"rhs":[0,0,0,0,0,0,7,18446744004990074888]}
{"op":"C","status":"READY","cmp":-1,"lhs":[0,0,0,0,23,18446743455234261351,18446742012125249895,18446743455234261016],"rhs":[0,0,0,0,31,18446743249075831263,18446741324930482655,18446743249075830816]}
{"op":"C","status":"READY","cmp":-1,"lhs":[0,0,0,31,18446742974197924735,18446736377128159423,18446736377128158079,18446742974197923872],"rhs":[0,0,0,47,18446742424442111295,18446732528837463327,18446732528837461311,18446742424442110000]}
{"op":"C","status":"READY","cmp":1,"lhs":[0,0,0,0,0,0,7,18446744004990074888],"rhs":[0,0,0,0,0,0,0,2251799411032088]}
{"op":"C","status":"READY","cmp":1,"lhs":[0,0,0,0,0,103079165904,176062685629071895,2481478843894858256],"rhs":[0,0,0,0,0,2097150,9223380832946237440,3001648977293611400]}
{"op":"C","status":"READY","cmp":1,"lhs":[0,0,0,0,2097150,4593683179822254846,9028532282772567441,18232776392766919968],"rhs":[0,0,0,0,47,18445758911788089196,8070969364232347653,3966540827462827440]}
{"op":"C","status":"READY","cmp":1,"lhs":[0,0,0,0,0,0,7,18446744004990074888],"rhs":[0,0,0,0,0,0,7,18446743970630336536]}
{"op":"C","status":"READY","cmp":-1,"lhs":[0,0,0,0,23,18446743042917401607,18446733971946474399,18446735621213913616],"rhs":[0,0,0,0,31,18446742424442111999,18446717891588925863,18446699440409416072]}
{"op":"C","status":"READY","cmp":-1,"lhs":[0,0,0,31,18446741874686299679,18446681813863664455,18446510083891315687,18446635084619453728],"rhs":[0,0,0,47,18446740225418861983,18446581827025098719,18445654595125720843,18445580721687985584]}
{"op":"C","status":"READY","cmp":1,"lhs":[0,0,0,0,31,18446743249075831263,18446741324930482655,18446743249075830816],"rhs":[0,0,0,0,0,23,18446743661392691343,18446743661392691224]}
{"op":"C","status":"READY","cmp":1,"lhs":[0,0,0,0,95,18446741599808390559,18446735827372344735,18446741599808389216],"rhs":[0,0,0,0,0,95,18446742424442110527,18446742424442110048]}
{"op":"C","status":"READY","cmp":1,"lhs":[0,0,0,0,127,18446740775174670207,18446733078593275775,18446740775174668416],"rhs":[0,0,0,0,0,143,18446741599808389983,18446741599808389264]}
{"op":"C","status":"READY","cmp":1,"lhs":[0,0,0,0,31,18446743249075831263,18446741324930482655,18446743249075830816],"rhs":[0,0,0,0,0,4055,18446674392160165647,18446674392160145368]}
{"op":"C","status":"READY","cmp":1,"lhs":[0,0,0,0,2741855,18376086982648631199,18211220436743851935,18376086982610245216],"rhs":[0,0,0,0,0,463373663,10486045145659023423,10486045143342155104]}
{"op":"C","status":"READY","cmp":1,"lhs":[0,0,0,0,617831551,2525346221315484541,2268906024857660287,2525346212665842816],"rhs":[0,0,0,0,0,117465223714,11104669847241780978,11104669259915661968]}
{"op":"C","status":"READY","cmp":1,"lhs":[0,0,0,0,31,18446743249075831263,18446741324930482655,18446743249075830816],"rhs":[0,0,0,0,0,402456599,11532592335886876815,11532592333874593816]}
{"op":"C","status":"READY","cmp":1,"lhs":[0,0,0,0,26995219109548114,9668830246683141491,540028029655094674,9290897178747207776],"rhs":[0,0,0,0,24540,404770454857850737,11694633485215613445,9669094833458511968]}
{"op":"C","status":"READY","cmp":1,"lhs":[0,0,0,32720,539412876899335555,8182091850140877850,8373202778288572195,621317560390910080],"rhs":[0,0,0,0,617268362185,5124836124327301699,942719678787592489,2917775998415536272]}
{"op":"C","status":"READY","cmp":1,"lhs":[0,0,0,0,31,18446743249075831263,18446741324930482655,18446743249075830816],"rhs":[0,0,0,0,0,1649254857240,216182265326074512,216174019051782168]}
{"op":"C","status":"READY","cmp":1,"lhs":[0,0,0,24575,11528621319352797274,9510082643761485210,15564392491590323615,14123325539850649696],"rhs":[0,0,0,0,1688811204354082,2309741677579360376,16425079183195257406,4900013701207162976]}
{"op":"C","status":"READY","cmp":1,"lhs":[0,0,0,2251748271423557,9244613892629180746,14405049819317348259,8062004093788665725,14411647450244710528],"rhs":[0,0,0,9436895,18355550587884886832,2525250191268270393,604719717598589784,7494264382671552656]}
{"op":"C","status":"READY","cmp":1,"lhs":[0,0,0,0,31,18446743249075831263,18446741324930482655,18446743249075830816],"rhs":[0,0,0,0,0,105553015504920,1730015162686931088,1729487397609013272]}
{"op":"C","status":"READY","cmp":1,"lhs":[0,0,0,100663103,15855208911637968160,12143688928419641955,11278980481255343329,2308373809297621088],"rhs":[0,0,0,23,18445477025508621518,10951503744574417399,13295344625102749313,2312174545714282592]}
{"op":"C","status":"READY","cmp":1,"lhs":[0,0,31,18445054401231191261,3441906280372090712,16242337890108685476,12807133408409682562,4620126967583211648],"rhs":[0,0,0,158329070273520,10359493285629249494,13170143027311650296,7582721188997362594,4629416465643077776]}
{"op":"C","status":"READY","cmp":1,"lhs":[0,0,0,0,31,18446743249075831263,18446741324930482655,18446743249075830816],"rhs":[0,0,0,0,0,6755398629457944,13875590034773508240,13841813041601052696]}
{"op":"C","status":"READY","cmp":1,"lhs":[0,0,0,412316761536,164669039458220265,2440391661539918718,2434469142686762409,162127106241724512],"rhs":[0,0,0,6291453,13726977887670135154,9529090998696864230,16275450580488979017,405322307532226656]}
{"op":"C","status":"READY","cmp":1,"lhs":[0,0,8388604,18230579615367549650,18283612526449617509,7946721820536330937,8123364885061306258,540428643864674432],"rhs":[0,0,143,18445474962678612800,4676185150213710418,15076482245743239938,16068321222850544498,1134904612868849808]}
{"op":"C","status":"READY","cmp":1,"lhs":[0,0,0,0,31,18446743249075831263,18446741324930482655,18446743249075830816],"rhs":[0,0,0,0,23,18446743455234261351,18446742012125249895,18446743455234261016]}
{"op":"C","status":"READY","cmp":0,"lhs":[0,0,95,18446739950540951775,18446694595686321855,18446640169860746943,18446694595686306015,18446739950540947552],"rhs":[0,0,95,18446739950540951775,18446694595686321855,18446640169860746943,18446694595686306015,18446739950540947552]}
{"op":"C","status":"READY","cmp":-1,"lhs":[0,127,18446737476639793407,18446623127430559615,18446308667105070591,18446308667105015679,18446623127430504703,18446737476639785088],"rhs":[0,143,18446736652006073631,18446608009145685615,18446254241279510463,18446254241279448687,18446608009145623839,18446736652006064272]}
{"op":"C","status":"READY","cmp":1,"lhs":[0,0,0,0,31,18446743249075831263,18446741324930482655,18446743249075830816],"rhs":[0,0,0,0,0,6755398226804809,2346374161655398833,2312597170496208968]}
{"op":"C","status":"READY","cmp":1,"lhs":[0,0,0,412316663232,707634214015795478,1331890427398421149,10543307751495138325,9925879091695716416],"rhs":[0,0,0,6291451,9115312111419404261,8977450413994489469,10298890960949071223,11310558631335834776]}
{"op":"C","status":"READY","cmp":1,"lhs":[0,0,8388600,18230617651589645207,17100015652129509754,6158230222179371341,5838497615447947477,17590501715008836736],"rhs":[0,0,143,18443786114046755235,17025449702750369726,5777317903465630412,2107078503717300232,7282900425827973392]}
{"op":"C","status":"READY","cmp":1,"lhs":[0,0,0,0,31,18446743249075831263,18446741324930482655,18446743249075830816],"rhs":[0,0,0,0,23,18446743352155046391,18446740569016238823,18446742527521325128]}
{"op":"C","status":"READY","cmp":1,"lhs":[0,0,95,18446738301273514335,18446606359878250911,18446188270581857631,18446260013715479295,18446673979843283008],"rhs":[0,0,95,18446737476639796287,18446528638150130967,18445478776344559431,18445081199811731367,18446378864050451608]}
{"op":"C","status":"READY","cmp":-1,"lhs":[0,127,18446733078593297279,18446191569117063839,18441606330753035743,18434546641469464159,18439374322147212447,18445936482418971776],"rhs":[0,143,18446730054936331839,18445794714139406895,18433926791793379587,18399315883744291527,18399884468687737923,18438217979511732496]}
{"op":"C","status":"READY","cmp":1,"lhs":[0,0,0,47,18446742424442111295,18446732528837463327,18446732528837461311,18446742424442110000],"rhs":[0,0,0,0,31,18446743249075831263,18446741324930482655,18446743249075830816]}
{"op":"C","status":"READY","cmp":1,"lhs":[0,0,0,143,18446739125907230655,18446709439093286751,18446709439093280703,18446739125907226768],"rhs":[0,0,0,0,127,18446740775174670207,18446733078593275775,18446740775174668416]}
{"op":"C","status":"READY","cmp":1,"lhs":[0,0,0,191,18446737476639790335,18446697894221198463,18446697894221190399,18446737476639785152],"rhs":[0,0,0,0,191,18446739125907229503,18446727581035137855,18446739125907226816]}
{"op":"C","status":"READY","cmp":1,"lhs":[0,0,0,47,18446742424442111295,18446732528837463327,18446732528837461311,18446742424442110000],"rhs":[0,0,0,0,5407,18446604710610812127,18446279530046897375,18446604710610736416]}
{"op":"C","status":"READY","cmp":1,"lhs":[0,0,0,4112783,18305429891620613055,17457544798568770911,17457544798396033983,18305429891509567888],"rhs":[0,0,0,0,617831551,2525346221315484541,2268906024857660287,2525346212665842816]}
{"op":"C","status":"READY","cmp":1,"lhs":[0,0,0,926747326,5050692450044947699,16908102959834919027,16908102920911531262,5050692425022769856],"rhs":[0,0,0,0,156620298213,3762596560495800422,12541983053275558501,3762594367811623104]}
{"op":"C","status":"READY","cmp":1,"lhs":[0,0,0,47,18446742424442111295,18446732528837463327,18446732528837461311,18446742424442110000],"rhs":[0,0,0,0,536608799,4618440601283854813,9245887294261690847,4618440593771331616]}
{"op":"C","status":"READY","cmp":1,"lhs":[0,0,0,40492828645466229,1214859049147297539,3401916928366741155,1701218122541903781,121552674211233936],"rhs":[0,0,0,32720,539412876899335555,8182091850140877850,8373202778288572195,621317560390910080]}
{"op":"C","status":"READY","cmp":1,"lhs":[0,0,49080,808697720982501511,4394329030120767197,2509710954679872043,5377185232022164574,972507087965257920],"rhs":[0,0,0,823024482530,8358534734118816236,10661388596886330817,6510695128372660258,3944409544148385984]}
{"op":"C","status":"READY","cmp":1,"lhs":[0,0,0,47,18446742424442111295,18446732528837463327,18446732528837461311,18446742424442110000],"rhs":[0,0,0,0,2199006475296,432377724691012064,1441182117076661728,432346938600325152]}
{"op":"C","status":"READY","cmp":1,"lhs":[0,0,36863,8069243287657910400,9792623972236107674,10948009476057470802,4035586470793113535,13258651728653320336],"rhs":[0,0,0,2251748271423557,9244613892629180746,14405049819317348259,8062004093788665725,14411647450244710528]}
{"op":"C","status":"READY","cmp":1,"lhs":[0,0,3377622405562508,4681124738650956871,10440933709938702317,8001503272268715178,17277362923119162620,14988170874610254016],"rhs":[0,0,12582527,18217069666823859557,9472869259161605827,1957284047434108180,6928964591073143606,1153285992308801728]}
{"op":"C","status":"READY","cmp":1,"lhs":[0,0,0,47,18446742424442111295,18446732528837463327,18446732528837461311,18446742424442110000],"rhs":[0,0,0,0,140737353941024,3460874749498229216,11531323357601268192,3458904426540957728]}
{"op":"C","status":"READY","cmp":1,"lhs":[0,0,150994655,13262407113781797136,5294608610054881549,14677547214814578671,8753284053057408674,4615480981602697360],"rhs":[0,0,31,18445054401231191261,3441906280372090712,16242337890108685476,12807133408409682562,4620126967583211648]}
{"op":"C","status":"READY","cmp":1,"lhs":[0,47,18444209152676330938,6859318215438187453,2483616041098153272,3121971373131391689,16493045986920762756,9236031811321069760],"rhs":[0,0,211105426933057,2285331072087046576,825096811396109380,633480889685371,6095744107178096196,9247010983874920640]}
{"op":"C","status":"READY","cmp":1,"lhs":[0,0,0,47,18446742424442111295,18446732528837463327,18446732528837461311,18446742424442110000],"rhs":[0,0,0,0,9007198168416289,9358479184894099941,135105223923335649,9232378410402054176]}
{"op":"C","status":"READY","cmp":1,"lhs":[0,0,618475142016,248278236646138146,6844946555353591998,17059054441585517406,6814474898987929554,243189422412005520],"rhs":[0,0,8388604,18230579615367549650,18283612526449617509,7946721820536330937,8123364885061306258,540428643864674432]}
{"op":"C","status":"READY","cmp":1,"lhs":[0,12582907,8791038997103158657,16265097462758869418,1462277878298419073,1209515457742887800,13508512729638442276,810641316529569984],"rhs":[0,191,18445050276401646357,9342196796334329288,8188971575251952942,13854497010398843023,4322370585391139684,1513204501224358080]}
{"op":"C","status":"READY","cmp":1,"lhs":[0,0,0,47,18446742424442111295,18446732528837463327,18446732528837461311,18446742424442110000],"rhs":[0,0,0,31,18446742974197924735,18446736377128159423,18446736377128158079,18446742974197923872]}
{"op":"C","status":"READY","cmp":1,"lhs":[0,143,18446736652006073631,18446608009145685615,18446254241279510463,18446254241279448687,18446608009145623839,18446736652006064272],"rhs":[0,127,18446737476639793407,18446623127430559615,18446308667105070591,18446308667105015679,18446623127430504703,18446737476639785088]}
{"op":"C","status":"READY","cmp":0,"lhs":[191,18446732528837477439,18446443907035360959,18445093157001022527,18443913930780232767,18445093157000638143,18446443907035186239,18446732528837460160],"rhs":[191,18446732528837477439,18446443907035360959,18445093157001022527,18443913930780232767,18445093157000638143,18446443907035186239,18446732528837460160]}
{"op":"C","status":"READY","cmp":1,"lhs":[0,0,0,47,18446742424442111295,18446732528837463327,18446732528837461311,18446742424442110000],"rhs":[0,0,0,0,9007197631545442,4746791509146207655,9358471755166909858,4620690742170353760]}
{"op":"C","status":"READY","cmp":1,"lhs":[0,0,618474994560,1063992635498294668,11131704236273188785,52166211278299758,11070209868399696683,1053733369348623456],"rhs":[0,0,8388601,18230606630706216870,11447411182221724062,563286212155975827,5014225989100953518,16617819308084446752]}
{"op":"C","status":"READY","cmp":1,"lhs":[0,12582901,8791096102975882971,5373046055245430451,1135787440224394980,5152343048522693443,10628037318113666987,7938729772606062272],"rhs":[0,191,18442798478226884846,17885305246061702070,3941125889720992595,1563281475291447760,235348295096883334,6632719196730291904]}
{"op":"C","status":"READY","cmp":1,"lhs":[0,0,0,47,18446742424442111295,18446732528837463327,18446732528837461311,18446742424442110000],"rhs":[0,0,0,31,18446742836758971519,18446732666276417279,18446728817985718271,18446741187491528800]}
{"op":"C","status":"READY","cmp":1,"lhs":[0,143,18446734178104918623,18446418755706909759,18444695683547730687,18443292981588512079,18445190463779640351,18446611719997361248],"rhs":[0,127,18446734178104920959,18446318287832039839,18443089434499304767,18438150703145609791,18441320045411340479,18446102920991622688]}
{"op":"C","status":"READY","cmp":1,"lhs":[191,18446725931767736319,18445597008204999855,18432157127829309183,18392723967941038815,18383305001576166591,18424989411521983791,18445253960576040640],"rhs":[191,18446723732744492479,18445065944089577919,18417357701330091247,18289453850170792335,18170969240209802639,18303781861028102895,18432018589357045440]}
{"op":"C","status":"READY","cmp":1,"lhs":[0,0,0,0,0,0,0,2251799411032088],"rhs":[0,0,0,0,0,0,0,8]}
{"op":"C","status":"READY","cmp":1,"lhs":[0,0,0,0,0,0,0,6755398233096264],"rhs":[0,0,0,0,0,0,0,32]}
{"op":"C","status":"READY","cmp":1,"lhs":[0,0,0,0,0,0,0,9007197644128352],"rhs":[0,0,0,0,0,0,0,48]}
{"op":"C","status":"READY","cmp":1,"lhs":[0,0,0,0,0,0,0,2251799411032088],"rhs":[0,0,0,0,0,0,0,1352]}
{"op":"C","status":"READY","cmp":1,"lhs":[0,0,0,0,0,0,10,8473488198366879944],"rhs":[0,0,0,0,0,0,0,154457888]}
{"op":"C","status":"READY","cmp":1,"lhs":[0,0,0,0,0,0,2356,15493615797822981472],"rhs":[0,0,0,0,0,0,0,39155074608]}
{"op":"C","status":"READY","cmp":1,"lhs":[0,0,0,0,0,0,0,2251799411032088],"rhs":[0,0,0,0,0,0,0,134152200]}
{"op":"C","status":"READY","cmp":1,"lhs":[0,0,0,0,0,0,102978570251,18352168487573389384],"rhs":[0,0,0,0,0,0,8180,135064016408281120]}
{"op":"C","status":"READY","cmp":1,"lhs":[0,0,0,0,0,0,2302466958693277768,8914862824226912],"rhs":[0,0,0,0,0,0,205756120920,945571226341343280]}
{"op":"C","status":"READY","cmp":1,"lhs":[0,0,0,0,0,0,0,2251799411032088],"rhs":[0,0,0,0,0,0,0,549751619592]}
{"op":"C","status":"READY","cmp":1,"lhs":[0,0,0,0,0,0,1729355559549290084,13266649025345486920],"rhs":[0,0,0,0,0,0,562937068642303,6917562012939583520]}
{"op":"C","status":"READY","cmp":1,"lhs":[0,0,0,0,0,8589736449,16790926115964558500,2317482437543723104],"rhs":[0,0,0,0,0,3145632,23643717655928829,6917621386517151792]}
{"op":"C","status":"READY","cmp":1,"lhs":[0,0,0,0,0,0,0,2251799411032088],"rhs":[0,0,0,0,0,0,0,35184338534408]}
{"op":"C","status":"READY","cmp":1,"lhs":[0,0,0,0,0,383,18431966649587330224,18788452883497032],"rhs":[0,0,0,0,0,7,18446321861747801792,2111061922676768]}
{"op":"C","status":"READY","cmp":1,"lhs":[0,0,0,0,0,2251792968589975,18330072745691303360,35606581735325792],"rhs":[0,0,0,0,0,52776356806991,18440833102721841856,5910973705617456]}
{"op":"C","status":"READY","cmp":-1,"lhs":[0,0,0,0,0,0,0,2251799411032088],"rhs":[0,0,0,0,0,0,0,2251799545249800]}
{"op":"C","status":"READY","cmp":-1,"lhs":[0,0,0,0,0,1572863,6341070440000966656,209417376632930376],"rhs":[0,0,0,0,0,2097151,4611688080011526144,135107985599889440]}
{"op":"C","status":"READY","cmp":-1,"lhs":[0,0,0,0,31,18446427414436249589,11529231538741977088,576460741029134432],"rhs":[0,0,0,0,47,18446321861332566005,9223386467944202240,378302362256670768]}
{"op":"C","status":"READY","cmp":-1,"lhs":[0,0,0,0,0,0,0,2251799411032088],"rhs":[0,0,0,0,0,0,7,18446744004990074888]}
{"op":"C","status":"READY","cmp":-1,"lhs":[0,0,0,0,0,6755398226804809,2346374161655398833,2312597170496208968],"rhs":[0,0,0,0,31,18446743249075831263,18446741324930482655,18446743249075830816]}
{"op":"C","status":"READY","cmp":-1,"lhs":[0,0,0,0,9007197631545442,4746791509146207655,9358471755166909858,4620690742170353760],"rhs":[0,0,0,47,18446742424442111295,18446732528837463327,18446732528837461311,18446742424442110000]}
{"op":"C","status":"READY","cmp":0,"lhs":[0,0,0,0,0,0,0,2251799411032088],"rhs":[0,0,0,0,0,0,0,2251799411032088]}
{"op":"C","status":"READY","cmp":-1,"lhs":[0,0,0,0,0,1572862,17870288784603668480,1445655407908357680],"rhs":[0,0,0,0,0,2097150,9223380832946237440,3001648977293611400]}
{"op":"C","status":"READY","cmp":-1,"lhs":[0,0,0,0,31,18446145939654574009,6917742504673175553,8563593686422667104],"rhs":[0,0,0,0,47,18445758911788089196,8070969364232347653,3966540827462827440]}
{"op":"C","status":"READY","cmp":-1,"lhs":[0,0,0,0,0,0,0,2251799411032088],"rhs":[0,0,0,0,0,0,7,18446743970630336536]}
{"op":"C","status":"READY","cmp":-1,"lhs":[0,0,0,0,0,6755398220513354,4787323898526959450,12830743560772912688],"rhs":[0,0,0,0,31,18446742424442111999,18446717891588925863,18446699440409416072]}
{"op":"C","status":"READY","cmp":-1,"lhs":[0,0,0,0,9007197614768229,5368284847529795557,15926867556990760898,13051243843754671968],"rhs":[0,0,0,47,18446740225418861983,18446581827025098719,18445654595125720843,18445580721687985584]}
{"op":"C","status":"READY","cmp":1,"lhs":[0,0,0,0,0,2097150,9223380832946237440,3001648977293611400],"rhs":[0,0,0,0,0,0,103079165952,175640370166628880]}
{"op":"C","status":"READY","cmp":1,"lhs":[0,0,0,0,0,6291451,9223398425129160704,9004946931880834200],"rhs":[0,0,0,0,0,0,412316663808,702561480666515520]}
{"op":"C","status":"READY","cmp":1,"lhs":[0,0,0,0,0,8388602,35184365846528,12006595909174445600],"rhs":[0,0,0,0,0,0,618474995712,1053842220999773280]}
{"op":"C","status":"READY","cmp":1,"lhs":[0,0,0,0,0,2097150,9223380832946237440,3001648977293611400],"rhs":[0,0,0,0,0,0,17420379045889,11236478484450729104]}
{"op":"C","status":"READY","cmp":1,"lhs":[0,0,0,0,0,179690146291,9977047541561804406,5783445789936955928],"rhs":[0,0,0,0,0,0,1990173783718612505,9774632215108351552]}
{"op":"C","status":"READY","cmp":1,"lhs":[0,0,0,0,0,40490179631027,3807517063931146275,18079947530695306528],"rhs":[0,0,0,0,0,27,6446964182510376519,15228932689741977696]}
{"op":"C","status":"READY","cmp":1,"lhs":[0,0,0,0,0,2097150,9223380832946237440,3001648977293611400],"rhs":[0,0,0,0,0,0,1728537110828396465,18365804618295673360]}
{"op":"C","status":"READY","cmp":1,"lhs":[0,0,0,0,95,16716729631928688708,2007171991159478065,15488244988451107992],"rhs":[0,0,0,0,0,105398541527010,6914247373183109903,12662724043622320192]}
{"op":"C","status":"READY","cmp":1,"lhs":[0,0,0,0,2144338305,11514995410737165548,907382761191838251,4523091191393437216],"rhs":[0,0,0,0,143,13261764204496844888,14337552752028637233,1891337317932600416]}
{"op":"C","status":"READY","cmp":1,"lhs":[0,0,0,0,0,2097150,9223380832946237440,3001648977293611400],"rhs":[0,0,0,0,0,383,18389323307963853895,183698690609775120]}
{"op":"C","status":"READY","cmp":1,"lhs":[0,0,0,0,1610587008,2925079401215379430,15904649955972557472,17052942124036666520],"rhs":[0,0,0,0,393206,14989642682661701011,9980656458929784954,14636061007684831296]}
{"op":"C","status":"READY","cmp":1,"lhs":[0,0,0,7,18443260855534297850,11810943066628866057,4668965464927135592,1592793599806817824],"rhs":[0,0,0,0,40531140385508890,204361526024322642,7995400234100049386,15087524846172638304]}
{"op":"C","status":"READY","cmp":1,"lhs":[0,0,0,0,0,2097150,9223380832946237440,3001648977293611400],"rhs":[0,0,0,0,0,24575,17798226078481683904,242138831199928848]}
{"op":"C","status":"READY","cmp":1,"lhs":[0,0,0,0,6597052465171,9223142827426754407,14696310349870546960,13747870545255347352],"rhs":[0,0,0,0,103078871040,9254889500893401358,10718854632143193728,1612007103843534912]}
{"op":"C","status":"READY","cmp":1,"lhs":[0,0,0,2097144,9223591938975346812,11575542676327261132,10321429109480815681,3519421448017954336],"rhs":[0,0,0,36863,15528417144258544292,15691725899777354907,8904194817767123840,2984197558131231840]}
{"op":"C","status":"READY","cmp":1,"lhs":[0,0,0,0,0,2097150,9223380832946237440,3001648977293611400],"rhs":[0,0,0,0,0,1572863,1152925937012494336,837669497673351696]}
{"op":"C","status":"READY","cmp":-1,"lhs":[0,0,0,0,27021571994430527,18391592580075223937,4036983694355308547,11504443821517714584],"rhs":[0,0,0,0,27021575215653215,18411489338004078086,9224002469305499648,15780612820502054976]}
{"op":"C","status":"READY","cmp":-1,"lhs":[0,0,0,549755224064,5440346686637818271,17511156535575699832,6925667887264489480,10430334232487282208],"rhs":[0,0,0,618474700800,4782821533494244415,17922356239661003709,4614445036606259202,1450158563006614624]}
{"op":"C","status":"READY","cmp":-1,"lhs":[0,0,0,0,0,2097150,9223380832946237440,3001648977293611400],"rhs":[0,0,0,0,0,103079165904,176062685629071895,2481478843894858256]}
{"op":"C","status":"READY","cmp":-1,"lhs":[0,0,0,6291451,9115312111419404261,8977450413994489469,10298890960949071223,11310558631335834776],"rhs":[0,0,0,412316663232,707634214015795478,1331890427398421149,10543307751495138325,9925879091695716416]}
{"op":"C","status":"READY","cmp":-1,"lhs":[0,0,8388601,18230606630706216870,11447411182221724062,563286212155975827,5014225989100953518,16617819308084446752],"rhs":[0,0,618474994560,1063992635498294668,11131704236273188785,52166211278299758,11070209868399696683,1053733369348623456]}
{"op":"C","status":"READY","cmp":1,"lhs":[0,0,0,0,0,2097150,9223380832946237440,3001648977293611400],"rhs":[0,0,0,0,0,1572862,17870288784603668480,1445655407908357680]}
{"op":"C","status":"READY","cmp":0,"lhs":[0,0,0,0,27021565551986111,18335649444000165994,1737649106233098274,2913808868125738256],"rhs":[0,0,0,0,27021565551986111,18335649444000165994,1737649106233098274,2913808868125738256]}
{"op":"C","status":"READY","cmp":-1,"lhs":[0,0,0,549754961920,11385094778121595455,12162781050822337535,10574200708554091028,6252993183814142752],"rhs":[0,0,0,618474307584,13510792662732373823,10166947926245462107,10678412618988620707,12093929988389234528]}
{"op":"C","status":"READY","cmp":-1,"lhs":[0,0,0,0,0,2097150,9223380832946237440,3001648977293611400],"rhs":[0,0,0,0,0,103079165880,176273997979042330,13209050857947006512]}
{"op":"C","status":"READY","cmp":-1,"lhs":[0,0,0,6291451,9007225797797728139,8139675978969073679,18143594214314854798,7874586798541014288],"rhs":[0,0,0,412316662656,712720966131630461,8231338086143484127,6122712270349143913,532973974087566608]}
{"op":"C","status":"READY","cmp":-1,"lhs":[0,0,8388601,17942376461291683336,2621101233783268293,17153585297256414124,1422131738402201486,11466993608430603040],"rhs":[0,0,618474993024,1077583833512497992,1484520199714457830,4831736451014450278,16707280988005304503,7678230440681039712]}
{"op":"C","status":"READY","cmp":1,"lhs":[0,0,0,0,47,18445758911788089196,8070969364232347653,3966540827462827440],"rhs":[0,0,0,0,0,2097150,4611697563297259520,4397764791851029792]}
{"op":"C","status":"READY","cmp":1,"lhs":[0,0,0,0,143,18443788587945164357,5766164018987491343,11899622482388482320],"rhs":[0,0,0,0,0,8388601,46179479486464,17591059167404119168]}
{"op":"C","status":"READY","cmp":1,"lhs":[0,0,0,0,191,18442803426023701937,13837133383219838996,15866163309851309760],"rhs":[0,0,0,0,0,12582901,9223441306074005505,7939844677396627136]}
{"op":"C","status":"READY","cmp":1,"lhs":[0,0,0,0,47,18445758911788089196,8070969364232347653,3966540827462827440],"rhs":[0,0,0,0,0,354418392,4613637101435691048,5352486874441970208]}
{"op":"C","status":"READY","cmp":1,"lhs":[0,0,0,0,4112779,7822091451883262708,13326200296572989815,2304905472664568336],"rhs":[0,0,0,0,0,40490174804221,1538598316069796892,16837928424227475584]}
{"op":"C","status":"READY","cmp":1,"lhs":[0,0,0,0,926746296,16286168179857644050,14464593553499676549,9012113801118470336],"rhs":[0,0,0,0,0,10264259312870044,11876419612647704225,7216974514758637248]}
{"op":"C","status":"READY","cmp":1,"lhs":[0,0,0,0,47,18445758911788089196,8070969364232347653,3966540827462827440],"rhs":[0,0,0,0,0,35167164971016,13740456780211363935,301490332793312544]}
{"op":"C","status":"READY","cmp":1,"lhs":[0,0,0,0,40492783667780188,7516622606169855959,17658473410639640588,13479087244782369040],"rhs":[0,0,0,0,2144338049,18431114316305460082,16004002207335121180,10595760528600093824]}
{"op":"C","status":"READY","cmp":1,"lhs":[0,0,0,49079,18249799205814784590,7182451737183379698,12989915686891481772,6084065037716944576],"rhs":[0,0,0,0,53937687553330562,11767463252641512956,5837035303790032806,14023941540773134016]}
{"op":"C","status":"READY","cmp":1,"lhs":[0,0,0,0,47,18445758911788089196,8070969364232347653,3966540827462827440],"rhs":[0,0,0,0,0,144113968308201469,16853045480762651698,4526207538349217056]}
{"op":"C","status":"READY","cmp":1,"lhs":[0,0,0,36863,7313917094841902763,1452101278083155501,10347228107467748101,6716091154095700240],"rhs":[0,0,0,7,18443243263761388296,2702916068520811479,14226373355955832338,9926838565176628352]}
{"op":"C","status":"READY","cmp":1,"lhs":[0,0,0,3377618653845347,7115719473887460063,6283074122262062309,15305320689082662408,12577782901166700224],"rhs":[0,0,0,824607867237,4487029381009135275,7437955867796411704,13671798804774198755,1852613986445459136]}
{"op":"C","status":"READY","cmp":1,"lhs":[0,0,0,0,47,18445758911788089196,8070969364232347653,3966540827462827440],"rhs":[0,0,0,0,0,9223355544192548859,1765432958796036736,5446118319927072032]}
{"op":"C","status":"READY","cmp":1,"lhs":[0,0,0,150994488,11274383349060082,15678092945752493194,13862614562171144054,4869923217525209360],"rhs":[0,0,0,2097144,4611921863442309265,17799295885944986831,6594063743582783745,12866219936145495168]}
{"op":"C","status":"READY","cmp":1,"lhs":[0,0,47,18443225642836157758,8162100139319322045,558881521134158168,14766048244282935714,12120570876756620992],"rhs":[0,0,0,13834993733988187985,17638855080865456560,16505236469391414383,8815182685193594626,18078572794127351488]}
{"op":"C","status":"READY","cmp":1,"lhs":[0,0,0,0,47,18445758911788089196,8070969364232347653,3966540827462827440],"rhs":[0,0,0,0,31,18446181123993108423,6917682168981041152,14116532606254191904]}
{"op":"C","status":"READY","cmp":1,"lhs":[0,0,0,618474455040,9673728291156963887,15165520341834618752,5820879185320964188,1460258874119715088],"rhs":[0,0,0,549755158528,6593267696249809567,17131482018788398250,9234734801893801995,4368488483895923840]}
{"op":"C","status":"READY","cmp":-1,"lhs":[0,0,12582893,9223607057365188637,5314132769798208749,15073938642790263872,4846231150283759825,9434983697918326464],"rhs":[0,0,12582895,9223556754739871761,3220016753320085247,4617598025120816798,9267269762419146777,17667615517420060352]}
{"op":"C","status":"READY","cmp":-1,"lhs":[0,0,0,0,47,18445758911788089196,8070969364232347653,3966540827462827440],"rhs":[0,0,0,0,2097150,4593683179822254846,9028532282772567441,18232776392766919968]}
{"op":"C","status":"READY","cmp":-1,"lhs":[0,0,143,18443786114046755235,17025449702750369726,5777317903465630412,2107078503717300232,7282900425827973392],"rhs":[0,0,8388600,18230617651589645207,17100015652129509754,6158230222179371341,5838497615447947477,17590501715008836736]}
{"op":"C","status":"READY","cmp":-1,"lhs":[0,191,18442798478226884846,17885305246061702070,3941125889720992595,1563281475291447760,235348295096883334,6632719196730291904],"rhs":[0,12582901,8791096102975882971,5373046055245430451,1135787440224394980,5152343048522693443,10628037318113666987,7938729772606062272]}
{"op":"C","status":"READY","cmp":1,"lhs":[0,0,0,0,47,18445758911788089196,8070969364232347653,3966540827462827440],"rhs":[0,0,0,0,31,18446145939654574009,6917742504673175553,8563593686422667104]}
{"op":"C","status":"READY","cmp":1,"lhs":[0,0,0,618474307584,13510792662732373823,10166947926245462107,10678412618988620707,12093929988389234528],"rhs":[0,0,0,549754961920,11385094778121595455,12162781050822337535,10574200708554091028,6252993183814142752]}
{"op":"C","status":"READY","cmp":0,"lhs":[0,0,12582887,9223787102256463966,14496574983893232444,12048741577013068550,7755393132632348295,6992538254267376832],"rhs":[0,0,12582887,9223787102256463966,14496574983893232444,12048741577013068550,7755393132632348295,6992538254267376832]}
{"op":"C","status":"READY","cmp":-1,"lhs":[0,0,0,0,47,18445758911788089196,8070969364232347653,3966540827462827440],"rhs":[0,0,0,0,2097150,4584675988087898234,18261462373179225547,6275695666362597216]}
{"op":"C","status":"READY","cmp":-1,"lhs":[0,0,143,18443783640148348130,9796595957864202860,17325905327260587534,16085831524752581667,5795278227561932640],"rhs":[0,0,8388600,18014445050275464768,11188212815093634378,767659000405499699,8530547648201703614,6781385286521604896]}
{"op":"C","status":"READY","cmp":-1,"lhs":[0,191,18442791881164471467,4642846926909207323,3110264160623060171,18048593159261224183,17688636606336322463,1228223541702288576],"rhs":[0,12582901,8214635833344401796,3380233950643160125,17967068703443138456,16474948775599005532,7664841348039412025,10429057114901046464]}
{"op":"C","status":"READY","cmp":1,"lhs":[0,0,0,0,0,0,7,18446743970630336536],"rhs":[0,0,0,0,0,0,0,8]}
{"op":"C","status":"READY","cmp":1,"lhs":[0,0,0,0,0,0,23,18446743764471906376],"rhs":[0,0,0,0,0,0,0,32]}
{"op":"C","status":"READY","cmp":1,"lhs":[0,0,0,0,0,0,31,18446743661392691296],"rhs":[0,0,0,0,0,0,0,48]}
{"op":"C","status":"READY","cmp":1,"lhs":[0,0,0,0,0,0,7,18446743970630336536],"rhs":[0,0,0,0,0,0,0,1352]}
{"op":"C","status":"READY","cmp":1,"lhs":[0,0,0,0,0,0,685463,18437911937323851976],"rhs":[0,0,0,0,0,0,0,154457888]}
{"op":"C","status":"READY","cmp":1,"lhs":[0,0,0,0,0,0,154457887,16456569341465232736],"rhs":[0,0,0,0,0,0,0,39155074608]}
{"op":"C","status":"READY","cmp":1,"lhs":[0,0,0,0,0,0,7,18446743970630336536],"rhs":[0,0,0,0,0,0,0,134152200]}
{"op":"C","status":"READY","cmp":1,"lhs":[0,0,0,0,0,0,6748804782101014,5789920177737826376],"rhs":[0,0,0,0,0,0,8180,135064016408281120]}
{"op":"C","status":"READY","cmp":1,"lhs":[0,0,0,0,0,8180,134958617816520694,7332853763710648416],"rhs":[0,0,0,0,0,0,205756120920,945571226341343280]}
{"op":"C","status":"READY","cmp":1,"lhs":[0,0,0,0,0,0,7,18446743970630336536],"rhs":[0,0,0,0,0,0,0,549751619592]}
{"op":"C","status":"READY","cmp":1,"lhs":[0,0,0,0,0,6143,16717292548749536535,13582885853650223176],"rhs":[0,0,0,0,0,0,562937068642303,6917562012939583520]}
{"op":"C","status":"READY","cmp":1,"lhs":[0,0,0,0,0,562937068249096,6917667535454553630,2954459899133689952],"rhs":[0,0,0,0,0,3145632,23643717655928829,6917621386517151792]}
{"op":"C","status":"READY","cmp":1,"lhs":[0,0,0,0,0,0,7,18446743970630336536],"rhs":[0,0,0,0,0,0,0,35184338534408]}
{"op":"C","status":"READY","cmp":1,"lhs":[0,0,0,0,0,25165775,18123118837585493896,2595973031616577608],"rhs":[0,0,0,0,0,7,18446321861747801792,2111061922676768]}
{"op":"C","status":"READY","cmp":1,"lhs":[0,0,0,0,7,18446321758668881623,11962409159500594272,5194479544181981280],"rhs":[0,0,0,0,0,52776356806991,18440833102721841856,5910973705617456]}
{"op":"C","status":"READY","cmp":1,"lhs":[0,0,0,0,0,0,7,18446743970630336536],"rhs":[0,0,0,0,0,0,0,2251799545249800]}
{"op":"C","status":"READY","cmp":1,"lhs":[0,0,0,0,0,103079190456,40849363593781273,2427439885083213896],"rhs":[0,0,0,0,0,2097151,4611688080011526144,135107985599889440]}
{"op":"C","status":"READY","cmp":1,"lhs":[0,0,0,0,2097151,4584666491917269597,13972283287865425954,5017009562910195808],"rhs":[0,0,0,0,47,18446321861332566005,9223386467944202240,378302362256670768]}
{"op":"C","status":"READY","cmp":-1,"lhs":[0,0,0,0,0,0,7,18446743970630336536],"rhs":[0,0,0,0,0,0,7,18446744004990074888]}
{"op":"C","status":"READY","cmp":-1,"lhs":[0,0,0,0,23,18446743352155046391,18446740569016238823,18446742527521325128],"rhs":[0,0,0,0,31,18446743249075831263,18446741324930482655,18446743249075830816]}
{"op":"C","status":"READY","cmp":-1,"lhs":[0,0,0,31,18446742836758971519,18446732666276417279,18446728817985718271,18446741187491528800],"rhs":[0,0,0,47,18446742424442111295,18446732528837463327,18446732528837461311,18446742424442110000]}
{"op":"C","status":"READY","cmp":1,"lhs":[0,0,0,0,0,0,7,18446743970630336536],"rhs":[0,0,0,0,0,0,0,2251799411032088]}
{"op":"C","status":"READY","cmp":1,"lhs":[0,0,0,0,0,103079165880,176273997979042330,13209050857947006512],"rhs":[0,0,0,0,0,2097150,9223380832946237440,3001648977293611400]}
{"op":"C","status":"READY","cmp":1,"lhs":[0,0,0,0,2097150,4584675988087898234,18261462373179225547,6275695666362597216],"rhs":[0,0,0,0,47,18445758911788089196,8070969364232347653,3966540827462827440]}
{"op":"C","status":"READY","cmp":0,"lhs":[0,0,0,0,0,0,7,18446743970630336536],"rhs":[0,0,0,0,0,0,7,18446743970630336536]}
{"op":"C","status":"READY","cmp":-1,"lhs":[0,0,0,0,23,18446742939838186743,18446729642619442191,18446725519450834480],"rhs":[0,0,0,0,31,18446742424442111999,18446717891588925863,18446699440409416072]}
{"op":"C","status":"READY","cmp":-1,"lhs":[0,0,0,31,18446741737247346719,18446666420700889639,18446368487409546967,18446486787988668256],"rhs":[0,0,0,47,18446740225418861983,18446581827025098719,18445654595125720843,18445580721687985584]}
{"op":"C","status":"READY","cmp":1,"lhs":[0,0,0,0,31,18446742424442111999,18446717891588925863,18446699440409416072],"rhs":[0,0,0,0,0,23,18446743249075831407,18446740156699378192]}
{"op":"C","status":"READY","cmp":1,"lhs":[0,0,0,0,95,18446739125907232767,18446665527347674359,18446610173809144984],"rhs":[0,0,0,0,0,95,18446740775174670783,18446728405668857920]}
{"op":"C","status":"READY","cmp":1,"lhs":[0,0,0,0,127,18446737476639793151,18446639345227048607,18446565540509009440],"rhs":[0,0,0,0,0,143,18446739125907230367,18446720571648511072]}
{"op":"C","status":"READY","cmp":1,"lhs":[0,0,0,0,31,18446742424442111999,18446717891588925863,18446699440409416072],"rhs":[0,0,0,0,0,4055,18446604710610836463,18446082098990242960]}
{"op":"C","status":"READY","cmp":1,"lhs":[0,0,0,0,2741855,18305429891680933887,16203381432133242999,14622429018195735064],"rhs":[0,0,0,0,0,463373663,2525346224095726523,16607080535849662016]}
{"op":"C","status":"READY","cmp":1,"lhs":[0,0,0,0,617831550,5050692463637241828,11004452162005903729,5251312288568929568],"rhs":[0,0,0,0,0,117465223605,3762597265287143056,13260639068966328416]}
{"op":"C","status":"READY","cmp":1,"lhs":[0,0,0,0,31,18446742424442111999,18446717891588925863,18446699440409416072],"rhs":[0,0,0,0,0,402456599,4618440603698594412,8102534771436814864]}
{"op":"C","status":"READY","cmp":1,"lhs":[0,0,0,0,26995219071836229,1808753869717631571,17200510853583531037,11744369077019882648],"rhs":[0,0,0,0,24540,404348860491201675,10612049628116424146,13910953201473423424]}
{"op":"C","status":"READY","cmp":1,"lhs":[0,0,0,32720,538569688166659111,16264995874023508985,2712644021891996372,13288919341613729312],"rhs":[0,0,0,0,617268361610,7412967211387647888,12643473587703197948,17060932788474088544]}
{"op":"C","status":"READY","cmp":1,"lhs":[0,0,0,0,31,18446742424442111999,18446717891588925863,18446699440409416072],"rhs":[0,0,0,0,0,1649254855704,432387620220160368,2053673796677665296]}
{"op":"C","status":"READY","cmp":1,"lhs":[0,0,0,24575,11527988010320023624,5170567529455830407,9130148852446751179,329676693360882840],"rhs":[0,0,0,0,1688811202781254,2337184746920702341,9779391220180479384,1587428430494828608]}
{"op":"C","status":"READY","cmp":1,"lhs":[0,0,0,2251748268277901,9342283248466028750,10732970965635186688,14517972738557365072,11043138107061847584],"rhs":[0,0,0,9436895,18193425949224552104,2521481647064340919,16134508321074636277,7788292339855789152]}
{"op":"C","status":"READY","cmp":1,"lhs":[0,0,0,0,31,18446742424442111999,18446717891588925863,18446699440409416072],"rhs":[0,0,0,0,0,105553015406616,3461508067591570032,16431449689980666384]}
{"op":"C","status":"READY","cmp":1,"lhs":[0,0,0,100663103,13261140479003840605,14645858115024363052,2825986658939524100,16784289217155970200],"rhs":[0,0,0,23,18445476613192941229,3432194234910154980,16566081662956910410,12821450969531287616]}
{"op":"C","status":"READY","cmp":1,"lhs":[0,0,31,18445053576599831290,6817926801752189395,3725614251373702903,6469975313319160281,15595646013006693920],"rhs":[0,0,0,158329070126065,2292192017496864401,11665810246158302550,18230098671157163061,7307629790150790240]}
{"op":"C","status":"READY","cmp":1,"lhs":[0,0,0,0,31,18446742424442111999,18446717891588925863,18446699440409416072],"rhs":[0,0,0,0,0,6755398623166489,9399011576690770551,2454457862190006800]}
{"op":"C","status":"READY","cmp":1,"lhs":[0,0,0,412316760960,167222517543450882,10456857053307322200,12661601183605858016,6597638650643625112],"rhs":[0,0,0,6291453,13618891535393772229,8618924947382479489,1395403970731248149,18140483418406783040]}
{"op":"C","status":"READY","cmp":1,"lhs":[0,0,8388604,18014406910974207295,12157997402600138749,9591189913178610944,10381703889063127666,6620111111926597152],"rhs":[0,0,143,18445472488778632832,111203496221101610,13392865717385635264,11398713223492079436,6521188333169675360]}
{"op":"C","status":"READY","cmp":1,"lhs":[0,0,0,0,31,18446742424442111999,18446717891588925863,18446699440409416072],"rhs":[0,0,0,0,23,18446743042917401607,18446733971946474399,18446735621213913616]}
{"op":"C","status":"READY","cmp":-1,"lhs":[0,0,95,18446737476639796287,18446528638150130967,18445478776344559431,18445081199811731367,18446378864050451608],"rhs":[0,0,95,18446738301273514335,18446606359878250911,18446188270581857631,18446260013715479295,18446673979843283008]}
{"op":"C","status":"READY","cmp":-1,"lhs":[0,127,18446734178104920959,18446318287832039839,18443089434499304767,18438150703145609791,18441320045411340479,18446102920991622688],"rhs":[0,143,18446734178104918623,18446418755706909759,18444695683547730687,18443292981588512079,18445190463779640351,18446611719997361248]}
{"op":"C","status":"READY","cmp":1,"lhs":[0,0,0,0,31,18446742424442111999,18446717891588925863,18446699440409416072],"rhs":[0,0,0,0,0,6755398220513354,4787323898526959450,12830743560772912688]}
{"op":"C","status":"READY","cmp":1,"lhs":[0,0,0,412316662656,712720966131630461,8231338086143484127,6122712270349143913,532973974087566608],"rhs":[0,0,0,6291451,9007225797797728139,8139675978969073679,18143594214314854798,7874586798541014288]}
{"op":"C","status":"READY","cmp":1,"lhs":[0,0,8388600,18014445050275464768,11188212815093634378,767659000405499699,8530547648201703614,6781385286521604896],"rhs":[0,0,143,18443783640148348130,9796595957864202860,17325905327260587534,16085831524752581667,5795278227561932640]}
{"op":"C","status":"READY","cmp":1,"lhs":[0,0,0,0,31,18446742424442111999,18446717891588925863,18446699440409416072],"rhs":[0,0,0,0,23,18446742939838186743,18446729642619442191,18446725519450834480]}
{"op":"C","status":"READY","cmp":0,"lhs":[0,0,95,18446735827372361151,18446310110214347703,18442357125395865255,18435850662259599471,18441600833193018640],"rhs":[0,0,95,18446735827372361151,18446310110214347703,18442357125395865255,18435850662259599471,18441600833193018640]}
{"op":"C","status":"READY","cmp":-1,"lhs":[0,127,18446729780058430975,18445443626333350463,18422197339196010271,18312761503805021063,18237622356620367559,18381489982749428512],"rhs":[0,143,18446727581035182975,18445151912155021119,18414401114566142403,18253189963836381111,18106684403112716247,18322120478021543776]}
{"op":"C","status":"READY","cmp":1,"lhs":[0,0,0,47,18446740225418861983,18446581827025098719,18445654595125720843,18445580721687985584],"rhs":[0,0,0,0,31,18446742149564205695,18446706827753176327,18446681538985727264]}
{"op":"C","status":"READY","cmp":1,"lhs":[0,0,0,143,18446732528837482719,18446257333656192927,18443475637958059299,18443254017644853520],"rhs":[0,0,0,0,127,18446736377128167935,18446595089884050463,18446493934814254208]}
{"op":"C","status":"READY","cmp":1,"lhs":[0,0,0,191,18446728680546793087,18446095086971740031,18442386159374228527,18442090665623287488],"rhs":[0,0,0,0,191,18446732528837476095,18446520597971299887,18446368865366605504]}
{"op":"C","status":"READY","cmp":1,"lhs":[0,0,0,47,18446740225418861983,18446581827025098719,18445654595125720843,18445580721687985584],"rhs":[0,0,0,0,5407,18446418893146091135,18440449507082127943,18436175705383236128]}
{"op":"C","status":"READY","cmp":1,"lhs":[0,0,0,4112783,18117010982549812959,4544961409732063642,17330670943885272414,11000973178414989840],"rhs":[0,0,0,0,617831549,18190303929149577689,306549091282528990,10112437793243795584]}
{"op":"C","status":"READY","cmp":1,"lhs":[0,0,0,926747323,17933863827219980758,3411465581029818123,12914853136099326446,7022250325764460736],"rhs":[0,0,0,0,156620297921,8779399648884815973,13146590382137668447,17852298415384057536]}
{"op":"C","status":"READY","cmp":1,"lhs":[0,0,0,47,18446740225418861983,18446581827025098719,18445654595125720843,18445580721687985584],"rhs":[0,0,0,0,536608798,4627446738052975198,2610924900010900687,2818065022790145312]}
{"op":"C","status":"READY","cmp":1,"lhs":[0,0,0,40492828544901201,6587006569958275717,15341651153433946630,14436139271866803910,8174438653729208592],"rhs":[0,0,0,32720,538288625255886937,8639080829049194129,18346314751176714016,14440090112770462848]}
{"op":"C","status":"READY","cmp":1,"lhs":[0,0,49080,806449217697469316,17572612704983507081,11324597846216619504,755605827265542155,16200399156311619264],"rhs":[0,0,0,823024480997,8311326809419880528,14424098343201174251,18190000755303181664,5864558201292226240]}
{"op":"C","status":"READY","cmp":1,"lhs":[0,0,0,47,18446740225418861983,18446581827025098719,18445654595125720843,18445580721687985584],"rhs":[0,0,0,0,2199006471200,1008989108929686657,1081900329525358345,14339770310918673696]}
{"op":"C","status":"READY","cmp":1,"lhs":[0,0,36863,8067554463572095031,14296284719722131828,104863259446730932,11487605453867868017,6098154856902850832],"rhs":[0,0,0,2251748267229349,9383096110739324002,12644072276574540444,925440170795149966,15298257858932528256]}
{"op":"C","status":"READY","cmp":1,"lhs":[0,0,3377622397174092,5086438826210006471,2580743488773089646,4786220106988883308,2228986128080978923,830574592040236736],"rhs":[0,0,12582527,17784737297427860261,2315888091671655112,4931488502346795051,5404368291501487980,2944363153397415616]}
{"op":"C","status":"READY","cmp":1,"lhs":[0,0,0,47,18446740225418861983,18446581827025098719,18445654595125720843,18445580721687985584],"rhs":[0,0,0,0,140737353678880,8082270545841261192,8715589051737750806,4058947344249394464]}
{"op":"C","status":"READY","cmp":1,"lhs":[0,0,150994655,6344891299900116665,11337929760659786180,1354594775285056097,7244189756831185207,9461244314316470544],"rhs":[0,0,31,18445053301722711417,7937071280727300366,3921381717442475376,10180909328415565770,12956042766902645888]}
{"op":"C","status":"READY","cmp":1,"lhs":[0,47,18444206953659373074,15753302181645661568,16672088535782581699,12151891243964120945,9268422250810983703,10791877355598378688],"rhs":[0,0,211105426539842,11523223203963888644,14280289859934477558,1434011255470531574,12746744385470173829,8607129035081809600]}
{"op":"C","status":"READY","cmp":1,"lhs":[0,0,0,47,18446740225418861983,18446581827025098719,18445654595125720843,18445580721687985584],"rhs":[0,0,0,0,9007198151639075,9979974759345031875,18232785320244428153,15357212013147198752]}
{"op":"C","status":"READY","cmp":1,"lhs":[0,0,618475140480,255114037251720716,2031189067797250892,2035719457483309120,10405951291251201751,10832150975364757776],"rhs":[0,0,8388604,17942349342873851395,9263474707121834610,15934944056726017728,6893434578483476857,17545771831791735936]}
{"op":"C","status":"READY","cmp":1,"lhs":[0,12582907,8214578452593912630,13699667867851243278,11856821749801929483,12041726692823916054,12807810310652968890,17667432185667647168],"rhs":[0,191,18445043679335038676,15566528915767722321,15054004506816322587,4171563906177194568,6343269124244207847,15924348718942289600]}
{"op":"C","status":"READY","cmp":1,"lhs":[0,0,0,47,18446740225418861983,18446581827025098719,18445654595125720843,18445580721687985584],"rhs":[0,0,0,31,18446741874686299679,18446681813863664455,18446510083891315687,18446635084619453728]}
{"op":"C","status":"READY","cmp":1,"lhs":[0,143,18446730054936331839,18445794714139406895,18433926791793379587,18399315883744291527,18399884468687737923,18438217979511732496],"rhs":[0,127,18446733078593297279,18446191569117063839,18441606330753035743,18434546641469464159,18439374322147212447,18445936482418971776]}
{"op":"C","status":"READY","cmp":-1,"lhs":[191,18446723732744492479,18445065944089577919,18417357701330091247,18289453850170792335,18170969240209802639,18303781861028102895,18432018589357045440],"rhs":[191,18446725931767736319,18445597008204999855,18432157127829309183,18392723967941038815,18383305001576166591,18424989411521983791,18445253960576040640]}
{"op":"C","status":"READY","cmp":1,"lhs":[0,0,0,47,18446740225418861983,18446581827025098719,18445654595125720843,18445580721687985584],"rhs":[0,0,0,0,9007197614768229,5368284847529795557,15926867556990760898,13051243843754671968]}
{"op":"C","status":"READY","cmp":1,"lhs":[0,0,618474993024,1077583833512497992,1484520199714457830,4831736451014450278,16707280988005304503,7678230440681039712],"rhs":[0,0,8388601,17942376461291683336,2621101233783268293,17153585297256414124,1422131738402201486,11466993608430603040]}
{"op":"C","status":"READY","cmp":1,"lhs":[0,12582901,8214635833344401796,3380233950643160125,17967068703443138456,16474948775599005532,7664841348039412025,10429057114901046464],"rhs":[0,191,18442791881164471467,4642846926909207323,3110264160623060171,18048593159261224183,17688636606336322463,1228223541702288576]}
{"op":"C","status":"READY","cmp":1,"lhs":[0,0,0,47,18446740225418861983,18446581827025098719,18445654595125720843,18445580721687985584],"rhs":[0,0,0,31,18446741737247346719,18446666420700889639,18446368487409546967,18446486787988668256]}
{"op":"C","status":"READY","cmp":1,"lhs":[0,143,18446727581035182975,18445151912155021119,18414401114566142403,18253189963836381111,18106684403112716247,18322120478021543776],"rhs":[0,127,18446729780058430975,18445443626333350463,18422197339196010271,18312761503805021063,18237622356620367559,18381489982749428512]}
{"op":"C","status":"READY","cmp":0,"lhs":[191,18446717135674767743,18442754495774378287,18315616591972477775,17052657407368403103,13259448395235373387,12311730737962770719,16896518990274225344],"rhs":[191,18446717135674767743,18442754495774378287,18315616591972477775,17052657407368403103,13259448395235373387,12311730737962770719,16896518990274225344]}
{"op":"M","status":"READY","high_word":0,"product":[0,0,0,0,0,0,0,0]}
{"op":"M","status":"READY","high_word":0,"product":[0,0,0,0,0,0,0,1]}
{"op":"M","status":"READY","high_word":0,"product":[0,0,0,0,0,0,0,4]}
{"op":"M","status":"READY","high_word":0,"product":[0,0,0,0,0,0,18446744073709551614,1]}
{"op":"M","status":"READY","high_word":0,"product":[0,0,0,0,0,1,0,0]}
{"op":"M","status":"READY","high_word":0,"product":[0,0,0,0,0,1,2,1]}
{"op":"M","status":"READY","high_word":0,"product":[0,0,0,0,18446744073709551615,18446744073709551614,0,1]}
{"op":"M","status":"READY","high_word":0,"product":[0,0,0,1,0,0,0,0]}
{"op":"M","status":"READY","high_word":0,"product":[0,0,0,1,0,2,0,1]}
{"op":"M","status":"READY","high_word":0,"product":[262143,18446744073709551615,18446744073709551615,18446744073709550591,18446744073709551360,0,0,1]}
{"op":"M","status":"READY","high_word":0,"product":[262144,0,0,0,0,0,0,0]}
{"op":"M","status":"READY","high_word":0,"product":[262144,0,0,1024,256,0,0,1]}
{"op":"M","status":"REFUSED_OVERFLOW","high_word":18446744073709551615}
{"op":"M","status":"REFUSED_OVERFLOW","high_word":18446744073709551615}
{"op":"M","status":"REFUSED_OVERFLOW","high_word":18446744073709551615}
{"op":"M","status":"REFUSED_OVERFLOW","high_word":1}
{"op":"M","status":"REFUSED_OVERFLOW","high_word":1}
{"op":"M","status":"REFUSED_OVERFLOW","high_word":2}
{"op":"M","status":"REFUSED_OVERFLOW","high_word":1}
{"op":"M","status":"REFUSED_OVERFLOW","high_word":1}
{"op":"M","status":"REFUSED_OVERFLOW","high_word":1}
{"op":"M","status":"READY","high_word":0,"product":[0,0,0,7,6157188861183565445,10946816762931872765,12429703051341601338,8219093085412577656]}
{"op":"M","status":"READY","high_word":0,"product":[0,0,0,0,0,645812481799108,977096160390705789,18052647556442451664]}
{"op":"M","status":"READY","high_word":0,"product":[0,0,0,0,3694087480215,3046156020359737190,10842939924950940185,6594179520840440954]}
{"op":"M","status":"READY","high_word":0,"product":[0,0,0,0,0,0,34090455543,18356809028384416785]}
{"op":"M","status":"READY","high_word":0,"product":[0,0,0,1568956194,10502057441474554773,18016361199619412598,3010665486448560459,2502438242685295060]}
{"op":"M","status":"READY","high_word":0,"product":[0,0,31396,13114795417380250107,13576144996283380378,12996442859958961320,199643563670042202,14183812132982251884]}
{"op":"M","status":"READY","high_word":0,"product":[0,2308227494958412854,12639973905993896305,6205819599492003539,14839543887203242259,12912358240848067940,6645884178508372311,15038033271990350512]}
{"op":"M","status":"READY","high_word":0,"product":[0,12958552704467877,1414081176401614737,18255485218109930231,2188091076436558389,11448477159185425728,9662575300121963957,5627086730430563512]}
{"op":"M","status":"READY","high_word":0,"product":[0,0,0,158376079600,7545470165279471877,17536309242503332470,8165619007464107614,17499814699149911372]}
{"op":"M","status":"READY","high_word":0,"product":[0,0,0,0,0,0,315700493308740814,1348732842763589468]}
{"op":"M","status":"READY","high_word":0,"product":[0,0,0,8916842380370145085,10450766570646249311,12915030892471138674,3689385161286822094,1991362490433856974]}
{"op":"M","status":"READY","high_word":0,"product":[0,0,0,271999146484485,511775395620370208,2360865865727472539,13218733537048691716,10910788181103618422]}
{"op":"M","status":"READY","high_word":0,"product":[0,0,0,0,117930603835572243,10463203464325863228,2993043158321299820,8692632738548392400]}
{"op":"M","status":"READY","high_word":0,"product":[0,0,5927245913214,13455744499542121193,16923844565269168537,1599609013940336268,7339675220713974252,12939276761390990704]}
{"op":"M","status":"READY","high_word":0,"product":[0,0,0,0,9302735915856431,4214394620093345985,2619861108063889640,5330735331777084804]}
{"op":"M","status":"READY","high_word":0,"product":[0,0,0,60152,7017751289049058353,10205539408702822591,15151766630333245600,538925269919754885]}
{"op":"M","status":"READY","high_word":0,"product":[0,0,106410665935988,6083956630030392546,15248599670316944762,1935910895927392999,10532569447233719435,15489415201886931736]}
{"op":"M","status":"READY","high_word":0,"product":[0,0,0,0,992898439786441639,1447347169231527287,16946488427846126217,6836321798513211095]}
{"op":"M","status":"READY","high_word":0,"product":[0,0,0,0,0,0,1036298231925993508,15811758866740838]}
{"op":"M","status":"READY","high_word":0,"product":[0,0,0,0,0,169569967221981,13868794730284846393,6083391665624201970]}
{"op":"M","status":"READY","high_word":0,"product":[31997772961,4572771883531905983,3869118741486298714,1866236180733226481,6305386255791285438,4692239546352069672,16505186214379145113,16772957095110564597]}
{"op":"M","status":"READY","high_word":0,"product":[0,0,0,0,0,240542,14210744511804862053,13757755915057976362]}
{"op":"M","status":"READY","high_word":0,"product":[0,0,0,0,0,34666,12185978615951939713,6954888891644174428]}
{"op":"M","status":"READY","high_word":0,"product":[0,0,0,0,2042605737628547397,2277214955346820619,6135738854527996253,7398216881749855808]}
{"op":"M","status":"READY","high_word":0,"product":[11660,15256280882091660111,5923634080069847545,4881333679769210315,18043281936284426472,10352628467018211602,1730019339462948677,2577526520676421226]}
{"op":"M","status":"READY","high_word":0,"product":[1448621862929834011,15436169864300779542,16221948534160317741,6369100664285306099,8593840977255205339,10614612778528090391,15663447869380987958,17108637802153583589]}
{"op":"M","status":"READY","high_word":0,"product":[0,57,4218405669865025246,429472624144961187,901264631064934494,3552057562652296376,13615100353135293865,17673059709481098656]}
{"op":"M","status":"READY","high_word":0,"product":[0,4004672,3176925116984660314,1975070980924696258,1407686947114301689,4041989344960209064,7072690184170732767,11630946473957932022]}
{"op":"M","status":"READY","high_word":0,"product":[0,0,0,0,0,1173216004106015,11909671585878784178,18087669827518682552]}
{"op":"M","status":"READY","high_word":0,"product":[0,0,12802427323404,12134776126185517501,15528073377689782557,4574861517967062726,16989567514440331157,10457673430926475408]}
{"op":"M","status":"READY","high_word":0,"product":[0,0,0,0,29,6311072463593660563,9391484933443507354,8320081177078199752]}
{"op":"M","status":"READY","high_word":0,"product":[0,0,0,0,9861922583436,13493255783248106455,3807048254640803684,6174421977763373712]}
{"op":"M","status":"READY","high_word":0,"product":[0,0,0,619524550986709,3255311922567699815,4304394628479896680,14258106420138702578,10402470721405707248]}
{"op":"M","status":"READY","high_word":0,"product":[0,0,0,442364972,8479375362800863807,3333067861805510867,12528682633948092498,16006440528402100812]}
{"op":"M","status":"READY","high_word":0,"product":[37891025652156050,5988804373125795243,880696539351259454,1730461948537249949,11133034323325269531,5744452152566166848,3889109691417516239,2872171722180011822]}
{"op":"M","status":"READY","high_word":0,"product":[0,0,0,350,4831162733939141566,7810886698178282861,4763094943196918603,9528465676175934568]}
{"op":"M","status":"READY","high_word":0,"product":[0,0,0,0,149329268,6144666780270458260,10922603877545414608,13897643301884293796]}
{"op":"M","status":"READY","high_word":0,"product":[0,0,0,0,0,0,380342975,5809175387050783864]}
{"op":"M","status":"READY","high_word":0,"product":[0,51,18320548602012414869,3915340274756031657,923986758317706447,11153963425396212123,10357194461371197843,8128125032775380826]}
{"op":"M","status":"READY","high_word":0,"product":[0,0,114160859877371,11399382011538520319,3116849948284424411,484321892694604193,7631488545841847663,10766335196468065616]}
{"op":"M","status":"READY","high_word":0,"product":[0,0,0,8909572,11251472969848066273,15101751665298801413,514296694744133248,17243334765065261902]}
{"op":"M","status":"READY","high_word":0,"product":[0,0,0,10871,10566821421673814422,15404378176824512222,6102382838017884588,438648816379428412]}
{"op":"M","status":"REFUSED_OVERFLOW","high_word":440014171}
{"op":"M","status":"READY","high_word":0,"product":[0,0,6352206071,10637815346896876236,3473525640152565228,12390951509696760030,5258633273157439618,14854657964921307552]}
{"op":"M","status":"READY","high_word":0,"product":[0,0,0,0,0,0,0,0]}
{"op":"M","status":"READY","high_word":0,"product":[0,0,0,0,0,0,85201822,13800226425920969561]}
{"op":"M","status":"READY","high_word":0,"product":[0,0,0,0,0,0,36423687270220,5502335250855212726]}
{"op":"M","status":"READY","high_word":0,"product":[0,0,0,0,0,0,9400,15537416276781141290]}
{"op":"M","status":"READY","high_word":0,"product":[4682515,18429222951600178023,387632994395979148,7299358109635779459,11467243644221016567,7405503961206044864,8734232810117629463,2962049710041958546]}
{"op":"M","status":"READY","high_word":0,"product":[0,0,0,0,0,0,20792526898361482,12380452453968594266]}
{"op":"M","status":"READY","high_word":0,"product":[0,0,0,0,17838306500390700,5512739528284557203,7078102230052752525,3197922171316417098]}
{"op":"M","status":"READY","high_word":0,"product":[0,0,0,0,0,714296738651691,429159539541477301,16080847391622105092]}
{"op":"M","status":"READY","high_word":0,"product":[0,0,3916768158923,689353084396241138,9445488123186749270,9623060729495982758,17157676403036251763,5999296278179380672]}
{"op":"M","status":"READY","high_word":0,"product":[0,0,0,0,435,14207600416217294904,18306930530107836241,10642601058414194195]}
{"op":"M","status":"READY","high_word":0,"product":[0,0,0,0,0,0,228447,508416994510278717]}
{"op":"M","status":"READY","high_word":0,"product":[0,0,0,0,0,22069833,2866374736059178121,4682241455703305038]}
{"op":"M","status":"READY","high_word":0,"product":[0,0,0,0,0,5014104743813,12726100518849882350,11280986705185631248]}
{"op":"M","status":"READY","high_word":0,"product":[0,0,0,0,3013047542511,16712527861611809974,16578376047456521743,16435857280117369222]}
{"op":"M","status":"READY","high_word":0,"product":[0,0,0,0,554318,9240185367492439420,6741768093731959476,11142617734004368836]}
{"op":"M","status":"READY","high_word":0,"product":[0,11703,9156818452604460144,14869466031925894953,12926365714034267633,13854470388864209780,15653652302422718842,11992611378046894420]}
{"op":"M","status":"READY","high_word":0,"product":[0,0,0,0,35698772576178,4430927125004225611,5680063579510948299,12761323084265039428]}
{"op":"M","status":"READY","high_word":0,"product":[0,0,0,66157509956856792,13350557534261952528,10678023522041221640,7873337090349123052,17106918970424494926]}
{"op":"M","status":"READY","high_word":0,"product":[6011,10989368137404663169,10564756766185518383,1205449256147671891,2129859738705539323,8878939929980906987,2596407565462244859,10782474277054039296]}
{"op":"M","status":"READY","high_word":0,"product":[0,3775528994468990718,6771932217978241073,17502817228069419981,7661629132900813041,4651039413677591224,351257718296858042,8330087414400585570]}
{"op":"M","status":"READY","high_word":0,"product":[0,0,0,0,2,9096759406086317603,9474699244379929842,9971471198693370704]}
{"op":"M","status":"READY","high_word":0,"product":[0,0,0,463137948661450176,15464193166874218057,16429389629293456284,813148053368593947,2170231983642244412]}
{"op":"M","status":"READY","high_word":0,"product":[0,0,0,206720909,4274238522230200318,11274012091946706217,7095880013432360490,14958254375225275966]}
{"op":"M","status":"READY","high_word":0,"product":[0,0,0,0,593276189094010,8580704268252496224,1198215836057231703,2731951107770226608]}
{"op":"M","status":"READY","high_word":0,"product":[0,5356238,15850515561177276247,16054659829286644115,17538520701911337653,12370316430643411996,2775901240718609841,13642602024510918460]}
{"op":"M","status":"READY","high_word":0,"product":[0,0,0,1142220751219025601,17362075405575379534,15880032741053731598,4836784540805866012,15176345152692314492]}
{"op":"M","status":"READY","high_word":0,"product":[0,0,0,42864,12282225914248783569,4295248567257768288,50832313013054402,18021491518673555158]}
{"op":"M","status":"READY","high_word":0,"product":[0,0,0,0,130,4407145846303815802,2209658044070159433,13398554949677443924]}
{"op":"M","status":"READY","high_word":0,"product":[0,0,0,41851718741,11728593029745037352,16245750368713567643,18303682603906744469,6150710827049718640]}
{"op":"M","status":"READY","high_word":0,"product":[0,0,0,0,79880,17097283420330971611,7992819600332967918,2749094015480112816]}
{"op":"M","status":"READY","high_word":0,"product":[0,937175644,17739040976996179633,521313438889775340,17187270121814320779,7041630523422043587,12857738125828939555,2703712685349334482]}
{"op":"M","status":"READY","high_word":0,"product":[0,0,3597301773,7417372553141544189,16649976641743277528,2957402188122121346,3681426292588321181,1609898375005656777]}
{"op":"M","status":"READY","high_word":0,"product":[0,0,0,0,0,0,0,0]}
{"op":"M","status":"READY","high_word":0,"product":[0,0,300707,15890520053655832764,11621139893670278996,16634659501823842757,12271341600159675317,99074401553901454]}
{"op":"M","status":"READY","high_word":0,"product":[2174524113616,1624027586192400641,8921559868941073616,13898431789003839216,6136144427689264882,1506572071680704831,16551468059709989768,17070194011200261899]}
{"op":"M","status":"READY","high_word":0,"product":[0,0,0,0,0,122042171,5479084362754768497,13732738141522547872]}
{"op":"M","status":"READY","high_word":0,"product":[0,6696252254,12970363165550735957,12742756678206633838,17129723127951607240,6618827520326136394,18029616237930365690,12484384826011503062]}
{"op":"M","status":"READY","high_word":0,"product":[0,0,0,90891608842936166,12690766691431469026,3957195691040184325,3824486533793750735,10437399946431922686]}
{"op":"M","status":"READY","high_word":0,"product":[0,0,0,0,0,0,0,15201423353250]}
{"op":"M","status":"READY","high_word":0,"product":[0,0,0,0,0,0,0,0]}
{"op":"M","status":"READY","high_word":0,"product":[0,0,0,0,0,0,1854798255859820,17328348066721330189]}
{"op":"M","status":"READY","high_word":0,"product":[0,0,0,0,91939264992912,8322538997437375604,1090036782881492442,2819228347197470766]}
{"op":"M","status":"READY","high_word":0,"product":[0,0,0,2,1286598622443496629,17135529900449373952,16812764080590847887,11517763837606751352]}
{"op":"M","status":"READY","high_word":0,"product":[0,0,0,0,21,13681750533889609166,12901543377440133081,18218984276690881222]}
{"op":"M","status":"READY","high_word":0,"product":[0,14446499148,11459333814453441499,7175044632665674205,8358249097007413503,1685568567150529736,570189663931244185,13639588989162268694]}
{"op":"M","status":"READY","high_word":0,"product":[0,0,0,121,6969619810021645264,1553708077651376201,13982682604596314810,17442365921261509919]}
{"op":"M","status":"READY","high_word":0,"product":[0,0,8650,2736973294693617608,6832960685403570333,3592372419726039150,10715590008860512114,12462525836798128568]}
{"op":"M","status":"READY","high_word":0,"product":[0,0,0,0,6866759662,15723431885308245773,10091852754900132808,8671225916981215746]}
{"op":"M","status":"READY","high_word":0,"product":[0,0,3,14110973867630315548,5300388044867460739,16142498709369390479,4545760442428764981,10396171316365739513]}
{"op":"M","status":"READY","high_word":0,"product":[7282249,14869079896395039532,2345422591305517575,3985968675109988146,3814178467242179520,1397609707506301370,16376423575486339174,8571466464375577734]}
{"op":"M","status":"READY","high_word":0,"product":[0,0,0,0,0,0,0,288048947]}
{"op":"M","status":"READY","high_word":0,"product":[0,0,0,0,236538327921155517,11063763340179713584,10641094179955269204,8846583221594224904]}
{"op":"M","status":"READY","high_word":0,"product":[0,0,0,267727348,18172392475486246487,1056637335679214664,4863927605015030872,14330520849110436638]}
{"op":"M","status":"REFUSED_OVERFLOW","high_word":49}
{"op":"M","status":"READY","high_word":0,"product":[0,0,49708366,2601531042632264071,8341086663005699175,9142609404937736852,11802900937330776124,12028199570397184372]}
{"op":"M","status":"READY","high_word":0,"product":[0,0,0,802,8601582301127502460,3130461671447658957,4624048852389464788,5634164629458375592]}
{"op":"M","status":"READY","high_word":0,"product":[0,0,0,0,5443827,6872295159383406102,11049192051296718938,15899568993263613407]}
{"op":"M","status":"READY","high_word":0,"product":[0,0,69341991060767,9907363289846127700,7648602009733565143,9494311275285377489,11267212221547207762,9240189454640615700]}
{"op":"M","status":"READY","high_word":0,"product":[10711680111453,14645860062508367903,12055171256775303602,1572751734628722012,8411641629609321780,2278495024007172740,16045775571563032803,3915737279410273463]}
{"op":"M","status":"READY","high_word":0,"product":[0,0,0,0,0,9397359,14851897022538513125,5779521422281756157]}
{"op":"M","status":"READY","high_word":0,"product":[0,40914090,13554011022006879904,17321561634339431049,2991249932124866805,13589500540641795733,7175845591265530134,12496931689984854872]}
{"op":"M","status":"READY","high_word":0,"product":[372,7449452497481011625,17991012107564212177,5582529742985732563,2666755888354950895,17086787563318733982,11784207447343128132,2195237506564720134]}
{"op":"M","status":"READY","high_word":0,"product":[0,0,0,0,0,27891842699869,4472587773941962296,2714920823502497534]}
{"op":"M","status":"READY","high_word":0,"product":[0,0,0,0,54334,1292185088839990234,12851530929627086532,8628988996537030510]}
{"op":"M","status":"READY","high_word":0,"product":[0,0,0,0,0,0,64592,7003959352533293688]}
{"op":"M","status":"READY","high_word":0,"product":[0,0,0,0,0,0,20387412916216879,11441962218600586943]}
{"op":"M","status":"READY","high_word":0,"product":[0,0,0,0,58001936143067,6109226073901014154,15209865581969319514,1010310239157638897]}
{"op":"M","status":"READY","high_word":0,"product":[0,0,0,0,0,47,7100481082134340373,10581023747329552016]}
{"op":"M","status":"READY","high_word":0,"product":[0,0,0,0,0,379542500,933599664096502289,14268531496188558560]}
{"op":"M","status":"READY","high_word":0,"product":[0,0,0,67460585,6149221814612504985,6783967567211885467,9709668928158533650,7590147515569978775]}
{"op":"M","status":"READY","high_word":0,"product":[0,0,0,0,8801930,16982069122641081254,7874119702508985493,8170707977380723602]}
{"op":"M","status":"READY","high_word":0,"product":[0,0,0,0,6,7098968061507655548,1851637787675983889,9415675375703371412]}
{"op":"M","status":"READY","high_word":0,"product":[0,0,118029356990947,18087095250870956045,539128608743355595,10660746405577218390,17484612539195020237,16026337639655883896]}
{"op":"M","status":"READY","high_word":0,"product":[0,0,0,0,0,384,11164323467757292982,14304492162519801419]}
{"op":"M","status":"READY","high_word":0,"product":[0,0,0,0,255103118843562,8048895085640443994,14126854354092286266,14829030931047756568]}
{"op":"M","status":"READY","high_word":0,"product":[0,0,0,0,285444661643129198,2077268408150817356,7390492896112250950,973077142755824536]}
{"op":"M","status":"READY","high_word":0,"product":[0,0,0,92688,5021629435512188680,483866120638401056,8875480562633256506,3892301637180149774]}
{"op":"M","status":"READY","high_word":0,"product":[0,0,76961,4599063195581437636,12836965122400133794,6752459797904633535,6579503585080521223,17658193462867824361]}
{"op":"M","status":"READY","high_word":0,"product":[0,0,0,0,26507120,2312470753037753226,6777640604941683665,8719278447721926012]}
{"op":"M","status":"READY","high_word":0,"product":[0,0,0,351,6419684532450757494,17635925566690619578,15807804591357918107,3670456024509501462]}
{"op":"M","status":"READY","high_word":0,"product":[0,0,56,3477449055016737152,18298223833176111460,5696944749074795761,3971992457773682074,14157090565904757352]}
{"op":"M","status":"READY","high_word":0,"product":[0,0,0,0,0,0,6,13501142873035347989]}
{"op":"M","status":"READY","high_word":0,"product":[0,0,0,0,115,1779968361265546216,7324240452873022790,12395558679753035417]}
{"op":"M","status":"READY","high_word":0,"product":[0,0,0,0,24309,4979023731005470695,6150122674897938689,5464562114818930526]}
{"op":"M","status":"READY","high_word":0,"product":[0,0,6635714821154519,3151493762611523125,1530225672940298922,492638277667252347,8600574371094183292,11973077270933905780]}
{"op":"M","status":"READY","high_word":0,"product":[0,0,0,0,0,0,216022269138,2623951698318024852]}
{"op":"M","status":"READY","high_word":0,"product":[0,4085468543325,14155812388348271035,8993432912182595277,1508192447524098814,12124253302288066287,9626077913942722302,12294785557180398048]}
{"op":"M","status":"READY","high_word":0,"product":[0,33747380831434708,14356637131700306835,7724956838054051464,1378602761882546184,7350078602979504321,7740377513505802471,8222110952805741759]}
{"op":"M","status":"READY","high_word":0,"product":[0,0,0,0,0,7790602523,15015501224970213616,3847331347737002541]}
{"op":"M","status":"READY","high_word":0,"product":[0,0,0,0,0,575586090204006213,9207360716726146934,4782498751130570162]}
{"op":"M","status":"READY","high_word":0,"product":[0,0,27,8585015602098417339,17645302729695972474,3665142688783217786,3804433675165154188,15034098165263145037]}
{"op":"M","status":"READY","high_word":0,"product":[0,1,4883076145760403539,2715362887199676646,17216622111372275713,17833904378746254385,3537158539664697213,10055528140772579415]}
{"op":"M","status":"READY","high_word":0,"product":[0,0,0,0,0,0,695696,11589426063860364964]}
{"op":"M","status":"READY","high_word":0,"product":[0,85185135003017,3139407287150063958,6704315583902108585,14086636707460742003,15691849261929847911,13875090970464006579,9161078551978124500]}
{"op":"M","status":"READY","high_word":0,"product":[0,0,0,0,0,16565927807660615,12010694675550496993,17697051805365183765]}
{"op":"M","status":"READY","high_word":0,"product":[1,11882659784692137277,8640206504565537044,946692514015832080,8801432722510823009,5319846264030629656,923447654235447469,484335178390762754]}
{"op":"M","status":"READY","high_word":0,"product":[0,0,0,0,0,77010441164481,12687619949673450229,3448301479019414154]}
{"op":"M","status":"READY","high_word":0,"product":[0,0,0,0,1348412,1266201849933682086,4164718021189323966,18365469776477517622]}
{"op":"M","status":"READY","high_word":0,"product":[0,65137778014075620,18188415137037790632,5138205616733777977,8141819060934970881,9932299953814743685,13251481194550688571,17133866049207571969]}
{"op":"M","status":"READY","high_word":0,"product":[0,0,3395,9396860929468952250,6949224397500842040,5491265606744127343,12353235985792316649,10927564063934208043]}
{"op":"M","status":"READY","high_word":0,"product":[0,0,1,15051233316631344334,8030177684482998804,7743547811763209413,17761406190300701047,13560326032448906510]}
{"op":"M","status":"READY","high_word":0,"product":[0,810,9641730061260983401,16064830215717643787,5640907638255986877,14779050215950315260,15188823365716344972,8181274818305851114]}
{"op":"M","status":"READY","high_word":0,"product":[0,0,0,0,0,104962143093,17260097316887229192,3952047536898769088]}
{"op":"M","status":"READY","high_word":0,"product":[0,0,548954903894151,964757428467743672,979928417088852838,5556487383150293930,14183213269121879877,3558179540804899876]}
{"op":"M","status":"READY","high_word":0,"product":[0,0,0,0,3663965746581502,3030013219817214359,11671509521087943703,9379839565372069856]}
{"op":"M","status":"READY","high_word":0,"product":[0,0,0,0,0,212439714,4123699459728595669,12794298359426762696]}
{"op":"M","status":"READY","high_word":0,"product":[0,5502647155,17087086367209518018,6138735567589188870,14562963721430515752,15912054261175070727,5817317322683746254,9495923372050930112]}
{"op":"M","status":"READY","high_word":0,"product":[0,0,10,14973458327559545764,1160586410312605412,1424172658812101945,2925843323262922083,9018095934300597366]}
{"op":"M","status":"READY","high_word":0,"product":[0,0,0,0,152,14834730056819068574,13186043159323935015,6952005084821447504]}
{"op":"M","status":"READY","high_word":0,"product":[0,0,0,0,0,14706,2297966622778784483,15298976500547888752]}
{"op":"M","status":"READY","high_word":0,"product":[0,0,0,0,0,0,60586259108214162,404359547276387003]}
{"op":"M","status":"READY","high_word":0,"product":[0,0,889541285052986,5924934753549272021,7012822106946059540,6304163805031378391,7887580903482487235,17197372381980933496]}
{"op":"M","status":"READY","high_word":0,"product":[0,0,44640260281635,4272191815892087244,5768531850401647983,2597660769016007367,13606871480858661351,17120121555833104376]}
{"op":"M","status":"READY","high_word":0,"product":[383543567547562,12315477048437037639,7764767642367408131,4703869993510660715,5458907916986458330,16085016437607128556,11270161557024987832,5220954932191743296]}
{"op":"M","status":"READY","high_word":0,"product":[0,0,0,1501923663,15955306257845198955,9408567358788783992,3637172275743451171,10440893917896826419]}
{"op":"M","status":"READY","high_word":0,"product":[0,0,0,6453,5109196549381884815,576558689930546828,1393676119352094835,15501333602132010754]}
{"op":"M","status":"READY","high_word":0,"product":[0,0,0,1783895,16800360103932071404,10561982558058997796,5810455788090321009,11710464570400296042]}
{"op":"M","status":"READY","high_word":0,"product":[0,0,0,0,0,11,15554287358153185903,4733784415858517106]}
{"op":"M","status":"READY","high_word":0,"product":[0,1105598890873,2273050621583658147,16191374869675410273,7249045485031873925,10003991877084331327,7962526420837918401,2667010095130957886]}
{"op":"M","status":"READY","high_word":0,"product":[0,1731639720932,12774783613640381479,16766792771668679026,15306608208011079375,7561495565410722474,6807910088287453448,1528828580215976511]}
{"op":"M","status":"READY","high_word":0,"product":[0,0,0,0,0,0,180060,15074605291429150704]}
{"op":"M","status":"READY","high_word":0,"product":[0,0,0,0,2,12247963321239695513,15763714736984541396,16824366885597617852]}
{"op":"M","status":"READY","high_word":0,"product":[0,0,0,0,49570710,12389700529805174199,6959394038370294052,2003796258345428855]}
{"op":"M","status":"READY","high_word":0,"product":[13471567,8404669987740533045,12699076733698885694,4125670001331237560,4554252058812062503,18359883616538457294,13873379398744128157,14807433387206505940]}
{"op":"M","status":"READY","high_word":0,"product":[0,0,0,0,0,0,20567417,5200632994000109182]}
{"op":"M","status":"READY","high_word":0,"product":[0,0,4477513367,7809818718815434089,10401421954513285165,9151439674453524344,12378956769898167033,2152621717163632702]}
{"op":"M","status":"READY","high_word":0,"product":[2720886,15909396014923248533,17297870152435053776,8601698699742717046,17132589599678244185,3677476481381876929,5706994389958113682,8181160926904280502]}
{"op":"M","status":"READY","high_word":0,"product":[0,0,47201901,3857105335708951225,10674723824120949078,15655919346908067459,309967545990708407,8025440160511942644]}
{"op":"M","status":"READY","high_word":0,"product":[0,0,0,0,152181363706,2386211594503687504,15929046174139178960,11070972471121103100]}
{"op":"M","status":"READY","high_word":0,"product":[0,0,0,14437558451048919104,11159140936433990694,7500283756015576013,2861457893339702596,10317280455572901899]}
{"op":"M","status":"READY","high_word":0,"product":[0,0,0,0,5051481429,7851007619308702923,2137090305120556980,6424254726516802266]}
{"op":"M","status":"READY","high_word":0,"product":[0,0,1418,18335584152418601720,1158349344131327185,16225362068328587014,4821921605703993489,6207853104847878704]}
{"op":"M","status":"READY","high_word":0,"product":[0,0,0,0,0,119308,12876310273137173892,1385642153909475680]}
{"op":"M","status":"READY","high_word":0,"product":[0,0,0,102906800580697661,9199336344281477356,8633855207178693838,15188034867450456426,12739205112491077209]}
{"op":"M","status":"READY","high_word":0,"product":[0,137347,10706450701184717084,7940077055730989042,4319280302229027772,7385773160862017208,10957202785621434812,4644538679554823404]}
{"op":"M","status":"READY","high_word":0,"product":[489268,4945467943758453919,15718894969639115192,9840560479915758085,8362838220815221203,12157839711057384054,2582613417229081567,8970619434369254052]}
{"op":"M","status":"READY","high_word":0,"product":[0,0,4203997924,15786569608139756695,8627323802530010130,5939830360671697040,1623715031255761968,1427608742790386297]}
{"op":"M","status":"READY","high_word":0,"product":[0,0,0,3604128175911,2407179479488137255,13744762820955983573,7444948513967730088,11301559837792207392]}
{"op":"M","status":"READY","high_word":0,"product":[0,0,0,241033515342619429,2011986350471159739,11099638747153917375,773364536287087375,10257378239137469972]}
{"op":"M","status":"READY","high_word":0,"product":[0,0,0,0,0,40064820967,4991512776332216190,10830880564436448008]}
{"op":"M","status":"READY","high_word":0,"product":[0,0,0,4133030186576736,14466923398976132642,1004023897239846778,10375172551525545538,8005123046468279991]}
{"op":"M","status":"READY","high_word":0,"product":[0,0,2840642036857326,9468475527977609513,8996254827294313235,7754754170727427029,11546031420088702991,14007841760920818186]}
{"op":"M","status":"READY","high_word":0,"product":[0,0,0,0,0,29151064608651,9111608977865230038,16799378654060277982]}
{"op":"M","status":"READY","high_word":0,"product":[0,0,6,12945764180058441124,11301170203260729240,13868734496785021188,15556744937375979033,4792321093216827152]}
{"op":"M","status":"READY","high_word":0,"product":[0,0,0,10752451524600486886,1804221507381848456,14524170307668041541,1004818440406003089,9799386932210686608]}
{"op":"M","status":"READY","high_word":0,"product":[0,0,0,21881062655602,10417526923022001640,11078060675874424748,7475067456828335621,14165826497766608744]}
{"op":"M","status":"READY","high_word":0,"product":[0,0,0,0,1057473,7665890589000591769,13340362924904803124,13519515737133398877]}
{"op":"M","status":"READY","high_word":0,"product":[28454,18066653663721017500,3154924592684491538,10819384715202129866,5918638185929463505,13382031357623507789,2734955875473340894,5972972167728282624]}
{"op":"M","status":"READY","high_word":0,"product":[0,0,61516305633729,6536416648101995188,8686514906078969360,3159450924092315252,5097402208677889095,6863996920937692037]}
{"op":"M","status":"READY","high_word":0,"product":[0,0,0,0,0,122353320,1614826156742115222,14477790437775830379]}
{"op":"M","status":"READY","high_word":0,"product":[0,0,25677834,1346745308508483978,2889344637878900130,3403891018797761631,3913669594281316512,15695587184430174324]}
{"op":"M","status":"REFUSED_OVERFLOW","high_word":56272}
{"op":"M","status":"REFUSED_OVERFLOW","high_word":7928009}
{"op":"M","status":"READY","high_word":0,"product":[279,5472387140150455493,15545695249529789696,2473060309045913658,18080566832444984866,14427207414188715631,1061455210428508018,16057356323320465416]}
{"op":"M","status":"READY","high_word":0,"product":[0,0,0,0,0,0,0,50281]}
{"op":"M","status":"READY","high_word":0,"product":[0,52649607329,14482331869500278215,10186669533626791228,7515804780167684758,801508003391626712,2429411115594659386,11705652275546529256]}
{"op":"M","status":"READY","high_word":0,"product":[0,3494775058,5090445170538037413,16819302699054466907,16846344980513555766,8449106256985900822,7653250196522098519,13288465727363778378]}
{"op":"M","status":"READY","high_word":0,"product":[0,0,0,0,30052338149816286,15273450040288164157,9976215359906747393,12851088198324955113]}
{"op":"M","status":"READY","high_word":0,"product":[0,0,0,0,0,0,25,15588994782561167330]}
{"op":"M","status":"READY","high_word":0,"product":[0,0,0,0,0,11523606661907309,5335331472406427990,11590526808728447212]}
{"op":"M","status":"READY","high_word":0,"product":[0,0,0,0,0,0,11030568705111493,5188581293221316082]}
{"op":"M","status":"READY","high_word":0,"product":[0,0,0,0,146349343461,17118591877323561689,9513465632236139651,14859370950064051754]}
{"op":"M","status":"READY","high_word":0,"product":[0,0,608818,17333530602820054809,17234457903109718963,7267645357991818788,17510170952143488885,9381660787732612390]}
{"op":"M","status":"READY","high_word":0,"product":[0,0,0,0,1909628,661318711239158295,9143913372511150326,13503164497184518994]}
{"op":"M","status":"READY","high_word":0,"product":[0,2,4651084974227997666,13145371158678401172,2668549006766814622,1996729436215967126,13494720313148459164,1559674904428813030]}
{"op":"M","status":"READY","high_word":0,"product":[0,0,0,1702212856623583,6868670928447724735,7912763935738589279,16646656202918121161,11690924988096541776]}
{"op":"M","status":"READY","high_word":0,"product":[1536661969864015794,4838863888529578050,17600672368645032366,7128422947977323739,1955854888958641544,16319668468960078673,8656398069362716664,13605518550146443230]}
{"op":"M","status":"READY","high_word":0,"product":[0,0,0,261613557412,7896151992801983215,2953318571574155711,9439797872324972943,16218361336903144772]}
{"op":"M","status":"READY","high_word":0,"product":[0,0,0,5,14518229589972636018,2368179620456435012,3992341303741151184,13961058421235153551]}
{"op":"M","status":"READY","high_word":0,"product":[0,75,3431329156006040456,5494188335395284990,1382737891738627430,9833997748918451862,8206454505102404946,16359783539255912293]}
{"op":"M","status":"READY","high_word":0,"product":[0,0,340397005808821,11265089746854762667,5010875936734075263,11268241389306542845,17101009646972048341,11722494989557655273]}
{"op":"M","status":"READY","high_word":0,"product":[0,0,0,0,0,7,600877876952131494,388052996120171516]}
{"op":"M","status":"READY","high_word":0,"product":[0,3405211365,6715038808698010005,7596190272597388596,12814420889807254549,8899824366537606857,20880883188799643,14475143344905556000]}
{"op":"M","status":"READY","high_word":0,"product":[0,0,0,0,193128,13604877190021171182,5605183707886533071,2292766244386943213]}
{"op":"M","status":"READY","high_word":0,"product":[0,1506793855006312053,6607706958555395628,16060620893651965829,3964054200816048788,1622781235113224519,15306996637761259984,11518779349940937328]}
{"op":"M","status":"READY","high_word":0,"product":[0,0,0,754657642214630951,6784743331191060696,13646861485683972797,1669461786278194388,11629583590450688680]}
{"op":"M","status":"READY","high_word":0,"product":[0,0,0,0,2359120841494097,9832445727101912653,9507038208930446403,9808410206118307011]}
{"op":"M","status":"READY","high_word":0,"product":[0,0,0,0,0,96974529,17409523068564890207,1497334075246374580]}
{"op":"M","status":"READY","high_word":0,"product":[0,50521641681867,1907787663293256652,1426349810480036540,4311797657419037474,14506231707837693747,15786285685875222765,5136886592377143940]}
{"op":"M","status":"READY","high_word":0,"product":[4666,2152506927734078130,15174664564198906735,2587696198570877751,16057774619251717643,17691087708186776772,375824030987816841,11770441130692015563]}
{"op":"M","status":"READY","high_word":0,"product":[0,842,4047978423965012068,13740483002103437438,14325909887080215980,8335715604331769916,8626451419630836478,1734449566920351784]}
{"op":"M","status":"READY","high_word":0,"product":[2652372293736909,13040889014857985103,11851476906686287891,2626336954237208306,15163244358492265949,12889910477804443464,17586578331900034565,13692982578226965413]}
{"op":"M","status":"READY","high_word":0,"product":[0,0,0,0,0,0,169739,11415456695573370648]}
{"op":"M","status":"READY","high_word":0,"product":[0,0,0,0,0,1,10231682179554365164,92881767167324877]}
{"op":"M","status":"READY","high_word":0,"product":[0,0,0,0,0,18128,17093586647915834875,1964023925814879101]}
{"op":"M","status":"READY","high_word":0,"product":[0,0,0,0,0,9140575033,11946183842438049404,809664532846353644]}
{"op":"M","status":"READY","high_word":0,"product":[0,0,0,3237625719049,12229921598388549277,16326962734446151710,8973803661660625685,4419067437636122049]}
{"op":"M","status":"READY","high_word":0,"product":[0,3327158371172333246,12300826530861690441,7641728560507210471,11471399954294983342,13604173578039331459,6085510946875249413,3327342200741517648]}
{"op":"M","status":"READY","high_word":0,"product":[0,0,0,22,10696560114255837172,15786220930589462290,7345011373724759166,5654619282107344106]}
{"op":"M","status":"READY","high_word":0,"product":[0,3410,6403060468579966170,1879946575722857646,5794183052279246974,13951385345873601363,8597434912265471322,10233572865529973448]}
{"op":"M","status":"READY","high_word":0,"product":[3180994623789903271,15331593323019398056,5272282419634770697,600373461579991433,3496917522925909519,18131587075111169098,6943568824162982072,9426731332763417034]}
{"op":"M","status":"READY","high_word":0,"product":[0,0,0,0,1240884989514963,8416980492576433772,3489384375812283801,2123614500242378597]}
{"op":"M","status":"READY","high_word":0,"product":[0,0,0,0,0,0,0,41907565910373228]}
{"op":"M","status":"READY","high_word":0,"product":[0,0,0,1107778470201676,1312282097413769861,18113984372632174548,11643612257395304,11598212971990618151]}
{"op":"M","status":"READY","high_word":0,"product":[0,0,74380850,11751458922895359097,7069900928107203388,8533924441231546707,8108594710553141468,3538540492340019525]}
{"op":"M","status":"READY","high_word":0,"product":[0,0,0,0,0,3303189944029323163,7263406895972555594,3660661419036533858]}
{"op":"M","status":"READY","high_word":0,"product":[0,12,12803743983788873093,17005407291448579264,6772699099406472305,10419495427979944709,17548258264086420125,10820762774371810527]}
{"op":"M","status":"READY","high_word":0,"product":[0,0,0,82979274,6913348733557079344,18421895418226413940,12508043854222920563,6983256191130482592]}
{"op":"M","status":"READY","high_word":0,"product":[0,0,0,233660486716,17595372513646051714,8516688720371727991,8115377130558695969,11142847094935009000]}
{"op":"M","status":"READY","high_word":0,"product":[0,0,955805128,11048738285201579542,11849600784846803262,7858290851230085877,11358920581643906221,10698551325145911102]}
{"op":"M","status":"READY","high_word":0,"product":[0,0,0,0,0,15779699634,8852176535660326498,10125968743112581631]}
{"op":"M","status":"READY","high_word":0,"product":[0,0,0,3751,17302989981398828540,18357988245878030626,3186264547247013226,3681160543135603351]}
{"op":"M","status":"READY","high_word":0,"product":[3190767991294,7324153698450336118,5243491172332869289,16135259687037943201,1012890310623902054,13617036474442793892,13118212679120236051,16773571144039805256]}
{"op":"M","status":"READY","high_word":0,"product":[0,0,9918,14835596270503927974,15705160881221377160,1608651025319877366,10903097274943000346,9849209725726567538]}
{"op":"M","status":"READY","high_word":0,"product":[0,0,0,0,531,6457769743969756500,3532413476649257996,11468436776906653090]}
{"op":"M","status":"READY","high_word":0,"product":[0,0,0,0,0,0,3121065579153540,15042605522577423256]}
{"op":"M","status":"REFUSED_OVERFLOW","high_word":18446744073709551615}
{"op":"C","status":"REFUSED_NUM_DOMAIN","side":"A"}
{"op":"C","status":"REFUSED_DEN_DOMAIN","side":"A"}
{"op":"C","status":"REFUSED_ZERO_DEN","side":"A"}
{"op":"C","status":"REFUSED_NUM_DOMAIN","side":"B"}
{"op":"C","status":"REFUSED_DEN_DOMAIN","side":"B"}
{"op":"C","status":"REFUSED_ZERO_DEN","side":"B"}
