FULLPROD1 200
0 5 1 0 7 51 0
0 0 0 7
1 0 9 6
2 1 4 0
3 0 0 1
4 4 1 2
2 0 3 41 0 0 2 0 1
2 0 3 9 0 0 1 0 3
2 0 3 21 0 0 2 0 4
2 0 3 31 0 0 2 1 2
2 0 3 9 0 0 2 2 3
2 0 3 11 0 0 2 2 4
2 0 3 9 0 0 2 3 4
0 0 0 1 0
0 0 0 1 1
1 0 0 1 1
9 0 0 2 0
9 0 0 2 1
5 0 0 1 1
11 0 0 2 0
11 0 0 2 1
6 0 0 1 1
162 0 0 25 0
162 0 0 25 1
7 0 0 1 1
9 0 0 1 0
9 0 0 1 1
10 0 0 1 1
21 0 0 2 0
21 0 0 2 1
11 0 0 1 1
189 0 0 17 0
189 0 0 17 1
12 0 0 1 1
31 0 0 2 0
31 0 0 2 1
16 0 0 1 1
33 0 0 2 0
33 0 0 2 1
17 0 0 1 1
41 0 0 2 0
41 0 0 2 1
21 0 0 1 1
83886 0 0 3563 0
83886 0 0 3563 1
95 0 0 4 1
24 0 0 1 0
24 0 0 1 1
25 0 0 1 1
738 0 0 29 0
738 0 0 29 1
26 0 0 1 1
53 0 0 2 0
53 0 0 2 1
213 0 0 8 1
2862 0 0 107 0
2862 0 0 107 1
107 0 0 4 1
2173 0 0 81 0
2173 0 0 81 1
27 0 0 1 1
2189 0 0 81 0
2189 0 0 81 1
2270 0 0 81 1
1 5 1 0 7 51 0
4 4 1 2
3 0 0 1
2 1 4 0
1 0 9 6
0 0 0 7
2 0 3 126 0 0 28 3 4
2 0 3 77 0 0 14 2 4
2 0 3 153 0 0 34 2 3
2 0 3 310 0 0 20 1 2
2 0 3 63 0 0 6 0 4
2 0 3 117 0 0 13 0 3
2 0 3 246 0 0 12 0 1
0 0 0 24 0
0 0 0 27 1
30 0 0 30 1
297 0 0 66 0
324 0 0 72 1
195 0 0 39 1
253 0 0 46 0
286 0 0 52 1
174 0 0 29 1
5184 0 0 800 0
5670 0 0 875 1
266 0 0 38 1
369 0 0 41 0
225 0 0 25 1
280 0 0 28 1
651 0 0 62 0
714 0 0 68 1
407 0 0 37 1
7560 0 0 680 0
4536 0 0 408 1
324 0 0 27 1
930 0 0 60 0
1023 0 0 66 1
576 0 0 36 1
1287 0 0 78 0
759 0 0 46 1
442 0 0 26 1
1189 0 0 58 0
1312 0 0 64 1
735 0 0 35 1
3187668 0 0 135394 0
3439326 0 0 146083 1
2375 0 0 100 1
672 0 0 28 0
744 0 0 31 1
850 0 0 34 1
27306 0 0 1073 0
29520 0 0 1160 1
624 0 0 24 1
1431 0 0 54 0
1590 0 0 60 1
7029 0 0 264 1
103032 0 0 3852 0
111618 0 0 4173 1
2461 0 0 92 1
56498 0 0 2106 0
63017 0 0 2349 1
864 0 0 32 1
76615 0 0 2835 0
83182 0 0 3078 1
93070 0 0 3321 1
2 5 2 7 5 51 1
0 0 0 7
1 0 9 6
2 1 4 0
3 0 0 1
4 4 1 2
2 0 3 41 0 0 2 0 1
2 0 3 9 0 0 1 0 3
2 0 3 21 0 0 2 0 4
2 0 3 31 0 0 2 1 2
2 0 3 9 0 0 2 2 3
2 0 3 11 0 0 2 2 4
2 0 3 9 0 0 2 3 4
3 0 7 83886 0 0 3563 0 1 2
3 0 7 189 0 0 17 0 3 4
2 1 3 53 0 0 2 1 3 2
2 1 3 24 0 0 1 1 4 2
3 0 7 162 0 0 25 2 3 4
0 0 0 1 0
0 0 0 1 1
1 0 0 1 1
9 0 0 2 0
9 0 0 2 1
5 0 0 1 1
11 0 0 2 0
11 0 0 2 1
6 0 0 1 1
162 0 0 25 0
162 0 0 25 1
7 0 0 1 1
9 0 0 1 0
9 0 0 1 1
10 0 0 1 1
21 0 0 2 0
21 0 0 2 1
11 0 0 1 1
189 0 0 17 0
189 0 0 17 1
12 0 0 1 1
31 0 0 2 0
31 0 0 2 1
16 0 0 1 1
33 0 0 2 0
33 0 0 2 1
17 0 0 1 1
41 0 0 2 0
41 0 0 2 1
21 0 0 1 1
83886 0 0 3563 0
83886 0 0 3563 1
95 0 0 4 1
24 0 0 1 0
24 0 0 1 1
25 0 0 1 1
738 0 0 29 0
738 0 0 29 1
26 0 0 1 1
53 0 0 2 0
53 0 0 2 1
213 0 0 8 1
2862 0 0 107 0
2862 0 0 107 1
107 0 0 4 1
2173 0 0 81 0
2173 0 0 81 1
27 0 0 1 1
2189 0 0 81 0
2189 0 0 81 1
2270 0 0 81 1
3 5 2 7 5 51 0
4 4 1 2
3 0 0 1
2 1 4 0
1 0 9 6
0 0 0 7
2 0 3 117 0 0 26 3 4
2 0 3 66 0 0 12 2 4
2 0 3 144 0 0 32 2 3
2 0 3 279 0 0 18 1 2
2 0 3 42 0 0 4 0 4
2 0 3 108 0 0 12 0 3
2 0 3 205 0 0 10 0 1
3 0 7 324 0 0 50 2 3 4
2 1 3 288 0 0 12 1 4 2
2 1 3 265 0 0 10 1 3 2
3 0 7 2835 0 0 255 0 3 4
3 0 7 671088 0 0 28504 0 1 2
0 0 0 26 0
0 0 0 29 1
32 0 0 32 1
315 0 0 70 0
342 0 0 76 1
205 0 0 41 1
275 0 0 50 0
308 0 0 56 1
186 0 0 31 1
5508 0 0 850 0
5994 0 0 925 1
280 0 0 40 1
216 0 0 24 0
243 0 0 27 1
300 0 0 30 1
693 0 0 66 0
756 0 0 72 1
429 0 0 39 1
4347 0 0 391 0
4914 0 0 442 1
348 0 0 29 1
992 0 0 64 0
1085 0 0 70 1
608 0 0 38 1
1353 0 0 82 0
825 0 0 50 1
476 0 0 28 1
1271 0 0 62 0
1394 0 0 68 1
777 0 0 37 1
3355440 0 0 142520 0
2013264 0 0 85512 1
2565 0 0 108 1
720 0 0 30 0
792 0 0 33 1
900 0 0 36 1
28782 0 0 1131 0
16974 0 0 667 1
676 0 0 26 1
1537 0 0 58 0
1696 0 0 64 1
7455 0 0 280 1
108756 0 0 4066 0
117342 0 0 4387 1
2675 0 0 100 1
60844 0 0 2268 0
67363 0 0 2511 1
918 0 0 34 1
80993 0 0 2997 0
87560 0 0 3240 1
54480 0 0 1944 1
4 5 3 5 4 51 0
0 0 0 7
1 0 9 6
2 1 4 0
3 0 0 1
4 4 1 2
3 0 7 83886 0 0 3563 0 1 2
3 0 7 189 0 0 17 0 3 4
2 1 3 53 0 0 2 1 3 2
2 1 3 24 0 0 1 1 4 2
3 0 7 162 0 0 25 2 3 4
3 1 7 2173 0 0 81 0 1 3 2
3 1 7 738 0 0 29 0 1 4 2
2 2 3 33 0 0 2 0 2 3 4
3 1 7 2862 0 0 107 1 3 4 2
0 0 0 1 0
0 0 0 1 1
1 0 0 1 1
9 0 0 2 0
9 0 0 2 1
5 0 0 1 1
11 0 0 2 0
11 0 0 2 1
6 0 0 1 1
162 0 0 25 0
162 0 0 25 1
7 0 0 1 1
9 0 0 1 0
9 0 0 1 1
10 0 0 1 1
21 0 0 2 0
21 0 0 2 1
11 0 0 1 1
189 0 0 17 0
189 0 0 17 1
12 0 0 1 1
31 0 0 2 0
31 0 0 2 1
16 0 0 1 1
33 0 0 2 0
33 0 0 2 1
17 0 0 1 1
41 0 0 2 0
41 0 0 2 1
21 0 0 1 1
83886 0 0 3563 0
83886 0 0 3563 1
95 0 0 4 1
24 0 0 1 0
24 0 0 1 1
25 0 0 1 1
738 0 0 29 0
738 0 0 29 1
26 0 0 1 1
53 0 0 2 0
53 0 0 2 1
213 0 0 8 1
2862 0 0 107 0
2862 0 0 107 1
107 0 0 4 1
2173 0 0 81 0
2173 0 0 81 1
27 0 0 1 1
2189 0 0 81 0
2189 0 0 81 1
2270 0 0 81 1
5 5 3 5 4 51 0
4 4 1 2
3 0 0 1
2 1 4 0
1 0 9 6
0 0 0 7
3 0 7 2916 0 0 450 2 3 4
2 1 3 264 0 0 11 1 4 2
2 1 3 212 0 0 8 1 3 2
3 0 7 2646 0 0 238 0 3 4
3 0 7 587202 0 0 24941 0 1 2
3 1 7 40068 0 0 1498 1 3 4 2
2 2 3 231 0 0 14 0 2 3 4
3 1 7 12546 0 0 493 0 1 4 2
3 1 7 21730 0 0 810 0 1 3 2
0 0 0 28 0
0 0 0 31 1
34 0 0 34 1
333 0 0 74 0
360 0 0 80 1
120 0 0 24 1
297 0 0 54 0
330 0 0 60 1
198 0 0 33 1
5832 0 0 900 0
6318 0 0 975 1
161 0 0 23 1
234 0 0 26 0
261 0 0 29 1
320 0 0 32 1
735 0 0 70 0
798 0 0 76 1
451 0 0 41 1
4725 0 0 425 0
5292 0 0 476 1
372 0 0 31 1
1054 0 0 68 0
1147 0 0 74 1
640 0 0 40 1
792 0 0 48 0
891 0 0 54 1
510 0 0 30 1
1353 0 0 66 0
1476 0 0 72 1
819 0 0 39 1
1929378 0 0 81949 0
2181036 0 0 92638 1
2755 0 0 116 1
768 0 0 32 0
840 0 0 35 1
950 0 0 38 1
30258 0 0 1189 0
18450 0 0 725 1
728 0 0 28 1
1643 0 0 62 0
1802 0 0 68 1
7881 0 0 296 1
114480 0 0 4280 0
68688 0 0 2568 1
2889 0 0 108 1
65190 0 0 2430 0
71709 0 0 2673 1
972 0 0 36 1
85371 0 0 3159 0
50347 0 0 1863 1
59020 0 0 2106 1
6 5 4 4 1 51 0
0 0 0 7
1 0 9 6
2 1 4 0
3 0 0 1
4 4 1 2
3 1 7 2173 0 0 81 0 1 3 2
3 1 7 738 0 0 29 0 1 4 2
2 2 3 33 0 0 2 0 2 3 4
3 1 7 2862 0 0 107 1 3 4 2
4 1 15 2189 0 0 81 0 1 3 4 2
0 0 0 1 0
0 0 0 1 1
1 0 0 1 1
9 0 0 2 0
9 0 0 2 1
5 0 0 1 1
11 0 0 2 0
11 0 0 2 1
6 0 0 1 1
162 0 0 25 0
162 0 0 25 1
7 0 0 1 1
9 0 0 1 0
9 0 0 1 1
10 0 0 1 1
21 0 0 2 0
21 0 0 2 1
11 0 0 1 1
189 0 0 17 0
189 0 0 17 1
12 0 0 1 1
31 0 0 2 0
31 0 0 2 1
16 0 0 1 1
33 0 0 2 0
33 0 0 2 1
17 0 0 1 1
41 0 0 2 0
41 0 0 2 1
21 0 0 1 1
83886 0 0 3563 0
83886 0 0 3563 1
95 0 0 4 1
24 0 0 1 0
24 0 0 1 1
25 0 0 1 1
738 0 0 29 0
738 0 0 29 1
26 0 0 1 1
53 0 0 2 0
53 0 0 2 1
213 0 0 8 1
2862 0 0 107 0
2862 0 0 107 1
107 0 0 4 1
2173 0 0 81 0
2173 0 0 81 1
27 0 0 1 1
2189 0 0 81 0
2189 0 0 81 1
2270 0 0 81 1
7 5 4 4 1 51 0
4 4 1 2
3 0 0 1
2 1 4 0
1 0 9 6
0 0 0 7
3 1 7 37206 0 0 1391 1 3 4 2
2 2 3 198 0 0 12 0 2 3 4
3 1 7 11808 0 0 464 0 1 4 2
3 1 7 19557 0 0 729 0 1 3 2
4 1 15 26268 0 0 972 0 1 3 4 2
0 0 0 30 0
0 0 0 33 1
36 0 0 36 1
351 0 0 78 0
207 0 0 46 1
130 0 0 26 1
319 0 0 58 0
352 0 0 64 1
210 0 0 35 1
6156 0 0 950 0
6642 0 0 1025 1
175 0 0 25 1
252 0 0 28 0
279 0 0 31 1
340 0 0 34 1
777 0 0 74 0
840 0 0 80 1
264 0 0 24 1
5103 0 0 459 0
5670 0 0 510 1
396 0 0 33 1
1116 0 0 72 0
1209 0 0 78 1
368 0 0 23 1
858 0 0 52 0
957 0 0 58 1
544 0 0 32 1
1435 0 0 70 0
1558 0 0 76 1
861 0 0 41 1
2097150 0 0 89075 0
2348808 0 0 99764 1
2945 0 0 124 1
816 0 0 34 0
888 0 0 37 1
1000 0 0 40 1
17712 0 0 696 0
19926 0 0 783 1
780 0 0 30 1
1749 0 0 66 0
1908 0 0 72 1
8307 0 0 312 1
65826 0 0 2461 0
74412 0 0 2782 1
3103 0 0 116 1
69536 0 0 2592 0
76055 0 0 2835 1
1026 0 0 38 1
89749 0 0 3321 0
54725 0 0 2025 1
63560 0 0 2268 1
8 5 5 1 0 51 0
0 0 0 7
1 0 9 6
2 1 4 0
3 0 0 1
4 4 1 2
4 1 15 2189 0 0 81 0 1 3 4 2
0 0 0 1 0
0 0 0 1 1
1 0 0 1 1
9 0 0 2 0
9 0 0 2 1
5 0 0 1 1
11 0 0 2 0
11 0 0 2 1
6 0 0 1 1
162 0 0 25 0
162 0 0 25 1
7 0 0 1 1
9 0 0 1 0
9 0 0 1 1
10 0 0 1 1
21 0 0 2 0
21 0 0 2 1
11 0 0 1 1
189 0 0 17 0
189 0 0 17 1
12 0 0 1 1
31 0 0 2 0
31 0 0 2 1
16 0 0 1 1
33 0 0 2 0
33 0 0 2 1
17 0 0 1 1
41 0 0 2 0
41 0 0 2 1
21 0 0 1 1
83886 0 0 3563 0
83886 0 0 3563 1
95 0 0 4 1
24 0 0 1 0
24 0 0 1 1
25 0 0 1 1
738 0 0 29 0
738 0 0 29 1
26 0 0 1 1
53 0 0 2 0
53 0 0 2 1
213 0 0 8 1
2862 0 0 107 0
2862 0 0 107 1
107 0 0 4 1
2173 0 0 81 0
2173 0 0 81 1
27 0 0 1 1
2189 0 0 81 0
2189 0 0 81 1
2270 0 0 81 1
9 5 5 1 0 51 0
4 4 1 2
3 0 0 1
2 1 4 0
1 0 9 6
0 0 0 7
4 1 15 24079 0 0 891 0 1 3 4 2
0 0 0 32 0
0 0 0 35 1
38 0 0 38 1
369 0 0 82 0
225 0 0 50 1
140 0 0 28 1
341 0 0 62 0
374 0 0 68 1
222 0 0 37 1
6480 0 0 1000 0
3888 0 0 600 1
189 0 0 27 1
270 0 0 30 0
297 0 0 33 1
360 0 0 36 1
819 0 0 78 0
483 0 0 46 1
286 0 0 26 1
5481 0 0 493 0
6048 0 0 544 1
420 0 0 35 1
1178 0 0 76 0
1271 0 0 82 1
400 0 0 25 1
924 0 0 56 0
1023 0 0 62 1
578 0 0 34 1
1517 0 0 74 0
1640 0 0 80 1
504 0 0 24 1
2264922 0 0 96201 0
2516580 0 0 106890 1
3135 0 0 132 1
864 0 0 36 0
936 0 0 39 1
575 0 0 23 1
19188 0 0 754 0
21402 0 0 841 1
832 0 0 32 1
1855 0 0 70 0
2014 0 0 76 1
8733 0 0 328 1
71550 0 0 2675 0
80136 0 0 2996 1
3317 0 0 124 1
73882 0 0 2754 0
80401 0 0 2997 1
1080 0 0 40 1
52536 0 0 1944 0
59103 0 0 2187 1
68100 0 0 2430 1
10 5 1 0 7 51 0
4 0 0 7
3 0 9 6
2 1 4 0
1 0 0 1
0 4 1 2
2 0 3 9 0 0 2 0 1
2 0 3 11 0 0 2 0 2
2 0 3 21 0 0 2 0 4
2 0 3 9 0 0 2 1 2
2 0 3 9 0 0 1 1 4
2 0 3 31 0 0 2 2 3
2 0 3 41 0 0 2 3 4
0 0 0 1 0
0 0 0 1 1
1 0 0 1 1
9 0 0 2 0
9 0 0 2 1
5 0 0 1 1
11 0 0 2 0
11 0 0 2 1
6 0 0 1 1
162 0 0 25 0
162 0 0 25 1
7 0 0 1 1
9 0 0 1 0
9 0 0 1 1
10 0 0 1 1
21 0 0 2 0
21 0 0 2 1
11 0 0 1 1
189 0 0 17 0
189 0 0 17 1
12 0 0 1 1
31 0 0 2 0
31 0 0 2 1
16 0 0 1 1
33 0 0 2 0
33 0 0 2 1
17 0 0 1 1
41 0 0 2 0
41 0 0 2 1
21 0 0 1 1
83886 0 0 3563 0
83886 0 0 3563 1
95 0 0 4 1
24 0 0 1 0
24 0 0 1 1
25 0 0 1 1
738 0 0 29 0
738 0 0 29 1
26 0 0 1 1
53 0 0 2 0
53 0 0 2 1
213 0 0 8 1
2862 0 0 107 0
2862 0 0 107 1
107 0 0 4 1
2173 0 0 81 0
2173 0 0 81 1
27 0 0 1 1
2189 0 0 81 0
2189 0 0 81 1
2270 0 0 81 1
11 5 1 0 7 51 0
0 4 1 2
1 0 0 1
2 1 4 0
3 0 9 6
4 0 0 7
2 0 3 287 0 0 14 3 4
2 0 3 527 0 0 34 2 3
2 0 3 90 0 0 10 1 4
2 0 3 27 0 0 6 1 2
2 0 3 273 0 0 26 0 4
2 0 3 66 0 0 12 0 2
2 0 3 144 0 0 32 0 1
0 0 0 34 0
0 0 0 37 1
40 0 0 40 1
216 0 0 48 0
243 0 0 54 1
150 0 0 30 1
363 0 0 66 0
396 0 0 72 1
234 0 0 39 1
3726 0 0 575 0
4212 0 0 650 1
203 0 0 29 1
288 0 0 32 0
315 0 0 35 1
380 0 0 38 1
861 0 0 82 0
525 0 0 50 1
308 0 0 28 1
5859 0 0 527 0
6426 0 0 578 1
444 0 0 37 1
1240 0 0 80 0
744 0 0 48 1
432 0 0 27 1
990 0 0 60 0
1089 0 0 66 1
612 0 0 36 1
1599 0 0 78 0
943 0 0 46 1
546 0 0 26 1
2432694 0 0 103327 0
2684352 0 0 114016 1
3325 0 0 140 1
912 0 0 38 0
984 0 0 41 1
625 0 0 25 1
20664 0 0 812 0
22878 0 0 899 1
884 0 0 34 1
1961 0 0 74 0
2120 0 0 80 1
5112 0 0 192 1
77274 0 0 2889 0
85860 0 0 3210 1
3531 0 0 132 1
78228 0 0 2916 0
84747 0 0 3159 1
621 0 0 23 1
56914 0 0 2106 0
63481 0 0 2349 1
72640 0 0 2592 1
12 5 2 7 5 51 0
4 0 0 7
3 0 9 6
2 1 4 0
1 0 0 1
0 4 1 2
2 0 3 9 0 0 2 0 1
2 0 3 11 0 0 2 0 2
2 0 3 21 0 0 2 0 4
2 0 3 9 0 0 2 1 2
2 0 3 9 0 0 1 1 4
2 0 3 31 0 0 2 2 3
2 0 3 41 0 0 2 3 4
3 0 7 162 0 0 25 0 1 2
3 0 7 189 0 0 17 0 1 4
2 1 3 24 0 0 1 0 3 2
2 1 3 53 0 0 2 1 3 2
3 0 7 83886 0 0 3563 2 3 4
0 0 0 1 0
0 0 0 1 1
1 0 0 1 1
9 0 0 2 0
9 0 0 2 1
5 0 0 1 1
11 0 0 2 0
11 0 0 2 1
6 0 0 1 1
162 0 0 25 0
162 0 0 25 1
7 0 0 1 1
9 0 0 1 0
9 0 0 1 1
10 0 0 1 1
21 0 0 2 0
21 0 0 2 1
11 0 0 1 1
189 0 0 17 0
189 0 0 17 1
12 0 0 1 1
31 0 0 2 0
31 0 0 2 1
16 0 0 1 1
33 0 0 2 0
33 0 0 2 1
17 0 0 1 1
41 0 0 2 0
41 0 0 2 1
21 0 0 1 1
83886 0 0 3563 0
83886 0 0 3563 1
95 0 0 4 1
24 0 0 1 0
24 0 0 1 1
25 0 0 1 1
738 0 0 29 0
738 0 0 29 1
26 0 0 1 1
53 0 0 2 0
53 0 0 2 1
213 0 0 8 1
2862 0 0 107 0
2862 0 0 107 1
107 0 0 4 1
2173 0 0 81 0
2173 0 0 81 1
27 0 0 1 1
2189 0 0 81 0
2189 0 0 81 1
2270 0 0 81 1
13 5 2 7 5 51 0
0 4 1 2
1 0 0 1
2 1 4 0
3 0 9 6
4 0 0 7
2 0 3 246 0 0 12 3 4
2 0 3 496 0 0 32 2 3
2 0 3 81 0 0 9 1 4
2 0 3 18 0 0 4 1 2
2 0 3 252 0 0 24 0 4
2 0 3 55 0 0 10 0 2
2 0 3 135 0 0 30 0 1
3 0 7 1006632 0 0 42756 2 3 4
2 1 3 265 0 0 10 1 3 2
2 1 3 360 0 0 15 0 3 2
3 0 7 1512 0 0 136 0 1 4
3 0 7 2916 0 0 450 0 1 2
0 0 0 36 0
0 0 0 39 1
23 0 0 23 1
234 0 0 52 0
261 0 0 58 1
160 0 0 32 1
385 0 0 70 0
418 0 0 76 1
246 0 0 41 1
4050 0 0 625 0
4536 0 0 700 1
217 0 0 31 1
306 0 0 34 0
333 0 0 37 1
400 0 0 40 1
504 0 0 48 0
567 0 0 54 1
330 0 0 30 1
6237 0 0 561 0
6804 0 0 612 1
468 0 0 39 1
713 0 0 46 0
806 0 0 52 1
464 0 0 29 1
1056 0 0 64 0
1155 0 0 70 1
646 0 0 38 1
1681 0 0 82 0
1025 0 0 50 1
588 0 0 28 1
2600466 0 0 110453 0
2852124 0 0 121142 1
3515 0 0 148 1
960 0 0 40 0
576 0 0 24 1
675 0 0 27 1
22140 0 0 870 0
24354 0 0 957 1
936 0 0 36 1
2067 0 0 78 0
1219 0 0 46 1
5538 0 0 208 1
82998 0 0 3103 0
91584 0 0 3424 1
3745 0 0 140 1
82574 0 0 3078 0
89093 0 0 3321 1
675 0 0 25 1
61292 0 0 2268 0
67859 0 0 2511 1
77180 0 0 2754 1
14 5 3 5 4 51 0
4 0 0 7
3 0 9 6
2 1 4 0
1 0 0 1
0 4 1 2
3 0 7 162 0 0 25 0 1 2
3 0 7 189 0 0 17 0 1 4
2 1 3 24 0 0 1 0 3 2
2 1 3 53 0 0 2 1 3 2
3 0 7 83886 0 0 3563 2 3 4
3 1 7 2862 0 0 107 0 1 3 2
2 2 3 33 0 0 2 2 4 0 1
3 1 7 738 0 0 29 0 3 4 2
3 1 7 2173 0 0 81 1 3 4 2
0 0 0 1 0
0 0 0 1 1
1 0 0 1 1
9 0 0 2 0
9 0 0 2 1
5 0 0 1 1
11 0 0 2 0
11 0 0 2 1
6 0 0 1 1
162 0 0 25 0
162 0 0 25 1
7 0 0 1 1
9 0 0 1 0
9 0 0 1 1
10 0 0 1 1
21 0 0 2 0
21 0 0 2 1
11 0 0 1 1
189 0 0 17 0
189 0 0 17 1
12 0 0 1 1
31 0 0 2 0
31 0 0 2 1
16 0 0 1 1
33 0 0 2 0
33 0 0 2 1
17 0 0 1 1
41 0 0 2 0
41 0 0 2 1
21 0 0 1 1
83886 0 0 3563 0
83886 0 0 3563 1
95 0 0 4 1
24 0 0 1 0
24 0 0 1 1
25 0 0 1 1
738 0 0 29 0
738 0 0 29 1
26 0 0 1 1
53 0 0 2 0
53 0 0 2 1
213 0 0 8 1
2862 0 0 107 0
2862 0 0 107 1
107 0 0 4 1
2173 0 0 81 0
2173 0 0 81 1
27 0 0 1 1
2189 0 0 81 0
2189 0 0 81 1
2270 0 0 81 1
15 5 3 5 4 51 0
0 4 1 2
1 0 0 1
2 1 4 0
3 0 9 6
4 0 0 7
3 0 7 922746 0 0 39193 2 3 4
2 1 3 212 0 0 8 1 3 2
2 1 3 336 0 0 14 0 3 2
3 0 7 1323 0 0 119 0 1 4
3 0 7 2754 0 0 425 0 1 2
3 1 7 15211 0 0 567 1 3 4 2
3 1 7 12546 0 0 493 0 3 4 2
2 2 3 330 0 0 20 2 4 0 1
3 1 7 8586 0 0 321 0 1 3 2
0 0 0 38 0
0 0 0 41 1
25 0 0 25 1
252 0 0 56 0
279 0 0 62 1
170 0 0 34 1
407 0 0 74 0
440 0 0 80 1
144 0 0 24 1
4374 0 0 675 0
4860 0 0 750 1
231 0 0 33 1
324 0 0 36 0
351 0 0 39 1
230 0 0 23 1
546 0 0 52 0
609 0 0 58 1
352 0 0 32 1
6615 0 0 595 0
7182 0 0 646 1
492 0 0 41 1
775 0 0 50 0
868 0 0 56 1
496 0 0 31 1
1122 0 0 68 0
1221 0 0 74 1
680 0 0 40 1
984 0 0 48 0
1107 0 0 54 1
630 0 0 30 1
2768238 0 0 117579 0
3019896 0 0 128268 1
3705 0 0 156 1
552 0 0 23 0
624 0 0 26 1
725 0 0 29 1
23616 0 0 928 0
25830 0 0 1015 1
988 0 0 38 1
2173 0 0 82 0
1325 0 0 50 1
5964 0 0 224 1
88722 0 0 3317 0
97308 0 0 3638 1
3959 0 0 148 1
86920 0 0 3240 0
52152 0 0 1944 1
729 0 0 27 1
65670 0 0 2430 0
72237 0 0 2673 1
81720 0 0 2916 1
16 5 4 4 1 51 0
4 0 0 7
3 0 9 6
2 1 4 0
1 0 0 1
0 4 1 2
3 1 7 2862 0 0 107 0 1 3 2
2 2 3 33 0 0 2 2 4 0 1
3 1 7 738 0 0 29 0 3 4 2
3 1 7 2173 0 0 81 1 3 4 2
4 1 15 2189 0 0 81 0 1 3 4 2
0 0 0 1 0
0 0 0 1 1
1 0 0 1 1
9 0 0 2 0
9 0 0 2 1
5 0 0 1 1
11 0 0 2 0
11 0 0 2 1
6 0 0 1 1
162 0 0 25 0
162 0 0 25 1
7 0 0 1 1
9 0 0 1 0
9 0 0 1 1
10 0 0 1 1
21 0 0 2 0
21 0 0 2 1
11 0 0 1 1
189 0 0 17 0
189 0 0 17 1
12 0 0 1 1
31 0 0 2 0
31 0 0 2 1
16 0 0 1 1
33 0 0 2 0
33 0 0 2 1
17 0 0 1 1
41 0 0 2 0
41 0 0 2 1
21 0 0 1 1
83886 0 0 3563 0
83886 0 0 3563 1
95 0 0 4 1
24 0 0 1 0
24 0 0 1 1
25 0 0 1 1
738 0 0 29 0
738 0 0 29 1
26 0 0 1 1
53 0 0 2 0
53 0 0 2 1
213 0 0 8 1
2862 0 0 107 0
2862 0 0 107 1
107 0 0 4 1
2173 0 0 81 0
2173 0 0 81 1
27 0 0 1 1
2189 0 0 81 0
2189 0 0 81 1
2270 0 0 81 1
17 5 4 4 1 51 0
0 4 1 2
1 0 0 1
2 1 4 0
3 0 9 6
4 0 0 7
3 1 7 13038 0 0 486 1 3 4 2
3 1 7 11808 0 0 464 0 3 4 2
2 2 3 297 0 0 18 2 4 0 1
3 1 7 5724 0 0 214 0 1 3 2
4 1 15 10945 0 0 405 0 1 3 4 2
0 0 0 40 0
0 0 0 24 1
27 0 0 27 1
270 0 0 60 0
297 0 0 66 1
180 0 0 36 1
429 0 0 78 0
253 0 0 46 1
156 0 0 26 1
4698 0 0 725 0
5184 0 0 800 1
245 0 0 35 1
342 0 0 38 0
369 0 0 41 1
250 0 0 25 1
588 0 0 56 0
651 0 0 62 1
374 0 0 34 1
6993 0 0 629 0
7560 0 0 680 1
288 0 0 24 1
837 0 0 54 0
930 0 0 60 1
528 0 0 33 1
1188 0 0 72 0
1287 0 0 78 1
391 0 0 23 1
1066 0 0 52 0
1189 0 0 58 1
672 0 0 32 1
2936010 0 0 124705 0
3187668 0 0 135394 1
3895 0 0 164 1
600 0 0 25 0
672 0 0 28 1
775 0 0 31 1
25092 0 0 986 0
27306 0 0 1073 1
1040 0 0 40 1
1272 0 0 48 0
1431 0 0 54 1
6390 0 0 240 1
94446 0 0 3531 0
103032 0 0 3852 1
4173 0 0 156 1
49979 0 0 1863 0
56498 0 0 2106 1
783 0 0 29 1
70048 0 0 2592 0
76615 0 0 2835 1
86260 0 0 3078 1
18 5 5 1 0 51 0
4 0 0 7
3 0 9 6
2 1 4 0
1 0 0 1
0 4 1 2
4 1 15 2189 0 0 81 0 1 3 4 2
0 0 0 1 0
0 0 0 1 1
1 0 0 1 1
9 0 0 2 0
9 0 0 2 1
5 0 0 1 1
11 0 0 2 0
11 0 0 2 1
6 0 0 1 1
162 0 0 25 0
162 0 0 25 1
7 0 0 1 1
9 0 0 1 0
9 0 0 1 1
10 0 0 1 1
21 0 0 2 0
21 0 0 2 1
11 0 0 1 1
189 0 0 17 0
189 0 0 17 1
12 0 0 1 1
31 0 0 2 0
31 0 0 2 1
16 0 0 1 1
33 0 0 2 0
33 0 0 2 1
17 0 0 1 1
41 0 0 2 0
41 0 0 2 1
21 0 0 1 1
83886 0 0 3563 0
83886 0 0 3563 1
95 0 0 4 1
24 0 0 1 0
24 0 0 1 1
25 0 0 1 1
738 0 0 29 0
738 0 0 29 1
26 0 0 1 1
53 0 0 2 0
53 0 0 2 1
213 0 0 8 1
2862 0 0 107 0
2862 0 0 107 1
107 0 0 4 1
2173 0 0 81 0
2173 0 0 81 1
27 0 0 1 1
2189 0 0 81 0
2189 0 0 81 1
2270 0 0 81 1
19 5 5 1 0 51 0
0 4 1 2
1 0 0 1
2 1 4 0
3 0 9 6
4 0 0 7
4 1 15 8756 0 0 324 0 1 3 4 2
0 0 0 23 0
0 0 0 26 1
29 0 0 29 1
288 0 0 64 0
315 0 0 70 1
190 0 0 38 1
451 0 0 82 0
275 0 0 50 1
168 0 0 28 1
5022 0 0 775 0
5508 0 0 850 1
259 0 0 37 1
360 0 0 40 0
216 0 0 24 1
270 0 0 27 1
630 0 0 60 0
693 0 0 66 1
396 0 0 36 1
7371 0 0 663 0
4347 0 0 391 1
312 0 0 26 1
899 0 0 58 0
992 0 0 64 1
560 0 0 35 1
1254 0 0 76 0
1353 0 0 82 1
425 0 0 25 1
1148 0 0 56 0
1271 0 0 62 1
714 0 0 34 1
3103782 0 0 131831 0
3355440 0 0 142520 1
2280 0 0 96 1
648 0 0 27 0
720 0 0 30 1
825 0 0 33 1
26568 0 0 1044 0
28782 0 0 1131 1
598 0 0 23 1
1378 0 0 52 0
1537 0 0 58 1
6816 0 0 256 1
100170 0 0 3745 0
108756 0 0 4066 1
4387 0 0 164 1
54325 0 0 2025 0
60844 0 0 2268 1
837 0 0 31 1
74426 0 0 2754 0
80993 0 0 2997 1
90800 0 0 3240 1
20 4 1 0 5 24 0
0 0 0 7
1 1 4 0
2 0 0 1
3 4 1 2
2 0 3 9 0 0 1 0 2
2 0 3 21 0 0 2 0 3
2 0 3 9 0 0 2 1 2
2 0 3 11 0 0 2 1 3
2 0 3 9 0 0 2 2 3
0 0 0 1 0
0 0 0 1 1
1 0 0 1 1
9 0 0 2 0
9 0 0 2 1
5 0 0 1 1
11 0 0 2 0
11 0 0 2 1
6 0 0 1 1
162 0 0 25 0
162 0 0 25 1
7 0 0 1 1
9 0 0 1 0
9 0 0 1 1
10 0 0 1 1
21 0 0 2 0
21 0 0 2 1
11 0 0 1 1
189 0 0 17 0
189 0 0 17 1
12 0 0 1 1
33 0 0 2 0
33 0 0 2 1
35 0 0 2 1
21 4 1 0 5 24 0
3 4 1 2
2 0 0 1
1 1 4 0
0 0 0 7
2 0 3 27 0 0 6 2 3
2 0 3 143 0 0 26 1 3
2 0 3 54 0 0 12 1 2
2 0 3 336 0 0 32 0 3
2 0 3 81 0 0 9 0 2
0 0 0 25 0
0 0 0 28 1
31 0 0 31 1
306 0 0 68 0
333 0 0 74 1
200 0 0 40 1
264 0 0 48 0
297 0 0 54 1
180 0 0 30 1
5346 0 0 825 0
5832 0 0 900 1
273 0 0 39 1
207 0 0 23 0
234 0 0 26 1
290 0 0 29 1
672 0 0 64 0
735 0 0 70 1
418 0 0 38 1
7749 0 0 697 0
4725 0 0 425 1
336 0 0 28 1
1023 0 0 62 0
1122 0 0 68 1
1295 0 0 74 1
22 4 2 5 2 24 0
0 0 0 7
1 1 4 0
2 0 0 1
3 4 1 2
2 0 3 9 0 0 1 0 2
2 0 3 21 0 0 2 0 3
2 0 3 9 0 0 2 1 2
2 0 3 11 0 0 2 1 3
2 0 3 9 0 0 2 2 3
3 0 7 189 0 0 17 0 2 3
3 0 7 162 0 0 25 1 2 3
0 0 0 1 0
0 0 0 1 1
1 0 0 1 1
9 0 0 2 0
9 0 0 2 1
5 0 0 1 1
11 0 0 2 0
11 0 0 2 1
6 0 0 1 1
162 0 0 25 0
162 0 0 25 1
7 0 0 1 1
9 0 0 1 0
9 0 0 1 1
10 0 0 1 1
21 0 0 2 0
21 0 0 2 1
11 0 0 1 1
189 0 0 17 0
189 0 0 17 1
12 0 0 1 1
33 0 0 2 0
33 0 0 2 1
35 0 0 2 1
23 4 2 5 2 24 0
3 4 1 2
2 0 0 1
1 1 4 0
0 0 0 7
2 0 3 18 0 0 4 2 3
2 0 3 132 0 0 24 1 3
2 0 3 45 0 0 10 1 2
2 0 3 315 0 0 30 0 3
2 0 3 72 0 0 8 0 2
3 0 7 2916 0 0 450 1 2 3
3 0 7 2079 0 0 187 0 2 3
0 0 0 27 0
0 0 0 30 1
33 0 0 33 1
324 0 0 72 0
351 0 0 78 1
115 0 0 23 1
286 0 0 52 0
319 0 0 58 1
192 0 0 32 1
5670 0 0 875 0
6156 0 0 950 1
287 0 0 41 1
225 0 0 25 0
252 0 0 28 1
310 0 0 31 1
714 0 0 68 0
777 0 0 74 1
440 0 0 40 1
4536 0 0 408 0
5103 0 0 459 1
360 0 0 30 1
1089 0 0 66 0
1188 0 0 72 1
1365 0 0 78 1
24 4 3 2 1 24 0
0 0 0 7
1 1 4 0
2 0 0 1
3 4 1 2
3 0 7 189 0 0 17 0 2 3
3 0 7 162 0 0 25 1 2 3
2 2 3 33 0 0 2 0 1 2 3
0 0 0 1 0
0 0 0 1 1
1 0 0 1 1
9 0 0 2 0
9 0 0 2 1
5 0 0 1 1
11 0 0 2 0
11 0 0 2 1
6 0 0 1 1
162 0 0 25 0
162 0 0 25 1
7 0 0 1 1
9 0 0 1 0
9 0 0 1 1
10 0 0 1 1
21 0 0 2 0
21 0 0 2 1
11 0 0 1 1
189 0 0 17 0
189 0 0 17 1
12 0 0 1 1
33 0 0 2 0
33 0 0 2 1
35 0 0 2 1
25 4 3 2 1 24 0
3 4 1 2
2 0 0 1
1 1 4 0
0 0 0 7
3 0 7 2754 0 0 425 1 2 3
3 0 7 1890 0 0 170 0 2 3
2 2 3 429 0 0 26 0 1 2 3
0 0 0 29 0
0 0 0 32 1
35 0 0 35 1
342 0 0 76 0
369 0 0 82 1
125 0 0 25 1
308 0 0 56 0
341 0 0 62 1
204 0 0 34 1
5994 0 0 925 0
6480 0 0 1000 1
168 0 0 24 1
243 0 0 27 0
270 0 0 30 1
330 0 0 33 1
756 0 0 72 0
819 0 0 78 1
253 0 0 23 1
4914 0 0 442 0
5481 0 0 493 1
384 0 0 32 1
1155 0 0 70 0
1254 0 0 76 1
1435 0 0 82 1
26 4 4 1 0 24 0
0 0 0 7
1 1 4 0
2 0 0 1
3 4 1 2
2 2 3 33 0 0 2 0 1 2 3
0 0 0 1 0
0 0 0 1 1
1 0 0 1 1
9 0 0 2 0
9 0 0 2 1
5 0 0 1 1
11 0 0 2 0
11 0 0 2 1
6 0 0 1 1
162 0 0 25 0
162 0 0 25 1
7 0 0 1 1
9 0 0 1 0
9 0 0 1 1
10 0 0 1 1
21 0 0 2 0
21 0 0 2 1
11 0 0 1 1
189 0 0 17 0
189 0 0 17 1
12 0 0 1 1
33 0 0 2 0
33 0 0 2 1
35 0 0 2 1
27 4 4 1 0 24 0
3 4 1 2
2 0 0 1
1 1 4 0
0 0 0 7
2 2 3 396 0 0 24 0 1 2 3
0 0 0 31 0
0 0 0 34 1
37 0 0 37 1
360 0 0 80 0
216 0 0 48 1
135 0 0 27 1
330 0 0 60 0
363 0 0 66 1
216 0 0 36 1
6318 0 0 975 0
3726 0 0 575 1
182 0 0 26 1
261 0 0 29 0
288 0 0 32 1
350 0 0 35 1
798 0 0 76 0
861 0 0 82 1
275 0 0 25 1
5292 0 0 476 0
5859 0 0 527 1
408 0 0 34 1
1221 0 0 74 0
1320 0 0 80 1
840 0 0 48 1
28 4 1 0 5 24 0
3 0 0 7
2 1 4 0
1 0 0 1
0 4 1 2
2 0 3 9 0 0 2 0 1
2 0 3 11 0 0 2 0 2
2 0 3 21 0 0 2 0 3
2 0 3 9 0 0 2 1 2
2 0 3 9 0 0 1 1 3
0 0 0 1 0
0 0 0 1 1
1 0 0 1 1
9 0 0 2 0
9 0 0 2 1
5 0 0 1 1
11 0 0 2 0
11 0 0 2 1
6 0 0 1 1
162 0 0 25 0
162 0 0 25 1
7 0 0 1 1
9 0 0 1 0
9 0 0 1 1
10 0 0 1 1
21 0 0 2 0
21 0 0 2 1
11 0 0 1 1
189 0 0 17 0
189 0 0 17 1
12 0 0 1 1
33 0 0 2 0
33 0 0 2 1
35 0 0 2 1
29 4 1 0 5 24 0
0 4 1 2
1 0 0 1
2 1 4 0
3 0 0 7
2 0 3 99 0 0 11 1 3
2 0 3 36 0 0 8 1 2
2 0 3 294 0 0 28 0 3
2 0 3 77 0 0 14 0 2
2 0 3 153 0 0 34 0 1
0 0 0 33 0
0 0 0 36 1
39 0 0 39 1
207 0 0 46 0
234 0 0 52 1
145 0 0 29 1
352 0 0 64 0
385 0 0 70 1
228 0 0 38 1
6642 0 0 1025 0
4050 0 0 625 1
196 0 0 28 1
279 0 0 31 0
306 0 0 34 1
370 0 0 37 1
840 0 0 80 0
504 0 0 48 1
297 0 0 27 1
5670 0 0 510 0
6237 0 0 561 1
432 0 0 36 1
1287 0 0 78 0
759 0 0 46 1
910 0 0 52 1
30 4 2 5 2 24 0
3 0 0 7
2 1 4 0
1 0 0 1
0 4 1 2
2 0 3 9 0 0 2 0 1
2 0 3 11 0 0 2 0 2
2 0 3 21 0 0 2 0 3
2 0 3 9 0 0 2 1 2
2 0 3 9 0 0 1 1 3
3 0 7 162 0 0 25 0 1 2
3 0 7 189 0 0 17 0 1 3
0 0 0 1 0
0 0 0 1 1
1 0 0 1 1
9 0 0 2 0
9 0 0 2 1
5 0 0 1 1
11 0 0 2 0
11 0 0 2 1
6 0 0 1 1
162 0 0 25 0
162 0 0 25 1
7 0 0 1 1
9 0 0 1 0
9 0 0 1 1
10 0 0 1 1
21 0 0 2 0
21 0 0 2 1
11 0 0 1 1
189 0 0 17 0
189 0 0 17 1
12 0 0 1 1
33 0 0 2 0
33 0 0 2 1
35 0 0 2 1
31 4 2 5 2 24 0
0 4 1 2
1 0 0 1
2 1 4 0
3 0 0 7
2 0 3 90 0 0 10 1 3
2 0 3 27 0 0 6 1 2
2 0 3 273 0 0 26 0 3
2 0 3 66 0 0 12 0 2
2 0 3 144 0 0 32 0 1
3 0 7 1701 0 0 153 0 1 3
3 0 7 324 0 0 50 0 1 2
0 0 0 35 0
0 0 0 38 1
41 0 0 41 1
225 0 0 50 0
252 0 0 56 1
155 0 0 31 1
374 0 0 68 0
407 0 0 74 1
240 0 0 40 1
3888 0 0 600 0
4374 0 0 675 1
210 0 0 30 1
297 0 0 33 0
324 0 0 36 1
390 0 0 39 1
483 0 0 46 0
546 0 0 52 1
319 0 0 29 1
6048 0 0 544 0
6615 0 0 595 1
456 0 0 38 1
1353 0 0 82 0
825 0 0 50 1
980 0 0 56 1
32 4 3 2 1 24 0
3 0 0 7
2 1 4 0
1 0 0 1
0 4 1 2
3 0 7 162 0 0 25 0 1 2
3 0 7 189 0 0 17 0 1 3
2 2 3 33 0 0 2 2 3 0 1
0 0 0 1 0
0 0 0 1 1
1 0 0 1 1
9 0 0 2 0
9 0 0 2 1
5 0 0 1 1
11 0 0 2 0
11 0 0 2 1
6 0 0 1 1
162 0 0 25 0
162 0 0 25 1
7 0 0 1 1
9 0 0 1 0
9 0 0 1 1
10 0 0 1 1
21 0 0 2 0
21 0 0 2 1
11 0 0 1 1
189 0 0 17 0
189 0 0 17 1
12 0 0 1 1
33 0 0 2 0
33 0 0 2 1
35 0 0 2 1
33 4 3 2 1 24 0
0 4 1 2
1 0 0 1
2 1 4 0
3 0 0 7
3 0 7 1512 0 0 136 0 1 3
3 0 7 2916 0 0 450 0 1 2
2 2 3 132 0 0 8 2 3 0 1
0 0 0 37 0
0 0 0 40 1
24 0 0 24 1
243 0 0 54 0
270 0 0 60 1
165 0 0 33 1
396 0 0 72 0
429 0 0 78 1
138 0 0 23 1
4212 0 0 650 0
4698 0 0 725 1
224 0 0 32 1
315 0 0 35 0
342 0 0 38 1
410 0 0 41 1
525 0 0 50 0
588 0 0 56 1
341 0 0 31 1
6426 0 0 578 0
6993 0 0 629 1
480 0 0 40 1
792 0 0 48 0
891 0 0 54 1
1050 0 0 60 1
34 4 4 1 0 24 0
3 0 0 7
2 1 4 0
1 0 0 1
0 4 1 2
2 2 3 33 0 0 2 2 3 0 1
0 0 0 1 0
0 0 0 1 1
1 0 0 1 1
9 0 0 2 0
9 0 0 2 1
5 0 0 1 1
11 0 0 2 0
11 0 0 2 1
6 0 0 1 1
162 0 0 25 0
162 0 0 25 1
7 0 0 1 1
9 0 0 1 0
9 0 0 1 1
10 0 0 1 1
21 0 0 2 0
21 0 0 2 1
11 0 0 1 1
189 0 0 17 0
189 0 0 17 1
12 0 0 1 1
33 0 0 2 0
33 0 0 2 1
35 0 0 2 1
35 4 4 1 0 24 0
0 4 1 2
1 0 0 1
2 1 4 0
3 0 0 7
2 2 3 99 0 0 6 2 3 0 1
0 0 0 39 0
0 0 0 23 1
26 0 0 26 1
261 0 0 58 0
288 0 0 64 1
175 0 0 35 1
418 0 0 76 0
451 0 0 82 1
150 0 0 25 1
4536 0 0 700 0
5022 0 0 775 1
238 0 0 34 1
333 0 0 37 0
360 0 0 40 1
240 0 0 24 1
567 0 0 54 0
630 0 0 60 1
363 0 0 33 1
6804 0 0 612 0
7371 0 0 663 1
276 0 0 23 1
858 0 0 52 0
957 0 0 58 1
1120 0 0 64 1
36 7 1 0 6 66 0
0 0 0 0
1 1 1 1
2 2 4 8
3 3 9 27
4 4 16 64
5 5 25 125
6 6 36 216
2 0 3 3 0 0 4 0 1
2 0 3 59 0 0 4 1 2
2 0 3 387 0 0 4 2 3
2 0 3 1419 0 0 4 3 4
2 0 3 3803 0 0 4 4 5
2 0 3 8403 0 0 4 5 6
0 0 0 1 0
0 0 0 1 1
1 0 0 2 1
3 0 0 4 0
3 0 0 4 1
1 0 0 1 1
59 0 0 4 0
59 0 0 4 1
15 0 0 1 1
21 0 0 1 0
21 0 0 1 1
22 0 0 1 1
387 0 0 4 0
387 0 0 4 1
97 0 0 1 1
186 0 0 1 0
186 0 0 1 1
187 0 0 1 1
819 0 0 4 0
819 0 0 4 1
205 0 0 1 1
1419 0 0 4 0
1419 0 0 4 1
355 0 0 1 1
821 0 0 1 0
821 0 0 1 1
822 0 0 1 1
3803 0 0 4 0
3803 0 0 4 1
951 0 0 1 1
4203 0 0 4 0
4203 0 0 4 1
1051 0 0 1 1
1092 0 0 1 0
1092 0 0 1 1
1093 0 0 1 1
8403 0 0 4 0
8403 0 0 4 1
2101 0 0 1 1
2466 0 0 1 0
2466 0 0 1 1
2467 0 0 1 1
14139 0 0 4 0
14139 0 0 4 1
3535 0 0 1 1
3992 0 0 1 0
3992 0 0 1 1
3993 0 0 1 1
16275 0 0 4 0
16275 0 0 4 1
4069 0 0 1 1
5877 0 0 1 0
5877 0 0 1 1
5878 0 0 1 1
36459 0 0 4 0
36459 0 0 4 1
9115 0 0 1 1
11076 0 0 1 0
11076 0 0 1 1
11077 0 0 1 1
47475 0 0 4 0
47475 0 0 4 1
11869 0 0 1 1
11997 0 0 1 0
11997 0 0 1 1
11998 0 0 1 1
37 7 1 0 6 66 0
6 6 36 216
5 5 25 125
4 4 16 64
3 3 9 27
2 2 4 8
1 1 1 1
0 0 0 0
2 0 3 75627 0 0 36 5 6
2 0 3 7606 0 0 8 4 5
2 0 3 17028 0 0 48 3 4
2 0 3 1935 0 0 20 2 3
2 0 3 885 0 0 60 1 2
2 0 3 24 0 0 32 0 1
0 0 0 41 0
0 0 0 25 1
28 0 0 56 1
93 0 0 124 0
102 0 0 136 1
37 0 0 37 1
2360 0 0 160 0
1416 0 0 96 1
405 0 0 27 1
630 0 0 30 0
693 0 0 33 1
792 0 0 36 1
15093 0 0 156 0
8901 0 0 92 1
2522 0 0 26 1
5394 0 0 29 0
5952 0 0 32 1
6545 0 0 35 1
31122 0 0 152 0
33579 0 0 164 1
5125 0 0 25 1
39732 0 0 112 0
43989 0 0 124 1
12070 0 0 34 1
30377 0 0 37 0
32840 0 0 40 1
19728 0 0 24 1
102681 0 0 108 0
114090 0 0 120 1
31383 0 0 33 1
151308 0 0 144 0
163917 0 0 156 1
24173 0 0 23 1
28392 0 0 26 0
31668 0 0 29 1
34976 0 0 32 1
294105 0 0 140 0
319314 0 0 152 1
86141 0 0 41 1
61650 0 0 25 0
69048 0 0 28 1
76477 0 0 31 1
480726 0 0 136 0
523143 0 0 148 1
141400 0 0 40 1
95808 0 0 24 0
107784 0 0 27 1
119790 0 0 30 1
537075 0 0 132 0
585900 0 0 144 1
158691 0 0 39 1
135171 0 0 23 0
152802 0 0 26 1
170462 0 0 29 1
1166688 0 0 128 0
1276065 0 0 140 1
346370 0 0 38 1
454116 0 0 41 0
276900 0 0 25 1
310156 0 0 28 1
1471725 0 0 124 0
1614150 0 0 136 1
439153 0 0 37 1
479880 0 0 40 0
287928 0 0 24 1
323946 0 0 27 1
38 7 2 6 5 66 0
0 0 0 0
1 1 1 1
2 2 4 8
3 3 9 27
4 4 16 64
5 5 25 125
6 6 36 216
2 0 3 3 0 0 4 0 1
2 0 3 59 0 0 4 1 2
2 0 3 387 0 0 4 2 3
2 0 3 1419 0 0 4 3 4
2 0 3 3803 0 0 4 4 5
2 0 3 8403 0 0 4 5 6
2 1 3 21 0 0 1 0 2 1
2 1 3 186 0 0 1 1 3 2
2 1 3 821 0 0 1 2 4 3
2 1 3 2466 0 0 1 3 5 4
2 1 3 5877 0 0 1 4 6 5
0 0 0 1 0
0 0 0 1 1
1 0 0 2 1
3 0 0 4 0
3 0 0 4 1
1 0 0 1 1
59 0 0 4 0
59 0 0 4 1
15 0 0 1 1
21 0 0 1 0
21 0 0 1 1
22 0 0 1 1
387 0 0 4 0
387 0 0 4 1
97 0 0 1 1
186 0 0 1 0
186 0 0 1 1
187 0 0 1 1
819 0 0 4 0
819 0 0 4 1
205 0 0 1 1
1419 0 0 4 0
1419 0 0 4 1
355 0 0 1 1
821 0 0 1 0
821 0 0 1 1
822 0 0 1 1
3803 0 0 4 0
3803 0 0 4 1
951 0 0 1 1
4203 0 0 4 0
4203 0 0 4 1
1051 0 0 1 1
1092 0 0 1 0
1092 0 0 1 1
1093 0 0 1 1
8403 0 0 4 0
8403 0 0 4 1
2101 0 0 1 1
2466 0 0 1 0
2466 0 0 1 1
2467 0 0 1 1
14139 0 0 4 0
14139 0 0 4 1
3535 0 0 1 1
3992 0 0 1 0
3992 0 0 1 1
3993 0 0 1 1
16275 0 0 4 0
16275 0 0 4 1
4069 0 0 1 1
5877 0 0 1 0
5877 0 0 1 1
5878 0 0 1 1
36459 0 0 4 0
36459 0 0 4 1
9115 0 0 1 1
11076 0 0 1 0
11076 0 0 1 1
11077 0 0 1 1
47475 0 0 4 0
47475 0 0 4 1
11869 0 0 1 1
11997 0 0 1 0
11997 0 0 1 1
11998 0 0 1 1
39 7 2 6 5 66 0
6 6 36 216
5 5 25 125
4 4 16 64
3 3 9 27
2 2 4 8
1 1 1 1
0 0 0 0
2 0 3 67224 0 0 32 5 6
2 0 3 68454 0 0 72 4 5
2 0 3 15609 0 0 44 3 4
2 0 3 1548 0 0 16 2 3
2 0 3 826 0 0 56 1 2
2 0 3 21 0 0 28 0 1
2 1 3 23508 0 0 4 4 6 5
2 1 3 34524 0 0 14 3 5 4
2 1 3 5747 0 0 7 2 4 3
2 1 3 3162 0 0 17 1 3 2
2 1 3 210 0 0 10 0 2 1
0 0 0 24 0
0 0 0 27 1
30 0 0 60 1
99 0 0 132 0
108 0 0 144 1
39 0 0 39 1
1357 0 0 92 0
1534 0 0 104 1
435 0 0 29 1
672 0 0 32 0
735 0 0 35 1
836 0 0 38 1
15867 0 0 164 0
9675 0 0 100 1
2716 0 0 28 1
5766 0 0 31 0
6324 0 0 34 1
6919 0 0 37 1
32760 0 0 160 0
19656 0 0 96 1
5535 0 0 27 1
42570 0 0 120 0
46827 0 0 132 1
12780 0 0 36 1
32019 0 0 39 0
18883 0 0 23 1
21372 0 0 26 1
110287 0 0 116 0
121696 0 0 128 1
33285 0 0 35 1
159714 0 0 152 0
172323 0 0 164 1
26275 0 0 25 1
30576 0 0 28 0
33852 0 0 31 1
37162 0 0 34 1
310911 0 0 148 0
336120 0 0 160 1
50424 0 0 24 1
66582 0 0 27 0
73980 0 0 30 1
81411 0 0 33 1
509004 0 0 144 0
551421 0 0 156 1
81305 0 0 23 1
103792 0 0 26 0
115768 0 0 29 1
127776 0 0 32 1
569625 0 0 140 0
618450 0 0 152 1
166829 0 0 41 1
146925 0 0 25 0
164556 0 0 28 1
182218 0 0 31 1
1239606 0 0 136 0
1348983 0 0 148 1
364600 0 0 40 1
265824 0 0 24 0
299052 0 0 27 1
332310 0 0 30 1
1566675 0 0 132 0
1709100 0 0 144 1
462891 0 0 39 1
275931 0 0 23 0
311922 0 0 26 1
347942 0 0 29 1
40 7 3 5 4 66 0
0 0 0 0
1 1 1 1
2 2 4 8
3 3 9 27
4 4 16 64
5 5 25 125
6 6 36 216
2 1 3 21 0 0 1 0 2 1
2 1 3 186 0 0 1 1 3 2
2 1 3 821 0 0 1 2 4 3
2 1 3 2466 0 0 1 3 5 4
2 1 3 5877 0 0 1 4 6 5
2 2 3 819 0 0 4 0 3 1 2
2 2 3 4203 0 0 4 1 4 2 3
2 2 3 14139 0 0 4 2 5 3 4
2 2 3 36459 0 0 4 3 6 4 5
0 0 0 1 0
0 0 0 1 1
1 0 0 2 1
3 0 0 4 0
3 0 0 4 1
1 0 0 1 1
59 0 0 4 0
59 0 0 4 1
15 0 0 1 1
21 0 0 1 0
21 0 0 1 1
22 0 0 1 1
387 0 0 4 0
387 0 0 4 1
97 0 0 1 1
186 0 0 1 0
186 0 0 1 1
187 0 0 1 1
819 0 0 4 0
819 0 0 4 1
205 0 0 1 1
1419 0 0 4 0
1419 0 0 4 1
355 0 0 1 1
821 0 0 1 0
821 0 0 1 1
822 0 0 1 1
3803 0 0 4 0
3803 0 0 4 1
951 0 0 1 1
4203 0 0 4 0
4203 0 0 4 1
1051 0 0 1 1
1092 0 0 1 0
1092 0 0 1 1
1093 0 0 1 1
8403 0 0 4 0
8403 0 0 4 1
2101 0 0 1 1
2466 0 0 1 0
2466 0 0 1 1
2467 0 0 1 1
14139 0 0 4 0
14139 0 0 4 1
3535 0 0 1 1
3992 0 0 1 0
3992 0 0 1 1
3993 0 0 1 1
16275 0 0 4 0
16275 0 0 4 1
4069 0 0 1 1
5877 0 0 1 0
5877 0 0 1 1
5878 0 0 1 1
36459 0 0 4 0
36459 0 0 4 1
9115 0 0 1 1
11076 0 0 1 0
11076 0 0 1 1
11077 0 0 1 1
47475 0 0 4 0
47475 0 0 4 1
11869 0 0 1 1
11997 0 0 1 0
11997 0 0 1 1
11998 0 0 1 1
41 7 3 5 4 66 0
6 6 36 216
5 5 25 125
4 4 16 64
3 3 9 27
2 2 4 8
1 1 1 1
0 0 0 0
2 1 3 17631 0 0 3 4 6 5
2 1 3 32058 0 0 13 3 5 4
2 1 3 4926 0 0 6 2 4 3
2 1 3 2976 0 0 16 1 3 2
2 1 3 189 0 0 9 0 2 1
2 2 3 583344 0 0 64 3 6 4 5
2 2 3 127251 0 0 36 2 5 3 4
2 2 3 8406 0 0 8 1 4 2 3
2 2 3 9828 0 0 48 0 3 1 2
0 0 0 26 0
0 0 0 29 1
32 0 0 64 1
105 0 0 140 0
114 0 0 152 1
41 0 0 41 1
1475 0 0 100 0
1652 0 0 112 1
465 0 0 31 1
714 0 0 34 0
777 0 0 37 1
880 0 0 40 1
9288 0 0 96 0
10449 0 0 108 1
2910 0 0 30 1
6138 0 0 33 0
6696 0 0 36 1
7293 0 0 39 1
18837 0 0 92 0
21294 0 0 104 1
5945 0 0 29 1
45408 0 0 128 0
49665 0 0 140 1
13490 0 0 38 1
33661 0 0 41 0
20525 0 0 25 1
23016 0 0 28 1
117893 0 0 124 0
129302 0 0 136 1
35187 0 0 37 1
168120 0 0 160 0
100872 0 0 96 1
28377 0 0 27 1
32760 0 0 30 0
36036 0 0 33 1
39348 0 0 36 1
327717 0 0 156 0
193269 0 0 92 1
54626 0 0 26 1
71514 0 0 29 0
78912 0 0 32 1
86345 0 0 35 1
537282 0 0 152 0
579699 0 0 164 1
88375 0 0 25 1
111776 0 0 28 0
123752 0 0 31 1
135762 0 0 34 1
602175 0 0 148 0
651000 0 0 160 1
97656 0 0 24 1
158679 0 0 27 0
176310 0 0 30 1
193974 0 0 33 1
1312524 0 0 144 0
1421901 0 0 156 1
209645 0 0 23 1
287976 0 0 26 0
321204 0 0 29 1
354464 0 0 32 1
1661625 0 0 140 0
1804050 0 0 152 1
486629 0 0 41 1
299925 0 0 25 0
335916 0 0 28 1
371938 0 0 31 1
42 7 4 4 3 66 0
0 0 0 0
1 1 1 1
2 2 4 8
3 3 9 27
4 4 16 64
5 5 25 125
6 6 36 216
2 2 3 819 0 0 4 0 3 1 2
2 2 3 4203 0 0 4 1 4 2 3
2 2 3 14139 0 0 4 2 5 3 4
2 2 3 36459 0 0 4 3 6 4 5
2 3 3 1092 0 0 1 0 4 1 2 3
2 3 3 3992 0 0 1 1 5 2 3 4
2 3 3 11076 0 0 1 2 6 3 4 5
0 0 0 1 0
0 0 0 1 1
1 0 0 2 1
3 0 0 4 0
3 0 0 4 1
1 0 0 1 1
59 0 0 4 0
59 0 0 4 1
15 0 0 1 1
21 0 0 1 0
21 0 0 1 1
22 0 0 1 1
387 0 0 4 0
387 0 0 4 1
97 0 0 1 1
186 0 0 1 0
186 0 0 1 1
187 0 0 1 1
819 0 0 4 0
819 0 0 4 1
205 0 0 1 1
1419 0 0 4 0
1419 0 0 4 1
355 0 0 1 1
821 0 0 1 0
821 0 0 1 1
822 0 0 1 1
3803 0 0 4 0
3803 0 0 4 1
951 0 0 1 1
4203 0 0 4 0
4203 0 0 4 1
1051 0 0 1 1
1092 0 0 1 0
1092 0 0 1 1
1093 0 0 1 1
8403 0 0 4 0
8403 0 0 4 1
2101 0 0 1 1
2466 0 0 1 0
2466 0 0 1 1
2467 0 0 1 1
14139 0 0 4 0
14139 0 0 4 1
3535 0 0 1 1
3992 0 0 1 0
3992 0 0 1 1
3993 0 0 1 1
16275 0 0 4 0
16275 0 0 4 1
4069 0 0 1 1
5877 0 0 1 0
5877 0 0 1 1
5878 0 0 1 1
36459 0 0 4 0
36459 0 0 4 1
9115 0 0 1 1
11076 0 0 1 0
11076 0 0 1 1
11077 0 0 1 1
47475 0 0 4 0
47475 0 0 4 1
11869 0 0 1 1
11997 0 0 1 0
11997 0 0 1 1
11998 0 0 1 1
43 7 4 4 3 66 0
6 6 36 216
5 5 25 125
4 4 16 64
3 3 9 27
2 2 4 8
1 1 1 1
0 0 0 0
2 2 3 546885 0 0 60 3 6 4 5
2 2 3 113112 0 0 32 2 5 3 4
2 2 3 75654 0 0 72 1 4 2 3
2 2 3 9009 0 0 44 0 3 1 2
2 3 3 121836 0 0 11 2 6 3 4 5
2 3 3 15968 0 0 4 1 5 2 3 4
2 3 3 15288 0 0 14 0 4 1 2 3
0 0 0 28 0
0 0 0 31 1
34 0 0 68 1
111 0 0 148 0
120 0 0 160 1
24 0 0 24 1
1593 0 0 108 0
1770 0 0 120 1
495 0 0 33 1
756 0 0 36 0
819 0 0 39 1
506 0 0 23 1
10062 0 0 104 0
11223 0 0 116 1
3104 0 0 32 1
6510 0 0 35 0
7068 0 0 38 1
7667 0 0 41 1
20475 0 0 100 0
22932 0 0 112 1
6355 0 0 31 1
48246 0 0 136 0
52503 0 0 148 1
14200 0 0 40 1
19704 0 0 24 0
22167 0 0 27 1
24660 0 0 30 1
125499 0 0 132 0
136908 0 0 144 1
37089 0 0 39 1
96669 0 0 92 0
109278 0 0 104 1
30479 0 0 29 1
34944 0 0 32 0
38220 0 0 35 1
41534 0 0 38 1
344523 0 0 164 0
210075 0 0 100 1
58828 0 0 28 1
76446 0 0 31 0
83844 0 0 34 1
91279 0 0 37 1
565560 0 0 160 0
339336 0 0 96 1
95445 0 0 27 1
119760 0 0 30 0
131736 0 0 33 1
143748 0 0 36 1
634725 0 0 156 0
374325 0 0 92 1
105794 0 0 26 1
170433 0 0 29 0
188064 0 0 32 1
205730 0 0 35 1
1385442 0 0 152 0
1494819 0 0 164 1
227875 0 0 25 1
310128 0 0 28 0
343356 0 0 31 1
376618 0 0 34 1
1756575 0 0 148 0
1899000 0 0 160 1
284856 0 0 24 1
323919 0 0 27 0
359910 0 0 30 1
395934 0 0 33 1
44 7 5 3 2 66 0
0 0 0 0
1 1 1 1
2 2 4 8
3 3 9 27
4 4 16 64
5 5 25 125
6 6 36 216
2 3 3 1092 0 0 1 0 4 1 2 3
2 3 3 3992 0 0 1 1 5 2 3 4
2 3 3 11076 0 0 1 2 6 3 4 5
2 4 3 16275 0 0 4 0 5 1 2 3 4
2 4 3 47475 0 0 4 1 6 2 3 4 5
0 0 0 1 0
0 0 0 1 1
1 0 0 2 1
3 0 0 4 0
3 0 0 4 1
1 0 0 1 1
59 0 0 4 0
59 0 0 4 1
15 0 0 1 1
21 0 0 1 0
21 0 0 1 1
22 0 0 1 1
387 0 0 4 0
387 0 0 4 1
97 0 0 1 1
186 0 0 1 0
186 0 0 1 1
187 0 0 1 1
819 0 0 4 0
819 0 0 4 1
205 0 0 1 1
1419 0 0 4 0
1419 0 0 4 1
355 0 0 1 1
821 0 0 1 0
821 0 0 1 1
822 0 0 1 1
3803 0 0 4 0
3803 0 0 4 1
951 0 0 1 1
4203 0 0 4 0
4203 0 0 4 1
1051 0 0 1 1
1092 0 0 1 0
1092 0 0 1 1
1093 0 0 1 1
8403 0 0 4 0
8403 0 0 4 1
2101 0 0 1 1
2466 0 0 1 0
2466 0 0 1 1
2467 0 0 1 1
14139 0 0 4 0
14139 0 0 4 1
3535 0 0 1 1
3992 0 0 1 0
3992 0 0 1 1
3993 0 0 1 1
16275 0 0 4 0
16275 0 0 4 1
4069 0 0 1 1
5877 0 0 1 0
5877 0 0 1 1
5878 0 0 1 1
36459 0 0 4 0
36459 0 0 4 1
9115 0 0 1 1
11076 0 0 1 0
11076 0 0 1 1
11077 0 0 1 1
47475 0 0 4 0
47475 0 0 4 1
11869 0 0 1 1
11997 0 0 1 0
11997 0 0 1 1
11998 0 0 1 1
45 7 5 3 2 66 0
6 6 36 216
5 5 25 125
4 4 16 64
3 3 9 27
2 2 4 8
1 1 1 1
0 0 0 0
2 3 3 110760 0 0 10 2 6 3 4 5
2 3 3 11976 0 0 3 1 5 2 3 4
2 3 3 14196 0 0 13 0 4 1 2 3
2 4 3 284850 0 0 24 1 6 2 3 4 5
2 4 3 260400 0 0 64 0 5 1 2 3 4
0 0 0 30 0
0 0 0 33 1
36 0 0 72 1
117 0 0 156 0
69 0 0 92 1
26 0 0 26 1
1711 0 0 116 0
1888 0 0 128 1
525 0 0 35 1
798 0 0 38 0
861 0 0 41 1
550 0 0 25 1
10836 0 0 112 0
11997 0 0 124 1
3298 0 0 34 1
6882 0 0 37 0
7440 0 0 40 1
4488 0 0 24 1
22113 0 0 108 0
24570 0 0 120 1
6765 0 0 33 1
51084 0 0 144 0
55341 0 0 156 1
8165 0 0 23 1
21346 0 0 26 0
23809 0 0 29 1
26304 0 0 32 1
133105 0 0 140 0
144514 0 0 152 1
38991 0 0 41 1
105075 0 0 100 0
117684 0 0 112 1
32581 0 0 31 1
37128 0 0 34 0
40404 0 0 37 1
43720 0 0 40 1
201672 0 0 96 0
226881 0 0 108 1
63030 0 0 30 1
81378 0 0 33 0
88776 0 0 36 1
96213 0 0 39 1
325197 0 0 92 0
367614 0 0 104 1
102515 0 0 29 1
127744 0 0 32 0
139720 0 0 35 1
151734 0 0 38 1
667275 0 0 164 0
406875 0 0 100 1
113932 0 0 28 1
182187 0 0 31 0
199818 0 0 34 1
217486 0 0 37 1
1458360 0 0 160 0
875016 0 0 96 1
246105 0 0 27 1
332280 0 0 30 0
365508 0 0 33 1
398772 0 0 36 1
1851525 0 0 156 0
1091925 0 0 92 1
308594 0 0 26 1
347913 0 0 29 0
383904 0 0 32 1
419930 0 0 35 1
46 7 6 2 1 66 0
0 0 0 0
1 1 1 1
2 2 4 8
3 3 9 27
4 4 16 64
5 5 25 125
6 6 36 216
2 4 3 16275 0 0 4 0 5 1 2 3 4
2 4 3 47475 0 0 4 1 6 2 3 4 5
2 5 3 11997 0 0 1 0 6 1 2 3 4 5
0 0 0 1 0
0 0 0 1 1
1 0 0 2 1
3 0 0 4 0
3 0 0 4 1
1 0 0 1 1
59 0 0 4 0
59 0 0 4 1
15 0 0 1 1
21 0 0 1 0
21 0 0 1 1
22 0 0 1 1
387 0 0 4 0
387 0 0 4 1
97 0 0 1 1
186 0 0 1 0
186 0 0 1 1
187 0 0 1 1
819 0 0 4 0
819 0 0 4 1
205 0 0 1 1
1419 0 0 4 0
1419 0 0 4 1
355 0 0 1 1
821 0 0 1 0
821 0 0 1 1
822 0 0 1 1
3803 0 0 4 0
3803 0 0 4 1
951 0 0 1 1
4203 0 0 4 0
4203 0 0 4 1
1051 0 0 1 1
1092 0 0 1 0
1092 0 0 1 1
1093 0 0 1 1
8403 0 0 4 0
8403 0 0 4 1
2101 0 0 1 1
2466 0 0 1 0
2466 0 0 1 1
2467 0 0 1 1
14139 0 0 4 0
14139 0 0 4 1
3535 0 0 1 1
3992 0 0 1 0
3992 0 0 1 1
3993 0 0 1 1
16275 0 0 4 0
16275 0 0 4 1
4069 0 0 1 1
5877 0 0 1 0
5877 0 0 1 1
5878 0 0 1 1
36459 0 0 4 0
36459 0 0 4 1
9115 0 0 1 1
11076 0 0 1 0
11076 0 0 1 1
11077 0 0 1 1
47475 0 0 4 0
47475 0 0 4 1
11869 0 0 1 1
11997 0 0 1 0
11997 0 0 1 1
11998 0 0 1 1
47 7 6 2 1 66 0
6 6 36 216
5 5 25 125
4 4 16 64
3 3 9 27
2 2 4 8
1 1 1 1
0 0 0 0
2 4 3 237375 0 0 20 1 6 2 3 4 5
2 4 3 244125 0 0 60 0 5 1 2 3 4
2 5 3 215946 0 0 18 0 6 1 2 3 4 5
0 0 0 32 0
0 0 0 35 1
38 0 0 76 1
123 0 0 164 0
75 0 0 100 1
28 0 0 28 1
1829 0 0 124 0
2006 0 0 136 1
555 0 0 37 1
840 0 0 40 0
504 0 0 24 1
594 0 0 27 1
11610 0 0 120 0
12771 0 0 132 1
3492 0 0 36 1
7254 0 0 39 0
4278 0 0 23 1
4862 0 0 26 1
23751 0 0 116 0
26208 0 0 128 1
7175 0 0 35 1
53922 0 0 152 0
58179 0 0 164 1
8875 0 0 25 1
22988 0 0 28 0
25451 0 0 31 1
27948 0 0 34 1
140711 0 0 148 0
152120 0 0 160 1
22824 0 0 24 1
113481 0 0 108 0
126090 0 0 120 1
34683 0 0 33 1
39312 0 0 36 0
42588 0 0 39 1
25139 0 0 23 1
218478 0 0 104 0
243687 0 0 116 1
67232 0 0 32 1
86310 0 0 35 0
93708 0 0 38 1
101147 0 0 41 1
353475 0 0 100 0
395892 0 0 112 1
109585 0 0 31 1
135728 0 0 34 0
147704 0 0 37 1
159720 0 0 40 1
390600 0 0 96 0
439425 0 0 108 1
122070 0 0 30 1
193941 0 0 33 0
211572 0 0 36 1
229242 0 0 39 1
838557 0 0 92 0
947934 0 0 104 1
264335 0 0 29 1
354432 0 0 32 0
387660 0 0 35 1
420926 0 0 38 1
1946475 0 0 164 0
1186875 0 0 100 1
332332 0 0 28 1
371907 0 0 31 0
407898 0 0 34 1
443926 0 0 37 1
48 7 7 1 0 66 0
0 0 0 0
1 1 1 1
2 2 4 8
3 3 9 27
4 4 16 64
5 5 25 125
6 6 36 216
2 5 3 11997 0 0 1 0 6 1 2 3 4 5
0 0 0 1 0
0 0 0 1 1
1 0 0 2 1
3 0 0 4 0
3 0 0 4 1
1 0 0 1 1
59 0 0 4 0
59 0 0 4 1
15 0 0 1 1
21 0 0 1 0
21 0 0 1 1
22 0 0 1 1
387 0 0 4 0
387 0 0 4 1
97 0 0 1 1
186 0 0 1 0
186 0 0 1 1
187 0 0 1 1
819 0 0 4 0
819 0 0 4 1
205 0 0 1 1
1419 0 0 4 0
1419 0 0 4 1
355 0 0 1 1
821 0 0 1 0
821 0 0 1 1
822 0 0 1 1
3803 0 0 4 0
3803 0 0 4 1
951 0 0 1 1
4203 0 0 4 0
4203 0 0 4 1
1051 0 0 1 1
1092 0 0 1 0
1092 0 0 1 1
1093 0 0 1 1
8403 0 0 4 0
8403 0 0 4 1
2101 0 0 1 1
2466 0 0 1 0
2466 0 0 1 1
2467 0 0 1 1
14139 0 0 4 0
14139 0 0 4 1
3535 0 0 1 1
3992 0 0 1 0
3992 0 0 1 1
3993 0 0 1 1
16275 0 0 4 0
16275 0 0 4 1
4069 0 0 1 1
5877 0 0 1 0
5877 0 0 1 1
5878 0 0 1 1
36459 0 0 4 0
36459 0 0 4 1
9115 0 0 1 1
11076 0 0 1 0
11076 0 0 1 1
11077 0 0 1 1
47475 0 0 4 0
47475 0 0 4 1
11869 0 0 1 1
11997 0 0 1 0
11997 0 0 1 1
11998 0 0 1 1
49 7 7 1 0 66 0
6 6 36 216
5 5 25 125
4 4 16 64
3 3 9 27
2 2 4 8
1 1 1 1
0 0 0 0
2 5 3 203949 0 0 17 0 6 1 2 3 4 5
0 0 0 34 0
0 0 0 37 1
40 0 0 80 1
72 0 0 96 0
81 0 0 108 1
30 0 0 30 1
1947 0 0 132 0
2124 0 0 144 1
585 0 0 39 1
483 0 0 23 0
546 0 0 26 1
638 0 0 29 1
12384 0 0 128 0
13545 0 0 140 1
3686 0 0 38 1
7626 0 0 41 0
4650 0 0 25 1
5236 0 0 28 1
25389 0 0 124 0
27846 0 0 136 1
7585 0 0 37 1
56760 0 0 160 0
34056 0 0 96 1
9585 0 0 27 1
24630 0 0 30 0
27093 0 0 33 1
29592 0 0 36 1
148317 0 0 156 0
87469 0 0 92 1
24726 0 0 26 1
121887 0 0 116 0
134496 0 0 128 1
36785 0 0 35 1
41496 0 0 38 0
44772 0 0 41 1
27325 0 0 25 1
235284 0 0 112 0
260493 0 0 124 1
71434 0 0 34 1
91242 0 0 37 0
98640 0 0 40 1
59208 0 0 24 1
381753 0 0 108 0
424170 0 0 120 1
116655 0 0 33 1
143712 0 0 36 0
155688 0 0 39 1
91839 0 0 23 1
423150 0 0 104 0
471975 0 0 116 1
130208 0 0 32 1
205695 0 0 35 0
223326 0 0 38 1
240998 0 0 41 1
911475 0 0 100 0
1020852 0 0 112 1
282565 0 0 31 1
376584 0 0 34 0
409812 0 0 37 1
443080 0 0 40 1
1139400 0 0 96 0
1281825 0 0 108 1
356070 0 0 30 1
395901 0 0 33 0
431892 0 0 36 1
467922 0 0 39 1
50 7 1 0 6 66 0
6 0 0 0
5 1 1 1
4 2 4 8
3 3 9 27
2 4 16 64
1 5 25 125
0 6 36 216
2 0 3 8403 0 0 4 0 1
2 0 3 3803 0 0 4 1 2
2 0 3 1419 0 0 4 2 3
2 0 3 387 0 0 4 3 4
2 0 3 59 0 0 4 4 5
2 0 3 3 0 0 4 5 6
0 0 0 1 0
0 0 0 1 1
1 0 0 2 1
3 0 0 4 0
3 0 0 4 1
1 0 0 1 1
59 0 0 4 0
59 0 0 4 1
15 0 0 1 1
21 0 0 1 0
21 0 0 1 1
22 0 0 1 1
387 0 0 4 0
387 0 0 4 1
97 0 0 1 1
186 0 0 1 0
186 0 0 1 1
187 0 0 1 1
819 0 0 4 0
819 0 0 4 1
205 0 0 1 1
1419 0 0 4 0
1419 0 0 4 1
355 0 0 1 1
821 0 0 1 0
821 0 0 1 1
822 0 0 1 1
3803 0 0 4 0
3803 0 0 4 1
951 0 0 1 1
4203 0 0 4 0
4203 0 0 4 1
1051 0 0 1 1
1092 0 0 1 0
1092 0 0 1 1
1093 0 0 1 1
8403 0 0 4 0
8403 0 0 4 1
2101 0 0 1 1
2466 0 0 1 0
2466 0 0 1 1
2467 0 0 1 1
14139 0 0 4 0
14139 0 0 4 1
3535 0 0 1 1
3992 0 0 1 0
3992 0 0 1 1
3993 0 0 1 1
16275 0 0 4 0
16275 0 0 4 1
4069 0 0 1 1
5877 0 0 1 0
5877 0 0 1 1
5878 0 0 1 1
36459 0 0 4 0
36459 0 0 4 1
9115 0 0 1 1
11076 0 0 1 0
11076 0 0 1 1
11077 0 0 1 1
47475 0 0 4 0
47475 0 0 4 1
11869 0 0 1 1
11997 0 0 1 0
11997 0 0 1 1
11998 0 0 1 1
51 7 1 0 6 66 0
0 6 36 216
1 5 25 125
2 4 16 64
3 3 9 27
4 2 4 8
5 1 1 1
6 0 0 0
2 0 3 18 0 0 24 5 6
2 0 3 944 0 0 64 4 5
2 0 3 3483 0 0 36 3 4
2 0 3 2838 0 0 8 2 3
2 0 3 45636 0 0 48 1 2
2 0 3 42015 0 0 20 0 1
0 0 0 36 0
0 0 0 39 1
23 0 0 46 1
78 0 0 104 0
87 0 0 116 1
32 0 0 32 1
2065 0 0 140 0
2242 0 0 152 1
615 0 0 41 1
525 0 0 25 0
588 0 0 28 1
682 0 0 31 1
13158 0 0 136 0
14319 0 0 148 1
3880 0 0 40 1
4464 0 0 24 0
5022 0 0 27 1
5610 0 0 30 1
27027 0 0 132 0
29484 0 0 144 1
7995 0 0 39 1
32637 0 0 92 0
36894 0 0 104 1
10295 0 0 29 1
26272 0 0 32 0
28735 0 0 35 1
31236 0 0 38 1
155923 0 0 164 0
95075 0 0 100 1
26628 0 0 28 1
130293 0 0 124 0
142902 0 0 136 1
38887 0 0 37 1
43680 0 0 40 0
26208 0 0 24 1
29511 0 0 27 1
252090 0 0 120 0
277299 0 0 132 1
75636 0 0 36 1
96174 0 0 39 0
56718 0 0 23 1
64142 0 0 26 1
410031 0 0 116 0
452448 0 0 128 1
123725 0 0 35 1
151696 0 0 38 0
163672 0 0 41 1
99825 0 0 25 1
455700 0 0 112 0
504525 0 0 124 1
138346 0 0 34 1
217449 0 0 37 0
235080 0 0 40 1
141072 0 0 24 1
984393 0 0 108 0
1093770 0 0 120 1
300795 0 0 33 1
398736 0 0 36 0
431964 0 0 39 1
254771 0 0 23 1
1234350 0 0 104 0
1376775 0 0 116 1
379808 0 0 32 1
419895 0 0 35 0
455886 0 0 38 1
491918 0 0 41 1
52 7 2 6 5 66 0
6 0 0 0
5 1 1 1
4 2 4 8
3 3 9 27
2 4 16 64
1 5 25 125
0 6 36 216
2 0 3 8403 0 0 4 0 1
2 0 3 3803 0 0 4 1 2
2 0 3 1419 0 0 4 2 3
2 0 3 387 0 0 4 3 4
2 0 3 59 0 0 4 4 5
2 0 3 3 0 0 4 5 6
2 1 3 5877 0 0 1 0 2 1
2 1 3 2466 0 0 1 1 3 2
2 1 3 821 0 0 1 2 4 3
2 1 3 186 0 0 1 3 5 4
2 1 3 21 0 0 1 4 6 5
0 0 0 1 0
0 0 0 1 1
1 0 0 2 1
3 0 0 4 0
3 0 0 4 1
1 0 0 1 1
59 0 0 4 0
59 0 0 4 1
15 0 0 1 1
21 0 0 1 0
21 0 0 1 1
22 0 0 1 1
387 0 0 4 0
387 0 0 4 1
97 0 0 1 1
186 0 0 1 0
186 0 0 1 1
187 0 0 1 1
819 0 0 4 0
819 0 0 4 1
205 0 0 1 1
1419 0 0 4 0
1419 0 0 4 1
355 0 0 1 1
821 0 0 1 0
821 0 0 1 1
822 0 0 1 1
3803 0 0 4 0
3803 0 0 4 1
951 0 0 1 1
4203 0 0 4 0
4203 0 0 4 1
1051 0 0 1 1
1092 0 0 1 0
1092 0 0 1 1
1093 0 0 1 1
8403 0 0 4 0
8403 0 0 4 1
2101 0 0 1 1
2466 0 0 1 0
2466 0 0 1 1
2467 0 0 1 1
14139 0 0 4 0
14139 0 0 4 1
3535 0 0 1 1
3992 0 0 1 0
3992 0 0 1 1
3993 0 0 1 1
16275 0 0 4 0
16275 0 0 4 1
4069 0 0 1 1
5877 0 0 1 0
5877 0 0 1 1
5878 0 0 1 1
36459 0 0 4 0
36459 0 0 4 1
9115 0 0 1 1
11076 0 0 1 0
11076 0 0 1 1
11077 0 0 1 1
47475 0 0 4 0
47475 0 0 4 1
11869 0 0 1 1
11997 0 0 1 0
11997 0 0 1 1
11998 0 0 1 1
53 7 2 6 5 66 0
0 6 36 216
1 5 25 125
2 4 16 64
3 3 9 27
4 2 4 8
5 1 1 1
6 0 0 0
2 0 3 15 0 0 20 5 6
2 0 3 885 0 0 60 4 5
2 0 3 3096 0 0 32 3 4
2 0 3 25542 0 0 72 2 3
2 0 3 41833 0 0 44 1 2
2 0 3 33612 0 0 16 0 1
2 1 3 378 0 0 18 4 6 5
2 1 3 2046 0 0 11 3 5 4
2 1 3 3284 0 0 4 2 4 3
2 1 3 34524 0 0 14 1 3 2
2 1 3 41139 0 0 7 0 2 1
0 0 0 38 0
0 0 0 41 1
25 0 0 50 1
84 0 0 112 0
93 0 0 124 1
34 0 0 34 1
2183 0 0 148 0
2360 0 0 160 1
360 0 0 24 1
567 0 0 27 0
630 0 0 30 1
726 0 0 33 1
13932 0 0 144 0
15093 0 0 156 1
2231 0 0 23 1
4836 0 0 26 0
5394 0 0 29 1
5984 0 0 32 1
28665 0 0 140 0
31122 0 0 152 1
8405 0 0 41 1
35475 0 0 100 0
39732 0 0 112 1
11005 0 0 31 1
27914 0 0 34 0
30377 0 0 37 1
32880 0 0 40 1
91272 0 0 96 0
102681 0 0 108 1
28530 0 0 30 1
138699 0 0 132 0
151308 0 0 144 1
40989 0 0 39 1
25116 0 0 23 0
28392 0 0 26 1
31697 0 0 29 1
268896 0 0 128 0
294105 0 0 140 1
79838 0 0 38 1
101106 0 0 41 0
61650 0 0 25 1
69076 0 0 28 1
438309 0 0 124 0
480726 0 0 136 1
130795 0 0 37 1
159680 0 0 40 0
95808 0 0 24 1
107811 0 0 27 1
488250 0 0 120 0
537075 0 0 132 1
146484 0 0 36 1
229203 0 0 39 0
135171 0 0 23 1
152828 0 0 26 1
1057311 0 0 116 0
1166688 0 0 128 1
319025 0 0 35 1
420888 0 0 38 0
454116 0 0 41 1
276925 0 0 25 1
1329300 0 0 112 0
1471725 0 0 124 1
403546 0 0 34 1
443889 0 0 37 0
479880 0 0 40 1
287952 0 0 24 1
54 7 3 5 4 66 0
6 0 0 0
5 1 1 1
4 2 4 8
3 3 9 27
2 4 16 64
1 5 25 125
0 6 36 216
2 1 3 5877 0 0 1 0 2 1
2 1 3 2466 0 0 1 1 3 2
2 1 3 821 0 0 1 2 4 3
2 1 3 186 0 0 1 3 5 4
2 1 3 21 0 0 1 4 6 5
2 2 3 36459 0 0 4 0 3 1 2
2 2 3 14139 0 0 4 1 4 2 3
2 2 3 4203 0 0 4 2 5 3 4
2 2 3 819 0 0 4 3 6 4 5
0 0 0 1 0
0 0 0 1 1
1 0 0 2 1
3 0 0 4 0
3 0 0 4 1
1 0 0 1 1
59 0 0 4 0
59 0 0 4 1
15 0 0 1 1
21 0 0 1 0
21 0 0 1 1
22 0 0 1 1
387 0 0 4 0
387 0 0 4 1
97 0 0 1 1
186 0 0 1 0
186 0 0 1 1
187 0 0 1 1
819 0 0 4 0
819 0 0 4 1
205 0 0 1 1
1419 0 0 4 0
1419 0 0 4 1
355 0 0 1 1
821 0 0 1 0
821 0 0 1 1
822 0 0 1 1
3803 0 0 4 0
3803 0 0 4 1
951 0 0 1 1
4203 0 0 4 0
4203 0 0 4 1
1051 0 0 1 1
1092 0 0 1 0
1092 0 0 1 1
1093 0 0 1 1
8403 0 0 4 0
8403 0 0 4 1
2101 0 0 1 1
2466 0 0 1 0
2466 0 0 1 1
2467 0 0 1 1
14139 0 0 4 0
14139 0 0 4 1
3535 0 0 1 1
3992 0 0 1 0
3992 0 0 1 1
3993 0 0 1 1
16275 0 0 4 0
16275 0 0 4 1
4069 0 0 1 1
5877 0 0 1 0
5877 0 0 1 1
5878 0 0 1 1
36459 0 0 4 0
36459 0 0 4 1
9115 0 0 1 1
11076 0 0 1 0
11076 0 0 1 1
11077 0 0 1 1
47475 0 0 4 0
47475 0 0 4 1
11869 0 0 1 1
11997 0 0 1 0
11997 0 0 1 1
11998 0 0 1 1
55 7 3 5 4 66 0
0 6 36 216
1 5 25 125
2 4 16 64
3 3 9 27
4 2 4 8
5 1 1 1
6 0 0 0
2 1 3 357 0 0 17 4 6 5
2 1 3 1860 0 0 10 3 5 4
2 1 3 2463 0 0 3 2 4 3
2 1 3 32058 0 0 13 1 3 2
2 1 3 35262 0 0 6 0 2 1
2 2 3 10647 0 0 52 3 6 4 5
2 2 3 25218 0 0 24 2 5 3 4
2 2 3 226224 0 0 64 1 4 2 3
2 2 3 328131 0 0 36 0 3 1 2
0 0 0 40 0
0 0 0 24 1
27 0 0 54 1
90 0 0 120 0
99 0 0 132 1
36 0 0 36 1
2301 0 0 156 0
1357 0 0 92 1
390 0 0 26 1
609 0 0 29 0
672 0 0 32 1
770 0 0 35 1
14706 0 0 152 0
15867 0 0 164 1
2425 0 0 25 1
5208 0 0 28 0
5766 0 0 31 1
6358 0 0 34 1
30303 0 0 148 0
32760 0 0 160 1
4920 0 0 24 1
38313 0 0 108 0
42570 0 0 120 1
11715 0 0 33 1
29556 0 0 36 0
32019 0 0 39 1
18906 0 0 23 1
98878 0 0 104 0
110287 0 0 116 1
30432 0 0 32 1
147105 0 0 140 0
159714 0 0 152 1
43091 0 0 41 1
27300 0 0 25 0
30576 0 0 28 1
33883 0 0 31 1
285702 0 0 136 0
310911 0 0 148 1
84040 0 0 40 1
59184 0 0 24 0
66582 0 0 27 1
74010 0 0 30 1
466587 0 0 132 0
509004 0 0 144 1
137865 0 0 39 1
91816 0 0 23 0
103792 0 0 26 1
115797 0 0 29 1
520800 0 0 128 0
569625 0 0 140 1
154622 0 0 38 1
240957 0 0 41 0
146925 0 0 25 1
164584 0 0 28 1
1130229 0 0 124 0
1239606 0 0 136 1
337255 0 0 37 1
443040 0 0 40 0
265824 0 0 24 1
299079 0 0 27 1
1424250 0 0 120 0
1566675 0 0 132 1
427284 0 0 36 1
467883 0 0 39 0
275931 0 0 23 1
311948 0 0 26 1
56 7 4 4 3 66 0
6 0 0 0
5 1 1 1
4 2 4 8
3 3 9 27
2 4 16 64
1 5 25 125
0 6 36 216
2 2 3 36459 0 0 4 0 3 1 2
2 2 3 14139 0 0 4 1 4 2 3
2 2 3 4203 0 0 4 2 5 3 4
2 2 3 819 0 0 4 3 6 4 5
2 3 3 11076 0 0 1 0 4 1 2 3
2 3 3 3992 0 0 1 1 5 2 3 4
2 3 3 1092 0 0 1 2 6 3 4 5
0 0 0 1 0
0 0 0 1 1
1 0 0 2 1
3 0 0 4 0
3 0 0 4 1
1 0 0 1 1
59 0 0 4 0
59 0 0 4 1
15 0 0 1 1
21 0 0 1 0
21 0 0 1 1
22 0 0 1 1
387 0 0 4 0
387 0 0 4 1
97 0 0 1 1
186 0 0 1 0
186 0 0 1 1
187 0 0 1 1
819 0 0 4 0
819 0 0 4 1
205 0 0 1 1
1419 0 0 4 0
1419 0 0 4 1
355 0 0 1 1
821 0 0 1 0
821 0 0 1 1
822 0 0 1 1
3803 0 0 4 0
3803 0 0 4 1
951 0 0 1 1
4203 0 0 4 0
4203 0 0 4 1
1051 0 0 1 1
1092 0 0 1 0
1092 0 0 1 1
1093 0 0 1 1
8403 0 0 4 0
8403 0 0 4 1
2101 0 0 1 1
2466 0 0 1 0
2466 0 0 1 1
2467 0 0 1 1
14139 0 0 4 0
14139 0 0 4 1
3535 0 0 1 1
3992 0 0 1 0
3992 0 0 1 1
3993 0 0 1 1
16275 0 0 4 0
16275 0 0 4 1
4069 0 0 1 1
5877 0 0 1 0
5877 0 0 1 1
5878 0 0 1 1
36459 0 0 4 0
36459 0 0 4 1
9115 0 0 1 1
11076 0 0 1 0
11076 0 0 1 1
11077 0 0 1 1
47475 0 0 4 0
47475 0 0 4 1
11869 0 0 1 1
11997 0 0 1 0
11997 0 0 1 1
11998 0 0 1 1
57 7 4 4 3 66 0
0 6 36 216
1 5 25 125
2 4 16 64
3 3 9 27
4 2 4 8
5 1 1 1
6 0 0 0
2 2 3 9828 0 0 48 3 6 4 5
2 2 3 21015 0 0 20 2 5 3 4
2 2 3 212085 0 0 60 1 4 2 3
2 2 3 291672 0 0 32 0 3 1 2
2 3 3 8736 0 0 8 2 6 3 4 5
2 3 3 71856 0 0 18 1 5 2 3 4
2 3 3 121836 0 0 11 0 4 1 2 3
0 0 0 23 0
0 0 0 26 1
29 0 0 58 1
96 0 0 128 0
105 0 0 140 1
38 0 0 38 1
2419 0 0 164 0
1475 0 0 100 1
420 0 0 28 1
651 0 0 31 0
714 0 0 34 1
814 0 0 37 1
15480 0 0 160 0
9288 0 0 96 1
2619 0 0 27 1
5580 0 0 30 0
6138 0 0 33 1
6732 0 0 36 1
31941 0 0 156 0
18837 0 0 92 1
5330 0 0 26 1
41151 0 0 116 0
45408 0 0 128 1
12425 0 0 35 1
31198 0 0 38 0
33661 0 0 41 1
20550 0 0 25 1
106484 0 0 112 0
117893 0 0 124 1
32334 0 0 34 1
155511 0 0 148 0
168120 0 0 160 1
25224 0 0 24 1
29484 0 0 27 0
32760 0 0 30 1
36069 0 0 33 1
302508 0 0 144 0
327717 0 0 156 1
48323 0 0 23 1
64116 0 0 26 0
71514 0 0 29 1
78944 0 0 32 1
494865 0 0 140 0
537282 0 0 152 1
144935 0 0 41 1
99800 0 0 25 0
111776 0 0 28 1
123783 0 0 31 1
553350 0 0 136 0
602175 0 0 148 1
162760 0 0 40 1
141048 0 0 24 0
158679 0 0 27 1
176340 0 0 30 1
1203147 0 0 132 0
1312524 0 0 144 1
355485 0 0 39 1
254748 0 0 23 0
287976 0 0 26 1
321233 0 0 29 1
1519200 0 0 128 0
1661625 0 0 140 1
451022 0 0 38 1
491877 0 0 41 0
299925 0 0 25 1
335944 0 0 28 1
58 7 5 3 2 66 0
6 0 0 0
5 1 1 1
4 2 4 8
3 3 9 27
2 4 16 64
1 5 25 125
0 6 36 216
2 3 3 11076 0 0 1 0 4 1 2 3
2 3 3 3992 0 0 1 1 5 2 3 4
2 3 3 1092 0 0 1 2 6 3 4 5
2 4 3 47475 0 0 4 0 5 1 2 3 4
2 4 3 16275 0 0 4 1 6 2 3 4 5
0 0 0 1 0
0 0 0 1 1
1 0 0 2 1
3 0 0 4 0
3 0 0 4 1
1 0 0 1 1
59 0 0 4 0
59 0 0 4 1
15 0 0 1 1
21 0 0 1 0
21 0 0 1 1
22 0 0 1 1
387 0 0 4 0
387 0 0 4 1
97 0 0 1 1
186 0 0 1 0
186 0 0 1 1
187 0 0 1 1
819 0 0 4 0
819 0 0 4 1
205 0 0 1 1
1419 0 0 4 0
1419 0 0 4 1
355 0 0 1 1
821 0 0 1 0
821 0 0 1 1
822 0 0 1 1
3803 0 0 4 0
3803 0 0 4 1
951 0 0 1 1
4203 0 0 4 0
4203 0 0 4 1
1051 0 0 1 1
1092 0 0 1 0
1092 0 0 1 1
1093 0 0 1 1
8403 0 0 4 0
8403 0 0 4 1
2101 0 0 1 1
2466 0 0 1 0
2466 0 0 1 1
2467 0 0 1 1
14139 0 0 4 0
14139 0 0 4 1
3535 0 0 1 1
3992 0 0 1 0
3992 0 0 1 1
3993 0 0 1 1
16275 0 0 4 0
16275 0 0 4 1
4069 0 0 1 1
5877 0 0 1 0
5877 0 0 1 1
5878 0 0 1 1
36459 0 0 4 0
36459 0 0 4 1
9115 0 0 1 1
11076 0 0 1 0
11076 0 0 1 1
11077 0 0 1 1
47475 0 0 4 0
47475 0 0 4 1
11869 0 0 1 1
11997 0 0 1 0
11997 0 0 1 1
11998 0 0 1 1
59 7 5 3 2 66 0
0 6 36 216
1 5 25 125
2 4 16 64
3 3 9 27
4 2 4 8
5 1 1 1
6 0 0 0
2 3 3 7644 0 0 7 2 6 3 4 5
2 3 3 67864 0 0 17 1 5 2 3 4
2 3 3 110760 0 0 10 0 4 1 2 3
2 4 3 48825 0 0 12 1 6 2 3 4 5
2 4 3 617175 0 0 52 0 5 1 2 3 4
0 0 0 25 0
0 0 0 28 1
31 0 0 62 1
102 0 0 136 0
111 0 0 148 1
40 0 0 40 1
1416 0 0 96 0
1593 0 0 108 1
450 0 0 30 1
693 0 0 33 0
756 0 0 36 1
858 0 0 39 1
8901 0 0 92 0
10062 0 0 104 1
2813 0 0 29 1
5952 0 0 32 0
6510 0 0 35 1
7106 0 0 38 1
33579 0 0 164 0
20475 0 0 100 1
5740 0 0 28 1
43989 0 0 124 0
48246 0 0 136 1
13135 0 0 37 1
32840 0 0 40 0
19704 0 0 24 1
22194 0 0 27 1
114090 0 0 120 0
125499 0 0 132 1
34236 0 0 36 1
163917 0 0 156 0
96669 0 0 92 1
27326 0 0 26 1
31668 0 0 29 0
34944 0 0 32 1
38255 0 0 35 1
319314 0 0 152 0
344523 0 0 164 1
52525 0 0 25 1
69048 0 0 28 0
76446 0 0 31 1
83878 0 0 34 1
523143 0 0 148 0
565560 0 0 160 1
84840 0 0 24 1
107784 0 0 27 0
119760 0 0 30 1
131769 0 0 33 1
585900 0 0 144 0
634725 0 0 156 1
93587 0 0 23 1
152802 0 0 26 0
170433 0 0 29 1
188096 0 0 32 1
1276065 0 0 140 0
1385442 0 0 152 1
373715 0 0 41 1
276900 0 0 25 0
310128 0 0 28 1
343387 0 0 31 1
1614150 0 0 136 0
1756575 0 0 148 1
474760 0 0 40 1
287928 0 0 24 0
323919 0 0 27 1
359940 0 0 30 1
60 7 6 2 1 66 0
6 0 0 0
5 1 1 1
4 2 4 8
3 3 9 27
2 4 16 64
1 5 25 125
0 6 36 216
2 4 3 47475 0 0 4 0 5 1 2 3 4
2 4 3 16275 0 0 4 1 6 2 3 4 5
2 5 3 11997 0 0 1 0 6 1 2 3 4 5
0 0 0 1 0
0 0 0 1 1
1 0 0 2 1
3 0 0 4 0
3 0 0 4 1
1 0 0 1 1
59 0 0 4 0
59 0 0 4 1
15 0 0 1 1
21 0 0 1 0
21 0 0 1 1
22 0 0 1 1
387 0 0 4 0
387 0 0 4 1
97 0 0 1 1
186 0 0 1 0
186 0 0 1 1
187 0 0 1 1
819 0 0 4 0
819 0 0 4 1
205 0 0 1 1
1419 0 0 4 0
1419 0 0 4 1
355 0 0 1 1
821 0 0 1 0
821 0 0 1 1
822 0 0 1 1
3803 0 0 4 0
3803 0 0 4 1
951 0 0 1 1
4203 0 0 4 0
4203 0 0 4 1
1051 0 0 1 1
1092 0 0 1 0
1092 0 0 1 1
1093 0 0 1 1
8403 0 0 4 0
8403 0 0 4 1
2101 0 0 1 1
2466 0 0 1 0
2466 0 0 1 1
2467 0 0 1 1
14139 0 0 4 0
14139 0 0 4 1
3535 0 0 1 1
3992 0 0 1 0
3992 0 0 1 1
3993 0 0 1 1
16275 0 0 4 0
16275 0 0 4 1
4069 0 0 1 1
5877 0 0 1 0
5877 0 0 1 1
5878 0 0 1 1
36459 0 0 4 0
36459 0 0 4 1
9115 0 0 1 1
11076 0 0 1 0
11076 0 0 1 1
11077 0 0 1 1
47475 0 0 4 0
47475 0 0 4 1
11869 0 0 1 1
11997 0 0 1 0
11997 0 0 1 1
11998 0 0 1 1
61 7 6 2 1 66 0
0 6 36 216
1 5 25 125
2 4 16 64
3 3 9 27
4 2 4 8
5 1 1 1
6 0 0 0
2 4 3 32550 0 0 8 1 6 2 3 4 5
2 4 3 569700 0 0 48 0 5 1 2 3 4
2 5 3 179955 0 0 15 0 6 1 2 3 4 5
0 0 0 27 0
0 0 0 30 1
33 0 0 66 1
108 0 0 144 0
117 0 0 156 1
23 0 0 23 1
1534 0 0 104 0
1711 0 0 116 1
480 0 0 32 1
735 0 0 35 0
798 0 0 38 1
902 0 0 41 1
9675 0 0 100 0
10836 0 0 112 1
3007 0 0 31 1
6324 0 0 34 0
6882 0 0 37 1
7480 0 0 40 1
19656 0 0 96 0
22113 0 0 108 1
6150 0 0 30 1
46827 0 0 132 0
51084 0 0 144 1
13845 0 0 39 1
18883 0 0 23 0
21346 0 0 26 1
23838 0 0 29 1
121696 0 0 128 0
133105 0 0 140 1
36138 0 0 38 1
172323 0 0 164 0
105075 0 0 100 1
29428 0 0 28 1
33852 0 0 31 0
37128 0 0 34 1
40441 0 0 37 1
336120 0 0 160 0
201672 0 0 96 1
56727 0 0 27 1
73980 0 0 30 0
81378 0 0 33 1
88812 0 0 36 1
551421 0 0 156 0
325197 0 0 92 1
91910 0 0 26 1
115768 0 0 29 0
127744 0 0 32 1
139755 0 0 35 1
618450 0 0 152 0
667275 0 0 164 1
101725 0 0 25 1
164556 0 0 28 0
182187 0 0 31 1
199852 0 0 34 1
1348983 0 0 148 0
1458360 0 0 160 1
218760 0 0 24 1
299052 0 0 27 0
332280 0 0 30 1
365541 0 0 33 1
1709100 0 0 144 0
1851525 0 0 156 1
272987 0 0 23 1
311922 0 0 26 0
347913 0 0 29 1
383936 0 0 32 1
62 7 7 1 0 66 0
6 0 0 0
5 1 1 1
4 2 4 8
3 3 9 27
2 4 16 64
1 5 25 125
0 6 36 216
2 5 3 11997 0 0 1 0 6 1 2 3 4 5
0 0 0 1 0
0 0 0 1 1
1 0 0 2 1
3 0 0 4 0
3 0 0 4 1
1 0 0 1 1
59 0 0 4 0
59 0 0 4 1
15 0 0 1 1
21 0 0 1 0
21 0 0 1 1
22 0 0 1 1
387 0 0 4 0
387 0 0 4 1
97 0 0 1 1
186 0 0 1 0
186 0 0 1 1
187 0 0 1 1
819 0 0 4 0
819 0 0 4 1
205 0 0 1 1
1419 0 0 4 0
1419 0 0 4 1
355 0 0 1 1
821 0 0 1 0
821 0 0 1 1
822 0 0 1 1
3803 0 0 4 0
3803 0 0 4 1
951 0 0 1 1
4203 0 0 4 0
4203 0 0 4 1
1051 0 0 1 1
1092 0 0 1 0
1092 0 0 1 1
1093 0 0 1 1
8403 0 0 4 0
8403 0 0 4 1
2101 0 0 1 1
2466 0 0 1 0
2466 0 0 1 1
2467 0 0 1 1
14139 0 0 4 0
14139 0 0 4 1
3535 0 0 1 1
3992 0 0 1 0
3992 0 0 1 1
3993 0 0 1 1
16275 0 0 4 0
16275 0 0 4 1
4069 0 0 1 1
5877 0 0 1 0
5877 0 0 1 1
5878 0 0 1 1
36459 0 0 4 0
36459 0 0 4 1
9115 0 0 1 1
11076 0 0 1 0
11076 0 0 1 1
11077 0 0 1 1
47475 0 0 4 0
47475 0 0 4 1
11869 0 0 1 1
11997 0 0 1 0
11997 0 0 1 1
11998 0 0 1 1
63 7 7 1 0 66 0
0 6 36 216
1 5 25 125
2 4 16 64
3 3 9 27
4 2 4 8
5 1 1 1
6 0 0 0
2 5 3 167958 0 0 14 0 6 1 2 3 4 5
0 0 0 29 0
0 0 0 32 1
35 0 0 70 1
114 0 0 152 0
123 0 0 164 1
25 0 0 25 1
1652 0 0 112 0
1829 0 0 124 1
510 0 0 34 1
777 0 0 37 0
840 0 0 40 1
528 0 0 24 1
10449 0 0 108 0
11610 0 0 120 1
3201 0 0 33 1
6696 0 0 36 0
7254 0 0 39 1
4301 0 0 23 1
21294 0 0 104 0
23751 0 0 116 1
6560 0 0 32 1
49665 0 0 140 0
53922 0 0 152 1
14555 0 0 41 1
20525 0 0 25 0
22988 0 0 28 1
25482 0 0 31 1
129302 0 0 136 0
140711 0 0 148 1
38040 0 0 40 1
100872 0 0 96 0
113481 0 0 108 1
31530 0 0 30 1
36036 0 0 33 0
39312 0 0 36 1
42627 0 0 39 1
193269 0 0 92 0
218478 0 0 104 1
60929 0 0 29 1
78912 0 0 32 0
86310 0 0 35 1
93746 0 0 38 1
579699 0 0 164 0
353475 0 0 100 1
98980 0 0 28 1
123752 0 0 31 0
135728 0 0 34 1
147741 0 0 37 1
651000 0 0 160 0
390600 0 0 96 1
109863 0 0 27 1
176310 0 0 30 0
193941 0 0 33 1
211608 0 0 36 1
1421901 0 0 156 0
838557 0 0 92 1
236990 0 0 26 1
321204 0 0 29 0
354432 0 0 32 1
387695 0 0 35 1
1804050 0 0 152 0
1946475 0 0 164 1
296725 0 0 25 1
335916 0 0 28 0
371907 0 0 31 1
407932 0 0 34 1
64 6 1 0 5 48 0
0 0 0 0
1 1 1 1
2 2 4 8
3 10 100 1000
4 11 121 1331
5 12 144 1728
2 0 3 3 0 0 4 0 1
2 0 3 59 0 0 4 1 2
2 0 3 248336 0 0 1 2 3
2 0 3 110003 0 0 4 3 4
2 0 3 158139 0 0 4 4 5
0 0 0 1 0
0 0 0 1 1
1 0 0 2 1
3 0 0 4 0
3 0 0 4 1
1 0 0 1 1
59 0 0 4 0
59 0 0 4 1
15 0 0 1 1
21 0 0 1 0
21 0 0 1 1
22 0 0 1 1
110003 0 0 4 0
110003 0 0 4 1
27501 0 0 1 1
158139 0 0 4 0
158139 0 0 4 1
39535 0 0 1 1
132981 0 0 1 0
132981 0 0 1 1
132982 0 0 1 1
248336 0 0 1 0
248336 0 0 1 1
248337 0 0 1 1
1007883 0 0 4 0
1007883 0 0 4 1
251971 0 0 1 1
252525 0 0 1 0
252525 0 0 1 1
252526 0 0 1 1
1764099 0 0 4 0
1764099 0 0 4 1
441025 0 0 1 1
445850 0 0 1 0
445850 0 0 1 1
445851 0 0 1 1
1786323 0 0 4 0
1786323 0 0 4 1
446581 0 0 1 1
744525 0 0 1 0
744525 0 0 1 1
744526 0 0 1 1
3003099 0 0 4 0
3003099 0 0 4 1
750775 0 0 1 1
751716 0 0 1 0
751716 0 0 1 1
751717 0 0 1 1
65 6 1 0 5 48 0
5 12 144 1728
4 11 121 1331
3 10 100 1000
2 2 4 8
1 1 1 1
0 0 0 0
2 0 3 2055807 0 0 52 4 5
2 0 3 660018 0 0 24 3 4
2 0 3 3973376 0 0 16 2 3
2 0 3 531 0 0 36 1 2
2 0 3 6 0 0 8 0 1
0 0 0 31 0
0 0 0 34 1
37 0 0 74 1
120 0 0 160 0
72 0 0 96 1
27 0 0 27 1
1770 0 0 120 0
1947 0 0 132 1
540 0 0 36 1
819 0 0 39 0
483 0 0 23 1
572 0 0 26 1
3190087 0 0 116 0
3520096 0 0 128 1
962535 0 0 35 1
6009282 0 0 152 0
6483699 0 0 164 1
988375 0 0 25 1
3723468 0 0 28 0
4122411 0 0 31 1
4521388 0 0 34 1
9188432 0 0 37 0
9933440 0 0 40 1
5960088 0 0 24 1
27212841 0 0 108 0
30236490 0 0 120 1
8315043 0 0 33 1
9090900 0 0 36 0
9848475 0 0 39 1
5808098 0 0 23 1
45866574 0 0 104 0
51158871 0 0 116 1
14112800 0 0 32 1
15604750 0 0 35 0
16942300 0 0 38 1
18279891 0 0 41 1
44658075 0 0 100 0
50017044 0 0 112 1
13844011 0 0 31 1
25313850 0 0 34 0
27547425 0 0 37 1
29781040 0 0 40 1
72074376 0 0 96 0
81083673 0 0 108 1
22523250 0 0 30 1
24806628 0 0 33 0
27061776 0 0 36 1
29316963 0 0 39 1
66 6 2 5 4 48 0
0 0 0 0
1 1 1 1
2 2 4 8
3 10 100 1000
4 11 121 1331
5 12 144 1728
2 0 3 3 0 0 4 0 1
2 0 3 59 0 0 4 1 2
2 0 3 248336 0 0 1 2 3
2 0 3 110003 0 0 4 3 4
2 0 3 158139 0 0 4 4 5
2 1 3 21 0 0 1 0 2 1
2 1 3 1007883 0 0 4 1 3 2
2 1 3 1764099 0 0 4 2 4 3
2 1 3 132981 0 0 1 3 5 4
0 0 0 1 0
0 0 0 1 1
1 0 0 2 1
3 0 0 4 0
3 0 0 4 1
1 0 0 1 1
59 0 0 4 0
59 0 0 4 1
15 0 0 1 1
21 0 0 1 0
21 0 0 1 1
22 0 0 1 1
110003 0 0 4 0
110003 0 0 4 1
27501 0 0 1 1
158139 0 0 4 0
158139 0 0 4 1
39535 0 0 1 1
132981 0 0 1 0
132981 0 0 1 1
132982 0 0 1 1
248336 0 0 1 0
248336 0 0 1 1
248337 0 0 1 1
1007883 0 0 4 0
1007883 0 0 4 1
251971 0 0 1 1
252525 0 0 1 0
252525 0 0 1 1
252526 0 0 1 1
1764099 0 0 4 0
1764099 0 0 4 1
441025 0 0 1 1
445850 0 0 1 0
445850 0 0 1 1
445851 0 0 1 1
1786323 0 0 4 0
1786323 0 0 4 1
446581 0 0 1 1
744525 0 0 1 0
744525 0 0 1 1
744526 0 0 1 1
3003099 0 0 4 0
3003099 0 0 4 1
750775 0 0 1 1
751716 0 0 1 0
751716 0 0 1 1
751717 0 0 1 1
67 6 2 5 4 48 0
5 12 144 1728
4 11 121 1331
3 10 100 1000
2 2 4 8
1 1 1 1
0 0 0 0
2 0 3 1897668 0 0 48 4 5
2 0 3 550015 0 0 20 3 4
2 0 3 3725040 0 0 15 2 3
2 0 3 472 0 0 32 1 2
2 0 3 54 0 0 72 0 1
2 1 3 1063848 0 0 8 3 5 4
2 1 3 31753782 0 0 72 2 4 3
2 1 3 11086713 0 0 44 1 3 2
2 1 3 84 0 0 4 0 2 1
0 0 0 33 0
0 0 0 36 1
39 0 0 78 1
69 0 0 92 0
78 0 0 104 1
29 0 0 29 1
1888 0 0 128 0
2065 0 0 140 1
570 0 0 38 1
861 0 0 41 0
525 0 0 25 1
616 0 0 28 1
3410093 0 0 124 0
3740102 0 0 136 1
1017537 0 0 37 1
6325560 0 0 160 0
3795336 0 0 96 1
1067445 0 0 27 1
3989430 0 0 30 0
4388373 0 0 33 1
4787352 0 0 36 1
9685104 0 0 39 0
5711728 0 0 23 1
6456762 0 0 26 1
29228607 0 0 116 0
32252256 0 0 128 1
8818985 0 0 35 1
9595950 0 0 38 0
10353525 0 0 41 1
6313150 0 0 25 1
49394772 0 0 112 0
54687069 0 0 124 1
14994850 0 0 34 1
16496450 0 0 37 0
17834000 0 0 40 1
10700424 0 0 24 1
48230721 0 0 108 0
53589690 0 0 120 1
14737173 0 0 33 1
26802900 0 0 36 0
29036475 0 0 39 1
17124098 0 0 23 1
78080574 0 0 104 0
87089871 0 0 116 1
24024800 0 0 32 1
26310060 0 0 35 0
28565208 0 0 38 1
30820397 0 0 41 1
68 6 3 4 3 48 0
0 0 0 0
1 1 1 1
2 2 4 8
3 10 100 1000
4 11 121 1331
5 12 144 1728
2 1 3 21 0 0 1 0 2 1
2 1 3 1007883 0 0 4 1 3 2
2 1 3 1764099 0 0 4 2 4 3
2 1 3 132981 0 0 1 3 5 4
2 2 3 252525 0 0 1 0 3 1 2
2 2 3 445850 0 0 1 1 4 2 3
2 2 3 744525 0 0 1 2 5 3 4
0 0 0 1 0
0 0 0 1 1
1 0 0 2 1
3 0 0 4 0
3 0 0 4 1
1 0 0 1 1
59 0 0 4 0
59 0 0 4 1
15 0 0 1 1
21 0 0 1 0
21 0 0 1 1
22 0 0 1 1
110003 0 0 4 0
110003 0 0 4 1
27501 0 0 1 1
158139 0 0 4 0
158139 0 0 4 1
39535 0 0 1 1
132981 0 0 1 0
132981 0 0 1 1
132982 0 0 1 1
248336 0 0 1 0
248336 0 0 1 1
248337 0 0 1 1
1007883 0 0 4 0
1007883 0 0 4 1
251971 0 0 1 1
252525 0 0 1 0
252525 0 0 1 1
252526 0 0 1 1
1764099 0 0 4 0
1764099 0 0 4 1
441025 0 0 1 1
445850 0 0 1 0
445850 0 0 1 1
445851 0 0 1 1
1786323 0 0 4 0
1786323 0 0 4 1
446581 0 0 1 1
744525 0 0 1 0
744525 0 0 1 1
744526 0 0 1 1
3003099 0 0 4 0
3003099 0 0 4 1
750775 0 0 1 1
751716 0 0 1 0
751716 0 0 1 1
751717 0 0 1 1
69 6 3 4 3 48 0
5 12 144 1728
4 11 121 1331
3 10 100 1000
2 2 4 8
1 1 1 1
0 0 0 0
2 1 3 930867 0 0 7 3 5 4
2 1 3 29989683 0 0 68 2 4 3
2 1 3 10078830 0 0 40 1 3 2
2 1 3 63 0 0 3 0 2 1
2 2 3 2233575 0 0 3 2 5 3 4
2 2 3 5796050 0 0 13 1 4 2 3
2 2 3 1515150 0 0 6 0 3 1 2
0 0 0 35 0
0 0 0 38 1
41 0 0 82 1
75 0 0 100 0
84 0 0 112 1
31 0 0 31 1
2006 0 0 136 0
2183 0 0 148 1
600 0 0 40 1
504 0 0 24 0
567 0 0 27 1
660 0 0 30 1
3630099 0 0 132 0
3960108 0 0 144 1
1072539 0 0 39 1
3637197 0 0 92 0
4111614 0 0 104 1
1146515 0 0 29 1
4255392 0 0 32 0
4654335 0 0 35 1
5053316 0 0 38 1
10181776 0 0 41 0
6208400 0 0 25 1
6953436 0 0 28 1
31244373 0 0 124 0
34268022 0 0 136 1
9322927 0 0 37 1
10101000 0 0 40 0
6060600 0 0 24 1
6818202 0 0 27 1
52922970 0 0 120 0
58215267 0 0 132 1
15876900 0 0 36 1
17388150 0 0 39 0
10254550 0 0 23 1
11592126 0 0 26 1
51803367 0 0 116 0
57162336 0 0 128 1
15630335 0 0 35 1
28291950 0 0 38 0
30525525 0 0 41 1
18613150 0 0 25 1
84086772 0 0 112 0
93096069 0 0 124 1
25526350 0 0 34 1
27813492 0 0 37 0
30068640 0 0 40 1
18041208 0 0 24 1
70 6 4 3 2 48 0
0 0 0 0
1 1 1 1
2 2 4 8
3 10 100 1000
4 11 121 1331
5 12 144 1728
2 2 3 252525 0 0 1 0 3 1 2
2 2 3 445850 0 0 1 1 4 2 3
2 2 3 744525 0 0 1 2 5 3 4
2 3 3 1786323 0 0 4 0 4 1 2 3
2 3 3 3003099 0 0 4 1 5 2 3 4
0 0 0 1 0
0 0 0 1 1
1 0 0 2 1
3 0 0 4 0
3 0 0 4 1
1 0 0 1 1
59 0 0 4 0
59 0 0 4 1
15 0 0 1 1
21 0 0 1 0
21 0 0 1 1
22 0 0 1 1
110003 0 0 4 0
110003 0 0 4 1
27501 0 0 1 1
158139 0 0 4 0
158139 0 0 4 1
39535 0 0 1 1
132981 0 0 1 0
132981 0 0 1 1
132982 0 0 1 1
248336 0 0 1 0
248336 0 0 1 1
248337 0 0 1 1
1007883 0 0 4 0
1007883 0 0 4 1
251971 0 0 1 1
252525 0 0 1 0
252525 0 0 1 1
252526 0 0 1 1
1764099 0 0 4 0
1764099 0 0 4 1
441025 0 0 1 1
445850 0 0 1 0
445850 0 0 1 1
445851 0 0 1 1
1786323 0 0 4 0
1786323 0 0 4 1
446581 0 0 1 1
744525 0 0 1 0
744525 0 0 1 1
744526 0 0 1 1
3003099 0 0 4 0
3003099 0 0 4 1
750775 0 0 1 1
751716 0 0 1 0
751716 0 0 1 1
751717 0 0 1 1
71 6 4 3 2 48 0
5 12 144 1728
4 11 121 1331
3 10 100 1000
2 2 4 8
1 1 1 1
0 0 0 0
2 2 3 1489050 0 0 2 2 5 3 4
2 2 3 5350200 0 0 12 1 4 2 3
2 2 3 1262625 0 0 5 0 3 1 2
2 3 3 45046485 0 0 60 1 5 2 3 4
2 3 3 14290584 0 0 32 0 4 1 2 3
0 0 0 37 0
0 0 0 40 1
24 0 0 48 1
81 0 0 108 0
90 0 0 120 1
33 0 0 33 1
2124 0 0 144 0
2301 0 0 156 1
345 0 0 23 1
546 0 0 26 0
609 0 0 29 1
704 0 0 32 1
3850105 0 0 140 0
4180114 0 0 152 1
1127541 0 0 41 1
3953475 0 0 100 0
4427892 0 0 112 1
1225585 0 0 31 1
4521354 0 0 34 0
4920297 0 0 37 1
5319280 0 0 40 1
5960064 0 0 24 0
6705072 0 0 27 1
7450110 0 0 30 1
33260139 0 0 132 0
36283788 0 0 144 1
9826869 0 0 39 1
5808075 0 0 23 0
6565650 0 0 26 1
7323254 0 0 29 1
56451168 0 0 128 0
61743465 0 0 140 1
16758950 0 0 38 1
18279850 0 0 41 0
11146250 0 0 25 1
12483828 0 0 28 1
55376013 0 0 124 0
60734982 0 0 136 1
16523497 0 0 37 1
29781000 0 0 40 0
17868600 0 0 24 1
20102202 0 0 27 1
90092970 0 0 120 0
99102267 0 0 132 1
27027900 0 0 36 1
29316924 0 0 39 0
17289468 0 0 23 1
19544642 0 0 26 1
72 6 5 2 1 48 0
0 0 0 0
1 1 1 1
2 2 4 8
3 10 100 1000
4 11 121 1331
5 12 144 1728
2 3 3 1786323 0 0 4 0 4 1 2 3
2 3 3 3003099 0 0 4 1 5 2 3 4
2 4 3 751716 0 0 1 0 5 1 2 3 4
0 0 0 1 0
0 0 0 1 1
1 0 0 2 1
3 0 0 4 0
3 0 0 4 1
1 0 0 1 1
59 0 0 4 0
59 0 0 4 1
15 0 0 1 1
21 0 0 1 0
21 0 0 1 1
22 0 0 1 1
110003 0 0 4 0
110003 0 0 4 1
27501 0 0 1 1
158139 0 0 4 0
158139 0 0 4 1
39535 0 0 1 1
132981 0 0 1 0
132981 0 0 1 1
132982 0 0 1 1
248336 0 0 1 0
248336 0 0 1 1
248337 0 0 1 1
1007883 0 0 4 0
1007883 0 0 4 1
251971 0 0 1 1
252525 0 0 1 0
252525 0 0 1 1
252526 0 0 1 1
1764099 0 0 4 0
1764099 0 0 4 1
441025 0 0 1 1
445850 0 0 1 0
445850 0 0 1 1
445851 0 0 1 1
1786323 0 0 4 0
1786323 0 0 4 1
446581 0 0 1 1
744525 0 0 1 0
744525 0 0 1 1
744526 0 0 1 1
3003099 0 0 4 0
3003099 0 0 4 1
750775 0 0 1 1
751716 0 0 1 0
751716 0 0 1 1
751717 0 0 1 1
73 6 5 2 1 48 0
5 12 144 1728
4 11 121 1331
3 10 100 1000
2 2 4 8
1 1 1 1
0 0 0 0
2 3 3 42043386 0 0 56 1 5 2 3 4
2 3 3 12504261 0 0 28 0 4 1 2 3
2 4 3 7517160 0 0 10 0 5 1 2 3 4
0 0 0 39 0
0 0 0 23 1
26 0 0 52 1
87 0 0 116 0
96 0 0 128 1
35 0 0 35 1
2242 0 0 152 0
2419 0 0 164 1
375 0 0 25 1
588 0 0 28 0
651 0 0 31 1
748 0 0 34 1
4070111 0 0 148 0
4400120 0 0 160 1
660024 0 0 24 1
4269753 0 0 108 0
4744170 0 0 120 1
1304655 0 0 33 1
4787316 0 0 36 0
5186259 0 0 39 1
3058586 0 0 23 1
6456736 0 0 26 0
7201744 0 0 29 1
7946784 0 0 32 1
35275905 0 0 140 0
38299554 0 0 152 1
10330811 0 0 41 1
6313125 0 0 25 0
7070700 0 0 28 1
7828306 0 0 31 1
59979366 0 0 136 0
65271663 0 0 148 1
17641000 0 0 40 1
10700400 0 0 24 0
12037950 0 0 27 1
13375530 0 0 30 1
58948659 0 0 132 0
64307628 0 0 144 1
17416659 0 0 39 1
17124075 0 0 23 0
19357650 0 0 26 1
21591254 0 0 29 1
96099168 0 0 128 0
105108465 0 0 140 1
28529450 0 0 38 1
30820356 0 0 41 0
18792900 0 0 25 1
21048076 0 0 28 1
74 6 6 1 0 48 0
0 0 0 0
1 1 1 1
2 2 4 8
3 10 100 1000
4 11 121 1331
5 12 144 1728
2 4 3 751716 0 0 1 0 5 1 2 3 4
0 0 0 1 0
0 0 0 1 1
1 0 0 2 1
3 0 0 4 0
3 0 0 4 1
1 0 0 1 1
59 0 0 4 0
59 0 0 4 1
15 0 0 1 1
21 0 0 1 0
21 0 0 1 1
22 0 0 1 1
110003 0 0 4 0
110003 0 0 4 1
27501 0 0 1 1
158139 0 0 4 0
158139 0 0 4 1
39535 0 0 1 1
132981 0 0 1 0
132981 0 0 1 1
132982 0 0 1 1
248336 0 0 1 0
248336 0 0 1 1
248337 0 0 1 1
1007883 0 0 4 0
1007883 0 0 4 1
251971 0 0 1 1
252525 0 0 1 0
252525 0 0 1 1
252526 0 0 1 1
1764099 0 0 4 0
1764099 0 0 4 1
441025 0 0 1 1
445850 0 0 1 0
445850 0 0 1 1
445851 0 0 1 1
1786323 0 0 4 0
1786323 0 0 4 1
446581 0 0 1 1
744525 0 0 1 0
744525 0 0 1 1
744526 0 0 1 1
3003099 0 0 4 0
3003099 0 0 4 1
750775 0 0 1 1
751716 0 0 1 0
751716 0 0 1 1
751717 0 0 1 1
75 6 6 1 0 48 0
5 12 144 1728
4 11 121 1331
3 10 100 1000
2 2 4 8
1 1 1 1
0 0 0 0
2 4 3 6765444 0 0 9 0 5 1 2 3 4
0 0 0 41 0
0 0 0 25 1
28 0 0 56 1
93 0 0 124 0
102 0 0 136 1
37 0 0 37 1
2360 0 0 160 0
1416 0 0 96 1
405 0 0 27 1
630 0 0 30 0
693 0 0 33 1
792 0 0 36 1
4290117 0 0 156 0
2530069 0 0 92 1
715026 0 0 26 1
4586031 0 0 116 0
5060448 0 0 128 1
1383725 0 0 35 1
5053278 0 0 38 0
5452221 0 0 41 1
3324550 0 0 25 1
6953408 0 0 28 0
7698416 0 0 31 1
8443458 0 0 34 1
37291671 0 0 148 0
40315320 0 0 160 1
6047304 0 0 24 1
6818175 0 0 27 0
7575750 0 0 30 1
8333358 0 0 33 1
63507564 0 0 144 0
68799861 0 0 156 1
10143575 0 0 23 1
11592100 0 0 26 0
12929650 0 0 29 1
14267232 0 0 32 1
62521305 0 0 140 0
67880274 0 0 152 1
18309821 0 0 41 1
18613125 0 0 25 0
20846700 0 0 28 1
23080306 0 0 31 1
102105366 0 0 136 0
111114663 0 0 148 1
30031000 0 0 40 1
18041184 0 0 24 0
20296332 0 0 27 1
22551510 0 0 30 1
76 6 1 0 5 48 0
5 0 0 0
4 1 1 1
3 2 4 8
2 10 100 1000
1 11 121 1331
0 12 144 1728
2 0 3 158139 0 0 4 0 1
2 0 3 110003 0 0 4 1 2
2 0 3 248336 0 0 1 2 3
2 0 3 59 0 0 4 3 4
2 0 3 3 0 0 4 4 5
0 0 0 1 0
0 0 0 1 1
1 0 0 2 1
3 0 0 4 0
3 0 0 4 1
1 0 0 1 1
59 0 0 4 0
59 0 0 4 1
15 0 0 1 1
21 0 0 1 0
21 0 0 1 1
22 0 0 1 1
110003 0 0 4 0
110003 0 0 4 1
27501 0 0 1 1
158139 0 0 4 0
158139 0 0 4 1
39535 0 0 1 1
132981 0 0 1 0
132981 0 0 1 1
132982 0 0 1 1
248336 0 0 1 0
248336 0 0 1 1
248337 0 0 1 1
1007883 0 0 4 0
1007883 0 0 4 1
251971 0 0 1 1
252525 0 0 1 0
252525 0 0 1 1
252526 0 0 1 1
1764099 0 0 4 0
1764099 0 0 4 1
441025 0 0 1 1
445850 0 0 1 0
445850 0 0 1 1
445851 0 0 1 1
1786323 0 0 4 0
1786323 0 0 4 1
446581 0 0 1 1
744525 0 0 1 0
744525 0 0 1 1
744526 0 0 1 1
3003099 0 0 4 0
3003099 0 0 4 1
750775 0 0 1 1
751716 0 0 1 0
751716 0 0 1 1
751717 0 0 1 1
77 6 1 0 5 48 0
0 12 144 1728
1 11 121 1331
2 10 100 1000
3 2 4 8
4 1 1 1
5 0 0 0
2 0 3 24 0 0 32 4 5
2 0 3 1062 0 0 72 3 4
2 0 3 2731696 0 0 11 2 3
2 0 3 440012 0 0 16 1 2
2 0 3 2213946 0 0 56 0 1
0 0 0 24 0
0 0 0 27 1
30 0 0 60 1
99 0 0 132 0
108 0 0 144 1
39 0 0 39 1
1357 0 0 92 0
1534 0 0 104 1
435 0 0 29 1
672 0 0 32 0
735 0 0 35 1
836 0 0 38 1
4510123 0 0 164 0
2750075 0 0 100 1
770028 0 0 28 1
4902309 0 0 124 0
5376726 0 0 136 1
1462795 0 0 37 1
5319240 0 0 40 0
3191544 0 0 24 1
3590514 0 0 27 1
7450080 0 0 30 0
8195088 0 0 33 1
8940132 0 0 36 1
39307437 0 0 156 0
23181309 0 0 92 1
6551246 0 0 26 1
7323225 0 0 29 0
8080800 0 0 32 1
8838410 0 0 35 1
67035762 0 0 152 0
72328059 0 0 164 1
11025625 0 0 25 1
12483800 0 0 28 0
13821350 0 0 31 1
15158934 0 0 34 1
66093951 0 0 148 0
71452920 0 0 160 1
10717944 0 0 24 1
20102175 0 0 27 0
22335750 0 0 30 1
24569358 0 0 33 1
108111564 0 0 144 0
117120861 0 0 156 1
17267825 0 0 23 1
19544616 0 0 26 0
21799764 0 0 29 1
24054944 0 0 32 1
78 6 2 5 4 48 0
5 0 0 0
4 1 1 1
3 2 4 8
2 10 100 1000
1 11 121 1331
0 12 144 1728
2 0 3 158139 0 0 4 0 1
2 0 3 110003 0 0 4 1 2
2 0 3 248336 0 0 1 2 3
2 0 3 59 0 0 4 3 4
2 0 3 3 0 0 4 4 5
2 1 3 132981 0 0 1 0 2 1
2 1 3 1764099 0 0 4 1 3 2
2 1 3 1007883 0 0 4 2 4 3
2 1 3 21 0 0 1 3 5 4
0 0 0 1 0
0 0 0 1 1
1 0 0 2 1
3 0 0 4 0
3 0 0 4 1
1 0 0 1 1
59 0 0 4 0
59 0 0 4 1
15 0 0 1 1
21 0 0 1 0
21 0 0 1 1
22 0 0 1 1
110003 0 0 4 0
110003 0 0 4 1
27501 0 0 1 1
158139 0 0 4 0
158139 0 0 4 1
39535 0 0 1 1
132981 0 0 1 0
132981 0 0 1 1
132982 0 0 1 1
248336 0 0 1 0
248336 0 0 1 1
248337 0 0 1 1
1007883 0 0 4 0
1007883 0 0 4 1
251971 0 0 1 1
252525 0 0 1 0
252525 0 0 1 1
252526 0 0 1 1
1764099 0 0 4 0
1764099 0 0 4 1
441025 0 0 1 1
445850 0 0 1 0
445850 0 0 1 1
445851 0 0 1 1
1786323 0 0 4 0
1786323 0 0 4 1
446581 0 0 1 1
744525 0 0 1 0
744525 0 0 1 1
744526 0 0 1 1
3003099 0 0 4 0
3003099 0 0 4 1
750775 0 0 1 1
751716 0 0 1 0
751716 0 0 1 1
751717 0 0 1 1
79 6 2 5 4 48 0
0 12 144 1728
1 11 121 1331
2 10 100 1000
3 2 4 8
4 1 1 1
5 0 0 0
2 0 3 21 0 0 28 4 5
2 0 3 1003 0 0 68 3 4
2 0 3 2483360 0 0 10 2 3
2 0 3 330009 0 0 12 1 2
2 0 3 2055807 0 0 52 0 1
2 1 3 63 0 0 3 3 5 4
2 1 3 13102479 0 0 52 2 4 3
2 1 3 10584594 0 0 24 1 3 2
2 1 3 2127696 0 0 16 0 2 1
0 0 0 26 0
0 0 0 29 1
32 0 0 64 1
105 0 0 140 0
114 0 0 152 1
41 0 0 41 1
1475 0 0 100 0
1652 0 0 112 1
465 0 0 31 1
714 0 0 34 0
777 0 0 37 1
880 0 0 40 1
2640072 0 0 96 0
2970081 0 0 108 1
825030 0 0 30 1
5218587 0 0 132 0
5693004 0 0 144 1
1541865 0 0 39 1
3058563 0 0 23 0
3457506 0 0 26 1
3856478 0 0 29 1
7946752 0 0 32 0
8691760 0 0 35 1
9436806 0 0 38 1
41323203 0 0 164 0
25197075 0 0 100 1
7055188 0 0 28 1
7828275 0 0 31 0
8585850 0 0 34 1
9343462 0 0 37 1
70563960 0 0 160 0
42338376 0 0 96 1
11907675 0 0 27 1
13375500 0 0 30 0
14713050 0 0 33 1
16050636 0 0 36 1
69666597 0 0 156 0
41085429 0 0 92 1
11611106 0 0 26 1
21591225 0 0 29 0
23824800 0 0 32 1
26058410 0 0 35 1
114117762 0 0 152 0
123127059 0 0 164 1
18769375 0 0 25 1
21048048 0 0 28 0
23303196 0 0 31 1
25558378 0 0 34 1
80 6 3 4 3 48 0
5 0 0 0
4 1 1 1
3 2 4 8
2 10 100 1000
1 11 121 1331
0 12 144 1728
2 1 3 132981 0 0 1 0 2 1
2 1 3 1764099 0 0 4 1 3 2
2 1 3 1007883 0 0 4 2 4 3
2 1 3 21 0 0 1 3 5 4
2 2 3 744525 0 0 1 0 3 1 2
2 2 3 445850 0 0 1 1 4 2 3
2 2 3 252525 0 0 1 2 5 3 4
0 0 0 1 0
0 0 0 1 1
1 0 0 2 1
3 0 0 4 0
3 0 0 4 1
1 0 0 1 1
59 0 0 4 0
59 0 0 4 1
15 0 0 1 1
21 0 0 1 0
21 0 0 1 1
22 0 0 1 1
110003 0 0 4 0
110003 0 0 4 1
27501 0 0 1 1
158139 0 0 4 0
158139 0 0 4 1
39535 0 0 1 1
132981 0 0 1 0
132981 0 0 1 1
132982 0 0 1 1
248336 0 0 1 0
248336 0 0 1 1
248337 0 0 1 1
1007883 0 0 4 0
1007883 0 0 4 1
251971 0 0 1 1
252525 0 0 1 0
252525 0 0 1 1
252526 0 0 1 1
1764099 0 0 4 0
1764099 0 0 4 1
441025 0 0 1 1
445850 0 0 1 0
445850 0 0 1 1
445851 0 0 1 1
1786323 0 0 4 0
1786323 0 0 4 1
446581 0 0 1 1
744525 0 0 1 0
744525 0 0 1 1
744526 0 0 1 1
3003099 0 0 4 0
3003099 0 0 4 1
750775 0 0 1 1
751716 0 0 1 0
751716 0 0 1 1
751717 0 0 1 1
81 6 3 4 3 48 0
0 12 144 1728
1 11 121 1331
2 10 100 1000
3 2 4 8
4 1 1 1
5 0 0 0
2 1 3 42 0 0 2 3 5 4
2 1 3 12094596 0 0 48 2 4 3
2 1 3 8820495 0 0 20 1 3 2
2 1 3 1994715 0 0 15 0 2 1
2 2 3 3787875 0 0 15 2 5 3 4
2 2 3 3566800 0 0 8 1 4 2 3
2 2 3 13401450 0 0 18 0 3 1 2
0 0 0 28 0
0 0 0 31 1
34 0 0 68 1
111 0 0 148 0
120 0 0 160 1
24 0 0 24 1
1593 0 0 108 0
1770 0 0 120 1
495 0 0 33 1
756 0 0 36 0
819 0 0 39 1
506 0 0 23 1
2860078 0 0 104 0
3190087 0 0 116 1
880032 0 0 32 1
5534865 0 0 140 0
6009282 0 0 152 1
1620935 0 0 41 1
3324525 0 0 25 0
3723468 0 0 28 1
4122442 0 0 31 1
8443424 0 0 34 0
9188432 0 0 37 1
9933480 0 0 40 1
24189192 0 0 96 0
27212841 0 0 108 1
7559130 0 0 30 1
8333325 0 0 33 0
9090900 0 0 36 1
9848514 0 0 39 1
40574277 0 0 92 0
45866574 0 0 104 1
12789725 0 0 29 1
14267200 0 0 32 0
15604750 0 0 35 1
16942338 0 0 38 1
73239243 0 0 164 0
44658075 0 0 100 1
12504268 0 0 28 1
23080275 0 0 31 0
25313850 0 0 34 1
27547462 0 0 37 1
120123960 0 0 160 0
72074376 0 0 96 1
20270925 0 0 27 1
22551480 0 0 30 0
24806628 0 0 33 1
27061812 0 0 36 1
82 6 4 3 2 48 0
5 0 0 0
4 1 1 1
3 2 4 8
2 10 100 1000
1 11 121 1331
0 12 144 1728
2 2 3 744525 0 0 1 0 3 1 2
2 2 3 445850 0 0 1 1 4 2 3
2 2 3 252525 0 0 1 2 5 3 4
2 3 3 3003099 0 0 4 0 4 1 2 3
2 3 3 1786323 0 0 4 1 5 2 3 4
0 0 0 1 0
0 0 0 1 1
1 0 0 2 1
3 0 0 4 0
3 0 0 4 1
1 0 0 1 1
59 0 0 4 0
59 0 0 4 1
15 0 0 1 1
21 0 0 1 0
21 0 0 1 1
22 0 0 1 1
110003 0 0 4 0
110003 0 0 4 1
27501 0 0 1 1
158139 0 0 4 0
158139 0 0 4 1
39535 0 0 1 1
132981 0 0 1 0
132981 0 0 1 1
132982 0 0 1 1
248336 0 0 1 0
248336 0 0 1 1
248337 0 0 1 1
1007883 0 0 4 0
1007883 0 0 4 1
251971 0 0 1 1
252525 0 0 1 0
252525 0 0 1 1
252526 0 0 1 1
1764099 0 0 4 0
1764099 0 0 4 1
441025 0 0 1 1
445850 0 0 1 0
445850 0 0 1 1
445851 0 0 1 1
1786323 0 0 4 0
1786323 0 0 4 1
446581 0 0 1 1
744525 0 0 1 0
744525 0 0 1 1
744526 0 0 1 1
3003099 0 0 4 0
3003099 0 0 4 1
750775 0 0 1 1
751716 0 0 1 0
751716 0 0 1 1
751717 0 0 1 1
83 6 4 3 2 48 0
0 12 144 1728
1 11 121 1331
2 10 100 1000
3 2 4 8
4 1 1 1
5 0 0 0
2 2 3 3535350 0 0 14 2 5 3 4
2 2 3 3120950 0 0 7 1 4 2 3
2 2 3 12656925 0 0 17 0 3 1 2
2 3 3 17863230 0 0 40 1 5 2 3 4
2 3 3 9009297 0 0 12 0 4 1 2 3
0 0 0 30 0
0 0 0 33 1
36 0 0 72 1
117 0 0 156 0
69 0 0 92 1
26 0 0 26 1
1711 0 0 116 0
1888 0 0 128 1
525 0 0 35 1
798 0 0 38 0
861 0 0 41 1
550 0 0 25 1
3080084 0 0 112 0
3410093 0 0 124 1
935034 0 0 34 1
5851143 0 0 148 0
6325560 0 0 160 1
948840 0 0 24 1
3590487 0 0 27 0
3989430 0 0 30 1
4388406 0 0 33 1
8940096 0 0 36 0
9685104 0 0 39 1
5711751 0 0 23 1
26204958 0 0 104 0
29228607 0 0 116 1
8063072 0 0 32 1
8838375 0 0 35 0
9595950 0 0 38 1
10353566 0 0 41 1
44102475 0 0 100 0
49394772 0 0 112 1
13671775 0 0 31 1
15158900 0 0 34 0
16496450 0 0 37 1
17834040 0 0 40 1
42871752 0 0 96 0
48230721 0 0 108 1
13397430 0 0 30 1
24569325 0 0 33 0
26802900 0 0 36 1
29036514 0 0 39 1
69071277 0 0 92 0
78080574 0 0 104 1
21772475 0 0 29 1
24054912 0 0 32 0
26310060 0 0 35 1
28565246 0 0 38 1
84 6 5 2 1 48 0
5 0 0 0
4 1 1 1
3 2 4 8
2 10 100 1000
1 11 121 1331
0 12 144 1728
2 3 3 3003099 0 0 4 0 4 1 2 3
2 3 3 1786323 0 0 4 1 5 2 3 4
2 4 3 751716 0 0 1 0 5 1 2 3 4
0 0 0 1 0
0 0 0 1 1
1 0 0 2 1
3 0 0 4 0
3 0 0 4 1
1 0 0 1 1
59 0 0 4 0
59 0 0 4 1
15 0 0 1 1
21 0 0 1 0
21 0 0 1 1
22 0 0 1 1
110003 0 0 4 0
110003 0 0 4 1
27501 0 0 1 1
158139 0 0 4 0
158139 0 0 4 1
39535 0 0 1 1
132981 0 0 1 0
132981 0 0 1 1
132982 0 0 1 1
248336 0 0 1 0
248336 0 0 1 1
248337 0 0 1 1
1007883 0 0 4 0
1007883 0 0 4 1
251971 0 0 1 1
252525 0 0 1 0
252525 0 0 1 1
252526 0 0 1 1
1764099 0 0 4 0
1764099 0 0 4 1
441025 0 0 1 1
445850 0 0 1 0
445850 0 0 1 1
445851 0 0 1 1
1786323 0 0 4 0
1786323 0 0 4 1
446581 0 0 1 1
744525 0 0 1 0
744525 0 0 1 1
744526 0 0 1 1
3003099 0 0 4 0
3003099 0 0 4 1
750775 0 0 1 1
751716 0 0 1 0
751716 0 0 1 1
751717 0 0 1 1
85 6 5 2 1 48 0
0 12 144 1728
1 11 121 1331
2 10 100 1000
3 2 4 8
4 1 1 1
5 0 0 0
2 3 3 16076907 0 0 36 1 5 2 3 4
2 3 3 6006198 0 0 8 0 4 1 2 3
2 4 3 3758580 0 0 5 0 5 1 2 3 4
0 0 0 32 0
0 0 0 35 1
38 0 0 76 1
123 0 0 164 0
75 0 0 100 1
28 0 0 28 1
1829 0 0 124 0
2006 0 0 136 1
555 0 0 37 1
840 0 0 40 0
504 0 0 24 1
594 0 0 27 1
3300090 0 0 120 0
3630099 0 0 132 1
990036 0 0 36 1
6167421 0 0 156 0
3637197 0 0 92 1
1027910 0 0 26 1
3856449 0 0 29 0
4255392 0 0 32 1
4654370 0 0 35 1
9436768 0 0 38 0
10181776 0 0 41 1
6208425 0 0 25 1
28220724 0 0 112 0
31244373 0 0 124 1
8567014 0 0 34 1
9343425 0 0 37 0
10101000 0 0 40 1
6060624 0 0 24 1
47630673 0 0 108 0
52922970 0 0 120 1
14553825 0 0 33 1
16050600 0 0 36 0
17388150 0 0 39 1
10254573 0 0 23 1
46444398 0 0 104 0
51803367 0 0 116 1
14290592 0 0 32 1
26058375 0 0 35 0
28291950 0 0 38 1
30525566 0 0 41 1
75077475 0 0 100 0
84086772 0 0 112 1
23274025 0 0 31 1
25558344 0 0 34 0
27813492 0 0 37 1
30068680 0 0 40 1
86 6 6 1 0 48 0
5 0 0 0
4 1 1 1
3 2 4 8
2 10 100 1000
1 11 121 1331
0 12 144 1728
2 4 3 751716 0 0 1 0 5 1 2 3 4
0 0 0 1 0
0 0 0 1 1
1 0 0 2 1
3 0 0 4 0
3 0 0 4 1
1 0 0 1 1
59 0 0 4 0
59 0 0 4 1
15 0 0 1 1
21 0 0 1 0
21 0 0 1 1
22 0 0 1 1
110003 0 0 4 0
110003 0 0 4 1
27501 0 0 1 1
158139 0 0 4 0
158139 0 0 4 1
39535 0 0 1 1
132981 0 0 1 0
132981 0 0 1 1
132982 0 0 1 1
248336 0 0 1 0
248336 0 0 1 1
248337 0 0 1 1
1007883 0 0 4 0
1007883 0 0 4 1
251971 0 0 1 1
252525 0 0 1 0
252525 0 0 1 1
252526 0 0 1 1
1764099 0 0 4 0
1764099 0 0 4 1
441025 0 0 1 1
445850 0 0 1 0
445850 0 0 1 1
445851 0 0 1 1
1786323 0 0 4 0
1786323 0 0 4 1
446581 0 0 1 1
744525 0 0 1 0
744525 0 0 1 1
744526 0 0 1 1
3003099 0 0 4 0
3003099 0 0 4 1
750775 0 0 1 1
751716 0 0 1 0
751716 0 0 1 1
751717 0 0 1 1
87 6 6 1 0 48 0
0 12 144 1728
1 11 121 1331
2 10 100 1000
3 2 4 8
4 1 1 1
5 0 0 0
2 4 3 3006864 0 0 4 0 5 1 2 3 4
0 0 0 34 0
0 0 0 37 1
40 0 0 80 1
72 0 0 96 0
81 0 0 108 1
30 0 0 30 1
1947 0 0 132 0
2124 0 0 144 1
585 0 0 39 1
483 0 0 23 0
546 0 0 26 1
638 0 0 29 1
3520096 0 0 128 0
3850105 0 0 140 1
1045038 0 0 38 1
6483699 0 0 164 0
3953475 0 0 100 1
1106980 0 0 28 1
4122411 0 0 31 0
4521354 0 0 34 1
4920334 0 0 37 1
9933440 0 0 40 0
5960064 0 0 24 1
6705099 0 0 27 1
30236490 0 0 120 0
33260139 0 0 132 1
9070956 0 0 36 1
9848475 0 0 39 0
5808075 0 0 23 1
6565676 0 0 26 1
51158871 0 0 116 0
56451168 0 0 128 1
15435875 0 0 35 1
16942300 0 0 38 0
18279850 0 0 41 1
11146275 0 0 25 1
50017044 0 0 112 0
55376013 0 0 124 1
15183754 0 0 34 1
27547425 0 0 37 0
29781000 0 0 40 1
17868624 0 0 24 1
81083673 0 0 108 0
90092970 0 0 120 1
24775575 0 0 33 1
27061776 0 0 36 0
29316924 0 0 39 1
17289491 0 0 23 1
88 3 1 0 2 12 0
0 0 0 0
1 4 0 0
2 1 1 0
2 0 3 1 0 0 2 0 2
2 0 3 5 0 0 2 1 2
0 0 0 1 0
0 0 0 1 1
1 0 0 4 1
1 0 0 2 0
1 0 0 2 1
1 0 0 1 1
5 0 0 2 0
5 0 0 2 1
3 0 0 1 1
4 0 0 1 0
4 0 0 1 1
5 0 0 1 1
89 3 1 0 2 12 0
2 1 1 0
1 4 0 0
0 0 0 0
2 0 3 80 0 0 32 1 2
2 0 3 9 0 0 18 0 2
0 0 0 36 0
0 0 0 39 1
23 0 0 92 1
26 0 0 52 0
29 0 0 58 1
32 0 0 32 1
175 0 0 70 0
190 0 0 76 1
123 0 0 41 1
100 0 0 25 0
112 0 0 28 1
155 0 0 31 1
90 3 2 2 1 12 0
0 0 0 0
1 4 0 0
2 1 1 0
2 0 3 1 0 0 2 0 2
2 0 3 5 0 0 2 1 2
2 1 3 4 0 0 1 0 1 2
0 0 0 1 0
0 0 0 1 1
1 0 0 4 1
1 0 0 2 0
1 0 0 2 1
1 0 0 1 1
5 0 0 2 0
5 0 0 2 1
3 0 0 1 1
4 0 0 1 0
4 0 0 1 1
5 0 0 1 1
91 3 2 2 1 12 0
2 1 1 0
1 4 0 0
0 0 0 0
2 0 3 75 0 0 30 1 2
2 0 3 8 0 0 16 0 2
2 1 3 44 0 0 11 0 1 2
0 0 0 38 0
0 0 0 41 1
25 0 0 100 1
28 0 0 56 0
31 0 0 62 1
34 0 0 34 1
185 0 0 74 0
200 0 0 80 1
72 0 0 24 1
108 0 0 27 0
120 0 0 30 1
165 0 0 33 1
92 3 3 1 0 12 0
0 0 0 0
1 4 0 0
2 1 1 0
2 1 3 4 0 0 1 0 1 2
0 0 0 1 0
0 0 0 1 1
1 0 0 4 1
1 0 0 2 0
1 0 0 2 1
1 0 0 1 1
5 0 0 2 0
5 0 0 2 1
3 0 0 1 1
4 0 0 1 0
4 0 0 1 1
5 0 0 1 1
93 3 3 1 0 12 0
2 1 1 0
1 4 0 0
0 0 0 0
2 1 3 40 0 0 10 0 1 2
0 0 0 40 0
0 0 0 24 1
27 0 0 108 1
30 0 0 60 0
33 0 0 66 1
36 0 0 36 1
195 0 0 78 0
115 0 0 46 1
78 0 0 26 1
116 0 0 29 0
128 0 0 32 1
175 0 0 35 1
94 3 1 0 2 9 0
0 0 0 0
1 4 0 0
2 2 1 0
2 0 3 5 0 0 4 0 2
2 0 3 5 0 0 4 1 2
0 0 0 1 0
0 0 0 1 1
1 0 0 1 1
5 0 0 4 0
5 0 0 4 1
2 0 0 1 1
4 0 0 1 0
4 0 0 1 1
5 0 0 1 1
95 3 1 0 2 9 0
2 2 1 0
1 4 0 0
0 0 0 0
2 0 3 25 0 0 20 1 2
2 0 3 75 0 0 60 0 2
0 0 0 23 0
0 0 0 26 1
29 0 0 29 1
160 0 0 128 0
175 0 0 140 1
76 0 0 38 1
164 0 0 41 0
100 0 0 25 1
140 0 0 28 1
96 3 2 2 1 9 0
0 0 0 0
1 4 0 0
2 2 1 0
2 0 3 5 0 0 4 0 2
2 0 3 5 0 0 4 1 2
2 1 3 4 0 0 1 0 1 2
0 0 0 1 0
0 0 0 1 1
1 0 0 1 1
5 0 0 4 0
5 0 0 4 1
2 0 0 1 1
4 0 0 1 0
4 0 0 1 1
5 0 0 1 1
97 3 2 2 1 9 0
2 2 1 0
1 4 0 0
0 0 0 0
2 0 3 20 0 0 16 1 2
2 0 3 70 0 0 56 0 2
2 1 3 68 0 0 17 0 1 2
0 0 0 25 0
0 0 0 28 1
31 0 0 31 1
170 0 0 136 0
185 0 0 148 1
80 0 0 40 1
96 0 0 24 0
108 0 0 27 1
150 0 0 30 1
98 3 3 1 0 9 0
0 0 0 0
1 4 0 0
2 2 1 0
2 1 3 4 0 0 1 0 1 2
0 0 0 1 0
0 0 0 1 1
1 0 0 1 1
5 0 0 4 0
5 0 0 4 1
2 0 0 1 1
4 0 0 1 0
4 0 0 1 1
5 0 0 1 1
99 3 3 1 0 9 0
2 2 1 0
1 4 0 0
0 0 0 0
2 1 3 64 0 0 16 0 1 2
0 0 0 27 0
0 0 0 30 1
33 0 0 33 1
180 0 0 144 0
195 0 0 156 1
46 0 0 23 1
104 0 0 26 0
116 0 0 29 1
160 0 0 32 1
100 1 1 0 0 3 0
4294967295 65535 0 65535
0 0 0 1 0
0 0 0 1 1
1 0 0 1 1
101 1 1 0 0 3 0
4294967295 65535 0 65535
0 0 0 29 0
0 0 0 32 1
35 0 0 35 1
102 7 1 0 11 123 0
0 0 0 7
17 0 9 6
41 1 4 0
63 0 0 1
107 4 1 2
4294967294 4 2 2
4294967295 12 3 11
2 0 3 41 0 0 2 0 17
2 0 3 9 0 0 1 0 63
2 0 3 21 0 0 2 0 107
2 0 3 169 0 0 4 0 4294967295
2 0 3 31 0 0 2 17 41
2 0 3 205 0 0 4 17 4294967295
2 0 3 9 0 0 2 41 63
2 0 3 17 0 0 4 41 4294967294
2 0 3 9 0 0 2 63 107
2 0 3 1 0 0 4 107 4294967294
2 0 3 73 0 0 2 4294967294 4294967295
0 0 0 1 0
0 0 0 1 1
1 0 0 8 1
1 0 0 4 0
1 0 0 4 1
1 0 0 1 1
17 0 0 4 0
17 0 0 4 1
35 0 0 8 1
9 0 0 2 0
9 0 0 2 1
5 0 0 1 1
21 0 0 4 0
21 0 0 4 1
43 0 0 8 1
11 0 0 2 0
11 0 0 2 1
6 0 0 1 1
3213 0 0 514 0
3213 0 0 514 1
51 0 0 8 1
162 0 0 25 0
162 0 0 25 1
7 0 0 1 1
9 0 0 1 0
9 0 0 1 1
10 0 0 1 1
21 0 0 2 0
21 0 0 2 1
11 0 0 1 1
189 0 0 17 0
189 0 0 17 1
89 0 0 8 1
45 0 0 4 0
45 0 0 4 1
23 0 0 2 1
189 0 0 16 0
189 0 0 16 1
12 0 0 1 1
31 0 0 2 0
31 0 0 2 1
16 0 0 1 1
33 0 0 2 0
33 0 0 2 1
17 0 0 1 1
81 0 0 4 0
81 0 0 4 1
163 0 0 8 1
41 0 0 2 0
41 0 0 2 1
21 0 0 1 1
83886 0 0 3563 0
83886 0 0 3563 1
189 0 0 8 1
149445 0 0 6322 0
149445 0 0 6322 1
95 0 0 4 1
3551699 0 0 148996 0
3551699 0 0 148996 1
191 0 0 8 1
24 0 0 1 0
24 0 0 1 1
25 0 0 1 1
738 0 0 29 0
738 0 0 29 1
26 0 0 1 1
53 0 0 2 0
53 0 0 2 1
213 0 0 8 1
2862 0 0 107 0
2862 0 0 107 1
107 0 0 4 1
2173 0 0 81 0
2173 0 0 81 1
27 0 0 1 1
2189 0 0 81 0
2189 0 0 81 1
28 0 0 1 1
73 0 0 2 0
73 0 0 2 1
37 0 0 1 1
149 0 0 4 0
149 0 0 4 1
38 0 0 1 1
169 0 0 4 0
169 0 0 4 1
43 0 0 1 1
555165 0 0 12898 0
555165 0 0 12898 1
689 0 0 16 1
528801 0 0 12274 0
528801 0 0 12274 1
44 0 0 1 1
205 0 0 4 0
205 0 0 4 1
103 0 0 2 1
242433 0 0 4682 0
242433 0 0 4682 1
52 0 0 1 1
91635 0 0 1738 0
91635 0 0 1738 1
53 0 0 1 1
1420445 0 0 26658 0
1420445 0 0 26658 1
427 0 0 8 1
6243611 0 0 116964 0
6243611 0 0 116964 1
54 0 0 1 1
243 0 0 4 0
243 0 0 4 1
61 0 0 1 1
1544265 0 0 25132 0
1544265 0 0 25132 1
62 0 0 1 1
253 0 0 4 0
253 0 0 4 1
507 0 0 8 1
553311 0 0 8716 0
553311 0 0 8716 1
64 0 0 1 1
249895 0 0 3798 0
249895 0 0 3798 1
253693 0 0 3798 1
103 7 1 0 11 123 0
4294967295 12 3 11
4294967294 4 2 2
107 4 1 2
63 0 0 1
41 1 4 0
17 0 9 6
0 0 0 7
2 0 3 584 0 0 16 4294967294 4294967295
2 0 3 18 0 0 72 107 4294967294
2 0 3 99 0 0 22 63 107
2 0 3 68 0 0 16 41 4294967294
2 0 3 126 0 0 28 41 63
2 0 3 1435 0 0 28 17 4294967295
2 0 3 527 0 0 34 17 41
2 0 3 1690 0 0 40 0 4294967295
2 0 3 63 0 0 6 0 107
2 0 3 117 0 0 13 0 63
2 0 3 246 0 0 12 0 17
0 0 0 31 0
0 0 0 34 1
37 0 0 296 1
40 0 0 160 0
24 0 0 96 1
27 0 0 27 1
510 0 0 120 0
561 0 0 132 1
1260 0 0 288 1
351 0 0 78 0
207 0 0 46 1
130 0 0 26 1
609 0 0 116 0
672 0 0 128 1
1505 0 0 280 1
418 0 0 76 0
451 0 0 82 1
150 0 0 25 1
89964 0 0 14392 0
99603 0 0 15934 1
1734 0 0 272 1
5994 0 0 925 0
6480 0 0 1000 1
168 0 0 24 1
243 0 0 27 0
270 0 0 30 1
330 0 0 33 1
756 0 0 72 0
819 0 0 78 1
253 0 0 23 1
4914 0 0 442 0
5481 0 0 493 1
2848 0 0 256 1
1575 0 0 140 0
1710 0 0 152 1
943 0 0 82 1
4725 0 0 400 0
5292 0 0 448 1
372 0 0 31 1
1054 0 0 68 0
1147 0 0 74 1
640 0 0 40 1
792 0 0 48 0
891 0 0 54 1
510 0 0 30 1
2673 0 0 132 0
2916 0 0 144 1
6357 0 0 312 1
943 0 0 46 0
1066 0 0 52 1
609 0 0 29 1
2684352 0 0 114016 0
2936010 0 0 124705 1
7182 0 0 304 1
6127245 0 0 259202 0
3736125 0 0 158050 1
2660 0 0 112 1
110102669 0 0 4618876 0
120757766 0 0 5065864 1
7067 0 0 296 1
960 0 0 40 0
576 0 0 24 1
675 0 0 27 1
22140 0 0 870 0
24354 0 0 957 1
936 0 0 36 1
2067 0 0 78 0
1219 0 0 46 1
5538 0 0 208 1
82998 0 0 3103 0
91584 0 0 3424 1
3745 0 0 140 1
82574 0 0 3078 0
89093 0 0 3321 1
675 0 0 25 1
61292 0 0 2268 0
67859 0 0 2511 1
952 0 0 34 1
2701 0 0 74 0
2920 0 0 80 1
888 0 0 24 1
4023 0 0 108 0
4470 0 0 120 1
1254 0 0 33 1
6084 0 0 144 0
6591 0 0 156 1
989 0 0 23 1
14434290 0 0 335348 0
16099785 0 0 374042 1
22048 0 0 512 1
18508035 0 0 429590 0
20094438 0 0 466412 1
1804 0 0 41 1
5125 0 0 100 0
5740 0 0 112 1
3193 0 0 62 1
8242722 0 0 159188 0
8970021 0 0 173234 1
2080 0 0 40 1
2199240 0 0 41712 0
2474145 0 0 46926 1
1590 0 0 30 1
46874685 0 0 879714 0
51136020 0 0 959688 1
16653 0 0 312 1
143603053 0 0 2690172 0
162333886 0 0 3041064 1
1566 0 0 29 1
7776 0 0 128 0
8505 0 0 140 1
2318 0 0 38 1
63314865 0 0 1030412 0
38606625 0 0 628300 1
1736 0 0 28 1
7843 0 0 124 0
8602 0 0 136 1
18759 0 0 296 1
22132440 0 0 348640 0
13279464 0 0 209184 1
1728 0 0 27 1
7496850 0 0 113940 0
8246535 0 0 125334 1
9132948 0 0 136728 1
104 7 2 11 11 123 1
0 0 0 7
17 0 9 6
41 1 4 0
63 0 0 1
107 4 1 2
4294967294 4 2 2
4294967295 12 3 11
2 0 3 41 0 0 2 0 17
2 0 3 9 0 0 1 0 63
2 0 3 21 0 0 2 0 107
2 0 3 169 0 0 4 0 4294967295
2 0 3 31 0 0 2 17 41
2 0 3 205 0 0 4 17 4294967295
2 0 3 9 0 0 2 41 63
2 0 3 17 0 0 4 41 4294967294
2 0 3 9 0 0 2 63 107
2 0 3 1 0 0 4 107 4294967294
2 0 3 73 0 0 2 4294967294 4294967295
3 0 7 83886 0 0 3563 0 17 41
3 0 7 149445 0 0 6322 0 17 4294967294
3 0 7 189 0 0 17 0 63 107
2 1 3 45 0 0 4 0 4294967294 107
3 0 7 555165 0 0 12898 0 4294967294 4294967295
2 1 3 81 0 0 4 17 4294967294 41
3 0 7 242433 0 0 4682 17 4294967294 4294967295
3 0 7 3213 0 0 514 41 63 4294967294
2 1 3 11 0 0 2 41 107 4294967294
2 1 3 21 0 0 4 63 4294967294 107
2 1 3 149 0 0 4 107 4294967295 4294967294
0 0 0 1 0
0 0 0 1 1
1 0 0 8 1
1 0 0 4 0
1 0 0 4 1
1 0 0 1 1
17 0 0 4 0
17 0 0 4 1
35 0 0 8 1
9 0 0 2 0
9 0 0 2 1
5 0 0 1 1
21 0 0 4 0
21 0 0 4 1
43 0 0 8 1
11 0 0 2 0
11 0 0 2 1
6 0 0 1 1
3213 0 0 514 0
3213 0 0 514 1
51 0 0 8 1
162 0 0 25 0
162 0 0 25 1
7 0 0 1 1
9 0 0 1 0
9 0 0 1 1
10 0 0 1 1
21 0 0 2 0
21 0 0 2 1
11 0 0 1 1
189 0 0 17 0
189 0 0 17 1
89 0 0 8 1
45 0 0 4 0
45 0 0 4 1
23 0 0 2 1
189 0 0 16 0
189 0 0 16 1
12 0 0 1 1
31 0 0 2 0
31 0 0 2 1
16 0 0 1 1
33 0 0 2 0
33 0 0 2 1
17 0 0 1 1
81 0 0 4 0
81 0 0 4 1
163 0 0 8 1
41 0 0 2 0
41 0 0 2 1
21 0 0 1 1
83886 0 0 3563 0
83886 0 0 3563 1
189 0 0 8 1
149445 0 0 6322 0
149445 0 0 6322 1
95 0 0 4 1
3551699 0 0 148996 0
3551699 0 0 148996 1
191 0 0 8 1
24 0 0 1 0
24 0 0 1 1
25 0 0 1 1
738 0 0 29 0
738 0 0 29 1
26 0 0 1 1
53 0 0 2 0
53 0 0 2 1
213 0 0 8 1
2862 0 0 107 0
2862 0 0 107 1
107 0 0 4 1
2173 0 0 81 0
2173 0 0 81 1
27 0 0 1 1
2189 0 0 81 0
2189 0 0 81 1
28 0 0 1 1
73 0 0 2 0
73 0 0 2 1
37 0 0 1 1
149 0 0 4 0
149 0 0 4 1
38 0 0 1 1
169 0 0 4 0
169 0 0 4 1
43 0 0 1 1
555165 0 0 12898 0
555165 0 0 12898 1
689 0 0 16 1
528801 0 0 12274 0
528801 0 0 12274 1
44 0 0 1 1
205 0 0 4 0
205 0 0 4 1
103 0 0 2 1
242433 0 0 4682 0
242433 0 0 4682 1
52 0 0 1 1
91635 0 0 1738 0
91635 0 0 1738 1
53 0 0 1 1
1420445 0 0 26658 0
1420445 0 0 26658 1
427 0 0 8 1
6243611 0 0 116964 0
6243611 0 0 116964 1
54 0 0 1 1
243 0 0 4 0
243 0 0 4 1
61 0 0 1 1
1544265 0 0 25132 0
1544265 0 0 25132 1
62 0 0 1 1
253 0 0 4 0
253 0 0 4 1
507 0 0 8 1
553311 0 0 8716 0
553311 0 0 8716 1
64 0 0 1 1
249895 0 0 3798 0
249895 0 0 3798 1
253693 0 0 3798 1
105 7 2 11 11 123 0
4294967295 12 3 11
4294967294 4 2 2
107 4 1 2
63 0 0 1
41 1 4 0
17 0 9 6
0 0 0 7
2 0 3 511 0 0 14 4294967294 4294967295
2 0 3 17 0 0 68 107 4294967294
2 0 3 90 0 0 20 63 107
2 0 3 51 0 0 12 41 4294967294
2 0 3 117 0 0 26 41 63
2 0 3 1230 0 0 24 17 4294967295
2 0 3 496 0 0 32 17 41
2 0 3 1521 0 0 36 0 4294967295
2 0 3 42 0 0 4 0 107
2 0 3 108 0 0 12 0 63
2 0 3 205 0 0 10 0 17
2 1 3 1490 0 0 40 107 4294967295 4294967294
2 1 3 63 0 0 12 63 4294967294 107
2 1 3 143 0 0 26 41 107 4294967294
3 0 7 19278 0 0 3084 41 63 4294967294
3 0 7 3878928 0 0 74912 17 4294967294 4294967295
2 1 3 729 0 0 36 17 4294967294 41
3 0 7 1110330 0 0 25796 0 4294967294 4294967295
2 1 3 540 0 0 48 0 4294967294 107
3 0 7 945 0 0 85 0 63 107
3 0 7 2241675 0 0 94830 0 17 4294967294
3 0 7 671088 0 0 28504 0 17 41
0 0 0 33 0
0 0 0 36 1
39 0 0 312 1
23 0 0 92 0
26 0 0 104 1
29 0 0 29 1
544 0 0 128 0
595 0 0 140 1
1330 0 0 304 1
369 0 0 82 0
225 0 0 50 1
140 0 0 28 1
651 0 0 124 0
714 0 0 136 1
1591 0 0 296 1
440 0 0 80 0
264 0 0 48 1
162 0 0 27 1
96390 0 0 15420 0
106029 0 0 16962 1
1836 0 0 288 1
6318 0 0 975 0
3726 0 0 575 1
182 0 0 26 1
261 0 0 29 0
288 0 0 32 1
350 0 0 35 1
798 0 0 76 0
861 0 0 82 1
275 0 0 25 1
5292 0 0 476 0
5859 0 0 527 1
3026 0 0 272 1
1665 0 0 148 0
1800 0 0 160 1
552 0 0 48 1
5103 0 0 432 0
5670 0 0 480 1
396 0 0 33 1
1116 0 0 72 0
1209 0 0 78 1
368 0 0 23 1
858 0 0 52 0
957 0 0 58 1
544 0 0 32 1
2835 0 0 140 0
3078 0 0 152 1
6683 0 0 328 1
1025 0 0 50 0
1148 0 0 56 1
651 0 0 31 1
2852124 0 0 121142 0
3103782 0 0 131831 1
7560 0 0 320 1
3586680 0 0 151728 0
4035015 0 0 170694 1
2850 0 0 120 1
117206067 0 0 4916868 0
127861164 0 0 5363856 1
7449 0 0 312 1
552 0 0 23 0
624 0 0 26 1
725 0 0 29 1
23616 0 0 928 0
25830 0 0 1015 1
988 0 0 38 1
2173 0 0 82 0
1325 0 0 50 1
5964 0 0 224 1
88722 0 0 3317 0
97308 0 0 3638 1
3959 0 0 148 1
86920 0 0 3240 0
52152 0 0 1944 1
729 0 0 27 1
65670 0 0 2430 0
72237 0 0 2673 1
1008 0 0 36 1
2847 0 0 78 0
1679 0 0 46 1
962 0 0 26 1
4321 0 0 116 0
4768 0 0 128 1
1330 0 0 35 1
6422 0 0 152 0
6929 0 0 164 1
1075 0 0 25 1
15544620 0 0 361144 0
17210115 0 0 399838 1
23426 0 0 544 1
19565637 0 0 454138 0
21152040 0 0 490960 1
1056 0 0 24 1
5535 0 0 108 0
6150 0 0 120 1
3399 0 0 66 1
8727588 0 0 168552 0
9454887 0 0 182598 1
1196 0 0 23 1
2382510 0 0 45188 0
2657415 0 0 50402 1
1696 0 0 32 1
49715575 0 0 933030 0
53976910 0 0 1013004 1
17507 0 0 328 1
156090275 0 0 2924100 0
174821108 0 0 3274992 1
1674 0 0 31 1
8262 0 0 136 0
8991 0 0 148 1
2440 0 0 40 1
37062360 0 0 603168 0
41695155 0 0 678564 1
1860 0 0 30 1
8349 0 0 132 0
9108 0 0 144 1
19773 0 0 312 1
12726153 0 0 200468 0
14386086 0 0 226616 1
1856 0 0 29 1
7996640 0 0 121536 0
8746325 0 0 132930 1
9640334 0 0 144324 1
106 7 3 11 8 123 0
0 0 0 7
17 0 9 6
41 1 4 0
63 0 0 1
107 4 1 2
4294967294 4 2 2
4294967295 12 3 11
3 0 7 83886 0 0 3563 0 17 41
3 0 7 149445 0 0 6322 0 17 4294967294
3 0 7 189 0 0 17 0 63 107
2 1 3 45 0 0 4 0 4294967294 107
3 0 7 555165 0 0 12898 0 4294967294 4294967295
2 1 3 81 0 0 4 17 4294967294 41
3 0 7 242433 0 0 4682 17 4294967294 4294967295
3 0 7 3213 0 0 514 41 63 4294967294
2 1 3 11 0 0 2 41 107 4294967294
2 1 3 21 0 0 4 63 4294967294 107
2 1 3 149 0 0 4 107 4294967295 4294967294
4 0 15 3551699 0 0 148996 0 17 41 4294967294
3 1 7 1420445 0 0 26658 0 17 4294967295 4294967294
3 1 7 189 0 0 16 0 63 4294967294 107
3 1 7 528801 0 0 12274 0 107 4294967295 4294967294
2 2 3 53 0 0 2 17 63 41 4294967294
2 2 3 24 0 0 1 17 107 41 4294967294
3 1 7 91635 0 0 1738 17 107 4294967295 4294967294
3 1 7 162 0 0 25 41 63 107 4294967294
0 0 0 1 0
0 0 0 1 1
1 0 0 8 1
1 0 0 4 0
1 0 0 4 1
1 0 0 1 1
17 0 0 4 0
17 0 0 4 1
35 0 0 8 1
9 0 0 2 0
9 0 0 2 1
5 0 0 1 1
21 0 0 4 0
21 0 0 4 1
43 0 0 8 1
11 0 0 2 0
11 0 0 2 1
6 0 0 1 1
3213 0 0 514 0
3213 0 0 514 1
51 0 0 8 1
162 0 0 25 0
162 0 0 25 1
7 0 0 1 1
9 0 0 1 0
9 0 0 1 1
10 0 0 1 1
21 0 0 2 0
21 0 0 2 1
11 0 0 1 1
189 0 0 17 0
189 0 0 17 1
89 0 0 8 1
45 0 0 4 0
45 0 0 4 1
23 0 0 2 1
189 0 0 16 0
189 0 0 16 1
12 0 0 1 1
31 0 0 2 0
31 0 0 2 1
16 0 0 1 1
33 0 0 2 0
33 0 0 2 1
17 0 0 1 1
81 0 0 4 0
81 0 0 4 1
163 0 0 8 1
41 0 0 2 0
41 0 0 2 1
21 0 0 1 1
83886 0 0 3563 0
83886 0 0 3563 1
189 0 0 8 1
149445 0 0 6322 0
149445 0 0 6322 1
95 0 0 4 1
3551699 0 0 148996 0
3551699 0 0 148996 1
191 0 0 8 1
24 0 0 1 0
24 0 0 1 1
25 0 0 1 1
738 0 0 29 0
738 0 0 29 1
26 0 0 1 1
53 0 0 2 0
53 0 0 2 1
213 0 0 8 1
2862 0 0 107 0
2862 0 0 107 1
107 0 0 4 1
2173 0 0 81 0
2173 0 0 81 1
27 0 0 1 1
2189 0 0 81 0
2189 0 0 81 1
28 0 0 1 1
73 0 0 2 0
73 0 0 2 1
37 0 0 1 1
149 0 0 4 0
149 0 0 4 1
38 0 0 1 1
169 0 0 4 0
169 0 0 4 1
43 0 0 1 1
555165 0 0 12898 0
555165 0 0 12898 1
689 0 0 16 1
528801 0 0 12274 0
528801 0 0 12274 1
44 0 0 1 1
205 0 0 4 0
205 0 0 4 1
103 0 0 2 1
242433 0 0 4682 0
242433 0 0 4682 1
52 0 0 1 1
91635 0 0 1738 0
91635 0 0 1738 1
53 0 0 1 1
1420445 0 0 26658 0
1420445 0 0 26658 1
427 0 0 8 1
6243611 0 0 116964 0
6243611 0 0 116964 1
54 0 0 1 1
243 0 0 4 0
243 0 0 4 1
61 0 0 1 1
1544265 0 0 25132 0
1544265 0 0 25132 1
62 0 0 1 1
253 0 0 4 0
253 0 0 4 1
507 0 0 8 1
553311 0 0 8716 0
553311 0 0 8716 1
64 0 0 1 1
249895 0 0 3798 0
249895 0 0 3798 1
253693 0 0 3798 1
107 7 3 11 8 123 0
4294967295 12 3 11
4294967294 4 2 2
107 4 1 2
63 0 0 1
41 1 4 0
17 0 9 6
0 0 0 7
2 1 3 1341 0 0 36 107 4294967295 4294967294
2 1 3 42 0 0 8 63 4294967294 107
2 1 3 132 0 0 24 41 107 4294967294
3 0 7 16065 0 0 2570 41 63 4294967294
3 0 7 3636495 0 0 70230 17 4294967294 4294967295
2 1 3 648 0 0 32 17 4294967294 41
3 0 7 9992970 0 0 232164 0 4294967294 4294967295
2 1 3 495 0 0 44 0 4294967294 107
3 0 7 756 0 0 68 0 63 107
3 0 7 2092230 0 0 88508 0 17 4294967294
3 0 7 587202 0 0 24941 0 17 41
3 1 7 1296 0 0 200 41 63 107 4294967294
3 1 7 1649430 0 0 31284 17 107 4294967295 4294967294
2 2 3 264 0 0 11 17 107 41 4294967294
2 2 3 212 0 0 8 17 63 41 4294967294
3 1 7 7403214 0 0 171836 0 107 4294967295 4294967294
3 1 7 1323 0 0 112 0 63 4294967294 107
3 1 7 24147565 0 0 453186 0 17 4294967295 4294967294
4 0 15 35516990 0 0 1489960 0 17 41 4294967294
0 0 0 35 0
0 0 0 38 1
41 0 0 328 1
25 0 0 100 0
28 0 0 112 1
31 0 0 31 1
578 0 0 136 0
629 0 0 148 1
1400 0 0 320 1
216 0 0 48 0
243 0 0 54 1
150 0 0 30 1
693 0 0 132 0
756 0 0 144 1
1677 0 0 312 1
253 0 0 46 0
286 0 0 52 1
174 0 0 29 1
102816 0 0 16448 0
112455 0 0 17990 1
1938 0 0 304 1
6642 0 0 1025 0
4050 0 0 625 1
196 0 0 28 1
279 0 0 31 0
306 0 0 34 1
370 0 0 37 1
840 0 0 80 0
504 0 0 48 1
297 0 0 27 1
5670 0 0 510 0
6237 0 0 561 1
3204 0 0 288 1
1755 0 0 156 0
1035 0 0 92 1
598 0 0 52 1
5481 0 0 464 0
6048 0 0 512 1
420 0 0 35 1
1178 0 0 76 0
1271 0 0 82 1
400 0 0 25 1
924 0 0 56 0
1023 0 0 62 1
578 0 0 34 1
2997 0 0 148 0
3240 0 0 160 1
3912 0 0 192 1
1107 0 0 54 0
1230 0 0 60 1
693 0 0 33 1
3019896 0 0 128268 0
3271554 0 0 138957 1
4347 0 0 184 1
3885570 0 0 164372 0
4333905 0 0 183338 1
3040 0 0 128 1
124309465 0 0 5214860 0
134964562 0 0 5661848 1
7831 0 0 328 1
600 0 0 25 0
672 0 0 28 1
775 0 0 31 1
25092 0 0 986 0
27306 0 0 1073 1
1040 0 0 40 1
1272 0 0 48 0
1431 0 0 54 1
6390 0 0 240 1
94446 0 0 3531 0
103032 0 0 3852 1
4173 0 0 156 1
49979 0 0 1863 0
56498 0 0 2106 1
783 0 0 29 1
70048 0 0 2592 0
76615 0 0 2835 1
1064 0 0 38 1
2993 0 0 82 0
1825 0 0 50 1
1036 0 0 28 1
4619 0 0 124 0
5066 0 0 136 1
1406 0 0 37 1
6760 0 0 160 0
4056 0 0 96 1
1161 0 0 27 1
16654950 0 0 386940 0
18320445 0 0 425634 1
24804 0 0 576 1
20623239 0 0 478686 0
12162423 0 0 282302 1
1144 0 0 26 1
5945 0 0 116 0
6560 0 0 128 1
3605 0 0 70 1
9212454 0 0 177916 0
9939753 0 0 191962 1
1300 0 0 25 1
2565780 0 0 48664 0
2840685 0 0 53878 1
1802 0 0 34 1
52556465 0 0 986346 0
56817800 0 0 1066320 1
10248 0 0 192 1
168577497 0 0 3158028 0
187308330 0 0 3508920 1
1782 0 0 33 1
8748 0 0 144 0
9477 0 0 156 1
1403 0 0 23 1
40150890 0 0 653432 0
44783685 0 0 728828 1
1984 0 0 32 1
8855 0 0 140 0
9614 0 0 152 1
20787 0 0 328 1
13832775 0 0 217900 0
15492708 0 0 244048 1
1984 0 0 31 1
8496430 0 0 129132 0
9246115 0 0 140526 1
10147720 0 0 151920 1
108 7 4 8 7 123 0
0 0 0 7
17 0 9 6
41 1 4 0
63 0 0 1
107 4 1 2
4294967294 4 2 2
4294967295 12 3 11
4 0 15 3551699 0 0 148996 0 17 41 4294967294
3 1 7 1420445 0 0 26658 0 17 4294967295 4294967294
3 1 7 189 0 0 16 0 63 4294967294 107
3 1 7 528801 0 0 12274 0 107 4294967295 4294967294
2 2 3 53 0 0 2 17 63 41 4294967294
2 2 3 24 0 0 1 17 107 41 4294967294
3 1 7 91635 0 0 1738 17 107 4294967295 4294967294
3 1 7 162 0 0 25 41 63 107 4294967294
3 2 7 2173 0 0 81 0 17 63 41 4294967294
3 2 7 738 0 0 29 0 17 107 41 4294967294
4 1 15 6243611 0 0 116964 0 17 107 4294967295 4294967294
2 3 3 33 0 0 2 0 41 63 107 4294967294
2 3 3 243 0 0 4 41 4294967295 0 107 4294967294
2 3 3 253 0 0 4 63 4294967295 0 107 4294967294
3 2 7 2862 0 0 107 17 63 107 41 4294967294
0 0 0 1 0
0 0 0 1 1
1 0 0 8 1
1 0 0 4 0
1 0 0 4 1
1 0 0 1 1
17 0 0 4 0
17 0 0 4 1
35 0 0 8 1
9 0 0 2 0
9 0 0 2 1
5 0 0 1 1
21 0 0 4 0
21 0 0 4 1
43 0 0 8 1
11 0 0 2 0
11 0 0 2 1
6 0 0 1 1
3213 0 0 514 0
3213 0 0 514 1
51 0 0 8 1
162 0 0 25 0
162 0 0 25 1
7 0 0 1 1
9 0 0 1 0
9 0 0 1 1
10 0 0 1 1
21 0 0 2 0
21 0 0 2 1
11 0 0 1 1
189 0 0 17 0
189 0 0 17 1
89 0 0 8 1
45 0 0 4 0
45 0 0 4 1
23 0 0 2 1
189 0 0 16 0
189 0 0 16 1
12 0 0 1 1
31 0 0 2 0
31 0 0 2 1
16 0 0 1 1
33 0 0 2 0
33 0 0 2 1
17 0 0 1 1
81 0 0 4 0
81 0 0 4 1
163 0 0 8 1
41 0 0 2 0
41 0 0 2 1
21 0 0 1 1
83886 0 0 3563 0
83886 0 0 3563 1
189 0 0 8 1
149445 0 0 6322 0
149445 0 0 6322 1
95 0 0 4 1
3551699 0 0 148996 0
3551699 0 0 148996 1
191 0 0 8 1
24 0 0 1 0
24 0 0 1 1
25 0 0 1 1
738 0 0 29 0
738 0 0 29 1
26 0 0 1 1
53 0 0 2 0
53 0 0 2 1
213 0 0 8 1
2862 0 0 107 0
2862 0 0 107 1
107 0 0 4 1
2173 0 0 81 0
2173 0 0 81 1
27 0 0 1 1
2189 0 0 81 0
2189 0 0 81 1
28 0 0 1 1
73 0 0 2 0
73 0 0 2 1
37 0 0 1 1
149 0 0 4 0
149 0 0 4 1
38 0 0 1 1
169 0 0 4 0
169 0 0 4 1
43 0 0 1 1
555165 0 0 12898 0
555165 0 0 12898 1
689 0 0 16 1
528801 0 0 12274 0
528801 0 0 12274 1
44 0 0 1 1
205 0 0 4 0
205 0 0 4 1
103 0 0 2 1
242433 0 0 4682 0
242433 0 0 4682 1
52 0 0 1 1
91635 0 0 1738 0
91635 0 0 1738 1
53 0 0 1 1
1420445 0 0 26658 0
1420445 0 0 26658 1
427 0 0 8 1
6243611 0 0 116964 0
6243611 0 0 116964 1
54 0 0 1 1
243 0 0 4 0
243 0 0 4 1
61 0 0 1 1
1544265 0 0 25132 0
1544265 0 0 25132 1
62 0 0 1 1
253 0 0 4 0
253 0 0 4 1
507 0 0 8 1
553311 0 0 8716 0
553311 0 0 8716 1
64 0 0 1 1
249895 0 0 3798 0
249895 0 0 3798 1
253693 0 0 3798 1
109 7 4 8 7 123 0
4294967295 12 3 11
4294967294 4 2 2
107 4 1 2
63 0 0 1
41 1 4 0
17 0 9 6
0 0 0 7
3 1 7 1134 0 0 175 41 63 107 4294967294
3 1 7 1557795 0 0 29546 17 107 4294967295 4294967294
2 2 3 240 0 0 10 17 107 41 4294967294
2 2 3 159 0 0 6 17 63 41 4294967294
3 1 7 6874413 0 0 159562 0 107 4294967295 4294967294
3 1 7 1134 0 0 96 0 63 4294967294 107
3 1 7 22727120 0 0 426528 0 17 4294967295 4294967294
4 0 15 31965291 0 0 1340964 0 17 41 4294967294
3 2 7 8586 0 0 321 17 63 107 41 4294967294
2 3 3 3289 0 0 52 63 4294967295 0 107 4294967294
2 3 3 1458 0 0 24 41 4294967295 0 107 4294967294
2 3 3 528 0 0 32 0 41 63 107 4294967294
4 1 15 56192499 0 0 1052676 0 17 107 4294967295 4294967294
3 2 7 1476 0 0 58 0 17 107 41 4294967294
3 2 7 26076 0 0 972 0 17 63 41 4294967294
0 0 0 37 0
0 0 0 40 1
24 0 0 192 1
27 0 0 108 0
30 0 0 120 1
33 0 0 33 1
612 0 0 144 0
663 0 0 156 1
805 0 0 184 1
234 0 0 52 0
261 0 0 58 1
160 0 0 32 1
735 0 0 140 0
798 0 0 152 1
1763 0 0 328 1
275 0 0 50 0
308 0 0 56 1
186 0 0 31 1
109242 0 0 17476 0
118881 0 0 19018 1
2040 0 0 320 1
3888 0 0 600 0
4374 0 0 675 1
210 0 0 30 1
297 0 0 33 0
324 0 0 36 1
390 0 0 39 1
483 0 0 46 0
546 0 0 52 1
319 0 0 29 1
6048 0 0 544 0
6615 0 0 595 1
3382 0 0 304 1
1845 0 0 164 0
1125 0 0 100 1
644 0 0 56 1
5859 0 0 496 0
6426 0 0 544 1
444 0 0 37 1
1240 0 0 80 0
744 0 0 48 1
432 0 0 27 1
990 0 0 60 0
1089 0 0 66 1
612 0 0 36 1
3159 0 0 156 0
1863 0 0 92 1
4238 0 0 208 1
1189 0 0 58 0
1312 0 0 64 1
735 0 0 35 1
3187668 0 0 135394 0
3439326 0 0 146083 1
4725 0 0 200 1
4184460 0 0 177016 0
4632795 0 0 195982 1
3230 0 0 136 1
131412863 0 0 5512852 0
142067960 0 0 5959840 1
4584 0 0 192 1
648 0 0 27 0
720 0 0 30 1
825 0 0 33 1
26568 0 0 1044 0
28782 0 0 1131 1
598 0 0 23 1
1378 0 0 52 0
1537 0 0 58 1
6816 0 0 256 1
100170 0 0 3745 0
108756 0 0 4066 1
4387 0 0 164 1
54325 0 0 2025 0
60844 0 0 2268 1
837 0 0 31 1
74426 0 0 2754 0
80993 0 0 2997 1
1120 0 0 40 1
1752 0 0 48 0
1971 0 0 54 1
1110 0 0 30 1
4917 0 0 132 0
5364 0 0 144 1
1482 0 0 39 1
3887 0 0 92 0
4394 0 0 104 1
1247 0 0 29 1
17765280 0 0 412736 0
19430775 0 0 451430 1
26182 0 0 608 1
21680841 0 0 503234 0
13220025 0 0 306850 1
1232 0 0 28 1
6355 0 0 124 0
6970 0 0 136 1
3811 0 0 74 1
9697320 0 0 187280 0
5818392 0 0 112368 1
1404 0 0 27 1
2749050 0 0 52140 0
3023955 0 0 57354 1
1908 0 0 36 1
55397355 0 0 1039662 0
32670235 0 0 613134 1
11102 0 0 208 1
181064719 0 0 3391956 0
199795552 0 0 3742848 1
1890 0 0 35 1
9234 0 0 152 0
9963 0 0 164 1
1525 0 0 25 1
43239420 0 0 703696 0
47872215 0 0 779092 1
2108 0 0 34 1
9361 0 0 148 0
10120 0 0 160 1
12168 0 0 192 1
14939397 0 0 235332 0
16599330 0 0 261480 1
2112 0 0 33 1
8996220 0 0 136728 0
9745905 0 0 148122 1
5834939 0 0 87354 1
110 7 5 7 3 123 0
0 0 0 7
17 0 9 6
41 1 4 0
63 0 0 1
107 4 1 2
4294967294 4 2 2
4294967295 12 3 11
3 2 7 2173 0 0 81 0 17 63 41 4294967294
3 2 7 738 0 0 29 0 17 107 41 4294967294
4 1 15 6243611 0 0 116964 0 17 107 4294967295 4294967294
2 3 3 33 0 0 2 0 41 63 107 4294967294
2 3 3 243 0 0 4 41 4294967295 0 107 4294967294
2 3 3 253 0 0 4 63 4294967295 0 107 4294967294
3 2 7 2862 0 0 107 17 63 107 41 4294967294
4 2 15 2189 0 0 81 0 17 63 107 41 4294967294
3 3 7 1544265 0 0 25132 17 41 4294967295 0 107 4294967294
3 3 7 553311 0 0 8716 41 63 4294967295 0 107 4294967294
0 0 0 1 0
0 0 0 1 1
1 0 0 8 1
1 0 0 4 0
1 0 0 4 1
1 0 0 1 1
17 0 0 4 0
17 0 0 4 1
35 0 0 8 1
9 0 0 2 0
9 0 0 2 1
5 0 0 1 1
21 0 0 4 0
21 0 0 4 1
43 0 0 8 1
11 0 0 2 0
11 0 0 2 1
6 0 0 1 1
3213 0 0 514 0
3213 0 0 514 1
51 0 0 8 1
162 0 0 25 0
162 0 0 25 1
7 0 0 1 1
9 0 0 1 0
9 0 0 1 1
10 0 0 1 1
21 0 0 2 0
21 0 0 2 1
11 0 0 1 1
189 0 0 17 0
189 0 0 17 1
89 0 0 8 1
45 0 0 4 0
45 0 0 4 1
23 0 0 2 1
189 0 0 16 0
189 0 0 16 1
12 0 0 1 1
31 0 0 2 0
31 0 0 2 1
16 0 0 1 1
33 0 0 2 0
33 0 0 2 1
17 0 0 1 1
81 0 0 4 0
81 0 0 4 1
163 0 0 8 1
41 0 0 2 0
41 0 0 2 1
21 0 0 1 1
83886 0 0 3563 0
83886 0 0 3563 1
189 0 0 8 1
149445 0 0 6322 0
149445 0 0 6322 1
95 0 0 4 1
3551699 0 0 148996 0
3551699 0 0 148996 1
191 0 0 8 1
24 0 0 1 0
24 0 0 1 1
25 0 0 1 1
738 0 0 29 0
738 0 0 29 1
26 0 0 1 1
53 0 0 2 0
53 0 0 2 1
213 0 0 8 1
2862 0 0 107 0
2862 0 0 107 1
107 0 0 4 1
2173 0 0 81 0
2173 0 0 81 1
27 0 0 1 1
2189 0 0 81 0
2189 0 0 81 1
28 0 0 1 1
73 0 0 2 0
73 0 0 2 1
37 0 0 1 1
149 0 0 4 0
149 0 0 4 1
38 0 0 1 1
169 0 0 4 0
169 0 0 4 1
43 0 0 1 1
555165 0 0 12898 0
555165 0 0 12898 1
689 0 0 16 1
528801 0 0 12274 0
528801 0 0 12274 1
44 0 0 1 1
205 0 0 4 0
205 0 0 4 1
103 0 0 2 1
242433 0 0 4682 0
242433 0 0 4682 1
52 0 0 1 1
91635 0 0 1738 0
91635 0 0 1738 1
53 0 0 1 1
1420445 0 0 26658 0
1420445 0 0 26658 1
427 0 0 8 1
6243611 0 0 116964 0
6243611 0 0 116964 1
54 0 0 1 1
243 0 0 4 0
243 0 0 4 1
61 0 0 1 1
1544265 0 0 25132 0
1544265 0 0 25132 1
62 0 0 1 1
253 0 0 4 0
253 0 0 4 1
507 0 0 8 1
553311 0 0 8716 0
553311 0 0 8716 1
64 0 0 1 1
249895 0 0 3798 0
249895 0 0 3798 1
253693 0 0 3798 1
111 7 5 7 3 123 0
4294967295 12 3 11
4294967294 4 2 2
107 4 1 2
63 0 0 1
41 1 4 0
17 0 9 6
0 0 0 7
3 2 7 5724 0 0 214 17 63 107 41 4294967294
2 3 3 3036 0 0 48 63 4294967295 0 107 4294967294
2 3 3 1215 0 0 20 41 4294967295 0 107 4294967294
2 3 3 495 0 0 30 0 41 63 107 4294967294
4 1 15 49948888 0 0 935712 0 17 107 4294967295 4294967294
3 2 7 13284 0 0 522 0 17 107 41 4294967294
3 2 7 23903 0 0 891 0 17 63 41 4294967294
3 3 7 6086421 0 0 95876 41 63 4294967295 0 107 4294967294
3 3 7 6177060 0 0 100528 17 41 4294967295 0 107 4294967294
4 2 15 30646 0 0 1134 0 17 63 107 41 4294967294
0 0 0 39 0
0 0 0 23 1
26 0 0 208 1
29 0 0 116 0
32 0 0 128 1
35 0 0 35 1
646 0 0 152 0
697 0 0 164 1
875 0 0 200 1
252 0 0 56 0
279 0 0 62 1
170 0 0 34 1
777 0 0 148 0
840 0 0 160 1
1032 0 0 192 1
297 0 0 54 0
330 0 0 60 1
198 0 0 33 1
115668 0 0 18504 0
125307 0 0 20046 1
1173 0 0 184 1
4212 0 0 650 0
4698 0 0 725 1
224 0 0 32 1
315 0 0 35 0
342 0 0 38 1
410 0 0 41 1
525 0 0 50 0
588 0 0 56 1
341 0 0 31 1
6426 0 0 578 0
6993 0 0 629 1
3560 0 0 320 1
1080 0 0 96 0
1215 0 0 108 1
690 0 0 60 1
6237 0 0 528 0
6804 0 0 576 1
468 0 0 39 1
713 0 0 46 0
806 0 0 52 1
464 0 0 29 1
1056 0 0 64 0
1155 0 0 70 1
646 0 0 38 1
3321 0 0 164 0
2025 0 0 100 1
4564 0 0 224 1
1271 0 0 62 0
1394 0 0 68 1
777 0 0 37 1
3355440 0 0 142520 0
2013264 0 0 85512 1
5103 0 0 216 1
4483350 0 0 189660 0
4931685 0 0 208626 1
3420 0 0 144 1
138516261 0 0 5810844 0
81689077 0 0 3426908 1
4966 0 0 208 1
696 0 0 29 0
768 0 0 32 1
875 0 0 35 1
28044 0 0 1102 0
30258 0 0 1189 1
650 0 0 25 1
1484 0 0 56 0
1643 0 0 62 1
7242 0 0 272 1
105894 0 0 3959 0
114480 0 0 4280 1
2568 0 0 96 1
58671 0 0 2187 0
65190 0 0 2430 1
891 0 0 33 1
78804 0 0 2916 0
85371 0 0 3159 1
644 0 0 23 1
1898 0 0 52 0
2117 0 0 58 1
1184 0 0 32 1
5215 0 0 140 0
5662 0 0 152 1
1558 0 0 41 1
4225 0 0 100 0
4732 0 0 112 1
1333 0 0 31 1
18875610 0 0 438532 0
20541105 0 0 477226 1
27560 0 0 640 1
12691224 0 0 294576 0
14277627 0 0 331398 1
1320 0 0 30 1
6765 0 0 132 0
7380 0 0 144 1
4017 0 0 78 1
5575959 0 0 107686 0
6303258 0 0 121732 1
1508 0 0 29 1
2932320 0 0 55616 0
3207225 0 0 60830 1
2014 0 0 38 1
58238245 0 0 1092978 0
35511125 0 0 666450 1
11956 0 0 224 1
193551941 0 0 3625884 0
212282774 0 0 3976776 1
1998 0 0 37 1
9720 0 0 160 0
5832 0 0 96 1
1647 0 0 27 1
46327950 0 0 753960 0
50960745 0 0 829356 1
2232 0 0 36 1
9867 0 0 156 0
5819 0 0 92 1
13182 0 0 208 1
16046019 0 0 252764 0
17705952 0 0 278912 1
2240 0 0 35 1
9496010 0 0 144324 0
10245695 0 0 155718 1
6342325 0 0 94950 1
112 7 6 3 1 123 0
0 0 0 7
17 0 9 6
41 1 4 0
63 0 0 1
107 4 1 2
4294967294 4 2 2
4294967295 12 3 11
4 2 15 2189 0 0 81 0 17 63 107 41 4294967294
3 3 7 1544265 0 0 25132 17 41 4294967295 0 107 4294967294
3 3 7 553311 0 0 8716 41 63 4294967295 0 107 4294967294
3 4 7 249895 0 0 3798 17 63 4294967295 0 41 107 4294967294
0 0 0 1 0
0 0 0 1 1
1 0 0 8 1
1 0 0 4 0
1 0 0 4 1
1 0 0 1 1
17 0 0 4 0
17 0 0 4 1
35 0 0 8 1
9 0 0 2 0
9 0 0 2 1
5 0 0 1 1
21 0 0 4 0
21 0 0 4 1
43 0 0 8 1
11 0 0 2 0
11 0 0 2 1
6 0 0 1 1
3213 0 0 514 0
3213 0 0 514 1
51 0 0 8 1
162 0 0 25 0
162 0 0 25 1
7 0 0 1 1
9 0 0 1 0
9 0 0 1 1
10 0 0 1 1
21 0 0 2 0
21 0 0 2 1
11 0 0 1 1
189 0 0 17 0
189 0 0 17 1
89 0 0 8 1
45 0 0 4 0
45 0 0 4 1
23 0 0 2 1
189 0 0 16 0
189 0 0 16 1
12 0 0 1 1
31 0 0 2 0
31 0 0 2 1
16 0 0 1 1
33 0 0 2 0
33 0 0 2 1
17 0 0 1 1
81 0 0 4 0
81 0 0 4 1
163 0 0 8 1
41 0 0 2 0
41 0 0 2 1
21 0 0 1 1
83886 0 0 3563 0
83886 0 0 3563 1
189 0 0 8 1
149445 0 0 6322 0
149445 0 0 6322 1
95 0 0 4 1
3551699 0 0 148996 0
3551699 0 0 148996 1
191 0 0 8 1
24 0 0 1 0
24 0 0 1 1
25 0 0 1 1
738 0 0 29 0
738 0 0 29 1
26 0 0 1 1
53 0 0 2 0
53 0 0 2 1
213 0 0 8 1
2862 0 0 107 0
2862 0 0 107 1
107 0 0 4 1
2173 0 0 81 0
2173 0 0 81 1
27 0 0 1 1
2189 0 0 81 0
2189 0 0 81 1
28 0 0 1 1
73 0 0 2 0
73 0 0 2 1
37 0 0 1 1
149 0 0 4 0
149 0 0 4 1
38 0 0 1 1
169 0 0 4 0
169 0 0 4 1
43 0 0 1 1
555165 0 0 12898 0
555165 0 0 12898 1
689 0 0 16 1
528801 0 0 12274 0
528801 0 0 12274 1
44 0 0 1 1
205 0 0 4 0
205 0 0 4 1
103 0 0 2 1
242433 0 0 4682 0
242433 0 0 4682 1
52 0 0 1 1
91635 0 0 1738 0
91635 0 0 1738 1
53 0 0 1 1
1420445 0 0 26658 0
1420445 0 0 26658 1
427 0 0 8 1
6243611 0 0 116964 0
6243611 0 0 116964 1
54 0 0 1 1
243 0 0 4 0
243 0 0 4 1
61 0 0 1 1
1544265 0 0 25132 0
1544265 0 0 25132 1
62 0 0 1 1
253 0 0 4 0
253 0 0 4 1
507 0 0 8 1
553311 0 0 8716 0
553311 0 0 8716 1
64 0 0 1 1
249895 0 0 3798 0
249895 0 0 3798 1
253693 0 0 3798 1
113 7 6 3 1 123 0
4294967295 12 3 11
4294967294 4 2 2
107 4 1 2
63 0 0 1
41 1 4 0
17 0 9 6
0 0 0 7
3 3 7 5533110 0 0 87160 41 63 4294967295 0 107 4294967294
3 3 7 4632795 0 0 75396 17 41 4294967295 0 107 4294967294
4 2 15 28457 0 0 1053 0 17 63 107 41 4294967294
3 4 7 3998320 0 0 60768 17 63 4294967295 0 41 107 4294967294
0 0 0 41 0
0 0 0 25 1
28 0 0 224 1
31 0 0 124 0
34 0 0 136 1
37 0 0 37 1
680 0 0 160 0
408 0 0 96 1
945 0 0 216 1
270 0 0 60 0
297 0 0 66 1
180 0 0 36 1
819 0 0 156 0
483 0 0 92 1
1118 0 0 208 1
319 0 0 58 0
352 0 0 64 1
210 0 0 35 1
122094 0 0 19532 0
131733 0 0 21074 1
1275 0 0 200 1
4536 0 0 700 0
5022 0 0 775 1
238 0 0 34 1
333 0 0 37 0
360 0 0 40 1
240 0 0 24 1
567 0 0 54 0
630 0 0 60 1
363 0 0 33 1
6804 0 0 612 0
7371 0 0 663 1
2047 0 0 184 1
1170 0 0 104 0
1305 0 0 116 1
736 0 0 64 1
6615 0 0 560 0
7182 0 0 608 1
492 0 0 41 1
775 0 0 50 0
868 0 0 56 1
496 0 0 31 1
1122 0 0 68 0
1221 0 0 74 1
680 0 0 40 1
1944 0 0 96 0
2187 0 0 108 1
4890 0 0 240 1
1353 0 0 66 0
1476 0 0 72 1
819 0 0 39 1
1929378 0 0 81949 0
2181036 0 0 92638 1
5481 0 0 232 1
4782240 0 0 202304 0
5230575 0 0 221270 1
3610 0 0 152 1
145619659 0 0 6108836 0
88792475 0 0 3724900 1
5348 0 0 224 1
744 0 0 31 0
816 0 0 34 1
925 0 0 37 1
29520 0 0 1160 0
17712 0 0 696 1
702 0 0 27 1
1590 0 0 60 0
1749 0 0 66 1
7668 0 0 288 1
111618 0 0 4173 0
65826 0 0 2461 1
2782 0 0 104 1
63017 0 0 2349 0
69536 0 0 2592 1
945 0 0 35 1
83182 0 0 3078 0
89749 0 0 3321 1
700 0 0 25 1
2044 0 0 56 0
2263 0 0 62 1
1258 0 0 34 1
5513 0 0 148 0
5960 0 0 160 1
912 0 0 24 1
4563 0 0 108 0
5070 0 0 120 1
1419 0 0 33 1
19985940 0 0 464328 0
21651435 0 0 503022 1
15847 0 0 368 1
13748826 0 0 319124 0
15335229 0 0 355946 1
1408 0 0 32 1
7175 0 0 140 0
7790 0 0 152 1
4223 0 0 82 1
6060825 0 0 117050 0
6788124 0 0 131096 1
1612 0 0 31 1
3115590 0 0 59092 0
3390495 0 0 64306 1
2120 0 0 40 1
34090680 0 0 639792 0
38352015 0 0 719766 1
12810 0 0 240 1
206039163 0 0 3859812 0
224769996 0 0 4210704 1
2106 0 0 39 1
5589 0 0 92 0
6318 0 0 104 1
1769 0 0 29 1
49416480 0 0 804224 0
54049275 0 0 879620 1
2356 0 0 38 1
10373 0 0 164 0
6325 0 0 100 1
14196 0 0 224 1
17152641 0 0 270196 0
18812574 0 0 296344 1
2368 0 0 37 1
9995800 0 0 151920 0
5997480 0 0 91152 1
6849711 0 0 102546 1
114 7 7 1 0 123 0
0 0 0 7
17 0 9 6
41 1 4 0
63 0 0 1
107 4 1 2
4294967294 4 2 2
4294967295 12 3 11
3 4 7 249895 0 0 3798 17 63 4294967295 0 41 107 4294967294
0 0 0 1 0
0 0 0 1 1
1 0 0 8 1
1 0 0 4 0
1 0 0 4 1
1 0 0 1 1
17 0 0 4 0
17 0 0 4 1
35 0 0 8 1
9 0 0 2 0
9 0 0 2 1
5 0 0 1 1
21 0 0 4 0
21 0 0 4 1
43 0 0 8 1
11 0 0 2 0
11 0 0 2 1
6 0 0 1 1
3213 0 0 514 0
3213 0 0 514 1
51 0 0 8 1
162 0 0 25 0
162 0 0 25 1
7 0 0 1 1
9 0 0 1 0
9 0 0 1 1
10 0 0 1 1
21 0 0 2 0
21 0 0 2 1
11 0 0 1 1
189 0 0 17 0
189 0 0 17 1
89 0 0 8 1
45 0 0 4 0
45 0 0 4 1
23 0 0 2 1
189 0 0 16 0
189 0 0 16 1
12 0 0 1 1
31 0 0 2 0
31 0 0 2 1
16 0 0 1 1
33 0 0 2 0
33 0 0 2 1
17 0 0 1 1
81 0 0 4 0
81 0 0 4 1
163 0 0 8 1
41 0 0 2 0
41 0 0 2 1
21 0 0 1 1
83886 0 0 3563 0
83886 0 0 3563 1
189 0 0 8 1
149445 0 0 6322 0
149445 0 0 6322 1
95 0 0 4 1
3551699 0 0 148996 0
3551699 0 0 148996 1
191 0 0 8 1
24 0 0 1 0
24 0 0 1 1
25 0 0 1 1
738 0 0 29 0
738 0 0 29 1
26 0 0 1 1
53 0 0 2 0
53 0 0 2 1
213 0 0 8 1
2862 0 0 107 0
2862 0 0 107 1
107 0 0 4 1
2173 0 0 81 0
2173 0 0 81 1
27 0 0 1 1
2189 0 0 81 0
2189 0 0 81 1
28 0 0 1 1
73 0 0 2 0
73 0 0 2 1
37 0 0 1 1
149 0 0 4 0
149 0 0 4 1
38 0 0 1 1
169 0 0 4 0
169 0 0 4 1
43 0 0 1 1
555165 0 0 12898 0
555165 0 0 12898 1
689 0 0 16 1
528801 0 0 12274 0
528801 0 0 12274 1
44 0 0 1 1
205 0 0 4 0
205 0 0 4 1
103 0 0 2 1
242433 0 0 4682 0
242433 0 0 4682 1
52 0 0 1 1
91635 0 0 1738 0
91635 0 0 1738 1
53 0 0 1 1
1420445 0 0 26658 0
1420445 0 0 26658 1
427 0 0 8 1
6243611 0 0 116964 0
6243611 0 0 116964 1
54 0 0 1 1
243 0 0 4 0
243 0 0 4 1
61 0 0 1 1
1544265 0 0 25132 0
1544265 0 0 25132 1
62 0 0 1 1
253 0 0 4 0
253 0 0 4 1
507 0 0 8 1
553311 0 0 8716 0
553311 0 0 8716 1
64 0 0 1 1
249895 0 0 3798 0
249895 0 0 3798 1
253693 0 0 3798 1
115 7 7 1 0 123 0
4294967295 12 3 11
4294967294 4 2 2
107 4 1 2
63 0 0 1
41 1 4 0
17 0 9 6
0 0 0 7
3 4 7 3748425 0 0 56970 17 63 4294967295 0 41 107 4294967294
0 0 0 24 0
0 0 0 27 1
30 0 0 240 1
33 0 0 132 0
36 0 0 144 1
39 0 0 39 1
391 0 0 92 0
442 0 0 104 1
1015 0 0 232 1
288 0 0 64 0
315 0 0 70 1
190 0 0 38 1
861 0 0 164 0
525 0 0 100 1
1204 0 0 224 1
341 0 0 62 0
374 0 0 68 1
222 0 0 37 1
128520 0 0 20560 0
77112 0 0 12336 1
1377 0 0 216 1
4860 0 0 750 0
5346 0 0 825 1
252 0 0 36 1
351 0 0 39 0
207 0 0 23 1
260 0 0 26 1
609 0 0 58 0
672 0 0 64 1
385 0 0 35 1
7182 0 0 646 0
7749 0 0 697 1
2225 0 0 200 1
1260 0 0 112 0
1395 0 0 124 1
782 0 0 68 1
6993 0 0 592 0
7560 0 0 640 1
288 0 0 24 1
837 0 0 54 0
930 0 0 60 1
528 0 0 33 1
1188 0 0 72 0
1287 0 0 78 1
391 0 0 23 1
2106 0 0 104 0
2349 0 0 116 1
5216 0 0 256 1
1435 0 0 70 0
1558 0 0 76 1
861 0 0 41 1
2097150 0 0 89075 0
2348808 0 0 99764 1
5859 0 0 248 1
5081130 0 0 214948 0
5529465 0 0 233914 1
3800 0 0 160 1
85240776 0 0 3575904 0
95895873 0 0 4022892 1
5730 0 0 240 1
792 0 0 33 0
864 0 0 36 1
975 0 0 39 1
16974 0 0 667 0
19188 0 0 754 1
754 0 0 29 1
1696 0 0 64 0
1855 0 0 70 1
8094 0 0 304 1
117342 0 0 4387 0
71550 0 0 2675 1
2996 0 0 112 1
67363 0 0 2511 0
73882 0 0 2754 1
999 0 0 37 1
87560 0 0 3240 0
52536 0 0 1944 1
756 0 0 27 1
2190 0 0 60 0
2409 0 0 66 1
1332 0 0 36 1
5811 0 0 156 0
3427 0 0 92 1
988 0 0 26 1
4901 0 0 116 0
5408 0 0 128 1
1505 0 0 35 1
21096270 0 0 490124 0
22761765 0 0 528818 1
17225 0 0 400 1
14806428 0 0 343672 0
16392831 0 0 380494 1
1496 0 0 34 1
7585 0 0 148 0
8200 0 0 160 1
2472 0 0 48 1
6545691 0 0 126414 0
7272990 0 0 140460 1
1716 0 0 33 1
3298860 0 0 62568 0
3573765 0 0 67782 1
1219 0 0 23 1
36931570 0 0 693108 0
41192905 0 0 773082 1
13664 0 0 256 1
218526385 0 0 4093740 0
237257218 0 0 4444632 1
2214 0 0 41 1
6075 0 0 100 0
6804 0 0 112 1
1891 0 0 31 1
52505010 0 0 854488 0
57137805 0 0 929884 1
2480 0 0 40 1
6072 0 0 96 0
6831 0 0 108 1
15210 0 0 240 1
18259263 0 0 287628 0
19919196 0 0 313776 1
2496 0 0 39 1
5747585 0 0 87354 0
6497270 0 0 98748 1
7357097 0 0 110142 1
116 7 1 0 13 135 0
0 0 0 7
17 0 9 6
41 1 4 0
63 0 0 1
107 4 1 2
4294967294 2 2 4
4294967295 5 6 3
2 0 3 17 0 0 4 0 4294967294
2 0 3 31 0 0 2 17 41
2 0 3 57 0 0 4 17 4294967294
2 0 3 43 0 0 4 17 4294967295
2 0 3 9 0 0 2 41 63
2 0 3 11 0 0 2 41 107
2 0 3 21 0 0 4 41 4294967294
2 0 3 29 0 0 4 41 4294967295
2 0 3 9 0 0 2 63 107
2 0 3 17 0 0 4 63 4294967294
2 0 3 9 0 0 4 107 4294967294
2 0 3 27 0 0 4 107 4294967295
2 0 3 13 0 0 2 4294967294 4294967295
0 0 0 1 0
0 0 0 1 1
1 0 0 1 1
9 0 0 4 0
9 0 0 4 1
3 0 0 1 1
17 0 0 4 0
17 0 0 4 1
35 0 0 8 1
9 0 0 2 0
9 0 0 2 1
5 0 0 1 1
1377 0 0 274 0
1377 0 0 274 1
41 0 0 8 1
21 0 0 4 0
21 0 0 4 1
43 0 0 8 1
11 0 0 2 0
11 0 0 2 1
6 0 0 1 1
2079 0 0 346 0
2079 0 0 346 1
25 0 0 4 1
3213 0 0 514 0
3213 0 0 514 1
51 0 0 8 1
162 0 0 25 0
162 0 0 25 1
415 0 0 64 1
13 0 0 2 0
13 0 0 2 1
53 0 0 8 1
54347 0 0 8100 0
54347 0 0 8100 1
215 0 0 32 1
27 0 0 4 0
27 0 0 4 1
7 0 0 1 1
3159 0 0 436 0
3159 0 0 436 1
1855 0 0 256 1
29 0 0 4 0
29 0 0 4 1
8 0 0 1 1
2639 0 0 310 0
2639 0 0 310 1
69 0 0 8 1
8613 0 0 988 0
8613 0 0 988 1
35 0 0 4 1
131603 0 0 14884 0
131603 0 0 14884 1
71 0 0 8 1
9 0 0 1 0
9 0 0 1 1
10 0 0 1 1
21 0 0 2 0
21 0 0 2 1
85 0 0 8 1
43 0 0 4 0
43 0 0 4 1
11 0 0 1 1
189 0 0 17 0
189 0 0 17 1
12 0 0 1 1
57 0 0 4 0
57 0 0 4 1
29 0 0 2 1
31863 0 0 2164 0
31863 0 0 2164 1
15 0 0 1 1
31 0 0 2 0
31 0 0 2 1
63 0 0 4 1
38657 0 0 2444 0
38657 0 0 2444 1
16 0 0 1 1
65 0 0 4 0
65 0 0 4 1
131 0 0 8 1
37107 0 0 2266 0
37107 0 0 2266 1
525 0 0 32 1
1269875 0 0 77284 0
1269875 0 0 77284 1
263 0 0 16 1
33 0 0 2 0
33 0 0 2 1
17 0 0 1 1
77 0 0 4 0
77 0 0 4 1
20 0 0 1 1
24563 0 0 1222 0
24563 0 0 1222 1
81 0 0 4 1
41 0 0 2 0
41 0 0 2 1
2625 0 0 128 1
5005 0 0 244 0
5005 0 0 244 1
21 0 0 1 1
135751 0 0 5900 0
135751 0 0 5900 1
47 0 0 2 1
83886 0 0 3563 0
83886 0 0 3563 1
95 0 0 4 1
6699923 0 0 280900 0
6699923 0 0 280900 1
191 0 0 8 1
24 0 0 1 0
24 0 0 1 1
25 0 0 1 1
738 0 0 29 0
738 0 0 29 1
26 0 0 1 1
53 0 0 2 0
53 0 0 2 1
3393 0 0 128 1
148135 0 0 5588 0
148135 0 0 5588 1
213 0 0 8 1
2862 0 0 107 0
2862 0 0 107 1
107 0 0 4 1
2173 0 0 81 0
2173 0 0 81 1
215 0 0 8 1
217741 0 0 8100 0
217741 0 0 8100 1
27 0 0 1 1
2189 0 0 81 0
2189 0 0 81 1
2270 0 0 81 1
117 7 1 0 13 135 0
4294967295 5 6 3
4294967294 2 2 4
107 4 1 2
63 0 0 1
41 1 4 0
17 0 9 6
0 0 0 7
2 0 3 26 0 0 4 4294967294 4294967295
2 0 3 324 0 0 48 107 4294967295
2 0 3 45 0 0 20 107 4294967294
2 0 3 255 0 0 60 63 4294967294
2 0 3 72 0 0 16 63 107
2 0 3 522 0 0 72 41 4294967295
2 0 3 231 0 0 44 41 4294967294
2 0 3 44 0 0 8 41 107
2 0 3 126 0 0 28 41 63
2 0 3 301 0 0 28 17 4294967295
2 0 3 969 0 0 68 17 4294967294
2 0 3 310 0 0 20 17 41
2 0 3 51 0 0 12 0 4294967294
0 0 0 26 0
0 0 0 29 1
32 0 0 32 1
315 0 0 140 0
342 0 0 152 1
123 0 0 41 1
425 0 0 100 0
476 0 0 112 1
1085 0 0 248 1
306 0 0 68 0
333 0 0 74 1
200 0 0 40 1
33048 0 0 6576 0
37179 0 0 7398 1
1230 0 0 240 1
693 0 0 132 0
756 0 0 144 1
1677 0 0 312 1
253 0 0 46 0
286 0 0 52 1
174 0 0 29 1
66528 0 0 11072 0
72765 0 0 12110 1
950 0 0 152 1
131733 0 0 21074 0
80325 0 0 12850 1
1428 0 0 224 1
5022 0 0 775 0
5508 0 0 850 1
15355 0 0 2368 1
520 0 0 80 0
312 0 0 48 1
1431 0 0 216 1
1630410 0 0 243000 0
1793451 0 0 267300 1
7740 0 0 1152 1
1053 0 0 156 0
621 0 0 92 1
182 0 0 26 1
91611 0 0 12644 0
101088 0 0 13952 1
64925 0 0 8960 1
1102 0 0 152 0
1189 0 0 164 1
200 0 0 25 1
73892 0 0 8680 0
81809 0 0 9610 1
2346 0 0 272 1
318681 0 0 36556 0
344520 0 0 39520 1
840 0 0 96 1
3553281 0 0 401868 0
3948090 0 0 446520 1
2343 0 0 264 1
324 0 0 36 0
351 0 0 39 1
230 0 0 23 1
546 0 0 52 0
609 0 0 58 1
2720 0 0 256 1
1505 0 0 140 0
1634 0 0 152 1
451 0 0 41 1
4725 0 0 425 0
5292 0 0 476 1
372 0 0 31 1
1938 0 0 136 0
2109 0 0 148 1
1160 0 0 80 1
764712 0 0 51936 0
860301 0 0 58428 1
450 0 0 30 1
1023 0 0 66 0
1116 0 0 72 1
2457 0 0 156 1
889111 0 0 56212 0
1005082 0 0 63544 1
464 0 0 29 1
2080 0 0 128 0
2275 0 0 140 1
4978 0 0 304 1
1521387 0 0 92906 0
927675 0 0 56650 1
14700 0 0 896 1
39366125 0 0 2395804 0
43175750 0 0 2627656 1
9731 0 0 592 1
1320 0 0 80 0
792 0 0 48 1
459 0 0 27 1
2310 0 0 120 0
2541 0 0 132 1
720 0 0 36 1
957957 0 0 47658 0
564949 0 0 28106 1
2106 0 0 104 1
1189 0 0 58 0
1312 0 0 64 1
91875 0 0 4480 1
190190 0 0 9272 0
205205 0 0 10004 1
525 0 0 25 1
3801028 0 0 165200 0
4208281 0 0 182900 1
1598 0 0 68 1
3103782 0 0 131831 0
3355440 0 0 142520 1
2280 0 0 96 1
180897921 0 0 7584300 0
200997690 0 0 8427000 1
6303 0 0 264 1
864 0 0 36 0
936 0 0 39 1
575 0 0 23 1
19188 0 0 754 0
21402 0 0 841 1
832 0 0 32 1
1855 0 0 70 0
2014 0 0 76 1
139113 0 0 5248 1
3703375 0 0 139700 0
4147780 0 0 156464 1
6603 0 0 248 1
97308 0 0 3638 0
105894 0 0 3959 1
4280 0 0 160 1
52152 0 0 1944 0
58671 0 0 2187 1
6450 0 0 240 1
7185453 0 0 267300 0
7838676 0 0 291600 1
1053 0 0 39 1
50347 0 0 1863 0
56914 0 0 2106 1
65830 0 0 2349 1
118 7 2 13 13 135 0
0 0 0 7
17 0 9 6
41 1 4 0
63 0 0 1
107 4 1 2
4294967294 2 2 4
4294967295 5 6 3
2 0 3 17 0 0 4 0 4294967294
2 0 3 31 0 0 2 17 41
2 0 3 57 0 0 4 17 4294967294
2 0 3 43 0 0 4 17 4294967295
2 0 3 9 0 0 2 41 63
2 0 3 11 0 0 2 41 107
2 0 3 21 0 0 4 41 4294967294
2 0 3 29 0 0 4 41 4294967295
2 0 3 9 0 0 2 63 107
2 0 3 17 0 0 4 63 4294967294
2 0 3 9 0 0 4 107 4294967294
2 0 3 27 0 0 4 107 4294967295
2 0 3 13 0 0 2 4294967294 4294967295
2 1 3 41 0 0 2 0 17 4294967294
2 1 3 9 0 0 1 0 63 4294967294
2 1 3 21 0 0 2 0 107 4294967294
3 0 7 37107 0 0 2266 17 41 4294967294
3 0 7 38657 0 0 2444 17 41 4294967295
3 0 7 31863 0 0 2164 17 4294967294 4294967295
3 0 7 162 0 0 25 41 63 107
3 0 7 3213 0 0 514 41 63 4294967294
3 0 7 2079 0 0 346 41 107 4294967294
3 0 7 8613 0 0 988 41 107 4294967295
3 0 7 2639 0 0 310 41 4294967294 4294967295
3 0 7 1377 0 0 274 63 107 4294967294
3 0 7 3159 0 0 436 107 4294967294 4294967295
0 0 0 1 0
0 0 0 1 1
1 0 0 1 1
9 0 0 4 0
9 0 0 4 1
3 0 0 1 1
17 0 0 4 0
17 0 0 4 1
35 0 0 8 1
9 0 0 2 0
9 0 0 2 1
5 0 0 1 1
1377 0 0 274 0
1377 0 0 274 1
41 0 0 8 1
21 0 0 4 0
21 0 0 4 1
43 0 0 8 1
11 0 0 2 0
11 0 0 2 1
6 0 0 1 1
2079 0 0 346 0
2079 0 0 346 1
25 0 0 4 1
3213 0 0 514 0
3213 0 0 514 1
51 0 0 8 1
162 0 0 25 0
162 0 0 25 1
415 0 0 64 1
13 0 0 2 0
13 0 0 2 1
53 0 0 8 1
54347 0 0 8100 0
54347 0 0 8100 1
215 0 0 32 1
27 0 0 4 0
27 0 0 4 1
7 0 0 1 1
3159 0 0 436 0
3159 0 0 436 1
1855 0 0 256 1
29 0 0 4 0
29 0 0 4 1
8 0 0 1 1
2639 0 0 310 0
2639 0 0 310 1
69 0 0 8 1
8613 0 0 988 0
8613 0 0 988 1
35 0 0 4 1
131603 0 0 14884 0
131603 0 0 14884 1
71 0 0 8 1
9 0 0 1 0
9 0 0 1 1
10 0 0 1 1
21 0 0 2 0
21 0 0 2 1
85 0 0 8 1
43 0 0 4 0
43 0 0 4 1
11 0 0 1 1
189 0 0 17 0
189 0 0 17 1
12 0 0 1 1
57 0 0 4 0
57 0 0 4 1
29 0 0 2 1
31863 0 0 2164 0
31863 0 0 2164 1
15 0 0 1 1
31 0 0 2 0
31 0 0 2 1
63 0 0 4 1
38657 0 0 2444 0
38657 0 0 2444 1
16 0 0 1 1
65 0 0 4 0
65 0 0 4 1
131 0 0 8 1
37107 0 0 2266 0
37107 0 0 2266 1
525 0 0 32 1
1269875 0 0 77284 0
1269875 0 0 77284 1
263 0 0 16 1
33 0 0 2 0
33 0 0 2 1
17 0 0 1 1
77 0 0 4 0
77 0 0 4 1
20 0 0 1 1
24563 0 0 1222 0
24563 0 0 1222 1
81 0 0 4 1
41 0 0 2 0
41 0 0 2 1
2625 0 0 128 1
5005 0 0 244 0
5005 0 0 244 1
21 0 0 1 1
135751 0 0 5900 0
135751 0 0 5900 1
47 0 0 2 1
83886 0 0 3563 0
83886 0 0 3563 1
95 0 0 4 1
6699923 0 0 280900 0
6699923 0 0 280900 1
191 0 0 8 1
24 0 0 1 0
24 0 0 1 1
25 0 0 1 1
738 0 0 29 0
738 0 0 29 1
26 0 0 1 1
53 0 0 2 0
53 0 0 2 1
3393 0 0 128 1
148135 0 0 5588 0
148135 0 0 5588 1
213 0 0 8 1
2862 0 0 107 0
2862 0 0 107 1
107 0 0 4 1
2173 0 0 81 0
2173 0 0 81 1
215 0 0 8 1
217741 0 0 8100 0
217741 0 0 8100 1
27 0 0 1 1
2189 0 0 81 0
2189 0 0 81 1
2270 0 0 81 1
119 7 2 13 13 135 0
4294967295 5 6 3
4294967294 2 2 4
107 4 1 2
63 0 0 1
41 1 4 0
17 0 9 6
0 0 0 7
2 0 3 234 0 0 36 4294967294 4294967295
2 0 3 297 0 0 44 107 4294967295
2 0 3 36 0 0 16 107 4294967294
2 0 3 238 0 0 56 63 4294967294
2 0 3 63 0 0 14 63 107
2 0 3 493 0 0 68 41 4294967295
2 0 3 210 0 0 40 41 4294967294
2 0 3 33 0 0 6 41 107
2 0 3 117 0 0 26 41 63
2 0 3 258 0 0 24 17 4294967295
2 0 3 912 0 0 64 17 4294967294
2 0 3 279 0 0 18 17 41
2 0 3 34 0 0 8 0 4294967294
3 0 7 12636 0 0 1744 107 4294967294 4294967295
3 0 7 19278 0 0 3836 63 107 4294967294
3 0 7 18473 0 0 2170 41 4294967294 4294967295
3 0 7 146421 0 0 16796 41 107 4294967295
3 0 7 20790 0 0 3460 41 107 4294967294
3 0 7 9639 0 0 1542 41 63 4294967294
3 0 7 2106 0 0 325 41 63 107
3 0 7 191178 0 0 12984 17 4294967294 4294967295
3 0 7 618512 0 0 39104 17 41 4294967295
3 0 7 333963 0 0 20394 17 41 4294967294
2 1 3 42 0 0 4 0 107 4294967294
2 1 3 108 0 0 12 0 63 4294967294
2 1 3 205 0 0 10 0 17 4294967294
0 0 0 28 0
0 0 0 31 1
34 0 0 34 1
333 0 0 148 0
360 0 0 160 1
72 0 0 24 1
459 0 0 108 0
510 0 0 120 1
1155 0 0 264 1
324 0 0 72 0
351 0 0 78 1
115 0 0 23 1
35802 0 0 7124 0
39933 0 0 7946 1
1312 0 0 256 1
735 0 0 140 0
798 0 0 152 1
1763 0 0 328 1
275 0 0 50 0
308 0 0 56 1
186 0 0 31 1
70686 0 0 11764 0
76923 0 0 12802 1
1000 0 0 160 1
77112 0 0 12336 0
86751 0 0 13878 1
1530 0 0 240 1
5346 0 0 825 0
5832 0 0 900 1
16185 0 0 2496 1
299 0 0 46 0
338 0 0 52 1
1537 0 0 232 1
1739104 0 0 259200 0
1902145 0 0 283500 1
8170 0 0 1216 1
1107 0 0 164 0
675 0 0 100 1
196 0 0 28 1
97929 0 0 13516 0
107406 0 0 14824 1
68635 0 0 9472 1
1160 0 0 160 0
696 0 0 96 1
216 0 0 27 1
79170 0 0 9300 0
87087 0 0 10230 1
2484 0 0 288 1
335907 0 0 38532 0
198099 0 0 22724 1
910 0 0 104 1
3816487 0 0 431636 0
4211296 0 0 476288 1
2485 0 0 280 1
342 0 0 38 0
369 0 0 41 1
250 0 0 25 1
588 0 0 56 0
651 0 0 62 1
2890 0 0 272 1
1591 0 0 148 0
1720 0 0 160 1
264 0 0 24 1
5103 0 0 459 0
5670 0 0 510 1
396 0 0 33 1
2052 0 0 144 0
2223 0 0 156 1
667 0 0 46 1
828438 0 0 56264 0
924027 0 0 62756 1
480 0 0 32 1
1085 0 0 70 0
1178 0 0 76 1
2583 0 0 164 1
966425 0 0 61100 0
1082396 0 0 68432 1
496 0 0 31 1
2210 0 0 136 0
2405 0 0 148 1
5240 0 0 320 1
890568 0 0 54384 0
1001889 0 0 61182 1
15750 0 0 960 1
41905875 0 0 2550372 0
45715500 0 0 2782224 1
10257 0 0 624 1
759 0 0 46 0
858 0 0 52 1
493 0 0 29 1
2464 0 0 128 0
2695 0 0 140 1
760 0 0 38 1
1007083 0 0 50102 0
614075 0 0 30550 1
2268 0 0 112 1
1271 0 0 62 0
1394 0 0 68 1
97125 0 0 4736 1
200200 0 0 9760 0
120120 0 0 5856 1
567 0 0 27 1
4072530 0 0 177000 0
4479783 0 0 194700 1
1692 0 0 72 1
3271554 0 0 138957 0
1929378 0 0 81949 1
2470 0 0 104 1
194297767 0 0 8146100 0
214397536 0 0 8988800 1
6685 0 0 280 1
912 0 0 38 0
984 0 0 41 1
625 0 0 25 1
20664 0 0 812 0
22878 0 0 899 1
884 0 0 34 1
1961 0 0 74 0
2120 0 0 80 1
81432 0 0 3072 1
3999645 0 0 150876 0
4444050 0 0 167640 1
7029 0 0 264 1
103032 0 0 3852 0
111618 0 0 4173 1
2461 0 0 92 1
56498 0 0 2106 0
63017 0 0 2349 1
6880 0 0 256 1
7620935 0 0 283500 0
8274158 0 0 307800 1
1107 0 0 41 1
54725 0 0 2025 0
61292 0 0 2268 1
70370 0 0 2511 1
120 7 3 13 8 135 0
0 0 0 7
17 0 9 6
41 1 4 0
63 0 0 1
107 4 1 2
4294967294 2 2 4
4294967295 5 6 3
2 1 3 41 0 0 2 0 17 4294967294
2 1 3 9 0 0 1 0 63 4294967294
2 1 3 21 0 0 2 0 107 4294967294
3 0 7 37107 0 0 2266 17 41 4294967294
3 0 7 38657 0 0 2444 17 41 4294967295
3 0 7 31863 0 0 2164 17 4294967294 4294967295
3 0 7 162 0 0 25 41 63 107
3 0 7 3213 0 0 514 41 63 4294967294
3 0 7 2079 0 0 346 41 107 4294967294
3 0 7 8613 0 0 988 41 107 4294967295
3 0 7 2639 0 0 310 41 4294967294 4294967295
3 0 7 1377 0 0 274 63 107 4294967294
3 0 7 3159 0 0 436 107 4294967294 4294967295
3 1 7 83886 0 0 3563 0 17 41 4294967294
3 1 7 135751 0 0 5900 0 17 4294967295 4294967294
3 1 7 189 0 0 17 0 63 107 4294967294
2 2 3 77 0 0 4 0 4294967295 107 4294967294
2 2 3 53 0 0 2 17 63 41 4294967294
4 0 15 1269875 0 0 77284 17 41 4294967294 4294967295
4 0 15 54347 0 0 8100 41 63 107 4294967294
4 0 15 131603 0 0 14884 41 107 4294967294 4294967295
0 0 0 1 0
0 0 0 1 1
1 0 0 1 1
9 0 0 4 0
9 0 0 4 1
3 0 0 1 1
17 0 0 4 0
17 0 0 4 1
35 0 0 8 1
9 0 0 2 0
9 0 0 2 1
5 0 0 1 1
1377 0 0 274 0
1377 0 0 274 1
41 0 0 8 1
21 0 0 4 0
21 0 0 4 1
43 0 0 8 1
11 0 0 2 0
11 0 0 2 1
6 0 0 1 1
2079 0 0 346 0
2079 0 0 346 1
25 0 0 4 1
3213 0 0 514 0
3213 0 0 514 1
51 0 0 8 1
162 0 0 25 0
162 0 0 25 1
415 0 0 64 1
13 0 0 2 0
13 0 0 2 1
53 0 0 8 1
54347 0 0 8100 0
54347 0 0 8100 1
215 0 0 32 1
27 0 0 4 0
27 0 0 4 1
7 0 0 1 1
3159 0 0 436 0
3159 0 0 436 1
1855 0 0 256 1
29 0 0 4 0
29 0 0 4 1
8 0 0 1 1
2639 0 0 310 0
2639 0 0 310 1
69 0 0 8 1
8613 0 0 988 0
8613 0 0 988 1
35 0 0 4 1
131603 0 0 14884 0
131603 0 0 14884 1
71 0 0 8 1
9 0 0 1 0
9 0 0 1 1
10 0 0 1 1
21 0 0 2 0
21 0 0 2 1
85 0 0 8 1
43 0 0 4 0
43 0 0 4 1
11 0 0 1 1
189 0 0 17 0
189 0 0 17 1
12 0 0 1 1
57 0 0 4 0
57 0 0 4 1
29 0 0 2 1
31863 0 0 2164 0
31863 0 0 2164 1
15 0 0 1 1
31 0 0 2 0
31 0 0 2 1
63 0 0 4 1
38657 0 0 2444 0
38657 0 0 2444 1
16 0 0 1 1
65 0 0 4 0
65 0 0 4 1
131 0 0 8 1
37107 0 0 2266 0
37107 0 0 2266 1
525 0 0 32 1
1269875 0 0 77284 0
1269875 0 0 77284 1
263 0 0 16 1
33 0 0 2 0
33 0 0 2 1
17 0 0 1 1
77 0 0 4 0
77 0 0 4 1
20 0 0 1 1
24563 0 0 1222 0
24563 0 0 1222 1
81 0 0 4 1
41 0 0 2 0
41 0 0 2 1
2625 0 0 128 1
5005 0 0 244 0
5005 0 0 244 1
21 0 0 1 1
135751 0 0 5900 0
135751 0 0 5900 1
47 0 0 2 1
83886 0 0 3563 0
83886 0 0 3563 1
95 0 0 4 1
6699923 0 0 280900 0
6699923 0 0 280900 1
191 0 0 8 1
24 0 0 1 0
24 0 0 1 1
25 0 0 1 1
738 0 0 29 0
738 0 0 29 1
26 0 0 1 1
53 0 0 2 0
53 0 0 2 1
3393 0 0 128 1
148135 0 0 5588 0
148135 0 0 5588 1
213 0 0 8 1
2862 0 0 107 0
2862 0 0 107 1
107 0 0 4 1
2173 0 0 81 0
2173 0 0 81 1
215 0 0 8 1
217741 0 0 8100 0
217741 0 0 8100 1
27 0 0 1 1
2189 0 0 81 0
2189 0 0 81 1
2270 0 0 81 1
121 7 3 13 8 135 0
4294967295 5 6 3
4294967294 2 2 4
107 4 1 2
63 0 0 1
41 1 4 0
17 0 9 6
0 0 0 7
3 0 7 9477 0 0 1308 107 4294967294 4294967295
3 0 7 17901 0 0 3562 63 107 4294967294
3 0 7 15834 0 0 1860 41 4294967294 4294967295
3 0 7 137808 0 0 15808 41 107 4294967295
3 0 7 18711 0 0 3114 41 107 4294967294
3 0 7 6426 0 0 1028 41 63 4294967294
3 0 7 1944 0 0 300 41 63 107
3 0 7 159315 0 0 10820 17 4294967294 4294967295
3 0 7 579855 0 0 36660 17 41 4294967295
3 0 7 296856 0 0 18128 17 41 4294967294
2 1 3 378 0 0 36 0 107 4294967294
2 1 3 99 0 0 11 0 63 4294967294
2 1 3 164 0 0 8 0 17 4294967294
4 0 15 658015 0 0 74420 41 107 4294967294 4294967295
4 0 15 815205 0 0 121500 41 63 107 4294967294
4 0 15 10159000 0 0 618272 17 41 4294967294 4294967295
2 2 3 954 0 0 36 17 63 41 4294967294
2 2 3 847 0 0 44 0 4294967295 107 4294967294
3 1 7 756 0 0 68 0 63 107 4294967294
3 1 7 1900514 0 0 82600 0 17 4294967295 4294967294
3 1 7 587202 0 0 24941 0 17 41 4294967294
0 0 0 30 0
0 0 0 33 1
36 0 0 36 1
351 0 0 156 0
207 0 0 92 1
78 0 0 26 1
493 0 0 116 0
544 0 0 128 1
1225 0 0 280 1
342 0 0 76 0
369 0 0 82 1
125 0 0 25 1
38556 0 0 7672 0
42687 0 0 8494 1
1394 0 0 272 1
777 0 0 148 0
840 0 0 160 1
1032 0 0 192 1
297 0 0 54 0
330 0 0 60 1
198 0 0 33 1
74844 0 0 12456 0
81081 0 0 13494 1
575 0 0 92 1
83538 0 0 13364 0
93177 0 0 14906 1
1632 0 0 256 1
5670 0 0 875 0
6156 0 0 950 1
17015 0 0 2624 1
325 0 0 50 0
364 0 0 56 1
1643 0 0 248 1
1847798 0 0 275400 0
2010839 0 0 299700 1
8600 0 0 1280 1
648 0 0 96 0
729 0 0 108 1
210 0 0 30 1
104247 0 0 14388 0
113724 0 0 15696 1
72345 0 0 9984 1
667 0 0 92 0
754 0 0 104 1
232 0 0 29 1
84448 0 0 9920 0
92365 0 0 10850 1
2622 0 0 304 1
353133 0 0 40508 0
215325 0 0 24700 1
980 0 0 112 1
4079693 0 0 461404 0
4474502 0 0 506056 1
2627 0 0 296 1
360 0 0 40 0
216 0 0 24 1
270 0 0 27 1
630 0 0 60 0
693 0 0 66 1
3060 0 0 288 1
1677 0 0 156 0
989 0 0 92 1
286 0 0 26 1
5481 0 0 493 0
6048 0 0 544 1
420 0 0 35 1
2166 0 0 152 0
2337 0 0 164 1
725 0 0 50 1
892164 0 0 60592 0
987753 0 0 67084 1
510 0 0 34 1
1147 0 0 74 0
1240 0 0 80 1
1512 0 0 96 1
1043739 0 0 65988 0
1159710 0 0 73320 1
528 0 0 33 1
2340 0 0 144 0
2535 0 0 156 1
3013 0 0 184 1
964782 0 0 58916 0
1076103 0 0 65714 1
16800 0 0 1024 1
44445625 0 0 2704940 0
48255250 0 0 2936792 1
10783 0 0 656 1
825 0 0 50 0
924 0 0 56 1
527 0 0 31 1
2618 0 0 136 0
2849 0 0 148 1
800 0 0 40 1
589512 0 0 29328 0
663201 0 0 32994 1
2430 0 0 120 1
1353 0 0 66 0
1476 0 0 72 1
102375 0 0 4992 1
115115 0 0 5612 0
130130 0 0 6344 1
609 0 0 29 1
4344032 0 0 188800 0
4751285 0 0 206500 1
1786 0 0 76 1
3439326 0 0 146083 0
2097150 0 0 89075 1
2660 0 0 112 1
207697613 0 0 8707900 0
227797382 0 0 9550600 1
7067 0 0 296 1
960 0 0 40 0
576 0 0 24 1
675 0 0 27 1
22140 0 0 870 0
24354 0 0 957 1
936 0 0 36 1
2067 0 0 78 0
1219 0 0 46 1
88218 0 0 3328 1
4295915 0 0 162052 0
4740320 0 0 178816 1
7455 0 0 280 1
108756 0 0 4066 0
117342 0 0 4387 1
2675 0 0 100 1
60844 0 0 2268 0
67363 0 0 2511 1
7310 0 0 272 1
8056417 0 0 299700 0
8709640 0 0 324000 1
648 0 0 24 1
59103 0 0 2187 0
65670 0 0 2430 1
74910 0 0 2673 1
122 7 4 8 7 135 0
0 0 0 7
17 0 9 6
41 1 4 0
63 0 0 1
107 4 1 2
4294967294 2 2 4
4294967295 5 6 3
3 1 7 83886 0 0 3563 0 17 41 4294967294
3 1 7 135751 0 0 5900 0 17 4294967295 4294967294
3 1 7 189 0 0 17 0 63 107 4294967294
2 2 3 77 0 0 4 0 4294967295 107 4294967294
2 2 3 53 0 0 2 17 63 41 4294967294
4 0 15 1269875 0 0 77284 17 41 4294967294 4294967295
4 0 15 54347 0 0 8100 41 63 107 4294967294
4 0 15 131603 0 0 14884 41 107 4294967294 4294967295
3 2 7 2173 0 0 81 0 17 63 41 4294967294
4 1 15 6699923 0 0 280900 0 17 41 4294967295 4294967294
2 3 3 33 0 0 2 0 41 63 107 4294967294
3 2 7 24563 0 0 1222 0 41 4294967295 107 4294967294
3 2 7 148135 0 0 5588 17 63 4294967295 41 4294967294
2 3 3 24 0 0 1 17 107 41 4294967294 4294967295
2 3 3 65 0 0 4 63 4294967295 41 107 4294967294
0 0 0 1 0
0 0 0 1 1
1 0 0 1 1
9 0 0 4 0
9 0 0 4 1
3 0 0 1 1
17 0 0 4 0
17 0 0 4 1
35 0 0 8 1
9 0 0 2 0
9 0 0 2 1
5 0 0 1 1
1377 0 0 274 0
1377 0 0 274 1
41 0 0 8 1
21 0 0 4 0
21 0 0 4 1
43 0 0 8 1
11 0 0 2 0
11 0 0 2 1
6 0 0 1 1
2079 0 0 346 0
2079 0 0 346 1
25 0 0 4 1
3213 0 0 514 0
3213 0 0 514 1
51 0 0 8 1
162 0 0 25 0
162 0 0 25 1
415 0 0 64 1
13 0 0 2 0
13 0 0 2 1
53 0 0 8 1
54347 0 0 8100 0
54347 0 0 8100 1
215 0 0 32 1
27 0 0 4 0
27 0 0 4 1
7 0 0 1 1
3159 0 0 436 0
3159 0 0 436 1
1855 0 0 256 1
29 0 0 4 0
29 0 0 4 1
8 0 0 1 1
2639 0 0 310 0
2639 0 0 310 1
69 0 0 8 1
8613 0 0 988 0
8613 0 0 988 1
35 0 0 4 1
131603 0 0 14884 0
131603 0 0 14884 1
71 0 0 8 1
9 0 0 1 0
9 0 0 1 1
10 0 0 1 1
21 0 0 2 0
21 0 0 2 1
85 0 0 8 1
43 0 0 4 0
43 0 0 4 1
11 0 0 1 1
189 0 0 17 0
189 0 0 17 1
12 0 0 1 1
57 0 0 4 0
57 0 0 4 1
29 0 0 2 1
31863 0 0 2164 0
31863 0 0 2164 1
15 0 0 1 1
31 0 0 2 0
31 0 0 2 1
63 0 0 4 1
38657 0 0 2444 0
38657 0 0 2444 1
16 0 0 1 1
65 0 0 4 0
65 0 0 4 1
131 0 0 8 1
37107 0 0 2266 0
37107 0 0 2266 1
525 0 0 32 1
1269875 0 0 77284 0
1269875 0 0 77284 1
263 0 0 16 1
33 0 0 2 0
33 0 0 2 1
17 0 0 1 1
77 0 0 4 0
77 0 0 4 1
20 0 0 1 1
24563 0 0 1222 0
24563 0 0 1222 1
81 0 0 4 1
41 0 0 2 0
41 0 0 2 1
2625 0 0 128 1
5005 0 0 244 0
5005 0 0 244 1
21 0 0 1 1
135751 0 0 5900 0
135751 0 0 5900 1
47 0 0 2 1
83886 0 0 3563 0
83886 0 0 3563 1
95 0 0 4 1
6699923 0 0 280900 0
6699923 0 0 280900 1
191 0 0 8 1
24 0 0 1 0
24 0 0 1 1
25 0 0 1 1
738 0 0 29 0
738 0 0 29 1
26 0 0 1 1
53 0 0 2 0
53 0 0 2 1
3393 0 0 128 1
148135 0 0 5588 0
148135 0 0 5588 1
213 0 0 8 1
2862 0 0 107 0
2862 0 0 107 1
107 0 0 4 1
2173 0 0 81 0
2173 0 0 81 1
215 0 0 8 1
217741 0 0 8100 0
217741 0 0 8100 1
27 0 0 1 1
2189 0 0 81 0
2189 0 0 81 1
2270 0 0 81 1
123 7 4 8 7 135 0
4294967295 5 6 3
4294967294 2 2 4
107 4 1 2
63 0 0 1
41 1 4 0
17 0 9 6
0 0 0 7
4 0 15 526412 0 0 59536 41 107 4294967294 4294967295
4 0 15 760858 0 0 113400 41 63 107 4294967294
4 0 15 8889125 0 0 540988 17 41 4294967294 4294967295
2 2 3 901 0 0 34 17 63 41 4294967294
2 2 3 770 0 0 40 0 4294967295 107 4294967294
3 1 7 567 0 0 51 0 63 107 4294967294
3 1 7 1764763 0 0 76700 0 17 4294967295 4294967294
3 1 7 503316 0 0 21378 0 17 41 4294967294
2 3 3 1105 0 0 68 63 4294967295 41 107 4294967294
2 3 3 240 0 0 10 17 107 41 4294967294 4294967295
3 2 7 444405 0 0 16764 17 63 4294967295 41 4294967294
3 2 7 319319 0 0 15886 0 41 4294967295 107 4294967294
2 3 3 198 0 0 12 0 41 63 107 4294967294
4 1 15 107198768 0 0 4494400 0 17 41 4294967295 4294967294
3 2 7 19557 0 0 729 0 17 63 41 4294967294
0 0 0 32 0
0 0 0 35 1
38 0 0 38 1
369 0 0 164 0
225 0 0 100 1
84 0 0 28 1
527 0 0 124 0
578 0 0 136 1
1295 0 0 296 1
360 0 0 80 0
216 0 0 48 1
135 0 0 27 1
41310 0 0 8220 0
45441 0 0 9042 1
1476 0 0 288 1
819 0 0 156 0
483 0 0 92 1
1118 0 0 208 1
319 0 0 58 0
352 0 0 64 1
210 0 0 35 1
79002 0 0 13148 0
85239 0 0 14186 1
625 0 0 100 1
89964 0 0 14392 0
99603 0 0 15934 1
1734 0 0 272 1
5994 0 0 925 0
6480 0 0 1000 1
9960 0 0 1536 1
351 0 0 54 0
390 0 0 60 1
1749 0 0 264 1
1956492 0 0 291600 0
2119533 0 0 315900 1
4945 0 0 736 1
702 0 0 104 0
783 0 0 116 1
224 0 0 32 1
110565 0 0 15260 0
120042 0 0 16568 1
76055 0 0 10496 1
725 0 0 100 0
812 0 0 112 1
248 0 0 31 1
89726 0 0 10540 0
97643 0 0 11470 1
2760 0 0 320 1
206712 0 0 23712 0
232551 0 0 26676 1
1050 0 0 120 1
4342899 0 0 491172 0
4737708 0 0 535824 1
2769 0 0 312 1
207 0 0 23 0
234 0 0 26 1
290 0 0 29 1
672 0 0 64 0
735 0 0 70 1
3230 0 0 304 1
1763 0 0 164 0
1075 0 0 100 1
308 0 0 28 1
5859 0 0 527 0
6426 0 0 578 1
444 0 0 37 1
2280 0 0 160 0
1368 0 0 96 1
783 0 0 54 1
955890 0 0 64920 0
1051479 0 0 71412 1
540 0 0 36 1
1209 0 0 78 0
713 0 0 46 1
1638 0 0 104 1
1121053 0 0 70876 0
1237024 0 0 78208 1
560 0 0 35 1
2470 0 0 152 0
2665 0 0 164 1
3275 0 0 200 1
1038996 0 0 63448 0
1150317 0 0 70246 1
17850 0 0 1088 1
46985375 0 0 2859508 0
50795000 0 0 3091360 1
6312 0 0 384 1
891 0 0 54 0
990 0 0 60 1
561 0 0 33 1
2772 0 0 144 0
3003 0 0 156 1
460 0 0 23 1
638638 0 0 31772 0
712327 0 0 35438 1
2592 0 0 128 1
1435 0 0 70 0
1558 0 0 76 1
107625 0 0 5248 1
125125 0 0 6100 0
140140 0 0 6832 1
651 0 0 31 1
4615534 0 0 200600 0
5022787 0 0 218300 1
1880 0 0 80 1
2013264 0 0 85512 0
2264922 0 0 96201 1
2850 0 0 120 1
221097459 0 0 9269700 0
241197228 0 0 10112400 1
7449 0 0 312 1
552 0 0 23 0
624 0 0 26 1
725 0 0 29 1
23616 0 0 928 0
25830 0 0 1015 1
988 0 0 38 1
2173 0 0 82 0
1325 0 0 50 1
95004 0 0 3584 1
4592185 0 0 173228 0
5036590 0 0 189992 1
7881 0 0 296 1
114480 0 0 4280 0
68688 0 0 2568 1
2889 0 0 108 1
65190 0 0 2430 0
71709 0 0 2673 1
7740 0 0 288 1
8491899 0 0 315900 0
5008043 0 0 186300 1
702 0 0 26 1
63481 0 0 2349 0
70048 0 0 2592 1
79450 0 0 2835 1
124 7 5 7 4 135 0
0 0 0 7
17 0 9 6
41 1 4 0
63 0 0 1
107 4 1 2
4294967294 2 2 4
4294967295 5 6 3
3 2 7 2173 0 0 81 0 17 63 41 4294967294
4 1 15 6699923 0 0 280900 0 17 41 4294967295 4294967294
2 3 3 33 0 0 2 0 41 63 107 4294967294
3 2 7 24563 0 0 1222 0 41 4294967295 107 4294967294
3 2 7 148135 0 0 5588 17 63 4294967295 41 4294967294
2 3 3 24 0 0 1 17 107 41 4294967294 4294967295
2 3 3 65 0 0 4 63 4294967295 41 107 4294967294
4 2 15 217741 0 0 8100 0 17 63 4294967295 41 4294967294
3 3 7 738 0 0 29 0 17 107 41 4294967294 4294967295
3 3 7 5005 0 0 244 0 63 4294967295 41 107 4294967294
3 3 7 2862 0 0 107 17 63 107 41 4294967294 4294967295
0 0 0 1 0
0 0 0 1 1
1 0 0 1 1
9 0 0 4 0
9 0 0 4 1
3 0 0 1 1
17 0 0 4 0
17 0 0 4 1
35 0 0 8 1
9 0 0 2 0
9 0 0 2 1
5 0 0 1 1
1377 0 0 274 0
1377 0 0 274 1
41 0 0 8 1
21 0 0 4 0
21 0 0 4 1
43 0 0 8 1
11 0 0 2 0
11 0 0 2 1
6 0 0 1 1
2079 0 0 346 0
2079 0 0 346 1
25 0 0 4 1
3213 0 0 514 0
3213 0 0 514 1
51 0 0 8 1
162 0 0 25 0
162 0 0 25 1
415 0 0 64 1
13 0 0 2 0
13 0 0 2 1
53 0 0 8 1
54347 0 0 8100 0
54347 0 0 8100 1
215 0 0 32 1
27 0 0 4 0
27 0 0 4 1
7 0 0 1 1
3159 0 0 436 0
3159 0 0 436 1
1855 0 0 256 1
29 0 0 4 0
29 0 0 4 1
8 0 0 1 1
2639 0 0 310 0
2639 0 0 310 1
69 0 0 8 1
8613 0 0 988 0
8613 0 0 988 1
35 0 0 4 1
131603 0 0 14884 0
131603 0 0 14884 1
71 0 0 8 1
9 0 0 1 0
9 0 0 1 1
10 0 0 1 1
21 0 0 2 0
21 0 0 2 1
85 0 0 8 1
43 0 0 4 0
43 0 0 4 1
11 0 0 1 1
189 0 0 17 0
189 0 0 17 1
12 0 0 1 1
57 0 0 4 0
57 0 0 4 1
29 0 0 2 1
31863 0 0 2164 0
31863 0 0 2164 1
15 0 0 1 1
31 0 0 2 0
31 0 0 2 1
63 0 0 4 1
38657 0 0 2444 0
38657 0 0 2444 1
16 0 0 1 1
65 0 0 4 0
65 0 0 4 1
131 0 0 8 1
37107 0 0 2266 0
37107 0 0 2266 1
525 0 0 32 1
1269875 0 0 77284 0
1269875 0 0 77284 1
263 0 0 16 1
33 0 0 2 0
33 0 0 2 1
17 0 0 1 1
77 0 0 4 0
77 0 0 4 1
20 0 0 1 1
24563 0 0 1222 0
24563 0 0 1222 1
81 0 0 4 1
41 0 0 2 0
41 0 0 2 1
2625 0 0 128 1
5005 0 0 244 0
5005 0 0 244 1
21 0 0 1 1
135751 0 0 5900 0
135751 0 0 5900 1
47 0 0 2 1
83886 0 0 3563 0
83886 0 0 3563 1
95 0 0 4 1
6699923 0 0 280900 0
6699923 0 0 280900 1
191 0 0 8 1
24 0 0 1 0
24 0 0 1 1
25 0 0 1 1
738 0 0 29 0
738 0 0 29 1
26 0 0 1 1
53 0 0 2 0
53 0 0 2 1
3393 0 0 128 1
148135 0 0 5588 0
148135 0 0 5588 1
213 0 0 8 1
2862 0 0 107 0
2862 0 0 107 1
107 0 0 4 1
2173 0 0 81 0
2173 0 0 81 1
215 0 0 8 1
217741 0 0 8100 0
217741 0 0 8100 1
27 0 0 1 1
2189 0 0 81 0
2189 0 0 81 1
2270 0 0 81 1
125 7 5 7 4 135 0
4294967295 5 6 3
4294967294 2 2 4
107 4 1 2
63 0 0 1
41 1 4 0
17 0 9 6
0 0 0 7
2 3 3 1040 0 0 64 63 4294967295 41 107 4294967294
2 3 3 216 0 0 9 17 107 41 4294967294 4294967295
3 2 7 296270 0 0 11176 17 63 4294967295 41 4294967294
3 2 7 294756 0 0 14664 0 41 4294967295 107 4294967294
2 3 3 165 0 0 10 0 41 63 107 4294967294
4 1 15 100498845 0 0 4213500 0 17 41 4294967295 4294967294
3 2 7 17384 0 0 648 0 17 63 41 4294967294
3 3 7 42930 0 0 1605 17 63 107 41 4294967294 4294967295
3 3 7 40040 0 0 1952 0 63 4294967295 41 107 4294967294
3 3 7 13284 0 0 522 0 17 107 41 4294967294 4294967295
4 2 15 2395151 0 0 89100 0 17 63 4294967295 41 4294967294
0 0 0 34 0
0 0 0 37 1
40 0 0 40 1
216 0 0 96 0
243 0 0 108 1
90 0 0 30 1
561 0 0 132 0
612 0 0 144 1
1365 0 0 312 1
207 0 0 46 0
234 0 0 52 1
145 0 0 29 1
44064 0 0 8768 0
48195 0 0 9590 1
1558 0 0 304 1
861 0 0 164 0
525 0 0 100 1
1204 0 0 224 1
341 0 0 62 0
374 0 0 68 1
222 0 0 37 1
83160 0 0 13840 0
49896 0 0 8304 1
675 0 0 108 1
96390 0 0 15420 0
106029 0 0 16962 1
1836 0 0 288 1
6318 0 0 975 0
3726 0 0 575 1
10790 0 0 1664 1
377 0 0 58 0
416 0 0 64 1
1855 0 0 280 1
2065186 0 0 307800 0
2228227 0 0 332100 1
5375 0 0 800 1
756 0 0 112 0
837 0 0 124 1
238 0 0 34 1
116883 0 0 16132 0
126360 0 0 17440 1
44520 0 0 6144 1
783 0 0 108 0
870 0 0 120 1
264 0 0 33 1
95004 0 0 11160 0
102921 0 0 12090 1
1587 0 0 184 1
223938 0 0 25688 0
249777 0 0 28652 1
1120 0 0 128 1
4606105 0 0 520940 0
5000914 0 0 565592 1
2911 0 0 328 1
225 0 0 25 0
252 0 0 28 1
310 0 0 31 1
714 0 0 68 0
777 0 0 74 1
3400 0 0 320 1
1032 0 0 96 0
1161 0 0 108 1
330 0 0 30 1
6237 0 0 561 0
6804 0 0 612 1
468 0 0 39 1
1311 0 0 92 0
1482 0 0 104 1
841 0 0 58 1
1019616 0 0 69248 0
1115205 0 0 75740 1
570 0 0 38 1
1271 0 0 82 0
775 0 0 50 1
1764 0 0 112 1
1198367 0 0 75764 0
1314338 0 0 83096 1
592 0 0 37 1
2600 0 0 160 0
1560 0 0 96 1
3537 0 0 216 1
1113210 0 0 67980 0
1224531 0 0 74778 1
18900 0 0 1152 1
49525125 0 0 3014076 0
29207125 0 0 1777532 1
6838 0 0 416 1
957 0 0 58 0
1056 0 0 64 1
595 0 0 35 1
2926 0 0 152 0
3157 0 0 164 1
500 0 0 25 1
687764 0 0 34216 0
761453 0 0 37882 1
2754 0 0 136 1
1517 0 0 74 0
1640 0 0 80 1
63000 0 0 3072 1
135135 0 0 6588 0
150150 0 0 7320 1
693 0 0 33 1
4887036 0 0 212400 0
5294289 0 0 230100 1
1081 0 0 46 1
2181036 0 0 92638 0
2432694 0 0 103327 1
3040 0 0 128 1
234497305 0 0 9831500 0
254597074 0 0 10674200 1
7831 0 0 328 1
600 0 0 25 0
672 0 0 28 1
775 0 0 31 1
25092 0 0 986 0
27306 0 0 1073 1
1040 0 0 40 1
1272 0 0 48 0
1431 0 0 54 1
101790 0 0 3840 1
4888455 0 0 184404 0
5332860 0 0 201168 1
8307 0 0 312 1
65826 0 0 2461 0
74412 0 0 2782 1
3103 0 0 116 1
69536 0 0 2592 0
76055 0 0 2835 1
8170 0 0 304 1
8927381 0 0 332100 0
5443525 0 0 202500 1
756 0 0 28 1
67859 0 0 2511 0
74426 0 0 2754 1
83990 0 0 2997 1
126 7 6 4 1 135 0
0 0 0 7
17 0 9 6
41 1 4 0
63 0 0 1
107 4 1 2
4294967294 2 2 4
4294967295 5 6 3
4 2 15 217741 0 0 8100 0 17 63 4294967295 41 4294967294
3 3 7 738 0 0 29 0 17 107 41 4294967294 4294967295
3 3 7 5005 0 0 244 0 63 4294967295 41 107 4294967294
3 3 7 2862 0 0 107 17 63 107 41 4294967294 4294967295
4 3 15 2189 0 0 81 0 17 63 107 41 4294967294 4294967295
0 0 0 1 0
0 0 0 1 1
1 0 0 1 1
9 0 0 4 0
9 0 0 4 1
3 0 0 1 1
17 0 0 4 0
17 0 0 4 1
35 0 0 8 1
9 0 0 2 0
9 0 0 2 1
5 0 0 1 1
1377 0 0 274 0
1377 0 0 274 1
41 0 0 8 1
21 0 0 4 0
21 0 0 4 1
43 0 0 8 1
11 0 0 2 0
11 0 0 2 1
6 0 0 1 1
2079 0 0 346 0
2079 0 0 346 1
25 0 0 4 1
3213 0 0 514 0
3213 0 0 514 1
51 0 0 8 1
162 0 0 25 0
162 0 0 25 1
415 0 0 64 1
13 0 0 2 0
13 0 0 2 1
53 0 0 8 1
54347 0 0 8100 0
54347 0 0 8100 1
215 0 0 32 1
27 0 0 4 0
27 0 0 4 1
7 0 0 1 1
3159 0 0 436 0
3159 0 0 436 1
1855 0 0 256 1
29 0 0 4 0
29 0 0 4 1
8 0 0 1 1
2639 0 0 310 0
2639 0 0 310 1
69 0 0 8 1
8613 0 0 988 0
8613 0 0 988 1
35 0 0 4 1
131603 0 0 14884 0
131603 0 0 14884 1
71 0 0 8 1
9 0 0 1 0
9 0 0 1 1
10 0 0 1 1
21 0 0 2 0
21 0 0 2 1
85 0 0 8 1
43 0 0 4 0
43 0 0 4 1
11 0 0 1 1
189 0 0 17 0
189 0 0 17 1
12 0 0 1 1
57 0 0 4 0
57 0 0 4 1
29 0 0 2 1
31863 0 0 2164 0
31863 0 0 2164 1
15 0 0 1 1
31 0 0 2 0
31 0 0 2 1
63 0 0 4 1
38657 0 0 2444 0
38657 0 0 2444 1
16 0 0 1 1
65 0 0 4 0
65 0 0 4 1
131 0 0 8 1
37107 0 0 2266 0
37107 0 0 2266 1
525 0 0 32 1
1269875 0 0 77284 0
1269875 0 0 77284 1
263 0 0 16 1
33 0 0 2 0
33 0 0 2 1
17 0 0 1 1
77 0 0 4 0
77 0 0 4 1
20 0 0 1 1
24563 0 0 1222 0
24563 0 0 1222 1
81 0 0 4 1
41 0 0 2 0
41 0 0 2 1
2625 0 0 128 1
5005 0 0 244 0
5005 0 0 244 1
21 0 0 1 1
135751 0 0 5900 0
135751 0 0 5900 1
47 0 0 2 1
83886 0 0 3563 0
83886 0 0 3563 1
95 0 0 4 1
6699923 0 0 280900 0
6699923 0 0 280900 1
191 0 0 8 1
24 0 0 1 0
24 0 0 1 1
25 0 0 1 1
738 0 0 29 0
738 0 0 29 1
26 0 0 1 1
53 0 0 2 0
53 0 0 2 1
3393 0 0 128 1
148135 0 0 5588 0
148135 0 0 5588 1
213 0 0 8 1
2862 0 0 107 0
2862 0 0 107 1
107 0 0 4 1
2173 0 0 81 0
2173 0 0 81 1
215 0 0 8 1
217741 0 0 8100 0
217741 0 0 8100 1
27 0 0 1 1
2189 0 0 81 0
2189 0 0 81 1
2270 0 0 81 1
127 7 6 4 1 135 0
4294967295 5 6 3
4294967294 2 2 4
107 4 1 2
63 0 0 1
41 1 4 0
17 0 9 6
0 0 0 7
3 3 7 40068 0 0 1498 17 63 107 41 4294967294 4294967295
3 3 7 35035 0 0 1708 0 63 4294967295 41 107 4294967294
3 3 7 12546 0 0 493 0 17 107 41 4294967294 4294967295
4 2 15 2177410 0 0 81000 0 17 63 4294967295 41 4294967294
4 3 15 28457 0 0 1053 0 17 63 107 41 4294967294 4294967295
0 0 0 36 0
0 0 0 39 1
23 0 0 23 1
234 0 0 104 0
261 0 0 116 1
96 0 0 32 1
595 0 0 140 0
646 0 0 152 1
1435 0 0 328 1
225 0 0 50 0
252 0 0 56 1
155 0 0 31 1
46818 0 0 9316 0
50949 0 0 10138 1
1640 0 0 320 1
504 0 0 96 0
567 0 0 108 1
1290 0 0 240 1
363 0 0 66 0
396 0 0 72 1
234 0 0 39 1
47817 0 0 7958 0
54054 0 0 8996 1
725 0 0 116 1
102816 0 0 16448 0
112455 0 0 17990 1
1938 0 0 304 1
6642 0 0 1025 0
4050 0 0 625 1
11620 0 0 1792 1
403 0 0 62 0
442 0 0 68 1
1961 0 0 296 1
2173880 0 0 324000 0
1304328 0 0 194400 1
5805 0 0 864 1
810 0 0 120 0
891 0 0 132 1
252 0 0 36 1
123201 0 0 17004 0
72657 0 0 10028 1
48230 0 0 6656 1
841 0 0 116 0
928 0 0 128 1
280 0 0 35 1
100282 0 0 11780 0
108199 0 0 12710 1
1725 0 0 200 1
241164 0 0 27664 0
267003 0 0 30628 1
1190 0 0 136 1
4869311 0 0 550708 0
5264120 0 0 595360 1
1704 0 0 192 1
243 0 0 27 0
270 0 0 30 1
330 0 0 33 1
756 0 0 72 0
819 0 0 78 1
1955 0 0 184 1
1118 0 0 104 0
1247 0 0 116 1
352 0 0 32 1
6615 0 0 595 0
7182 0 0 646 1
492 0 0 41 1
1425 0 0 100 0
1596 0 0 112 1
899 0 0 62 1
1083342 0 0 73576 0
1178931 0 0 80068 1
600 0 0 40 1
744 0 0 48 0
837 0 0 54 1
1890 0 0 120 1
1275681 0 0 80652 0
1391652 0 0 87984 1
624 0 0 39 1
1495 0 0 92 0
1690 0 0 104 1
3799 0 0 232 1
1187424 0 0 72512 0
1298745 0 0 79310 1
19950 0 0 1216 1
52064875 0 0 3168644 0
31746875 0 0 1932100 1
7364 0 0 448 1
1023 0 0 62 0
1122 0 0 68 1
629 0 0 37 1
3080 0 0 160 0
1848 0 0 96 1
540 0 0 27 1
736890 0 0 36660 0
810579 0 0 40326 1
2916 0 0 144 1
1599 0 0 78 0
943 0 0 46 1
68250 0 0 3328 1
145145 0 0 7076 0
160160 0 0 7808 1
735 0 0 35 1
5158538 0 0 224200 0
5565791 0 0 241900 1
1175 0 0 50 1
2348808 0 0 99764 0
2600466 0 0 110453 1
3230 0 0 136 1
247897151 0 0 10393300 0
267996920 0 0 11236000 1
4584 0 0 192 1
648 0 0 27 0
720 0 0 30 1
825 0 0 33 1
26568 0 0 1044 0
28782 0 0 1131 1
598 0 0 23 1
1378 0 0 52 0
1537 0 0 58 1
108576 0 0 4096 1
5184725 0 0 195580 0
5629130 0 0 212344 1
8733 0 0 328 1
71550 0 0 2675 0
80136 0 0 2996 1
3317 0 0 124 1
73882 0 0 2754 0
80401 0 0 2997 1
8600 0 0 320 1
5225784 0 0 194400 0
5879007 0 0 218700 1
810 0 0 30 1
72237 0 0 2673 0
78804 0 0 2916 1
88530 0 0 3159 1
128 7 7 1 0 135 0
0 0 0 7
17 0 9 6
41 1 4 0
63 0 0 1
107 4 1 2
4294967294 2 2 4
4294967295 5 6 3
4 3 15 2189 0 0 81 0 17 63 107 41 4294967294 4294967295
0 0 0 1 0
0 0 0 1 1
1 0 0 1 1
9 0 0 4 0
9 0 0 4 1
3 0 0 1 1
17 0 0 4 0
17 0 0 4 1
35 0 0 8 1
9 0 0 2 0
9 0 0 2 1
5 0 0 1 1
1377 0 0 274 0
1377 0 0 274 1
41 0 0 8 1
21 0 0 4 0
21 0 0 4 1
43 0 0 8 1
11 0 0 2 0
11 0 0 2 1
6 0 0 1 1
2079 0 0 346 0
2079 0 0 346 1
25 0 0 4 1
3213 0 0 514 0
3213 0 0 514 1
51 0 0 8 1
162 0 0 25 0
162 0 0 25 1
415 0 0 64 1
13 0 0 2 0
13 0 0 2 1
53 0 0 8 1
54347 0 0 8100 0
54347 0 0 8100 1
215 0 0 32 1
27 0 0 4 0
27 0 0 4 1
7 0 0 1 1
3159 0 0 436 0
3159 0 0 436 1
1855 0 0 256 1
29 0 0 4 0
29 0 0 4 1
8 0 0 1 1
2639 0 0 310 0
2639 0 0 310 1
69 0 0 8 1
8613 0 0 988 0
8613 0 0 988 1
35 0 0 4 1
131603 0 0 14884 0
131603 0 0 14884 1
71 0 0 8 1
9 0 0 1 0
9 0 0 1 1
10 0 0 1 1
21 0 0 2 0
21 0 0 2 1
85 0 0 8 1
43 0 0 4 0
43 0 0 4 1
11 0 0 1 1
189 0 0 17 0
189 0 0 17 1
12 0 0 1 1
57 0 0 4 0
57 0 0 4 1
29 0 0 2 1
31863 0 0 2164 0
31863 0 0 2164 1
15 0 0 1 1
31 0 0 2 0
31 0 0 2 1
63 0 0 4 1
38657 0 0 2444 0
38657 0 0 2444 1
16 0 0 1 1
65 0 0 4 0
65 0 0 4 1
131 0 0 8 1
37107 0 0 2266 0
37107 0 0 2266 1
525 0 0 32 1
1269875 0 0 77284 0
1269875 0 0 77284 1
263 0 0 16 1
33 0 0 2 0
33 0 0 2 1
17 0 0 1 1
77 0 0 4 0
77 0 0 4 1
20 0 0 1 1
24563 0 0 1222 0
24563 0 0 1222 1
81 0 0 4 1
41 0 0 2 0
41 0 0 2 1
2625 0 0 128 1
5005 0 0 244 0
5005 0 0 244 1
21 0 0 1 1
135751 0 0 5900 0
135751 0 0 5900 1
47 0 0 2 1
83886 0 0 3563 0
83886 0 0 3563 1
95 0 0 4 1
6699923 0 0 280900 0
6699923 0 0 280900 1
191 0 0 8 1
24 0 0 1 0
24 0 0 1 1
25 0 0 1 1
738 0 0 29 0
738 0 0 29 1
26 0 0 1 1
53 0 0 2 0
53 0 0 2 1
3393 0 0 128 1
148135 0 0 5588 0
148135 0 0 5588 1
213 0 0 8 1
2862 0 0 107 0
2862 0 0 107 1
107 0 0 4 1
2173 0 0 81 0
2173 0 0 81 1
215 0 0 8 1
217741 0 0 8100 0
217741 0 0 8100 1
27 0 0 1 1
2189 0 0 81 0
2189 0 0 81 1
2270 0 0 81 1
129 7 7 1 0 135 0
4294967295 5 6 3
4294967294 2 2 4
107 4 1 2
63 0 0 1
41 1 4 0
17 0 9 6
0 0 0 7
4 3 15 26268 0 0 972 0 17 63 107 41 4294967294 4294967295
0 0 0 38 0
0 0 0 41 1
25 0 0 25 1
252 0 0 112 0
279 0 0 124 1
102 0 0 34 1
629 0 0 148 0
680 0 0 160 1
840 0 0 192 1
243 0 0 54 0
270 0 0 60 1
165 0 0 33 1
49572 0 0 9864 0
53703 0 0 10686 1
943 0 0 184 1
546 0 0 104 0
609 0 0 116 1
1376 0 0 256 1
385 0 0 70 0
418 0 0 76 1
246 0 0 41 1
51975 0 0 8650 0
58212 0 0 9688 1
775 0 0 124 1
109242 0 0 17476 0
118881 0 0 19018 1
2040 0 0 320 1
3888 0 0 600 0
4374 0 0 675 1
12450 0 0 1920 1
429 0 0 66 0
468 0 0 72 1
2067 0 0 312 1
1249981 0 0 186300 0
1413022 0 0 210600 1
6235 0 0 928 1
864 0 0 128 0
945 0 0 140 1
266 0 0 38 1
129519 0 0 17876 0
78975 0 0 10900 1
51940 0 0 7168 1
899 0 0 124 0
986 0 0 136 1
296 0 0 37 1
105560 0 0 12400 0
63336 0 0 7440 1
1863 0 0 216 1
258390 0 0 29640 0
284229 0 0 32604 1
1260 0 0 144 1
5132517 0 0 580476 0
3026869 0 0 342332 1
1846 0 0 208 1
261 0 0 29 0
288 0 0 32 1
350 0 0 35 1
798 0 0 76 0
861 0 0 82 1
2125 0 0 200 1
1204 0 0 112 0
1333 0 0 124 1
374 0 0 34 1
6993 0 0 629 0
7560 0 0 680 1
288 0 0 24 1
1539 0 0 108 0
1710 0 0 120 1
957 0 0 66 1
1147068 0 0 77904 0
1242657 0 0 84396 1
345 0 0 23 1
806 0 0 52 0
899 0 0 58 1
2016 0 0 128 1
1352995 0 0 85540 0
1468966 0 0 92872 1
656 0 0 41 1
1625 0 0 100 0
1820 0 0 112 1
4061 0 0 248 1
1261638 0 0 77044 0
1372959 0 0 83842 1
21000 0 0 1280 1
30477000 0 0 1854816 0
34286625 0 0 2086668 1
7890 0 0 480 1
1089 0 0 66 0
1188 0 0 72 1
663 0 0 39 1
1771 0 0 92 0
2002 0 0 104 1
580 0 0 29 1
786016 0 0 39104 0
859705 0 0 42770 1
3078 0 0 152 1
1681 0 0 82 0
1025 0 0 50 1
73500 0 0 3584 1
155155 0 0 7564 0
170170 0 0 8296 1
777 0 0 37 1
5430040 0 0 236000 0
3258024 0 0 141600 1
1269 0 0 54 1
2516580 0 0 106890 0
2768238 0 0 117579 1
3420 0 0 144 1
261296997 0 0 10955100 0
154098229 0 0 6460700 1
4966 0 0 208 1
696 0 0 29 0
768 0 0 32 1
875 0 0 35 1
28044 0 0 1102 0
30258 0 0 1189 1
650 0 0 25 1
1484 0 0 56 0
1643 0 0 62 1
115362 0 0 4352 1
5480995 0 0 206756 0
5925400 0 0 223520 1
5112 0 0 192 1
77274 0 0 2889 0
85860 0 0 3210 1
3531 0 0 132 1
78228 0 0 2916 0
84747 0 0 3159 1
4945 0 0 184 1
5661266 0 0 210600 0
6314489 0 0 234900 1
864 0 0 32 1
76615 0 0 2835 0
83182 0 0 3078 1
93070 0 0 3321 1
130 7 1 0 9 96 0
0 50 0 5
17 89 92 58
41 81 94 72
63 48 31 80
107 36 9 37
4294967294 33 18 11
4294967295 73 15 12
2 0 3 1301 0 0 4 0 107
2 0 3 649 0 0 4 0 4294967294
2 0 3 803 0 0 4 0 4294967295
2 0 3 66 0 0 1 17 41
2 0 3 8301 0 0 4 17 4294967295
2 0 3 2561 0 0 2 41 63
2 0 3 2477 0 0 4 63 107
2 0 3 383 0 0 2 107 4294967294
2 0 3 1015 0 0 2 107 4294967295
0 0 0 1 0
0 0 0 1 1
1 0 0 1 1
66 0 0 1 0
66 0 0 1 1
67 0 0 1 1
649 0 0 4 0
649 0 0 4 1
163 0 0 1 1
383 0 0 2 0
383 0 0 2 1
192 0 0 1 1
803 0 0 4 0
803 0 0 4 1
201 0 0 1 1
1301 0 0 4 0
1301 0 0 4 1
326 0 0 1 1
323385667 0 0 987770 0
323385667 0 0 987770 1
328 0 0 1 1
805 0 0 2 0
805 0 0 2 1
403 0 0 1 1
1015 0 0 2 0
1015 0 0 2 1
508 0 0 1 1
1060373545 0 0 2086668 0
1060373545 0 0 2086668 1
509 0 0 1 1
625879450 0 0 1203331 0
625879450 0 0 1203331 1
521 0 0 1 1
2477 0 0 4 0
2477 0 0 4 1
620 0 0 1 1
2561 0 0 2 0
2561 0 0 2 1
1281 0 0 1 1
5155 0 0 4 0
5155 0 0 4 1
1289 0 0 1 1
5505 0 0 4 0
5505 0 0 4 1
1377 0 0 1 1
130540065 0 0 90316 0
130540065 0 0 90316 1
1446 0 0 1 1
2943 0 0 2 0
2943 0 0 2 1
1472 0 0 1 1
3295 0 0 2 0
3295 0 0 2 1
1648 0 0 1 1
8301 0 0 4 0
8301 0 0 4 1
2076 0 0 1 1
2988584127 0 0 1334018 0
2988584127 0 0 1334018 1
2241 0 0 1 1
9905 0 0 4 0
9905 0 0 4 1
2477 0 0 1 1
139643711025 0 0 56132578 0
139643711025 0 0 56132578 1
2488 0 0 1 1
10139 0 0 4 0
10139 0 0 4 1
2535 0 0 1 1
28475432195 0 0 11227876 0
28475432195 0 0 11227876 1
2537 0 0 1 1
10475 0 0 4 0
10475 0 0 4 1
2619 0 0 1 1
842489585 0 0 313188 0
842489585 0 0 313188 1
2691 0 0 1 1
10821 0 0 4 0
10821 0 0 4 1
5411 0 0 2 1
42020507577 0 0 15529420 0
42020507577 0 0 15529420 1
2706 0 0 1 1
32833435293 0 0 12132092 0
32833435293 0 0 12132092 1
2707 0 0 1 1
11801 0 0 4 0
11801 0 0 4 1
2951 0 0 1 1
6397 0 0 2 0
6397 0 0 2 1
3199 0 0 1 1
7143 0 0 2 0
7143 0 0 2 1
7145 0 0 2 1
131 7 1 0 9 96 0
4294967295 73 15 12
4294967294 33 18 11
107 36 9 37
63 48 31 80
41 81 94 72
17 89 92 58
0 50 0 5
2 0 3 5075 0 0 10 107 4294967295
2 0 3 5745 0 0 30 107 4294967294
2 0 3 19816 0 0 32 63 107
2 0 3 46098 0 0 36 41 63
2 0 3 91311 0 0 44 17 4294967295
2 0 3 264 0 0 4 17 41
2 0 3 11242 0 0 56 0 4294967295
2 0 3 4543 0 0 28 0 4294967294
2 0 3 22117 0 0 68 0 107
0 0 0 40 0
0 0 0 24 1
27 0 0 27 1
1980 0 0 30 0
2178 0 0 33 1
2412 0 0 36 1
25311 0 0 156 0
14927 0 0 92 1
4238 0 0 26 1
11107 0 0 58 0
12256 0 0 64 1
6720 0 0 35 1
30514 0 0 152 0
32923 0 0 164 1
5025 0 0 25 1
36428 0 0 112 0
40331 0 0 124 1
11084 0 0 34 1
11965269679 0 0 36547490 0
12935426680 0 0 39510800 1
7872 0 0 24 1
21735 0 0 54 0
24150 0 0 60 1
13299 0 0 33 1
36540 0 0 72 0
39585 0 0 78 1
11684 0 0 23 1
27569712170 0 0 54253368 0
30750832805 0 0 60513372 1
16288 0 0 32 1
21905780750 0 0 42116585 0
23783419100 0 0 45726578 1
21361 0 0 41 1
61925 0 0 100 0
69356 0 0 112 1
19220 0 0 31 1
87074 0 0 68 0
94757 0 0 74 1
51240 0 0 40 1
123720 0 0 96 0
139185 0 0 108 1
38670 0 0 30 1
181665 0 0 132 0
198180 0 0 144 1
53703 0 0 39 1
3002421495 0 0 2077268 0
3394041690 0 0 2348216 1
41934 0 0 29 1
94176 0 0 64 0
103005 0 0 70 1
55936 0 0 38 1
135095 0 0 82 0
82375 0 0 50 1
46144 0 0 28 1
257331 0 0 124 0
282234 0 0 136 1
76812 0 0 37 1
119543365080 0 0 53360720 0
71726019048 0 0 32016432 1
60507 0 0 27 1
297150 0 0 120 0
326865 0 0 132 1
89172 0 0 36 1
5446104729975 0 0 2189170542 0
3211805353575 0 0 1291049294 1
64688 0 0 26 1
294031 0 0 116 0
324448 0 0 128 1
88725 0 0 35 1
1082066423410 0 0 426659288 0
1167492719995 0 0 460342916 1
63425 0 0 25 1
293300 0 0 112 0
324725 0 0 124 1
89046 0 0 34 1
31172114645 0 0 11587956 0
33699583400 0 0 12527520 1
64584 0 0 24 1
292167 0 0 108 0
324630 0 0 120 1
178563 0 0 66 1
1512738272772 0 0 559059120 0
1638799795503 0 0 605647380 1
62238 0 0 23 1
853669317618 0 0 315434392 0
952169623497 0 0 351830668 1
86624 0 0 32 1
413035 0 0 140 0
448438 0 0 152 1
120991 0 0 41 1
159925 0 0 50 0
179116 0 0 56 1
99169 0 0 31 1
242862 0 0 68 0
264291 0 0 74 1
285800 0 0 80 1
132 7 2 9 10 96 0
0 50 0 5
17 89 92 58
41 81 94 72
63 48 31 80
107 36 9 37
4294967294 33 18 11
4294967295 73 15 12
2 0 3 1301 0 0 4 0 107
2 0 3 649 0 0 4 0 4294967294
2 0 3 803 0 0 4 0 4294967295
2 0 3 66 0 0 1 17 41
2 0 3 8301 0 0 4 17 4294967295
2 0 3 2561 0 0 2 41 63
2 0 3 2477 0 0 4 63 107
2 0 3 383 0 0 2 107 4294967294
2 0 3 1015 0 0 2 107 4294967295
3 0 7 323385667 0 0 987770 0 107 4294967294
3 0 7 1060373545 0 0 2086668 0 107 4294967295
2 1 3 805 0 0 2 4294967294 4294967295 0
2 1 3 2943 0 0 2 17 63 41
2 1 3 9905 0 0 4 41 4294967295 17
2 1 3 10139 0 0 4 17 107 63
3 0 7 2988584127 0 0 1334018 17 63 4294967295
2 1 3 10821 0 0 4 17 4294967294 4294967295
2 1 3 5155 0 0 4 63 4294967294 107
2 1 3 5505 0 0 4 63 4294967295 107
0 0 0 1 0
0 0 0 1 1
1 0 0 1 1
66 0 0 1 0
66 0 0 1 1
67 0 0 1 1
649 0 0 4 0
649 0 0 4 1
163 0 0 1 1
383 0 0 2 0
383 0 0 2 1
192 0 0 1 1
803 0 0 4 0
803 0 0 4 1
201 0 0 1 1
1301 0 0 4 0
1301 0 0 4 1
326 0 0 1 1
323385667 0 0 987770 0
323385667 0 0 987770 1
328 0 0 1 1
805 0 0 2 0
805 0 0 2 1
403 0 0 1 1
1015 0 0 2 0
1015 0 0 2 1
508 0 0 1 1
1060373545 0 0 2086668 0
1060373545 0 0 2086668 1
509 0 0 1 1
625879450 0 0 1203331 0
625879450 0 0 1203331 1
521 0 0 1 1
2477 0 0 4 0
2477 0 0 4 1
620 0 0 1 1
2561 0 0 2 0
2561 0 0 2 1
1281 0 0 1 1
5155 0 0 4 0
5155 0 0 4 1
1289 0 0 1 1
5505 0 0 4 0
5505 0 0 4 1
1377 0 0 1 1
130540065 0 0 90316 0
130540065 0 0 90316 1
1446 0 0 1 1
2943 0 0 2 0
2943 0 0 2 1
1472 0 0 1 1
3295 0 0 2 0
3295 0 0 2 1
1648 0 0 1 1
8301 0 0 4 0
8301 0 0 4 1
2076 0 0 1 1
2988584127 0 0 1334018 0
2988584127 0 0 1334018 1
2241 0 0 1 1
9905 0 0 4 0
9905 0 0 4 1
2477 0 0 1 1
139643711025 0 0 56132578 0
139643711025 0 0 56132578 1
2488 0 0 1 1
10139 0 0 4 0
10139 0 0 4 1
2535 0 0 1 1
28475432195 0 0 11227876 0
28475432195 0 0 11227876 1
2537 0 0 1 1
10475 0 0 4 0
10475 0 0 4 1
2619 0 0 1 1
842489585 0 0 313188 0
842489585 0 0 313188 1
2691 0 0 1 1
10821 0 0 4 0
10821 0 0 4 1
5411 0 0 2 1
42020507577 0 0 15529420 0
42020507577 0 0 15529420 1
2706 0 0 1 1
32833435293 0 0 12132092 0
32833435293 0 0 12132092 1
2707 0 0 1 1
11801 0 0 4 0
11801 0 0 4 1
2951 0 0 1 1
6397 0 0 2 0
6397 0 0 2 1
3199 0 0 1 1
7143 0 0 2 0
7143 0 0 2 1
7145 0 0 2 1
133 7 2 9 10 96 0
4294967295 73 15 12
4294967294 33 18 11
107 36 9 37
63 48 31 80
41 81 94 72
17 89 92 58
0 50 0 5
2 0 3 4060 0 0 8 107 4294967295
2 0 3 5362 0 0 28 107 4294967294
2 0 3 17339 0 0 28 63 107
2 0 3 43537 0 0 34 41 63
2 0 3 83010 0 0 40 17 4294967295
2 0 3 198 0 0 3 17 41
2 0 3 10439 0 0 52 0 4294967295
2 0 3 3894 0 0 24 0 4294967294
2 0 3 20816 0 0 64 0 107
2 1 3 77070 0 0 56 63 4294967295 107
2 1 3 36085 0 0 28 63 4294967294 107
2 1 3 183957 0 0 68 17 4294967294 4294967295
3 0 7 29885841270 0 0 13340180 17 63 4294967295
2 1 3 30417 0 0 12 17 107 63
2 1 3 128765 0 0 52 41 4294967295 17
2 1 3 17658 0 0 12 17 63 41
2 1 3 12880 0 0 32 4294967294 4294967295 0
3 0 7 9543361905 0 0 18780012 0 107 4294967295
3 0 7 646771334 0 0 1975540 0 107 4294967294
0 0 0 23 0
0 0 0 26 1
29 0 0 29 1
2112 0 0 32 0
2310 0 0 35 1
2546 0 0 38 1
26609 0 0 164 0
16225 0 0 100 1
4564 0 0 28 1
11873 0 0 62 0
13022 0 0 68 1
7104 0 0 37 1
32120 0 0 160 0
19272 0 0 96 1
5427 0 0 27 1
39030 0 0 120 0
42933 0 0 132 1
11736 0 0 36 1
12612041013 0 0 38523030 0
7437870341 0 0 22718710 1
8528 0 0 26 1
23345 0 0 58 0
25760 0 0 64 1
14105 0 0 35 1
38570 0 0 76 0
41615 0 0 82 1
12700 0 0 25 1
29690459260 0 0 58426704 0
32871579895 0 0 64686708 1
17306 0 0 34 1
23157539650 0 0 44523247 0
25035178000 0 0 48133240 1
12504 0 0 24 1
66879 0 0 108 0
74310 0 0 120 1
20460 0 0 33 1
92196 0 0 72 0
99879 0 0 78 1
29463 0 0 23 1
134030 0 0 104 0
149495 0 0 116 1
41248 0 0 32 1
192675 0 0 140 0
209190 0 0 152 1
56457 0 0 41 1
3263501625 0 0 2257900 0
3655121820 0 0 2528848 1
44826 0 0 31 1
100062 0 0 68 0
108891 0 0 74 1
58880 0 0 40 1
79080 0 0 48 0
88965 0 0 54 1
49440 0 0 30 1
273933 0 0 132 0
298836 0 0 144 1
80964 0 0 39 1
68737434921 0 0 30682414 0
77703187302 0 0 34684468 1
64989 0 0 29 1
316960 0 0 128 0
346675 0 0 140 1
94126 0 0 38 1
5725392152025 0 0 2301435698 0
3491092775625 0 0 1403314450 1
69664 0 0 28 1
314309 0 0 124 0
344726 0 0 136 1
93795 0 0 37 1
1139017287800 0 0 449115040 0
683410372680 0 0 269469024 1
68499 0 0 27 1
314250 0 0 120 0
345675 0 0 132 1
94284 0 0 36 1
32857093815 0 0 12214332 0
19377260455 0 0 7203324 1
69966 0 0 26 1
313809 0 0 116 0
346272 0 0 128 1
189385 0 0 70 1
1596779287926 0 0 590117960 0
1722840810657 0 0 636706220 1
67650 0 0 25 1
919336188204 0 0 339698576 0
1017836494083 0 0 376094852 1
92038 0 0 34 1
436637 0 0 148 0
472040 0 0 160 1
70824 0 0 24 1
172719 0 0 54 0
191910 0 0 60 1
105567 0 0 33 1
257148 0 0 72 0
278577 0 0 78 1
164335 0 0 46 1
134 7 3 10 6 96 0
0 50 0 5
17 89 92 58
41 81 94 72
63 48 31 80
107 36 9 37
4294967294 33 18 11
4294967295 73 15 12
3 0 7 323385667 0 0 987770 0 107 4294967294
3 0 7 1060373545 0 0 2086668 0 107 4294967295
2 1 3 805 0 0 2 4294967294 4294967295 0
2 1 3 2943 0 0 2 17 63 41
2 1 3 9905 0 0 4 41 4294967295 17
2 1 3 10139 0 0 4 17 107 63
3 0 7 2988584127 0 0 1334018 17 63 4294967295
2 1 3 10821 0 0 4 17 4294967294 4294967295
2 1 3 5155 0 0 4 63 4294967294 107
2 1 3 5505 0 0 4 63 4294967295 107
3 1 7 625879450 0 0 1203331 107 4294967294 4294967295 0
2 2 3 10475 0 0 4 41 107 17 63
3 1 7 139643711025 0 0 56132578 41 63 4294967295 17
3 1 7 28475432195 0 0 11227876 17 107 4294967295 63
3 1 7 42020507577 0 0 15529420 17 107 4294967294 4294967295
3 1 7 130540065 0 0 90316 63 4294967294 4294967295 107
0 0 0 1 0
0 0 0 1 1
1 0 0 1 1
66 0 0 1 0
66 0 0 1 1
67 0 0 1 1
649 0 0 4 0
649 0 0 4 1
163 0 0 1 1
383 0 0 2 0
383 0 0 2 1
192 0 0 1 1
803 0 0 4 0
803 0 0 4 1
201 0 0 1 1
1301 0 0 4 0
1301 0 0 4 1
326 0 0 1 1
323385667 0 0 987770 0
323385667 0 0 987770 1
328 0 0 1 1
805 0 0 2 0
805 0 0 2 1
403 0 0 1 1
1015 0 0 2 0
1015 0 0 2 1
508 0 0 1 1
1060373545 0 0 2086668 0
1060373545 0 0 2086668 1
509 0 0 1 1
625879450 0 0 1203331 0
625879450 0 0 1203331 1
521 0 0 1 1
2477 0 0 4 0
2477 0 0 4 1
620 0 0 1 1
2561 0 0 2 0
2561 0 0 2 1
1281 0 0 1 1
5155 0 0 4 0
5155 0 0 4 1
1289 0 0 1 1
5505 0 0 4 0
5505 0 0 4 1
1377 0 0 1 1
130540065 0 0 90316 0
130540065 0 0 90316 1
1446 0 0 1 1
2943 0 0 2 0
2943 0 0 2 1
1472 0 0 1 1
3295 0 0 2 0
3295 0 0 2 1
1648 0 0 1 1
8301 0 0 4 0
8301 0 0 4 1
2076 0 0 1 1
2988584127 0 0 1334018 0
2988584127 0 0 1334018 1
2241 0 0 1 1
9905 0 0 4 0
9905 0 0 4 1
2477 0 0 1 1
139643711025 0 0 56132578 0
139643711025 0 0 56132578 1
2488 0 0 1 1
10139 0 0 4 0
10139 0 0 4 1
2535 0 0 1 1
28475432195 0 0 11227876 0
28475432195 0 0 11227876 1
2537 0 0 1 1
10475 0 0 4 0
10475 0 0 4 1
2619 0 0 1 1
842489585 0 0 313188 0
842489585 0 0 313188 1
2691 0 0 1 1
10821 0 0 4 0
10821 0 0 4 1
5411 0 0 2 1
42020507577 0 0 15529420 0
42020507577 0 0 15529420 1
2706 0 0 1 1
32833435293 0 0 12132092 0
32833435293 0 0 12132092 1
2707 0 0 1 1
11801 0 0 4 0
11801 0 0 4 1
2951 0 0 1 1
6397 0 0 2 0
6397 0 0 2 1
3199 0 0 1 1
7143 0 0 2 0
7143 0 0 2 1
7145 0 0 2 1
135 7 3 10 6 96 0
4294967295 73 15 12
4294967294 33 18 11
107 36 9 37
63 48 31 80
41 81 94 72
17 89 92 58
0 50 0 5
2 1 3 71565 0 0 52 63 4294967295 107
2 1 3 30930 0 0 24 63 4294967294 107
2 1 3 173136 0 0 64 17 4294967294 4294967295
3 0 7 26897257143 0 0 12006162 17 63 4294967295
2 1 3 20278 0 0 8 17 107 63
2 1 3 118860 0 0 48 41 4294967295 17
2 1 3 14715 0 0 10 17 63 41
2 1 3 12075 0 0 30 4294967294 4294967295 0
3 0 7 8482988360 0 0 16693344 0 107 4294967295
3 0 7 5820942006 0 0 17779860 0 107 4294967294
3 1 7 652700325 0 0 451580 63 4294967294 4294967295 107
3 1 7 630307613655 0 0 232941300 17 107 4294967294 4294967295
3 1 7 227803457560 0 0 89823008 17 107 4294967295 63
3 1 7 2513586798450 0 0 1010386404 41 63 4294967295 17
2 2 3 115225 0 0 44 41 107 17 63
3 1 7 2503517800 0 0 4813324 107 4294967294 4294967295 0
0 0 0 25 0
0 0 0 28 1
31 0 0 31 1
2244 0 0 34 0
2442 0 0 37 1
2680 0 0 40 1
15576 0 0 96 0
17523 0 0 108 1
4890 0 0 30 1
12639 0 0 66 0
13788 0 0 72 1
7488 0 0 39 1
18469 0 0 92 0
20878 0 0 104 1
5829 0 0 29 1
41632 0 0 128 0
45535 0 0 140 1
12388 0 0 38 1
13258812347 0 0 40498570 0
8084641675 0 0 24694250 1
9184 0 0 28 1
24955 0 0 62 0
27370 0 0 68 1
14911 0 0 37 1
40600 0 0 80 0
24360 0 0 48 1
13716 0 0 27 1
31811206350 0 0 62600040 0
34992326985 0 0 68860044 1
18324 0 0 36 1
24409298550 0 0 46929909 0
14395227350 0 0 27676613 1
13546 0 0 26 1
71833 0 0 116 0
79264 0 0 128 1
21700 0 0 35 1
97318 0 0 76 0
105001 0 0 82 1
32025 0 0 25 1
144340 0 0 112 0
159805 0 0 124 1
43826 0 0 34 1
203685 0 0 148 0
220200 0 0 160 1
33048 0 0 24 1
3524581755 0 0 2438532 0
3916201950 0 0 2709480 1
47718 0 0 33 1
105948 0 0 72 0
114777 0 0 78 1
33856 0 0 23 1
85670 0 0 52 0
95555 0 0 58 1
52736 0 0 32 1
290535 0 0 140 0
315438 0 0 152 1
85116 0 0 41 1
74714603175 0 0 33350450 0
83680355556 0 0 37352504 1
69471 0 0 31 1
336770 0 0 136 0
366485 0 0 148 1
99080 0 0 40 1
3351449064600 0 0 1347181872 0
3770380197675 0 0 1515579606 1
74640 0 0 30 1
334587 0 0 132 0
365004 0 0 144 1
98865 0 0 39 1
654934940485 0 0 258241148 0
740361237070 0 0 291924776 1
73573 0 0 29 1
335200 0 0 128 0
366625 0 0 140 1
99522 0 0 38 1
34542072985 0 0 12840708 0
21062239625 0 0 7829700 1
75348 0 0 28 1
335451 0 0 124 0
367914 0 0 136 1
200207 0 0 74 1
1680820303080 0 0 621176800 0
1008492181848 0 0 372706080 1
73062 0 0 27 1
985003058790 0 0 363962760 0
1083503364669 0 0 400359036 1
97452 0 0 36 1
460239 0 0 156 0
271423 0 0 92 1
76726 0 0 26 1
185513 0 0 58 0
204704 0 0 64 1
111965 0 0 35 1
271434 0 0 76 0
292863 0 0 82 1
178625 0 0 50 1
136 7 4 6 3 96 0
0 50 0 5
17 89 92 58
41 81 94 72
63 48 31 80
107 36 9 37
4294967294 33 18 11
4294967295 73 15 12
3 1 7 625879450 0 0 1203331 107 4294967294 4294967295 0
2 2 3 10475 0 0 4 41 107 17 63
3 1 7 139643711025 0 0 56132578 41 63 4294967295 17
3 1 7 28475432195 0 0 11227876 17 107 4294967295 63
3 1 7 42020507577 0 0 15529420 17 107 4294967294 4294967295
3 1 7 130540065 0 0 90316 63 4294967294 4294967295 107
2 3 3 3295 0 0 2 0 63 107 4294967294 4294967295
3 2 7 842489585 0 0 313188 41 107 4294967295 17 63
3 2 7 32833435293 0 0 12132092 17 63 4294967294 107 4294967295
0 0 0 1 0
0 0 0 1 1
1 0 0 1 1
66 0 0 1 0
66 0 0 1 1
67 0 0 1 1
649 0 0 4 0
649 0 0 4 1
163 0 0 1 1
383 0 0 2 0
383 0 0 2 1
192 0 0 1 1
803 0 0 4 0
803 0 0 4 1
201 0 0 1 1
1301 0 0 4 0
1301 0 0 4 1
326 0 0 1 1
323385667 0 0 987770 0
323385667 0 0 987770 1
328 0 0 1 1
805 0 0 2 0
805 0 0 2 1
403 0 0 1 1
1015 0 0 2 0
1015 0 0 2 1
508 0 0 1 1
1060373545 0 0 2086668 0
1060373545 0 0 2086668 1
509 0 0 1 1
625879450 0 0 1203331 0
625879450 0 0 1203331 1
521 0 0 1 1
2477 0 0 4 0
2477 0 0 4 1
620 0 0 1 1
2561 0 0 2 0
2561 0 0 2 1
1281 0 0 1 1
5155 0 0 4 0
5155 0 0 4 1
1289 0 0 1 1
5505 0 0 4 0
5505 0 0 4 1
1377 0 0 1 1
130540065 0 0 90316 0
130540065 0 0 90316 1
1446 0 0 1 1
2943 0 0 2 0
2943 0 0 2 1
1472 0 0 1 1
3295 0 0 2 0
3295 0 0 2 1
1648 0 0 1 1
8301 0 0 4 0
8301 0 0 4 1
2076 0 0 1 1
2988584127 0 0 1334018 0
2988584127 0 0 1334018 1
2241 0 0 1 1
9905 0 0 4 0
9905 0 0 4 1
2477 0 0 1 1
139643711025 0 0 56132578 0
139643711025 0 0 56132578 1
2488 0 0 1 1
10139 0 0 4 0
10139 0 0 4 1
2535 0 0 1 1
28475432195 0 0 11227876 0
28475432195 0 0 11227876 1
2537 0 0 1 1
10475 0 0 4 0
10475 0 0 4 1
2619 0 0 1 1
842489585 0 0 313188 0
842489585 0 0 313188 1
2691 0 0 1 1
10821 0 0 4 0
10821 0 0 4 1
5411 0 0 2 1
42020507577 0 0 15529420 0
42020507577 0 0 15529420 1
2706 0 0 1 1
32833435293 0 0 12132092 0
32833435293 0 0 12132092 1
2707 0 0 1 1
11801 0 0 4 0
11801 0 0 4 1
2951 0 0 1 1
6397 0 0 2 0
6397 0 0 2 1
3199 0 0 1 1
7143 0 0 2 0
7143 0 0 2 1
7145 0 0 2 1
137 7 4 6 3 96 0
4294967295 73 15 12
4294967294 33 18 11
107 36 9 37
63 48 31 80
41 81 94 72
17 89 92 58
0 50 0 5
3 1 7 522160260 0 0 361264 63 4294967294 4294967295 107
3 1 7 588287106078 0 0 217411880 17 107 4294967294 4294967295
3 1 7 199328025365 0 0 78595132 17 107 4294967295 63
3 1 7 2373943087425 0 0 954253826 41 63 4294967295 17
2 2 3 104750 0 0 40 41 107 17 63
3 1 7 1877638350 0 0 3609993 107 4294967294 4294967295 0
3 2 7 98500305879 0 0 36396276 17 63 4294967294 107 4294967295
3 2 7 10952364605 0 0 4071444 41 107 4294967295 17 63
2 3 3 19770 0 0 12 0 63 107 4294967294 4294967295
0 0 0 27 0
0 0 0 30 1
33 0 0 33 1
2376 0 0 36 0
2574 0 0 39 1
1541 0 0 23 1
16874 0 0 104 0
18821 0 0 116 1
5216 0 0 32 1
13405 0 0 70 0
14554 0 0 76 1
7872 0 0 41 1
20075 0 0 100 0
22484 0 0 112 1
6231 0 0 31 1
44234 0 0 136 0
48137 0 0 148 1
13040 0 0 40 1
7761256008 0 0 23706480 0
8731413009 0 0 26669790 1
9840 0 0 30 1
26565 0 0 66 0
28980 0 0 72 1
15717 0 0 39 1
23345 0 0 46 0
26390 0 0 52 1
14732 0 0 29 1
33931953440 0 0 66773376 0
37113074075 0 0 73033380 1
19342 0 0 38 1
25661057450 0 0 49336571 0
15646986250 0 0 30083275 1
14588 0 0 28 1
76787 0 0 124 0
84218 0 0 136 1
22940 0 0 37 1
102440 0 0 80 0
61464 0 0 48 1
34587 0 0 27 1
154650 0 0 120 0
170115 0 0 132 1
46404 0 0 36 1
214695 0 0 156 0
126615 0 0 92 1
35802 0 0 26 1
3785661885 0 0 2619164 0
4177282080 0 0 2890112 1
50610 0 0 35 1
111834 0 0 76 0
120663 0 0 82 1
36800 0 0 25 1
92260 0 0 56 0
102145 0 0 62 1
56032 0 0 34 1
307137 0 0 148 0
332040 0 0 160 1
49824 0 0 24 1
80691771429 0 0 36018486 0
89657523810 0 0 40020540 1
73953 0 0 33 1
356580 0 0 144 0
386295 0 0 156 1
56971 0 0 23 1
3630736486650 0 0 1459447028 0
4049667619725 0 0 1627844762 1
79616 0 0 32 1
354865 0 0 140 0
385282 0 0 152 1
103935 0 0 41 1
711885804875 0 0 280696900 0
797312101460 0 0 314380528 1
78647 0 0 31 1
356150 0 0 136 0
387575 0 0 148 1
104760 0 0 40 1
20219750040 0 0 7516512 0
22747218795 0 0 8456076 1
80730 0 0 30 1
357093 0 0 132 0
389556 0 0 144 1
211029 0 0 78 1
966471674271 0 0 357176660 0
1092533197002 0 0 403764920 1
78474 0 0 29 1
1050669929376 0 0 388226944 0
1149170235255 0 0 424623220 1
102866 0 0 38 1
483841 0 0 164 0
295025 0 0 100 1
82628 0 0 28 1
198307 0 0 62 0
217498 0 0 68 1
118363 0 0 37 1
285720 0 0 80 0
171432 0 0 48 1
192915 0 0 54 1
138 7 5 3 2 96 0
0 50 0 5
17 89 92 58
41 81 94 72
63 48 31 80
107 36 9 37
4294967294 33 18 11
4294967295 73 15 12
2 3 3 3295 0 0 2 0 63 107 4294967294 4294967295
3 2 7 842489585 0 0 313188 41 107 4294967295 17 63
3 2 7 32833435293 0 0 12132092 17 63 4294967294 107 4294967295
2 4 3 6397 0 0 2 0 17 63 107 4294967294 4294967295
2 4 3 11801 0 0 4 41 4294967294 17 63 107 4294967295
0 0 0 1 0
0 0 0 1 1
1 0 0 1 1
66 0 0 1 0
66 0 0 1 1
67 0 0 1 1
649 0 0 4 0
649 0 0 4 1
163 0 0 1 1
383 0 0 2 0
383 0 0 2 1
192 0 0 1 1
803 0 0 4 0
803 0 0 4 1
201 0 0 1 1
1301 0 0 4 0
1301 0 0 4 1
326 0 0 1 1
323385667 0 0 987770 0
323385667 0 0 987770 1
328 0 0 1 1
805 0 0 2 0
805 0 0 2 1
403 0 0 1 1
1015 0 0 2 0
1015 0 0 2 1
508 0 0 1 1
1060373545 0 0 2086668 0
1060373545 0 0 2086668 1
509 0 0 1 1
625879450 0 0 1203331 0
625879450 0 0 1203331 1
521 0 0 1 1
2477 0 0 4 0
2477 0 0 4 1
620 0 0 1 1
2561 0 0 2 0
2561 0 0 2 1
1281 0 0 1 1
5155 0 0 4 0
5155 0 0 4 1
1289 0 0 1 1
5505 0 0 4 0
5505 0 0 4 1
1377 0 0 1 1
130540065 0 0 90316 0
130540065 0 0 90316 1
1446 0 0 1 1
2943 0 0 2 0
2943 0 0 2 1
1472 0 0 1 1
3295 0 0 2 0
3295 0 0 2 1
1648 0 0 1 1
8301 0 0 4 0
8301 0 0 4 1
2076 0 0 1 1
2988584127 0 0 1334018 0
2988584127 0 0 1334018 1
2241 0 0 1 1
9905 0 0 4 0
9905 0 0 4 1
2477 0 0 1 1
139643711025 0 0 56132578 0
139643711025 0 0 56132578 1
2488 0 0 1 1
10139 0 0 4 0
10139 0 0 4 1
2535 0 0 1 1
28475432195 0 0 11227876 0
28475432195 0 0 11227876 1
2537 0 0 1 1
10475 0 0 4 0
10475 0 0 4 1
2619 0 0 1 1
842489585 0 0 313188 0
842489585 0 0 313188 1
2691 0 0 1 1
10821 0 0 4 0
10821 0 0 4 1
5411 0 0 2 1
42020507577 0 0 15529420 0
42020507577 0 0 15529420 1
2706 0 0 1 1
32833435293 0 0 12132092 0
32833435293 0 0 12132092 1
2707 0 0 1 1
11801 0 0 4 0
11801 0 0 4 1
2951 0 0 1 1
6397 0 0 2 0
6397 0 0 2 1
3199 0 0 1 1
7143 0 0 2 0
7143 0 0 2 1
7145 0 0 2 1
139 7 5 3 2 96 0
4294967295 73 15 12
4294967294 33 18 11
107 36 9 37
63 48 31 80
41 81 94 72
17 89 92 58
0 50 0 5
3 2 7 65666870586 0 0 24264184 17 63 4294967294 107 4294967295
3 2 7 10109875020 0 0 3758256 41 107 4294967295 17 63
2 3 3 16475 0 0 10 0 63 107 4294967294 4294967295
2 4 3 177015 0 0 60 41 4294967294 17 63 107 4294967295
2 4 3 51176 0 0 16 0 17 63 107 4294967294 4294967295
0 0 0 29 0
0 0 0 32 1
35 0 0 35 1
2508 0 0 38 0
2706 0 0 41 1
1675 0 0 25 1
18172 0 0 112 0
20119 0 0 124 1
5542 0 0 34 1
14171 0 0 74 0
15320 0 0 80 1
4608 0 0 24 1
21681 0 0 108 0
24090 0 0 120 1
6633 0 0 33 1
46836 0 0 144 0
50739 0 0 156 1
7498 0 0 23 1
8408027342 0 0 25682020 0
9378184343 0 0 28645330 1
10496 0 0 32 1
28175 0 0 70 0
30590 0 0 76 1
16523 0 0 41 1
25375 0 0 50 0
28420 0 0 56 1
15748 0 0 31 1
36052700530 0 0 70946712 0
39233821165 0 0 77206716 1
20360 0 0 40 1
15021106800 0 0 28879944 0
16898745150 0 0 32489937 1
15630 0 0 30 1
81741 0 0 132 0
89172 0 0 144 1
24180 0 0 39 1
58903 0 0 46 0
66586 0 0 52 1
37149 0 0 29 1
164960 0 0 128 0
180425 0 0 140 1
48982 0 0 38 1
225705 0 0 164 0
137625 0 0 100 1
38556 0 0 28 1
4046742015 0 0 2799796 0
4438362210 0 0 3070744 1
53502 0 0 37 1
117720 0 0 80 0
70632 0 0 48 1
39744 0 0 27 1
98850 0 0 60 0
108735 0 0 66 1
59328 0 0 36 1
323739 0 0 156 0
190923 0 0 92 1
53976 0 0 26 1
86668939683 0 0 38686522 0
95634692064 0 0 42688576 1
78435 0 0 35 1
376390 0 0 152 0
406105 0 0 164 1
61925 0 0 25 1
3910023908700 0 0 1571712184 0
4328955041775 0 0 1740109918 1
84592 0 0 34 1
375143 0 0 148 0
405560 0 0 160 1
60840 0 0 24 1
768836669265 0 0 303152652 0
854262965850 0 0 336836280 1
83721 0 0 33 1
377100 0 0 144 0
408525 0 0 156 1
60237 0 0 23 1
21904729210 0 0 8142888 0
24432197965 0 0 9082452 1
86112 0 0 32 1
378735 0 0 140 0
411198 0 0 152 1
221851 0 0 82 1
1050512689425 0 0 388235500 0
1176574212156 0 0 434823760 1
83886 0 0 31 1
1116336799962 0 0 412491128 0
1214837105841 0 0 448887404 1
108280 0 0 40 1
283224 0 0 96 0
318627 0 0 108 1
88530 0 0 30 1
211101 0 0 66 0
230292 0 0 72 1
124761 0 0 39 1
164289 0 0 46 0
185718 0 0 52 1
207205 0 0 58 1
140 7 6 2 1 96 0
0 50 0 5
17 89 92 58
41 81 94 72
63 48 31 80
107 36 9 37
4294967294 33 18 11
4294967295 73 15 12
2 4 3 6397 0 0 2 0 17 63 107 4294967294 4294967295
2 4 3 11801 0 0 4 41 4294967294 17 63 107 4294967295
2 5 3 7143 0 0 2 0 41 17 63 107 4294967294 4294967295
0 0 0 1 0
0 0 0 1 1
1 0 0 1 1
66 0 0 1 0
66 0 0 1 1
67 0 0 1 1
649 0 0 4 0
649 0 0 4 1
163 0 0 1 1
383 0 0 2 0
383 0 0 2 1
192 0 0 1 1
803 0 0 4 0
803 0 0 4 1
201 0 0 1 1
1301 0 0 4 0
1301 0 0 4 1
326 0 0 1 1
323385667 0 0 987770 0
323385667 0 0 987770 1
328 0 0 1 1
805 0 0 2 0
805 0 0 2 1
403 0 0 1 1
1015 0 0 2 0
1015 0 0 2 1
508 0 0 1 1
1060373545 0 0 2086668 0
1060373545 0 0 2086668 1
509 0 0 1 1
625879450 0 0 1203331 0
625879450 0 0 1203331 1
521 0 0 1 1
2477 0 0 4 0
2477 0 0 4 1
620 0 0 1 1
2561 0 0 2 0
2561 0 0 2 1
1281 0 0 1 1
5155 0 0 4 0
5155 0 0 4 1
1289 0 0 1 1
5505 0 0 4 0
5505 0 0 4 1
1377 0 0 1 1
130540065 0 0 90316 0
130540065 0 0 90316 1
1446 0 0 1 1
2943 0 0 2 0
2943 0 0 2 1
1472 0 0 1 1
3295 0 0 2 0
3295 0 0 2 1
1648 0 0 1 1
8301 0 0 4 0
8301 0 0 4 1
2076 0 0 1 1
2988584127 0 0 1334018 0
2988584127 0 0 1334018 1
2241 0 0 1 1
9905 0 0 4 0
9905 0 0 4 1
2477 0 0 1 1
139643711025 0 0 56132578 0
139643711025 0 0 56132578 1
2488 0 0 1 1
10139 0 0 4 0
10139 0 0 4 1
2535 0 0 1 1
28475432195 0 0 11227876 0
28475432195 0 0 11227876 1
2537 0 0 1 1
10475 0 0 4 0
10475 0 0 4 1
2619 0 0 1 1
842489585 0 0 313188 0
842489585 0 0 313188 1
2691 0 0 1 1
10821 0 0 4 0
10821 0 0 4 1
5411 0 0 2 1
42020507577 0 0 15529420 0
42020507577 0 0 15529420 1
2706 0 0 1 1
32833435293 0 0 12132092 0
32833435293 0 0 12132092 1
2707 0 0 1 1
11801 0 0 4 0
11801 0 0 4 1
2951 0 0 1 1
6397 0 0 2 0
6397 0 0 2 1
3199 0 0 1 1
7143 0 0 2 0
7143 0 0 2 1
7145 0 0 2 1
141 7 6 2 1 96 0
4294967295 73 15 12
4294967294 33 18 11
107 36 9 37
63 48 31 80
41 81 94 72
17 89 92 58
0 50 0 5
2 4 3 165214 0 0 56 41 4294967294 17 63 107 4294967295
2 4 3 44779 0 0 14 0 17 63 107 4294967294 4294967295
2 5 3 71430 0 0 20 0 41 17 63 107 4294967294 4294967295
0 0 0 31 0
0 0 0 34 1
37 0 0 37 1
2640 0 0 40 0
1584 0 0 24 1
1809 0 0 27 1
19470 0 0 120 0
21417 0 0 132 1
5868 0 0 36 1
14937 0 0 78 0
8809 0 0 46 1
4992 0 0 26 1
23287 0 0 116 0
25696 0 0 128 1
7035 0 0 35 1
49438 0 0 152 0
53341 0 0 164 1
8150 0 0 25 1
9054798676 0 0 27657560 0
10024955677 0 0 30620870 1
11152 0 0 34 1
29785 0 0 74 0
32200 0 0 80 1
9672 0 0 24 1
27405 0 0 54 0
30450 0 0 60 1
16764 0 0 33 1
38173447620 0 0 75120048 0
41354568255 0 0 81380052 1
11707 0 0 23 1
16272865700 0 0 31286606 0
18150504050 0 0 34896599 1
16672 0 0 32 1
86695 0 0 140 0
94126 0 0 152 1
25420 0 0 41 1
64025 0 0 50 0
71708 0 0 56 1
39711 0 0 31 1
175270 0 0 136 0
190735 0 0 148 1
51560 0 0 40 1
132120 0 0 96 0
148635 0 0 108 1
41310 0 0 30 1
4307822145 0 0 2980428 0
4699442340 0 0 3251376 1
56394 0 0 39 1
67689 0 0 46 0
76518 0 0 52 1
42688 0 0 29 1
105440 0 0 64 0
115325 0 0 70 1
62624 0 0 38 1
340341 0 0 164 0
207525 0 0 100 1
58128 0 0 28 1
92646107937 0 0 41354558 0
101611860318 0 0 45356612 1
82917 0 0 37 1
396200 0 0 160 0
237720 0 0 96 1
66879 0 0 27 1
4189311330750 0 0 1683977340 0
4608242463825 0 0 1852375074 1
89568 0 0 36 1
395421 0 0 156 0
233197 0 0 92 1
65910 0 0 26 1
825787533655 0 0 325608404 0
911213830240 0 0 359292032 1
88795 0 0 35 1
398050 0 0 152 0
429475 0 0 164 1
65475 0 0 25 1
23589708380 0 0 8769264 0
26117177135 0 0 9708828 1
91494 0 0 34 1
400377 0 0 148 0
432840 0 0 160 1
129864 0 0 48 1
1134553704579 0 0 419294340 0
1260615227310 0 0 465882600 1
89298 0 0 33 1
1182003670548 0 0 436755312 0
1280503976427 0 0 473151588 1
62261 0 0 23 1
306826 0 0 104 0
342229 0 0 116 1
94432 0 0 32 1
223895 0 0 70 0
243086 0 0 76 1
131159 0 0 41 1
178575 0 0 50 0
200004 0 0 56 1
221495 0 0 62 1
142 7 7 1 0 96 0
0 50 0 5
17 89 92 58
41 81 94 72
63 48 31 80
107 36 9 37
4294967294 33 18 11
4294967295 73 15 12
2 5 3 7143 0 0 2 0 41 17 63 107 4294967294 4294967295
0 0 0 1 0
0 0 0 1 1
1 0 0 1 1
66 0 0 1 0
66 0 0 1 1
67 0 0 1 1
649 0 0 4 0
649 0 0 4 1
163 0 0 1 1
383 0 0 2 0
383 0 0 2 1
192 0 0 1 1
803 0 0 4 0
803 0 0 4 1
201 0 0 1 1
1301 0 0 4 0
1301 0 0 4 1
326 0 0 1 1
323385667 0 0 987770 0
323385667 0 0 987770 1
328 0 0 1 1
805 0 0 2 0
805 0 0 2 1
403 0 0 1 1
1015 0 0 2 0
1015 0 0 2 1
508 0 0 1 1
1060373545 0 0 2086668 0
1060373545 0 0 2086668 1
509 0 0 1 1
625879450 0 0 1203331 0
625879450 0 0 1203331 1
521 0 0 1 1
2477 0 0 4 0
2477 0 0 4 1
620 0 0 1 1
2561 0 0 2 0
2561 0 0 2 1
1281 0 0 1 1
5155 0 0 4 0
5155 0 0 4 1
1289 0 0 1 1
5505 0 0 4 0
5505 0 0 4 1
1377 0 0 1 1
130540065 0 0 90316 0
130540065 0 0 90316 1
1446 0 0 1 1
2943 0 0 2 0
2943 0 0 2 1
1472 0 0 1 1
3295 0 0 2 0
3295 0 0 2 1
1648 0 0 1 1
8301 0 0 4 0
8301 0 0 4 1
2076 0 0 1 1
2988584127 0 0 1334018 0
2988584127 0 0 1334018 1
2241 0 0 1 1
9905 0 0 4 0
9905 0 0 4 1
2477 0 0 1 1
139643711025 0 0 56132578 0
139643711025 0 0 56132578 1
2488 0 0 1 1
10139 0 0 4 0
10139 0 0 4 1
2535 0 0 1 1
28475432195 0 0 11227876 0
28475432195 0 0 11227876 1
2537 0 0 1 1
10475 0 0 4 0
10475 0 0 4 1
2619 0 0 1 1
842489585 0 0 313188 0
842489585 0 0 313188 1
2691 0 0 1 1
10821 0 0 4 0
10821 0 0 4 1
5411 0 0 2 1
42020507577 0 0 15529420 0
42020507577 0 0 15529420 1
2706 0 0 1 1
32833435293 0 0 12132092 0
32833435293 0 0 12132092 1
2707 0 0 1 1
11801 0 0 4 0
11801 0 0 4 1
2951 0 0 1 1
6397 0 0 2 0
6397 0 0 2 1
3199 0 0 1 1
7143 0 0 2 0
7143 0 0 2 1
7145 0 0 2 1
143 7 7 1 0 96 0
4294967295 73 15 12
4294967294 33 18 11
107 36 9 37
63 48 31 80
41 81 94 72
17 89 92 58
0 50 0 5
2 5 3 64287 0 0 18 0 41 17 63 107 4294967294 4294967295
0 0 0 33 0
0 0 0 36 1
39 0 0 39 1
1518 0 0 23 0
1716 0 0 26 1
1943 0 0 29 1
20768 0 0 128 0
22715 0 0 140 1
6194 0 0 38 1
15703 0 0 82 0
9575 0 0 50 1
5376 0 0 28 1
24893 0 0 124 0
27302 0 0 136 1
7437 0 0 37 1
52040 0 0 160 0
31224 0 0 96 1
8802 0 0 27 1
9701570010 0 0 29633100 0
10671727011 0 0 32596410 1
11808 0 0 36 1
31395 0 0 78 0
18515 0 0 46 1
10478 0 0 26 1
29435 0 0 58 0
32480 0 0 64 1
17780 0 0 35 1
40294194710 0 0 79293384 0
43475315345 0 0 85553388 1
12725 0 0 25 1
17524624600 0 0 33693268 0
19402262950 0 0 37303261 1
17714 0 0 34 1
91649 0 0 148 0
99080 0 0 160 1
14880 0 0 24 1
69147 0 0 54 0
76830 0 0 60 1
42273 0 0 33 1
185580 0 0 144 0
201045 0 0 156 1
29647 0 0 23 1
143130 0 0 104 0
159645 0 0 116 1
44064 0 0 32 1
4568902275 0 0 3161060 0
4960522470 0 0 3432008 1
59286 0 0 41 1
73575 0 0 50 0
82404 0 0 56 1
45632 0 0 31 1
112030 0 0 68 0
121915 0 0 74 1
65920 0 0 40 1
199224 0 0 96 0
224127 0 0 108 1
62280 0 0 30 1
98623276191 0 0 44022594 0
107589028572 0 0 48024648 1
87399 0 0 39 1
227815 0 0 92 0
257530 0 0 104 1
71833 0 0 29 1
4468598752800 0 0 1796242496 0
4887529885875 0 0 1964640230 1
94544 0 0 38 1
415699 0 0 164 0
253475 0 0 100 1
70980 0 0 28 1
882738398045 0 0 348064156 0
968164694630 0 0 381747784 1
93869 0 0 37 1
419000 0 0 160 0
251400 0 0 96 1
70713 0 0 27 1
25274687550 0 0 9395640 0
27802156305 0 0 10335204 1
96876 0 0 36 1
422019 0 0 156 0
248883 0 0 92 1
140686 0 0 52 1
1218594719733 0 0 450353180 0
1344656242464 0 0 496941440 1
94710 0 0 35 1
1247670541134 0 0 461019496 0
1346170847013 0 0 497415772 1
67675 0 0 25 1
330428 0 0 112 0
365831 0 0 124 1
100334 0 0 34 1
236689 0 0 74 0
255880 0 0 80 1
76776 0 0 24 1
192861 0 0 54 0
214290 0 0 60 1
235785 0 0 66 1
144 7 1 0 11 123 0
0 0 9 40
17 26 57 87
41 5 77 70
63 86 51 22
107 42 7 54
4294967294 67 33 51
4294967295 21 64 50
2 0 3 491 0 0 1 0 107
2 0 3 1783 0 0 2 0 4294967295
2 0 3 565 0 0 2 17 41
2 0 3 3845 0 0 4 17 107
2 0 3 3553 0 0 4 17 4294967294
2 0 3 1443 0 0 4 17 4294967295
2 0 3 825 0 0 4 41 4294967295
2 0 3 763 0 0 2 63 4294967294
2 0 3 655 0 0 2 107 4294967294
2 0 3 1853 0 0 2 107 4294967295
2 0 3 1539 0 0 2 4294967294 4294967295
0 0 0 1 0
0 0 0 1 1
1 0 0 1 1
825 0 0 4 0
825 0 0 4 1
207 0 0 1 1
565 0 0 2 0
565 0 0 2 1
283 0 0 1 1
655 0 0 2 0
655 0 0 2 1
328 0 0 1 1
1443 0 0 4 0
1443 0 0 4 1
361 0 0 1 1
763 0 0 2 0
763 0 0 2 1
382 0 0 1 1
672618375 0 0 1733428 0
672618375 0 0 1733428 1
389 0 0 1 1
491 0 0 1 0
491 0 0 1 1
492 0 0 1 1
1539 0 0 2 0
1539 0 0 2 1
770 0 0 1 1
3553 0 0 4 0
3553 0 0 4 1
889 0 0 1 1
1783 0 0 2 0
1783 0 0 2 1
892 0 0 1 1
1853 0 0 2 0
1853 0 0 2 1
927 0 0 1 1
7890420681 0 0 8414596 0
7890420681 0 0 8414596 1
938 0 0 1 1
219753810 0 0 230347 0
219753810 0 0 230347 1
955 0 0 1 1
3845 0 0 4 0
3845 0 0 4 1
962 0 0 1 1
8948141675 0 0 8790698 0
8948141675 0 0 8790698 1
1018 0 0 1 1
10281064755 0 0 9845308 0
10281064755 0 0 9845308 1
1045 0 0 1 1
1622214409 0 0 1542970 0
1622214409 0 0 1542970 1
1052 0 0 1 1
22294094074379 0 0 20805754564 0
22294094074379 0 0 20805754564 1
1072 0 0 1 1
1224 0 0 1 0
1224 0 0 1 1
1225 0 0 1 1
2589 0 0 2 0
2589 0 0 2 1
1295 0 0 1 1
2593 0 0 2 0
2593 0 0 2 1
1297 0 0 1 1
5189 0 0 4 0
5189 0 0 4 1
1298 0 0 1 1
1959257431 0 0 1491096 0
1959257431 0 0 1491096 1
1314 0 0 1 1
175686122 0 0 128947 0
175686122 0 0 128947 1
1363 0 0 1 1
5549 0 0 4 0
5549 0 0 4 1
1388 0 0 1 1
3253694993 0 0 2286138 0
3253694993 0 0 2286138 1
1424 0 0 1 1
6141 0 0 4 0
6141 0 0 4 1
1536 0 0 1 1
734004801 0 0 475426 0
734004801 0 0 475426 1
1544 0 0 1 1
47805888581 0 0 30550466 0
47805888581 0 0 30550466 1
1565 0 0 1 1
6525 0 0 4 0
6525 0 0 4 1
1632 0 0 1 1
79012211 0 0 47352 0
79012211 0 0 47352 1
1669 0 0 1 1
26245866375 0 0 15660682 0
26245866375 0 0 15660682 1
1676 0 0 1 1
29453376179 0 0 15667270 0
29453376179 0 0 15667270 1
1880 0 0 1 1
7861 0 0 4 0
7861 0 0 4 1
1966 0 0 1 1
924901677 0 0 465788 0
924901677 0 0 465788 1
1986 0 0 1 1
2371 0 0 1 0
2371 0 0 1 1
2372 0 0 1 1
9541 0 0 4 0
9541 0 0 4 1
2386 0 0 1 1
381000753 0 0 155314 0
381000753 0 0 155314 1
2454 0 0 1 1
96714818459 0 0 37611640 0
96714818459 0 0 37611640 1
2572 0 0 1 1
125527874339 0 0 45086200 0
125527874339 0 0 45086200 1
125572960539 0 0 45086200 1
145 7 1 0 11 123 0
4294967295 21 64 50
4294967294 67 33 51
107 42 7 54
63 86 51 22
41 5 77 70
17 26 57 87
0 0 9 40
2 0 3 24624 0 0 32 4294967294 4294967295
2 0 3 16677 0 0 18 107 4294967295
2 0 3 1310 0 0 4 107 4294967294
2 0 3 9156 0 0 24 63 4294967294
2 0 3 4125 0 0 20 41 4294967295
2 0 3 21645 0 0 60 17 4294967295
2 0 3 28424 0 0 32 17 4294967294
2 0 3 69210 0 0 72 17 107
2 0 3 6215 0 0 22 17 41
2 0 3 7132 0 0 8 0 4294967295
2 0 3 6874 0 0 14 0 107
0 0 0 35 0
0 0 0 38 1
41 0 0 41 1
20625 0 0 100 0
23100 0 0 112 1
6417 0 0 31 1
19210 0 0 68 0
20905 0 0 74 1
11320 0 0 40 1
15720 0 0 48 0
17685 0 0 54 1
9840 0 0 30 1
47619 0 0 132 0
51948 0 0 144 1
14079 0 0 39 1
17549 0 0 46 0
19838 0 0 52 1
11078 0 0 29 1
21523788000 0 0 55469696 0
23541643125 0 0 60669980 1
14782 0 0 38 1
20131 0 0 41 0
12275 0 0 25 1
13776 0 0 28 1
47709 0 0 62 0
52326 0 0 68 1
28490 0 0 37 1
142120 0 0 160 0
85272 0 0 96 1
24003 0 0 27 1
53490 0 0 60 0
58839 0 0 66 1
32112 0 0 36 1
72267 0 0 78 0
42619 0 0 46 1
24102 0 0 26 1
228822199749 0 0 244023284 0
252493461792 0 0 269267072 1
32830 0 0 35 1
8350644780 0 0 8753186 0
9009906210 0 0 9444227 1
23875 0 0 25 1
107660 0 0 112 0
119195 0 0 124 1
32708 0 0 34 1
331081241975 0 0 325255826 0
357925667000 0 0 351627920 1
24432 0 0 24 1
277588748385 0 0 265823316 0
308431942650 0 0 295359240 1
34485 0 0 33 1
58399718724 0 0 55546920 0
63266361951 0 0 60175830 1
24196 0 0 23 1
579646445933854 0 0 540949618664 0
646528728156991 0 0 603366882356 1
34304 0 0 32 1
42840 0 0 35 0
46512 0 0 38 1
50225 0 0 41 1
64725 0 0 50 0
72492 0 0 56 1
40145 0 0 31 1
88162 0 0 68 0
95941 0 0 74 1
51880 0 0 40 1
124536 0 0 96 0
140103 0 0 108 1
38940 0 0 30 1
64655495223 0 0 49206168 0
70533267516 0 0 53679456 1
51246 0 0 39 1
4040780806 0 0 2965781 0
4567839172 0 0 3352622 1
39527 0 0 29 1
177568 0 0 128 0
194215 0 0 140 1
52744 0 0 38 1
133401494713 0 0 93731658 0
81342374825 0 0 57153450 1
39872 0 0 28 1
190371 0 0 124 0
208794 0 0 136 1
56832 0 0 37 1
29360192040 0 0 19017040 0
17616115224 0 0 11410224 1
41688 0 0 27 1
1434176657430 0 0 916513980 0
1577594323173 0 0 1008165378 1
56340 0 0 36 1
254475 0 0 156 0
150075 0 0 92 1
42432 0 0 26 1
2291354119 0 0 1373208 0
2528390752 0 0 1515264 1
58415 0 0 35 1
997342922250 0 0 595105916 0
1076080521375 0 0 642087962 1
41900 0 0 25 1
824694533012 0 0 438683560 0
913054661549 0 0 485685370 1
63920 0 0 34 1
290857 0 0 148 0
314440 0 0 160 1
47184 0 0 24 1
24972345279 0 0 12576276 0
27747050310 0 0 13973640 1
65538 0 0 33 1
85356 0 0 36 0
92469 0 0 39 1
54556 0 0 23 1
248066 0 0 104 0
276689 0 0 116 1
76352 0 0 32 1
13335026355 0 0 5435990 0
14478028614 0 0 5901932 1
100614 0 0 41 1
2417870461475 0 0 940291000 0
2708014916852 0 0 1053125920 1
79732 0 0 31 1
4267947727526 0 0 1532930800 0
4644531350543 0 0 1668189400 1
5022918421560 0 0 1803448000 1
146 7 2 11 11 123 0
0 0 9 40
17 26 57 87
41 5 77 70
63 86 51 22
107 42 7 54
4294967294 67 33 51
4294967295 21 64 50
2 0 3 491 0 0 1 0 107
2 0 3 1783 0 0 2 0 4294967295
2 0 3 565 0 0 2 17 41
2 0 3 3845 0 0 4 17 107
2 0 3 3553 0 0 4 17 4294967294
2 0 3 1443 0 0 4 17 4294967295
2 0 3 825 0 0 4 41 4294967295
2 0 3 763 0 0 2 63 4294967294
2 0 3 655 0 0 2 107 4294967294
2 0 3 1853 0 0 2 107 4294967295
2 0 3 1539 0 0 2 4294967294 4294967295
2 1 3 5189 0 0 4 0 17 4294967295
2 1 3 5549 0 0 4 0 41 4294967295
2 1 3 2593 0 0 2 0 4294967294 107
3 0 7 1622214409 0 0 1542970 0 107 4294967295
3 0 7 672618375 0 0 1733428 17 41 4294967295
3 0 7 8948141675 0 0 8790698 17 107 4294967294
3 0 7 10281064755 0 0 9845308 17 107 4294967295
3 0 7 7890420681 0 0 8414596 17 4294967294 4294967295
2 1 3 1224 0 0 1 63 107 4294967294
2 1 3 2589 0 0 2 63 4294967295 4294967294
3 0 7 219753810 0 0 230347 107 4294967294 4294967295
0 0 0 1 0
0 0 0 1 1
1 0 0 1 1
825 0 0 4 0
825 0 0 4 1
207 0 0 1 1
565 0 0 2 0
565 0 0 2 1
283 0 0 1 1
655 0 0 2 0
655 0 0 2 1
328 0 0 1 1
1443 0 0 4 0
1443 0 0 4 1
361 0 0 1 1
763 0 0 2 0
763 0 0 2 1
382 0 0 1 1
672618375 0 0 1733428 0
672618375 0 0 1733428 1
389 0 0 1 1
491 0 0 1 0
491 0 0 1 1
492 0 0 1 1
1539 0 0 2 0
1539 0 0 2 1
770 0 0 1 1
3553 0 0 4 0
3553 0 0 4 1
889 0 0 1 1
1783 0 0 2 0
1783 0 0 2 1
892 0 0 1 1
1853 0 0 2 0
1853 0 0 2 1
927 0 0 1 1
7890420681 0 0 8414596 0
7890420681 0 0 8414596 1
938 0 0 1 1
219753810 0 0 230347 0
219753810 0 0 230347 1
955 0 0 1 1
3845 0 0 4 0
3845 0 0 4 1
962 0 0 1 1
8948141675 0 0 8790698 0
8948141675 0 0 8790698 1
1018 0 0 1 1
10281064755 0 0 9845308 0
10281064755 0 0 9845308 1
1045 0 0 1 1
1622214409 0 0 1542970 0
1622214409 0 0 1542970 1
1052 0 0 1 1
22294094074379 0 0 20805754564 0
22294094074379 0 0 20805754564 1
1072 0 0 1 1
1224 0 0 1 0
1224 0 0 1 1
1225 0 0 1 1
2589 0 0 2 0
2589 0 0 2 1
1295 0 0 1 1
2593 0 0 2 0
2593 0 0 2 1
1297 0 0 1 1
5189 0 0 4 0
5189 0 0 4 1
1298 0 0 1 1
1959257431 0 0 1491096 0
1959257431 0 0 1491096 1
1314 0 0 1 1
175686122 0 0 128947 0
175686122 0 0 128947 1
1363 0 0 1 1
5549 0 0 4 0
5549 0 0 4 1
1388 0 0 1 1
3253694993 0 0 2286138 0
3253694993 0 0 2286138 1
1424 0 0 1 1
6141 0 0 4 0
6141 0 0 4 1
1536 0 0 1 1
734004801 0 0 475426 0
734004801 0 0 475426 1
1544 0 0 1 1
47805888581 0 0 30550466 0
47805888581 0 0 30550466 1
1565 0 0 1 1
6525 0 0 4 0
6525 0 0 4 1
1632 0 0 1 1
79012211 0 0 47352 0
79012211 0 0 47352 1
1669 0 0 1 1
26245866375 0 0 15660682 0
26245866375 0 0 15660682 1
1676 0 0 1 1
29453376179 0 0 15667270 0
29453376179 0 0 15667270 1
1880 0 0 1 1
7861 0 0 4 0
7861 0 0 4 1
1966 0 0 1 1
924901677 0 0 465788 0
924901677 0 0 465788 1
1986 0 0 1 1
2371 0 0 1 0
2371 0 0 1 1
2372 0 0 1 1
9541 0 0 4 0
9541 0 0 4 1
2386 0 0 1 1
381000753 0 0 155314 0
381000753 0 0 155314 1
2454 0 0 1 1
96714818459 0 0 37611640 0
96714818459 0 0 37611640 1
2572 0 0 1 1
125527874339 0 0 45086200 0
125527874339 0 0 45086200 1
125572960539 0 0 45086200 1
147 7 2 11 11 123 0
4294967295 21 64 50
4294967294 67 33 51
107 42 7 54
63 86 51 22
41 5 77 70
17 26 57 87
0 0 9 40
2 0 3 23085 0 0 30 4294967294 4294967295
2 0 3 14824 0 0 16 107 4294967295
2 0 3 11790 0 0 36 107 4294967294
2 0 3 8393 0 0 22 63 4294967294
2 0 3 3300 0 0 16 41 4294967295
2 0 3 20202 0 0 56 17 4294967295
2 0 3 24871 0 0 28 17 4294967294
2 0 3 65365 0 0 68 17 107
2 0 3 5650 0 0 20 17 41
2 0 3 5349 0 0 6 0 4294967295
2 0 3 6383 0 0 13 0 107
3 0 7 3955568580 0 0 4146246 107 4294967294 4294967295
2 1 3 28479 0 0 22 63 4294967295 4294967294
2 1 3 4896 0 0 4 63 107 4294967294
3 0 7 110465889534 0 0 117804344 17 4294967294 4294967295
3 0 7 71967453285 0 0 68917156 17 107 4294967295
3 0 7 152118408475 0 0 149441866 17 107 4294967294
3 0 7 6726183750 0 0 17334280 17 41 4294967295
3 0 7 4866643227 0 0 4628910 0 107 4294967295
2 1 3 33709 0 0 26 0 4294967294 107
2 1 3 33294 0 0 24 0 41 4294967295
2 1 3 83024 0 0 64 0 17 4294967295
0 0 0 37 0
0 0 0 40 1
24 0 0 24 1
22275 0 0 108 0
24750 0 0 120 1
6831 0 0 33 1
20340 0 0 72 0
22035 0 0 78 1
6509 0 0 23 1
17030 0 0 52 0
18995 0 0 58 1
10496 0 0 32 1
50505 0 0 140 0
54834 0 0 152 1
14801 0 0 41 1
19075 0 0 50 0
21364 0 0 56 1
11842 0 0 31 1
22869024750 0 0 58936552 0
24886879875 0 0 64136836 1
15560 0 0 40 1
11784 0 0 24 0
13257 0 0 27 1
14760 0 0 30 1
50787 0 0 66 0
55404 0 0 72 1
30030 0 0 39 1
81719 0 0 92 0
92378 0 0 104 1
25781 0 0 29 1
57056 0 0 64 0
62405 0 0 70 1
33896 0 0 38 1
75973 0 0 82 0
46325 0 0 50 1
25956 0 0 28 1
244603041111 0 0 260852476 0
268274303154 0 0 286096264 1
34706 0 0 37 1
8790152400 0 0 9213880 0
5274091440 0 0 5528328 1
25785 0 0 27 1
115350 0 0 120 0
126885 0 0 132 1
34632 0 0 36 1
348977525325 0 0 342837222 0
205807258525 0 0 202186054 1
26468 0 0 26 1
298150877895 0 0 285513932 0
328994072160 0 0 315049856 1
36575 0 0 35 1
61644147542 0 0 58632860 0
66510790769 0 0 63261770 1
26300 0 0 25 1
624234634082612 0 0 582561127792 0
691116916305749 0 0 644978391484 1
36448 0 0 34 1
45288 0 0 37 0
48960 0 0 40 1
29400 0 0 24 1
69903 0 0 54 0
77670 0 0 60 1
42735 0 0 33 1
93348 0 0 72 0
101127 0 0 78 1
29831 0 0 23 1
134914 0 0 104 0
150481 0 0 116 1
41536 0 0 32 1
68574010085 0 0 52188360 0
74451782378 0 0 56661648 1
53874 0 0 41 1
4392153050 0 0 3223675 0
4919211416 0 0 3610516 1
42253 0 0 31 1
188666 0 0 136 0
205313 0 0 148 1
55520 0 0 40 1
78088679832 0 0 54867312 0
87849764811 0 0 61725726 1
42720 0 0 30 1
202653 0 0 132 0
221076 0 0 144 1
59904 0 0 39 1
16882110423 0 0 10934798 0
19084124826 0 0 12361076 1
44776 0 0 29 1
1529788434592 0 0 977614912 0
1673206100335 0 0 1069266310 1
59470 0 0 38 1
267525 0 0 164 0
163125 0 0 100 1
45696 0 0 28 1
2449378541 0 0 1467912 0
2686415174 0 0 1609968 1
61753 0 0 37 1
1049834655000 0 0 626427280 0
629900793000 0 0 375856368 1
45252 0 0 27 1
883601285370 0 0 470018100 0
971961413907 0 0 517019910 1
67680 0 0 36 1
306579 0 0 156 0
180803 0 0 92 1
51116 0 0 26 1
26822148633 0 0 13507852 0
29596853664 0 0 14905216 1
69510 0 0 35 1
90098 0 0 38 0
97211 0 0 41 1
59300 0 0 25 1
267148 0 0 112 0
295771 0 0 124 1
81124 0 0 34 1
14097027861 0 0 5746618 0
15240030120 0 0 6212560 1
58896 0 0 24 1
2611300098393 0 0 1015514280 0
2901444553770 0 0 1128349200 1
84876 0 0 33 1
4519003476204 0 0 1623103200 0
4895587099221 0 0 1758361800 1
2888178092397 0 0 1036982600 1
148 7 3 11 8 123 0
0 0 9 40
17 26 57 87
41 5 77 70
63 86 51 22
107 42 7 54
4294967294 67 33 51
4294967295 21 64 50
2 1 3 5189 0 0 4 0 17 4294967295
2 1 3 5549 0 0 4 0 41 4294967295
2 1 3 2593 0 0 2 0 4294967294 107
3 0 7 1622214409 0 0 1542970 0 107 4294967295
3 0 7 672618375 0 0 1733428 17 41 4294967295
3 0 7 8948141675 0 0 8790698 17 107 4294967294
3 0 7 10281064755 0 0 9845308 17 107 4294967295
3 0 7 7890420681 0 0 8414596 17 4294967294 4294967295
2 1 3 1224 0 0 1 63 107 4294967294
2 1 3 2589 0 0 2 63 4294967295 4294967294
3 0 7 219753810 0 0 230347 107 4294967294 4294967295
3 1 7 3253694993 0 0 2286138 0 17 41 4294967295
3 1 7 1959257431 0 0 1491096 0 17 107 4294967295
3 1 7 175686122 0 0 128947 0 4294967294 4294967295 107
2 2 3 6525 0 0 4 41 107 17 4294967295
2 2 3 6141 0 0 4 41 4294967294 17 4294967295
2 2 3 7861 0 0 4 17 63 4294967294 4294967295
4 0 15 22294094074379 0 0 20805754564 17 107 4294967294 4294967295
3 1 7 734004801 0 0 475426 63 107 4294967295 4294967294
0 0 0 1 0
0 0 0 1 1
1 0 0 1 1
825 0 0 4 0
825 0 0 4 1
207 0 0 1 1
565 0 0 2 0
565 0 0 2 1
283 0 0 1 1
655 0 0 2 0
655 0 0 2 1
328 0 0 1 1
1443 0 0 4 0
1443 0 0 4 1
361 0 0 1 1
763 0 0 2 0
763 0 0 2 1
382 0 0 1 1
672618375 0 0 1733428 0
672618375 0 0 1733428 1
389 0 0 1 1
491 0 0 1 0
491 0 0 1 1
492 0 0 1 1
1539 0 0 2 0
1539 0 0 2 1
770 0 0 1 1
3553 0 0 4 0
3553 0 0 4 1
889 0 0 1 1
1783 0 0 2 0
1783 0 0 2 1
892 0 0 1 1
1853 0 0 2 0
1853 0 0 2 1
927 0 0 1 1
7890420681 0 0 8414596 0
7890420681 0 0 8414596 1
938 0 0 1 1
219753810 0 0 230347 0
219753810 0 0 230347 1
955 0 0 1 1
3845 0 0 4 0
3845 0 0 4 1
962 0 0 1 1
8948141675 0 0 8790698 0
8948141675 0 0 8790698 1
1018 0 0 1 1
10281064755 0 0 9845308 0
10281064755 0 0 9845308 1
1045 0 0 1 1
1622214409 0 0 1542970 0
1622214409 0 0 1542970 1
1052 0 0 1 1
22294094074379 0 0 20805754564 0
22294094074379 0 0 20805754564 1
1072 0 0 1 1
1224 0 0 1 0
1224 0 0 1 1
1225 0 0 1 1
2589 0 0 2 0
2589 0 0 2 1
1295 0 0 1 1
2593 0 0 2 0
2593 0 0 2 1
1297 0 0 1 1
5189 0 0 4 0
5189 0 0 4 1
1298 0 0 1 1
1959257431 0 0 1491096 0
1959257431 0 0 1491096 1
1314 0 0 1 1
175686122 0 0 128947 0
175686122 0 0 128947 1
1363 0 0 1 1
5549 0 0 4 0
5549 0 0 4 1
1388 0 0 1 1
3253694993 0 0 2286138 0
3253694993 0 0 2286138 1
1424 0 0 1 1
6141 0 0 4 0
6141 0 0 4 1
1536 0 0 1 1
734004801 0 0 475426 0
734004801 0 0 475426 1
1544 0 0 1 1
47805888581 0 0 30550466 0
47805888581 0 0 30550466 1
1565 0 0 1 1
6525 0 0 4 0
6525 0 0 4 1
1632 0 0 1 1
79012211 0 0 47352 0
79012211 0 0 47352 1
1669 0 0 1 1
26245866375 0 0 15660682 0
26245866375 0 0 15660682 1
1676 0 0 1 1
29453376179 0 0 15667270 0
29453376179 0 0 15667270 1
1880 0 0 1 1
7861 0 0 4 0
7861 0 0 4 1
1966 0 0 1 1
924901677 0 0 465788 0
924901677 0 0 465788 1
1986 0 0 1 1
2371 0 0 1 0
2371 0 0 1 1
2372 0 0 1 1
9541 0 0 4 0
9541 0 0 4 1
2386 0 0 1 1
381000753 0 0 155314 0
381000753 0 0 155314 1
2454 0 0 1 1
96714818459 0 0 37611640 0
96714818459 0 0 37611640 1
2572 0 0 1 1
125527874339 0 0 45086200 0
125527874339 0 0 45086200 1
125572960539 0 0 45086200 1
149 7 3 11 8 123 0
4294967295 21 64 50
4294967294 67 33 51
107 42 7 54
63 86 51 22
41 5 77 70
17 26 57 87
0 0 9 40
3 0 7 3735814770 0 0 3915899 107 4294967294 4294967295
2 1 3 25890 0 0 20 63 4294967295 4294967294
2 1 3 3672 0 0 3 63 107 4294967294
3 0 7 102575468853 0 0 109389748 17 4294967294 4294967295
3 0 7 61686388530 0 0 59071848 17 107 4294967295
3 0 7 143170266800 0 0 140651168 17 107 4294967294
3 0 7 6053565375 0 0 15600852 17 41 4294967295
3 0 7 3244428818 0 0 3085940 0 107 4294967295
2 1 3 31116 0 0 24 0 4294967294 107
2 1 3 27745 0 0 20 0 41 4294967295
2 1 3 77835 0 0 60 0 17 4294967295
3 1 7 11744076816 0 0 7606816 63 107 4294967295 4294967294
4 0 15 200646846669411 0 0 187251791076 17 107 4294967294 4294967295
2 2 3 15722 0 0 8 17 63 4294967294 4294967295
2 2 3 73692 0 0 48 41 4294967294 17 4294967295
2 2 3 32625 0 0 20 41 107 17 4294967295
3 1 7 2635291830 0 0 1934205 0 4294967294 4294967295 107
3 1 7 15674059448 0 0 11928768 0 17 107 4294967295
3 1 7 58566509874 0 0 41150484 0 17 41 4294967295
0 0 0 39 0
0 0 0 23 1
26 0 0 26 1
23925 0 0 116 0
26400 0 0 128 1
7245 0 0 35 1
21470 0 0 76 0
23165 0 0 82 1
7075 0 0 25 1
18340 0 0 56 0
20305 0 0 62 1
11152 0 0 34 1
53391 0 0 148 0
57720 0 0 160 1
8664 0 0 24 1
20601 0 0 54 0
22890 0 0 60 1
12606 0 0 33 1
24214261500 0 0 62403408 0
26232116625 0 0 67603692 1
8947 0 0 23 1
12766 0 0 26 0
14239 0 0 29 1
15744 0 0 32 1
53865 0 0 70 0
58482 0 0 76 1
31570 0 0 41 1
88825 0 0 100 0
99484 0 0 112 1
27559 0 0 31 1
60622 0 0 68 0
65971 0 0 74 1
35680 0 0 40 1
44472 0 0 48 0
50031 0 0 54 1
27810 0 0 30 1
260383882473 0 0 277681668 0
284055144516 0 0 302925456 1
36582 0 0 39 1
5054337630 0 0 5297981 0
5713599060 0 0 5989022 1
27695 0 0 29 1
123040 0 0 128 0
134575 0 0 140 1
36556 0 0 38 1
366873808675 0 0 360418618 0
223703541875 0 0 219767450 1
28504 0 0 28 1
318713007405 0 0 305204548 0
349556201670 0 0 334740472 1
38665 0 0 37 1
64888576360 0 0 61718800 0
38933145816 0 0 37031280 1
28404 0 0 27 1
668822822231370 0 0 624172636920 0
735705104454507 0 0 686589900612 1
38592 0 0 36 1
47736 0 0 39 0
28152 0 0 23 1
31850 0 0 26 1
75081 0 0 58 0
82848 0 0 64 1
45325 0 0 35 1
98534 0 0 76 0
106313 0 0 82 1
32425 0 0 25 1
145292 0 0 112 0
160859 0 0 124 1
44132 0 0 34 1
72492524947 0 0 55170552 0
78370297240 0 0 59643840 1
31536 0 0 24 1
4743525294 0 0 3481569 0
5270583660 0 0 3868410 1
44979 0 0 33 1
199764 0 0 144 0
216411 0 0 156 1
31924 0 0 23 1
84596069818 0 0 59439588 0
94357154797 0 0 66298002 1
45568 0 0 32 1
214935 0 0 140 0
233358 0 0 152 1
62976 0 0 41 1
18350120025 0 0 11885650 0
20552134428 0 0 13311928 1
47864 0 0 31 1
1625400211754 0 0 1038715844 0
1768817877497 0 0 1130367242 1
62600 0 0 40 1
156600 0 0 96 0
176175 0 0 108 1
48960 0 0 30 1
2607402963 0 0 1562616 0
2844439596 0 0 1704672 1
65091 0 0 39 1
603654926625 0 0 360195686 0
682392525750 0 0 407177732 1
48604 0 0 29 1
942508037728 0 0 501352640 0
1030868166265 0 0 548354450 1
71440 0 0 38 1
322301 0 0 164 0
196525 0 0 100 1
55048 0 0 28 1
28671951987 0 0 14439428 0
31446657018 0 0 15836792 1
73482 0 0 37 1
94840 0 0 40 0
56904 0 0 24 1
64044 0 0 27 1
286230 0 0 120 0
314853 0 0 132 1
85896 0 0 36 1
14859029367 0 0 6057246 0
8763017319 0 0 3572222 1
63804 0 0 26 1
2804729735311 0 0 1090737560 0
3094874190688 0 0 1203572480 1
90020 0 0 35 1
4770059224882 0 0 1713275600 0
5146642847899 0 0 1848534200 1
3139324013475 0 0 1127155000 1
150 7 4 8 6 123 0
0 0 9 40
17 26 57 87
41 5 77 70
63 86 51 22
107 42 7 54
4294967294 67 33 51
4294967295 21 64 50
3 1 7 3253694993 0 0 2286138 0 17 41 4294967295
3 1 7 1959257431 0 0 1491096 0 17 107 4294967295
3 1 7 175686122 0 0 128947 0 4294967294 4294967295 107
2 2 3 6525 0 0 4 41 107 17 4294967295
2 2 3 6141 0 0 4 41 4294967294 17 4294967295
2 2 3 7861 0 0 4 17 63 4294967294 4294967295
4 0 15 22294094074379 0 0 20805754564 17 107 4294967294 4294967295
3 1 7 734004801 0 0 475426 63 107 4294967295 4294967294
3 2 7 79012211 0 0 47352 0 41 107 17 4294967295
3 2 7 47805888581 0 0 30550466 0 17 4294967294 107 4294967295
2 3 3 2371 0 0 1 0 63 107 4294967294 4294967295
2 3 3 9541 0 0 4 41 63 17 4294967294 4294967295
3 2 7 26245866375 0 0 15660682 41 107 4294967294 17 4294967295
3 2 7 924901677 0 0 465788 17 63 107 4294967294 4294967295
0 0 0 1 0
0 0 0 1 1
1 0 0 1 1
825 0 0 4 0
825 0 0 4 1
207 0 0 1 1
565 0 0 2 0
565 0 0 2 1
283 0 0 1 1
655 0 0 2 0
655 0 0 2 1
328 0 0 1 1
1443 0 0 4 0
1443 0 0 4 1
361 0 0 1 1
763 0 0 2 0
763 0 0 2 1
382 0 0 1 1
672618375 0 0 1733428 0
672618375 0 0 1733428 1
389 0 0 1 1
491 0 0 1 0
491 0 0 1 1
492 0 0 1 1
1539 0 0 2 0
1539 0 0 2 1
770 0 0 1 1
3553 0 0 4 0
3553 0 0 4 1
889 0 0 1 1
1783 0 0 2 0
1783 0 0 2 1
892 0 0 1 1
1853 0 0 2 0
1853 0 0 2 1
927 0 0 1 1
7890420681 0 0 8414596 0
7890420681 0 0 8414596 1
938 0 0 1 1
219753810 0 0 230347 0
219753810 0 0 230347 1
955 0 0 1 1
3845 0 0 4 0
3845 0 0 4 1
962 0 0 1 1
8948141675 0 0 8790698 0
8948141675 0 0 8790698 1
1018 0 0 1 1
10281064755 0 0 9845308 0
10281064755 0 0 9845308 1
1045 0 0 1 1
1622214409 0 0 1542970 0
1622214409 0 0 1542970 1
1052 0 0 1 1
22294094074379 0 0 20805754564 0
22294094074379 0 0 20805754564 1
1072 0 0 1 1
1224 0 0 1 0
1224 0 0 1 1
1225 0 0 1 1
2589 0 0 2 0
2589 0 0 2 1
1295 0 0 1 1
2593 0 0 2 0
2593 0 0 2 1
1297 0 0 1 1
5189 0 0 4 0
5189 0 0 4 1
1298 0 0 1 1
1959257431 0 0 1491096 0
1959257431 0 0 1491096 1
1314 0 0 1 1
175686122 0 0 128947 0
175686122 0 0 128947 1
1363 0 0 1 1
5549 0 0 4 0
5549 0 0 4 1
1388 0 0 1 1
3253694993 0 0 2286138 0
3253694993 0 0 2286138 1
1424 0 0 1 1
6141 0 0 4 0
6141 0 0 4 1
1536 0 0 1 1
734004801 0 0 475426 0
734004801 0 0 475426 1
1544 0 0 1 1
47805888581 0 0 30550466 0
47805888581 0 0 30550466 1
1565 0 0 1 1
6525 0 0 4 0
6525 0 0 4 1
1632 0 0 1 1
79012211 0 0 47352 0
79012211 0 0 47352 1
1669 0 0 1 1
26245866375 0 0 15660682 0
26245866375 0 0 15660682 1
1676 0 0 1 1
29453376179 0 0 15667270 0
29453376179 0 0 15667270 1
1880 0 0 1 1
7861 0 0 4 0
7861 0 0 4 1
1966 0 0 1 1
924901677 0 0 465788 0
924901677 0 0 465788 1
1986 0 0 1 1
2371 0 0 1 0
2371 0 0 1 1
2372 0 0 1 1
9541 0 0 4 0
9541 0 0 4 1
2386 0 0 1 1
381000753 0 0 155314 0
381000753 0 0 155314 1
2454 0 0 1 1
96714818459 0 0 37611640 0
96714818459 0 0 37611640 1
2572 0 0 1 1
125527874339 0 0 45086200 0
125527874339 0 0 45086200 1
125572960539 0 0 45086200 1
151 7 4 8 6 123 0
4294967295 21 64 50
4294967294 67 33 51
107 42 7 54
63 86 51 22
41 5 77 70
17 26 57 87
0 0 9 40
3 1 7 11010072015 0 0 7131390 63 107 4294967295 4294967294
4 0 15 178352752595032 0 0 166446036512 17 107 4294967294 4294967295
2 2 3 141498 0 0 72 17 63 4294967294 4294967295
2 2 3 67551 0 0 44 41 4294967294 17 4294967295
2 2 3 26100 0 0 16 41 107 17 4294967295
3 1 7 2459605708 0 0 1805258 0 4294967294 4294967295 107
3 1 7 13714802017 0 0 10437672 0 17 107 4294967295
3 1 7 55312814881 0 0 38864346 0 17 41 4294967295
3 2 7 3699606708 0 0 1863152 17 63 107 4294967294 4294967295
3 2 7 367442129250 0 0 219249548 41 107 4294967294 17 4294967295
2 3 3 66787 0 0 28 41 63 17 4294967294 4294967295
2 3 3 40307 0 0 17 0 63 107 4294967294 4294967295
3 2 7 478058885810 0 0 305504660 0 17 4294967294 107 4294967295
3 2 7 237036633 0 0 142056 0 41 107 17 4294967295
0 0 0 41 0
0 0 0 25 1
28 0 0 28 1
25575 0 0 124 0
28050 0 0 136 1
7659 0 0 37 1
22600 0 0 80 0
13560 0 0 48 1
7641 0 0 27 1
19650 0 0 60 0
21615 0 0 66 1
11808 0 0 36 1
56277 0 0 156 0
33189 0 0 92 1
9386 0 0 26 1
22127 0 0 58 0
24416 0 0 64 1
13370 0 0 35 1
25559498250 0 0 65870264 0
27577353375 0 0 71070548 1
9725 0 0 25 1
13748 0 0 28 0
15221 0 0 31 1
16728 0 0 34 1
56943 0 0 74 0
61560 0 0 80 1
18480 0 0 24 1
95931 0 0 108 0
106590 0 0 120 1
29337 0 0 33 1
64188 0 0 72 0
69537 0 0 78 1
20516 0 0 23 1
48178 0 0 52 0
53737 0 0 58 1
29664 0 0 32 1
276164723835 0 0 294510860 0
299835985878 0 0 319754648 1
38458 0 0 41 1
5493845250 0 0 5758675 0
6153106680 0 0 6449716 1
29605 0 0 31 1
130730 0 0 136 0
142265 0 0 148 1
38480 0 0 40 1
214755400200 0 0 210976752 0
241599825225 0 0 237348846 1
30540 0 0 30 1
339275136915 0 0 324895164 0
370118331180 0 0 354431088 1
40755 0 0 39 1
37310931407 0 0 35488310 0
42177574634 0 0 40117220 1
30508 0 0 29 1
713411010380128 0 0 665784146048 0
780293292603265 0 0 728201409740 1
40736 0 0 38 1
50184 0 0 41 0
30600 0 0 25 1
34300 0 0 28 1
80259 0 0 62 0
88026 0 0 68 1
47915 0 0 37 1
103720 0 0 80 0
62232 0 0 48 1
35019 0 0 27 1
155670 0 0 120 0
171237 0 0 132 1
46728 0 0 36 1
76411039809 0 0 58152744 0
45062920913 0 0 34295208 1
34164 0 0 26 1
5094897538 0 0 3739463 0
5621955904 0 0 4126304 1
47705 0 0 35 1
210862 0 0 152 0
227509 0 0 164 1
34700 0 0 25 1
91103459804 0 0 64011864 0
100864544783 0 0 70870278 1
48416 0 0 34 1
227217 0 0 148 0
245640 0 0 160 1
36864 0 0 24 1
19818129627 0 0 12836502 0
22020144030 0 0 14262780 1
50952 0 0 33 1
1721011988916 0 0 1099816776 0
1864429654659 0 0 1191468174 1
35995 0 0 23 1
169650 0 0 104 0
189225 0 0 116 1
52224 0 0 32 1
2765427385 0 0 1657320 0
3002464018 0 0 1799376 1
68429 0 0 41 1
656146659375 0 0 391517050 0
734884258500 0 0 438499096 1
51956 0 0 31 1
1001414790086 0 0 532687180 0
1089774918623 0 0 579688990 1
75200 0 0 40 1
188664 0 0 96 0
212247 0 0 108 1
58980 0 0 30 1
30521755341 0 0 15371004 0
33296460372 0 0 16768368 1
77454 0 0 39 1
54533 0 0 23 0
61646 0 0 26 1
68788 0 0 29 1
305312 0 0 128 0
333935 0 0 140 1
90668 0 0 38 1
15621030873 0 0 6367874 0
9525018825 0 0 3882850 1
68712 0 0 28 1
2998159372229 0 0 1165960840 0
3288303827606 0 0 1278795760 1
95164 0 0 37 1
5021114973560 0 0 1803448000 0
3012668984136 0 0 1082068800 1
3390469934553 0 0 1217327400 1
152 7 5 6 3 123 0
0 0 9 40
17 26 57 87
41 5 77 70
63 86 51 22
107 42 7 54
4294967294 67 33 51
4294967295 21 64 50
3 2 7 79012211 0 0 47352 0 41 107 17 4294967295
3 2 7 47805888581 0 0 30550466 0 17 4294967294 107 4294967295
2 3 3 2371 0 0 1 0 63 107 4294967294 4294967295
2 3 3 9541 0 0 4 41 63 17 4294967294 4294967295
3 2 7 26245866375 0 0 15660682 41 107 4294967294 17 4294967295
3 2 7 924901677 0 0 465788 17 63 107 4294967294 4294967295
3 3 7 29453376179 0 0 15667270 0 41 4294967294 17 107 4294967295
3 3 7 96714818459 0 0 37611640 0 17 63 107 4294967294 4294967295
3 3 7 381000753 0 0 155314 41 63 107 17 4294967294 4294967295
0 0 0 1 0
0 0 0 1 1
1 0 0 1 1
825 0 0 4 0
825 0 0 4 1
207 0 0 1 1
565 0 0 2 0
565 0 0 2 1
283 0 0 1 1
655 0 0 2 0
655 0 0 2 1
328 0 0 1 1
1443 0 0 4 0
1443 0 0 4 1
361 0 0 1 1
763 0 0 2 0
763 0 0 2 1
382 0 0 1 1
672618375 0 0 1733428 0
672618375 0 0 1733428 1
389 0 0 1 1
491 0 0 1 0
491 0 0 1 1
492 0 0 1 1
1539 0 0 2 0
1539 0 0 2 1
770 0 0 1 1
3553 0 0 4 0
3553 0 0 4 1
889 0 0 1 1
1783 0 0 2 0
1783 0 0 2 1
892 0 0 1 1
1853 0 0 2 0
1853 0 0 2 1
927 0 0 1 1
7890420681 0 0 8414596 0
7890420681 0 0 8414596 1
938 0 0 1 1
219753810 0 0 230347 0
219753810 0 0 230347 1
955 0 0 1 1
3845 0 0 4 0
3845 0 0 4 1
962 0 0 1 1
8948141675 0 0 8790698 0
8948141675 0 0 8790698 1
1018 0 0 1 1
10281064755 0 0 9845308 0
10281064755 0 0 9845308 1
1045 0 0 1 1
1622214409 0 0 1542970 0
1622214409 0 0 1542970 1
1052 0 0 1 1
22294094074379 0 0 20805754564 0
22294094074379 0 0 20805754564 1
1072 0 0 1 1
1224 0 0 1 0
1224 0 0 1 1
1225 0 0 1 1
2589 0 0 2 0
2589 0 0 2 1
1295 0 0 1 1
2593 0 0 2 0
2593 0 0 2 1
1297 0 0 1 1
5189 0 0 4 0
5189 0 0 4 1
1298 0 0 1 1
1959257431 0 0 1491096 0
1959257431 0 0 1491096 1
1314 0 0 1 1
175686122 0 0 128947 0
175686122 0 0 128947 1
1363 0 0 1 1
5549 0 0 4 0
5549 0 0 4 1
1388 0 0 1 1
3253694993 0 0 2286138 0
3253694993 0 0 2286138 1
1424 0 0 1 1
6141 0 0 4 0
6141 0 0 4 1
1536 0 0 1 1
734004801 0 0 475426 0
734004801 0 0 475426 1
1544 0 0 1 1
47805888581 0 0 30550466 0
47805888581 0 0 30550466 1
1565 0 0 1 1
6525 0 0 4 0
6525 0 0 4 1
1632 0 0 1 1
79012211 0 0 47352 0
79012211 0 0 47352 1
1669 0 0 1 1
26245866375 0 0 15660682 0
26245866375 0 0 15660682 1
1676 0 0 1 1
29453376179 0 0 15667270 0
29453376179 0 0 15667270 1
1880 0 0 1 1
7861 0 0 4 0
7861 0 0 4 1
1966 0 0 1 1
924901677 0 0 465788 0
924901677 0 0 465788 1
1986 0 0 1 1
2371 0 0 1 0
2371 0 0 1 1
2372 0 0 1 1
9541 0 0 4 0
9541 0 0 4 1
2386 0 0 1 1
381000753 0 0 155314 0
381000753 0 0 155314 1
2454 0 0 1 1
96714818459 0 0 37611640 0
96714818459 0 0 37611640 1
2572 0 0 1 1
125527874339 0 0 45086200 0
125527874339 0 0 45086200 1
125572960539 0 0 45086200 1
153 7 5 6 3 123 0
4294967295 21 64 50
4294967294 67 33 51
107 42 7 54
63 86 51 22
41 5 77 70
17 26 57 87
0 0 9 40
3 2 7 2774705031 0 0 1397364 17 63 107 4294967294 4294967295
3 2 7 341196262875 0 0 203588866 41 107 4294967294 17 4294967295
2 3 3 57246 0 0 24 41 63 17 4294967294 4294967295
2 3 3 37936 0 0 16 0 63 107 4294967294 4294967295
3 2 7 430252997229 0 0 274954194 0 17 4294967294 107 4294967295
3 2 7 158024422 0 0 94704 0 41 107 17 4294967295
3 3 7 762001506 0 0 310628 41 63 107 17 4294967294 4294967295
3 3 7 1160577821508 0 0 451339680 0 17 63 107 4294967294 4294967295
3 3 7 147266880895 0 0 78336350 0 41 4294967294 17 107 4294967295
0 0 0 24 0
0 0 0 27 1
30 0 0 30 1
27225 0 0 132 0
29700 0 0 144 1
8073 0 0 39 1
12995 0 0 46 0
14690 0 0 52 1
8207 0 0 29 1
20960 0 0 64 0
22925 0 0 70 1
12464 0 0 38 1
59163 0 0 164 0
36075 0 0 100 1
10108 0 0 28 1
23653 0 0 62 0
25942 0 0 68 1
14134 0 0 37 1
26904735000 0 0 69337120 0
16142841000 0 0 41602272 1
10503 0 0 27 1
14730 0 0 30 0
16203 0 0 33 1
17712 0 0 36 1
60021 0 0 78 0
35397 0 0 46 1
20020 0 0 26 1
103037 0 0 116 0
113696 0 0 128 1
31115 0 0 35 1
67754 0 0 76 0
73103 0 0 82 1
22300 0 0 25 1
51884 0 0 56 0
57443 0 0 62 1
31518 0 0 34 1
291945565197 0 0 311340052 0
315616827240 0 0 336583840 1
22512 0 0 24 1
5933352870 0 0 6219369 0
6592614300 0 0 6910410 1
31515 0 0 33 1
138420 0 0 144 0
149955 0 0 156 1
22126 0 0 23 1
232651683550 0 0 228558148 0
259496108575 0 0 254930242 1
32576 0 0 32 1
359837266425 0 0 344585780 0
390680460690 0 0 374121704 1
42845 0 0 41 1
40555360225 0 0 38574250 0
45422003452 0 0 43203160 1
32612 0 0 31 1
757999198528886 0 0 707395655176 0
824881480752023 0 0 769812918868 1
42880 0 0 40 1
29376 0 0 24 0
33048 0 0 27 1
36750 0 0 30 1
85437 0 0 66 0
93204 0 0 72 1
50505 0 0 39 1
59639 0 0 46 0
67418 0 0 52 1
37613 0 0 29 1
166048 0 0 128 0
181615 0 0 140 1
49324 0 0 38 1
80329554671 0 0 61134936 0
48981435775 0 0 37277400 1
36792 0 0 28 1
5446269782 0 0 3997357 0
5973328148 0 0 4384198 1
50431 0 0 37 1
221960 0 0 160 0
133176 0 0 96 1
37476 0 0 27 1
97610849790 0 0 68584140 0
107371934769 0 0 75442554 1
51264 0 0 36 1
239499 0 0 156 0
141243 0 0 92 1
39936 0 0 26 1
21286139229 0 0 13787354 0
23488153632 0 0 15213632 1
54040 0 0 35 1
1816623766078 0 0 1160917708 0
1960041431821 0 0 1252569106 1
39125 0 0 25 1
182700 0 0 112 0
202275 0 0 124 1
55488 0 0 34 1
2923451807 0 0 1752024 0
3160488440 0 0 1894080 1
40056 0 0 24 1
708638392125 0 0 422838414 0
787375991250 0 0 469820460 1
55308 0 0 33 1
1060321542444 0 0 564021720 0
1148681670981 0 0 611023530 1
43240 0 0 23 1
204386 0 0 104 0
227969 0 0 116 1
62912 0 0 32 1
32371558695 0 0 16302580 0
35146263726 0 0 17699944 1
81426 0 0 41 1
59275 0 0 25 0
66388 0 0 28 1
73532 0 0 31 1
324394 0 0 136 0
353017 0 0 148 1
95440 0 0 40 1
9144018072 0 0 3727536 0
10287020331 0 0 4193478 1
73620 0 0 30 1
3191589009147 0 0 1241184120 0
3481733464524 0 0 1354019040 1
100308 0 0 39 1
2887141109797 0 0 1036982600 0
3263724732814 0 0 1172241200 1
3641615855631 0 0 1307499800 1
154 7 6 3 1 123 0
0 0 9 40
17 26 57 87
41 5 77 70
63 86 51 22
107 42 7 54
4294967294 67 33 51
4294967295 21 64 50
3 3 7 29453376179 0 0 15667270 0 41 4294967294 17 107 4294967295
3 3 7 96714818459 0 0 37611640 0 17 63 107 4294967294 4294967295
3 3 7 381000753 0 0 155314 41 63 107 17 4294967294 4294967295
3 4 7 125527874339 0 0 45086200 0 41 63 17 107 4294967294 4294967295
0 0 0 1 0
0 0 0 1 1
1 0 0 1 1
825 0 0 4 0
825 0 0 4 1
207 0 0 1 1
565 0 0 2 0
565 0 0 2 1
283 0 0 1 1
655 0 0 2 0
655 0 0 2 1
328 0 0 1 1
1443 0 0 4 0
1443 0 0 4 1
361 0 0 1 1
763 0 0 2 0
763 0 0 2 1
382 0 0 1 1
672618375 0 0 1733428 0
672618375 0 0 1733428 1
389 0 0 1 1
491 0 0 1 0
491 0 0 1 1
492 0 0 1 1
1539 0 0 2 0
1539 0 0 2 1
770 0 0 1 1
3553 0 0 4 0
3553 0 0 4 1
889 0 0 1 1
1783 0 0 2 0
1783 0 0 2 1
892 0 0 1 1
1853 0 0 2 0
1853 0 0 2 1
927 0 0 1 1
7890420681 0 0 8414596 0
7890420681 0 0 8414596 1
938 0 0 1 1
219753810 0 0 230347 0
219753810 0 0 230347 1
955 0 0 1 1
3845 0 0 4 0
3845 0 0 4 1
962 0 0 1 1
8948141675 0 0 8790698 0
8948141675 0 0 8790698 1
1018 0 0 1 1
10281064755 0 0 9845308 0
10281064755 0 0 9845308 1
1045 0 0 1 1
1622214409 0 0 1542970 0
1622214409 0 0 1542970 1
1052 0 0 1 1
22294094074379 0 0 20805754564 0
22294094074379 0 0 20805754564 1
1072 0 0 1 1
1224 0 0 1 0
1224 0 0 1 1
1225 0 0 1 1
2589 0 0 2 0
2589 0 0 2 1
1295 0 0 1 1
2593 0 0 2 0
2593 0 0 2 1
1297 0 0 1 1
5189 0 0 4 0
5189 0 0 4 1
1298 0 0 1 1
1959257431 0 0 1491096 0
1959257431 0 0 1491096 1
1314 0 0 1 1
175686122 0 0 128947 0
175686122 0 0 128947 1
1363 0 0 1 1
5549 0 0 4 0
5549 0 0 4 1
1388 0 0 1 1
3253694993 0 0 2286138 0
3253694993 0 0 2286138 1
1424 0 0 1 1
6141 0 0 4 0
6141 0 0 4 1
1536 0 0 1 1
734004801 0 0 475426 0
734004801 0 0 475426 1
1544 0 0 1 1
47805888581 0 0 30550466 0
47805888581 0 0 30550466 1
1565 0 0 1 1
6525 0 0 4 0
6525 0 0 4 1
1632 0 0 1 1
79012211 0 0 47352 0
79012211 0 0 47352 1
1669 0 0 1 1
26245866375 0 0 15660682 0
26245866375 0 0 15660682 1
1676 0 0 1 1
29453376179 0 0 15667270 0
29453376179 0 0 15667270 1
1880 0 0 1 1
7861 0 0 4 0
7861 0 0 4 1
1966 0 0 1 1
924901677 0 0 465788 0
924901677 0 0 465788 1
1986 0 0 1 1
2371 0 0 1 0
2371 0 0 1 1
2372 0 0 1 1
9541 0 0 4 0
9541 0 0 4 1
2386 0 0 1 1
381000753 0 0 155314 0
381000753 0 0 155314 1
2454 0 0 1 1
96714818459 0 0 37611640 0
96714818459 0 0 37611640 1
2572 0 0 1 1
125527874339 0 0 45086200 0
125527874339 0 0 45086200 1
125572960539 0 0 45086200 1
155 7 6 3 1 123 0
4294967295 21 64 50
4294967294 67 33 51
107 42 7 54
63 86 51 22
41 5 77 70
17 26 57 87
0 0 9 40
3 3 7 6858013554 0 0 2795652 41 63 107 17 4294967294 4294967295
3 3 7 1063863003049 0 0 413728040 0 17 63 107 4294967294 4294967295
3 3 7 117813504716 0 0 62669080 0 41 4294967294 17 107 4294967295
3 4 7 878695120373 0 0 315603400 0 41 63 17 107 4294967294 4294967295
0 0 0 26 0
0 0 0 29 1
32 0 0 32 1
28875 0 0 140 0
31350 0 0 152 1
8487 0 0 41 1
14125 0 0 50 0
15820 0 0 56 1
8773 0 0 31 1
22270 0 0 68 0
24235 0 0 74 1
13120 0 0 40 1
34632 0 0 96 0
38961 0 0 108 1
10830 0 0 30 1
25179 0 0 66 0
27468 0 0 72 1
14898 0 0 39 1
15470222625 0 0 39868844 0
17488077750 0 0 45069128 1
11281 0 0 29 1
15712 0 0 32 0
17185 0 0 35 1
18696 0 0 38 1
63099 0 0 82 0
38475 0 0 50 1
21560 0 0 28 1
110143 0 0 124 0
120802 0 0 136 1
32893 0 0 37 1
71320 0 0 80 0
42792 0 0 48 1
24084 0 0 27 1
55590 0 0 60 0
61149 0 0 66 1
33372 0 0 36 1
307726406559 0 0 328169244 0
181479675663 0 0 193535708 1
24388 0 0 26 1
6372860490 0 0 6680063 0
7032121920 0 0 7371104 1
33425 0 0 35 1
146110 0 0 152 0
157645 0 0 164 1
24050 0 0 25 1
250547966900 0 0 246139544 0
277392391925 0 0 272511638 1
34612 0 0 34 1
380399395935 0 0 364276396 0
411242590200 0 0 393812320 1
25080 0 0 24 1
43799789043 0 0 41660190 0
48666432270 0 0 46289100 1
34716 0 0 33 1
802587386677644 0 0 749007164304 0
869469668900781 0 0 811424427996 1
24656 0 0 23 1
31824 0 0 26 0
35496 0 0 29 1
39200 0 0 32 1
90615 0 0 70 0
98382 0 0 76 1
53095 0 0 41 1
64825 0 0 50 0
72604 0 0 56 1
40207 0 0 31 1
176426 0 0 136 0
191993 0 0 148 1
51920 0 0 40 1
47022178344 0 0 35786304 0
52899950637 0 0 40259592 1
39420 0 0 30 1
5797642026 0 0 4255251 0
6324700392 0 0 4642092 1
53157 0 0 39 1
127627 0 0 92 0
144274 0 0 104 1
40252 0 0 29 1
104118239776 0 0 73156416 0
113879324755 0 0 80014830 1
54112 0 0 38 1
251781 0 0 164 0
153525 0 0 100 1
43008 0 0 28 1
22754148831 0 0 14738206 0
24956163234 0 0 16164484 1
57128 0 0 37 1
1912235543240 0 0 1222018640 0
1147341325944 0 0 733211184 1
42255 0 0 27 1
195750 0 0 120 0
215325 0 0 132 1
58752 0 0 36 1
3081476229 0 0 1846728 0
1817280853 0 0 1089096 1
43394 0 0 26 1
761130124875 0 0 454159778 0
839867724000 0 0 501141824 1
58660 0 0 35 1
1119228294802 0 0 595356260 0
1207588423339 0 0 642358070 1
47000 0 0 25 1
220108 0 0 112 0
243691 0 0 124 1
66844 0 0 34 1
34221362049 0 0 17234156 0
36996067080 0 0 18631520 1
47664 0 0 24 1
64017 0 0 27 0
71130 0 0 30 1
78276 0 0 33 1
343476 0 0 144 0
372099 0 0 156 1
54878 0 0 23 1
9906019578 0 0 4038164 0
11049021837 0 0 4504106 1
78528 0 0 32 1
3385018646065 0 0 1316407400 0
3675163101442 0 0 1429242320 1
105452 0 0 41 1
3138196858475 0 0 1127155000 0
3514780481492 0 0 1262413600 1
3892761776709 0 0 1397672200 1
156 7 7 1 0 123 0
0 0 9 40
17 26 57 87
41 5 77 70
63 86 51 22
107 42 7 54
4294967294 67 33 51
4294967295 21 64 50
3 4 7 125527874339 0 0 45086200 0 41 63 17 107 4294967294 4294967295
0 0 0 1 0
0 0 0 1 1
1 0 0 1 1
825 0 0 4 0
825 0 0 4 1
207 0 0 1 1
565 0 0 2 0
565 0 0 2 1
283 0 0 1 1
655 0 0 2 0
655 0 0 2 1
328 0 0 1 1
1443 0 0 4 0
1443 0 0 4 1
361 0 0 1 1
763 0 0 2 0
763 0 0 2 1
382 0 0 1 1
672618375 0 0 1733428 0
672618375 0 0 1733428 1
389 0 0 1 1
491 0 0 1 0
491 0 0 1 1
492 0 0 1 1
1539 0 0 2 0
1539 0 0 2 1
770 0 0 1 1
3553 0 0 4 0
3553 0 0 4 1
889 0 0 1 1
1783 0 0 2 0
1783 0 0 2 1
892 0 0 1 1
1853 0 0 2 0
1853 0 0 2 1
927 0 0 1 1
7890420681 0 0 8414596 0
7890420681 0 0 8414596 1
938 0 0 1 1
219753810 0 0 230347 0
219753810 0 0 230347 1
955 0 0 1 1
3845 0 0 4 0
3845 0 0 4 1
962 0 0 1 1
8948141675 0 0 8790698 0
8948141675 0 0 8790698 1
1018 0 0 1 1
10281064755 0 0 9845308 0
10281064755 0 0 9845308 1
1045 0 0 1 1
1622214409 0 0 1542970 0
1622214409 0 0 1542970 1
1052 0 0 1 1
22294094074379 0 0 20805754564 0
22294094074379 0 0 20805754564 1
1072 0 0 1 1
1224 0 0 1 0
1224 0 0 1 1
1225 0 0 1 1
2589 0 0 2 0
2589 0 0 2 1
1295 0 0 1 1
2593 0 0 2 0
2593 0 0 2 1
1297 0 0 1 1
5189 0 0 4 0
5189 0 0 4 1
1298 0 0 1 1
1959257431 0 0 1491096 0
1959257431 0 0 1491096 1
1314 0 0 1 1
175686122 0 0 128947 0
175686122 0 0 128947 1
1363 0 0 1 1
5549 0 0 4 0
5549 0 0 4 1
1388 0 0 1 1
3253694993 0 0 2286138 0
3253694993 0 0 2286138 1
1424 0 0 1 1
6141 0 0 4 0
6141 0 0 4 1
1536 0 0 1 1
734004801 0 0 475426 0
734004801 0 0 475426 1
1544 0 0 1 1
47805888581 0 0 30550466 0
47805888581 0 0 30550466 1
1565 0 0 1 1
6525 0 0 4 0
6525 0 0 4 1
1632 0 0 1 1
79012211 0 0 47352 0
79012211 0 0 47352 1
1669 0 0 1 1
26245866375 0 0 15660682 0
26245866375 0 0 15660682 1
1676 0 0 1 1
29453376179 0 0 15667270 0
29453376179 0 0 15667270 1
1880 0 0 1 1
7861 0 0 4 0
7861 0 0 4 1
1966 0 0 1 1
924901677 0 0 465788 0
924901677 0 0 465788 1
1986 0 0 1 1
2371 0 0 1 0
2371 0 0 1 1
2372 0 0 1 1
9541 0 0 4 0
9541 0 0 4 1
2386 0 0 1 1
381000753 0 0 155314 0
381000753 0 0 155314 1
2454 0 0 1 1
96714818459 0 0 37611640 0
96714818459 0 0 37611640 1
2572 0 0 1 1
125527874339 0 0 45086200 0
125527874339 0 0 45086200 1
125572960539 0 0 45086200 1
157 7 7 1 0 123 0
4294967295 21 64 50
4294967294 67 33 51
107 42 7 54
63 86 51 22
41 5 77 70
17 26 57 87
0 0 9 40
3 4 7 753167246034 0 0 270517200 0 41 63 17 107 4294967294 4294967295
0 0 0 28 0
0 0 0 31 1
34 0 0 34 1
30525 0 0 148 0
33000 0 0 160 1
4968 0 0 24 1
15255 0 0 54 0
16950 0 0 60 1
9339 0 0 33 1
23580 0 0 72 0
25545 0 0 78 1
7544 0 0 23 1
37518 0 0 104 0
41847 0 0 116 1
11552 0 0 32 1
26705 0 0 70 0
28994 0 0 76 1
15662 0 0 41 1
16815459375 0 0 43335700 0
18833314500 0 0 48535984 1
12059 0 0 31 1
16694 0 0 34 0
18167 0 0 37 1
19680 0 0 40 1
36936 0 0 48 0
41553 0 0 54 1
23100 0 0 30 1
117249 0 0 132 0
127908 0 0 144 1
34671 0 0 39 1
41009 0 0 46 0
46358 0 0 52 1
25868 0 0 29 1
59296 0 0 64 0
64855 0 0 70 1
35226 0 0 38 1
323507247921 0 0 344998436 0
197260517025 0 0 210364900 1
26264 0 0 28 1
6812368110 0 0 7140757 0
7471629540 0 0 7831798 1
35335 0 0 37 1
153800 0 0 160 0
92280 0 0 96 1
25974 0 0 27 1
268444250250 0 0 263720940 0
295288675275 0 0 290093034 1
36648 0 0 36 1
400961525445 0 0 383967012 0
236464489365 0 0 226442084 1
27170 0 0 26 1
47044217861 0 0 44746130 0
51910861088 0 0 49375040 1
36820 0 0 35 1
847175574826402 0 0 790618673432 0
914057857049539 0 0 853035937124 1
26800 0 0 25 1
34272 0 0 28 0
37944 0 0 31 1
41650 0 0 34 1
95793 0 0 74 0
103560 0 0 80 1
31080 0 0 24 1
70011 0 0 54 0
77790 0 0 60 1
42801 0 0 33 1
186804 0 0 144 0
202371 0 0 156 1
29854 0 0 23 1
50940693206 0 0 38768496 0
56818465499 0 0 43241784 1
42048 0 0 32 1
6149014270 0 0 4513145 0
6676072636 0 0 4899986 1
55883 0 0 41 1
138725 0 0 100 0
155372 0 0 112 1
43028 0 0 31 1
110625629762 0 0 77728692 0
120386714741 0 0 84587106 1
56960 0 0 40 1
147384 0 0 96 0
165807 0 0 108 1
46080 0 0 30 1
24222158433 0 0 15689058 0
26424172836 0 0 17115336 1
60216 0 0 39 1
1099535437363 0 0 702660718 0
1242953103106 0 0 794312116 1
45385 0 0 29 1
208800 0 0 128 0
228375 0 0 140 1
62016 0 0 38 1
3239500651 0 0 1941432 0
1975305275 0 0 1183800 1
46732 0 0 28 1
813621857625 0 0 485481142 0
892359456750 0 0 532463188 1
62012 0 0 37 1
1178135047160 0 0 626690800 0
706881028296 0 0 376014480 1
50760 0 0 27 1
235830 0 0 120 0
259413 0 0 132 1
70776 0 0 36 1
36071165403 0 0 18165732 0
21272738571 0 0 10713124 1
51636 0 0 26 1
68759 0 0 29 0
75872 0 0 32 1
83020 0 0 35 1
362558 0 0 152 0
391181 0 0 164 1
59650 0 0 25 1
10668021084 0 0 4348792 0
11811023343 0 0 4814734 1
83436 0 0 34 1
3578448282983 0 0 1391630680 0
3868592738360 0 0 1504465600 1
61728 0 0 24 1
3389252607153 0 0 1217327400 0
3765836230170 0 0 1352586000 1
4143907697787 0 0 1487844600 1
158 7 1 0 9 120 0
0 48 18 73
17 59 22 19
41 26 61 68
63 27 71 62
107 48 4 71
4294967294 6 49 90
4294967295 65 16 88
2 0 3 3053 0 0 4 0 17
2 0 3 1179 0 0 2 0 41
2 0 3 50 0 0 1 0 107
2 0 3 1507 0 0 2 0 4294967294
2 0 3 259 0 0 2 0 4294967295
2 0 3 5011 0 0 4 17 41
2 0 3 3149 0 0 4 17 107
2 0 3 137 0 0 4 41 63
2 0 3 257 0 0 1 41 4294967294
0 0 0 1 0
0 0 0 1 1
1 0 0 1 1
137 0 0 4 0
137 0 0 4 1
35 0 0 1 1
50 0 0 1 0
50 0 0 1 1
51 0 0 1 1
259 0 0 2 0
259 0 0 2 1
130 0 0 1 1
361 0 0 2 0
361 0 0 2 1
181 0 0 1 1
257 0 0 1 0
257 0 0 1 1
258 0 0 1 1
1709 0 0 4 0
1709 0 0 4 1
428 0 0 1 1
1179 0 0 2 0
1179 0 0 2 1
590 0 0 1 1
1507 0 0 2 0
1507 0 0 2 1
754 0 0 1 1
3053 0 0 4 0
3053 0 0 4 1
764 0 0 1 1
50736169 0 0 66373 0
50736169 0 0 66373 1
765 0 0 1 1
3149 0 0 4 0
3149 0 0 4 1
788 0 0 1 1
240347425 0 0 303948 0
240347425 0 0 303948 1
791 0 0 1 1
3371 0 0 4 0
3371 0 0 4 1
843 0 0 1 1
8681885773 0 0 9387900 0
8681885773 0 0 9387900 1
925 0 0 1 1
1871 0 0 2 0
1871 0 0 2 1
936 0 0 1 1
1973 0 0 2 0
1973 0 0 2 1
987 0 0 1 1
2665250726 0 0 2634643 0
2665250726 0 0 2634643 1
1012 0 0 1 1
2075 0 0 2 0
2075 0 0 2 1
1038 0 0 1 1
997757525 0 0 937669 0
997757525 0 0 937669 1
1065 0 0 1 1
2287 0 0 2 0
2287 0 0 2 1
1144 0 0 1 1
3426269050 0 0 2974099 0
3426269050 0 0 2974099 1
1153 0 0 1 1
1159648507 0 0 1004122 0
1159648507 0 0 1004122 1
1155 0 0 1 1
44685491822 0 0 38403153 0
44685491822 0 0 38403153 1
1164 0 0 1 1
4833 0 0 4 0
4833 0 0 4 1
1209 0 0 1 1
5011 0 0 4 0
5011 0 0 4 1
1253 0 0 1 1
18037029357 0 0 14317948 0
18037029357 0 0 14317948 1
1260 0 0 1 1
17769882925 0 0 13825148 0
17769882925 0 0 13825148 1
1286 0 0 1 1
5145 0 0 4 0
5145 0 0 4 1
1287 0 0 1 1
9307155795 0 0 7063012 0
9307155795 0 0 7063012 1
1318 0 0 1 1
2637 0 0 2 0
2637 0 0 2 1
1319 0 0 1 1
1340609669 0 0 999094 0
1340609669 0 0 999094 1
1342 0 0 1 1
628163927 0 0 463828 0
628163927 0 0 463828 1
1355 0 0 1 1
26317881288611 0 0 19389448516 0
26317881288611 0 0 19389448516 1
1358 0 0 1 1
3015457259 0 0 2213564 0
3015457259 0 0 2213564 1
1363 0 0 1 1
41610908043 0 0 27394780 0
41610908043 0 0 27394780 1
1519 0 0 1 1
5309159511 0 0 3449236 0
5309159511 0 0 3449236 1
1540 0 0 1 1
21241035 0 0 12526 0
21241035 0 0 12526 1
1696 0 0 1 1
8579 0 0 4 0
8579 0 0 4 1
2145 0 0 1 1
3512010967 0 0 1624796 0
3512010967 0 0 1624796 1
3513635763 0 0 1624796 1
159 7 1 0 9 120 0
4294967295 65 16 88
4294967294 6 49 90
107 48 4 71
63 27 71 62
41 26 61 68
17 59 22 19
0 48 18 73
2 0 3 4112 0 0 16 41 4294967294
2 0 3 1233 0 0 36 41 63
2 0 3 6298 0 0 8 17 107
2 0 3 60132 0 0 48 17 41
2 0 3 1295 0 0 10 0 4294967295
2 0 3 22605 0 0 30 0 4294967294
2 0 3 400 0 0 8 0 107
2 0 3 21222 0 0 36 0 41
2 0 3 33583 0 0 44 0 17
0 0 0 30 0
0 0 0 33 1
36 0 0 36 1
5343 0 0 156 0
3151 0 0 92 1
910 0 0 26 1
1450 0 0 29 0
1600 0 0 32 1
1785 0 0 35 1
9842 0 0 76 0
10619 0 0 82 1
3250 0 0 25 1
10108 0 0 56 0
11191 0 0 62 1
6154 0 0 34 1
9509 0 0 37 0
10280 0 0 40 1
6192 0 0 24 1
46143 0 0 108 0
51270 0 0 120 1
14124 0 0 33 1
42444 0 0 72 0
45981 0 0 78 1
13570 0 0 23 1
39182 0 0 52 0
43703 0 0 58 1
24128 0 0 32 1
106855 0 0 140 0
116014 0 0 152 1
31324 0 0 41 1
1268404225 0 0 1659325 0
1420612732 0 0 1858444 1
23715 0 0 31 1
107066 0 0 136 0
116513 0 0 148 1
31520 0 0 40 1
5768338200 0 0 7294752 0
6489380475 0 0 8206596 1
23730 0 0 30 1
111243 0 0 132 0
121356 0 0 144 1
32877 0 0 39 1
199683372779 0 0 215921700 0
225729030098 0 0 244085400 1
26825 0 0 29 1
59872 0 0 64 0
65485 0 0 70 1
35568 0 0 38 1
80893 0 0 82 0
49325 0 0 50 1
27636 0 0 28 1
82622772506 0 0 81673933 0
90618524684 0 0 89577862 1
37444 0 0 37 1
83000 0 0 80 0
49800 0 0 48 1
28026 0 0 27 1
29932725750 0 0 28130070 0
32925998325 0 0 30943077 1
38340 0 0 36 1
89193 0 0 78 0
52601 0 0 46 1
29744 0 0 26 1
99361802450 0 0 86248871 0
109640609600 0 0 95171168 1
40355 0 0 35 1
44066643266 0 0 38156636 0
47545588787 0 0 41169002 1
28875 0 0 25 1
1251193771016 0 0 1075288284 0
1385250246482 0 0 1190497743 1
39576 0 0 34 1
178821 0 0 148 0
193320 0 0 160 1
29016 0 0 24 1
135297 0 0 108 0
150330 0 0 120 1
41349 0 0 33 1
649333056852 0 0 515446128 0
703444144923 0 0 558399972 1
28980 0 0 23 1
462016956050 0 0 359453848 0
515326604825 0 0 400929292 1
41152 0 0 32 1
180075 0 0 140 0
195510 0 0 152 1
52767 0 0 41 1
232678894875 0 0 176575300 0
260600362260 0 0 197764336 1
40858 0 0 31 1
89658 0 0 68 0
97569 0 0 74 1
52760 0 0 40 1
32174632056 0 0 23978256 0
36196461063 0 0 26975538 1
40260 0 0 30 1
20729409591 0 0 15306324 0
22613901372 0 0 16697808 1
52845 0 0 39 1
605311269638053 0 0 445957315868 0
684264913503886 0 0 504125661416 1
39382 0 0 29 1
96494632288 0 0 70834048 0
105541004065 0 0 77474740 1
51794 0 0 38 1
1706047229763 0 0 1123185980 0
1040272701075 0 0 684869500 1
42532 0 0 28 1
164583944841 0 0 106926316 0
180511423374 0 0 117274024 1
56980 0 0 37 1
849641400 0 0 501040 0
509784840 0 0 300624 1
45792 0 0 27 1
257370 0 0 120 0
283107 0 0 132 1
77220 0 0 36 1
136968427713 0 0 63367044 0
80776252241 0 0 37370308 1
91354529838 0 0 42244696 1
160 7 2 9 11 120 0
0 48 18 73
17 59 22 19
41 26 61 68
63 27 71 62
107 48 4 71
4294967294 6 49 90
4294967295 65 16 88
2 0 3 3053 0 0 4 0 17
2 0 3 1179 0 0 2 0 41
2 0 3 50 0 0 1 0 107
2 0 3 1507 0 0 2 0 4294967294
2 0 3 259 0 0 2 0 4294967295
2 0 3 5011 0 0 4 17 41
2 0 3 3149 0 0 4 17 107
2 0 3 137 0 0 4 41 63
2 0 3 257 0 0 1 41 4294967294
3 0 7 18037029357 0 0 14317948 0 17 41
3 0 7 240347425 0 0 303948 0 17 107
2 1 3 3371 0 0 4 0 63 41
2 1 3 1871 0 0 2 41 107 0
3 0 7 50736169 0 0 66373 0 41 4294967294
2 1 3 1973 0 0 2 41 4294967295 0
2 1 3 2075 0 0 2 107 4294967294 0
2 1 3 361 0 0 2 107 4294967295 0
2 1 3 2287 0 0 2 4294967294 4294967295 0
2 1 3 2637 0 0 2 17 63 41
2 1 3 1709 0 0 4 63 4294967294 41
0 0 0 1 0
0 0 0 1 1
1 0 0 1 1
137 0 0 4 0
137 0 0 4 1
35 0 0 1 1
50 0 0 1 0
50 0 0 1 1
51 0 0 1 1
259 0 0 2 0
259 0 0 2 1
130 0 0 1 1
361 0 0 2 0
361 0 0 2 1
181 0 0 1 1
257 0 0 1 0
257 0 0 1 1
258 0 0 1 1
1709 0 0 4 0
1709 0 0 4 1
428 0 0 1 1
1179 0 0 2 0
1179 0 0 2 1
590 0 0 1 1
1507 0 0 2 0
1507 0 0 2 1
754 0 0 1 1
3053 0 0 4 0
3053 0 0 4 1
764 0 0 1 1
50736169 0 0 66373 0
50736169 0 0 66373 1
765 0 0 1 1
3149 0 0 4 0
3149 0 0 4 1
788 0 0 1 1
240347425 0 0 303948 0
240347425 0 0 303948 1
791 0 0 1 1
3371 0 0 4 0
3371 0 0 4 1
843 0 0 1 1
8681885773 0 0 9387900 0
8681885773 0 0 9387900 1
925 0 0 1 1
1871 0 0 2 0
1871 0 0 2 1
936 0 0 1 1
1973 0 0 2 0
1973 0 0 2 1
987 0 0 1 1
2665250726 0 0 2634643 0
2665250726 0 0 2634643 1
1012 0 0 1 1
2075 0 0 2 0
2075 0 0 2 1
1038 0 0 1 1
997757525 0 0 937669 0
997757525 0 0 937669 1
1065 0 0 1 1
2287 0 0 2 0
2287 0 0 2 1
1144 0 0 1 1
3426269050 0 0 2974099 0
3426269050 0 0 2974099 1
1153 0 0 1 1
1159648507 0 0 1004122 0
1159648507 0 0 1004122 1
1155 0 0 1 1
44685491822 0 0 38403153 0
44685491822 0 0 38403153 1
1164 0 0 1 1
4833 0 0 4 0
4833 0 0 4 1
1209 0 0 1 1
5011 0 0 4 0
5011 0 0 4 1
1253 0 0 1 1
18037029357 0 0 14317948 0
18037029357 0 0 14317948 1
1260 0 0 1 1
17769882925 0 0 13825148 0
17769882925 0 0 13825148 1
1286 0 0 1 1
5145 0 0 4 0
5145 0 0 4 1
1287 0 0 1 1
9307155795 0 0 7063012 0
9307155795 0 0 7063012 1
1318 0 0 1 1
2637 0 0 2 0
2637 0 0 2 1
1319 0 0 1 1
1340609669 0 0 999094 0
1340609669 0 0 999094 1
1342 0 0 1 1
628163927 0 0 463828 0
628163927 0 0 463828 1
1355 0 0 1 1
26317881288611 0 0 19389448516 0
26317881288611 0 0 19389448516 1
1358 0 0 1 1
3015457259 0 0 2213564 0
3015457259 0 0 2213564 1
1363 0 0 1 1
41610908043 0 0 27394780 0
41610908043 0 0 27394780 1
1519 0 0 1 1
5309159511 0 0 3449236 0
5309159511 0 0 3449236 1
1540 0 0 1 1
21241035 0 0 12526 0
21241035 0 0 12526 1
1696 0 0 1 1
8579 0 0 4 0
8579 0 0 4 1
2145 0 0 1 1
3512010967 0 0 1624796 0
3512010967 0 0 1624796 1
3513635763 0 0 1624796 1
161 7 2 9 11 120 0
4294967295 65 16 88
4294967294 6 49 90
107 48 4 71
63 27 71 62
41 26 61 68
17 59 22 19
0 48 18 73
2 0 3 3855 0 0 15 41 4294967294
2 0 3 1096 0 0 32 41 63
2 0 3 56682 0 0 72 17 107
2 0 3 55121 0 0 44 17 41
2 0 3 1036 0 0 8 0 4294967295
2 0 3 21098 0 0 28 0 4294967294
2 0 3 350 0 0 7 0 107
2 0 3 20043 0 0 34 0 41
2 0 3 30530 0 0 40 0 17
2 1 3 25635 0 0 60 63 4294967294 41
2 1 3 21096 0 0 16 17 63 41
2 1 3 41166 0 0 36 4294967294 4294967295 0
2 1 3 3971 0 0 22 107 4294967295 0
2 1 3 8300 0 0 8 107 4294967294 0
2 1 3 27622 0 0 28 41 4294967295 0
3 0 7 355153183 0 0 464611 0 41 4294967294
2 1 3 31807 0 0 34 41 107 0
2 1 3 33710 0 0 40 0 63 41
3 0 7 721042275 0 0 911844 0 17 107
3 0 7 234481381641 0 0 186133324 0 17 41
0 0 0 32 0
0 0 0 35 1
38 0 0 38 1
5617 0 0 164 0
3425 0 0 100 1
980 0 0 28 1
1550 0 0 31 0
1700 0 0 34 1
1887 0 0 37 1
10360 0 0 80 0
6216 0 0 48 1
3510 0 0 27 1
10830 0 0 60 0
11913 0 0 66 1
6516 0 0 36 1
10023 0 0 39 0
5911 0 0 23 1
6708 0 0 26 1
49561 0 0 116 0
54688 0 0 128 1
14980 0 0 35 1
44802 0 0 76 0
48339 0 0 82 1
14750 0 0 25 1
42196 0 0 56 0
46717 0 0 62 1
25636 0 0 34 1
112961 0 0 148 0
122120 0 0 160 1
18336 0 0 24 1
1369876563 0 0 1792071 0
1522085070 0 0 1991190 1
25245 0 0 33 1
113364 0 0 144 0
122811 0 0 156 1
18124 0 0 23 1
6249033050 0 0 7902648 0
6970075325 0 0 8814492 1
25312 0 0 32 1
117985 0 0 140 0
128098 0 0 152 1
34563 0 0 41 1
217047144325 0 0 234697500 0
243092801644 0 0 262861200 1
28675 0 0 31 1
63614 0 0 68 0
69227 0 0 74 1
37440 0 0 40 1
47352 0 0 48 0
53271 0 0 54 1
29610 0 0 30 1
87953273958 0 0 86943219 0
95949026136 0 0 94847148 1
39468 0 0 39 1
47725 0 0 46 0
53950 0 0 52 1
30102 0 0 29 1
31928240800 0 0 30005408 0
34921513375 0 0 32818415 1
40470 0 0 38 1
93767 0 0 82 0
57175 0 0 50 1
32032 0 0 28 1
106214340550 0 0 92197069 0
116493147700 0 0 101119366 1
42661 0 0 37 1
46385940280 0 0 40164880 0
27831564168 0 0 24098928 1
31185 0 0 27 1
1340564754660 0 0 1152094590 0
1474621230126 0 0 1267304049 1
41904 0 0 36 1
188487 0 0 156 0
111159 0 0 92 1
31434 0 0 26 1
145319 0 0 116 0
160352 0 0 128 1
43855 0 0 35 1
685407115566 0 0 544082024 0
739518203637 0 0 587035868 1
31500 0 0 25 1
497556721900 0 0 387104144 0
550866370675 0 0 428579588 1
43724 0 0 34 1
190365 0 0 148 0
205800 0 0 160 1
30888 0 0 24 1
251293206465 0 0 190701324 0
279214673850 0 0 211890360 1
43494 0 0 33 1
94932 0 0 72 0
102843 0 0 78 1
30337 0 0 23 1
34855851394 0 0 25976444 0
38877680401 0 0 28973726 1
42944 0 0 32 1
21985737445 0 0 16233980 0
23870229226 0 0 17625464 1
55555 0 0 41 1
657947032215275 0 0 484736212900 0
736900676081108 0 0 542904558448 1
42098 0 0 31 1
102525546806 0 0 75261176 0
111571918583 0 0 81901868 1
54520 0 0 40 1
998661793032 0 0 657474720 0
1123494517161 0 0 739659060 1
45570 0 0 30 1
175202263863 0 0 113824788 0
191129742396 0 0 124172496 1
60060 0 0 39 1
488543805 0 0 288098 0
552266910 0 0 325676 1
49184 0 0 29 1
274528 0 0 128 0
300265 0 0 140 1
81510 0 0 38 1
143992449647 0 0 66616636 0
87800274175 0 0 40619900 1
98381801364 0 0 45494288 1
162 7 3 11 10 120 0
0 48 18 73
17 59 22 19
41 26 61 68
63 27 71 62
107 48 4 71
4294967294 6 49 90
4294967295 65 16 88
3 0 7 18037029357 0 0 14317948 0 17 41
3 0 7 240347425 0 0 303948 0 17 107
2 1 3 3371 0 0 4 0 63 41
2 1 3 1871 0 0 2 41 107 0
3 0 7 50736169 0 0 66373 0 41 4294967294
2 1 3 1973 0 0 2 41 4294967295 0
2 1 3 2075 0 0 2 107 4294967294 0
2 1 3 361 0 0 2 107 4294967295 0
2 1 3 2287 0 0 2 4294967294 4294967295 0
2 1 3 2637 0 0 2 17 63 41
2 1 3 1709 0 0 4 63 4294967294 41
3 1 7 3015457259 0 0 2213564 0 17 63 41
3 1 7 628163927 0 0 463828 17 41 107 0
2 2 3 4833 0 0 4 17 4294967295 0 107
2 2 3 5011 0 0 4 63 107 0 41
3 1 7 8681885773 0 0 9387900 0 63 4294967294 41
2 2 3 5145 0 0 4 63 4294967295 0 41
3 1 7 997757525 0 0 937669 41 107 4294967294 0
3 1 7 2665250726 0 0 2634643 41 107 4294967295 0
3 1 7 1159648507 0 0 1004122 41 4294967294 4294967295 0
3 1 7 3426269050 0 0 2974099 107 4294967294 4294967295 0
0 0 0 1 0
0 0 0 1 1
1 0 0 1 1
137 0 0 4 0
137 0 0 4 1
35 0 0 1 1
50 0 0 1 0
50 0 0 1 1
51 0 0 1 1
259 0 0 2 0
259 0 0 2 1
130 0 0 1 1
361 0 0 2 0
361 0 0 2 1
181 0 0 1 1
257 0 0 1 0
257 0 0 1 1
258 0 0 1 1
1709 0 0 4 0
1709 0 0 4 1
428 0 0 1 1
1179 0 0 2 0
1179 0 0 2 1
590 0 0 1 1
1507 0 0 2 0
1507 0 0 2 1
754 0 0 1 1
3053 0 0 4 0
3053 0 0 4 1
764 0 0 1 1
50736169 0 0 66373 0
50736169 0 0 66373 1
765 0 0 1 1
3149 0 0 4 0
3149 0 0 4 1
788 0 0 1 1
240347425 0 0 303948 0
240347425 0 0 303948 1
791 0 0 1 1
3371 0 0 4 0
3371 0 0 4 1
843 0 0 1 1
8681885773 0 0 9387900 0
8681885773 0 0 9387900 1
925 0 0 1 1
1871 0 0 2 0
1871 0 0 2 1
936 0 0 1 1
1973 0 0 2 0
1973 0 0 2 1
987 0 0 1 1
2665250726 0 0 2634643 0
2665250726 0 0 2634643 1
1012 0 0 1 1
2075 0 0 2 0
2075 0 0 2 1
1038 0 0 1 1
997757525 0 0 937669 0
997757525 0 0 937669 1
1065 0 0 1 1
2287 0 0 2 0
2287 0 0 2 1
1144 0 0 1 1
3426269050 0 0 2974099 0
3426269050 0 0 2974099 1
1153 0 0 1 1
1159648507 0 0 1004122 0
1159648507 0 0 1004122 1
1155 0 0 1 1
44685491822 0 0 38403153 0
44685491822 0 0 38403153 1
1164 0 0 1 1
4833 0 0 4 0
4833 0 0 4 1
1209 0 0 1 1
5011 0 0 4 0
5011 0 0 4 1
1253 0 0 1 1
18037029357 0 0 14317948 0
18037029357 0 0 14317948 1
1260 0 0 1 1
17769882925 0 0 13825148 0
17769882925 0 0 13825148 1
1286 0 0 1 1
5145 0 0 4 0
5145 0 0 4 1
1287 0 0 1 1
9307155795 0 0 7063012 0
9307155795 0 0 7063012 1
1318 0 0 1 1
2637 0 0 2 0
2637 0 0 2 1
1319 0 0 1 1
1340609669 0 0 999094 0
1340609669 0 0 999094 1
1342 0 0 1 1
628163927 0 0 463828 0
628163927 0 0 463828 1
1355 0 0 1 1
26317881288611 0 0 19389448516 0
26317881288611 0 0 19389448516 1
1358 0 0 1 1
3015457259 0 0 2213564 0
3015457259 0 0 2213564 1
1363 0 0 1 1
41610908043 0 0 27394780 0
41610908043 0 0 27394780 1
1519 0 0 1 1
5309159511 0 0 3449236 0
5309159511 0 0 3449236 1
1540 0 0 1 1
21241035 0 0 12526 0
21241035 0 0 12526 1
1696 0 0 1 1
8579 0 0 4 0
8579 0 0 4 1
2145 0 0 1 1
3512010967 0 0 1624796 0
3512010967 0 0 1624796 1
3513635763 0 0 1624796 1
163 7 3 11 10 120 0
4294967295 65 16 88
4294967294 6 49 90
107 48 4 71
63 27 71 62
41 26 61 68
17 59 22 19
0 48 18 73
2 1 3 23926 0 0 56 63 4294967294 41
2 1 3 18459 0 0 14 17 63 41
2 1 3 38879 0 0 34 4294967294 4294967295 0
2 1 3 3610 0 0 20 107 4294967295 0
2 1 3 6225 0 0 6 107 4294967294 0
2 1 3 25649 0 0 26 41 4294967295 0
3 0 7 304417014 0 0 398238 0 41 4294967294
2 1 3 29936 0 0 32 41 107 0
2 1 3 30339 0 0 36 0 63 41
3 0 7 480694850 0 0 607896 0 17 107
3 0 7 216444352284 0 0 171815376 0 17 41
3 1 7 34262690500 0 0 29740990 107 4294967294 4294967295 0
3 1 7 3478945521 0 0 3012366 41 4294967294 4294967295 0
3 1 7 34648259438 0 0 34250359 41 107 4294967295 0
3 1 7 5986545150 0 0 5626014 41 107 4294967294 0
2 2 3 82320 0 0 64 63 4294967295 0 41
3 1 7 78136971957 0 0 84491100 0 63 4294967294 41
2 2 3 10022 0 0 8 63 107 0 41
2 2 3 57996 0 0 48 17 4294967295 0 107
3 1 7 3140819635 0 0 2319140 17 41 107 0
3 1 7 45231858885 0 0 33203460 0 17 63 41
0 0 0 34 0
0 0 0 37 1
40 0 0 40 1
3288 0 0 96 0
3699 0 0 108 1
1050 0 0 30 1
1650 0 0 33 0
1800 0 0 36 1
1989 0 0 39 1
5957 0 0 46 0
6734 0 0 52 1
3770 0 0 29 1
11552 0 0 64 0
12635 0 0 70 1
6878 0 0 38 1
10537 0 0 41 0
6425 0 0 25 1
7224 0 0 28 1
52979 0 0 124 0
58106 0 0 136 1
15836 0 0 37 1
47160 0 0 80 0
28296 0 0 48 1
15930 0 0 27 1
45210 0 0 60 0
49731 0 0 66 1
27144 0 0 36 1
119067 0 0 156 0
70219 0 0 92 1
19864 0 0 26 1
1471348901 0 0 1924817 0
1623557408 0 0 2123936 1
26775 0 0 35 1
119662 0 0 152 0
129109 0 0 164 1
19700 0 0 25 1
6729727900 0 0 8510544 0
7450770175 0 0 9422388 1
26894 0 0 34 1
124727 0 0 148 0
134840 0 0 160 1
20232 0 0 24 1
234410915871 0 0 253473300 0
260456573190 0 0 281637000 1
30525 0 0 33 1
67356 0 0 72 0
72969 0 0 78 1
21528 0 0 23 1
51298 0 0 52 0
57217 0 0 58 1
31584 0 0 32 1
93283775410 0 0 92212505 0
101279527588 0 0 100116434 1
41492 0 0 41 1
51875 0 0 50 0
58100 0 0 56 1
32178 0 0 31 1
33923755850 0 0 31880746 0
36917028425 0 0 34693753 1
42600 0 0 40 1
54888 0 0 48 0
61749 0 0 54 1
34320 0 0 30 1
113066878650 0 0 98145267 0
123345685800 0 0 107067564 1
44967 0 0 39 1
26671915661 0 0 23094806 0
30150861182 0 0 26107172 1
33495 0 0 29 1
1429935738304 0 0 1228900896 0
1563992213770 0 0 1344110355 1
44232 0 0 38 1
198153 0 0 164 0
120825 0 0 100 1
33852 0 0 28 1
155341 0 0 124 0
170374 0 0 136 1
46361 0 0 37 1
721481174280 0 0 572717920 0
432888704568 0 0 343630752 1
34020 0 0 27 1
533096487750 0 0 414754440 0
586406136525 0 0 456229884 1
46296 0 0 36 1
200655 0 0 156 0
118335 0 0 92 1
33462 0 0 26 1
269907518055 0 0 204827348 0
297828985440 0 0 226016384 1
46130 0 0 35 1
100206 0 0 76 0
108117 0 0 82 1
32975 0 0 25 1
37537070732 0 0 27974632 0
41558899739 0 0 30971914 1
45628 0 0 34 1
23242065299 0 0 17161636 0
25126557080 0 0 18553120 1
32520 0 0 24 1
710582794792497 0 0 523515109932 0
789536438658330 0 0 581683455480 1
44814 0 0 33 1
108556461324 0 0 79688304 0
117602833101 0 0 86328996 1
31349 0 0 23 1
1081883609118 0 0 712264280 0
1206716333247 0 0 794448620 1
48608 0 0 32 1
185820582885 0 0 120723260 0
201748061418 0 0 131070968 1
63140 0 0 41 1
531025875 0 0 313150 0
594748980 0 0 350728 1
52576 0 0 31 1
291686 0 0 136 0
317423 0 0 148 1
85800 0 0 40 1
84288263208 0 0 38995104 0
94824296109 0 0 43869492 1
105409072890 0 0 48743880 1
164 7 4 10 6 120 0
0 48 18 73
17 59 22 19
41 26 61 68
63 27 71 62
107 48 4 71
4294967294 6 49 90
4294967295 65 16 88
3 1 7 3015457259 0 0 2213564 0 17 63 41
3 1 7 628163927 0 0 463828 17 41 107 0
2 2 3 4833 0 0 4 17 4294967295 0 107
2 2 3 5011 0 0 4 63 107 0 41
3 1 7 8681885773 0 0 9387900 0 63 4294967294 41
2 2 3 5145 0 0 4 63 4294967295 0 41
3 1 7 997757525 0 0 937669 41 107 4294967294 0
3 1 7 2665250726 0 0 2634643 41 107 4294967295 0
3 1 7 1159648507 0 0 1004122 41 4294967294 4294967295 0
3 1 7 3426269050 0 0 2974099 107 4294967294 4294967295 0
3 2 7 41610908043 0 0 27394780 17 63 107 0 41
3 2 7 5309159511 0 0 3449236 17 41 4294967295 0 107
3 2 7 17769882925 0 0 13825148 63 107 4294967294 0 41
3 2 7 9307155795 0 0 7063012 63 107 4294967295 0 41
3 2 7 1340609669 0 0 999094 63 4294967294 4294967295 0 41
4 1 15 44685491822 0 0 38403153 41 107 4294967294 4294967295 0
0 0 0 1 0
0 0 0 1 1
1 0 0 1 1
137 0 0 4 0
137 0 0 4 1
35 0 0 1 1
50 0 0 1 0
50 0 0 1 1
51 0 0 1 1
259 0 0 2 0
259 0 0 2 1
130 0 0 1 1
361 0 0 2 0
361 0 0 2 1
181 0 0 1 1
257 0 0 1 0
257 0 0 1 1
258 0 0 1 1
1709 0 0 4 0
1709 0 0 4 1
428 0 0 1 1
1179 0 0 2 0
1179 0 0 2 1
590 0 0 1 1
1507 0 0 2 0
1507 0 0 2 1
754 0 0 1 1
3053 0 0 4 0
3053 0 0 4 1
764 0 0 1 1
50736169 0 0 66373 0
50736169 0 0 66373 1
765 0 0 1 1
3149 0 0 4 0
3149 0 0 4 1
788 0 0 1 1
240347425 0 0 303948 0
240347425 0 0 303948 1
791 0 0 1 1
3371 0 0 4 0
3371 0 0 4 1
843 0 0 1 1
8681885773 0 0 9387900 0
8681885773 0 0 9387900 1
925 0 0 1 1
1871 0 0 2 0
1871 0 0 2 1
936 0 0 1 1
1973 0 0 2 0
1973 0 0 2 1
987 0 0 1 1
2665250726 0 0 2634643 0
2665250726 0 0 2634643 1
1012 0 0 1 1
2075 0 0 2 0
2075 0 0 2 1
1038 0 0 1 1
997757525 0 0 937669 0
997757525 0 0 937669 1
1065 0 0 1 1
2287 0 0 2 0
2287 0 0 2 1
1144 0 0 1 1
3426269050 0 0 2974099 0
3426269050 0 0 2974099 1
1153 0 0 1 1
1159648507 0 0 1004122 0
1159648507 0 0 1004122 1
1155 0 0 1 1
44685491822 0 0 38403153 0
44685491822 0 0 38403153 1
1164 0 0 1 1
4833 0 0 4 0
4833 0 0 4 1
1209 0 0 1 1
5011 0 0 4 0
5011 0 0 4 1
1253 0 0 1 1
18037029357 0 0 14317948 0
18037029357 0 0 14317948 1
1260 0 0 1 1
17769882925 0 0 13825148 0
17769882925 0 0 13825148 1
1286 0 0 1 1
5145 0 0 4 0
5145 0 0 4 1
1287 0 0 1 1
9307155795 0 0 7063012 0
9307155795 0 0 7063012 1
1318 0 0 1 1
2637 0 0 2 0
2637 0 0 2 1
1319 0 0 1 1
1340609669 0 0 999094 0
1340609669 0 0 999094 1
1342 0 0 1 1
628163927 0 0 463828 0
628163927 0 0 463828 1
1355 0 0 1 1
26317881288611 0 0 19389448516 0
26317881288611 0 0 19389448516 1
1358 0 0 1 1
3015457259 0 0 2213564 0
3015457259 0 0 2213564 1
1363 0 0 1 1
41610908043 0 0 27394780 0
41610908043 0 0 27394780 1
1519 0 0 1 1
5309159511 0 0 3449236 0
5309159511 0 0 3449236 1
1540 0 0 1 1
21241035 0 0 12526 0
21241035 0 0 12526 1
1696 0 0 1 1
8579 0 0 4 0
8579 0 0 4 1
2145 0 0 1 1
3512010967 0 0 1624796 0
3512010967 0 0 1624796 1
3513635763 0 0 1624796 1
165 7 4 10 6 120 0
4294967295 65 16 88
4294967294 6 49 90
107 48 4 71
63 27 71 62
41 26 61 68
17 59 22 19
0 48 18 73
3 1 7 30836421450 0 0 26766891 107 4294967294 4294967295 0
3 1 7 2319297014 0 0 2008244 41 4294967294 4294967295 0
3 1 7 31983008712 0 0 31615716 41 107 4294967295 0
3 1 7 4988787625 0 0 4688345 41 107 4294967294 0
2 2 3 77175 0 0 60 63 4294967295 0 41
3 1 7 69455086184 0 0 75103200 0 63 4294967294 41
2 2 3 90198 0 0 72 63 107 0 41
2 2 3 53163 0 0 44 17 4294967295 0 107
3 1 7 2512655708 0 0 1855312 17 41 107 0
3 1 7 42216401626 0 0 30989896 0 17 63 41
4 1 15 804338852796 0 0 691256754 41 107 4294967294 4294967295 0
3 2 7 14746706359 0 0 10990034 63 4294967294 4294967295 0 41
3 2 7 37228623180 0 0 28252048 63 107 4294967295 0 41
3 2 7 248778360950 0 0 193552072 63 107 4294967294 0 41
3 2 7 37164116577 0 0 24144652 17 41 4294967295 0 107
3 2 7 707385436731 0 0 465711260 17 63 107 0 41
0 0 0 36 0
0 0 0 39 1
23 0 0 23 1
3562 0 0 104 0
3973 0 0 116 1
1120 0 0 32 1
1750 0 0 35 0
1900 0 0 38 1
2091 0 0 41 1
6475 0 0 50 0
7252 0 0 56 1
4030 0 0 31 1
12274 0 0 68 0
13357 0 0 74 1
7240 0 0 40 1
6168 0 0 24 0
6939 0 0 27 1
7740 0 0 30 1
56397 0 0 132 0
61524 0 0 144 1
16692 0 0 39 1
27117 0 0 46 0
30654 0 0 52 1
17110 0 0 29 1
48224 0 0 64 0
52745 0 0 70 1
28652 0 0 38 1
125173 0 0 164 0
76325 0 0 100 1
21392 0 0 28 1
1572821239 0 0 2057563 0
1725029746 0 0 2256682 1
28305 0 0 37 1
125960 0 0 160 0
75576 0 0 96 1
21276 0 0 27 1
7210422750 0 0 9118440 0
7931465025 0 0 10030284 1
28476 0 0 36 1
131469 0 0 156 0
77533 0 0 92 1
21918 0 0 26 1
251774687417 0 0 272249100 0
277820344736 0 0 300412800 1
32375 0 0 35 1
71098 0 0 76 0
76711 0 0 82 1
23400 0 0 25 1
55244 0 0 56 0
61163 0 0 62 1
33558 0 0 34 1
98614276862 0 0 97481791 0
106610029040 0 0 105385720 1
24288 0 0 24 1
56025 0 0 54 0
62250 0 0 60 1
34254 0 0 33 1
35919270900 0 0 33756084 0
38912543475 0 0 36569091 1
24495 0 0 23 1
59462 0 0 52 0
66323 0 0 58 1
36608 0 0 32 1
119919416750 0 0 104093465 0
130198223900 0 0 113015762 1
47273 0 0 41 1
28991212675 0 0 25103050 0
32470158196 0 0 28115416 1
35805 0 0 31 1
1519306721948 0 0 1305707202 0
1653363197414 0 0 1420916661 1
46560 0 0 40 1
115992 0 0 96 0
130491 0 0 108 1
36270 0 0 30 1
165363 0 0 132 0
180396 0 0 144 1
48867 0 0 39 1
414851675211 0 0 329312804 0
468962763282 0 0 372266648 1
36540 0 0 29 1
568636253600 0 0 442404736 0
621945902375 0 0 483880180 1
48868 0 0 38 1
210945 0 0 164 0
128625 0 0 100 1
36036 0 0 28 1
288521829645 0 0 218953372 0
316443297030 0 0 240142408 1
48766 0 0 37 1
105480 0 0 80 0
63288 0 0 48 1
35613 0 0 27 1
40218290070 0 0 29972820 0
44240119077 0 0 32970102 1
48312 0 0 36 1
24498393153 0 0 18089292 0
14447770321 0 0 10668044 1
35230 0 0 26 1
763218557369719 0 0 562294006964 0
842172201235552 0 0 620462352512 1
47530 0 0 35 1
114587375842 0 0 84115432 0
123633747619 0 0 90756124 1
34075 0 0 25 1
1165105425204 0 0 767053840 0
1289938149333 0 0 849238180 1
51646 0 0 34 1
196438901907 0 0 127621732 0
212366380440 0 0 137969440 1
36960 0 0 24 1
573507945 0 0 338202 0
637231050 0 0 375780 1
55968 0 0 33 1
308844 0 0 144 0
334581 0 0 156 1
49335 0 0 23 1
91312285142 0 0 42244696 0
101848318043 0 0 47119084 1
112436344416 0 0 51993472 1
166 7 5 6 3 120 0
0 48 18 73
17 59 22 19
41 26 61 68
63 27 71 62
107 48 4 71
4294967294 6 49 90
4294967295 65 16 88
3 2 7 41610908043 0 0 27394780 17 63 107 0 41
3 2 7 5309159511 0 0 3449236 17 41 4294967295 0 107
3 2 7 17769882925 0 0 13825148 63 107 4294967294 0 41
3 2 7 9307155795 0 0 7063012 63 107 4294967295 0 41
3 2 7 1340609669 0 0 999094 63 4294967294 4294967295 0 41
4 1 15 44685491822 0 0 38403153 41 107 4294967294 4294967295 0
2 4 3 8579 0 0 4 17 4294967294 0 41 63 107
3 3 7 21241035 0 0 12526 17 63 4294967295 0 41 107
4 2 15 26317881288611 0 0 19389448516 63 107 4294967294 4294967295 0 41
0 0 0 1 0
0 0 0 1 1
1 0 0 1 1
137 0 0 4 0
137 0 0 4 1
35 0 0 1 1
50 0 0 1 0
50 0 0 1 1
51 0 0 1 1
259 0 0 2 0
259 0 0 2 1
130 0 0 1 1
361 0 0 2 0
361 0 0 2 1
181 0 0 1 1
257 0 0 1 0
257 0 0 1 1
258 0 0 1 1
1709 0 0 4 0
1709 0 0 4 1
428 0 0 1 1
1179 0 0 2 0
1179 0 0 2 1
590 0 0 1 1
1507 0 0 2 0
1507 0 0 2 1
754 0 0 1 1
3053 0 0 4 0
3053 0 0 4 1
764 0 0 1 1
50736169 0 0 66373 0
50736169 0 0 66373 1
765 0 0 1 1
3149 0 0 4 0
3149 0 0 4 1
788 0 0 1 1
240347425 0 0 303948 0
240347425 0 0 303948 1
791 0 0 1 1
3371 0 0 4 0
3371 0 0 4 1
843 0 0 1 1
8681885773 0 0 9387900 0
8681885773 0 0 9387900 1
925 0 0 1 1
1871 0 0 2 0
1871 0 0 2 1
936 0 0 1 1
1973 0 0 2 0
1973 0 0 2 1
987 0 0 1 1
2665250726 0 0 2634643 0
2665250726 0 0 2634643 1
1012 0 0 1 1
2075 0 0 2 0
2075 0 0 2 1
1038 0 0 1 1
997757525 0 0 937669 0
997757525 0 0 937669 1
1065 0 0 1 1
2287 0 0 2 0
2287 0 0 2 1
1144 0 0 1 1
3426269050 0 0 2974099 0
3426269050 0 0 2974099 1
1153 0 0 1 1
1159648507 0 0 1004122 0
1159648507 0 0 1004122 1
1155 0 0 1 1
44685491822 0 0 38403153 0
44685491822 0 0 38403153 1
1164 0 0 1 1
4833 0 0 4 0
4833 0 0 4 1
1209 0 0 1 1
5011 0 0 4 0
5011 0 0 4 1
1253 0 0 1 1
18037029357 0 0 14317948 0
18037029357 0 0 14317948 1
1260 0 0 1 1
17769882925 0 0 13825148 0
17769882925 0 0 13825148 1
1286 0 0 1 1
5145 0 0 4 0
5145 0 0 4 1
1287 0 0 1 1
9307155795 0 0 7063012 0
9307155795 0 0 7063012 1
1318 0 0 1 1
2637 0 0 2 0
2637 0 0 2 1
1319 0 0 1 1
1340609669 0 0 999094 0
1340609669 0 0 999094 1
1342 0 0 1 1
628163927 0 0 463828 0
628163927 0 0 463828 1
1355 0 0 1 1
26317881288611 0 0 19389448516 0
26317881288611 0 0 19389448516 1
1358 0 0 1 1
3015457259 0 0 2213564 0
3015457259 0 0 2213564 1
1363 0 0 1 1
41610908043 0 0 27394780 0
41610908043 0 0 27394780 1
1519 0 0 1 1
5309159511 0 0 3449236 0
5309159511 0 0 3449236 1
1540 0 0 1 1
21241035 0 0 12526 0
21241035 0 0 12526 1
1696 0 0 1 1
8579 0 0 4 0
8579 0 0 4 1
2145 0 0 1 1
3512010967 0 0 1624796 0
3512010967 0 0 1624796 1
3513635763 0 0 1624796 1
167 7 5 6 3 120 0
4294967295 65 16 88
4294967294 6 49 90
107 48 4 71
63 27 71 62
41 26 61 68
17 59 22 19
0 48 18 73
4 1 15 759653360974 0 0 652853601 41 107 4294967294 4294967295 0
3 2 7 13406096690 0 0 9990940 63 4294967294 4294967295 0 41
3 2 7 27921467385 0 0 21189036 63 107 4294967295 0 41
3 2 7 231008478025 0 0 179726924 63 107 4294967294 0 41
3 2 7 31854957066 0 0 20695416 17 41 4294967295 0 107
3 2 7 665774528688 0 0 438316480 17 63 107 0 41
4 2 15 421086100617776 0 0 310231176256 63 107 4294967294 4294967295 0 41
3 3 7 191169315 0 0 112734 17 63 4294967295 0 41 107
2 4 3 17158 0 0 8 17 4294967294 0 41 63 107
0 0 0 38 0
0 0 0 41 1
25 0 0 25 1
3836 0 0 112 0
4247 0 0 124 1
1190 0 0 34 1
1850 0 0 37 0
2000 0 0 40 1
1224 0 0 24 1
6993 0 0 54 0
7770 0 0 60 1
4290 0 0 33 1
12996 0 0 72 0
14079 0 0 78 1
4163 0 0 23 1
6682 0 0 26 0
7453 0 0 29 1
8256 0 0 32 1
59815 0 0 140 0
64942 0 0 152 1
17548 0 0 41 1
29475 0 0 50 0
33012 0 0 56 1
18290 0 0 31 1
51238 0 0 68 0
55759 0 0 74 1
30160 0 0 40 1
73272 0 0 96 0
82431 0 0 108 1
22920 0 0 30 1
1674293577 0 0 2190309 0
1826502084 0 0 2389428 1
29835 0 0 39 1
72427 0 0 92 0
81874 0 0 104 1
22852 0 0 29 1
7691117600 0 0 9726336 0
8412159875 0 0 10638180 1
30058 0 0 38 1
138211 0 0 164 0
84275 0 0 100 1
23604 0 0 28 1
269138458963 0 0 291024900 0
295184116282 0 0 319188600 1
34225 0 0 37 1
74840 0 0 80 0
44904 0 0 48 1
25272 0 0 27 1
59190 0 0 60 0
65109 0 0 66 1
35532 0 0 36 1
103944778314 0 0 102751077 0
61300766698 0 0 60596789 1
26312 0 0 26 1
60175 0 0 58 0
66400 0 0 64 1
36330 0 0 35 1
37914785950 0 0 35631422 0
40908058525 0 0 38444429 1
26625 0 0 25 1
64036 0 0 56 0
70897 0 0 62 1
38896 0 0 34 1
126771954850 0 0 110041663 0
137050762000 0 0 118963960 1
27672 0 0 24 1
31310509689 0 0 27111294 0
34789455210 0 0 30123660 1
38115 0 0 33 1
1608677705592 0 0 1382513508 0
1742734181058 0 0 1497722967 1
26772 0 0 23 1
125658 0 0 104 0
140157 0 0 116 1
38688 0 0 32 1
175385 0 0 140 0
190418 0 0 152 1
51373 0 0 41 1
450925733925 0 0 357948700 0
505036821996 0 0 400902544 1
39060 0 0 31 1
604176019450 0 0 470055032 0
657485668225 0 0 511530476 1
51440 0 0 40 1
123480 0 0 96 0
138915 0 0 108 1
38610 0 0 30 1
307136141235 0 0 233079396 0
335057608620 0 0 254268432 1
51402 0 0 39 1
60651 0 0 46 0
68562 0 0 52 1
38251 0 0 29 1
42899509408 0 0 31971008 0
46921338415 0 0 34968290 1
50996 0 0 38 1
25754721007 0 0 19016948 0
15704098175 0 0 11595700 1
37940 0 0 28 1
815854319946941 0 0 601072903996 0
894807963812774 0 0 659241249544 1
50246 0 0 37 1
120618290360 0 0 88542560 0
72370974216 0 0 53125536 1
36801 0 0 27 1
1248327241290 0 0 821843400 0
1373159965419 0 0 904027740 1
54684 0 0 36 1
207057220929 0 0 134520204 0
122110668753 0 0 79332428 1
40040 0 0 26 1
615990015 0 0 363254 0
679713120 0 0 400832 1
59360 0 0 35 1
326002 0 0 152 0
351739 0 0 164 1
53625 0 0 25 1
98336307076 0 0 45494288 0
108872339977 0 0 50368676 1
119463615942 0 0 55243064 1
168 7 6 3 1 120 0
0 48 18 73
17 59 22 19
41 26 61 68
63 27 71 62
107 48 4 71
4294967294 6 49 90
4294967295 65 16 88
2 4 3 8579 0 0 4 17 4294967294 0 41 63 107
3 3 7 21241035 0 0 12526 17 63 4294967295 0 41 107
4 2 15 26317881288611 0 0 19389448516 63 107 4294967294 4294967295 0 41
3 4 7 3512010967 0 0 1624796 17 4294967294 4294967295 0 41 63 107
0 0 0 1 0
0 0 0 1 1
1 0 0 1 1
137 0 0 4 0
137 0 0 4 1
35 0 0 1 1
50 0 0 1 0
50 0 0 1 1
51 0 0 1 1
259 0 0 2 0
259 0 0 2 1
130 0 0 1 1
361 0 0 2 0
361 0 0 2 1
181 0 0 1 1
257 0 0 1 0
257 0 0 1 1
258 0 0 1 1
1709 0 0 4 0
1709 0 0 4 1
428 0 0 1 1
1179 0 0 2 0
1179 0 0 2 1
590 0 0 1 1
1507 0 0 2 0
1507 0 0 2 1
754 0 0 1 1
3053 0 0 4 0
3053 0 0 4 1
764 0 0 1 1
50736169 0 0 66373 0
50736169 0 0 66373 1
765 0 0 1 1
3149 0 0 4 0
3149 0 0 4 1
788 0 0 1 1
240347425 0 0 303948 0
240347425 0 0 303948 1
791 0 0 1 1
3371 0 0 4 0
3371 0 0 4 1
843 0 0 1 1
8681885773 0 0 9387900 0
8681885773 0 0 9387900 1
925 0 0 1 1
1871 0 0 2 0
1871 0 0 2 1
936 0 0 1 1
1973 0 0 2 0
1973 0 0 2 1
987 0 0 1 1
2665250726 0 0 2634643 0
2665250726 0 0 2634643 1
1012 0 0 1 1
2075 0 0 2 0
2075 0 0 2 1
1038 0 0 1 1
997757525 0 0 937669 0
997757525 0 0 937669 1
1065 0 0 1 1
2287 0 0 2 0
2287 0 0 2 1
1144 0 0 1 1
3426269050 0 0 2974099 0
3426269050 0 0 2974099 1
1153 0 0 1 1
1159648507 0 0 1004122 0
1159648507 0 0 1004122 1
1155 0 0 1 1
44685491822 0 0 38403153 0
44685491822 0 0 38403153 1
1164 0 0 1 1
4833 0 0 4 0
4833 0 0 4 1
1209 0 0 1 1
5011 0 0 4 0
5011 0 0 4 1
1253 0 0 1 1
18037029357 0 0 14317948 0
18037029357 0 0 14317948 1
1260 0 0 1 1
17769882925 0 0 13825148 0
17769882925 0 0 13825148 1
1286 0 0 1 1
5145 0 0 4 0
5145 0 0 4 1
1287 0 0 1 1
9307155795 0 0 7063012 0
9307155795 0 0 7063012 1
1318 0 0 1 1
2637 0 0 2 0
2637 0 0 2 1
1319 0 0 1 1
1340609669 0 0 999094 0
1340609669 0 0 999094 1
1342 0 0 1 1
628163927 0 0 463828 0
628163927 0 0 463828 1
1355 0 0 1 1
26317881288611 0 0 19389448516 0
26317881288611 0 0 19389448516 1
1358 0 0 1 1
3015457259 0 0 2213564 0
3015457259 0 0 2213564 1
1363 0 0 1 1
41610908043 0 0 27394780 0
41610908043 0 0 27394780 1
1519 0 0 1 1
5309159511 0 0 3449236 0
5309159511 0 0 3449236 1
1540 0 0 1 1
21241035 0 0 12526 0
21241035 0 0 12526 1
1696 0 0 1 1
8579 0 0 4 0
8579 0 0 4 1
2145 0 0 1 1
3512010967 0 0 1624796 0
3512010967 0 0 1624796 1
3513635763 0 0 1624796 1
169 7 6 3 1 120 0
4294967295 65 16 88
4294967294 6 49 90
107 48 4 71
63 27 71 62
41 26 61 68
17 59 22 19
0 48 18 73
4 2 15 394768219329165 0 0 290841727740 63 107 4294967294 4294967295 0 41
3 3 7 169928280 0 0 100208 17 63 4294967295 0 41 107
2 4 3 154422 0 0 72 17 4294967294 0 41 63 107
3 4 7 14048043868 0 0 6499184 17 4294967294 4294967295 0 41 63 107
0 0 0 40 0
0 0 0 24 1
27 0 0 27 1
4110 0 0 120 0
4521 0 0 132 1
1260 0 0 36 1
1950 0 0 39 0
1150 0 0 23 1
1326 0 0 26 1
7511 0 0 58 0
8288 0 0 64 1
4550 0 0 35 1
13718 0 0 76 0
14801 0 0 82 1
4525 0 0 25 1
7196 0 0 28 0
7967 0 0 31 1
8772 0 0 34 1
63233 0 0 148 0
68360 0 0 160 1
10272 0 0 24 1
31833 0 0 54 0
35370 0 0 60 1
19470 0 0 33 1
54252 0 0 72 0
58773 0 0 78 1
17342 0 0 23 1
79378 0 0 104 0
88537 0 0 116 1
24448 0 0 32 1
1775765915 0 0 2323055 0
1927974422 0 0 2522174 1
31365 0 0 41 1
78725 0 0 100 0
88172 0 0 112 1
24428 0 0 31 1
8171812450 0 0 10334232 0
8892854725 0 0 11246076 1
31640 0 0 40 1
80904 0 0 96 0
91017 0 0 108 1
25290 0 0 30 1
286502230509 0 0 309800700 0
312547887828 0 0 337964400 1
36075 0 0 39 1
43033 0 0 46 0
48646 0 0 52 1
27144 0 0 29 1
63136 0 0 64 0
69055 0 0 70 1
37506 0 0 38 1
109275279766 0 0 108020363 0
66631268150 0 0 65866075 1
28336 0 0 28 1
64325 0 0 62 0
70550 0 0 68 1
38406 0 0 37 1
39910301000 0 0 37506760 0
23946180600 0 0 22504056 1
28755 0 0 27 1
68610 0 0 60 0
75471 0 0 66 1
41184 0 0 36 1
133624492950 0 0 115989861 0
78804188150 0 0 68404277 1
29978 0 0 26 1
33629806703 0 0 29119538 0
37108752224 0 0 32131904 1
40425 0 0 35 1
1698048689236 0 0 1459319814 0
1832105164702 0 0 1574529273 1
29100 0 0 25 1
135324 0 0 112 0
149823 0 0 124 1
41106 0 0 34 1
185407 0 0 148 0
200440 0 0 160 1
30072 0 0 24 1
486999792639 0 0 386584596 0
541110880710 0 0 429538440 1
41580 0 0 33 1
639715785300 0 0 497705328 0
693025434075 0 0 539180772 1
29578 0 0 23 1
133770 0 0 104 0
149205 0 0 116 1
41184 0 0 32 1
325750452825 0 0 247205420 0
353671920210 0 0 268394456 1
54038 0 0 41 1
65925 0 0 50 0
73836 0 0 56 1
40889 0 0 31 1
45580728746 0 0 33969196 0
49602557753 0 0 36966478 1
53680 0 0 40 1
15075934248 0 0 11131872 0
16960426029 0 0 12523356 1
40650 0 0 30 1
868490082524163 0 0 639851801028 0
947443726389996 0 0 698020146576 1
52962 0 0 39 1
69355516957 0 0 50911972 0
78401888734 0 0 57552664 1
39527 0 0 29 1
1331549057376 0 0 876632960 0
1456381781505 0 0 958817300 1
57722 0 0 38 1
217675539951 0 0 141418676 0
132728987775 0 0 86230900 1
43120 0 0 28 1
658472085 0 0 388306 0
722195190 0 0 425884 1
62752 0 0 37 1
343160 0 0 160 0
205896 0 0 96 1
57915 0 0 27 1
105360329010 0 0 48743880 0
115896361911 0 0 53618268 1
126490887468 0 0 58492656 1
170 7 7 1 0 120 0
0 48 18 73
17 59 22 19
41 26 61 68
63 27 71 62
107 48 4 71
4294967294 6 49 90
4294967295 65 16 88
3 4 7 3512010967 0 0 1624796 17 4294967294 4294967295 0 41 63 107
0 0 0 1 0
0 0 0 1 1
1 0 0 1 1
137 0 0 4 0
137 0 0 4 1
35 0 0 1 1
50 0 0 1 0
50 0 0 1 1
51 0 0 1 1
259 0 0 2 0
259 0 0 2 1
130 0 0 1 1
361 0 0 2 0
361 0 0 2 1
181 0 0 1 1
257 0 0 1 0
257 0 0 1 1
258 0 0 1 1
1709 0 0 4 0
1709 0 0 4 1
428 0 0 1 1
1179 0 0 2 0
1179 0 0 2 1
590 0 0 1 1
1507 0 0 2 0
1507 0 0 2 1
754 0 0 1 1
3053 0 0 4 0
3053 0 0 4 1
764 0 0 1 1
50736169 0 0 66373 0
50736169 0 0 66373 1
765 0 0 1 1
3149 0 0 4 0
3149 0 0 4 1
788 0 0 1 1
240347425 0 0 303948 0
240347425 0 0 303948 1
791 0 0 1 1
3371 0 0 4 0
3371 0 0 4 1
843 0 0 1 1
8681885773 0 0 9387900 0
8681885773 0 0 9387900 1
925 0 0 1 1
1871 0 0 2 0
1871 0 0 2 1
936 0 0 1 1
1973 0 0 2 0
1973 0 0 2 1
987 0 0 1 1
2665250726 0 0 2634643 0
2665250726 0 0 2634643 1
1012 0 0 1 1
2075 0 0 2 0
2075 0 0 2 1
1038 0 0 1 1
997757525 0 0 937669 0
997757525 0 0 937669 1
1065 0 0 1 1
2287 0 0 2 0
2287 0 0 2 1
1144 0 0 1 1
3426269050 0 0 2974099 0
3426269050 0 0 2974099 1
1153 0 0 1 1
1159648507 0 0 1004122 0
1159648507 0 0 1004122 1
1155 0 0 1 1
44685491822 0 0 38403153 0
44685491822 0 0 38403153 1
1164 0 0 1 1
4833 0 0 4 0
4833 0 0 4 1
1209 0 0 1 1
5011 0 0 4 0
5011 0 0 4 1
1253 0 0 1 1
18037029357 0 0 14317948 0
18037029357 0 0 14317948 1
1260 0 0 1 1
17769882925 0 0 13825148 0
17769882925 0 0 13825148 1
1286 0 0 1 1
5145 0 0 4 0
5145 0 0 4 1
1287 0 0 1 1
9307155795 0 0 7063012 0
9307155795 0 0 7063012 1
1318 0 0 1 1
2637 0 0 2 0
2637 0 0 2 1
1319 0 0 1 1
1340609669 0 0 999094 0
1340609669 0 0 999094 1
1342 0 0 1 1
628163927 0 0 463828 0
628163927 0 0 463828 1
1355 0 0 1 1
26317881288611 0 0 19389448516 0
26317881288611 0 0 19389448516 1
1358 0 0 1 1
3015457259 0 0 2213564 0
3015457259 0 0 2213564 1
1363 0 0 1 1
41610908043 0 0 27394780 0
41610908043 0 0 27394780 1
1519 0 0 1 1
5309159511 0 0 3449236 0
5309159511 0 0 3449236 1
1540 0 0 1 1
21241035 0 0 12526 0
21241035 0 0 12526 1
1696 0 0 1 1
8579 0 0 4 0
8579 0 0 4 1
2145 0 0 1 1
3512010967 0 0 1624796 0
3512010967 0 0 1624796 1
3513635763 0 0 1624796 1
171 7 7 1 0 120 0
4294967295 65 16 88
4294967294 6 49 90
107 48 4 71
63 27 71 62
41 26 61 68
17 59 22 19
0 48 18 73
3 4 7 10536032901 0 0 4874388 17 4294967294 4294967295 0 41 63 107
0 0 0 23 0
0 0 0 26 1
29 0 0 29 1
4384 0 0 128 0
4795 0 0 140 1
1330 0 0 38 1
2050 0 0 41 0
1250 0 0 25 1
1428 0 0 28 1
8029 0 0 62 0
8806 0 0 68 1
4810 0 0 37 1
14440 0 0 80 0
8664 0 0 48 1
4887 0 0 27 1
7710 0 0 30 0
8481 0 0 33 1
9288 0 0 36 1
66651 0 0 156 0
39307 0 0 92 1
11128 0 0 26 1
34191 0 0 58 0
37728 0 0 64 1
20650 0 0 35 1
57266 0 0 76 0
61787 0 0 82 1
18850 0 0 25 1
85484 0 0 112 0
94643 0 0 124 1
25976 0 0 34 1
1877238253 0 0 2455801 0
2029446760 0 0 2654920 1
18360 0 0 24 1
85023 0 0 108 0
94470 0 0 120 1
26004 0 0 33 1
8652507300 0 0 10942128 0
9373549575 0 0 11853972 1
18193 0 0 23 1
87646 0 0 104 0
97759 0 0 116 1
26976 0 0 32 1
303866002055 0 0 328576500 0
329911659374 0 0 356740200 1
37925 0 0 41 1
46775 0 0 50 0
52388 0 0 56 1
29016 0 0 31 1
67082 0 0 68 0
73001 0 0 74 1
39480 0 0 40 1
63966017424 0 0 63231432 0
71961769602 0 0 71135361 1
30360 0 0 30 1
68475 0 0 66 0
74700 0 0 72 1
40482 0 0 39 1
22948423075 0 0 21566387 0
25941695650 0 0 24379394 1
30885 0 0 29 1
73184 0 0 64 0
80045 0 0 70 1
43472 0 0 38 1
140477031050 0 0 121938059 0
85656726250 0 0 74352475 1
32284 0 0 28 1
35949103717 0 0 31127782 0
39428049238 0 0 34140148 1
42735 0 0 37 1
1787419672880 0 0 1536126120 0
1072451803728 0 0 921675672 1
31428 0 0 27 1
144990 0 0 120 0
159489 0 0 132 1
43524 0 0 36 1
195429 0 0 156 0
115253 0 0 92 1
32578 0 0 26 1
523073851353 0 0 415220492 0
577184939424 0 0 458174336 1
44100 0 0 35 1
675255551150 0 0 525355624 0
728565199925 0 0 566831068 1
32150 0 0 25 1
144060 0 0 112 0
159495 0 0 124 1
43758 0 0 34 1
344364764415 0 0 261331444 0
372286231800 0 0 282520480 1
31632 0 0 24 1
71199 0 0 54 0
79110 0 0 60 1
43527 0 0 33 1
48261948084 0 0 35967384 0
52283777091 0 0 38964666 1
30866 0 0 23 1
16332262102 0 0 12059528 0
18216753883 0 0 13451012 1
43360 0 0 32 1
921125845101385 0 0 678630698060 0
1000079488967218 0 0 736799043608 1
55678 0 0 41 1
75386431475 0 0 55339100 0
84432803252 0 0 61979792 1
42253 0 0 31 1
1414770873462 0 0 931422520 0
1539603597591 0 0 1013606860 1
60760 0 0 40 1
127419828264 0 0 82781664 0
143347306797 0 0 93129372 1
46200 0 0 30 1
700954155 0 0 413358 0
764677260 0 0 450936 1
66144 0 0 39 1
197317 0 0 92 0
223054 0 0 104 1
62205 0 0 29 1
112384350944 0 0 51993472 0
122920383845 0 0 56867860 1
133518158994 0 0 61742248 1
172 7 1 0 11 135 0
0 95 27 11
17 93 85 47
41 48 44 67
63 64 91 4
107 53 0 88
4294967294 40 65 32
4294967295 12 64 30
2 0 3 1166 0 0 1 0 17
2 0 3 2817 0 0 2 0 41
2 0 3 2553 0 0 2 0 63
2 0 3 2455 0 0 2 0 4294967294
2 0 3 2053 0 0 2 17 41
2 0 3 1363 0 0 2 17 63
2 0 3 1717 0 0 2 17 4294967294
2 0 3 1201 0 0 2 41 107
2 0 3 865 0 0 2 41 4294967294
2 0 3 509 0 0 1 63 4294967294
2 0 3 789 0 0 4 4294967294 4294967295
0 0 0 1 0
0 0 0 1 1
1 0 0 1 1
789 0 0 4 0
789 0 0 4 1
198 0 0 1 1
865 0 0 2 0
865 0 0 2 1
433 0 0 1 1
509 0 0 1 0
509 0 0 1 1
510 0 0 1 1
1201 0 0 2 0
1201 0 0 2 1
601 0 0 1 1
1363 0 0 2 0
1363 0 0 2 1
682 0 0 1 1
3065 0 0 4 0
3065 0 0 4 1
767 0 0 1 1
1717 0 0 2 0
1717 0 0 2 1
859 0 0 1 1
1191197939 0 0 1277310 0
1191197939 0 0 1277310 1
933 0 0 1 1
2053 0 0 2 0
2053 0 0 2 1
1027 0 0 1 1
4109 0 0 4 0
4109 0 0 4 1
1028 0 0 1 1
6098251730 0 0 5660979 0
6098251730 0 0 5660979 1
1078 0 0 1 1
1166 0 0 1 0
1166 0 0 1 1
1167 0 0 1 1
2455 0 0 2 0
2455 0 0 2 1
1228 0 0 1 1
2553 0 0 2 0
2553 0 0 2 1
1277 0 0 1 1
212681069 0 0 152506 0
212681069 0 0 152506 1
1395 0 0 1 1
2817 0 0 2 0
2817 0 0 2 1
1409 0 0 1 1
1352458558 0 0 950825 0
1352458558 0 0 950825 1
1423 0 0 1 1
1329357950 0 0 915699 0
1329357950 0 0 915699 1
1452 0 0 1 1
982992802 0 0 673767 0
982992802 0 0 673767 1
1459 0 0 1 1
124951062994 0 0 83049135 0
124951062994 0 0 83049135 1
1505 0 0 1 1
3217 0 0 2 0
3217 0 0 2 1
1609 0 0 1 1
18003869726 0 0 11153355 0
18003869726 0 0 11153355 1
1615 0 0 1 1
374629387 0 0 231830 0
374629387 0 0 231830 1
1616 0 0 1 1
992684161299 0 0 612463504 0
992684161299 0 0 612463504 1
1621 0 0 1 1
8103034289 0 0 4982874 0
8103034289 0 0 4982874 1
1627 0 0 1 1
7291 0 0 4 0
7291 0 0 4 1
1823 0 0 1 1
3765 0 0 2 0
3765 0 0 2 1
1883 0 0 1 1
46272047634 0 0 24131795 0
46272047634 0 0 24131795 1
1918 0 0 1 1
4211 0 0 2 0
4211 0 0 2 1
2106 0 0 1 1
8619 0 0 4 0
8619 0 0 4 1
17239 0 0 8 1
14883470199 0 0 6906644 0
14883470199 0 0 6906644 1
2155 0 0 1 1
90415697463 0 0 41783500 0
90415697463 0 0 41783500 1
2164 0 0 1 1
58590454146543 0 0 27027422420 0
58590454146543 0 0 27027422420 1
2168 0 0 1 1
9141 0 0 4 0
9141 0 0 4 1
2286 0 0 1 1
36636378207 0 0 15611500 0
36636378207 0 0 15611500 1
2347 0 0 1 1
77845177650 0 0 32936219 0
77845177650 0 0 32936219 1
2364 0 0 1 1
5253 0 0 2 0
5253 0 0 2 1
2627 0 0 1 1
67916089530 0 0 25805579 0
67916089530 0 0 25805579 1
2632 0 0 1 1
25792366578 0 0 9404027 0
25792366578 0 0 9404027 1
10971 0 0 4 1
15264322396121 0 0 5565309201 0
15264322396121 0 0 5565309201 1
2743 0 0 1 1
331769020869 0 0 113973436 0
331769020869 0 0 113973436 1
2911 0 0 1 1
350096853843 0 0 115735324 0
350096853843 0 0 115735324 1
3025 0 0 1 1
643108254594803 0 0 206379404100 0
643108254594803 0 0 206379404100 1
3117 0 0 1 1
7729 0 0 2 0
7729 0 0 2 1
7731 0 0 2 1
173 7 1 0 11 135 0
4294967295 12 64 30
4294967294 40 65 32
107 53 0 88
63 64 91 4
41 48 44 67
17 93 85 47
0 95 27 11
2 0 3 7890 0 0 40 4294967294 4294967295
2 0 3 1527 0 0 3 63 4294967294
2 0 3 11245 0 0 26 41 4294967294
2 0 3 7206 0 0 12 41 107
2 0 3 27472 0 0 32 17 4294967294
2 0 3 12267 0 0 18 17 63
2 0 3 4106 0 0 4 17 41
2 0 3 29460 0 0 24 0 4294967294
2 0 3 12765 0 0 10 0 63
2 0 3 42255 0 0 30 0 41
2 0 3 9328 0 0 8 0 17
0 0 0 25 0
0 0 0 28 1
31 0 0 31 1
26826 0 0 136 0
29193 0 0 148 1
7920 0 0 40 1
20760 0 0 48 0
23355 0 0 54 1
12990 0 0 30 1
16797 0 0 33 0
18324 0 0 36 1
19890 0 0 39 1
27623 0 0 46 0
31226 0 0 52 1
17429 0 0 29 1
43616 0 0 64 0
47705 0 0 70 1
25916 0 0 38 1
125665 0 0 164 0
76625 0 0 100 1
21476 0 0 28 1
53227 0 0 62 0
58378 0 0 68 1
31783 0 0 37 1
47647917560 0 0 51092400 0
28588750536 0 0 30655440 1
25191 0 0 27 1
61590 0 0 60 0
67749 0 0 66 1
36972 0 0 36 1
160251 0 0 156 0
94507 0 0 92 1
26728 0 0 26 1
176849300170 0 0 164168391 0
195144055360 0 0 181151328 1
37730 0 0 35 1
44308 0 0 38 0
47806 0 0 41 1
29175 0 0 25 1
68740 0 0 56 0
76105 0 0 62 1
41752 0 0 34 1
94461 0 0 74 0
102120 0 0 80 1
30648 0 0 24 1
5742388863 0 0 4117662 0
6380432070 0 0 4575180 1
46035 0 0 33 1
101412 0 0 72 0
109863 0 0 78 1
32407 0 0 23 1
35163922508 0 0 24721450 0
39221298182 0 0 27573925 1
45536 0 0 32 1
46527528250 0 0 32049465 0
50515602100 0 0 34796562 1
59532 0 0 41 1
24574820050 0 0 16844175 0
27523798456 0 0 18865476 1
45229 0 0 31 1
4248336141796 0 0 2823670590 0
4623189330778 0 0 3072817995 1
60200 0 0 40 1
77208 0 0 48 0
86859 0 0 54 1
48270 0 0 30 1
594127700958 0 0 368060715 0
648139310136 0 0 401520780 1
62985 0 0 39 1
8616475901 0 0 5332090 0
9740364062 0 0 6027580 1
46864 0 0 29 1
31765893161568 0 0 19598832128 0
34743945645465 0 0 21436222640 1
61598 0 0 38 1
332224405849 0 0 204297834 0
202575857225 0 0 124571850 1
45556 0 0 28 1
226021 0 0 124 0
247894 0 0 136 1
67451 0 0 37 1
150600 0 0 80 0
90360 0 0 48 1
50841 0 0 27 1
1388161429020 0 0 723953850 0
1526977571922 0 0 796349235 1
69048 0 0 36 1
164229 0 0 78 0
96853 0 0 46 1
54756 0 0 26 1
249951 0 0 116 0
275808 0 0 128 1
603365 0 0 280 1
565571867562 0 0 262452472 0
610222278159 0 0 283172404 1
53875 0 0 25 1
2531639528964 0 0 1169938000 0
2802886621353 0 0 1295288500 1
73576 0 0 34 1
2167846803422091 0 0 1000014629540 0
2343618165861720 0 0 1081096896800 1
52032 0 0 24 1
246807 0 0 108 0
274230 0 0 120 1
75438 0 0 33 1
1318909615452 0 0 562014000 0
1428818750073 0 0 608848500 1
53981 0 0 23 1
2023974618900 0 0 856341694 0
2257510151850 0 0 955150351 1
75648 0 0 32 1
183855 0 0 70 0
199614 0 0 76 1
107707 0 0 41 1
1697902238250 0 0 645139475 0
1901650506840 0 0 722556212 1
81592 0 0 31 1
876940463652 0 0 319736918 0
954317563386 0 0 347948999 1
438840 0 0 160 1
366343737506904 0 0 133567420824 0
412136704695267 0 0 150263348427 1
82290 0 0 30 1
10948377688677 0 0 3761123388 0
11943684751284 0 0 4103043696 1
113529 0 0 39 1
8052227638389 0 0 2661912452 0
9102518199918 0 0 3009118424 1
87725 0 0 29 1
20579464147033696 0 0 6604140931200 0
22508788910818105 0 0 7223279143500 1
118446 0 0 38 1
316889 0 0 82 0
193225 0 0 50 1
216468 0 0 56 1
174 7 2 11 14 135 0
0 95 27 11
17 93 85 47
41 48 44 67
63 64 91 4
107 53 0 88
4294967294 40 65 32
4294967295 12 64 30
2 0 3 1166 0 0 1 0 17
2 0 3 2817 0 0 2 0 41
2 0 3 2553 0 0 2 0 63
2 0 3 2455 0 0 2 0 4294967294
2 0 3 2053 0 0 2 17 41
2 0 3 1363 0 0 2 17 63
2 0 3 1717 0 0 2 17 4294967294
2 0 3 1201 0 0 2 41 107
2 0 3 865 0 0 2 41 4294967294
2 0 3 509 0 0 1 63 4294967294
2 0 3 789 0 0 4 4294967294 4294967295
3 0 7 374629387 0 0 231830 0 17 41
3 0 7 1352458558 0 0 950825 0 17 63
3 0 7 982992802 0 0 673767 0 17 4294967294
2 1 3 4211 0 0 2 0 107 41
3 0 7 1329357950 0 0 915699 0 41 4294967294
3 0 7 212681069 0 0 152506 0 63 4294967294
2 1 3 8619 0 0 4 0 4294967295 4294967294
2 1 3 5253 0 0 2 17 107 41
3 0 7 6098251730 0 0 5660979 17 41 4294967294
3 0 7 1191197939 0 0 1277310 17 63 4294967294
2 1 3 3217 0 0 2 41 63 4294967294
2 1 3 3765 0 0 2 107 4294967294 41
2 1 3 3065 0 0 4 41 4294967295 4294967294
2 1 3 4109 0 0 4 63 4294967295 4294967294
0 0 0 1 0
0 0 0 1 1
1 0 0 1 1
789 0 0 4 0
789 0 0 4 1
198 0 0 1 1
865 0 0 2 0
865 0 0 2 1
433 0 0 1 1
509 0 0 1 0
509 0 0 1 1
510 0 0 1 1
1201 0 0 2 0
1201 0 0 2 1
601 0 0 1 1
1363 0 0 2 0
1363 0 0 2 1
682 0 0 1 1
3065 0 0 4 0
3065 0 0 4 1
767 0 0 1 1
1717 0 0 2 0
1717 0 0 2 1
859 0 0 1 1
1191197939 0 0 1277310 0
1191197939 0 0 1277310 1
933 0 0 1 1
2053 0 0 2 0
2053 0 0 2 1
1027 0 0 1 1
4109 0 0 4 0
4109 0 0 4 1
1028 0 0 1 1
6098251730 0 0 5660979 0
6098251730 0 0 5660979 1
1078 0 0 1 1
1166 0 0 1 0
1166 0 0 1 1
1167 0 0 1 1
2455 0 0 2 0
2455 0 0 2 1
1228 0 0 1 1
2553 0 0 2 0
2553 0 0 2 1
1277 0 0 1 1
212681069 0 0 152506 0
212681069 0 0 152506 1
1395 0 0 1 1
2817 0 0 2 0
2817 0 0 2 1
1409 0 0 1 1
1352458558 0 0 950825 0
1352458558 0 0 950825 1
1423 0 0 1 1
1329357950 0 0 915699 0
1329357950 0 0 915699 1
1452 0 0 1 1
982992802 0 0 673767 0
982992802 0 0 673767 1
1459 0 0 1 1
124951062994 0 0 83049135 0
124951062994 0 0 83049135 1
1505 0 0 1 1
3217 0 0 2 0
3217 0 0 2 1
1609 0 0 1 1
18003869726 0 0 11153355 0
18003869726 0 0 11153355 1
1615 0 0 1 1
374629387 0 0 231830 0
374629387 0 0 231830 1
1616 0 0 1 1
992684161299 0 0 612463504 0
992684161299 0 0 612463504 1
1621 0 0 1 1
8103034289 0 0 4982874 0
8103034289 0 0 4982874 1
1627 0 0 1 1
7291 0 0 4 0
7291 0 0 4 1
1823 0 0 1 1
3765 0 0 2 0
3765 0 0 2 1
1883 0 0 1 1
46272047634 0 0 24131795 0
46272047634 0 0 24131795 1
1918 0 0 1 1
4211 0 0 2 0
4211 0 0 2 1
2106 0 0 1 1
8619 0 0 4 0
8619 0 0 4 1
17239 0 0 8 1
14883470199 0 0 6906644 0
14883470199 0 0 6906644 1
2155 0 0 1 1
90415697463 0 0 41783500 0
90415697463 0 0 41783500 1
2164 0 0 1 1
58590454146543 0 0 27027422420 0
58590454146543 0 0 27027422420 1
2168 0 0 1 1
9141 0 0 4 0
9141 0 0 4 1
2286 0 0 1 1
36636378207 0 0 15611500 0
36636378207 0 0 15611500 1
2347 0 0 1 1
77845177650 0 0 32936219 0
77845177650 0 0 32936219 1
2364 0 0 1 1
5253 0 0 2 0
5253 0 0 2 1
2627 0 0 1 1
67916089530 0 0 25805579 0
67916089530 0 0 25805579 1
2632 0 0 1 1
25792366578 0 0 9404027 0
25792366578 0 0 9404027 1
10971 0 0 4 1
15264322396121 0 0 5565309201 0
15264322396121 0 0 5565309201 1
2743 0 0 1 1
331769020869 0 0 113973436 0
331769020869 0 0 113973436 1
2911 0 0 1 1
350096853843 0 0 115735324 0
350096853843 0 0 115735324 1
3025 0 0 1 1
643108254594803 0 0 206379404100 0
643108254594803 0 0 206379404100 1
3117 0 0 1 1
7729 0 0 2 0
7729 0 0 2 1
7731 0 0 2 1
175 7 2 11 14 135 0
4294967295 12 64 30
4294967294 40 65 32
107 53 0 88
63 64 91 4
41 48 44 67
17 93 85 47
0 95 27 11
2 0 3 7101 0 0 36 4294967294 4294967295
2 0 3 1018 0 0 2 63 4294967294
2 0 3 10380 0 0 24 41 4294967294
2 0 3 6005 0 0 10 41 107
2 0 3 25755 0 0 30 17 4294967294
2 0 3 10904 0 0 16 17 63
2 0 3 36954 0 0 36 17 41
2 0 3 27005 0 0 22 0 4294967294
2 0 3 10212 0 0 8 0 63
2 0 3 39438 0 0 28 0 41
2 0 3 8162 0 0 7 0 17
2 1 3 65744 0 0 64 63 4294967295 4294967294
2 1 3 27585 0 0 36 41 4294967295 4294967294
2 1 3 7530 0 0 4 107 4294967294 41
2 1 3 38604 0 0 24 41 63 4294967294
3 0 7 5955989695 0 0 6386550 17 63 4294967294
3 0 7 91473775950 0 0 84914685 17 41 4294967294
2 1 3 42024 0 0 16 17 107 41
2 1 3 155142 0 0 72 0 4294967295 4294967294
3 0 7 2339491759 0 0 1677566 0 63 4294967294
3 0 7 5317431800 0 0 3662796 0 41 4294967294
2 1 3 58954 0 0 28 0 107 41
3 0 7 6880949614 0 0 4716369 0 17 4294967294
3 0 7 22991795486 0 0 16164025 0 17 63
3 0 7 3746293870 0 0 2318300 0 17 41
0 0 0 27 0
0 0 0 30 1
33 0 0 33 1
28404 0 0 144 0
30771 0 0 156 1
4554 0 0 23 1
22490 0 0 52 0
25085 0 0 58 1
13856 0 0 32 1
17815 0 0 35 0
19342 0 0 38 1
20910 0 0 41 1
30025 0 0 50 0
33628 0 0 56 1
18631 0 0 31 1
46342 0 0 68 0
50431 0 0 74 1
27280 0 0 40 1
73560 0 0 96 0
82755 0 0 108 1
23010 0 0 30 1
56661 0 0 66 0
61812 0 0 72 1
33501 0 0 39 1
27397552597 0 0 29378130 0
30971146414 0 0 33210060 1
27057 0 0 29 1
65696 0 0 64 0
71855 0 0 70 1
39026 0 0 38 1
168469 0 0 164 0
102725 0 0 100 1
28784 0 0 28 1
189045803630 0 0 175490349 0
207340558820 0 0 192473286 1
39886 0 0 37 1
46640 0 0 40 0
27984 0 0 24 1
31509 0 0 27 1
73650 0 0 60 0
81015 0 0 66 1
44208 0 0 36 1
99567 0 0 78 0
58719 0 0 46 1
33202 0 0 26 1
6167751001 0 0 4422674 0
6805794208 0 0 4880192 1
48825 0 0 35 1
107046 0 0 76 0
115497 0 0 82 1
35225 0 0 25 1
37868839624 0 0 26623100 0
41926215298 0 0 29475575 1
48382 0 0 34 1
49186244150 0 0 33880863 0
53174318000 0 0 36627960 1
34848 0 0 24 1
26540805654 0 0 18191709 0
29489784060 0 0 20213010 1
48147 0 0 33 1
4498238267784 0 0 2989768860 0
4873091456766 0 0 3238916265 1
34615 0 0 23 1
83642 0 0 52 0
93293 0 0 58 1
51488 0 0 32 1
630135440410 0 0 390367425 0
684147049588 0 0 423827490 1
66215 0 0 41 1
9365734675 0 0 5795750 0
10489622836 0 0 6491240 1
50096 0 0 31 1
33751261484166 0 0 20823759136 0
36729313968063 0 0 22661149648 1
64840 0 0 40 1
194472822936 0 0 119588976 0
218781925803 0 0 134537598 1
48810 0 0 30 1
240603 0 0 132 0
262476 0 0 144 1
71097 0 0 39 1
86595 0 0 46 0
97890 0 0 52 1
54607 0 0 29 1
1480705524288 0 0 772217440 0
1619521667190 0 0 844612825 1
72884 0 0 38 1
172651 0 0 82 0
105275 0 0 50 1
58968 0 0 28 1
267189 0 0 124 0
293046 0 0 136 1
637843 0 0 296 1
595338807960 0 0 276265760 0
357203284776 0 0 165759456 1
58185 0 0 27 1
2712470923890 0 0 1253505000 0
2983718016279 0 0 1378855500 1
77904 0 0 36 1
2285027711715177 0 0 1054069474380 0
1347580445370489 0 0 621630715660 1
56368 0 0 26 1
265089 0 0 116 0
292512 0 0 128 1
80010 0 0 35 1
1392182371866 0 0 593237000 0
1502091506487 0 0 640071500 1
58675 0 0 25 1
2179664974200 0 0 922214132 0
2413200507150 0 0 1021022789 1
80376 0 0 34 1
194361 0 0 74 0
210120 0 0 80 1
63048 0 0 24 1
1833734417310 0 0 696750633 0
2037482685900 0 0 774167370 1
86856 0 0 33 1
928525196808 0 0 338544972 0
1005902296542 0 0 366757053 1
252333 0 0 92 1
396872382299146 0 0 144698039226 0
442665349487509 0 0 161393966829 1
87776 0 0 32 1
11611915730415 0 0 3989070260 0
12607222793022 0 0 4330990568 1
119351 0 0 41 1
8752421346075 0 0 2893383100 0
9802711907604 0 0 3240589072 1
93775 0 0 31 1
21865680656223302 0 0 7016899739400 0
23795005420007711 0 0 7636037951700 1
124680 0 0 40 1
185496 0 0 48 0
208683 0 0 54 1
231930 0 0 60 1
176 7 3 14 10 135 0
0 95 27 11
17 93 85 47
41 48 44 67
63 64 91 4
107 53 0 88
4294967294 40 65 32
4294967295 12 64 30
3 0 7 374629387 0 0 231830 0 17 41
3 0 7 1352458558 0 0 950825 0 17 63
3 0 7 982992802 0 0 673767 0 17 4294967294
2 1 3 4211 0 0 2 0 107 41
3 0 7 1329357950 0 0 915699 0 41 4294967294
3 0 7 212681069 0 0 152506 0 63 4294967294
2 1 3 8619 0 0 4 0 4294967295 4294967294
2 1 3 5253 0 0 2 17 107 41
3 0 7 6098251730 0 0 5660979 17 41 4294967294
3 0 7 1191197939 0 0 1277310 17 63 4294967294
2 1 3 3217 0 0 2 41 63 4294967294
2 1 3 3765 0 0 2 107 4294967294 41
2 1 3 3065 0 0 4 41 4294967295 4294967294
2 1 3 4109 0 0 4 63 4294967295 4294967294
3 1 7 25792366578 0 0 9404027 0 17 107 41
4 0 15 992684161299 0 0 612463504 0 17 41 4294967294
4 0 15 124951062994 0 0 83049135 0 17 63 4294967294
3 1 7 77845177650 0 0 32936219 0 107 4294967294 41
3 1 7 14883470199 0 0 6906644 0 41 4294967295 4294967294
3 1 7 90415697463 0 0 41783500 0 63 4294967295 4294967294
3 1 7 18003869726 0 0 11153355 17 41 63 4294967294
3 1 7 67916089530 0 0 25805579 17 107 4294967294 41
3 1 7 8103034289 0 0 4982874 41 63 4294967295 4294967294
2 2 3 9141 0 0 4 107 4294967295 41 4294967294
0 0 0 1 0
0 0 0 1 1
1 0 0 1 1
789 0 0 4 0
789 0 0 4 1
198 0 0 1 1
865 0 0 2 0
865 0 0 2 1
433 0 0 1 1
509 0 0 1 0
509 0 0 1 1
510 0 0 1 1
1201 0 0 2 0
1201 0 0 2 1
601 0 0 1 1
1363 0 0 2 0
1363 0 0 2 1
682 0 0 1 1
3065 0 0 4 0
3065 0 0 4 1
767 0 0 1 1
1717 0 0 2 0
1717 0 0 2 1
859 0 0 1 1
1191197939 0 0 1277310 0
1191197939 0 0 1277310 1
933 0 0 1 1
2053 0 0 2 0
2053 0 0 2 1
1027 0 0 1 1
4109 0 0 4 0
4109 0 0 4 1
1028 0 0 1 1
6098251730 0 0 5660979 0
6098251730 0 0 5660979 1
1078 0 0 1 1
1166 0 0 1 0
1166 0 0 1 1
1167 0 0 1 1
2455 0 0 2 0
2455 0 0 2 1
1228 0 0 1 1
2553 0 0 2 0
2553 0 0 2 1
1277 0 0 1 1
212681069 0 0 152506 0
212681069 0 0 152506 1
1395 0 0 1 1
2817 0 0 2 0
2817 0 0 2 1
1409 0 0 1 1
1352458558 0 0 950825 0
1352458558 0 0 950825 1
1423 0 0 1 1
1329357950 0 0 915699 0
1329357950 0 0 915699 1
1452 0 0 1 1
982992802 0 0 673767 0
982992802 0 0 673767 1
1459 0 0 1 1
124951062994 0 0 83049135 0
124951062994 0 0 83049135 1
1505 0 0 1 1
3217 0 0 2 0
3217 0 0 2 1
1609 0 0 1 1
18003869726 0 0 11153355 0
18003869726 0 0 11153355 1
1615 0 0 1 1
374629387 0 0 231830 0
374629387 0 0 231830 1
1616 0 0 1 1
992684161299 0 0 612463504 0
992684161299 0 0 612463504 1
1621 0 0 1 1
8103034289 0 0 4982874 0
8103034289 0 0 4982874 1
1627 0 0 1 1
7291 0 0 4 0
7291 0 0 4 1
1823 0 0 1 1
3765 0 0 2 0
3765 0 0 2 1
1883 0 0 1 1
46272047634 0 0 24131795 0
46272047634 0 0 24131795 1
1918 0 0 1 1
4211 0 0 2 0
4211 0 0 2 1
2106 0 0 1 1
8619 0 0 4 0
8619 0 0 4 1
17239 0 0 8 1
14883470199 0 0 6906644 0
14883470199 0 0 6906644 1
2155 0 0 1 1
90415697463 0 0 41783500 0
90415697463 0 0 41783500 1
2164 0 0 1 1
58590454146543 0 0 27027422420 0
58590454146543 0 0 27027422420 1
2168 0 0 1 1
9141 0 0 4 0
9141 0 0 4 1
2286 0 0 1 1
36636378207 0 0 15611500 0
36636378207 0 0 15611500 1
2347 0 0 1 1
77845177650 0 0 32936219 0
77845177650 0 0 32936219 1
2364 0 0 1 1
5253 0 0 2 0
5253 0 0 2 1
2627 0 0 1 1
67916089530 0 0 25805579 0
67916089530 0 0 25805579 1
2632 0 0 1 1
25792366578 0 0 9404027 0
25792366578 0 0 9404027 1
10971 0 0 4 1
15264322396121 0 0 5565309201 0
15264322396121 0 0 5565309201 1
2743 0 0 1 1
331769020869 0 0 113973436 0
331769020869 0 0 113973436 1
2911 0 0 1 1
350096853843 0 0 115735324 0
350096853843 0 0 115735324 1
3025 0 0 1 1
643108254594803 0 0 206379404100 0
643108254594803 0 0 206379404100 1
3117 0 0 1 1
7729 0 0 2 0
7729 0 0 2 1
7731 0 0 2 1
177 7 3 14 10 135 0
4294967295 12 64 30
4294967294 40 65 32
107 53 0 88
63 64 91 4
41 48 44 67
17 93 85 47
0 95 27 11
2 1 3 61635 0 0 60 63 4294967295 4294967294
2 1 3 24520 0 0 32 41 4294967295 4294967294
2 1 3 67770 0 0 36 107 4294967294 41
2 1 3 35387 0 0 22 41 63 4294967294
3 0 7 4764791756 0 0 5109240 17 63 4294967294
3 0 7 85375524220 0 0 79253706 17 41 4294967294
2 1 3 36771 0 0 14 17 107 41
2 1 3 146523 0 0 68 0 4294967295 4294967294
3 0 7 2126810690 0 0 1525060 0 63 4294967294
3 0 7 3988073850 0 0 2747097 0 41 4294967294
2 1 3 54743 0 0 26 0 107 41
3 0 7 5897956812 0 0 4042602 0 17 4294967294
3 0 7 21639336928 0 0 15213200 0 17 63
3 0 7 3371664483 0 0 2086470 0 17 41
2 2 3 63987 0 0 28 107 4294967295 41 4294967294
3 1 7 137751582913 0 0 84708858 41 63 4294967295 4294967294
3 1 7 679160895300 0 0 258055790 17 107 4294967294 41
3 1 7 54011609178 0 0 33460065 17 41 63 4294967294
3 1 7 1175404067019 0 0 543185500 0 63 4294967295 4294967294
3 1 7 89300821194 0 0 41439864 0 41 4294967295 4294967294
3 1 7 1245522842400 0 0 526979504 0 107 4294967294 41
4 0 15 1124559566946 0 0 747442215 0 17 63 4294967294
4 0 15 1985368322598 0 0 1224927008 0 17 41 4294967294
3 1 7 309508398936 0 0 112848324 0 17 107 41
0 0 0 29 0
0 0 0 32 1
35 0 0 35 1
29982 0 0 152 0
32349 0 0 164 1
4950 0 0 25 1
24220 0 0 56 0
26815 0 0 62 1
14722 0 0 34 1
18833 0 0 37 0
20360 0 0 40 1
12240 0 0 24 1
32427 0 0 54 0
36030 0 0 60 1
19833 0 0 33 1
49068 0 0 72 0
53157 0 0 78 1
15686 0 0 23 1
79690 0 0 104 0
88885 0 0 116 1
24544 0 0 32 1
60095 0 0 70 0
65246 0 0 76 1
35219 0 0 41 1
29779948475 0 0 31932750 0
33353542292 0 0 35764680 1
28923 0 0 31 1
69802 0 0 68 0
75961 0 0 74 1
41080 0 0 40 1
98616 0 0 96 0
110943 0 0 108 1
30840 0 0 30 1
201242307090 0 0 186812307 0
219537062280 0 0 203795244 1
42042 0 0 39 1
26818 0 0 23 0
30316 0 0 26 1
33843 0 0 29 1
78560 0 0 64 0
85925 0 0 70 1
46664 0 0 38 1
104673 0 0 82 0
63825 0 0 50 1
35756 0 0 28 1
6593113139 0 0 4727686 0
7231156346 0 0 5185204 1
51615 0 0 37 1
112680 0 0 80 0
67608 0 0 48 1
38043 0 0 27 1
40573756740 0 0 28524750 0
44631132414 0 0 31377225 1
51228 0 0 36 1
51844960050 0 0 35712261 0
30575232850 0 0 21061077 1
37752 0 0 26 1
28506791258 0 0 19539243 0
31455769664 0 0 21560544 1
51065 0 0 35 1
4748140393772 0 0 3155867130 0
5122993582754 0 0 3405014535 1
37625 0 0 25 1
90076 0 0 56 0
99727 0 0 62 1
54706 0 0 34 1
666143179862 0 0 412674135 0
720154789040 0 0 446134200 1
38760 0 0 24 1
10114993449 0 0 6259410 0
11238881610 0 0 6954900 1
53328 0 0 33 1
35736629806764 0 0 22048686144 0
38714682290661 0 0 23886076656 1
37283 0 0 23 1
210678891514 0 0 129554724 0
234987994381 0 0 144503346 1
52064 0 0 32 1
255185 0 0 140 0
277058 0 0 152 1
74743 0 0 41 1
94125 0 0 50 0
105420 0 0 56 1
58373 0 0 31 1
1573249619556 0 0 820481030 0
1712065762458 0 0 892876415 1
76720 0 0 40 1
101064 0 0 48 0
113697 0 0 54 1
63180 0 0 30 1
284427 0 0 132 0
310284 0 0 144 1
672321 0 0 312 1
342319814577 0 0 158852812 0
386970225174 0 0 179572744 1
62495 0 0 29 1
2893302318816 0 0 1337072000 0
3164549411205 0 0 1462422500 1
82232 0 0 38 1
2402208620008263 0 0 1108124319220 0
1464761353663575 0 0 675685560500 1
60704 0 0 28 1
283371 0 0 124 0
310794 0 0 136 1
84582 0 0 37 1
1465455128280 0 0 624460000 0
879273076968 0 0 374676000 1
63369 0 0 27 1
2335355329500 0 0 988086570 0
2568890862450 0 0 1086895227 1
85104 0 0 36 1
204867 0 0 78 0
120819 0 0 46 1
68302 0 0 26 1
1969566596370 0 0 748361791 0
2173314864960 0 0 825778528 1
92120 0 0 35 1
980109929964 0 0 357353026 0
1057487029698 0 0 385565107 1
274275 0 0 100 1
427401027091388 0 0 155828657628 0
473193994279751 0 0 172524585231 1
93262 0 0 34 1
12275453772153 0 0 4217017132 0
13270760834760 0 0 4558937440 1
69864 0 0 24 1
9452615053761 0 0 3124853748 0
10502905615290 0 0 3472059720 1
99825 0 0 33 1
23151897165412908 0 0 7429658547600 0
25081221929197317 0 0 8048796759900 1
71691 0 0 23 1
200954 0 0 52 0
224141 0 0 58 1
247392 0 0 64 1
178 7 4 10 6 135 0
0 95 27 11
17 93 85 47
41 48 44 67
63 64 91 4
107 53 0 88
4294967294 40 65 32
4294967295 12 64 30
3 1 7 25792366578 0 0 9404027 0 17 107 41
4 0 15 992684161299 0 0 612463504 0 17 41 4294967294
4 0 15 124951062994 0 0 83049135 0 17 63 4294967294
3 1 7 77845177650 0 0 32936219 0 107 4294967294 41
3 1 7 14883470199 0 0 6906644 0 41 4294967295 4294967294
3 1 7 90415697463 0 0 41783500 0 63 4294967295 4294967294
3 1 7 18003869726 0 0 11153355 17 41 63 4294967294
3 1 7 67916089530 0 0 25805579 17 107 4294967294 41
3 1 7 8103034289 0 0 4982874 41 63 4294967295 4294967294
2 2 3 9141 0 0 4 107 4294967295 41 4294967294
3 2 7 46272047634 0 0 24131795 0 41 63 17 4294967294
4 1 15 15264322396121 0 0 5565309201 0 17 107 4294967294 41
4 1 15 58590454146543 0 0 27027422420 0 41 63 4294967295 4294967294
3 2 7 331769020869 0 0 113973436 0 107 4294967295 41 4294967294
2 3 3 7291 0 0 4 17 4294967295 41 63 4294967294
3 2 7 350096853843 0 0 115735324 17 107 4294967295 41 4294967294
0 0 0 1 0
0 0 0 1 1
1 0 0 1 1
789 0 0 4 0
789 0 0 4 1
198 0 0 1 1
865 0 0 2 0
865 0 0 2 1
433 0 0 1 1
509 0 0 1 0
509 0 0 1 1
510 0 0 1 1
1201 0 0 2 0
1201 0 0 2 1
601 0 0 1 1
1363 0 0 2 0
1363 0 0 2 1
682 0 0 1 1
3065 0 0 4 0
3065 0 0 4 1
767 0 0 1 1
1717 0 0 2 0
1717 0 0 2 1
859 0 0 1 1
1191197939 0 0 1277310 0
1191197939 0 0 1277310 1
933 0 0 1 1
2053 0 0 2 0
2053 0 0 2 1
1027 0 0 1 1
4109 0 0 4 0
4109 0 0 4 1
1028 0 0 1 1
6098251730 0 0 5660979 0
6098251730 0 0 5660979 1
1078 0 0 1 1
1166 0 0 1 0
1166 0 0 1 1
1167 0 0 1 1
2455 0 0 2 0
2455 0 0 2 1
1228 0 0 1 1
2553 0 0 2 0
2553 0 0 2 1
1277 0 0 1 1
212681069 0 0 152506 0
212681069 0 0 152506 1
1395 0 0 1 1
2817 0 0 2 0
2817 0 0 2 1
1409 0 0 1 1
1352458558 0 0 950825 0
1352458558 0 0 950825 1
1423 0 0 1 1
1329357950 0 0 915699 0
1329357950 0 0 915699 1
1452 0 0 1 1
982992802 0 0 673767 0
982992802 0 0 673767 1
1459 0 0 1 1
124951062994 0 0 83049135 0
124951062994 0 0 83049135 1
1505 0 0 1 1
3217 0 0 2 0
3217 0 0 2 1
1609 0 0 1 1
18003869726 0 0 11153355 0
18003869726 0 0 11153355 1
1615 0 0 1 1
374629387 0 0 231830 0
374629387 0 0 231830 1
1616 0 0 1 1
992684161299 0 0 612463504 0
992684161299 0 0 612463504 1
1621 0 0 1 1
8103034289 0 0 4982874 0
8103034289 0 0 4982874 1
1627 0 0 1 1
7291 0 0 4 0
7291 0 0 4 1
1823 0 0 1 1
3765 0 0 2 0
3765 0 0 2 1
1883 0 0 1 1
46272047634 0 0 24131795 0
46272047634 0 0 24131795 1
1918 0 0 1 1
4211 0 0 2 0
4211 0 0 2 1
2106 0 0 1 1
8619 0 0 4 0
8619 0 0 4 1
17239 0 0 8 1
14883470199 0 0 6906644 0
14883470199 0 0 6906644 1
2155 0 0 1 1
90415697463 0 0 41783500 0
90415697463 0 0 41783500 1
2164 0 0 1 1
58590454146543 0 0 27027422420 0
58590454146543 0 0 27027422420 1
2168 0 0 1 1
9141 0 0 4 0
9141 0 0 4 1
2286 0 0 1 1
36636378207 0 0 15611500 0
36636378207 0 0 15611500 1
2347 0 0 1 1
77845177650 0 0 32936219 0
77845177650 0 0 32936219 1
2364 0 0 1 1
5253 0 0 2 0
5253 0 0 2 1
2627 0 0 1 1
67916089530 0 0 25805579 0
67916089530 0 0 25805579 1
2632 0 0 1 1
25792366578 0 0 9404027 0
25792366578 0 0 9404027 1
10971 0 0 4 1
15264322396121 0 0 5565309201 0
15264322396121 0 0 5565309201 1
2743 0 0 1 1
331769020869 0 0 113973436 0
331769020869 0 0 113973436 1
2911 0 0 1 1
350096853843 0 0 115735324 0
350096853843 0 0 115735324 1
3025 0 0 1 1
643108254594803 0 0 206379404100 0
643108254594803 0 0 206379404100 1
3117 0 0 1 1
7729 0 0 2 0
7729 0 0 2 1
7731 0 0 2 1
179 7 4 10 6 135 0
4294967295 12 64 30
4294967294 40 65 32
107 53 0 88
63 64 91 4
41 48 44 67
17 93 85 47
0 95 27 11
2 2 3 54846 0 0 24 107 4294967295 41 4294967294
3 1 7 129648548624 0 0 79725984 41 63 4294967295 4294967294
3 1 7 611244805770 0 0 232250211 17 107 4294967294 41
3 1 7 36007739452 0 0 22306710 17 41 63 4294967294
3 1 7 1084988369556 0 0 501402000 0 63 4294967295 4294967294
3 1 7 74417350995 0 0 34533220 0 41 4294967295 4294967294
3 1 7 1167677664750 0 0 494043285 0 107 4294967294 41
4 0 15 999608503952 0 0 664393080 0 17 63 4294967294
4 0 15 17868314903382 0 0 11024343072 0 17 41 4294967294
3 1 7 283716032358 0 0 103444297 0 17 107 41
3 2 7 5251452807645 0 0 1736029860 17 107 4294967295 41 4294967294
2 3 3 58328 0 0 32 17 4294967295 41 63 4294967294
3 2 7 5971842375642 0 0 2051521848 0 107 4294967295 41 4294967294
4 1 15 644494995611973 0 0 297301646620 0 41 63 4294967295 4294967294
4 1 15 61057289584484 0 0 22261236804 0 17 107 4294967294 41
3 2 7 647808666876 0 0 337845130 0 41 63 17 4294967294
0 0 0 31 0
0 0 0 34 1
37 0 0 37 1
31560 0 0 160 0
18936 0 0 96 1
5346 0 0 27 1
25950 0 0 60 0
28545 0 0 66 1
15588 0 0 36 1
19851 0 0 39 0
11707 0 0 23 1
13260 0 0 26 1
34829 0 0 58 0
38432 0 0 64 1
21035 0 0 35 1
51794 0 0 76 0
55883 0 0 82 1
17050 0 0 25 1
85820 0 0 112 0
95015 0 0 124 1
26078 0 0 34 1
63529 0 0 74 0
68680 0 0 80 1
20616 0 0 24 1
32162344353 0 0 34487370 0
35735938170 0 0 38319300 1
30789 0 0 33 1
73908 0 0 72 0
80067 0 0 78 1
23621 0 0 23 1
106834 0 0 104 0
119161 0 0 116 1
32896 0 0 32 1
213438810550 0 0 198134265 0
231733565740 0 0 215117202 1
44198 0 0 41 1
29150 0 0 25 0
32648 0 0 28 1
36177 0 0 31 1
83470 0 0 68 0
90835 0 0 74 1
49120 0 0 40 1
61272 0 0 48 0
68931 0 0 54 1
38310 0 0 30 1
7018475277 0 0 5032698 0
7656518484 0 0 5490216 1
54405 0 0 39 1
64791 0 0 46 0
73242 0 0 52 1
40861 0 0 29 1
43278673856 0 0 30426400 0
47336049530 0 0 33278875 1
54074 0 0 38 1
54503675950 0 0 37543659 0
33233948750 0 0 22892475 1
40656 0 0 28 1
30472776862 0 0 20886777 0
33421755268 0 0 22908078 1
53983 0 0 37 1
4998042519760 0 0 3321965400 0
2998825511856 0 0 1993179240 1
40635 0 0 27 1
96510 0 0 60 0
106161 0 0 66 1
57924 0 0 36 1
702150919314 0 0 434980845 0
414089003698 0 0 256527165 1
41990 0 0 26 1
10864252223 0 0 6723070 0
11988140384 0 0 7418560 1
56560 0 0 35 1
37721998129362 0 0 23273613152 0
40700050613259 0 0 25111003664 1
40525 0 0 25 1
226884960092 0 0 139520472 0
251194062959 0 0 154469094 1
55318 0 0 34 1
269767 0 0 148 0
291640 0 0 160 1
43752 0 0 24 1
101655 0 0 54 0
112950 0 0 60 1
62139 0 0 33 1
1665793714824 0 0 868744620 0
1804609857726 0 0 941140005 1
44114 0 0 23 1
109486 0 0 52 0
122119 0 0 58 1
67392 0 0 32 1
301665 0 0 140 0
327522 0 0 152 1
706799 0 0 328 1
372086754975 0 0 172666100 0
416737165572 0 0 193386032 1
66805 0 0 31 1
3074133713742 0 0 1420639000 0
3345380806131 0 0 1545989500 1
86560 0 0 40 1
1406170899517032 0 0 648658138080 0
1581942261956661 0 0 729740405340 1
65040 0 0 30 1
301653 0 0 132 0
329076 0 0 144 1
89154 0 0 39 1
842636698761 0 0 359064500 0
952545833382 0 0 405899000 1
68063 0 0 29 1
2491045684800 0 0 1053959008 0
2724581217750 0 0 1152767665 1
89832 0 0 38 1
215373 0 0 82 0
131325 0 0 50 1
73556 0 0 28 1
2105398775430 0 0 799972949 0
2309147044020 0 0 877389686 1
97384 0 0 37 1
1031694663120 0 0 376161080 0
619016797872 0 0 225696648 1
296217 0 0 108 1
457929671883630 0 0 166959276030 0
503722639071993 0 0 183655203633 1
98748 0 0 36 1
12938991813891 0 0 4444964004 0
7630687479987 0 0 2621389028 1
75686 0 0 26 1
10152808761447 0 0 3356324396 0
11203099322976 0 0 3703530368 1
105875 0 0 35 1
24438113674602514 0 0 7842417355800 0
26367438438386923 0 0 8461555568100 1
77925 0 0 25 1
216412 0 0 56 0
239599 0 0 62 1
262854 0 0 68 1
180 7 5 6 2 135 0
0 95 27 11
17 93 85 47
41 48 44 67
63 64 91 4
107 53 0 88
4294967294 40 65 32
4294967295 12 64 30
3 2 7 46272047634 0 0 24131795 0 41 63 17 4294967294
4 1 15 15264322396121 0 0 5565309201 0 17 107 4294967294 41
4 1 15 58590454146543 0 0 27027422420 0 41 63 4294967295 4294967294
3 2 7 331769020869 0 0 113973436 0 107 4294967295 41 4294967294
2 3 3 7291 0 0 4 17 4294967295 41 63 4294967294
3 2 7 350096853843 0 0 115735324 17 107 4294967295 41 4294967294
3 3 7 36636378207 0 0 15611500 0 17 4294967295 41 63 4294967294
4 2 15 643108254594803 0 0 206379404100 0 17 107 4294967295 41 4294967294
0 0 0 1 0
0 0 0 1 1
1 0 0 1 1
789 0 0 4 0
789 0 0 4 1
198 0 0 1 1
865 0 0 2 0
865 0 0 2 1
433 0 0 1 1
509 0 0 1 0
509 0 0 1 1
510 0 0 1 1
1201 0 0 2 0
1201 0 0 2 1
601 0 0 1 1
1363 0 0 2 0
1363 0 0 2 1
682 0 0 1 1
3065 0 0 4 0
3065 0 0 4 1
767 0 0 1 1
1717 0 0 2 0
1717 0 0 2 1
859 0 0 1 1
1191197939 0 0 1277310 0
1191197939 0 0 1277310 1
933 0 0 1 1
2053 0 0 2 0
2053 0 0 2 1
1027 0 0 1 1
4109 0 0 4 0
4109 0 0 4 1
1028 0 0 1 1
6098251730 0 0 5660979 0
6098251730 0 0 5660979 1
1078 0 0 1 1
1166 0 0 1 0
1166 0 0 1 1
1167 0 0 1 1
2455 0 0 2 0
2455 0 0 2 1
1228 0 0 1 1
2553 0 0 2 0
2553 0 0 2 1
1277 0 0 1 1
212681069 0 0 152506 0
212681069 0 0 152506 1
1395 0 0 1 1
2817 0 0 2 0
2817 0 0 2 1
1409 0 0 1 1
1352458558 0 0 950825 0
1352458558 0 0 950825 1
1423 0 0 1 1
1329357950 0 0 915699 0
1329357950 0 0 915699 1
1452 0 0 1 1
982992802 0 0 673767 0
982992802 0 0 673767 1
1459 0 0 1 1
124951062994 0 0 83049135 0
124951062994 0 0 83049135 1
1505 0 0 1 1
3217 0 0 2 0
3217 0 0 2 1
1609 0 0 1 1
18003869726 0 0 11153355 0
18003869726 0 0 11153355 1
1615 0 0 1 1
374629387 0 0 231830 0
374629387 0 0 231830 1
1616 0 0 1 1
992684161299 0 0 612463504 0
992684161299 0 0 612463504 1
1621 0 0 1 1
8103034289 0 0 4982874 0
8103034289 0 0 4982874 1
1627 0 0 1 1
7291 0 0 4 0
7291 0 0 4 1
1823 0 0 1 1
3765 0 0 2 0
3765 0 0 2 1
1883 0 0 1 1
46272047634 0 0 24131795 0
46272047634 0 0 24131795 1
1918 0 0 1 1
4211 0 0 2 0
4211 0 0 2 1
2106 0 0 1 1
8619 0 0 4 0
8619 0 0 4 1
17239 0 0 8 1
14883470199 0 0 6906644 0
14883470199 0 0 6906644 1
2155 0 0 1 1
90415697463 0 0 41783500 0
90415697463 0 0 41783500 1
2164 0 0 1 1
58590454146543 0 0 27027422420 0
58590454146543 0 0 27027422420 1
2168 0 0 1 1
9141 0 0 4 0
9141 0 0 4 1
2286 0 0 1 1
36636378207 0 0 15611500 0
36636378207 0 0 15611500 1
2347 0 0 1 1
77845177650 0 0 32936219 0
77845177650 0 0 32936219 1
2364 0 0 1 1
5253 0 0 2 0
5253 0 0 2 1
2627 0 0 1 1
67916089530 0 0 25805579 0
67916089530 0 0 25805579 1
2632 0 0 1 1
25792366578 0 0 9404027 0
25792366578 0 0 9404027 1
10971 0 0 4 1
15264322396121 0 0 5565309201 0
15264322396121 0 0 5565309201 1
2743 0 0 1 1
331769020869 0 0 113973436 0
331769020869 0 0 113973436 1
2911 0 0 1 1
350096853843 0 0 115735324 0
350096853843 0 0 115735324 1
3025 0 0 1 1
643108254594803 0 0 206379404100 0
643108254594803 0 0 206379404100 1
3117 0 0 1 1
7729 0 0 2 0
7729 0 0 2 1
7731 0 0 2 1
181 7 5 6 2 135 0
4294967295 12 64 30
4294967294 40 65 32
107 53 0 88
63 64 91 4
41 48 44 67
17 93 85 47
0 95 27 11
3 2 7 4901355953802 0 0 1620294536 17 107 4294967295 41 4294967294
2 3 3 51037 0 0 28 17 4294967295 41 63 4294967294
3 2 7 5640073354773 0 0 1937548412 0 107 4294967295 41 4294967294
4 1 15 585904541465430 0 0 270274224200 0 41 63 4294967295 4294967294
4 1 15 45792967188363 0 0 16695927603 0 17 107 4294967294 41
3 2 7 601536619242 0 0 313713335 0 41 63 17 4294967294
4 2 15 3858649527568818 0 0 1238276424600 0 17 107 4294967295 41 4294967294
3 3 7 586182051312 0 0 249784000 0 17 4294967295 41 63 4294967294
0 0 0 33 0
0 0 0 36 1
39 0 0 39 1
18147 0 0 92 0
20514 0 0 104 1
5742 0 0 29 1
27680 0 0 64 0
30275 0 0 70 1
16454 0 0 38 1
20869 0 0 41 0
12725 0 0 25 1
14280 0 0 28 1
37231 0 0 62 0
40834 0 0 68 1
22237 0 0 37 1
54520 0 0 80 0
32712 0 0 48 1
18414 0 0 27 1
91950 0 0 120 0
101145 0 0 132 1
27612 0 0 36 1
66963 0 0 78 0
39491 0 0 46 1
22334 0 0 26 1
34544740231 0 0 37041990 0
38118334048 0 0 40873920 1
32655 0 0 35 1
78014 0 0 76 0
84173 0 0 82 1
25675 0 0 25 1
115052 0 0 112 0
127379 0 0 124 1
34952 0 0 34 1
225635314010 0 0 209456223 0
243930069200 0 0 226439160 1
25872 0 0 24 1
31482 0 0 27 0
34980 0 0 30 1
38511 0 0 33 1
88380 0 0 72 0
95745 0 0 78 1
28244 0 0 23 1
66378 0 0 52 0
74037 0 0 58 1
40864 0 0 32 1
7443837415 0 0 5337710 0
8081880622 0 0 5795228 1
57195 0 0 41 1
70425 0 0 50 0
78876 0 0 56 1
43679 0 0 31 1
45983590972 0 0 32328050 0
50040966646 0 0 35180525 1
56920 0 0 40 1
31904590800 0 0 21976776 0
35892664650 0 0 24723873 1
43560 0 0 30 1
32438762466 0 0 22234311 0
35387740872 0 0 24255612 1
56901 0 0 39 1
2873874448862 0 0 1910130105 0
3248727637844 0 0 2159277510 1
43645 0 0 29 1
102944 0 0 64 0
112595 0 0 70 1
61142 0 0 38 1
738158658766 0 0 457287555 0
450096743150 0 0 278833875 1
45220 0 0 28 1
11613510997 0 0 7186730 0
12737399158 0 0 7882220 1
59792 0 0 37 1
39707366451960 0 0 24498540160 0
23824419871176 0 0 14699124096 1
43767 0 0 27 1
243091028670 0 0 149486220 0
267400131537 0 0 164434842 1
58572 0 0 36 1
284349 0 0 156 0
167693 0 0 92 1
47398 0 0 26 1
109185 0 0 58 0
120480 0 0 64 1
65905 0 0 35 1
1758337810092 0 0 917008210 0
1897153952994 0 0 989403595 1
47950 0 0 25 1
117908 0 0 56 0
130541 0 0 62 1
71604 0 0 34 1
318903 0 0 148 0
344760 0 0 160 1
413736 0 0 192 1
401853695373 0 0 186479388 0
446504105970 0 0 207199320 1
71115 0 0 33 1
3254965108668 0 0 1504206000 0
3526212201057 0 0 1629556500 1
49772 0 0 23 1
1523351807810118 0 0 702712982920 0
1699123170249747 0 0 783795250180 1
69376 0 0 32 1
319935 0 0 140 0
347358 0 0 152 1
93726 0 0 41 1
915909455175 0 0 390287500 0
1025818589796 0 0 437122000 1
72757 0 0 31 1
2646736040100 0 0 1119831446 0
2880271573050 0 0 1218640103 1
94560 0 0 40 1
126072 0 0 48 0
141831 0 0 54 1
78810 0 0 30 1
2241230954490 0 0 851584107 0
2444979223080 0 0 929000844 1
102648 0 0 39 1
593224431294 0 0 216292621 0
670601531028 0 0 244504702 1
318159 0 0 116 1
488458316675872 0 0 178089894432 0
534251283864235 0 0 194785822035 1
104234 0 0 38 1
13602529855629 0 0 4672910876 0
8294225521725 0 0 2849335900 1
81508 0 0 28 1
10853002469133 0 0 3587795044 0
11903293030662 0 0 3935001016 1
111925 0 0 37 1
25724330183792120 0 0 8255176164000 0
15434598110275272 0 0 4953105698400 1
84159 0 0 27 1
231870 0 0 60 0
255057 0 0 66 1
278316 0 0 72 1
182 7 6 2 1 135 0
0 95 27 11
17 93 85 47
41 48 44 67
63 64 91 4
107 53 0 88
4294967294 40 65 32
4294967295 12 64 30
3 3 7 36636378207 0 0 15611500 0 17 4294967295 41 63 4294967294
4 2 15 643108254594803 0 0 206379404100 0 17 107 4294967295 41 4294967294
2 5 3 7729 0 0 2 63 107 0 17 41 4294967294 4294967295
0 0 0 1 0
0 0 0 1 1
1 0 0 1 1
789 0 0 4 0
789 0 0 4 1
198 0 0 1 1
865 0 0 2 0
865 0 0 2 1
433 0 0 1 1
509 0 0 1 0
509 0 0 1 1
510 0 0 1 1
1201 0 0 2 0
1201 0 0 2 1
601 0 0 1 1
1363 0 0 2 0
1363 0 0 2 1
682 0 0 1 1
3065 0 0 4 0
3065 0 0 4 1
767 0 0 1 1
1717 0 0 2 0
1717 0 0 2 1
859 0 0 1 1
1191197939 0 0 1277310 0
1191197939 0 0 1277310 1
933 0 0 1 1
2053 0 0 2 0
2053 0 0 2 1
1027 0 0 1 1
4109 0 0 4 0
4109 0 0 4 1
1028 0 0 1 1
6098251730 0 0 5660979 0
6098251730 0 0 5660979 1
1078 0 0 1 1
1166 0 0 1 0
1166 0 0 1 1
1167 0 0 1 1
2455 0 0 2 0
2455 0 0 2 1
1228 0 0 1 1
2553 0 0 2 0
2553 0 0 2 1
1277 0 0 1 1
212681069 0 0 152506 0
212681069 0 0 152506 1
1395 0 0 1 1
2817 0 0 2 0
2817 0 0 2 1
1409 0 0 1 1
1352458558 0 0 950825 0
1352458558 0 0 950825 1
1423 0 0 1 1
1329357950 0 0 915699 0
1329357950 0 0 915699 1
1452 0 0 1 1
982992802 0 0 673767 0
982992802 0 0 673767 1
1459 0 0 1 1
124951062994 0 0 83049135 0
124951062994 0 0 83049135 1
1505 0 0 1 1
3217 0 0 2 0
3217 0 0 2 1
1609 0 0 1 1
18003869726 0 0 11153355 0
18003869726 0 0 11153355 1
1615 0 0 1 1
374629387 0 0 231830 0
374629387 0 0 231830 1
1616 0 0 1 1
992684161299 0 0 612463504 0
992684161299 0 0 612463504 1
1621 0 0 1 1
8103034289 0 0 4982874 0
8103034289 0 0 4982874 1
1627 0 0 1 1
7291 0 0 4 0
7291 0 0 4 1
1823 0 0 1 1
3765 0 0 2 0
3765 0 0 2 1
1883 0 0 1 1
46272047634 0 0 24131795 0
46272047634 0 0 24131795 1
1918 0 0 1 1
4211 0 0 2 0
4211 0 0 2 1
2106 0 0 1 1
8619 0 0 4 0
8619 0 0 4 1
17239 0 0 8 1
14883470199 0 0 6906644 0
14883470199 0 0 6906644 1
2155 0 0 1 1
90415697463 0 0 41783500 0
90415697463 0 0 41783500 1
2164 0 0 1 1
58590454146543 0 0 27027422420 0
58590454146543 0 0 27027422420 1
2168 0 0 1 1
9141 0 0 4 0
9141 0 0 4 1
2286 0 0 1 1
36636378207 0 0 15611500 0
36636378207 0 0 15611500 1
2347 0 0 1 1
77845177650 0 0 32936219 0
77845177650 0 0 32936219 1
2364 0 0 1 1
5253 0 0 2 0
5253 0 0 2 1
2627 0 0 1 1
67916089530 0 0 25805579 0
67916089530 0 0 25805579 1
2632 0 0 1 1
25792366578 0 0 9404027 0
25792366578 0 0 9404027 1
10971 0 0 4 1
15264322396121 0 0 5565309201 0
15264322396121 0 0 5565309201 1
2743 0 0 1 1
331769020869 0 0 113973436 0
331769020869 0 0 113973436 1
2911 0 0 1 1
350096853843 0 0 115735324 0
350096853843 0 0 115735324 1
3025 0 0 1 1
643108254594803 0 0 206379404100 0
643108254594803 0 0 206379404100 1
3117 0 0 1 1
7729 0 0 2 0
7729 0 0 2 1
7731 0 0 2 1
183 7 6 2 1 135 0
4294967295 12 64 30
4294967294 40 65 32
107 53 0 88
63 64 91 4
41 48 44 67
17 93 85 47
0 95 27 11
4 2 15 3215541272974015 0 0 1031897020500 0 17 107 4294967295 41 4294967294
3 3 7 549545673105 0 0 234172500 0 17 4294967295 41 63 4294967294
2 5 3 139122 0 0 36 63 107 0 17 41 4294967294 4294967295
0 0 0 35 0
0 0 0 38 1
41 0 0 41 1
19725 0 0 100 0
22092 0 0 112 1
6138 0 0 31 1
29410 0 0 68 0
32005 0 0 74 1
17320 0 0 40 1
12216 0 0 24 0
13743 0 0 27 1
15300 0 0 30 1
39633 0 0 66 0
43236 0 0 72 1
23439 0 0 39 1
31349 0 0 46 0
35438 0 0 52 1
19778 0 0 29 1
98080 0 0 128 0
107275 0 0 140 1
29146 0 0 38 1
70397 0 0 82 0
42925 0 0 50 1
24052 0 0 28 1
36927136109 0 0 39596610 0
40500729926 0 0 43428540 1
34521 0 0 37 1
82120 0 0 80 0
49272 0 0 48 1
27729 0 0 27 1
123270 0 0 120 0
135597 0 0 132 1
37008 0 0 36 1
237831817470 0 0 220778181 0
140259789790 0 0 130202517 1
28028 0 0 26 1
33814 0 0 29 0
37312 0 0 32 1
40845 0 0 35 1
93290 0 0 76 0
100655 0 0 82 1
30700 0 0 25 1
71484 0 0 56 0
79143 0 0 62 1
43418 0 0 34 1
7869199553 0 0 5642722 0
8507242760 0 0 6100240 1
33480 0 0 24 1
76059 0 0 54 0
84510 0 0 60 1
46497 0 0 33 1
48688508088 0 0 34229700 0
52745883762 0 0 37082175 1
32729 0 0 23 1
34563306700 0 0 23808174 0
38551380550 0 0 26555271 1
46464 0 0 32 1
34404748070 0 0 23581845 0
37353726476 0 0 25603146 1
59819 0 0 41 1
3123776574850 0 0 2076228375 0
3498629763832 0 0 2325375780 1
46655 0 0 31 1
109378 0 0 68 0
119029 0 0 74 1
64360 0 0 40 1
432092873424 0 0 267680520 0
486104482602 0 0 301140585 1
48450 0 0 30 1
12362769771 0 0 7650390 0
13486657932 0 0 8345880 1
63024 0 0 39 1
22831735709877 0 0 14086660592 0
25809788193774 0 0 15924051104 1
47009 0 0 29 1
259297097248 0 0 159451968 0
283606200115 0 0 174400590 1
61826 0 0 38 1
298931 0 0 164 0
182275 0 0 100 1
51044 0 0 28 1
116715 0 0 62 0
128010 0 0 68 1
69671 0 0 37 1
1850881905360 0 0 965271800 0
1110529143216 0 0 579163080 1
51786 0 0 27 1
126330 0 0 60 0
138963 0 0 66 1
75816 0 0 36 1
336141 0 0 156 0
198237 0 0 92 1
448214 0 0 208 1
431620635771 0 0 200292676 0
476271046368 0 0 221012608 1
75425 0 0 35 1
3435796503594 0 0 1587773000 0
3707043595983 0 0 1713123500 1
54100 0 0 25 1
1640532716103204 0 0 756767827760 0
1816304078542833 0 0 837850095020 1
73712 0 0 34 1
338217 0 0 148 0
365640 0 0 160 1
54864 0 0 24 1
989182211589 0 0 421510500 0
1099091346210 0 0 468345000 1
77451 0 0 33 1
2802426395400 0 0 1185703884 0
3035961928350 0 0 1284512541 1
54372 0 0 23 1
136578 0 0 52 0
152337 0 0 58 1
84064 0 0 32 1
2377063133550 0 0 903195265 0
2580811402140 0 0 980612002 1
107912 0 0 41 1
644809164450 0 0 235100675 0
722186264184 0 0 263312756 1
340101 0 0 124 1
518986961468114 0 0 189220512834 0
564779928656477 0 0 205916440437 1
109720 0 0 40 1
7962456500856 0 0 2735362464 0
8957763563463 0 0 3077282772 1
87330 0 0 30 1
11553196176819 0 0 3819265692 0
12603486738348 0 0 4166471664 1
117975 0 0 39 1
14791489855680469 0 0 4746726294300 0
16720814619464878 0 0 5365864506600 1
90393 0 0 29 1
247328 0 0 64 0
270515 0 0 70 1
293778 0 0 76 1
184 7 7 1 0 135 0
0 95 27 11
17 93 85 47
41 48 44 67
63 64 91 4
107 53 0 88
4294967294 40 65 32
4294967295 12 64 30
2 5 3 7729 0 0 2 63 107 0 17 41 4294967294 4294967295
0 0 0 1 0
0 0 0 1 1
1 0 0 1 1
789 0 0 4 0
789 0 0 4 1
198 0 0 1 1
865 0 0 2 0
865 0 0 2 1
433 0 0 1 1
509 0 0 1 0
509 0 0 1 1
510 0 0 1 1
1201 0 0 2 0
1201 0 0 2 1
601 0 0 1 1
1363 0 0 2 0
1363 0 0 2 1
682 0 0 1 1
3065 0 0 4 0
3065 0 0 4 1
767 0 0 1 1
1717 0 0 2 0
1717 0 0 2 1
859 0 0 1 1
1191197939 0 0 1277310 0
1191197939 0 0 1277310 1
933 0 0 1 1
2053 0 0 2 0
2053 0 0 2 1
1027 0 0 1 1
4109 0 0 4 0
4109 0 0 4 1
1028 0 0 1 1
6098251730 0 0 5660979 0
6098251730 0 0 5660979 1
1078 0 0 1 1
1166 0 0 1 0
1166 0 0 1 1
1167 0 0 1 1
2455 0 0 2 0
2455 0 0 2 1
1228 0 0 1 1
2553 0 0 2 0
2553 0 0 2 1
1277 0 0 1 1
212681069 0 0 152506 0
212681069 0 0 152506 1
1395 0 0 1 1
2817 0 0 2 0
2817 0 0 2 1
1409 0 0 1 1
1352458558 0 0 950825 0
1352458558 0 0 950825 1
1423 0 0 1 1
1329357950 0 0 915699 0
1329357950 0 0 915699 1
1452 0 0 1 1
982992802 0 0 673767 0
982992802 0 0 673767 1
1459 0 0 1 1
124951062994 0 0 83049135 0
124951062994 0 0 83049135 1
1505 0 0 1 1
3217 0 0 2 0
3217 0 0 2 1
1609 0 0 1 1
18003869726 0 0 11153355 0
18003869726 0 0 11153355 1
1615 0 0 1 1
374629387 0 0 231830 0
374629387 0 0 231830 1
1616 0 0 1 1
992684161299 0 0 612463504 0
992684161299 0 0 612463504 1
1621 0 0 1 1
8103034289 0 0 4982874 0
8103034289 0 0 4982874 1
1627 0 0 1 1
7291 0 0 4 0
7291 0 0 4 1
1823 0 0 1 1
3765 0 0 2 0
3765 0 0 2 1
1883 0 0 1 1
46272047634 0 0 24131795 0
46272047634 0 0 24131795 1
1918 0 0 1 1
4211 0 0 2 0
4211 0 0 2 1
2106 0 0 1 1
8619 0 0 4 0
8619 0 0 4 1
17239 0 0 8 1
14883470199 0 0 6906644 0
14883470199 0 0 6906644 1
2155 0 0 1 1
90415697463 0 0 41783500 0
90415697463 0 0 41783500 1
2164 0 0 1 1
58590454146543 0 0 27027422420 0
58590454146543 0 0 27027422420 1
2168 0 0 1 1
9141 0 0 4 0
9141 0 0 4 1
2286 0 0 1 1
36636378207 0 0 15611500 0
36636378207 0 0 15611500 1
2347 0 0 1 1
77845177650 0 0 32936219 0
77845177650 0 0 32936219 1
2364 0 0 1 1
5253 0 0 2 0
5253 0 0 2 1
2627 0 0 1 1
67916089530 0 0 25805579 0
67916089530 0 0 25805579 1
2632 0 0 1 1
25792366578 0 0 9404027 0
25792366578 0 0 9404027 1
10971 0 0 4 1
15264322396121 0 0 5565309201 0
15264322396121 0 0 5565309201 1
2743 0 0 1 1
331769020869 0 0 113973436 0
331769020869 0 0 113973436 1
2911 0 0 1 1
350096853843 0 0 115735324 0
350096853843 0 0 115735324 1
3025 0 0 1 1
643108254594803 0 0 206379404100 0
643108254594803 0 0 206379404100 1
3117 0 0 1 1
7729 0 0 2 0
7729 0 0 2 1
7731 0 0 2 1
185 7 7 1 0 135 0
4294967295 12 64 30
4294967294 40 65 32
107 53 0 88
63 64 91 4
41 48 44 67
17 93 85 47
0 95 27 11
2 5 3 131393 0 0 34 63 107 0 17 41 4294967294 4294967295
0 0 0 37 0
0 0 0 40 1
24 0 0 24 1
21303 0 0 108 0
23670 0 0 120 1
6534 0 0 33 1
31140 0 0 72 0
33735 0 0 78 1
9959 0 0 23 1
13234 0 0 26 0
14761 0 0 29 1
16320 0 0 32 1
42035 0 0 70 0
45638 0 0 76 1
24641 0 0 41 1
34075 0 0 50 0
38164 0 0 56 1
21142 0 0 31 1
104210 0 0 136 0
113405 0 0 148 1
30680 0 0 40 1
41208 0 0 48 0
46359 0 0 54 1
25770 0 0 30 1
39309531987 0 0 42151230 0
42883125804 0 0 45983160 1
36387 0 0 39 1
47219 0 0 46 0
53378 0 0 52 1
29783 0 0 29 1
131488 0 0 128 0
143815 0 0 140 1
39064 0 0 38 1
250028320930 0 0 232100139 0
152456293250 0 0 141524475 1
30184 0 0 28 1
36146 0 0 31 0
39644 0 0 34 1
43179 0 0 37 1
98200 0 0 80 0
58920 0 0 48 1
33156 0 0 27 1
76590 0 0 60 0
84249 0 0 66 1
45972 0 0 36 1
8294561691 0 0 5947734 0
4891664587 0 0 3507638 1
36270 0 0 26 1
81693 0 0 58 0
90144 0 0 64 1
49315 0 0 35 1
51393425204 0 0 36131350 0
55450800878 0 0 38983825 1
35575 0 0 25 1
37222022600 0 0 25639572 0
41210096450 0 0 28386669 1
49368 0 0 34 1
36370733674 0 0 24929379 0
39319712080 0 0 26950680 1
35016 0 0 24 1
3373678700838 0 0 2242326645 0
3748531889820 0 0 2491474050 1
49665 0 0 33 1
115812 0 0 72 0
125463 0 0 78 1
37007 0 0 23 1
468100612876 0 0 289987230 0
522112222054 0 0 323447295 1
51680 0 0 32 1
13112028545 0 0 8114050 0
14235916706 0 0 8809540 1
66256 0 0 41 1
24817104032475 0 0 15311587600 0
27795156516372 0 0 17148978112 1
50251 0 0 31 1
275503165826 0 0 169417716 0
299812268693 0 0 184366338 1
65080 0 0 40 1
174984 0 0 96 0
196857 0 0 108 1
54690 0 0 30 1
124245 0 0 66 0
135540 0 0 72 1
73437 0 0 39 1
1064257095582 0 0 555031285 0
1203073238484 0 0 627426670 1
55622 0 0 29 1
134752 0 0 64 0
147385 0 0 70 1
80028 0 0 38 1
353379 0 0 164 0
215475 0 0 100 1
482692 0 0 224 1
461387576169 0 0 214105964 0
506037986766 0 0 234825896 1
79735 0 0 37 1
3616627898520 0 0 1671340000 0
2169976739112 0 0 1002804000 1
58428 0 0 27 1
1757713624396290 0 0 810822672600 0
1933484986835919 0 0 891904939860 1
78048 0 0 36 1
356499 0 0 156 0
210243 0 0 92 1
59436 0 0 26 1
1062454968003 0 0 452733500 0
1172364102624 0 0 499568000 1
82145 0 0 35 1
2958116750700 0 0 1251576322 0
3191652283650 0 0 1350384979 1
59100 0 0 25 1
147084 0 0 56 0
162843 0 0 62 1
89318 0 0 34 1
2512895312610 0 0 954806423 0
2716643581200 0 0 1032223160 1
63168 0 0 24 1
696393897606 0 0 253908729 0
773770997340 0 0 282120810 1
362043 0 0 132 1
549515606260356 0 0 200351131236 0
595308573448719 0 0 217047058839 1
63089 0 0 23 1
8625994542594 0 0 2963309336 0
9621301605201 0 0 3305229644 1
93152 0 0 32 1
12253389884505 0 0 4050736340 0
13303680446034 0 0 4397942312 1
124025 0 0 41 1
16077706364870075 0 0 5159485102500 0
18007031128654484 0 0 5778623314800 1
96627 0 0 31 1
262786 0 0 68 0
285973 0 0 74 1
309240 0 0 80 1
186 7 1 0 13 123 0
0 45 37 46
17 30 51 75
41 69 27 65
63 5 15 43
107 59 95 8
4294967294 75 80 71
4294967295 56 16 68
2 0 3 631 0 0 2 0 17
2 0 3 1037 0 0 4 0 41
2 0 3 2093 0 0 4 0 63
2 0 3 1251 0 0 1 0 107
2 0 3 1687 0 0 2 0 4294967294
2 0 3 523 0 0 2 0 4294967295
2 0 3 2197 0 0 4 17 41
2 0 3 2945 0 0 4 17 63
2 0 3 1441 0 0 2 17 4294967294
2 0 3 975 0 0 2 17 4294967295
2 0 3 2881 0 0 4 41 4294967294
2 0 3 299 0 0 4 41 4294967295
2 0 3 2225 0 0 2 107 4294967294
0 0 0 1 0
0 0 0 1 1
1 0 0 1 1
299 0 0 4 0
299 0 0 4 1
75 0 0 1 1
1037 0 0 4 0
1037 0 0 4 1
260 0 0 1 1
523 0 0 2 0
523 0 0 2 1
262 0 0 1 1
162162949 0 0 578076 0
162162949 0 0 578076 1
281 0 0 1 1
631 0 0 2 0
631 0 0 2 1
316 0 0 1 1
975 0 0 2 0
975 0 0 2 1
488 0 0 1 1
214508450 0 0 429337 0
214508450 0 0 429337 1
500 0 0 1 1
2093 0 0 4 0
2093 0 0 4 1
524 0 0 1 1
2197 0 0 4 0
2197 0 0 4 1
1099 0 0 2 1
3789825 0 0 6892 0
3789825 0 0 6892 1
550 0 0 1 1
84564727 0 0 153658 0
84564727 0 0 153658 1
1101 0 0 2 1
4499776499 0 0 8168164 0
4499776499 0 0 8168164 1
551 0 0 1 1
2881 0 0 4 0
2881 0 0 4 1
5763 0 0 8 1
1441 0 0 2 0
1441 0 0 2 1
721 0 0 1 1
2945 0 0 4 0
2945 0 0 4 1
737 0 0 1 1
3889411435 0 0 5198682 0
3889411435 0 0 5198682 1
749 0 0 1 1
3227 0 0 4 0
3227 0 0 4 1
807 0 0 1 1
1687 0 0 2 0
1687 0 0 2 1
844 0 0 1 1
296475067 0 0 342778 0
296475067 0 0 342778 1
865 0 0 1 1
278898214 0 0 317169 0
278898214 0 0 317169 1
880 0 0 1 1
9120891637 0 0 10247906 0
9120891637 0 0 10247906 1
891 0 0 1 1
630048103931 0 0 691541028 0
630048103931 0 0 691541028 1
912 0 0 1 1
3088642375 0 0 3364796 0
3088642375 0 0 3364796 1
918 0 0 1 1
2225 0 0 2 0
2225 0 0 2 1
1113 0 0 1 1
2233 0 0 2 0
2233 0 0 2 1
1117 0 0 1 1
2091539450 0 0 1862137 0
2091539450 0 0 1862137 1
1124 0 0 1 1
1181 0 0 1 0
1181 0 0 1 1
1182 0 0 1 1
402171835 0 0 338236 0
402171835 0 0 338236 1
1190 0 0 1 1
1251 0 0 1 0
1251 0 0 1 1
1252 0 0 1 1
187828893 0 0 130262 0
187828893 0 0 130262 1
1442 0 0 1 1
3633 0 0 2 0
3633 0 0 2 1
14533 0 0 8 1
302551050 0 0 166543 0
302551050 0 0 166543 1
1817 0 0 1 1
7973 0 0 4 0
7973 0 0 4 1
1994 0 0 1 1
63638102073 0 0 30816754 0
63638102073 0 0 30816754 1
2066 0 0 1 1
4925 0 0 2 0
4925 0 0 2 1
2463 0 0 1 1
9909 0 0 4 0
9909 0 0 4 1
2478 0 0 1 1
10541 0 0 4 0
10541 0 0 4 1
2636 0 0 1 1
14179321019 0 0 5214624 0
14179321019 0 0 5214624 1
2720 0 0 1 1
167527849475 0 0 60356252 0
167527849475 0 0 60356252 1
2776 0 0 1 1
232402961025 0 0 80901538 0
232402961025 0 0 80901538 1
232483862563 0 0 80901538 1
187 7 1 0 13 123 0
4294967295 56 16 68
4294967294 75 80 71
107 59 95 8
63 5 15 43
41 69 27 65
17 30 51 75
0 45 37 46
2 0 3 8900 0 0 8 107 4294967294
2 0 3 4186 0 0 56 41 4294967295
2 0 3 20167 0 0 28 41 4294967294
2 0 3 16575 0 0 34 17 4294967295
2 0 3 14410 0 0 20 17 4294967294
2 0 3 8835 0 0 12 17 63
2 0 3 28561 0 0 52 17 41
2 0 3 3138 0 0 12 0 4294967295
2 0 3 26992 0 0 32 0 4294967294
2 0 3 11259 0 0 9 0 107
2 0 3 4186 0 0 8 0 63
2 0 3 12444 0 0 48 0 41
2 0 3 3155 0 0 10 0 17
0 0 0 39 0
0 0 0 23 1
26 0 0 26 1
8671 0 0 116 0
9568 0 0 128 1
2625 0 0 35 1
39406 0 0 152 0
42517 0 0 164 1
6500 0 0 25 1
14644 0 0 56 0
16213 0 0 62 1
8908 0 0 34 1
6000029113 0 0 21388812 0
6486517960 0 0 23123040 1
6744 0 0 24 1
17037 0 0 54 0
18930 0 0 60 1
10428 0 0 33 1
35100 0 0 72 0
38025 0 0 78 1
11224 0 0 23 1
5577219700 0 0 11162762 0
6220745050 0 0 12450773 1
16000 0 0 32 1
73255 0 0 140 0
79534 0 0 152 1
21484 0 0 41 1
54925 0 0 100 0
61516 0 0 112 1
34069 0 0 62 1
128854050 0 0 234328 0
140223525 0 0 255004 1
22000 0 0 40 1
2029553448 0 0 3687792 0
2283247629 0 0 4148766 1
33030 0 0 60 1
148492624467 0 0 269549412 0
161991953964 0 0 294053904 1
21489 0 0 39 1
66263 0 0 92 0
74906 0 0 104 1
167127 0 0 232 1
46112 0 0 64 0
50435 0 0 70 1
27398 0 0 38 1
120745 0 0 164 0
73625 0 0 100 1
20636 0 0 28 1
120571754485 0 0 161159142 0
132239988790 0 0 176755188 1
27713 0 0 37 1
129080 0 0 160 0
77448 0 0 96 1
21789 0 0 27 1
50610 0 0 60 0
55671 0 0 66 1
30384 0 0 36 1
11562527613 0 0 13368342 0
6818926541 0 0 7883894 1
22490 0 0 26 1
8088048206 0 0 9197901 0
8924742848 0 0 10149408 1
30800 0 0 35 1
346593882206 0 0 389420428 0
373956557117 0 0 420164146 1
22275 0 0 25 1
17641346910068 0 0 19363148784 0
19531491221861 0 0 21437771868 1
31008 0 0 34 1
114279767875 0 0 124497452 0
123545695000 0 0 134591840 1
22032 0 0 24 1
60075 0 0 54 0
66750 0 0 60 1
36729 0 0 33 1
80388 0 0 72 0
87087 0 0 78 1
25691 0 0 23 1
54380025700 0 0 48415562 0
60654644050 0 0 54001973 1
35968 0 0 32 1
41335 0 0 35 0
44878 0 0 38 1
48462 0 0 41 1
10054295875 0 0 8455900 0
11260811380 0 0 9470608 1
36890 0 0 31 1
42534 0 0 34 0
46287 0 0 37 1
50080 0 0 40 1
4507893432 0 0 3126288 0
5071380111 0 0 3517074 1
43260 0 0 30 1
119889 0 0 66 0
130788 0 0 72 1
566787 0 0 312 1
6958674150 0 0 3830489 0
7866327300 0 0 4330118 1
52693 0 0 29 1
255136 0 0 128 0
279055 0 0 140 1
75772 0 0 38 1
2609162184993 0 0 1263486914 0
1590952551825 0 0 770418850 1
57848 0 0 28 1
152675 0 0 62 0
167450 0 0 68 1
91131 0 0 37 1
396360 0 0 160 0
237816 0 0 96 1
66906 0 0 27 1
316230 0 0 120 0
347853 0 0 132 1
94896 0 0 36 1
552993519741 0 0 203370336 0
326124383437 0 0 119936352 1
70720 0 0 26 1
4858307634775 0 0 1750331308 0
5360891183200 0 0 1931400064 1
97160 0 0 35 1
8831312518950 0 0 3074258444 0
9528521402025 0 0 3316963058 1
5812096564075 0 0 2022538450 1
188 7 2 13 11 123 0
0 45 37 46
17 30 51 75
41 69 27 65
63 5 15 43
107 59 95 8
4294967294 75 80 71
4294967295 56 16 68
2 0 3 631 0 0 2 0 17
2 0 3 1037 0 0 4 0 41
2 0 3 2093 0 0 4 0 63
2 0 3 1251 0 0 1 0 107
2 0 3 1687 0 0 2 0 4294967294
2 0 3 523 0 0 2 0 4294967295
2 0 3 2197 0 0 4 17 41
2 0 3 2945 0 0 4 17 63
2 0 3 1441 0 0 2 17 4294967294
2 0 3 975 0 0 2 17 4294967295
2 0 3 2881 0 0 4 41 4294967294
2 0 3 299 0 0 4 41 4294967295
2 0 3 2225 0 0 2 107 4294967294
3 0 7 84564727 0 0 153658 0 17 41
3 0 7 3889411435 0 0 5198682 0 17 63
2 1 3 3633 0 0 2 17 107 0
3 0 7 278898214 0 0 317169 0 17 4294967294
3 0 7 214508450 0 0 429337 0 17 4294967295
3 0 7 296475067 0 0 342778 0 41 4294967294
3 0 7 162162949 0 0 578076 0 41 4294967295
2 1 3 3227 0 0 4 63 4294967295 0
3 0 7 187828893 0 0 130262 0 107 4294967294
3 0 7 9120891637 0 0 10247906 17 41 4294967294
3 0 7 3789825 0 0 6892 17 41 4294967295
0 0 0 1 0
0 0 0 1 1
1 0 0 1 1
299 0 0 4 0
299 0 0 4 1
75 0 0 1 1
1037 0 0 4 0
1037 0 0 4 1
260 0 0 1 1
523 0 0 2 0
523 0 0 2 1
262 0 0 1 1
162162949 0 0 578076 0
162162949 0 0 578076 1
281 0 0 1 1
631 0 0 2 0
631 0 0 2 1
316 0 0 1 1
975 0 0 2 0
975 0 0 2 1
488 0 0 1 1
214508450 0 0 429337 0
214508450 0 0 429337 1
500 0 0 1 1
2093 0 0 4 0
2093 0 0 4 1
524 0 0 1 1
2197 0 0 4 0
2197 0 0 4 1
1099 0 0 2 1
3789825 0 0 6892 0
3789825 0 0 6892 1
550 0 0 1 1
84564727 0 0 153658 0
84564727 0 0 153658 1
1101 0 0 2 1
4499776499 0 0 8168164 0
4499776499 0 0 8168164 1
551 0 0 1 1
2881 0 0 4 0
2881 0 0 4 1
5763 0 0 8 1
1441 0 0 2 0
1441 0 0 2 1
721 0 0 1 1
2945 0 0 4 0
2945 0 0 4 1
737 0 0 1 1
3889411435 0 0 5198682 0
3889411435 0 0 5198682 1
749 0 0 1 1
3227 0 0 4 0
3227 0 0 4 1
807 0 0 1 1
1687 0 0 2 0
1687 0 0 2 1
844 0 0 1 1
296475067 0 0 342778 0
296475067 0 0 342778 1
865 0 0 1 1
278898214 0 0 317169 0
278898214 0 0 317169 1
880 0 0 1 1
9120891637 0 0 10247906 0
9120891637 0 0 10247906 1
891 0 0 1 1
630048103931 0 0 691541028 0
630048103931 0 0 691541028 1
912 0 0 1 1
3088642375 0 0 3364796 0
3088642375 0 0 3364796 1
918 0 0 1 1
2225 0 0 2 0
2225 0 0 2 1
1113 0 0 1 1
2233 0 0 2 0
2233 0 0 2 1
1117 0 0 1 1
2091539450 0 0 1862137 0
2091539450 0 0 1862137 1
1124 0 0 1 1
1181 0 0 1 0
1181 0 0 1 1
1182 0 0 1 1
402171835 0 0 338236 0
402171835 0 0 338236 1
1190 0 0 1 1
1251 0 0 1 0
1251 0 0 1 1
1252 0 0 1 1
187828893 0 0 130262 0
187828893 0 0 130262 1
1442 0 0 1 1
3633 0 0 2 0
3633 0 0 2 1
14533 0 0 8 1
302551050 0 0 166543 0
302551050 0 0 166543 1
1817 0 0 1 1
7973 0 0 4 0
7973 0 0 4 1
1994 0 0 1 1
63638102073 0 0 30816754 0
63638102073 0 0 30816754 1
2066 0 0 1 1
4925 0 0 2 0
4925 0 0 2 1
2463 0 0 1 1
9909 0 0 4 0
9909 0 0 4 1
2478 0 0 1 1
10541 0 0 4 0
10541 0 0 4 1
2636 0 0 1 1
14179321019 0 0 5214624 0
14179321019 0 0 5214624 1
2720 0 0 1 1
167527849475 0 0 60356252 0
167527849475 0 0 60356252 1
2776 0 0 1 1
232402961025 0 0 80901538 0
232402961025 0 0 80901538 1
232483862563 0 0 80901538 1
189 7 2 13 11 123 0
4294967295 56 16 68
4294967294 75 80 71
107 59 95 8
63 5 15 43
41 69 27 65
17 30 51 75
0 45 37 46
2 0 3 6675 0 0 6 107 4294967294
2 0 3 3887 0 0 52 41 4294967295
2 0 3 17286 0 0 24 41 4294967294
2 0 3 15600 0 0 32 17 4294967295
2 0 3 12969 0 0 18 17 4294967294
2 0 3 5890 0 0 8 17 63
2 0 3 26364 0 0 48 17 41
2 0 3 2615 0 0 10 0 4294967295
2 0 3 25305 0 0 30 0 4294967294
2 0 3 10008 0 0 8 0 107
2 0 3 37674 0 0 72 0 63
2 0 3 11407 0 0 44 0 41
2 0 3 2524 0 0 8 0 17
3 0 7 34108425 0 0 62028 17 41 4294967295
3 0 7 18241783274 0 0 20495812 17 41 4294967294
3 0 7 2253946716 0 0 1563144 0 107 4294967294
2 1 3 16135 0 0 20 63 4294967295 0
3 0 7 2432444235 0 0 8671140 0 41 4294967295
3 0 7 2371800536 0 0 2742224 0 41 4294967294
3 0 7 3861152100 0 0 7728066 0 17 4294967295
3 0 7 3067880354 0 0 3488859 0 17 4294967294
2 1 3 14532 0 0 8 17 107 0
3 0 7 54451760090 0 0 72781548 0 17 63
3 0 7 591953089 0 0 1075606 0 17 41
0 0 0 41 0
0 0 0 25 1
28 0 0 28 1
9269 0 0 124 0
10166 0 0 136 1
2775 0 0 37 1
41480 0 0 160 0
24888 0 0 96 1
7020 0 0 27 1
15690 0 0 60 0
17259 0 0 66 1
9432 0 0 36 1
6324355011 0 0 22544964 0
3729747827 0 0 13295748 1
7306 0 0 26 1
18299 0 0 58 0
20192 0 0 64 1
11060 0 0 35 1
37050 0 0 76 0
39975 0 0 82 1
12200 0 0 25 1
6006236600 0 0 12021436 0
6649761950 0 0 13309447 1
17000 0 0 34 1
77441 0 0 148 0
83720 0 0 160 1
12576 0 0 24 1
59319 0 0 108 0
65910 0 0 120 1
36267 0 0 66 1
136433700 0 0 248112 0
147803175 0 0 268788 1
12650 0 0 23 1
2198682902 0 0 3995108 0
2452377083 0 0 4456082 1
35232 0 0 64 1
157492177465 0 0 285885740 0
170991506962 0 0 310390232 1
22591 0 0 41 1
72025 0 0 100 0
80668 0 0 112 1
178653 0 0 248 1
48994 0 0 68 0
53317 0 0 74 1
28840 0 0 40 1
70680 0 0 96 0
79515 0 0 108 1
22110 0 0 30 1
128350577355 0 0 171556506 0
140018811660 0 0 187152552 1
29211 0 0 39 1
74221 0 0 92 0
83902 0 0 104 1
23403 0 0 29 1
53984 0 0 64 0
59045 0 0 70 1
32072 0 0 38 1
12155477747 0 0 14053898 0
7411876675 0 0 8569450 1
24220 0 0 28 1
8645844634 0 0 9832239 0
9482539276 0 0 10783746 1
32560 0 0 37 1
364835665480 0 0 409916240 0
218901399288 0 0 245949744 1
24057 0 0 27 1
18901443117930 0 0 20746230840 0
20791587429723 0 0 22820853924 1
32832 0 0 36 1
120457052625 0 0 131227044 0
71038774625 0 0 77390308 1
23868 0 0 26 1
64525 0 0 58 0
71200 0 0 64 1
38955 0 0 35 1
84854 0 0 76 0
91553 0 0 82 1
27925 0 0 25 1
58563104600 0 0 52139836 0
64837722950 0 0 57726247 1
38216 0 0 34 1
43697 0 0 37 0
47240 0 0 40 1
28368 0 0 24 1
10858639545 0 0 9132372 0
12065155050 0 0 10147080 1
39270 0 0 33 1
45036 0 0 36 0
48789 0 0 39 1
28796 0 0 23 1
4883551218 0 0 3386812 0
5447037897 0 0 3777598 1
46144 0 0 32 1
127155 0 0 70 0
138054 0 0 76 1
595853 0 0 328 1
7563776250 0 0 4163575 0
8471429400 0 0 4663204 1
56327 0 0 31 1
271082 0 0 136 0
295001 0 0 148 1
79760 0 0 40 1
1527314449752 0 0 739602096 0
1718228755971 0 0 832052358 1
61980 0 0 30 1
162525 0 0 66 0
177300 0 0 72 1
96057 0 0 39 1
227907 0 0 92 0
257634 0 0 104 1
71862 0 0 29 1
337312 0 0 128 0
368935 0 0 140 1
100168 0 0 38 1
581352161779 0 0 213799584 0
354483025475 0 0 130365600 1
76160 0 0 28 1
5193363333725 0 0 1871043812 0
5695946882150 0 0 2052112568 1
102712 0 0 37 1
9296118441000 0 0 3236061520 0
5577671064600 0 0 1941636912 1
6277064289201 0 0 2184341526 1
190 7 3 11 8 123 0
0 45 37 46
17 30 51 75
41 69 27 65
63 5 15 43
107 59 95 8
4294967294 75 80 71
4294967295 56 16 68
3 0 7 84564727 0 0 153658 0 17 41
3 0 7 3889411435 0 0 5198682 0 17 63
2 1 3 3633 0 0 2 17 107 0
3 0 7 278898214 0 0 317169 0 17 4294967294
3 0 7 214508450 0 0 429337 0 17 4294967295
3 0 7 296475067 0 0 342778 0 41 4294967294
3 0 7 162162949 0 0 578076 0 41 4294967295
2 1 3 3227 0 0 4 63 4294967295 0
3 0 7 187828893 0 0 130262 0 107 4294967294
3 0 7 9120891637 0 0 10247906 17 41 4294967294
3 0 7 3789825 0 0 6892 17 41 4294967295
4 0 15 630048103931 0 0 691541028 0 17 41 4294967294
4 0 15 4499776499 0 0 8168164 0 17 41 4294967295
2 2 3 10541 0 0 4 63 107 0 17
3 1 7 3088642375 0 0 3364796 17 63 4294967295 0
3 1 7 302551050 0 0 166543 17 107 4294967294 0
2 2 3 1181 0 0 1 41 63 0 4294967295
2 2 3 7973 0 0 4 41 107 0 4294967294
2 2 3 2233 0 0 2 4294967294 4294967295 0 41
0 0 0 1 0
0 0 0 1 1
1 0 0 1 1
299 0 0 4 0
299 0 0 4 1
75 0 0 1 1
1037 0 0 4 0
1037 0 0 4 1
260 0 0 1 1
523 0 0 2 0
523 0 0 2 1
262 0 0 1 1
162162949 0 0 578076 0
162162949 0 0 578076 1
281 0 0 1 1
631 0 0 2 0
631 0 0 2 1
316 0 0 1 1
975 0 0 2 0
975 0 0 2 1
488 0 0 1 1
214508450 0 0 429337 0
214508450 0 0 429337 1
500 0 0 1 1
2093 0 0 4 0
2093 0 0 4 1
524 0 0 1 1
2197 0 0 4 0
2197 0 0 4 1
1099 0 0 2 1
3789825 0 0 6892 0
3789825 0 0 6892 1
550 0 0 1 1
84564727 0 0 153658 0
84564727 0 0 153658 1
1101 0 0 2 1
4499776499 0 0 8168164 0
4499776499 0 0 8168164 1
551 0 0 1 1
2881 0 0 4 0
2881 0 0 4 1
5763 0 0 8 1
1441 0 0 2 0
1441 0 0 2 1
721 0 0 1 1
2945 0 0 4 0
2945 0 0 4 1
737 0 0 1 1
3889411435 0 0 5198682 0
3889411435 0 0 5198682 1
749 0 0 1 1
3227 0 0 4 0
3227 0 0 4 1
807 0 0 1 1
1687 0 0 2 0
1687 0 0 2 1
844 0 0 1 1
296475067 0 0 342778 0
296475067 0 0 342778 1
865 0 0 1 1
278898214 0 0 317169 0
278898214 0 0 317169 1
880 0 0 1 1
9120891637 0 0 10247906 0
9120891637 0 0 10247906 1
891 0 0 1 1
630048103931 0 0 691541028 0
630048103931 0 0 691541028 1
912 0 0 1 1
3088642375 0 0 3364796 0
3088642375 0 0 3364796 1
918 0 0 1 1
2225 0 0 2 0
2225 0 0 2 1
1113 0 0 1 1
2233 0 0 2 0
2233 0 0 2 1
1117 0 0 1 1
2091539450 0 0 1862137 0
2091539450 0 0 1862137 1
1124 0 0 1 1
1181 0 0 1 0
1181 0 0 1 1
1182 0 0 1 1
402171835 0 0 338236 0
402171835 0 0 338236 1
1190 0 0 1 1
1251 0 0 1 0
1251 0 0 1 1
1252 0 0 1 1
187828893 0 0 130262 0
187828893 0 0 130262 1
1442 0 0 1 1
3633 0 0 2 0
3633 0 0 2 1
14533 0 0 8 1
302551050 0 0 166543 0
302551050 0 0 166543 1
1817 0 0 1 1
7973 0 0 4 0
7973 0 0 4 1
1994 0 0 1 1
63638102073 0 0 30816754 0
63638102073 0 0 30816754 1
2066 0 0 1 1
4925 0 0 2 0
4925 0 0 2 1
2463 0 0 1 1
9909 0 0 4 0
9909 0 0 4 1
2478 0 0 1 1
10541 0 0 4 0
10541 0 0 4 1
2636 0 0 1 1
14179321019 0 0 5214624 0
14179321019 0 0 5214624 1
2720 0 0 1 1
167527849475 0 0 60356252 0
167527849475 0 0 60356252 1
2776 0 0 1 1
232402961025 0 0 80901538 0
232402961025 0 0 80901538 1
232483862563 0 0 80901538 1
191 7 3 11 8 123 0
4294967295 56 16 68
4294967294 75 80 71
107 59 95 8
63 5 15 43
41 69 27 65
17 30 51 75
0 45 37 46
3 0 7 30318600 0 0 55136 17 41 4294967295
3 0 7 164176049466 0 0 184462308 17 41 4294967294
3 0 7 2066117823 0 0 1432882 0 107 4294967294
2 1 3 12908 0 0 16 63 4294967295 0
3 0 7 2270281286 0 0 8093064 0 41 4294967295
3 0 7 2075325469 0 0 2399446 0 41 4294967294
3 0 7 3646643650 0 0 7298729 0 17 4294967295
3 0 7 2788982140 0 0 3171690 0 17 4294967294
2 1 3 10899 0 0 6 17 107 0
3 0 7 50562348655 0 0 67582866 0 17 63
3 0 7 507388362 0 0 921948 0 17 41
2 2 3 15631 0 0 14 4294967294 4294967295 0 41
2 2 3 135541 0 0 68 41 107 0 4294967294
2 2 3 11810 0 0 10 41 63 0 4294967295
3 1 7 907653150 0 0 499629 17 107 4294967294 0
3 1 7 40152350875 0 0 43742348 17 63 4294967295 0
2 2 3 63246 0 0 24 63 107 0 17
4 0 15 71996423984 0 0 130690624 0 17 41 4294967295
4 0 15 5670432935379 0 0 6223869252 0 17 41 4294967294
0 0 0 24 0
0 0 0 27 1
30 0 0 30 1
9867 0 0 132 0
10764 0 0 144 1
2925 0 0 39 1
23851 0 0 92 0
26962 0 0 104 1
7540 0 0 29 1
16736 0 0 64 0
18305 0 0 70 1
9956 0 0 38 1
6648680909 0 0 23701116 0
4054073725 0 0 14451900 1
7868 0 0 28 1
19561 0 0 62 0
21454 0 0 68 1
11692 0 0 37 1
39000 0 0 80 0
23400 0 0 48 1
13176 0 0 27 1
6435253500 0 0 12880110 0
7078778850 0 0 14168121 1
18000 0 0 36 1
81627 0 0 156 0
48139 0 0 92 1
13624 0 0 26 1
63713 0 0 116 0
70304 0 0 128 1
38465 0 0 70 1
144013350 0 0 261896 0
155382825 0 0 282572 1
13750 0 0 25 1
2367812356 0 0 4302424 0
2621506537 0 0 4763398 1
37434 0 0 68 1
166491730463 0 0 302222068 0
179991059960 0 0 326726560 1
13224 0 0 24 1
77787 0 0 108 0
86430 0 0 120 1
190179 0 0 264 1
51876 0 0 72 0
56199 0 0 78 1
16583 0 0 23 1
76570 0 0 104 0
85405 0 0 116 1
23584 0 0 32 1
136129400225 0 0 181953870 0
147797634530 0 0 197549916 1
30709 0 0 41 1
80675 0 0 100 0
90356 0 0 112 1
25017 0 0 31 1
57358 0 0 68 0
62419 0 0 74 1
33760 0 0 40 1
7115401608 0 0 8226672 0
8004826809 0 0 9255006 1
25950 0 0 30 1
9203641062 0 0 10466577 0
10040335704 0 0 11418084 1
34320 0 0 39 1
209780507651 0 0 235701838 0
237143182562 0 0 266445556 1
25839 0 0 29 1
20161539325792 0 0 22129312896 0
22051683637585 0 0 24203935980 1
34656 0 0 38 1
126634337375 0 0 137956636 0
77216059375 0 0 84119900 1
25704 0 0 28 1
68975 0 0 62 0
75650 0 0 68 1
41181 0 0 37 1
89320 0 0 80 0
53592 0 0 48 1
30159 0 0 27 1
62746183500 0 0 55864110 0
69020801850 0 0 61450521 1
40464 0 0 36 1
46059 0 0 39 0
27163 0 0 23 1
30732 0 0 26 1
11662983215 0 0 9808844 0
12869498720 0 0 10823552 1
41650 0 0 35 1
47538 0 0 38 0
51291 0 0 41 1
31300 0 0 25 1
5259209004 0 0 3647336 0
5822695683 0 0 4038122 1
49028 0 0 34 1
134421 0 0 74 0
145320 0 0 80 1
348792 0 0 192 1
8168878350 0 0 4496661 0
9076531500 0 0 4996290 1
59961 0 0 33 1
287028 0 0 144 0
310947 0 0 156 1
45862 0 0 23 1
1654590653898 0 0 801235604 0
1845504960117 0 0 893685866 1
66112 0 0 32 1
172375 0 0 70 0
187150 0 0 76 1
100983 0 0 41 1
247725 0 0 100 0
277452 0 0 112 1
76818 0 0 31 1
358394 0 0 136 0
390017 0 0 148 1
105440 0 0 40 1
340303704456 0 0 125150976 0
382841667513 0 0 140794848 1
81600 0 0 30 1
5528419032675 0 0 1991756316 0
6031002581100 0 0 2172825072 1
108264 0 0 39 1
5345268103575 0 0 1860735374 0
6042476986650 0 0 2103439988 1
6742032014327 0 0 2346144602 1
192 7 4 8 4 123 0
0 45 37 46
17 30 51 75
41 69 27 65
63 5 15 43
107 59 95 8
4294967294 75 80 71
4294967295 56 16 68
4 0 15 630048103931 0 0 691541028 0 17 41 4294967294
4 0 15 4499776499 0 0 8168164 0 17 41 4294967295
2 2 3 10541 0 0 4 63 107 0 17
3 1 7 3088642375 0 0 3364796 17 63 4294967295 0
3 1 7 302551050 0 0 166543 17 107 4294967294 0
2 2 3 1181 0 0 1 41 63 0 4294967295
2 2 3 7973 0 0 4 41 107 0 4294967294
2 2 3 2233 0 0 2 4294967294 4294967295 0 41
3 2 7 14179321019 0 0 5214624 41 63 107 0 17
3 2 7 402171835 0 0 338236 17 41 63 0 4294967295
3 2 7 63638102073 0 0 30816754 17 41 107 0 4294967294
3 2 7 2091539450 0 0 1862137 17 4294967294 4294967295 0 41
0 0 0 1 0
0 0 0 1 1
1 0 0 1 1
299 0 0 4 0
299 0 0 4 1
75 0 0 1 1
1037 0 0 4 0
1037 0 0 4 1
260 0 0 1 1
523 0 0 2 0
523 0 0 2 1
262 0 0 1 1
162162949 0 0 578076 0
162162949 0 0 578076 1
281 0 0 1 1
631 0 0 2 0
631 0 0 2 1
316 0 0 1 1
975 0 0 2 0
975 0 0 2 1
488 0 0 1 1
214508450 0 0 429337 0
214508450 0 0 429337 1
500 0 0 1 1
2093 0 0 4 0
2093 0 0 4 1
524 0 0 1 1
2197 0 0 4 0
2197 0 0 4 1
1099 0 0 2 1
3789825 0 0 6892 0
3789825 0 0 6892 1
550 0 0 1 1
84564727 0 0 153658 0
84564727 0 0 153658 1
1101 0 0 2 1
4499776499 0 0 8168164 0
4499776499 0 0 8168164 1
551 0 0 1 1
2881 0 0 4 0
2881 0 0 4 1
5763 0 0 8 1
1441 0 0 2 0
1441 0 0 2 1
721 0 0 1 1
2945 0 0 4 0
2945 0 0 4 1
737 0 0 1 1
3889411435 0 0 5198682 0
3889411435 0 0 5198682 1
749 0 0 1 1
3227 0 0 4 0
3227 0 0 4 1
807 0 0 1 1
1687 0 0 2 0
1687 0 0 2 1
844 0 0 1 1
296475067 0 0 342778 0
296475067 0 0 342778 1
865 0 0 1 1
278898214 0 0 317169 0
278898214 0 0 317169 1
880 0 0 1 1
9120891637 0 0 10247906 0
9120891637 0 0 10247906 1
891 0 0 1 1
630048103931 0 0 691541028 0
630048103931 0 0 691541028 1
912 0 0 1 1
3088642375 0 0 3364796 0
3088642375 0 0 3364796 1
918 0 0 1 1
2225 0 0 2 0
2225 0 0 2 1
1113 0 0 1 1
2233 0 0 2 0
2233 0 0 2 1
1117 0 0 1 1
2091539450 0 0 1862137 0
2091539450 0 0 1862137 1
1124 0 0 1 1
1181 0 0 1 0
1181 0 0 1 1
1182 0 0 1 1
402171835 0 0 338236 0
402171835 0 0 338236 1
1190 0 0 1 1
1251 0 0 1 0
1251 0 0 1 1
1252 0 0 1 1
187828893 0 0 130262 0
187828893 0 0 130262 1
1442 0 0 1 1
3633 0 0 2 0
3633 0 0 2 1
14533 0 0 8 1
302551050 0 0 166543 0
302551050 0 0 166543 1
1817 0 0 1 1
7973 0 0 4 0
7973 0 0 4 1
1994 0 0 1 1
63638102073 0 0 30816754 0
63638102073 0 0 30816754 1
2066 0 0 1 1
4925 0 0 2 0
4925 0 0 2 1
2463 0 0 1 1
9909 0 0 4 0
9909 0 0 4 1
2478 0 0 1 1
10541 0 0 4 0
10541 0 0 4 1
2636 0 0 1 1
14179321019 0 0 5214624 0
14179321019 0 0 5214624 1
2720 0 0 1 1
167527849475 0 0 60356252 0
167527849475 0 0 60356252 1
2776 0 0 1 1
232402961025 0 0 80901538 0
232402961025 0 0 80901538 1
232483862563 0 0 80901538 1
193 7 4 8 4 123 0
4294967295 56 16 68
4294967294 75 80 71
107 59 95 8
63 5 15 43
41 69 27 65
17 30 51 75
0 45 37 46
2 2 3 13398 0 0 12 4294967294 4294967295 0 41
2 2 3 127568 0 0 64 41 107 0 4294967294
2 2 3 10629 0 0 9 41 63 0 4294967295
3 1 7 605102100 0 0 333086 17 107 4294967294 0
3 1 7 37063708500 0 0 40377552 17 63 4294967295 0
2 2 3 52705 0 0 20 63 107 0 17
4 0 15 67496647485 0 0 122522460 0 17 41 4294967295
4 0 15 5040384831448 0 0 5532328224 0 17 41 4294967294
3 2 7 31373091750 0 0 27932055 17 4294967294 4294967295 0 41
3 2 7 509104816584 0 0 246534032 17 41 107 0 4294967294
3 2 7 7239093030 0 0 6088248 17 41 63 0 4294967295
3 2 7 155972531209 0 0 57360864 41 63 107 0 17
0 0 0 26 0
0 0 0 29 1
32 0 0 32 1
10465 0 0 140 0
11362 0 0 152 1
3075 0 0 41 1
25925 0 0 100 0
29036 0 0 112 1
8060 0 0 31 1
17782 0 0 68 0
19351 0 0 74 1
10480 0 0 40 1
3891910776 0 0 13873824 0
4378399623 0 0 15608052 1
8430 0 0 30 1
20823 0 0 66 0
22716 0 0 72 1
12324 0 0 39 1
22425 0 0 46 0
25350 0 0 52 1
14152 0 0 29 1
6864270400 0 0 13738784 0
7507795750 0 0 15026795 1
19000 0 0 38 1
85813 0 0 164 0
52325 0 0 100 1
14672 0 0 28 1
68107 0 0 124 0
74698 0 0 136 1
40663 0 0 74 1
151593000 0 0 275680 0
90955800 0 0 165408 1
14850 0 0 27 1
2536941810 0 0 4609740 0
2790635991 0 0 5070714 1
39636 0 0 72 1
175491283461 0 0 318558396 0
103494859477 0 0 187867772 1
14326 0 0 26 1
83549 0 0 116 0
92192 0 0 128 1
201705 0 0 280 1
54758 0 0 76 0
59081 0 0 82 1
18025 0 0 25 1
82460 0 0 112 0
91295 0 0 124 1
25058 0 0 34 1
143908223095 0 0 192351234 0
155576457400 0 0 207947280 1
17976 0 0 24 1
87129 0 0 108 0
96810 0 0 120 1
26631 0 0 33 1
60732 0 0 72 0
65793 0 0 78 1
19412 0 0 23 1
7708351742 0 0 8912228 0
8597776943 0 0 9940562 1
27680 0 0 32 1
9761437490 0 0 11100915 0
10598132132 0 0 12052422 1
36080 0 0 41 1
228022290925 0 0 256197650 0
255384965836 0 0 286941368 1
27621 0 0 31 1
21421635533654 0 0 23512394952 0
23311779845447 0 0 25587018036 1
36480 0 0 40 1
74127417000 0 0 80755104 0
83393344125 0 0 90849492 1
27540 0 0 30 1
73425 0 0 66 0
80100 0 0 72 1
43407 0 0 39 1
51359 0 0 46 0
58058 0 0 52 1
32393 0 0 29 1
66929262400 0 0 59588384 0
73203880750 0 0 65174795 1
42712 0 0 38 1
48421 0 0 41 0
29525 0 0 25 1
33096 0 0 28 1
12467326885 0 0 10485316 0
13673842390 0 0 11500024 1
44030 0 0 37 1
50040 0 0 40 0
30024 0 0 24 1
33804 0 0 27 1
5634866790 0 0 3907860 0
6198353469 0 0 4298646 1
51912 0 0 36 1
141687 0 0 78 0
83559 0 0 46 1
377858 0 0 208 1
8773980450 0 0 4829747 0
9681633600 0 0 5329376 1
63595 0 0 35 1
302974 0 0 152 0
326893 0 0 164 1
49850 0 0 25 1
1781866858044 0 0 862869112 0
1972781164263 0 0 955319374 1
70244 0 0 34 1
182225 0 0 74 0
197000 0 0 80 1
59112 0 0 24 1
267543 0 0 108 0
297270 0 0 120 1
81774 0 0 33 1
379476 0 0 144 0
411099 0 0 156 1
60628 0 0 23 1
368662346494 0 0 135580224 0
411200309551 0 0 151224096 1
87040 0 0 32 1
5863474731625 0 0 2112468820 0
6366058280050 0 0 2293537576 1
113816 0 0 41 1
5810074025625 0 0 2022538450 0
6507282908700 0 0 2265243064 1
7206999739453 0 0 2507947678 1
194 7 5 4 3 123 0
0 45 37 46
17 30 51 75
41 69 27 65
63 5 15 43
107 59 95 8
4294967294 75 80 71
4294967295 56 16 68
3 2 7 14179321019 0 0 5214624 41 63 107 0 17
3 2 7 402171835 0 0 338236 17 41 63 0 4294967295
3 2 7 63638102073 0 0 30816754 17 41 107 0 4294967294
3 2 7 2091539450 0 0 1862137 17 4294967294 4294967295 0 41
3 3 7 167527849475 0 0 60356252 63 107 4294967295 0 17 41
2 4 3 9909 0 0 4 63 4294967294 0 17 41 4294967295
2 4 3 4925 0 0 2 107 4294967295 0 17 41 4294967294
0 0 0 1 0
0 0 0 1 1
1 0 0 1 1
299 0 0 4 0
299 0 0 4 1
75 0 0 1 1
1037 0 0 4 0
1037 0 0 4 1
260 0 0 1 1
523 0 0 2 0
523 0 0 2 1
262 0 0 1 1
162162949 0 0 578076 0
162162949 0 0 578076 1
281 0 0 1 1
631 0 0 2 0
631 0 0 2 1
316 0 0 1 1
975 0 0 2 0
975 0 0 2 1
488 0 0 1 1
214508450 0 0 429337 0
214508450 0 0 429337 1
500 0 0 1 1
2093 0 0 4 0
2093 0 0 4 1
524 0 0 1 1
2197 0 0 4 0
2197 0 0 4 1
1099 0 0 2 1
3789825 0 0 6892 0
3789825 0 0 6892 1
550 0 0 1 1
84564727 0 0 153658 0
84564727 0 0 153658 1
1101 0 0 2 1
4499776499 0 0 8168164 0
4499776499 0 0 8168164 1
551 0 0 1 1
2881 0 0 4 0
2881 0 0 4 1
5763 0 0 8 1
1441 0 0 2 0
1441 0 0 2 1
721 0 0 1 1
2945 0 0 4 0
2945 0 0 4 1
737 0 0 1 1
3889411435 0 0 5198682 0
3889411435 0 0 5198682 1
749 0 0 1 1
3227 0 0 4 0
3227 0 0 4 1
807 0 0 1 1
1687 0 0 2 0
1687 0 0 2 1
844 0 0 1 1
296475067 0 0 342778 0
296475067 0 0 342778 1
865 0 0 1 1
278898214 0 0 317169 0
278898214 0 0 317169 1
880 0 0 1 1
9120891637 0 0 10247906 0
9120891637 0 0 10247906 1
891 0 0 1 1
630048103931 0 0 691541028 0
630048103931 0 0 691541028 1
912 0 0 1 1
3088642375 0 0 3364796 0
3088642375 0 0 3364796 1
918 0 0 1 1
2225 0 0 2 0
2225 0 0 2 1
1113 0 0 1 1
2233 0 0 2 0
2233 0 0 2 1
1117 0 0 1 1
2091539450 0 0 1862137 0
2091539450 0 0 1862137 1
1124 0 0 1 1
1181 0 0 1 0
1181 0 0 1 1
1182 0 0 1 1
402171835 0 0 338236 0
402171835 0 0 338236 1
1190 0 0 1 1
1251 0 0 1 0
1251 0 0 1 1
1252 0 0 1 1
187828893 0 0 130262 0
187828893 0 0 130262 1
1442 0 0 1 1
3633 0 0 2 0
3633 0 0 2 1
14533 0 0 8 1
302551050 0 0 166543 0
302551050 0 0 166543 1
1817 0 0 1 1
7973 0 0 4 0
7973 0 0 4 1
1994 0 0 1 1
63638102073 0 0 30816754 0
63638102073 0 0 30816754 1
2066 0 0 1 1
4925 0 0 2 0
4925 0 0 2 1
2463 0 0 1 1
9909 0 0 4 0
9909 0 0 4 1
2478 0 0 1 1
10541 0 0 4 0
10541 0 0 4 1
2636 0 0 1 1
14179321019 0 0 5214624 0
14179321019 0 0 5214624 1
2720 0 0 1 1
167527849475 0 0 60356252 0
167527849475 0 0 60356252 1
2776 0 0 1 1
232402961025 0 0 80901538 0
232402961025 0 0 80901538 1
232483862563 0 0 80901538 1
195 7 5 4 3 123 0
4294967295 56 16 68
4294967294 75 80 71
107 59 95 8
63 5 15 43
41 69 27 65
17 30 51 75
0 45 37 46
3 2 7 29281552300 0 0 26069918 17 4294967294 4294967295 0 41
3 2 7 445466714511 0 0 215717278 17 41 107 0 4294967294
3 2 7 6836921195 0 0 5750012 17 41 63 0 4294967295
3 2 7 141793210190 0 0 52146240 41 63 107 0 17
2 4 3 49250 0 0 20 107 4294967295 0 17 41 4294967294
2 4 3 29727 0 0 12 63 4294967294 0 17 41 4294967295
3 3 7 2177862043175 0 0 784631276 63 107 4294967295 0 17 41
0 0 0 28 0
0 0 0 31 1
34 0 0 34 1
11063 0 0 148 0
11960 0 0 160 1
1800 0 0 24 1
27999 0 0 108 0
31110 0 0 120 1
8580 0 0 33 1
18828 0 0 72 0
20397 0 0 78 1
6026 0 0 23 1
4216236674 0 0 15029976 0
4702725521 0 0 16764204 1
8992 0 0 32 1
22085 0 0 70 0
23978 0 0 76 1
12956 0 0 41 1
24375 0 0 50 0
27300 0 0 56 1
15128 0 0 31 1
7293287300 0 0 14597458 0
7936812650 0 0 15885469 1
20000 0 0 40 1
50232 0 0 96 0
56511 0 0 108 1
15720 0 0 30 1
72501 0 0 132 0
79092 0 0 144 1
42861 0 0 78 1
87165975 0 0 158516 0
98535450 0 0 179192 1
15950 0 0 29 1
2706071264 0 0 4917056 0
2959765445 0 0 5378030 1
41838 0 0 76 1
184490836459 0 0 334894724 0
112494412475 0 0 204204100 1
15428 0 0 28 1
89311 0 0 124 0
97954 0 0 136 1
213231 0 0 296 1
57640 0 0 80 0
34584 0 0 48 1
19467 0 0 27 1
88350 0 0 120 0
97185 0 0 132 1
26532 0 0 36 1
151687045965 0 0 202748598 0
89456463005 0 0 119569686 1
19474 0 0 26 1
93583 0 0 116 0
103264 0 0 128 1
28245 0 0 35 1
64106 0 0 76 0
69167 0 0 82 1
21100 0 0 25 1
8301301876 0 0 9597784 0
9190727077 0 0 10626118 1
29410 0 0 34 1
10319233918 0 0 11735253 0
11155928560 0 0 12686760 1
21120 0 0 24 1
246264074199 0 0 276693462 0
273626749110 0 0 307437180 1
29403 0 0 33 1
22681731741516 0 0 24895477008 0
24571876053309 0 0 26970100092 1
20976 0 0 23 1
80304701750 0 0 87484696 0
89570628875 0 0 97579084 1
29376 0 0 32 1
77875 0 0 70 0
84550 0 0 76 1
45633 0 0 41 1
55825 0 0 50 0
62524 0 0 56 1
34627 0 0 31 1
71112341300 0 0 63312658 0
77386959650 0 0 68899069 1
44960 0 0 40 1
28344 0 0 24 0
31887 0 0 27 1
35460 0 0 30 1
13271670555 0 0 11161788 0
14478186060 0 0 12176496 1
46410 0 0 39 1
28773 0 0 23 0
32526 0 0 26 1
36308 0 0 29 1
6010524576 0 0 4168384 0
6574011255 0 0 4559170 1
54796 0 0 38 1
148953 0 0 82 0
90825 0 0 50 1
406924 0 0 224 1
9379082550 0 0 5162833 0
10286735700 0 0 5662462 1
67229 0 0 37 1
318920 0 0 160 0
191352 0 0 96 1
53838 0 0 27 1
1909143062190 0 0 924502620 0
2100057368409 0 0 1016952882 1
74376 0 0 36 1
192075 0 0 78 0
113275 0 0 46 1
64038 0 0 26 1
287361 0 0 116 0
317088 0 0 128 1
86730 0 0 35 1
400558 0 0 152 0
432181 0 0 164 1
65900 0 0 25 1
397020988532 0 0 146009472 0
439558951589 0 0 161653344 1
92480 0 0 34 1
6198530430575 0 0 2233181324 0
6701113979000 0 0 2414250080 1
66624 0 0 24 1
6274879947675 0 0 2184341526 0
6972088830750 0 0 2427046140 1
7671967464579 0 0 2669750754 1
196 7 6 3 1 123 0
0 45 37 46
17 30 51 75
41 69 27 65
63 5 15 43
107 59 95 8
4294967294 75 80 71
4294967295 56 16 68
3 3 7 167527849475 0 0 60356252 63 107 4294967295 0 17 41
2 4 3 9909 0 0 4 63 4294967294 0 17 41 4294967295
2 4 3 4925 0 0 2 107 4294967295 0 17 41 4294967294
3 4 7 232402961025 0 0 80901538 63 107 4294967294 0 17 41 4294967295
0 0 0 1 0
0 0 0 1 1
1 0 0 1 1
299 0 0 4 0
299 0 0 4 1
75 0 0 1 1
1037 0 0 4 0
1037 0 0 4 1
260 0 0 1 1
523 0 0 2 0
523 0 0 2 1
262 0 0 1 1
162162949 0 0 578076 0
162162949 0 0 578076 1
281 0 0 1 1
631 0 0 2 0
631 0 0 2 1
316 0 0 1 1
975 0 0 2 0
975 0 0 2 1
488 0 0 1 1
214508450 0 0 429337 0
214508450 0 0 429337 1
500 0 0 1 1
2093 0 0 4 0
2093 0 0 4 1
524 0 0 1 1
2197 0 0 4 0
2197 0 0 4 1
1099 0 0 2 1
3789825 0 0 6892 0
3789825 0 0 6892 1
550 0 0 1 1
84564727 0 0 153658 0
84564727 0 0 153658 1
1101 0 0 2 1
4499776499 0 0 8168164 0
4499776499 0 0 8168164 1
551 0 0 1 1
2881 0 0 4 0
2881 0 0 4 1
5763 0 0 8 1
1441 0 0 2 0
1441 0 0 2 1
721 0 0 1 1
2945 0 0 4 0
2945 0 0 4 1
737 0 0 1 1
3889411435 0 0 5198682 0
3889411435 0 0 5198682 1
749 0 0 1 1
3227 0 0 4 0
3227 0 0 4 1
807 0 0 1 1
1687 0 0 2 0
1687 0 0 2 1
844 0 0 1 1
296475067 0 0 342778 0
296475067 0 0 342778 1
865 0 0 1 1
278898214 0 0 317169 0
278898214 0 0 317169 1
880 0 0 1 1
9120891637 0 0 10247906 0
9120891637 0 0 10247906 1
891 0 0 1 1
630048103931 0 0 691541028 0
630048103931 0 0 691541028 1
912 0 0 1 1
3088642375 0 0 3364796 0
3088642375 0 0 3364796 1
918 0 0 1 1
2225 0 0 2 0
2225 0 0 2 1
1113 0 0 1 1
2233 0 0 2 0
2233 0 0 2 1
1117 0 0 1 1
2091539450 0 0 1862137 0
2091539450 0 0 1862137 1
1124 0 0 1 1
1181 0 0 1 0
1181 0 0 1 1
1182 0 0 1 1
402171835 0 0 338236 0
402171835 0 0 338236 1
1190 0 0 1 1
1251 0 0 1 0
1251 0 0 1 1
1252 0 0 1 1
187828893 0 0 130262 0
187828893 0 0 130262 1
1442 0 0 1 1
3633 0 0 2 0
3633 0 0 2 1
14533 0 0 8 1
302551050 0 0 166543 0
302551050 0 0 166543 1
1817 0 0 1 1
7973 0 0 4 0
7973 0 0 4 1
1994 0 0 1 1
63638102073 0 0 30816754 0
63638102073 0 0 30816754 1
2066 0 0 1 1
4925 0 0 2 0
4925 0 0 2 1
2463 0 0 1 1
9909 0 0 4 0
9909 0 0 4 1
2478 0 0 1 1
10541 0 0 4 0
10541 0 0 4 1
2636 0 0 1 1
14179321019 0 0 5214624 0
14179321019 0 0 5214624 1
2720 0 0 1 1
167527849475 0 0 60356252 0
167527849475 0 0 60356252 1
2776 0 0 1 1
232402961025 0 0 80901538 0
232402961025 0 0 80901538 1
232483862563 0 0 80901538 1
197 7 6 3 1 123 0
4294967295 56 16 68
4294967294 75 80 71
107 59 95 8
63 5 15 43
41 69 27 65
17 30 51 75
0 45 37 46
2 4 3 44325 0 0 18 107 4294967295 0 17 41 4294967294
2 4 3 19818 0 0 8 63 4294967294 0 17 41 4294967295
3 3 7 2010334193700 0 0 724275024 63 107 4294967295 0 17 41
3 4 7 3486044415375 0 0 1213523070 63 107 4294967294 0 17 41 4294967295
0 0 0 30 0
0 0 0 33 1
36 0 0 36 1
11661 0 0 156 0
6877 0 0 92 1
1950 0 0 26 1
30073 0 0 116 0
33184 0 0 128 1
9100 0 0 35 1
19874 0 0 76 0
21443 0 0 82 1
6550 0 0 25 1
4540562572 0 0 16186128 0
5027051419 0 0 17920356 1
9554 0 0 34 1
23347 0 0 74 0
25240 0 0 80 1
7584 0 0 24 1
26325 0 0 54 0
29250 0 0 60 1
16104 0 0 33 1
7722304200 0 0 15456132 0
8365829550 0 0 16744143 1
11500 0 0 23 1
54418 0 0 104 0
60697 0 0 116 1
16768 0 0 32 1
76895 0 0 140 0
83486 0 0 152 1
45059 0 0 82 1
94745625 0 0 172300 0
106115100 0 0 192976 1
17050 0 0 31 1
2875200718 0 0 5224372 0
3128894899 0 0 5685346 1
44040 0 0 80 1
107994635976 0 0 196035936 0
121493965473 0 0 220540428 1
16530 0 0 30 1
95073 0 0 132 0
103716 0 0 144 1
224757 0 0 312 1
33143 0 0 46 0
37466 0 0 52 1
20909 0 0 29 1
94240 0 0 128 0
103075 0 0 140 1
28006 0 0 38 1
159465868835 0 0 213145962 0
97235285875 0 0 129967050 1
20972 0 0 28 1
100037 0 0 124 0
109718 0 0 136 1
29859 0 0 37 1
67480 0 0 80 0
40488 0 0 48 1
22788 0 0 27 1
8894252010 0 0 10283340 0
9783677211 0 0 11311674 1
31140 0 0 36 1
10877030346 0 0 12369591 0
6414658922 0 0 7294887 1
22880 0 0 26 1
264505857473 0 0 297189274 0
291868532384 0 0 327932992 1
31185 0 0 35 1
23941827949378 0 0 26278559064 0
25831972261171 0 0 28353182148 1
22800 0 0 25 1
86481986500 0 0 94214288 0
95747913625 0 0 104308676 1
31212 0 0 34 1
82325 0 0 74 0
89000 0 0 80 1
26712 0 0 24 1
60291 0 0 54 0
66990 0 0 60 1
36861 0 0 33 1
75295420200 0 0 67036932 0
81570038550 0 0 72623343 1
25852 0 0 23 1
30706 0 0 26 0
34249 0 0 29 1
37824 0 0 32 1
14076014225 0 0 11838260 0
15282529730 0 0 12852968 1
48790 0 0 41 1
31275 0 0 25 0
35028 0 0 28 1
38812 0 0 31 1
6386182362 0 0 4428908 0
6949669041 0 0 4819694 1
57680 0 0 40 1
87192 0 0 48 0
98091 0 0 54 1
435990 0 0 240 1
9984184650 0 0 5495919 0
10891837800 0 0 5995548 1
70863 0 0 39 1
183379 0 0 92 0
207298 0 0 104 1
57826 0 0 29 1
2036419266336 0 0 986136128 0
2227333572555 0 0 1078586390 1
78508 0 0 38 1
201925 0 0 82 0
123125 0 0 50 1
68964 0 0 28 1
307179 0 0 124 0
336906 0 0 136 1
91686 0 0 37 1
421640 0 0 160 0
252984 0 0 96 1
71172 0 0 27 1
425379630570 0 0 156438720 0
467917593627 0 0 172082592 1
97920 0 0 36 1
6533586129525 0 0 2353893828 0
3853140537925 0 0 1388193796 1
72176 0 0 26 1
6739685869725 0 0 2346144602 0
7436894752800 0 0 2588849216 1
8136935189705 0 0 2831553830 1
198 7 7 1 0 123 0
0 45 37 46
17 30 51 75
41 69 27 65
63 5 15 43
107 59 95 8
4294967294 75 80 71
4294967295 56 16 68
3 4 7 232402961025 0 0 80901538 63 107 4294967294 0 17 41 4294967295
0 0 0 1 0
0 0 0 1 1
1 0 0 1 1
299 0 0 4 0
299 0 0 4 1
75 0 0 1 1
1037 0 0 4 0
1037 0 0 4 1
260 0 0 1 1
523 0 0 2 0
523 0 0 2 1
262 0 0 1 1
162162949 0 0 578076 0
162162949 0 0 578076 1
281 0 0 1 1
631 0 0 2 0
631 0 0 2 1
316 0 0 1 1
975 0 0 2 0
975 0 0 2 1
488 0 0 1 1
214508450 0 0 429337 0
214508450 0 0 429337 1
500 0 0 1 1
2093 0 0 4 0
2093 0 0 4 1
524 0 0 1 1
2197 0 0 4 0
2197 0 0 4 1
1099 0 0 2 1
3789825 0 0 6892 0
3789825 0 0 6892 1
550 0 0 1 1
84564727 0 0 153658 0
84564727 0 0 153658 1
1101 0 0 2 1
4499776499 0 0 8168164 0
4499776499 0 0 8168164 1
551 0 0 1 1
2881 0 0 4 0
2881 0 0 4 1
5763 0 0 8 1
1441 0 0 2 0
1441 0 0 2 1
721 0 0 1 1
2945 0 0 4 0
2945 0 0 4 1
737 0 0 1 1
3889411435 0 0 5198682 0
3889411435 0 0 5198682 1
749 0 0 1 1
3227 0 0 4 0
3227 0 0 4 1
807 0 0 1 1
1687 0 0 2 0
1687 0 0 2 1
844 0 0 1 1
296475067 0 0 342778 0
296475067 0 0 342778 1
865 0 0 1 1
278898214 0 0 317169 0
278898214 0 0 317169 1
880 0 0 1 1
9120891637 0 0 10247906 0
9120891637 0 0 10247906 1
891 0 0 1 1
630048103931 0 0 691541028 0
630048103931 0 0 691541028 1
912 0 0 1 1
3088642375 0 0 3364796 0
3088642375 0 0 3364796 1
918 0 0 1 1
2225 0 0 2 0
2225 0 0 2 1
1113 0 0 1 1
2233 0 0 2 0
2233 0 0 2 1
1117 0 0 1 1
2091539450 0 0 1862137 0
2091539450 0 0 1862137 1
1124 0 0 1 1
1181 0 0 1 0
1181 0 0 1 1
1182 0 0 1 1
402171835 0 0 338236 0
402171835 0 0 338236 1
1190 0 0 1 1
1251 0 0 1 0
1251 0 0 1 1
1252 0 0 1 1
187828893 0 0 130262 0
187828893 0 0 130262 1
1442 0 0 1 1
3633 0 0 2 0
3633 0 0 2 1
14533 0 0 8 1
302551050 0 0 166543 0
302551050 0 0 166543 1
1817 0 0 1 1
7973 0 0 4 0
7973 0 0 4 1
1994 0 0 1 1
63638102073 0 0 30816754 0
63638102073 0 0 30816754 1
2066 0 0 1 1
4925 0 0 2 0
4925 0 0 2 1
2463 0 0 1 1
9909 0 0 4 0
9909 0 0 4 1
2478 0 0 1 1
10541 0 0 4 0
10541 0 0 4 1
2636 0 0 1 1
14179321019 0 0 5214624 0
14179321019 0 0 5214624 1
2720 0 0 1 1
167527849475 0 0 60356252 0
167527849475 0 0 60356252 1
2776 0 0 1 1
232402961025 0 0 80901538 0
232402961025 0 0 80901538 1
232483862563 0 0 80901538 1
199 7 7 1 0 123 0
4294967295 56 16 68
4294967294 75 80 71
107 59 95 8
63 5 15 43
41 69 27 65
17 30 51 75
0 45 37 46
3 4 7 3253641454350 0 0 1132621532 63 107 4294967294 0 17 41 4294967295
0 0 0 32 0
0 0 0 35 1
38 0 0 38 1
12259 0 0 164 0
7475 0 0 100 1
2100 0 0 28 1
32147 0 0 124 0
35258 0 0 136 1
9620 0 0 37 1
20920 0 0 80 0
12552 0 0 48 1
7074 0 0 27 1
4864888470 0 0 17342280 0
5351377317 0 0 19076508 1
10116 0 0 36 1
24609 0 0 78 0
14513 0 0 46 1
8216 0 0 26 1
28275 0 0 58 0
31200 0 0 64 1
17080 0 0 35 1
8151321100 0 0 16314806 0
8794846450 0 0 17602817 1
12500 0 0 25 1
58604 0 0 112 0
64883 0 0 124 1
17816 0 0 34 1
81289 0 0 148 0
87880 0 0 160 1
26376 0 0 48 1
102325275 0 0 186084 0
113694750 0 0 206760 1
18150 0 0 33 1
3044330172 0 0 5531688 0
3298024353 0 0 5992662 1
25323 0 0 46 1
116994188974 0 0 212372264 0
130493518471 0 0 236876756 1
17632 0 0 32 1
100835 0 0 140 0
109478 0 0 152 1
236283 0 0 328 1
36025 0 0 50 0
40348 0 0 56 1
22351 0 0 31 1
100130 0 0 136 0
108965 0 0 148 1
29480 0 0 40 1
93345874440 0 0 124768368 0
105014108745 0 0 140364414 1
22470 0 0 30 1
106491 0 0 132 0
116172 0 0 144 1
31473 0 0 39 1
38801 0 0 46 0
43862 0 0 52 1
24476 0 0 29 1
9487202144 0 0 10968896 0
10376627345 0 0 11997230 1
32870 0 0 38 1
11434826774 0 0 13003929 0
6972455350 0 0 7929225 1
24640 0 0 28 1
282747640747 0 0 317685086 0
310110315658 0 0 348428804 1
32967 0 0 37 1
25201924157240 0 0 27661641120 0
15121154494344 0 0 16596984672 1
24624 0 0 27 1
92659271250 0 0 100943880 0
101925198375 0 0 111038268 1
33048 0 0 36 1
86775 0 0 78 0
51175 0 0 46 1
28938 0 0 26 1
64757 0 0 58 0
71456 0 0 64 1
39095 0 0 35 1
79478499100 0 0 70761206 0
85753117450 0 0 76347617 1
28100 0 0 25 1
33068 0 0 28 0
36611 0 0 31 1
40188 0 0 34 1
14880357895 0 0 12514732 0
16086873400 0 0 13529440 1
28560 0 0 24 1
33777 0 0 27 0
37530 0 0 30 1
41316 0 0 33 1
6761840148 0 0 4689432 0
7325326827 0 0 5080218 1
33166 0 0 23 1
94458 0 0 52 0
105357 0 0 58 1
465056 0 0 256 1
10589286750 0 0 5829005 0
11496939900 0 0 6328634 1
74497 0 0 41 1
199325 0 0 100 0
223244 0 0 112 1
61814 0 0 31 1
2163695470482 0 0 1047769636 0
2354609776701 0 0 1140219898 1
82640 0 0 40 1
118200 0 0 48 0
132975 0 0 54 1
73890 0 0 30 1
326997 0 0 132 0
356724 0 0 144 1
96642 0 0 39 1
242443 0 0 92 0
274066 0 0 104 1
76444 0 0 29 1
453738272608 0 0 166867968 0
496276235665 0 0 182511840 1
103360 0 0 38 1
6868641828475 0 0 2474606332 0
4188196236875 0 0 1508906300 1
77728 0 0 28 1
7204491791775 0 0 2507947678 0
7901700674850 0 0 2750652292 1
8601902914831 0 0 2993356906 1
