{
  "captured_files_read": 182,
  "controller_sha256": "417ccc3b47bb7591405f3af99bf7591bf2019794aa4535077436ce4889c4adfa",
  "cross_s_semantics_checked": true,
  "engine_runs": 0,
  "first_c_supplement_sha256": "8f8aed03755d9c92775566b21d4fdd9dcba31f171adf4b83e9802a988a450370",
  "gcp_used": false,
  "geometry_or_catalogue_completeness_proved": false,
  "integrated_tower_qualified": false,
  "paired": {
    "all_successful": true,
    "attempts": [
      {
        "alias_policy": "eager",
        "attempt_id": "n8000_s8_k10_eager_c0",
        "attempt_success": true,
        "available_artifacts": [
          "n8000_s8_k10_eager_c0.command.json",
          "n8000_s8_k10_eager_c0.intent.json",
          "n8000_s8_k10_eager_c0.judge_normal.command.json",
          "n8000_s8_k10_eager_c0.judge_normal.intent.json",
          "n8000_s8_k10_eager_c0.judge_normal.stderr",
          "n8000_s8_k10_eager_c0.judge_normal.stdout",
          "n8000_s8_k10_eager_c0.judge_optimized.command.json",
          "n8000_s8_k10_eager_c0.judge_optimized.intent.json",
          "n8000_s8_k10_eager_c0.judge_optimized.stderr",
          "n8000_s8_k10_eager_c0.judge_optimized.stdout",
          "n8000_s8_k10_eager_c0.raw.txt",
          "n8000_s8_k10_eager_c0.receipt.json",
          "n8000_s8_k10_eager_c0.sources_after.json",
          "n8000_s8_k10_eager_c0.sources_before.json",
          "n8000_s8_k10_eager_c0.verdict.json"
        ],
        "cache_entries": 0,
        "certificate_digest": "e6e3fa51140fa9e39904c63dfaff18636ea7f10e058bfafdf1dc7b70b51fa625",
        "command_elapsed_seconds": 141.0127442339999,
        "complete_elapsed_before_terminal_ms": 140955.702397,
        "exit_code": 0,
        "first_c_supplement": {
          "alias_policy": "eager",
          "attempt_success": true,
          "cache_entries": 0,
          "refused_lazy_orders_bounded": 0,
          "requires_frozen_v2_judge_sha256": "8d8a612aa973cb79e60e97a6675f63684ddd8892cfc550716c20620c4d6930ef",
          "scope": "first_C_counter_supplement_not_v2_replacement_or_oracle",
          "successful_lazy_orders_checked": 0,
          "successful_orders_diagnostic": 10,
          "supplement_status": "valid"
        },
        "front": {
          "alive_peak_rects": 754686,
          "ball_capacity_observed": 3113381,
          "candidate_capacity_observed": 3144017,
          "census_balls": 3113381,
          "census_merge_peak_bytes": 697397344,
          "census_query_nodes": 284536613,
          "emitted_at_refus": 0,
          "frontier_ledger_closed": true,
          "generation_cap_refus": 0,
          "invariant_jneg": 0,
          "ledger_q2_emitted": 321336,
          "ledger_q2_killed": 31674664,
          "ledger_q3_emitted": 1113906,
          "ledger_q3_killed": 30882094,
          "ledger_q4_emitted": 1313979,
          "ledger_q4_killed": 30682021,
          "pair_mass_expected_per_lane": 31996000,
          "prefilter_query_nodes": 279817429,
          "q4_completions": 39627584,
          "q4_core_site_tests": 218060801,
          "rank_relevant_extra_shell": 0,
          "rank_window_regular": true,
          "raw_candidates": 3144017,
          "unique_candidates": 3144017,
          "wave_peak_tasks": 432164,
          "wspd_corner_evals": 167115088,
          "wspd_witness_nodes": 563616452
        },
        "input_digest": "b73744755477b18a5853084851075bb4e3e468ae7d1353c98d0991576a099639",
        "max_rss_kib": 1833532,
        "n": 8000,
        "observed_elapsed_before_terminal_ms_diagnostic": 140955.702397,
        "orders": [
          {
            "alias_hits": 59750,
            "aliases": 8000,
            "build_ms": 43.622003,
            "cache_hits": 0,
            "cache_inserts": 0,
            "cache_lookups": 0,
            "cache_skips": 0,
            "certificate_digest": "8799bda5f76252de1b64add2584d59fdddaa7ea6723c2dcb59d4994cef8e3015",
            "certificate_minima": 8000,
            "certificate_nodes": 15999,
            "certificate_parent_refs": 15998,
            "chain_steps": 0,
            "connection_catalogue_records": 29875,
            "digest_ms": 2.087226,
            "direct_lookups": 0,
            "expand_ms": 32.69671,
            "face_visits": 119500,
            "geometry_meb_calls": 0,
            "hwm_mib_sample": 1185.960938,
            "input_records": 29875,
            "k": 1,
            "max_chain_length": 0,
            "meb_calls": 0,
            "meb_supports": 0,
            "minimum_catalogue_records": 0,
            "minimum_hits": 0,
            "minimum_lookups": 0,
            "no_op_connections": 21875,
            "normalized_anchors": 119500,
            "outcome": "complete_relative",
            "portal_requests": 0,
            "query_leaves": 0,
            "query_nodes": 0,
            "query_range_skips": 0,
            "read_ms": 0.917162,
            "release_ms": 0.00021,
            "rss_mib_sample": 706.78125,
            "singleton_intruder_resolutions": 0,
            "successor_steps": 755912,
            "terminal_coverage_points": 8000,
            "terminal_direct": 0,
            "terminal_roots": 1
          },
          {
            "alias_hits": 157831,
            "aliases": 62103,
            "build_ms": 227.271894,
            "cache_hits": 0,
            "cache_inserts": 0,
            "cache_lookups": 0,
            "cache_skips": 0,
            "certificate_digest": "2ad27bfbf04fb7ff0f895e432304bd08a653a98491b7ac001cfcfe10dde3d45b",
            "certificate_minima": 29875,
            "certificate_nodes": 52982,
            "certificate_parent_refs": 52981,
            "chain_steps": 4325,
            "connection_catalogue_records": 63353,
            "digest_ms": 11.449781,
            "direct_lookups": 4325,
            "expand_ms": 36.692769,
            "face_visits": 351187,
            "geometry_meb_calls": 7622,
            "hwm_mib_sample": 1185.960938,
            "input_records": 93228,
            "k": 2,
            "max_chain_length": 6,
            "meb_calls": 7622,
            "meb_supports": 15522,
            "minimum_catalogue_records": 29875,
            "minimum_hits": 0,
            "minimum_lookups": 0,
            "no_op_connections": 40246,
            "normalized_anchors": 312461,
            "outcome": "complete_relative",
            "portal_requests": 3297,
            "query_leaves": 8991,
            "query_nodes": 249889,
            "query_range_skips": 8749,
            "read_ms": 6.994175,
            "release_ms": 0.001012,
            "rss_mib_sample": 711.441406,
            "singleton_intruder_resolutions": 0,
            "successor_steps": 2730787,
            "terminal_coverage_points": 8000,
            "terminal_direct": 3297,
            "terminal_roots": 1
          },
          {
            "alias_hits": 295893,
            "aliases": 199928,
            "build_ms": 676.812263,
            "cache_hits": 0,
            "cache_inserts": 0,
            "cache_lookups": 0,
            "cache_skips": 0,
            "certificate_digest": "dec0d498c39c47bfdbd7bd07f489d05f29046c4e8e0b8aabc5e6e0add182afa7",
            "certificate_minima": 63353,
            "certificate_nodes": 107971,
            "certificate_parent_refs": 107970,
            "chain_steps": 17395,
            "connection_catalogue_records": 108117,
            "digest_ms": 26.689757,
            "direct_lookups": 17395,
            "expand_ms": 48.652402,
            "face_visits": 740657,
            "geometry_meb_calls": 29691,
            "hwm_mib_sample": 1185.960938,
            "input_records": 171470,
            "k": 3,
            "max_chain_length": 10,
            "meb_calls": 29691,
            "meb_supports": 160443,
            "minimum_catalogue_records": 63353,
            "minimum_hits": 0,
            "minimum_lookups": 0,
            "no_op_connections": 63497,
            "normalized_anchors": 587965,
            "outcome": "complete_relative",
            "portal_requests": 12296,
            "query_leaves": 43302,
            "query_nodes": 1142813,
            "query_range_skips": 45236,
            "read_ms": 18.39728,
            "release_ms": 0.001152,
            "rss_mib_sample": 756.65625,
            "singleton_intruder_resolutions": 0,
            "successor_steps": 5472916,
            "terminal_coverage_points": 8000,
            "terminal_direct": 12296,
            "terminal_roots": 1
          },
          {
            "alias_hits": 472951,
            "aliases": 456141,
            "build_ms": 1383.610497,
            "cache_hits": 0,
            "cache_inserts": 0,
            "cache_lookups": 0,
            "cache_skips": 0,
            "certificate_digest": "05a0ef5324fec2d08e418af760b7237d0c978daf8893d93f58b05806f80a2d3c",
            "certificate_minima": 108117,
            "certificate_nodes": 181305,
            "certificate_parent_refs": 181304,
            "chain_steps": 41531,
            "connection_catalogue_records": 164195,
            "digest_ms": 64.55778,
            "direct_lookups": 41531,
            "expand_ms": 51.429195,
            "face_visits": 1321716,
            "geometry_meb_calls": 69321,
            "hwm_mib_sample": 1185.960938,
            "input_records": 272312,
            "k": 4,
            "max_chain_length": 9,
            "meb_calls": 69321,
            "meb_supports": 813666,
            "minimum_catalogue_records": 108117,
            "minimum_hits": 0,
            "minimum_lookups": 0,
            "no_op_connections": 91006,
            "normalized_anchors": 946298,
            "outcome": "complete_relative",
            "portal_requests": 27790,
            "query_leaves": 113057,
            "query_nodes": 3013481,
            "query_range_skips": 137759,
            "read_ms": 41.446071,
            "release_ms": 0.001052,
            "rss_mib_sample": 801.640625,
            "singleton_intruder_resolutions": 0,
            "successor_steps": 9134595,
            "terminal_coverage_points": 8000,
            "terminal_direct": 27790,
            "terminal_roots": 1
          },
          {
            "alias_hits": 689570,
            "aliases": 864603,
            "build_ms": 2532.356627,
            "cache_hits": 0,
            "cache_inserts": 0,
            "cache_lookups": 0,
            "cache_skips": 0,
            "certificate_digest": "38593915ea762d1243773b04fc44c84c9809fe4605e2ca96a1e46aa0132648e7",
            "certificate_minima": 164195,
            "certificate_nodes": 272986,
            "certificate_parent_refs": 272985,
            "chain_steps": 76904,
            "connection_catalogue_records": 231663,
            "digest_ms": 101.140353,
            "direct_lookups": 76904,
            "expand_ms": 57.338675,
            "face_visits": 2129083,
            "geometry_meb_calls": 126439,
            "hwm_mib_sample": 1185.960938,
            "input_records": 395858,
            "k": 5,
            "max_chain_length": 11,
            "meb_calls": 126439,
            "meb_supports": 2845755,
            "minimum_catalogue_records": 164195,
            "minimum_hits": 0,
            "minimum_lookups": 0,
            "no_op_connections": 122871,
            "normalized_anchors": 1388853,
            "outcome": "complete_relative",
            "portal_requests": 49535,
            "query_leaves": 221398,
            "query_nodes": 6034156,
            "query_range_skips": 313810,
            "read_ms": 65.254821,
            "release_ms": 3.138057,
            "rss_mib_sample": 821.910156,
            "singleton_intruder_resolutions": 0,
            "successor_steps": 13737344,
            "terminal_coverage_points": 8000,
            "terminal_direct": 49535,
            "terminal_roots": 1
          },
          {
            "alias_hits": 940590,
            "aliases": 1452848,
            "build_ms": 4341.237781,
            "cache_hits": 0,
            "cache_inserts": 0,
            "cache_lookups": 0,
            "cache_skips": 0,
            "certificate_digest": "0ef536b610bf5128f2afbaa0fc0c27681a392549a41c1529466efdd9e20a66c9",
            "certificate_minima": 231663,
            "certificate_nodes": 383457,
            "certificate_parent_refs": 383456,
            "chain_steps": 125090,
            "connection_catalogue_records": 308825,
            "digest_ms": 156.692564,
            "direct_lookups": 125090,
            "expand_ms": 80.290315,
            "face_visits": 3180117,
            "geometry_meb_calls": 202842,
            "hwm_mib_sample": 1185.960938,
            "input_records": 540488,
            "k": 6,
            "max_chain_length": 13,
            "meb_calls": 202842,
            "meb_supports": 8120836,
            "minimum_catalogue_records": 231663,
            "minimum_hits": 0,
            "minimum_lookups": 0,
            "no_op_connections": 157030,
            "normalized_anchors": 1905520,
            "outcome": "complete_relative",
            "portal_requests": 77752,
            "query_leaves": 374425,
            "query_nodes": 10526666,
            "query_range_skips": 605355,
            "read_ms": 100.991977,
            "release_ms": 0.785306,
            "rss_mib_sample": 930.859375,
            "singleton_intruder_resolutions": 0,
            "successor_steps": 19253341,
            "terminal_coverage_points": 8000,
            "terminal_direct": 77752,
            "terminal_roots": 1
          },
          {
            "alias_hits": 1226118,
            "aliases": 2254099,
            "build_ms": 6434.138732,
            "cache_hits": 0,
            "cache_inserts": 0,
            "cache_lookups": 0,
            "cache_skips": 0,
            "certificate_digest": "56d1c20c243e8e9cc6148a4ea12369db29bc78eeacae90f5fe7c114310f9787b",
            "certificate_minima": 308825,
            "certificate_nodes": 509617,
            "certificate_parent_refs": 509616,
            "chain_steps": 187220,
            "connection_catalogue_records": 396424,
            "digest_ms": 219.331994,
            "direct_lookups": 187220,
            "expand_ms": 79.115263,
            "face_visits": 4510313,
            "geometry_meb_calls": 300023,
            "hwm_mib_sample": 1185.960938,
            "input_records": 705249,
            "k": 7,
            "max_chain_length": 15,
            "meb_calls": 300023,
            "meb_supports": 20022363,
            "minimum_catalogue_records": 308825,
            "minimum_hits": 0,
            "minimum_lookups": 0,
            "no_op_connections": 195631,
            "normalized_anchors": 2497737,
            "outcome": "complete_relative",
            "portal_requests": 112803,
            "query_leaves": 577668,
            "query_nodes": 16768738,
            "query_range_skips": 1046350,
            "read_ms": 155.377429,
            "release_ms": 0.641347,
            "rss_mib_sample": 1034.644531,
            "singleton_intruder_resolutions": 0,
            "successor_steps": 25616968,
            "terminal_coverage_points": 8000,
            "terminal_direct": 112803,
            "terminal_roots": 1
          },
          {
            "alias_hits": 1543206,
            "aliases": 3293710,
            "build_ms": 10285.07926,
            "cache_hits": 0,
            "cache_inserts": 0,
            "cache_lookups": 0,
            "cache_skips": 0,
            "certificate_digest": "091b57d20eed4b4c0f8ecf4814c73e44a59109e571eda86ae20ca40d144fd802",
            "certificate_minima": 396424,
            "certificate_nodes": 652618,
            "certificate_parent_refs": 652617,
            "chain_steps": 263308,
            "connection_catalogue_records": 493388,
            "digest_ms": 282.361121,
            "direct_lookups": 263308,
            "expand_ms": 80.700432,
            "face_visits": 6138403,
            "geometry_meb_calls": 418013,
            "hwm_mib_sample": 1338.886719,
            "input_records": 889812,
            "k": 8,
            "max_chain_length": 16,
            "meb_calls": 418013,
            "meb_supports": 44088536,
            "minimum_catalogue_records": 396424,
            "minimum_hits": 0,
            "minimum_lookups": 0,
            "no_op_connections": 237194,
            "normalized_anchors": 3159021,
            "outcome": "complete_relative",
            "portal_requests": 154705,
            "query_leaves": 831304,
            "query_nodes": 24900062,
            "query_range_skips": 1663463,
            "read_ms": 212.564482,
            "release_ms": 0.523127,
            "rss_mib_sample": 1137.578125,
            "singleton_intruder_resolutions": 0,
            "successor_steps": 32808937,
            "terminal_coverage_points": 8000,
            "terminal_direct": 154705,
            "terminal_roots": 1
          },
          {
            "alias_hits": 1894669,
            "aliases": 4606779,
            "build_ms": 15462.585858,
            "cache_hits": 0,
            "cache_inserts": 0,
            "cache_lookups": 0,
            "cache_skips": 0,
            "certificate_digest": "cc4cba135cc74dffcb4cd6bcadab39269efd01d5ea1a9954cdd1fe2f33455899",
            "certificate_minima": 493388,
            "certificate_nodes": 811603,
            "certificate_parent_refs": 811602,
            "chain_steps": 353548,
            "connection_catalogue_records": 600806,
            "digest_ms": 369.739858,
            "direct_lookups": 353548,
            "expand_ms": 86.359805,
            "face_visits": 8105926,
            "geometry_meb_calls": 556745,
            "hwm_mib_sample": 1524.367188,
            "input_records": 1094194,
            "k": 9,
            "max_chain_length": 19,
            "meb_calls": 556745,
            "meb_supports": 89176574,
            "minimum_catalogue_records": 493388,
            "minimum_hits": 0,
            "minimum_lookups": 0,
            "no_op_connections": 282591,
            "normalized_anchors": 3896132,
            "outcome": "complete_relative",
            "portal_requests": 203197,
            "query_leaves": 1136861,
            "query_nodes": 35099256,
            "query_range_skips": 2489315,
            "read_ms": 294.622718,
            "release_ms": 0.795575,
            "rss_mib_sample": 1286.105469,
            "singleton_intruder_resolutions": 0,
            "successor_steps": 40929159,
            "terminal_coverage_points": 8000,
            "terminal_direct": 203197,
            "terminal_roots": 1
          },
          {
            "alias_hits": 2275867,
            "aliases": 6209024,
            "build_ms": 23856.170561,
            "cache_hits": 0,
            "cache_inserts": 0,
            "cache_lookups": 0,
            "cache_skips": 0,
            "certificate_digest": "95ebec1618c3a15af695b7512974d8f865aa1dc7511dcc5afade5ac9d21b9e07",
            "certificate_minima": 600806,
            "certificate_nodes": 987934,
            "certificate_parent_refs": 987933,
            "chain_steps": 456331,
            "connection_catalogue_records": 716735,
            "digest_ms": 482.618882,
            "direct_lookups": 456331,
            "expand_ms": 90.385659,
            "face_visits": 10418444,
            "geometry_meb_calls": 714823,
            "hwm_mib_sample": 1790.558594,
            "input_records": 1317541,
            "k": 10,
            "max_chain_length": 18,
            "meb_calls": 714823,
            "meb_supports": 167966288,
            "minimum_catalogue_records": 600806,
            "minimum_hits": 0,
            "minimum_lookups": 0,
            "no_op_connections": 329604,
            "normalized_anchors": 4700064,
            "outcome": "complete_relative",
            "portal_requests": 258492,
            "query_leaves": 1491026,
            "query_nodes": 47429069,
            "query_range_skips": 3536851,
            "read_ms": 396.654495,
            "release_ms": 10.347474,
            "rss_mib_sample": 1337.941406,
            "singleton_intruder_resolutions": 0,
            "successor_steps": 49908451,
            "terminal_coverage_points": 8000,
            "terminal_direct": 258492,
            "terminal_roots": 1
          }
        ],
        "outcome": "complete_relative",
        "raw_sha256": "bedfc9cc7eabd92518919a874ce187eab793bb017e6653d727f0edc12a0f4818",
        "reason": "full_horizontal_relative_to_supplied_complete_exact_regular_gabriel_catalogues",
        "receipt_sha256": "493a675ae8449c92b4c7f9f1d8f85bf7092587eff093b99b1f806709688a2329",
        "s": 8,
        "stage_ms": {
          "census": 6494.822171,
          "count": 37.854247,
          "digest": 1717.092154,
          "expand": 643.66425,
          "full": 65242.888622,
          "generation": 54691.142485,
          "index": 2.127551,
          "input": 1.615886,
          "prefilter": 9127.674869,
          "read": 1293.228942,
          "regularity": 14.730575,
          "release": 21.805049,
          "rle": 1665.663792
        },
        "status": "completed_relative",
        "successful_orders_diagnostic": 10
      },
      {
        "alias_policy": "lazy",
        "attempt_id": "n8000_s8_k10_lazy_c1000000",
        "attempt_success": true,
        "available_artifacts": [
          "n8000_s8_k10_lazy_c1000000.command.json",
          "n8000_s8_k10_lazy_c1000000.intent.json",
          "n8000_s8_k10_lazy_c1000000.judge_normal.command.json",
          "n8000_s8_k10_lazy_c1000000.judge_normal.intent.json",
          "n8000_s8_k10_lazy_c1000000.judge_normal.stderr",
          "n8000_s8_k10_lazy_c1000000.judge_normal.stdout",
          "n8000_s8_k10_lazy_c1000000.judge_optimized.command.json",
          "n8000_s8_k10_lazy_c1000000.judge_optimized.intent.json",
          "n8000_s8_k10_lazy_c1000000.judge_optimized.stderr",
          "n8000_s8_k10_lazy_c1000000.judge_optimized.stdout",
          "n8000_s8_k10_lazy_c1000000.raw.txt",
          "n8000_s8_k10_lazy_c1000000.receipt.json",
          "n8000_s8_k10_lazy_c1000000.sources_after.json",
          "n8000_s8_k10_lazy_c1000000.sources_before.json",
          "n8000_s8_k10_lazy_c1000000.verdict.json"
        ],
        "cache_entries": 1000000,
        "certificate_digest": "e6e3fa51140fa9e39904c63dfaff18636ea7f10e058bfafdf1dc7b70b51fa625",
        "command_elapsed_seconds": 142.80949523100003,
        "complete_elapsed_before_terminal_ms": 142786.924221,
        "exit_code": 0,
        "first_c_supplement": {
          "alias_policy": "lazy",
          "attempt_success": true,
          "cache_entries": 1000000,
          "refused_lazy_orders_bounded": 0,
          "requires_frozen_v2_judge_sha256": "8d8a612aa973cb79e60e97a6675f63684ddd8892cfc550716c20620c4d6930ef",
          "scope": "first_C_counter_supplement_not_v2_replacement_or_oracle",
          "successful_lazy_orders_checked": 10,
          "successful_orders_diagnostic": 10,
          "supplement_status": "valid"
        },
        "front": {
          "alive_peak_rects": 754686,
          "ball_capacity_observed": 3113381,
          "candidate_capacity_observed": 3144017,
          "census_balls": 3113381,
          "census_merge_peak_bytes": 697397344,
          "census_query_nodes": 284536613,
          "emitted_at_refus": 0,
          "frontier_ledger_closed": true,
          "generation_cap_refus": 0,
          "invariant_jneg": 0,
          "ledger_q2_emitted": 321336,
          "ledger_q2_killed": 31674664,
          "ledger_q3_emitted": 1113906,
          "ledger_q3_killed": 30882094,
          "ledger_q4_emitted": 1313979,
          "ledger_q4_killed": 30682021,
          "pair_mass_expected_per_lane": 31996000,
          "prefilter_query_nodes": 279817429,
          "q4_completions": 39627584,
          "q4_core_site_tests": 218060801,
          "rank_relevant_extra_shell": 0,
          "rank_window_regular": true,
          "raw_candidates": 3144017,
          "unique_candidates": 3144017,
          "wave_peak_tasks": 432164,
          "wspd_corner_evals": 167115088,
          "wspd_witness_nodes": 563616452
        },
        "input_digest": "b73744755477b18a5853084851075bb4e3e468ae7d1353c98d0991576a099639",
        "max_rss_kib": 1323464,
        "n": 8000,
        "observed_elapsed_before_terminal_ms_diagnostic": 142786.924221,
        "orders": [
          {
            "alias_hits": 0,
            "aliases": 0,
            "build_ms": 42.509927,
            "cache_hits": 0,
            "cache_inserts": 0,
            "cache_lookups": 0,
            "cache_skips": 0,
            "certificate_digest": "8799bda5f76252de1b64add2584d59fdddaa7ea6723c2dcb59d4994cef8e3015",
            "certificate_minima": 8000,
            "certificate_nodes": 15999,
            "certificate_parent_refs": 15998,
            "chain_steps": 0,
            "connection_catalogue_records": 29875,
            "digest_ms": 1.910175,
            "direct_lookups": 0,
            "expand_ms": 31.076205,
            "face_visits": 59750,
            "geometry_meb_calls": 0,
            "hwm_mib_sample": 1185.816406,
            "input_records": 29875,
            "k": 1,
            "max_chain_length": 0,
            "meb_calls": 0,
            "meb_supports": 0,
            "minimum_catalogue_records": 0,
            "minimum_hits": 59750,
            "minimum_lookups": 59750,
            "no_op_connections": 21875,
            "normalized_anchors": 59750,
            "outcome": "complete_relative",
            "portal_requests": 0,
            "query_leaves": 0,
            "query_nodes": 0,
            "query_range_skips": 0,
            "read_ms": 0.900181,
            "release_ms": 0.000261,
            "rss_mib_sample": 706.726562,
            "singleton_intruder_resolutions": 0,
            "successor_steps": 502560,
            "terminal_coverage_points": 8000,
            "terminal_direct": 0,
            "terminal_roots": 1
          },
          {
            "alias_hits": 0,
            "aliases": 0,
            "build_ms": 262.848248,
            "cache_hits": 8398,
            "cache_inserts": 16261,
            "cache_lookups": 24659,
            "cache_skips": 0,
            "certificate_digest": "2ad27bfbf04fb7ff0f895e432304bd08a653a98491b7ac001cfcfe10dde3d45b",
            "certificate_minima": 29875,
            "certificate_nodes": 52982,
            "certificate_parent_refs": 52981,
            "chain_steps": 4325,
            "connection_catalogue_records": 63353,
            "digest_ms": 8.890635,
            "direct_lookups": 17289,
            "expand_ms": 36.582022,
            "face_visits": 161128,
            "geometry_meb_calls": 20586,
            "hwm_mib_sample": 1185.816406,
            "input_records": 93228,
            "k": 2,
            "max_chain_length": 6,
            "meb_calls": 20586,
            "meb_supports": 28486,
            "minimum_catalogue_records": 29875,
            "minimum_hits": 136469,
            "minimum_lookups": 161128,
            "no_op_connections": 40246,
            "normalized_anchors": 154093,
            "outcome": "complete_relative",
            "portal_requests": 16261,
            "query_leaves": 34919,
            "query_nodes": 928403,
            "query_range_skips": 21713,
            "read_ms": 6.654751,
            "release_ms": 0.000331,
            "rss_mib_sample": 707.089844,
            "singleton_intruder_resolutions": 12964,
            "successor_steps": 1992894,
            "terminal_coverage_points": 8000,
            "terminal_direct": 16261,
            "terminal_roots": 1
          },
          {
            "alias_hits": 0,
            "aliases": 0,
            "build_ms": 695.383056,
            "cache_hits": 18855,
            "cache_inserts": 51202,
            "cache_lookups": 70057,
            "cache_skips": 0,
            "certificate_digest": "dec0d498c39c47bfdbd7bd07f489d05f29046c4e8e0b8aabc5e6e0add182afa7",
            "certificate_minima": 63353,
            "certificate_nodes": 107971,
            "certificate_parent_refs": 107970,
            "chain_steps": 17395,
            "connection_catalogue_records": 108117,
            "digest_ms": 27.523244,
            "direct_lookups": 56301,
            "expand_ms": 49.003317,
            "face_visits": 308189,
            "geometry_meb_calls": 68597,
            "hwm_mib_sample": 1185.816406,
            "input_records": 171470,
            "k": 3,
            "max_chain_length": 10,
            "meb_calls": 68597,
            "meb_supports": 276365,
            "minimum_catalogue_records": 63353,
            "minimum_hits": 238132,
            "minimum_lookups": 308189,
            "no_op_connections": 63497,
            "normalized_anchors": 288874,
            "outcome": "complete_relative",
            "portal_requests": 51202,
            "query_leaves": 140052,
            "query_nodes": 3500885,
            "query_range_skips": 102675,
            "read_ms": 17.891665,
            "release_ms": 0.000912,
            "rss_mib_sample": 745.277344,
            "singleton_intruder_resolutions": 38906,
            "successor_steps": 4047647,
            "terminal_coverage_points": 8000,
            "terminal_direct": 51202,
            "terminal_roots": 1
          },
          {
            "alias_hits": 0,
            "aliases": 0,
            "build_ms": 1479.66698,
            "cache_hits": 30631,
            "cache_inserts": 103851,
            "cache_lookups": 134482,
            "cache_skips": 0,
            "certificate_digest": "05a0ef5324fec2d08e418af760b7237d0c978daf8893d93f58b05806f80a2d3c",
            "certificate_minima": 108117,
            "certificate_nodes": 181305,
            "certificate_parent_refs": 181304,
            "chain_steps": 41531,
            "connection_catalogue_records": 164195,
            "digest_ms": 56.475664,
            "direct_lookups": 117592,
            "expand_ms": 52.750833,
            "face_visits": 500741,
            "geometry_meb_calls": 145382,
            "hwm_mib_sample": 1185.816406,
            "input_records": 272312,
            "k": 4,
            "max_chain_length": 9,
            "meb_calls": 145382,
            "meb_supports": 1353108,
            "minimum_catalogue_records": 108117,
            "minimum_hits": 366259,
            "minimum_lookups": 500741,
            "no_op_connections": 91006,
            "normalized_anchors": 464845,
            "outcome": "complete_relative",
            "portal_requests": 103851,
            "query_leaves": 322370,
            "query_nodes": 8158468,
            "query_range_skips": 301212,
            "read_ms": 34.305452,
            "release_ms": 0.000941,
            "rss_mib_sample": 771.207031,
            "singleton_intruder_resolutions": 76061,
            "successor_steps": 6817240,
            "terminal_coverage_points": 8000,
            "terminal_direct": 103851,
            "terminal_roots": 1
          },
          {
            "alias_hits": 0,
            "aliases": 0,
            "build_ms": 2517.628706,
            "cache_hits": 45172,
            "cache_inserts": 173057,
            "cache_lookups": 218229,
            "cache_skips": 0,
            "certificate_digest": "38593915ea762d1243773b04fc44c84c9809fe4605e2ca96a1e46aa0132648e7",
            "certificate_minima": 164195,
            "certificate_nodes": 272986,
            "certificate_parent_refs": 272985,
            "chain_steps": 76904,
            "connection_catalogue_records": 231663,
            "digest_ms": 100.114529,
            "direct_lookups": 200426,
            "expand_ms": 58.776819,
            "face_visits": 739105,
            "geometry_meb_calls": 249961,
            "hwm_mib_sample": 1185.816406,
            "input_records": 395858,
            "k": 5,
            "max_chain_length": 11,
            "meb_calls": 249961,
            "meb_supports": 4626586,
            "minimum_catalogue_records": 164195,
            "minimum_hits": 520876,
            "minimum_lookups": 739105,
            "no_op_connections": 122871,
            "normalized_anchors": 682390,
            "outcome": "complete_relative",
            "portal_requests": 173057,
            "query_leaves": 583097,
            "query_nodes": 15198360,
            "query_range_skips": 668000,
            "read_ms": 64.594097,
            "release_ms": 0.001162,
            "rss_mib_sample": 823.261719,
            "singleton_intruder_resolutions": 123522,
            "successor_steps": 10315909,
            "terminal_coverage_points": 8000,
            "terminal_direct": 173057,
            "terminal_roots": 1
          },
          {
            "alias_hits": 0,
            "aliases": 0,
            "build_ms": 4138.074087,
            "cache_hits": 60451,
            "cache_inserts": 257289,
            "cache_lookups": 317740,
            "cache_skips": 0,
            "certificate_digest": "0ef536b610bf5128f2afbaa0fc0c27681a392549a41c1529466efdd9e20a66c9",
            "certificate_minima": 231663,
            "certificate_nodes": 383457,
            "certificate_parent_refs": 383456,
            "chain_steps": 125090,
            "connection_catalogue_records": 308825,
            "digest_ms": 146.827881,
            "direct_lookups": 304627,
            "expand_ms": 69.00391,
            "face_visits": 1018342,
            "geometry_meb_calls": 382379,
            "hwm_mib_sample": 1185.816406,
            "input_records": 540488,
            "k": 6,
            "max_chain_length": 13,
            "meb_calls": 382379,
            "meb_supports": 12886895,
            "minimum_catalogue_records": 231663,
            "minimum_hits": 700602,
            "minimum_lookups": 1018342,
            "no_op_connections": 157030,
            "normalized_anchors": 936659,
            "outcome": "complete_relative",
            "portal_requests": 257289,
            "query_leaves": 923766,
            "query_nodes": 24898221,
            "query_range_skips": 1249932,
            "read_ms": 102.036787,
            "release_ms": 0.230891,
            "rss_mib_sample": 846.988281,
            "singleton_intruder_resolutions": 179537,
            "successor_steps": 14537805,
            "terminal_coverage_points": 8000,
            "terminal_direct": 257289,
            "terminal_roots": 1
          },
          {
            "alias_hits": 0,
            "aliases": 0,
            "build_ms": 6333.42755,
            "cache_hits": 77173,
            "cache_inserts": 357405,
            "cache_lookups": 434578,
            "cache_skips": 0,
            "certificate_digest": "56d1c20c243e8e9cc6148a4ea12369db29bc78eeacae90f5fe7c114310f9787b",
            "certificate_minima": 308825,
            "certificate_nodes": 509617,
            "certificate_parent_refs": 509616,
            "chain_steps": 187220,
            "connection_catalogue_records": 396424,
            "digest_ms": 200.270094,
            "direct_lookups": 431822,
            "expand_ms": 72.442748,
            "face_visits": 1338921,
            "geometry_meb_calls": 544625,
            "hwm_mib_sample": 1185.816406,
            "input_records": 705249,
            "k": 7,
            "max_chain_length": 15,
            "meb_calls": 544625,
            "meb_supports": 31133188,
            "minimum_catalogue_records": 308825,
            "minimum_hits": 904343,
            "minimum_lookups": 1338921,
            "no_op_connections": 195631,
            "normalized_anchors": 1228600,
            "outcome": "complete_relative",
            "portal_requests": 357405,
            "query_leaves": 1350219,
            "query_nodes": 37691708,
            "query_range_skips": 2101631,
            "read_ms": 149.330403,
            "release_ms": 1.528693,
            "rss_mib_sample": 857.765625,
            "singleton_intruder_resolutions": 244602,
            "successor_steps": 19424152,
            "terminal_coverage_points": 8000,
            "terminal_direct": 357405,
            "terminal_roots": 1
          },
          {
            "alias_hits": 0,
            "aliases": 0,
            "build_ms": 9846.96041,
            "cache_hits": 94990,
            "cache_inserts": 471770,
            "cache_lookups": 566760,
            "cache_skips": 0,
            "certificate_digest": "091b57d20eed4b4c0f8ecf4814c73e44a59109e571eda86ae20ca40d144fd802",
            "certificate_minima": 396424,
            "certificate_nodes": 652618,
            "certificate_parent_refs": 652617,
            "chain_steps": 263308,
            "connection_catalogue_records": 493388,
            "digest_ms": 302.59595,
            "direct_lookups": 580373,
            "expand_ms": 75.450532,
            "face_visits": 1697911,
            "geometry_meb_calls": 735078,
            "hwm_mib_sample": 1185.816406,
            "input_records": 889812,
            "k": 8,
            "max_chain_length": 16,
            "meb_calls": 735078,
            "meb_supports": 67426536,
            "minimum_catalogue_records": 396424,
            "minimum_hits": 1131151,
            "minimum_lookups": 1697911,
            "no_op_connections": 237194,
            "normalized_anchors": 1554742,
            "outcome": "complete_relative",
            "portal_requests": 471770,
            "query_leaves": 1857857,
            "query_nodes": 53685917,
            "query_range_skips": 3257730,
            "read_ms": 215.509229,
            "release_ms": 0.686562,
            "rss_mib_sample": 929.289062,
            "singleton_intruder_resolutions": 317065,
            "successor_steps": 24967947,
            "terminal_coverage_points": 8000,
            "terminal_direct": 471770,
            "terminal_roots": 1
          },
          {
            "alias_hits": 0,
            "aliases": 0,
            "build_ms": 16263.586074,
            "cache_hits": 114468,
            "cache_inserts": 602773,
            "cache_lookups": 717241,
            "cache_skips": 0,
            "certificate_digest": "cc4cba135cc74dffcb4cd6bcadab39269efd01d5ea1a9954cdd1fe2f33455899",
            "certificate_minima": 493388,
            "certificate_nodes": 811603,
            "certificate_parent_refs": 811602,
            "chain_steps": 353548,
            "connection_catalogue_records": 600806,
            "digest_ms": 374.43463,
            "direct_lookups": 753124,
            "expand_ms": 96.800513,
            "face_visits": 2097866,
            "geometry_meb_calls": 956321,
            "hwm_mib_sample": 1185.816406,
            "input_records": 1094194,
            "k": 9,
            "max_chain_length": 19,
            "meb_calls": 956321,
            "meb_supports": 134645682,
            "minimum_catalogue_records": 493388,
            "minimum_hits": 1380625,
            "minimum_lookups": 2097866,
            "no_op_connections": 282591,
            "normalized_anchors": 1919178,
            "outcome": "complete_relative",
            "portal_requests": 602773,
            "query_leaves": 2456413,
            "query_nodes": 73406816,
            "query_range_skips": 4780896,
            "read_ms": 299.769895,
            "release_ms": 0.840398,
            "rss_mib_sample": 987.667969,
            "singleton_intruder_resolutions": 399576,
            "successor_steps": 31257517,
            "terminal_coverage_points": 8000,
            "terminal_direct": 602773,
            "terminal_roots": 1
          },
          {
            "alias_hits": 0,
            "aliases": 0,
            "build_ms": 24134.290916,
            "cache_hits": 134902,
            "cache_inserts": 746631,
            "cache_lookups": 881533,
            "cache_skips": 0,
            "certificate_digest": "95ebec1618c3a15af695b7512974d8f865aa1dc7511dcc5afade5ac9d21b9e07",
            "certificate_minima": 600806,
            "certificate_nodes": 987934,
            "certificate_parent_refs": 987933,
            "chain_steps": 456331,
            "connection_catalogue_records": 716735,
            "digest_ms": 470.693984,
            "direct_lookups": 944470,
            "expand_ms": 102.402439,
            "face_visits": 2534359,
            "geometry_meb_calls": 1202962,
            "hwm_mib_sample": 1292.445312,
            "input_records": 1317541,
            "k": 10,
            "max_chain_length": 18,
            "meb_calls": 1202962,
            "meb_supports": 250854612,
            "minimum_catalogue_records": 600806,
            "minimum_hits": 1652826,
            "minimum_lookups": 2534359,
            "no_op_connections": 329604,
            "normalized_anchors": 2316496,
            "outcome": "complete_relative",
            "portal_requests": 746631,
            "query_leaves": 3129817,
            "query_nodes": 96517944,
            "query_range_skips": 6673886,
            "read_ms": 397.027531,
            "release_ms": 2.224602,
            "rss_mib_sample": 955.335938,
            "singleton_intruder_resolutions": 488139,
            "successor_steps": 38240799,
            "terminal_coverage_points": 8000,
            "terminal_direct": 746631,
            "terminal_roots": 1
          }
        ],
        "outcome": "complete_relative",
        "raw_sha256": "a827bd1946e0617e2f76d60f2f1758b1f07717aec9b5599987afb722e3cb9e57",
        "reason": "full_horizontal_relative_to_supplied_complete_exact_regular_gabriel_catalogues",
        "receipt_sha256": "1ca08431789fe84eb5d61e057cd4a612210b022e0bf05835f98bd1743fdb8bcc",
        "s": 8,
        "stage_ms": {
          "census": 6498.449291,
          "count": 36.481003,
          "digest": 1690.158171,
          "expand": 644.291364,
          "full": 65714.378309,
          "generation": 56152.148564,
          "index": 2.205967,
          "input": 1.688832,
          "prefilter": 9132.074441,
          "read": 1288.026743,
          "regularity": 14.455542,
          "release": 12.036443,
          "rle": 1599.07439
        },
        "status": "completed_relative",
        "successful_orders_diagnostic": 10
      },
      {
        "alias_policy": "lazy",
        "attempt_id": "n8000_s10_k10_lazy_c1000000",
        "attempt_success": true,
        "available_artifacts": [
          "n8000_s10_k10_lazy_c1000000.command.json",
          "n8000_s10_k10_lazy_c1000000.intent.json",
          "n8000_s10_k10_lazy_c1000000.judge_normal.command.json",
          "n8000_s10_k10_lazy_c1000000.judge_normal.intent.json",
          "n8000_s10_k10_lazy_c1000000.judge_normal.stderr",
          "n8000_s10_k10_lazy_c1000000.judge_normal.stdout",
          "n8000_s10_k10_lazy_c1000000.judge_optimized.command.json",
          "n8000_s10_k10_lazy_c1000000.judge_optimized.intent.json",
          "n8000_s10_k10_lazy_c1000000.judge_optimized.stderr",
          "n8000_s10_k10_lazy_c1000000.judge_optimized.stdout",
          "n8000_s10_k10_lazy_c1000000.raw.txt",
          "n8000_s10_k10_lazy_c1000000.receipt.json",
          "n8000_s10_k10_lazy_c1000000.sources_after.json",
          "n8000_s10_k10_lazy_c1000000.sources_before.json",
          "n8000_s10_k10_lazy_c1000000.verdict.json"
        ],
        "cache_entries": 1000000,
        "certificate_digest": "e6e3fa51140fa9e39904c63dfaff18636ea7f10e058bfafdf1dc7b70b51fa625",
        "command_elapsed_seconds": 143.00666357700015,
        "complete_elapsed_before_terminal_ms": 142968.335244,
        "exit_code": 0,
        "first_c_supplement": {
          "alias_policy": "lazy",
          "attempt_success": true,
          "cache_entries": 1000000,
          "refused_lazy_orders_bounded": 0,
          "requires_frozen_v2_judge_sha256": "8d8a612aa973cb79e60e97a6675f63684ddd8892cfc550716c20620c4d6930ef",
          "scope": "first_C_counter_supplement_not_v2_replacement_or_oracle",
          "successful_lazy_orders_checked": 10,
          "successful_orders_diagnostic": 10,
          "supplement_status": "valid"
        },
        "front": {
          "alive_peak_rects": 784500,
          "ball_capacity_observed": 3113381,
          "candidate_capacity_observed": 3129992,
          "census_balls": 3113381,
          "census_merge_peak_bytes": 697397344,
          "census_query_nodes": 284536613,
          "emitted_at_refus": 0,
          "frontier_ledger_closed": true,
          "generation_cap_refus": 0,
          "invariant_jneg": 0,
          "ledger_q2_emitted": 303417,
          "ledger_q2_killed": 31692583,
          "ledger_q3_emitted": 970949,
          "ledger_q3_killed": 31025051,
          "ledger_q4_emitted": 1114894,
          "ledger_q4_killed": 30881106,
          "pair_mass_expected_per_lane": 31996000,
          "prefilter_query_nodes": 278659889,
          "q4_completions": 39627584,
          "q4_core_site_tests": 218236711,
          "rank_relevant_extra_shell": 0,
          "rank_window_regular": true,
          "raw_candidates": 3129992,
          "unique_candidates": 3129992,
          "wave_peak_tasks": 493992,
          "wspd_corner_evals": 110073830,
          "wspd_witness_nodes": 625850731
        },
        "input_digest": "b73744755477b18a5853084851075bb4e3e468ae7d1353c98d0991576a099639",
        "max_rss_kib": 1322512,
        "n": 8000,
        "observed_elapsed_before_terminal_ms_diagnostic": 142968.335244,
        "orders": [
          {
            "alias_hits": 0,
            "aliases": 0,
            "build_ms": 45.458821,
            "cache_hits": 0,
            "cache_inserts": 0,
            "cache_lookups": 0,
            "cache_skips": 0,
            "certificate_digest": "8799bda5f76252de1b64add2584d59fdddaa7ea6723c2dcb59d4994cef8e3015",
            "certificate_minima": 8000,
            "certificate_nodes": 15999,
            "certificate_parent_refs": 15998,
            "chain_steps": 0,
            "connection_catalogue_records": 29875,
            "digest_ms": 1.91814,
            "direct_lookups": 0,
            "expand_ms": 32.620077,
            "face_visits": 59750,
            "geometry_meb_calls": 0,
            "hwm_mib_sample": 1183.925781,
            "input_records": 29875,
            "k": 1,
            "max_chain_length": 0,
            "meb_calls": 0,
            "meb_supports": 0,
            "minimum_catalogue_records": 0,
            "minimum_hits": 59750,
            "minimum_lookups": 59750,
            "no_op_connections": 21875,
            "normalized_anchors": 59750,
            "outcome": "complete_relative",
            "portal_requests": 0,
            "query_leaves": 0,
            "query_nodes": 0,
            "query_range_skips": 0,
            "read_ms": 0.901813,
            "release_ms": 0.000311,
            "rss_mib_sample": 706.730469,
            "singleton_intruder_resolutions": 0,
            "successor_steps": 502560,
            "terminal_coverage_points": 8000,
            "terminal_direct": 0,
            "terminal_roots": 1
          },
          {
            "alias_hits": 0,
            "aliases": 0,
            "build_ms": 264.715324,
            "cache_hits": 8398,
            "cache_inserts": 16261,
            "cache_lookups": 24659,
            "cache_skips": 0,
            "certificate_digest": "2ad27bfbf04fb7ff0f895e432304bd08a653a98491b7ac001cfcfe10dde3d45b",
            "certificate_minima": 29875,
            "certificate_nodes": 52982,
            "certificate_parent_refs": 52981,
            "chain_steps": 4325,
            "connection_catalogue_records": 63353,
            "digest_ms": 9.825891,
            "direct_lookups": 17289,
            "expand_ms": 37.436477,
            "face_visits": 161128,
            "geometry_meb_calls": 20586,
            "hwm_mib_sample": 1183.925781,
            "input_records": 93228,
            "k": 2,
            "max_chain_length": 6,
            "meb_calls": 20586,
            "meb_supports": 28486,
            "minimum_catalogue_records": 29875,
            "minimum_hits": 136469,
            "minimum_lookups": 161128,
            "no_op_connections": 40246,
            "normalized_anchors": 154093,
            "outcome": "complete_relative",
            "portal_requests": 16261,
            "query_leaves": 34919,
            "query_nodes": 928403,
            "query_range_skips": 21713,
            "read_ms": 5.170622,
            "release_ms": 0.000541,
            "rss_mib_sample": 707.089844,
            "singleton_intruder_resolutions": 12964,
            "successor_steps": 1992894,
            "terminal_coverage_points": 8000,
            "terminal_direct": 16261,
            "terminal_roots": 1
          },
          {
            "alias_hits": 0,
            "aliases": 0,
            "build_ms": 713.486026,
            "cache_hits": 18855,
            "cache_inserts": 51202,
            "cache_lookups": 70057,
            "cache_skips": 0,
            "certificate_digest": "dec0d498c39c47bfdbd7bd07f489d05f29046c4e8e0b8aabc5e6e0add182afa7",
            "certificate_minima": 63353,
            "certificate_nodes": 107971,
            "certificate_parent_refs": 107970,
            "chain_steps": 17395,
            "connection_catalogue_records": 108117,
            "digest_ms": 30.726824,
            "direct_lookups": 56301,
            "expand_ms": 49.050175,
            "face_visits": 308189,
            "geometry_meb_calls": 68597,
            "hwm_mib_sample": 1183.925781,
            "input_records": 171470,
            "k": 3,
            "max_chain_length": 10,
            "meb_calls": 68597,
            "meb_supports": 276365,
            "minimum_catalogue_records": 63353,
            "minimum_hits": 238132,
            "minimum_lookups": 308189,
            "no_op_connections": 63497,
            "normalized_anchors": 288874,
            "outcome": "complete_relative",
            "portal_requests": 51202,
            "query_leaves": 140052,
            "query_nodes": 3500885,
            "query_range_skips": 102675,
            "read_ms": 17.787802,
            "release_ms": 0.001062,
            "rss_mib_sample": 745.734375,
            "singleton_intruder_resolutions": 38906,
            "successor_steps": 4047647,
            "terminal_coverage_points": 8000,
            "terminal_direct": 51202,
            "terminal_roots": 1
          },
          {
            "alias_hits": 0,
            "aliases": 0,
            "build_ms": 1477.985402,
            "cache_hits": 30631,
            "cache_inserts": 103851,
            "cache_lookups": 134482,
            "cache_skips": 0,
            "certificate_digest": "05a0ef5324fec2d08e418af760b7237d0c978daf8893d93f58b05806f80a2d3c",
            "certificate_minima": 108117,
            "certificate_nodes": 181305,
            "certificate_parent_refs": 181304,
            "chain_steps": 41531,
            "connection_catalogue_records": 164195,
            "digest_ms": 58.947107,
            "direct_lookups": 117592,
            "expand_ms": 52.412961,
            "face_visits": 500741,
            "geometry_meb_calls": 145382,
            "hwm_mib_sample": 1183.925781,
            "input_records": 272312,
            "k": 4,
            "max_chain_length": 9,
            "meb_calls": 145382,
            "meb_supports": 1353108,
            "minimum_catalogue_records": 108117,
            "minimum_hits": 366259,
            "minimum_lookups": 500741,
            "no_op_connections": 91006,
            "normalized_anchors": 464845,
            "outcome": "complete_relative",
            "portal_requests": 103851,
            "query_leaves": 322370,
            "query_nodes": 8158468,
            "query_range_skips": 301212,
            "read_ms": 37.471693,
            "release_ms": 0.000631,
            "rss_mib_sample": 771.207031,
            "singleton_intruder_resolutions": 76061,
            "successor_steps": 6817240,
            "terminal_coverage_points": 8000,
            "terminal_direct": 103851,
            "terminal_roots": 1
          },
          {
            "alias_hits": 0,
            "aliases": 0,
            "build_ms": 2454.656135,
            "cache_hits": 45172,
            "cache_inserts": 173057,
            "cache_lookups": 218229,
            "cache_skips": 0,
            "certificate_digest": "38593915ea762d1243773b04fc44c84c9809fe4605e2ca96a1e46aa0132648e7",
            "certificate_minima": 164195,
            "certificate_nodes": 272986,
            "certificate_parent_refs": 272985,
            "chain_steps": 76904,
            "connection_catalogue_records": 231663,
            "digest_ms": 105.379536,
            "direct_lookups": 200426,
            "expand_ms": 63.511367,
            "face_visits": 739105,
            "geometry_meb_calls": 249961,
            "hwm_mib_sample": 1183.925781,
            "input_records": 395858,
            "k": 5,
            "max_chain_length": 11,
            "meb_calls": 249961,
            "meb_supports": 4626586,
            "minimum_catalogue_records": 164195,
            "minimum_hits": 520876,
            "minimum_lookups": 739105,
            "no_op_connections": 122871,
            "normalized_anchors": 682390,
            "outcome": "complete_relative",
            "portal_requests": 173057,
            "query_leaves": 583097,
            "query_nodes": 15198360,
            "query_range_skips": 668000,
            "read_ms": 68.477236,
            "release_ms": 0.001102,
            "rss_mib_sample": 823.261719,
            "singleton_intruder_resolutions": 123522,
            "successor_steps": 10315909,
            "terminal_coverage_points": 8000,
            "terminal_direct": 173057,
            "terminal_roots": 1
          },
          {
            "alias_hits": 0,
            "aliases": 0,
            "build_ms": 4088.911572,
            "cache_hits": 60451,
            "cache_inserts": 257289,
            "cache_lookups": 317740,
            "cache_skips": 0,
            "certificate_digest": "0ef536b610bf5128f2afbaa0fc0c27681a392549a41c1529466efdd9e20a66c9",
            "certificate_minima": 231663,
            "certificate_nodes": 383457,
            "certificate_parent_refs": 383456,
            "chain_steps": 125090,
            "connection_catalogue_records": 308825,
            "digest_ms": 149.159724,
            "direct_lookups": 304627,
            "expand_ms": 73.336186,
            "face_visits": 1018342,
            "geometry_meb_calls": 382379,
            "hwm_mib_sample": 1183.925781,
            "input_records": 540488,
            "k": 6,
            "max_chain_length": 13,
            "meb_calls": 382379,
            "meb_supports": 12886895,
            "minimum_catalogue_records": 231663,
            "minimum_hits": 700602,
            "minimum_lookups": 1018342,
            "no_op_connections": 157030,
            "normalized_anchors": 936659,
            "outcome": "complete_relative",
            "portal_requests": 257289,
            "query_leaves": 923766,
            "query_nodes": 24898221,
            "query_range_skips": 1249932,
            "read_ms": 104.165821,
            "release_ms": 0.259655,
            "rss_mib_sample": 846.992188,
            "singleton_intruder_resolutions": 179537,
            "successor_steps": 14537805,
            "terminal_coverage_points": 8000,
            "terminal_direct": 257289,
            "terminal_roots": 1
          },
          {
            "alias_hits": 0,
            "aliases": 0,
            "build_ms": 6505.580742,
            "cache_hits": 77173,
            "cache_inserts": 357405,
            "cache_lookups": 434578,
            "cache_skips": 0,
            "certificate_digest": "56d1c20c243e8e9cc6148a4ea12369db29bc78eeacae90f5fe7c114310f9787b",
            "certificate_minima": 308825,
            "certificate_nodes": 509617,
            "certificate_parent_refs": 509616,
            "chain_steps": 187220,
            "connection_catalogue_records": 396424,
            "digest_ms": 208.269265,
            "direct_lookups": 431822,
            "expand_ms": 74.096836,
            "face_visits": 1338921,
            "geometry_meb_calls": 544625,
            "hwm_mib_sample": 1183.925781,
            "input_records": 705249,
            "k": 7,
            "max_chain_length": 15,
            "meb_calls": 544625,
            "meb_supports": 31133188,
            "minimum_catalogue_records": 308825,
            "minimum_hits": 904343,
            "minimum_lookups": 1338921,
            "no_op_connections": 195631,
            "normalized_anchors": 1228600,
            "outcome": "complete_relative",
            "portal_requests": 357405,
            "query_leaves": 1350219,
            "query_nodes": 37691708,
            "query_range_skips": 2101631,
            "read_ms": 147.209664,
            "release_ms": 2.386575,
            "rss_mib_sample": 813.007812,
            "singleton_intruder_resolutions": 244602,
            "successor_steps": 19424152,
            "terminal_coverage_points": 8000,
            "terminal_direct": 357405,
            "terminal_roots": 1
          },
          {
            "alias_hits": 0,
            "aliases": 0,
            "build_ms": 9946.562933,
            "cache_hits": 94990,
            "cache_inserts": 471770,
            "cache_lookups": 566760,
            "cache_skips": 0,
            "certificate_digest": "091b57d20eed4b4c0f8ecf4814c73e44a59109e571eda86ae20ca40d144fd802",
            "certificate_minima": 396424,
            "certificate_nodes": 652618,
            "certificate_parent_refs": 652617,
            "chain_steps": 263308,
            "connection_catalogue_records": 493388,
            "digest_ms": 269.541903,
            "direct_lookups": 580373,
            "expand_ms": 79.28537,
            "face_visits": 1697911,
            "geometry_meb_calls": 735078,
            "hwm_mib_sample": 1183.925781,
            "input_records": 889812,
            "k": 8,
            "max_chain_length": 16,
            "meb_calls": 735078,
            "meb_supports": 67426536,
            "minimum_catalogue_records": 396424,
            "minimum_hits": 1131151,
            "minimum_lookups": 1697911,
            "no_op_connections": 237194,
            "normalized_anchors": 1554742,
            "outcome": "complete_relative",
            "portal_requests": 471770,
            "query_leaves": 1857857,
            "query_nodes": 53685917,
            "query_range_skips": 3257730,
            "read_ms": 205.95772,
            "release_ms": 0.813388,
            "rss_mib_sample": 929.289062,
            "singleton_intruder_resolutions": 317065,
            "successor_steps": 24967947,
            "terminal_coverage_points": 8000,
            "terminal_direct": 471770,
            "terminal_roots": 1
          },
          {
            "alias_hits": 0,
            "aliases": 0,
            "build_ms": 15120.566031,
            "cache_hits": 114468,
            "cache_inserts": 602773,
            "cache_lookups": 717241,
            "cache_skips": 0,
            "certificate_digest": "cc4cba135cc74dffcb4cd6bcadab39269efd01d5ea1a9954cdd1fe2f33455899",
            "certificate_minima": 493388,
            "certificate_nodes": 811603,
            "certificate_parent_refs": 811602,
            "chain_steps": 353548,
            "connection_catalogue_records": 600806,
            "digest_ms": 354.861587,
            "direct_lookups": 753124,
            "expand_ms": 92.611574,
            "face_visits": 2097866,
            "geometry_meb_calls": 956321,
            "hwm_mib_sample": 1183.925781,
            "input_records": 1094194,
            "k": 9,
            "max_chain_length": 19,
            "meb_calls": 956321,
            "meb_supports": 134645682,
            "minimum_catalogue_records": 493388,
            "minimum_hits": 1380625,
            "minimum_lookups": 2097866,
            "no_op_connections": 282591,
            "normalized_anchors": 1919178,
            "outcome": "complete_relative",
            "portal_requests": 602773,
            "query_leaves": 2456413,
            "query_nodes": 73406816,
            "query_range_skips": 4780896,
            "read_ms": 284.409223,
            "release_ms": 0.76633,
            "rss_mib_sample": 987.667969,
            "singleton_intruder_resolutions": 399576,
            "successor_steps": 31257517,
            "terminal_coverage_points": 8000,
            "terminal_direct": 602773,
            "terminal_roots": 1
          },
          {
            "alias_hits": 0,
            "aliases": 0,
            "build_ms": 22710.667525,
            "cache_hits": 134902,
            "cache_inserts": 746631,
            "cache_lookups": 881533,
            "cache_skips": 0,
            "certificate_digest": "95ebec1618c3a15af695b7512974d8f865aa1dc7511dcc5afade5ac9d21b9e07",
            "certificate_minima": 600806,
            "certificate_nodes": 987934,
            "certificate_parent_refs": 987933,
            "chain_steps": 456331,
            "connection_catalogue_records": 716735,
            "digest_ms": 435.299978,
            "direct_lookups": 944470,
            "expand_ms": 97.337586,
            "face_visits": 2534359,
            "geometry_meb_calls": 1202962,
            "hwm_mib_sample": 1291.515625,
            "input_records": 1317541,
            "k": 10,
            "max_chain_length": 18,
            "meb_calls": 1202962,
            "meb_supports": 250854612,
            "minimum_catalogue_records": 600806,
            "minimum_hits": 1652826,
            "minimum_lookups": 2534359,
            "no_op_connections": 329604,
            "normalized_anchors": 2316496,
            "outcome": "complete_relative",
            "portal_requests": 746631,
            "query_leaves": 3129817,
            "query_nodes": 96517944,
            "query_range_skips": 6673886,
            "read_ms": 369.713378,
            "release_ms": 2.497331,
            "rss_mib_sample": 955.335938,
            "singleton_intruder_resolutions": 488139,
            "successor_steps": 38240799,
            "terminal_coverage_points": 8000,
            "terminal_direct": 746631,
            "terminal_roots": 1
          }
        ],
        "outcome": "complete_relative",
        "raw_sha256": "8aaf78c7772001afecc649c582d04a3a82953cbcd8b981a79b52b65165f048c1",
        "reason": "full_horizontal_relative_to_supplied_complete_exact_regular_gabriel_catalogues",
        "receipt_sha256": "47ed965bc98887b313f1baa183b4bed0ffcef38de6d92f3910962e5b81aec54f",
        "s": 10,
        "stage_ms": {
          "census": 6654.019601,
          "count": 36.474681,
          "digest": 1624.353649,
          "expand": 651.701833,
          "full": 63328.594019,
          "generation": 58480.94747,
          "index": 2.227067,
          "input": 1.709611,
          "prefilter": 9302.237469,
          "read": 1241.271723,
          "regularity": 15.220861,
          "release": 12.350154,
          "rle": 1615.779271
        },
        "status": "completed_relative",
        "successful_orders_diagnostic": 10
      },
      {
        "alias_policy": "eager",
        "attempt_id": "n8000_s10_k10_eager_c0",
        "attempt_success": true,
        "available_artifacts": [
          "n8000_s10_k10_eager_c0.command.json",
          "n8000_s10_k10_eager_c0.intent.json",
          "n8000_s10_k10_eager_c0.judge_normal.command.json",
          "n8000_s10_k10_eager_c0.judge_normal.intent.json",
          "n8000_s10_k10_eager_c0.judge_normal.stderr",
          "n8000_s10_k10_eager_c0.judge_normal.stdout",
          "n8000_s10_k10_eager_c0.judge_optimized.command.json",
          "n8000_s10_k10_eager_c0.judge_optimized.intent.json",
          "n8000_s10_k10_eager_c0.judge_optimized.stderr",
          "n8000_s10_k10_eager_c0.judge_optimized.stdout",
          "n8000_s10_k10_eager_c0.raw.txt",
          "n8000_s10_k10_eager_c0.receipt.json",
          "n8000_s10_k10_eager_c0.sources_after.json",
          "n8000_s10_k10_eager_c0.sources_before.json",
          "n8000_s10_k10_eager_c0.verdict.json"
        ],
        "cache_entries": 0,
        "certificate_digest": "e6e3fa51140fa9e39904c63dfaff18636ea7f10e058bfafdf1dc7b70b51fa625",
        "command_elapsed_seconds": 137.9526436719998,
        "complete_elapsed_before_terminal_ms": 137898.697148,
        "exit_code": 0,
        "first_c_supplement": {
          "alias_policy": "eager",
          "attempt_success": true,
          "cache_entries": 0,
          "refused_lazy_orders_bounded": 0,
          "requires_frozen_v2_judge_sha256": "8d8a612aa973cb79e60e97a6675f63684ddd8892cfc550716c20620c4d6930ef",
          "scope": "first_C_counter_supplement_not_v2_replacement_or_oracle",
          "successful_lazy_orders_checked": 0,
          "successful_orders_diagnostic": 10,
          "supplement_status": "valid"
        },
        "front": {
          "alive_peak_rects": 784500,
          "ball_capacity_observed": 3113381,
          "candidate_capacity_observed": 3129992,
          "census_balls": 3113381,
          "census_merge_peak_bytes": 697397344,
          "census_query_nodes": 284536613,
          "emitted_at_refus": 0,
          "frontier_ledger_closed": true,
          "generation_cap_refus": 0,
          "invariant_jneg": 0,
          "ledger_q2_emitted": 303417,
          "ledger_q2_killed": 31692583,
          "ledger_q3_emitted": 970949,
          "ledger_q3_killed": 31025051,
          "ledger_q4_emitted": 1114894,
          "ledger_q4_killed": 30881106,
          "pair_mass_expected_per_lane": 31996000,
          "prefilter_query_nodes": 278659889,
          "q4_completions": 39627584,
          "q4_core_site_tests": 218236711,
          "rank_relevant_extra_shell": 0,
          "rank_window_regular": true,
          "raw_candidates": 3129992,
          "unique_candidates": 3129992,
          "wave_peak_tasks": 493992,
          "wspd_corner_evals": 110073830,
          "wspd_witness_nodes": 625850731
        },
        "input_digest": "b73744755477b18a5853084851075bb4e3e468ae7d1353c98d0991576a099639",
        "max_rss_kib": 1833656,
        "n": 8000,
        "observed_elapsed_before_terminal_ms_diagnostic": 137898.697148,
        "orders": [
          {
            "alias_hits": 59750,
            "aliases": 8000,
            "build_ms": 41.184372,
            "cache_hits": 0,
            "cache_inserts": 0,
            "cache_lookups": 0,
            "cache_skips": 0,
            "certificate_digest": "8799bda5f76252de1b64add2584d59fdddaa7ea6723c2dcb59d4994cef8e3015",
            "certificate_minima": 8000,
            "certificate_nodes": 15999,
            "certificate_parent_refs": 15998,
            "chain_steps": 0,
            "connection_catalogue_records": 29875,
            "digest_ms": 1.970868,
            "direct_lookups": 0,
            "expand_ms": 30.813735,
            "face_visits": 119500,
            "geometry_meb_calls": 0,
            "hwm_mib_sample": 1183.90625,
            "input_records": 29875,
            "k": 1,
            "max_chain_length": 0,
            "meb_calls": 0,
            "meb_supports": 0,
            "minimum_catalogue_records": 0,
            "minimum_hits": 0,
            "minimum_lookups": 0,
            "no_op_connections": 21875,
            "normalized_anchors": 119500,
            "outcome": "complete_relative",
            "portal_requests": 0,
            "query_leaves": 0,
            "query_nodes": 0,
            "query_range_skips": 0,
            "read_ms": 0.909187,
            "release_ms": 0.00026,
            "rss_mib_sample": 706.714844,
            "singleton_intruder_resolutions": 0,
            "successor_steps": 755912,
            "terminal_coverage_points": 8000,
            "terminal_direct": 0,
            "terminal_roots": 1
          },
          {
            "alias_hits": 157831,
            "aliases": 62103,
            "build_ms": 195.412336,
            "cache_hits": 0,
            "cache_inserts": 0,
            "cache_lookups": 0,
            "cache_skips": 0,
            "certificate_digest": "2ad27bfbf04fb7ff0f895e432304bd08a653a98491b7ac001cfcfe10dde3d45b",
            "certificate_minima": 29875,
            "certificate_nodes": 52982,
            "certificate_parent_refs": 52981,
            "chain_steps": 4325,
            "connection_catalogue_records": 63353,
            "digest_ms": 9.085027,
            "direct_lookups": 4325,
            "expand_ms": 35.662566,
            "face_visits": 351187,
            "geometry_meb_calls": 7622,
            "hwm_mib_sample": 1183.90625,
            "input_records": 93228,
            "k": 2,
            "max_chain_length": 6,
            "meb_calls": 7622,
            "meb_supports": 15522,
            "minimum_catalogue_records": 29875,
            "minimum_hits": 0,
            "minimum_lookups": 0,
            "no_op_connections": 40246,
            "normalized_anchors": 312461,
            "outcome": "complete_relative",
            "portal_requests": 3297,
            "query_leaves": 8991,
            "query_nodes": 249889,
            "query_range_skips": 8749,
            "read_ms": 5.129775,
            "release_ms": 0.001002,
            "rss_mib_sample": 710.332031,
            "singleton_intruder_resolutions": 0,
            "successor_steps": 2730787,
            "terminal_coverage_points": 8000,
            "terminal_direct": 3297,
            "terminal_roots": 1
          },
          {
            "alias_hits": 295893,
            "aliases": 199928,
            "build_ms": 566.220117,
            "cache_hits": 0,
            "cache_inserts": 0,
            "cache_lookups": 0,
            "cache_skips": 0,
            "certificate_digest": "dec0d498c39c47bfdbd7bd07f489d05f29046c4e8e0b8aabc5e6e0add182afa7",
            "certificate_minima": 63353,
            "certificate_nodes": 107971,
            "certificate_parent_refs": 107970,
            "chain_steps": 17395,
            "connection_catalogue_records": 108117,
            "digest_ms": 24.323181,
            "direct_lookups": 17395,
            "expand_ms": 46.833477,
            "face_visits": 740657,
            "geometry_meb_calls": 29691,
            "hwm_mib_sample": 1183.90625,
            "input_records": 171470,
            "k": 3,
            "max_chain_length": 10,
            "meb_calls": 29691,
            "meb_supports": 160443,
            "minimum_catalogue_records": 63353,
            "minimum_hits": 0,
            "minimum_lookups": 0,
            "no_op_connections": 63497,
            "normalized_anchors": 587965,
            "outcome": "complete_relative",
            "portal_requests": 12296,
            "query_leaves": 43302,
            "query_nodes": 1142813,
            "query_range_skips": 45236,
            "read_ms": 16.334039,
            "release_ms": 0.000601,
            "rss_mib_sample": 756.652344,
            "singleton_intruder_resolutions": 0,
            "successor_steps": 5472916,
            "terminal_coverage_points": 8000,
            "terminal_direct": 12296,
            "terminal_roots": 1
          },
          {
            "alias_hits": 472951,
            "aliases": 456141,
            "build_ms": 1214.722979,
            "cache_hits": 0,
            "cache_inserts": 0,
            "cache_lookups": 0,
            "cache_skips": 0,
            "certificate_digest": "05a0ef5324fec2d08e418af760b7237d0c978daf8893d93f58b05806f80a2d3c",
            "certificate_minima": 108117,
            "certificate_nodes": 181305,
            "certificate_parent_refs": 181304,
            "chain_steps": 41531,
            "connection_catalogue_records": 164195,
            "digest_ms": 53.834675,
            "direct_lookups": 41531,
            "expand_ms": 49.252202,
            "face_visits": 1321716,
            "geometry_meb_calls": 69321,
            "hwm_mib_sample": 1183.90625,
            "input_records": 272312,
            "k": 4,
            "max_chain_length": 9,
            "meb_calls": 69321,
            "meb_supports": 813666,
            "minimum_catalogue_records": 108117,
            "minimum_hits": 0,
            "minimum_lookups": 0,
            "no_op_connections": 91006,
            "normalized_anchors": 946298,
            "outcome": "complete_relative",
            "portal_requests": 27790,
            "query_leaves": 113057,
            "query_nodes": 3013481,
            "query_range_skips": 137759,
            "read_ms": 33.648025,
            "release_ms": 0.001012,
            "rss_mib_sample": 801.640625,
            "singleton_intruder_resolutions": 0,
            "successor_steps": 9134595,
            "terminal_coverage_points": 8000,
            "terminal_direct": 27790,
            "terminal_roots": 1
          },
          {
            "alias_hits": 689570,
            "aliases": 864603,
            "build_ms": 2338.951436,
            "cache_hits": 0,
            "cache_inserts": 0,
            "cache_lookups": 0,
            "cache_skips": 0,
            "certificate_digest": "38593915ea762d1243773b04fc44c84c9809fe4605e2ca96a1e46aa0132648e7",
            "certificate_minima": 164195,
            "certificate_nodes": 272986,
            "certificate_parent_refs": 272985,
            "chain_steps": 76904,
            "connection_catalogue_records": 231663,
            "digest_ms": 93.235568,
            "direct_lookups": 76904,
            "expand_ms": 54.89258,
            "face_visits": 2129083,
            "geometry_meb_calls": 126439,
            "hwm_mib_sample": 1183.90625,
            "input_records": 395858,
            "k": 5,
            "max_chain_length": 11,
            "meb_calls": 126439,
            "meb_supports": 2845755,
            "minimum_catalogue_records": 164195,
            "minimum_hits": 0,
            "minimum_lookups": 0,
            "no_op_connections": 122871,
            "normalized_anchors": 1388853,
            "outcome": "complete_relative",
            "portal_requests": 49535,
            "query_leaves": 221398,
            "query_nodes": 6034156,
            "query_range_skips": 313810,
            "read_ms": 62.944619,
            "release_ms": 2.466404,
            "rss_mib_sample": 821.910156,
            "singleton_intruder_resolutions": 0,
            "successor_steps": 13737344,
            "terminal_coverage_points": 8000,
            "terminal_direct": 49535,
            "terminal_roots": 1
          },
          {
            "alias_hits": 940590,
            "aliases": 1452848,
            "build_ms": 3923.599168,
            "cache_hits": 0,
            "cache_inserts": 0,
            "cache_lookups": 0,
            "cache_skips": 0,
            "certificate_digest": "0ef536b610bf5128f2afbaa0fc0c27681a392549a41c1529466efdd9e20a66c9",
            "certificate_minima": 231663,
            "certificate_nodes": 383457,
            "certificate_parent_refs": 383456,
            "chain_steps": 125090,
            "connection_catalogue_records": 308825,
            "digest_ms": 140.24789,
            "direct_lookups": 125090,
            "expand_ms": 68.345931,
            "face_visits": 3180117,
            "geometry_meb_calls": 202842,
            "hwm_mib_sample": 1183.90625,
            "input_records": 540488,
            "k": 6,
            "max_chain_length": 13,
            "meb_calls": 202842,
            "meb_supports": 8120836,
            "minimum_catalogue_records": 231663,
            "minimum_hits": 0,
            "minimum_lookups": 0,
            "no_op_connections": 157030,
            "normalized_anchors": 1905520,
            "outcome": "complete_relative",
            "portal_requests": 77752,
            "query_leaves": 374425,
            "query_nodes": 10526666,
            "query_range_skips": 605355,
            "read_ms": 100.395342,
            "release_ms": 0.705507,
            "rss_mib_sample": 930.859375,
            "singleton_intruder_resolutions": 0,
            "successor_steps": 19253341,
            "terminal_coverage_points": 8000,
            "terminal_direct": 77752,
            "terminal_roots": 1
          },
          {
            "alias_hits": 1226118,
            "aliases": 2254099,
            "build_ms": 6129.858518,
            "cache_hits": 0,
            "cache_inserts": 0,
            "cache_lookups": 0,
            "cache_skips": 0,
            "certificate_digest": "56d1c20c243e8e9cc6148a4ea12369db29bc78eeacae90f5fe7c114310f9787b",
            "certificate_minima": 308825,
            "certificate_nodes": 509617,
            "certificate_parent_refs": 509616,
            "chain_steps": 187220,
            "connection_catalogue_records": 396424,
            "digest_ms": 204.114529,
            "direct_lookups": 187220,
            "expand_ms": 65.067661,
            "face_visits": 4510313,
            "geometry_meb_calls": 300023,
            "hwm_mib_sample": 1183.90625,
            "input_records": 705249,
            "k": 7,
            "max_chain_length": 15,
            "meb_calls": 300023,
            "meb_supports": 20022363,
            "minimum_catalogue_records": 308825,
            "minimum_hits": 0,
            "minimum_lookups": 0,
            "no_op_connections": 195631,
            "normalized_anchors": 2497737,
            "outcome": "complete_relative",
            "portal_requests": 112803,
            "query_leaves": 577668,
            "query_nodes": 16768738,
            "query_range_skips": 1046350,
            "read_ms": 149.799909,
            "release_ms": 0.55699,
            "rss_mib_sample": 1034.644531,
            "singleton_intruder_resolutions": 0,
            "successor_steps": 25616968,
            "terminal_coverage_points": 8000,
            "terminal_direct": 112803,
            "terminal_roots": 1
          },
          {
            "alias_hits": 1543206,
            "aliases": 3293710,
            "build_ms": 9829.284737,
            "cache_hits": 0,
            "cache_inserts": 0,
            "cache_lookups": 0,
            "cache_skips": 0,
            "certificate_digest": "091b57d20eed4b4c0f8ecf4814c73e44a59109e571eda86ae20ca40d144fd802",
            "certificate_minima": 396424,
            "certificate_nodes": 652618,
            "certificate_parent_refs": 652617,
            "chain_steps": 263308,
            "connection_catalogue_records": 493388,
            "digest_ms": 265.941623,
            "direct_lookups": 263308,
            "expand_ms": 90.997612,
            "face_visits": 6138403,
            "geometry_meb_calls": 418013,
            "hwm_mib_sample": 1336.609375,
            "input_records": 889812,
            "k": 8,
            "max_chain_length": 16,
            "meb_calls": 418013,
            "meb_supports": 44088536,
            "minimum_catalogue_records": 396424,
            "minimum_hits": 0,
            "minimum_lookups": 0,
            "no_op_connections": 237194,
            "normalized_anchors": 3159021,
            "outcome": "complete_relative",
            "portal_requests": 154705,
            "query_leaves": 831304,
            "query_nodes": 24900062,
            "query_range_skips": 1663463,
            "read_ms": 205.590585,
            "release_ms": 0.581857,
            "rss_mib_sample": 1137.105469,
            "singleton_intruder_resolutions": 0,
            "successor_steps": 32808937,
            "terminal_coverage_points": 8000,
            "terminal_direct": 154705,
            "terminal_roots": 1
          },
          {
            "alias_hits": 1894669,
            "aliases": 4606779,
            "build_ms": 14617.037661,
            "cache_hits": 0,
            "cache_inserts": 0,
            "cache_lookups": 0,
            "cache_skips": 0,
            "certificate_digest": "cc4cba135cc74dffcb4cd6bcadab39269efd01d5ea1a9954cdd1fe2f33455899",
            "certificate_minima": 493388,
            "certificate_nodes": 811603,
            "certificate_parent_refs": 811602,
            "chain_steps": 353548,
            "connection_catalogue_records": 600806,
            "digest_ms": 358.310253,
            "direct_lookups": 353548,
            "expand_ms": 77.666699,
            "face_visits": 8105926,
            "geometry_meb_calls": 556745,
            "hwm_mib_sample": 1526.214844,
            "input_records": 1094194,
            "k": 9,
            "max_chain_length": 19,
            "meb_calls": 556745,
            "meb_supports": 89176574,
            "minimum_catalogue_records": 493388,
            "minimum_hits": 0,
            "minimum_lookups": 0,
            "no_op_connections": 282591,
            "normalized_anchors": 3896132,
            "outcome": "complete_relative",
            "portal_requests": 203197,
            "query_leaves": 1136861,
            "query_nodes": 35099256,
            "query_range_skips": 2489315,
            "read_ms": 287.31125,
            "release_ms": 0.890212,
            "rss_mib_sample": 1287.632812,
            "singleton_intruder_resolutions": 0,
            "successor_steps": 40929159,
            "terminal_coverage_points": 8000,
            "terminal_direct": 203197,
            "terminal_roots": 1
          },
          {
            "alias_hits": 2275867,
            "aliases": 6209024,
            "build_ms": 22646.701118,
            "cache_hits": 0,
            "cache_inserts": 0,
            "cache_lookups": 0,
            "cache_skips": 0,
            "certificate_digest": "95ebec1618c3a15af695b7512974d8f865aa1dc7511dcc5afade5ac9d21b9e07",
            "certificate_minima": 600806,
            "certificate_nodes": 987934,
            "certificate_parent_refs": 987933,
            "chain_steps": 456331,
            "connection_catalogue_records": 716735,
            "digest_ms": 470.235227,
            "direct_lookups": 456331,
            "expand_ms": 83.247015,
            "face_visits": 10418444,
            "geometry_meb_calls": 714823,
            "hwm_mib_sample": 1790.679688,
            "input_records": 1317541,
            "k": 10,
            "max_chain_length": 18,
            "meb_calls": 714823,
            "meb_supports": 167966288,
            "minimum_catalogue_records": 600806,
            "minimum_hits": 0,
            "minimum_lookups": 0,
            "no_op_connections": 329604,
            "normalized_anchors": 4700064,
            "outcome": "complete_relative",
            "portal_requests": 258492,
            "query_leaves": 1491026,
            "query_nodes": 47429069,
            "query_range_skips": 3536851,
            "read_ms": 387.723915,
            "release_ms": 11.511416,
            "rss_mib_sample": 1337.941406,
            "singleton_intruder_resolutions": 0,
            "successor_steps": 49908451,
            "terminal_coverage_points": 8000,
            "terminal_direct": 258492,
            "terminal_roots": 1
          }
        ],
        "outcome": "complete_relative",
        "raw_sha256": "1fa36af20891c81f846a7b2f9bd87818e7c805dc3d98a7ef16c1a153a1b4f84a",
        "reason": "full_horizontal_relative_to_supplied_complete_exact_regular_gabriel_catalogues",
        "receipt_sha256": "be6c4ecc0de69f5ec0c92d0e4b7954e45f88f3c6d788027503d77c1f09fecdfd",
        "s": 10,
        "stage_ms": {
          "census": 6359.610702,
          "count": 39.232569,
          "digest": 1621.749534,
          "expand": 602.782613,
          "full": 61502.975504,
          "generation": 55900.708628,
          "index": 2.165082,
          "input": 1.64493,
          "prefilter": 9001.618237,
          "read": 1249.793852,
          "regularity": 15.06011,
          "release": 21.945703,
          "rle": 1577.927388
        },
        "status": "completed_relative",
        "successful_orders_diagnostic": 10
      },
      {
        "alias_policy": "eager",
        "attempt_id": "n8000_s12_k10_eager_c0",
        "attempt_success": true,
        "available_artifacts": [
          "n8000_s12_k10_eager_c0.command.json",
          "n8000_s12_k10_eager_c0.intent.json",
          "n8000_s12_k10_eager_c0.judge_normal.command.json",
          "n8000_s12_k10_eager_c0.judge_normal.intent.json",
          "n8000_s12_k10_eager_c0.judge_normal.stderr",
          "n8000_s12_k10_eager_c0.judge_normal.stdout",
          "n8000_s12_k10_eager_c0.judge_optimized.command.json",
          "n8000_s12_k10_eager_c0.judge_optimized.intent.json",
          "n8000_s12_k10_eager_c0.judge_optimized.stderr",
          "n8000_s12_k10_eager_c0.judge_optimized.stdout",
          "n8000_s12_k10_eager_c0.raw.txt",
          "n8000_s12_k10_eager_c0.receipt.json",
          "n8000_s12_k10_eager_c0.sources_after.json",
          "n8000_s12_k10_eager_c0.sources_before.json",
          "n8000_s12_k10_eager_c0.verdict.json"
        ],
        "cache_entries": 0,
        "certificate_digest": "e6e3fa51140fa9e39904c63dfaff18636ea7f10e058bfafdf1dc7b70b51fa625",
        "command_elapsed_seconds": 141.60109046499974,
        "complete_elapsed_before_terminal_ms": 141520.555503,
        "exit_code": 0,
        "first_c_supplement": {
          "alias_policy": "eager",
          "attempt_success": true,
          "cache_entries": 0,
          "refused_lazy_orders_bounded": 0,
          "requires_frozen_v2_judge_sha256": "8d8a612aa973cb79e60e97a6675f63684ddd8892cfc550716c20620c4d6930ef",
          "scope": "first_C_counter_supplement_not_v2_replacement_or_oracle",
          "successful_lazy_orders_checked": 0,
          "successful_orders_diagnostic": 10,
          "supplement_status": "valid"
        },
        "front": {
          "alive_peak_rects": 807241,
          "ball_capacity_observed": 3113381,
          "candidate_capacity_observed": 3123497,
          "census_balls": 3113381,
          "census_merge_peak_bytes": 697397344,
          "census_query_nodes": 284536613,
          "emitted_at_refus": 0,
          "frontier_ledger_closed": true,
          "generation_cap_refus": 0,
          "invariant_jneg": 0,
          "ledger_q2_emitted": 294859,
          "ledger_q2_killed": 31701141,
          "ledger_q3_emitted": 901634,
          "ledger_q3_killed": 31094366,
          "ledger_q4_emitted": 1022471,
          "ledger_q4_killed": 30973529,
          "pair_mass_expected_per_lane": 31996000,
          "prefilter_query_nodes": 278109354,
          "q4_completions": 39627584,
          "q4_core_site_tests": 218360112,
          "rank_relevant_extra_shell": 0,
          "rank_window_regular": true,
          "raw_candidates": 3123497,
          "unique_candidates": 3123497,
          "wave_peak_tasks": 532144,
          "wspd_corner_evals": 76064822,
          "wspd_witness_nodes": 664703087
        },
        "input_digest": "b73744755477b18a5853084851075bb4e3e468ae7d1353c98d0991576a099639",
        "max_rss_kib": 1833604,
        "n": 8000,
        "observed_elapsed_before_terminal_ms_diagnostic": 141520.555503,
        "orders": [
          {
            "alias_hits": 59750,
            "aliases": 8000,
            "build_ms": 39.265821,
            "cache_hits": 0,
            "cache_inserts": 0,
            "cache_lookups": 0,
            "cache_skips": 0,
            "certificate_digest": "8799bda5f76252de1b64add2584d59fdddaa7ea6723c2dcb59d4994cef8e3015",
            "certificate_minima": 8000,
            "certificate_nodes": 15999,
            "certificate_parent_refs": 15998,
            "chain_steps": 0,
            "connection_catalogue_records": 29875,
            "digest_ms": 2.060897,
            "direct_lookups": 0,
            "expand_ms": 31.488384,
            "face_visits": 119500,
            "geometry_meb_calls": 0,
            "hwm_mib_sample": 1183.058594,
            "input_records": 29875,
            "k": 1,
            "max_chain_length": 0,
            "meb_calls": 0,
            "meb_supports": 0,
            "minimum_catalogue_records": 0,
            "minimum_hits": 0,
            "minimum_lookups": 0,
            "no_op_connections": 21875,
            "normalized_anchors": 119500,
            "outcome": "complete_relative",
            "portal_requests": 0,
            "query_leaves": 0,
            "query_nodes": 0,
            "query_range_skips": 0,
            "read_ms": 0.897726,
            "release_ms": 0.000221,
            "rss_mib_sample": 706.742188,
            "singleton_intruder_resolutions": 0,
            "successor_steps": 755912,
            "terminal_coverage_points": 8000,
            "terminal_direct": 0,
            "terminal_roots": 1
          },
          {
            "alias_hits": 157831,
            "aliases": 62103,
            "build_ms": 225.629689,
            "cache_hits": 0,
            "cache_inserts": 0,
            "cache_lookups": 0,
            "cache_skips": 0,
            "certificate_digest": "2ad27bfbf04fb7ff0f895e432304bd08a653a98491b7ac001cfcfe10dde3d45b",
            "certificate_minima": 29875,
            "certificate_nodes": 52982,
            "certificate_parent_refs": 52981,
            "chain_steps": 4325,
            "connection_catalogue_records": 63353,
            "digest_ms": 9.465018,
            "direct_lookups": 4325,
            "expand_ms": 36.764854,
            "face_visits": 351187,
            "geometry_meb_calls": 7622,
            "hwm_mib_sample": 1183.058594,
            "input_records": 93228,
            "k": 2,
            "max_chain_length": 6,
            "meb_calls": 7622,
            "meb_supports": 15522,
            "minimum_catalogue_records": 29875,
            "minimum_hits": 0,
            "minimum_lookups": 0,
            "no_op_connections": 40246,
            "normalized_anchors": 312461,
            "outcome": "complete_relative",
            "portal_requests": 3297,
            "query_leaves": 8991,
            "query_nodes": 249889,
            "query_range_skips": 8749,
            "read_ms": 6.12406,
            "release_ms": 0.000491,
            "rss_mib_sample": 710.292969,
            "singleton_intruder_resolutions": 0,
            "successor_steps": 2730787,
            "terminal_coverage_points": 8000,
            "terminal_direct": 3297,
            "terminal_roots": 1
          },
          {
            "alias_hits": 295893,
            "aliases": 199928,
            "build_ms": 579.955775,
            "cache_hits": 0,
            "cache_inserts": 0,
            "cache_lookups": 0,
            "cache_skips": 0,
            "certificate_digest": "dec0d498c39c47bfdbd7bd07f489d05f29046c4e8e0b8aabc5e6e0add182afa7",
            "certificate_minima": 63353,
            "certificate_nodes": 107971,
            "certificate_parent_refs": 107970,
            "chain_steps": 17395,
            "connection_catalogue_records": 108117,
            "digest_ms": 26.765298,
            "direct_lookups": 17395,
            "expand_ms": 47.267708,
            "face_visits": 740657,
            "geometry_meb_calls": 29691,
            "hwm_mib_sample": 1183.058594,
            "input_records": 171470,
            "k": 3,
            "max_chain_length": 10,
            "meb_calls": 29691,
            "meb_supports": 160443,
            "minimum_catalogue_records": 63353,
            "minimum_hits": 0,
            "minimum_lookups": 0,
            "no_op_connections": 63497,
            "normalized_anchors": 587965,
            "outcome": "complete_relative",
            "portal_requests": 12296,
            "query_leaves": 43302,
            "query_nodes": 1142813,
            "query_range_skips": 45236,
            "read_ms": 16.788367,
            "release_ms": 0.001172,
            "rss_mib_sample": 756.609375,
            "singleton_intruder_resolutions": 0,
            "successor_steps": 5472916,
            "terminal_coverage_points": 8000,
            "terminal_direct": 12296,
            "terminal_roots": 1
          },
          {
            "alias_hits": 472951,
            "aliases": 456141,
            "build_ms": 1400.513536,
            "cache_hits": 0,
            "cache_inserts": 0,
            "cache_lookups": 0,
            "cache_skips": 0,
            "certificate_digest": "05a0ef5324fec2d08e418af760b7237d0c978daf8893d93f58b05806f80a2d3c",
            "certificate_minima": 108117,
            "certificate_nodes": 181305,
            "certificate_parent_refs": 181304,
            "chain_steps": 41531,
            "connection_catalogue_records": 164195,
            "digest_ms": 64.921419,
            "direct_lookups": 41531,
            "expand_ms": 51.891598,
            "face_visits": 1321716,
            "geometry_meb_calls": 69321,
            "hwm_mib_sample": 1183.058594,
            "input_records": 272312,
            "k": 4,
            "max_chain_length": 9,
            "meb_calls": 69321,
            "meb_supports": 813666,
            "minimum_catalogue_records": 108117,
            "minimum_hits": 0,
            "minimum_lookups": 0,
            "no_op_connections": 91006,
            "normalized_anchors": 946298,
            "outcome": "complete_relative",
            "portal_requests": 27790,
            "query_leaves": 113057,
            "query_nodes": 3013481,
            "query_range_skips": 137759,
            "read_ms": 34.476342,
            "release_ms": 0.001843,
            "rss_mib_sample": 802.210938,
            "singleton_intruder_resolutions": 0,
            "successor_steps": 9134595,
            "terminal_coverage_points": 8000,
            "terminal_direct": 27790,
            "terminal_roots": 1
          },
          {
            "alias_hits": 689570,
            "aliases": 864603,
            "build_ms": 2450.482835,
            "cache_hits": 0,
            "cache_inserts": 0,
            "cache_lookups": 0,
            "cache_skips": 0,
            "certificate_digest": "38593915ea762d1243773b04fc44c84c9809fe4605e2ca96a1e46aa0132648e7",
            "certificate_minima": 164195,
            "certificate_nodes": 272986,
            "certificate_parent_refs": 272985,
            "chain_steps": 76904,
            "connection_catalogue_records": 231663,
            "digest_ms": 101.231564,
            "direct_lookups": 76904,
            "expand_ms": 60.189406,
            "face_visits": 2129083,
            "geometry_meb_calls": 126439,
            "hwm_mib_sample": 1183.058594,
            "input_records": 395858,
            "k": 5,
            "max_chain_length": 11,
            "meb_calls": 126439,
            "meb_supports": 2845755,
            "minimum_catalogue_records": 164195,
            "minimum_hits": 0,
            "minimum_lookups": 0,
            "no_op_connections": 122871,
            "normalized_anchors": 1388853,
            "outcome": "complete_relative",
            "portal_requests": 49535,
            "query_leaves": 221398,
            "query_nodes": 6034156,
            "query_range_skips": 313810,
            "read_ms": 62.993191,
            "release_ms": 3.253032,
            "rss_mib_sample": 821.867188,
            "singleton_intruder_resolutions": 0,
            "successor_steps": 13737344,
            "terminal_coverage_points": 8000,
            "terminal_direct": 49535,
            "terminal_roots": 1
          },
          {
            "alias_hits": 940590,
            "aliases": 1452848,
            "build_ms": 4295.788688,
            "cache_hits": 0,
            "cache_inserts": 0,
            "cache_lookups": 0,
            "cache_skips": 0,
            "certificate_digest": "0ef536b610bf5128f2afbaa0fc0c27681a392549a41c1529466efdd9e20a66c9",
            "certificate_minima": 231663,
            "certificate_nodes": 383457,
            "certificate_parent_refs": 383456,
            "chain_steps": 125090,
            "connection_catalogue_records": 308825,
            "digest_ms": 160.875402,
            "direct_lookups": 125090,
            "expand_ms": 69.375072,
            "face_visits": 3180117,
            "geometry_meb_calls": 202842,
            "hwm_mib_sample": 1183.058594,
            "input_records": 540488,
            "k": 6,
            "max_chain_length": 13,
            "meb_calls": 202842,
            "meb_supports": 8120836,
            "minimum_catalogue_records": 231663,
            "minimum_hits": 0,
            "minimum_lookups": 0,
            "no_op_connections": 157030,
            "normalized_anchors": 1905520,
            "outcome": "complete_relative",
            "portal_requests": 77752,
            "query_leaves": 374425,
            "query_nodes": 10526666,
            "query_range_skips": 605355,
            "read_ms": 101.366165,
            "release_ms": 0.589019,
            "rss_mib_sample": 931.03125,
            "singleton_intruder_resolutions": 0,
            "successor_steps": 19253341,
            "terminal_coverage_points": 8000,
            "terminal_direct": 77752,
            "terminal_roots": 1
          },
          {
            "alias_hits": 1226118,
            "aliases": 2254099,
            "build_ms": 6402.115559,
            "cache_hits": 0,
            "cache_inserts": 0,
            "cache_lookups": 0,
            "cache_skips": 0,
            "certificate_digest": "56d1c20c243e8e9cc6148a4ea12369db29bc78eeacae90f5fe7c114310f9787b",
            "certificate_minima": 308825,
            "certificate_nodes": 509617,
            "certificate_parent_refs": 509616,
            "chain_steps": 187220,
            "connection_catalogue_records": 396424,
            "digest_ms": 220.327331,
            "direct_lookups": 187220,
            "expand_ms": 73.367354,
            "face_visits": 4510313,
            "geometry_meb_calls": 300023,
            "hwm_mib_sample": 1183.058594,
            "input_records": 705249,
            "k": 7,
            "max_chain_length": 15,
            "meb_calls": 300023,
            "meb_supports": 20022363,
            "minimum_catalogue_records": 308825,
            "minimum_hits": 0,
            "minimum_lookups": 0,
            "no_op_connections": 195631,
            "normalized_anchors": 2497737,
            "outcome": "complete_relative",
            "portal_requests": 112803,
            "query_leaves": 577668,
            "query_nodes": 16768738,
            "query_range_skips": 1046350,
            "read_ms": 149.216249,
            "release_ms": 0.738989,
            "rss_mib_sample": 1034.601562,
            "singleton_intruder_resolutions": 0,
            "successor_steps": 25616968,
            "terminal_coverage_points": 8000,
            "terminal_direct": 112803,
            "terminal_roots": 1
          },
          {
            "alias_hits": 1543206,
            "aliases": 3293710,
            "build_ms": 10007.288831,
            "cache_hits": 0,
            "cache_inserts": 0,
            "cache_lookups": 0,
            "cache_skips": 0,
            "certificate_digest": "091b57d20eed4b4c0f8ecf4814c73e44a59109e571eda86ae20ca40d144fd802",
            "certificate_minima": 396424,
            "certificate_nodes": 652618,
            "certificate_parent_refs": 652617,
            "chain_steps": 263308,
            "connection_catalogue_records": 493388,
            "digest_ms": 307.020628,
            "direct_lookups": 263308,
            "expand_ms": 80.831797,
            "face_visits": 6138403,
            "geometry_meb_calls": 418013,
            "hwm_mib_sample": 1337.292969,
            "input_records": 889812,
            "k": 8,
            "max_chain_length": 16,
            "meb_calls": 418013,
            "meb_supports": 44088536,
            "minimum_catalogue_records": 396424,
            "minimum_hits": 0,
            "minimum_lookups": 0,
            "no_op_connections": 237194,
            "normalized_anchors": 3159021,
            "outcome": "complete_relative",
            "portal_requests": 154705,
            "query_leaves": 831304,
            "query_nodes": 24900062,
            "query_range_skips": 1663463,
            "read_ms": 211.99577,
            "release_ms": 0.629365,
            "rss_mib_sample": 1137.875,
            "singleton_intruder_resolutions": 0,
            "successor_steps": 32808937,
            "terminal_coverage_points": 8000,
            "terminal_direct": 154705,
            "terminal_roots": 1
          },
          {
            "alias_hits": 1894669,
            "aliases": 4606779,
            "build_ms": 14710.984398,
            "cache_hits": 0,
            "cache_inserts": 0,
            "cache_lookups": 0,
            "cache_skips": 0,
            "certificate_digest": "cc4cba135cc74dffcb4cd6bcadab39269efd01d5ea1a9954cdd1fe2f33455899",
            "certificate_minima": 493388,
            "certificate_nodes": 811603,
            "certificate_parent_refs": 811602,
            "chain_steps": 353548,
            "connection_catalogue_records": 600806,
            "digest_ms": 383.668136,
            "direct_lookups": 353548,
            "expand_ms": 80.097095,
            "face_visits": 8105926,
            "geometry_meb_calls": 556745,
            "hwm_mib_sample": 1524.769531,
            "input_records": 1094194,
            "k": 9,
            "max_chain_length": 19,
            "meb_calls": 556745,
            "meb_supports": 89176574,
            "minimum_catalogue_records": 493388,
            "minimum_hits": 0,
            "minimum_lookups": 0,
            "no_op_connections": 282591,
            "normalized_anchors": 3896132,
            "outcome": "complete_relative",
            "portal_requests": 203197,
            "query_leaves": 1136861,
            "query_nodes": 35099256,
            "query_range_skips": 2489315,
            "read_ms": 307.363879,
            "release_ms": 0.859514,
            "rss_mib_sample": 1286.398438,
            "singleton_intruder_resolutions": 0,
            "successor_steps": 40929159,
            "terminal_coverage_points": 8000,
            "terminal_direct": 203197,
            "terminal_roots": 1
          },
          {
            "alias_hits": 2275867,
            "aliases": 6209024,
            "build_ms": 22484.302974,
            "cache_hits": 0,
            "cache_inserts": 0,
            "cache_lookups": 0,
            "cache_skips": 0,
            "certificate_digest": "95ebec1618c3a15af695b7512974d8f865aa1dc7511dcc5afade5ac9d21b9e07",
            "certificate_minima": 600806,
            "certificate_nodes": 987934,
            "certificate_parent_refs": 987933,
            "chain_steps": 456331,
            "connection_catalogue_records": 716735,
            "digest_ms": 463.373089,
            "direct_lookups": 456331,
            "expand_ms": 87.319807,
            "face_visits": 10418444,
            "geometry_meb_calls": 714823,
            "hwm_mib_sample": 1790.628906,
            "input_records": 1317541,
            "k": 10,
            "max_chain_length": 18,
            "meb_calls": 714823,
            "meb_supports": 167966288,
            "minimum_catalogue_records": 600806,
            "minimum_hits": 0,
            "minimum_lookups": 0,
            "no_op_connections": 329604,
            "normalized_anchors": 4700064,
            "outcome": "complete_relative",
            "portal_requests": 258492,
            "query_leaves": 1491026,
            "query_nodes": 47429069,
            "query_range_skips": 3536851,
            "read_ms": 390.027365,
            "release_ms": 11.174828,
            "rss_mib_sample": 1337.898438,
            "singleton_intruder_resolutions": 0,
            "successor_steps": 49908451,
            "terminal_coverage_points": 8000,
            "terminal_direct": 258492,
            "terminal_roots": 1
          }
        ],
        "outcome": "complete_relative",
        "raw_sha256": "e68639d16f7825a08534b4806b5b5435f6927d719823e798143c8219fcf95724",
        "reason": "full_horizontal_relative_to_supplied_complete_exact_regular_gabriel_catalogues",
        "receipt_sha256": "23e9b002f8e412fb4ccb90ec24a742ab42155ce5ac26a64205e60c1a007cc765",
        "s": 12,
        "stage_ms": {
          "census": 6609.215442,
          "count": 36.770393,
          "digest": 1740.137401,
          "expand": 618.59634,
          "full": 62596.331223,
          "generation": 57776.607525,
          "index": 2.147128,
          "input": 1.674175,
          "prefilter": 9214.676061,
          "read": 1281.256044,
          "regularity": 17.451514,
          "release": 23.954042,
          "rle": 1600.303374
        },
        "status": "completed_relative",
        "successful_orders_diagnostic": 10
      },
      {
        "alias_policy": "lazy",
        "attempt_id": "n8000_s12_k10_lazy_c1000000",
        "attempt_success": true,
        "available_artifacts": [
          "n8000_s12_k10_lazy_c1000000.command.json",
          "n8000_s12_k10_lazy_c1000000.intent.json",
          "n8000_s12_k10_lazy_c1000000.judge_normal.command.json",
          "n8000_s12_k10_lazy_c1000000.judge_normal.intent.json",
          "n8000_s12_k10_lazy_c1000000.judge_normal.stderr",
          "n8000_s12_k10_lazy_c1000000.judge_normal.stdout",
          "n8000_s12_k10_lazy_c1000000.judge_optimized.command.json",
          "n8000_s12_k10_lazy_c1000000.judge_optimized.intent.json",
          "n8000_s12_k10_lazy_c1000000.judge_optimized.stderr",
          "n8000_s12_k10_lazy_c1000000.judge_optimized.stdout",
          "n8000_s12_k10_lazy_c1000000.raw.txt",
          "n8000_s12_k10_lazy_c1000000.receipt.json",
          "n8000_s12_k10_lazy_c1000000.sources_after.json",
          "n8000_s12_k10_lazy_c1000000.sources_before.json",
          "n8000_s12_k10_lazy_c1000000.verdict.json"
        ],
        "cache_entries": 1000000,
        "certificate_digest": "e6e3fa51140fa9e39904c63dfaff18636ea7f10e058bfafdf1dc7b70b51fa625",
        "command_elapsed_seconds": 143.25770313700014,
        "complete_elapsed_before_terminal_ms": 143196.021602,
        "exit_code": 0,
        "first_c_supplement": {
          "alias_policy": "lazy",
          "attempt_success": true,
          "cache_entries": 1000000,
          "refused_lazy_orders_bounded": 0,
          "requires_frozen_v2_judge_sha256": "8d8a612aa973cb79e60e97a6675f63684ddd8892cfc550716c20620c4d6930ef",
          "scope": "first_C_counter_supplement_not_v2_replacement_or_oracle",
          "successful_lazy_orders_checked": 10,
          "successful_orders_diagnostic": 10,
          "supplement_status": "valid"
        },
        "front": {
          "alive_peak_rects": 807241,
          "ball_capacity_observed": 3113381,
          "candidate_capacity_observed": 3123497,
          "census_balls": 3113381,
          "census_merge_peak_bytes": 697397344,
          "census_query_nodes": 284536613,
          "emitted_at_refus": 0,
          "frontier_ledger_closed": true,
          "generation_cap_refus": 0,
          "invariant_jneg": 0,
          "ledger_q2_emitted": 294859,
          "ledger_q2_killed": 31701141,
          "ledger_q3_emitted": 901634,
          "ledger_q3_killed": 31094366,
          "ledger_q4_emitted": 1022471,
          "ledger_q4_killed": 30973529,
          "pair_mass_expected_per_lane": 31996000,
          "prefilter_query_nodes": 278109354,
          "q4_completions": 39627584,
          "q4_core_site_tests": 218360112,
          "rank_relevant_extra_shell": 0,
          "rank_window_regular": true,
          "raw_candidates": 3123497,
          "unique_candidates": 3123497,
          "wave_peak_tasks": 532144,
          "wspd_corner_evals": 76064822,
          "wspd_witness_nodes": 664703087
        },
        "input_digest": "b73744755477b18a5853084851075bb4e3e468ae7d1353c98d0991576a099639",
        "max_rss_kib": 1321756,
        "n": 8000,
        "observed_elapsed_before_terminal_ms_diagnostic": 143196.021602,
        "orders": [
          {
            "alias_hits": 0,
            "aliases": 0,
            "build_ms": 42.665267,
            "cache_hits": 0,
            "cache_inserts": 0,
            "cache_lookups": 0,
            "cache_skips": 0,
            "certificate_digest": "8799bda5f76252de1b64add2584d59fdddaa7ea6723c2dcb59d4994cef8e3015",
            "certificate_minima": 8000,
            "certificate_nodes": 15999,
            "certificate_parent_refs": 15998,
            "chain_steps": 0,
            "connection_catalogue_records": 29875,
            "digest_ms": 2.053272,
            "direct_lookups": 0,
            "expand_ms": 31.391163,
            "face_visits": 59750,
            "geometry_meb_calls": 0,
            "hwm_mib_sample": 1182.964844,
            "input_records": 29875,
            "k": 1,
            "max_chain_length": 0,
            "meb_calls": 0,
            "meb_supports": 0,
            "minimum_catalogue_records": 0,
            "minimum_hits": 59750,
            "minimum_lookups": 59750,
            "no_op_connections": 21875,
            "normalized_anchors": 59750,
            "outcome": "complete_relative",
            "portal_requests": 0,
            "query_leaves": 0,
            "query_nodes": 0,
            "query_range_skips": 0,
            "read_ms": 0.906603,
            "release_ms": 0.00024,
            "rss_mib_sample": 706.625,
            "singleton_intruder_resolutions": 0,
            "successor_steps": 502560,
            "terminal_coverage_points": 8000,
            "terminal_direct": 0,
            "terminal_roots": 1
          },
          {
            "alias_hits": 0,
            "aliases": 0,
            "build_ms": 263.128462,
            "cache_hits": 8398,
            "cache_inserts": 16261,
            "cache_lookups": 24659,
            "cache_skips": 0,
            "certificate_digest": "2ad27bfbf04fb7ff0f895e432304bd08a653a98491b7ac001cfcfe10dde3d45b",
            "certificate_minima": 29875,
            "certificate_nodes": 52982,
            "certificate_parent_refs": 52981,
            "chain_steps": 4325,
            "connection_catalogue_records": 63353,
            "digest_ms": 9.745029,
            "direct_lookups": 17289,
            "expand_ms": 36.799458,
            "face_visits": 161128,
            "geometry_meb_calls": 20586,
            "hwm_mib_sample": 1182.964844,
            "input_records": 93228,
            "k": 2,
            "max_chain_length": 6,
            "meb_calls": 20586,
            "meb_supports": 28486,
            "minimum_catalogue_records": 29875,
            "minimum_hits": 136469,
            "minimum_lookups": 161128,
            "no_op_connections": 40246,
            "normalized_anchors": 154093,
            "outcome": "complete_relative",
            "portal_requests": 16261,
            "query_leaves": 34919,
            "query_nodes": 928403,
            "query_range_skips": 21713,
            "read_ms": 5.953493,
            "release_ms": 0.000661,
            "rss_mib_sample": 707.039062,
            "singleton_intruder_resolutions": 12964,
            "successor_steps": 1992894,
            "terminal_coverage_points": 8000,
            "terminal_direct": 16261,
            "terminal_roots": 1
          },
          {
            "alias_hits": 0,
            "aliases": 0,
            "build_ms": 754.030324,
            "cache_hits": 18855,
            "cache_inserts": 51202,
            "cache_lookups": 70057,
            "cache_skips": 0,
            "certificate_digest": "dec0d498c39c47bfdbd7bd07f489d05f29046c4e8e0b8aabc5e6e0add182afa7",
            "certificate_minima": 63353,
            "certificate_nodes": 107971,
            "certificate_parent_refs": 107970,
            "chain_steps": 17395,
            "connection_catalogue_records": 108117,
            "digest_ms": 29.592305,
            "direct_lookups": 56301,
            "expand_ms": 48.605314,
            "face_visits": 308189,
            "geometry_meb_calls": 68597,
            "hwm_mib_sample": 1182.964844,
            "input_records": 171470,
            "k": 3,
            "max_chain_length": 10,
            "meb_calls": 68597,
            "meb_supports": 276365,
            "minimum_catalogue_records": 63353,
            "minimum_hits": 238132,
            "minimum_lookups": 308189,
            "no_op_connections": 63497,
            "normalized_anchors": 288874,
            "outcome": "complete_relative",
            "portal_requests": 51202,
            "query_leaves": 140052,
            "query_nodes": 3500885,
            "query_range_skips": 102675,
            "read_ms": 15.486827,
            "release_ms": 0.000922,
            "rss_mib_sample": 746.695312,
            "singleton_intruder_resolutions": 38906,
            "successor_steps": 4047647,
            "terminal_coverage_points": 8000,
            "terminal_direct": 51202,
            "terminal_roots": 1
          },
          {
            "alias_hits": 0,
            "aliases": 0,
            "build_ms": 1443.056524,
            "cache_hits": 30631,
            "cache_inserts": 103851,
            "cache_lookups": 134482,
            "cache_skips": 0,
            "certificate_digest": "05a0ef5324fec2d08e418af760b7237d0c978daf8893d93f58b05806f80a2d3c",
            "certificate_minima": 108117,
            "certificate_nodes": 181305,
            "certificate_parent_refs": 181304,
            "chain_steps": 41531,
            "connection_catalogue_records": 164195,
            "digest_ms": 54.074152,
            "direct_lookups": 117592,
            "expand_ms": 50.548732,
            "face_visits": 500741,
            "geometry_meb_calls": 145382,
            "hwm_mib_sample": 1182.964844,
            "input_records": 272312,
            "k": 4,
            "max_chain_length": 9,
            "meb_calls": 145382,
            "meb_supports": 1353108,
            "minimum_catalogue_records": 108117,
            "minimum_hits": 366259,
            "minimum_lookups": 500741,
            "no_op_connections": 91006,
            "normalized_anchors": 464845,
            "outcome": "complete_relative",
            "portal_requests": 103851,
            "query_leaves": 322370,
            "query_nodes": 8158468,
            "query_range_skips": 301212,
            "read_ms": 33.828693,
            "release_ms": 0.000431,
            "rss_mib_sample": 771.183594,
            "singleton_intruder_resolutions": 76061,
            "successor_steps": 6817240,
            "terminal_coverage_points": 8000,
            "terminal_direct": 103851,
            "terminal_roots": 1
          },
          {
            "alias_hits": 0,
            "aliases": 0,
            "build_ms": 2447.941732,
            "cache_hits": 45172,
            "cache_inserts": 173057,
            "cache_lookups": 218229,
            "cache_skips": 0,
            "certificate_digest": "38593915ea762d1243773b04fc44c84c9809fe4605e2ca96a1e46aa0132648e7",
            "certificate_minima": 164195,
            "certificate_nodes": 272986,
            "certificate_parent_refs": 272985,
            "chain_steps": 76904,
            "connection_catalogue_records": 231663,
            "digest_ms": 95.433281,
            "direct_lookups": 200426,
            "expand_ms": 57.479118,
            "face_visits": 739105,
            "geometry_meb_calls": 249961,
            "hwm_mib_sample": 1182.964844,
            "input_records": 395858,
            "k": 5,
            "max_chain_length": 11,
            "meb_calls": 249961,
            "meb_supports": 4626586,
            "minimum_catalogue_records": 164195,
            "minimum_hits": 520876,
            "minimum_lookups": 739105,
            "no_op_connections": 122871,
            "normalized_anchors": 682390,
            "outcome": "complete_relative",
            "portal_requests": 173057,
            "query_leaves": 583097,
            "query_nodes": 15198360,
            "query_range_skips": 668000,
            "read_ms": 63.890155,
            "release_ms": 0.000972,
            "rss_mib_sample": 823.21875,
            "singleton_intruder_resolutions": 123522,
            "successor_steps": 10315909,
            "terminal_coverage_points": 8000,
            "terminal_direct": 173057,
            "terminal_roots": 1
          },
          {
            "alias_hits": 0,
            "aliases": 0,
            "build_ms": 4127.247177,
            "cache_hits": 60451,
            "cache_inserts": 257289,
            "cache_lookups": 317740,
            "cache_skips": 0,
            "certificate_digest": "0ef536b610bf5128f2afbaa0fc0c27681a392549a41c1529466efdd9e20a66c9",
            "certificate_minima": 231663,
            "certificate_nodes": 383457,
            "certificate_parent_refs": 383456,
            "chain_steps": 125090,
            "connection_catalogue_records": 308825,
            "digest_ms": 141.498904,
            "direct_lookups": 304627,
            "expand_ms": 70.613614,
            "face_visits": 1018342,
            "geometry_meb_calls": 382379,
            "hwm_mib_sample": 1182.964844,
            "input_records": 540488,
            "k": 6,
            "max_chain_length": 13,
            "meb_calls": 382379,
            "meb_supports": 12886895,
            "minimum_catalogue_records": 231663,
            "minimum_hits": 700602,
            "minimum_lookups": 1018342,
            "no_op_connections": 157030,
            "normalized_anchors": 936659,
            "outcome": "complete_relative",
            "portal_requests": 257289,
            "query_leaves": 923766,
            "query_nodes": 24898221,
            "query_range_skips": 1249932,
            "read_ms": 99.286553,
            "release_ms": 0.34822,
            "rss_mib_sample": 846.949219,
            "singleton_intruder_resolutions": 179537,
            "successor_steps": 14537805,
            "terminal_coverage_points": 8000,
            "terminal_direct": 257289,
            "terminal_roots": 1
          },
          {
            "alias_hits": 0,
            "aliases": 0,
            "build_ms": 6634.881238,
            "cache_hits": 77173,
            "cache_inserts": 357405,
            "cache_lookups": 434578,
            "cache_skips": 0,
            "certificate_digest": "56d1c20c243e8e9cc6148a4ea12369db29bc78eeacae90f5fe7c114310f9787b",
            "certificate_minima": 308825,
            "certificate_nodes": 509617,
            "certificate_parent_refs": 509616,
            "chain_steps": 187220,
            "connection_catalogue_records": 396424,
            "digest_ms": 207.967402,
            "direct_lookups": 431822,
            "expand_ms": 73.109493,
            "face_visits": 1338921,
            "geometry_meb_calls": 544625,
            "hwm_mib_sample": 1182.964844,
            "input_records": 705249,
            "k": 7,
            "max_chain_length": 15,
            "meb_calls": 544625,
            "meb_supports": 31133188,
            "minimum_catalogue_records": 308825,
            "minimum_hits": 904343,
            "minimum_lookups": 1338921,
            "no_op_connections": 195631,
            "normalized_anchors": 1228600,
            "outcome": "complete_relative",
            "portal_requests": 357405,
            "query_leaves": 1350219,
            "query_nodes": 37691708,
            "query_range_skips": 2101631,
            "read_ms": 151.190254,
            "release_ms": 1.852438,
            "rss_mib_sample": 815.308594,
            "singleton_intruder_resolutions": 244602,
            "successor_steps": 19424152,
            "terminal_coverage_points": 8000,
            "terminal_direct": 357405,
            "terminal_roots": 1
          },
          {
            "alias_hits": 0,
            "aliases": 0,
            "build_ms": 9976.964819,
            "cache_hits": 94990,
            "cache_inserts": 471770,
            "cache_lookups": 566760,
            "cache_skips": 0,
            "certificate_digest": "091b57d20eed4b4c0f8ecf4814c73e44a59109e571eda86ae20ca40d144fd802",
            "certificate_minima": 396424,
            "certificate_nodes": 652618,
            "certificate_parent_refs": 652617,
            "chain_steps": 263308,
            "connection_catalogue_records": 493388,
            "digest_ms": 277.451647,
            "direct_lookups": 580373,
            "expand_ms": 69.177623,
            "face_visits": 1697911,
            "geometry_meb_calls": 735078,
            "hwm_mib_sample": 1182.964844,
            "input_records": 889812,
            "k": 8,
            "max_chain_length": 16,
            "meb_calls": 735078,
            "meb_supports": 67426536,
            "minimum_catalogue_records": 396424,
            "minimum_hits": 1131151,
            "minimum_lookups": 1697911,
            "no_op_connections": 237194,
            "normalized_anchors": 1554742,
            "outcome": "complete_relative",
            "portal_requests": 471770,
            "query_leaves": 1857857,
            "query_nodes": 53685917,
            "query_range_skips": 3257730,
            "read_ms": 208.843306,
            "release_ms": 0.743828,
            "rss_mib_sample": 927.859375,
            "singleton_intruder_resolutions": 317065,
            "successor_steps": 24967947,
            "terminal_coverage_points": 8000,
            "terminal_direct": 471770,
            "terminal_roots": 1
          },
          {
            "alias_hits": 0,
            "aliases": 0,
            "build_ms": 15369.940201,
            "cache_hits": 114468,
            "cache_inserts": 602773,
            "cache_lookups": 717241,
            "cache_skips": 0,
            "certificate_digest": "cc4cba135cc74dffcb4cd6bcadab39269efd01d5ea1a9954cdd1fe2f33455899",
            "certificate_minima": 493388,
            "certificate_nodes": 811603,
            "certificate_parent_refs": 811602,
            "chain_steps": 353548,
            "connection_catalogue_records": 600806,
            "digest_ms": 353.281056,
            "direct_lookups": 753124,
            "expand_ms": 85.636895,
            "face_visits": 2097866,
            "geometry_meb_calls": 956321,
            "hwm_mib_sample": 1182.964844,
            "input_records": 1094194,
            "k": 9,
            "max_chain_length": 19,
            "meb_calls": 956321,
            "meb_supports": 134645682,
            "minimum_catalogue_records": 493388,
            "minimum_hits": 1380625,
            "minimum_lookups": 2097866,
            "no_op_connections": 282591,
            "normalized_anchors": 1919178,
            "outcome": "complete_relative",
            "portal_requests": 602773,
            "query_leaves": 2456413,
            "query_nodes": 73406816,
            "query_range_skips": 4780896,
            "read_ms": 284.322351,
            "release_ms": 0.303356,
            "rss_mib_sample": 1055.332031,
            "singleton_intruder_resolutions": 399576,
            "successor_steps": 31257517,
            "terminal_coverage_points": 8000,
            "terminal_direct": 602773,
            "terminal_roots": 1
          },
          {
            "alias_hits": 0,
            "aliases": 0,
            "build_ms": 23239.640869,
            "cache_hits": 134902,
            "cache_inserts": 746631,
            "cache_lookups": 881533,
            "cache_skips": 0,
            "certificate_digest": "95ebec1618c3a15af695b7512974d8f865aa1dc7511dcc5afade5ac9d21b9e07",
            "certificate_minima": 600806,
            "certificate_nodes": 987934,
            "certificate_parent_refs": 987933,
            "chain_steps": 456331,
            "connection_catalogue_records": 716735,
            "digest_ms": 442.156567,
            "direct_lookups": 944470,
            "expand_ms": 84.371334,
            "face_visits": 2534359,
            "geometry_meb_calls": 1202962,
            "hwm_mib_sample": 1290.777344,
            "input_records": 1317541,
            "k": 10,
            "max_chain_length": 18,
            "meb_calls": 1202962,
            "meb_supports": 250854612,
            "minimum_catalogue_records": 600806,
            "minimum_hits": 1652826,
            "minimum_lookups": 2534359,
            "no_op_connections": 329604,
            "normalized_anchors": 2316496,
            "outcome": "complete_relative",
            "portal_requests": 746631,
            "query_leaves": 3129817,
            "query_nodes": 96517944,
            "query_range_skips": 6673886,
            "read_ms": 374.618524,
            "release_ms": 2.681114,
            "rss_mib_sample": 1015.898438,
            "singleton_intruder_resolutions": 488139,
            "successor_steps": 38240799,
            "terminal_coverage_points": 8000,
            "terminal_direct": 746631,
            "terminal_roots": 1
          }
        ],
        "outcome": "complete_relative",
        "raw_sha256": "22f92758fdd3012ee7fe4d2f7b50690d3ad9de55f1c483ed54aa4f04f951aebc",
        "reason": "full_horizontal_relative_to_supplied_complete_exact_regular_gabriel_catalogues",
        "receipt_sha256": "503f1df03488c860d0f85d4560c60cd4bc818d3db234fb4833e302b509796643",
        "s": 12,
        "stage_ms": {
          "census": 6638.138448,
          "count": 36.431792,
          "digest": 1613.672439,
          "expand": 607.73565,
          "full": 64299.499612,
          "generation": 57881.711316,
          "index": 2.166383,
          "input": 1.668525,
          "prefilter": 9312.125505,
          "read": 1238.332977,
          "regularity": 16.199828,
          "release": 10.901737,
          "rle": 1536.029995
        },
        "status": "completed_relative",
        "successful_orders_diagnostic": 10
      }
    ],
    "capture_status": "completed",
    "path": "/workspaces/E-HGP/build/v7_full_lazy_20260905_probe_controller/heavy_paired_resume/receipt.json",
    "phase": "paired",
    "sha256": "50f22273e11f9e04cf9707a1bb7f6068ff98476ad3903972f40ebbbbcc6a1e4c"
  },
  "paired_comparisons": [
    {
      "eager_minus_lazy_peak_rss_kib_observed": 510068,
      "eager_over_lazy_elapsed_ratio_observed": 0.9871751434244377,
      "front_counters_compared": 27,
      "orders_compared": 10,
      "s": 8,
      "saturated_orders_path_not_compared": 0,
      "status": "paired_observation_only_not_statistical_speedup",
      "unsaturated_orders_path_compared": 10
    },
    {
      "eager_minus_lazy_peak_rss_kib_observed": 511144,
      "eager_over_lazy_elapsed_ratio_observed": 0.9645401333984356,
      "front_counters_compared": 27,
      "orders_compared": 10,
      "s": 10,
      "saturated_orders_path_not_compared": 0,
      "status": "paired_observation_only_not_statistical_speedup",
      "unsaturated_orders_path_compared": 10
    },
    {
      "eager_minus_lazy_peak_rss_kib_observed": 511848,
      "eager_over_lazy_elapsed_ratio_observed": 0.9882994926796446,
      "front_counters_compared": 27,
      "orders_compared": 10,
      "s": 12,
      "saturated_orders_path_not_compared": 0,
      "status": "paired_observation_only_not_statistical_speedup",
      "unsaturated_orders_path_compared": 10
    }
  ],
  "public_status": "not_claimed",
  "rss_scope": "GNU_time_peak_is_process_global; per_order_RSS_sample_is_after_Builder_destruction; HWM_cumulative",
  "scales": [
    {
      "all_successful": true,
      "attempts": [
        {
          "alias_policy": "lazy",
          "attempt_id": "n16000_s8_k10_lazy_c1000000",
          "attempt_success": true,
          "available_artifacts": [
            "n16000_s8_k10_lazy_c1000000.command.json",
            "n16000_s8_k10_lazy_c1000000.intent.json",
            "n16000_s8_k10_lazy_c1000000.judge_normal.command.json",
            "n16000_s8_k10_lazy_c1000000.judge_normal.intent.json",
            "n16000_s8_k10_lazy_c1000000.judge_normal.stderr",
            "n16000_s8_k10_lazy_c1000000.judge_normal.stdout",
            "n16000_s8_k10_lazy_c1000000.judge_optimized.command.json",
            "n16000_s8_k10_lazy_c1000000.judge_optimized.intent.json",
            "n16000_s8_k10_lazy_c1000000.judge_optimized.stderr",
            "n16000_s8_k10_lazy_c1000000.judge_optimized.stdout",
            "n16000_s8_k10_lazy_c1000000.raw.txt",
            "n16000_s8_k10_lazy_c1000000.receipt.json",
            "n16000_s8_k10_lazy_c1000000.sources_after.json",
            "n16000_s8_k10_lazy_c1000000.sources_before.json",
            "n16000_s8_k10_lazy_c1000000.verdict.json"
          ],
          "cache_entries": 1000000,
          "certificate_digest": "e4ead0a425799162a14a978570b565d473bb26e3d9549e9266641aaa0926c80f",
          "command_elapsed_seconds": 319.35705563400006,
          "complete_elapsed_before_terminal_ms": 319304.688675,
          "exit_code": 0,
          "first_c_supplement": {
            "alias_policy": "lazy",
            "attempt_success": true,
            "cache_entries": 1000000,
            "refused_lazy_orders_bounded": 0,
            "requires_frozen_v2_judge_sha256": "8d8a612aa973cb79e60e97a6675f63684ddd8892cfc550716c20620c4d6930ef",
            "scope": "first_C_counter_supplement_not_v2_replacement_or_oracle",
            "successful_lazy_orders_checked": 10,
            "successful_orders_diagnostic": 10,
            "supplement_status": "valid"
          },
          "front": {
            "alive_peak_rects": 1586442,
            "ball_capacity_observed": 6526716,
            "candidate_capacity_observed": 6590753,
            "census_balls": 6526716,
            "census_merge_peak_bytes": 1461984384,
            "census_query_nodes": 624967650,
            "emitted_at_refus": 0,
            "frontier_ledger_closed": true,
            "generation_cap_refus": 0,
            "invariant_jneg": 0,
            "ledger_q2_emitted": 663576,
            "ledger_q2_killed": 127328424,
            "ledger_q3_emitted": 2312062,
            "ledger_q3_killed": 125679938,
            "ledger_q4_emitted": 2716876,
            "ledger_q4_killed": 125275124,
            "pair_mass_expected_per_lane": 127992000,
            "prefilter_query_nodes": 615280915,
            "q4_completions": 83558042,
            "q4_core_site_tests": 460092899,
            "rank_relevant_extra_shell": 0,
            "rank_window_regular": true,
            "raw_candidates": 6590753,
            "unique_candidates": 6590753,
            "wave_peak_tasks": 886900,
            "wspd_corner_evals": 363216925,
            "wspd_witness_nodes": 1345492335
          },
          "input_digest": "4acfbf3c6d6220b5d79d1e79dfd1fb3cf807482075d6a533f0a77d3112af0544",
          "max_rss_kib": 2716064,
          "n": 16000,
          "observed_elapsed_before_terminal_ms_diagnostic": 319304.688675,
          "orders": [
            {
              "alias_hits": 0,
              "aliases": 0,
              "build_ms": 123.594125,
              "cache_hits": 0,
              "cache_inserts": 0,
              "cache_lookups": 0,
              "cache_skips": 0,
              "certificate_digest": "475ee7598255ed26692a1df557317113d2bf41370099904bcdca996334b7bc10",
              "certificate_minima": 16000,
              "certificate_nodes": 31998,
              "certificate_parent_refs": 31997,
              "chain_steps": 0,
              "connection_catalogue_records": 60552,
              "digest_ms": 4.649528,
              "direct_lookups": 0,
              "expand_ms": 63.094098,
              "face_visits": 121104,
              "geometry_meb_calls": 0,
              "hwm_mib_sample": 2442.265625,
              "input_records": 60552,
              "k": 1,
              "max_chain_length": 0,
              "meb_calls": 0,
              "meb_supports": 0,
              "minimum_catalogue_records": 0,
              "minimum_hits": 121104,
              "minimum_lookups": 121104,
              "no_op_connections": 44545,
              "normalized_anchors": 121111,
              "outcome": "complete_relative",
              "portal_requests": 0,
              "query_leaves": 0,
              "query_nodes": 0,
              "query_range_skips": 0,
              "read_ms": 2.897308,
              "release_ms": 0.00024,
              "rss_mib_sample": 1437.601562,
              "singleton_intruder_resolutions": 0,
              "successor_steps": 1054821,
              "terminal_coverage_points": 16000,
              "terminal_direct": 0,
              "terminal_roots": 1
            },
            {
              "alias_hits": 0,
              "aliases": 0,
              "build_ms": 681.703693,
              "cache_hits": 17327,
              "cache_inserts": 33401,
              "cache_lookups": 50728,
              "cache_skips": 0,
              "certificate_digest": "8f19106b8245e9748a5911ec216311c4d2909a3687934ada04cbfbe536e250f2",
              "certificate_minima": 60552,
              "certificate_nodes": 107366,
              "certificate_parent_refs": 107365,
              "chain_steps": 8965,
              "connection_catalogue_records": 129528,
              "digest_ms": 18.426964,
              "direct_lookups": 35547,
              "expand_ms": 79.420352,
              "face_visits": 329394,
              "geometry_meb_calls": 42366,
              "hwm_mib_sample": 2442.265625,
              "input_records": 190080,
              "k": 2,
              "max_chain_length": 8,
              "meb_calls": 42366,
              "meb_supports": 58734,
              "minimum_catalogue_records": 60552,
              "minimum_hits": 278666,
              "minimum_lookups": 329394,
              "no_op_connections": 82701,
              "normalized_anchors": 315121,
              "outcome": "complete_relative",
              "portal_requests": 33401,
              "query_leaves": 71811,
              "query_nodes": 2029277,
              "query_range_skips": 44719,
              "read_ms": 12.213558,
              "release_ms": 0.000881,
              "rss_mib_sample": 1476.230469,
              "singleton_intruder_resolutions": 26582,
              "successor_steps": 4247874,
              "terminal_coverage_points": 16000,
              "terminal_direct": 33401,
              "terminal_roots": 1
            },
            {
              "alias_hits": 0,
              "aliases": 0,
              "build_ms": 1600.813126,
              "cache_hits": 39186,
              "cache_inserts": 106418,
              "cache_lookups": 145604,
              "cache_skips": 0,
              "certificate_digest": "c6b1e965db1bd56b66a17731f266ba2aae91eeded094f752e8aa837e0e7fc91e",
              "certificate_minima": 129528,
              "certificate_nodes": 220973,
              "certificate_parent_refs": 220972,
              "chain_steps": 36368,
              "connection_catalogue_records": 223274,
              "digest_ms": 63.732019,
              "direct_lookups": 117374,
              "expand_ms": 90.326259,
              "face_visits": 636619,
              "geometry_meb_calls": 142786,
              "hwm_mib_sample": 2442.265625,
              "input_records": 352802,
              "k": 3,
              "max_chain_length": 9,
              "meb_calls": 142786,
              "meb_supports": 574871,
              "minimum_catalogue_records": 129528,
              "minimum_hits": 491015,
              "minimum_lookups": 636619,
              "no_op_connections": 131825,
              "normalized_anchors": 597407,
              "outcome": "complete_relative",
              "portal_requests": 106418,
              "query_leaves": 292121,
              "query_nodes": 7705924,
              "query_range_skips": 214053,
              "read_ms": 37.072428,
              "release_ms": 0.001053,
              "rss_mib_sample": 1525.863281,
              "singleton_intruder_resolutions": 81006,
              "successor_steps": 8750148,
              "terminal_coverage_points": 16000,
              "terminal_direct": 106418,
              "terminal_roots": 1
            },
            {
              "alias_hits": 0,
              "aliases": 0,
              "build_ms": 3287.243028,
              "cache_hits": 65318,
              "cache_inserts": 215271,
              "cache_lookups": 280589,
              "cache_skips": 0,
              "certificate_digest": "027173729f3009dec0d243be2629ef9b45e9755d888ba2c506dee5dcb43cbfb7",
              "certificate_minima": 223274,
              "certificate_nodes": 374508,
              "certificate_parent_refs": 374507,
              "chain_steps": 85488,
              "connection_catalogue_records": 340917,
              "digest_ms": 131.201083,
              "direct_lookups": 243588,
              "expand_ms": 109.776393,
              "face_visits": 1040859,
              "geometry_meb_calls": 300759,
              "hwm_mib_sample": 2442.265625,
              "input_records": 564191,
              "k": 4,
              "max_chain_length": 11,
              "meb_calls": 300759,
              "meb_supports": 2801750,
              "minimum_catalogue_records": 223274,
              "minimum_hits": 760270,
              "minimum_lookups": 1040859,
              "no_op_connections": 189680,
              "normalized_anchors": 966921,
              "outcome": "complete_relative",
              "portal_requests": 215271,
              "query_leaves": 668697,
              "query_nodes": 17791938,
              "query_range_skips": 623080,
              "read_ms": 85.239463,
              "release_ms": 1.587664,
              "rss_mib_sample": 1530.042969,
              "singleton_intruder_resolutions": 158100,
              "successor_steps": 14857383,
              "terminal_coverage_points": 16000,
              "terminal_direct": 215271,
              "terminal_roots": 1
            },
            {
              "alias_hits": 0,
              "aliases": 0,
              "build_ms": 5834.290287,
              "cache_hits": 93802,
              "cache_inserts": 358875,
              "cache_lookups": 452677,
              "cache_skips": 0,
              "certificate_digest": "789503e88c9fec55b38e00b960f49441b48ac386fceced112d91c2f8730140e5",
              "certificate_minima": 340917,
              "certificate_nodes": 566673,
              "certificate_parent_refs": 566672,
              "chain_steps": 160173,
              "connection_catalogue_records": 480681,
              "digest_ms": 211.462766,
              "direct_lookups": 416150,
              "expand_ms": 122.993964,
              "face_visits": 1536063,
              "geometry_meb_calls": 519048,
              "hwm_mib_sample": 2442.265625,
              "input_records": 821598,
              "k": 5,
              "max_chain_length": 15,
              "meb_calls": 519048,
              "meb_supports": 9658642,
              "minimum_catalogue_records": 340917,
              "minimum_hits": 1083386,
              "minimum_lookups": 1536063,
              "no_op_connections": 254917,
              "normalized_anchors": 1418162,
              "outcome": "complete_relative",
              "portal_requests": 358875,
              "query_leaves": 1212447,
              "query_nodes": 33153096,
              "query_range_skips": 1384734,
              "read_ms": 139.988625,
              "release_ms": 1.587082,
              "rss_mib_sample": 1549.234375,
              "singleton_intruder_resolutions": 255977,
              "successor_steps": 22502841,
              "terminal_coverage_points": 16000,
              "terminal_direct": 358875,
              "terminal_roots": 1
            },
            {
              "alias_hits": 0,
              "aliases": 0,
              "build_ms": 9980.281811,
              "cache_hits": 127350,
              "cache_inserts": 538023,
              "cache_lookups": 665373,
              "cache_skips": 0,
              "certificate_digest": "43ee898e61c9b0cd1519d2fe3e692d75167c6af8caddc124f58c02134c031071",
              "certificate_minima": 480681,
              "certificate_nodes": 795172,
              "certificate_parent_refs": 795171,
              "chain_steps": 260667,
              "connection_catalogue_records": 644417,
              "digest_ms": 319.196596,
              "direct_lookups": 635843,
              "expand_ms": 152.912047,
              "face_visits": 2125710,
              "geometry_meb_calls": 798690,
              "hwm_mib_sample": 2442.265625,
              "input_records": 1125098,
              "k": 6,
              "max_chain_length": 16,
              "meb_calls": 798690,
              "meb_supports": 26945734,
              "minimum_catalogue_records": 480681,
              "minimum_hits": 1460337,
              "minimum_lookups": 2125710,
              "no_op_connections": 329920,
              "normalized_anchors": 1955892,
              "outcome": "complete_relative",
              "portal_requests": 538023,
              "query_leaves": 1929056,
              "query_nodes": 54516633,
              "query_range_skips": 2604864,
              "read_ms": 229.309948,
              "release_ms": 0.823067,
              "rss_mib_sample": 1680.074219,
              "singleton_intruder_resolutions": 375176,
              "successor_steps": 31773905,
              "terminal_coverage_points": 16000,
              "terminal_direct": 538023,
              "terminal_roots": 1
            },
            {
              "alias_hits": 0,
              "aliases": 0,
              "build_ms": 14890.921619,
              "cache_hits": 162839,
              "cache_inserts": 748838,
              "cache_lookups": 911677,
              "cache_skips": 0,
              "certificate_digest": "ba7758144f2be4eb23b4cf358ffc5f32b4b49251c3d8753dbf639a6abee56c65",
              "certificate_minima": 644417,
              "certificate_nodes": 1063004,
              "certificate_parent_refs": 1063003,
              "chain_steps": 390141,
              "connection_catalogue_records": 829114,
              "digest_ms": 435.610739,
              "direct_lookups": 902069,
              "expand_ms": 155.641602,
              "face_visits": 2802839,
              "geometry_meb_calls": 1138979,
              "hwm_mib_sample": 2442.265625,
              "input_records": 1473531,
              "k": 7,
              "max_chain_length": 15,
              "meb_calls": 1138979,
              "meb_supports": 65015669,
              "minimum_catalogue_records": 644417,
              "minimum_hits": 1891162,
              "minimum_lookups": 2802839,
              "no_op_connections": 410522,
              "normalized_anchors": 2572329,
              "outcome": "complete_relative",
              "portal_requests": 748838,
              "query_leaves": 2821346,
              "query_nodes": 82451107,
              "query_range_skips": 4384139,
              "read_ms": 329.626554,
              "release_ms": 5.055597,
              "rss_mib_sample": 1704.550781,
              "singleton_intruder_resolutions": 511928,
              "successor_steps": 42668652,
              "terminal_coverage_points": 16000,
              "terminal_direct": 748838,
              "terminal_roots": 1
            },
            {
              "alias_hits": 0,
              "aliases": 0,
              "build_ms": 22558.782624,
              "cache_hits": 201922,
              "cache_inserts": 994580,
              "cache_lookups": 1196502,
              "cache_skips": 0,
              "certificate_digest": "dbfe6ece0e1c2448401a22219e4345c9ca3b70bfa2d7b7fa57e1d704910d82f1",
              "certificate_minima": 829114,
              "certificate_nodes": 1365188,
              "certificate_parent_refs": 1365187,
              "chain_steps": 549059,
              "connection_catalogue_records": 1036033,
              "digest_ms": 578.557235,
              "direct_lookups": 1217917,
              "expand_ms": 169.970307,
              "face_visits": 3567481,
              "geometry_meb_calls": 1543639,
              "hwm_mib_sample": 2442.265625,
              "input_records": 1865147,
              "k": 8,
              "max_chain_length": 17,
              "meb_calls": 1543639,
              "meb_supports": 141410221,
              "minimum_catalogue_records": 829114,
              "minimum_hits": 2370979,
              "minimum_lookups": 3567481,
              "no_op_connections": 499955,
              "normalized_anchors": 3268368,
              "outcome": "complete_relative",
              "portal_requests": 994580,
              "query_leaves": 3898486,
              "query_nodes": 117781799,
              "query_range_skips": 6833895,
              "read_ms": 476.762961,
              "release_ms": 1.314835,
              "rss_mib_sample": 1805.285156,
              "singleton_intruder_resolutions": 668858,
              "successor_steps": 55049735,
              "terminal_coverage_points": 16000,
              "terminal_direct": 994580,
              "terminal_roots": 1
            },
            {
              "alias_hits": 0,
              "aliases": 0,
              "build_ms": 34998.889487,
              "cache_hits": 199473,
              "cache_inserts": 1000000,
              "cache_lookups": 1518196,
              "cache_skips": 318723,
              "certificate_digest": "906375b121091d2f078cb31c34450f246d60903a95646547010ec9aa90da13f9",
              "certificate_minima": 1036033,
              "certificate_nodes": 1704277,
              "certificate_parent_refs": 1704276,
              "chain_steps": 758774,
              "connection_catalogue_records": 1265886,
              "digest_ms": 748.411116,
              "direct_lookups": 1636930,
              "expand_ms": 200.392011,
              "face_visits": 4423545,
              "geometry_meb_calls": 2077497,
              "hwm_mib_sample": 2450.167969,
              "input_records": 2301919,
              "k": 9,
              "max_chain_length": 19,
              "meb_calls": 2077497,
              "meb_supports": 291808306,
              "minimum_catalogue_records": 1036033,
              "minimum_hits": 2905349,
              "minimum_lookups": 4423545,
              "no_op_connections": 597640,
              "normalized_anchors": 4048456,
              "outcome": "complete_relative",
              "portal_requests": 1318723,
              "query_leaves": 5338921,
              "query_nodes": 167107338,
              "query_range_skips": 10384894,
              "read_ms": 637.758227,
              "release_ms": 1.659457,
              "rss_mib_sample": 1882.363281,
              "singleton_intruder_resolutions": 878156,
              "successor_steps": 69214164,
              "terminal_coverage_points": 16000,
              "terminal_direct": 1318723,
              "terminal_roots": 1
            },
            {
              "alias_hits": 0,
              "aliases": 0,
              "build_ms": 53307.73099,
              "cache_hits": 194005,
              "cache_inserts": 1000000,
              "cache_lookups": 1871518,
              "cache_skips": 677513,
              "certificate_digest": "68cef44d8d4d019d6ab55208d5ac9b6ff70301c7609e9b000d021cae530430b7",
              "certificate_minima": 1265886,
              "certificate_nodes": 2081240,
              "certificate_parent_refs": 2081239,
              "chain_steps": 1000201,
              "connection_catalogue_records": 1516314,
              "digest_ms": 933.099426,
              "direct_lookups": 2106842,
              "expand_ms": 203.908144,
              "face_visits": 5364572,
              "geometry_meb_calls": 2677714,
              "hwm_mib_sample": 2652.40625,
              "input_records": 2782200,
              "k": 10,
              "max_chain_length": 18,
              "meb_calls": 2677714,
              "meb_supports": 556331662,
              "minimum_catalogue_records": 1265886,
              "minimum_hits": 3493054,
              "minimum_lookups": 5364572,
              "no_op_connections": 700959,
              "normalized_anchors": 4905494,
              "outcome": "complete_relative",
              "portal_requests": 1677513,
              "query_leaves": 6978096,
              "query_nodes": 225454868,
              "query_range_skips": 14880111,
              "read_ms": 835.947156,
              "release_ms": 1.911468,
              "rss_mib_sample": 1961.625,
              "singleton_intruder_resolutions": 1106641,
              "successor_steps": 85034894,
              "terminal_coverage_points": 16000,
              "terminal_direct": 1677513,
              "terminal_roots": 1
            }
          ],
          "outcome": "complete_relative",
          "raw_sha256": "bb69d0f568f006400f16ed5261f978dc5b42432768b5aa5f2f6b0b53be6968c6",
          "reason": "full_horizontal_relative_to_supplied_complete_exact_regular_gabriel_catalogues",
          "receipt_sha256": "3fa6dcb5f43de1672fe09761e37524b559681d06b6c080c571a2598cddb1439d",
          "s": 8,
          "stage_ms": {
            "census": 14979.589681,
            "count": 76.772771,
            "digest": 3445.196665,
            "expand": 1348.438246,
            "full": 147264.254026,
            "generation": 124863.687178,
            "index": 4.361301,
            "input": 3.872938,
            "prefilter": 20891.008783,
            "read": 2786.824514,
            "regularity": 32.724783,
            "release": 26.611664,
            "rle": 3579.784642
          },
          "status": "completed_relative",
          "successful_orders_diagnostic": 10
        }
      ],
      "capture_status": "completed",
      "input_comparison_to_8k": "not_applicable_distinct_cloud_size",
      "path": "/workspaces/E-HGP/build/v7_full_lazy_20260905_probe_controller/heavy_scale16_resume/receipt.json",
      "phase": "scale16",
      "sha256": "d3656155eabab7771ebccb32d6e72474d43b0932aaa109de20b421a8f8358c43"
    },
    {
      "all_successful": false,
      "attempts": [
        {
          "alias_policy": "lazy",
          "attempt_id": "n32000_s8_k10_lazy_c1000000",
          "attempt_success": false,
          "available_artifacts": [
            "n32000_s8_k10_lazy_c1000000.command.json",
            "n32000_s8_k10_lazy_c1000000.intent.json",
            "n32000_s8_k10_lazy_c1000000.judge_normal.command.json",
            "n32000_s8_k10_lazy_c1000000.judge_normal.intent.json",
            "n32000_s8_k10_lazy_c1000000.judge_normal.stderr",
            "n32000_s8_k10_lazy_c1000000.judge_normal.stdout",
            "n32000_s8_k10_lazy_c1000000.judge_optimized.command.json",
            "n32000_s8_k10_lazy_c1000000.judge_optimized.intent.json",
            "n32000_s8_k10_lazy_c1000000.judge_optimized.stderr",
            "n32000_s8_k10_lazy_c1000000.judge_optimized.stdout",
            "n32000_s8_k10_lazy_c1000000.raw.txt",
            "n32000_s8_k10_lazy_c1000000.receipt.json",
            "n32000_s8_k10_lazy_c1000000.sources_after.json",
            "n32000_s8_k10_lazy_c1000000.sources_before.json",
            "n32000_s8_k10_lazy_c1000000.verdict.json"
          ],
          "cache_entries": 1000000,
          "certificate_digest": "",
          "command_elapsed_seconds": 548.8842955309997,
          "complete_elapsed_before_terminal_ms": null,
          "exit_code": 2,
          "first_c_supplement": {
            "alias_policy": "lazy",
            "attempt_success": false,
            "cache_entries": 1000000,
            "refused_lazy_orders_bounded": 1,
            "requires_frozen_v2_judge_sha256": "8d8a612aa973cb79e60e97a6675f63684ddd8892cfc550716c20620c4d6930ef",
            "scope": "first_C_counter_supplement_not_v2_replacement_or_oracle",
            "successful_lazy_orders_checked": 8,
            "successful_orders_diagnostic": 8,
            "supplement_status": "valid"
          },
          "front": {
            "alive_peak_rects": 3299472,
            "ball_capacity_observed": 13502432,
            "candidate_capacity_observed": 13638826,
            "census_balls": 13502432,
            "census_merge_peak_bytes": 3024544768,
            "census_query_nodes": 1342577606,
            "emitted_at_refus": 0,
            "frontier_ledger_closed": true,
            "generation_cap_refus": 0,
            "invariant_jneg": 0,
            "ledger_q2_emitted": 1361973,
            "ledger_q2_killed": 510622027,
            "ledger_q3_emitted": 4942101,
            "ledger_q3_killed": 507041899,
            "ledger_q4_emitted": 5850633,
            "ledger_q4_killed": 506133367,
            "pair_mass_expected_per_lane": 511984000,
            "prefilter_query_nodes": 1323033662,
            "q4_completions": 173567481,
            "q4_core_site_tests": 961412819,
            "rank_relevant_extra_shell": 0,
            "rank_window_regular": true,
            "raw_candidates": 13638826,
            "unique_candidates": 13638826,
            "wave_peak_tasks": 1726388,
            "wspd_corner_evals": 763761400,
            "wspd_witness_nodes": 2974511990
          },
          "input_digest": "78b5dd1c4c244004dd801088efdb8a0d5ec638a6b37328ecb987939dde99805b",
          "max_rss_kib": 5130376,
          "n": 32000,
          "observed_elapsed_before_terminal_ms_diagnostic": 548857.375439,
          "orders": [
            {
              "alias_hits": 0,
              "aliases": 0,
              "build_ms": 235.874431,
              "cache_hits": 0,
              "cache_inserts": 0,
              "cache_lookups": 0,
              "cache_skips": 0,
              "certificate_digest": "61071fb706d94dfaecbcdf41d7b9b5e7d35074f0181d8513f1a076268a773e51",
              "certificate_minima": 32000,
              "certificate_nodes": 63988,
              "certificate_parent_refs": 63987,
              "chain_steps": 0,
              "connection_catalogue_records": 122400,
              "digest_ms": 8.530342,
              "direct_lookups": 0,
              "expand_ms": 136.105377,
              "face_visits": 244800,
              "geometry_meb_calls": 0,
              "hwm_mib_sample": 5010.132812,
              "input_records": 122400,
              "k": 1,
              "max_chain_length": 0,
              "meb_calls": 0,
              "meb_supports": 0,
              "minimum_catalogue_records": 0,
              "minimum_hits": 244800,
              "minimum_lookups": 244800,
              "no_op_connections": 90353,
              "normalized_anchors": 244847,
              "outcome": "complete_relative",
              "portal_requests": 0,
              "query_leaves": 0,
              "query_nodes": 0,
              "query_range_skips": 0,
              "read_ms": 4.630312,
              "release_ms": 0.00033,
              "rss_mib_sample": 2934.265625,
              "singleton_intruder_resolutions": 0,
              "successor_steps": 2198115,
              "terminal_coverage_points": 32000,
              "terminal_direct": 0,
              "terminal_roots": 1
            },
            {
              "alias_hits": 0,
              "aliases": 0,
              "build_ms": 1470.425992,
              "cache_hits": 35597,
              "cache_inserts": 68496,
              "cache_lookups": 104093,
              "cache_skips": 0,
              "certificate_digest": "4f5426a61e94acc719166608f050b4bf6eb63c377442012dcf43b1be43cb5e26",
              "certificate_minima": 122400,
              "certificate_nodes": 217050,
              "certificate_parent_refs": 217049,
              "chain_steps": 18138,
              "connection_catalogue_records": 264458,
              "digest_ms": 52.446864,
              "direct_lookups": 72672,
              "expand_ms": 174.381722,
              "face_visits": 672534,
              "geometry_meb_calls": 86634,
              "hwm_mib_sample": 5010.132812,
              "input_records": 386858,
              "k": 2,
              "max_chain_length": 7,
              "meb_calls": 86634,
              "meb_supports": 119799,
              "minimum_catalogue_records": 122400,
              "minimum_hits": 568441,
              "minimum_lookups": 672534,
              "no_op_connections": 169743,
              "normalized_anchors": 643815,
              "outcome": "complete_relative",
              "portal_requests": 68496,
              "query_leaves": 146747,
              "query_nodes": 4355930,
              "query_range_skips": 91174,
              "read_ms": 33.134156,
              "release_ms": 0.778774,
              "rss_mib_sample": 2996.300781,
              "singleton_intruder_resolutions": 54534,
              "successor_steps": 9095234,
              "terminal_coverage_points": 32000,
              "terminal_direct": 68496,
              "terminal_roots": 1
            },
            {
              "alias_hits": 0,
              "aliases": 0,
              "build_ms": 3892.566445,
              "cache_hits": 80665,
              "cache_inserts": 217388,
              "cache_lookups": 298053,
              "cache_skips": 0,
              "certificate_digest": "e94c60c1c5c298c94cddbe3b32b18b1edd902367178e2dfe5a6b75cf393ae4b7",
              "certificate_minima": 264458,
              "certificate_nodes": 451502,
              "certificate_parent_refs": 451501,
              "chain_steps": 74241,
              "connection_catalogue_records": 456246,
              "digest_ms": 134.715523,
              "direct_lookups": 239258,
              "expand_ms": 197.328894,
              "face_visits": 1303011,
              "geometry_meb_calls": 291629,
              "hwm_mib_sample": 5010.132812,
              "input_records": 720704,
              "k": 3,
              "max_chain_length": 11,
              "meb_calls": 291629,
              "meb_supports": 1179080,
              "minimum_catalogue_records": 264458,
              "minimum_hits": 1004958,
              "minimum_lookups": 1303011,
              "no_op_connections": 269158,
              "normalized_anchors": 1223411,
              "outcome": "complete_relative",
              "portal_requests": 217388,
              "query_leaves": 596421,
              "query_nodes": 16410924,
              "query_range_skips": 435451,
              "read_ms": 86.939697,
              "release_ms": 0.590362,
              "rss_mib_sample": 3057.144531,
              "singleton_intruder_resolutions": 165017,
              "successor_steps": 18817197,
              "terminal_coverage_points": 32000,
              "terminal_direct": 217388,
              "terminal_roots": 1
            },
            {
              "alias_hits": 0,
              "aliases": 0,
              "build_ms": 7514.93399,
              "cache_hits": 134162,
              "cache_inserts": 442156,
              "cache_lookups": 576318,
              "cache_skips": 0,
              "certificate_digest": "387175026ead4b88d5f58c437453fef37ce38a5da770a769a8a8e75baeac2778",
              "certificate_minima": 456246,
              "certificate_nodes": 765219,
              "certificate_parent_refs": 765218,
              "chain_steps": 177711,
              "connection_catalogue_records": 697655,
              "digest_ms": 267.049572,
              "direct_lookups": 501350,
              "expand_ms": 244.09802,
              "face_visits": 2132303,
              "geometry_meb_calls": 619867,
              "hwm_mib_sample": 5010.132812,
              "input_records": 1153901,
              "k": 4,
              "max_chain_length": 15,
              "meb_calls": 619867,
              "meb_supports": 5789255,
              "minimum_catalogue_records": 456246,
              "minimum_hits": 1555985,
              "minimum_lookups": 2132303,
              "no_op_connections": 388646,
              "normalized_anchors": 1981392,
              "outcome": "complete_relative",
              "portal_requests": 442156,
              "query_leaves": 1376870,
              "query_nodes": 38161012,
              "query_range_skips": 1282684,
              "read_ms": 173.648463,
              "release_ms": 0.88931,
              "rss_mib_sample": 3167.953125,
              "singleton_intruder_resolutions": 323639,
              "successor_steps": 31873480,
              "terminal_coverage_points": 32000,
              "terminal_direct": 442156,
              "terminal_roots": 1
            },
            {
              "alias_hits": 0,
              "aliases": 0,
              "build_ms": 13411.523901,
              "cache_hits": 194903,
              "cache_inserts": 740331,
              "cache_lookups": 935234,
              "cache_skips": 0,
              "certificate_digest": "1953570759545a60666d2c986d438d02421ef33a916a93bd85e7de2ed814d4fb",
              "certificate_minima": 697655,
              "certificate_nodes": 1160114,
              "certificate_parent_refs": 1160113,
              "chain_steps": 333752,
              "connection_catalogue_records": 987619,
              "digest_ms": 424.368735,
              "direct_lookups": 860037,
              "expand_ms": 274.787655,
              "face_visits": 3157659,
              "geometry_meb_calls": 1074083,
              "hwm_mib_sample": 5010.132812,
              "input_records": 1685274,
              "k": 5,
              "max_chain_length": 11,
              "meb_calls": 1074083,
              "meb_supports": 20012496,
              "minimum_catalogue_records": 697655,
              "minimum_hits": 2222425,
              "minimum_lookups": 3157659,
              "no_op_connections": 525120,
              "normalized_anchors": 2917132,
              "outcome": "complete_relative",
              "portal_requests": 740331,
              "query_leaves": 2505441,
              "query_nodes": 71257893,
              "query_range_skips": 2863090,
              "read_ms": 299.569982,
              "release_ms": 3.09627,
              "rss_mib_sample": 3180.617188,
              "singleton_intruder_resolutions": 526285,
              "successor_steps": 48365773,
              "terminal_coverage_points": 32000,
              "terminal_direct": 740331,
              "terminal_roots": 1
            },
            {
              "alias_hits": 0,
              "aliases": 0,
              "build_ms": 21270.054179,
              "cache_hits": 243837,
              "cache_inserts": 1000000,
              "cache_lookups": 1376091,
              "cache_skips": 132254,
              "certificate_digest": "a04669c7f1dc1141fefda8b9edaabd9e5dab7b663d64d0b6ef8d0eb866d81882",
              "certificate_minima": 987619,
              "certificate_nodes": 1634037,
              "certificate_parent_refs": 1634036,
              "chain_steps": 555208,
              "connection_catalogue_records": 1326831,
              "digest_ms": 642.772747,
              "direct_lookups": 1342746,
              "expand_ms": 318.804364,
              "face_visits": 4379645,
              "geometry_meb_calls": 1687462,
              "hwm_mib_sample": 5010.132812,
              "input_records": 2314450,
              "k": 6,
              "max_chain_length": 14,
              "meb_calls": 1687462,
              "meb_supports": 57018386,
              "minimum_catalogue_records": 987619,
              "minimum_hits": 3003554,
              "minimum_lookups": 4379645,
              "no_op_connections": 680382,
              "normalized_anchors": 4031116,
              "outcome": "complete_relative",
              "portal_requests": 1132254,
              "query_leaves": 4073893,
              "query_nodes": 119853314,
              "query_range_skips": 5505791,
              "read_ms": 469.259475,
              "release_ms": 1.540195,
              "rss_mib_sample": 3315.929688,
              "singleton_intruder_resolutions": 787538,
              "successor_steps": 68672942,
              "terminal_coverage_points": 32000,
              "terminal_direct": 1132254,
              "terminal_roots": 1
            },
            {
              "alias_hits": 0,
              "aliases": 0,
              "build_ms": 33375.614746,
              "cache_hits": 232548,
              "cache_inserts": 1000000,
              "cache_lookups": 1895591,
              "cache_skips": 663043,
              "certificate_digest": "db9fa5f4d3b21ebd42025ab850156506c5dd8c0bf3e7569b2d57911034b00ddd",
              "certificate_minima": 1326831,
              "certificate_nodes": 2189380,
              "certificate_parent_refs": 2189379,
              "chain_steps": 861485,
              "connection_catalogue_records": 1714020,
              "digest_ms": 917.799207,
              "direct_lookups": 2002105,
              "expand_ms": 351.154917,
              "face_visits": 5795194,
              "geometry_meb_calls": 2524528,
              "hwm_mib_sample": 5010.132812,
              "input_records": 3040851,
              "k": 7,
              "max_chain_length": 22,
              "meb_calls": 2524528,
              "meb_supports": 143911102,
              "minimum_catalogue_records": 1326831,
              "minimum_hits": 3899603,
              "minimum_lookups": 5795194,
              "no_op_connections": 851430,
              "normalized_anchors": 5321685,
              "outcome": "complete_relative",
              "portal_requests": 1663043,
              "query_leaves": 6254182,
              "query_nodes": 190711005,
              "query_range_skips": 9720860,
              "read_ms": 707.172923,
              "release_ms": 1.879579,
              "rss_mib_sample": 3406.835938,
              "singleton_intruder_resolutions": 1140620,
              "successor_steps": 92538397,
              "terminal_coverage_points": 32000,
              "terminal_direct": 1663043,
              "terminal_roots": 1
            },
            {
              "alias_hits": 0,
              "aliases": 0,
              "build_ms": 50672.626128,
              "cache_hits": 220985,
              "cache_inserts": 1000000,
              "cache_lookups": 2492433,
              "cache_skips": 1271448,
              "certificate_digest": "a302f2b18250e7994078675c7ab328313a9088542f6fceb17c6df83483920c38",
              "certificate_minima": 1714020,
              "certificate_nodes": 2824028,
              "certificate_parent_refs": 2824027,
              "chain_steps": 1225056,
              "connection_catalogue_records": 2149486,
              "digest_ms": 1239.136429,
              "direct_lookups": 2769036,
              "expand_ms": 416.319931,
              "face_visits": 7404183,
              "geometry_meb_calls": 3496504,
              "hwm_mib_sample": 5010.132812,
              "input_records": 3863506,
              "k": 8,
              "max_chain_length": 19,
              "meb_calls": 3496504,
              "meb_supports": 318856964,
              "minimum_catalogue_records": 1714020,
              "minimum_hits": 4911750,
              "minimum_lookups": 7404183,
              "no_op_connections": 1039442,
              "normalized_anchors": 6788309,
              "outcome": "complete_relative",
              "portal_requests": 2271448,
              "query_leaves": 8852186,
              "query_nodes": 278689662,
              "query_range_skips": 15496046,
              "read_ms": 1023.993754,
              "release_ms": 2.337734,
              "rss_mib_sample": 3510.539062,
              "singleton_intruder_resolutions": 1543980,
              "successor_steps": 119950564,
              "terminal_coverage_points": 32000,
              "terminal_direct": 2271448,
              "terminal_roots": 1
            },
            {
              "alias_hits": 0,
              "aliases": 0,
              "build_ms": 65048.695771,
              "cache_hits": 209865,
              "cache_inserts": 1000000,
              "cache_lookups": 2523497,
              "cache_skips": 1313632,
              "certificate_digest": "",
              "certificate_minima": 0,
              "certificate_nodes": 0,
              "certificate_parent_refs": 0,
              "chain_steps": 1104398,
              "connection_catalogue_records": 2630249,
              "digest_ms": 0.0,
              "direct_lookups": 2723335,
              "expand_ms": 447.327799,
              "face_visits": 7833791,
              "geometry_meb_calls": 3418030,
              "hwm_mib_sample": 5010.132812,
              "input_records": 4779735,
              "k": 9,
              "max_chain_length": 15,
              "meb_calls": 3418030,
              "meb_supports": 468091590,
              "minimum_catalogue_records": 2149486,
              "minimum_hits": 5310293,
              "minimum_lookups": 7833791,
              "no_op_connections": 1003202,
              "normalized_anchors": 7105251,
              "outcome": "resource_exhausted",
              "portal_requests": 2313632,
              "query_leaves": 8873325,
              "query_nodes": 279909313,
              "query_range_skips": 16935883,
              "read_ms": 0.0,
              "release_ms": 0.0,
              "rss_mib_sample": 3878.621094,
              "singleton_intruder_resolutions": 1618937,
              "successor_steps": 128000000,
              "terminal_coverage_points": 0,
              "terminal_direct": 2313632,
              "terminal_roots": 0
            }
          ],
          "outcome": "resource_exhausted",
          "raw_sha256": "6a0447f8f777fec17a90d2b109500628b71332457bb865f40a8586c30997813b",
          "reason": "full_gabriel_successor_budget",
          "receipt_sha256": "9f70b0c1fc6619062c5a1864632966d3905468e1f6c0e3a4778b810dbde1c167",
          "s": 8,
          "stage_ms": {
            "census": 33235.596185,
            "count": 158.32403,
            "digest": 3688.568595,
            "expand": 2560.311703,
            "full": 196892.318418,
            "generation": 256343.844431,
            "index": 8.102784,
            "input": 8.638724,
            "prefilter": 45067.867715,
            "read": 2798.354954,
            "regularity": 66.908428,
            "release": 19.71555,
            "rle": 7992.66618
          },
          "status": "refused_terminal",
          "successful_orders_diagnostic": 8
        }
      ],
      "capture_status": "completed",
      "input_comparison_to_8k": "not_applicable_distinct_cloud_size",
      "path": "/workspaces/E-HGP/build/v7_full_lazy_20260905_probe_controller/heavy_scale32_resume/receipt.json",
      "phase": "scale32",
      "sha256": "86e0f1b2739ef2b9e25305e6e515b17227e0bd34c7d79001671a8ed4f4e2afcf"
    }
  ],
  "schema": "mhgp7-full-lazy-mono-readonly-review-v1",
  "scope": "horizontal_relative_orders_not_integrated_inter_k_tower",
  "script_sha256": "3cfeead56198035ae3b8b0c0c9bef6248b6aeef960ffbbd0904875dd55a92550",
  "slo_claim": false,
  "statistical_speedup_qualified": false,
  "status": "closed_evidence_reviewed",
  "timing_scope": "elapsed_before_terminal_includes_digest_and_provisional_output; no_subtracted_SLO",
  "v2_judge_sha256": "8d8a612aa973cb79e60e97a6675f63684ddd8892cfc550716c20620c4d6930ef"
}
